wall_time,elapsed_s,F1_N,F2_N
2026-07-23T16:01:49.712,170.7086,-1.8373,-0.9579
2026-07-23T16:01:49.728,170.7086,-1.9352,-0.8991
2026-07-23T16:01:49.733,170.7086,-1.9352,-0.86
2026-07-23T16:01:49.733,170.7086,-1.8764,-0.9187
2026-07-23T16:01:49.759,170.7408,-1.8764,-0.8796
2026-07-23T16:01:49.759,170.7408,-1.9547,-0.8991
2026-07-23T16:01:49.759,170.7408,-1.8568,-0.8012
2026-07-23T16:01:49.792,170.7722,-1.896,-0.9187
2026-07-23T16:01:49.792,170.7722,-1.8764,-0.9187
2026-07-23T16:01:49.792,170.7722,-1.9156,-0.9187
2026-07-23T16:01:49.807,170.8074,-1.8373,-0.8404
2026-07-23T16:01:49.823,170.8074,-1.8568,-0.9579
2026-07-23T16:01:49.823,170.8074,-1.896,-0.86
2026-07-23T16:01:49.844,170.8355,-1.9156,-0.9187
2026-07-23T16:01:49.858,170.8355,-1.7785,-0.8796
2026-07-23T16:01:49.858,170.8486,-1.9156,-0.8796
2026-07-23T16:01:49.870,170.8684,-1.8764,-0.9579
2026-07-23T16:01:49.886,170.8684,-1.896,-0.8796
2026-07-23T16:01:49.886,170.8684,-1.8177,-0.8404
2026-07-23T16:01:49.902,170.9095,-1.9743,-0.8991
2026-07-23T16:01:49.919,170.9109,-1.8177,-0.86
2026-07-23T16:01:49.919,170.9144,-1.9156,-0.9187
2026-07-23T16:01:49.919,170.9144,-1.8764,-0.8208
2026-07-23T16:01:49.944,170.9457,-1.9547,-0.8991
2026-07-23T16:01:49.958,170.9457,-1.8568,-0.8991
2026-07-23T16:01:49.965,170.9457,-1.9547,-0.9383
2026-07-23T16:01:49.965,170.9457,-1.8764,-0.8404
2026-07-23T16:01:49.993,170.9771,-1.9547,-0.8796
2026-07-23T16:01:49.993,170.9771,-1.896,-0.9187
2026-07-23T16:01:49.996,170.9771,-1.9352,-0.8991
2026-07-23T16:01:50.012,171.0155,-1.9352,-0.8991
2026-07-23T16:01:50.025,171.0155,-1.8568,-0.8991
2026-07-23T16:01:50.028,171.0155,-1.8568,-0.86
2026-07-23T16:01:50.028,171.0417,-1.9156,-0.9383
2026-07-23T16:01:50.060,171.0417,-1.8764,-0.8404
2026-07-23T16:01:50.060,171.0417,-1.9352,-0.8991
2026-07-23T16:01:50.066,171.0572,-1.8568,-0.8991
2026-07-23T16:01:50.076,171.0889,-1.9352,-0.9187
2026-07-23T16:01:50.092,171.0889,-1.896,-0.8991
2026-07-23T16:01:50.092,171.0942,-1.8764,-0.9383
2026-07-23T16:01:50.108,171.1013,-1.896,-0.8991
2026-07-23T16:01:50.124,171.1282,-1.9156,-0.9579
2026-07-23T16:01:50.124,171.1282,-1.8764,-0.86
2026-07-23T16:01:50.145,171.1365,-1.8764,-0.9383
2026-07-23T16:01:50.152,171.1406,-1.9352,-0.86
2026-07-23T16:01:50.156,171.1688,-1.8177,-0.9579
2026-07-23T16:01:50.179,171.1688,-1.896,-0.9187
2026-07-23T16:01:50.186,171.1823,-1.8568,-0.86
2026-07-23T16:01:50.191,171.1849,-1.8373,-0.86
2026-07-23T16:01:50.207,171.2011,-1.7785,-0.86
2026-07-23T16:01:50.220,171.2168,-1.9156,-0.8991
2026-07-23T16:01:50.220,171.2168,-1.8177,-0.8796
2026-07-23T16:01:50.233,171.2243,-1.8568,-0.8208
2026-07-23T16:01:50.252,171.2487,-1.7785,-0.9187
2026-07-23T16:01:50.252,171.2487,-1.9156,-0.8796
2026-07-23T16:01:50.252,171.2487,-1.7981,-0.9383
2026-07-23T16:01:50.275,171.2681,-1.896,-0.8796
2026-07-23T16:01:50.285,171.3015,-1.7198,-0.9187
2026-07-23T16:01:50.300,171.3076,-1.9352,-0.86
2026-07-23T16:01:50.300,171.3076,-1.7981,-0.86
2026-07-23T16:01:50.300,171.3122,-1.896,-0.8796
2026-07-23T16:01:50.319,171.3122,-1.7785,-0.9187
2026-07-23T16:01:50.352,171.36,-1.9352,-0.8404
2026-07-23T16:01:50.352,171.36,-1.8568,-0.9383
2026-07-23T16:01:50.352,171.36,-1.9547,-0.7817
2026-07-23T16:01:50.363,171.36,-1.7589,-0.9383
2026-07-23T16:01:50.363,171.4003,-1.896,-0.8991
2026-07-23T16:01:50.400,171.4013,-1.7785,-0.8796
2026-07-23T16:01:50.400,171.4013,-1.9352,-0.86
2026-07-23T16:01:50.400,171.4074,-1.7981,-0.9187
2026-07-23T16:01:50.411,171.4074,-1.9156,-0.8991
2026-07-23T16:01:50.419,171.4074,-1.7785,-0.9187
2026-07-23T16:01:50.444,171.4392,-1.9547,-0.8404
2026-07-23T16:01:50.446,171.4392,-1.7589,-0.8991
2026-07-23T16:01:50.452,171.4392,-1.9352,-0.7621
2026-07-23T16:01:50.458,171.4553,-1.7785,-0.9579
2026-07-23T16:01:50.474,171.4885,-1.9547,-0.8404
2026-07-23T16:01:50.490,171.4955,-1.7981,-0.9187
2026-07-23T16:01:50.490,171.4955,-1.9352,-0.8991
2026-07-23T16:01:50.490,171.4955,-1.7589,-0.9383
2026-07-23T16:01:50.506,171.5193,-1.896,-0.8991
2026-07-23T16:01:50.538,171.5349,-1.7589,-0.8796
2026-07-23T16:01:50.538,171.5349,-1.9352,-0.8404
2026-07-23T16:01:50.539,171.54,-1.7198,-0.8796
2026-07-23T16:01:50.554,171.54,-1.8764,-0.86
2026-07-23T16:01:50.554,171.5682,-1.7394,-0.8404
2026-07-23T16:01:50.570,171.5682,-1.9156,-0.8796
2026-07-23T16:01:50.570,171.5827,-1.7198,-0.86
2026-07-23T16:01:50.591,171.5827,-1.896,-0.7817
2026-07-23T16:01:50.609,171.6145,-1.7394,-0.8208
2026-07-23T16:01:50.619,171.6145,-1.9352,-0.8796
2026-07-23T16:01:50.619,171.6145,-1.7002,-0.9187
2026-07-23T16:01:50.634,171.6302,-1.8373,-0.7817
2026-07-23T16:01:50.634,171.6621,-1.6806,-0.8796
2026-07-23T16:01:50.652,171.6621,-1.9352,-0.8012
2026-07-23T16:01:50.665,171.6677,-1.7198,-0.8991
2026-07-23T16:01:50.665,171.6677,-1.896,-0.86
2026-07-23T16:01:50.685,171.6677,-1.6415,-0.8796
2026-07-23T16:01:50.692,171.7014,-1.9352,-0.9187
2026-07-23T16:01:50.698,171.7014,-1.7002,-0.9187
2026-07-23T16:01:50.713,171.7099,-1.896,-0.9579
2026-07-23T16:01:50.718,171.7099,-1.7589,-0.86
2026-07-23T16:01:50.734,171.7423,-1.9743,-0.8404
2026-07-23T16:01:50.751,171.7423,-1.7785,-0.8991
2026-07-23T16:01:50.752,171.7423,-2.0331,-0.8991
2026-07-23T16:01:50.761,171.7423,-1.7981,-0.9383
2026-07-23T16:01:50.776,171.7736,-2.0331,-0.8991
2026-07-23T16:01:50.786,171.7736,-1.8177,-0.9187
2026-07-23T16:01:50.793,171.7736,-2.0135,-0.9187
2026-07-23T16:01:50.793,171.7893,-1.8764,-1.0166
2026-07-23T16:01:50.809,171.7969,-2.0722,-0.9579
2026-07-23T16:01:50.824,171.8211,-1.896,-0.9971
2026-07-23T16:01:50.824,171.8211,-1.9939,-0.8796
2026-07-23T16:01:50.848,171.8347,-1.9547,-0.9579
2026-07-23T16:01:50.856,171.8529,-2.0918,-0.9579
2026-07-23T16:01:50.872,171.8529,-1.9547,-0.9187
2026-07-23T16:01:50.872,171.8529,-2.131,-0.9187
2026-07-23T16:01:50.872,171.8689,-1.9352,-0.9775
2026-07-23T16:01:50.888,171.9014,-2.131,-0.9187
2026-07-23T16:01:50.904,171.9014,-1.9352,-0.9971
2026-07-23T16:01:50.904,171.9014,-2.1897,-0.9383
2026-07-23T16:01:50.920,171.9014,-1.9939,-0.9187
2026-07-23T16:01:50.920,171.9348,-2.1506,-0.9383
2026-07-23T16:01:50.948,171.9348,-1.9547,-0.8796
2026-07-23T16:01:50.952,171.9348,-2.0918,-0.9383
2026-07-23T16:01:50.952,171.9486,-1.9547,-0.9187
2026-07-23T16:01:50.968,171.9803,-2.0527,-0.9579
2026-07-23T16:01:50.986,171.9803,-1.9352,-0.8796
2026-07-23T16:01:50.986,171.9803,-2.1897,-0.9971
2026-07-23T16:01:50.999,171.9803,-1.9156,-0.9187
2026-07-23T16:01:50.999,172.0166,-2.1114,-0.9579
2026-07-23T16:01:51.026,172.0166,-1.9352,-0.9579
2026-07-23T16:01:51.031,172.0166,-2.0918,-0.9579
2026-07-23T16:01:51.031,172.0277,-1.9156,-0.9579
2026-07-23T16:01:51.064,172.0443,-2.131,-0.9383
2026-07-23T16:01:51.067,172.0587,-1.9743,-1.0166
2026-07-23T16:01:51.067,172.0598,-2.131,-0.9775
2026-07-23T16:01:51.078,172.0598,-1.9547,-0.8991
2026-07-23T16:01:51.095,172.0911,-2.131,-0.9187
2026-07-23T16:01:51.095,172.098,-1.9352,-0.9187
2026-07-23T16:01:51.111,172.1011,-2.131,-0.9775
2026-07-23T16:01:51.126,172.1232,-1.9743,-0.9187
2026-07-23T16:01:51.126,172.1347,-2.1897,-0.9579
2026-07-23T16:01:51.142,172.1347,-1.9352,-0.8991
2026-07-23T16:01:51.152,172.1388,-2.1701,-0.9187
2026-07-23T16:01:51.174,172.1682,-1.9156,-0.9383
2026-07-23T16:01:51.174,172.1682,-2.2093,-0.9579
2026-07-23T16:01:51.185,172.1708,-1.9352,-0.9775
2026-07-23T16:01:51.193,172.1708,-2.1897,-0.9383
2026-07-23T16:01:51.206,172.2024,-1.8764,-0.9775
2026-07-23T16:01:51.206,172.2024,-2.1897,-0.8796
2026-07-23T16:01:51.222,172.2024,-1.9743,-0.8404
2026-07-23T16:01:51.252,172.2344,-2.1897,-0.9579
2026-07-23T16:01:51.252,172.2344,-1.9352,-0.8991
2026-07-23T16:01:51.253,172.2344,-2.1506,-0.9383
2026-07-23T16:01:51.253,172.2344,-1.9547,-0.9187
2026-07-23T16:01:51.285,172.2681,-2.1701,-0.9579
2026-07-23T16:01:51.285,172.2681,-1.9743,-0.8012
2026-07-23T16:01:51.285,172.2815,-2.131,-0.9187
2026-07-23T16:01:51.300,172.3086,-1.9939,-0.7621
2026-07-23T16:01:51.319,172.3086,-2.1506,-0.8404
2026-07-23T16:01:51.319,172.3134,-1.9156,-0.7817
2026-07-23T16:01:51.332,172.344,-2.1114,-0.8012
2026-07-23T16:01:51.332,172.3455,-1.9547,-0.7425
2026-07-23T16:01:51.352,172.351,-2.0331,-0.7817
2026-07-23T16:01:51.364,172.351,-1.8764,-0.7621
2026-07-23T16:01:51.364,172.351,-2.0918,-0.7817
2026-07-23T16:01:51.385,172.3783,-1.9547,-0.7229
2026-07-23T16:01:51.385,172.3783,-1.9743,-0.7425
2026-07-23T16:01:51.402,172.3783,-1.9547,-0.7425
2026-07-23T16:01:51.419,172.4088,-2.0918,-0.7621
2026-07-23T16:01:51.429,172.4088,-1.8764,-0.7425
2026-07-23T16:01:51.429,172.4088,-2.0722,-0.7425
2026-07-23T16:01:51.444,172.4246,-1.896,-0.7425
2026-07-23T16:01:51.452,172.4407,-2.0527,-0.86
2026-07-23T16:01:51.460,172.4407,-1.896,-0.7621
2026-07-23T16:01:51.475,172.4566,-2.0722,-0.8404
2026-07-23T16:01:51.485,172.4884,-1.9743,-0.8208
2026-07-23T16:01:51.491,172.4884,-2.0918,-0.8404
2026-07-23T16:01:51.491,172.4884,-1.9547,-0.8012
2026-07-23T16:01:51.507,172.5199,-2.0722,-0.86
2026-07-23T16:01:51.526,172.5199,-1.9939,-0.8991
2026-07-23T16:01:51.526,172.5199,-2.0331,-0.8796
2026-07-23T16:01:51.539,172.5199,-1.9743,-0.86
2026-07-23T16:01:51.552,172.5591,-2.0722,-0.8796
2026-07-23T16:01:51.571,172.5591,-2.0135,-0.8012
2026-07-23T16:01:51.571,172.5678,-2.0527,-0.9383
2026-07-23T16:01:51.586,172.5678,-2.0135,-0.8404
2026-07-23T16:01:51.602,172.583,-2.0527,-0.9383
2026-07-23T16:01:51.602,172.583,-1.9352,-0.8404
2026-07-23T16:01:51.610,172.5998,-2.0135,-0.9187
2026-07-23T16:01:51.619,172.6013,-1.9352,-0.86
2026-07-23T16:01:51.634,172.6147,-2.0722,-0.8991
2026-07-23T16:01:51.634,172.6147,-1.9743,-0.8796
2026-07-23T16:01:51.652,172.6345,-1.9939,-0.9187
2026-07-23T16:01:51.652,172.6464,-1.9939,-0.86
2026-07-23T16:01:51.666,172.6464,-1.9743,-0.9383
2026-07-23T16:01:51.685,172.6624,-1.9547,-0.8796
2026-07-23T16:01:51.693,172.6843,-2.0331,-0.9579
2026-07-23T16:01:51.697,172.6843,-1.8764,-0.9383
2026-07-23T16:01:51.713,172.6941,-2.0135,-0.9775
2026-07-23T16:01:51.719,172.7103,-2.0918,-0.9187
2026-07-23T16:01:51.735,172.7103,-2.0527,-0.9579
2026-07-23T16:01:51.745,172.7258,-1.9547,-0.9383
2026-07-23T16:01:51.752,172.743,-2.0331,-0.9579
2026-07-23T16:01:51.761,172.743,-2.0135,-0.8208
2026-07-23T16:01:51.777,172.7575,-2.0722,-0.9383
2026-07-23T16:01:51.786,172.7735,-2.0135,-0.9383
2026-07-23T16:01:51.794,172.7735,-2.0527,-0.9579
2026-07-23T16:01:51.794,172.7735,-2.0331,-0.9383
2026-07-23T16:01:51.819,172.8094,-2.0918,-0.9187
2026-07-23T16:01:51.824,172.8094,-2.0135,-0.9187
2026-07-23T16:01:51.824,172.8209,-2.0722,-0.9775
2026-07-23T16:01:51.840,172.8209,-2.0135,-0.9383
2026-07-23T16:01:51.860,172.837,-2.0331,-0.9383
2026-07-23T16:01:51.860,172.8507,-2.0527,-0.9187
2026-07-23T16:01:51.872,172.8527,-2.0918,-0.9775
2026-07-23T16:01:51.885,172.868,-2.1701,-0.9775
2026-07-23T16:01:51.888,172.884,-2.1114,-0.9775
2026-07-23T16:01:51.904,172.884,-2.0527,-0.9579
2026-07-23T16:01:51.904,172.9012,-2.0918,-0.9971
2026-07-23T16:01:51.919,172.9012,-2.0722,-0.9383
2026-07-23T16:01:51.935,172.9162,-2.1114,-0.9579
2026-07-23T16:01:51.951,172.9345,-2.0331,-0.9383
2026-07-23T16:01:51.952,172.9345,-2.0135,-0.9775
2026-07-23T16:01:51.952,172.948,-2.0918,-0.9971
2026-07-23T16:01:51.967,172.976,-2.1114,-1.0166
2026-07-23T16:01:51.983,172.976,-2.131,-0.9775
2026-07-23T16:01:51.985,172.98,-2.0527,-0.9971
2026-07-23T16:01:51.999,172.98,-2.0918,-0.9579
2026-07-23T16:01:52.022,173.0018,-2.1701,-1.0166
2026-07-23T16:01:52.022,173.0118,-2.1114,-0.9579
2026-07-23T16:01:52.031,173.0345,-2.1114,-0.9775
2026-07-23T16:01:52.047,173.0437,-2.131,-1.0362
2026-07-23T16:01:52.053,173.0447,-2.1506,-0.9775
2026-07-23T16:01:52.063,173.049,-2.131,-1.0166
2026-07-23T16:01:52.085,173.075,-2.1506,-1.0754
2026-07-23T16:01:52.085,173.075,-2.1506,-1.0166
2026-07-23T16:01:52.094,173.075,-2.1897,-1.0166
2026-07-23T16:01:52.110,173.1023,-2.1897,-0.9383
2026-07-23T16:01:52.119,173.1023,-2.1701,-1.0558
2026-07-23T16:01:52.126,173.1068,-2.1701,-0.9971
2026-07-23T16:01:52.126,173.1348,-2.1506,-0.9775
2026-07-23T16:01:52.142,173.1388,-2.1701,-0.9775
2026-07-23T16:01:52.158,173.1429,-2.2093,-1.0166
2026-07-23T16:01:52.158,173.1429,-2.0527,-0.9971
2026-07-23T16:01:52.186,173.1708,-2.1897,-0.9775
2026-07-23T16:01:52.186,173.1708,-2.131,-1.0362
2026-07-23T16:01:52.194,173.1708,-2.1506,-1.0362
2026-07-23T16:01:52.206,173.2028,-2.1114,-1.0754
2026-07-23T16:01:52.222,173.2028,-2.1506,-1.0166
2026-07-23T16:01:52.222,173.2028,-2.0527,-1.0166
2026-07-23T16:01:52.222,173.2186,-2.1897,-0.9579
2026-07-23T16:01:52.254,173.2407,-2.1897,-1.0166
2026-07-23T16:01:52.254,173.2407,-2.1506,-1.0166
2026-07-23T16:01:52.254,173.2498,-2.131,-1.0558
2026-07-23T16:01:52.279,173.2681,-2.1114,-0.9971
2026-07-23T16:01:52.289,173.2681,-2.1114,-1.0362
2026-07-23T16:01:52.291,173.2681,-2.1506,-1.0166
2026-07-23T16:01:52.301,173.3033,-2.1897,-1.0166
2026-07-23T16:01:52.319,173.3033,-2.1701,-0.9971
2026-07-23T16:01:52.319,173.3096,-2.1506,-1.095
2026-07-23T16:01:52.332,173.3347,-2.1506,-1.0166
2026-07-23T16:01:52.352,173.3347,-2.1701,-1.0362
2026-07-23T16:01:52.354,173.3347,-2.1114,-0.9971
2026-07-23T16:01:52.364,173.345,-2.1506,-0.9971
2026-07-23T16:01:52.380,173.3679,-2.0527,-0.9775
2026-07-23T16:01:52.385,173.377,-2.0527,-1.0166
2026-07-23T16:01:52.396,173.377,-2.0331,-0.9187
2026-07-23T16:01:52.402,173.4098,-2.0918,-0.9579
2026-07-23T16:01:52.419,173.4098,-1.9743,-0.9579
2026-07-23T16:01:52.428,173.4098,-2.1506,-1.0362
2026-07-23T16:01:52.428,173.4098,-2.0135,-0.9579
2026-07-23T16:01:52.454,173.4409,-2.131,-0.9187
2026-07-23T16:01:52.454,173.4409,-2.0331,-0.9971
2026-07-23T16:01:52.461,173.4409,-2.0135,-0.9775
2026-07-23T16:01:52.476,173.4764,-2.0331,-0.9383
2026-07-23T16:01:52.486,173.4764,-2.0918,-1.0362
2026-07-23T16:01:52.492,173.4764,-2.0722,-0.9775
2026-07-23T16:01:52.507,173.5039,-2.3072,-0.9971
2026-07-23T16:01:52.519,173.5039,-2.0527,-0.8991
2026-07-23T16:01:52.523,173.5039,-2.0722,-0.8991
2026-07-23T16:01:52.539,173.5366,-2.0527,-0.9775
2026-07-23T16:01:52.552,173.5366,-2.0918,-1.0362
2026-07-23T16:01:52.555,173.5366,-2.0527,-0.9971
2026-07-23T16:01:52.555,173.5521,-2.1701,-1.0166
2026-07-23T16:01:52.587,173.5679,-2.131,-1.0166
2026-07-23T16:01:52.587,173.5836,-2.0722,-1.0558
2026-07-23T16:01:52.587,173.5836,-2.0918,-0.8991
2026-07-23T16:01:52.603,173.5836,-2.1506,-1.0362
2026-07-23T16:01:52.611,173.6151,-2.0918,-0.9579
2026-07-23T16:01:52.619,173.6151,-2.0918,-0.9971
2026-07-23T16:01:52.634,173.6151,-2.0722,-0.9775
2026-07-23T16:01:52.650,173.647,-2.1701,-0.9775
2026-07-23T16:01:52.666,173.647,-2.0918,-1.0166
2026-07-23T16:01:52.666,173.647,-2.131,-0.9383
2026-07-23T16:01:52.666,173.663,-2.1506,-0.9383
2026-07-23T16:01:52.686,173.6851,-2.131,-0.9971
2026-07-23T16:01:52.698,173.6947,-2.0722,-1.0166
2026-07-23T16:01:52.698,173.6947,-2.0135,-1.0362
2026-07-23T16:01:52.714,173.7301,-2.1114,-1.0166
2026-07-23T16:01:52.729,173.7312,-2.1701,-1.0166
2026-07-23T16:01:52.736,173.7332,-2.1114,-0.9971
2026-07-23T16:01:52.736,173.7346,-2.1506,-1.0362
2026-07-23T16:01:52.755,173.7422,-2.1701,-1.0166
2026-07-23T16:01:52.778,173.7743,-2.131,-1.0166
2026-07-23T16:01:52.779,173.7743,-2.0722,-0.9971
2026-07-23T16:01:52.785,173.7902,-2.1506,-1.095
2026-07-23T16:01:52.793,173.7902,-2.131,-0.9775
2026-07-23T16:01:52.793,173.8219,-2.1506,-1.0166
2026-07-23T16:01:52.809,173.8219,-2.1506,-1.0166
2026-07-23T16:01:52.825,173.8219,-2.1506,-1.0166
2026-07-23T16:01:52.825,173.8219,-2.131,-0.9971
2026-07-23T16:01:52.841,173.8377,-2.0918,-1.0166
2026-07-23T16:01:52.857,173.8673,-2.131,-0.9579
2026-07-23T16:01:52.873,173.8683,-2.1701,-0.9971
2026-07-23T16:01:52.873,173.8698,-2.131,-1.0166
2026-07-23T16:01:52.873,173.8704,-2.0918,-0.9187
2026-07-23T16:01:52.889,173.8939,-2.1506,-0.9775
2026-07-23T16:01:52.905,173.9014,-2.1114,-0.9971
2026-07-23T16:01:52.905,173.9053,-2.1506,-0.9971
2026-07-23T16:01:52.921,173.9053,-2.1114,-1.0362
2026-07-23T16:01:52.936,173.9356,-2.1701,-0.9775
2026-07-23T16:01:52.945,173.9356,-2.131,-1.095
2026-07-23T16:01:52.952,173.9356,-2.1897,-0.9971
2026-07-23T16:01:52.956,173.9679,-2.1114,-1.0362
2026-07-23T16:01:52.968,173.9679,-2.1506,-1.0166
2026-07-23T16:01:52.986,173.9679,-2.1114,-1.0362
2026-07-23T16:01:52.986,173.9772,-2.1114,-0.9971
2026-07-23T16:01:53.000,174.0013,-2.131,-0.9579
2026-07-23T16:01:53.016,174.0013,-2.1506,-0.9579
2026-07-23T16:01:53.019,174.0054,-2.1114,-1.0166
2026-07-23T16:01:53.032,174.0345,-2.1506,-1.0166
2026-07-23T16:01:53.048,174.0345,-2.0527,-0.9775
2026-07-23T16:01:53.056,174.0441,-2.2093,-0.9775
2026-07-23T16:01:53.070,174.0681,-2.0918,-0.9971
2026-07-23T16:01:53.079,174.0681,-2.1506,-0.8796
2026-07-23T16:01:53.085,174.0681,-2.1114,-1.0362
2026-07-23T16:01:53.095,174.0761,-2.131,-0.9579
2026-07-23T16:01:53.112,174.1021,-2.0722,-1.0166
2026-07-23T16:01:53.112,174.1059,-2.1114,-0.9775
2026-07-23T16:01:53.127,174.1079,-2.0918,-1.0166
2026-07-23T16:01:53.143,174.1393,-2.131,-1.0166
2026-07-23T16:01:53.143,174.144,-2.0918,-0.9971
2026-07-23T16:01:53.153,174.144,-2.1506,-0.9971
2026-07-23T16:01:53.159,174.171,-2.1506,-1.0362
2026-07-23T16:01:53.185,174.171,-2.131,-0.9579
2026-07-23T16:01:53.185,174.171,-2.0722,-0.9971
2026-07-23T16:01:53.195,174.171,-2.131,-0.9579
2026-07-23T16:01:53.206,174.203,-2.0722,-0.9971
2026-07-23T16:01:53.219,174.206,-2.1897,-0.9971
2026-07-23T16:01:53.222,174.206,-2.1114,-1.0166
2026-07-23T16:01:53.238,174.235,-2.131,-0.9383
2026-07-23T16:01:53.252,174.235,-2.1114,-1.0166
2026-07-23T16:01:53.257,174.235,-2.131,-0.9579
2026-07-23T16:01:53.257,174.235,-2.0722,-0.9971
2026-07-23T16:01:53.280,174.2691,-2.131,-1.0166
2026-07-23T16:01:53.286,174.2691,-2.1701,-1.0362
2026-07-23T16:01:53.286,174.2691,-2.131,-0.9775
2026-07-23T16:01:53.302,174.3016,-2.0722,-1.0166
2026-07-23T16:01:53.302,174.3062,-2.0918,-0.9971
2026-07-23T16:01:53.320,174.3106,-2.0722,-0.9971
2026-07-23T16:01:53.333,174.3348,-2.0722,-0.9971
2026-07-23T16:01:53.349,174.3348,-2.0722,-0.9775
2026-07-23T16:01:53.352,174.3348,-2.1114,-0.9971
2026-07-23T16:01:53.363,174.3454,-2.0918,-0.9775
2026-07-23T16:01:53.380,174.368,-2.0918,-0.9971
2026-07-23T16:01:53.380,174.368,-2.0722,-1.0362
2026-07-23T16:01:53.396,174.368,-2.1114,-0.9383
2026-07-23T16:01:53.403,174.3943,-2.0918,-0.9579
2026-07-23T16:01:53.412,174.3943,-2.1114,-0.8991
2026-07-23T16:01:53.419,174.4016,-2.0331,-1.0166
2026-07-23T16:01:53.445,174.4264,-2.0722,-1.0166
2026-07-23T16:01:53.445,174.4264,-2.0722,-0.9187
2026-07-23T16:01:53.452,174.4264,-2.131,-0.9579
2026-07-23T16:01:53.460,174.4573,-2.1506,-0.9775
2026-07-23T16:01:53.460,174.4573,-2.0722,-0.9775
2026-07-23T16:01:53.492,174.4775,-2.0722,-0.9579
2026-07-23T16:01:53.493,174.4775,-2.0722,-0.9579
2026-07-23T16:01:53.493,174.4775,-2.0527,-0.9775
2026-07-23T16:01:53.524,174.5074,-2.0918,-0.9579
2026-07-23T16:01:53.528,174.5074,-2.0331,-0.9775
2026-07-23T16:01:53.528,174.5202,-2.131,-0.9971
2026-07-23T16:01:53.539,174.5237,-2.0918,-0.9187
2026-07-23T16:01:53.558,174.5362,-2.0722,-0.9775
2026-07-23T16:01:53.558,174.5521,-2.0722,-0.9775
2026-07-23T16:01:53.574,174.5693,-2.0135,-1.0166
2026-07-23T16:01:53.574,174.5693,-2.0527,-0.9775
2026-07-23T16:01:53.587,174.5693,-2.0527,-1.0166
2026-07-23T16:01:53.603,174.5843,-2.0527,-1.0166
2026-07-23T16:01:53.612,174.6075,-2.0331,-0.8991
2026-07-23T16:01:53.620,174.6075,-2.0135,-0.9971
2026-07-23T16:01:53.620,174.6075,-2.0331,-1.0362
2026-07-23T16:01:53.654,174.6348,-1.9743,-0.9383
2026-07-23T16:01:53.654,174.6348,-2.0135,-1.0166
2026-07-23T16:01:53.667,174.6444,-1.9939,-0.9383
2026-07-23T16:01:53.667,174.6682,-1.9743,-0.9579
2026-07-23T16:01:53.686,174.6682,-1.9743,-0.8991
2026-07-23T16:01:53.695,174.6682,-1.9547,-1.0166
2026-07-23T16:01:53.698,174.7018,-1.9547,-0.9579
2026-07-23T16:01:53.714,174.7018,-1.9743,-0.9775
2026-07-23T16:01:53.719,174.7018,-1.9939,-0.9383
2026-07-23T16:01:53.746,174.7279,-1.9743,-0.9971
2026-07-23T16:01:53.746,174.7347,-1.9156,-0.9383
2026-07-23T16:01:53.759,174.7347,-1.896,-0.9775
2026-07-23T16:01:53.769,174.7578,-1.9156,-0.8991
2026-07-23T16:01:53.779,174.7578,-1.896,-0.9383
2026-07-23T16:01:53.785,174.7698,-1.9352,-0.8796
2026-07-23T16:01:53.793,174.7897,-1.8568,-0.9383
2026-07-23T16:01:53.809,174.7897,-1.9156,-0.7817
2026-07-23T16:01:53.809,174.7897,-1.8764,-0.9579
2026-07-23T16:01:53.840,174.8216,-1.9352,-0.86
2026-07-23T16:01:53.840,174.8216,-1.896,-0.9383
2026-07-23T16:01:53.840,174.8216,-1.9156,-0.9383
2026-07-23T16:01:53.853,174.8216,-1.8764,-0.9579
2026-07-23T16:01:53.872,174.853,-1.896,-0.8796
2026-07-23T16:01:53.872,174.853,-1.9352,-0.9579
2026-07-23T16:01:53.888,174.8683,-1.9547,-0.8796
2026-07-23T16:01:53.888,174.8841,-1.9156,-0.9187
2026-07-23T16:01:53.904,174.8841,-1.9156,-0.8991
2026-07-23T16:01:53.919,174.9084,-1.9156,-0.9383
2026-07-23T16:01:53.919,174.9084,-1.9547,-0.9383
2026-07-23T16:01:53.935,174.9158,-1.9547,-0.9187
2026-07-23T16:01:53.951,174.9367,-1.9939,-0.8991
2026-07-23T16:01:53.959,174.9367,-1.9352,-0.9383
2026-07-23T16:01:53.967,174.9474,-1.9156,-0.9187
2026-07-23T16:01:53.982,174.968,-1.896,-0.9187
2026-07-23T16:01:53.988,174.968,-1.9743,-0.9187
2026-07-23T16:01:53.988,174.9791,-1.8568,-0.9187
2026-07-23T16:01:53.998,175.0016,-1.9352,-0.9579
2026-07-23T16:01:54.014,175.0026,-1.8177,-0.9579
2026-07-23T16:01:54.019,175.0026,-1.9156,-0.8796
2026-07-23T16:01:54.030,175.0275,-1.6023,-0.9579
2026-07-23T16:01:54.046,175.0275,-1.9547,-0.9775
2026-07-23T16:01:54.053,175.035,-1.8373,-0.9775
2026-07-23T16:01:54.071,175.0615,-1.9352,-0.9775
2026-07-23T16:01:54.078,175.0615,-1.7394,-0.9579
2026-07-23T16:01:54.086,175.0615,-1.9743,-0.9187
2026-07-23T16:01:54.093,175.0919,-1.7981,-0.9579
2026-07-23T16:01:54.109,175.0919,-1.9352,-0.8991
2026-07-23T16:01:54.112,175.0919,-1.7394,-0.9383
2026-07-23T16:01:54.125,175.1219,-1.8764,-0.8991
2026-07-23T16:01:54.125,175.1219,-1.6415,-0.9579
2026-07-23T16:01:54.143,175.1219,-1.896,-0.8991
2026-07-23T16:01:54.153,175.1349,-1.6806,-0.9383
2026-07-23T16:01:54.160,175.154,-1.7589,-0.8991
2026-07-23T16:01:54.173,175.154,-1.6219,-0.9383
2026-07-23T16:01:54.186,175.1699,-1.7981,-0.8404
2026-07-23T16:01:54.196,175.1897,-1.6415,-0.8991
2026-07-23T16:01:54.205,175.1897,-1.7198,-0.8991
2026-07-23T16:01:54.205,175.1897,-1.6219,-0.8796
2026-07-23T16:01:54.224,175.2172,-1.7589,-0.8991
2026-07-23T16:01:54.241,175.2172,-1.5827,-0.9187
2026-07-23T16:01:54.241,175.2172,-1.7981,-0.8012
2026-07-23T16:01:54.268,175.2486,-1.6023,-0.8404
2026-07-23T16:01:54.268,175.2486,-1.7394,-0.8208
2026-07-23T16:01:54.268,175.2486,-1.5631,-0.9187
2026-07-23T16:01:54.286,175.2809,-1.7589,-0.86
2026-07-23T16:01:54.299,175.2809,-1.6023,-0.86
2026-07-23T16:01:54.299,175.2809,-1.7589,-0.8404
2026-07-23T16:01:54.321,175.31,-1.5827,-0.86
2026-07-23T16:01:54.321,175.312,-1.7589,-0.8208
2026-07-23T16:01:54.332,175.312,-1.5827,-0.9187
2026-07-23T16:01:54.347,175.3347,-1.7785,-0.86
2026-07-23T16:01:54.353,175.3435,-1.5827,-0.8012
2026-07-23T16:01:54.363,175.3479,-1.9547,-0.8208
2026-07-23T16:01:54.385,175.3679,-1.8568,-0.8991
2026-07-23T16:01:54.385,175.375,-2.131,-0.6642
2026-07-23T16:01:54.399,175.375,-1.9547,-0.7817
2026-07-23T16:01:54.404,175.4069,-2.1897,-0.8012
2026-07-23T16:01:54.419,175.4101,-1.8568,-0.7425
2026-07-23T16:01:54.419,175.4101,-2.1506,-0.7033
2026-07-23T16:01:54.442,175.4388,-1.9743,-0.7033
2026-07-23T16:01:54.444,175.4388,-2.1897,-0.6838
2026-07-23T16:01:54.461,175.4388,-1.9743,-0.7817
2026-07-23T16:01:54.461,175.4388,-2.1114,-0.7033
2026-07-23T16:01:54.474,175.4727,-1.9547,-0.7817
2026-07-23T16:01:54.488,175.4727,-2.131,-0.6838
2026-07-23T16:01:54.490,175.4789,-1.8568,-0.7229
2026-07-23T16:01:54.506,175.5025,-2.0918,-0.6838
2026-07-23T16:01:54.506,175.5025,-1.9156,-0.7621
2026-07-23T16:01:54.530,175.5104,-2.0527,-0.7229
2026-07-23T16:01:54.537,175.5202,-1.7785,-0.6838
2026-07-23T16:01:54.537,175.535,-1.9352,-0.7229
2026-07-23T16:01:54.553,175.535,-1.7394,-0.7229
2026-07-23T16:01:54.569,175.55,-1.896,-0.6642
2026-07-23T16:01:54.571,175.5621,-1.6415,-0.7229
2026-07-23T16:01:54.586,175.5657,-1.8764,-0.5859
2026-07-23T16:01:54.601,175.5815,-1.6415,-0.7425
2026-07-23T16:01:54.601,175.5815,-1.7785,-0.6446
2026-07-23T16:01:54.619,175.5972,-1.661,-0.6446
2026-07-23T16:01:54.632,175.6129,-1.7981,-0.7033
2026-07-23T16:01:54.632,175.6129,-1.6806,-0.7033
2026-07-23T16:01:54.648,175.6286,-1.8177,-0.6642
2026-07-23T16:01:54.655,175.6455,-1.7394,-0.7425
2026-07-23T16:01:54.664,175.6455,-1.7981,-0.7033
2026-07-23T16:01:54.679,175.6455,-1.6806,-0.7033
2026-07-23T16:01:54.685,175.6767,-1.8373,-0.7033
2026-07-23T16:01:54.696,175.6767,-1.6219,-0.7033
2026-07-23T16:01:54.696,175.6767,-1.8177,-0.625
2026-07-23T16:01:54.711,175.7082,-1.6023,-0.6642
2026-07-23T16:01:54.727,175.7113,-1.7394,-0.625
2026-07-23T16:01:54.727,175.7113,-1.5631,-0.6642
2026-07-23T16:01:54.743,175.7348,-1.6806,-0.6642
2026-07-23T16:01:54.754,175.7403,-1.5044,-0.7425
2026-07-23T16:01:54.762,175.7403,-1.7002,-0.6838
2026-07-23T16:01:54.775,175.7564,-1.5044,-0.6642
2026-07-23T16:01:54.786,175.7726,-1.7002,-0.6642
2026-07-23T16:01:54.791,175.7726,-1.5044,-0.7033
2026-07-23T16:01:54.791,175.7886,-1.661,-0.7033
2026-07-23T16:01:54.807,175.8027,-1.4848,-0.7229
2026-07-23T16:01:54.823,175.8044,-1.4848,-0.6838
2026-07-23T16:01:54.823,175.8203,-1.4065,-0.7229
2026-07-23T16:01:54.839,175.8203,-1.6415,-0.7229
2026-07-23T16:01:54.855,175.8364,-1.4652,-0.7229
2026-07-23T16:01:54.863,175.8543,-1.661,-0.7425
2026-07-23T16:01:54.871,175.8543,-1.4848,-0.7229
2026-07-23T16:01:54.887,175.8543,-1.5827,-0.6838
2026-07-23T16:01:54.887,175.8872,-1.4652,-0.7621
2026-07-23T16:01:54.905,175.8903,-1.524,-0.7033
2026-07-23T16:01:54.905,175.8913,-1.3869,-0.6446
2026-07-23T16:01:54.919,175.9155,-1.5436,-0.625
2026-07-23T16:01:54.938,175.9155,-1.3282,-0.6446
2026-07-23T16:01:54.947,175.9155,-1.4652,-0.6054
2026-07-23T16:01:54.954,175.947,-1.3282,-0.625
2026-07-23T16:01:54.966,175.947,-1.4652,-0.5859
2026-07-23T16:01:54.966,175.947,-1.3282,-0.5859
2026-07-23T16:01:54.982,175.9795,-1.4652,-0.5467
2026-07-23T16:01:54.988,175.9795,-1.3477,-0.5663
2026-07-23T16:01:54.998,175.9795,-1.4848,-0.6446
2026-07-23T16:01:55.019,176.0122,-1.3477,-0.625
2026-07-23T16:01:55.019,176.0122,-1.5631,-0.6054
2026-07-23T16:01:55.030,176.0122,-1.3869,-0.6642
2026-07-23T16:01:55.061,176.0429,-1.6415,-0.5859
2026-07-23T16:01:55.061,176.0429,-1.4652,-0.6642
2026-07-23T16:01:55.063,176.0429,-1.5436,-0.6642
2026-07-23T16:01:55.077,176.074,-1.4261,-0.6446
2026-07-23T16:01:55.086,176.074,-1.4848,-0.8012
2026-07-23T16:01:55.094,176.074,-1.4261,-0.7033
2026-07-23T16:01:55.109,176.1072,-1.524,-0.7425
2026-07-23T16:01:55.119,176.1127,-1.4261,-0.7425
2026-07-23T16:01:55.125,176.1127,-1.5827,-0.7033
2026-07-23T16:01:55.125,176.1379,-1.4261,-0.7033
2026-07-23T16:01:55.155,176.1379,-1.5631,-0.7229
2026-07-23T16:01:55.158,176.1463,-1.3673,-0.7817
2026-07-23T16:01:55.163,176.1463,-1.524,-0.7817
2026-07-23T16:01:55.174,176.1701,-1.3673,-0.7033
2026-07-23T16:01:55.189,176.1701,-1.5436,-0.7621
2026-07-23T16:01:55.197,176.1701,-1.3673,-0.6838
2026-07-23T16:01:55.205,176.2034,-1.4652,-0.6838
2026-07-23T16:01:55.205,176.2034,-1.3282,-0.6838
2026-07-23T16:01:55.221,176.213,-1.4261,-0.8012
2026-07-23T16:01:55.221,176.213,-1.2498,-0.6838
2026-07-23T16:01:55.254,176.2399,-1.4065,-0.7817
2026-07-23T16:01:55.254,176.2399,-1.3086,-0.7033
2026-07-23T16:01:55.264,176.2486,-1.4652,-0.7229
2026-07-23T16:01:55.273,176.2714,-1.2498,-0.7033
2026-07-23T16:01:55.289,176.2714,-1.3673,-0.6838
2026-07-23T16:01:55.296,176.2805,-1.1911,-0.7229
2026-07-23T16:01:55.299,176.3128,-1.3477,-0.7229
2026-07-23T16:01:55.315,176.3134,-1.1128,-0.6838
2026-07-23T16:01:55.322,176.3134,-1.3282,-0.7229
2026-07-23T16:01:55.331,176.3451,-1.1324,-0.6446
2026-07-23T16:01:55.331,176.3451,-1.3477,-0.7229
2026-07-23T16:01:55.354,176.3451,-1.1324,-0.7229
2026-07-23T16:01:55.364,176.3545,-1.2694,-0.7621
2026-07-23T16:01:55.386,176.3757,-1.0736,-0.6642
2026-07-23T16:01:55.386,176.3757,-1.3282,-0.7229
2026-07-23T16:01:55.396,176.3757,-1.0345,-0.6838
2026-07-23T16:01:55.405,176.3757,-1.2498,-0.6838
2026-07-23T16:01:55.411,176.4136,-1.1128,-0.7425
2026-07-23T16:01:55.426,176.4136,-1.2694,-0.7425
2026-07-23T16:01:55.426,176.4136,-1.1324,-0.6054
2026-07-23T16:01:55.447,176.4395,-1.289,-0.7425
2026-07-23T16:01:55.458,176.4395,-1.1519,-0.6642
2026-07-23T16:01:55.464,176.4395,-1.3869,-0.5859
2026-07-23T16:01:55.490,176.4714,-1.054,-0.625
2026-07-23T16:01:55.490,176.4714,-1.2498,-0.6642
2026-07-23T16:01:55.490,176.4799,-1.0932,-0.7033
2026-07-23T16:01:55.506,176.5037,-1.2498,-0.6838
2026-07-23T16:01:55.522,176.5037,-0.9757,-0.6446
2026-07-23T16:01:55.522,176.5037,-1.1519,-0.6838
2026-07-23T16:01:55.538,176.5349,-1.0345,-0.625
2026-07-23T16:01:55.552,176.5349,-1.1324,-0.625
2026-07-23T16:01:55.554,176.5349,-0.9953,-0.5663
2026-07-23T16:01:55.565,176.5664,-1.1128,-0.6054
2026-07-23T16:01:55.572,176.5684,-0.9757,-0.625
2026-07-23T16:01:55.586,176.5684,-1.0932,-0.6054
2026-07-23T16:01:55.586,176.5684,-1.0149,-0.5663
2026-07-23T16:01:55.601,176.598,-1.1128,-0.6054
2026-07-23T16:01:55.614,176.6036,-0.9953,-0.5075
2026-07-23T16:01:55.619,176.6051,-1.0932,-0.5663
2026-07-23T16:01:55.633,176.6347,-0.9953,-0.5859
2026-07-23T16:01:55.649,176.6347,-1.054,-0.5859
2026-07-23T16:01:55.656,176.6347,-0.9953,-0.5859
2026-07-23T16:01:55.665,176.6621,-1.1911,-0.6642
2026-07-23T16:01:55.681,176.6682,-1.0932,-0.488
2026-07-23T16:01:55.685,176.6682,-1.2498,-0.6054
2026-07-23T16:01:55.697,176.7017,-1.1715,-0.5271
2026-07-23T16:01:55.713,176.7038,-1.3477,-0.5271
2026-07-23T16:01:55.713,176.7098,-1.2498,-0.5859
2026-07-23T16:01:55.719,176.7098,-1.4261,-0.5859
2026-07-23T16:01:55.739,176.7347,-1.3869,-0.5859
2026-07-23T16:01:55.745,176.7347,-1.524,-0.5467
2026-07-23T16:01:55.755,176.7415,-1.5044,-0.5075
2026-07-23T16:01:55.766,176.7717,-1.6219,-0.625
2026-07-23T16:01:55.781,176.7735,-1.4848,-0.488
2026-07-23T16:01:55.785,176.7735,-1.6023,-0.6642
2026-07-23T16:01:55.798,176.7735,-1.4456,-0.5467
2026-07-23T16:01:55.808,176.8049,-1.7002,-0.5859
2026-07-23T16:01:55.814,176.8049,-1.6219,-0.5271
2026-07-23T16:01:55.824,176.8133,-1.7394,-0.5271
2026-07-23T16:01:55.852,176.8367,-1.6806,-0.7425
2026-07-23T16:01:55.852,176.8367,-1.7589,-0.5859
2026-07-23T16:01:55.856,176.8367,-1.6219,-0.4488
2026-07-23T16:01:55.864,176.8367,-1.8177,-0.5859
2026-07-23T16:01:55.871,176.8681,-1.6806,-0.5467
2026-07-23T16:01:55.887,176.8681,-1.7785,-0.5663
2026-07-23T16:01:55.887,176.8838,-1.7002,-0.5075
2026-07-23T16:01:55.906,176.904,-1.8177,-0.6054
2026-07-23T16:01:55.919,176.904,-1.7002,-0.4684
2026-07-23T16:01:55.919,176.904,-1.7785,-0.5467
2026-07-23T16:01:55.935,176.9155,-1.661,-0.488
2026-07-23T16:01:55.948,176.9386,-1.7981,-0.5859
2026-07-23T16:01:55.955,176.9386,-1.7589,-0.488
2026-07-23T16:01:55.966,176.9474,-1.8764,-0.4488
2026-07-23T16:01:55.966,176.968,-1.7589,-0.4292
2026-07-23T16:01:55.982,176.968,-1.7589,-0.4292
2026-07-23T16:01:55.998,176.9803,-1.896,-0.4096
2026-07-23T16:01:55.998,177.0112,-1.8764,-0.5271
2026-07-23T16:01:56.019,177.0112,-1.9939,-0.4488
2026-07-23T16:01:56.019,177.0159,-2.0722,-0.4292
2026-07-23T16:01:56.046,177.0428,-2.0331,-0.4488
2026-07-23T16:01:56.046,177.0428,-2.131,-0.4488
2026-07-23T16:01:56.055,177.0428,-2.0722,-0.4292
2026-07-23T16:01:56.067,177.0428,-2.1701,-0.4488
2026-07-23T16:01:56.078,177.075,-2.0918,-0.39
2026-07-23T16:01:56.091,177.075,-2.2093,-0.39
2026-07-23T16:01:56.094,177.075,-2.1701,-0.3117
2026-07-23T16:01:56.109,177.1065,-2.2289,-0.3509
2026-07-23T16:01:56.119,177.1065,-2.2289,-0.2921
2026-07-23T16:01:56.126,177.1161,-2.2876,-0.3313
2026-07-23T16:01:56.126,177.1161,-2.1897,-0.2921
2026-07-23T16:01:56.157,177.1469,-2.1506,-0.3117
2026-07-23T16:01:56.157,177.1469,-2.0918,-0.2334
2026-07-23T16:01:56.167,177.1549,-2.0135,-0.253
2026-07-23T16:01:56.175,177.1887,-1.896,-0.2138
2026-07-23T16:01:56.189,177.1887,-1.9352,-0.2334
2026-07-23T16:01:56.198,177.1887,-1.9156,-0.1747
2026-07-23T16:01:56.206,177.1887,-1.8373,-0.2138
2026-07-23T16:01:56.221,177.2177,-1.8373,-0.1942
2026-07-23T16:01:56.221,177.2334,-1.8373,-0.1159
2026-07-23T16:01:56.240,177.2349,-1.8373,-0.0963
2026-07-23T16:01:56.240,177.2349,-1.8373,-0.1551
2026-07-23T16:01:56.255,177.2655,-1.8568,-0.1942
2026-07-23T16:01:56.268,177.2721,-1.7785,-0.1942
2026-07-23T16:01:56.268,177.2721,-1.7002,-0.1551
2026-07-23T16:01:56.286,177.2812,-1.7198,-0.1159
2026-07-23T16:01:56.286,177.2812,-1.7002,0.0016
2026-07-23T16:01:56.316,177.3165,-1.6806,0.0211
2026-07-23T16:01:56.316,177.3165,-1.661,0.0603
2026-07-23T16:01:56.332,177.3165,-1.7198,0.0799
2026-07-23T16:01:56.332,177.3165,-1.6806,0.1386
2026-07-23T16:01:56.355,177.3457,-1.6219,0.1778
2026-07-23T16:01:56.355,177.3559,-1.6415,0.2365
2026-07-23T16:01:56.367,177.3604,-1.4848,0.2561
2026-07-23T16:01:56.379,177.3604,-1.5631,0.3344
2026-07-23T16:01:56.386,177.3926,-1.4652,0.2561
2026-07-23T16:01:56.396,177.3931,-1.4848,0.3932
2026-07-23T16:01:56.407,177.3976,-1.3477,0.3149
2026-07-23T16:01:56.411,177.4043,-1.4261,0.354
2026-07-23T16:01:56.428,177.4243,-1.4848,0.2757
2026-07-23T16:01:56.443,177.4243,-1.5044,0.3344
2026-07-23T16:01:56.455,177.4243,-1.4261,0.3149
2026-07-23T16:01:56.455,177.438,-1.4652,0.3932
2026-07-23T16:01:56.468,177.4558,-1.4456,0.354
2026-07-23T16:01:56.475,177.472,-1.4065,0.4519
2026-07-23T16:01:56.489,177.472,-1.3477,0.4911
2026-07-23T16:01:56.491,177.4971,-1.2498,0.4519
2026-07-23T16:01:56.507,177.5036,-1.3282,0.4128
2026-07-23T16:01:56.507,177.5046,-1.3477,0.5694
2026-07-23T16:01:56.523,177.5046,-1.3086,0.4715
2026-07-23T16:01:56.531,177.5365,-1.3086,0.5107
2026-07-23T16:01:56.548,177.5365,-1.2694,0.4519
2026-07-23T16:01:56.555,177.5405,-1.2107,0.4323
2026-07-23T16:01:56.555,177.5683,-1.2498,0.4323
2026-07-23T16:01:56.573,177.5683,-1.2498,0.5694
2026-07-23T16:01:56.587,177.5683,-1.2498,0.5107
2026-07-23T16:01:56.591,177.5683,-1.1911,0.5302
2026-07-23T16:01:56.608,177.6046,-1.1911,0.5302
2026-07-23T16:01:56.619,177.6062,-1.289,0.589
2026-07-23T16:01:56.619,177.6062,-1.1324,0.589
2026-07-23T16:01:56.634,177.6349,-1.2498,0.5694
2026-07-23T16:01:56.649,177.6349,-1.1519,0.5694
2026-07-23T16:01:56.657,177.6475,-1.2303,0.5107
2026-07-23T16:01:56.668,177.6475,-1.1324,0.5107
2026-07-23T16:01:56.686,177.6681,-1.2498,0.5302
2026-07-23T16:01:56.686,177.6681,-1.054,0.5107
2026-07-23T16:01:56.698,177.6785,-1.1715,0.6086
2026-07-23T16:01:56.713,177.7047,-0.9757,0.6673
2026-07-23T16:01:56.719,177.7106,-1.1128,0.7848
2026-07-23T16:01:56.719,177.7106,-0.9757,0.7652
2026-07-23T16:01:56.745,177.7425,-0.9953,0.8435
2026-07-23T16:01:56.745,177.7425,-0.9365,0.9023
2026-07-23T16:01:56.755,177.7425,-0.9757,1.0198
2026-07-23T16:01:56.761,177.7425,-0.8778,0.9806
2026-07-23T16:01:56.782,177.7743,-0.9561,1.1177
2026-07-23T16:01:56.786,177.7743,-0.7603,1.1373
2026-07-23T16:01:56.793,177.7743,-0.917,1.196
2026-07-23T16:01:56.809,177.8062,-0.6233,1.0785
2026-07-23T16:01:56.822,177.8143,-0.7603,1.1373
2026-07-23T16:01:56.825,177.8143,-0.6428,1.1177
2026-07-23T16:01:56.825,177.818,-0.7407,1.1764
2026-07-23T16:01:56.841,177.8382,-0.5645,1.3331
2026-07-23T16:01:56.857,177.8382,-0.7799,1.3526
2026-07-23T16:01:56.869,177.8382,-0.5841,1.3135
2026-07-23T16:01:56.873,177.8701,-0.682,1.3918
2026-07-23T16:01:56.889,177.8701,-0.4862,1.3526
2026-07-23T16:01:56.889,177.8877,-0.6624,1.3918
2026-07-23T16:01:56.905,177.9051,-0.4862,1.3918
2026-07-23T16:01:56.921,177.9051,-0.6624,1.431
2026-07-23T16:01:56.921,177.9051,-0.4079,1.2743
2026-07-23T16:01:56.938,177.9186,-0.5841,1.4505
2026-07-23T16:01:56.956,177.9396,-0.3687,1.3918
2026-07-23T16:01:56.956,177.9396,-0.4079,1.4701
2026-07-23T16:01:56.956,177.95,-0.31,1.4505
2026-07-23T16:01:56.969,177.95,-0.3883,1.568
2026-07-23T16:01:56.990,177.9683,-0.2512,1.6072
2026-07-23T16:01:56.990,177.9816,-0.3883,1.6855
2026-07-23T16:01:57.001,178.0133,-0.1337,1.6072
2026-07-23T16:01:57.017,178.0188,-0.2512,1.6659
2026-07-23T16:01:57.019,178.023,-0.0358,1.6464
2026-07-23T16:01:57.032,178.023,-0.2904,1.6855
2026-07-23T16:01:57.055,178.0449,-0.1142,1.7834
2026-07-23T16:01:57.055,178.0449,-0.2316,1.6659
2026-07-23T16:01:57.064,178.0449,-0.1142,1.6072
2026-07-23T16:01:57.074,178.0607,-0.31,1.6268
2026-07-23T16:01:57.096,178.0933,-0.1729,1.5484
2026-07-23T16:01:57.096,178.0933,-0.3687,1.5876
2026-07-23T16:01:57.096,178.0933,-0.2121,1.6072
2026-07-23T16:01:57.115,178.1097,-0.3687,1.5876
2026-07-23T16:01:57.127,178.1348,-0.2708,1.4897
2026-07-23T16:01:57.143,178.1348,-0.4666,1.4701
2026-07-23T16:01:57.144,178.14,-0.2904,1.4897
2026-07-23T16:01:57.160,178.14,-0.5254,1.4897
2026-07-23T16:01:57.160,178.1727,-0.2904,1.4114
2026-07-23T16:01:57.177,178.1727,-0.5841,1.431
2026-07-23T16:01:57.191,178.1873,-0.3687,1.431
2026-07-23T16:01:57.199,178.1899,-0.5449,1.4114
2026-07-23T16:01:57.208,178.2047,-0.4079,1.3526
2026-07-23T16:01:57.219,178.2047,-0.5449,1.3722
2026-07-23T16:01:57.223,178.2198,-0.3883,1.3135
2026-07-23T16:01:57.238,178.2198,-0.5254,1.3331
2026-07-23T16:01:57.241,178.2507,-0.3883,1.3135
2026-07-23T16:01:57.256,178.2507,-0.5841,1.2939
2026-07-23T16:01:57.271,178.2507,-0.3491,1.2743
2026-07-23T16:01:57.281,178.2666,-0.6037,1.3135
2026-07-23T16:01:57.286,178.2823,-0.4274,1.3135
2026-07-23T16:01:57.301,178.2823,-0.5254,1.3331
2026-07-23T16:01:57.301,178.298,-0.447,1.2939
2026-07-23T16:01:57.317,178.3047,-0.5645,1.3526
2026-07-23T16:01:57.324,178.33,-0.3687,1.3331
2026-07-23T16:01:57.333,178.33,-0.5645,1.3526
2026-07-23T16:01:57.349,178.3351,-0.3883,1.3135
2026-07-23T16:01:57.356,178.3417,-0.5645,1.3331
2026-07-23T16:01:57.371,178.3645,-0.2904,1.3526
2026-07-23T16:01:57.381,178.3685,-0.6037,1.3918
2026-07-23T16:01:57.386,178.3685,-0.3491,1.3331
2026-07-23T16:01:57.397,178.3932,-0.4862,1.4114
2026-07-23T16:01:57.412,178.3983,-0.3687,1.3918
2026-07-23T16:01:57.419,178.4019,-0.5254,1.3918
2026-07-23T16:01:57.419,178.4049,-0.3295,1.3918
2026-07-23T16:01:57.444,178.4247,-0.4666,1.4505
2026-07-23T16:01:57.444,178.4247,-0.2512,1.4114
2026-07-23T16:01:57.456,178.44,-0.4274,1.4701
2026-07-23T16:01:57.460,178.4557,-0.2316,1.431
2026-07-23T16:01:57.475,178.4685,-0.4274,1.5093
2026-07-23T16:01:57.489,178.4717,-0.2121,1.4505
2026-07-23T16:01:57.491,178.4891,-0.447,1.5484
2026-07-23T16:01:57.507,178.4891,-0.1729,1.4505
2026-07-23T16:01:57.519,178.5048,-0.4079,1.568
2026-07-23T16:01:57.540,178.5235,-0.1337,1.4897
2026-07-23T16:01:57.540,178.5235,-0.3491,1.5484
2026-07-23T16:01:57.552,178.536,-0.0554,1.6072
2026-07-23T16:01:57.556,178.536,-0.2512,1.5876
2026-07-23T16:01:57.574,178.5681,0.0229,1.6268
2026-07-23T16:01:57.574,178.5681,-0.0946,1.7051
2026-07-23T16:01:57.587,178.5681,0.0817,1.7443
2026-07-23T16:01:57.587,178.602,0.0425,1.8226
2026-07-23T16:01:57.603,178.6051,0.2187,1.8422
2026-07-23T16:01:57.619,178.6071,0.0621,1.8422
2026-07-23T16:01:57.619,178.6071,0.3166,1.8617
2026-07-23T16:01:57.633,178.6349,0.1991,1.9009
2026-07-23T16:01:57.649,178.6462,0.3949,1.9596
2026-07-23T16:01:57.658,178.6488,0.3558,1.9988
2026-07-23T16:01:57.668,178.6488,0.4733,2.1359
2026-07-23T16:01:57.672,178.6778,0.4341,2.0967
2026-07-23T16:01:57.686,178.6778,0.5712,2.175
2026-07-23T16:01:57.697,178.6903,0.4733,2.1946
2026-07-23T16:01:57.700,178.6939,0.6495,2.2338
2026-07-23T16:01:57.719,178.71,0.5712,2.3513
2026-07-23T16:01:57.729,178.7208,0.8061,2.3904
2026-07-23T16:01:57.729,178.7257,0.6495,2.5862
2026-07-23T16:01:57.752,178.7415,0.8453,2.645
2026-07-23T16:01:57.761,178.7575,0.6495,2.6058
2026-07-23T16:01:57.761,178.7575,0.8257,2.7429
2026-07-23T16:01:57.777,178.7575,0.6299,2.7037
2026-07-23T16:01:57.792,178.79,0.767,2.7037
2026-07-23T16:01:57.792,178.79,0.6299,2.7233
2026-07-23T16:01:57.792,178.79,0.7082,2.7233
2026-07-23T16:01:57.819,178.8213,0.5712,2.8212
2026-07-23T16:01:57.825,178.8213,0.7474,2.7625
2026-07-23T16:01:57.841,178.8213,0.5516,2.782
2026-07-23T16:01:57.852,178.8351,0.7082,2.7233
2026-07-23T16:01:57.856,178.8571,0.5124,2.6841
2026-07-23T16:01:57.872,178.8571,0.6103,2.6645
2026-07-23T16:01:57.872,178.8677,0.4928,2.6058
2026-07-23T16:01:57.888,178.8842,0.5908,2.5862
2026-07-23T16:01:57.888,178.8842,0.3754,2.6254
2026-07-23T16:01:57.908,178.8999,0.532,2.6645
2026-07-23T16:01:57.918,178.9019,0.3362,2.5862
2026-07-23T16:01:57.920,178.9217,0.5124,2.6058
2026-07-23T16:01:57.935,178.9317,0.3166,2.5275
2026-07-23T16:01:57.935,178.935,0.532,2.5079
2026-07-23T16:01:57.956,178.9635,0.2187,2.4883
2026-07-23T16:01:57.972,178.9635,0.3949,2.4687
2026-07-23T16:01:57.982,178.9686,0.16,2.3708
2026-07-23T16:01:57.991,178.9686,0.2775,2.4492
2026-07-23T16:01:57.999,178.995,0.16,2.41
2026-07-23T16:01:57.999,179.0053,0.3166,2.3904
2026-07-23T16:01:58.019,179.0053,0.1208,2.3513
2026-07-23T16:01:58.019,179.0108,0.2187,2.3513
2026-07-23T16:01:58.033,179.0348,0.0033,2.2925
2026-07-23T16:01:58.046,179.0426,0.1796,2.3121
2026-07-23T16:01:58.056,179.0426,-0.0163,2.2338
2026-07-23T16:01:58.078,179.0739,0.1796,2.2338
2026-07-23T16:01:58.086,179.0825,-0.0163,2.2925
2026-07-23T16:01:58.086,179.0825,0.16,2.1359
2026-07-23T16:01:58.093,179.0825,-0.0946,2.1946
2026-07-23T16:01:58.109,179.1078,0.1012,2.2534
2026-07-23T16:01:58.125,179.1078,-0.0946,2.1555
2026-07-23T16:01:58.125,179.1214,0.0817,2.2142
2026-07-23T16:01:58.133,179.1244,-0.1729,2.1359
2026-07-23T16:01:58.152,179.1494,-0.075,2.2534
2026-07-23T16:01:58.159,179.154,-0.2121,2.2338
2026-07-23T16:01:58.159,179.154,-0.075,2.175
2026-07-23T16:01:58.175,179.154,-0.31,2.2142
2026-07-23T16:01:58.188,179.1908,-0.2512,2.3121
2026-07-23T16:01:58.200,179.1908,-0.447,2.2142
2026-07-23T16:01:58.205,179.1908,-0.31,2.2534
2026-07-23T16:01:58.205,179.223,-0.5841,2.1946
2026-07-23T16:01:58.220,179.2291,-0.3883,2.3317
2026-07-23T16:01:58.242,179.2323,-0.6428,2.2142
2026-07-23T16:01:58.242,179.2342,-0.5058,2.2142
2026-07-23T16:01:58.256,179.2487,-0.7016,2.2338
2026-07-23T16:01:58.268,179.2646,-0.4862,2.2729
2026-07-23T16:01:58.283,179.2682,-0.6428,2.2534
2026-07-23T16:01:58.293,179.2961,-0.4274,2.3121
2026-07-23T16:01:58.299,179.2961,-0.6428,2.2338
2026-07-23T16:01:58.299,179.2961,-0.5254,2.3317
2026-07-23T16:01:58.319,179.3053,-0.6624,2.2925
2026-07-23T16:01:58.331,179.328,-0.4862,2.3121
2026-07-23T16:01:58.331,179.328,-0.7016,2.2534
2026-07-23T16:01:58.347,179.3351,-0.5645,2.3317
2026-07-23T16:01:58.356,179.3441,-0.7212,2.2925
2026-07-23T16:01:58.379,179.3684,-0.5058,2.3513
2026-07-23T16:01:58.379,179.3684,-0.7016,2.3121
2026-07-23T16:01:58.386,179.376,-0.4862,2.3121
2026-07-23T16:01:58.395,179.4018,-0.682,2.3121
2026-07-23T16:01:58.411,179.4078,-0.5645,2.3513
2026-07-23T16:01:58.419,179.4078,-0.7407,2.2925
2026-07-23T16:01:58.427,179.4078,-0.5254,2.3317
2026-07-23T16:01:58.427,179.4414,-0.7212,2.3317
2026-07-23T16:01:58.450,179.4414,-0.5645,2.3904
2026-07-23T16:01:58.459,179.4414,-0.6233,2.3121
2026-07-23T16:01:58.459,179.4551,-0.4862,2.3708
2026-07-23T16:01:58.486,179.483,-0.6037,2.3708
2026-07-23T16:01:58.486,179.483,-0.4666,2.3708
2026-07-23T16:01:58.492,179.4871,-0.6624,2.41
2026-07-23T16:01:58.506,179.4871,-0.4274,2.41
2026-07-23T16:01:58.522,179.5245,-0.6233,2.3317
2026-07-23T16:01:58.522,179.5245,-0.3491,2.3904
2026-07-23T16:01:58.538,179.5245,-0.5449,2.2925
2026-07-23T16:01:58.538,179.5352,-0.3883,2.3904
2026-07-23T16:01:58.556,179.5509,-0.5058,2.3708
2026-07-23T16:01:58.556,179.5666,-0.31,2.4492
2026-07-23T16:01:58.575,179.5682,-0.4666,2.3513
2026-07-23T16:01:58.586,179.5984,-0.3491,2.3708
2026-07-23T16:01:58.586,179.6019,-0.4666,2.3121
2026-07-23T16:01:58.602,179.608,-0.2708,2.3904
2026-07-23T16:01:58.619,179.608,-0.2512,2.3317
2026-07-23T16:01:58.633,179.6351,-0.2512,2.3708
2026-07-23T16:01:58.634,179.6351,-0.3687,2.4492
2026-07-23T16:01:58.649,179.6463,-0.2904,2.4883
2026-07-23T16:01:58.659,179.6499,-0.3687,2.3904
2026-07-23T16:01:58.665,179.6499,-0.1533,2.4883
2026-07-23T16:01:58.686,179.678,-0.3687,2.4687
2026-07-23T16:01:58.686,179.678,-0.1729,2.5079
2026-07-23T16:01:58.701,179.6914,-0.2708,2.5471
2026-07-23T16:01:58.701,179.694,-0.1533,2.6254
2026-07-23T16:01:58.719,179.7264,-0.2316,2.6254
2026-07-23T16:01:58.729,179.735,-0.1533,2.8212
2026-07-23T16:01:58.729,179.735,-0.2512,2.7625
2026-07-23T16:01:58.745,179.7415,-0.1337,2.9583
2026-07-23T16:01:58.760,179.7572,-0.2708,2.9387
2026-07-23T16:01:58.762,179.7683,-0.1142,3.1149
2026-07-23T16:01:58.777,179.7733,-0.1925,3.0953
2026-07-23T16:01:58.786,179.7748,-0.075,3.2324
2026-07-23T16:01:58.792,179.806,-0.1533,3.252
2026-07-23T16:01:58.808,179.806,0.0033,3.3107
2026-07-23T16:01:58.819,179.8167,-0.0946,3.2911
2026-07-23T16:01:58.826,179.8167,0.0033,3.389
2026-07-23T16:01:58.840,179.8369,-0.1142,3.3695
2026-07-23T16:01:58.857,179.8529,0.1012,3.4086
2026-07-23T16:01:58.857,179.8586,0.0621,3.4086
2026-07-23T16:01:58.867,179.8586,0.2187,3.389
2026-07-23T16:01:58.876,179.8846,0.1208,3.4282
2026-07-23T16:01:58.888,179.8846,0.2383,3.4869
2026-07-23T16:01:58.888,179.8846,0.1796,3.389
2026-07-23T16:01:58.909,179.906,0.2383,3.4478
2026-07-23T16:01:58.920,179.906,0.1991,3.4086
2026-07-23T16:01:58.925,179.9352,0.3362,3.4282
2026-07-23T16:01:58.935,179.9418,0.2383,3.389
2026-07-23T16:01:58.957,179.9479,0.3949,3.389
2026-07-23T16:01:58.957,179.9479,0.2775,3.3499
2026-07-23T16:01:58.967,179.9834,0.3558,3.4086
2026-07-23T16:01:58.983,179.9834,0.2383,3.3499
2026-07-23T16:01:58.993,179.9834,0.3949,3.4282
2026-07-23T16:01:58.999,179.9834,0.297,3.3303
2026-07-23T16:01:58.999,180.0015,0.4145,3.4086
2026-07-23T16:01:59.019,180.0272,0.3949,3.389
2026-07-23T16:01:59.019,180.0272,0.4537,3.5065
2026-07-23T16:01:59.034,180.0353,0.3754,3.389
2026-07-23T16:01:59.052,180.0353,0.4341,3.5065
2026-07-23T16:01:59.057,180.0687,0.3362,3.4478
2026-07-23T16:01:59.062,180.0687,0.3949,3.4086
2026-07-23T16:01:59.078,180.0687,0.3558,3.4282
2026-07-23T16:01:59.086,180.0747,0.3949,3.4086
2026-07-23T16:01:59.094,180.1061,0.3754,3.3695
2026-07-23T16:01:59.110,180.1086,0.3754,3.389
2026-07-23T16:01:59.118,180.1086,0.2775,3.3107
2026-07-23T16:01:59.126,180.1086,0.3362,3.4282
2026-07-23T16:01:59.141,180.1379,0.1991,3.4282
2026-07-23T16:01:59.153,180.1379,0.2383,3.3695
2026-07-23T16:01:59.159,180.1505,0.1991,3.3499
2026-07-23T16:01:59.159,180.155,0.2775,3.3695
2026-07-23T16:01:59.178,180.1711,0.1208,3.3695
2026-07-23T16:01:59.189,180.1871,0.2579,3.3695
2026-07-23T16:01:59.189,180.1922,0.1404,3.4086
2026-07-23T16:01:59.206,180.1922,0.2187,3.2911
2026-07-23T16:01:59.222,180.2271,0.1208,3.2128
2026-07-23T16:01:59.222,180.2271,0.2187,3.2716
2026-07-23T16:01:59.243,180.2271,0.1991,3.1932
2026-07-23T16:01:59.243,180.2353,0.1796,3.2128
2026-07-23T16:01:59.268,180.2655,0.0621,3.1932
2026-07-23T16:01:59.268,180.2686,0.1404,3.2716
2026-07-23T16:01:59.278,180.2686,0.1012,3.1541
2026-07-23T16:01:59.286,180.302,0.1012,3.1932
2026-07-23T16:01:59.301,180.3065,0.1012,3.1149
2026-07-23T16:01:59.301,180.3065,0.0425,3.2128
2026-07-23T16:01:59.319,180.3126,0.0229,3.1736
2026-07-23T16:01:59.326,180.3358,0.1012,3.2128
2026-07-23T16:01:59.348,180.3446,-0.0163,3.1345
2026-07-23T16:01:59.348,180.3446,0.0817,3.1541
2026-07-23T16:01:59.363,180.3446,0.0229,3.1932
2026-07-23T16:01:59.368,180.3446,0.0621,3.1541
2026-07-23T16:01:59.387,180.3748,0.0425,3.1541
2026-07-23T16:01:59.387,180.3748,0.1012,3.2128
2026-07-23T16:01:59.395,180.3904,0.0033,3.1149
2026-07-23T16:01:59.410,180.4234,0.0229,3.2128
2026-07-23T16:01:59.426,180.428,0.0033,3.1541
2026-07-23T16:01:59.426,180.435,-0.0358,3.1932
2026-07-23T16:01:59.426,180.4382,0.0229,3.1541
2026-07-23T16:01:59.449,180.4423,-0.0554,3.1736
2026-07-23T16:01:59.458,180.4702,-0.0358,3.1932
2026-07-23T16:01:59.458,180.4702,-0.0358,3.2324
2026-07-23T16:01:59.486,180.4702,-0.0163,3.1736
2026-07-23T16:01:59.493,180.4861,-0.0554,3.2716
2026-07-23T16:01:59.493,180.5067,0.0033,3.252
2026-07-23T16:01:59.505,180.5175,0.0621,3.2716
2026-07-23T16:01:59.521,180.5175,0.0425,3.2716
2026-07-23T16:01:59.521,180.5175,0.0425,3.2716
2026-07-23T16:01:59.537,180.5284,0.0033,3.2716
2026-07-23T16:01:59.537,180.5499,-0.0358,3.2716
2026-07-23T16:01:59.557,180.5499,0.0229,3.2324
2026-07-23T16:01:59.568,180.5652,0.0425,3.2911
2026-07-23T16:01:59.579,180.5683,0.0817,3.2128
2026-07-23T16:01:59.586,180.5979,0.0229,3.3107
2026-07-23T16:01:59.601,180.6019,0.0425,3.2324
2026-07-23T16:01:59.601,180.6067,0.0621,3.3107
2026-07-23T16:01:59.619,180.6092,0.1208,3.2716
2026-07-23T16:01:59.632,180.6352,0.0229,3.2716
2026-07-23T16:01:59.632,180.6352,0.0425,3.2324
2026-07-23T16:01:59.649,180.6447,0.0817,3.2716
2026-07-23T16:01:59.660,180.6508,0.0425,3.2716
2026-07-23T16:01:59.665,180.6769,0.0621,3.252
2026-07-23T16:01:59.681,180.6769,0.0621,3.2911
2026-07-23T16:01:59.686,180.6769,0.0229,3.2324
2026-07-23T16:01:59.702,180.6769,0.1012,3.1541
2026-07-23T16:01:59.712,180.7101,-0.0163,3.1932
2026-07-23T16:01:59.719,180.7101,0.0229,3.2128
2026-07-23T16:01:59.728,180.7245,0.0229,3.2716
2026-07-23T16:01:59.728,180.7291,0.0425,3.2324
2026-07-23T16:01:59.753,180.7562,-0.0554,3.1932
2026-07-23T16:01:59.761,180.7562,0.0033,3.1932
2026-07-23T16:01:59.761,180.7562,-0.0163,3.2324
2026-07-23T16:01:59.780,180.772,0.0621,3.2128
2026-07-23T16:01:59.786,180.772,-0.0358,3.3303
2026-07-23T16:01:59.807,180.8018,0.0425,3.2716
2026-07-23T16:01:59.807,180.8069,0.0425,3.3303
2026-07-23T16:01:59.819,180.8069,0.0425,3.2911
2026-07-23T16:01:59.827,180.8349,0.0229,3.3107
2026-07-23T16:01:59.839,180.8349,0.0621,3.252
2026-07-23T16:01:59.853,180.8349,0.0033,3.3499
2026-07-23T16:01:59.858,180.8508,0.0817,3.252
2026-07-23T16:01:59.870,180.8687,0.0033,3.4282
2026-07-23T16:01:59.886,180.8825,0.0425,3.3303
2026-07-23T16:01:59.886,180.8825,0.0425,3.389
2026-07-23T16:01:59.902,180.8825,0.0621,3.4478
2026-07-23T16:01:59.910,180.9177,0.0817,3.4086
2026-07-23T16:01:59.920,180.9219,0.1012,3.3695
2026-07-23T16:01:59.920,180.9219,0.0621,3.4869
2026-07-23T16:01:59.933,180.9296,0.0425,3.4282
2026-07-23T16:01:59.952,180.9456,0.0817,3.5848
2026-07-23T16:01:59.958,180.9614,0.1208,3.5457
2026-07-23T16:01:59.973,180.9683,0.1012,3.5848
2026-07-23T16:01:59.980,180.9683,0.1991,3.624
2026-07-23T16:01:59.994,180.9934,0.1404,3.6632
2026-07-23T16:01:59.996,181.007,0.1991,3.6827
2026-07-23T16:01:59.996,181.0096,0.1991,3.7415
2026-07-23T16:02:00.019,181.0096,0.2775,3.7415
2026-07-23T16:02:00.028,181.0414,0.2187,3.8002
2026-07-23T16:02:00.044,181.0414,0.2775,3.7807
2026-07-23T16:02:00.044,181.0414,0.3362,3.859
2026-07-23T16:02:00.060,181.0571,0.4145,3.859
2026-07-23T16:02:00.060,181.0571,0.3166,3.996
2026-07-23T16:02:00.092,181.0891,0.4145,3.8981
2026-07-23T16:02:00.092,181.0891,0.4537,3.996
2026-07-23T16:02:00.092,181.0891,0.4733,4.0352
2026-07-23T16:02:00.108,181.0891,0.4537,4.0744
2026-07-23T16:02:00.124,181.1204,0.5908,4.1723
2026-07-23T16:02:00.124,181.1306,0.5712,4.2506
2026-07-23T16:02:00.140,181.1306,0.6887,4.2898
2026-07-23T16:02:00.140,181.1365,0.7082,4.3289
2026-07-23T16:02:00.171,181.1749,0.767,4.4268
2026-07-23T16:02:00.171,181.1749,0.767,4.5443
2026-07-23T16:02:00.181,181.179,0.9236,4.4856
2026-07-23T16:02:00.187,181.186,0.9628,4.5051
2026-07-23T16:02:00.187,181.2143,0.9628,4.5247
2026-07-23T16:02:00.202,181.2193,0.9236,4.603
2026-07-23T16:02:00.224,181.2229,1.0019,4.5835
2026-07-23T16:02:00.230,181.2303,0.8649,4.6422
2026-07-23T16:02:00.240,181.2561,1.0019,4.5639
2026-07-23T16:02:00.257,181.2561,0.904,4.5639
2026-07-23T16:02:00.260,181.2561,1.0019,4.4856
2026-07-23T16:02:00.269,181.2684,0.8061,4.466
2026-07-23T16:02:00.282,181.2684,0.9824,4.4072
2026-07-23T16:02:00.293,181.2876,0.8453,4.466
2026-07-23T16:02:00.293,181.2876,0.9236,4.3093
2026-07-23T16:02:00.307,181.3034,0.8257,4.3093
2026-07-23T16:02:00.319,181.3075,0.904,4.2506
2026-07-23T16:02:00.328,181.3349,0.7278,4.231
2026-07-23T16:02:00.338,181.3349,0.8257,4.1918
2026-07-23T16:02:00.352,181.3349,0.7278,4.3485
2026-07-23T16:02:00.358,181.3506,0.8061,4.3485
2026-07-23T16:02:00.370,181.3687,0.7082,4.231
2026-07-23T16:02:00.386,181.3825,0.8257,4.1723
2026-07-23T16:02:00.386,181.3933,0.7082,4.1918
2026-07-23T16:02:00.401,181.3933,0.8453,4.1527
2026-07-23T16:02:00.401,181.3983,0.7866,4.1331
2026-07-23T16:02:00.419,181.4143,0.6887,4.1331
2026-07-23T16:02:00.433,181.4316,0.6691,4.1918
2026-07-23T16:02:00.444,181.4351,0.7866,4.1135
2026-07-23T16:02:00.449,181.4351,0.6495,4.1527
2026-07-23T16:02:00.458,181.4615,0.7474,4.0939
2026-07-23T16:02:00.465,181.4615,0.6103,4.1918
2026-07-23T16:02:00.486,181.4685,0.767,4.1135
2026-07-23T16:02:00.486,181.4931,0.5712,4.1527
2026-07-23T16:02:00.498,181.4931,0.7278,4.1331
2026-07-23T16:02:00.512,181.5019,0.5908,4.2506
2026-07-23T16:02:00.519,181.5019,0.7278,4.1527
2026-07-23T16:02:00.528,181.5269,0.6103,4.1527
2026-07-23T16:02:00.536,181.532,0.7082,4.1331
2026-07-23T16:02:00.544,181.535,0.5516,4.1918
2026-07-23T16:02:00.560,181.5566,0.6887,4.1135
2026-07-23T16:02:00.576,181.5734,0.5124,4.2114
2026-07-23T16:02:00.583,181.5734,0.6103,4.1723
2026-07-23T16:02:00.586,181.5734,0.4928,4.2702
2026-07-23T16:02:00.591,181.6043,0.6299,4.1723
2026-07-23T16:02:00.607,181.6101,0.4341,4.1527
2026-07-23T16:02:00.619,181.6101,0.5908,4.1918
2026-07-23T16:02:00.624,181.6101,0.4537,4.1918
2026-07-23T16:02:00.640,181.637,0.532,4.2114
2026-07-23T16:02:00.653,181.637,0.3166,4.1527
2026-07-23T16:02:00.661,181.637,0.4537,4.1331
2026-07-23T16:02:00.661,181.6533,0.3166,4.1331
2026-07-23T16:02:00.671,181.6685,0.4733,4.1918
2026-07-23T16:02:00.688,181.686,0.2775,4.1918
2026-07-23T16:02:00.688,181.686,0.4733,4.1135
2026-07-23T16:02:00.704,181.715,0.3362,4.1918
2026-07-23T16:02:00.719,181.715,0.4537,4.0744
2026-07-23T16:02:00.736,181.715,0.297,4.0352
2026-07-23T16:02:00.742,181.715,0.1991,4.1135
2026-07-23T16:02:00.753,181.7466,0.3166,4.1723
2026-07-23T16:02:00.758,181.7466,0.3754,4.1135
2026-07-23T16:02:00.766,181.7466,0.2187,4.2114
2026-07-23T16:02:00.766,181.7624,0.4341,4.1135
2026-07-23T16:02:00.786,181.7781,0.2579,4.1723
2026-07-23T16:02:00.797,181.7781,0.4537,4.1331
2026-07-23T16:02:00.797,181.7941,0.3166,4.1723
2026-07-23T16:02:00.829,181.8188,0.5908,4.466
2026-07-23T16:02:00.829,181.8188,0.4341,4.1723
2026-07-23T16:02:00.829,181.8261,0.6299,4.1918
2026-07-23T16:02:00.845,181.8419,0.6103,4.2506
2026-07-23T16:02:00.861,181.8419,0.767,4.2506
2026-07-23T16:02:00.870,181.858,0.5908,4.3093
2026-07-23T16:02:00.877,181.8606,0.7474,4.2506
2026-07-23T16:02:00.886,181.874,0.5908,4.3681
2026-07-23T16:02:00.893,181.8901,0.7866,4.3289
2026-07-23T16:02:00.911,181.8901,0.5712,4.3877
2026-07-23T16:02:00.925,181.9219,0.6887,4.3877
2026-07-23T16:02:00.925,181.9219,0.5908,4.603
2026-07-23T16:02:00.941,181.9219,0.7278,4.4464
2026-07-23T16:02:00.941,181.9351,0.5712,4.3681
2026-07-23T16:02:00.958,181.9538,0.8061,4.4072
2026-07-23T16:02:00.958,181.9538,0.4733,4.466
2026-07-23T16:02:00.973,181.9538,0.7278,4.3681
2026-07-23T16:02:00.995,181.9857,0.4537,4.3877
2026-07-23T16:02:01.005,181.9857,0.532,4.3289
2026-07-23T16:02:01.005,181.9857,0.3754,4.3681
2026-07-23T16:02:01.005,181.9857,0.5124,4.3289
2026-07-23T16:02:01.021,182.0176,0.2383,4.3093
2026-07-23T16:02:01.037,182.0176,0.3949,4.2898
2026-07-23T16:02:01.037,182.0495,0.1991,4.3681
2026-07-23T16:02:01.058,182.0495,0.3166,4.3681
2026-07-23T16:02:01.068,182.0495,0.1404,4.4268
2026-07-23T16:02:01.078,182.0495,0.3166,4.3877
2026-07-23T16:02:01.086,182.0812,0.1796,4.3681
2026-07-23T16:02:01.100,182.0812,0.3754,4.3681
2026-07-23T16:02:01.100,182.0901,0.1991,4.5051
2026-07-23T16:02:01.120,182.1127,0.297,4.3877
2026-07-23T16:02:01.132,182.1127,0.1208,4.4464
2026-07-23T16:02:01.141,182.1127,0.3362,4.4072
2026-07-23T16:02:01.148,182.1442,0.1404,4.4856
2026-07-23T16:02:01.162,182.1442,0.3558,4.4268
2026-07-23T16:02:01.164,182.1442,0.2187,4.4464
2026-07-23T16:02:01.186,182.1769,0.3754,4.5051
2026-07-23T16:02:01.195,182.1769,0.1991,4.4464
2026-07-23T16:02:01.195,182.1769,0.4145,4.4268
2026-07-23T16:02:01.211,182.2088,0.1404,4.4464
2026-07-23T16:02:01.219,182.2088,0.3558,4.466
2026-07-23T16:02:01.228,182.2088,0.1796,4.4856
2026-07-23T16:02:01.228,182.2088,0.3949,4.5051
2026-07-23T16:02:01.258,182.2549,0.297,4.5051
2026-07-23T16:02:01.260,182.2549,0.4341,4.6422
2026-07-23T16:02:01.260,182.2549,0.16,4.5639
2026-07-23T16:02:01.284,182.2873,0.4537,4.5247
2026-07-23T16:02:01.295,182.2873,0.2383,4.6226
2026-07-23T16:02:01.306,182.2873,0.4145,4.5835
2026-07-23T16:02:01.306,182.2873,0.2579,4.8772
2026-07-23T16:02:01.321,182.3192,0.3754,4.6226
2026-07-23T16:02:01.328,182.3192,0.2579,4.7009
2026-07-23T16:02:01.338,182.3192,0.4733,4.7597
2026-07-23T16:02:01.338,182.3354,0.2775,4.8184
2026-07-23T16:02:01.370,182.361,0.4145,4.8968
2026-07-23T16:02:01.370,182.361,0.2383,4.9555
2026-07-23T16:02:01.370,182.3666,0.4145,5.0926
2026-07-23T16:02:01.386,182.3825,0.2187,5.1121
2026-07-23T16:02:01.401,182.3825,0.4145,5.073
2026-07-23T16:02:01.412,182.3982,0.3166,5.1905
2026-07-23T16:02:01.419,182.4027,0.4537,5.1905
2026-07-23T16:02:01.433,182.4297,0.3558,5.2296
2026-07-23T16:02:01.433,182.4352,0.532,5.2884
2026-07-23T16:02:01.453,182.4352,0.4341,5.3471
2026-07-23T16:02:01.458,182.4615,0.5516,5.3471
2026-07-23T16:02:01.479,182.4685,0.3754,5.3471
2026-07-23T16:02:01.480,182.4685,0.5516,5.308
2026-07-23T16:02:01.486,182.4685,0.4341,5.3275
2026-07-23T16:02:01.496,182.502,0.532,5.308
2026-07-23T16:02:01.512,182.502,0.3754,5.3471
2026-07-23T16:02:01.519,182.5087,0.4733,5.308
2026-07-23T16:02:01.528,182.5278,0.3558,5.4646
2026-07-23T16:02:01.545,182.5357,0.4928,5.2688
2026-07-23T16:02:01.553,182.5402,0.4145,5.3275
2026-07-23T16:02:01.560,182.5402,0.5516,5.2688
2026-07-23T16:02:01.579,182.5695,0.3754,5.308
2026-07-23T16:02:01.579,182.572,0.5124,5.2688
2026-07-23T16:02:01.591,182.572,0.3362,5.21
2026-07-23T16:02:01.607,182.6038,0.4928,5.2884
2026-07-23T16:02:01.607,182.6048,0.3558,5.3471
2026-07-23T16:02:01.620,182.6078,0.532,5.1709
2026-07-23T16:02:01.623,182.6114,0.4341,5.2492
2026-07-23T16:02:01.639,182.6352,0.5516,5.21
2026-07-23T16:02:01.639,182.6363,0.3949,5.2688
2026-07-23T16:02:01.662,182.6363,0.5712,5.2688
2026-07-23T16:02:01.671,182.6668,0.5516,5.2688
2026-07-23T16:02:01.687,182.6684,0.5712,5.1709
2026-07-23T16:02:01.687,182.6684,0.3949,5.2492
2026-07-23T16:02:01.704,182.7017,0.5712,5.1317
2026-07-23T16:02:01.704,182.7017,0.5124,5.2296
2026-07-23T16:02:01.719,182.7078,0.5712,5.1905
2026-07-23T16:02:01.736,182.7307,0.532,5.308
2026-07-23T16:02:01.745,182.7368,0.5908,5.1709
2026-07-23T16:02:01.752,182.7368,0.4733,5.2688
2026-07-23T16:02:01.759,182.7368,0.6495,5.2492
2026-07-23T16:02:01.765,182.7684,0.5124,5.3275
2026-07-23T16:02:01.765,182.7684,0.6887,5.2296
2026-07-23T16:02:01.788,182.7782,0.5516,5.308
2026-07-23T16:02:01.797,182.8096,0.6103,5.2884
2026-07-23T16:02:01.813,182.8096,0.5712,5.1905
2026-07-23T16:02:01.829,182.8096,0.7082,5.2296
2026-07-23T16:02:01.829,182.8096,0.5712,5.2688
2026-07-23T16:02:01.829,182.8415,0.7474,5.2492
2026-07-23T16:02:01.853,182.8415,0.5712,5.2492
2026-07-23T16:02:01.860,182.8415,0.7278,5.2884
2026-07-23T16:02:01.871,182.8415,0.5516,5.2492
2026-07-23T16:02:01.892,182.873,0.7278,5.2492
2026-07-23T16:02:01.892,182.873,0.6691,5.3471
2026-07-23T16:02:01.892,182.873,0.767,5.2884
2026-07-23T16:02:01.908,182.9078,0.767,5.4059
2026-07-23T16:02:01.924,182.9208,0.8061,5.2884
2026-07-23T16:02:01.924,182.9208,0.6691,5.3863
2026-07-23T16:02:01.940,182.9208,0.8649,5.4059
2026-07-23T16:02:01.954,182.9527,0.7866,5.4254
2026-07-23T16:02:01.959,182.9527,0.8845,5.4059
2026-07-23T16:02:01.972,182.9527,0.7866,5.3667
2026-07-23T16:02:01.972,182.9684,0.9628,5.3863
2026-07-23T16:02:01.988,182.9999,0.767,5.4646
2026-07-23T16:02:02.003,183.0019,0.9236,5.3863
2026-07-23T16:02:02.003,183.008,0.904,5.5233
2026-07-23T16:02:02.019,183.008,0.9824,5.4842
2026-07-23T16:02:02.035,183.0375,0.904,5.5038
2026-07-23T16:02:02.037,183.0476,1.0607,5.4842
2026-07-23T16:02:02.051,183.0476,0.9824,5.5038
2026-07-23T16:02:02.059,183.0476,1.0999,5.4842
2026-07-23T16:02:02.088,183.0794,1.0411,5.5038
2026-07-23T16:02:02.088,183.0794,1.0803,5.4254
2026-07-23T16:02:02.088,183.0794,1.0607,5.5233
2026-07-23T16:02:02.098,183.0794,1.0803,5.3667
2026-07-23T16:02:02.114,183.1117,1.0803,5.3471
2026-07-23T16:02:02.130,183.1117,1.1586,5.3667
2026-07-23T16:02:02.130,183.1117,1.0999,5.3863
2026-07-23T16:02:02.130,183.1269,1.1978,5.3275
2026-07-23T16:02:02.153,183.1535,1.139,5.3863
2026-07-23T16:02:02.162,183.1535,1.3152,5.3667
2026-07-23T16:02:02.162,183.1584,1.139,5.5233
2026-07-23T16:02:02.178,183.1584,1.2957,5.308
2026-07-23T16:02:02.189,183.1918,1.1978,5.3667
2026-07-23T16:02:02.193,183.1954,1.3348,5.3275
2026-07-23T16:02:02.209,183.2017,1.2173,5.3863
2026-07-23T16:02:02.225,183.2224,1.374,5.4254
2026-07-23T16:02:02.225,183.2224,1.2761,5.4059
2026-07-23T16:02:02.246,183.2224,1.374,5.3863
2026-07-23T16:02:02.252,183.2385,1.2957,5.4254
2026-07-23T16:02:02.259,183.2684,1.3348,5.445
2026-07-23T16:02:02.273,183.2712,1.3152,5.5038
2026-07-23T16:02:02.273,183.2712,1.4719,5.4842
2026-07-23T16:02:02.290,183.2712,1.3348,5.5821
2026-07-23T16:02:02.290,183.3021,1.511,5.5233
2026-07-23T16:02:02.307,183.3021,1.4131,5.5821
2026-07-23T16:02:02.322,183.3083,1.5502,5.5625
2026-07-23T16:02:02.337,183.3337,1.511,5.6017
2026-07-23T16:02:02.337,183.3353,1.4915,5.6996
2026-07-23T16:02:02.337,183.3393,1.511,5.7387
2026-07-23T16:02:02.359,183.3497,1.609,5.68
2026-07-23T16:02:02.371,183.3685,1.5894,5.7975
2026-07-23T16:02:02.386,183.3685,1.6481,5.8171
2026-07-23T16:02:02.390,183.3815,1.6481,5.8562
2026-07-23T16:02:02.401,183.4085,1.7852,5.8758
2026-07-23T16:02:02.419,183.4133,1.6873,5.915
2026-07-23T16:02:02.419,183.4133,1.7656,5.915
2026-07-23T16:02:02.432,183.4133,1.6285,5.9345
2026-07-23T16:02:02.455,183.4453,1.7264,5.8366
2026-07-23T16:02:02.455,183.4453,1.6481,5.9345
2026-07-23T16:02:02.464,183.4453,1.7069,5.8954
2026-07-23T16:02:02.464,183.4453,1.609,5.9345
2026-07-23T16:02:02.480,183.4772,1.746,5.8758
2026-07-23T16:02:02.490,183.4772,1.609,5.8562
2026-07-23T16:02:02.496,183.4871,1.6873,5.8954
2026-07-23T16:02:02.519,183.5101,1.609,5.8758
2026-07-23T16:02:02.519,183.5101,1.6873,5.7583
2026-07-23T16:02:02.528,183.5101,1.6285,5.8562
2026-07-23T16:02:02.538,183.5399,1.7264,5.7779
2026-07-23T16:02:02.544,183.5399,1.7264,5.8366
2026-07-23T16:02:02.561,183.5399,1.6873,5.8171
2026-07-23T16:02:02.561,183.5557,1.6873,5.8171
2026-07-23T16:02:02.591,183.5715,1.6677,5.7583
2026-07-23T16:02:02.591,183.5715,1.6481,5.8366
2026-07-23T16:02:02.591,183.5715,1.7069,5.7191
2026-07-23T16:02:02.607,183.6124,1.7069,5.7779
2026-07-23T16:02:02.622,183.6124,1.6677,5.68
2026-07-23T16:02:02.622,183.6195,1.6481,5.7387
2026-07-23T16:02:02.638,183.6195,1.7656,5.7779
2026-07-23T16:02:02.660,183.6404,1.7264,5.7975
2026-07-23T16:02:02.663,183.6511,1.7264,5.6408
2026-07-23T16:02:02.670,183.6542,1.7264,5.7583
2026-07-23T16:02:02.670,183.6686,1.7069,5.7387
2026-07-23T16:02:02.691,183.6843,1.7264,5.7387
2026-07-23T16:02:02.705,183.6843,1.6873,5.7387
2026-07-23T16:02:02.705,183.6843,1.6873,5.7975
2026-07-23T16:02:02.719,183.715,1.7069,5.7191
2026-07-23T16:02:02.735,183.7185,1.6677,5.7387
2026-07-23T16:02:02.747,183.7406,1.7852,5.68
2026-07-23T16:02:02.753,183.7469,1.6677,5.7191
2026-07-23T16:02:02.766,183.7469,1.6677,5.68
2026-07-23T16:02:02.769,183.7469,1.6873,5.68
2026-07-23T16:02:02.769,183.7685,1.6481,5.6408
2026-07-23T16:02:02.791,183.7793,1.6285,5.6212
2026-07-23T16:02:02.798,183.7793,1.609,5.6017
2026-07-23T16:02:02.813,183.8102,1.5894,5.6017
2026-07-23T16:02:02.819,183.8175,1.6873,5.5038
2026-07-23T16:02:02.830,183.8211,1.5502,5.5625
2026-07-23T16:02:02.830,183.8269,1.5698,5.6408
2026-07-23T16:02:02.861,183.842,1.5698,5.5038
2026-07-23T16:02:02.861,183.858,1.5698,5.5038
2026-07-23T16:02:02.872,183.8629,1.6285,5.5625
2026-07-23T16:02:02.886,183.8897,1.6285,5.5429
2026-07-23T16:02:02.893,183.8897,1.6677,5.5821
2026-07-23T16:02:02.909,183.8897,1.6481,5.5038
2026-07-23T16:02:02.909,183.8897,1.7264,5.5625
2026-07-23T16:02:02.924,183.922,1.7069,5.5821
2026-07-23T16:02:02.925,183.922,1.7264,5.6604
2026-07-23T16:02:02.940,183.9356,1.6873,5.6408
2026-07-23T16:02:02.940,183.9376,1.8048,5.7191
2026-07-23T16:02:02.960,183.9535,1.746,5.7387
2026-07-23T16:02:02.973,183.9695,1.8048,5.8171
2026-07-23T16:02:02.986,183.9695,1.7656,5.68
2026-07-23T16:02:02.992,183.9695,1.8439,5.8171
2026-07-23T16:02:03.004,184.0094,1.8635,5.68
2026-07-23T16:02:03.004,184.0094,1.8635,5.7583
2026-07-23T16:02:03.020,184.0169,1.9418,5.7387
2026-07-23T16:02:03.020,184.0169,1.9614,5.8562
2026-07-23T16:02:03.039,184.0488,1.9027,5.8954
2026-07-23T16:02:03.053,184.0488,1.9614,5.9541
2026-07-23T16:02:03.068,184.0488,1.9027,5.9345
2026-07-23T16:02:03.068,184.0647,2.0593,5.9737
2026-07-23T16:02:03.093,184.0804,1.9614,5.9933
2026-07-23T16:02:03.093,184.0804,2.0201,6.0716
2026-07-23T16:02:03.115,184.1018,2.0397,6.0129
2026-07-23T16:02:03.115,184.1018,2.0985,6.2087
2026-07-23T16:02:03.122,184.1353,2.1181,6.0324
2026-07-23T16:02:03.131,184.1353,2.1964,6.1499
2026-07-23T16:02:03.131,184.142,2.216,6.1108
2026-07-23T16:02:03.153,184.1438,2.3139,6.1499
2026-07-23T16:02:03.160,184.1438,2.0985,6.1891
2026-07-23T16:02:03.179,184.1755,2.2355,6.2282
2026-07-23T16:02:03.179,184.1755,2.1768,6.2478
2026-07-23T16:02:03.193,184.1755,2.2747,6.2087
2026-07-23T16:02:03.195,184.1913,2.1572,6.1303
2026-07-23T16:02:03.210,184.2232,2.3334,6.2674
2026-07-23T16:02:03.226,184.2232,2.1964,6.1891
2026-07-23T16:02:03.226,184.2326,2.3334,6.1695
2026-07-23T16:02:03.242,184.2392,2.1768,6.2087
2026-07-23T16:02:03.253,184.2553,2.2943,6.1891
2026-07-23T16:02:03.261,184.271,2.2355,6.0912
2026-07-23T16:02:03.274,184.2725,2.3139,6.1108
2026-07-23T16:02:03.293,184.2795,2.1964,6.052
2026-07-23T16:02:03.293,184.2795,2.353,6.1303
2026-07-23T16:02:03.306,184.3098,2.2747,6.0324
2026-07-23T16:02:03.306,184.3098,2.353,6.0912
2026-07-23T16:02:03.330,184.3179,2.2355,6.0324
2026-07-23T16:02:03.330,184.3214,2.3334,6.052
2026-07-23T16:02:03.353,184.3503,2.216,6.052
2026-07-23T16:02:03.353,184.3503,2.4118,6.0716
2026-07-23T16:02:03.361,184.3503,2.2943,6.1108
2026-07-23T16:02:03.372,184.3686,2.4118,6.052
2026-07-23T16:02:03.384,184.3967,2.2943,6.0324
2026-07-23T16:02:03.393,184.4048,2.4118,5.9737
2026-07-23T16:02:03.401,184.4097,2.3139,5.915
2026-07-23T16:02:03.401,184.4127,2.353,5.9541
2026-07-23T16:02:03.419,184.4127,2.3139,5.9345
2026-07-23T16:02:03.432,184.4446,2.3922,5.9345
2026-07-23T16:02:03.447,184.4466,2.1964,5.8954
2026-07-23T16:02:03.447,184.4466,2.3726,5.9737
2026-07-23T16:02:03.464,184.4466,2.1964,5.8171
2026-07-23T16:02:03.464,184.4766,2.4509,5.9541
2026-07-23T16:02:03.486,184.488,2.2355,5.915
2026-07-23T16:02:03.497,184.4926,2.4313,5.9737
2026-07-23T16:02:03.497,184.4926,2.2551,5.8366
2026-07-23T16:02:03.527,184.5245,2.4313,5.8954
2026-07-23T16:02:03.527,184.5245,2.3139,5.8758
2026-07-23T16:02:03.527,184.5299,2.4509,5.915
2026-07-23T16:02:03.543,184.5299,2.3922,5.8562
2026-07-23T16:02:03.553,184.5558,2.6076,5.8954
2026-07-23T16:02:03.561,184.5558,2.4118,5.7583
2026-07-23T16:02:03.575,184.5558,2.4705,5.8562
2026-07-23T16:02:03.586,184.5717,2.3726,5.8758
2026-07-23T16:02:03.594,184.6036,2.5684,5.8562
2026-07-23T16:02:03.607,184.6036,2.3726,5.7583
2026-07-23T16:02:03.607,184.6099,2.6076,5.8171
2026-07-23T16:02:03.622,184.6135,2.4118,5.7583
2026-07-23T16:02:03.622,184.6356,2.6859,5.8954
2026-07-23T16:02:03.638,184.6434,2.3922,5.7975
2026-07-23T16:02:03.661,184.6434,2.6272,5.8562
2026-07-23T16:02:03.661,184.6434,2.4509,5.7975
2026-07-23T16:02:03.670,184.6551,2.6859,5.8758
2026-07-23T16:02:03.670,184.6841,2.5097,5.7779
2026-07-23T16:02:03.694,184.6841,2.7251,5.8171
2026-07-23T16:02:03.694,184.697,2.5292,5.8954
2026-07-23T16:02:03.706,184.7153,2.7642,5.9737
2026-07-23T16:02:03.719,184.7313,2.4509,5.8954
2026-07-23T16:02:03.735,184.7313,2.6859,5.9345
2026-07-23T16:02:03.748,184.7384,2.5097,5.9737
2026-07-23T16:02:03.753,184.7384,2.7055,5.9737
2026-07-23T16:02:03.763,184.7686,2.5488,5.8366
2026-07-23T16:02:03.766,184.7686,2.6859,5.8758
2026-07-23T16:02:03.782,184.7803,2.5292,5.8366
2026-07-23T16:02:03.795,184.7803,2.7446,5.9345
2026-07-23T16:02:03.813,184.8102,2.4901,5.9541
2026-07-23T16:02:03.813,184.8102,2.8034,5.9345
2026-07-23T16:02:03.819,184.8102,2.5684,5.8366
2026-07-23T16:02:03.831,184.8218,2.7642,5.9737
2026-07-23T16:02:03.845,184.8441,2.588,5.9541
2026-07-23T16:02:03.853,184.8441,2.8621,6.0129
2026-07-23T16:02:03.861,184.8582,2.5292,5.9541
2026-07-23T16:02:03.873,184.8638,2.8034,6.0129
2026-07-23T16:02:03.877,184.89,2.588,5.9933
2026-07-23T16:02:03.895,184.89,2.8621,5.9933
2026-07-23T16:02:03.895,184.89,2.5684,5.8954
2026-07-23T16:02:03.915,184.89,2.7838,5.9737
2026-07-23T16:02:03.925,184.9215,2.588,5.8562
2026-07-23T16:02:03.925,184.9215,2.823,5.9541
2026-07-23T16:02:03.941,184.9373,2.5292,5.9737
2026-07-23T16:02:03.941,184.9373,2.7446,5.8758
2026-07-23T16:02:03.961,184.9687,2.5684,5.8758
2026-07-23T16:02:03.972,184.9687,2.8425,5.8758
2026-07-23T16:02:03.972,184.9687,2.6272,5.8171
2026-07-23T16:02:03.998,184.9687,2.823,5.915
2026-07-23T16:02:04.004,185.0023,2.588,5.915
2026-07-23T16:02:04.004,185.0104,2.8425,5.9345
2026-07-23T16:02:04.020,185.0104,2.6076,5.8562
2026-07-23T16:02:04.020,185.0167,2.7838,5.8954
2026-07-23T16:02:04.052,185.0355,2.6076,5.8171
2026-07-23T16:02:04.053,185.0355,2.7055,5.8562
2026-07-23T16:02:04.061,185.0485,2.5684,5.7191
2026-07-23T16:02:04.068,185.0721,2.7838,5.7583
2026-07-23T16:02:04.083,185.0805,2.5684,5.7975
2026-07-23T16:02:04.086,185.081,2.7446,5.7387
2026-07-23T16:02:04.099,185.081,2.6859,5.6408
2026-07-23T16:02:04.115,185.1141,2.7251,5.7583
2026-07-23T16:02:04.123,185.1141,2.6076,5.6996
2026-07-23T16:02:04.132,185.1141,2.7642,5.7387
2026-07-23T16:02:04.132,185.1449,2.5488,5.7583
2026-07-23T16:02:04.153,185.1449,2.8034,5.7583
2026-07-23T16:02:04.165,185.1449,2.5488,5.7191
2026-07-23T16:02:04.165,185.1556,2.7251,5.7583
2026-07-23T16:02:04.194,185.1751,2.6272,5.7779
2026-07-23T16:02:04.194,185.1751,2.8817,5.8171
2026-07-23T16:02:04.196,185.1908,2.6076,5.7583
2026-07-23T16:02:04.226,185.2104,2.8425,5.8171
2026-07-23T16:02:04.226,185.2229,2.6663,5.7583
2026-07-23T16:02:04.226,185.224,2.8425,5.8171
2026-07-23T16:02:04.242,185.224,2.6467,5.7779
2026-07-23T16:02:04.253,185.2537,2.8425,5.7583
2026-07-23T16:02:04.261,185.2537,2.7251,5.7583
2026-07-23T16:02:04.275,185.2537,2.9404,5.7583
2026-07-23T16:02:04.286,185.2696,2.7055,5.7387
2026-07-23T16:02:04.296,185.2855,2.8034,5.7387
2026-07-23T16:02:04.304,185.2855,2.6272,5.7191
2026-07-23T16:02:04.304,185.3022,2.8034,5.68
2026-07-23T16:02:04.320,185.3284,2.7251,5.6996
2026-07-23T16:02:04.336,185.337,2.823,5.7583
2026-07-23T16:02:04.336,185.337,2.6859,5.6604
2026-07-23T16:02:04.353,185.3432,2.9013,5.6996
2026-07-23T16:02:04.368,185.364,2.7446,5.7387
2026-07-23T16:02:04.379,185.3687,2.9404,5.7191
2026-07-23T16:02:04.386,185.3687,2.7838,5.7387
2026-07-23T16:02:04.394,185.3687,2.9013,5.8366
2026-07-23T16:02:04.400,185.3956,2.7642,5.7583
2026-07-23T16:02:04.415,185.4061,2.9992,5.7779
2026-07-23T16:02:04.419,185.4117,2.823,5.8758
2026-07-23T16:02:04.431,185.4353,3.0383,5.915
2026-07-23T16:02:04.446,185.4353,2.9013,5.8954
2026-07-23T16:02:04.446,185.4435,3.0775,5.915
2026-07-23T16:02:04.462,185.4476,2.96,5.9345
2026-07-23T16:02:04.462,185.4685,3.1363,5.9345
2026-07-23T16:02:04.478,185.4752,2.9992,5.8366
2026-07-23T16:02:04.486,185.4752,3.1754,5.9345
2026-07-23T16:02:04.498,185.5108,3.0188,5.915
2026-07-23T16:02:04.519,185.5108,3.2342,5.9541
2026-07-23T16:02:04.526,185.5108,3.0971,6.0129
2026-07-23T16:02:04.526,185.5227,3.2537,6.0324
2026-07-23T16:02:04.540,185.5466,3.1363,6.1108
2026-07-23T16:02:04.558,185.5542,3.2929,6.0912
2026-07-23T16:02:04.562,185.5542,3.2146,6.1108
2026-07-23T16:02:04.573,185.5542,3.3908,6.0912
2026-07-23T16:02:04.582,185.5857,3.2929,6.1891
2026-07-23T16:02:04.597,185.5857,3.4887,6.287
2026-07-23T16:02:04.605,185.5857,3.4887,6.2674
2026-07-23T16:02:04.605,185.5857,3.5866,6.3849
2026-07-23T16:02:04.624,185.6174,3.5083,6.4436
2026-07-23T16:02:04.624,185.6174,3.6845,6.4436
2026-07-23T16:02:04.637,185.6174,3.567,6.4241
2026-07-23T16:02:04.637,185.6563,3.802,6.4045
2026-07-23T16:02:04.668,185.6563,3.6062,6.5415
2026-07-23T16:02:04.668,185.6646,3.8216,6.5415
2026-07-23T16:02:04.686,185.6686,3.7041,6.5415
2026-07-23T16:02:04.700,185.6816,3.9195,6.522
2026-07-23T16:02:04.700,185.6816,3.7824,6.5024
2026-07-23T16:02:04.715,185.6965,3.9391,6.6003
2026-07-23T16:02:04.719,185.713,3.8412,6.5807
2026-07-23T16:02:04.732,185.713,3.9782,6.5611
2026-07-23T16:02:04.732,185.713,3.8412,6.5024
2026-07-23T16:02:04.762,185.7473,3.9978,6.5611
2026-07-23T16:02:04.764,185.7473,3.8999,6.5611
2026-07-23T16:02:04.779,185.7604,4.037,6.659
2026-07-23T16:02:04.779,185.7604,3.9586,6.6199
2026-07-23T16:02:04.798,185.7922,4.1153,6.659
2026-07-23T16:02:04.798,185.7922,3.9782,6.6786
2026-07-23T16:02:04.811,185.7922,4.0957,6.6786
2026-07-23T16:02:04.819,185.8242,3.9195,6.6003
2026-07-23T16:02:04.832,185.8242,4.037,6.7178
2026-07-23T16:02:04.843,185.8357,3.9391,6.6394
2026-07-23T16:02:04.843,185.8403,4.1349,6.6199
2026-07-23T16:02:04.862,185.8688,3.9586,6.6982
2026-07-23T16:02:04.862,185.8688,4.1936,6.7765
2026-07-23T16:02:04.886,185.872,3.9978,6.7178
2026-07-23T16:02:04.891,185.9035,4.1349,6.6982
2026-07-23T16:02:04.899,185.9109,4.0565,6.7178
2026-07-23T16:02:04.907,185.9109,4.1349,6.6786
2026-07-23T16:02:04.923,185.9109,3.9782,6.6199
2026-07-23T16:02:04.939,185.9354,4.0957,6.5415
2026-07-23T16:02:04.939,185.948,3.9391,6.6003
2026-07-23T16:02:04.954,185.9515,4.0761,6.5611
2026-07-23T16:02:04.962,185.9515,3.9782,6.6199
2026-07-23T16:02:04.978,185.9685,4.0761,6.5807
2026-07-23T16:02:04.986,185.9834,3.9391,6.5611
2026-07-23T16:02:04.986,185.9834,3.9782,6.4828
2026-07-23T16:02:05.002,185.9834,3.9586,6.522
2026-07-23T16:02:05.002,186.0111,4.0761,6.5024
2026-07-23T16:02:05.019,186.0152,4.037,6.5611
2026-07-23T16:02:05.019,186.0152,3.9978,6.4828
2026-07-23T16:02:05.041,186.0466,3.8803,6.4045
2026-07-23T16:02:05.053,186.0481,3.9978,6.4632
2026-07-23T16:02:05.066,186.0481,3.8216,6.522
2026-07-23T16:02:05.066,186.0481,4.037,6.3849
2026-07-23T16:02:05.086,186.0783,3.8412,6.4828
2026-07-23T16:02:05.086,186.0783,3.9586,6.4241
2026-07-23T16:02:05.099,186.094,3.8803,6.5024
2026-07-23T16:02:05.129,186.1152,4.0174,6.4436
2026-07-23T16:02:05.129,186.1152,3.8607,6.5024
2026-07-23T16:02:05.129,186.1152,4.0174,6.4632
2026-07-23T16:02:05.145,186.1257,3.9586,6.4632
2026-07-23T16:02:05.153,186.1484,3.9782,6.4828
2026-07-23T16:02:05.162,186.1484,3.9782,6.5024
2026-07-23T16:02:05.166,186.1575,4.0957,6.5024
2026-07-23T16:02:05.186,186.1734,4.037,6.522
2026-07-23T16:02:05.193,186.1894,4.1544,6.522
2026-07-23T16:02:05.199,186.1894,4.0565,6.5611
2026-07-23T16:02:05.208,186.1982,4.3894,6.4828
2026-07-23T16:02:05.224,186.222,4.2524,6.5415
2026-07-23T16:02:05.224,186.222,4.3111,6.5024
2026-07-23T16:02:05.240,186.2333,4.1544,6.522
2026-07-23T16:02:05.253,186.2528,4.2719,6.5024
2026-07-23T16:02:05.273,186.2528,4.1349,6.5415
2026-07-23T16:02:05.273,186.2689,4.2524,6.4241
2026-07-23T16:02:05.284,186.2689,4.174,6.5611
2026-07-23T16:02:05.291,186.2847,4.3111,6.4632
2026-07-23T16:02:05.304,186.3019,4.2132,6.5415
2026-07-23T16:02:05.304,186.3114,4.2719,6.5415
2026-07-23T16:02:05.320,186.3114,4.2524,6.6199
2026-07-23T16:02:05.333,186.3356,4.3698,6.522
2026-07-23T16:02:05.336,186.3488,4.2719,6.659
2026-07-23T16:02:05.353,186.3488,4.3698,6.522
2026-07-23T16:02:05.368,186.3488,4.2524,6.5807
2026-07-23T16:02:05.374,186.3807,4.409,6.5807
2026-07-23T16:02:05.386,186.3807,4.2524,6.5807
2026-07-23T16:02:05.386,186.3965,4.4482,6.6199
2026-07-23T16:02:05.400,186.4028,4.409,6.659
2026-07-23T16:02:05.400,186.4053,4.4873,6.6199
2026-07-23T16:02:05.420,186.4283,4.4873,6.6786
2026-07-23T16:02:05.431,186.4283,4.5852,6.6982
2026-07-23T16:02:05.431,186.4354,4.4873,6.659
2026-07-23T16:02:05.454,186.4444,4.5461,6.659
2026-07-23T16:02:05.463,186.46,4.5265,6.6199
2026-07-23T16:02:05.463,186.4686,4.6048,6.6786
2026-07-23T16:02:05.479,186.4759,4.5852,6.6982
2026-07-23T16:02:05.495,186.4759,4.644,6.6394
2026-07-23T16:02:05.500,186.5114,4.7223,6.7178
2026-07-23T16:02:05.511,186.5114,4.644,6.6786
2026-07-23T16:02:05.527,186.5239,4.6244,6.6786
2026-07-23T16:02:05.527,186.5239,4.5852,6.6786
2026-07-23T16:02:05.559,186.5561,4.644,6.6982
2026-07-23T16:02:05.562,186.5561,4.6244,6.6199
2026-07-23T16:02:05.562,186.5561,4.6635,6.6394
2026-07-23T16:02:05.562,186.5718,4.6244,6.659
2026-07-23T16:02:05.583,186.5884,4.6048,6.6199
2026-07-23T16:02:05.591,186.6039,4.5852,6.6982
2026-07-23T16:02:05.600,186.6039,4.6244,6.6199
2026-07-23T16:02:05.623,186.6195,4.6048,6.5807
2026-07-23T16:02:05.625,186.6195,4.6244,6.6982
2026-07-23T16:02:05.625,186.6354,4.6635,6.659
2026-07-23T16:02:05.639,186.6514,4.6635,6.7178
2026-07-23T16:02:05.655,186.6574,4.6244,6.6003
2026-07-23T16:02:05.670,186.6574,4.6831,6.7373
2026-07-23T16:02:05.670,186.6832,4.6244,6.6394
2026-07-23T16:02:05.670,186.6832,4.644,6.6786
2026-07-23T16:02:05.686,186.6832,4.5852,6.6982
2026-07-23T16:02:05.708,186.7044,4.7419,6.7569
2026-07-23T16:02:05.708,186.7065,4.7027,6.7178
2026-07-23T16:02:05.719,186.7305,4.7615,6.8548
2026-07-23T16:02:05.734,186.7305,4.6831,6.8744
2026-07-23T16:02:05.734,186.7407,4.781,6.9136
2026-07-23T16:02:05.757,186.7502,4.7027,6.8548
2026-07-23T16:02:05.766,186.7798,4.8398,6.9527
2026-07-23T16:02:05.781,186.7824,4.7223,6.894
2026-07-23T16:02:05.781,186.7824,4.8985,6.9919
2026-07-23T16:02:05.797,186.7824,4.6831,6.9723
2026-07-23T16:02:05.801,186.7944,4.8594,7.1094
2026-07-23T16:02:05.813,186.8241,4.7615,7.0311
2026-07-23T16:02:05.820,186.8259,4.8594,7.129
2026-07-23T16:02:05.833,186.8259,4.7223,7.0115
2026-07-23T16:02:05.845,186.8357,4.8594,7.0311
2026-07-23T16:02:05.863,186.869,4.7223,7.0115
2026-07-23T16:02:05.863,186.869,4.8006,7.0311
2026-07-23T16:02:05.875,186.869,4.6635,7.0115
2026-07-23T16:02:05.886,186.8738,4.8789,7.0898
2026-07-23T16:02:05.893,186.8897,4.7223,7.0702
2026-07-23T16:02:05.909,186.9076,4.8985,7.129
2026-07-23T16:02:05.909,186.9076,4.8594,7.0506
2026-07-23T16:02:05.925,186.9116,4.9377,7.1681
2026-07-23T16:02:05.940,186.9374,4.781,7.0702
2026-07-23T16:02:05.940,186.9513,4.9181,7.129
2026-07-23T16:02:05.958,186.9533,4.7615,7.1094
2026-07-23T16:02:05.962,186.9533,4.9573,7.129
2026-07-23T16:02:05.988,186.9848,4.8202,7.129
2026-07-23T16:02:05.988,186.9863,5.016,7.129
2026-07-23T16:02:06.000,186.9908,4.8398,7.1485
2026-07-23T16:02:06.002,186.9908,5.0356,7.1877
2026-07-23T16:02:06.020,187.0168,4.8398,7.129
2026-07-23T16:02:06.020,187.0168,5.0552,7.2073
2026-07-23T16:02:06.037,187.0326,4.8985,7.1485
2026-07-23T16:02:06.042,187.0353,5.1922,7.1877
2026-07-23T16:02:06.052,187.0353,4.8985,7.1877
2026-07-23T16:02:06.068,187.0514,5.0943,7.266
2026-07-23T16:02:06.068,187.0643,4.9181,7.2269
2026-07-23T16:02:06.086,187.0689,5.0943,7.2269
2026-07-23T16:02:06.102,187.0993,4.9573,7.266
2026-07-23T16:02:06.102,187.102,5.0747,7.2269
2026-07-23T16:02:06.115,187.102,4.8985,7.2269
2026-07-23T16:02:06.125,187.1278,5.1139,7.3639
2026-07-23T16:02:06.131,187.1278,4.9377,7.266
2026-07-23T16:02:06.131,187.1353,5.1335,7.3052
2026-07-23T16:02:06.153,187.1353,4.9181,7.2856
2026-07-23T16:02:06.162,187.1593,5.1531,7.3639
2026-07-23T16:02:06.179,187.1724,5.016,7.3248
2026-07-23T16:02:06.186,187.1751,5.2706,7.4423
2026-07-23T16:02:06.194,187.1751,5.0552,7.4423
2026-07-23T16:02:06.203,187.2019,5.2706,7.501
2026-07-23T16:02:06.210,187.207,5.0943,7.4814
2026-07-23T16:02:06.226,187.2156,5.388,7.5402
2026-07-23T16:02:06.226,187.2229,5.1335,7.5206
2026-07-23T16:02:06.242,187.2409,5.3489,7.501
2026-07-23T16:02:06.253,187.2409,5.1726,7.5402
2026-07-23T16:02:06.266,187.2547,5.3685,7.5597
2026-07-23T16:02:06.274,187.2547,5.2118,7.5597
2026-07-23T16:02:06.292,187.2863,5.4468,7.5206
2026-07-23T16:02:06.292,187.2863,5.2901,7.5793
2026-07-23T16:02:06.306,187.2863,5.4272,7.5206
2026-07-23T16:02:06.321,187.3244,5.2706,7.5793
2026-07-23T16:02:06.321,187.3244,5.388,7.5402
2026-07-23T16:02:06.334,187.3244,5.2706,7.4618
2026-07-23T16:02:06.337,187.3368,5.388,7.5989
2026-07-23T16:02:06.369,187.3528,5.2118,7.5206
2026-07-23T16:02:06.369,187.3663,5.4468,7.5597
2026-07-23T16:02:06.375,187.3688,5.251,7.5206
2026-07-23T16:02:06.388,187.3688,5.4664,7.501
2026-07-23T16:02:06.388,187.402,5.2901,7.501
2026-07-23T16:02:06.404,187.402,5.388,7.5206
2026-07-23T16:02:06.404,187.402,5.2118,7.5402
2026-07-23T16:02:06.420,187.4078,5.4272,7.4227
2026-07-23T16:02:06.432,187.4284,5.1922,7.4227
2026-07-23T16:02:06.448,187.4355,5.3489,7.4031
2026-07-23T16:02:06.453,187.4355,5.251,7.4423
2026-07-23T16:02:06.463,187.4686,5.3097,7.4423
2026-07-23T16:02:06.479,187.4686,5.1726,7.4814
2026-07-23T16:02:06.479,187.4773,5.3685,7.501
2026-07-23T16:02:06.495,187.4826,5.1726,7.4618
2026-07-23T16:02:06.511,187.5082,5.3685,7.4814
2026-07-23T16:02:06.511,187.5129,5.1726,7.4618
2026-07-23T16:02:06.519,187.5129,5.4076,7.4618
2026-07-23T16:02:06.534,187.5129,5.1531,7.4031
2026-07-23T16:02:06.553,187.5401,5.3685,7.4814
2026-07-23T16:02:06.553,187.5401,5.0943,7.4814
2026-07-23T16:02:06.564,187.5558,5.3489,7.4423
2026-07-23T16:02:06.564,187.5748,5.1335,7.4423
2026-07-23T16:02:06.591,187.5874,5.2706,7.4031
2026-07-23T16:02:06.591,187.5874,5.1335,7.4814
2026-07-23T16:02:06.607,187.5874,5.2706,7.4814
2026-07-23T16:02:06.619,187.62,5.1335,7.4618
2026-07-23T16:02:06.626,187.62,5.3097,7.4423
2026-07-23T16:02:06.626,187.62,5.1726,7.4814
2026-07-23T16:02:06.638,187.62,5.3685,7.501
2026-07-23T16:02:06.664,187.6581,5.2314,7.4423
2026-07-23T16:02:06.664,187.6581,5.3293,7.4618
2026-07-23T16:02:06.671,187.6581,5.1726,7.4423
2026-07-23T16:02:06.671,187.6675,5.3097,7.4423
2026-07-23T16:02:06.702,187.6833,5.1139,7.4031
2026-07-23T16:02:06.702,187.6833,5.2901,7.3444
2026-07-23T16:02:06.709,187.7001,5.0747,7.3835
2026-07-23T16:02:06.734,187.7149,5.3293,7.3248
2026-07-23T16:02:06.734,187.7149,5.1531,7.3639
2026-07-23T16:02:06.734,187.7309,5.3489,7.2856
2026-07-23T16:02:06.753,187.7354,5.1726,7.3835
2026-07-23T16:02:06.766,187.7627,5.016,7.2856
2026-07-23T16:02:06.766,187.7627,5.1726,7.3248
2026-07-23T16:02:06.786,187.7689,5.2706,7.3444
2026-07-23T16:02:06.805,187.8023,5.1726,7.3639
2026-07-23T16:02:06.805,187.8023,5.2314,7.3639
2026-07-23T16:02:06.813,187.8023,5.0943,7.4227
2026-07-23T16:02:06.820,187.8262,5.3293,7.3052
2026-07-23T16:02:06.834,187.8357,5.1531,7.501
2026-07-23T16:02:06.845,187.8357,5.388,7.501
2026-07-23T16:02:06.853,187.8432,5.2118,7.5989
2026-07-23T16:02:06.864,187.8688,5.5251,7.5597
2026-07-23T16:02:06.877,187.8739,5.3489,7.6772
2026-07-23T16:02:06.887,187.8739,5.5055,7.6576
2026-07-23T16:02:06.894,187.8739,5.3097,7.7164
2026-07-23T16:02:06.918,187.9136,5.5251,7.6772
2026-07-23T16:02:06.918,187.9136,5.3489,7.6968
2026-07-23T16:02:06.925,187.9136,5.6426,7.7555
2026-07-23T16:02:06.925,187.9215,5.4664,7.8339
2026-07-23T16:02:06.940,187.955,5.6622,7.7751
2026-07-23T16:02:06.959,187.955,5.4468,7.8143
2026-07-23T16:02:06.964,187.955,5.6817,7.7751
2026-07-23T16:02:06.974,187.955,5.5055,7.8926
2026-07-23T16:02:06.988,187.9918,5.7013,7.736
2026-07-23T16:02:06.988,187.9918,5.5251,7.7164
2026-07-23T16:02:07.006,188.0004,5.7797,7.7164
2026-07-23T16:02:07.006,188.0025,5.6034,7.7555
2026-07-23T16:02:07.020,188.0326,5.7797,7.6968
2026-07-23T16:02:07.043,188.0357,5.5447,7.7751
2026-07-23T16:02:07.043,188.0357,5.8188,7.736
2026-07-23T16:02:07.053,188.0357,5.6622,7.736
2026-07-23T16:02:07.068,188.069,5.858,7.736
2026-07-23T16:02:07.068,188.069,5.7013,7.7751
2026-07-23T16:02:07.087,188.0755,5.9167,7.8339
2026-07-23T16:02:07.087,188.0755,5.7992,7.8535
2026-07-23T16:02:07.115,188.1023,5.9755,7.9318
2026-07-23T16:02:07.115,188.1023,5.7992,7.9514
2026-07-23T16:02:07.126,188.1023,6.0146,7.8926
2026-07-23T16:02:07.131,188.1357,5.8384,7.8535
2026-07-23T16:02:07.147,188.1357,6.0929,7.9318
2026-07-23T16:02:07.153,188.1437,5.9363,7.9709
2026-07-23T16:02:07.168,188.1691,6.1125,7.9318
2026-07-23T16:02:07.179,188.1754,5.9755,8.0884
2026-07-23T16:02:07.179,188.1754,6.1321,7.9709
2026-07-23T16:02:07.195,188.1754,5.995,8.0688
2026-07-23T16:02:07.206,188.2145,6.2496,8.0493
2026-07-23T16:02:07.220,188.2145,6.1908,8.0688
2026-07-23T16:02:07.226,188.2145,6.3867,8.108
2026-07-23T16:02:07.226,188.2236,6.2104,8.1863
2026-07-23T16:02:07.260,188.2458,6.3867,8.3234
2026-07-23T16:02:07.260,188.2558,6.2104,8.2451
2026-07-23T16:02:07.265,188.2569,6.3279,8.1667
2026-07-23T16:02:07.274,188.2569,6.1908,8.1667
2026-07-23T16:02:07.290,188.287,6.4454,8.1863
2026-07-23T16:02:07.297,188.287,6.2888,8.2842
2026-07-23T16:02:07.307,188.287,6.4454,8.2842
2026-07-23T16:02:07.308,188.3023,6.3083,8.3234
2026-07-23T16:02:07.322,188.3342,6.4454,8.2646
2026-07-23T16:02:07.338,188.3347,6.3475,8.3038
2026-07-23T16:02:07.338,188.3357,6.4062,8.2451
2026-07-23T16:02:07.353,188.3357,6.3671,8.2255
2026-07-23T16:02:07.365,188.369,6.4454,8.2059
2026-07-23T16:02:07.376,188.369,6.3083,8.2646
2026-07-23T16:02:07.385,188.369,6.4258,8.2255
2026-07-23T16:02:07.387,188.369,6.3867,8.2842
2026-07-23T16:02:07.401,188.4024,6.5629,8.2646
2026-07-23T16:02:07.417,188.4024,6.3867,8.2646
2026-07-23T16:02:07.420,188.4093,6.602,8.2255
2026-07-23T16:02:07.449,188.4354,6.465,8.3234
2026-07-23T16:02:07.449,188.4354,6.6804,8.2646
2026-07-23T16:02:07.453,188.4354,6.5041,8.3626
2026-07-23T16:02:07.465,188.445,6.5825,8.3821
2026-07-23T16:02:07.465,188.4689,6.5237,8.4017
2026-07-23T16:02:07.486,188.4773,6.6412,8.3626
2026-07-23T16:02:07.496,188.4773,6.5433,8.3626
2026-07-23T16:02:07.512,188.5084,6.5825,8.2842
2026-07-23T16:02:07.520,188.5148,6.5041,8.2842
2026-07-23T16:02:07.528,188.5148,6.5825,8.2842
2026-07-23T16:02:07.528,188.5148,6.465,8.343
2026-07-23T16:02:07.543,188.5404,6.5825,8.3038
2026-07-23T16:02:07.559,188.5404,6.465,8.3038
2026-07-23T16:02:07.566,188.5404,6.5433,8.2451
2026-07-23T16:02:07.575,188.5757,6.4846,8.2842
2026-07-23T16:02:07.575,188.5757,6.5041,8.343
2026-07-23T16:02:07.591,188.5879,6.4258,8.343
2026-07-23T16:02:07.607,188.5879,6.4846,8.4213
2026-07-23T16:02:07.608,188.6179,6.4258,8.4213
2026-07-23T16:02:07.626,188.6196,6.5041,8.3821
2026-07-23T16:02:07.626,188.6196,6.3475,8.4213
2026-07-23T16:02:07.639,188.6196,6.5237,8.343
2026-07-23T16:02:07.655,188.6521,6.4062,8.3821
2026-07-23T16:02:07.666,188.6575,6.4846,8.343
2026-07-23T16:02:07.670,188.6595,6.4846,8.343
2026-07-23T16:02:07.686,188.6829,6.5629,8.343
2026-07-23T16:02:07.686,188.6829,6.4258,8.4017
2026-07-23T16:02:07.708,188.6989,6.4846,8.3626
2026-07-23T16:02:07.718,188.7025,6.4846,8.343
2026-07-23T16:02:07.720,188.7147,6.5237,8.343
2026-07-23T16:02:07.734,188.7304,6.4846,8.3626
2026-07-23T16:02:07.750,188.7358,6.5041,8.2842
2026-07-23T16:02:07.753,188.7579,6.4454,8.2842
2026-07-23T16:02:07.766,188.7632,6.4454,8.2646
2026-07-23T16:02:07.766,188.7632,6.4258,8.2842
2026-07-23T16:02:07.787,188.7692,6.465,8.3234
2026-07-23T16:02:07.797,188.7943,6.4846,8.3234
2026-07-23T16:02:07.809,188.7943,6.5041,8.2646
2026-07-23T16:02:07.814,188.8024,6.5629,8.3038
2026-07-23T16:02:07.830,188.8263,6.5041,8.2451
2026-07-23T16:02:07.835,188.8263,6.5237,8.2059
2026-07-23T16:02:07.845,188.8356,6.465,8.2451
2026-07-23T16:02:07.853,188.8356,6.5237,8.3038
2026-07-23T16:02:07.866,188.8584,6.4454,8.2646
2026-07-23T16:02:07.877,188.8688,6.5041,8.2646
2026-07-23T16:02:07.886,188.875,6.4846,8.2646
2026-07-23T16:02:07.894,188.9054,6.465,8.3234
2026-07-23T16:02:07.909,188.9096,6.4846,8.2255
2026-07-23T16:02:07.909,188.9151,6.5237,8.3038
2026-07-23T16:02:07.926,188.9151,6.465,8.3234
2026-07-23T16:02:07.940,188.9376,6.5041,8.3821
2026-07-23T16:02:07.940,188.9376,6.5433,8.3234
2026-07-23T16:02:07.956,188.9514,6.6412,8.343
2026-07-23T16:02:07.966,188.9534,6.6608,8.3821
2026-07-23T16:02:07.972,188.9587,6.602,8.3038
2026-07-23T16:02:07.988,188.9849,6.5825,8.3038
2026-07-23T16:02:07.988,188.9849,6.5825,8.3234
2026-07-23T16:02:08.009,188.993,6.5629,8.1667
2026-07-23T16:02:08.020,189.0164,6.6608,8.1863
2026-07-23T16:02:08.020,189.0164,6.5825,8.2059
2026-07-23T16:02:08.036,189.0164,6.7783,8.3038
2026-07-23T16:02:08.044,189.0348,6.7195,8.1472
2026-07-23T16:02:08.053,189.0593,6.7587,8.1863
2026-07-23T16:02:08.066,189.0593,7.1111,8.2059
2026-07-23T16:02:08.067,189.0692,6.8762,8.1863
2026-07-23T16:02:08.086,189.0692,6.9741,8.1472
2026-07-23T16:02:08.104,189.085,7.072,8.1667
2026-07-23T16:02:08.104,189.085,7.1111,8.1667
2026-07-23T16:02:08.120,189.1022,7.1503,8.1667
2026-07-23T16:02:08.120,189.1022,7.2482,8.1472
2026-07-23T16:02:08.136,189.1184,7.444,8.2059
2026-07-23T16:02:08.136,189.1358,7.4244,8.2059
2026-07-23T16:02:08.153,189.1358,7.5811,8.2451
2026-07-23T16:02:08.169,189.169,7.5615,8.343
2026-07-23T16:02:08.169,189.169,7.679,8.4409
2026-07-23T16:02:08.187,189.169,7.6986,8.4213
2026-07-23T16:02:08.187,189.169,7.679,8.4605
2026-07-23T16:02:08.211,189.2023,7.7377,8.5975
2026-07-23T16:02:08.211,189.2023,7.8161,8.4017
2026-07-23T16:02:08.220,189.2023,7.8552,8.4213
2026-07-23T16:02:08.236,189.2356,7.8748,8.4213
2026-07-23T16:02:08.236,189.2356,7.8552,8.48
2026-07-23T16:02:08.253,189.2433,7.9923,8.48
2026-07-23T16:02:08.253,189.2433,7.8552,8.5779
2026-07-23T16:02:08.284,189.2691,7.8748,8.5388
2026-07-23T16:02:08.284,189.2691,7.8161,8.6367
2026-07-23T16:02:08.294,189.2805,7.8552,8.5975
2026-07-23T16:02:08.317,189.3021,7.8161,8.5584
2026-07-23T16:02:08.317,189.3021,7.7573,8.5388
2026-07-23T16:02:08.331,189.3126,7.7377,8.5975
2026-07-23T16:02:08.331,189.3355,7.679,8.6171
2026-07-23T16:02:08.347,189.3444,7.6398,8.6563
2026-07-23T16:02:08.353,189.3444,7.6986,8.6171
2026-07-23T16:02:08.366,189.3444,7.679,8.5584
2026-07-23T16:02:08.386,189.3769,7.6986,8.5975
2026-07-23T16:02:08.386,189.3769,7.5615,8.6563
2026-07-23T16:02:08.395,189.3769,7.7181,8.6758
2026-07-23T16:02:08.411,189.4082,7.6594,8.715
2026-07-23T16:02:08.420,189.4102,7.7377,8.6954
2026-07-23T16:02:08.420,189.4102,7.6007,8.715
2026-07-23T16:02:08.428,189.4158,7.7377,8.6758
2026-07-23T16:02:08.453,189.4396,7.6986,8.7542
2026-07-23T16:02:08.459,189.4396,7.7377,8.6758
2026-07-23T16:02:08.467,189.4396,7.6594,8.715
2026-07-23T16:02:08.474,189.4709,7.7377,8.6367
2026-07-23T16:02:08.486,189.4709,7.6202,8.8129
2026-07-23T16:02:08.490,189.4709,7.7377,8.715
2026-07-23T16:02:08.506,189.5025,7.6594,8.7346
2026-07-23T16:02:08.522,189.5025,7.8161,8.7346
2026-07-23T16:02:08.522,189.5159,7.7181,8.715
2026-07-23T16:02:08.522,189.5195,7.7573,8.715
2026-07-23T16:02:08.553,189.5352,7.6594,8.715
2026-07-23T16:02:08.553,189.5352,7.7573,8.715
2026-07-23T16:02:08.567,189.5503,7.5811,8.7542
2026-07-23T16:02:08.577,189.5821,7.6986,8.6563
2026-07-23T16:02:08.586,189.5821,7.6594,8.7542
2026-07-23T16:02:08.586,189.5821,7.8356,8.7933
2026-07-23T16:02:08.605,189.5821,7.7181,8.8325
2026-07-23T16:02:08.628,189.6186,7.7965,8.8129
2026-07-23T16:02:08.628,189.6186,7.6986,8.8521
2026-07-23T16:02:08.633,189.6186,7.7377,8.6954
2026-07-23T16:02:08.633,189.6293,7.6594,8.8325
2026-07-23T16:02:08.664,189.6611,7.6986,8.7542
2026-07-23T16:02:08.669,189.6691,7.679,8.715
2026-07-23T16:02:08.669,189.6763,7.7181,8.6954
2026-07-23T16:02:08.680,189.6783,7.6594,8.7933
2026-07-23T16:02:08.696,189.708,7.7573,8.715
2026-07-23T16:02:08.712,189.708,7.6986,8.7542
2026-07-23T16:02:08.720,189.7124,7.7573,8.715
2026-07-23T16:02:08.729,189.7161,7.7377,8.8325
2026-07-23T16:02:08.729,189.7439,7.8748,8.8129
2026-07-23T16:02:08.753,189.7439,7.7769,8.7933
2026-07-23T16:02:08.759,189.7561,7.8161,8.7542
2026-07-23T16:02:08.767,189.7561,7.8356,8.8521
2026-07-23T16:02:08.776,189.7613,7.8944,8.7933
2026-07-23T16:02:08.791,189.7889,7.8748,8.9108
2026-07-23T16:02:08.795,189.7889,7.9923,8.8717
2026-07-23T16:02:08.807,189.7889,7.8944,8.8717
2026-07-23T16:02:08.812,189.8275,7.9727,8.8912
2026-07-23T16:02:08.823,189.8275,7.8944,8.9891
2026-07-23T16:02:08.840,189.8275,7.8748,8.8717
2026-07-23T16:02:08.840,189.8355,7.8944,8.95
2026-07-23T16:02:08.856,189.8355,7.9727,8.9304
2026-07-23T16:02:08.871,189.869,8.0119,9.0087
2026-07-23T16:02:08.871,189.869,7.9923,8.9696
2026-07-23T16:02:08.886,189.869,7.9727,8.9891
2026-07-23T16:02:08.886,189.8829,8.0119,9.0479
2026-07-23T16:02:08.913,189.9108,7.9727,9.0283
2026-07-23T16:02:08.913,189.9108,8.0314,8.9696
2026-07-23T16:02:08.920,189.9164,7.9335,8.9304
2026-07-23T16:02:08.934,189.9164,8.0902,8.95
2026-07-23T16:02:08.953,189.9464,7.9531,8.95
2026-07-23T16:02:08.953,189.9525,8.0119,8.9304
2026-07-23T16:02:08.967,189.9525,8.0314,8.95
2026-07-23T16:02:08.967,189.9525,8.0314,8.95
2026-07-23T16:02:08.997,189.9782,8.051,9.0479
2026-07-23T16:02:08.997,189.9782,8.0706,9.0087
2026-07-23T16:02:09.003,189.9782,8.1685,8.9891
2026-07-23T16:02:09.013,190.0165,8.0706,9.0087
2026-07-23T16:02:09.029,190.0165,8.0706,9.0479
2026-07-23T16:02:09.029,190.0255,8.0706,9.0675
2026-07-23T16:02:09.045,190.0255,8.0706,9.1066
2026-07-23T16:02:09.053,190.0416,8.0902,9.1262
2026-07-23T16:02:09.067,190.0627,8.1489,9.2045
2026-07-23T16:02:09.076,190.0627,8.1489,9.2045
2026-07-23T16:02:09.092,190.0895,8.2272,9.2241
2026-07-23T16:02:09.092,190.0895,8.1489,9.2633
2026-07-23T16:02:09.108,190.0895,8.1685,9.3024
2026-07-23T16:02:09.113,190.1021,8.1489,9.2828
2026-07-23T16:02:09.128,190.1211,8.1685,9.1849
2026-07-23T16:02:09.128,190.1211,8.1098,9.2437
2026-07-23T16:02:09.140,190.1211,8.2272,9.2828
2026-07-23T16:02:09.157,190.163,8.2272,9.2437
2026-07-23T16:02:09.172,190.163,8.3056,9.2633
2026-07-23T16:02:09.172,190.169,8.3056,9.3416
2026-07-23T16:02:09.188,190.169,8.2468,9.2828
2026-07-23T16:02:09.188,190.2005,8.2468,9.2437
2026-07-23T16:02:09.204,190.2025,8.2272,9.2828
2026-07-23T16:02:09.214,190.2025,8.1489,9.1458
2026-07-23T16:02:09.220,190.2338,8.1881,9.2437
2026-07-23T16:02:09.236,190.2358,8.1685,9.2241
2026-07-23T16:02:09.236,190.2445,8.1881,9.1849
2026-07-23T16:02:09.253,190.2445,8.2077,9.1654
2026-07-23T16:02:09.268,190.2689,8.1881,9.1849
2026-07-23T16:02:09.268,190.2689,8.1685,9.1654
2026-07-23T16:02:09.287,190.2813,8.1685,9.2045
2026-07-23T16:02:09.295,190.2858,8.0902,9.1262
2026-07-23T16:02:09.299,190.3124,8.2664,9.1849
2026-07-23T16:02:09.320,190.3124,8.1685,9.0675
2026-07-23T16:02:09.320,190.3169,8.1489,9.1066
2026-07-23T16:02:09.337,190.3169,8.1489,9.0283
2026-07-23T16:02:09.347,190.3435,8.1293,9.0283
2026-07-23T16:02:09.353,190.3435,8.1098,8.9696
2026-07-23T16:02:09.363,190.3596,8.1489,9.0479
2026-07-23T16:02:09.378,190.3635,8.051,8.9304
2026-07-23T16:02:09.394,190.3916,7.9727,8.9108
2026-07-23T16:02:09.394,190.3916,7.914,8.8129
2026-07-23T16:02:09.394,190.3916,7.8944,8.7737
2026-07-23T16:02:09.414,190.4022,7.9531,8.6367
2026-07-23T16:02:09.426,190.4236,7.8356,8.6758
2026-07-23T16:02:09.426,190.4236,7.8944,8.6171
2026-07-23T16:02:09.442,190.4357,7.8356,8.6367
2026-07-23T16:02:09.453,190.4402,7.8944,8.6367
2026-07-23T16:02:09.474,190.4688,7.914,8.5779
2026-07-23T16:02:09.474,190.4688,7.914,8.6954
2026-07-23T16:02:09.486,190.4714,7.8944,8.715
2026-07-23T16:02:09.491,190.4948,7.9531,8.6758
2026-07-23T16:02:09.506,190.5024,7.8944,8.7933
2026-07-23T16:02:09.515,190.5024,8.0314,8.7933
2026-07-23T16:02:09.522,190.5024,7.914,8.8325
2026-07-23T16:02:09.546,190.5363,8.0314,8.7542
2026-07-23T16:02:09.546,190.5363,8.0706,8.7737
2026-07-23T16:02:09.553,190.5363,8.1098,8.8521
2026-07-23T16:02:09.569,190.569,8.051,8.8521
2026-07-23T16:02:09.569,190.569,8.1293,8.9304
2026-07-23T16:02:09.587,190.569,8.1685,8.7542
2026-07-23T16:02:09.587,190.578,8.2272,8.8325
2026-07-23T16:02:09.601,190.5978,8.2468,8.7542
2026-07-23T16:02:09.615,190.6048,8.4818,8.6954
2026-07-23T16:02:09.629,190.609,8.521,8.6954
2026-07-23T16:02:09.633,190.6368,8.6972,8.6954
2026-07-23T16:02:09.633,190.6368,8.7168,8.715
2026-07-23T16:02:09.659,190.6448,8.8343,8.7933
2026-07-23T16:02:09.664,190.6448,8.8343,8.715
2026-07-23T16:02:09.680,190.6691,8.9713,8.7737
2026-07-23T16:02:09.688,190.6691,9.0888,8.7542
2026-07-23T16:02:09.696,190.6767,9.0888,8.8129
2026-07-23T16:02:09.704,190.6924,9.1084,8.7737
2026-07-23T16:02:09.720,190.7029,9.2259,8.8521
2026-07-23T16:02:09.727,190.7029,9.1671,8.8129
2026-07-23T16:02:09.743,190.7246,9.2454,8.8912
2026-07-23T16:02:09.743,190.7246,9.2846,8.9108
2026-07-23T16:02:09.754,190.7357,9.3825,8.95
2026-07-23T16:02:09.768,190.7649,9.2259,8.95
2026-07-23T16:02:09.775,190.7649,9.3434,9.0283
2026-07-23T16:02:09.786,190.772,9.3434,9.0675
2026-07-23T16:02:09.796,190.7879,9.3434,9.1066
2026-07-23T16:02:09.807,190.804,9.3434,9.1066
2026-07-23T16:02:09.823,190.804,9.3629,9.2241
2026-07-23T16:02:09.823,190.804,9.3629,9.2633
2026-07-23T16:02:09.839,190.8363,9.3629,9.2437
2026-07-23T16:02:09.839,190.8363,9.3825,9.3024
2026-07-23T16:02:09.855,190.8363,9.3434,9.3416
2026-07-23T16:02:09.879,190.87,9.3434,9.3024
2026-07-23T16:02:09.879,190.87,9.4021,9.4003
2026-07-23T16:02:09.887,190.87,9.3238,9.3024
2026-07-23T16:02:09.887,190.9024,9.4608,9.322
2026-07-23T16:02:09.916,190.9024,9.3629,9.2437
2026-07-23T16:02:09.919,190.9024,9.4217,9.3416
2026-07-23T16:02:09.921,190.9155,9.3434,9.3024
2026-07-23T16:02:09.935,190.9392,9.4217,9.3416
2026-07-23T16:02:09.953,190.9473,9.4021,9.2437
2026-07-23T16:02:09.953,190.9473,9.5196,9.3416
2026-07-23T16:02:09.968,190.9473,9.3825,9.3612
2026-07-23T16:02:09.985,190.9795,9.5196,9.3416
2026-07-23T16:02:09.990,190.9795,9.4217,9.2633
2026-07-23T16:02:09.998,190.9795,9.5196,9.3612
2026-07-23T16:02:10.004,191.0108,9.4608,9.3024
2026-07-23T16:02:10.020,191.0169,9.5,9.3024
2026-07-23T16:02:10.020,191.0169,9.4021,9.2828
2026-07-23T16:02:10.030,191.0169,9.4608,9.322
2026-07-23T16:02:10.046,191.043,9.3042,9.3024
2026-07-23T16:02:10.062,191.043,9.4021,9.2828
2026-07-23T16:02:10.068,191.043,9.2846,9.3024
2026-07-23T16:02:10.078,191.0787,9.4413,9.3416
2026-07-23T16:02:10.094,191.0787,9.3042,9.3808
2026-07-23T16:02:10.094,191.0787,9.4804,9.4395
2026-07-23T16:02:10.110,191.0938,9.3238,9.4395
2026-07-23T16:02:10.120,191.1221,9.4804,9.4591
2026-07-23T16:02:10.129,191.1242,9.265,9.4395
2026-07-23T16:02:10.129,191.1242,9.4804,9.4787
2026-07-23T16:02:10.145,191.1539,9.2259,9.4591
2026-07-23T16:02:10.168,191.1539,9.4413,9.4591
2026-07-23T16:02:10.168,191.162,9.1867,9.3416
2026-07-23T16:02:10.175,191.1671,9.4608,9.4591
2026-07-23T16:02:10.175,191.1671,9.1867,9.4003
2026-07-23T16:02:10.205,191.1848,9.4021,9.3808
2026-07-23T16:02:10.205,191.1848,9.1084,9.4982
2026-07-23T16:02:10.218,191.1848,9.3238,9.4003
2026-07-23T16:02:10.220,191.2171,9.128,9.3416
2026-07-23T16:02:10.236,191.2171,9.265,9.4003
2026-07-23T16:02:10.236,191.2358,9.0888,9.2828
2026-07-23T16:02:10.254,191.2637,9.2454,9.2828
2026-07-23T16:02:10.268,191.2673,9.128,9.3024
2026-07-23T16:02:10.268,191.2693,9.3629,9.4591
2026-07-23T16:02:10.288,191.2693,9.1867,9.3416
2026-07-23T16:02:10.299,191.3022,9.3629,9.4003
2026-07-23T16:02:10.299,191.3022,9.2063,9.4003
2026-07-23T16:02:10.318,191.3022,9.3629,9.4003
2026-07-23T16:02:10.332,191.336,9.3434,9.4003
2026-07-23T16:02:10.346,191.3434,9.4804,9.4591
2026-07-23T16:02:10.346,191.3434,9.3629,9.4003
2026-07-23T16:02:10.362,191.3434,9.5196,9.4199
2026-07-23T16:02:10.362,191.3754,9.4021,9.3808
2026-07-23T16:02:10.387,191.3754,9.5587,9.4787
2026-07-23T16:02:10.387,191.3754,9.4413,9.3808
2026-07-23T16:02:10.394,191.3935,9.5783,9.4199
2026-07-23T16:02:10.394,191.4237,9.3629,9.3612
2026-07-23T16:02:10.426,191.4237,9.5783,9.3808
2026-07-23T16:02:10.426,191.4237,9.3825,9.4003
2026-07-23T16:02:10.426,191.4389,9.5783,9.4395
2026-07-23T16:02:10.444,191.4389,9.5196,9.4395
2026-07-23T16:02:10.475,191.4708,9.9895,9.4395
2026-07-23T16:02:10.475,191.4708,9.4413,9.4787
2026-07-23T16:02:10.475,191.4708,9.5783,9.5961
2026-07-23T16:02:10.487,191.4708,9.4217,9.5178
2026-07-23T16:02:10.490,191.5025,9.5587,9.5178
2026-07-23T16:02:10.505,191.5175,9.4217,9.5766
2026-07-23T16:02:10.505,191.5175,9.6762,9.5766
2026-07-23T16:02:10.522,191.5175,9.5196,9.6157
2026-07-23T16:02:10.536,191.549,9.6566,9.6549
2026-07-23T16:02:10.536,191.549,9.4804,9.6353
2026-07-23T16:02:10.553,191.5694,9.6371,9.7136
2026-07-23T16:02:10.568,191.5694,9.4608,9.7528
2026-07-23T16:02:10.568,191.5694,9.6371,9.7136
2026-07-23T16:02:10.588,191.6025,9.5,9.7332
2026-07-23T16:02:10.600,191.6126,9.6371,9.694
2026-07-23T16:02:10.600,191.6177,9.4021,9.6549
2026-07-23T16:02:10.615,191.6177,9.6175,9.6353
2026-07-23T16:02:10.620,191.6283,9.4021,9.6157
2026-07-23T16:02:10.632,191.6703,9.6566,9.5374
2026-07-23T16:02:10.653,191.6703,9.4608,9.5766
2026-07-23T16:02:10.653,191.6763,9.6958,9.557
2026-07-23T16:02:10.668,191.6763,9.5587,9.6549
2026-07-23T16:02:10.679,191.6763,9.7741,9.6157
2026-07-23T16:02:10.687,191.7241,9.5587,9.6353
2026-07-23T16:02:10.713,191.7241,9.7545,9.6157
2026-07-23T16:02:10.713,191.7241,9.5783,9.6745
2026-07-23T16:02:10.720,191.7357,9.735,9.6353
2026-07-23T16:02:10.727,191.7408,9.6762,9.7528
2026-07-23T16:02:10.727,191.7458,9.7545,9.694
2026-07-23T16:02:10.743,191.7458,9.7741,9.7136
2026-07-23T16:02:10.755,191.772,9.7937,9.7332
2026-07-23T16:02:10.775,191.772,9.6371,9.6353
2026-07-23T16:02:10.775,191.7879,9.8525,9.5961
2026-07-23T16:02:10.787,191.7879,9.6566,9.6353
2026-07-23T16:02:10.797,191.7879,9.8525,9.5961
2026-07-23T16:02:10.807,191.8293,9.6762,9.7136
2026-07-23T16:02:10.823,191.8293,9.7937,9.6157
2026-07-23T16:02:10.823,191.8359,9.6762,9.694
2026-07-23T16:02:10.823,191.8359,9.7741,9.6157
2026-07-23T16:02:10.839,191.8359,9.5979,9.6549
2026-07-23T16:02:10.854,191.871,9.735,9.5766
2026-07-23T16:02:10.870,191.871,9.5979,9.6157
2026-07-23T16:02:10.880,191.871,9.735,9.6157
2026-07-23T16:02:10.887,191.883,9.6566,9.7136
2026-07-23T16:02:10.887,191.883,9.7937,9.5766
2026-07-23T16:02:10.903,191.9177,9.7545,9.6549
2026-07-23T16:02:10.922,191.9177,9.8329,9.694
2026-07-23T16:02:10.922,191.9311,9.7741,9.694
2026-07-23T16:02:10.934,191.9358,9.8329,9.6549
2026-07-23T16:02:10.968,191.9629,9.735,9.7528
2026-07-23T16:02:10.968,191.9691,9.7741,9.6745
2026-07-23T16:02:10.968,191.9691,9.7154,9.6745
2026-07-23T16:02:10.968,191.9702,9.7937,9.6157
2026-07-23T16:02:10.987,191.9702,9.8329,9.7136
2026-07-23T16:02:10.999,192.0025,9.8133,9.6549
2026-07-23T16:02:11.014,192.0108,9.7937,9.7528
2026-07-23T16:02:11.014,192.0108,9.8133,9.7136
2026-07-23T16:02:11.030,192.0175,9.7545,9.7528
2026-07-23T16:02:11.030,192.0426,9.7545,9.6549
2026-07-23T16:02:11.047,192.0426,9.7741,9.7136
2026-07-23T16:02:11.062,192.0426,9.7741,9.6353
2026-07-23T16:02:11.068,192.0586,9.8133,9.694
2026-07-23T16:02:11.078,192.0798,9.6958,9.6157
2026-07-23T16:02:11.089,192.09,9.7545,9.5178
2026-07-23T16:02:11.093,192.09,9.7545,9.6353
2026-07-23T16:02:11.093,192.09,9.8133,9.7136
2026-07-23T16:02:11.121,192.1237,9.8525,9.694
2026-07-23T16:02:11.131,192.1237,10.0091,9.7528
2026-07-23T16:02:11.141,192.1356,9.9308,9.7332
2026-07-23T16:02:11.153,192.1374,9.9895,9.7528
2026-07-23T16:02:11.153,192.1374,9.9112,9.7919
2026-07-23T16:02:11.172,192.1705,9.8916,9.8311
2026-07-23T16:02:11.175,192.1705,9.9308,9.7528
2026-07-23T16:02:11.188,192.1705,9.9895,9.7919
2026-07-23T16:02:11.204,192.2047,10.0091,9.8115
2026-07-23T16:02:11.214,192.2047,10.0483,9.8507
2026-07-23T16:02:11.214,192.2047,10.0483,9.8899
2026-07-23T16:02:11.221,192.2177,10.0287,9.9486
2026-07-23T16:02:11.235,192.2359,10.0287,9.8703
2026-07-23T16:02:11.251,192.2359,10.0874,9.9486
2026-07-23T16:02:11.256,192.2495,10.107,9.929
2026-07-23T16:02:11.268,192.2495,10.2636,9.9682
2026-07-23T16:02:11.268,192.2707,10.2049,9.9486
2026-07-23T16:02:11.287,192.2802,10.2441,9.9486
2026-07-23T16:02:11.300,192.2883,10.2832,10.0269
2026-07-23T16:02:11.315,192.3176,10.342,9.9878
2026-07-23T16:02:11.321,192.3176,10.342,10.0465
2026-07-23T16:02:11.331,192.3176,10.3224,10.0857
2026-07-23T16:02:11.339,192.3176,10.4203,10.0857
2026-07-23T16:02:11.353,192.3439,10.479,10.0465
2026-07-23T16:02:11.363,192.3439,10.3811,10.0857
2026-07-23T16:02:11.368,192.3599,10.4595,10.0465
2026-07-23T16:02:11.379,192.3599,10.479,9.9682
2026-07-23T16:02:11.395,192.3918,10.5574,10.0465
2026-07-23T16:02:11.395,192.3918,10.5378,10.0269
2026-07-23T16:02:11.411,192.4024,10.5965,10.0661
2026-07-23T16:02:11.411,192.4076,10.5574,10.0857
2026-07-23T16:02:11.427,192.4361,10.5378,9.9878
2026-07-23T16:02:11.443,192.4412,10.5378,10.0269
2026-07-23T16:02:11.443,192.4412,10.5574,9.9682
2026-07-23T16:02:11.458,192.4412,10.4595,10.0465
2026-07-23T16:02:11.469,192.4716,10.5769,10.1052
2026-07-23T16:02:11.474,192.4716,10.6357,10.164
2026-07-23T16:02:11.487,192.4716,10.7727,10.1836
2026-07-23T16:02:11.492,192.4875,10.7532,10.2031
2026-07-23T16:02:11.506,192.5035,10.8119,10.1248
2026-07-23T16:02:11.522,192.5181,10.7727,10.2227
2026-07-23T16:02:11.522,192.5191,10.7727,10.0857
2026-07-23T16:02:11.538,192.5191,10.7336,10.2031
2026-07-23T16:02:11.548,192.551,10.8315,10.1444
2026-07-23T16:02:11.554,192.551,10.7923,10.1444
2026-07-23T16:02:11.569,192.551,10.8511,10.0857
2026-07-23T16:02:11.570,192.5669,10.8315,10.1444
2026-07-23T16:02:11.589,192.5829,10.8902,10.1052
2026-07-23T16:02:11.589,192.5829,10.8119,10.1444
2026-07-23T16:02:11.602,192.5989,10.7923,10.0857
2026-07-23T16:02:11.618,192.6027,10.7727,10.1444
2026-07-23T16:02:11.623,192.6314,10.8511,10.164
2026-07-23T16:02:11.634,192.6359,10.8315,10.2031
2026-07-23T16:02:11.650,192.6359,10.9294,10.2031
2026-07-23T16:02:11.653,192.6634,10.8707,10.2423
2026-07-23T16:02:11.673,192.6721,10.9294,10.2031
2026-07-23T16:02:11.673,192.6721,10.8119,10.2227
2026-07-23T16:02:11.687,192.6721,10.8511,10.164
2026-07-23T16:02:11.687,192.6785,10.714,10.2227
2026-07-23T16:02:11.714,192.7101,10.7727,10.164
2026-07-23T16:02:11.714,192.7101,10.714,10.2619
2026-07-23T16:02:11.729,192.7101,10.7532,10.1836
2026-07-23T16:02:11.729,192.736,10.6748,10.1836
2026-07-23T16:02:11.745,192.7421,10.7532,10.164
2026-07-23T16:02:11.756,192.7467,10.714,10.2031
2026-07-23T16:02:11.769,192.7467,10.7336,10.164
2026-07-23T16:02:11.777,192.7739,10.7336,10.2227
2026-07-23T16:02:11.787,192.7739,10.7336,10.2423
2026-07-23T16:02:11.798,192.7739,10.8902,10.2031
2026-07-23T16:02:11.810,192.806,10.7923,10.2031
2026-07-23T16:02:11.820,192.806,10.8119,10.2423
2026-07-23T16:02:11.825,192.8187,11.1448,10.2227
2026-07-23T16:02:11.841,192.8378,10.7727,10.2423
2026-07-23T16:02:11.853,192.8378,10.7532,10.164
2026-07-23T16:02:11.857,192.8378,10.714,10.2227
2026-07-23T16:02:11.857,192.8536,10.6748,10.1836
2026-07-23T16:02:11.881,192.8729,10.8315,10.164
2026-07-23T16:02:11.889,192.8854,10.6944,10.2031
2026-07-23T16:02:11.889,192.8869,10.8902,10.1444
2026-07-23T16:02:11.904,192.9141,10.8511,10.1444
2026-07-23T16:02:11.904,192.9186,10.9294,10.2619
2026-07-23T16:02:11.924,192.9186,10.9294,10.2619
2026-07-23T16:02:11.938,192.9186,10.9294,10.4185
2026-07-23T16:02:11.938,192.9493,10.8707,10.3206
2026-07-23T16:02:11.953,192.9553,10.8511,10.399
2026-07-23T16:02:11.969,192.9553,10.8119,10.399
2026-07-23T16:02:11.969,192.9673,10.8315,10.399
2026-07-23T16:02:11.987,192.9806,10.8119,10.3794
2026-07-23T16:02:12.000,192.9806,10.8707,10.4969
2026-07-23T16:02:12.006,192.9974,10.8707,10.3598
2026-07-23T16:02:12.020,193.0189,10.9686,10.4773
2026-07-23T16:02:12.031,193.0279,10.9686,10.4577
2026-07-23T16:02:12.031,193.0279,10.9294,10.5164
2026-07-23T16:02:12.048,193.0279,10.8511,10.4969
2026-07-23T16:02:12.063,193.0597,10.9098,10.6535
2026-07-23T16:02:12.070,193.0597,10.8902,10.5556
2026-07-23T16:02:12.079,193.0597,10.8707,10.4969
2026-07-23T16:02:12.094,193.0918,10.7923,10.4185
2026-07-23T16:02:12.094,193.0918,10.7923,10.4185
2026-07-23T16:02:12.111,193.0918,10.7923,10.3794
2026-07-23T16:02:12.111,193.1024,10.9098,10.2815
2026-07-23T16:02:12.132,193.1361,10.8315,10.4381
2026-07-23T16:02:12.143,193.1397,10.9294,10.536
2026-07-23T16:02:12.143,193.1397,10.9294,10.5164
2026-07-23T16:02:12.159,193.1397,10.9686,10.5752
2026-07-23T16:02:12.175,193.1743,10.9881,10.5556
2026-07-23T16:02:12.175,193.1743,11.0077,10.5752
2026-07-23T16:02:12.190,193.1743,10.9686,10.6339
2026-07-23T16:02:12.190,193.1878,11.1056,10.5556
2026-07-23T16:02:12.206,193.2056,11.1056,10.6339
2026-07-23T16:02:12.225,193.2194,11.0469,10.5556
2026-07-23T16:02:12.225,193.2194,11.0273,10.536
2026-07-23T16:02:12.225,193.2249,11.0665,10.4773
2026-07-23T16:02:12.239,193.2508,11.0665,10.4969
2026-07-23T16:02:12.256,193.2508,11.0469,10.4969
2026-07-23T16:02:12.270,193.2508,11.0273,10.5556
2026-07-23T16:02:12.279,193.2694,11.0273,10.4381
2026-07-23T16:02:12.290,193.2982,11.0273,10.5556
2026-07-23T16:02:12.302,193.3046,11.0469,10.5556
2026-07-23T16:02:12.302,193.3078,11.0077,10.6731
2026-07-23T16:02:12.320,193.3139,11.086,10.6731
2026-07-23T16:02:12.333,193.3436,11.0665,10.6339
2026-07-23T16:02:12.340,193.3454,11.0665,10.7122
2026-07-23T16:02:12.355,193.3491,11.0273,10.5752
2026-07-23T16:02:12.359,193.3491,11.0077,10.4969
2026-07-23T16:02:12.365,193.3801,10.9881,10.5556
2026-07-23T16:02:12.387,193.3801,10.9686,10.4969
2026-07-23T16:02:12.387,193.3862,11.0469,10.5752
2026-07-23T16:02:12.396,193.3862,10.9881,10.5164
2026-07-23T16:02:12.428,193.4144,11.0273,10.5164
2026-07-23T16:02:12.428,193.4195,11.0077,10.5752
2026-07-23T16:02:12.431,193.4195,11.1056,10.5556
2026-07-23T16:02:12.437,193.4236,11.0469,10.5556
2026-07-23T16:02:12.460,193.4389,11.1252,10.6143
2026-07-23T16:02:12.460,193.4546,11.0469,10.5556
2026-07-23T16:02:12.470,193.4561,11.1252,10.5752
2026-07-23T16:02:12.474,193.4615,10.9686,10.5164
2026-07-23T16:02:12.487,193.4863,11.0273,10.4773
2026-07-23T16:02:12.490,193.4863,10.8315,10.4381
2026-07-23T16:02:12.507,193.4863,10.9686,10.4773
2026-07-23T16:02:12.520,193.5194,10.8707,10.4381
2026-07-23T16:02:12.526,193.5194,10.9686,10.5164
2026-07-23T16:02:12.537,193.5194,10.8315,10.4381
2026-07-23T16:02:12.554,193.5574,11.0273,10.4577
2026-07-23T16:02:12.554,193.5574,11.0273,10.5556
2026-07-23T16:02:12.570,193.566,11.2427,10.4969
2026-07-23T16:02:12.570,193.5691,11.086,10.4773
2026-07-23T16:02:12.590,193.5814,11.1839,10.5164
2026-07-23T16:02:12.601,193.5814,11.0273,10.4577
2026-07-23T16:02:12.608,193.5994,11.2427,10.5556
2026-07-23T16:02:12.620,193.6024,11.1644,10.4381
2026-07-23T16:02:12.632,193.6287,11.2427,10.4773
2026-07-23T16:02:12.632,193.6287,10.9294,10.5556
2026-07-23T16:02:12.650,193.6359,11.1644,10.4773
2026-07-23T16:02:12.653,193.6646,10.8511,10.4577
2026-07-23T16:02:12.667,193.6692,11.1056,10.4577
2026-07-23T16:02:12.679,193.6692,10.9294,10.5164
2026-07-23T16:02:12.695,193.676,11.2231,10.4773
2026-07-23T16:02:12.695,193.7027,11.0273,10.4969
2026-07-23T16:02:12.715,193.7079,11.2427,10.4773
2026-07-23T16:02:12.720,193.7079,11.1839,10.4773
2026-07-23T16:02:12.727,193.7079,11.2623,10.5556
2026-07-23T16:02:12.743,193.7393,11.1056,10.4969
2026-07-23T16:02:12.743,193.7393,11.2818,10.5556
2026-07-23T16:02:12.759,193.7482,11.1448,10.4969
2026-07-23T16:02:12.770,193.7528,11.3798,10.5752
2026-07-23T16:02:12.776,193.7764,11.2427,10.7318
2026-07-23T16:02:12.790,193.7764,11.4189,10.6927
2026-07-23T16:02:12.799,193.7897,11.1448,10.6927
2026-07-23T16:02:12.806,193.8195,11.3602,10.8493
2026-07-23T16:02:12.827,193.8231,11.1644,10.7122
2026-07-23T16:02:12.827,193.8231,11.321,10.8493
2026-07-23T16:02:12.841,193.8313,11.1839,10.7514
2026-07-23T16:02:12.841,193.8498,11.4189,10.8101
2026-07-23T16:02:12.866,193.8624,11.2818,10.7906
2026-07-23T16:02:12.866,193.8624,11.4189,10.8493
2026-07-23T16:02:12.882,193.8677,11.2427,10.8297
2026-07-23T16:02:12.886,193.8982,11.4777,10.908
2026-07-23T16:02:12.901,193.8982,11.3406,10.8101
2026-07-23T16:02:12.901,193.9026,11.5951,10.8297
2026-07-23T16:02:12.918,193.9129,11.556,10.8689
2026-07-23T16:02:12.933,193.9359,11.693,10.8689
2026-07-23T16:02:12.933,193.9467,11.5756,10.8885
2026-07-23T16:02:12.949,193.9467,11.7714,11.006
2026-07-23T16:02:12.953,193.9517,11.4581,11.0451
2026-07-23T16:02:12.970,193.9771,11.5951,10.9472
2026-07-23T16:02:12.987,193.9793,11.3602,11.0255
2026-07-23T16:02:12.987,193.9793,11.5168,10.8885
2026-07-23T16:02:13.003,193.9793,11.2623,11.006
2026-07-23T16:02:13.007,193.9793,11.3993,10.908
2026-07-23T16:02:13.020,194.0074,11.2231,10.9472
2026-07-23T16:02:13.030,194.0074,11.3798,10.8885
2026-07-23T16:02:13.030,194.0198,11.1839,10.9276
2026-07-23T16:02:13.053,194.0468,11.4189,10.8689
2026-07-23T16:02:13.058,194.0488,11.2818,10.8493
2026-07-23T16:02:13.071,194.0508,11.3602,10.7514
2026-07-23T16:02:13.074,194.0816,11.1448,10.8689
2026-07-23T16:02:13.091,194.0844,11.2623,10.771
2026-07-23T16:02:13.100,194.0886,11.0077,10.7906
2026-07-23T16:02:13.111,194.1199,11.1839,10.771
2026-07-23T16:02:13.122,194.1199,11.0665,10.8885
2026-07-23T16:02:13.130,194.1234,11.321,10.8885
2026-07-23T16:02:13.139,194.1234,11.2623,10.9276
2026-07-23T16:02:13.153,194.1552,11.3014,10.908
2026-07-23T16:02:13.153,194.1552,11.1448,10.8493
2026-07-23T16:02:13.153,194.1609,11.2623,10.8689
2026-07-23T16:02:13.174,194.1653,11.0665,10.8885
2026-07-23T16:02:13.187,194.1908,11.1252,10.7514
2026-07-23T16:02:13.201,194.1985,10.949,10.771
2026-07-23T16:02:13.212,194.2017,11.0273,10.8101
2026-07-23T16:02:13.220,194.2334,10.8511,10.8101
2026-07-23T16:02:13.232,194.2384,10.8902,10.8101
2026-07-23T16:02:13.242,194.2418,10.8119,10.8101
2026-07-23T16:02:13.249,194.2465,10.8315,10.7906
2026-07-23T16:02:13.258,194.2485,10.8119,10.8689
2026-07-23T16:02:13.279,194.2781,10.7336,10.8493
2026-07-23T16:02:13.279,194.2802,10.6944,10.9472
2026-07-23T16:02:13.293,194.2822,10.6748,10.9668
2026-07-23T16:02:13.299,194.2822,10.6944,11.1626
2026-07-23T16:02:13.311,194.3085,10.714,11.2213
2026-07-23T16:02:13.320,194.3201,10.6944,11.3388
2026-07-23T16:02:13.331,194.3233,10.714,11.2801
2026-07-23T16:02:13.333,194.3233,10.6357,11.5542
2026-07-23T16:02:13.343,194.3553,10.6748,11.5542
2026-07-23T16:02:13.359,194.3553,10.5769,11.7109
2026-07-23T16:02:13.374,194.3553,10.6553,11.8479
2026-07-23T16:02:13.383,194.3553,10.5769,11.8871
2026-07-23T16:02:13.390,194.3868,10.6161,11.9458
2026-07-23T16:02:13.390,194.3868,10.5965,11.985
2026-07-23T16:02:13.406,194.3868,10.5769,12.0633
2026-07-23T16:02:13.438,194.4202,10.5182,12.1612
2026-07-23T16:02:13.438,194.4275,10.4595,12.2395
2026-07-23T16:02:13.438,194.4275,10.4007,12.3766
2026-07-23T16:02:13.452,194.4339,10.3811,12.2983
2026-07-23T16:02:13.453,194.4571,10.3028,12.3374
2026-07-23T16:02:13.471,194.4571,10.342,12.2591
2026-07-23T16:02:13.478,194.4656,10.2245,12.2787
2026-07-23T16:02:13.487,194.4871,10.2832,12.357
2026-07-23T16:02:13.500,194.4871,10.2832,12.3962
2026-07-23T16:02:13.508,194.4991,10.2636,12.5137
2026-07-23T16:02:13.516,194.5027,10.1657,12.592
2026-07-23T16:02:13.530,194.532,10.1853,12.4941
2026-07-23T16:02:13.550,194.5394,10.107,12.4745
2026-07-23T16:02:13.550,194.5394,10.1853,12.3962
2026-07-23T16:02:13.564,194.5691,10.0678,12.2983
2026-07-23T16:02:13.571,194.5691,10.0483,12.3179
2026-07-23T16:02:13.583,194.5767,10.0483,12.1416
2026-07-23T16:02:13.590,194.5767,10.107,12.1612
2026-07-23T16:02:13.596,194.6026,9.9895,12.1221
2026-07-23T16:02:13.611,194.6085,10.0287,12.0829
2026-07-23T16:02:13.618,194.6114,9.9895,11.9654
2026-07-23T16:02:13.630,194.6159,10.0091,11.9654
2026-07-23T16:02:13.633,194.6397,9.9504,11.9067
2026-07-23T16:02:13.643,194.6397,9.9504,11.8871
2026-07-23T16:02:13.662,194.6555,9.9504,11.7892
2026-07-23T16:02:13.667,194.6796,9.9308,11.9067
2026-07-23T16:02:13.679,194.6796,9.8133,11.8871
2026-07-23T16:02:13.690,194.6884,9.8329,11.9262
2026-07-23T16:02:13.706,194.6884,9.735,11.8871
2026-07-23T16:02:13.706,194.6884,9.735,11.8675
2026-07-23T16:02:13.730,194.7209,9.6566,11.9262
2026-07-23T16:02:13.730,194.7209,9.6566,12.0046
2026-07-23T16:02:13.739,194.7299,9.5979,11.8479
2026-07-23T16:02:13.739,194.7353,9.6762,11.9654
2026-07-23T16:02:13.763,194.7511,9.6566,11.9067
2026-07-23T16:02:13.772,194.7645,9.6762,11.985
2026-07-23T16:02:13.781,194.7711,9.6762,11.9458
2026-07-23T16:02:13.787,194.7908,9.7545,12.0046
2026-07-23T16:02:13.787,194.7908,9.5979,12.0046
2026-07-23T16:02:13.802,194.8027,9.6566,12.0829
2026-07-23T16:02:13.822,194.8055,9.6566,12.0242
2026-07-23T16:02:13.834,194.8305,9.8133,12.0829
2026-07-23T16:02:13.842,194.8325,9.6566,12.1025
2026-07-23T16:02:13.853,194.8358,9.8916,12.1612
2026-07-23T16:02:13.856,194.8392,9.735,12.2395
2026-07-23T16:02:13.872,194.866,9.9112,12.4158
2026-07-23T16:02:13.887,194.8706,9.7545,12.4549
2026-07-23T16:02:13.890,194.8706,9.8133,12.4941
2026-07-23T16:02:13.899,194.8933,9.7154,12.4158
2026-07-23T16:02:13.899,194.8933,9.9112,12.3766
2026-07-23T16:02:13.921,194.905,9.6762,12.3962
2026-07-23T16:02:13.933,194.9274,9.8329,12.2983
2026-07-23T16:02:13.933,194.9313,9.6958,12.3374
2026-07-23T16:02:13.944,194.936,9.8525,12.2983
2026-07-23T16:02:13.958,194.94,9.7154,12.2395
2026-07-23T16:02:13.975,194.9577,9.9699,12.3179
2026-07-23T16:02:13.978,194.9577,9.8133,12.2591
2026-07-23T16:02:13.991,194.9725,9.9895,12.2591
2026-07-23T16:02:13.994,194.9956,9.9112,12.2591
2026-07-23T16:02:14.008,194.9956,10.0483,12.2787
2026-07-23T16:02:14.023,195.0028,9.8525,12.2591
2026-07-23T16:02:14.031,195.0206,10.0091,12.4353
2026-07-23T16:02:14.038,195.0206,9.9112,12.4158
2026-07-23T16:02:14.050,195.0343,10.2049,12.3962
2026-07-23T16:02:14.071,195.0611,10.1853,12.3766
2026-07-23T16:02:14.071,195.0611,10.342,12.4158
2026-07-23T16:02:14.071,195.0659,10.2636,12.4158
2026-07-23T16:02:14.090,195.0883,10.4203,12.4941
2026-07-23T16:02:14.101,195.0913,10.4203,12.4549
2026-07-23T16:02:14.112,195.0967,10.5574,12.5137
2026-07-23T16:02:14.120,195.0967,10.479,12.592
2026-07-23T16:02:14.133,195.1242,10.6357,12.5137
2026-07-23T16:02:14.139,195.1272,10.5378,12.4941
2026-07-23T16:02:14.153,195.1302,10.6357,12.4745
2026-07-23T16:02:14.153,195.1525,10.5378,12.5724
2026-07-23T16:02:14.175,195.1616,10.6553,12.4941
2026-07-23T16:02:14.181,195.1616,10.5965,12.5528
2026-07-23T16:02:14.187,195.1914,10.6748,12.6507
2026-07-23T16:02:14.195,195.1914,10.5574,12.5333
2026-07-23T16:02:14.212,195.1955,10.6748,12.5333
2026-07-23T16:02:14.233,195.2235,10.4986,12.5137
2026-07-23T16:02:14.233,195.2235,10.6161,12.4158
2026-07-23T16:02:14.242,195.2235,10.5182,12.5137
2026-07-23T16:02:14.246,195.2361,10.6161,12.5528
2026-07-23T16:02:14.259,195.2539,10.5574,12.6312
2026-07-23T16:02:14.274,195.2539,10.7532,12.5333
2026-07-23T16:02:14.274,195.2693,10.6944,12.6312
2026-07-23T16:02:14.289,195.2693,10.8315,12.5724
2026-07-23T16:02:14.305,195.2913,10.7336,12.6507
2026-07-23T16:02:14.305,195.301,10.7727,12.6312
2026-07-23T16:02:14.320,195.3025,10.714,12.6703
2026-07-23T16:02:14.342,195.3357,10.8119,12.5137
2026-07-23T16:02:14.342,195.3372,10.6748,12.5724
2026-07-23T16:02:14.352,195.3403,10.7923,12.5137
2026-07-23T16:02:14.353,195.3403,10.6944,12.5724
2026-07-23T16:02:14.372,195.3732,10.8707,12.5137
2026-07-23T16:02:14.383,195.3747,10.714,12.5724
2026-07-23T16:02:14.391,195.3795,10.7727,12.592
2026-07-23T16:02:14.404,195.4027,10.6944,12.5333
2026-07-23T16:02:14.415,195.4112,10.6944,12.5528
2026-07-23T16:02:14.423,195.4154,10.6944,12.4941
2026-07-23T16:02:14.430,195.4165,10.7727,12.4353
2026-07-23T16:02:14.453,195.4437,10.7727,12.4941
2026-07-23T16:02:14.453,195.4437,10.7923,12.4941
2026-07-23T16:02:14.462,195.4437,10.8119,12.592
2026-07-23T16:02:14.472,195.4437,10.7727,12.5137
2026-07-23T16:02:14.487,195.4829,10.8119,12.5724
2026-07-23T16:02:14.487,195.4829,10.7727,12.6899
2026-07-23T16:02:14.494,195.4829,10.8707,12.7878
2026-07-23T16:02:14.509,195.5065,10.8707,12.8074
2026-07-23T16:02:14.520,195.5065,10.949,12.9836
2026-07-23T16:02:14.525,195.521,10.8315,12.9836
2026-07-23T16:02:14.540,195.521,10.8511,12.9836
2026-07-23T16:02:14.557,195.5533,10.7923,12.9836
2026-07-23T16:02:14.557,195.5533,10.7923,12.9836
2026-07-23T16:02:14.572,195.5533,10.7727,12.964
2026-07-23T16:02:14.572,195.5692,10.8119,13.0032
2026-07-23T16:02:14.588,195.5842,10.8511,12.9836
2026-07-23T16:02:14.604,195.6027,11.0077,13.1403
2026-07-23T16:02:14.604,195.6027,10.9881,13.1598
2026-07-23T16:02:14.620,195.6115,11.1448,13.2382
2026-07-23T16:02:14.634,195.6379,11.0469,13.2577
2026-07-23T16:02:14.635,195.6379,11.2035,13.2969
2026-07-23T16:02:14.653,195.6379,11.1056,13.434
2026-07-23T16:02:14.662,195.6473,11.1644,13.434
2026-07-23T16:02:14.672,195.6694,11.1252,13.434
2026-07-23T16:02:14.682,195.6694,11.2623,13.434
2026-07-23T16:02:14.689,195.6836,11.321,13.3556
2026-07-23T16:02:14.698,195.6893,11.556,13.434
2026-07-23T16:02:14.698,195.7112,11.5951,13.5515
2026-07-23T16:02:14.720,195.7112,11.693,13.5906
2026-07-23T16:02:14.739,195.7212,11.6343,13.7473
2026-07-23T16:02:14.743,195.7212,11.7322,13.7668
2026-07-23T16:02:14.754,195.7499,11.6735,13.8647
2026-07-23T16:02:14.762,195.7499,11.8693,13.8647
2026-07-23T16:02:14.762,195.7499,11.8105,13.7473
2026-07-23T16:02:14.787,195.784,11.9084,13.6689
2026-07-23T16:02:14.793,195.7878,11.7322,13.6102
2026-07-23T16:02:14.801,195.7895,11.7518,13.5123
2026-07-23T16:02:14.809,195.792,11.6735,13.5123
2026-07-23T16:02:14.824,195.8213,11.7714,13.5123
2026-07-23T16:02:14.824,195.8213,11.7714,13.5906
2026-07-23T16:02:14.840,195.8213,11.928,13.6102
2026-07-23T16:02:14.854,195.8529,11.8497,13.7864
2026-07-23T16:02:14.857,195.8529,11.9672,13.7668
2026-07-23T16:02:14.872,195.8529,11.9476,13.806
2026-07-23T16:02:14.872,195.8529,11.9868,13.7864
2026-07-23T16:02:14.888,195.8843,11.9672,13.7864
2026-07-23T16:02:14.888,195.8905,11.9672,13.7473
2026-07-23T16:02:14.904,195.8905,11.8889,13.7668
2026-07-23T16:02:14.920,195.9212,11.8889,13.6102
2026-07-23T16:02:14.926,195.9212,11.8301,13.6102
2026-07-23T16:02:14.941,195.9212,11.8693,13.4927
2026-07-23T16:02:14.941,195.9317,11.8301,13.571
2026-07-23T16:02:14.968,195.9587,11.8693,13.4535
2026-07-23T16:02:14.972,195.9633,11.8105,13.4535
2026-07-23T16:02:14.972,195.9648,11.7126,13.3752
2026-07-23T16:02:14.991,195.9847,11.7126,13.3165
2026-07-23T16:02:15.003,195.9949,11.6539,13.2186
2026-07-23T16:02:15.010,195.9979,11.6539,13.2577
2026-07-23T16:02:15.020,196.0004,11.6539,13.2186
2026-07-23T16:02:15.035,196.0275,11.6343,13.199
2026-07-23T16:02:15.035,196.0275,11.5756,13.1794
2026-07-23T16:02:15.051,196.036,11.6343,13.199
2026-07-23T16:02:15.061,196.0648,11.6735,13.2773
2026-07-23T16:02:15.072,196.0693,11.7322,13.3361
2026-07-23T16:02:15.078,196.0693,11.6343,13.2969
2026-07-23T16:02:15.093,196.1027,11.5364,13.2773
2026-07-23T16:02:15.108,196.1049,11.4581,13.1403
2026-07-23T16:02:15.108,196.1049,11.4972,13.1207
2026-07-23T16:02:15.124,196.1049,11.4385,13.0815
2026-07-23T16:02:15.124,196.137,11.5364,13.1794
2026-07-23T16:02:15.140,196.137,11.4777,13.1403
2026-07-23T16:02:15.140,196.137,11.5364,13.2186
2026-07-23T16:02:15.156,196.1511,11.556,13.1598
2026-07-23T16:02:15.172,196.178,11.5168,13.1403
2026-07-23T16:02:15.176,196.1828,11.3993,12.9836
2026-07-23T16:02:15.188,196.1854,11.4385,13.0228
2026-07-23T16:02:15.199,196.1854,11.4777,13.0619
2026-07-23T16:02:15.204,196.2195,11.4385,13.1011
2026-07-23T16:02:15.220,196.2235,11.5364,13.199
2026-07-23T16:02:15.236,196.2235,11.6147,13.3165
2026-07-23T16:02:15.236,196.2312,11.6343,13.2773
2026-07-23T16:02:15.252,196.2573,11.6539,13.2773
2026-07-23T16:02:15.268,196.2645,11.5951,13.2186
2026-07-23T16:02:15.274,196.2694,11.6539,13.1207
2026-07-23T16:02:15.286,196.2694,11.693,13.1207
2026-07-23T16:02:15.302,196.3027,11.6147,13.0619
2026-07-23T16:02:15.302,196.3061,11.6539,13.1598
2026-07-23T16:02:15.315,196.3061,11.5756,13.1011
2026-07-23T16:02:15.320,196.3118,11.5951,13.0815
2026-07-23T16:02:15.336,196.3425,11.6343,13.1598
2026-07-23T16:02:15.348,196.343,11.5168,13.1794
2026-07-23T16:02:15.353,196.3487,11.5756,13.1794
2026-07-23T16:02:15.363,196.3517,11.5951,13.2382
2026-07-23T16:02:15.379,196.3827,11.5168,13.199
2026-07-23T16:02:15.387,196.3859,11.4777,13.199
2026-07-23T16:02:15.394,196.39,11.556,13.1794
2026-07-23T16:02:15.399,196.39,11.693,13.1794
2026-07-23T16:02:15.409,196.4216,11.693,13.199
2026-07-23T16:02:15.427,196.4216,11.7322,13.2969
2026-07-23T16:02:15.433,196.4216,11.7322,13.1403
2026-07-23T16:02:15.441,196.4216,11.7126,13.199
2026-07-23T16:02:15.455,196.4629,11.6735,13.1794
2026-07-23T16:02:15.468,196.4699,11.693,13.199
2026-07-23T16:02:15.468,196.4699,11.556,13.1598
2026-07-23T16:02:15.487,196.4699,11.6343,13.1794
2026-07-23T16:02:15.490,196.4699,11.556,13.1403
2026-07-23T16:02:15.504,196.5053,11.6343,13.2773
2026-07-23T16:02:15.510,196.5053,11.6539,13.1598
2026-07-23T16:02:15.521,196.5178,11.8301,13.1403
2026-07-23T16:02:15.521,196.5218,11.7518,13.1207
2026-07-23T16:02:15.552,196.5479,12.0259,13.1598
2026-07-23T16:02:15.552,196.5479,11.9084,13.1598
2026-07-23T16:02:15.556,196.5479,12.163,13.2186
2026-07-23T16:02:15.569,196.5643,11.9672,13.1207
2026-07-23T16:02:15.578,196.5952,12.1042,13.199
2026-07-23T16:02:15.599,196.5952,12.0063,13.2186
2026-07-23T16:02:15.599,196.5952,12.2217,13.2969
2026-07-23T16:02:15.615,196.6029,12.1238,13.2773
2026-07-23T16:02:15.623,196.6361,12.3392,13.4144
2026-07-23T16:02:15.637,196.6361,12.0847,13.3556
2026-07-23T16:02:15.637,196.6436,12.1826,13.3948
2026-07-23T16:02:15.654,196.6513,12.0651,13.2773
2026-07-23T16:02:15.654,196.6529,12.3784,13.2186
2026-07-23T16:02:15.662,196.6746,11.9672,13.1794
2026-07-23T16:02:15.683,196.6865,12.2217,13.1403
2026-07-23T16:02:15.694,196.6865,11.9476,13.1598
2026-07-23T16:02:15.702,196.6904,12.163,13.2382
2026-07-23T16:02:15.714,196.726,12.0651,13.2382
2026-07-23T16:02:15.725,196.728,12.2413,13.3165
2026-07-23T16:02:15.725,196.7301,12.1434,13.2969
2026-07-23T16:02:15.737,196.7301,12.1826,13.3165
2026-07-23T16:02:15.761,196.7537,12.0455,13.2773
2026-07-23T16:02:15.761,196.7537,12.3196,13.2969
2026-07-23T16:02:15.773,196.7694,12.2609,13.2773
2026-07-23T16:02:15.781,196.7694,12.4763,13.2382
2026-07-23T16:02:15.790,196.8028,12.2805,13.2773
2026-07-23T16:02:15.804,196.8103,12.3979,13.2577
2026-07-23T16:02:15.804,196.8103,12.2805,13.2969
2026-07-23T16:02:15.820,196.8168,12.535,13.4144
2026-07-23T16:02:15.820,196.8224,12.4371,13.3948
2026-07-23T16:02:15.839,196.8485,12.6525,13.434
2026-07-23T16:02:15.852,196.8485,12.4959,13.4535
2026-07-23T16:02:15.861,196.8513,12.5938,13.4535
2026-07-23T16:02:15.873,196.8551,12.5154,13.4144
2026-07-23T16:02:15.887,196.8801,12.7308,13.3752
2026-07-23T16:02:15.887,196.8854,12.5546,13.3165
2026-07-23T16:02:15.899,196.8869,12.7112,13.2382
2026-07-23T16:02:15.916,196.9174,12.5546,13.3556
2026-07-23T16:02:15.927,196.9179,12.7504,13.199
2026-07-23T16:02:15.936,196.9226,12.5546,13.2577
2026-07-23T16:02:15.938,196.9245,12.9266,13.2969
2026-07-23T16:02:15.953,196.9532,13.005,13.3948
2026-07-23T16:02:15.962,196.9532,13.2987,13.571
2026-07-23T16:02:15.973,196.9599,13.005,13.6298
2026-07-23T16:02:15.978,196.9599,13.142,13.571
2026-07-23T16:02:15.987,196.9915,12.907,13.5123
2026-07-23T16:02:16.004,196.9915,13.005,13.4927
2026-07-23T16:02:16.011,197.0028,12.8287,13.5906
2026-07-23T16:02:16.038,197.0326,13.0441,13.5319
2026-07-23T16:02:16.038,197.0326,12.9266,13.5319
2026-07-23T16:02:16.042,197.0359,13.142,13.4535
2026-07-23T16:02:16.054,197.0413,13.0833,13.5123
2026-07-23T16:02:16.058,197.0703,13.1812,13.4731
2026-07-23T16:02:16.073,197.0708,13.0441,13.5906
2026-07-23T16:02:16.073,197.0708,13.2399,13.5515
2026-07-23T16:02:16.094,197.0708,13.1029,13.6102
2026-07-23T16:02:16.106,197.1027,13.2595,13.6494
2026-07-23T16:02:16.106,197.1104,13.1616,13.7081
2026-07-23T16:02:16.122,197.1129,13.3966,13.6298
2026-07-23T16:02:16.122,197.1188,13.3574,13.7473
2026-07-23T16:02:16.139,197.1362,13.5924,13.7081
2026-07-23T16:02:16.154,197.1519,13.6707,13.7473
2026-07-23T16:02:16.164,197.1519,13.6315,13.8452
2026-07-23T16:02:16.170,197.1519,13.5532,13.8843
2026-07-23T16:02:16.177,197.1816,13.6903,13.9039
2026-07-23T16:02:16.187,197.1881,13.5728,13.8452
2026-07-23T16:02:16.203,197.1923,13.7099,13.806
2026-07-23T16:02:16.203,197.197,13.7099,13.8452
2026-07-23T16:02:16.220,197.2228,13.6707,13.806
2026-07-23T16:02:16.220,197.2228,13.6707,13.9235
2026-07-23T16:02:16.248,197.2228,13.8273,13.8452
2026-07-23T16:02:16.254,197.2523,13.8665,13.8843
2026-07-23T16:02:16.263,197.2532,13.9252,13.8452
2026-07-23T16:02:16.274,197.2583,13.8469,13.8452
2026-07-23T16:02:16.279,197.2612,13.8861,13.806
2026-07-23T16:02:16.295,197.2751,13.8078,13.8647
2026-07-23T16:02:16.304,197.2903,13.8861,13.8647
2026-07-23T16:02:16.313,197.2936,13.7882,13.7864
2026-07-23T16:02:16.320,197.3064,13.8078,13.8647
2026-07-23T16:02:16.326,197.3233,13.9057,13.9431
2026-07-23T16:02:16.341,197.3283,14.0427,13.9235
2026-07-23T16:02:16.354,197.3542,13.9644,14.0214
2026-07-23T16:02:16.357,197.3542,13.984,14.1585
2026-07-23T16:02:16.374,197.3586,13.8469,14.0997
2026-07-23T16:02:16.379,197.3853,13.7882,13.9626
2026-07-23T16:02:16.391,197.3887,13.6903,13.8843
2026-07-23T16:02:16.402,197.3887,13.7686,13.9431
2026-07-23T16:02:16.409,197.3963,13.7294,13.8256
2026-07-23T16:02:16.423,197.4269,13.8078,13.806
2026-07-23T16:02:16.428,197.4269,13.7882,13.7277
2026-07-23T16:02:16.439,197.4322,13.7686,13.6689
2026-07-23T16:02:16.460,197.4604,13.7099,13.7081
2026-07-23T16:02:16.460,197.4604,13.6707,13.7668
2026-07-23T16:02:16.474,197.4636,13.6511,13.7864
2026-07-23T16:02:16.483,197.4712,13.612,13.9235
2026-07-23T16:02:16.489,197.4965,13.4749,13.7668
2026-07-23T16:02:16.499,197.4965,13.4553,13.7473
2026-07-23T16:02:16.522,197.5022,13.2987,13.6885
2026-07-23T16:02:16.522,197.5022,13.2595,13.7081
2026-07-23T16:02:16.530,197.5275,13.2399,13.5906
2026-07-23T16:02:16.540,197.5275,13.2399,13.6885
2026-07-23T16:02:16.553,197.5364,13.1029,13.5515
2026-07-23T16:02:16.564,197.5612,13.1616,13.5515
2026-07-23T16:02:16.574,197.5646,13.1224,13.4535
2026-07-23T16:02:16.578,197.5693,13.1616,13.6102
2026-07-23T16:02:16.595,197.5908,13.0441,13.5906
2026-07-23T16:02:16.595,197.5908,13.1224,13.6689
2026-07-23T16:02:16.615,197.6016,13.0441,13.6298
2026-07-23T16:02:16.620,197.6026,13.2008,13.7864
2026-07-23T16:02:16.626,197.6272,13.0833,13.6689
2026-07-23T16:02:16.640,197.6272,13.2987,13.7081
2026-07-23T16:02:16.652,197.6361,13.1616,13.7081
2026-07-23T16:02:16.674,197.6544,13.2203,13.6885
2026-07-23T16:02:16.674,197.6544,13.0637,13.6494
2026-07-23T16:02:16.678,197.6704,13.1616,13.6298
2026-07-23T16:02:16.690,197.6704,12.9658,13.6102
2026-07-23T16:02:16.690,197.6986,13.1029,13.571
2026-07-23T16:02:16.705,197.7017,12.9266,13.4927
2026-07-23T16:02:16.721,197.7079,13.1029,13.4731
2026-07-23T16:02:16.721,197.7331,13.0441,13.4927
2026-07-23T16:02:16.741,197.7384,13.2595,13.6102
2026-07-23T16:02:16.757,197.7384,13.0441,13.6102
2026-07-23T16:02:16.761,197.745,13.2791,13.7473
2026-07-23T16:02:16.768,197.7697,13.0833,13.7473
2026-07-23T16:02:16.774,197.7697,13.2595,13.6885
2026-07-23T16:02:16.789,197.7697,12.9854,13.7081
2026-07-23T16:02:16.803,197.8028,13.1616,13.6298
2026-07-23T16:02:16.815,197.811,13.0441,13.5906
2026-07-23T16:02:16.820,197.8134,13.3378,13.6689
2026-07-23T16:02:16.831,197.8134,13.2008,13.6298
2026-07-23T16:02:16.854,197.8466,13.3574,13.7864
2026-07-23T16:02:16.854,197.8493,13.2399,13.7864
2026-07-23T16:02:16.864,197.8517,13.3182,13.8256
2026-07-23T16:02:16.864,197.8517,13.1029,13.8647
2026-07-23T16:02:16.893,197.8774,13.2008,13.8452
2026-07-23T16:02:16.893,197.8774,13.0441,13.7081
2026-07-23T16:02:16.903,197.8908,13.2595,13.6298
2026-07-23T16:02:16.928,197.9192,13.1029,13.6494
2026-07-23T16:02:16.928,197.9237,13.3378,13.6494
2026-07-23T16:02:16.928,197.9237,13.2008,13.806
2026-07-23T16:02:16.942,197.9237,13.4749,13.7277
2026-07-23T16:02:16.954,197.9533,13.2791,13.8256
2026-07-23T16:02:16.958,197.9533,13.4357,13.8647
2026-07-23T16:02:16.974,197.9609,13.3574,13.9626
2026-07-23T16:02:16.974,197.9694,13.4749,13.9235
2026-07-23T16:02:17.004,197.9909,13.2595,14.0214
2026-07-23T16:02:17.004,197.9909,13.4357,13.9822
2026-07-23T16:02:17.012,198.0027,13.3182,14.0018
2026-07-23T16:02:17.020,198.0072,13.4749,13.9626
2026-07-23T16:02:17.042,198.0324,13.2791,13.9626
2026-07-23T16:02:17.042,198.0352,13.4357,13.9235
2026-07-23T16:02:17.058,198.0383,13.2399,13.9235
2026-07-23T16:02:17.068,198.0639,13.4357,13.9039
2026-07-23T16:02:17.075,198.0639,13.3574,13.9626
2026-07-23T16:02:17.083,198.0693,13.4553,14.0606
2026-07-23T16:02:17.089,198.0744,13.2987,14.1585
2026-07-23T16:02:17.099,198.0974,13.3182,14.1389
2026-07-23T16:02:17.115,198.1027,13.2008,14.1585
2026-07-23T16:02:17.125,198.1032,13.2987,14.1976
2026-07-23T16:02:17.137,198.1277,13.2008,14.2368
2026-07-23T16:02:17.142,198.1277,13.4357,14.1976
2026-07-23T16:02:17.154,198.1362,13.3966,14.1976
2026-07-23T16:02:17.162,198.158,13.5141,14.1389
2026-07-23T16:02:17.175,198.158,13.4553,14.178
2026-07-23T16:02:17.178,198.1667,13.4749,14.1389
2026-07-23T16:02:17.198,198.1915,13.4161,14.1585
2026-07-23T16:02:17.209,198.1915,13.3966,14.2172
2026-07-23T16:02:17.209,198.2027,13.4161,14.1389
2026-07-23T16:02:17.222,198.2053,13.4357,14.1585
2026-07-23T16:02:17.225,198.231,13.5141,14.1585
2026-07-23T16:02:17.242,198.2362,13.4553,14.178
2026-07-23T16:02:17.253,198.2383,13.4357,14.2172
2026-07-23T16:02:17.262,198.2674,13.5141,14.1389
2026-07-23T16:02:17.275,198.2695,13.4357,14.1193
2026-07-23T16:02:17.282,198.2737,13.4161,14.0997
2026-07-23T16:02:17.289,198.2737,13.3966,14.2172
2026-07-23T16:02:17.304,198.3028,13.3574,14.0214
2026-07-23T16:02:17.304,198.3082,13.3182,13.9626
2026-07-23T16:02:17.320,198.313,13.3574,13.8843
2026-07-23T16:02:17.331,198.3386,13.3182,13.9431
2026-07-23T16:02:17.351,198.3471,13.2791,13.9431
2026-07-23T16:02:17.354,198.3491,13.377,14.0801
2026-07-23T16:02:17.364,198.3551,13.3574,13.9431
2026-07-23T16:02:17.375,198.379,13.4553,14.0801
2026-07-23T16:02:17.387,198.3854,13.5141,14.0606
2026-07-23T16:02:17.398,198.3854,13.4357,14.0018
2026-07-23T16:02:17.406,198.3924,13.4357,14.041
2026-07-23T16:02:17.416,198.4244,13.3378,13.9626
2026-07-23T16:02:17.429,198.4264,13.3378,14.0997
2026-07-23T16:02:17.430,198.4264,13.3378,14.041
2026-07-23T16:02:17.443,198.4359,13.2987,14.041
2026-07-23T16:02:17.470,198.4614,13.3378,14.0801
2026-07-23T16:02:17.470,198.4614,13.2595,14.1585
2026-07-23T16:02:17.470,198.4687,13.3182,14.1389
2026-07-23T16:02:17.477,198.4728,13.2987,14.1976
2026-07-23T16:02:17.493,198.4928,13.2399,14.2564
2026-07-23T16:02:17.509,198.5052,13.1812,14.2955
2026-07-23T16:02:17.512,198.5052,13.2203,14.1193
2026-07-23T16:02:17.524,198.5052,13.2203,14.0997
2026-07-23T16:02:17.528,198.5447,13.2399,14.041
2026-07-23T16:02:17.544,198.5502,13.142,14.0801
2026-07-23T16:02:17.556,198.5519,13.2008,14.0214
2026-07-23T16:02:17.556,198.5519,13.1224,14.041
2026-07-23T16:02:17.556,198.5768,13.1224,14.041
2026-07-23T16:02:17.587,198.5839,13.005,14.0214
2026-07-23T16:02:17.587,198.5839,12.9658,13.9039
2026-07-23T16:02:17.603,198.5904,12.9854,13.9235
2026-07-23T16:02:17.603,198.6028,12.9266,13.9822
2026-07-23T16:02:17.620,198.616,12.8679,13.8843
2026-07-23T16:02:17.635,198.616,12.907,13.8452
2026-07-23T16:02:17.644,198.6243,12.9266,13.9235
2026-07-23T16:02:17.654,198.6496,12.9266,13.9431
2026-07-23T16:02:17.654,198.6496,12.9658,14.0997
2026-07-23T16:02:17.675,198.6496,12.907,14.0214
2026-07-23T16:02:17.684,198.6841,12.907,14.041
2026-07-23T16:02:17.687,198.6894,12.9854,13.9822
2026-07-23T16:02:17.700,198.6905,13.0441,14.0606
2026-07-23T16:02:17.700,198.7172,13.0833,14.0018
2026-07-23T16:02:17.720,198.7223,13.142,14.0606
2026-07-23T16:02:17.735,198.7264,13.0833,14.0801
2026-07-23T16:02:17.746,198.7264,13.1029,14.1193
2026-07-23T16:02:17.754,198.7532,12.9854,14.1585
2026-07-23T16:02:17.762,198.7581,13.0833,14.178
2026-07-23T16:02:17.773,198.7601,12.8875,14.0801
2026-07-23T16:02:17.777,198.774,13.0245,14.178
2026-07-23T16:02:17.793,198.7937,12.8679,14.1193
2026-07-23T16:02:17.804,198.7952,12.9658,14.1389
2026-07-23T16:02:17.811,198.7952,12.907,14.178
2026-07-23T16:02:17.825,198.8245,12.9658,14.2368
2026-07-23T16:02:17.825,198.8245,12.9658,14.3347
2026-07-23T16:02:17.846,198.8245,13.0833,14.4522
2026-07-23T16:02:17.846,198.8525,13.1029,14.3934
2026-07-23T16:02:17.872,198.8525,13.2399,14.413
2026-07-23T16:02:17.872,198.8525,13.2791,14.4913
2026-07-23T16:02:17.875,198.8697,13.377,14.5892
2026-07-23T16:02:17.888,198.9029,13.3378,14.6871
2026-07-23T16:02:17.903,198.9029,13.3966,14.7263
2026-07-23T16:02:17.903,198.9029,13.1616,14.6871
2026-07-23T16:02:17.920,198.9164,13.1812,14.5697
2026-07-23T16:02:17.929,198.92,13.3182,14.5501
2026-07-23T16:02:17.951,198.9501,13.4161,14.5305
2026-07-23T16:02:17.951,198.9501,13.4357,14.6676
2026-07-23T16:02:17.967,198.9501,13.5532,14.5697
2026-07-23T16:02:17.971,198.9501,13.4553,14.6871
2026-07-23T16:02:17.987,198.9786,13.5141,14.8046
2026-07-23T16:02:17.987,198.9786,13.4161,14.785
2026-07-23T16:02:18.001,198.9786,13.5532,14.7459
2026-07-23T16:02:18.013,199.0102,13.4749,14.6871
2026-07-23T16:02:18.029,199.026,13.4357,14.5501
2026-07-23T16:02:18.029,199.0315,13.3378,14.4326
2026-07-23T16:02:18.045,199.036,13.3574,14.3151
2026-07-23T16:02:18.061,199.0651,13.1616,14.3934
2026-07-23T16:02:18.061,199.0651,13.1616,14.2955
2026-07-23T16:02:18.077,199.0695,13.1029,14.2955
2026-07-23T16:02:18.082,199.0695,13.142,14.2564
2026-07-23T16:02:18.098,199.1004,13.1029,14.1976
2026-07-23T16:02:18.108,199.1052,13.0833,14.1585
2026-07-23T16:02:18.108,199.1052,12.9854,14.1976
2026-07-23T16:02:18.124,199.1052,13.0637,14.178
2026-07-23T16:02:18.138,199.1362,13.1224,14.1193
2026-07-23T16:02:18.146,199.1362,13.2008,14.041
2026-07-23T16:02:18.151,199.1466,13.2399,14.0997
2026-07-23T16:02:18.156,199.1523,13.3182,14.0606
2026-07-23T16:02:18.187,199.1805,13.2399,14.2368
2026-07-23T16:02:18.187,199.183,13.2008,14.3738
2026-07-23T16:02:18.187,199.184,13.2008,14.4522
2026-07-23T16:02:18.203,199.184,13.1812,14.5109
2026-07-23T16:02:18.221,199.2157,13.2595,14.4522
2026-07-23T16:02:18.221,199.2157,13.142,14.3151
2026-07-23T16:02:18.234,199.2157,13.2203,14.2759
2026-07-23T16:02:18.235,199.2253,13.1224,14.2172
2026-07-23T16:02:18.254,199.247,13.2399,14.3151
2026-07-23T16:02:18.263,199.2537,13.0833,14.2368
2026-07-23T16:02:18.276,199.2568,13.1224,14.2955
2026-07-23T16:02:18.287,199.2837,12.8875,14.2759
2026-07-23T16:02:18.298,199.2837,12.8875,14.3151
2026-07-23T16:02:18.308,199.2927,12.6525,14.2368
2026-07-23T16:02:18.312,199.2954,12.7896,14.2955
2026-07-23T16:02:18.330,199.311,12.77,14.3151
2026-07-23T16:02:18.335,199.311,12.907,14.2564
2026-07-23T16:02:18.346,199.3265,12.7504,14.3151
2026-07-23T16:02:18.354,199.3561,12.8483,14.3347
2026-07-23T16:02:18.362,199.3601,12.7112,14.3543
2026-07-23T16:02:18.377,199.3634,12.77,14.3543
2026-07-23T16:02:18.377,199.3671,12.7308,14.3151
2026-07-23T16:02:18.393,199.3957,12.8287,14.4326
2026-07-23T16:02:18.411,199.398,12.6525,14.413
2026-07-23T16:02:18.414,199.398,12.6917,14.3347
2026-07-23T16:02:18.420,199.4258,12.535,14.3738
2026-07-23T16:02:18.440,199.4361,12.6525,14.2955
2026-07-23T16:02:18.449,199.4401,12.4371,14.2955
2026-07-23T16:02:18.449,199.4401,12.5742,14.3151
2026-07-23T16:02:18.464,199.4717,12.4371,14.3543
2026-07-23T16:02:18.477,199.4717,12.6133,14.3543
2026-07-23T16:02:18.491,199.4717,12.4959,14.413
2026-07-23T16:02:18.491,199.4827,12.6917,14.3543
2026-07-23T16:02:18.503,199.5041,12.5938,14.4326
2026-07-23T16:02:18.513,199.5152,12.6917,14.4522
2026-07-23T16:02:18.522,199.5152,12.5938,14.5501
2026-07-23T16:02:18.534,199.5152,12.7504,14.5305
2026-07-23T16:02:18.535,199.5474,12.6525,14.5892
2026-07-23T16:02:18.555,199.5474,12.8287,14.4913
2026-07-23T16:02:18.566,199.5474,12.7504,14.4326
2026-07-23T16:02:18.566,199.5474,12.8875,14.2759
2026-07-23T16:02:18.582,199.584,12.7112,14.2564
2026-07-23T16:02:18.587,199.5874,12.7504,14.178
2026-07-23T16:02:18.598,199.5948,12.6525,14.0997
2026-07-23T16:02:18.617,199.6257,12.7308,14.0997
2026-07-23T16:02:18.629,199.6294,12.5546,14.1389
2026-07-23T16:02:18.629,199.6294,12.6721,14.041
2026-07-23T16:02:18.646,199.6413,12.6917,14.0997
2026-07-23T16:02:18.652,199.6413,12.7896,14.0997
2026-07-23T16:02:18.662,199.6728,12.6329,14.1389
2026-07-23T16:02:18.662,199.6728,12.8483,14.0997
2026-07-23T16:02:18.687,199.6728,12.6721,14.178
2026-07-23T16:02:18.692,199.6847,12.7896,14.1193
2026-07-23T16:02:18.714,199.7126,12.6133,14.3738
2026-07-23T16:02:18.714,199.7126,12.6329,14.3934
2026-07-23T16:02:18.722,199.7126,12.4567,14.4913
2026-07-23T16:02:18.736,199.7204,12.6329,14.5109
2026-07-23T16:02:18.739,199.7364,12.4567,14.4326
2026-07-23T16:02:18.755,199.7364,12.4371,14.3934
2026-07-23T16:02:18.763,199.7517,12.3196,14.3934
2026-07-23T16:02:18.771,199.7564,12.3,14.2955
2026-07-23T16:02:18.776,199.7831,12.2021,14.3151
2026-07-23T16:02:18.787,199.7831,12.2805,14.2368
2026-07-23T16:02:18.807,199.7831,12.1826,14.2368
2026-07-23T16:02:18.820,199.8162,12.2217,14.1585
2026-07-23T16:02:18.820,199.8162,12.3,14.1193
2026-07-23T16:02:18.834,199.8162,12.3979,14.1389
2026-07-23T16:02:18.834,199.8257,12.5938,14.1193
2026-07-23T16:02:18.854,199.8462,12.5938,14.0606
2026-07-23T16:02:18.865,199.8562,12.6525,14.041
2026-07-23T16:02:18.877,199.862,12.7896,13.8452
2026-07-23T16:02:18.889,199.8796,13.005,13.806
2026-07-23T16:02:18.897,199.8796,13.1812,13.6885
2026-07-23T16:02:18.897,199.8905,13.2399,13.7473
2026-07-23T16:02:18.914,199.8949,13.2399,13.7473
2026-07-23T16:02:18.920,199.9087,13.2008,13.7864
2026-07-23T16:02:18.930,199.9246,13.1812,13.806
2026-07-23T16:02:18.946,199.9256,13.1224,13.8452
2026-07-23T16:02:18.954,199.9563,13.1812,13.8256
2026-07-23T16:02:18.960,199.963,13.2987,13.8647
2026-07-23T16:02:18.976,199.963,13.377,13.8452
2026-07-23T16:02:18.976,199.9697,13.377,13.9235
2026-07-23T16:02:18.992,199.988,13.4161,13.9039
2026-07-23T16:02:19.007,199.998,13.2203,13.9822
2026-07-23T16:02:19.014,199.998,13.2203,13.9822
2026-07-23T16:02:19.023,200.0257,13.1029,14.0997
2026-07-23T16:02:19.039,200.0257,12.9658,14.0801
2026-07-23T16:02:19.039,200.0257,12.6329,14.178
2026-07-23T16:02:19.056,200.0359,12.5546,14.3738
2026-07-23T16:02:19.063,200.0568,12.6133,14.413
2026-07-23T16:02:19.070,200.0568,12.6329,14.5305
2026-07-23T16:02:19.076,200.0679,12.5546,14.3151
2026-07-23T16:02:19.087,200.092,12.6329,14.3934
2026-07-23T16:02:19.103,200.0956,12.5938,14.4522
2026-07-23T16:02:19.108,200.1032,12.6721,14.5892
2026-07-23T16:02:19.120,200.1141,12.77,14.6088
2026-07-23T16:02:19.139,200.1297,12.77,14.7067
2026-07-23T16:02:19.143,200.1323,12.7308,14.7067
2026-07-23T16:02:19.153,200.1323,12.7308,14.785
2026-07-23T16:02:19.165,200.1586,12.7112,14.8242
2026-07-23T16:02:19.165,200.1614,12.7896,14.8634
2026-07-23T16:02:19.183,200.1662,12.7504,14.8634
2026-07-23T16:02:19.197,200.1776,12.6525,14.8829
2026-07-23T16:02:19.198,200.1933,12.5546,14.9613
2026-07-23T16:02:19.217,200.1984,12.5742,15.02
2026-07-23T16:02:19.222,200.2252,12.4567,14.9025
2026-07-23T16:02:19.228,200.2262,12.6133,14.9417
2026-07-23T16:02:19.228,200.2262,12.5546,14.9417
2026-07-23T16:02:19.254,200.2363,12.6721,14.9025
2026-07-23T16:02:19.260,200.2619,12.4567,14.8829
2026-07-23T16:02:19.277,200.2659,12.4567,15.0004
2026-07-23T16:02:19.277,200.2659,12.3,14.8242
2026-07-23T16:02:19.292,200.2906,12.4567,14.8046
2026-07-23T16:02:19.307,200.2965,12.2609,14.7655
2026-07-23T16:02:19.317,200.2985,12.6525,14.7655
2026-07-23T16:02:19.323,200.3039,12.4959,14.7067
2026-07-23T16:02:19.339,200.3221,12.77,14.7459
2026-07-23T16:02:19.349,200.3263,12.5938,14.8242
2026-07-23T16:02:19.355,200.3307,12.8483,14.9221
2026-07-23T16:02:19.370,200.3535,12.535,14.9221
2026-07-23T16:02:19.373,200.3535,12.7504,15.02
2026-07-23T16:02:19.381,200.3841,12.6329,14.9025
2026-07-23T16:02:19.391,200.388,12.77,14.8438
2026-07-23T16:02:19.404,200.388,12.5546,14.7263
2026-07-23T16:02:19.404,200.388,12.6721,14.7263
2026-07-23T16:02:19.422,200.4145,12.4763,14.7067
2026-07-23T16:02:19.439,200.4218,12.6525,14.7655
2026-07-23T16:02:19.439,200.4218,12.4763,14.7655
2026-07-23T16:02:19.454,200.4462,12.6917,14.7459
2026-07-23T16:02:19.454,200.4462,12.4371,14.8242
2026-07-23T16:02:19.473,200.4462,12.5546,14.8046
2026-07-23T16:02:19.497,200.4778,12.3588,14.7655
2026-07-23T16:02:19.497,200.4778,12.4763,14.785
2026-07-23T16:02:19.497,200.4935,12.3,14.6676
2026-07-23T16:02:19.514,200.4935,12.6133,14.6088
2026-07-23T16:02:19.529,200.5266,12.3588,14.6871
2026-07-23T16:02:19.529,200.5266,12.5938,14.5892
2026-07-23T16:02:19.544,200.534,12.4371,14.648
2026-07-23T16:02:19.560,200.5566,12.6917,14.5892
2026-07-23T16:02:19.560,200.5566,12.5742,14.6871
2026-07-23T16:02:19.577,200.5696,12.6133,14.6088
2026-07-23T16:02:19.585,200.5696,12.3784,14.6676
2026-07-23T16:02:19.598,200.6049,12.5938,14.785
2026-07-23T16:02:19.607,200.6083,12.3196,14.7263
2026-07-23T16:02:19.607,200.6083,12.5546,14.6871
2026-07-23T16:02:19.620,200.6083,12.5546,14.8046
2026-07-23T16:02:19.638,200.6412,12.6721,14.8438
2026-07-23T16:02:19.651,200.6453,12.5742,14.9221
2026-07-23T16:02:19.656,200.6453,12.7896,14.9221
2026-07-23T16:02:19.659,200.652,12.6525,15.0396
2026-07-23T16:02:19.677,200.6721,12.8091,14.9417
2026-07-23T16:02:19.687,200.6721,12.6525,15.0004
2026-07-23T16:02:19.692,200.6721,12.8875,14.8634
2026-07-23T16:02:19.703,200.6868,12.9266,14.9417
2026-07-23T16:02:19.723,200.7157,13.1224,14.8438
2026-07-23T16:02:19.723,200.7177,13.2791,14.8438
2026-07-23T16:02:19.735,200.7222,13.6315,14.9417
2026-07-23T16:02:19.743,200.7472,14.0036,15.1962
2026-07-23T16:02:19.754,200.7555,14.4148,15.2941
2026-07-23T16:02:19.764,200.7555,14.6497,15.5683
2026-07-23T16:02:19.773,200.7626,14.8455,15.6662
2026-07-23T16:02:19.782,200.7782,14.7868,15.862
2026-07-23T16:02:19.798,200.7782,14.8455,15.999
2026-07-23T16:02:19.806,200.7969,14.9826,16.0774
2026-07-23T16:02:19.817,200.8005,15.198,16.1361
2026-07-23T16:02:19.829,200.8267,15.433,16.2732
2026-07-23T16:02:19.829,200.8267,15.6092,16.2732
2026-07-23T16:02:19.845,200.8267,15.8246,16.3319
2026-07-23T16:02:19.854,200.8551,15.9421,16.3319
2026-07-23T16:02:19.860,200.8628,16.0008,16.3319
2026-07-23T16:02:19.878,200.8659,16.0791,16.3515
2026-07-23T16:02:19.878,200.8696,16.1379,16.3319
2026-07-23T16:02:19.893,200.8949,16.2358,16.2928
2026-07-23T16:02:19.906,200.898,16.3924,16.3515
2026-07-23T16:02:19.914,200.903,16.5882,16.2732
2026-07-23T16:02:19.924,200.9267,16.6666,16.2144
2026-07-23T16:02:19.940,200.9267,16.6666,16.2536
2026-07-23T16:02:19.949,200.9267,16.5687,16.1165
2026-07-23T16:02:19.954,200.9363,16.412,16.1361
2026-07-23T16:02:19.967,200.9641,16.2749,16.097
2026-07-23T16:02:19.977,200.9694,16.2945,16.1165
2026-07-23T16:02:19.977,200.9694,16.3141,16.0382
2026-07-23T16:02:19.987,201.0014,16.3533,16.0186
2026-07-23T16:02:20.003,201.0055,16.3337,15.999
2026-07-23T16:02:20.015,201.0055,16.3728,15.999
2026-07-23T16:02:20.020,201.0122,16.2554,15.862
2026-07-23T16:02:20.035,201.0363,16.2162,15.9599
2026-07-23T16:02:20.035,201.0363,16.0791,15.9207
2026-07-23T16:02:20.052,201.0475,16.0008,16.0186
2026-07-23T16:02:20.068,201.0475,15.8442,15.9599
2026-07-23T16:02:20.078,201.0818,15.8246,15.8816
2026-07-23T16:02:20.087,201.0851,15.9029,15.7837
2026-07-23T16:02:20.098,201.0892,15.9812,15.8424
2026-07-23T16:02:20.098,201.0943,15.9225,15.7641
2026-07-23T16:02:20.113,201.12,15.9225,15.8228
2026-07-23T16:02:20.120,201.122,15.7267,15.7837
2026-07-23T16:02:20.136,201.1286,15.7854,15.8228
2026-07-23T16:02:20.145,201.1322,15.5505,15.7837
2026-07-23T16:02:20.154,201.1572,15.6288,15.8816
2026-07-23T16:02:20.161,201.1596,15.4917,15.8424
2026-07-23T16:02:20.179,201.1596,15.805,15.8424
2026-07-23T16:02:20.183,201.1702,15.6875,15.7837
2026-07-23T16:02:20.194,201.1964,15.9616,15.7837
2026-07-23T16:02:20.198,201.2009,15.8246,15.8228
2026-07-23T16:02:20.221,201.2045,15.9421,15.9207
2026-07-23T16:02:20.223,201.2269,15.7071,15.9207
2026-07-23T16:02:20.239,201.2269,15.805,16.0186
2026-07-23T16:02:20.252,201.2363,15.7463,16.0382
2026-07-23T16:02:20.255,201.2363,15.9421,16.2144
2026-07-23T16:02:20.271,201.2695,15.7854,16.1361
2026-07-23T16:02:20.271,201.2695,15.8833,16.234
2026-07-23T16:02:20.287,201.2695,15.6484,16.1949
2026-07-23T16:02:20.287,201.2858,15.7071,16.2928
2026-07-23T16:02:20.307,201.3152,15.5113,16.3907
2026-07-23T16:02:20.319,201.3152,15.9616,16.5277
2026-07-23T16:02:20.320,201.3152,15.7854,16.5865
2026-07-23T16:02:20.337,201.327,16.1183,16.6648
2026-07-23T16:02:20.339,201.3565,16.0596,16.6256
2026-07-23T16:02:20.354,201.3627,16.1575,16.4886
2026-07-23T16:02:20.354,201.3627,15.9029,16.3515
2026-07-23T16:02:20.366,201.3696,15.9225,16.3319
2026-07-23T16:02:20.390,201.3988,15.7463,16.1949
2026-07-23T16:02:20.398,201.4015,15.8833,16.2144
2026-07-23T16:02:20.414,201.4031,15.3742,16.2928
2026-07-23T16:02:20.415,201.4031,15.7071,16.1753
2026-07-23T16:02:20.420,201.4108,15.57,16.2536
2026-07-23T16:02:20.432,201.4382,15.7658,16.2144
2026-07-23T16:02:20.445,201.4413,15.7463,16.3515
2026-07-23T16:02:20.454,201.4413,16.0596,16.3319
2026-07-23T16:02:20.473,201.4831,15.9616,16.4298
2026-07-23T16:02:20.478,201.4853,16.1575,16.4102
2026-07-23T16:02:20.478,201.4853,16.04,16.5277
2026-07-23T16:02:20.492,201.4885,16.1575,16.4886
2026-07-23T16:02:20.492,201.4885,16.0596,16.6061
2026-07-23T16:02:20.524,201.5272,16.1379,16.6648
2026-07-23T16:02:20.524,201.5272,16.0204,16.7431
2026-07-23T16:02:20.536,201.5312,16.0204,16.704
2026-07-23T16:02:20.544,201.5312,15.8833,16.6844
2026-07-23T16:02:20.557,201.5519,16.0008,16.6256
2026-07-23T16:02:20.571,201.5676,16.1379,16.7823
2026-07-23T16:02:20.575,201.5676,16.2358,16.8802
2026-07-23T16:02:20.587,201.5696,16.2749,17.2326
2026-07-23T16:02:20.599,201.6066,16.412,17.2718
2026-07-23T16:02:20.603,201.6125,16.3728,17.3305
2026-07-23T16:02:20.603,201.6188,16.3337,17.2522
2026-07-23T16:02:20.620,201.6188,16.3924,17.2131
2026-07-23T16:02:20.634,201.6472,16.3728,17.0368
2026-07-23T16:02:20.654,201.6472,16.3337,16.9585
2026-07-23T16:02:20.654,201.6472,16.2554,16.9193
2026-07-23T16:02:20.670,201.6472,16.2358,16.9193
2026-07-23T16:02:20.670,201.6619,16.2162,16.9389
2026-07-23T16:02:20.687,201.6913,16.3533,16.9389
2026-07-23T16:02:20.687,201.6934,16.1966,16.8998
2026-07-23T16:02:20.698,201.6987,16.2358,16.8998
2026-07-23T16:02:20.716,201.709,16.177,16.8019
2026-07-23T16:02:20.724,201.7336,16.177,16.841
2026-07-23T16:02:20.728,201.7361,16.1575,16.6452
2026-07-23T16:02:20.744,201.7406,16.2358,16.6648
2026-07-23T16:02:20.750,201.7462,16.177,16.6648
2026-07-23T16:02:20.770,201.7792,16.3141,16.6452
2026-07-23T16:02:20.782,201.7792,16.2554,16.6844
2026-07-23T16:02:20.784,201.7855,16.3728,16.8214
2026-07-23T16:02:20.791,201.7902,16.5295,16.9389
2026-07-23T16:02:20.807,201.8197,16.6666,16.9389
2026-07-23T16:02:20.823,201.8241,16.6078,16.9193
2026-07-23T16:02:20.823,201.8274,16.6078,16.8214
2026-07-23T16:02:20.841,201.8345,16.3141,16.7627
2026-07-23T16:02:20.841,201.8345,16.3141,16.6256
2026-07-23T16:02:20.855,201.8662,16.2554,16.7235
2026-07-23T16:02:20.855,201.8696,16.3533,16.7627
2026-07-23T16:02:20.878,201.8753,16.2749,16.7627
2026-07-23T16:02:20.885,201.8753,16.3337,16.8802
2026-07-23T16:02:20.901,201.9069,16.177,16.9193
2026-07-23T16:02:20.901,201.9113,16.1575,16.8802
2026-07-23T16:02:20.901,201.913,16.1575,16.8998
2026-07-23T16:02:20.926,201.9161,16.2749,16.9781
2026-07-23T16:02:20.933,201.9161,16.2945,16.8606
2026-07-23T16:02:20.949,201.947,16.2749,16.8606
2026-07-23T16:02:20.958,201.947,16.1966,16.841
2026-07-23T16:02:20.967,201.9536,16.0987,16.6452
2026-07-23T16:02:20.980,201.9763,16.0008,16.7235
2026-07-23T16:02:20.987,201.9763,15.8637,16.6844
2026-07-23T16:02:20.998,201.9763,16.0204,16.8214
2026-07-23T16:02:21.004,201.9763,15.9616,16.8606
2026-07-23T16:02:21.027,202.1099,16.1183,16.9193
2026-07-23T16:02:21.027,202.1099,15.9812,16.7431
2026-07-23T16:02:21.027,202.1191,16.04,16.7431
2026-07-23T16:02:21.043,202.1227,15.8637,16.469
2026-07-23T16:02:21.156,202.1361,15.8833,16.4494
2026-07-23T16:02:21.156,202.1508,15.6875,16.3907
2026-07-23T16:02:21.156,202.1508,15.6875,16.4494
2026-07-23T16:02:21.156,202.1508,15.5505,16.3907
2026-07-23T16:02:21.156,202.1508,15.57,16.4298
2026-07-23T16:02:21.156,202.1508,15.6484,16.3907
2026-07-23T16:02:21.156,202.1508,15.6679,16.469
2026-07-23T16:02:21.156,202.1508,15.7658,16.4494
2026-07-23T16:02:21.156,202.1508,15.9812,16.5473
2026-07-23T16:02:21.156,202.1508,16.2749,16.6648
2026-07-23T16:02:21.156,202.1508,16.04,16.7235
2026-07-23T16:02:21.167,202.1594,15.8833,16.704
2026-07-23T16:02:21.174,202.1828,15.9225,16.704
2026-07-23T16:02:21.187,202.1828,15.9029,16.704
2026-07-23T16:02:21.187,202.1828,15.8833,16.5473
2026-07-23T16:02:21.202,202.1986,15.7854,16.3907
2026-07-23T16:02:21.221,202.2317,15.7267,16.2732
2026-07-23T16:02:21.234,202.2363,15.5113,16.1753
2026-07-23T16:02:21.234,202.2363,15.5113,15.9599
2026-07-23T16:02:21.234,202.2363,15.3742,15.9403
2026-07-23T16:02:21.256,202.2455,15.3938,15.862
2026-07-23T16:02:21.266,202.2698,15.1784,15.9599
2026-07-23T16:02:21.278,202.2778,15.1588,15.9795
2026-07-23T16:02:21.287,202.2804,15.2567,16.1557
2026-07-23T16:02:21.296,202.284,15.3938,16.0774
2026-07-23T16:02:21.308,202.3086,15.5505,16.1753
2026-07-23T16:02:21.312,202.3086,15.7854,16.1949
2026-07-23T16:02:21.329,202.3178,16.0008,16.234
2026-07-23T16:02:21.335,202.3218,16.0596,16.234
2026-07-23T16:02:21.357,202.3405,16.0204,16.2536
2026-07-23T16:02:21.357,202.3405,15.9225,16.1753
2026-07-23T16:02:21.359,202.3405,15.9029,16.1753
2026-07-23T16:02:21.379,202.3758,15.7854,16.1557
2026-07-23T16:02:21.379,202.3812,15.8442,16.1557
2026-07-23T16:02:21.391,202.3822,15.9029,16.1165
2026-07-23T16:02:21.391,202.3886,15.9225,16.1949
2026-07-23T16:02:21.423,202.4064,15.9029,16.234
2026-07-23T16:02:21.427,202.4064,16.0204,16.2732
2026-07-23T16:02:21.439,202.4194,15.9029,16.3123
2026-07-23T16:02:21.439,202.4366,16.0204,16.3319
2026-07-23T16:02:21.457,202.4505,15.8442,16.3515
2026-07-23T16:02:21.470,202.4505,15.9421,16.4298
2026-07-23T16:02:21.470,202.4505,15.7658,16.3319
2026-07-23T16:02:21.487,202.4842,15.7854,16.469
2026-07-23T16:02:21.501,202.4842,15.7071,16.3711
2026-07-23T16:02:21.501,202.4842,15.8833,16.4102
2026-07-23T16:02:21.525,202.5138,15.8246,16.3711
2026-07-23T16:02:21.525,202.5138,16.04,16.3907
2026-07-23T16:02:21.535,202.5138,15.9616,16.3907
2026-07-23T16:02:21.543,202.5138,15.9029,16.3123
2026-07-23T16:02:21.555,202.5529,15.6679,16.4298
2026-07-23T16:02:21.558,202.5529,15.6484,16.3907
2026-07-23T16:02:21.565,202.5613,15.57,16.5081
2026-07-23T16:02:21.587,202.577,15.8246,16.6844
2026-07-23T16:02:21.596,202.5928,15.7463,16.8214
2026-07-23T16:02:21.604,202.596,15.9812,16.7823
2026-07-23T16:02:21.612,202.6001,15.9616,16.8606
2026-07-23T16:02:21.621,202.6279,16.04,16.7823
2026-07-23T16:02:21.628,202.6279,15.8833,16.7823
2026-07-23T16:02:21.651,202.6363,16.0008,16.6452
2026-07-23T16:02:21.654,202.6363,15.7658,16.5081
2026-07-23T16:02:21.661,202.6645,15.7658,16.3123
2026-07-23T16:02:21.679,202.6702,15.4134,16.2144
2026-07-23T16:02:21.687,202.6746,15.3155,16.2536
2026-07-23T16:02:21.691,202.7006,15.1588,16.2732
2026-07-23T16:02:21.708,202.7031,15.198,16.4298
2026-07-23T16:02:21.724,202.7076,15.0805,16.6061
2026-07-23T16:02:21.725,202.7076,15.1784,16.6844
2026-07-23T16:02:21.739,202.7347,15.1393,16.704
2026-07-23T16:02:21.739,202.7357,15.2567,16.5081
2026-07-23T16:02:21.758,202.7402,15.3155,16.5081
2026-07-23T16:02:21.770,202.7665,15.4525,16.4102
2026-07-23T16:02:21.779,202.7697,15.433,16.4102
2026-07-23T16:02:21.785,202.7697,15.3938,16.4102
2026-07-23T16:02:21.791,202.7797,15.2567,16.5277
2026-07-23T16:02:21.801,202.8029,15.198,16.4494
2026-07-23T16:02:21.808,202.8029,15.2763,16.4886
2026-07-23T16:02:21.820,202.8135,15.2763,16.4298
2026-07-23T16:02:21.833,202.8409,15.1784,16.7235
2026-07-23T16:02:21.849,202.8409,15.0414,16.8214
2026-07-23T16:02:21.854,202.8455,15.0414,16.8802
2026-07-23T16:02:21.864,202.8495,14.9434,17.076
2026-07-23T16:02:21.864,202.8698,14.9826,17.2914
2026-07-23T16:02:21.880,202.8769,14.9826,17.448
2026-07-23T16:02:21.900,202.8828,15.1393,17.6634
2026-07-23T16:02:21.900,202.9081,15.0609,17.7222
2026-07-23T16:02:21.912,202.9096,15.0218,18.1138
2026-07-23T16:02:21.928,202.9096,15.0022,18.5641
2026-07-23T16:02:21.937,202.9096,14.9434,18.897
2026-07-23T16:02:21.954,202.9466,14.9239,19.2886
2026-07-23T16:02:21.954,202.9466,14.7672,19.504
2026-07-23T16:02:21.960,202.9561,14.7085,19.6998
2026-07-23T16:02:21.960,202.9576,14.6693,19.8173
2026-07-23T16:02:21.996,202.978,14.6302,19.8956
2026-07-23T16:02:21.997,202.978,14.591,19.9544
2026-07-23T16:02:22.008,202.9937,14.5323,20.0718
2026-07-23T16:02:22.013,203.0183,14.5323,20.0523
2026-07-23T16:02:22.029,203.0212,14.591,20.0718
2026-07-23T16:02:22.029,203.0272,14.591,19.8956
2026-07-23T16:02:22.044,203.0282,14.591,19.8369
2026-07-23T16:02:22.057,203.0587,14.5518,19.7586
2026-07-23T16:02:22.060,203.0587,14.5518,19.8565
2026-07-23T16:02:22.079,203.0648,14.4148,19.6606
2026-07-23T16:02:22.085,203.0698,14.4539,19.6606
2026-07-23T16:02:22.100,203.0913,14.356,19.6802
2026-07-23T16:02:22.110,203.0989,14.5323,19.8565
2026-07-23T16:02:22.116,203.1031,14.5323,19.9152
2026-07-23T16:02:22.123,203.1331,14.7085,19.9348
2026-07-23T16:02:22.142,203.1331,14.5323,19.8173
2026-07-23T16:02:22.150,203.1331,14.5714,19.876
2026-07-23T16:02:22.154,203.1385,14.3364,19.876
2026-07-23T16:02:22.160,203.1656,14.4931,19.9544
2026-07-23T16:02:22.179,203.1702,14.3952,19.9348
2026-07-23T16:02:22.189,203.1747,14.6302,19.9348
2026-07-23T16:02:22.189,203.2029,14.4148,19.7194
2026-07-23T16:02:22.212,203.2029,14.7085,19.6606
2026-07-23T16:02:22.216,203.2095,14.4735,19.6019
2026-07-23T16:02:22.226,203.2095,14.6889,19.6606
2026-07-23T16:02:22.238,203.2366,14.5127,19.7194
2026-07-23T16:02:22.238,203.2454,14.826,19.6998
2026-07-23T16:02:22.260,203.2478,14.6302,19.6019
2026-07-23T16:02:22.267,203.2529,14.8064,19.4844
2026-07-23T16:02:22.269,203.2806,14.591,19.3474
2026-07-23T16:02:22.287,203.2826,14.6106,19.1907
2026-07-23T16:02:22.303,203.2879,14.219,19.0536
2026-07-23T16:02:22.305,203.3129,14.1994,19.1124
2026-07-23T16:02:22.321,203.3129,13.984,19.0928
2026-07-23T16:02:22.330,203.3206,14.0232,19.0928
2026-07-23T16:02:22.339,203.3206,13.8469,19.132
2026-07-23T16:02:22.348,203.3485,13.9448,18.9949
2026-07-23T16:02:22.361,203.3485,13.7294,18.9557
2026-07-23T16:02:22.364,203.3598,13.7882,18.9557
2026-07-23T16:02:22.377,203.3598,13.7294,19.132
2026-07-23T16:02:22.379,203.3966,14.1406,19.132
2026-07-23T16:02:22.395,203.3966,14.0623,19.269
2026-07-23T16:02:22.399,203.3966,14.3756,19.2103
2026-07-23T16:02:22.417,203.4051,14.219,19.3669
2026-07-23T16:02:22.427,203.4285,14.3364,19.3669
2026-07-23T16:02:22.434,203.4365,14.2581,19.4453
2026-07-23T16:02:22.447,203.4391,14.4735,19.5627
2026-07-23T16:02:22.456,203.444,14.3169,19.7586
2026-07-23T16:02:22.461,203.471,14.5323,19.6998
2026-07-23T16:02:22.476,203.471,14.591,19.6215
2026-07-23T16:02:22.487,203.471,14.826,19.5236
2026-07-23T16:02:22.495,203.471,14.7085,19.6802
2026-07-23T16:02:22.506,203.5126,14.8847,19.7781
2026-07-23T16:02:22.506,203.5126,14.9239,19.9152
2026-07-23T16:02:22.522,203.5228,15.1393,20.0327
2026-07-23T16:02:22.522,203.5228,15.2372,20.1697
2026-07-23T16:02:22.558,203.5546,15.3351,20.2872
2026-07-23T16:02:22.559,203.5546,15.1784,20.346
2026-07-23T16:02:22.569,203.5546,15.1197,20.2677
2026-07-23T16:02:22.574,203.5649,14.8651,20.3656
2026-07-23T16:02:22.587,203.5967,14.7085,20.0523
2026-07-23T16:02:22.601,203.5967,14.6106,19.9739
2026-07-23T16:02:22.605,203.5967,14.5323,19.8369
2026-07-23T16:02:22.616,203.6032,14.4148,19.8173
2026-07-23T16:02:22.620,203.6308,14.4148,19.6411
2026-07-23T16:02:22.631,203.6335,14.2777,19.6411
2026-07-23T16:02:22.648,203.6362,14.1602,19.7194
2026-07-23T16:02:22.654,203.6362,14.0036,19.7781
2026-07-23T16:02:22.664,203.6685,14.0427,20.0327
2026-07-23T16:02:22.679,203.6685,14.0623,20.0327
2026-07-23T16:02:22.687,203.6737,14.1994,20.1502
2026-07-23T16:02:22.695,203.6772,14.1602,20.2481
2026-07-23T16:02:22.711,203.7077,14.1994,20.4439
2026-07-23T16:02:22.711,203.7077,14.1994,20.4635
2026-07-23T16:02:22.728,203.7133,14.1798,20.5418
2026-07-23T16:02:22.732,203.7392,14.1602,20.5026
2026-07-23T16:02:22.744,203.7392,14.2777,20.5809
2026-07-23T16:02:22.758,203.7496,14.2777,20.6201
2026-07-23T16:02:22.768,203.7496,14.356,20.6984
2026-07-23T16:02:22.776,203.7713,14.2777,20.5614
2026-07-23T16:02:22.790,203.7713,14.1798,20.5222
2026-07-23T16:02:22.790,203.7873,14.0232,20.5222
2026-07-23T16:02:22.800,203.7873,14.0623,20.5222
2026-07-23T16:02:22.822,203.8191,14.0623,20.5026
2026-07-23T16:02:22.822,203.8191,14.1211,20.5418
2026-07-23T16:02:22.822,203.8191,14.0819,20.6005
2026-07-23T16:02:22.838,203.8285,14.0036,20.5614
2026-07-23T16:02:22.862,203.8504,13.7882,20.4243
2026-07-23T16:02:22.862,203.8504,13.8273,20.3656
2026-07-23T16:02:22.870,203.8623,13.6903,20.346
2026-07-23T16:02:22.893,203.8839,13.8469,20.4243
2026-07-23T16:02:22.901,203.8839,13.8078,20.5809
2026-07-23T16:02:22.901,203.8979,13.984,20.7572
2026-07-23T16:02:22.919,203.903,13.7099,20.8551
2026-07-23T16:02:22.920,203.9307,13.8469,20.8355
2026-07-23T16:02:22.935,203.9307,13.5728,20.8747
2026-07-23T16:02:22.949,203.9364,13.749,20.9921
2026-07-23T16:02:22.956,203.9364,13.6707,21.325
2026-07-23T16:02:22.965,203.9698,14.0819,21.5404
2026-07-23T16:02:22.976,203.9698,14.0232,21.7754
2026-07-23T16:02:22.987,203.9769,14.1798,21.7754
2026-07-23T16:02:23.000,204.0032,13.9057,21.6383
2026-07-23T16:02:23.012,204.0087,13.9644,21.5012
2026-07-23T16:02:23.018,204.0124,13.7882,21.325
2026-07-23T16:02:23.029,204.0124,13.8469,21.2075
2026-07-23T16:02:23.029,204.0466,13.6315,21.0705
2026-07-23T16:02:23.044,204.0505,13.8861,20.8942
2026-07-23T16:02:23.059,204.0505,13.7099,20.8942
2026-07-23T16:02:23.063,204.058,13.8665,20.9726
2026-07-23T16:02:23.095,204.0829,13.8078,21.0509
2026-07-23T16:02:23.097,204.0829,14.0427,21.0509
2026-07-23T16:02:23.097,204.0871,13.8469,21.2663
2026-07-23T16:02:23.109,204.0898,14.1602,21.2467
2026-07-23T16:02:23.122,204.1145,14.0427,21.3838
2026-07-23T16:02:23.122,204.1188,14.3169,21.325
2026-07-23T16:02:23.141,204.1215,14.4148,21.4229
2026-07-23T16:02:23.143,204.1367,14.7476,21.4033
2026-07-23T16:02:23.163,204.1504,14.9043,21.3838
2026-07-23T16:02:23.165,204.1504,15.198,21.2271
2026-07-23T16:02:23.176,204.1797,15.198,21.1684
2026-07-23T16:02:23.185,204.1822,15.2372,21.0313
2026-07-23T16:02:23.187,204.1864,15.1784,21.0313
2026-07-23T16:02:23.201,204.192,15.1784,20.953
2026-07-23T16:02:23.218,204.2146,15.1197,21.1488
2026-07-23T16:02:23.228,204.2177,15.198,21.1684
2026-07-23T16:02:23.243,204.2267,15.3742,21.1684
2026-07-23T16:02:23.253,204.2489,15.6875,20.9726
2026-07-23T16:02:23.256,204.2532,15.6875,21.0313
2026-07-23T16:02:23.268,204.2556,15.6484,21.0509
2026-07-23T16:02:23.280,204.259,15.6484,21.0117
2026-07-23T16:02:23.287,204.2835,15.7267,20.9138
2026-07-23T16:02:23.298,204.2835,15.6875,20.9334
2026-07-23T16:02:23.306,204.2835,15.7658,20.953
2026-07-23T16:02:23.321,204.3135,15.7071,20.9921
2026-07-23T16:02:23.327,204.3135,15.7071,20.953
2026-07-23T16:02:23.334,204.3135,15.6875,20.953
2026-07-23T16:02:23.352,204.3391,15.7071,20.7376
2026-07-23T16:02:23.359,204.3425,15.7854,20.5222
2026-07-23T16:02:23.364,204.3425,16.1183,20.346
2026-07-23T16:02:23.380,204.3709,16.2358,20.4047
2026-07-23T16:02:23.390,204.3709,16.3337,20.718
2026-07-23T16:02:23.393,204.3709,16.3141,20.9334
2026-07-23T16:02:23.410,204.4033,16.3337,21.2271
2026-07-23T16:02:23.410,204.4033,16.2554,21.3642
2026-07-23T16:02:23.422,204.4033,16.3141,21.3446
2026-07-23T16:02:23.444,204.4366,16.177,21.1488
2026-07-23T16:02:23.444,204.4366,16.04,20.8159
2026-07-23T16:02:23.454,204.4416,15.8833,20.5809
2026-07-23T16:02:23.467,204.447,15.8833,20.3656
2026-07-23T16:02:23.486,204.4653,15.6875,20.483
2026-07-23T16:02:23.486,204.4679,15.7854,20.5418
2026-07-23T16:02:23.498,204.4699,15.7071,20.6788
2026-07-23T16:02:23.500,204.4973,15.8833,20.8747
2026-07-23T16:02:23.516,204.4973,15.8246,20.8747
2026-07-23T16:02:23.521,204.5058,15.9616,20.8159
2026-07-23T16:02:23.534,204.53,15.8246,20.7768
2026-07-23T16:02:23.548,204.5363,16.2162,20.7963
2026-07-23T16:02:23.554,204.5363,16.3728,20.6984
2026-07-23T16:02:23.567,204.5618,16.6078,20.6984
2026-07-23T16:02:23.571,204.5655,16.4512,20.5026
2026-07-23T16:02:23.587,204.5655,16.4316,20.3851
2026-07-23T16:02:23.599,204.5755,16.2162,20.2285
2026-07-23T16:02:23.611,204.593,16.3533,20.1893
2026-07-23T16:02:23.616,204.593,16.2162,20.3068
2026-07-23T16:02:23.626,204.6145,16.3728,20.4635
2026-07-23T16:02:23.626,204.6232,16.3728,20.6005
2026-07-23T16:02:23.644,204.6257,16.647,20.6984
2026-07-23T16:02:23.658,204.654,16.7253,20.7572
2026-07-23T16:02:23.665,204.6563,16.9798,20.6005
2026-07-23T16:02:23.679,204.6563,17.0778,20.5614
2026-07-23T16:02:23.693,204.6864,17.4106,20.3656
2026-07-23T16:02:23.693,204.6864,17.2931,20.2677
2026-07-23T16:02:23.707,204.6864,17.6456,20.0718
2026-07-23T16:02:23.720,204.7177,17.4694,20.2089
2026-07-23T16:02:23.734,204.7235,17.6848,20.346
2026-07-23T16:02:23.734,204.7235,17.5869,20.5418
2026-07-23T16:02:23.745,204.7331,17.626,20.6788
2026-07-23T16:02:23.754,204.7578,17.4106,20.8551
2026-07-23T16:02:23.769,204.7618,17.3323,20.6984
2026-07-23T16:02:23.774,204.7644,16.9994,20.6397
2026-07-23T16:02:23.787,204.7811,17.0778,20.4439
2026-07-23T16:02:23.800,204.7958,17.1169,20.346
2026-07-23T16:02:23.813,204.8023,17.2344,20.483
2026-07-23T16:02:23.821,204.8034,17.3323,20.9334
2026-07-23T16:02:23.831,204.8298,17.5085,21.1684
2026-07-23T16:02:23.832,204.8298,17.4106,21.4425
2026-07-23T16:02:23.847,204.8367,17.3323,21.4229
2026-07-23T16:02:23.854,204.8367,17.2344,21.2859
2026-07-23T16:02:23.879,204.8668,17.0778,20.953
2026-07-23T16:02:23.879,204.8668,16.9015,20.6593
2026-07-23T16:02:23.888,204.8699,16.7057,20.5026
2026-07-23T16:02:23.894,204.8907,16.647,20.483
2026-07-23T16:02:23.894,204.8907,16.6078,20.6593
2026-07-23T16:02:23.918,204.9034,16.7253,20.8551
2026-07-23T16:02:23.926,204.9266,16.9211,20.9726
2026-07-23T16:02:23.941,204.9299,17.0386,21.1684
2026-07-23T16:02:23.941,204.933,17.019,21.2467
2026-07-23T16:02:23.957,204.9384,16.9603,21.2467
2026-07-23T16:02:23.973,204.9584,16.7645,21.1096
2026-07-23T16:02:23.977,204.9682,16.7057,21.0509
2026-07-23T16:02:23.989,204.9698,16.7057,20.953
2026-07-23T16:02:23.997,205.0013,16.8036,20.7572
2026-07-23T16:02:24.009,205.0054,16.6274,20.6788
2026-07-23T16:02:24.019,205.0054,16.5687,20.5614
2026-07-23T16:02:24.021,205.01,16.4316,20.483
2026-07-23T16:02:24.036,205.0365,16.177,20.2089
2026-07-23T16:02:24.036,205.0365,15.9421,20.1697
2026-07-23T16:02:24.056,205.0365,16.0008,20.0327
2026-07-23T16:02:24.066,205.0697,16.0987,20.1893
2026-07-23T16:02:24.081,205.0805,16.3533,20.2872
2026-07-23T16:02:24.087,205.0805,16.5882,20.6397
2026-07-23T16:02:24.087,205.0805,16.7057,20.9921
2026-07-23T16:02:24.116,205.1158,16.6666,21.0117
2026-07-23T16:02:24.116,205.1158,16.647,20.953
2026-07-23T16:02:24.131,205.1207,16.4512,21.0313
2026-07-23T16:02:24.131,205.1226,16.4707,20.953
2026-07-23T16:02:24.147,205.1442,16.2945,20.8747
2026-07-23T16:02:24.154,205.1442,16.2749,20.7376
2026-07-23T16:02:24.167,205.1442,16.1966,20.8747
2026-07-23T16:02:24.173,205.1599,16.177,20.9138
2026-07-23T16:02:24.187,205.1831,16.1379,20.9726
2026-07-23T16:02:24.195,205.1831,16.0596,20.9726
2026-07-23T16:02:24.195,205.1831,16.0204,21.1292
2026-07-23T16:02:24.211,205.2071,15.7463,21.1292
2026-07-23T16:02:24.227,205.2161,15.7854,21.09
2026-07-23T16:02:24.234,205.2186,15.7463,20.9138
2026-07-23T16:02:24.249,205.2396,15.8637,21.0117
2026-07-23T16:02:24.258,205.2396,15.6875,21.1488
2026-07-23T16:02:24.269,205.2541,16.0204,21.325
2026-07-23T16:02:24.281,205.2706,16.0791,21.3446
2026-07-23T16:02:24.290,205.2706,16.3533,21.3446
2026-07-23T16:02:24.290,205.2857,16.3337,21.2271
2026-07-23T16:02:24.306,205.292,16.3728,21.1879
2026-07-23T16:02:24.321,205.3163,16.1966,20.9138
2026-07-23T16:02:24.321,205.3181,16.1183,20.7768
2026-07-23T16:02:24.337,205.3181,15.9616,20.6005
2026-07-23T16:02:24.345,205.3181,15.8637,20.483
2026-07-23T16:02:24.354,205.3506,15.7267,20.483
2026-07-23T16:02:24.367,205.3506,15.7267,20.5222
2026-07-23T16:02:24.387,205.3852,15.6092,20.6397
2026-07-23T16:02:24.394,205.3852,15.7463,20.7572
2026-07-23T16:02:24.400,205.3852,15.7658,20.7963
2026-07-23T16:02:24.401,205.3852,15.9225,20.7963
2026-07-23T16:02:24.421,205.4168,15.9421,20.8942
2026-07-23T16:02:24.433,205.42,16.1966,21.1879
2026-07-23T16:02:24.436,205.42,16.1379,21.4817
2026-07-23T16:02:24.447,205.4489,16.1966,21.6187
2026-07-23T16:02:24.454,205.4489,16.0596,21.6383
2026-07-23T16:02:24.468,205.4567,16.0596,21.5796
2026-07-23T16:02:24.471,205.4606,15.9421,21.5012
2026-07-23T16:02:24.495,205.4754,15.8442,21.0313
2026-07-23T16:02:24.495,205.4754,15.6875,20.6984
2026-07-23T16:02:24.511,205.4911,15.5113,20.5418
2026-07-23T16:02:24.521,205.5251,15.433,20.7376
2026-07-23T16:02:24.526,205.5292,15.3938,20.8942
2026-07-23T16:02:24.526,205.5302,15.4917,21.0705
2026-07-23T16:02:24.542,205.5364,15.5309,21.0705
2026-07-23T16:02:24.568,205.5578,15.6679,21.1684
2026-07-23T16:02:24.568,205.5578,15.433,21.0117
2026-07-23T16:02:24.580,205.5655,15.7658,21.1684
2026-07-23T16:02:24.587,205.572,15.805,21.3642
2026-07-23T16:02:24.606,205.6051,15.9616,21.325
2026-07-23T16:02:24.609,205.6051,15.7854,21.3054
2026-07-23T16:02:24.616,205.6134,15.7658,21.2663
2026-07-23T16:02:24.647,205.6473,15.5896,21.0117
2026-07-23T16:02:24.651,205.6513,15.6875,20.8747
2026-07-23T16:02:24.651,205.6533,15.5505,20.6984
2026-07-23T16:02:24.656,205.6575,15.6092,20.6397
2026-07-23T16:02:24.668,205.6925,15.3938,20.4635
2026-07-23T16:02:24.687,205.6975,15.3546,20.4047
2026-07-23T16:02:24.687,205.6975,15.0609,20.5614
2026-07-23T16:02:24.698,205.7032,15.1197,20.5418
2026-07-23T16:02:24.704,205.7032,15.0022,20.6005
2026-07-23T16:02:24.724,205.75,15.2567,20.5222
2026-07-23T16:02:24.741,205.7538,15.198,20.3656
2026-07-23T16:02:24.743,205.7538,15.3155,20.2677
2026-07-23T16:02:24.748,205.7608,15.1588,20.2285
2026-07-23T16:02:24.754,205.7662,15.1588,20.3068
2026-07-23T16:02:24.764,205.8031,15.1588,20.6201
2026-07-23T16:02:24.787,205.808,15.4134,20.9726
2026-07-23T16:02:24.787,205.808,15.198,21.2271
2026-07-23T16:02:24.805,205.808,15.2176,21.2271
2026-07-23T16:02:24.812,205.8226,14.9826,21.2075
2026-07-23T16:02:24.817,205.8226,15.0805,21.0313
2026-07-23T16:02:24.842,205.8541,14.9043,21.1488
2026-07-23T16:02:24.842,205.8567,15.1001,21.2467
2026-07-23T16:02:24.842,205.8567,15.0022,21.4621
2026-07-23T16:02:24.859,205.8567,15.1001,21.5208
2026-07-23T16:02:24.872,205.8664,15.0414,21.5404
2026-07-23T16:02:24.873,205.8719,15.0414,21.4425
2026-07-23T16:02:24.887,205.8931,15.0218,21.4033
2026-07-23T16:02:24.895,205.9018,15.1001,21.4425
2026-07-23T16:02:24.908,205.9053,15.0022,21.6579
2026-07-23T16:02:24.917,205.9053,14.963,21.6775
2026-07-23T16:02:24.923,205.9366,14.8651,21.6383
2026-07-23T16:02:24.944,205.9491,14.826,21.3642
2026-07-23T16:02:24.944,205.9491,14.4148,21.325
2026-07-23T16:02:24.956,205.9566,14.3952,21.4621
2026-07-23T16:02:24.969,205.9566,14.4539,21.6579
2026-07-23T16:02:24.970,205.9892,14.4148,21.9124
2026-07-23T16:02:24.987,205.9916,14.3364,21.9712
2026-07-23T16:02:25.000,205.9962,14.3756,22.0495
2026-07-23T16:02:25.007,206.0008,14.4148,22.1082
2026-07-23T16:02:25.020,206.0304,14.5323,22.1474
2026-07-23T16:02:25.032,206.0356,14.5323,22.1866
2026-07-23T16:02:25.040,206.0386,14.6302,22.2061
2026-07-23T16:02:25.052,206.0435,14.591,22.1474
2026-07-23T16:02:25.056,206.0745,14.4735,22.0299
2026-07-23T16:02:25.065,206.0745,14.5127,21.932
2026-07-23T16:02:25.080,206.0745,14.6693,21.8929
2026-07-23T16:02:25.089,206.0745,15.0218,21.8341
2026-07-23T16:02:25.094,206.0903,15.1784,21.9908
2026-07-23T16:02:25.110,206.1059,15.1197,22.0691
2026-07-23T16:02:25.121,206.1216,14.963,22.4607
2026-07-23T16:02:25.125,206.1216,14.7868,22.6957
2026-07-23T16:02:25.125,206.1216,14.7476,22.8523
2026-07-23T16:02:25.145,206.1566,14.7476,22.9111
2026-07-23T16:02:25.157,206.1566,14.9826,22.8523
2026-07-23T16:02:25.170,206.1566,15.1393,22.7936
2026-07-23T16:02:25.172,206.1566,15.3546,22.9502
2026-07-23T16:02:25.188,206.1848,15.433,23.1264
2026-07-23T16:02:25.203,206.2008,15.6092,23.5181
2026-07-23T16:02:25.207,206.2033,15.4525,23.5376
2026-07-23T16:02:25.221,206.2033,15.4721,23.616
2026-07-23T16:02:25.236,206.2419,15.1393,23.381
2026-07-23T16:02:25.236,206.2419,15.2176,23.1852
2026-07-23T16:02:25.236,206.2419,14.8651,23.0677
2026-07-23T16:02:25.266,206.2518,15.1197,22.9502
2026-07-23T16:02:25.267,206.2699,14.9434,22.9306
2026-07-23T16:02:25.287,206.2809,15.0218,23.1264
2026-07-23T16:02:25.287,206.2829,14.9239,23.3027
2026-07-23T16:02:25.303,206.2829,15.2372,23.4789
2026-07-23T16:02:25.321,206.3172,15.2763,23.2439
2026-07-23T16:02:25.321,206.3172,15.4525,23.0481
2026-07-23T16:02:25.330,206.3203,15.2763,22.7544
2026-07-23T16:02:25.334,206.3203,15.3351,22.6761
2026-07-23T16:02:25.349,206.3554,15.1197,22.7544
2026-07-23T16:02:25.362,206.3554,15.1393,22.774
2026-07-23T16:02:25.368,206.3587,14.8847,22.8327
2026-07-23T16:02:25.378,206.3701,14.8455,22.7936
2026-07-23T16:02:25.395,206.3949,14.5714,22.6565
2026-07-23T16:02:25.395,206.3949,14.4735,22.4411
2026-07-23T16:02:25.406,206.3949,13.984,22.2453
2026-07-23T16:02:25.421,206.3949,13.8078,21.7754
2026-07-23T16:02:25.428,206.4282,13.2399,21.4425
2026-07-23T16:02:25.441,206.4309,13.0441,20.8942
2026-07-23T16:02:25.446,206.4368,12.5546,20.4635
2026-07-23T16:02:25.456,206.4645,12.4175,19.9348
2026-07-23T16:02:25.471,206.4696,11.8497,19.6019
2026-07-23T16:02:25.479,206.4732,11.5951,19.1907
2026-07-23T16:02:25.488,206.4787,11.1644,18.8774
2026-07-23T16:02:25.504,206.5078,10.7532,18.4662
2026-07-23T16:02:25.505,206.5117,10.1657,17.918
2026-07-23T16:02:25.515,206.5117,9.4413,17.2131
2026-07-23T16:02:25.530,206.5213,8.7559,16.3515
2026-07-23T16:02:25.536,206.5533,7.9923,15.1962
2026-07-23T16:02:25.536,206.5565,7.307,13.8843
2026-07-23T16:02:25.559,206.5597,6.6412,12.5137
2026-07-23T16:02:25.572,206.5718,5.8971,11.1234
2026-07-23T16:02:25.588,206.5949,5.2314,9.4787
2026-07-23T16:02:25.598,206.6035,4.3894,8.0101
2026-07-23T16:02:25.598,206.6035,3.6649,6.5611
2026-07-23T16:02:25.607,206.6109,3.0188,5.4059
2026-07-23T16:02:25.623,206.6109,2.2551,4.0156
2026-07-23T16:02:25.623,206.6216,1.5306,2.645
2026-07-23T16:02:25.646,206.6482,0.9432,1.4505
2026-07-23T16:02:25.646,206.6482,0.5124,0.589
2026-07-23T16:02:25.662,206.6589,0.1012,-0.1355
2026-07-23T16:02:25.672,206.6666,-0.2512,-0.5859
2026-07-23T16:02:25.672,206.6701,-0.5254,-0.9383
2026-07-23T16:02:25.687,206.6922,-0.8778,-1.2908
2026-07-23T16:02:25.699,206.7034,-1.0932,-1.5257
2026-07-23T16:02:25.710,206.7081,-1.3282,-1.7803
2026-07-23T16:02:25.721,206.7128,-1.3673,-1.839
2026-07-23T16:02:25.729,206.7451,-1.6219,-2.0544
2026-07-23T16:02:25.729,206.7521,-1.7198,-1.9369
2026-07-23T16:02:25.759,206.7541,-1.7198,-1.9957
2026-07-23T16:02:25.759,206.7541,-1.7198,-1.9369
2026-07-23T16:02:25.768,206.7643,-1.8177,-1.9761
2026-07-23T16:02:25.793,206.7859,-1.7394,-1.9173
2026-07-23T16:02:25.793,206.7859,-1.8568,-1.8978
2026-07-23T16:02:25.805,206.7984,-1.7394,-1.8782
2026-07-23T16:02:25.805,206.8034,-1.8373,-1.839
2026-07-23T16:02:25.821,206.8311,-1.7589,-1.7215
2026-07-23T16:02:25.837,206.8366,-1.9156,-1.7215
2026-07-23T16:02:25.837,206.8407,-1.8177,-1.702
2026-07-23T16:02:25.849,206.8452,-1.9743,-1.702
2026-07-23T16:02:25.854,206.8452,-1.8764,-1.6236
2026-07-23T16:02:25.868,206.8761,-2.0722,-1.6236
2026-07-23T16:02:25.874,206.8761,-1.8764,-1.6041
2026-07-23T16:02:25.896,206.8872,-2.1114,-1.5257
2026-07-23T16:02:25.900,206.8872,-1.896,-1.5062
2026-07-23T16:02:25.916,206.9122,-2.1114,-1.5453
2026-07-23T16:02:25.921,206.9177,-1.8177,-1.467
2026-07-23T16:02:25.938,206.9233,-2.0135,-1.467
2026-07-23T16:02:25.938,206.9233,-1.9352,-1.3691
2026-07-23T16:02:25.947,206.9438,-2.1506,-1.3887
2026-07-23T16:02:25.954,206.952,-2.0331,-1.4474
2026-07-23T16:02:25.969,206.952,-2.1114,-1.3691
2026-07-23T16:02:25.979,206.9595,-1.7198,-1.2908
2026-07-23T16:02:25.987,206.9756,-1.8568,-1.1341
2026-07-23T16:02:25.995,206.9756,-1.6219,-0.9971
2026-07-23T16:02:26.010,206.9916,-1.7981,-0.9775
2026-07-23T16:02:26.010,207.0141,-1.6023,-0.9187
2026-07-23T16:02:26.026,207.0141,-1.7589,-0.9579
2026-07-23T16:02:26.026,207.0141,-1.5436,-0.9579
2026-07-23T16:02:26.054,207.0391,-1.6806,-0.86
2026-07-23T16:02:26.063,207.0391,-1.4456,-0.8991
2026-07-23T16:02:26.065,207.0509,-1.524,-0.8404
2026-07-23T16:02:26.082,207.0711,-1.3282,-0.86
2026-07-23T16:02:26.090,207.0764,-1.4848,-0.8404
2026-07-23T16:02:26.090,207.0764,-1.3673,-0.8012
2026-07-23T16:02:26.106,207.0825,-1.524,-0.8208
2026-07-23T16:02:26.122,207.1032,-1.4652,-0.8991
2026-07-23T16:02:26.127,207.1063,-1.5436,-0.86
2026-07-23T16:02:26.142,207.1282,-1.4652,-0.86
2026-07-23T16:02:26.146,207.1282,-1.5631,-0.8404
2026-07-23T16:02:26.157,207.1347,-1.524,-0.8404
2026-07-23T16:02:26.157,207.1537,-1.6023,-0.7817
2026-07-23T16:02:26.179,207.1564,-1.6023,-0.8796
2026-07-23T16:02:26.192,207.1789,-1.5827,-0.8208
2026-07-23T16:02:26.201,207.1789,-1.6023,-0.8208
2026-07-23T16:02:26.207,207.182,-1.5436,-0.8012
2026-07-23T16:02:26.217,207.2032,-1.5827,-0.8991
2026-07-23T16:02:26.230,207.2032,-1.5827,-0.8012
2026-07-23T16:02:26.248,207.2243,-1.5827,-0.8208
2026-07-23T16:02:26.248,207.2294,-1.5827,-0.8012
2026-07-23T16:02:26.259,207.2319,-1.5631,-0.8404
2026-07-23T16:02:26.264,207.2528,-1.6023,-0.8012
2026-07-23T16:02:26.280,207.2528,-1.524,-0.8208
2026-07-23T16:02:26.287,207.2769,-1.5827,-0.8012
2026-07-23T16:02:26.302,207.2769,-1.6023,-0.7817
2026-07-23T16:02:26.304,207.2769,-1.6219,-0.7621
2026-07-23T16:02:26.316,207.3066,-1.5631,-0.8012
2026-07-23T16:02:26.328,207.3096,-1.5827,-0.7817
2026-07-23T16:02:26.342,207.3367,-1.6023,-0.86
2026-07-23T16:02:26.355,207.3367,-1.5436,-0.7817
2026-07-23T16:02:26.360,207.3367,-1.5827,-0.7817
2026-07-23T16:02:26.383,207.3559,-1.6415,-0.8012
2026-07-23T16:02:26.383,207.3559,-1.5631,-0.7033
2026-07-23T16:02:26.387,207.3559,-1.6415,-0.8012
2026-07-23T16:02:26.397,207.3938,-1.5436,-0.8012
2026-07-23T16:02:26.407,207.3945,-1.5827,-0.7817
2026-07-23T16:02:26.407,207.3945,-1.5436,-0.7621
2026-07-23T16:02:26.423,207.419,-1.6219,-0.7817
2026-07-23T16:02:26.438,207.419,-1.5827,-0.7425
2026-07-23T16:02:26.445,207.4248,-1.5436,-0.8404
2026-07-23T16:02:26.455,207.4503,-1.5044,-0.7817
2026-07-23T16:02:26.470,207.4531,-1.661,-0.7817
2026-07-23T16:02:26.476,207.4531,-1.4848,-0.8012
2026-07-23T16:02:26.489,207.4707,-1.5827,-0.8208
2026-07-23T16:02:26.489,207.4707,-1.5044,-0.7621
2026-07-23T16:02:26.504,207.4821,-1.6219,-0.8012
2026-07-23T16:02:26.521,207.5033,-1.5436,-0.7817
2026-07-23T16:02:26.521,207.5033,-1.6806,-0.8012
2026-07-23T16:02:26.533,207.532,-1.5044,-0.7621
2026-07-23T16:02:26.554,207.5367,-1.6023,-0.7817
2026-07-23T16:02:26.554,207.5367,-1.4652,-0.7229
2026-07-23T16:02:26.583,207.5625,-1.5827,-0.7817
2026-07-23T16:02:26.583,207.5625,-1.524,-0.6642
2026-07-23T16:02:26.588,207.5699,-1.661,-0.8012
2026-07-23T16:02:26.603,207.5948,-1.524,-0.7621
2026-07-23T16:02:26.613,207.5959,-1.6415,-0.6446
2026-07-23T16:02:26.613,207.5959,-1.5044,-0.7817
2026-07-23T16:02:26.628,207.6214,-1.661,-0.6642
2026-07-23T16:02:26.628,207.6243,-1.5436,-0.7817
2026-07-23T16:02:26.647,207.6253,-1.6806,-0.7621
2026-07-23T16:02:26.660,207.64,-1.5044,-0.8012
2026-07-23T16:02:26.660,207.64,-1.6806,-0.7033
2026-07-23T16:02:26.676,207.6718,-1.4848,-0.7817
2026-07-23T16:02:26.691,207.6795,-1.6806,-0.7229
2026-07-23T16:02:26.691,207.6795,-1.5436,-0.7229
2026-07-23T16:02:26.723,207.7067,-1.6415,-0.7229
2026-07-23T16:02:26.723,207.7067,-1.5631,-0.7229
2026-07-23T16:02:26.730,207.7067,-1.6219,-0.8012
2026-07-23T16:02:26.738,207.7365,-1.5436,-0.7621
2026-07-23T16:02:26.754,207.7365,-1.6023,-0.7425
2026-07-23T16:02:26.757,207.7365,-1.5044,-0.7621
2026-07-23T16:02:26.772,207.7629,-1.5827,-0.7817
2026-07-23T16:02:26.785,207.7661,-1.5436,-0.6838
2026-07-23T16:02:26.787,207.7671,-1.6219,-0.6642
2026-07-23T16:02:26.801,207.7819,-1.6023,-0.7621
2026-07-23T16:02:26.801,207.7819,-1.5631,-0.7425
2026-07-23T16:02:26.821,207.7819,-1.5827,-0.7425
2026-07-23T16:02:26.833,207.8136,-1.5631,-0.7425
2026-07-23T16:02:26.833,207.8136,-1.6219,-0.7425
2026-07-23T16:02:26.849,207.826,-1.5631,-0.6446
2026-07-23T16:02:26.864,207.8465,-1.5827,-0.8208
2026-07-23T16:02:26.864,207.8465,-1.5436,-0.7621
2026-07-23T16:02:26.883,207.8787,-1.5436,-0.7621
2026-07-23T16:02:26.897,207.8787,-1.5436,-0.7425
2026-07-23T16:02:26.897,207.8787,-1.6023,-0.7229
2026-07-23T16:02:26.914,207.9091,-1.5631,-0.7425
2026-07-23T16:02:26.927,207.9091,-1.5044,-0.6838
2026-07-23T16:02:26.930,207.9091,-1.5631,-0.7425
2026-07-23T16:02:26.939,207.9367,-1.4848,-0.8208
2026-07-23T16:02:26.954,207.9367,-1.4456,-0.7033
2026-07-23T16:02:26.954,207.9405,-1.5631,-0.7425
2026-07-23T16:02:26.960,207.9562,-1.5631,-0.7817
2026-07-23T16:02:26.983,207.9562,-1.6415,-0.6642
2026-07-23T16:02:26.988,207.9562,-1.5436,-0.7229
2026-07-23T16:02:27.002,207.993,-1.5436,-0.7033
2026-07-23T16:02:27.007,207.993,-1.5631,-0.7817
2026-07-23T16:02:27.007,207.993,-1.6219,-0.7229
2026-07-23T16:02:27.039,208.019,-1.5631,-0.7817
2026-07-23T16:02:27.039,208.019,-1.6023,-0.6642
2026-07-23T16:02:27.044,208.019,-1.6219,-0.7817
2026-07-23T16:02:27.064,208.0366,-1.6023,-0.6446
2026-07-23T16:02:27.064,208.0366,-1.5827,-0.7229
2026-07-23T16:02:27.070,208.0508,-1.6023,-0.7033
2026-07-23T16:02:27.087,208.0701,-1.5436,-0.7229
2026-07-23T16:02:27.087,208.0701,-1.5631,-0.7425
2026-07-23T16:02:27.106,208.0986,-1.6023,-0.7229
2026-07-23T16:02:27.121,208.0986,-1.6023,-0.6446
2026-07-23T16:02:27.133,208.114,-1.5827,-0.7621
2026-07-23T16:02:27.133,208.1244,-1.5436,-0.7425
2026-07-23T16:02:27.149,208.1273,-1.5827,-0.7425
2026-07-23T16:02:27.165,208.1492,-1.5436,-0.7425
2026-07-23T16:02:27.165,208.1492,-1.6219,-0.7425
2026-07-23T16:02:27.178,208.1492,-1.5436,-0.7033
2026-07-23T16:02:27.196,208.1768,-1.6806,-0.7033
2026-07-23T16:02:27.200,208.1798,-1.5044,-0.7033
2026-07-23T16:02:27.214,208.2034,-1.6415,-0.7425
2026-07-23T16:02:27.221,208.2034,-1.5044,-0.7229
2026-07-23T16:02:27.228,208.2076,-1.6219,-0.7425
2026-07-23T16:02:27.243,208.2328,-1.5044,-0.7033
2026-07-23T16:02:27.243,208.2328,-1.6415,-0.7425
2026-07-23T16:02:27.258,208.2328,-1.524,-0.6642
2026-07-23T16:02:27.268,208.2566,-1.5827,-0.7033
2026-07-23T16:02:27.279,208.2566,-1.5827,-0.7033
2026-07-23T16:02:27.305,208.2701,-1.6415,-0.6446
2026-07-23T16:02:27.305,208.2701,-1.524,-0.7033
2026-07-23T16:02:27.307,208.2861,-1.5631,-0.7621
2026-07-23T16:02:27.321,208.3079,-1.5436,-0.7425
2026-07-23T16:02:27.321,208.3079,-1.5631,-0.6838
2026-07-23T16:02:27.337,208.3079,-1.5827,-0.7621
2026-07-23T16:02:27.353,208.3345,-1.6415,-0.7033
2026-07-23T16:02:27.359,208.3365,-1.524,-0.7817
2026-07-23T16:02:27.384,208.3501,-1.5631,-0.6838
2026-07-23T16:02:27.384,208.3501,-1.524,-0.6838
2026-07-23T16:02:27.387,208.3643,-1.6415,-0.6838
2026-07-23T16:02:27.401,208.38,-1.5436,-0.7033
2026-07-23T16:02:27.401,208.38,-1.6219,-0.6054
2026-07-23T16:02:27.423,208.4115,-1.6023,-0.7621
2026-07-23T16:02:27.431,208.4115,-1.5436,-0.7033
2026-07-23T16:02:27.431,208.4115,-1.5436,-0.6642
2026-07-23T16:02:27.449,208.4368,-1.5631,-0.6642
2026-07-23T16:02:27.462,208.4368,-1.6023,-0.7229
2026-07-23T16:02:27.462,208.459,-1.5827,-0.6838
2026-07-23T16:02:27.488,208.459,-1.5827,-0.7033
2026-07-23T16:02:27.488,208.459,-1.5827,-0.625
2026-07-23T16:02:27.494,208.4905,-1.6219,-0.8012
2026-07-23T16:02:27.510,208.4905,-1.5044,-0.7229
2026-07-23T16:02:27.510,208.4905,-1.6415,-0.7229
2026-07-23T16:02:27.529,208.5136,-1.524,-0.6446
2026-07-23T16:02:27.529,208.5136,-1.6806,-0.7033
2026-07-23T16:02:27.541,208.522,-1.524,-0.6838
2026-07-23T16:02:27.564,208.5432,-1.5631,-0.6838
2026-07-23T16:02:27.564,208.5432,-1.5631,-0.7033
2026-07-23T16:02:27.579,208.5692,-1.661,-0.7229
2026-07-23T16:02:27.590,208.5702,-1.4652,-0.6642
2026-07-23T16:02:27.604,208.5971,-1.661,-0.6838
2026-07-23T16:02:27.606,208.5971,-1.5631,-0.6642
2026-07-23T16:02:27.606,208.5971,-1.6023,-0.7033
2026-07-23T16:02:27.637,208.6167,-1.5436,-0.7425
2026-07-23T16:02:27.637,208.6167,-1.6415,-0.6642
2026-07-23T16:02:27.653,208.6167,-1.524,-0.7229
2026-07-23T16:02:27.667,208.6484,-1.5827,-0.7425
2026-07-23T16:02:27.667,208.6484,-1.5436,-0.7033
2026-07-23T16:02:27.680,208.6484,-1.6415,-0.6054
2026-07-23T16:02:27.690,208.6701,-1.524,-0.7229
2026-07-23T16:02:27.699,208.6701,-1.6415,-0.6838
2026-07-23T16:02:27.699,208.6961,-1.5436,-0.7229
2026-07-23T16:02:27.721,208.7032,-1.5827,-0.6642
2026-07-23T16:02:27.731,208.7063,-1.4848,-0.7229
2026-07-23T16:02:27.731,208.7291,-1.6219,-0.7229
2026-07-23T16:02:27.747,208.7291,-1.5827,-0.7425
2026-07-23T16:02:27.763,208.7432,-1.6219,-0.6838
2026-07-23T16:02:27.773,208.7432,-1.5631,-0.7033
2026-07-23T16:02:27.773,208.7432,-1.6219,-0.7033
2026-07-23T16:02:27.794,208.7746,-1.4848,-0.6838
2026-07-23T16:02:27.794,208.7746,-1.5631,-0.6642
2026-07-23T16:02:27.815,208.7965,-1.5631,-0.7229
2026-07-23T16:02:27.825,208.7965,-1.5044,-0.6838
2026-07-23T16:02:27.825,208.8056,-1.661,-0.6642
2026-07-23T16:02:27.825,208.8295,-1.5827,-0.6642
2026-07-23T16:02:27.847,208.8295,-1.6219,-0.7229
2026-07-23T16:02:27.862,208.853,-1.524,-0.7033
2026-07-23T16:02:27.862,208.853,-1.5827,-0.6642
2026-07-23T16:02:27.880,208.8582,-1.6023,-0.625
2026-07-23T16:02:27.904,208.87,-1.5436,-0.7033
2026-07-23T16:02:27.904,208.87,-1.6023,-0.625
2026-07-23T16:02:27.909,208.87,-1.5631,-0.7425
2026-07-23T16:02:27.921,208.9035,-1.5436,-0.6446
2026-07-23T16:02:27.921,208.9035,-1.5631,-0.7425
2026-07-23T16:02:27.942,208.9319,-1.5827,-0.7033
2026-07-23T16:02:27.954,208.9334,-1.5827,-0.625
2026-07-23T16:02:27.954,208.9334,-1.6023,-0.6642
2026-07-23T16:02:27.967,208.9564,-1.6219,-0.6642
2026-07-23T16:02:27.967,208.9564,-1.6023,-0.6642
2026-07-23T16:02:27.999,208.9794,-1.5436,-0.6642
2026-07-23T16:02:27.999,208.9794,-1.6023,-0.6838
2026-07-23T16:02:28.007,208.9794,-1.5631,-0.6838
2026-07-23T16:02:28.014,209.0034,-1.6023,-0.7621
2026-07-23T16:02:28.030,209.011,-1.6023,-0.6642
2026-07-23T16:02:28.046,209.0368,-1.6023,-0.6838
2026-07-23T16:02:28.046,209.0368,-1.5631,-0.7033
2026-07-23T16:02:28.062,209.0368,-1.5436,-0.7229
2026-07-23T16:02:28.065,209.0595,-1.524,-0.7033
2026-07-23T16:02:28.084,209.0595,-1.6415,-0.7229
2026-07-23T16:02:28.088,209.0595,-1.5436,-0.625
2026-07-23T16:02:28.109,209.0898,-1.6219,-0.7817
2026-07-23T16:02:28.110,209.0898,-1.5436,-0.6642
2026-07-23T16:02:28.121,209.1055,-1.6415,-0.7425
2026-07-23T16:02:28.125,209.1055,-1.5044,-0.6642
2026-07-23T16:02:28.125,209.1055,-1.6023,-0.6446
2026-07-23T16:02:28.156,209.1395,-1.4652,-0.7229
2026-07-23T16:02:28.156,209.1395,-1.6415,-0.625
2026-07-23T16:02:28.156,209.1395,-1.5044,-0.6838
2026-07-23T16:02:28.189,209.1666,-1.5827,-0.6838
2026-07-23T16:02:28.190,209.1684,-1.4848,-0.6642
2026-07-23T16:02:28.204,209.184,-1.5827,-0.7033
2026-07-23T16:02:28.204,209.184,-1.5044,-0.6642
2026-07-23T16:02:28.221,209.184,-1.6806,-0.7033
2026-07-23T16:02:28.235,209.2173,-1.5827,-0.7229
2026-07-23T16:02:28.235,209.2173,-1.7002,-0.6838
2026-07-23T16:02:28.235,209.2368,-1.4848,-0.6642
2026-07-23T16:02:28.266,209.2368,-1.661,-0.7229
2026-07-23T16:02:28.268,209.2368,-1.4652,-0.7033
2026-07-23T16:02:28.288,209.2661,-1.661,-0.625
2026-07-23T16:02:28.288,209.2667,-1.5044,-0.6838
2026-07-23T16:02:28.304,209.2905,-1.6023,-0.6642
2026-07-23T16:02:28.315,209.2905,-1.5044,-0.7229
2026-07-23T16:02:28.317,209.2958,-1.6415,-0.6838
2026-07-23T16:02:28.329,209.31,-1.5436,-0.7229
2026-07-23T16:02:28.329,209.31,-1.6415,-0.7033
2026-07-23T16:02:28.347,209.3428,-1.4456,-0.7033
2026-07-23T16:02:28.361,209.3428,-1.6806,-0.5859
2026-07-23T16:02:28.361,209.3478,-1.5044,-0.7425
2026-07-23T16:02:28.376,209.3573,-1.661,-0.625
2026-07-23T16:02:28.388,209.3573,-1.4065,-0.7621
2026-07-23T16:02:28.399,209.3948,-1.6415,-0.6838
2026-07-23T16:02:28.408,209.3948,-1.5044,-0.7033
2026-07-23T16:02:28.421,209.3948,-1.6219,-0.6642
2026-07-23T16:02:28.433,209.4229,-1.5436,-0.6054
2026-07-23T16:02:28.445,209.4229,-1.6023,-0.6446
2026-07-23T16:02:28.446,209.4229,-1.5827,-0.6838
2026-07-23T16:02:28.471,209.4522,-1.6219,-0.6838
2026-07-23T16:02:28.471,209.4522,-1.5436,-0.7033
2026-07-23T16:02:28.487,209.4834,-1.5631,-0.6838
2026-07-23T16:02:28.487,209.4845,-1.6219,-0.6838
2026-07-23T16:02:28.487,209.4845,-1.5631,-0.6054
2026-07-23T16:02:28.503,209.5147,-1.5436,-0.6446
2026-07-23T16:02:28.519,209.5147,-1.5827,-0.7425
2026-07-23T16:02:28.524,209.5147,-1.524,-0.6838
2026-07-23T16:02:28.535,209.5147,-1.6023,-0.6642
2026-07-23T16:02:28.550,209.5486,-1.5436,-0.6838
2026-07-23T16:02:28.554,209.5486,-1.6023,-0.6642
2026-07-23T16:02:28.565,209.5486,-1.6023,-0.6446
2026-07-23T16:02:28.585,209.5782,-1.5827,-0.7425
2026-07-23T16:02:28.597,209.5814,-1.5631,-0.6446
2026-07-23T16:02:28.599,209.5855,-1.5827,-0.6838
2026-07-23T16:02:28.614,209.6105,-1.5631,-0.6446
2026-07-23T16:02:28.621,209.6105,-1.5631,-0.6642
2026-07-23T16:02:28.629,209.6105,-1.6023,-0.6838
2026-07-23T16:02:28.646,209.6341,-1.5827,-0.6642
2026-07-23T16:02:28.654,209.6411,-1.5436,-0.6054
2026-07-23T16:02:28.654,209.6411,-1.6219,-0.7033
2026-07-23T16:02:28.676,209.6584,-1.5827,-0.6838
2026-07-23T16:02:28.685,209.6584,-1.5436,-0.6446
2026-07-23T16:02:28.692,209.6701,-1.6023,-0.6642
2026-07-23T16:02:28.692,209.6883,-1.6023,-0.6054
2026-07-23T16:02:28.709,209.6883,-1.5436,-0.6838
2026-07-23T16:02:28.721,209.6883,-1.5827,-0.7229
2026-07-23T16:02:28.739,209.7207,-1.5436,-0.6054
2026-07-23T16:02:28.739,209.7207,-1.6023,-0.7229
2026-07-23T16:02:28.739,209.7234,-1.4652,-0.6642
2026-07-23T16:02:28.755,209.752,-1.5436,-0.7033
2026-07-23T16:02:28.764,209.752,-1.4848,-0.6054
2026-07-23T16:02:28.785,209.77,-1.7394,-0.6446
2026-07-23T16:02:28.788,209.77,-1.5044,-0.6446
2026-07-23T16:02:28.788,209.77,-1.6806,-0.6446
2026-07-23T16:02:28.821,209.8067,-1.4456,-0.6642
2026-07-23T16:02:28.821,209.8067,-1.7002,-0.7425
2026-07-23T16:02:28.821,209.8067,-1.4456,-0.6446
2026-07-23T16:02:28.835,209.8345,-1.661,-0.7033
2026-07-23T16:02:28.850,209.837,-1.4652,-0.5859
2026-07-23T16:02:28.858,209.837,-1.661,-0.6838
2026-07-23T16:02:28.867,209.8644,-1.4456,-0.6642
2026-07-23T16:02:28.883,209.8644,-1.6415,-0.6642
2026-07-23T16:02:28.888,209.8702,-1.5044,-0.6642
2026-07-23T16:02:28.899,209.8964,-1.661,-0.6642
2026-07-23T16:02:28.899,209.8964,-1.5044,-0.625
2026-07-23T16:02:28.921,209.8964,-1.6806,-0.6642
2026-07-23T16:02:28.929,209.9105,-1.5044,-0.6642
2026-07-23T16:02:28.941,209.9261,-1.7198,-0.6446
2026-07-23T16:02:28.947,209.9261,-1.4652,-0.7033
2026-07-23T16:02:28.961,209.9418,-1.7394,-0.6054
2026-07-23T16:02:28.961,209.9418,-1.5044,-0.6838
2026-07-23T16:02:28.977,209.9574,-1.661,-0.6642
2026-07-23T16:02:28.988,209.9819,-1.524,-0.6446
2026-07-23T16:02:28.993,209.9819,-1.6806,-0.625
2026-07-23T16:02:29.008,209.9819,-1.4848,-0.7033
2026-07-23T16:02:29.008,210.0052,-1.6806,-0.625
2026-07-23T16:02:29.032,210.0151,-1.4652,-0.6838
2026-07-23T16:02:29.033,210.0185,-1.6415,-0.6446
2026-07-23T16:02:29.056,210.037,-1.5436,-0.7229
2026-07-23T16:02:29.056,210.037,-1.6219,-0.5075
2026-07-23T16:02:29.072,210.0703,-1.524,-0.6446
2026-07-23T16:02:29.072,210.0703,-1.6023,-0.6642
2026-07-23T16:02:29.088,210.0703,-1.524,-0.6642
2026-07-23T16:02:29.099,210.1035,-1.5827,-0.5663
2026-07-23T16:02:29.119,210.1035,-1.5436,-0.6642
2026-07-23T16:02:29.121,210.1035,-1.661,-0.5859
2026-07-23T16:02:29.121,210.1075,-1.5631,-0.625
2026-07-23T16:02:29.151,210.1345,-1.6219,-0.6642
2026-07-23T16:02:29.151,210.1345,-1.5827,-0.6838
2026-07-23T16:02:29.158,210.1487,-1.6023,-0.5859
2026-07-23T16:02:29.167,210.1487,-1.5827,-0.6642
2026-07-23T16:02:29.183,210.1637,-1.5827,-0.625
2026-07-23T16:02:29.185,210.1821,-1.5827,-0.625
2026-07-23T16:02:29.199,210.1821,-1.6219,-0.5859
2026-07-23T16:02:29.199,210.1953,-1.6023,-0.625
2026-07-23T16:02:29.221,210.2198,-1.5827,-0.7033
2026-07-23T16:02:29.233,210.2218,-1.5631,-0.6446
2026-07-23T16:02:29.233,210.2218,-1.6023,-0.6446
2026-07-23T16:02:29.254,210.2426,-1.6023,-0.6446
2026-07-23T16:02:29.262,210.2426,-1.6023,-0.6446
2026-07-23T16:02:29.273,210.2426,-1.524,-0.6642
2026-07-23T16:02:29.278,210.2739,-1.5631,-0.625
2026-07-23T16:02:29.293,210.2739,-1.6023,-0.625
2026-07-23T16:02:29.293,210.2739,-1.5436,-0.6446
2026-07-23T16:02:29.311,210.3074,-1.5436,-0.625
2026-07-23T16:02:29.325,210.3074,-1.6023,-0.6642
2026-07-23T16:02:29.325,210.3074,-1.5827,-0.6054
2026-07-23T16:02:29.347,210.3364,-1.5631,-0.625
2026-07-23T16:02:29.347,210.3369,-1.5631,-0.6642
2026-07-23T16:02:29.358,210.3384,-1.5631,-0.6446
2026-07-23T16:02:29.371,210.353,-1.4848,-0.625
2026-07-23T16:02:29.373,210.353,-1.6219,-0.7425
2026-07-23T16:02:29.389,210.3691,-1.524,-0.6642
2026-07-23T16:02:29.400,210.3929,-1.6415,-0.6446
2026-07-23T16:02:29.404,210.3929,-1.4652,-0.625
2026-07-23T16:02:29.421,210.3997,-1.7002,-0.6642
2026-07-23T16:02:29.434,210.4153,-1.4848,-0.6054
2026-07-23T16:02:29.441,210.4153,-1.6806,-0.6838
2026-07-23T16:02:29.451,210.4153,-1.5044,-0.625
2026-07-23T16:02:29.466,210.4468,-1.661,-0.7033
2026-07-23T16:02:29.466,210.4468,-1.4652,-0.625
2026-07-23T16:02:29.466,210.4468,-1.7394,-0.6446
2026-07-23T16:02:29.488,210.4798,-1.4652,-0.5859
2026-07-23T16:02:29.498,210.4798,-1.6806,-0.625
2026-07-23T16:02:29.498,210.4798,-1.4456,-0.7033
2026-07-23T16:02:29.529,210.5158,-1.661,-0.6838
2026-07-23T16:02:29.531,210.5158,-1.5827,-0.5663
2026-07-23T16:02:29.531,210.5158,-1.6023,-0.6446
2026-07-23T16:02:29.548,210.5411,-1.524,-0.625
2026-07-23T16:02:29.561,210.5411,-1.6806,-0.6054
2026-07-23T16:02:29.567,210.5411,-1.524,-0.6446
2026-07-23T16:02:29.576,210.5727,-1.661,-0.5859
2026-07-23T16:02:29.592,210.5727,-1.4652,-0.6446
2026-07-23T16:02:29.592,210.5727,-1.661,-0.625
2026-07-23T16:02:29.608,210.605,-1.5827,-0.7033
2026-07-23T16:02:29.623,210.605,-1.6219,-0.6642
2026-07-23T16:02:29.623,210.605,-1.5631,-0.625
2026-07-23T16:02:29.656,210.6371,-1.6415,-0.6054
2026-07-23T16:02:29.656,210.6371,-1.5044,-0.6838
2026-07-23T16:02:29.656,210.6408,-1.5827,-0.5859
2026-07-23T16:02:29.656,210.6637,-1.4848,-0.7033
2026-07-23T16:02:29.672,210.6637,-1.661,-0.6642
2026-07-23T16:02:29.692,210.6676,-1.5631,-0.625
2026-07-23T16:02:29.702,210.684,-1.5827,-0.625
2026-07-23T16:02:29.702,210.684,-1.5436,-0.6446
2026-07-23T16:02:29.718,210.684,-1.5631,-0.6054
2026-07-23T16:02:29.735,210.7152,-1.6023,-0.6838
2026-07-23T16:02:29.735,210.7243,-1.5827,-0.6054
2026-07-23T16:02:29.754,210.7492,-1.5827,-0.6642
2026-07-23T16:02:29.766,210.7492,-1.6219,-0.6446
2026-07-23T16:02:29.766,210.7492,-1.5631,-0.5859
2026-07-23T16:02:29.782,210.7776,-1.5631,-0.6054
2026-07-23T16:02:29.797,210.7776,-1.6023,-0.6446
2026-07-23T16:02:29.800,210.7776,-1.5631,-0.625
2026-07-23T16:02:29.813,210.8079,-1.6023,-0.625
2026-07-23T16:02:29.821,210.809,-1.6219,-0.6642
2026-07-23T16:02:29.828,210.8127,-1.6219,-0.625
2026-07-23T16:02:29.844,210.8371,-1.6219,-0.6642
2026-07-23T16:02:29.844,210.8371,-1.6219,-0.625
2026-07-23T16:02:29.863,210.8414,-1.6219,-0.6642
2026-07-23T16:02:29.878,210.8566,-1.661,-0.5859
2026-07-23T16:02:29.878,210.8566,-1.6219,-0.625
2026-07-23T16:02:29.892,210.87,-1.5631,-0.6054
2026-07-23T16:02:29.900,210.8961,-1.5827,-0.7229
2026-07-23T16:02:29.907,210.8961,-1.5631,-0.6054
2026-07-23T16:02:29.921,210.8961,-1.524,-0.6446
2026-07-23T16:02:29.942,210.925,-1.6023,-0.625
2026-07-23T16:02:29.942,210.925,-1.5827,-0.6446
2026-07-23T16:02:29.947,210.925,-1.5827,-0.6446
2026-07-23T16:02:29.970,210.9506,-1.6023,-0.625
2026-07-23T16:02:29.970,210.9506,-1.4456,-0.6054
2026-07-23T16:02:29.976,210.9506,-1.5827,-0.6838
2026-07-23T16:02:29.988,210.9748,-1.4848,-0.5859
2026-07-23T16:02:30.001,210.9819,-1.7198,-0.6446
2026-07-23T16:02:30.017,211.0035,-1.524,-0.5075
2026-07-23T16:02:30.026,211.0035,-1.6806,-0.7033
2026-07-23T16:02:30.026,211.0035,-1.5044,-0.625
2026-07-23T16:02:30.054,211.0362,-1.5827,-0.6054
2026-07-23T16:02:30.054,211.0367,-1.4065,-0.6446
2026-07-23T16:02:30.054,211.0367,-1.6415,-0.625
2026-07-23T16:02:30.080,211.0604,-1.524,-0.6054
2026-07-23T16:02:30.080,211.0604,-1.6219,-0.6054
2026-07-23T16:02:30.087,211.0764,-1.5436,-0.6446
2026-07-23T16:02:30.095,211.092,-1.6806,-0.6446
2026-07-23T16:02:30.111,211.092,-1.5044,-0.6446
2026-07-23T16:02:30.121,211.1087,-1.5827,-0.6446
2026-07-23T16:02:30.127,211.1197,-1.4456,-0.6446
2026-07-23T16:02:30.143,211.1197,-1.5827,-0.5859
2026-07-23T16:02:30.154,211.1412,-1.524,-0.5467
2026-07-23T16:02:30.159,211.1469,-1.6415,-0.6642
2026-07-23T16:02:30.171,211.1469,-1.4261,-0.625
2026-07-23T16:02:30.192,211.1763,-1.6415,-0.6446
2026-07-23T16:02:30.192,211.1763,-1.6023,-0.625
2026-07-23T16:02:30.198,211.18,-1.661,-0.5859
2026-07-23T16:02:30.223,211.2037,-1.5631,-0.6054
2026-07-23T16:02:30.223,211.2037,-1.6415,-0.5467
2026-07-23T16:02:30.231,211.2037,-1.5631,-0.6446
2026-07-23T16:02:30.238,211.2249,-1.6415,-0.625
2026-07-23T16:02:30.238,211.234,-1.5631,-0.6054
2026-07-23T16:02:30.254,211.2366,-1.524,-0.6446
2026-07-23T16:02:30.276,211.2552,-1.5436,-0.6446
2026-07-23T16:02:30.276,211.2552,-1.5827,-0.5663
2026-07-23T16:02:30.288,211.2872,-1.6023,-0.6642
2026-07-23T16:02:30.306,211.2872,-1.5827,-0.6054
2026-07-23T16:02:30.306,211.2872,-1.6023,-0.625
2026-07-23T16:02:30.321,211.3127,-1.5631,-0.6446
2026-07-23T16:02:30.332,211.3127,-1.5827,-0.6642
2026-07-23T16:02:30.338,211.3127,-1.524,-0.6446
2026-07-23T16:02:30.352,211.35,-1.6023,-0.6446
2026-07-23T16:02:30.364,211.35,-1.5436,-0.5859
2026-07-23T16:02:30.364,211.35,-1.661,-0.6642
2026-07-23T16:02:30.385,211.3757,-1.6219,-0.5859
2026-07-23T16:02:30.401,211.3757,-1.6219,-0.6642
2026-07-23T16:02:30.401,211.3757,-1.4848,-0.5271
2026-07-23T16:02:30.411,211.3948,-1.6023,-0.625
2026-07-23T16:02:30.422,211.4074,-1.5044,-0.625
2026-07-23T16:02:30.427,211.4074,-1.6219,-0.6446
2026-07-23T16:02:30.427,211.4231,-1.5436,-0.6838
2026-07-23T16:02:30.458,211.439,-1.6415,-0.6446
2026-07-23T16:02:30.458,211.4547,-1.5044,-0.6054
2026-07-23T16:02:30.474,211.4547,-1.6806,-0.6054
2026-07-23T16:02:30.478,211.4753,-1.5631,-0.6838
2026-07-23T16:02:30.490,211.4753,-1.6415,-0.5271
2026-07-23T16:02:30.490,211.4753,-1.5044,-0.6054
2026-07-23T16:02:30.505,211.4879,-1.5631,-0.6054
2026-07-23T16:02:30.526,211.5135,-1.5436,-0.6446
2026-07-23T16:02:30.526,211.5155,-1.5436,-0.6054
2026-07-23T16:02:30.539,211.5372,-1.6023,-0.6446
2026-07-23T16:02:30.554,211.5372,-1.5436,-0.6446
2026-07-23T16:02:30.554,211.5372,-1.6023,-0.6642
2026-07-23T16:02:30.569,211.5702,-1.5631,-0.6054
2026-07-23T16:02:30.588,211.5702,-1.5631,-0.6642
2026-07-23T16:02:30.588,211.5702,-1.524,-0.6446
2026-07-23T16:02:30.600,211.581,-1.6219,-0.5859
2026-07-23T16:02:30.621,211.6135,-1.5827,-0.625
2026-07-23T16:02:30.621,211.6135,-1.661,-0.6446
2026-07-23T16:02:30.632,211.6188,-1.5436,-0.6054
2026-07-23T16:02:30.632,211.6495,-1.6415,-0.5663
2026-07-23T16:02:30.662,211.653,-1.5631,-0.6054
2026-07-23T16:02:30.662,211.653,-1.5631,-0.6446
2026-07-23T16:02:30.673,211.653,-1.524,-0.6446
2026-07-23T16:02:30.680,211.6857,-1.6415,-0.5663
2026-07-23T16:02:30.696,211.6857,-1.6023,-0.625
2026-07-23T16:02:30.704,211.6857,-1.6023,-0.625
2026-07-23T16:02:30.704,211.7083,-1.5827,-0.625
2026-07-23T16:02:30.727,211.7083,-1.6219,-0.6446
2026-07-23T16:02:30.734,211.7083,-1.5436,-0.625
2026-07-23T16:02:30.742,211.7255,-1.5631,-0.5859
2026-07-23T16:02:30.759,211.7547,-1.5044,-0.7033
2026-07-23T16:02:30.759,211.7547,-1.6219,-0.625
2026-07-23T16:02:30.759,211.7547,-1.6023,-0.6642
2026-07-23T16:02:30.776,211.7861,-1.5827,-0.5859
2026-07-23T16:02:30.790,211.7861,-1.5436,-0.625
2026-07-23T16:02:30.790,211.7861,-1.5827,-0.6446
2026-07-23T16:02:30.805,211.7861,-1.5827,-0.6446
2026-07-23T16:02:30.823,211.8174,-1.5436,-0.625
2026-07-23T16:02:30.837,211.8174,-1.6415,-0.6054
2026-07-23T16:02:30.837,211.8174,-1.524,-0.5271
2026-07-23T16:02:30.853,211.8539,-1.6219,-0.5859
2026-07-23T16:02:30.868,211.8559,-1.524,-0.6054
2026-07-23T16:02:30.868,211.8559,-1.6219,-0.5467
2026-07-23T16:02:30.901,211.8867,-1.524,-0.5663
2026-07-23T16:02:30.901,211.8867,-1.5827,-0.7033
2026-07-23T16:02:30.901,211.8867,-1.4261,-0.6054
2026-07-23T16:02:30.907,211.8923,-1.7002,-0.6446
2026-07-23T16:02:30.931,211.9125,-1.524,-0.6642
2026-07-23T16:02:30.931,211.9125,-1.661,-0.625
2026-07-23T16:02:30.943,211.9281,-1.5044,-0.6446
2026-07-23T16:02:30.955,211.9605,-1.661,-0.5663
2026-07-23T16:02:30.963,211.9605,-1.5631,-0.5859
2026-07-23T16:02:30.963,211.9605,-1.6415,-0.6446
2026-07-23T16:02:30.979,211.9605,-1.5044,-0.6054
2026-07-23T16:02:30.995,211.9914,-1.6806,-0.6054
2026-07-23T16:02:30.995,211.9914,-1.524,-0.6446
2026-07-23T16:02:31.011,212.0036,-1.6415,-0.625
2026-07-23T16:02:31.011,212.023,-1.4848,-0.625
2026-07-23T16:02:31.027,212.0369,-1.661,-0.5663
2026-07-23T16:02:31.042,212.0369,-1.5044,-0.625
2026-07-23T16:02:31.042,212.0389,-1.6806,-0.4096
2026-07-23T16:02:31.058,212.0702,-1.5436,-0.6446
2026-07-23T16:02:31.074,212.0702,-1.6219,-0.5859
2026-07-23T16:02:31.074,212.0702,-1.5631,-0.5663
2026-07-23T16:02:31.090,212.0702,-1.5631,-0.6054
2026-07-23T16:02:31.110,212.1038,-1.6023,-0.5859
2026-07-23T16:02:31.110,212.1038,-1.6219,-0.5859
2026-07-23T16:02:31.121,212.1085,-1.5044,-0.5859
2026-07-23T16:02:31.137,212.1367,-1.5827,-0.5467
2026-07-23T16:02:31.152,212.1367,-1.5827,-0.6446
2026-07-23T16:02:31.155,212.1394,-1.6219,-0.5663
2026-07-23T16:02:31.161,212.1394,-1.6023,-0.6054
2026-07-23T16:02:31.184,212.1652,-1.5827,-0.6054
2026-07-23T16:02:31.185,212.1701,-1.5827,-0.6054
2026-07-23T16:02:31.193,212.1701,-1.6219,-0.5663
2026-07-23T16:02:31.200,212.1994,-1.5631,-0.6446
2026-07-23T16:02:31.216,212.2014,-1.524,-0.6642
2026-07-23T16:02:31.221,212.2034,-1.5827,-0.6054
2026-07-23T16:02:31.247,212.2279,-1.661,-0.625
2026-07-23T16:02:31.248,212.2279,-1.5436,-0.6054
2026-07-23T16:02:31.252,212.2279,-1.6219,-0.6446
2026-07-23T16:02:31.265,212.2637,-1.6219,-0.625
2026-07-23T16:02:31.279,212.267,-1.5631,-0.625
2026-07-23T16:02:31.279,212.2692,-1.5436,-0.5859
2026-07-23T16:02:31.294,212.2948,-1.5631,-0.6054
2026-07-23T16:02:31.311,212.2948,-1.5436,-0.5859
2026-07-23T16:02:31.316,212.2948,-1.6219,-0.6446
2026-07-23T16:02:31.321,212.2948,-1.5631,-0.5859
2026-07-23T16:02:31.344,212.3302,-1.6023,-0.6446
2026-07-23T16:02:31.344,212.3302,-1.5436,-0.5467
2026-07-23T16:02:31.346,212.3302,-1.6415,-0.6054
2026-07-23T16:02:31.360,212.3536,-1.5631,-0.6642
2026-07-23T16:02:31.373,212.3536,-1.5827,-0.5859
2026-07-23T16:02:31.381,212.3536,-1.524,-0.5271
2026-07-23T16:02:31.404,212.3852,-1.661,-0.6446
2026-07-23T16:02:31.404,212.3926,-1.4652,-0.6054
2026-07-23T16:02:31.404,212.3926,-1.6806,-0.6446
2026-07-23T16:02:31.425,212.4175,-1.4652,-0.6642
2026-07-23T16:02:31.436,212.4175,-1.7002,-0.625
2026-07-23T16:02:31.443,212.4175,-1.5436,-0.5271
2026-07-23T16:02:31.452,212.4322,-1.6806,-0.5859
2026-07-23T16:02:31.468,212.448,-1.4652,-0.5859
2026-07-23T16:02:31.468,212.448,-1.6806,-0.6642
2026-07-23T16:02:31.468,212.448,-1.5044,-0.625
2026-07-23T16:02:31.491,212.4797,-1.6806,-0.6446
2026-07-23T16:02:31.499,212.4797,-1.3673,-0.6446
2026-07-23T16:02:31.499,212.4954,-1.7198,-0.5859
2026-07-23T16:02:31.521,212.5198,-1.4848,-0.5859
2026-07-23T16:02:31.531,212.5198,-1.661,-0.6054
2026-07-23T16:02:31.531,212.5282,-1.5044,-0.6054
2026-07-23T16:02:31.554,212.5587,-1.6415,-0.6642
2026-07-23T16:02:31.571,212.5597,-1.4848,-0.6054
2026-07-23T16:02:31.571,212.5597,-1.6806,-0.5859
2026-07-23T16:02:31.582,212.5747,-1.5044,-0.6054
2026-07-23T16:02:31.591,212.5904,-1.8177,-0.5859
2026-07-23T16:02:31.594,212.5904,-1.524,-0.6838
2026-07-23T16:02:31.610,212.5974,-1.6806,-0.5467
2026-07-23T16:02:31.625,212.6214,-1.4652,-0.625
2026-07-23T16:02:31.625,212.6214,-1.661,-0.6446
2026-07-23T16:02:31.641,212.6214,-1.4848,-0.6446
2026-07-23T16:02:31.672,212.6565,-1.6219,-0.6054
2026-07-23T16:02:31.672,212.6565,-1.5436,-0.625
2026-07-23T16:02:31.672,212.6565,-1.661,-0.5271
2026-07-23T16:02:31.672,212.6565,-1.524,-0.625
2026-07-23T16:02:31.704,212.6852,-1.5436,-0.5859
2026-07-23T16:02:31.704,212.6873,-1.4848,-0.5859
2026-07-23T16:02:31.714,212.7083,-1.6415,-0.6054
2026-07-23T16:02:31.721,212.7083,-1.5631,-0.6642
2026-07-23T16:02:31.721,212.716,-1.6415,-0.5467
2026-07-23T16:02:31.759,212.7415,-1.5436,-0.6838
2026-07-23T16:02:31.759,212.7415,-1.6219,-0.5663
2026-07-23T16:02:31.759,212.7415,-1.4261,-0.6446
2026-07-23T16:02:31.767,212.7702,-1.5044,-0.5271
2026-07-23T16:02:31.788,212.7752,-1.5827,-0.5859
2026-07-23T16:02:31.792,212.7752,-1.524,-0.5663
2026-07-23T16:02:31.800,212.8036,-1.5631,-0.5075
2026-07-23T16:02:31.821,212.8036,-1.6415,-0.625
2026-07-23T16:02:31.826,212.8036,-1.5631,-0.6642
2026-07-23T16:02:31.830,212.8263,-1.6219,-0.6446
2026-07-23T16:02:31.830,212.8263,-1.6023,-0.6054
2026-07-23T16:02:31.846,212.8374,-1.5436,-0.6054
2026-07-23T16:02:31.861,212.8587,-1.5827,-0.5663
2026-07-23T16:02:31.877,212.8587,-1.6219,-0.6642
2026-07-23T16:02:31.877,212.8587,-1.524,-0.6054
2026-07-23T16:02:31.897,212.8901,-1.661,-0.625
2026-07-23T16:02:31.910,212.8932,-1.5827,-0.5859
2026-07-23T16:02:31.910,212.8932,-1.5436,-0.5467
2026-07-23T16:02:31.924,212.9047,-1.4456,-0.5663
2026-07-23T16:02:31.940,212.9208,-1.7198,-0.5859
2026-07-23T16:02:31.944,212.9213,-1.4456,-0.625
2026-07-23T16:02:31.955,212.9422,-1.6806,-0.625
2026-07-23T16:02:31.955,212.9422,-1.4848,-0.5663
2026-07-23T16:02:31.972,212.9422,-1.6806,-0.625
2026-07-23T16:02:31.988,212.9701,-1.4652,-0.6054
2026-07-23T16:02:31.993,212.9767,-1.7002,-0.5859
2026-07-23T16:02:32.004,213.0,-1.524,-0.5663
2026-07-23T16:02:32.021,213.0034,-1.661,-0.625
2026-07-23T16:02:32.021,213.0034,-1.5044,-0.6054
2026-07-23T16:02:32.036,213.0291,-1.6415,-0.625
2026-07-23T16:02:32.051,213.0311,-1.4456,-0.6446
2026-07-23T16:02:32.051,213.0311,-1.896,-0.625
2026-07-23T16:02:32.069,213.0588,-1.5044,-0.625
2026-07-23T16:02:32.069,213.0588,-1.6806,-0.5271
2026-07-23T16:02:32.082,213.0603,-1.4848,-0.5859
2026-07-23T16:02:32.088,213.0784,-1.6806,-0.5663
2026-07-23T16:02:32.098,213.0784,-1.4848,-0.5859
2026-07-23T16:02:32.114,213.0784,-1.6219,-0.5663
2026-07-23T16:02:32.121,213.1099,-1.5044,-0.6642
2026-07-23T16:02:32.129,213.1204,-1.7394,-0.5663
2026-07-23T16:02:32.129,213.1224,-1.4652,-0.625
2026-07-23T16:02:32.161,213.1434,-1.661,-0.5075
2026-07-23T16:02:32.161,213.1434,-1.5044,-0.6446
2026-07-23T16:02:32.173,213.1434,-1.6219,-0.5663
2026-07-23T16:02:32.177,213.1727,-1.5044,-0.6642
2026-07-23T16:02:32.194,213.1798,-1.6219,-0.6054
2026-07-23T16:02:32.194,213.1798,-1.524,-0.5859
2026-07-23T16:02:32.211,213.2047,-1.6415,-0.6054
2026-07-23T16:02:32.224,213.2047,-1.5436,-0.5663
2026-07-23T16:02:32.231,213.2124,-1.6023,-0.6054
2026-07-23T16:02:32.254,213.2378,-1.5827,-0.6642
2026-07-23T16:02:32.254,213.2378,-1.5631,-0.6446
2026-07-23T16:02:32.263,213.2378,-1.5827,-0.5859
2026-07-23T16:02:32.278,213.252,-1.661,-0.625
2026-07-23T16:02:32.278,213.252,-1.6023,-0.5663
2026-07-23T16:02:32.289,213.252,-1.5827,-0.5271
2026-07-23T16:02:32.303,213.2875,-1.5436,-0.5859
2026-07-23T16:02:32.303,213.2875,-1.5827,-0.5663
2026-07-23T16:02:32.321,213.3148,-1.5827,-0.6054
2026-07-23T16:02:32.336,213.3148,-1.5436,-0.625
2026-07-23T16:02:32.338,213.3148,-1.5827,-0.5663
2026-07-23T16:02:32.350,213.338,-1.6415,-0.6642
2026-07-23T16:02:32.361,213.3435,-1.4652,-0.6054
2026-07-23T16:02:32.366,213.3667,-1.6023,-0.6642
2026-07-23T16:02:32.389,213.3667,-1.5436,-0.6054
2026-07-23T16:02:32.397,213.3706,-1.5827,-0.6054
2026-07-23T16:02:32.403,213.3938,-1.524,-0.625
2026-07-23T16:02:32.413,213.3955,-1.6415,-0.5859
2026-07-23T16:02:32.421,213.3984,-1.5631,-0.625
2026-07-23T16:02:32.431,213.4098,-1.6806,-0.625
2026-07-23T16:02:32.445,213.4098,-1.5044,-0.5075
2026-07-23T16:02:32.449,213.4256,-1.6806,-0.5859
2026-07-23T16:02:32.461,213.4438,-1.524,-0.5859
2026-07-23T16:02:32.461,213.4438,-1.6219,-0.6054
2026-07-23T16:02:32.476,213.4725,-1.524,-0.5859
2026-07-23T16:02:32.495,213.4725,-1.661,-0.5859
2026-07-23T16:02:32.504,213.4882,-1.4848,-0.5663
2026-07-23T16:02:32.521,213.4882,-1.7198,-0.6642
2026-07-23T16:02:32.523,213.4882,-1.4848,-0.5663
2026-07-23T16:02:32.539,213.5208,-1.661,-0.6446
2026-07-23T16:02:32.539,213.5208,-1.524,-0.6054
2026-07-23T16:02:32.555,213.5208,-1.7002,-0.5859
2026-07-23T16:02:32.557,213.5517,-1.5827,-0.5467
2026-07-23T16:02:32.572,213.5517,-1.661,-0.6054
2026-07-23T16:02:32.572,213.5517,-1.5044,-0.5859
2026-07-23T16:02:32.602,213.5825,-1.661,-0.5859
2026-07-23T16:02:32.602,213.5825,-1.4456,-0.6838
2026-07-23T16:02:32.617,213.6039,-1.661,-0.625
2026-07-23T16:02:32.621,213.6039,-1.5436,-0.5859
2026-07-23T16:02:32.621,213.6039,-1.6806,-0.5075
2026-07-23T16:02:32.655,213.638,-1.524,-0.625
2026-07-23T16:02:32.655,213.638,-1.6806,-0.6054
2026-07-23T16:02:32.665,213.6412,-1.5044,-0.625
2026-07-23T16:02:32.665,213.6647,-1.6023,-0.6446
2026-07-23T16:02:32.680,213.6647,-1.5436,-0.6054
2026-07-23T16:02:32.692,213.6703,-1.6415,-0.5663
2026-07-23T16:02:32.713,213.6934,-1.5436,-0.6446
2026-07-23T16:02:32.713,213.6934,-1.6415,-0.5663
2026-07-23T16:02:32.721,213.6934,-1.6415,-0.5663
2026-07-23T16:02:32.737,213.7196,-1.6219,-0.6054
2026-07-23T16:02:32.737,213.7196,-1.5827,-0.6054
2026-07-23T16:02:32.754,213.7448,-1.5827,-0.5467
2026-07-23T16:02:32.759,213.7448,-1.5631,-0.5859
2026-07-23T16:02:32.775,213.7448,-1.6415,-0.5859
2026-07-23T16:02:32.791,213.7738,-1.5436,-0.6054
2026-07-23T16:02:32.796,213.7738,-1.6219,-0.488
2026-07-23T16:02:32.804,213.7738,-1.5631,-0.6446
2026-07-23T16:02:32.822,213.7888,-1.5631,-0.5859
2026-07-23T16:02:32.825,213.8035,-1.5827,-0.5467
2026-07-23T16:02:32.825,213.8187,-1.5631,-0.6642
2026-07-23T16:02:32.840,213.8187,-1.5827,-0.6054
2026-07-23T16:02:32.854,213.8187,-1.6023,-0.6446
2026-07-23T16:02:32.864,213.8528,-1.6023,-0.5663
2026-07-23T16:02:32.869,213.8528,-1.6219,-0.625
2026-07-23T16:02:32.885,213.8528,-1.5436,-0.5859
2026-07-23T16:02:32.896,213.8871,-1.524,-0.625
2026-07-23T16:02:32.904,213.8871,-1.5631,-0.6054
2026-07-23T16:02:32.904,213.8871,-1.6219,-0.6054
2026-07-23T16:02:32.921,213.9143,-1.524,-0.5859
2026-07-23T16:02:32.935,213.9143,-1.6023,-0.625
2026-07-23T16:02:32.938,213.9189,-1.5436,-0.4488
2026-07-23T16:02:32.955,213.9381,-1.661,-0.6054
2026-07-23T16:02:32.955,213.9458,-1.5436,-0.6054
2026-07-23T16:02:32.970,213.9458,-1.6806,-0.6054
2026-07-23T16:02:32.989,213.9704,-1.524,-0.5663
2026-07-23T16:02:32.989,213.9704,-1.6415,-0.625
2026-07-23T16:02:33.012,213.9936,-1.4652,-0.6054
2026-07-23T16:02:33.012,213.9936,-1.6219,-0.5859
2026-07-23T16:02:33.021,214.0016,-1.5436,-0.5075
2026-07-23T16:02:33.044,214.0252,-1.6806,-0.625
2026-07-23T16:02:33.044,214.0252,-1.524,-0.5663
2026-07-23T16:02:33.054,214.0343,-1.5631,-0.6446
2026-07-23T16:02:33.061,214.0614,-1.4848,-0.6054
2026-07-23T16:02:33.070,214.0634,-1.6415,-0.5663
2026-07-23T16:02:33.085,214.0645,-1.5044,-0.625
2026-07-23T16:02:33.096,214.0883,-1.661,-0.5467
2026-07-23T16:02:33.108,214.0883,-1.5044,-0.5271
2026-07-23T16:02:33.115,214.0883,-1.5827,-0.6054
2026-07-23T16:02:33.123,214.1037,-1.5436,-0.6054
2026-07-23T16:02:33.123,214.1037,-1.5631,-0.6054
2026-07-23T16:02:33.139,214.1194,-1.524,-0.625
2026-07-23T16:02:33.139,214.1456,-1.6806,-0.5663
2026-07-23T16:02:33.155,214.1456,-1.5436,-0.6054
2026-07-23T16:02:33.170,214.1456,-1.6415,-0.625
2026-07-23T16:02:33.189,214.1705,-1.5631,-0.625
2026-07-23T16:02:33.189,214.1705,-1.5631,-0.6054
2026-07-23T16:02:33.208,214.2037,-1.6219,-0.6054
2026-07-23T16:02:33.221,214.2037,-1.5044,-0.5859
2026-07-23T16:02:33.221,214.2037,-1.5827,-0.6054
2026-07-23T16:02:33.233,214.2298,-1.5827,-0.5467
2026-07-23T16:02:33.237,214.2298,-1.6023,-0.5663
2026-07-23T16:02:33.249,214.237,-1.6219,-0.5859
2026-07-23T16:02:33.255,214.2618,-1.6806,-0.5859
2026-07-23T16:02:33.281,214.2628,-1.524,-0.5859
2026-07-23T16:02:33.281,214.2628,-1.5436,-0.5859
2026-07-23T16:02:33.297,214.2777,-1.5436,-0.625
2026-07-23T16:02:33.307,214.2777,-1.6415,-0.5271
2026-07-23T16:02:33.314,214.2933,-1.5827,-0.5075
2026-07-23T16:02:33.321,214.3112,-1.6023,-0.6054
2026-07-23T16:02:33.328,214.3112,-1.5436,-0.5467
2026-07-23T16:02:33.344,214.3252,-1.6023,-0.5663
2026-07-23T16:02:33.355,214.3532,-1.5044,-0.6446
2026-07-23T16:02:33.362,214.357,-1.6219,-0.6054
2026-07-23T16:02:33.362,214.357,-1.5827,-0.6446
2026-07-23T16:02:33.388,214.3882,-1.6415,-0.5663
2026-07-23T16:02:33.404,214.395,-1.5436,-0.6642
2026-07-23T16:02:33.415,214.3983,-1.6023,-0.5859
2026-07-23T16:02:33.417,214.3983,-1.5827,-0.5859
2026-07-23T16:02:33.425,214.4196,-1.524,-0.5663
2026-07-23T16:02:33.439,214.4273,-1.5631,-0.6054
2026-07-23T16:02:33.439,214.4273,-1.5827,-0.5271
2026-07-23T16:02:33.470,214.4513,-1.6023,-0.5271
2026-07-23T16:02:33.470,214.4513,-1.524,-0.5663
2026-07-23T16:02:33.470,214.4513,-1.6415,-0.625
2026-07-23T16:02:33.478,214.4671,-1.524,-0.5663
2026-07-23T16:02:33.495,214.4827,-1.5827,-0.5859
2026-07-23T16:02:33.502,214.4827,-1.5631,-0.5663
2026-07-23T16:02:33.502,214.4987,-1.4652,-0.5859
2026-07-23T16:02:33.529,214.52,-1.5631,-0.5467
2026-07-23T16:02:33.534,214.52,-1.661,-0.625
2026-07-23T16:02:33.534,214.5319,-1.5827,-0.5859
2026-07-23T16:02:33.549,214.5615,-1.5631,-0.6054
2026-07-23T16:02:33.571,214.5615,-1.5827,-0.5859
2026-07-23T16:02:33.571,214.5615,-1.6219,-0.5859
2026-07-23T16:02:33.585,214.5929,-1.6023,-0.5663
2026-07-23T16:02:33.598,214.5987,-1.6023,-0.5859
2026-07-23T16:02:33.598,214.5987,-1.5631,-0.6054
2026-07-23T16:02:33.612,214.6034,-1.6415,-0.625
2026-07-23T16:02:33.621,214.6242,-1.524,-0.6446
2026-07-23T16:02:33.644,214.6358,-1.5827,-0.5271
2026-07-23T16:02:33.644,214.6388,-1.524,-0.6642
2026-07-23T16:02:33.654,214.6423,-1.6023,-0.5467
2026-07-23T16:02:33.659,214.6764,-1.5631,-0.625
2026-07-23T16:02:33.675,214.6764,-1.6023,-0.5467
2026-07-23T16:02:33.675,214.6764,-1.5827,-0.6642
2026-07-23T16:02:33.698,214.6764,-1.5631,-0.5859
2026-07-23T16:02:33.707,214.7043,-1.6023,-0.625
2026-07-23T16:02:33.723,214.7134,-1.524,-0.5859
2026-07-23T16:02:33.725,214.7134,-1.6023,-0.6446
2026-07-23T16:02:33.727,214.7173,-1.5827,-0.4684
2026-07-23T16:02:33.755,214.7475,-1.6806,-0.5663
2026-07-23T16:02:33.755,214.7475,-1.524,-0.5859
2026-07-23T16:02:33.764,214.7475,-1.5631,-0.5859
2026-07-23T16:02:33.779,214.7703,-1.4848,-0.5467
2026-07-23T16:02:33.790,214.7802,-1.6415,-0.6054
2026-07-23T16:02:33.790,214.7832,-1.5436,-0.6054
2026-07-23T16:02:33.801,214.7832,-1.7002,-0.5859
2026-07-23T16:02:33.821,214.8147,-1.5436,-0.6054
2026-07-23T16:02:33.821,214.8147,-1.661,-0.625
2026-07-23T16:02:33.834,214.8147,-1.4456,-0.625
2026-07-23T16:02:33.849,214.8479,-1.6023,-0.5663
2026-07-23T16:02:33.863,214.8536,-1.524,-0.6054
2026-07-23T16:02:33.863,214.8536,-1.896,-0.5859
2026-07-23T16:02:33.866,214.8536,-1.524,-0.5467
2026-07-23T16:02:33.882,214.8849,-1.6415,-0.5663
2026-07-23T16:02:33.899,214.8849,-1.5631,-0.6446
2026-07-23T16:02:33.904,214.8849,-1.661,-0.5271
2026-07-23T16:02:33.927,214.9178,-1.5044,-0.625
2026-07-23T16:02:33.927,214.9178,-1.6219,-0.5467
2026-07-23T16:02:33.936,214.9178,-1.5436,-0.5859
2026-07-23T16:02:33.936,214.9235,-1.6415,-0.5467
2026-07-23T16:02:33.959,214.9482,-1.6023,-0.5859
2026-07-23T16:02:33.959,214.9482,-1.5827,-0.6054
2026-07-23T16:02:33.974,214.9549,-1.6219,-0.625
2026-07-23T16:02:33.974,214.9882,-1.524,-0.5859
2026-07-23T16:02:33.999,214.9882,-1.6023,-0.625
2026-07-23T16:02:33.999,214.9882,-1.5827,-0.5075
2026-07-23T16:02:34.006,215.0238,-1.6219,-0.5859
2026-07-23T16:02:34.030,215.0238,-1.5436,-0.5467
2026-07-23T16:02:34.030,215.0238,-1.5631,-0.5859
2026-07-23T16:02:34.039,215.0296,-1.5631,-0.5075
2026-07-23T16:02:34.055,215.0501,-1.5827,-0.5859
2026-07-23T16:02:34.071,215.0622,-1.5827,-0.5859
2026-07-23T16:02:34.075,215.0658,-1.5827,-0.5467
2026-07-23T16:02:34.085,215.0814,-1.5827,-0.5467
2026-07-23T16:02:34.090,215.0972,-1.6023,-0.5859
2026-07-23T16:02:34.101,215.1003,-1.524,-0.625
2026-07-23T16:02:34.113,215.1003,-1.5044,-0.5663
2026-07-23T16:02:34.121,215.1313,-1.6023,-0.6446
2026-07-23T16:02:34.132,215.1313,-1.5827,-0.5467
2026-07-23T16:02:34.132,215.1313,-1.6219,-0.5859
2026-07-23T16:02:34.155,215.1397,-1.5631,-0.5271
2026-07-23T16:02:34.164,215.1705,-1.6023,-0.625
2026-07-23T16:02:34.179,215.1705,-1.5631,-0.5271
2026-07-23T16:02:34.182,215.1758,-1.5631,-0.6054
2026-07-23T16:02:34.202,215.2083,-1.524,-0.6054
2026-07-23T16:02:34.211,215.2083,-1.6415,-0.5663
2026-07-23T16:02:34.211,215.2083,-1.5436,-0.5663
2026-07-23T16:02:34.227,215.2083,-1.661,-0.5467
2026-07-23T16:02:34.227,215.2083,-1.4848,-0.6054
2026-07-23T16:02:34.255,215.2399,-1.7002,-0.5859
2026-07-23T16:02:34.255,215.2399,-1.4456,-0.5467
2026-07-23T16:02:34.259,215.2494,-1.7002,-0.6054
2026-07-23T16:02:34.278,215.271,-1.5436,-0.5271
2026-07-23T16:02:34.291,215.271,-1.661,-0.6054
2026-07-23T16:02:34.291,215.271,-1.5044,-0.5075
2026-07-23T16:02:34.300,215.2857,-1.7002,-0.5859
2026-07-23T16:02:34.322,215.3146,-1.4848,-0.5663
2026-07-23T16:02:34.322,215.3146,-1.5827,-0.6054
2026-07-23T16:02:34.322,215.317,-1.4848,-0.5663
2026-07-23T16:02:34.346,215.34,-1.6219,-0.5467
2026-07-23T16:02:34.355,215.34,-1.524,-0.6054
2026-07-23T16:02:34.365,215.3497,-1.6415,-0.6054
2026-07-23T16:02:34.368,215.3702,-1.4848,-0.625
2026-07-23T16:02:34.391,215.3801,-1.661,-0.6054
2026-07-23T16:02:34.391,215.3801,-1.5827,-0.625
2026-07-23T16:02:34.405,215.3801,-1.5827,-0.5663
2026-07-23T16:02:34.405,215.411,-1.524,-0.6054
2026-07-23T16:02:34.421,215.411,-1.6806,-0.5271
2026-07-23T16:02:34.431,215.411,-1.7785,-0.625
2026-07-23T16:02:34.447,215.4427,-1.6415,-0.5663
2026-07-23T16:02:34.459,215.4427,-1.6023,-0.5859
2026-07-23T16:02:34.462,215.45,-1.4848,-0.6054
2026-07-23T16:02:34.478,215.4794,-1.5436,-0.625
2026-07-23T16:02:34.491,215.4794,-1.5827,-0.6054
2026-07-23T16:02:34.493,215.4794,-1.5436,-0.6054
2026-07-23T16:02:34.503,215.4794,-1.5631,-0.5859
2026-07-23T16:02:34.509,215.5107,-1.6023,-0.6446
2026-07-23T16:02:34.525,215.5107,-1.6219,-0.6642
2026-07-23T16:02:34.530,215.5175,-1.5827,-0.5467
2026-07-23T16:02:34.545,215.5402,-1.6415,-0.5859
2026-07-23T16:02:34.562,215.5402,-1.5436,-0.5271
2026-07-23T16:02:34.562,215.5501,-1.6219,-0.6642
2026-07-23T16:02:34.573,215.5705,-1.5827,-0.6054
2026-07-23T16:02:34.591,215.5808,-1.6023,-0.6054
2026-07-23T16:02:34.591,215.5808,-1.5827,-0.6054
2026-07-23T16:02:34.604,215.6045,-1.6023,-0.5663
2026-07-23T16:02:34.621,215.6118,-1.5631,-0.5271
2026-07-23T16:02:34.621,215.6118,-1.6023,-0.625
2026-07-23T16:02:34.635,215.6157,-1.5044,-0.5663
2026-07-23T16:02:34.652,215.6461,-1.6415,-0.6054
2026-07-23T16:02:34.655,215.6472,-1.5436,-0.5467
2026-07-23T16:02:34.663,215.6472,-1.6806,-0.6446
2026-07-23T16:02:34.666,215.6786,-1.5436,-0.6054
2026-07-23T16:02:34.691,215.6786,-1.7002,-0.5467
2026-07-23T16:02:34.691,215.6786,-1.4848,-0.5859
2026-07-23T16:02:34.702,215.6786,-1.6415,-0.6446
2026-07-23T16:02:34.729,215.7109,-1.4456,-0.5859
2026-07-23T16:02:34.729,215.7109,-1.661,-0.5663
2026-07-23T16:02:34.729,215.7109,-1.4848,-0.5663
2026-07-23T16:02:34.745,215.7426,-1.6415,-0.625
2026-07-23T16:02:34.761,215.7426,-1.5436,-0.5663
2026-07-23T16:02:34.762,215.7426,-1.6806,-0.5663
2026-07-23T16:02:34.792,215.7731,-1.524,-0.5859
2026-07-23T16:02:34.792,215.7731,-1.6415,-0.5663
2026-07-23T16:02:34.793,215.7731,-1.4652,-0.5467
2026-07-23T16:02:34.808,215.8058,-1.661,-0.5859
2026-07-23T16:02:34.822,215.8058,-1.524,-0.625
2026-07-23T16:02:34.822,215.8058,-1.6806,-0.488
2026-07-23T16:02:34.840,215.8409,-1.5044,-0.6054
2026-07-23T16:02:34.855,215.8409,-1.6806,-0.5859
2026-07-23T16:02:34.857,215.8409,-1.5436,-0.5859
2026-07-23T16:02:34.864,215.8465,-1.5827,-0.5859
2026-07-23T16:02:34.875,215.8707,-1.5044,-0.625
2026-07-23T16:02:34.889,215.8707,-1.661,-0.5663
2026-07-23T16:02:34.897,215.8707,-1.5827,-0.488
2026-07-23T16:02:34.907,215.9038,-1.6219,-0.5467
2026-07-23T16:02:34.921,215.9038,-1.5827,-0.6054
2026-07-23T16:02:34.921,215.9038,-1.5827,-0.5663
2026-07-23T16:02:34.933,215.9407,-1.5436,-0.6054
2026-07-23T16:02:34.955,215.9407,-1.6415,-0.5859
2026-07-23T16:02:34.955,215.9407,-1.5436,-0.5859
2026-07-23T16:02:34.955,215.9475,-1.6806,-0.5663
2026-07-23T16:02:34.975,215.9705,-1.5631,-0.5859
2026-07-23T16:02:34.989,215.9705,-1.5827,-0.6054
2026-07-23T16:02:34.991,215.9705,-1.5436,-0.5663
2026-07-23T16:02:35.002,216.0038,-1.6219,-0.5859
2026-07-23T16:02:35.021,216.0038,-1.6023,-0.6054
2026-07-23T16:02:35.021,216.0038,-1.6415,-0.5859
2026-07-23T16:02:35.031,216.039,-1.5827,-0.5467
2026-07-23T16:02:35.046,216.041,-1.5827,-0.5859
2026-07-23T16:02:35.055,216.041,-1.5436,-0.5467
2026-07-23T16:02:35.062,216.0452,-1.6415,-0.6446
2026-07-23T16:02:35.078,216.0704,-1.5827,-0.6054
2026-07-23T16:02:35.078,216.0704,-1.5827,-0.6054
2026-07-23T16:02:35.092,216.0704,-1.4456,-0.5271
2026-07-23T16:02:35.103,216.0904,-1.6023,-0.5859
2026-07-23T16:02:35.114,216.0904,-1.5631,-0.5663
2026-07-23T16:02:35.126,216.0904,-1.6415,-0.625
2026-07-23T16:02:35.126,216.1271,-1.4848,-0.5663
2026-07-23T16:02:35.141,216.1271,-1.6219,-0.625
2026-07-23T16:02:35.141,216.1525,-1.4848,-0.625
2026-07-23T16:02:35.173,216.1525,-1.6415,-0.5467
2026-07-23T16:02:35.173,216.1525,-1.524,-0.5663
2026-07-23T16:02:35.178,216.1606,-1.661,-0.5075
2026-07-23T16:02:35.203,216.184,-1.5044,-0.5859
2026-07-23T16:02:35.203,216.1885,-1.6219,-0.6054
2026-07-23T16:02:35.219,216.2153,-1.524,-0.5663
2026-07-23T16:02:35.235,216.2153,-1.7002,-0.625
2026-07-23T16:02:35.235,216.2153,-1.5044,-0.5663
2026-07-23T16:02:35.242,216.2473,-1.7002,-0.5467
2026-07-23T16:02:35.266,216.2529,-1.4456,-0.5859
2026-07-23T16:02:35.266,216.2529,-1.661,-0.5663
2026-07-23T16:02:35.266,216.2576,-1.4261,-0.5859
2026-07-23T16:02:35.298,216.2787,-1.7002,-0.6054
