wall_time,elapsed_s,F1_N,F2_N
2026-07-23T15:59:49.689,50.6824,-1.896,-0.6054
2026-07-23T15:59:49.702,50.6824,-1.7981,-0.6642
2026-07-23T15:59:49.702,50.6824,-1.7785,-0.7229
2026-07-23T15:59:49.718,50.6984,-1.8568,-0.6054
2026-07-23T15:59:49.733,50.7144,-1.7394,-0.7033
2026-07-23T15:59:49.733,50.7144,-1.8568,-0.6446
2026-07-23T15:59:49.749,50.7302,-1.7589,-0.6446
2026-07-23T15:59:49.749,50.7302,-1.8764,-0.7229
2026-07-23T15:59:49.765,50.7302,-1.7394,-0.7425
2026-07-23T15:59:49.778,50.763,-1.7394,-0.8012
2026-07-23T15:59:49.781,50.763,-1.8764,-0.6642
2026-07-23T15:59:49.781,50.763,-1.6023,-0.7621
2026-07-23T15:59:49.814,50.7939,-1.7981,-0.7229
2026-07-23T15:59:49.814,50.7939,-1.9547,-0.7033
2026-07-23T15:59:49.831,50.8097,-1.7785,-0.7425
2026-07-23T15:59:49.845,50.8097,-1.7394,-0.6446
2026-07-23T15:59:49.845,50.8254,-1.7785,-0.7229
2026-07-23T15:59:49.856,50.8465,-1.8373,-0.7621
2026-07-23T15:59:49.860,50.8465,-1.7198,-0.6642
2026-07-23T15:59:49.876,50.8465,-1.8373,-0.6838
2026-07-23T15:59:49.878,50.88,-1.7394,-0.6642
2026-07-23T15:59:49.897,50.88,-1.8568,-0.7425
2026-07-23T15:59:49.897,50.88,-1.8373,-0.8404
2026-07-23T15:59:49.924,50.9056,-1.7394,-0.6642
2026-07-23T15:59:49.924,50.9056,-1.7981,-0.625
2026-07-23T15:59:49.931,50.9299,-1.7394,-0.6642
2026-07-23T15:59:49.956,50.938,-1.7785,-0.7621
2026-07-23T15:59:49.956,50.938,-1.661,-0.7033
2026-07-23T15:59:49.956,50.9604,-1.8373,-0.6838
2026-07-23T15:59:49.981,50.9604,-1.7785,-0.7033
2026-07-23T15:59:49.989,50.9604,-1.7394,-0.7621
2026-07-23T15:59:49.989,50.9846,-1.8177,-0.6446
2026-07-23T15:59:50.011,50.9937,-1.7785,-0.7621
2026-07-23T15:59:50.020,50.9937,-1.8764,-0.7817
2026-07-23T15:59:50.031,51.0164,-1.7394,-0.6446
2026-07-23T15:59:50.035,51.0164,-1.7981,-0.7621
2026-07-23T15:59:50.044,51.0323,-1.7394,-0.7033
2026-07-23T15:59:50.067,51.0481,-1.7394,-0.7817
2026-07-23T15:59:50.067,51.0481,-1.8568,-0.6838
2026-07-23T15:59:50.083,51.0645,-1.7198,-0.7425
2026-07-23T15:59:50.083,51.0645,-1.8568,-0.7817
2026-07-23T15:59:50.083,51.0645,-1.7394,-0.7229
2026-07-23T15:59:50.106,51.0967,-1.8373,-0.7621
2026-07-23T15:59:50.115,51.0967,-1.8568,-0.7033
2026-07-23T15:59:50.115,51.0967,-1.8568,-0.7817
2026-07-23T15:59:50.132,51.1273,-1.8764,-0.6838
2026-07-23T15:59:50.148,51.1283,-1.7589,-0.6838
2026-07-23T15:59:50.148,51.1283,-1.8764,-0.7425
2026-07-23T15:59:50.163,51.145,-1.7981,-0.8208
2026-07-23T15:59:50.163,51.145,-1.8373,-0.7621
2026-07-23T15:59:50.189,51.1778,-1.8764,-0.7425
2026-07-23T15:59:50.196,51.1832,-1.7785,-0.7817
2026-07-23T15:59:50.196,51.1863,-1.8568,-0.6642
2026-07-23T15:59:50.211,51.2089,-1.7981,-0.6642
2026-07-23T15:59:50.229,51.2089,-1.9352,-0.7817
2026-07-23T15:59:50.237,51.2089,-1.8568,-0.6838
2026-07-23T15:59:50.245,51.2271,-1.9352,-0.7621
2026-07-23T15:59:50.245,51.2271,-1.9156,-0.7621
2026-07-23T15:59:50.260,51.2401,-1.8764,-0.7817
2026-07-23T15:59:50.278,51.2635,-1.9156,-0.7033
2026-07-23T15:59:50.278,51.2635,-1.8373,-0.7425
2026-07-23T15:59:50.291,51.2938,-1.8764,-0.7621
2026-07-23T15:59:50.312,51.2938,-1.8177,-0.6642
2026-07-23T15:59:50.314,51.2938,-1.8568,-0.7621
2026-07-23T15:59:50.338,51.327,-1.9939,-0.7033
2026-07-23T15:59:50.338,51.327,-1.8177,-0.7425
2026-07-23T15:59:50.345,51.327,-1.9352,-0.5859
2026-07-23T15:59:50.356,51.351,-1.8373,-0.7033
2026-07-23T15:59:50.370,51.3604,-1.9743,-0.6838
2026-07-23T15:59:50.370,51.3614,-1.896,-0.7229
2026-07-23T15:59:50.386,51.3855,-1.7981,-0.7425
2026-07-23T15:59:50.402,51.3885,-1.9352,-0.7033
2026-07-23T15:59:50.402,51.3885,-1.8568,-0.7033
2026-07-23T15:59:50.412,51.4149,-1.8764,-0.6838
2026-07-23T15:59:50.436,51.4149,-1.8568,-0.6642
2026-07-23T15:59:50.439,51.4149,-1.8764,-0.7425
2026-07-23T15:59:50.444,51.4149,-1.8177,-0.6838
2026-07-23T15:59:50.450,51.4482,-1.8764,-0.7425
2026-07-23T15:59:50.466,51.4482,-1.9743,-0.7033
2026-07-23T15:59:50.466,51.4603,-1.8764,-0.7817
2026-07-23T15:59:50.481,51.481,-2.0331,-0.6838
2026-07-23T15:59:50.499,51.481,-1.8568,-0.7425
2026-07-23T15:59:50.511,51.481,-2.0722,-0.7621
2026-07-23T15:59:50.513,51.5165,-1.9743,-0.7229
2026-07-23T15:59:50.532,51.5175,-2.0527,-0.86
2026-07-23T15:59:50.532,51.5175,-2.0331,-0.7425
2026-07-23T15:59:50.545,51.5416,-2.0135,-0.8404
2026-07-23T15:59:50.565,51.5416,-2.0918,-0.7817
2026-07-23T15:59:50.568,51.5557,-2.0722,-0.7817
2026-07-23T15:59:50.576,51.5812,-2.0722,-0.8208
2026-07-23T15:59:50.592,51.5812,-2.0918,-0.7425
2026-07-23T15:59:50.592,51.5812,-1.9547,-0.7621
2026-07-23T15:59:50.606,51.5893,-2.1114,-0.7817
2026-07-23T15:59:50.613,51.6049,-1.9352,-0.7621
2026-07-23T15:59:50.624,51.6049,-2.1114,-0.8012
2026-07-23T15:59:50.640,51.6206,-1.9547,-0.8208
2026-07-23T15:59:50.656,51.6389,-2.1114,-0.8012
2026-07-23T15:59:50.656,51.6389,-2.0331,-0.8012
2026-07-23T15:59:50.656,51.6529,-2.0331,-0.8012
2026-07-23T15:59:50.671,51.6529,-2.0331,-0.7621
2026-07-23T15:59:50.690,51.6849,-2.0331,-0.8012
2026-07-23T15:59:50.690,51.6849,-2.0135,-0.8404
2026-07-23T15:59:50.704,51.6849,-1.9939,-0.8012
2026-07-23T15:59:50.719,51.7162,-1.9156,-0.86
2026-07-23T15:59:50.732,51.7162,-2.0722,-0.7425
2026-07-23T15:59:50.736,51.7223,-1.9743,-0.8208
2026-07-23T15:59:50.751,51.7476,-2.1506,-0.8208
2026-07-23T15:59:50.751,51.7476,-1.9156,-0.86
2026-07-23T15:59:50.751,51.7476,-2.1701,-0.7817
2026-07-23T15:59:50.783,51.7813,-2.0135,-0.7817
2026-07-23T15:59:50.783,51.7813,-2.0918,-0.8208
2026-07-23T15:59:50.798,51.7813,-1.9939,-0.7817
2026-07-23T15:59:50.798,51.7938,-1.9547,-0.8796
2026-07-23T15:59:50.815,51.8115,-1.9547,-0.8208
2026-07-23T15:59:50.831,51.8115,-1.9743,-0.8012
2026-07-23T15:59:50.832,51.8115,-1.9156,-0.8404
2026-07-23T15:59:50.846,51.8477,-2.0331,-0.86
2026-07-23T15:59:50.862,51.8477,-1.9743,-0.9383
2026-07-23T15:59:50.862,51.8477,-2.0918,-0.8796
2026-07-23T15:59:50.862,51.8588,-1.8764,-0.8991
2026-07-23T15:59:50.894,51.8816,-2.0918,-0.8404
2026-07-23T15:59:50.894,51.8816,-1.9156,-0.8404
2026-07-23T15:59:50.899,51.8902,-1.9939,-0.8208
2026-07-23T15:59:50.914,51.9059,-1.9156,-0.8404
2026-07-23T15:59:50.925,51.9059,-2.0135,-0.9187
2026-07-23T15:59:50.941,51.9216,-1.9743,-0.7817
2026-07-23T15:59:50.945,51.9478,-1.8568,-0.8012
2026-07-23T15:59:50.957,51.9529,-1.9547,-0.8208
2026-07-23T15:59:50.957,51.9529,-1.9156,-0.8012
2026-07-23T15:59:50.982,51.9729,-1.9743,-0.7817
2026-07-23T15:59:50.982,51.9729,-1.9939,-0.7621
2026-07-23T15:59:50.999,51.982,-1.8373,-0.8208
2026-07-23T15:59:51.004,51.985,-2.0135,-0.6642
2026-07-23T15:59:51.024,52.0142,-1.7589,-0.7033
2026-07-23T15:59:51.024,52.0168,-1.9743,-0.7817
2026-07-23T15:59:51.036,52.0168,-1.8373,-0.7229
2026-07-23T15:59:51.052,52.0484,-1.9352,-0.6642
2026-07-23T15:59:51.052,52.0484,-1.8373,-0.6054
2026-07-23T15:59:51.068,52.0561,-1.7785,-0.6446
2026-07-23T15:59:51.078,52.0819,-1.8177,-0.6054
2026-07-23T15:59:51.084,52.0819,-1.7785,-0.6054
2026-07-23T15:59:51.084,52.0819,-1.7981,-0.6054
2026-07-23T15:59:51.099,52.0819,-1.7589,-0.5663
2026-07-23T15:59:51.115,52.1126,-1.7002,-0.6054
2026-07-23T15:59:51.133,52.1126,-1.8373,-0.6054
2026-07-23T15:59:51.133,52.1281,-1.7785,-0.5859
2026-07-23T15:59:51.147,52.1281,-1.9156,-0.5859
2026-07-23T15:59:51.163,52.1443,-1.6806,-0.5663
2026-07-23T15:59:51.163,52.1605,-1.9156,-0.6054
2026-07-23T15:59:51.179,52.1635,-1.661,-0.5271
2026-07-23T15:59:51.195,52.1937,-1.9156,-0.6054
2026-07-23T15:59:51.195,52.1937,-1.7394,-0.5663
2026-07-23T15:59:51.211,52.1937,-1.8177,-0.5859
2026-07-23T15:59:51.214,52.1937,-1.7785,-0.5859
2026-07-23T15:59:51.227,52.2272,-1.7198,-0.5663
2026-07-23T15:59:51.233,52.2272,-1.7198,-0.5271
2026-07-23T15:59:51.244,52.2272,-1.7198,-0.5663
2026-07-23T15:59:51.275,52.2646,-1.7785,-0.5663
2026-07-23T15:59:51.275,52.2646,-1.8568,-0.5075
2026-07-23T15:59:51.278,52.2646,-1.7394,-0.5859
2026-07-23T15:59:51.278,52.2721,-1.8568,-0.5663
2026-07-23T15:59:51.291,52.2938,-1.7002,-0.625
2026-07-23T15:59:51.307,52.2938,-1.896,-0.5859
2026-07-23T15:59:51.315,52.3047,-1.7002,-0.5467
2026-07-23T15:59:51.323,52.3274,-1.9743,-0.6054
2026-07-23T15:59:51.339,52.3355,-1.896,-0.6446
2026-07-23T15:59:51.345,52.3355,-1.9547,-0.6054
2026-07-23T15:59:51.357,52.3643,-1.9939,-0.625
2026-07-23T15:59:51.357,52.3673,-2.0135,-0.6642
2026-07-23T15:59:51.378,52.3673,-2.0135,-0.6838
2026-07-23T15:59:51.386,52.3673,-2.0722,-0.6642
2026-07-23T15:59:51.402,52.3991,-2.0527,-0.6838
2026-07-23T15:59:51.412,52.3991,-2.1701,-0.6838
2026-07-23T15:59:51.418,52.3991,-2.0331,-0.7425
2026-07-23T15:59:51.418,52.4316,-2.2289,-0.7621
2026-07-23T15:59:51.434,52.4316,-2.0331,-0.7229
2026-07-23T15:59:51.450,52.4316,-2.1897,-0.7817
2026-07-23T15:59:51.450,52.4461,-2.0722,-0.7229
2026-07-23T15:59:51.466,52.4733,-2.2289,-0.7621
2026-07-23T15:59:51.482,52.4824,-2.1506,-0.7817
2026-07-23T15:59:51.482,52.4824,-2.1701,-0.8404
2026-07-23T15:59:51.497,52.4824,-2.1506,-0.7817
2026-07-23T15:59:51.512,52.5148,-2.2093,-0.7425
2026-07-23T15:59:51.524,52.5148,-2.1506,-0.8404
2026-07-23T15:59:51.529,52.5148,-2.1897,-0.8012
2026-07-23T15:59:51.533,52.5274,-2.0331,-0.86
2026-07-23T15:59:51.545,52.5566,-2.2093,-0.8404
2026-07-23T15:59:51.560,52.5566,-2.1114,-0.8012
2026-07-23T15:59:51.566,52.5607,-2.3659,-0.8404
2026-07-23T15:59:51.578,52.5657,-2.1897,-0.8208
2026-07-23T15:59:51.578,52.5881,-2.4443,-0.8012
2026-07-23T15:59:51.592,52.5972,-2.2485,-0.8012
2026-07-23T15:59:51.616,52.5987,-2.503,-0.8991
2026-07-23T15:59:51.619,52.6037,-2.4443,-0.8208
2026-07-23T15:59:51.639,52.627,-2.5422,-0.8991
2026-07-23T15:59:51.639,52.627,-2.5226,-0.8404
2026-07-23T15:59:51.648,52.6352,-2.6205,-0.7621
2026-07-23T15:59:51.655,52.6672,-2.7184,-0.7425
2026-07-23T15:59:51.655,52.6672,-2.7576,-0.6446
2026-07-23T15:59:51.678,52.6672,-2.6988,-0.7425
2026-07-23T15:59:51.686,52.6818,-2.8163,-0.625
2026-07-23T15:59:51.702,52.6985,-2.7184,-0.5663
2026-07-23T15:59:51.716,52.7153,-2.8359,-0.488
2026-07-23T15:59:51.718,52.7153,-2.6401,-0.4096
2026-07-23T15:59:51.733,52.7153,-2.7576,-0.488
2026-07-23T15:59:51.735,52.7153,-2.5422,-0.3117
2026-07-23T15:59:51.749,52.7458,-2.5813,-0.3509
2026-07-23T15:59:51.749,52.7458,-2.503,-0.2921
2026-07-23T15:59:51.766,52.7458,-2.503,-0.2921
2026-07-23T15:59:51.778,52.7829,-2.3659,-0.2726
2026-07-23T15:59:51.781,52.7829,-2.3659,-0.3313
2026-07-23T15:59:51.797,52.7829,-2.268,-0.1942
2026-07-23T15:59:51.797,52.794,-2.2485,-0.1942
2026-07-23T15:59:51.816,52.8088,-2.1114,-0.3117
2026-07-23T15:59:51.828,52.8246,-2.0331,-0.3117
2026-07-23T15:59:51.844,52.8271,-1.896,-0.2726
2026-07-23T15:59:51.845,52.8271,-1.9743,-0.253
2026-07-23T15:59:51.860,52.8604,-1.7198,-0.2138
2026-07-23T15:59:51.860,52.8604,-1.8568,-0.2726
2026-07-23T15:59:51.878,52.866,-1.6023,-0.1942
2026-07-23T15:59:51.878,52.8938,-1.7589,-0.253
2026-07-23T15:59:51.907,52.8938,-1.6219,-0.2334
2026-07-23T15:59:51.911,52.8938,-1.6415,-0.253
2026-07-23T15:59:51.923,52.9033,-1.661,-0.2726
2026-07-23T15:59:51.923,52.9322,-1.5827,-0.1942
2026-07-23T15:59:51.941,52.9348,-1.4652,-0.253
2026-07-23T15:59:51.945,52.9348,-1.3869,-0.1355
2026-07-23T15:59:51.954,52.9348,-1.2498,-0.1551
2026-07-23T15:59:51.970,52.9661,-1.3869,-0.1747
2026-07-23T15:59:51.970,52.9661,-1.1715,-0.1747
2026-07-23T15:59:51.986,52.9737,-1.3282,-0.1551
2026-07-23T15:59:52.001,52.9988,-1.054,-0.0572
2026-07-23T15:59:52.011,52.9988,-1.2498,-0.1159
2026-07-23T15:59:52.017,52.9988,-0.9757,0.0799
2026-07-23T15:59:52.024,53.0153,-1.0932,0.0799
2026-07-23T15:59:52.034,53.0457,-0.8778,0.0995
2026-07-23T15:59:52.050,53.0457,-0.8974,0.1582
2026-07-23T15:59:52.050,53.0572,-0.7016,0.2953
2026-07-23T15:59:52.066,53.0618,-0.6624,0.3344
2026-07-23T15:59:52.083,53.0834,-0.5841,0.3932
2026-07-23T15:59:52.088,53.094,-0.5058,0.5302
2026-07-23T15:59:52.096,53.0992,-0.3295,0.6086
2026-07-23T15:59:52.113,53.1099,-0.3295,0.8044
2026-07-23T15:59:52.117,53.1099,-0.1729,0.8631
2026-07-23T15:59:52.134,53.1273,-0.2512,1.0002
2026-07-23T15:59:52.134,53.1406,-0.0554,1.196
2026-07-23T15:59:52.150,53.1427,-0.1142,1.1177
2026-07-23T15:59:52.161,53.1427,-0.075,1.2547
2026-07-23T15:59:52.161,53.1743,-0.2121,1.196
2026-07-23T15:59:52.178,53.1823,-0.1142,1.2352
2026-07-23T15:59:52.178,53.1833,-0.2121,1.196
2026-07-23T15:59:52.193,53.1894,-0.1142,1.2939
2026-07-23T15:59:52.208,53.2156,-0.075,1.3331
2026-07-23T15:59:52.218,53.2239,0.0033,1.2743
2026-07-23T15:59:52.225,53.2274,-0.0358,1.2939
2026-07-23T15:59:52.240,53.2274,0.0817,1.2547
2026-07-23T15:59:52.252,53.2538,-0.1142,1.2743
2026-07-23T15:59:52.265,53.2643,0.0817,1.2156
2026-07-23T15:59:52.266,53.2668,-0.1729,1.1568
2026-07-23T15:59:52.278,53.2692,0.1208,1.2156
2026-07-23T15:59:52.288,53.3008,-0.0554,1.1568
2026-07-23T15:59:52.305,53.3029,0.1012,1.0785
2026-07-23T15:59:52.305,53.3074,0.0229,0.9806
2026-07-23T15:59:52.320,53.3074,0.0621,1.0393
2026-07-23T15:59:52.320,53.3074,0.0621,0.961
2026-07-23T15:59:52.336,53.3329,0.0621,0.9806
2026-07-23T15:59:52.345,53.3329,0.0229,1.0785
2026-07-23T15:59:52.358,53.3329,0.0621,1.1177
2026-07-23T15:59:52.358,53.3495,-0.0163,1.1373
2026-07-23T15:59:52.384,53.3803,0.1208,1.0589
2026-07-23T15:59:52.384,53.3803,-0.075,1.0785
2026-07-23T15:59:52.400,53.3851,0.0621,1.0589
2026-07-23T15:59:52.412,53.4123,-0.1337,1.0785
2026-07-23T15:59:52.418,53.4123,0.16,1.196
2026-07-23T15:59:52.431,53.4123,-0.0358,1.2156
2026-07-23T15:59:52.436,53.4123,0.2187,1.2547
2026-07-23T15:59:52.447,53.4442,0.2187,1.196
2026-07-23T15:59:52.447,53.4442,0.3362,1.2547
2026-07-23T15:59:52.463,53.4606,0.2775,1.3526
2026-07-23T15:59:52.479,53.4673,0.2775,1.3135
2026-07-23T15:59:52.483,53.4938,0.2383,1.5093
2026-07-23T15:59:52.495,53.4938,0.3362,1.431
2026-07-23T15:59:52.511,53.4938,0.2579,1.5093
2026-07-23T15:59:52.518,53.5075,0.532,1.568
2026-07-23T15:59:52.527,53.5271,0.4733,1.6268
2026-07-23T15:59:52.535,53.5271,0.7278,1.7247
2026-07-23T15:59:52.545,53.5395,0.5712,1.7247
2026-07-23T15:59:52.559,53.5395,0.8061,1.9009
2026-07-23T15:59:52.574,53.5675,0.6299,1.8617
2026-07-23T15:59:52.578,53.5714,0.7866,1.8422
2026-07-23T15:59:52.590,53.5714,0.6691,1.8226
2026-07-23T15:59:52.590,53.6032,0.8845,1.8813
2026-07-23T15:59:52.611,53.6032,0.7866,1.8617
2026-07-23T15:59:52.622,53.6032,0.8845,1.9401
2026-07-23T15:59:52.622,53.6032,0.8453,2.0184
2026-07-23T15:59:52.638,53.6352,0.8845,1.9401
2026-07-23T15:59:52.650,53.6415,0.8453,1.9988
2026-07-23T15:59:52.654,53.6415,1.139,1.9988
2026-07-23T15:59:52.670,53.6677,0.9236,2.1163
2026-07-23T15:59:52.686,53.6677,1.0607,2.1359
2026-07-23T15:59:52.692,53.6677,0.8845,2.175
2026-07-23T15:59:52.692,53.6847,1.0999,2.2534
2026-07-23T15:59:52.712,53.7009,0.9628,2.2142
2026-07-23T15:59:52.718,53.7009,1.0215,2.2729
2026-07-23T15:59:52.718,53.7147,1.0803,2.175
2026-07-23T15:59:52.735,53.7147,1.0803,2.2534
2026-07-23T15:59:52.752,53.7474,0.9628,2.2338
2026-07-23T15:59:52.752,53.7474,1.0803,2.2142
2026-07-23T15:59:52.765,53.7474,1.0215,2.2142
2026-07-23T15:59:52.776,53.7622,1.0999,2.175
2026-07-23T15:59:52.781,53.7846,1.0019,2.2142
2026-07-23T15:59:52.798,53.7846,1.1782,2.0967
2026-07-23T15:59:52.813,53.7941,0.9236,2.1359
2026-07-23T15:59:52.819,53.8099,1.139,2.0967
2026-07-23T15:59:52.829,53.8258,0.8257,2.1163
2026-07-23T15:59:52.835,53.8273,1.0803,2.0967
2026-07-23T15:59:52.845,53.8496,0.904,2.0575
2026-07-23T15:59:52.859,53.8573,1.0803,2.1163
2026-07-23T15:59:52.861,53.8609,1.0803,2.038
2026-07-23T15:59:52.878,53.8609,1.0019,2.038
2026-07-23T15:59:52.878,53.8845,1.0019,2.038
2026-07-23T15:59:52.900,53.8916,1.0411,2.0184
2026-07-23T15:59:52.908,53.8941,0.9824,2.0771
2026-07-23T15:59:52.925,53.9216,1.0411,2.0967
2026-07-23T15:59:52.935,53.9271,0.9432,2.1555
2026-07-23T15:59:52.940,53.9271,1.1782,2.175
2026-07-23T15:59:52.945,53.9334,0.9236,2.1555
2026-07-23T15:59:52.956,53.9528,1.139,2.1555
2026-07-23T15:59:52.956,53.9609,0.9236,2.1163
2026-07-23T15:59:52.978,53.9609,1.1586,2.1555
2026-07-23T15:59:52.988,53.9938,1.0215,2.2142
2026-07-23T15:59:52.988,53.9938,1.139,2.2338
2026-07-23T15:59:53.012,54.0006,1.0999,2.2925
2026-07-23T15:59:53.019,54.0006,1.1782,2.2729
2026-07-23T15:59:53.035,54.0321,1.0999,2.3513
2026-07-23T15:59:53.035,54.0321,1.1782,2.4296
2026-07-23T15:59:53.051,54.0321,1.1194,2.3904
2026-07-23T15:59:53.051,54.0693,1.1978,2.3513
2026-07-23T15:59:53.069,54.0693,1.0999,2.4296
2026-07-23T15:59:53.083,54.0801,1.3152,2.3513
2026-07-23T15:59:53.083,54.0844,1.1194,2.41
2026-07-23T15:59:53.099,54.0998,1.2957,2.4492
2026-07-23T15:59:53.109,54.1118,1.0215,2.41
2026-07-23T15:59:53.120,54.1118,1.1978,2.4296
2026-07-23T15:59:53.135,54.1118,1.1194,2.3513
2026-07-23T15:59:53.135,54.1118,1.1586,2.41
2026-07-23T15:59:53.151,54.1431,1.1586,2.3121
2026-07-23T15:59:53.151,54.1431,1.1586,2.41
2026-07-23T15:59:53.163,54.1431,1.1782,2.3904
2026-07-23T15:59:53.178,54.1837,1.1782,2.3904
2026-07-23T15:59:53.194,54.1847,1.1782,2.4492
2026-07-23T15:59:53.194,54.1907,1.2565,2.41
2026-07-23T15:59:53.211,54.1938,1.1194,2.41
2026-07-23T15:59:53.221,54.2273,1.3348,2.3513
2026-07-23T15:59:53.225,54.2273,1.0803,2.41
2026-07-23T15:59:53.235,54.2273,1.2565,2.4296
2026-07-23T15:59:53.245,54.2273,1.0999,2.3708
2026-07-23T15:59:53.257,54.2609,1.2173,2.3904
2026-07-23T15:59:53.257,54.2609,1.1978,2.3708
2026-07-23T15:59:53.278,54.2717,1.1586,2.3708
2026-07-23T15:59:53.289,54.2717,1.1586,2.3708
2026-07-23T15:59:53.289,54.3018,1.1586,2.3121
2026-07-23T15:59:53.306,54.3088,1.139,2.41
2026-07-23T15:59:53.322,54.3088,1.1782,2.3317
2026-07-23T15:59:53.322,54.3088,1.139,2.3513
2026-07-23T15:59:53.338,54.3341,1.2761,2.3513
2026-07-23T15:59:53.345,54.3341,1.2173,2.41
2026-07-23T15:59:53.360,54.3341,1.3348,2.41
2026-07-23T15:59:53.368,54.3505,1.1978,2.4883
2026-07-23T15:59:53.385,54.3702,1.374,2.5079
2026-07-23T15:59:53.385,54.3804,1.1586,2.4492
2026-07-23T15:59:53.401,54.3847,1.2957,2.5666
2026-07-23T15:59:53.411,54.4126,1.3348,2.5275
2026-07-23T15:59:53.421,54.4126,1.2957,2.5862
2026-07-23T15:59:53.431,54.4126,1.2957,2.5079
2026-07-23T15:59:53.435,54.4285,1.3152,2.5666
2026-07-23T15:59:53.447,54.4459,1.2761,2.645
2026-07-23T15:59:53.463,54.4459,1.3152,2.5079
2026-07-23T15:59:53.463,54.4608,1.2173,2.5275
2026-07-23T15:59:53.479,54.4703,1.4131,2.5079
2026-07-23T15:59:53.497,54.4941,1.2173,2.4883
2026-07-23T15:59:53.497,54.4941,1.374,2.4492
2026-07-23T15:59:53.497,54.4941,1.139,2.5275
2026-07-23T15:59:53.521,54.4941,1.3348,2.5079
2026-07-23T15:59:53.527,54.5275,1.1782,2.5471
2026-07-23T15:59:53.535,54.5275,1.3152,2.645
2026-07-23T15:59:53.545,54.5275,1.3152,2.5666
2026-07-23T15:59:53.545,54.5652,1.3544,2.5862
2026-07-23T15:59:53.575,54.5731,1.2957,2.5471
2026-07-23T15:59:53.578,54.5731,1.3152,2.6058
2026-07-23T15:59:53.592,54.5731,1.2565,2.6058
2026-07-23T15:59:53.592,54.6007,1.2369,2.5471
2026-07-23T15:59:53.613,54.6051,1.2761,2.5666
2026-07-23T15:59:53.621,54.6051,1.374,2.5666
2026-07-23T15:59:53.624,54.6051,1.1978,2.6058
2026-07-23T15:59:53.641,54.6363,1.3544,2.6254
2026-07-23T15:59:53.645,54.6363,1.2369,2.6254
2026-07-23T15:59:53.656,54.6422,1.3544,2.6058
2026-07-23T15:59:53.671,54.6679,1.1194,2.5666
2026-07-23T15:59:53.678,54.6709,1.2957,2.5666
2026-07-23T15:59:53.687,54.6709,1.2565,2.5275
2026-07-23T15:59:53.693,54.6709,1.1782,2.6254
2026-07-23T15:59:53.712,54.7039,1.3152,2.5666
2026-07-23T15:59:53.719,54.7039,1.3348,2.6645
2026-07-23T15:59:53.722,54.7165,1.3348,2.6254
2026-07-23T15:59:53.735,54.7377,1.374,2.6254
2026-07-23T15:59:53.745,54.7476,1.3152,2.6841
2026-07-23T15:59:53.755,54.7476,1.5306,2.6645
2026-07-23T15:59:53.767,54.7476,1.2957,2.6645
2026-07-23T15:59:53.778,54.7792,1.4719,2.6254
2026-07-23T15:59:53.788,54.785,1.2173,2.645
2026-07-23T15:59:53.798,54.785,1.4523,2.6254
2026-07-23T15:59:53.798,54.785,1.2565,2.5275
2026-07-23T15:59:53.822,54.811,1.374,2.6058
2026-07-23T15:59:53.835,54.811,1.3348,2.5275
2026-07-23T15:59:53.836,54.811,1.374,2.5471
2026-07-23T15:59:53.846,54.8428,1.2957,2.5666
2026-07-23T15:59:53.860,54.8509,1.3348,2.5471
2026-07-23T15:59:53.862,54.8509,1.3544,2.5666
2026-07-23T15:59:53.878,54.8741,1.374,2.4687
2026-07-23T15:59:53.894,54.8851,1.1978,2.5079
2026-07-23T15:59:53.902,54.89,1.4915,2.5079
2026-07-23T15:59:53.912,54.8941,1.2565,2.5666
2026-07-23T15:59:53.912,54.9058,1.4719,2.5862
2026-07-23T15:59:53.925,54.9219,1.3348,2.5079
2026-07-23T15:59:53.945,54.9274,1.4327,2.6058
2026-07-23T15:59:53.945,54.9537,1.2761,2.4883
2026-07-23T15:59:53.957,54.9537,1.374,2.5275
2026-07-23T15:59:53.957,54.9608,1.3936,2.4687
2026-07-23T15:59:53.978,54.9608,1.4131,2.5079
2026-07-23T15:59:53.989,54.9852,1.3544,2.4883
2026-07-23T15:59:53.989,54.994,1.374,2.5471
2026-07-23T15:59:54.004,54.994,1.3348,2.5862
2026-07-23T15:59:54.012,55.001,1.4523,2.4687
2026-07-23T15:59:54.027,55.0275,1.2957,2.5666
2026-07-23T15:59:54.036,55.0275,1.4915,2.4883
2026-07-23T15:59:54.052,55.0328,1.3152,2.5275
2026-07-23T15:59:54.052,55.0608,1.5306,2.5471
2026-07-23T15:59:54.068,55.0644,1.2957,2.5275
2026-07-23T15:59:54.084,55.0644,1.4915,2.6058
2026-07-23T15:59:54.084,55.0852,1.3936,2.5079
2026-07-23T15:59:54.100,55.0961,1.4131,2.5862
2026-07-23T15:59:54.100,55.1012,1.3936,2.4687
2026-07-23T15:59:54.115,55.1012,1.3936,2.5862
2026-07-23T15:59:54.131,55.1277,1.4327,2.5666
2026-07-23T15:59:54.136,55.1277,1.4131,2.5275
2026-07-23T15:59:54.147,55.1277,1.3936,2.6254
2026-07-23T15:59:54.163,55.1437,1.4915,2.5079
2026-07-23T15:59:54.163,55.1751,1.3348,2.5275
2026-07-23T15:59:54.178,55.1751,1.5698,2.5862
2026-07-23T15:59:54.178,55.1751,1.374,2.5666
2026-07-23T15:59:54.194,55.1843,1.5502,2.5862
2026-07-23T15:59:54.212,55.2068,1.3936,2.5862
2026-07-23T15:59:54.212,55.2068,1.5698,2.6254
2026-07-23T15:59:54.226,55.2225,1.511,2.645
2026-07-23T15:59:54.236,55.2385,1.5894,2.6841
2026-07-23T15:59:54.255,55.2558,1.5698,2.6254
2026-07-23T15:59:54.258,55.2558,1.4719,2.5471
2026-07-23T15:59:54.273,55.2609,1.5306,2.6058
2026-07-23T15:59:54.278,55.2866,1.5502,2.6645
2026-07-23T15:59:54.278,55.2866,1.5306,2.7037
2026-07-23T15:59:54.289,55.2939,1.5502,2.5666
2026-07-23T15:59:54.307,55.2939,1.4131,2.645
2026-07-23T15:59:54.324,55.3183,1.6481,2.6254
2026-07-23T15:59:54.324,55.3273,1.511,2.645
2026-07-23T15:59:54.337,55.3331,1.7069,2.7233
2026-07-23T15:59:54.352,55.3331,1.511,2.6645
2026-07-23T15:59:54.361,55.3608,1.7264,2.8408
2026-07-23T15:59:54.369,55.3648,1.7264,2.8016
2026-07-23T15:59:54.378,55.3648,1.8048,2.8799
2026-07-23T15:59:54.384,55.3741,1.746,2.8799
2026-07-23T15:59:54.384,55.3966,1.7852,2.9387
2026-07-23T15:59:54.412,55.3966,1.8635,2.9778
2026-07-23T15:59:54.425,55.4123,1.9222,3.0366
2026-07-23T15:59:54.431,55.435,1.8635,3.1345
2026-07-23T15:59:54.437,55.435,2.0985,3.0953
2026-07-23T15:59:54.447,55.435,1.981,3.1932
2026-07-23T15:59:54.463,55.4443,2.216,3.2716
2026-07-23T15:59:54.463,55.461,2.0985,3.2324
2026-07-23T15:59:54.479,55.461,2.2551,3.3499
2026-07-23T15:59:54.486,55.4777,2.2551,3.389
2026-07-23T15:59:54.497,55.4941,2.353,3.4282
2026-07-23T15:59:54.512,55.5076,2.4313,3.4478
2026-07-23T15:59:54.512,55.5076,2.4118,3.4674
2026-07-23T15:59:54.529,55.5076,2.4509,3.6827
2026-07-23T15:59:54.542,55.5396,2.4313,3.5261
2026-07-23T15:59:54.545,55.5396,2.5292,3.5653
2026-07-23T15:59:54.558,55.5396,2.5684,3.5065
2026-07-23T15:59:54.569,55.5752,2.4705,3.6044
2026-07-23T15:59:54.578,55.5752,2.6663,3.5457
2026-07-23T15:59:54.590,55.5859,2.5097,3.6044
2026-07-23T15:59:54.590,55.5875,2.7251,3.5457
2026-07-23T15:59:54.612,55.6035,2.5292,3.5457
2026-07-23T15:59:54.622,55.6194,2.6663,3.5457
2026-07-23T15:59:54.626,55.6194,2.6076,3.6044
2026-07-23T15:59:54.638,55.6274,2.6859,3.7219
2026-07-23T15:59:54.645,55.6514,2.7251,3.624
2026-07-23T15:59:54.654,55.6514,2.7838,3.6827
2026-07-23T15:59:54.670,55.661,2.8621,3.8198
2026-07-23T15:59:54.678,55.6862,2.8817,3.7219
2026-07-23T15:59:54.694,55.6862,2.8621,3.7611
2026-07-23T15:59:54.702,55.6941,2.9404,3.7415
2026-07-23T15:59:54.702,55.6941,2.823,3.7611
2026-07-23T15:59:54.718,55.7153,2.9013,3.8002
2026-07-23T15:59:54.734,55.7309,2.7251,3.7611
2026-07-23T15:59:54.737,55.7309,2.9013,3.7611
2026-07-23T15:59:54.750,55.7309,2.7446,3.7219
2026-07-23T15:59:54.750,55.7642,2.8034,3.7219
2026-07-23T15:59:54.766,55.7688,2.7838,3.6632
2026-07-23T15:59:54.782,55.7688,2.7251,3.7023
2026-07-23T15:59:54.782,55.7788,2.823,3.6632
2026-07-23T15:59:54.798,55.7942,2.7642,3.7219
2026-07-23T15:59:54.812,55.7942,2.8425,3.6436
2026-07-23T15:59:54.820,55.7942,2.6272,3.7023
2026-07-23T15:59:54.827,55.8104,2.6467,3.6632
2026-07-23T15:59:54.845,55.8275,2.7838,3.5848
2026-07-23T15:59:54.845,55.842,2.6663,3.7023
2026-07-23T15:59:54.862,55.842,2.823,3.624
2026-07-23T15:59:54.862,55.8761,2.6076,3.6632
2026-07-23T15:59:54.878,55.8761,2.823,3.6436
2026-07-23T15:59:54.893,55.8761,2.6076,3.5848
2026-07-23T15:59:54.893,55.8868,2.7251,3.6044
2026-07-23T15:59:54.909,55.9054,2.6859,3.624
2026-07-23T15:59:54.912,55.9054,2.7055,3.624
2026-07-23T15:59:54.927,55.9215,2.7251,3.6044
2026-07-23T15:59:54.940,55.9276,2.6663,3.624
2026-07-23T15:59:54.956,55.9532,2.7838,3.6632
2026-07-23T15:59:54.956,55.9608,2.7251,3.7219
2026-07-23T15:59:54.972,55.9608,2.7446,3.6632
2026-07-23T15:59:54.978,55.9699,2.8817,3.7611
2026-07-23T15:59:54.988,55.9942,2.8425,3.8394
2026-07-23T15:59:54.988,56.0004,2.9992,3.859
2026-07-23T15:59:55.004,56.0004,2.8425,3.859
2026-07-23T15:59:55.021,56.0004,2.9796,3.9373
2026-07-23T15:59:55.028,56.0321,2.9404,3.9177
2026-07-23T15:59:55.037,56.0336,3.0188,3.996
2026-07-23T15:59:55.051,56.0336,3.0579,3.9177
2026-07-23T15:59:55.051,56.0481,2.9796,3.9373
2026-07-23T15:59:55.070,56.0637,3.0579,3.9569
2026-07-23T15:59:55.078,56.0637,2.96,4.0352
2026-07-23T15:59:55.084,56.0799,3.0383,4.0744
2026-07-23T15:59:55.099,56.0809,2.9992,4.0548
2026-07-23T15:59:55.115,56.1117,2.9796,4.0548
2026-07-23T15:59:55.115,56.1117,3.0579,3.996
2026-07-23T15:59:55.132,56.1117,3.0579,4.0548
2026-07-23T15:59:55.153,56.1439,3.1754,4.0352
2026-07-23T15:59:55.163,56.1439,3.1363,3.996
2026-07-23T15:59:55.163,56.1439,3.1363,4.0939
2026-07-23T15:59:55.163,56.1608,3.0188,4.0548
2026-07-23T15:59:55.178,56.1869,3.0971,4.0939
2026-07-23T15:59:55.195,56.1914,3.1754,4.0156
2026-07-23T15:59:55.195,56.194,3.1363,4.0744
2026-07-23T15:59:55.212,56.2058,3.2537,4.1135
2026-07-23T15:59:55.212,56.2273,3.1558,4.0744
2026-07-23T15:59:55.228,56.2273,3.2733,4.1723
2026-07-23T15:59:55.242,56.2388,3.1558,4.0939
2026-07-23T15:59:55.253,56.2388,3.1558,4.2114
2026-07-23T15:59:55.261,56.2388,3.2342,4.1527
2026-07-23T15:59:55.278,56.2702,3.1558,4.1918
2026-07-23T15:59:55.278,56.2777,3.2537,4.2114
2026-07-23T15:59:55.290,56.2777,3.2146,4.231
2026-07-23T15:59:55.290,56.2873,3.3125,4.3485
2026-07-23T15:59:55.320,56.3109,3.1363,4.2702
2026-07-23T15:59:55.320,56.3109,3.2733,4.3877
2026-07-23T15:59:55.329,56.3109,3.2929,4.2506
2026-07-23T15:59:55.338,56.321,3.2929,4.3289
2026-07-23T15:59:55.345,56.3356,3.2929,4.1918
2026-07-23T15:59:55.354,56.3526,3.2342,4.2702
2026-07-23T15:59:55.372,56.3526,3.2929,4.3093
2026-07-23T15:59:55.386,56.3782,3.3125,4.2506
2026-07-23T15:59:55.386,56.3822,3.3516,4.3093
2026-07-23T15:59:55.401,56.3868,3.3908,4.2702
2026-07-23T15:59:55.403,56.4141,3.3712,4.3289
2026-07-23T15:59:55.417,56.4141,3.3712,4.2702
2026-07-23T15:59:55.429,56.4141,3.3712,4.6226
2026-07-23T15:59:55.440,56.4274,3.43,4.3681
2026-07-23T15:59:55.449,56.446,3.3516,4.3485
2026-07-23T15:59:55.449,56.446,3.43,4.4268
2026-07-23T15:59:55.465,56.446,3.4887,4.3681
2026-07-23T15:59:55.478,56.4783,3.4887,4.4072
2026-07-23T15:59:55.497,56.4869,3.5279,4.3877
2026-07-23T15:59:55.497,56.4944,3.4104,4.4072
2026-07-23T15:59:55.512,56.4944,3.4887,4.466
2026-07-23T15:59:55.512,56.5193,3.4104,4.3681
2026-07-23T15:59:55.529,56.5276,3.4104,4.4268
2026-07-23T15:59:55.538,56.5276,3.4691,4.3877
2026-07-23T15:59:55.545,56.5413,3.4691,4.3877
2026-07-23T15:59:55.570,56.5609,3.5866,4.4072
2026-07-23T15:59:55.570,56.5734,3.4887,4.3485
2026-07-23T15:59:55.592,56.5734,3.5474,4.4268
2026-07-23T15:59:55.592,56.5734,3.4887,4.4464
2026-07-23T15:59:55.592,56.5944,3.4887,4.4072
2026-07-23T15:59:55.612,56.6064,3.5474,4.3289
2026-07-23T15:59:55.612,56.6064,3.4691,4.4268
2026-07-23T15:59:55.629,56.637,3.567,4.4072
2026-07-23T15:59:55.645,56.637,3.5279,4.3877
2026-07-23T15:59:55.645,56.6446,3.4887,4.3681
2026-07-23T15:59:55.657,56.6446,3.4887,4.3485
2026-07-23T15:59:55.672,56.6686,3.4495,4.2702
2026-07-23T15:59:55.678,56.6792,3.5083,4.3485
2026-07-23T15:59:55.688,56.6843,3.4691,4.3681
2026-07-23T15:59:55.695,56.6868,3.5866,4.3093
2026-07-23T15:59:55.712,56.7158,3.43,4.3681
2026-07-23T15:59:55.719,56.7158,3.5279,4.3485
2026-07-23T15:59:55.730,56.7158,3.4495,4.3485
2026-07-23T15:59:55.738,56.7279,3.4887,4.4072
2026-07-23T15:59:55.751,56.7477,3.4887,4.3485
2026-07-23T15:59:55.751,56.7634,3.4691,4.3485
2026-07-23T15:59:55.767,56.7634,3.5866,4.3681
2026-07-23T15:59:55.783,56.7698,3.3908,4.3681
2026-07-23T15:59:55.783,56.7868,3.5866,4.3093
2026-07-23T15:59:55.798,56.7958,3.43,4.3093
2026-07-23T15:59:55.812,56.7963,3.5279,4.3485
2026-07-23T15:59:55.821,56.7963,3.5279,4.3289
2026-07-23T15:59:55.831,56.8273,3.4887,4.3681
2026-07-23T15:59:55.838,56.8284,3.6454,4.2898
2026-07-23T15:59:55.847,56.8284,3.4887,4.3485
2026-07-23T15:59:55.862,56.861,3.6062,4.3877
2026-07-23T15:59:55.862,56.861,3.5474,4.2702
2026-07-23T15:59:55.879,56.861,3.5279,4.3093
2026-07-23T15:59:55.879,56.861,3.4887,4.2898
2026-07-23T15:59:55.904,56.8947,3.4495,4.3681
2026-07-23T15:59:55.912,56.8947,3.6845,4.2506
2026-07-23T15:59:55.912,56.9063,3.5083,4.2898
2026-07-23T15:59:55.931,56.9276,3.5866,4.3877
2026-07-23T15:59:55.945,56.9364,3.3908,4.2702
2026-07-23T15:59:55.945,56.9382,3.5474,4.2702
2026-07-23T15:59:55.957,56.9382,3.6062,4.231
2026-07-23T15:59:55.978,56.9609,3.567,4.3289
2026-07-23T15:59:55.978,56.9609,3.567,4.2506
2026-07-23T15:59:55.989,56.9699,3.4887,4.3093
2026-07-23T15:59:55.989,56.9942,3.5866,4.3485
2026-07-23T15:59:56.012,57.0029,3.5083,4.3877
2026-07-23T15:59:56.021,57.0029,3.5866,4.4072
2026-07-23T15:59:56.031,57.0336,3.5474,4.3289
2026-07-23T15:59:56.045,57.0336,3.6258,4.3289
2026-07-23T15:59:56.054,57.0336,3.6258,4.3289
2026-07-23T15:59:56.054,57.0336,3.5083,4.2898
2026-07-23T15:59:56.072,57.0662,3.6258,4.2702
2026-07-23T15:59:56.084,57.0662,3.5279,4.3289
2026-07-23T15:59:56.084,57.0662,3.6649,4.3681
2026-07-23T15:59:56.100,57.1032,3.5866,4.2702
2026-07-23T15:59:56.116,57.1032,3.6454,4.3877
2026-07-23T15:59:56.117,57.1032,3.6649,4.3485
2026-07-23T15:59:56.132,57.113,3.567,4.4268
2026-07-23T15:59:56.148,57.129,3.6845,4.3877
2026-07-23T15:59:56.148,57.129,3.6062,4.3877
2026-07-23T15:59:56.154,57.145,3.802,4.4856
2026-07-23T15:59:56.164,57.1607,3.6258,4.4072
2026-07-23T15:59:56.180,57.1765,3.7237,4.5247
2026-07-23T15:59:56.180,57.1812,3.802,4.4856
2026-07-23T15:59:56.196,57.1812,3.7433,4.5247
2026-07-23T15:59:56.196,57.2099,3.8216,4.5835
2026-07-23T15:59:56.227,57.2099,3.7237,4.6226
2026-07-23T15:59:56.232,57.2099,3.8999,4.5639
2026-07-23T15:59:56.245,57.2415,3.7433,4.5639
2026-07-23T15:59:56.245,57.2415,3.8216,4.6618
2026-07-23T15:59:56.261,57.2415,3.8412,4.6226
2026-07-23T15:59:56.261,57.2564,3.802,4.6422
2026-07-23T15:59:56.279,57.2815,3.8999,4.5639
2026-07-23T15:59:56.292,57.2894,3.8999,4.603
2026-07-23T15:59:56.292,57.2915,3.9978,4.7205
2026-07-23T15:59:56.307,57.2956,3.9195,4.7401
2026-07-23T15:59:56.323,57.3212,3.9586,4.9163
2026-07-23T15:59:56.332,57.3212,4.1349,4.9359
2026-07-23T15:59:56.346,57.3276,4.0761,5.1513
2026-07-23T15:59:56.355,57.3538,4.2524,5.1317
2026-07-23T15:59:56.362,57.3538,4.1153,5.1513
2026-07-23T15:59:56.372,57.3612,4.2915,5.2688
2026-07-23T15:59:56.378,57.3612,4.2132,5.308
2026-07-23T15:59:56.387,57.3871,4.2719,5.3471
2026-07-23T15:59:56.387,57.3871,4.2915,5.445
2026-07-23T15:59:56.412,57.3997,4.3503,5.5233
2026-07-23T15:59:56.419,57.4156,4.4677,5.5038
2026-07-23T15:59:56.419,57.4278,4.4873,5.5233
2026-07-23T15:59:56.438,57.4314,4.5852,5.5429
2026-07-23T15:59:56.450,57.4372,4.5069,5.4254
2026-07-23T15:59:56.466,57.4631,4.5656,5.5038
2026-07-23T15:59:56.466,57.4631,4.6635,5.5038
2026-07-23T15:59:56.479,57.4631,4.5265,5.6017
2026-07-23T15:59:56.488,57.4631,4.7027,5.5625
2026-07-23T15:59:56.499,57.4944,4.5852,5.4646
2026-07-23T15:59:56.514,57.4944,4.7419,5.5821
2026-07-23T15:59:56.514,57.4944,4.5265,5.5038
2026-07-23T15:59:56.545,57.5274,4.6635,5.6408
2026-07-23T15:59:56.545,57.5274,4.5852,5.5821
2026-07-23T15:59:56.545,57.5274,4.644,5.5429
2026-07-23T15:59:56.561,57.5619,4.6831,5.5233
2026-07-23T15:59:56.578,57.5619,4.7027,5.6017
2026-07-23T15:59:56.578,57.5619,4.8006,5.6408
2026-07-23T15:59:56.578,57.5739,4.8398,5.6017
2026-07-23T15:59:56.593,57.5943,4.8006,5.6408
2026-07-23T15:59:56.609,57.6056,4.7615,5.5821
2026-07-23T15:59:56.625,57.6056,4.6635,5.5821
2026-07-23T15:59:56.634,57.6372,4.8398,5.6212
2026-07-23T15:59:56.641,57.6457,4.7027,5.5233
2026-07-23T15:59:56.645,57.6457,4.8398,5.5821
2026-07-23T15:59:56.656,57.6531,4.7615,5.5625
2026-07-23T15:59:56.674,57.6763,4.8789,5.5625
2026-07-23T15:59:56.678,57.6848,4.6831,5.5038
2026-07-23T15:59:56.697,57.6873,4.7223,5.5625
2026-07-23T15:59:56.704,57.6941,4.8006,5.445
2026-07-23T15:59:56.712,57.7165,4.7419,5.5233
2026-07-23T15:59:56.727,57.7165,4.8202,5.6212
2026-07-23T15:59:56.736,57.7291,4.8006,5.5821
2026-07-23T15:59:56.738,57.7325,4.8789,5.6408
2026-07-23T15:59:56.752,57.7607,4.8398,5.6408
2026-07-23T15:59:56.767,57.7642,4.7419,5.5821
2026-07-23T15:59:56.767,57.7642,4.9377,5.6212
2026-07-23T15:59:56.783,57.7706,4.781,5.6604
2026-07-23T15:59:56.783,57.7959,5.016,5.6212
2026-07-23T15:59:56.799,57.7959,4.8202,5.6604
2026-07-23T15:59:56.815,57.7959,4.9768,5.6996
2026-07-23T15:59:56.821,57.7959,5.1139,5.6408
2026-07-23T15:59:56.838,57.8285,5.016,5.68
2026-07-23T15:59:56.838,57.8285,4.9768,5.6604
2026-07-23T15:59:56.847,57.8434,4.9573,5.68
2026-07-23T15:59:56.863,57.8434,4.9768,5.6604
2026-07-23T15:59:56.879,57.8609,5.016,5.7191
2026-07-23T15:59:56.879,57.8609,5.0356,5.7191
2026-07-23T15:59:56.879,57.8609,4.9768,5.7975
2026-07-23T15:59:56.912,57.8959,5.016,5.7975
2026-07-23T15:59:56.912,57.8959,5.3685,5.7583
2026-07-23T15:59:56.912,57.9075,5.016,5.8171
2026-07-23T15:59:56.926,57.9075,5.2118,5.8171
2026-07-23T15:59:56.947,57.9388,5.1726,5.8171
2026-07-23T15:59:56.947,57.9388,5.251,5.915
2026-07-23T15:59:56.958,57.9388,5.0747,5.8954
2026-07-23T15:59:56.973,57.9706,5.251,5.8954
2026-07-23T15:59:56.978,57.9706,5.2314,5.8758
2026-07-23T15:59:56.990,57.9706,5.251,5.9933
2026-07-23T15:59:57.005,58.0027,5.251,5.9345
2026-07-23T15:59:57.012,58.0027,5.2706,5.9737
2026-07-23T15:59:57.021,58.0112,5.2901,5.9933
2026-07-23T15:59:57.035,58.0186,5.2118,5.915
2026-07-23T15:59:57.038,58.0359,5.2118,5.9737
2026-07-23T15:59:57.053,58.0359,5.3097,5.915
2026-07-23T15:59:57.053,58.0504,5.2118,5.9541
2026-07-23T15:59:57.078,58.0821,5.3685,5.915
2026-07-23T15:59:57.085,58.0846,5.2314,5.9345
2026-07-23T15:59:57.087,58.0876,5.3685,5.9933
2026-07-23T15:59:57.101,58.0942,5.251,6.0324
2026-07-23T15:59:57.101,58.0978,5.388,6.052
2026-07-23T15:59:57.117,58.1143,5.3489,6.0716
2026-07-23T15:59:57.133,58.1143,5.4272,6.2087
2026-07-23T15:59:57.145,58.1276,5.4859,6.1303
2026-07-23T15:59:57.155,58.1462,5.6622,6.2282
2026-07-23T15:59:57.165,58.1462,5.5055,6.3066
2026-07-23T15:59:57.165,58.1612,5.4859,6.3653
2026-07-23T15:59:57.180,58.1612,5.5838,6.3653
2026-07-23T15:59:57.197,58.1945,5.6034,6.3262
2026-07-23T15:59:57.197,58.1945,5.5838,6.4241
2026-07-23T15:59:57.212,58.1945,5.7797,6.3262
2026-07-23T15:59:57.212,58.204,5.5643,6.4045
2026-07-23T15:59:57.239,58.2296,5.7797,6.4241
2026-07-23T15:59:57.245,58.2296,5.6426,6.4632
2026-07-23T15:59:57.255,58.2296,5.7797,6.4241
2026-07-23T15:59:57.261,58.2609,5.7013,6.3653
2026-07-23T15:59:57.261,58.2711,5.8188,6.4828
2026-07-23T15:59:57.280,58.2746,5.858,6.4241
2026-07-23T15:59:57.291,58.2746,5.7992,6.4828
2026-07-23T15:59:57.291,58.2943,5.8188,6.4436
2026-07-23T15:59:57.312,58.3054,5.8384,6.4828
2026-07-23T15:59:57.325,58.3054,5.8384,6.4632
2026-07-23T15:59:57.345,58.3361,5.7992,6.1695
2026-07-23T15:59:57.345,58.3361,5.7013,6.522
2026-07-23T15:59:57.355,58.3361,5.995,6.4828
2026-07-23T15:59:57.356,58.3361,5.7797,6.522
2026-07-23T15:59:57.378,58.368,5.8776,6.4436
2026-07-23T15:59:57.378,58.368,5.7601,6.5024
2026-07-23T15:59:57.387,58.368,5.8971,6.4632
2026-07-23T15:59:57.404,58.4,5.7405,6.4436
2026-07-23T15:59:57.412,58.4,5.9167,6.4632
2026-07-23T15:59:57.419,58.4,5.9363,6.4436
2026-07-23T15:59:57.419,58.4379,5.8971,6.522
2026-07-23T15:59:57.451,58.4379,5.9559,6.4436
2026-07-23T15:59:57.451,58.4499,5.9559,6.522
2026-07-23T15:59:57.451,58.4499,5.8776,6.4828
2026-07-23T15:59:57.467,58.4807,5.858,6.4632
2026-07-23T15:59:57.483,58.4807,5.858,6.4632
2026-07-23T15:59:57.489,58.4859,5.9755,6.4045
2026-07-23T15:59:57.501,58.4884,5.7405,6.4241
2026-07-23T15:59:57.515,58.5114,5.995,6.4436
2026-07-23T15:59:57.515,58.5114,5.7797,6.4632
2026-07-23T15:59:57.537,58.5215,6.0146,6.4241
2026-07-23T15:59:57.539,58.5276,5.7992,6.4241
2026-07-23T15:59:57.546,58.5435,5.995,6.522
2026-07-23T15:59:57.546,58.5435,5.8971,6.522
2026-07-23T15:59:57.572,58.5596,6.0342,6.5415
2026-07-23T15:59:57.578,58.5633,5.995,6.4632
2026-07-23T15:59:57.594,58.5943,5.995,6.522
2026-07-23T15:59:57.594,58.5943,5.9559,6.522
2026-07-23T15:59:57.614,58.5943,5.9363,6.522
2026-07-23T15:59:57.626,58.6278,5.9559,6.5611
2026-07-23T15:59:57.637,58.6278,6.0146,6.522
2026-07-23T15:59:57.643,58.6278,5.8971,6.5611
2026-07-23T15:59:57.645,58.6392,6.1125,6.5415
2026-07-23T15:59:57.658,58.6707,5.9167,6.5024
2026-07-23T15:59:57.674,58.6707,6.1321,6.5415
2026-07-23T15:59:57.679,58.6707,5.9363,6.5807
2026-07-23T15:59:57.697,58.6888,6.1517,6.5807
2026-07-23T15:59:57.706,58.7024,5.9363,6.4828
2026-07-23T15:59:57.713,58.7183,6.0342,6.5415
2026-07-23T15:59:57.721,58.7183,5.9559,6.4241
2026-07-23T15:59:57.721,58.7302,5.9363,6.4045
2026-07-23T15:59:57.740,58.7344,5.9167,6.4045
2026-07-23T15:59:57.753,58.7611,5.9363,6.3849
2026-07-23T15:59:57.753,58.7611,6.0146,6.4045
2026-07-23T15:59:57.769,58.7663,6.2104,6.4045
2026-07-23T15:59:57.785,58.7719,6.1321,6.4436
2026-07-23T15:59:57.785,58.7977,6.1517,6.4828
2026-07-23T15:59:57.801,58.7977,5.9755,6.4241
2026-07-23T15:59:57.812,58.8139,6.1908,6.4241
2026-07-23T15:59:57.823,58.8139,6.0146,6.3849
2026-07-23T15:59:57.833,58.8139,6.1908,6.4436
2026-07-23T15:59:57.849,58.8457,5.995,6.4632
2026-07-23T15:59:57.849,58.8457,6.1321,6.5024
2026-07-23T15:59:57.864,58.855,6.1321,6.4436
2026-07-23T15:59:57.865,58.855,6.1908,6.4632
2026-07-23T15:59:57.880,58.8781,6.2496,6.4632
2026-07-23T15:59:57.896,58.8892,6.2692,6.5024
2026-07-23T15:59:57.906,58.8892,6.2692,6.5611
2026-07-23T15:59:57.913,58.8968,6.3671,6.5611
2026-07-23T15:59:57.929,58.909,6.2692,6.5807
2026-07-23T15:59:57.929,58.925,6.5237,6.522
2026-07-23T15:59:57.940,58.9276,6.3279,6.6199
2026-07-23T15:59:57.960,58.9608,6.5629,6.5611
2026-07-23T15:59:57.960,58.9608,6.4062,6.6786
2026-07-23T15:59:57.976,58.9608,6.5825,6.6982
2026-07-23T15:59:57.978,58.9725,6.465,6.7373
2026-07-23T15:59:57.992,58.9944,6.5825,6.7961
2026-07-23T15:59:57.992,58.9944,6.5825,6.6982
2026-07-23T15:59:58.012,59.0041,6.602,6.7765
2026-07-23T15:59:58.023,59.0041,6.602,6.7765
2026-07-23T15:59:58.040,59.0361,6.6804,6.7961
2026-07-23T15:59:58.045,59.0361,6.6608,6.8353
2026-07-23T15:59:58.055,59.0361,6.7783,6.7961
2026-07-23T15:59:58.055,59.0361,6.6804,6.9919
2026-07-23T15:59:58.078,59.0679,6.9153,6.894
2026-07-23T15:59:58.078,59.0837,6.7979,6.9723
2026-07-23T15:59:58.087,59.0893,7.0916,7.0898
2026-07-23T15:59:58.103,59.0893,6.9545,7.0702
2026-07-23T15:59:58.119,59.1163,7.209,7.1877
2026-07-23T15:59:58.119,59.1163,7.1307,7.2073
2026-07-23T15:59:58.135,59.1279,7.3657,7.266
2026-07-23T15:59:58.140,59.1324,7.2678,7.2269
2026-07-23T15:59:58.167,59.1631,7.3461,7.2464
2026-07-23T15:59:58.167,59.1631,7.4049,7.2464
2026-07-23T15:59:58.167,59.1631,7.3461,7.2269
2026-07-23T15:59:58.183,59.1789,7.4049,7.266
2026-07-23T15:59:58.183,59.1789,7.4244,7.266
2026-07-23T15:59:58.198,59.2044,7.3265,7.3444
2026-07-23T15:59:58.212,59.2063,7.4832,7.3052
2026-07-23T15:59:58.214,59.2136,7.4244,7.3052
2026-07-23T15:59:58.230,59.216,7.6398,7.2464
2026-07-23T15:59:58.245,59.2417,7.4636,7.3835
2026-07-23T15:59:58.255,59.2417,7.6594,7.3639
2026-07-23T15:59:58.267,59.2417,7.4832,7.3639
2026-07-23T15:59:58.267,59.2734,7.6398,7.3639
2026-07-23T15:59:58.281,59.2734,7.6007,7.2856
2026-07-23T15:59:58.292,59.2734,7.6007,7.4031
2026-07-23T15:59:58.292,59.2895,7.6202,7.3639
2026-07-23T15:59:58.312,59.3139,7.6594,7.4031
2026-07-23T15:59:58.324,59.3211,7.5419,7.4618
2026-07-23T15:59:58.324,59.3211,7.6398,7.4618
2026-07-23T15:59:58.345,59.3531,7.6007,7.4423
2026-07-23T15:59:58.356,59.3557,7.7573,7.4423
2026-07-23T15:59:58.372,59.3557,7.5811,7.4423
2026-07-23T15:59:58.372,59.3557,7.914,7.4814
2026-07-23T15:59:58.379,59.3863,7.6007,7.501
2026-07-23T15:59:58.388,59.3899,7.8356,7.5402
2026-07-23T15:59:58.406,59.3899,7.5615,7.5597
2026-07-23T15:59:58.412,59.4003,7.7769,7.5793
2026-07-23T15:59:58.420,59.4178,7.7377,7.4618
2026-07-23T15:59:58.435,59.4277,7.7573,7.4814
2026-07-23T15:59:58.441,59.4323,7.6986,7.5402
2026-07-23T15:59:58.451,59.4613,7.7181,7.4423
2026-07-23T15:59:58.469,59.4643,7.679,7.501
2026-07-23T15:59:58.469,59.4643,7.679,7.4423
2026-07-23T15:59:58.483,59.4643,7.5811,7.5206
2026-07-23T15:59:58.490,59.4965,7.7769,7.3248
2026-07-23T15:59:58.499,59.4965,7.6202,7.4618
2026-07-23T15:59:58.499,59.4965,7.8552,7.4423
2026-07-23T15:59:58.515,59.5133,7.6398,7.5402
2026-07-23T15:59:58.541,59.5279,7.8552,7.4618
2026-07-23T15:59:58.547,59.544,7.6202,7.3835
2026-07-23T15:59:58.547,59.544,7.7573,7.4814
2026-07-23T15:59:58.564,59.544,7.7181,7.4423
2026-07-23T15:59:58.573,59.5757,7.8552,7.4227
2026-07-23T15:59:58.579,59.5757,7.7573,7.4031
2026-07-23T15:59:58.595,59.5757,7.7573,7.4423
2026-07-23T15:59:58.595,59.5894,7.7377,7.5402
2026-07-23T15:59:58.627,59.6075,7.8356,7.4423
2026-07-23T15:59:58.627,59.6075,7.6986,7.5597
2026-07-23T15:59:58.627,59.6236,7.914,7.4227
2026-07-23T15:59:58.642,59.628,7.679,7.5402
2026-07-23T15:59:58.658,59.6552,7.8748,7.4618
2026-07-23T15:59:58.658,59.6552,7.7377,7.4618
2026-07-23T15:59:58.674,59.6613,7.9923,7.5206
2026-07-23T15:59:58.679,59.6613,7.7573,7.4423
2026-07-23T15:59:58.698,59.6944,7.9335,7.5597
2026-07-23T15:59:58.706,59.6944,7.8356,7.4618
2026-07-23T15:59:58.712,59.7045,7.9335,7.501
2026-07-23T15:59:58.722,59.7348,7.9531,7.4814
2026-07-23T15:59:58.741,59.7348,7.9335,7.4814
2026-07-23T15:59:58.745,59.7348,7.8748,7.5206
2026-07-23T15:59:58.755,59.7348,7.9531,7.4618
2026-07-23T15:59:58.755,59.7727,7.9531,7.5206
2026-07-23T15:59:58.782,59.7727,8.0119,7.4814
2026-07-23T15:59:58.786,59.7727,7.7965,7.5206
2026-07-23T15:59:58.786,59.7827,8.0314,7.501
2026-07-23T15:59:58.801,59.8148,7.914,7.501
2026-07-23T15:59:58.817,59.8148,8.0314,7.5597
2026-07-23T15:59:58.823,59.8148,7.8356,7.5402
2026-07-23T15:59:58.833,59.8307,7.9923,7.6185
2026-07-23T15:59:58.841,59.862,7.9923,7.501
2026-07-23T15:59:58.849,59.8641,8.0902,7.6185
2026-07-23T15:59:58.849,59.8651,8.0706,7.5597
2026-07-23T15:59:58.866,59.8651,8.0706,7.5989
2026-07-23T15:59:58.881,59.8651,8.0119,7.6185
2026-07-23T15:59:58.897,59.8979,8.1293,7.5793
2026-07-23T15:59:58.907,59.8979,7.9335,7.6968
2026-07-23T15:59:58.914,59.8979,8.1489,7.5793
2026-07-23T15:59:58.916,59.9097,7.9727,7.6576
2026-07-23T15:59:58.929,59.9408,8.2077,7.5989
2026-07-23T15:59:58.949,59.9408,8.0119,7.6576
2026-07-23T15:59:58.949,59.9408,8.2664,7.6381
2026-07-23T15:59:58.961,59.9408,7.9923,7.7555
2026-07-23T15:59:58.978,59.9814,8.2272,7.6968
2026-07-23T15:59:58.991,59.9905,8.0706,7.6968
2026-07-23T15:59:58.992,59.991,8.2272,7.7947
2026-07-23T15:59:58.992,59.9945,8.2272,7.736
2026-07-23T15:59:59.012,60.0231,8.2664,7.8339
2026-07-23T15:59:59.032,60.0277,8.286,7.873
2026-07-23T15:59:59.032,60.0277,8.286,7.8535
2026-07-23T15:59:59.050,60.0365,8.286,7.9709
2026-07-23T15:59:59.050,60.0524,8.4035,7.9709
2026-07-23T15:59:59.071,60.0683,8.3056,8.0297
2026-07-23T15:59:59.074,60.0683,8.5405,7.9514
2026-07-23T15:59:59.087,60.0683,8.3643,7.9709
2026-07-23T15:59:59.087,60.0999,8.4818,8.0688
2026-07-23T15:59:59.103,60.1065,8.2468,7.9514
2026-07-23T15:59:59.103,60.1065,8.521,8.0101
2026-07-23T15:59:59.119,60.1156,8.3839,7.9905
2026-07-23T15:59:59.135,60.1484,8.5601,8.0493
2026-07-23T15:59:59.142,60.1484,8.4818,7.9709
2026-07-23T15:59:59.151,60.1484,8.521,8.0884
2026-07-23T15:59:59.157,60.1484,8.521,8.0101
2026-07-23T15:59:59.166,60.1611,8.5993,8.0884
2026-07-23T15:59:59.182,60.1911,8.5014,8.0884
2026-07-23T15:59:59.182,60.1911,8.6384,8.0101
2026-07-23T15:59:59.199,60.1943,8.4818,8.0688
2026-07-23T15:59:59.214,60.1943,8.6776,8.0101
2026-07-23T15:59:59.230,60.2326,8.4818,8.0493
2026-07-23T15:59:59.230,60.2326,8.6972,7.9709
2026-07-23T15:59:59.242,60.2326,8.521,7.9318
2026-07-23T15:59:59.245,60.2422,8.6384,8.0297
2026-07-23T15:59:59.261,60.2733,8.4426,7.873
2026-07-23T15:59:59.261,60.2733,8.6384,7.9905
2026-07-23T15:59:59.283,60.2733,8.5797,7.8926
2026-07-23T15:59:59.293,60.2733,8.6189,8.0101
2026-07-23T15:59:59.309,60.3048,8.6384,7.9514
2026-07-23T15:59:59.312,60.3048,8.5797,7.8926
2026-07-23T15:59:59.324,60.3048,8.5601,8.0297
2026-07-23T15:59:59.324,60.3373,8.5797,7.8926
2026-07-23T15:59:59.345,60.3373,8.521,7.9514
2026-07-23T15:59:59.356,60.3373,8.6776,7.873
2026-07-23T15:59:59.366,60.3527,8.5014,7.8926
2026-07-23T15:59:59.376,60.3685,8.7168,7.9318
2026-07-23T15:59:59.388,60.3685,8.4426,7.873
2026-07-23T15:59:59.388,60.3842,8.658,7.9514
2026-07-23T15:59:59.403,60.3886,8.5014,7.8926
2026-07-23T15:59:59.412,60.4003,8.658,7.9122
2026-07-23T15:59:59.419,60.417,8.6189,7.9122
2026-07-23T15:59:59.435,60.417,8.5993,7.9122
2026-07-23T15:59:59.449,60.4485,8.5601,7.8535
2026-07-23T15:59:59.451,60.4485,8.658,7.8339
2026-07-23T15:59:59.451,60.4485,8.6776,7.8926
2026-07-23T15:59:59.468,60.4485,8.6189,7.873
2026-07-23T15:59:59.491,60.4818,8.6189,7.873
2026-07-23T15:59:59.498,60.4818,8.6776,7.9122
2026-07-23T15:59:59.499,60.4818,8.5405,8.0101
2026-07-23T15:59:59.514,60.5111,8.7755,7.9514
2026-07-23T15:59:59.530,60.5111,8.5797,8.0101
2026-07-23T15:59:59.533,60.5111,8.6776,7.9709
2026-07-23T15:59:59.543,60.5267,8.5405,7.9318
2026-07-23T15:59:59.562,60.5433,8.7755,7.9905
2026-07-23T15:59:59.562,60.5587,8.6189,7.9318
2026-07-23T15:59:59.574,60.5587,8.6384,8.0101
2026-07-23T15:59:59.579,60.5904,8.6189,7.8926
2026-07-23T15:59:59.594,60.5929,8.6189,7.8339
2026-07-23T15:59:59.594,60.5945,8.658,7.873
2026-07-23T15:59:59.615,60.5945,8.6384,7.9122
2026-07-23T15:59:59.625,60.628,8.658,7.9709
2026-07-23T15:59:59.625,60.628,8.7168,7.8535
2026-07-23T15:59:59.645,60.628,8.5405,8.0297
2026-07-23T15:59:59.645,60.6393,8.7363,7.9122
2026-07-23T15:59:59.673,60.6696,8.5601,7.9709
2026-07-23T15:59:59.673,60.6696,8.7363,7.9709
2026-07-23T15:59:59.679,60.6696,8.5993,7.9318
2026-07-23T15:59:59.690,60.6696,8.7168,8.0101
2026-07-23T15:59:59.699,60.6943,8.5993,8.0101
2026-07-23T15:59:59.720,60.7012,8.6189,8.1276
2026-07-23T15:59:59.720,60.7012,8.6972,8.0101
2026-07-23T15:59:59.736,60.7306,8.6384,8.0884
2026-07-23T15:59:59.745,60.7332,8.6776,8.108
2026-07-23T15:59:59.752,60.7332,8.7363,8.0884
2026-07-23T15:59:59.768,60.7652,8.7559,8.1667
2026-07-23T15:59:59.768,60.7652,8.7951,8.0884
2026-07-23T15:59:59.784,60.7741,8.6384,8.2646
2026-07-23T15:59:59.784,60.7741,8.8538,8.1472
2026-07-23T15:59:59.800,60.7972,8.6189,8.2255
2026-07-23T15:59:59.812,60.7972,8.893,8.1863
2026-07-23T15:59:59.816,60.7972,8.6776,8.1863
2026-07-23T15:59:59.832,60.8289,8.7951,8.2451
2026-07-23T15:59:59.848,60.8289,8.6776,8.1863
2026-07-23T15:59:59.848,60.8448,8.8538,8.2646
2026-07-23T15:59:59.866,60.8448,8.7951,8.1667
2026-07-23T15:59:59.879,60.8766,8.8147,8.2059
2026-07-23T15:59:59.880,60.8766,8.7951,8.1472
2026-07-23T15:59:59.896,60.8766,8.7755,8.0688
2026-07-23T15:59:59.896,60.8925,8.7363,8.1667
2026-07-23T15:59:59.912,60.911,8.7951,8.1472
2026-07-23T15:59:59.927,60.911,8.6776,8.1863
2026-07-23T15:59:59.927,60.9246,8.9126,8.1863
2026-07-23T15:59:59.945,60.9246,8.6189,8.1863
2026-07-23T15:59:59.950,60.9421,8.8538,8.1276
2026-07-23T15:59:59.962,60.9562,8.6776,8.0688
2026-07-23T15:59:59.962,60.9562,8.8734,8.1472
2026-07-23T15:59:59.979,60.9918,8.7559,8.1472
2026-07-23T15:59:59.993,60.9948,8.893,8.1863
2026-07-23T15:59:59.993,60.9948,8.7755,8.1667
2026-07-23T16:00:00.017,61.0039,8.8538,8.2059
2026-07-23T16:00:00.033,61.0277,8.9713,8.1667
2026-07-23T16:00:00.039,61.0277,8.8343,8.2255
2026-07-23T16:00:00.046,61.0354,8.8734,8.2255
2026-07-23T16:00:00.055,61.0354,8.9322,8.2842
2026-07-23T16:00:00.055,61.067,8.9126,8.2255
2026-07-23T16:00:00.079,61.067,8.9517,8.2059
2026-07-23T16:00:00.079,61.067,8.8343,8.2255
2026-07-23T16:00:00.086,61.067,9.0692,8.1863
2026-07-23T16:00:00.102,61.1078,8.7363,8.2255
2026-07-23T16:00:00.117,61.1078,9.0496,8.2646
2026-07-23T16:00:00.118,61.1156,8.8343,8.2842
2026-07-23T16:00:00.134,61.1305,9.0692,8.2451
2026-07-23T16:00:00.150,61.1492,8.9322,8.2255
2026-07-23T16:00:00.150,61.1492,8.9713,8.3234
2026-07-23T16:00:00.166,61.1492,9.0496,8.2255
2026-07-23T16:00:00.179,61.1908,9.0301,8.3038
2026-07-23T16:00:00.181,61.1933,8.9517,8.3038
2026-07-23T16:00:00.200,61.1949,9.0301,8.3038
2026-07-23T16:00:00.200,61.1979,9.0496,8.4213
2026-07-23T16:00:00.213,61.228,9.1084,8.343
2026-07-23T16:00:00.230,61.2297,9.0496,8.4017
2026-07-23T16:00:00.240,61.2328,9.2063,8.343
2026-07-23T16:00:00.246,61.2328,9.0888,8.4409
2026-07-23T16:00:00.260,61.2649,9.265,8.4409
2026-07-23T16:00:00.275,61.2649,9.1475,8.2451
2026-07-23T16:00:00.275,61.2649,9.3434,8.48
2026-07-23T16:00:00.284,61.2746,9.2063,8.4605
2026-07-23T16:00:00.284,61.2964,9.3042,8.5388
2026-07-23T16:00:00.312,61.2964,9.265,8.4996
2026-07-23T16:00:00.316,61.2964,9.3238,8.48
2026-07-23T16:00:00.325,61.3124,9.3434,8.48
2026-07-23T16:00:00.331,61.3353,9.3825,8.5192
2026-07-23T16:00:00.346,61.3446,9.4608,8.6367
2026-07-23T16:00:00.347,61.3446,9.5196,8.5975
2026-07-23T16:00:00.363,61.3577,9.5,8.715
2026-07-23T16:00:00.379,61.3859,9.735,8.715
2026-07-23T16:00:00.386,61.392,9.6958,8.8521
2026-07-23T16:00:00.395,61.3957,9.8329,8.7933
2026-07-23T16:00:00.395,61.3982,9.735,8.8325
2026-07-23T16:00:00.412,61.4238,9.8525,8.8912
2026-07-23T16:00:00.434,61.4279,9.8133,8.8129
2026-07-23T16:00:00.437,61.4279,9.9308,8.7346
2026-07-23T16:00:00.449,61.4403,9.7937,8.8912
2026-07-23T16:00:00.451,61.4413,9.9308,8.9696
2026-07-23T16:00:00.459,61.4715,9.9699,9.0675
2026-07-23T16:00:00.459,61.473,10.0874,9.0675
2026-07-23T16:00:00.479,61.473,10.0874,9.0479
2026-07-23T16:00:00.492,61.4828,10.0483,9.0675
2026-07-23T16:00:00.506,61.5031,10.0483,9.0087
2026-07-23T16:00:00.512,61.5031,10.107,8.9891
2026-07-23T16:00:00.524,61.519,10.0874,9.0283
2026-07-23T16:00:00.538,61.5246,10.2832,9.0675
2026-07-23T16:00:00.554,61.5508,10.1266,9.0675
2026-07-23T16:00:00.554,61.5508,10.2636,9.1262
2026-07-23T16:00:00.554,61.5508,10.107,9.0479
2026-07-23T16:00:00.575,61.5678,10.1853,9.087
2026-07-23T16:00:00.586,61.592,10.1462,9.0283
2026-07-23T16:00:00.594,61.5966,10.2049,9.087
2026-07-23T16:00:00.602,61.5984,10.3028,9.0087
2026-07-23T16:00:00.602,61.5984,10.2441,9.0675
2026-07-23T16:00:00.619,61.6299,10.2441,9.087
2026-07-23T16:00:00.633,61.6299,10.2245,9.1066
2026-07-23T16:00:00.649,61.646,10.2049,9.087
2026-07-23T16:00:00.649,61.646,10.2441,8.9696
2026-07-23T16:00:00.665,61.6612,10.107,9.0087
2026-07-23T16:00:00.681,61.6769,10.2245,8.9891
2026-07-23T16:00:00.681,61.6769,10.0678,9.0087
2026-07-23T16:00:00.697,61.6769,10.2441,8.9696
2026-07-23T16:00:00.700,61.6769,10.107,8.9304
2026-07-23T16:00:00.712,61.7079,10.3028,9.0675
2026-07-23T16:00:00.728,61.7079,10.2245,8.9304
2026-07-23T16:00:00.728,61.7079,10.2441,8.9696
2026-07-23T16:00:00.748,61.7399,10.2636,8.9304
2026-07-23T16:00:00.759,61.7399,10.1462,8.9891
2026-07-23T16:00:00.759,61.7556,10.1657,8.8912
2026-07-23T16:00:00.775,61.7556,10.1462,8.9696
2026-07-23T16:00:00.791,61.7749,10.1657,8.9304
2026-07-23T16:00:00.791,61.7749,10.2049,8.8717
2026-07-23T16:00:00.806,61.7872,10.0678,8.9108
2026-07-23T16:00:00.812,61.7949,10.2049,8.8325
2026-07-23T16:00:00.826,61.817,10.0874,8.9108
2026-07-23T16:00:00.826,61.8191,10.1853,8.9108
2026-07-23T16:00:00.846,61.8191,10.0678,8.7542
2026-07-23T16:00:00.854,61.8509,10.2245,8.8325
2026-07-23T16:00:00.868,61.8509,10.0874,8.8129
2026-07-23T16:00:00.870,61.8611,10.1657,8.8325
2026-07-23T16:00:00.886,61.8824,10.1853,8.7542
2026-07-23T16:00:00.902,61.8824,10.0874,8.7933
2026-07-23T16:00:00.902,61.8824,10.1657,8.7933
2026-07-23T16:00:00.917,61.914,10.1266,8.7542
2026-07-23T16:00:00.917,61.914,10.1657,8.8521
2026-07-23T16:00:00.933,61.914,10.1853,8.7737
2026-07-23T16:00:00.943,61.9278,10.1266,8.8521
2026-07-23T16:00:00.951,61.9455,10.2049,8.7933
2026-07-23T16:00:00.965,61.9455,10.1657,8.8325
2026-07-23T16:00:00.979,61.9455,10.2636,8.8717
2026-07-23T16:00:00.981,61.9834,10.1462,8.8129
2026-07-23T16:00:00.996,61.9834,10.2441,8.8129
2026-07-23T16:00:00.996,61.9834,10.1853,8.7933
2026-07-23T16:00:01.012,61.9926,10.2245,8.8129
2026-07-23T16:00:01.028,62.0084,10.1657,8.8129
2026-07-23T16:00:01.034,62.0243,10.1853,8.8521
2026-07-23T16:00:01.045,62.0401,10.2049,8.715
2026-07-23T16:00:01.059,62.0559,10.1853,8.7933
2026-07-23T16:00:01.059,62.0559,10.1853,8.8717
2026-07-23T16:00:01.076,62.0614,10.1266,8.8325
2026-07-23T16:00:01.079,62.088,10.2636,8.8521
2026-07-23T16:00:01.091,62.0946,10.3028,8.8325
2026-07-23T16:00:01.107,62.0984,10.1462,8.8521
2026-07-23T16:00:01.112,62.0984,10.3224,8.7346
2026-07-23T16:00:01.123,62.1282,10.1657,8.7737
2026-07-23T16:00:01.145,62.1282,10.3616,8.8325
2026-07-23T16:00:01.149,62.1371,10.2441,8.8129
2026-07-23T16:00:01.155,62.1371,10.342,8.9108
2026-07-23T16:00:01.171,62.1679,10.3224,8.8129
2026-07-23T16:00:01.171,62.1679,10.342,8.8717
2026-07-23T16:00:01.187,62.1679,10.4007,8.8325
2026-07-23T16:00:01.188,62.1679,10.3224,8.8521
2026-07-23T16:00:01.203,62.2072,10.3224,8.8325
2026-07-23T16:00:01.212,62.2104,10.2636,8.8521
2026-07-23T16:00:01.219,62.2152,10.4007,8.9891
2026-07-23T16:00:01.234,62.2338,10.3811,8.9108
2026-07-23T16:00:01.251,62.247,10.4595,9.0087
2026-07-23T16:00:01.259,62.247,10.5965,9.0675
2026-07-23T16:00:01.268,62.247,10.479,9.0283
2026-07-23T16:00:01.268,62.2788,10.5574,9.0479
2026-07-23T16:00:01.285,62.2788,10.3811,9.0675
2026-07-23T16:00:01.298,62.2788,10.5769,9.1262
2026-07-23T16:00:01.298,62.2947,10.4986,9.0087
2026-07-23T16:00:01.314,62.3174,10.5378,9.087
2026-07-23T16:00:01.330,62.3268,10.6161,9.0675
2026-07-23T16:00:01.330,62.3278,10.5769,9.0675
2026-07-23T16:00:01.345,62.3278,10.5965,9.0479
2026-07-23T16:00:01.350,62.3589,10.5378,9.0283
2026-07-23T16:00:01.368,62.3615,10.6161,9.1262
2026-07-23T16:00:01.378,62.3615,10.5182,9.087
2026-07-23T16:00:01.379,62.3615,10.5182,9.1262
2026-07-23T16:00:01.393,62.393,10.6161,9.0479
2026-07-23T16:00:01.393,62.3945,10.6357,9.087
2026-07-23T16:00:01.412,62.4006,10.6357,9.1458
2026-07-23T16:00:01.426,62.4279,10.6161,9.0675
2026-07-23T16:00:01.426,62.43,10.6748,9.1849
2026-07-23T16:00:01.444,62.43,10.6748,9.087
2026-07-23T16:00:01.451,62.4378,10.6357,9.1458
2026-07-23T16:00:01.474,62.4613,10.6553,9.0675
2026-07-23T16:00:01.476,62.4714,10.7336,9.1262
2026-07-23T16:00:01.489,62.4714,10.7727,9.1066
2026-07-23T16:00:01.504,62.5028,10.7336,9.1458
2026-07-23T16:00:01.504,62.5028,10.7727,9.2241
2026-07-23T16:00:01.512,62.5028,10.6944,9.1654
2026-07-23T16:00:01.522,62.5028,10.7336,9.2828
2026-07-23T16:00:01.536,62.5329,10.7923,9.1262
2026-07-23T16:00:01.550,62.5329,10.7727,9.1849
2026-07-23T16:00:01.554,62.5329,10.8707,9.1654
2026-07-23T16:00:01.568,62.5485,10.7923,9.1458
2026-07-23T16:00:01.577,62.5803,10.8902,9.1654
2026-07-23T16:00:01.584,62.5803,10.8119,9.1262
2026-07-23T16:00:01.584,62.5803,10.8707,9.1654
2026-07-23T16:00:01.599,62.5964,10.8707,9.0675
2026-07-23T16:00:01.618,62.6122,10.7532,9.1849
2026-07-23T16:00:01.618,62.6122,10.8902,9.087
2026-07-23T16:00:01.631,62.6278,10.7727,9.1849
2026-07-23T16:00:01.646,62.6278,10.9294,9.1458
2026-07-23T16:00:01.663,62.6613,10.7923,9.1262
2026-07-23T16:00:01.663,62.6613,10.8511,9.1458
2026-07-23T16:00:01.663,62.6613,10.8902,9.1458
2026-07-23T16:00:01.679,62.6758,10.7727,9.2241
2026-07-23T16:00:01.702,62.7073,10.949,9.1654
2026-07-23T16:00:01.711,62.7073,10.8707,9.2437
2026-07-23T16:00:01.712,62.7073,10.8902,9.2241
2026-07-23T16:00:01.727,62.7073,10.8707,9.2241
2026-07-23T16:00:01.727,62.7461,10.9294,9.2437
2026-07-23T16:00:01.751,62.7461,11.0077,9.1849
2026-07-23T16:00:01.751,62.755,10.8902,9.2437
2026-07-23T16:00:01.758,62.7616,11.0273,9.2045
2026-07-23T16:00:01.774,62.787,10.9881,9.2633
2026-07-23T16:00:01.795,62.7946,11.1644,9.2437
2026-07-23T16:00:01.797,62.7946,11.0273,9.2241
2026-07-23T16:00:01.806,62.8005,11.1644,9.322
2026-07-23T16:00:01.812,62.8031,10.9881,9.3416
2026-07-23T16:00:01.827,62.8279,11.1056,9.3808
2026-07-23T16:00:01.838,62.8349,11.1056,9.3612
2026-07-23T16:00:01.851,62.8349,11.1056,9.4395
2026-07-23T16:00:01.854,62.8349,11.1252,9.4395
2026-07-23T16:00:01.870,62.8668,11.1252,9.4395
2026-07-23T16:00:01.870,62.8668,11.1252,9.4395
2026-07-23T16:00:01.886,62.8668,11.086,9.3416
2026-07-23T16:00:01.886,62.8828,11.1056,9.4591
2026-07-23T16:00:01.912,62.9145,11.1448,9.4591
2026-07-23T16:00:01.918,62.9145,11.2035,9.4787
2026-07-23T16:00:01.918,62.9145,11.2623,9.5178
2026-07-23T16:00:01.934,62.928,11.1448,9.4787
2026-07-23T16:00:01.952,62.9463,11.3798,9.4787
2026-07-23T16:00:01.952,62.9463,11.2231,9.4591
2026-07-23T16:00:01.965,62.9614,11.3993,9.4982
2026-07-23T16:00:01.979,62.964,11.3798,9.5178
2026-07-23T16:00:01.997,62.995,11.3798,9.557
2026-07-23T16:00:01.997,62.995,11.4385,9.5961
2026-07-23T16:00:01.997,63.0011,11.4385,9.5961
2026-07-23T16:00:02.015,63.0011,11.5168,9.6157
2026-07-23T16:00:02.029,63.028,11.5168,9.6353
2026-07-23T16:00:02.035,63.028,11.6539,9.7528
2026-07-23T16:00:02.046,63.0421,11.6343,9.694
2026-07-23T16:00:02.052,63.0421,11.7322,9.8311
2026-07-23T16:00:02.061,63.0735,11.8105,9.8507
2026-07-23T16:00:02.079,63.0735,11.7714,9.9486
2026-07-23T16:00:02.079,63.0735,11.9084,9.8899
2026-07-23T16:00:02.093,63.0893,11.7909,9.929
2026-07-23T16:00:02.109,63.1202,11.9868,9.9486
2026-07-23T16:00:02.112,63.1202,11.7714,9.929
2026-07-23T16:00:02.124,63.1283,11.8497,10.0073
2026-07-23T16:00:02.124,63.1283,11.8497,9.9094
2026-07-23T16:00:02.144,63.1359,11.7909,10.0465
2026-07-23T16:00:02.160,63.1683,11.8497,10.0269
2026-07-23T16:00:02.160,63.1683,11.8497,9.9878
2026-07-23T16:00:02.171,63.1683,11.8497,10.0269
2026-07-23T16:00:02.179,63.1683,11.7126,9.9486
2026-07-23T16:00:02.187,63.2017,11.7518,9.9878
2026-07-23T16:00:02.212,63.2152,11.7518,9.929
2026-07-23T16:00:02.212,63.2152,11.693,9.929
2026-07-23T16:00:02.219,63.2278,11.8497,9.8899
2026-07-23T16:00:02.234,63.2319,11.693,9.9094
2026-07-23T16:00:02.246,63.2633,11.8105,9.929
2026-07-23T16:00:02.253,63.2633,11.6539,9.7919
2026-07-23T16:00:02.266,63.2633,11.7322,9.9094
2026-07-23T16:00:02.279,63.2633,11.7126,9.7528
2026-07-23T16:00:02.283,63.2789,11.693,9.7919
2026-07-23T16:00:02.299,63.3111,11.693,9.7136
2026-07-23T16:00:02.299,63.3111,11.6735,9.6745
2026-07-23T16:00:02.314,63.3182,11.5756,9.7136
2026-07-23T16:00:02.314,63.3182,11.556,9.7136
2026-07-23T16:00:02.330,63.3428,11.5756,9.7724
2026-07-23T16:00:02.353,63.36,11.5364,9.7919
2026-07-23T16:00:02.362,63.3616,11.4777,9.7528
2026-07-23T16:00:02.369,63.3616,11.5756,9.694
2026-07-23T16:00:02.378,63.3616,11.556,9.7136
2026-07-23T16:00:02.379,63.4024,11.693,9.6353
2026-07-23T16:00:02.394,63.4075,11.5364,9.694
2026-07-23T16:00:02.394,63.4075,11.6343,9.694
2026-07-23T16:00:02.412,63.4075,11.4581,9.6353
2026-07-23T16:00:02.425,63.4435,11.5168,9.5766
2026-07-23T16:00:02.446,63.4546,11.5756,9.557
2026-07-23T16:00:02.446,63.4546,11.5168,9.7136
2026-07-23T16:00:02.458,63.4616,11.5364,9.6353
2026-07-23T16:00:02.458,63.4616,11.5168,9.6549
2026-07-23T16:00:02.479,63.4948,11.5168,9.6353
2026-07-23T16:00:02.494,63.5034,11.4972,9.557
2026-07-23T16:00:02.494,63.5034,11.4189,9.5961
2026-07-23T16:00:02.505,63.5034,11.5364,9.4787
2026-07-23T16:00:02.512,63.519,11.3993,9.5961
2026-07-23T16:00:02.521,63.5507,11.5168,9.5178
2026-07-23T16:00:02.538,63.5612,11.3406,9.5178
2026-07-23T16:00:02.546,63.5684,11.5168,9.6353
2026-07-23T16:00:02.554,63.5684,11.3406,9.4787
2026-07-23T16:00:02.570,63.5684,11.4777,9.5374
2026-07-23T16:00:02.570,63.583,11.3993,9.5374
2026-07-23T16:00:02.586,63.6142,11.4777,9.6549
2026-07-23T16:00:02.601,63.6162,11.4777,9.557
2026-07-23T16:00:02.601,63.6162,11.4581,9.6157
2026-07-23T16:00:02.619,63.63,11.4581,9.6353
2026-07-23T16:00:02.619,63.63,11.5168,9.557
2026-07-23T16:00:02.634,63.6628,11.5364,9.6745
2026-07-23T16:00:02.649,63.6628,11.556,9.5961
2026-07-23T16:00:02.654,63.6628,11.4385,9.7332
2026-07-23T16:00:02.667,63.6791,11.6147,9.6745
2026-07-23T16:00:02.681,63.6853,11.4777,9.6745
2026-07-23T16:00:02.681,63.6853,11.8105,9.6353
2026-07-23T16:00:02.697,63.7095,11.4972,9.6353
2026-07-23T16:00:02.714,63.7095,11.6343,9.7136
2026-07-23T16:00:02.714,63.7095,11.5756,9.6549
2026-07-23T16:00:02.728,63.7252,11.6343,9.694
2026-07-23T16:00:02.735,63.7284,11.6735,9.6549
2026-07-23T16:00:02.754,63.7613,11.6539,9.7332
2026-07-23T16:00:02.754,63.7613,11.7322,9.7724
2026-07-23T16:00:02.760,63.7613,11.7909,9.6745
2026-07-23T16:00:02.779,63.7769,11.8105,9.7528
2026-07-23T16:00:02.792,63.8085,11.8105,9.7528
2026-07-23T16:00:02.792,63.8085,11.6539,9.8115
2026-07-23T16:00:02.807,63.8085,11.8693,9.7919
2026-07-23T16:00:02.812,63.8199,11.693,9.8703
2026-07-23T16:00:02.823,63.8199,11.9084,9.8899
2026-07-23T16:00:02.839,63.8507,11.8105,9.7724
2026-07-23T16:00:02.846,63.8507,12.0455,9.9094
2026-07-23T16:00:02.855,63.8507,11.928,9.8311
2026-07-23T16:00:02.871,63.8614,11.9868,9.9486
2026-07-23T16:00:02.871,63.8671,11.9476,9.9094
2026-07-23T16:00:02.886,63.9024,11.9476,9.9682
2026-07-23T16:00:02.886,63.9045,11.9868,9.8703
2026-07-23T16:00:02.901,63.9045,12.0259,9.929
2026-07-23T16:00:02.912,63.9045,11.9084,9.8899
2026-07-23T16:00:02.933,63.9457,11.9084,9.8703
2026-07-23T16:00:02.946,63.9457,11.9084,9.929
2026-07-23T16:00:02.946,63.9457,11.9672,9.8899
2026-07-23T16:00:02.955,63.9457,11.8889,9.9094
2026-07-23T16:00:02.965,63.9612,12.0259,9.8311
2026-07-23T16:00:02.965,63.9856,11.8497,9.8703
2026-07-23T16:00:02.981,63.9947,12.0847,9.8899
2026-07-23T16:00:02.996,63.9947,11.928,9.8703
2026-07-23T16:00:02.996,63.9947,12.1238,9.9486
2026-07-23T16:00:03.012,64.0405,11.9672,9.9094
2026-07-23T16:00:03.028,64.0405,12.1042,9.8311
2026-07-23T16:00:03.036,64.0405,11.9868,9.8115
2026-07-23T16:00:03.045,64.0561,12.0259,9.8899
2026-07-23T16:00:03.056,64.0615,12.1238,9.8311
2026-07-23T16:00:03.078,64.0949,12.1238,9.8703
2026-07-23T16:00:03.079,64.105,12.0847,9.8899
2026-07-23T16:00:03.091,64.105,12.1238,9.9094
2026-07-23T16:00:03.091,64.1111,11.9868,9.8703
2026-07-23T16:00:03.107,64.1111,12.2217,9.8311
2026-07-23T16:00:03.112,64.1196,11.9868,9.7919
2026-07-23T16:00:03.139,64.1526,12.1826,9.8115
2026-07-23T16:00:03.145,64.1617,11.9084,9.7528
2026-07-23T16:00:03.146,64.1617,12.163,9.8507
2026-07-23T16:00:03.156,64.1667,11.9672,9.8507
2026-07-23T16:00:03.162,64.1667,12.163,9.8115
2026-07-23T16:00:03.170,64.2057,12.1434,9.8311
2026-07-23T16:00:03.186,64.2057,12.1238,9.8311
2026-07-23T16:00:03.186,64.2057,12.163,9.7919
2026-07-23T16:00:03.213,64.2147,12.0651,9.8115
2026-07-23T16:00:03.218,64.2147,12.1042,9.8703
2026-07-23T16:00:03.218,64.228,12.1434,9.7919
2026-07-23T16:00:03.234,64.2634,12.0847,9.7919
2026-07-23T16:00:03.250,64.2634,12.2021,9.8311
2026-07-23T16:00:03.256,64.2779,12.0063,9.8115
2026-07-23T16:00:03.266,64.2795,12.2609,9.8507
2026-07-23T16:00:03.279,64.2795,12.0651,9.8115
2026-07-23T16:00:03.287,64.3193,12.3,9.8899
2026-07-23T16:00:03.298,64.3279,12.1042,9.8507
2026-07-23T16:00:03.298,64.3279,12.3,9.9486
2026-07-23T16:00:03.314,64.3279,12.163,9.8115
2026-07-23T16:00:03.329,64.3279,12.3196,9.929
2026-07-23T16:00:03.330,64.3429,12.2609,9.8507
2026-07-23T16:00:03.345,64.3748,12.3392,9.9094
2026-07-23T16:00:03.362,64.3847,12.2805,9.8899
2026-07-23T16:00:03.362,64.3847,12.2805,9.9094
2026-07-23T16:00:03.379,64.3908,12.2609,9.9486
2026-07-23T16:00:03.379,64.3949,12.3588,9.929
2026-07-23T16:00:03.394,64.3949,12.2805,10.0073
2026-07-23T16:00:03.410,64.4389,12.4567,9.9682
2026-07-23T16:00:03.412,64.4389,12.4567,10.0465
2026-07-23T16:00:03.426,64.4445,12.535,10.0269
2026-07-23T16:00:03.442,64.4445,12.4175,10.0465
2026-07-23T16:00:03.456,64.4545,12.535,10.0857
2026-07-23T16:00:03.456,64.4613,12.3588,10.0465
2026-07-23T16:00:03.474,64.495,12.5742,10.0661
2026-07-23T16:00:03.474,64.495,12.4567,10.1444
2026-07-23T16:00:03.490,64.5015,12.4959,10.1052
2026-07-23T16:00:03.495,64.506,12.5154,10.1444
2026-07-23T16:00:03.505,64.506,12.535,10.2227
2026-07-23T16:00:03.512,64.5339,12.5938,10.2031
2026-07-23T16:00:03.521,64.5339,12.5938,10.2031
2026-07-23T16:00:03.537,64.5493,12.5154,10.2227
2026-07-23T16:00:03.546,64.5493,12.7112,10.164
2026-07-23T16:00:03.557,64.5614,12.535,10.2227
2026-07-23T16:00:03.557,64.5614,12.8091,10.2227
2026-07-23T16:00:03.585,64.5967,12.4959,10.2619
2026-07-23T16:00:03.585,64.5967,12.7112,10.3402
2026-07-23T16:00:03.600,64.6064,12.5546,10.2227
2026-07-23T16:00:03.612,64.6133,12.7504,10.2815
2026-07-23T16:00:03.616,64.6133,12.7112,10.2815
2026-07-23T16:00:03.620,64.6451,12.7308,10.3206
2026-07-23T16:00:03.632,64.6531,12.7112,10.2815
2026-07-23T16:00:03.648,64.6531,12.77,10.3402
2026-07-23T16:00:03.648,64.6617,12.77,10.399
2026-07-23T16:00:03.664,64.6617,12.77,10.3794
2026-07-23T16:00:03.679,64.695,12.77,10.399
2026-07-23T16:00:03.696,64.695,12.8287,10.399
2026-07-23T16:00:03.696,64.7046,12.6329,10.4381
2026-07-23T16:00:03.704,64.7083,12.8091,10.4381
2026-07-23T16:00:03.713,64.7233,12.6721,10.4773
2026-07-23T16:00:03.713,64.739,12.8287,10.399
2026-07-23T16:00:03.746,64.7547,12.6721,10.3794
2026-07-23T16:00:03.746,64.7547,12.907,10.4185
2026-07-23T16:00:03.759,64.7613,12.8287,10.399
2026-07-23T16:00:03.759,64.7708,12.9266,10.4185
2026-07-23T16:00:03.774,64.8053,12.7308,10.399
2026-07-23T16:00:03.790,64.8068,12.7504,10.399
2026-07-23T16:00:03.790,64.8068,12.6721,10.3402
2026-07-23T16:00:03.806,64.8199,12.6721,10.399
2026-07-23T16:00:03.812,64.8199,12.5938,10.3794
2026-07-23T16:00:03.822,64.8618,12.6525,10.301
2026-07-23T16:00:03.846,64.8659,12.5742,10.3598
2026-07-23T16:00:03.856,64.8659,12.6133,10.3794
2026-07-23T16:00:03.856,64.8659,12.5546,10.4577
2026-07-23T16:00:03.871,64.8659,12.77,10.4773
2026-07-23T16:00:03.879,64.8815,12.535,10.4185
2026-07-23T16:00:03.885,64.9133,12.77,10.4185
2026-07-23T16:00:03.901,64.9133,12.5154,10.4381
2026-07-23T16:00:03.901,64.9133,12.8287,10.4773
2026-07-23T16:00:03.917,64.9133,12.6133,10.4185
2026-07-23T16:00:03.917,64.9295,12.7504,10.536
2026-07-23T16:00:03.932,64.9295,12.77,10.4381
2026-07-23T16:00:03.958,64.9613,12.8679,10.4577
2026-07-23T16:00:03.958,64.9613,12.8483,10.4185
2026-07-23T16:00:03.964,64.9613,12.8091,10.3794
2026-07-23T16:00:03.980,64.9768,12.7308,10.4185
2026-07-23T16:00:03.980,64.9768,12.7112,10.4185
2026-07-23T16:00:03.996,65.0096,12.6917,10.4381
2026-07-23T16:00:04.012,65.0096,12.7896,10.4381
2026-07-23T16:00:04.012,65.0096,12.6133,10.4577
2026-07-23T16:00:04.028,65.0246,12.7896,10.4773
2026-07-23T16:00:04.028,65.0287,12.5938,10.4577
2026-07-23T16:00:04.046,65.0701,12.8091,10.4381
2026-07-23T16:00:04.046,65.0728,12.5742,10.4773
2026-07-23T16:00:04.060,65.0728,12.77,10.5556
2026-07-23T16:00:04.079,65.0728,12.7112,10.4773
2026-07-23T16:00:04.079,65.1193,12.77,10.536
2026-07-23T16:00:04.109,65.1283,12.77,10.4577
2026-07-23T16:00:04.109,65.1283,12.8483,10.4773
2026-07-23T16:00:04.114,65.1283,12.8875,10.4773
2026-07-23T16:00:04.124,65.1359,12.8679,10.5752
2026-07-23T16:00:04.124,65.1359,12.8679,10.4381
2026-07-23T16:00:04.159,65.1674,12.9854,10.4577
2026-07-23T16:00:04.163,65.1831,12.8091,10.5164
2026-07-23T16:00:04.170,65.1831,13.0245,10.4577
2026-07-23T16:00:04.179,65.1831,12.77,10.5556
2026-07-23T16:00:04.187,65.1831,13.0245,10.4969
2026-07-23T16:00:04.187,65.1988,12.77,10.4577
2026-07-23T16:00:04.218,65.2371,13.005,10.4969
2026-07-23T16:00:04.218,65.2371,12.8679,10.4381
2026-07-23T16:00:04.218,65.2371,13.0637,10.4969
2026-07-23T16:00:04.234,65.2461,13.0441,10.536
2026-07-23T16:00:04.250,65.2461,13.0833,10.5556
2026-07-23T16:00:04.265,65.279,13.0833,10.536
2026-07-23T16:00:04.269,65.279,13.1224,10.4969
2026-07-23T16:00:04.281,65.279,13.0637,10.6339
2026-07-23T16:00:04.288,65.2952,13.0637,10.5556
2026-07-23T16:00:04.297,65.2957,12.9854,10.536
2026-07-23T16:00:04.297,65.3283,13.2203,10.4969
2026-07-23T16:00:04.313,65.3283,12.9854,10.4969
2026-07-23T16:00:04.330,65.3418,13.1029,10.536
2026-07-23T16:00:04.330,65.3418,12.9462,10.4185
2026-07-23T16:00:04.346,65.3418,13.1812,10.4969
2026-07-23T16:00:04.346,65.3418,13.005,10.4773
2026-07-23T16:00:04.371,65.3898,13.2791,10.5556
2026-07-23T16:00:04.379,65.3949,13.1029,10.5556
2026-07-23T16:00:04.379,65.3959,13.2203,10.6339
2026-07-23T16:00:04.393,65.3959,13.2203,10.6535
2026-07-23T16:00:04.393,65.4093,13.2008,10.5556
2026-07-23T16:00:04.424,65.4457,13.1812,10.5752
2026-07-23T16:00:04.424,65.4457,13.2987,10.5752
2026-07-23T16:00:04.441,65.4535,13.2399,10.6731
2026-07-23T16:00:04.447,65.4535,13.3378,10.6535
2026-07-23T16:00:04.460,65.4618,13.1616,10.7122
2026-07-23T16:00:04.488,65.4958,13.3378,10.7318
2026-07-23T16:00:04.488,65.4958,13.1616,10.6731
2026-07-23T16:00:04.488,65.5016,13.377,10.6731
2026-07-23T16:00:04.496,65.5016,13.2595,10.5948
2026-07-23T16:00:04.513,65.5097,13.4553,10.6731
2026-07-23T16:00:04.513,65.5173,13.2399,10.6143
2026-07-23T16:00:04.538,65.5489,13.377,10.6731
2026-07-23T16:00:04.538,65.5489,13.3378,10.6143
2026-07-23T16:00:04.547,65.5618,13.2987,10.771
2026-07-23T16:00:04.568,65.5706,13.2987,10.7318
2026-07-23T16:00:04.568,65.5706,13.3182,10.6339
2026-07-23T16:00:04.580,65.5983,13.3574,10.7318
2026-07-23T16:00:04.584,65.5983,13.3966,10.6535
2026-07-23T16:00:04.584,65.5983,13.377,10.771
2026-07-23T16:00:04.600,65.6123,13.4945,10.7318
2026-07-23T16:00:04.621,65.6123,13.4553,10.7906
2026-07-23T16:00:04.621,65.6123,13.5728,10.7318
2026-07-23T16:00:04.648,65.6541,13.4553,10.6535
2026-07-23T16:00:04.648,65.6541,13.5728,10.6927
2026-07-23T16:00:04.649,65.6616,13.2791,10.6535
2026-07-23T16:00:04.663,65.6616,13.3182,10.6731
2026-07-23T16:00:04.663,65.6959,13.0245,10.4577
2026-07-23T16:00:04.695,65.6959,13.0441,10.4381
2026-07-23T16:00:04.697,65.6959,12.77,10.301
2026-07-23T16:00:04.711,65.7079,12.8679,10.301
2026-07-23T16:00:04.712,65.7122,12.7308,10.3402
2026-07-23T16:00:04.728,65.7393,12.6917,10.301
2026-07-23T16:00:04.743,65.7393,12.77,10.399
2026-07-23T16:00:04.747,65.7393,12.77,10.301
2026-07-23T16:00:04.759,65.7393,12.7896,10.399
2026-07-23T16:00:04.763,65.7555,12.9658,10.3794
2026-07-23T16:00:04.779,65.7875,12.9658,10.4773
2026-07-23T16:00:04.790,65.7875,13.0637,10.4185
2026-07-23T16:00:04.790,65.7961,12.907,10.4381
2026-07-23T16:00:04.806,65.7961,13.1224,10.4969
2026-07-23T16:00:04.813,65.8282,12.8483,10.399
2026-07-23T16:00:04.822,65.8352,13.0637,10.5164
2026-07-23T16:00:04.838,65.8352,13.0245,10.5164
2026-07-23T16:00:04.847,65.8352,13.142,10.5752
2026-07-23T16:00:04.872,65.8671,13.0637,10.4969
2026-07-23T16:00:04.872,65.8671,13.0245,10.5948
2026-07-23T16:00:04.872,65.8671,13.1029,10.5752
2026-07-23T16:00:04.886,65.8671,13.0833,10.6143
2026-07-23T16:00:04.886,65.8828,13.1224,10.6143
2026-07-23T16:00:04.918,65.9149,13.0833,10.5752
2026-07-23T16:00:04.918,65.9149,13.0441,10.6143
2026-07-23T16:00:04.918,65.9149,13.142,10.5556
2026-07-23T16:00:04.934,65.9309,13.0441,10.5948
2026-07-23T16:00:04.947,65.9461,13.1224,10.5948
2026-07-23T16:00:04.966,65.9616,13.0441,10.6339
2026-07-23T16:00:04.966,65.9616,13.142,10.6143
2026-07-23T16:00:04.982,65.9616,13.0441,10.5752
2026-07-23T16:00:04.982,65.9965,13.1812,10.6339
2026-07-23T16:00:04.997,65.9965,13.1224,10.6339
2026-07-23T16:00:04.997,65.9965,13.142,10.7514
2026-07-23T16:00:05.012,66.0115,13.2203,10.6927
2026-07-23T16:00:05.028,66.0408,13.2791,10.7514
2026-07-23T16:00:05.038,66.0408,13.2595,10.7318
2026-07-23T16:00:05.047,66.0408,13.1616,10.6731
2026-07-23T16:00:05.060,66.0408,13.2203,10.6927
2026-07-23T16:00:05.062,66.0728,13.2595,10.6535
2026-07-23T16:00:05.080,66.0728,13.1812,10.7122
2026-07-23T16:00:05.080,66.0887,13.3574,10.7318
2026-07-23T16:00:05.092,66.0897,13.2987,10.8297
2026-07-23T16:00:05.108,66.0968,13.377,10.7514
2026-07-23T16:00:05.124,66.1203,13.2595,10.7122
2026-07-23T16:00:05.124,66.1203,13.4945,10.7514
2026-07-23T16:00:05.140,66.1289,13.377,10.7318
2026-07-23T16:00:05.146,66.136,13.5141,10.8101
2026-07-23T16:00:05.164,66.1617,13.5924,10.8297
2026-07-23T16:00:05.164,66.1679,13.5532,10.908
2026-07-23T16:00:05.180,66.1679,13.5924,10.908
2026-07-23T16:00:05.187,66.1679,13.5924,10.9472
2026-07-23T16:00:05.196,66.1993,13.6707,10.9864
2026-07-23T16:00:05.205,66.1993,13.6511,10.9668
2026-07-23T16:00:05.212,66.2122,13.6707,11.1234
2026-07-23T16:00:05.219,66.2153,13.8469,11.143
2026-07-23T16:00:05.234,66.2382,13.749,11.1039
2026-07-23T16:00:05.250,66.2472,13.9057,11.1822
2026-07-23T16:00:05.250,66.2515,13.8078,11.2997
2026-07-23T16:00:05.266,66.2515,14.1015,11.2997
2026-07-23T16:00:05.289,66.281,13.9448,11.2801
2026-07-23T16:00:05.289,66.281,14.0232,11.378
2026-07-23T16:00:05.302,66.281,14.1406,11.378
2026-07-23T16:00:05.302,66.281,14.1406,11.4563
2026-07-23T16:00:05.314,66.3125,14.2777,11.4171
2026-07-23T16:00:05.314,66.3125,14.3364,11.4759
2026-07-23T16:00:05.332,66.3218,14.5127,11.5151
2026-07-23T16:00:05.348,66.3424,14.4148,11.4955
2026-07-23T16:00:05.361,66.3424,14.5518,11.5738
2026-07-23T16:00:05.363,66.3424,14.6497,11.6521
2026-07-23T16:00:05.373,66.3584,14.6302,11.6521
2026-07-23T16:00:05.393,66.3743,14.7868,11.613
2026-07-23T16:00:05.393,66.3897,14.6693,11.6913
2026-07-23T16:00:05.409,66.3952,14.8847,11.7304
2026-07-23T16:00:05.414,66.4221,14.7476,11.7109
2026-07-23T16:00:05.425,66.4221,14.9239,11.7892
2026-07-23T16:00:05.440,66.4283,14.7672,11.6717
2026-07-23T16:00:05.448,66.4283,14.8455,11.7109
2026-07-23T16:00:05.464,66.4618,14.9239,11.6717
2026-07-23T16:00:05.464,66.4618,14.9043,11.6717
2026-07-23T16:00:05.479,66.4618,15.0022,11.6521
2026-07-23T16:00:05.479,66.4952,14.8847,11.7109
2026-07-23T16:00:05.497,66.5022,14.8847,11.6521
2026-07-23T16:00:05.504,66.5022,14.8651,11.6325
2026-07-23T16:00:05.520,66.5022,14.826,11.613
2026-07-23T16:00:05.520,66.5328,14.8455,11.5542
2026-07-23T16:00:05.539,66.5328,14.7281,11.5738
2026-07-23T16:00:05.548,66.5328,14.826,11.4955
2026-07-23T16:00:05.553,66.5511,14.7281,11.5151
2026-07-23T16:00:05.568,66.5719,14.7281,11.5346
2026-07-23T16:00:05.581,66.5719,14.6302,11.4563
2026-07-23T16:00:05.584,66.5804,14.7085,11.5151
2026-07-23T16:00:05.602,66.5804,14.6889,11.4955
2026-07-23T16:00:05.607,66.6148,14.5518,11.5151
2026-07-23T16:00:05.623,66.6148,14.6497,11.4759
2026-07-23T16:00:05.623,66.6148,14.5714,11.4955
2026-07-23T16:00:05.631,66.6316,14.7085,11.4171
2026-07-23T16:00:05.646,66.6555,14.591,11.4171
2026-07-23T16:00:05.665,66.6555,14.6693,11.4955
2026-07-23T16:00:05.666,66.6619,14.6106,11.4367
2026-07-23T16:00:05.679,66.6619,14.6106,11.3976
2026-07-23T16:00:05.682,66.6917,14.7281,11.3976
2026-07-23T16:00:05.695,66.6978,14.6302,11.4759
2026-07-23T16:00:05.711,66.6978,14.7085,11.5934
2026-07-23T16:00:05.713,66.7076,14.6497,11.4955
2026-07-23T16:00:05.728,66.7286,14.6889,11.5151
2026-07-23T16:00:05.728,66.7286,14.6302,11.4171
2026-07-23T16:00:05.749,66.7389,14.6106,11.5151
2026-07-23T16:00:05.749,66.7389,14.7672,11.4759
2026-07-23T16:00:05.774,66.7707,14.6693,11.4955
2026-07-23T16:00:05.774,66.7707,14.8064,11.4759
2026-07-23T16:00:05.790,66.7802,14.6693,11.4955
2026-07-23T16:00:05.790,66.7802,14.8064,11.5542
2026-07-23T16:00:05.806,66.8023,14.6497,11.5738
2026-07-23T16:00:05.812,66.8023,14.8064,11.4955
2026-07-23T16:00:05.831,66.818,14.6106,11.5346
2026-07-23T16:00:05.846,66.8412,14.6302,11.4955
2026-07-23T16:00:05.853,66.8496,14.6693,11.4367
2026-07-23T16:00:05.853,66.8496,14.591,11.4563
2026-07-23T16:00:05.873,66.8496,14.591,11.4759
2026-07-23T16:00:05.884,66.8816,14.5323,11.4563
2026-07-23T16:00:05.892,66.8816,14.7085,11.5151
2026-07-23T16:00:05.892,66.8816,14.6693,11.4759
2026-07-23T16:00:05.900,66.8816,14.6106,11.4955
2026-07-23T16:00:05.916,66.9154,14.6693,11.4563
2026-07-23T16:00:05.932,66.9154,14.4931,11.4563
2026-07-23T16:00:05.932,66.9154,14.6889,11.378
2026-07-23T16:00:05.949,66.946,14.5323,11.3976
2026-07-23T16:00:05.956,66.947,14.6106,11.3976
2026-07-23T16:00:05.966,66.947,14.5714,11.3976
2026-07-23T16:00:05.966,66.9773,14.6693,11.4759
2026-07-23T16:00:05.981,66.9773,14.7085,11.378
2026-07-23T16:00:05.998,66.9889,14.6106,11.3976
2026-07-23T16:00:05.998,66.995,14.7476,11.4367
2026-07-23T16:00:06.028,67.0158,14.6497,11.4955
2026-07-23T16:00:06.028,67.0158,14.6106,11.4563
2026-07-23T16:00:06.040,67.0251,14.6889,11.4563
2026-07-23T16:00:06.046,67.0419,14.826,11.613
2026-07-23T16:00:06.060,67.0566,14.7281,11.5346
2026-07-23T16:00:06.067,67.0616,14.6106,11.4955
2026-07-23T16:00:06.076,67.0616,14.7476,11.4759
2026-07-23T16:00:06.092,67.088,14.6693,11.5346
2026-07-23T16:00:06.093,67.088,14.7281,11.4955
2026-07-23T16:00:06.107,67.0979,14.6106,11.4759
2026-07-23T16:00:06.112,67.1037,14.7085,11.5346
2026-07-23T16:00:06.123,67.1284,14.7085,11.5151
2026-07-23T16:00:06.139,67.1357,14.5714,11.5151
2026-07-23T16:00:06.155,67.1357,14.5323,11.5151
2026-07-23T16:00:06.155,67.1618,14.4931,11.4955
2026-07-23T16:00:06.167,67.1676,14.6497,11.4367
2026-07-23T16:00:06.179,67.1676,14.4539,11.4955
2026-07-23T16:00:06.186,67.1676,14.4148,11.4759
2026-07-23T16:00:06.202,67.1993,14.3756,11.4367
2026-07-23T16:00:06.213,67.2064,14.4735,11.5346
2026-07-23T16:00:06.218,67.2078,14.4539,11.5738
2026-07-23T16:00:06.218,67.2078,14.4148,11.6717
2026-07-23T16:00:06.248,67.2311,14.591,11.5346
2026-07-23T16:00:06.250,67.2393,14.4931,11.4955
2026-07-23T16:00:06.250,67.2393,14.6302,11.6325
2026-07-23T16:00:06.267,67.263,14.5518,11.6325
2026-07-23T16:00:06.267,67.263,14.6497,11.6325
2026-07-23T16:00:06.290,67.263,14.5323,11.5738
2026-07-23T16:00:06.298,67.2808,14.6106,11.5934
2026-07-23T16:00:06.314,67.306,14.6106,11.5934
2026-07-23T16:00:06.314,67.3113,14.6302,11.7304
2026-07-23T16:00:06.332,67.3141,14.6302,11.7109
2026-07-23T16:00:06.349,67.3431,14.7281,11.6913
2026-07-23T16:00:06.349,67.3431,14.7281,11.6521
2026-07-23T16:00:06.357,67.3431,14.7085,11.613
2026-07-23T16:00:06.367,67.3431,14.6302,11.6325
2026-07-23T16:00:06.379,67.3749,14.6889,11.5346
2026-07-23T16:00:06.379,67.3749,14.4931,11.5934
2026-07-23T16:00:06.394,67.3866,14.6497,11.5346
2026-07-23T16:00:06.394,67.417,14.4735,11.5346
2026-07-23T16:00:06.417,67.422,14.6497,11.5151
2026-07-23T16:00:06.426,67.422,14.5518,11.4563
2026-07-23T16:00:06.437,67.4285,14.5518,11.4563
2026-07-23T16:00:06.449,67.4549,14.3952,11.4171
2026-07-23T16:00:06.457,67.4617,14.4343,11.4563
2026-07-23T16:00:06.468,67.4617,14.3756,11.4171
2026-07-23T16:00:06.479,67.4698,14.3756,11.3584
2026-07-23T16:00:06.489,67.4981,14.3756,11.3388
2026-07-23T16:00:06.505,67.5011,14.4148,11.3388
2026-07-23T16:00:06.512,67.5011,14.356,11.3976
2026-07-23T16:00:06.521,67.5011,14.4148,11.3388
2026-07-23T16:00:06.521,67.531,14.356,11.4171
2026-07-23T16:00:06.540,67.5345,14.4931,11.4171
2026-07-23T16:00:06.549,67.5345,14.3169,11.3976
2026-07-23T16:00:06.552,67.5345,14.5518,11.4171
2026-07-23T16:00:06.568,67.5648,14.4539,11.4367
2026-07-23T16:00:06.582,67.5732,14.5518,11.4171
2026-07-23T16:00:06.585,67.5732,14.4343,11.378
2026-07-23T16:00:06.585,67.5807,14.591,11.4759
2026-07-23T16:00:06.616,67.5982,14.4735,11.4367
2026-07-23T16:00:06.616,67.5982,14.5323,11.4759
2026-07-23T16:00:06.624,67.5982,14.5518,11.3976
2026-07-23T16:00:06.632,67.631,14.6106,11.5346
2026-07-23T16:00:06.649,67.631,14.5518,11.4955
2026-07-23T16:00:06.649,67.6442,14.5518,11.4759
2026-07-23T16:00:06.669,67.6617,14.5127,11.4759
2026-07-23T16:00:06.682,67.6759,14.4148,11.4563
2026-07-23T16:00:06.682,67.6759,14.4148,11.4367
2026-07-23T16:00:06.695,67.6759,14.5714,11.378
2026-07-23T16:00:06.712,67.7086,14.5127,11.5151
2026-07-23T16:00:06.712,67.7086,14.6693,11.4171
2026-07-23T16:00:06.727,67.7086,14.4931,11.3192
2026-07-23T16:00:06.743,67.7399,14.6106,11.4563
2026-07-23T16:00:06.749,67.7399,14.356,11.3976
2026-07-23T16:00:06.759,67.7399,14.5323,11.4171
2026-07-23T16:00:06.769,67.7399,14.3952,11.3976
2026-07-23T16:00:06.779,67.7702,14.4931,11.3976
2026-07-23T16:00:06.791,67.7817,14.5323,11.378
2026-07-23T16:00:06.791,67.786,14.4539,11.4171
2026-07-23T16:00:06.812,67.8021,14.4931,11.4759
2026-07-23T16:00:06.821,67.8183,14.4735,11.3976
2026-07-23T16:00:06.821,67.8231,14.4931,11.5738
2026-07-23T16:00:06.837,67.8283,14.5127,11.4171
2026-07-23T16:00:06.853,67.8498,14.4735,11.5151
2026-07-23T16:00:06.853,67.8649,14.6693,11.4171
2026-07-23T16:00:06.853,67.8659,14.4343,11.4563
2026-07-23T16:00:06.885,67.8659,14.6693,11.5151
2026-07-23T16:00:06.885,67.8977,14.4343,11.3976
2026-07-23T16:00:06.885,67.8987,14.6302,11.5738
2026-07-23T16:00:06.901,67.8987,14.4931,11.4367
2026-07-23T16:00:06.917,67.9064,14.6889,11.4563
2026-07-23T16:00:06.933,67.9286,14.5518,11.3976
2026-07-23T16:00:06.944,67.9286,14.6302,11.5151
2026-07-23T16:00:06.949,67.9446,14.5518,11.4955
2026-07-23T16:00:06.957,67.9483,14.5714,11.3976
2026-07-23T16:00:06.969,67.9764,14.591,11.4955
2026-07-23T16:00:06.979,67.9764,14.591,11.4759
2026-07-23T16:00:06.979,67.9764,14.6497,11.5738
2026-07-23T16:00:06.999,67.9899,14.6497,11.4563
2026-07-23T16:00:07.011,68.0188,14.5127,11.5151
2026-07-23T16:00:07.013,68.0244,14.7085,11.4955
2026-07-23T16:00:07.027,68.0244,14.5714,11.5738
2026-07-23T16:00:07.041,68.0315,14.7476,11.5542
2026-07-23T16:00:07.049,68.056,14.6693,11.5151
2026-07-23T16:00:07.059,68.0616,14.9239,11.613
2026-07-23T16:00:07.070,68.0616,14.6497,11.5738
2026-07-23T16:00:07.082,68.0616,14.7281,11.613
2026-07-23T16:00:07.082,68.0954,14.6693,11.6325
2026-07-23T16:00:07.091,68.0989,14.7281,11.6913
2026-07-23T16:00:07.112,68.1038,14.6693,11.6521
2026-07-23T16:00:07.123,68.1038,14.7868,11.5934
2026-07-23T16:00:07.124,68.1351,14.8064,11.7109
2026-07-23T16:00:07.139,68.1351,14.8064,11.613
2026-07-23T16:00:07.155,68.1351,14.7868,11.6717
2026-07-23T16:00:07.155,68.1351,14.8064,11.6325
2026-07-23T16:00:07.170,68.1666,14.7476,11.6717
2026-07-23T16:00:07.179,68.1666,14.9434,11.6521
2026-07-23T16:00:07.186,68.1666,14.7672,11.7304
2026-07-23T16:00:07.186,68.1666,15.0414,11.7696
2026-07-23T16:00:07.217,68.2071,14.8847,11.7696
2026-07-23T16:00:07.217,68.2095,15.1393,11.8088
2026-07-23T16:00:07.217,68.2112,14.9826,11.7109
2026-07-23T16:00:07.233,68.2404,15.1001,11.8675
2026-07-23T16:00:07.233,68.2404,15.0609,11.7892
2026-07-23T16:00:07.261,68.2454,15.1393,11.9262
2026-07-23T16:00:07.268,68.2454,15.2176,11.9458
2026-07-23T16:00:07.280,68.2768,15.2176,11.9458
2026-07-23T16:00:07.280,68.2768,15.2567,12.0633
2026-07-23T16:00:07.296,68.2821,15.4134,12.0437
2026-07-23T16:00:07.312,68.3098,15.3938,12.0829
2026-07-23T16:00:07.312,68.3098,15.5113,12.0633
2026-07-23T16:00:07.333,68.3098,15.4134,12.1612
2026-07-23T16:00:07.333,68.3098,15.7071,12.1808
2026-07-23T16:00:07.350,68.3397,15.6092,12.2395
2026-07-23T16:00:07.361,68.3397,15.9225,12.3374
2026-07-23T16:00:07.371,68.3717,15.7854,12.3766
2026-07-23T16:00:07.379,68.3821,16.0987,12.4353
2026-07-23T16:00:07.379,68.3821,16.0204,12.4158
2026-07-23T16:00:07.391,68.3883,16.0791,12.4745
2026-07-23T16:00:07.407,68.4071,16.0987,12.4353
2026-07-23T16:00:07.416,68.4202,16.0791,12.4549
2026-07-23T16:00:07.423,68.4234,16.0987,12.3962
2026-07-23T16:00:07.439,68.4284,16.1379,12.5137
2026-07-23T16:00:07.458,68.4508,16.1966,12.357
2026-07-23T16:00:07.458,68.4508,16.1966,12.3179
2026-07-23T16:00:07.471,68.462,16.1183,12.3374
2026-07-23T16:00:07.479,68.4666,16.2162,12.2591
2026-07-23T16:00:07.486,68.4949,16.0008,12.3179
2026-07-23T16:00:07.502,68.4949,16.1379,12.1808
2026-07-23T16:00:07.513,68.4995,15.9225,12.1612
2026-07-23T16:00:07.517,68.4995,16.0987,12.1416
2026-07-23T16:00:07.517,68.5321,15.7658,12.0829
2026-07-23T16:00:07.541,68.5321,15.9225,12.2004
2026-07-23T16:00:07.550,68.5321,15.7854,12.1025
2026-07-23T16:00:07.565,68.5625,15.8833,12.2004
2026-07-23T16:00:07.572,68.5738,15.8833,12.0829
2026-07-23T16:00:07.572,68.5738,15.9029,12.1416
2026-07-23T16:00:07.583,68.578,16.0008,12.1221
2026-07-23T16:00:07.597,68.6095,15.8442,12.0829
2026-07-23T16:00:07.613,68.6095,15.8442,12.0633
2026-07-23T16:00:07.613,68.6095,15.8833,12.0829
2026-07-23T16:00:07.629,68.6156,15.7658,12.1808
2026-07-23T16:00:07.629,68.6414,16.0204,12.0242
2026-07-23T16:00:07.651,68.6414,15.8833,12.1416
2026-07-23T16:00:07.651,68.6414,16.0791,12.0437
2026-07-23T16:00:07.666,68.6588,15.8833,12.0242
2026-07-23T16:00:07.679,68.691,16.0791,12.1221
2026-07-23T16:00:07.679,68.691,15.8442,12.0437
2026-07-23T16:00:07.692,68.6991,16.0204,12.1025
2026-07-23T16:00:07.710,68.705,15.8833,12.2004
2026-07-23T16:00:07.725,68.7285,15.9812,12.1416
2026-07-23T16:00:07.725,68.7382,15.9616,12.1221
2026-07-23T16:00:07.742,68.7382,16.0596,12.1612
2026-07-23T16:00:07.742,68.7407,15.9812,12.1612
2026-07-23T16:00:07.760,68.7685,15.9812,12.1221
2026-07-23T16:00:07.763,68.7695,15.9029,12.1808
2026-07-23T16:00:07.779,68.7695,15.9616,12.0242
2026-07-23T16:00:07.787,68.7695,15.8442,12.0633
2026-07-23T16:00:07.803,68.7998,16.04,12.0046
2026-07-23T16:00:07.813,68.8157,15.9225,12.0437
2026-07-23T16:00:07.820,68.8157,16.0204,12.0437
2026-07-23T16:00:07.820,68.8221,15.9225,12.0242
2026-07-23T16:00:07.835,68.8241,16.0596,12.0437
2026-07-23T16:00:07.851,68.8472,15.8637,12.0437
2026-07-23T16:00:07.851,68.8472,15.9421,12.0046
2026-07-23T16:00:07.873,68.8637,15.9029,11.9458
2026-07-23T16:00:07.879,68.8662,16.0008,12.0046
2026-07-23T16:00:07.882,68.895,15.8833,11.9654
2026-07-23T16:00:07.898,68.895,15.9421,12.0633
2026-07-23T16:00:07.914,68.9077,15.9225,12.0046
2026-07-23T16:00:07.917,68.9077,15.9421,11.9458
2026-07-23T16:00:07.930,68.9286,15.9225,12.0242
2026-07-23T16:00:07.930,68.9286,16.0204,11.9654
2026-07-23T16:00:07.946,68.9286,15.8833,11.9654
2026-07-23T16:00:07.961,68.9421,16.0791,12.0046
2026-07-23T16:00:07.961,68.9619,15.805,12.0437
2026-07-23T16:00:07.979,68.9619,16.0008,11.985
2026-07-23T16:00:07.993,68.9765,15.8442,11.9654
2026-07-23T16:00:08.000,69.0083,16.0791,11.9654
2026-07-23T16:00:08.013,69.0103,15.9812,11.8283
2026-07-23T16:00:08.013,69.0103,16.0596,12.2591
2026-07-23T16:00:08.027,69.0227,16.0596,11.9654
2026-07-23T16:00:08.042,69.0503,16.0791,12.0242
2026-07-23T16:00:08.051,69.0503,16.0791,11.9654
2026-07-23T16:00:08.061,69.0578,16.0987,11.985
2026-07-23T16:00:08.061,69.0621,16.1379,11.985
2026-07-23T16:00:08.083,69.0952,16.177,12.2395
2026-07-23T16:00:08.093,69.0952,16.0596,12.0242
2026-07-23T16:00:08.101,69.1003,16.2749,12.0242
2026-07-23T16:00:08.109,69.1003,16.0987,12.0242
2026-07-23T16:00:08.125,69.1284,16.2749,11.9654
2026-07-23T16:00:08.125,69.1284,16.0987,11.985
2026-07-23T16:00:08.141,69.1284,16.3141,12.0242
2026-07-23T16:00:08.157,69.142,16.1966,11.985
2026-07-23T16:00:08.157,69.162,16.3533,11.9654
2026-07-23T16:00:08.176,69.162,16.2162,12.0046
2026-07-23T16:00:08.179,69.1735,16.3337,12.0046
2026-07-23T16:00:08.193,69.1735,16.2945,12.0437
2026-07-23T16:00:08.193,69.2006,16.2945,12.1221
2026-07-23T16:00:08.213,69.2006,16.2749,12.0046
2026-07-23T16:00:08.213,69.2052,16.2554,12.0633
2026-07-23T16:00:08.224,69.2052,16.2945,12.0437
2026-07-23T16:00:08.240,69.2285,16.2162,12.1221
2026-07-23T16:00:08.251,69.238,16.2554,12.1025
2026-07-23T16:00:08.256,69.2415,16.3533,12.1025
2026-07-23T16:00:08.279,69.2686,16.2162,11.985
2026-07-23T16:00:08.279,69.2686,16.412,12.0242
2026-07-23T16:00:08.292,69.2686,16.2554,11.985
2026-07-23T16:00:08.292,69.2686,16.4512,12.0046
2026-07-23T16:00:08.312,69.3007,16.2749,12.0046
2026-07-23T16:00:08.319,69.3007,16.412,12.0829
2026-07-23T16:00:08.319,69.3166,16.3337,12.0633
2026-07-23T16:00:08.335,69.3338,16.412,12.0633
2026-07-23T16:00:08.352,69.3338,16.412,12.0242
2026-07-23T16:00:08.352,69.3338,16.4512,12.0242
2026-07-23T16:00:08.367,69.3338,16.5295,12.0633
2026-07-23T16:00:08.379,69.3678,16.4707,12.0633
2026-07-23T16:00:08.385,69.3678,16.412,12.0633
2026-07-23T16:00:08.399,69.3803,16.3924,12.0242
2026-07-23T16:00:08.419,69.4007,16.3924,11.985
2026-07-23T16:00:08.419,69.4083,16.4316,11.9654
2026-07-23T16:00:08.431,69.4123,16.3533,12.0242
2026-07-23T16:00:08.442,69.4284,16.5687,12.0046
2026-07-23T16:00:08.452,69.4284,16.2945,12.0437
2026-07-23T16:00:08.463,69.4462,16.412,12.0242
2026-07-23T16:00:08.467,69.4618,16.2945,12.0046
2026-07-23T16:00:08.479,69.4763,16.4316,12.0633
2026-07-23T16:00:08.479,69.4763,16.3337,11.985
2026-07-23T16:00:08.501,69.5088,16.4512,12.0633
2026-07-23T16:00:08.513,69.5088,16.4903,12.0242
2026-07-23T16:00:08.513,69.5088,16.5491,12.0437
2026-07-23T16:00:08.527,69.5234,16.5099,12.0829
2026-07-23T16:00:08.527,69.5249,16.5295,12.1025
2026-07-23T16:00:08.560,69.5547,16.5099,12.0829
2026-07-23T16:00:08.560,69.5547,16.5491,12.0633
2026-07-23T16:00:08.576,69.5617,16.5099,12.0829
2026-07-23T16:00:08.576,69.5617,16.5295,12.0242
2026-07-23T16:00:08.590,69.6007,16.3728,12.0633
2026-07-23T16:00:08.590,69.6007,16.6274,12.1025
2026-07-23T16:00:08.613,69.6025,16.3728,12.1221
2026-07-23T16:00:08.621,69.6025,16.5687,12.1221
2026-07-23T16:00:08.626,69.6342,16.4903,12.1416
2026-07-23T16:00:08.638,69.6342,16.647,12.1221
2026-07-23T16:00:08.652,69.6342,16.4707,12.1025
2026-07-23T16:00:08.653,69.6502,16.6274,12.2004
2026-07-23T16:00:08.669,69.6661,16.647,12.2004
2026-07-23T16:00:08.679,69.6833,16.6274,12.2787
2026-07-23T16:00:08.685,69.6833,16.6274,12.3179
2026-07-23T16:00:08.701,69.6833,16.6666,12.2004
2026-07-23T16:00:08.713,69.7147,16.5491,12.3179
2026-07-23T16:00:08.717,69.7147,16.5295,12.2983
2026-07-23T16:00:08.733,69.7255,16.4316,12.3374
2026-07-23T16:00:08.734,69.7291,16.4512,12.2787
2026-07-23T16:00:08.751,69.7456,16.3533,12.3374
2026-07-23T16:00:08.765,69.7601,16.4512,12.2787
2026-07-23T16:00:08.765,69.7621,16.2945,12.3374
2026-07-23T16:00:08.780,69.7621,16.5295,12.3374
2026-07-23T16:00:08.796,69.7951,16.3533,12.2983
2026-07-23T16:00:08.796,69.7951,16.6274,12.3766
2026-07-23T16:00:08.811,69.8006,16.4316,12.4158
2026-07-23T16:00:08.813,69.8006,16.5491,12.4549
2026-07-23T16:00:08.827,69.8287,16.5687,12.3962
2026-07-23T16:00:08.834,69.8287,16.5295,12.4549
2026-07-23T16:00:08.851,69.8394,16.5491,12.4353
2026-07-23T16:00:08.859,69.8673,16.5491,12.4353
2026-07-23T16:00:08.876,69.8713,16.5882,12.4745
2026-07-23T16:00:08.879,69.8713,16.5882,12.4158
2026-07-23T16:00:08.890,69.8713,16.6274,12.5724
2026-07-23T16:00:08.906,69.9032,16.6078,12.4549
2026-07-23T16:00:08.916,69.9032,16.5882,12.4941
2026-07-23T16:00:08.918,69.9089,16.7253,12.5137
2026-07-23T16:00:08.922,69.9089,16.5295,12.5724
2026-07-23T16:00:08.938,69.9352,16.7645,12.5137
2026-07-23T16:00:08.951,69.9352,16.647,12.5528
2026-07-23T16:00:08.960,69.9352,16.7057,12.5333
2026-07-23T16:00:08.970,69.9667,16.5687,12.4353
2026-07-23T16:00:08.986,69.9667,16.6666,12.5333
2026-07-23T16:00:08.986,69.9825,16.647,12.4941
2026-07-23T16:00:09.001,69.9825,16.6078,12.5137
2026-07-23T16:00:09.013,70.0141,16.647,12.4745
2026-07-23T16:00:09.018,70.0141,16.5687,12.4158
2026-07-23T16:00:09.018,70.0141,16.6666,12.4549
2026-07-23T16:00:09.033,70.0265,16.5882,12.357
2026-07-23T16:00:09.052,70.046,16.647,12.4549
2026-07-23T16:00:09.052,70.046,16.6274,12.4745
2026-07-23T16:00:09.077,70.046,16.5687,12.5724
2026-07-23T16:00:09.077,70.046,16.6861,12.5137
2026-07-23T16:00:09.097,70.0776,16.5491,12.5137
2026-07-23T16:00:09.097,70.0776,16.7253,12.5724
2026-07-23T16:00:09.112,70.0937,16.6078,12.5137
2026-07-23T16:00:09.113,70.1173,16.6861,12.592
2026-07-23T16:00:09.128,70.1173,16.647,12.5137
2026-07-23T16:00:09.128,70.1258,16.7057,12.5137
2026-07-23T16:00:09.152,70.1417,16.784,12.4941
2026-07-23T16:00:09.161,70.1417,16.784,12.5528
2026-07-23T16:00:09.168,70.1589,16.8624,12.5137
2026-07-23T16:00:09.180,70.1888,16.8819,12.5137
2026-07-23T16:00:09.192,70.1888,16.9407,12.6507
2026-07-23T16:00:09.208,70.1888,16.8428,12.4745
2026-07-23T16:00:09.213,70.1888,16.9211,12.3962
2026-07-23T16:00:09.224,70.2206,16.9211,12.4745
2026-07-23T16:00:09.224,70.2206,16.9015,12.4158
2026-07-23T16:00:09.224,70.2287,17.019,12.2395
2026-07-23T16:00:09.259,70.2522,16.9211,12.3179
2026-07-23T16:00:09.271,70.2522,16.9994,12.2004
2026-07-23T16:00:09.271,70.2618,16.9015,12.1221
2026-07-23T16:00:09.279,70.2618,17.019,12.22
2026-07-23T16:00:09.303,70.2844,16.8819,12.0242
2026-07-23T16:00:09.303,70.2844,16.9211,12.0242
2026-07-23T16:00:09.313,70.3011,16.9407,11.985
2026-07-23T16:00:09.319,70.3011,16.9603,12.0437
2026-07-23T16:00:09.335,70.3285,17.0778,12.0046
2026-07-23T16:00:09.335,70.3316,17.019,12.1221
2026-07-23T16:00:09.352,70.3316,17.1561,12.2591
2026-07-23T16:00:09.352,70.3643,17.1561,12.1416
2026-07-23T16:00:09.377,70.3674,17.254,12.2787
2026-07-23T16:00:09.382,70.3674,17.2736,12.1808
2026-07-23T16:00:09.382,70.3674,17.3323,12.2395
2026-07-23T16:00:09.407,70.4013,17.4694,12.1808
2026-07-23T16:00:09.407,70.4013,17.391,12.2983
2026-07-23T16:00:09.418,70.4118,17.5281,12.3374
2026-07-23T16:00:09.430,70.4286,17.5085,12.3179
2026-07-23T16:00:09.446,70.4431,17.626,12.3766
2026-07-23T16:00:09.452,70.4431,17.6064,12.3374
2026-07-23T16:00:09.462,70.4509,17.7435,12.3766
2026-07-23T16:00:09.463,70.4742,17.7631,12.4549
2026-07-23T16:00:09.479,70.4742,17.7435,12.4745
2026-07-23T16:00:09.494,70.4742,17.8806,12.4549
2026-07-23T16:00:09.502,70.4926,17.8806,12.5137
2026-07-23T16:00:09.513,70.5057,18.0568,12.4941
2026-07-23T16:00:09.525,70.5057,17.9785,12.4941
2026-07-23T16:00:09.525,70.5217,18.0568,12.4941
2026-07-23T16:00:09.543,70.5217,18.0568,12.4745
2026-07-23T16:00:09.557,70.5388,18.096,12.592
2026-07-23T16:00:09.557,70.5388,18.1743,12.4941
2026-07-23T16:00:09.572,70.5536,18.1351,12.4941
2026-07-23T16:00:09.585,70.5853,18.2134,12.4745
2026-07-23T16:00:09.590,70.5853,18.1939,12.4941
2026-07-23T16:00:09.590,70.5853,18.233,12.4941
2026-07-23T16:00:09.613,70.5954,18.1939,12.4745
2026-07-23T16:00:09.620,70.6185,18.4092,12.5724
2026-07-23T16:00:09.627,70.6286,18.4484,12.4941
2026-07-23T16:00:09.636,70.6286,18.4288,12.5333
2026-07-23T16:00:09.652,70.6335,18.5463,12.5137
2026-07-23T16:00:09.652,70.6622,18.4876,12.5724
2026-07-23T16:00:09.669,70.6654,18.6246,12.5724
2026-07-23T16:00:09.679,70.6654,18.5463,12.592
2026-07-23T16:00:09.684,70.6654,18.6442,12.6312
2026-07-23T16:00:09.700,70.6972,18.6246,12.6116
2026-07-23T16:00:09.700,70.6972,18.6638,12.7095
2026-07-23T16:00:09.716,70.7015,18.7617,12.6312
2026-07-23T16:00:09.732,70.7285,18.8204,12.6899
2026-07-23T16:00:09.732,70.7285,18.8988,12.6899
2026-07-23T16:00:09.748,70.7285,18.8596,12.6899
2026-07-23T16:00:09.764,70.7641,18.8988,12.7682
2026-07-23T16:00:09.779,70.7761,18.703,12.7878
2026-07-23T16:00:09.779,70.7761,18.7421,12.7878
2026-07-23T16:00:09.795,70.7849,18.8204,12.7095
2026-07-23T16:00:09.797,70.808,18.8009,12.8857
2026-07-23T16:00:09.811,70.808,18.8596,12.7486
2026-07-23T16:00:09.815,70.808,18.7813,12.7291
2026-07-23T16:00:09.827,70.8246,18.8988,12.7486
2026-07-23T16:00:09.846,70.8398,18.84,12.7878
2026-07-23T16:00:09.853,70.8556,18.9967,12.827
2026-07-23T16:00:09.859,70.8556,19.0554,12.8661
2026-07-23T16:00:09.875,70.8622,18.9771,12.9249
2026-07-23T16:00:09.880,70.8874,19.075,12.827
2026-07-23T16:00:09.891,70.8874,18.9771,12.8465
2026-07-23T16:00:09.891,70.8955,19.075,12.827
2026-07-23T16:00:09.906,70.9018,19.0162,12.8857
2026-07-23T16:00:09.922,70.9296,19.1142,12.9053
2026-07-23T16:00:09.922,70.9296,19.1142,12.827
2026-07-23T16:00:09.946,70.9351,19.1337,12.9249
2026-07-23T16:00:09.946,70.9351,19.3295,12.8074
2026-07-23T16:00:09.961,70.9668,19.1337,12.8857
2026-07-23T16:00:09.970,70.9668,19.3295,12.827
2026-07-23T16:00:09.980,70.9668,19.2316,12.9249
2026-07-23T16:00:09.986,70.9668,19.3491,12.9249
2026-07-23T16:00:10.013,71.0017,19.1729,12.8074
2026-07-23T16:00:10.013,71.0017,19.3687,12.9249
2026-07-23T16:00:10.018,71.0017,19.4274,12.9053
2026-07-23T16:00:10.018,71.0139,19.447,12.964
2026-07-23T16:00:10.049,71.0351,19.4274,12.9053
2026-07-23T16:00:10.053,71.0456,19.4079,12.9444
2026-07-23T16:00:10.053,71.0456,19.447,12.9053
2026-07-23T16:00:10.065,71.0456,19.4274,12.9444
2026-07-23T16:00:10.086,71.0768,19.447,12.9249
2026-07-23T16:00:10.086,71.0768,19.5058,12.8857
2026-07-23T16:00:10.096,71.0768,19.3687,12.9053
2026-07-23T16:00:10.113,71.1082,19.4666,12.827
2026-07-23T16:00:10.113,71.1082,19.2512,12.8661
2026-07-23T16:00:10.128,71.1183,19.3491,12.827
2026-07-23T16:00:10.128,71.1243,19.1729,12.8661
2026-07-23T16:00:10.159,71.14,19.3295,12.8857
2026-07-23T16:00:10.159,71.14,19.1729,12.9249
2026-07-23T16:00:10.175,71.14,19.31,12.9053
2026-07-23T16:00:10.191,71.1715,19.2121,12.827
2026-07-23T16:00:10.191,71.1715,19.2708,12.9053
2026-07-23T16:00:10.191,71.1905,19.2512,12.827
2026-07-23T16:00:10.213,71.2151,19.2512,12.9053
2026-07-23T16:00:10.213,71.2181,19.2121,12.8465
2026-07-23T16:00:10.222,71.2205,19.1925,12.8074
2026-07-23T16:00:10.241,71.2205,19.2512,12.8857
2026-07-23T16:00:10.263,71.2508,19.2708,12.8074
2026-07-23T16:00:10.263,71.2508,19.1925,12.8661
2026-07-23T16:00:10.271,71.2621,19.4274,12.7878
2026-07-23T16:00:10.281,71.2956,19.1925,12.8465
2026-07-23T16:00:10.295,71.2956,19.4079,12.8661
2026-07-23T16:00:10.302,71.3016,19.1729,12.8857
2026-07-23T16:00:10.313,71.3016,19.3295,12.9249
2026-07-23T16:00:10.336,71.3308,19.1925,12.8465
2026-07-23T16:00:10.336,71.3308,19.2316,12.8857
2026-07-23T16:00:10.336,71.3457,19.1337,12.8661
2026-07-23T16:00:10.352,71.3457,19.1729,12.8661
2026-07-23T16:00:10.352,71.3457,19.1533,12.8074
2026-07-23T16:00:10.382,71.3789,19.0946,12.7878
2026-07-23T16:00:10.382,71.3861,19.075,12.7878
2026-07-23T16:00:10.382,71.3861,19.075,12.7095
2026-07-23T16:00:10.396,71.3937,18.8596,12.6312
2026-07-23T16:00:10.413,71.4256,18.8792,12.4353
2026-07-23T16:00:10.430,71.4287,18.703,12.4941
2026-07-23T16:00:10.430,71.4287,18.84,12.357
2026-07-23T16:00:10.437,71.4312,18.6051,12.3179
2026-07-23T16:00:10.453,71.4619,18.7813,12.357
2026-07-23T16:00:10.461,71.4619,18.5267,12.3962
2026-07-23T16:00:10.461,71.4739,18.6834,12.2983
2026-07-23T16:00:10.482,71.4739,18.6638,12.2395
2026-07-23T16:00:10.492,71.5016,18.6442,12.3179
2026-07-23T16:00:10.492,71.5052,18.6246,12.22
2026-07-23T16:00:10.513,71.5052,18.6442,12.2591
2026-07-23T16:00:10.513,71.5052,18.6442,12.2787
2026-07-23T16:00:10.525,71.5366,18.6442,12.2591
2026-07-23T16:00:10.540,71.554,18.6442,12.3766
2026-07-23T16:00:10.552,71.5581,18.7617,12.2787
2026-07-23T16:00:10.556,71.5602,18.6246,12.357
2026-07-23T16:00:10.556,71.5622,18.8792,12.2591
2026-07-23T16:00:10.582,71.5844,18.6442,12.3766
2026-07-23T16:00:10.587,71.5844,18.84,12.3962
2026-07-23T16:00:10.608,71.5844,18.6246,12.3766
2026-07-23T16:00:10.613,71.5954,18.84,12.3962
2026-07-23T16:00:10.620,71.6286,18.703,12.357
2026-07-23T16:00:10.635,71.6321,18.8204,12.4353
2026-07-23T16:00:10.635,71.6337,18.7421,12.3766
2026-07-23T16:00:10.652,71.6337,18.7813,12.4941
2026-07-23T16:00:10.652,71.664,18.7225,12.4549
2026-07-23T16:00:10.670,71.664,18.7813,12.357
2026-07-23T16:00:10.684,71.6798,18.7813,12.4353
2026-07-23T16:00:10.684,71.6798,18.84,12.4549
2026-07-23T16:00:10.700,71.7109,18.7813,12.4549
2026-07-23T16:00:10.715,71.7109,18.8009,12.3374
2026-07-23T16:00:10.715,71.7109,18.6051,12.357
2026-07-23T16:00:10.731,71.7109,18.8204,12.3766
2026-07-23T16:00:10.746,71.758,18.6051,12.3374
2026-07-23T16:00:10.753,71.7621,18.7813,12.3766
2026-07-23T16:00:10.762,71.7621,18.6442,12.4158
2026-07-23T16:00:10.762,71.7621,18.9379,12.357
2026-07-23T16:00:10.783,71.7955,18.6834,12.357
2026-07-23T16:00:10.795,71.8019,18.7617,12.3962
2026-07-23T16:00:10.809,71.8059,18.8204,12.4158
2026-07-23T16:00:10.813,71.8059,18.8596,12.357
2026-07-23T16:00:10.826,71.8059,18.8204,12.4549
2026-07-23T16:00:10.826,71.8376,18.9183,12.4353
2026-07-23T16:00:10.846,71.8376,18.9379,12.4353
2026-07-23T16:00:10.853,71.854,18.9575,12.4158
2026-07-23T16:00:10.857,71.854,18.8204,12.5724
2026-07-23T16:00:10.880,71.8954,19.0554,12.4353
2026-07-23T16:00:10.888,71.8954,18.9379,12.4941
2026-07-23T16:00:10.888,71.8954,19.1337,12.4745
2026-07-23T16:00:10.904,71.9017,18.9575,12.4353
2026-07-23T16:00:10.913,71.9017,19.1142,12.5137
2026-07-23T16:00:10.920,71.9331,18.8988,12.4549
2026-07-23T16:00:10.920,71.9331,18.9771,12.5137
2026-07-23T16:00:10.936,71.9331,18.8009,12.5528
2026-07-23T16:00:10.953,71.9487,19.0358,12.5333
2026-07-23T16:00:10.962,71.9525,18.9575,12.4941
2026-07-23T16:00:10.968,71.9806,19.0946,12.5137
2026-07-23T16:00:10.984,71.9806,19.0162,12.5528
2026-07-23T16:00:10.984,71.9806,19.0358,12.4745
2026-07-23T16:00:11.000,71.9806,18.8988,12.6116
2026-07-23T16:00:11.016,72.0117,19.0162,12.4941
2026-07-23T16:00:11.016,72.0117,18.9183,12.5137
2026-07-23T16:00:11.031,72.0289,19.1533,12.5333
2026-07-23T16:00:11.045,72.0333,18.9967,12.5724
2026-07-23T16:00:11.053,72.0623,19.1533,12.5333
2026-07-23T16:00:11.062,72.0623,18.9967,12.5528
2026-07-23T16:00:11.062,72.0623,19.2121,12.6899
2026-07-23T16:00:11.080,72.0623,18.9967,12.5528
2026-07-23T16:00:11.094,72.1021,19.1337,12.592
2026-07-23T16:00:11.094,72.1066,19.1142,12.5724
2026-07-23T16:00:11.113,72.1066,19.2121,12.6116
2026-07-23T16:00:11.113,72.1193,19.1533,12.6312
2026-07-23T16:00:11.128,72.1404,19.2512,12.6116
2026-07-23T16:00:11.146,72.1404,19.2121,12.7095
2026-07-23T16:00:11.146,72.1404,19.31,12.6507
2026-07-23T16:00:11.157,72.154,19.2708,12.6899
2026-07-23T16:00:11.170,72.154,19.4666,12.7291
2026-07-23T16:00:11.180,72.1696,19.447,12.8074
2026-07-23T16:00:11.191,72.1853,19.6624,12.8465
2026-07-23T16:00:11.191,72.1853,19.6037,13.0032
2026-07-23T16:00:11.213,72.2172,19.8582,13.1794
2026-07-23T16:00:11.220,72.2172,19.7995,13.1598
2026-07-23T16:00:11.220,72.2172,20.0344,13.2577
2026-07-23T16:00:11.236,72.2288,19.9561,13.199
2026-07-23T16:00:11.253,72.249,19.9757,13.2969
2026-07-23T16:00:11.253,72.249,20.0344,13.3361
2026-07-23T16:00:11.268,72.2623,20.1911,13.3752
2026-07-23T16:00:11.280,72.2879,20.2498,13.3361
2026-07-23T16:00:11.284,72.2879,20.2694,13.4144
2026-07-23T16:00:11.300,72.2965,20.2694,13.4731
2026-07-23T16:00:11.316,72.3022,20.3086,13.3948
2026-07-23T16:00:11.316,72.3296,20.1324,13.4144
2026-07-23T16:00:11.336,72.3342,20.3086,13.4535
2026-07-23T16:00:11.339,72.3342,20.1324,13.4731
2026-07-23T16:00:11.353,72.3342,20.289,13.434
2026-07-23T16:00:11.363,72.3621,20.1715,13.4144
2026-07-23T16:00:11.363,72.3698,20.3477,13.434
2026-07-23T16:00:11.380,72.3698,20.289,13.2577
2026-07-23T16:00:11.385,72.3755,20.2694,13.3752
2026-07-23T16:00:11.395,72.4024,20.2107,13.2773
2026-07-23T16:00:11.413,72.4074,20.1519,13.2382
2026-07-23T16:00:11.421,72.4074,20.1324,13.2186
2026-07-23T16:00:11.426,72.4392,20.2303,13.3165
2026-07-23T16:00:11.453,72.4392,20.2107,13.2577
2026-07-23T16:00:11.453,72.4392,20.1715,13.2186
2026-07-23T16:00:11.463,72.4533,20.1128,13.2969
2026-07-23T16:00:11.474,72.4708,20.2694,13.2186
2026-07-23T16:00:11.485,72.4708,20.1128,13.3165
2026-07-23T16:00:11.490,72.4708,20.2303,13.3165
2026-07-23T16:00:11.490,72.4708,20.0736,13.3361
2026-07-23T16:00:11.513,72.5038,20.289,13.3361
2026-07-23T16:00:11.522,72.5038,20.0932,13.2969
2026-07-23T16:00:11.522,72.5038,20.3477,13.3361
2026-07-23T16:00:11.546,72.5366,20.0736,13.3165
2026-07-23T16:00:11.555,72.5366,20.2694,13.434
2026-07-23T16:00:11.555,72.5366,20.054,13.2969
2026-07-23T16:00:11.569,72.5785,20.1128,13.2773
2026-07-23T16:00:11.587,72.5816,19.9953,13.3165
2026-07-23T16:00:11.587,72.5816,20.0344,13.2773
2026-07-23T16:00:11.601,72.5816,20.0149,13.2969
2026-07-23T16:00:11.613,72.6133,19.9757,13.2773
2026-07-23T16:00:11.617,72.6198,19.9561,13.2382
2026-07-23T16:00:11.632,72.6198,20.054,13.3165
2026-07-23T16:00:11.632,72.6198,19.9757,13.2773
2026-07-23T16:00:11.653,72.6446,20.1519,13.2382
2026-07-23T16:00:11.653,72.6446,20.0149,13.1794
2026-07-23T16:00:11.671,72.6604,20.1911,13.2382
2026-07-23T16:00:11.686,72.6771,19.9365,13.199
2026-07-23T16:00:11.686,72.6771,20.0932,13.1794
2026-07-23T16:00:11.695,72.6922,19.9953,13.1598
2026-07-23T16:00:11.713,72.6953,20.0932,13.199
2026-07-23T16:00:11.713,72.7082,20.054,13.0424
2026-07-23T16:00:11.728,72.7241,20.0149,13.0424
2026-07-23T16:00:11.746,72.7291,20.0736,13.0619
2026-07-23T16:00:11.759,72.7453,20.0149,13.0228
2026-07-23T16:00:11.759,72.7559,20.0344,13.1207
2026-07-23T16:00:11.775,72.7559,20.0932,13.1011
2026-07-23T16:00:11.780,72.762,20.1128,13.1794
2026-07-23T16:00:11.791,72.7889,20.289,13.199
2026-07-23T16:00:11.796,72.7889,20.1911,13.2577
2026-07-23T16:00:11.813,72.7889,20.4065,13.3165
2026-07-23T16:00:11.824,72.8194,20.2694,13.3752
2026-07-23T16:00:11.824,72.8194,20.4065,13.4144
2026-07-23T16:00:11.846,72.8194,20.2694,13.4535
2026-07-23T16:00:11.855,72.836,20.4848,13.5123
2026-07-23T16:00:11.855,72.8516,20.5435,13.4927
2026-07-23T16:00:11.870,72.8516,20.7198,13.5123
2026-07-23T16:00:11.887,72.8849,20.7785,13.4731
2026-07-23T16:00:11.887,72.8849,20.8373,13.4927
2026-07-23T16:00:11.902,72.8955,20.8568,13.5123
2026-07-23T16:00:11.913,72.9148,20.8764,13.4927
2026-07-23T16:00:11.921,72.9148,20.8177,13.4731
2026-07-23T16:00:11.934,72.9289,20.896,13.3948
2026-07-23T16:00:11.936,72.9306,20.8177,13.4535
2026-07-23T16:00:11.953,72.9535,20.9743,13.3752
2026-07-23T16:00:11.966,72.9621,20.7981,13.4144
2026-07-23T16:00:11.966,72.9621,21.0135,13.3752
2026-07-23T16:00:11.981,72.9621,20.7981,13.3556
2026-07-23T16:00:11.997,72.9956,20.9939,13.4144
2026-07-23T16:00:12.004,72.9956,20.7785,13.3361
2026-07-23T16:00:12.013,73.0026,20.7589,13.3361
2026-07-23T16:00:12.013,73.0026,20.7198,13.3556
2026-07-23T16:00:12.029,73.0286,20.6414,13.3361
2026-07-23T16:00:12.045,73.0286,20.6806,13.2773
2026-07-23T16:00:12.053,73.037,20.7589,13.2969
2026-07-23T16:00:12.061,73.0421,20.7981,13.3556
2026-07-23T16:00:12.077,73.0621,20.7981,13.2382
2026-07-23T16:00:12.079,73.0621,20.7785,13.2577
2026-07-23T16:00:12.093,73.0621,20.8764,13.2382
2026-07-23T16:00:12.109,73.0954,20.7002,13.2969
2026-07-23T16:00:12.113,73.0954,20.8177,13.1403
2026-07-23T16:00:12.113,73.1056,20.6414,13.2382
2026-07-23T16:00:12.141,73.1367,20.7589,13.2577
2026-07-23T16:00:12.146,73.1377,20.5631,13.2577
2026-07-23T16:00:12.146,73.1377,20.7002,13.3556
2026-07-23T16:00:12.163,73.1624,20.7198,13.3556
2026-07-23T16:00:12.173,73.1707,20.7002,13.4144
2026-07-23T16:00:12.179,73.1707,20.7394,13.3361
2026-07-23T16:00:12.188,73.1707,20.7198,13.4144
2026-07-23T16:00:12.204,73.2026,20.7002,13.3752
2026-07-23T16:00:12.213,73.2042,20.7394,13.3556
2026-07-23T16:00:12.222,73.2094,20.6806,13.3361
2026-07-23T16:00:12.237,73.237,20.7002,13.2186
2026-07-23T16:00:12.246,73.237,20.5631,13.3752
2026-07-23T16:00:12.253,73.237,20.6806,13.199
2026-07-23T16:00:12.260,73.2444,20.4652,13.2186
2026-07-23T16:00:12.268,73.2643,20.6023,13.1794
2026-07-23T16:00:12.284,73.2643,20.4261,13.1598
2026-07-23T16:00:12.288,73.28,20.5435,13.1598
2026-07-23T16:00:12.299,73.3027,20.4065,13.1598
2026-07-23T16:00:12.315,73.3116,20.5435,13.2969
2026-07-23T16:00:12.315,73.3116,20.5435,13.1598
2026-07-23T16:00:12.331,73.3116,20.524,13.2382
2026-07-23T16:00:12.346,73.347,20.5435,13.2382
2026-07-23T16:00:12.354,73.347,20.524,13.2577
2026-07-23T16:00:12.362,73.347,20.5631,13.2969
2026-07-23T16:00:12.372,73.3597,20.5827,13.2577
2026-07-23T16:00:12.388,73.3822,20.6023,13.4144
2026-07-23T16:00:12.398,73.3869,20.7589,13.2382
2026-07-23T16:00:12.398,73.3905,20.661,13.3556
2026-07-23T16:00:12.413,73.4164,20.7785,13.2577
2026-07-23T16:00:12.425,73.4206,20.6219,13.3165
2026-07-23T16:00:12.441,73.4239,20.6806,13.3165
2026-07-23T16:00:12.441,73.4239,20.524,13.3361
2026-07-23T16:00:12.454,73.4375,20.7394,13.3361
2026-07-23T16:00:12.463,73.4541,20.7589,13.3361
2026-07-23T16:00:12.475,73.4621,20.8373,13.3752
2026-07-23T16:00:12.480,73.4851,20.8568,13.3361
2026-07-23T16:00:12.488,73.4851,20.8568,13.3948
2026-07-23T16:00:12.505,73.4851,20.896,13.3948
2026-07-23T16:00:12.513,73.496,20.8373,13.3948
2026-07-23T16:00:12.520,73.5177,20.8568,13.5123
2026-07-23T16:00:12.520,73.5177,20.7589,13.4144
2026-07-23T16:00:12.536,73.5177,20.7394,13.4144
2026-07-23T16:00:12.554,73.548,20.8373,13.3948
2026-07-23T16:00:12.568,73.548,20.7981,13.4144
2026-07-23T16:00:12.568,73.548,21.0135,13.4535
2026-07-23T16:00:12.585,73.5834,20.8568,13.5515
2026-07-23T16:00:12.589,73.5859,21.0135,13.4927
2026-07-23T16:00:12.599,73.5859,20.896,13.3556
2026-07-23T16:00:12.615,73.6112,20.9743,13.4731
2026-07-23T16:00:12.615,73.6211,20.9939,13.3948
2026-07-23T16:00:12.634,73.6211,20.8568,13.4535
2026-07-23T16:00:12.637,73.6278,20.9352,13.4535
2026-07-23T16:00:12.654,73.6582,20.9156,13.5515
2026-07-23T16:00:12.662,73.6582,20.9156,13.4731
2026-07-23T16:00:12.672,73.6628,20.8373,13.434
2026-07-23T16:00:12.689,73.6954,20.8568,13.5515
2026-07-23T16:00:12.701,73.6954,20.9156,13.5123
2026-07-23T16:00:12.709,73.7046,20.8373,13.5319
2026-07-23T16:00:12.714,73.7071,20.9547,13.4535
2026-07-23T16:00:12.725,73.7287,20.896,13.5515
2026-07-23T16:00:12.742,73.7371,20.9939,13.5515
2026-07-23T16:00:12.745,73.7386,20.9352,13.5906
2026-07-23T16:00:12.755,73.7386,21.1114,13.6885
2026-07-23T16:00:12.758,73.7685,21.0918,13.7277
2026-07-23T16:00:12.772,73.7685,21.1897,13.7473
2026-07-23T16:00:12.788,73.7767,21.2876,13.7277
2026-07-23T16:00:12.797,73.7845,21.3268,13.8452
2026-07-23T16:00:12.813,73.8031,21.503,13.8452
2026-07-23T16:00:12.813,73.8031,21.5226,13.9235
2026-07-23T16:00:12.819,73.8162,21.6205,13.8843
2026-07-23T16:00:12.835,73.8162,21.6009,13.8647
2026-07-23T16:00:12.846,73.8476,21.6401,13.9431
2026-07-23T16:00:12.851,73.8486,21.6009,13.9431
2026-07-23T16:00:12.854,73.8486,21.6009,13.9822
2026-07-23T16:00:12.867,73.8614,21.7576,13.9235
2026-07-23T16:00:12.890,73.8801,21.6596,13.9431
2026-07-23T16:00:12.890,73.8801,21.875,13.9431
2026-07-23T16:00:12.899,73.8801,21.875,13.9235
2026-07-23T16:00:12.912,73.8958,21.8946,13.9822
2026-07-23T16:00:12.922,73.9291,21.7967,13.9235
2026-07-23T16:00:12.931,73.9291,21.8359,14.041
2026-07-23T16:00:12.947,73.9291,21.9534,14.041
2026-07-23T16:00:12.964,73.9663,21.8163,14.0214
2026-07-23T16:00:12.964,73.9663,21.9142,14.0214
2026-07-23T16:00:12.964,73.9663,21.7576,14.0018
2026-07-23T16:00:12.980,73.9663,21.8946,14.0018
2026-07-23T16:00:12.993,73.9966,21.7771,14.0018
2026-07-23T16:00:13.009,73.9966,21.9534,14.0801
2026-07-23T16:00:13.017,74.0056,22.0904,14.1389
2026-07-23T16:00:13.025,74.0056,22.1492,14.1585
2026-07-23T16:00:13.025,74.0417,22.3058,14.1585
2026-07-23T16:00:13.041,74.0458,22.345,14.2368
2026-07-23T16:00:13.056,74.0458,22.3841,14.2172
2026-07-23T16:00:13.056,74.0799,22.3058,14.178
2026-07-23T16:00:13.072,74.0843,22.345,14.2368
2026-07-23T16:00:13.089,74.0843,22.1687,14.0801
2026-07-23T16:00:13.092,74.0843,22.1883,14.1585
2026-07-23T16:00:13.106,74.0843,22.2667,14.0801
2026-07-23T16:00:13.113,74.1218,22.1492,14.1193
2026-07-23T16:00:13.123,74.1218,22.1883,14.0997
2026-07-23T16:00:13.135,74.1288,22.0708,14.0214
2026-07-23T16:00:13.135,74.1315,22.1492,14.1193
2026-07-23T16:00:13.154,74.1635,22.0708,13.9626
2026-07-23T16:00:13.168,74.1635,22.2079,14.041
2026-07-23T16:00:13.173,74.1635,22.1687,13.9822
2026-07-23T16:00:13.182,74.1804,22.1883,14.0214
2026-07-23T16:00:13.191,74.2096,22.2079,14.0018
2026-07-23T16:00:13.198,74.2136,22.1883,14.041
2026-07-23T16:00:13.214,74.2164,22.2667,14.2172
2026-07-23T16:00:13.214,74.2193,22.2079,13.9626
2026-07-23T16:00:13.231,74.2193,22.3254,14.1585
2026-07-23T16:00:13.231,74.2468,22.3058,14.0801
2026-07-23T16:00:13.258,74.2575,22.345,14.1585
2026-07-23T16:00:13.266,74.2623,22.4233,14.0997
2026-07-23T16:00:13.270,74.2623,22.3254,14.1389
2026-07-23T16:00:13.292,74.3,22.5212,14.1193
2026-07-23T16:00:13.298,74.304,22.5016,14.1193
2026-07-23T16:00:13.298,74.3055,22.717,14.1193
2026-07-23T16:00:13.313,74.3055,22.6974,14.0606
2026-07-23T16:00:13.321,74.3055,22.7953,14.1389
2026-07-23T16:00:13.340,74.3455,22.8149,14.1193
2026-07-23T16:00:13.346,74.3455,22.7758,14.178
2026-07-23T16:00:13.355,74.3532,22.9128,14.1585
2026-07-23T16:00:13.356,74.3623,22.952,14.0606
2026-07-23T16:00:13.381,74.3955,22.9911,14.0801
2026-07-23T16:00:13.381,74.3955,22.8737,14.0018
2026-07-23T16:00:13.392,74.4002,22.9911,14.0018
2026-07-23T16:00:13.404,74.4102,22.8932,13.9431
2026-07-23T16:00:13.415,74.4102,22.7562,14.0018
2026-07-23T16:00:13.425,74.4411,22.9128,13.9822
2026-07-23T16:00:13.436,74.4467,22.717,14.0606
2026-07-23T16:00:13.436,74.4477,22.7562,14.0018
2026-07-23T16:00:13.461,74.4551,22.6583,13.9822
2026-07-23T16:00:13.461,74.4551,22.9324,14.041
2026-07-23T16:00:13.467,74.4791,22.717,13.9822
2026-07-23T16:00:13.484,74.4791,22.8149,14.041
2026-07-23T16:00:13.497,74.4791,22.8149,14.0214
2026-07-23T16:00:13.506,74.4952,22.9128,14.178
2026-07-23T16:00:13.516,74.5265,23.0303,14.0606
2026-07-23T16:00:13.530,74.5331,23.0107,14.0997
2026-07-23T16:00:13.530,74.5331,23.0499,14.0997
2026-07-23T16:00:13.530,74.5389,23.1282,14.0997
2026-07-23T16:00:13.562,74.5626,23.2261,14.1193
2026-07-23T16:00:13.562,74.5626,23.2457,14.0606
2026-07-23T16:00:13.562,74.5626,23.1674,14.0606
2026-07-23T16:00:13.584,74.574,23.2065,14.041
2026-07-23T16:00:13.593,74.5805,23.089,14.0997
2026-07-23T16:00:13.609,74.6079,23.2653,14.0997
2026-07-23T16:00:13.613,74.6127,23.1478,14.0214
2026-07-23T16:00:13.625,74.622,23.4023,14.0606
2026-07-23T16:00:13.631,74.6266,23.3632,14.0018
2026-07-23T16:00:13.641,74.6542,23.6177,14.1193
2026-07-23T16:00:13.656,74.6542,23.7156,14.178
2026-07-23T16:00:13.663,74.664,23.794,14.1389
2026-07-23T16:00:13.673,74.669,23.9506,14.1976
2026-07-23T16:00:13.688,74.7044,23.9506,14.2368
2026-07-23T16:00:13.693,74.7044,24.0093,14.2564
2026-07-23T16:00:13.705,74.7074,23.931,14.2564
2026-07-23T16:00:13.717,74.7129,23.8919,14.2172
2026-07-23T16:00:13.720,74.7129,23.9114,14.2172
2026-07-23T16:00:13.720,74.7474,23.7744,14.3543
2026-07-23T16:00:13.746,74.7485,23.8919,14.178
2026-07-23T16:00:13.755,74.7533,23.7156,14.1585
2026-07-23T16:00:13.768,74.7559,23.8919,14.178
2026-07-23T16:00:13.786,74.7892,23.7744,14.1976
2026-07-23T16:00:13.793,74.7892,23.931,14.1976
2026-07-23T16:00:13.793,74.7892,23.7548,14.0997
2026-07-23T16:00:13.807,74.798,23.9114,14.1389
2026-07-23T16:00:13.831,74.831,23.7548,14.0606
2026-07-23T16:00:13.831,74.831,23.8135,14.1976
2026-07-23T16:00:13.840,74.837,23.7744,14.1389
2026-07-23T16:00:13.840,74.8393,23.696,14.1389
2026-07-23T16:00:13.853,74.8436,23.696,14.0801
2026-07-23T16:00:13.863,74.8623,23.4807,14.0997
2026-07-23T16:00:13.863,74.8724,23.4219,14.0801
2026-07-23T16:00:13.882,74.8753,23.4415,14.0214
2026-07-23T16:00:13.895,74.8847,23.3044,14.0997
2026-07-23T16:00:13.904,74.9139,23.4415,14.0801
2026-07-23T16:00:13.913,74.9161,23.324,14.0801
2026-07-23T16:00:13.923,74.9161,23.6373,13.9822
2026-07-23T16:00:13.936,74.9255,23.4611,14.0018
2026-07-23T16:00:13.947,74.9558,23.6569,14.0606
2026-07-23T16:00:13.958,74.9558,23.4807,13.9626
2026-07-23T16:00:13.967,74.9623,23.7156,14.1585
2026-07-23T16:00:13.976,74.9623,23.6177,14.0018
2026-07-23T16:00:13.994,74.9857,23.6177,13.9626
2026-07-23T16:00:13.994,74.9857,23.5394,14.0214
2026-07-23T16:00:14.007,74.9979,23.5394,13.9626
2026-07-23T16:00:14.013,75.0048,23.5981,13.8843
2026-07-23T16:00:14.021,75.033,23.3828,14.0018
2026-07-23T16:00:14.037,75.033,23.4023,14.041
2026-07-23T16:00:14.037,75.0392,23.4219,13.9039
2026-07-23T16:00:14.058,75.0431,23.2261,13.9235
2026-07-23T16:00:14.065,75.0644,23.324,13.806
2026-07-23T16:00:14.075,75.0644,23.2261,13.8843
2026-07-23T16:00:14.084,75.0644,23.2653,13.8843
2026-07-23T16:00:14.094,75.0644,23.0303,13.7668
2026-07-23T16:00:14.115,75.1111,23.2261,13.8452
2026-07-23T16:00:14.115,75.1111,23.0107,13.806
2026-07-23T16:00:14.115,75.1111,23.089,13.9235
2026-07-23T16:00:14.134,75.1481,23.1086,13.9039
2026-07-23T16:00:14.146,75.1533,23.3044,13.9822
2026-07-23T16:00:14.146,75.1533,23.1869,13.9626
2026-07-23T16:00:14.162,75.1604,23.2261,14.0214
2026-07-23T16:00:14.174,75.1604,23.2065,14.0997
2026-07-23T16:00:14.180,75.1917,23.3044,14.0018
2026-07-23T16:00:14.194,75.1917,23.2653,14.0997
2026-07-23T16:00:14.204,75.1979,23.4807,14.1193
2026-07-23T16:00:14.215,75.2048,23.3632,14.2368
2026-07-23T16:00:14.225,75.2288,23.4611,14.2172
2026-07-23T16:00:14.241,75.2288,23.2457,14.3543
2026-07-23T16:00:14.243,75.2372,23.4807,14.3347
2026-07-23T16:00:14.257,75.2412,23.3436,14.4326
2026-07-23T16:00:14.257,75.2624,23.6569,14.5697
2026-07-23T16:00:14.277,75.2706,23.7548,14.6088
2026-07-23T16:00:14.280,75.2706,24.0485,14.6284
2026-07-23T16:00:14.292,75.2706,24.0681,14.6284
2026-07-23T16:00:14.304,75.3047,24.1856,14.7263
2026-07-23T16:00:14.313,75.3075,24.2051,14.6871
2026-07-23T16:00:14.321,75.3125,24.2835,14.5892
2026-07-23T16:00:14.335,75.3346,24.3618,14.6676
2026-07-23T16:00:14.340,75.3439,24.4401,14.648
2026-07-23T16:00:14.356,75.3469,24.3618,14.785
2026-07-23T16:00:14.363,75.3469,24.5184,14.7067
2026-07-23T16:00:14.378,75.3835,24.2835,14.785
2026-07-23T16:00:14.385,75.3885,24.5184,14.6871
2026-07-23T16:00:14.395,75.3885,24.3814,14.7459
2026-07-23T16:00:14.398,75.3936,24.6359,14.8438
2026-07-23T16:00:14.418,75.423,24.4597,14.7655
2026-07-23T16:00:14.429,75.4291,24.4793,14.8829
2026-07-23T16:00:14.429,75.4291,24.401,14.8438
2026-07-23T16:00:14.444,75.4291,24.4989,14.9025
2026-07-23T16:00:14.456,75.4624,24.5576,14.8634
2026-07-23T16:00:14.465,75.4624,24.5968,14.8634
2026-07-23T16:00:14.474,75.4691,24.6751,14.8829
2026-07-23T16:00:14.480,75.4721,24.8317,14.9025
2026-07-23T16:00:14.497,75.4981,24.8513,14.9025
2026-07-23T16:00:14.507,75.5034,25.0471,14.8438
2026-07-23T16:00:14.520,75.5084,24.8709,14.9808
2026-07-23T16:00:14.525,75.5084,25.3213,14.9808
2026-07-23T16:00:14.539,75.5401,25.1059,15.0983
2026-07-23T16:00:14.539,75.5401,25.3017,15.02
2026-07-23T16:00:14.556,75.5479,25.0863,15.0004
2026-07-23T16:00:14.559,75.5504,25.3017,15.0004
2026-07-23T16:00:14.586,75.5815,25.0275,14.9808
2026-07-23T16:00:14.586,75.5815,25.3017,15.0396
2026-07-23T16:00:14.601,75.5889,25.1059,14.9808
2026-07-23T16:00:14.605,75.5889,25.2625,15.0396
2026-07-23T16:00:14.613,75.6132,25.1646,14.9221
2026-07-23T16:00:14.618,75.6132,25.2233,14.9221
2026-07-23T16:00:14.632,75.6232,25.3213,14.9417
2026-07-23T16:00:14.648,75.651,25.2233,14.8829
2026-07-23T16:00:14.656,75.6549,25.2429,14.9221
2026-07-23T16:00:14.664,75.6549,25.3017,14.8634
2026-07-23T16:00:14.679,75.6603,25.2038,14.8829
2026-07-23T16:00:14.680,75.6766,25.3017,14.8046
2026-07-23T16:00:14.696,75.6921,25.0667,14.9221
2026-07-23T16:00:14.706,75.696,25.2429,14.8438
2026-07-23T16:00:14.716,75.696,24.9688,14.785
2026-07-23T16:00:14.716,75.7277,25.1254,14.8438
2026-07-23T16:00:14.727,75.7292,24.9492,14.8046
2026-07-23T16:00:14.747,75.7292,25.0863,14.7263
2026-07-23T16:00:14.759,75.7624,24.7926,14.6871
2026-07-23T16:00:14.759,75.7624,24.8905,14.7067
2026-07-23T16:00:14.778,75.771,24.8317,14.6284
2026-07-23T16:00:14.780,75.772,24.9296,14.6676
2026-07-23T16:00:14.806,75.8024,24.8317,14.6676
2026-07-23T16:00:14.807,75.805,24.8513,14.648
2026-07-23T16:00:14.813,75.805,24.6751,14.7067
2026-07-23T16:00:14.823,75.805,24.6751,14.6871
2026-07-23T16:00:14.841,75.8338,24.6751,14.7263
2026-07-23T16:00:14.846,75.8338,24.7338,14.7067
2026-07-23T16:00:14.856,75.8461,24.6359,14.7067
2026-07-23T16:00:14.856,75.8735,24.8709,14.6871
2026-07-23T16:00:14.883,75.8735,24.6947,14.7067
2026-07-23T16:00:14.885,75.8811,24.9296,14.6284
2026-07-23T16:00:14.901,75.8862,24.7338,14.7067
2026-07-23T16:00:14.901,75.8862,25.0471,14.7459
2026-07-23T16:00:14.924,75.9194,24.7338,14.8046
2026-07-23T16:00:14.924,75.9194,24.8317,14.8242
2026-07-23T16:00:14.937,75.9251,24.773,14.785
2026-07-23T16:00:14.948,75.9588,24.8122,14.7655
2026-07-23T16:00:14.964,75.9623,24.7926,14.7067
2026-07-23T16:00:14.970,75.9623,24.773,14.7263
2026-07-23T16:00:14.976,75.9623,24.7926,14.7263
2026-07-23T16:00:14.991,75.9925,24.7926,14.7655
2026-07-23T16:00:14.997,75.9979,24.8513,14.8242
2026-07-23T16:00:14.997,75.9989,24.9101,14.785
2026-07-23T16:00:15.013,76.0051,24.8709,14.8829
2026-07-23T16:00:15.028,76.0371,25.008,14.8242
2026-07-23T16:00:15.028,76.0396,24.8317,14.8242
2026-07-23T16:00:15.049,76.0426,25.0863,14.785
2026-07-23T16:00:15.056,76.047,24.9296,14.7263
2026-07-23T16:00:15.059,76.074,25.145,14.7655
2026-07-23T16:00:15.075,76.074,24.9492,14.7459
2026-07-23T16:00:15.080,76.0821,25.2038,14.8438
2026-07-23T16:00:15.098,76.0867,25.1059,14.7459
2026-07-23T16:00:15.108,76.1052,25.1646,14.785
2026-07-23T16:00:15.122,76.1184,25.0863,14.6871
2026-07-23T16:00:15.125,76.1184,25.1842,14.7263
2026-07-23T16:00:15.133,76.1236,25.0863,14.6871
2026-07-23T16:00:15.156,76.1557,25.0471,14.9025
2026-07-23T16:00:15.156,76.1557,25.0471,14.6088
2026-07-23T16:00:15.156,76.1557,25.145,14.6088
2026-07-23T16:00:15.174,76.1692,25.1842,14.5697
2026-07-23T16:00:15.189,76.2053,25.4387,14.6088
2026-07-23T16:00:15.201,76.2086,25.2429,14.6284
2026-07-23T16:00:15.206,76.2086,25.4779,14.6088
2026-07-23T16:00:15.206,76.2142,25.0863,14.648
2026-07-23T16:00:15.225,76.2142,25.1646,14.6284
2026-07-23T16:00:15.232,76.2488,24.9492,14.5501
2026-07-23T16:00:15.248,76.2488,25.0863,14.5697
2026-07-23T16:00:15.259,76.2488,24.8905,14.4913
2026-07-23T16:00:15.265,76.2604,25.0667,14.4913
2026-07-23T16:00:15.265,76.2907,25.0863,14.4717
2026-07-23T16:00:15.296,76.2958,25.145,14.4913
2026-07-23T16:00:15.300,76.2958,25.1646,14.3934
2026-07-23T16:00:15.300,76.2958,25.0667,14.4326
2026-07-23T16:00:15.313,76.3054,25.0471,14.4326
2026-07-23T16:00:15.327,76.3365,25.1059,14.5697
2026-07-23T16:00:15.327,76.3394,25.1254,14.5892
2026-07-23T16:00:15.347,76.3414,25.2429,14.5892
2026-07-23T16:00:15.356,76.3449,25.145,14.5892
2026-07-23T16:00:15.375,76.3741,25.2821,14.5892
2026-07-23T16:00:15.375,76.3778,25.0863,14.5305
2026-07-23T16:00:15.387,76.3778,25.2429,14.4522
2026-07-23T16:00:15.399,76.3866,24.9884,14.4717
2026-07-23T16:00:15.408,76.4055,25.1646,14.5697
2026-07-23T16:00:15.422,76.4157,24.9884,14.5109
2026-07-23T16:00:15.425,76.4183,25.0863,14.5892
2026-07-23T16:00:15.437,76.4183,25.1254,14.5305
2026-07-23T16:00:15.447,76.4497,25.145,14.5892
2026-07-23T16:00:15.456,76.4514,25.1646,14.5697
2026-07-23T16:00:15.467,76.4514,25.2233,14.6088
2026-07-23T16:00:15.469,76.4812,25.2233,14.5697
2026-07-23T16:00:15.486,76.4812,25.145,14.5501
2026-07-23T16:00:15.486,76.4812,25.0471,14.4913
2026-07-23T16:00:15.502,76.4812,25.1254,14.4717
2026-07-23T16:00:15.518,76.5217,24.9688,14.5109
2026-07-23T16:00:15.518,76.5217,25.1646,14.413
2026-07-23T16:00:15.532,76.5217,25.0471,14.5697
2026-07-23T16:00:15.548,76.5292,25.2429,14.5697
2026-07-23T16:00:15.550,76.549,25.1254,14.5697
2026-07-23T16:00:15.564,76.5603,25.2233,14.6871
2026-07-23T16:00:15.573,76.5624,25.0471,14.5697
2026-07-23T16:00:15.580,76.5624,25.1842,14.6088
2026-07-23T16:00:15.600,76.5957,25.0863,14.5305
2026-07-23T16:00:15.600,76.5957,25.0275,14.5892
2026-07-23T16:00:15.613,76.5957,25.0471,14.4522
2026-07-23T16:00:15.627,76.6243,25.1646,14.4913
2026-07-23T16:00:15.633,76.6291,25.0863,14.4326
2026-07-23T16:00:15.647,76.6291,25.008,14.3934
2026-07-23T16:00:15.659,76.6551,25.0667,14.3543
2026-07-23T16:00:15.665,76.6583,24.9296,14.3347
2026-07-23T16:00:15.675,76.6583,24.8513,14.3934
2026-07-23T16:00:15.687,76.6662,24.9492,14.3934
2026-07-23T16:00:15.694,76.6865,24.773,14.4326
2026-07-23T16:00:15.709,76.6961,24.9101,14.413
2026-07-23T16:00:15.717,76.6961,24.8122,14.4522
2026-07-23T16:00:15.726,76.7243,25.008,14.5697
2026-07-23T16:00:15.726,76.7289,24.8513,14.5697
2026-07-23T16:00:15.747,76.7313,25.1059,14.785
2026-07-23T16:00:15.758,76.75,25.1842,14.7459
2026-07-23T16:00:15.769,76.75,25.3408,14.8046
2026-07-23T16:00:15.780,76.7627,25.3408,14.785
2026-07-23T16:00:15.785,76.7653,25.38,14.8242
2026-07-23T16:00:15.801,76.7831,25.4583,14.9025
2026-07-23T16:00:15.801,76.7911,25.615,14.9613
2026-07-23T16:00:15.818,76.7968,25.6345,14.9025
2026-07-23T16:00:15.818,76.8212,25.752,14.9221
2026-07-23T16:00:15.834,76.8232,25.7716,14.9808
2026-07-23T16:00:15.848,76.8285,25.987,14.9221
2026-07-23T16:00:15.857,76.8501,25.9087,14.8829
2026-07-23T16:00:15.863,76.8591,26.1828,14.9025
2026-07-23T16:00:15.879,76.8626,25.9478,14.8634
2026-07-23T16:00:15.884,76.8922,26.1045,14.8634
2026-07-23T16:00:15.901,76.8958,25.8304,14.8438
2026-07-23T16:00:15.901,76.8979,25.8695,14.9025
2026-07-23T16:00:15.913,76.8979,25.6737,14.7655
2026-07-23T16:00:15.928,76.929,25.7912,14.8242
2026-07-23T16:00:15.928,76.929,25.8891,14.785
2026-07-23T16:00:15.947,76.929,25.8891,14.8438
2026-07-23T16:00:15.959,76.9625,25.9674,14.9221
2026-07-23T16:00:15.967,76.9717,26.0066,14.8242
2026-07-23T16:00:15.975,76.977,26.1045,14.9613
2026-07-23T16:00:15.980,76.977,26.1045,14.8829
2026-07-23T16:00:16.003,77.0059,26.1436,14.9417
2026-07-23T16:00:16.013,77.0059,26.3003,14.9417
2026-07-23T16:00:16.013,77.0059,26.1045,15.0592
2026-07-23T16:00:16.028,77.0187,26.2024,15.02
2026-07-23T16:00:16.039,77.0243,26.0066,15.0396
2026-07-23T16:00:16.039,77.0509,26.1632,15.0592
2026-07-23T16:00:16.057,77.0509,26.1045,14.9417
2026-07-23T16:00:16.057,77.0509,26.4374,14.9613
2026-07-23T16:00:16.075,77.0624,26.4374,15.0004
2026-07-23T16:00:16.092,77.0878,26.4961,14.9613
2026-07-23T16:00:16.092,77.0878,26.4765,14.9417
2026-07-23T16:00:16.102,77.0958,26.3395,14.9613
2026-07-23T16:00:16.116,77.0988,26.2611,14.8829
2026-07-23T16:00:16.118,77.1249,26.222,14.8438
2026-07-23T16:00:16.134,77.1304,26.359,14.9221
2026-07-23T16:00:16.150,77.1304,26.3199,14.8242
2026-07-23T16:00:16.157,77.1641,26.3199,14.9221
2026-07-23T16:00:16.165,77.1666,26.2611,14.8242
2026-07-23T16:00:16.176,77.1721,26.1045,14.9221
2026-07-23T16:00:16.181,77.1758,26.222,14.9025
2026-07-23T16:00:16.197,77.1958,26.1241,14.9025
2026-07-23T16:00:16.213,77.2061,26.2024,14.9613
2026-07-23T16:00:16.217,77.2107,26.1045,14.8634
2026-07-23T16:00:16.227,77.2133,26.1436,14.9221
2026-07-23T16:00:16.228,77.2426,26.1828,14.9221
2026-07-23T16:00:16.247,77.2426,26.3003,15.02
2026-07-23T16:00:16.262,77.2498,26.2415,14.8829
2026-07-23T16:00:16.267,77.2773,26.2024,14.8829
2026-07-23T16:00:16.275,77.2773,26.222,14.9025
2026-07-23T16:00:16.280,77.2773,26.2415,14.8634
2026-07-23T16:00:16.301,77.2877,26.222,14.8438
2026-07-23T16:00:16.303,77.2877,26.1828,14.8242
2026-07-23T16:00:16.324,77.3193,26.2611,14.9808
2026-07-23T16:00:16.324,77.3193,26.3199,14.9808
2026-07-23T16:00:16.339,77.3193,26.3395,14.9417
2026-07-23T16:00:16.347,77.3523,26.4374,15.02
2026-07-23T16:00:16.357,77.3523,26.359,14.9808
2026-07-23T16:00:16.370,77.3523,26.359,15.02
2026-07-23T16:00:16.370,77.3523,26.3982,15.0788
2026-07-23T16:00:16.386,77.3822,26.5548,15.0983
2026-07-23T16:00:16.386,77.3875,26.5157,15.1571
2026-07-23T16:00:16.403,77.3875,26.4961,15.1571
2026-07-23T16:00:16.417,77.4188,26.4961,15.1767
2026-07-23T16:00:16.433,77.4188,26.3003,15.2746
2026-07-23T16:00:16.438,77.4188,26.3003,15.2354
2026-07-23T16:00:16.449,77.4524,26.2807,15.2941
2026-07-23T16:00:16.457,77.4524,26.2807,15.3137
2026-07-23T16:00:16.465,77.4587,26.1828,15.3137
2026-07-23T16:00:16.470,77.4627,26.2415,15.2941
2026-07-23T16:00:16.480,77.4767,25.987,15.1962
2026-07-23T16:00:16.496,77.4924,26.1241,15.2158
2026-07-23T16:00:16.514,77.4924,26.1828,15.1962
2026-07-23T16:00:16.514,77.5083,26.1436,15.2158
2026-07-23T16:00:16.527,77.5246,26.3199,15.1962
2026-07-23T16:00:16.527,77.5246,26.3395,15.1375
2026-07-23T16:00:16.551,77.5291,26.3982,15.2158
2026-07-23T16:00:16.559,77.5555,26.4374,15.1375
2026-07-23T16:00:16.559,77.5555,26.4374,15.1375
2026-07-23T16:00:16.575,77.5645,26.4178,15.1767
2026-07-23T16:00:16.591,77.5868,26.4178,15.2354
2026-07-23T16:00:16.603,77.5868,26.5157,15.2941
2026-07-23T16:00:16.606,77.5959,26.4374,15.2941
2026-07-23T16:00:16.615,77.5959,26.5548,15.2158
2026-07-23T16:00:16.622,77.6221,26.5157,15.2158
2026-07-23T16:00:16.638,77.629,26.5157,15.2941
2026-07-23T16:00:16.647,77.629,26.6527,15.1962
2026-07-23T16:00:16.658,77.6594,26.6136,15.3137
2026-07-23T16:00:16.670,77.6658,26.829,15.255
2026-07-23T16:00:16.676,77.6674,26.7115,15.3137
2026-07-23T16:00:16.685,77.6674,26.9269,15.4704
2026-07-23T16:00:16.701,77.6959,27.0052,15.4508
2026-07-23T16:00:16.704,77.6976,27.0835,15.5683
2026-07-23T16:00:16.718,77.6976,27.0639,15.5095
2026-07-23T16:00:16.732,77.7303,26.829,15.5291
2026-07-23T16:00:16.732,77.7303,26.9073,15.392
2026-07-23T16:00:16.747,77.7303,26.7898,15.4508
2026-07-23T16:00:16.748,77.7303,26.9465,15.4899
2026-07-23T16:00:16.764,77.7684,26.9465,15.5487
2026-07-23T16:00:16.764,77.7684,27.1227,15.6662
2026-07-23T16:00:16.781,77.7765,27.0835,15.6858
2026-07-23T16:00:16.796,77.796,27.1227,15.7837
2026-07-23T16:00:16.811,77.8093,27.1814,15.7445
2026-07-23T16:00:16.819,77.8093,27.1814,15.7837
2026-07-23T16:00:16.827,77.8093,27.201,15.7445
2026-07-23T16:00:16.827,77.84,27.1814,15.7641
2026-07-23T16:00:16.847,77.8436,27.3381,15.7837
2026-07-23T16:00:16.858,77.8436,27.4556,15.7837
2026-07-23T16:00:16.860,77.8436,27.6709,15.8424
2026-07-23T16:00:16.885,77.8758,27.7101,15.7837
2026-07-23T16:00:16.885,77.8758,27.6318,15.9011
2026-07-23T16:00:16.894,77.8829,27.7493,15.862
2026-07-23T16:00:16.913,77.9068,27.6318,15.9599
2026-07-23T16:00:16.923,77.9068,27.8276,15.9207
2026-07-23T16:00:16.927,77.9175,27.7101,16.0186
2026-07-23T16:00:16.938,77.9213,27.8863,15.9599
2026-07-23T16:00:16.947,77.9351,27.8276,15.9207
2026-07-23T16:00:16.958,77.9508,27.8472,15.9011
2026-07-23T16:00:16.972,77.959,27.7884,15.8424
2026-07-23T16:00:16.972,77.9824,27.8863,15.9795
2026-07-23T16:00:16.980,77.9844,27.9255,15.999
2026-07-23T16:00:16.986,77.9844,27.9451,15.9599
2026-07-23T16:00:17.010,77.9844,27.9842,16.0774
2026-07-23T16:00:17.018,78.0148,27.9842,16.0774
2026-07-23T16:00:17.018,78.0148,28.1213,16.2536
2026-07-23T16:00:17.035,78.0148,28.1213,16.1753
2026-07-23T16:00:17.035,78.0292,28.0626,16.1753
2026-07-23T16:00:17.065,78.0564,28.1605,16.1557
2026-07-23T16:00:17.066,78.0564,28.043,16.1753
2026-07-23T16:00:17.066,78.0611,28.2388,16.097
2026-07-23T16:00:17.080,78.0843,28.2192,16.097
2026-07-23T16:00:17.096,78.0843,28.415,16.1361
2026-07-23T16:00:17.107,78.0929,28.3367,16.1949
2026-07-23T16:00:17.113,78.0959,28.4933,16.2928
2026-07-23T16:00:17.132,78.1089,28.3563,16.3907
2026-07-23T16:00:17.135,78.1245,28.3758,16.469
2026-07-23T16:00:17.147,78.126,28.3563,16.5865
2026-07-23T16:00:17.160,78.1402,28.3367,16.704
2026-07-23T16:00:17.160,78.155,28.4933,16.8019
2026-07-23T16:00:17.177,78.156,28.5325,17.076
2026-07-23T16:00:17.191,78.1875,28.65,17.2326
2026-07-23T16:00:17.191,78.1875,28.6304,17.311
2026-07-23T16:00:17.206,78.1931,28.65,17.4284
2026-07-23T16:00:17.218,78.2201,28.787,17.2718
2026-07-23T16:00:17.223,78.2231,28.7675,17.311
2026-07-23T16:00:17.238,78.2231,29.1787,17.2326
2026-07-23T16:00:17.246,78.2292,29.0024,17.2131
2026-07-23T16:00:17.260,78.2553,29.1787,17.1347
2026-07-23T16:00:17.260,78.2553,29.022,16.9977
2026-07-23T16:00:17.274,78.2553,29.3157,16.9389
2026-07-23T16:00:17.286,78.2822,29.3745,16.8606
2026-07-23T16:00:17.303,78.2822,29.8052,16.8998
2026-07-23T16:00:17.306,78.2928,30.0011,16.8802
2026-07-23T16:00:17.313,78.296,30.1381,16.9781
2026-07-23T16:00:17.317,78.3211,30.2556,16.9389
2026-07-23T16:00:17.333,78.3211,30.1381,16.8998
2026-07-23T16:00:17.344,78.3211,30.099,16.8802
2026-07-23T16:00:17.364,78.345,30.0011,16.8214
2026-07-23T16:00:17.364,78.345,30.1381,16.8214
2026-07-23T16:00:17.372,78.3558,30.2752,16.7431
2026-07-23T16:00:17.388,78.3803,30.0402,16.7627
2026-07-23T16:00:17.396,78.3803,30.0011,16.704
2026-07-23T16:00:17.407,78.3803,29.7269,16.7627
2026-07-23T16:00:17.414,78.4132,29.7465,16.7235
2026-07-23T16:00:17.427,78.4132,29.4332,16.704
2026-07-23T16:00:17.431,78.4179,29.5115,16.8214
2026-07-23T16:00:17.449,78.4416,29.3549,16.9389
2026-07-23T16:00:17.459,78.4416,29.4528,17.1152
2026-07-23T16:00:17.469,78.4518,29.394,17.1935
2026-07-23T16:00:17.480,78.476,29.4724,17.3305
2026-07-23T16:00:17.490,78.4783,29.4332,17.2914
2026-07-23T16:00:17.492,78.4816,29.5507,17.2522
2026-07-23T16:00:17.510,78.508,29.5703,17.2522
2026-07-23T16:00:17.523,78.508,29.629,17.2718
2026-07-23T16:00:17.527,78.508,29.5507,17.1935
2026-07-23T16:00:17.538,78.508,29.4332,17.1739
2026-07-23T16:00:17.538,78.5381,29.3157,17.0368
2026-07-23T16:00:17.559,78.5432,29.4332,16.9977
2026-07-23T16:00:17.559,78.5432,29.2766,16.9585
2026-07-23T16:00:17.585,78.5711,29.5115,16.841
2026-07-23T16:00:17.585,78.5711,29.3353,16.8802
2026-07-23T16:00:17.594,78.5711,29.4528,16.8606
2026-07-23T16:00:17.607,78.5977,29.4528,16.7823
2026-07-23T16:00:17.616,78.5977,29.7269,16.8802
2026-07-23T16:00:17.622,78.6083,29.629,16.9389
2026-07-23T16:00:17.647,78.6313,29.6878,16.9585
2026-07-23T16:00:17.647,78.6313,29.9227,17.0172
2026-07-23T16:00:17.659,78.6313,30.0794,17.0564
2026-07-23T16:00:17.680,78.6624,30.236,17.076
2026-07-23T16:00:17.682,78.6624,30.2752,17.1739
2026-07-23T16:00:17.682,78.6681,30.3535,17.1347
2026-07-23T16:00:17.710,78.6959,30.236,17.0368
2026-07-23T16:00:17.710,78.6959,30.236,17.0172
2026-07-23T16:00:17.719,78.6999,30.4514,17.0172
2026-07-23T16:00:17.724,78.724,30.4318,16.9781
2026-07-23T16:00:17.743,78.7294,30.6472,16.9193
2026-07-23T16:00:17.747,78.7315,30.3731,17.0172
2026-07-23T16:00:17.761,78.757,30.5689,17.0564
2026-07-23T16:00:17.761,78.7626,30.3927,17.076
2026-07-23T16:00:17.780,78.7626,30.7255,17.1347
2026-07-23T16:00:17.787,78.7626,30.8626,17.2522
2026-07-23T16:00:17.808,78.796,31.3717,17.2326
2026-07-23T16:00:17.808,78.796,31.6263,17.2326
2026-07-23T16:00:17.813,78.796,31.9591,17.4089
2026-07-23T16:00:17.823,78.8314,32.0375,17.2914
2026-07-23T16:00:17.838,78.8352,32.1354,17.1543
2026-07-23T16:00:17.847,78.8358,32.1549,17.1347
2026-07-23T16:00:17.856,78.8358,32.2724,17.0564
2026-07-23T16:00:17.859,78.8676,32.3116,17.0564
2026-07-23T16:00:17.871,78.8676,32.2724,16.8606
2026-07-23T16:00:17.882,78.8768,32.057,16.8802
2026-07-23T16:00:17.897,78.8985,32.1549,16.8019
2026-07-23T16:00:17.902,78.8985,32.0375,16.7823
2026-07-23T16:00:17.918,78.9103,32.2528,16.7823
2026-07-23T16:00:17.928,78.9142,32.2137,16.704
2026-07-23T16:00:17.941,78.9312,32.3507,16.9389
2026-07-23T16:00:17.949,78.9403,32.1941,16.841
2026-07-23T16:00:17.949,78.9403,32.3116,16.9193
2026-07-23T16:00:17.966,78.9459,32.1745,16.8802
2026-07-23T16:00:17.969,78.9746,32.2528,16.9193
2026-07-23T16:00:17.982,78.978,32.3116,16.841
2026-07-23T16:00:17.997,78.978,32.3899,16.8214
2026-07-23T16:00:18.008,79.0106,32.4878,16.7823
2026-07-23T16:00:18.013,79.0142,32.8207,16.8802
2026-07-23T16:00:18.029,79.0205,32.8403,16.841
2026-07-23T16:00:18.036,79.0437,32.9773,16.8214
2026-07-23T16:00:18.045,79.0437,33.0752,16.8802
2026-07-23T16:00:18.053,79.0437,33.2515,16.9389
2026-07-23T16:00:18.071,79.0577,33.2123,16.9977
2026-07-23T16:00:18.077,79.0853,33.506,17.0172
2026-07-23T16:00:18.093,79.0882,33.3494,17.1152
2026-07-23T16:00:18.095,79.0892,33.5256,17.311
2026-07-23T16:00:18.109,79.0892,33.1927,17.2522
2026-07-23T16:00:18.115,79.1209,33.3689,17.448
2026-07-23T16:00:18.128,79.127,33.2515,17.3501
2026-07-23T16:00:18.139,79.127,33.7997,17.3697
2026-07-23T16:00:18.147,79.1363,33.7801,17.2326
2026-07-23T16:00:18.160,79.1629,33.741,17.3305
2026-07-23T16:00:18.160,79.166,33.5452,17.3697
2026-07-23T16:00:18.178,79.1705,33.4081,17.5459
2026-07-23T16:00:18.187,79.1705,33.2123,17.6047
2026-07-23T16:00:18.187,79.1997,33.271,17.6047
2026-07-23T16:00:18.209,79.2085,33.2906,17.6438
2026-07-23T16:00:18.217,79.2106,33.3494,17.5851
2026-07-23T16:00:18.221,79.2106,33.1536,17.6438
2026-07-23T16:00:18.235,79.2416,33.0948,17.448
2026-07-23T16:00:18.235,79.2474,32.5661,17.4089
2026-07-23T16:00:18.261,79.2522,32.527,17.2131
2026-07-23T16:00:18.266,79.2589,32.3507,17.1152
2026-07-23T16:00:18.282,79.2793,32.5857,17.1347
2026-07-23T16:00:18.290,79.2793,32.6053,17.1152
2026-07-23T16:00:18.303,79.294,32.9969,17.2718
2026-07-23T16:00:18.310,79.2961,32.7619,17.3501
2026-07-23T16:00:18.313,79.3126,32.8598,17.5068
2026-07-23T16:00:18.330,79.3293,32.9186,17.4872
2026-07-23T16:00:18.330,79.3314,33.2906,17.5459
2026-07-23T16:00:18.347,79.3355,33.4277,17.5068
2026-07-23T16:00:18.347,79.3627,33.506,17.5851
2026-07-23T16:00:18.363,79.3627,33.3494,17.6634
2026-07-23T16:00:18.376,79.3724,33.271,17.683
2026-07-23T16:00:18.386,79.3773,33.0752,17.8005
2026-07-23T16:00:18.396,79.406,33.0361,17.7222
2026-07-23T16:00:18.410,79.4095,32.8011,17.6634
2026-07-23T16:00:18.428,79.4095,32.9186,17.5459
2026-07-23T16:00:18.428,79.4095,32.7424,17.5459
2026-07-23T16:00:18.439,79.4356,32.8794,17.448
2026-07-23T16:00:18.447,79.4513,32.8011,17.5068
2026-07-23T16:00:18.460,79.4513,33.0361,17.3893
2026-07-23T16:00:18.470,79.4607,32.9382,17.448
2026-07-23T16:00:18.480,79.484,33.2319,17.4676
2026-07-23T16:00:18.486,79.484,33.134,17.4089
2026-07-23T16:00:18.502,79.4961,33.1731,17.5655
2026-07-23T16:00:18.510,79.5025,33.0752,17.5068
2026-07-23T16:00:18.514,79.5293,32.9186,17.6634
2026-07-23T16:00:18.535,79.5359,32.9186,17.7417
2026-07-23T16:00:18.535,79.5359,33.0752,17.7417
2026-07-23T16:00:18.549,79.5452,33.2319,17.8201
2026-07-23T16:00:18.558,79.5487,33.3689,17.7222
2026-07-23T16:00:18.566,79.5629,33.3102,17.8592
2026-07-23T16:00:18.566,79.5774,33.4668,17.8005
2026-07-23T16:00:18.587,79.5809,33.2319,17.6438
2026-07-23T16:00:18.599,79.5879,33.3689,17.6634
2026-07-23T16:00:18.599,79.6097,33.2906,17.7026
2026-07-23T16:00:18.614,79.6097,33.6627,17.8396
2026-07-23T16:00:18.629,79.6239,33.6039,17.8592
2026-07-23T16:00:18.639,79.6275,33.9564,17.918
2026-07-23T16:00:18.647,79.6397,34.0347,17.9571
2026-07-23T16:00:18.660,79.6589,34.2305,17.8984
2026-07-23T16:00:18.661,79.6625,34.3871,17.8201
2026-07-23T16:00:18.680,79.6625,34.485,17.8005
2026-07-23T16:00:18.680,79.6866,34.6417,17.7417
2026-07-23T16:00:18.690,79.696,34.8571,17.6634
2026-07-23T16:00:18.710,79.7027,35.1312,17.5851
2026-07-23T16:00:18.713,79.7079,35.4837,17.6047
2026-07-23T16:00:18.729,79.7294,35.8361,17.6047
2026-07-23T16:00:18.737,79.7376,36.3648,17.6047
2026-07-23T16:00:18.747,79.7376,36.6389,17.7222
2026-07-23T16:00:18.761,79.7376,37.0305,17.683
2026-07-23T16:00:18.770,79.7748,37.1284,17.683
2026-07-23T16:00:18.770,79.7748,37.6375,17.7613
2026-07-23T16:00:18.788,79.7817,37.7942,17.8396
2026-07-23T16:00:18.788,79.785,38.3816,18.055
2026-07-23T16:00:18.807,79.8139,38.4012,18.1334
2026-07-23T16:00:18.821,79.8178,38.6949,18.2313
2026-07-23T16:00:18.826,79.824,38.8124,18.1529
2026-07-23T16:00:18.836,79.824,38.8907,18.1529
2026-07-23T16:00:18.849,79.8514,38.9103,18.0942
2026-07-23T16:00:18.861,79.8514,39.0278,17.9963
2026-07-23T16:00:18.869,79.861,39.0474,18.0746
2026-07-23T16:00:18.880,79.863,38.9886,18.2117
2026-07-23T16:00:18.887,79.8891,38.9299,18.2704
2026-07-23T16:00:18.897,79.8926,38.9103,18.1921
2026-07-23T16:00:18.912,79.8958,38.8711,18.1921
2026-07-23T16:00:18.914,79.9004,38.9886,18.1529
2026-07-23T16:00:18.934,79.9264,38.8907,18.0746
2026-07-23T16:00:18.940,79.9264,39.0865,18.0354
2026-07-23T16:00:18.947,79.9296,38.9103,17.9963
2026-07-23T16:00:18.970,79.9567,39.0474,18.1334
2026-07-23T16:00:18.970,79.961,38.8907,18.1725
2026-07-23T16:00:18.980,79.9626,39.3019,18.3879
2026-07-23T16:00:18.985,79.9665,39.3607,18.9166
2026-07-23T16:00:19.006,79.998,39.576,19.1124
2026-07-23T16:00:19.007,79.998,39.811,19.3278
2026-07-23T16:00:19.017,80.0028,40.046,19.3865
2026-07-23T16:00:19.026,80.0294,40.1635,19.3865
2026-07-23T16:00:19.038,80.0388,40.1243,19.3082
2026-07-23T16:00:19.054,80.0445,39.9872,19.2299
2026-07-23T16:00:19.054,80.0445,39.9872,19.2103
2026-07-23T16:00:19.069,80.0726,39.9285,19.3669
2026-07-23T16:00:19.069,80.0747,39.9089,19.3278
2026-07-23T16:00:19.090,80.0747,39.9481,19.4061
2026-07-23T16:00:19.095,80.0815,40.281,19.5236
2026-07-23T16:00:19.101,80.1132,40.1047,19.7977
2026-07-23T16:00:19.119,80.1132,40.2222,20.0327
2026-07-23T16:00:19.125,80.1172,39.9872,20.1893
2026-07-23T16:00:19.137,80.1448,40.0851,20.2677
2026-07-23T16:00:19.148,80.1448,39.7523,20.111
2026-07-23T16:00:19.148,80.1571,39.8502,20.0327
2026-07-23T16:00:19.168,80.1571,39.8698,19.9348
2026-07-23T16:00:19.179,80.1629,39.8698,20.0718
2026-07-23T16:00:19.180,80.1926,39.7914,20.0914
2026-07-23T16:00:19.196,80.1961,39.8306,20.111
2026-07-23T16:00:19.208,80.2002,40.0264,20.3656
2026-07-23T16:00:19.214,80.2037,40.1439,20.7376
2026-07-23T16:00:19.228,80.2313,40.3593,21.0705
2026-07-23T16:00:19.228,80.2313,40.281,21.4229
2026-07-23T16:00:19.251,80.2376,40.2418,21.6775
2026-07-23T16:00:19.258,80.2396,40.418,21.5991
2026-07-23T16:00:19.275,80.2627,40.2418,21.4425
2026-07-23T16:00:19.282,80.2627,40.2614,21.1488
2026-07-23T16:00:19.290,80.2744,39.8698,20.8942
2026-07-23T16:00:19.313,80.2982,39.9677,20.9334
2026-07-23T16:00:19.313,80.303,39.7914,20.8551
2026-07-23T16:00:19.313,80.303,39.9481,20.8942
2026-07-23T16:00:19.325,80.3102,39.7719,20.7768
2026-07-23T16:00:19.347,80.3364,39.7523,20.8159
2026-07-23T16:00:19.349,80.3364,39.576,20.6593
2026-07-23T16:00:19.354,80.3364,39.3019,20.5614
2026-07-23T16:00:19.369,80.3657,39.2236,20.6201
2026-07-23T16:00:19.369,80.3657,39.3215,20.718
2026-07-23T16:00:19.387,80.3784,39.4977,20.8355
2026-07-23T16:00:19.398,80.3816,39.5956,20.7768
2026-07-23T16:00:19.414,80.3973,39.5565,20.9334
2026-07-23T16:00:19.416,80.4102,39.6152,20.7963
2026-07-23T16:00:19.429,80.4132,39.3998,20.7768
2026-07-23T16:00:19.432,80.4296,39.3607,20.6397
2026-07-23T16:00:19.448,80.4454,39.1648,20.6005
2026-07-23T16:00:19.461,80.4454,39.204,20.5809
2026-07-23T16:00:19.464,80.4538,38.9886,20.6593
2026-07-23T16:00:19.480,80.4803,39.2236,20.6788
2026-07-23T16:00:19.480,80.4803,39.0278,20.6593
2026-07-23T16:00:19.496,80.4803,39.0474,20.6984
2026-07-23T16:00:19.505,80.4803,39.1844,20.6593
2026-07-23T16:00:19.520,80.5102,39.3802,20.8942
2026-07-23T16:00:19.531,80.5102,39.6544,21.09
2026-07-23T16:00:19.531,80.5102,39.8698,21.3838
2026-07-23T16:00:19.549,80.5452,40.0851,21.6383
2026-07-23T16:00:19.561,80.5452,40.281,21.8537
2026-07-23T16:00:19.561,80.5452,40.418,22.0103
2026-07-23T16:00:19.575,80.5783,40.3593,22.0103
2026-07-23T16:00:19.596,80.5783,40.3005,21.932
2026-07-23T16:00:19.596,80.5879,40.2222,21.7166
2026-07-23T16:00:19.607,80.5943,40.0068,21.7754
2026-07-23T16:00:19.623,80.6215,39.9677,21.8145
2026-07-23T16:00:19.629,80.6215,39.8502,21.5796
2026-07-23T16:00:19.639,80.6248,39.9089,21.5404
2026-07-23T16:00:19.645,80.6296,39.6152,21.4425
2026-07-23T16:00:19.661,80.6513,39.6935,21.4229
2026-07-23T16:00:19.661,80.6513,39.7131,21.4229
2026-07-23T16:00:19.680,80.6663,39.7523,21.5796
2026-07-23T16:00:19.702,80.6961,39.8306,21.4621
2026-07-23T16:00:19.702,80.6961,39.6348,21.3838
2026-07-23T16:00:19.702,80.6987,39.4977,21.0705
2026-07-23T16:00:19.717,80.6987,39.3607,20.8551
2026-07-23T16:00:19.721,80.7326,39.3215,20.7572
2026-07-23T16:00:19.734,80.7376,39.3019,20.5809
2026-07-23T16:00:19.750,80.7376,39.5173,20.8942
2026-07-23T16:00:19.757,80.7466,39.9089,21.2663
2026-07-23T16:00:19.766,80.7705,39.9089,21.5012
2026-07-23T16:00:19.779,80.7705,39.9285,21.4621
2026-07-23T16:00:19.788,80.7705,39.6348,21.2663
2026-07-23T16:00:19.797,80.7963,39.4781,21.1096
2026-07-23T16:00:19.804,80.7963,39.3998,20.9726
2026-07-23T16:00:19.821,80.8103,39.6739,21.09
2026-07-23T16:00:19.830,80.8118,39.8306,21.1488
2026-07-23T16:00:19.833,80.8373,39.9677,21.3838
2026-07-23T16:00:19.847,80.8394,39.9872,21.4817
2026-07-23T16:00:19.861,80.8422,39.7914,21.6187
2026-07-23T16:00:19.880,80.8652,39.7523,21.56
2026-07-23T16:00:19.880,80.8652,39.6739,21.56
2026-07-23T16:00:19.890,80.8748,39.9285,21.5796
2026-07-23T16:00:19.897,80.8789,40.1243,21.56
2026-07-23T16:00:19.916,80.9053,40.3789,21.6579
2026-07-23T16:00:19.916,80.9053,40.3397,21.56
2026-07-23T16:00:19.930,80.9127,40.4376,21.7166
2026-07-23T16:00:19.937,80.9364,40.4376,21.795
2026-07-23T16:00:19.948,80.9409,40.4572,21.8733
2026-07-23T16:00:19.957,80.9447,40.6334,21.9124
2026-07-23T16:00:19.972,80.9678,40.6921,21.8733
2026-07-23T16:00:19.980,80.9755,40.7705,21.9516
2026-07-23T16:00:19.992,80.9755,40.7313,22.0495
2026-07-23T16:00:19.996,80.9755,40.888,22.0887
2026-07-23T16:00:20.008,81.0106,40.9271,22.0887
2026-07-23T16:00:20.019,81.0106,41.0446,22.0691
2026-07-23T16:00:20.026,81.0152,41.2012,22.2845
2026-07-23T16:00:20.035,81.0457,41.2992,22.4607
2026-07-23T16:00:20.055,81.0511,41.495,22.6565
2026-07-23T16:00:20.061,81.0511,41.4166,22.6761
2026-07-23T16:00:20.066,81.0577,41.5145,22.774
2026-07-23T16:00:20.082,81.0812,41.4362,22.9502
2026-07-23T16:00:20.082,81.0833,41.6124,23.2048
2026-07-23T16:00:20.098,81.0875,41.7691,23.3418
2026-07-23T16:00:20.108,81.094,41.8083,23.4789
2026-07-23T16:00:20.117,81.1107,41.9845,23.4202
2026-07-23T16:00:20.129,81.1107,41.8866,23.2831
2026-07-23T16:00:20.145,81.1274,41.8083,23.1069
2026-07-23T16:00:20.150,81.1413,41.632,23.146
2026-07-23T16:00:20.161,81.157,41.7887,23.3614
2026-07-23T16:00:20.161,81.1628,41.8083,23.6355
2026-07-23T16:00:20.180,81.1667,41.9453,23.8509
2026-07-23T16:00:20.180,81.1931,42.2586,23.9293
2026-07-23T16:00:20.192,81.1963,42.3369,23.9293
2026-07-23T16:00:20.208,81.1963,42.6306,23.8314
2026-07-23T16:00:20.218,81.2041,42.6306,23.8705
2026-07-23T16:00:20.223,81.2294,42.7481,23.9684
2026-07-23T16:00:20.244,81.2356,42.5915,24.0272
2026-07-23T16:00:20.255,81.239,42.7481,24.1251
2026-07-23T16:00:20.257,81.239,42.8852,24.2817
2026-07-23T16:00:20.271,81.2669,43.2964,24.4775
2026-07-23T16:00:20.271,81.2669,43.5118,24.5363
2026-07-23T16:00:20.290,81.2669,43.5901,24.7908
2026-07-23T16:00:20.305,81.3005,43.7272,25.0062
2026-07-23T16:00:20.313,81.3005,43.7272,25.1628
2026-07-23T16:00:20.318,81.3056,43.7076,25.3978
2026-07-23T16:00:20.330,81.3056,43.6684,25.4174
2026-07-23T16:00:20.333,81.3325,43.8251,25.437
2026-07-23T16:00:20.347,81.3325,43.8642,25.3587
2026-07-23T16:00:20.356,81.3377,43.8055,25.3782
2026-07-23T16:00:20.366,81.3625,44.1188,25.574
2026-07-23T16:00:20.380,81.3625,44.1971,25.8482
2026-07-23T16:00:20.388,81.3672,44.3538,25.9461
2026-07-23T16:00:20.397,81.393,44.1971,25.8873
2026-07-23T16:00:20.397,81.393,44.2558,25.6915
2026-07-23T16:00:20.418,81.3993,44.2754,25.5545
2026-07-23T16:00:20.438,81.4245,44.5104,25.8286
2026-07-23T16:00:20.438,81.4245,44.4321,25.9069
2026-07-23T16:00:20.453,81.4313,44.4321,26.1223
2026-07-23T16:00:20.462,81.4405,44.4321,26.181
2026-07-23T16:00:20.472,81.4563,44.2167,26.0831
2026-07-23T16:00:20.482,81.465,44.2363,26.0244
2026-07-23T16:00:20.491,81.4898,44.1384,26.1223
2026-07-23T16:00:20.491,81.4898,44.1971,26.2006
2026-07-23T16:00:20.507,81.4961,44.06,26.2398
2026-07-23T16:00:20.518,81.5193,43.9817,26.2789
2026-07-23T16:00:20.525,81.5193,43.9817,26.2398
2026-07-23T16:00:20.541,81.5285,44.0796,26.3964
2026-07-23T16:00:20.547,81.5295,44.3146,26.6314
2026-07-23T16:00:20.557,81.5511,44.295,27.0426
2026-07-23T16:00:20.562,81.5511,44.3929,27.258
2026-07-23T16:00:20.580,81.5627,44.1971,27.2188
2026-07-23T16:00:20.586,81.5879,44.2754,27.3167
2026-07-23T16:00:20.602,81.5994,44.0992,27.1992
2026-07-23T16:00:20.613,81.6044,44.5104,27.258
2026-07-23T16:00:20.622,81.6044,44.6083,27.3755
2026-07-23T16:00:20.630,81.6297,44.7845,27.7083
2026-07-23T16:00:20.639,81.6325,44.8041,27.9237
2026-07-23T16:00:20.655,81.6366,44.8237,28.0412
2026-07-23T16:00:20.659,81.6366,44.8824,28.0021
2026-07-23T16:00:20.665,81.6626,44.9412,27.9237
2026-07-23T16:00:20.683,81.6687,45.0195,27.9433
2026-07-23T16:00:20.687,81.6713,45.0782,27.8846
2026-07-23T16:00:20.698,81.6963,44.9608,27.9629
2026-07-23T16:00:20.698,81.6963,44.9412,27.865
2026-07-23T16:00:20.722,81.6963,44.9608,27.8846
2026-07-23T16:00:20.732,81.7243,45.274,27.8454
2026-07-23T16:00:20.744,81.7295,45.3132,28.0412
2026-07-23T16:00:20.747,81.7295,45.509,28.0608
2026-07-23T16:00:20.764,81.7557,45.2153,28.0216
2026-07-23T16:00:20.775,81.7628,45.2545,27.9825
2026-07-23T16:00:20.775,81.7628,45.2153,28.1
2026-07-23T16:00:20.780,81.7867,45.4307,28.1783
2026-07-23T16:00:20.806,81.7867,45.5873,28.0804
2026-07-23T16:00:20.814,81.7867,45.9398,28.3153
2026-07-23T16:00:20.820,81.7964,46.1748,28.5503
2026-07-23T16:00:20.822,81.818,46.0964,28.7461
2026-07-23T16:00:20.837,81.818,45.9006,28.9223
2026-07-23T16:00:20.847,81.8489,45.6657,28.7853
2026-07-23T16:00:20.862,81.8489,45.5286,28.7657
2026-07-23T16:00:20.862,81.8489,45.5286,28.8636
2026-07-23T16:00:20.869,81.8489,45.4503,29.0007
2026-07-23T16:00:20.889,81.88,45.4699,29.1965
2026-07-23T16:00:20.900,81.88,45.4307,29.451
2026-07-23T16:00:20.900,81.88,45.8223,29.4902
2026-07-23T16:00:20.920,81.9124,45.8223,29.5489
2026-07-23T16:00:20.929,81.9124,46.0964,29.5881
2026-07-23T16:00:20.931,81.9124,45.9398,29.686
2026-07-23T16:00:20.950,81.9437,46.0769,29.7643
2026-07-23T16:00:20.950,81.9437,46.0181,29.7643
2026-07-23T16:00:20.963,81.9437,46.2922,29.9014
2026-07-23T16:00:20.980,81.9778,46.1748,29.9014
2026-07-23T16:00:20.980,81.9778,46.3118,30.1168
2026-07-23T16:00:20.994,81.9778,46.5076,30.3322
2026-07-23T16:00:21.011,82.0082,46.8013,30.6455
2026-07-23T16:00:21.021,82.0119,47.0363,30.7042
2026-07-23T16:00:21.029,82.0119,47.0363,30.7629
2026-07-23T16:00:21.056,82.0394,46.9188,30.8804
2026-07-23T16:00:21.056,82.0394,46.7426,30.8217
2026-07-23T16:00:21.063,82.0467,46.6643,30.9392
2026-07-23T16:00:21.063,82.0467,46.8601,30.8413
2026-07-23T16:00:21.090,82.0754,46.9384,30.7825
2026-07-23T16:00:21.090,82.0754,47.1146,30.6455
2026-07-23T16:00:21.098,82.0754,46.8797,30.665
2026-07-23T16:00:21.122,82.1099,46.8797,30.4692
2026-07-23T16:00:21.122,82.1119,46.6643,30.4105
2026-07-23T16:00:21.126,82.1141,46.8797,30.7825
2026-07-23T16:00:21.138,82.134,46.8013,30.9783
2026-07-23T16:00:21.153,82.134,47.0559,31.3112
2026-07-23T16:00:21.161,82.1498,47.0363,31.3699
2026-07-23T16:00:21.170,82.1498,47.0755,31.272
2026-07-23T16:00:21.185,82.1811,46.9384,31.0371
2026-07-23T16:00:21.185,82.1811,46.7426,30.9587
2026-07-23T16:00:21.201,82.1904,46.4489,30.8804
2026-07-23T16:00:21.201,82.1904,46.1748,30.7434
2026-07-23T16:00:21.223,82.2158,46.1943,30.8021
2026-07-23T16:00:21.223,82.2158,46.5076,30.7238
2026-07-23T16:00:21.241,82.2264,46.7426,30.7825
2026-07-23T16:00:21.248,82.2454,47.0755,30.8021
2026-07-23T16:00:21.267,82.2552,46.8601,30.7629
2026-07-23T16:00:21.267,82.2576,46.8405,30.665
2026-07-23T16:00:21.280,82.2601,46.3118,30.5867
2026-07-23T16:00:21.280,82.282,46.4685,30.6063
2026-07-23T16:00:21.296,82.282,46.3314,30.9196
2026-07-23T16:00:21.311,82.2884,46.8209,31.2133
2026-07-23T16:00:21.313,82.3122,46.9188,31.5462
2026-07-23T16:00:21.328,82.3122,47.0951,31.5462
2026-07-23T16:00:21.339,82.3122,47.0363,31.4091
2026-07-23T16:00:21.348,82.3398,47.1342,31.3308
2026-07-23T16:00:21.363,82.3398,46.9972,31.2525
2026-07-23T16:00:21.375,82.3398,46.8601,31.1546
2026-07-23T16:00:21.380,82.3803,46.7034,31.0762
2026-07-23T16:00:21.391,82.3803,46.723,30.9783
2026-07-23T16:00:21.391,82.3803,46.8601,30.9587
2026-07-23T16:00:21.414,82.4123,47.1342,30.9392
2026-07-23T16:00:21.422,82.4149,47.193,31.0175
2026-07-23T16:00:21.431,82.4149,47.6237,30.8804
2026-07-23T16:00:21.438,82.45,47.565,31.0371
2026-07-23T16:00:21.447,82.4546,47.8391,31.1154
2026-07-23T16:00:21.462,82.46,47.6237,31.2525
2026-07-23T16:00:21.477,82.4658,47.6629,31.3308
2026-07-23T16:00:21.477,82.4818,47.2713,31.4287
2026-07-23T16:00:21.501,82.4978,47.33,31.5853
2026-07-23T16:00:21.501,82.4978,47.2909,31.6832
2026-07-23T16:00:21.517,82.5057,47.5454,31.9574
2026-07-23T16:00:21.519,82.5295,47.6042,32.1728
2026-07-23T16:00:21.533,82.5334,47.8587,32.3881
2026-07-23T16:00:21.533,82.5334,47.8391,32.486
2026-07-23T16:00:21.549,82.5334,47.8783,32.5252
2026-07-23T16:00:21.556,82.5456,47.8783,32.6819
2026-07-23T16:00:21.565,82.5722,47.9762,32.6231
2026-07-23T16:00:21.580,82.5747,48.1133,32.7014
2026-07-23T16:00:21.584,82.5771,48.3286,32.7014
2026-07-23T16:00:21.598,82.6092,48.1916,32.7014
2026-07-23T16:00:21.614,82.6127,48.3091,32.6427
2026-07-23T16:00:21.620,82.6127,48.1524,32.721
2026-07-23T16:00:21.628,82.6192,48.5049,32.8581
2026-07-23T16:00:21.647,82.6455,48.407,32.8777
2026-07-23T16:00:21.647,82.6455,48.6028,32.9168
2026-07-23T16:00:21.647,82.649,48.3091,32.8189
2026-07-23T16:00:21.670,82.6568,48.4265,32.7406
2026-07-23T16:00:21.682,82.6724,48.0937,32.8189
2026-07-23T16:00:21.691,82.6876,47.937,32.6819
2026-07-23T16:00:21.700,82.6876,47.8587,32.6231
2026-07-23T16:00:21.708,82.7143,48.2112,32.7798
2026-07-23T16:00:21.723,82.7191,48.5636,32.9168
2026-07-23T16:00:21.723,82.7191,48.8182,33.2105
2026-07-23T16:00:21.738,82.7191,49.0923,33.6609
2026-07-23T16:00:21.754,82.7559,49.2685,33.9154
2026-07-23T16:00:21.765,82.7559,49.0727,34.2287
2026-07-23T16:00:21.770,82.7559,49.1315,34.2875
2026-07-23T16:00:21.780,82.7663,48.9552,34.2875
2026-07-23T16:00:21.790,82.7948,48.9552,34.0329
2026-07-23T16:00:21.801,82.7973,48.8377,33.8371
2026-07-23T16:00:21.807,82.7973,49.014,33.6609
2026-07-23T16:00:21.817,82.8295,48.8573,33.6217
2026-07-23T16:00:21.833,82.8295,48.9356,33.6609
2026-07-23T16:00:21.833,82.8295,48.5245,33.8567
2026-07-23T16:00:21.848,82.8392,48.5636,34.0721
2026-07-23T16:00:21.855,82.8628,48.3678,34.1308
2026-07-23T16:00:21.864,82.8699,48.3678,34.1113
2026-07-23T16:00:21.880,82.8731,48.172,34.0329
2026-07-23T16:00:21.890,82.8754,48.0154,33.8763
2026-07-23T16:00:21.895,82.8982,47.7608,33.798
2026-07-23T16:00:21.914,82.8982,47.6042,33.7196
2026-07-23T16:00:21.921,82.9038,47.2517,33.6413
2026-07-23T16:00:21.926,82.9069,47.0559,33.4847
2026-07-23T16:00:21.942,82.9295,47.0559,33.4847
2026-07-23T16:00:21.949,82.9383,47.1734,33.3476
2026-07-23T16:00:21.958,82.9409,47.0167,33.2301
2026-07-23T16:00:21.965,82.9644,47.2713,33.1322
2026-07-23T16:00:21.980,82.9702,47.193,33.2889
2026-07-23T16:00:21.992,82.9754,47.6433,33.3084
2026-07-23T16:00:22.005,82.9962,47.6629,33.328
2026-07-23T16:00:22.015,83.0017,48.0545,33.4259
2026-07-23T16:00:22.021,83.0017,47.8,33.4455
2026-07-23T16:00:22.037,83.0295,47.937,33.5434
2026-07-23T16:00:22.037,83.0295,47.7412,33.6217
2026-07-23T16:00:22.052,83.0377,47.6825,33.6413
2026-07-23T16:00:22.057,83.0377,47.7216,33.6413
2026-07-23T16:00:22.068,83.0673,47.7216,33.5826
2026-07-23T16:00:22.084,83.0728,47.7412,33.6217
2026-07-23T16:00:22.089,83.0738,47.937,33.6805
2026-07-23T16:00:22.100,83.0972,47.937,33.6805
2026-07-23T16:00:22.114,83.0972,47.8,33.5434
2026-07-23T16:00:22.124,83.0972,47.5063,33.5434
2026-07-23T16:00:22.125,83.0972,47.4083,33.5238
2026-07-23T16:00:22.147,83.1313,47.1734,33.5042
2026-07-23T16:00:22.148,83.1313,47.4867,33.5434
2026-07-23T16:00:22.164,83.1601,47.5258,33.3672
2026-07-23T16:00:22.166,83.165,47.7412,33.3084
2026-07-23T16:00:22.166,83.165,47.4671,33.2301
2026-07-23T16:00:22.188,83.165,47.4867,33.328
2026-07-23T16:00:22.197,83.1987,47.1734,33.4847
2026-07-23T16:00:22.211,83.1998,47.33,33.7588
2026-07-23T16:00:22.216,83.1998,47.33,33.9938
2026-07-23T16:00:22.227,83.2296,47.5258,34.0917
2026-07-23T16:00:22.244,83.2296,47.565,34.0133
2026-07-23T16:00:22.251,83.2387,47.5063,34.0133
2026-07-23T16:00:22.260,83.2387,47.4671,34.1113
2026-07-23T16:00:22.270,83.2678,47.4867,34.2092
2026-07-23T16:00:22.280,83.2702,47.4671,34.2679
2026-07-23T16:00:22.289,83.2747,47.4867,34.0917
2026-07-23T16:00:22.289,83.3019,47.3496,34.0133
2026-07-23T16:00:22.314,83.3019,47.2321,33.7001
2026-07-23T16:00:22.321,83.3072,47.0755,33.6805
2026-07-23T16:00:22.325,83.3333,47.5846,33.5826
2026-07-23T16:00:22.349,83.3333,47.6237,33.6609
2026-07-23T16:00:22.349,83.3333,47.8391,33.6022
2026-07-23T16:00:22.361,83.3397,47.6825,33.5238
2026-07-23T16:00:22.380,83.3649,47.7804,33.563
2026-07-23T16:00:22.380,83.3649,47.565,33.3476
2026-07-23T16:00:22.390,83.3749,47.7216,33.3672
2026-07-23T16:00:22.403,83.3962,47.8195,33.3672
2026-07-23T16:00:22.416,83.3962,47.8979,33.4259
2026-07-23T16:00:22.416,83.3962,47.7608,33.3672
2026-07-23T16:00:22.432,83.4351,47.6433,33.3084
2026-07-23T16:00:22.447,83.4436,47.5063,33.4455
2026-07-23T16:00:22.447,83.4436,47.3692,33.4259
2026-07-23T16:00:22.447,83.4436,47.33,33.4847
2026-07-23T16:00:22.465,83.4751,47.3888,33.4651
2026-07-23T16:00:22.480,83.4772,47.5258,33.6022
2026-07-23T16:00:22.486,83.4792,47.7804,33.6805
2026-07-23T16:00:22.494,83.4792,47.6433,33.7196
2026-07-23T16:00:22.510,83.5116,47.7608,33.7588
2026-07-23T16:00:22.516,83.5116,47.3496,33.8371
2026-07-23T16:00:22.530,83.5141,47.3104,33.8959
2026-07-23T16:00:22.530,83.5224,46.8405,33.8175
2026-07-23T16:00:22.557,83.5381,46.8797,33.8567
2026-07-23T16:00:22.557,83.5381,46.5076,33.5826
2026-07-23T16:00:22.565,83.5485,46.3901,33.3476
2026-07-23T16:00:22.589,83.5755,46.1356,33.0735
2026-07-23T16:00:22.589,83.5755,45.9202,32.9951
2026-07-23T16:00:22.599,83.5755,45.8223,32.7798
2026-07-23T16:00:22.605,83.6013,45.744,32.9756
2026-07-23T16:00:22.621,83.6068,45.7636,33.0147
2026-07-23T16:00:22.626,83.6068,45.8419,33.0539
2026-07-23T16:00:22.641,83.6354,45.9006,33.1322
2026-07-23T16:00:22.647,83.6354,45.8223,32.8972
2026-07-23T16:00:22.658,83.6354,45.7048,32.8385
2026-07-23T16:00:22.673,83.6647,45.744,32.7993
2026-07-23T16:00:22.685,83.6686,45.8027,32.8777
2026-07-23T16:00:22.686,83.6686,46.2531,32.9364
2026-07-23T16:00:22.704,83.6962,46.3706,33.0539
2026-07-23T16:00:22.714,83.6962,46.5664,33.0147
2026-07-23T16:00:22.719,83.6962,46.1748,32.8581
2026-07-23T16:00:22.732,83.7297,46.2139,32.8189
2026-07-23T16:00:22.732,83.7297,45.979,32.8385
2026-07-23T16:00:22.755,83.7297,46.1943,32.956
2026-07-23T16:00:22.766,83.7628,46.4685,32.9951
2026-07-23T16:00:22.779,83.7628,46.7426,33.0539
2026-07-23T16:00:22.781,83.7628,46.8797,32.8385
2026-07-23T16:00:22.794,83.7911,46.6643,32.6427
2026-07-23T16:00:22.810,83.7984,46.2922,32.4665
2026-07-23T16:00:22.810,83.7984,45.881,32.2315
2026-07-23T16:00:22.814,83.7984,45.3524,32.0944
2026-07-23T16:00:22.827,83.8296,44.7454,31.9182
2026-07-23T16:00:22.842,83.8296,44.5887,32.0161
2026-07-23T16:00:22.849,83.8355,44.7258,32.0357
2026-07-23T16:00:22.865,83.8631,44.6475,32.0553
2026-07-23T16:00:22.873,83.8631,44.667,32.0357
2026-07-23T16:00:22.873,83.8631,44.4321,31.9769
2026-07-23T16:00:22.891,83.871,44.5496,31.8203
2026-07-23T16:00:22.891,83.896,44.3146,31.742
2026-07-23T16:00:22.913,83.902,44.4321,31.879
2026-07-23T16:00:22.922,83.902,44.1971,32.0161
2026-07-23T16:00:22.933,83.9337,44.295,32.0749
2026-07-23T16:00:22.938,83.9337,44.2363,31.9182
2026-07-23T16:00:22.953,83.9337,44.0992,31.7616
2026-07-23T16:00:22.953,83.9502,44.0209,31.6832
2026-07-23T16:00:22.975,83.9665,43.8251,31.6245
2026-07-23T16:00:22.980,83.9665,43.688,31.6245
2026-07-23T16:00:22.984,83.9665,43.6488,31.7616
2026-07-23T16:00:23.001,83.997,43.8251,31.7811
2026-07-23T16:00:23.001,83.997,43.9426,31.8595
2026-07-23T16:00:23.017,83.997,43.9817,31.6245
2026-07-23T16:00:23.033,84.0295,43.9817,31.5462
2026-07-23T16:00:23.033,84.0335,43.7076,31.6441
2026-07-23T16:00:23.048,84.0378,43.8251,31.6441
2026-07-23T16:00:23.058,84.0665,43.5705,31.7616
2026-07-23T16:00:23.066,84.0723,43.7663,31.8595
2026-07-23T16:00:23.080,84.0723,43.688,31.9182
2026-07-23T16:00:23.089,84.1048,44.0405,32.0553
2026-07-23T16:00:23.103,84.1078,44.0796,31.9378
2026-07-23T16:00:23.114,84.1078,44.1384,31.9574
2026-07-23T16:00:23.123,84.1078,43.923,31.9574
2026-07-23T16:00:23.128,84.1405,43.6684,31.8986
2026-07-23T16:00:23.147,84.1405,43.6488,31.7811
2026-07-23T16:00:23.147,84.1405,43.453,31.7224
2026-07-23T16:00:23.159,84.1493,43.3747,31.6637
2026-07-23T16:00:23.166,84.1739,43.3747,31.7224
2026-07-23T16:00:23.183,84.1796,43.6684,32.0553
2026-07-23T16:00:23.190,84.1806,43.7859,32.0553
2026-07-23T16:00:23.200,84.1869,43.9426,32.114
2026-07-23T16:00:23.206,84.2026,43.923,31.9378
2026-07-23T16:00:23.223,84.2026,43.5901,31.9769
2026-07-23T16:00:23.231,84.2157,43.7272,32.0749
2026-07-23T16:00:23.238,84.2182,43.688,32.2902
2026-07-23T16:00:23.253,84.2339,43.8642,32.3881
2026-07-23T16:00:23.253,84.2339,43.8251,32.5644
2026-07-23T16:00:23.269,84.2655,44.0796,32.6427
2026-07-23T16:00:23.285,84.2655,44.0796,32.6035
2026-07-23T16:00:23.285,84.278,44.2558,32.6231
2026-07-23T16:00:23.298,84.3023,44.5496,32.7798
2026-07-23T16:00:23.316,84.3023,44.7454,33.0539
2026-07-23T16:00:23.316,84.3023,45.0391,33.1322
2026-07-23T16:00:23.331,84.3129,44.9412,33.3084
2026-07-23T16:00:23.350,84.3296,44.7062,33.2497
2026-07-23T16:00:23.350,84.3296,44.3929,33.3084
2026-07-23T16:00:23.364,84.3445,44.0013,33.1714
2026-07-23T16:00:23.366,84.3629,43.7859,32.8385
2026-07-23T16:00:23.380,84.3629,43.6684,32.7014
2026-07-23T16:00:23.396,84.3629,43.6488,32.721
2026-07-23T16:00:23.396,84.3964,43.5705,32.7406
2026-07-23T16:00:23.414,84.3964,43.6684,32.5056
2026-07-23T16:00:23.414,84.3964,43.5509,32.4665
2026-07-23T16:00:23.433,84.4296,43.5705,32.3881
2026-07-23T16:00:23.442,84.4315,43.4726,32.5644
2026-07-23T16:00:23.447,84.4315,43.5118,32.6623
2026-07-23T16:00:23.458,84.4554,43.4335,32.721
2026-07-23T16:00:23.475,84.4659,43.5314,32.6035
2026-07-23T16:00:23.482,84.4677,43.4922,32.6819
2026-07-23T16:00:23.490,84.4963,43.3943,32.7014
2026-07-23T16:00:23.506,84.5017,43.4335,32.8189
2026-07-23T16:00:23.506,84.5017,43.2572,33.0343
2026-07-23T16:00:23.521,84.5075,43.2181,33.0539
2026-07-23T16:00:23.529,84.5332,42.9831,33.1322
2026-07-23T16:00:23.537,84.5332,43.0614,32.956
2026-07-23T16:00:23.552,84.5332,42.8852,32.7014
2026-07-23T16:00:23.568,84.5647,42.9635,32.5644
2026-07-23T16:00:23.580,84.572,42.8852,32.4665
2026-07-23T16:00:23.584,84.572,42.9439,32.486
2026-07-23T16:00:23.584,84.572,43.1006,32.5056
2026-07-23T16:00:23.603,84.5963,43.1202,32.7014
2026-07-23T16:00:23.615,84.6062,43.1397,32.6035
2026-07-23T16:00:23.623,84.6062,43.0418,32.721
2026-07-23T16:00:23.631,84.6327,43.1397,32.7014
2026-07-23T16:00:23.647,84.6327,43.1593,32.6427
2026-07-23T16:00:23.647,84.6327,43.1789,32.5644
2026-07-23T16:00:23.663,84.6453,43.2181,32.4273
2026-07-23T16:00:23.667,84.6628,42.9635,32.3294
2026-07-23T16:00:23.684,84.6628,42.8852,32.1923
2026-07-23T16:00:23.684,84.6745,42.846,32.1728
2026-07-23T16:00:23.696,84.7071,42.9831,32.1532
2026-07-23T16:00:23.714,84.7077,42.8852,32.3294
2026-07-23T16:00:23.714,84.7077,43.0614,32.4469
2026-07-23T16:00:23.730,84.7112,42.9439,32.4665
2026-07-23T16:00:23.744,84.7381,43.0418,32.4077
2026-07-23T16:00:23.747,84.7403,42.9439,32.3686
2026-07-23T16:00:23.762,84.7403,42.846,32.3294
2026-07-23T16:00:23.780,84.7696,42.7677,32.4469
2026-07-23T16:00:23.780,84.7696,42.709,32.486
2026-07-23T16:00:23.791,84.7696,42.8852,32.5056
2026-07-23T16:00:23.805,84.8013,43.0027,32.6819
2026-07-23T16:00:23.814,84.8013,43.2181,32.7993
2026-07-23T16:00:23.820,84.8013,43.1006,32.7602
2026-07-23T16:00:23.836,84.8348,42.8852,32.721
2026-07-23T16:00:23.836,84.8358,42.6502,32.5448
2026-07-23T16:00:23.836,84.8358,42.4544,32.3881
2026-07-23T16:00:23.852,84.8647,42.3957,32.1728
2026-07-23T16:00:23.881,84.8647,42.0432,32.0553
2026-07-23T16:00:23.881,84.8647,41.8474,31.7811
2026-07-23T16:00:23.892,84.8647,41.5929,31.9769
2026-07-23T16:00:23.901,84.8963,41.6712,32.0357
2026-07-23T16:00:23.914,84.8963,41.7299,32.0944
2026-07-23T16:00:23.916,84.9085,41.8474,31.9378
2026-07-23T16:00:23.931,84.9298,42.1215,32.2902
2026-07-23T16:00:23.934,84.9298,42.1999,32.4665
2026-07-23T16:00:23.947,84.9298,42.4348,32.6427
2026-07-23T16:00:23.963,84.9298,42.3761,32.8189
2026-07-23T16:00:23.967,84.9665,42.4348,32.8189
2026-07-23T16:00:23.981,84.9665,42.2194,32.8385
2026-07-23T16:00:23.981,84.9757,41.9845,32.8972
2026-07-23T16:00:24.010,84.9963,41.7691,32.8385
2026-07-23T16:00:24.010,84.9963,41.6124,32.956
2026-07-23T16:00:24.017,85.0081,41.4362,32.9364
2026-07-23T16:00:24.026,85.0296,41.4558,32.8777
2026-07-23T16:00:24.047,85.0379,41.7103,32.7993
2026-07-23T16:00:24.047,85.0379,41.7495,32.8189
2026-07-23T16:00:24.059,85.044,41.8866,32.7798
2026-07-23T16:00:24.067,85.0696,41.7887,32.7406
2026-07-23T16:00:24.080,85.0696,41.6712,32.6623
2026-07-23T16:00:24.089,85.075,41.26,32.584
2026-07-23T16:00:24.114,85.1059,41.2208,32.6035
2026-07-23T16:00:24.114,85.1059,41.025,32.5252
2026-07-23T16:00:24.120,85.108,41.0054,32.6035
2026-07-23T16:00:24.139,85.1355,41.1033,32.584
2026-07-23T16:00:24.149,85.1355,41.1425,32.6035
2026-07-23T16:00:24.156,85.1355,41.2208,32.5448
2026-07-23T16:00:24.160,85.1409,41.0642,32.486
2026-07-23T16:00:24.168,85.1661,40.9467,32.2119
2026-07-23T16:00:24.168,85.1661,40.8292,31.9574
2026-07-23T16:00:24.192,85.1751,40.9075,32.0553
2026-07-23T16:00:24.200,85.1963,40.9859,31.9769
2026-07-23T16:00:24.216,85.1963,40.888,31.9769
2026-07-23T16:00:24.226,85.1963,41.0054,31.8203
2026-07-23T16:00:24.231,85.2119,40.7313,31.8595
2026-07-23T16:00:24.247,85.2296,40.8096,31.9182
2026-07-23T16:00:24.247,85.2296,40.4768,31.8595
2026-07-23T16:00:24.264,85.2437,40.418,31.8007
2026-07-23T16:00:24.280,85.2632,40.0656,31.742
2026-07-23T16:00:24.280,85.2754,40.0264,31.742
2026-07-23T16:00:24.280,85.2775,39.7914,31.6441
2026-07-23T16:00:24.294,85.2775,39.9285,31.5658
2026-07-23T16:00:24.314,85.3002,39.8698,31.272
2026-07-23T16:00:24.314,85.3072,39.6739,31.1546
2026-07-23T16:00:24.332,85.3082,39.576,31.2916
2026-07-23T16:00:24.351,85.3297,39.5369,31.5658
2026-07-23T16:00:24.351,85.3389,39.4977,31.5462
2026-07-23T16:00:24.359,85.3434,39.2628,31.6049
2026-07-23T16:00:24.380,85.3703,39.1453,31.5658
2026-07-23T16:00:24.380,85.3713,38.9103,31.3504
2026-07-23T16:00:24.394,85.3713,38.9886,31.3699
2026-07-23T16:00:24.394,85.3963,39.3607,31.1937
2026-07-23T16:00:24.414,85.4023,39.3607,31.0175
2026-07-23T16:00:24.422,85.4023,39.4781,30.8021
2026-07-23T16:00:24.447,85.4317,39.3802,30.7825
2026-07-23T16:00:24.447,85.4317,39.3802,30.8021
2026-07-23T16:00:24.453,85.4341,39.1453,30.9392
2026-07-23T16:00:24.467,85.4498,39.2236,31.1741
2026-07-23T16:00:24.476,85.4498,38.9103,31.2133
2026-07-23T16:00:24.476,85.4498,38.7341,31.2133
2026-07-23T16:00:24.485,85.4826,38.6753,31.135
2026-07-23T16:00:24.501,85.4934,38.9886,31.1154
2026-07-23T16:00:24.501,85.4966,39.204,31.0958
2026-07-23T16:00:24.518,85.5168,39.3998,31.0371
2026-07-23T16:00:24.533,85.5168,39.3998,30.8608
2026-07-23T16:00:24.533,85.5168,39.1844,30.7629
2026-07-23T16:00:24.551,85.5486,38.832,30.7629
2026-07-23T16:00:24.568,85.5506,38.6557,30.7629
2026-07-23T16:00:24.568,85.5527,38.4208,30.8608
2026-07-23T16:00:24.596,85.5767,38.4795,30.8217
2026-07-23T16:00:24.597,85.5767,38.3033,30.7434
2026-07-23T16:00:24.603,85.5826,38.3816,30.5867
2026-07-23T16:00:24.616,85.5964,37.9704,30.3713
2026-07-23T16:00:24.616,85.608,37.8725,29.9601
2026-07-23T16:00:24.633,85.608,37.3438,29.686
2026-07-23T16:00:24.643,85.6337,37.2851,29.5685
2026-07-23T16:00:24.647,85.6337,37.0305,29.5489
2026-07-23T16:00:24.659,85.6394,37.2264,29.5685
2026-07-23T16:00:24.674,85.6629,37.0697,29.5294
2026-07-23T16:00:24.674,85.6629,37.0305,29.4314
2026-07-23T16:00:24.690,85.6708,36.8152,29.3923
2026-07-23T16:00:24.706,85.6875,36.6389,29.4119
2026-07-23T16:00:24.714,85.6963,36.5019,29.4706
2026-07-23T16:00:24.722,85.6963,36.3844,29.314
2026-07-23T16:00:24.728,85.7215,36.169,29.3531
2026-07-23T16:00:24.738,85.7215,36.0515,29.2748
2026-07-23T16:00:24.747,85.7295,35.934,29.4706
2026-07-23T16:00:24.769,85.7489,35.934,29.5489
2026-07-23T16:00:24.772,85.7489,35.7578,29.686
2026-07-23T16:00:24.780,85.7667,35.934,29.6273
2026-07-23T16:00:24.800,85.7804,35.6599,29.6273
2026-07-23T16:00:24.800,85.7836,35.7186,29.7056
2026-07-23T16:00:24.818,85.8008,35.5032,29.6664
2026-07-23T16:00:24.818,85.8118,35.7186,29.6077
2026-07-23T16:00:24.831,85.8138,35.6795,29.5489
2026-07-23T16:00:24.847,85.8296,36.0907,29.5685
2026-07-23T16:00:24.852,85.8433,36.0711,29.686
2026-07-23T16:00:24.852,85.8433,36.3648,29.8818
2026-07-23T16:00:24.868,85.8698,36.4431,30.0972
2026-07-23T16:00:24.880,85.8719,36.4823,30.3126
2026-07-23T16:00:24.894,85.8746,36.3061,30.3517
2026-07-23T16:00:24.894,85.8964,36.1886,30.2538
2026-07-23T16:00:24.914,85.8964,36.1298,30.2734
2026-07-23T16:00:24.923,85.9063,36.3256,30.0776
2026-07-23T16:00:24.931,85.9063,36.3844,30.1755
2026-07-23T16:00:24.947,85.9335,36.4823,30.1755
2026-07-23T16:00:24.947,85.9335,36.0907,30.1755
2026-07-23T16:00:24.968,85.9536,35.9732,30.1755
2026-07-23T16:00:24.979,85.9663,35.6795,30.3322
2026-07-23T16:00:24.984,85.9679,35.8753,30.4692
2026-07-23T16:00:24.990,85.9853,35.797,30.3713
2026-07-23T16:00:24.990,85.9964,36.0907,30.2343
2026-07-23T16:00:25.004,86.001,35.7774,29.9601
2026-07-23T16:00:25.020,86.002,35.8165,29.7447
2026-07-23T16:00:25.036,86.0295,35.562,29.5489
2026-07-23T16:00:25.036,86.0295,35.3662,29.451
2026-07-23T16:00:25.053,86.0355,35.0725,29.2748
2026-07-23T16:00:25.060,86.063,34.8767,29.1769
2026-07-23T16:00:25.069,86.0647,34.4459,28.8832
2026-07-23T16:00:25.080,86.0647,34.1718,28.6286
2026-07-23T16:00:25.086,86.0647,33.7018,28.3741
2026-07-23T16:00:25.102,86.0964,33.2319,28.0608
2026-07-23T16:00:25.102,86.0964,32.8207,28.0021
2026-07-23T16:00:25.116,86.1121,32.5466,27.9237
2026-07-23T16:00:25.147,86.1345,32.0179,27.8258
2026-07-23T16:00:25.147,86.1345,31.7829,27.493
2026-07-23T16:00:25.147,86.1345,31.2346,27.3167
2026-07-23T16:00:25.163,86.1345,31.0976,26.9839
2026-07-23T16:00:25.168,86.165,30.6276,26.5335
2026-07-23T16:00:25.184,86.165,30.5297,26.2985
2026-07-23T16:00:25.185,86.165,30.0206,25.7307
2026-07-23T16:00:25.202,86.1964,29.8248,25.3587
2026-07-23T16:00:25.214,86.1964,29.4136,24.9475
2026-07-23T16:00:25.216,86.2063,29.3353,24.5363
2026-07-23T16:00:25.227,86.2297,28.9829,24.2425
2026-07-23T16:00:25.241,86.2297,28.6696,24.0663
2026-07-23T16:00:25.257,86.2373,28.3171,23.9097
2026-07-23T16:00:25.268,86.2595,27.9647,23.5964
2026-07-23T16:00:25.274,86.2629,27.5339,23.3223
2026-07-23T16:00:25.288,86.2689,27.2402,22.9502
2026-07-23T16:00:25.288,86.2724,26.7311,22.6957
2026-07-23T16:00:25.304,86.2865,26.359,22.3432
2026-07-23T16:00:25.314,86.3012,25.9674,22.2061
2026-07-23T16:00:25.323,86.3012,25.8108,21.9124
2026-07-23T16:00:25.337,86.3173,25.2625,21.697
2026-07-23T16:00:25.352,86.3326,25.0275,21.3838
2026-07-23T16:00:25.352,86.3336,24.3226,21.0705
2026-07-23T16:00:25.368,86.3487,24.1268,20.718
2026-07-23T16:00:25.368,86.3595,23.5198,20.4635
2026-07-23T16:00:25.380,86.363,23.1674,20.0327
2026-07-23T16:00:25.394,86.392,22.4625,19.6606
2026-07-23T16:00:25.399,86.3933,22.2862,19.4061
2026-07-23T16:00:25.414,86.3979,22.11,19.3082
2026-07-23T16:00:25.416,86.4264,22.0513,19.4061
2026-07-23T16:00:25.437,86.4297,21.8946,19.269
2026-07-23T16:00:25.443,86.4297,21.7184,19.2103
2026-07-23T16:00:25.450,86.4364,21.268,19.132
2026-07-23T16:00:25.463,86.4594,20.9939,18.7795
2026-07-23T16:00:25.468,86.4683,20.7198,18.7599
2026-07-23T16:00:25.487,86.4725,20.5827,18.6229
2026-07-23T16:00:25.487,86.4763,20.4652,18.6229
2026-07-23T16:00:25.498,86.4963,20.3086,18.6033
2026-07-23T16:00:25.518,86.4963,19.9365,18.525
2026-07-23T16:00:25.527,86.5082,19.8386,18.2704
2026-07-23T16:00:25.537,86.5298,19.3491,18.1529
2026-07-23T16:00:25.543,86.5353,19.3491,17.8201
2026-07-23T16:00:25.547,86.5389,18.9575,17.5459
2026-07-23T16:00:25.561,86.5423,19.0162,17.3697
2026-07-23T16:00:25.574,86.5631,18.5855,17.2326
2026-07-23T16:00:25.590,86.5751,18.6638,17.2131
2026-07-23T16:00:25.593,86.5761,18.5463,17.1543
2026-07-23T16:00:25.605,86.6021,18.5463,17.2522
2026-07-23T16:00:25.605,86.6021,18.4288,17.2326
2026-07-23T16:00:25.624,86.6021,18.3897,17.2326
2026-07-23T16:00:25.629,86.6215,18.2918,17.1739
2026-07-23T16:00:25.644,86.635,18.3113,17.0172
2026-07-23T16:00:25.653,86.6386,18.2722,17.0172
2026-07-23T16:00:25.653,86.6419,18.233,16.9585
2026-07-23T16:00:25.672,86.6652,18.0176,16.9585
2026-07-23T16:00:25.685,86.6652,18.1351,16.8019
2026-07-23T16:00:25.693,86.6652,17.8414,16.8606
2026-07-23T16:00:25.700,86.6981,17.8218,16.7235
2026-07-23T16:00:25.700,86.6986,17.4889,16.6844
2026-07-23T16:00:25.716,86.6986,17.391,16.6844
2026-07-23T16:00:25.738,86.7297,17.0973,16.5473
2026-07-23T16:00:25.738,86.7297,17.1365,16.5277
2026-07-23T16:00:25.749,86.7297,16.9211,16.4298
2026-07-23T16:00:25.763,86.7609,16.9407,16.3907
2026-07-23T16:00:25.780,86.7649,16.784,16.2536
2026-07-23T16:00:25.780,86.7649,16.5882,16.234
2026-07-23T16:00:25.780,86.7932,16.2358,16.0578
2026-07-23T16:00:25.795,86.7932,16.0204,16.0382
2026-07-23T16:00:25.816,86.802,15.8833,15.9403
2026-07-23T16:00:25.816,86.8071,15.7267,15.7837
2026-07-23T16:00:25.826,86.8299,15.5505,15.7249
2026-07-23T16:00:25.844,86.8299,15.4134,15.6074
2026-07-23T16:00:25.853,86.8299,15.1784,15.4508
2026-07-23T16:00:25.858,86.8541,15.0609,15.255
2026-07-23T16:00:25.874,86.863,14.6693,15.1179
2026-07-23T16:00:25.881,86.8688,14.4539,14.785
2026-07-23T16:00:25.896,86.8877,13.9057,14.6284
2026-07-23T16:00:25.905,86.8963,13.7686,14.2759
2026-07-23T16:00:25.914,86.8963,13.2008,13.8256
2026-07-23T16:00:25.921,86.9009,12.907,13.3948
2026-07-23T16:00:25.939,86.9269,12.1434,12.9053
2026-07-23T16:00:25.939,86.9326,11.5951,12.3374
2026-07-23T16:00:25.952,86.9326,10.6944,11.5542
2026-07-23T16:00:25.952,86.967,9.8525,10.7318
2026-07-23T16:00:25.968,86.9685,8.7168,9.5961
2026-07-23T16:00:25.983,86.9685,7.4636,7.9318
2026-07-23T16:00:25.983,86.9685,6.0538,6.2674
2026-07-23T16:00:25.999,86.9965,4.5265,4.6814
2026-07-23T16:00:25.999,86.9965,3.2537,3.3303
2026-07-23T16:00:26.019,87.0177,1.9614,2.0575
2026-07-23T16:00:26.031,87.0237,0.9628,1.1177
2026-07-23T16:00:26.047,87.0518,0.2775,0.1974
2026-07-23T16:00:26.047,87.0564,-0.2121,-0.5271
2026-07-23T16:00:26.068,87.0619,-0.4666,-1.1929
2026-07-23T16:00:26.075,87.0629,-0.8191,-1.5845
2026-07-23T16:00:26.081,87.0963,-0.8974,-1.9173
2026-07-23T16:00:26.095,87.0963,-1.289,-2.0153
2026-07-23T16:00:26.103,87.1042,-1.3673,-2.2698
2026-07-23T16:00:26.114,87.1088,-1.6415,-2.3873
2026-07-23T16:00:26.127,87.1396,-1.524,-2.4264
2026-07-23T16:00:26.139,87.1416,-1.8764,-2.5048
2026-07-23T16:00:26.147,87.1453,-1.7198,-2.5048
2026-07-23T16:00:26.155,87.1453,-1.9156,-2.5439
2026-07-23T16:00:26.160,87.1453,-1.9547,-2.4264
2026-07-23T16:00:26.174,87.1812,-1.9547,-2.4656
2026-07-23T16:00:26.184,87.1887,-2.0135,-2.3873
2026-07-23T16:00:26.196,87.1931,-1.9743,-2.3481
2026-07-23T16:00:26.196,87.2006,-2.0722,-2.3873
2026-07-23T16:00:26.222,87.219,-2.0527,-2.2502
2026-07-23T16:00:26.222,87.2268,-2.0722,-2.2894
2026-07-23T16:00:26.232,87.2297,-2.131,-2.1327
2026-07-23T16:00:26.244,87.2334,-1.9939,-2.1523
2026-07-23T16:00:26.253,87.2334,-2.0331,-2.1327
2026-07-23T16:00:26.253,87.2651,-1.8764,-2.1132
2026-07-23T16:00:26.270,87.2651,-2.0135,-2.0153
2026-07-23T16:00:26.284,87.2651,-1.8764,-2.0348
2026-07-23T16:00:26.284,87.3023,-2.0527,-1.9369
2026-07-23T16:00:26.311,87.3056,-1.9547,-2.0348
2026-07-23T16:00:26.311,87.3056,-2.1506,-1.9761
2026-07-23T16:00:26.332,87.3124,-1.9939,-2.0153
2026-07-23T16:00:26.332,87.3145,-2.1897,-2.0153
2026-07-23T16:00:26.347,87.3377,-2.0918,-1.9173
2026-07-23T16:00:26.347,87.344,-2.0918,-1.9957
2026-07-23T16:00:26.365,87.3517,-2.1114,-1.9173
2026-07-23T16:00:26.369,87.3815,-2.0331,-1.9173
2026-07-23T16:00:26.381,87.3835,-1.9939,-1.9565
2026-07-23T16:00:26.389,87.3912,-1.9547,-1.9173
2026-07-23T16:00:26.402,87.3912,-1.9939,-1.9369
2026-07-23T16:00:26.428,87.4202,-1.9547,-1.7607
2026-07-23T16:00:26.432,87.4202,-1.896,-1.7607
2026-07-23T16:00:26.439,87.4234,-2.0135,-1.7411
2026-07-23T16:00:26.442,87.4277,-1.896,-1.8782
2026-07-23T16:00:26.458,87.4546,-2.0135,-1.7411
2026-07-23T16:00:26.458,87.4546,-1.8568,-1.7215
2026-07-23T16:00:26.474,87.4588,-1.9547,-1.7999
2026-07-23T16:00:26.481,87.4588,-1.9156,-1.6824
2026-07-23T16:00:26.490,87.4858,-2.131,-1.702
2026-07-23T16:00:26.490,87.4896,-1.9743,-1.7215
2026-07-23T16:00:26.510,87.4896,-2.131,-1.6824
2026-07-23T16:00:26.521,87.5184,-1.9939,-1.6041
2026-07-23T16:00:26.521,87.5184,-1.9547,-1.5062
2026-07-23T16:00:26.540,87.5296,-1.9743,-1.3887
2026-07-23T16:00:26.553,87.5526,-1.9743,-1.4278
2026-07-23T16:00:26.569,87.5526,-1.9156,-1.3299
2026-07-23T16:00:26.569,87.5648,-1.896,-1.3103
2026-07-23T16:00:26.585,87.5648,-1.8177,-1.3103
2026-07-23T16:00:26.603,87.5963,-1.6806,-1.2516
2026-07-23T16:00:26.603,87.5963,-1.7002,-1.2124
2026-07-23T16:00:26.616,87.5963,-1.661,-1.1929
2026-07-23T16:00:26.616,87.5963,-1.7002,-1.2712
2026-07-23T16:00:26.641,87.6297,-1.7589,-1.1537
2026-07-23T16:00:26.641,87.6297,-1.6806,-1.2124
2026-07-23T16:00:26.647,87.636,-1.7394,-1.1929
2026-07-23T16:00:26.669,87.6594,-1.6415,-1.3103
2026-07-23T16:00:26.669,87.6594,-1.6806,-1.1929
2026-07-23T16:00:26.681,87.6633,-1.6219,-1.1537
2026-07-23T16:00:26.695,87.6877,-1.7198,-1.095
2026-07-23T16:00:26.695,87.6877,-1.5631,-1.0558
2026-07-23T16:00:26.710,87.6903,-1.6219,-1.1145
2026-07-23T16:00:26.726,87.7183,-1.5631,-1.0754
2026-07-23T16:00:26.729,87.7193,-1.5631,-1.1145
2026-07-23T16:00:26.741,87.7239,-1.5827,-1.0558
2026-07-23T16:00:26.764,87.7381,-1.6023,-1.1145
2026-07-23T16:00:26.764,87.7381,-1.6023,-1.0362
2026-07-23T16:00:26.775,87.7381,-1.5044,-1.0362
2026-07-23T16:00:26.783,87.7695,-1.5631,-1.095
2026-07-23T16:00:26.789,87.7759,-1.4652,-1.0166
2026-07-23T16:00:26.789,87.7759,-1.5631,-1.095
2026-07-23T16:00:26.820,87.8028,-1.5044,-1.0362
2026-07-23T16:00:26.820,87.8028,-1.4652,-1.0558
2026-07-23T16:00:26.836,87.8299,-1.4848,-1.0166
2026-07-23T16:00:26.847,87.8325,-1.4456,-1.1341
2026-07-23T16:00:26.854,87.8325,-1.5436,-1.0166
2026-07-23T16:00:26.869,87.8482,-1.3869,-1.095
2026-07-23T16:00:26.869,87.8482,-1.4261,-1.0754
2026-07-23T16:00:26.883,87.8482,-1.4065,-1.0166
2026-07-23T16:00:26.899,87.8863,-1.5044,-1.095
2026-07-23T16:00:26.899,87.8863,-1.3869,-1.0362
2026-07-23T16:00:26.915,87.891,-1.524,-1.0754
2026-07-23T16:00:26.930,87.9183,-1.4261,-1.095
2026-07-23T16:00:26.930,87.9183,-1.4456,-1.095
2026-07-23T16:00:26.942,87.9183,-1.3869,-1.0558
2026-07-23T16:00:26.962,87.9428,-1.4261,-1.1145
2026-07-23T16:00:26.962,87.9428,-1.524,-1.0754
2026-07-23T16:00:26.969,87.9742,-1.4065,-1.0166
2026-07-23T16:00:26.994,87.9742,-1.4848,-1.1145
2026-07-23T16:00:26.994,87.9742,-1.4261,-1.095
2026-07-23T16:00:26.994,87.9967,-1.4848,-1.1145
2026-07-23T16:00:27.020,88.0058,-1.3869,-1.0362
2026-07-23T16:00:27.020,88.0058,-1.4065,-1.0754
2026-07-23T16:00:27.025,88.0115,-1.5044,-0.9971
2026-07-23T16:00:27.047,88.0376,-1.3673,-1.0754
2026-07-23T16:00:27.047,88.0376,-1.4456,-1.0166
2026-07-23T16:00:27.062,88.0376,-1.4261,-1.0558
2026-07-23T16:00:27.081,88.0631,-1.3869,-1.0754
2026-07-23T16:00:27.081,88.0631,-1.4456,-1.0166
2026-07-23T16:00:27.088,88.0701,-1.4848,-1.2124
2026-07-23T16:00:27.105,88.095,-1.3869,-1.0362
2026-07-23T16:00:27.114,88.0965,-1.4652,-1.095
2026-07-23T16:00:27.121,88.1007,-1.4848,-0.9579
2026-07-23T16:00:27.142,88.1253,-1.4065,-1.0754
2026-07-23T16:00:27.142,88.1253,-1.4652,-1.0558
2026-07-23T16:00:27.152,88.1298,-1.289,-1.0558
2026-07-23T16:00:27.169,88.1478,-1.524,-0.9775
2026-07-23T16:00:27.176,88.1478,-1.4065,-1.0754
2026-07-23T16:00:27.187,88.1632,-1.5631,-1.0362
2026-07-23T16:00:27.199,88.1632,-1.3869,-0.9775
2026-07-23T16:00:27.199,88.1632,-1.524,-1.0166
2026-07-23T16:00:27.199,88.1964,-1.4456,-1.0362
2026-07-23T16:00:27.214,88.1964,-1.5436,-1.0362
2026-07-23T16:00:27.230,88.2197,-1.5044,-1.0362
2026-07-23T16:00:27.247,88.2261,-1.3869,-1.0558
2026-07-23T16:00:27.247,88.2261,-1.6219,-1.0166
2026-07-23T16:00:27.263,88.2418,-1.4848,-1.0558
2026-07-23T16:00:27.271,88.2418,-1.5631,-1.0754
2026-07-23T16:00:27.281,88.2733,-1.5044,-1.0558
2026-07-23T16:00:27.293,88.2733,-1.524,-1.095
2026-07-23T16:00:27.293,88.2733,-1.4652,-0.9579
2026-07-23T16:00:27.314,88.3032,-1.524,-1.0754
2026-07-23T16:00:27.324,88.305,-1.5827,-0.9775
2026-07-23T16:00:27.331,88.3206,-1.524,-1.0754
2026-07-23T16:00:27.347,88.3299,-1.6023,-1.0362
2026-07-23T16:00:27.356,88.3299,-1.4848,-1.095
2026-07-23T16:00:27.356,88.3558,-1.5827,-1.1145
2026-07-23T16:00:27.371,88.3577,-1.4652,-1.0558
2026-07-23T16:00:27.381,88.3577,-1.5827,-1.0754
2026-07-23T16:00:27.387,88.3854,-1.4848,-1.0166
2026-07-23T16:00:27.403,88.3854,-1.5436,-1.1145
2026-07-23T16:00:27.408,88.3896,-1.5436,-1.0362
2026-07-23T16:00:27.420,88.4152,-1.5044,-1.0558
2026-07-23T16:00:27.420,88.4152,-1.4261,-1.0558
2026-07-23T16:00:27.447,88.442,-1.4652,-1.0362
2026-07-23T16:00:27.450,88.4444,-1.5827,-0.9971
2026-07-23T16:00:27.450,88.4444,-1.4848,-0.9971
2026-07-23T16:00:27.479,88.4703,-1.524,-1.095
2026-07-23T16:00:27.483,88.4703,-1.4652,-0.9187
2026-07-23T16:00:27.495,88.4703,-1.4848,-0.9579
2026-07-23T16:00:27.498,88.4965,-1.4652,-1.0166
2026-07-23T16:00:27.514,88.4965,-1.4261,-1.0362
2026-07-23T16:00:27.521,88.4965,-1.524,-0.9579
2026-07-23T16:00:27.529,88.5263,-1.4261,-0.9971
2026-07-23T16:00:27.547,88.5299,-1.5044,-0.9971
2026-07-23T16:00:27.547,88.5299,-1.4065,-1.0166
2026-07-23T16:00:27.563,88.5576,-1.524,-0.9579
2026-07-23T16:00:27.576,88.5576,-1.3477,-0.9775
2026-07-23T16:00:27.581,88.5631,-1.5827,-0.9971
2026-07-23T16:00:27.593,88.5885,-1.5044,-0.9579
2026-07-23T16:00:27.604,88.5885,-1.4848,-1.0166
2026-07-23T16:00:27.614,88.5929,-1.5044,-0.9971
2026-07-23T16:00:27.623,88.6191,-1.4261,-1.0166
2026-07-23T16:00:27.623,88.6202,-1.4652,-1.0362
2026-07-23T16:00:27.639,88.6202,-1.4652,-0.9971
2026-07-23T16:00:27.655,88.6434,-1.524,-0.9775
2026-07-23T16:00:27.655,88.6434,-1.5044,-0.9579
2026-07-23T16:00:27.671,88.6434,-1.5044,-1.0362
2026-07-23T16:00:27.682,88.6673,-1.4848,-0.9187
2026-07-23T16:00:27.694,88.6673,-1.4848,-1.0166
2026-07-23T16:00:27.702,88.6788,-1.4652,-0.9579
2026-07-23T16:00:27.718,88.6987,-1.4065,-0.9971
2026-07-23T16:00:27.718,88.6987,-1.5044,-0.8796
2026-07-23T16:00:27.734,88.7299,-1.3869,-1.0362
2026-07-23T16:00:27.749,88.7299,-1.5044,-0.9775
2026-07-23T16:00:27.749,88.7299,-1.4261,-0.9383
2026-07-23T16:00:27.766,88.7608,-1.5631,-1.0754
2026-07-23T16:00:27.781,88.7624,-1.4065,-0.9579
2026-07-23T16:00:27.781,88.7634,-1.5436,-1.0558
2026-07-23T16:00:27.797,88.7766,-1.524,-0.9775
2026-07-23T16:00:27.797,88.7766,-1.4652,-1.0754
2026-07-23T16:00:27.814,88.7937,-1.5044,-0.9579
2026-07-23T16:00:27.814,88.8192,-1.4848,-1.0754
2026-07-23T16:00:27.827,88.8192,-1.4848,-0.9775
2026-07-23T16:00:27.843,88.8245,-1.5044,-0.9579
2026-07-23T16:00:27.859,88.8456,-1.4848,-0.9971
2026-07-23T16:00:27.859,88.8456,-1.4652,-0.9383
2026-07-23T16:00:27.875,88.8456,-1.4456,-0.9775
2026-07-23T16:00:27.881,88.8763,-1.5436,-0.9383
2026-07-23T16:00:27.896,88.8763,-1.4261,-0.9775
2026-07-23T16:00:27.896,88.8803,-1.5436,-0.9775
2026-07-23T16:00:27.906,88.9033,-1.3869,-1.0166
2026-07-23T16:00:27.922,88.9033,-1.5631,-0.9579
2026-07-23T16:00:27.931,88.9033,-1.3869,-0.9383
2026-07-23T16:00:27.947,88.9347,-1.6023,-0.9971
2026-07-23T16:00:27.947,88.9347,-1.2303,-0.8991
2026-07-23T16:00:27.970,88.9632,-1.5631,-1.0166
2026-07-23T16:00:27.981,88.9632,-1.4456,-0.8796
2026-07-23T16:00:27.986,88.9663,-1.5044,-1.0362
2026-07-23T16:00:27.990,88.982,-1.5044,-0.9775
2026-07-23T16:00:28.001,88.982,-1.4848,-0.9775
2026-07-23T16:00:28.017,88.9942,-1.4456,-0.9971
2026-07-23T16:00:28.033,89.021,-1.5044,-1.0558
2026-07-23T16:00:28.033,89.021,-1.4848,-1.0166
2026-07-23T16:00:28.033,89.021,-1.524,-0.9383
2026-07-23T16:00:28.049,89.0449,-1.4261,-0.9971
2026-07-23T16:00:28.065,89.0449,-1.524,-0.8796
2026-07-23T16:00:28.072,89.0542,-1.5044,-0.9383
2026-07-23T16:00:28.096,89.0772,-1.6023,-0.9579
2026-07-23T16:00:28.096,89.0772,-1.3477,-0.9971
2026-07-23T16:00:28.105,89.0772,-1.5436,-0.9187
2026-07-23T16:00:28.114,89.104,-1.3477,-0.9775
2026-07-23T16:00:28.127,89.104,-1.6023,-0.9775
2026-07-23T16:00:28.128,89.1089,-1.4261,-0.9971
2026-07-23T16:00:28.147,89.1339,-1.524,-0.9187
2026-07-23T16:00:28.155,89.1339,-1.289,-0.9579
2026-07-23T16:00:28.160,89.1394,-1.5436,-0.9579
2026-07-23T16:00:28.181,89.1551,-1.4456,-0.9971
2026-07-23T16:00:28.181,89.1632,-1.4261,-0.9579
2026-07-23T16:00:28.190,89.1865,-1.4456,-0.9971
2026-07-23T16:00:28.206,89.1865,-1.5044,-1.0166
2026-07-23T16:00:28.214,89.1865,-1.4848,-0.8796
2026-07-23T16:00:28.224,89.216,-1.5044,-0.9775
2026-07-23T16:00:28.230,89.2189,-1.4261,-0.9971
2026-07-23T16:00:28.244,89.2377,-1.4652,-0.9383
2026-07-23T16:00:28.264,89.2377,-1.4456,-0.9775
2026-07-23T16:00:28.265,89.2377,-1.5436,-0.9775
2026-07-23T16:00:28.273,89.2651,-1.4456,-0.9971
2026-07-23T16:00:28.288,89.2752,-1.6023,-0.9971
2026-07-23T16:00:28.288,89.2752,-1.3477,-0.9775
2026-07-23T16:00:28.300,89.2963,-1.5631,-0.9187
2026-07-23T16:00:28.316,89.3045,-1.3869,-0.9579
2026-07-23T16:00:28.326,89.3045,-1.524,-0.9579
2026-07-23T16:00:28.332,89.3297,-1.3869,-0.9187
2026-07-23T16:00:28.347,89.3297,-1.6415,-0.9579
2026-07-23T16:00:28.355,89.3324,-1.4065,-0.9579
2026-07-23T16:00:28.363,89.3607,-1.5436,-0.9187
2026-07-23T16:00:28.379,89.3617,-1.4652,-0.9775
2026-07-23T16:00:28.383,89.3638,-1.4456,-0.9775
2026-07-23T16:00:28.397,89.3877,-1.3869,-1.0362
2026-07-23T16:00:28.397,89.3915,-1.4848,-0.9775
2026-07-23T16:00:28.416,89.3935,-1.524,-0.9187
2026-07-23T16:00:28.426,89.4167,-1.4261,-0.9579
2026-07-23T16:00:28.426,89.4167,-1.4652,-0.9775
2026-07-23T16:00:28.444,89.4193,-1.5044,-0.9383
2026-07-23T16:00:28.459,89.4383,-1.4652,-0.9579
2026-07-23T16:00:28.459,89.4383,-1.6023,-0.9579
2026-07-23T16:00:28.473,89.4498,-1.4065,-0.9775
2026-07-23T16:00:28.489,89.4711,-1.6023,-0.8796
2026-07-23T16:00:28.489,89.4711,-1.4456,-1.0558
2026-07-23T16:00:28.506,89.5046,-1.6023,-0.9579
2026-07-23T16:00:28.522,89.5046,-1.4065,-0.9579
2026-07-23T16:00:28.522,89.5046,-1.524,-0.9971
2026-07-23T16:00:28.536,89.5327,-1.4065,-0.9579
2026-07-23T16:00:28.552,89.5327,-1.5827,-0.9579
2026-07-23T16:00:28.555,89.5327,-1.4456,-0.8796
2026-07-23T16:00:28.570,89.5648,-1.4652,-0.9383
2026-07-23T16:00:28.581,89.5653,-1.4065,-0.9383
2026-07-23T16:00:28.584,89.5653,-1.5044,-1.0558
2026-07-23T16:00:28.592,89.5814,-1.4065,-0.9775
2026-07-23T16:00:28.606,89.5814,-1.5631,-0.9187
2026-07-23T16:00:28.606,89.5963,-1.4848,-0.9971
2026-07-23T16:00:28.616,89.6197,-1.4848,-0.9579
2026-07-23T16:00:28.632,89.6197,-1.5044,-0.9775
2026-07-23T16:00:28.632,89.6197,-1.5631,-0.9775
2026-07-23T16:00:28.663,89.6436,-1.3869,-0.9775
2026-07-23T16:00:28.663,89.6436,-1.5044,-0.8991
2026-07-23T16:00:28.670,89.6436,-1.3282,-1.0166
2026-07-23T16:00:28.694,89.6753,-1.524,-0.9579
2026-07-23T16:00:28.694,89.6753,-1.4261,-0.9383
2026-07-23T16:00:28.694,89.6753,-1.5631,-1.0754
2026-07-23T16:00:28.714,89.6966,-1.4065,-0.9579
2026-07-23T16:00:28.714,89.6966,-1.5631,-0.9775
2026-07-23T16:00:28.738,89.7229,-1.3477,-0.9383
2026-07-23T16:00:28.747,89.7297,-1.5631,-0.9971
2026-07-23T16:00:28.747,89.7297,-1.4456,-0.9383
2026-07-23T16:00:28.764,89.753,-1.5044,-1.0166
2026-07-23T16:00:28.774,89.753,-1.5044,-0.9383
2026-07-23T16:00:28.780,89.753,-1.5436,-1.0558
2026-07-23T16:00:28.788,89.7846,-1.3673,-0.9775
2026-07-23T16:00:28.804,89.7846,-1.4456,-0.8208
2026-07-23T16:00:28.814,89.7846,-1.4652,-0.9579
2026-07-23T16:00:28.821,89.8049,-1.5436,-0.9775
2026-07-23T16:00:28.835,89.8049,-1.4261,-0.9579
2026-07-23T16:00:28.848,89.8318,-1.524,-0.9775
2026-07-23T16:00:28.856,89.8318,-1.3673,-0.9775
2026-07-23T16:00:28.867,89.8318,-1.5827,-0.9579
2026-07-23T16:00:28.871,89.8653,-1.3869,-0.9579
2026-07-23T16:00:28.883,89.8653,-1.5436,-0.9971
2026-07-23T16:00:28.883,89.8884,-1.3673,-0.9383
2026-07-23T16:00:28.899,89.8964,-1.6023,-0.8991
2026-07-23T16:00:28.916,89.8974,-1.4261,-0.9383
2026-07-23T16:00:28.930,89.9202,-1.524,-0.9187
2026-07-23T16:00:28.939,89.9202,-1.4456,-0.8991
2026-07-23T16:00:28.946,89.9269,-1.4652,-0.9775
2026-07-23T16:00:28.948,89.9301,-1.4456,-0.9383
2026-07-23T16:00:28.971,89.9511,-1.4652,-0.9775
2026-07-23T16:00:28.971,89.9511,-1.4848,-0.9383
2026-07-23T16:00:28.981,89.9746,-1.5436,-0.9187
2026-07-23T16:00:28.994,89.9746,-1.5044,-0.9775
2026-07-23T16:00:29.002,89.9746,-1.5044,-0.9187
2026-07-23T16:00:29.025,90.0071,-1.4261,-0.9971
2026-07-23T16:00:29.025,90.0081,-1.5631,-0.9775
2026-07-23T16:00:29.025,90.0111,-1.3673,-0.9187
2026-07-23T16:00:29.043,90.03,-1.6219,-0.86
2026-07-23T16:00:29.048,90.0386,-1.3869,-0.9971
2026-07-23T16:00:29.063,90.0616,-1.5827,-0.8796
2026-07-23T16:00:29.081,90.0631,-1.3869,-0.9187
2026-07-23T16:00:29.081,90.0631,-1.5436,-0.9579
2026-07-23T16:00:29.098,90.0849,-1.4456,-0.8796
2026-07-23T16:00:29.106,90.0849,-1.5631,-0.9971
2026-07-23T16:00:29.114,90.0931,-1.4065,-0.86
2026-07-23T16:00:29.125,90.1162,-1.4848,-0.9579
2026-07-23T16:00:29.136,90.1202,-1.4652,-0.9187
2026-07-23T16:00:29.144,90.1253,-1.5044,-1.0362
2026-07-23T16:00:29.152,90.1476,-1.4261,-0.9383
2026-07-23T16:00:29.167,90.1476,-1.4848,-0.9187
2026-07-23T16:00:29.176,90.1476,-1.5044,-0.9383
2026-07-23T16:00:29.190,90.1631,-1.4848,-0.9775
2026-07-23T16:00:29.190,90.1631,-1.4652,-0.9971
2026-07-23T16:00:29.198,90.1984,-1.4652,-0.86
2026-07-23T16:00:29.214,90.1984,-1.4652,-0.9971
2026-07-23T16:00:29.214,90.1984,-1.5631,-0.8796
2026-07-23T16:00:29.231,90.2238,-1.3673,-0.9579
2026-07-23T16:00:29.246,90.2238,-1.6219,-0.9187
2026-07-23T16:00:29.262,90.2485,-1.4065,-0.8796
2026-07-23T16:00:29.271,90.2537,-1.5827,-0.9383
2026-07-23T16:00:29.276,90.2537,-1.3673,-0.8796
