wall_time,elapsed_s,F1_N,F2_N
2026-07-22T15:31:07.318,0.0952,0.2502,0.0501
2026-07-22T15:31:07.323,0.0952,0.2698,-0.0282
2026-07-22T15:31:07.323,0.1014,0.2894,0.0305
2026-07-22T15:31:07.336,0.1088,0.2111,0.011
2026-07-22T15:31:07.349,0.1211,0.2894,0.011
2026-07-22T15:31:07.353,0.1211,0.2111,0.011
2026-07-22T15:31:07.365,0.137,0.2502,0.011
2026-07-22T15:31:07.365,0.1532,0.2307,0.011
2026-07-22T15:31:07.391,0.1626,0.2894,0.0501
2026-07-22T15:31:07.401,0.1832,0.2307,0.0305
2026-07-22T15:31:07.413,0.1854,0.2894,0.011
2026-07-22T15:31:07.418,0.1874,0.309,-0.0086
2026-07-22T15:31:07.432,0.1913,0.2894,0.011
2026-07-22T15:31:07.444,0.1953,0.1915,0.0305
2026-07-22T15:31:07.444,0.1953,0.2502,-0.0478
2026-07-22T15:31:07.476,0.201,0.1719,-0.0086
2026-07-22T15:31:07.481,0.201,0.1719,0.011
2026-07-22T15:31:07.485,0.201,0.1915,-0.0478
2026-07-22T15:31:07.493,0.2241,0.1523,0.011
2026-07-22T15:31:07.498,0.2261,0.1719,-0.0086
2026-07-22T15:31:07.518,0.2261,0.1915,0.0305
2026-07-22T15:31:07.524,0.2321,0.2111,-0.0478
2026-07-22T15:31:07.530,0.2477,0.2111,0.0305
2026-07-22T15:31:07.540,0.2477,0.1719,-0.0086
2026-07-22T15:31:07.549,0.2477,0.309,-0.0086
2026-07-22T15:31:07.570,0.2767,0.2307,-0.0282
2026-07-22T15:31:07.570,0.2797,0.2111,-0.0086
2026-07-22T15:31:07.570,0.2797,0.2307,0.0501
2026-07-22T15:31:07.592,0.3001,0.2307,-0.0478
2026-07-22T15:31:07.603,0.3001,0.2111,0.0893
2026-07-22T15:31:07.618,0.3239,0.2307,-0.0478
2026-07-22T15:31:07.623,0.3274,0.2698,-0.0478
2026-07-22T15:31:07.640,0.346,0.2894,-0.0086
2026-07-22T15:31:07.640,0.346,0.2698,0.011
2026-07-22T15:31:07.650,0.3506,0.309,0.011
2026-07-22T15:31:07.665,0.3715,0.2307,-0.0086
2026-07-22T15:31:07.669,0.3715,0.2698,0.0501
2026-07-22T15:31:07.685,0.3934,0.2698,-0.0086
2026-07-22T15:31:07.685,0.3934,0.2111,0.0305
2026-07-22T15:31:07.713,0.4057,0.2307,-0.0086
2026-07-22T15:31:07.713,0.4057,0.2111,0.0501
2026-07-22T15:31:07.716,0.4209,0.2502,0.011
2026-07-22T15:31:07.728,0.443,0.2111,0.0305
2026-07-22T15:31:07.728,0.4469,0.1915,-0.0086
2026-07-22T15:31:07.753,0.4682,0.2307,0.011
2026-07-22T15:31:07.759,0.4697,0.2307,-0.0086
2026-07-22T15:31:07.770,0.4735,0.1719,-0.0282
2026-07-22T15:31:07.778,0.4953,0.0936,-0.0869
2026-07-22T15:31:07.793,0.4999,0.074,-0.0869
2026-07-22T15:31:07.796,0.5156,-0.0239,-0.1457
2026-07-22T15:31:07.808,0.5156,-0.161,-0.1261
2026-07-22T15:31:07.823,0.5328,-0.2589,-0.2436
2026-07-22T15:31:07.823,0.5369,-0.298,-0.3023
2026-07-22T15:31:07.838,0.5569,-0.5721,-0.2436
2026-07-22T15:31:07.838,0.563,-0.6896,-0.0674
2026-07-22T15:31:07.864,0.5788,-0.4155,0.4026
2026-07-22T15:31:07.871,0.5949,0.2111,1.1075
2026-07-22T15:31:07.893,0.6061,1.3663,2.1844
2026-07-22T15:31:07.893,0.6061,3.1286,3.653
2026-07-22T15:31:07.902,0.6327,5.1259,5.5132
2026-07-22T15:31:07.902,0.6387,7.5147,7.3538
2026-07-22T15:31:07.929,0.6422,9.8448,8.9006
2026-07-22T15:31:07.947,0.6703,12.0379,10.3692
2026-07-22T15:31:07.948,0.6703,14.1134,11.7594
2026-07-22T15:31:07.955,0.6733,16.1694,13.0518
2026-07-22T15:31:07.965,0.679,18.4408,14.3441
2026-07-22T15:31:07.975,0.7106,20.9471,15.5973
2026-07-22T15:31:07.980,0.7146,23.4339,16.7917
2026-07-22T15:31:07.993,0.726,26.1947,17.9665
2026-07-22T15:31:08.002,0.735,28.5836,18.8085
2026-07-22T15:31:08.012,0.7589,31.0899,19.6309
2026-07-22T15:31:08.028,0.7589,33.5571,20.4337
2026-07-22T15:31:08.037,0.7589,36.3767,21.0603
2026-07-22T15:31:08.046,0.7746,39.2943,21.726
2026-07-22T15:31:08.057,0.7746,42.0356,22.4114
2026-07-22T15:31:08.064,0.7813,44.6007,22.94
2026-07-22T15:31:08.082,0.805,46.8525,23.3904
2026-07-22T15:31:08.082,0.805,48.7909,23.6449
2026-07-22T15:31:08.093,0.8207,49.9462,23.8603
2026-07-22T15:31:08.104,0.8275,51.0036,23.9582
2026-07-22T15:31:08.112,0.8521,52.2959,24.1149
2026-07-22T15:31:08.128,0.8521,53.647,24.4673
2026-07-22T15:31:08.128,0.8585,55.1155,24.6631
2026-07-22T15:31:08.144,0.8585,56.5253,24.8198
2026-07-22T15:31:08.152,0.8683,57.524,24.9177
2026-07-22T15:31:08.164,0.8881,58.4638,25.0743
2026-07-22T15:31:08.164,0.8935,59.0317,25.2114
2026-07-22T15:31:08.181,0.8973,59.6583,25.466
2026-07-22T15:31:08.191,0.9033,60.2653,25.603
2026-07-22T15:31:08.205,0.9222,60.8919,25.7988
2026-07-22T15:31:08.216,0.9222,61.6947,26.0338
2026-07-22T15:31:08.226,0.9222,62.5954,26.3079
2026-07-22T15:31:08.231,0.9576,63.2024,26.4842
2026-07-22T15:31:08.245,0.9624,63.8681,26.5625
2026-07-22T15:31:08.245,0.9624,64.6318,26.6604
2026-07-22T15:31:08.261,0.9675,65.8458,26.9345
2026-07-22T15:31:08.275,0.9832,66.9031,26.9933
2026-07-22T15:31:08.285,0.9934,67.7255,27.2282
2026-07-22T15:31:08.296,1.0158,68.4696,27.3849
2026-07-22T15:31:08.306,1.0158,69.4682,27.6394
2026-07-22T15:31:08.314,1.0158,70.3102,27.7373
2026-07-22T15:31:08.322,1.0158,70.8585,27.8744
2026-07-22T15:31:08.339,1.0497,70.6822,28.0115
2026-07-22T15:31:08.339,1.0535,69.9577,27.9723
2026-07-22T15:31:08.339,1.0535,69.8011,27.9919
2026-07-22T15:31:08.357,1.0804,70.0165,28.0506
2026-07-22T15:31:08.372,1.0825,70.1927,28.0898
2026-07-22T15:31:08.387,1.1034,70.271,28.2073
2026-07-22T15:31:08.394,1.1055,70.4081,28.3052
2026-07-22T15:31:08.405,1.1055,70.4668,28.4031
2026-07-22T15:31:08.416,1.1298,70.506,28.501
2026-07-22T15:31:08.416,1.1298,70.8193,28.501
2026-07-22T15:31:08.432,1.1371,71.1522,28.5206
2026-07-22T15:31:08.441,1.1579,71.348,28.5597
2026-07-22T15:31:08.453,1.1579,71.0934,28.5597
2026-07-22T15:31:08.460,1.1579,70.9172,28.5793
2026-07-22T15:31:08.479,1.1921,71.0543,28.4814
2026-07-22T15:31:08.481,1.1937,71.5438,28.5597
2026-07-22T15:31:08.495,1.1937,71.8179,28.5597
2026-07-22T15:31:08.500,1.2206,72.0333,28.7164
2026-07-22T15:31:08.516,1.2206,71.8962,28.6772
2026-07-22T15:31:08.516,1.2206,71.9941,28.7359
2026-07-22T15:31:08.527,1.2527,71.7788,28.7947
2026-07-22T15:31:08.543,1.2542,71.5634,28.7751
2026-07-22T15:31:08.543,1.2542,71.2501,28.8143
2026-07-22T15:31:08.560,1.2772,71.2305,28.7751
2026-07-22T15:31:08.575,1.2812,71.2109,28.8534
2026-07-22T15:31:08.587,1.3003,71.1522,28.9122
2026-07-22T15:31:08.595,1.3003,71.2109,28.8926
2026-07-22T15:31:08.604,1.3067,71.2892,28.9905
2026-07-22T15:31:08.616,1.327,71.583,28.9513
2026-07-22T15:31:08.616,1.327,71.9354,28.9709
2026-07-22T15:31:08.629,1.332,72.0137,29.0884
2026-07-22T15:31:08.640,1.3547,71.9746,29.0688
2026-07-22T15:31:08.655,1.358,71.7004,29.1667
2026-07-22T15:31:08.672,1.3815,71.6613,29.1667
2026-07-22T15:31:08.672,1.3815,71.6417,29.2646
2026-07-22T15:31:08.681,1.386,71.6221,29.3625
2026-07-22T15:31:08.695,1.407,71.2892,29.3429
2026-07-22T15:31:08.704,1.4119,71.1522,29.4213
2026-07-22T15:31:08.712,1.4119,70.9368,29.5583
2026-07-22T15:31:08.718,1.4266,70.8976,29.6171
2026-07-22T15:31:08.735,1.4266,71.1326,29.6954
2026-07-22T15:31:08.743,1.4612,71.5634,29.7541
2026-07-22T15:31:08.749,1.4612,72.1116,29.7933
2026-07-22T15:31:08.749,1.4694,72.7186,29.9499
2026-07-22T15:31:08.776,1.49,73.0711,30.0283
2026-07-22T15:31:08.781,1.49,73.1103,30.0087
2026-07-22T15:31:08.792,1.5078,72.9732,30.1066
2026-07-22T15:31:08.797,1.5185,73.1886,29.9695
2026-07-22T15:31:08.813,1.5216,73.4235,30.0674
2026-07-22T15:31:08.817,1.5236,73.3256,30.1653
2026-07-22T15:31:08.831,1.5444,73.1103,30.2045
2026-07-22T15:31:08.841,1.5444,72.8949,30.2632
2026-07-22T15:31:08.854,1.5683,72.8361,30.3024
2026-07-22T15:31:08.860,1.5698,72.9536,30.3611
2026-07-22T15:31:08.872,1.5737,72.934,30.4395
2026-07-22T15:31:08.880,1.594,72.7382,30.4982
2026-07-22T15:31:08.893,1.5996,72.6012,30.4395
2026-07-22T15:31:08.904,1.6189,72.4053,30.4395
2026-07-22T15:31:08.908,1.6189,72.0921,30.4003
2026-07-22T15:31:08.925,1.6189,71.6809,30.322
2026-07-22T15:31:08.938,1.6468,71.2305,30.322
2026-07-22T15:31:08.942,1.6468,71.0151,30.322
2026-07-22T15:31:08.942,1.6468,70.8976,30.4199
2026-07-22T15:31:08.959,1.674,71.0543,30.3807
2026-07-22T15:31:08.970,1.6785,70.9368,30.4199
2026-07-22T15:31:08.981,1.6981,70.7606,30.4199
2026-07-22T15:31:08.986,1.7031,70.6039,30.4199
2026-07-22T15:31:09.003,1.7068,70.4277,30.4786
2026-07-22T15:31:09.017,1.7266,70.3885,30.4199
2026-07-22T15:31:09.026,1.7266,70.2515,30.4982
2026-07-22T15:31:09.037,1.7497,69.8598,30.3807
2026-07-22T15:31:09.037,1.7527,69.527,30.4003
2026-07-22T15:31:09.049,1.7557,69.0179,30.4395
2026-07-22T15:31:09.070,1.7766,68.5871,30.4395
2026-07-22T15:31:09.074,1.7766,68.1759,30.459
2026-07-22T15:31:09.090,1.794,67.9409,30.4786
2026-07-22T15:31:09.096,1.804,67.9409,30.5374
2026-07-22T15:31:09.099,1.804,67.9213,30.557
2026-07-22T15:31:09.111,1.8241,67.843,30.6157
2026-07-22T15:31:09.127,1.8328,67.6472,30.5765
2026-07-22T15:31:09.135,1.8328,67.099,30.6157
2026-07-22T15:31:09.135,1.8581,66.1787,30.5961
2026-07-22T15:31:09.156,1.8656,65.2975,30.6157
2026-07-22T15:31:09.156,1.8666,64.3577,30.6157
2026-07-22T15:31:09.168,1.8856,63.7311,30.557
2026-07-22T15:31:09.188,1.8906,63.3786,30.5178
2026-07-22T15:31:09.196,1.9073,63.222,30.4395
2026-07-22T15:31:09.204,1.9124,63.0457,30.4786
2026-07-22T15:31:09.217,1.9156,62.752,30.459
2026-07-22T15:31:09.222,1.9336,62.615,30.4982
2026-07-22T15:31:09.238,1.9336,62.3017,30.5374
2026-07-22T15:31:09.246,1.9545,62.1059,30.5178
2026-07-22T15:31:09.246,1.9581,61.9492,30.6353
2026-07-22T15:31:09.268,1.9811,61.7926,30.694
2026-07-22T15:31:09.268,1.9811,61.4597,30.6744
2026-07-22T15:31:09.285,1.9811,61.1856,30.694
2026-07-22T15:31:09.295,2.0061,60.7548,30.694
2026-07-22T15:31:09.304,2.0132,60.4023,30.7528
2026-07-22T15:31:09.313,2.0132,60.1869,30.7136
2026-07-22T15:31:09.319,2.0384,60.0499,30.8115
2026-07-22T15:31:09.336,2.0384,59.8932,30.8311
2026-07-22T15:31:09.336,2.0384,59.6191,30.7723
2026-07-22T15:31:09.346,2.0639,59.2471,30.8702
2026-07-22T15:31:09.361,2.0698,58.875,30.7528
2026-07-22T15:31:09.376,2.0906,58.503,30.7723
2026-07-22T15:31:09.376,2.0946,58.3268,30.8898
2026-07-22T15:31:09.393,2.102,58.4051,30.8898
2026-07-22T15:31:09.403,2.1166,58.5226,31.0073
2026-07-22T15:31:09.408,2.1241,58.6401,31.0465
2026-07-22T15:31:09.425,2.1322,58.5617,31.1052
2026-07-22T15:31:09.432,2.1499,58.4834,31.0856
2026-07-22T15:31:09.439,2.1499,58.1114,31.164
2026-07-22T15:31:09.454,2.1566,57.7589,31.0269
2026-07-22T15:31:09.471,2.1793,57.7198,31.0269
2026-07-22T15:31:09.473,2.1793,57.5435,31.0465
2026-07-22T15:31:09.479,2.1793,57.5827,31.2814
2026-07-22T15:31:09.488,2.2044,57.3086,31.3206
2026-07-22T15:31:09.502,2.2119,57.1715,31.4381
2026-07-22T15:31:09.513,2.231,56.8974,31.536
2026-07-22T15:31:09.518,2.231,56.6428,31.5947
2026-07-22T15:31:09.537,2.2366,56.1533,31.6926
2026-07-22T15:31:09.549,2.2424,55.5071,31.6339
2026-07-22T15:31:09.554,2.2595,55.3309,31.7122
2026-07-22T15:31:09.565,2.2758,55.233,31.6926
2026-07-22T15:31:09.565,2.2882,55.1743,31.771
2026-07-22T15:31:09.588,2.2952,55.0764,31.8101
2026-07-22T15:31:09.594,2.3071,54.998,31.8689
2026-07-22T15:31:09.599,2.3071,54.998,31.8689
2026-07-22T15:31:09.613,2.3071,54.9393,31.9863
2026-07-22T15:31:09.618,2.3381,54.7827,32.0451
2026-07-22T15:31:09.630,2.3381,54.7239,32.1234
2026-07-22T15:31:09.644,2.3503,54.6848,32.0451
2026-07-22T15:31:09.660,2.3693,54.5869,32.1038
2026-07-22T15:31:09.661,2.3693,54.5085,32.2017
2026-07-22T15:31:09.673,2.3693,54.2344,32.3192
2026-07-22T15:31:09.683,2.3955,54.0582,32.3388
2026-07-22T15:31:09.692,2.3986,53.9798,32.3192
2026-07-22T15:31:09.703,2.418,53.9407,32.3584
2026-07-22T15:31:09.707,2.4203,53.9211,32.3584
2026-07-22T15:31:09.723,2.4203,53.9994,32.4367
2026-07-22T15:31:09.739,2.4476,54.0582,32.4171
2026-07-22T15:31:09.743,2.4476,54.1757,32.5346
2026-07-22T15:31:09.743,2.4633,54.2931,32.6325
2026-07-22T15:31:09.755,2.4633,54.4498,32.5542
2026-07-22T15:31:09.770,2.479,54.391,32.6325
2026-07-22T15:31:09.786,2.4957,54.4694,32.6521
2026-07-22T15:31:09.786,2.5005,54.626,32.8087
2026-07-22T15:31:09.807,2.5205,54.8806,32.8283
2026-07-22T15:31:09.807,2.5225,54.9393,32.9066
2026-07-22T15:31:09.823,2.5273,54.8218,32.9262
2026-07-22T15:31:09.833,2.5419,54.9197,32.9262
2026-07-22T15:31:09.833,2.5419,54.8806,32.9458
2026-07-22T15:31:09.850,2.5614,54.861,32.9262
2026-07-22T15:31:09.865,2.5738,54.8414,32.9458
2026-07-22T15:31:09.878,2.5788,54.7827,32.985
2026-07-22T15:31:09.884,2.5957,55.0176,33.0241
2026-07-22T15:31:09.896,2.6063,55.1351,33.0829
2026-07-22T15:31:09.902,2.6094,55.3897,33.122
2026-07-22T15:31:09.915,2.6207,55.4876,33.2004
2026-07-22T15:31:09.928,2.6326,55.5855,33.2591
2026-07-22T15:31:09.932,2.6364,55.6638,33.3766
2026-07-22T15:31:09.944,2.653,55.8009,33.4157
2026-07-22T15:31:09.955,2.6597,56.0358,33.592
2026-07-22T15:31:09.965,2.6791,56.1729,33.6115
2026-07-22T15:31:09.965,2.6791,56.4274,33.8269
2026-07-22T15:31:09.982,2.6845,56.5449,33.8661
2026-07-22T15:31:09.990,2.7065,56.7799,34.0423
2026-07-22T15:31:10.006,2.7065,56.9953,34.1794
2026-07-22T15:31:10.022,2.7339,57.2107,34.2773
2026-07-22T15:31:10.022,2.7339,57.3086,34.3165
2026-07-22T15:31:10.029,2.7339,57.5044,34.336
2026-07-22T15:31:10.044,2.7464,57.5827,34.4144
2026-07-22T15:31:10.057,2.7651,57.7589,34.5123
2026-07-22T15:31:10.057,2.7689,57.9352,34.5318
2026-07-22T15:31:10.069,2.7892,57.9547,34.7277
2026-07-22T15:31:10.069,2.7932,58.0331,34.7864
2026-07-22T15:31:10.098,2.8097,57.9156,34.8843
2026-07-22T15:31:10.100,2.8097,57.9352,34.8647
2026-07-22T15:31:10.119,2.8211,57.8373,34.943
2026-07-22T15:31:10.119,2.8425,57.6414,34.9822
2026-07-22T15:31:10.132,2.8425,57.5435,34.943
2026-07-22T15:31:10.144,2.8425,57.5631,34.9235
2026-07-22T15:31:10.154,2.8734,57.7394,35.0801
2026-07-22T15:31:10.165,2.8767,57.8568,35.0801
2026-07-22T15:31:10.165,2.8822,57.9939,35.1976
2026-07-22T15:31:10.179,2.9021,58.0331,35.2172
2026-07-22T15:31:10.194,2.9051,58.1114,35.2955
2026-07-22T15:31:10.202,2.9079,58.2485,35.2759
2026-07-22T15:31:10.219,2.9326,58.3072,35.413
2026-07-22T15:31:10.225,2.9326,58.4247,35.3542
2026-07-22T15:31:10.231,2.9392,58.2876,35.4521
2026-07-22T15:31:10.246,2.9583,58.2093,35.5109
2026-07-22T15:31:10.255,2.9583,58.4247,35.6871
2026-07-22T15:31:10.262,2.9639,58.5813,35.8046
2026-07-22T15:31:10.278,2.9864,58.8163,35.8438
2026-07-22T15:31:10.287,2.9921,58.9338,35.9612
2026-07-22T15:31:10.293,3.013,59.0904,36.0396
2026-07-22T15:31:10.301,3.015,59.0904,36.0983
2026-07-22T15:31:10.312,3.017,59.0121,36.1962
2026-07-22T15:31:10.326,3.0256,58.9729,36.1962
2026-07-22T15:31:10.338,3.0256,59.0317,36.2941
2026-07-22T15:31:10.348,3.0579,58.9338,36.0983
2026-07-22T15:31:10.348,3.0579,59.0317,36.157
2026-07-22T15:31:10.348,3.0579,59.0708,36.1375
2026-07-22T15:31:10.381,3.0894,59.1492,36.157
2026-07-22T15:31:10.381,3.0894,59.2471,36.1179
2026-07-22T15:31:10.395,3.111,59.4037,36.1962
2026-07-22T15:31:10.402,3.1139,59.6387,36.2354
2026-07-22T15:31:10.412,3.1189,59.8149,36.2941
2026-07-22T15:31:10.419,3.1246,59.8737,36.4312
2026-07-22T15:31:10.437,3.1424,59.8149,36.4508
2026-07-22T15:31:10.442,3.1457,59.6583,36.5095
2026-07-22T15:31:10.447,3.1654,59.5212,36.4703
2026-07-22T15:31:10.465,3.1654,59.5408,36.4899
2026-07-22T15:31:10.468,3.1906,59.5604,36.5487
2026-07-22T15:31:10.488,3.1966,59.5995,36.5095
2026-07-22T15:31:10.495,3.2018,59.6778,36.5878
2026-07-22T15:31:10.502,3.2191,59.717,36.5487
2026-07-22T15:31:10.513,3.2191,59.7562,36.5291
2026-07-22T15:31:10.526,3.2191,59.6974,36.5682
2026-07-22T15:31:10.526,3.2356,59.6778,36.6661
2026-07-22T15:31:10.542,3.2356,59.717,36.7641
2026-07-22T15:31:10.558,3.2665,59.7366,36.5878
2026-07-22T15:31:10.558,3.2715,59.6974,36.6074
2026-07-22T15:31:10.577,3.2715,59.6191,36.4703
2026-07-22T15:31:10.589,3.2968,59.4429,36.4508
2026-07-22T15:31:10.594,3.2986,59.5016,36.392
2026-07-22T15:31:10.606,3.3228,59.6778,36.4312
2026-07-22T15:31:10.606,3.3263,59.7953,36.4899
2026-07-22T15:31:10.621,3.3297,59.8737,36.5095
2026-07-22T15:31:10.636,3.3489,59.8541,36.4899
2026-07-22T15:31:10.646,3.3489,59.7562,36.5878
2026-07-22T15:31:10.652,3.3489,59.7758,36.6857
2026-07-22T15:31:10.668,3.3801,59.8737,36.6661
2026-07-22T15:31:10.672,3.3801,60.0303,36.6857
2026-07-22T15:31:10.685,3.397,60.2065,36.7053
2026-07-22T15:31:10.685,3.4081,60.2457,36.6857
2026-07-22T15:31:10.703,3.415,60.3436,36.7445
2026-07-22T15:31:10.716,3.4353,60.4219,36.7053
2026-07-22T15:31:10.720,3.4395,60.696,36.7641
2026-07-22T15:31:10.738,3.4415,60.8135,36.7836
2026-07-22T15:31:10.738,3.4415,60.6569,36.8032
2026-07-22T15:31:10.747,3.4563,60.5002,36.8815
2026-07-22T15:31:10.764,3.4563,60.3828,36.8815
2026-07-22T15:31:10.764,3.49,60.4219,36.862
2026-07-22T15:31:10.779,3.49,60.5394,36.862
2026-07-22T15:31:10.794,3.4971,60.7156,36.9599
2026-07-22T15:31:10.810,3.5184,60.5394,36.9403
2026-07-22T15:31:10.813,3.5184,60.3044,36.9403
2026-07-22T15:31:10.825,3.5341,60.0107,36.8815
2026-07-22T15:31:10.825,3.5341,59.9324,36.9011
2026-07-22T15:31:10.841,3.5474,59.952,36.9599
2026-07-22T15:31:10.857,3.5697,60.0499,36.999
2026-07-22T15:31:10.857,3.5697,60.1086,37.0578
2026-07-22T15:31:10.873,3.5816,60.0303,36.9599
2026-07-22T15:31:10.873,3.5984,59.8149,36.999
2026-07-22T15:31:10.892,3.5984,59.5995,36.9794
2026-07-22T15:31:10.904,3.6136,59.4429,36.9794
2026-07-22T15:31:10.904,3.6295,59.6778,37.0578
2026-07-22T15:31:10.921,3.6314,59.9128,37.0186
2026-07-22T15:31:10.936,3.6452,60.2261,37.0969
2026-07-22T15:31:10.936,3.657,60.2261,37.0382
2026-07-22T15:31:10.954,3.661,60.2261,37.0382
2026-07-22T15:31:10.954,3.6809,60.089,36.9599
2026-07-22T15:31:10.968,3.6851,60.0303,36.9599
2026-07-22T15:31:10.984,3.6877,59.9911,37.0773
2026-07-22T15:31:10.984,3.6976,60.089,37.1361
2026-07-22T15:31:11.008,3.7088,60.1086,37.1752
2026-07-22T15:31:11.010,3.7088,60.1282,37.3319
2026-07-22T15:31:11.020,3.7244,60.2653,37.3319
2026-07-22T15:31:11.032,3.7244,60.2653,37.2732
2026-07-22T15:31:11.032,3.7559,60.1086,37.1361
2026-07-22T15:31:11.047,3.7559,59.8541,37.0773
2026-07-22T15:31:11.064,3.7814,59.5016,36.9403
2026-07-22T15:31:11.064,3.7814,59.3058,36.9207
2026-07-22T15:31:11.079,3.7884,59.1492,36.8228
2026-07-22T15:31:11.094,3.803,59.1492,36.8424
2026-07-22T15:31:11.104,3.803,59.3058,36.862
2026-07-22T15:31:11.111,3.8207,59.2471,36.9794
2026-07-22T15:31:11.126,3.8344,59.1296,37.0578
2026-07-22T15:31:11.137,3.8354,58.9729,37.1361
2026-07-22T15:31:11.143,3.8552,58.875,37.0578
2026-07-22T15:31:11.143,3.8552,58.7184,37.0186
2026-07-22T15:31:11.158,3.8838,58.6988,37.1361
2026-07-22T15:31:11.173,3.8838,58.8163,37.1361
2026-07-22T15:31:11.187,3.8957,58.875,37.1557
2026-07-22T15:31:11.195,3.9133,58.8946,37.1557
2026-07-22T15:31:11.207,3.9133,58.8163,37.1948
2026-07-22T15:31:11.218,3.9133,58.7771,37.234
2026-07-22T15:31:11.220,3.929,58.6792,37.1557
2026-07-22T15:31:11.236,3.9451,58.6792,37.2536
2026-07-22T15:31:11.236,3.9484,58.5422,37.1557
2026-07-22T15:31:11.252,3.9683,58.4638,37.1361
2026-07-22T15:31:11.252,3.9683,58.3659,37.0382
2026-07-22T15:31:11.278,3.9954,58.4051,37.0578
2026-07-22T15:31:11.284,3.9989,58.4051,37.1165
2026-07-22T15:31:11.291,4.0019,58.4051,37.0773
2026-07-22T15:31:11.305,4.021,58.3268,37.1557
2026-07-22T15:31:11.318,4.0256,58.2093,37.2144
2026-07-22T15:31:11.326,4.0297,58.3268,37.2732
2026-07-22T15:31:11.340,4.0408,58.3659,37.3906
2026-07-22T15:31:11.348,4.053,58.5617,37.4298
2026-07-22T15:31:11.352,4.0565,58.7967,37.5473
2026-07-22T15:31:11.364,4.0766,58.9142,37.469
2026-07-22T15:31:11.376,4.0806,59.0317,37.5473
2026-07-22T15:31:11.379,4.1038,58.9729,37.5669
2026-07-22T15:31:11.395,4.105,59.0708,37.5864
2026-07-22T15:31:11.405,4.1114,58.9534,37.6648
2026-07-22T15:31:11.414,4.1307,59.0121,37.7235
2026-07-22T15:31:11.421,4.1337,59.0513,37.7823
2026-07-22T15:31:11.435,4.1382,58.9534,37.7431
2026-07-22T15:31:11.449,4.1557,58.738,37.6256
2026-07-22T15:31:11.457,4.159,58.738,37.6256
2026-07-22T15:31:11.467,4.1776,58.8555,37.5864
2026-07-22T15:31:11.479,4.1776,58.8163,37.5277
2026-07-22T15:31:11.482,4.1828,58.738,37.5669
2026-07-22T15:31:11.497,4.2061,58.738,37.6648
2026-07-22T15:31:11.506,4.2061,58.5813,37.6452
2026-07-22T15:31:11.513,4.2265,58.4638,37.5864
2026-07-22T15:31:11.521,4.2265,58.4051,37.6452
2026-07-22T15:31:11.529,4.2265,58.3855,37.6648
2026-07-22T15:31:11.549,4.264,58.5422,37.6256
2026-07-22T15:31:11.549,4.266,58.6009,37.6843
2026-07-22T15:31:11.565,4.2832,58.5813,37.7039
2026-07-22T15:31:11.565,4.2883,58.6205,37.7039
2026-07-22T15:31:11.591,4.2956,58.4638,37.7235
2026-07-22T15:31:11.597,4.3064,58.6401,37.8018
2026-07-22T15:31:11.606,4.3064,58.9729,37.8606
2026-07-22T15:31:11.616,4.3064,59.3646,37.9389
2026-07-22T15:31:11.629,4.3235,59.482,38.0955
2026-07-22T15:31:11.629,4.3375,59.2079,37.9389
2026-07-22T15:31:11.646,4.3531,58.8163,37.9585
2026-07-22T15:31:11.646,4.3531,58.6401,37.8802
2026-07-22T15:31:11.666,4.369,58.7184,37.9193
2026-07-22T15:31:11.676,4.389,58.7967,37.9585
2026-07-22T15:31:11.676,4.389,58.9142,38.0172
2026-07-22T15:31:11.696,4.41,59.0121,38.1151
2026-07-22T15:31:11.706,4.41,59.1296,38.0955
2026-07-22T15:31:11.712,4.4178,59.4429,38.213
2026-07-22T15:31:11.724,4.4325,59.6583,38.2718
2026-07-22T15:31:11.733,4.4325,59.7562,38.3501
2026-07-22T15:31:11.741,4.4484,59.717,38.3501
2026-07-22T15:31:11.755,4.4668,59.4429,38.3697
2026-07-22T15:31:11.767,4.4697,59.3058,38.3893
2026-07-22T15:31:11.771,4.4915,59.3058,38.4284
2026-07-22T15:31:11.771,4.4915,59.3058,38.2522
2026-07-22T15:31:11.793,4.4987,59.345,38.1543
2026-07-22T15:31:11.809,4.5165,59.2862,38.1151
2026-07-22T15:31:11.814,4.5165,59.2079,37.9781
2026-07-22T15:31:11.834,4.5272,59.1883,37.9976
2026-07-22T15:31:11.839,4.543,59.3646,37.9976
2026-07-22T15:31:11.845,4.543,59.5408,38.1151
2026-07-22T15:31:11.850,4.5625,59.5212,38.1739
2026-07-22T15:31:11.866,4.5625,59.5799,38.1151
2026-07-22T15:31:11.874,4.5844,59.6974,38.3109
2026-07-22T15:31:11.885,4.5896,59.8149,38.3501
2026-07-22T15:31:11.893,4.5896,60.0695,38.3501
2026-07-22T15:31:11.907,4.609,60.0499,38.4284
2026-07-22T15:31:11.912,4.6221,59.8149,38.4088
2026-07-22T15:31:11.921,4.6383,59.5799,38.2718
2026-07-22T15:31:11.932,4.6477,59.5212,38.2914
2026-07-22T15:31:11.945,4.6533,59.8149,38.1934
2026-07-22T15:31:11.945,4.669,60.3044,38.2522
2026-07-22T15:31:11.961,4.669,60.5198,38.2914
2026-07-22T15:31:11.976,4.6805,60.6177,38.4284
2026-07-22T15:31:11.992,4.7014,60.4415,38.3109
2026-07-22T15:31:11.992,4.7014,60.3436,38.2522
2026-07-22T15:31:12.003,4.7014,60.2653,38.2326
2026-07-22T15:31:12.008,4.7234,60.5981,38.2914
2026-07-22T15:31:12.024,4.7234,60.7744,38.3697
2026-07-22T15:31:12.039,4.7503,61.0877,38.448
2026-07-22T15:31:12.046,4.7503,61.2835,38.5851
2026-07-22T15:31:12.046,4.77,61.3618,38.5263
2026-07-22T15:31:12.056,4.7726,61.3031,38.5655
2026-07-22T15:31:12.073,4.7753,61.6359,38.6634
2026-07-22T15:31:12.087,4.7957,61.6947,38.8788
2026-07-22T15:31:12.095,4.7984,61.5968,38.9571
2026-07-22T15:31:12.103,4.8124,61.3031,38.8984
2026-07-22T15:31:12.116,4.8124,60.9702,38.9571
2026-07-22T15:31:12.121,4.8124,61.0093,38.9963
2026-07-22T15:31:12.135,4.8431,61.5184,39.0746
2026-07-22T15:31:12.135,4.8489,61.8122,39.055
2026-07-22T15:31:12.150,4.8712,61.773,39.055
2026-07-22T15:31:12.166,4.8749,61.3226,38.9963
2026-07-22T15:31:12.172,4.8769,61.0289,38.9767
2026-07-22T15:31:12.182,4.8982,61.0289,39.0158
2026-07-22T15:31:12.200,4.8982,61.2051,38.9767
2026-07-22T15:31:12.208,4.9181,61.3226,38.9767
2026-07-22T15:31:12.213,4.9246,61.3618,38.9571
2026-07-22T15:31:12.221,4.9271,61.2247,38.9767
2026-07-22T15:31:12.229,4.9383,60.8723,38.9179
2026-07-22T15:31:12.247,4.9383,60.5394,38.7417
2026-07-22T15:31:12.250,4.9543,60.3828,38.7221
2026-07-22T15:31:12.261,4.9699,60.4023,38.7613
2026-07-22T15:31:12.261,4.9699,60.4611,38.7025
2026-07-22T15:31:12.277,4.9968,60.4611,38.5655
2026-07-22T15:31:12.293,4.9983,60.4415,38.5067
2026-07-22T15:31:12.293,5.0016,60.2065,38.448
2026-07-22T15:31:12.309,5.0172,59.8932,38.3109
2026-07-22T15:31:12.324,5.0172,59.6974,38.2914
2026-07-22T15:31:12.324,5.0349,59.8149,38.2718
2026-07-22T15:31:12.340,5.049,59.8932,38.3501
2026-07-22T15:31:12.358,5.0648,59.9911,38.3893
2026-07-22T15:31:12.358,5.0648,60.0107,38.448
2026-07-22T15:31:12.377,5.0806,60.1086,38.4676
2026-07-22T15:31:12.388,5.102,60.0499,38.4088
2026-07-22T15:31:12.388,5.102,59.952,38.3697
2026-07-22T15:31:12.403,5.102,59.6974,38.1739
2026-07-22T15:31:12.421,5.1311,59.4429,38.0564
2026-07-22T15:31:12.425,5.1331,59.1883,37.9781
2026-07-22T15:31:12.425,5.1421,59.11,37.9976
2026-07-22T15:31:12.448,5.1421,59.0904,37.9389
2026-07-22T15:31:12.456,5.1557,59.0904,37.8997
2026-07-22T15:31:12.465,5.1738,58.9338,37.9585
2026-07-22T15:31:12.465,5.1738,58.6205,37.8606
2026-07-22T15:31:12.481,5.1847,58.3855,37.7823
2026-07-22T15:31:12.497,5.1981,58.3464,37.7039
2026-07-22T15:31:12.497,5.2055,58.4834,37.6648
2026-07-22T15:31:12.521,5.2333,58.5226,37.7431
2026-07-22T15:31:12.528,5.2363,58.5226,37.6843
2026-07-22T15:31:12.528,5.2373,58.2485,37.5277
2026-07-22T15:31:12.551,5.2564,57.8568,37.5081
2026-07-22T15:31:12.557,5.259,57.661,37.469
2026-07-22T15:31:12.567,5.274,57.3869,37.4885
2026-07-22T15:31:12.575,5.2836,57.2303,37.4298
2026-07-22T15:31:12.582,5.2836,56.8582,37.4494
2026-07-22T15:31:12.597,5.2982,56.7016,37.3906
2026-07-22T15:31:12.606,5.3077,56.5841,37.4298
2026-07-22T15:31:12.612,5.3212,56.4862,37.3711
2026-07-22T15:31:12.628,5.3318,56.4079,37.2927
2026-07-22T15:31:12.630,5.3318,56.5645,37.3515
2026-07-22T15:31:12.644,5.3425,56.5253,37.2144
2026-07-22T15:31:12.655,5.3578,56.3883,37.234
2026-07-22T15:31:12.664,5.3776,56.1729,37.1165
2026-07-22T15:31:12.665,5.3815,55.9575,37.0186
2026-07-22T15:31:12.681,5.3876,55.4484,36.9794
2026-07-22T15:31:12.696,5.4076,54.9001,36.7836
2026-07-22T15:31:12.704,5.4076,53.9994,36.5878
2026-07-22T15:31:12.715,5.421,53.1575,36.3333
2026-07-22T15:31:12.721,5.421,51.9239,36.0787
2026-07-22T15:31:12.730,5.4421,50.1812,35.5892
2026-07-22T15:31:12.744,5.4532,47.8511,35.0018
2026-07-22T15:31:12.744,5.4532,44.5615,33.9836
2026-07-22T15:31:12.766,5.4848,39.8817,31.9472
2026-07-22T15:31:12.776,5.4878,34.0858,28.7164
2026-07-22T15:31:12.776,5.495,27.3892,23.8603
2026-07-22T15:31:12.792,5.5181,20.7905,18.6518
2026-07-22T15:31:12.792,5.5181,15.347,14.3637
2026-07-22T15:31:12.821,5.5323,11.1763,11.0741
2026-07-22T15:31:12.823,5.5511,7.9651,8.4894
2026-07-22T15:31:12.823,5.5511,5.4587,6.3356
2026-07-22T15:31:12.841,5.5661,3.5986,4.7299
2026-07-22T15:31:12.855,5.5661,2.2279,3.5159
2026-07-22T15:31:12.871,5.5879,1.151,2.5565
2026-07-22T15:31:12.874,5.6001,0.3286,1.9299
2026-07-22T15:31:12.889,5.6046,-0.4155,1.3816
2026-07-22T15:31:12.889,5.6137,-0.9442,0.9117
2026-07-22T15:31:12.902,5.6276,-1.14,0.4809
2026-07-22T15:31:12.911,5.6315,-0.8267,0.3634
2026-07-22T15:31:12.927,5.6381,-0.6309,0.383
2026-07-22T15:31:12.936,5.6592,-0.3568,0.5788
2026-07-22T15:31:12.954,5.6671,-0.2784,0.2459
2026-07-22T15:31:12.961,5.6671,-0.1022,0.1284
2026-07-22T15:31:12.968,5.6908,0.1132,0.1872
2026-07-22T15:31:12.968,5.6908,0.1719,0.1676
2026-07-22T15:31:12.990,5.6982,0.2111,0.1676
2026-07-22T15:31:12.990,5.7029,0.1719,0.2459
2026-07-22T15:31:12.998,5.7233,0.1915,0.2264
2026-07-22T15:31:13.014,5.7264,0.1328,0.2068
2026-07-22T15:31:13.026,5.7264,0.1132,0.1872
2026-07-22T15:31:13.029,5.7515,0.1719,0.1676
2026-07-22T15:31:13.049,5.7548,0.0936,0.2068
2026-07-22T15:31:13.049,5.7548,0.1132,0.2459
2026-07-22T15:31:13.061,5.7694,0.1523,0.3047
2026-07-22T15:31:13.078,5.7694,0.1523,0.2851
2026-07-22T15:31:13.092,5.801,0.0153,0.3047
2026-07-22T15:31:13.092,5.801,0.1915,0.2851
2026-07-22T15:31:13.092,5.8166,0.2502,0.3243
2026-07-22T15:31:13.111,5.8166,0.1915,0.3438
2026-07-22T15:31:13.124,5.8166,0.1523,0.2655
2026-07-22T15:31:13.139,5.8323,0.1915,0.3243
2026-07-22T15:31:13.139,5.8323,0.1523,0.2068
2026-07-22T15:31:13.155,5.8639,0.1915,0.383
2026-07-22T15:31:13.155,5.8639,0.1719,0.2068
2026-07-22T15:31:13.175,5.8797,0.3286,0.2655
2026-07-22T15:31:13.175,5.8797,0.1915,0.3047
2026-07-22T15:31:13.195,5.8983,0.1719,0.2459
2026-07-22T15:31:13.202,5.8983,0.1719,0.3438
2026-07-22T15:31:13.218,5.927,0.2111,0.2851
2026-07-22T15:31:13.221,5.927,0.2307,0.3243
2026-07-22T15:31:13.234,5.9467,0.1523,0.3047
2026-07-22T15:31:13.234,5.9487,0.2698,0.3047
2026-07-22T15:31:13.250,5.9587,0.1915,0.3634
2026-07-22T15:31:13.265,5.9587,0.1523,0.3243
2026-07-22T15:31:13.274,5.9746,0.2502,0.383
2026-07-22T15:31:13.281,5.9746,0.1523,0.3243
2026-07-22T15:31:13.297,5.9981,0.2502,0.2851
2026-07-22T15:31:13.297,6.0063,0.1915,0.3243
2026-07-22T15:31:13.313,6.0219,0.2111,0.3047
2026-07-22T15:31:13.321,6.0219,0.1523,0.3438
2026-07-22T15:31:13.331,6.0378,0.1523,0.383
2026-07-22T15:31:13.345,6.0378,0.1523,0.3047
2026-07-22T15:31:13.345,6.0694,0.1915,0.3438
2026-07-22T15:31:13.361,6.0694,0.1719,0.3438
2026-07-22T15:31:13.379,6.085,0.1915,0.3634
2026-07-22T15:31:13.379,6.0895,0.1915,0.3243
2026-07-22T15:31:13.392,6.1008,0.2502,0.3438
2026-07-22T15:31:13.408,6.1008,0.1523,0.3047
2026-07-22T15:31:13.419,6.1178,0.1719,0.3634
2026-07-22T15:31:13.424,6.1178,0.1915,0.3047
2026-07-22T15:31:13.440,6.1493,0.2307,0.3243
2026-07-22T15:31:13.441,6.1493,0.2698,0.3438
2026-07-22T15:31:13.454,6.1493,0.2307,0.3243
2026-07-22T15:31:13.461,6.1717,0.1719,0.3634
2026-07-22T15:31:13.472,6.1717,0.1328,0.3438
2026-07-22T15:31:13.487,6.1898,0.2111,0.3634
2026-07-22T15:31:13.495,6.1898,0.1915,0.3634
2026-07-22T15:31:13.513,6.2134,0.1719,0.3634
2026-07-22T15:31:13.513,6.2134,0.2698,0.3634
2026-07-22T15:31:13.534,6.2348,0.1719,0.3047
2026-07-22T15:31:13.536,6.2363,0.2502,0.3438
2026-07-22T15:31:13.536,6.2549,0.1719,0.383
2026-07-22T15:31:13.559,6.2569,0.1719,0.3438
2026-07-22T15:31:13.568,6.2772,0.1523,0.3243
2026-07-22T15:31:13.577,6.2772,0.2111,0.3438
2026-07-22T15:31:13.582,6.2932,0.1328,0.383
2026-07-22T15:31:13.598,6.2982,0.2111,0.2851
2026-07-22T15:31:13.609,6.3175,0.1719,0.3438
2026-07-22T15:31:13.616,6.3195,0.2111,0.3438
2026-07-22T15:31:13.626,6.3404,0.1132,0.3243
2026-07-22T15:31:13.640,6.3414,0.1719,0.2655
2026-07-22T15:31:13.646,6.361,0.1915,0.3634
2026-07-22T15:31:13.661,6.361,0.2307,0.4026
2026-07-22T15:31:13.667,6.364,0.2502,0.4026
2026-07-22T15:31:13.682,6.3756,0.1915,0.4613
2026-07-22T15:31:13.688,6.3983,0.2111,0.4222
2026-07-22T15:31:13.698,6.3983,0.2111,0.4222
2026-07-22T15:31:13.698,6.4218,0.2111,0.3438
2026-07-22T15:31:13.721,6.4218,0.1523,0.3634
2026-07-22T15:31:13.721,6.4255,0.1523,0.4026
2026-07-22T15:31:13.745,6.4376,0.2502,0.2655
2026-07-22T15:31:13.745,6.4376,0.1719,0.3438
2026-07-22T15:31:13.748,6.4623,0.1523,0.3634
2026-07-22T15:31:13.760,6.4623,0.1523,0.4026
2026-07-22T15:31:13.782,6.4752,0.2111,0.4026
2026-07-22T15:31:13.785,6.4752,0.1719,0.383
2026-07-22T15:31:13.785,6.4983,0.1719,0.383
2026-07-22T15:31:13.798,6.4983,0.2698,0.3634
2026-07-22T15:31:13.821,6.522,0.2111,0.4222
2026-07-22T15:31:13.821,6.522,0.1523,0.4026
2026-07-22T15:31:13.829,6.5376,0.2502,0.4026
2026-07-22T15:31:13.845,6.5376,0.1915,0.4026
2026-07-22T15:31:13.845,6.5645,0.2307,0.3634
2026-07-22T15:31:13.860,6.5645,0.1719,0.383
2026-07-22T15:31:13.876,6.5694,0.1719,0.4026
2026-07-22T15:31:13.876,6.5854,0.2111,0.383
2026-07-22T15:31:13.892,6.6043,0.2111,0.383
2026-07-22T15:31:13.892,6.6043,0.2111,0.4026
2026-07-22T15:31:13.914,6.6171,0.2111,0.383
2026-07-22T15:31:13.924,6.6171,0.1523,0.4222
2026-07-22T15:31:13.940,6.6331,0.1915,0.4026
2026-07-22T15:31:13.940,6.6331,0.2502,0.3438
2026-07-22T15:31:13.956,6.6675,0.1328,0.383
2026-07-22T15:31:13.956,6.6675,0.2307,0.4026
2026-07-22T15:31:13.973,6.68,0.2307,0.4417
2026-07-22T15:31:13.987,6.68,0.1915,0.383
2026-07-22T15:31:13.990,6.68,0.1915,0.383
2026-07-22T15:31:14.003,6.6987,0.2111,0.383
2026-07-22T15:31:14.021,6.7271,0.2111,0.3438
2026-07-22T15:31:14.021,6.7271,0.1328,0.3634
2026-07-22T15:31:14.034,6.7428,0.1523,0.3438
2026-07-22T15:31:14.034,6.7428,0.1328,0.383
2026-07-22T15:31:14.050,6.7687,0.1523,0.383
2026-07-22T15:31:14.066,6.7687,0.1523,0.383
2026-07-22T15:31:14.082,6.7919,0.2307,0.3047
2026-07-22T15:31:14.082,6.7919,0.1915,0.3243
2026-07-22T15:31:14.098,6.806,0.1719,0.3243
2026-07-22T15:31:14.098,6.806,0.0936,0.3243
2026-07-22T15:31:14.115,6.806,0.1523,0.3634
2026-07-22T15:31:14.129,6.8328,0.1719,0.3243
2026-07-22T15:31:14.129,6.8328,0.1719,0.4613
2026-07-22T15:31:14.144,6.853,0.1719,0.3634
2026-07-22T15:31:14.156,6.853,0.2307,0.383
2026-07-22T15:31:14.160,6.8687,0.2111,0.3438
2026-07-22T15:31:14.176,6.8687,0.2307,0.4222
2026-07-22T15:31:14.191,6.8922,0.1719,0.3634
2026-07-22T15:31:14.191,6.8922,0.1915,0.3243
2026-07-22T15:31:14.208,6.9006,0.2502,0.3634
2026-07-22T15:31:14.215,6.9166,0.2502,0.383
2026-07-22T15:31:14.223,6.9322,0.1523,0.4222
2026-07-22T15:31:14.223,6.9322,0.1915,0.4026
2026-07-22T15:31:14.241,6.9478,0.1719,0.3438
2026-07-22T15:31:14.255,6.9478,0.2111,0.2068
2026-07-22T15:31:14.271,6.9636,0.1719,0.3438
2026-07-22T15:31:14.271,6.9636,0.1328,0.4026
2026-07-22T15:31:14.286,6.9926,0.1915,0.4026
2026-07-22T15:31:14.286,6.9926,0.2307,0.4417
2026-07-22T15:31:14.304,7.011,0.2111,0.4222
2026-07-22T15:31:14.318,7.011,0.1719,0.383
2026-07-22T15:31:14.321,7.0267,0.2111,0.3634
2026-07-22T15:31:14.334,7.0267,0.1915,0.383
2026-07-22T15:31:14.349,7.0426,0.2307,0.3243
2026-07-22T15:31:14.349,7.0426,0.2307,0.4026
2026-07-22T15:31:14.365,7.0627,0.2111,0.4026
2026-07-22T15:31:14.365,7.0627,0.1915,0.4417
2026-07-22T15:31:14.385,7.09,0.1719,0.4222
2026-07-22T15:31:14.385,7.09,0.2111,0.383
2026-07-22T15:31:14.401,7.1056,0.2307,0.3438
2026-07-22T15:31:14.413,7.1056,0.2698,0.3243
2026-07-22T15:31:14.428,7.1214,0.1328,0.3438
2026-07-22T15:31:14.428,7.1338,0.1719,0.383
2026-07-22T15:31:14.444,7.1539,0.1719,0.5005
2026-07-22T15:31:14.457,7.1539,0.1915,0.4026
2026-07-22T15:31:14.467,7.1685,0.2698,0.4026
2026-07-22T15:31:14.477,7.1685,0.2111,0.3243
2026-07-22T15:31:14.491,7.1843,0.2502,0.3438
2026-07-22T15:31:14.491,7.1843,0.1719,0.4026
2026-07-22T15:31:14.507,7.216,0.1523,0.383
2026-07-22T15:31:14.507,7.216,0.2307,0.383
2026-07-22T15:31:14.527,7.2317,0.1915,0.3438
2026-07-22T15:31:14.529,7.2317,0.2111,0.4026
2026-07-22T15:31:14.554,7.2474,0.2502,0.3243
2026-07-22T15:31:14.554,7.2474,0.2698,0.3634
2026-07-22T15:31:14.570,7.2788,0.1719,0.383
2026-07-22T15:31:14.570,7.2788,0.1915,0.4222
2026-07-22T15:31:14.586,7.2945,0.1719,0.4417
2026-07-22T15:31:14.586,7.2988,0.2307,0.4026
2026-07-22T15:31:14.617,7.3101,0.1915,0.4026
2026-07-22T15:31:14.617,7.3101,0.2502,0.3243
2026-07-22T15:31:14.630,7.3261,0.2307,0.383
2026-07-22T15:31:14.633,7.3261,0.2502,0.4026
2026-07-22T15:31:14.649,7.3618,0.2502,0.3634
2026-07-22T15:31:14.649,7.3628,0.1915,0.4026
2026-07-22T15:31:14.666,7.3638,0.1719,0.4026
2026-07-22T15:31:14.683,7.3854,0.2111,0.4026
2026-07-22T15:31:14.687,7.3874,0.2307,0.3438
2026-07-22T15:31:14.705,7.4071,0.2111,0.4222
2026-07-22T15:31:14.709,7.4103,0.1719,0.383
2026-07-22T15:31:14.721,7.4301,0.1719,0.4026
2026-07-22T15:31:14.733,7.4301,0.1915,0.3243
2026-07-22T15:31:14.733,7.4301,0.1719,0.4026
2026-07-22T15:31:14.749,7.4418,0.1915,0.3438
2026-07-22T15:31:14.753,7.4577,0.2502,0.383
2026-07-22T15:31:14.765,7.4577,0.2111,0.4222
2026-07-22T15:31:14.780,7.4883,0.2111,0.4026
2026-07-22T15:31:14.780,7.4893,0.2502,0.4809
2026-07-22T15:31:14.799,7.5089,0.1915,0.3634
2026-07-22T15:31:14.811,7.5089,0.2111,0.383
2026-07-22T15:31:14.820,7.5242,0.1719,0.4222
2026-07-22T15:31:14.830,7.5242,0.2111,0.383
2026-07-22T15:31:14.832,7.5402,0.2111,0.4222
2026-07-22T15:31:14.847,7.5402,0.1915,0.4222
2026-07-22T15:31:14.847,7.5402,0.2502,0.4417
2026-07-22T15:31:14.863,7.5716,0.2111,0.4026
2026-07-22T15:31:14.863,7.5743,0.1915,0.383
2026-07-22T15:31:14.879,7.5915,0.2307,0.3634
2026-07-22T15:31:14.897,7.5915,0.1719,0.383
2026-07-22T15:31:14.913,7.6077,0.309,0.383
2026-07-22T15:31:14.914,7.6077,0.1915,0.4809
2026-07-22T15:31:14.931,7.6306,0.2111,0.4613
2026-07-22T15:31:14.931,7.6306,0.1523,0.4417
2026-07-22T15:31:14.946,7.6395,0.2307,0.4026
2026-07-22T15:31:14.953,7.6704,0.1915,0.3438
2026-07-22T15:31:14.962,7.6704,0.1915,0.383
2026-07-22T15:31:14.978,7.6861,0.1719,0.4417
2026-07-22T15:31:14.978,7.6861,0.2894,0.4222
2026-07-22T15:31:14.993,7.7081,0.2111,0.4417
2026-07-22T15:31:15.009,7.7081,0.1719,0.4026
2026-07-22T15:31:15.009,7.7081,0.1915,0.4026
2026-07-22T15:31:15.031,7.7331,0.2502,0.383
2026-07-22T15:31:15.031,7.7331,0.2111,0.383
2026-07-22T15:31:15.043,7.7487,0.2111,0.4417
2026-07-22T15:31:15.056,7.7487,0.1915,0.383
2026-07-22T15:31:15.071,7.7658,0.1915,0.4809
2026-07-22T15:31:15.071,7.7658,0.2111,0.4417
2026-07-22T15:31:15.089,7.7962,0.2111,0.4222
2026-07-22T15:31:15.089,7.7962,0.2502,0.4026
2026-07-22T15:31:15.105,7.8168,0.2111,0.4026
2026-07-22T15:31:15.119,7.8168,0.1915,0.3634
2026-07-22T15:31:15.122,7.8362,0.2307,0.4222
2026-07-22T15:31:15.135,7.8362,0.1719,0.4222
2026-07-22T15:31:15.140,7.8432,0.1719,0.3634
2026-07-22T15:31:15.159,7.8432,0.2111,0.4222
2026-07-22T15:31:15.166,7.8748,0.2307,0.3634
2026-07-22T15:31:15.166,7.8748,0.2111,0.4026
2026-07-22T15:31:15.182,7.8904,0.1523,0.4026
2026-07-22T15:31:15.198,7.8991,0.1915,0.4026
2026-07-22T15:31:15.198,7.9089,0.2307,0.4809
2026-07-22T15:31:15.213,7.9089,0.1719,0.3243
2026-07-22T15:31:15.229,7.9376,0.2111,0.383
2026-07-22T15:31:15.232,7.9376,0.1915,0.3243
2026-07-22T15:31:15.245,7.9532,0.309,0.4026
2026-07-22T15:31:15.245,7.9532,0.1328,0.4222
2026-07-22T15:31:15.260,7.9689,0.2111,0.383
2026-07-22T15:31:15.276,7.9689,0.1915,0.4417
2026-07-22T15:31:15.276,7.9846,0.1915,0.3634
2026-07-22T15:31:15.292,8.0003,0.1915,0.4222
2026-07-22T15:31:15.307,8.0159,0.2307,0.4026
2026-07-22T15:31:15.307,8.0159,0.2111,0.4222
2026-07-22T15:31:15.323,8.0315,0.2894,0.4809
2026-07-22T15:31:15.339,8.0315,0.1915,0.4026
2026-07-22T15:31:15.354,8.0472,0.2111,0.4417
2026-07-22T15:31:15.354,8.0472,0.2111,0.4222
2026-07-22T15:31:15.370,8.0633,0.1915,0.4026
2026-07-22T15:31:15.370,8.079,0.2111,0.383
2026-07-22T15:31:15.386,8.0946,0.2698,0.4417
2026-07-22T15:31:15.386,8.0946,0.1915,0.4222
2026-07-22T15:31:15.402,8.1106,0.2111,0.4026
2026-07-22T15:31:15.417,8.1106,0.1719,0.4222
2026-07-22T15:31:15.422,8.1275,0.2698,0.4809
2026-07-22T15:31:15.433,8.1275,0.1915,0.383
2026-07-22T15:31:15.450,8.1441,0.2111,0.383
2026-07-22T15:31:15.450,8.1441,0.1915,0.4222
2026-07-22T15:31:15.467,8.1736,0.1915,0.383
2026-07-22T15:31:15.467,8.1736,0.1523,0.5396
2026-07-22T15:31:15.482,8.1892,0.2111,0.383
2026-07-22T15:31:15.496,8.1892,0.2111,0.4222
2026-07-22T15:31:15.496,8.21,0.2111,0.4026
2026-07-22T15:31:15.512,8.21,0.2502,0.383
2026-07-22T15:31:15.533,8.2251,0.2307,0.383
2026-07-22T15:31:15.533,8.2251,0.1523,0.4026
2026-07-22T15:31:15.548,8.2527,0.2111,0.4417
2026-07-22T15:31:15.548,8.2527,0.1915,0.4417
2026-07-22T15:31:15.560,8.2683,0.2307,0.4809
2026-07-22T15:31:15.575,8.2683,0.2111,0.4613
2026-07-22T15:31:15.591,8.284,0.2698,0.4417
2026-07-22T15:31:15.591,8.284,0.1719,0.5005
2026-07-22T15:31:15.607,8.3104,0.2698,0.4222
2026-07-22T15:31:15.607,8.3104,0.1523,0.4222
2026-07-22T15:31:15.629,8.3154,0.1915,0.4809
2026-07-22T15:31:15.633,8.3469,0.1915,0.4809
2026-07-22T15:31:15.638,8.348,0.2502,0.4222
2026-07-22T15:31:15.654,8.3691,0.2894,0.4026
2026-07-22T15:31:15.670,8.3691,0.2307,0.4222
2026-07-22T15:31:15.671,8.3884,0.1915,0.4026
2026-07-22T15:31:15.685,8.3884,0.1719,0.4222
2026-07-22T15:31:15.692,8.4097,0.1328,0.4613
2026-07-22T15:31:15.701,8.4107,0.2698,0.4026
2026-07-22T15:31:15.724,8.4298,0.2307,0.4222
2026-07-22T15:31:15.724,8.4318,0.2307,0.4026
2026-07-22T15:31:15.733,8.4318,0.2502,0.4417
2026-07-22T15:31:15.748,8.4424,0.2111,0.4613
2026-07-22T15:31:15.755,8.4424,0.1915,0.5005
2026-07-22T15:31:15.765,8.473,0.2307,0.4222
2026-07-22T15:31:15.765,8.473,0.1719,0.4222
2026-07-22T15:31:15.780,8.4945,0.2698,0.4222
2026-07-22T15:31:15.796,8.4965,0.2111,0.4026
2026-07-22T15:31:15.813,8.511,0.2502,0.4222
2026-07-22T15:31:15.817,8.511,0.2111,0.3634
2026-07-22T15:31:15.827,8.5352,0.1915,0.4809
2026-07-22T15:31:15.834,8.5352,0.2111,0.3634
2026-07-22T15:31:15.847,8.5559,0.1915,0.4026
2026-07-22T15:31:15.858,8.5559,0.1523,0.3438
2026-07-22T15:31:15.863,8.5726,0.2307,0.4222
2026-07-22T15:31:15.879,8.5726,0.2111,0.4417
2026-07-22T15:31:15.895,8.5872,0.2111,0.4026
2026-07-22T15:31:15.895,8.5872,0.2111,0.4222
2026-07-22T15:31:15.910,8.6156,0.1915,0.4222
2026-07-22T15:31:15.910,8.6166,0.2111,0.4222
2026-07-22T15:31:15.935,8.6367,0.1915,0.4026
2026-07-22T15:31:15.938,8.6377,0.1523,0.4026
2026-07-22T15:31:15.955,8.6574,0.2111,0.4417
2026-07-22T15:31:15.958,8.6574,0.1915,0.383
2026-07-22T15:31:15.965,8.6731,0.2111,0.4417
2026-07-22T15:31:15.965,8.6731,0.2111,0.4026
2026-07-22T15:31:15.980,8.6995,0.2502,0.4026
2026-07-22T15:31:15.996,8.705,0.2307,0.383
2026-07-22T15:31:15.996,8.705,0.2502,0.4222
2026-07-22T15:31:16.022,8.7229,0.1719,0.4026
2026-07-22T15:31:16.028,8.7249,0.2502,0.5005
2026-07-22T15:31:16.043,8.7405,0.1915,0.4613
2026-07-22T15:31:16.048,8.7405,0.2894,0.4222
2026-07-22T15:31:16.063,8.763,0.2111,0.4613
2026-07-22T15:31:16.063,8.763,0.2307,0.4222
2026-07-22T15:31:16.079,8.7817,0.2111,0.4026
2026-07-22T15:31:16.086,8.7817,0.2111,0.4613
2026-07-22T15:31:16.096,8.7996,0.2894,0.383
2026-07-22T15:31:16.105,8.8039,0.2307,0.4613
2026-07-22T15:31:16.122,8.8195,0.2111,0.4222
2026-07-22T15:31:16.127,8.8352,0.2698,0.4222
2026-07-22T15:31:16.142,8.8405,0.2698,0.4222
2026-07-22T15:31:16.142,8.8512,0.2307,0.4417
2026-07-22T15:31:16.158,8.8512,0.1719,0.4417
2026-07-22T15:31:16.163,8.8672,0.2894,0.4026
2026-07-22T15:31:16.174,8.8672,0.1719,0.383
2026-07-22T15:31:16.190,8.883,0.2307,0.4809
2026-07-22T15:31:16.190,8.8989,0.2307,0.4026
2026-07-22T15:31:16.206,8.9182,0.309,0.3634
2026-07-22T15:31:16.206,8.9182,0.1915,0.4417
2026-07-22T15:31:16.223,8.9304,0.1915,0.4417
2026-07-22T15:31:16.240,8.9304,0.1915,0.383
2026-07-22T15:31:16.243,8.9464,0.1915,0.4222
2026-07-22T15:31:16.253,8.9464,0.1719,0.4809
2026-07-22T15:31:16.269,8.9779,0.2502,0.4222
2026-07-22T15:31:16.269,8.9779,0.1915,0.3438
2026-07-22T15:31:16.285,8.9935,0.2111,0.4809
2026-07-22T15:31:16.285,9.0,0.1719,0.4809
2026-07-22T15:31:16.301,9.013,0.2307,0.4417
2026-07-22T15:31:16.316,9.013,0.2698,0.4417
2026-07-22T15:31:16.323,9.0401,0.2502,0.4026
2026-07-22T15:31:16.336,9.0411,0.2307,0.383
2026-07-22T15:31:16.346,9.0437,0.2698,0.4417
2026-07-22T15:31:16.348,9.0567,0.1915,0.4026
2026-07-22T15:31:16.366,9.0567,0.2502,0.2264
2026-07-22T15:31:16.380,9.0828,0.1915,0.383
2026-07-22T15:31:16.380,9.0849,0.2307,0.4417
2026-07-22T15:31:16.395,9.1042,0.1719,0.383
2026-07-22T15:31:16.408,9.1042,0.2502,0.3438
2026-07-22T15:31:16.423,9.1199,0.1719,0.4026
2026-07-22T15:31:16.427,9.1199,0.1719,0.4222
2026-07-22T15:31:16.443,9.1356,0.1719,0.4222
2026-07-22T15:31:16.443,9.1356,0.2307,0.5005
2026-07-22T15:31:16.443,9.1682,0.1915,0.4417
2026-07-22T15:31:16.458,9.1682,0.2698,0.4026
2026-07-22T15:31:16.475,9.1833,0.2307,0.4222
2026-07-22T15:31:16.475,9.1833,0.2307,0.4417
2026-07-22T15:31:16.506,9.2001,0.1523,0.4026
2026-07-22T15:31:16.506,9.2001,0.2698,0.4026
2026-07-22T15:31:16.506,9.2315,0.2111,0.4613
2026-07-22T15:31:16.523,9.2335,0.2502,0.383
2026-07-22T15:31:16.537,9.2453,0.2502,0.4613
2026-07-22T15:31:16.552,9.2453,0.2111,0.3438
2026-07-22T15:31:16.556,9.2453,0.2111,0.4222
2026-07-22T15:31:16.568,9.261,0.2111,0.4222
2026-07-22T15:31:16.568,9.261,0.1719,0.4613
2026-07-22T15:31:16.584,9.2926,0.1719,0.5005
2026-07-22T15:31:16.600,9.3095,0.2307,0.383
2026-07-22T15:31:16.600,9.3112,0.2894,0.4026
2026-07-22T15:31:16.615,9.3128,0.2698,0.4026
2026-07-22T15:31:16.631,9.3296,0.2307,0.4417
2026-07-22T15:31:16.637,9.3482,0.1523,0.383
2026-07-22T15:31:16.647,9.3482,0.2111,0.4026
2026-07-22T15:31:16.652,9.3553,0.1719,0.4026
2026-07-22T15:31:16.662,9.372,0.2111,0.4613
2026-07-22T15:31:16.678,9.3867,0.3286,0.4417
2026-07-22T15:31:16.678,9.3867,0.309,0.4222
2026-07-22T15:31:16.695,9.3867,0.2307,0.4613
2026-07-22T15:31:16.709,9.4148,0.2307,0.4417
2026-07-22T15:31:16.709,9.4148,0.309,0.4417
2026-07-22T15:31:16.725,9.4339,0.2111,0.4026
2026-07-22T15:31:16.741,9.4339,0.1915,0.4613
2026-07-22T15:31:16.757,9.4557,0.2111,0.4222
2026-07-22T15:31:16.757,9.4557,0.2698,0.383
2026-07-22T15:31:16.757,9.4761,0.2111,0.4222
2026-07-22T15:31:16.778,9.4761,0.1719,0.4026
2026-07-22T15:31:16.788,9.4968,0.1915,0.4417
2026-07-22T15:31:16.788,9.4968,0.1523,0.3634
2026-07-22T15:31:16.805,9.5153,0.2307,0.4222
2026-07-22T15:31:16.805,9.5153,0.1915,0.4026
2026-07-22T15:31:16.823,9.5282,0.2502,0.383
2026-07-22T15:31:16.838,9.5282,0.2698,0.383
2026-07-22T15:31:16.851,9.5442,0.2307,0.4026
2026-07-22T15:31:16.851,9.5442,0.2111,0.4417
2026-07-22T15:31:16.867,9.5755,0.2502,0.383
2026-07-22T15:31:16.867,9.5755,0.2307,0.4222
2026-07-22T15:31:16.883,9.5912,0.2111,0.4222
2026-07-22T15:31:16.898,9.5994,0.2307,0.4026
2026-07-22T15:31:16.914,9.6157,0.2502,0.4417
2026-07-22T15:31:16.914,9.6157,0.2111,0.5005
2026-07-22T15:31:16.930,9.6389,0.2698,0.4417
2026-07-22T15:31:16.938,9.6409,0.2111,0.4613
2026-07-22T15:31:16.952,9.6578,0.1915,0.4613
2026-07-22T15:31:16.961,9.6578,0.1915,0.4026
2026-07-22T15:31:16.965,9.6735,0.2894,0.383
2026-07-22T15:31:16.965,9.6735,0.2111,0.3634
2026-07-22T15:31:16.987,9.7006,0.1523,0.4417
2026-07-22T15:31:16.996,9.7006,0.2307,0.4613
2026-07-22T15:31:17.012,9.716,0.2502,0.4613
2026-07-22T15:31:17.012,9.7212,0.2307,0.4417
2026-07-22T15:31:17.028,9.74,0.2111,0.4417
2026-07-22T15:31:17.039,9.74,0.2698,0.4222
2026-07-22T15:31:17.044,9.7589,0.1915,0.4026
2026-07-22T15:31:17.061,9.7599,0.2111,0.5005
2026-07-22T15:31:17.080,9.7777,0.2111,0.4613
2026-07-22T15:31:17.080,9.7777,0.2111,0.383
2026-07-22T15:31:17.099,9.8007,0.2502,0.4026
2026-07-22T15:31:17.099,9.8007,0.2894,0.4222
2026-07-22T15:31:17.101,9.8218,0.1915,0.4026
2026-07-22T15:31:17.116,9.8218,0.2307,0.4026
2026-07-22T15:31:17.123,9.8407,0.2111,0.4417
2026-07-22T15:31:17.139,9.8407,0.1719,0.5005
2026-07-22T15:31:17.148,9.8407,0.1523,0.4613
2026-07-22T15:31:17.164,9.8608,0.2307,0.4417
2026-07-22T15:31:17.164,9.8608,0.2502,0.5005
2026-07-22T15:31:17.179,9.8869,0.2111,0.4222
2026-07-22T15:31:17.184,9.8869,0.2307,0.4613
2026-07-22T15:31:17.199,9.9078,0.2111,0.3438
2026-07-22T15:31:17.210,9.9078,0.1719,0.4809
2026-07-22T15:31:17.224,9.9235,0.2111,0.4026
2026-07-22T15:31:17.224,9.9235,0.2502,0.4026
2026-07-22T15:31:17.231,9.9392,0.2698,0.4417
2026-07-22T15:31:17.246,9.955,0.2111,0.383
2026-07-22T15:31:17.246,9.9707,0.2307,0.4809
2026-07-22T15:31:17.262,9.9707,0.2111,0.4222
2026-07-22T15:31:17.278,9.9707,0.1915,0.383
2026-07-22T15:31:17.293,9.9863,0.1915,0.4222
2026-07-22T15:31:17.293,9.997,0.1915,0.4026
2026-07-22T15:31:17.309,10.0024,0.2502,0.4417
2026-07-22T15:31:17.309,10.017,0.2307,0.4026
2026-07-22T15:31:17.325,10.0337,0.2307,0.4809
2026-07-22T15:31:17.325,10.0337,0.2698,0.5005
2026-07-22T15:31:17.341,10.0495,0.2111,0.4026
2026-07-22T15:31:17.356,10.0495,0.2111,0.4613
2026-07-22T15:31:17.372,10.0779,0.2307,0.383
2026-07-22T15:31:17.372,10.0779,0.2111,0.4417
2026-07-22T15:31:17.390,10.0972,0.2502,0.4222
2026-07-22T15:31:17.390,10.0992,0.1915,0.4809
2026-07-22T15:31:17.404,10.1173,0.2111,0.383
2026-07-22T15:31:17.404,10.1173,0.1915,0.4222
2026-07-22T15:31:17.423,10.1286,0.1915,0.4222
2026-07-22T15:31:17.436,10.1286,0.2307,0.5005
2026-07-22T15:31:17.451,10.1602,0.2307,0.4026
2026-07-22T15:31:17.451,10.1612,0.1719,0.4026
2026-07-22T15:31:17.467,10.1778,0.2111,0.4809
2026-07-22T15:31:17.467,10.1778,0.2111,0.383
2026-07-22T15:31:17.484,10.2007,0.1915,0.4417
2026-07-22T15:31:17.501,10.2007,0.2502,0.4417
2026-07-22T15:31:17.501,10.2177,0.2894,0.383
2026-07-22T15:31:17.515,10.2236,0.2698,0.4417
2026-07-22T15:31:17.532,10.2427,0.1915,0.4613
2026-07-22T15:31:17.540,10.2447,0.1915,0.5005
2026-07-22T15:31:17.546,10.2552,0.1719,0.4417
2026-07-22T15:31:17.563,10.2552,0.2894,0.4222
2026-07-22T15:31:17.567,10.271,0.2307,0.4809
2026-07-22T15:31:17.578,10.271,0.2502,0.4417
2026-07-22T15:31:17.578,10.271,0.1719,0.4613
2026-07-22T15:31:17.594,10.3028,0.1915,0.4222
2026-07-22T15:31:17.594,10.3064,0.2307,0.4809
2026-07-22T15:31:17.624,10.3188,0.1915,0.4222
2026-07-22T15:31:17.629,10.3188,0.2502,0.4222
2026-07-22T15:31:17.642,10.3443,0.2307,0.4613
2026-07-22T15:31:17.642,10.3479,0.2111,0.4613
2026-07-22T15:31:17.657,10.3669,0.1915,0.4809
2026-07-22T15:31:17.671,10.369,0.1915,0.4222
2026-07-22T15:31:17.673,10.3816,0.1915,0.4613
2026-07-22T15:31:17.690,10.3816,0.1523,0.383
2026-07-22T15:31:17.692,10.4007,0.2111,0.4026
2026-07-22T15:31:17.704,10.4007,0.2111,0.4222
2026-07-22T15:31:17.723,10.4288,0.2307,0.4417
2026-07-22T15:31:17.723,10.4288,0.2307,0.5005
2026-07-22T15:31:17.741,10.4444,0.1915,0.5005
2026-07-22T15:31:17.741,10.4444,0.2111,0.4222
2026-07-22T15:31:17.752,10.4604,0.1915,0.4222
2026-07-22T15:31:17.767,10.4604,0.1915,0.4417
2026-07-22T15:31:17.767,10.4784,0.309,0.4417
2026-07-22T15:31:17.783,10.4921,0.1915,0.4222
2026-07-22T15:31:17.801,10.5098,0.2698,0.4417
2026-07-22T15:31:17.801,10.5098,0.2307,0.4613
2026-07-22T15:31:17.817,10.5234,0.2894,0.383
2026-07-22T15:31:17.831,10.5327,0.1719,0.4222
2026-07-22T15:31:17.841,10.541,0.2502,0.4222
2026-07-22T15:31:17.846,10.5549,0.2698,0.4417
2026-07-22T15:31:17.856,10.5549,0.2111,0.383
2026-07-22T15:31:17.864,10.5755,0.1915,0.383
2026-07-22T15:31:17.878,10.5755,0.2111,0.3634
2026-07-22T15:31:17.893,10.5863,0.2307,0.3438
2026-07-22T15:31:17.898,10.5863,0.1915,0.2655
2026-07-22T15:31:17.909,10.6187,0.2111,0.3243
2026-07-22T15:31:17.909,10.6187,0.2698,0.3047
2026-07-22T15:31:17.925,10.6333,0.0936,0.1872
2026-07-22T15:31:17.925,10.6333,0.1132,0.1872
2026-07-22T15:31:17.947,10.649,0.0349,-0.0086
2026-07-22T15:31:17.956,10.667,0.1132,-0.0478
2026-07-22T15:31:17.956,10.667,0.1132,-0.1457
2026-07-22T15:31:17.972,10.6896,0.1719,-0.0869
2026-07-22T15:31:17.990,10.6896,0.0936,-0.1653
2026-07-22T15:31:17.990,10.7115,0.1132,-0.2044
2026-07-22T15:31:18.003,10.7115,0.0544,-0.2632
2026-07-22T15:31:18.019,10.7188,-0.0239,-0.4198
2026-07-22T15:31:18.024,10.7435,-0.0435,-0.5373
2026-07-22T15:31:18.034,10.7467,-0.1414,-0.6548
2026-07-22T15:31:18.050,10.7706,-0.2393,-0.8114
2026-07-22T15:31:18.050,10.7716,-0.298,-0.8702
2026-07-22T15:31:18.073,10.7762,-0.3372,-0.9877
2026-07-22T15:31:18.079,10.7907,-0.3568,-1.0072
2026-07-22T15:31:18.091,10.8012,-0.2393,-1.0856
2026-07-22T15:31:18.099,10.808,-0.298,-1.0464
2026-07-22T15:31:18.107,10.8229,-0.2589,-1.0072
2026-07-22T15:31:18.113,10.8229,-0.2393,-0.7918
2026-07-22T15:31:18.131,10.8382,-0.3176,-0.1457
2026-07-22T15:31:18.131,10.8629,-0.0826,0.7942
2026-07-22T15:31:18.146,10.8679,-0.0239,1.5774
2026-07-22T15:31:18.146,10.8729,0.1915,2.2432
2026-07-22T15:31:18.165,10.8944,0.5048,3.3593
2026-07-22T15:31:18.180,10.8944,1.0531,4.4754
2026-07-22T15:31:18.197,10.9013,1.7384,5.8852
2026-07-22T15:31:18.201,10.9095,2.2083,7.667
2026-07-22T15:31:18.215,10.9234,2.8545,9.8797
2026-07-22T15:31:18.217,10.9422,3.4027,13.1105
2026-07-22T15:31:18.232,10.9422,4.0097,17.1441
2026-07-22T15:31:18.232,10.9547,5.0279,21.5302
2026-07-22T15:31:18.246,10.9746,6.1832,25.8576
2026-07-22T15:31:18.246,10.9827,7.221,30.2241
2026-07-22T15:31:18.265,10.9907,8.1413,34.6689
2026-07-22T15:31:18.278,10.9955,9.0616,38.7809
2026-07-22T15:31:18.293,11.0065,9.7665,42.6774
2026-07-22T15:31:18.306,11.0195,10.7259,46.3782
2026-07-22T15:31:18.314,11.0244,11.3525,50.1181
2026-07-22T15:31:18.318,11.0244,12.1162,53.721
2026-07-22T15:31:18.329,11.0384,13.1344,57.4218
2026-07-22T15:31:18.342,11.0509,14.0155,61.005
2026-07-22T15:31:18.347,11.0544,14.7792,64.3925
2026-07-22T15:31:18.361,11.0704,15.6995,67.2709
2026-07-22T15:31:18.374,11.0856,16.4435,69.9926
2026-07-22T15:31:18.377,11.0856,17.2659,72.4989
2026-07-22T15:31:18.382,11.1014,17.9317,74.8095
2026-07-22T15:31:18.393,11.1014,18.7345,76.7284
2026-07-22T15:31:18.408,11.1199,19.3023,78.1578
2026-07-22T15:31:18.424,11.1434,19.9485,79.3718
2026-07-22T15:31:18.424,11.1434,20.4967,80.0375
2026-07-22T15:31:18.440,11.149,20.7121,79.9005
2026-07-22T15:31:18.446,11.1647,21.2212,80.3704
2026-07-22T15:31:18.458,11.1647,21.7108,80.8599
2026-07-22T15:31:18.466,11.1647,21.9653,81.5452
2026-07-22T15:31:18.472,11.2017,22.259,82.446
2026-07-22T15:31:18.487,11.2072,22.5919,83.1117
2026-07-22T15:31:18.487,11.2121,22.729,83.2684
2026-07-22T15:31:18.504,11.2367,22.8856,82.9551
2026-07-22T15:31:18.520,11.2367,22.8269,82.5634
2026-07-22T15:31:18.530,11.2445,22.9639,82.8376
2026-07-22T15:31:18.535,11.2445,23.3555,83.5621
2026-07-22T15:31:18.551,11.2686,23.7667,84.6978
2026-07-22T15:31:18.551,11.2686,24.1584,85.5593
2026-07-22T15:31:18.567,11.275,24.3737,85.9901
2026-07-22T15:31:18.567,11.2906,24.4521,85.6376
2026-07-22T15:31:18.591,11.3019,24.5304,85.2656
2026-07-22T15:31:18.598,11.307,24.3542,85.1089
2026-07-22T15:31:18.613,11.3217,24.2367,85.1677
2026-07-22T15:31:18.613,11.3217,24.0996,85.2852
2026-07-22T15:31:18.630,11.3377,24.0996,85.4614
2026-07-22T15:31:18.644,11.364,24.3933,85.9705
2026-07-22T15:31:18.644,11.364,24.7066,86.3034
2026-07-22T15:31:18.644,11.3691,24.7654,86.1663
2026-07-22T15:31:18.660,11.3858,24.6283,85.716
2026-07-22T15:31:18.676,11.4008,24.1192,84.8544
2026-07-22T15:31:18.687,11.4038,23.3164,83.7187
2026-07-22T15:31:18.708,11.4276,23.0227,83.19
2026-07-22T15:31:18.709,11.4276,23.0618,83.19
2026-07-22T15:31:18.725,11.4324,23.0227,83.0334
2026-07-22T15:31:18.727,11.4324,22.8856,82.6809
2026-07-22T15:31:18.745,11.4483,22.729,82.3285
2026-07-22T15:31:18.750,11.4598,22.6702,82.2502
2026-07-22T15:31:18.755,11.464,22.6702,82.3089
2026-07-22T15:31:18.771,11.4797,22.6702,82.7005
2026-07-22T15:31:18.771,11.4931,22.8073,82.9746
2026-07-22T15:31:18.787,11.4959,22.7877,83.2292
2026-07-22T15:31:18.787,11.5169,22.8856,83.3858
2026-07-22T15:31:18.803,11.5189,22.9052,82.9942
2026-07-22T15:31:18.819,11.5214,22.5919,82.3285
2026-07-22T15:31:18.836,11.5424,22.3569,81.7019
2026-07-22T15:31:18.842,11.5424,22.1807,81.3494
2026-07-22T15:31:18.844,11.5424,22.1415,81.3494
2026-07-22T15:31:18.850,11.5581,22.259,81.5257
2026-07-22T15:31:18.865,11.5581,22.2003,81.7802
2026-07-22T15:31:18.881,11.5898,22.2394,81.9564
2026-07-22T15:31:18.881,11.5898,22.1415,82.1327
2026-07-22T15:31:18.897,11.6017,21.9066,81.976
2026-07-22T15:31:18.913,11.6216,21.7303,81.7998
2026-07-22T15:31:18.913,11.6265,21.652,81.5257
2026-07-22T15:31:18.928,11.639,21.652,81.7215
2026-07-22T15:31:18.928,11.6532,21.9849,82.2893
2026-07-22T15:31:18.949,11.6532,22.2982,82.8963
2026-07-22T15:31:18.962,11.6688,22.4744,83.1117
2026-07-22T15:31:18.962,11.6688,22.2982,82.9159
2026-07-22T15:31:18.976,11.6845,22.1415,82.4851
2026-07-22T15:31:18.976,11.7017,21.887,82.2306
2026-07-22T15:31:18.992,11.7017,21.7499,82.1914
2026-07-22T15:31:19.007,11.7017,21.652,82.0543
2026-07-22T15:31:19.024,11.7317,21.6129,82.0935
2026-07-22T15:31:19.024,11.7317,21.6129,82.3872
2026-07-22T15:31:19.039,11.7473,21.7108,82.5243
2026-07-22T15:31:19.045,11.7651,21.7303,82.7593
2026-07-22T15:31:19.054,11.7651,21.7108,82.7397
2026-07-22T15:31:19.070,11.7791,21.6912,82.7201
2026-07-22T15:31:19.070,11.7791,21.5933,82.4655
2026-07-22T15:31:19.088,11.7948,21.4562,82.1327
2026-07-22T15:31:19.088,11.8133,21.2212,81.7215
2026-07-22T15:31:19.102,11.8133,21.2408,81.9173
2026-07-22T15:31:19.118,11.8221,21.417,82.0543
2026-07-22T15:31:19.133,11.8263,21.4562,82.2306
2026-07-22T15:31:19.136,11.842,21.3387,82.0152
2026-07-22T15:31:19.149,11.8663,21.045,81.604
2026-07-22T15:31:19.149,11.8683,20.7709,80.8599
2026-07-22T15:31:19.165,11.8723,20.6142,80.2725
2026-07-22T15:31:19.183,11.8941,20.5163,80.0571
2026-07-22T15:31:19.191,11.8941,20.5163,80.39
2026-07-22T15:31:19.210,11.9224,20.5555,80.8208
2026-07-22T15:31:19.211,11.9224,20.6926,81.0753
2026-07-22T15:31:19.217,11.9224,20.6534,80.8991
2026-07-22T15:31:19.232,11.9406,20.7317,80.6054
2026-07-22T15:31:19.232,11.9475,20.5555,80.3117
2026-07-22T15:31:19.248,11.9475,20.4967,80.0767
2026-07-22T15:31:19.263,11.9774,20.3205,79.9984
2026-07-22T15:31:19.270,11.9808,20.203,80.0375
2026-07-22T15:31:19.270,11.9995,20.203,80.1159
2026-07-22T15:31:19.279,12.004,20.2422,80.2138
2026-07-22T15:31:19.304,12.007,20.1051,80.0375
2026-07-22T15:31:19.313,12.0237,20.1443,79.7047
2026-07-22T15:31:19.321,12.0237,19.9876,79.4305
2026-07-22T15:31:19.332,12.0237,19.9485,79.4109
2026-07-22T15:31:19.332,12.0394,19.9289,79.5676
2026-07-22T15:31:19.347,12.0551,19.9289,79.8026
2026-07-22T15:31:19.362,12.0812,20.0268,79.9592
2026-07-22T15:31:19.362,12.0812,19.9876,80.0963
2026-07-22T15:31:19.384,12.0901,19.9681,80.1746
2026-07-22T15:31:19.384,12.1078,19.9681,80.0963
2026-07-22T15:31:19.396,12.1078,19.9485,79.9396
2026-07-22T15:31:19.411,12.1149,19.9876,79.9788
2026-07-22T15:31:19.425,12.1398,20.0072,80.1746
2026-07-22T15:31:19.425,12.1437,20.066,80.3704
2026-07-22T15:31:19.438,12.1458,20.066,80.39
2026-07-22T15:31:19.447,12.1555,20.0072,80.4683
2026-07-22T15:31:19.463,12.1714,19.8702,80.1354
2026-07-22T15:31:19.469,12.1714,19.6744,79.5676
2026-07-22T15:31:19.478,12.1884,19.5373,79.176
2026-07-22T15:31:19.478,12.1987,19.4981,79.1172
2026-07-22T15:31:19.494,12.2038,19.5569,79.0585
2026-07-22T15:31:19.511,12.2231,19.4981,78.9998
2026-07-22T15:31:19.525,12.2231,19.4785,78.9018
2026-07-22T15:31:19.527,12.2231,19.3023,78.706
2026-07-22T15:31:19.543,12.2503,19.2044,78.3927
2026-07-22T15:31:19.546,12.2557,19.1065,78.0599
2026-07-22T15:31:19.559,12.2661,19.0086,77.6878
2026-07-22T15:31:19.559,12.2818,19.0086,77.4529
2026-07-22T15:31:19.579,12.2828,18.8911,77.0025
2026-07-22T15:31:19.589,12.3025,18.8324,76.8654
2026-07-22T15:31:19.606,12.3079,18.7149,76.4934
2026-07-22T15:31:19.606,12.3272,18.6366,76.2193
2026-07-22T15:31:19.620,12.331,18.5974,75.8081
2026-07-22T15:31:19.631,12.3346,18.4995,75.3577
2026-07-22T15:31:19.641,12.3449,18.2254,74.829
2026-07-22T15:31:19.654,12.3449,18.1275,74.1829
2026-07-22T15:31:19.657,12.3449,18.0492,73.6934
2026-07-22T15:31:19.668,12.377,17.8533,73.1647
2026-07-22T15:31:19.668,12.3828,17.6967,72.871
2026-07-22T15:31:19.684,12.4026,17.5988,72.5773
2026-07-22T15:31:19.700,12.4061,17.5792,72.3619
2026-07-22T15:31:19.706,12.4238,17.5596,72.2052
2026-07-22T15:31:19.716,12.4238,17.4617,72.029
2026-07-22T15:31:19.731,12.4238,17.4421,71.9311
2026-07-22T15:31:19.747,12.4416,17.3442,71.7157
2026-07-22T15:31:19.747,12.4554,17.2855,71.4612
2026-07-22T15:31:19.764,12.4711,17.3051,71.1087
2026-07-22T15:31:19.764,12.4711,17.2072,71.0695
2026-07-22T15:31:19.778,12.4711,17.1876,70.7954
2026-07-22T15:31:19.794,12.5068,17.031,70.5017
2026-07-22T15:31:19.794,12.5078,16.933,70.1492
2026-07-22T15:31:19.810,12.5359,16.6785,69.5422
2026-07-22T15:31:19.817,12.5359,16.4827,68.7982
2026-07-22T15:31:19.833,12.5397,16.3456,67.9954
2026-07-22T15:31:19.841,12.5429,16.2477,67.2905
2026-07-22T15:31:19.849,12.5498,16.1694,67.0359
2026-07-22T15:31:19.859,12.5498,16.1302,66.8205
2026-07-22T15:31:19.866,12.5811,16.2086,66.8401
2026-07-22T15:31:19.873,12.5811,16.1694,66.6443
2026-07-22T15:31:19.888,12.5811,16.189,66.331
2026-07-22T15:31:19.888,12.6127,16.0911,65.9002
2026-07-22T15:31:19.904,12.6127,16.1107,65.5673
2026-07-22T15:31:19.920,12.6287,16.0715,65.3911
2026-07-22T15:31:19.926,12.6287,16.0323,65.352
2026-07-22T15:31:19.935,12.6488,15.9932,65.3715
2026-07-22T15:31:19.948,12.6603,16.0323,65.352
2026-07-22T15:31:19.951,12.6603,16.0715,65.1562
2026-07-22T15:31:19.972,12.6763,16.0323,65.0191
2026-07-22T15:31:19.972,12.6919,16.1107,65.1562
2026-07-22T15:31:19.983,12.7019,16.2869,65.4694
2026-07-22T15:31:19.999,12.7029,16.4239,65.8219
2026-07-22T15:31:20.015,12.7253,16.5219,66.2135
2026-07-22T15:31:20.015,12.7253,16.561,66.3506
2026-07-22T15:31:20.030,12.7394,16.7177,66.4876
2026-07-22T15:31:20.030,12.7554,16.6785,66.4093
2026-07-22T15:31:20.052,12.7554,16.7568,66.4289
2026-07-22T15:31:20.062,12.7789,16.8351,66.6247
2026-07-22T15:31:20.062,12.7789,16.9918,66.8401
2026-07-22T15:31:20.078,12.7789,17.168,67.1534
2026-07-22T15:31:20.078,12.803,17.2659,67.3492
2026-07-22T15:31:20.102,12.803,17.403,67.4471
2026-07-22T15:31:20.110,12.8255,17.3834,67.5254
2026-07-22T15:31:20.117,12.8255,17.5596,67.6429
2026-07-22T15:31:20.126,12.8358,17.5596,67.78
2026-07-22T15:31:20.126,12.8503,17.6575,67.9758
2026-07-22T15:31:20.148,12.8503,17.6575,68.3087
2026-07-22T15:31:20.159,12.866,17.6575,68.4457
2026-07-22T15:31:20.173,12.8846,17.6575,68.759
2026-07-22T15:31:20.173,12.8868,17.7946,68.8961
2026-07-22T15:31:20.189,12.9031,17.8533,69.0919
2026-07-22T15:31:20.189,12.9133,17.9512,69.0527
2026-07-22T15:31:20.210,12.9173,17.8925,69.1702
2026-07-22T15:31:20.220,12.9289,18.01,69.5422
2026-07-22T15:31:20.226,12.9289,18.1275,69.9339
2026-07-22T15:31:20.241,12.9448,18.245,70.3451
2026-07-22T15:31:20.252,12.9605,18.3429,70.5409
2026-07-22T15:31:20.252,12.9605,18.3037,70.58
2026-07-22T15:31:20.268,12.9764,18.2841,70.4821
2026-07-22T15:31:20.268,12.9764,18.2254,70.2863
2026-07-22T15:31:20.283,12.9972,18.2058,70.3255
2026-07-22T15:31:20.299,13.0181,18.2841,70.3842
2026-07-22T15:31:20.299,13.0191,18.3233,70.5213
2026-07-22T15:31:20.320,13.0211,18.4212,70.7171
2026-07-22T15:31:20.336,13.0412,18.3624,70.8933
2026-07-22T15:31:20.342,13.0412,18.4799,71.1283
2026-07-22T15:31:20.349,13.0571,18.4016,71.3828
2026-07-22T15:31:20.349,13.0571,18.4016,71.3045
2026-07-22T15:31:20.364,13.0729,18.4603,71.4024
2026-07-22T15:31:20.380,13.0886,18.5387,71.5199
2026-07-22T15:31:20.380,13.0886,18.6562,71.5982
2026-07-22T15:31:20.396,13.119,18.6562,71.6178
2026-07-22T15:31:20.411,13.122,18.6366,71.4416
2026-07-22T15:31:20.411,13.125,18.4408,71.0695
2026-07-22T15:31:20.439,13.1445,18.3624,70.8346
2026-07-22T15:31:20.442,13.1445,18.2645,70.6975
2026-07-22T15:31:20.450,13.1445,18.0296,70.6583
2026-07-22T15:31:20.465,13.1743,18.245,70.7171
2026-07-22T15:31:20.467,13.177,18.3233,70.7758
2026-07-22T15:31:20.480,13.1903,18.2254,70.7758
2026-07-22T15:31:20.480,13.1903,18.3037,70.9716
2026-07-22T15:31:20.500,13.205,18.382,71.2654
2026-07-22T15:31:20.512,13.2274,18.4212,71.5003
2026-07-22T15:31:20.513,13.2274,18.4212,71.422
2026-07-22T15:31:20.528,13.2535,18.382,71.3045
2026-07-22T15:31:20.545,13.2558,18.4603,71.1283
2026-07-22T15:31:20.556,13.2612,18.5387,71.2066
2026-07-22T15:31:20.565,13.2716,18.617,71.422
2026-07-22T15:31:20.565,13.2716,18.6366,71.6765
2026-07-22T15:31:20.584,13.2893,18.6757,71.7157
2026-07-22T15:31:20.584,13.3036,18.617,71.5395
2026-07-22T15:31:20.594,13.3036,18.4995,71.3241
2026-07-22T15:31:20.612,13.3193,18.5191,71.2458
2026-07-22T15:31:20.612,13.3349,18.5191,71.1283
2026-07-22T15:31:20.626,13.3424,18.5583,71.2066
2026-07-22T15:31:20.642,13.3448,18.5778,71.3437
2026-07-22T15:31:20.650,13.3665,18.5974,71.4416
2026-07-22T15:31:20.658,13.3665,18.5974,71.5982
2026-07-22T15:31:20.668,13.3665,18.6562,71.657
2026-07-22T15:31:20.674,13.3993,18.4603,71.3241
2026-07-22T15:31:20.689,13.4036,18.4603,71.2262
2026-07-22T15:31:20.689,13.4036,18.4799,71.3045
2026-07-22T15:31:20.705,13.4141,18.5974,71.3241
2026-07-22T15:31:20.705,13.4299,18.6366,71.4612
2026-07-22T15:31:20.726,13.4455,18.7541,71.5786
2026-07-22T15:31:20.737,13.4455,18.7541,71.4416
2026-07-22T15:31:20.753,13.4589,18.7345,71.3437
2026-07-22T15:31:20.753,13.4811,18.5778,71.1283
2026-07-22T15:31:20.768,13.4842,18.5387,70.9129
2026-07-22T15:31:20.784,13.4842,18.382,70.7954
2026-07-22T15:31:20.800,13.5087,18.382,70.7367
2026-07-22T15:31:20.803,13.5107,18.3429,70.6583
2026-07-22T15:31:20.807,13.5107,18.245,70.5213
2026-07-22T15:31:20.826,13.5281,18.2254,70.3842
2026-07-22T15:31:20.833,13.5403,18.245,70.3255
2026-07-22T15:31:20.833,13.5456,18.245,70.2667
2026-07-22T15:31:20.851,13.5657,18.3037,70.1884
2026-07-22T15:31:20.851,13.5657,18.3429,70.1688
2026-07-22T15:31:20.879,13.5954,18.3624,70.0513
2026-07-22T15:31:20.879,13.5954,18.2841,69.9926
2026-07-22T15:31:20.888,13.5954,18.3037,69.973
2026-07-22T15:31:20.894,13.6194,18.245,69.9143
2026-07-22T15:31:20.910,13.6225,18.3037,69.9534
2026-07-22T15:31:20.918,13.6282,18.2058,70.3059
2026-07-22T15:31:20.927,13.6353,18.3429,70.3255
2026-07-22T15:31:20.942,13.6513,18.3233,70.5604
2026-07-22T15:31:20.951,13.6564,18.4603,70.5996
2026-07-22T15:31:20.958,13.6755,18.4799,70.58
2026-07-22T15:31:20.974,13.6755,18.4799,70.58
2026-07-22T15:31:20.979,13.7039,18.4016,70.58
2026-07-22T15:31:20.990,13.7039,18.4016,70.5604
2026-07-22T15:31:20.998,13.7039,18.3233,70.58
2026-07-22T15:31:21.006,13.7305,18.3233,70.3255
2026-07-22T15:31:21.021,13.7305,18.1862,70.0122
2026-07-22T15:31:21.027,13.7375,18.1079,69.7381
2026-07-22T15:31:21.037,13.7465,18.1079,69.4639
2026-07-22T15:31:21.051,13.7624,18.0296,69.3269
2026-07-22T15:31:21.060,13.7624,18.0883,69.3073
2026-07-22T15:31:21.069,13.7784,18.1862,69.5227
2026-07-22T15:31:21.085,13.7784,18.1471,69.5814
2026-07-22T15:31:21.085,13.7943,18.2254,69.5422
2026-07-22T15:31:21.101,13.8144,18.1862,69.5031
2026-07-22T15:31:21.101,13.8144,18.1471,69.1898
2026-07-22T15:31:21.117,13.8287,18.1275,68.994
2026-07-22T15:31:21.127,13.8425,18.0687,68.7199
2026-07-22T15:31:21.137,13.8425,18.1079,68.524
2026-07-22T15:31:21.151,13.8572,18.0687,68.2695
2026-07-22T15:31:21.164,13.8687,17.9512,68.2499
2026-07-22T15:31:21.165,13.873,17.8729,68.2891
2026-07-22T15:31:21.180,13.8886,17.8338,68.2695
2026-07-22T15:31:21.192,13.8886,17.8142,68.3478
2026-07-22T15:31:21.203,13.9196,17.8142,68.5045
2026-07-22T15:31:21.211,13.9196,18.0687,68.7199
2026-07-22T15:31:21.220,13.9196,18.1471,69.1115
2026-07-22T15:31:21.233,13.9355,18.382,69.5227
2026-07-22T15:31:21.233,13.9355,18.4212,69.8751
2026-07-22T15:31:21.252,13.9674,18.4995,69.9534
2026-07-22T15:31:21.258,13.9794,18.4995,69.9339
2026-07-22T15:31:21.258,13.9794,18.5387,69.8947
2026-07-22T15:31:21.281,14.0008,18.5974,69.9926
2026-07-22T15:31:21.290,14.0042,18.6366,70.0905
2026-07-22T15:31:21.302,14.0042,18.7149,70.1688
2026-07-22T15:31:21.306,14.0234,18.8324,70.1884
2026-07-22T15:31:21.322,14.0294,18.852,70.1688
2026-07-22T15:31:21.327,14.0349,18.8911,70.0318
2026-07-22T15:31:21.337,14.0557,18.9499,69.8947
2026-07-22T15:31:21.358,14.0586,18.8715,69.7772
2026-07-22T15:31:21.358,14.0798,18.8128,69.7381
2026-07-22T15:31:21.369,14.083,18.8128,69.8555
2026-07-22T15:31:21.381,14.083,18.7541,69.7576
2026-07-22T15:31:21.393,14.1043,18.5974,69.7185
2026-07-22T15:31:21.400,14.1043,18.5778,69.6989
2026-07-22T15:31:21.416,14.1298,18.5387,69.7185
2026-07-22T15:31:21.416,14.1308,18.5778,69.6597
2026-07-22T15:31:21.432,14.1338,18.6562,69.601
2026-07-22T15:31:21.432,14.153,18.617,69.7185
2026-07-22T15:31:21.454,14.155,18.6757,69.7576
2026-07-22T15:31:21.472,14.1762,18.6562,69.7381
2026-07-22T15:31:21.472,14.1762,18.7149,69.6793
2026-07-22T15:31:21.483,14.1927,18.5387,69.6597
2026-07-22T15:31:21.483,14.1927,18.5583,69.6597
2026-07-22T15:31:21.499,14.2044,18.617,69.7576
2026-07-22T15:31:21.499,14.2236,18.5778,69.8555
2026-07-22T15:31:21.515,14.2319,18.5778,69.8164
2026-07-22T15:31:21.531,14.2563,18.5778,69.7185
2026-07-22T15:31:21.531,14.2578,18.5974,69.7576
2026-07-22T15:31:21.555,14.2631,18.617,69.7772
2026-07-22T15:31:21.559,14.2671,18.5583,69.9926
2026-07-22T15:31:21.575,14.282,18.6562,70.0905
2026-07-22T15:31:21.588,14.282,18.7149,70.3255
2026-07-22T15:31:21.595,14.3095,18.8128,70.5409
2026-07-22T15:31:21.599,14.3123,18.8128,70.6388
2026-07-22T15:31:21.614,14.3123,18.9694,70.8542
2026-07-22T15:31:21.614,14.3388,19.0282,71.05
2026-07-22T15:31:21.627,14.3388,19.1457,71.0695
2026-07-22T15:31:21.635,14.3458,19.0478,70.8933
2026-07-22T15:31:21.647,14.3588,18.9694,70.6388
2026-07-22T15:31:21.662,14.3588,18.8911,70.5996
2026-07-22T15:31:21.669,14.3588,18.9107,70.4234
2026-07-22T15:31:21.682,14.3906,18.852,70.5017
2026-07-22T15:31:21.682,14.3906,18.852,70.3646
2026-07-22T15:31:21.702,14.4246,18.8128,70.2667
2026-07-22T15:31:21.713,14.4271,18.8128,70.1297
2026-07-22T15:31:21.713,14.4307,18.8911,70.1688
2026-07-22T15:31:21.729,14.4537,18.9303,70.3842
2026-07-22T15:31:21.729,14.4576,19.0674,70.6388
2026-07-22T15:31:21.754,14.4576,19.0282,70.6388
2026-07-22T15:31:21.763,14.4815,18.9694,70.6388
2026-07-22T15:31:21.763,14.4873,19.0869,70.6975
2026-07-22T15:31:21.780,14.4898,19.0282,70.7954
2026-07-22T15:31:21.792,14.5046,19.1457,70.8933
2026-07-22T15:31:21.792,14.5046,19.1457,70.9325
2026-07-22T15:31:21.810,14.5171,19.1065,70.7171
2026-07-22T15:31:21.827,14.5399,18.989,70.5409
2026-07-22T15:31:21.827,14.5399,19.0478,70.4038
2026-07-22T15:31:21.842,14.5486,19.0282,70.5213
2026-07-22T15:31:21.856,14.5642,19.0674,70.5996
2026-07-22T15:31:21.863,14.5642,18.989,70.7758
2026-07-22T15:31:21.871,14.5642,18.9499,70.6388
2026-07-22T15:31:21.887,14.5959,18.9303,70.3451
2026-07-22T15:31:21.887,14.5959,18.9499,70.1884
2026-07-22T15:31:21.903,14.6116,18.9303,70.0905
2026-07-22T15:31:21.903,14.6116,18.8911,70.0905
2026-07-22T15:31:21.919,14.622,18.8128,70.0513
2026-07-22T15:31:21.934,14.6432,18.8128,69.973
2026-07-22T15:31:21.934,14.6432,18.8324,69.8555
2026-07-22T15:31:21.954,14.659,18.852,69.6597
2026-07-22T15:31:21.966,14.6747,18.7932,69.5031
2026-07-22T15:31:21.966,14.68,18.852,69.5031
2026-07-22T15:31:21.982,14.6906,18.8128,69.7381
2026-07-22T15:31:21.982,14.6906,18.9303,69.9143
2026-07-22T15:31:22.003,14.7064,18.9303,70.1101
2026-07-22T15:31:22.006,14.722,18.9303,70.1297
2026-07-22T15:31:22.013,14.7313,18.9303,70.0513
2026-07-22T15:31:22.029,14.7359,18.8324,70.0318
2026-07-22T15:31:22.045,14.7555,18.7345,69.8947
2026-07-22T15:31:22.045,14.7555,18.7736,69.6401
2026-07-22T15:31:22.061,14.7808,18.5583,69.5031
2026-07-22T15:31:22.061,14.7855,18.4799,69.3073
2026-07-22T15:31:22.078,14.7855,18.4212,69.1898
2026-07-22T15:31:22.092,14.807,18.5387,69.1506
2026-07-22T15:31:22.092,14.8096,18.5387,69.1898
2026-07-22T15:31:22.108,14.8096,18.5583,69.0919
2026-07-22T15:31:22.108,14.8354,18.6562,69.0527
2026-07-22T15:31:22.132,14.8381,18.5974,68.9548
2026-07-22T15:31:22.140,14.8498,18.5583,68.9744
2026-07-22T15:31:22.140,14.8498,18.5583,68.9157
2026-07-22T15:31:22.161,14.8649,18.4995,68.9157
2026-07-22T15:31:22.173,14.8806,18.4212,68.7786
2026-07-22T15:31:22.173,14.8806,18.3624,68.7982
2026-07-22T15:31:22.188,14.8964,18.4016,68.7199
2026-07-22T15:31:22.203,14.912,18.4408,68.7394
2026-07-22T15:31:22.203,14.9179,18.4016,68.7394
2026-07-22T15:31:22.219,14.9399,18.4408,68.6415
2026-07-22T15:31:22.235,14.9437,18.5191,68.5632
2026-07-22T15:31:22.241,14.9437,18.5778,68.6024
2026-07-22T15:31:22.252,14.9683,18.5583,68.6024
2026-07-22T15:31:22.255,14.9683,18.4799,68.5436
2026-07-22T15:31:22.266,14.9752,18.4016,68.4653
2026-07-22T15:31:22.282,14.9953,18.3624,68.524
2026-07-22T15:31:22.291,14.9986,18.4799,68.5828
2026-07-22T15:31:22.298,15.0065,18.4995,68.7199
2026-07-22T15:31:22.314,15.0225,18.5387,68.7199
2026-07-22T15:31:22.321,15.0225,18.5583,68.7003
2026-07-22T15:31:22.329,15.0503,18.852,68.7003
2026-07-22T15:31:22.345,15.0544,18.6757,68.8569
2026-07-22T15:31:22.345,15.0544,18.7345,68.7199
2026-07-22T15:31:22.361,15.0701,18.7345,68.7003
2026-07-22T15:31:22.377,15.0701,18.7345,68.7199
2026-07-22T15:31:22.377,15.1018,18.617,68.9548
2026-07-22T15:31:22.393,15.1049,18.6953,69.2485
2026-07-22T15:31:22.393,15.1071,18.7541,69.6989
2026-07-22T15:31:22.409,15.1178,18.8128,69.8164
2026-07-22T15:31:22.409,15.1178,18.8128,69.5618
2026-07-22T15:31:22.430,15.1376,18.7736,69.2094
2026-07-22T15:31:22.441,15.1495,18.6757,69.131
2026-07-22T15:31:22.441,15.161,18.6562,69.1702
2026-07-22T15:31:22.460,15.1664,18.7345,69.4443
2026-07-22T15:31:22.472,15.1811,18.7736,69.6597
2026-07-22T15:31:22.484,15.1811,18.8715,69.9339
2026-07-22T15:31:22.493,15.2138,18.9694,70.0318
2026-07-22T15:31:22.504,15.2138,19.0674,70.0709
2026-07-22T15:31:22.504,15.2138,18.989,69.8751
2026-07-22T15:31:22.524,15.2333,18.8911,69.7381
2026-07-22T15:31:22.528,15.2333,18.852,69.7185
2026-07-22T15:31:22.537,15.2441,18.9499,69.8555
2026-07-22T15:31:22.556,15.2667,18.9694,69.8751
2026-07-22T15:31:22.556,15.2687,18.9107,69.8751
2026-07-22T15:31:22.567,15.2909,18.8911,69.7381
2026-07-22T15:31:22.585,15.2924,18.8911,69.7185
2026-07-22T15:31:22.593,15.2963,18.9107,69.7185
2026-07-22T15:31:22.602,15.3174,18.9303,69.8555
2026-07-22T15:31:22.614,15.3191,18.9499,70.0709
2026-07-22T15:31:22.619,15.3229,18.9303,70.208
2026-07-22T15:31:22.638,15.3438,18.989,70.3646
2026-07-22T15:31:22.642,15.3463,19.0478,70.7563
2026-07-22T15:31:22.646,15.3653,19.1065,71.0695
2026-07-22T15:31:22.660,15.3691,19.1653,71.422
2026-07-22T15:31:22.676,15.3903,19.2436,71.5591
2026-07-22T15:31:22.676,15.395,19.3611,71.6765
2026-07-22T15:31:22.688,15.398,19.2827,71.4807
2026-07-22T15:31:22.703,15.409,19.1848,71.2262
2026-07-22T15:31:22.711,15.409,19.2044,71.3437
2026-07-22T15:31:22.723,15.4246,19.2827,71.5982
2026-07-22T15:31:22.732,15.4402,19.224,71.657
2026-07-22T15:31:22.732,15.4494,19.2044,71.5591
2026-07-22T15:31:22.747,15.4718,19.0478,71.1087
2026-07-22T15:31:22.763,15.4718,18.8324,70.4625
2026-07-22T15:31:22.772,15.4718,18.7345,69.9926
2026-07-22T15:31:22.779,15.4921,18.7736,70.1884
2026-07-22T15:31:22.795,15.4921,18.7541,70.2863
2026-07-22T15:31:22.795,15.4921,18.5191,70.1884
2026-07-22T15:31:22.815,15.5239,18.3429,69.8555
2026-07-22T15:31:22.815,15.5239,18.1079,69.3269
2026-07-22T15:31:22.835,15.5399,17.7163,68.4849
2026-07-22T15:31:22.836,15.5399,17.2268,67.4667
2026-07-22T15:31:22.853,15.5399,16.6198,66.2331
2026-07-22T15:31:22.863,15.576,15.8169,64.4708
2026-07-22T15:31:22.863,15.576,14.6617,62.0428
2026-07-22T15:31:22.878,15.5872,13.3302,58.6162
2026-07-22T15:31:22.894,15.6031,11.8616,54.1518
2026-07-22T15:31:22.899,15.606,10.491,49.0999
2026-07-22T15:31:22.910,15.6285,9.2574,43.911
2026-07-22T15:31:22.926,15.6305,8.1413,39.662
2026-07-22T15:31:22.929,15.6501,7.0448,35.5305
2026-07-22T15:31:22.942,15.6501,6.007,31.4968
2026-07-22T15:31:22.953,15.6501,4.9692,27.1891
2026-07-22T15:31:22.967,15.6818,4.0685,22.803
2026-07-22T15:31:22.973,15.6873,3.3832,18.319
2026-07-22T15:31:22.973,15.6873,2.7566,14.3245
2026-07-22T15:31:22.993,15.7135,2.13,11.1524
2026-07-22T15:31:22.993,15.7135,1.4642,8.5678
2026-07-22T15:31:23.010,15.7292,0.8181,6.453
2026-07-22T15:31:23.021,15.735,0.4265,4.9453
2026-07-22T15:31:23.036,15.7552,0.0349,3.653
2026-07-22T15:31:23.036,15.7634,-0.3176,2.6152
2026-07-22T15:31:23.052,15.7634,-0.6113,1.7732
2026-07-22T15:31:23.058,15.7786,-0.8659,0.9313
2026-07-22T15:31:23.069,15.7968,-1.0617,0.1676
2026-07-22T15:31:23.086,15.7968,-1.1792,-0.0674
2026-07-22T15:31:23.086,15.806,-1.0812,-0.1261
2026-07-22T15:31:23.101,15.8265,-0.8659,-0.0869
2026-07-22T15:31:23.101,15.8336,-0.6309,-0.0869
2026-07-22T15:31:23.120,15.8391,-0.5721,-0.0086
2026-07-22T15:31:23.131,15.8391,-0.4351,-0.0478
2026-07-22T15:31:23.146,15.8631,-0.2001,0.1284
2026-07-22T15:31:23.156,15.8631,-0.0239,-0.0086
2026-07-22T15:31:23.162,15.8709,0.074,-0.0478
2026-07-22T15:31:23.162,15.8866,0.1915,-0.0478
2026-07-22T15:31:23.186,15.8945,0.3677,-0.2436
2026-07-22T15:31:23.194,15.8945,0.4069,-0.1261
2026-07-22T15:31:23.209,15.9184,0.5635,-0.1457
2026-07-22T15:31:23.217,15.923,0.6419,-0.0674
2026-07-22T15:31:23.217,15.923,0.6614,-0.0478
2026-07-22T15:31:23.229,15.944,0.7006,-0.0869
2026-07-22T15:31:23.246,15.9488,0.7006,-0.0478
2026-07-22T15:31:23.246,15.9509,0.7202,-0.1261
2026-07-22T15:31:23.259,15.966,0.7398,-0.0478
2026-07-22T15:31:23.272,15.966,0.7985,-0.0086
2026-07-22T15:31:23.289,15.9817,0.7789,-0.0086
2026-07-22T15:31:23.289,15.9817,0.7398,0.0501
2026-07-22T15:31:23.304,16.0116,0.7985,-0.0674
2026-07-22T15:31:23.304,16.0134,0.7985,0.0501
2026-07-22T15:31:23.320,16.029,0.9356,-0.0086
2026-07-22T15:31:23.334,16.0362,0.8181,-0.0086
2026-07-22T15:31:23.336,16.0449,0.8181,-0.0282
2026-07-22T15:31:23.352,16.0449,0.7593,-0.0086
2026-07-22T15:31:23.359,16.0762,0.7985,-0.0086
2026-07-22T15:31:23.368,16.0762,0.7593,0.0501
2026-07-22T15:31:23.368,16.0762,0.7789,0.011
2026-07-22T15:31:23.383,16.092,0.7985,0.011
2026-07-22T15:31:23.399,16.092,0.7593,-0.0869
2026-07-22T15:31:23.409,16.1078,0.7398,0.0305
2026-07-22T15:31:23.415,16.1078,0.7789,0.011
2026-07-22T15:31:23.431,16.1364,0.7985,-0.0282
2026-07-22T15:31:23.444,16.1553,0.7398,-0.0282
2026-07-22T15:31:23.451,16.1553,0.7593,0.0501
2026-07-22T15:31:23.467,16.1709,0.7789,-0.0282
2026-07-22T15:31:23.467,16.1709,0.7398,-0.0282
2026-07-22T15:31:23.478,16.1709,0.7593,-0.0086
2026-07-22T15:31:23.494,16.1885,0.7593,0.011
2026-07-22T15:31:23.494,16.1885,0.7789,0.011
2026-07-22T15:31:23.511,16.2139,0.7789,-0.0478
2026-07-22T15:31:23.511,16.2181,0.7202,0.1089
2026-07-22T15:31:23.529,16.2181,0.7593,0.0305
2026-07-22T15:31:23.541,16.2506,0.7398,-0.0478
2026-07-22T15:31:23.541,16.2506,0.7593,-0.0086
2026-07-22T15:31:23.559,16.2699,0.7789,0.0305
2026-07-22T15:31:23.559,16.2699,0.7789,0.0501
2026-07-22T15:31:23.573,16.2879,0.7593,-0.0282
2026-07-22T15:31:23.593,16.2879,0.7202,-0.0086
2026-07-22T15:31:23.604,16.3062,0.7398,0.011
2026-07-22T15:31:23.611,16.3062,0.7202,0.0501
2026-07-22T15:31:23.623,16.3141,0.7006,0.011
2026-07-22T15:31:23.632,16.3283,0.7593,0.0501
2026-07-22T15:31:23.637,16.3439,0.7789,0.0501
2026-07-22T15:31:23.651,16.3595,0.7398,0.148
2026-07-22T15:31:23.660,16.3595,0.7789,0.0305
2026-07-22T15:31:23.667,16.3822,0.7398,0.0305
2026-07-22T15:31:23.682,16.3832,0.8181,0.0697
2026-07-22T15:31:23.682,16.4016,0.7202,0.0501
2026-07-22T15:31:23.703,16.4016,0.7593,0.1089
2026-07-22T15:31:23.714,16.4091,0.7398,0.0697
2026-07-22T15:31:23.722,16.4091,0.7789,0.0697
2026-07-22T15:31:23.732,16.4401,0.7398,0.011
2026-07-22T15:31:23.732,16.4401,0.7593,0.0305
2026-07-22T15:31:23.753,16.4558,0.6419,0.1284
2026-07-22T15:31:23.763,16.4558,0.7006,0.0697
2026-07-22T15:31:23.770,16.4715,0.7202,0.1872
2026-07-22T15:31:23.779,16.4715,0.7593,0.1089
2026-07-22T15:31:23.794,16.4978,0.7398,0.0697
2026-07-22T15:31:23.805,16.4998,0.7202,0.1284
2026-07-22T15:31:23.819,16.5185,0.7202,0.0893
2026-07-22T15:31:23.825,16.5268,0.7202,0.1284
2026-07-22T15:31:23.838,16.5377,0.7985,0.0893
2026-07-22T15:31:23.842,16.5377,0.7202,0.148
2026-07-22T15:31:23.850,16.5457,0.7398,0.1089
2026-07-22T15:31:23.860,16.5586,0.7202,0.1872
2026-07-22T15:31:23.868,16.5776,0.7593,0.0893
2026-07-22T15:31:23.881,16.5776,0.7789,0.1284
2026-07-22T15:31:23.897,16.59,0.7006,0.1676
2026-07-22T15:31:23.900,16.59,0.7202,0.1089
2026-07-22T15:31:23.913,16.6105,0.7202,0.1089
2026-07-22T15:31:23.913,16.6105,0.7202,0.1284
2026-07-22T15:31:23.933,16.638,0.8768,0.0893
2026-07-22T15:31:23.933,16.638,0.7398,0.1089
2026-07-22T15:31:23.952,16.6579,0.7398,0.0501
2026-07-22T15:31:23.961,16.6579,0.7398,0.2264
2026-07-22T15:31:23.965,16.6737,0.7006,0.148
2026-07-22T15:31:23.981,16.6737,0.7593,0.1089
2026-07-22T15:31:23.996,16.6894,0.7202,0.1284
2026-07-22T15:31:23.996,16.6894,0.7398,0.1284
2026-07-22T15:31:24.012,16.7211,0.7202,0.1089
2026-07-22T15:31:24.012,16.7211,0.7789,0.1089
2026-07-22T15:31:24.029,16.7382,0.7202,0.1676
2026-07-22T15:31:24.029,16.7382,0.7593,0.148
2026-07-22T15:31:24.059,16.7525,0.7593,0.1284
2026-07-22T15:31:24.061,16.7525,0.7398,0.1089
2026-07-22T15:31:24.075,16.7689,0.7593,0.1089
2026-07-22T15:31:24.075,16.7689,0.7006,0.0697
2026-07-22T15:31:24.092,16.7842,0.7202,0.1284
2026-07-22T15:31:24.092,16.7842,0.7398,0.1284
2026-07-22T15:31:24.107,16.8157,0.7789,0.1089
2026-07-22T15:31:24.123,16.8313,0.7398,0.1284
2026-07-22T15:31:24.129,16.8357,0.7202,0.0697
2026-07-22T15:31:24.143,16.847,0.7398,0.1284
2026-07-22T15:31:24.154,16.847,0.7202,0.1284
2026-07-22T15:31:24.161,16.8638,0.7202,0.148
2026-07-22T15:31:24.170,16.8638,0.7202,0.1284
2026-07-22T15:31:24.187,16.8853,0.7593,0.148
2026-07-22T15:31:24.187,16.894,0.7398,0.2459
2026-07-22T15:31:24.208,16.9096,0.7398,0.1284
2026-07-22T15:31:24.217,16.9096,0.7202,0.0893
2026-07-22T15:31:24.223,16.9253,0.7398,0.1676
2026-07-22T15:31:24.232,16.9253,0.7789,0.1089
2026-07-22T15:31:24.241,16.9411,0.7789,0.1284
2026-07-22T15:31:24.248,16.9411,0.7202,0.1089
2026-07-22T15:31:24.264,16.9568,0.7202,0.1872
2026-07-22T15:31:24.264,16.9568,0.7593,0.148
2026-07-22T15:31:24.280,16.9884,0.7789,0.1089
2026-07-22T15:31:24.280,16.9884,0.7202,0.1284
2026-07-22T15:31:24.311,17.0068,0.7593,0.1089
2026-07-22T15:31:24.311,17.0068,0.7789,0.1284
2026-07-22T15:31:24.327,17.0201,0.7202,0.1284
2026-07-22T15:31:24.330,17.0201,0.7398,0.148
2026-07-22T15:31:24.343,17.0396,0.7789,0.1676
2026-07-22T15:31:24.343,17.0516,0.7398,0.148
2026-07-22T15:31:24.362,17.0673,0.7398,0.1089
2026-07-22T15:31:24.374,17.0673,0.7006,0.0893
2026-07-22T15:31:24.390,17.0829,0.8377,0.1284
2026-07-22T15:31:24.390,17.0829,0.7202,0.1676
2026-07-22T15:31:24.406,17.1069,0.7202,0.148
2026-07-22T15:31:24.406,17.1069,0.7202,0.2264
2026-07-22T15:31:24.430,17.13,0.7398,0.148
2026-07-22T15:31:24.430,17.13,0.7006,0.0893
2026-07-22T15:31:24.437,17.1457,0.7202,0.1676
2026-07-22T15:31:24.453,17.1457,0.7006,0.1284
2026-07-22T15:31:24.468,17.1613,0.7398,0.1284
2026-07-22T15:31:24.468,17.1613,0.7006,0.1676
2026-07-22T15:31:24.484,17.177,0.7398,0.1872
2026-07-22T15:31:24.484,17.177,0.7006,0.1676
2026-07-22T15:31:24.500,17.207,0.8572,0.1089
2026-07-22T15:31:24.500,17.2244,0.7398,0.1089
2026-07-22T15:31:24.515,17.2244,0.7789,0.1284
2026-07-22T15:31:24.532,17.2244,0.7006,0.1284
2026-07-22T15:31:24.547,17.2404,0.7593,0.1284
2026-07-22T15:31:24.547,17.2563,0.7006,0.148
2026-07-22T15:31:24.563,17.2563,0.7789,0.1872
2026-07-22T15:31:24.563,17.2723,0.7593,0.1089
2026-07-22T15:31:24.579,17.2845,0.7593,0.148
2026-07-22T15:31:24.595,17.291,0.681,0.1676
2026-07-22T15:31:24.595,17.3023,0.7202,0.148
2026-07-22T15:31:24.614,17.3208,0.7202,0.148
2026-07-22T15:31:24.614,17.3208,0.7202,0.148
2026-07-22T15:31:24.631,17.3364,0.6614,0.1676
2026-07-22T15:31:24.644,17.3364,0.7593,0.1676
2026-07-22T15:31:24.644,17.3525,0.6614,0.1676
2026-07-22T15:31:24.663,17.3715,0.7398,0.1676
2026-07-22T15:31:24.675,17.3715,0.681,0.1089
2026-07-22T15:31:24.684,17.3856,0.7202,0.2264
2026-07-22T15:31:24.694,17.3856,0.7006,0.1284
2026-07-22T15:31:24.694,17.4152,0.7398,0.1089
2026-07-22T15:31:24.708,17.4152,0.6614,0.148
2026-07-22T15:31:24.722,17.4152,0.681,0.148
2026-07-22T15:31:24.730,17.4322,0.7398,0.1872
2026-07-22T15:31:24.738,17.4322,0.7398,0.1676
2026-07-22T15:31:24.755,17.448,0.7593,0.1872
2026-07-22T15:31:24.755,17.448,0.7398,0.1676
2026-07-22T15:31:24.771,17.4629,0.7006,0.1089
2026-07-22T15:31:24.771,17.4951,0.681,0.1676
2026-07-22T15:31:24.786,17.4961,0.7202,0.1872
2026-07-22T15:31:24.802,17.5156,0.7593,0.1676
2026-07-22T15:31:24.802,17.5166,0.681,0.148
2026-07-22T15:31:24.827,17.5256,0.7202,0.2851
2026-07-22T15:31:24.835,17.5256,0.7006,0.148
2026-07-22T15:31:24.846,17.5489,0.7398,0.1872
2026-07-22T15:31:24.848,17.5489,0.6419,0.148
2026-07-22T15:31:24.864,17.5752,0.7985,0.1284
2026-07-22T15:31:24.872,17.5752,0.6419,0.2068
2026-07-22T15:31:24.886,17.5887,0.7202,0.1872
2026-07-22T15:31:24.896,17.5887,0.7006,0.2068
2026-07-22T15:31:24.898,17.5887,0.7006,0.148
2026-07-22T15:31:24.911,17.6159,0.7006,0.148
2026-07-22T15:31:24.911,17.6189,0.681,0.1676
2026-07-22T15:31:24.937,17.6359,0.7593,0.1089
2026-07-22T15:31:24.948,17.6424,0.7398,0.1676
2026-07-22T15:31:24.956,17.6424,0.6419,0.1676
2026-07-22T15:31:24.965,17.6607,0.7202,0.1676
2026-07-22T15:31:24.965,17.6607,0.7006,0.148
2026-07-22T15:31:24.983,17.6893,0.7398,0.1676
2026-07-22T15:31:24.983,17.6893,0.681,0.148
2026-07-22T15:31:24.996,17.7106,0.7202,0.1872
2026-07-22T15:31:25.012,17.7106,0.7398,0.148
2026-07-22T15:31:25.030,17.7264,0.7202,0.1676
2026-07-22T15:31:25.033,17.7264,0.7202,0.2264
2026-07-22T15:31:25.049,17.7499,0.7202,0.1676
2026-07-22T15:31:25.049,17.7499,0.7006,0.148
2026-07-22T15:31:25.049,17.758,0.7985,0.148
2026-07-22T15:31:25.073,17.758,0.6614,0.1872
2026-07-22T15:31:25.081,17.7894,0.7593,0.1676
2026-07-22T15:31:25.081,17.7894,0.7202,0.1284
2026-07-22T15:31:25.100,17.8079,0.7202,0.148
2026-07-22T15:31:25.112,17.8079,0.6614,0.148
2026-07-22T15:31:25.112,17.8209,0.7006,0.0697
2026-07-22T15:31:25.131,17.8209,0.6614,0.2068
2026-07-22T15:31:25.144,17.8523,0.7398,0.1872
2026-07-22T15:31:25.144,17.8523,0.7398,0.1676
2026-07-22T15:31:25.165,17.8688,0.7202,0.1676
2026-07-22T15:31:25.165,17.8688,0.7006,0.0697
2026-07-22T15:31:25.175,17.8836,0.7398,0.2068
2026-07-22T15:31:25.192,17.8836,0.681,0.1089
2026-07-22T15:31:25.206,17.9079,0.7985,0.1676
2026-07-22T15:31:25.206,17.9155,0.7006,0.2068
2026-07-22T15:31:25.231,17.9312,0.7006,0.148
2026-07-22T15:31:25.231,17.9312,0.681,0.2655
2026-07-22T15:31:25.238,17.9469,0.7593,0.1089
2026-07-22T15:31:25.254,17.9469,0.7006,0.148
2026-07-22T15:31:25.262,17.9646,0.7006,0.148
2026-07-22T15:31:25.270,17.9785,0.7202,0.1872
2026-07-22T15:31:25.270,17.9785,0.7593,0.2068
2026-07-22T15:31:25.287,17.9951,0.7202,0.148
2026-07-22T15:31:25.301,17.9951,0.7202,0.1676
2026-07-22T15:31:25.318,18.0099,0.7202,0.1676
2026-07-22T15:31:25.318,18.0099,0.7006,0.1872
2026-07-22T15:31:25.333,18.0431,0.6614,0.1089
2026-07-22T15:31:25.333,18.0431,0.7006,0.148
2026-07-22T15:31:25.349,18.0573,0.6419,0.2264
2026-07-22T15:31:25.366,18.0573,0.7006,0.1872
2026-07-22T15:31:25.366,18.073,0.7202,0.1676
2026-07-22T15:31:25.380,18.073,0.7202,0.1872
2026-07-22T15:31:25.396,18.1044,0.681,0.0893
2026-07-22T15:31:25.396,18.1044,0.7202,0.0893
2026-07-22T15:31:25.414,18.1241,0.6614,0.1284
2026-07-22T15:31:25.414,18.1241,0.7593,0.1872
2026-07-22T15:31:25.443,18.1358,0.681,0.1872
2026-07-22T15:31:25.443,18.1434,0.7593,0.148
2026-07-22T15:31:25.447,18.1518,0.681,0.1676
2026-07-22T15:31:25.459,18.1518,0.7398,0.2459
2026-07-22T15:31:25.475,18.1699,0.7202,0.1284
2026-07-22T15:31:25.475,18.1699,0.7593,0.1872
2026-07-22T15:31:25.493,18.1989,0.681,0.2068
2026-07-22T15:31:25.493,18.1989,0.7398,0.2264
2026-07-22T15:31:25.510,18.2158,0.6223,0.1872
2026-07-22T15:31:25.522,18.2158,0.7006,0.148
2026-07-22T15:31:25.539,18.2312,0.7398,0.1676
2026-07-22T15:31:25.539,18.2312,0.7593,0.148
2026-07-22T15:31:25.554,18.2532,0.681,0.148
2026-07-22T15:31:25.554,18.2619,0.7006,0.2068
2026-07-22T15:31:25.576,18.2777,0.7202,0.2264
2026-07-22T15:31:25.585,18.2777,0.681,0.2459
2026-07-22T15:31:25.600,18.2933,0.7398,0.1676
2026-07-22T15:31:25.600,18.2933,0.7006,0.1872
2026-07-22T15:31:25.616,18.3193,0.7202,0.1676
2026-07-22T15:31:25.616,18.3193,0.7006,0.2068
2026-07-22T15:31:25.640,18.3244,0.7398,0.2068
2026-07-22T15:31:25.642,18.34,0.7398,0.1676
2026-07-22T15:31:25.647,18.3567,0.7202,0.3047
2026-07-22T15:31:25.664,18.3567,0.7006,0.1676
2026-07-22T15:31:25.678,18.3735,0.681,0.1872
2026-07-22T15:31:25.679,18.3735,0.7006,0.1872
2026-07-22T15:31:25.696,18.387,0.6614,0.148
2026-07-22T15:31:25.696,18.4026,0.681,0.2851
2026-07-22T15:31:25.710,18.4183,0.7006,0.2655
2026-07-22T15:31:25.725,18.4183,0.7006,0.2068
2026-07-22T15:31:25.741,18.4394,0.7202,0.1676
2026-07-22T15:31:25.741,18.4394,0.6614,0.148
2026-07-22T15:31:25.757,18.4497,0.681,0.148
2026-07-22T15:31:25.762,18.4674,0.681,0.1676
2026-07-22T15:31:25.772,18.4811,0.6419,0.2068
2026-07-22T15:31:25.772,18.4811,0.7006,0.1089
2026-07-22T15:31:25.790,18.4968,0.7398,0.1284
2026-07-22T15:31:25.804,18.4968,0.681,0.1872
2026-07-22T15:31:25.820,18.5125,0.7593,0.1676
2026-07-22T15:31:25.820,18.5201,0.7006,0.148
2026-07-22T15:31:25.835,18.5282,0.7006,0.1676
2026-07-22T15:31:25.843,18.5554,0.681,0.2459
2026-07-22T15:31:25.851,18.5554,0.7202,0.1284
2026-07-22T15:31:25.868,18.5604,0.7202,0.2655
2026-07-22T15:31:25.868,18.5604,0.6614,0.148
2026-07-22T15:31:25.883,18.5921,0.7789,0.1872
2026-07-22T15:31:25.883,18.5921,0.7006,0.148
2026-07-22T15:31:25.899,18.6083,0.6614,0.148
2026-07-22T15:31:25.915,18.6083,0.7006,0.1872
2026-07-22T15:31:25.926,18.6351,0.681,0.2068
2026-07-22T15:31:25.931,18.6371,0.7398,0.1872
2026-07-22T15:31:25.946,18.6571,0.7202,0.1676
2026-07-22T15:31:25.956,18.6581,0.7398,0.1872
2026-07-22T15:31:25.962,18.6737,0.6614,0.1676
2026-07-22T15:31:25.977,18.6737,0.7202,0.2264
2026-07-22T15:31:25.982,18.6737,0.6614,0.1676
2026-07-22T15:31:25.997,18.6894,0.7006,0.1676
2026-07-22T15:31:25.997,18.6894,0.7398,0.1284
2026-07-22T15:31:26.012,18.7196,0.681,0.2068
2026-07-22T15:31:26.012,18.7211,0.7398,0.1872
2026-07-22T15:31:26.031,18.7399,0.7006,0.1284
2026-07-22T15:31:26.044,18.7413,0.7202,0.2068
2026-07-22T15:31:26.044,18.7591,0.7006,0.2264
2026-07-22T15:31:26.065,18.7591,0.681,0.1872
2026-07-22T15:31:26.080,18.7786,0.7006,0.2068
2026-07-22T15:31:26.082,18.7809,0.6419,0.1872
2026-07-22T15:31:26.097,18.79,0.6419,0.1872
2026-07-22T15:31:26.108,18.8084,0.7006,0.148
2026-07-22T15:31:26.113,18.8084,0.7006,0.1676
2026-07-22T15:31:26.113,18.8084,0.7398,0.2264
2026-07-22T15:31:26.131,18.8232,0.7202,0.148
2026-07-22T15:31:26.131,18.8534,0.7006,0.2459
2026-07-22T15:31:26.146,18.8554,0.7202,0.1676
2026-07-22T15:31:26.160,18.8609,0.7006,0.148
2026-07-22T15:31:26.176,18.8725,0.681,0.1676
2026-07-22T15:31:26.184,18.8899,0.681,0.2459
2026-07-22T15:31:26.195,18.8899,0.7202,0.2655
2026-07-22T15:31:26.213,18.9085,0.7006,0.1872
2026-07-22T15:31:26.213,18.9085,0.681,0.1872
2026-07-22T15:31:26.228,18.9213,0.7202,0.1872
2026-07-22T15:31:26.231,18.9213,0.6614,0.1872
2026-07-22T15:31:26.244,18.946,0.681,0.1676
2026-07-22T15:31:26.244,18.946,0.681,0.148
2026-07-22T15:31:26.269,18.9684,0.6223,0.2655
2026-07-22T15:31:26.269,18.9684,0.7202,0.1676
2026-07-22T15:31:26.279,18.9841,0.7006,0.1676
2026-07-22T15:31:26.291,18.9998,0.7006,0.2459
2026-07-22T15:31:26.307,19.0084,0.681,0.2459
2026-07-22T15:31:26.307,19.0165,0.7202,0.1284
2026-07-22T15:31:26.323,19.0165,0.7006,0.2264
2026-07-22T15:31:26.331,19.0472,0.681,0.2264
2026-07-22T15:31:26.339,19.0492,0.7202,0.1872
2026-07-22T15:31:26.358,19.0629,0.7398,0.148
2026-07-22T15:31:26.369,19.0692,0.6419,0.1872
2026-07-22T15:31:26.378,19.0785,0.7593,0.2068
2026-07-22T15:31:26.386,19.0785,0.7006,0.148
2026-07-22T15:31:26.392,19.0785,0.7202,0.2068
2026-07-22T15:31:26.401,19.1103,0.7398,0.2068
2026-07-22T15:31:26.401,19.1103,0.681,0.1676
2026-07-22T15:31:26.420,19.1269,0.6614,0.2068
2026-07-22T15:31:26.433,19.1269,0.7006,0.2068
2026-07-22T15:31:26.450,19.1466,0.6614,0.2068
2026-07-22T15:31:26.450,19.1466,0.7398,0.1872
2026-07-22T15:31:26.469,19.1578,0.681,0.2264
2026-07-22T15:31:26.469,19.1578,0.7006,0.2068
2026-07-22T15:31:26.481,19.1898,0.6614,0.2068
2026-07-22T15:31:26.481,19.1909,0.7202,0.2264
2026-07-22T15:31:26.501,19.2085,0.6614,0.1676
2026-07-22T15:31:26.514,19.2085,0.7202,0.1676
2026-07-22T15:31:26.529,19.2285,0.7202,0.1676
2026-07-22T15:31:26.531,19.2469,0.7398,0.2264
2026-07-22T15:31:26.545,19.2469,0.7006,0.1676
2026-07-22T15:31:26.557,19.2528,0.7202,0.2068
2026-07-22T15:31:26.560,19.2528,0.681,0.1676
2026-07-22T15:31:26.570,19.2851,0.7202,0.1872
2026-07-22T15:31:26.576,19.2851,0.7006,0.1676
2026-07-22T15:31:26.591,19.3,0.7398,0.2264
2026-07-22T15:31:26.607,19.3078,0.6614,0.2068
2026-07-22T15:31:26.616,19.3161,0.681,0.1872
2026-07-22T15:31:26.623,19.3161,0.681,0.2459
2026-07-22T15:31:26.639,19.3472,0.7006,0.2068
2026-07-22T15:31:26.639,19.3472,0.7202,0.2068
2026-07-22T15:31:26.657,19.3644,0.6419,0.2068
2026-07-22T15:31:26.657,19.3644,0.6614,0.1872
2026-07-22T15:31:26.679,19.3813,0.681,0.1872
2026-07-22T15:31:26.687,19.3813,0.7398,0.1872
2026-07-22T15:31:26.698,19.4039,0.681,0.1872
2026-07-22T15:31:26.704,19.4089,0.7202,0.2068
2026-07-22T15:31:26.717,19.4285,0.7398,0.2068
2026-07-22T15:31:26.727,19.4306,0.681,0.148
2026-07-22T15:31:26.733,19.4306,0.6614,0.1676
2026-07-22T15:31:26.748,19.4505,0.681,0.1872
2026-07-22T15:31:26.753,19.4505,0.7593,0.1284
2026-07-22T15:31:26.764,19.4722,0.7202,0.2264
2026-07-22T15:31:26.773,19.4722,0.7593,0.2068
2026-07-22T15:31:26.781,19.4878,0.6614,0.1872
2026-07-22T15:31:26.795,19.4878,0.7202,0.1284
2026-07-22T15:31:26.811,19.509,0.681,0.1872
2026-07-22T15:31:26.811,19.509,0.681,0.2655
2026-07-22T15:31:26.824,19.5211,0.7202,0.1676
2026-07-22T15:31:26.832,19.5351,0.7789,0.2068
2026-07-22T15:31:26.844,19.5508,0.681,0.1872
2026-07-22T15:31:26.844,19.5564,0.7398,0.1872
2026-07-22T15:31:26.866,19.5665,0.7006,0.148
2026-07-22T15:31:26.874,19.5665,0.7202,0.2068
2026-07-22T15:31:26.879,19.5822,0.6223,0.1872
2026-07-22T15:31:26.889,19.5822,0.681,0.148
2026-07-22T15:31:26.905,19.6135,0.6614,0.2851
2026-07-22T15:31:26.905,19.6135,0.6027,0.2068
2026-07-22T15:31:26.926,19.6292,0.681,0.2459
2026-07-22T15:31:26.932,19.6292,0.7006,0.1872
2026-07-22T15:31:26.944,19.6481,0.6614,0.2264
2026-07-22T15:31:26.952,19.6481,0.7398,0.1676
2026-07-22T15:31:26.963,19.6611,0.681,0.2068
2026-07-22T15:31:26.971,19.6611,0.7398,0.1872
2026-07-22T15:31:26.984,19.6924,0.6614,0.2068
2026-07-22T15:31:26.984,19.6924,0.7202,0.2068
2026-07-22T15:31:27.003,19.7128,0.7202,0.1872
2026-07-22T15:31:27.015,19.7128,0.681,0.2459
2026-07-22T15:31:27.023,19.724,0.681,0.1676
2026-07-22T15:31:27.036,19.724,0.681,0.1676
2026-07-22T15:31:27.044,19.7486,0.681,0.1872
2026-07-22T15:31:27.047,19.7581,0.7593,0.1872
2026-07-22T15:31:27.065,19.7758,0.6614,0.2264
2026-07-22T15:31:27.071,19.7758,0.7202,0.2068
2026-07-22T15:31:27.085,19.7911,0.681,0.2655
2026-07-22T15:31:27.099,19.7911,0.7593,0.1872
2026-07-22T15:31:27.099,19.7911,0.7006,0.1872
2026-07-22T15:31:27.114,19.8094,0.7006,0.1284
2026-07-22T15:31:27.114,19.823,0.7593,0.2068
2026-07-22T15:31:27.132,19.8386,0.7006,0.1872
2026-07-22T15:31:27.146,19.8386,0.681,0.2264
2026-07-22T15:31:27.146,19.8543,0.681,0.2655
2026-07-22T15:31:27.161,19.8768,0.7202,0.2068
2026-07-22T15:31:27.177,19.8783,0.7202,0.2264
2026-07-22T15:31:27.177,19.8803,0.6614,0.148
2026-07-22T15:31:27.197,19.8985,0.681,0.2068
2026-07-22T15:31:27.203,19.8995,0.7202,0.1676
2026-07-22T15:31:27.217,19.9096,0.7202,0.2068
2026-07-22T15:31:27.224,19.9237,0.7006,0.2068
2026-07-22T15:31:27.232,19.9237,0.7398,0.1676
2026-07-22T15:31:27.247,19.955,0.681,0.1089
2026-07-22T15:31:27.247,19.955,0.681,0.2068
2026-07-22T15:31:27.272,19.9707,0.7006,0.1872
2026-07-22T15:31:27.272,19.9707,0.7202,0.1872
2026-07-22T15:31:27.278,19.992,0.7006,0.1872
2026-07-22T15:31:27.293,19.992,0.7202,0.2068
2026-07-22T15:31:27.315,20.0095,0.6419,0.1872
2026-07-22T15:31:27.315,20.0095,0.7202,0.1872
2026-07-22T15:31:27.315,20.0238,0.7006,0.1872
2026-07-22T15:31:27.332,20.0394,0.6419,0.2264
2026-07-22T15:31:27.347,20.0551,0.7202,0.148
2026-07-22T15:31:27.347,20.0551,0.7789,0.2655
2026-07-22T15:31:27.363,20.0551,0.6223,0.2068
2026-07-22T15:31:27.378,20.0711,0.7202,0.1872
2026-07-22T15:31:27.378,20.0711,0.6027,0.2068
2026-07-22T15:31:27.394,20.0959,0.7398,0.2264
2026-07-22T15:31:27.394,20.1096,0.7006,0.2459
2026-07-22T15:31:27.410,20.1096,0.7398,0.0893
2026-07-22T15:31:27.425,20.1219,0.681,0.2264
2026-07-22T15:31:27.432,20.1343,0.7006,0.2264
2026-07-22T15:31:27.445,20.1507,0.6223,0.2068
2026-07-22T15:31:27.445,20.1507,0.7202,0.2459
2026-07-22T15:31:27.466,20.1655,0.681,0.1872
2026-07-22T15:31:27.473,20.1655,0.7006,0.148
2026-07-22T15:31:27.483,20.1913,0.681,0.2459
2026-07-22T15:31:27.488,20.1933,0.7202,0.2459
2026-07-22T15:31:27.504,20.2122,0.681,0.1676
2026-07-22T15:31:27.516,20.2132,0.7398,0.1872
2026-07-22T15:31:27.528,20.2297,0.5831,0.1284
2026-07-22T15:31:27.536,20.2297,0.7398,0.2264
2026-07-22T15:31:27.541,20.2499,0.6223,0.1676
2026-07-22T15:31:27.552,20.2499,0.7398,0.2068
2026-07-22T15:31:27.568,20.2608,0.681,0.2068
2026-07-22T15:31:27.573,20.2767,0.681,0.2655
2026-07-22T15:31:27.584,20.2767,0.681,0.2068
2026-07-22T15:31:27.599,20.2923,0.6419,0.1676
2026-07-22T15:31:27.599,20.2923,0.6614,0.2068
2026-07-22T15:31:27.599,20.3239,0.7006,0.2264
2026-07-22T15:31:27.615,20.3269,0.6614,0.2068
2026-07-22T15:31:27.637,20.3398,0.7006,0.2459
2026-07-22T15:31:27.637,20.3466,0.6419,0.2068
2026-07-22T15:31:27.656,20.3642,0.7006,0.2068
2026-07-22T15:31:27.663,20.3642,0.6419,0.148
2026-07-22T15:31:27.679,20.3742,0.6223,0.2264
2026-07-22T15:31:27.687,20.3742,0.6027,0.1284
2026-07-22T15:31:27.697,20.4053,0.7006,0.2459
2026-07-22T15:31:27.697,20.4053,0.6223,0.1872
2026-07-22T15:31:27.716,20.4222,0.6614,0.1872
2026-07-22T15:31:27.716,20.4222,0.6614,0.2068
2026-07-22T15:31:27.744,20.4402,0.681,0.2068
2026-07-22T15:31:27.744,20.4402,0.6027,0.1676
2026-07-22T15:31:27.758,20.4507,0.6614,0.1676
2026-07-22T15:31:27.763,20.4507,0.5831,0.1676
2026-07-22T15:31:27.773,20.4803,0.6614,0.2068
2026-07-22T15:31:27.773,20.4826,0.6223,0.2068
2026-07-22T15:31:27.790,20.4983,0.6419,0.1676
2026-07-22T15:31:27.807,20.5026,0.5831,0.1676
2026-07-22T15:31:27.811,20.5143,0.6027,0.1284
2026-07-22T15:31:27.825,20.5249,0.5244,0.1089
2026-07-22T15:31:27.837,20.5445,0.5244,0.1284
2026-07-22T15:31:27.837,20.546,0.4852,0.0697
2026-07-22T15:31:27.855,20.5642,0.4852,0.0697
2026-07-22T15:31:27.869,20.5642,0.4656,-0.0086
2026-07-22T15:31:27.876,20.5852,0.4852,0.011
2026-07-22T15:31:27.884,20.5852,0.446,-0.0869
2026-07-22T15:31:27.900,20.6099,0.3481,-0.2827
2026-07-22T15:31:27.900,20.6099,0.3677,-0.5373
2026-07-22T15:31:27.916,20.6099,0.3286,-0.5765
2026-07-22T15:31:27.921,20.6407,0.3481,-0.596
2026-07-22T15:31:27.933,20.6407,0.2502,-0.7135
2026-07-22T15:31:27.933,20.6489,0.1523,-0.7527
2026-07-22T15:31:27.950,20.6655,0.2111,-0.9485
2026-07-22T15:31:27.963,20.6655,0.0544,-1.0268
2026-07-22T15:31:27.972,20.6724,-0.0043,-1.1443
2026-07-22T15:31:27.979,20.6968,-0.0043,-1.2618
2026-07-22T15:31:27.995,20.7022,-0.0239,-1.3009
2026-07-22T15:31:28.011,20.7245,-0.0631,-1.3597
2026-07-22T15:31:28.020,20.7288,-0.0826,-1.3597
2026-07-22T15:31:28.027,20.7356,-0.0826,-1.2422
2026-07-22T15:31:28.033,20.7523,-0.0826,-1.1247
2026-07-22T15:31:28.047,20.7595,-0.1218,-1.066
2026-07-22T15:31:28.055,20.7692,0.0544,-0.9681
2026-07-22T15:31:28.074,20.7875,0.3286,-0.7331
2026-07-22T15:31:28.082,20.7932,0.7593,-0.2044
2026-07-22T15:31:28.082,20.8014,1.1705,0.383
2026-07-22T15:31:28.100,20.8212,1.8167,1.4404
2026-07-22T15:31:28.106,20.8212,2.4041,2.7327
2026-07-22T15:31:28.116,20.8318,2.972,4.3775
2026-07-22T15:31:28.124,20.8318,3.6377,6.2964
2026-07-22T15:31:28.139,20.8598,4.3426,8.3328
2026-07-22T15:31:28.154,20.8668,5.165,10.4083
2026-07-22T15:31:28.155,20.8668,6.0461,12.5231
2026-07-22T15:31:28.170,20.8966,6.7315,14.7553
2026-07-22T15:31:28.175,20.8986,7.4168,17.3399
2026-07-22T15:31:28.190,20.9036,8.2,20.6099
2026-07-22T15:31:28.190,20.9066,9.1203,24.1736
2026-07-22T15:31:28.213,20.9242,10.1777,27.8352
2026-07-22T15:31:28.225,20.937,11.1763,31.2031
2026-07-22T15:31:28.228,20.9399,12.2924,34.8256
2026-07-22T15:31:28.240,20.9576,13.2519,38.4676
2026-07-22T15:31:28.247,20.9628,14.2309,42.1292
2026-07-22T15:31:28.260,20.9665,15.2491,45.2229
2026-07-22T15:31:28.264,20.9712,15.8757,47.8468
2026-07-22T15:31:28.278,20.9971,16.2477,49.6286
2026-07-22T15:31:28.289,21.0021,16.3456,51.0776
2026-07-22T15:31:28.294,21.0031,16.4239,52.4287
2026-07-22T15:31:28.304,21.0233,16.6589,54.0147
2026-07-22T15:31:28.324,21.0278,17.2659,56.1294
2026-07-22T15:31:28.328,21.0278,17.8925,58.1071
2026-07-22T15:31:28.336,21.0534,18.5191,59.5169
2026-07-22T15:31:28.346,21.0596,19.1457,60.7896
2026-07-22T15:31:28.351,21.0638,19.7918,61.8274
2026-07-22T15:31:28.373,21.0755,20.4967,62.9435
2026-07-22T15:31:28.376,21.0755,21.0646,63.8442
2026-07-22T15:31:28.387,21.0755,21.7303,65.3128
2026-07-22T15:31:28.398,21.1124,22.3961,67.0163
2026-07-22T15:31:28.398,21.1155,23.0814,68.9744
2026-07-22T15:31:28.416,21.1383,23.6493,70.8346
2026-07-22T15:31:28.419,21.1441,23.9234,72.1856
2026-07-22T15:31:28.438,21.1441,23.7276,72.7535
2026-07-22T15:31:28.443,21.1441,23.3947,72.9101
2026-07-22T15:31:28.451,21.1693,23.1793,73.1647
2026-07-22T15:31:28.467,21.1693,23.3947,74.1437
2026-07-22T15:31:28.478,21.1919,23.8451,75.2794
2026-07-22T15:31:28.483,21.1973,24.2563,76.278
2026-07-22T15:31:28.492,21.2024,24.3737,76.8263
2026-07-22T15:31:28.507,21.2258,24.4521,77.3354
2026-07-22T15:31:28.515,21.2294,24.5695,77.6095
2026-07-22T15:31:28.525,21.2357,24.5891,78.1186
2026-07-22T15:31:28.537,21.2551,24.55,78.3536
2026-07-22T15:31:28.546,21.2561,24.4716,78.334
2026-07-22T15:31:28.555,21.2625,24.5304,78.6081
2026-07-22T15:31:28.569,21.2825,24.8633,79.3718
2026-07-22T15:31:28.578,21.2825,25.1961,80.2725
2026-07-22T15:31:28.585,21.2868,25.5094,81.1341
2026-07-22T15:31:28.594,21.312,25.5486,81.5257
2026-07-22T15:31:28.605,21.3153,25.7444,81.5257
2026-07-22T15:31:28.618,21.3373,25.7444,81.1536
2026-07-22T15:31:28.625,21.3373,25.6856,80.625
2026-07-22T15:31:28.638,21.3422,25.5877,80.39
2026-07-22T15:31:28.647,21.363,25.5877,80.3508
2026-07-22T15:31:28.657,21.3675,26.0773,80.7424
2026-07-22T15:31:28.665,21.3726,26.4885,80.8795
2026-07-22T15:31:28.677,21.395,26.4885,80.4683
2026-07-22T15:31:28.686,21.3972,26.3514,79.8417
2026-07-22T15:31:28.695,21.4009,26.0381,79.3718
2026-07-22T15:31:28.704,21.4225,25.8619,79.4501
2026-07-22T15:31:28.720,21.4288,25.9989,79.9592
2026-07-22T15:31:28.724,21.4336,26.5472,80.7424
2026-07-22T15:31:28.737,21.4492,26.9976,81.1341
2026-07-22T15:31:28.748,21.4548,27.2325,81.1536
2026-07-22T15:31:28.756,21.4548,27.2913,80.8012
2026-07-22T15:31:28.769,21.4759,27.3109,80.5075
2026-07-22T15:31:28.778,21.4759,27.3109,80.7424
2026-07-22T15:31:28.784,21.4917,27.6241,81.2907
2026-07-22T15:31:28.784,21.5028,27.9766,81.9564
2026-07-22T15:31:28.799,21.5078,27.9962,82.0739
2026-07-22T15:31:28.815,21.5292,27.7808,81.7019
2026-07-22T15:31:28.826,21.5347,27.6241,81.369
2026-07-22T15:31:28.836,21.5586,27.6046,81.2907
2026-07-22T15:31:28.846,21.5628,27.7025,81.5648
2026-07-22T15:31:28.857,21.5628,27.9374,81.7998
2026-07-22T15:31:28.869,21.5887,28.0353,82.0739
2026-07-22T15:31:28.878,21.5887,27.9179,81.6823
2026-07-22T15:31:28.886,21.5887,27.8004,81.6432
2026-07-22T15:31:28.898,21.6106,27.6633,81.5061
2026-07-22T15:31:28.898,21.6201,27.722,81.5648
2026-07-22T15:31:28.911,21.6201,27.7808,81.4669
2026-07-22T15:31:28.927,21.6418,27.7416,81.1145
2026-07-22T15:31:28.933,21.6437,27.722,80.8208
2026-07-22T15:31:28.943,21.6504,27.6046,80.39
2026-07-22T15:31:28.957,21.6714,27.6829,80.4879
2026-07-22T15:31:28.973,21.6753,27.9962,80.8012
2026-07-22T15:31:28.973,21.6812,28.3291,81.1341
2026-07-22T15:31:28.989,21.6988,28.4661,81.3494
2026-07-22T15:31:28.998,21.6988,28.3878,81.7802
2026-07-22T15:31:29.008,21.7127,28.2507,81.9173
2026-07-22T15:31:29.008,21.728,28.3291,81.8781
2026-07-22T15:31:29.022,21.7302,28.5053,82.0739
2026-07-22T15:31:29.035,21.7438,28.7207,82.4655
2026-07-22T15:31:29.035,21.7559,28.9752,82.9159
2026-07-22T15:31:29.053,21.7626,28.8577,83.0334
2026-07-22T15:31:29.067,21.7835,28.6228,82.8572
2026-07-22T15:31:29.079,21.7835,28.5053,82.583
2026-07-22T15:31:29.085,21.7835,28.6423,82.5047
2026-07-22T15:31:29.098,21.8093,28.8382,82.7201
2026-07-22T15:31:29.106,21.8108,29.0535,83.0334
2026-07-22T15:31:29.120,21.8346,28.8577,83.19
2026-07-22T15:31:29.120,21.8346,28.6815,83.19
2026-07-22T15:31:29.134,21.8412,28.6032,83.0334
2026-07-22T15:31:29.146,21.8561,28.5836,82.7005
2026-07-22T15:31:29.157,21.8633,28.5836,82.6026
2026-07-22T15:31:29.170,21.8861,28.7207,82.8376
2026-07-22T15:31:29.179,21.8897,28.8577,83.0334
2026-07-22T15:31:29.186,21.8934,28.9752,83.4054
2026-07-22T15:31:29.197,21.9143,29.1319,83.4837
2026-07-22T15:31:29.197,21.9199,29.1319,83.5229
2026-07-22T15:31:29.216,21.9247,28.9948,83.3467
2026-07-22T15:31:29.234,21.9469,28.8773,83.3663
2026-07-22T15:31:29.234,21.9496,28.7402,83.19
2026-07-22T15:31:29.247,21.9496,28.7598,82.9746
2026-07-22T15:31:29.257,21.9729,28.6815,82.7201
2026-07-22T15:31:29.270,21.9729,28.6032,82.4655
2026-07-22T15:31:29.272,21.981,28.5249,82.1131
2026-07-22T15:31:29.288,21.9995,28.5249,82.2697
2026-07-22T15:31:29.296,22.0055,28.6423,82.4655
2026-07-22T15:31:29.304,22.0234,28.8773,82.8572
2026-07-22T15:31:29.308,22.0277,29.0144,82.8376
2026-07-22T15:31:29.328,22.0302,28.9165,82.6614
2026-07-22T15:31:29.338,22.0413,28.799,82.446
2026-07-22T15:31:29.346,22.0546,28.7598,82.4655
2026-07-22T15:31:29.360,22.0728,28.7598,82.7201
2026-07-22T15:31:29.364,22.0803,28.8773,82.818
2026-07-22T15:31:29.377,22.0803,28.799,82.8572
2026-07-22T15:31:29.388,22.1057,28.5053,82.6418
2026-07-22T15:31:29.396,22.1087,28.4661,82.583
2026-07-22T15:31:29.403,22.1113,28.3486,82.3872
2026-07-22T15:31:29.418,22.1318,28.427,82.5047
2026-07-22T15:31:29.429,22.1338,28.6815,82.8572
2026-07-22T15:31:29.434,22.1358,28.9165,83.0334
2026-07-22T15:31:29.451,22.1551,29.034,82.9942
2026-07-22T15:31:29.458,22.1592,28.8186,82.7201
2026-07-22T15:31:29.473,22.1744,28.6619,82.3872
2026-07-22T15:31:29.482,22.1827,28.3291,82.1131
2026-07-22T15:31:29.484,22.1827,28.3095,81.8781
2026-07-22T15:31:29.497,22.2054,28.4465,81.8977
2026-07-22T15:31:29.505,22.2054,28.4074,81.9173
2026-07-22T15:31:29.514,22.2302,28.4465,82.0543
2026-07-22T15:31:29.528,22.2302,28.564,82.2502
2026-07-22T15:31:29.540,22.2413,28.6228,82.1914
2026-07-22T15:31:29.548,22.2579,28.564,81.9369
2026-07-22T15:31:29.553,22.2579,28.2899,81.5452
2026-07-22T15:31:29.564,22.2743,28.1332,81.0949
2026-07-22T15:31:29.579,22.289,28.0745,80.9774
2026-07-22T15:31:29.581,22.289,28.2703,81.232
2026-07-22T15:31:29.596,22.3046,28.4661,81.6236
2026-07-22T15:31:29.597,22.3117,28.7011,81.7606
2026-07-22T15:31:29.612,22.3365,28.6228,81.604
2026-07-22T15:31:29.627,22.3386,28.4661,81.3886
2026-07-22T15:31:29.634,22.3416,28.1528,81.1145
2026-07-22T15:31:29.647,22.363,28.192,81.1145
2026-07-22T15:31:29.647,22.363,28.3682,81.2515
2026-07-22T15:31:29.665,22.3713,28.6423,81.5061
2026-07-22T15:31:29.681,22.3899,28.7207,81.7411
2026-07-22T15:31:29.686,22.3899,28.6619,81.8194
2026-07-22T15:31:29.700,22.4118,28.5444,81.9173
2026-07-22T15:31:29.706,22.4155,28.4857,81.7019
2026-07-22T15:31:29.719,22.4197,28.3682,81.5648
2026-07-22T15:31:29.724,22.4311,28.427,81.3299
2026-07-22T15:31:29.735,22.4411,28.5053,81.232
2026-07-22T15:31:29.750,22.464,28.3878,81.2711
2026-07-22T15:31:29.754,22.464,28.4074,81.369
2026-07-22T15:31:29.764,22.464,28.5836,81.5648
2026-07-22T15:31:29.781,22.4879,28.5836,81.7215
2026-07-22T15:31:29.787,22.4879,28.4857,81.4669
2026-07-22T15:31:29.796,22.5118,28.3682,81.1732
2026-07-22T15:31:29.811,22.5148,28.3682,81.0166
2026-07-22T15:31:29.817,22.517,28.3095,81.0949
2026-07-22T15:31:29.833,22.5357,28.2311,81.1536
2026-07-22T15:31:29.838,22.5357,28.1528,81.1732
2026-07-22T15:31:29.847,22.5591,27.9766,81.0753
2026-07-22T15:31:29.858,22.5591,27.82,81.0362
2026-07-22T15:31:29.864,22.5868,27.8395,80.9382
2026-07-22T15:31:29.882,22.5885,28.0158,81.0949
2026-07-22T15:31:29.882,22.5885,28.2703,81.1732
2026-07-22T15:31:29.903,22.6178,28.5444,81.2907
2026-07-22T15:31:29.903,22.6201,28.6815,81.2124
2026-07-22T15:31:29.911,22.6201,28.6032,81.0362
2026-07-22T15:31:29.927,22.6359,28.5836,80.8795
2026-07-22T15:31:29.935,22.6359,28.6423,80.9382
2026-07-22T15:31:29.943,22.6516,28.9752,81.2124
2026-07-22T15:31:29.959,22.6712,29.4256,81.5648
2026-07-22T15:31:29.959,22.6757,29.6214,81.6236
2026-07-22T15:31:29.974,22.6801,29.4843,81.3886
2026-07-22T15:31:29.990,22.6989,29.2493,80.8795
2026-07-22T15:31:29.998,22.6989,28.8382,80.5662
2026-07-22T15:31:30.003,22.7094,28.7402,80.6054
2026-07-22T15:31:30.010,22.7304,28.6228,80.6837
2026-07-22T15:31:30.022,22.7309,28.7011,80.8208
2026-07-22T15:31:30.037,22.7462,28.799,80.8795
2026-07-22T15:31:30.037,22.7559,28.8186,80.7816
2026-07-22T15:31:30.054,22.7619,28.7794,80.625
2026-07-22T15:31:30.069,22.7794,28.8186,80.625
2026-07-22T15:31:30.079,22.7794,28.9165,80.8208
2026-07-22T15:31:30.089,22.7934,29.171,81.1145
2026-07-22T15:31:30.089,22.8041,29.3473,81.2515
2026-07-22T15:31:30.102,22.8041,29.1906,80.997
2026-07-22T15:31:30.116,22.8267,28.7402,80.3117
2026-07-22T15:31:30.127,22.8267,28.4074,79.6459
2026-07-22T15:31:30.137,22.8515,28.1724,79.176
2026-07-22T15:31:30.149,22.8571,28.0353,78.9606
2026-07-22T15:31:30.149,22.8571,27.9766,79.0977
2026-07-22T15:31:30.165,22.8787,27.9962,79.1172
2026-07-22T15:31:30.180,22.8811,28.0353,79.0781
2026-07-22T15:31:30.183,22.8878,27.9962,78.8235
2026-07-22T15:31:30.196,22.9038,28.0353,78.7452
2026-07-22T15:31:30.204,22.9063,28.2507,78.7648
2026-07-22T15:31:30.211,22.9269,28.3095,78.9606
2026-07-22T15:31:30.229,22.9269,28.4661,79.0977
2026-07-22T15:31:30.243,22.9515,28.5249,79.176
2026-07-22T15:31:30.250,22.9551,28.5444,79.1172
2026-07-22T15:31:30.250,22.9551,28.4661,78.9214
2026-07-22T15:31:30.262,22.9672,28.1724,78.4907
2026-07-22T15:31:30.274,22.9672,27.8787,77.9816
2026-07-22T15:31:30.287,22.9986,27.722,77.6878
2026-07-22T15:31:30.290,22.9986,27.6633,77.5508
2026-07-22T15:31:30.306,23.024,27.9179,77.7857
2026-07-22T15:31:30.312,23.024,27.9962,78.0011
2026-07-22T15:31:30.321,23.03,28.1137,78.0599
2026-07-22T15:31:30.337,23.052,28.0941,77.8836
2026-07-22T15:31:30.337,23.054,27.957,77.6487
2026-07-22T15:31:30.353,23.058,27.8395,77.3745
2026-07-22T15:31:30.371,23.0808,27.9179,77.3354
2026-07-22T15:31:30.384,23.083,27.9766,77.4137
2026-07-22T15:31:30.390,23.0929,28.0353,77.3158
2026-07-22T15:31:30.390,23.0929,27.957,77.2766
2026-07-22T15:31:30.406,23.1085,27.82,77.12
2026-07-22T15:31:30.416,23.1316,27.7612,76.885
2026-07-22T15:31:30.416,23.1336,27.6046,76.6109
2026-07-22T15:31:30.451,23.1538,27.6829,76.5717
2026-07-22T15:31:30.451,23.1538,27.8591,76.5717
2026-07-22T15:31:30.456,23.1574,27.8983,76.5326
2026-07-22T15:31:30.465,23.174,27.9766,76.3172
2026-07-22T15:31:30.477,23.174,27.957,76.3172
2026-07-22T15:31:30.489,23.2029,27.9766,76.1801
2026-07-22T15:31:30.497,23.2047,27.9179,76.141
2026-07-22T15:31:30.497,23.2147,27.8004,76.1605
2026-07-22T15:31:30.511,23.2386,27.8591,76.2193
2026-07-22T15:31:30.526,23.2396,28.0158,76.2584
2026-07-22T15:31:30.538,23.2426,27.9962,76.1605
2026-07-22T15:31:30.544,23.2618,28.1332,76.0431
2026-07-22T15:31:30.560,23.2618,28.1724,76.0039
2026-07-22T15:31:30.567,23.2713,28.1724,75.9452
2026-07-22T15:31:30.582,23.2913,28.0158,75.8081
2026-07-22T15:31:30.585,23.2913,28.0549,75.8277
2026-07-22T15:31:30.599,23.3129,28.2311,75.906
2026-07-22T15:31:30.599,23.3129,28.4661,76.0431
2026-07-22T15:31:30.614,23.3129,28.6228,76.278
2026-07-22T15:31:30.633,23.3373,28.6032,76.1997
2026-07-22T15:31:30.636,23.3373,28.5444,76.0822
2026-07-22T15:31:30.644,23.3671,28.5053,75.906
2026-07-22T15:31:30.660,23.3696,28.6032,75.9843
2026-07-22T15:31:30.670,23.3727,28.7598,76.2389
2026-07-22T15:31:30.678,23.3883,29.0144,76.4934
2026-07-22T15:31:30.690,23.3967,29.0731,76.5326
2026-07-22T15:31:30.695,23.3999,28.9752,76.278
2026-07-22T15:31:30.711,23.4189,28.7794,76.0626
2026-07-22T15:31:30.719,23.4199,28.6032,76.0626
2026-07-22T15:31:30.727,23.4434,28.6228,75.9843
2026-07-22T15:31:30.736,23.4434,28.5249,76.1214
2026-07-22T15:31:30.748,23.4474,28.4465,76.0431
2026-07-22T15:31:30.759,23.4709,28.5053,75.9647
2026-07-22T15:31:30.766,23.4709,28.3878,75.8864
2026-07-22T15:31:30.785,23.4867,28.4857,76.0235
2026-07-22T15:31:30.785,23.4867,28.7011,76.141
2026-07-22T15:31:30.794,23.4997,28.8382,76.4151
2026-07-22T15:31:30.810,23.5146,28.9556,76.3759
2026-07-22T15:31:30.810,23.5239,28.9361,76.3368
2026-07-22T15:31:30.825,23.5463,28.799,76.1997
2026-07-22T15:31:30.837,23.5482,28.8382,76.3368
2026-07-22T15:31:30.847,23.5482,28.9165,76.5717
2026-07-22T15:31:30.857,23.5731,29.1514,76.8459
2026-07-22T15:31:30.871,23.5783,29.171,77.0221
2026-07-22T15:31:30.871,23.5783,29.0535,76.9046
2026-07-22T15:31:30.886,23.6022,28.8382,76.6305
2026-07-22T15:31:30.901,23.6022,28.6619,76.513
2026-07-22T15:31:30.901,23.6254,28.564,76.3172
2026-07-22T15:31:30.917,23.6335,28.6423,76.4543
2026-07-22T15:31:30.925,23.6356,28.7794,76.6501
2026-07-22T15:31:30.938,23.6568,28.9556,76.9242
2026-07-22T15:31:30.938,23.6599,28.9361,76.9242
2026-07-22T15:31:30.958,23.663,28.799,76.7284
2026-07-22T15:31:30.968,23.674,28.6423,76.3172
2026-07-22T15:31:30.968,23.6878,28.4857,76.0431
2026-07-22T15:31:30.986,23.6921,28.2703,75.9843
2026-07-22T15:31:30.997,23.713,28.2703,76.2584
2026-07-22T15:31:30.997,23.713,28.3095,76.4738
2026-07-22T15:31:31.018,23.7195,28.3291,76.6109
2026-07-22T15:31:31.027,23.7351,28.2899,76.5717
2026-07-22T15:31:31.036,23.7424,28.2507,76.3955
2026-07-22T15:31:31.050,23.7633,28.1332,76.1018
2026-07-22T15:31:31.058,23.7665,28.1137,76.0235
2026-07-22T15:31:31.070,23.7714,28.1528,76.0039
2026-07-22T15:31:31.076,23.7896,28.1332,76.2193
2026-07-22T15:31:31.086,23.7896,28.1724,76.3172
2026-07-22T15:31:31.101,23.8147,28.2507,76.3368
2026-07-22T15:31:31.105,23.8147,28.2311,76.3368
2026-07-22T15:31:31.117,23.8147,28.2703,76.2976
2026-07-22T15:31:31.128,23.839,28.1528,76.1018
2026-07-22T15:31:31.128,23.841,27.9962,75.8277
2026-07-22T15:31:31.153,23.8636,27.8004,75.534
2026-07-22T15:31:31.153,23.8636,27.722,75.3773
2026-07-22T15:31:31.169,23.8636,27.7612,75.4556
2026-07-22T15:31:31.169,23.8789,27.8395,75.534
2026-07-22T15:31:31.186,23.8887,27.8983,75.6123
2026-07-22T15:31:31.197,23.9134,27.8787,75.6906
2026-07-22T15:31:31.212,23.9134,27.82,75.4752
2026-07-22T15:31:31.217,23.9204,27.7416,75.3186
2026-07-22T15:31:31.233,23.9407,27.6437,75.064
2026-07-22T15:31:31.236,23.9426,27.585,75.1032
2026-07-22T15:31:31.248,23.9639,27.5262,75.064
2026-07-22T15:31:31.248,23.9639,27.3892,75.0444
2026-07-22T15:31:31.265,23.9691,27.2521,74.8095
2026-07-22T15:31:31.280,23.988,27.1738,74.7507
2026-07-22T15:31:31.287,23.9934,27.0759,74.7703
2026-07-22T15:31:31.302,24.0175,27.2717,74.8095
2026-07-22T15:31:31.302,24.02,27.35,74.8486
2026-07-22T15:31:31.316,24.02,27.4479,74.9661
2026-07-22T15:31:31.336,24.0442,27.4871,75.1619
2026-07-22T15:31:31.336,24.0442,27.5458,75.5144
2026-07-22T15:31:31.349,24.0442,27.6241,75.5927
2026-07-22T15:31:31.359,24.0678,27.7025,75.5731
2026-07-22T15:31:31.367,24.072,27.6633,75.3577
2026-07-22T15:31:31.378,24.095,27.7612,75.2207
2026-07-22T15:31:31.391,24.095,27.7808,75.0053
2026-07-22T15:31:31.400,24.0994,27.6046,74.8878
2026-07-22T15:31:31.406,24.1153,27.4675,74.7703
2026-07-22T15:31:31.418,24.1153,27.3304,74.7899
2026-07-22T15:31:31.429,24.132,27.1934,74.692
2026-07-22T15:31:31.438,24.1466,26.978,74.4766
2026-07-22T15:31:31.438,24.1498,26.9192,74.2025
2026-07-22T15:31:31.455,24.1672,26.978,74.085
2026-07-22T15:31:31.469,24.1708,27.2521,74.3004
2026-07-22T15:31:31.480,24.1798,27.3892,74.5353
2026-07-22T15:31:31.487,24.1798,27.6241,74.7703
2026-07-22T15:31:31.494,24.1945,27.8787,75.1423
2026-07-22T15:31:31.503,24.2157,28.0941,75.3969
2026-07-22T15:31:31.517,24.2184,28.2116,75.4556
2026-07-22T15:31:31.532,24.2416,28.2311,75.299
2026-07-22T15:31:31.541,24.2416,28.2899,75.3577
2026-07-22T15:31:31.548,24.2632,28.2311,75.4165
2026-07-22T15:31:31.548,24.2667,28.2507,75.6906
2026-07-22T15:31:31.564,24.2707,28.3486,75.8277
2026-07-22T15:31:31.584,24.2923,28.3878,75.8864
2026-07-22T15:31:31.590,24.2923,28.3291,75.8277
2026-07-22T15:31:31.602,24.3174,28.192,75.7102
2026-07-22T15:31:31.608,24.3198,28.1528,75.7102
2026-07-22T15:31:31.615,24.3238,28.3486,75.9843
2026-07-22T15:31:31.626,24.3394,28.6228,76.2584
2026-07-22T15:31:31.640,24.347,28.9752,76.7088
2026-07-22T15:31:31.647,24.3514,29.2102,76.7284
2026-07-22T15:31:31.662,24.3686,29.1319,76.6501
2026-07-22T15:31:31.672,24.3745,28.9361,76.4934
2026-07-22T15:31:31.674,24.3787,28.9361,76.5717
2026-07-22T15:31:31.688,24.3976,28.9361,76.6109
2026-07-22T15:31:31.697,24.3996,28.9165,76.5717
2026-07-22T15:31:31.715,24.4137,28.7207,76.3563
2026-07-22T15:31:31.718,24.4137,28.5444,76.141
2026-07-22T15:31:31.731,24.444,28.5249,76.0626
2026-07-22T15:31:31.736,24.444,28.6228,76.3759
2026-07-22T15:31:31.749,24.444,29.0535,76.7088
2026-07-22T15:31:31.763,24.4655,29.2493,76.6501
2026-07-22T15:31:31.767,24.4722,29.0927,76.1605
2026-07-22T15:31:31.788,24.4926,28.7402,75.5731
2026-07-22T15:31:31.788,24.4926,28.3878,75.3577
2026-07-22T15:31:31.799,24.5016,28.5249,75.534
2026-07-22T15:31:31.812,24.5204,28.799,76.0431
2026-07-22T15:31:31.815,24.5224,28.9948,76.4151
2026-07-22T15:31:31.831,24.5423,29.1123,76.4543
2026-07-22T15:31:31.843,24.5483,29.1319,76.3563
2026-07-22T15:31:31.847,24.5483,28.9165,75.9843
2026-07-22T15:31:31.863,24.5659,28.7402,75.7885
2026-07-22T15:31:31.871,24.5712,28.8186,75.8668
2026-07-22T15:31:31.878,24.5871,28.9948,76.2389
2026-07-22T15:31:31.889,24.5993,29.2493,76.7871
2026-07-22T15:31:31.894,24.6031,29.5235,77.1592
2026-07-22T15:31:31.910,24.6188,29.8564,77.3158
2026-07-22T15:31:31.910,24.6261,29.9738,77.1983
2026-07-22T15:31:31.926,24.632,29.9151,76.8067
2026-07-22T15:31:31.942,24.6502,29.641,76.4151
2026-07-22T15:31:31.949,24.6522,29.3277,76.4543
2026-07-22T15:31:31.957,24.6662,29.3081,76.8654
2026-07-22T15:31:31.957,24.6662,29.4647,77.1787
2026-07-22T15:31:31.978,24.6863,29.5235,77.355
2026-07-22T15:31:31.989,24.7021,29.7193,77.4333
2026-07-22T15:31:31.989,24.7021,30.0522,77.6095
2026-07-22T15:31:32.009,24.7141,30.1892,77.5704
2026-07-22T15:31:32.020,24.7298,30.4634,77.9032
2026-07-22T15:31:32.025,24.7298,30.7766,78.2165
2026-07-22T15:31:32.037,24.7396,30.9137,78.2557
2026-07-22T15:31:32.053,24.7617,30.7571,78.1774
2026-07-22T15:31:32.053,24.7617,30.5221,77.8053
2026-07-22T15:31:32.068,24.7775,30.3655,77.6095
2026-07-22T15:31:32.068,24.788,30.4438,77.6095
2026-07-22T15:31:32.089,24.788,30.5221,77.727
2026-07-22T15:31:32.100,24.809,30.4634,77.5312
2026-07-22T15:31:32.100,24.8143,30.1501,77.3354
2026-07-22T15:31:32.116,24.8249,29.9347,77.3745
2026-07-22T15:31:32.116,24.8249,29.8759,77.5899
2026-07-22T15:31:32.137,24.8431,30.1109,77.9816
2026-07-22T15:31:32.148,24.8564,30.3067,78.3732
2026-07-22T15:31:32.148,24.8564,30.3655,78.4515
2026-07-22T15:31:32.166,24.8706,30.248,78.099
2026-07-22T15:31:32.179,24.8875,30.1109,77.5508
2026-07-22T15:31:32.179,24.8875,29.8172,77.1787
2026-07-22T15:31:32.200,24.9042,29.7584,77.1983
2026-07-22T15:31:32.200,24.9144,29.9151,77.5899
2026-07-22T15:31:32.210,24.9176,30.1305,78.0403
2026-07-22T15:31:32.227,24.9345,30.3263,78.3732
2026-07-22T15:31:32.237,24.9345,30.3067,78.1578
2026-07-22T15:31:32.243,24.9502,29.9543,77.5508
2026-07-22T15:31:32.257,24.9502,29.6801,76.9634
2026-07-22T15:31:32.257,24.982,29.5626,76.9046
2026-07-22T15:31:32.273,24.982,29.5626,77.1004
2026-07-22T15:31:32.289,24.982,29.5626,77.3354
2026-07-22T15:31:32.305,25.0137,29.6018,77.3745
2026-07-22T15:31:32.305,25.0147,29.6214,77.2571
2026-07-22T15:31:32.320,25.0347,29.7584,77.0613
2026-07-22T15:31:32.320,25.0377,29.8368,76.8654
2026-07-22T15:31:32.337,25.0407,29.9347,76.5913
2026-07-22T15:31:32.352,25.063,29.778,76.5326
2026-07-22T15:31:32.360,25.0661,29.778,76.4934
2026-07-22T15:31:32.370,25.0775,29.8564,76.6305
2026-07-22T15:31:32.370,25.0775,29.778,76.6501
2026-07-22T15:31:32.391,25.0922,29.6214,76.3759
2026-07-22T15:31:32.391,25.1118,29.3277,76.0039
2026-07-22T15:31:32.400,25.1148,29.1123,75.6319
2026-07-22T15:31:32.415,25.1148,29.0535,75.8864
2026-07-22T15:31:32.431,25.1398,29.1319,76.2193
2026-07-22T15:31:32.438,25.1398,29.2689,76.3172
2026-07-22T15:31:32.451,25.1636,29.3081,76.3563
2026-07-22T15:31:32.451,25.1636,29.171,76.0626
2026-07-22T15:31:32.463,25.168,29.2102,75.9256
2026-07-22T15:31:32.479,25.1871,29.4256,75.906
2026-07-22T15:31:32.486,25.1871,29.6018,75.9256
2026-07-22T15:31:32.494,25.2148,29.7584,76.0626
2026-07-22T15:31:32.494,25.2199,29.7389,76.0626
2026-07-22T15:31:32.520,25.222,29.5822,75.8864
2026-07-22T15:31:32.526,25.2345,29.2885,75.4556
2026-07-22T15:31:32.542,25.2345,29.2298,75.2402
2026-07-22T15:31:32.545,25.2673,29.171,75.2402
2026-07-22T15:31:32.557,25.2683,29.3473,75.3186
2026-07-22T15:31:32.557,25.2728,29.2689,75.2794
2026-07-22T15:31:32.573,25.2824,29.4256,75.2011
2026-07-22T15:31:32.589,25.2824,29.3081,75.0249
2026-07-22T15:31:32.596,25.3032,29.1906,74.927
2026-07-22T15:31:32.605,25.3149,29.1319,74.9074
2026-07-22T15:31:32.621,25.3149,29.171,74.9857
2026-07-22T15:31:32.626,25.3443,29.171,74.9465
2026-07-22T15:31:32.638,25.3468,29.034,74.7507
2026-07-22T15:31:32.638,25.3468,28.8773,74.4962
2026-07-22T15:31:32.652,25.3686,28.7598,73.9675
2026-07-22T15:31:32.670,25.3686,28.564,73.5955
2026-07-22T15:31:32.670,25.3918,28.5444,73.4192
2026-07-22T15:31:32.684,25.3952,28.5836,73.5759
2026-07-22T15:31:32.702,25.4092,28.6815,73.615
2026-07-22T15:31:32.711,25.415,28.6032,73.5563
2026-07-22T15:31:32.717,25.415,28.7011,73.5171
2026-07-22T15:31:32.732,25.4398,28.7011,73.2822
2026-07-22T15:31:32.738,25.4398,28.6815,73.0668
2026-07-22T15:31:32.749,25.4634,28.564,73.0276
2026-07-22T15:31:32.749,25.4634,28.6032,73.0864
2026-07-22T15:31:32.763,25.4878,28.6032,73.1451
2026-07-22T15:31:32.778,25.4898,28.5444,73.1255
2026-07-22T15:31:32.786,25.4942,28.4661,73.0472
2026-07-22T15:31:32.795,25.5117,28.4857,72.9297
2026-07-22T15:31:32.795,25.5137,28.5836,72.8514
2026-07-22T15:31:32.823,25.5279,28.7794,72.7731
2026-07-22T15:31:32.830,25.5363,28.7598,72.6556
2026-07-22T15:31:32.839,25.5368,28.7402,72.5968
2026-07-22T15:31:32.851,25.5454,28.5444,72.4402
2026-07-22T15:31:32.860,25.562,28.3095,72.2836
2026-07-22T15:31:32.868,25.5812,28.1724,72.1073
2026-07-22T15:31:32.868,25.5812,27.9179,72.0094
2026-07-22T15:31:32.885,25.5812,27.7808,71.8332
2026-07-22T15:31:32.898,25.607,27.7808,71.5982
2026-07-22T15:31:32.904,25.61,27.7416,71.4416
2026-07-22T15:31:32.914,25.628,27.7416,71.3828
2026-07-22T15:31:32.933,25.628,27.6829,71.1283
2026-07-22T15:31:32.938,25.6507,27.5067,70.58
2026-07-22T15:31:32.950,25.6507,27.1934,69.8947
2026-07-22T15:31:32.951,25.6593,26.6843,68.994
2026-07-22T15:31:32.966,25.675,26.0773,68.0737
2026-07-22T15:31:32.973,25.675,25.3136,66.7814
2026-07-22T15:31:32.982,25.6929,24.0409,64.9408
2026-07-22T15:31:32.998,25.707,22.2394,62.0232
2026-07-22T15:31:32.998,25.7129,19.8897,57.1868
2026-07-22T15:31:33.016,25.7228,16.6981,49.9027
2026-07-22T15:31:33.016,25.7385,12.9582,40.6998
2026-07-22T15:31:33.038,25.7543,9.8057,31.5164
2026-07-22T15:31:33.046,25.7543,7.2406,23.7428
2026-07-22T15:31:33.061,25.7724,5.1846,17.7316
2026-07-22T15:31:33.061,25.7861,3.3048,13.1692
2026-07-22T15:31:33.077,25.7861,1.6601,9.7034
2026-07-22T15:31:33.095,25.802,0.2894,6.8642
2026-07-22T15:31:33.097,25.8117,-0.768,4.6908
2026-07-22T15:31:33.109,25.8337,-1.512,3.1243
2026-07-22T15:31:33.125,25.8337,-2.0407,1.832
2026-07-22T15:31:33.134,25.8457,-2.354,1.1662
2026-07-22T15:31:33.141,25.8672,-2.3736,0.5984
2026-07-22T15:31:33.157,25.8752,-2.2757,0.3438
2026-07-22T15:31:33.157,25.8813,-1.6295,0.4026
2026-07-22T15:31:33.168,25.884,-1.1987,0.1872
2026-07-22T15:31:33.172,25.8971,-0.8267,-0.0086
2026-07-22T15:31:33.190,25.913,-0.4351,-0.2044
2026-07-22T15:31:33.204,25.915,-0.1414,-0.1848
2026-07-22T15:31:33.209,25.918,0.0349,-0.2632
2026-07-22T15:31:33.220,25.9297,0.2111,-0.2632
2026-07-22T15:31:33.220,25.9297,0.3286,-0.1848
2026-07-22T15:31:33.241,25.9477,0.5244,-0.1848
2026-07-22T15:31:33.241,25.9674,0.5635,-0.0282
2026-07-22T15:31:33.252,25.9674,0.6614,-0.0282
2026-07-22T15:31:33.271,25.9759,0.6419,-0.0086
2026-07-22T15:31:33.283,25.9965,0.681,-0.0478
2026-07-22T15:31:33.290,25.9965,0.681,-0.0282
2026-07-22T15:31:33.300,25.9965,0.7202,0.011
2026-07-22T15:31:33.314,26.0151,0.7593,-0.0086
2026-07-22T15:31:33.319,26.0229,0.7202,-0.0282
2026-07-22T15:31:33.332,26.045,0.7398,0.0305
2026-07-22T15:31:33.338,26.045,0.8181,0.1089
2026-07-22T15:31:33.346,26.045,0.7789,0.0697
2026-07-22T15:31:33.361,26.0714,0.7789,0.0893
2026-07-22T15:31:33.368,26.0714,0.7789,0.1089
2026-07-22T15:31:33.382,26.086,0.7985,0.1089
2026-07-22T15:31:33.382,26.086,0.7593,0.1089
2026-07-22T15:31:33.404,26.1034,0.8181,0.1089
2026-07-22T15:31:33.409,26.1152,0.7593,0.0893
2026-07-22T15:31:33.420,26.1179,0.7789,0.0501
2026-07-22T15:31:33.426,26.1336,0.8181,0.0893
2026-07-22T15:31:33.438,26.1336,0.7789,0.0893
2026-07-22T15:31:33.441,26.1496,0.7593,0.0893
2026-07-22T15:31:33.456,26.1496,0.7593,0.0893
2026-07-22T15:31:33.472,26.1717,0.7398,0.0501
2026-07-22T15:31:33.472,26.1717,0.7789,0.148
2026-07-22T15:31:33.494,26.1818,0.7789,0.0305
2026-07-22T15:31:33.494,26.1818,0.7593,0.0501
2026-07-22T15:31:33.505,26.2128,0.8181,0.0501
2026-07-22T15:31:33.505,26.2154,0.8377,0.1089
2026-07-22T15:31:33.520,26.2322,0.7593,0.0501
2026-07-22T15:31:33.538,26.2453,0.8181,0.1089
2026-07-22T15:31:33.551,26.2453,0.7398,0.1284
2026-07-22T15:31:33.559,26.2601,0.8181,0.011
2026-07-22T15:31:33.568,26.2721,0.7789,0.0501
2026-07-22T15:31:33.583,26.2803,0.7985,0.0501
2026-07-22T15:31:33.583,26.2803,0.7985,0.0893
2026-07-22T15:31:33.595,26.2918,0.7789,0.0501
2026-07-22T15:31:33.603,26.3094,0.7593,0.0501
2026-07-22T15:31:33.616,26.323,0.7985,0.0697
2026-07-22T15:31:33.630,26.323,0.7398,0.011
2026-07-22T15:31:33.638,26.3388,0.7985,0.1284
2026-07-22T15:31:33.646,26.3388,0.7985,0.0893
2026-07-22T15:31:33.646,26.3546,0.7398,-0.0086
2026-07-22T15:31:33.662,26.3546,0.7593,0.1089
2026-07-22T15:31:33.677,26.3725,0.7789,0.0893
2026-07-22T15:31:33.677,26.3725,0.7593,0.0697
2026-07-22T15:31:33.695,26.3906,0.7593,0.0305
2026-07-22T15:31:33.713,26.4157,0.7006,0.0305
2026-07-22T15:31:33.713,26.4157,0.7985,0.0501
2026-07-22T15:31:33.728,26.4358,0.7398,0.0697
2026-07-22T15:31:33.738,26.4358,0.7985,0.1089
2026-07-22T15:31:33.749,26.4532,0.7789,0.0501
2026-07-22T15:31:33.759,26.4532,0.7985,0.0501
2026-07-22T15:31:33.773,26.4658,0.7789,-0.0086
2026-07-22T15:31:33.776,26.4728,0.7398,0.0893
2026-07-22T15:31:33.789,26.4815,0.7202,0.0305
2026-07-22T15:31:33.804,26.5092,0.7985,0.1284
2026-07-22T15:31:33.804,26.5104,0.7593,0.0697
2026-07-22T15:31:33.822,26.5258,0.7593,0.0893
2026-07-22T15:31:33.830,26.5258,0.7593,0.1284
2026-07-22T15:31:33.841,26.5412,0.7593,0.0893
2026-07-22T15:31:33.849,26.5412,0.7398,0.0305
2026-07-22T15:31:33.864,26.5641,0.7202,0.0697
2026-07-22T15:31:33.864,26.5641,0.7985,0.0501
2026-07-22T15:31:33.881,26.5818,0.7789,0.0893
2026-07-22T15:31:33.887,26.5818,0.7398,0.0697
2026-07-22T15:31:33.896,26.5894,0.8181,0.0501
2026-07-22T15:31:33.905,26.6179,0.7593,0.0697
2026-07-22T15:31:33.912,26.6189,0.7985,0.0697
2026-07-22T15:31:33.931,26.636,0.7398,0.0305
2026-07-22T15:31:33.942,26.638,0.7398,0.0893
2026-07-22T15:31:33.957,26.6554,0.7593,0.0501
2026-07-22T15:31:33.959,26.6554,0.7985,0.1872
2026-07-22T15:31:33.967,26.6738,0.7593,0.0697
2026-07-22T15:31:33.978,26.6738,0.7202,0.0697
2026-07-22T15:31:33.986,26.6924,0.7789,0.0893
2026-07-22T15:31:33.997,26.6965,0.7593,0.0893
2026-07-22T15:31:34.012,26.7124,0.7006,0.1284
2026-07-22T15:31:34.019,26.7124,0.7985,0.1089
2026-07-22T15:31:34.028,26.7267,0.7398,0.1284
2026-07-22T15:31:34.042,26.7427,0.7398,0.148
2026-07-22T15:31:34.049,26.7427,0.7593,0.0893
2026-07-22T15:31:34.060,26.766,0.7789,0.0893
2026-07-22T15:31:34.066,26.766,0.7398,0.1676
2026-07-22T15:31:34.081,26.7744,0.8181,0.1284
2026-07-22T15:31:34.089,26.7852,0.7593,0.0893
2026-07-22T15:31:34.097,26.7902,0.7202,0.148
2026-07-22T15:31:34.108,26.7902,0.7593,0.1284
2026-07-22T15:31:34.113,26.8158,0.7593,0.0893
2026-07-22T15:31:34.129,26.8259,0.7398,0.0697
2026-07-22T15:31:34.139,26.8372,0.8377,0.1089
2026-07-22T15:31:34.149,26.8549,0.7398,0.0305
2026-07-22T15:31:34.149,26.8549,0.7593,0.1089
2026-07-22T15:31:34.176,26.8685,0.7398,0.0893
2026-07-22T15:31:34.178,26.8748,0.7006,0.0893
2026-07-22T15:31:34.191,26.8846,0.7593,0.1089
2026-07-22T15:31:34.198,26.9003,0.7202,0.1284
2026-07-22T15:31:34.207,26.9003,0.7985,0.0893
2026-07-22T15:31:34.223,26.9315,0.7593,0.0697
2026-07-22T15:31:34.223,26.9315,0.7202,0.1284
2026-07-22T15:31:34.243,26.948,0.7593,0.0893
2026-07-22T15:31:34.243,26.948,0.7593,0.0893
2026-07-22T15:31:34.254,26.9638,0.7398,0.1089
2026-07-22T15:31:34.271,26.9638,0.8572,0.1676
2026-07-22T15:31:34.280,26.9794,0.7789,0.1284
2026-07-22T15:31:34.287,26.9794,0.7593,0.0893
2026-07-22T15:31:34.302,26.9957,0.7593,0.148
2026-07-22T15:31:34.302,26.9957,0.7985,0.1089
2026-07-22T15:31:34.318,27.0272,0.7593,0.1284
2026-07-22T15:31:34.318,27.0272,0.7398,0.0697
2026-07-22T15:31:34.339,27.0419,0.7202,0.1284
2026-07-22T15:31:34.350,27.0419,0.6419,0.1284
2026-07-22T15:31:34.365,27.0576,0.7593,0.1284
2026-07-22T15:31:34.371,27.0576,0.7398,0.1284
2026-07-22T15:31:34.380,27.0754,0.7593,0.148
2026-07-22T15:31:34.380,27.0912,0.7789,0.0697
2026-07-22T15:31:34.398,27.0912,0.7202,0.0501
2026-07-22T15:31:34.398,27.105,0.7985,0.1089
2026-07-22T15:31:34.414,27.1216,0.7398,0.1089
2026-07-22T15:31:34.428,27.1216,0.7593,0.148
2026-07-22T15:31:34.439,27.1419,0.7202,0.148
2026-07-22T15:31:34.459,27.152,0.7202,0.0697
2026-07-22T15:31:34.459,27.152,0.7202,0.148
2026-07-22T15:31:34.475,27.1758,0.7202,0.0893
2026-07-22T15:31:34.475,27.1758,0.8377,0.148
2026-07-22T15:31:34.490,27.2,0.7398,0.1284
2026-07-22T15:31:34.499,27.2,0.7398,0.148
2026-07-22T15:31:34.510,27.2161,0.7398,0.1872
2026-07-22T15:31:34.510,27.2161,0.7593,0.1676
2026-07-22T15:31:34.539,27.2302,0.7789,0.1284
2026-07-22T15:31:34.539,27.2302,0.7202,0.1676
2026-07-22T15:31:34.553,27.246,0.7398,0.148
2026-07-22T15:31:34.553,27.246,0.7398,0.148
2026-07-22T15:31:34.569,27.2776,0.7593,0.1284
2026-07-22T15:31:34.569,27.2776,0.7202,0.148
2026-07-22T15:31:34.591,27.2934,0.7398,0.148
2026-07-22T15:31:34.600,27.3014,0.7593,0.1284
2026-07-22T15:31:34.600,27.3193,0.7593,0.148
2026-07-22T15:31:34.616,27.321,0.7398,0.1676
2026-07-22T15:31:34.640,27.3276,0.7398,0.1089
2026-07-22T15:31:34.641,27.3406,0.7593,0.1872
2026-07-22T15:31:34.650,27.3601,0.7006,0.0893
2026-07-22T15:31:34.650,27.3601,0.7006,0.2264
2026-07-22T15:31:34.670,27.3765,0.7398,0.1284
2026-07-22T15:31:34.679,27.3765,0.7202,0.1676
2026-07-22T15:31:34.690,27.3887,0.7985,0.1284
2026-07-22T15:31:34.699,27.3887,0.7006,0.148
2026-07-22T15:31:34.711,27.4185,0.7398,0.2068
2026-07-22T15:31:34.711,27.4185,0.7202,0.1089
2026-07-22T15:31:34.739,27.4379,0.7202,0.1284
2026-07-22T15:31:34.739,27.4379,0.7202,0.2068
2026-07-22T15:31:34.750,27.4515,0.7593,0.1284
2026-07-22T15:31:34.761,27.4515,0.7398,0.1872
2026-07-22T15:31:34.766,27.4679,0.7593,0.1872
2026-07-22T15:31:34.774,27.4832,0.7202,0.1872
2026-07-22T15:31:34.791,27.4832,0.7398,0.1284
2026-07-22T15:31:34.802,27.5106,0.7202,0.1284
2026-07-22T15:31:34.806,27.5106,0.681,0.148
2026-07-22T15:31:34.822,27.531,0.7202,0.1872
2026-07-22T15:31:34.824,27.5325,0.7202,0.2459
2026-07-22T15:31:34.841,27.551,0.7398,0.1872
2026-07-22T15:31:34.841,27.551,0.7398,0.1872
2026-07-22T15:31:34.855,27.5631,0.7202,0.1676
2026-07-22T15:31:34.871,27.5631,0.7593,0.148
2026-07-22T15:31:34.879,27.5802,0.6419,0.148
2026-07-22T15:31:34.886,27.5802,0.7398,0.2068
2026-07-22T15:31:34.903,27.6074,0.7398,0.148
2026-07-22T15:31:34.903,27.6074,0.7593,0.3047
2026-07-22T15:31:34.917,27.628,0.7398,0.1676
2026-07-22T15:31:34.917,27.629,0.7398,0.1676
2026-07-22T15:31:34.940,27.6425,0.7006,0.1089
2026-07-22T15:31:34.949,27.6425,0.7202,0.148
2026-07-22T15:31:34.965,27.6704,0.6419,0.1284
2026-07-22T15:31:34.965,27.6704,0.7398,0.148
2026-07-22T15:31:34.981,27.6894,0.7006,0.2459
2026-07-22T15:31:34.981,27.6894,0.7398,0.1872
2026-07-22T15:31:35.000,27.7082,0.7202,0.1872
2026-07-22T15:31:35.000,27.7082,0.7985,0.1089
2026-07-22T15:31:35.019,27.7255,0.7593,0.1872
2026-07-22T15:31:35.031,27.7255,0.7006,0.1284
2026-07-22T15:31:35.039,27.7465,0.7006,0.1676
2026-07-22T15:31:35.048,27.7475,0.7789,0.1872
2026-07-22T15:31:35.056,27.7663,0.681,0.2068
2026-07-22T15:31:35.071,27.7693,0.7593,0.1676
2026-07-22T15:31:35.087,27.7855,0.7789,0.148
2026-07-22T15:31:35.092,27.7855,0.7006,0.148
2026-07-22T15:31:35.101,27.793,0.7398,0.148
2026-07-22T15:31:35.108,27.807,0.7398,0.1872
2026-07-22T15:31:35.116,27.8267,0.6614,0.2068
2026-07-22T15:31:35.130,27.8267,0.7593,0.2264
2026-07-22T15:31:35.145,27.8426,0.7398,0.148
2026-07-22T15:31:35.149,27.8426,0.7006,0.1872
2026-07-22T15:31:35.165,27.8656,0.7789,0.1872
2026-07-22T15:31:35.165,27.8656,0.7789,0.148
2026-07-22T15:31:35.181,27.8782,0.7006,0.2068
2026-07-22T15:31:35.188,27.8782,0.7006,0.1872
2026-07-22T15:31:35.201,27.905,0.7006,0.1676
2026-07-22T15:31:35.212,27.905,0.7593,0.1089
2026-07-22T15:31:35.217,27.9207,0.7202,0.1676
2026-07-22T15:31:35.228,27.9207,0.7985,0.148
2026-07-22T15:31:35.243,27.9444,0.681,0.148
2026-07-22T15:31:35.243,27.9444,0.7006,0.2264
2026-07-22T15:31:35.259,27.9536,0.6614,0.1676
2026-07-22T15:31:35.275,27.9785,0.681,0.1872
2026-07-22T15:31:35.276,27.9848,0.681,0.2264
2026-07-22T15:31:35.276,27.9848,0.7006,0.3047
2026-07-22T15:31:35.301,28.0005,0.7202,0.1284
2026-07-22T15:31:35.308,28.0005,0.7789,0.148
2026-07-22T15:31:35.323,28.0171,0.7398,0.2068
2026-07-22T15:31:35.323,28.0171,0.7398,0.1284
2026-07-22T15:31:35.340,28.0413,0.7202,0.1676
2026-07-22T15:31:35.354,28.0473,0.7006,0.1676
2026-07-22T15:31:35.354,28.0473,0.7398,0.2851
2026-07-22T15:31:35.370,28.0789,0.7398,0.148
2026-07-22T15:31:35.370,28.0789,0.7398,0.3047
2026-07-22T15:31:35.390,28.0945,0.7006,0.1872
2026-07-22T15:31:35.390,28.0945,0.7398,0.2459
2026-07-22T15:31:35.402,28.1102,0.7593,0.1872
2026-07-22T15:31:35.417,28.1173,0.6614,0.1676
2026-07-22T15:31:35.433,28.126,0.7593,0.1872
2026-07-22T15:31:35.440,28.1373,0.6614,0.1284
2026-07-22T15:31:35.449,28.1447,0.7398,0.2068
2026-07-22T15:31:35.460,28.1447,0.7202,0.1872
2026-07-22T15:31:35.467,28.173,0.7789,0.1872
2026-07-22T15:31:35.480,28.1886,0.7006,0.1676
2026-07-22T15:31:35.480,28.1957,0.7593,0.1676
2026-07-22T15:31:35.502,28.2043,0.7006,0.1284
2026-07-22T15:31:35.511,28.2043,0.7202,0.148
2026-07-22T15:31:35.524,28.2208,0.8181,0.1872
2026-07-22T15:31:35.527,28.2208,0.7398,0.1872
2026-07-22T15:31:35.539,28.2398,0.681,0.1676
2026-07-22T15:31:35.544,28.2516,0.7202,0.2068
2026-07-22T15:31:35.559,28.267,0.6614,0.1872
2026-07-22T15:31:35.563,28.2714,0.7202,0.148
2026-07-22T15:31:35.590,28.2837,0.7202,0.148
2026-07-22T15:31:35.590,28.2837,0.7202,0.1676
2026-07-22T15:31:35.602,28.2992,0.7789,0.148
2026-07-22T15:31:35.606,28.2992,0.7202,0.2851
2026-07-22T15:31:35.622,28.3305,0.6614,0.1872
2026-07-22T15:31:35.622,28.3305,0.7202,0.1676
2026-07-22T15:31:35.642,28.3516,0.7398,0.1284
2026-07-22T15:31:35.642,28.3516,0.7398,0.1872
2026-07-22T15:31:35.661,28.3619,0.6419,0.148
2026-07-22T15:31:35.670,28.3619,0.7202,0.1676
2026-07-22T15:31:35.681,28.3932,0.681,0.2655
2026-07-22T15:31:35.685,28.3932,0.7398,0.1676
2026-07-22T15:31:35.702,28.4145,0.7789,0.1676
2026-07-22T15:31:35.716,28.4145,0.7202,0.1284
2026-07-22T15:31:35.716,28.4145,0.7398,0.2068
2026-07-22T15:31:35.733,28.436,0.7593,0.1676
2026-07-22T15:31:35.737,28.436,0.681,0.1676
2026-07-22T15:31:35.748,28.4562,0.7202,0.2459
2026-07-22T15:31:35.759,28.4562,0.6614,0.2068
2026-07-22T15:31:35.765,28.4719,0.7006,0.1676
2026-07-22T15:31:35.779,28.4801,0.681,0.148
2026-07-22T15:31:35.795,28.4885,0.7202,0.2068
2026-07-22T15:31:35.803,28.4885,0.7006,0.148
2026-07-22T15:31:35.808,28.5196,0.7202,0.2655
2026-07-22T15:31:35.811,28.522,0.681,0.2068
2026-07-22T15:31:35.829,28.5357,0.7593,0.2264
2026-07-22T15:31:35.841,28.5357,0.7202,0.1089
2026-07-22T15:31:35.848,28.5522,0.7593,0.1872
2026-07-22T15:31:35.858,28.5522,0.7398,0.1676
2026-07-22T15:31:35.858,28.5674,0.7006,0.1676
2026-07-22T15:31:35.875,28.5865,0.7006,0.2655
2026-07-22T15:31:35.890,28.5865,0.7006,0.1676
2026-07-22T15:31:35.906,28.5983,0.7006,0.1676
2026-07-22T15:31:35.909,28.5983,0.7202,0.1872
2026-07-22T15:31:35.918,28.6298,0.7202,0.1872
2026-07-22T15:31:35.921,28.6298,0.7398,0.2655
2026-07-22T15:31:35.941,28.6455,0.7006,0.2068
2026-07-22T15:31:35.953,28.6455,0.7202,0.2068
2026-07-22T15:31:35.953,28.6612,0.6614,0.1872
2026-07-22T15:31:35.968,28.6612,0.7398,0.1872
2026-07-22T15:31:35.980,28.6811,0.7006,0.1676
2026-07-22T15:31:35.984,28.6811,0.7593,0.1872
2026-07-22T15:31:36.004,28.696,0.681,0.2068
2026-07-22T15:31:36.004,28.7089,0.7006,0.2068
2026-07-22T15:31:36.019,28.7278,0.7202,0.2068
2026-07-22T15:31:36.032,28.7278,0.681,0.1676
2026-07-22T15:31:36.047,28.7476,0.7398,0.1676
2026-07-22T15:31:36.051,28.7486,0.681,0.1284
2026-07-22T15:31:36.067,28.7659,0.6614,0.148
2026-07-22T15:31:36.071,28.767,0.7593,0.1872
2026-07-22T15:31:36.087,28.7814,0.681,0.1676
2026-07-22T15:31:36.091,28.7814,0.7593,0.3047
2026-07-22T15:31:36.104,28.7904,0.7202,0.2655
2026-07-22T15:31:36.113,28.8184,0.7398,0.1676
2026-07-22T15:31:36.113,28.8184,0.6614,0.1676
2026-07-22T15:31:36.129,28.8377,0.7202,0.1676
2026-07-22T15:31:36.141,28.8377,0.681,0.2068
2026-07-22T15:31:36.148,28.8575,0.7398,0.2068
2026-07-22T15:31:36.160,28.8592,0.681,0.1872
2026-07-22T15:31:36.166,28.8761,0.7202,0.1872
2026-07-22T15:31:36.183,28.8761,0.681,0.148
2026-07-22T15:31:36.198,28.8909,0.7398,0.1872
2026-07-22T15:31:36.199,28.8909,0.7789,0.148
2026-07-22T15:31:36.214,28.9152,0.6614,0.2068
2026-07-22T15:31:36.214,28.9226,0.7202,0.1872
2026-07-22T15:31:36.230,28.9226,0.7398,0.2068
2026-07-22T15:31:36.238,28.9226,0.7202,0.1872
2026-07-22T15:31:36.245,28.9386,0.7593,0.1676
2026-07-22T15:31:36.245,28.9703,0.6419,0.1872
2026-07-22T15:31:36.261,28.9713,0.7202,0.148
2026-07-22T15:31:36.282,28.99,0.7006,0.1676
2026-07-22T15:31:36.293,28.99,0.7006,0.3047
2026-07-22T15:31:36.301,29.0072,0.681,0.2068
2026-07-22T15:31:36.313,29.0072,0.7398,0.1676
2026-07-22T15:31:36.313,29.0219,0.7593,0.1676
2026-07-22T15:31:36.330,29.0219,0.7398,0.1872
2026-07-22T15:31:36.342,29.037,0.7006,0.2068
2026-07-22T15:31:36.345,29.037,0.7398,0.2068
2026-07-22T15:31:36.360,29.0545,0.7202,0.1676
2026-07-22T15:31:36.360,29.0692,0.7202,0.2264
2026-07-22T15:31:36.377,29.0843,0.7006,0.1676
2026-07-22T15:31:36.377,29.0843,0.6614,0.1676
2026-07-22T15:31:36.407,29.1001,0.6614,0.1872
2026-07-22T15:31:36.407,29.1001,0.681,0.1872
2026-07-22T15:31:36.418,29.1189,0.681,0.1872
2026-07-22T15:31:36.432,29.1189,0.681,0.2264
2026-07-22T15:31:36.442,29.1334,0.6223,0.1872
2026-07-22T15:31:36.442,29.1642,0.7398,0.1676
2026-07-22T15:31:36.456,29.166,0.7202,0.2068
2026-07-22T15:31:36.475,29.1824,0.7985,0.2264
2026-07-22T15:31:36.477,29.1824,0.7006,0.1676
2026-07-22T15:31:36.495,29.1949,0.7202,0.2655
2026-07-22T15:31:36.505,29.1949,0.681,0.2068
2026-07-22T15:31:36.505,29.1949,0.6614,0.1676
2026-07-22T15:31:36.518,29.2191,0.7006,0.2068
2026-07-22T15:31:36.518,29.2263,0.6614,0.1872
2026-07-22T15:31:36.542,29.243,0.6614,0.148
2026-07-22T15:31:36.549,29.243,0.7202,0.1872
2026-07-22T15:31:36.554,29.2576,0.7202,0.2264
2026-07-22T15:31:36.566,29.2735,0.7006,0.1872
2026-07-22T15:31:36.580,29.2827,0.7006,0.1676
2026-07-22T15:31:36.596,29.2946,0.7593,0.1872
2026-07-22T15:31:36.596,29.2946,0.681,0.1676
2026-07-22T15:31:36.614,29.3213,0.7202,0.1676
2026-07-22T15:31:36.617,29.3223,0.7202,0.2068
2026-07-22T15:31:36.633,29.3405,0.7202,0.2459
2026-07-22T15:31:36.642,29.3405,0.7985,0.2068
2026-07-22T15:31:36.652,29.3524,0.7006,0.1676
2026-07-22T15:31:36.659,29.3524,0.681,0.1676
2026-07-22T15:31:36.671,29.3698,0.7006,0.148
2026-07-22T15:31:36.675,29.3698,0.7202,0.1872
2026-07-22T15:31:36.693,29.3988,0.7202,0.2851
2026-07-22T15:31:36.693,29.4034,0.7006,0.2068
2026-07-22T15:31:36.710,29.4191,0.7398,0.2068
2026-07-22T15:31:36.722,29.4191,0.7006,0.1676
2026-07-22T15:31:36.726,29.4335,0.681,0.2459
2026-07-22T15:31:36.742,29.4462,0.7006,0.2068
2026-07-22T15:31:36.742,29.4462,0.7398,0.1872
2026-07-22T15:31:36.756,29.4618,0.6614,0.2459
2026-07-22T15:31:36.769,29.4618,0.681,0.2068
2026-07-22T15:31:36.785,29.4876,0.6419,0.2068
2026-07-22T15:31:36.785,29.4876,0.7398,0.148
2026-07-22T15:31:36.800,29.4935,0.7006,0.1872
2026-07-22T15:31:36.810,29.5101,0.7398,0.2068
2026-07-22T15:31:36.816,29.5263,0.7398,0.148
2026-07-22T15:31:36.833,29.5263,0.681,0.2851
2026-07-22T15:31:36.838,29.5424,0.681,0.2655
2026-07-22T15:31:36.849,29.5424,0.7006,0.2264
2026-07-22T15:31:36.865,29.567,0.7202,0.2068
2026-07-22T15:31:36.865,29.567,0.7006,0.1676
2026-07-22T15:31:36.880,29.587,0.6614,0.1676
2026-07-22T15:31:36.890,29.5885,0.7202,0.1676
2026-07-22T15:31:36.907,29.6052,0.7202,0.1872
2026-07-22T15:31:36.910,29.6052,0.681,0.2655
2026-07-22T15:31:36.928,29.6194,0.7006,0.1676
2026-07-22T15:31:36.928,29.6291,0.7202,0.2459
2026-07-22T15:31:36.942,29.637,0.681,0.2459
2026-07-22T15:31:36.952,29.637,0.681,0.2264
2026-07-22T15:31:36.960,29.6679,0.681,0.2068
2026-07-22T15:31:36.960,29.6679,0.7202,0.2655
2026-07-22T15:31:36.990,29.6885,0.7398,0.1872
2026-07-22T15:31:36.991,29.6885,0.7593,0.1872
2026-07-22T15:31:37.007,29.6988,0.6419,0.2264
2026-07-22T15:31:37.011,29.6988,0.7202,0.2264
2026-07-22T15:31:37.022,29.7297,0.7006,0.1676
2026-07-22T15:31:37.034,29.7297,0.7006,0.2068
2026-07-22T15:31:37.042,29.7454,0.7398,0.2264
2026-07-22T15:31:37.042,29.7454,0.7593,0.2264
2026-07-22T15:31:37.068,29.7675,0.7006,0.2264
2026-07-22T15:31:37.068,29.7675,0.6419,0.1872
2026-07-22T15:31:37.085,29.7886,0.7398,0.1676
2026-07-22T15:31:37.090,29.7886,0.681,0.2068
2026-07-22T15:31:37.107,29.8089,0.7006,0.1676
2026-07-22T15:31:37.111,29.8089,0.681,0.2264
2026-07-22T15:31:37.116,29.8246,0.7006,0.2264
2026-07-22T15:31:37.132,29.8246,0.7593,0.1872
2026-07-22T15:31:37.140,29.8402,0.6614,0.1872
2026-07-22T15:31:37.147,29.8493,0.7985,0.1676
2026-07-22T15:31:37.160,29.8578,0.7398,0.1872
2026-07-22T15:31:37.172,29.8732,0.7006,0.2068
2026-07-22T15:31:37.181,29.8927,0.7006,0.1872
2026-07-22T15:31:37.181,29.8927,0.7398,0.1872
2026-07-22T15:31:37.205,29.9094,0.7593,0.2068
2026-07-22T15:31:37.213,29.9094,0.7593,0.1872
2026-07-22T15:31:37.215,29.9275,0.681,0.2068
2026-07-22T15:31:37.232,29.9275,0.7006,0.2068
2026-07-22T15:31:37.232,29.9564,0.7593,0.2068
2026-07-22T15:31:37.250,29.9564,0.7006,0.3438
2026-07-22T15:31:37.262,29.9564,0.7202,0.1872
2026-07-22T15:31:37.262,29.9716,0.681,0.2264
2026-07-22T15:31:37.279,29.9716,0.7202,0.148
2026-07-22T15:31:37.279,30.0016,0.7006,0.3047
2026-07-22T15:31:37.294,30.0026,0.7006,0.1872
2026-07-22T15:31:37.321,30.0201,0.7202,0.1676
2026-07-22T15:31:37.324,30.0201,0.681,0.2459
2026-07-22T15:31:37.332,30.0241,0.7789,0.2068
2026-07-22T15:31:37.332,30.0406,0.7006,0.1676
2026-07-22T15:31:37.347,30.0599,0.7006,0.1284
2026-07-22T15:31:37.347,30.0599,0.7006,0.1872
2026-07-22T15:31:37.379,30.0757,0.7202,0.2264
2026-07-22T15:31:37.381,30.0818,0.7202,0.1676
2026-07-22T15:31:37.387,30.0879,0.7593,0.2264
2026-07-22T15:31:37.405,30.106,0.7006,0.1872
2026-07-22T15:31:37.411,30.1202,0.7398,0.1872
2026-07-22T15:31:37.411,30.1202,0.7006,0.1089
2026-07-22T15:31:37.431,30.125,0.681,0.1872
2026-07-22T15:31:37.443,30.1418,0.7006,0.1676
2026-07-22T15:31:37.448,30.1621,0.7006,0.2264
2026-07-22T15:31:37.465,30.1621,0.7398,0.3047
2026-07-22T15:31:37.465,30.1722,0.681,0.2264
2026-07-22T15:31:37.479,30.1722,0.7593,0.1676
2026-07-22T15:31:37.495,30.1886,0.681,0.2068
2026-07-22T15:31:37.495,30.1886,0.7006,0.2264
2026-07-22T15:31:37.511,30.2203,0.681,0.148
2026-07-22T15:31:37.511,30.2203,0.7006,0.2264
2026-07-22T15:31:37.530,30.236,0.7202,0.2264
2026-07-22T15:31:37.530,30.236,0.7593,0.2459
2026-07-22T15:31:37.559,30.2536,0.7006,0.2068
2026-07-22T15:31:37.559,30.2536,0.6027,0.1872
2026-07-22T15:31:37.559,30.2697,0.7202,0.1872
2026-07-22T15:31:37.576,30.2697,0.681,0.1676
2026-07-22T15:31:37.593,30.2988,0.7006,0.2068
2026-07-22T15:31:37.593,30.2988,0.7006,0.2068
2026-07-22T15:31:37.609,30.3207,0.7006,0.2655
2026-07-22T15:31:37.622,30.3224,0.7593,0.2068
2026-07-22T15:31:37.632,30.3309,0.6614,0.2264
2026-07-22T15:31:37.645,30.3309,0.7398,0.2068
2026-07-22T15:31:37.654,30.3622,0.7006,0.2068
2026-07-22T15:31:37.654,30.3622,0.7006,0.2264
2026-07-22T15:31:37.668,30.3774,0.7202,0.2459
2026-07-22T15:31:37.683,30.3774,0.7006,0.1676
2026-07-22T15:31:37.685,30.3944,0.7202,0.2068
2026-07-22T15:31:37.700,30.3944,0.7398,0.2264
2026-07-22T15:31:37.709,30.4243,0.7006,0.1872
2026-07-22T15:31:37.717,30.4243,0.7593,0.1872
2026-07-22T15:31:37.731,30.44,0.681,0.2851
2026-07-22T15:31:37.744,30.44,0.7398,0.1872
2026-07-22T15:31:37.747,30.44,0.7006,0.1872
2026-07-22T15:31:37.763,30.4588,0.7006,0.148
2026-07-22T15:31:37.763,30.4588,0.7398,0.2068
2026-07-22T15:31:37.782,30.4876,0.7202,0.1872
2026-07-22T15:31:37.782,30.4876,0.7593,0.2068
2026-07-22T15:31:37.806,30.5107,0.7202,0.2068
2026-07-22T15:31:37.810,30.5107,0.7202,0.2264
2026-07-22T15:31:37.829,30.5208,0.7202,0.2068
2026-07-22T15:31:37.832,30.5208,0.7202,0.1872
2026-07-22T15:31:37.842,30.5506,0.681,0.1872
2026-07-22T15:31:37.844,30.5522,0.7398,0.2459
2026-07-22T15:31:37.858,30.5673,0.7593,0.2264
2026-07-22T15:31:37.873,30.5673,0.7398,0.2655
2026-07-22T15:31:37.875,30.5869,0.7006,0.2264
2026-07-22T15:31:37.890,30.5869,0.6614,0.2655
2026-07-22T15:31:37.905,30.5984,0.7398,0.148
2026-07-22T15:31:37.910,30.6135,0.6614,0.2851
2026-07-22T15:31:37.921,30.6302,0.7202,0.2264
2026-07-22T15:31:37.921,30.6302,0.7789,0.2459
2026-07-22T15:31:37.944,30.6465,0.7593,0.1676
2026-07-22T15:31:37.953,30.6465,0.7398,0.2459
2026-07-22T15:31:37.953,30.6612,0.7593,0.1872
2026-07-22T15:31:37.969,30.6612,0.6419,0.1676
2026-07-22T15:31:37.984,30.6931,0.7202,0.1872
2026-07-22T15:31:37.984,30.6931,0.6419,0.2851
2026-07-22T15:31:38.000,30.6931,0.7202,0.2264
2026-07-22T15:31:38.010,30.7094,0.7006,0.1872
2026-07-22T15:31:38.016,30.7094,0.681,0.2068
2026-07-22T15:31:38.032,30.7255,0.7006,0.2264
2026-07-22T15:31:38.032,30.7403,0.7202,0.1676
2026-07-22T15:31:38.048,30.7559,0.7789,0.2264
2026-07-22T15:31:38.048,30.7559,0.7202,0.148
2026-07-22T15:31:38.063,30.7729,0.7006,0.2459
2026-07-22T15:31:38.079,30.7729,0.7202,0.2068
2026-07-22T15:31:38.096,30.7887,0.6614,0.2068
2026-07-22T15:31:38.096,30.7887,0.7789,0.1676
2026-07-22T15:31:38.111,30.8045,0.6419,0.1872
2026-07-22T15:31:38.111,30.8193,0.7202,0.2264
2026-07-22T15:31:38.127,30.8365,0.7006,0.2068
2026-07-22T15:31:38.142,30.8365,0.7202,0.3243
2026-07-22T15:31:38.144,30.858,0.6614,0.2264
2026-07-22T15:31:38.159,30.858,0.7202,0.2459
2026-07-22T15:31:38.174,30.8672,0.7006,0.1676
2026-07-22T15:31:38.181,30.8672,0.7593,0.1872
2026-07-22T15:31:38.190,30.899,0.681,0.2068
2026-07-22T15:31:38.190,30.899,0.7202,0.2264
2026-07-22T15:31:38.211,30.9182,0.6614,0.1676
2026-07-22T15:31:38.211,30.9182,0.7593,0.2655
2026-07-22T15:31:38.237,30.9352,0.6223,0.1284
2026-07-22T15:31:38.241,30.9352,0.7006,0.148
2026-07-22T15:31:38.258,30.9472,0.681,0.1872
2026-07-22T15:31:38.258,30.9614,0.6614,0.0697
2026-07-22T15:31:38.270,30.9789,0.6223,0.1676
2026-07-22T15:31:38.284,30.9789,0.6027,0.0893
2026-07-22T15:31:38.286,30.9999,0.5831,0.1089
2026-07-22T15:31:38.302,31.0029,0.5831,0.0501
2026-07-22T15:31:38.311,31.0205,0.5635,0.0893
2026-07-22T15:31:38.324,31.023,0.6419,0.148
2026-07-22T15:31:38.341,31.0412,0.5244,0.0305
2026-07-22T15:31:38.345,31.0412,0.5244,0.0893
2026-07-22T15:31:38.349,31.0624,0.446,-0.0282
2026-07-22T15:31:38.349,31.0624,0.4852,-0.0869
2026-07-22T15:31:38.364,31.0891,0.4069,-0.1457
2026-07-22T15:31:38.385,31.0911,0.3677,-0.1457
2026-07-22T15:31:38.385,31.0968,0.2894,-0.1653
2026-07-22T15:31:38.402,31.1206,0.2111,-0.3415
2026-07-22T15:31:38.414,31.1232,0.0349,-0.459
2026-07-22T15:31:38.420,31.1272,-0.1022,-0.6352
2026-07-22T15:31:38.438,31.1447,-0.1414,-0.6352
2026-07-22T15:31:38.443,31.1447,-0.2197,-0.6744
2026-07-22T15:31:38.451,31.1447,-0.2784,-0.7331
2026-07-22T15:31:38.465,31.1764,-0.4742,-0.9289
2026-07-22T15:31:38.467,31.1764,-0.3959,-0.9681
2026-07-22T15:31:38.483,31.1964,-0.3568,-0.7527
2026-07-22T15:31:38.483,31.1964,-0.3176,-0.3611
2026-07-22T15:31:38.499,31.2091,-0.0043,0.6963
2026-07-22T15:31:38.515,31.2286,0.309,2.2236
2026-07-22T15:31:38.519,31.2451,1.0139,3.9075
2026-07-22T15:31:38.532,31.2451,1.758,5.9439
2026-07-22T15:31:38.532,31.2451,2.8936,8.3915
2026-07-22T15:31:38.551,31.277,4.3426,11.1916
2026-07-22T15:31:38.567,31.277,6.0266,14.3637
2026-07-22T15:31:38.568,31.277,7.3581,17.477
2026-07-22T15:31:38.583,31.308,8.4742,20.4141
2026-07-22T15:31:38.583,31.308,9.4532,23.5275
2026-07-22T15:31:38.600,31.322,10.2168,26.7583
2026-07-22T15:31:38.617,31.3239,10.9609,30.4982
2026-07-22T15:31:38.628,31.3423,11.9987,33.9444
2026-07-22T15:31:38.631,31.3423,12.8603,36.7836
2026-07-22T15:31:38.645,31.3558,13.8001,39.5837
2026-07-22T15:31:38.647,31.3594,14.7204,42.6774
2026-07-22T15:31:38.665,31.3743,16.0323,46.3195
2026-07-22T15:31:38.679,31.3743,17.8338,50.7251
2026-07-22T15:31:38.682,31.3896,19.7135,55.2483
2026-07-22T15:31:38.682,31.4054,21.5737,59.6735
2026-07-22T15:31:38.697,31.4054,23.0814,63.5897
2026-07-22T15:31:38.712,31.4231,24.55,66.9967
2026-07-22T15:31:38.712,31.4426,26.0185,69.8751
2026-07-22T15:31:38.728,31.4426,27.2521,72.0094
2026-07-22T15:31:38.745,31.4426,28.0941,73.008
2026-07-22T15:31:38.748,31.4688,28.2899,73.2038
2026-07-22T15:31:38.765,31.4688,28.0353,72.7927
2026-07-22T15:31:38.773,31.4688,27.6046,71.5003
2026-07-22T15:31:38.773,31.4982,27.0955,69.8555
2026-07-22T15:31:38.792,31.4982,26.978,69.3856
2026-07-22T15:31:38.792,31.5226,27.3696,69.4248
2026-07-22T15:31:38.813,31.5226,27.8983,69.3856
2026-07-22T15:31:38.821,31.5301,28.2703,69.2094
2026-07-22T15:31:38.838,31.5464,29.0144,69.5814
2026-07-22T15:31:38.838,31.5464,29.9738,70.1297
2026-07-22T15:31:38.854,31.5464,31.1487,71.0891
2026-07-22T15:31:38.854,31.5781,31.9515,71.7157
2026-07-22T15:31:38.869,31.5781,32.0102,71.9311
2026-07-22T15:31:38.869,31.5904,31.3445,71.187
2026-07-22T15:31:38.886,31.6093,30.62,70.2667
2026-07-22T15:31:38.901,31.6093,30.62,70.0709
2026-07-22T15:31:38.913,31.6225,31.3837,71.05
2026-07-22T15:31:38.917,31.6421,32.2648,72.264
2026-07-22T15:31:38.932,31.6421,32.7935,73.2822
2026-07-22T15:31:38.932,31.6504,33.0676,73.3997
2026-07-22T15:31:38.948,31.6728,32.6368,72.8514
2026-07-22T15:31:38.965,31.6728,31.9123,71.6374
2026-07-22T15:31:38.973,31.6783,31.8144,71.3633
2026-07-22T15:31:38.981,31.6908,32.4998,72.0094
2026-07-22T15:31:38.991,31.7053,33.283,72.9101
2026-07-22T15:31:39.001,31.7074,33.4984,73.3997
2026-07-22T15:31:39.014,31.7228,33.3026,73.2038
2026-07-22T15:31:39.014,31.7228,32.6368,72.636
2026-07-22T15:31:39.030,31.7365,32.2256,72.2052
2026-07-22T15:31:39.044,31.7532,32.3235,72.1856
2026-07-22T15:31:39.046,31.7532,32.8914,72.6556
2026-07-22T15:31:39.059,31.7678,33.6746,73.3605
2026-07-22T15:31:39.059,31.7835,34.2033,73.9479
2026-07-22T15:31:39.076,31.7835,34.3991,74.3983
2026-07-22T15:31:39.091,31.7994,34.262,74.5941
2026-07-22T15:31:39.091,31.7994,34.0271,74.3787
2026-07-22T15:31:39.114,31.832,33.8704,73.9675
2026-07-22T15:31:39.122,31.832,34.0858,74.0262
2026-07-22T15:31:39.122,31.832,34.3403,74.2808
2026-07-22T15:31:39.139,31.8556,34.5166,74.3787
2026-07-22T15:31:39.145,31.864,34.5949,74.5353
2026-07-22T15:31:39.155,31.8796,34.7711,74.8486
2026-07-22T15:31:39.170,31.8796,34.9473,75.3186
2026-07-22T15:31:39.186,31.8796,35.3781,75.9256
2026-07-22T15:31:39.192,31.8912,35.9264,76.7088
2026-07-22T15:31:39.202,31.9115,36.3963,77.1592
2026-07-22T15:31:39.215,31.9115,36.3963,77.2962
2026-07-22T15:31:39.227,31.9327,36.0243,76.9634
2026-07-22T15:31:39.234,31.9327,35.3977,76.4151
2026-07-22T15:31:39.234,31.9327,34.869,75.6514
2026-07-22T15:31:39.256,31.9595,34.8299,75.6123
2026-07-22T15:31:39.256,31.9595,35.2411,75.9452
2026-07-22T15:31:39.282,31.9759,35.7502,76.4347
2026-07-22T15:31:39.282,31.9759,36.318,76.9829
2026-07-22T15:31:39.282,32.007,36.69,77.3158
2026-07-22T15:31:39.299,32.007,36.8663,77.1396
2026-07-22T15:31:39.314,32.007,36.8858,76.9829
2026-07-22T15:31:39.328,32.0389,36.7096,76.8459
2026-07-22T15:31:39.330,32.0389,36.8271,76.9046
2026-07-22T15:31:39.330,32.0389,36.7292,76.7284
2026-07-22T15:31:39.346,32.0548,36.5138,76.5326
2026-07-22T15:31:39.362,32.0716,36.1222,76.2389
2026-07-22T15:31:39.362,32.0716,36.0635,76.1214
2026-07-22T15:31:39.378,32.0917,36.1418,75.9452
2026-07-22T15:31:39.394,32.0917,36.1222,75.8081
2026-07-22T15:31:39.401,32.1232,35.8676,75.4948
2026-07-22T15:31:39.414,32.1261,35.5348,75.3773
2026-07-22T15:31:39.414,32.1311,35.3781,75.3773
2026-07-22T15:31:39.432,32.1426,35.6131,75.5535
2026-07-22T15:31:39.443,32.1426,35.7893,75.7493
2026-07-22T15:31:39.455,32.1426,35.946,75.9256
2026-07-22T15:31:39.465,32.1735,35.8481,75.8277
2026-07-22T15:31:39.465,32.1735,35.6327,75.6906
2026-07-22T15:31:39.481,32.2056,35.4369,75.4752
2026-07-22T15:31:39.481,32.2056,35.5348,75.7493
2026-07-22T15:31:39.496,32.2056,35.6523,76.0431
2026-07-22T15:31:39.496,32.2319,35.476,76.0822
2026-07-22T15:31:39.515,32.235,35.0844,75.5927
2026-07-22T15:31:39.528,32.2387,34.6928,75.1423
2026-07-22T15:31:39.544,32.2591,34.4382,74.7703
2026-07-22T15:31:39.553,32.2591,34.4187,74.7703
2026-07-22T15:31:39.569,32.2751,34.6928,74.8682
2026-07-22T15:31:39.582,32.2751,34.8886,75.2011
2026-07-22T15:31:39.582,32.2751,35.0844,75.2402
2026-07-22T15:31:39.598,32.3071,35.1823,75.2598
2026-07-22T15:31:39.598,32.3115,35.2215,75.2794
2026-07-22T15:31:39.614,32.3115,35.2606,75.4165
2026-07-22T15:31:39.615,32.3237,35.2998,75.6319
2026-07-22T15:31:39.634,32.3395,35.4956,75.8864
2026-07-22T15:31:39.634,32.3605,35.6327,76.0431
2026-07-22T15:31:39.646,32.3614,35.6523,75.8472
2026-07-22T15:31:39.665,32.3614,35.3977,75.1228
2026-07-22T15:31:39.666,32.3782,34.8886,74.4962
2026-07-22T15:31:39.684,32.3916,34.6732,74.2808
2026-07-22T15:31:39.684,32.3928,34.2816,74.3787
2026-07-22T15:31:39.701,32.4113,34.2229,74.6528
2026-07-22T15:31:39.714,32.4113,34.497,75.1228
2026-07-22T15:31:39.716,32.4237,34.6732,75.3969
2026-07-22T15:31:39.731,32.4397,34.8103,75.5144
2026-07-22T15:31:39.746,32.4574,34.7124,75.3577
2026-07-22T15:31:39.746,32.4646,34.5166,74.9465
2026-07-22T15:31:39.762,32.4666,34.497,74.5941
2026-07-22T15:31:39.763,32.4717,34.6145,74.5745
2026-07-22T15:31:39.787,32.4881,34.732,74.7899
2026-07-22T15:31:39.794,32.5045,34.9278,75.2207
2026-07-22T15:31:39.794,32.5045,35.0257,75.4752
2026-07-22T15:31:39.811,32.5045,34.9473,75.5731
2026-07-22T15:31:39.816,32.5342,34.8886,75.4948
2026-07-22T15:31:39.827,32.5342,35.0257,75.4752
2026-07-22T15:31:39.847,32.551,35.0453,75.2794
2026-07-22T15:31:39.847,32.551,35.0061,75.534
2026-07-22T15:31:39.857,32.5667,34.9669,75.7298
2026-07-22T15:31:39.874,32.5832,34.8886,75.906
2026-07-22T15:31:39.874,32.5832,34.9082,75.8864
2026-07-22T15:31:39.890,32.5983,35.1823,76.141
2026-07-22T15:31:39.904,32.5983,35.6131,76.6305
2026-07-22T15:31:39.906,32.6135,35.8872,76.885
2026-07-22T15:31:39.921,32.6291,35.9264,77.12
2026-07-22T15:31:39.936,32.6291,35.7697,76.9242
2026-07-22T15:31:39.942,32.6526,35.5152,76.6892
2026-07-22T15:31:39.952,32.6625,35.4173,76.3955
2026-07-22T15:31:39.963,32.6625,35.6327,76.1997
2026-07-22T15:31:39.975,32.6771,35.9851,76.2389
2026-07-22T15:31:39.975,32.6771,36.1418,76.5717
2026-07-22T15:31:39.985,32.7118,36.083,76.8459
2026-07-22T15:31:40.000,32.7118,35.711,76.8654
2026-07-22T15:31:40.000,32.7118,35.2019,76.6892
2026-07-22T15:31:40.028,32.7321,34.9082,76.3172
2026-07-22T15:31:40.035,32.7398,34.869,76.0431
2026-07-22T15:31:40.047,32.7554,34.8103,75.9256
2026-07-22T15:31:40.055,32.7554,34.9473,76.2389
2026-07-22T15:31:40.063,32.7554,35.2019,76.6109
2026-07-22T15:31:40.063,32.7719,35.4173,76.6501
2026-07-22T15:31:40.078,32.7893,35.4564,76.3759
2026-07-22T15:31:40.095,32.8029,35.3781,75.8472
2026-07-22T15:31:40.095,32.8029,35.4564,75.7493
2026-07-22T15:31:40.113,32.8029,35.5348,75.7493
2026-07-22T15:31:40.117,32.8354,35.476,75.8081
2026-07-22T15:31:40.126,32.8354,35.2998,75.8081
2026-07-22T15:31:40.142,32.8354,35.2019,75.6514
2026-07-22T15:31:40.147,32.8666,35.2411,75.6514
2026-07-22T15:31:40.158,32.8666,35.3194,75.6514
2026-07-22T15:31:40.173,32.8827,35.5739,75.671
2026-07-22T15:31:40.173,32.8827,35.5739,75.4556
2026-07-22T15:31:40.189,32.8984,35.2606,75.2794
2026-07-22T15:31:40.189,32.9173,35.0844,74.9074
2026-07-22T15:31:40.205,32.918,35.1627,74.9074
2026-07-22T15:31:40.221,32.9457,35.0648,74.7507
2026-07-22T15:31:40.221,32.9457,34.9669,74.4766
2026-07-22T15:31:40.241,32.9457,34.6341,74.0262
2026-07-22T15:31:40.253,32.9714,34.3208,73.5955
2026-07-22T15:31:40.268,32.9777,33.9879,73.1843
2026-07-22T15:31:40.268,32.9777,33.7529,72.871
2026-07-22T15:31:40.294,33.0017,33.655,72.4598
2026-07-22T15:31:40.294,33.0017,33.518,72.029
2026-07-22T15:31:40.300,33.0094,33.5375,71.5982
2026-07-22T15:31:40.300,33.0254,33.7333,71.4612
2026-07-22T15:31:40.319,33.0254,33.9096,71.4024
2026-07-22T15:31:40.333,33.0254,34.0271,71.2654
2026-07-22T15:31:40.348,33.0573,33.8312,70.9325
2026-07-22T15:31:40.348,33.0573,33.655,70.7758
2026-07-22T15:31:40.364,33.0775,33.518,70.7367
2026-07-22T15:31:40.364,33.0775,33.6942,70.8737
2026-07-22T15:31:40.380,33.09,33.6354,70.8933
2026-07-22T15:31:40.390,33.1073,33.518,70.8737
2026-07-22T15:31:40.400,33.1147,33.2634,70.3646
2026-07-22T15:31:40.413,33.1167,33.1459,70.1884
2026-07-22T15:31:40.428,33.1374,33.2438,70.0709
2026-07-22T15:31:40.437,33.1401,33.2634,70.0905
2026-07-22T15:31:40.447,33.1593,33.283,70.0905
2026-07-22T15:31:40.451,33.164,33.2634,70.0318
2026-07-22T15:31:40.467,33.1694,33.2634,69.9143
2026-07-22T15:31:40.481,33.1852,33.1068,69.8555
2026-07-22T15:31:40.482,33.1852,33.1263,69.8751
2026-07-22T15:31:40.492,33.2011,33.1459,69.7381
2026-07-22T15:31:40.492,33.2011,33.1263,69.7381
2026-07-22T15:31:40.508,33.217,33.1851,69.5618
2026-07-22T15:31:40.524,33.2378,33.1851,69.5227
2026-07-22T15:31:40.524,33.2419,33.3221,69.4248
2026-07-22T15:31:40.540,33.2492,33.283,69.2485
2026-07-22T15:31:40.555,33.2602,32.9697,69.0919
2026-07-22T15:31:40.568,33.2602,32.6368,68.8178
2026-07-22T15:31:40.572,33.274,32.4802,68.5045
2026-07-22T15:31:40.583,33.2896,32.4214,68.3282
2026-07-22T15:31:40.583,33.2961,32.4019,68.1128
2026-07-22T15:31:40.597,33.3218,32.2844,67.917
2026-07-22T15:31:40.619,33.3251,32.1473,67.545
2026-07-22T15:31:40.619,33.3251,31.9711,67.1926
2026-07-22T15:31:40.634,33.3491,31.7948,66.7618
2026-07-22T15:31:40.644,33.3511,31.7557,66.4876
2026-07-22T15:31:40.648,33.3724,31.834,66.2723
2026-07-22T15:31:40.668,33.376,31.8928,66.1744
2026-07-22T15:31:40.679,33.376,31.7557,66.0177
2026-07-22T15:31:40.687,33.3965,31.7948,66.0569
2026-07-22T15:31:40.696,33.3965,31.9515,66.1548
2026-07-22T15:31:40.699,33.3965,32.1669,66.4485
2026-07-22T15:31:40.719,33.4254,32.3039,66.6051
2026-07-22T15:31:40.719,33.4276,32.2844,66.6051
2026-07-22T15:31:40.731,33.4387,32.0886,66.566
2026-07-22T15:31:40.752,33.4387,31.9515,66.4093
2026-07-22T15:31:40.752,33.455,31.8144,66.2527
2026-07-22T15:31:40.761,33.476,31.7753,66.1939
2026-07-22T15:31:40.761,33.4773,31.7557,66.1156
2026-07-22T15:31:40.782,33.497,31.6382,65.9198
2026-07-22T15:31:40.782,33.497,31.5795,65.6848
2026-07-22T15:31:40.800,33.5067,31.462,65.4107
2026-07-22T15:31:40.814,33.5231,31.5207,65.3324
2026-07-22T15:31:40.820,33.5256,31.7165,65.4694
2026-07-22T15:31:40.830,33.5425,31.7165,65.724
2026-07-22T15:31:40.830,33.5425,31.7557,65.7827
2026-07-22T15:31:40.848,33.5709,31.6382,65.6848
2026-07-22T15:31:40.861,33.5709,31.4228,65.5282
2026-07-22T15:31:40.877,33.5709,31.3445,65.3911
2026-07-22T15:31:40.877,33.5974,31.3445,65.2932
2026-07-22T15:31:40.894,33.6055,31.5207,65.3324
2026-07-22T15:31:40.894,33.6055,31.5207,65.5282
2026-07-22T15:31:40.910,33.6295,31.6969,65.5673
2026-07-22T15:31:40.928,33.6295,31.7753,65.4694
2026-07-22T15:31:40.928,33.6365,32.0298,65.4694
2026-07-22T15:31:40.948,33.6501,32.069,65.4107
2026-07-22T15:31:40.952,33.6501,32.0298,65.2541
2026-07-22T15:31:40.959,33.6828,31.7361,65.0387
2026-07-22T15:31:40.973,33.6851,31.5599,64.9212
2026-07-22T15:31:40.973,33.6851,31.6186,65.0191
2026-07-22T15:31:40.990,33.6998,31.7753,65.117
2026-07-22T15:31:41.002,33.6998,31.7753,65.1757
2026-07-22T15:31:41.017,33.7296,31.7753,65.117
2026-07-22T15:31:41.023,33.7296,31.599,64.9408
2026-07-22T15:31:41.023,33.7296,31.462,64.7841
2026-07-22T15:31:41.041,33.7453,31.1683,64.6079
2026-07-22T15:31:41.052,33.7614,30.992,64.3533
2026-07-22T15:31:41.052,33.7614,30.9529,64.2163
2026-07-22T15:31:41.068,33.7839,30.7571,64.0792
2026-07-22T15:31:41.084,33.7839,30.7766,64.0401
2026-07-22T15:31:41.084,33.7943,30.7766,63.8834
2026-07-22T15:31:41.106,33.8089,30.7571,63.8247
2026-07-22T15:31:41.107,33.8089,30.7962,63.8247
2026-07-22T15:31:41.121,33.8405,30.855,63.8247
2026-07-22T15:31:41.132,33.8405,30.9333,63.7659
2026-07-22T15:31:41.132,33.8632,30.7766,63.5897
2026-07-22T15:31:41.149,33.8632,30.7375,63.5114
2026-07-22T15:31:41.163,33.8632,30.6787,63.3351
2026-07-22T15:31:41.163,33.8875,30.6983,63.433
2026-07-22T15:31:41.180,33.8875,30.62,63.296
2026-07-22T15:31:41.195,33.8987,30.6004,63.2764
2026-07-22T15:31:41.195,33.919,30.4242,63.1393
2026-07-22T15:31:41.217,33.919,30.1696,62.8652
2026-07-22T15:31:41.221,33.9418,29.9151,62.6694
2026-07-22T15:31:41.233,33.9418,29.7389,62.4932
2026-07-22T15:31:41.242,33.9508,29.6214,62.1799
2026-07-22T15:31:41.262,33.9665,29.3864,61.9841
2026-07-22T15:31:41.265,33.9665,29.2102,61.8666
2026-07-22T15:31:41.274,33.9665,28.9948,61.6904
2026-07-22T15:31:41.274,33.9987,28.7207,61.5337
2026-07-22T15:31:41.289,33.9999,28.5444,61.2987
2026-07-22T15:31:41.305,34.0213,28.3682,61.0442
2026-07-22T15:31:41.305,34.0213,28.2703,60.7309
2026-07-22T15:31:41.323,34.0263,28.1528,60.4372
2026-07-22T15:31:41.340,34.0488,27.9962,60.3001
2026-07-22T15:31:41.349,34.0488,27.957,60.0847
2026-07-22T15:31:41.355,34.0625,27.9374,59.8693
2026-07-22T15:31:41.358,34.0625,27.8591,59.654
2026-07-22T15:31:41.372,34.0625,27.957,59.4582
2026-07-22T15:31:41.385,34.0941,27.9374,59.2036
2026-07-22T15:31:41.385,34.0941,28.0353,59.0665
2026-07-22T15:31:41.401,34.1143,28.1137,59.0665
2026-07-22T15:31:41.417,34.1143,28.1528,58.9491
2026-07-22T15:31:41.423,34.1143,28.0549,58.9295
2026-07-22T15:31:41.437,34.1453,27.8787,58.7337
2026-07-22T15:31:41.437,34.1453,27.7416,58.577
2026-07-22T15:31:41.451,34.1582,27.6829,58.4204
2026-07-22T15:31:41.468,34.1582,27.6046,58.3225
2026-07-22T15:31:41.468,34.1738,27.6437,58.1462
2026-07-22T15:31:41.481,34.1952,27.4479,57.9896
2026-07-22T15:31:41.481,34.1993,27.3892,57.735
2026-07-22T15:31:41.499,34.2171,27.2325,57.5392
2026-07-22T15:31:41.520,34.2211,27.1542,57.2455
2026-07-22T15:31:41.522,34.2211,27.0171,56.9714
2026-07-22T15:31:41.528,34.2371,26.9192,56.7168
2026-07-22T15:31:41.544,34.2532,26.743,56.4036
2026-07-22T15:31:41.554,34.2688,26.7234,56.2077
2026-07-22T15:31:41.560,34.2788,26.5472,56.1098
2026-07-22T15:31:41.576,34.2788,26.5864,55.9924
2026-07-22T15:31:41.576,34.3059,26.5276,55.7574
2026-07-22T15:31:41.592,34.3059,26.6059,55.7378
2026-07-22T15:31:41.609,34.3146,26.5276,55.6007
2026-07-22T15:31:41.617,34.3344,26.6647,55.4441
2026-07-22T15:31:41.624,34.3404,26.4885,55.4049
2026-07-22T15:31:41.640,34.3404,26.5668,55.307
2026-07-22T15:31:41.647,34.3674,26.5472,55.4245
2026-07-22T15:31:41.649,34.3709,26.6451,55.4833
2026-07-22T15:31:41.663,34.3769,26.7038,55.5812
2026-07-22T15:31:41.678,34.3997,26.6255,55.4833
2026-07-22T15:31:41.686,34.4012,26.4885,55.2679
2026-07-22T15:31:41.699,34.4072,26.371,55.0916
2026-07-22T15:31:41.703,34.412,26.3318,55.0133
2026-07-22T15:31:41.719,34.4318,26.2535,54.8958
2026-07-22T15:31:41.724,34.4401,26.1947,54.935
2026-07-22T15:31:41.735,34.4401,26.1752,54.7979
2026-07-22T15:31:41.738,34.4715,26.1752,54.7196
2026-07-22T15:31:41.755,34.476,26.1947,54.7784
2026-07-22T15:31:41.763,34.4802,26.2535,54.7784
2026-07-22T15:31:41.778,34.5017,26.1947,54.8567
2026-07-22T15:31:41.788,34.5075,26.3122,54.9154
2026-07-22T15:31:41.793,34.5075,26.2927,55.1112
2026-07-22T15:31:41.806,34.5075,26.371,55.1895
2026-07-22T15:31:41.816,34.5402,26.4297,55.2287
2026-07-22T15:31:41.824,34.5402,26.4297,55.2875
2026-07-22T15:31:41.830,34.5472,26.4297,55.2483
2026-07-22T15:31:41.846,34.5735,26.4885,55.3854
2026-07-22T15:31:41.859,34.5756,26.6255,55.3854
2026-07-22T15:31:41.863,34.5756,26.6255,55.5028
2026-07-22T15:31:41.870,34.588,26.4885,55.2483
2026-07-22T15:31:41.884,34.6098,26.371,54.9937
2026-07-22T15:31:41.895,34.6098,26.1556,54.7
2026-07-22T15:31:41.898,34.6098,25.9598,54.6609
2026-07-22T15:31:41.915,34.6394,25.8619,54.6021
2026-07-22T15:31:41.928,34.6394,25.8423,54.7196
2026-07-22T15:31:41.933,34.6394,25.8227,54.7196
2026-07-22T15:31:41.942,34.6394,25.8227,54.7588
2026-07-22T15:31:41.949,34.6722,25.8031,54.7392
2026-07-22T15:31:41.962,34.6722,25.764,54.7784
2026-07-22T15:31:41.962,34.6722,25.8423,54.7784
2026-07-22T15:31:41.982,34.706,25.8815,54.8371
2026-07-22T15:31:41.994,34.71,25.9794,54.935
2026-07-22T15:31:41.995,34.7108,26.1164,54.9937
2026-07-22T15:31:42.011,34.74,26.3906,55.17
2026-07-22T15:31:42.029,34.7434,26.5276,55.3658
2026-07-22T15:31:42.034,34.7461,26.6647,55.4049
2026-07-22T15:31:42.049,34.7672,26.6843,55.3854
2026-07-22T15:31:42.058,34.7672,26.6059,55.2483
2026-07-22T15:31:42.066,34.7672,26.4101,55.2287
2026-07-22T15:31:42.075,34.7985,26.2535,55.1308
2026-07-22T15:31:42.075,34.7985,26.2143,55.2091
2026-07-22T15:31:42.090,34.8027,26.2143,55.17
2026-07-22T15:31:42.108,34.8272,26.1752,55.1504
2026-07-22T15:31:42.110,34.8298,26.0577,55.0133
2026-07-22T15:31:42.126,34.8298,26.1164,55.0133
2026-07-22T15:31:42.139,34.8613,26.1752,54.9937
2026-07-22T15:31:42.147,34.8613,26.1947,54.9937
2026-07-22T15:31:42.153,34.8638,26.2339,55.0721
2026-07-22T15:31:42.169,34.8929,26.2535,55.0329
2026-07-22T15:31:42.177,34.8929,26.2927,55.0721
2026-07-22T15:31:42.187,34.9012,26.2339,55.0525
2026-07-22T15:31:42.187,34.9032,26.1752,55.0329
2026-07-22T15:31:42.201,34.9273,26.0773,54.9546
2026-07-22T15:31:42.216,34.9273,26.0577,54.8175
2026-07-22T15:31:42.226,34.9273,25.9402,54.8371
2026-07-22T15:31:42.232,34.9562,25.9598,54.8567
2026-07-22T15:31:42.242,34.9562,26.0577,54.8175
2026-07-22T15:31:42.250,34.9562,25.9794,54.8567
2026-07-22T15:31:42.263,34.9562,25.9794,54.7979
2026-07-22T15:31:42.279,34.9882,26.0381,54.7392
2026-07-22T15:31:42.279,34.9882,25.9402,54.6609
2026-07-22T15:31:42.295,35.0055,25.9206,54.6804
2026-07-22T15:31:42.295,35.0195,25.8227,54.6804
2026-07-22T15:31:42.311,35.0195,25.7836,54.5825
2026-07-22T15:31:42.328,35.0355,25.8031,54.6413
2026-07-22T15:31:42.328,35.0355,25.7444,54.6609
2026-07-22T15:31:42.342,35.0515,26.0577,54.6413
2026-07-22T15:31:42.358,35.0673,26.1556,54.7392
2026-07-22T15:31:42.358,35.0673,26.2143,54.6413
2026-07-22T15:31:42.374,35.0673,26.1164,54.5238
2026-07-22T15:31:42.374,35.104,25.9794,54.4455
2026-07-22T15:31:42.390,35.104,25.7248,54.4063
2026-07-22T15:31:42.390,35.104,25.529,54.3672
2026-07-22T15:31:42.406,35.1312,25.4115,54.2888
2026-07-22T15:31:42.422,35.1312,25.4115,54.2888
2026-07-22T15:31:42.427,35.1312,25.4507,54.2888
2026-07-22T15:31:42.438,35.1635,25.4703,54.3476
2026-07-22T15:31:42.454,35.1635,25.4898,54.4455
2026-07-22T15:31:42.454,35.1635,25.5682,54.5825
2026-07-22T15:31:42.472,35.1963,25.6856,54.5825
2026-07-22T15:31:42.486,35.1963,25.6073,54.5825
2026-07-22T15:31:42.486,35.1963,25.6073,54.5434
2026-07-22T15:31:42.503,35.2277,25.5877,54.563
2026-07-22T15:31:42.518,35.2318,25.7052,54.5434
2026-07-22T15:31:42.527,35.2358,25.764,54.563
2026-07-22T15:31:42.539,35.2589,25.6856,54.5238
2026-07-22T15:31:42.542,35.2589,25.7444,54.5042
2026-07-22T15:31:42.557,35.2589,25.6661,54.4651
2026-07-22T15:31:42.566,35.2849,25.5682,54.4651
2026-07-22T15:31:42.566,35.2904,25.5094,54.4846
2026-07-22T15:31:42.582,35.2904,25.5094,54.5434
2026-07-22T15:31:42.597,35.3143,25.5486,54.6609
2026-07-22T15:31:42.597,35.3143,25.6661,54.935
2026-07-22T15:31:42.613,35.3227,25.8227,55.2287
2026-07-22T15:31:42.629,35.3384,25.8815,55.4441
2026-07-22T15:31:42.637,35.3384,26.0185,55.6203
2026-07-22T15:31:42.645,35.3384,26.1752,55.914
2026-07-22T15:31:42.651,35.372,26.4101,56.1098
2026-07-22T15:31:42.661,35.372,26.5668,56.5406
2026-07-22T15:31:42.661,35.3867,26.6255,56.6189
2026-07-22T15:31:42.695,35.4052,26.6255,56.9127
2026-07-22T15:31:42.695,35.4052,26.5276,57.0497
2026-07-22T15:31:42.709,35.4052,26.4885,57.1672
2026-07-22T15:31:42.709,35.4177,26.4101,57.2259
2026-07-22T15:31:42.728,35.4386,26.4689,57.2651
2026-07-22T15:31:42.728,35.4493,26.7234,57.735
2026-07-22T15:31:42.751,35.4725,27.1934,58.1267
2026-07-22T15:31:42.761,35.4755,27.0955,58.4204
2026-07-22T15:31:42.761,35.476,27.1346,58.5379
2026-07-22T15:31:42.772,35.4801,27.0759,58.5183
2026-07-22T15:31:42.793,35.4925,26.978,58.4204
2026-07-22T15:31:42.799,35.5057,26.8605,58.4595
2026-07-22T15:31:42.804,35.5084,27.0955,58.7337
2026-07-22T15:31:42.815,35.5282,27.35,59.0078
2026-07-22T15:31:42.815,35.5282,27.6437,59.5365
2026-07-22T15:31:42.847,35.5558,27.8004,59.7323
2026-07-22T15:31:42.847,35.5558,27.9179,59.9085
2026-07-22T15:31:42.851,35.5558,27.82,59.8498
2026-07-22T15:31:42.876,35.5886,27.82,59.8889
2026-07-22T15:31:42.876,35.5886,27.7612,60.0456
2026-07-22T15:31:42.879,35.5906,27.957,60.2805
2026-07-22T15:31:42.898,35.6092,28.1724,60.5743
2026-07-22T15:31:42.907,35.6092,28.2507,60.7896
2026-07-22T15:31:42.915,35.6204,28.427,60.8288
2026-07-22T15:31:42.932,35.6407,28.3682,60.5351
2026-07-22T15:31:42.932,35.6407,28.2311,60.3197
2026-07-22T15:31:42.943,35.6478,28.0158,60.2414
2026-07-22T15:31:42.951,35.6721,27.8395,59.9281
2026-07-22T15:31:42.963,35.6793,27.4283,59.4582
2026-07-22T15:31:42.971,35.6924,26.9388,58.7337
2026-07-22T15:31:42.980,35.7061,26.4297,57.8721
2026-07-22T15:31:42.995,35.7083,25.4898,56.4231
2026-07-22T15:31:43.002,35.7083,23.8646,54.4651
2026-07-22T15:31:43.015,35.7283,21.5541,51.5279
2026-07-22T15:31:43.015,35.7283,18.4799,46.7698
2026-07-22T15:31:43.031,35.7413,14.7987,40.0536
2026-07-22T15:31:43.047,35.7572,11.2742,32.378
2026-07-22T15:31:43.051,35.7719,8.435,25.5443
2026-07-22T15:31:43.064,35.7738,6.242,19.8267
2026-07-22T15:31:43.080,35.8066,4.5384,15.1861
2026-07-22T15:31:43.080,35.8066,3.0699,11.5636
2026-07-22T15:31:43.097,35.82,1.6601,8.7048
2026-07-22T15:31:43.097,35.8284,0.544,6.4139
2026-07-22T15:31:43.111,35.852,-0.298,4.6712
2026-07-22T15:31:43.129,35.852,-0.7484,3.0851
2026-07-22T15:31:43.129,35.852,-1.2771,1.9299
2026-07-22T15:31:43.151,35.8681,-1.6099,1.1662
2026-07-22T15:31:43.159,35.8843,-1.7666,0.6571
2026-07-22T15:31:43.159,35.8843,-1.747,0.2655
2026-07-22T15:31:43.175,35.9012,-1.5316,0.1676
2026-07-22T15:31:43.175,35.9067,-1.1008,0.2068
2026-07-22T15:31:43.194,35.9067,-0.7288,0.2459
2026-07-22T15:31:43.207,35.9322,-0.4938,0.148
2026-07-22T15:31:43.207,35.9322,-0.2001,0.011
2026-07-22T15:31:43.224,35.9322,0.0544,-0.0282
2026-07-22T15:31:43.229,35.948,0.2894,-0.0282
2026-07-22T15:31:43.251,35.9702,0.4852,0.0501
2026-07-22T15:31:43.255,35.9714,0.5048,0.0501
2026-07-22T15:31:43.271,35.9803,0.6027,0.0893
2026-07-22T15:31:43.271,35.9961,0.5831,0.1676
2026-07-22T15:31:43.287,35.9961,0.6614,0.1676
2026-07-22T15:31:43.294,36.0073,0.7398,0.2459
2026-07-22T15:31:43.303,36.012,0.7006,0.2264
2026-07-22T15:31:43.319,36.0286,0.7006,0.1872
2026-07-22T15:31:43.319,36.0286,0.7006,0.1284
2026-07-22T15:31:43.335,36.0286,0.7398,0.148
2026-07-22T15:31:43.337,36.0603,0.7985,0.1089
2026-07-22T15:31:43.351,36.0603,0.7398,0.1284
2026-07-22T15:31:43.367,36.0761,0.7789,0.1676
2026-07-22T15:31:43.367,36.0761,0.7398,0.1872
2026-07-22T15:31:43.383,36.0761,0.7006,0.148
2026-07-22T15:31:43.383,36.092,0.7398,0.0893
2026-07-22T15:31:43.399,36.1077,0.6419,0.0893
2026-07-22T15:31:43.415,36.1237,0.6614,0.1284
2026-07-22T15:31:43.415,36.1289,0.7006,0.0697
2026-07-22T15:31:43.430,36.149,0.6614,0.1284
2026-07-22T15:31:43.446,36.153,0.7006,0.1089
2026-07-22T15:31:43.456,36.153,0.6223,0.0697
2026-07-22T15:31:43.471,36.1717,0.681,0.0893
2026-07-22T15:31:43.476,36.1717,0.6419,0.1284
2026-07-22T15:31:43.484,36.1889,0.6419,0.1284
2026-07-22T15:31:43.494,36.1889,0.6614,0.0501
2026-07-22T15:31:43.494,36.2193,0.6614,0.0697
2026-07-22T15:31:43.512,36.2193,0.6223,0.1676
2026-07-22T15:31:43.531,36.2392,0.681,0.0893
2026-07-22T15:31:43.531,36.2392,0.681,0.0305
2026-07-22T15:31:43.542,36.2634,0.6614,0.0697
2026-07-22T15:31:43.561,36.266,0.5635,0.0893
2026-07-22T15:31:43.562,36.2687,0.6027,0.0501
2026-07-22T15:31:43.573,36.2831,0.6419,0.1089
2026-07-22T15:31:43.592,36.2831,0.6419,0.0893
2026-07-22T15:31:43.606,36.311,0.6419,0.0893
2026-07-22T15:31:43.606,36.3116,0.6419,0.0697
2026-07-22T15:31:43.622,36.3304,0.6419,0.0893
2026-07-22T15:31:43.622,36.3304,0.6027,0.0501
2026-07-22T15:31:43.636,36.3304,0.6419,0.0501
2026-07-22T15:31:43.646,36.3452,0.6614,0.148
2026-07-22T15:31:43.653,36.3452,0.6027,0.1089
2026-07-22T15:31:43.668,36.378,0.6614,0.0501
2026-07-22T15:31:43.668,36.378,0.6614,0.0501
2026-07-22T15:31:43.684,36.3936,0.6223,0.1676
2026-07-22T15:31:43.700,36.3936,0.6419,0.0501
2026-07-22T15:31:43.701,36.4091,0.6419,0.0501
2026-07-22T15:31:43.716,36.4247,0.5831,0.1284
2026-07-22T15:31:43.716,36.4247,0.6419,0.0893
2026-07-22T15:31:43.732,36.4442,0.6223,0.0501
2026-07-22T15:31:43.747,36.4442,0.6027,0.0893
2026-07-22T15:31:43.752,36.472,0.681,0.1284
2026-07-22T15:31:43.767,36.472,0.6419,0.0501
2026-07-22T15:31:43.767,36.472,0.6419,0.0893
2026-07-22T15:31:43.795,36.501,0.6223,0.0501
2026-07-22T15:31:43.795,36.501,0.5831,0.1089
2026-07-22T15:31:43.795,36.5204,0.681,0.1089
2026-07-22T15:31:43.820,36.5204,0.5831,0.1284
2026-07-22T15:31:43.824,36.5204,0.6614,0.1089
2026-07-22T15:31:43.843,36.5514,0.6419,0.0697
2026-07-22T15:31:43.843,36.5519,0.6027,0.1089
2026-07-22T15:31:43.858,36.5674,0.6419,0.1284
2026-07-22T15:31:43.870,36.5674,0.6223,0.1284
2026-07-22T15:31:43.875,36.5674,0.5831,0.1089
2026-07-22T15:31:43.890,36.6055,0.6419,0.1089
2026-07-22T15:31:43.890,36.6065,0.6223,0.0697
2026-07-22T15:31:43.906,36.6105,0.6223,0.1089
2026-07-22T15:31:43.924,36.6299,0.6027,0.148
2026-07-22T15:31:43.927,36.6299,0.6419,0.0501
2026-07-22T15:31:43.933,36.6299,0.6223,0.1089
2026-07-22T15:31:43.948,36.6583,0.6027,0.148
2026-07-22T15:31:43.953,36.6583,0.6027,0.0697
2026-07-22T15:31:43.967,36.6743,0.6027,0.1284
2026-07-22T15:31:43.980,36.6743,0.6223,0.0893
2026-07-22T15:31:43.981,36.6743,0.6419,0.1676
2026-07-22T15:31:43.997,36.7117,0.681,0.1676
2026-07-22T15:31:43.997,36.7127,0.6419,0.1089
2026-07-22T15:31:44.023,36.7297,0.5635,0.1089
2026-07-22T15:31:44.032,36.7297,0.6027,0.148
2026-07-22T15:31:44.037,36.7297,0.544,0.1284
2026-07-22T15:31:44.047,36.7625,0.6419,0.148
2026-07-22T15:31:44.052,36.7625,0.6027,0.1089
2026-07-22T15:31:44.064,36.7887,0.6223,0.0697
2026-07-22T15:31:44.081,36.7887,0.7006,0.1284
2026-07-22T15:31:44.085,36.7887,0.6223,-0.0282
2026-07-22T15:31:44.096,36.8108,0.544,0.0697
2026-07-22T15:31:44.096,36.8108,0.6419,0.148
2026-07-22T15:31:44.111,36.8108,0.6027,0.148
2026-07-22T15:31:44.128,36.8298,0.6419,0.1089
2026-07-22T15:31:44.134,36.8298,0.5831,0.1089
2026-07-22T15:31:44.148,36.858,0.6223,0.148
2026-07-22T15:31:44.153,36.858,0.6223,0.1284
2026-07-22T15:31:44.164,36.858,0.6223,0.1284
2026-07-22T15:31:44.181,36.8884,0.5831,0.1089
2026-07-22T15:31:44.181,36.8895,0.6223,0.1676
2026-07-22T15:31:44.195,36.9112,0.6419,0.1872
2026-07-22T15:31:44.209,36.9112,0.6419,0.148
2026-07-22T15:31:44.212,36.936,0.6419,0.1284
2026-07-22T15:31:44.227,36.936,0.6027,0.1872
2026-07-22T15:31:44.234,36.9516,0.5635,0.1089
2026-07-22T15:31:44.244,36.9516,0.6223,0.148
2026-07-22T15:31:44.253,36.9516,0.5635,0.148
2026-07-22T15:31:44.259,36.9844,0.6419,0.1872
2026-07-22T15:31:44.274,36.9844,0.5831,0.1676
2026-07-22T15:31:44.274,36.9844,0.6614,0.1284
2026-07-22T15:31:44.299,36.9992,0.5831,0.148
2026-07-22T15:31:44.307,37.0114,0.6223,0.1676
2026-07-22T15:31:44.307,37.0321,0.6027,0.148
2026-07-22T15:31:44.322,37.0321,0.5831,0.1676
2026-07-22T15:31:44.334,37.0468,0.5831,0.1676
2026-07-22T15:31:44.353,37.0468,0.6027,0.148
2026-07-22T15:31:44.355,37.0468,0.5831,0.1676
2026-07-22T15:31:44.355,37.0788,0.5831,0.1089
2026-07-22T15:31:44.370,37.0788,0.681,0.1089
2026-07-22T15:31:44.390,37.1027,0.5831,0.1676
2026-07-22T15:31:44.402,37.1027,0.5831,0.1284
2026-07-22T15:31:44.402,37.1027,0.5831,0.1676
2026-07-22T15:31:44.425,37.1351,0.5635,0.1284
2026-07-22T15:31:44.425,37.1351,0.6419,0.148
2026-07-22T15:31:44.453,37.1646,0.544,0.1676
2026-07-22T15:31:44.453,37.1646,0.6223,0.148
2026-07-22T15:31:44.453,37.1672,0.5831,0.148
2026-07-22T15:31:44.481,37.1916,0.6419,0.2264
2026-07-22T15:31:44.481,37.1916,0.6223,0.1676
2026-07-22T15:31:44.487,37.1992,0.6223,0.1676
2026-07-22T15:31:44.514,37.2211,0.5635,0.2068
2026-07-22T15:31:44.514,37.2298,0.6419,0.1676
2026-07-22T15:31:44.514,37.2298,0.6027,0.1872
2026-07-22T15:31:44.525,37.2345,0.6419,0.148
2026-07-22T15:31:44.544,37.2532,0.5831,0.1872
2026-07-22T15:31:44.544,37.2675,0.6027,0.1676
2026-07-22T15:31:44.557,37.2675,0.5831,0.0893
2026-07-22T15:31:44.576,37.2996,0.6223,0.148
2026-07-22T15:31:44.576,37.2996,0.5635,0.2068
2026-07-22T15:31:44.576,37.2996,0.5831,0.2068
2026-07-22T15:31:44.606,37.331,0.5831,0.2068
2026-07-22T15:31:44.606,37.331,0.6223,0.1676
2026-07-22T15:31:44.606,37.331,0.5635,0.1676
2026-07-22T15:31:44.622,37.3638,0.5635,0.1284
2026-07-22T15:31:44.639,37.3657,0.5635,0.1676
2026-07-22T15:31:44.639,37.3668,0.6027,0.2068
2026-07-22T15:31:44.654,37.3668,0.544,0.1872
2026-07-22T15:31:44.670,37.3829,0.6614,0.2068
2026-07-22T15:31:44.670,37.3992,0.5635,0.148
2026-07-22T15:31:44.689,37.3998,0.6223,0.1676
2026-07-22T15:31:44.690,37.4322,0.5244,0.148
2026-07-22T15:31:44.706,37.4342,0.681,0.1284
2026-07-22T15:31:44.706,37.4342,0.544,0.1872
2026-07-22T15:31:44.728,37.4382,0.5831,0.2068
2026-07-22T15:31:44.737,37.4656,0.6223,0.2068
2026-07-22T15:31:44.737,37.4676,0.6419,0.1284
2026-07-22T15:31:44.757,37.4697,0.5635,0.2459
2026-07-22T15:31:44.785,37.4953,0.5635,0.2459
2026-07-22T15:31:44.785,37.4953,0.6614,0.1676
2026-07-22T15:31:44.788,37.4953,0.6223,0.1872
2026-07-22T15:31:44.794,37.5011,0.5635,0.1676
2026-07-22T15:31:44.818,37.5303,0.6614,0.2068
2026-07-22T15:31:44.818,37.5303,0.5831,0.1284
2026-07-22T15:31:44.824,37.5303,0.6223,0.148
2026-07-22T15:31:44.848,37.5566,0.5831,0.1676
2026-07-22T15:31:44.848,37.5566,0.6614,0.2655
2026-07-22T15:31:44.853,37.5566,0.5244,0.1676
2026-07-22T15:31:44.863,37.5875,0.5831,0.2068
2026-07-22T15:31:44.879,37.5875,0.6027,0.1872
2026-07-22T15:31:44.879,37.5875,0.6614,0.1676
2026-07-22T15:31:44.901,37.623,0.6223,0.1676
2026-07-22T15:31:44.910,37.625,0.6027,0.1676
2026-07-22T15:31:44.910,37.625,0.5831,0.1872
2026-07-22T15:31:44.926,37.6506,0.5635,0.1872
2026-07-22T15:31:44.943,37.6506,0.5831,0.2264
2026-07-22T15:31:44.948,37.6506,0.6223,0.1676
2026-07-22T15:31:44.959,37.6786,0.5635,0.2264
2026-07-22T15:31:44.959,37.6824,0.6419,0.1676
2026-07-22T15:31:44.973,37.6824,0.5635,0.1676
2026-07-22T15:31:44.989,37.713,0.6614,0.1676
2026-07-22T15:31:44.999,37.7168,0.544,0.2264
2026-07-22T15:31:45.005,37.7198,0.6027,0.148
2026-07-22T15:31:45.022,37.7443,0.544,0.1089
2026-07-22T15:31:45.033,37.7443,0.544,0.2459
2026-07-22T15:31:45.042,37.7443,0.5831,0.2068
2026-07-22T15:31:45.044,37.7443,0.5831,0.1872
2026-07-22T15:31:45.065,37.7739,0.5831,0.2068
2026-07-22T15:31:45.065,37.7739,0.6223,0.2068
2026-07-22T15:31:45.080,37.8055,0.544,0.148
2026-07-22T15:31:45.080,37.8065,0.6027,0.3438
2026-07-22T15:31:45.097,37.8075,0.5635,0.2264
2026-07-22T15:31:45.097,37.8338,0.5831,0.148
2026-07-22T15:31:45.123,37.8358,0.6223,0.2264
2026-07-22T15:31:45.128,37.8368,0.7006,0.1676
2026-07-22T15:31:45.142,37.8574,0.5635,0.1676
2026-07-22T15:31:45.154,37.8574,0.5635,0.1872
2026-07-22T15:31:45.156,37.8574,0.5635,0.2068
2026-07-22T15:31:45.180,37.8897,0.6419,0.1872
2026-07-22T15:31:45.180,37.8897,0.5635,0.2068
2026-07-22T15:31:45.180,37.8897,0.6027,0.2459
2026-07-22T15:31:45.198,37.915,0.6419,0.1872
2026-07-22T15:31:45.198,37.915,0.5831,0.1284
2026-07-22T15:31:45.213,37.9211,0.5635,0.1872
2026-07-22T15:31:45.213,37.9413,0.5635,0.1872
2026-07-22T15:31:45.238,37.9413,0.5635,0.1872
2026-07-22T15:31:45.245,37.9701,0.5635,0.1676
2026-07-22T15:31:45.253,37.9732,0.5635,0.1872
2026-07-22T15:31:45.264,37.9732,0.7006,0.2459
2026-07-22T15:31:45.280,37.9891,0.544,0.148
2026-07-22T15:31:45.281,37.9891,0.6223,0.2851
2026-07-22T15:31:45.296,37.9891,0.7006,0.1872
2026-07-22T15:31:45.296,38.0277,0.5831,0.2264
2026-07-22T15:31:45.312,38.0277,0.544,0.1676
2026-07-22T15:31:45.328,38.0308,0.5831,0.2459
2026-07-22T15:31:45.343,38.0539,0.5635,0.1284
2026-07-22T15:31:45.350,38.0539,0.5635,0.1872
2026-07-22T15:31:45.354,38.0677,0.544,0.1872
2026-07-22T15:31:45.370,38.0677,0.6027,0.2264
2026-07-22T15:31:45.377,38.0677,0.5244,0.2655
2026-07-22T15:31:45.390,38.1024,0.6027,0.2068
2026-07-22T15:31:45.390,38.1024,0.6027,0.148
2026-07-22T15:31:45.390,38.1024,0.681,0.1872
2026-07-22T15:31:45.425,38.1309,0.5048,0.1872
2026-07-22T15:31:45.425,38.1309,0.6223,0.2264
2026-07-22T15:31:45.439,38.1508,0.6027,0.1872
2026-07-22T15:31:45.439,38.1508,0.5831,0.148
2026-07-22T15:31:45.454,38.1508,0.6027,0.1676
2026-07-22T15:31:45.474,38.179,0.6223,0.1676
2026-07-22T15:31:45.474,38.179,0.5635,0.1676
2026-07-22T15:31:45.485,38.1943,0.544,0.1872
2026-07-22T15:31:45.502,38.1943,0.6027,0.2068
2026-07-22T15:31:45.502,38.2113,0.5831,0.2068
2026-07-22T15:31:45.517,38.231,0.5635,0.1676
2026-07-22T15:31:45.517,38.231,0.5831,0.2459
2026-07-22T15:31:45.534,38.243,0.5831,0.148
2026-07-22T15:31:45.549,38.2573,0.5831,0.1872
2026-07-22T15:31:45.554,38.2573,0.6027,0.1872
2026-07-22T15:31:45.566,38.28,0.5831,0.2264
2026-07-22T15:31:45.566,38.28,0.6027,0.2459
2026-07-22T15:31:45.580,38.28,0.5831,0.2459
2026-07-22T15:31:45.603,38.3048,0.6223,0.2068
2026-07-22T15:31:45.603,38.3048,0.6614,0.1676
2026-07-22T15:31:45.612,38.3311,0.5635,0.2068
2026-07-22T15:31:45.612,38.3311,0.5831,0.1676
2026-07-22T15:31:45.640,38.3523,0.5244,0.1872
2026-07-22T15:31:45.644,38.3523,0.544,0.1676
2026-07-22T15:31:45.657,38.3692,0.544,0.2459
2026-07-22T15:31:45.675,38.3692,0.6223,0.1676
2026-07-22T15:31:45.675,38.3692,0.6027,0.148
2026-07-22T15:31:45.692,38.4008,0.5635,0.2068
2026-07-22T15:31:45.692,38.4008,0.681,0.1284
2026-07-22T15:31:45.714,38.4262,0.5635,0.2264
2026-07-22T15:31:45.724,38.4262,0.5048,0.1872
2026-07-22T15:31:45.724,38.4314,0.5635,0.2459
2026-07-22T15:31:45.740,38.4477,0.6027,0.1676
2026-07-22T15:31:45.748,38.4477,0.5635,0.2068
2026-07-22T15:31:45.754,38.4785,0.6223,0.1872
2026-07-22T15:31:45.771,38.4806,0.6223,0.2068
2026-07-22T15:31:45.771,38.4806,0.5831,0.2459
2026-07-22T15:31:45.786,38.5021,0.6223,0.2459
2026-07-22T15:31:45.786,38.5021,0.544,0.148
2026-07-22T15:31:45.803,38.5108,0.6027,0.1872
2026-07-22T15:31:45.825,38.5315,0.5831,0.2851
2026-07-22T15:31:45.825,38.5315,0.6419,0.2264
2026-07-22T15:31:45.834,38.5457,0.6027,0.2068
2026-07-22T15:31:45.852,38.5457,0.5831,0.2264
2026-07-22T15:31:45.854,38.5457,0.6027,0.1676
2026-07-22T15:31:45.869,38.575,0.5635,0.1872
2026-07-22T15:31:45.869,38.575,0.5048,0.1676
2026-07-22T15:31:45.898,38.6011,0.5635,0.148
2026-07-22T15:31:45.898,38.6011,0.6027,0.1872
2026-07-22T15:31:45.898,38.6262,0.5831,0.2655
2026-07-22T15:31:45.917,38.6285,0.5831,0.2068
2026-07-22T15:31:45.928,38.6318,0.5831,0.1676
2026-07-22T15:31:45.946,38.653,0.6027,0.148
2026-07-22T15:31:45.947,38.653,0.544,0.2655
2026-07-22T15:31:45.963,38.6802,0.5635,0.1676
2026-07-22T15:31:45.972,38.6813,0.5635,0.2264
2026-07-22T15:31:45.976,38.6813,0.5635,0.2264
2026-07-22T15:31:46.000,38.7051,0.5831,0.2264
2026-07-22T15:31:46.000,38.7071,0.5635,0.1284
2026-07-22T15:31:46.008,38.7194,0.6223,0.1872
2026-07-22T15:31:46.026,38.7321,0.6027,0.1872
2026-07-22T15:31:46.028,38.7321,0.5831,0.1872
2026-07-22T15:31:46.040,38.7565,0.5831,0.2068
2026-07-22T15:31:46.042,38.7565,0.5831,0.2655
2026-07-22T15:31:46.057,38.7606,0.6223,0.1872
2026-07-22T15:31:46.077,38.7801,0.5831,0.1676
2026-07-22T15:31:46.077,38.7801,0.6027,0.2068
2026-07-22T15:31:46.087,38.8007,0.5831,0.1872
2026-07-22T15:31:46.103,38.8007,0.6419,0.2264
2026-07-22T15:31:46.103,38.8007,0.544,0.2655
2026-07-22T15:31:46.124,38.8358,0.5831,0.2264
2026-07-22T15:31:46.124,38.8358,0.6027,0.1872
2026-07-22T15:31:46.143,38.8606,0.6419,0.148
2026-07-22T15:31:46.155,38.8606,0.5635,0.1872
2026-07-22T15:31:46.159,38.8606,0.6614,0.1872
2026-07-22T15:31:46.182,38.8898,0.6027,0.2068
2026-07-22T15:31:46.182,38.8898,0.5244,0.3047
2026-07-22T15:31:46.183,38.8918,0.6027,0.2068
2026-07-22T15:31:46.196,38.9165,0.5635,0.1872
2026-07-22T15:31:46.210,38.9186,0.5635,0.2068
2026-07-22T15:31:46.217,38.9207,0.5831,0.1872
2026-07-22T15:31:46.237,38.9459,0.6223,0.2264
2026-07-22T15:31:46.237,38.9459,0.5831,0.1872
2026-07-22T15:31:46.253,38.9675,0.5635,0.3047
2026-07-22T15:31:46.265,38.9747,0.5635,0.148
2026-07-22T15:31:46.270,38.9777,0.5635,0.2068
2026-07-22T15:31:46.280,39.0016,0.544,0.2068
2026-07-22T15:31:46.290,39.0036,0.6027,0.1676
2026-07-22T15:31:46.301,39.0066,0.5635,0.2264
2026-07-22T15:31:46.310,39.0309,0.5244,0.2264
2026-07-22T15:31:46.318,39.0324,0.6419,0.2655
2026-07-22T15:31:46.329,39.0324,0.544,0.2459
2026-07-22T15:31:46.342,39.0608,0.6027,0.2459
2026-07-22T15:31:46.347,39.0608,0.5831,0.2068
2026-07-22T15:31:46.355,39.0628,0.7006,0.2264
2026-07-22T15:31:46.366,39.0755,0.544,0.2068
2026-07-22T15:31:46.373,39.0916,0.544,0.1872
2026-07-22T15:31:46.386,39.0916,0.5831,0.2459
2026-07-22T15:31:46.398,39.1192,0.5635,0.2068
2026-07-22T15:31:46.398,39.1192,0.544,0.1872
2026-07-22T15:31:46.414,39.1231,0.5831,0.1872
2026-07-22T15:31:46.433,39.1459,0.6027,0.1676
2026-07-22T15:31:46.433,39.1459,0.5635,0.2068
2026-07-22T15:31:46.455,39.1744,0.5831,0.2459
2026-07-22T15:31:46.463,39.1765,0.544,0.2068
2026-07-22T15:31:46.463,39.1765,0.5831,0.2655
2026-07-22T15:31:46.493,39.2024,0.6223,0.2068
2026-07-22T15:31:46.493,39.2045,0.544,0.1872
2026-07-22T15:31:46.499,39.2065,0.5831,0.2264
2026-07-22T15:31:46.509,39.2196,0.5635,0.2264
2026-07-22T15:31:46.521,39.2324,0.5831,0.2264
2026-07-22T15:31:46.527,39.2342,0.5635,0.2068
2026-07-22T15:31:46.539,39.2583,0.5635,0.2264
2026-07-22T15:31:46.542,39.2603,0.6223,0.1284
2026-07-22T15:31:46.557,39.2644,0.5831,0.2264
2026-07-22T15:31:46.579,39.2881,0.5048,0.2068
2026-07-22T15:31:46.579,39.2881,0.6027,0.2655
2026-07-22T15:31:46.589,39.3166,0.6027,0.148
2026-07-22T15:31:46.606,39.3188,0.5635,0.2459
2026-07-22T15:31:46.606,39.32,0.5635,0.2264
2026-07-22T15:31:46.617,39.3447,0.5635,0.1676
2026-07-22T15:31:46.626,39.3447,0.6223,0.1872
2026-07-22T15:31:46.638,39.3447,0.5635,0.2655
2026-07-22T15:31:46.646,39.3447,0.5831,0.2264
2026-07-22T15:31:46.655,39.3762,0.6223,0.2068
2026-07-22T15:31:46.655,39.3762,0.5244,0.2459
2026-07-22T15:31:46.683,39.4086,0.6027,0.1872
2026-07-22T15:31:46.688,39.4086,0.6027,0.2655
2026-07-22T15:31:46.699,39.4086,0.6223,0.1872
2026-07-22T15:31:46.699,39.4328,0.5635,0.2459
2026-07-22T15:31:46.715,39.4328,0.6027,0.1872
2026-07-22T15:31:46.731,39.4405,0.6223,0.2264
2026-07-22T15:31:46.731,39.4405,0.5831,0.2459
2026-07-22T15:31:46.756,39.4684,0.5831,0.1676
2026-07-22T15:31:46.756,39.4684,0.5244,0.2459
2026-07-22T15:31:46.763,39.4883,0.5635,0.2264
2026-07-22T15:31:46.763,39.4883,0.5831,0.2068
2026-07-22T15:31:46.787,39.4883,0.5831,0.2068
2026-07-22T15:31:46.795,39.5204,0.5635,0.2655
2026-07-22T15:31:46.800,39.5204,0.544,0.2459
2026-07-22T15:31:46.811,39.5204,0.5831,0.2068
2026-07-22T15:31:46.827,39.5521,0.5831,0.2264
2026-07-22T15:31:46.843,39.5521,0.5635,0.2459
2026-07-22T15:31:46.843,39.5521,0.5831,0.1872
2026-07-22T15:31:46.858,39.5783,0.5635,0.1676
2026-07-22T15:31:46.858,39.5783,0.5048,0.2068
2026-07-22T15:31:46.875,39.5831,0.5635,0.2851
2026-07-22T15:31:46.893,39.6066,0.5831,0.2655
2026-07-22T15:31:46.893,39.6066,0.5831,0.2068
2026-07-22T15:31:46.906,39.6148,0.5635,0.2459
2026-07-22T15:31:46.922,39.6326,0.5635,0.148
2026-07-22T15:31:46.929,39.6326,0.6027,0.2068
2026-07-22T15:31:46.938,39.6326,0.544,0.2264
2026-07-22T15:31:46.954,39.6628,0.5831,0.2068
2026-07-22T15:31:46.955,39.6628,0.5635,0.2851
2026-07-22T15:31:46.969,39.6886,0.5635,0.2264
2026-07-22T15:31:46.986,39.6886,0.544,0.2459
2026-07-22T15:31:46.986,39.6938,0.5831,0.1872
2026-07-22T15:31:47.001,39.7107,0.5635,0.1676
2026-07-22T15:31:47.011,39.7107,0.6027,0.2459
2026-07-22T15:31:47.019,39.7213,0.6223,0.2459
2026-07-22T15:31:47.019,39.7468,0.5244,0.2459
2026-07-22T15:31:47.033,39.7468,0.6027,0.2851
2026-07-22T15:31:47.048,39.7468,0.5244,0.2068
2026-07-22T15:31:47.064,39.7725,0.6223,0.1872
2026-07-22T15:31:47.068,39.7725,0.544,0.2264
2026-07-22T15:31:47.070,39.7884,0.681,0.2068
2026-07-22T15:31:47.080,39.8006,0.5635,0.2068
2026-07-22T15:31:47.095,39.8041,0.5635,0.2655
2026-07-22T15:31:47.095,39.8242,0.6027,0.1872
2026-07-22T15:31:47.111,39.8242,0.6419,0.2264
2026-07-22T15:31:47.130,39.8363,0.5244,0.2264
2026-07-22T15:31:47.146,39.8523,0.5831,0.2068
2026-07-22T15:31:47.147,39.8523,0.5831,0.2264
2026-07-22T15:31:47.159,39.8681,0.6223,0.2264
2026-07-22T15:31:47.159,39.8681,0.4852,0.2459
2026-07-22T15:31:47.175,39.8681,0.6027,0.2459
2026-07-22T15:31:47.175,39.9016,0.5635,0.2264
2026-07-22T15:31:47.191,39.9016,0.5831,0.2264
2026-07-22T15:31:47.208,39.926,0.5635,0.2264
2026-07-22T15:31:47.222,39.926,0.5831,0.3243
2026-07-22T15:31:47.224,39.9316,0.5635,0.2264
2026-07-22T15:31:47.245,39.9541,0.5831,0.2264
2026-07-22T15:31:47.249,39.9551,0.5635,0.2068
2026-07-22T15:31:47.256,39.9751,0.6223,0.2264
2026-07-22T15:31:47.274,39.9751,0.544,0.2655
2026-07-22T15:31:47.277,39.9751,0.6419,0.1676
2026-07-22T15:31:47.282,39.9899,0.6223,0.2655
2026-07-22T15:31:47.298,39.9899,0.5831,0.1872
2026-07-22T15:31:47.298,40.0224,0.5831,0.1676
2026-07-22T15:31:47.313,40.0224,0.6419,0.1872
2026-07-22T15:31:47.330,40.0224,0.5048,0.2068
2026-07-22T15:31:47.330,40.0524,0.6027,0.2459
2026-07-22T15:31:47.345,40.0549,0.5635,0.2655
2026-07-22T15:31:47.364,40.0771,0.5831,0.2459
2026-07-22T15:31:47.373,40.0771,0.544,0.2068
2026-07-22T15:31:47.380,40.0807,0.6027,0.2459
2026-07-22T15:31:47.389,40.1019,0.5635,0.2264
2026-07-22T15:31:47.400,40.1019,0.544,0.2459
2026-07-22T15:31:47.403,40.1255,0.5244,0.2264
2026-07-22T15:31:47.416,40.1255,0.6419,0.2068
2026-07-22T15:31:47.425,40.1255,0.544,0.1872
2026-07-22T15:31:47.434,40.1441,0.6027,0.2068
2026-07-22T15:31:47.448,40.1441,0.6027,0.1872
2026-07-22T15:31:47.456,40.1762,0.5635,0.1872
2026-07-22T15:31:47.467,40.1779,0.5635,0.2459
2026-07-22T15:31:47.480,40.1779,0.544,0.2459
2026-07-22T15:31:47.494,40.1936,0.5831,0.2068
2026-07-22T15:31:47.498,40.1936,0.6223,0.2264
2026-07-22T15:31:47.501,40.2257,0.5635,0.1872
2026-07-22T15:31:47.516,40.2257,0.6223,0.2459
2026-07-22T15:31:47.516,40.2332,0.544,0.2068
2026-07-22T15:31:47.548,40.241,0.6027,0.2068
2026-07-22T15:31:47.548,40.241,0.5635,0.2655
2026-07-22T15:31:47.564,40.2749,0.5635,0.2851
2026-07-22T15:31:47.564,40.2749,0.5831,0.2264
2026-07-22T15:31:47.580,40.2749,0.5831,0.2264
2026-07-22T15:31:47.596,40.2894,0.6223,0.1872
2026-07-22T15:31:47.598,40.2894,0.5635,0.2655
2026-07-22T15:31:47.612,40.3234,0.5635,0.1676
2026-07-22T15:31:47.612,40.3234,0.5635,0.2264
2026-07-22T15:31:47.628,40.3234,0.5244,0.2851
2026-07-22T15:31:47.646,40.3524,0.6027,0.3438
2026-07-22T15:31:47.646,40.3524,0.6027,0.2655
2026-07-22T15:31:47.659,40.3699,0.5831,0.1676
2026-07-22T15:31:47.659,40.3699,0.6027,0.2459
2026-07-22T15:31:47.675,40.3699,0.544,0.2068
2026-07-22T15:31:47.675,40.4016,0.544,0.2264
2026-07-22T15:31:47.693,40.4016,0.544,0.2068
2026-07-22T15:31:47.712,40.4236,0.544,0.2264
2026-07-22T15:31:47.722,40.4236,0.5831,0.2068
2026-07-22T15:31:47.724,40.4317,0.5635,0.2068
2026-07-22T15:31:47.746,40.4486,0.544,0.2459
2026-07-22T15:31:47.746,40.4486,0.6223,0.1676
2026-07-22T15:31:47.757,40.479,0.6223,0.3047
2026-07-22T15:31:47.771,40.479,0.5635,0.2068
2026-07-22T15:31:47.771,40.479,0.5831,0.2655
2026-07-22T15:31:47.789,40.4947,0.544,0.1872
2026-07-22T15:31:47.791,40.5104,0.6419,0.2264
2026-07-22T15:31:47.802,40.5339,0.8181,0.2459
2026-07-22T15:31:47.818,40.5339,0.6614,0.2655
2026-07-22T15:31:47.818,40.5339,0.7006,0.2851
2026-07-22T15:31:47.835,40.5602,0.5831,0.2264
2026-07-22T15:31:47.854,40.5622,0.5831,0.2068
2026-07-22T15:31:47.857,40.5662,0.5244,0.2068
2026-07-22T15:31:47.881,40.5886,0.6027,0.2264
2026-07-22T15:31:47.881,40.5909,0.5635,0.2459
2026-07-22T15:31:47.887,40.5909,0.6027,0.2851
2026-07-22T15:31:47.898,40.6045,0.5635,0.2851
2026-07-22T15:31:47.898,40.6045,0.5635,0.1872
2026-07-22T15:31:47.914,40.6374,0.5635,0.2068
2026-07-22T15:31:47.927,40.6374,0.5635,0.2655
2026-07-22T15:31:47.927,40.6374,0.5244,0.2655
2026-07-22T15:31:47.960,40.6716,0.6223,0.1872
2026-07-22T15:31:47.960,40.6716,0.6223,0.2264
2026-07-22T15:31:47.960,40.6716,0.6027,0.2459
2026-07-22T15:31:47.975,40.7002,0.5635,0.2459
2026-07-22T15:31:47.992,40.7022,0.5635,0.2068
2026-07-22T15:31:47.994,40.7042,0.5635,0.3438
2026-07-22T15:31:48.011,40.7248,0.5635,0.2459
2026-07-22T15:31:48.011,40.7248,0.5635,0.2264
2026-07-22T15:31:48.029,40.732,0.544,0.2459
2026-07-22T15:31:48.039,40.7562,0.6223,0.2459
2026-07-22T15:31:48.048,40.7562,0.5244,0.2264
2026-07-22T15:31:48.057,40.7786,0.6223,0.2459
2026-07-22T15:31:48.076,40.7786,0.6027,0.2655
2026-07-22T15:31:48.079,40.7786,0.6419,0.2068
2026-07-22T15:31:48.087,40.8102,0.4656,0.2655
2026-07-22T15:31:48.101,40.8102,0.5831,0.3438
2026-07-22T15:31:48.101,40.8102,0.5635,0.2264
2026-07-22T15:31:48.117,40.8428,0.5831,0.2264
2026-07-22T15:31:48.133,40.8428,0.5244,0.2264
2026-07-22T15:31:48.133,40.8428,0.5831,0.148
2026-07-22T15:31:48.149,40.8735,0.5048,0.1284
2026-07-22T15:31:48.165,40.8735,0.5048,0.1284
2026-07-22T15:31:48.166,40.8735,0.4265,0.1284
2026-07-22T15:31:48.183,40.9074,0.3677,0.0893
2026-07-22T15:31:48.189,40.9074,0.3286,0.0501
2026-07-22T15:31:48.196,40.9074,0.2894,0.0893
2026-07-22T15:31:48.212,40.9365,0.1915,-0.1457
2026-07-22T15:31:48.212,40.9403,0.1132,-0.2044
2026-07-22T15:31:48.230,40.9403,0.0936,-0.3611
2026-07-22T15:31:48.240,40.9534,0.0544,-0.4394
2026-07-22T15:31:48.257,40.9817,0.0153,-0.4981
2026-07-22T15:31:48.259,40.9848,-0.0043,-0.4981
2026-07-22T15:31:48.263,40.9848,-0.0631,-0.5569
2026-07-22T15:31:48.276,40.9925,0.0544,-0.5373
2026-07-22T15:31:48.276,41.0161,-0.0631,-0.5373
2026-07-22T15:31:48.291,41.0161,-0.0435,-0.596
2026-07-22T15:31:48.308,41.0161,-0.0239,-0.5765
2026-07-22T15:31:48.315,41.0262,-0.0826,-0.5177
2026-07-22T15:31:48.323,41.0646,-0.1414,-0.5569
2026-07-22T15:31:48.339,41.0696,-0.0239,-0.5177
2026-07-22T15:31:48.349,41.0736,-0.0239,-0.459
2026-07-22T15:31:48.357,41.0941,0.074,-0.3806
2026-07-22T15:31:48.370,41.0941,0.2111,-0.3611
2026-07-22T15:31:48.385,41.0997,0.2111,-0.3023
2026-07-22T15:31:48.391,41.1046,0.2307,-0.1653
2026-07-22T15:31:48.399,41.1074,0.309,-0.0869
2026-07-22T15:31:48.414,41.1276,0.4069,-0.1065
2026-07-22T15:31:48.422,41.1344,0.4265,-0.0674
2026-07-22T15:31:48.427,41.1392,0.4852,-0.1065
2026-07-22T15:31:48.450,41.1701,0.4656,-0.0674
2026-07-22T15:31:48.450,41.1716,0.446,-0.2044
2026-07-22T15:31:48.462,41.1792,0.4265,-0.1457
2026-07-22T15:31:48.462,41.1872,0.3286,-0.1065
2026-07-22T15:31:48.487,41.2118,0.3286,-0.1653
2026-07-22T15:31:48.494,41.2179,0.1523,-0.3023
2026-07-22T15:31:48.509,41.2265,0.1328,-0.459
2026-07-22T15:31:48.510,41.2319,-0.0435,-0.5765
2026-07-22T15:31:48.516,41.2573,-0.0435,-0.5765
2026-07-22T15:31:48.516,41.2603,-0.2197,-0.6548
2026-07-22T15:31:48.541,41.2661,-0.2589,-0.7331
2026-07-22T15:31:48.551,41.2719,-0.4742,-0.8114
2026-07-22T15:31:48.566,41.3005,-0.3568,-0.8114
2026-07-22T15:31:48.566,41.3005,0.1719,-0.224
2026-07-22T15:31:48.580,41.3148,1.0139,1.6753
2026-07-22T15:31:48.589,41.3289,2.2475,4.1621
2026-07-22T15:31:48.599,41.3587,3.9706,7.3146
2026-07-22T15:31:48.614,41.3704,5.9482,11.3482
2026-07-22T15:31:48.623,41.3765,7.4364,15.6756
2026-07-22T15:31:48.623,41.381,8.7483,20.3162
2026-07-22T15:31:48.655,41.3921,10.0994,25.8771
2026-07-22T15:31:48.655,41.3921,11.1567,31.164
2026-07-22T15:31:48.659,41.3977,12.1162,36.0396
2026-07-22T15:31:48.668,41.4271,13.3106,40.7781
2026-07-22T15:31:48.682,41.4271,14.5638,45.0076
2026-07-22T15:31:48.682,41.4345,15.9344,48.9433
2026-07-22T15:31:48.715,41.4382,17.2855,52.0958
2026-07-22T15:31:48.715,41.4444,19.0674,54.8371
2026-07-22T15:31:48.720,41.4495,20.9863,57.9113
2026-07-22T15:31:48.732,41.4767,22.6115,60.4568
2026-07-22T15:31:48.741,41.4786,23.7472,62.3169
2026-07-22T15:31:48.748,41.4811,24.7066,63.4135
2026-07-22T15:31:48.767,41.4886,26.1752,64.7841
2026-07-22T15:31:48.772,41.4886,27.5458,66.8205
2026-07-22T15:31:48.795,41.5126,28.9165,68.5045
2026-07-22T15:31:48.795,41.5126,29.7976,69.7185
2026-07-22T15:31:48.804,41.5257,30.3655,70.3255
2026-07-22T15:31:48.804,41.5308,30.62,70.8542
2026-07-22T15:31:48.820,41.5613,31.227,71.4416
2026-07-22T15:31:48.830,41.5613,32.4802,72.2444
2026-07-22T15:31:48.835,41.5684,33.4788,72.7731
2026-07-22T15:31:48.854,41.5735,33.6942,73.0472
2026-07-22T15:31:48.857,41.5761,33.3417,73.0472
2026-07-22T15:31:48.867,41.6021,32.8326,73.3409
2026-07-22T15:31:48.867,41.6092,32.4802,73.9479
2026-07-22T15:31:48.891,41.6092,32.4214,74.692
2026-07-22T15:31:48.899,41.6207,32.3823,75.1228
2026-07-22T15:31:48.915,41.6452,32.5585,75.3969
2026-07-22T15:31:48.915,41.6452,32.7739,75.534
2026-07-22T15:31:48.930,41.6452,33.048,75.6514
2026-07-22T15:31:48.944,41.6558,33.283,75.9647
2026-07-22T15:31:48.953,41.6832,33.5571,76.4151
2026-07-22T15:31:48.962,41.6874,33.8508,76.7675
2026-07-22T15:31:48.968,41.692,33.89,76.6305
2026-07-22T15:31:48.984,41.6959,33.4788,76.3759
2026-07-22T15:31:48.993,41.719,33.2438,76.6501
2026-07-22T15:31:48.993,41.719,32.8718,76.9829
2026-07-22T15:31:49.019,41.7305,32.676,77.2375
2026-07-22T15:31:49.019,41.7305,32.6368,77.3354
2026-07-22T15:31:49.031,41.7579,32.7935,77.4137
2026-07-22T15:31:49.042,41.761,33.048,77.3745
2026-07-22T15:31:49.053,41.7654,33.3613,77.8445
2026-07-22T15:31:49.057,41.7715,33.5767,78.1382
2026-07-22T15:31:49.073,41.7967,33.6746,78.2361
2026-07-22T15:31:49.084,41.803,33.8312,78.0403
2026-07-22T15:31:49.088,41.8053,34.1445,78.0011
2026-07-22T15:31:49.104,41.8348,34.262,77.9816
2026-07-22T15:31:49.104,41.8348,34.4578,78.5886
2026-07-22T15:31:49.126,41.8422,34.5753,79.2543
2026-07-22T15:31:49.128,41.844,34.6341,80.018
2026-07-22T15:31:49.144,41.8756,34.6145,80.3704
2026-07-22T15:31:49.152,41.8756,34.5362,80.4683
2026-07-22T15:31:49.163,41.885,34.497,80.1159
2026-07-22T15:31:49.171,41.8875,34.497,80.0767
2026-07-22T15:31:49.184,41.9071,34.7515,80.4487
2026-07-22T15:31:49.184,41.9071,35.0844,80.8403
2026-07-22T15:31:49.198,41.9071,35.1236,80.8795
2026-07-22T15:31:49.210,41.9238,35.2019,80.9187
2026-07-22T15:31:49.230,41.9549,35.2411,81.0753
2026-07-22T15:31:49.230,41.9549,35.2802,81.4278
2026-07-22T15:31:49.230,41.9549,35.3977,81.5061
2026-07-22T15:31:49.250,41.9706,35.3585,81.4669
2026-07-22T15:31:49.262,41.9863,35.0648,81.1341
2026-07-22T15:31:49.262,41.9863,34.9082,81.1341
2026-07-22T15:31:49.290,42.0022,34.8494,81.232
2026-07-22T15:31:49.290,42.0037,34.9865,81.5844
2026-07-22T15:31:49.301,42.0301,35.1236,81.8977
2026-07-22T15:31:49.309,42.0352,35.2606,81.8194
2026-07-22T15:31:49.309,42.0352,35.1627,81.232
2026-07-22T15:31:49.328,42.0496,35.3781,80.5858
2026-07-22T15:31:49.341,42.0806,35.5544,80.4487
2026-07-22T15:31:49.341,42.0806,35.6523,80.6641
2026-07-22T15:31:49.367,42.0895,35.5739,80.8599
2026-07-22T15:31:49.373,42.0922,35.2411,80.8991
2026-07-22T15:31:49.382,42.1123,34.9669,80.5662
2026-07-22T15:31:49.388,42.1123,34.6341,80.0375
2026-07-22T15:31:49.403,42.1251,34.6536,79.7242
2026-07-22T15:31:49.412,42.1306,34.7907,79.6851
2026-07-22T15:31:49.419,42.1518,34.9082,79.6068
2026-07-22T15:31:49.435,42.1578,34.732,79.4697
2026-07-22T15:31:49.435,42.1625,34.6732,79.176
2026-07-22T15:31:49.451,42.1625,34.6145,78.7648
2026-07-22T15:31:49.458,42.1901,34.4382,78.2948
2026-07-22T15:31:49.467,42.1949,34.6928,78.0207
2026-07-22T15:31:49.483,42.196,34.8886,77.962
2026-07-22T15:31:49.485,42.199,35.0061,78.1578
2026-07-22T15:31:49.508,42.2249,34.9865,78.1578
2026-07-22T15:31:49.518,42.2309,34.8299,78.2557
2026-07-22T15:31:49.521,42.2309,34.7515,78.0207
2026-07-22T15:31:49.532,42.2633,34.497,77.8249
2026-07-22T15:31:49.532,42.2675,34.4774,77.7466
2026-07-22T15:31:49.554,42.2695,34.5949,77.6878
2026-07-22T15:31:49.558,42.2722,34.8103,77.6683
2026-07-22T15:31:49.579,42.3004,35.1627,77.6878
2026-07-22T15:31:49.579,42.3014,35.2411,77.492
2026-07-22T15:31:49.592,42.3084,35.1432,77.0025
2026-07-22T15:31:49.604,42.3353,34.6341,76.3563
2026-07-22T15:31:49.613,42.3392,34.2816,76.0626
2026-07-22T15:31:49.630,42.344,34.2229,75.9843
2026-07-22T15:31:49.631,42.3474,34.3795,75.9647
2026-07-22T15:31:49.643,42.3699,34.4578,75.9843
2026-07-22T15:31:49.654,42.3726,34.5362,76.0039
2026-07-22T15:31:49.662,42.379,34.6341,76.0039
2026-07-22T15:31:49.670,42.379,34.7907,76.0431
2026-07-22T15:31:49.683,42.41,34.6732,75.9256
2026-07-22T15:31:49.683,42.41,34.4578,75.671
2026-07-22T15:31:49.702,42.413,34.3991,75.3577
2026-07-22T15:31:49.714,42.4431,34.3012,75.2402
2026-07-22T15:31:49.714,42.4448,34.2033,75.2402
2026-07-22T15:31:49.732,42.4484,34.0662,75.2402
2026-07-22T15:31:49.736,42.4484,33.8508,75.0836
2026-07-22T15:31:49.752,42.4799,33.7138,74.7311
2026-07-22T15:31:49.758,42.4799,33.655,74.3591
2026-07-22T15:31:49.771,42.4799,33.6942,74.0262
2026-07-22T15:31:49.771,42.5097,33.7921,73.8304
2026-07-22T15:31:49.788,42.5097,33.8312,73.7129
2026-07-22T15:31:49.803,42.5259,33.7725,73.7129
2026-07-22T15:31:49.803,42.532,33.7138,73.7717
2026-07-22T15:31:49.815,42.5552,33.6942,73.7717
2026-07-22T15:31:49.832,42.5693,33.6159,73.5563
2026-07-22T15:31:49.832,42.573,33.4005,73.2626
2026-07-22T15:31:49.849,42.5816,33.3026,72.9101
2026-07-22T15:31:49.860,42.5856,33.3221,72.636
2026-07-22T15:31:49.866,42.6028,33.3417,72.6164
2026-07-22T15:31:49.878,42.6028,33.3809,72.6947
2026-07-22T15:31:49.892,42.6188,33.3417,72.5381
2026-07-22T15:31:49.904,42.6242,33.2438,72.401
2026-07-22T15:31:49.910,42.6242,33.1068,72.3815
2026-07-22T15:31:49.910,42.6526,33.0089,72.401
2026-07-22T15:31:49.926,42.6588,32.8718,72.3423
2026-07-22T15:31:49.945,42.6635,32.813,72.3227
2026-07-22T15:31:49.953,42.6663,32.8326,72.3031
2026-07-22T15:31:49.958,42.6902,33.0676,72.3227
2026-07-22T15:31:49.973,42.6962,33.283,72.3031
2026-07-22T15:31:49.986,42.6999,33.4396,72.0682
2026-07-22T15:31:49.989,42.6999,33.3417,71.8724
2026-07-22T15:31:50.000,42.7272,33.1459,71.8332
2026-07-22T15:31:50.006,42.7329,33.0284,71.8136
2026-07-22T15:31:50.023,42.7374,32.9501,71.794
2026-07-22T15:31:50.023,42.7469,33.0676,71.7157
2026-07-22T15:31:50.043,42.7711,33.1459,71.657
2026-07-22T15:31:50.052,42.7802,33.0872,71.5003
2026-07-22T15:31:50.060,42.782,33.0284,71.422
2026-07-22T15:31:50.070,42.782,32.9305,71.3633
2026-07-22T15:31:50.078,42.8116,32.7739,71.2066
2026-07-22T15:31:50.084,42.8116,32.6564,71.1674
2026-07-22T15:31:50.100,42.8116,32.5585,71.3241
2026-07-22T15:31:50.105,42.8264,32.5781,71.2654
2026-07-22T15:31:50.116,42.8528,32.676,71.2458
2026-07-22T15:31:50.131,42.8563,32.8326,71.2654
2026-07-22T15:31:50.134,42.8601,33.1263,71.3241
2026-07-22T15:31:50.149,42.8644,33.2047,71.3437
2026-07-22T15:31:50.167,42.8895,33.2438,71.2849
2026-07-22T15:31:50.167,42.8895,33.3026,71.3633
2026-07-22T15:31:50.183,42.8962,33.3613,71.4612
2026-07-22T15:31:50.187,42.8962,33.3613,71.422
2026-07-22T15:31:50.200,42.9297,33.1655,71.3828
2026-07-22T15:31:50.211,42.9297,33.0676,71.187
2026-07-22T15:31:50.219,42.9401,33.0676,71.3045
2026-07-22T15:31:50.228,42.9642,33.0676,71.4024
2026-07-22T15:31:50.242,42.9674,33.0872,71.657
2026-07-22T15:31:50.252,42.974,33.2438,71.6765
2026-07-22T15:31:50.258,42.974,33.2047,71.5786
2026-07-22T15:31:50.275,43.0037,33.1459,71.3437
2026-07-22T15:31:50.275,43.0076,33.0676,71.2654
2026-07-22T15:31:50.297,43.0076,32.9697,71.2458
2026-07-22T15:31:50.297,43.0149,32.8522,71.4024
2026-07-22T15:31:50.306,43.0448,32.7935,71.5003
2026-07-22T15:31:50.322,43.0465,32.7543,71.5003
2026-07-22T15:31:50.330,43.0465,32.813,71.5395
2026-07-22T15:31:50.338,43.0465,32.6368,71.4024
2026-07-22T15:31:50.343,43.0812,32.7151,71.2849
2026-07-22T15:31:50.358,43.0812,32.6564,71.0304
2026-07-22T15:31:50.369,43.0884,32.7347,71.0695
2026-07-22T15:31:50.369,43.1152,32.9109,71.3241
2026-07-22T15:31:50.387,43.1192,33.048,71.5003
2026-07-22T15:31:50.404,43.125,33.1263,71.657
2026-07-22T15:31:50.411,43.125,33.4005,71.7745
2026-07-22T15:31:50.418,43.1342,34.0075,71.9898
2026-07-22T15:31:50.432,43.1614,34.497,72.1661
2026-07-22T15:31:50.442,43.1614,34.6732,72.4206
2026-07-22T15:31:50.448,43.1686,34.4382,72.4598
2026-07-22T15:31:50.458,43.1924,34.0075,72.401
2026-07-22T15:31:50.464,43.1976,33.5571,72.1856
2026-07-22T15:31:50.484,43.2004,33.1655,72.0094
2026-07-22T15:31:50.491,43.2004,33.0284,71.8332
2026-07-22T15:31:50.504,43.2261,33.0872,71.8919
2026-07-22T15:31:50.511,43.2306,33.2242,71.9507
2026-07-22T15:31:50.523,43.2357,33.3613,72.0486
2026-07-22T15:31:50.527,43.2357,33.4592,72.2248
2026-07-22T15:31:50.543,43.2618,33.3809,72.029
2026-07-22T15:31:50.559,43.2676,33.3026,71.7157
2026-07-22T15:31:50.559,43.2676,33.2047,71.6178
2026-07-22T15:31:50.575,43.2965,33.0676,71.6765
2026-07-22T15:31:50.575,43.3009,32.9109,71.7353
2026-07-22T15:31:50.590,43.3043,32.8718,71.7353
2026-07-22T15:31:50.597,43.3063,32.6368,71.6765
2026-07-22T15:31:50.606,43.3261,32.6172,71.5199
2026-07-22T15:31:50.623,43.3358,32.5389,71.3633
2026-07-22T15:31:50.631,43.3428,32.6172,71.1283
2026-07-22T15:31:50.639,43.3644,32.6956,71.2262
2026-07-22T15:31:50.658,43.3644,32.813,71.3828
2026-07-22T15:31:50.664,43.3726,32.9305,71.6765
2026-07-22T15:31:50.676,43.3968,33.1263,72.0486
2026-07-22T15:31:50.682,43.4008,33.2438,72.5185
2026-07-22T15:31:50.687,43.4087,33.3809,72.6164
2026-07-22T15:31:50.701,43.4187,33.3221,72.4402
2026-07-22T15:31:50.701,43.4397,33.2242,72.3031
2026-07-22T15:31:50.724,43.4446,33.1655,72.3031
2026-07-22T15:31:50.730,43.4446,33.2634,72.6164
2026-07-22T15:31:50.742,43.4507,33.1655,72.7927
2026-07-22T15:31:50.757,43.4737,33.3417,72.7731
2026-07-22T15:31:50.763,43.4782,33.4396,72.5577
2026-07-22T15:31:50.767,43.4831,33.4592,72.2444
2026-07-22T15:31:50.785,43.5125,33.3026,72.1269
2026-07-22T15:31:50.785,43.5125,33.2634,72.0486
2026-07-22T15:31:50.806,43.5209,33.3417,72.401
2026-07-22T15:31:50.811,43.542,33.518,72.6947
2026-07-22T15:31:50.818,43.5494,33.7138,72.9493
2026-07-22T15:31:50.832,43.5494,33.8704,72.9689
2026-07-22T15:31:50.848,43.5606,33.7921,73.1059
2026-07-22T15:31:50.856,43.5731,33.8508,73.1843
2026-07-22T15:31:50.865,43.5867,33.9291,73.3409
2026-07-22T15:31:50.865,43.5888,34.0271,73.3997
2026-07-22T15:31:50.880,43.5971,34.0075,73.4192
2026-07-22T15:31:50.892,43.6225,33.9096,73.243
2026-07-22T15:31:50.896,43.6225,33.9683,73.0864
2026-07-22T15:31:50.912,43.6225,33.9879,73.1255
2026-07-22T15:31:50.923,43.636,33.9291,73.3997
2026-07-22T15:31:50.929,43.6527,33.9683,73.615
2026-07-22T15:31:50.929,43.6527,33.655,73.6346
2026-07-22T15:31:50.945,43.6677,33.42,73.615
2026-07-22T15:31:50.959,43.6727,33.3026,73.3213
2026-07-22T15:31:50.975,43.7061,33.3417,73.0668
2026-07-22T15:31:50.975,43.7061,33.4984,73.2038
2026-07-22T15:31:50.991,43.7147,33.6746,73.4388
2026-07-22T15:31:50.995,43.7362,33.8312,73.5955
2026-07-22T15:31:51.006,43.7504,33.89,73.615
2026-07-22T15:31:51.029,43.7538,34.0075,73.5563
2026-07-22T15:31:51.029,43.7538,34.0858,73.3409
2026-07-22T15:31:51.043,43.7622,34.1054,73.2822
2026-07-22T15:31:51.051,43.7849,34.1641,73.3213
2026-07-22T15:31:51.059,43.7849,34.0075,73.3213
2026-07-22T15:31:51.073,43.7936,33.7138,73.1843
2026-07-22T15:31:51.085,43.7988,33.5571,73.2038
2026-07-22T15:31:51.093,43.8291,33.4788,73.0472
2026-07-22T15:31:51.102,43.8353,33.4788,72.8906
2026-07-22T15:31:51.116,43.8407,33.3809,72.8318
2026-07-22T15:31:51.122,43.8407,33.4592,72.636
2026-07-22T15:31:51.135,43.8685,33.518,72.4794
2026-07-22T15:31:51.135,43.8743,33.42,72.401
2026-07-22T15:31:51.160,43.8801,33.2242,72.2836
2026-07-22T15:31:51.164,43.8825,33.2242,72.2248
2026-07-22T15:31:51.176,43.9037,33.2242,72.1269
2026-07-22T15:31:51.181,43.9037,33.283,72.1465
2026-07-22T15:31:51.191,43.9037,33.4396,72.029
2026-07-22T15:31:51.203,43.9168,33.5963,72.2052
2026-07-22T15:31:51.205,43.9421,33.8508,72.2052
2026-07-22T15:31:51.211,43.947,33.7921,72.2248
2026-07-22T15:31:51.227,43.9509,33.5571,72.0094
2026-07-22T15:31:51.243,43.9552,33.2438,71.7549
2026-07-22T15:31:51.253,43.9776,32.9893,71.5003
2026-07-22T15:31:51.260,43.9838,32.8522,71.2458
2026-07-22T15:31:51.270,43.9866,32.7543,71.0891
2026-07-22T15:31:51.285,44.0135,32.7739,71.1283
2026-07-22T15:31:51.289,44.0197,32.8522,71.2654
2026-07-22T15:31:51.300,44.0197,33.0089,71.4416
2026-07-22T15:31:51.309,44.0302,33.1263,71.5786
2026-07-22T15:31:51.322,44.0547,33.2634,71.4807
2026-07-22T15:31:51.322,44.0547,33.4592,71.2458
2026-07-22T15:31:51.342,44.0632,33.518,71.3045
2026-07-22T15:31:51.353,44.0661,33.4984,71.2654
2026-07-22T15:31:51.367,44.0918,33.518,71.1283
2026-07-22T15:31:51.367,44.0991,33.4592,71.0695
2026-07-22T15:31:51.383,44.1032,33.3417,70.9912
2026-07-22T15:31:51.389,44.1032,33.3026,70.815
2026-07-22T15:31:51.399,44.1361,33.1068,70.5604
2026-07-22T15:31:51.415,44.1376,32.9501,70.3255
2026-07-22T15:31:51.422,44.1407,32.8326,70.3646
2026-07-22T15:31:51.432,44.1407,32.813,70.2472
2026-07-22T15:31:51.441,44.1764,32.9305,70.3646
2026-07-22T15:31:51.446,44.1834,32.9305,70.3842
2026-07-22T15:31:51.463,44.1869,32.8914,70.3451
2026-07-22T15:31:51.463,44.1939,32.8326,70.1492
2026-07-22T15:31:51.478,44.1939,32.7347,70.1688
2026-07-22T15:31:51.494,44.2186,32.676,70.0905
2026-07-22T15:31:51.499,44.2295,32.7151,70.2276
2026-07-22T15:31:51.510,44.2342,32.8914,70.4625
2026-07-22T15:31:51.517,44.2378,33.0284,70.58
2026-07-22T15:31:51.531,44.2633,33.0872,70.5017
2026-07-22T15:31:51.541,44.266,32.9697,70.1884
2026-07-22T15:31:51.557,44.272,32.813,69.8164
2026-07-22T15:31:51.561,44.272,32.8522,69.6597
2026-07-22T15:31:51.574,44.2973,33.1851,69.9339
2026-07-22T15:31:51.574,44.3059,33.518,70.3646
2026-07-22T15:31:51.595,44.3105,33.7529,70.5996
2026-07-22T15:31:51.595,44.314,33.5963,70.6779
2026-07-22T15:31:51.620,44.3445,33.2242,70.3059
2026-07-22T15:31:51.620,44.3473,32.8914,70.1297
2026-07-22T15:31:51.636,44.3473,32.7151,69.9926
2026-07-22T15:31:51.648,44.3753,32.8718,70.208
2026-07-22T15:31:51.659,44.3837,33.0284,70.2863
2026-07-22T15:31:51.659,44.3837,33.1851,70.3255
2026-07-22T15:31:51.670,44.3905,33.2242,70.1688
2026-07-22T15:31:51.679,44.3974,33.048,69.836
2026-07-22T15:31:51.698,44.4267,32.8522,69.5031
2026-07-22T15:31:51.698,44.4316,32.6956,69.1898
2026-07-22T15:31:51.713,44.4346,32.4998,69.0723
2026-07-22T15:31:51.720,44.4422,32.4998,69.0919
2026-07-22T15:31:51.729,44.4661,32.4214,69.1115
2026-07-22T15:31:51.729,44.47,32.3431,69.2094
2026-07-22T15:31:51.756,44.4735,32.2844,69.0136
2026-07-22T15:31:51.765,44.4847,32.1081,68.7982
2026-07-22T15:31:51.772,44.5065,32.069,68.5045
2026-07-22T15:31:51.781,44.5117,32.0494,68.3282
2026-07-22T15:31:51.789,44.5117,32.0102,68.0541
2026-07-22T15:31:51.796,44.52,31.9319,67.8779
2026-07-22T15:31:51.812,44.5501,31.7557,67.6233
2026-07-22T15:31:51.818,44.5531,31.5599,67.5058
2026-07-22T15:31:51.834,44.5581,31.3641,67.3296
2026-07-22T15:31:51.843,44.5633,31.2074,67.2513
2026-07-22T15:31:51.843,44.5895,31.1095,67.0946
2026-07-22T15:31:51.868,44.5933,31.3053,66.9576
2026-07-22T15:31:51.873,44.5987,31.2857,66.9184
2026-07-22T15:31:51.886,44.6015,31.3641,66.9184
2026-07-22T15:31:51.893,44.6249,31.4228,66.8205
2026-07-22T15:31:51.900,44.6319,31.3249,66.6051
2026-07-22T15:31:51.900,44.6319,31.0704,66.2918
2026-07-22T15:31:51.922,44.639,30.9137,65.9785
2026-07-22T15:31:51.928,44.6445,30.8354,65.6457
2026-07-22T15:31:51.948,44.6733,30.7375,65.7436
2026-07-22T15:31:51.948,44.677,30.7179,65.8611
2026-07-22T15:31:51.962,44.677,30.7375,65.9981
2026-07-22T15:31:51.967,44.677,30.7179,65.9981
2026-07-22T15:31:51.984,44.7099,30.6787,66.1352
2026-07-22T15:31:51.984,44.7099,30.5808,65.959
2026-07-22T15:31:52.000,44.7243,30.5808,65.7632
2026-07-22T15:31:52.000,44.7253,30.4438,65.4499
2026-07-22T15:31:52.015,44.7484,30.5613,65.4107
2026-07-22T15:31:52.032,44.7558,30.6787,65.3911
2026-07-22T15:31:52.046,44.7611,30.7571,65.489
2026-07-22T15:31:52.052,44.7663,30.7375,65.4303
2026-07-22T15:31:52.064,44.7871,30.6787,65.352
2026-07-22T15:31:52.071,44.7942,30.5808,65.0974
2026-07-22T15:31:52.084,44.8028,30.4829,64.8624
2026-07-22T15:31:52.089,44.8055,30.5221,64.7841
2026-07-22T15:31:52.098,44.8289,30.3655,64.7841
2026-07-22T15:31:52.110,44.8328,30.2871,64.8233
2026-07-22T15:31:52.126,44.8371,30.2284,64.882
2026-07-22T15:31:52.135,44.8631,30.3459,64.9016
2026-07-22T15:31:52.143,44.868,30.4829,65.1757
2026-07-22T15:31:52.157,44.868,30.6396,65.2541
2026-07-22T15:31:52.162,44.8746,30.7571,65.0974
2026-07-22T15:31:52.175,44.9016,30.5025,64.7841
2026-07-22T15:31:52.175,44.9016,30.3067,64.5687
2026-07-22T15:31:52.191,44.9054,30.1501,64.3925
2026-07-22T15:31:52.197,44.9132,30.1305,64.4121
2026-07-22T15:31:52.210,44.9357,30.1305,64.5296
2026-07-22T15:31:52.224,44.9398,30.1109,64.4121
2026-07-22T15:31:52.236,44.9466,29.9543,64.0596
2026-07-22T15:31:52.245,44.9691,29.8172,63.668
2026-07-22T15:31:52.252,44.9721,29.6018,63.2177
2026-07-22T15:31:52.267,44.9785,29.406,62.9435
2026-07-22T15:31:52.272,44.985,29.3668,62.8848
2026-07-22T15:31:52.283,45.0144,29.2493,62.7477
2026-07-22T15:31:52.283,45.0144,29.171,62.6107
2026-07-22T15:31:52.301,45.0201,29.3081,62.3365
2026-07-22T15:31:52.310,45.0261,29.2298,61.9841
2026-07-22T15:31:52.317,45.0487,29.3277,61.6708
2026-07-22T15:31:52.337,45.0487,29.1906,61.3771
2026-07-22T15:31:52.343,45.056,29.034,61.2204
2026-07-22T15:31:52.356,45.085,28.8969,61.0638
2026-07-22T15:31:52.363,45.0887,28.7402,61.0442
2026-07-22T15:31:52.381,45.0947,28.6815,60.8484
2026-07-22T15:31:52.381,45.0947,28.5836,60.6134
2026-07-22T15:31:52.395,45.1205,28.564,60.3589
2026-07-22T15:31:52.395,45.124,28.4661,60.1239
2026-07-22T15:31:52.411,45.1295,28.4074,59.8889
2026-07-22T15:31:52.421,45.1356,28.3291,59.7714
2026-07-22T15:31:52.428,45.1598,28.3291,59.7323
2026-07-22T15:31:52.447,45.1641,28.3878,59.6931
2026-07-22T15:31:52.447,45.1661,28.3486,59.5169
2026-07-22T15:31:52.467,45.1977,28.5053,59.3602
2026-07-22T15:31:52.473,45.1977,28.564,59.184
2026-07-22T15:31:52.483,45.2043,28.6423,59.1057
2026-07-22T15:31:52.489,45.2135,28.5444,59.0078
2026-07-22T15:31:52.505,45.2385,28.4661,58.9882
2026-07-22T15:31:52.507,45.2411,28.4465,58.9491
2026-07-22T15:31:52.520,45.2451,28.427,58.9295
2026-07-22T15:31:52.527,45.2531,28.6815,59.0665
2026-07-22T15:31:52.536,45.2552,28.8969,59.1253
2026-07-22T15:31:52.556,45.2841,28.8969,59.0861
2026-07-22T15:31:52.564,45.2841,28.9361,59.047
2026-07-22T15:31:52.568,45.2923,28.8969,58.8707
2026-07-22T15:31:52.578,45.3164,28.7207,58.7532
2026-07-22T15:31:52.588,45.3248,28.7402,58.812
2026-07-22T15:31:52.607,45.3267,28.7794,58.7924
2026-07-22T15:31:52.607,45.3288,28.7794,58.812
2026-07-22T15:31:52.625,45.3552,28.7794,58.812
2026-07-22T15:31:52.636,45.3585,28.8969,58.8316
2026-07-22T15:31:52.643,45.3613,28.9752,58.9099
2026-07-22T15:31:52.652,45.3716,28.9165,58.7728
2026-07-22T15:31:52.664,45.3987,28.8773,58.6162
2026-07-22T15:31:52.664,45.4034,28.7207,58.4204
2026-07-22T15:31:52.684,45.404,28.7011,58.2441
2026-07-22T15:31:52.694,45.4129,28.6032,58.1658
