wall_time,elapsed_s,F1_N,F2_N
2026-07-20T16:55:16.357,0.0358,-7.4924,-4.4883
2026-07-20T16:55:16.360,0.0379,-7.3749,-4.645
2026-07-20T16:55:16.372,0.0379,-7.2574,-4.4296
2026-07-20T16:55:16.372,0.0379,-7.4924,-4.6058
2026-07-20T16:55:16.396,0.063,-7.3945,-4.6645
2026-07-20T16:55:16.404,0.0739,-7.1595,-4.3512
2026-07-20T16:55:16.410,0.0739,-7.5511,-4.5471
2026-07-20T16:55:16.431,0.1063,-7.2378,-4.645
2026-07-20T16:55:16.435,0.1063,-7.3357,-4.3121
2026-07-20T16:55:16.435,0.1063,-7.3749,-4.6645
2026-07-20T16:55:16.460,0.1391,-7.2378,-4.6254
2026-07-20T16:55:16.460,0.1391,-7.3162,-4.4883
2026-07-20T16:55:16.468,0.1414,-7.6295,-4.6058
2026-07-20T16:55:16.483,0.1437,-7.1987,-4.6058
2026-07-20T16:55:16.498,0.1724,-7.3945,-4.5275
2026-07-20T16:55:16.498,0.1724,-7.5316,-4.7233
2026-07-20T16:55:16.514,0.1734,-7.2574,-4.4687
2026-07-20T16:55:16.525,0.1892,-7.5707,-4.4687
2026-07-20T16:55:16.530,0.205,-7.2378,-4.6841
2026-07-20T16:55:16.546,0.205,-7.1791,-4.4883
2026-07-20T16:55:16.562,0.2208,-7.3749,-4.4687
2026-07-20T16:55:16.562,0.2365,-7.4532,-4.6841
2026-07-20T16:55:16.562,0.2365,-7.1595,-4.4883
2026-07-20T16:55:16.577,0.2365,-7.4336,-4.6254
2026-07-20T16:55:16.593,0.2624,-7.4728,-4.645
2026-07-20T16:55:16.593,0.2624,-7.2574,-4.3708
2026-07-20T16:55:16.622,0.2838,-7.512,-4.4687
2026-07-20T16:55:16.625,0.2838,-7.3749,-4.782
2026-07-20T16:55:16.635,0.2838,-7.2183,-4.3904
2026-07-20T16:55:16.643,0.32,-7.5903,-4.3904
2026-07-20T16:55:16.652,0.32,-7.3749,-4.7429
2026-07-20T16:55:16.656,0.32,-7.1008,-4.3317
2026-07-20T16:55:16.672,0.3484,-7.4924,-4.4491
2026-07-20T16:55:16.687,0.3515,-7.3749,-4.6841
2026-07-20T16:55:16.692,0.3515,-7.3749,-4.41
2026-07-20T16:55:16.707,0.3796,-7.4728,-4.5666
2026-07-20T16:55:16.719,0.3816,-7.3357,-4.7429
2026-07-20T16:55:16.724,0.3816,-7.1791,-4.3708
2026-07-20T16:55:16.734,0.4088,-7.4141,-4.5275
2026-07-20T16:55:16.740,0.4088,-7.2574,-4.7233
2026-07-20T16:55:16.754,0.4088,-7.2574,-4.2729
2026-07-20T16:55:16.770,0.427,-7.4924,-4.5862
2026-07-20T16:55:16.776,0.427,-7.2966,-4.5275
2026-07-20T16:55:16.781,0.4407,-7.4924,-4.2925
2026-07-20T16:55:16.797,0.4564,-7.5316,-4.7233
2026-07-20T16:55:16.799,0.4564,-7.2966,-4.6254
2026-07-20T16:55:16.799,0.4564,-7.2183,-4.3708
2026-07-20T16:55:16.827,0.4889,-7.5511,-4.5471
2026-07-20T16:55:16.829,0.4889,-7.1987,-4.645
2026-07-20T16:55:16.829,0.5193,-7.2574,-4.3708
2026-07-20T16:55:16.861,0.5238,-7.512,-4.6058
2026-07-20T16:55:16.861,0.5238,-7.2183,-4.6645
2026-07-20T16:55:16.861,0.5238,-7.3357,-4.3317
2026-07-20T16:55:16.892,0.5511,-7.5707,-4.6254
2026-07-20T16:55:16.892,0.5511,-7.2183,-4.645
2026-07-20T16:55:16.896,0.5824,-7.3357,-4.3708
2026-07-20T16:55:16.923,0.5824,-7.4532,-4.6645
2026-07-20T16:55:16.923,0.5824,-7.1791,-4.6058
2026-07-20T16:55:16.935,0.5824,-7.2966,-4.3512
2026-07-20T16:55:16.955,0.6138,-7.4924,-4.5666
2026-07-20T16:55:16.955,0.6138,-7.4141,-4.41
2026-07-20T16:55:16.955,0.6138,-7.4336,-4.4491
2026-07-20T16:55:16.970,0.6508,-7.5511,-4.645
2026-07-20T16:55:16.986,0.6508,-7.1987,-4.5471
2026-07-20T16:55:16.986,0.6508,-7.3749,-4.41
2026-07-20T16:55:17.017,0.68,-7.5511,-4.6841
2026-07-20T16:55:17.017,0.68,-7.1987,-4.645
2026-07-20T16:55:17.023,0.68,-7.2574,-4.41
2026-07-20T16:55:17.023,0.7249,-7.3749,-4.6058
2026-07-20T16:55:17.037,0.7249,-7.1399,-4.5862
2026-07-20T16:55:17.052,0.7249,-7.3357,-4.4491
2026-07-20T16:55:17.064,0.7249,-7.4336,-4.645
2026-07-20T16:55:17.064,0.7552,-7.2574,-4.7037
2026-07-20T16:55:17.085,0.7552,-7.3553,-4.3708
2026-07-20T16:55:17.085,0.7552,-7.3749,-4.6058
2026-07-20T16:55:17.097,0.7552,-7.1791,-4.6254
2026-07-20T16:55:17.120,0.7866,-7.3162,-4.4687
2026-07-20T16:55:17.128,0.7866,-7.4728,-4.7429
2026-07-20T16:55:17.128,0.7866,-7.2378,-4.5275
2026-07-20T16:55:17.148,0.818,-7.3749,-4.2925
2026-07-20T16:55:17.159,0.818,-7.4336,-4.782
2026-07-20T16:55:17.159,0.818,-7.1987,-4.5666
2026-07-20T16:55:17.159,0.818,-7.4141,-4.3121
2026-07-20T16:55:17.190,0.8601,-7.3945,-4.6645
2026-07-20T16:55:17.190,0.8601,-7.2183,-4.41
2026-07-20T16:55:17.190,0.8653,-7.5511,-4.5862
2026-07-20T16:55:17.218,0.8922,-7.2574,-4.5666
2026-07-20T16:55:17.222,0.8922,-7.2574,-4.2533
2026-07-20T16:55:17.232,0.8971,-7.5707,-4.4491
2026-07-20T16:55:17.248,0.9223,-7.2966,-4.645
2026-07-20T16:55:17.255,0.9223,-7.2378,-4.3708
2026-07-20T16:55:17.255,0.9223,-7.4532,-4.5666
2026-07-20T16:55:17.284,0.9444,-7.3162,-4.6254
2026-07-20T16:55:17.285,0.9444,-7.3945,-4.5471
2026-07-20T16:55:17.295,0.9444,-7.4532,-4.7624
2026-07-20T16:55:17.301,0.9833,-7.1008,-4.4687
2026-07-20T16:55:17.317,0.9833,-7.3553,-4.4883
2026-07-20T16:55:17.317,0.9833,-7.512,-4.5862
2026-07-20T16:55:17.336,1.0071,-7.2378,-4.5862
2026-07-20T16:55:17.353,1.0071,-7.3945,-4.3904
2026-07-20T16:55:17.353,1.0071,-7.4336,-4.6841
2026-07-20T16:55:17.379,1.0387,-7.1987,-4.5275
2026-07-20T16:55:17.379,1.0387,-7.4532,-4.4883
2026-07-20T16:55:17.379,1.0387,-7.5511,-4.5862
2026-07-20T16:55:17.395,1.0707,-7.277,-4.5666
2026-07-20T16:55:17.395,1.0707,-7.4336,-4.4296
2026-07-20T16:55:17.411,1.0707,-7.4728,-4.645
2026-07-20T16:55:17.430,1.0865,-7.1987,-4.5079
2026-07-20T16:55:17.430,1.0865,-7.5511,-4.4491
2026-07-20T16:55:17.443,1.1023,-7.3357,-4.7624
2026-07-20T16:55:17.458,1.1231,-7.2183,-4.3708
2026-07-20T16:55:17.459,1.1231,-7.5511,-4.5079
2026-07-20T16:55:17.475,1.1231,-7.2183,-4.782
2026-07-20T16:55:17.495,1.1553,-7.2183,-4.4687
2026-07-20T16:55:17.495,1.1553,-7.5511,-4.4491
2026-07-20T16:55:17.495,1.1588,-7.4336,-4.7037
2026-07-20T16:55:17.522,1.1853,-7.2574,-4.5275
2026-07-20T16:55:17.522,1.1853,-7.3553,-4.3904
2026-07-20T16:55:17.531,1.1853,-7.4336,-4.7429
2026-07-20T16:55:17.553,1.2121,-7.2378,-4.4883
2026-07-20T16:55:17.553,1.2121,-7.5903,-4.645
2026-07-20T16:55:17.558,1.2438,-7.2574,-4.7037
2026-07-20T16:55:17.576,1.2438,-7.1399,-4.4883
2026-07-20T16:55:17.584,1.2438,-7.5511,-4.5275
2026-07-20T16:55:17.600,1.2753,-7.277,-4.7233
2026-07-20T16:55:17.600,1.2753,-7.2574,-4.4296
2026-07-20T16:55:17.600,1.2753,-7.4924,-4.5275
2026-07-20T16:55:17.616,1.2805,-7.4336,-4.7233
2026-07-20T16:55:17.635,1.3067,-7.1399,-4.4883
2026-07-20T16:55:17.635,1.3067,-7.5511,-4.5666
2026-07-20T16:55:17.653,1.3106,-7.3749,-4.7624
2026-07-20T16:55:17.663,1.3258,-7.2183,-4.4687
2026-07-20T16:55:17.668,1.3258,-7.5511,-4.5275
2026-07-20T16:55:17.683,1.3385,-7.3749,-4.782
2026-07-20T16:55:17.693,1.3541,-7.3162,-4.41
2026-07-20T16:55:17.698,1.3641,-7.5316,-4.6058
2026-07-20T16:55:17.713,1.3667,-7.3357,-4.7624
2026-07-20T16:55:17.726,1.3855,-7.3357,-4.3512
2026-07-20T16:55:17.726,1.3855,-7.6295,-4.6254
2026-07-20T16:55:17.748,1.4168,-7.3553,-4.6645
2026-07-20T16:55:17.758,1.4168,-7.2378,-4.5079
2026-07-20T16:55:17.758,1.4214,-7.512,-4.5666
2026-07-20T16:55:17.776,1.4481,-7.4532,-4.6841
2026-07-20T16:55:17.777,1.4501,-7.2183,-4.3512
2026-07-20T16:55:17.796,1.4542,-7.4532,-4.645
2026-07-20T16:55:17.817,1.481,-7.2183,-4.6645
2026-07-20T16:55:17.817,1.481,-7.3945,-4.4491
2026-07-20T16:55:17.824,1.481,-7.5707,-4.5079
2026-07-20T16:55:17.836,1.5122,-7.3162,-4.7233
2026-07-20T16:55:17.844,1.5122,-7.2183,-4.41
2026-07-20T16:55:17.853,1.5122,-7.5511,-4.7233
2026-07-20T16:55:17.873,1.5427,-7.2378,-4.645
2026-07-20T16:55:17.873,1.5427,-7.2574,-4.3512
2026-07-20T16:55:17.885,1.5427,-7.6295,-4.645
2026-07-20T16:55:17.885,1.5696,-7.2574,-4.6645
2026-07-20T16:55:17.904,1.5766,-7.277,-4.4491
2026-07-20T16:55:17.904,1.5766,-7.4532,-4.5666
2026-07-20T16:55:17.929,1.6043,-7.2183,-4.7233
2026-07-20T16:55:17.942,1.6043,-7.3945,-4.3904
2026-07-20T16:55:17.942,1.6061,-7.512,-4.7037
2026-07-20T16:55:17.953,1.6305,-7.1595,-4.5471
2026-07-20T16:55:17.965,1.6305,-7.3357,-4.4491
2026-07-20T16:55:17.965,1.6305,-7.4141,-4.6841
2026-07-20T16:55:17.991,1.6537,-7.277,-4.3121
2026-07-20T16:55:18.001,1.6537,-7.3553,-4.3904
2026-07-20T16:55:18.003,1.6537,-7.4924,-4.7429
2026-07-20T16:55:18.026,1.688,-7.1791,-4.3904
2026-07-20T16:55:18.026,1.688,-7.4532,-4.41
2026-07-20T16:55:18.026,1.688,-7.2574,-4.6254
2026-07-20T16:55:18.042,1.704,-7.1595,-4.5079
2026-07-20T16:55:18.058,1.7165,-7.5903,-4.6058
2026-07-20T16:55:18.064,1.7165,-7.1791,-4.6645
2026-07-20T16:55:18.076,1.7408,-7.277,-4.3512
2026-07-20T16:55:18.076,1.7408,-7.5707,-4.5471
2026-07-20T16:55:18.102,1.7682,-7.3553,-4.7037
2026-07-20T16:55:18.104,1.7682,-7.2966,-4.41
2026-07-20T16:55:18.113,1.7682,-7.6099,-4.6254
2026-07-20T16:55:18.126,1.7949,-7.3945,-4.7233
2026-07-20T16:55:18.137,1.7949,-7.2574,-4.41
2026-07-20T16:55:18.141,1.7949,-7.5511,-4.6254
2026-07-20T16:55:18.154,1.8213,-7.4336,-4.7429
2026-07-20T16:55:18.154,1.8213,-7.4532,-4.3904
2026-07-20T16:55:18.182,1.8478,-7.5511,-4.5862
2026-07-20T16:55:18.183,1.8478,-7.3357,-4.6254
2026-07-20T16:55:18.196,1.8478,-7.2183,-4.2338
2026-07-20T16:55:18.204,1.8734,-7.6295,-4.6058
2026-07-20T16:55:18.215,1.8734,-7.2378,-4.5862
2026-07-20T16:55:18.220,1.8893,-7.2574,-4.3317
2026-07-20T16:55:18.231,1.9018,-7.5316,-4.6841
2026-07-20T16:55:18.246,1.9018,-7.2574,-4.645
2026-07-20T16:55:18.260,1.9292,-7.277,-4.3317
2026-07-20T16:55:18.262,1.9292,-7.5316,-4.6254
2026-07-20T16:55:18.274,1.9292,-7.3749,-4.6058
2026-07-20T16:55:18.290,1.9524,-7.2966,-4.4883
2026-07-20T16:55:18.293,1.9524,-7.5511,-4.6254
2026-07-20T16:55:18.302,1.9839,-7.3357,-4.6841
2026-07-20T16:55:18.315,1.9878,-7.4141,-4.3904
2026-07-20T16:55:18.325,1.9878,-7.5707,-4.6841
2026-07-20T16:55:18.337,1.9878,-7.1399,-4.7037
2026-07-20T16:55:18.344,2.0151,-7.3553,-4.3512
2026-07-20T16:55:18.356,2.0183,-7.6099,-4.6254
2026-07-20T16:55:18.360,2.0204,-7.3357,-4.7429
2026-07-20T16:55:18.376,2.044,-7.3553,-4.3512
2026-07-20T16:55:18.387,2.0459,-7.6099,-4.6058
2026-07-20T16:55:18.401,2.0629,-7.277,-4.7037
2026-07-20T16:55:18.406,2.0629,-7.2574,-4.4296
2026-07-20T16:55:18.414,2.0629,-7.5316,-4.6058
2026-07-20T16:55:18.431,2.0987,-7.3553,-4.6254
2026-07-20T16:55:18.433,2.1,-7.4728,-4.4296
2026-07-20T16:55:18.435,2.103,-7.5316,-4.7233
2026-07-20T16:55:18.459,2.1282,-7.2378,-4.5079
2026-07-20T16:55:18.469,2.1305,-7.6099,-4.4883
2026-07-20T16:55:18.474,2.1336,-7.6882,-4.7037
2026-07-20T16:55:18.484,2.1592,-7.4532,-4.5666
2026-07-20T16:55:18.485,2.1602,-7.6099,-4.645
2026-07-20T16:55:18.506,2.1632,-7.5903,-4.8603
2026-07-20T16:55:18.529,2.1824,-7.2966,-4.4296
2026-07-20T16:55:18.529,2.1824,-7.4728,-4.1359
2026-07-20T16:55:18.536,2.191,-7.3945,-4.2729
2026-07-20T16:55:18.544,2.218,-7.1791,-3.8617
2026-07-20T16:55:18.555,2.22,-7.3553,-3.3722
2026-07-20T16:55:18.563,2.224,-6.9441,-3.0981
2026-07-20T16:55:18.587,2.2566,-6.6896,-2.3736
2026-07-20T16:55:18.587,2.2566,-6.7287,-1.9624
2026-07-20T16:55:18.596,2.2601,-6.3763,-1.3945
2026-07-20T16:55:18.618,2.2913,-5.7889,-0.4547
2026-07-20T16:55:18.618,2.2913,-5.691,0.4265
2026-07-20T16:55:18.629,2.2977,-5.3581,1.2097
2026-07-20T16:55:18.635,2.3017,-4.849,2.7762
2026-07-20T16:55:18.655,2.3295,-4.5161,3.7748
2026-07-20T16:55:18.655,2.3295,-3.6937,4.793
2026-07-20T16:55:18.664,2.3401,-2.9692,6.1245
2026-07-20T16:55:18.676,2.3422,-2.5385,7.1818
2026-07-20T16:55:18.684,2.3745,-1.5007,7.9651
2026-07-20T16:55:18.700,2.3828,-0.7174,9.3945
2026-07-20T16:55:18.702,2.3878,-0.4237,10.3343
2026-07-20T16:55:18.719,2.3939,0.7119,11.3134
2026-07-20T16:55:18.728,2.4189,1.3777,12.7232
2026-07-20T16:55:18.737,2.4189,1.8476,13.4672
2026-07-20T16:55:18.747,2.4282,2.7875,14.3288
2026-07-20T16:55:18.755,2.4282,3.3162,15.0533
2026-07-20T16:55:18.766,2.4282,3.7861,15.2687
2026-07-20T16:55:18.777,2.4725,4.5498,15.4841
2026-07-20T16:55:18.785,2.4809,4.726,16.0911
2026-07-20T16:55:18.801,2.4869,4.9806,16.0911
2026-07-20T16:55:18.801,2.4869,5.4701,16.4631
2026-07-20T16:55:18.814,2.4942,5.8029,16.9722
2026-07-20T16:55:18.833,2.5262,6.1358,16.8743
2026-07-20T16:55:18.839,2.529,6.2729,17.3051
2026-07-20T16:55:18.845,2.5341,6.3316,17.3051
2026-07-20T16:55:18.859,2.5371,6.5666,17.4226
2026-07-20T16:55:18.859,2.5381,6.9974,17.7554
2026-07-20T16:55:18.874,2.571,7.0365,17.9904
2026-07-20T16:55:18.885,2.571,7.4282,17.7554
2026-07-20T16:55:18.905,2.5871,7.624,18.1862
2026-07-20T16:55:18.909,2.5871,7.5848,18.1666
2026-07-20T16:55:18.915,2.6197,8.0743,18.0687
2026-07-20T16:55:18.925,2.6237,8.2897,18.4212
2026-07-20T16:55:18.935,2.6277,7.996,18.382
2026-07-20T16:55:18.943,2.6297,8.3093,18.4408
2026-07-20T16:55:18.969,2.6297,8.5834,18.7345
2026-07-20T16:55:18.970,2.6297,8.5051,18.6561
2026-07-20T16:55:18.980,2.6635,8.7401,18.6561
2026-07-20T16:55:18.989,2.6686,8.9946,19.1457
2026-07-20T16:55:19.000,2.6755,8.9554,18.8911
2026-07-20T16:55:19.002,2.6755,9.445,19.1065
2026-07-20T16:55:19.017,2.6965,9.3471,19.3806
2026-07-20T16:55:19.018,2.7111,9.3471,19.1848
2026-07-20T16:55:19.048,2.7148,9.8757,19.1457
2026-07-20T16:55:19.048,2.7178,9.7778,19.4002
2026-07-20T16:55:19.061,2.7463,9.7974,19.2827
2026-07-20T16:55:19.069,2.7463,10.0128,19.4002
2026-07-20T16:55:19.069,2.7463,10.0128,19.6352
2026-07-20T16:55:19.087,2.7549,9.9736,19.4394
2026-07-20T16:55:19.101,2.7899,10.0716,19.6548
2026-07-20T16:55:19.106,2.7939,9.9541,19.6156
2026-07-20T16:55:19.115,2.7959,10.0324,19.4198
2026-07-20T16:55:19.127,2.8047,10.2086,19.6743
2026-07-20T16:55:19.134,2.8058,10.1303,19.7527
2026-07-20T16:55:19.143,2.8352,10.3261,20.0072
2026-07-20T16:55:19.157,2.8401,10.4827,20.0464
2026-07-20T16:55:19.180,2.8441,10.189,20.2226
2026-07-20T16:55:19.180,2.8451,10.3653,19.9681
2026-07-20T16:55:19.202,2.8763,10.6394,20.2814
2026-07-20T16:55:19.202,2.8763,10.4044,20.4967
2026-07-20T16:55:19.211,2.8823,10.5611,20.3401
2026-07-20T16:55:19.216,2.8849,10.6786,20.7121
2026-07-20T16:55:19.241,2.9144,10.4436,20.6142
2026-07-20T16:55:19.241,2.9144,10.5023,20.4576
2026-07-20T16:55:19.246,2.9144,10.6198,20.7905
2026-07-20T16:55:19.260,2.9196,10.5023,20.7905
2026-07-20T16:55:19.269,2.9533,10.8744,20.6925
2026-07-20T16:55:19.269,2.9553,10.7765,20.9275
2026-07-20T16:55:19.292,2.9593,10.4827,20.9275
2026-07-20T16:55:19.292,2.9653,10.9135,20.9863
2026-07-20T16:55:19.318,2.9957,10.9331,21.3387
2026-07-20T16:55:19.318,2.9957,10.6981,21.1233
2026-07-20T16:55:19.332,3.005,10.9331,21.1625
2026-07-20T16:55:19.338,3.005,10.9723,21.3975
2026-07-20T16:55:19.351,3.0344,11.1093,21.3975
2026-07-20T16:55:19.364,3.0387,11.5009,21.4954
2026-07-20T16:55:19.364,3.0387,11.1681,21.7891
2026-07-20T16:55:19.377,3.0478,11.2856,21.6324
2026-07-20T16:55:19.383,3.0538,11.638,21.4954
2026-07-20T16:55:19.403,3.0795,11.5597,21.5933
2026-07-20T16:55:19.411,3.086,11.3443,21.5541
2026-07-20T16:55:19.417,3.0914,11.873,21.6324
2026-07-20T16:55:19.429,3.0914,11.5401,21.7891
2026-07-20T16:55:19.440,3.1213,11.5597,21.3975
2026-07-20T16:55:19.449,3.1243,11.7751,21.5149
2026-07-20T16:55:19.458,3.1273,11.4814,21.4366
2026-07-20T16:55:19.468,3.1342,11.5793,21.1625
2026-07-20T16:55:19.477,3.1619,11.7947,21.28
2026-07-20T16:55:19.489,3.1667,11.403,21.045
2026-07-20T16:55:19.496,3.1667,11.5009,20.8688
2026-07-20T16:55:19.507,3.1735,11.7947,21.1037
2026-07-20T16:55:19.519,3.2017,11.5009,21.1233
2026-07-20T16:55:19.519,3.2037,11.5009,20.673
2026-07-20T16:55:19.539,3.2077,11.4814,20.8688
2026-07-20T16:55:19.539,3.2102,11.0702,20.8688
2026-07-20T16:55:19.556,3.2384,11.3247,20.5751
2026-07-20T16:55:19.567,3.2384,11.403,20.81
2026-07-20T16:55:19.580,3.2451,11.1289,20.673
2026-07-20T16:55:19.588,3.2512,11.2072,20.5946
2026-07-20T16:55:19.597,3.2627,10.9135,20.6534
2026-07-20T16:55:19.601,3.2779,10.7373,20.1247
2026-07-20T16:55:19.617,3.2864,10.8156,20.1639
2026-07-20T16:55:19.624,3.3128,10.7373,20.5555
2026-07-20T16:55:19.635,3.3128,10.4044,20.2226
2026-07-20T16:55:19.635,3.3128,10.5415,20.1247
2026-07-20T16:55:19.659,3.3128,10.4632,20.2814
2026-07-20T16:55:19.667,3.3516,10.2086,20.0268
2026-07-20T16:55:19.683,3.3576,10.2282,19.8506
2026-07-20T16:55:19.685,3.3584,10.0128,20.0268
2026-07-20T16:55:19.701,3.3634,9.8562,19.831
2026-07-20T16:55:19.709,3.3893,10.1107,19.7527
2026-07-20T16:55:19.721,3.3958,9.8757,20.0072
2026-07-20T16:55:19.724,3.4004,9.8366,19.8702
2026-07-20T16:55:19.736,3.4065,10.052,19.8506
2026-07-20T16:55:19.751,3.4308,9.8562,19.8506
2026-07-20T16:55:19.760,3.4308,9.6016,19.7527
2026-07-20T16:55:19.774,3.4308,10.0324,19.6939
2026-07-20T16:55:19.779,3.4308,9.8366,19.7135
2026-07-20T16:55:19.786,3.4665,9.6799,19.3806
2026-07-20T16:55:19.786,3.4695,9.8562,19.3611
2026-07-20T16:55:19.803,3.4745,9.6799,19.4394
2026-07-20T16:55:19.815,3.4813,9.6016,19.1261
2026-07-20T16:55:19.833,3.4952,9.8366,19.3611
2026-07-20T16:55:19.839,3.4952,9.4841,19.1065
2026-07-20T16:55:19.849,3.5153,9.445,18.7541
2026-07-20T16:55:19.854,3.5203,9.5233,18.8911
2026-07-20T16:55:19.867,3.5519,8.9946,18.617
2026-07-20T16:55:19.867,3.5589,9.0729,18.1471
2026-07-20T16:55:19.888,3.5624,9.0729,18.245
2026-07-20T16:55:19.902,3.5844,8.838,17.9904
2026-07-20T16:55:19.902,3.5844,8.7792,17.6184
2026-07-20T16:55:19.902,3.5955,8.6617,17.2855
2026-07-20T16:55:19.926,3.6031,8.2114,16.8351
2026-07-20T16:55:19.939,3.6151,7.9764,16.2086
2026-07-20T16:55:19.948,3.6401,7.5848,15.9736
2026-07-20T16:55:19.957,3.6421,6.9386,15.2687
2026-07-20T16:55:19.987,3.6461,6.7232,14.5442
2026-07-20T16:55:19.987,3.6461,6.175,14.3875
2026-07-20T16:55:19.987,3.6461,5.2743,13.6239
2026-07-20T16:55:19.996,3.6797,4.9218,12.8015
2026-07-20T16:55:20.007,3.6797,4.2169,12.3316
2026-07-20T16:55:20.018,3.6845,3.0616,11.3525
2026-07-20T16:55:20.018,3.6845,2.6113,10.4322
2026-07-20T16:55:20.034,3.7203,1.5539,9.7861
2026-07-20T16:55:20.039,3.7233,0.6532,8.7091
2026-07-20T16:55:20.057,3.7292,-0.0125,7.3189
2026-07-20T16:55:20.068,3.7373,-1.1678,6.1832
2026-07-20T16:55:20.068,3.7641,-2.3426,4.6755
2026-07-20T16:55:20.088,3.7641,-3.1063,3.3244
2026-07-20T16:55:20.101,3.7833,-4.1245,2.2866
2026-07-20T16:55:20.110,3.7878,-5.0644,0.9943
2026-07-20T16:55:20.119,3.8129,-5.5931,0.309
2026-07-20T16:55:20.119,3.8129,-6.435,-0.2784
2026-07-20T16:55:20.136,3.8286,-6.905,-1.2771
2026-07-20T16:55:20.151,3.8367,-6.9637,-1.747
2026-07-20T16:55:20.159,3.8367,-7.1204,-2.0211
2026-07-20T16:55:20.167,3.8367,-7.2574,-2.9218
2026-07-20T16:55:20.176,3.8641,-7.2378,-3.6072
2026-07-20T16:55:20.185,3.8641,-7.4924,-3.9009
2026-07-20T16:55:20.185,3.8828,-7.649,-4.645
2026-07-20T16:55:20.209,3.8883,-7.3162,-4.782
2026-07-20T16:55:20.218,3.8923,-7.7078,-4.7233
2026-07-20T16:55:20.227,3.9178,-7.7078,-5.1541
2026-07-20T16:55:20.236,3.9178,-7.4532,-5.017
2026-07-20T16:55:20.236,3.9178,-7.8448,-5.0366
2026-07-20T16:55:20.261,3.9277,-7.9036,-5.5653
2026-07-20T16:55:20.264,3.9295,-7.7665,-5.6044
2026-07-20T16:55:20.281,3.9562,-8.0798,-5.5065
2026-07-20T16:55:20.290,3.9562,-7.6882,-5.624
2026-07-20T16:55:20.290,3.9612,-7.7665,-5.389
2026-07-20T16:55:20.302,3.9628,-7.8644,-5.4086
2026-07-20T16:55:20.318,3.9858,-7.6882,-5.3694
2026-07-20T16:55:20.329,3.9878,-7.6882,-5.0562
2026-07-20T16:55:20.335,3.9898,-7.6882,-5.2911
2026-07-20T16:55:20.353,4.0125,-7.5903,-5.2324
2026-07-20T16:55:20.356,4.0131,-7.4728,-5.0953
2026-07-20T16:55:20.382,4.038,-7.6882,-5.252
2026-07-20T16:55:20.382,4.038,-7.3749,-5.2128
2026-07-20T16:55:20.385,4.04,-7.4532,-5.0757
2026-07-20T16:55:20.385,4.0599,-7.6686,-5.1541
2026-07-20T16:55:20.407,4.0609,-7.4532,-5.2911
2026-07-20T16:55:20.420,4.0785,-7.4532,-5.1345
2026-07-20T16:55:20.429,4.0829,-7.649,-5.1932
2026-07-20T16:55:20.435,4.1049,-7.4532,-5.3303
2026-07-20T16:55:20.451,4.1079,-7.6882,-5.1541
2026-07-20T16:55:20.457,4.1099,-7.7861,-5.3107
2026-07-20T16:55:20.457,4.1302,-7.4336,-5.2324
2026-07-20T16:55:20.477,4.1322,-7.7078,-5.1149
2026-07-20T16:55:20.499,4.1464,-7.8057,-5.2911
2026-07-20T16:55:20.500,4.1464,-7.4924,-5.3107
2026-07-20T16:55:20.507,4.1464,-7.7665,-5.1345
2026-07-20T16:55:20.515,4.1764,-7.8448,-5.3107
2026-07-20T16:55:20.519,4.1791,-7.4728,-5.2324
2026-07-20T16:55:20.534,4.2005,-7.8057,-5.1541
2026-07-20T16:55:20.534,4.2015,-7.6099,-5.3303
2026-07-20T16:55:20.557,4.223,-7.512,-5.1932
2026-07-20T16:55:20.571,4.225,-7.8448,-5.0953
2026-07-20T16:55:20.576,4.227,-7.7861,-5.2324
2026-07-20T16:55:20.594,4.2468,-7.6686,-5.1149
2026-07-20T16:55:20.596,4.2468,-7.7861,-5.1149
2026-07-20T16:55:20.618,4.2692,-7.7078,-5.3303
2026-07-20T16:55:20.618,4.2692,-7.7861,-5.1149
2026-07-20T16:55:20.619,4.2949,-7.8253,-5.2911
2026-07-20T16:55:20.641,4.2975,-7.4336,-5.252
2026-07-20T16:55:20.641,4.2985,-7.8057,-5.1149
2026-07-20T16:55:20.658,4.3208,-7.8448,-5.1345
2026-07-20T16:55:20.665,4.3214,-7.5707,-5.2128
2026-07-20T16:55:20.680,4.3469,-7.7665,-5.1345
2026-07-20T16:55:20.690,4.3495,-7.8448,-5.2324
2026-07-20T16:55:20.694,4.3515,-7.6295,-5.3694
2026-07-20T16:55:20.707,4.3722,-7.7665,-4.9582
2026-07-20T16:55:20.718,4.3732,-7.9427,-5.2128
2026-07-20T16:55:20.731,4.3959,-7.5903,-5.3694
2026-07-20T16:55:20.742,4.3959,-7.6686,-5.0366
2026-07-20T16:55:20.747,4.3959,-7.8057,-5.1736
2026-07-20T16:55:20.758,4.4203,-7.5903,-5.2911
2026-07-20T16:55:20.758,4.4203,-7.649,-5.1149
2026-07-20T16:55:20.768,4.4461,-7.884,-5.2324
2026-07-20T16:55:20.784,4.4461,-7.512,-5.1149
2026-07-20T16:55:20.798,4.4497,-7.7861,-5.1345
2026-07-20T16:55:20.817,4.4745,-7.7861,-5.3303
2026-07-20T16:55:20.818,4.4755,-7.5511,-5.1541
2026-07-20T16:55:20.822,4.4981,-7.7274,-5.0953
2026-07-20T16:55:20.843,4.5018,-7.8448,-5.1932
2026-07-20T16:55:20.846,4.5018,-7.6295,-5.2128
2026-07-20T16:55:20.859,4.529,-7.7078,-5.1736
2026-07-20T16:55:20.868,4.53,-7.7274,-5.2715
2026-07-20T16:55:20.876,4.532,-7.7861,-5.1149
2026-07-20T16:55:20.887,4.5551,-7.9232,-5.0562
2026-07-20T16:55:20.887,4.5561,-7.7665,-5.252
2026-07-20T16:55:20.924,4.5807,-7.4924,-5.252
2026-07-20T16:55:20.924,4.5817,-7.8057,-4.9778
2026-07-20T16:55:20.927,4.5827,-7.884,-5.252
2026-07-20T16:55:20.940,4.5964,-7.5511,-5.3499
2026-07-20T16:55:20.952,4.5964,-7.7665,-5.0757
2026-07-20T16:55:20.956,4.5964,-7.9232,-5.2324
2026-07-20T16:55:20.964,4.6434,-7.4532,-5.2715
2026-07-20T16:55:20.969,4.6444,-7.7665,-5.1149
2026-07-20T16:55:20.985,4.6645,-7.8644,-5.3107
2026-07-20T16:55:21.002,4.6645,-7.6882,-5.1932
2026-07-20T16:55:21.013,4.6645,-7.7469,-5.0757
2026-07-20T16:55:21.018,4.6717,-7.7274,-5.2715
2026-07-20T16:55:21.019,4.6957,-7.6686,-5.3303
2026-07-20T16:55:21.037,4.6968,-7.8253,-5.0366
2026-07-20T16:55:21.044,4.7198,-7.8253,-5.1932
2026-07-20T16:55:21.050,4.7208,-7.5707,-5.1149
2026-07-20T16:55:21.067,4.7218,-7.8448,-5.0366
2026-07-20T16:55:21.081,4.7441,-7.9036,-5.2715
2026-07-20T16:55:21.090,4.7441,-7.4728,-5.3694
2026-07-20T16:55:21.096,4.7441,-7.6686,-5.0953
2026-07-20T16:55:21.101,4.7631,-7.8057,-5.2324
2026-07-20T16:55:21.116,4.7631,-7.6099,-5.2324
2026-07-20T16:55:21.116,4.7958,-7.8644,-5.0562
2026-07-20T16:55:21.135,4.797,-7.7469,-5.252
2026-07-20T16:55:21.135,4.799,-7.5903,-5.0953
2026-07-20T16:55:21.165,4.8129,-7.8057,-4.9387
2026-07-20T16:55:21.165,4.8129,-7.7861,-5.252
2026-07-20T16:55:21.180,4.8456,-7.512,-5.1932
2026-07-20T16:55:21.185,4.8456,-7.7861,-5.1736
2026-07-20T16:55:21.185,4.8724,-7.8057,-5.252
2026-07-20T16:55:21.201,4.8744,-7.5707,-5.1736
2026-07-20T16:55:21.218,4.8754,-7.8448,-5.0366
2026-07-20T16:55:21.233,4.8968,-7.7861,-5.3694
2026-07-20T16:55:21.244,4.8968,-7.6099,-5.0953
2026-07-20T16:55:21.248,4.8968,-7.8644,-5.017
2026-07-20T16:55:21.268,4.9206,-7.8644,-5.252
2026-07-20T16:55:21.268,4.9206,-7.5316,-5.2128
2026-07-20T16:55:21.274,4.9513,-7.884,-5.017
2026-07-20T16:55:21.293,4.9533,-7.8057,-5.1932
2026-07-20T16:55:21.293,4.9543,-7.649,-5.1345
2026-07-20T16:55:21.322,4.9789,-7.7665,-5.0366
2026-07-20T16:55:21.322,4.98,-7.7665,-5.3303
2026-07-20T16:55:21.327,4.981,-7.5316,-5.2715
2026-07-20T16:55:21.336,5.0048,-7.6882,-5.017
2026-07-20T16:55:21.336,5.0048,-7.8448,-5.0953
2026-07-20T16:55:21.362,5.029,-7.7469,-5.2128
2026-07-20T16:55:21.375,5.0312,-7.7861,-5.0757
2026-07-20T16:55:21.379,5.0333,-7.8644,-4.9778
2026-07-20T16:55:21.385,5.0569,-7.6099,-5.3107
2026-07-20T16:55:21.397,5.0579,-7.6882,-5.0757
2026-07-20T16:55:21.407,5.0589,-7.7861,-5.1149
2026-07-20T16:55:21.416,5.0786,-7.8644,-5.252
2026-07-20T16:55:21.429,5.0786,-7.6099,-5.2324
2026-07-20T16:55:21.435,5.1087,-7.7469,-4.9778
2026-07-20T16:55:21.451,5.1097,-7.8448,-5.1932
2026-07-20T16:55:21.451,5.1107,-7.512,-5.1736
2026-07-20T16:55:21.478,5.1338,-7.6686,-5.0366
2026-07-20T16:55:21.478,5.1338,-7.8253,-5.1736
2026-07-20T16:55:21.484,5.157,-7.6295,-5.3303
2026-07-20T16:55:21.503,5.1589,-7.7665,-4.9778
2026-07-20T16:55:21.505,5.16,-7.9232,-5.1149
2026-07-20T16:55:21.527,5.1799,-7.7861,-5.2715
2026-07-20T16:55:21.528,5.1799,-7.6882,-5.0953
2026-07-20T16:55:21.535,5.2083,-7.884,-4.9778
2026-07-20T16:55:21.552,5.2093,-7.649,-5.2715
2026-07-20T16:55:21.552,5.2103,-7.4532,-5.1541
2026-07-20T16:55:21.567,5.2364,-7.9819,-5.1345
2026-07-20T16:55:21.579,5.2373,-7.7469,-5.2715
2026-07-20T16:55:21.588,5.2612,-7.4532,-5.252
2026-07-20T16:55:21.603,5.2628,-7.5903,-5.017
2026-07-20T16:55:21.609,5.2628,-7.9232,-5.2715
2026-07-20T16:55:21.632,5.2898,-7.7078,-5.2324
2026-07-20T16:55:21.632,5.2908,-7.7274,-5.017
2026-07-20T16:55:21.635,5.2928,-7.7861,-5.2324
2026-07-20T16:55:21.659,5.3129,-7.5903,-5.1149
2026-07-20T16:55:21.659,5.3129,-7.7665,-5.0757
2026-07-20T16:55:21.665,5.3129,-7.9623,-5.1541
2026-07-20T16:55:21.685,5.3465,-7.7665,-5.252
2026-07-20T16:55:21.685,5.3485,-7.6295,-5.1149
2026-07-20T16:55:21.701,5.3733,-7.884,-5.0366
2026-07-20T16:55:21.701,5.3747,-7.7861,-5.252
2026-07-20T16:55:21.718,5.3767,-7.512,-5.0757
2026-07-20T16:55:21.733,5.3994,-7.8057,-5.1345
2026-07-20T16:55:21.744,5.4021,-7.884,-5.2128
2026-07-20T16:55:21.748,5.4045,-7.5511,-5.2715
2026-07-20T16:55:21.762,5.4271,-7.7469,-4.9387
2026-07-20T16:55:21.769,5.43,-7.8448,-5.1736
2026-07-20T16:55:21.776,5.43,-7.5707,-5.252
2026-07-20T16:55:21.786,5.4554,-7.6686,-5.017
2026-07-20T16:55:21.786,5.4554,-7.9623,-5.1149
2026-07-20T16:55:21.802,5.4796,-7.6099,-5.3303
2026-07-20T16:55:21.825,5.4796,-7.6099,-5.0562
2026-07-20T16:55:21.829,5.4796,-7.884,-5.1736
2026-07-20T16:55:21.851,5.5036,-7.7274,-5.3694
2026-07-20T16:55:21.851,5.5036,-7.6099,-5.1932
2026-07-20T16:55:21.852,5.5036,-7.7861,-5.0366
2026-07-20T16:55:21.876,5.5301,-7.884,-5.2324
2026-07-20T16:55:21.876,5.5301,-7.5903,-5.0953
2026-07-20T16:55:21.893,5.5636,-7.7274,-5.017
2026-07-20T16:55:21.902,5.5676,-7.649,-5.2911
2026-07-20T16:55:21.902,5.5686,-7.4141,-5.1541
2026-07-20T16:55:21.922,5.5958,-7.7469,-5.0366
2026-07-20T16:55:21.933,5.5962,-8.0211,-5.1541
2026-07-20T16:55:21.936,5.5962,-7.512,-5.2715
2026-07-20T16:55:21.952,5.6257,-7.6882,-4.9778
2026-07-20T16:55:21.959,5.628,-7.9819,-5.1149
2026-07-20T16:55:21.969,5.6303,-7.649,-5.3499
2026-07-20T16:55:21.969,5.6463,-7.649,-5.1345
2026-07-20T16:55:21.995,5.6621,-7.9427,-5.0366
2026-07-20T16:55:22.000,5.6621,-7.7861,-5.252
2026-07-20T16:55:22.009,5.6621,-7.6295,-5.252
2026-07-20T16:55:22.019,5.6869,-7.8644,-5.0757
2026-07-20T16:55:22.019,5.6869,-7.9232,-5.3303
2026-07-20T16:55:22.034,5.6869,-7.5903,-5.1149
2026-07-20T16:55:22.034,5.7175,-7.9232,-5.0757
2026-07-20T16:55:22.059,5.7195,-8.0406,-5.2715
2026-07-20T16:55:22.067,5.7215,-7.6686,-5.252
2026-07-20T16:55:22.078,5.7445,-7.8644,-4.9778
2026-07-20T16:55:22.088,5.7445,-8.0015,-5.2911
2026-07-20T16:55:22.095,5.7751,-7.7861,-5.252
2026-07-20T16:55:22.109,5.7771,-7.7469,-5.1345
2026-07-20T16:55:22.117,5.779,-8.1386,-5.1149
2026-07-20T16:55:22.124,5.8054,-7.884,-5.252
2026-07-20T16:55:22.146,5.8074,-7.8448,-5.0953
2026-07-20T16:55:22.149,5.8094,-8.1386,-5.1541
2026-07-20T16:55:22.176,5.8349,-7.8253,-5.2715
2026-07-20T16:55:22.179,5.8349,-7.9427,-4.5862
2026-07-20T16:55:22.180,5.8349,-7.8644,-4.3512
2026-07-20T16:55:22.185,5.8677,-7.884,-4.2533
2026-07-20T16:55:22.186,5.8717,-7.4728,-3.5289
2026-07-20T16:55:22.203,5.8747,-7.2378,-2.7848
2026-07-20T16:55:22.218,5.8974,-7.0616,-2.2953
2026-07-20T16:55:22.221,5.8974,-6.5721,-1.6295
2026-07-20T16:55:22.239,5.914,-6.1609,-0.2589
2026-07-20T16:55:22.247,5.9242,-5.7693,0.5244
2026-07-20T16:55:22.258,5.9528,-4.9077,1.5034
2026-07-20T16:55:22.267,5.9568,-4.3007,2.8741
2026-07-20T16:55:22.270,5.9613,-3.7525,3.5985
2026-07-20T16:55:22.297,5.9748,-2.7734,4.4014
2026-07-20T16:55:22.297,5.9759,-1.9706,5.6349
2026-07-20T16:55:22.303,6.0138,-1.8335,6.4182
2026-07-20T16:55:22.324,6.0138,-1.1482,7.0839
2026-07-20T16:55:22.329,6.0138,-0.3454,8.2
2026-07-20T16:55:22.347,6.0138,-0.1496,8.9833
2026-07-20T16:55:22.352,6.029,0.6924,9.6686
2026-07-20T16:55:22.357,6.058,1.4756,10.8434
2026-07-20T16:55:22.365,6.0636,1.9064,11.7246
2026-07-20T16:55:22.369,6.0636,2.5525,12.2924
2026-07-20T16:55:22.386,6.0636,3.277,13.1931
2026-07-20T16:55:22.401,6.0794,3.7861,13.9568
2026-07-20T16:55:22.408,6.0851,4.2561,14.4071
2026-07-20T16:55:22.426,6.1101,5.0393,15.0141
2026-07-20T16:55:22.426,6.1125,5.3722,15.7974
2026-07-20T16:55:22.436,6.1206,5.7246,15.9736
2026-07-20T16:55:22.452,6.1256,6.312,16.3652
2026-07-20T16:55:22.457,6.1276,6.8799,16.9918
2026-07-20T16:55:22.476,6.1521,7.1149,17.2072
2026-07-20T16:55:22.476,6.1521,7.5848,17.3442
2026-07-20T16:55:22.495,6.1618,7.8981,18.1862
2026-07-20T16:55:22.497,6.1618,8.0939,18.4799
2026-07-20T16:55:22.502,6.1986,8.3484,18.5191
2026-07-20T16:55:22.518,6.2048,8.8771,19.0478
2026-07-20T16:55:22.524,6.2064,8.7792,19.4198
2026-07-20T16:55:22.534,6.2151,8.9359,19.4785
2026-07-20T16:55:22.534,6.2172,9.2492,19.831
2026-07-20T16:55:22.560,6.244,9.2883,20.0268
2026-07-20T16:55:22.575,6.247,9.2492,19.9681
2026-07-20T16:55:22.579,6.247,9.6408,19.9681
2026-07-20T16:55:22.586,6.247,9.4645,20.2226
2026-07-20T16:55:22.598,6.2846,9.6016,20.1247
2026-07-20T16:55:22.609,6.2876,9.8366,20.2814
2026-07-20T16:55:22.619,6.2937,9.7387,20.673
2026-07-20T16:55:22.619,6.2979,9.7191,20.4772
2026-07-20T16:55:22.636,6.3129,10.0324,20.3793
2026-07-20T16:55:22.651,6.3129,10.0911,20.81
2026-07-20T16:55:22.660,6.3129,9.7974,20.5751
2026-07-20T16:55:22.669,6.3372,10.2086,20.5751
2026-07-20T16:55:22.681,6.3634,10.1695,20.81
2026-07-20T16:55:22.685,6.3704,9.9932,20.6534
2026-07-20T16:55:22.685,6.3754,9.9932,20.4184
2026-07-20T16:55:22.711,6.3792,10.2086,20.4772
2026-07-20T16:55:22.719,6.404,10.0324,20.4576
2026-07-20T16:55:22.719,6.4047,9.9541,20.1639
2026-07-20T16:55:22.742,6.4087,10.1499,20.0268
2026-07-20T16:55:22.749,6.4137,9.9736,20.1247
2026-07-20T16:55:22.770,6.4367,9.7974,19.9289
2026-07-20T16:55:22.770,6.4418,10.1107,19.8114
2026-07-20T16:55:22.781,6.4505,10.2086,19.8897
2026-07-20T16:55:22.786,6.4574,9.8562,19.831
2026-07-20T16:55:22.786,6.4851,10.0716,19.7723
2026-07-20T16:55:22.809,6.4907,10.2086,19.7527
2026-07-20T16:55:22.823,6.4927,10.052,19.6939
2026-07-20T16:55:22.830,6.4958,9.9149,19.4002
2026-07-20T16:55:22.849,6.5139,10.0911,19.2436
2026-07-20T16:55:22.852,6.5282,9.8757,19.459
2026-07-20T16:55:22.857,6.5331,9.9345,19.1065
2026-07-20T16:55:22.869,6.5371,10.0716,19.0478
2026-07-20T16:55:22.869,6.563,10.0128,19.2632
2026-07-20T16:55:22.886,6.563,9.7191,19.0673
2026-07-20T16:55:22.886,6.563,9.9541,18.852
2026-07-20T16:55:22.909,6.5794,9.9932,18.989
2026-07-20T16:55:22.919,6.6102,9.6408,18.7149
2026-07-20T16:55:22.930,6.6186,9.7778,18.5191
2026-07-20T16:55:22.935,6.6206,9.9345,18.7932
2026-07-20T16:55:22.952,6.6266,9.7974,18.852
2026-07-20T16:55:22.952,6.6611,9.6408,18.6757
2026-07-20T16:55:22.979,6.6621,9.8953,18.6366
2026-07-20T16:55:22.982,6.6621,9.9541,18.989
2026-07-20T16:55:22.993,6.6621,9.6995,18.8715
2026-07-20T16:55:22.998,6.6621,9.8757,18.6953
2026-07-20T16:55:23.002,6.7066,10.0716,19.224
2026-07-20T16:55:23.018,6.7086,9.817,19.1065
2026-07-20T16:55:23.033,6.7136,9.8366,19.0086
2026-07-20T16:55:23.034,6.7186,10.0911,19.2436
2026-07-20T16:55:23.049,6.7237,9.9149,19.3806
2026-07-20T16:55:23.073,6.7443,9.6995,19.3219
2026-07-20T16:55:23.078,6.7443,10.1499,19.6743
2026-07-20T16:55:23.080,6.7443,10.0716,20.1051
2026-07-20T16:55:23.091,6.7649,9.9345,20.2618
2026-07-20T16:55:23.099,6.7649,10.189,20.3988
2026-07-20T16:55:23.117,6.8,10.3065,20.8492
2026-07-20T16:55:23.117,6.8054,10.3065,20.7905
2026-07-20T16:55:23.117,6.8074,10.424,20.7121
2026-07-20T16:55:23.137,6.8138,10.5611,21.1821
2026-07-20T16:55:23.137,6.8299,10.4632,21.2604
2026-07-20T16:55:23.164,6.8469,10.2869,21.3583
2026-07-20T16:55:23.180,6.8539,10.5807,21.417
2026-07-20T16:55:23.180,6.8549,10.4632,21.6912
2026-07-20T16:55:23.186,6.8589,10.424,21.5933
2026-07-20T16:55:23.202,6.8797,10.5023,21.652
2026-07-20T16:55:23.202,6.8883,10.4632,22.1024
2026-07-20T16:55:23.223,6.8954,10.3457,22.2198
2026-07-20T16:55:23.230,6.8954,10.3653,22.4548
2026-07-20T16:55:23.242,6.9276,10.5611,22.9248
2026-07-20T16:55:23.252,6.9276,10.4044,23.238
2026-07-20T16:55:23.261,6.9276,10.4044,23.1401
2026-07-20T16:55:23.268,6.9441,10.6198,23.4926
2026-07-20T16:55:23.268,6.9731,10.3653,23.6884
2026-07-20T16:55:23.284,6.9815,9.9932,23.5318
2026-07-20T16:55:23.296,6.9837,10.052,23.3555
2026-07-20T16:55:23.300,6.9887,10.0324,23.6492
2026-07-20T16:55:23.318,6.995,9.6604,23.5709
2026-07-20T16:55:23.318,7.0189,9.7974,23.5709
2026-07-20T16:55:23.342,7.0301,9.9736,23.8255
2026-07-20T16:55:23.354,7.0362,9.7583,24.3737
2026-07-20T16:55:23.356,7.0382,9.9149,24.4129
2026-07-20T16:55:23.369,7.0426,10.1499,25.0003
2026-07-20T16:55:23.385,7.0683,10.1303,25.6661
2026-07-20T16:55:23.386,7.0683,9.8562,25.901
2026-07-20T16:55:23.411,7.0782,9.9932,25.8031
2026-07-20T16:55:23.418,7.0782,10.052,25.7835
2026-07-20T16:55:23.418,7.0782,9.817,25.8031
2026-07-20T16:55:23.427,7.1118,9.7191,25.5486
2026-07-20T16:55:23.434,7.1137,9.8366,25.7444
2026-07-20T16:55:23.441,7.1137,9.582,26.0185
2026-07-20T16:55:23.451,7.1512,9.5429,26.3318
2026-07-20T16:55:23.467,7.1532,9.7387,26.3906
2026-07-20T16:55:23.483,7.1576,9.9149,26.8605
2026-07-20T16:55:23.486,7.1632,9.7974,27.35
2026-07-20T16:55:23.486,7.1632,9.7191,27.4087
2026-07-20T16:55:23.510,7.1955,9.9932,27.6829
2026-07-20T16:55:23.519,7.1955,10.1107,28.0158
2026-07-20T16:55:23.534,7.2055,9.7387,28.192
2026-07-20T16:55:23.536,7.2105,10.0128,28.1724
2026-07-20T16:55:23.561,7.2391,10.0911,28.4661
2026-07-20T16:55:23.561,7.2411,9.8366,28.2703
2026-07-20T16:55:23.574,7.2459,9.7974,27.8004
2026-07-20T16:55:23.583,7.251,9.8953,27.8395
2026-07-20T16:55:23.586,7.281,9.6604,27.6437
2026-07-20T16:55:23.606,7.2861,9.6408,27.4675
2026-07-20T16:55:23.606,7.2861,9.8757,27.1934
2026-07-20T16:55:23.619,7.2922,9.7583,27.3108
2026-07-20T16:55:23.626,7.2971,9.7387,27.1934
2026-07-20T16:55:23.642,7.3135,9.9149,26.9192
2026-07-20T16:55:23.642,7.3135,10.0324,26.9192
2026-07-20T16:55:23.665,7.3135,9.6016,26.6843
2026-07-20T16:55:23.669,7.3298,9.6016,26.1947
2026-07-20T16:55:23.680,7.3609,9.8562,26.0577
2026-07-20T16:55:23.686,7.3666,9.5233,25.901
2026-07-20T16:55:23.686,7.3696,9.445,25.5682
2026-07-20T16:55:23.702,7.3746,9.3862,25.6269
2026-07-20T16:55:23.718,7.3956,9.0925,25.529
2026-07-20T16:55:23.729,7.4049,8.603,24.8437
2026-07-20T16:55:23.739,7.4049,8.3289,24.4521
2026-07-20T16:55:23.749,7.4116,8.3093,24.0996
2026-07-20T16:55:23.768,7.4322,7.8981,23.4143
2026-07-20T16:55:23.768,7.4439,7.7806,23.0422
2026-07-20T16:55:23.777,7.4472,7.761,22.8464
2026-07-20T16:55:23.784,7.4472,7.2519,22.5136
2026-07-20T16:55:23.800,7.4792,7.017,21.7303
2026-07-20T16:55:23.805,7.4853,6.8211,21.3191
2026-07-20T16:55:23.820,7.4925,6.5274,21.0254
2026-07-20T16:55:23.820,7.4956,6.0967,20.7121
2026-07-20T16:55:23.846,7.5246,6.3904,20.3009
2026-07-20T16:55:23.851,7.5266,6.1946,20.5555
2026-07-20T16:55:23.858,7.5266,5.7834,20.1247
2026-07-20T16:55:23.869,7.5304,5.5876,19.7135
2026-07-20T16:55:23.879,7.5626,5.4309,19.5569
2026-07-20T16:55:23.889,7.5657,4.8043,18.9694
2026-07-20T16:55:23.899,7.5717,4.491,17.775
2026-07-20T16:55:23.903,7.5747,4.0994,17.0897
2026-07-20T16:55:23.918,7.6029,3.3554,16.4239
2026-07-20T16:55:23.935,7.6106,2.6504,15.1708
2026-07-20T16:55:23.943,7.617,2.2588,14.368
2026-07-20T16:55:23.946,7.621,1.4952,13.6435
2026-07-20T16:55:23.952,7.6466,1.0252,12.6644
2026-07-20T16:55:23.968,7.6466,0.8882,11.9987
2026-07-20T16:55:23.981,7.6466,0.5357,11.6462
2026-07-20T16:55:23.989,7.6466,-0.0125,11.2155
2026-07-20T16:55:24.000,7.6788,-0.0909,10.628
2026-07-20T16:55:24.012,7.6898,-0.1692,10.5301
2026-07-20T16:55:24.019,7.6898,-0.4629,10.4322
2026-07-20T16:55:24.019,7.6985,-0.5608,9.9427
2026-07-20T16:55:24.046,7.7259,-0.3454,9.8252
2026-07-20T16:55:24.051,7.7279,-0.6391,9.9427
2026-07-20T16:55:24.051,7.7279,-0.8153,9.4532
2026-07-20T16:55:24.071,7.7335,-0.3454,9.414
2026-07-20T16:55:24.084,7.7568,-0.4042,9.5119
2026-07-20T16:55:24.093,7.764,-0.7174,9.3749
2026-07-20T16:55:24.097,7.764,-0.2671,9.2378
2026-07-20T16:55:24.115,7.7942,-0.3062,9.5315
2026-07-20T16:55:24.127,7.7982,-0.5608,9.4532
2026-07-20T16:55:24.127,7.8012,-0.3258,9.277
2026-07-20T16:55:24.136,7.8032,-0.2279,9.5707
2026-07-20T16:55:24.153,7.8294,-0.4237,9.5315
2026-07-20T16:55:24.163,7.8294,-0.4433,9.4336
2026-07-20T16:55:24.171,7.8294,-0.1692,9.4728
2026-07-20T16:55:24.179,7.8603,-0.2671,9.6686
2026-07-20T16:55:24.186,7.8696,-0.2475,9.7861
2026-07-20T16:55:24.202,7.8736,0.1049,9.884
2026-07-20T16:55:24.202,7.8776,0.1637,10.2168
2026-07-20T16:55:24.218,7.8966,0.1049,10.0406
2026-07-20T16:55:24.233,7.8966,0.2812,10.2364
2026-07-20T16:55:24.242,7.8966,0.7707,10.3147
2026-07-20T16:55:24.253,7.8966,0.3595,10.491
2026-07-20T16:55:24.261,7.9301,0.4378,10.3735
2026-07-20T16:55:24.269,7.9301,0.7511,10.7651
2026-07-20T16:55:24.269,7.9444,0.6336,10.9413
2026-07-20T16:55:24.285,7.9741,0.6728,10.7064
2026-07-20T16:55:24.302,7.9781,1.0644,11.0392
2026-07-20T16:55:24.302,7.9825,1.0252,11.5092
2026-07-20T16:55:24.323,7.9836,0.9665,11.3721
2026-07-20T16:55:24.332,8.0132,1.3777,11.1959
2026-07-20T16:55:24.341,8.0132,1.5148,11.5679
2026-07-20T16:55:24.350,8.0132,1.2602,11.5679
2026-07-20T16:55:24.356,8.0132,1.2602,11.3329
2026-07-20T16:55:24.367,8.0531,1.5539,11.1567
2026-07-20T16:55:24.367,8.0551,1.5343,11.1176
2026-07-20T16:55:24.385,8.0592,1.1819,10.7847
2026-07-20T16:55:24.385,8.0645,1.3385,10.7259
2026-07-20T16:55:24.412,8.0906,1.319,11.0392
2026-07-20T16:55:24.420,8.0962,0.9469,10.8826
2026-07-20T16:55:24.431,8.1056,1.0252,10.6672
2026-07-20T16:55:24.437,8.1066,1.1231,11.0001
2026-07-20T16:55:24.443,8.136,1.0252,10.9217
2026-07-20T16:55:24.460,8.139,1.1231,10.5889
2026-07-20T16:55:24.478,8.145,1.1623,10.9022
2026-07-20T16:55:24.479,8.1481,0.849,10.9413
2026-07-20T16:55:24.486,8.1736,0.7903,10.7259
2026-07-20T16:55:24.501,8.1736,0.9273,10.5301
2026-07-20T16:55:24.511,8.1795,0.7903,10.8043
2026-07-20T16:55:24.523,8.1861,0.3987,10.5889
2026-07-20T16:55:24.531,8.2107,0.5553,10.2952
2026-07-20T16:55:24.536,8.2123,0.5749,10.3539
2026-07-20T16:55:24.552,8.2155,0.3987,10.4714
2026-07-20T16:55:24.558,8.2422,0.242,10.2756
2026-07-20T16:55:24.569,8.2462,0.6532,10.0798
2026-07-20T16:55:24.569,8.2462,0.477,10.3539
2026-07-20T16:55:24.593,8.255,0.3008,10.1581
2026-07-20T16:55:24.611,8.2811,0.5357,10.0994
2026-07-20T16:55:24.612,8.2841,0.5553,10.3735
2026-07-20T16:55:24.619,8.2871,0.2812,10.1581
2026-07-20T16:55:24.627,8.3109,0.6336,9.9427
2026-07-20T16:55:24.640,8.3161,0.4378,10.0994
2026-07-20T16:55:24.651,8.3187,0.3987,9.9231
2026-07-20T16:55:24.660,8.3287,0.5749,9.9427
2026-07-20T16:55:24.681,8.3586,0.5161,10.1385
2026-07-20T16:55:24.681,8.3616,0.1049,9.9036
2026-07-20T16:55:24.691,8.3666,0.4966,9.9623
2026-07-20T16:55:24.704,8.3686,0.4574,10.1189
2026-07-20T16:55:24.713,8.3927,0.1833,10.0015
2026-07-20T16:55:24.725,8.3968,0.4574,9.8644
2026-07-20T16:55:24.731,8.3968,0.3595,10.0602
2026-07-20T16:55:24.741,8.4052,0.242,9.9819
2026-07-20T16:55:24.751,8.4261,0.5749,9.7861
2026-07-20T16:55:24.751,8.4349,0.6336,10.0994
2026-07-20T16:55:24.769,8.4375,0.4378,10.0406
2026-07-20T16:55:24.778,8.4463,0.7315,9.8644
2026-07-20T16:55:24.789,8.4739,0.7315,10.1581
2026-07-20T16:55:24.798,8.4759,0.5553,10.2168
2026-07-20T16:55:24.810,8.4822,0.7707,9.9427
2026-07-20T16:55:24.819,8.4872,0.8099,10.1189
2026-07-20T16:55:24.829,8.5142,0.614,10.2952
2026-07-20T16:55:24.840,8.5142,0.6924,9.9231
2026-07-20T16:55:24.848,8.5142,0.849,10.1385
2026-07-20T16:55:24.860,8.5237,0.7511,10.1385
2026-07-20T16:55:24.869,8.5549,0.5945,9.9819
2026-07-20T16:55:24.869,8.5549,0.9273,10.021
2026-07-20T16:55:24.887,8.5589,0.7511,10.2168
2026-07-20T16:55:24.902,8.5629,0.9469,10.021
2026-07-20T16:55:24.910,8.5908,0.9273,10.2168
2026-07-20T16:55:24.921,8.5969,0.8882,10.4322
2026-07-20T16:55:24.931,8.6019,0.8686,10.2756
2026-07-20T16:55:24.935,8.6039,1.2406,10.2364
2026-07-20T16:55:24.951,8.6331,0.9273,10.3735
2026-07-20T16:55:24.951,8.6351,0.9078,10.3343
2026-07-20T16:55:24.976,8.6401,1.0644,10.3343
2026-07-20T16:55:24.978,8.6431,0.7903,10.4126
2026-07-20T16:55:24.989,8.6622,0.9469,10.2364
2026-07-20T16:55:25.002,8.6685,0.9273,10.1189
2026-07-20T16:55:25.014,8.6715,0.8882,10.5301
2026-07-20T16:55:25.033,8.7037,0.6924,10.3735
2026-07-20T16:55:25.033,8.7037,0.9665,10.1385
2026-07-20T16:55:25.044,8.7142,0.7707,10.3539
2026-07-20T16:55:25.044,8.7373,0.614,10.256
2026-07-20T16:55:25.063,8.7413,0.9469,10.0406
2026-07-20T16:55:25.072,8.7453,0.9078,10.1973
2026-07-20T16:55:25.088,8.7463,0.7511,10.4322
2026-07-20T16:55:25.089,8.7746,0.8882,10.2168
2026-07-20T16:55:25.107,8.78,1.1036,10.2756
2026-07-20T16:55:25.114,8.785,0.8294,10.5106
2026-07-20T16:55:25.119,8.7891,0.6924,10.1973
2026-07-20T16:55:25.130,8.8153,0.7903,10.0994
2026-07-20T16:55:25.135,8.8174,0.8294,10.4714
2026-07-20T16:55:25.151,8.8174,0.6728,10.2168
2026-07-20T16:55:25.161,8.8174,0.7315,10.021
2026-07-20T16:55:25.172,8.8527,0.7315,10.1777
2026-07-20T16:55:25.183,8.8547,0.5945,10.3735
2026-07-20T16:55:25.190,8.8577,0.3987,9.9819
2026-07-20T16:55:25.199,8.8638,0.6728,9.9036
2026-07-20T16:55:25.220,8.8897,0.5357,10.1189
2026-07-20T16:55:25.220,8.8912,0.6532,10.2168
2026-07-20T16:55:25.229,8.8912,0.7903,10.1189
2026-07-20T16:55:25.245,8.9229,0.6728,10.2952
2026-07-20T16:55:25.253,8.9277,0.5945,10.1189
2026-07-20T16:55:25.262,8.9304,0.7119,9.9623
2026-07-20T16:55:25.273,8.9338,0.7315,10.0994
2026-07-20T16:55:25.284,8.9645,0.5749,10.1385
2026-07-20T16:55:25.284,8.9655,0.4182,9.7861
2026-07-20T16:55:25.303,8.9695,0.6336,9.9819
2026-07-20T16:55:25.309,8.998,0.477,10.1189
2026-07-20T16:55:25.319,8.998,0.3791,10.0015
2026-07-20T16:55:25.333,9.0052,0.6336,9.8448
2026-07-20T16:55:25.342,9.0102,0.6924,10.1973
2026-07-20T16:55:25.351,9.0412,0.5357,10.0602
2026-07-20T16:55:25.366,9.0458,0.7511,9.9623
2026-07-20T16:55:25.366,9.0489,0.7119,10.1385
2026-07-20T16:55:25.385,9.0549,0.5161,10.1385
2026-07-20T16:55:25.385,9.0569,0.614,9.7665
2026-07-20T16:55:25.409,9.0826,0.7511,9.884
2026-07-20T16:55:25.409,9.0826,0.3399,9.7273
2026-07-20T16:55:25.425,9.0889,0.3987,9.5903
2026-07-20T16:55:25.429,9.0914,0.5749,9.8252
2026-07-20T16:55:25.435,9.1178,0.477,10.1189
2026-07-20T16:55:25.435,9.1178,0.3203,9.9231
2026-07-20T16:55:25.455,9.1245,0.614,9.7861
2026-07-20T16:55:25.474,9.1565,0.5553,10.2168
2026-07-20T16:55:25.486,9.161,0.3399,10.0406
2026-07-20T16:55:25.490,9.166,0.6532,10.0406
2026-07-20T16:55:25.503,9.166,0.3987,10.2756
2026-07-20T16:55:25.514,9.1925,0.2616,10.256
2026-07-20T16:55:25.518,9.1925,0.3008,10.1385
2026-07-20T16:55:25.533,9.1976,0.5945,10.1189
2026-07-20T16:55:25.538,9.2026,0.3987,10.2756
2026-07-20T16:55:25.549,9.2282,0.2224,10.0015
2026-07-20T16:55:25.549,9.2367,0.4574,10.0015
2026-07-20T16:55:25.570,9.2401,0.5945,10.4126
2026-07-20T16:55:25.575,9.256,0.3791,10.2952
2026-07-20T16:55:25.581,9.2671,0.4966,9.9036
2026-07-20T16:55:25.601,9.2717,0.5553,10.256
2026-07-20T16:55:25.612,9.2717,0.3595,10.4714
2026-07-20T16:55:25.612,9.2717,0.5749,10.0798
2026-07-20T16:55:25.628,9.3049,0.7511,10.2364
2026-07-20T16:55:25.644,9.3089,0.3595,10.2756
2026-07-20T16:55:25.644,9.3089,0.2812,10.1777
2026-07-20T16:55:25.660,9.3453,0.7315,10.1385
2026-07-20T16:55:25.664,9.351,0.4378,10.3735
2026-07-20T16:55:25.677,9.3555,0.3791,10.256
2026-07-20T16:55:25.689,9.3669,0.5945,10.021
2026-07-20T16:55:25.694,9.3842,0.5749,10.3539
2026-07-20T16:55:25.707,9.3868,0.2812,10.3343
2026-07-20T16:55:25.724,9.393,0.4966,10.0015
2026-07-20T16:55:25.732,9.3949,0.3595,10.2364
2026-07-20T16:55:25.739,9.4193,0.2029,10.0994
2026-07-20T16:55:25.739,9.4193,0.614,10.021
2026-07-20T16:55:25.765,9.4193,0.5553,10.1581
2026-07-20T16:55:25.769,9.4263,0.3791,10.2952
2026-07-20T16:55:25.785,9.4516,0.1245,10.0015
2026-07-20T16:55:25.792,9.4516,0.5749,9.9231
2026-07-20T16:55:25.799,9.4516,0.3791,10.2168
2026-07-20T16:55:25.817,9.4758,0.2224,9.9819
2026-07-20T16:55:25.817,9.4758,0.5553,9.9036
2026-07-20T16:55:25.824,9.4758,0.5161,10.2168
2026-07-20T16:55:25.833,9.516,0.2812,10.2168
2026-07-20T16:55:25.848,9.5208,0.4182,9.7665
2026-07-20T16:55:25.864,9.524,0.4966,10.1189
2026-07-20T16:55:25.875,9.5479,0.3399,10.256
2026-07-20T16:55:25.880,9.5507,0.3791,9.9427
2026-07-20T16:55:25.893,9.5507,0.6336,10.021
2026-07-20T16:55:25.899,9.5565,0.3595,10.1973
2026-07-20T16:55:25.908,9.5813,0.2224,10.1385
2026-07-20T16:55:25.923,9.5813,0.4574,10.0602
2026-07-20T16:55:25.929,9.5883,0.3791,10.1973
2026-07-20T16:55:25.939,9.6131,0.1833,9.9623
2026-07-20T16:55:25.943,9.6131,0.3595,9.9819
2026-07-20T16:55:25.961,9.6183,0.614,10.2168
2026-07-20T16:55:25.970,9.6512,0.3203,10.2952
2026-07-20T16:55:25.975,9.6541,0.4378,10.0602
2026-07-20T16:55:25.991,9.6563,0.614,10.2364
2026-07-20T16:55:25.991,9.6808,0.2616,10.4126
2026-07-20T16:55:26.006,9.6808,0.5357,10.1385
2026-07-20T16:55:26.024,9.6941,0.7119,10.1973
2026-07-20T16:55:26.029,9.6985,0.6532,10.4322
2026-07-20T16:55:26.037,9.7288,0.5357,10.5106
2026-07-20T16:55:26.037,9.7358,0.6924,10.2756
2026-07-20T16:55:26.064,9.7405,0.7511,10.6085
2026-07-20T16:55:26.071,9.7429,0.5357,10.5693
2026-07-20T16:55:26.071,9.7595,0.614,10.256
2026-07-20T16:55:26.096,9.7595,0.8686,10.3147
2026-07-20T16:55:26.108,9.7747,0.6532,10.5889
2026-07-20T16:55:26.115,9.7776,0.6728,10.4714
2026-07-20T16:55:26.115,9.8057,0.9273,10.1973
2026-07-20T16:55:26.132,9.8057,0.7707,10.5693
2026-07-20T16:55:26.132,9.8135,0.6924,10.5301
2026-07-20T16:55:26.150,9.8187,0.9078,10.2364
2026-07-20T16:55:26.162,9.8478,0.8294,10.3147
2026-07-20T16:55:26.166,9.8529,0.614,10.5106
2026-07-20T16:55:26.178,9.8553,0.9273,10.1189
2026-07-20T16:55:26.191,9.8553,0.8882,10.3539
2026-07-20T16:55:26.202,9.8849,0.7707,10.491
2026-07-20T16:55:26.209,9.8892,0.5553,10.2952
2026-07-20T16:55:26.225,9.8917,0.7707,10.0994
2026-07-20T16:55:26.228,9.8991,0.7119,10.2952
2026-07-20T16:55:26.241,9.9221,0.3987,10.3539
2026-07-20T16:55:26.241,9.9221,0.614,10.0406
2026-07-20T16:55:26.262,9.9324,0.5945,10.1973
2026-07-20T16:55:26.271,9.9358,0.2812,10.1385
2026-07-20T16:55:26.273,9.9484,0.3595,9.9623
2026-07-20T16:55:26.289,9.9657,0.3791,9.5707
2026-07-20T16:55:26.305,9.9657,0.2224,9.7469
2026-07-20T16:55:26.310,9.9657,0.0266,9.5315
2026-07-20T16:55:26.321,10.004,-0.13,9.1986
2026-07-20T16:55:26.338,10.004,0.007,9.1007
2026-07-20T16:55:26.338,10.004,-0.3258,9.0616
2026-07-20T16:55:26.355,10.0394,-0.8153,8.6308
2026-07-20T16:55:26.370,10.0443,-0.972,8.1217
2026-07-20T16:55:26.376,10.0443,-1.1286,8.063
2026-07-20T16:55:26.376,10.0443,-1.7944,7.4364
2026-07-20T16:55:26.393,10.0803,-2.5189,6.4965
2026-07-20T16:55:26.400,10.0876,-2.793,5.6545
2026-07-20T16:55:26.417,10.0923,-3.5762,4.9692
2026-07-20T16:55:26.417,10.0941,-4.6728,3.5006
2026-07-20T16:55:26.430,10.0977,-5.3972,2.2279
2026-07-20T16:55:26.447,10.128,-6.1609,0.8181
2026-07-20T16:55:26.447,10.128,-7.0616,-0.4743
2026-07-20T16:55:26.463,10.1371,-7.3945,-1.6491
2026-07-20T16:55:26.470,10.1401,-7.512,-2.0799
2026-07-20T16:55:26.482,10.1699,-7.884,-2.3736
2026-07-20T16:55:26.486,10.1699,-8.1777,-3.1764
2026-07-20T16:55:26.500,10.1752,-7.8644,-3.6268
2026-07-20T16:55:26.516,10.1789,-8.119,-3.7638
2026-07-20T16:55:26.516,10.2054,-8.0798,-4.4491
2026-07-20T16:55:26.526,10.211,-7.7078,-4.7037
2026-07-20T16:55:26.542,10.211,-7.6099,-4.7429
2026-07-20T16:55:26.551,10.2191,-7.9623,-4.9387
2026-07-20T16:55:26.565,10.2444,-8.119,-5.3303
2026-07-20T16:55:26.574,10.2477,-7.8057,-5.4478
2026-07-20T16:55:26.583,10.2492,-7.884,-5.5261
2026-07-20T16:55:26.591,10.2492,-8.256,-5.4478
2026-07-20T16:55:26.605,10.2818,-8.1581,-5.6827
2026-07-20T16:55:26.605,10.2818,-7.7665,-5.5261
2026-07-20T16:55:26.622,10.2854,-8.0602,-5.389
2026-07-20T16:55:26.622,10.2854,-8.1777,-5.4282
2026-07-20T16:55:26.641,10.311,-7.7469,-5.4478
2026-07-20T16:55:26.641,10.311,-7.8644,-5.1541
2026-07-20T16:55:26.658,10.311,-7.8057,-5.2324
2026-07-20T16:55:26.669,10.3436,-7.649,-5.4478
2026-07-20T16:55:26.669,10.3456,-7.6686,-5.1736
2026-07-20T16:55:26.683,10.3488,-8.0015,-5.1736
2026-07-20T16:55:26.700,10.3624,-7.7861,-5.2911
2026-07-20T16:55:26.700,10.3624,-7.5903,-5.389
2026-07-20T16:55:26.719,10.3754,-7.7469,-5.1149
2026-07-20T16:55:26.735,10.3934,-8.0406,-5.1932
2026-07-20T16:55:26.735,10.3934,-7.7078,-5.252
2026-07-20T16:55:26.756,10.4251,-7.6686,-5.2715
2026-07-20T16:55:26.766,10.4269,-7.9427,-5.1541
2026-07-20T16:55:26.766,10.4269,-7.7665,-5.4282
2026-07-20T16:55:26.782,10.4412,-7.7665,-5.1345
2026-07-20T16:55:26.782,10.4412,-7.8448,-5.0757
2026-07-20T16:55:26.799,10.4412,-8.0994,-5.3107
2026-07-20T16:55:26.810,10.4729,-7.8057,-5.3303
2026-07-20T16:55:26.813,10.4729,-7.884,-5.0562
2026-07-20T16:55:26.833,10.4966,-8.0602,-5.0757
2026-07-20T16:55:26.837,10.4966,-7.9623,-5.2911
2026-07-20T16:55:26.845,10.4966,-7.8057,-5.2715
2026-07-20T16:55:26.865,10.5201,-7.9232,-5.1736
2026-07-20T16:55:26.869,10.5221,-8.0994,-5.2128
2026-07-20T16:55:26.881,10.5428,-7.7469,-5.2911
2026-07-20T16:55:26.881,10.5428,-7.8253,-5.1149
2026-07-20T16:55:26.903,10.5517,-8.1581,-5.1149
2026-07-20T16:55:26.908,10.5517,-7.9623,-5.3694
2026-07-20T16:55:26.915,10.5835,-7.8057,-5.1736
2026-07-20T16:55:26.924,10.5906,-7.9819,-5.2128
2026-07-20T16:55:26.940,10.5926,-7.9232,-5.3694
2026-07-20T16:55:26.948,10.5994,-7.7861,-5.0953
2026-07-20T16:55:26.965,10.6151,-7.9427,-5.1345
2026-07-20T16:55:26.972,10.6309,-8.0994,-5.2324
2026-07-20T16:55:26.972,10.6309,-7.7861,-5.3499
2026-07-20T16:55:26.987,10.6466,-7.9427,-4.9387
2026-07-20T16:55:27.003,10.6709,-8.0602,-5.1736
2026-07-20T16:55:27.003,10.6709,-7.8644,-5.3499
2026-07-20T16:55:27.019,10.6938,-7.9427,-5.2715
2026-07-20T16:55:27.035,10.6938,-8.0798,-5.2128
2026-07-20T16:55:27.035,10.6938,-7.7469,-5.2715
2026-07-20T16:55:27.054,10.7247,-7.7861,-5.2324
2026-07-20T16:55:27.066,10.7247,-7.9819,-5.0953
2026-07-20T16:55:27.066,10.7247,-8.0406,-5.2715
2026-07-20T16:55:27.081,10.757,-7.7469,-5.2911
2026-07-20T16:55:27.094,10.7606,-7.9036,-5.1541
2026-07-20T16:55:27.097,10.7606,-8.1581,-5.1736
2026-07-20T16:55:27.113,10.7863,-7.884,-5.3107
2026-07-20T16:55:27.128,10.7863,-7.884,-5.0366
2026-07-20T16:55:27.129,10.7886,-8.1777,-5.1541
2026-07-20T16:55:27.145,10.8037,-7.884,-5.3694
2026-07-20T16:55:27.145,10.8037,-7.8057,-5.0953
2026-07-20T16:55:27.161,10.8037,-8.1386,-4.9191
2026-07-20T16:55:27.169,10.8362,-8.0211,-5.2128
2026-07-20T16:55:27.176,10.8362,-7.8644,-5.2911
2026-07-20T16:55:27.176,10.8362,-8.0015,-4.9974
2026-07-20T16:55:27.208,10.8666,-7.9623,-5.252
2026-07-20T16:55:27.208,10.8686,-7.649,-5.3303
2026-07-20T16:55:27.223,10.8981,-7.9036,-5.1541
2026-07-20T16:55:27.239,10.8981,-8.0994,-5.1541
2026-07-20T16:55:27.241,10.8981,-7.8253,-5.2911
2026-07-20T16:55:27.255,10.9138,-7.8644,-5.2128
2026-07-20T16:55:27.265,10.9138,-8.0015,-5.0953
2026-07-20T16:55:27.270,10.9138,-7.9036,-5.2911
2026-07-20T16:55:27.270,10.9452,-7.8644,-5.2128
2026-07-20T16:55:27.286,10.9452,-8.1386,-5.1541
2026-07-20T16:55:27.302,10.9592,-8.1581,-5.2128
2026-07-20T16:55:27.309,10.9849,-7.8448,-5.3694
2026-07-20T16:55:27.318,10.9849,-7.8448,-5.0562
2026-07-20T16:55:27.318,10.9849,-8.1581,-5.0366
2026-07-20T16:55:27.350,11.0175,-7.9036,-5.4086
2026-07-20T16:55:27.350,11.0175,-7.8057,-5.1932
2026-07-20T16:55:27.357,11.0175,-8.1386,-5.1345
2026-07-20T16:55:27.371,11.0461,-8.119,-5.2715
2026-07-20T16:55:27.381,11.0461,-7.8057,-5.3107
2026-07-20T16:55:27.390,11.0461,-7.9623,-5.0366
2026-07-20T16:55:27.412,11.0761,-8.1581,-5.2128
2026-07-20T16:55:27.412,11.0771,-7.7665,-5.3107
2026-07-20T16:55:27.418,11.0782,-7.9819,-5.0562
2026-07-20T16:55:27.430,11.104,-7.9427,-5.2128
2026-07-20T16:55:27.445,11.104,-7.8448,-5.2911
2026-07-20T16:55:27.453,11.135,-7.8253,-5.1345
2026-07-20T16:55:27.460,11.137,-8.2365,-5.1541
2026-07-20T16:55:27.465,11.137,-7.9036,-5.3303
2026-07-20T16:55:27.482,11.137,-7.7861,-5.2911
2026-07-20T16:55:27.482,11.1664,-7.9623,-5.0366
2026-07-20T16:55:27.492,11.1664,-8.0211,-5.2715
2026-07-20T16:55:27.509,11.1664,-7.8057,-5.3107
2026-07-20T16:55:27.523,11.1977,-7.9036,-5.017
2026-07-20T16:55:27.523,11.1977,-7.8448,-5.1932
2026-07-20T16:55:27.539,11.1977,-7.7469,-5.252
2026-07-20T16:55:27.566,11.2135,-7.8644,-4.9778
2026-07-20T16:55:27.566,11.2135,-8.0406,-5.0366
2026-07-20T16:55:27.570,11.2291,-8.0015,-5.2324
2026-07-20T16:55:27.570,11.2451,-7.7274,-5.0562
2026-07-20T16:55:27.586,11.2451,-7.9036,-5.1345
2026-07-20T16:55:27.586,11.2451,-8.1581,-5.2324
2026-07-20T16:55:27.617,11.2885,-7.7861,-5.3499
2026-07-20T16:55:27.617,11.2885,-7.8644,-4.9974
2026-07-20T16:55:27.617,11.2885,-8.0211,-5.252
2026-07-20T16:55:27.641,11.3195,-7.9819,-5.252
2026-07-20T16:55:27.649,11.3195,-7.7469,-5.1149
2026-07-20T16:55:27.661,11.3195,-7.9623,-5.0562
2026-07-20T16:55:27.673,11.3399,-8.0211,-5.3107
2026-07-20T16:55:27.680,11.3399,-7.8448,-5.1932
2026-07-20T16:55:27.680,11.3399,-7.884,-4.9778
2026-07-20T16:55:27.705,11.3809,-8.119,-5.1932
2026-07-20T16:55:27.712,11.3809,-7.9036,-5.1149
2026-07-20T16:55:27.712,11.3809,-7.9623,-4.9778
2026-07-20T16:55:27.735,11.4078,-8.1581,-5.1345
2026-07-20T16:55:27.744,11.4078,-7.9819,-5.2715
2026-07-20T16:55:27.744,11.4078,-7.6295,-5.2128
2026-07-20T16:55:27.760,11.4342,-7.9036,-5.0953
2026-07-20T16:55:27.780,11.4449,-8.1777,-5.1932
2026-07-20T16:55:27.780,11.4449,-7.8253,-5.252
2026-07-20T16:55:27.791,11.4669,-8.0015,-4.9778
2026-07-20T16:55:27.807,11.4669,-8.0798,-5.2715
2026-07-20T16:55:27.807,11.4669,-7.7274,-5.2715
2026-07-20T16:55:27.820,11.4815,-7.8253,-4.9974
2026-07-20T16:55:27.839,11.5047,-8.0211,-5.1736
2026-07-20T16:55:27.839,11.5047,-7.884,-5.2911
2026-07-20T16:55:27.854,11.5047,-7.8644,-5.1345
2026-07-20T16:55:27.863,11.5288,-8.0406,-5.0757
2026-07-20T16:55:27.877,11.5288,-8.0602,-5.252
2026-07-20T16:55:27.877,11.5288,-7.7274,-5.2128
2026-07-20T16:55:27.892,11.5611,-7.8253,-5.0366
2026-07-20T16:55:27.901,11.5611,-8.2365,-5.1345
2026-07-20T16:55:27.901,11.5611,-7.8448,-5.3107
2026-07-20T16:55:27.933,11.5982,-7.8057,-5.0953
2026-07-20T16:55:27.933,11.5982,-8.1973,-5.252
2026-07-20T16:55:27.933,11.5982,-7.9623,-5.2128
2026-07-20T16:55:27.952,11.6228,-7.8253,-5.1736
2026-07-20T16:55:27.966,11.6228,-7.884,-5.1149
2026-07-20T16:55:27.970,11.6228,-7.884,-5.2715
2026-07-20T16:55:27.995,11.6545,-7.7469,-5.1932
2026-07-20T16:55:27.995,11.6545,-7.9232,-4.9582
2026-07-20T16:55:27.995,11.6545,-8.0602,-5.1345
2026-07-20T16:55:28.013,11.691,-7.7861,-5.4086
2026-07-20T16:55:28.027,11.693,-7.884,-5.1541
2026-07-20T16:55:28.027,11.694,-8.2169,-5.0562
2026-07-20T16:55:28.043,11.7229,-8.0211,-5.1736
2026-07-20T16:55:28.060,11.7229,-7.8253,-4.9387
2026-07-20T16:55:28.063,11.7229,-8.1386,-5.2715
2026-07-20T16:55:28.066,11.7486,-8.1777,-5.2324
2026-07-20T16:55:28.090,11.7561,-7.8253,-5.2911
2026-07-20T16:55:28.090,11.7561,-7.8253,-5.0757
2026-07-20T16:55:28.095,11.7561,-8.1581,-5.1345
2026-07-20T16:55:28.121,11.7941,-7.8644,-5.252
2026-07-20T16:55:28.121,11.7941,-7.8448,-4.9974
2026-07-20T16:55:28.128,11.7958,-8.0211,-5.0366
2026-07-20T16:55:28.154,11.8115,-7.9623,-5.2324
2026-07-20T16:55:28.154,11.8115,-7.7665,-5.2911
2026-07-20T16:55:28.154,11.8115,-7.884,-4.9387
2026-07-20T16:55:28.178,11.85,-8.119,-5.2911
2026-07-20T16:55:28.184,11.85,-7.884,-5.2911
2026-07-20T16:55:28.184,11.85,-7.8644,-4.9778
2026-07-20T16:55:28.215,11.878,-8.119,-5.0953
2026-07-20T16:55:28.215,11.878,-7.8448,-5.2911
2026-07-20T16:55:28.222,11.878,-7.8057,-5.1736
2026-07-20T16:55:28.232,11.894,-8.0602,-5.1736
2026-07-20T16:55:28.247,11.906,-8.0994,-5.2128
2026-07-20T16:55:28.250,11.906,-7.7469,-5.3107
2026-07-20T16:55:28.266,11.9216,-7.9036,-5.0562
2026-07-20T16:55:28.266,11.9216,-8.0406,-5.0953
2026-07-20T16:55:28.278,11.9216,-7.7665,-5.252
2026-07-20T16:55:28.294,11.9533,-7.7274,-5.0757
2026-07-20T16:55:28.294,11.9533,-8.119,-5.1736
2026-07-20T16:55:28.314,11.986,-7.7861,-5.2715
2026-07-20T16:55:28.326,11.986,-7.7469,-5.1736
2026-07-20T16:55:28.326,11.986,-8.0211,-5.0953
2026-07-20T16:55:28.342,12.0007,-8.1777,-5.1932
2026-07-20T16:55:28.342,12.0164,-7.8448,-5.3303
2026-07-20T16:55:28.358,12.0164,-7.8448,-5.0953
2026-07-20T16:55:28.373,12.0321,-8.0602,-5.0953
2026-07-20T16:55:28.373,12.0321,-7.9427,-5.1541
2026-07-20T16:55:28.389,12.0457,-7.7665,-5.2324
2026-07-20T16:55:28.404,12.0634,-7.884,-5.0366
2026-07-20T16:55:28.404,12.0634,-8.0406,-5.2324
2026-07-20T16:55:28.420,12.0953,-7.7469,-5.2911
2026-07-20T16:55:28.436,12.0953,-7.9232,-5.0757
2026-07-20T16:55:28.436,12.0953,-8.1777,-5.1541
2026-07-20T16:55:28.451,12.1103,-7.9623,-5.252
2026-07-20T16:55:28.467,12.1103,-7.8057,-5.0953
2026-07-20T16:55:28.468,12.1103,-8.2169,-5.0562
2026-07-20T16:55:28.483,12.1417,-7.8253,-5.3303
2026-07-20T16:55:28.483,12.1417,-7.8644,-5.0757
2026-07-20T16:55:28.507,12.1729,-8.0015,-5.0757
2026-07-20T16:55:28.514,12.1729,-8.1777,-5.1345
2026-07-20T16:55:28.514,12.1729,-7.8253,-5.3499
2026-07-20T16:55:28.530,12.1944,-7.8057,-5.1149
2026-07-20T16:55:28.545,12.2047,-8.0994,-5.0562
2026-07-20T16:55:28.545,12.2047,-8.0015,-5.3499
2026-07-20T16:55:28.567,12.2307,-7.8448,-5.1736
2026-07-20T16:55:28.567,12.2307,-8.0994,-5.1932
2026-07-20T16:55:28.586,12.252,-8.0015,-5.252
2026-07-20T16:55:28.593,12.252,-7.7078,-5.1736
2026-07-20T16:55:28.603,12.252,-7.6882,-5.017
2026-07-20T16:55:28.615,12.268,-7.8253,-4.8799
2026-07-20T16:55:28.624,12.2837,-7.5903,-5.0757
2026-07-20T16:55:28.632,12.2865,-7.3162,-4.41
2026-07-20T16:55:28.640,12.2998,-7.4336,-4.3512
2026-07-20T16:55:28.640,12.2998,-7.3357,-4.4491
2026-07-20T16:55:28.659,12.3311,-6.9637,-4.1554
2026-07-20T16:55:28.672,12.3409,-6.7875,-3.6268
2026-07-20T16:55:28.672,12.3434,-7.0225,-3.6463
2026-07-20T16:55:28.698,12.3626,-6.6896,-3.5484
2026-07-20T16:55:28.703,12.3737,-6.2392,-3.0002
2026-07-20T16:55:28.703,12.3737,-6.4546,-2.4127
2026-07-20T16:55:28.722,12.3784,-6.298,-2.2757
2026-07-20T16:55:28.728,12.4033,-6.0043,-2.0603
2026-07-20T16:55:28.735,12.4073,-5.9651,-1.2771
2026-07-20T16:55:28.751,12.4102,-5.9847,-1.3358
2026-07-20T16:55:28.767,12.437,-5.6714,-0.9246
2026-07-20T16:55:28.771,12.439,-5.456,-0.2197
2026-07-20T16:55:28.783,12.4421,-5.5147,-0.0239
2026-07-20T16:55:28.796,12.4581,-5.3581,0.1915
2026-07-20T16:55:28.800,12.4739,-4.9861,0.4656
2026-07-20T16:55:28.814,12.4794,-5.221,1.1314
2026-07-20T16:55:28.814,12.4794,-5.1819,1.0335
2026-07-20T16:55:28.830,12.5072,-4.8686,1.3859
2026-07-20T16:55:28.830,12.5072,-4.849,1.8363
2026-07-20T16:55:28.852,12.5144,-5.1231,2.0125
2026-07-20T16:55:28.862,12.5367,-5.0644,1.8754
2026-07-20T16:55:28.867,12.5367,-4.6336,2.0321
2026-07-20T16:55:28.887,12.5464,-4.7511,2.4433
2026-07-20T16:55:28.887,12.5522,-4.849,2.3258
2026-07-20T16:55:28.909,12.5754,-4.5944,2.2279
2026-07-20T16:55:28.909,12.5754,-4.4182,2.7957
2026-07-20T16:55:28.924,12.5841,-4.6532,2.8545
2026-07-20T16:55:28.935,12.6094,-4.5161,2.8153
2026-07-20T16:55:28.941,12.6158,-4.2224,2.9328
2026-07-20T16:55:28.956,12.6181,-4.3595,3.3244
2026-07-20T16:55:28.960,12.6315,-4.4965,3.3832
2026-07-20T16:55:28.972,12.6475,-4.3399,3.5398
2026-07-20T16:55:28.972,12.6475,-4.1441,4.1468
2026-07-20T16:55:28.994,12.6475,-4.3203,4.3035
2026-07-20T16:55:29.004,12.6787,-4.2811,4.1468
2026-07-20T16:55:29.004,12.6787,-4.1245,4.5384
2026-07-20T16:55:29.020,12.6787,-4.242,4.9496
2026-07-20T16:55:29.035,12.7096,-4.4182,4.9496
2026-07-20T16:55:29.035,12.7153,-4.0658,5.0671
2026-07-20T16:55:29.051,12.7153,-3.9874,5.5762
2026-07-20T16:55:29.051,12.7153,-3.9679,5.9091
2026-07-20T16:55:29.071,12.7455,-3.8504,6.0853
2026-07-20T16:55:29.082,12.7526,-3.7329,6.8098
2026-07-20T16:55:29.096,12.7583,-3.7525,7.0056
2026-07-20T16:55:29.104,12.7733,-3.6937,7.0448
2026-07-20T16:55:29.113,12.7733,-3.5958,7.1035
2026-07-20T16:55:29.125,12.7893,-3.5175,7.3972
2026-07-20T16:55:29.133,12.7969,-3.6154,7.4168
2026-07-20T16:55:29.140,12.8239,-3.3217,7.456
2026-07-20T16:55:29.146,12.8343,-3.165,7.9455
2026-07-20T16:55:29.146,12.8365,-3.2042,8.3175
2026-07-20T16:55:29.173,12.842,-3.1455,8.3175
2026-07-20T16:55:29.183,12.8636,-2.7147,8.7091
2026-07-20T16:55:29.193,12.8668,-2.7734,9.2574
2026-07-20T16:55:29.207,12.8725,-2.8713,9.3161
2026-07-20T16:55:29.214,12.8768,-2.4014,9.5511
2026-07-20T16:55:29.224,12.9019,-2.2447,9.9231
2026-07-20T16:55:29.224,12.9057,-2.421,9.7077
2026-07-20T16:55:29.245,12.9097,-2.2056,9.4336
2026-07-20T16:55:29.249,12.9149,-1.9119,9.8644
2026-07-20T16:55:29.267,12.9402,-1.9902,9.9819
2026-07-20T16:55:29.267,12.9402,-2.1077,9.8448
2026-07-20T16:55:29.282,12.9464,-1.7161,9.7273
2026-07-20T16:55:29.292,12.9534,-1.6182,9.9819
2026-07-20T16:55:29.303,12.9806,-1.8923,9.7469
2026-07-20T16:55:29.312,12.9806,-2.0489,9.3749
2026-07-20T16:55:29.319,12.9866,-1.8531,9.7469
2026-07-20T16:55:29.339,13.0096,-2.1273,9.7273
2026-07-20T16:55:29.339,13.0196,-1.9315,9.5903
2026-07-20T16:55:29.353,13.0226,-1.7356,9.6294
2026-07-20T16:55:29.365,13.0296,-1.7748,9.9036
2026-07-20T16:55:29.373,13.055,-2.1664,9.649
2026-07-20T16:55:29.382,13.057,-1.7748,9.4336
2026-07-20T16:55:29.395,13.0667,-1.6769,9.6098
2026-07-20T16:55:29.404,13.0718,-1.9315,9.649
2026-07-20T16:55:29.421,13.1011,-2.0098,9.2574
2026-07-20T16:55:29.421,13.1011,-1.4615,9.4924
2026-07-20T16:55:29.439,13.1062,-1.7356,9.6294
2026-07-20T16:55:29.445,13.1084,-1.8923,9.414
2026-07-20T16:55:29.461,13.1374,-1.5594,9.3553
2026-07-20T16:55:29.461,13.14,-1.5594,9.6882
2026-07-20T16:55:29.473,13.14,-1.7552,9.649
2026-07-20T16:55:29.481,13.1485,-1.6182,9.277
2026-07-20T16:55:29.493,13.1716,-1.4224,9.3357
2026-07-20T16:55:29.493,13.1716,-1.7748,9.2574
2026-07-20T16:55:29.512,13.1797,-1.579,8.9049
2026-07-20T16:55:29.521,13.1825,-1.3832,8.9637
2026-07-20T16:55:29.539,13.2098,-1.6573,9.1007
2026-07-20T16:55:29.544,13.2138,-1.951,8.9833
2026-07-20T16:55:29.558,13.2217,-1.6573,8.7287
2026-07-20T16:55:29.568,13.2494,-1.5986,8.9441
2026-07-20T16:55:29.570,13.2494,-1.9119,8.9637
2026-07-20T16:55:29.582,13.2536,-1.6769,8.7483
2026-07-20T16:55:29.594,13.2536,-1.6573,8.8658
2026-07-20T16:55:29.604,13.2825,-1.7552,8.6895
2026-07-20T16:55:29.604,13.2873,-2.0881,8.5525
2026-07-20T16:55:29.626,13.2894,-1.7356,8.2783
2026-07-20T16:55:29.626,13.2923,-1.6769,8.67
2026-07-20T16:55:29.640,13.3239,-1.8727,8.6504
2026-07-20T16:55:29.655,13.3239,-1.9902,8.435
2026-07-20T16:55:29.668,13.3357,-1.5986,8.4154
2026-07-20T16:55:29.680,13.3569,-1.7552,8.7287
2026-07-20T16:55:29.680,13.3569,-2.0294,8.3567
2026-07-20T16:55:29.696,13.3686,-1.7748,8.1021
2026-07-20T16:55:29.704,13.3711,-1.7748,8.3958
2026-07-20T16:55:29.717,13.398,-2.0685,8.2392
2026-07-20T16:55:29.728,13.4013,-1.9706,7.9846
2026-07-20T16:55:29.729,13.4045,-1.6965,8.2
2026-07-20T16:55:29.743,13.4045,-1.8335,8.4154
2026-07-20T16:55:29.759,13.4346,-2.1077,8.2392
2026-07-20T16:55:29.759,13.4365,-1.6769,8.2196
2026-07-20T16:55:29.777,13.4389,-1.7552,8.2196
2026-07-20T16:55:29.784,13.4411,-1.9902,8.1413
2026-07-20T16:55:29.791,13.4662,-2.0098,7.9259
2026-07-20T16:55:29.791,13.4662,-1.6377,7.9651
2026-07-20T16:55:29.813,13.4662,-1.9315,8.2979
2026-07-20T16:55:29.824,13.5002,-2.0098,8.1609
2026-07-20T16:55:29.827,13.5036,-1.5986,8.1609
2026-07-20T16:55:29.838,13.5081,-1.7552,8.4546
2026-07-20T16:55:29.858,13.5398,-1.8727,8.2392
2026-07-20T16:55:29.868,13.5398,-1.6377,8.063
2026-07-20T16:55:29.876,13.5445,-1.5594,8.3175
2026-07-20T16:55:29.886,13.5455,-1.7161,8.3371
2026-07-20T16:55:29.894,13.5774,-1.8727,8.0238
2026-07-20T16:55:29.902,13.5774,-1.4615,8.1413
2026-07-20T16:55:29.912,13.5854,-1.5203,8.435
2026-07-20T16:55:29.918,13.5876,-1.7552,8.3371
2026-07-20T16:55:29.934,13.6143,-1.6377,8.1217
2026-07-20T16:55:29.936,13.6143,-1.4615,8.2783
2026-07-20T16:55:29.950,13.6215,-1.6573,8.3958
2026-07-20T16:55:29.960,13.6269,-1.6377,8.1804
2026-07-20T16:55:29.970,13.6403,-1.4028,8.0238
2026-07-20T16:55:29.981,13.6534,-1.5007,8.3958
2026-07-20T16:55:29.987,13.6559,-1.579,8.2
2026-07-20T16:55:30.008,13.6871,-1.5203,8.0434
2026-07-20T16:55:30.013,13.6922,-1.5007,8.2196
2026-07-20T16:55:30.013,13.6922,-1.6965,8.2979
2026-07-20T16:55:30.028,13.6965,-1.7944,8.0238
2026-07-20T16:55:30.044,13.723,-1.2461,7.9063
2026-07-20T16:55:30.044,13.7277,-1.5203,8.1217
2026-07-20T16:55:30.064,13.7343,-1.8923,7.9455
2026-07-20T16:55:30.069,13.7343,-1.6573,7.6713
2026-07-20T16:55:30.084,13.7619,-1.3832,7.828
2026-07-20T16:55:30.095,13.7658,-1.6965,7.9651
2026-07-20T16:55:30.107,13.7716,-1.7161,7.7105
2026-07-20T16:55:30.107,13.7716,-1.4811,7.8476
2026-07-20T16:55:30.122,13.7981,-1.3832,7.9846
2026-07-20T16:55:30.122,13.7981,-1.6769,8.0042
2026-07-20T16:55:30.144,13.7981,-1.7356,7.8867
2026-07-20T16:55:30.154,13.8313,-1.5007,7.6909
2026-07-20T16:55:30.154,13.8341,-1.5007,8.0238
2026-07-20T16:55:30.170,13.8376,-1.7552,7.9846
2026-07-20T16:55:30.185,13.8621,-1.7161,7.7888
2026-07-20T16:55:30.198,13.8667,-1.579,7.5343
2026-07-20T16:55:30.206,13.8714,-1.6573,7.8672
2026-07-20T16:55:30.212,13.8734,-1.8727,7.8476
2026-07-20T16:55:30.221,13.9,-1.6965,7.4951
2026-07-20T16:55:30.239,13.9076,-1.6182,7.7888
2026-07-20T16:55:30.246,13.9096,-1.814,7.9259
2026-07-20T16:55:30.259,13.9325,-1.8727,7.6322
2026-07-20T16:55:30.265,13.9353,-1.4811,7.8672
2026-07-20T16:55:30.272,13.9391,-1.6769,7.9846
2026-07-20T16:55:30.282,13.9446,-1.7356,7.9455
2026-07-20T16:55:30.291,13.9705,-1.3832,7.9259
2026-07-20T16:55:30.296,13.9705,-1.344,8.2783
2026-07-20T16:55:30.311,13.9797,-1.6377,8.3958
2026-07-20T16:55:30.317,14.0068,-1.4615,8.2196
2026-07-20T16:55:30.329,14.01,-1.1482,8.3567
2026-07-20T16:55:30.343,14.0149,-1.4028,8.6112
2026-07-20T16:55:30.352,14.0197,-1.4028,8.3175
2026-07-20T16:55:30.366,14.0334,-0.9524,8.3763
2026-07-20T16:55:30.374,14.0512,-1.0112,8.67
2026-07-20T16:55:30.387,14.0512,-1.207,8.6112
2026-07-20T16:55:30.392,14.0512,-1.3049,8.3958
2026-07-20T16:55:30.403,14.0806,-0.8741,8.5916
2026-07-20T16:55:30.406,14.0806,-1.0112,8.7874
2026-07-20T16:55:30.423,14.0875,-1.1286,8.807
2026-07-20T16:55:30.437,14.1119,-0.7762,8.7091
2026-07-20T16:55:30.437,14.1119,-0.6195,9.0028
2026-07-20T16:55:30.453,14.1119,-0.8741,9.0028
2026-07-20T16:55:30.463,14.1271,-0.972,8.8658
2026-07-20T16:55:30.470,14.1537,-0.5804,8.8462
2026-07-20T16:55:30.470,14.1586,-0.7566,9.1595
2026-07-20T16:55:30.499,14.1634,-0.8741,8.9637
2026-07-20T16:55:30.499,14.1676,-0.6,8.8266
2026-07-20T16:55:30.518,14.1907,-0.4237,9.1595
2026-07-20T16:55:30.526,14.1907,-0.8349,8.9833
2026-07-20T16:55:30.540,14.1973,-0.4042,9.0224
2026-07-20T16:55:30.547,14.2239,-0.3846,9.2965
2026-07-20T16:55:30.547,14.2272,-0.5804,9.3161
2026-07-20T16:55:30.563,14.2272,-0.5608,9.1595
2026-07-20T16:55:30.573,14.2378,-0.13,9.2965
2026-07-20T16:55:30.583,14.2535,-0.4825,9.4532
2026-07-20T16:55:30.600,14.2694,-0.5216,9.1399
2026-07-20T16:55:30.600,14.2716,-0.2279,9.0224
2026-07-20T16:55:30.618,14.2972,-0.5216,9.1791
2026-07-20T16:55:30.626,14.3009,-0.6587,8.67
2026-07-20T16:55:30.644,14.3032,-0.6587,8.4937
2026-07-20T16:55:30.644,14.3032,-0.6,8.5721
2026-07-20T16:55:30.655,14.3327,-0.737,8.4937
2026-07-20T16:55:30.657,14.3327,-0.8545,8.2979
2026-07-20T16:55:30.675,14.3417,-0.5216,8.5329
2026-07-20T16:55:30.687,14.3678,-0.7566,8.6895
2026-07-20T16:55:30.691,14.3678,-0.8545,8.3371
2026-07-20T16:55:30.705,14.3783,-0.6783,8.3567
2026-07-20T16:55:30.714,14.38,-0.6587,8.6504
2026-07-20T16:55:30.725,14.4079,-0.9916,8.4546
2026-07-20T16:55:30.736,14.4079,-0.6783,8.2783
2026-07-20T16:55:30.740,14.4112,-0.6195,8.6504
2026-07-20T16:55:30.756,14.4171,-0.8937,8.4937
2026-07-20T16:55:30.770,14.4425,-0.8545,8.4154
2026-07-20T16:55:30.770,14.4425,-0.5412,8.5721
2026-07-20T16:55:30.789,14.4537,-0.9133,8.5916
2026-07-20T16:55:30.789,14.4537,-0.8545,8.4937
2026-07-20T16:55:30.800,14.4748,-0.5608,8.7483
2026-07-20T16:55:30.815,14.4748,-0.4237,8.8854
2026-07-20T16:55:30.826,14.4851,-0.7566,8.9245
2026-07-20T16:55:30.836,14.5126,-0.6979,8.7483
2026-07-20T16:55:30.836,14.5176,-0.2083,9.0812
2026-07-20T16:55:30.847,14.5176,-0.3846,9.1791
2026-07-20T16:55:30.862,14.5444,-0.3454,9.0812
2026-07-20T16:55:30.878,14.5444,-0.2083,9.2182
2026-07-20T16:55:30.885,14.556,-0.4237,9.4728
2026-07-20T16:55:30.890,14.5583,-0.5216,9.3553
2026-07-20T16:55:30.905,14.5822,-0.4237,9.277
2026-07-20T16:55:30.910,14.5851,-0.13,9.4728
2026-07-20T16:55:30.917,14.5873,-0.3454,9.9231
2026-07-20T16:55:30.933,14.6137,-0.3846,9.649
2026-07-20T16:55:30.942,14.6176,-0.0125,9.8252
2026-07-20T16:55:30.955,14.6176,0.0462,10.256
2026-07-20T16:55:30.964,14.6176,-0.0321,10.256
2026-07-20T16:55:30.975,14.6503,0.0462,10.3539
2026-07-20T16:55:30.975,14.6503,0.3987,10.4518
2026-07-20T16:55:30.990,14.6503,0.3399,10.6672
2026-07-20T16:55:31.005,14.6793,0.1637,10.5497
2026-07-20T16:55:31.007,14.6906,0.3595,10.4322
2026-07-20T16:55:31.023,14.6945,0.5749,10.7651
2026-07-20T16:55:31.023,14.698,0.2029,10.9217
2026-07-20T16:55:31.042,14.7309,0.4378,10.6476
2026-07-20T16:55:31.052,14.7309,0.5161,10.863
2026-07-20T16:55:31.067,14.739,0.3399,11.0197
2026-07-20T16:55:31.070,14.7421,0.1637,10.9413
2026-07-20T16:55:31.082,14.7739,0.4182,10.5693
2026-07-20T16:55:31.095,14.7739,0.3203,10.8238
2026-07-20T16:55:31.111,14.7809,0.1833,10.7259
2026-07-20T16:55:31.114,14.7809,0.4574,10.4322
2026-07-20T16:55:31.124,14.814,0.4182,10.7455
2026-07-20T16:55:31.129,14.8163,0.1245,10.5301
2026-07-20T16:55:31.146,14.8193,0.2224,10.2756
2026-07-20T16:55:31.153,14.8193,0.4574,10.2168
2026-07-20T16:55:31.171,14.8613,0.0854,10.2364
2026-07-20T16:55:31.176,14.8613,-0.1692,9.9427
2026-07-20T16:55:31.189,14.8666,0.0854,9.8252
2026-07-20T16:55:31.192,14.8666,0.0854,9.9231
2026-07-20T16:55:31.203,14.885,-0.2867,9.7861
2026-07-20T16:55:31.224,14.9042,-0.2083,9.5315
2026-07-20T16:55:31.234,14.9042,0.0658,9.649
2026-07-20T16:55:31.239,14.9101,-0.2083,9.7469
2026-07-20T16:55:31.247,14.9125,-0.4237,9.5119
2026-07-20T16:55:31.257,14.9373,-0.0713,9.3749
2026-07-20T16:55:31.257,14.9373,-0.0713,9.8448
2026-07-20T16:55:31.277,14.9429,-0.2279,9.5315
2026-07-20T16:55:31.282,14.9456,-0.3846,9.3161
2026-07-20T16:55:31.293,14.9762,-0.0517,9.414
2026-07-20T16:55:31.302,14.9772,-0.5021,9.414
2026-07-20T16:55:31.315,14.9772,-0.4825,9.4924
2026-07-20T16:55:31.320,15.009,-0.1496,9.277
2026-07-20T16:55:31.334,15.0184,-0.1104,9.6294
2026-07-20T16:55:31.334,15.0231,-0.4825,9.5511
2026-07-20T16:55:31.359,15.026,-0.3062,9.2182
2026-07-20T16:55:31.369,15.0405,-0.2279,9.4924
2026-07-20T16:55:31.371,15.0563,-0.3846,9.6098
2026-07-20T16:55:31.381,15.0636,-0.4042,9.1986
2026-07-20T16:55:31.395,15.0636,-0.1496,9.3749
2026-07-20T16:55:31.398,15.0876,-0.2671,9.5707
2026-07-20T16:55:31.413,15.1007,-0.5021,9.3553
2026-07-20T16:55:31.413,15.1033,-0.365,9.1595
2026-07-20T16:55:31.436,15.1033,-0.2867,9.4336
2026-07-20T16:55:31.444,15.1033,-0.4629,9.3945
2026-07-20T16:55:31.453,15.137,-0.6,9.1791
2026-07-20T16:55:31.460,15.1413,-0.2475,9.1399
2026-07-20T16:55:31.476,15.1457,-0.3258,9.3945
2026-07-20T16:55:31.484,15.1512,-0.737,9.1791
2026-07-20T16:55:31.492,15.1678,-0.5021,8.9637
2026-07-20T16:55:31.492,15.1804,-0.3258,9.3749
2026-07-20T16:55:31.522,15.1828,-0.4433,9.3553
2026-07-20T16:55:31.523,15.1908,-0.6,9.1986
2026-07-20T16:55:31.531,15.2169,-0.2083,9.1986
2026-07-20T16:55:31.540,15.2222,-0.1496,9.7273
2026-07-20T16:55:31.555,15.2222,-0.4433,9.3945
2026-07-20T16:55:31.563,15.227,-0.0321,9.414
2026-07-20T16:55:31.572,15.2555,-0.0517,9.4728
2026-07-20T16:55:31.589,15.2555,-0.2671,9.6098
2026-07-20T16:55:31.594,15.2555,-0.365,9.3945
2026-07-20T16:55:31.609,15.2889,-0.0517,9.2574
2026-07-20T16:55:31.622,15.2936,-0.0713,9.5119
2026-07-20T16:55:31.622,15.2936,-0.365,9.5315
2026-07-20T16:55:31.634,15.2991,-0.1104,9.1007
2026-07-20T16:55:31.645,15.3303,-0.0517,9.4336
2026-07-20T16:55:31.650,15.3303,-0.365,9.5315
2026-07-20T16:55:31.666,15.3412,-0.5608,9.4336
2026-07-20T16:55:31.676,15.3463,-0.2083,9.3553
2026-07-20T16:55:31.686,15.372,-0.1104,9.649
2026-07-20T16:55:31.698,15.3753,-0.1692,9.649
2026-07-20T16:55:31.703,15.3784,-0.2475,9.3553
2026-07-20T16:55:31.713,15.3804,0.0266,9.649
2026-07-20T16:55:31.729,15.4065,-0.1104,9.7077
2026-07-20T16:55:31.729,15.4108,-0.2671,9.414
2026-07-20T16:55:31.744,15.4108,-0.0321,9.1791
2026-07-20T16:55:31.753,15.4197,-0.13,9.5119
2026-07-20T16:55:31.774,15.4359,-0.3846,9.3357
2026-07-20T16:55:31.774,15.4359,-0.2279,9.1595
2026-07-20T16:55:31.783,15.4543,-0.1496,9.3749
2026-07-20T16:55:31.794,15.4675,-0.3846,9.5315
2026-07-20T16:55:31.802,15.4834,-0.3062,9.3161
2026-07-20T16:55:31.808,15.4834,-0.13,9.4336
2026-07-20T16:55:31.827,15.4834,-0.2475,9.5903
2026-07-20T16:55:31.835,15.5193,-0.5412,9.4532
2026-07-20T16:55:31.840,15.5193,-0.1496,9.2378
2026-07-20T16:55:31.856,15.5308,-0.0713,9.6098
2026-07-20T16:55:31.856,15.5308,-0.2867,9.5119
2026-07-20T16:55:31.874,15.5627,-0.4237,9.3945
2026-07-20T16:55:31.887,15.5627,-0.1692,9.2965
2026-07-20T16:55:31.892,15.5627,-0.5412,9.4532
2026-07-20T16:55:31.903,15.5627,-0.4629,9.1595
2026-07-20T16:55:31.903,15.6024,-0.3258,9.1791
2026-07-20T16:55:31.925,15.6054,-0.4042,9.414
2026-07-20T16:55:31.935,15.6103,-0.6979,9.042
2026-07-20T16:55:31.935,15.6129,-0.5216,9.0028
2026-07-20T16:55:31.951,15.6468,-0.365,9.1986
2026-07-20T16:55:31.972,15.6468,-0.5608,9.3553
2026-07-20T16:55:31.983,15.6468,-0.8545,9.1203
2026-07-20T16:55:31.983,15.6468,-0.5804,9.0224
2026-07-20T16:55:31.999,15.6913,-0.4042,9.1595
2026-07-20T16:55:31.999,15.6913,-0.7174,9.2965
2026-07-20T16:55:32.017,15.6913,-0.7762,8.9441
2026-07-20T16:55:32.019,15.7016,-0.2867,8.9833
2026-07-20T16:55:32.034,15.7425,-0.3846,9.2378
2026-07-20T16:55:32.046,15.7451,-0.6979,9.1595
2026-07-20T16:55:32.046,15.7486,-0.5216,8.9245
2026-07-20T16:55:32.064,15.7518,-0.2671,9.3161
2026-07-20T16:55:32.077,15.757,-0.6783,9.1986
2026-07-20T16:55:32.085,15.7839,-0.6979,8.9441
2026-07-20T16:55:32.103,15.7839,-0.2867,9.1203
2026-07-20T16:55:32.108,15.7839,-0.3062,9.4336
2026-07-20T16:55:32.117,15.7839,-0.6783,9.3553
2026-07-20T16:55:32.124,15.8,-0.2867,9.2182
2026-07-20T16:55:32.142,15.8317,-0.3846,9.4728
2026-07-20T16:55:32.142,15.8336,-0.6,9.277
2026-07-20T16:55:32.156,15.8363,-0.3062,9.1203
2026-07-20T16:55:32.156,15.8363,-0.3454,9.4728
2026-07-20T16:55:32.172,15.8363,-0.5216,9.4336
2026-07-20T16:55:32.184,15.8832,-0.8153,9.1007
2026-07-20T16:55:32.188,15.8863,-0.3454,9.042
2026-07-20T16:55:32.203,15.8883,-0.5021,9.3553
2026-07-20T16:55:32.209,15.8999,-0.737,9.2182
2026-07-20T16:55:32.227,15.9258,-0.6391,8.9833
2026-07-20T16:55:32.244,15.9258,-0.3062,9.3749
2026-07-20T16:55:32.244,15.9258,-0.6391,9.3553
2026-07-20T16:55:32.261,15.9416,-0.7958,9.042
2026-07-20T16:55:32.267,15.9416,-0.5216,9.2378
2026-07-20T16:55:32.276,15.9526,-0.4042,9.4728
2026-07-20T16:55:32.287,15.9812,-0.6,9.277
2026-07-20T16:55:32.298,15.9812,-0.365,9.0812
2026-07-20T16:55:32.298,15.9812,-0.3846,9.5119
2026-07-20T16:55:32.314,15.991,-0.6587,9.3161
2026-07-20T16:55:32.325,15.991,-0.3062,9.3161
2026-07-20T16:55:32.345,16.0268,-0.1692,9.5707
2026-07-20T16:55:32.345,16.0268,-0.4433,9.5903
2026-07-20T16:55:32.354,16.0328,-0.6195,9.3553
2026-07-20T16:55:32.363,16.0328,-0.13,9.3945
2026-07-20T16:55:32.378,16.0682,-0.1496,9.8056
2026-07-20T16:55:32.378,16.0682,-0.3062,9.5511
2026-07-20T16:55:32.399,16.074,-0.2083,9.414
2026-07-20T16:55:32.405,16.0789,-0.1104,9.7861
2026-07-20T16:55:32.412,16.082,-0.2867,9.5315
2026-07-20T16:55:32.425,16.1161,-0.4042,9.4924
2026-07-20T16:55:32.425,16.1161,-0.1104,9.3161
2026-07-20T16:55:32.446,16.1219,0.007,9.7077
2026-07-20T16:55:32.454,16.1248,-0.4629,9.6294
2026-07-20T16:55:32.465,16.1584,-0.3062,9.4336
2026-07-20T16:55:32.473,16.1633,-0.0909,9.3749
2026-07-20T16:55:32.488,16.1673,-0.0909,9.6882
2026-07-20T16:55:32.497,16.173,-0.4042,9.5119
2026-07-20T16:55:32.508,16.2088,-0.3846,9.277
2026-07-20T16:55:32.520,16.2109,-0.2475,9.5511
2026-07-20T16:55:32.520,16.2109,-0.3062,9.6098
2026-07-20T16:55:32.531,16.2195,-0.4433,9.414
2026-07-20T16:55:32.545,16.2195,-0.13,9.4532
2026-07-20T16:55:32.560,16.2522,-0.1888,9.7861
2026-07-20T16:55:32.560,16.2522,-0.4433,9.5903
2026-07-20T16:55:32.573,16.2603,-0.2279,9.4728
2026-07-20T16:55:32.583,16.2673,-0.1496,9.8644
2026-07-20T16:55:32.592,16.2673,-0.3062,9.8252
2026-07-20T16:55:32.607,16.3005,-0.365,9.7077
2026-07-20T16:55:32.615,16.3078,-0.0125,9.6686
2026-07-20T16:55:32.625,16.3078,0.0266,10.021
2026-07-20T16:55:32.633,16.3172,-0.3258,9.9036
2026-07-20T16:55:32.646,16.3237,-0.4237,9.7861
2026-07-20T16:55:32.654,16.3375,0.007,9.9819
2026-07-20T16:55:32.662,16.3375,-0.2083,10.1777
2026-07-20T16:55:32.680,16.3572,-0.2279,10.0015
2026-07-20T16:55:32.690,16.36,-0.0909,9.7861
2026-07-20T16:55:32.696,16.3661,0.1441,10.1189
2026-07-20T16:55:32.705,16.3846,-0.1888,10.1189
2026-07-20T16:55:32.710,16.4014,-0.3258,9.7861
2026-07-20T16:55:32.736,16.4014,0.0462,9.9231
2026-07-20T16:55:32.741,16.4014,-0.0125,10.1385
2026-07-20T16:55:32.757,16.4319,-0.1692,10.1385
2026-07-20T16:55:32.757,16.4319,-0.1104,9.9819
2026-07-20T16:55:32.757,16.4319,-0.0125,10.0798
2026-07-20T16:55:32.774,16.4461,-0.2475,10.2756
2026-07-20T16:55:32.791,16.4881,-0.3258,9.8448
2026-07-20T16:55:32.804,16.493,0.007,9.7861
2026-07-20T16:55:32.804,16.493,-0.1104,10.0994
2026-07-20T16:55:32.804,16.4951,-0.4237,10.0406
2026-07-20T16:55:32.830,16.5051,-0.0909,9.8252
2026-07-20T16:55:32.841,16.5358,0.0462,10.0798
2026-07-20T16:55:32.841,16.5358,-0.2671,10.1973
2026-07-20T16:55:32.853,16.5415,-0.2867,10.0798
2026-07-20T16:55:32.865,16.5426,0.1245,9.9231
2026-07-20T16:55:32.877,16.5496,0.0266,10.2952
2026-07-20T16:55:32.885,16.5806,-0.1104,10.1973
2026-07-20T16:55:32.900,16.5806,0.0854,9.884
2026-07-20T16:55:32.908,16.5899,0.1245,10.0994
2026-07-20T16:55:32.915,16.5918,-0.1104,10.2756
2026-07-20T16:55:32.926,16.5974,-0.1496,9.9819
2026-07-20T16:55:32.931,16.6242,0.0854,9.884
2026-07-20T16:55:32.946,16.6268,0.1049,10.1777
2026-07-20T16:55:32.953,16.6299,-0.1888,10.3735
2026-07-20T16:55:32.964,16.6299,-0.0713,10.2364
2026-07-20T16:55:32.978,16.6624,0.1833,10.1189
2026-07-20T16:55:32.978,16.6681,0.242,10.4518
2026-07-20T16:55:32.999,16.6717,-0.0125,10.4714
2026-07-20T16:55:33.002,16.6765,0.242,10.256
2026-07-20T16:55:33.019,16.7015,0.3987,10.5106
2026-07-20T16:55:33.026,16.7015,0.2812,10.6672
2026-07-20T16:55:33.040,16.7015,0.1441,10.5106
2026-07-20T16:55:33.049,16.7115,0.4182,10.3931
2026-07-20T16:55:33.058,16.7413,0.4574,10.7455
2026-07-20T16:55:33.058,16.7434,0.2029,10.6476
2026-07-20T16:55:33.074,16.7529,0.2812,10.4322
2026-07-20T16:55:33.084,16.7529,0.3399,10.6868
2026-07-20T16:55:33.096,16.7752,0.0462,10.5889
2026-07-20T16:55:33.105,16.78,0.1637,10.1973
2026-07-20T16:55:33.116,16.78,0.2029,10.1189
2026-07-20T16:55:33.125,16.7872,-0.0125,10.256
2026-07-20T16:55:33.137,16.8121,-0.365,9.7077
2026-07-20T16:55:33.137,16.8164,-0.2279,9.3749
2026-07-20T16:55:33.152,16.8164,-0.3454,9.1399
2026-07-20T16:55:33.168,16.8438,-0.9524,8.5721
2026-07-20T16:55:33.174,16.8438,-1.0112,8.0434
2026-07-20T16:55:33.189,16.8438,-1.4224,7.7105
2026-07-20T16:55:33.197,16.8596,-1.951,7.0448
2026-07-20T16:55:33.204,16.8831,-2.5776,5.8112
2026-07-20T16:55:33.204,16.8831,-3.1063,4.8321
2026-07-20T16:55:33.232,16.909,-3.9874,3.9118
2026-07-20T16:55:33.236,16.915,-5.221,2.2083
2026-07-20T16:55:33.243,16.9385,-5.9063,0.446
2026-07-20T16:55:33.255,16.9385,-6.435,-0.6505
2026-07-20T16:55:33.267,16.9602,-6.905,-1.8057
2026-07-20T16:55:33.281,16.9602,-7.0812,-2.7065
2026-07-20T16:55:33.285,16.9702,-6.6896,-2.9218
2026-07-20T16:55:33.298,16.9973,-6.9637,-3.6072
2026-07-20T16:55:33.298,17.004,-7.2574,-4.2533
2026-07-20T16:55:33.311,17.0067,-7.1399,-4.7429
2026-07-20T16:55:33.327,17.0067,-7.1791,-4.8799
2026-07-20T16:55:33.333,17.0067,-7.8253,-5.1932
2026-07-20T16:55:33.342,17.0198,-7.6882,-5.5848
2026-07-20T16:55:33.358,17.0444,-7.8253,-5.4282
2026-07-20T16:55:33.358,17.0492,-8.0211,-5.2911
2026-07-20T16:55:33.379,17.0523,-7.8448,-5.5261
2026-07-20T16:55:33.392,17.0552,-7.649,-5.389
2026-07-20T16:55:33.401,17.081,-7.884,-4.9778
2026-07-20T16:55:33.406,17.081,-7.884,-5.1932
2026-07-20T16:55:33.417,17.081,-7.3945,-5.1736
2026-07-20T16:55:33.428,17.081,-7.6295,-4.9191
2026-07-20T16:55:33.437,17.1022,-7.6686,-5.1932
2026-07-20T16:55:33.441,17.1022,-7.3945,-5.1932
2026-07-20T16:55:33.453,17.1128,-7.4336,-4.9387
2026-07-20T16:55:33.469,17.1356,-7.8448,-5.0757
2026-07-20T16:55:33.475,17.1356,-7.6099,-5.2911
2026-07-20T16:55:33.485,17.1356,-7.512,-5.0757
2026-07-20T16:55:33.495,17.1642,-7.7665,-5.0757
2026-07-20T16:55:33.506,17.1642,-7.9819,-5.1932
2026-07-20T16:55:33.508,17.1759,-7.7078,-5.3107
2026-07-20T16:55:33.532,17.1916,-7.5511,-5.1541
2026-07-20T16:55:33.532,17.1916,-7.8448,-5.1736
2026-07-20T16:55:33.539,17.1916,-7.8253,-5.3303
2026-07-20T16:55:33.548,17.2171,-7.6882,-5.0953
2026-07-20T16:55:33.564,17.2191,-7.8644,-5.017
2026-07-20T16:55:33.577,17.2394,-7.884,-5.2324
2026-07-20T16:55:33.580,17.2394,-7.6882,-5.3499
2026-07-20T16:55:33.603,17.2563,-7.7469,-5.017
2026-07-20T16:55:33.612,17.2705,-7.8644,-5.1736
2026-07-20T16:55:33.612,17.2705,-7.7469,-5.2715
2026-07-20T16:55:33.629,17.2986,-7.6295,-5.1932
2026-07-20T16:55:33.629,17.2986,-7.9427,-4.9974
2026-07-20T16:55:33.643,17.3016,-8.0602,-5.2128
2026-07-20T16:55:33.654,17.3183,-7.8253,-5.1541
2026-07-20T16:55:33.659,17.3183,-7.8057,-5.0757
2026-07-20T16:55:33.674,17.3288,-7.9819,-5.1932
2026-07-20T16:55:33.682,17.3496,-7.5511,-5.3107
2026-07-20T16:55:33.691,17.3496,-7.8253,-4.9778
2026-07-20T16:55:33.710,17.3655,-8.0015,-5.017
2026-07-20T16:55:33.710,17.3655,-7.9036,-5.252
2026-07-20T16:55:33.722,17.3813,-7.8057,-5.3107
2026-07-20T16:55:33.738,17.4045,-7.8448,-4.9387
2026-07-20T16:55:33.738,17.4045,-8.0015,-5.0953
2026-07-20T16:55:33.754,17.4284,-7.7078,-5.2715
2026-07-20T16:55:33.769,17.4284,-7.9232,-5.0562
2026-07-20T16:55:33.776,17.4284,-7.9819,-5.0953
2026-07-20T16:55:33.800,17.4442,-7.9819,-5.2715
2026-07-20T16:55:33.800,17.4442,-7.649,-5.252
2026-07-20T16:55:33.801,17.459,-7.9623,-4.9387
2026-07-20T16:55:33.817,17.4757,-8.0211,-5.1149
2026-07-20T16:55:33.817,17.4757,-7.8253,-5.3694
2026-07-20T16:55:33.832,17.5081,-7.7469,-5.0953
2026-07-20T16:55:33.848,17.5081,-7.9819,-4.9778
2026-07-20T16:55:33.848,17.5081,-8.0015,-5.252
2026-07-20T16:55:33.866,17.5351,-7.7469,-5.017
2026-07-20T16:55:33.875,17.5387,-7.8644,-4.8799
2026-07-20T16:55:33.880,17.5589,-8.1386,-5.1541
2026-07-20T16:55:33.897,17.5703,-7.8644,-5.2911
2026-07-20T16:55:33.905,17.5703,-7.7861,-4.9974
2026-07-20T16:55:33.914,17.586,-8.0211,-5.0757
2026-07-20T16:55:33.927,17.6017,-7.9427,-5.2128
2026-07-20T16:55:33.931,17.6027,-7.8448,-5.1149
2026-07-20T16:55:33.943,17.6027,-8.0798,-4.9974
2026-07-20T16:55:33.958,17.6176,-8.119,-5.2128
2026-07-20T16:55:33.958,17.6176,-7.7469,-5.3303
2026-07-20T16:55:33.975,17.6176,-7.8644,-5.0366
2026-07-20T16:55:33.990,17.6492,-8.0211,-4.9778
2026-07-20T16:55:33.990,17.6492,-7.8253,-5.2715
2026-07-20T16:55:34.006,17.6492,-7.7665,-5.1541
2026-07-20T16:55:34.013,17.6806,-7.9232,-4.9974
2026-07-20T16:55:34.021,17.6806,-8.1973,-5.1736
2026-07-20T16:55:34.021,17.6806,-7.6882,-5.2911
2026-07-20T16:55:34.053,17.712,-7.8644,-5.017
2026-07-20T16:55:34.053,17.712,-8.1386,-5.0757
2026-07-20T16:55:34.072,17.7424,-7.9036,-5.2715
2026-07-20T16:55:34.084,17.7424,-7.6099,-5.1736
2026-07-20T16:55:34.084,17.7441,-8.0602,-5.017
2026-07-20T16:55:34.100,17.7683,-8.0994,-5.2324
2026-07-20T16:55:34.100,17.7683,-7.7078,-5.2911
2026-07-20T16:55:34.116,17.7683,-8.0602,-4.9974
2026-07-20T16:55:34.132,17.7912,-8.1581,-5.1345
2026-07-20T16:55:34.132,17.7912,-7.9036,-5.2911
2026-07-20T16:55:34.141,17.7912,-7.8057,-5.1932
2026-07-20T16:55:34.163,17.8229,-8.0015,-4.9974
2026-07-20T16:55:34.163,17.8229,-7.9623,-5.2128
2026-07-20T16:55:34.163,17.8229,-7.8448,-5.2715
2026-07-20T16:55:34.181,17.8386,-7.8253,-5.0757
2026-07-20T16:55:34.181,17.8386,-8.1581,-5.2128
2026-07-20T16:55:34.205,17.87,-7.7469,-5.1736
2026-07-20T16:55:34.211,17.87,-7.7469,-5.1345
2026-07-20T16:55:34.227,17.9029,-8.0406,-4.9191
2026-07-20T16:55:34.231,17.9029,-8.1386,-5.1345
2026-07-20T16:55:34.242,17.9029,-7.7665,-5.3303
2026-07-20T16:55:34.260,17.9325,-7.8644,-5.0366
2026-07-20T16:55:34.273,17.9325,-8.0798,-5.0562
2026-07-20T16:55:34.275,17.9325,-7.9427,-5.2715
2026-07-20T16:55:34.305,17.9652,-7.8057,-5.1932
2026-07-20T16:55:34.305,17.9652,-7.8448,-5.017
2026-07-20T16:55:34.305,17.9652,-8.1581,-5.1345
2026-07-20T16:55:34.305,17.9774,-7.7861,-5.2911
2026-07-20T16:55:34.321,18.006,-7.7861,-4.9582
2026-07-20T16:55:34.338,18.006,-8.0602,-5.0562
2026-07-20T16:55:34.338,18.0113,-8.0015,-5.1736
2026-07-20T16:55:34.358,18.0429,-7.8057,-5.252
2026-07-20T16:55:34.375,18.0429,-7.9427,-5.017
2026-07-20T16:55:34.375,18.0429,-8.0211,-5.252
2026-07-20T16:55:34.384,18.0429,-7.6882,-5.3303
2026-07-20T16:55:34.384,18.0743,-7.7078,-5.0953
2026-07-20T16:55:34.399,18.0743,-8.0994,-5.0366
2026-07-20T16:55:34.415,18.0743,-8.0015,-5.2715
2026-07-20T16:55:34.415,18.0743,-7.884,-5.1932
2026-07-20T16:55:34.447,18.1119,-7.8448,-4.9778
2026-07-20T16:55:34.447,18.1119,-8.0015,-5.1541
2026-07-20T16:55:34.447,18.1119,-7.8644,-4.9582
2026-07-20T16:55:34.464,18.1423,-7.9623,-4.9582
2026-07-20T16:55:34.478,18.1423,-8.1581,-5.0366
2026-07-20T16:55:34.484,18.1423,-7.8644,-5.2715
2026-07-20T16:55:34.496,18.174,-7.8057,-5.2324
2026-07-20T16:55:34.510,18.174,-8.0798,-4.8995
2026-07-20T16:55:34.515,18.174,-8.1386,-5.2324
2026-07-20T16:55:34.530,18.2032,-7.884,-5.2128
2026-07-20T16:55:34.541,18.2032,-7.8057,-4.9974
2026-07-20T16:55:34.546,18.2032,-8.1973,-5.0757
2026-07-20T16:55:34.546,18.2137,-7.884,-5.2911
2026-07-20T16:55:34.563,18.2317,-7.6686,-5.0366
2026-07-20T16:55:34.575,18.2424,-7.8644,-4.9778
2026-07-20T16:55:34.586,18.2446,-8.1386,-5.1541
2026-07-20T16:55:34.595,18.2719,-7.7078,-5.3303
2026-07-20T16:55:34.604,18.2719,-7.9427,-4.9191
2026-07-20T16:55:34.617,18.2719,-8.0798,-5.1345
2026-07-20T16:55:34.635,18.2947,-8.0798,-5.2128
2026-07-20T16:55:34.635,18.2947,-7.9427,-4.8995
2026-07-20T16:55:34.644,18.2947,-8.0211,-4.9974
2026-07-20T16:55:34.656,18.3107,-8.0994,-5.1736
2026-07-20T16:55:34.667,18.3107,-7.7665,-5.252
2026-07-20T16:55:34.676,18.3107,-7.8448,-5.0757
2026-07-20T16:55:34.683,18.3546,-8.1973,-5.0757
2026-07-20T16:55:34.683,18.3546,-7.9232,-5.1736
2026-07-20T16:55:34.683,18.3546,-7.7861,-5.0562
2026-07-20T16:55:34.711,18.3884,-8.0602,-5.0366
2026-07-20T16:55:34.727,18.3884,-8.0798,-5.1932
2026-07-20T16:55:34.727,18.3884,-7.7861,-5.252
2026-07-20T16:55:34.743,18.417,-7.8448,-4.9778
2026-07-20T16:55:34.758,18.418,-8.0406,-5.0562
2026-07-20T16:55:34.773,18.4491,-8.0798,-5.2128
2026-07-20T16:55:34.780,18.4491,-7.7274,-5.1345
2026-07-20T16:55:34.780,18.4491,-7.884,-4.9974
2026-07-20T16:55:34.810,18.4645,-8.1581,-5.0953
2026-07-20T16:55:34.810,18.4801,-7.8448,-5.252
2026-07-20T16:55:34.810,18.4801,-7.8253,-5.0562
2026-07-20T16:55:34.821,18.4801,-7.9427,-4.9778
2026-07-20T16:55:34.837,18.5035,-7.884,-5.2128
2026-07-20T16:55:34.837,18.5035,-7.8644,-5.1932
2026-07-20T16:55:34.852,18.5117,-7.9819,-4.8603
2026-07-20T16:55:34.864,18.5281,-8.0602,-5.0757
2026-07-20T16:55:34.876,18.538,-7.8448,-5.1932
2026-07-20T16:55:34.884,18.5589,-7.884,-5.0366
2026-07-20T16:55:34.900,18.5589,-8.0211,-5.0953
2026-07-20T16:55:34.900,18.5589,-8.0798,-5.2128
2026-07-20T16:55:34.916,18.5903,-7.6882,-5.2128
2026-07-20T16:55:34.931,18.5903,-7.7861,-5.1345
2026-07-20T16:55:34.931,18.5903,-8.1386,-5.0757
2026-07-20T16:55:34.949,18.6221,-8.0211,-5.252
2026-07-20T16:55:34.963,18.6221,-7.7274,-5.0366
2026-07-20T16:55:34.963,18.6221,-8.1386,-5.0562
2026-07-20T16:55:34.979,18.6377,-8.0406,-5.1932
2026-07-20T16:55:34.979,18.6377,-7.8253,-5.2715
2026-07-20T16:55:34.994,18.6377,-7.8448,-4.8995
2026-07-20T16:55:35.010,18.6694,-8.0211,-5.017
2026-07-20T16:55:35.010,18.6694,-7.9623,-5.2128
2026-07-20T16:55:35.010,18.6694,-7.8448,-4.9778
2026-07-20T16:55:35.042,18.7037,-8.0015,-4.9387
2026-07-20T16:55:35.042,18.7037,-8.0406,-5.2324
2026-07-20T16:55:35.042,18.7037,-7.7861,-5.2715
2026-07-20T16:55:35.076,18.7322,-8.0211,-4.9387
2026-07-20T16:55:35.076,18.7322,-8.119,-5.1932
2026-07-20T16:55:35.089,18.748,-7.7274,-5.2715
2026-07-20T16:55:35.090,18.7614,-7.884,-5.0757
2026-07-20T16:55:35.105,18.7648,-8.1973,-5.0953
2026-07-20T16:55:35.120,18.7795,-7.9232,-5.2324
2026-07-20T16:55:35.120,18.7795,-7.884,-5.1149
2026-07-20T16:55:35.137,18.7795,-8.0602,-5.0953
2026-07-20T16:55:35.145,18.8108,-8.0211,-5.3107
2026-07-20T16:55:35.152,18.8108,-7.884,-5.1932
2026-07-20T16:55:35.152,18.8108,-8.1386,-5.0562
2026-07-20T16:55:35.176,18.8474,-8.256,-5.252
2026-07-20T16:55:35.183,18.8474,-7.6882,-5.017
2026-07-20T16:55:35.196,18.8474,-7.8057,-4.6841
2026-07-20T16:55:35.214,18.8797,-7.9232,-4.4687
2026-07-20T16:55:35.214,18.8797,-7.3749,-4.0575
2026-07-20T16:55:35.220,18.8863,-7.2378,-3.3526
2026-07-20T16:55:35.232,18.9056,-7.0616,-3.0981
2026-07-20T16:55:35.246,18.9189,-6.7287,-2.6869
2026-07-20T16:55:35.259,18.9213,-6.2392,-1.7274
2026-07-20T16:55:35.269,18.9559,-6.063,-1.14
2026-07-20T16:55:35.278,18.9611,-5.691,-0.7484
2026-07-20T16:55:35.287,18.9714,-5.0448,0.1719
2026-07-20T16:55:35.301,18.9743,-4.7902,0.9943
2026-07-20T16:55:35.310,19.0041,-4.5553,1.523
2026-07-20T16:55:35.325,19.0041,-3.9874,2.2083
2026-07-20T16:55:35.325,19.0041,-3.5175,3.2069
2026-07-20T16:55:35.344,19.0203,-3.5175,3.7356
2026-07-20T16:55:35.347,19.0203,-3.0084,3.8531
2026-07-20T16:55:35.357,19.0451,-2.558,4.6559
2026-07-20T16:55:35.373,19.0517,-2.5972,5.2237
2026-07-20T16:55:35.376,19.0569,-2.2643,5.5958
2026-07-20T16:55:35.393,19.0569,-1.6182,5.8503
2026-07-20T16:55:35.396,19.0638,-1.6182,6.3594
2026-07-20T16:55:35.429,19.092,-1.6769,6.5552
2026-07-20T16:55:35.429,19.092,-1.3049,6.7119
2026-07-20T16:55:35.436,19.092,-0.8545,6.7902
2026-07-20T16:55:35.436,19.0952,-0.9133,7.0839
2026-07-20T16:55:35.452,19.1266,-1.0895,6.9664
2026-07-20T16:55:35.452,19.1266,-0.737,7.0643
2026-07-20T16:55:35.467,19.1329,-0.4629,7.4364
2026-07-20T16:55:35.483,19.1643,-0.5804,7.3581
2026-07-20T16:55:35.483,19.1643,-0.2083,7.5147
2026-07-20T16:55:35.497,19.1643,-0.0909,7.9455
2026-07-20T16:55:35.505,19.1734,-0.1888,8.0042
2026-07-20T16:55:35.516,19.1892,-0.2083,8.0238
2026-07-20T16:55:35.516,19.2047,0.1637,8.1804
2026-07-20T16:55:35.537,19.2087,0.007,8.5721
2026-07-20T16:55:35.549,19.2124,-0.0321,8.3763
2026-07-20T16:55:35.556,19.2424,0.1441,8.2783
2026-07-20T16:55:35.561,19.2424,0.1049,8.6112
2026-07-20T16:55:35.585,19.2424,-0.0125,8.5916
2026-07-20T16:55:35.585,19.252,0.1637,8.3371
2026-07-20T16:55:35.593,19.2755,0.1833,8.4937
2026-07-20T16:55:35.593,19.2786,-0.0125,8.7287
2026-07-20T16:55:35.615,19.2835,-0.0713,8.5525
2026-07-20T16:55:35.624,19.2905,0.3399,8.6504
2026-07-20T16:55:35.634,19.3147,0.2224,8.8854
2026-07-20T16:55:35.648,19.3188,-0.0321,8.7091
2026-07-20T16:55:35.656,19.3235,0.2224,8.4937
2026-07-20T16:55:35.663,19.3255,0.1637,8.8266
2026-07-20T16:55:35.677,19.3538,-0.0909,8.6504
2026-07-20T16:55:35.687,19.3562,-0.1692,8.4154
2026-07-20T16:55:35.700,19.3606,0.0854,8.3763
2026-07-20T16:55:35.708,19.3862,-0.1496,8.6504
2026-07-20T16:55:35.718,19.3862,-0.2083,8.6308
2026-07-20T16:55:35.726,19.3936,0.0462,8.435
2026-07-20T16:55:35.741,19.4188,-0.0713,8.7091
2026-07-20T16:55:35.750,19.4188,-0.2083,8.3567
2026-07-20T16:55:35.756,19.4188,0.0266,8.1217
2026-07-20T16:55:35.768,19.4289,-0.0713,8.3175
2026-07-20T16:55:35.782,19.4569,-0.4042,8.0238
2026-07-20T16:55:35.782,19.4569,-0.4237,7.5734
2026-07-20T16:55:35.791,19.4569,-0.2671,7.8867
2026-07-20T16:55:35.806,19.4901,-0.5412,7.8476
2026-07-20T16:55:35.818,19.4901,-0.7174,7.4168
2026-07-20T16:55:35.827,19.4901,-0.365,7.4755
2026-07-20T16:55:35.841,19.505,-0.7174,7.6909
2026-07-20T16:55:35.841,19.5247,-0.8741,7.3972
2026-07-20T16:55:35.850,19.5247,-0.5021,7.5147
2026-07-20T16:55:35.862,19.5389,-0.6195,7.6126
2026-07-20T16:55:35.877,19.5389,-0.972,7.4951
2026-07-20T16:55:35.885,19.5677,-0.6587,7.2601
2026-07-20T16:55:35.897,19.5722,-0.6391,7.6126
2026-07-20T16:55:35.911,19.5791,-0.8741,7.3385
2026-07-20T16:55:35.914,19.6051,-0.6391,7.2797
2026-07-20T16:55:35.925,19.6111,-0.5608,7.5539
2026-07-20T16:55:35.925,19.6111,-0.7566,7.5147
2026-07-20T16:55:35.956,19.619,-0.8153,7.3189
2026-07-20T16:55:35.956,19.619,-0.3258,7.6126
2026-07-20T16:55:35.972,19.6485,-0.4825,7.8476
2026-07-20T16:55:35.977,19.6485,-0.5804,7.7105
2026-07-20T16:55:35.991,19.6565,-0.2867,7.9651
2026-07-20T16:55:36.001,19.6844,-0.365,8.0434
2026-07-20T16:55:36.003,19.6844,-0.5412,7.9455
2026-07-20T16:55:36.021,19.6844,-0.13,8.0434
2026-07-20T16:55:36.021,19.6844,0.0266,8.3175
2026-07-20T16:55:36.050,19.7259,-0.1888,8.3567
2026-07-20T16:55:36.050,19.7259,-0.13,8.2
2026-07-20T16:55:36.057,19.7259,0.1245,8.5133
2026-07-20T16:55:36.066,19.7313,-0.0125,8.5525
2026-07-20T16:55:36.079,19.7626,-0.0909,8.67
2026-07-20T16:55:36.082,19.7648,0.2616,8.4742
2026-07-20T16:55:36.098,19.7648,0.3008,9.0028
2026-07-20T16:55:36.108,19.7707,0.1245,9.1595
2026-07-20T16:55:36.128,19.7959,0.3595,8.9441
2026-07-20T16:55:36.128,19.7994,0.6532,9.1595
2026-07-20T16:55:36.137,19.8039,0.3595,9.3357
2026-07-20T16:55:36.150,19.8268,0.4182,9.042
2026-07-20T16:55:36.152,19.8352,0.8099,9.1791
2026-07-20T16:55:36.168,19.8352,0.5357,9.3553
2026-07-20T16:55:36.178,19.8399,0.3791,9.2574
2026-07-20T16:55:36.185,19.8658,0.5357,9.1986
2026-07-20T16:55:36.197,19.8713,0.7511,9.5707
2026-07-20T16:55:36.208,19.8736,0.5749,9.4728
2026-07-20T16:55:36.221,19.9007,0.5945,9.414
2026-07-20T16:55:36.232,19.9027,0.7315,9.6882
2026-07-20T16:55:36.238,19.9057,0.7119,9.9036
2026-07-20T16:55:36.246,19.9057,0.6924,9.649
2026-07-20T16:55:36.259,19.939,0.7903,9.649
2026-07-20T16:55:36.259,19.939,0.614,9.8252
2026-07-20T16:55:36.275,19.9458,0.3595,9.4924
2026-07-20T16:55:36.278,19.9817,0.3987,9.3357
2026-07-20T16:55:36.291,19.9844,0.6728,9.5511
2026-07-20T16:55:36.306,19.9871,0.3987,9.4728
2026-07-20T16:55:36.318,19.9911,0.2812,9.1203
2026-07-20T16:55:36.322,19.9934,0.6336,9.1203
2026-07-20T16:55:36.334,20.0161,0.5161,9.3553
2026-07-20T16:55:36.348,20.0215,0.2224,9.1399
2026-07-20T16:55:36.357,20.0215,0.477,8.8462
2026-07-20T16:55:36.366,20.0289,0.477,9.2378
2026-07-20T16:55:36.378,20.0561,0.1833,9.0028
2026-07-20T16:55:36.378,20.0561,0.477,8.8266
2026-07-20T16:55:36.394,20.0604,0.3791,8.9833
2026-07-20T16:55:36.403,20.0705,0.1833,8.9049
2026-07-20T16:55:36.417,20.0962,0.1049,8.807
2026-07-20T16:55:36.428,20.1002,-0.0517,9.0616
2026-07-20T16:55:36.443,20.106,-0.2279,8.8266
2026-07-20T16:55:36.449,20.1293,-0.0909,8.5525
2026-07-20T16:55:36.463,20.1353,0.1049,8.6308
2026-07-20T16:55:36.469,20.1377,-0.0713,8.5916
2026-07-20T16:55:36.473,20.1427,-0.2279,8.2392
2026-07-20T16:55:36.488,20.1672,0.0462,8.3175
2026-07-20T16:55:36.496,20.1713,-0.3258,8.6308
2026-07-20T16:55:36.512,20.176,-0.2279,8.0825
2026-07-20T16:55:36.517,20.1781,-0.0517,8.3567
2026-07-20T16:55:36.528,20.2041,-0.2867,8.435
2026-07-20T16:55:36.528,20.2041,-0.6391,8.2392
2026-07-20T16:55:36.544,20.2061,-0.4825,8.0434
2026-07-20T16:55:36.559,20.2355,-0.2671,8.3175
2026-07-20T16:55:36.559,20.2389,-0.7762,8.1021
2026-07-20T16:55:36.576,20.2389,-0.6979,7.7692
2026-07-20T16:55:36.578,20.2688,-0.4825,7.7497
2026-07-20T16:55:36.592,20.2729,-0.5608,7.7692
2026-07-20T16:55:36.611,20.2772,-1.0307,7.5343
2026-07-20T16:55:36.621,20.2772,-0.7762,7.5147
2026-07-20T16:55:36.631,20.3036,-0.5021,7.8476
2026-07-20T16:55:36.638,20.3064,-0.7174,7.8672
2026-07-20T16:55:36.645,20.3105,-0.9328,7.593
2026-07-20T16:55:36.653,20.3352,-0.7174,7.7105
2026-07-20T16:55:36.671,20.3442,-0.6391,7.9455
2026-07-20T16:55:36.676,20.3474,-0.8741,7.5734
2026-07-20T16:55:36.685,20.3474,-0.5804,7.456
2026-07-20T16:55:36.702,20.3799,-0.7762,7.6126
2026-07-20T16:55:36.708,20.383,-1.0112,7.5539
2026-07-20T16:55:36.716,20.3868,-0.9916,7.3189
2026-07-20T16:55:36.720,20.3912,-0.6783,7.2797
2026-07-20T16:55:36.736,20.4174,-0.8153,7.5539
2026-07-20T16:55:36.736,20.4221,-1.0699,7.2797
2026-07-20T16:55:36.759,20.426,-0.737,7.2797
2026-07-20T16:55:36.768,20.426,-0.9133,7.4364
2026-07-20T16:55:36.779,20.455,-1.2853,7.4951
2026-07-20T16:55:36.794,20.4622,-1.0503,7.2797
2026-07-20T16:55:36.798,20.465,-0.8153,7.4755
2026-07-20T16:55:36.798,20.4848,-1.0699,7.5734
2026-07-20T16:55:36.810,20.4848,-0.9916,7.2993
2026-07-20T16:55:36.827,20.4973,-0.6979,7.3972
2026-07-20T16:55:36.837,20.5009,-0.737,7.7105
2026-07-20T16:55:36.847,20.5258,-0.8741,7.4364
2026-07-20T16:55:36.857,20.5258,-0.7958,7.2014
2026-07-20T16:55:36.876,20.5325,-0.7566,7.4951
2026-07-20T16:55:36.876,20.5325,-1.0307,7.4364
2026-07-20T16:55:36.889,20.5661,-1.0307,7.1231
2026-07-20T16:55:36.898,20.5661,-0.8545,7.2014
2026-07-20T16:55:36.905,20.5695,-0.9916,7.4755
2026-07-20T16:55:36.921,20.5956,-1.344,7.1622
2026-07-20T16:55:36.921,20.5956,-1.0307,7.0643
2026-07-20T16:55:36.938,20.6059,-1.2265,7.2601
2026-07-20T16:55:36.946,20.6089,-1.3636,7.1231
2026-07-20T16:55:36.956,20.6367,-1.2461,6.8881
2026-07-20T16:55:36.968,20.64,-1.1091,7.1035
2026-07-20T16:55:36.981,20.6433,-1.2265,7.1622
2026-07-20T16:55:36.992,20.6721,-1.1482,6.9273
2026-07-20T16:55:36.992,20.6752,-1.0503,7.0839
2026-07-20T16:55:37.009,20.6767,-1.3636,7.2014
2026-07-20T16:55:37.016,20.683,-1.2461,7.0448
2026-07-20T16:55:37.031,20.709,-1.1286,6.986
2026-07-20T16:55:37.031,20.713,-1.5203,7.0643
2026-07-20T16:55:37.049,20.716,-1.6377,6.9469
2026-07-20T16:55:37.055,20.716,-1.344,6.614
2026-07-20T16:55:37.065,20.745,-1.4028,6.9664
2026-07-20T16:55:37.065,20.7497,-1.6377,6.8881
2026-07-20T16:55:37.088,20.7555,-1.4028,6.6531
2026-07-20T16:55:37.100,20.7878,-1.2657,6.9273
2026-07-20T16:55:37.111,20.7878,-1.579,6.849
2026-07-20T16:55:37.117,20.7878,-1.5986,6.6531
2026-07-20T16:55:37.128,20.7878,-1.2657,6.7315
2026-07-20T16:55:37.141,20.8258,-1.6182,6.9664
2026-07-20T16:55:37.143,20.8333,-1.6965,6.6336
2026-07-20T16:55:37.143,20.8333,-1.3832,6.614
2026-07-20T16:55:37.160,20.8413,-1.5203,6.8881
2026-07-20T16:55:37.180,20.8658,-1.7356,6.7706
2026-07-20T16:55:37.193,20.8734,-1.4615,6.614
2026-07-20T16:55:37.205,20.8767,-1.6377,6.9664
2026-07-20T16:55:37.208,20.8767,-1.6182,6.9273
2026-07-20T16:55:37.217,20.8814,-1.4811,6.6727
2026-07-20T16:55:37.236,20.9102,-1.2853,6.751
2026-07-20T16:55:37.236,20.9102,-1.3244,7.0643
2026-07-20T16:55:37.246,20.9102,-1.5203,6.8098
2026-07-20T16:55:37.254,20.9397,-1.207,6.8294
2026-07-20T16:55:37.265,20.9473,-1.3049,7.1622
2026-07-20T16:55:37.283,20.9473,-1.4028,7.2014
2026-07-20T16:55:37.283,20.954,-1.1678,7.1427
2026-07-20T16:55:37.303,20.9717,-1.0112,7.4364
2026-07-20T16:55:37.312,20.9868,-1.1091,7.5734
2026-07-20T16:55:37.320,20.9888,-1.2853,7.3581
2026-07-20T16:55:37.328,20.9976,-0.9524,7.3972
2026-07-20T16:55:37.344,21.0284,-0.8153,7.6713
2026-07-20T16:55:37.344,21.0284,-1.1286,7.3776
2026-07-20T16:55:37.361,21.0346,-1.0112,7.2406
2026-07-20T16:55:37.370,21.0346,-0.7762,7.221
2026-07-20T16:55:37.375,21.0346,-1.0307,7.4755
2026-07-20T16:55:37.391,21.0627,-1.1678,7.2014
2026-07-20T16:55:37.391,21.0627,-0.737,7.3189
2026-07-20T16:55:37.407,21.0693,-0.7566,7.5734
2026-07-20T16:55:37.422,21.0986,-1.1678,7.3776
2026-07-20T16:55:37.422,21.0986,-0.9133,7.3189
2026-07-20T16:55:37.435,21.1023,-0.737,7.6322
2026-07-20T16:55:37.445,21.1074,-1.0112,7.3581
2026-07-20T16:55:37.454,21.1348,-0.8349,7.2406
2026-07-20T16:55:37.471,21.137,-0.8349,7.2993
2026-07-20T16:55:37.480,21.1425,-0.9524,7.2993
2026-07-20T16:55:37.490,21.1698,-0.9916,7.1427
2026-07-20T16:55:37.490,21.1762,-0.7174,7.3776
2026-07-20T16:55:37.509,21.1762,-1.0503,7.3189
2026-07-20T16:55:37.515,21.1762,-1.0503,7.1818
2026-07-20T16:55:37.529,21.2075,-0.8153,7.3581
2026-07-20T16:55:37.533,21.2075,-1.0112,7.5147
2026-07-20T16:55:37.549,21.2176,-1.0699,7.2406
2026-07-20T16:55:37.549,21.2204,-0.8349,7.2797
2026-07-20T16:55:37.568,21.2455,-0.737,7.4755
2026-07-20T16:55:37.568,21.2512,-0.9916,7.456
2026-07-20T16:55:37.590,21.2573,-0.8349,7.2406
2026-07-20T16:55:37.598,21.2601,-0.6979,7.2797
2026-07-20T16:55:37.605,21.2834,-0.9133,7.3972
2026-07-20T16:55:37.618,21.288,-1.0895,7.1035
2026-07-20T16:55:37.630,21.288,-0.8349,7.0839
2026-07-20T16:55:37.644,21.3188,-0.8349,7.2406
2026-07-20T16:55:37.644,21.3188,-1.2461,7.1427
2026-07-20T16:55:37.660,21.3208,-0.8349,6.9664
2026-07-20T16:55:37.669,21.3208,-0.8153,7.2601
2026-07-20T16:55:37.680,21.3509,-1.1482,7.1427
2026-07-20T16:55:37.691,21.3509,-1.0895,6.9469
2026-07-20T16:55:37.693,21.3619,-0.9524,7.1427
2026-07-20T16:55:37.707,21.388,-1.1874,7.1818
2026-07-20T16:55:37.707,21.3941,-1.1091,7.1231
2026-07-20T16:55:37.723,21.3983,-0.8349,7.1035
2026-07-20T16:55:37.738,21.4017,-0.9133,7.3776
2026-07-20T16:55:37.754,21.4251,-1.0895,7.3189
2026-07-20T16:55:37.760,21.429,-0.6587,7.456
2026-07-20T16:55:37.771,21.4351,-0.6783,7.5539
2026-07-20T16:55:37.778,21.4655,-0.7958,7.456
2026-07-20T16:55:37.786,21.4688,-0.5608,7.3972
2026-07-20T16:55:37.797,21.4688,-0.6,7.593
2026-07-20T16:55:37.807,21.4759,-0.7958,7.5539
2026-07-20T16:55:37.822,21.5011,-0.7566,7.3189
2026-07-20T16:55:37.835,21.5038,-0.4042,7.6322
2026-07-20T16:55:37.841,21.5081,-0.6195,7.7105
2026-07-20T16:55:37.848,21.5109,-0.6979,7.3581
2026-07-20T16:55:37.859,21.5392,-0.3846,7.5147
2026-07-20T16:55:37.864,21.5392,-0.6979,7.6713
2026-07-20T16:55:37.876,21.5435,-0.8153,7.3581
2026-07-20T16:55:37.896,21.5742,-0.3846,7.5734
2026-07-20T16:55:37.896,21.5742,-0.4825,7.7301
2026-07-20T16:55:37.911,21.5787,-0.7566,7.4951
2026-07-20T16:55:37.918,21.5836,-0.3258,7.593
2026-07-20T16:55:37.927,21.6124,-0.365,8.0825
2026-07-20T16:55:37.943,21.6134,-0.6783,7.7497
2026-07-20T16:55:37.947,21.6172,-0.3454,7.7888
2026-07-20T16:55:37.958,21.6199,-0.4825,8.0238
2026-07-20T16:55:37.958,21.6439,-0.5804,7.7888
2026-07-20T16:55:37.975,21.6485,-0.2671,7.7888
2026-07-20T16:55:37.992,21.6485,-0.3258,8.0238
2026-07-20T16:55:38.001,21.6806,-0.6195,7.9651
2026-07-20T16:55:38.005,21.6806,-0.2867,7.6909
2026-07-20T16:55:38.021,21.6872,-0.3062,8.0434
2026-07-20T16:55:38.021,21.6929,-0.6,7.8672
2026-07-20T16:55:38.037,21.7159,-0.5216,7.6126
2026-07-20T16:55:38.037,21.7159,-0.4433,7.9455
2026-07-20T16:55:38.053,21.7159,-0.6587,7.8476
2026-07-20T16:55:38.072,21.7531,-0.8153,7.6713
2026-07-20T16:55:38.085,21.7531,-0.6391,7.5147
2026-07-20T16:55:38.088,21.7531,-0.4433,7.8476
2026-07-20T16:55:38.088,21.7644,-0.8349,7.5734
2026-07-20T16:55:38.100,21.7916,-0.8349,7.4364
2026-07-20T16:55:38.116,21.7926,-0.6195,7.3972
2026-07-20T16:55:38.125,21.7926,-0.7174,7.6713
2026-07-20T16:55:38.139,21.7926,-0.9916,7.4951
2026-07-20T16:55:38.149,21.8345,-0.7174,7.2993
2026-07-20T16:55:38.149,21.8345,-0.6,7.4364
2026-07-20T16:55:38.165,21.8392,-0.8937,7.5147
2026-07-20T16:55:38.165,21.8415,-1.0112,7.4364
2026-07-20T16:55:38.187,21.8703,-0.6587,7.3776
2026-07-20T16:55:38.195,21.875,-0.6979,7.6322
2026-07-20T16:55:38.207,21.875,-0.8937,7.5539
2026-07-20T16:55:38.214,21.8807,-0.5804,7.3776
2026-07-20T16:55:38.227,21.9086,-0.5804,7.7497
2026-07-20T16:55:38.227,21.9086,-0.737,7.5734
2026-07-20T16:55:38.247,21.9162,-0.972,7.3581
2026-07-20T16:55:38.253,21.9178,-0.6391,7.3385
2026-07-20T16:55:38.274,21.9493,-0.6587,7.6909
2026-07-20T16:55:38.274,21.9493,-0.9916,7.4364
2026-07-20T16:55:38.290,21.9584,-0.6391,7.2797
2026-07-20T16:55:38.300,21.9867,-0.7174,7.6713
2026-07-20T16:55:38.306,21.9867,-0.9133,7.456
2026-07-20T16:55:38.322,21.9948,-1.0503,7.3385
2026-07-20T16:55:38.331,21.9966,-0.6391,7.3189
2026-07-20T16:55:38.342,22.0333,-0.5804,7.6909
2026-07-20T16:55:38.353,22.038,-0.8545,7.6713
2026-07-20T16:55:38.359,22.038,-0.7762,7.3189
2026-07-20T16:55:38.367,22.0443,-0.4825,7.6909
2026-07-20T16:55:38.381,22.075,-0.5804,7.8084
2026-07-20T16:55:38.397,22.076,-0.9328,7.6126
2026-07-20T16:55:38.397,22.076,-0.5608,7.5734
2026-07-20T16:55:38.410,22.076,-0.3846,7.9259
2026-07-20T16:55:38.420,22.076,-0.8741,7.6126
2026-07-20T16:55:38.428,22.1133,-0.8741,7.3776
2026-07-20T16:55:38.434,22.1168,-0.4825,7.7301
2026-07-20T16:55:38.448,22.1208,-0.737,7.7888
2026-07-20T16:55:38.448,22.1253,-1.0112,7.5343
2026-07-20T16:55:38.469,22.155,-0.6391,7.5147
2026-07-20T16:55:38.481,22.1586,-0.7566,7.6518
2026-07-20T16:55:38.489,22.1586,-0.8153,7.6518
2026-07-20T16:55:38.498,22.1586,-0.8545,7.456
2026-07-20T16:55:38.512,22.1942,-0.5412,7.5539
2026-07-20T16:55:38.512,22.1979,-0.7174,7.7497
2026-07-20T16:55:38.527,22.1979,-0.8741,7.3972
2026-07-20T16:55:38.531,22.2058,-0.6391,7.5539
2026-07-20T16:55:38.551,22.2338,-0.6979,7.7692
2026-07-20T16:55:38.559,22.2338,-0.9133,7.6126
2026-07-20T16:55:38.570,22.2408,-0.6,7.5734
2026-07-20T16:55:38.578,22.2429,-0.5804,7.7888
2026-07-20T16:55:38.590,22.2791,-0.737,7.828
2026-07-20T16:55:38.590,22.2813,-0.9916,7.4951
2026-07-20T16:55:38.606,22.2849,-0.6,7.5539
2026-07-20T16:55:38.615,22.2873,-0.6587,7.8084
2026-07-20T16:55:38.622,22.3137,-0.9133,7.6713
2026-07-20T16:55:38.638,22.3137,-0.7762,7.3776
2026-07-20T16:55:38.657,22.3137,-0.6587,7.828
2026-07-20T16:55:38.660,22.3137,-0.737,7.7497
2026-07-20T16:55:38.665,22.3285,-1.0112,7.456
2026-07-20T16:55:38.685,22.3582,-0.8153,7.6518
2026-07-20T16:55:38.686,22.3582,-0.8153,7.8476
2026-07-20T16:55:38.686,22.3643,-1.0699,7.5734
2026-07-20T16:55:38.711,22.3922,-0.9524,7.4951
2026-07-20T16:55:38.717,22.3994,-0.737,7.7692
2026-07-20T16:55:38.730,22.3994,-1.0699,7.5539
2026-07-20T16:55:38.737,22.4092,-0.9328,7.2993
2026-07-20T16:55:38.749,22.4331,-0.8349,7.6518
2026-07-20T16:55:38.749,22.4331,-0.9524,7.7301
2026-07-20T16:55:38.772,22.4331,-1.1678,7.5147
2026-07-20T16:55:38.783,22.4423,-1.0112,7.456
2026-07-20T16:55:38.791,22.4675,-0.7762,7.7888
2026-07-20T16:55:38.797,22.472,-1.0895,7.5539
2026-07-20T16:55:38.805,22.4741,-0.8545,7.4168
2026-07-20T16:55:38.815,22.4799,-0.9328,7.6713
2026-07-20T16:55:38.829,22.5055,-1.1091,7.6322
2026-07-20T16:55:38.840,22.5075,-1.207,7.3972
2026-07-20T16:55:38.852,22.5117,-0.8937,7.3385
2026-07-20T16:55:38.860,22.5371,-0.8741,7.6713
2026-07-20T16:55:38.864,22.5427,-1.2265,7.456
2026-07-20T16:55:38.880,22.5459,-0.8937,7.2014
2026-07-20T16:55:38.888,22.5503,-0.7762,7.593
2026-07-20T16:55:38.892,22.5757,-1.1482,7.4755
2026-07-20T16:55:38.915,22.5778,-1.0307,7.2406
2026-07-20T16:55:38.918,22.5824,-0.8349,7.4364
2026-07-20T16:55:38.933,22.6072,-1.1482,7.5343
2026-07-20T16:55:38.941,22.6117,-1.2265,7.2406
2026-07-20T16:55:38.954,22.6191,-0.8741,7.2993
2026-07-20T16:55:38.958,22.6191,-1.0699,7.6126
2026-07-20T16:55:38.962,22.6452,-1.2853,7.3581
2026-07-20T16:55:38.979,22.6494,-0.8741,7.3189
2026-07-20T16:55:38.991,22.6535,-1.1286,7.5539
2026-07-20T16:55:39.002,22.6812,-1.3244,7.3972
2026-07-20T16:55:39.004,22.6812,-0.9524,7.2993
2026-07-20T16:55:39.022,22.6812,-0.7958,7.593
2026-07-20T16:55:39.026,22.6925,-1.0699,7.4755
2026-07-20T16:55:39.037,22.7208,-0.9524,7.221
2026-07-20T16:55:39.049,22.7262,-0.8545,7.4755
2026-07-20T16:55:39.053,22.7262,-1.1678,7.456
2026-07-20T16:55:39.065,22.7378,-0.8349,7.2601
2026-07-20T16:55:39.082,22.7628,-0.737,7.593
2026-07-20T16:55:39.093,22.7686,-1.0112,7.6518
2026-07-20T16:55:39.099,22.7729,-0.9916,7.4364
2026-07-20T16:55:39.110,22.7772,-0.6783,7.4168
2026-07-20T16:55:39.127,22.8037,-0.6587,7.6713
2026-07-20T16:55:39.127,22.8037,-0.972,7.5147
2026-07-20T16:55:39.141,22.8061,-0.7174,7.456
2026-07-20T16:55:39.150,22.8096,-0.737,7.5734
2026-07-20T16:55:39.159,22.8337,-1.1286,7.4951
2026-07-20T16:55:39.159,22.8337,-0.7958,7.5147
2026-07-20T16:55:39.182,22.8421,-0.8349,7.9259
2026-07-20T16:55:39.191,22.8692,-0.9916,7.5147
2026-07-20T16:55:39.191,22.8692,-0.7958,7.5734
2026-07-20T16:55:39.214,22.8692,-0.6783,7.8867
2026-07-20T16:55:39.222,22.9052,-0.972,7.6909
2026-07-20T16:55:39.228,22.9052,-0.6979,7.593
2026-07-20T16:55:39.242,22.9099,-0.6,7.7888
2026-07-20T16:55:39.242,22.9169,-0.8545,7.6713
2026-07-20T16:55:39.258,22.9483,-0.7762,7.4168
2026-07-20T16:55:39.269,22.9516,-0.4042,7.8476
2026-07-20T16:55:39.278,22.9543,-0.7566,7.6713
2026-07-20T16:55:39.289,22.9589,-0.8349,7.4755
2026-07-20T16:55:39.303,22.9889,-0.6587,7.828
2026-07-20T16:55:39.317,22.9935,-0.7762,7.7497
2026-07-20T16:55:39.324,22.9975,-0.6,7.5343
2026-07-20T16:55:39.331,23.0052,-0.7174,7.7888
2026-07-20T16:55:39.343,23.032,-1.0895,7.5734
2026-07-20T16:55:39.349,23.0367,-0.8349,7.4168
2026-07-20T16:55:39.361,23.0367,-0.5608,7.6713
2026-07-20T16:55:39.370,23.0427,-0.8153,7.7497
2026-07-20T16:55:39.380,23.0508,-0.8349,7.456
2026-07-20T16:55:39.387,23.0702,-0.5608,7.6126
2026-07-20T16:55:39.395,23.0866,-0.7762,7.7888
2026-07-20T16:55:39.409,23.0889,-0.9916,7.3189
2026-07-20T16:55:39.425,23.0889,-0.6195,7.4364
2026-07-20T16:55:39.427,23.0889,-0.8937,7.6713
2026-07-20T16:55:39.443,23.1216,-1.0503,7.3385
2026-07-20T16:55:39.443,23.1255,-0.5608,7.4168
2026-07-20T16:55:39.459,23.1255,-0.8545,7.5734
2026-07-20T16:55:39.461,23.1508,-1.1091,7.3776
2026-07-20T16:55:39.490,23.1637,-0.7566,7.2601
2026-07-20T16:55:39.490,23.1672,-0.7566,7.4951
2026-07-20T16:55:39.498,23.1672,-0.9524,7.2797
2026-07-20T16:55:39.515,23.1982,-0.6195,7.2014
2026-07-20T16:55:39.523,23.1982,-0.7174,7.5343
2026-07-20T16:55:39.536,23.1982,-0.8937,7.4951
2026-07-20T16:55:39.540,23.2058,-0.8937,7.2014
2026-07-20T16:55:39.544,23.2319,-0.9133,7.5147
2026-07-20T16:55:39.567,23.24,-1.1091,7.4755
2026-07-20T16:55:39.567,23.24,-0.8153,7.3385
2026-07-20T16:55:39.580,23.2472,-0.8545,7.593
2026-07-20T16:55:39.591,23.2763,-1.1874,7.2797
2026-07-20T16:55:39.598,23.2801,-1.0895,7.2014
2026-07-20T16:55:39.612,23.2852,-0.8741,7.4364
2026-07-20T16:55:39.624,23.2893,-1.0895,7.5343
2026-07-20T16:55:39.630,23.3163,-1.1678,7.2601
2026-07-20T16:55:39.630,23.3163,-0.8545,7.2993
2026-07-20T16:55:39.649,23.3207,-1.2265,7.3972
2026-07-20T16:55:39.662,23.3287,-1.0699,7.1427
2026-07-20T16:55:39.669,23.3557,-0.9133,7.0448
2026-07-20T16:55:39.677,23.3578,-1.2657,7.1427
2026-07-20T16:55:39.689,23.3578,-1.344,7.1035
2026-07-20T16:55:39.701,23.3648,-0.7958,7.1818
2026-07-20T16:55:39.710,23.3921,-1.0895,7.2993
2026-07-20T16:55:39.710,23.3959,-1.3049,7.1622
2026-07-20T16:55:39.730,23.4023,-0.9916,7.0448
2026-07-20T16:55:39.737,23.4048,-0.8741,7.3581
2026-07-20T16:55:39.748,23.4322,-1.1286,7.221
2026-07-20T16:55:39.756,23.4322,-0.8153,7.1231
2026-07-20T16:55:39.768,23.4322,-1.0503,7.4168
2026-07-20T16:55:39.777,23.4322,-1.2853,7.3385
2026-07-20T16:55:39.787,23.4706,-1.0699,7.0448
2026-07-20T16:55:39.793,23.4706,-0.972,7.3581
2026-07-20T16:55:39.804,23.4766,-1.2265,7.3385
2026-07-20T16:55:39.818,23.4766,-1.1874,7.1622
2026-07-20T16:55:39.834,23.5093,-0.9133,7.3776
2026-07-20T16:55:39.834,23.5103,-1.2657,7.3189
2026-07-20T16:55:39.849,23.516,-1.0699,7.1427
2026-07-20T16:55:39.861,23.5399,-0.9328,7.2797
2026-07-20T16:55:39.865,23.5399,-1.0112,7.5539
2026-07-20T16:55:39.882,23.5556,-1.1678,7.3776
2026-07-20T16:55:39.888,23.5594,-0.9328,7.2601
2026-07-20T16:55:39.903,23.5868,-0.8741,7.5147
2026-07-20T16:55:39.912,23.5917,-1.2461,7.3385
2026-07-20T16:55:39.912,23.5938,-0.7958,7.2601
2026-07-20T16:55:39.928,23.5995,-0.9524,7.5147
2026-07-20T16:55:39.943,23.6187,-1.2657,7.5147
2026-07-20T16:55:39.943,23.6317,-0.972,7.2797
2026-07-20T16:55:39.966,23.6346,-0.8153,7.5539
2026-07-20T16:55:39.977,23.6346,-1.207,7.5539
2026-07-20T16:55:39.977,23.6416,-1.1678,7.3776
2026-07-20T16:55:39.991,23.6672,-0.8349,7.5734
2026-07-20T16:55:40.004,23.6737,-0.9916,7.6322
2026-07-20T16:55:40.007,23.6737,-0.9524,7.3972
2026-07-20T16:55:40.023,23.6978,-0.8153,7.6909
2026-07-20T16:55:40.024,23.6978,-0.972,7.6126
2026-07-20T16:55:40.040,23.7073,-1.1286,7.3972
2026-07-20T16:55:40.050,23.7106,-0.9133,7.3776
2026-07-20T16:55:40.058,23.7385,-1.0112,7.6518
2026-07-20T16:55:40.058,23.7385,-1.2853,7.593
2026-07-20T16:55:40.083,23.7385,-1.0699,7.4364
2026-07-20T16:55:40.086,23.7705,-1.0307,7.7497
2026-07-20T16:55:40.102,23.7767,-1.1091,7.5343
2026-07-20T16:55:40.111,23.7767,-0.9524,7.3776
2026-07-20T16:55:40.123,23.7767,-0.8545,7.6713
2026-07-20T16:55:40.131,23.8053,-1.1678,7.5734
2026-07-20T16:55:40.133,23.8109,-0.972,7.3581
2026-07-20T16:55:40.149,23.8152,-0.8741,7.6909
2026-07-20T16:55:40.149,23.8152,-1.1482,7.6518
2026-07-20T16:55:40.165,23.8407,-1.1874,7.3189
2026-07-20T16:55:40.178,23.8487,-0.972,7.4755
2026-07-20T16:55:40.188,23.8556,-1.2853,7.6322
2026-07-20T16:55:40.200,23.8777,-1.2265,7.3385
2026-07-20T16:55:40.212,23.8792,-1.2461,7.6126
2026-07-20T16:55:40.213,23.8873,-1.4419,7.6322
2026-07-20T16:55:40.235,23.9079,-1.2853,7.3189
2026-07-20T16:55:40.244,23.9112,-1.1091,7.5343
2026-07-20T16:55:40.247,23.9112,-1.9119,7.3972
2026-07-20T16:55:40.260,23.9216,-1.4224,7.1818
2026-07-20T16:55:40.269,23.9406,-1.4224,7.456
2026-07-20T16:55:40.284,23.9479,-1.5986,7.2993
2026-07-20T16:55:40.294,23.9536,-1.4224,7.1427
2026-07-20T16:55:40.301,23.9815,-1.2461,7.3189
2026-07-20T16:55:40.306,23.9815,-1.5594,7.3972
2026-07-20T16:55:40.324,23.9856,-1.4224,7.2406
2026-07-20T16:55:40.326,23.9856,-1.207,7.1231
2026-07-20T16:55:40.338,24.0114,-1.6377,7.1622
2026-07-20T16:55:40.349,24.0199,-1.4028,6.8881
2026-07-20T16:55:40.358,24.0199,-1.5007,7.1818
2026-07-20T16:55:40.370,24.0482,-1.6769,7.1231
2026-07-20T16:55:40.370,24.0524,-1.814,6.9077
2026-07-20T16:55:40.392,24.0524,-1.5594,6.8685
2026-07-20T16:55:40.399,24.0605,-1.7356,7.0448
2026-07-20T16:55:40.405,24.0868,-1.9902,6.751
2026-07-20T16:55:40.425,24.0921,-1.7161,6.751
2026-07-20T16:55:40.425,24.0921,-1.8335,7.0056
2026-07-20T16:55:40.445,24.1229,-2.1273,6.9664
2026-07-20T16:55:40.449,24.1249,-1.7552,6.6336
2026-07-20T16:55:40.459,24.1292,-1.7552,6.9077
2026-07-20T16:55:40.464,24.1334,-2.0881,6.7706
2026-07-20T16:55:40.484,24.161,-1.9315,6.6923
2026-07-20T16:55:40.484,24.161,-1.7944,6.8881
2026-07-20T16:55:40.501,24.1652,-2.0685,6.8685
2026-07-20T16:55:40.506,24.1709,-2.0294,6.4965
2026-07-20T16:55:40.512,24.1975,-1.8335,6.8098
2026-07-20T16:55:40.533,24.2019,-2.1664,6.614
2026-07-20T16:55:40.537,24.2019,-2.1664,6.4573
2026-07-20T16:55:40.553,24.2309,-1.951,6.614
2026-07-20T16:55:40.559,24.2375,-2.0881,6.6336
2026-07-20T16:55:40.574,24.2401,-2.0098,6.3594
2026-07-20T16:55:40.574,24.2424,-1.814,6.5944
2026-07-20T16:55:40.589,24.2644,-2.0294,6.7315
2026-07-20T16:55:40.589,24.2739,-2.0294,6.3986
2026-07-20T16:55:40.610,24.282,-1.9119,6.6923
2026-07-20T16:55:40.619,24.3102,-2.186,6.7315
2026-07-20T16:55:40.626,24.3137,-2.2447,6.379
2026-07-20T16:55:40.637,24.3177,-1.951,6.4965
2026-07-20T16:55:40.652,24.3217,-2.0685,6.7119
2026-07-20T16:55:40.661,24.3501,-2.2643,6.4378
2026-07-20T16:55:40.672,24.3501,-2.0685,6.3399
2026-07-20T16:55:40.672,24.3501,-2.1077,6.614
2026-07-20T16:55:40.694,24.3561,-2.4797,6.379
2026-07-20T16:55:40.694,24.3586,-2.0685,6.1636
2026-07-20T16:55:40.700,24.3855,-2.1273,6.3986
2026-07-20T16:55:40.715,24.3909,-2.4993,6.3007
2026-07-20T16:55:40.731,24.3982,-2.3818,6.0657
2026-07-20T16:55:40.738,24.4261,-2.2447,6.4378
2026-07-20T16:55:40.747,24.4302,-2.558,6.2615
2026-07-20T16:55:40.762,24.4302,-2.3426,6.0266
2026-07-20T16:55:40.773,24.4374,-2.3231,6.2224
2026-07-20T16:55:40.781,24.4669,-2.5189,6.2419
2026-07-20T16:55:40.795,24.469,-2.4993,5.9482
2026-07-20T16:55:40.798,24.4747,-2.3035,6.0461
2026-07-20T16:55:40.810,24.4794,-2.4797,6.2419
2026-07-20T16:55:40.822,24.5076,-2.4601,6.1049
2026-07-20T16:55:40.825,24.5076,-2.2839,6.0461
2026-07-20T16:55:40.841,24.5124,-2.4406,6.3203
2026-07-20T16:55:40.849,24.5174,-2.5385,5.9874
2026-07-20T16:55:40.857,24.5479,-2.3426,6.1049
2026-07-20T16:55:40.873,24.5479,-2.4406,6.3007
2026-07-20T16:55:40.880,24.5516,-2.6755,6.1832
2026-07-20T16:55:40.890,24.5516,-2.4993,5.8699
2026-07-20T16:55:40.901,24.5861,-2.4014,6.2615
2026-07-20T16:55:40.905,24.5903,-2.7538,6.1049
2026-07-20T16:55:40.920,24.5903,-2.5385,5.8112
2026-07-20T16:55:40.931,24.5972,-2.4406,6.144
2026-07-20T16:55:40.936,24.6225,-2.793,6.0853
2026-07-20T16:55:40.952,24.6271,-2.6364,5.8895
2026-07-20T16:55:40.963,24.6348,-2.4797,6.2615
2026-07-20T16:55:40.970,24.6348,-2.793,6.2419
2026-07-20T16:55:40.985,24.6587,-2.7343,5.9287
2026-07-20T16:55:40.985,24.6587,-2.4797,6.2224
2026-07-20T16:55:41.007,24.6712,-2.6168,6.379
2026-07-20T16:55:41.007,24.6712,-2.6755,6.1636
2026-07-20T16:55:41.020,24.6975,-2.4406,6.1832
2026-07-20T16:55:41.020,24.7035,-2.6168,6.4965
2026-07-20T16:55:41.031,24.7059,-2.4601,6.2028
2026-07-20T16:55:41.049,24.732,-2.3426,6.4965
2026-07-20T16:55:41.056,24.7348,-2.4014,6.7902
2026-07-20T16:55:41.076,24.7386,-2.558,6.7315
2026-07-20T16:55:41.078,24.7426,-2.4014,6.8685
2026-07-20T16:55:41.091,24.7717,-2.3818,7.2601
2026-07-20T16:55:41.096,24.777,-2.4601,7.1818
2026-07-20T16:55:41.115,24.777,-2.186,7.3581
2026-07-20T16:55:41.117,24.8127,-2.2839,7.5734
2026-07-20T16:55:41.126,24.8166,-2.2839,7.5343
2026-07-20T16:55:41.144,24.8217,-2.0294,7.3972
2026-07-20T16:55:41.149,24.8254,-2.0881,7.6909
2026-07-20T16:55:41.160,24.8489,-2.3622,7.5343
2026-07-20T16:55:41.173,24.8547,-2.2839,7.4168
2026-07-20T16:55:41.182,24.8547,-2.1468,7.5343
2026-07-20T16:55:41.189,24.8547,-2.421,7.4364
2026-07-20T16:55:41.200,24.8642,-2.3818,7.1035
2026-07-20T16:55:41.212,24.8795,-2.2839,7.0643
2026-07-20T16:55:41.221,24.8956,-2.8126,6.8098
2026-07-20T16:55:41.237,24.9027,-2.7734,6.2615
2026-07-20T16:55:41.237,24.9069,-2.8909,6.2615
2026-07-20T16:55:41.252,24.9271,-3.4392,5.9287
2026-07-20T16:55:41.252,24.9351,-3.6937,5.0671
2026-07-20T16:55:41.275,24.9377,-4.0853,4.8713
2026-07-20T16:55:41.279,24.941,-4.6728,4.2643
2026-07-20T16:55:41.287,24.9674,-4.9861,3.344
2026-07-20T16:55:41.299,24.9674,-5.5147,2.8741
2026-07-20T16:55:41.310,24.9744,-6.2196,1.9733
2026-07-20T16:55:41.325,25.0129,-6.8854,0.5439
2026-07-20T16:55:41.331,25.0129,-7.2574,-0.4155
2026-07-20T16:55:41.340,25.0129,-8.1386,-1.7078
2026-07-20T16:55:41.347,25.0222,-8.4323,-2.9806
2026-07-20T16:55:41.363,25.0222,-8.5693,-3.6463
2026-07-20T16:55:41.371,25.0575,-9.0001,-4.2925
2026-07-20T16:55:41.385,25.0575,-8.6672,-4.9191
2026-07-20T16:55:41.385,25.0694,-8.6672,-5.1932
2026-07-20T16:55:41.394,25.0741,-8.8043,-5.389
2026-07-20T16:55:41.412,25.105,-8.7064,-5.8981
2026-07-20T16:55:41.412,25.105,-8.4518,-5.9373
2026-07-20T16:55:41.430,25.1111,-8.3931,-5.7219
2026-07-20T16:55:41.442,25.1167,-8.4714,-5.8002
2026-07-20T16:55:41.457,25.1333,-8.0015,-5.7415
2026-07-20T16:55:41.462,25.1425,-8.1386,-5.5261
2026-07-20T16:55:41.469,25.1464,-8.3931,-5.4478
2026-07-20T16:55:41.477,25.1502,-7.8253,-5.5065
2026-07-20T16:55:41.489,25.1502,-7.8057,-5.2128
2026-07-20T16:55:41.489,25.1731,-7.9232,-5.1932
2026-07-20T16:55:41.506,25.1731,-7.5316,-5.2324
2026-07-20T16:55:41.520,25.1731,-7.6686,-4.9582
2026-07-20T16:55:41.533,25.2011,-7.7469,-5.1736
2026-07-20T16:55:41.536,25.2011,-7.6882,-5.389
2026-07-20T16:55:41.552,25.2011,-7.9036,-5.0757
2026-07-20T16:55:41.568,25.2269,-7.9819,-5.1932
2026-07-20T16:55:41.568,25.2269,-7.649,-5.2324
2026-07-20T16:55:41.573,25.2269,-7.5903,-5.2715
2026-07-20T16:55:41.590,25.2427,-7.8448,-5.1932
2026-07-20T16:55:41.599,25.2427,-7.7078,-5.3303
2026-07-20T16:55:41.615,25.2742,-7.5903,-5.1736
2026-07-20T16:55:41.615,25.2742,-7.9427,-5.1932
2026-07-20T16:55:41.635,25.2902,-7.7469,-5.3499
2026-07-20T16:55:41.646,25.304,-7.8448,-5.1736
2026-07-20T16:55:41.646,25.304,-7.9623,-5.1149
2026-07-20T16:55:41.659,25.3288,-7.8644,-5.2324
2026-07-20T16:55:41.663,25.3288,-7.6686,-5.1932
2026-07-20T16:55:41.695,25.3552,-8.0406,-5.0562
2026-07-20T16:55:41.699,25.3552,-8.0211,-5.252
2026-07-20T16:55:41.701,25.3552,-7.6686,-5.2715
2026-07-20T16:55:41.710,25.3824,-7.7861,-5.0757
2026-07-20T16:55:41.725,25.3852,-8.0211,-5.2128
2026-07-20T16:55:41.728,25.3852,-7.8644,-5.2715
2026-07-20T16:55:41.738,25.405,-7.8057,-4.9778
2026-07-20T16:55:41.741,25.405,-8.0798,-5.1736
2026-07-20T16:55:41.758,25.4137,-7.8253,-5.3303
2026-07-20T16:55:41.777,25.4381,-7.884,-4.9778
2026-07-20T16:55:41.777,25.4381,-8.119,-5.0953
2026-07-20T16:55:41.796,25.4627,-7.7665,-5.2324
2026-07-20T16:55:41.804,25.4627,-7.9232,-5.1345
2026-07-20T16:55:41.810,25.4627,-8.1777,-5.2911
2026-07-20T16:55:41.821,25.4946,-7.9036,-5.252
2026-07-20T16:55:41.835,25.4946,-7.8448,-4.9582
2026-07-20T16:55:41.835,25.4964,-8.1386,-5.1149
2026-07-20T16:55:41.851,25.5221,-7.9623,-5.2128
2026-07-20T16:55:41.851,25.5221,-7.9232,-5.0366
2026-07-20T16:55:41.869,25.5221,-8.0994,-5.1932
2026-07-20T16:55:41.886,25.5415,-7.7665,-5.1541
2026-07-20T16:55:41.886,25.5415,-8.1777,-5.0757
2026-07-20T16:55:41.905,25.5729,-8.1581,-5.252
2026-07-20T16:55:41.914,25.5729,-7.8644,-5.1932
2026-07-20T16:55:41.914,25.5729,-7.9819,-5.0757
2026-07-20T16:55:41.931,25.6033,-8.0602,-5.2128
2026-07-20T16:55:41.945,25.6048,-7.8448,-5.2715
2026-07-20T16:55:41.945,25.6048,-7.884,-4.9778
2026-07-20T16:55:41.961,25.6204,-7.9623,-5.2324
2026-07-20T16:55:41.961,25.6311,-7.7665,-5.252
2026-07-20T16:55:41.977,25.6311,-8.0406,-4.9974
2026-07-20T16:55:41.993,25.6521,-8.1777,-5.1932
2026-07-20T16:55:41.993,25.6521,-7.7665,-5.1932
2026-07-20T16:55:42.009,25.6681,-8.0015,-5.0562
2026-07-20T16:55:42.024,25.6681,-8.0602,-5.2715
2026-07-20T16:55:42.024,25.684,-7.6882,-5.2128
2026-07-20T16:55:42.040,25.7066,-8.0015,-5.0366
2026-07-20T16:55:42.040,25.7066,-7.9232,-5.2324
2026-07-20T16:55:42.064,25.7323,-7.884,-5.0562
2026-07-20T16:55:42.072,25.7323,-8.2169,-5.1345
2026-07-20T16:55:42.082,25.7323,-8.119,-5.2324
2026-07-20T16:55:42.088,25.7626,-7.7665,-5.2324
2026-07-20T16:55:42.105,25.7626,-8.0406,-5.1345
2026-07-20T16:55:42.105,25.7626,-8.119,-5.252
2026-07-20T16:55:42.119,25.7946,-7.7665,-5.1932
2026-07-20T16:55:42.119,25.7946,-7.9819,-5.1345
2026-07-20T16:55:42.135,25.7946,-7.8644,-5.2324
2026-07-20T16:55:42.151,25.8142,-7.9036,-5.0953
2026-07-20T16:55:42.151,25.8259,-8.0015,-5.0562
2026-07-20T16:55:42.167,25.852,-8.0602,-5.2324
2026-07-20T16:55:42.167,25.853,-7.9036,-5.252
2026-07-20T16:55:42.186,25.855,-8.0211,-4.8995
2026-07-20T16:55:42.198,25.858,-8.1386,-5.2715
2026-07-20T16:55:42.212,25.8796,-7.8448,-5.2715
2026-07-20T16:55:42.223,25.8796,-7.9427,-4.9582
2026-07-20T16:55:42.230,25.8863,-8.256,-5.1345
2026-07-20T16:55:42.236,25.9144,-7.6686,-5.2911
2026-07-20T16:55:42.252,25.9144,-7.7469,-4.9974
2026-07-20T16:55:42.267,25.9419,-8.119,-5.1345
2026-07-20T16:55:42.283,25.9419,-7.9427,-5.3694
2026-07-20T16:55:42.283,25.9419,-7.8644,-4.8995
2026-07-20T16:55:42.291,25.9419,-8.2365,-5.0953
2026-07-20T16:55:42.300,25.9577,-7.8057,-5.2324
2026-07-20T16:55:42.300,25.9735,-8.0015,-5.1345
2026-07-20T16:55:42.314,25.9895,-8.1386,-5.2128
2026-07-20T16:55:42.330,25.9895,-7.9036,-5.2128
2026-07-20T16:55:42.330,25.9895,-7.8057,-5.0562
2026-07-20T16:55:42.346,26.0211,-8.119,-5.0366
2026-07-20T16:55:42.362,26.0211,-7.9819,-5.2324
2026-07-20T16:55:42.362,26.0211,-7.8448,-4.9387
2026-07-20T16:55:42.387,26.0525,-8.1581,-5.017
2026-07-20T16:55:42.393,26.0525,-7.8448,-5.2715
2026-07-20T16:55:42.393,26.0525,-8.0602,-5.0366
2026-07-20T16:55:42.415,26.0926,-8.119,-5.0366
2026-07-20T16:55:42.425,26.0926,-8.1581,-5.252
2026-07-20T16:55:42.425,26.0946,-7.7274,-5.1932
2026-07-20T16:55:42.425,26.0946,-7.9232,-4.9387
2026-07-20T16:55:42.449,26.1223,-8.0406,-5.2715
2026-07-20T16:55:42.456,26.1223,-7.8253,-5.2911
2026-07-20T16:55:42.472,26.1471,-8.0211,-4.9974
2026-07-20T16:55:42.492,26.1519,-8.0211,-5.252
2026-07-20T16:55:42.492,26.1519,-7.7078,-5.1736
2026-07-20T16:55:42.500,26.1641,-7.9232,-4.9778
2026-07-20T16:55:42.519,26.1779,-8.1386,-5.1345
2026-07-20T16:55:42.519,26.1789,-7.7665,-5.2324
2026-07-20T16:55:42.533,26.2043,-7.9232,-4.9387
2026-07-20T16:55:42.536,26.2043,-8.1973,-5.0953
2026-07-20T16:55:42.550,26.2043,-7.8057,-5.3694
2026-07-20T16:55:42.561,26.2259,-7.9819,-5.0366
2026-07-20T16:55:42.567,26.2259,-8.0994,-5.2324
2026-07-20T16:55:42.577,26.2259,-7.8448,-5.1932
2026-07-20T16:55:42.598,26.2573,-7.9623,-5.0757
2026-07-20T16:55:42.598,26.2573,-8.2952,-5.2324
2026-07-20T16:55:42.598,26.2867,-7.9427,-5.2715
2026-07-20T16:55:42.630,26.2889,-7.9232,-5.0562
2026-07-20T16:55:42.630,26.2889,-8.3148,-5.1149
2026-07-20T16:55:42.645,26.3151,-8.119,-5.3303
2026-07-20T16:55:42.645,26.3151,-8.0602,-4.9778
2026-07-20T16:55:42.659,26.3151,-8.3735,-5.2128
2026-07-20T16:55:42.673,26.3364,-8.0211,-5.3694
2026-07-20T16:55:42.677,26.3364,-8.0211,-5.0953
2026-07-20T16:55:42.687,26.3677,-8.2365,-5.1345
2026-07-20T16:55:42.709,26.3731,-7.9427,-5.1541
2026-07-20T16:55:42.709,26.3731,-7.7469,-4.6841
2026-07-20T16:55:42.720,26.4016,-7.9232,-4.3317
2026-07-20T16:55:42.740,26.407,-7.8253,-4.2533
2026-07-20T16:55:42.740,26.4077,-7.6295,-3.568
2026-07-20T16:55:42.745,26.4152,-7.5707,-2.6281
2026-07-20T16:55:42.772,26.431,-7.4532,-1.8841
2026-07-20T16:55:42.772,26.431,-7.1008,-1.1792
2026-07-20T16:55:42.780,26.4575,-6.7875,-0.1414
2026-07-20T16:55:42.790,26.4841,-6.67,0.074
2026-07-20T16:55:42.803,26.4841,-5.9651,0.6614
2026-07-20T16:55:42.803,26.494,-6.1022,1.4838
2026-07-20T16:55:42.830,26.494,-5.9651,1.6796
2026-07-20T16:55:42.832,26.5039,-5.5343,2.6978
2026-07-20T16:55:42.839,26.5322,-5.3385,3.5202
2026-07-20T16:55:42.853,26.5322,-5.3189,3.8335
2026-07-20T16:55:42.866,26.5422,-4.7511,4.4209
2026-07-20T16:55:42.876,26.5451,-4.6923,5.3021
2026-07-20T16:55:42.882,26.5728,-4.5161,5.5566
2026-07-20T16:55:42.898,26.5783,-4.1637,5.7524
2026-07-20T16:55:42.905,26.5812,-3.9287,6.4769
2026-07-20T16:55:42.917,26.5812,-3.8504,6.5748
2026-07-20T16:55:42.920,26.5887,-3.3804,6.849
2026-07-20T16:55:42.929,26.6156,-3.165,7.4951
2026-07-20T16:55:42.929,26.6201,-3.3217,7.6713
2026-07-20T16:55:42.954,26.6253,-2.793,7.8084
2026-07-20T16:55:42.961,26.6318,-2.5972,8.2392
2026-07-20T16:55:42.977,26.6643,-2.8909,8.1609
2026-07-20T16:55:42.977,26.6643,-2.5776,8.063
2026-07-20T16:55:42.998,26.6677,-2.4014,8.3958
2026-07-20T16:55:42.998,26.6677,-2.6364,8.3371
2026-07-20T16:55:43.014,26.701,-2.4993,8.0238
2026-07-20T16:55:43.024,26.705,-2.5776,8.2783
2026-07-20T16:55:43.037,26.7093,-2.7734,8.1609
2026-07-20T16:55:43.040,26.7147,-2.793,7.8867
2026-07-20T16:55:43.051,26.7391,-2.4993,8.1413
2026-07-20T16:55:43.063,26.7415,-2.7734,7.9651
2026-07-20T16:55:43.063,26.7415,-2.8322,7.8084
2026-07-20T16:55:43.082,26.7467,-2.6168,8.1021
2026-07-20T16:55:43.088,26.7467,-2.8713,7.9259
2026-07-20T16:55:43.103,26.7774,-2.8126,7.7301
2026-07-20T16:55:43.119,26.7784,-2.5385,7.9259
2026-07-20T16:55:43.119,26.7784,-2.8126,7.9651
2026-07-20T16:55:43.131,26.8157,-2.7734,7.7888
2026-07-20T16:55:43.136,26.8157,-2.4797,8.0434
2026-07-20T16:55:43.151,26.8231,-2.793,8.1609
2026-07-20T16:55:43.151,26.8268,-2.6951,7.8672
2026-07-20T16:55:43.171,26.8527,-2.5776,8.1609
2026-07-20T16:55:43.171,26.8527,-2.7734,8.1413
2026-07-20T16:55:43.188,26.8575,-2.9888,7.9063
2026-07-20T16:55:43.199,26.8575,-2.6559,7.8867
2026-07-20T16:55:43.214,26.8864,-2.8713,8.1021
2026-07-20T16:55:43.225,26.8911,-3.0084,7.6126
2026-07-20T16:55:43.230,26.8911,-2.7538,7.6126
2026-07-20T16:55:43.246,26.9209,-2.9105,8.0434
2026-07-20T16:55:43.246,26.9209,-2.8713,7.9651
2026-07-20T16:55:43.263,26.9249,-2.6168,7.6713
2026-07-20T16:55:43.273,26.9288,-2.6559,7.9259
2026-07-20T16:55:43.288,26.9524,-3.0084,7.5147
2026-07-20T16:55:43.288,26.9524,-3.0084,7.3972
2026-07-20T16:55:43.301,26.9524,-2.6755,7.8476
2026-07-20T16:55:43.311,26.9861,-2.9692,7.9259
2026-07-20T16:55:43.311,26.9882,-2.8322,7.7105
2026-07-20T16:55:43.325,26.9925,-2.7734,7.9455
2026-07-20T16:55:43.342,27.0162,-3.165,7.828
2026-07-20T16:55:43.342,27.0162,-2.8713,7.3972
2026-07-20T16:55:43.361,27.0254,-2.7734,7.6909
2026-07-20T16:55:43.372,27.0482,-3.1455,7.6322
2026-07-20T16:55:43.372,27.0522,-3.165,7.3776
2026-07-20T16:55:43.388,27.0544,-2.9888,7.2014
2026-07-20T16:55:43.400,27.0594,-3.2042,7.3385
2026-07-20T16:55:43.403,27.0816,-3.2042,7.1818
2026-07-20T16:55:43.427,27.0857,-3.0476,7.2406
2026-07-20T16:55:43.432,27.0857,-3.3413,7.221
2026-07-20T16:55:43.439,27.1111,-3.4588,7.0252
2026-07-20T16:55:43.454,27.1162,-3.0867,6.849
2026-07-20T16:55:43.458,27.1232,-3.2434,7.1231
2026-07-20T16:55:43.470,27.1485,-3.3608,7.1427
2026-07-20T16:55:43.483,27.1565,-2.9888,6.9077
2026-07-20T16:55:43.496,27.1607,-3.165,7.1427
2026-07-20T16:55:43.500,27.1833,-3.4392,7.0839
2026-07-20T16:55:43.513,27.1833,-3.1455,6.7706
2026-07-20T16:55:43.529,27.189,-2.9888,7.0839
2026-07-20T16:55:43.533,27.189,-3.3608,6.849
2026-07-20T16:55:43.546,27.2154,-3.1846,6.6923
2026-07-20T16:55:43.556,27.2164,-3.165,6.8685
2026-07-20T16:55:43.561,27.2195,-3.3021,6.9077
2026-07-20T16:55:43.574,27.2352,-3.2238,6.5748
2026-07-20T16:55:43.576,27.2352,-3.0867,6.9273
2026-07-20T16:55:43.592,27.2509,-3.3608,6.8685
2026-07-20T16:55:43.602,27.2756,-3.0084,6.7315
2026-07-20T16:55:43.608,27.2756,-3.028,6.8881
2026-07-20T16:55:43.623,27.2855,-3.2629,6.9664
2026-07-20T16:55:43.634,27.3093,-3.3021,6.6923
2026-07-20T16:55:43.639,27.3093,-3.0084,6.849
2026-07-20T16:55:43.655,27.3165,-3.2434,6.9664
2026-07-20T16:55:43.667,27.3302,-3.3608,6.751
2026-07-20T16:55:43.671,27.3302,-3.2042,6.751
2026-07-20T16:55:43.682,27.346,-3.5567,6.849
2026-07-20T16:55:43.692,27.346,-3.4,6.5161
2026-07-20T16:55:43.700,27.3728,-3.2629,6.6531
2026-07-20T16:55:43.702,27.3769,-3.2434,6.9273
2026-07-20T16:55:43.718,27.3808,-3.4979,6.6727
2026-07-20T16:55:43.731,27.4079,-3.2629,6.5748
2026-07-20T16:55:43.743,27.4143,-3.2042,6.849
2026-07-20T16:55:43.755,27.4168,-3.4588,6.8685
2026-07-20T16:55:43.765,27.4403,-3.1455,6.6336
2026-07-20T16:55:43.778,27.4473,-3.1063,6.986
2026-07-20T16:55:43.789,27.4528,-3.4979,6.9273
2026-07-20T16:55:43.789,27.4528,-3.3608,6.5944
2026-07-20T16:55:43.802,27.4707,-3.1846,6.7902
2026-07-20T16:55:43.813,27.4707,-3.5762,6.8685
2026-07-20T16:55:43.825,27.4707,-3.4196,6.7706
2026-07-20T16:55:43.835,27.5079,-3.028,6.9077
2026-07-20T16:55:43.843,27.5079,-3.2825,7.0252
2026-07-20T16:55:43.843,27.5141,-3.2238,6.5944
2026-07-20T16:55:43.858,27.5169,-3.1846,6.8294
2026-07-20T16:55:43.875,27.543,-3.3413,6.986
2026-07-20T16:55:43.880,27.5486,-3.3217,6.849
2026-07-20T16:55:43.889,27.5657,-2.9888,6.8294
2026-07-20T16:55:43.905,27.5799,-3.3021,7.0252
2026-07-20T16:55:43.915,27.5799,-3.4392,6.6727
2026-07-20T16:55:43.928,27.5799,-3.1063,6.6923
2026-07-20T16:55:43.936,27.6118,-3.2629,6.8098
2026-07-20T16:55:43.938,27.6146,-3.5175,6.5748
2026-07-20T16:55:43.938,27.6171,-3.2629,6.5357
2026-07-20T16:55:43.952,27.6171,-3.4392,6.7706
2026-07-20T16:55:43.968,27.6456,-3.5762,6.6727
2026-07-20T16:55:43.968,27.6498,-3.1846,6.6336
2026-07-20T16:55:43.989,27.6551,-3.3021,6.9664
2026-07-20T16:55:44.000,27.6771,-3.4392,6.8294
2026-07-20T16:55:44.000,27.6771,-3.1846,6.5944
2026-07-20T16:55:44.022,27.6844,-3.1846,7.0056
2026-07-20T16:55:44.032,27.7103,-3.3413,6.9273
2026-07-20T16:55:44.048,27.7169,-3.1455,6.8098
2026-07-20T16:55:44.062,27.7225,-3.1455,7.0056
2026-07-20T16:55:44.062,27.7225,-3.4,7.0252
2026-07-20T16:55:44.080,27.7468,-3.3217,6.8098
2026-07-20T16:55:44.080,27.7468,-3.1259,6.986
2026-07-20T16:55:44.095,27.7517,-3.3413,7.0643
2026-07-20T16:55:44.106,27.7703,-3.2434,6.7315
2026-07-20T16:55:44.111,27.7776,-3.2238,7.0448
2026-07-20T16:55:44.124,27.7834,-3.4,7.1035
2026-07-20T16:55:44.136,27.8067,-3.4,6.849
2026-07-20T16:55:44.143,27.8067,-3.165,6.9469
2026-07-20T16:55:44.150,27.8142,-3.4196,7.1035
2026-07-20T16:55:44.166,27.84,-3.4979,6.9077
2026-07-20T16:55:44.174,27.84,-3.1846,7.0643
2026-07-20T16:55:44.179,27.8484,-3.2825,7.3972
2026-07-20T16:55:44.189,27.8504,-3.3804,7.1818
2026-07-20T16:55:44.197,27.8751,-3.0671,7.0839
2026-07-20T16:55:44.212,27.8802,-3.0867,7.2014
2026-07-20T16:55:44.221,27.8802,-3.2434,7.2993
2026-07-20T16:55:44.237,27.912,-3.2434,6.986
2026-07-20T16:55:44.237,27.912,-3.1259,7.0643
2026-07-20T16:55:44.253,27.9173,-3.3217,7.221
2026-07-20T16:55:44.268,27.9435,-3.4,6.9273
2026-07-20T16:55:44.268,27.9435,-3.0671,6.986
2026-07-20T16:55:44.284,27.9435,-3.4196,7.0839
2026-07-20T16:55:44.292,27.9508,-3.635,6.8881
2026-07-20T16:55:44.300,27.9788,-3.1846,6.7902
2026-07-20T16:55:44.300,27.9788,-3.2042,7.2797
2026-07-20T16:55:44.323,27.9905,-3.5762,7.0643
2026-07-20T16:55:44.331,28.0173,-3.0476,6.9469
2026-07-20T16:55:44.347,28.0221,-3.0084,7.1427
2026-07-20T16:55:44.351,28.0221,-3.165,7.4364
2026-07-20T16:55:44.363,28.0221,-3.0084,7.2601
2026-07-20T16:55:44.372,28.0539,-3.1063,7.3776
2026-07-20T16:55:44.379,28.0575,-3.2042,7.5343
2026-07-20T16:55:44.394,28.0575,-3.1846,7.3189
2026-07-20T16:55:44.394,28.0575,-3.0084,7.1231
2026-07-20T16:55:44.418,28.0854,-3.0476,7.5147
2026-07-20T16:55:44.418,28.0854,-3.3804,7.4755
2026-07-20T16:55:44.430,28.0957,-3.1455,7.2601
2026-07-20T16:55:44.458,28.1251,-3.1063,7.4755
2026-07-20T16:55:44.458,28.1279,-3.4,7.3776
2026-07-20T16:55:44.458,28.1279,-3.3804,7.2797
2026-07-20T16:55:44.472,28.1319,-3.028,7.2993
2026-07-20T16:55:44.480,28.1593,-3.3021,7.4364
2026-07-20T16:55:44.490,28.1593,-3.5567,7.3581
2026-07-20T16:55:44.504,28.1671,-3.2434,7.4168
2026-07-20T16:55:44.514,28.1978,-3.2238,7.6713
2026-07-20T16:55:44.521,28.1978,-3.5762,7.6322
2026-07-20T16:55:44.532,28.1978,-3.1846,7.3972
2026-07-20T16:55:44.545,28.2072,-3.165,7.7497
2026-07-20T16:55:44.553,28.2343,-3.4783,7.7497
2026-07-20T16:55:44.553,28.2366,-3.3021,7.4168
2026-07-20T16:55:44.570,28.2386,-3.0084,7.6713
2026-07-20T16:55:44.580,28.2406,-3.4,7.7497
2026-07-20T16:55:44.600,28.2626,-3.4588,7.4168
2026-07-20T16:55:44.600,28.2626,-3.0867,7.6322
2026-07-20T16:55:44.615,28.2742,-3.3608,7.8084
2026-07-20T16:55:44.634,28.2984,-3.4,7.4364
2026-07-20T16:55:44.634,28.2984,-3.0476,7.7105
2026-07-20T16:55:44.647,28.2984,-3.2629,7.8672
2026-07-20T16:55:44.650,28.3306,-3.4979,7.4951
2026-07-20T16:55:44.666,28.3306,-3.3021,7.456
2026-07-20T16:55:44.671,28.3306,-3.2629,7.7497
2026-07-20T16:55:44.682,28.3567,-3.4979,7.6518
2026-07-20T16:55:44.697,28.3727,-3.3217,7.593
2026-07-20T16:55:44.703,28.3727,-3.165,7.7888
2026-07-20T16:55:44.713,28.3785,-3.4,7.6518
2026-07-20T16:55:44.729,28.4093,-3.4588,7.5343
2026-07-20T16:55:44.729,28.4093,-3.0867,7.5147
2026-07-20T16:55:44.744,28.4093,-3.3608,7.5734
2026-07-20T16:55:44.751,28.4204,-3.5567,7.3776
2026-07-20T16:55:44.763,28.4383,-3.2042,7.2601
2026-07-20T16:55:44.777,28.4383,-3.3021,7.593
2026-07-20T16:55:44.782,28.4528,-3.5175,7.4364
2026-07-20T16:55:44.793,28.4582,-3.2238,7.2601
2026-07-20T16:55:44.803,28.4837,-3.2042,7.4755
2026-07-20T16:55:44.811,28.4857,-3.5175,7.2601
2026-07-20T16:55:44.825,28.4857,-3.3608,7.2014
2026-07-20T16:55:44.831,28.4857,-3.165,7.2601
2026-07-20T16:55:44.842,28.5177,-3.4,7.4364
2026-07-20T16:55:44.842,28.5257,-3.5567,7.1818
2026-07-20T16:55:44.858,28.5318,-3.2825,7.1035
2026-07-20T16:55:44.858,28.5584,-3.4,7.1427
2026-07-20T16:55:44.887,28.5625,-3.5567,6.9273
2026-07-20T16:55:44.890,28.5647,-3.2434,6.849
2026-07-20T16:55:44.906,28.5706,-3.4392,7.0252
2026-07-20T16:55:44.915,28.5998,-3.635,6.8881
2026-07-20T16:55:44.919,28.6023,-3.6546,6.5552
2026-07-20T16:55:44.937,28.6023,-3.3608,6.7902
2026-07-20T16:55:44.943,28.6023,-3.6154,6.7902
2026-07-20T16:55:44.966,28.6327,-3.4588,6.5748
2026-07-20T16:55:44.966,28.6327,-3.4196,6.6727
2026-07-20T16:55:44.975,28.6327,-3.635,6.751
2026-07-20T16:55:44.987,28.6572,-3.7525,6.5944
2026-07-20T16:55:44.998,28.6669,-3.4979,6.5357
2026-07-20T16:55:45.005,28.6669,-3.3217,6.8294
2026-07-20T16:55:45.010,28.6733,-3.6741,6.7315
2026-07-20T16:55:45.029,28.6891,-3.5958,6.5161
2026-07-20T16:55:45.029,28.6891,-3.5175,6.6531
2026-07-20T16:55:45.039,28.7073,-3.6741,6.849
2026-07-20T16:55:45.055,28.739,-3.772,6.5944
2026-07-20T16:55:45.061,28.7411,-3.4,6.4769
2026-07-20T16:55:45.061,28.7411,-3.635,6.849
2026-07-20T16:55:45.080,28.7411,-3.6741,6.5944
2026-07-20T16:55:45.093,28.7755,-3.6154,6.4769
2026-07-20T16:55:45.093,28.7755,-3.4196,6.7315
2026-07-20T16:55:45.113,28.7853,-3.7916,6.8098
2026-07-20T16:55:45.113,28.7853,-3.7329,6.5161
2026-07-20T16:55:45.140,28.8182,-3.6154,6.8098
2026-07-20T16:55:45.140,28.8182,-3.7329,6.7119
2026-07-20T16:55:45.158,28.8247,-3.772,6.5552
2026-07-20T16:55:45.158,28.8278,-3.5371,6.5357
2026-07-20T16:55:45.172,28.857,-3.4588,7.0056
2026-07-20T16:55:45.172,28.857,-3.6937,6.6923
2026-07-20T16:55:45.191,28.8643,-3.3217,6.5748
2026-07-20T16:55:45.204,28.8643,-3.4392,6.986
2026-07-20T16:55:45.212,28.8792,-3.6154,6.7902
2026-07-20T16:55:45.219,28.9009,-3.3217,6.8685
2026-07-20T16:55:45.229,28.9009,-3.2825,7.0448
2026-07-20T16:55:45.248,28.9258,-3.5958,7.1231
2026-07-20T16:55:45.252,28.9258,-3.5371,7.0056
2026-07-20T16:55:45.252,28.9258,-3.2825,6.9664
2026-07-20T16:55:45.273,28.9395,-3.3804,7.1622
2026-07-20T16:55:45.281,28.944,-3.4783,7.1035
2026-07-20T16:55:45.298,28.9576,-3.3217,7.1427
2026-07-20T16:55:45.298,28.9729,-3.4,7.2014
2026-07-20T16:55:45.314,28.9769,-3.5762,7.1035
2026-07-20T16:55:45.324,29.0042,-3.3608,6.8881
2026-07-20T16:55:45.330,29.0042,-3.5371,7.1622
2026-07-20T16:55:45.345,29.0042,-3.6741,6.9664
2026-07-20T16:55:45.349,29.0202,-3.5371,6.7706
2026-07-20T16:55:45.361,29.0479,-3.4,6.9664
2026-07-20T16:55:45.361,29.0521,-3.7329,6.9664
2026-07-20T16:55:45.377,29.0556,-3.5567,6.6531
2026-07-20T16:55:45.393,29.0556,-3.4979,7.0252
2026-07-20T16:55:45.398,29.0876,-3.6937,7.0839
2026-07-20T16:55:45.409,29.0901,-3.5958,6.8294
2026-07-20T16:55:45.424,29.0901,-3.3804,7.0448
2026-07-20T16:55:45.428,29.0996,-3.5371,7.2406
2026-07-20T16:55:45.440,29.1258,-3.635,6.9273
2026-07-20T16:55:45.440,29.1258,-3.3217,7.0056
2026-07-20T16:55:45.462,29.1333,-3.6546,6.9664
2026-07-20T16:55:45.472,29.1383,-3.4979,6.751
2026-07-20T16:55:45.488,29.1656,-3.2825,6.8294
2026-07-20T16:55:45.488,29.1656,-3.5958,6.9664
2026-07-20T16:55:45.506,29.1726,-3.7525,6.7315
2026-07-20T16:55:45.519,29.2024,-3.5567,6.5748
2026-07-20T16:55:45.519,29.2065,-3.4196,6.8685
2026-07-20T16:55:45.519,29.2065,-3.7329,6.7119
2026-07-20T16:55:45.547,29.211,-3.635,6.6336
2026-07-20T16:55:45.551,29.2379,-3.4588,6.986
2026-07-20T16:55:45.570,29.2422,-3.6741,6.8098
2026-07-20T16:55:45.570,29.2422,-3.5371,6.614
2026-07-20T16:55:45.583,29.2527,-3.3804,6.8881
2026-07-20T16:55:45.598,29.2799,-3.6937,7.0252
2026-07-20T16:55:45.598,29.2799,-3.5175,6.7706
2026-07-20T16:55:45.615,29.2799,-3.3413,6.9077
2026-07-20T16:55:45.625,29.2891,-3.5958,7.0448
2026-07-20T16:55:45.630,29.3147,-3.7133,6.8098
2026-07-20T16:55:45.645,29.3211,-3.4392,6.9664
2026-07-20T16:55:45.661,29.325,-3.7133,6.9469
2026-07-20T16:55:45.661,29.326,-3.6937,6.8294
2026-07-20T16:55:45.671,29.3528,-3.4,6.8685
2026-07-20T16:55:45.677,29.3554,-3.5371,7.1622
2026-07-20T16:55:45.698,29.3603,-3.635,7.0643
2026-07-20T16:55:45.702,29.3603,-3.2238,6.986
2026-07-20T16:55:45.714,29.3869,-3.4,7.1035
2026-07-20T16:55:45.733,29.3938,-3.5762,6.9273
2026-07-20T16:55:45.733,29.3958,-3.2629,7.0448
2026-07-20T16:55:45.741,29.4156,-3.2825,7.221
2026-07-20T16:55:45.741,29.4238,-3.6154,7.1427
2026-07-20T16:55:45.766,29.4318,-3.5567,6.9077
2026-07-20T16:55:45.788,29.4475,-3.2629,7.2601
2026-07-20T16:55:45.788,29.4475,-3.5567,7.1818
2026-07-20T16:55:45.788,29.4633,-3.5567,7.0252
2026-07-20T16:55:45.799,29.4657,-3.2238,7.2601
2026-07-20T16:55:45.817,29.4911,-3.4979,7.3972
2026-07-20T16:55:45.820,29.4968,-3.4979,7.2601
2026-07-20T16:55:45.836,29.5043,-3.2629,7.1818
2026-07-20T16:55:45.842,29.5104,-3.3608,7.3581
2026-07-20T16:55:45.851,29.5362,-3.6154,7.221
2026-07-20T16:55:45.877,29.5418,-3.2629,7.2993
2026-07-20T16:55:45.877,29.5418,-3.3804,7.2993
2026-07-20T16:55:45.883,29.5467,-3.7133,7.2406
2026-07-20T16:55:45.883,29.5733,-3.4392,7.0839
2026-07-20T16:55:45.909,29.5768,-3.4588,7.3385
2026-07-20T16:55:45.914,29.5802,-3.7525,7.2601
2026-07-20T16:55:45.922,29.6047,-3.4,7.1818
2026-07-20T16:55:45.931,29.6118,-3.2434,7.3581
2026-07-20T16:55:45.944,29.6118,-3.5958,7.456
2026-07-20T16:55:45.957,29.6204,-3.4588,7.1231
2026-07-20T16:55:45.964,29.6522,-3.2629,7.2993
2026-07-20T16:55:45.964,29.6541,-3.6154,7.2993
2026-07-20T16:55:45.984,29.6584,-3.4392,7.0252
2026-07-20T16:55:45.996,29.6584,-3.3608,7.3581
2026-07-20T16:55:45.999,29.6861,-3.4979,7.3189
2026-07-20T16:55:46.009,29.6861,-3.6741,7.1035
2026-07-20T16:55:46.026,29.6861,-3.3804,7.1427
2026-07-20T16:55:46.031,29.7,-3.3804,7.1622
2026-07-20T16:55:46.040,29.7235,-3.6937,7.0839
2026-07-20T16:55:46.056,29.7271,-3.5371,6.9469
2026-07-20T16:55:46.058,29.7315,-3.4588,7.3385
2026-07-20T16:55:46.072,29.736,-3.7329,7.1622
2026-07-20T16:55:46.087,29.7644,-3.6741,7.221
2026-07-20T16:55:46.087,29.7673,-3.3413,7.2601
2026-07-20T16:55:46.104,29.7699,-3.6154,7.4755
2026-07-20T16:55:46.108,29.7992,-3.6937,7.1818
2026-07-20T16:55:46.118,29.7992,-3.2629,7.221
2026-07-20T16:55:46.134,29.809,-3.5371,7.5147
2026-07-20T16:55:46.150,29.809,-3.6937,7.4168
2026-07-20T16:55:46.158,29.8269,-3.5175,7.3189
2026-07-20T16:55:46.158,29.8408,-3.6154,7.5734
2026-07-20T16:55:46.172,29.8455,-3.6546,7.4168
2026-07-20T16:55:46.181,29.8455,-3.5567,7.3189
2026-07-20T16:55:46.199,29.876,-3.3804,7.3776
2026-07-20T16:55:46.199,29.876,-3.635,7.6322
2026-07-20T16:55:46.218,29.8813,-3.6546,7.2993
2026-07-20T16:55:46.218,29.888,-3.3608,7.3972
2026-07-20T16:55:46.230,29.9126,-3.6741,7.4364
2026-07-20T16:55:46.244,29.9198,-3.5762,7.2601
2026-07-20T16:55:46.254,29.9198,-3.2825,7.5539
2026-07-20T16:55:46.260,29.929,-3.5958,7.593
2026-07-20T16:55:46.270,29.959,-3.7525,7.2993
2026-07-20T16:55:46.285,29.959,-3.5762,7.2406
2026-07-20T16:55:46.301,29.9674,-3.5567,7.456
2026-07-20T16:55:46.308,29.9836,-3.6546,7.3189
2026-07-20T16:55:46.308,29.9994,-3.4979,7.1622
2026-07-20T16:55:46.324,29.9994,-3.6546,7.3972
2026-07-20T16:55:46.331,29.9994,-3.7916,7.2406
2026-07-20T16:55:46.340,30.0109,-3.5175,7.0839
2026-07-20T16:55:46.356,30.0378,-3.5762,7.2406
2026-07-20T16:55:46.356,30.0378,-3.7525,7.221
2026-07-20T16:55:46.372,30.0378,-3.6937,6.9469
2026-07-20T16:55:46.383,30.0502,-3.4783,7.1231
2026-07-20T16:55:46.399,30.0798,-3.772,7.1231
2026-07-20T16:55:46.403,30.0798,-3.5958,7.0643
2026-07-20T16:55:46.410,30.0798,-3.6546,7.2406
2026-07-20T16:55:46.425,30.0902,-3.8308,7.1035
2026-07-20T16:55:46.433,30.1143,-3.7916,6.8881
2026-07-20T16:55:46.435,30.1143,-3.5762,6.9664
2026-07-20T16:55:46.452,30.1208,-3.6937,7.1622
2026-07-20T16:55:46.464,30.1208,-3.8112,6.9469
2026-07-20T16:55:46.473,30.1489,-3.6741,6.9664
2026-07-20T16:55:46.487,30.1578,-3.6741,7.1035
2026-07-20T16:55:46.493,30.1602,-3.7133,6.8881
2026-07-20T16:55:46.506,30.1894,-3.6937,7.1622
2026-07-20T16:55:46.514,30.1894,-3.7525,7.1427
2026-07-20T16:55:46.521,30.1948,-3.8504,7.0839
2026-07-20T16:55:46.537,30.1948,-3.635,6.9077
2026-07-20T16:55:46.546,30.2291,-3.8504,7.0643
2026-07-20T16:55:46.546,30.2311,-3.9483,6.9469
2026-07-20T16:55:46.562,30.237,-3.8895,6.9469
2026-07-20T16:55:46.576,30.2451,-3.6546,7.0839
2026-07-20T16:55:46.584,30.2666,-3.9091,7.1622
2026-07-20T16:55:46.603,30.2699,-3.8504,6.986
2026-07-20T16:55:46.603,30.2699,-3.7329,6.9273
2026-07-20T16:55:46.617,30.2725,-3.8699,7.1427
2026-07-20T16:55:46.625,30.2936,-3.9874,6.8881
2026-07-20T16:55:46.625,30.3002,-3.7133,7.0056
2026-07-20T16:55:46.645,30.3002,-3.8895,7.1427
2026-07-20T16:55:46.657,30.3318,-3.9091,6.849
2026-07-20T16:55:46.666,30.3318,-3.6546,6.7902
2026-07-20T16:55:46.673,30.3375,-3.7916,7.0643
2026-07-20T16:55:46.673,30.3375,-3.9679,6.9077
2026-07-20T16:55:46.688,30.368,-3.7525,6.8685
2026-07-20T16:55:46.704,30.37,-3.772,7.1035
2026-07-20T16:55:46.710,30.3726,-3.7916,6.9077
2026-07-20T16:55:46.720,30.3993,-3.7916,6.8881
2026-07-20T16:55:46.742,30.4084,-3.6741,7.0839
2026-07-20T16:55:46.745,30.4108,-3.8895,6.986
2026-07-20T16:55:46.751,30.4386,-3.7329,6.849
2026-07-20T16:55:46.751,30.4386,-3.7329,7.0056
2026-07-20T16:55:46.780,30.4423,-3.8504,7.0643
2026-07-20T16:55:46.786,30.4495,-3.9874,6.9664
2026-07-20T16:55:46.794,30.4755,-3.8112,6.9077
2026-07-20T16:55:46.801,30.4797,-4.007,7.1622
2026-07-20T16:55:46.811,30.4824,-4.007,6.8685
2026-07-20T16:55:46.825,30.4879,-3.8699,6.9077
2026-07-20T16:55:46.830,30.505,-3.8699,7.0448
2026-07-20T16:55:46.830,30.505,-4.0266,6.8685
2026-07-20T16:55:46.855,30.5242,-3.7525,6.9469
2026-07-20T16:55:46.862,30.528,-3.7329,7.0448
2026-07-20T16:55:46.877,30.5574,-3.9287,6.9077
2026-07-20T16:55:46.877,30.5574,-3.772,6.9273
2026-07-20T16:55:46.897,30.5574,-3.8504,7.1622
2026-07-20T16:55:46.900,30.5874,-3.9287,6.9077
2026-07-20T16:55:46.909,30.5903,-3.7525,6.7902
2026-07-20T16:55:46.930,30.5948,-3.8112,7.0448
2026-07-20T16:55:46.930,30.5981,-4.007,6.8098
2026-07-20T16:55:46.947,30.6157,-3.9679,6.751
2026-07-20T16:55:46.957,30.6157,-3.6937,6.8881
2026-07-20T16:55:46.963,30.631,-3.8895,7.1035
2026-07-20T16:55:46.975,30.6367,-3.9874,6.6531
2026-07-20T16:55:46.983,30.6618,-3.7916,6.849
2026-07-20T16:55:46.988,30.6628,-3.8699,7.0056
2026-07-20T16:55:47.003,30.6697,-3.7916,6.7315
2026-07-20T16:55:47.019,30.6945,-3.7525,6.9469
2026-07-20T16:55:47.019,30.6945,-3.8699,7.0643
2026-07-20T16:55:47.035,30.7027,-3.9483,6.8098
2026-07-20T16:55:47.042,30.7027,-3.6741,6.8294
2026-07-20T16:55:47.053,30.731,-3.9679,6.986
2026-07-20T16:55:47.053,30.731,-4.0266,6.7315
2026-07-20T16:55:47.075,30.731,-3.772,6.8294
2026-07-20T16:55:47.098,30.7672,-3.9679,6.8685
2026-07-20T16:55:47.098,30.7672,-3.8895,6.614
2026-07-20T16:55:47.103,30.7731,-3.7525,6.8098
2026-07-20T16:55:47.116,30.7802,-4.0266,6.849
2026-07-20T16:55:47.125,30.8048,-3.9679,6.6531
2026-07-20T16:55:47.130,30.8048,-3.8308,6.6923
2026-07-20T16:55:47.153,30.8208,-3.9874,6.849
2026-07-20T16:55:47.153,30.8208,-4.2224,6.5357
2026-07-20T16:55:47.164,30.8478,-3.9483,6.5944
2026-07-20T16:55:47.164,30.8478,-4.1832,6.4769
2026-07-20T16:55:47.177,30.8569,-4.2224,6.0266
2026-07-20T16:55:47.194,30.8594,-4.0462,6.3399
2026-07-20T16:55:47.203,30.8852,-4.1245,6.5357
2026-07-20T16:55:47.209,30.8896,-4.3986,6.3399
2026-07-20T16:55:47.229,30.8919,-4.1245,6.2811
2026-07-20T16:55:47.232,30.92,-4.1049,6.7119
2026-07-20T16:55:47.244,30.92,-4.3986,6.5944
2026-07-20T16:55:47.244,30.9284,-4.0853,6.5161
2026-07-20T16:55:47.269,30.934,-4.1049,6.7706
2026-07-20T16:55:47.272,30.9597,-4.3007,6.4573
2026-07-20T16:55:47.288,30.962,-4.1441,6.4378
2026-07-20T16:55:47.292,30.965,-3.9679,6.7315
2026-07-20T16:55:47.306,30.965,-4.1637,6.6531
2026-07-20T16:55:47.315,30.9918,-4.1441,6.3594
2026-07-20T16:55:47.319,30.998,-3.9287,6.6336
2026-07-20T16:55:47.337,30.998,-4.0266,6.7706
2026-07-20T16:55:47.349,31.0286,-4.1637,6.4182
2026-07-20T16:55:47.351,31.0286,-3.9287,6.5161
2026-07-20T16:55:47.364,31.0286,-4.1049,6.751
2026-07-20T16:55:47.370,31.0286,-4.0266,6.6336
2026-07-20T16:55:47.398,31.0717,-3.9874,6.4182
2026-07-20T16:55:47.398,31.0717,-3.9679,6.7902
2026-07-20T16:55:47.401,31.0734,-4.1441,6.614
2026-07-20T16:55:47.414,31.0814,-4.0266,6.4378
2026-07-20T16:55:47.423,31.1047,-3.9483,6.614
2026-07-20T16:55:47.430,31.1109,-3.9874,6.6923
2026-07-20T16:55:47.444,31.1109,-4.007,6.4378
2026-07-20T16:55:47.454,31.1226,-3.9091,6.5944
2026-07-20T16:55:47.463,31.1522,-3.9679,6.8294
2026-07-20T16:55:47.477,31.1575,-4.1832,6.6531
2026-07-20T16:55:47.483,31.1575,-3.8112,6.5944
2026-07-20T16:55:47.495,31.1644,-3.8504,6.986
2026-07-20T16:55:47.506,31.1937,-4.0853,6.7706
2026-07-20T16:55:47.511,31.1937,-3.8895,6.7119
2026-07-20T16:55:47.530,31.1991,-4.0658,6.8685
2026-07-20T16:55:47.537,31.2017,-4.1441,6.7902
2026-07-20T16:55:47.546,31.2314,-4.0462,6.5944
2026-07-20T16:55:47.556,31.237,-3.9874,6.8685
2026-07-20T16:55:47.566,31.2413,-4.0658,6.8098
2026-07-20T16:55:47.577,31.2495,-4.0658,6.5161
2026-07-20T16:55:47.587,31.2787,-3.9287,6.7315
2026-07-20T16:55:47.587,31.2787,-4.1049,6.8881
2026-07-20T16:55:47.604,31.2787,-4.0853,6.5944
2026-07-20T16:55:47.618,31.2787,-3.8895,6.8685
2026-07-20T16:55:47.633,31.3082,-4.0266,6.9469
2026-07-20T16:55:47.633,31.3082,-4.1245,6.6336
2026-07-20T16:55:47.639,31.3243,-3.772,6.8098
2026-07-20T16:55:47.651,31.3307,-4.0658,6.9469
2026-07-20T16:55:47.665,31.3336,-4.1245,6.6727
2026-07-20T16:55:47.666,31.3647,-3.9287,6.7119
2026-07-20T16:55:47.680,31.3673,-3.9874,6.986
2026-07-20T16:55:47.697,31.3716,-3.9874,6.6336
2026-07-20T16:55:47.706,31.3742,-3.7916,6.7706
2026-07-20T16:55:47.718,31.4027,-3.9679,6.9469
2026-07-20T16:55:47.728,31.4054,-4.0462,6.7119
2026-07-20T16:55:47.737,31.4054,-3.8308,6.849
2026-07-20T16:55:47.746,31.4054,-3.8895,6.9077
2026-07-20T16:55:47.756,31.4341,-4.1832,6.7902
2026-07-20T16:55:47.760,31.4341,-4.0853,6.7706
2026-07-20T16:55:47.775,31.4341,-3.9874,6.9664
2026-07-20T16:55:47.778,31.4498,-4.0853,6.7119
2026-07-20T16:55:47.796,31.4808,-3.9874,6.6727
2026-07-20T16:55:47.806,31.4893,-3.8504,6.986
2026-07-20T16:55:47.806,31.4893,-3.9483,6.9664
2026-07-20T16:55:47.822,31.494,-3.9874,6.5944
2026-07-20T16:55:47.837,31.5243,-3.772,6.8098
2026-07-20T16:55:47.837,31.5243,-4.0266,7.0839
2026-07-20T16:55:47.853,31.529,-3.9287,6.6531
2026-07-20T16:55:47.871,31.529,-3.8112,6.8881
2026-07-20T16:55:47.884,31.5631,-3.8895,6.986
2026-07-20T16:55:47.884,31.5658,-4.0462,6.6923
2026-07-20T16:55:47.884,31.5658,-3.7916,6.751
2026-07-20T16:55:47.901,31.5712,-3.8112,6.9664
2026-07-20T16:55:47.916,31.5997,-4.007,6.7706
2026-07-20T16:55:47.916,31.5997,-3.8699,6.6336
2026-07-20T16:55:47.938,31.6063,-3.9287,6.9469
2026-07-20T16:55:47.943,31.6112,-4.0853,6.751
2026-07-20T16:55:47.956,31.6376,-3.772,6.6923
2026-07-20T16:55:47.963,31.6376,-3.8308,6.9664
2026-07-20T16:55:47.972,31.6376,-4.0462,6.7902
2026-07-20T16:55:47.984,31.6504,-3.9091,6.5357
2026-07-20T16:55:47.997,31.6772,-3.5958,6.7119
2026-07-20T16:55:48.001,31.6822,-3.9874,6.751
2026-07-20T16:55:48.010,31.6849,-3.9874,6.4769
2026-07-20T16:55:48.026,31.6932,-3.8308,6.7119
2026-07-20T16:55:48.033,31.7205,-3.9483,6.5161
2026-07-20T16:55:48.041,31.7243,-3.8895,6.3399
2026-07-20T16:55:48.057,31.7291,-3.9874,6.2615
2026-07-20T16:55:48.066,31.7322,-4.1637,6.379
2026-07-20T16:55:48.089,31.7644,-4.3203,6.0266
2026-07-20T16:55:48.089,31.7644,-4.2028,5.7524
2026-07-20T16:55:48.105,31.7644,-4.614,5.6545
2026-07-20T16:55:48.110,31.7753,-5.1231,4.9888
2026-07-20T16:55:48.118,31.7961,-5.1231,4.1468
2026-07-20T16:55:48.121,31.8099,-5.7301,3.716
2026-07-20T16:55:48.137,31.8119,-6.5917,2.5608
2026-07-20T16:55:48.137,31.8119,-7.1595,1.1705
2026-07-20T16:55:48.158,31.8444,-7.5903,0.1132
2026-07-20T16:55:48.168,31.8629,-8.256,-1.5512
2026-07-20T16:55:48.168,31.8629,-8.1973,-3.0393
2026-07-20T16:55:48.184,31.8748,-7.9232,-3.7834
2026-07-20T16:55:48.184,31.8748,-8.0211,-4.2925
2026-07-20T16:55:48.206,31.8748,-7.649,-5.0757
2026-07-20T16:55:48.216,31.9063,-7.6099,-5.0366
2026-07-20T16:55:48.217,31.9073,-8.0602,-5.4673
2026-07-20T16:55:48.244,31.9111,-8.119,-5.8394
2026-07-20T16:55:48.247,31.9149,-7.9036,-5.9177
2026-07-20T16:55:48.253,31.9376,-8.1386,-5.7611
2026-07-20T16:55:48.263,31.9419,-8.3344,-6.0939
2026-07-20T16:55:48.279,31.9439,-7.9427,-5.8785
2026-07-20T16:55:48.283,31.9439,-8.2365,-5.624
2026-07-20T16:55:48.302,31.9772,-7.8448,-5.7023
2026-07-20T16:55:48.302,31.9806,-7.6686,-5.7023
2026-07-20T16:55:48.316,31.9826,-7.8253,-5.3499
2026-07-20T16:55:48.327,31.9847,-7.9427,-5.3694
2026-07-20T16:55:48.334,32.0126,-7.6099,-5.4478
2026-07-20T16:55:48.341,32.0148,-7.649,-5.1345
2026-07-20T16:55:48.357,32.0188,-7.9232,-5.2911
2026-07-20T16:55:48.366,32.0446,-7.649,-5.4478
2026-07-20T16:55:48.375,32.0466,-7.6686,-5.1541
2026-07-20T16:55:48.387,32.0466,-7.8448,-5.2324
2026-07-20T16:55:48.393,32.0623,-7.6295,-5.252
2026-07-20T16:55:48.414,32.0623,-7.6686,-5.3303
2026-07-20T16:55:48.414,32.0623,-7.9623,-5.252
2026-07-20T16:55:48.419,32.1066,-7.9232,-5.252
2026-07-20T16:55:48.435,32.1076,-7.7078,-5.252
2026-07-20T16:55:48.435,32.1086,-7.9427,-5.2911
2026-07-20T16:55:48.455,32.1303,-7.9232,-5.3694
2026-07-20T16:55:48.465,32.1385,-7.7469,-5.3107
2026-07-20T16:55:48.476,32.1385,-7.9819,-5.1736
2026-07-20T16:55:48.484,32.1385,-8.0602,-5.1932
2026-07-20T16:55:48.503,32.1692,-7.7861,-5.4086
2026-07-20T16:55:48.503,32.1692,-7.8448,-5.1541
2026-07-20T16:55:48.511,32.1692,-8.0602,-5.2715
2026-07-20T16:55:48.524,32.2028,-7.7665,-5.4673
2026-07-20T16:55:48.534,32.2038,-7.9036,-5.2324
2026-07-20T16:55:48.542,32.2068,-7.8057,-5.2911
2026-07-20T16:55:48.556,32.2372,-7.7078,-5.4282
2026-07-20T16:55:48.572,32.2392,-7.7665,-5.1932
2026-07-20T16:55:48.575,32.2392,-8.0015,-5.1345
2026-07-20T16:55:48.589,32.2779,-7.9427,-5.4282
2026-07-20T16:55:48.589,32.2789,-7.8253,-5.3303
2026-07-20T16:55:48.602,32.2799,-8.0015,-5.1541
2026-07-20T16:55:48.615,32.2799,-7.9036,-5.4282
2026-07-20T16:55:48.626,32.2957,-7.7861,-5.389
2026-07-20T16:55:48.644,32.3114,-8.0602,-5.2324
2026-07-20T16:55:48.644,32.3124,-7.9819,-5.2911
2026-07-20T16:55:48.652,32.3124,-7.7274,-5.3499
2026-07-20T16:55:48.668,32.3454,-7.9232,-5.2715
2026-07-20T16:55:48.668,32.346,-8.0994,-5.389
2026-07-20T16:55:48.685,32.348,-7.7274,-5.2324
2026-07-20T16:55:48.702,32.377,-7.9036,-5.1736
2026-07-20T16:55:48.702,32.378,-8.0602,-5.2911
2026-07-20T16:55:48.702,32.378,-7.884,-5.4282
2026-07-20T16:55:48.731,32.4066,-7.9819,-5.1541
2026-07-20T16:55:48.746,32.4086,-8.1777,-5.3107
2026-07-20T16:55:48.746,32.4093,-7.8448,-5.389
2026-07-20T16:55:48.752,32.4384,-7.8448,-5.3694
2026-07-20T16:55:48.767,32.4413,-8.119,-5.2324
2026-07-20T16:55:48.767,32.4424,-7.7665,-5.4086
2026-07-20T16:55:48.783,32.4453,-7.8057,-5.2128
2026-07-20T16:55:48.809,32.4752,-8.1973,-5.2715
2026-07-20T16:55:48.809,32.4752,-7.7665,-5.3303
2026-07-20T16:55:48.817,32.4781,-7.884,-5.1932
2026-07-20T16:55:48.830,32.5082,-8.0015,-5.1541
2026-07-20T16:55:48.836,32.5102,-8.0798,-5.4086
2026-07-20T16:55:48.836,32.5112,-7.8448,-5.389
2026-07-20T16:55:48.860,32.5418,-8.1581,-5.1736
2026-07-20T16:55:48.865,32.5438,-8.0602,-5.2911
2026-07-20T16:55:48.878,32.5448,-7.5903,-5.4086
2026-07-20T16:55:48.887,32.5474,-7.9819,-5.1149
2026-07-20T16:55:48.894,32.5774,-8.119,-5.2715
2026-07-20T16:55:48.912,32.5774,-7.7665,-5.4673
2026-07-20T16:55:48.914,32.5799,-7.9427,-5.1345
2026-07-20T16:55:48.930,32.6113,-8.0798,-5.252
2026-07-20T16:55:48.936,32.6129,-7.7665,-5.3107
2026-07-20T16:55:48.936,32.614,-7.884,-5.1932
2026-07-20T16:55:48.952,32.617,-8.119,-5.1932
2026-07-20T16:55:48.952,32.6458,-7.9036,-5.4282
2026-07-20T16:55:48.981,32.6458,-7.8253,-5.0366
2026-07-20T16:55:48.986,32.6458,-8.1777,-5.3303
2026-07-20T16:55:49.001,32.6804,-8.0798,-5.2911
2026-07-20T16:55:49.002,32.6814,-7.649,-5.3694
2026-07-20T16:55:49.018,32.6824,-7.9623,-5.1932
2026-07-20T16:55:49.018,32.6844,-8.0211,-5.2715
2026-07-20T16:55:49.034,32.7106,-7.7861,-5.4086
2026-07-20T16:55:49.034,32.7126,-7.884,-5.1932
2026-07-20T16:55:49.054,32.7126,-8.0406,-5.2715
2026-07-20T16:55:49.066,32.7301,-7.7469,-5.389
2026-07-20T16:55:49.081,32.7301,-7.7274,-5.252
2026-07-20T16:55:49.085,32.7455,-8.0015,-5.0366
2026-07-20T16:55:49.085,32.7737,-7.9427,-5.3499
2026-07-20T16:55:49.102,32.7757,-7.7274,-5.3303
2026-07-20T16:55:49.102,32.7767,-8.0798,-4.9974
2026-07-20T16:55:49.118,32.7966,-8.1386,-5.3499
2026-07-20T16:55:49.144,32.7966,-7.7274,-5.4282
2026-07-20T16:55:49.144,32.7966,-8.0211,-5.1932
2026-07-20T16:55:49.162,32.8375,-8.2365,-5.252
2026-07-20T16:55:49.169,32.8385,-7.9232,-5.252
2026-07-20T16:55:49.169,32.8395,-7.884,-5.2911
2026-07-20T16:55:49.185,32.8634,-8.1777,-5.2128
2026-07-20T16:55:49.202,32.8634,-8.0798,-5.3694
2026-07-20T16:55:49.207,32.8634,-7.8448,-5.1932
2026-07-20T16:55:49.225,32.895,-8.119,-5.2715
2026-07-20T16:55:49.227,32.895,-8.0798,-5.389
2026-07-20T16:55:49.236,32.895,-7.8253,-5.2911
2026-07-20T16:55:49.236,32.895,-7.7469,-4.8212
2026-07-20T16:55:49.252,32.9355,-7.5511,-4.6645
2026-07-20T16:55:49.267,32.9375,-7.0812,-4.4687
2026-07-20T16:55:49.267,32.9455,-6.7483,-3.2939
2026-07-20T16:55:49.286,32.9801,-6.5329,-2.8827
2026-07-20T16:55:49.305,32.9801,-5.9455,-2.2953
2026-07-20T16:55:49.307,32.9801,-5.2406,-1.2379
2026-07-20T16:55:49.317,32.9801,-5.0252,-0.5722
2026-07-20T16:55:49.324,32.9983,-4.3007,0.2502
2026-07-20T16:55:49.336,33.0303,-3.7525,1.3663
2026-07-20T16:55:49.336,33.0303,-3.6546,2.13
2026-07-20T16:55:49.352,33.0303,-3.2238,2.8936
2026-07-20T16:55:49.368,33.0462,-2.5776,4.1664
2026-07-20T16:55:49.377,33.0807,-2.3622,5.2237
2026-07-20T16:55:49.398,33.0828,-2.0881,5.7916
2026-07-20T16:55:49.398,33.0857,-1.5203,6.7119
2026-07-20T16:55:49.403,33.0908,-1.3832,7.6909
2026-07-20T16:55:49.420,33.0976,-1.2853,8.2
2026-07-20T16:55:49.420,33.0976,-0.5412,8.6895
2026-07-20T16:55:49.435,33.1348,-0.13,9.5511
2026-07-20T16:55:49.435,33.1368,-0.0517,9.9819
2026-07-20T16:55:49.458,33.1428,0.3008,10.1385
2026-07-20T16:55:49.470,33.1459,0.7903,10.6868
2026-07-20T16:55:49.470,33.1468,1.0644,11.3917
2026-07-20T16:55:49.483,33.1788,1.4169,11.6462
2026-07-20T16:55:49.497,33.1788,1.5343,12.3511
2026-07-20T16:55:49.509,33.1947,1.6127,12.7428
2026-07-20T16:55:49.518,33.1962,1.456,12.547
2026-07-20T16:55:49.519,33.1962,1.8672,12.6449
2026-07-20T16:55:49.535,33.2318,1.9847,13.2323
2026-07-20T16:55:49.535,33.2349,1.8085,13.3693
2026-07-20T16:55:49.551,33.2369,1.9651,13.1735
2026-07-20T16:55:49.569,33.2409,2.2001,13.3693
2026-07-20T16:55:49.569,33.2429,1.8868,13.3302
2026-07-20T16:55:49.598,33.2819,2.1218,13.4085
2026-07-20T16:55:49.598,33.2829,2.3959,13.4672
2026-07-20T16:55:49.606,33.2869,2.298,13.7414
2026-07-20T16:55:49.617,33.2929,2.1805,13.3302
2026-07-20T16:55:49.619,33.3135,2.3176,13.1931
2026-07-20T16:55:49.639,33.3135,2.0826,13.2127
2026-07-20T16:55:49.649,33.3319,1.8672,13.0365
2026-07-20T16:55:49.658,33.3369,2.1022,12.9581
2026-07-20T16:55:49.664,33.3389,2.1805,13.3106
2026-07-20T16:55:49.669,33.3632,1.926,13.2127
2026-07-20T16:55:49.686,33.3632,2.1218,12.7819
2026-07-20T16:55:49.686,33.3632,2.1805,12.9973
2026-07-20T16:55:49.704,33.3632,1.9455,12.7036
2026-07-20T16:55:49.716,33.4126,1.6518,12.2337
2026-07-20T16:55:49.727,33.4126,1.8868,12.1162
2026-07-20T16:55:49.736,33.4126,1.5735,11.8616
2026-07-20T16:55:49.736,33.4126,1.319,11.2938
2026-07-20T16:55:49.751,33.4313,1.2015,11.0197
2026-07-20T16:55:49.768,33.4593,0.9273,11.0392
2026-07-20T16:55:49.783,33.4613,0.8686,11.0392
2026-07-20T16:55:49.785,33.465,1.319,11.235
2026-07-20T16:55:49.785,33.47,1.5735,11.6267
2026-07-20T16:55:49.804,33.475,1.221,11.7441
2026-07-20T16:55:49.817,33.4978,1.319,11.4308
2026-07-20T16:55:49.828,33.4978,1.319,11.47
2026-07-20T16:55:49.837,33.5129,0.9469,11.1176
2026-07-20T16:55:49.847,33.516,0.8686,10.863
2026-07-20T16:55:49.868,33.5444,1.2015,10.8043
2026-07-20T16:55:49.868,33.5444,1.0057,10.8826
2026-07-20T16:55:49.870,33.5475,0.6924,10.491
2026-07-20T16:55:49.885,33.5475,0.9469,10.256
2026-07-20T16:55:49.898,33.5877,1.084,10.491
2026-07-20T16:55:49.912,33.5907,0.7707,10.3735
2026-07-20T16:55:49.920,33.6074,0.9273,10.0015
2026-07-20T16:55:49.920,33.6133,1.0252,10.1385
2026-07-20T16:55:49.937,33.6471,0.7315,10.1777
2026-07-20T16:55:49.953,33.6471,0.8686,10.021
2026-07-20T16:55:49.963,33.6471,1.0448,10.1189
2026-07-20T16:55:49.987,33.6623,0.8294,10.1777
2026-07-20T16:55:49.987,33.6623,0.8099,10.0798
2026-07-20T16:55:49.987,33.6623,1.0644,10.0798
2026-07-20T16:55:50.003,33.7015,0.9469,10.2168
2026-07-20T16:55:50.019,33.7025,1.0644,9.9623
2026-07-20T16:55:50.019,33.7055,1.1231,10.1581
2026-07-20T16:55:50.019,33.7095,1.1427,10.491
2026-07-20T16:55:50.035,33.7135,0.9078,10.4518
2026-07-20T16:55:50.035,33.7318,1.319,10.256
2026-07-20T16:55:50.066,33.7463,1.221,10.6476
2026-07-20T16:55:50.066,33.7463,0.9469,10.628
2026-07-20T16:55:50.077,33.7463,1.4169,10.7455
2026-07-20T16:55:50.090,33.7627,1.3581,11.2546
2026-07-20T16:55:50.100,33.7936,1.3581,11.0588
2026-07-20T16:55:50.104,33.7967,1.5735,11.3721
2026-07-20T16:55:50.118,33.7967,2.0826,12.1553
2026-07-20T16:55:50.119,33.7967,2.2001,12.5861
2026-07-20T16:55:50.137,33.7967,2.3763,12.8015
2026-07-20T16:55:50.147,33.837,3.0421,13.5652
2026-07-20T16:55:50.160,33.841,3.1008,14.2896
2026-07-20T16:55:50.168,33.843,3.4924,14.8183
2026-07-20T16:55:50.169,33.8475,4.1582,15.5428
2026-07-20T16:55:50.185,33.8807,4.7847,16.5806
2026-07-20T16:55:50.203,33.8858,4.8827,16.8547
2026-07-20T16:55:50.208,33.8887,5.8617,17.3247
2026-07-20T16:55:50.220,33.8927,6.1554,18.1666
2026-07-20T16:55:50.220,33.8971,6.5079,18.6366
2026-07-20T16:55:50.243,33.913,7.1932,18.9107
2026-07-20T16:55:50.249,33.9302,7.7219,19.4785
2026-07-20T16:55:50.260,33.9331,7.8002,19.6156
2026-07-20T16:55:50.269,33.94,8.2114,19.5177
2026-07-20T16:55:50.269,33.9699,8.5638,19.7135
2026-07-20T16:55:50.285,33.9729,8.6226,20.0855
2026-07-20T16:55:50.285,33.9739,8.8575,20.0464
2026-07-20T16:55:50.311,33.9789,9.3275,20.5163
2026-07-20T16:55:50.314,33.9847,9.1513,20.8688
2026-07-20T16:55:50.336,34.0169,9.1904,20.81
2026-07-20T16:55:50.336,34.018,9.5429,20.8884
2026-07-20T16:55:50.350,34.023,9.4058,20.9079
2026-07-20T16:55:50.357,34.027,9.3471,20.7905
2026-07-20T16:55:50.369,34.0473,9.445,20.7709
2026-07-20T16:55:50.369,34.0473,9.7778,21.1037
2026-07-20T16:55:50.389,34.0649,9.6408,21.1821
2026-07-20T16:55:50.399,34.0709,10.0128,21.2408
2026-07-20T16:55:50.413,34.1013,10.1695,21.4562
2026-07-20T16:55:50.420,34.1043,9.9345,21.5737
2026-07-20T16:55:50.435,34.1123,10.0324,21.1625
2026-07-20T16:55:50.442,34.113,10.2478,21.0842
2026-07-20T16:55:50.445,34.1172,10.0324,21.1821
2026-07-20T16:55:50.452,34.146,9.8562,20.8492
2026-07-20T16:55:50.467,34.146,10.189,20.7905
2026-07-20T16:55:50.484,34.146,10.2086,20.9667
2026-07-20T16:55:50.490,34.146,10.0324,20.673
2026-07-20T16:55:50.505,34.1871,10.3653,20.6925
2026-07-20T16:55:50.505,34.1871,10.1303,20.8688
2026-07-20T16:55:50.518,34.1901,9.9541,20.438
2026-07-20T16:55:50.518,34.196,10.052,20.4967
2026-07-20T16:55:50.534,34.2286,9.8757,20.6925
2026-07-20T16:55:50.534,34.2286,9.4841,20.3793
2026-07-20T16:55:50.556,34.2328,9.6212,20.203
2026-07-20T16:55:50.567,34.2328,9.6016,20.203
2026-07-20T16:55:50.582,34.2638,9.5625,20.203
2026-07-20T16:55:50.585,34.2638,9.5625,19.9093
2026-07-20T16:55:50.601,34.2638,9.6604,20.1443
2026-07-20T16:55:50.605,34.2638,9.4645,19.9485
2026-07-20T16:55:50.623,34.3084,9.3471,19.8114
2026-07-20T16:55:50.633,34.3134,9.6408,19.7527
2026-07-20T16:55:50.636,34.3134,9.4841,20.0464
2026-07-20T16:55:50.636,34.3134,9.3862,19.8114
2026-07-20T16:55:50.660,34.3532,9.6212,19.7918
2026-07-20T16:55:50.674,34.3552,9.4058,20.0464
2026-07-20T16:55:50.686,34.3602,9.2296,19.9876
2026-07-20T16:55:50.686,34.3651,9.6604,19.6743
2026-07-20T16:55:50.686,34.366,9.5429,19.7723
2026-07-20T16:55:50.718,34.3801,9.3666,19.7135
2026-07-20T16:55:50.718,34.3801,9.5037,19.5373
2026-07-20T16:55:50.728,34.3959,9.6604,19.7331
2026-07-20T16:55:50.737,34.3959,9.4645,19.9289
2026-07-20T16:55:50.752,34.4286,9.4645,19.831
2026-07-20T16:55:50.752,34.43,9.817,19.9485
2026-07-20T16:55:50.768,34.4367,9.4058,20.066
2026-07-20T16:55:50.768,34.4407,9.5233,19.8114
2026-07-20T16:55:50.784,34.4699,9.7191,19.7527
2026-07-20T16:55:50.784,34.472,9.4841,20.0268
2026-07-20T16:55:50.809,34.478,9.3862,19.8702
2026-07-20T16:55:50.818,34.4843,9.6799,19.7331
2026-07-20T16:55:50.835,34.517,9.6995,19.8114
2026-07-20T16:55:50.835,34.518,9.3862,19.7723
2026-07-20T16:55:50.848,34.526,9.7583,19.4981
2026-07-20T16:55:50.857,34.5307,9.6408,19.596
2026-07-20T16:55:50.881,34.5537,9.5429,19.5764
2026-07-20T16:55:50.887,34.5636,9.4058,19.5177
2026-07-20T16:55:50.890,34.5686,9.6016,19.3611
2026-07-20T16:55:50.897,34.5732,9.5233,19.7135
2026-07-20T16:55:50.905,34.6084,9.2687,19.7135
2026-07-20T16:55:50.926,34.6139,9.5625,19.6548
2026-07-20T16:55:50.926,34.6139,9.5625,19.8506
2026-07-20T16:55:50.936,34.6139,9.2883,19.9289
2026-07-20T16:55:50.952,34.6139,9.4058,19.8114
2026-07-20T16:55:50.962,34.6528,9.6408,19.9876
2026-07-20T16:55:50.977,34.6613,9.3862,19.9681
2026-07-20T16:55:50.980,34.6613,9.5233,19.6743
2026-07-20T16:55:50.986,34.6613,9.7387,19.8506
2026-07-20T16:55:50.986,34.6799,9.3275,19.9876
2026-07-20T16:55:51.011,34.7148,9.4254,19.7135
2026-07-20T16:55:51.018,34.7148,9.7974,19.7331
2026-07-20T16:55:51.025,34.7148,9.3666,19.7527
2026-07-20T16:55:51.034,34.723,9.3471,19.6156
2026-07-20T16:55:51.052,34.7291,9.6604,19.5373
2026-07-20T16:55:51.057,34.7311,9.445,19.7723
2026-07-20T16:55:51.080,34.763,9.1513,19.4981
2026-07-20T16:55:51.080,34.763,9.3666,19.3806
2026-07-20T16:55:51.087,34.7682,9.3275,19.4981
2026-07-20T16:55:51.095,34.7753,8.9946,19.2436
2026-07-20T16:55:51.105,34.7792,9.1317,19.0869
2026-07-20T16:55:51.129,34.8109,8.7596,19.0673
2026-07-20T16:55:51.129,34.8109,8.368,18.852
2026-07-20T16:55:51.141,34.8109,8.1526,18.4212
2026-07-20T16:55:51.152,34.8269,8.0743,18.4799
2026-07-20T16:55:51.152,34.861,7.8589,18.5778
2026-07-20T16:55:51.177,34.8691,7.761,18.2254
2026-07-20T16:55:51.177,34.8701,7.9764,18.1471
2026-07-20T16:55:51.183,34.8741,7.5652,18.0883
2026-07-20T16:55:51.202,34.8801,7.2519,17.7554
2026-07-20T16:55:51.206,34.9136,7.3498,17.4813
2026-07-20T16:55:51.226,34.9136,7.2911,17.6575
2026-07-20T16:55:51.231,34.9136,6.8799,17.2268
2026-07-20T16:55:51.245,34.9136,6.9386,16.9135
2026-07-20T16:55:51.245,34.9279,6.9582,16.9918
2026-07-20T16:55:51.252,34.9597,6.547,16.8547
2026-07-20T16:55:51.252,34.9651,6.5079,16.326
2026-07-20T16:55:51.268,34.9711,6.3708,16.326
2026-07-20T16:55:51.286,34.9761,6.0379,16.0323
2026-07-20T16:55:51.286,34.9801,6.0183,15.7974
2026-07-20T16:55:51.306,34.9801,6.1946,15.719
2026-07-20T16:55:51.328,35.021,5.9009,15.6995
2026-07-20T16:55:51.328,35.024,5.568,15.2687
2026-07-20T16:55:51.337,35.0301,5.7246,15.2491
2026-07-20T16:55:51.348,35.0357,5.5876,15.2491
2026-07-20T16:55:51.352,35.0397,5.333,14.8575
2026-07-20T16:55:51.380,35.0619,5.4309,14.9554
2026-07-20T16:55:51.384,35.0794,5.2155,14.9162
2026-07-20T16:55:51.392,35.0794,4.9806,14.5834
2026-07-20T16:55:51.408,35.0832,5.1176,14.5442
2026-07-20T16:55:51.412,35.0832,5.1764,14.6813
2026-07-20T16:55:51.412,35.0832,4.8631,14.5442
2026-07-20T16:55:51.434,35.129,4.961,14.2896
2026-07-20T16:55:51.434,35.131,5.0001,14.7008
2026-07-20T16:55:51.449,35.1336,4.5106,14.2701
2026-07-20T16:55:51.455,35.1336,4.5106,14.0351
2026-07-20T16:55:51.455,35.1336,4.8435,14.1722
2026-07-20T16:55:51.480,35.186,4.491,14.3092
2026-07-20T16:55:51.496,35.191,4.4715,14.0155
2026-07-20T16:55:51.498,35.192,4.5889,14.1917
2026-07-20T16:55:51.506,35.1973,4.3736,14.3288
2026-07-20T16:55:51.519,35.2054,4.2952,13.9763
2026-07-20T16:55:51.519,35.234,4.5302,14.133
2026-07-20T16:55:51.536,35.234,4.2169,14.0938
2026-07-20T16:55:51.548,35.2473,4.4519,14.0743
2026-07-20T16:55:51.558,35.2473,4.6673,14.1722
2026-07-20T16:55:51.570,35.2473,4.4127,14.3092
2026-07-20T16:55:51.577,35.2473,4.2365,13.9959
2026-07-20T16:55:51.591,35.296,4.5498,14.1917
2026-07-20T16:55:51.603,35.3024,4.4127,14.4659
2026-07-20T16:55:51.606,35.3059,4.5889,14.2309
2026-07-20T16:55:51.618,35.3109,4.6477,14.5638
2026-07-20T16:55:51.620,35.3139,4.4519,14.5638
2026-07-20T16:55:51.637,35.3563,4.5302,14.4267
2026-07-20T16:55:51.639,35.3624,4.9806,14.4071
2026-07-20T16:55:51.661,35.3691,4.7652,14.8183
2026-07-20T16:55:51.668,35.3751,4.726,14.6617
2026-07-20T16:55:51.680,35.378,5.2351,15.0141
2026-07-20T16:55:51.686,35.3804,5.1176,15.3078
2026-07-20T16:55:51.686,35.3804,4.9218,15.2491
2026-07-20T16:55:51.711,35.4178,5.333,15.2883
2026-07-20T16:55:51.725,35.4259,5.3722,15.7582
2026-07-20T16:55:51.734,35.4292,5.1764,15.7778
2026-07-20T16:55:51.741,35.4347,5.4505,15.7582
2026-07-20T16:55:51.750,35.4347,5.4897,15.9736
2026-07-20T16:55:51.753,35.4451,5.2938,15.7582
2026-07-20T16:55:51.784,35.479,5.4113,15.6407
2026-07-20T16:55:51.784,35.479,5.705,15.9344
2026-07-20T16:55:51.784,35.48,5.4701,15.7582
2026-07-20T16:55:51.802,35.48,5.6855,15.954
2026-07-20T16:55:51.807,35.48,5.7834,16.189
2026-07-20T16:55:51.823,35.48,5.5484,16.0323
2026-07-20T16:55:51.833,35.524,5.4309,15.6603
2026-07-20T16:55:51.843,35.5308,5.4505,15.7778
2026-07-20T16:55:51.851,35.5337,4.961,15.5624
2026-07-20T16:55:51.852,35.5384,5.1764,15.2099
2026-07-20T16:55:51.852,35.5384,5.098,15.3666
2026-07-20T16:55:51.887,35.564,4.9218,15.2883
2026-07-20T16:55:51.890,35.564,5.1176,15.0729
2026-07-20T16:55:51.906,35.564,5.1176,15.1708
2026-07-20T16:55:51.910,35.5806,4.726,15.0337
2026-07-20T16:55:51.920,35.6137,4.7847,14.7792
2026-07-20T16:55:51.920,35.6207,4.8043,15.1904
2026-07-20T16:55:51.936,35.6228,4.5889,15.0141
2026-07-20T16:55:51.953,35.6296,4.7064,14.8183
2026-07-20T16:55:51.962,35.6348,4.9022,15.0141
2026-07-20T16:55:51.972,35.6676,4.4323,14.9554
2026-07-20T16:55:51.984,35.6736,4.6673,14.6617
2026-07-20T16:55:51.993,35.6756,4.8239,14.9358
2026-07-20T16:55:51.995,35.6796,4.2952,14.8183
2026-07-20T16:55:52.007,35.6796,4.4323,14.368
2026-07-20T16:55:52.019,35.718,4.5498,14.6225
2026-07-20T16:55:52.034,35.7211,4.2756,14.6225
2026-07-20T16:55:52.040,35.7221,4.2561,14.2113
2026-07-20T16:55:52.052,35.7271,4.3148,14.4463
2026-07-20T16:55:52.052,35.73,3.9624,14.3484
2026-07-20T16:55:52.076,35.7704,4.1777,14.0938
2026-07-20T16:55:52.085,35.7714,4.2756,14.0547
2026-07-20T16:55:52.087,35.7744,4.0211,14.1722
2026-07-20T16:55:52.098,35.7797,3.9819,13.761
2026-07-20T16:55:52.108,35.7889,4.2952,13.898
2026-07-20T16:55:52.135,35.8135,4.119,14.0938
2026-07-20T16:55:52.136,35.8135,3.8645,13.761
2026-07-20T16:55:52.143,35.8135,4.0603,14.0547
2026-07-20T16:55:52.147,35.8135,3.9624,14.2113
2026-07-20T16:55:52.160,35.8337,3.8057,13.9568
2026-07-20T16:55:52.169,35.8637,4.0994,13.6631
2026-07-20T16:55:52.169,35.8637,3.9819,13.9568
2026-07-20T16:55:52.186,35.8728,3.7274,13.898
2026-07-20T16:55:52.186,35.8805,3.9819,13.6239
2026-07-20T16:55:52.211,35.8884,3.9819,13.9568
2026-07-20T16:55:52.221,35.9128,3.8057,13.898
2026-07-20T16:55:52.231,35.9128,3.9036,13.7218
2026-07-20T16:55:52.236,35.9128,4.0211,13.9568
2026-07-20T16:55:52.261,35.9288,3.8057,13.9372
2026-07-20T16:55:52.263,35.9288,3.9624,13.6435
2026-07-20T16:55:52.272,35.9655,4.0603,13.8589
2026-07-20T16:55:52.285,35.9685,3.9036,13.8784
2026-07-20T16:55:52.285,35.9725,3.9428,13.6239
2026-07-20T16:55:52.301,35.9775,4.0798,13.9372
2026-07-20T16:55:52.301,35.9805,3.747,13.9372
2026-07-20T16:55:52.318,36.0138,3.884,13.7414
2026-07-20T16:55:52.331,36.0168,4.2169,14.0155
2026-07-20T16:55:52.341,36.0198,4.1582,14.2309
2026-07-20T16:55:52.353,36.0249,4.0211,13.9568
2026-07-20T16:55:52.353,36.0476,4.2365,13.8589
2026-07-20T16:55:52.369,36.0476,3.8645,14.0938
2026-07-20T16:55:52.380,36.0476,3.8253,13.7414
2026-07-20T16:55:52.389,36.0476,4.0015,13.9176
2026-07-20T16:55:52.399,36.0639,3.8253,13.8197
2026-07-20T16:55:52.420,36.0985,3.7274,13.7218
2026-07-20T16:55:52.420,36.102,3.884,13.761
2026-07-20T16:55:52.420,36.1091,3.8645,14.0547
2026-07-20T16:55:52.436,36.1141,3.6882,13.8589
2026-07-20T16:55:52.452,36.1356,4.0015,13.898
2026-07-20T16:55:52.464,36.1469,4.0798,14.3288
2026-07-20T16:55:52.474,36.1469,3.9624,14.2113
2026-07-20T16:55:52.481,36.1469,4.0015,14.133
2026-07-20T16:55:52.486,36.1469,4.0211,14.3875
2026-07-20T16:55:52.486,36.1796,3.6882,14.2309
2026-07-20T16:55:52.508,36.1796,3.9819,14.0743
2026-07-20T16:55:52.519,36.1982,3.9036,14.3092
2026-07-20T16:55:52.519,36.2021,3.8057,13.9959
2026-07-20T16:55:52.534,36.2359,3.884,13.7805
2026-07-20T16:55:52.551,36.2359,3.9232,14.1526
2026-07-20T16:55:52.552,36.2359,3.7078,14.0547
2026-07-20T16:55:52.570,36.2466,3.9232,13.7414
2026-07-20T16:55:52.579,36.2466,3.7861,13.8784
2026-07-20T16:55:52.600,36.2818,3.4141,13.9568
2026-07-20T16:55:52.600,36.2827,3.4728,13.6435
2026-07-20T16:55:52.608,36.2868,3.7274,13.7805
2026-07-20T16:55:52.619,36.2897,3.277,13.8197
2026-07-20T16:55:52.619,36.2957,3.1987,13.6435
2026-07-20T16:55:52.637,36.3124,3.3749,13.7805
2026-07-20T16:55:52.650,36.3344,3.0029,13.6631
2026-07-20T16:55:52.659,36.342,3.1791,13.5652
2026-07-20T16:55:52.668,36.3473,3.1595,13.6631
2026-07-20T16:55:52.669,36.3787,3.1008,13.8393
2026-07-20T16:55:52.685,36.3787,3.0225,13.7414
2026-07-20T16:55:52.705,36.3797,3.1791,13.7218
2026-07-20T16:55:52.720,36.3797,2.9637,13.8393
2026-07-20T16:55:52.720,36.3797,2.6504,13.5652
2026-07-20T16:55:52.734,36.4124,3.0421,13.5456
2026-07-20T16:55:52.746,36.4124,2.7483,13.6239
2026-07-20T16:55:52.751,36.4124,2.5134,13.5847
2026-07-20T16:55:52.752,36.4299,2.8463,13.7022
2026-07-20T16:55:52.773,36.4698,2.8267,14.0938
2026-07-20T16:55:52.785,36.4728,2.7483,13.9372
2026-07-20T16:55:52.785,36.4739,3.14,14.0743
2026-07-20T16:55:52.799,36.479,3.1791,14.8575
2026-07-20T16:55:52.809,36.48,3.1595,15.2491
2026-07-20T16:55:52.818,36.5127,3.6882,15.9344
2026-07-20T16:55:52.834,36.5161,3.884,16.6785
2026-07-20T16:55:52.845,36.52,3.8253,17.0505
2026-07-20T16:55:52.845,36.5222,4.2365,17.5205
2026-07-20T16:55:52.852,36.5272,4.5498,18.2058
2026-07-20T16:55:52.868,36.5475,4.4715,18.4799
2026-07-20T16:55:52.868,36.5475,4.6477,18.4603
2026-07-20T16:55:52.891,36.5475,4.9218,19.1652
2026-07-20T16:55:52.901,36.564,4.8631,19.3611
2026-07-20T16:55:52.911,36.5984,5.3526,19.596
2026-07-20T16:55:52.920,36.6034,5.568,20.1443
2026-07-20T16:55:52.920,36.6094,5.5484,20.3793
2026-07-20T16:55:52.936,36.6124,5.705,20.5751
2026-07-20T16:55:52.956,36.6367,6.0967,20.8492
2026-07-20T16:55:52.964,36.6367,6.0575,21.1429
2026-07-20T16:55:52.970,36.6453,6.0967,20.9863
2026-07-20T16:55:52.982,36.6453,6.4883,21.2212
2026-07-20T16:55:52.986,36.6799,6.4687,21.5933
2026-07-20T16:55:53.002,36.6799,6.3904,21.3583
2026-07-20T16:55:53.002,36.6799,6.782,21.28
2026-07-20T16:55:53.018,36.6799,6.8407,21.652
2026-07-20T16:55:53.018,36.6999,6.6449,21.6128
2026-07-20T16:55:53.033,36.7252,6.782,21.6912
2026-07-20T16:55:53.033,36.7252,6.9582,22.0045
2026-07-20T16:55:53.052,36.7302,6.7232,21.9457
2026-07-20T16:55:53.068,36.737,6.9191,21.5933
2026-07-20T16:55:53.083,36.767,7.0365,21.9849
2026-07-20T16:55:53.091,36.77,6.6841,21.8478
2026-07-20T16:55:53.098,36.772,6.8407,21.4562
2026-07-20T16:55:53.109,36.7789,7.1149,21.7303
2026-07-20T16:55:53.119,36.7973,6.9582,21.8282
2026-07-20T16:55:53.134,36.7973,6.9778,21.6324
2026-07-20T16:55:53.138,36.7973,7.017,21.7695
2026-07-20T16:55:53.151,36.8148,6.9386,21.652
2026-07-20T16:55:53.161,36.8373,7.2323,21.417
2026-07-20T16:55:53.170,36.8474,7.1149,21.8478
2026-07-20T16:55:53.170,36.8534,7.0757,21.7303
2026-07-20T16:55:53.192,36.8565,7.2323,21.5345
2026-07-20T16:55:53.201,36.8791,7.5652,21.7107
2026-07-20T16:55:53.210,36.8801,7.4086,21.8674
2026-07-20T16:55:53.219,36.8801,7.4086,21.5345
2026-07-20T16:55:53.229,36.8801,7.6631,21.5737
2026-07-20T16:55:53.239,36.9129,7.4869,21.7303
2026-07-20T16:55:53.248,36.9129,7.2323,21.3779
2026-07-20T16:55:53.252,36.9129,7.5065,21.28
2026-07-20T16:55:53.268,36.9514,7.4086,21.4366
2026-07-20T16:55:53.268,36.9544,7.2323,21.3387
2026-07-20T16:55:53.285,36.9564,7.5065,21.1233
2026-07-20T16:55:53.285,36.9584,7.4282,21.3975
2026-07-20T16:55:53.310,36.9806,7.2715,21.28
2026-07-20T16:55:53.310,36.9806,7.4086,21.1821
2026-07-20T16:55:53.331,36.9806,7.5261,21.2996
2026-07-20T16:55:53.342,37.022,7.2911,21.2604
2026-07-20T16:55:53.352,37.0261,7.4869,21.2016
2026-07-20T16:55:53.353,37.0296,7.5848,21.417
2026-07-20T16:55:53.370,37.0358,7.2715,21.2604
2026-07-20T16:55:53.380,37.0626,7.389,21.0254
2026-07-20T16:55:53.387,37.0626,7.5848,21.1233
2026-07-20T16:55:53.398,37.0626,7.2128,21.0254
2026-07-20T16:55:53.408,37.0626,7.4086,20.6925
2026-07-20T16:55:53.419,37.0985,7.4477,21.0842
2026-07-20T16:55:53.419,37.0985,7.2519,21.1037
2026-07-20T16:55:53.435,37.0985,7.2519,21.045
2026-07-20T16:55:53.451,37.0985,7.5652,21.2016
2026-07-20T16:55:53.471,37.1421,7.3498,21.1037
2026-07-20T16:55:53.471,37.1441,7.3498,20.8296
2026-07-20T16:55:53.471,37.1471,7.5456,20.8688
2026-07-20T16:55:53.495,37.1704,7.2911,20.9471
2026-07-20T16:55:53.497,37.1833,7.3302,20.7121
2026-07-20T16:55:53.514,37.1863,7.4869,20.7513
2026-07-20T16:55:53.519,37.1903,7.2128,20.7121
2026-07-20T16:55:53.519,37.2178,7.0953,20.5359
2026-07-20T16:55:53.543,37.2208,7.2911,20.5163
2026-07-20T16:55:53.551,37.2238,6.9974,20.5751
2026-07-20T16:55:53.559,37.2278,6.8799,20.2422
2026-07-20T16:55:53.567,37.2329,6.9974,20.438
2026-07-20T16:55:53.586,37.2464,6.9386,20.5555
2026-07-20T16:55:53.593,37.2629,6.9974,20.1051
2026-07-20T16:55:53.605,37.2691,6.9386,20.2226
2026-07-20T16:55:53.607,37.2721,6.6645,20.3205
2026-07-20T16:55:53.619,37.2976,6.6841,19.9485
2026-07-20T16:55:53.619,37.2976,6.7624,20.0268
2026-07-20T16:55:53.644,37.2976,6.5079,20.0855
2026-07-20T16:55:53.654,37.3294,6.3904,19.8114
2026-07-20T16:55:53.663,37.3294,6.547,19.8897
2026-07-20T16:55:53.670,37.3294,6.312,19.8114
2026-07-20T16:55:53.670,37.3378,6.312,19.4002
2026-07-20T16:55:53.702,37.374,6.6058,19.3415
2026-07-20T16:55:53.702,37.3761,6.3512,19.4394
2026-07-20T16:55:53.710,37.3801,6.1946,19.0478
2026-07-20T16:55:53.740,37.4048,6.4295,18.9694
2026-07-20T16:55:53.740,37.4048,6.2141,18.9303
2026-07-20T16:55:53.740,37.412,5.8225,18.4603
2026-07-20T16:55:53.748,37.412,6.175,18.2645
2026-07-20T16:55:53.752,37.4431,5.7638,18.3233
2026-07-20T16:55:53.768,37.4545,5.3918,17.8925
2026-07-20T16:55:53.777,37.4584,5.705,17.6967
2026-07-20T16:55:53.784,37.4624,5.6659,17.5988
2026-07-20T16:55:53.812,37.4785,5.3134,17.0309
2026-07-20T16:55:53.812,37.4785,5.3722,16.5218
2026-07-20T16:55:53.827,37.4785,5.1764,16.5023
2026-07-20T16:55:53.835,37.497,5.098,15.954
2026-07-20T16:55:53.835,37.5,5.2938,15.7974
2026-07-20T16:55:53.851,37.5272,4.8631,15.6407
2026-07-20T16:55:53.851,37.5292,4.5302,15.1316
2026-07-20T16:55:53.872,37.5357,4.6281,14.6421
2026-07-20T16:55:53.891,37.5473,4.1582,14.4071
2026-07-20T16:55:53.891,37.5632,3.4924,13.8001
2026-07-20T16:55:53.899,37.5632,3.2966,13.2323
2026-07-20T16:55:53.908,37.5632,2.5917,12.8015
2026-07-20T16:55:53.920,37.6022,1.4756,11.6462
2026-07-20T16:55:53.920,37.6062,0.6532,10.628
2026-07-20T16:55:53.936,37.6151,-0.7762,9.4924
2026-07-20T16:55:53.936,37.6221,-2.1273,7.6126
2026-07-20T16:55:53.960,37.646,-3.2238,5.8503
2026-07-20T16:55:53.968,37.646,-4.477,4.4993
2026-07-20T16:55:53.979,37.646,-5.7301,2.6195
2026-07-20T16:55:53.994,37.6618,-6.3371,0.9943
2026-07-20T16:55:54.002,37.6947,-7.2574,0.1915
2026-07-20T16:55:54.011,37.6996,-7.9623,-0.9834
2026-07-20T16:55:54.018,37.7065,-8.0015,-2.0407
2026-07-20T16:55:54.018,37.7065,-8.0798,-2.4519
2026-07-20T16:55:54.034,37.7126,-8.6477,-3.2939
2026-07-20T16:55:54.060,37.7388,-8.4518,-3.9988
2026-07-20T16:55:54.060,37.7472,-8.3539,-4.038
2026-07-20T16:55:54.071,37.7512,-8.5497,-4.6841
2026-07-20T16:55:54.079,37.7553,-8.3539,-5.2324
2026-07-20T16:55:54.085,37.7583,-8.1973,-5.0562
2026-07-20T16:55:54.085,37.7793,-8.3539,-5.5848
2026-07-20T16:55:54.101,37.7793,-7.9819,-5.5653
2026-07-20T16:55:54.124,37.7947,-8.0015,-5.624
2026-07-20T16:55:54.131,37.7947,-8.3735,-5.8198
2026-07-20T16:55:54.144,37.8268,-8.0798,-6.0939
2026-07-20T16:55:54.152,37.8299,-8.0211,-5.7611
2026-07-20T16:55:54.152,37.8299,-8.3735,-5.8198
2026-07-20T16:55:54.167,37.8299,-8.2365,-5.9177
2026-07-20T16:55:54.177,37.8388,-8.1386,-5.4673
2026-07-20T16:55:54.189,37.87,-8.3148,-5.6827
2026-07-20T16:55:54.202,37.873,-7.884,-5.5653
2026-07-20T16:55:54.202,37.875,-7.7665,-5.4869
2026-07-20T16:55:54.225,37.8961,-8.0406,-5.2911
2026-07-20T16:55:54.235,37.8961,-7.8644,-5.5457
2026-07-20T16:55:54.241,37.8961,-7.6686,-5.2715
2026-07-20T16:55:54.246,37.8961,-8.0211,-5.4086
2026-07-20T16:55:54.252,37.9296,-8.0015,-5.5457
2026-07-20T16:55:54.268,37.9296,-7.7274,-5.4869
2026-07-20T16:55:54.268,37.9296,-7.9036,-5.2715
2026-07-20T16:55:54.284,37.963,-7.9232,-5.5848
2026-07-20T16:55:54.300,37.9651,-7.7861,-5.4282
2026-07-20T16:55:54.302,37.9672,-7.884,-5.2715
2026-07-20T16:55:54.321,37.9801,-7.8253,-5.4673
2026-07-20T16:55:54.333,37.9801,-7.7469,-5.4282
2026-07-20T16:55:54.337,37.9801,-8.1386,-5.3499
2026-07-20T16:55:54.352,38.0233,-8.119,-5.4673
2026-07-20T16:55:54.352,38.0243,-7.9232,-5.2324
2026-07-20T16:55:54.369,38.051,-8.0406,-5.2715
2026-07-20T16:55:54.369,38.053,-7.9819,-5.5457
2026-07-20T16:55:54.392,38.053,-7.8253,-5.4673
2026-07-20T16:55:54.398,38.055,-8.0798,-5.1932
2026-07-20T16:55:54.419,38.0797,-7.9623,-5.5261
2026-07-20T16:55:54.419,38.0797,-7.9623,-5.389
2026-07-20T16:55:54.427,38.0797,-8.1581,-5.3499
2026-07-20T16:55:54.441,38.1104,-7.9036,-5.4673
2026-07-20T16:55:54.452,38.1104,-7.9232,-5.1736
2026-07-20T16:55:54.452,38.1142,-8.0602,-5.2911
2026-07-20T16:55:54.480,38.1388,-7.9819,-5.4282
2026-07-20T16:55:54.480,38.1388,-7.8253,-5.3303
2026-07-20T16:55:54.488,38.1641,-8.0798,-5.2715
2026-07-20T16:55:54.503,38.1641,-8.0602,-5.3499
2026-07-20T16:55:54.503,38.1641,-7.7274,-5.4673
2026-07-20T16:55:54.535,38.1958,-7.9623,-5.2911
2026-07-20T16:55:54.536,38.1962,-8.0602,-5.4282
2026-07-20T16:55:54.536,38.1984,-7.7274,-5.5065
2026-07-20T16:55:54.553,38.2182,-7.9623,-5.252
2026-07-20T16:55:54.565,38.2182,-8.1386,-5.2911
2026-07-20T16:55:54.570,38.2277,-7.8057,-5.4869
2026-07-20T16:55:54.581,38.2561,-7.8644,-5.2715
2026-07-20T16:55:54.591,38.2571,-8.1973,-5.2911
2026-07-20T16:55:54.591,38.2581,-7.884,-5.4478
2026-07-20T16:55:54.611,38.2838,-7.9819,-5.3107
2026-07-20T16:55:54.625,38.2858,-8.0798,-5.3499
2026-07-20T16:55:54.629,38.2868,-7.9036,-5.3694
2026-07-20T16:55:54.636,38.3128,-7.8057,-5.2324
2026-07-20T16:55:54.653,38.3138,-8.1386,-5.252
2026-07-20T16:55:54.660,38.3138,-7.9427,-5.4086
2026-07-20T16:55:54.683,38.3387,-7.8644,-5.2324
2026-07-20T16:55:54.683,38.3387,-8.0994,-5.3499
2026-07-20T16:55:54.686,38.3473,-7.7861,-5.4282
2026-07-20T16:55:54.686,38.3794,-8.0015,-5.2324
2026-07-20T16:55:54.711,38.3804,-8.2169,-5.2911
2026-07-20T16:55:54.719,38.3804,-7.9427,-5.3694
2026-07-20T16:55:54.750,38.4093,-7.8057,-5.389
2026-07-20T16:55:54.750,38.4099,-8.0994,-5.1736
2026-07-20T16:55:54.750,38.4099,-8.0406,-5.4673
2026-07-20T16:55:54.774,38.439,-7.7861,-5.3107
2026-07-20T16:55:54.779,38.44,-7.9819,-5.1736
2026-07-20T16:55:54.779,38.441,-8.1386,-5.2911
2026-07-20T16:55:54.807,38.4634,-7.7665,-5.3694
2026-07-20T16:55:54.808,38.4634,-8.1581,-5.1541
2026-07-20T16:55:54.808,38.4634,-8.1386,-5.389
2026-07-20T16:55:54.824,38.4973,-7.8253,-5.3499
2026-07-20T16:55:54.836,38.4992,-8.0211,-5.2911
2026-07-20T16:55:54.836,38.5003,-8.2365,-5.2715
2026-07-20T16:55:54.852,38.5137,-7.9036,-5.3694
2026-07-20T16:55:54.868,38.5137,-7.9819,-5.2911
2026-07-20T16:55:54.870,38.5137,-7.9232,-5.4282
2026-07-20T16:55:54.886,38.5544,-7.7861,-5.4478
2026-07-20T16:55:54.886,38.5554,-7.9427,-5.1541
2026-07-20T16:55:54.886,38.5564,-8.119,-5.3107
2026-07-20T16:55:54.914,38.5802,-8.0015,-5.3499
2026-07-20T16:55:54.925,38.5802,-7.9623,-5.1736
2026-07-20T16:55:54.931,38.6103,-8.1973,-5.2324
2026-07-20T16:55:54.936,38.6123,-7.9623,-5.3303
2026-07-20T16:55:54.936,38.613,-8.0994,-5.1541
2026-07-20T16:55:54.953,38.6302,-8.1581,-5.252
2026-07-20T16:55:54.968,38.6395,-7.9427,-5.3694
2026-07-20T16:55:54.982,38.6395,-7.9232,-5.0366
2026-07-20T16:55:54.987,38.6395,-8.2365,-5.1736
2026-07-20T16:55:55.003,38.6622,-8.119,-5.4869
2026-07-20T16:55:55.003,38.6622,-7.9427,-5.1736
2026-07-20T16:55:55.018,38.6947,-8.1973,-5.1932
2026-07-20T16:55:55.035,38.6963,-8.0406,-5.3107
2026-07-20T16:55:55.035,38.6974,-7.8448,-5.252
2026-07-20T16:55:55.051,38.7124,-8.1973,-5.252
2026-07-20T16:55:55.064,38.7124,-8.0994,-5.4086
2026-07-20T16:55:55.072,38.7124,-7.8057,-5.389
2026-07-20T16:55:55.081,38.7462,-7.9427,-5.0953
2026-07-20T16:55:55.085,38.7462,-8.2169,-5.3107
2026-07-20T16:55:55.085,38.7462,-7.7469,-5.4086
2026-07-20T16:55:55.101,38.7817,-8.0798,-5.1541
2026-07-20T16:55:55.119,38.7828,-8.0994,-5.3694
2026-07-20T16:55:55.119,38.7847,-7.9623,-5.2324
2026-07-20T16:55:55.150,38.7975,-8.0994,-5.1345
2026-07-20T16:55:55.150,38.7975,-8.119,-5.3499
2026-07-20T16:55:55.168,38.8326,-7.8057,-5.4282
2026-07-20T16:55:55.170,38.8336,-8.119,-5.1149
2026-07-20T16:55:55.170,38.8346,-8.1777,-5.2715
2026-07-20T16:55:55.203,38.8595,-7.7665,-5.4673
2026-07-20T16:55:55.203,38.8605,-8.2756,-5.1932
2026-07-20T16:55:55.209,38.88,-8.2169,-5.2911
2026-07-20T16:55:55.229,38.88,-7.9819,-5.3303
2026-07-20T16:55:55.233,38.88,-8.0798,-5.1736
2026-07-20T16:55:55.236,38.9125,-8.3735,-5.3499
2026-07-20T16:55:55.252,38.9125,-7.9036,-5.3694
2026-07-20T16:55:55.252,38.9125,-8.0994,-5.1932
2026-07-20T16:55:55.267,38.9466,-8.3539,-5.252
2026-07-20T16:55:55.285,38.9489,-8.0602,-5.4673
2026-07-20T16:55:55.285,38.9511,-8.0602,-5.1736
2026-07-20T16:55:55.302,38.9637,-8.3344,-5.3499
2026-07-20T16:55:55.314,38.9637,-8.3539,-5.389
2026-07-20T16:55:55.321,38.9637,-8.0602,-5.3499
2026-07-20T16:55:55.335,39.0083,-8.3931,-5.2911
2026-07-20T16:55:55.336,39.0103,-8.4323,-5.4869
2026-07-20T16:55:55.336,39.0133,-8.1386,-5.2911
2026-07-20T16:55:55.353,39.0414,-8.2169,-4.9582
2026-07-20T16:55:55.377,39.0445,-8.4127,-5.0562
2026-07-20T16:55:55.382,39.0474,-8.0602,-4.5079
2026-07-20T16:55:55.386,39.0514,-8.0015,-4.2925
2026-07-20T16:55:55.401,39.0634,-7.9036,-4.2142
2026-07-20T16:55:55.410,39.0794,-7.4532,-3.8617
2026-07-20T16:55:55.423,39.0794,-7.3749,-3.4114
2026-07-20T16:55:55.436,39.113,-7.4336,-3.2743
2026-07-20T16:55:55.436,39.113,-7.1791,-3.2156
2026-07-20T16:55:55.452,39.113,-7.042,-2.5302
2026-07-20T16:55:55.452,39.113,-7.0616,-2.6086
2026-07-20T16:55:55.471,39.1439,-6.7287,-2.2953
2026-07-20T16:55:55.481,39.1439,-6.5721,-1.747
2026-07-20T16:55:55.485,39.1439,-6.7679,-1.5708
2026-07-20T16:55:55.500,39.1754,-6.3567,-1.6491
2026-07-20T16:55:55.516,39.1754,-6.2392,-1.0029
2026-07-20T16:55:55.516,39.1912,-6.3959,-0.7875
2026-07-20T16:55:55.516,39.1928,-6.1413,-0.6896
2026-07-20T16:55:55.548,39.2227,-5.6714,-0.1022
2026-07-20T16:55:55.548,39.2227,-5.9847,0.1328
2026-07-20T16:55:55.548,39.2227,-5.8476,0.3677
2026-07-20T16:55:55.565,39.2227,-5.5931,0.9551
2026-07-20T16:55:55.579,39.2544,-5.828,1.2293
2026-07-20T16:55:55.579,39.2544,-5.691,1.2097
2026-07-20T16:55:55.595,39.2544,-5.5539,1.758
2026-07-20T16:55:55.611,39.2703,-5.6714,2.0908
2026-07-20T16:55:55.613,39.302,-5.5343,1.895
2026-07-20T16:55:55.627,39.302,-5.221,2.2475
2026-07-20T16:55:55.627,39.302,-5.3581,2.6782
2026-07-20T16:55:55.643,39.302,-5.2602,2.9915
2026-07-20T16:55:55.660,39.3409,-4.9469,3.5594
2026-07-20T16:55:55.674,39.3409,-5.1231,4.0881
2026-07-20T16:55:55.674,39.3409,-5.2014,4.1468
2026-07-20T16:55:55.674,39.3658,-4.9273,4.4797
2026-07-20T16:55:55.691,39.3815,-4.9861,4.793
2026-07-20T16:55:55.713,39.3815,-4.9469,4.5188
2026-07-20T16:55:55.713,39.3815,-4.5944,4.6951
2026-07-20T16:55:55.722,39.4208,-4.6923,4.793
2026-07-20T16:55:55.738,39.4219,-4.7511,4.793
2026-07-20T16:55:55.738,39.4219,-4.3203,4.8517
2026-07-20T16:55:55.754,39.4291,-4.242,5.3217
2026-07-20T16:55:55.770,39.4453,-4.4965,5.4
2026-07-20T16:55:55.785,39.4614,-4.2028,5.2433
2026-07-20T16:55:55.793,39.4614,-3.9287,5.8112
2026-07-20T16:55:55.794,39.4614,-3.9679,5.9091
2026-07-20T16:55:55.801,39.4942,-3.6937,5.9091
2026-07-20T16:55:55.818,39.5089,-3.635,6.3986
2026-07-20T16:55:55.818,39.5089,-3.635,6.4965
2026-07-20T16:55:55.834,39.5089,-3.6154,6.3203
2026-07-20T16:55:55.850,39.5089,-3.3217,6.6531
2026-07-20T16:55:55.850,39.5411,-3.5762,6.7902
2026-07-20T16:55:55.866,39.5411,-3.5175,6.6336
2026-07-20T16:55:55.881,39.5595,-3.1259,7.0252
2026-07-20T16:55:55.881,39.5595,-3.1846,7.0643
2026-07-20T16:55:55.897,39.5827,-2.793,7.2601
2026-07-20T16:55:55.913,39.5957,-2.7343,7.5734
2026-07-20T16:55:55.913,39.5977,-2.7147,7.8476
2026-07-20T16:55:55.932,39.6048,-2.6168,7.9259
2026-07-20T16:55:55.932,39.6068,-2.421,8.3567
2026-07-20T16:55:55.955,39.6354,-2.6755,8.67
2026-07-20T16:55:55.955,39.6369,-2.5972,8.4937
2026-07-20T16:55:55.972,39.6412,-2.421,8.8854
2026-07-20T16:55:55.979,39.6412,-2.5972,8.8462
2026-07-20T16:55:55.993,39.6685,-2.2839,8.8266
2026-07-20T16:55:56.008,39.6685,-2.0881,9.1986
2026-07-20T16:55:56.008,39.6685,-2.186,9.5707
2026-07-20T16:55:56.025,39.7002,-2.1468,9.3749
2026-07-20T16:55:56.035,39.7002,-1.8531,9.7469
2026-07-20T16:55:56.041,39.7002,-2.0881,9.9623
2026-07-20T16:55:56.041,39.7002,-1.9902,9.9819
2026-07-20T16:55:56.057,39.7413,-1.5594,10.1777
2026-07-20T16:55:56.073,39.7476,-1.6573,10.6085
2026-07-20T16:55:56.073,39.7476,-1.6182,10.5693
2026-07-20T16:55:56.088,39.7476,-1.2853,10.7259
2026-07-20T16:55:56.096,39.7794,-1.3636,11.1371
2026-07-20T16:55:56.105,39.7794,-1.4615,11.0784
2026-07-20T16:55:56.120,39.7794,-0.9916,11.2546
2026-07-20T16:55:56.120,39.7954,-1.1286,11.6071
2026-07-20T16:55:56.137,39.8116,-1.2265,11.6071
2026-07-20T16:55:56.152,39.8116,-0.8349,12.0379
2026-07-20T16:55:56.152,39.8284,-1.0503,12.1358
2026-07-20T16:55:56.168,39.8434,-1.0895,11.9791
2026-07-20T16:55:56.168,39.8594,-0.7174,12.0379
2026-07-20T16:55:56.184,39.8594,-0.6195,12.547
2026-07-20T16:55:56.201,39.8594,-0.8349,12.449
2026-07-20T16:55:56.201,39.891,-0.3846,12.7623
2026-07-20T16:55:56.216,39.891,-0.4237,13.291
2026-07-20T16:55:56.232,39.891,-0.2279,13.2714
2026-07-20T16:55:56.232,39.891,0.0266,13.7805
2026-07-20T16:55:56.247,39.9254,-0.0125,13.9959
2026-07-20T16:55:56.263,39.9388,-0.0125,14.0155
2026-07-20T16:55:56.263,39.9418,0.5161,14.3092
2026-07-20T16:55:56.279,39.9418,0.5749,14.7596
2026-07-20T16:55:56.279,39.9701,0.6532,14.7792
2026-07-20T16:55:56.298,39.9701,1.0057,14.9358
2026-07-20T16:55:56.311,39.986,1.1231,15.4645
2026-07-20T16:55:56.314,39.986,0.9861,15.3862
2026-07-20T16:55:56.342,40.0177,1.4364,15.6016
2026-07-20T16:55:56.342,40.0177,1.4756,16.0127
2026-07-20T16:55:56.342,40.0177,1.2406,16.0127
2026-07-20T16:55:56.358,40.0177,1.691,15.9148
2026-07-20T16:55:56.367,40.0494,1.9064,16.5023
2026-07-20T16:55:56.375,40.0494,1.6714,16.6002
2026-07-20T16:55:56.390,40.0494,2.1609,16.7568
2026-07-20T16:55:56.390,40.0662,2.3959,17.3051
2026-07-20T16:55:56.406,40.0813,2.4546,17.3051
2026-07-20T16:55:56.422,40.0813,2.9442,17.54
2026-07-20T16:55:56.422,40.0972,3.3162,18.0296
2026-07-20T16:55:56.439,40.1137,3.277,18.4603
2026-07-20T16:55:56.454,40.1291,3.6099,18.4212
2026-07-20T16:55:56.454,40.1291,3.7665,18.7345
2026-07-20T16:55:56.470,40.1291,3.5512,18.617
2026-07-20T16:55:56.470,40.1607,3.9624,18.4408
2026-07-20T16:55:56.486,40.1607,3.884,18.5387
2026-07-20T16:55:56.486,40.1607,3.884,18.4995
2026-07-20T16:55:56.501,40.1765,4.1973,18.6757
2026-07-20T16:55:56.517,40.1924,4.3148,19.2632
2026-07-20T16:55:56.533,40.2082,4.1777,19.2632
2026-07-20T16:55:56.533,40.2082,4.5106,19.1457
2026-07-20T16:55:56.549,40.2082,4.491,19.3806
2026-07-20T16:55:56.565,40.2425,4.1777,19.2632
2026-07-20T16:55:56.565,40.2425,4.5889,19.1065
2026-07-20T16:55:56.580,40.2425,4.7064,19.4198
2026-07-20T16:55:56.580,40.2562,4.5694,19.4198
2026-07-20T16:55:56.596,40.2719,5.0197,19.0869
2026-07-20T16:55:56.612,40.2719,4.9806,19.4198
2026-07-20T16:55:56.615,40.2886,4.8631,19.224
2026-07-20T16:55:56.628,40.2886,5.1568,19.1261
2026-07-20T16:55:56.628,40.3202,5.0785,19.4198
2026-07-20T16:55:56.644,40.3202,4.9022,19.3023
2026-07-20T16:55:56.661,40.3202,5.2938,19.4198
2026-07-20T16:55:56.677,40.3588,5.1176,19.6352
2026-07-20T16:55:56.684,40.3628,4.9414,19.3415
2026-07-20T16:55:56.693,40.3661,5.098,19.0282
2026-07-20T16:55:56.693,40.3731,4.9218,19.1065
2026-07-20T16:55:56.708,40.395,4.8827,18.7736
2026-07-20T16:55:56.724,40.4109,5.098,18.4016
2026-07-20T16:55:56.731,40.4109,4.9218,18.5387
2026-07-20T16:55:56.749,40.4109,4.726,18.382
2026-07-20T16:55:56.749,40.4109,5.1764,18.5582
2026-07-20T16:55:56.767,40.4431,5.1764,18.6953
2026-07-20T16:55:56.767,40.4431,4.8435,18.3037
2026-07-20T16:55:56.783,40.4431,5.0393,18.2645
2026-07-20T16:55:56.783,40.4431,5.1568,18.5778
2026-07-20T16:55:56.783,40.4745,5.0001,18.3624
2026-07-20T16:55:56.799,40.4903,5.098,18.2841
2026-07-20T16:55:56.815,40.4903,5.1959,18.5191
2026-07-20T16:55:56.831,40.4903,4.8631,18.1862
2026-07-20T16:55:56.831,40.5218,5.0393,17.9512
2026-07-20T16:55:56.847,40.5218,5.333,18.0296
2026-07-20T16:55:56.847,40.5218,5.0001,18.0491
2026-07-20T16:55:56.863,40.5376,4.9218,17.7554
2026-07-20T16:55:56.878,40.5648,5.1764,17.9708
2026-07-20T16:55:56.878,40.5648,4.9218,17.9512
2026-07-20T16:55:56.894,40.5694,4.9022,17.638
2026-07-20T16:55:56.910,40.5694,4.9806,17.7946
2026-07-20T16:55:56.916,40.6014,4.6868,17.7359
2026-07-20T16:55:56.926,40.6014,4.961,17.7163
2026-07-20T16:55:56.942,40.6014,5.1959,17.9904
2026-07-20T16:55:56.958,40.6334,4.9806,18.1079
2026-07-20T16:55:56.959,40.6334,4.8631,18.0296
2026-07-20T16:55:56.974,40.6435,5.2351,17.9121
2026-07-20T16:55:56.974,40.6435,5.0001,17.9317
2026-07-20T16:55:56.990,40.6653,4.961,17.5009
2026-07-20T16:55:56.990,40.6653,4.7652,17.7359
2026-07-20T16:55:57.006,40.681,4.5498,17.3638
2026-07-20T16:55:57.021,40.681,4.726,17.2268
2026-07-20T16:55:57.021,40.6968,5.0589,17.4421
2026-07-20T16:55:57.038,40.7126,4.8631,17.5596
2026-07-20T16:55:57.038,40.7126,4.9414,17.2659
2026-07-20T16:55:57.053,40.7126,5.3526,17.5596
2026-07-20T16:55:57.069,40.7437,5.333,17.8338
2026-07-20T16:55:57.069,40.7437,5.2938,17.8925
2026-07-20T16:55:57.085,40.7607,5.5876,17.9121
2026-07-20T16:55:57.116,40.7768,5.4505,18.0296
2026-07-20T16:55:57.116,40.7919,5.2155,17.7359
2026-07-20T16:55:57.116,40.7925,5.4309,17.6184
2026-07-20T16:55:57.133,40.7925,5.2743,17.638
2026-07-20T16:55:57.138,40.8254,5.0197,17.5205
2026-07-20T16:55:57.149,40.8254,5.098,17.5205
2026-07-20T16:55:57.149,40.8254,5.1176,17.8925
2026-07-20T16:55:57.165,40.8399,4.9806,17.6771
2026-07-20T16:55:57.165,40.8556,5.2938,17.5596
2026-07-20T16:55:57.180,40.8556,5.2547,17.5596
2026-07-20T16:55:57.198,40.8716,4.9022,17.54
2026-07-20T16:55:57.212,40.8716,5.0001,17.0897
2026-07-20T16:55:57.216,40.9079,5.4113,17.3247
2026-07-20T16:55:57.228,40.913,5.0393,17.403
2026-07-20T16:55:57.244,40.9181,4.9806,17.1093
2026-07-20T16:55:57.244,40.9181,5.2743,17.2855
2026-07-20T16:55:57.263,40.9296,4.8827,16.9918
2026-07-20T16:55:57.272,40.9453,4.9218,16.6785
2026-07-20T16:55:57.284,40.9453,4.9218,16.6981
2026-07-20T16:55:57.290,40.9453,4.4323,16.7177
2026-07-20T16:55:57.302,40.9769,4.1582,16.3848
2026-07-20T16:55:57.302,40.9769,4.3344,16.3652
2026-07-20T16:55:57.318,40.9769,4.1582,16.5023
2026-07-20T16:55:57.318,40.9949,4.119,16.189
2026-07-20T16:55:57.349,41.009,4.3736,16.1694
2026-07-20T16:55:57.349,41.0247,4.1973,16.326
2026-07-20T16:55:57.367,41.0247,4.1386,16.0911
2026-07-20T16:55:57.367,41.0444,4.5694,16.0127
2026-07-20T16:55:57.381,41.0565,4.3931,16.326
2026-07-20T16:55:57.381,41.0565,4.0994,16.1498
2026-07-20T16:55:57.397,41.0565,4.7456,16.1498
2026-07-20T16:55:57.413,41.0892,4.5889,16.4435
2026-07-20T16:55:57.417,41.0892,4.3736,16.326
2026-07-20T16:55:57.429,41.0892,4.5694,16.189
2026-07-20T16:55:57.449,41.1204,4.3931,16.3652
2026-07-20T16:55:57.459,41.1354,4.1777,16.1107
2026-07-20T16:55:57.462,41.1372,4.3931,15.9344
2026-07-20T16:55:57.476,41.1447,4.4323,16.0911
2026-07-20T16:55:57.482,41.1695,4.2561,15.954
2026-07-20T16:55:57.493,41.1695,4.354,15.7778
2026-07-20T16:55:57.493,41.1695,4.3344,15.9736
2026-07-20T16:55:57.517,41.186,4.1386,15.6016
2026-07-20T16:55:57.517,41.186,4.3148,15.7974
2026-07-20T16:55:57.524,41.2147,4.3148,15.9344
2026-07-20T16:55:57.542,41.2147,4.0211,15.6016
2026-07-20T16:55:57.542,41.2147,4.4715,15.4645
2026-07-20T16:55:57.558,41.2147,4.3148,15.719
2026-07-20T16:55:57.573,41.2467,4.119,15.3274
2026-07-20T16:55:57.573,41.2628,4.354,15.2883
2026-07-20T16:55:57.587,41.2628,4.1973,15.4645
2026-07-20T16:55:57.587,41.2628,4.1777,15.2099
2026-07-20T16:55:57.614,41.2955,4.3931,15.2687
2026-07-20T16:55:57.619,41.2955,4.3148,15.4841
2026-07-20T16:55:57.619,41.2955,4.3344,15.2491
2026-07-20T16:55:57.635,41.2955,4.7064,15.4057
2026-07-20T16:55:57.651,41.3264,4.2365,15.4841
2026-07-20T16:55:57.664,41.3264,4.3148,15.112
2026-07-20T16:55:57.668,41.3441,4.2952,15.2099
2026-07-20T16:55:57.668,41.3492,4.2169,15.1316
2026-07-20T16:55:57.683,41.3817,4.3148,15.112
2026-07-20T16:55:57.699,41.3857,4.3148,15.4645
2026-07-20T16:55:57.717,41.3899,4.0015,15.1316
2026-07-20T16:55:57.726,41.396,4.2365,15.0141
2026-07-20T16:55:57.730,41.4322,4.0211,15.0729
2026-07-20T16:55:57.747,41.4363,3.8057,14.7987
2026-07-20T16:55:57.754,41.4363,4.119,14.9945
2026-07-20T16:55:57.766,41.4419,3.884,15.1904
2026-07-20T16:55:57.770,41.4454,4.2169,15.0533
2026-07-20T16:55:57.799,41.4841,4.2756,15.5624
2026-07-20T16:55:57.799,41.4841,4.1777,15.4449
2026-07-20T16:55:57.805,41.4841,4.119,15.0729
2026-07-20T16:55:57.812,41.4841,4.2365,15.2883
2026-07-20T16:55:57.825,41.5221,4.0211,15.2295
2026-07-20T16:55:57.842,41.5227,3.8057,15.0729
2026-07-20T16:55:57.842,41.5227,3.9232,15.2099
2026-07-20T16:55:57.856,41.5227,3.4533,14.7987
2026-07-20T16:55:57.856,41.5315,3.6686,14.4267
2026-07-20T16:55:57.872,41.5635,3.5707,14.6225
2026-07-20T16:55:57.889,41.5635,3.3554,14.4267
2026-07-20T16:55:57.895,41.5635,3.6686,14.3875
2026-07-20T16:55:57.895,41.5635,3.5512,14.6617
2026-07-20T16:55:57.918,41.5961,3.3162,14.3092
2026-07-20T16:55:57.920,41.6118,3.6099,14.4659
2026-07-20T16:55:57.936,41.6118,3.277,14.6617
2026-07-20T16:55:57.936,41.6118,3.4337,14.0743
2026-07-20T16:55:57.936,41.6118,3.14,14.2896
2026-07-20T16:55:57.952,41.6454,2.8463,14.0351
2026-07-20T16:55:57.968,41.6454,3.0225,13.6631
2026-07-20T16:55:57.984,41.6454,2.905,13.8589
2026-07-20T16:55:57.984,41.6454,2.5721,13.6631
2026-07-20T16:55:58.000,41.6913,2.7092,13.6239
2026-07-20T16:55:58.018,41.6913,2.7483,13.7218
2026-07-20T16:55:58.032,41.707,2.7092,13.526
2026-07-20T16:55:58.032,41.707,2.9442,13.4281
2026-07-20T16:55:58.032,41.707,2.7092,13.5847
2026-07-20T16:55:58.055,41.7388,2.6896,13.5456
2026-07-20T16:55:58.064,41.7388,2.9442,13.3302
2026-07-20T16:55:58.064,41.7455,2.6504,13.4477
2026-07-20T16:55:58.079,41.7455,2.6504,13.154
2026-07-20T16:55:58.095,41.7704,2.7875,13.2519
2026-07-20T16:55:58.095,41.7704,2.4546,13.1931
2026-07-20T16:55:58.111,41.7862,2.4546,12.919
2026-07-20T16:55:58.127,41.7862,2.4938,13.0561
2026-07-20T16:55:58.127,41.8029,2.3176,13.0561
2026-07-20T16:55:58.143,41.8193,2.4938,12.8211
2026-07-20T16:55:58.143,41.8193,2.533,13.0365
2026-07-20T16:55:58.159,41.8193,2.4546,13.0561
2026-07-20T16:55:58.175,41.8499,2.6896,12.8015
2026-07-20T16:55:58.175,41.8499,2.7288,13.1735
2026-07-20T16:55:58.192,41.8659,2.5525,12.9581
2026-07-20T16:55:58.192,41.8659,2.8071,13.0952
2026-07-20T16:55:58.218,41.8976,2.67,13.2127
2026-07-20T16:55:58.222,41.8976,2.4742,12.9777
2026-07-20T16:55:58.222,41.8976,2.8267,13.154
2026-07-20T16:55:58.238,41.8976,2.5917,13.3302
2026-07-20T16:55:58.254,41.9303,2.5917,13.1735
2026-07-20T16:55:58.254,41.9303,2.6896,13.1344
2026-07-20T16:55:58.270,41.946,2.5721,13.291
2026-07-20T16:55:58.270,41.946,2.8267,13.154
2026-07-20T16:55:58.286,41.9774,2.6113,13.3106
2026-07-20T16:55:58.303,41.9774,2.5721,13.4868
2026-07-20T16:55:58.303,41.9774,2.9833,13.5064
2026-07-20T16:55:58.318,41.9932,3.0225,13.9176
2026-07-20T16:55:58.318,42.0091,2.8854,14.0743
2026-07-20T16:55:58.334,42.0252,3.2183,14.1134
2026-07-20T16:55:58.350,42.0252,3.277,14.5246
2026-07-20T16:55:58.365,42.0252,3.1204,14.368
2026-07-20T16:55:58.365,42.0441,3.4924,14.3484
2026-07-20T16:55:58.381,42.0575,3.277,14.5442
2026-07-20T16:55:58.381,42.073,3.1595,14.4854
2026-07-20T16:55:58.398,42.073,3.5316,14.6029
2026-07-20T16:55:58.398,42.073,3.277,14.6617
2026-07-20T16:55:58.424,42.1046,3.1595,14.3875
2026-07-20T16:55:58.430,42.1046,3.5707,14.7987
2026-07-20T16:55:58.430,42.1046,3.277,14.6029
2026-07-20T16:55:58.445,42.1214,3.4141,14.3875
2026-07-20T16:55:58.461,42.1463,3.1595,14.6421
2026-07-20T16:55:58.477,42.1525,3.0029,14.3092
2026-07-20T16:55:58.477,42.1525,3.2966,14.0155
2026-07-20T16:55:58.494,42.1687,3.3358,14.2896
2026-07-20T16:55:58.494,42.185,2.9637,14.2309
2026-07-20T16:55:58.509,42.185,3.1595,14.0547
2026-07-20T16:55:58.525,42.2008,3.1204,14.2113
2026-07-20T16:55:58.525,42.2008,2.8854,13.8784
2026-07-20T16:55:58.542,42.2008,3.1987,13.8393
2026-07-20T16:55:58.542,42.2347,3.0225,14.1134
2026-07-20T16:55:58.557,42.2347,2.8267,13.8001
2026-07-20T16:55:58.573,42.2347,2.9442,13.5652
2026-07-20T16:55:58.573,42.2347,3.0225,13.898
2026-07-20T16:55:58.589,42.2637,2.5917,13.9568
2026-07-20T16:55:58.589,42.2637,2.905,13.761
2026-07-20T16:55:58.607,42.2637,3.1008,14.1917
2026-07-20T16:55:58.620,42.2955,2.7875,14.0547
2026-07-20T16:55:58.636,42.2955,2.905,13.9959
2026-07-20T16:55:58.636,42.3117,3.0225,14.0938
2026-07-20T16:55:58.636,42.3196,2.5917,13.8784
2026-07-20T16:55:58.653,42.3465,2.8463,13.526
2026-07-20T16:55:58.668,42.3465,2.8267,13.8197
2026-07-20T16:55:58.668,42.3465,2.5721,13.6043
2026-07-20T16:55:58.692,42.3465,2.4351,13.4868
2026-07-20T16:55:58.705,42.3753,2.6113,13.7022
2026-07-20T16:55:58.705,42.3753,2.3372,13.5456
2026-07-20T16:55:58.719,42.392,2.4938,13.4672
2026-07-20T16:55:58.732,42.392,2.4546,13.6043
2026-07-20T16:55:58.732,42.4225,2.3763,13.7414
2026-07-20T16:55:58.748,42.4225,2.4546,13.5847
2026-07-20T16:55:58.748,42.4225,2.6309,13.7218
2026-07-20T16:55:58.764,42.4383,2.4742,13.7414
2026-07-20T16:55:58.782,42.4703,2.5525,13.6826
2026-07-20T16:55:58.795,42.4703,2.6896,13.8589
2026-07-20T16:55:58.795,42.4703,2.4742,13.898
2026-07-20T16:55:58.811,42.4703,2.5917,13.8001
2026-07-20T16:55:58.819,42.5019,2.9442,13.9763
2026-07-20T16:55:58.827,42.5019,2.7875,14.2896
2026-07-20T16:55:58.843,42.5177,2.8267,14.0155
2026-07-20T16:55:58.843,42.5177,3.0421,14.3288
2026-07-20T16:55:58.874,42.5496,2.8071,14.4463
2026-07-20T16:55:58.874,42.5496,2.8658,14.4071
2026-07-20T16:55:58.874,42.5496,3.2379,14.6617
2026-07-20T16:55:58.890,42.5496,3.0812,14.8966
2026-07-20T16:55:58.906,42.5815,3.1008,14.5442
2026-07-20T16:55:58.906,42.5815,3.1791,14.8183
2026-07-20T16:55:58.922,42.5815,2.9442,14.7596
2026-07-20T16:55:58.922,42.5972,3.1204,14.505
2026-07-20T16:55:58.938,42.6145,3.1595,14.74
2026-07-20T16:55:58.954,42.6291,2.8267,14.6617
2026-07-20T16:55:58.954,42.6291,3.0616,14.4071
2026-07-20T16:55:58.970,42.6291,2.8658,14.6421
2026-07-20T16:55:58.970,42.6611,2.8463,14.5442
2026-07-20T16:55:58.987,42.6611,2.8854,14.2309
2026-07-20T16:55:59.001,42.677,3.1204,14.6421
2026-07-20T16:55:59.001,42.677,2.8267,14.74
2026-07-20T16:55:59.019,42.7088,3.2183,14.6617
2026-07-20T16:55:59.033,42.7088,3.2183,15.1512
2026-07-20T16:55:59.033,42.7088,3.1595,15.0925
2026-07-20T16:55:59.049,42.7248,3.4337,15.112
2026-07-20T16:55:59.065,42.7472,3.277,15.1512
2026-07-20T16:55:59.065,42.7563,2.9833,14.9554
2026-07-20T16:55:59.081,42.7563,3.2183,14.74
2026-07-20T16:55:59.097,42.7563,3.14,14.9162
2026-07-20T16:55:59.097,42.7563,2.7679,14.7204
2026-07-20T16:55:59.113,42.7879,3.0225,14.368
2026-07-20T16:55:59.129,42.7879,2.7875,14.505
2026-07-20T16:55:59.129,42.799,2.5721,14.1917
2026-07-20T16:55:59.129,42.8044,2.6504,13.9176
2026-07-20T16:55:59.144,42.8357,2.533,14.1526
2026-07-20T16:55:59.160,42.8398,2.298,13.7805
2026-07-20T16:55:59.171,42.8398,2.3763,13.7805
2026-07-20T16:55:59.182,42.8675,2.4742,13.8784
2026-07-20T16:55:59.189,42.8695,2.2588,13.6631
2026-07-20T16:55:59.196,42.8755,2.7288,13.6043
2026-07-20T16:55:59.212,42.8776,2.6113,13.8589
2026-07-20T16:55:59.225,42.9066,2.533,13.6043
2026-07-20T16:55:59.237,42.9086,2.7875,13.7805
2026-07-20T16:55:59.246,42.9126,2.6309,13.8589
2026-07-20T16:55:59.254,42.9174,2.4546,13.6435
2026-07-20T16:55:59.257,42.9479,2.6113,13.5064
2026-07-20T16:55:59.272,42.9499,2.5525,13.7414
2026-07-20T16:55:59.290,42.9499,2.4155,13.5456
2026-07-20T16:55:59.290,42.9499,2.4938,13.4672
2026-07-20T16:55:59.312,42.9873,2.4351,13.526
2026-07-20T16:55:59.312,42.9893,2.6113,13.4477
2026-07-20T16:55:59.322,42.9944,2.8071,13.5064
2026-07-20T16:55:59.335,43.0105,2.5721,13.7805
2026-07-20T16:55:59.351,43.0265,2.4742,13.6043
2026-07-20T16:55:59.351,43.0265,2.7679,13.6043
2026-07-20T16:55:59.362,43.0265,2.5721,13.7218
2026-07-20T16:55:59.373,43.0265,2.4742,13.5847
2026-07-20T16:55:59.383,43.0631,2.6309,13.6631
2026-07-20T16:55:59.383,43.0631,2.5721,13.8393
2026-07-20T16:55:59.399,43.0779,2.3959,13.5652
2026-07-20T16:55:59.399,43.0779,2.533,13.526
2026-07-20T16:55:59.432,43.1071,2.4155,13.6435
2026-07-20T16:55:59.432,43.1071,2.2588,13.5456
2026-07-20T16:55:59.435,43.1071,2.3567,13.3889
2026-07-20T16:55:59.450,43.1231,2.4155,13.4477
2026-07-20T16:55:59.463,43.1484,2.1805,13.3302
2026-07-20T16:55:59.472,43.1564,2.5917,13.3498
2026-07-20T16:55:59.479,43.1605,2.533,13.761
2026-07-20T16:55:59.479,43.1625,2.3176,13.4868
2026-07-20T16:55:59.499,43.1918,2.4938,13.2127
2026-07-20T16:55:59.512,43.1918,2.5917,13.4085
2026-07-20T16:55:59.521,43.1918,2.2588,13.3498
2026-07-20T16:55:59.533,43.2027,2.3959,13.0756
2026-07-20T16:55:59.549,43.2338,2.7288,13.4477
2026-07-20T16:55:59.560,43.2338,2.5525,13.3106
2026-07-20T16:55:59.564,43.2338,2.7875,13.3693
2026-07-20T16:55:59.575,43.2338,2.5917,13.4672
2026-07-20T16:55:59.583,43.2657,2.5134,13.3498
2026-07-20T16:55:59.590,43.2735,2.67,13.2323
2026-07-20T16:55:59.606,43.2757,2.7679,13.4477
2026-07-20T16:55:59.606,43.2793,2.5134,13.2714
2026-07-20T16:55:59.622,43.2988,2.6113,13.1148
2026-07-20T16:55:59.622,43.2988,2.7092,13.2323
2026-07-20T16:55:59.646,43.3137,2.4351,13.1735
2026-07-20T16:55:59.652,43.3137,2.533,12.8994
2026-07-20T16:55:59.654,43.3485,2.5917,13.1344
2026-07-20T16:55:59.671,43.3612,2.4351,13.0561
2026-07-20T16:55:59.671,43.3612,2.533,12.8602
2026-07-20T16:55:59.686,43.3612,2.6113,12.9973
2026-07-20T16:55:59.702,43.3612,2.3959,12.9386
2026-07-20T16:55:59.702,43.3931,2.5721,12.7623
2026-07-20T16:55:59.721,43.4043,2.6113,13.0952
2026-07-20T16:55:59.733,43.41,2.3959,13.0756
2026-07-20T16:55:59.733,43.41,2.8267,13.0561
2026-07-20T16:55:59.750,43.41,2.6309,13.1735
2026-07-20T16:55:59.765,43.4487,2.3176,12.9973
2026-07-20T16:55:59.765,43.4568,2.2588,12.7623
2026-07-20T16:55:59.782,43.4568,2.4546,13.154
2026-07-20T16:55:59.782,43.4568,2.2197,12.9777
2026-07-20T16:55:59.813,43.4883,2.3372,12.7232
2026-07-20T16:55:59.813,43.4883,2.3176,12.9581
2026-07-20T16:55:59.829,43.4883,2.1022,12.5078
2026-07-20T16:55:59.829,43.5041,2.2784,12.2924
2026-07-20T16:55:59.829,43.5041,2.298,12.6057
2026-07-20T16:55:59.861,43.5199,1.8868,12.312
2026-07-20T16:55:59.861,43.5357,2.1413,12.1945
2026-07-20T16:55:59.876,43.5357,2.0239,12.2924
2026-07-20T16:55:59.876,43.5672,1.7301,12.1358
2026-07-20T16:55:59.892,43.5672,1.7497,11.6854
2026-07-20T16:55:59.908,43.5672,1.6322,11.7637
2026-07-20T16:55:59.908,43.5672,1.1427,11.2546
2026-07-20T16:55:59.921,43.5829,1.0448,10.7651
2026-07-20T16:55:59.924,43.5987,0.7707,10.8238
2026-07-20T16:55:59.939,43.6145,0.1049,10.2952
2026-07-20T16:55:59.955,43.6145,-0.2671,9.6686
2026-07-20T16:55:59.955,43.6512,-0.8937,9.0616
2026-07-20T16:55:59.971,43.6545,-1.951,7.9455
2026-07-20T16:55:59.987,43.6606,-2.7147,6.6336
2026-07-20T16:55:59.987,43.6671,-3.8504,5.3804
2026-07-20T16:56:00.008,43.6966,-5.0448,3.4811
2026-07-20T16:56:00.008,43.6966,-5.8868,1.7775
2026-07-20T16:56:00.024,43.6966,-6.8854,0.5244
2026-07-20T16:56:00.039,43.7111,-8.0211,-1.14
2026-07-20T16:56:00.043,43.7111,-8.5106,-2.4127
2026-07-20T16:56:00.064,43.7489,-8.8826,-2.9023
2026-07-20T16:56:00.064,43.7489,-9.1763,-3.5289
2026-07-20T16:56:00.069,43.7489,-8.9218,-4.3317
2026-07-20T16:56:00.083,43.7585,-9.098,-4.5862
2026-07-20T16:56:00.083,43.7585,-9.1959,-4.9778
2026-07-20T16:56:00.099,43.7905,-9.0001,-5.4086
2026-07-20T16:56:00.115,43.7905,-8.8435,-5.5261
2026-07-20T16:56:00.121,43.8063,-9.1176,-5.8394
2026-07-20T16:56:00.131,43.8063,-8.6477,-6.1918
2026-07-20T16:56:00.131,43.8063,-8.5497,-5.8981
2026-07-20T16:56:00.147,43.8391,-8.7847,-6.1135
2026-07-20T16:56:00.163,43.8391,-8.3931,-6.0156
2026-07-20T16:56:00.163,43.8391,-8.1777,-5.7219
2026-07-20T16:56:00.179,43.8391,-8.3344,-5.6827
2026-07-20T16:56:00.195,43.8703,-7.9427,-5.8002
2026-07-20T16:56:00.195,43.8703,-7.9623,-5.4478
2026-07-20T16:56:00.211,43.8703,-8.3735,-5.4673
2026-07-20T16:56:00.222,43.8703,-8.0994,-5.6827
2026-07-20T16:56:00.228,43.9019,-7.9819,-5.3499
2026-07-20T16:56:00.243,43.9019,-8.2365,-5.4673
2026-07-20T16:56:00.243,43.9019,-7.7861,-5.4673
2026-07-20T16:56:00.259,43.9334,-7.8253,-5.2911
2026-07-20T16:56:00.274,43.9334,-7.9232,-5.3303
2026-07-20T16:56:00.274,43.9491,-8.0211,-5.5261
2026-07-20T16:56:00.290,43.9491,-7.7274,-5.5065
2026-07-20T16:56:00.290,43.9491,-8.0211,-5.2911
2026-07-20T16:56:00.306,43.9806,-7.8448,-5.4086
2026-07-20T16:56:00.321,43.9806,-7.7469,-5.4282
2026-07-20T16:56:00.321,43.9806,-7.9819,-5.5065
2026-07-20T16:56:00.338,44.0122,-7.7274,-5.5065
2026-07-20T16:56:00.353,44.0144,-7.6686,-5.389
2026-07-20T16:56:00.353,44.0167,-7.9623,-5.3107
2026-07-20T16:56:00.369,44.0283,-7.8448,-5.4869
2026-07-20T16:56:00.369,44.0283,-7.8448,-5.2715
2026-07-20T16:56:00.392,44.0599,-7.9036,-5.252
2026-07-20T16:56:00.401,44.0599,-7.8253,-5.389
2026-07-20T16:56:00.401,44.0599,-7.7665,-5.4086
2026-07-20T16:56:00.432,44.0916,-8.0798,-5.4282
2026-07-20T16:56:00.432,44.0916,-7.9036,-5.4673
2026-07-20T16:56:00.448,44.1073,-7.7078,-5.4478
2026-07-20T16:56:00.448,44.1073,-8.0406,-5.3107
2026-07-20T16:56:00.464,44.1073,-7.884,-5.4673
2026-07-20T16:56:00.480,44.1389,-7.8644,-5.389
2026-07-20T16:56:00.480,44.1389,-7.9623,-5.1541
2026-07-20T16:56:00.496,44.1548,-7.9427,-5.4869
2026-07-20T16:56:00.496,44.1548,-7.9232,-5.4478
2026-07-20T16:56:00.511,44.1548,-8.2169,-5.3499
2026-07-20T16:56:00.527,44.187,-8.0602,-5.4478
2026-07-20T16:56:00.527,44.187,-7.7665,-5.4086
2026-07-20T16:56:00.527,44.187,-8.1386,-5.252
2026-07-20T16:56:00.559,44.203,-7.9623,-5.4282
2026-07-20T16:56:00.559,44.2197,-7.8644,-5.3107
2026-07-20T16:56:00.575,44.2353,-8.0798,-5.252
2026-07-20T16:56:00.575,44.2353,-7.8448,-5.5065
2026-07-20T16:56:00.591,44.2353,-7.9036,-5.2911
2026-07-20T16:56:00.608,44.2668,-8.1386,-5.2715
2026-07-20T16:56:00.608,44.2668,-8.0602,-5.4086
2026-07-20T16:56:00.639,44.2826,-7.7078,-5.3499
2026-07-20T16:56:00.639,44.2826,-7.9819,-5.3499
2026-07-20T16:56:00.639,44.2826,-7.9232,-5.2911
2026-07-20T16:56:00.655,44.3144,-7.8253,-5.3107
2026-07-20T16:56:00.655,44.3144,-8.0602,-5.2911
2026-07-20T16:56:00.672,44.3305,-8.0406,-5.4282
2026-07-20T16:56:00.687,44.3305,-7.884,-5.2715
2026-07-20T16:56:00.687,44.3463,-8.256,-5.3107
2026-07-20T16:56:00.703,44.362,-8.0602,-5.4282
2026-07-20T16:56:00.703,44.362,-7.9623,-5.3107
2026-07-20T16:56:00.719,44.3969,-8.2756,-5.2911
2026-07-20T16:56:00.734,44.3992,-8.0015,-5.4869
2026-07-20T16:56:00.734,44.4003,-7.7861,-5.2911
2026-07-20T16:56:00.750,44.4097,-7.884,-5.2128
2026-07-20T16:56:00.767,44.4097,-7.5316,-5.0953
2026-07-20T16:56:00.772,44.4257,-7.6686,-4.782
2026-07-20T16:56:00.782,44.4573,-7.6099,-4.8016
2026-07-20T16:56:00.782,44.4573,-7.2378,-4.7037
2026-07-20T16:56:00.798,44.4734,-6.9245,-4.0184
2026-07-20T16:56:00.798,44.4891,-6.9833,-3.7442
2026-07-20T16:56:00.830,44.4891,-6.5134,-3.5289
2026-07-20T16:56:00.830,44.4891,-6.2784,-2.8239
2026-07-20T16:56:00.846,44.5207,-6.063,-2.6673
2026-07-20T16:56:00.846,44.5207,-5.4952,-2.2757
2026-07-20T16:56:00.861,44.5207,-5.1819,-1.5708
2026-07-20T16:56:00.861,44.5365,-5.2798,-1.2771
2026-07-20T16:56:00.877,44.5525,-4.7315,-0.8854
2026-07-20T16:56:00.893,44.5687,-4.5944,-0.1218
2026-07-20T16:56:00.893,44.5687,-4.6336,0.1132
2026-07-20T16:56:00.909,44.5845,-4.3007,0.3481
2026-07-20T16:56:00.923,44.6003,-4.242,1.053
2026-07-20T16:56:00.925,44.6003,-4.379,1.288
2026-07-20T16:56:00.941,44.6003,-4.1049,1.6209
2026-07-20T16:56:00.941,44.6161,-4.0266,2.1691
2026-07-20T16:56:00.957,44.6318,-4.0853,2.4237
2026-07-20T16:56:00.973,44.6318,-3.9091,2.5216
2026-07-20T16:56:00.988,44.651,-3.7133,2.8741
2026-07-20T16:56:01.004,44.6802,-3.8308,3.0111
2026-07-20T16:56:01.004,44.6802,-3.6546,2.8153
2026-07-20T16:56:01.004,44.6802,-3.4392,3.3244
2026-07-20T16:56:01.023,44.6802,-3.7133,3.2265
2026-07-20T16:56:01.036,44.7116,-3.4196,3.4223
2026-07-20T16:56:01.036,44.7232,-3.4783,4.0489
2026-07-20T16:56:01.053,44.7232,-3.7525,4.1664
2026-07-20T16:56:01.068,44.7282,-3.4,4.1664
2026-07-20T16:56:01.068,44.7592,-3.4783,4.5384
2026-07-20T16:56:01.084,44.7592,-3.7916,4.4797
2026-07-20T16:56:01.096,44.7592,-3.3804,4.4993
2026-07-20T16:56:01.100,44.7592,-3.5958,4.6559
2026-07-20T16:56:01.100,44.775,-3.7525,4.3622
2026-07-20T16:56:01.123,44.7911,-3.4979,4.3818
2026-07-20T16:56:01.132,44.7911,-3.5567,4.5776
2026-07-20T16:56:01.147,44.8071,-3.7525,4.4601
2026-07-20T16:56:01.163,44.8232,-3.4783,4.3035
2026-07-20T16:56:01.163,44.8232,-3.5371,4.6167
2026-07-20T16:56:01.163,44.8422,-3.7329,4.4601
2026-07-20T16:56:01.179,44.8422,-3.3413,4.3426
2026-07-20T16:56:01.195,44.8705,-3.3804,4.8713
2026-07-20T16:56:01.195,44.8746,-3.6937,4.6951
2026-07-20T16:56:01.215,44.8793,-3.3217,4.5972
2026-07-20T16:56:01.215,44.8793,-3.2825,4.9692
2026-07-20T16:56:01.229,44.9024,-3.5762,4.6951
2026-07-20T16:56:01.243,44.9183,-3.3021,4.4601
2026-07-20T16:56:01.252,44.9183,-3.2042,4.8126
2026-07-20T16:56:01.263,44.9352,-3.4,4.6951
2026-07-20T16:56:01.275,44.9515,-3.028,4.8517
2026-07-20T16:56:01.275,44.9515,-3.3217,4.7342
2026-07-20T16:56:01.291,44.9515,-3.3217,4.7146
2026-07-20T16:56:01.291,44.982,-2.8909,4.793
2026-07-20T16:56:01.307,44.982,-2.7147,5.4587
2026-07-20T16:56:01.324,44.9978,-2.6559,5.7133
2026-07-20T16:56:01.324,44.9978,-2.3035,5.8112
2026-07-20T16:56:01.344,45.0294,-2.558,6.1832
2026-07-20T16:56:01.354,45.0294,-2.5776,5.7133
2026-07-20T16:56:01.354,45.0294,-2.3818,5.6154
2026-07-20T16:56:01.370,45.0294,-2.3622,5.5958
2026-07-20T16:56:01.386,45.0613,-2.5385,5.3217
2026-07-20T16:56:01.386,45.0613,-2.2056,5.4
2026-07-20T16:56:01.402,45.0613,-2.4014,5.4
2026-07-20T16:56:01.402,45.0773,-2.3818,5.0475
2026-07-20T16:56:01.424,45.093,-2.186,4.9888
2026-07-20T16:56:01.434,45.1085,-2.421,5.1846
2026-07-20T16:56:01.434,45.1085,-2.186,5.1258
2026-07-20T16:56:01.450,45.1402,-1.6965,5.6741
2026-07-20T16:56:01.465,45.1402,-1.9119,5.8112
2026-07-20T16:56:01.465,45.1402,-1.8335,5.8112
2026-07-20T16:56:01.481,45.1522,-1.4028,6.144
2026-07-20T16:56:01.481,45.1563,-1.7161,6.1832
2026-07-20T16:56:01.497,45.1721,-1.6965,5.8503
2026-07-20T16:56:01.512,45.1721,-1.579,6.144
2026-07-20T16:56:01.524,45.1895,-1.8923,5.9874
2026-07-20T16:56:01.529,45.2042,-1.5007,5.6349
2026-07-20T16:56:01.544,45.2209,-1.579,5.8112
2026-07-20T16:56:01.544,45.2209,-1.7552,5.9091
2026-07-20T16:56:01.565,45.2209,-1.4028,5.8308
2026-07-20T16:56:01.565,45.2529,-1.0503,6.1049
2026-07-20T16:56:01.577,45.2529,-1.4811,5.9678
2026-07-20T16:56:01.593,45.2529,-1.1286,6.0657
2026-07-20T16:56:01.593,45.2839,-1.2657,6.2224
2026-07-20T16:56:01.610,45.2839,-1.2461,5.8308
2026-07-20T16:56:01.623,45.2839,-0.9916,6.144
2026-07-20T16:56:01.625,45.2998,-1.3636,6.0657
2026-07-20T16:56:01.640,45.3166,-1.579,5.6545
2026-07-20T16:56:01.656,45.3315,-1.344,5.5762
2026-07-20T16:56:01.656,45.3315,-1.6377,5.5175
2026-07-20T16:56:01.672,45.3315,-1.9902,5.1454
2026-07-20T16:56:01.679,45.3635,-1.8335,4.9105
2026-07-20T16:56:01.689,45.3635,-2.0881,4.8909
2026-07-20T16:56:01.704,45.3635,-2.2643,4.4993
2026-07-20T16:56:01.704,45.3635,-2.1468,4.5972
2026-07-20T16:56:01.725,45.4024,-2.4406,4.6951
2026-07-20T16:56:01.725,45.4045,-2.7734,4.3426
2026-07-20T16:56:01.736,45.4082,-2.5385,4.3426
2026-07-20T16:56:01.752,45.4343,-2.8517,4.3818
2026-07-20T16:56:01.752,45.4343,-2.9105,4.0097
2026-07-20T16:56:01.781,45.4425,-2.8126,4.2055
2026-07-20T16:56:01.784,45.4425,-3.1846,3.9902
2026-07-20T16:56:01.802,45.4594,-2.8713,3.716
2026-07-20T16:56:01.807,45.4742,-2.8126,3.9314
2026-07-20T16:56:01.815,45.4742,-3.2238,4.0685
2026-07-20T16:56:01.825,45.5057,-3.1455,3.5985
2026-07-20T16:56:01.832,45.5057,-2.9692,3.9118
2026-07-20T16:56:01.832,45.5216,-3.0867,3.9706
2026-07-20T16:56:01.847,45.5216,-3.0671,3.6181
2026-07-20T16:56:01.862,45.5374,-3.165,3.9902
2026-07-20T16:56:01.862,45.5374,-3.2042,3.7356
2026-07-20T16:56:01.878,45.5531,-2.8322,3.6377
2026-07-20T16:56:01.894,45.5531,-3.0084,3.951
2026-07-20T16:56:01.894,45.5847,-3.2042,4.0097
2026-07-20T16:56:01.910,45.5847,-2.8322,3.8335
2026-07-20T16:56:01.925,45.5847,-2.8517,4.1468
2026-07-20T16:56:01.925,45.5847,-3.0867,4.0881
2026-07-20T16:56:01.941,45.6165,-2.8322,3.8923
2026-07-20T16:56:01.957,45.6323,-2.9497,4.1272
2026-07-20T16:56:01.957,45.6323,-3.0476,3.9902
2026-07-20T16:56:01.973,45.6535,-2.7734,3.8139
2026-07-20T16:56:01.989,45.664,-2.9497,4.323
2026-07-20T16:56:01.989,45.664,-2.9301,4.1664
2026-07-20T16:56:02.005,45.664,-2.6559,4.186
2026-07-20T16:56:02.005,45.664,-2.6755,4.4601
2026-07-20T16:56:02.026,45.6956,-2.8909,4.3035
2026-07-20T16:56:02.026,45.6956,-2.4797,4.2839
2026-07-20T16:56:02.036,45.6956,-2.6951,4.5972
2026-07-20T16:56:02.052,45.7277,-2.8126,4.3426
2026-07-20T16:56:02.052,45.7277,-2.4014,4.4797
2026-07-20T16:56:02.068,45.7277,-2.5972,4.6755
2026-07-20T16:56:02.068,45.7592,-2.7734,4.3035
2026-07-20T16:56:02.085,45.7592,-2.4601,4.4797
2026-07-20T16:56:02.100,45.7592,-2.5385,4.6951
2026-07-20T16:56:02.100,45.791,-2.4014,4.6167
2026-07-20T16:56:02.126,45.791,-2.4014,4.9105
2026-07-20T16:56:02.132,45.791,-2.4993,4.793
2026-07-20T16:56:02.132,45.8067,-2.4601,4.7734
2026-07-20T16:56:02.163,45.8226,-2.0881,4.9496
2026-07-20T16:56:02.163,45.8226,-2.4014,5.1258
2026-07-20T16:56:02.163,45.8226,-2.3818,4.8517
2026-07-20T16:56:02.179,45.8538,-2.2839,5.0867
2026-07-20T16:56:02.179,45.8695,-2.3818,5.0084
2026-07-20T16:56:02.195,45.8712,-2.421,4.6951
2026-07-20T16:56:02.211,45.8712,-2.3231,4.93
2026-07-20T16:56:02.211,45.8853,-2.4406,5.0279
2026-07-20T16:56:02.226,45.9022,-2.3426,4.8126
2026-07-20T16:56:02.243,45.9022,-2.1664,5.0084
2026-07-20T16:56:02.258,45.9378,-2.4014,5.0279
2026-07-20T16:56:02.258,45.9399,-2.2056,4.8126
2026-07-20T16:56:02.274,45.9439,-2.0098,5.165
2026-07-20T16:56:02.274,45.9468,-2.2056,5.2433
2026-07-20T16:56:02.297,45.9627,-2.2643,5.0279
2026-07-20T16:56:02.305,45.9785,-2.1468,5.2237
2026-07-20T16:56:02.316,45.9785,-2.2056,5.1258
2026-07-20T16:56:02.319,45.9785,-2.0881,4.8713
2026-07-20T16:56:02.335,46.0104,-2.2056,5.0867
2026-07-20T16:56:02.335,46.0104,-2.3426,5.0084
2026-07-20T16:56:02.351,46.0104,-2.2056,4.7538
2026-07-20T16:56:02.351,46.0419,-2.2839,5.0475
2026-07-20T16:56:02.383,46.0542,-2.4014,4.8909
2026-07-20T16:56:02.383,46.0578,-2.2252,5.0867
2026-07-20T16:56:02.398,46.0578,-2.3035,5.2825
2026-07-20T16:56:02.398,46.0736,-2.4014,5.1454
2026-07-20T16:56:02.414,46.0898,-2.0881,5.0279
2026-07-20T16:56:02.427,46.0898,-2.1273,5.3804
2026-07-20T16:56:02.430,46.0898,-2.2252,5.2237
2026-07-20T16:56:02.430,46.1221,-1.9706,5.0671
2026-07-20T16:56:02.446,46.1221,-2.0881,5.3217
2026-07-20T16:56:02.462,46.1221,-2.2056,5.2237
2026-07-20T16:56:02.478,46.1541,-1.9119,5.1258
2026-07-20T16:56:02.478,46.1541,-2.0098,5.4783
2026-07-20T16:56:02.494,46.1693,-2.2252,5.3217
2026-07-20T16:56:02.494,46.1693,-1.9706,5.2825
2026-07-20T16:56:02.510,46.1853,-2.2447,5.4587
2026-07-20T16:56:02.526,46.2011,-2.2447,5.1258
2026-07-20T16:56:02.526,46.2011,-1.8923,5.3021
2026-07-20T16:56:02.542,46.2011,-2.0685,5.3804
2026-07-20T16:56:02.558,46.2328,-2.0685,5.0475
2026-07-20T16:56:02.558,46.2328,-1.8727,5.3608
2026-07-20T16:56:02.573,46.2328,-2.0294,5.3608
2026-07-20T16:56:02.589,46.2656,-2.1664,5.0279
2026-07-20T16:56:02.590,46.2656,-1.9315,5.3608
2026-07-20T16:56:02.605,46.2656,-2.0881,5.2825
2026-07-20T16:56:02.605,46.2656,-2.1273,5.1846
2026-07-20T16:56:02.627,46.2964,-1.8727,5.4
2026-07-20T16:56:02.627,46.2964,-2.1468,5.2629
2026-07-20T16:56:02.638,46.3125,-1.814,5.3608
2026-07-20T16:56:02.653,46.3302,-1.814,5.4783
2026-07-20T16:56:02.669,46.344,-2.1468,5.3412
2026-07-20T16:56:02.669,46.344,-1.951,5.2042
2026-07-20T16:56:02.685,46.3519,-1.9706,5.4783
2026-07-20T16:56:02.685,46.3796,-2.0881,5.3804
2026-07-20T16:56:02.703,46.3856,-1.8727,5.3217
2026-07-20T16:56:02.716,46.3897,-1.9706,5.4587
2026-07-20T16:56:02.727,46.3934,-2.1664,5.3217
2026-07-20T16:56:02.749,46.4231,-2.1468,5.1846
2026-07-20T16:56:02.750,46.4231,-2.0881,5.4783
2026-07-20T16:56:02.758,46.4231,-2.3231,5.2237
2026-07-20T16:56:02.766,46.4231,-2.1468,5.2825
2026-07-20T16:56:02.778,46.4544,-2.4014,5.3608
2026-07-20T16:56:02.790,46.4703,-2.2643,5.1258
2026-07-20T16:56:02.795,46.4703,-2.3035,5.3804
2026-07-20T16:56:02.795,46.4703,-2.421,5.2825
2026-07-20T16:56:02.827,46.5022,-2.3035,5.2237
2026-07-20T16:56:02.827,46.5022,-2.3231,5.4587
2026-07-20T16:56:02.827,46.5022,-2.4601,5.4
2026-07-20T16:56:02.843,46.5179,-2.1468,5.1258
2026-07-20T16:56:02.843,46.5339,-2.3035,5.4391
2026-07-20T16:56:02.875,46.5339,-2.421,5.3804
2026-07-20T16:56:02.875,46.5497,-2.1664,5.2629
2026-07-20T16:56:02.875,46.5497,-2.3231,5.4979
2026-07-20T16:56:02.890,46.5544,-2.186,5.2629
2026-07-20T16:56:02.890,46.5814,-2.1468,5.4979
2026-07-20T16:56:02.906,46.5814,-2.2643,5.4979
2026-07-20T16:56:02.927,46.5814,-2.2643,5.4979
2026-07-20T16:56:02.927,46.6136,-1.8923,5.4587
2026-07-20T16:56:02.938,46.6136,-2.1273,5.5175
2026-07-20T16:56:02.954,46.6136,-2.0098,5.4196
2026-07-20T16:56:02.954,46.6136,-1.7552,5.6154
2026-07-20T16:56:02.986,46.6544,-2.2252,5.4783
2026-07-20T16:56:02.986,46.6544,-2.0098,5.2629
2026-07-20T16:56:02.986,46.6611,-1.8923,5.6154
2026-07-20T16:56:03.002,46.6769,-2.0685,5.6154
2026-07-20T16:56:03.017,46.6769,-2.186,5.4196
2026-07-20T16:56:03.027,46.6927,-1.9706,5.5566
2026-07-20T16:56:03.033,46.6927,-2.2252,5.3608
2026-07-20T16:56:03.033,46.7086,-2.0881,5.4587
2026-07-20T16:56:03.049,46.7244,-2.1273,5.5175
2026-07-20T16:56:03.065,46.7244,-2.2643,5.2433
2026-07-20T16:56:03.065,46.7562,-2.0685,5.4979
2026-07-20T16:56:03.081,46.7562,-2.0881,5.8308
2026-07-20T16:56:03.097,46.7562,-2.2252,5.6154
2026-07-20T16:56:03.097,46.772,-2.0294,5.5762
2026-07-20T16:56:03.113,46.7878,-2.1664,5.6741
2026-07-20T16:56:03.128,46.7878,-2.2252,5.4783
2026-07-20T16:56:03.128,46.8037,-1.8335,5.5958
2026-07-20T16:56:03.128,46.8037,-2.1664,5.6545
2026-07-20T16:56:03.160,46.8358,-1.814,5.5762
2026-07-20T16:56:03.160,46.8358,-1.7748,5.8503
2026-07-20T16:56:03.160,46.8358,-2.0098,5.772
2026-07-20T16:56:03.176,46.8358,-2.0098,5.6545
2026-07-20T16:56:03.192,46.8675,-1.6965,5.8699
2026-07-20T16:56:03.192,46.8675,-2.0685,5.9287
2026-07-20T16:56:03.208,46.8833,-1.8335,5.7133
2026-07-20T16:56:03.224,46.8844,-1.6965,5.9482
2026-07-20T16:56:03.227,46.8995,-1.9902,5.9482
2026-07-20T16:56:03.240,46.9156,-1.7161,5.7328
2026-07-20T16:56:03.256,46.9156,-1.5986,6.0461
2026-07-20T16:56:03.257,46.9315,-1.9119,5.9678
2026-07-20T16:56:03.272,46.9487,-1.5594,5.7133
2026-07-20T16:56:03.288,46.9487,-1.7552,6.1636
2026-07-20T16:56:03.288,46.9546,-1.9902,5.7916
2026-07-20T16:56:03.304,46.9795,-1.5398,5.7524
2026-07-20T16:56:03.304,46.9795,-1.814,5.9678
2026-07-20T16:56:03.321,46.9795,-1.8335,5.6349
2026-07-20T16:56:03.336,47.0116,-1.5986,5.772
2026-07-20T16:56:03.336,47.0116,-1.8335,5.9482
2026-07-20T16:56:03.352,47.0116,-1.9119,5.7133
2026-07-20T16:56:03.352,47.0116,-1.579,5.8699
2026-07-20T16:56:03.384,47.0436,-1.7944,5.9091
2026-07-20T16:56:03.384,47.0436,-1.7356,5.6741
2026-07-20T16:56:03.384,47.0593,-1.5203,5.8503
2026-07-20T16:56:03.400,47.0751,-1.8727,5.7524
2026-07-20T16:56:03.416,47.0751,-1.6769,5.4979
2026-07-20T16:56:03.416,47.0751,-1.7161,5.537
2026-07-20T16:56:03.432,47.091,-2.0489,5.4783
2026-07-20T16:56:03.447,47.1071,-2.1664,5.1258
2026-07-20T16:56:03.447,47.1071,-2.2447,5.0867
2026-07-20T16:56:03.463,47.1254,-2.7343,4.9888
2026-07-20T16:56:03.479,47.1548,-2.9301,4.7538
2026-07-20T16:56:03.479,47.1548,-2.793,4.4797
2026-07-20T16:56:03.495,47.1548,-3.4392,4.3622
2026-07-20T16:56:03.511,47.1869,-3.7329,3.7944
2026-07-20T16:56:03.511,47.1869,-3.8895,3.5006
2026-07-20T16:56:03.527,47.1869,-4.5161,3.1678
2026-07-20T16:56:03.527,47.2026,-5.0252,2.3062
2026-07-20T16:56:03.543,47.2186,-5.5931,1.7188
2026-07-20T16:56:03.543,47.2361,-6.5329,0.8768
2026-07-20T16:56:03.575,47.2361,-7.1595,-0.4547
2026-07-20T16:56:03.575,47.2361,-7.5316,-1.3554
2026-07-20T16:56:03.575,47.2663,-8.256,-2.589
2026-07-20T16:56:03.591,47.2663,-8.4518,-3.6659
2026-07-20T16:56:03.591,47.2838,-8.1581,-3.9205
2026-07-20T16:56:03.608,47.2838,-8.4127,-4.6058
2026-07-20T16:56:03.623,47.298,-8.2365,-5.1932
2026-07-20T16:56:03.627,47.3137,-8.2169,-5.0953
2026-07-20T16:56:03.639,47.3137,-8.3931,-5.3107
2026-07-20T16:56:03.656,47.3137,-8.0015,-5.6632
2026-07-20T16:56:03.656,47.3296,-8.1386,-5.5065
2026-07-20T16:56:03.670,47.3454,-8.3344,-5.7219
2026-07-20T16:56:03.670,47.3551,-8.0602,-5.859
2026-07-20T16:56:03.686,47.3551,-7.8448,-5.5065
2026-07-20T16:56:03.702,47.3612,-8.0406,-5.2911
2026-07-20T16:56:03.718,47.3772,-7.5903,-5.3499
2026-07-20T16:56:03.718,47.3772,-7.649,-4.9974
2026-07-20T16:56:03.734,47.3772,-7.7861,-5.1149
2026-07-20T16:56:03.734,47.4057,-7.5707,-5.2715
2026-07-20T16:56:03.749,47.4092,-7.7861,-5.1736
2026-07-20T16:56:03.766,47.425,-7.9819,-5.2128
2026-07-20T16:56:03.778,47.425,-7.7078,-5.4282
2026-07-20T16:56:03.782,47.425,-7.8057,-5.1736
2026-07-20T16:56:03.797,47.4566,-7.9427,-5.2911
2026-07-20T16:56:03.797,47.4566,-7.7469,-5.4282
2026-07-20T16:56:03.813,47.4724,-7.7665,-5.252
2026-07-20T16:56:03.813,47.4724,-7.9232,-5.1541
2026-07-20T16:56:03.845,47.5046,-7.7861,-5.3107
2026-07-20T16:56:03.845,47.5046,-7.9427,-5.1736
2026-07-20T16:56:03.845,47.5046,-8.2169,-5.2324
2026-07-20T16:56:03.877,47.5356,-7.7861,-5.2324
2026-07-20T16:56:03.877,47.5356,-8.0015,-5.2128
2026-07-20T16:56:03.877,47.5356,-8.1581,-5.2911
2026-07-20T16:56:03.892,47.5556,-7.7861,-5.3107
2026-07-20T16:56:03.892,47.5556,-7.9819,-5.0562
2026-07-20T16:56:03.908,47.5829,-8.0211,-5.3499
2026-07-20T16:56:03.928,47.5829,-7.9036,-5.2911
2026-07-20T16:56:03.928,47.5829,-8.0015,-5.0757
2026-07-20T16:56:03.939,47.6146,-8.119,-5.3107
2026-07-20T16:56:03.955,47.6146,-7.7861,-5.2911
2026-07-20T16:56:03.955,47.6146,-8.0406,-5.1541
2026-07-20T16:56:03.971,47.6305,-8.0406,-5.2911
2026-07-20T16:56:03.971,47.6305,-7.9036,-5.1345
2026-07-20T16:56:03.987,47.6622,-8.119,-5.1149
2026-07-20T16:56:04.003,47.6622,-7.9036,-5.2911
2026-07-20T16:56:04.003,47.6622,-7.9623,-5.1736
2026-07-20T16:56:04.035,47.678,-8.0994,-5.1149
2026-07-20T16:56:04.035,47.678,-8.0015,-5.3694
2026-07-20T16:56:04.050,47.7096,-7.884,-5.1736
2026-07-20T16:56:04.050,47.7096,-8.256,-5.1541
2026-07-20T16:56:04.050,47.7096,-7.9232,-5.3303
2026-07-20T16:56:04.082,47.7257,-7.9232,-5.1149
2026-07-20T16:56:04.082,47.7257,-8.1581,-5.1736
2026-07-20T16:56:04.098,47.7585,-7.8057,-5.3694
2026-07-20T16:56:04.098,47.7585,-7.9232,-5.1736
2026-07-20T16:56:04.098,47.7585,-8.2756,-5.1345
2026-07-20T16:56:04.131,47.7736,-7.9232,-5.3499
2026-07-20T16:56:04.131,47.7736,-7.9623,-5.1932
2026-07-20T16:56:04.146,47.8055,-8.1777,-5.2324
2026-07-20T16:56:04.146,47.8055,-7.9036,-5.3694
2026-07-20T16:56:04.162,47.8212,-8.0602,-5.1932
2026-07-20T16:56:04.178,47.8373,-8.0015,-5.2324
2026-07-20T16:56:04.178,47.8373,-7.6882,-5.2911
2026-07-20T16:56:04.194,47.8558,-7.9819,-5.1736
2026-07-20T16:56:04.194,47.8558,-8.2756,-5.2128
2026-07-20T16:56:04.210,47.8852,-7.7469,-5.3107
2026-07-20T16:56:04.210,47.8852,-8.0015,-5.1932
2026-07-20T16:56:04.228,47.8852,-8.1581,-5.2715
2026-07-20T16:56:04.242,47.9021,-8.0602,-5.2128
2026-07-20T16:56:04.258,47.9021,-8.0798,-5.0366
2026-07-20T16:56:04.274,47.9329,-8.0994,-5.3694
2026-07-20T16:56:04.274,47.9329,-7.7469,-5.2715
2026-07-20T16:56:04.285,47.9557,-8.119,-5.0562
2026-07-20T16:56:04.289,47.9557,-8.1386,-5.252
2026-07-20T16:56:04.305,47.9557,-7.8644,-5.2715
2026-07-20T16:56:04.321,47.9818,-8.0602,-5.0562
2026-07-20T16:56:04.321,47.9818,-8.0994,-5.2911
2026-07-20T16:56:04.337,47.9959,-7.8644,-5.1149
2026-07-20T16:56:04.351,47.9959,-8.0798,-5.1932
2026-07-20T16:56:04.354,47.9959,-7.9819,-5.3107
2026-07-20T16:56:04.368,48.0277,-7.8644,-5.3107
2026-07-20T16:56:04.368,48.0277,-8.1777,-5.0757
2026-07-20T16:56:04.384,48.0592,-8.0406,-5.252
2026-07-20T16:56:04.400,48.0592,-7.9036,-5.1345
2026-07-20T16:56:04.400,48.0592,-8.1777,-5.017
2026-07-20T16:56:04.416,48.0757,-8.119,-5.3107
2026-07-20T16:56:04.428,48.0757,-8.0015,-5.1345
2026-07-20T16:56:04.432,48.091,-8.256,-5.252
2026-07-20T16:56:04.432,48.1068,-7.9819,-5.2911
2026-07-20T16:56:04.448,48.1068,-7.8644,-5.1736
2026-07-20T16:56:04.465,48.1384,-8.2365,-5.0366
2026-07-20T16:56:04.479,48.1384,-8.0211,-5.2715
2026-07-20T16:56:04.479,48.1384,-7.8448,-5.1932
2026-07-20T16:56:04.495,48.1558,-8.0211,-5.0757
2026-07-20T16:56:04.511,48.1558,-8.1777,-5.1541
2026-07-20T16:56:04.511,48.1701,-7.7861,-5.0953
2026-07-20T16:56:04.528,48.1859,-8.0798,-5.0953
2026-07-20T16:56:04.528,48.1859,-8.0994,-5.2324
2026-07-20T16:56:04.542,48.1859,-7.8253,-5.3107
2026-07-20T16:56:04.558,48.2176,-8.0602,-5.0562
2026-07-20T16:56:04.558,48.2176,-8.1386,-5.3499
2026-07-20T16:56:04.574,48.2417,-7.8057,-5.2715
2026-07-20T16:56:04.574,48.2437,-8.0211,-4.9582
2026-07-20T16:56:04.590,48.2628,-8.1386,-5.3107
2026-07-20T16:56:04.606,48.2628,-7.9232,-5.0757
2026-07-20T16:56:04.617,48.2628,-8.1777,-5.017
2026-07-20T16:56:04.628,48.2949,-8.2169,-5.1736
2026-07-20T16:56:04.635,48.2949,-7.8448,-5.2324
2026-07-20T16:56:04.635,48.2949,-8.0798,-5.1149
2026-07-20T16:56:04.651,48.3112,-8.1581,-5.2324
2026-07-20T16:56:04.651,48.3112,-7.8448,-5.2715
2026-07-20T16:56:04.672,48.3423,-8.1581,-5.2128
2026-07-20T16:56:04.683,48.3423,-7.8253,-5.2324
2026-07-20T16:56:04.683,48.3423,-7.884,-5.2128
2026-07-20T16:56:04.715,48.3741,-8.1777,-5.0366
2026-07-20T16:56:04.715,48.3741,-8.0798,-5.252
2026-07-20T16:56:04.715,48.3741,-7.884,-5.2324
2026-07-20T16:56:04.731,48.4102,-8.1973,-5.0562
2026-07-20T16:56:04.746,48.4114,-8.0994,-5.1932
