wall_time,elapsed_s,F1_N,F2_N
2026-07-23T16:02:35.298,216.2787,-1.4848,-0.6054
2026-07-23T16:02:35.304,216.2869,-1.6219,-0.5663
2026-07-23T16:02:35.318,216.3136,-1.5436,-0.5859
2026-07-23T16:02:35.329,216.3136,-1.6415,-0.5663
2026-07-23T16:02:35.329,216.3136,-1.524,-0.4684
2026-07-23T16:02:35.345,216.3414,-1.5827,-0.5663
2026-07-23T16:02:35.355,216.3414,-1.4652,-0.6054
2026-07-23T16:02:35.364,216.3414,-1.6023,-0.5467
2026-07-23T16:02:35.392,216.3727,-1.5044,-0.5663
2026-07-23T16:02:35.392,216.3727,-1.6415,-0.5271
2026-07-23T16:02:35.392,216.3727,-1.5631,-0.625
2026-07-23T16:02:35.404,216.3727,-1.5631,-0.5859
2026-07-23T16:02:35.408,216.4195,-1.661,-0.6054
2026-07-23T16:02:35.424,216.4195,-1.524,-0.5663
2026-07-23T16:02:35.424,216.4195,-1.5631,-0.5663
2026-07-23T16:02:35.448,216.4511,-1.6219,-0.5467
2026-07-23T16:02:35.456,216.4537,-1.6023,-0.5859
2026-07-23T16:02:35.456,216.4561,-1.6023,-0.6054
2026-07-23T16:02:35.470,216.4593,-1.5827,-0.5859
2026-07-23T16:02:35.486,216.4824,-1.5827,-0.5859
2026-07-23T16:02:35.492,216.4824,-1.5827,-0.5467
2026-07-23T16:02:35.507,216.4902,-1.5631,-0.5663
2026-07-23T16:02:35.510,216.517,-1.6023,-0.5271
2026-07-23T16:02:35.523,216.5223,-1.5436,-0.5663
2026-07-23T16:02:35.533,216.5251,-1.5631,-0.6054
2026-07-23T16:02:35.541,216.5315,-1.5436,-0.6054
2026-07-23T16:02:35.566,216.5541,-1.5827,-0.5075
2026-07-23T16:02:35.566,216.5614,-1.5436,-0.6054
2026-07-23T16:02:35.576,216.5639,-1.5631,-0.5467
2026-07-23T16:02:35.584,216.5639,-1.5631,-0.625
2026-07-23T16:02:35.605,216.5934,-1.5436,-0.6054
2026-07-23T16:02:35.605,216.5934,-1.6023,-0.5859
2026-07-23T16:02:35.615,216.5934,-1.5631,-0.5859
2026-07-23T16:02:35.628,216.626,-1.6023,-0.5663
2026-07-23T16:02:35.628,216.626,-1.5436,-0.5467
2026-07-23T16:02:35.644,216.6327,-1.661,-0.6054
2026-07-23T16:02:35.676,216.6568,-1.524,-0.5271
2026-07-23T16:02:35.676,216.6568,-1.661,-0.625
2026-07-23T16:02:35.676,216.6568,-1.4456,-0.625
2026-07-23T16:02:35.683,216.6889,-1.5827,-0.5663
2026-07-23T16:02:35.693,216.6889,-1.5044,-0.5663
2026-07-23T16:02:35.708,216.6889,-1.6806,-0.6054
2026-07-23T16:02:35.708,216.7071,-1.4848,-0.5663
2026-07-23T16:02:35.737,216.737,-1.661,-0.5467
2026-07-23T16:02:35.740,216.737,-1.6219,-0.5663
2026-07-23T16:02:35.740,216.737,-1.661,-0.6054
2026-07-23T16:02:35.758,216.742,-1.5044,-0.5663
2026-07-23T16:02:35.771,216.7829,-1.661,-0.5467
2026-07-23T16:02:35.781,216.7829,-1.4652,-0.6446
2026-07-23T16:02:35.781,216.7829,-1.6415,-0.5859
2026-07-23T16:02:35.793,216.7829,-1.524,-0.5663
2026-07-23T16:02:35.805,216.8142,-1.6806,-0.6054
2026-07-23T16:02:35.805,216.8142,-1.524,-0.6054
2026-07-23T16:02:35.823,216.8142,-1.7198,-0.5663
2026-07-23T16:02:35.834,216.8142,-1.4261,-0.6054
2026-07-23T16:02:35.834,216.831,-1.6806,-0.6054
2026-07-23T16:02:35.855,216.856,-1.5044,-0.5663
2026-07-23T16:02:35.865,216.8614,-1.6219,-0.5663
2026-07-23T16:02:35.865,216.8635,-1.5044,-0.5467
2026-07-23T16:02:35.882,216.8635,-1.6415,-0.5663
2026-07-23T16:02:35.907,216.893,-1.5631,-0.5859
2026-07-23T16:02:35.907,216.893,-1.5436,-0.5467
2026-07-23T16:02:35.914,216.8977,-1.5631,-0.5859
2026-07-23T16:02:35.928,216.9247,-1.5631,-0.5271
2026-07-23T16:02:35.932,216.9247,-1.5827,-0.5467
2026-07-23T16:02:35.944,216.9247,-1.6415,-0.5075
2026-07-23T16:02:35.955,216.957,-1.5631,-0.5467
2026-07-23T16:02:35.964,216.957,-1.6023,-0.5859
2026-07-23T16:02:35.964,216.957,-1.5827,-0.6054
2026-07-23T16:02:35.983,216.9893,-1.5436,-0.5859
2026-07-23T16:02:35.993,216.9893,-1.6219,-0.6446
2026-07-23T16:02:36.006,216.9893,-1.5827,-0.6054
2026-07-23T16:02:36.008,216.9893,-1.661,-0.5663
2026-07-23T16:02:36.032,217.0334,-1.5827,-0.6446
2026-07-23T16:02:36.032,217.0334,-1.5827,-0.5663
2026-07-23T16:02:36.040,217.0374,-1.5631,-0.6054
2026-07-23T16:02:36.055,217.0664,-1.6023,-0.5859
2026-07-23T16:02:36.055,217.0707,-1.524,-0.6054
2026-07-23T16:02:36.073,217.0707,-1.5631,-0.5467
2026-07-23T16:02:36.086,217.0707,-1.5827,-0.625
2026-07-23T16:02:36.093,217.1061,-1.5827,-0.5663
2026-07-23T16:02:36.115,217.1061,-1.5631,-0.6054
2026-07-23T16:02:36.117,217.1061,-1.5827,-0.5467
2026-07-23T16:02:36.121,217.1143,-1.6023,-0.5663
2026-07-23T16:02:36.149,217.1453,-1.524,-0.5663
2026-07-23T16:02:36.149,217.1453,-1.6219,-0.5663
2026-07-23T16:02:36.157,217.1453,-1.524,-0.5271
2026-07-23T16:02:36.165,217.1479,-1.6219,-0.6054
2026-07-23T16:02:36.165,217.177,-1.5044,-0.5859
2026-07-23T16:02:36.188,217.177,-1.6415,-0.6054
2026-07-23T16:02:36.196,217.177,-1.5631,-0.4684
2026-07-23T16:02:36.207,217.2084,-1.6219,-0.5467
2026-07-23T16:02:36.221,217.2084,-1.5827,-0.5859
2026-07-23T16:02:36.221,217.2084,-1.661,-0.625
2026-07-23T16:02:36.228,217.2084,-1.5436,-0.5271
2026-07-23T16:02:36.244,217.2403,-1.5827,-0.5467
2026-07-23T16:02:36.255,217.2428,-1.5436,-0.5663
2026-07-23T16:02:36.259,217.2448,-1.661,-0.5467
2026-07-23T16:02:36.288,217.2701,-1.4848,-0.5663
2026-07-23T16:02:36.288,217.2716,-1.661,-0.5663
2026-07-23T16:02:36.296,217.2731,-1.4848,-0.625
2026-07-23T16:02:36.319,217.2869,-1.6023,-0.5663
2026-07-23T16:02:36.319,217.3028,-1.5827,-0.6054
2026-07-23T16:02:36.324,217.3038,-1.6415,-0.5467
2026-07-23T16:02:36.324,217.3188,-1.5044,-0.5859
2026-07-23T16:02:36.338,217.3188,-1.6219,-0.5663
2026-07-23T16:02:36.355,217.3345,-1.5436,-0.6054
2026-07-23T16:02:36.370,217.3627,-1.524,-0.5467
2026-07-23T16:02:36.370,217.3632,-1.5436,-0.6054
2026-07-23T16:02:36.385,217.3662,-1.5436,-0.5467
2026-07-23T16:02:36.394,217.3821,-1.6806,-0.5859
2026-07-23T16:02:36.408,217.3943,-1.5827,-0.5271
2026-07-23T16:02:36.417,217.3982,-1.6023,-0.5271
2026-07-23T16:02:36.421,217.4142,-1.5436,-0.5859
2026-07-23T16:02:36.433,217.4142,-1.5827,-0.5859
2026-07-23T16:02:36.446,217.4142,-1.4652,-0.5859
2026-07-23T16:02:36.455,217.4456,-1.4456,-0.6054
2026-07-23T16:02:36.465,217.4558,-1.5631,-0.5467
2026-07-23T16:02:36.465,217.4568,-1.661,-0.5075
2026-07-23T16:02:36.488,217.4815,-1.5631,-0.6054
2026-07-23T16:02:36.496,217.4815,-1.5827,-0.5859
2026-07-23T16:02:36.508,217.4876,-1.5827,-0.5859
2026-07-23T16:02:36.512,217.5084,-1.5827,-0.5663
2026-07-23T16:02:36.532,217.5084,-1.5631,-0.5859
2026-07-23T16:02:36.532,217.5084,-1.6023,-0.5467
2026-07-23T16:02:36.544,217.5434,-1.5044,-0.5859
2026-07-23T16:02:36.559,217.5434,-1.6415,-0.5663
2026-07-23T16:02:36.559,217.5434,-1.5631,-0.625
2026-07-23T16:02:36.579,217.5765,-1.6219,-0.5271
2026-07-23T16:02:36.592,217.5765,-1.4848,-0.6054
2026-07-23T16:02:36.594,217.5765,-1.6023,-0.488
2026-07-23T16:02:36.608,217.6066,-1.5827,-0.625
2026-07-23T16:02:36.622,217.6066,-1.6023,-0.5663
2026-07-23T16:02:36.622,217.6066,-1.6023,-0.5859
2026-07-23T16:02:36.638,217.6404,-1.6415,-0.5271
2026-07-23T16:02:36.654,217.6404,-1.6219,-0.6054
2026-07-23T16:02:36.657,217.6434,-1.524,-0.5467
2026-07-23T16:02:36.670,217.6707,-1.6023,-0.625
2026-07-23T16:02:36.672,217.6707,-1.5436,-0.5859
2026-07-23T16:02:36.688,217.6707,-1.6023,-0.5859
2026-07-23T16:02:36.697,217.6707,-1.524,-0.5663
2026-07-23T16:02:36.708,217.7039,-1.5827,-0.5859
2026-07-23T16:02:36.721,217.7039,-1.5631,-0.6054
2026-07-23T16:02:36.721,217.7139,-1.5827,-0.625
2026-07-23T16:02:36.733,217.7434,-1.5436,-0.5075
2026-07-23T16:02:36.748,217.7452,-1.6219,-0.5271
2026-07-23T16:02:36.755,217.7452,-1.5827,-0.5467
2026-07-23T16:02:36.765,217.7452,-1.6023,-0.5467
2026-07-23T16:02:36.788,217.7734,-1.5631,-0.6054
2026-07-23T16:02:36.788,217.7734,-1.6023,-0.5467
2026-07-23T16:02:36.796,217.7777,-1.5436,-0.5467
2026-07-23T16:02:36.812,217.8039,-1.5827,-0.5663
2026-07-23T16:02:36.812,217.8039,-1.6023,-0.5271
2026-07-23T16:02:36.824,217.808,-1.6415,-0.5663
2026-07-23T16:02:36.844,217.8373,-1.5827,-0.5663
2026-07-23T16:02:36.844,217.8373,-1.5631,-0.5467
2026-07-23T16:02:36.844,217.8398,-1.4848,-0.6446
2026-07-23T16:02:36.866,217.8692,-1.5631,-0.5271
2026-07-23T16:02:36.875,217.8717,-1.6023,-0.6054
2026-07-23T16:02:36.875,217.8717,-1.5044,-0.6054
2026-07-23T16:02:36.894,217.8717,-1.6219,-0.5663
2026-07-23T16:02:36.909,217.8985,-1.5631,-0.5271
2026-07-23T16:02:36.909,217.9038,-1.6023,-0.5663
2026-07-23T16:02:36.922,217.9202,-1.4848,-0.5663
2026-07-23T16:02:36.949,217.9352,-1.6415,-0.6642
2026-07-23T16:02:36.949,217.9352,-1.5044,-0.5271
2026-07-23T16:02:36.955,217.9352,-1.6415,-0.5859
2026-07-23T16:02:36.968,217.9588,-1.5436,-0.5663
2026-07-23T16:02:36.971,217.9672,-1.6415,-0.6054
2026-07-23T16:02:36.986,217.9672,-1.524,-0.5075
2026-07-23T16:02:36.999,217.9829,-1.6415,-0.5859
2026-07-23T16:02:37.010,217.9986,-1.5436,-0.5075
2026-07-23T16:02:37.018,217.9996,-1.661,-0.6054
2026-07-23T16:02:37.034,218.0268,-1.5631,-0.5663
2026-07-23T16:02:37.034,218.0301,-1.7002,-0.5663
2026-07-23T16:02:37.034,218.0301,-1.5631,-0.625
2026-07-23T16:02:37.055,218.046,-1.661,-0.488
2026-07-23T16:02:37.075,218.0589,-1.524,-0.5859
2026-07-23T16:02:37.075,218.0617,-1.5827,-0.5271
2026-07-23T16:02:37.088,218.0885,-1.524,-0.5663
2026-07-23T16:02:37.097,218.0885,-1.6219,-0.6054
2026-07-23T16:02:37.097,218.0885,-1.524,-0.5859
2026-07-23T16:02:37.124,218.1115,-1.661,-0.5467
2026-07-23T16:02:37.128,218.1115,-1.5631,-0.6054
2026-07-23T16:02:37.128,218.1115,-1.6219,-0.5467
2026-07-23T16:02:37.145,218.1274,-1.5436,-0.6054
2026-07-23T16:02:37.162,218.1488,-1.6023,-0.5271
2026-07-23T16:02:37.162,218.1488,-1.5631,-0.5859
2026-07-23T16:02:37.180,218.159,-1.5631,-0.5075
2026-07-23T16:02:37.188,218.1727,-1.5436,-0.6446
2026-07-23T16:02:37.200,218.1884,-1.5827,-0.5467
2026-07-23T16:02:37.200,218.1884,-1.5827,-0.6054
2026-07-23T16:02:37.216,218.2038,-1.5631,-0.5663
2026-07-23T16:02:37.223,218.2195,-1.524,-0.5467
2026-07-23T16:02:37.223,218.2195,-1.661,-0.5075
2026-07-23T16:02:37.241,218.2443,-1.5044,-0.5467
2026-07-23T16:02:37.255,218.2443,-1.6219,-0.5859
2026-07-23T16:02:37.255,218.2512,-1.5044,-0.5467
2026-07-23T16:02:37.295,218.274,-1.5631,-0.5467
2026-07-23T16:02:37.295,218.274,-1.5436,-0.625
2026-07-23T16:02:37.295,218.274,-1.6023,-0.5859
2026-07-23T16:02:37.305,218.3038,-1.5631,-0.5075
2026-07-23T16:02:37.325,218.3038,-1.6415,-0.5075
2026-07-23T16:02:37.325,218.3038,-1.5631,-0.5271
2026-07-23T16:02:37.341,218.3374,-1.6023,-0.6642
2026-07-23T16:02:37.355,218.3443,-1.5436,-0.5663
2026-07-23T16:02:37.355,218.3453,-1.6415,-0.6054
2026-07-23T16:02:37.365,218.3453,-1.524,-0.5467
2026-07-23T16:02:37.388,218.3706,-1.5827,-0.5075
2026-07-23T16:02:37.388,218.3706,-1.5436,-0.488
2026-07-23T16:02:37.396,218.3799,-1.6415,-0.5467
2026-07-23T16:02:37.410,218.404,-1.4456,-0.5663
2026-07-23T16:02:37.421,218.404,-1.6415,-0.6446
2026-07-23T16:02:37.428,218.4091,-1.4065,-0.5467
2026-07-23T16:02:37.431,218.425,-1.661,-0.5467
2026-07-23T16:02:37.450,218.425,-1.5044,-0.4684
2026-07-23T16:02:37.455,218.4408,-1.6219,-0.5467
2026-07-23T16:02:37.460,218.4446,-1.4652,-0.488
2026-07-23T16:02:37.476,218.4707,-1.7002,-0.4684
2026-07-23T16:02:37.476,218.4707,-1.4848,-0.5663
2026-07-23T16:02:37.495,218.4994,-1.6806,-0.6054
2026-07-23T16:02:37.511,218.4994,-1.524,-0.5859
2026-07-23T16:02:37.511,218.4994,-1.661,-0.5075
2026-07-23T16:02:37.523,218.504,-1.4848,-0.625
2026-07-23T16:02:37.538,218.5242,-1.6806,-0.5663
2026-07-23T16:02:37.538,218.5242,-1.5436,-0.5663
2026-07-23T16:02:37.555,218.5373,-1.6806,-0.5859
2026-07-23T16:02:37.566,218.5631,-1.4848,-0.5467
2026-07-23T16:02:37.575,218.5661,-1.6806,-0.5467
2026-07-23T16:02:37.588,218.5681,-1.5436,-0.625
2026-07-23T16:02:37.611,218.5831,-1.6806,-0.5467
2026-07-23T16:02:37.611,218.5831,-1.5436,-0.625
2026-07-23T16:02:37.617,218.5831,-1.6023,-0.5859
2026-07-23T16:02:37.632,218.6145,-1.4848,-0.5467
2026-07-23T16:02:37.634,218.6145,-1.5827,-0.5663
2026-07-23T16:02:37.634,218.6145,-1.524,-0.625
2026-07-23T16:02:37.650,218.6494,-1.6219,-0.5271
2026-07-23T16:02:37.665,218.6494,-1.5631,-0.5663
2026-07-23T16:02:37.665,218.6559,-1.6023,-0.5467
2026-07-23T16:02:37.688,218.6809,-1.5631,-0.6054
2026-07-23T16:02:37.700,218.6809,-1.524,-0.5467
2026-07-23T16:02:37.707,218.6809,-1.5827,-0.5075
2026-07-23T16:02:37.729,218.7155,-1.6806,-0.5271
2026-07-23T16:02:37.729,218.7155,-1.5631,-0.5859
2026-07-23T16:02:37.732,218.7155,-1.6219,-0.5663
2026-07-23T16:02:37.760,218.7449,-1.5827,-0.4684
2026-07-23T16:02:37.760,218.7449,-1.6415,-0.5859
2026-07-23T16:02:37.766,218.7449,-1.6023,-0.5467
2026-07-23T16:02:37.776,218.772,-1.6415,-0.5467
2026-07-23T16:02:37.791,218.7745,-1.5631,-0.5075
2026-07-23T16:02:37.796,218.7745,-1.5044,-0.625
2026-07-23T16:02:37.812,218.7892,-1.5827,-0.5075
2026-07-23T16:02:37.812,218.7892,-1.6023,-0.6446
2026-07-23T16:02:37.825,218.8045,-1.5436,-0.5663
2026-07-23T16:02:37.840,218.8213,-1.6219,-0.5663
2026-07-23T16:02:37.840,218.8213,-1.5631,-0.5271
2026-07-23T16:02:37.855,218.8511,-1.6415,-0.5663
2026-07-23T16:02:37.867,218.8578,-1.5436,-0.5467
2026-07-23T16:02:37.872,218.8616,-1.6023,-0.6054
2026-07-23T16:02:37.886,218.8837,-1.4848,-0.6054
2026-07-23T16:02:37.902,218.8837,-1.6415,-0.5663
2026-07-23T16:02:37.902,218.8837,-1.4456,-0.5467
2026-07-23T16:02:37.912,218.9169,-1.7198,-0.5663
2026-07-23T16:02:37.934,218.9169,-1.5044,-0.5075
2026-07-23T16:02:37.934,218.9169,-1.661,-0.625
2026-07-23T16:02:37.949,218.9452,-1.4848,-0.5467
2026-07-23T16:02:37.965,218.9518,-1.5631,-0.5859
2026-07-23T16:02:37.968,218.9518,-1.4652,-0.5663
2026-07-23T16:02:37.968,218.9575,-1.7394,-0.5663
2026-07-23T16:02:37.996,218.983,-1.5436,-0.5271
2026-07-23T16:02:37.996,218.983,-1.7198,-0.5859
2026-07-23T16:02:38.003,218.983,-1.5044,-0.5859
2026-07-23T16:02:38.021,219.008,-1.6415,-0.5859
2026-07-23T16:02:38.027,219.008,-1.4261,-0.5467
2026-07-23T16:02:38.034,219.008,-1.661,-0.5859
2026-07-23T16:02:38.043,219.0554,-1.4652,-0.5663
2026-07-23T16:02:38.059,219.0554,-1.7394,-0.4684
2026-07-23T16:02:38.059,219.0554,-1.5436,-0.5075
2026-07-23T16:02:38.075,219.0554,-1.661,-0.488
2026-07-23T16:02:38.088,219.0883,-1.5436,-0.5075
2026-07-23T16:02:38.096,219.0883,-1.6415,-0.6054
2026-07-23T16:02:38.106,219.0883,-1.5044,-0.5663
2026-07-23T16:02:38.122,219.1181,-1.5631,-0.5663
2026-07-23T16:02:38.122,219.1181,-1.4652,-0.6054
2026-07-23T16:02:38.122,219.1181,-1.6415,-0.6054
2026-07-23T16:02:38.153,219.1499,-1.524,-0.5859
2026-07-23T16:02:38.169,219.1499,-1.6219,-0.5271
2026-07-23T16:02:38.169,219.1499,-1.524,-0.5859
2026-07-23T16:02:38.169,219.1499,-1.5827,-0.5467
2026-07-23T16:02:38.201,219.1826,-1.6023,-0.6054
2026-07-23T16:02:38.201,219.1826,-1.6219,-0.5075
2026-07-23T16:02:38.201,219.1826,-1.5827,-0.6054
2026-07-23T16:02:38.217,219.2155,-1.5827,-0.5859
2026-07-23T16:02:38.232,219.2155,-1.5631,-0.625
2026-07-23T16:02:38.233,219.2155,-1.524,-0.5467
2026-07-23T16:02:38.250,219.2456,-1.5436,-0.6446
2026-07-23T16:02:38.264,219.2456,-1.6023,-0.5663
2026-07-23T16:02:38.266,219.2456,-1.5827,-0.488
2026-07-23T16:02:38.279,219.277,-1.6415,-0.625
2026-07-23T16:02:38.295,219.277,-1.5436,-0.5859
2026-07-23T16:02:38.295,219.277,-1.6415,-0.5859
2026-07-23T16:02:38.296,219.3074,-1.4848,-0.5271
2026-07-23T16:02:38.326,219.3074,-1.5631,-0.5859
2026-07-23T16:02:38.328,219.3074,-1.5436,-0.5467
2026-07-23T16:02:38.342,219.3384,-1.6415,-0.625
2026-07-23T16:02:38.342,219.3384,-1.4848,-0.5467
2026-07-23T16:02:38.357,219.3384,-1.6219,-0.5859
2026-07-23T16:02:38.358,219.3384,-1.4652,-0.5663
2026-07-23T16:02:38.373,219.3707,-1.6219,-0.5859
2026-07-23T16:02:38.373,219.3707,-1.5631,-0.5663
2026-07-23T16:02:38.396,219.4022,-1.7198,-0.5271
2026-07-23T16:02:38.414,219.4022,-1.4848,-0.5271
2026-07-23T16:02:38.414,219.4042,-1.661,-0.5859
2026-07-23T16:02:38.426,219.4314,-1.4848,-0.5859
2026-07-23T16:02:38.437,219.4314,-1.6023,-0.6446
2026-07-23T16:02:38.448,219.434,-1.5044,-0.5663
2026-07-23T16:02:38.455,219.4362,-1.5631,-0.6054
2026-07-23T16:02:38.469,219.464,-1.5044,-0.5663
2026-07-23T16:02:38.469,219.464,-1.6806,-0.5075
2026-07-23T16:02:38.487,219.4658,-1.4848,-0.5271
2026-07-23T16:02:38.501,219.4838,-1.661,-0.5467
2026-07-23T16:02:38.501,219.4838,-1.4456,-0.625
2026-07-23T16:02:38.517,219.4975,-1.661,-0.5467
2026-07-23T16:02:38.531,219.5284,-1.524,-0.5663
2026-07-23T16:02:38.535,219.5284,-1.7002,-0.5663
2026-07-23T16:02:38.535,219.5284,-1.5631,-0.5271
2026-07-23T16:02:38.557,219.5631,-1.661,-0.5075
2026-07-23T16:02:38.576,219.5646,-1.5631,-0.5663
2026-07-23T16:02:38.579,219.5646,-1.5827,-0.5663
2026-07-23T16:02:38.585,219.5957,-1.4652,-0.5467
2026-07-23T16:02:38.599,219.5957,-1.524,-0.5859
2026-07-23T16:02:38.599,219.5957,-1.5631,-0.5663
2026-07-23T16:02:38.615,219.5957,-1.5436,-0.4488
2026-07-23T16:02:38.643,219.6232,-1.5436,-0.6054
2026-07-23T16:02:38.643,219.6232,-1.5631,-0.5467
2026-07-23T16:02:38.646,219.6232,-1.5827,-0.6054
2026-07-23T16:02:38.667,219.665,-1.5631,-0.5271
2026-07-23T16:02:38.674,219.665,-1.5436,-0.6054
2026-07-23T16:02:38.674,219.665,-1.5827,-0.5467
2026-07-23T16:02:38.688,219.6921,-1.6023,-0.5075
2026-07-23T16:02:38.706,219.6921,-1.5436,-0.6446
2026-07-23T16:02:38.706,219.6921,-1.5827,-0.5467
2026-07-23T16:02:38.716,219.7005,-1.6219,-0.6054
2026-07-23T16:02:38.743,219.7339,-1.5436,-0.5859
2026-07-23T16:02:38.743,219.7339,-1.6219,-0.5467
2026-07-23T16:02:38.743,219.7339,-1.6415,-0.5467
2026-07-23T16:02:38.770,219.7655,-1.6415,-0.5271
2026-07-23T16:02:38.770,219.7655,-1.5436,-0.4488
2026-07-23T16:02:38.770,219.7655,-1.6415,-0.6446
2026-07-23T16:02:38.788,219.7655,-1.4848,-0.5467
2026-07-23T16:02:38.797,219.797,-1.6415,-0.5663
2026-07-23T16:02:38.800,219.797,-1.5044,-0.5663
2026-07-23T16:02:38.816,219.797,-1.7002,-0.5467
2026-07-23T16:02:38.832,219.8303,-1.524,-0.5467
2026-07-23T16:02:38.832,219.8303,-1.6415,-0.5271
2026-07-23T16:02:38.848,219.8303,-1.524,-0.6054
2026-07-23T16:02:38.868,219.8607,-1.6219,-0.6054
2026-07-23T16:02:38.868,219.8607,-1.4652,-0.5271
2026-07-23T16:02:38.868,219.8607,-1.661,-0.5271
2026-07-23T16:02:38.881,219.8661,-1.4848,-0.5663
2026-07-23T16:02:38.910,219.8923,-1.661,-0.5663
2026-07-23T16:02:38.911,219.8923,-1.524,-0.6054
2026-07-23T16:02:38.917,219.8923,-1.6219,-0.5467
2026-07-23T16:02:38.943,219.9239,-1.5044,-0.6054
2026-07-23T16:02:38.943,219.9239,-1.6415,-0.6054
2026-07-23T16:02:38.943,219.9239,-1.524,-0.5859
2026-07-23T16:02:38.963,219.9552,-1.7002,-0.5271
2026-07-23T16:02:38.975,219.9552,-1.524,-0.6054
2026-07-23T16:02:38.975,219.9552,-1.6219,-0.5467
2026-07-23T16:02:38.992,219.9876,-1.5436,-0.5663
2026-07-23T16:02:39.006,219.9876,-1.5827,-0.5663
2026-07-23T16:02:39.006,219.9876,-1.5436,-0.6054
2026-07-23T16:02:39.006,219.9876,-1.5436,-0.5663
2026-07-23T16:02:39.038,220.0228,-1.6023,-0.5467
2026-07-23T16:02:39.038,220.026,-1.5827,-0.5271
2026-07-23T16:02:39.038,220.026,-1.5827,-0.5663
2026-07-23T16:02:39.057,220.0494,-1.5436,-0.5075
2026-07-23T16:02:39.069,220.0494,-1.5827,-0.5663
2026-07-23T16:02:39.077,220.0494,-1.5631,-0.5467
2026-07-23T16:02:39.088,220.0852,-1.5631,-0.5271
2026-07-23T16:02:39.100,220.0852,-1.5044,-0.5271
2026-07-23T16:02:39.100,220.0852,-1.524,-0.5663
2026-07-23T16:02:39.132,220.1122,-1.6023,-0.5075
2026-07-23T16:02:39.132,220.1122,-1.5827,-0.6054
2026-07-23T16:02:39.136,220.1122,-1.5827,-0.5467
2026-07-23T16:02:39.147,220.1436,-1.6023,-0.5663
2026-07-23T16:02:39.163,220.1466,-1.5827,-0.5859
2026-07-23T16:02:39.163,220.1466,-1.5827,-0.5271
2026-07-23T16:02:39.183,220.1772,-1.6023,-0.5859
2026-07-23T16:02:39.188,220.1772,-1.6415,-0.5271
2026-07-23T16:02:39.197,220.1772,-1.6023,-0.5859
2026-07-23T16:02:39.202,220.2107,-1.6023,-0.5663
2026-07-23T16:02:39.226,220.2127,-1.5436,-0.5663
2026-07-23T16:02:39.226,220.2127,-1.5631,-0.5271
2026-07-23T16:02:39.245,220.2389,-1.6023,-0.5075
2026-07-23T16:02:39.245,220.2389,-1.524,-0.5663
2026-07-23T16:02:39.258,220.2389,-1.661,-0.6054
2026-07-23T16:02:39.268,220.2469,-1.5631,-0.5271
2026-07-23T16:02:39.280,220.2763,-1.5827,-0.625
2026-07-23T16:02:39.290,220.2763,-1.5436,-0.488
2026-07-23T16:02:39.298,220.2763,-1.7002,-0.5271
2026-07-23T16:02:39.308,220.308,-1.5436,-0.625
2026-07-23T16:02:39.321,220.308,-1.6023,-0.5859
2026-07-23T16:02:39.327,220.308,-1.524,-0.6054
2026-07-23T16:02:39.337,220.3375,-1.661,-0.5467
2026-07-23T16:02:39.355,220.3375,-1.5827,-0.5467
2026-07-23T16:02:39.359,220.3375,-1.6023,-0.5467
2026-07-23T16:02:39.372,220.3683,-1.524,-0.5467
2026-07-23T16:02:39.385,220.3708,-1.6023,-0.5075
2026-07-23T16:02:39.388,220.3708,-1.5436,-0.5859
2026-07-23T16:02:39.404,220.401,-1.6415,-0.5663
2026-07-23T16:02:39.416,220.401,-1.524,-0.5859
2026-07-23T16:02:39.422,220.4041,-1.5631,-0.5859
2026-07-23T16:02:39.422,220.4285,-1.5631,-0.5271
2026-07-23T16:02:39.448,220.4364,-1.5827,-0.5467
2026-07-23T16:02:39.448,220.4364,-1.6219,-0.6054
2026-07-23T16:02:39.455,220.4429,-1.4848,-0.5859
2026-07-23T16:02:39.464,220.4687,-1.5631,-0.6054
2026-07-23T16:02:39.479,220.4707,-1.5044,-0.5859
2026-07-23T16:02:39.487,220.4707,-1.6806,-0.5075
2026-07-23T16:02:39.495,220.4914,-1.524,-0.5859
2026-07-23T16:02:39.511,220.4914,-1.6219,-0.488
2026-07-23T16:02:39.511,220.5042,-1.5436,-0.5467
2026-07-23T16:02:39.527,220.5264,-1.6023,-0.5467
2026-07-23T16:02:39.542,220.5264,-1.5631,-0.5075
2026-07-23T16:02:39.542,220.5264,-1.6023,-0.6446
2026-07-23T16:02:39.558,220.5355,-1.5436,-0.5271
2026-07-23T16:02:39.574,220.56,-1.6415,-0.5271
2026-07-23T16:02:39.577,220.56,-1.5436,-0.5663
2026-07-23T16:02:39.586,220.56,-1.6219,-0.5663
2026-07-23T16:02:39.605,220.5857,-1.5631,-0.5859
2026-07-23T16:02:39.605,220.5857,-1.6219,-0.5663
2026-07-23T16:02:39.619,220.618,-1.524,-0.5859
2026-07-23T16:02:39.623,220.618,-1.6219,-0.5663
2026-07-23T16:02:39.636,220.618,-1.6023,-0.5859
2026-07-23T16:02:39.652,220.6489,-1.6023,-0.5467
2026-07-23T16:02:39.661,220.6494,-1.5827,-0.6054
2026-07-23T16:02:39.669,220.6514,-1.5044,-0.5075
2026-07-23T16:02:39.669,220.6737,-1.5827,-0.6054
2026-07-23T16:02:39.688,220.6808,-1.5436,-0.5467
2026-07-23T16:02:39.688,220.6808,-1.6023,-0.625
2026-07-23T16:02:39.712,220.7041,-1.5436,-0.5271
2026-07-23T16:02:39.725,220.7095,-1.6219,-0.5663
2026-07-23T16:02:39.725,220.7095,-1.5436,-0.5467
2026-07-23T16:02:39.744,220.7399,-1.6023,-0.6054
2026-07-23T16:02:39.755,220.7419,-1.524,-0.5859
2026-07-23T16:02:39.760,220.7439,-1.6415,-0.5859
2026-07-23T16:02:39.777,220.7698,-1.5827,-0.5859
2026-07-23T16:02:39.777,220.7708,-1.661,-0.5467
2026-07-23T16:02:39.788,220.7708,-1.6023,-0.5663
2026-07-23T16:02:39.798,220.7925,-1.5436,-0.5271
2026-07-23T16:02:39.811,220.8042,-1.5827,-0.6446
2026-07-23T16:02:39.822,220.8042,-1.524,-0.5271
2026-07-23T16:02:39.827,220.8233,-1.5827,-0.6054
2026-07-23T16:02:39.827,220.8233,-1.5827,-0.5859
2026-07-23T16:02:39.843,220.8358,-1.5631,-0.5271
2026-07-23T16:02:39.855,220.8373,-1.5827,-0.5663
2026-07-23T16:02:39.874,220.8601,-1.6219,-0.5859
2026-07-23T16:02:39.874,220.8601,-1.6415,-0.5271
2026-07-23T16:02:39.888,220.867,-1.5436,-0.5467
2026-07-23T16:02:39.911,220.8856,-1.5631,-0.6054
2026-07-23T16:02:39.911,220.8856,-1.6219,-0.6054
2026-07-23T16:02:39.918,220.8856,-1.524,-0.5467
2026-07-23T16:02:39.933,220.9171,-1.661,-0.5663
2026-07-23T16:02:39.936,220.9171,-1.524,-0.6642
2026-07-23T16:02:39.936,220.9171,-1.6023,-0.6642
2026-07-23T16:02:39.968,220.9489,-1.4456,-0.5859
2026-07-23T16:02:39.968,220.9489,-1.6806,-0.6642
2026-07-23T16:02:39.968,220.971,-1.5631,-0.5271
2026-07-23T16:02:39.999,220.9806,-1.6023,-0.625
2026-07-23T16:02:40.000,220.9806,-1.4848,-0.6642
2026-07-23T16:02:40.013,221.0042,-1.5631,-0.6642
2026-07-23T16:02:40.022,221.0042,-1.4848,-0.6642
2026-07-23T16:02:40.022,221.0042,-1.6023,-0.6838
2026-07-23T16:02:40.047,221.0374,-1.5044,-0.6642
2026-07-23T16:02:40.055,221.0374,-1.661,-0.6642
2026-07-23T16:02:40.055,221.0374,-1.4848,-0.625
2026-07-23T16:02:40.073,221.0686,-1.6023,-0.5663
2026-07-23T16:02:40.081,221.0708,-1.5044,-0.6838
2026-07-23T16:02:40.088,221.0708,-1.6219,-0.5859
2026-07-23T16:02:40.104,221.0913,-1.5044,-0.6054
2026-07-23T16:02:40.111,221.0913,-1.6219,-0.5663
2026-07-23T16:02:40.111,221.1041,-1.5044,-0.6446
2026-07-23T16:02:40.126,221.1227,-1.6219,-0.5663
2026-07-23T16:02:40.142,221.1375,-1.5631,-0.625
2026-07-23T16:02:40.142,221.1385,-1.5827,-0.5663
2026-07-23T16:02:40.167,221.1542,-1.5044,-0.6446
2026-07-23T16:02:40.173,221.1542,-1.5827,-0.5859
2026-07-23T16:02:40.173,221.1698,-1.6023,-0.5467
2026-07-23T16:02:40.188,221.1734,-1.5436,-0.6054
2026-07-23T16:02:40.199,221.2013,-1.5827,-0.5467
2026-07-23T16:02:40.205,221.2042,-1.5436,-0.5271
2026-07-23T16:02:40.205,221.2042,-1.5827,-0.5663
2026-07-23T16:02:40.244,221.2373,-1.6023,-0.5467
2026-07-23T16:02:40.244,221.2373,-1.524,-0.6054
2026-07-23T16:02:40.244,221.2373,-1.5436,-0.5859
2026-07-23T16:02:40.255,221.2404,-1.5827,-0.5467
2026-07-23T16:02:40.268,221.2708,-1.5631,-0.5663
2026-07-23T16:02:40.284,221.2718,-1.5827,-0.5663
2026-07-23T16:02:40.288,221.2718,-1.5631,-0.5663
2026-07-23T16:02:40.301,221.3042,-1.6415,-0.5075
2026-07-23T16:02:40.318,221.3042,-1.524,-0.625
2026-07-23T16:02:40.323,221.3042,-1.6219,-0.6054
2026-07-23T16:02:40.328,221.3108,-1.6023,-0.5663
2026-07-23T16:02:40.350,221.3375,-1.6023,-0.5271
2026-07-23T16:02:40.350,221.3425,-1.6219,-0.6446
2026-07-23T16:02:40.362,221.3425,-1.6023,-0.488
2026-07-23T16:02:40.377,221.3741,-1.6415,-0.625
2026-07-23T16:02:40.388,221.3741,-1.524,-0.5075
2026-07-23T16:02:40.388,221.3741,-1.661,-0.625
2026-07-23T16:02:40.399,221.3741,-1.5436,-0.6054
2026-07-23T16:02:40.409,221.4043,-1.7002,-0.625
2026-07-23T16:02:40.423,221.4059,-1.5436,-0.5859
2026-07-23T16:02:40.425,221.4064,-1.6415,-0.6642
2026-07-23T16:02:40.441,221.422,-1.4652,-0.5859
2026-07-23T16:02:40.453,221.422,-1.5827,-0.6054
2026-07-23T16:02:40.457,221.4372,-1.4848,-0.5467
2026-07-23T16:02:40.473,221.4532,-1.6415,-0.5271
2026-07-23T16:02:40.473,221.4532,-1.4652,-0.5467
2026-07-23T16:02:40.488,221.4725,-1.6219,-0.5859
2026-07-23T16:02:40.504,221.4859,-1.5044,-0.5075
2026-07-23T16:02:40.504,221.4859,-1.5827,-0.6054
2026-07-23T16:02:40.520,221.5005,-1.4848,-0.5859
2026-07-23T16:02:40.537,221.5274,-1.6415,-0.5271
2026-07-23T16:02:40.537,221.5274,-1.4848,-0.488
2026-07-23T16:02:40.551,221.5324,-1.7002,-0.5467
2026-07-23T16:02:40.555,221.562,-1.4848,-0.5271
2026-07-23T16:02:40.567,221.564,-1.6219,-0.5467
2026-07-23T16:02:40.578,221.564,-1.4652,-0.5859
2026-07-23T16:02:40.588,221.5954,-1.5827,-0.5271
2026-07-23T16:02:40.599,221.5954,-1.4848,-0.5663
2026-07-23T16:02:40.599,221.5954,-1.6219,-0.5859
2026-07-23T16:02:40.615,221.5954,-1.5631,-0.5271
2026-07-23T16:02:40.632,221.6264,-1.5827,-0.5075
2026-07-23T16:02:40.632,221.6264,-1.5044,-0.5859
2026-07-23T16:02:40.646,221.6324,-1.5044,-0.5271
2026-07-23T16:02:40.655,221.6609,-1.5631,-0.5859
2026-07-23T16:02:40.677,221.6646,-1.6219,-0.5467
2026-07-23T16:02:40.677,221.6646,-1.6219,-0.5663
2026-07-23T16:02:40.694,221.6941,-1.6415,-0.5663
2026-07-23T16:02:40.709,221.6961,-1.5827,-0.6054
2026-07-23T16:02:40.709,221.6961,-1.6219,-0.5859
2026-07-23T16:02:40.715,221.6961,-1.5436,-0.5859
2026-07-23T16:02:40.740,221.7269,-1.6023,-0.5271
2026-07-23T16:02:40.740,221.7269,-1.5631,-0.5859
2026-07-23T16:02:40.747,221.7269,-1.5631,-0.5663
2026-07-23T16:02:40.757,221.759,-1.5827,-0.4488
2026-07-23T16:02:40.771,221.759,-1.6415,-0.5663
2026-07-23T16:02:40.778,221.759,-1.5436,-0.5271
2026-07-23T16:02:40.789,221.7884,-1.6023,-0.5663
2026-07-23T16:02:40.804,221.7884,-1.5044,-0.5271
2026-07-23T16:02:40.804,221.7884,-1.5436,-0.5859
2026-07-23T16:02:40.822,221.8194,-1.4848,-0.5075
2026-07-23T16:02:40.834,221.8194,-1.6415,-0.5663
2026-07-23T16:02:40.839,221.8194,-1.4848,-0.5271
2026-07-23T16:02:40.855,221.8523,-1.661,-0.5663
2026-07-23T16:02:40.866,221.8523,-1.3869,-0.5859
2026-07-23T16:02:40.866,221.8523,-1.661,-0.5075
2026-07-23T16:02:40.881,221.8819,-1.5044,-0.5663
2026-07-23T16:02:40.900,221.8819,-1.6415,-0.5663
2026-07-23T16:02:40.900,221.8819,-1.5631,-0.6054
2026-07-23T16:02:40.919,221.9135,-1.661,-0.5467
2026-07-23T16:02:40.929,221.915,-1.5827,-0.6054
2026-07-23T16:02:40.929,221.9156,-1.7589,-0.6446
2026-07-23T16:02:40.933,221.918,-1.5631,-0.5663
2026-07-23T16:02:40.962,221.9402,-1.7589,-0.5859
2026-07-23T16:02:40.962,221.9443,-1.5044,-0.6642
2026-07-23T16:02:40.975,221.9724,-1.7198,-0.625
2026-07-23T16:02:40.991,221.9757,-1.5436,-0.6446
2026-07-23T16:02:40.991,221.9757,-1.7785,-0.5859
2026-07-23T16:02:41.000,221.9926,-1.4456,-0.6838
2026-07-23T16:02:41.022,222.0041,-1.7198,-0.5859
2026-07-23T16:02:41.022,222.0041,-1.524,-0.625
2026-07-23T16:02:41.026,222.0041,-1.6219,-0.5859
2026-07-23T16:02:41.043,222.0279,-1.5436,-0.6838
2026-07-23T16:02:41.043,222.0279,-1.6415,-0.5467
2026-07-23T16:02:41.055,222.0373,-1.6023,-0.6054
2026-07-23T16:02:41.079,222.0519,-1.6415,-0.6054
2026-07-23T16:02:41.079,222.0519,-1.7002,-0.625
2026-07-23T16:02:41.088,222.0677,-1.6023,-0.488
2026-07-23T16:02:41.103,222.0942,-1.6219,-0.6446
2026-07-23T16:02:41.103,222.0942,-1.661,-0.5467
2026-07-23T16:02:41.118,222.0977,-1.6415,-0.5859
2026-07-23T16:02:41.129,222.1152,-1.6219,-0.5663
2026-07-23T16:02:41.134,222.1152,-1.5631,-0.5271
2026-07-23T16:02:41.150,222.131,-1.6219,-0.6446
2026-07-23T16:02:41.166,222.1564,-1.6023,-0.39
2026-07-23T16:02:41.166,222.1564,-1.8568,-0.5859
2026-07-23T16:02:41.166,222.16,-1.6219,-0.6054
2026-07-23T16:02:41.190,222.1892,-1.6219,-0.6446
2026-07-23T16:02:41.204,222.1892,-1.6023,-0.6642
2026-07-23T16:02:41.207,222.1939,-1.6219,-0.6838
2026-07-23T16:02:41.229,222.2107,-1.6219,-0.625
2026-07-23T16:02:41.229,222.2107,-1.8177,-0.6642
2026-07-23T16:02:41.240,222.2107,-1.6023,-0.6446
2026-07-23T16:02:41.246,222.2496,-1.7785,-0.6838
2026-07-23T16:02:41.258,222.257,-1.5631,-0.6838
2026-07-23T16:02:41.261,222.257,-1.7394,-0.6446
2026-07-23T16:02:41.278,222.259,-1.6415,-0.6642
2026-07-23T16:02:41.288,222.2889,-1.7785,-0.6642
2026-07-23T16:02:41.300,222.2889,-1.6023,-0.6446
2026-07-23T16:02:41.310,222.2941,-1.8177,-0.6838
2026-07-23T16:02:41.329,222.3217,-1.661,-0.6838
2026-07-23T16:02:41.329,222.3217,-1.7785,-0.6446
2026-07-23T16:02:41.340,222.3217,-1.6219,-0.6446
2026-07-23T16:02:41.345,222.3217,-1.7589,-0.6642
2026-07-23T16:02:41.358,222.3546,-1.6415,-0.6054
2026-07-23T16:02:41.358,222.3546,-1.7981,-0.6838
2026-07-23T16:02:41.372,222.36,-1.6219,-0.7033
2026-07-23T16:02:41.391,222.3892,-1.8373,-0.6446
2026-07-23T16:02:41.403,222.3892,-1.661,-0.7229
2026-07-23T16:02:41.411,222.3892,-1.7785,-0.6642
2026-07-23T16:02:41.422,222.4208,-1.6415,-0.7033
2026-07-23T16:02:41.435,222.4246,-1.8568,-0.6446
2026-07-23T16:02:41.440,222.4269,-1.6806,-0.7229
2026-07-23T16:02:41.452,222.4494,-1.7589,-0.6838
2026-07-23T16:02:41.466,222.4494,-1.7589,-0.7425
2026-07-23T16:02:41.472,222.4494,-1.7002,-0.6642
2026-07-23T16:02:41.480,222.4625,-1.7589,-0.7229
2026-07-23T16:02:41.500,222.4867,-1.7394,-0.6642
2026-07-23T16:02:41.500,222.4867,-1.7394,-0.6642
2026-07-23T16:02:41.510,222.4918,-1.7589,-0.6838
2026-07-23T16:02:41.529,222.5099,-1.7002,-0.6838
2026-07-23T16:02:41.529,222.5099,-1.7785,-0.7033
2026-07-23T16:02:41.538,222.5099,-1.5827,-0.7229
2026-07-23T16:02:41.555,222.5531,-1.7785,-0.625
2026-07-23T16:02:41.561,222.5531,-1.7394,-0.7229
2026-07-23T16:02:41.561,222.5574,-1.7981,-0.6642
2026-07-23T16:02:41.587,222.5864,-1.6806,-0.5859
2026-07-23T16:02:41.588,222.59,-1.7002,-0.7425
2026-07-23T16:02:41.600,222.59,-1.7198,-0.625
2026-07-23T16:02:41.608,222.593,-1.7198,-0.7229
2026-07-23T16:02:41.608,222.6251,-1.7198,-0.6642
2026-07-23T16:02:41.634,222.6251,-1.7394,-0.7425
2026-07-23T16:02:41.637,222.6251,-1.7002,-0.6838
2026-07-23T16:02:41.644,222.6534,-1.7589,-0.6838
2026-07-23T16:02:41.674,222.6534,-1.6023,-0.6054
2026-07-23T16:02:41.674,222.6534,-1.7785,-0.7033
2026-07-23T16:02:41.676,222.669,-1.6415,-0.6838
2026-07-23T16:02:41.689,222.7002,-1.7785,-0.7229
2026-07-23T16:02:41.704,222.7012,-1.6219,-0.7033
2026-07-23T16:02:41.704,222.7012,-1.7785,-0.6838
2026-07-23T16:02:41.722,222.7042,-1.6023,-0.6446
2026-07-23T16:02:41.729,222.7376,-1.7785,-0.6838
2026-07-23T16:02:41.746,222.7376,-1.5436,-0.7033
2026-07-23T16:02:41.752,222.7432,-1.7785,-0.6838
2026-07-23T16:02:41.762,222.746,-1.6219,-0.6838
2026-07-23T16:02:41.767,222.7785,-1.7785,-0.6446
2026-07-23T16:02:41.784,222.7801,-1.6415,-0.6838
2026-07-23T16:02:41.788,222.7801,-1.7785,-0.6054
2026-07-23T16:02:41.797,222.7801,-1.6415,-0.6838
2026-07-23T16:02:41.811,222.8103,-1.8177,-0.6642
2026-07-23T16:02:41.822,222.8103,-1.6219,-0.6838
2026-07-23T16:02:41.831,222.8103,-1.7002,-0.6838
2026-07-23T16:02:41.831,222.8431,-1.6415,-0.7229
2026-07-23T16:02:41.861,222.8498,-1.7198,-0.625
2026-07-23T16:02:41.861,222.8498,-1.6806,-0.7425
2026-07-23T16:02:41.861,222.8498,-1.7002,-0.6838
2026-07-23T16:02:41.881,222.8784,-1.7198,-0.7425
2026-07-23T16:02:41.894,222.8784,-1.661,-0.625
2026-07-23T16:02:41.901,222.8784,-1.6415,-0.625
2026-07-23T16:02:41.908,222.8893,-1.6415,-0.6446
2026-07-23T16:02:41.924,222.9153,-1.5827,-0.6642
2026-07-23T16:02:41.929,222.9153,-1.6219,-0.625
2026-07-23T16:02:41.942,222.9222,-1.6023,-0.6642
2026-07-23T16:02:41.952,222.9526,-1.6219,-0.6054
2026-07-23T16:02:41.965,222.9526,-1.5436,-0.625
2026-07-23T16:02:41.966,222.9566,-1.661,-0.625
2026-07-23T16:02:41.977,222.9873,-1.6219,-0.5859
2026-07-23T16:02:42.001,222.9904,-1.6023,-0.625
2026-07-23T16:02:42.001,222.9904,-1.524,-0.5663
2026-07-23T16:02:42.007,222.9904,-1.5827,-0.6446
2026-07-23T16:02:42.022,223.0166,-1.5631,-0.6054
2026-07-23T16:02:42.036,223.0166,-1.5436,-0.6642
2026-07-23T16:02:42.041,223.0166,-1.5436,-0.625
2026-07-23T16:02:42.041,223.0288,-1.6415,-0.5859
2026-07-23T16:02:42.066,223.0579,-1.4848,-0.6054
2026-07-23T16:02:42.067,223.0579,-1.661,-0.6446
2026-07-23T16:02:42.080,223.061,-1.524,-0.5663
2026-07-23T16:02:42.098,223.0789,-1.661,-0.6054
2026-07-23T16:02:42.101,223.0789,-1.5436,-0.5663
2026-07-23T16:02:42.112,223.0789,-1.6806,-0.6838
2026-07-23T16:02:42.125,223.1122,-1.6219,-0.6054
2026-07-23T16:02:42.130,223.1122,-1.7002,-0.625
2026-07-23T16:02:42.130,223.1122,-1.6219,-0.6838
2026-07-23T16:02:42.145,223.1541,-1.7002,-0.6446
2026-07-23T16:02:42.163,223.1576,-1.5631,-0.6838
2026-07-23T16:02:42.163,223.1597,-1.5436,-0.6838
2026-07-23T16:02:42.177,223.1597,-1.6023,-0.7229
2026-07-23T16:02:42.201,223.1891,-1.7589,-0.6642
2026-07-23T16:02:42.201,223.1891,-1.6415,-0.6446
2026-07-23T16:02:42.210,223.1959,-1.7394,-0.625
2026-07-23T16:02:42.221,223.2207,-1.6219,-0.7229
2026-07-23T16:02:42.230,223.2245,-1.6806,-0.6054
2026-07-23T16:02:42.240,223.2245,-1.661,-0.7033
2026-07-23T16:02:42.247,223.2522,-1.661,-0.6642
2026-07-23T16:02:42.256,223.2576,-1.661,-0.7425
2026-07-23T16:02:42.256,223.2576,-1.6806,-0.7033
2026-07-23T16:02:42.275,223.2845,-1.7394,-0.7033
2026-07-23T16:02:42.303,223.2905,-1.7589,-0.7817
2026-07-23T16:02:42.303,223.2905,-1.7589,-0.7621
2026-07-23T16:02:42.308,223.2905,-1.7394,-0.7425
2026-07-23T16:02:42.322,223.3221,-1.8373,-0.8208
2026-07-23T16:02:42.335,223.3309,-1.8373,-0.8404
2026-07-23T16:02:42.335,223.3309,-1.8373,-0.7621
2026-07-23T16:02:42.350,223.3376,-1.8177,-0.8208
2026-07-23T16:02:42.361,223.3627,-1.896,-0.7817
2026-07-23T16:02:42.373,223.3655,-1.8177,-0.7817
2026-07-23T16:02:42.382,223.3655,-1.896,-0.8012
2026-07-23T16:02:42.388,223.3708,-1.8764,-0.8796
2026-07-23T16:02:42.401,223.3959,-1.9352,-0.7425
2026-07-23T16:02:42.401,223.3959,-1.8764,-0.8991
2026-07-23T16:02:42.416,223.4005,-1.896,-0.8796
2026-07-23T16:02:42.432,223.4255,-2.0722,-0.9187
2026-07-23T16:02:42.432,223.4255,-1.896,-0.8991
2026-07-23T16:02:42.451,223.4348,-1.9939,-0.7817
2026-07-23T16:02:42.461,223.4574,-1.8373,-0.9775
2026-07-23T16:02:42.476,223.464,-1.9156,-0.9971
2026-07-23T16:02:42.476,223.464,-1.8177,-0.9187
2026-07-23T16:02:42.497,223.492,-1.8764,-0.8991
2026-07-23T16:02:42.497,223.4958,-1.7394,-0.86
2026-07-23T16:02:42.515,223.4958,-1.7394,-0.9187
2026-07-23T16:02:42.522,223.4958,-1.6023,-0.86
2026-07-23T16:02:42.531,223.52,-1.7002,-0.8208
2026-07-23T16:02:42.540,223.5295,-1.5631,-0.86
2026-07-23T16:02:42.547,223.5321,-1.5827,-0.8404
2026-07-23T16:02:42.555,223.5514,-1.5044,-0.86
2026-07-23T16:02:42.571,223.5514,-1.5631,-0.7817
2026-07-23T16:02:42.583,223.5514,-1.4848,-0.8796
2026-07-23T16:02:42.589,223.5865,-1.4652,-0.7425
2026-07-23T16:02:42.602,223.5916,-1.4652,-0.7425
2026-07-23T16:02:42.602,223.595,-1.4848,-0.7033
2026-07-23T16:02:42.622,223.6147,-1.4456,-0.8012
2026-07-23T16:02:42.634,223.6147,-1.3477,-0.7621
2026-07-23T16:02:42.646,223.6147,-1.4261,-0.7229
2026-07-23T16:02:42.655,223.6507,-1.4065,-0.6838
2026-07-23T16:02:42.665,223.6507,-1.4652,-0.6642
2026-07-23T16:02:42.665,223.6548,-1.3477,-0.5467
2026-07-23T16:02:42.665,223.681,-1.3477,-0.625
2026-07-23T16:02:42.697,223.6878,-1.2303,-0.6054
2026-07-23T16:02:42.697,223.6878,-1.1911,-0.5271
2026-07-23T16:02:42.706,223.7087,-1.0932,-0.4488
2026-07-23T16:02:42.713,223.7087,-1.1324,-0.4684
2026-07-23T16:02:42.732,223.7087,-1.0736,-0.4488
2026-07-23T16:02:42.739,223.7253,-1.1128,-0.39
2026-07-23T16:02:42.759,223.7507,-1.0149,-0.4292
2026-07-23T16:02:42.759,223.7507,-1.0736,-0.4096
2026-07-23T16:02:42.759,223.7507,-0.8386,-0.4096
2026-07-23T16:02:42.776,223.7813,-1.0345,-0.3313
2026-07-23T16:02:42.791,223.7813,-1.1128,-0.4292
2026-07-23T16:02:42.801,223.7813,-1.1715,-0.3705
2026-07-23T16:02:42.808,223.8043,-1.054,-0.3509
2026-07-23T16:02:42.823,223.8117,-1.0736,-0.3705
2026-07-23T16:02:42.832,223.8117,-1.0345,-0.4096
2026-07-23T16:02:42.838,223.8117,-1.0345,-0.3117
2026-07-23T16:02:42.855,223.8377,-1.0149,-0.3705
2026-07-23T16:02:42.855,223.8377,-0.9953,-0.3705
2026-07-23T16:02:42.874,223.8712,-1.054,-0.3117
2026-07-23T16:02:42.888,223.8712,-1.1911,-0.4488
2026-07-23T16:02:42.888,223.8712,-1.1519,-0.5075
2026-07-23T16:02:42.888,223.8982,-1.1715,-0.4488
2026-07-23T16:02:42.919,223.8982,-1.1128,-0.488
2026-07-23T16:02:42.922,223.8982,-1.1519,-0.4488
2026-07-23T16:02:42.934,223.9253,-1.1911,-0.488
2026-07-23T16:02:42.934,223.9253,-1.2107,-0.5663
2026-07-23T16:02:42.949,223.93,-1.2107,-0.488
2026-07-23T16:02:42.965,223.9511,-1.2107,-0.5271
2026-07-23T16:02:42.965,223.9511,-1.2694,-0.5467
2026-07-23T16:02:42.982,223.9511,-1.1324,-0.5859
2026-07-23T16:02:42.993,223.9818,-1.289,-0.5271
2026-07-23T16:02:43.002,223.9818,-1.2694,-0.5467
2026-07-23T16:02:43.011,224.0096,-1.1911,-0.488
2026-07-23T16:02:43.022,224.0096,-1.2694,-0.5859
2026-07-23T16:02:43.033,224.0096,-1.1715,-0.5271
2026-07-23T16:02:43.039,224.0096,-1.3477,-0.5859
2026-07-23T16:02:43.052,224.0495,-1.1128,-0.4684
2026-07-23T16:02:43.060,224.0495,-1.4065,-0.5467
2026-07-23T16:02:43.060,224.0557,-1.2107,-0.4684
2026-07-23T16:02:43.083,224.0804,-1.3673,-0.4684
2026-07-23T16:02:43.096,224.0819,-1.2498,-0.5075
2026-07-23T16:02:43.104,224.0819,-1.3477,-0.5271
2026-07-23T16:02:43.107,224.1044,-1.3086,-0.488
2026-07-23T16:02:43.129,224.1133,-1.4065,-0.5271
2026-07-23T16:02:43.129,224.1133,-1.1911,-0.5663
2026-07-23T16:02:43.138,224.1376,-1.4456,-0.5075
2026-07-23T16:02:43.155,224.1376,-1.3477,-0.5075
2026-07-23T16:02:43.155,224.1494,-1.4456,-0.5467
2026-07-23T16:02:43.170,224.1509,-1.3086,-0.5859
2026-07-23T16:02:43.188,224.1772,-1.4848,-0.5859
2026-07-23T16:02:43.188,224.1772,-1.4456,-0.5859
2026-07-23T16:02:43.200,224.1772,-1.3869,-0.625
2026-07-23T16:02:43.206,224.2043,-1.3477,-0.6446
2026-07-23T16:02:43.222,224.2043,-1.4848,-0.5467
2026-07-23T16:02:43.228,224.2043,-1.5044,-0.6054
2026-07-23T16:02:43.233,224.2299,-1.524,-0.625
2026-07-23T16:02:43.249,224.2384,-1.5436,-0.7033
2026-07-23T16:02:43.255,224.2434,-1.5436,-0.6446
2026-07-23T16:02:43.265,224.2692,-1.6023,-0.6446
2026-07-23T16:02:43.281,224.2698,-1.7002,-0.6054
2026-07-23T16:02:43.289,224.2717,-1.6806,-0.7229
2026-07-23T16:02:43.310,224.3045,-1.661,-0.6642
2026-07-23T16:02:43.317,224.3045,-1.524,-0.7229
2026-07-23T16:02:43.328,224.3086,-1.524,-0.7425
2026-07-23T16:02:43.331,224.3124,-1.4065,-0.7621
2026-07-23T16:02:43.344,224.3399,-1.3673,-0.8404
2026-07-23T16:02:43.354,224.3421,-1.2694,-0.8012
2026-07-23T16:02:43.359,224.3421,-1.3282,-0.86
2026-07-23T16:02:43.375,224.371,-1.289,-0.8991
2026-07-23T16:02:43.375,224.371,-1.2303,-0.8796
2026-07-23T16:02:43.393,224.371,-1.2303,-0.8796
2026-07-23T16:02:43.402,224.3831,-1.3086,-0.8991
2026-07-23T16:02:43.410,224.4054,-1.2694,-0.9187
2026-07-23T16:02:43.415,224.4097,-1.4065,-1.0166
2026-07-23T16:02:43.434,224.4097,-1.3673,-0.9383
2026-07-23T16:02:43.437,224.4375,-1.5044,-0.9971
2026-07-23T16:02:43.453,224.4396,-1.3869,-0.8796
2026-07-23T16:02:43.460,224.4396,-1.5631,-0.8991
2026-07-23T16:02:43.469,224.465,-1.4456,-0.7033
2026-07-23T16:02:43.485,224.465,-1.5827,-0.7621
2026-07-23T16:02:43.490,224.471,-1.4652,-0.7033
2026-07-23T16:02:43.502,224.4889,-1.6023,-0.6446
2026-07-23T16:02:43.502,224.4967,-1.4652,-0.6838
2026-07-23T16:02:43.522,224.4967,-1.6219,-0.6838
2026-07-23T16:02:43.534,224.5123,-1.524,-0.6838
2026-07-23T16:02:43.540,224.5123,-1.661,-0.7425
2026-07-23T16:02:43.555,224.5304,-1.5044,-0.7425
2026-07-23T16:02:43.563,224.5514,-1.7198,-0.7621
2026-07-23T16:02:43.563,224.5514,-1.5631,-0.7621
2026-07-23T16:02:43.581,224.5514,-1.7394,-0.7817
2026-07-23T16:02:43.595,224.5818,-1.6023,-0.8208
2026-07-23T16:02:43.595,224.5838,-1.7785,-0.7229
2026-07-23T16:02:43.611,224.6074,-1.6023,-0.8012
2026-07-23T16:02:43.627,224.6102,-1.661,-0.8012
2026-07-23T16:02:43.627,224.6102,-1.6806,-0.7817
2026-07-23T16:02:43.655,224.6387,-1.7394,-0.7033
2026-07-23T16:02:43.655,224.6387,-1.7198,-0.8404
2026-07-23T16:02:43.661,224.6387,-1.7785,-0.7425
2026-07-23T16:02:43.669,224.6387,-1.7002,-0.8404
2026-07-23T16:02:43.688,224.6729,-1.7198,-0.7621
2026-07-23T16:02:43.689,224.6729,-1.7394,-0.7817
2026-07-23T16:02:43.706,224.6974,-1.8177,-0.8404
2026-07-23T16:02:43.707,224.7025,-1.7589,-0.7817
2026-07-23T16:02:43.707,224.7045,-1.7981,-0.8012
2026-07-23T16:02:43.730,224.7096,-1.7589,-0.8012
2026-07-23T16:02:43.738,224.7188,-1.7981,-0.8208
2026-07-23T16:02:43.753,224.7342,-1.7198,-0.8012
2026-07-23T16:02:43.760,224.739,-1.8764,-0.7621
2026-07-23T16:02:43.770,224.7622,-1.6806,-0.8208
2026-07-23T16:02:43.770,224.766,-1.7785,-0.8012
2026-07-23T16:02:43.790,224.7932,-1.7002,-0.7817
2026-07-23T16:02:43.806,224.7976,-1.7589,-0.8404
2026-07-23T16:02:43.806,224.7976,-1.661,-0.7425
2026-07-23T16:02:43.822,224.7976,-1.7394,-0.7621
2026-07-23T16:02:43.835,224.8226,-1.6023,-0.7425
2026-07-23T16:02:43.835,224.8226,-1.7394,-0.7425
2026-07-23T16:02:43.848,224.832,-1.5436,-0.7033
2026-07-23T16:02:43.861,224.8515,-1.7394,-0.7229
2026-07-23T16:02:43.864,224.8598,-1.4848,-0.7033
2026-07-23T16:02:43.883,224.8642,-1.6219,-0.7033
2026-07-23T16:02:43.888,224.8853,-1.4652,-0.6446
2026-07-23T16:02:43.902,224.8853,-1.6023,-0.6642
2026-07-23T16:02:43.915,224.8933,-1.4652,-0.6446
2026-07-23T16:02:43.915,224.9156,-1.6219,-0.7229
2026-07-23T16:02:43.936,224.9176,-1.4261,-0.6446
2026-07-23T16:02:43.936,224.9212,-1.5827,-0.6446
2026-07-23T16:02:43.944,224.9484,-1.4652,-0.7033
2026-07-23T16:02:43.959,224.9508,-1.5631,-0.6054
2026-07-23T16:02:43.974,224.9554,-1.3869,-0.6054
2026-07-23T16:02:43.974,224.9782,-1.5436,-0.488
2026-07-23T16:02:43.995,224.9814,-1.3673,-0.6054
2026-07-23T16:02:44.002,224.9859,-1.4652,-0.6054
2026-07-23T16:02:44.007,225.0107,-1.3477,-0.5663
2026-07-23T16:02:44.024,225.0107,-1.3673,-0.5075
2026-07-23T16:02:44.032,225.0203,-1.2694,-0.5075
2026-07-23T16:02:44.040,225.0448,-1.3282,-0.4684
2026-07-23T16:02:44.055,225.0493,-1.3086,-0.5271
2026-07-23T16:02:44.061,225.0518,-1.3086,-0.4096
2026-07-23T16:02:44.074,225.0553,-1.2694,-0.4488
2026-07-23T16:02:44.089,225.0814,-1.2107,-0.5075
2026-07-23T16:02:44.089,225.0814,-1.1911,-0.4684
2026-07-23T16:02:44.100,225.0883,-1.2498,-0.3313
2026-07-23T16:02:44.116,225.1186,-1.1324,-0.4488
2026-07-23T16:02:44.124,225.1186,-1.1911,-0.4292
2026-07-23T16:02:44.132,225.1274,-1.0932,-0.4292
2026-07-23T16:02:44.139,225.1291,-1.1715,-0.3705
2026-07-23T16:02:44.155,225.1611,-1.0736,-0.3313
2026-07-23T16:02:44.165,225.1611,-1.0345,-0.4096
2026-07-23T16:02:44.169,225.1611,-1.054,-0.488
2026-07-23T16:02:44.180,225.1711,-1.1519,-0.2921
2026-07-23T16:02:44.192,225.2042,-0.9953,-0.1747
2026-07-23T16:02:44.207,225.208,-1.1128,-0.2138
2026-07-23T16:02:44.212,225.208,-0.8582,-0.1942
2026-07-23T16:02:44.222,225.2139,-1.0345,-0.1747
2026-07-23T16:02:44.227,225.2397,-0.8974,-0.1942
2026-07-23T16:02:44.243,225.251,-1.1324,-0.1942
2026-07-23T16:02:44.249,225.252,-0.9561,-0.0768
2026-07-23T16:02:44.259,225.2554,-1.1324,-0.2138
2026-07-23T16:02:44.271,225.29,-0.9365,-0.1355
2026-07-23T16:02:44.275,225.294,-1.0345,-0.1551
2026-07-23T16:02:44.290,225.294,-0.8386,-0.0963
2026-07-23T16:02:44.303,225.3027,-1.0736,-0.0376
2026-07-23T16:02:44.313,225.3066,-0.8386,-0.0376
2026-07-23T16:02:44.322,225.3346,-0.9365,0.0603
2026-07-23T16:02:44.338,225.3376,-0.7603,0.0016
2026-07-23T16:02:44.345,225.3396,-0.917,0.0799
2026-07-23T16:02:44.357,225.3396,-0.7016,0.0799
2026-07-23T16:02:44.357,225.3731,-0.8778,0.1386
2026-07-23T16:02:44.374,225.3761,-0.6428,0.1386
2026-07-23T16:02:44.384,225.3792,-0.8191,0.1778
2026-07-23T16:02:44.390,225.3822,-0.7212,0.2561
2026-07-23T16:02:44.403,225.4065,-0.7799,0.2953
2026-07-23T16:02:44.417,225.4065,-0.7016,0.217
2026-07-23T16:02:44.417,225.4065,-0.7212,0.2953
2026-07-23T16:02:44.435,225.4157,-0.6624,0.2757
2026-07-23T16:02:44.449,225.4452,-0.7212,0.2757
2026-07-23T16:02:44.449,225.4452,-0.6428,0.2953
2026-07-23T16:02:44.457,225.4482,-0.7016,0.354
2026-07-23T16:02:44.466,225.4767,-0.682,0.4128
2026-07-23T16:02:44.488,225.4767,-0.6037,0.2953
2026-07-23T16:02:44.488,225.4767,-0.6037,0.3344
2026-07-23T16:02:44.503,225.49,-0.6428,0.3344
2026-07-23T16:02:44.512,225.5182,-0.6428,0.3736
2026-07-23T16:02:44.522,225.5182,-0.6428,0.354
2026-07-23T16:02:44.527,225.5182,-0.6037,0.3932
2026-07-23T16:02:44.541,225.5239,-0.682,0.3149
2026-07-23T16:02:44.560,225.5521,-0.6233,0.4128
2026-07-23T16:02:44.560,225.5521,-0.7016,0.4128
2026-07-23T16:02:44.575,225.5573,-0.6233,0.3736
2026-07-23T16:02:44.582,225.5734,-0.7407,0.3149
2026-07-23T16:02:44.590,225.5734,-0.6428,0.4519
2026-07-23T16:02:44.590,225.5876,-0.7799,0.3149
2026-07-23T16:02:44.608,225.5952,-0.6037,0.3932
2026-07-23T16:02:44.622,225.6189,-0.7799,0.354
2026-07-23T16:02:44.624,225.6228,-0.5645,0.4519
2026-07-23T16:02:44.646,225.6228,-0.7407,0.3932
2026-07-23T16:02:44.655,225.655,-0.6037,0.4715
2026-07-23T16:02:44.655,225.657,-0.682,0.4323
2026-07-23T16:02:44.674,225.657,-0.5841,0.4128
2026-07-23T16:02:44.674,225.657,-0.682,0.3932
2026-07-23T16:02:44.691,225.688,-0.5841,0.4519
2026-07-23T16:02:44.701,225.688,-0.682,0.5107
2026-07-23T16:02:44.708,225.6985,-0.4666,0.4519
2026-07-23T16:02:44.724,225.7284,-0.7016,0.4911
2026-07-23T16:02:44.732,225.7284,-0.5449,0.4323
2026-07-23T16:02:44.739,225.7401,-0.6037,0.5302
2026-07-23T16:02:44.757,225.7452,-0.5449,0.4911
2026-07-23T16:02:44.764,225.7749,-0.5645,0.5302
2026-07-23T16:02:44.779,225.7764,-0.447,0.589
2026-07-23T16:02:44.779,225.7764,-0.5058,0.589
2026-07-23T16:02:44.791,225.7764,-0.4274,0.589
2026-07-23T16:02:44.796,225.8094,-0.4274,0.6086
2026-07-23T16:02:44.822,225.8094,-0.4274,0.6477
2026-07-23T16:02:44.822,225.8094,-0.4666,0.589
2026-07-23T16:02:44.832,225.8094,-0.447,0.5498
2026-07-23T16:02:44.839,225.8395,-0.4079,0.5694
2026-07-23T16:02:44.855,225.8532,-0.4274,0.6477
2026-07-23T16:02:44.860,225.8557,-0.4666,0.5694
2026-07-23T16:02:44.860,225.8633,-0.5058,0.5498
2026-07-23T16:02:44.874,225.8885,-0.3295,0.6477
2026-07-23T16:02:44.890,225.8885,-0.5841,0.589
2026-07-23T16:02:44.890,225.8885,-0.5449,0.6282
2026-07-23T16:02:44.907,225.9037,-0.5254,0.6282
2026-07-23T16:02:44.922,225.9188,-0.5058,0.6869
2026-07-23T16:02:44.938,225.9342,-0.5058,0.7456
2026-07-23T16:02:44.939,225.9378,-0.4862,0.824
2026-07-23T16:02:44.954,225.9415,-0.3687,0.9023
2026-07-23T16:02:44.958,225.9711,-0.5058,0.8827
2026-07-23T16:02:44.970,225.9765,-0.3295,0.9219
2026-07-23T16:02:44.985,225.9794,-0.4274,0.961
2026-07-23T16:02:44.992,225.983,-0.1925,1.0198
2026-07-23T16:02:45.004,226.0136,-0.2512,1.0198
2026-07-23T16:02:45.018,226.0207,-0.1729,1.1373
2026-07-23T16:02:45.022,226.0217,-0.2512,1.1373
2026-07-23T16:02:45.033,226.0249,-0.075,1.1764
2026-07-23T16:02:45.041,226.0554,-0.2316,1.2352
2026-07-23T16:02:45.050,226.0554,-0.075,1.1373
2026-07-23T16:02:45.064,226.0635,-0.1533,1.196
2026-07-23T16:02:45.073,226.0635,-0.0946,1.1373
2026-07-23T16:02:45.083,226.074,-0.2512,1.196
2026-07-23T16:02:45.089,226.1,-0.1337,1.1177
2026-07-23T16:02:45.106,226.1,-0.31,1.0589
2026-07-23T16:02:45.114,226.1079,-0.0946,1.0198
2026-07-23T16:02:45.114,226.1079,-0.2121,1.0002
2026-07-23T16:02:45.127,226.1239,-0.1337,0.961
2026-07-23T16:02:45.144,226.1375,-0.2121,1.0002
2026-07-23T16:02:45.151,226.1436,-0.1925,1.0393
2026-07-23T16:02:45.159,226.1436,-0.1925,1.0002
2026-07-23T16:02:45.166,226.1711,-0.2708,1.0002
2026-07-23T16:02:45.175,226.1711,-0.1925,0.9806
2026-07-23T16:02:45.194,226.1711,-0.2121,0.9023
2026-07-23T16:02:45.204,226.1898,-0.2316,1.0002
2026-07-23T16:02:45.210,226.2042,-0.1533,0.8827
2026-07-23T16:02:45.222,226.2147,-0.1337,0.8827
2026-07-23T16:02:45.222,226.2189,-0.2708,0.824
2026-07-23T16:02:45.250,226.2508,-0.2121,0.7848
2026-07-23T16:02:45.255,226.2534,-0.2121,0.824
2026-07-23T16:02:45.255,226.2534,-0.1337,0.8044
2026-07-23T16:02:45.270,226.2605,-0.31,0.8631
2026-07-23T16:02:45.291,226.29,-0.1925,0.8044
2026-07-23T16:02:45.291,226.29,-0.1925,0.9414
2026-07-23T16:02:45.304,226.29,-0.1337,0.8044
2026-07-23T16:02:45.318,226.2999,-0.1729,0.8631
2026-07-23T16:02:45.322,226.3243,-0.2121,0.7065
2026-07-23T16:02:45.333,226.3269,-0.1337,0.7261
2026-07-23T16:02:45.341,226.3297,-0.2512,0.7065
2026-07-23T16:02:45.353,226.3535,-0.1729,0.6673
2026-07-23T16:02:45.359,226.3635,-0.2316,0.6869
2026-07-23T16:02:45.375,226.3683,-0.1729,0.6477
2026-07-23T16:02:45.389,226.3751,-0.2316,0.6673
2026-07-23T16:02:45.389,226.3751,-0.075,0.6086
2026-07-23T16:02:45.404,226.3966,-0.1729,0.5694
2026-07-23T16:02:45.419,226.4029,-0.075,0.4911
2026-07-23T16:02:45.426,226.4084,-0.1337,0.4519
2026-07-23T16:02:45.434,226.4241,-0.0163,0.3149
2026-07-23T16:02:45.444,226.4241,-0.1729,0.2757
2026-07-23T16:02:45.454,226.4379,-0.075,0.1191
2026-07-23T16:02:45.459,226.4558,-0.0946,0.0799
2026-07-23T16:02:45.475,226.4711,-0.1142,-0.018
2026-07-23T16:02:45.475,226.4758,-0.1142,-0.0376
2026-07-23T16:02:45.496,226.4803,-0.0554,-0.1551
2026-07-23T16:02:45.505,226.5066,-0.0554,-0.1551
2026-07-23T16:02:45.507,226.5113,-0.0946,-0.2334
2026-07-23T16:02:45.522,226.5113,-0.0358,-0.2138
2026-07-23T16:02:45.531,226.5182,-0.0554,-0.3313
2026-07-23T16:02:45.544,226.5461,-0.0554,-0.2921
2026-07-23T16:02:45.555,226.5461,0.16,-0.3117
2026-07-23T16:02:45.562,226.5538,0.0425,-0.1355
2026-07-23T16:02:45.569,226.5538,-0.0946,-0.2334
2026-07-23T16:02:45.584,226.5814,0.0033,-0.2334
2026-07-23T16:02:45.588,226.5865,-0.1142,-0.2334
2026-07-23T16:02:45.605,226.5913,0.0033,-0.2334
2026-07-23T16:02:45.605,226.5971,-0.1337,-0.2138
2026-07-23T16:02:45.625,226.6208,-0.0163,-0.2334
2026-07-23T16:02:45.632,226.6243,-0.0946,-0.1551
2026-07-23T16:02:45.645,226.6301,0.0425,-0.1942
2026-07-23T16:02:45.655,226.6596,0.0033,-0.1551
2026-07-23T16:02:45.664,226.6616,0.0425,-0.1942
2026-07-23T16:02:45.675,226.6616,0.0817,-0.0768
2026-07-23T16:02:45.685,226.6681,0.16,-0.1159
2026-07-23T16:02:45.703,226.6955,0.1208,-0.0963
2026-07-23T16:02:45.705,226.6976,0.2383,-0.1355
2026-07-23T16:02:45.719,226.7007,0.2579,0.0016
2026-07-23T16:02:45.722,226.7064,0.297,-0.0768
2026-07-23T16:02:45.742,226.7223,0.3166,-0.018
2026-07-23T16:02:45.748,226.7411,0.4928,0.0407
2026-07-23T16:02:45.751,226.7435,0.532,0.0799
2026-07-23T16:02:45.773,226.7761,0.4537,0.1191
2026-07-23T16:02:45.773,226.7761,0.6299,0.1778
2026-07-23T16:02:45.773,226.7761,0.5712,0.1191
2026-07-23T16:02:45.794,226.7858,0.7278,0.2561
2026-07-23T16:02:45.805,226.8134,0.7278,0.2757
2026-07-23T16:02:45.805,226.8176,0.8649,0.3344
2026-07-23T16:02:45.827,226.8218,0.9824,0.4519
2026-07-23T16:02:45.837,226.8267,1.1194,0.4519
2026-07-23T16:02:45.837,226.8267,1.1978,0.4519
2026-07-23T16:02:45.855,226.8565,1.2957,0.5302
2026-07-23T16:02:45.864,226.8565,1.3152,0.4911
2026-07-23T16:02:45.878,226.8565,1.2957,0.4911
2026-07-23T16:02:45.878,226.8565,1.2761,0.5302
2026-07-23T16:02:45.900,226.8967,1.374,0.4715
2026-07-23T16:02:45.907,226.8967,1.374,0.6869
2026-07-23T16:02:45.907,226.8967,1.2761,0.5694
2026-07-23T16:02:45.924,226.928,1.374,0.6282
2026-07-23T16:02:45.932,226.935,1.2565,0.6673
2026-07-23T16:02:45.947,226.935,1.3348,0.6282
2026-07-23T16:02:45.947,226.938,1.1782,0.6869
2026-07-23T16:02:45.963,226.9597,1.2565,0.7065
2026-07-23T16:02:45.963,226.9597,1.1194,0.6869
2026-07-23T16:02:45.986,226.9712,1.2369,0.589
2026-07-23T16:02:45.989,226.9756,1.0607,0.6282
2026-07-23T16:02:46.001,226.9977,1.1586,0.6282
2026-07-23T16:02:46.010,227.0046,1.0411,0.6477
2026-07-23T16:02:46.026,227.0075,1.2369,0.5498
2026-07-23T16:02:46.036,227.0334,0.9824,0.6869
2026-07-23T16:02:46.044,227.0376,1.139,0.6673
2026-07-23T16:02:46.055,227.0391,1.0215,0.6282
2026-07-23T16:02:46.060,227.0551,1.1194,0.6282
2026-07-23T16:02:46.075,227.0551,0.9824,0.6673
2026-07-23T16:02:46.084,227.0748,1.1194,0.6477
2026-07-23T16:02:46.090,227.0748,0.9236,0.6477
2026-07-23T16:02:46.106,227.101,1.0411,0.6673
2026-07-23T16:02:46.106,227.1031,0.9432,0.7065
2026-07-23T16:02:46.126,227.1047,1.0411,0.6673
2026-07-23T16:02:46.126,227.1198,0.9432,0.6673
2026-07-23T16:02:46.144,227.1377,0.9432,0.5498
2026-07-23T16:02:46.156,227.1442,0.904,0.7456
2026-07-23T16:02:46.163,227.1442,0.904,0.589
2026-07-23T16:02:46.171,227.1711,0.9236,0.6869
2026-07-23T16:02:46.171,227.1711,0.9432,0.6477
2026-07-23T16:02:46.195,227.1821,0.8845,0.6477
2026-07-23T16:02:46.201,227.2045,0.8649,0.6086
2026-07-23T16:02:46.217,227.2045,0.9432,0.6282
2026-07-23T16:02:46.222,227.2136,0.8649,0.589
2026-07-23T16:02:46.236,227.2136,0.8257,0.5498
2026-07-23T16:02:46.236,227.2415,0.8061,0.6673
2026-07-23T16:02:46.251,227.2452,0.8061,0.6086
2026-07-23T16:02:46.264,227.2505,0.8257,0.6086
2026-07-23T16:02:46.264,227.2505,0.8649,0.589
2026-07-23T16:02:46.280,227.2766,0.8453,0.5694
2026-07-23T16:02:46.295,227.2836,0.7082,0.589
2026-07-23T16:02:46.301,227.2836,0.7866,0.5302
2026-07-23T16:02:46.315,227.3083,0.7082,0.5498
2026-07-23T16:02:46.322,227.3083,0.7278,0.589
2026-07-23T16:02:46.334,227.3083,0.6299,0.5302
2026-07-23T16:02:46.345,227.3401,0.7474,0.5694
2026-07-23T16:02:46.358,227.3401,0.6299,0.4519
2026-07-23T16:02:46.359,227.3401,1.1194,0.5498
2026-07-23T16:02:46.359,227.3712,0.6103,0.4911
2026-07-23T16:02:46.376,227.3787,0.7866,0.4715
2026-07-23T16:02:46.391,227.3787,0.6495,0.5107
2026-07-23T16:02:46.391,227.3887,0.8061,0.5694
2026-07-23T16:02:46.406,227.4106,0.7082,0.5302
2026-07-23T16:02:46.422,227.4106,0.8649,0.6086
2026-07-23T16:02:46.437,227.4106,0.6691,0.5302
2026-07-23T16:02:46.446,227.4378,0.8453,0.5694
2026-07-23T16:02:46.455,227.4411,0.6495,0.5498
2026-07-23T16:02:46.461,227.4411,0.8453,0.5694
2026-07-23T16:02:46.469,227.466,0.6887,0.5498
2026-07-23T16:02:46.485,227.4693,0.8649,0.589
2026-07-23T16:02:46.492,227.4713,0.8257,0.6282
2026-07-23T16:02:46.503,227.5014,0.9236,0.6282
2026-07-23T16:02:46.506,227.5014,0.8845,0.6869
2026-07-23T16:02:46.522,227.5067,0.9236,0.6869
2026-07-23T16:02:46.532,227.5337,0.8649,0.7456
2026-07-23T16:02:46.548,227.5377,0.9432,0.6477
2026-07-23T16:02:46.552,227.542,0.9236,0.7261
2026-07-23T16:02:46.564,227.5462,0.9432,0.7065
2026-07-23T16:02:46.579,227.5695,0.9432,0.824
2026-07-23T16:02:46.579,227.5695,1.0019,0.7652
2026-07-23T16:02:46.593,227.5757,0.904,0.7652
2026-07-23T16:02:46.607,227.5991,1.0019,0.7848
2026-07-23T16:02:46.612,227.5991,0.9628,0.7848
2026-07-23T16:02:46.626,227.6071,1.0411,0.9023
2026-07-23T16:02:46.626,227.6071,1.0607,0.7848
2026-07-23T16:02:46.646,227.6253,1.0999,0.8631
2026-07-23T16:02:46.650,227.6388,1.0607,0.8044
2026-07-23T16:02:46.663,227.6589,1.0803,0.9023
2026-07-23T16:02:46.676,227.6669,1.0215,0.8044
2026-07-23T16:02:46.676,227.6669,1.0999,0.8631
2026-07-23T16:02:46.691,227.6712,1.0999,0.8435
2026-07-23T16:02:46.691,227.6983,1.1586,0.9219
2026-07-23T16:02:46.710,227.7021,0.9432,0.8827
2026-07-23T16:02:46.722,227.7046,1.1586,0.9414
2026-07-23T16:02:46.742,227.7358,0.9432,0.961
2026-07-23T16:02:46.742,227.7358,1.1978,0.9023
2026-07-23T16:02:46.755,227.7424,0.904,0.9806
2026-07-23T16:02:46.760,227.7424,1.1194,0.9806
2026-07-23T16:02:46.769,227.7752,1.0215,1.0393
2026-07-23T16:02:46.787,227.7779,1.2565,1.0198
2026-07-23T16:02:46.793,227.7779,1.0411,1.1177
2026-07-23T16:02:46.807,227.8045,1.2173,1.0981
2026-07-23T16:02:46.816,227.8137,1.0019,1.1177
2026-07-23T16:02:46.829,227.8184,1.2369,1.0198
2026-07-23T16:02:46.835,227.8184,1.0215,1.0785
2026-07-23T16:02:46.855,227.8529,1.2565,1.0981
2026-07-23T16:02:46.855,227.8529,1.0803,1.1177
2026-07-23T16:02:46.865,227.8558,1.2565,1.1764
2026-07-23T16:02:46.869,227.8606,1.1978,1.2352
2026-07-23T16:02:46.889,227.8767,1.2761,1.2156
2026-07-23T16:02:46.895,227.8891,1.2369,1.2939
2026-07-23T16:02:46.904,227.8891,1.3152,1.3331
2026-07-23T16:02:46.911,227.8961,1.374,1.3722
2026-07-23T16:02:46.927,227.9236,1.3152,1.3526
2026-07-23T16:02:46.927,227.9244,1.2565,1.3918
2026-07-23T16:02:46.947,227.9308,1.2761,1.431
2026-07-23T16:02:46.947,227.9559,1.2565,1.4114
2026-07-23T16:02:46.961,227.9645,1.3544,1.4505
2026-07-23T16:02:46.961,227.9645,1.2957,1.4897
2026-07-23T16:02:46.982,227.9726,1.3348,1.4505
2026-07-23T16:02:46.992,227.9965,1.2957,1.431
2026-07-23T16:02:47.007,228.0024,1.3348,1.4897
2026-07-23T16:02:47.015,228.0065,1.2957,1.4701
2026-07-23T16:02:47.023,228.0151,1.3936,1.5289
2026-07-23T16:02:47.023,228.0378,1.3348,1.4897
2026-07-23T16:02:47.043,228.0378,1.4719,1.5484
2026-07-23T16:02:47.053,228.0378,1.374,1.5876
2026-07-23T16:02:47.066,228.0501,1.511,1.568
2026-07-23T16:02:47.078,228.0758,1.3544,1.5484
2026-07-23T16:02:47.089,228.0758,1.4719,1.6072
2026-07-23T16:02:47.089,228.0826,1.2957,1.568
2026-07-23T16:02:47.101,228.0826,1.511,1.5876
2026-07-23T16:02:47.116,228.1045,1.2369,1.5876
2026-07-23T16:02:47.127,228.1125,1.511,1.5093
2026-07-23T16:02:47.133,228.1175,1.2369,1.5484
2026-07-23T16:02:47.155,228.1444,1.4915,1.568
2026-07-23T16:02:47.155,228.1449,1.3348,1.568
2026-07-23T16:02:47.163,228.149,1.4915,1.5093
2026-07-23T16:02:47.168,228.1712,1.3544,1.4505
2026-07-23T16:02:47.189,228.1754,1.4719,1.4701
2026-07-23T16:02:47.196,228.1794,1.3348,1.4897
2026-07-23T16:02:47.207,228.2045,1.4915,1.4505
2026-07-23T16:02:47.211,228.2075,1.3544,1.431
2026-07-23T16:02:47.226,228.211,1.5306,1.3918
2026-07-23T16:02:47.230,228.2164,1.4131,1.4505
2026-07-23T16:02:47.241,228.239,1.609,1.431
2026-07-23T16:02:47.258,228.2431,1.4719,1.6464
2026-07-23T16:02:47.262,228.2501,1.609,1.431
2026-07-23T16:02:47.274,228.2712,1.511,1.4897
2026-07-23T16:02:47.274,228.2712,1.6285,1.431
2026-07-23T16:02:47.294,228.2845,1.609,1.5093
2026-07-23T16:02:47.303,228.2869,1.609,1.3918
2026-07-23T16:02:47.322,228.3047,1.609,1.431
2026-07-23T16:02:47.322,228.3047,1.8048,1.3918
2026-07-23T16:02:47.322,228.3224,1.5502,1.3918
2026-07-23T16:02:47.348,228.3511,1.5894,1.431
2026-07-23T16:02:47.355,228.3536,1.5502,1.4114
2026-07-23T16:02:47.355,228.3566,1.5894,1.3331
2026-07-23T16:02:47.373,228.3593,1.5502,1.3526
2026-07-23T16:02:47.385,228.3816,1.5306,1.3331
2026-07-23T16:02:47.389,228.3881,1.4915,1.431
2026-07-23T16:02:47.407,228.3942,1.5306,1.3331
2026-07-23T16:02:47.415,228.398,1.4719,1.3135
2026-07-23T16:02:47.422,228.4207,1.4719,1.3526
2026-07-23T16:02:47.445,228.4207,1.4327,1.2352
2026-07-23T16:02:47.445,228.4294,1.5306,1.3331
2026-07-23T16:02:47.457,228.4549,1.4915,1.2547
2026-07-23T16:02:47.466,228.4569,1.5698,1.3331
2026-07-23T16:02:47.472,228.4569,1.4327,1.3135
2026-07-23T16:02:47.480,228.4612,1.5698,1.4114
2026-07-23T16:02:47.496,228.4768,1.4523,1.2939
2026-07-23T16:02:47.508,228.4768,1.6285,1.431
2026-07-23T16:02:47.512,228.4768,1.4719,1.3331
2026-07-23T16:02:47.528,228.5082,1.7069,1.3918
2026-07-23T16:02:47.528,228.5175,1.4131,1.3722
2026-07-23T16:02:47.544,228.5212,1.6285,1.3918
2026-07-23T16:02:47.549,228.5439,1.5502,1.3918
2026-07-23T16:02:47.559,228.5493,1.7656,1.4897
2026-07-23T16:02:47.575,228.5493,1.6873,1.4505
2026-07-23T16:02:47.585,228.5752,1.9222,1.4897
2026-07-23T16:02:47.595,228.5791,1.8439,1.5289
2026-07-23T16:02:47.600,228.5791,2.0006,1.4897
2026-07-23T16:02:47.622,228.6047,1.8243,1.568
2026-07-23T16:02:47.622,228.6124,2.0201,1.5484
2026-07-23T16:02:47.630,228.6181,1.8831,1.568
2026-07-23T16:02:47.639,228.6425,1.9418,1.5484
2026-07-23T16:02:47.656,228.6477,1.9222,1.6268
2026-07-23T16:02:47.663,228.651,2.0201,1.5876
2026-07-23T16:02:47.669,228.6713,1.9614,1.6268
2026-07-23T16:02:47.688,228.6713,2.0006,1.6464
2026-07-23T16:02:47.693,228.6786,2.0006,1.6659
2026-07-23T16:02:47.702,228.6813,2.0593,1.6464
2026-07-23T16:02:47.711,228.7046,2.0397,1.6659
2026-07-23T16:02:47.722,228.7113,2.1181,1.6659
2026-07-23T16:02:47.732,228.7169,2.1181,1.7051
2026-07-23T16:02:47.755,228.7434,2.1572,1.6659
2026-07-23T16:02:47.755,228.745,2.1572,1.7443
2026-07-23T16:02:47.768,228.745,2.1376,1.7051
2026-07-23T16:02:47.768,228.7765,2.1181,1.7051
2026-07-23T16:02:47.780,228.7765,2.1572,1.7247
2026-07-23T16:02:47.796,228.7851,2.1768,1.6464
2026-07-23T16:02:47.796,228.7873,2.1768,1.6855
2026-07-23T16:02:47.822,228.8083,2.1572,1.6855
2026-07-23T16:02:47.822,228.8083,2.216,1.7247
2026-07-23T16:02:47.838,228.8083,2.0985,1.6464
2026-07-23T16:02:47.851,228.8492,2.1572,1.7051
2026-07-23T16:02:47.859,228.8492,2.0397,1.7247
2026-07-23T16:02:47.859,228.8492,2.1768,1.6855
2026-07-23T16:02:47.875,228.8572,2.0397,1.6464
2026-07-23T16:02:47.878,228.885,2.1964,1.7247
2026-07-23T16:02:47.891,228.887,2.0789,1.7051
2026-07-23T16:02:47.900,228.8911,2.1768,1.7051
2026-07-23T16:02:47.914,228.8947,2.0201,1.6659
2026-07-23T16:02:47.925,228.9237,2.1964,1.7051
2026-07-23T16:02:47.938,228.9263,2.1572,1.6855
2026-07-23T16:02:47.942,228.9263,2.1964,1.7247
2026-07-23T16:02:47.955,228.9519,2.0789,1.7247
2026-07-23T16:02:47.961,228.9573,2.216,1.7051
2026-07-23T16:02:47.977,228.9573,2.0397,1.8226
2026-07-23T16:02:47.982,228.964,2.1768,1.7443
2026-07-23T16:02:48.003,228.9822,2.0985,1.7443
2026-07-23T16:02:48.008,228.9938,2.1768,1.7051
2026-07-23T16:02:48.015,228.998,2.0397,1.7638
2026-07-23T16:02:48.022,229.0239,2.1964,1.7051
2026-07-23T16:02:48.033,229.0239,2.1181,1.6855
2026-07-23T16:02:48.045,229.0297,2.0789,1.7443
2026-07-23T16:02:48.059,229.0556,2.0789,1.7051
2026-07-23T16:02:48.065,229.0576,2.0593,1.6659
2026-07-23T16:02:48.075,229.0576,2.0201,1.7051
2026-07-23T16:02:48.080,229.0633,2.0201,1.6464
2026-07-23T16:02:48.096,229.078,2.0201,1.7051
2026-07-23T16:02:48.106,229.078,2.0201,1.6659
2026-07-23T16:02:48.114,229.093,2.0397,1.8226
2026-07-23T16:02:48.122,229.1208,2.0593,1.6855
2026-07-23T16:02:48.129,229.1255,2.0397,1.6659
2026-07-23T16:02:48.144,229.1255,2.0397,1.7443
2026-07-23T16:02:48.160,229.1576,2.0985,1.7638
2026-07-23T16:02:48.160,229.1604,2.0985,1.7443
2026-07-23T16:02:48.176,229.1604,2.0789,1.6855
2026-07-23T16:02:48.176,229.1604,2.0006,1.7834
2026-07-23T16:02:48.193,229.1869,2.0201,1.6659
2026-07-23T16:02:48.193,229.1869,2.0397,1.7638
2026-07-23T16:02:48.211,229.1869,1.9614,1.6855
2026-07-23T16:02:48.224,229.2179,2.0789,1.7247
2026-07-23T16:02:48.238,229.2289,1.981,1.7051
2026-07-23T16:02:48.238,229.2351,2.0985,1.7443
2026-07-23T16:02:48.253,229.2379,1.9614,1.7051
2026-07-23T16:02:48.269,229.2613,2.0789,1.7638
2026-07-23T16:02:48.269,229.2639,1.9418,1.803
2026-07-23T16:02:48.286,229.2683,2.1376,1.8226
2026-07-23T16:02:48.295,229.2959,2.0789,1.8422
2026-07-23T16:02:48.300,229.2998,2.1572,1.8422
2026-07-23T16:02:48.315,229.3018,2.0397,1.9009
2026-07-23T16:02:48.322,229.3117,2.216,1.9205
2026-07-23T16:02:48.336,229.3274,2.0985,1.9988
2026-07-23T16:02:48.349,229.3274,2.2747,1.9988
2026-07-23T16:02:48.355,229.3401,2.2551,2.0184
2026-07-23T16:02:48.363,229.3621,2.3334,2.0575
2026-07-23T16:02:48.363,229.3668,2.2943,2.0967
2026-07-23T16:02:48.391,229.3748,2.4509,2.1359
2026-07-23T16:02:48.391,229.3961,2.4313,2.1555
2026-07-23T16:02:48.410,229.4047,2.5292,2.1555
2026-07-23T16:02:48.413,229.4065,2.4705,2.1555
2026-07-23T16:02:48.426,229.4108,2.5488,2.1555
2026-07-23T16:02:48.447,229.4409,2.5488,2.1946
2026-07-23T16:02:48.447,229.4409,2.5292,2.1946
2026-07-23T16:02:48.457,229.4437,2.6272,2.2925
2026-07-23T16:02:48.462,229.4437,2.5488,2.2142
2026-07-23T16:02:48.473,229.4712,2.6272,2.175
2026-07-23T16:02:48.473,229.4712,2.6467,2.1555
2026-07-23T16:02:48.494,229.4819,2.7055,2.3121
2026-07-23T16:02:48.503,229.5046,2.823,2.175
2026-07-23T16:02:48.522,229.5196,2.9209,2.3317
2026-07-23T16:02:48.522,229.5196,2.9992,2.3317
2026-07-23T16:02:48.537,229.5251,3.0188,2.2925
2026-07-23T16:02:48.545,229.5549,2.9404,2.3513
2026-07-23T16:02:48.555,229.5577,2.9404,2.3121
2026-07-23T16:02:48.570,229.5649,2.96,2.3904
2026-07-23T16:02:48.570,229.5649,2.96,2.3513
2026-07-23T16:02:48.586,229.5919,2.9013,2.4296
2026-07-23T16:02:48.600,229.5967,2.7838,2.3708
2026-07-23T16:02:48.606,229.5967,2.96,2.3708
2026-07-23T16:02:48.609,229.6044,2.9992,2.3121
2026-07-23T16:02:48.628,229.6352,3.1363,2.4492
2026-07-23T16:02:48.632,229.6382,3.1558,2.41
2026-07-23T16:02:48.647,229.6382,3.2537,2.4883
2026-07-23T16:02:48.655,229.6486,3.0971,2.4296
2026-07-23T16:02:48.668,229.6766,3.2342,2.4296
2026-07-23T16:02:48.679,229.6766,3.1558,2.4492
2026-07-23T16:02:48.683,229.6838,3.1754,2.4492
2026-07-23T16:02:48.695,229.6878,3.0971,2.4492
2026-07-23T16:02:48.712,229.7144,3.2342,2.4687
2026-07-23T16:02:48.722,229.7144,3.1363,2.4492
2026-07-23T16:02:48.727,229.7234,3.195,2.5471
2026-07-23T16:02:48.739,229.7262,3.1167,2.5275
2026-07-23T16:02:48.742,229.7539,3.2146,2.4296
2026-07-23T16:02:48.758,229.7572,3.1363,2.5079
2026-07-23T16:02:48.765,229.7602,3.1754,2.4296
2026-07-23T16:02:48.774,229.7602,3.1754,2.5275
2026-07-23T16:02:48.779,229.7863,3.195,2.4883
2026-07-23T16:02:48.795,229.7988,3.195,2.5079
2026-07-23T16:02:48.805,229.8036,3.2733,2.5275
2026-07-23T16:02:48.811,229.8046,3.2929,2.5666
2026-07-23T16:02:48.822,229.8339,3.195,2.5079
2026-07-23T16:02:48.837,229.84,3.3516,2.5471
2026-07-23T16:02:48.837,229.84,3.2146,2.5666
2026-07-23T16:02:48.855,229.8472,3.3712,2.6254
2026-07-23T16:02:48.855,229.8714,3.3321,2.6254
2026-07-23T16:02:48.879,229.8807,3.3712,2.5862
2026-07-23T16:02:48.885,229.8807,3.2733,2.6645
2026-07-23T16:02:48.898,229.8863,3.4691,2.6058
2026-07-23T16:02:48.909,229.9113,3.4691,2.6841
2026-07-23T16:02:48.922,229.9209,3.5866,2.645
2026-07-23T16:02:48.931,229.9209,3.5083,2.7037
2026-07-23T16:02:48.931,229.9209,3.6454,2.6645
2026-07-23T16:02:48.942,229.953,3.567,2.7037
2026-07-23T16:02:48.962,229.9608,3.6845,2.645
2026-07-23T16:02:48.962,229.9629,3.6062,2.7233
2026-07-23T16:02:48.972,229.9663,3.5866,2.7037
2026-07-23T16:02:48.989,229.9947,3.6845,2.7429
2026-07-23T16:02:48.994,229.9947,3.6062,2.7429
2026-07-23T16:02:48.994,229.9947,3.6454,2.782
2026-07-23T16:02:49.017,230.0066,3.6454,2.782
2026-07-23T16:02:49.022,230.0066,3.7433,2.7429
2026-07-23T16:02:49.042,230.0229,3.7237,2.7233
2026-07-23T16:02:49.045,230.0379,3.7237,2.8016
2026-07-23T16:02:49.057,230.0453,3.8216,2.8212
2026-07-23T16:02:49.066,230.0714,3.9586,2.9191
2026-07-23T16:02:49.074,230.0714,3.8412,2.9191
2026-07-23T16:02:49.089,230.0781,3.9782,2.8799
2026-07-23T16:02:49.096,230.0781,3.9391,2.9583
2026-07-23T16:02:49.109,230.1047,4.0957,2.9191
2026-07-23T16:02:49.120,230.1047,4.037,3.017
2026-07-23T16:02:49.122,230.1169,4.0565,3.0562
2026-07-23T16:02:49.137,230.1196,4.0565,3.0562
2026-07-23T16:02:49.137,230.1518,4.0957,2.9974
2026-07-23T16:02:49.156,230.1518,4.0761,3.0757
2026-07-23T16:02:49.168,230.1582,3.9782,3.0953
2026-07-23T16:02:49.170,230.1615,4.2132,3.1345
2026-07-23T16:02:49.184,230.1803,3.9586,3.0953
2026-07-23T16:02:49.189,230.1803,4.1544,3.1541
2026-07-23T16:02:49.209,230.1803,3.9978,3.2128
2026-07-23T16:02:49.216,230.1975,4.1153,3.1345
2026-07-23T16:02:49.231,230.2226,3.8803,3.0757
2026-07-23T16:02:49.231,230.2226,4.0174,3.1149
2026-07-23T16:02:49.248,230.2277,3.8999,3.1345
2026-07-23T16:02:49.248,230.2277,3.9782,3.0953
2026-07-23T16:02:49.263,230.2576,3.8412,3.0953
2026-07-23T16:02:49.273,230.2598,3.9782,3.0366
2026-07-23T16:02:49.289,230.2867,3.7824,3.0953
2026-07-23T16:02:49.296,230.2907,3.9586,3.0562
2026-07-23T16:02:49.310,230.2907,3.8412,3.1149
2026-07-23T16:02:49.315,230.2995,3.9391,3.0562
2026-07-23T16:02:49.326,230.3224,3.8216,3.0953
2026-07-23T16:02:49.326,230.3224,3.8607,3.0366
2026-07-23T16:02:49.341,230.3285,3.8803,3.0757
2026-07-23T16:02:49.358,230.3579,3.8216,3.0562
2026-07-23T16:02:49.358,230.3626,3.802,3.0757
2026-07-23T16:02:49.379,230.3657,3.802,3.017
2026-07-23T16:02:49.379,230.3713,3.7824,3.0562
2026-07-23T16:02:49.389,230.3851,3.7433,3.0366
2026-07-23T16:02:49.404,230.3851,3.6845,3.1541
2026-07-23T16:02:49.416,230.4045,3.7628,3.0366
2026-07-23T16:02:49.422,230.4056,3.7041,2.9974
2026-07-23T16:02:49.422,230.4323,3.7237,3.0757
2026-07-23T16:02:49.436,230.4323,3.7433,3.0953
2026-07-23T16:02:49.456,230.4382,3.6454,3.0366
2026-07-23T16:02:49.468,230.4639,3.6845,2.9974
2026-07-23T16:02:49.475,230.4644,3.6845,3.0562
2026-07-23T16:02:49.483,230.4683,3.6062,2.9974
2026-07-23T16:02:49.499,230.4957,3.6845,3.017
2026-07-23T16:02:49.509,230.4982,3.6258,2.9974
2026-07-23T16:02:49.519,230.4982,3.7824,2.9583
2026-07-23T16:02:49.522,230.5057,3.6258,3.017
2026-07-23T16:02:49.531,230.5291,3.7628,3.017
2026-07-23T16:02:49.549,230.5291,3.5866,3.0562
2026-07-23T16:02:49.556,230.5291,3.7628,3.1345
2026-07-23T16:02:49.564,230.5579,3.5474,3.0757
2026-07-23T16:02:49.576,230.5611,3.7433,3.1345
2026-07-23T16:02:49.580,230.5654,3.7041,3.0562
2026-07-23T16:02:49.594,230.5912,3.8412,3.1149
2026-07-23T16:02:49.594,230.5912,3.6454,3.1149
2026-07-23T16:02:49.616,230.5912,3.8999,3.1149
2026-07-23T16:02:49.629,230.6203,3.7041,3.1932
2026-07-23T16:02:49.640,230.6203,3.8412,3.1149
2026-07-23T16:02:49.642,230.6341,3.7041,3.1736
2026-07-23T16:02:49.657,230.6382,3.6845,3.1345
2026-07-23T16:02:49.657,230.6619,3.7433,3.2128
2026-07-23T16:02:49.671,230.6674,3.8803,3.2716
2026-07-23T16:02:49.689,230.6711,3.7433,3.1932
2026-07-23T16:02:49.689,230.6988,3.8607,3.2128
2026-07-23T16:02:49.709,230.7049,3.8216,3.1932
2026-07-23T16:02:49.713,230.7084,3.8803,3.2128
2026-07-23T16:02:49.726,230.7149,3.8412,3.252
2026-07-23T16:02:49.737,230.7382,3.9391,3.252
2026-07-23T16:02:49.737,230.7382,3.8803,3.252
2026-07-23T16:02:49.759,230.7453,3.8216,3.2911
2026-07-23T16:02:49.766,230.7463,3.8412,3.2716
2026-07-23T16:02:49.766,230.7714,3.8803,3.2716
2026-07-23T16:02:49.781,230.7714,3.9391,3.1932
2026-07-23T16:02:49.789,230.778,3.9195,3.252
2026-07-23T16:02:49.799,230.8018,3.9391,3.1736
2026-07-23T16:02:49.813,230.8048,3.9391,3.252
2026-07-23T16:02:49.829,230.8098,3.9586,3.2716
2026-07-23T16:02:49.833,230.8098,4.037,3.3695
2026-07-23T16:02:49.845,230.8378,4.037,3.3695
2026-07-23T16:02:49.853,230.8413,4.174,3.4086
2026-07-23T16:02:49.861,230.8428,4.037,3.4086
2026-07-23T16:02:49.876,230.8582,4.3111,3.5065
2026-07-23T16:02:49.879,230.8582,4.0957,3.5261
2026-07-23T16:02:49.894,230.873,4.3307,3.5848
2026-07-23T16:02:49.894,230.8889,4.2132,3.5457
2026-07-23T16:02:49.909,230.8889,4.5265,3.6632
2026-07-23T16:02:49.924,230.9047,4.3698,3.7219
2026-07-23T16:02:49.935,230.9205,4.6048,3.7023
2026-07-23T16:02:49.940,230.9205,4.409,3.6827
2026-07-23T16:02:49.957,230.9402,4.644,3.7611
2026-07-23T16:02:49.971,230.9627,4.5461,3.7807
2026-07-23T16:02:49.971,230.9674,4.6244,3.7415
2026-07-23T16:02:49.991,230.9712,4.5265,3.8394
2026-07-23T16:02:50.009,230.9992,4.6831,3.8002
2026-07-23T16:02:50.009,230.9992,4.5656,3.8981
2026-07-23T16:02:50.013,230.9992,4.6635,3.9569
2026-07-23T16:02:50.022,231.0074,4.5852,3.9177
2026-07-23T16:02:50.034,231.0334,4.6831,3.8981
2026-07-23T16:02:50.047,231.0386,4.5656,3.859
2026-07-23T16:02:50.058,231.0409,4.644,3.8198
2026-07-23T16:02:50.066,231.0624,4.5852,3.8981
2026-07-23T16:02:50.066,231.0714,4.644,3.8002
2026-07-23T16:02:50.087,231.0744,4.5656,3.8198
2026-07-23T16:02:50.097,231.079,4.5852,3.8002
2026-07-23T16:02:50.100,231.1049,4.5265,3.8002
2026-07-23T16:02:50.113,231.1097,4.5461,3.8198
2026-07-23T16:02:50.130,231.1097,4.4873,3.859
2026-07-23T16:02:50.130,231.1097,4.4873,3.8002
2026-07-23T16:02:50.145,231.1412,4.5265,3.859
2026-07-23T16:02:50.159,231.1412,4.5656,3.8786
2026-07-23T16:02:50.161,231.1483,4.4873,3.7807
2026-07-23T16:02:50.176,231.1729,4.7027,3.8002
2026-07-23T16:02:50.186,231.1729,4.4873,3.7611
2026-07-23T16:02:50.192,231.1729,4.5069,3.7415
2026-07-23T16:02:50.210,231.2043,4.409,3.7219
2026-07-23T16:02:50.213,231.2043,4.5461,3.8002
2026-07-23T16:02:50.224,231.2083,4.3111,3.6827
2026-07-23T16:02:50.224,231.2338,4.4286,3.7023
2026-07-23T16:02:50.247,231.2378,4.0957,3.624
2026-07-23T16:02:50.259,231.2419,4.3894,3.6436
2026-07-23T16:02:50.259,231.2671,4.1936,3.5848
2026-07-23T16:02:50.272,231.2735,4.3503,3.624
2026-07-23T16:02:50.285,231.2735,4.2328,3.5653
2026-07-23T16:02:50.297,231.2828,4.409,3.624
2026-07-23T16:02:50.318,231.3087,4.2719,3.624
2026-07-23T16:02:50.318,231.3087,4.4482,3.6632
2026-07-23T16:02:50.324,231.3145,4.3111,3.7807
2026-07-23T16:02:50.336,231.3145,4.5069,3.7023
2026-07-23T16:02:50.354,231.3464,4.3503,3.7611
2026-07-23T16:02:50.356,231.3464,4.6244,3.7415
2026-07-23T16:02:50.365,231.3464,4.4286,3.8002
2026-07-23T16:02:50.389,231.3862,4.5852,3.8198
2026-07-23T16:02:50.396,231.3862,4.5461,3.8786
2026-07-23T16:02:50.397,231.3862,4.7419,3.7807
2026-07-23T16:02:50.397,231.3935,4.6831,3.8786
2026-07-23T16:02:50.413,231.4255,4.7027,3.8394
2026-07-23T16:02:50.429,231.4255,4.6635,3.996
2026-07-23T16:02:50.437,231.4255,4.781,3.8394
2026-07-23T16:02:50.444,231.4381,4.781,3.9177
2026-07-23T16:02:50.456,231.4594,4.9768,3.9373
2026-07-23T16:02:50.463,231.4594,5.1726,4.0548
2026-07-23T16:02:50.476,231.4714,5.4076,4.1527
2026-07-23T16:02:50.476,231.4741,5.5251,4.2114
2026-07-23T16:02:50.508,231.5046,5.6622,4.2898
2026-07-23T16:02:50.510,231.5046,5.5643,4.4464
2026-07-23T16:02:50.510,231.5046,5.6426,4.466
2026-07-23T16:02:50.525,231.5114,5.6426,4.4856
2026-07-23T16:02:50.539,231.547,5.8188,4.6422
2026-07-23T16:02:50.547,231.5509,5.8384,4.5835
2026-07-23T16:02:50.555,231.5509,5.995,4.7009
2026-07-23T16:02:50.562,231.5595,5.8971,4.7009
2026-07-23T16:02:50.575,231.5944,6.1125,4.7793
2026-07-23T16:02:50.586,231.5982,5.995,4.7989
2026-07-23T16:02:50.598,231.6022,6.1125,4.8184
2026-07-23T16:02:50.602,231.6067,6.0146,4.7205
2026-07-23T16:02:50.616,231.6137,6.1125,4.7989
2026-07-23T16:02:50.624,231.6451,5.9363,4.7597
2026-07-23T16:02:50.641,231.6451,6.0538,4.7989
2026-07-23T16:02:50.649,231.6553,5.7797,4.838
2026-07-23T16:02:50.657,231.6595,5.995,4.838
2026-07-23T16:02:50.665,231.6621,5.7405,4.838
2026-07-23T16:02:50.672,231.6886,5.858,4.7597
2026-07-23T16:02:50.689,231.6927,5.7797,4.8184
2026-07-23T16:02:50.696,231.6975,5.858,4.7793
2026-07-23T16:02:50.710,231.6975,5.7013,4.7401
2026-07-23T16:02:50.714,231.7048,5.7992,4.838
2026-07-23T16:02:50.728,231.73,5.7013,4.7793
2026-07-23T16:02:50.728,231.73,5.7797,4.7401
2026-07-23T16:02:50.748,231.7402,5.7405,4.7597
2026-07-23T16:02:50.756,231.7465,5.7797,4.6814
2026-07-23T16:02:50.761,231.7725,5.6426,4.7597
2026-07-23T16:02:50.775,231.7796,5.6817,4.7205
2026-07-23T16:02:50.781,231.7796,5.7013,4.8184
2026-07-23T16:02:50.797,231.7881,5.7013,4.7205
2026-07-23T16:02:50.810,231.8103,5.6817,4.7009
2026-07-23T16:02:50.810,231.8169,5.6817,4.7401
2026-07-23T16:02:50.830,231.8189,5.7601,4.7205
2026-07-23T16:02:50.838,231.8189,5.7013,4.7205
2026-07-23T16:02:50.841,231.8506,5.6817,4.7401
2026-07-23T16:02:50.855,231.8614,5.7013,4.6814
2026-07-23T16:02:50.868,231.8665,5.6426,4.6422
2026-07-23T16:02:50.870,231.8665,5.7013,4.6814
2026-07-23T16:02:50.889,231.898,5.6034,4.6618
2026-07-23T16:02:50.901,231.9069,5.7013,4.7205
2026-07-23T16:02:50.901,231.9069,5.5838,4.6814
2026-07-23T16:02:50.917,231.9141,5.7013,4.7597
2026-07-23T16:02:50.922,231.9381,5.623,4.7597
2026-07-23T16:02:50.935,231.9458,5.7797,4.7009
2026-07-23T16:02:50.949,231.9511,5.6034,4.7793
2026-07-23T16:02:50.958,231.955,5.7992,4.7793
2026-07-23T16:02:50.970,231.957,5.623,4.7401
2026-07-23T16:02:50.989,231.9772,5.8188,4.7205
2026-07-23T16:02:50.989,231.9772,5.5838,4.7401
2026-07-23T16:02:50.997,231.9909,5.7797,4.6814
2026-07-23T16:02:51.010,231.9967,5.623,4.7401
2026-07-23T16:02:51.022,232.0244,5.7405,4.7205
2026-07-23T16:02:51.028,232.032,5.6622,4.7597
2026-07-23T16:02:51.028,232.032,5.7797,4.7205
2026-07-23T16:02:51.047,232.0401,5.6426,4.7401
2026-07-23T16:02:51.062,232.0594,5.7601,4.7009
2026-07-23T16:02:51.075,232.0716,5.7209,4.7597
2026-07-23T16:02:51.075,232.0716,5.7601,4.6814
2026-07-23T16:02:51.089,232.0804,5.7601,4.7205
2026-07-23T16:02:51.110,232.113,5.7601,4.7205
2026-07-23T16:02:51.110,232.1186,5.7797,4.7401
2026-07-23T16:02:51.110,232.1221,5.7013,4.7597
2026-07-23T16:02:51.122,232.1221,5.7209,4.7597
2026-07-23T16:02:51.138,232.1221,5.7013,4.7401
2026-07-23T16:02:51.138,232.1594,5.7797,4.7793
2026-07-23T16:02:51.156,232.1657,5.7405,4.7401
2026-07-23T16:02:51.164,232.1704,5.7992,4.7401
2026-07-23T16:02:51.185,232.1714,5.7405,4.7989
2026-07-23T16:02:51.185,232.1714,5.7797,4.7597
2026-07-23T16:02:51.189,232.2053,5.7601,4.8576
2026-07-23T16:02:51.201,232.2128,5.7405,4.838
2026-07-23T16:02:51.221,232.2184,5.7013,4.8184
2026-07-23T16:02:51.222,232.2211,5.7601,4.7401
2026-07-23T16:02:51.232,232.2491,5.8188,4.7597
2026-07-23T16:02:51.249,232.2526,5.6622,4.7597
2026-07-23T16:02:51.262,232.2548,5.7013,4.7205
2026-07-23T16:02:51.269,232.2579,5.623,4.6618
2026-07-23T16:02:51.274,232.2754,5.7797,4.7989
2026-07-23T16:02:51.295,232.291,5.623,4.7205
2026-07-23T16:02:51.300,232.291,5.7209,4.7401
2026-07-23T16:02:51.306,232.2995,5.5643,4.7205
2026-07-23T16:02:51.322,232.3306,5.6426,4.7597
2026-07-23T16:02:51.326,232.3306,5.5251,4.7597
2026-07-23T16:02:51.326,232.3306,5.623,4.7793
2026-07-23T16:02:51.342,232.34,5.5055,4.8184
2026-07-23T16:02:51.358,232.3464,5.6426,4.7401
2026-07-23T16:02:51.373,232.3721,5.5447,4.7793
2026-07-23T16:02:51.373,232.3721,5.6034,4.7793
2026-07-23T16:02:51.381,232.3794,5.4468,4.838
2026-07-23T16:02:51.391,232.3794,5.5447,4.7989
2026-07-23T16:02:51.407,232.414,5.3685,4.9163
2026-07-23T16:02:51.418,232.4167,5.4664,4.9163
2026-07-23T16:02:51.423,232.4167,5.4468,4.9751
2026-07-23T16:02:51.436,232.4236,5.388,5.0338
2026-07-23T16:02:51.456,232.4505,5.388,5.073
2026-07-23T16:02:51.456,232.4527,5.3489,5.0926
2026-07-23T16:02:51.465,232.4556,5.3489,5.1709
2026-07-23T16:02:51.474,232.4602,5.2706,5.1121
2026-07-23T16:02:51.483,232.4804,5.3293,5.1317
2026-07-23T16:02:51.489,232.4872,5.251,5.073
2026-07-23T16:02:51.506,232.4951,5.3097,5.0142
2026-07-23T16:02:51.514,232.5127,5.2314,4.9947
2026-07-23T16:02:51.531,232.5267,5.1726,4.8968
2026-07-23T16:02:51.538,232.5267,5.1139,4.9359
2026-07-23T16:02:51.548,232.535,5.1139,4.8968
2026-07-23T16:02:51.556,232.5601,4.9964,4.8772
2026-07-23T16:02:51.563,232.5625,4.9768,4.8184
2026-07-23T16:02:51.577,232.568,5.016,4.8184
2026-07-23T16:02:51.586,232.5734,5.0552,4.7401
2026-07-23T16:02:51.600,232.5892,5.0552,4.9163
2026-07-23T16:02:51.609,232.5892,5.0356,4.7989
2026-07-23T16:02:51.619,232.6048,5.1335,4.9359
2026-07-23T16:02:51.627,232.6226,4.9964,4.838
2026-07-23T16:02:51.640,232.6379,5.1531,4.8576
2026-07-23T16:02:51.640,232.6379,5.016,4.838
2026-07-23T16:02:51.656,232.6447,5.0356,4.8184
2026-07-23T16:02:51.664,232.6447,4.9768,4.8184
2026-07-23T16:02:51.673,232.6716,5.0747,4.8772
2026-07-23T16:02:51.689,232.6804,4.9964,4.838
2026-07-23T16:02:51.695,232.6846,5.1922,4.8184
2026-07-23T16:02:51.711,232.7133,4.9377,4.7793
2026-07-23T16:02:51.719,232.7133,5.0356,4.6422
2026-07-23T16:02:51.731,232.7153,4.9964,4.7597
2026-07-23T16:02:51.738,232.7153,4.9181,4.7401
2026-07-23T16:02:51.738,232.7478,4.9573,4.6618
2026-07-23T16:02:51.757,232.7478,4.8985,4.6814
2026-07-23T16:02:51.766,232.7478,4.9377,4.6422
2026-07-23T16:02:51.777,232.7478,4.8789,4.7009
2026-07-23T16:02:51.789,232.7783,4.9964,4.9751
2026-07-23T16:02:51.799,232.7893,4.8985,4.6226
2026-07-23T16:02:51.799,232.7893,5.016,4.7597
2026-07-23T16:02:51.813,232.8194,4.9768,4.7597
2026-07-23T16:02:51.829,232.8249,5.0747,4.7401
2026-07-23T16:02:51.840,232.8279,5.016,4.7793
2026-07-23T16:02:51.846,232.8312,5.0943,4.7597
2026-07-23T16:02:51.865,232.8603,5.0356,4.7989
2026-07-23T16:02:51.865,232.8603,5.2314,4.8184
2026-07-23T16:02:51.879,232.8603,5.1922,4.7401
2026-07-23T16:02:51.882,232.8893,5.3685,4.6422
2026-07-23T16:02:51.893,232.8983,5.3489,4.7597
2026-07-23T16:02:51.909,232.8983,5.4076,4.7793
2026-07-23T16:02:51.911,232.9068,5.388,4.6814
2026-07-23T16:02:51.924,232.929,5.4664,4.6814
2026-07-23T16:02:51.940,232.9365,5.6034,4.7205
2026-07-23T16:02:51.949,232.938,5.6426,4.7793
2026-07-23T16:02:51.958,232.9421,5.7797,4.7989
2026-07-23T16:02:51.971,232.9705,5.7797,4.8576
2026-07-23T16:02:51.971,232.9715,5.8188,4.9163
2026-07-23T16:02:51.989,232.9715,5.7992,4.9947
2026-07-23T16:02:51.993,232.9797,5.858,5.0338
2026-07-23T16:02:52.011,233.005,5.8776,5.1317
2026-07-23T16:02:52.021,233.005,5.9559,5.1513
2026-07-23T16:02:52.031,233.0121,5.9755,5.3471
2026-07-23T16:02:52.035,233.0313,6.0342,5.2492
2026-07-23T16:02:52.051,233.0395,6.0342,5.3471
2026-07-23T16:02:52.056,233.0429,6.0538,5.4059
2026-07-23T16:02:52.066,233.0627,6.2104,5.4842
2026-07-23T16:02:52.082,233.0714,6.23,5.5821
2026-07-23T16:02:52.082,233.0714,6.3671,5.6604
2026-07-23T16:02:52.096,233.0812,6.3279,5.7779
2026-07-23T16:02:52.114,233.1048,6.5629,5.8954
2026-07-23T16:02:52.114,233.11,6.5629,5.915
2026-07-23T16:02:52.129,233.1148,6.7195,6.052
2026-07-23T16:02:52.132,233.1415,6.6999,6.0912
2026-07-23T16:02:52.145,233.1509,6.7587,6.1303
2026-07-23T16:02:52.161,233.1546,6.6412,6.1499
2026-07-23T16:02:52.166,233.1566,6.7391,6.2282
2026-07-23T16:02:52.192,233.1725,6.6412,6.2674
2026-07-23T16:02:52.192,233.1881,6.7391,6.2478
2026-07-23T16:02:52.192,233.1881,6.6608,6.3262
2026-07-23T16:02:52.210,233.1881,6.8762,6.287
2026-07-23T16:02:52.216,233.227,6.7391,6.4632
2026-07-23T16:02:52.223,233.227,6.8174,6.4828
2026-07-23T16:02:52.239,233.2328,6.7783,6.5415
2026-07-23T16:02:52.239,233.2384,6.9153,6.6003
2026-07-23T16:02:52.255,233.2638,7.0916,6.8157
2026-07-23T16:02:52.272,233.2697,7.1699,6.9332
2026-07-23T16:02:52.278,233.2717,7.2482,7.0702
2026-07-23T16:02:52.293,233.2717,7.3265,7.2856
2026-07-23T16:02:52.302,233.3048,7.4636,7.5597
2026-07-23T16:02:52.314,233.3135,7.6007,7.6185
2026-07-23T16:02:52.321,233.3155,7.6986,7.7751
2026-07-23T16:02:52.323,233.3175,7.7377,7.8339
2026-07-23T16:02:52.341,233.348,7.7377,7.9122
2026-07-23T16:02:52.356,233.348,7.7573,7.9318
2026-07-23T16:02:52.356,233.348,7.6986,7.8535
2026-07-23T16:02:52.368,233.3565,7.7377,7.9514
2026-07-23T16:02:52.383,233.3889,7.7573,7.7751
2026-07-23T16:02:52.389,233.3889,7.8161,7.7555
2026-07-23T16:02:52.396,233.3982,7.7377,7.736
2026-07-23T16:02:52.407,233.3982,7.8552,7.736
2026-07-23T16:02:52.412,233.4239,7.679,7.7164
2026-07-23T16:02:52.428,233.4361,7.8161,7.736
2026-07-23T16:02:52.428,233.4361,7.6007,7.8339
2026-07-23T16:02:52.455,233.4425,7.7181,7.8535
2026-07-23T16:02:52.457,233.4425,7.5811,7.873
2026-07-23T16:02:52.475,233.4745,7.7769,7.9514
2026-07-23T16:02:52.475,233.4745,7.6202,7.8926
2026-07-23T16:02:52.491,233.4823,7.7181,7.9709
2026-07-23T16:02:52.493,233.5047,7.6007,8.0101
2026-07-23T16:02:52.512,233.5192,7.7769,7.9514
2026-07-23T16:02:52.512,233.5192,7.6398,8.0493
2026-07-23T16:02:52.525,233.525,7.7965,7.9514
2026-07-23T16:02:52.538,233.525,7.6007,7.9514
2026-07-23T16:02:52.538,233.5614,7.8161,7.9122
2026-07-23T16:02:52.555,233.5665,7.5615,7.873
2026-07-23T16:02:52.570,233.5714,7.679,7.873
2026-07-23T16:02:52.576,233.5714,7.5615,7.8339
2026-07-23T16:02:52.591,233.6048,7.7181,7.736
2026-07-23T16:02:52.601,233.6048,7.6202,7.8339
2026-07-23T16:02:52.612,233.6161,7.6594,7.736
2026-07-23T16:02:52.617,233.6161,7.6202,7.7555
2026-07-23T16:02:52.622,233.6234,7.6007,7.7164
2026-07-23T16:02:52.633,233.6536,7.5811,7.7751
2026-07-23T16:02:52.648,233.6559,7.5811,7.6576
2026-07-23T16:02:52.656,233.6613,7.5615,7.6772
2026-07-23T16:02:52.667,233.6651,7.5419,7.6185
2026-07-23T16:02:52.680,233.6714,7.444,7.5597
2026-07-23T16:02:52.689,233.6921,7.5028,7.5793
2026-07-23T16:02:52.696,233.6921,7.4636,7.501
2026-07-23T16:02:52.707,233.6921,7.5419,7.5597
2026-07-23T16:02:52.722,233.7108,7.444,7.4814
2026-07-23T16:02:52.725,233.7246,7.5223,7.5597
2026-07-23T16:02:52.743,233.7402,7.444,7.4423
2026-07-23T16:02:52.743,233.7402,7.6202,7.4814
2026-07-23T16:02:52.762,233.7488,7.4049,7.4031
2026-07-23T16:02:52.775,233.7715,7.5615,7.4423
2026-07-23T16:02:52.775,233.7715,7.3853,7.4031
2026-07-23T16:02:52.791,233.7715,7.5615,7.4618
2026-07-23T16:02:52.800,233.7715,7.4244,7.4227
2026-07-23T16:02:52.810,233.8089,7.5615,7.4618
2026-07-23T16:02:52.812,233.8146,7.444,7.4227
2026-07-23T16:02:52.822,233.8187,7.5419,7.4031
2026-07-23T16:02:52.838,233.822,7.4049,7.4618
2026-07-23T16:02:52.854,233.8382,7.6007,7.3444
2026-07-23T16:02:52.860,233.8502,7.4049,7.4618
2026-07-23T16:02:52.865,233.8536,7.5811,7.3444
2026-07-23T16:02:52.873,233.8736,7.3657,7.4227
2026-07-23T16:02:52.889,233.8847,7.4832,7.3444
2026-07-23T16:02:52.889,233.8847,7.4049,7.3444
2026-07-23T16:02:52.909,233.8847,7.4636,7.3444
2026-07-23T16:02:52.924,233.9157,7.2678,7.4031
2026-07-23T16:02:52.924,233.9172,7.444,7.3248
2026-07-23T16:02:52.935,233.9252,7.3853,7.3835
2026-07-23T16:02:52.949,233.9518,7.4636,7.3248
2026-07-23T16:02:52.956,233.9573,7.4049,7.3835
2026-07-23T16:02:52.968,233.9592,7.4244,7.3052
2026-07-23T16:02:52.976,233.9637,7.3265,7.3639
2026-07-23T16:02:52.995,233.9887,7.4049,7.3639
2026-07-23T16:02:52.995,233.9907,7.3657,7.4227
2026-07-23T16:02:53.014,233.9934,7.444,7.4031
2026-07-23T16:02:53.014,233.9954,7.4244,7.4227
2026-07-23T16:02:53.027,234.0215,7.5223,7.3639
2026-07-23T16:02:53.041,234.0215,7.5223,7.3639
2026-07-23T16:02:53.046,234.0265,7.5223,7.4031
2026-07-23T16:02:53.059,234.0543,7.4832,7.3639
2026-07-23T16:02:53.059,234.0543,7.6007,7.4031
2026-07-23T16:02:53.077,234.0558,7.5223,7.3835
2026-07-23T16:02:53.077,234.0876,7.5419,7.4227
2026-07-23T16:02:53.101,234.0876,7.307,7.3444
2026-07-23T16:02:53.107,234.0931,7.4832,7.3835
2026-07-23T16:02:53.112,234.124,7.3853,7.2464
2026-07-23T16:02:53.123,234.1298,7.5223,7.3248
2026-07-23T16:02:53.138,234.1298,7.4049,7.266
2026-07-23T16:02:53.144,234.1352,7.5811,7.3052
2026-07-23T16:02:53.156,234.1618,7.444,7.266
2026-07-23T16:02:53.170,234.1668,7.6398,7.129
2026-07-23T16:02:53.181,234.1718,7.444,7.1485
2026-07-23T16:02:53.189,234.1718,7.7181,7.0702
2026-07-23T16:02:53.189,234.1985,7.4636,7.1681
2026-07-23T16:02:53.202,234.2018,7.6986,7.0898
2026-07-23T16:02:53.221,234.2055,7.6007,7.2073
2026-07-23T16:02:53.223,234.2104,7.7573,7.2464
2026-07-23T16:02:53.234,234.2298,7.7181,7.2269
2026-07-23T16:02:53.249,234.2382,7.8552,7.2073
2026-07-23T16:02:53.261,234.2382,7.679,7.266
2026-07-23T16:02:53.269,234.2651,7.7573,7.2464
2026-07-23T16:02:53.281,234.2651,7.7573,7.3835
2026-07-23T16:02:53.289,234.2715,7.8552,7.3639
2026-07-23T16:02:53.300,234.2969,7.8748,7.4227
2026-07-23T16:02:53.313,234.3,7.9727,7.4423
2026-07-23T16:02:53.316,234.3,7.8356,7.4423
2026-07-23T16:02:53.329,234.3288,7.914,7.4814
2026-07-23T16:02:53.344,234.3326,7.7965,7.501
2026-07-23T16:02:53.351,234.3326,7.8356,7.5402
2026-07-23T16:02:53.356,234.3399,7.7181,7.4618
2026-07-23T16:02:53.375,234.3621,7.7573,7.501
2026-07-23T16:02:53.380,234.3664,7.8161,7.4423
2026-07-23T16:02:53.389,234.3664,7.8748,7.6185
2026-07-23T16:02:53.391,234.3875,7.7965,7.5793
2026-07-23T16:02:53.406,234.3989,8.0119,7.7164
2026-07-23T16:02:53.425,234.4048,7.8748,7.6772
2026-07-23T16:02:53.425,234.4188,8.0706,7.736
2026-07-23T16:02:53.438,234.4305,7.8944,7.736
2026-07-23T16:02:53.450,234.4344,8.051,7.7555
2026-07-23T16:02:53.456,234.4622,7.7965,7.7751
2026-07-23T16:02:53.470,234.4679,8.0119,7.8143
2026-07-23T16:02:53.481,234.4716,7.7769,7.7947
2026-07-23T16:02:53.489,234.4716,7.9335,7.7751
2026-07-23T16:02:53.501,234.4996,7.7377,7.8339
2026-07-23T16:02:53.509,234.4996,7.9727,7.7947
2026-07-23T16:02:53.522,234.5049,7.8356,7.9122
2026-07-23T16:02:53.522,234.5314,8.1098,7.873
2026-07-23T16:02:53.535,234.5314,7.8552,7.9318
2026-07-23T16:02:53.550,234.5358,8.0314,7.8339
2026-07-23T16:02:53.559,234.5392,7.8748,7.8926
2026-07-23T16:02:53.580,234.5666,8.0706,7.9122
2026-07-23T16:02:53.580,234.5715,7.8748,7.9709
2026-07-23T16:02:53.587,234.5715,8.051,7.9709
2026-07-23T16:02:53.595,234.5917,8.051,8.0884
2026-07-23T16:02:53.613,234.5917,8.1098,7.9905
2026-07-23T16:02:53.617,234.6048,8.0706,8.0493
2026-07-23T16:02:53.627,234.6074,8.0706,8.0688
2026-07-23T16:02:53.642,234.6247,8.051,8.0493
2026-07-23T16:02:53.642,234.6247,8.1098,8.0493
2026-07-23T16:02:53.658,234.6391,8.051,8.0297
2026-07-23T16:02:53.658,234.6624,8.0706,8.0884
2026-07-23T16:02:53.676,234.6665,7.9727,8.0688
2026-07-23T16:02:53.689,234.6717,8.051,8.0493
2026-07-23T16:02:53.690,234.6948,8.0314,8.0884
2026-07-23T16:02:53.706,234.7014,8.0706,8.1863
2026-07-23T16:02:53.717,234.7029,8.051,8.1667
2026-07-23T16:02:53.723,234.7198,8.0902,8.2255
2026-07-23T16:02:53.738,234.7348,8.0119,8.1863
2026-07-23T16:02:53.746,234.7363,8.1293,8.343
2026-07-23T16:02:53.759,234.7625,8.0706,8.2451
2026-07-23T16:02:53.771,234.7668,8.2468,8.2646
2026-07-23T16:02:53.771,234.7668,8.0706,8.2646
2026-07-23T16:02:53.787,234.7715,8.1881,8.343
2026-07-23T16:02:53.803,234.7986,8.0314,8.1863
2026-07-23T16:02:53.803,234.7986,8.1881,8.3234
2026-07-23T16:02:53.822,234.8047,8.0314,8.2646
2026-07-23T16:02:53.834,234.8331,8.2272,8.343
2026-07-23T16:02:53.842,234.8381,8.0902,8.343
2026-07-23T16:02:53.849,234.8381,8.3839,8.3234
2026-07-23T16:02:53.856,234.8469,8.2664,8.4213
2026-07-23T16:02:53.869,234.8729,8.4035,8.4213
2026-07-23T16:02:53.881,234.8769,8.3252,8.6367
2026-07-23T16:02:53.889,234.8769,8.5014,8.6954
2026-07-23T16:02:53.898,234.8854,8.4818,8.8717
2026-07-23T16:02:53.914,234.9125,8.5405,8.9304
2026-07-23T16:02:53.914,234.9125,8.5014,9.0283
2026-07-23T16:02:53.928,234.9166,8.4622,9.0283
2026-07-23T16:02:53.936,234.9203,8.4231,9.1066
2026-07-23T16:02:53.945,234.9461,8.4035,9.1262
2026-07-23T16:02:53.963,234.9461,8.4035,9.1654
2026-07-23T16:02:53.967,234.9461,8.4035,9.1066
2026-07-23T16:02:53.977,234.9718,8.3056,9.2241
2026-07-23T16:02:53.992,234.9864,8.3252,9.1066
2026-07-23T16:02:53.997,234.9879,8.2468,9.1262
2026-07-23T16:02:54.012,235.005,8.2468,9.1654
2026-07-23T16:02:54.019,235.0127,8.2468,9.2045
2026-07-23T16:02:54.023,235.0167,8.286,9.1849
2026-07-23T16:02:54.039,235.0235,8.2272,9.1849
2026-07-23T16:02:54.056,235.051,8.3056,9.1654
2026-07-23T16:02:54.056,235.051,8.2077,9.1849
2026-07-23T16:02:54.072,235.051,8.286,9.1849
2026-07-23T16:02:54.074,235.0599,8.2272,9.2241
2026-07-23T16:02:54.092,235.0835,8.3252,9.2633
2026-07-23T16:02:54.102,235.0835,8.2664,9.2437
2026-07-23T16:02:54.102,235.0983,8.4035,9.4982
2026-07-23T16:02:54.118,235.13,8.2664,9.322
2026-07-23T16:02:54.133,235.13,8.3839,9.2437
2026-07-23T16:02:54.134,235.13,8.3056,9.2828
2026-07-23T16:02:54.149,235.1384,8.4426,9.3416
2026-07-23T16:02:54.156,235.1651,8.3252,9.3612
2026-07-23T16:02:54.172,235.1687,8.4622,9.322
2026-07-23T16:02:54.181,235.1718,8.3447,9.0675
2026-07-23T16:02:54.181,235.1771,8.4426,9.322
2026-07-23T16:02:54.197,235.203,8.3447,9.322
2026-07-23T16:02:54.197,235.203,8.4035,9.3612
2026-07-23T16:02:54.219,235.2084,8.3839,9.3808
2026-07-23T16:02:54.228,235.2084,8.4035,9.322
2026-07-23T16:02:54.228,235.2385,8.4426,9.4199
2026-07-23T16:02:54.244,235.2417,8.4622,9.3416
2026-07-23T16:02:54.259,235.2417,8.5405,9.3612
2026-07-23T16:02:54.275,235.2653,8.5405,9.3612
2026-07-23T16:02:54.275,235.2653,8.5601,9.3416
2026-07-23T16:02:54.293,235.274,8.4818,9.3612
2026-07-23T16:02:54.293,235.2763,8.521,9.3416
2026-07-23T16:02:54.312,235.2921,8.5405,9.4591
2026-07-23T16:02:54.316,235.3062,8.5014,9.3024
2026-07-23T16:02:54.327,235.308,8.5405,9.3808
2026-07-23T16:02:54.343,235.3381,8.521,9.3808
2026-07-23T16:02:54.343,235.3381,8.6189,9.4199
2026-07-23T16:02:54.359,235.3419,8.5405,9.3808
2026-07-23T16:02:54.373,235.3696,8.658,9.4395
2026-07-23T16:02:54.375,235.3716,8.5014,9.3612
2026-07-23T16:02:54.389,235.3753,8.5797,9.4199
2026-07-23T16:02:54.398,235.3753,8.4622,9.3416
2026-07-23T16:02:54.402,235.405,8.5601,9.3612
2026-07-23T16:02:54.418,235.405,8.4426,9.2828
2026-07-23T16:02:54.426,235.4142,8.521,9.3024
2026-07-23T16:02:54.449,235.4422,8.3839,9.2828
2026-07-23T16:02:54.449,235.4422,8.5405,9.2241
2026-07-23T16:02:54.456,235.4458,8.4622,9.3024
2026-07-23T16:02:54.468,235.4458,8.521,9.2633
2026-07-23T16:02:54.489,235.4716,8.521,9.2241
2026-07-23T16:02:54.489,235.4716,8.5601,9.2828
2026-07-23T16:02:54.497,235.4776,8.4426,9.3612
2026-07-23T16:02:54.513,235.5016,8.521,9.3612
2026-07-23T16:02:54.516,235.5016,8.4818,9.3416
2026-07-23T16:02:54.528,235.5048,8.3839,9.3024
2026-07-23T16:02:54.528,235.531,8.5405,9.2828
2026-07-23T16:02:54.552,235.5341,8.4622,9.2828
2026-07-23T16:02:54.560,235.5408,8.521,9.2437
2026-07-23T16:02:54.576,235.5656,8.4426,9.2828
2026-07-23T16:02:54.578,235.5678,8.4818,9.2828
2026-07-23T16:02:54.585,235.5678,8.4231,9.1849
2026-07-23T16:02:54.599,235.5885,8.4622,9.2045
2026-07-23T16:02:54.609,235.5984,8.4426,9.2241
2026-07-23T16:02:54.619,235.6029,8.5601,9.1654
2026-07-23T16:02:54.622,235.6256,8.4818,9.2633
2026-07-23T16:02:54.639,235.634,8.521,9.2045
2026-07-23T16:02:54.654,235.6384,8.6189,9.3024
2026-07-23T16:02:54.656,235.6657,8.6384,9.2633
2026-07-23T16:02:54.676,235.6718,8.6972,9.3416
2026-07-23T16:02:54.685,235.6718,8.7168,9.3416
2026-07-23T16:02:54.689,235.6804,8.8147,9.3808
2026-07-23T16:02:54.701,235.709,8.6972,9.3612
2026-07-23T16:02:54.701,235.709,8.8343,9.4982
2026-07-23T16:02:54.717,235.7128,8.8538,9.4787
2026-07-23T16:02:54.732,235.722,8.9126,9.5374
2026-07-23T16:02:54.735,235.7442,8.8538,9.4591
2026-07-23T16:02:54.748,235.7526,8.9322,9.4591
2026-07-23T16:02:54.760,235.7526,8.9126,9.5766
2026-07-23T16:02:54.769,235.7602,8.9713,9.4395
2026-07-23T16:02:54.781,235.7925,8.9517,9.5178
2026-07-23T16:02:54.781,235.7925,8.9713,9.4982
2026-07-23T16:02:54.795,235.7992,8.9126,9.5374
2026-07-23T16:02:54.803,235.8049,8.9126,9.5178
2026-07-23T16:02:54.822,235.8234,8.9517,9.5961
2026-07-23T16:02:54.828,235.8371,8.8343,9.6353
2026-07-23T16:02:54.843,235.8391,8.9909,9.6157
2026-07-23T16:02:54.850,235.8425,8.9126,9.6157
2026-07-23T16:02:54.859,235.8718,9.0301,9.7332
2026-07-23T16:02:54.859,235.8774,8.893,9.6549
2026-07-23T16:02:54.874,235.8839,9.0105,9.6549
2026-07-23T16:02:54.889,235.8865,9.0301,9.7724
2026-07-23T16:02:54.893,235.8943,9.1084,9.7528
2026-07-23T16:02:54.906,235.9291,9.0301,9.9878
2026-07-23T16:02:54.922,235.9291,9.1867,9.8899
2026-07-23T16:02:54.935,235.9382,9.1475,10.0073
2026-07-23T16:02:54.937,235.9382,9.3042,10.0073
2026-07-23T16:02:54.956,235.9736,9.2846,10.0661
2026-07-23T16:02:54.956,235.9736,9.4608,10.0073
2026-07-23T16:02:54.975,235.9736,9.3825,10.1444
2026-07-23T16:02:54.980,235.9844,9.3825,10.0661
2026-07-23T16:02:54.989,235.9844,9.4608,10.1248
2026-07-23T16:02:55.000,235.9844,9.4804,10.0857
2026-07-23T16:02:55.016,236.0122,9.5,10.164
2026-07-23T16:02:55.017,236.0242,9.5,10.164
2026-07-23T16:02:55.032,236.0242,9.5196,10.2227
2026-07-23T16:02:55.035,236.0299,9.4608,10.2423
2026-07-23T16:02:55.047,236.0299,9.5196,10.301
2026-07-23T16:02:55.063,236.0608,9.4413,10.3402
2026-07-23T16:02:55.063,236.0608,9.6175,10.2227
2026-07-23T16:02:55.081,236.0658,9.5196,10.2619
2026-07-23T16:02:55.095,236.0908,9.6175,10.2815
2026-07-23T16:02:55.095,236.0908,9.5979,10.301
2026-07-23T16:02:55.117,236.0908,9.6566,10.3402
2026-07-23T16:02:55.123,236.105,9.735,10.3206
2026-07-23T16:02:55.130,236.126,9.6371,10.2619
2026-07-23T16:02:55.142,236.126,9.735,10.301
2026-07-23T16:02:55.142,236.126,9.6566,10.3206
2026-07-23T16:02:55.175,236.1541,9.7545,10.3402
2026-07-23T16:02:55.175,236.166,9.6958,10.2619
2026-07-23T16:02:55.177,236.168,9.735,10.3206
2026-07-23T16:02:55.189,236.1718,9.5979,10.1836
2026-07-23T16:02:55.205,236.1985,9.6762,10.164
2026-07-23T16:02:55.205,236.2014,9.5587,10.164
2026-07-23T16:02:55.223,236.2095,9.7154,10.0465
2026-07-23T16:02:55.223,236.2372,9.6175,10.0073
2026-07-23T16:02:55.236,236.2411,9.735,9.8115
2026-07-23T16:02:55.252,236.2437,9.7154,9.8311
2026-07-23T16:02:55.260,236.2487,9.6958,9.7332
2026-07-23T16:02:55.275,236.2739,9.6175,9.5374
2026-07-23T16:02:55.284,236.2739,9.6958,9.4395
2026-07-23T16:02:55.292,236.2799,9.7154,9.4003
2026-07-23T16:02:55.299,236.2841,9.6958,9.2437
2026-07-23T16:02:55.312,236.3126,9.6371,9.2828
2026-07-23T16:02:55.325,236.3166,9.6566,9.1849
2026-07-23T16:02:55.330,236.3166,9.6371,9.2633
2026-07-23T16:02:55.344,236.344,9.6566,9.2045
2026-07-23T16:02:55.356,236.3492,9.6958,9.1262
2026-07-23T16:02:55.365,236.3557,9.735,9.2241
2026-07-23T16:02:55.367,236.3593,9.7937,9.2241
2026-07-23T16:02:55.379,236.3758,9.7741,9.2437
2026-07-23T16:02:55.389,236.3911,9.8329,9.3024
2026-07-23T16:02:55.400,236.3911,9.8329,9.3416
2026-07-23T16:02:55.411,236.4008,9.8525,9.3612
2026-07-23T16:02:55.427,236.4281,9.9112,9.3612
2026-07-23T16:02:55.427,236.4281,9.9895,9.3808
2026-07-23T16:02:55.442,236.4281,10.0874,9.4591
2026-07-23T16:02:55.452,236.4382,9.9699,9.4395
2026-07-23T16:02:55.459,236.4658,10.2245,9.5374
2026-07-23T16:02:55.473,236.4658,10.1462,9.557
2026-07-23T16:02:55.479,236.4701,10.3811,9.5961
2026-07-23T16:02:55.491,236.4716,10.2636,9.5766
2026-07-23T16:02:55.491,236.5052,10.479,9.5961
2026-07-23T16:02:55.511,236.5072,10.342,9.7528
2026-07-23T16:02:55.521,236.5072,10.6553,9.7724
2026-07-23T16:02:55.522,236.5173,10.4399,9.8311
2026-07-23T16:02:55.538,236.5497,10.6553,9.8115
2026-07-23T16:02:55.538,236.5497,10.5574,9.7919
2026-07-23T16:02:55.568,236.5497,10.714,9.7919
2026-07-23T16:02:55.568,236.5614,10.6161,9.7528
2026-07-23T16:02:55.584,236.585,10.6944,9.6745
2026-07-23T16:02:55.584,236.585,10.7336,9.5961
2026-07-23T16:02:55.599,236.5941,10.7532,9.5374
2026-07-23T16:02:55.612,236.6005,10.7727,9.4591
2026-07-23T16:02:55.622,236.6276,10.7923,9.4003
2026-07-23T16:02:55.632,236.6276,10.8707,9.5374
2026-07-23T16:02:55.636,236.6365,11.1056,9.4982
2026-07-23T16:02:55.651,236.6385,11.086,9.6157
2026-07-23T16:02:55.664,236.6682,11.3014,9.6353
2026-07-23T16:02:55.664,236.6717,11.321,9.6745
2026-07-23T16:02:55.678,236.6748,11.3993,9.7919
2026-07-23T16:02:55.689,236.6799,11.4581,9.7724
2026-07-23T16:02:55.694,236.714,11.4972,9.8899
2026-07-23T16:02:55.710,236.7184,11.5168,9.8311
2026-07-23T16:02:55.726,236.7226,11.4777,9.8899
2026-07-23T16:02:55.735,236.7262,11.4777,9.8703
2026-07-23T16:02:55.741,236.7543,11.6539,9.8899
2026-07-23T16:02:55.745,236.7573,11.5364,9.9486
2026-07-23T16:02:55.761,236.7573,11.7909,9.9682
2026-07-23T16:02:55.769,236.7663,11.5951,9.929
2026-07-23T16:02:55.782,236.7719,11.7518,9.9486
2026-07-23T16:02:55.789,236.7935,11.5756,9.929
2026-07-23T16:02:55.793,236.8018,11.7322,9.9878
2026-07-23T16:02:55.808,236.8048,11.556,9.9878
2026-07-23T16:02:55.823,236.8048,11.7322,9.929
2026-07-23T16:02:55.831,236.8402,11.5951,10.1248
2026-07-23T16:02:55.844,236.8402,11.7714,10.0857
2026-07-23T16:02:55.844,236.8489,11.6343,10.164
2026-07-23T16:02:55.856,236.8489,11.8301,10.1836
2026-07-23T16:02:55.877,236.8827,11.6147,10.2619
2026-07-23T16:02:55.886,236.8861,11.8105,10.2619
2026-07-23T16:02:55.891,236.8884,11.6735,10.399
2026-07-23T16:02:55.900,236.8884,11.7714,10.3598
2026-07-23T16:02:55.900,236.9121,11.7909,10.4577
2026-07-23T16:02:55.928,236.9208,11.7909,10.3794
2026-07-23T16:02:55.934,236.9266,11.7714,10.4381
2026-07-23T16:02:55.939,236.9282,11.7714,10.4381
2026-07-23T16:02:55.948,236.9438,11.7518,10.5556
2026-07-23T16:02:55.963,236.9601,11.7909,10.5948
2026-07-23T16:02:55.972,236.9601,11.7126,10.6143
2026-07-23T16:02:55.981,236.9664,11.7322,10.5164
2026-07-23T16:02:55.989,236.995,11.556,10.5556
2026-07-23T16:02:55.995,237.0002,11.6343,10.4969
2026-07-23T16:02:56.011,237.0067,11.5168,10.4577
2026-07-23T16:02:56.017,237.0067,11.5364,10.5164
2026-07-23T16:02:56.034,237.027,11.3798,10.4381
2026-07-23T16:02:56.042,237.027,11.5168,10.4381
2026-07-23T16:02:56.051,237.027,11.3798,10.301
2026-07-23T16:02:56.057,237.0406,11.5364,10.3598
2026-07-23T16:02:56.057,237.0665,11.3014,10.2423
2026-07-23T16:02:56.078,237.0716,11.4777,10.3402
2026-07-23T16:02:56.094,237.0767,11.3014,10.3206
2026-07-23T16:02:56.094,237.1014,11.5364,10.4185
2026-07-23T16:02:56.105,237.105,11.3406,10.301
2026-07-23T16:02:56.122,237.105,11.4777,10.3794
2026-07-23T16:02:56.130,237.1167,11.3602,10.4381
2026-07-23T16:02:56.138,237.1383,11.4777,10.3794
2026-07-23T16:02:56.152,237.1383,11.3014,10.4185
2026-07-23T16:02:56.156,237.1485,11.4972,10.4185
2026-07-23T16:02:56.174,237.1717,11.3014,10.3794
2026-07-23T16:02:56.183,237.1717,11.4385,10.3598
2026-07-23T16:02:56.189,237.1804,11.3406,10.3794
2026-07-23T16:02:56.204,237.1842,11.5951,10.3402
2026-07-23T16:02:56.211,237.205,11.4189,10.4577
2026-07-23T16:02:56.220,237.2088,11.6147,10.4381
2026-07-23T16:02:56.235,237.2143,11.5756,10.5556
2026-07-23T16:02:56.235,237.2385,11.6539,10.5164
2026-07-23T16:02:56.247,237.2439,11.5951,10.6143
2026-07-23T16:02:56.265,237.2471,11.7126,10.6143
2026-07-23T16:02:56.265,237.2525,11.7322,10.6927
2026-07-23T16:02:56.280,237.2766,11.8497,10.6927
2026-07-23T16:02:56.298,237.2802,11.7714,10.771
2026-07-23T16:02:56.303,237.2802,11.8693,10.8297
2026-07-23T16:02:56.312,237.3091,11.7909,10.8101
2026-07-23T16:02:56.323,237.3155,11.8105,10.8689
2026-07-23T16:02:56.331,237.3202,11.7909,10.7906
2026-07-23T16:02:56.337,237.3244,11.8497,10.8493
2026-07-23T16:02:56.356,237.3395,11.7714,10.9276
2026-07-23T16:02:56.360,237.3395,11.9476,10.9668
2026-07-23T16:02:56.375,237.3545,11.9868,10.9668
2026-07-23T16:02:56.379,237.3775,11.9868,11.0255
2026-07-23T16:02:56.390,237.3818,11.7714,11.0255
2026-07-23T16:02:56.390,237.3856,12.0455,11.0451
2026-07-23T16:02:56.407,237.3896,11.8105,11.1039
2026-07-23T16:02:56.422,237.4109,11.9868,11.1234
2026-07-23T16:02:56.428,237.4172,11.8693,11.1626
2026-07-23T16:02:56.440,237.4192,12.2021,11.2213
2026-07-23T16:02:56.456,237.4487,11.9868,11.378
2026-07-23T16:02:56.462,237.4508,12.2609,11.378
2026-07-23T16:02:56.470,237.4508,12.0847,11.5151
2026-07-23T16:02:56.489,237.4803,12.3196,11.5542
2026-07-23T16:02:56.489,237.4803,12.2609,11.5934
2026-07-23T16:02:56.502,237.4892,12.3588,11.5934
2026-07-23T16:02:56.517,237.5114,12.2609,11.6325
2026-07-23T16:02:56.517,237.5114,12.3588,11.6913
2026-07-23T16:02:56.531,237.5274,12.3784,11.6913
2026-07-23T16:02:56.540,237.5314,12.3979,11.7696
2026-07-23T16:02:56.556,237.5574,12.1826,11.8479
2026-07-23T16:02:56.562,237.5611,12.4959,11.8675
2026-07-23T16:02:56.562,237.5611,12.535,11.985
2026-07-23T16:02:56.585,237.5706,12.5938,12.0242
2026-07-23T16:02:56.595,237.5914,12.535,12.0633
2026-07-23T16:02:56.595,237.5914,12.6133,12.1416
2026-07-23T16:02:56.608,237.6019,12.6917,12.1416
2026-07-23T16:02:56.621,237.6072,12.7112,12.2004
2026-07-23T16:02:56.627,237.6292,12.7308,12.1416
2026-07-23T16:02:56.642,237.6384,12.8091,12.3374
2026-07-23T16:02:56.653,237.6445,12.77,12.2787
2026-07-23T16:02:56.659,237.6493,12.8483,12.3374
2026-07-23T16:02:56.680,237.6826,12.8091,12.2591
2026-07-23T16:02:56.680,237.6826,12.9462,12.4158
2026-07-23T16:02:56.692,237.6854,12.7896,12.4549
2026-07-23T16:02:56.704,237.6854,13.005,12.5137
2026-07-23T16:02:56.705,237.722,12.77,12.6116
2026-07-23T16:02:56.720,237.7269,12.9658,12.5724
2026-07-23T16:02:56.733,237.7325,12.8679,12.6507
2026-07-23T16:02:56.736,237.7383,13.005,12.6899
2026-07-23T16:02:56.736,237.7383,12.8875,12.7682
2026-07-23T16:02:56.768,237.7715,13.0833,12.7682
2026-07-23T16:02:56.768,237.7715,12.9462,12.8465
2026-07-23T16:02:56.783,237.7798,13.0441,12.7878
2026-07-23T16:02:56.789,237.7798,12.907,12.9249
2026-07-23T16:02:56.804,237.8123,13.005,12.8661
2026-07-23T16:02:56.816,237.8123,12.8483,12.827
2026-07-23T16:02:56.822,237.8219,13.0637,12.8465
2026-07-23T16:02:56.831,237.8247,13.0441,12.9249
2026-07-23T16:02:56.837,237.8428,13.0245,12.9053
2026-07-23T16:02:56.846,237.8428,13.0441,12.9053
2026-07-23T16:02:56.856,237.8428,13.0245,12.8857
2026-07-23T16:02:56.873,237.8608,13.0833,12.9249
2026-07-23T16:02:56.878,237.8903,13.1029,12.8857
2026-07-23T16:02:56.894,237.8903,13.005,12.8857
2026-07-23T16:02:56.894,237.8903,13.0637,12.8857
2026-07-23T16:02:56.915,237.9051,13.0637,12.964
2026-07-23T16:02:56.925,237.9331,13.1616,12.9444
2026-07-23T16:02:56.929,237.9355,13.1224,13.0032
2026-07-23T16:02:56.941,237.9376,13.142,13.0228
2026-07-23T16:02:56.941,237.9386,13.0637,12.9444
2026-07-23T16:02:56.962,237.9672,13.1029,12.964
2026-07-23T16:02:56.974,237.9718,12.9266,12.9053
2026-07-23T16:02:56.984,237.9718,13.1029,12.9836
2026-07-23T16:02:56.993,237.9856,12.9462,12.8661
2026-07-23T16:02:57.004,238.0054,13.1616,12.8661
2026-07-23T16:02:57.012,238.0165,13.0245,12.827
2026-07-23T16:02:57.018,238.0165,13.2399,12.8465
2026-07-23T16:02:57.036,238.0165,13.0441,12.827
2026-07-23T16:02:57.036,238.0284,13.2008,12.8074
2026-07-23T16:02:57.056,238.0481,13.0441,12.8661
2026-07-23T16:02:57.056,238.058,13.2791,12.9053
2026-07-23T16:02:57.067,238.058,13.0833,12.8465
2026-07-23T16:02:57.079,238.0675,13.2203,12.827
2026-07-23T16:02:57.083,238.0953,13.1224,12.8661
2026-07-23T16:02:57.099,238.0953,13.2399,12.7878
2026-07-23T16:02:57.109,238.105,13.1029,12.9053
2026-07-23T16:02:57.121,238.1122,13.142,12.6507
2026-07-23T16:02:57.137,238.1385,13.1224,12.7095
2026-07-23T16:02:57.137,238.1385,13.0833,12.6899
2026-07-23T16:02:57.146,238.1428,13.142,12.7095
2026-07-23T16:02:57.163,238.1428,13.0833,12.6703
2026-07-23T16:02:57.163,238.1743,13.0833,12.6899
2026-07-23T16:02:57.182,238.1743,13.0833,12.6703
2026-07-23T16:02:57.194,238.1743,13.0245,12.6703
2026-07-23T16:02:57.194,238.1743,13.0441,12.6703
2026-07-23T16:02:57.209,238.2118,13.1029,12.6507
2026-07-23T16:02:57.223,238.2138,13.0833,12.7095
2026-07-23T16:02:57.225,238.2138,13.0637,12.6116
2026-07-23T16:02:57.225,238.2209,12.9854,12.6703
2026-07-23T16:02:57.257,238.2386,12.8679,12.6312
2026-07-23T16:02:57.265,238.2533,12.8875,12.5528
2026-07-23T16:02:57.272,238.2533,12.7896,12.5724
2026-07-23T16:02:57.272,238.2835,12.9266,12.6116
2026-07-23T16:02:57.289,238.2835,12.8091,12.5528
2026-07-23T16:02:57.304,238.2835,12.9658,12.592
2026-07-23T16:02:57.311,238.2973,12.8287,12.4745
2026-07-23T16:02:57.318,238.3236,12.6721,12.5724
2026-07-23T16:02:57.322,238.3272,12.7308,12.5528
2026-07-23T16:02:57.348,238.3315,12.8287,12.4745
2026-07-23T16:02:57.356,238.3482,12.8091,12.4745
2026-07-23T16:02:57.368,238.3482,12.8875,12.4941
2026-07-23T16:02:57.374,238.3482,12.6525,12.4941
2026-07-23T16:02:57.382,238.3679,12.77,12.5528
2026-07-23T16:02:57.391,238.3917,12.7308,12.5333
2026-07-23T16:02:57.399,238.3953,12.7504,12.5528
2026-07-23T16:02:57.399,238.3984,12.6721,12.6312
2026-07-23T16:02:57.419,238.3984,12.7112,12.5137
2026-07-23T16:02:57.431,238.4319,12.6917,12.6703
2026-07-23T16:02:57.431,238.4319,12.5938,12.5528
2026-07-23T16:02:57.449,238.4345,12.6329,12.6312
2026-07-23T16:02:57.461,238.464,12.6133,12.6312
2026-07-23T16:02:57.471,238.468,12.6525,12.6312
2026-07-23T16:02:57.483,238.4704,12.6721,12.6703
2026-07-23T16:02:57.489,238.4754,12.8091,12.6507
2026-07-23T16:02:57.508,238.506,12.7112,12.6507
2026-07-23T16:02:57.508,238.506,12.7896,12.6507
2026-07-23T16:02:57.524,238.5155,12.7504,12.6116
2026-07-23T16:02:57.526,238.5454,12.7896,12.6116
2026-07-23T16:02:57.540,238.5523,12.8091,12.6507
2026-07-23T16:02:57.540,238.5523,12.7896,12.6312
2026-07-23T16:02:57.557,238.5575,12.9462,12.6312
2026-07-23T16:02:57.572,238.5575,12.8679,12.5724
2026-07-23T16:02:57.572,238.5871,13.0637,12.6507
2026-07-23T16:02:57.589,238.5871,12.9462,12.6507
2026-07-23T16:02:57.603,238.5871,13.1029,12.6899
2026-07-23T16:02:57.608,238.6028,13.005,12.7486
2026-07-23T16:02:57.623,238.6288,13.1616,12.6899
2026-07-23T16:02:57.635,238.6326,13.0833,12.8465
2026-07-23T16:02:57.638,238.6336,13.1616,12.7486
2026-07-23T16:02:57.650,238.6336,13.1616,12.8074
2026-07-23T16:02:57.667,238.6683,13.2399,12.8074
2026-07-23T16:02:57.667,238.6683,13.2203,12.9444
2026-07-23T16:02:57.683,238.6703,13.2399,12.8661
2026-07-23T16:02:57.689,238.6759,13.3574,12.9444
2026-07-23T16:02:57.698,238.695,13.377,12.9053
2026-07-23T16:02:57.719,238.695,13.4161,13.0424
2026-07-23T16:02:57.719,238.7052,13.3966,13.0032
2026-07-23T16:02:57.730,238.7328,13.4749,13.1011
2026-07-23T16:02:57.746,238.7407,13.3574,13.1598
2026-07-23T16:02:57.746,238.7425,13.4945,13.2186
2026-07-23T16:02:57.762,238.7425,13.5336,13.2773
2026-07-23T16:02:57.763,238.7757,13.6315,13.3556
2026-07-23T16:02:57.784,238.7757,13.6903,13.3752
2026-07-23T16:02:57.793,238.7757,13.7294,13.3556
2026-07-23T16:02:57.793,238.7757,13.612,13.434
2026-07-23T16:02:57.823,238.8061,13.7099,13.3556
2026-07-23T16:02:57.823,238.8061,13.6707,13.4731
2026-07-23T16:02:57.826,238.8218,13.749,13.434
2026-07-23T16:02:57.841,238.8218,13.749,13.5319
2026-07-23T16:02:57.846,238.8541,13.7686,13.5319
2026-07-23T16:02:57.857,238.8541,13.749,13.5515
2026-07-23T16:02:57.873,238.8541,13.749,13.5906
2026-07-23T16:02:57.873,238.8684,13.8665,13.7081
2026-07-23T16:02:57.892,238.8851,13.8469,13.6298
2026-07-23T16:02:57.894,238.9005,13.8861,13.7081
2026-07-23T16:02:57.905,238.9052,13.7686,13.6689
2026-07-23T16:02:57.919,238.9076,13.9057,13.6494
2026-07-23T16:02:57.930,238.9384,13.8273,13.7081
2026-07-23T16:02:57.936,238.9384,13.8665,13.7473
2026-07-23T16:02:57.951,238.9485,13.8273,13.806
2026-07-23T16:02:57.958,238.9529,13.8861,13.8256
2026-07-23T16:02:57.972,238.9819,13.9057,13.9039
2026-07-23T16:02:57.984,238.9819,13.8861,13.9235
2026-07-23T16:02:58.003,238.9883,13.9448,13.9626
2026-07-23T16:02:58.004,238.9883,13.8665,13.9235
2026-07-23T16:02:58.015,239.0202,13.9644,13.9626
2026-07-23T16:02:58.023,239.0202,13.8665,13.9039
2026-07-23T16:02:58.033,239.0288,13.9252,13.8843
2026-07-23T16:02:58.039,239.0361,13.7882,13.9039
2026-07-23T16:02:58.062,239.0584,13.9057,13.8647
2026-07-23T16:02:58.062,239.0584,13.8273,13.9039
2026-07-23T16:02:58.071,239.0688,13.9448,13.9235
2026-07-23T16:02:58.087,239.0742,13.7686,13.8647
2026-07-23T16:02:58.089,239.0898,13.9057,13.8256
2026-07-23T16:02:58.097,239.1027,13.7686,13.8452
2026-07-23T16:02:58.109,239.1052,13.8273,13.8256
2026-07-23T16:02:58.120,239.1052,13.749,13.7473
2026-07-23T16:02:58.130,239.1386,13.749,13.7081
2026-07-23T16:02:58.141,239.1386,13.6903,13.7081
2026-07-23T16:02:58.141,239.1386,13.6707,13.6298
2026-07-23T16:02:58.156,239.1543,13.6707,13.6885
2026-07-23T16:02:58.156,239.1718,13.6511,13.6102
2026-07-23T16:02:58.189,239.1867,13.7099,13.7864
2026-07-23T16:02:58.189,239.1867,13.6707,13.7473
2026-07-23T16:02:58.205,239.1898,13.7294,13.7473
2026-07-23T16:02:58.205,239.2158,13.5532,13.7668
2026-07-23T16:02:58.223,239.2158,13.5924,13.8256
2026-07-23T16:02:58.238,239.2227,13.612,13.8452
2026-07-23T16:02:58.241,239.2227,13.5924,13.8452
2026-07-23T16:02:58.251,239.2602,13.612,13.8256
2026-07-23T16:02:58.267,239.2645,13.7099,13.8256
2026-07-23T16:02:58.273,239.269,13.6903,14.0018
2026-07-23T16:02:58.283,239.2719,13.6903,13.8256
2026-07-23T16:02:58.289,239.2959,13.6903,13.9235
2026-07-23T16:02:58.305,239.2959,13.6707,13.8647
2026-07-23T16:02:58.318,239.307,13.7882,13.9235
2026-07-23T16:02:58.323,239.3121,13.6511,13.9039
2026-07-23T16:02:58.333,239.3435,13.749,13.9039
2026-07-23T16:02:58.333,239.3435,13.612,13.9431
2026-07-23T16:02:58.347,239.353,13.749,13.9626
2026-07-23T16:02:58.363,239.3585,13.612,13.8843
2026-07-23T16:02:58.377,239.3863,13.7686,13.9235
2026-07-23T16:02:58.389,239.3893,13.6315,13.9039
2026-07-23T16:02:58.394,239.3933,13.749,13.8647
2026-07-23T16:02:58.404,239.3997,13.7099,13.9626
2026-07-23T16:02:58.409,239.3997,13.7294,13.8843
2026-07-23T16:02:58.424,239.4219,13.6903,13.9822
2026-07-23T16:02:58.430,239.4219,13.7294,13.9235
2026-07-23T16:02:58.440,239.4343,13.7294,13.9431
2026-07-23T16:02:58.450,239.4407,13.6903,14.0018
2026-07-23T16:02:58.462,239.465,13.6511,13.9431
2026-07-23T16:02:58.473,239.4696,13.6315,13.9235
2026-07-23T16:02:58.473,239.4717,13.5924,13.9235
2026-07-23T16:02:58.491,239.4717,13.5532,14.0214
2026-07-23T16:02:58.504,239.5002,13.6707,13.9626
2026-07-23T16:02:58.504,239.5049,13.6707,13.9235
2026-07-23T16:02:58.520,239.5105,13.749,14.0018
2026-07-23T16:02:58.522,239.5132,13.7686,14.0606
2026-07-23T16:02:58.539,239.5383,13.7686,14.0018
2026-07-23T16:02:58.556,239.5383,13.7882,14.0801
2026-07-23T16:02:58.564,239.5475,13.749,14.0018
2026-07-23T16:02:58.582,239.5718,13.8861,14.1193
2026-07-23T16:02:58.583,239.577,13.7099,13.9626
2026-07-23T16:02:58.589,239.579,13.9448,14.1193
2026-07-23T16:02:58.598,239.579,13.8078,14.0997
2026-07-23T16:02:58.614,239.6052,13.9252,14.0606
2026-07-23T16:02:58.621,239.6052,13.8469,14.0801
2026-07-23T16:02:58.630,239.6127,14.0232,14.1585
2026-07-23T16:02:58.646,239.6423,13.9057,14.1389
2026-07-23T16:02:58.646,239.6423,14.0623,14.1193
2026-07-23T16:02:58.661,239.6474,13.8861,14.178
2026-07-23T16:02:58.677,239.6741,14.1015,14.1389
2026-07-23T16:02:58.687,239.6761,13.9448,14.178
2026-07-23T16:02:58.689,239.6761,14.1015,14.178
2026-07-23T16:02:58.703,239.6761,13.9644,14.1976
2026-07-23T16:02:58.722,239.7092,14.1211,14.1976
2026-07-23T16:02:58.722,239.7092,14.0036,14.1976
2026-07-23T16:02:58.727,239.715,14.1211,14.2172
2026-07-23T16:02:58.743,239.7384,14.0427,14.2759
2026-07-23T16:02:58.743,239.7384,14.0623,14.2759
2026-07-23T16:02:58.760,239.7461,14.1015,14.3543
2026-07-23T16:02:58.775,239.7753,14.0623,14.2759
2026-07-23T16:02:58.775,239.7839,14.1211,14.3151
2026-07-23T16:02:58.789,239.7849,14.1211,14.3543
2026-07-23T16:02:58.799,239.7901,14.0623,14.2759
2026-07-23T16:02:58.819,239.8153,14.1015,14.3151
2026-07-23T16:02:58.823,239.8254,14.1406,14.2368
2026-07-23T16:02:58.826,239.8278,14.219,14.3151
2026-07-23T16:02:58.841,239.8313,14.219,14.2368
2026-07-23T16:02:58.866,239.8698,14.1602,14.3347
2026-07-23T16:02:58.866,239.8698,14.0623,14.2955
2026-07-23T16:02:58.866,239.8718,14.3169,14.3347
2026-07-23T16:02:58.882,239.8786,14.0232,14.3543
2026-07-23T16:02:58.889,239.9104,14.2385,14.3738
2026-07-23T16:02:58.898,239.9104,14.0232,14.3543
2026-07-23T16:02:58.919,239.9145,14.1798,14.3934
2026-07-23T16:02:58.923,239.922,13.984,14.3934
2026-07-23T16:02:58.931,239.9282,14.1602,14.4522
2026-07-23T16:02:58.953,239.9423,14.0232,14.4913
2026-07-23T16:02:58.955,239.9423,14.219,14.4522
2026-07-23T16:02:58.961,239.9601,14.0232,14.5305
2026-07-23T16:02:58.973,239.9656,14.2581,14.6676
2026-07-23T16:02:58.979,239.9697,14.1015,14.7655
2026-07-23T16:02:58.993,239.9894,14.2777,14.8634
2026-07-23T16:02:58.993,239.9894,14.1211,15.02
2026-07-23T16:02:59.016,240.0093,14.1602,15.02
2026-07-23T16:02:59.023,240.0139,14.0819,15.0396
2026-07-23T16:02:59.026,240.0387,14.1994,14.9417
2026-07-23T16:02:59.040,240.0471,14.1602,14.9221
2026-07-23T16:02:59.040,240.0471,14.1798,14.8829
2026-07-23T16:02:59.065,240.0526,14.1602,14.7263
2026-07-23T16:02:59.074,240.0719,14.1602,14.6676
2026-07-23T16:02:59.074,240.0842,14.1798,14.6284
2026-07-23T16:02:59.090,240.0888,14.2777,14.648
2026-07-23T16:02:59.103,240.0954,14.1406,14.5305
2026-07-23T16:02:59.103,240.1219,14.1994,14.5501
2026-07-23T16:02:59.123,240.1264,14.1798,14.5501
2026-07-23T16:02:59.123,240.1285,14.2581,14.5501
2026-07-23T16:02:59.146,240.1336,14.1602,14.5305
2026-07-23T16:02:59.156,240.1624,14.2777,14.5501
2026-07-23T16:02:59.166,240.1639,14.1015,14.5109
2026-07-23T16:02:59.173,240.1699,14.3364,14.5109
2026-07-23T16:02:59.184,240.172,14.0819,14.5305
2026-07-23T16:02:59.189,240.1969,14.3756,14.5305
2026-07-23T16:02:59.198,240.1969,14.1994,14.5109
2026-07-23T16:02:59.198,240.1969,14.3952,14.5501
2026-07-23T16:02:59.225,240.205,14.2777,14.5697
2026-07-23T16:02:59.230,240.2263,14.5518,14.5501
2026-07-23T16:02:59.246,240.2386,14.3169,14.5501
2026-07-23T16:02:59.248,240.2421,14.5323,14.5305
2026-07-23T16:02:59.267,240.2578,14.2973,14.5109
2026-07-23T16:02:59.277,240.2721,14.4735,14.4717
2026-07-23T16:02:59.277,240.2739,14.3952,14.5501
2026-07-23T16:02:59.293,240.2739,14.5127,14.5109
2026-07-23T16:02:59.295,240.2973,14.4539,14.5892
2026-07-23T16:02:59.309,240.305,14.5518,14.5109
2026-07-23T16:02:59.325,240.305,14.4735,14.6088
2026-07-23T16:02:59.325,240.3207,14.5323,14.5501
2026-07-23T16:02:59.348,240.3389,14.3756,14.5109
2026-07-23T16:02:59.355,240.3409,14.7672,14.5109
2026-07-23T16:02:59.362,240.3409,14.4343,14.5305
2026-07-23T16:02:59.372,240.372,14.4735,14.5697
2026-07-23T16:02:59.389,240.372,14.4735,14.648
2026-07-23T16:02:59.392,240.3775,14.4735,14.648
2026-07-23T16:02:59.407,240.4052,14.4539,14.5697
2026-07-23T16:02:59.418,240.4126,14.4539,14.5305
2026-07-23T16:02:59.423,240.4151,14.3364,14.4522
2026-07-23T16:02:59.431,240.4151,14.5323,14.5305
2026-07-23T16:02:59.443,240.4476,14.3952,14.413
2026-07-23T16:02:59.456,240.453,14.6889,14.4913
2026-07-23T16:02:59.466,240.4554,14.5714,14.413
2026-07-23T16:02:59.466,240.4786,14.826,14.3934
2026-07-23T16:02:59.473,240.4786,14.7085,14.3543
2026-07-23T16:02:59.489,240.4786,14.826,14.3347
2026-07-23T16:02:59.504,240.4942,14.6693,14.2955
2026-07-23T16:02:59.512,240.5007,14.8847,14.2955
2026-07-23T16:02:59.522,240.5258,14.591,14.413
2026-07-23T16:02:59.529,240.5258,14.6889,14.3543
2026-07-23T16:02:59.529,240.5258,14.5323,14.4522
2026-07-23T16:02:59.551,240.5388,14.6889,14.3543
2026-07-23T16:02:59.561,240.5647,14.5127,14.3738
2026-07-23T16:02:59.561,240.5707,14.5323,14.3738
2026-07-23T16:02:59.590,240.5733,14.5714,14.3738
2026-07-23T16:02:59.590,240.5733,14.4539,14.3738
2026-07-23T16:02:59.598,240.589,14.4735,14.4522
2026-07-23T16:02:59.615,240.6053,14.4539,14.4522
2026-07-23T16:02:59.624,240.6053,14.4148,14.5109
2026-07-23T16:02:59.640,240.6387,14.4343,14.4326
2026-07-23T16:02:59.640,240.6392,14.356,14.4326
2026-07-23T16:02:59.640,240.6392,14.4148,14.413
2026-07-23T16:02:59.656,240.6447,14.4148,14.4522
2026-07-23T16:02:59.671,240.6725,14.3952,14.4717
2026-07-23T16:02:59.682,240.6725,14.3756,14.4326
2026-07-23T16:02:59.695,240.6725,14.4343,14.4913
2026-07-23T16:02:59.703,240.6988,14.3756,14.5109
2026-07-23T16:02:59.718,240.7055,14.4343,14.4913
2026-07-23T16:02:59.723,240.7095,14.2777,14.4913
2026-07-23T16:02:59.723,240.7095,14.5127,14.5109
2026-07-23T16:02:59.750,240.7396,14.3364,14.5109
2026-07-23T16:02:59.750,240.7396,14.4931,14.5501
2026-07-23T16:02:59.765,240.7423,14.3364,14.5305
2026-07-23T16:02:59.767,240.7614,14.4735,14.4913
2026-07-23T16:02:59.781,240.7711,14.356,14.4717
2026-07-23T16:02:59.793,240.7721,14.4148,14.4717
2026-07-23T16:02:59.797,240.7977,14.2385,14.4522
2026-07-23T16:02:59.812,240.805,14.3952,14.3151
2026-07-23T16:02:59.822,240.8088,14.1994,14.4326
2026-07-23T16:02:59.835,240.8245,14.356,14.3543
2026-07-23T16:02:59.849,240.843,14.2385,14.3543
2026-07-23T16:02:59.856,240.843,14.2777,14.3151
2026-07-23T16:02:59.860,240.843,14.219,14.3738
2026-07-23T16:02:59.875,240.8721,14.2581,14.3738
2026-07-23T16:02:59.875,240.8813,14.2385,14.3151
2026-07-23T16:02:59.894,240.8868,14.2581,14.2955
2026-07-23T16:02:59.894,240.8893,14.1798,14.2955
2026-07-23T16:02:59.906,240.9165,14.219,14.2368
2026-07-23T16:02:59.923,240.9185,14.1798,14.3151
2026-07-23T16:02:59.932,240.9229,14.1015,14.2564
2026-07-23T16:02:59.940,240.9229,14.0819,14.3151
2026-07-23T16:02:59.956,240.9503,14.1015,14.2564
2026-07-23T16:02:59.956,240.9626,14.1015,14.2759
2026-07-23T16:02:59.974,240.9713,14.1015,14.2955
2026-07-23T16:02:59.974,240.9728,14.1994,14.2759
2026-07-23T16:02:59.991,240.9989,14.1798,14.2759
2026-07-23T16:03:00.001,240.9989,14.1994,14.3738
2026-07-23T16:03:00.022,241.0061,14.2385,14.3151
2026-07-23T16:03:00.025,241.0122,14.1602,14.3738
2026-07-23T16:03:00.033,241.0457,14.2973,14.4326
2026-07-23T16:03:00.033,241.0457,14.1406,14.4326
2026-07-23T16:03:00.050,241.0482,14.2777,14.3934
2026-07-23T16:03:00.063,241.0482,14.1015,14.3543
2026-07-23T16:03:00.075,241.077,14.2581,14.4326
2026-07-23T16:03:00.089,241.0882,14.1406,14.3543
2026-07-23T16:03:00.089,241.0882,14.2581,14.3543
2026-07-23T16:03:00.099,241.0929,14.1602,14.413
2026-07-23T16:03:00.112,241.1216,14.356,14.3934
2026-07-23T16:03:00.128,241.1244,14.219,14.3934
2026-07-23T16:03:00.128,241.1244,14.2385,14.413
2026-07-23T16:03:00.144,241.1316,14.1015,14.4522
2026-07-23T16:03:00.159,241.16,14.2385,14.2955
2026-07-23T16:03:00.159,241.16,14.1798,14.3738
2026-07-23T16:03:00.172,241.1658,14.1406,14.413
2026-07-23T16:03:00.175,241.1658,14.1798,14.4326
2026-07-23T16:03:00.194,241.2022,14.1406,14.3934
2026-07-23T16:03:00.207,241.2077,14.1211,14.4326
2026-07-23T16:03:00.211,241.2107,14.1602,14.4522
2026-07-23T16:03:00.224,241.217,14.1406,14.3543
2026-07-23T16:03:00.249,241.2519,14.1602,14.4326
2026-07-23T16:03:00.249,241.2519,14.1406,14.4522
2026-07-23T16:03:00.258,241.2611,14.219,14.4913
2026-07-23T16:03:00.270,241.2634,14.1602,14.4326
2026-07-23T16:03:00.271,241.2905,14.1406,14.4717
2026-07-23T16:03:00.295,241.2982,14.0427,14.4717
2026-07-23T16:03:00.295,241.2982,14.219,14.5697
2026-07-23T16:03:00.303,241.2982,14.1406,14.5109
2026-07-23T16:03:00.312,241.2982,14.2581,14.5305
2026-07-23T16:03:00.323,241.3276,14.1994,14.4522
2026-07-23T16:03:00.327,241.3399,14.2777,14.4717
2026-07-23T16:03:00.349,241.3415,14.2385,14.4717
2026-07-23T16:03:00.349,241.3467,14.3169,14.5305
2026-07-23T16:03:00.359,241.3763,14.2385,14.5501
2026-07-23T16:03:00.378,241.3816,14.3952,14.4522
2026-07-23T16:03:00.378,241.3856,14.3364,14.4913
2026-07-23T16:03:00.392,241.39,14.4343,14.3934
2026-07-23T16:03:00.398,241.4192,14.3952,14.5305
2026-07-23T16:03:00.420,241.4234,14.5127,14.5892
2026-07-23T16:03:00.423,241.4234,14.4148,14.5501
2026-07-23T16:03:00.436,241.437,14.4735,14.5892
2026-07-23T16:03:00.443,241.4386,14.3756,14.5892
2026-07-23T16:03:00.448,241.4671,14.4343,14.5305
2026-07-23T16:03:00.456,241.472,14.3756,14.5697
2026-07-23T16:03:00.470,241.472,14.5323,14.5892
2026-07-23T16:03:00.486,241.4809,14.4931,14.6676
2026-07-23T16:03:00.493,241.4864,14.4148,14.6676
2026-07-23T16:03:00.503,241.5146,14.4931,14.6871
2026-07-23T16:03:00.516,241.5146,14.4539,14.8046
2026-07-23T16:03:00.523,241.5215,14.5127,14.785
2026-07-23T16:03:00.537,241.5256,14.4735,14.8829
2026-07-23T16:03:00.537,241.5483,14.3756,14.9025
2026-07-23T16:03:00.557,241.5595,14.3756,14.9613
2026-07-23T16:03:00.565,241.562,14.356,14.9417
2026-07-23T16:03:00.576,241.562,14.3756,14.9417
2026-07-23T16:03:00.581,241.5936,14.2385,14.8829
2026-07-23T16:03:00.599,241.5936,14.2973,14.9613
2026-07-23T16:03:00.599,241.6051,14.219,14.9417
2026-07-23T16:03:00.613,241.6073,14.3364,14.9613
2026-07-23T16:03:00.623,241.6387,14.2973,14.9417
2026-07-23T16:03:00.630,241.6425,14.4148,14.9613
2026-07-23T16:03:00.644,241.6425,14.2385,14.9025
2026-07-23T16:03:00.644,241.6425,14.356,14.8634
2026-07-23T16:03:00.664,241.6528,14.2973,14.8829
2026-07-23T16:03:00.664,241.6795,14.3756,14.8242
2026-07-23T16:03:00.683,241.6795,14.4343,14.9025
2026-07-23T16:03:00.693,241.6892,14.6106,14.7655
2026-07-23T16:03:00.704,241.6892,14.5714,14.785
2026-07-23T16:03:00.709,241.719,14.6497,14.6676
2026-07-23T16:03:00.724,241.719,14.7476,14.7067
2026-07-23T16:03:00.740,241.7356,14.7672,14.6676
2026-07-23T16:03:00.740,241.7356,14.8064,14.6676
2026-07-23T16:03:00.754,241.7571,14.6889,14.6284
2026-07-23T16:03:00.770,241.7664,14.7281,14.6871
2026-07-23T16:03:00.770,241.7664,14.6693,14.6676
2026-07-23T16:03:00.770,241.7664,14.6889,14.6284
2026-07-23T16:03:00.789,241.7989,14.7085,14.5697
2026-07-23T16:03:00.808,241.7999,14.8064,14.5501
2026-07-23T16:03:00.808,241.7999,14.7476,14.648
2026-07-23T16:03:00.825,241.8055,14.7672,14.5892
2026-07-23T16:03:00.833,241.8364,14.7085,14.6871
2026-07-23T16:03:00.836,241.8405,14.6693,14.6284
2026-07-23T16:03:00.851,241.8433,14.5518,14.648
2026-07-23T16:03:00.865,241.8721,14.4931,14.5892
2026-07-23T16:03:00.880,241.877,14.4735,14.5305
2026-07-23T16:03:00.880,241.877,14.3756,14.5501
2026-07-23T16:03:00.894,241.8823,14.4735,14.4913
2026-07-23T16:03:00.899,241.9088,14.2973,14.5305
2026-07-23T16:03:00.912,241.9118,14.2973,14.3934
2026-07-23T16:03:00.923,241.9118,14.1602,14.413
2026-07-23T16:03:00.936,241.9177,14.0623,14.2955
2026-07-23T16:03:00.944,241.9438,13.9252,14.2759
2026-07-23T16:03:00.956,241.9491,13.8469,14.2172
2026-07-23T16:03:00.963,241.9529,13.6903,14.1585
2026-07-23T16:03:00.968,241.9529,13.6511,14.1976
2026-07-23T16:03:00.976,241.972,13.6315,13.9822
2026-07-23T16:03:00.991,241.9876,13.5924,14.041
2026-07-23T16:03:01.004,241.9897,13.6511,14.1389
2026-07-23T16:03:01.007,242.0205,13.612,14.0997
2026-07-23T16:03:01.023,242.0237,13.6707,14.2172
2026-07-23T16:03:01.023,242.0237,13.612,14.1976
2026-07-23T16:03:01.040,242.0237,13.7294,14.2759
2026-07-23T16:03:01.054,242.0621,13.6707,14.2564
2026-07-23T16:03:01.058,242.0666,13.7686,14.2564
2026-07-23T16:03:01.074,242.0666,13.6903,14.2564
2026-07-23T16:03:01.074,242.072,13.8273,14.1976
2026-07-23T16:03:01.095,242.0983,13.612,14.1976
2026-07-23T16:03:01.102,242.1053,13.7294,14.1193
2026-07-23T16:03:01.117,242.1053,13.6511,14.1976
2026-07-23T16:03:01.123,242.1141,13.749,14.1389
2026-07-23T16:03:01.133,242.1387,13.749,14.1976
2026-07-23T16:03:01.142,242.146,13.749,14.1976
2026-07-23T16:03:01.149,242.1482,13.8078,14.1585
2026-07-23T16:03:01.156,242.1526,13.7686,14.1389
2026-07-23T16:03:01.165,242.1808,13.8273,14.2759
2026-07-23T16:03:01.183,242.1808,13.7882,14.2759
2026-07-23T16:03:01.196,242.1808,13.8078,14.2368
2026-07-23T16:03:01.203,242.1808,13.7686,14.1976
2026-07-23T16:03:01.215,242.2159,13.7882,14.1389
2026-07-23T16:03:01.225,242.2159,13.7294,14.1389
2026-07-23T16:03:01.232,242.2251,13.749,14.1193
2026-07-23T16:03:01.244,242.2251,13.749,14.178
2026-07-23T16:03:01.256,242.262,13.7686,14.1976
2026-07-23T16:03:01.261,242.2659,13.7882,14.2172
2026-07-23T16:03:01.267,242.2706,13.7099,14.1389
2026-07-23T16:03:01.285,242.2784,13.8078,14.1585
2026-07-23T16:03:01.296,242.3052,13.612,14.1389
2026-07-23T16:03:01.296,242.3052,13.7294,14.178
2026-07-23T16:03:01.323,242.3122,13.5532,14.1389
2026-07-23T16:03:01.329,242.3122,13.7099,14.1585
2026-07-23T16:03:01.329,242.3411,13.5532,14.1976
2026-07-23T16:03:01.350,242.3457,13.7294,14.2564
2026-07-23T16:03:01.350,242.3457,13.6315,14.2955
2026-07-23T16:03:01.363,242.3527,13.8665,14.2564
2026-07-23T16:03:01.370,242.3825,13.6315,14.2955
2026-07-23T16:03:01.385,242.3859,13.8273,14.2759
2026-07-23T16:03:01.392,242.3887,13.8861,14.3934
2026-07-23T16:03:01.407,242.3887,14.1994,14.4326
2026-07-23T16:03:01.417,242.4202,14.4343,14.5109
2026-07-23T16:03:01.423,242.4231,14.963,14.6284
2026-07-23T16:03:01.437,242.4246,15.3155,14.8242
2026-07-23T16:03:01.439,242.429,15.5505,14.7655
2026-07-23T16:03:01.466,242.4575,15.6484,14.785
2026-07-23T16:03:01.471,242.4603,15.6092,14.7067
2026-07-23T16:03:01.475,242.4661,15.4721,14.648
2026-07-23T16:03:01.484,242.4725,15.4134,14.5697
2026-07-23T16:03:01.495,242.492,15.3742,14.5109
2026-07-23T16:03:01.497,242.5012,15.2567,14.5892
2026-07-23T16:03:01.511,242.5053,15.2763,14.4913
2026-07-23T16:03:01.526,242.5105,15.2567,14.6088
2026-07-23T16:03:01.528,242.5238,15.2372,14.4913
2026-07-23T16:03:01.543,242.5238,15.2176,14.5501
2026-07-23T16:03:01.556,242.5397,15.2176,14.5892
2026-07-23T16:03:01.561,242.5555,15.3546,14.5892
2026-07-23T16:03:01.575,242.5671,15.1588,14.5305
2026-07-23T16:03:01.575,242.5727,15.3351,14.5501
2026-07-23T16:03:01.590,242.5771,15.1393,14.5697
2026-07-23T16:03:01.606,242.5911,15.3351,14.648
2026-07-23T16:03:01.606,242.6055,15.1588,14.4717
2026-07-23T16:03:01.628,242.6092,15.2567,14.5697
2026-07-23T16:03:01.628,242.6348,15.0218,14.6676
2026-07-23T16:03:01.642,242.6386,15.1197,14.5501
2026-07-23T16:03:01.655,242.6386,14.963,14.6871
2026-07-23T16:03:01.660,242.6488,14.963,14.648
2026-07-23T16:03:01.670,242.6727,14.8651,14.7655
2026-07-23T16:03:01.689,242.6747,15.0609,14.8242
2026-07-23T16:03:01.689,242.6747,14.9043,14.9025
2026-07-23T16:03:01.709,242.7053,15.0022,14.9808
2026-07-23T16:03:01.717,242.7092,15.0609,15.0983
2026-07-23T16:03:01.733,242.7145,15.0022,15.1571
2026-07-23T16:03:01.734,242.7145,14.9434,15.1571
2026-07-23T16:03:01.749,242.7387,14.8847,15.1571
2026-07-23T16:03:01.753,242.7453,14.8847,15.1767
2026-07-23T16:03:01.765,242.7473,14.8847,15.2354
2026-07-23T16:03:01.767,242.7774,14.8455,15.2746
2026-07-23T16:03:01.783,242.7774,14.8847,15.3333
2026-07-23T16:03:01.796,242.7774,14.9434,15.3137
2026-07-23T16:03:01.798,242.7774,15.0218,15.3529
2026-07-23T16:03:01.823,242.8089,14.9826,15.2941
2026-07-23T16:03:01.823,242.8089,15.1784,15.4899
2026-07-23T16:03:01.828,242.8089,15.2763,15.4312
2026-07-23T16:03:01.846,242.8479,15.3155,15.4116
2026-07-23T16:03:01.860,242.8479,15.3938,15.4312
2026-07-23T16:03:01.860,242.8549,15.5113,15.5095
2026-07-23T16:03:01.874,242.8559,15.4917,15.4508
2026-07-23T16:03:01.876,242.8833,15.6875,15.5095
2026-07-23T16:03:01.893,242.8833,15.5309,15.5291
2026-07-23T16:03:01.906,242.8874,15.7267,15.5879
2026-07-23T16:03:01.907,242.9053,15.6092,15.5683
2026-07-23T16:03:01.924,242.9192,15.6288,15.5683
2026-07-23T16:03:01.934,242.9192,15.433,15.5291
2026-07-23T16:03:01.938,242.925,15.6092,15.4508
2026-07-23T16:03:01.956,242.9539,15.3938,15.5095
2026-07-23T16:03:01.956,242.9539,15.7071,15.4704
2026-07-23T16:03:01.976,242.9539,15.5113,15.4899
2026-07-23T16:03:01.989,242.9824,15.6875,15.5095
2026-07-23T16:03:01.989,242.9824,15.5896,15.6466
2026-07-23T16:03:02.005,242.9824,15.6875,15.4899
2026-07-23T16:03:02.018,243.0221,15.6288,15.5879
2026-07-23T16:03:02.023,243.0221,15.6875,15.5683
2026-07-23T16:03:02.033,243.0221,15.6679,15.5879
2026-07-23T16:03:02.033,243.0297,15.7071,15.5487
2026-07-23T16:03:02.051,243.0668,15.7071,15.627
2026-07-23T16:03:02.064,243.0725,15.7267,15.6858
2026-07-23T16:03:02.073,243.0725,15.7463,15.6858
2026-07-23T16:03:02.080,243.0777,15.7463,15.6662
2026-07-23T16:03:02.101,243.1091,15.7071,15.6466
2026-07-23T16:03:02.112,243.1091,15.805,15.7249
2026-07-23T16:03:02.112,243.1091,15.7658,15.7249
2026-07-23T16:03:02.123,243.1091,15.9421,15.8816
2026-07-23T16:03:02.133,243.1408,15.9616,15.8424
2026-07-23T16:03:02.144,243.1494,16.1966,15.9011
2026-07-23T16:03:02.158,243.1528,15.9812,15.862
2026-07-23T16:03:02.160,243.1568,16.2554,15.862
2026-07-23T16:03:02.176,243.1754,16.0204,15.862
2026-07-23T16:03:02.192,243.1754,16.1966,15.9011
2026-07-23T16:03:02.192,243.1857,16.0204,15.8816
2026-07-23T16:03:02.208,243.1896,16.1966,15.9403
2026-07-23T16:03:02.211,243.1896,16.0204,15.9403
2026-07-23T16:03:02.226,243.2205,16.2749,15.862
2026-07-23T16:03:02.226,243.2205,16.1183,15.9403
2026-07-23T16:03:02.240,243.2497,16.4903,15.9599
2026-07-23T16:03:02.256,243.2515,16.3141,16.0774
2026-07-23T16:03:02.256,243.2587,16.5687,16.097
2026-07-23T16:03:02.271,243.2587,16.4512,16.097
2026-07-23T16:03:02.290,243.2889,16.5491,16.1753
2026-07-23T16:03:02.301,243.2919,16.3728,16.0774
2026-07-23T16:03:02.302,243.2919,16.4316,16.097
2026-07-23T16:03:02.309,243.3004,16.2162,16.2144
2026-07-23T16:03:02.323,243.3189,16.0791,16.234
2026-07-23T16:03:02.334,243.3189,15.9616,16.2732
2026-07-23T16:03:02.343,243.3303,16.0008,16.234
2026-07-23T16:03:02.356,243.362,16.0987,16.234
2026-07-23T16:03:02.370,243.362,16.1966,16.1949
2026-07-23T16:03:02.370,243.362,16.2358,16.097
2026-07-23T16:03:02.381,243.3719,16.3728,16.1165
2026-07-23T16:03:02.381,243.396,16.3533,16.0382
2026-07-23T16:03:02.401,243.3967,16.3728,15.9403
2026-07-23T16:03:02.413,243.3967,16.2162,15.8032
2026-07-23T16:03:02.424,243.3967,16.177,15.7641
2026-07-23T16:03:02.434,243.4312,16.2945,15.7053
2026-07-23T16:03:02.444,243.4312,16.412,15.8228
2026-07-23T16:03:02.447,243.4388,16.3533,15.8816
2026-07-23T16:03:02.463,243.4592,16.5882,15.8816
2026-07-23T16:03:02.479,243.4592,16.412,15.862
2026-07-23T16:03:02.482,243.4672,16.647,15.9403
2026-07-23T16:03:02.494,243.4905,16.4316,15.8424
2026-07-23T16:03:02.510,243.4905,16.647,15.9207
2026-07-23T16:03:02.510,243.4905,16.412,15.9207
2026-07-23T16:03:02.524,243.5068,16.6078,15.9599
2026-07-23T16:03:02.541,243.5219,16.412,15.9599
2026-07-23T16:03:02.541,243.5219,16.5099,15.8816
2026-07-23T16:03:02.541,243.5388,16.3141,15.9207
2026-07-23T16:03:02.573,243.5534,16.412,15.7837
2026-07-23T16:03:02.573,243.5691,16.177,15.862
2026-07-23T16:03:02.590,243.5731,16.1966,15.7641
2026-07-23T16:03:02.590,243.5731,16.0791,15.7445
2026-07-23T16:03:02.604,243.5967,16.0791,15.6858
2026-07-23T16:03:02.604,243.6055,15.9616,15.7053
2026-07-23T16:03:02.624,243.6055,15.9616,15.7053
2026-07-23T16:03:02.624,243.634,15.8637,15.6662
2026-07-23T16:03:02.643,243.635,15.8442,15.5683
2026-07-23T16:03:02.655,243.6406,15.7267,15.5879
2026-07-23T16:03:02.656,243.6406,15.7463,15.4899
2026-07-23T16:03:02.670,243.6732,15.805,15.4899
2026-07-23T16:03:02.686,243.6732,15.9029,15.4899
2026-07-23T16:03:02.691,243.6809,15.8442,15.4312
2026-07-23T16:03:02.702,243.7055,15.9616,15.4899
2026-07-23T16:03:02.716,243.7096,15.9225,15.4116
2026-07-23T16:03:02.724,243.7138,15.9225,15.4508
2026-07-23T16:03:02.732,243.7174,15.8637,15.3725
2026-07-23T16:03:02.747,243.7459,15.9812,15.2941
2026-07-23T16:03:02.747,243.7459,15.7658,15.255
2026-07-23T16:03:02.768,243.7553,15.9812,15.2941
2026-07-23T16:03:02.768,243.7751,15.8442,15.0788
2026-07-23T16:03:02.790,243.7823,15.9421,15.02
2026-07-23T16:03:02.802,243.7884,15.7267,14.8829
2026-07-23T16:03:02.806,243.791,15.8637,14.9025
2026-07-23T16:03:02.812,243.807,15.6092,14.8634
2026-07-23T16:03:02.826,243.807,15.8246,14.8438
2026-07-23T16:03:02.833,243.8231,15.6288,14.9417
2026-07-23T16:03:02.843,243.8238,15.805,14.9025
2026-07-23T16:03:02.858,243.852,15.7463,14.9221
2026-07-23T16:03:02.858,243.852,15.8637,14.9417
2026-07-23T16:03:02.875,243.8547,15.7071,14.8829
2026-07-23T16:03:02.885,243.8834,15.6679,14.8438
2026-07-23T16:03:02.893,243.8844,15.6288,14.8829
2026-07-23T16:03:02.905,243.8872,15.7071,14.8046
2026-07-23T16:03:02.905,243.911,15.6875,14.8438
2026-07-23T16:03:02.924,243.911,15.8246,14.9221
2026-07-23T16:03:02.934,243.9183,15.7854,14.9025
2026-07-23T16:03:02.938,243.9388,15.8442,14.9808
2026-07-23T16:03:02.956,243.9525,15.805,14.9025
2026-07-23T16:03:02.962,243.9545,15.8442,15.0592
2026-07-23T16:03:02.969,243.9824,15.8637,15.0592
2026-07-23T16:03:02.990,243.9834,16.0204,15.1962
2026-07-23T16:03:02.990,243.9834,16.0596,15.2746
2026-07-23T16:03:03.007,243.9925,16.2749,15.2941
2026-07-23T16:03:03.025,244.0182,16.2945,15.3333
2026-07-23T16:03:03.025,244.0182,16.5099,15.2746
2026-07-23T16:03:03.034,244.0182,16.4512,15.2746
2026-07-23T16:03:03.043,244.0262,16.6274,15.3333
2026-07-23T16:03:03.065,244.0629,16.5295,15.2941
2026-07-23T16:03:03.065,244.0629,16.6861,15.3529
2026-07-23T16:03:03.069,244.0733,16.6666,15.4312
2026-07-23T16:03:03.092,244.1076,16.8819,15.5095
2026-07-23T16:03:03.092,244.1076,16.8036,15.6466
2026-07-23T16:03:03.107,244.1126,16.9798,15.6466
2026-07-23T16:03:03.114,244.1126,16.7449,15.9207
2026-07-23T16:03:03.128,244.1126,16.7057,16.0186
2026-07-23T16:03:03.128,244.1548,16.3533,16.1557
2026-07-23T16:03:03.144,244.1548,16.3728,16.234
2026-07-23T16:03:03.156,244.1548,16.1379,16.1557
2026-07-23T16:03:03.163,244.1684,16.0987,16.1557
2026-07-23T16:03:03.175,244.1749,16.04,16.1753
2026-07-23T16:03:03.186,244.2024,16.0596,16.0774
2026-07-23T16:03:03.204,244.2053,16.0204,16.1557
2026-07-23T16:03:03.204,244.2053,16.0008,16.1361
2026-07-23T16:03:03.219,244.2053,15.8246,16.0774
2026-07-23T16:03:03.226,244.2053,15.8442,16.1949
2026-07-23T16:03:03.237,244.2449,15.805,16.1753
2026-07-23T16:03:03.237,244.2493,15.7854,16.1557
2026-07-23T16:03:03.256,244.2533,15.805,16.2144
2026-07-23T16:03:03.256,244.2533,15.9029,16.2144
2026-07-23T16:03:03.269,244.2808,15.8246,16.1949
2026-07-23T16:03:03.284,244.2808,15.8833,16.1557
2026-07-23T16:03:03.290,244.2966,15.7658,16.097
2026-07-23T16:03:03.304,244.3056,15.9421,16.1949
2026-07-23T16:03:03.313,244.3331,15.805,16.1165
2026-07-23T16:03:03.332,244.3356,16.04,16.234
2026-07-23T16:03:03.332,244.3392,15.9421,16.234
2026-07-23T16:03:03.347,244.3443,16.1379,16.2144
2026-07-23T16:03:03.356,244.3464,16.04,16.234
2026-07-23T16:03:03.379,244.3762,16.1575,16.1753
2026-07-23T16:03:03.379,244.3762,16.0008,16.1557
2026-07-23T16:03:03.384,244.3791,16.1966,16.0186
2026-07-23T16:03:03.397,244.3849,16.0204,16.1165
2026-07-23T16:03:03.411,244.4077,16.177,16.0774
2026-07-23T16:03:03.411,244.4077,16.177,16.1165
2026-07-23T16:03:03.424,244.4077,16.1183,16.0774
2026-07-23T16:03:03.436,244.4234,16.0791,16.097
2026-07-23T16:03:03.459,244.4551,16.04,16.1361
2026-07-23T16:03:03.459,244.4551,16.0008,16.1557
2026-07-23T16:03:03.459,244.4598,15.9421,16.1949
2026-07-23T16:03:03.474,244.4643,16.04,16.1165
2026-07-23T16:03:03.490,244.4921,16.04,16.0578
2026-07-23T16:03:03.490,244.4973,15.9812,16.0382
2026-07-23T16:03:03.506,244.5002,16.0008,16.1753
2026-07-23T16:03:03.515,244.5019,16.0008,16.0578
2026-07-23T16:03:03.537,244.5367,15.9029,16.0774
2026-07-23T16:03:03.537,244.5387,15.9225,15.9795
2026-07-23T16:03:03.543,244.5387,15.8833,15.9795
2026-07-23T16:03:03.553,244.5431,15.8246,15.9599
2026-07-23T16:03:03.569,244.5742,15.9421,16.097
2026-07-23T16:03:03.569,244.5742,15.8833,16.1557
2026-07-23T16:03:03.590,244.5816,15.9225,16.2144
2026-07-23T16:03:03.600,244.5816,15.7658,16.1753
2026-07-23T16:03:03.605,244.6103,15.8246,16.2144
2026-07-23T16:03:03.617,244.6135,15.7267,16.234
2026-07-23T16:03:03.625,244.6174,15.7071,16.1753
2026-07-23T16:03:03.632,244.6174,15.5505,16.2144
2026-07-23T16:03:03.648,244.6453,15.5896,16.2144
2026-07-23T16:03:03.656,244.6492,15.433,16.1557
2026-07-23T16:03:03.668,244.6492,15.4525,16.1753
2026-07-23T16:03:03.674,244.6552,15.3742,16.1949
2026-07-23T16:03:03.690,244.6769,15.4134,16.234
2026-07-23T16:03:03.696,244.6769,15.5309,16.2732
2026-07-23T16:03:03.706,244.6769,15.3546,16.1361
2026-07-23T16:03:03.717,244.7187,15.3938,16.2732
2026-07-23T16:03:03.728,244.7187,15.3351,16.1165
2026-07-23T16:03:03.728,244.7248,15.3938,16.1361
2026-07-23T16:03:03.744,244.7401,15.3742,16.1753
2026-07-23T16:03:03.761,244.7568,15.4917,16.1165
2026-07-23T16:03:03.761,244.7568,15.3546,16.097
2026-07-23T16:03:03.776,244.7603,15.3938,16.0578
2026-07-23T16:03:03.791,244.7882,15.2763,16.0382
2026-07-23T16:03:03.791,244.7882,15.3546,15.9207
2026-07-23T16:03:03.808,244.7992,15.2372,15.9599
2026-07-23T16:03:03.811,244.8022,15.1588,15.9011
2026-07-23T16:03:03.839,244.8194,15.1001,15.9207
2026-07-23T16:03:03.839,244.8347,14.826,15.8228
2026-07-23T16:03:03.839,244.8368,14.826,15.7053
2026-07-23T16:03:03.856,244.8425,14.6497,15.627
2026-07-23T16:03:03.870,244.8721,14.6302,15.6074
2026-07-23T16:03:03.870,244.8749,14.4735,15.4704
2026-07-23T16:03:03.886,244.877,14.5127,15.4899
2026-07-23T16:03:03.894,244.9055,14.356,15.4704
2026-07-23T16:03:03.907,244.9055,14.2581,15.2941
2026-07-23T16:03:03.907,244.9137,14.1602,15.2941
2026-07-23T16:03:03.923,244.9137,14.1406,15.2158
2026-07-23T16:03:03.936,244.9389,14.1211,15.3333
2026-07-23T16:03:03.956,244.9499,14.1211,15.2354
2026-07-23T16:03:03.956,244.9499,14.1994,15.2746
2026-07-23T16:03:03.965,244.9499,14.1015,15.1767
2026-07-23T16:03:03.965,244.9769,14.2385,15.1375
2026-07-23T16:03:03.990,244.9769,14.0623,15.1179
2026-07-23T16:03:04.001,244.9889,14.0623,15.1375
2026-07-23T16:03:04.008,244.9925,14.0232,15.02
2026-07-23T16:03:04.012,245.0107,14.0819,15.0983
2026-07-23T16:03:04.028,245.0214,14.0036,15.0983
2026-07-23T16:03:04.040,245.0271,14.0819,15.0788
2026-07-23T16:03:04.043,245.0271,13.9448,15.0983
2026-07-23T16:03:04.062,245.0605,13.9644,15.02
2026-07-23T16:03:04.062,245.0605,13.8273,15.1571
2026-07-23T16:03:04.078,245.0605,13.8469,14.9808
2026-07-23T16:03:04.078,245.0605,13.8078,15.02
2026-07-23T16:03:04.103,245.1055,13.7882,14.9417
2026-07-23T16:03:04.103,245.1055,13.9448,14.9417
2026-07-23T16:03:04.111,245.1055,13.8861,14.9613
2026-07-23T16:03:04.132,245.139,13.8861,14.9417
2026-07-23T16:03:04.132,245.139,13.8469,15.0396
2026-07-23T16:03:04.145,245.1483,13.8665,14.9613
2026-07-23T16:03:04.156,245.1525,13.7882,15.02
2026-07-23T16:03:04.169,245.1573,13.8861,15.0004
2026-07-23T16:03:04.169,245.1813,13.9057,15.0788
2026-07-23T16:03:04.190,245.1813,13.8469,15.0396
2026-07-23T16:03:04.190,245.1813,13.8469,15.1179
2026-07-23T16:03:04.208,245.1974,13.7882,15.0396
2026-07-23T16:03:04.218,245.2193,13.9057,15.0592
2026-07-23T16:03:04.232,245.2193,13.8665,14.9613
2026-07-23T16:03:04.232,245.2318,13.8861,14.9808
2026-07-23T16:03:04.248,245.2318,13.749,14.8829
2026-07-23T16:03:04.256,245.2577,13.749,14.9417
2026-07-23T16:03:04.270,245.264,13.5924,14.9025
2026-07-23T16:03:04.270,245.2674,13.6903,14.9025
2026-07-23T16:03:04.283,245.2721,13.6511,14.8634
2026-07-23T16:03:04.296,245.2935,13.8469,14.8046
2026-07-23T16:03:04.312,245.301,13.7294,14.8829
2026-07-23T16:03:04.315,245.301,13.8469,14.8046
2026-07-23T16:03:04.329,245.3233,13.749,14.9025
2026-07-23T16:03:04.329,245.3233,13.8665,14.8829
2026-07-23T16:03:04.352,245.3349,13.8273,15.0004
2026-07-23T16:03:04.356,245.3389,13.8665,14.9613
2026-07-23T16:03:04.374,245.358,13.8273,15.0004
2026-07-23T16:03:04.374,245.358,13.8469,14.8634
2026-07-23T16:03:04.386,245.358,13.8078,14.8829
2026-07-23T16:03:04.397,245.3964,13.8078,14.8634
2026-07-23T16:03:04.409,245.3971,13.8665,14.8634
2026-07-23T16:03:04.421,245.4015,13.9644,14.9221
2026-07-23T16:03:04.424,245.4297,14.0427,15.0788
2026-07-23T16:03:04.437,245.4329,14.1994,15.2746
2026-07-23T16:03:04.448,245.4391,14.3756,15.4312
2026-07-23T16:03:04.456,245.4442,14.4931,15.7641
2026-07-23T16:03:04.456,245.4692,14.4931,16.0186
2026-07-23T16:03:04.478,245.4755,14.6302,16.2928
2026-07-23T16:03:04.484,245.4773,14.6302,16.4298
2026-07-23T16:03:04.495,245.481,14.9434,16.6844
2026-07-23T16:03:04.516,245.511,15.0414,16.6648
2026-07-23T16:03:04.516,245.511,15.4721,16.7627
2026-07-23T16:03:04.528,245.511,15.6875,16.704
2026-07-23T16:03:04.532,245.5208,16.0596,16.7431
2026-07-23T16:03:04.547,245.5496,16.3337,16.9781
2026-07-23T16:03:04.547,245.5528,16.8036,17.1347
2026-07-23T16:03:04.562,245.5592,16.9211,17.3697
2026-07-23T16:03:04.577,245.5877,17.2931,17.4676
2026-07-23T16:03:04.593,245.5898,17.254,17.5459
2026-07-23T16:03:04.600,245.5908,17.5281,17.5263
2026-07-23T16:03:04.610,245.5945,17.3323,17.5263
2026-07-23T16:03:04.610,245.6231,17.3127,17.448
2026-07-23T16:03:04.626,245.6231,17.1169,17.448
2026-07-23T16:03:04.639,245.6231,17.2344,17.4089
2026-07-23T16:03:04.645,245.6231,17.1169,17.5263
2026-07-23T16:03:04.656,245.6594,16.9994,17.4089
2026-07-23T16:03:04.656,245.6594,16.9211,17.4284
2026-07-23T16:03:04.674,245.6594,16.9798,17.3697
2026-07-23T16:03:04.704,245.6859,16.9994,17.3501
2026-07-23T16:03:04.704,245.6859,16.9994,17.3305
2026-07-23T16:03:04.709,245.6859,16.8819,17.3893
2026-07-23T16:03:04.717,245.7007,16.9407,17.3305
2026-07-23T16:03:04.729,245.7335,16.9015,17.311
2026-07-23T16:03:04.737,245.7335,16.9994,17.3697
2026-07-23T16:03:04.737,245.7389,17.0582,17.3697
2026-07-23T16:03:04.756,245.7389,17.0973,17.3305
2026-07-23T16:03:04.756,245.7681,16.8624,17.2131
2026-07-23T16:03:04.770,245.7681,17.0386,17.2131
2026-07-23T16:03:04.784,245.7723,16.7449,17.2131
2026-07-23T16:03:04.799,245.8011,16.8624,17.1935
2026-07-23T16:03:04.812,245.8057,16.7645,17.076
2026-07-23T16:03:04.817,245.8057,16.9211,17.1739
2026-07-23T16:03:04.831,245.8123,16.6861,17.0956
2026-07-23T16:03:04.838,245.8431,16.8428,17.0172
2026-07-23T16:03:04.850,245.8446,16.647,17.0564
2026-07-23T16:03:04.857,245.8446,16.7253,16.8802
2026-07-23T16:03:04.863,245.8531,16.4316,16.9585
2026-07-23T16:03:04.878,245.8763,16.5687,16.9389
2026-07-23T16:03:04.880,245.8763,16.4903,16.9585
2026-07-23T16:03:04.895,245.8763,16.4512,16.9389
2026-07-23T16:03:04.904,245.9055,16.412,16.8998
2026-07-23T16:03:04.926,245.9055,16.3533,16.8606
2026-07-23T16:03:04.926,245.9055,16.2945,16.8019
2026-07-23T16:03:04.937,245.9214,16.2358,16.8214
2026-07-23T16:03:04.956,245.9391,16.1183,16.8606
2026-07-23T16:03:04.956,245.9511,16.0987,16.8606
2026-07-23T16:03:04.956,245.9528,16.0204,16.8019
2026-07-23T16:03:04.979,245.9764,16.0008,16.8214
2026-07-23T16:03:04.990,245.9764,15.9616,16.7627
2026-07-23T16:03:04.990,245.9764,16.0204,16.8214
2026-07-23T16:03:05.007,245.9889,15.9029,16.7235
2026-07-23T16:03:05.011,246.0149,15.9225,16.7235
2026-07-23T16:03:05.027,246.0176,15.7267,16.704
2026-07-23T16:03:05.040,246.0176,15.9421,16.6844
2026-07-23T16:03:05.043,246.0484,15.8246,16.704
2026-07-23T16:03:05.056,246.0535,16.0596,16.8019
2026-07-23T16:03:05.068,246.0556,16.0596,16.8606
2026-07-23T16:03:05.068,246.0566,16.2945,16.9585
2026-07-23T16:03:05.086,246.0797,16.1575,17.0956
2026-07-23T16:03:05.090,246.0797,16.3141,16.9977
2026-07-23T16:03:05.107,246.0888,16.1966,17.0172
2026-07-23T16:03:05.127,246.1114,16.3728,16.9389
2026-07-23T16:03:05.127,246.1114,16.6078,17.0564
2026-07-23T16:03:05.140,246.1232,16.6666,17.311
2026-07-23T16:03:05.155,246.143,16.7253,17.7809
2026-07-23T16:03:05.162,246.1518,16.8624,18.1725
2026-07-23T16:03:05.162,246.1518,16.9798,18.4466
2026-07-23T16:03:05.178,246.1559,17.2931,18.6816
2026-07-23T16:03:05.194,246.1787,17.3715,18.8383
2026-07-23T16:03:05.194,246.1787,17.4889,18.7012
2026-07-23T16:03:05.207,246.1906,17.5085,18.6033
2026-07-23T16:03:05.212,246.2217,17.6848,18.5641
2026-07-23T16:03:05.229,246.2217,17.7239,18.4858
2026-07-23T16:03:05.229,246.2217,17.8218,18.5641
2026-07-23T16:03:05.241,246.2537,17.8022,18.4858
2026-07-23T16:03:05.257,246.2537,18.0176,18.4858
2026-07-23T16:03:05.257,246.2618,17.9589,18.5054
2026-07-23T16:03:05.273,246.2618,18.0372,18.525
2026-07-23T16:03:05.290,246.2853,18.0176,18.525
2026-07-23T16:03:05.290,246.2853,18.1155,18.6229
2026-07-23T16:03:05.304,246.2853,17.9001,18.5054
2026-07-23T16:03:05.320,246.3025,18.0372,18.4075
2026-07-23T16:03:05.336,246.333,17.861,18.2508
2026-07-23T16:03:05.336,246.333,18.0568,18.2704
2026-07-23T16:03:05.336,246.3389,17.7631,18.1921
2026-07-23T16:03:05.356,246.3648,17.8218,18.055
2026-07-23T16:03:05.369,246.372,17.5869,18.0354
2026-07-23T16:03:05.369,246.372,17.6848,18.0354
2026-07-23T16:03:05.384,246.3769,17.4889,17.8788
2026-07-23T16:03:05.396,246.3823,17.7239,17.8788
2026-07-23T16:03:05.400,246.4119,17.5477,17.8592
2026-07-23T16:03:05.416,246.4119,17.626,17.8592
2026-07-23T16:03:05.428,246.4119,17.5085,17.8592
2026-07-23T16:03:05.433,246.4119,17.5281,17.7222
2026-07-23T16:03:05.447,246.4437,17.4889,17.8201
2026-07-23T16:03:05.456,246.4437,17.4302,17.7613
2026-07-23T16:03:05.463,246.4591,17.391,17.7613
2026-07-23T16:03:05.479,246.4838,17.4498,17.7417
2026-07-23T16:03:05.495,246.4838,17.2736,17.6634
2026-07-23T16:03:05.495,246.4838,17.2931,17.7026
2026-07-23T16:03:05.510,246.4905,17.0582,17.6047
2026-07-23T16:03:05.521,246.5121,17.1365,17.6634
2026-07-23T16:03:05.528,246.5219,17.0582,17.4872
2026-07-23T16:03:05.535,246.5219,17.019,17.4284
2026-07-23T16:03:05.545,246.5286,16.7645,17.2522
2026-07-23T16:03:05.556,246.5536,16.8624,17.2914
2026-07-23T16:03:05.573,246.5536,16.5882,17.2522
2026-07-23T16:03:05.573,246.5661,16.8819,17.311
2026-07-23T16:03:05.588,246.5862,16.6861,17.4284
2026-07-23T16:03:05.589,246.5987,16.9211,17.3893
2026-07-23T16:03:05.604,246.6028,16.784,17.3305
2026-07-23T16:03:05.617,246.6055,16.9798,17.3893
2026-07-23T16:03:05.628,246.6175,16.8036,17.3501
2026-07-23T16:03:05.637,246.6321,16.9994,17.311
2026-07-23T16:03:05.637,246.6373,16.8819,17.3697
2026-07-23T16:03:05.656,246.6429,17.0973,17.2914
2026-07-23T16:03:05.667,246.668,16.9798,17.311
2026-07-23T16:03:05.683,246.6722,17.1365,17.1543
2026-07-23T16:03:05.688,246.6722,17.1561,17.0956
2026-07-23T16:03:05.699,246.7078,17.1952,17.0956
2026-07-23T16:03:05.715,246.7121,17.0386,16.9977
2026-07-23T16:03:05.719,246.7121,17.0778,17.0564
2026-07-23T16:03:05.732,246.7207,16.9407,17.0368
2026-07-23T16:03:05.732,246.7454,16.9407,16.9781
2026-07-23T16:03:05.756,246.7454,16.8624,16.8998
2026-07-23T16:03:05.756,246.7454,16.9603,16.8998
2026-07-23T16:03:05.763,246.7561,16.8819,16.8019
2026-07-23T16:03:05.777,246.7773,16.8819,16.8214
2026-07-23T16:03:05.793,246.7773,16.7253,16.7823
2026-07-23T16:03:05.796,246.7895,16.8428,16.7235
2026-07-23T16:03:05.796,246.7935,16.6274,16.7627
2026-07-23T16:03:05.819,246.8216,16.784,16.7431
2026-07-23T16:03:05.828,246.8216,16.5687,16.704
2026-07-23T16:03:05.828,246.8267,16.6666,16.7627
2026-07-23T16:03:05.844,246.8267,16.4316,16.7627
2026-07-23T16:03:05.857,246.859,16.6861,16.7627
2026-07-23T16:03:05.860,246.859,16.4316,16.7823
2026-07-23T16:03:05.877,246.8643,16.6274,16.7235
2026-07-23T16:03:05.877,246.8877,16.4512,16.8019
2026-07-23T16:03:05.904,246.9004,16.6274,16.7235
2026-07-23T16:03:05.910,246.9028,16.4707,16.704
2026-07-23T16:03:05.915,246.9056,16.5491,16.6256
2026-07-23T16:03:05.935,246.9321,16.4707,16.6844
2026-07-23T16:03:05.939,246.9367,16.412,16.5669
2026-07-23T16:03:05.939,246.9388,16.412,16.6061
2026-07-23T16:03:05.956,246.9388,16.4316,16.5473
2026-07-23T16:03:05.967,246.9646,16.4512,16.5865
2026-07-23T16:03:05.980,246.9646,16.412,16.5865
2026-07-23T16:03:05.983,246.9721,16.3924,16.5669
2026-07-23T16:03:05.990,246.9965,16.3728,16.5865
2026-07-23T16:03:06.003,247.0056,16.5099,16.5473
2026-07-23T16:03:06.023,247.0101,16.3924,16.5473
2026-07-23T16:03:06.025,247.0126,16.4512,16.5865
2026-07-23T16:03:06.047,247.0374,16.4903,16.6256
2026-07-23T16:03:06.047,247.0389,16.4316,16.5473
2026-07-23T16:03:06.061,247.0452,16.5295,16.5473
2026-07-23T16:03:06.063,247.0452,16.3337,16.5081
2026-07-23T16:03:06.078,247.0743,16.5687,16.4886
2026-07-23T16:03:06.088,247.0776,16.4512,16.5081
2026-07-23T16:03:06.096,247.0776,16.6078,16.5277
2026-07-23T16:03:06.112,247.1134,16.5295,16.5081
2026-07-23T16:03:06.115,247.1134,16.5882,16.469
2026-07-23T16:03:06.128,247.1185,16.4316,16.3907
2026-07-23T16:03:06.137,247.1214,16.4903,16.2928
2026-07-23T16:03:06.147,247.1484,16.2945,16.2732
2026-07-23T16:03:06.162,247.153,16.3924,16.1361
2026-07-23T16:03:06.164,247.153,16.2945,16.2144
2026-07-23T16:03:06.172,247.1599,16.3533,16.1753
2026-07-23T16:03:06.172,247.1797,16.2945,16.1361
2026-07-23T16:03:06.199,247.1849,16.3337,16.1361
2026-07-23T16:03:06.204,247.1849,16.4316,16.1165
2026-07-23T16:03:06.220,247.2057,16.4316,16.1949
2026-07-23T16:03:06.228,247.2167,16.4707,16.1949
2026-07-23T16:03:06.236,247.2212,16.5099,16.1753
2026-07-23T16:03:06.257,247.2481,16.5295,16.1949
2026-07-23T16:03:06.257,247.251,16.6078,16.3319
2026-07-23T16:03:06.268,247.2533,16.647,16.3123
2026-07-23T16:03:06.272,247.2533,16.5882,16.2732
2026-07-23T16:03:06.290,247.2798,16.5295,16.1753
2026-07-23T16:03:06.299,247.2798,16.5295,16.2732
2026-07-23T16:03:06.304,247.2798,16.4707,16.3123
2026-07-23T16:03:06.331,247.3111,16.5295,16.2732
2026-07-23T16:03:06.331,247.3111,16.4707,16.3515
2026-07-23T16:03:06.331,247.3246,16.6274,16.3123
2026-07-23T16:03:06.346,247.3269,16.4316,16.2536
2026-07-23T16:03:06.362,247.355,16.5687,16.2928
2026-07-23T16:03:06.362,247.355,16.2945,16.2928
2026-07-23T16:03:06.378,247.3607,16.2162,16.4298
2026-07-23T16:03:06.390,247.3879,16.0596,16.3711
2026-07-23T16:03:06.397,247.39,16.1183,16.3711
2026-07-23T16:03:06.406,247.39,15.9812,16.3907
2026-07-23T16:03:06.423,247.422,16.0987,16.3123
2026-07-23T16:03:06.429,247.4256,15.9812,16.4298
2026-07-23T16:03:06.429,247.4256,16.0204,16.3123
2026-07-23T16:03:06.448,247.4297,16.0008,16.4102
2026-07-23T16:03:06.459,247.4536,16.0596,16.4102
2026-07-23T16:03:06.459,247.4536,16.0987,16.5865
2026-07-23T16:03:06.476,247.466,16.0791,16.4886
2026-07-23T16:03:06.489,247.4866,16.0987,16.5473
2026-07-23T16:03:06.504,247.497,16.1379,16.469
2026-07-23T16:03:06.504,247.497,16.2162,16.4298
2026-07-23T16:03:06.517,247.5009,16.3141,16.5081
2026-07-23T16:03:06.523,247.517,16.3533,16.469
2026-07-23T16:03:06.537,247.5337,16.4707,16.6452
2026-07-23T16:03:06.548,247.5337,16.647,16.5865
2026-07-23T16:03:06.556,247.539,16.7449,16.5669
2026-07-23T16:03:06.568,247.5662,16.7253,16.5473
2026-07-23T16:03:06.568,247.5683,16.7253,16.5669
2026-07-23T16:03:06.590,247.5725,16.6666,16.5669
2026-07-23T16:03:06.607,247.5966,16.8624,16.6452
2026-07-23T16:03:06.607,247.5966,16.7449,16.6648
2026-07-23T16:03:06.623,247.5966,16.9407,16.7431
2026-07-23T16:03:06.623,247.627,16.9015,16.7431
2026-07-23T16:03:06.631,247.627,16.9603,16.8019
2026-07-23T16:03:06.647,247.636,17.019,16.8019
2026-07-23T16:03:06.657,247.6391,17.1561,16.7235
2026-07-23T16:03:06.663,247.6587,17.1757,16.8019
2026-07-23T16:03:06.678,247.6665,17.3323,16.7627
2026-07-23T16:03:06.687,247.6722,17.3127,16.8214
2026-07-23T16:03:06.695,247.6987,17.4498,16.8606
2026-07-23T16:03:06.710,247.6987,17.4889,16.9585
2026-07-23T16:03:06.717,247.7033,17.5281,17.0172
2026-07-23T16:03:06.725,247.7058,17.5673,17.1543
2026-07-23T16:03:06.741,247.7321,17.4498,17.1739
2026-07-23T16:03:06.750,247.7321,17.5477,17.1152
2026-07-23T16:03:06.757,247.7393,17.5673,17.1152
2026-07-23T16:03:06.772,247.7534,17.6652,17.1739
2026-07-23T16:03:06.772,247.7534,17.6064,17.1347
2026-07-23T16:03:06.790,247.7634,17.5869,17.2131
2026-07-23T16:03:06.790,247.786,17.5281,17.2914
2026-07-23T16:03:06.804,247.786,17.5477,17.3893
2026-07-23T16:03:06.814,247.786,17.4106,17.3893
2026-07-23T16:03:06.835,247.8159,17.4498,17.4089
2026-07-23T16:03:06.837,247.8159,17.3715,17.3893
2026-07-23T16:03:06.837,247.8159,17.3323,17.3893
2026-07-23T16:03:06.856,247.8502,17.391,17.5263
2026-07-23T16:03:06.867,247.8502,17.4498,17.448
2026-07-23T16:03:06.867,247.8502,17.5869,17.5263
2026-07-23T16:03:06.884,247.8791,17.6848,17.4872
2026-07-23T16:03:06.898,247.8883,17.8218,17.4676
2026-07-23T16:03:06.901,247.8883,17.861,17.5851
2026-07-23T16:03:06.918,247.9124,17.8806,17.6243
2026-07-23T16:03:06.930,247.9199,17.7239,17.6634
2026-07-23T16:03:06.939,247.9199,17.7239,17.7026
2026-07-23T16:03:06.944,247.9407,17.7631,17.7417
2026-07-23T16:03:06.963,247.9407,17.7631,17.7417
2026-07-23T16:03:06.963,247.9547,17.8414,17.7613
2026-07-23T16:03:06.977,247.9564,17.7827,17.7026
2026-07-23T16:03:06.991,247.9784,17.8414,17.7026
2026-07-23T16:03:06.991,247.9784,17.6652,17.683
2026-07-23T16:03:07.007,247.9877,17.7043,17.683
2026-07-23T16:03:07.018,248.0137,17.7239,17.7613
2026-07-23T16:03:07.029,248.0157,17.7631,17.7613
2026-07-23T16:03:07.038,248.0195,17.7043,17.8592
2026-07-23T16:03:07.038,248.039,17.8806,17.8984
2026-07-23T16:03:07.057,248.039,17.8218,17.918
2026-07-23T16:03:07.070,248.051,17.8806,17.8201
2026-07-23T16:03:07.070,248.0723,17.8414,17.8788
2026-07-23T16:03:07.090,248.0723,17.7239,17.8201
2026-07-23T16:03:07.090,248.0812,17.7827,17.9375
2026-07-23T16:03:07.110,248.1057,17.7435,17.918
2026-07-23T16:03:07.118,248.1057,17.8218,17.9375
2026-07-23T16:03:07.123,248.1057,17.8218,18.0942
2026-07-23T16:03:07.134,248.1388,17.8806,18.29
2026-07-23T16:03:07.149,248.1388,17.7827,18.5445
2026-07-23T16:03:07.156,248.1388,17.9001,18.7012
2026-07-23T16:03:07.175,248.1784,17.9001,18.9949
2026-07-23T16:03:07.181,248.1784,17.9589,19.2299
2026-07-23T16:03:07.190,248.1804,17.9589,19.4844
2026-07-23T16:03:07.204,248.1857,17.9197,19.6215
2026-07-23T16:03:07.213,248.2095,17.9589,19.8369
2026-07-23T16:03:07.223,248.2095,17.8414,19.739
2026-07-23T16:03:07.229,248.2095,17.9785,19.7781
2026-07-23T16:03:07.236,248.2095,17.9001,19.7977
2026-07-23T16:03:07.256,248.2412,18.1351,19.9348
2026-07-23T16:03:07.256,248.2412,18.0372,20.0131
2026-07-23T16:03:07.260,248.2412,18.0568,20.0131
2026-07-23T16:03:07.290,248.2806,17.9393,19.9544
2026-07-23T16:03:07.290,248.2806,18.0176,19.7977
2026-07-23T16:03:07.292,248.2858,17.7631,19.8956
2026-07-23T16:03:07.308,248.3055,17.8414,19.5823
2026-07-23T16:03:07.323,248.3152,17.7435,19.6215
2026-07-23T16:03:07.331,248.3194,17.7239,19.4257
2026-07-23T16:03:07.337,248.3194,17.6652,19.3474
2026-07-23T16:03:07.339,248.3473,17.6456,19.1907
2026-07-23T16:03:07.356,248.3497,17.5869,19.1124
2026-07-23T16:03:07.370,248.3514,17.5673,19.1907
2026-07-23T16:03:07.370,248.3787,17.5281,19.1515
2026-07-23T16:03:07.390,248.3828,17.6064,19.1711
2026-07-23T16:03:07.400,248.3828,17.626,19.1907
2026-07-23T16:03:07.402,248.3892,17.626,19.1515
2026-07-23T16:03:07.423,248.4145,17.626,19.132
2026-07-23T16:03:07.434,248.4145,17.6456,19.1515
2026-07-23T16:03:07.440,248.4145,17.7043,19.1907
2026-07-23T16:03:07.440,248.4459,17.7631,19.2495
2026-07-23T16:03:07.456,248.4459,17.7239,19.2299
2026-07-23T16:03:07.465,248.4529,17.9393,19.3278
2026-07-23T16:03:07.465,248.4529,17.8218,19.2299
2026-07-23T16:03:07.490,248.4788,17.9197,19.2495
2026-07-23T16:03:07.497,248.4788,17.8218,19.1907
2026-07-23T16:03:07.504,248.4788,17.9393,19.1907
2026-07-23T16:03:07.530,248.5185,17.8022,19.2299
2026-07-23T16:03:07.530,248.5185,17.9785,19.2103
2026-07-23T16:03:07.530,248.5185,17.9197,19.2299
2026-07-23T16:03:07.544,248.5408,18.1939,19.1711
2026-07-23T16:03:07.561,248.5529,17.9589,19.1515
2026-07-23T16:03:07.569,248.5529,18.0372,19.1711
2026-07-23T16:03:07.576,248.5578,17.9393,19.2103
2026-07-23T16:03:07.576,248.5789,17.9785,19.2886
2026-07-23T16:03:07.604,248.5878,17.9785,19.2495
2026-07-23T16:03:07.609,248.5878,18.1155,19.2103
2026-07-23T16:03:07.609,248.6173,18.0764,19.2299
2026-07-23T16:03:07.630,248.6218,18.096,19.1907
2026-07-23T16:03:07.639,248.6218,18.0176,19.132
2026-07-23T16:03:07.648,248.6514,17.9785,19.2495
2026-07-23T16:03:07.657,248.6514,17.861,19.2103
2026-07-23T16:03:07.673,248.6514,17.861,19.2886
2026-07-23T16:03:07.673,248.6671,17.8022,19.3669
2026-07-23T16:03:07.690,248.683,17.8414,19.6215
2026-07-23T16:03:07.690,248.683,17.7827,19.876
2026-07-23T16:03:07.702,248.683,17.8414,20.1893
2026-07-23T16:03:07.718,248.683,17.7043,20.3264
2026-07-23T16:03:07.734,248.7144,17.8218,20.4243
2026-07-23T16:03:07.734,248.7227,17.626,20.5026
2026-07-23T16:03:07.734,248.7267,17.8218,20.6788
2026-07-23T16:03:07.756,248.7457,17.7239,20.7376
2026-07-23T16:03:07.765,248.7457,17.8414,20.7768
2026-07-23T16:03:07.781,248.7457,17.6848,20.8159
2026-07-23T16:03:07.790,248.7796,17.861,20.7963
2026-07-23T16:03:07.796,248.7796,17.7827,20.9138
2026-07-23T16:03:07.796,248.7916,18.0372,21.0117
2026-07-23T16:03:07.821,248.8098,17.998,21.2467
2026-07-23T16:03:07.830,248.8182,18.1351,21.4229
2026-07-23T16:03:07.830,248.8182,18.0764,21.4033
2026-07-23T16:03:07.845,248.844,17.998,21.3446
2026-07-23T16:03:07.861,248.85,17.861,21.2467
2026-07-23T16:03:07.869,248.8537,17.8806,21.1684
2026-07-23T16:03:07.891,248.8734,17.7827,21.1096
2026-07-23T16:03:07.891,248.8734,17.9001,21.1096
2026-07-23T16:03:07.901,248.8797,17.8414,21.2075
2026-07-23T16:03:07.910,248.9059,17.9001,21.325
2026-07-23T16:03:07.924,248.9094,17.861,21.2467
2026-07-23T16:03:07.924,248.912,17.998,21.2663
2026-07-23T16:03:07.939,248.9313,18.0568,21.1684
2026-07-23T16:03:07.944,248.9374,18.0372,21.2467
2026-07-23T16:03:07.960,248.9389,17.9393,21.1488
2026-07-23T16:03:07.966,248.9389,17.998,21.2075
2026-07-23T16:03:07.982,248.9671,17.8414,21.2467
2026-07-23T16:03:07.988,248.9689,18.0568,21.2271
2026-07-23T16:03:08.002,248.9913,17.9001,21.3446
2026-07-23T16:03:08.004,248.9913,18.1547,21.3642
2026-07-23T16:03:08.022,248.9985,17.9393,21.3446
2026-07-23T16:03:08.034,249.0228,18.1155,21.3446
2026-07-23T16:03:08.034,249.0228,17.9197,21.3054
2026-07-23T16:03:08.049,249.0306,18.0568,21.2663
2026-07-23T16:03:08.057,249.0526,17.9785,21.2271
2026-07-23T16:03:08.068,249.0564,18.1743,21.2075
2026-07-23T16:03:08.081,249.0601,18.0176,21.2467
2026-07-23T16:03:08.090,249.0817,18.2526,21.2467
2026-07-23T16:03:08.097,249.0817,18.1155,21.325
2026-07-23T16:03:08.107,249.0817,18.2526,21.3446
2026-07-23T16:03:08.123,249.1131,18.2134,21.4229
2026-07-23T16:03:08.130,249.1131,18.2918,21.3642
2026-07-23T16:03:08.141,249.1131,18.2918,21.4033
2026-07-23T16:03:08.149,249.1414,18.3701,21.3642
2026-07-23T16:03:08.164,249.1414,18.3897,21.325
2026-07-23T16:03:08.164,249.1414,18.4092,21.325
2026-07-23T16:03:08.191,249.1734,18.4092,21.3054
2026-07-23T16:03:08.191,249.1734,18.4288,21.4425
2026-07-23T16:03:08.192,249.18,18.3505,21.3446
2026-07-23T16:03:08.210,249.2059,18.5267,21.4425
2026-07-23T16:03:08.210,249.2059,18.4484,21.3054
2026-07-23T16:03:08.231,249.2059,18.6638,21.2271
2026-07-23T16:03:08.242,249.2362,18.5071,21.2663
2026-07-23T16:03:08.245,249.2362,18.8009,21.3838
2026-07-23T16:03:08.257,249.242,18.7617,21.5208
2026-07-23T16:03:08.271,249.2681,18.8988,21.5012
2026-07-23T16:03:08.274,249.2681,18.6051,21.5208
2026-07-23T16:03:08.287,249.2726,18.7421,21.5208
2026-07-23T16:03:08.303,249.2997,18.4484,21.4425
2026-07-23T16:03:08.316,249.2997,18.7225,21.4621
2026-07-23T16:03:08.319,249.2997,18.468,21.5404
2026-07-23T16:03:08.323,249.3276,18.6246,21.5012
2026-07-23T16:03:08.335,249.3349,18.4288,21.5796
2026-07-23T16:03:08.350,249.3349,18.5463,21.5991
2026-07-23T16:03:08.356,249.3412,18.4876,21.5991
2026-07-23T16:03:08.366,249.3658,18.4092,21.6187
2026-07-23T16:03:08.366,249.3658,18.3113,21.5796
2026-07-23T16:03:08.392,249.3721,18.3113,21.5796
2026-07-23T16:03:08.399,249.397,18.2526,21.5991
2026-07-23T16:03:08.399,249.397,18.3505,21.6775
2026-07-23T16:03:08.417,249.397,18.3897,21.7558
2026-07-23T16:03:08.445,249.4319,18.5071,21.8341
2026-07-23T16:03:08.445,249.4319,18.5071,21.8341
2026-07-23T16:03:08.448,249.4391,18.6246,21.8733
2026-07-23T16:03:08.456,249.4569,18.5463,21.8341
2026-07-23T16:03:08.461,249.4682,18.703,21.8733
2026-07-23T16:03:08.476,249.4725,18.5855,21.8145
2026-07-23T16:03:08.483,249.4735,18.9183,21.8929
2026-07-23T16:03:08.508,249.504,18.8988,21.9516
2026-07-23T16:03:08.508,249.506,19.2512,22.0887
2026-07-23T16:03:08.524,249.506,19.3295,22.1474
2026-07-23T16:03:08.524,249.506,19.6624,22.2845
2026-07-23T16:03:08.539,249.5354,19.6428,22.4607
2026-07-23T16:03:08.539,249.539,19.8778,22.4607
2026-07-23T16:03:08.557,249.539,19.7407,22.5782
2026-07-23T16:03:08.573,249.5682,19.8191,22.539
2026-07-23T16:03:08.573,249.5682,19.5645,22.4999
2026-07-23T16:03:08.590,249.573,19.7016,22.3628
2026-07-23T16:03:08.590,249.5828,19.6233,22.4215
2026-07-23T16:03:08.608,249.5985,19.7603,22.4803
2026-07-23T16:03:08.619,249.5985,19.7212,22.5194
2026-07-23T16:03:08.624,249.6055,19.7799,22.5586
2026-07-23T16:03:08.634,249.6305,19.7995,22.6369
2026-07-23T16:03:08.634,249.6305,19.8191,22.6173
2026-07-23T16:03:08.665,249.6624,19.7603,22.7152
2026-07-23T16:03:08.668,249.6634,19.917,22.6957
2026-07-23T16:03:08.668,249.6654,19.8974,22.8327
2026-07-23T16:03:08.689,249.6654,19.9561,22.8132
2026-07-23T16:03:08.697,249.6942,20.0149,22.7544
2026-07-23T16:03:08.697,249.6952,20.0736,22.9306
2026-07-23T16:03:08.716,249.6952,20.0736,22.9502
2026-07-23T16:03:08.729,249.7266,20.2694,23.0481
2026-07-23T16:03:08.733,249.7266,20.1715,23.1069
2026-07-23T16:03:08.746,249.7266,20.3673,23.2243
2026-07-23T16:03:08.761,249.7575,20.2107,23.1852
2026-07-23T16:03:08.766,249.7575,20.4065,23.1852
2026-07-23T16:03:08.777,249.7655,20.2694,23.146
2026-07-23T16:03:08.790,249.7808,20.3869,23.2831
2026-07-23T16:03:08.799,249.7913,20.1911,23.3223
2026-07-23T16:03:08.808,249.7913,20.3477,23.2831
2026-07-23T16:03:08.820,249.7913,20.2303,23.381
2026-07-23T16:03:08.826,249.8218,20.4456,23.4006
2026-07-23T16:03:08.842,249.8263,20.4261,23.3614
2026-07-23T16:03:08.842,249.8263,20.5827,23.2635
2026-07-23T16:03:08.858,249.8542,20.524,23.2635
2026-07-23T16:03:08.858,249.8542,20.5435,23.2243
2026-07-23T16:03:08.877,249.8542,20.5631,23.3418
2026-07-23T16:03:08.890,249.8927,20.6023,23.2048
2026-07-23T16:03:08.904,249.8927,20.5435,23.2439
2026-07-23T16:03:08.905,249.9008,20.6219,23.2635
2026-07-23T16:03:08.919,249.9008,20.6023,23.2048
2026-07-23T16:03:08.925,249.933,20.6219,23.2439
2026-07-23T16:03:08.936,249.933,20.5631,23.381
2026-07-23T16:03:08.952,249.9391,20.5827,23.8314
2026-07-23T16:03:08.957,249.9391,20.5044,23.9684
2026-07-23T16:03:08.967,249.963,20.4848,24.0663
2026-07-23T16:03:08.984,249.963,20.3673,24.1251
2026-07-23T16:03:08.990,249.963,20.4065,24.2621
2026-07-23T16:03:08.998,250.002,20.2694,24.2621
2026-07-23T16:03:08.998,250.0042,20.3869,24.2817
2026-07-23T16:03:09.014,250.0057,20.2107,24.3209
2026-07-23T16:03:09.025,250.0259,20.3869,24.36
2026-07-23T16:03:09.045,250.0259,20.3477,24.4384
2026-07-23T16:03:09.045,250.0392,20.6023,24.4971
2026-07-23T16:03:09.062,250.0439,20.4848,24.6146
2026-07-23T16:03:09.067,250.0575,20.6806,24.5754
2026-07-23T16:03:09.077,250.0727,20.4065,24.5363
2026-07-23T16:03:09.090,250.0767,20.5044,24.4579
2026-07-23T16:03:09.095,250.104,20.3086,24.5363
2026-07-23T16:03:09.108,250.11,20.3673,24.4579
2026-07-23T16:03:09.123,250.11,20.4065,24.4775
2026-07-23T16:03:09.132,250.1176,20.4456,24.4188
2026-07-23T16:03:09.140,250.141,20.4261,24.5167
2026-07-23T16:03:09.150,250.1468,20.4261,24.6146
2026-07-23T16:03:09.161,250.1516,20.4261,24.8691
2026-07-23T16:03:09.168,250.1516,20.5044,24.9279
2026-07-23T16:03:09.177,250.1828,20.4261,24.967
2026-07-23T16:03:09.188,250.1828,20.5044,25.1041
2026-07-23T16:03:09.202,250.1828,20.5827,25.1433
2026-07-23T16:03:09.202,250.1892,20.7002,25.2412
2026-07-23T16:03:09.226,250.2201,20.7589,25.2803
2026-07-23T16:03:09.234,250.2201,20.8764,25.2999
2026-07-23T16:03:09.240,250.2265,20.7785,25.3195
2026-07-23T16:03:09.249,250.2459,20.8568,25.3587
2026-07-23T16:03:09.265,250.2459,20.7198,25.437
2026-07-23T16:03:09.271,250.2459,20.9156,25.5153
2026-07-23T16:03:09.277,250.2641,20.7394,25.6328
2026-07-23T16:03:09.297,250.2932,20.9547,25.5936
2026-07-23T16:03:09.297,250.2932,20.7589,25.6328
2026-07-23T16:03:09.312,250.3017,20.9352,25.6132
2026-07-23T16:03:09.317,250.3268,20.7589,25.7894
2026-07-23T16:03:09.326,250.3288,20.8764,25.7698
2026-07-23T16:03:09.332,250.3288,20.7394,26.0048
2026-07-23T16:03:09.352,250.3407,20.896,26.0831
2026-07-23T16:03:09.360,250.3688,20.8177,26.2202
2026-07-23T16:03:09.360,250.3693,20.9352,26.3377
2026-07-23T16:03:09.380,250.3725,20.9156,26.416
2026-07-23T16:03:09.391,250.3759,20.896,26.2789
2026-07-23T16:03:09.400,250.391,20.9156,26.2398
2026-07-23T16:03:09.407,250.391,20.8568,26.2594
2026-07-23T16:03:09.418,250.406,20.896,26.2985
2026-07-23T16:03:09.429,250.406,20.8373,26.2789
2026-07-23T16:03:09.442,250.4393,20.8568,26.2594
2026-07-23T16:03:09.442,250.4393,20.8764,26.3769
2026-07-23T16:03:09.457,250.4393,20.8764,26.3573
2026-07-23T16:03:09.471,250.4675,20.8764,26.3573
2026-07-23T16:03:09.484,250.4675,20.7785,26.3181
2026-07-23T16:03:09.490,250.4762,20.661,26.3573
2026-07-23T16:03:09.490,250.5022,20.4652,26.0636
2026-07-23T16:03:09.505,250.5058,20.524,26.0244
2026-07-23T16:03:09.518,250.5058,20.3673,25.9852
2026-07-23T16:03:09.527,250.5161,20.4065,25.9461
2026-07-23T16:03:09.550,250.5409,20.3673,25.9657
2026-07-23T16:03:09.550,250.5409,20.5044,25.9265
2026-07-23T16:03:09.565,250.5472,20.5044,25.8873
2026-07-23T16:03:09.567,250.5618,20.524,25.7894
2026-07-23T16:03:09.581,250.5746,20.4652,25.8482
2026-07-23T16:03:09.581,250.5766,20.4848,25.7111
2026-07-23T16:03:09.598,250.5776,20.5435,25.8482
2026-07-23T16:03:09.613,250.6029,20.6023,25.8873
2026-07-23T16:03:09.613,250.6029,20.661,26.044
2026-07-23T16:03:09.631,250.6102,20.5827,26.1419
2026-07-23T16:03:09.632,250.6248,20.5435,25.9461
2026-07-23T16:03:09.651,250.6365,20.3869,25.7307
2026-07-23T16:03:09.661,250.6415,20.4456,25.574
2026-07-23T16:03:09.670,250.664,20.4065,25.4957
2026-07-23T16:03:09.676,250.664,20.4652,25.4957
2026-07-23T16:03:09.687,250.6714,20.4652,25.5545
2026-07-23T16:03:09.706,250.6881,20.4848,25.6132
2026-07-23T16:03:09.706,250.6881,20.4456,25.5349
2026-07-23T16:03:09.722,250.7014,20.5435,25.5349
2026-07-23T16:03:09.734,250.7249,20.5827,25.4761
2026-07-23T16:03:09.739,250.7249,20.7198,25.4566
2026-07-23T16:03:09.739,250.7296,20.661,25.5349
2026-07-23T16:03:09.757,250.7551,20.7198,25.4957
2026-07-23T16:03:09.771,250.7551,20.9156,25.5349
2026-07-23T16:03:09.782,250.7551,20.8373,25.5545
2026-07-23T16:03:09.790,250.7824,20.9547,25.5936
2026-07-23T16:03:09.801,250.7824,20.9352,25.6524
2026-07-23T16:03:09.806,250.7824,20.896,25.4957
2026-07-23T16:03:09.823,250.8157,20.7589,25.4174
2026-07-23T16:03:09.833,250.8177,20.7589,25.3587
2026-07-23T16:03:09.833,250.8177,20.7981,25.3782
2026-07-23T16:03:09.849,250.8461,20.8764,25.4761
2026-07-23T16:03:09.865,250.85,20.8568,25.5936
2026-07-23T16:03:09.868,250.85,20.8764,25.6328
2026-07-23T16:03:09.882,250.8774,20.9743,25.6719
2026-07-23T16:03:09.896,250.8813,20.7002,25.5545
2026-07-23T16:03:09.901,250.8813,20.6414,25.437
2026-07-23T16:03:09.923,250.9091,20.4261,25.3587
2026-07-23T16:03:09.923,250.9091,20.4261,25.3587
2026-07-23T16:03:09.932,250.9091,20.2107,25.3978
2026-07-23T16:03:09.943,250.9431,20.2694,25.437
2026-07-23T16:03:09.958,250.9516,20.1715,25.437
2026-07-23T16:03:09.958,250.9516,20.289,25.2999
2026-07-23T16:03:09.970,250.9579,20.3086,25.2607
2026-07-23T16:03:09.994,250.9897,20.3673,25.1041
2026-07-23T16:03:09.994,250.9918,20.3282,25.1237
2026-07-23T16:03:10.002,250.9958,20.2107,24.967
2026-07-23T16:03:10.009,250.9978,20.2303,24.967
2026-07-23T16:03:10.037,251.0322,20.2303,24.8496
2026-07-23T16:03:10.040,251.0322,20.3477,25.0062
2026-07-23T16:03:10.040,251.0322,20.4456,25.202
2026-07-23T16:03:10.052,251.0412,20.4848,25.202
2026-07-23T16:03:10.077,251.0919,20.4261,25.2216
2026-07-23T16:03:10.077,251.0919,20.3282,25.1628
2026-07-23T16:03:10.083,251.0961,20.289,25.0258
2026-07-23T16:03:10.092,251.1044,20.3086,24.8691
2026-07-23T16:03:10.101,251.1659,20.3869,24.9475
2026-07-23T16:03:10.116,251.1756,20.4065,24.967
2026-07-23T16:03:10.132,251.1807,20.7002,25.2216
2026-07-23T16:03:10.147,251.1865,20.9156,25.1237
2026-07-23T16:03:10.147,251.1865,21.4247,25.0258
2026-07-23T16:03:10.166,251.1918,21.6205,24.967
2026-07-23T16:03:10.166,251.1918,21.6596,24.7908
2026-07-23T16:03:10.170,251.2392,21.3268,24.6342
2026-07-23T16:03:10.187,251.2473,21.1701,24.36
2026-07-23T16:03:10.209,251.2526,20.9743,24.2817
2026-07-23T16:03:10.209,251.2542,21.1505,24.1642
2026-07-23T16:03:10.215,251.2582,21.3268,24.3013
2026-07-23T16:03:10.229,251.2638,21.5617,24.3013
2026-07-23T16:03:10.231,251.2672,21.6205,24.3013
2026-07-23T16:03:10.243,251.2711,21.8555,24.1251
2026-07-23T16:03:10.250,251.275,22.2079,23.9684
2026-07-23T16:03:10.265,251.3163,22.482,23.9488
2026-07-23T16:03:10.287,251.3206,22.6191,23.8705
2026-07-23T16:03:10.287,251.3206,22.7562,23.6943
2026-07-23T16:03:10.290,251.3304,22.6974,23.7139
2026-07-23T16:03:10.307,251.3411,22.5995,23.6551
2026-07-23T16:03:10.318,251.3411,22.5212,23.5181
2026-07-23T16:03:10.321,251.3431,22.5212,23.4593
2026-07-23T16:03:10.332,251.3972,22.6191,23.3418
2026-07-23T16:03:10.365,251.4012,22.9128,23.3027
2026-07-23T16:03:10.365,251.406,23.089,23.1852
2026-07-23T16:03:10.367,251.406,23.3436,23.0481
2026-07-23T16:03:10.371,251.4115,23.3632,22.8523
2026-07-23T16:03:10.390,251.4159,23.4023,22.5782
2026-07-23T16:03:10.394,251.4159,23.0499,22.2453
2026-07-23T16:03:10.403,251.4159,23.1674,22.2453
2026-07-23T16:03:10.403,251.4802,23.089,22.2257
2026-07-23T16:03:10.446,251.4879,23.3632,22.2257
2026-07-23T16:03:10.446,251.4879,23.4611,22.2257
2026-07-23T16:03:10.446,251.4928,23.7156,22.1474
2026-07-23T16:03:10.457,251.4989,23.7352,22.2453
2026-07-23T16:03:10.462,251.5039,23.9114,22.4411
2026-07-23T16:03:10.467,251.5101,23.8135,22.4999
2026-07-23T16:03:10.482,251.5212,23.9114,22.5586
2026-07-23T16:03:10.527,251.5805,23.7548,22.539
2026-07-23T16:03:10.527,251.5816,23.6177,22.3628
2026-07-23T16:03:10.527,251.5831,23.5981,22.4411
2026-07-23T16:03:10.527,251.5857,23.7744,22.2453
2026-07-23T16:03:10.535,251.5897,24.0093,22.5586
2026-07-23T16:03:10.539,251.5937,24.1856,22.6369
2026-07-23T16:03:10.555,251.6007,24.2051,22.539
2026-07-23T16:03:10.566,251.608,23.9898,22.4999
2026-07-23T16:03:10.572,251.6145,23.931,22.3236
2026-07-23T16:03:10.581,251.6711,23.9506,22.3824
2026-07-23T16:03:10.610,251.6811,23.931,22.5194
2026-07-23T16:03:10.610,251.6816,24.1856,22.8132
2026-07-23T16:03:10.618,251.6843,24.3226,23.1852
2026-07-23T16:03:10.634,251.6899,24.8122,23.3027
2026-07-23T16:03:10.634,251.6958,24.773,23.4006
2026-07-23T16:03:10.647,251.7034,25.0471,23.2831
2026-07-23T16:03:10.664,251.7117,24.6359,23.1852
2026-07-23T16:03:10.665,251.7132,24.7142,22.9698
2026-07-23T16:03:10.676,251.7213,24.6163,22.8719
2026-07-23T16:03:10.678,251.7315,24.8122,22.9698
2026-07-23T16:03:10.716,251.7858,24.6947,23.0873
2026-07-23T16:03:10.720,251.7895,24.9884,23.1852
2026-07-23T16:03:10.720,251.7895,24.9688,23.1852
2026-07-23T16:03:10.729,251.798,25.0667,23.146
2026-07-23T16:03:10.732,251.8021,24.9101,23.0285
2026-07-23T16:03:10.752,251.8095,25.0275,22.8523
2026-07-23T16:03:10.757,251.8095,25.145,22.8719
2026-07-23T16:03:10.760,251.8168,25.1254,22.9306
2026-07-23T16:03:10.772,251.823,25.0275,23.0285
2026-07-23T16:03:10.782,251.8292,25.0667,23.1656
2026-07-23T16:03:10.790,251.8928,24.9101,23.009
2026-07-23T16:03:10.832,251.9011,24.7338,22.9698
2026-07-23T16:03:10.832,251.9056,24.7338,22.8327
2026-07-23T16:03:10.832,251.9056,24.9688,22.9306
2026-07-23T16:03:10.832,251.9056,25.1059,23.009
2026-07-23T16:03:10.840,251.9195,25.3017,23.146
2026-07-23T16:03:10.853,251.9299,25.008,23.146
2026-07-23T16:03:10.860,251.9347,25.008,23.0677
2026-07-23T16:03:10.880,251.9514,24.7142,22.9111
2026-07-23T16:03:10.880,251.9514,24.6947,22.9111
2026-07-23T16:03:10.890,252.0082,24.4989,22.7152
2026-07-23T16:03:10.921,252.0141,24.7534,22.6957
2026-07-23T16:03:10.923,252.0156,24.6947,22.8523
2026-07-23T16:03:10.934,252.0181,25.0471,22.9894
2026-07-23T16:03:10.934,252.0181,25.0667,23.146
2026-07-23T16:03:10.948,252.0266,25.2625,23.2048
2026-07-23T16:03:10.956,252.0309,25.1254,23.2243
2026-07-23T16:03:10.956,252.0345,25.0667,23.2243
2026-07-23T16:03:10.981,252.0424,24.8709,23.3614
2026-07-23T16:03:10.999,252.0451,24.9101,23.2831
2026-07-23T16:03:11.002,252.0484,24.9296,23.381
2026-07-23T16:03:11.002,252.0484,25.008,23.4006
2026-07-23T16:03:11.008,252.0983,25.0667,23.5376
2026-07-23T16:03:11.046,252.1073,25.0471,23.5376
2026-07-23T16:03:11.046,252.1073,24.8122,23.3418
2026-07-23T16:03:11.046,252.1093,24.7338,23.2048
2026-07-23T16:03:11.046,252.1093,24.6555,23.0285
2026-07-23T16:03:11.061,252.1133,24.5772,23.0677
2026-07-23T16:03:11.077,252.125,24.4989,23.1656
2026-07-23T16:03:11.085,252.133,24.538,23.146
2026-07-23T16:03:11.093,252.1368,24.4793,23.1656
2026-07-23T16:03:11.099,252.147,24.773,23.3614
2026-07-23T16:03:11.109,252.1926,24.4989,23.2048
2026-07-23T16:03:11.146,252.2002,24.538,23.2831
2026-07-23T16:03:11.149,252.2057,24.3226,23.2243
2026-07-23T16:03:11.149,252.2057,24.4597,23.2635
2026-07-23T16:03:11.157,252.2078,24.3226,23.2439
2026-07-23T16:03:11.164,252.2138,24.4793,23.1852
2026-07-23T16:03:11.176,252.2198,24.2835,23.146
2026-07-23T16:03:11.180,252.2238,24.3618,22.9502
2026-07-23T16:03:11.193,252.2285,24.2051,22.9306
2026-07-23T16:03:11.204,252.2315,24.1464,22.8327
2026-07-23T16:03:11.206,252.2863,24.0485,22.8523
2026-07-23T16:03:11.221,252.29,23.9898,22.8915
2026-07-23T16:03:11.243,252.2941,23.9114,22.8523
2026-07-23T16:03:11.243,252.2941,23.9114,22.8719
2026-07-23T16:03:11.251,252.2941,23.931,22.9111
2026-07-23T16:03:11.263,252.3127,24.0093,23.009
2026-07-23T16:03:11.269,252.3191,24.0485,23.0677
2026-07-23T16:03:11.282,252.3255,24.2051,23.2243
2026-07-23T16:03:11.292,252.3318,24.2443,23.1656
2026-07-23T16:03:11.308,252.3762,24.401,23.1656
2026-07-23T16:03:11.330,252.3794,24.2639,23.0481
2026-07-23T16:03:11.330,252.3822,24.401,23.1852
2026-07-23T16:03:11.333,252.3862,24.1072,22.6957
2026-07-23T16:03:11.341,252.3933,24.2639,22.9894
2026-07-23T16:03:11.345,252.4043,23.9898,22.9111
2026-07-23T16:03:11.363,252.4106,24.1856,22.774
2026-07-23T16:03:11.376,252.4126,23.8723,22.6369
2026-07-23T16:03:11.384,252.4156,24.0093,22.6957
2026-07-23T16:03:11.408,252.4665,23.9506,22.6957
2026-07-23T16:03:11.421,252.4719,24.2443,22.8523
2026-07-23T16:03:11.421,252.4719,24.3031,23.0285
2026-07-23T16:03:11.425,252.4719,24.4401,23.1264
2026-07-23T16:03:11.433,252.4792,24.5772,23.0873
2026-07-23T16:03:11.444,252.4884,24.773,22.9306
2026-07-23T16:03:11.454,252.4913,24.7338,23.0677
2026-07-23T16:03:11.470,252.5025,24.773,23.0481
2026-07-23T16:03:11.470,252.5081,24.6947,23.1069
2026-07-23T16:03:11.490,252.5638,24.7142,23.1852
2026-07-23T16:03:11.504,252.5638,24.6163,23.2048
2026-07-23T16:03:11.517,252.5698,24.5968,23.146
2026-07-23T16:03:11.517,252.5698,24.4205,23.0677
2026-07-23T16:03:11.523,252.5824,24.5968,22.9698
2026-07-23T16:03:11.530,252.5848,24.7142,22.9306
2026-07-23T16:03:11.548,252.5957,24.9101,23.0285
2026-07-23T16:03:11.557,252.6021,24.8905,23.0285
2026-07-23T16:03:11.563,252.6084,24.9492,22.9894
2026-07-23T16:03:11.583,252.6726,24.6947,22.9698
2026-07-23T16:03:11.607,252.6747,24.8905,22.8719
2026-07-23T16:03:11.607,252.6785,24.9101,22.774
2026-07-23T16:03:11.607,252.6806,25.1254,22.8327
2026-07-23T16:03:11.615,252.6852,24.9688,22.9698
2026-07-23T16:03:11.631,252.6953,25.1059,23.009
2026-07-23T16:03:11.631,252.6973,24.8709,22.9894
2026-07-23T16:03:11.652,252.7101,24.9688,22.8915
2026-07-23T16:03:11.653,252.7101,24.7534,22.7348
2026-07-23T16:03:11.665,252.7225,25.2038,22.6761
2026-07-23T16:03:11.669,252.781,25.1254,22.9111
2026-07-23T16:03:11.709,252.7926,25.3996,22.9502
2026-07-23T16:03:11.709,252.7957,25.4583,23.0285
2026-07-23T16:03:11.709,252.7976,25.6541,23.1264
2026-07-23T16:03:11.722,252.8016,25.615,23.1069
2026-07-23T16:03:11.725,252.8031,25.6737,23.1264
2026-07-23T16:03:11.733,252.8166,25.5954,23.1264
2026-07-23T16:03:11.746,252.8244,25.752,23.1264
2026-07-23T16:03:11.759,252.8302,25.7129,23.1069
2026-07-23T16:03:11.761,252.8302,25.6933,23.0285
2026-07-23T16:03:11.774,252.8392,25.6541,23.0285
2026-07-23T16:03:11.782,252.8435,25.9087,23.146
2026-07-23T16:03:11.820,252.9059,25.987,23.2635
2026-07-23T16:03:11.820,252.908,26.222,23.3418
2026-07-23T16:03:11.823,252.9097,25.8499,23.2439
2026-07-23T16:03:11.823,252.9107,25.7324,23.2048
2026-07-23T16:03:11.823,252.9107,25.3604,22.9894
2026-07-23T16:03:11.843,252.9304,25.4975,22.9894
2026-07-23T16:03:11.849,252.9393,25.2625,22.8327
2026-07-23T16:03:11.875,252.9673,25.5171,22.9306
2026-07-23T16:03:11.875,252.9673,25.4975,23.0481
2026-07-23T16:03:11.881,252.9721,25.8304,23.1852
2026-07-23T16:03:11.890,252.99,25.752,23.3027
2026-07-23T16:03:11.899,253.0001,25.8891,23.4202
2026-07-23T16:03:11.937,253.0724,25.615,23.4397
2026-07-23T16:03:11.937,253.0724,25.752,23.2048
2026-07-23T16:03:11.937,253.0724,25.6345,23.3418
2026-07-23T16:03:11.941,253.0763,25.8108,23.381
2026-07-23T16:03:11.957,253.0837,25.9674,23.4397
2026-07-23T16:03:11.961,253.0867,26.1045,23.4202
2026-07-23T16:03:11.979,253.0987,26.1045,23.5181
2026-07-23T16:03:11.990,253.1023,26.0262,23.5181
2026-07-23T16:03:12.018,253.1059,26.0066,23.4202
2026-07-23T16:03:12.039,253.117,26.0849,23.3614
2026-07-23T16:03:12.039,253.121,25.8695,23.146
2026-07-23T16:03:12.051,253.1291,25.9283,23.1069
2026-07-23T16:03:12.051,253.1312,25.9478,23.0873
2026-07-23T16:03:12.051,253.1332,26.1436,23.2048
2026-07-23T16:03:12.051,253.1375,26.1828,23.381
2026-07-23T16:03:12.065,253.1443,26.2415,23.381
2026-07-23T16:03:12.109,253.2152,25.8695,23.2831
2026-07-23T16:03:12.109,253.2232,26.0262,23.1264
2026-07-23T16:03:12.109,253.225,25.8304,23.0677
2026-07-23T16:03:12.109,253.225,26.1828,23.146
2026-07-23T16:03:12.118,253.2348,26.3199,23.3027
2026-07-23T16:03:12.127,253.2393,26.6332,23.4202
2026-07-23T16:03:12.136,253.243,26.4765,23.4202
2026-07-23T16:03:12.157,253.2555,26.4765,23.3223
2026-07-23T16:03:12.157,253.257,26.1828,23.146
2026-07-23T16:03:12.168,253.2605,26.2415,22.9894
2026-07-23T16:03:12.170,253.2678,26.0457,22.9111
2026-07-23T16:03:12.184,253.2749,26.0849,22.8523
2026-07-23T16:03:12.194,253.2889,26.1436,22.9111
2026-07-23T16:03:12.201,253.3587,26.0653,22.9502
2026-07-23T16:03:12.217,253.3717,26.0849,23.0481
2026-07-23T16:03:12.246,253.3788,25.987,23.0285
2026-07-23T16:03:12.246,253.3788,26.0066,22.9698
2026-07-23T16:03:12.246,253.3834,26.1436,23.0285
2026-07-23T16:03:12.264,253.3879,26.0849,22.8719
2026-07-23T16:03:12.266,253.3879,26.1045,22.9698
2026-07-23T16:03:12.276,253.3971,26.1632,22.9698
2026-07-23T16:03:12.294,253.4061,26.2611,23.0873
2026-07-23T16:03:12.304,253.4099,26.1632,23.0873
2026-07-23T16:03:12.306,253.4099,26.1241,23.0677
2026-07-23T16:03:12.317,253.4198,25.8695,22.9698
2026-07-23T16:03:12.326,253.4247,25.9283,22.8327
2026-07-23T16:03:12.348,253.4275,25.752,22.7544
2026-07-23T16:03:12.354,253.4328,25.9478,22.9698
2026-07-23T16:03:12.354,253.4328,25.9087,23.0481
2026-07-23T16:03:12.394,253.4791,26.0066,23.1069
2026-07-23T16:03:12.396,253.4835,25.7716,23.0677
2026-07-23T16:03:12.396,253.4835,25.8108,23.0285
2026-07-23T16:03:12.396,253.4835,25.5366,22.9894
2026-07-23T16:03:12.420,253.4912,25.5366,22.8915
2026-07-23T16:03:12.423,253.4912,25.38,22.8915
2026-07-23T16:03:12.423,253.4949,25.5562,22.7544
2026-07-23T16:03:12.434,253.4949,25.4779,22.7152
2026-07-23T16:03:12.445,253.4949,25.4975,22.7152
2026-07-23T16:03:12.457,253.5058,25.4779,22.8719
2026-07-23T16:03:12.461,253.5106,25.5562,22.8915
2026-07-23T16:03:12.478,253.5177,25.6737,22.9306
2026-07-23T16:03:12.484,253.5217,25.5562,22.774
2026-07-23T16:03:12.490,253.5613,25.5758,22.7936
2026-07-23T16:03:12.498,253.5613,25.4975,22.7544
2026-07-23T16:03:12.528,253.5613,25.3996,22.6761
2026-07-23T16:03:12.528,253.5613,25.2821,22.6957
2026-07-23T16:03:12.534,253.5747,25.2625,22.6565
2026-07-23T16:03:12.546,253.5747,25.1059,22.6565
2026-07-23T16:03:12.546,253.5808,24.9296,22.4803
2026-07-23T16:03:12.561,253.5886,24.9492,22.4215
2026-07-23T16:03:12.573,253.5904,24.8122,22.3628
2026-07-23T16:03:12.577,253.6216,24.9492,22.5194
2026-07-23T16:03:12.594,253.6263,25.008,22.5782
2026-07-23T16:03:12.594,253.6263,25.2429,22.6173
2026-07-23T16:03:12.612,253.6263,25.2821,22.6173
2026-07-23T16:03:12.625,253.6393,25.4975,22.7152
2026-07-23T16:03:12.632,253.6444,25.5562,22.6957
2026-07-23T16:03:12.641,253.6444,25.9478,22.5586
2026-07-23T16:03:12.657,253.6727,26.4374,22.6565
2026-07-23T16:03:12.657,253.6835,26.8877,22.5586
2026-07-23T16:03:12.672,253.6866,27.1423,22.6369
2026-07-23T16:03:12.677,253.6891,27.2206,22.7152
2026-07-23T16:03:12.695,253.6929,26.966,22.6173
2026-07-23T16:03:12.703,253.7004,26.6723,22.539
2026-07-23T16:03:12.712,253.732,26.5353,22.4411
2026-07-23T16:03:12.723,253.7352,26.359,22.2845
2026-07-23T16:03:12.723,253.7395,26.3982,22.3628
2026-07-23T16:03:12.751,253.7395,26.4569,22.4803
2026-07-23T16:03:12.751,253.7487,26.6136,22.5978
2026-07-23T16:03:12.757,253.7725,26.8094,22.6369
2026-07-23T16:03:12.767,253.7776,26.8486,22.6957
2026-07-23T16:03:12.783,253.7794,26.7702,22.7348
2026-07-23T16:03:12.799,253.7893,26.8681,22.6565
2026-07-23T16:03:12.799,253.7893,26.8486,22.5978
2026-07-23T16:03:12.821,253.8186,26.6332,22.5586
2026-07-23T16:03:12.821,253.8186,26.5548,22.6173
2026-07-23T16:03:12.830,253.8186,26.5157,22.5782
2026-07-23T16:03:12.840,253.8274,26.7115,22.6173
2026-07-23T16:03:12.852,253.8532,26.7506,22.7544
2026-07-23T16:03:12.862,253.8591,26.9073,22.6565
2026-07-23T16:03:12.869,253.8591,26.7311,22.6173
2026-07-23T16:03:12.878,253.8591,26.6527,22.539
2026-07-23T16:03:12.890,253.8949,26.5744,22.6369
2026-07-23T16:03:12.894,253.9044,26.6919,22.7152
2026-07-23T16:03:12.910,253.9123,26.8094,22.7152
2026-07-23T16:03:12.926,253.9474,26.7702,22.6957
2026-07-23T16:03:12.946,253.9474,26.6332,22.6761
2026-07-23T16:03:12.946,253.9532,26.2807,22.5586
2026-07-23T16:03:12.946,253.9547,26.3199,22.5586
2026-07-23T16:03:12.963,253.9598,26.222,22.4999
2026-07-23T16:03:12.978,253.9899,26.4961,22.539
2026-07-23T16:03:12.990,253.9899,26.5548,22.6565
2026-07-23T16:03:12.990,253.9899,26.6527,22.7152
2026-07-23T16:03:12.998,254.0007,26.5353,22.774
2026-07-23T16:03:13.011,254.0059,26.6527,22.6565
2026-07-23T16:03:13.036,254.0434,26.5548,22.6369
2026-07-23T16:03:13.036,254.0499,26.6723,22.6173
2026-07-23T16:03:13.041,254.0499,26.5548,22.6369
2026-07-23T16:03:13.057,254.0499,26.4569,22.6761
2026-07-23T16:03:13.084,254.0901,26.3982,22.6369
2026-07-23T16:03:13.084,254.0936,26.4569,22.5194
2026-07-23T16:03:13.084,254.0953,26.5744,22.6369
2026-07-23T16:03:13.101,254.1014,26.7311,22.6565
2026-07-23T16:03:13.101,254.1034,26.829,22.8132
2026-07-23T16:03:13.101,254.1343,26.7115,22.8132
2026-07-23T16:03:13.130,254.1393,26.594,22.7544
2026-07-23T16:03:13.135,254.1393,26.594,22.6761
2026-07-23T16:03:13.144,254.1427,26.4569,22.5586
2026-07-23T16:03:13.154,254.1453,26.3982,22.5782
2026-07-23T16:03:13.166,254.1839,26.2415,22.6173
2026-07-23T16:03:13.181,254.1866,26.0849,22.6565
2026-07-23T16:03:13.181,254.1866,25.8499,22.5978
2026-07-23T16:03:13.194,254.1959,25.987,22.6761
2026-07-23T16:03:13.196,254.2059,26.1436,22.5978
2026-07-23T16:03:13.216,254.2286,26.359,22.5978
2026-07-23T16:03:13.225,254.2376,26.359,22.5978
2026-07-23T16:03:13.225,254.2376,26.4569,22.6565
2026-07-23T16:03:13.243,254.2436,26.2807,22.6761
2026-07-23T16:03:13.247,254.2436,26.4374,22.6957
2026-07-23T16:03:13.257,254.2756,26.359,22.7152
2026-07-23T16:03:13.279,254.2841,26.6136,22.7152
2026-07-23T16:03:13.279,254.2841,26.6527,22.774
2026-07-23T16:03:13.294,254.2841,26.7702,22.7348
2026-07-23T16:03:13.294,254.2906,26.8094,22.7936
2026-07-23T16:03:13.325,254.3198,26.8681,22.6761
2026-07-23T16:03:13.325,254.3246,27.0052,22.7152
2026-07-23T16:03:13.335,254.327,27.0835,22.6565
2026-07-23T16:03:13.341,254.3336,27.1814,22.6957
2026-07-23T16:03:13.357,254.3537,27.0835,22.7152
2026-07-23T16:03:13.366,254.3631,27.0835,22.5586
2026-07-23T16:03:13.375,254.3669,27.1423,22.4999
2026-07-23T16:03:13.384,254.3726,27.3968,22.539
2026-07-23T16:03:13.394,254.3957,27.573,22.6565
2026-07-23T16:03:13.405,254.4061,27.6709,22.6957
2026-07-23T16:03:13.405,254.4061,27.573,22.7936
2026-07-23T16:03:13.423,254.4161,27.5535,22.6565
2026-07-23T16:03:13.435,254.4425,27.5926,22.5978
2026-07-23T16:03:13.447,254.4425,27.436,22.4607
2026-07-23T16:03:13.447,254.4425,27.573,22.4215
2026-07-23T16:03:13.462,254.4548,27.5339,22.3432
2026-07-23T16:03:13.467,254.4583,27.7884,22.3628
2026-07-23T16:03:13.478,254.4843,27.573,22.2649
2026-07-23T16:03:13.493,254.4917,27.4556,22.2257
2026-07-23T16:03:13.493,254.4917,27.2206,22.0299
2026-07-23T16:03:13.512,254.5223,27.436,21.8341
2026-07-23T16:03:13.525,254.5223,27.4164,21.8145
2026-07-23T16:03:13.530,254.5223,27.7493,21.8341
2026-07-23T16:03:13.542,254.5363,27.8668,21.932
2026-07-23T16:03:13.554,254.5395,27.8863,21.9712
2026-07-23T16:03:13.573,254.576,27.7688,22.0103
2026-07-23T16:03:13.573,254.576,27.5926,21.9516
2026-07-23T16:03:13.573,254.5826,27.7297,21.9908
2026-07-23T16:03:13.590,254.5857,27.6514,21.932
2026-07-23T16:03:13.613,254.6186,27.5535,21.9124
2026-07-23T16:03:13.613,254.6186,27.2793,21.9124
2026-07-23T16:03:13.625,254.6186,27.1031,21.8733
2026-07-23T16:03:13.640,254.6186,27.1227,21.8145
2026-07-23T16:03:13.640,254.6186,27.0835,21.6775
2026-07-23T16:03:13.669,254.6642,27.0639,21.697
2026-07-23T16:03:13.669,254.6713,26.9465,21.56
2026-07-23T16:03:13.669,254.6748,26.8486,21.5796
2026-07-23T16:03:13.681,254.7159,26.7311,21.4621
2026-07-23T16:03:13.700,254.7197,26.9856,21.4817
2026-07-23T16:03:13.709,254.7197,26.8486,21.5012
2026-07-23T16:03:13.726,254.729,27.0835,21.56
2026-07-23T16:03:13.730,254.731,26.829,21.5404
2026-07-23T16:03:13.732,254.735,26.8877,21.6775
2026-07-23T16:03:13.745,254.7707,26.6527,21.7754
2026-07-23T16:03:13.763,254.7728,26.7702,21.7166
2026-07-23T16:03:13.763,254.7745,26.5744,21.6775
2026-07-23T16:03:13.770,254.7745,26.7311,21.5404
2026-07-23T16:03:13.784,254.7852,26.4374,21.5991
2026-07-23T16:03:13.796,254.8126,26.6332,21.4817
2026-07-23T16:03:13.809,254.8126,26.6919,21.56
2026-07-23T16:03:13.809,254.8126,26.9269,21.795
2026-07-23T16:03:13.824,254.8232,26.9856,21.932
2026-07-23T16:03:13.838,254.8232,27.0052,22.0103
2026-07-23T16:03:13.838,254.8543,26.9073,22.0299
2026-07-23T16:03:13.863,254.8648,26.8486,22.0299
2026-07-23T16:03:13.863,254.8648,26.8877,21.8929
2026-07-23T16:03:13.874,254.8692,26.9073,21.932
2026-07-23T16:03:13.882,254.8727,26.9465,21.932
2026-07-23T16:03:13.894,254.906,27.0444,21.9712
2026-07-23T16:03:13.905,254.906,27.0052,22.0103
2026-07-23T16:03:13.913,254.906,27.1031,22.0299
2026-07-23T16:03:13.923,254.9159,26.9073,21.8929
2026-07-23T16:03:13.936,254.9483,27.0444,21.932
2026-07-23T16:03:13.951,254.9483,26.829,21.8929
2026-07-23T16:03:13.951,254.9483,27.0639,21.932
2026-07-23T16:03:13.957,254.9558,26.966,21.9516
2026-07-23T16:03:13.971,254.9558,27.1031,22.0299
2026-07-23T16:03:13.990,254.9853,26.9073,22.0103
2026-07-23T16:03:13.990,254.9853,27.1031,21.9516
2026-07-23T16:03:13.999,254.9934,27.1031,21.932
2026-07-23T16:03:14.007,255.0245,27.3185,21.795
2026-07-23T16:03:14.036,255.0303,27.2793,21.795
2026-07-23T16:03:14.036,255.0303,27.4164,21.6775
2026-07-23T16:03:14.036,255.0303,27.2402,21.697
2026-07-23T16:03:14.057,255.0649,27.1031,21.5012
2026-07-23T16:03:14.072,255.0649,26.9269,21.4425
2026-07-23T16:03:14.075,255.0649,27.0052,21.3446
2026-07-23T16:03:14.081,255.0729,27.0444,21.3642
2026-07-23T16:03:14.090,255.0937,27.1423,21.3642
2026-07-23T16:03:14.109,255.1059,27.0639,21.3642
2026-07-23T16:03:14.109,255.1059,27.2206,21.4229
2026-07-23T16:03:14.124,255.1059,27.1227,21.4425
2026-07-23T16:03:14.136,255.1392,27.2206,21.56
2026-07-23T16:03:14.144,255.145,27.2597,21.5012
2026-07-23T16:03:14.157,255.1461,27.5926,21.5404
2026-07-23T16:03:14.157,255.1461,27.6514,21.4229
2026-07-23T16:03:14.187,255.1727,27.9255,21.4817
2026-07-23T16:03:14.187,255.1727,27.6318,21.4229
2026-07-23T16:03:14.197,255.1727,27.7688,21.4229
2026-07-23T16:03:14.197,255.1856,27.573,21.4621
2026-07-23T16:03:14.218,255.2156,27.7493,21.4229
2026-07-23T16:03:14.218,255.2156,27.4751,21.4817
2026-07-23T16:03:14.236,255.2199,27.6318,21.4229
2026-07-23T16:03:14.245,255.2482,27.3968,21.2859
2026-07-23T16:03:14.257,255.2482,27.5143,21.1488
2026-07-23T16:03:14.266,255.2482,27.3185,21.1292
2026-07-23T16:03:14.271,255.2588,27.2793,21.0705
2026-07-23T16:03:14.282,255.2857,27.1618,21.0117
2026-07-23T16:03:14.290,255.2941,27.2206,21.0117
2026-07-23T16:03:14.299,255.2976,27.2206,21.09
2026-07-23T16:03:14.310,255.3016,27.2402,21.0313
2026-07-23T16:03:14.329,255.3255,27.2206,21.0705
2026-07-23T16:03:14.329,255.3255,27.3185,21.1488
2026-07-23T16:03:14.345,255.3396,27.4164,21.3838
2026-07-23T16:03:14.352,255.3423,27.6905,21.4229
2026-07-23T16:03:14.376,255.3714,27.808,21.4817
2026-07-23T16:03:14.376,255.3729,27.9255,21.4229
2026-07-23T16:03:14.376,255.374,27.9059,21.1488
2026-07-23T16:03:14.393,255.374,28.2975,20.8747
2026-07-23T16:03:14.403,255.4085,28.2975,20.6984
2026-07-23T16:03:14.409,255.4085,28.6696,20.6788
2026-07-23T16:03:14.422,255.4096,28.8654,20.7963
2026-07-23T16:03:14.425,255.4397,29.6878,20.9334
2026-07-23T16:03:14.455,255.4449,30.0794,21.0509
2026-07-23T16:03:14.455,255.4449,30.6668,20.953
2026-07-23T16:03:14.465,255.4519,30.843,20.9138
2026-07-23T16:03:14.475,255.4832,31.0388,20.8551
2026-07-23T16:03:14.489,255.4848,30.7647,20.6984
2026-07-23T16:03:14.496,255.4858,31.1563,20.6593
2026-07-23T16:03:14.503,255.4858,31.2738,20.6984
2026-07-23T16:03:14.512,255.5148,31.7046,20.6201
2026-07-23T16:03:14.524,255.5219,31.8808,20.6788
2026-07-23T16:03:14.534,255.5219,31.9395,20.6397
2026-07-23T16:03:14.537,255.5271,31.7633,20.5809
2026-07-23T16:03:14.557,255.5462,31.8025,20.3656
2026-07-23T16:03:14.557,255.5462,31.6263,20.2481
2026-07-23T16:03:14.573,255.5635,31.7829,20.2481
2026-07-23T16:03:14.581,255.5858,31.5088,20.346
2026-07-23T16:03:14.597,255.5951,31.4304,20.3851
2026-07-23T16:03:14.597,255.5951,31.4304,20.4439
2026-07-23T16:03:14.617,255.5951,31.4696,20.346
2026-07-23T16:03:14.624,255.627,31.2934,20.3068
2026-07-23T16:03:14.637,255.627,31.4892,20.3068
2026-07-23T16:03:14.646,255.627,31.2542,20.1697
2026-07-23T16:03:14.646,255.6416,31.4304,20.1502
2026-07-23T16:03:14.661,255.6631,31.3717,20.3068
2026-07-23T16:03:14.661,255.6673,31.7242,20.5809
2026-07-23T16:03:14.678,255.6728,31.6458,20.718
2026-07-23T16:03:14.692,255.6728,31.8416,20.8159
2026-07-23T16:03:14.697,255.7002,31.7829,20.8942
2026-07-23T16:03:14.714,255.7061,31.9395,20.8747
2026-07-23T16:03:14.724,255.7118,31.8221,20.8355
2026-07-23T16:03:14.739,255.7374,31.9983,20.9921
2026-07-23T16:03:14.746,255.7394,31.9591,21.1096
2026-07-23T16:03:14.755,255.7394,32.1549,21.1096
2026-07-23T16:03:14.764,255.7446,31.9983,21.0509
2026-07-23T16:03:14.773,255.7728,31.8416,21.0117
2026-07-23T16:03:14.781,255.7756,31.8612,20.9138
2026-07-23T16:03:14.790,255.7809,32.2333,20.9334
2026-07-23T16:03:14.803,255.8061,32.3312,21.0509
2026-07-23T16:03:14.818,255.8061,32.4878,21.1488
2026-07-23T16:03:14.832,255.8161,32.4291,21.1096
2026-07-23T16:03:14.832,255.8161,32.4486,21.1684
2026-07-23T16:03:14.842,255.8394,32.4682,21.2075
2026-07-23T16:03:14.850,255.8475,32.6249,21.325
2026-07-23T16:03:14.867,255.8513,32.5466,21.4033
2026-07-23T16:03:14.882,255.878,32.5466,21.4817
2026-07-23T16:03:14.890,255.8799,32.3507,21.5404
2026-07-23T16:03:14.890,255.8799,32.6053,21.697
2026-07-23T16:03:14.902,255.8799,32.7032,21.8145
2026-07-23T16:03:14.915,255.9098,33.2123,22.0299
2026-07-23T16:03:14.915,255.9098,33.4668,22.2845
2026-07-23T16:03:14.931,255.9158,33.8585,22.402
2026-07-23T16:03:14.944,255.9443,33.9368,22.5194
2026-07-23T16:03:14.957,255.9476,34.0347,22.6761
2026-07-23T16:03:14.961,255.9476,33.7997,22.774
2026-07-23T16:03:14.971,255.9738,33.7606,22.8523
2026-07-23T16:03:14.992,255.9805,33.8585,23.0285
2026-07-23T16:03:14.992,255.9805,34.1326,23.0677
2026-07-23T16:03:14.998,256.006,34.3088,23.2831
2026-07-23T16:03:15.011,256.006,34.348,23.381
2026-07-23T16:03:15.025,256.0201,34.113,23.7334
2026-07-23T16:03:15.031,256.0221,34.0151,23.9488
2026-07-23T16:03:15.047,256.0522,34.1718,24.0076
2026-07-23T16:03:15.057,256.0522,34.4263,24.0663
2026-07-23T16:03:15.057,256.0522,34.5634,24.0272
2026-07-23T16:03:15.077,256.0583,34.6613,24.0663
2026-07-23T16:03:15.087,256.0902,34.6025,24.1251
2026-07-23T16:03:15.090,256.0912,34.7396,24.1251
2026-07-23T16:03:15.103,256.0923,34.6417,24.0076
2026-07-23T16:03:15.115,256.0971,34.9941,24.2425
2026-07-23T16:03:15.124,256.1157,35.0921,24.3796
2026-07-23T16:03:15.135,256.1157,35.562,24.6537
2026-07-23T16:03:15.148,256.1315,35.5816,24.7516
2026-07-23T16:03:15.151,256.1486,35.7774,24.595
2026-07-23T16:03:15.166,256.1644,35.4837,24.7321
2026-07-23T16:03:15.166,256.1644,35.5228,24.5363
2026-07-23T16:03:15.182,256.1702,35.2291,24.5363
2026-07-23T16:03:15.199,256.1995,35.3074,24.6146
2026-07-23T16:03:15.199,256.1995,35.2291,24.6929
2026-07-23T16:03:15.215,256.1995,35.4249,24.6929
2026-07-23T16:03:15.221,256.2062,35.7382,24.7516
2026-07-23T16:03:15.245,256.2307,35.8361,24.967
2026-07-23T16:03:15.245,256.2307,35.8165,25.0649
2026-07-23T16:03:15.250,256.2418,35.7578,25.0649
2026-07-23T16:03:15.261,256.2645,35.6599,24.9475
2026-07-23T16:03:15.281,256.2645,35.6991,24.9083
2026-07-23T16:03:15.281,256.2723,35.6599,24.7712
2026-07-23T16:03:15.293,256.2743,35.6991,24.7712
2026-07-23T16:03:15.305,256.2979,35.5424,24.7125
2026-07-23T16:03:15.315,256.2979,35.5228,24.7125
2026-07-23T16:03:15.325,256.3059,35.3466,24.6929
2026-07-23T16:03:15.337,256.3206,35.4641,24.9083
2026-07-23T16:03:15.340,256.3206,35.4641,25.1041
2026-07-23T16:03:15.349,256.3364,35.8165,25.4174
2026-07-23T16:03:15.371,256.3619,35.8361,25.6328
2026-07-23T16:03:15.371,256.3619,36.1886,25.6132
2026-07-23T16:03:15.386,256.3619,36.1886,25.6328
2026-07-23T16:03:15.390,256.386,36.169,25.574
2026-07-23T16:03:15.413,256.3977,35.797,25.5936
2026-07-23T16:03:15.413,256.4,35.8361,25.6524
2026-07-23T16:03:15.419,256.4,35.6207,25.809
2026-07-23T16:03:15.437,256.4274,35.5816,25.5349
2026-07-23T16:03:15.437,256.4274,35.4445,25.3978
2026-07-23T16:03:15.451,256.4471,35.4445,25.3587
2026-07-23T16:03:15.466,256.4471,35.1704,25.3195
2026-07-23T16:03:15.466,256.4583,34.955,25.3195
2026-07-23T16:03:15.482,256.4623,34.7788,25.202
2026-07-23T16:03:15.490,256.4861,34.72,25.2412
2026-07-23T16:03:15.498,256.494,34.6221,25.2216
2026-07-23T16:03:15.513,256.4985,34.6613,25.1824
2026-07-23T16:03:15.524,256.5227,34.4067,25.1041
2026-07-23T16:03:15.532,256.526,34.4067,25.1237
2026-07-23T16:03:15.545,256.5334,34.5046,24.9475
2026-07-23T16:03:15.549,256.5334,34.5438,25.0062
2026-07-23T16:03:15.562,256.5645,34.6417,24.8887
2026-07-23T16:03:15.574,256.5645,34.583,24.8496
2026-07-23T16:03:15.584,256.5645,34.2109,24.83
2026-07-23T16:03:15.608,256.5886,34.1522,24.7712
2026-07-23T16:03:15.608,256.5988,34.1326,24.8496
2026-07-23T16:03:15.615,256.6013,34.348,24.9279
2026-07-23T16:03:15.615,256.6043,34.485,25.0845
2026-07-23T16:03:15.639,256.6203,34.485,24.9866
2026-07-23T16:03:15.639,256.6203,34.4263,25.0845
2026-07-23T16:03:15.655,256.6364,34.6613,25.1628
2026-07-23T16:03:15.664,256.659,34.4655,25.0649
2026-07-23T16:03:15.671,256.659,34.4263,24.83
2026-07-23T16:03:15.687,256.6677,34.3871,24.7908
2026-07-23T16:03:15.690,256.6949,34.3871,24.7516
2026-07-23T16:03:15.704,256.6992,34.2305,24.6342
2026-07-23T16:03:15.710,256.6992,33.7801,24.4971
2026-07-23T16:03:15.724,256.7152,33.6039,24.3405
2026-07-23T16:03:15.740,256.7313,33.3494,24.2034
2026-07-23T16:03:15.746,256.7313,33.5452,24.1055
2026-07-23T16:03:15.757,256.7313,33.7018,24.1642
2026-07-23T16:03:15.766,256.7635,33.506,23.9488
2026-07-23T16:03:15.766,256.7635,33.1927,23.8509
2026-07-23T16:03:15.782,256.7635,32.8207,23.5181
2026-07-23T16:03:15.797,256.7943,32.4095,23.381
2026-07-23T16:03:15.797,256.7997,32.1158,23.1069
2026-07-23T16:03:15.814,256.8029,31.7242,22.7544
2026-07-23T16:03:15.821,256.8257,30.9997,22.2257
2026-07-23T16:03:15.837,256.8257,30.1773,21.7166
2026-07-23T16:03:15.845,256.8257,28.9829,20.9138
2026-07-23T16:03:15.854,256.8396,27.5926,20.0718
2026-07-23T16:03:15.865,256.8614,25.9674,19.1124
2026-07-23T16:03:15.865,256.8614,24.2835,18.1138
2026-07-23T16:03:15.876,256.8684,22.1883,17.1347
2026-07-23T16:03:15.893,256.8744,20.1911,15.9207
2026-07-23T16:03:15.908,256.9001,18.2134,14.8438
2026-07-23T16:03:15.912,256.9042,16.1966,13.5906
2026-07-23T16:03:15.925,256.9102,14.219,12.4745
2026-07-23T16:03:15.939,256.9399,12.0259,11.2997
2026-07-23T16:03:15.939,256.944,10.0091,10.1836
2026-07-23T16:03:15.955,256.9518,7.914,8.715
2026-07-23T16:03:15.963,256.9518,5.8188,6.9332
2026-07-23T16:03:15.971,256.9864,4.1349,5.5038
2026-07-23T16:03:15.971,256.9901,2.8425,4.3681
2026-07-23T16:03:15.995,256.9901,1.6873,3.4674
2026-07-23T16:03:16.003,257.0004,0.8257,2.5666
2026-07-23T16:03:16.003,257.0231,0.0621,1.8813
2026-07-23T16:03:16.024,257.0331,-0.5058,1.196
2026-07-23T16:03:16.037,257.0394,-0.9757,0.7065
2026-07-23T16:03:16.041,257.0394,-1.4065,0.2561
2026-07-23T16:03:16.051,257.0494,-1.5436,-0.0768
2026-07-23T16:03:16.074,257.0786,-1.7981,-0.488
2026-07-23T16:03:16.074,257.0786,-1.8764,-0.7033
2026-07-23T16:03:16.084,257.0864,-2.0918,-0.9579
2026-07-23T16:03:16.097,257.0918,-2.1701,-1.1145
2026-07-23T16:03:16.100,257.0945,-2.3659,-1.232
2026-07-23T16:03:16.116,257.1113,-2.3659,-1.3495
2026-07-23T16:03:16.116,257.1113,-2.5226,-1.3299
2026-07-23T16:03:16.143,257.1259,-2.5226,-1.5649
2026-07-23T16:03:16.143,257.1259,-2.6205,-1.467
2026-07-23T16:03:16.158,257.1598,-2.6792,-1.6041
2026-07-23T16:03:16.162,257.1598,-2.6792,-1.6041
2026-07-23T16:03:16.177,257.1598,-2.7967,-1.6041
2026-07-23T16:03:16.177,257.1699,-2.738,-1.6432
2026-07-23T16:03:16.199,257.1946,-2.7184,-1.6824
2026-07-23T16:03:16.199,257.1946,-2.7967,-1.7607
2026-07-23T16:03:16.221,257.2009,-2.875,-1.7215
2026-07-23T16:03:16.224,257.2284,-2.738,-1.7215
2026-07-23T16:03:16.241,257.2363,-2.9338,-1.702
2026-07-23T16:03:16.245,257.2363,-2.875,-1.7411
2026-07-23T16:03:16.252,257.2395,-2.9534,-1.702
2026-07-23T16:03:16.258,257.2668,-2.9338,-1.7803
2026-07-23T16:03:16.279,257.2673,-2.9925,-1.7411
2026-07-23T16:03:16.287,257.272,-3.0317,-1.7607
2026-07-23T16:03:16.294,257.2757,-3.0709,-1.7215
2026-07-23T16:03:16.303,257.2996,-3.1492,-1.7607
2026-07-23T16:03:16.318,257.3011,-3.0904,-1.7803
2026-07-23T16:03:16.326,257.3062,-3.0317,-1.7411
2026-07-23T16:03:16.333,257.3299,-3.0709,-1.7411
2026-07-23T16:03:16.337,257.3299,-3.0121,-1.7607
2026-07-23T16:03:16.357,257.3395,-2.9338,-1.7607
2026-07-23T16:03:16.365,257.366,-2.875,-1.7999
2026-07-23T16:03:16.368,257.366,-2.875,-1.7803
2026-07-23T16:03:16.381,257.3701,-2.8163,-1.702
2026-07-23T16:03:16.396,257.3729,-2.8555,-1.7215
2026-07-23T16:03:16.406,257.3923,-2.7576,-1.7607
2026-07-23T16:03:16.412,257.3972,-2.7967,-1.7215
2026-07-23T16:03:16.424,257.4032,-2.5618,-1.5845
2026-07-23T16:03:16.428,257.4239,-2.6205,-1.6041
2026-07-23T16:03:16.447,257.4239,-2.3855,-1.5649
2026-07-23T16:03:16.454,257.4239,-2.4443,-1.467
2026-07-23T16:03:16.459,257.4404,-2.2485,-1.5062
2026-07-23T16:03:16.475,257.4404,-2.268,-1.4866
2026-07-23T16:03:16.475,257.4559,-2.1114,-1.4474
2026-07-23T16:03:16.491,257.4731,-2.131,-1.3887
2026-07-23T16:03:16.507,257.482,-2.131,-1.4278
2026-07-23T16:03:16.524,257.5064,-2.131,-1.4474
2026-07-23T16:03:16.524,257.5064,-2.131,-1.3887
2026-07-23T16:03:16.536,257.5064,-2.0331,-1.3691
2026-07-23T16:03:16.552,257.5239,-2.0527,-1.3691
2026-07-23T16:03:16.552,257.5339,-1.9939,-1.3495
2026-07-23T16:03:16.557,257.5496,-2.0331,-1.2712
2026-07-23T16:03:16.575,257.5496,-1.9939,-1.3299
2026-07-23T16:03:16.585,257.5622,-1.9743,-1.232
2026-07-23T16:03:16.590,257.5811,-1.9547,-1.3103
2026-07-23T16:03:16.600,257.5811,-1.9352,-1.1733
2026-07-23T16:03:16.613,257.5903,-2.0135,-1.1733
2026-07-23T16:03:16.623,257.6072,-1.8764,-1.2516
2026-07-23T16:03:16.632,257.6128,-2.0331,-1.232
2026-07-23T16:03:16.643,257.6128,-1.896,-1.2516
2026-07-23T16:03:16.658,257.6395,-2.0135,-1.232
2026-07-23T16:03:16.664,257.6395,-1.896,-1.2124
2026-07-23T16:03:16.664,257.6626,-1.9939,-1.232
2026-07-23T16:03:16.680,257.666,-1.8177,-1.1537
2026-07-23T16:03:16.695,257.6696,-1.9743,-1.1341
2026-07-23T16:03:16.711,257.6936,-1.8177,-1.232
2026-07-23T16:03:16.717,257.6936,-1.9156,-1.1537
2026-07-23T16:03:16.724,257.7075,-1.8177,-1.095
2026-07-23T16:03:16.733,257.7075,-1.8568,-1.1145
2026-07-23T16:03:16.744,257.7231,-1.8177,-1.1145
2026-07-23T16:03:16.753,257.7393,-1.8373,-1.0754
2026-07-23T16:03:16.758,257.7477,-1.8373,-1.1145
2026-07-23T16:03:16.774,257.7523,-1.7785,-1.0362
2026-07-23T16:03:16.790,257.774,-1.7981,-1.095
2026-07-23T16:03:16.790,257.774,-1.7981,-1.0362
2026-07-23T16:03:16.806,257.7797,-1.8177,-1.0362
2026-07-23T16:03:16.821,257.8024,-1.8764,-1.0754
2026-07-23T16:03:16.825,257.8024,-1.7785,-1.0558
2026-07-23T16:03:16.839,257.8181,-1.8764,-1.095
2026-07-23T16:03:16.843,257.8181,-1.8568,-1.0166
2026-07-23T16:03:16.853,257.8327,-1.9743,-1.095
2026-07-23T16:03:16.869,257.8498,-1.7785,-1.0558
2026-07-23T16:03:16.869,257.8498,-1.9743,-1.0754
2026-07-23T16:03:16.883,257.8498,-1.8373,-1.0754
2026-07-23T16:03:16.890,257.8729,-1.9352,-1.0362
2026-07-23T16:03:16.901,257.8784,-1.8177,-1.0558
2026-07-23T16:03:16.918,257.8989,-1.9939,-1.1145
2026-07-23T16:03:16.924,257.8989,-1.7981,-1.1145
2026-07-23T16:03:16.938,257.9229,-1.8568,-1.0362
2026-07-23T16:03:16.938,257.9229,-1.7785,-1.0166
2026-07-23T16:03:16.954,257.9229,-1.8764,-1.0362
2026-07-23T16:03:16.966,257.9451,-1.8373,-1.1145
2026-07-23T16:03:16.974,257.9451,-1.896,-0.9971
2026-07-23T16:03:16.980,257.9608,-1.7981,-1.0754
2026-07-23T16:03:16.992,257.9608,-1.8764,-1.0166
2026-07-23T16:03:16.996,257.9875,-1.8373,-0.9971
2026-07-23T16:03:17.012,257.9875,-1.896,-0.9775
2026-07-23T16:03:17.024,258.0081,-1.8568,-0.9971
2026-07-23T16:03:17.038,258.0081,-1.8568,-0.9775
2026-07-23T16:03:17.043,258.0178,-1.8177,-1.0166
2026-07-23T16:03:17.059,258.0255,-1.8373,-0.9383
2026-07-23T16:03:17.059,258.0412,-1.7981,-1.0362
2026-07-23T16:03:17.076,258.0563,-1.9156,-1.0558
2026-07-23T16:03:17.076,258.0563,-1.7394,-0.9775
2026-07-23T16:03:17.092,258.0684,-1.9547,-1.0558
2026-07-23T16:03:17.107,258.0876,-1.7198,-1.0166
2026-07-23T16:03:17.107,258.0876,-1.9352,-0.9971
2026-07-23T16:03:17.126,258.1125,-1.7394,-1.0166
2026-07-23T16:03:17.126,258.1125,-1.9156,-0.9971
2026-07-23T16:03:17.150,258.1376,-1.7981,-0.9775
2026-07-23T16:03:17.159,258.1376,-1.9156,-0.9775
2026-07-23T16:03:17.163,258.1396,-1.7394,-0.9775
2026-07-23T16:03:17.176,258.1514,-1.9352,-1.0166
2026-07-23T16:03:17.185,258.1514,-1.7981,-1.0166
2026-07-23T16:03:17.202,258.1877,-1.7785,-0.9383
2026-07-23T16:03:17.202,258.1877,-1.8568,-0.8991
2026-07-23T16:03:17.216,258.1912,-1.7981,-0.9383
2026-07-23T16:03:17.226,258.2141,-1.8177,-1.0362
2026-07-23T16:03:17.232,258.2141,-1.8764,-0.9971
2026-07-23T16:03:17.242,258.2396,-1.8177,-0.9383
2026-07-23T16:03:17.257,258.2396,-1.9156,-1.0362
2026-07-23T16:03:17.265,258.2396,-1.8568,-0.9187
2026-07-23T16:03:17.284,258.2601,-1.9156,-0.9971
2026-07-23T16:03:17.284,258.2601,-1.7589,-0.9383
2026-07-23T16:03:17.290,258.2601,-1.896,-0.9971
2026-07-23T16:03:17.311,258.2912,-1.7981,-0.9971
2026-07-23T16:03:17.311,258.2912,-1.896,-0.9775
2026-07-23T16:03:17.327,258.3162,-1.7785,-0.9383
2026-07-23T16:03:17.339,258.3162,-1.896,-0.9971
2026-07-23T16:03:17.342,258.3182,-1.7981,-0.86
2026-07-23T16:03:17.355,258.3398,-1.9156,-0.9579
2026-07-23T16:03:17.358,258.3398,-1.7394,-0.9971
2026-07-23T16:03:17.390,258.362,-1.896,-0.9579
2026-07-23T16:03:17.390,258.362,-1.6415,-0.9383
2026-07-23T16:03:17.395,258.3701,-1.8764,-0.9775
2026-07-23T16:03:17.413,258.3879,-1.7785,-1.0166
2026-07-23T16:03:17.413,258.3879,-1.8764,-0.9775
2026-07-23T16:03:17.430,258.4181,-1.7981,-0.9579
2026-07-23T16:03:17.439,258.4181,-1.896,-0.8796
2026-07-23T16:03:17.439,258.4181,-1.8177,-0.9383
2026-07-23T16:03:17.457,258.446,-1.8373,-0.9971
2026-07-23T16:03:17.458,258.446,-1.8177,-0.9383
2026-07-23T16:03:17.469,258.4496,-1.9156,-0.9187
2026-07-23T16:03:17.492,258.473,-1.7589,-0.9383
2026-07-23T16:03:17.492,258.473,-1.8373,-0.9579
2026-07-23T16:03:17.510,258.4969,-1.8177,-0.9187
2026-07-23T16:03:17.516,258.4969,-1.8764,-0.9775
2026-07-23T16:03:17.516,258.4969,-1.7394,-0.9383
2026-07-23T16:03:17.534,258.5249,-1.9547,-0.9383
2026-07-23T16:03:17.548,258.5287,-1.7394,-0.9579
2026-07-23T16:03:17.556,258.5287,-1.9156,-0.9579
2026-07-23T16:03:17.564,258.5444,-1.7198,-0.9775
2026-07-23T16:03:17.576,258.5444,-1.9352,-0.9971
2026-07-23T16:03:17.590,258.5762,-1.661,-0.9971
2026-07-23T16:03:17.595,258.5762,-1.896,-0.9383
2026-07-23T16:03:17.595,258.5762,-1.7394,-0.9775
2026-07-23T16:03:17.617,258.6082,-1.896,-0.9579
2026-07-23T16:03:17.627,258.6082,-1.7394,-0.9383
2026-07-23T16:03:17.627,258.6082,-1.8764,-0.8991
2026-07-23T16:03:17.656,258.6242,-1.7394,-1.0166
2026-07-23T16:03:17.656,258.6242,-1.8373,-0.8012
2026-07-23T16:03:17.659,258.6398,-1.7785,-0.9383
2026-07-23T16:03:17.675,258.6598,-1.8177,-0.9775
2026-07-23T16:03:17.675,258.6598,-1.8568,-0.9187
2026-07-23T16:03:17.711,258.6884,-1.8568,-0.9775
2026-07-23T16:03:17.711,258.6884,-1.8177,-0.9383
2026-07-23T16:03:17.711,258.6915,-1.8373,-1.0166
2026-07-23T16:03:17.726,258.7061,-1.7589,-0.9383
2026-07-23T16:03:17.738,258.7061,-1.8568,-1.0166
2026-07-23T16:03:17.742,258.7061,-1.7589,-0.9971
2026-07-23T16:03:17.757,258.7394,-1.9743,-0.9383
2026-07-23T16:03:17.757,258.7394,-1.7002,-0.9187
2026-07-23T16:03:17.772,258.7669,-1.8568,-0.9383
2026-07-23T16:03:17.786,258.7669,-1.7785,-0.9187
2026-07-23T16:03:17.794,258.7669,-1.8568,-0.9775
2026-07-23T16:03:17.802,258.7885,-1.7002,-0.9579
2026-07-23T16:03:17.802,258.7885,-1.9156,-0.9383
2026-07-23T16:03:17.826,258.8166,-1.7198,-0.9579
2026-07-23T16:03:17.839,258.8166,-1.9547,-0.86
2026-07-23T16:03:17.847,258.8166,-1.7198,-0.9187
2026-07-23T16:03:17.857,258.8397,-1.8373,-0.8991
2026-07-23T16:03:17.866,258.8397,-1.7981,-0.9579
2026-07-23T16:03:17.867,258.8616,-1.7589,-0.8991
2026-07-23T16:03:17.884,258.8616,-1.8177,-0.9971
2026-07-23T16:03:17.897,258.8781,-1.8373,-0.9187
2026-07-23T16:03:17.897,258.8886,-1.7785,-0.8991
2026-07-23T16:03:17.912,258.8886,-1.8177,-0.9579
2026-07-23T16:03:17.929,258.9088,-1.7981,-0.9775
2026-07-23T16:03:17.929,258.9088,-1.8568,-0.9187
2026-07-23T16:03:17.945,258.9088,-1.7589,-0.8796
2026-07-23T16:03:17.960,258.9402,-1.9156,-0.9579
2026-07-23T16:03:17.960,258.9417,-1.7394,-0.9187
2026-07-23T16:03:17.975,258.9559,-1.8764,-0.9187
2026-07-23T16:03:17.980,258.9559,-1.6806,-0.9579
2026-07-23T16:03:17.993,258.9559,-1.9352,-0.8796
2026-07-23T16:03:18.007,258.9887,-1.6806,-0.9579
2026-07-23T16:03:18.007,258.9887,-1.8764,-0.9187
2026-07-23T16:03:18.024,259.0067,-1.7198,-0.9579
2026-07-23T16:03:18.040,259.0189,-1.896,-0.9187
2026-07-23T16:03:18.040,259.0189,-1.7394,-0.9383
2026-07-23T16:03:18.058,259.0396,-1.8764,-0.9579
2026-07-23T16:03:18.058,259.0396,-1.7785,-0.9579
2026-07-23T16:03:18.090,259.073,-1.8764,-0.9383
2026-07-23T16:03:18.090,259.073,-1.7981,-0.9775
2026-07-23T16:03:18.090,259.073,-1.8177,-0.8796
2026-07-23T16:03:18.109,259.0993,-1.7785,-0.9383
2026-07-23T16:03:18.118,259.1013,-1.8177,-0.86
2026-07-23T16:03:18.124,259.1013,-1.7785,-0.9187
2026-07-23T16:03:18.140,259.1289,-1.8177,-0.9579
2026-07-23T16:03:18.148,259.1311,-1.7394,-0.9383
2026-07-23T16:03:18.152,259.1311,-1.8373,-0.9579
2026-07-23T16:03:18.166,259.1505,-1.7785,-0.86
2026-07-23T16:03:18.166,259.1505,-1.8373,-0.9187
2026-07-23T16:03:18.182,259.1615,-1.7589,-0.86
2026-07-23T16:03:18.196,259.1814,-1.8764,-0.9775
2026-07-23T16:03:18.201,259.1841,-1.6806,-0.9579
2026-07-23T16:03:18.212,259.2074,-1.896,-0.8796
2026-07-23T16:03:18.227,259.2074,-1.8177,-0.86
2026-07-23T16:03:18.235,259.2074,-1.9547,-0.9187
2026-07-23T16:03:18.243,259.2232,-1.7589,-0.8796
2026-07-23T16:03:18.258,259.2339,-1.8764,-0.8796
2026-07-23T16:03:18.258,259.2603,-1.7589,-0.9579
2026-07-23T16:03:18.274,259.265,-1.7785,-0.8404
2026-07-23T16:03:18.285,259.265,-1.6806,-0.9383
2026-07-23T16:03:18.291,259.2863,-1.7981,-0.8796
2026-07-23T16:03:18.306,259.289,-1.7394,-0.9187
2026-07-23T16:03:18.315,259.289,-1.7981,-0.9187
2026-07-23T16:03:18.326,259.3079,-1.7785,-0.9579
2026-07-23T16:03:18.326,259.3171,-1.8177,-0.9383
2026-07-23T16:03:18.340,259.3397,-1.7785,-0.9187
2026-07-23T16:03:18.359,259.3397,-1.8177,-0.8796
2026-07-23T16:03:18.368,259.3397,-1.7981,-0.8796
2026-07-23T16:03:18.385,259.3652,-1.7785,-0.9187
2026-07-23T16:03:18.385,259.3652,-1.7981,-0.8991
2026-07-23T16:03:18.390,259.3729,-1.8568,-0.8991
2026-07-23T16:03:18.416,259.3977,-1.7198,-0.8991
2026-07-23T16:03:18.416,259.3982,-1.9156,-0.9579
2026-07-23T16:03:18.424,259.4008,-1.7198,-0.8796
2026-07-23T16:03:18.440,259.412,-1.8764,-0.9187
2026-07-23T16:03:18.448,259.412,-1.7394,-0.9187
2026-07-23T16:03:18.459,259.4462,-1.896,-0.9187
2026-07-23T16:03:18.463,259.4462,-1.7198,-0.9579
2026-07-23T16:03:18.463,259.4603,-1.8568,-0.86
2026-07-23T16:03:18.484,259.4721,-1.7394,-0.9383
2026-07-23T16:03:18.495,259.4731,-1.8568,-0.8991
2026-07-23T16:03:18.511,259.4916,-1.7394,-0.8991
2026-07-23T16:03:18.511,259.4916,-1.7981,-0.9775
2026-07-23T16:03:18.527,259.5016,-1.7785,-0.9187
2026-07-23T16:03:18.535,259.5085,-1.7981,-0.8991
2026-07-23T16:03:18.542,259.5232,-1.8373,-0.9579
2026-07-23T16:03:18.559,259.5397,-1.7785,-0.8991
2026-07-23T16:03:18.559,259.5397,-1.7785,-0.8796
2026-07-23T16:03:18.577,259.5397,-1.8177,-0.9383
2026-07-23T16:03:18.577,259.5708,-1.7785,-0.8012
2026-07-23T16:03:18.590,259.5729,-1.8764,-0.9187
2026-07-23T16:03:18.590,259.5976,-1.7981,-0.86
2026-07-23T16:03:18.618,259.5976,-1.8177,-0.8796
2026-07-23T16:03:18.624,259.6025,-1.7785,-0.9187
2026-07-23T16:03:18.640,259.6181,-1.8373,-0.9187
2026-07-23T16:03:18.640,259.6181,-1.7589,-0.86
2026-07-23T16:03:18.653,259.6181,-1.896,-0.9775
2026-07-23T16:03:18.669,259.6512,-1.7394,-0.8991
2026-07-23T16:03:18.669,259.6512,-1.8373,-0.9187
2026-07-23T16:03:18.685,259.673,-1.7198,-0.8796
2026-07-23T16:03:18.690,259.673,-1.8764,-0.9187
2026-07-23T16:03:18.702,259.6985,-1.7002,-0.9383
2026-07-23T16:03:18.716,259.7005,-1.8373,-0.8991
2026-07-23T16:03:18.724,259.704,-1.7589,-0.9383
2026-07-23T16:03:18.733,259.7162,-1.7785,-0.8991
2026-07-23T16:03:18.749,259.7294,-1.7785,-0.9383
2026-07-23T16:03:18.755,259.7294,-1.7981,-0.9579
2026-07-23T16:03:18.767,259.7455,-1.7981,-0.9187
2026-07-23T16:03:18.767,259.7455,-1.7198,-0.9187
2026-07-23T16:03:18.780,259.7455,-1.7785,-0.8208
2026-07-23T16:03:18.796,259.7762,-1.8177,-0.8796
2026-07-23T16:03:18.796,259.7762,-1.7981,-0.8796
2026-07-23T16:03:18.827,259.7919,-1.7394,-0.9187
2026-07-23T16:03:18.827,259.7919,-1.7785,-0.86
2026-07-23T16:03:18.827,259.8063,-1.8373,-0.8991
2026-07-23T16:03:18.843,259.826,-1.8373,-0.86
2026-07-23T16:03:18.843,259.826,-1.8177,-0.9383
2026-07-23T16:03:18.874,259.8523,-1.7198,-0.8404
2026-07-23T16:03:18.874,259.8523,-1.8568,-0.8991
2026-07-23T16:03:18.890,259.8774,-1.7394,-0.8991
2026-07-23T16:03:18.891,259.8774,-1.8764,-0.8796
2026-07-23T16:03:18.906,259.8774,-1.7981,-0.8404
2026-07-23T16:03:18.910,259.903,-1.8568,-0.8991
2026-07-23T16:03:18.924,259.903,-1.7785,-0.86
2026-07-23T16:03:18.940,259.9196,-1.8568,-0.8991
2026-07-23T16:03:18.940,259.9196,-1.7394,-0.8991
2026-07-23T16:03:18.957,259.9196,-1.8177,-0.9187
2026-07-23T16:03:18.960,259.9517,-1.6806,-0.9187
2026-07-23T16:03:18.970,259.9517,-1.7394,-0.9187
2026-07-23T16:03:18.986,259.973,-1.8177,-0.8991
2026-07-23T16:03:19.002,259.973,-1.7785,-0.86
2026-07-23T16:03:19.003,259.9825,-1.8373,-0.8991
2026-07-23T16:03:19.024,260.0061,-1.7981,-0.8991
2026-07-23T16:03:19.024,260.0061,-1.896,-0.8796
2026-07-23T16:03:19.035,260.0061,-1.7394,-0.86
2026-07-23T16:03:19.049,260.0295,-1.8177,-0.8404
2026-07-23T16:03:19.049,260.0295,-1.7198,-0.8991
2026-07-23T16:03:19.065,260.0455,-1.7394,-0.86
2026-07-23T16:03:19.077,260.0455,-1.7981,-0.9579
2026-07-23T16:03:19.090,260.078,-1.7394,-0.8796
2026-07-23T16:03:19.096,260.078,-1.6806,-0.8991
2026-07-23T16:03:19.096,260.078,-1.6806,-0.8796
2026-07-23T16:03:19.124,260.0935,-1.8764,-0.8208
2026-07-23T16:03:19.124,260.0935,-1.7589,-0.86
2026-07-23T16:03:19.140,260.1243,-1.8764,-0.8796
2026-07-23T16:03:19.144,260.1243,-1.7394,-0.8991
2026-07-23T16:03:19.159,260.1397,-1.7981,-0.86
2026-07-23T16:03:19.161,260.1496,-1.7785,-0.9775
2026-07-23T16:03:19.175,260.1516,-1.7981,-0.8404
2026-07-23T16:03:19.187,260.173,-1.8177,-0.8796
2026-07-23T16:03:19.191,260.173,-1.7394,-0.86
2026-07-23T16:03:19.206,260.1932,-1.7981,-0.9187
2026-07-23T16:03:19.222,260.1932,-1.7394,-0.8404
2026-07-23T16:03:19.224,260.1932,-1.7785,-0.86
2026-07-23T16:03:19.244,260.2232,-1.7394,-0.86
2026-07-23T16:03:19.244,260.2232,-1.8177,-0.9187
2026-07-23T16:03:19.261,260.2397,-1.7589,-0.9187
2026-07-23T16:03:19.269,260.2497,-1.8177,-0.8796
2026-07-23T16:03:19.274,260.2497,-1.7394,-0.8991
2026-07-23T16:03:19.291,260.2756,-1.7981,-0.86
2026-07-23T16:03:19.291,260.2767,-1.7589,-0.9579
2026-07-23T16:03:19.300,260.2964,-1.7785,-0.8404
2026-07-23T16:03:19.323,260.2964,-1.7981,-0.9775
2026-07-23T16:03:19.326,260.2964,-1.7589,-0.8012
2026-07-23T16:03:19.336,260.3225,-1.8764,-0.9187
2026-07-23T16:03:19.347,260.3225,-1.7198,-0.8796
2026-07-23T16:03:19.359,260.3438,-1.7589,-0.8208
2026-07-23T16:03:19.371,260.3438,-1.7589,-0.9579
2026-07-23T16:03:19.373,260.3438,-1.8568,-0.86
2026-07-23T16:03:19.387,260.3757,-1.7785,-0.86
2026-07-23T16:03:19.395,260.3757,-1.7785,-0.9187
2026-07-23T16:03:19.411,260.4018,-1.7981,-0.8991
2026-07-23T16:03:19.411,260.4018,-1.7785,-0.8404
2026-07-23T16:03:19.426,260.4078,-1.8177,-0.8796
2026-07-23T16:03:19.443,260.4254,-1.7002,-0.8208
2026-07-23T16:03:19.453,260.4254,-1.8568,-0.8991
2026-07-23T16:03:19.459,260.4254,-1.7394,-0.8796
2026-07-23T16:03:19.470,260.4553,-1.7589,-0.8796
2026-07-23T16:03:19.476,260.4553,-1.7394,-0.86
2026-07-23T16:03:19.476,260.4553,-1.8373,-0.7817
2026-07-23T16:03:19.506,260.4903,-1.7785,-0.9187
2026-07-23T16:03:19.506,260.4903,-1.8177,-0.8012
2026-07-23T16:03:19.522,260.5184,-1.7589,-0.8991
2026-07-23T16:03:19.538,260.5184,-1.7394,-0.8208
2026-07-23T16:03:19.538,260.5184,-1.7785,-0.86
2026-07-23T16:03:19.541,260.5494,-1.8177,-0.8796
2026-07-23T16:03:19.563,260.5504,-1.7394,-0.9187
2026-07-23T16:03:19.563,260.5504,-1.8177,-0.8404
2026-07-23T16:03:19.569,260.5564,-1.7785,-0.8796
2026-07-23T16:03:19.585,260.5818,-1.7981,-0.8991
2026-07-23T16:03:19.590,260.5818,-1.7785,-0.8796
2026-07-23T16:03:19.607,260.5818,-1.7785,-0.8991
2026-07-23T16:03:19.620,260.6145,-1.7981,-0.8796
2026-07-23T16:03:19.624,260.6145,-1.7981,-0.86
2026-07-23T16:03:19.633,260.6145,-1.7785,-0.86
2026-07-23T16:03:19.648,260.645,-1.7981,-0.9383
2026-07-23T16:03:19.661,260.645,-1.7002,-0.8796
2026-07-23T16:03:19.665,260.645,-1.7981,-0.6446
2026-07-23T16:03:19.680,260.6608,-1.7198,-0.86
2026-07-23T16:03:19.691,260.6731,-1.8373,-0.9187
2026-07-23T16:03:19.696,260.6768,-1.7394,-0.86
