22.860718 36.657715 36.758423 17.120361 -10.876465 -20.544434 -7.9559326 23.867798 51.965332 68.984985 86.709595 109.06677 150.25635 185.10132 198.6969 204.73938 167.77954 82.47986 0.50354004 -45.92285 -111.987305 -182.98645 -235.05249 -261.13586 -255.89905 -218.03284 -148.4436 -87.61597 -46.124268 -22.659302 -0.30212402 4.6325684 -6.3446045 -2.3162842 3.8269043 13.796997 38.36975 56.5979 58.20923 65.460205 55.892944 55.288696 36.4563 26.385498 21.853638 2.1148682 -22.659302 -41.189575 -27.593994 -4.1290283 11.581421 34.84497 19.839478 -1.3092041 -12.689209 -49.95117 -71.09985 -61.532593 -47.93701 -29.608154 -10.070801 -8.056641 -8.157349 -13.494873 -5.3375244 0.9063721 14.199829 32.025146 21.047974 14.904785 19.537354 26.184082 30.917358 10.977173 -1.8127441 -9.970093 2.4169922 -7.5531006 -13.696289 -0.30212402 27.191162 33.233643 28.701782 36.95984 49.749756 42.49878 31.521606 32.42798 19.940186 15.206909 9.063721 -3.1219482 6.6467285 -15.307617 -33.9386 -34.240723 -21.954346 -9.466553 10.473633 10.070801 -4.0283203 -4.6325684 -8.258057 -8.660889 5.8410645 31.118774 43.707275 41.89453 15.005493 -13.595581 -23.062134 -52.670288 -82.9834 -59.317017 -11.883545 -32.730103 -43.00232 -24.673462 -1.1077881 17.321777 41.189575 65.66162 68.68286 39.37683 4.8339844 -12.991333 7.3516846 14.804077 13.696289 23.364258 14.401245 6.6467285 6.9488525 17.422485 17.825317 24.472046 -4.2297363 -8.963013 -16.616821 -5.4382324 2.1148682 -1.5106201 -19.033813 -48.239136 -58.410645 -62.64038 -45.52002 -34.542847 -33.9386 -32.226562 -9.265137 0 5.2368164 -1.7120361 -2.2155762 7.8552246 20.343018 44.0094 53.67737 44.41223 48.843384 42.90161 28.29895 20.24231 0.70495605 -37.060547 -49.54834 -52.166748 -41.39099 -24.77417 -25.78125 -27.191162 -15.408325 -3.2226562 11.077881 36.557007 55.993652 68.07861 81.97632 106.8512 113.29651 95.87402 72.61047 55.892944 38.974 41.088867 48.44055 15.307617 -55.490112 -97.88818 -106.54907 -126.589966 -139.5813 -118.93616 -108.76465 -95.5719 -75.73242 -49.95117 -42.599487 -23.062134 
13.192749 23.464966 20.040894 32.025146 21.652222 19.033813 7.1502686 6.2438965 -1.1077881 -6.5460205 -8.358765 -13.494873 49.0448 125.88501 209.06982 265.3656 273.42224 289.63623 281.5796 261.23657 240.69214 222.86682 166.77246 80.76782 -20.343018 -77.948 -120.14465 -175.13123 -227.39868 -263.55286 -254.28772 -247.8424 -232.03125 -205.64575 -176.64185 -154.88892 -143.60962 -126.086426 -106.14624 -83.184814 -83.88977 -77.948 -60.22339 -28.701782 -14.501953 -31.924438 -30.111694 -29.708862 -36.557007 -25.78125 -36.4563 -62.438965 -53.274536 -54.0802 -24.472046 -19.638062 -6.4453125 3.4240723 -7.6538086 -19.335938 -25.982666 -19.033813 -13.192749 -16.516113 -5.5389404 4.9346924 14.904785 35.147095 33.535767 34.240723 28.097534 26.889038 24.874878 12.689209 -2.2155762 -3.1219482 10.675049 13.092041 20.443726 42.297363 36.85913 49.145508 49.850464 70.999146 82.177734 95.5719 109.3689 114.90784 112.89368 103.829956 87.61597 75.93384 74.92676 79.96216 90.33508 64.35242 39.98108 9.164429 -7.4523926 -11.682129 -25.579834 -41.088867 -59.61914 -49.749756 -23.867798 -15.509033 -5.3375244 5.6396484 11.581421 -2.4169922 -39.88037 -100.6073 -130.01404 -107.85828 -110.6781 -109.26819 -96.276855 -56.69861 -23.162842 -5.4382324 -4.6325684 -2.3162842 -2.3162842 5.2368164 -12.286377 -21.75293 -11.380005 -0.10070801 8.258057 5.3375244 2.6184082 -11.480713 8.358765 19.839478 28.601074 38.47046 18.127441 51.05896 52.871704 56.799316 64.05029 63.345337 36.053467 11.178589 7.1502686 -10.070801 -29.003906 -41.99524 -35.650635 -29.003906 -3.8269043 -8.963013 2.7191162 -4.0283203 -12.487793 -15.710449 -28.198242 -19.638062 -9.063721 -6.6467285 -11.682129 -10.070801 -34.542847 -22.155762 -30.715942 -25.881958 -17.623901 -2.8198242 12.387085 25.177002 23.76709 3.7261963 16.818237 13.796997 30.413818 62.23755 79.055786 95.47119 76.43738 94.262695 81.7749 79.96216 69.08569 79.35791 83.88977 87.41455 73.11401 52.770996 -0.10070801 -56.5979 -74.12109 -81.170654 -79.660034 -77.645874 -66.6687 -60.72693 -60.827637 -61.23047 -56.799316 -58.007812 
-3069.1772 -3054.9773 -3040.7776 -2698.068 -204.84009 2726.6692 3299.8992 3299.8992 3299.8992 3299.8992 3299.8992 3299.8992 3299.8992 3299.8992 3299.8992 3299.8992 3299.8992 3299.8992 3299.8992 3299.8992 3299.8992 3299.8992 3290.7349 2940.9758 3282.9802 3299.6978 -3283.786 -3267.4712 -3251.1565 -3235.0432 -3219.1313 -3203.3203 -3187.7104 -3172.2014 -3156.8938 -3141.7876 -3126.6814 -3111.7766 -3097.0732 -3082.3699 -3067.7673 -3053.064 -3039.2668 -2650.131 73.61755 3046.7192 3299.8992 3299.8992 3299.8992 3299.8992 3299.8992 3299.8992 3299.8992 3299.8992 3299.8992 3299.8992 3299.8992 3299.8992 3299.8992 3299.8992 3299.8992 3299.8992 3290.0298 2702.902 3282.7788 3299.8992 -3283.383 -3267.0684 -3250.7537 -3234.6404 -3218.7285 -3202.9175 -3187.3076 -3171.8994 -3156.491 -3141.2842 -3126.178 -3111.3738 -3096.5698 -3081.967 -3067.3645 -3053.366 -3038.6626 -2571.3774 198.29407 3136.6516 3299.8992 3299.8992 3299.8992 3299.8992 3299.8992 3299.8992 3299.8992 3299.8992 3299.8992 3299.8992 3299.8992 3299.8992 3299.8992 3299.8992 3299.8992 3299.8992 3288.6199 2115.9758 3284.6924 3299.8992 -3282.2754 -3265.7593 -3249.5452 -3233.5327 -3217.6208 -3201.8096 -3186.2 -3170.691 -3155.484 -3140.277 -3125.2715 -3110.3667 -3095.5627 -3080.96 -3066.458 -3051.654 -3037.9578 -2418.9055 276.7456 3131.7168 3299.8992 3299.8992 3299.8992 3299.8992 3299.8992 3299.8992 3299.8992 3299.8992 3299.8992 3299.8992 3299.8992 3299.8992 3299.8992 3299.8992 3299.8992 3299.8992 3289.224 1582.5256 3286.4043 3299.8992 -3279.959 -3263.4429 -3247.229 -3231.2163 -3215.4053 -3199.4934 -3183.8835 -3168.4753 -3153.1677 -3137.9607 -3122.9553 -3108.1511 -3093.3472 -3078.7444 -3064.3433 -3050.1433 -3035.6414 -2175.3936 599.11194 3299.8992 3299.8992 3299.8992 3299.8992 3299.8992 3299.8992 3299.8992 3299.8992 3299.8992 3299.8992 3299.8992 3299.8992 3299.8992 3299.8992 3299.8992 3299.8992 3299.8992 3287.3108 938.59863 3286.5051 3299.8992 -3279.8584 -3263.3423 -3247.1282 -3231.1157 -3215.2039 -3199.4934 -3183.8835 -3168.3745 -3153.067 -3137.9607 -3122.9553 -3108.0505 -3093.3472 -3078.6438 
-3123.9624 -3109.9639 -3096.469 -1792.9047 665.0757 2875.1128 3299.8992 3299.8992 3299.8992 3299.8992 3299.8992 3299.8992 3299.8992 3299.8992 3299.8992 3299.8992 3299.8992 3299.8992 3299.8992 3293.1519 3278.3477 3263.745 3248.4375 2666.1438 3240.985 3256.5947 3272.6074 3288.1165 3299.8992 -3281.4697 -3266.464 -3251.4587 -3236.6545 -3221.9512 -3207.3486 -3192.9473 -3178.6467 -3164.3462 -3150.247 -3136.2488 -3122.351 -3108.3525 -3094.9585 -1546.2708 899.3225 3081.967 3299.8992 3299.8992 3299.8992 3299.8992 3299.8992 3299.8992 3299.8992 3299.8992 3299.8992 3299.8992 3299.8992 3299.8992 3299.8992 3292.044 3277.1392 3262.1338 3247.229 2267.2393 3241.9922 3258.206 3273.6145 3289.1235 3299.8992 -3280.4626 -3265.457 -3250.4517 -3235.6475 -3220.944 -3206.4421 -3191.9402 -3177.539 -3163.44 -3149.4414 -3135.3423 -3121.4446 -3107.9497 -3093.9514 -1714.9567 812.81433 3098.6846 3299.8992 3299.8992 3299.8992 3299.8992 3299.8992 3299.8992 3299.8992 3299.8992 3299.8992 3299.8992 3299.8992 3299.8992 3299.8992 3293.9575 3279.0527 3263.8457 3249.0417 1550.9033 3246.4233 3262.5366 3278.0457 3293.3533 3299.8992 -3276.132 -3260.9253 -3246.222 -3231.3171 -3216.8152 -3202.2124 -3187.8113 -3173.41 -3159.3108 -3145.2117 -3131.2134 -3117.517 -3104.0222 -3089.7217 -1015.64026 1397.3236 3299.8992 3299.8992 3299.8992 3299.8992 3299.8992 3299.8992 3299.8992 3299.8992 3299.8992 3299.8992 3299.8992 3299.8992 3299.8992 3299.8992 3290.8354 3276.0315 3260.8245 3245.9197 1242.0319 3244.5098 3260.623 3276.0315 3291.4397 3299.8992 -3278.0457 -3263.04 -3248.0347 -3233.3313 -3218.628 -3204.126 -3189.624 -3175.424 -3161.2244 -3147.1252 -3133.2275 -3119.3298 -3105.835 -3058.6028 -860.0464 1661.1786 3299.8992 3299.8992 3299.8992 3299.8992 3299.8992 3299.8992 3299.8992 3299.8992 3299.8992 3299.8992 3299.8992 3299.8992 3299.8992 3299.8992 3286.4043 3271.6003 3256.4941 3241.69 273.0194 3243.2007 3259.314 3274.7222 3290.2312 3299.8992 -3279.3547 -3264.2485 -3249.3438 -3234.6404 -3219.937 -3205.3345 -3190.933 -3176.6326 -3162.4329 -3148.3337 -3134.436 
3148.4343 3134.0332 2655.9722 856.1188 -826.91345 -2145.6848 3247.1282 3151.9592 3167.3674 3182.8765 3198.4863 3213.693 3228.9001 3244.107 3259.2131 3274.2188 3289.0227 3299.8992 -3281.4697 -3266.867 -3252.4658 -3238.0645 -3223.5625 -2108.8257 3299.8992 3299.8992 3299.8992 3299.8992 3299.8992 3299.8992 3292.9504 3278.0457 3263.3423 3248.538 3233.6333 3218.628 3203.7231 3189.2212 3174.5178 3160.0159 3145.514 3131.2134 2795.755 939.3036 -875.6561 -2289.1936 3134.0332 3149.945 3165.3533 3180.7617 3196.2708 3211.5784 3226.886 3241.9922 3257.0984 3272.1038 3287.0085 3299.8992 -3283.5845 -3269.0825 -3254.3792 -3239.978 -3225.5767 -1764.4043 3299.8992 3299.8992 3299.8992 3299.8992 3299.8992 3299.8992 3289.5264 3274.6216 3259.8174 3245.0134 3230.0078 3215.2039 3200.5005 3185.8977 3171.1943 3156.7932 3142.3918 3125.8757 2468.6553 580.48096 -1103.7598 -2538.8489 3135.443 3151.657 3167.3674 3182.9773 3198.285 3213.794 3228.9001 3243.9055 3259.0117 3273.9165 3289.1235 3299.8992 -3281.5703 -3266.9678 -3252.4658 -3238.0645 -3224.0662 -1263.382 3299.8992 3299.8992 3299.8992 3299.8992 3299.8992 3299.8992 3288.6199 3273.816 3258.9111 3244.0063 3229.1016 3214.2974 3199.594 3184.8906 3170.288 3155.8867 3141.4856 3125.7751 2472.2808 532.84607 -1176.9745 -2562.5151 3136.2488 3152.0598 3167.4683 3182.9773 3198.3855 3213.693 3228.9001 3244.107 3259.1125 3274.118 3289.0227 3299.8992 -3281.5703 -3267.0684 -3252.4658 -3238.1653 -3223.764 -876.8646 3299.8992 3299.8992 3299.8992 3299.8992 3299.8992 3299.8992 3287.8142 3272.708 3257.904 3243.0999 3228.195 3213.391 3198.7883 3183.9844 3169.3816 3154.9805 3140.579 3122.8545 2160.9924 226.79443 -1496.9238 -2969.6777 3140.8813 3156.9946 3172.705 3188.3147 3203.6223 3219.0308 3234.2375 3249.2432 3264.3494 3279.2542 3294.058 -3291.1377 -3276.535 -3261.9324 -3247.4304 -3233.13 -3219.0308 -313.60474 3299.8992 3299.8992 3299.8992 3299.8992 3299.8992 3299.8992 3289.8284 3274.9236 3260.1196 3245.2148 3230.31 3215.5059 3200.8025 3186.099 3171.4966 3156.8938 
-2950.3418 -2936.9475 -2923.755 -2907.9436 -1689.3768 -157.91016 1213.7329 2605.5176 3299.8992 3299.8992 3299.8992 3299.8992 3299.8992 3299.8992 3299.8992 3299.8992 3299.8992 3299.8992 3299.8992 3299.8992 3299.8992 3299.8992 3299.8992 3299.8992 -1777.1942 -3163.8428 -3148.3337 -3133.1267 -3118.0205 -3103.1157 -3088.211 -3073.6084 -3059.0056 -3044.806 -3030.5054 -3016.4062 -3002.4077 -2988.51 -2974.6123 -2960.916 -2947.4211 -2933.9263 -2920.935 -2617.7031 -1285.9406 179.05884 1591.5894 2907.4402 3299.8992 3299.8992 3299.8992 3299.8992 3299.8992 3299.8992 3299.8992 3299.8992 3299.8992 3299.8992 3299.8992 3299.8992 3299.8992 3299.8992 3299.8992 3299.8992 -2284.6619 -3166.4612 -3150.9521 -3135.6445 -3120.639 -3105.6335 -3090.9302 -3076.2268 -3061.7249 -3047.3235 -3033.023 -3018.9238 -3004.8247 -2990.927 -2977.1301 -2963.5344 -2949.8381 -2936.3433 -2922.8484 -2551.7395 -957.83386 540.3992 1878.5065 3141.0828 3299.8992 3299.8992 3299.8992 3299.8992 3299.8992 3299.8992 3299.8992 3299.8992 3299.8992 3299.8992 3299.8992 3299.8992 3299.8992 3299.8992 3299.8992 3179.956 -2700.2837 -3171.7986 -3156.3904 -3141.1833 -3125.9766 -3110.971 -3096.2676 -3081.5642 -3067.0623 -3052.5603 -3038.3606 -3024.1606 -3010.1624 -2996.1638 -2982.367 -2968.5698 -2954.9744 -2941.4795 -2927.8838 -2577.118 -1424.1119 -17.22107 1402.359 2704.4128 3299.8992 3299.8992 3299.8992 3299.8992 3299.8992 3299.8992 3299.8992 3299.8992 3299.8992 3299.8992 3299.8992 3299.8992 3299.8992 3299.8992 3299.8992 3024.6643 -3062.5305 -3166.6626 -3151.1536 -3136.0474 -3120.9412 -3105.9355 -3091.2322 -3076.6296 -3062.0269 -3047.7263 -3033.3252 -3019.226 -3005.127 -2991.3298 -2977.4321 -2963.7358 -2950.241 -2936.6455 -2923.4526 -2536.9353 -1036.084 451.07117 1756.4484 3023.4558 3299.8992 3299.8992 3299.8992 3299.8992 3299.8992 3299.8992 3299.8992 3299.8992 3299.8992 3299.8992 3299.8992 3299.8992 3299.8992 3299.8992 3299.8992 2744.998 -3182.1716 -3166.3604 -3150.8513 -3135.6445 -3120.7397 -3105.7341 -3090.9302 -3076.2268 -3061.8254 -3047.4243 -3033.1238 -3019.0247 -3005.0261 -2991.0278 -2977.2307 -2963.5344 
3094.1528 3075.2197 2323.0315 795.7947 -534.3567 -1483.5297 -2265.5273 3273.715 3106.7412 3123.4587 3139.9749 3156.5918 3172.8057 3188.919 3205.0322 3221.045 3236.9568 3252.8687 3268.6797 3284.491 3299.8992 -3284.491 -3269.6868 -2120.3064 3299.8992 3299.8992 3299.8992 3292.3462 3277.0386 3261.026 3246.0205 3230.8135 3215.6067 3200.0977 3184.6892 3169.281 3153.8726 3138.6658 3123.5596 3108.6548 3093.75 3074.817 2315.0757 873.64197 -515.12146 -1588.4674 -2430.3862 3112.0789 3108.1511 3124.6672 3141.2842 3157.901 3174.2156 3190.4297 3206.3416 3222.354 3238.1653 3254.3792 3269.8882 3285.6995 3299.8992 -3283.383 -3268.3777 -1841.748 3299.8992 3299.8992 3299.8992 3291.5405 3276.3335 3260.4216 3245.4163 3230.0078 3214.9016 3199.3926 3183.9844 3168.576 3153.1677 3137.9607 3123.056 3107.9497 3092.9443 3019.8303 1909.1217 505.4535 -647.9553 -1589.7766 -2392.52 3102.713 3111.978 3128.595 3145.2117 3161.6272 3177.942 3194.1558 3210.1685 3226.181 3242.0928 3257.904 3273.6145 3289.325 3299.8992 -3279.7576 -3264.2485 -1449.8932 3299.8992 3299.8992 3299.8992 3292.749 3277.542 3261.6301 3246.524 3231.4177 3216.0095 3200.3997 3185.1929 3169.6838 3154.2754 3139.1692 3124.063 3109.0576 3094.052 3020.8374 1895.224 389.74 -811.4044 -1797.4365 -2602.295 3099.994 3116.6106 3133.3281 3149.8442 3166.2598 3182.5745 3198.6877 3214.801 3230.713 3246.524 3262.3352 3278.1462 3293.6553 -3290.8354 -3275.4272 -3259.8174 -1211.0138 3299.8992 3299.8992 3299.8992 3295.7703 3280.3618 3264.45 3249.3438 3234.137 3218.8293 3203.3203 3187.8113 3172.3022 3156.9946 3141.687 3126.6814 3111.7766 3096.7712 3072.4 1921.0052 373.3246 -895.7977 -1874.5789 -2678.7322 3103.72 3120.5383 3137.155 3153.8726 3170.1873 3186.502 3202.4138 3218.4265 3234.5398 3250.3508 3266.2627 3281.9731 3297.4822 -3287.21 -3271.6003 -3256.897 -761.9568 3299.8992 3299.8992 3299.8992 3296.6765 3281.369 3265.457 3250.3508 3235.0432 3219.635 3204.2266 3188.7175 3173.2085 3157.901 3142.694 3127.487 3112.683 
-2017.8864 -1788.5742 -1609.1125 -1175.4639 -720.6665 -449.25842 -263.9557 -102.11792 189.53247 950.885 2390.0024 3299.8992 3299.8992 3299.8992 3299.8992 3299.8992 3299.8992 3299.8992 3299.8992 3299.8992 3299.8992 3299.8992 3299.8992 2314.4714 -76.33667 -1625.528 -2841.6777 -3110.971 -3096.167 -3081.5642 -3067.0623 -3052.6611 -3038.3606 -3024.362 -3010.3638 -2996.466 -2982.8704 -2813.1775 -2375.1982 -1976.294 -1875.7874 -1760.376 -1608.1055 -1283.6243 -852.09045 -396.68884 -94.16199 83.99048 300.81482 1137.1948 2568.8599 3208.3557 3299.8992 3299.8992 3299.8992 3299.8992 3299.8992 3299.8992 3299.8992 3299.8992 3299.8992 3299.8992 3299.8992 2081.2317 -105.944824 -1553.8239 -2783.267 -3107.3455 -3092.5415 -3077.9387 -3063.4368 -3048.9348 -3034.735 -3020.7366 -3006.7383 -2993.042 -2979.3457 -2965.448 -2686.084 -2338.339 -2030.5756 -1619.284 -1368.924 -964.98413 -573.7335 -319.94934 -77.84729 92.85278 371.0083 1334.1797 2622.638 3280.1604 3299.8992 3299.8992 3299.8992 3299.8992 3299.8992 3299.8992 3299.8992 3299.8992 3299.8992 3299.8992 3299.8992 1926.7456 -280.97534 -1854.9408 -3114.7979 -3101.8066 -3087.0024 -3072.299 -3057.9985 -3043.698 -3029.4983 -3015.4998 -3001.5015 -2987.8052 -2974.109 -2926.9775 -2555.7678 -2125.0396 -1850.5096 -1502.6642 -1023.4955 -684.2102 -301.51978 -68.984985 175.73547 287.9242 451.07117 1327.1301 2687.393 3206.3416 3299.8992 3299.8992 3299.8992 3299.8992 3299.8992 3299.8992 3299.8992 3299.8992 3299.8992 3299.8992 3299.8992 2031.1798 -103.829956 -1646.0724 -2976.123 -3109.8633 -3095.16 -3080.4565 -3066.0552 -3051.7546 -3037.555 -3023.5564 -3009.4573 -2995.6604 -2981.8633 -2899.9878 -2500.3784 -2142.2607 -1719.7906 -1332.6691 -979.3854 -501.9287 -253.38135 -71.502686 10.574341 181.47583 404.24194 1295.0043 2638.3484 3299.8992 3299.8992 3299.8992 3299.8992 3299.8992 3299.8992 3299.8992 3299.8992 3299.8992 3299.8992 3299.8992 3299.8992 1607.8033 -500.21667 -2045.7825 -3127.185 -3112.0789 -3097.2747 -3082.672 -3068.0693 -3053.8696 -3039.6697 -3025.5706 -3011.7737 -2997.9766 -2984.1797 -2745.401 -2252.8381 -1939.7369 

16.516113 4.3304443 -25.78125 -28.399658 -0.50354004 38.36975 60.424805 74.42322 80.4657 76.7395 43.40515 9.869385 -12.387085 -47.332764 -54.483032 -56.396484 -65.460205 -52.670288 -41.693115 -32.32727 -17.825317 -10.272217 -8.963013 -7.0495605 -5.0354004 -1.7120361 6.3446045 17.825317 20.846558 22.055054 23.464966 17.623901 19.436646 13.494873 -8.459473 -43.103027 -59.518433 -54.281616 -43.203735 -20.443726 2.9205322 8.459473 15.609741 50.958252 60.72693 44.815063 26.586914 0.20141602 -34.44214 -52.166748 -48.239136 -24.472046 -19.436646 -24.472046 -16.818237 -5.9417725 -6.8481445 -19.134521 -9.365845 13.796997 23.26355 31.622314 59.21631 58.813477 57.70569 40.786743 29.708862 22.659302 15.710449 20.343018 4.1290283 -18.832397 -14.199829 23.162842 12.991333 1.8127441 -28.80249 -44.41223 -44.714355 -45.117188 -38.269043 -43.103027 -51.763916 -38.571167 -43.50586 -36.053467 -11.380005 8.761597 16.918945 20.24231 21.047974 25.479126 14.199829 22.357178 18.429565 2.4169922 0.30212402 -13.092041 -8.761597 -8.761597 -0.9063721 4.8339844 15.005493 1.5106201 4.5318604 4.2297363 -7.8552246 2.7191162 -5.4382324 -12.789917 -32.528687 -47.43347 -57.504272 -44.41223 -35.247803 -28.601074 -13.595581 11.682129 31.118774 59.21631 91.744995 94.86694 86.206055 94.766235 110.980225 104.937744 75.32959 29.406738 -28.198242 -61.23047 -73.516846 -80.26428 -48.03772 -21.24939 -37.86621 -40.283203 -24.975586 -19.23523 -13.696289 -4.6325684 -0.9063721 13.494873 59.1156 105.441284 112.994385 69.58923 -5.4382324 -59.518433 -67.27295 -78.35083 -98.89526 -114.10217 -92.34924 -80.86853 -62.74109 -49.95117 -27.090454 -1.0070801 17.623901 36.254883 37.060547 41.99524 86.40747 110.476685 97.68677 49.0448 -0.9063721 -24.169922 -44.613647 -70.3949 -65.963745 -56.497192 -38.671875 
15.911865 1.6113281 -8.862305 8.459473 19.335938 39.98108 30.81665 25.076294 14.602661 4.4311523 -6.0424805 -3.6254883 3.3233643 -6.3446045 -18.73169 -59.921265 -41.088867 -51.461792 -55.288696 -55.389404 -45.620728 -32.42798 -15.509033 -16.616821 -14.904785 0.20141602 -14.501953 -5.6396484 -10.977173 -5.8410645 -2.9205322 7.4523926 40.98816 53.274536 61.73401 67.977905 76.034546 89.52942 108.966064 136.45935 134.5459 111.987305 93.85986 74.42322 29.205322 -2.7191162 -31.118774 -47.03064 -70.29419 -95.06836 -110.07385 -102.21863 -92.248535 -110.07385 -88.11951 -76.135254 -55.69153 -53.67737 -48.54126 -24.77417 -11.782837 10.272217 22.659302 18.630981 17.926025 9.164429 3.1219482 7.4523926 17.019653 23.062134 8.358765 0.30212402 -26.486206 -40.081787 -65.963745 -69.992065 -56.69861 -26.586914 -14.804077 -5.1361084 4.6325684 3.7261963 2.6184082 3.3233643 -5.1361084 -21.24939 -27.090454 -18.328857 -10.775757 -8.157349 -2.4169922 16.616821 14.904785 -20.141602 18.026733 28.198242 38.974 44.815063 50.756836 41.39099 33.737183 42.49878 48.641968 28.500366 16.314697 2.8198242 -12.185669 2.7191162 7.1502686 27.694702 23.565674 22.357178 11.279297 -5.2368164 -18.73169 -26.989746 -26.989746 -10.070801 2.8198242 12.789917 14.099121 36.758423 49.0448 71.20056 73.41614 78.149414 81.87561 86.709595 68.984985 55.08728 35.046387 26.083374 25.076294 42.599487 23.464966 6.3446045 39.074707 64.75525 55.892944 35.147095 8.157349 -0.80566406 -26.989746 -69.28711 -82.78198 -96.780396 -129.91333 -149.45068 -164.95972 -143.3075 -126.28784 -113.1958 -99.298096 -64.05029 -41.89453 -30.917358 -23.464966 -14.804077 -1.1077881 9.970093 30.413818 43.40515 64.65454 61.73401 64.151 54.785156 35.85205 36.85913 43.707275 41.693115 36.758423 58.511353 80.76782 
-3263.745 -3247.531 -3231.4177 -3215.6067 -3199.8962 -3184.2864 -3168.8782 -3153.5706 -3138.3635 -3123.3582 -3108.4534 -3093.6492 -3079.1472 -3064.6453 -3049.942 -3036.0442 -1738.7238 1087.8479 3299.8992 3299.8992 3299.8992 3299.8992 3299.8992 3299.8992 3299.8992 3299.8992 3299.8992 3299.8992 3299.8992 3299.8992 3299.8992 3299.8992 3299.8992 3299.8992 3298.7915 3282.5774 -651.7822 3286.1023 3299.8992 -3280.2612 -3263.8457 -3247.6318 -3231.6191 -3215.7073 -3199.9968 -3184.4878 -3168.9788 -3153.6711 -3138.4644 -3123.5596 -3108.6548 -3093.8506 -3079.248 -3064.746 -3050.647 -3036.0442 -1790.5884 1077.5757 3299.8992 3299.8992 3299.8992 3299.8992 3299.8992 3299.8992 3299.8992 3299.8992 3299.8992 3299.8992 3299.8992 3299.8992 3299.8992 3299.8992 3299.8992 3299.8992 3298.3887 3282.376 -1435.6934 3287.915 3299.8992 -3278.4485 -3262.1338 -3245.9197 -3229.8064 -3213.9954 -3198.3855 -3182.776 -3167.2668 -3151.9592 -3136.853 -3121.7468 -3107.0435 -3092.2393 -3077.6367 -3063.1348 -3049.1362 -3035.037 -1424.0112 1460.3668 3299.8992 3299.8992 3299.8992 3299.8992 3299.8992 3299.8992 3299.8992 3299.8992 3299.8992 3299.8992 3299.8992 3299.8992 3299.8992 3299.8992 3299.8992 3299.8992 3296.173 3279.8584 -2494.7388 3287.915 3299.8992 -3278.4485 -3262.1338 -3245.9197 -3229.8064 -3213.9954 -3198.285 -3182.776 -3167.166 -3151.9592 -3136.853 -3121.8474 -3107.0435 -3092.2393 -3077.6367 -3063.1348 -3049.1362 -3034.5337 -1435.0891 1420.285 3299.8992 3299.8992 3299.8992 3299.8992 3299.8992 3299.8992 3299.8992 3299.8992 3299.8992 3299.8992 3299.8992 3299.8992 3299.8992 3299.8992 3299.8992 3299.8992 3296.2737 3280.0598 3277.6428 3290.1306 -3293.051 -3276.4343 -3260.0188 -3243.805 -3227.7922 -3211.9812 -3196.2708 -3180.7617 -3165.2527 -3150.0457 -3134.9395 -3119.8333 -3105.13 -3090.4265 -3075.7231 
3289.1235 3299.8992 -3280.3618 -3265.3564 -3250.4517 -3235.5469 -3220.8435 -3206.3416 -3192.041 -3177.6396 -3163.44 -3149.3408 -3135.3423 -3121.646 -3108.0505 -2997.7751 -641.3086 1742.3492 3299.8992 3299.8992 3299.8992 3299.8992 3299.8992 3299.8992 3299.8992 3299.8992 3299.8992 3299.8992 3299.8992 3299.8992 3299.8992 3297.583 3282.7788 3267.7734 3252.6672 3237.7625 -1298.529 3243.805 3259.314 3275.2258 3290.634 3299.8992 -3278.952 -3263.8457 -3249.0417 -3234.2375 -3219.635 -3205.0322 -3190.631 -3176.3306 -3162.1306 -3148.1323 -3134.1338 -3120.236 -3106.2378 -2814.5874 -243.81409 2201.5776 3299.8992 3299.8992 3299.8992 3299.8992 3299.8992 3299.8992 3299.8992 3299.8992 3299.8992 3299.8992 3299.8992 3299.8992 3299.8992 3294.461 3279.5562 3264.6514 3250.1494 3234.7412 -1499.4415 3241.388 3256.897 3272.8088 3288.3179 3299.8992 -3281.369 -3266.3635 -3251.4587 -3236.6545 -3221.9512 -3207.3486 -3192.9473 -3178.6467 -3164.447 -3150.4485 -3136.3494 -3122.4517 -3108.554 -2990.7256 -768.80493 1680.4138 3299.8992 3299.8992 3299.8992 3299.8992 3299.8992 3299.8992 3299.8992 3299.8992 3299.8992 3299.8992 3299.8992 3299.8992 3299.8992 3297.6836 3282.7788 3267.874 3253.2715 3237.7625 -2417.7979 3246.8262 3262.3352 3278.247 3293.6553 3299.8992 -3276.0315 -3261.026 -3246.121 -3231.3171 -3216.6138 -3202.2124 -3187.8113 -3173.6113 -3159.3108 -3145.2117 -3131.314 -3117.517 -3103.5186 -2651.6418 -108.966064 2232.3943 3299.8992 3299.8992 3299.8992 3299.8992 3299.8992 3299.8992 3299.8992 3299.8992 3299.8992 3299.8992 3299.8992 3299.8992 3299.8992 3295.7703 3280.8655 3265.9607 3251.358 3235.7483 -3025.5706 3246.3225 3261.8315 3277.6428 3293.051 3299.8992 -3276.535 -3261.5295 -3246.6248 -3231.8206 -3217.218 -3202.716 -3188.3147 -3174.115 -3159.915 -3145.7153 -3131.8176 
3299.8992 3299.8992 3299.8992 3288.0156 3273.1108 3258.307 3243.402 3228.598 3213.794 3198.9897 3184.2864 3169.6838 3155.182 3140.8813 3123.2573 2145.1812 88.92517 -1589.7766 -2919.5251 3142.3918 3158.4045 3174.3164 3189.624 3205.133 3220.3398 3235.6475 3250.7537 3265.7593 3280.664 3295.5688 -3289.7278 -3275.125 -3260.623 -3246.121 -3231.8206 -3217.8223 377.65503 3299.8992 3299.8992 3299.8992 3299.8992 3299.8992 3299.8992 3288.0156 3273.1108 3258.307 3243.402 3228.598 3213.693 3198.9897 3184.2864 3169.7844 3155.2825 3141.1833 3122.1497 1923.2208 -87.91809 -1786.9629 -3090.1245 3146.2188 3161.9292 3177.3376 3192.8467 3208.1543 3223.462 3238.7695 3253.6743 3268.7805 3283.6853 3298.4893 -3286.8071 -3272.2046 -3257.6018 -3243.2007 -3228.9001 -3214.5996 971.42944 3299.8992 3299.8992 3299.8992 3299.8992 3299.8992 3299.8992 3289.1235 3274.2188 3259.4146 3244.5098 3229.605 3214.801 3200.0977 3185.2935 3170.691 3156.3904 3141.7876 3123.9624 2036.5173 5.5389404 -1573.764 -2886.6943 3144.104 3160.2173 3175.9277 3191.5374 3206.845 3222.1526 3237.3596 3252.4658 3267.4712 3282.4768 3297.2808 -3288.1165 -3273.5137 -3258.9111 -3244.4092 -3230.1086 -3216.11 1381.9153 3299.8992 3299.8992 3299.8992 3299.8992 3299.8992 3299.8992 3286.3037 3271.399 3256.5947 3241.69 3226.7852 3212.0818 3197.2778 3182.5745 3168.0725 3153.5706 3139.1692 3090.7288 1535.1929 -431.3324 -1935.4065 -3203.5217 3149.1394 3164.8499 3180.0566 3195.465 3210.8733 3226.181 3241.287 3256.4941 3271.399 3286.3037 3299.8992 -3284.1887 -3269.5862 -3255.0842 -3240.3809 -3226.3823 -3211.9812 1820.2972 3299.8992 3299.8992 3299.8992 3299.8992 3299.8992 3299.8992 3288.4185 3273.5137 3258.609 3243.805 3228.6987 3213.9954 3199.292 3184.5886 3170.0867 3155.484 
-3133.1267 -3118.0205 -3103.1157 -3088.4124 -3073.8098 -3059.3079 -3044.9065 -3030.606 -3016.5068 -3002.5085 -2988.7114 -2974.8137 -2961.2183 -2947.6226 -2934.1277 -2920.6328 -2437.5366 -1004.6631 495.88623 1752.2186 2935.739 3299.8992 3299.8992 3299.8992 3299.8992 3299.8992 3299.8992 3299.8992 3299.8992 3299.8992 3299.8992 3299.8992 3299.8992 3299.8992 3299.8992 3299.8992 2171.2646 -3176.532 -3160.8215 -3145.413 -3130.2063 -3115.1 -3100.1953 -3085.492 -3070.8892 -3056.5886 -3042.0867 -3027.887 -3013.7878 -2999.7893 -2985.8916 -2972.0947 -2958.3984 -2944.9036 -2931.5093 -2917.9138 -2156.7627 -753.79944 693.57605 1984.6527 3146.1182 3299.8992 3299.8992 3299.8992 3299.8992 3299.8992 3299.8992 3299.8992 3299.8992 3299.8992 3299.8992 3299.8992 3299.8992 3299.8992 3299.8992 3299.8992 1907.5104 -3177.942 -3162.1306 -3146.7224 -3131.5154 -3116.6106 -3101.5044 -3086.801 -3072.299 -3057.6965 -3043.396 -3029.196 -3014.9963 -3001.0986 -2987.201 -2973.4038 -2959.8083 -2946.2126 -2932.8186 -2919.7266 -2251.9316 -853.50037 549.3622 1859.372 3088.211 3299.8992 3299.8992 3299.8992 3299.8992 3299.8992 3299.8992 3299.8992 3299.8992 3299.8992 3299.8992 3299.8992 3299.8992 3299.8992 3299.8992 3299.8992 1330.4535 -3173.6113 -3158.0017 -3142.4927 -3127.3865 -3112.3809 -3097.476 -3082.8735 -3068.2708 -3053.6682 -3039.4683 -3025.2686 -3011.0686 -2997.171 -2983.374 -2969.577 -2955.9814 -2942.3857 -2928.9917 -2916.0002 -1757.6569 -254.0863 1119.0674 2352.4382 3299.8992 3299.8992 3299.8992 3299.8992 3299.8992 3299.8992 3299.8992 3299.8992 3299.8992 3299.8992 3299.8992 3299.8992 3299.8992 3299.8992 3299.8992 3299.8992 970.7245 -3178.7476 -3163.037 -3147.7295 -3132.7239 -3117.517 -3102.6123 -3087.909 -3073.3062 -3058.905 -3044.6045 -3030.2031 -3016.104 -3002.1057 -2988.208 -2974.411 -2960.8154 
3294.3604 3279.0527 3263.04 3248.0347 3232.6262 3217.3186 3201.9104 3186.502 3170.993 3155.5847 3140.277 3125.3723 3110.3667 3095.3613 3053.4668 1901.6693 357.61414 -780.28564 -1743.6584 -2538.2446 3105.7341 3117.4163 3133.9324 3150.4485 3166.864 3183.2793 3199.292 3215.4053 3231.3171 3247.1282 3263.2415 3278.7505 3294.2595 -3290.1306 -3274.7222 -3259.8174 -224.57886 3299.8992 3299.8992 3299.8992 3291.1377 3275.83 3259.8174 3244.7112 3229.5044 3214.096 3198.7883 3183.1787 3167.7703 3152.4626 3137.2559 3122.2502 3107.2449 3092.0378 2971.0876 1739.9323 200.50964 -950.885 -1851.6174 -2665.1367 3101.303 3118.0205 3134.738 3151.2542 3167.7703 3183.9844 3200.0977 3216.11 3232.1228 3248.0347 3263.8457 3279.5562 3295.166 -3289.4255 -3274.118 -3258.609 398.40088 3299.8992 3299.8992 3299.8992 3288.6199 3273.3123 3257.2998 3242.395 3226.9866 3211.7798 3196.17 3180.7617 3165.454 3150.0457 3134.8389 3119.8333 3104.9285 3086.801 2840.6707 1546.2708 110.87952 -1037.9974 -1933.1909 -2788.202 3102.5115 3119.3298 3136.0474 3152.5635 3168.9788 3185.1929 3201.3062 3217.3186 3233.2305 3249.1423 3264.9536 3280.664 3296.173 -3288.3179 -3272.9094 -3257.2998 634.8633 3299.8992 3299.8992 3299.8992 3288.217 3272.9094 3256.9976 3241.8914 3226.7852 3211.377 3195.9685 3180.359 3164.9504 3149.6428 3134.5366 3119.4304 3104.727 3088.211 2904.5195 1551.5076 78.95508 -949.2737 -1940.9454 -2827.2766 3102.1086 3118.7256 3135.3423 3151.7578 3168.274 3184.4878 3200.601 3216.7144 3232.727 3248.538 3264.3494 3279.8584 3295.5688 -3288.922 -3273.6145 -3258.0046 980.5939 3299.8992 3299.8992 3299.8992 3285.901 3270.4924 3254.6814 3239.5752 3224.469 3209.0605 3193.5515 3178.1433 3162.8357 3147.4272 3132.2205 3117.2148 3102.31 
-3115.7043 -3101.1016 -3086.2976 -3071.8962 -3057.495 -3043.2952 -3029.2969 -3015.3992 -3001.5015 -2987.6038 -2762.622 -2353.4453 -1993.6157 -1740.4358 -1509.613 -1165.6952 -822.7844 -421.96655 -137.0636 73.91968 258.11462 560.44006 1589.6759 2818.9177 3299.8992 3299.8992 3299.8992 3299.8992 3299.8992 3299.8992 3299.8992 3299.8992 3299.8992 3299.8992 3299.8992 3299.8992 1393.4967 -632.9498 -2048.3 -3132.019 -3116.9128 -3102.1086 -3087.808 -3073.1047 -3058.7036 -3044.6045 -3030.5054 -3016.5068 -3002.6091 -2988.8123 -2894.9524 -2497.2563 -2135.1104 -1780.4169 -1468.927 -1147.0642 -827.01416 -477.25525 -228.8086 -68.984985 137.0636 696.4966 1799.9542 2990.1213 3299.8992 3299.8992 3299.8992 3299.8992 3299.8992 3299.8992 3299.8992 3299.8992 3299.8992 3299.8992 3299.8992 3299.8992 1279.6967 -769.6106 -2202.887 -3130.307 -3115.1 -3100.296 -3085.794 -3071.292 -3057.0923 -3042.7917 -3028.6926 -3014.795 -3000.9978 -2987.201 -2811.5662 -2434.0117 -2109.43 -1759.7717 -1276.9775 -940.4114 -568.89954 -419.54956 -214.60876 104.937744 355.9021 772.83325 1880.5206 3085.089 3299.8992 3299.8992 3299.8992 3299.8992 3299.8992 3299.8992 3299.8992 3299.8992 3299.8992 3299.8992 3299.8992 3298.1873 1187.851 -750.8789 -2183.551 -3134.9395 -3119.934 -3104.9285 -3090.4265 -3075.9246 -3061.624 -3047.3235 -3033.4258 -3019.4275 -3005.5298 -2991.7327 -2881.256 -2489.7034 -2069.4487 -1786.7615 -1548.4863 -1298.3276 -887.7411 -548.5565 -308.46863 44.714355 260.63232 595.8893 1790.8905 2901.599 3299.8992 3299.8992 3299.8992 3299.8992 3299.8992 3299.8992 3299.8992 3299.8992 3299.8992 3299.8992 3299.8992 3110.568 941.41846 -972.53723 -2388.2903 -3126.6814 -3111.676 -3096.9727 -3082.3699 -3067.868 -3053.6682 -3039.569 -3025.47 -3011.4714 -2997.6746 -2983.8774 -2842.7856 -2395.3398 -2023.2239 

-20.343018 9.768677 1.5106201 -5.9417725 1.1077881 14.300537 22.860718 36.85913 52.468872 58.410645 39.678955 19.134521 17.22107 3.9276123 -13.092041 -17.623901 -22.357178 -17.422485 -10.977173 -11.581421 -17.825317 -19.033813 -48.742676 -58.71277 -66.87012 -81.37207 -73.21472 -47.332764 -11.380005 29.608154 67.07153 46.92993 23.76709 0.20141602 -3.8269043 -1.0070801 -15.307617 -16.71753 -15.408325 7.4523926 51.663208 73.91968 75.93384 68.78357 76.33667 67.17224 53.878784 26.78833 -3.5247803 -45.217896 -82.177734 -63.546753 -35.34851 -20.443726 -4.6325684 -1.2084961 8.459473 1.2084961 -1.9134521 -3.3233643 -28.097534 -12.487793 -30.917358 -23.76709 -6.1431885 -12.487793 -6.8481445 -6.4453125 -20.846558 -33.33435 -15.609741 8.459473 0 14.401245 23.76709 9.567261 -1.0070801 -0.20141602 9.970093 35.046387 53.878784 72.10693 86.30676 89.02588 98.89526 96.47827 99.3988 67.57507 16.314697 -33.636475 -77.142334 -81.7749 -83.78906 -60.827637 -36.154175 -17.72461 15.206909 23.565674 43.606567 65.66162 65.66162 65.66162 65.66162 65.66162 65.66162 65.66162 65.66162 65.66162 65.66162 65.66162 65.66162 65.66162 65.66162 65.66162 65.66162 65.66162 65.66162 65.66162 65.66162 65.66162 -30.111694 -24.472046 -11.682129 0.10070801 -40.88745 -39.276123 -42.095947 -40.182495 -33.535767 -25.479126 -24.169922 -17.926025 18.73169 44.210815 51.864624 22.155762 -4.3304443 -15.106201 -0.20141602 0.50354004 11.279297 -4.0283203 -21.853638 -20.74585 2.6184082 19.23523 15.307617 16.113281 4.3304443 3.8269043 -3.3233643 -9.869385 20.74585 19.73877 10.675049 6.7474365 16.818237 10.574341 1.1077881 -20.74585 -38.671875 -44.51294 -42.196655 -28.701782 -22.457886 -27.392578 -27.493286 -18.73169 -5.6396484 -1.4099121 0.30212402 15.408325 22.357178 20.544434 26.28479 12.387085 21.954346 14.602661 10.372925 -9.567261 -29.80957 -23.76709 -32.629395 -9.365845 13.494873 21.148682 15.509033 6.6467285 -1.9134521 27.29187 55.792236 45.318604 4.7332764 -25.479126 -52.972412 -57.403564 -66.87012 -65.3595 -60.021973 -67.37366 -53.475952 1.2084961 68.07861 106.24695 128.70483 137.46643 126.18713 90.83862 28.601074 -20.141602 -42.196655 -37.060547 -9.365845 1.7120361 -8.660889 -21.853638 -14.199829 -14.804077 -6.0424805 -9.265137 
50.756836 54.986572 46.124268 42.700195 25.479126 2.2155762 -22.76001 -23.162842 -22.357178 -29.80957 -60.72693 -83.78906 -93.15491 -100.00305 -85.29968 -70.495605 -50.857544 -51.159668 -30.81665 -21.853638 -9.265137 7.5531006 13.192749 2.2155762 4.8339844 15.307617 31.32019 60.324097 83.99048 95.47119 104.333496 84.39331 68.984985 54.0802 51.864624 48.44055 11.984253 -2.5177002 -2.3162842 5.8410645 15.911865 -0.30212402 -48.843384 -53.57666 -53.878784 -31.924438 -23.867798 -31.118774 -24.673462 -21.450806 -27.593994 -45.620728 -41.793823 -77.948 -94.3634 -98.99597 -86.709595 -70.3949 -44.613647 -29.507446 -48.339844 -1.2084961 -2.6184082 -4.4311523 -14.300537 -28.399658 -32.93152 -27.090454 -21.652222 -11.984253 -1.4099121 15.710449 -6.0424805 -11.077881 -2.7191162 10.171509 27.593994 28.903198 32.125854 19.839478 12.387085 9.768677 14.602661 14.904785 13.796997 22.961426 23.565674 34.240723 37.86621 37.664795 25.076294 21.350098 29.30603 37.161255 64.151 65.86304 114.80713 141.69617 164.7583 163.85193 181.77795 187.82043 196.07849 202.82593 208.56628 181.87866 124.77722 68.38074 4.9346924 -53.878784 -87.51526 -93.45703 -101.312256 -129.5105 -169.7937 -179.66309 -171.80786 -166.47034 -166.36963 -144.7174 -105.84412 -80.26428 -61.6333 -57.302856 -59.417725 -69.28711 -77.84729 -108.1604 -124.575806 -122.66235 -108.966064 -76.638794 -49.749756 -30.917358 -6.6467285 -28.198242 -38.974 -40.786743 -28.500366 -15.005493 -1.3092041 -5.1361084 -12.487793 -12.890625 -7.2509766 -9.164429 -7.0495605 -1.2084961 -2.6184082 7.3516846 19.73877 23.062134 45.217896 37.46338 32.125854 25.982666 13.494873 10.070801 15.408325 16.314697 21.450806 19.033813 23.464966 17.523193 4.7332764 10.876465 16.918945 23.76709 28.701782 28.701782 28.097534 27.29187 17.120361 4.4311523 0 -1.5106201 -1.6113281 0.60424805 4.3304443 -11.883545 -5.3375244 -3.5247803 -4.5318604 11.782837 29.30603 29.910278 41.99524 66.26587 97.18323 158.71582 210.98328 252.07214 265.3656 280.67322 274.2279 258.21533 214.40735 190.23743 159.42078 98.794556 44.613647 15.408325 0 -53.878784 -91.8457 -109.16748 -131.12183 -171.20361 -192.65442 -210.27832 -228.8086 -246.93604 -228.8086 -191.1438 -144.21387 -137.76855 -102.72217 -95.773315 -88.220215 -104.333496 
-3061.322 -3047.223 -3033.2244 -1234.378 1619.989 3299.8992 3299.8992 3299.8992 3299.8992 3299.8992 3299.8992 3299.8992 3299.8992 3299.8992 3299.8992 3299.8992 3299.8992 3299.8992 3299.8992 3299.8992 3299.8992 3296.0723 3279.0527 3274.823 3292.044 -3291.4397 -3275.125 -3258.8103 -3242.697 -3226.6846 -3210.7727 -3195.0623 -3179.5532 -3164.2456 -3148.938 -3133.731 -3118.8262 -3103.9214 -3089.218 -3074.716 -3060.315 -3045.5107 -3031.311 -894.68994 2084.7563 3299.8992 3299.8992 3299.8992 3299.8992 3299.8992 3299.8992 3299.8992 3299.8992 3299.8992 3299.8992 3299.8992 3299.8992 3299.8992 3299.8992 3299.8992 3299.8992 3293.051 3276.7363 3274.118 3291.1377 -3291.8425 -3275.3264 -3258.9111 -3242.8984 -3226.7852 -3210.974 -3195.2637 -3179.7546 -3164.3462 -3149.1394 -3134.0332 -3119.0276 -3104.2236 -3089.4194 -3074.817 -3060.4155 -3046.4172 -3031.613 -823.6908 2102.481 3299.8992 3299.8992 3299.8992 3299.8992 3299.8992 3299.8992 3299.8992 3299.8992 3299.8992 3299.8992 3299.8992 3299.8992 3299.8992 3299.8992 3299.8992 3299.8992 3292.1448 3275.2258 3275.5278 3292.4468 -3290.9363 -3274.6216 -3258.307 -3242.0928 -3226.181 -3210.3699 -3194.5586 -3179.1504 -3163.742 -3148.3337 -3133.3281 -3118.3228 -3103.5186 -3088.8152 -3074.3132 -3059.7107 -3045.2087 -2974.9146 -757.72705 2103.5889 3299.8992 3299.8992 3299.8992 3299.8992 3299.8992 3299.8992 3299.8992 3299.8992 3299.8992 3299.8992 3299.8992 3299.8992 3299.8992 3299.8992 3299.8992 3299.8992 3292.6482 3275.125 3278.0457 3295.0652 -3288.4185 -3272.0032 -3255.6885 -3239.6758 -3223.5625 -3207.953 -3192.1416 -3176.6326 -3161.2244 -3146.1182 -3131.012 -3116.1072 -3101.303 -3086.5996 -3071.997 -3057.5957 -3042.9932 -2913.1804 -337.67395 2523.239 3299.8992 3299.8992 3299.8992 3299.8992 3299.8992 3299.8992 3299.8992 3299.8992 3299.8992 3299.8992 3299.8992 3299.8992 3299.8992 3299.8992 3299.8992 3299.8992 3290.634 3269.284 3278.1462 3295.0652 -3288.1165 -3271.4995 -3255.1848 -3238.971 -3223.1597 -3207.2478 -3191.6382 -3176.0283 -3160.7207 -3145.413 -3130.307 -3115.402 -3100.6987 -3085.9954 -3071.4934 -3056.9915 -3042.8923 -2726.77 -235.1532 2607.431 3299.8992 3299.8992 3299.8992 3299.8992 3299.8992 3299.8992 3299.8992 3299.8992 3299.8992 3299.8992 3299.8992 3299.8992 3299.8992 3299.8992 3299.8992 
-3117.92 -3104.0222 -2915.6982 -663.7665 1793.9117 3299.8992 3299.8992 3299.8992 3299.8992 3299.8992 3299.8992 3299.8992 3299.8992 3299.8992 3299.8992 3299.8992 3299.8992 3299.8992 3299.8992 3285.6995 3270.6938 3256.0913 3240.3809 3237.7625 3253.6743 3269.7876 3285.0952 3299.8992 -3284.2896 -3269.1833 -3254.1777 -3239.3738 -3224.6704 -3209.967 -3195.6665 -3181.2651 -3166.9646 -3152.8655 -3138.8672 -3124.9695 -3111.1724 -3097.7783 -2371.17 283.59375 2794.7478 3299.8992 3299.8992 3299.8992 3299.8992 3299.8992 3299.8992 3299.8992 3299.8992 3299.8992 3299.8992 3299.8992 3299.8992 3299.8992 3296.576 3281.6711 3266.867 3251.6602 3236.3525 3235.2446 3251.358 3267.2698 3282.5774 3297.9858 -3286.7065 -3271.701 -3256.6956 -3241.7908 -3227.188 -3212.4846 -3198.0835 -3183.783 -3169.4824 -3155.182 -3141.2842 -3127.2856 -3113.5894 -3100.0945 -2259.6863 324.07837 2545.2942 3299.8992 3299.8992 3299.8992 3299.8992 3299.8992 3299.8992 3299.8992 3299.8992 3299.8992 3299.8992 3299.8992 3299.8992 3299.8992 3294.7632 3279.8584 3264.9536 3249.8474 3234.2375 3235.0432 3251.1565 3266.9678 3282.4768 3297.6836 -3287.0085 -3271.8018 -3256.897 -3242.0928 -3227.3894 -3212.7869 -3198.285 -3183.9844 -3169.6838 -3155.5847 -3141.4856 -3127.588 -3113.7908 -3100.296 -2426.6602 199.09973 2430.487 3299.8992 3299.8992 3299.8992 3299.8992 3299.8992 3299.8992 3299.8992 3299.8992 3299.8992 3299.8992 3299.8992 3299.8992 3299.8992 3296.0723 3281.1675 3266.3635 3251.2573 3229.7058 3238.7695 3254.782 3270.6938 3286.1023 3299.8992 -3283.383 -3268.2769 -3253.2715 -3238.4673 -3223.764 -3209.262 -3194.8608 -3180.4595 -3166.159 -3152.0598 -3138.0615 -3124.1638 -3110.3667 -3096.9727 -1857.3578 869.81506 3160.5193 3299.8992 3299.8992 3299.8992 3299.8992 3299.8992 3299.8992 3299.8992 3299.8992 3299.8992 3299.8992 3299.8992 3299.8992 3299.8992 3291.641 3276.8372 3262.033 3246.9268 3107.3455 3236.6545 3252.6672 3268.4783 3283.8867 3299.1943 -3285.498 -3270.4924 -3255.5876 -3240.6829 -3225.9795 -3211.377 -3196.9756 -3182.5745 -3168.274 -3154.1748 -3140.1763 -3126.178 -3112.4817 -3099.0874 -2218.4966 190.94238 2474.7986 3299.8992 3299.8992 3299.8992 3299.8992 3299.8992 3299.8992 3299.8992 3299.8992 3299.8992 3299.8992 3299.8992 3299.8992 3299.8992 3296.475 3281.6711 
3141.1833 3116.9128 1741.4429 -43.90869 -1580.0079 -2880.4504 3145.3125 3161.325 3177.0354 3192.6453 3207.953 3223.1597 3238.4673 3253.5735 3268.579 3283.484 3298.3887 -3286.908 -3272.3052 -3257.8032 -3243.3013 -3229.0007 -3215.0024 2444.1833 3299.8992 3299.8992 3299.8992 3299.8992 3299.8992 3298.2878 3283.484 3268.7805 3253.8757 3238.971 3224.0662 3209.3628 3194.6594 3179.956 3165.3533 3150.9521 3136.7522 3114.7979 1616.3635 -364.16016 -1892.0013 -3181.1646 3145.413 3161.325 3176.532 3192.041 3207.3486 3222.5554 3237.863 3252.9692 3267.874 3282.8796 3297.6836 -3287.6128 -3272.8088 -3258.4075 -3244.0063 -3229.7058 -3215.4053 3007.846 3299.8992 3299.8992 3299.8992 3299.8992 3299.8992 3295.6694 3280.966 3266.162 3251.358 3236.4531 3221.5483 3206.7444 3192.1416 3177.3376 3162.8357 3148.5352 3134.1338 3026.2756 1364.5935 -519.4519 -1985.8612 -3272.9094 3145.9167 3161.9292 3177.6396 3193.1487 3208.5571 3223.764 3239.0715 3254.0771 3269.0825 3283.9873 3298.7915 -3286.6057 -3271.9023 -3257.2998 -3242.9993 -3228.6987 -3114.7979 3299.8992 3299.8992 3299.8992 3299.8992 3299.8992 3299.8992 3295.0652 3280.0598 3265.3564 3250.4517 3235.6475 3220.7427 3206.0393 3191.336 3176.6326 3162.1306 3147.7295 3133.3281 2955.4778 1212.2223 -686.02295 -2163.1072 3136.7522 3147.7295 3163.8428 3179.5532 3194.9614 3210.3699 3225.6775 3240.7837 3255.789 3270.7947 3285.6995 3299.8992 -3284.6924 -3270.1904 -3255.6885 -3241.1865 -3226.9866 -2934.6313 3299.8992 3299.8992 3299.8992 3299.8992 3299.8992 3299.8992 3294.461 3279.657 3264.8528 3250.0488 3235.2446 3220.3398 3205.536 3190.8325 3176.2297 3161.6272 3147.2258 3132.8247 2962.2253 1171.8384 -711.30066 -2153.0364 3156.7932 3148.4343 3163.9434 3179.3518 3194.8608 3210.1685 3225.3752 3240.5823 3255.5876 3270.5933 3285.498 3299.8992 -3284.9944 -3270.291 -3255.789 -3241.4885 -3227.188 -2716.2964 3299.8992 3299.8992 3299.8992 3299.8992 3299.8992 3299.8992 3293.1519 3278.4485 3263.745 3248.7395 3234.0361 3219.0308 3204.3274 3189.7246 3175.0212 3160.5193 3146.2188 3131.7168 2863.33 1018.05725 -875.5554 -2294.3298 3133.5295 3149.0386 3165.0513 3180.7617 3196.17 3211.5784 3226.886 3241.9922 3256.9976 3271.9023 3286.908 3299.8992 -3283.5845 -3268.982 -3254.3792 
-2947.2197 -2933.7249 -2920.23 -2262.909 -887.7411 668.19763 2101.4739 3160.1165 3299.8992 3299.8992 3299.8992 3299.8992 3299.8992 3299.8992 3299.8992 3299.8992 3299.8992 3299.8992 3299.8992 3299.8992 3299.8992 3299.8992 3299.8992 687.6343 -3173.108 -3157.3975 -3142.0898 -3126.9836 -3111.8774 -3097.174 -3082.3699 -3067.7673 -3053.2654 -3039.0654 -3024.765 -3010.6658 -2996.768 -2982.9712 -2966.0522 -2854.6692 -2734.6252 -2550.4302 -2353.949 -1222.3938 320.45288 1538.617 2656.375 3299.8992 3299.8992 3299.8992 3299.8992 3299.8992 3299.8992 3299.8992 3299.8992 3299.8992 3299.8992 3299.8992 3299.8992 3299.8992 3299.8992 3299.8992 3299.8992 -1362.8815 -3174.6184 -3158.8074 -3143.6003 -3128.4941 -3113.5894 -3098.6846 -3083.9812 -3069.3787 -3054.9773 -3040.6768 -3026.477 -3012.4785 -2998.4802 -2984.5825 -2970.9868 -2957.19 -2943.695 -2930.3008 -2917.3096 -2195.7366 -619.9585 999.22485 2560.9038 3299.8992 3299.8992 3299.8992 3299.8992 3299.8992 3299.8992 3299.8992 3299.8992 3299.8992 3299.8992 3299.8992 3299.8992 3299.8992 3299.8992 3299.8992 3299.8992 283.79517 -3174.8198 -3159.2102 -3143.8018 -3128.595 -3113.5894 -3098.6846 -3083.9812 -3069.3787 -3054.9773 -3040.7776 -3026.477 -3012.378 -2998.3794 -2984.5825 -2970.7854 -2957.19 -2943.5942 -2930.2002 -2803.308 -1496.4203 -85.09827 1226.3214 2578.8298 3299.8992 3299.8992 3299.8992 3299.8992 3299.8992 3299.8992 3299.8992 3299.8992 3299.8992 3299.8992 3299.8992 3299.8992 3299.8992 3299.8992 3299.8992 3299.8992 -435.66284 -3178.0425 -3162.5334 -3147.1252 -3132.019 -3116.9128 -3102.1086 -3087.4053 -3072.8027 -3058.3008 -3044.0002 -3029.8003 -3015.7012 -3001.703 -2987.8052 -2974.008 -2960.4126 -2946.817 -2933.322 -2917.3096 -1747.9889 -268.38684 1193.692 2460.5986 3299.8992 3299.8992 3299.8992 3299.8992 3299.8992 3299.8992 3299.8992 3299.8992 3299.8992 3299.8992 3299.8992 3299.8992 3299.8992 3299.8992 3299.8992 3299.8992 -1218.3655 -3174.0142 -3158.5051 -3143.1975 -3127.9907 -3113.086 -3098.2817 -3083.5784 -3068.9758 -3054.4739 -3040.274 -3026.0742 -3011.975 -2998.0774 -2984.1797 -2970.3826 -2956.787 -2943.2922 -2929.7974 -2746.8108 -1477.185 -71.90552 1301.1475 2627.8748 3299.8992 3299.8992 3299.8992 3299.8992 3299.8992 3299.8992 3299.8992 3299.8992 3299.8992 3299.8992 3299.8992 3299.8992 3299.8992 
3083.9812 2683.1633 1306.0822 -85.5011 -1206.3812 -2107.6172 -2831.607 3104.5256 3121.344 3137.9607 3154.3762 3170.8923 3187.0056 3203.2195 3219.1313 3235.2446 3251.056 3266.7664 3282.5774 3298.1873 -3286.5051 -3271.0967 -3256.0913 1341.33 3299.8992 3299.8992 3299.8992 3286.5051 3271.298 3255.1848 3240.1794 3225.0732 3209.6648 3194.2566 3178.7476 3163.339 3148.1323 3132.8247 3117.819 3103.0151 3085.794 2713.1743 1304.4708 -102.21863 -1229.242 -2074.3835 -2942.2852 3105.7341 3122.351 3138.9678 3155.3833 3171.8994 3188.0127 3204.126 3220.1384 3236.0503 3252.063 3267.874 3283.383 3299.0935 -3285.3972 -3270.0896 -3138.162 1837.3169 3299.8992 3299.8992 3299.8992 3284.5916 3269.4854 3253.473 3238.3667 3223.2605 3207.852 3192.4438 3176.834 3161.6272 3146.3196 3131.1125 3116.0063 3101.1016 3082.7727 2614.38 1194.0948 -249.85657 -1243.1396 -2113.5588 -2857.9924 3105.5327 3122.2502 3138.565 3155.3833 3171.5972 3187.8113 3204.0251 3220.0378 3235.8489 3251.8616 3267.4712 3283.2825 3298.892 -3285.6995 -3270.3918 -3013.385 2081.6345 3299.8992 3299.8992 3298.59 3283.1816 3267.9749 3251.9622 3236.856 3221.5483 3206.3416 3190.631 3175.3235 3160.0159 3144.7083 3129.5012 3114.4958 3099.4902 3081.3628 2631.3994 1186.441 -253.17993 -1335.086 -2191.7083 -2942.99 3104.9285 3121.8474 3138.3635 3154.8796 3171.1943 3187.509 3203.7231 3219.635 3235.5469 3251.358 3267.1692 3282.7788 3298.3887 -3286.0015 -3270.7947 -2743.689 2690.213 3299.8992 3299.8992 3295.0652 3279.7576 3264.3494 3248.538 3233.432 3218.225 3202.9175 3187.4084 3172.1008 3156.5918 3141.2842 3126.2786 3111.3738 3096.469 3077.9387 2413.2659 846.85364 -499.91455 -1511.2244 -2339.2456 -3148.938 3108.0505 3124.6672 3141.2842 3157.901 3174.115 3190.3289 3206.543 3222.4548 3238.3667 3254.1777 3269.989 3285.6995 3299.8992 -3283.2825 -3268.0754 -2539.4531 2903.8147 3299.8992 3299.8992 3296.3745 3281.067 3265.7593 3249.7466 3234.7412 3219.4336 3204.0251 3188.617 3173.2085 3157.8003 3142.5933 3127.3865 3112.4817 3097.6775 3079.651 2528.778 1051.4923 -288.22632 -1300.2411 -2143.2678 -2881.4575 3103.6194 3120.337 3137.0544 3153.4697 3169.7844 3186.099 3202.2124 3218.225 3234.137 3250.0488 3265.8599 3281.4697 3297.0793 
-1665.2069 -1540.8325 -1221.3867 -959.5459 -663.36365 -362.3474 -65.963745 201.71814 701.6327 1971.1578 3039.2668 3299.8992 3299.8992 3299.8992 3299.8992 3299.8992 3299.8992 3299.8992 3299.8992 3299.8992 3299.8992 3299.8992 2931.5093 568.396 -1102.652 -2376.5076 -3118.1213 -3103.1157 -3088.5132 -3074.2126 -3059.7107 -3045.4102 -3031.2102 -3017.3125 -3003.3142 -2989.618 -2975.8208 -2632.7087 -2193.6218 -2000.2625 -1691.0889 -1198.3246 -894.0857 -527.2064 -335.15625 -137.76855 -28.29895 97.88818 665.67993 1998.2483 3067.868 3299.8992 3299.8992 3299.8992 3299.8992 3299.8992 3299.8992 3299.8992 3299.8992 3299.8992 3299.8992 3299.8992 2919.3237 568.2953 -1094.0918 -2399.469 -3119.7327 -3104.828 -3090.1245 -3075.6226 -3061.1206 -3046.7192 -3032.62 -3018.7224 -3004.8247 -2990.927 -2977.2307 -2800.3875 -2335.8215 -1874.176 -1573.4619 -1354.5227 -979.9896 -542.0105 -221.75903 18.630981 232.7362 354.19006 850.98267 2127.8594 3115.7043 3299.8992 3299.8992 3299.8992 3299.8992 3299.8992 3299.8992 3299.8992 3299.8992 3299.8992 3299.8992 3299.8992 2785.2812 496.38977 -1171.3348 -2606.6252 -3122.351 -3107.3455 -3092.743 -3078.241 -3063.739 -3049.237 -3035.2385 -3021.2402 -3007.3425 -2993.344 -2975.418 -2583.3618 -2178.4148 -1781.9275 -1486.4502 -1473.056 -1182.5134 -1003.2532 -754.2023 -473.12622 2.9205322 387.4237 1031.4514 2315.579 3238.3667 3299.8992 3299.8992 3299.8992 3299.8992 3299.8992 3299.8992 3299.8992 3299.8992 3299.8992 3299.8992 3299.8992 2711.7644 407.4646 -1262.677 -2576.9165 -3119.6318 -3104.727 -3090.0237 -3075.5217 -3061.0198 -3046.82 -3032.8215 -3018.7224 -3004.8247 -2991.0278 -2977.3315 -2721.7346 -2375.3997 -2123.0254 -1691.2903 -1499.9451 -1168.8171 -659.3353 -315.6189 -58.71277 278.96118 604.5502 1252.002 2521.527 3299.8992 3299.8992 3299.8992 3299.8992 3299.8992 3299.8992 3299.8992 3299.8992 3299.8992 3299.8992 3299.8992 3299.8992 2576.8157 233.9447 -1413.4369 -2671.7834 -3121.0417 -3106.137 -3091.4336 -3076.9316 -3062.5305 -3048.23 -3034.1309 -3020.1323 -3006.3354 -2992.4377 -2978.7415 -2964.1387 -2567.349 -2229.8767 -1907.6111 -1693.4052 -1328.1372 -821.77734 -466.88232 -125.28076 192.95654 557.4188 1198.7274 2438.8457 3299.8992 3299.8992 3299.8992 3299.8992 3299.8992 3299.8992 3299.8992 3299.8992 3299.8992 3299.8992 

-4.5318604 -10.574341 -27.392578 -51.361084 -59.1156 -50.152588 -20.343018 -18.832397 -21.551514 -9.869385 15.811157 25.177002 25.378418 22.659302 23.76709 22.055054 10.675049 -4.5318604 -33.43506 -40.88745 -26.586914 -15.710449 5.8410645 14.199829 -1.0070801 1.7120361 2.8198242 15.206909 20.443726 12.588501 10.272217 4.7332764 -5.3375244 -7.0495605 -8.358765 -8.963013 -0.80566406 2.5177002 5.9417725 10.372925 16.314697 6.0424805 -17.22107 -10.977173 0.9063721 -1.4099121 -6.2438965 -11.380005 -20.645142 -30.31311 -28.500366 -23.162842 -13.494873 -12.689209 7.3516846 10.876465 19.23523 13.796997 -8.761597 -20.141602 -18.026733 -26.78833 -9.265137 7.6538086 13.595581 15.911865 11.380005 1.5106201 -3.6254883 7.1502686 36.254883 59.518433 55.08728 45.318604 23.26355 2.6184082 -12.286377 -16.71753 -29.80957 -62.64038 -77.34375 -65.86304 -10.675049 44.110107 53.57666 45.117188 49.649048 78.25012 80.36499 76.538086 63.446045 54.986572 53.274536 58.410645 43.40515 -19.940186 -51.965332 -43.606567 -20.74585 6.1431885 30.212402 8.862305 -18.026733 -51.663208 -83.688354 -69.992065 -61.331177 -52.166748 -18.22815 2.7191162 9.869385 15.206909 23.26355 36.35559 23.565674 4.0283203 -13.796997 -7.4523926 -6.3446045 -19.134521 -18.127441 -16.818237 -12.588501 -19.033813 -15.106201 -19.638062 -12.185669 -22.558594 -29.406738 -21.652222 -16.21399 -10.775757 -23.867798 -33.233643 -18.429565 -2.4169922 11.581421 12.689209 17.926025 31.521606 31.521606 31.521606 31.521606 31.521606 31.521606 31.521606 31.521606 31.521606 31.521606 31.521606 31.521606 31.521606 31.521606 31.521606 31.521606 31.521606 31.521606 31.521606 31.521606 31.521606 31.521606 31.521606 31.521606 31.521606 31.521606 31.521606 31.521606 31.521606 31.521606 31.521606 31.521606 31.521606 31.521606 31.521606 31.521606 31.521606 31.521606 31.521606 31.521606 31.521606 -11.883545 -22.961426 -16.314697 1.1077881 21.24939 31.82373 30.81665 32.125854 49.0448 18.22815 -14.199829 -22.055054 -20.947266 -11.380005 4.0283203 17.523193 15.710449 12.789917 23.162842 7.3516846 
-101.11084 -91.04004 -82.88269 -69.08569 -65.56091 -59.417725 -38.067627 -24.874878 -17.321777 -2.7191162 7.5531006 5.5389404 -0.80566406 -9.869385 -11.077881 -20.846558 -31.118774 -19.638062 3.6254883 4.3304443 27.996826 25.680542 39.779663 37.564087 36.4563 26.889038 31.82373 27.493286 30.31311 15.911865 -11.178589 -8.761597 -20.040894 -9.768677 -6.1431885 -21.450806 1.7120361 -18.933105 -11.782837 -8.660889 -4.6325684 -9.164429 -17.019653 -10.473633 -4.0283203 2.5177002 5.2368164 8.660889 11.883545 24.572754 36.35559 54.483032 61.532593 67.67578 95.67261 93.96057 105.23987 130.31616 163.34839 155.19104 158.31299 130.31616 127.597046 120.84961 90.5365 39.88037 3.3233643 3.2226562 20.947266 10.473633 -10.070801 -27.79541 -33.9386 -38.571167 -35.549927 -36.254883 -30.010986 -71.80481 -57.907104 -41.793823 -10.977173 0.50354004 1.9134521 23.162842 23.76709 -5.4382324 -66.76941 -104.13208 -135.45227 -151.06201 -137.36572 -87.11243 -33.43506 -6.7474365 -11.984253 -18.22815 -45.822144 -49.649048 -54.281616 -80.163574 -55.792236 -40.98816 -5.2368164 -2.2155762 -17.523193 1.8127441 -3.4240723 3.4240723 9.768677 9.265137 -6.2438965 5.7403564 5.7403564 21.652222 -5.3375244 -16.71753 -16.012573 -31.521606 -23.968506 -36.154175 -29.708862 -34.44214 -15.710449 -1.8127441 2.5177002 7.3516846 4.6325684 -1.1077881 -12.991333 1.9134521 16.71753 33.737183 25.076294 21.047974 25.177002 16.616821 18.630981 30.615234 37.765503 33.9386 53.475952 52.972412 60.72693 43.40515 41.592407 43.606567 41.793823 37.261963 20.141602 -6.4453125 -33.737183 -27.996826 -34.140015 -39.88037 -11.178589 11.279297 40.585327 49.145508 72.9126 72.006226 74.82605 69.1864 58.10852 59.317017 50.05188 35.44922 20.544434 -5.0354004 -36.557007 -45.721436 -41.088867 -47.53418 -45.620728 -31.118774 -35.85205 -23.464966 -27.996826 -22.961426 -9.365845 1.1077881 11.883545 -11.682129 -21.551514 -29.708862 -36.557007 -31.219482 -29.910278 -24.472046 -23.867798 -28.500366 -29.507446 -15.710449 -16.314697 -13.998413 -18.530273 -5.5389404 -11.782837 -40.283203 -27.090454 -39.88037 
3299.8992 3289.8284 3215.7073 3279.2542 3296.173 -3287.3108 -3270.996 -3254.782 -3238.6687 -3222.7568 -3206.845 -3191.1345 -3175.7263 -3160.3179 -3145.2117 -3130.1055 -3115.1 -3100.3967 -3085.6934 -3071.1914 -3056.79 -3042.0867 -2818.112 -119.94324 2839.7644 3299.8992 3299.8992 3299.8992 3299.8992 3299.8992 3299.8992 3299.8992 3299.8992 3299.8992 3299.8992 3299.8992 3299.8992 3299.8992 3299.8992 3299.8992 3299.8992 3289.0227 2920.1294 3280.664 3297.7844 -3285.5986 -3269.0825 -3252.6672 -3236.554 -3220.642 -3204.9316 -3189.2212 -3173.7122 -3158.4045 -3143.1975 -3128.1921 -3113.2874 -3098.4832 -3083.7798 -3069.1772 -3054.776 -3040.8782 -2629.0833 84.695435 2907.7422 3299.8992 3299.8992 3299.8992 3299.8992 3299.8992 3299.8992 3299.8992 3299.8992 3299.8992 3299.8992 3299.8992 3299.8992 3299.8992 3299.8992 3299.8992 3299.8992 3288.7207 2506.2195 3282.8796 3299.7986 -3283.786 -3267.4712 -3251.2573 -3235.144 -3219.1313 -3203.421 -3187.8113 -3172.4028 -3157.0952 -3141.8884 -3126.7822 -3111.8774 -3097.174 -3082.4707 -3067.9688 -3053.5674 -3038.9648 -2360.5957 392.76123 3299.8992 3299.8992 3299.8992 3299.8992 3299.8992 3299.8992 3299.8992 3299.8992 3299.8992 3299.8992 3299.8992 3299.8992 3299.8992 3299.8992 3299.8992 3299.8992 3299.8992 3286.5051 2099.762 3282.2754 3299.0935 -3284.3901 -3268.0754 -3251.8616 -3235.8489 -3219.8364 -3204.126 -3188.516 -3173.007 -3157.6995 -3142.4927 -3127.487 -3112.4817 -3097.7783 -3083.075 -3068.573 -3054.071 -3039.569 -2211.6484 609.8877 3299.8992 3299.8992 3299.8992 3299.8992 3299.8992 3299.8992 3299.8992 3299.8992 3299.8992 3299.8992 3299.8992 3299.8992 3299.8992 3299.8992 3299.8992 3299.8992 3299.8992 3283.8867 1384.9365 3282.074 3298.892 -3284.2896 -3267.7734 -3251.6602 -3235.446 -3219.635 -3203.7231 -3188.214 -3172.6042 -3157.2966 -3142.0898 -3127.0842 -3112.1794 -3097.476 -3082.7727 -3068.2708 -3053.8696 -3039.972 -2115.573 611.70044 3299.8992 3299.8992 3299.8992 3299.8992 3299.8992 3299.8992 3299.8992 3299.8992 3299.8992 3299.8992 3299.8992 3299.8992 3299.8992 3299.8992 3299.8992 3299.8992 
3266.6655 3251.4587 2869.2717 3243.3013 3259.2131 3275.0244 3290.5334 3299.8992 -3279.0527 -3264.047 -3249.1423 -3234.439 -3219.635 -3205.0322 -3190.631 -3176.3306 -3162.1306 -3148.1323 -3134.1338 -3120.236 -3106.4392 -3093.045 -1631.4697 865.78674 3115.6035 3299.8992 3299.8992 3299.8992 3299.8992 3299.8992 3299.8992 3299.8992 3299.8992 3299.8992 3299.8992 3299.8992 3299.8992 3299.8992 3294.6624 3279.7576 3264.8528 3249.7466 2553.5522 3243.0999 3259.0117 3274.4202 3290.1306 3299.8992 -3279.4556 -3264.3494 -3249.4446 -3234.6404 -3219.8364 -3205.435 -3190.8325 -3176.6326 -3162.332 -3148.3337 -3134.2346 -3120.337 -3106.7412 -3092.8435 -1773.8708 825.3021 3080.8594 3299.8992 3299.8992 3299.8992 3299.8992 3299.8992 3299.8992 3299.8992 3299.8992 3299.8992 3299.8992 3299.8992 3299.8992 3299.8992 3295.2666 3280.2612 3265.3564 3250.7537 1984.3506 3246.121 3262.033 3277.3406 3293.1519 3299.8992 -3276.535 -3261.4287 -3246.4233 -3231.72 -3217.218 -3202.5146 -3188.0127 -3173.8127 -3159.613 -3145.514 -3131.6162 -3117.7185 -3103.9214 -3090.1245 -1495.7153 1153.3081 3299.8992 3299.8992 3299.8992 3299.8992 3299.8992 3299.8992 3299.8992 3299.8992 3299.8992 3299.8992 3299.8992 3299.8992 3299.8992 3299.8992 3293.8567 3278.952 3264.148 3249.3438 1586.9568 3246.222 3262.1338 3277.542 3293.2524 3299.8992 -3276.3335 -3261.2273 -3246.3225 -3231.6191 -3217.0166 -3202.4138 -3187.9119 -3173.7122 -3159.5122 -3145.413 -3131.5154 -3117.6177 -3103.9214 -3090.0237 -1582.8278 1096.7102 3299.8992 3299.8992 3299.8992 3299.8992 3299.8992 3299.8992 3299.8992 3299.8992 3299.8992 3299.8992 3299.8992 3299.8992 3299.8992 3299.8992 3295.0652 3280.1604 3265.457 3250.5522 1080.3955 3249.2432 3264.9536 3280.3618 3296.0723 -3288.6199 -3273.413 -3258.4075 -3243.6035 -3228.7993 -3214.1968 -3199.594 -3185.2935 -3171.0938 -3156.8938 -3142.694 -3128.7964 -3115.1 -3101.2024 -3087.506 -1106.3782 1438.916 3299.8992 3299.8992 3299.8992 3299.8992 3299.8992 3299.8992 3299.8992 3299.8992 3299.8992 3299.8992 3299.8992 3299.8992 3299.8992 3299.8992 3293.2524 3278.4485 
-3240.1794 -3225.879 -2485.675 3299.8992 3299.8992 3299.8992 3299.8992 3299.8992 3299.8992 3292.2454 3277.542 3262.738 3247.8333 3233.029 3218.1243 3203.421 3188.8184 3174.3164 3159.8145 3145.2117 3130.5083 2585.8794 620.66345 -1126.0162 -2402.7922 3139.1692 3153.1677 3168.8782 3184.1858 3199.4934 3214.9016 3230.0078 3245.2148 3260.321 3275.2258 3290.0298 3299.8992 -3280.5632 -3265.8599 -3251.358 -3236.9568 -3222.7568 -2081.0303 3299.8992 3299.8992 3299.8992 3299.8992 3299.8992 3299.8992 3293.9575 3279.1533 3264.45 3249.5452 3234.6404 3219.7356 3204.8308 3190.3289 3175.7263 3161.1235 3146.7224 3132.2205 2668.8628 738.5925 -994.08875 -2353.949 3137.0544 3152.5635 3168.576 3184.1858 3199.6948 3214.9016 3230.1086 3245.3154 3260.5225 3275.3264 3290.2312 3299.8992 -3280.2612 -3265.6584 -3251.1565 -3236.856 -3222.5554 -1808.1116 3299.8992 3299.8992 3299.8992 3299.8992 3299.8992 3299.8992 3292.1448 3277.3406 3262.5366 3247.7324 3232.8276 3217.9229 3203.2195 3188.4155 3173.9136 3159.3108 3145.0103 3129.7026 2713.4766 746.1456 -1067.5049 -2507.2266 3136.5508 3152.8655 3168.576 3183.783 3199.0906 3214.5996 3229.7058 3244.812 3259.9182 3274.9236 3289.7278 3299.8992 -3280.7646 -3266.162 -3251.7607 -3237.3596 -3223.059 -1242.2333 3299.8992 3299.8992 3299.8992 3299.8992 3299.8992 3299.8992 3289.8284 3275.0244 3260.2202 3245.3154 3230.4106 3215.6067 3200.9033 3186.3005 3171.4966 3157.196 3142.8955 3125.171 2331.5918 339.4867 -1342.5385 -2651.8433 3139.7734 3155.182 3171.0938 3186.8042 3202.3132 3217.3186 3232.727 3247.8333 3262.9395 3277.9448 3292.6482 -3292.5476 -3277.8442 -3263.2415 -3248.8403 -3234.5398 -3220.2393 -795.0897 3299.8992 3299.8992 3299.8992 3299.8992 3299.8992 3299.8992 3290.332 3275.4272 3260.623 3245.819 3231.015 3216.11 3201.3062 3186.7034 3172.1008 3157.6995 3143.2983 3127.487 2515.988 500.01526 -1198.0225 -2535.8276 3137.4573 3152.8655 3168.8782 3184.4878 3199.8962 3215.3044 3230.4106 3245.6177 3260.623 3275.6287 3290.332 3299.8992 -3280.0598 -3265.457 -3251.056 
3299.8992 3299.8992 3299.8992 -1673.0621 -3172.705 -3157.2966 -3141.989 -3126.7822 -3111.8774 -3096.9727 -3082.3699 -3067.7673 -3053.2654 -3039.0654 -3024.8657 -3010.7666 -2996.869 -2982.9712 -2969.174 -2955.5786 -2942.0837 -2928.6895 -2733.1145 -1309.2041 158.61511 1579.7058 2729.8918 3299.8992 3299.8992 3299.8992 3299.8992 3299.8992 3299.8992 3299.8992 3299.8992 3299.8992 3299.8992 3299.8992 3299.8992 3299.8992 3299.8992 3299.8992 3299.8992 -1949.1028 -3173.7122 -3158.2031 -3142.8955 -3127.6885 -3112.8845 -3097.9797 -3083.2764 -3068.573 -3054.2725 -3040.0725 -3025.772 -3011.7737 -2997.6746 -2983.8774 -2970.1812 -2956.4849 -2942.99 -2929.596 -2671.582 -1230.249 265.86914 1464.5966 2665.4387 3299.8992 3299.8992 3299.8992 3299.8992 3299.8992 3299.8992 3299.8992 3299.8992 3299.8992 3299.8992 3299.8992 3299.8992 3299.8992 3299.8992 3299.8992 3299.8992 -2163.7114 -3173.9136 -3158.5051 -3143.1975 -3127.9907 -3113.086 -3098.1812 -3083.5784 -3068.9758 -3054.5745 -3040.1733 -3026.0742 -3011.975 -2998.0774 -2984.2803 -2970.4834 -2956.8877 -2943.2922 -2929.898 -2781.5552 -1382.4188 185.70557 1519.8853 2783.267 3299.8992 3299.8992 3299.8992 3299.8992 3299.8992 3299.8992 3299.8992 3299.8992 3299.8992 3299.8992 3299.8992 3299.8992 3299.8992 3299.8992 3299.8992 3177.0354 -2830.5999 -3170.691 -3155.081 -3139.7734 -3124.6672 -3109.8633 -3094.9585 -3080.3557 -3065.7532 -3051.4526 -3037.152 -3022.9521 -3008.853 -2994.8547 -2981.1584 -2967.4622 -2953.8665 -2940.271 -2926.8767 -2875.8179 -1578.2959 -150.05493 1325.5188 2651.8433 3299.8992 3299.8992 3299.8992 3299.8992 3299.8992 3299.8992 3299.8992 3299.8992 3299.8992 3299.8992 3299.8992 3299.8992 3299.8992 3299.8992 3299.8992 2996.1638 -3030.0017 -3162.4329 -3146.823 -3131.6162 -3116.51 -3101.8066 -3087.0024 -3072.299 -3057.797 -3043.396 -3029.196 -3015.097 -3001.0986 -2987.201 -2973.5046 -2959.7075 -2946.2126 -2932.7178 -2919.3237 -2375.1982 -868.20374 573.5321 1867.1265 3106.842 3299.8992 3299.8992 3299.8992 3299.8992 3299.8992 3299.8992 3299.8992 3299.8992 3299.8992 3299.8992 3299.8992 3299.8992 3299.8992 
-3287.4114 -3272.1038 -2317.2913 3244.2078 3299.8992 3299.8992 3290.5334 3275.125 3259.9182 3244.0063 3229.0007 3213.794 3198.3855 3182.9773 3167.5688 3152.1606 3137.155 3121.8474 3106.9426 3092.0378 3072.6013 2258.8806 740.00244 -566.68396 -1543.9545 -2395.944 -3142.3918 3106.0364 3122.8545 3139.27 3155.8867 3172.2014 3188.3147 3204.5288 3220.4407 3236.3525 3252.2644 3267.9749 3283.5845 3299.295 -3285.3972 -3269.8882 -1939.7369 3299.8992 3299.8992 3299.8992 3290.1306 3274.7222 3259.5154 3243.6035 3228.598 3213.391 3197.9827 3182.675 3167.166 3151.7578 3136.6516 3121.646 3106.7412 3091.8364 3072.8027 2325.4485 697.1008 -646.5454 -1637.0087 -2435.2202 -3197.2778 3106.4392 3123.3582 3139.7734 3156.2896 3172.6042 3188.8184 3204.9316 3220.8435 3236.7554 3252.6672 3268.4783 3284.2896 3299.5972 -3284.793 -3269.5862 -1743.5577 3299.8992 3299.8992 3299.8992 3289.627 3274.118 3259.0117 3242.9993 3227.893 3212.8875 3197.2778 3181.8694 3166.4612 3151.1536 3136.0474 3120.8403 3106.0364 3091.0308 2997.876 1909.6252 344.01855 -797.3053 -1757.1533 -2587.793 3291.742 3112.5823 3129.1992 3145.6145 3162.03 3178.5461 3194.5586 3210.7727 3226.6846 3242.4956 3258.4075 3274.0173 3289.7278 3299.8992 -3279.2542 -3264.047 -1368.5211 3299.8992 3299.8992 3299.8992 3292.749 3277.3406 3262.2344 3246.0205 3231.1157 3215.9087 3200.3997 3184.9915 3169.4824 3154.1748 3138.8672 3123.8616 3108.8562 3093.9514 3034.4329 1980.5237 395.78247 -827.01416 -1773.0652 -2523.239 -3143.9026 3113.8916 3130.6091 3147.2258 3163.742 3179.8552 3196.0693 3212.1826 3228.0945 3244.0063 3259.9182 3275.6287 3291.2383 3299.8992 -3277.8442 -3262.6372 -1037.5946 3299.8992 3299.8992 3299.8992 3292.3462 3277.0386 3261.731 3245.819 3230.612 3215.4053 3199.9968 3184.4878 3169.1802 3153.772 3138.6658 3123.6602 3108.6548 3093.6492 3020.938 1932.1838 367.2821 -826.5106 -1795.6238 -2645.7 -3270.4924 3115.3015 3131.9182 3148.5352 3164.9504 3181.2651 3197.3784 3213.4917 3229.5044 3245.4163 3261.2273 3276.8372 3292.4468 -3292.044 
3299.8992 3299.8992 2323.5352 88.32092 -1461.676 -2718.2097 -3112.0789 -3097.174 -3082.5713 -3068.1702 -3053.7688 -3039.3677 -3025.3691 -3011.3708 -2997.4731 -2983.7769 -2968.3684 -2628.9824 -2270.9656 -1907.1075 -1659.8694 -1316.9586 -955.719 -528.1128 -205.64575 39.276123 330.12085 587.83264 1320.282 2698.7732 3299.8992 3299.8992 3299.8992 3299.8992 3299.8992 3299.8992 3299.8992 3299.8992 3299.8992 3299.8992 3299.8992 3299.8992 2226.8555 -3.4240723 -1565.4053 -2836.441 -3116.812 -3102.008 -3087.3047 -3072.8027 -3058.4014 -3044.1008 -3030.0017 -3015.9026 -3002.2063 -2988.3086 -2878.2349 -2489.1997 -2144.275 -1815.0604 -1547.0764 -1072.0367 -589.8468 -282.8888 -102.01721 -95.06836 60.021973 427.90833 1096.8109 2372.6807 3299.8992 3299.8992 3299.8992 3299.8992 3299.8992 3299.8992 3299.8992 3299.8992 3299.8992 3299.8992 3299.8992 3299.8992 1929.0619 -267.58118 -1728.0487 -2928.9917 -3117.6177 -3102.713 -3088.1104 -3073.709 -3059.207 -3044.9065 -3030.8074 -3016.809 -3002.9114 -2989.1143 -2954.0679 -2585.376 -2229.4739 -2025.3387 -1823.822 -1576.5839 -1192.4835 -727.71606 -408.37097 -176.94397 -21.350098 248.74878 1192.4835 2559.3933 3299.8992 3299.8992 3299.8992 3299.8992 3299.8992 3299.8992 3299.8992 3299.8992 3299.8992 3299.8992 3299.8992 3299.8992 2014.8651 -153.68042 -1594.0063 -2788.0005 -3110.266 -3095.462 -3080.8594 -3066.2566 -3051.956 -3037.857 -3023.6572 -3009.7595 -2995.9624 -2982.1655 -2903.311 -2414.5752 -2079.016 -1782.2296 -1511.9293 -1216.2506 -906.06995 -494.77844 -178.5553 14.501953 302.22473 612.204 1487.4573 2758.9966 3299.8992 3299.8992 3299.8992 3299.8992 3299.8992 3299.8992 3299.8992 3299.8992 3299.8992 3299.8992 3299.8992 3299.8992 2123.6296 25.680542 -1497.226 -2807.135 -3120.1355 -3105.2307 -3090.628 -3076.0254 -3061.7249 -3047.3235 -3033.3252 -3019.3267 -3005.429 -2991.5312 -2866.7542 -2452.542 -2141.9585 -1854.8401 -1647.0795 -1379.8004 -1094.0918 -698.3093 -473.9319 -174.52698 122.15881 571.2158 1517.1661 2633.615 3299.8992 3299.8992 3299.8992 3299.8992 3299.8992 3299.8992 3299.8992 3299.8992 3299.8992 3299.8992 

-6.2438965 -34.34143 -59.014893 -47.232056 -26.486206 -16.516113 -9.869385 -8.660889 -0.10070801 12.689209 16.21399 10.070801 1.8127441 -15.005493 -22.961426 -1.2084961 16.21399 25.881958 36.053467 49.44763 73.013306 84.79614 48.843384 -3.0212402 -39.47754 -36.657715 -24.27063 11.782837 51.260376 82.681274 89.730835 79.660034 50.958252 40.686035 29.80957 -10.272217 -73.41614 -109.77173 -135.55298 -123.568726 -113.90076 -90.5365 -83.78906 -78.25012 -61.935425 -38.571167 -16.21399 -24.472046 -20.544434 3.7261963 6.2438965 -9.869385 -36.154175 -38.47046 -6.5460205 36.557007 67.17224 90.13367 113.59863 120.84961 121.75598 115.41138 65.56091 21.954346 1.9134521 -14.602661 7.5531006 36.95984 69.38782 35.046387 -16.113281 -42.49878 -42.196655 -46.124268 -45.318604 -10.574341 13.394165 4.3304443 -35.650635 -56.396484 -51.663208 -53.17383 -53.274536 -46.224976 -42.800903 -29.406738 -29.708862 -28.80249 -11.480713 30.514526 55.490112 74.523926 76.43738 53.57666 23.162842 22.25647 36.4563 66.6687 67.17224 24.27063 -34.84497 -97.08252 -112.59155 -72.006226 -16.012573 16.415405 15.106201 8.258057 -6.2438965 -10.775757 -15.408325 -6.2438965 -14.804077 -23.464966 -13.192749 -7.5531006 -5.0354004 -8.761597 -6.0424805 10.272217 31.118774 22.357178 8.157349 -9.466553 -20.74585 -13.696289 2.4169922 28.399658 37.161255 33.737183 5.1361084 -14.300537 -12.890625 -4.1290283 -9.466553 -25.680542 -49.346924 -57.403564 -61.935425 -47.53418 -45.92285 -38.168335 -27.79541 -12.991333 -1.9134521 -7.7545166 2.0141602 18.530273 39.98108 33.33435 29.104614 19.134521 16.21399 10.977173 1.7120361 13.696289 26.28479 2.1148682 30.81665 34.34143 50.253296 23.76709 -7.8552246 -24.169922 -25.982666 -34.240723 -50.454712 -52.267456 -30.010986 4.0283203 -13.796997 -56.799316 -69.08569 -33.33435 -7.7545166 8.963013 33.43506 67.8772 94.06128 89.730835 89.730835 89.730835 89.730835 89.730835 89.730835 89.730835 89.730835 89.730835 89.730835 89.730835 89.730835 89.730835 89.730835 89.730835 89.730835 89.730835 89.730835 89.730835 89.730835 89.730835 
-36.4563 -42.297363 -40.48462 -27.392578 -16.918945 -1.8127441 6.3446045 5.0354004 -0.40283203 23.364258 37.96692 50.656128 61.73401 57.70569 74.12109 78.35083 80.56641 79.2572 83.08411 57.10144 76.23596 70.19348 74.92676 35.44922 4.3304443 -15.509033 -16.918945 -0.50354004 20.040894 6.8481445 -8.660889 24.069214 22.659302 31.018066 39.175415 43.103027 40.081787 28.198242 43.00232 55.792236 57.60498 22.457886 -13.595581 -46.325684 -53.17383 -55.59082 -57.403564 -65.460205 -79.76074 -51.159668 -12.084961 -1.9134521 -18.530273 -10.574341 9.768677 23.062134 7.4523926 -6.4453125 -5.8410645 -33.33435 -72.509766 -112.490845 -115.81421 -123.2666 -99.49951 -43.304443 3.9276123 30.31311 45.318604 23.867798 -0.10070801 -5.7403564 -17.825317 -24.673462 -28.097534 -21.350098 -40.081787 -49.850464 -74.62463 -76.638794 -37.46338 -19.033813 -6.0424805 18.22815 47.131348 56.69861 53.475952 32.83081 10.171509 14.099121 3.3233643 11.480713 13.998413 21.350098 14.703369 -0.80566406 -10.675049 -6.4453125 0 -12.487793 -9.063721 -33.535767 -7.5531006 13.394165 26.889038 40.182495 48.138428 60.424805 55.18799 25.27771 -16.818237 -11.984253 -42.599487 -60.324097 -65.86304 -57.60498 -56.69861 -77.545166 -77.84729 -78.45154 -45.41931 -48.742676 -45.721436 -36.758423 -29.80957 -23.968506 -5.8410645 4.2297363 7.1502686 20.24231 9.768677 5.5389404 5.4382324 9.768677 4.3304443 -8.862305 -6.2438965 0.50354004 -2.5177002 2.2155762 7.8552246 17.422485 14.099121 16.616821 31.32019 38.87329 39.98108 51.461792 60.827637 33.33435 19.73877 31.622314 27.29187 32.42798 27.79541 29.406738 16.71753 6.0424805 41.088867 32.528687 53.57666 74.2218 97.18323 126.38855 149.45068 160.42786 167.47742 152.87476 142.90466 131.32324 82.37915 14.703369 -41.99524 -45.92285 -28.399658 -46.5271 -67.8772 -96.98181 -122.25952 -158.21228 -119.33899 -98.0896 -55.993652 -60.525513 -50.152588 -38.269043 -24.371338 -1.9134521 6.8481445 -6.5460205 -24.169922 -1.5106201 -31.219482 -18.530273 -32.226562 -33.636475 -46.42639 -48.239136 -60.62622 -76.43738 
3299.6978 3283.8867 832.95593 3283.6853 3299.8992 -3283.081 -3266.867 -3250.5522 -3234.439 -3218.7285 -3202.9175 -3187.207 -3171.7986 -3156.491 -3141.2842 -3126.178 -3111.2732 -3096.5698 -3081.967 -3067.465 -3052.9631 -3038.4612 -2219.1008 451.474 3189.8254 3299.8992 3299.8992 3299.8992 3299.8992 3299.8992 3299.8992 3299.8992 3299.8992 3299.8992 3299.8992 3299.8992 3299.8992 3299.8992 3299.8992 3299.8992 3299.8992 3286.4043 133.13599 3288.1165 3299.8992 -3278.4485 -3261.9324 -3245.7183 -3229.7058 -3213.794 -3198.0835 -3182.4736 -3167.0654 -3151.7578 -3136.6516 -3121.5454 -3106.7412 -3092.0378 -3077.3345 -3062.8325 -3048.532 -3034.6343 -2135.5132 663.26294 3299.8992 3299.8992 3299.8992 3299.8992 3299.8992 3299.8992 3299.8992 3299.8992 3299.8992 3299.8992 3299.8992 3299.8992 3299.8992 3299.8992 3299.8992 3299.8992 3299.8992 3288.0156 -727.71606 3292.2454 -3290.8354 -3274.5208 -3258.307 -3242.1936 -3226.0803 -3210.269 -3194.5586 -3179.0496 -3163.6414 -3148.3337 -3133.1267 -3118.222 -3103.418 -3088.7146 -3074.1118 -3059.7107 -3045.3093 -3030.7068 -1850.5096 919.4641 3299.8992 3299.8992 3299.8992 3299.8992 3299.8992 3299.8992 3299.8992 3299.8992 3299.8992 3299.8992 3299.8992 3299.8992 3299.8992 3299.8992 3299.8992 3299.8992 3299.8992 3288.8213 -1423.407 3294.2595 -3289.0227 -3272.3052 -3255.89 -3239.6758 -3223.764 -3207.7515 -3192.2424 -3176.6326 -3161.2244 -3146.0173 -3130.9111 -3115.9058 -3101.2024 -3086.499 -3071.8962 -3057.3943 -3043.0938 -3029.196 -1920.8038 886.5326 3299.8992 3299.8992 3299.8992 3299.8992 3299.8992 3299.8992 3299.8992 3299.8992 3299.8992 3299.8992 3299.8992 3299.8992 3299.8992 3299.8992 3299.8992 3299.8992 3299.8992 3290.7349 -2442.3706 3298.7915 -3284.3901 -3267.6726 -3251.2573 -3235.144 -3219.1313 -3203.2195 -3187.7104 -3172.2014 -3156.7932 -3141.5862 -3126.5808 -3111.676 -3096.7712 -3082.1685 -3067.566 -3053.1646 -3038.9648 -3025.2686 -1403.8696 1729.8615 3299.8992 3299.8992 3299.8992 3299.8992 3299.8992 3299.8992 3299.8992 3299.8992 3299.8992 3299.8992 3299.8992 3299.8992 3299.8992 3299.8992 3299.8992 3299.8992 
3263.5437 3248.639 350.8667 3249.5452 3265.457 3280.8655 3296.475 -3288.1165 -3273.0103 -3258.1055 -3243.0999 -3228.4973 -3213.794 -3199.1912 -3184.79 -3170.59 -3156.3904 -3142.3918 -3128.4941 -3114.5964 -3100.9001 -3087.1033 -1035.7819 1521.4966 3299.8992 3299.8992 3299.8992 3299.8992 3299.8992 3299.8992 3299.8992 3299.8992 3299.8992 3299.8992 3299.8992 3299.8992 3299.8992 3299.8992 3292.6482 3277.7434 3262.9395 3247.6318 -375.54016 3250.955 3266.867 3282.6782 3297.9858 -3286.8071 -3271.701 -3256.5947 -3241.69 -3227.0874 -3212.4846 -3197.882 -3183.5815 -3169.3816 -3155.182 -3141.1833 -3127.185 -3113.4888 -3099.6917 -3086.1968 -863.26904 1711.2305 3299.8992 3299.8992 3299.8992 3299.8992 3299.8992 3299.8992 3299.8992 3299.8992 3299.8992 3299.8992 3299.8992 3299.8992 3299.8992 3299.8992 3291.8425 3277.0386 3261.9324 3246.7253 -860.1471 3251.6602 3267.3706 3283.1816 3298.4893 -3286.3037 -3271.1975 -3256.192 -3241.287 -3226.5837 -3211.9812 -3197.4792 -3183.078 -3168.8782 -3154.779 -3140.68 -3126.6814 -3112.8845 -3099.1882 -2925.4668 -252.27356 2126.8523 3299.8992 3299.8992 3299.8992 3299.8992 3299.8992 3299.8992 3299.8992 3299.8992 3299.8992 3299.8992 3299.8992 3299.8992 3299.8992 3299.8992 3287.21 3272.3052 3257.2998 3241.8914 -1864.7095 3249.5452 3265.3564 3281.1675 3296.3745 -3288.4185 -3273.3123 -3258.307 -3243.402 -3228.6987 -3213.9954 -3199.594 -3185.092 -3170.8923 -3156.7932 -3142.5933 -3128.6956 -3114.7979 -3101.2024 -3012.4785 -724.292 1596.8262 3299.8992 3299.8992 3299.8992 3299.8992 3299.8992 3299.8992 3299.8992 3299.8992 3299.8992 3299.8992 3299.8992 3299.8992 3299.8992 3299.8992 3290.4326 3275.6287 3260.623 3245.0134 -2266.635 3253.775 3269.4854 3285.3972 3299.8992 -3284.1887 -3269.1833 -3254.0771 -3239.273 -3224.5696 -3209.967 -3195.3643 -3181.1646 -3166.7632 -3152.765 -3138.6658 -3124.8687 -3110.971 -3097.2747 -2884.9822 -335.45837 2110.8398 3299.8992 3299.8992 3299.8992 3299.8992 3299.8992 3299.8992 3299.8992 3299.8992 3299.8992 3299.8992 3299.8992 3299.8992 3299.8992 3299.8992 3288.922 3274.0173 
-3236.6545 -3222.4548 -332.0343 3299.8992 3299.8992 3299.8992 3299.8992 3299.8992 3299.8992 3286.3037 3271.4995 3256.7961 3241.7908 3226.7852 3212.2832 3197.5798 3182.9773 3168.274 3153.772 3139.4714 3121.7468 2343.0725 302.62756 -1414.1418 -2700.485 3137.3564 3152.765 3168.7773 3184.3872 3199.7954 3215.0024 3230.31 3245.3154 3260.4216 3275.4272 3290.332 3299.8992 -3280.2612 -3265.6584 -3251.1565 -3236.7554 -3222.5554 20.74585 3299.8992 3299.8992 3299.8992 3299.8992 3299.8992 3299.4963 3284.8938 3270.1904 3255.3862 3240.4814 3225.6775 3210.974 3196.0693 3181.2651 3166.864 3152.362 3138.162 3120.7397 2324.8442 293.96667 -1375.2686 -2715.39 3135.745 3151.8584 3167.5688 3182.776 3198.0835 3213.4917 3228.6987 3243.805 3259.1125 3273.9165 3288.7207 3299.8992 -3281.6711 -3267.2698 -3252.7678 -3238.1653 -3224.0662 687.03 3299.8992 3299.8992 3299.8992 3299.8992 3299.8992 3295.3674 3280.664 3265.9607 3251.2573 3236.3525 3221.5483 3206.7444 3192.1416 3177.4382 3162.9363 3148.8372 3134.1338 3114.9993 1835.6049 -226.3916 -1719.9921 -3120.236 3140.579 3155.9875 3171.8994 3187.6099 3202.9175 3218.225 3233.432 3248.4375 3263.5437 3278.549 3293.3533 -3291.8425 -3277.3406 -3262.738 -3248.236 -3233.9355 -3219.7356 1166.4001 3299.8992 3299.8992 3299.8992 3299.8992 3299.8992 3297.9858 3283.383 3268.4783 3253.775 3238.87 3224.0662 3209.262 3194.458 3179.956 3165.3533 3150.8513 3136.6516 3118.0205 2004.3915 -17.019653 -1670.1416 -2953.4636 3139.6729 3155.8867 3171.4966 3186.6028 3201.9104 3217.218 3232.5256 3247.531 3262.6372 3277.542 3292.3462 -3292.8496 -3278.247 -3263.745 -3248.941 -3234.6404 -3220.642 1321.1884 3299.8992 3299.8992 3299.8992 3299.8992 3299.8992 3296.576 3281.8726 3267.2698 3252.365 3237.6616 3222.7568 3207.852 3193.1487 3178.5461 3163.9434 3149.6428 3135.1409 3116.6106 1947.29 -50.253296 -1517.3676 -2857.9924 3138.162 3153.6711 3169.4824 3185.1929 3200.702 3215.9087 3231.1157 3246.222 3261.2273 3276.233 3291.1377 3299.8992 -3279.4556 -3264.9536 -3250.4517 
3299.8992 3299.8992 2705.722 -3181.2651 -3165.3533 -3149.8442 -3134.6375 -3119.5312 -3104.6265 -3090.0237 -3075.3203 -3060.8184 -3046.4172 -3032.1167 -3018.0176 -3004.019 -2990.0208 -2976.2236 -2962.5273 -2948.932 -2935.5376 -2922.1436 -2350.827 -793.277 678.67126 1810.2264 2967.5627 3299.8992 3299.8992 3299.8992 3299.8992 3299.8992 3299.8992 3299.8992 3299.8992 3299.8992 3299.8992 3299.8992 3299.8992 3299.8992 3299.8992 3299.8992 2423.8403 -3181.9702 -3166.3604 -3150.8513 -3135.6445 -3120.5383 -3105.6335 -3090.7288 -3076.2268 -3061.8254 -3047.3235 -3033.023 -3018.9238 -3004.9255 -2990.927 -2977.2307 -2963.5344 -2949.939 -2936.5447 -2923.0498 -2345.4895 -878.0731 635.76965 2043.3655 3236.4531 3299.8992 3299.8992 3299.8992 3299.8992 3299.8992 3299.8992 3299.8992 3299.8992 3299.8992 3299.8992 3299.8992 3299.8992 3299.8992 3299.8992 3299.8992 2092.511 -3182.4736 -3166.6626 -3151.2542 -3135.9465 -3120.8403 -3105.9355 -3091.1316 -3076.6296 -3062.0269 -3047.7263 -3033.4258 -3019.3267 -3005.3284 -2991.4307 -2977.6335 -2963.9373 -2950.3418 -2936.847 -2923.4526 -2195.3337 -789.8529 744.5343 2065.924 3244.107 3299.8992 3299.8992 3299.8992 3299.8992 3299.8992 3299.8992 3299.8992 3299.8992 3299.8992 3299.8992 3299.8992 3299.8992 3299.8992 3299.8992 3299.8992 1761.5845 -3182.4736 -3166.5618 -3151.2542 -3135.9465 -3120.9412 -3106.137 -3091.333 -3076.6296 -3062.2283 -3047.8271 -3033.5266 -3019.4275 -3005.3284 -2991.4307 -2977.7344 -2963.9373 -2950.3418 -2936.9475 -2923.4526 -2261.3982 -694.68384 749.97253 1976.4954 3061.2212 3299.8992 3299.8992 3299.8992 3299.8992 3299.8992 3299.8992 3299.8992 3299.8992 3299.8992 3299.8992 3299.8992 3299.8992 3299.8992 3299.8992 3299.8992 1410.0128 -3179.8552 -3164.2456 -3148.8372 -3133.6304 -3118.5242 -3103.6194 -3089.0166 -3074.3132 -3059.8113 -3045.5107 -3031.2102 -3017.111 -3003.012 -2989.3157 -2975.418 -2961.7217 -2948.2268 -2934.732 -2921.338 -2263.5132 -838.9984 528.71704 1803.3783 2981.7627 3299.8992 3299.8992 3299.8992 3299.8992 3299.8992 3299.8992 3299.8992 3299.8992 3299.8992 3299.8992 3299.8992 3299.8992 3299.8992 
-3276.6357 -3261.2273 -707.37305 3299.8992 3299.8992 3299.8992 3291.742 3276.3335 3260.9253 3245.0134 3229.9072 3214.7002 3199.292 3183.783 3168.3745 3152.9663 3137.9607 3122.653 3107.849 3092.743 2999.185 1913.2507 412.19788 -710.8978 -1669.0338 -2465.332 -3170.0867 3112.0789 3128.7964 3145.3125 3161.8286 3178.1433 3194.2566 3210.3699 3226.2817 3242.1936 3258.1055 3273.816 3289.4255 3299.8992 -3279.657 -3264.3494 -434.85718 3299.8992 3299.8992 3299.8992 3287.6128 3272.2046 3256.897 3240.985 3225.879 3210.5713 3195.1628 3179.7546 3164.447 3149.24 3133.9324 3118.927 3103.9214 3088.6138 2953.5645 1883.5419 381.68335 -770.21484 -1642.749 -2502.2917 -3180.258 3109.259 3126.0771 3142.4927 3159.0088 3175.3235 3191.5374 3207.55 3223.5625 3239.6758 3255.3862 3271.1975 3286.908 3299.8992 -3282.376 -3266.867 -88.32092 3299.8992 3299.8992 3298.2878 3282.9802 3267.572 3252.365 3236.2517 3221.347 3206.0393 3190.7317 3175.3235 3159.8145 3144.8088 3129.602 3114.4958 3099.6917 3084.5854 2886.9963 1731.5735 234.75037 -926.9165 -1855.7465 -2624.4507 -3231.9214 3109.259 3125.7751 3142.2913 3158.8074 3175.122 3191.2354 3207.2478 3223.2605 3239.273 3255.1848 3270.7947 3286.4043 3299.8992 -3282.376 -3267.1692 383.6975 3299.8992 3299.8992 3295.5688 3280.1604 3264.9536 3249.646 3233.6333 3218.628 3203.5217 3188.1133 3172.6042 3157.3975 3142.0898 3126.8828 3111.8774 3097.0732 3081.3628 2875.9185 1591.0858 64.75525 -1071.4325 -1960.8856 -2764.4348 3248.3367 3110.4675 3127.185 3143.6003 3160.2173 3176.4312 3192.6453 3208.6577 3224.5696 3240.4814 3256.3933 3272.0032 3287.7136 3299.8992 -3281.369 -3265.9607 878.1738 3299.8992 3299.8992 3294.2595 3278.952 3263.6443 3248.3367 3232.3242 3217.3186 3202.011 3186.7034 3171.2952 3155.9875 3140.68 3125.6743 3110.669 3095.8647 3078.4424 2865.3442 1583.432 10.272217 -1097.113 -2018.9941 -2829.5928 3132.1196 3110.4675 3127.2856 3143.8018 3160.3179 3176.6326 3192.7458 3208.6577 3224.771 3240.4814 3256.4941 3272.2046 3287.915 3299.8992 
3299.8992 3299.8992 1717.3737 -359.02405 -1737.616 -2986.6973 -3116.4092 -3101.5044 -3086.9019 -3072.4 -3057.9985 -3043.7988 -3029.6997 -3015.802 -3001.8035 -2988.0066 -2938.156 -2599.3743 -2283.8562 -2044.7754 -1837.8204 -1339.6179 -921.9818 -546.24023 -237.26807 -86.40747 118.43262 449.66125 1395.2087 2725.8635 3299.8992 3299.8992 3299.8992 3299.8992 3299.8992 3299.8992 3299.8992 3299.8992 3299.8992 3299.8992 3299.8992 3299.8992 1743.2556 -291.04614 -1830.5695 -3125.5737 -3111.978 -3097.2747 -3082.672 -3068.1702 -3053.8696 -3039.569 -3025.47 -3011.5723 -2997.7751 -2983.9783 -2966.455 -2635.6292 -2125.0396 -1702.2675 -1212.7258 -778.6743 -408.37097 -137.96997 86.60889 287.52136 525.19226 814.52637 1694.4122 2792.1294 3299.8992 3299.8992 3299.8992 3299.8992 3299.8992 3299.8992 3299.8992 3299.8992 3299.8992 3299.8992 3299.8992 3299.8992 1415.2496 -312.29553 -1459.4604 -2678.3293 -3048.9348 -3100.296 -3095.8647 -3080.658 -3043.1946 -2863.733 -2695.6511 -2518.405 -2387.5854 -2067.334 -1610.5225 -1148.7762 -832.3517 -577.86255 -380.77698 -284.198 -34.34143 91.64429 318.64014 590.55176 830.84106 1269.5251 2184.0544 3283.1816 3299.8992 3299.8992 3299.8992 3299.8992 3299.8992 3299.8992 3299.8992 3299.8992 3299.8992 3299.8992 3049.237 2143.7712 -294.87305 -2156.3599 -2663.4246 -2722.8423 -2770.3765 -2833.319 -2925.4668 -2930.0994 -2980.6548 -2929.193 -2889.212 -2876.422 -2885.1836 -2843.692 -2835.3333 -2835.1318 -2858.3953 -2831.8083 -2545.3948 -2178.2134 -1932.7881 -1372.348 -772.0276 -334.552 -26.586914 554.19617 1750.8087 2890.5212 3299.8992 3299.8992 3299.8992 3299.8992 3299.8992 3299.8992 3299.8992 3299.8992 3299.8992 3299.8992 3299.8992 3299.8992 1487.558 -363.75732 -1669.0338 -2948.2268 -3105.7341 -3090.9302 -3076.4282 -3061.9263 -3047.525 -3033.4258 -3019.528 -3005.5298 -2991.632 -2977.835 -2594.5403 -2156.8633 -1836.6119 -1474.5667 -1188.3545 -835.57434 -643.927 -338.3789 -23.26355 224.57886 485.71472 964.4806 2012.2467 2970.1812 3299.8992 3299.8992 3299.8992 3299.8992 3299.8992 3299.8992 3299.8992 3299.8992 3299.8992 3299.8992 

-35.34851 -30.212402 -24.169922 8.358765 20.24231 20.343018 9.768677 4.5318604 -3.8269043 -18.530273 -28.500366 -20.846558 -16.314697 -9.869385 -11.984253 -8.459473 -3.7261963 7.0495605 -2.0141602 6.1431885 9.466553 18.22815 13.796997 18.530273 9.164429 9.063721 15.106201 17.019653 19.638062 12.487793 33.737183 23.162842 37.96692 32.125854 26.083374 23.666382 23.968506 23.26355 26.586914 16.818237 6.5460205 -5.7403564 -17.72461 -32.83081 -40.38391 -30.413818 0.20141602 24.069214 25.579834 20.040894 -2.0141602 -33.132935 -61.029053 -59.61914 -66.467285 -59.61914 -27.593994 21.75293 72.40906 106.75049 106.75049 106.75049 106.75049 106.75049 106.75049 106.75049 106.75049 106.75049 106.75049 106.75049 106.75049 106.75049 106.75049 106.75049 106.75049 106.75049 106.75049 106.75049 106.75049 106.75049 -17.523193 -38.87329 -25.680542 -11.984253 -1.0070801 4.0283203 2.3162842 -5.1361084 11.581421 30.917358 34.140015 30.715942 17.019653 12.689209 -10.171509 -51.965332 -75.631714 -61.6333 -42.599487 -23.26355 -5.5389404 19.537354 13.897705 13.192749 18.933105 16.113281 -3.5247803 -12.185669 -21.954346 -28.29895 -8.459473 -31.219482 -29.608154 -8.258057 -5.6396484 -3.3233643 -11.279297 -8.157349 -8.862305 -4.8339844 -0.50354004 -16.616821 -22.457886 -22.457886 -28.29895 -22.25647 -21.75293 -18.026733 -16.818237 0.10070801 5.5389404 8.258057 0 6.6467285 3.3233643 0.20141602 3.1219482 5.9417725 21.148682 17.22107 49.95117 60.525513 90.03296 90.43579 71.09985 34.542847 24.27063 30.31311 38.168335 33.737183 24.069214 33.535767 -3.5247803 -71.90552 -109.87244 -103.829956 -89.02588 -90.63721 -74.72534 -36.154175 -36.154175 -36.154175 -36.154175 -36.154175 -36.154175 -36.154175 -36.154175 -36.154175 -36.154175 -36.154175 -36.154175 -36.154175 -36.154175 -36.154175 -36.154175 -36.154175 -36.154175 -36.154175 -36.154175 -36.154175 -108.36182 -125.88501 -97.38464 -63.24463 -15.911865 12.286377 40.786743 58.61206 39.37683 -13.897705 -30.917358 -21.75293 -13.494873 -16.818237 -25.78125 -17.623901 -11.581421 -13.293457 -18.832397 -21.75293 -20.443726 -18.127441 -17.422485 -17.321777 -17.019653 -19.033813 -22.558594 -31.118774 -26.889038 -17.422485 -8.459473 -6.7474365 -6.3446045 -3.5247803 3.0212402 2.2155762 -3.4240723 -2.2155762 -4.9346924 2.0141602 
-91.241455 -107.65686 -102.319336 -85.5011 -75.73242 -74.2218 -63.949585 -61.029053 -41.189575 -5.6396484 11.682129 24.27063 28.903198 25.177002 16.918945 15.106201 8.660889 8.862305 2.4169922 1.9134521 -0.9063721 -2.6184082 3.9276123 11.380005 2.6184082 3.1219482 5.6396484 17.926025 7.0495605 2.4169922 -5.0354004 -0.40283203 -12.789917 1.4099121 0.60424805 13.998413 9.063721 15.811157 30.212402 58.914185 86.00464 108.966064 158.31299 180.16663 175.73547 166.36963 164.85901 155.9967 146.22803 159.42078 129.30908 98.59314 42.700195 8.963013 -6.3446045 -18.127441 -25.881958 -38.571167 -63.446045 -91.34216 -113.69934 -135.65369 -138.87634 -147.2351 -123.87085 -69.1864 -14.300537 -11.883545 -34.039307 -55.288696 -62.64038 -57.403564 -68.78357 -71.90552 -78.652954 -88.42163 -103.72925 -91.44287 -88.92517 -80.667114 -49.145508 -21.047974 4.1290283 20.544434 46.124268 60.525513 53.07312 41.99524 39.074707 38.671875 57.806396 58.71277 46.42639 48.742676 35.046387 14.904785 -11.178589 -31.723022 -52.871704 -65.05737 -54.483032 -45.117188 -71.30127 -83.08411 -69.1864 -49.145508 -29.30603 -16.314697 -7.0495605 -9.365845 -4.0283203 -20.24231 -20.74585 -6.5460205 -12.588501 -4.5318604 -17.623901 -8.761597 -18.630981 -7.3516846 -10.473633 -7.7545166 -5.9417725 -2.5177002 1.2084961 4.8339844 8.258057 10.473633 18.328857 26.486206 31.82373 31.723022 34.84497 30.615234 25.177002 27.191162 25.378418 28.097534 27.996826 10.070801 46.42639 53.475952 48.339844 55.08728 55.288696 50.55542 53.778076 77.74658 97.88818 108.56323 137.96997 154.18396 165.86609 167.77954 161.73706 166.16821 155.69458 156.29883 127.99988 102.11792 68.984985 40.182495 20.645142 30.917358 15.609741 -17.72461 -23.867798 -7.8552246 7.0495605 8.560181 -16.012573 -98.69385 -162.84485 -186.61194 -209.67407 -222.5647 -205.34363 -175.03052 -155.09033 -151.76697 -153.68042 -135.04944 -116.922 -85.702515 -67.77649 -66.26587 -46.829224 -42.196655 -48.641968 -71.60339 -65.3595 -59.518433 -68.88428 -61.532593 -54.785156 -42.599487 -38.36975 -27.392578 -24.77417 -18.933105 -17.422485 -13.092041 -4.5318604 -5.6396484 -8.963013 -7.8552246 -8.056641 -3.9276123 8.761597 18.127441 25.479126 30.81665 45.52002 41.693115 33.43506 35.44922 30.212402 29.30603 29.608154 33.233643 
3299.8992 3287.8142 -2578.6284 3297.4822 -3286.1023 -3269.4854 -3252.9692 -3236.856 -3220.944 -3205.0322 -3189.3218 -3174.0142 -3158.5051 -3143.2983 -3128.1921 -3113.2874 -3098.4832 -3083.6792 -3069.2778 -3054.9773 -3040.4753 -2714.3828 -2188.7878 81.37207 2701.1902 3299.8992 3299.8992 3299.8992 3299.8992 3299.8992 3299.8992 3299.8992 3299.8992 3299.8992 3299.8992 3299.8992 3299.8992 3299.8992 3299.8992 3299.8992 3299.8992 3299.8992 3298.0864 -3285.2966 -3268.579 -3252.063 -3235.5469 -3219.635 -3203.7231 -3188.0127 -3172.5037 -3157.0952 -3141.7876 -3126.7822 -3111.7766 -3096.8718 -3082.3699 -3067.7673 -3053.366 -3039.0654 -3024.8657 -3011.1694 -807.98035 2067.9382 3299.8992 3299.8992 3299.8992 3299.8992 3299.8992 3299.8992 3299.8992 3299.8992 3299.8992 3299.8992 3299.8992 3299.8992 3299.8992 3299.8992 3299.8992 3299.8992 3299.8992 3295.6694 3292.9504 -3289.5264 -3272.9094 -3256.5947 -3240.4814 -3224.469 -3208.6577 -3192.8467 -3177.3376 -3161.9292 -3146.521 -3131.4148 -3116.51 -3101.6052 -3087.0024 -3072.4 -3057.797 -3043.396 -3029.196 -3014.9963 -775.8545 2131.8877 3299.8992 3299.8992 3299.8992 3299.8992 3299.8992 3299.8992 3299.8992 3299.8992 3299.8992 3299.8992 3299.8992 3299.8992 3299.8992 3299.8992 3299.8992 3299.8992 3299.8992 3291.4397 3291.339 -3291.8425 -3275.2258 -3258.7097 -3242.395 -3226.2817 -3210.3699 -3194.6594 -3178.949 -3163.5405 -3148.233 -3133.2275 -3118.1213 -3103.3171 -3088.6138 -3073.9104 -3059.4084 -3045.108 -3030.9082 -3013.5864 -618.34717 2260.5925 3299.8992 3299.8992 3299.8992 3299.8992 3299.8992 3299.8992 3299.8992 3299.8992 3299.8992 3299.8992 3299.8992 3299.8992 3299.8992 3299.8992 3299.8992 3299.8992 3299.8992 3287.6128 3290.1306 -3293.2524 -3276.535 -3259.9182 -3243.6035 -3227.5908 -3211.5784 -3195.868 -3180.258 -3164.749 -3149.5422 -3134.3352 -3119.229 -3104.5256 -3089.8223 -3075.119 -3060.7178 -3046.3164 -3032.0159 -2991.0278 -529.7241 2449.7222 3299.8992 3299.8992 3299.8992 3299.8992 3299.8992 3299.8992 3299.8992 3299.8992 3299.8992 3299.8992 3299.8992 3299.8992 3299.8992 3299.8992 3299.8992 3299.8992 3299.8992 3282.5774 3289.224 -3293.2524 -3276.6357 -3260.321 -3244.4092 -3228.296 -3212.384 -3196.6736 -3181.0637 -3165.6555 -3150.348 -3135.1409 -3120.236 -3105.3313 -3090.5273 -3075.824 -3061.4226 -3047.122 
3259.2131 3243.6035 -3240.6829 3254.782 3270.4924 3286.203 3299.8992 -3283.2825 -3268.1763 -3253.2715 -3238.3667 -3223.6633 -3209.0605 -3194.6594 -3180.258 -3166.159 -3151.9592 -3137.86 -3123.9624 -3110.1653 -3096.469 -2957.3914 -494.97986 1912.6465 3299.8992 3299.8992 3299.8992 3299.8992 3299.8992 3299.8992 3299.8992 3299.8992 3299.8992 3299.8992 3299.8992 3299.8992 3299.8992 3299.8992 3291.742 3276.8372 3261.9324 3246.6248 3243.3013 3259.4146 3275.2258 3290.4326 3299.8992 -3278.7505 -3263.6443 -3248.7395 -3233.9355 -3219.2322 -3204.7302 -3190.2283 -3175.9277 -3161.6272 -3147.528 -3133.5295 -3119.7327 -3105.9355 -3092.34 -2593.1304 157.40662 2510.852 3299.8992 3299.8992 3299.8992 3299.8992 3299.8992 3299.8992 3299.8992 3299.8992 3299.8992 3299.8992 3299.8992 3299.8992 3299.8992 3299.8992 3288.922 3274.118 3259.1125 3243.805 3242.2942 3258.307 3274.0173 3289.325 3299.8992 -3279.8584 -3264.7522 -3249.8474 -3235.0432 -3220.4407 -3205.838 -3191.336 -3177.0354 -3162.8357 -3148.6357 -3134.6375 -3120.8403 -3107.0435 -3093.3472 -2343.6768 304.74243 2723.7488 3299.8992 3299.8992 3299.8992 3299.8992 3299.8992 3299.8992 3299.8992 3299.8992 3299.8992 3299.8992 3299.8992 3299.8992 3299.8992 3299.8992 3285.8 3270.8953 3255.9905 3240.5823 3240.7837 3256.897 3272.6074 3287.915 3299.8992 -3281.2683 -3266.162 -3251.2573 -3236.4531 -3221.7498 -3207.1472 -3192.7458 -3178.3447 -3164.1448 -3149.945 -3136.0474 -3122.2502 -3108.4534 -3094.757 -2549.826 223.7732 2419.5098 3299.8992 3299.8992 3299.8992 3299.8992 3299.8992 3299.8992 3299.8992 3299.8992 3299.8992 3299.8992 3299.8992 3299.8992 3299.8992 3299.8992 3286.4043 3271.4995 3256.6956 3236.9568 3243.805 3259.8174 3275.5278 3290.7349 3299.8992 -3278.4485 -3263.3423 -3248.4375 -3233.5327 -3219.0308 -3204.428 -3189.926 -3175.7263 -3161.4258 -3147.3267 -3133.3281 -3119.5312 -3105.7341 -3092.1387 -2435.623 153.3783 2443.6797 3299.8992 3299.8992 3299.8992 3299.8992 3299.8992 3299.8992 3299.8992 3299.8992 3299.8992 3299.8992 3299.8992 3299.8992 3299.8992 3299.8992 3288.8213 3274.0173 3259.0117 3195.1628 3247.8333 3263.745 3279.4556 3294.6624 -3289.7278 -3274.6216 -3259.5154 -3244.6106 -3229.8064 -3215.2039 -3200.601 -3186.3005 -3172 -3157.6995 -3143.7012 -3129.7026 -3115.9058 -3102.1086 
-3236.0503 -3221.9512 2089.7917 3299.8992 3299.8992 3299.8992 3299.8992 3299.8992 3292.5476 3277.8442 3263.1409 3248.3367 3233.5327 3218.7285 3203.9246 3189.4226 3174.5178 3160.1165 3145.7153 3131.314 3087.2039 1655.1361 -433.14514 -1984.4513 -3177.1362 3140.579 3156.6924 3172.3022 3187.509 3202.9175 3218.1243 3233.432 3248.4375 3263.4429 3278.3477 3293.2524 -3291.9434 -3277.3406 -3262.8386 -3248.3367 -3234.0361 -3219.8364 2369.6594 3299.8992 3299.8992 3299.8992 3299.8992 3299.8992 3293.3533 3278.7505 3263.8457 3249.2432 3234.5398 3219.635 3204.8308 3190.0269 3175.3235 3160.922 3146.4202 3132.019 2952.5574 1335.3882 -677.8656 -2198.7578 3131.2134 3146.521 3162.6343 3178.1433 3193.2495 3208.6577 3223.8647 3239.0715 3254.1777 3269.284 3283.9873 3298.892 -3286.4043 -3271.8018 -3257.199 -3242.8984 -3228.6987 -3214.4988 2905.426 3299.8992 3299.8992 3299.8992 3299.8992 3299.8992 3296.878 3282.1746 3267.4712 3252.6672 3237.7625 3222.9583 3208.0535 3193.35 3178.7476 3164.2456 3149.7437 3135.2417 2974.6123 1313.5345 -705.7617 -2208.4258 3193.1487 3150.348 3165.5547 3181.366 3197.0764 3212.384 3227.5908 3242.697 3257.904 3272.8088 3287.7136 3299.8992 -3282.7788 -3268.0754 -3253.6743 -3239.273 -3224.9724 -3088.0095 3299.8992 3299.8992 3299.8992 3299.8992 3299.8992 3299.8992 3297.583 3282.9802 3268.0754 3253.2715 3238.568 3223.6633 3208.96 3194.2566 3179.7546 3165.2527 3150.9521 3136.3494 3049.64 2093.0144 316.12244 -1175.766 -2486.7827 -3190.7317 -3264.7522 3166.159 3181.4666 3196.9756 3212.2832 3227.4902 3242.5964 3257.7026 3272.708 3287.7136 3299.8992 -3282.9802 -3268.3777 -3253.8757 -3239.4744 -2798.5747 3022.9521 3299.8992 3299.8992 3299.8992 3299.8992 3299.4963 3285.0952 3270.291 3255.487 3240.8843 3225.9795 3211.1755 3196.3713 3181.5674 3167.166 3152.5635 3138.0615 3118.5242 2408.2305 347.94617 -1561.377 -2939.566 3137.5579 3153.4697 3168.7773 3184.5886 3199.9968 3215.4053 3230.612 3245.819 3260.8245 3275.7292 3290.634 3299.8992 -3280.0598 -3265.3564 -3250.7537 -3236.554 -3222.354 -2567.349 3299.8992 3299.8992 3299.8992 3299.8992 3299.8992 3299.8992 3296.3745 3281.6711 3266.9678 3251.9622 3237.1582 3222.354 3207.55 3192.7458 3178.244 3163.6414 3149.24 3134.8389 
3299.8992 3299.8992 1154.1138 -3173.9136 -3158.3037 -3142.8955 -3127.6885 -3112.7837 -3097.879 -3083.075 -3068.573 -3054.1716 -3039.972 -3025.5706 -3011.4714 -2997.5737 -2983.5754 -2969.9797 -2956.2834 -2942.688 -2929.2937 -2916.0002 -2313.6658 -874.54834 549.4629 1871.2555 3022.2473 3299.8992 3299.8992 3299.8992 3299.8992 3299.8992 3299.8992 3299.8992 3299.8992 3299.8992 3299.8992 3299.8992 3299.8992 3299.8992 3299.8992 3299.8992 589.5447 -3166.4612 -3150.7507 -3135.443 -3120.337 -3105.3313 -3090.5273 -3075.824 -3061.322 -3046.9207 -3032.5195 -3018.4204 -3004.4219 -2990.4236 -2976.526 -2962.9302 -2949.3347 -2935.8398 -2922.4456 -2909.253 -1829.1595 -335.15625 1054.6143 2428.372 3299.8992 3299.8992 3299.8992 3299.8992 3299.8992 3299.8992 3299.8992 3299.8992 3299.8992 3299.8992 3299.8992 3299.8992 3299.8992 3299.8992 3299.8992 3299.8992 265.06348 -3169.4824 -3153.772 -3138.3635 -3123.2573 -3108.252 -3093.3472 -3078.7444 -3064.2424 -3049.8413 -3035.5408 -3021.3408 -3007.3425 -2993.344 -2979.547 -2965.8508 -2952.1545 -2938.6597 -2925.3662 -2907.3394 -1940.8447 -627.5116 616.1316 1887.973 3080.5571 3299.8992 3299.8992 3299.8992 3299.8992 3299.8992 3299.8992 3299.8992 3299.8992 3299.8992 3299.8992 3299.8992 3299.8992 3299.8992 3299.8992 3299.8992 -262.14294 -3161.9292 -3146.521 -3131.2134 -3116.1072 -3101.2024 -3086.3982 -3071.6948 -3057.2937 -3042.8923 -3028.5918 -3014.4927 -3000.3936 -2986.4958 -2972.699 -2959.1033 -2945.5078 -2932.013 -2918.82 -2839.0593 -1449.8932 -46.5271 1245.6573 2512.564 3299.8992 3299.8992 3299.8992 3299.8992 3299.8992 3299.8992 3299.8992 3299.8992 3299.8992 3299.8992 3299.8992 3299.8992 3299.8992 3299.8992 3299.8992 3299.8992 -831.0425 -3165.1519 -3149.6428 -3134.436 -3119.3298 -3104.3242 -3089.6208 -3074.817 -3060.4155 -3045.9136 -3031.7139 -3017.4133 -3003.5156 -2989.618 -2975.8208 -2962.1245 -2948.529 -2935.0342 -2921.7407 -2692.9321 -1162.1704 361.74316 1740.1337 2926.7761 3299.8992 3299.8992 3299.8992 3299.8992 3299.8992 3299.8992 3299.8992 3299.8992 3299.8992 3299.8992 3299.8992 3299.8992 3299.8992 3299.8992 3299.8992 3299.8992 -1199.0295 -3174.3164 -3158.606 -3143.1975 -3128.0913 -3113.086 -3098.2817 -3083.4778 -3068.875 -3054.5745 -3040.274 -3025.9734 -3011.975 -2998.0774 -2984.1797 -2970.4834 -2956.787 -2943.2922 
-3281.1675 -3265.8599 1177.6794 3299.8992 3299.8992 3292.749 3277.4414 3262.1338 3246.8262 3230.9143 3215.808 3200.702 3185.2935 3169.8853 3154.5776 3139.3706 3124.2644 3109.3596 3094.4548 3076.9316 2731.1003 1392.0868 -119.94324 -1244.4489 -2072.9736 -2826.773 3199.7954 3111.978 3128.4941 3145.111 3161.4258 3177.6396 3193.9543 3209.967 3225.879 3241.7908 3257.6018 3273.3123 3289.0227 3299.8992 -3280.1604 -3260.623 1385.9436 3299.8992 3299.8992 3292.6482 3277.4414 3262.033 3246.8262 3230.9143 3215.808 3200.601 3185.1929 3169.6838 3154.4768 3139.3706 3124.2644 3109.259 3094.4548 3076.5288 2757.2844 1428.1403 -77.948 -1288.2568 -2172.4731 -2952.4565 3096.3684 3113.086 3129.8035 3146.3196 3162.7349 3179.0496 3195.1628 3211.2761 3227.188 3243.0999 3258.7097 3274.5208 3290.1306 3299.8992 -3278.952 -3153.5706 1903.7842 3299.8992 3299.8992 3291.4397 3276.132 3260.8245 3245.4163 3229.605 3214.3982 3199.1912 3183.8835 3168.4753 3153.2683 3138.162 3123.056 3108.252 3093.045 3078.543 2991.7327 2092.1082 668.39905 -440.49683 -1373.7579 -2226.0498 -2887.6006 3255.9905 3113.388 3130.2063 3146.6216 3162.9363 3179.1504 3195.2637 3211.377 3227.188 3243.2007 3259.0117 3274.6216 3290.2312 3299.8992 -2739.0564 1670.5444 3299.8992 3292.3462 3277.1392 3262.033 3246.8262 3231.72 3215.9087 3200.9033 3185.8977 3170.4895 3155.081 3139.7734 3124.5667 3109.6619 3093.6492 3066.0552 2780.1453 1646.9788 69.992065 -1338.208 -2254.651 -2946.2126 3098.9868 3111.978 3128.6956 3145.2117 3161.6272 3177.942 3194.1558 3210.1685 3226.0803 3241.8914 3257.8032 3273.5137 3289.1235 3299.8992 -3279.959 -3264.5508 -2727.9785 2807.437 3299.8992 3299.8992 3299.8992 3285.498 3269.989 3254.6814 3238.6687 3223.462 3208.1543 3192.7458 3177.4382 3162.03 3146.7224 3131.5154 3116.51 3101.6052 3083.7798 2527.5696 1133.3679 -226.79443 -1193.9941 -2030.5756 -2781.958 3104.5256 3121.1426 3137.86 3154.1748 3170.4895 3187.0056 3203.119 3219.1313 3234.9426 3250.8545 3266.6655 3282.2754 3297.885 -3286.6057 -3271.399 -2603.8054 2848.6267 3299.8992 3299.8992 3293.5547 3278.247 3262.9395 3247.6318 3231.5186 3216.4124 3201.3062 3185.8977 3170.3887 3154.9805 3139.8743 3124.768 3109.8633 3094.8577 3076.126 
3299.8992 3220.0378 1065.1886 -752.79236 -2121.6155 -3134.2346 -3119.229 -3104.3242 -3089.8223 -3075.3203 -3060.9192 -3046.82 -3032.5195 -3018.521 -3004.724 -2990.927 -2790.216 -2325.5493 -1939.5355 -1587.3596 -1075.3601 -792.97485 -596.89636 -313.1012 -10.070801 196.68274 407.4646 818.454 1906.7047 2871.7896 3299.8992 3299.8992 3299.8992 3299.8992 3299.8992 3299.8992 3299.8992 3299.8992 3299.8992 3299.8992 3299.8992 3077.234 957.2296 -842.22107 -2248.9104 -3140.7805 -3125.7751 -3110.971 -3096.2676 -3081.8665 -3067.3645 -3052.9631 -3038.9648 -3025.0671 -3011.1694 -2997.4731 -2881.4575 -2466.8425 -1975.589 -1597.3297 -1325.3174 -909.89685 -683.1024 -463.05542 -263.35144 36.557007 319.74792 759.4391 1964.8132 2877.6306 3299.8992 3299.8992 3299.8992 3299.8992 3299.8992 3299.8992 3299.8992 3299.8992 3299.8992 3299.8992 3299.8992 2964.2395 909.89685 -878.8788 -2217.0867 -3139.7734 -3124.768 -3109.9639 -3095.2605 -3081.0608 -3066.5588 -3052.2583 -3038.1592 -3024.06 -3010.263 -2996.3652 -2921.9421 -2532.3027 -2084.6558 -1534.8907 -1397.0215 -1125.6134 -962.97 -627.8137 -265.3656 44.815063 281.47888 823.6908 1968.7408 2921.9421 3299.8992 3299.8992 3299.8992 3299.8992 3299.8992 3299.8992 3299.8992 3299.8992 3299.8992 3299.8992 3299.8992 2758.09 533.85315 -1091.6748 -2450.4272 -3131.4148 -3116.51 -3101.7058 -3087.1033 -3072.6013 -3058.2 -3044.2017 -3030.1025 -3016.104 -3002.3071 -2988.51 -2786.4897 -2349.6184 -1741.9464 -1398.1293 -1168.9178 -867.9016 -756.9214 -552.88696 -262.64648 59.1156 205.84717 816.64124 2086.4685 3073.0042 3299.8992 3299.8992 3299.8992 3299.8992 3299.8992 3299.8992 3299.8992 3299.8992 3299.8992 3299.8992 3299.8992 2820.529 573.1293 -1090.7684 -2415.1794 -3131.9182 -3117.0134 -3102.31 -3087.6067 -3073.1047 -3058.8042 -3044.6045 -3030.5054 -3016.5068 -3002.8105 -2989.0137 -2717.505 -2421.222 -1955.9509 -1605.3864 -1208.194 -811.0016 -586.9263 -414.41345 -211.2854 -39.074707 122.25952 803.14636 2096.8413 2726.5686 3299.8992 3299.8992 3299.8992 3299.8992 3299.8992 3299.8992 3299.8992 3299.8992 3299.8992 3299.8992 3299.8992 2416.9922 186.41052 -1381.2103 -2622.1343 -3123.9624 -3108.8562 -3094.2534 -3079.7515 -3065.2495 -3050.949 -3036.8499 -3022.8516 -3008.9539 -2995.1567 -2980.3528 -2796.8628 -2480.136 -1973.7762 -1571.0449 

3.9276123 0 -2.7191162 2.7191162 0.40283203 9.466553 9.164429 9.667969 12.487793 -2.1148682 7.4523926 11.883545 20.040894 61.331177 88.11951 82.58057 71.502686 63.848877 77.44446 80.26428 64.65454 11.581421 -38.269043 -81.87561 -99.801636 -97.68677 -96.17615 -81.97632 -60.021973 -44.210815 -54.986572 -40.283203 -10.272217 47.03064 92.85278 104.937744 90.63721 73.516846 68.984985 24.27063 -9.970093 -37.96692 -75.32959 -92.65137 -74.42322 -75.73242 -82.47986 -42.599487 -11.480713 -7.0495605 -2.6184082 3.8269043 -1.8127441 8.459473 13.696289 14.703369 18.630981 32.32727 47.03064 57.20215 57.20215 57.20215 57.20215 57.20215 57.20215 57.20215 57.20215 57.20215 57.20215 57.20215 57.20215 57.20215 57.20215 57.20215 57.20215 57.20215 57.20215 57.20215 57.20215 57.20215 -2.5177002 5.4382324 10.171509 12.185669 7.7545166 10.473633 12.286377 16.616821 7.1502686 -1.7120361 11.782837 30.715942 -11.279297 -3.1219482 -5.0354004 -4.8339844 16.113281 48.239136 67.77649 61.834717 49.246216 44.51294 67.37366 75.027466 81.674194 88.62305 86.8103 88.52234 64.25171 -11.883545 -54.885864 -63.24463 -89.93225 -122.36023 -125.98572 -116.21704 -88.723755 -71.7041 -52.368164 -44.0094 -39.074707 -38.571167 -32.629395 -26.989746 -1.1077881 14.804077 30.413818 40.786743 28.198242 23.464966 8.963013 -0.10070801 5.6396484 17.623901 7.9559326 13.595581 6.8481445 4.3304443 5.6396484 -1.3092041 -1.3092041 -1.3092041 -1.3092041 -1.3092041 -1.3092041 -1.3092041 -1.3092041 -1.3092041 -1.3092041 -1.3092041 -1.3092041 -1.3092041 -1.3092041 -1.3092041 -1.3092041 -1.3092041 -1.3092041 -1.3092041 -1.3092041 -1.3092041 -20.544434 -1.3092041 -2.2155762 -1.3092041 -6.2438965 0.50354004 2.4169922 4.6325684 0.80566406 23.364258 51.260376 54.885864 32.629395 14.300537 20.141602 34.744263 50.05188 37.36267 26.083374 17.22107 -19.638062 -60.22339 -46.5271 -20.443726 0.10070801 23.867798 63.949585 94.16199 127.99988 144.6167 117.92908 75.22888 44.613647 7.4523926 -56.69861 -110.6781 -129.81262 -103.930664 -63.74817 -71.90552 
29.30603 21.853638 26.687622 22.76001 24.572754 18.630981 19.033813 27.392578 20.74585 -4.8339844 1.9134521 -2.4169922 -4.4311523 4.0283203 12.588501 21.551514 18.832397 27.694702 27.29187 39.578247 49.346924 62.13684 82.27844 92.14783 107.958984 129.81262 149.6521 171.60645 219.03992 238.57727 250.3601 260.4309 254.58984 242.20276 201.81885 167.47742 111.68518 62.942505 31.018066 -17.019653 -79.86145 -116.61987 -129.10767 -128.80554 -129.10767 -138.97705 -140.7898 -145.01953 -174.7284 -201.41602 -215.91797 -193.6615 -160.32715 -108.462524 -71.09985 -51.361084 -51.05896 -66.36658 -95.06836 -117.22412 -129.81262 -132.22961 -107.65686 -100.40588 -90.43579 -92.44995 -94.766235 -86.00464 -69.38782 -48.54126 -34.94568 -28.500366 -13.192749 -10.775757 -4.4311523 -1.4099121 4.6325684 4.6325684 -0.50354004 10.876465 13.696289 28.399658 28.601074 25.881958 21.450806 20.141602 26.889038 31.32019 22.659302 9.667969 16.516113 1.8127441 -31.32019 9.667969 29.708862 16.415405 11.984253 20.141602 9.365845 10.473633 1.1077881 -4.0283203 10.372925 19.134521 31.118774 47.03064 56.396484 66.970825 75.631714 78.25012 80.06287 68.07861 57.60498 40.98816 20.74585 18.933105 33.737183 25.177002 9.466553 -11.480713 -33.535767 -29.30603 -39.578247 -34.542847 0.9063721 24.975586 44.815063 54.281616 48.239136 25.579834 22.860718 14.703369 7.4523926 -4.3304443 -17.019653 -21.551514 -30.413818 -34.039307 -38.269043 -30.715942 -31.32019 -39.074707 -30.31311 -19.134521 -14.501953 -12.084961 -10.272217 -13.998413 3.8269043 16.314697 12.689209 15.710449 15.408325 3.3233643 7.1502686 26.28479 37.36267 46.728516 47.232056 62.13684 69.992065 74.32251 65.56091 54.0802 47.634888 49.145508 71.80481 78.048706 73.21472 53.375244 71.7041 60.12268 47.634888 44.311523 41.189575 44.91577 29.708862 -4.0283203 -62.539673 -107.55615 -152.87476 -154.38538 -145.62378 -121.85669 -73.91968 -12.789917 28.399658 50.656128 66.87012 67.27295 47.53418 7.6538086 -24.572754 -37.86621 -31.219482 -83.48694 -118.533325 -112.994385 -95.06836 -62.64038 
-3032.8215 -2833.1177 -489.74304 2331.6924 3299.8992 3299.8992 3299.8992 3299.8992 3299.8992 3299.8992 3299.8992 3299.8992 3299.8992 3299.8992 3299.8992 3299.8992 3299.8992 3299.8992 3299.8992 3299.8992 3299.8992 3230.5115 3291.0369 -3292.3462 -3275.7292 -3259.1125 -3242.7979 -3226.6846 -3210.7727 -3194.9614 -3179.5532 -3164.0442 -3148.8372 -3133.731 -3118.6248 -3103.8208 -3089.1174 -3074.414 -3059.912 -3045.6116 -3031.4116 -2810.7605 -144.41528 2752.4504 3299.8992 3299.8992 3299.8992 3299.8992 3299.8992 3299.8992 3299.8992 3299.8992 3299.8992 3299.8992 3299.8992 3299.8992 3299.8992 3299.8992 3299.8992 3299.8992 3299.5972 2973.3032 3290.7349 -3292.044 -3275.3264 -3259.1125 -3242.9993 -3226.9866 -3211.1755 -3195.465 -3179.8552 -3164.447 -3149.1394 -3133.9324 -3119.0276 -3104.2236 -3089.4194 -3074.716 -3060.4155 -3046.0144 -3031.8145 -2749.6306 -138.2721 2714.3828 3299.8992 3299.8992 3299.8992 3299.8992 3299.8992 3299.8992 3299.8992 3299.8992 3299.8992 3299.8992 3299.8992 3299.8992 3299.8992 3299.8992 3299.8992 3299.8992 3299.295 2711.563 3292.5476 -3290.8354 -3274.2188 -3257.7026 -3241.388 -3225.2747 -3209.4634 -3193.753 -3178.1433 -3162.8357 -3147.528 -3132.321 -3117.3157 -3102.5115 -3087.808 -3073.2056 -3058.8042 -3044.5037 -3030.304 -2780.4473 -159.52148 2702.6 3299.8992 3299.8992 3299.8992 3299.8992 3299.8992 3299.8992 3299.8992 3299.8992 3299.8992 3299.8992 3299.8992 3299.8992 3299.8992 3299.8992 3299.8992 3299.8992 3299.8992 2076.2969 3296.0723 -3286.6057 -3270.0896 -3253.6743 -3237.7625 -3221.8506 -3205.9387 -3190.2283 -3174.7192 -3159.3108 -3144.104 -3128.9978 -3113.9922 -3099.2888 -3084.4849 -3069.882 -3055.5815 -3041.281 -3027.182 -2329.5776 508.47473 3298.1873 3299.8992 3299.8992 3299.8992 3299.8992 3299.8992 3299.8992 3299.8992 3299.8992 3299.8992 3299.8992 3299.8992 3299.8992 3299.8992 3299.8992 3299.8992 3299.8992 3297.2808 1569.0308 3294.6624 -3288.1165 -3271.4995 -3255.2856 -3239.273 -3223.1597 -3207.4492 -3191.8396 -3176.2297 -3160.8215 -3145.514 -3130.307 -3115.503 -3100.6987 -3085.8948 -3071.292 -3056.8909 -3042.5903 
-3088.6138 -2023.526 416.62903 2537.9424 3299.8992 3299.8992 3299.8992 3299.8992 3299.8992 3299.8992 3299.8992 3299.8992 3299.8992 3299.8992 3299.8992 3299.8992 3299.8992 3299.8992 3289.325 3274.3193 3259.5154 2971.692 3250.2502 3266.162 3281.7717 3296.9788 -3287.4114 -3272.2046 -3257.2998 -3242.395 -3227.5908 -3212.8875 -3198.4863 -3184.085 -3169.7844 -3155.5847 -3141.5862 -3127.588 -3113.6902 -3100.0945 -3086.3982 -1691.9952 564.8712 2698.7732 3299.8992 3299.8992 3299.8992 3299.8992 3299.8992 3299.8992 3299.8992 3299.8992 3299.8992 3299.8992 3299.8992 3299.8992 3299.8992 3299.8992 3288.6199 3273.715 3258.7097 2592.5261 3251.7607 3267.7734 3283.2825 3298.993 -3285.8 -3270.7947 -3255.6885 -3240.8843 -3226.0803 -3211.4775 -3196.9756 -3182.5745 -3168.3745 -3154.1748 -3140.0757 -3126.178 -3112.3809 -3098.6846 -3085.089 -1687.4634 809.08813 2923.654 3299.8992 3299.8992 3299.8992 3299.8992 3299.8992 3299.8992 3299.8992 3299.8992 3299.8992 3299.8992 3299.8992 3299.8992 3299.8992 3299.8992 3288.0156 3273.1108 3258.0046 2195.636 3253.07 3268.982 3284.5916 3299.8992 -3284.6924 -3269.5862 -3254.5806 -3239.6758 -3224.8718 -3210.269 -3195.767 -3181.4666 -3167.0654 -3152.9663 -3139.0686 -3125.07 -3111.2732 -3097.577 -3083.9812 -1506.4911 1121.0815 3226.3823 3299.8992 3299.8992 3299.8992 3299.8992 3299.8992 3299.8992 3299.8992 3299.8992 3299.8992 3299.8992 3299.8992 3299.8992 3299.8992 3299.8992 3286.0015 3270.996 3255.89 1456.1371 3253.6743 3269.4854 3285.0952 3299.8992 -3284.1887 -3268.982 -3253.9763 -3239.1724 -3224.469 -3209.7656 -3195.2637 -3180.8623 -3166.6626 -3152.4626 -3138.4644 -3124.5667 -3110.7695 -3097.0732 -3083.4778 -1378.2898 1467.6178 3299.8992 3299.8992 3299.8992 3299.8992 3299.8992 3299.8992 3299.8992 3299.8992 3299.8992 3299.8992 3299.8992 3299.8992 3299.8992 3299.8992 3298.0864 3283.383 3268.579 3253.372 1142.5323 3252.1636 3268.0754 3283.6853 3299.295 -3285.5986 -3270.4924 -3255.487 -3240.6829 -3225.879 -3211.2761 -3196.7742 -3182.4736 -3168.0725 -3153.9734 -3139.8743 -3125.9766 -3112.2803 -3098.4832 
2931.1064 1249.585 -558.5266 -1973.5748 -3111.0718 3146.823 3162.9363 3178.4453 3193.6523 3208.96 3224.2676 3239.4744 3254.5806 3269.5862 3284.491 3299.1943 -3286.1023 -3271.399 -3256.897 -3242.395 -3228.296 -2400.9795 3299.8992 3299.8992 3299.8992 3299.8992 3299.8992 3299.8992 3289.9292 3275.2258 3260.4216 3245.6177 3230.8135 3215.9087 3201.2053 3186.7034 3172 3157.3975 3143.097 3128.595 2647.2107 784.8175 -1042.4286 -2446.701 3134.1338 3149.945 3165.3533 3181.1646 3196.7742 3212.1826 3227.2888 3242.395 3257.5012 3272.5066 3287.3108 3299.8992 -3283.1816 -3268.6797 -3254.1777 -3239.5752 -3225.2747 -2052.0264 3299.8992 3299.8992 3299.8992 3299.8992 3299.8992 3299.8992 3290.332 3275.5278 3260.7239 3245.9197 3231.1157 3216.211 3201.5076 3186.9048 3172.3022 3157.8003 3143.6003 3127.6885 2519.9158 603.9459 -1195.7062 -2530.2886 3136.853 3152.765 3168.6768 3184.1858 3199.1912 3214.4988 3229.8064 3244.9126 3260.0188 3274.9236 3289.9292 3299.8992 -3280.7646 -3266.162 -3251.6602 -3237.2588 -3223.059 -1764.505 3299.8992 3299.8992 3299.8992 3299.8992 3299.8992 3299.8992 3291.4397 3276.7363 3261.9324 3247.1282 3232.3242 3217.4194 3202.6152 3188.0127 3173.5107 3158.908 3144.5068 3130.005 2677.2217 768.2007 -984.6222 -2413.971 3135.443 3151.4556 3166.6626 3182.4736 3198.0835 3213.391 3228.6987 3243.805 3259.0117 3273.816 3288.7207 3299.8992 -3281.7717 -3267.2698 -3252.6672 -3238.2659 -3224.0662 -1349.6887 3299.8992 3299.8992 3299.8992 3299.8992 3299.8992 3299.8992 3288.6199 3273.816 3259.1125 3244.3083 3229.303 3214.5996 3199.7954 3185.1929 3170.59 3156.0881 3141.7876 3125.2715 2484.668 606.66504 -1106.1768 -2460.2966 3134.6375 3150.4485 3165.857 3181.7688 3197.2778 3212.686 3227.5908 3242.9993 3258.0046 3273.0103 3288.0156 3299.8992 -3282.5774 -3267.9749 -3253.473 -3239.0715 -3224.8718 -742.1173 3299.8992 3299.8992 3299.8992 3299.8992 3299.8992 3299.5972 3284.8938 3270.291 3255.487 3240.7837 3225.879 3211.1755 3196.3713 3181.7688 3167.166 3152.664 3138.3635 3122.0488 
-2929.898 -2797.9705 -1607.6019 -235.45532 1178.9886 2536.2305 3299.8992 3299.8992 3299.8992 3299.8992 3299.8992 3299.8992 3299.8992 3299.8992 3299.8992 3299.8992 3299.8992 3299.8992 3299.8992 3299.8992 3299.8992 3299.8992 -1530.4596 -3170.7915 -3155.2825 -3139.8743 -3124.768 -3109.8633 -3094.9585 -3080.3557 -3065.7532 -3051.4526 -3037.0513 -3022.9521 -3008.853 -2994.8547 -2981.0576 -2967.3613 -2953.7659 -2940.271 -2926.8767 -2748.825 -1420.8893 -12.487793 1285.6384 2627.9753 3299.8992 3299.8992 3299.8992 3299.8992 3299.8992 3299.8992 3299.8992 3299.8992 3299.8992 3299.8992 3299.8992 3299.8992 3299.8992 3299.8992 3299.8992 3299.8992 -1932.5867 -3169.0796 -3153.6711 -3138.3635 -3123.2573 -3108.252 -3093.5486 -3078.8452 -3064.2424 -3049.942 -3035.5408 -3021.4417 -3007.443 -2993.4448 -2979.7485 -2966.0522 -2952.356 -2938.7603 -2925.3662 -2647.815 -1371.341 49.850464 1393.0939 2605.2153 3299.8992 3299.8992 3299.8992 3299.8992 3299.8992 3299.8992 3299.8992 3299.8992 3299.8992 3299.8992 3299.8992 3299.8992 3299.8992 3299.8992 3299.8992 3299.8992 -2270.6633 -3167.3674 -3151.7578 -3136.4502 -3121.344 -3106.3384 -3091.635 -3076.831 -3062.4297 -3048.0286 -3033.728 -3019.629 -3005.6304 -2991.632 -2977.835 -2964.1387 -2950.5432 -2937.149 -2923.654 -2710.0525 -1389.3677 93.15491 1567.4194 2825.8667 3299.8992 3299.8992 3299.8992 3299.8992 3299.8992 3299.8992 3299.8992 3299.8992 3299.8992 3299.8992 3299.8992 3299.8992 3299.8992 3299.8992 3299.8992 3187.1062 -2693.7378 -3165.6555 -3150.1465 -3134.8389 -3119.8333 -3104.727 -3090.1245 -3075.3203 -3060.9192 -3046.4172 -3032.1167 -3018.1182 -3004.1199 -2990.1213 -2976.3245 -2962.7288 -2949.1333 -2935.5376 -2922.2441 -2641.0674 -1250.8942 241.90063 1521.2952 2719.9219 3299.8992 3299.8992 3299.8992 3299.8992 3299.8992 3299.8992 3299.8992 3299.8992 3299.8992 3299.8992 3299.8992 3299.8992 3299.8992 3299.8992 3299.8992 2957.8948 -3044.705 -3162.7349 -3147.3267 -3132.1196 -3117.0134 -3102.2095 -3087.506 -3072.8027 -3058.2 -3043.8994 -3029.8003 -3015.6006 -3001.602 -2987.7043 -2973.8066 -2960.3118 -2946.7163 -2933.2214 
2525.354 1122.7936 -181.1737 -1156.9336 -2007.8156 -2833.319 3097.7783 3114.4958 3131.314 3147.7295 3164.1448 3180.359 3196.4722 3212.686 3228.4973 3244.5098 3260.1196 3275.9307 3291.641 3299.8992 -3277.542 -2365.4297 3124.9695 3299.8992 3299.8992 3285.6995 3270.3918 3255.0842 3239.7766 3223.764 3208.7585 3193.451 3178.244 3162.7349 3147.528 3132.4219 3117.3157 3102.411 3087.506 3069.2778 2422.229 930.7434 -456.5094 -1554.4281 -2464.1235 -3233.6333 3099.7925 3116.51 3133.0261 3149.5422 3165.9575 3182.1716 3198.285 3214.3982 3230.2092 3246.222 3261.8315 3277.6428 3293.2524 -3291.339 -3275.9307 -2019.5984 3299.8992 3299.8992 3299.8992 3284.6924 3269.4854 3254.2786 3238.87 3222.9583 3208.0535 3192.6453 3177.2368 3162.03 3146.6216 3131.6162 3116.51 3101.6052 3086.801 3065.9546 2250.3203 798.7152 -626.3031 -1647.6837 -2533.2092 -3241.5894 3102.008 3118.7256 3135.2417 3151.8584 3168.0725 3184.2864 3200.3997 3216.4124 3232.3242 3248.236 3264.047 3279.7576 3295.166 -3289.224 -3273.816 -1725.3296 3299.8992 3299.8992 3299.8992 3284.8938 3269.4854 3254.2786 3238.971 3222.9583 3208.0535 3192.6453 3177.3376 3162.1306 3146.7224 3131.6162 3116.6106 3101.7058 3086.7004 3066.6594 2240.048 769.5099 -626.6052 -1549.4934 -2317.4927 -3089.4194 3099.994 3116.7114 3133.429 3149.8442 3166.159 3182.5745 3198.587 3214.5996 3230.612 3246.4233 3262.2344 3277.8442 3293.4539 -3291.0369 -3275.6287 -1488.6658 3299.8992 3299.8992 3297.0793 3281.8726 3266.565 3251.2573 3235.9497 3220.1384 3205.133 3189.8254 3174.417 3159.1094 3143.9026 3128.6956 3113.7908 3098.7854 3083.9812 3062.329 2143.5698 622.97974 -659.43604 -1688.3698 -2536.2305 -3204.9316 3101.001 3117.7185 3134.3352 3150.7507 3167.0654 3183.3801 3199.3926 3215.4053 3231.3171 3247.229 3262.9395 3278.7505 3294.3604 -3290.2312 -3274.823 -1039.6088 3299.8992 3299.8992 3295.2666 3280.0598 3264.9536 3249.5452 3234.3384 3218.225 3203.3203 3188.0127 3172.705 3157.3975 3142.0898 3127.0842 3112.0789 3097.0732 3082.1685 3002.5085 
-1287.5519 -957.73315 -675.95215 -450.76904 -222.36328 99.09668 384.20105 1055.1178 2234.1064 3092.4407 3299.8992 3299.8992 3299.8992 3299.8992 3299.8992 3299.8992 3299.8992 3299.8992 3299.8992 3299.8992 3299.8992 2315.277 172.61353 -1348.3795 -2552.4443 -3119.8333 -3104.9285 -3090.326 -3075.824 -3061.322 -3047.0215 -3032.9224 -3018.8232 -3005.0261 -2991.1284 -2956.1829 -2542.575 -2169.5525 -1859.9762 -1529.6539 -1078.0792 -688.0371 -366.37573 -79.35791 100.50659 334.3506 389.43787 1078.9856 2305.7097 3282.5774 3299.8992 3299.8992 3299.8992 3299.8992 3299.8992 3299.8992 3299.8992 3299.8992 3299.8992 3299.8992 3299.8992 2468.8567 315.31677 -1210.7117 -2471.9788 -3130.1055 -3115.2007 -3100.3967 -3085.8948 -3071.3928 -3057.0923 -3042.7917 -3028.5918 -3014.795 -3000.9978 -2979.7485 -2597.461 -2237.2283 -1754.9377 -1574.8718 -1281.9122 -873.44055 -447.24426 -225.28381 -105.441284 37.060547 344.21997 1086.3373 2301.6814 3065.3503 3299.8992 3299.8992 3299.8992 3299.8992 3299.8992 3299.8992 3299.8992 3299.8992 3299.8992 3299.8992 3299.8992 2066.226 -35.147095 -1537.6099 -2799.884 -3126.7822 -3111.978 -3097.2747 -3082.7727 -3068.3716 -3054.1716 -3039.7705 -3025.6714 -3011.975 -2998.178 -2957.2905 -2588.8 -2158.9783 -1754.837 -1395.5109 -920.6726 -504.84924 -101.312256 98.99597 100.305176 265.96985 595.38574 1455.4321 2576.3123 3299.8992 3299.8992 3299.8992 3299.8992 3299.8992 3299.8992 3299.8992 3299.8992 3299.8992 3299.8992 3299.8992 3299.8992 2134.607 142.70325 -1303.4637 -2637.14 -3140.4785 -3125.5737 -3110.8704 -3096.3684 -3081.665 -3067.2637 -3053.1646 -3039.0654 -3025.0671 -3011.0686 -2995.761 -2694.2412 -2257.2693 -1858.4656 -1581.8207 -1141.626 -726.6083 -537.57935 -305.6488 -115.10925 42.599487 349.85962 1227.832 2438.2415 3299.8992 3299.8992 3299.8992 3299.8992 3299.8992 3299.8992 3299.8992 3299.8992 3299.8992 3299.8992 3299.8992 3299.8992 2024.3317 -25.680542 -1517.6697 -2884.076 -3136.9536 -3122.1497 -3107.4463 -3092.8435 -3078.241 -3063.8396 -3049.7405 -3035.7422 -3021.643 -3007.9468 -2867.157 -2534.7197 -2130.5786 -1854.3365 -1641.4398 

-74.92676 -82.47986 -77.142334 -55.389404 -36.758423 -16.516113 6.2438965 19.638062 15.408325 12.185669 2.3162842 3.7261963 5.2368164 4.9346924 3.5247803 16.616821 6.9488525 -5.0354004 -21.954346 -18.127441 -18.127441 -18.127441 -18.127441 -18.127441 -18.127441 -18.127441 -18.127441 -18.127441 -18.127441 -18.127441 -18.127441 -18.127441 -18.127441 -18.127441 -18.127441 -18.127441 -18.127441 -18.127441 -18.127441 -18.127441 83.688354 100.50659 111.8866 100.20447 83.78906 61.12976 63.64746 69.1864 62.74109 74.82605 111.68518 171.80786 178.85742 113.80005 60.424805 46.92993 -42.39807 -116.11633 -190.43884 -216.92505 -255.89905 -264.1571 -243.41125 -182.08008 -120.7489 -80.4657 -67.67578 -65.25879 -54.58374 -40.38391 -21.047974 -1.9134521 5.0354004 11.782837 4.7332764 14.501953 1.3092041 0.80566406 1.8127441 -1.3092041 -6.4453125 9.265137 31.118774 30.81665 37.86621 23.76709 19.638062 33.636475 39.98108 32.125854 29.104614 -0.30212402 -6.7474365 -2.5177002 1.7120361 4.1290283 -1.2084961 6.5460205 6.3446045 -1.3092041 -10.574341 -19.638062 -33.132935 -31.219482 1.1077881 37.96692 41.793823 38.87329 44.51294 39.779663 31.521606 2.6184082 -31.219482 -46.92993 -73.21472 -75.83313 -67.57507 -45.117188 -22.357178 -17.825317 -2.5177002 12.588501 23.968506 27.090454 5.6396484 9.567261 23.162842 37.36267 44.815063 45.217896 58.10852 46.728516 47.131348 52.770996 21.148682 54.382324 51.5625 45.217896 33.535767 -5.3375244 -52.468872 -67.17224 -65.15808 -54.382324 -42.599487 -21.75293 -1.7120361 8.862305 24.27063 31.118774 40.182495 52.871704 43.103027 37.261963 29.608154 19.638062 8.258057 -5.2368164 -4.1290283 -6.5460205 -6.5460205 -6.5460205 -6.5460205 -6.5460205 -6.5460205 -6.5460205 -6.5460205 -6.5460205 -6.5460205 -6.5460205 -6.5460205 -6.5460205 -6.5460205 -6.5460205 -6.5460205 -6.5460205 -6.5460205 -6.5460205 -6.5460205 -6.5460205 -14.804077 -25.680542 -37.060547 -32.125854 -19.73877 -5.3375244 -2.6184082 1.1077881 0.60424805 0.60424805 -1.5106201 -10.675049 -17.623901 -10.775757 -3.6254883 0.30212402 5.4382324 1.2084961 -15.106201 -23.162842 
-62.64038 -62.64038 -62.64038 -62.64038 -62.64038 -62.64038 -62.64038 -62.64038 -62.64038 -62.64038 -62.64038 -62.64038 -62.64038 -62.64038 -62.64038 -62.64038 -62.64038 -62.64038 -62.64038 -62.64038 -14.300537 -17.422485 -16.918945 -19.23523 -28.601074 -39.88037 -41.290283 -40.98816 -25.177002 -19.23523 -8.761597 -5.0354004 4.7332764 4.8339844 12.890625 5.9417725 26.586914 44.815063 40.88745 53.475952 45.117188 59.014893 59.518433 76.538086 83.08411 78.75366 84.2926 101.11084 100.909424 77.545166 52.166748 48.843384 63.74817 75.83313 62.64038 98.69385 67.67578 37.564087 -3.4240723 -44.815063 -75.32959 -101.61438 -128.90625 -137.46643 -135.7544 -117.92908 -95.37048 -74.82605 -57.000732 -36.657715 -19.134521 -26.486206 -36.053467 -31.924438 -29.104614 0.60424805 30.31311 48.03772 59.317017 75.83313 76.135254 90.63721 97.18323 89.227295 62.23755 32.226562 15.911865 17.321777 7.7545166 -1.9134521 10.473633 -8.459473 -24.371338 -43.304443 -40.686035 -44.815063 -67.474365 -62.438965 -62.539673 -51.763916 -49.346924 -39.779663 -28.601074 -2.9205322 39.37683 68.481445 82.37915 101.51367 134.74731 147.03369 167.37671 162.03918 137.66785 84.79614 17.926025 -51.361084 -112.79297 -114.90784 -121.15173 -113.69934 -138.17139 -165.66467 -185.00061 -171.70715 -148.3429 -111.58447 -70.09277 -35.751343 -17.825317 -2.5177002 0.40283203 -11.178589 -4.2297363 -12.588501 -45.318604 -38.067627 -33.43506 -24.673462 -28.80249 -16.71753 -23.968506 -26.78833 -21.047974 -16.918945 -17.019653 -0.60424805 6.0424805 -1.8127441 14.300537 16.113281 26.184082 30.81665 34.744263 41.592407 40.48462 35.34851 36.85913 34.94568 31.622314 48.742676 63.74817 85.09827 91.241455 116.519165 132.33032 144.21387 156.39954 156.09741 117.92908 95.67261 56.900024 40.38391 44.714355 34.542847 27.79541 -3.9276123 -25.579834 -34.542847 -67.27295 -93.759155 -133.03528 -126.9928 -119.84253 -115.91492 -94.46411 -81.57349 -65.3595 -47.43347 -16.616821 15.408325 22.25647 21.350098 11.682129 10.775757 2.6184082 -7.5531006 -13.998413 -10.272217 -31.219482 -12.789917 
-3028.4912 -2500.479 256.10046 3089.8223 3299.8992 3299.8992 3299.8992 3299.8992 3299.8992 3299.8992 3299.8992 3299.8992 3299.8992 3299.8992 3299.8992 3299.8992 3299.8992 3299.8992 3299.8992 3299.8992 3298.59 793.7805 3298.4893 -3285.0952 -3268.579 -3252.063 -3235.8489 -3219.7356 -3203.9246 -3188.3147 -3172.8057 -3157.2966 -3142.1904 -3127.0842 -3112.0789 -3097.3755 -3082.672 -3068.0693 -3053.6682 -3039.3677 -3025.1677 -1950.7141 897.9126 3299.8992 3299.8992 3299.8992 3299.8992 3299.8992 3299.8992 3299.8992 3299.8992 3299.8992 3299.8992 3299.8992 3299.8992 3299.8992 3299.8992 3299.8992 3299.8992 3299.8992 3294.5618 104.937744 3295.9717 -3286.8071 -3270.291 -3254.0771 -3238.0645 -3222.052 -3206.1401 -3190.5303 -3175.0212 -3159.7136 -3144.5068 -3129.2998 -3114.395 -3099.4902 -3084.7869 -3070.285 -3055.8838 -3041.4824 -3027.3833 -1884.3475 978.2776 3299.8992 3299.8992 3299.8992 3299.8992 3299.8992 3299.8992 3299.8992 3299.8992 3299.8992 3299.8992 3299.8992 3299.8992 3299.8992 3299.8992 3299.8992 3299.8992 3299.8992 3291.8425 -852.09045 3296.3745 -3287.1094 -3270.4924 -3254.0771 -3237.6616 -3221.7498 -3205.9387 -3190.2283 -3174.6184 -3159.3108 -3144.0032 -3129.0984 -3114.093 -3099.2888 -3084.5854 -3069.983 -3055.481 -3041.281 -3027.0813 -1685.2478 1239.212 3299.8992 3299.8992 3299.8992 3299.8992 3299.8992 3299.8992 3299.8992 3299.8992 3299.8992 3299.8992 3299.8992 3299.8992 3299.8992 3299.8992 3299.8992 3299.8992 3299.8992 3289.4255 -1742.9535 3296.173 -3287.4114 -3270.8953 -3254.3792 -3238.1653 -3222.1526 -3206.3416 -3190.631 -3175.0212 -3159.8145 -3144.5068 -3129.5012 -3114.4958 -3099.591 -3084.8877 -3070.285 -3055.9844 -3041.5833 -3027.5847 -1756.6498 1190.9729 3299.8992 3299.8992 3299.8992 3299.8992 3299.8992 3299.8992 3299.8992 3299.8992 3299.8992 3299.8992 3299.8992 3299.8992 3299.8992 3299.8992 3299.8992 3299.8992 3299.8992 3289.4255 -2416.5894 3297.6836 -3285.1958 -3268.7805 -3252.5664 -3236.6545 -3220.5413 -3204.8308 -3189.0198 -3173.6113 -3158.3037 -3142.996 -3127.89 -3112.985 -3098.1812 -3083.4778 -3068.9758 -3054.5745 -3040.274 
-3082.8735 -973.94714 1600.8545 3299.8992 3299.8992 3299.8992 3299.8992 3299.8992 3299.8992 3299.8992 3299.8992 3299.8992 3299.8992 3299.8992 3299.8992 3299.8992 3299.8992 3294.3604 3279.3547 3264.5508 3249.4446 529.3213 3250.1494 3266.0613 3281.6711 3296.7773 -3287.7136 -3272.5066 -3257.5012 -3242.697 -3227.893 -3213.1897 -3198.7883 -3184.3872 -3170.0867 -3155.8867 -3141.8884 -3127.9907 -3114.093 -3100.4973 -3086.7004 -1152.5024 1411.0199 3299.8992 3299.8992 3299.8992 3299.8992 3299.8992 3299.8992 3299.8992 3299.8992 3299.8992 3299.8992 3299.8992 3299.8992 3299.8992 3299.8992 3294.3604 3279.3547 3264.45 3249.4446 -195.17212 3252.365 3268.0754 3283.6853 3298.892 -3285.5986 -3270.4924 -3255.487 -3240.6829 -3225.879 -3211.2761 -3196.875 -3182.373 -3168.0725 -3154.074 -3139.9749 -3126.0771 -3112.2803 -3098.584 -3079.3486 -940.10925 1477.5879 3299.8992 3299.8992 3299.8992 3299.8992 3299.8992 3299.8992 3299.8992 3299.8992 3299.8992 3299.8992 3299.8992 3299.8992 3299.8992 3299.8992 3294.7632 3279.8584 3264.9536 3249.8474 -860.1471 3254.5806 3270.3918 3286.0015 3299.8992 -3283.383 -3268.2769 -3253.2715 -3238.4673 -3223.764 -3209.1614 -3194.76 -3180.359 -3166.159 -3151.9592 -3137.86 -3124.063 -3110.266 -3096.5698 -3082.974 -1260.5621 1389.1663 3299.8992 3299.8992 3299.8992 3299.8992 3299.8992 3299.8992 3299.8992 3299.8992 3299.8992 3299.8992 3299.8992 3299.8992 3299.8992 3299.8992 3298.4893 3283.5845 3268.7805 3253.372 -1598.1354 3260.0188 3275.83 3291.339 3299.8992 -3278.0457 -3262.9395 -3247.9338 -3233.2305 -3218.527 -3204.0251 -3189.4226 -3175.122 -3160.8215 -3146.823 -3132.9253 -3119.0276 -3105.2307 -3091.635 -2794.1436 -379.9713 2126.8523 3299.8992 3299.8992 3299.8992 3299.8992 3299.8992 3299.8992 3299.8992 3299.8992 3299.8992 3299.8992 3299.8992 3299.8992 3299.8992 3299.8992 3294.3604 3279.3547 3264.45 3249.0417 -2396.347 3258.1055 3273.9165 3289.4255 3299.8992 -3280.0598 -3264.8528 -3249.948 -3235.0432 -3220.4407 -3205.838 -3191.4368 -3177.0354 -3162.7349 -3148.7366 -3134.738 -3120.9412 -3107.144 -3093.4478 
2452.1392 549.3622 -1273.2513 -2624.954 3133.731 3149.7437 3165.0513 3180.8623 3196.4722 3211.679 3226.9866 3242.0928 3257.199 3272.2046 3287.1094 3299.8992 -3283.484 -3268.881 -3254.3792 -3239.978 -3225.6775 -491.25366 3299.8992 3299.8992 3299.8992 3299.8992 3299.8992 3297.885 3283.1816 3268.4783 3253.6743 3238.87 3224.1667 3209.3628 3194.76 3180.0566 3165.454 3150.9521 3136.6516 3118.7256 2185.3638 219.94629 -1515.6555 -2824.7588 3136.7522 3152.5635 3168.6768 3184.085 3199.1912 3214.4988 3229.7058 3244.812 3259.9182 3274.823 3289.7278 3299.8992 -3280.8655 -3266.2627 -3251.7607 -3237.3596 -3223.1597 150.05493 3299.8992 3299.8992 3299.8992 3299.8992 3299.8992 3298.2878 3283.383 3268.6797 3253.9763 3239.1724 3224.3682 3209.6648 3195.1628 3180.4595 3165.756 3151.2542 3136.9536 3119.3298 2233.6028 394.27185 -1263.4827 -2646.5056 3134.1338 3150.0457 3165.2527 3181.1646 3196.6736 3211.9812 3227.188 3242.2942 3257.5012 3272.406 3287.3108 3299.8992 -3283.1816 -3268.7805 -3254.1777 -3239.6758 -3225.6775 623.8861 3299.8992 3299.8992 3299.8992 3299.8992 3299.8992 3293.756 3279.4556 3264.8528 3250.0488 3235.2446 3220.5413 3205.536 3190.933 3176.4312 3161.8286 3147.4272 3133.2275 3115.3015 2153.1372 151.06201 -1591.0858 -2982.5684 3134.5366 3150.247 3166.3604 3181.8694 3196.875 3212.1826 3227.4902 3242.5964 3257.5012 3272.6074 3287.5122 3299.8992 -3282.8796 -3268.3777 -3253.8757 -3239.6758 -3225.3752 916.9464 3299.8992 3299.8992 3299.8992 3299.8992 3299.8992 3293.2524 3278.4485 3263.745 3249.0417 3234.2375 3219.5342 3204.6294 3190.0269 3175.3235 3160.922 3146.521 3132.1196 3110.669 1856.25 -50.253296 -1682.7301 -2954.672 3136.5508 3152.362 3168.4753 3183.8835 3198.8892 3214.1968 3229.5044 3244.5098 3259.5154 3274.5208 3289.5264 3299.8992 -3281.2683 -3266.565 -3252.063 -3237.6616 -3223.462 1381.6132 3299.8992 3299.8992 3299.8992 3299.8992 3299.8992 3293.3533 3278.549 3263.8457 3249.1423 3234.3384 3219.5342 3204.8308 3190.2283 3175.525 3161.023 3146.521 3132.2205 3110.8704 
-2919.928 -2434.314 -1056.8298 390.84778 1731.9763 2857.6904 3299.8992 3299.8992 3299.8992 3299.8992 3299.8992 3299.8992 3299.8992 3299.8992 3299.8992 3299.8992 3299.8992 3299.8992 3299.8992 3299.8992 3299.8992 2782.965 -3178.949 -3163.2385 -3147.931 -3132.6233 -3117.517 -3102.6123 -3087.909 -3073.3062 -3058.8042 -3044.5037 -3030.304 -3016.104 -3002.1057 -2988.208 -2974.5117 -2960.7146 -2947.2197 -2933.6243 -2920.4314 -2335.1165 -1149.2798 172.2107 1667.2211 2808.0413 3299.8992 3299.8992 3299.8992 3299.8992 3299.8992 3299.8992 3299.8992 3299.8992 3299.8992 3299.8992 3299.8992 3299.8992 3299.8992 3299.8992 3299.8992 2406.015 -3175.7263 -3159.613 -3144.104 -3128.7964 -3113.7908 -3098.886 -3084.2834 -3069.58 -3055.0781 -3040.7776 -3026.477 -3012.378 -2998.4802 -2984.683 -2970.8862 -2957.19 -2943.5942 -2930.2002 -2916.9067 -2256.5642 -811.90796 664.3707 1914.1571 3028.5918 3299.8992 3299.8992 3299.8992 3299.8992 3299.8992 3299.8992 3299.8992 3299.8992 3299.8992 3299.8992 3299.8992 3299.8992 3299.8992 3299.8992 3299.8992 2197.8516 -3177.2368 -3161.2244 -3145.6145 -3130.5083 -3115.402 -3100.5981 -3085.8948 -3071.0906 -3056.6895 -3042.389 -3028.0884 -3014.0898 -2999.9907 -2986.093 -2972.3967 -2958.7004 -2945.2056 -2931.7107 -2918.4172 -2031.8848 -662.4573 689.5477 1837.2162 2799.884 3299.8992 3299.8992 3299.8992 3299.8992 3299.8992 3299.8992 3299.8992 3299.8992 3299.8992 3299.8992 3299.8992 3299.8992 3299.8992 3299.8992 3299.8992 1691.5924 -3175.7263 -3160.1165 -3144.7083 -3129.5012 -3114.5964 -3099.6917 -3084.8877 -3070.285 -3055.8838 -3041.4824 -3027.3833 -3013.2842 -2999.286 -2985.3882 -2971.4905 -2957.9956 -2944.5007 -2930.905 -2917.7124 -2143.3684 -683.1024 720.2637 2074.4841 3192.8467 3299.8992 3299.8992 3299.8992 3299.8992 3299.8992 3299.8992 3299.8992 3299.8992 3299.8992 3299.8992 3299.8992 3299.8992 3299.8992 3299.8992 3299.8992 1213.1287 -3174.5178 -3159.0088 -3143.4998 -3128.3936 -3113.4888 -3098.584 -3083.7798 -3069.1772 -3054.776 -3040.4753 -3026.2756 -3012.277 -2998.178 -2984.2803 -2970.584 -2956.9885 -2943.3928 -2929.898 
1882.8369 322.36633 -991.67175 -1949.8077 -2793.1365 3224.469 3107.0435 3123.8616 3140.3777 3156.7932 3173.2085 3189.2212 3205.3345 3221.1455 3237.3596 3253.07 3268.6797 3284.491 3299.8992 -3284.491 -3269.1833 -793.1763 3299.8992 3299.8992 3299.6978 3284.3901 3269.1833 3253.775 3238.568 3222.4548 3207.4492 3192.041 3176.7334 3161.4258 3146.2188 3131.012 3116.0063 3101.2024 3086.1968 2995.3582 1884.0454 468.59436 -719.0552 -1652.1149 -2447.6074 -3115.7043 3104.727 3121.646 3138.162 3154.5776 3170.993 3187.207 3203.421 3219.2322 3235.2446 3250.955 3266.867 3282.5774 3298.0864 -3286.6057 -3271.1975 -451.3733 3299.8992 3299.8992 3295.8708 3280.664 3265.2556 3250.1494 3234.8418 3218.7285 3203.8237 3188.516 3173.2085 3157.8003 3142.5933 3127.487 3112.4817 3097.577 3082.7727 3010.1624 1897.2382 386.31592 -887.8418 -1865.4144 -2666.748 3220.642 3105.6335 3122.351 3138.9678 3155.182 3171.5972 3187.9119 3203.9246 3219.937 3235.7483 3251.6602 3267.4712 3283.081 3298.59 -3285.901 -3270.4924 -54.986572 3299.8992 3299.8992 3294.3604 3279.0527 3263.8457 3248.538 3233.3313 3217.3186 3202.2124 3186.9048 3171.5972 3156.189 3141.0828 3125.9766 3110.971 3096.167 3080.7585 2962.6282 1742.45 254.69055 -983.4137 -1913.15 -2793.8416 3135.5437 3107.3455 3124.063 3140.579 3156.9946 3173.41 3189.4226 3205.6365 3221.5483 3237.4602 3253.2715 3269.0825 3284.6924 3299.8992 -3284.2896 -3268.881 296.18225 3299.8992 3299.8992 3294.159 3278.952 3263.6443 3248.4375 3233.029 3217.0166 3202.011 3186.7034 3171.3958 3156.0881 3140.7805 3125.6743 3110.8704 3095.8647 3078.8452 2819.4214 1550.1984 52.670288 -1054.6143 -1924.53 -2722.238 -3262.5366 3108.7554 3125.5737 3142.0898 3158.4045 3174.7192 3190.933 3207.0464 3223.059 3238.971 3254.782 3270.5933 3286.203 3299.8992 -3282.7788 -3267.4712 726.10474 3299.8992 3299.8992 3293.2524 3278.0457 3262.6372 3247.4304 3232.2234 3216.211 3201.1047 3185.797 3170.3887 3155.081 3139.8743 3124.768 3109.8633 3094.9585 3079.3486 2889.3127 
-1212.7258 -820.46814 -559.3323 -324.4812 -37.060547 250.05798 666.687 1531.2653 2533.8135 3299.8992 3299.8992 3299.8992 3299.8992 3299.8992 3299.8992 3299.8992 3299.8992 3299.8992 3299.8992 3299.8992 3299.8992 1539.624 -432.7423 -1824.6277 -3023.9592 -3133.0261 -3118.1213 -3103.3171 -3088.8152 -3074.414 -3060.0127 -3045.9136 -3031.7139 -3017.8162 -3003.9185 -2944.4 -2524.5483 -2112.6526 -1711.5326 -1359.0546 -948.87085 -563.3606 -349.25537 -132.22961 24.673462 131.12183 407.66602 1297.8241 2423.639 3299.8992 3299.8992 3299.8992 3299.8992 3299.8992 3299.8992 3299.8992 3299.8992 3299.8992 3299.8992 3299.8992 3299.8992 1575.0732 -398.6023 -1874.6796 -3141.7876 -3131.5154 -3116.7114 -3102.008 -3087.506 -3073.1047 -3058.7036 -3044.5037 -3030.4045 -3016.4062 -3002.71 -2960.0098 -2618.106 -2327.765 -1864.8102 -1518.3746 -1253.6133 -801.53503 -520.9625 -284.90295 -144.6167 7.6538086 422.06726 1483.7311 2447.1038 3299.8992 3299.8992 3299.8992 3299.8992 3299.8992 3299.8992 3299.8992 3299.8992 3299.8992 3299.8992 3299.8992 3299.8992 1303.5645 -549.96643 -1790.9912 -2933.2214 -3122.5525 -3107.849 -3093.1458 -3078.543 -3064.2424 -3049.942 -3035.7422 -3021.7437 -3007.9468 -2994.049 -2709.0454 -2379.8308 -2134.3047 -1773.6694 -1504.779 -1174.7589 -787.83875 -614.8224 -410.88867 -325.7904 -109.87244 330.6244 1457.4463 2476.5105 3299.8992 3299.8992 3299.8992 3299.8992 3299.8992 3299.8992 3299.8992 3299.8992 3299.8992 3299.8992 3299.8992 3297.9858 1208.3954 -745.9442 -2258.6792 -3125.9766 -3111.0718 -3096.2676 -3081.7656 -3067.2637 -3052.9631 -3038.7634 -3024.765 -3010.7666 -2997.0703 -2983.2732 -2687.5945 -2191.2048 -1986.5662 -1624.4202 -1242.7368 -893.0786 -475.14038 -389.63928 -272.7173 -77.948 98.0896 656.8176 1787.1643 2781.4543 3299.8992 3299.8992 3299.8992 3299.8992 3299.8992 3299.8992 3299.8992 3299.8992 3299.8992 3299.8992 3299.8992 3165.857 988.04626 -796.3989 -2198.5564 -3128.4941 -3113.4888 -3098.7854 -3084.082 -3069.6807 -3055.2795 -3041.0796 -3027.0813 -3013.1836 -2999.286 -2985.1868 -2749.1272 -2410.6475 -2192.212 -1906.3019 -1357.3425 

-23.162842 -23.162842 -23.162842 -23.162842 -23.162842 -23.162842 -23.162842 -23.162842 -23.162842 -23.162842 -23.162842 -23.162842 -23.162842 -23.162842 -23.162842 -23.162842 -23.162842 -23.162842 -23.162842 -23.162842 51.361084 48.94409 25.479126 -17.019653 -15.911865 1.3092041 21.450806 40.182495 66.56799 70.79773 71.40198 66.06445 58.10852 33.132935 38.067627 17.019653 -5.6396484 -24.77417 -10.070801 -53.778076 -66.6687 -67.57507 -142.90466 -198.7976 -175.43335 -127.39563 -79.45862 -52.972412 -35.751343 -20.947266 -11.883545 8.560181 37.161255 50.152588 38.671875 41.99524 59.71985 59.518433 0.80566406 -47.232056 -58.410645 -40.081787 -36.254883 -70.999146 -60.021973 -19.335938 -3.3233643 0.80566406 3.6254883 -5.8410645 -22.055054 -39.678955 -42.599487 -43.00232 -36.557007 -31.018066 -24.77417 -8.560181 -13.796997 2.8198242 29.406738 32.730103 31.924438 30.111694 25.680542 21.954346 17.523193 17.422485 8.258057 -12.689209 1.4099121 19.134521 12.487793 2.3162842 -6.9488525 -6.5460205 1.7120361 8.157349 1.2084961 -13.092041 -21.853638 4.8339844 30.31311 38.067627 48.03772 47.131348 36.657715 23.464966 39.678955 40.98816 5.5389404 -44.0094 -48.641968 -46.5271 -38.168335 -21.450806 2.0141602 5.5389404 17.321777 -0.50354004 3.9276123 27.79541 44.714355 58.71277 74.523926 96.8811 93.255615 79.156494 47.43347 26.28479 8.862305 -9.063721 -13.293457 -16.21399 -17.523193 -7.0495605 -0.10070801 -21.450806 -35.046387 -47.131348 -52.267456 -28.701782 -10.775757 0.80566406 -5.8410645 1.0070801 13.796997 22.25647 17.72461 -7.3516846 -19.73877 -33.535767 -37.664795 -33.132935 -9.869385 13.394165 26.586914 34.744263 29.003906 14.300537 -19.134521 -40.081787 -65.25879 -62.942505 -42.700195 -25.479126 -5.4382324 5.5389404 4.0283203 -7.0495605 -8.459473 24.069214 57.20215 70.495605 70.29419 30.715942 5.7403564 -12.084961 -29.507446 -12.084961 1.4099121 6.1431885 -2.9205322 -0.20141602 6.9488525 5.7403564 -29.80957 -66.970825 -72.30835 -74.32251 -78.35083 -46.02356 -25.881958 -25.076294 -21.047974 -19.839478 -14.199829 -12.588501 -12.387085 -9.063721 -9.063721 -9.063721 -9.063721 -9.063721 -9.063721 -9.063721 -9.063721 -9.063721 -9.063721 -9.063721 -9.063721 -9.063721 -9.063721 -9.063721 -9.063721 -9.063721 -9.063721 -9.063721 -9.063721 -9.063721 
-9.667969 11.178589 22.055054 32.025146 34.84497 39.47754 41.189575 48.742676 33.83789 21.954346 7.2509766 -9.063721 -7.4523926 -30.514526 -24.975586 -30.81665 -70.495605 -29.507446 -38.067627 -23.364258 -23.565674 -18.127441 -17.019653 -18.22815 -25.579834 -17.523193 -9.869385 -9.466553 -4.4311523 4.9346924 23.867798 32.629395 44.41223 47.735596 65.460205 88.92517 104.13208 121.75598 125.68359 80.56641 54.281616 70.495605 43.90869 7.5531006 4.7332764 0.70495605 3.8269043 -19.033813 -50.55542 -94.56482 -105.13916 -105.03845 -67.67578 -51.461792 -31.924438 -33.233643 -13.494873 -0.80566406 -12.890625 -3.6254883 -1.0070801 4.6325684 4.8339844 -1.1077881 5.7403564 21.551514 39.37683 66.36658 68.984985 57.70569 55.59082 42.599487 38.571167 20.040894 -23.062134 -46.829224 -39.175415 -42.90161 -76.135254 -108.36182 -134.6466 -108.66394 -86.50818 -68.38074 -50.756836 -37.36267 -32.226562 -36.657715 -43.606567 -41.89453 -20.947266 -15.811157 -11.077881 -32.93152 -38.269043 -41.088867 -12.387085 12.588501 -18.429565 -26.385498 -44.311523 -13.394165 11.581421 25.378418 26.486206 28.500366 27.392578 20.544434 12.588501 1.4099121 15.408325 15.307617 8.761597 -2.1148682 -9.567261 -10.372925 -17.422485 -24.169922 -7.5531006 -3.8269043 0.20141602 17.321777 23.464966 24.27063 20.141602 21.75293 21.853638 19.436646 16.616821 24.673462 27.392578 17.72461 43.90869 48.94409 53.475952 32.42798 40.283203 39.074707 34.744263 35.44922 17.120361 -0.60424805 -10.272217 -4.7332764 10.775757 5.5389404 7.3516846 16.918945 10.876465 -5.3375244 -20.74585 -34.643555 -43.707275 -47.53418 -28.601074 -25.378418 -17.523193 -1.8127441 6.2438965 27.896118 15.206909 33.535767 43.40515 57.302856 65.76233 74.12109 86.60889 78.048706 55.993652 67.8772 71.7041 72.509766 71.7041 47.43347 47.332764 10.574341 -24.169922 -56.5979 -84.191895 -77.24304 -82.681274 -41.89453 2.5177002 26.78833 40.283203 41.89453 18.530273 -10.977173 -42.297363 -65.15808 -66.76941 -54.382324 -49.145508 -61.029053 -70.69702 -89.328 -78.85437 -64.05029 -60.62622 -44.110107 -48.239136 -13.796997 -2.3162842 15.106201 42.297363 81.06995 108.966064 109.87244 93.15491 74.523926 75.32959 41.088867 41.088867 19.033813 15.911865 -17.72461 -38.87329 -58.007812 -74.42322 -83.688354 
-3026.0742 -1571.0449 1375.8728 3299.8992 3299.8992 3299.8992 3299.8992 3299.8992 3299.8992 3299.8992 3299.8992 3299.8992 3299.8992 3299.8992 3299.8992 3299.8992 3299.8992 3299.8992 3299.8992 3299.8992 3289.325 3285.901 3299.8992 -3283.6853 -3267.1692 -3250.653 -3234.439 -3218.527 -3202.6152 -3187.0056 -3171.4966 -3156.0881 -3140.982 -3125.9766 -3110.971 -3096.167 -3081.5642 -3066.9617 -3052.4597 -3038.3606 -3024.1606 -1174.6582 1707.3029 3299.8992 3299.8992 3299.8992 3299.8992 3299.8992 3299.8992 3299.8992 3299.8992 3299.8992 3299.8992 3299.8992 3299.8992 3299.8992 3299.8992 3299.8992 3299.8992 3299.8992 3287.0085 3282.074 3299.0935 -3283.786 -3267.2698 -3251.2573 -3235.144 -3219.3328 -3203.421 -3187.8113 -3172.2014 -3156.9946 -3141.7876 -3126.6814 -3111.8774 -3096.9727 -3082.3699 -3067.7673 -3053.366 -3038.9648 -3024.765 -855.1117 2036.3159 3299.8992 3299.8992 3299.8992 3299.8992 3299.8992 3299.8992 3299.8992 3299.8992 3299.8992 3299.8992 3299.8992 3299.8992 3299.8992 3299.8992 3299.8992 3299.8992 3299.5972 3282.8796 3281.1675 3298.2878 -3285.2966 -3268.7805 -3252.365 -3236.1511 -3220.0378 -3204.2266 -3188.617 -3173.108 -3157.8003 -3142.5933 -3127.487 -3112.4817 -3097.7783 -3083.075 -3068.573 -3054.071 -3039.871 -3020.2332 -736.37695 2296.646 3299.8992 3299.8992 3299.8992 3299.8992 3299.8992 3299.8992 3299.8992 3299.8992 3299.8992 3299.8992 3299.8992 3299.8992 3299.8992 3299.8992 3299.8992 3299.8992 3296.9788 3280.0598 3280.0598 3297.583 -3286.203 -3269.7876 -3253.2715 -3237.0574 -3221.045 -3205.133 -3189.624 -3174.115 -3158.8074 -3143.4998 -3128.3936 -3113.4888 -3098.6846 -3084.082 -3069.4792 -3055.0781 -3040.7776 -3026.3762 -1050.1831 1955.0446 3299.8992 3299.8992 3299.8992 3299.8992 3299.8992 3299.8992 3299.8992 3299.8992 3299.8992 3299.8992 3299.8992 3299.8992 3299.8992 3299.8992 3299.8992 3299.8992 3298.993 3281.7717 3284.5916 3299.8992 -3281.7717 -3265.2556 -3249.1423 -3233.2305 -3217.3186 -3201.5076 -3185.8977 -3170.4895 -3155.081 -3139.8743 -3124.8687 -3109.9639 -3095.16 -3080.5571 -3066.0552 -3051.654 -3037.3535 -2972.699 -629.0222 2380.435 3299.8992 3299.8992 3299.8992 3299.8992 3299.8992 3299.8992 3299.8992 3299.8992 3299.8992 3299.8992 3299.8992 3299.8992 3299.8992 3299.8992 3299.8992 3299.8992 3298.6907 
-3017.4133 -880.0873 1635.3973 3299.8992 3299.8992 3299.8992 3299.8992 3299.8992 3299.8992 3299.8992 3299.8992 3299.8992 3299.8992 3299.8992 3299.8992 3299.8992 3299.8992 3297.9858 3283.081 3268.0754 3252.6672 -3069.4792 3263.3423 3279.0527 3294.5618 -3290.2312 -3274.823 -3259.8174 -3244.9126 -3230.1086 -3215.4053 -3200.8025 -3186.4014 -3172.2014 -3157.901 -3143.9026 -3129.904 -3116.1072 -3102.31 -3088.7146 -2566.04 58.511353 2587.9944 3299.8992 3299.8992 3299.8992 3299.8992 3299.8992 3299.8992 3299.8992 3299.8992 3299.8992 3299.8992 3299.8992 3299.8992 3299.8992 3299.8992 3292.4468 3277.542 3262.5366 3247.0276 3244.7112 3260.5225 3276.3335 3291.742 3299.8992 -3277.6428 -3262.5366 -3247.6318 -3232.9285 -3218.1243 -3203.5217 -3189.2212 -3174.8198 -3160.62 -3146.521 -3132.6233 -3118.6248 -3104.828 -3091.2322 -2593.8354 -94.262695 2397.8577 3299.8992 3299.8992 3299.8992 3299.8992 3299.8992 3299.8992 3299.8992 3299.8992 3299.8992 3299.8992 3299.8992 3299.8992 3299.8992 3299.8992 3291.5405 3276.535 3261.5295 3246.0205 3244.107 3260.4216 3276.132 3291.742 3299.8992 -3277.7434 -3262.5366 -3247.7324 -3232.9285 -3218.225 -3203.7231 -3189.1204 -3174.9207 -3160.7207 -3146.7224 -3132.5225 -3118.7256 -3105.0293 -3091.4336 -2546.8047 -257.10754 2290.805 3299.8992 3299.8992 3299.8992 3299.8992 3299.8992 3299.8992 3299.8992 3299.8992 3299.8992 3299.8992 3299.8992 3299.8992 3299.8992 3299.8992 3292.4468 3277.542 3262.5366 3246.6248 3247.7324 3264.148 3279.8584 3295.2666 -3289.1235 -3274.2188 -3259.2131 -3244.3083 -3229.5044 -3214.7002 -3200.1982 -3185.797 -3171.5972 -3157.3975 -3143.2983 -3129.2998 -3115.503 -3101.8066 -3088.211 -2539.6545 -135.15015 2114.566 3299.8992 3299.8992 3299.8992 3299.8992 3299.8992 3299.8992 3299.8992 3299.8992 3299.8992 3299.8992 3299.8992 3299.8992 3299.8992 3299.8992 3295.6694 3280.7646 3265.7593 3243.6035 3252.365 3268.6797 3284.3901 3299.7986 -3284.6924 -3269.4854 -3254.6814 -3239.6758 -3225.0732 -3210.4705 -3195.868 -3181.5674 -3167.2668 -3153.067 -3139.0686 -3125.171 -3111.3738 -3097.577 -3083.9812 -2146.692 385.30884 2936.5447 3299.8992 3299.8992 3299.8992 3299.8992 3299.8992 3299.8992 3299.8992 3299.8992 3299.8992 3299.8992 3299.8992 3299.8992 3299.8992 3299.8992 3292.749 3277.8442 3262.8386 
1829.8645 -9.970093 -1693.103 -3035.8428 3136.9536 3152.8655 3168.8782 3184.2864 3199.3926 3214.7002 3229.9072 3245.0134 3260.1196 3275.0244 3289.8284 3299.8992 -3280.7646 -3266.162 -3251.6602 -3237.2588 -3223.059 2037.4237 3299.8992 3299.8992 3299.8992 3299.8992 3299.8992 3291.5405 3276.6357 3261.9324 3247.229 3232.4248 3217.6208 3202.9175 3188.214 3173.6113 3159.3108 3144.7083 3130.4077 3065.9546 1620.2911 -294.77234 -1944.4702 -3186.502 3139.4714 3155.081 3171.0938 3186.6028 3201.709 3216.9158 3232.1228 3247.4304 3262.4358 3277.24 3292.044 3299.8992 -3278.4485 -3264.047 -3249.5452 -3235.144 -3221.045 2366.8396 3299.8992 3299.8992 3299.8992 3299.8992 3299.8992 3292.2454 3277.9448 3263.1409 3248.4375 3233.5327 3218.8293 3204.0251 3189.4226 3174.8198 3160.2173 3145.9167 3131.5154 3107.5469 1714.6545 -151.76697 -1761.5845 -3099.591 3138.0615 3153.772 3169.0796 3184.8906 3200.3997 3215.7073 3230.8135 3245.9197 3261.026 3275.9307 3290.8354 3299.8992 -3279.7576 -3265.155 -3250.7537 -3236.3525 -3220.5413 2980.957 3299.8992 3299.8992 3299.8992 3299.8992 3299.8992 3288.5193 3273.816 3259.1125 3244.4092 3229.5044 3214.801 3200.0977 3185.4949 3170.993 3156.491 3141.989 3127.588 2971.0876 1320.4834 -566.0797 -2177.71 3157.3975 3141.4856 3157.196 3173.108 3188.617 3203.7231 3218.93 3234.2375 3249.2432 3264.2485 3279.1533 3293.9575 -3291.2383 -3276.6357 -3262.1338 -3247.6318 -3233.3313 -3126.178 3299.8992 3299.8992 3299.8992 3299.8992 3299.8992 3299.8992 3290.332 3276.0315 3261.3281 3246.524 3231.72 3216.9158 3202.2124 3187.6099 3173.007 3158.5051 3144.104 3129.7026 3009.6587 1398.1293 -306.25305 -1864.0045 -3186.099 3139.572 3155.484 3170.691 3186.3005 3201.8096 3217.1172 3232.3242 3247.4304 3262.5366 3277.4414 3292.3462 -3292.9504 -3278.3477 -3263.8457 -3249.3438 -3234.9426 -2940.4724 3299.8992 3299.8992 3299.8992 3299.8992 3299.8992 3299.8992 3286.7065 3271.8018 3257.199 3242.4956 3227.6917 3212.8875 3198.0835 3183.5815 3168.9788 3154.4768 3140.0757 3125.7751 2887.0972 1158.4442 -650.0702 -2119.5007 3243.9055 3140.579 3156.189 3172.3022 3187.7104 3202.716 3217.9229 3233.13 3248.236 3263.3423 3278.247 3293.051 -3292.2454 -3277.6428 -3263.04 -3248.538 -3234.137 
-2916.6045 -1998.1476 -601.62964 816.2384 2064.8162 3151.1536 3299.8992 3299.8992 3299.8992 3299.8992 3299.8992 3299.8992 3299.8992 3299.8992 3299.8992 3299.8992 3299.8992 3299.8992 3299.8992 3299.8992 3299.8992 1054.2114 -3174.7192 -3158.8074 -3143.2983 -3128.0913 -3113.086 -3098.0803 -3083.5784 -3068.9758 -3054.4739 -3040.1733 -3025.9734 -3011.8743 -2997.876 -2983.9783 -2970.282 -2956.6863 -2943.1914 -2929.596 -2914.1875 -1708.4106 -213.90381 1257.9437 2648.0164 3299.8992 3299.8992 3299.8992 3299.8992 3299.8992 3299.8992 3299.8992 3299.8992 3299.8992 3299.8992 3299.8992 3299.8992 3299.8992 3299.8992 3299.8992 3299.8992 414.21204 -3179.956 -3164.0442 -3148.5352 -3133.429 -3118.3228 -3103.5186 -3088.7146 -3074.2126 -3059.7107 -3045.3093 -3031.1096 -3017.0105 -3002.9114 -2989.1143 -2975.3174 -2961.7217 -2948.1262 -2934.6313 -2921.237 -1962.5977 -563.1592 763.76953 2076.1963 3202.2124 3299.8992 3299.8992 3299.8992 3299.8992 3299.8992 3299.8992 3299.8992 3299.8992 3299.8992 3299.8992 3299.8992 3299.8992 3299.8992 3299.8992 3299.8992 -140.7898 -3173.2085 -3157.6995 -3142.3918 -3127.2856 -3112.2803 -3097.577 -3082.7727 -3068.1702 -3053.7688 -3039.3677 -3025.1677 -3011.1694 -2997.2717 -2983.2732 -2969.6777 -2956.082 -2942.4866 -2928.9917 -2902.4048 -1831.3751 -467.7887 877.6703 2214.569 3299.8992 3299.8992 3299.8992 3299.8992 3299.8992 3299.8992 3299.8992 3299.8992 3299.8992 3299.8992 3299.8992 3299.8992 3299.8992 3299.8992 3299.8992 3299.8992 -53.979492 -3170.993 -3155.484 -3140.277 -3125.07 -3110.1653 -3095.3613 -3080.658 -3066.0552 -3051.654 -3037.2527 -3023.1536 -3009.0544 -2995.1567 -2981.259 -2967.5627 -2953.9673 -2940.3716 -2927.0781 -2913.684 -1994.6228 -654.9042 688.64136 1933.0902 3123.2573 3299.8992 3299.8992 3299.8992 3299.8992 3299.8992 3299.8992 3299.8992 3299.8992 3299.8992 3299.8992 3299.8992 3299.8992 3299.8992 3299.8992 3299.8992 -435.46143 -3163.2385 -3147.4272 -3132.1196 -3117.0134 -3102.008 -3087.2039 -3072.5005 -3057.9985 -3043.698 -3029.3975 -3015.1978 -3001.1992 -2987.4023 -2973.5046 -2959.909 -2946.3135 -2932.8186 -2919.5251 -2793.8416 -1627.0386 -152.67334 1246.5637 2386.377 3299.8992 3299.8992 3299.8992 3299.8992 3299.8992 3299.8992 3299.8992 3299.8992 3299.8992 3299.8992 3299.8992 3299.8992 3299.8992 3299.8992 3299.8992 
1577.4902 127.29492 -1087.0422 -2043.7683 -2895.3552 3092.9443 3109.6619 3126.48 3142.996 3159.3108 3175.6255 3191.7388 3207.852 3223.764 3239.7766 3255.5876 3271.298 3286.8071 3299.8992 -3282.1746 -3266.7664 1173.8525 3299.8992 3299.8992 3291.8425 3276.535 3261.2273 3246.0205 3230.713 3214.7002 3199.594 3184.3872 3169.0796 3153.5706 3138.565 3123.4587 3108.3525 3093.5486 3076.9316 2791.3237 1477.5879 27.694702 -1171.4355 -2119.2993 -2959.8083 3094.052 3110.669 3127.487 3144.0032 3160.2173 3176.532 3192.8467 3208.96 3224.771 3240.6829 3256.6956 3272.3052 3287.8142 3299.8992 -3281.2683 -3234.6404 1561.6791 3299.8992 3299.8992 3290.9363 3275.6287 3260.321 3244.9126 3229.8064 3213.693 3198.6877 3183.3801 3167.9717 3152.765 3137.6587 3122.4517 3107.5469 3092.642 3076.7302 2823.4497 1413.739 -60.324097 -1211.0138 -2163.4094 -2976.526 3094.2534 3111.0718 3127.588 3144.2046 3160.4187 3176.7334 3192.8467 3208.96 3224.8718 3240.8843 3256.6956 3272.5066 3288.1165 3299.8992 -3281.067 -3090.326 1917.0776 3299.8992 3299.8992 3289.0227 3273.6145 3258.4075 3243.2007 3227.893 3211.8804 3196.5728 3181.4666 3166.159 3150.7507 3135.6445 3120.639 3105.6335 3090.7288 3072.1985 2554.1565 1088.9557 -370.50476 -1512.9364 -2439.3494 -3176.532 3100.4973 3117.2148 3133.731 3150.247 3166.5618 3182.776 3198.9897 3215.103 3230.9143 3246.7253 3262.6372 3278.247 3293.8567 -3290.634 -3275.2258 -2940.9758 2337.8357 3299.8992 3299.8992 3292.5476 3277.24 3261.8315 3246.6248 3231.2163 3215.3044 3200.1982 3184.79 3169.4824 3154.1748 3138.9678 3123.8616 3109.0576 3094.052 3075.119 2474.1943 992.88025 -400.1129 -1457.3456 -2429.1777 -3173.8127 3104.3242 3120.9412 3137.6587 3154.074 3170.3887 3186.7034 3202.716 3218.7285 3234.7412 3250.5522 3266.3635 3281.9731 3297.6836 -3286.908 -3271.6003 -2722.3389 2667.05 3299.8992 3299.8992 3294.2595 3278.952 3263.5437 3248.3367 3232.9285 3216.9158 3201.709 3186.502 3171.0938 3155.7861 3140.579 3125.3723 3110.568 3095.5627 3076.0254 2423.3367 1014.8346 -265.3656 -1384.2316 -2250.9246 -3018.1182 3103.1157 3120.0347 3136.6516 3153.067 3169.281 3185.5957 3201.709 3217.7214 3233.6333 3249.646 3265.3564 3281.067 3296.6765 -3287.915 -3272.5066 
-940.31067 -578.3661 -508.0719 -279.76685 20.443726 302.32544 755.9143 1841.9495 2709.0454 3299.8992 3299.8992 3299.8992 3299.8992 3299.8992 3299.8992 3299.8992 3299.8992 3299.8992 3299.8992 3299.8992 3008.7524 767.89856 -788.94653 -2064.1113 -3126.48 -3111.4746 -3096.7712 -3082.1685 -3067.7673 -3053.4668 -3039.2668 -3025.2686 -3011.3708 -2997.4731 -2983.5754 -2758.6943 -2475.5034 -2183.9539 -1887.973 -1622.406 -1285.5377 -873.33984 -627.5116 -356.50635 -40.786743 0.9063721 504.245 1697.1313 2411.3525 3299.8992 3299.8992 3299.8992 3299.8992 3299.8992 3299.8992 3299.8992 3299.8992 3299.8992 3299.8992 3299.8992 3166.864 1013.324 -689.447 -2072.9736 -3116.812 -3102.008 -3087.2039 -3072.702 -3058.4014 -3044.1008 -3029.8003 -3015.802 -3001.9043 -2988.0066 -2943.2922 -2617.7031 -2200.1677 -1714.5538 -1450.0946 -1068.8141 -812.4115 -506.662 -359.6283 -149.55139 36.758423 143.71033 744.1315 1931.5796 2971.7925 3299.8992 3299.8992 3299.8992 3299.8992 3299.8992 3299.8992 3299.8992 3299.8992 3299.8992 3299.8992 3299.8992 2804.4158 519.85474 -1099.53 -2407.2234 -3121.2432 -3106.2378 -3091.635 -3077.0325 -3062.631 -3048.4314 -3034.1309 -3020.0317 -3006.134 -2992.4377 -2978.7415 -2766.751 -2456.9731 -2070.5566 -1687.0605 -1433.1757 -1062.1674 -789.24866 -603.6438 -356.80847 -118.2312 101.71509 746.8506 2024.231 2709.851 3299.8992 3299.8992 3299.8992 3299.8992 3299.8992 3299.8992 3299.8992 3299.8992 3299.8992 3299.8992 3299.8992 2870.7825 721.47217 -831.0425 -2134.7075 -3117.0134 -3102.008 -3087.3047 -3072.8027 -3058.4014 -3044.1008 -3030.0017 -3015.9026 -3002.1057 -2988.4094 -2970.6848 -2591.1162 -2173.5808 -1949.0021 -1639.1235 -1253.6133 -826.81274 -566.58325 -351.77307 -166.16821 40.88745 295.578 957.431 2131.6863 3000.1921 3299.8992 3299.8992 3299.8992 3299.8992 3299.8992 3299.8992 3299.8992 3299.8992 3299.8992 3299.8992 3299.8992 2551.4373 296.58508 -1238.0035 -2446.298 -3117.92 -3103.0151 -3088.4124 -3073.9104 -3059.5093 -3045.108 -3031.0088 -3017.0105 -3003.1128 -2989.3157 -2973.706 -2541.9707 -2113.9617 -1774.5758 -1494.4061 -1231.4575 -814.9292 -619.45496 -414.51416 -135.65369 -24.975586 148.14148 808.786 2078.4119 3084.8877 3299.8992 3299.8992 3299.8992 3299.8992 3299.8992 3299.8992 3299.8992 3299.8992 3299.8992 3299.8992 3299.8992 

-24.069214 -3.0212402 6.2438965 8.258057 -3.1219482 -21.652222 -36.85913 -27.694702 -12.890625 -23.666382 -21.047974 -10.876465 27.090454 48.742676 64.956665 56.5979 44.0094 19.134521 9.063721 29.507446 29.507446 29.507446 29.507446 29.507446 29.507446 29.507446 29.507446 29.507446 29.507446 29.507446 29.507446 29.507446 29.507446 29.507446 29.507446 29.507446 29.507446 29.507446 29.507446 29.507446 -28.701782 -23.464966 -16.516113 12.689209 33.132935 24.77417 12.487793 22.155762 43.103027 54.68445 48.742676 44.311523 15.710449 -22.76001 -52.670288 -41.290283 -16.113281 1.0070801 -5.7403564 -8.761597 7.6538086 13.394165 21.24939 41.592407 49.44763 24.472046 -9.063721 -42.700195 -45.721436 -32.528687 -24.673462 -13.796997 -1.6113281 0.40283203 -2.6184082 -13.092041 -4.9346924 -8.560181 -5.5389404 -5.2368164 -7.3516846 7.9559326 6.5460205 6.0424805 0.10070801 5.4382324 1.2084961 10.574341 22.25647 35.247803 60.424805 61.834717 64.05029 72.40906 101.11084 86.91101 68.68286 20.343018 -14.300537 -39.074707 -33.636475 -33.636475 -34.140015 -34.039307 -44.210815 -43.606567 -23.76709 -17.72461 -12.689209 -12.084961 -6.3446045 -2.8198242 -0.9063721 -6.0424805 -4.8339844 -1.1077881 -12.286377 -21.350098 -24.975586 -38.47046 -52.871704 -53.274536 -47.634888 -34.744263 -17.019653 -1.6113281 9.970093 19.537354 17.72461 20.846558 52.871704 71.60339 61.029053 44.815063 -8.560181 -18.73169 -13.897705 -9.466553 13.293457 44.613647 74.020386 76.638794 74.32251 101.21155 105.54199 90.5365 58.61206 -41.088867 -135.25085 -185.00061 -156.39954 -142.40112 -37.46338 6.0424805 51.763916 63.24463 69.79065 54.0802 17.22107 -21.551514 -32.83081 -16.314697 -15.509033 -31.118774 -55.993652 -92.14783 -104.73633 -71.502686 -33.132935 -8.056641 2.6184082 13.092041 11.883545 -15.106201 -34.643555 -40.98816 -27.896118 -19.436646 -8.862305 4.9346924 12.789917 12.588501 21.652222 17.825317 19.23523 18.73169 24.77417 10.171509 9.768677 9.063721 8.862305 6.8481445 14.703369 7.8552246 10.171509 -0.30212402 -0.9063721 -2.1148682 -9.869385 -25.579834 
-87.61597 -90.43579 -87.213135 -92.95349 -81.27136 -76.7395 -57.504272 -33.636475 -8.761597 18.026733 29.205322 27.191162 16.616821 1.5106201 -6.7474365 -10.070801 -16.616821 -27.593994 -25.579834 3.9276123 29.30603 27.996826 12.789917 -8.459473 -38.974 -40.283203 -29.003906 -33.33435 -42.800903 -24.77417 -14.804077 -8.056641 2.3162842 -14.904785 -5.3375244 -11.077881 -11.883545 -40.98816 -31.32019 -27.090454 -37.060547 -31.420898 -27.191162 -20.24231 -0.70495605 18.429565 26.28479 43.00232 58.511353 60.525513 70.19348 92.04712 98.794556 99.49951 86.00464 76.7395 85.80322 81.47278 79.45862 72.71118 62.64038 48.54126 49.44763 41.290283 32.730103 36.35559 40.98816 13.293457 -17.926025 -27.392578 -52.770996 -78.149414 -72.61047 -73.61755 -75.93384 -80.86853 -106.04553 -143.20679 -132.33032 -110.87952 -77.041626 -38.571167 -12.387085 -7.9559326 1.4099121 16.012573 27.29187 44.815063 52.871704 50.656128 39.47754 20.544434 24.371338 26.687622 37.564087 30.715942 12.890625 5.0354004 18.328857 0 -3.0212402 -14.602661 -19.940186 -10.675049 -4.1290283 -1.6113281 6.8481445 -3.1219482 -11.782837 -13.494873 -26.385498 -28.097534 -31.521606 -24.472046 -4.8339844 15.106201 24.27063 58.309937 90.33508 116.41846 130.31616 144.41528 159.01794 172.41211 189.33105 198.7976 199.20044 203.83301 207.86133 204.84009 194.26575 160.83069 128.90625 93.55774 15.005493 -54.382324 -90.13367 -142.80396 -192.15088 -236.4624 -233.74329 -263.15002 -279.66614 -255.69763 -242.20276 -213.19885 -179.26025 -158.61511 -145.22095 -119.13757 -92.55066 -93.96057 -38.772583 -30.010986 -14.401245 -17.22107 -13.998413 -9.667969 0.70495605 -26.184082 -46.5271 -48.54126 -47.131348 -45.620728 -33.636475 -26.586914 -17.22107 9.667969 29.003906 36.557007 46.829224 40.686035 33.33435 10.070801 5.3375244 15.408325 12.991333 6.4453125 13.595581 13.595581 17.321777 9.063721 2.1148682 12.890625 19.839478 28.500366 34.140015 19.033813 17.623901 20.74585 17.72461 17.120361 14.904785 15.609741 10.272217 -1.0070801 -10.775757 -21.047974 -20.645142 -25.982666 
3272.8088 3286.1023 3299.8992 -3280.1604 -3263.745 -3247.4304 -3231.1157 -3215.3044 -3199.4934 -3183.8835 -3168.4753 -3153.067 -3137.9607 -3122.8545 -3108.0505 -3093.1458 -3078.543 -3064.1418 -3049.8413 -3035.5408 -2873.1995 -355.49927 2592.224 3299.8992 3299.8992 3299.8992 3299.8992 3299.8992 3299.8992 3299.8992 3299.8992 3299.8992 3299.8992 3299.8992 3299.8992 3299.8992 3299.8992 3299.8992 3299.8992 3297.4822 3205.838 3286.5051 3299.8992 -3279.5562 -3263.1409 -3247.0276 -3231.1157 -3215.2039 -3199.4934 -3183.783 -3168.3745 -3152.9663 -3137.86 -3122.8545 -3108.0505 -3093.2463 -3078.6438 -3064.041 -3049.7405 -3035.5408 -2735.028 -265.56702 2659.0942 3299.8992 3299.8992 3299.8992 3299.8992 3299.8992 3299.8992 3299.8992 3299.8992 3299.8992 3299.8992 3299.8992 3299.8992 3299.8992 3299.8992 3299.8992 3299.8992 3296.475 2872.5952 3288.5193 3299.8992 -3277.9448 -3261.4287 -3245.4163 -3229.5044 -3213.5925 -3197.882 -3182.1716 -3166.864 -3151.5564 -3136.3494 -3121.344 -3106.4392 -3091.7358 -3077.0325 -3062.732 -3048.3306 -3034.03 -2601.4893 -36.758423 2962.024 3299.8992 3299.8992 3299.8992 3299.8992 3299.8992 3299.8992 3299.8992 3299.8992 3299.8992 3299.8992 3299.8992 3299.8992 3299.8992 3299.8992 3299.8992 3299.8992 3295.468 2430.789 3289.4255 -3293.3533 -3277.1392 -3260.623 -3244.3083 -3228.296 -3212.2832 -3196.4722 -3180.9631 -3165.5547 -3150.247 -3135.1409 -3120.0347 -3105.2307 -3090.4265 -3075.9246 -3061.4226 -3047.0215 -3032.8215 -2527.066 129.00696 3116.3086 3299.8992 3299.8992 3299.8992 3299.8992 3299.8992 3299.8992 3299.8992 3299.8992 3299.8992 3299.8992 3299.8992 3299.8992 3299.8992 3299.8992 3299.8992 3299.8992 3294.5618 1989.1846 3290.634 -3293.051 -3276.0315 -3259.5154 -3243.5027 -3227.5908 -3211.8804 -3195.9685 -3180.4595 -3165.0513 -3149.7437 -3134.6375 -3119.7327 -3104.727 -3090.1245 -3075.5217 -3061.0198 -3046.6187 -3032.4187 -2329.2754 394.27185 3299.8992 3299.8992 3299.8992 3299.8992 3299.8992 3299.8992 3299.8992 3299.8992 3299.8992 3299.8992 3299.8992 3299.8992 3299.8992 3299.8992 3299.8992 3299.8992 3299.8992 3292.8496 
3100.296 3252.1636 3268.0754 3283.6853 3299.1943 -3285.6995 -3270.3918 -3255.3862 -3240.3809 -3225.5767 -3211.0747 -3196.5728 -3182.1716 -3167.871 -3153.772 -3139.6729 -3125.7751 -3111.8774 -3098.1812 -3084.5854 -1829.7638 462.04834 2834.1248 3299.8992 3299.8992 3299.8992 3299.8992 3299.8992 3299.8992 3299.8992 3299.8992 3299.8992 3299.8992 3299.8992 3299.8992 3299.8992 3299.8992 3290.8354 3275.9307 3260.8245 2906.2317 3252.063 3267.7734 3283.383 3298.993 -3286.0015 -3270.5933 -3255.5876 -3240.6829 -3225.9795 -3211.377 -3196.7742 -3182.4736 -3168.173 -3154.074 -3139.9749 -3125.9766 -3112.1794 -3098.584 -3084.8877 -2097.9492 302.12402 2764.1326 3299.8992 3299.8992 3299.8992 3299.8992 3299.8992 3299.8992 3299.8992 3299.8992 3299.8992 3299.8992 3299.8992 3299.8992 3299.8992 3299.8992 3292.6482 3277.6428 3262.6372 2564.026 3255.5876 3271.399 3287.0085 3299.8992 -3282.4768 -3267.1692 -3252.1636 -3237.2588 -3222.5554 -3208.0535 -3193.5515 -3179.251 -3164.8499 -3150.8513 -3136.6516 -3122.754 -3109.0576 -3095.3613 -3081.7656 -1808.9172 788.04016 3297.7844 3299.8992 3299.8992 3299.8992 3299.8992 3299.8992 3299.8992 3299.8992 3299.8992 3299.8992 3299.8992 3299.8992 3299.8992 3299.8992 3299.8992 3290.634 3275.6287 3260.623 2063.1042 3256.0913 3271.8018 3287.4114 3299.8992 -3282.1746 -3266.7664 -3251.7607 -3236.9568 -3222.1526 -3207.6506 -3193.1487 -3178.8481 -3164.6484 -3150.4485 -3136.3494 -3122.4517 -3108.6548 -3094.9585 -3081.4636 -1804.8889 627.3102 3060.5164 3299.8992 3299.8992 3299.8992 3299.8992 3299.8992 3299.8992 3299.8992 3299.8992 3299.8992 3299.8992 3299.8992 3299.8992 3299.8992 3299.8992 3292.2454 3277.1392 3262.2344 1395.813 3259.9182 3275.6287 3291.2383 3299.8992 -3278.3477 -3263.04 -3247.9338 -3233.2305 -3218.527 -3203.9246 -3189.4226 -3175.122 -3160.922 -3146.823 -3132.7239 -3118.927 -3105.13 -3091.5344 -3077.9387 -1174.054 1482.8247 3299.8992 3299.8992 3299.8992 3299.8992 3299.8992 3299.8992 3299.8992 3299.8992 3299.8992 3299.8992 3299.8992 3299.8992 3299.8992 3299.8992 3299.8992 3287.1094 3272.2046 3257.199 
-2727.2734 3299.8992 3299.8992 3299.8992 3299.8992 3299.8992 3299.8992 3286.3037 3271.4995 3256.897 3242.0928 3227.2888 3212.5854 3197.7812 3183.2793 3168.576 3154.1748 3139.7734 3125.3723 2802.9053 991.1682 -849.2706 -2301.48 3170.0867 3143.6003 3159.3108 3174.5178 3190.2283 3205.7373 3220.944 3236.1511 3251.2573 3266.162 3281.1675 3295.9717 -3289.224 -3274.6216 -3260.1196 -3245.6177 -3231.4177 -2383.96 3299.8992 3299.8992 3299.8992 3299.8992 3299.8992 3299.8992 3286.1023 3271.298 3256.5947 3241.8914 3227.0874 3212.2832 3197.6807 3182.9773 3168.274 3153.9734 3139.4714 3125.07 2668.3594 844.53735 -904.0558 -2410.2446 3129.8035 3145.3125 3161.1235 3177.0354 3192.4438 3207.4492 3222.7568 3237.863 3253.07 3267.9749 3282.9802 3297.583 -3287.6128 -3273.0103 -3258.5083 -3244.0063 -3229.8064 -2010.434 3299.8992 3299.8992 3299.8992 3299.8992 3299.8992 3299.8992 3286.3037 3272.0032 3257.2998 3242.4956 3227.4902 3212.686 3198.184 3183.5815 3168.9788 3154.3762 3140.0757 3124.768 2564.7307 637.2803 -1131.253 -2483.963 3132.321 3148.3337 3164.1448 3179.3518 3195.0623 3210.4705 3225.778 3240.8843 3255.9905 3270.8953 3285.8 3299.8992 -3284.6924 -3270.1904 -3255.5876 -3241.1865 -3226.9866 -1446.167 3299.8992 3299.8992 3299.8992 3299.8992 3299.8992 3299.8992 3286.0015 3271.4995 3256.7961 3242.0928 3227.2888 3212.686 3197.7812 3183.078 3168.576 3153.9734 3139.7734 3125.3723 2604.0068 684.5123 -969.11316 -2421.222 3130.9111 3146.4202 3162.2314 3178.1433 3193.5515 3208.5571 3223.764 3238.971 3254.2786 3268.982 3283.9873 3298.6907 -3286.6057 -3272.0032 -3257.5012 -3243.0999 -3228.7993 -1185.2325 3299.8992 3299.8992 3299.8992 3299.8992 3299.8992 3298.993 3283.5845 3268.7805 3254.1777 3239.3738 3224.469 3209.7656 3195.0623 3180.4595 3165.857 3151.4556 3136.9536 3121.1426 2437.6372 365.46936 -1297.9248 -2690.7166 3133.8318 3149.8442 3165.454 3180.661 3196.3713 3211.7798 3226.9866 3242.2942 3257.199 3272.2046 3287.0085 3299.8992 -3283.484 -3268.881 -3254.3792 -3239.978 -3225.6775 
3299.8992 -1153.1067 -3162.9363 -3147.1252 -3131.7168 -3116.6106 -3101.7058 -3086.9019 -3072.1985 -3057.898 -3043.396 -3029.0955 -3014.8955 -3000.9978 -2987.201 -2973.2024 -2959.7075 -2946.112 -2932.6172 -2919.223 -2724.1516 -1400.8484 -39.88037 1430.658 2570.6726 3299.8992 3299.8992 3299.8992 3299.8992 3299.8992 3299.8992 3299.8992 3299.8992 3299.8992 3299.8992 3299.8992 3299.8992 3299.8992 3299.8992 3299.8992 3299.8992 -1511.5265 -3163.9434 -3148.5352 -3133.429 -3118.3228 -3103.3171 -3088.6138 -3074.0112 -3059.4084 -3045.0073 -3030.8074 -3016.6077 -3002.6091 -2988.7114 -2974.8137 -2961.3188 -2947.7234 -2934.2285 -2920.8342 -2586.685 -1416.2567 31.32019 1474.5667 2690.7166 3299.8992 3299.8992 3299.8992 3299.8992 3299.8992 3299.8992 3299.8992 3299.8992 3299.8992 3299.8992 3299.8992 3299.8992 3299.8992 3299.8992 3299.8992 3299.8992 -2229.5745 -3164.2456 -3148.5352 -3133.2275 -3118.1213 -3103.2166 -3088.5132 -3073.9104 -3059.3079 -3044.9065 -3030.606 -3016.5068 -3002.4077 -2988.6108 -2974.8137 -2961.1174 -2947.522 -2934.027 -2920.7336 -2669.8699 -1416.6595 -19.73877 1136.6913 2435.4216 3299.8992 3299.8992 3299.8992 3299.8992 3299.8992 3299.8992 3299.8992 3299.8992 3299.8992 3299.8992 3299.8992 3299.8992 3299.8992 3299.8992 3299.8992 3299.8992 -2104.2937 -3161.023 -3145.111 -3129.904 -3114.8987 -3099.994 -3085.089 -3070.4863 -3056.0852 -3041.6838 -3027.4841 -3013.2842 -2999.3865 -2985.2874 -2971.591 -2957.9956 -2944.5007 -2931.0059 -2917.7124 -2366.034 -818.3533 546.24023 1749.7009 2814.0837 3299.8992 3299.8992 3299.8992 3299.8992 3299.8992 3299.8992 3299.8992 3299.8992 3299.8992 3299.8992 3299.8992 3299.8992 3299.8992 3299.8992 3299.8992 3022.046 -3005.9326 -3165.0513 -3149.3408 -3133.9324 -3118.8262 -3103.9214 -3089.218 -3074.6155 -3059.912 -3045.6116 -3031.4116 -3017.212 -3003.2134 -2989.3157 -2975.6194 -2961.8225 -2948.3276 -2934.8328 -2921.4385 -2204.3975 -566.2811 813.5193 1847.287 2946.2126 3299.8992 3299.8992 3299.8992 3299.8992 3299.8992 3299.8992 3299.8992 3299.8992 3299.8992 3299.8992 3299.8992 3299.8992 3299.8992 3299.8992 3299.8992 
-2481.8481 2947.824 3299.8992 3299.8992 3291.641 3276.3335 3261.1267 3245.819 3230.5115 3214.2974 3199.292 3183.8835 3168.6768 3153.3691 3138.162 3122.9553 3108.0505 3093.2463 3075.3203 2638.6504 1230.3497 -167.07458 -1288.8611 -2209.4329 -3005.9326 3097.577 3114.4958 3131.2134 3147.6287 3163.9434 3180.1575 3196.4722 3212.4846 3228.296 3244.4092 3260.1196 3275.7292 3291.4397 3299.8992 -3277.6428 -2298.3582 3211.4775 3299.8992 3299.8992 3284.9944 3269.5862 3254.3792 3239.1724 3223.8647 3207.7515 3192.7458 3177.539 3162.1306 3146.9238 3131.7168 3116.7114 3101.9072 3087.0024 3067.465 2317.1904 856.4209 -440.69824 -1533.6823 -2372.7812 -3145.514 3099.0874 3115.9058 3132.321 3148.8372 3165.1519 3181.5674 3197.7812 3213.4917 3229.7058 3245.5168 3261.2273 3276.8372 3292.4468 -3292.044 -3276.6357 -1925.94 3299.8992 3299.8992 3298.993 3283.8867 3268.6797 3253.2715 3238.0645 3222.6562 3206.6436 3191.5374 3176.3306 3161.023 3145.816 3130.7097 3115.6035 3100.9001 3085.8948 3064.8467 2219.2017 693.47534 -557.4188 -1752.6215 -2599.2737 -3291.8425 3102.6123 3119.229 3135.846 3152.2612 3168.576 3184.8906 3201.004 3217.1172 3232.9285 3248.639 3264.45 3280.2612 3295.9717 -3288.8213 -3273.413 -1785.7544 3299.8992 3299.8992 3299.8992 3286.1023 3270.7947 3255.487 3240.28 3224.771 3208.96 3193.6523 3178.3447 3163.037 3147.931 3132.7239 3117.6177 3102.8137 3087.808 3068.3716 2259.7869 705.661 -557.016 -1589.7766 -2406.6191 -3068.9758 3101.5044 3118.3228 3134.8389 3151.2542 3167.6697 3183.8835 3200.0977 3216.11 3232.022 3247.8333 3263.6443 3279.2542 3294.9646 -3289.627 -3274.2188 -1140.3168 3299.8992 3299.8992 3296.878 3281.5703 3266.162 3250.955 3235.7483 3220.3398 3204.3274 3189.3218 3174.0142 3158.7065 3143.399 3128.2927 3113.388 3098.4832 3083.5784 2993.4448 1979.0131 437.4756 -840.81116 -1935.4065 -2701.9958 -3268.7805 3105.835 3122.4517 3139.0686 3155.484 3171.7986 3188.0127 3204.0251 3220.0378 3235.9497 3251.7607 3267.4712 3283.2825 3298.892 -3285.6995 -3270.3918 
2579.9377 275.93994 -1230.8533 -2517.5994 -3118.4233 -3103.6194 -3088.916 -3074.414 -3059.912 -3045.6116 -3031.5125 -3017.514 -3003.6162 -2989.92 -2976.3245 -2801.9988 -2439.5508 -2322.83 -2026.9501 -1706.9 -1310.614 -812.91504 -504.245 -109.16748 66.26587 282.08313 1036.2854 2288.9922 3095.6633 3299.8992 3299.8992 3299.8992 3299.8992 3299.8992 3299.8992 3299.8992 3299.8992 3299.8992 3299.8992 3299.8992 2313.162 17.019653 -1433.6792 -2687.1917 -3105.835 -3090.9302 -3076.4282 -3061.9263 -3047.6257 -3033.3252 -3019.3267 -3005.3284 -2991.5312 -2977.6335 -2888.1042 -2478.9275 -2031.784 -1714.9567 -1432.37 -1219.3726 -852.7954 -623.18115 -522.57385 -345.32776 -32.93152 278.0548 1032.8613 2300.2715 3031.311 3299.8992 3299.8992 3299.8992 3299.8992 3299.8992 3299.8992 3299.8992 3299.8992 3299.8992 3299.8992 3299.8992 2319.9097 183.5907 -1201.648 -2393.93 -3109.1582 -3094.2534 -3079.651 -3065.149 -3050.8484 -3036.6484 -3022.348 -3008.4502 -2994.6533 -2980.8562 -2959.8083 -2571.5789 -2226.8555 -1849.704 -1505.1819 -1160.4584 -809.39026 -555.7068 -299.2035 -84.79614 174.22485 455.4016 1218.2648 2357.373 3169.1802 3299.8992 3299.8992 3299.8992 3299.8992 3299.8992 3299.8992 3299.8992 3299.8992 3299.8992 3299.8992 3299.8992 2304.7026 57.000732 -1400.1434 -2568.5576 -3113.086 -3098.3826 -3083.7798 -3069.1772 -3054.8767 -3040.6768 -3026.477 -3012.378 -2998.6816 -2984.8845 -2967.6636 -2605.4167 -2255.96 -1894.4183 -1553.8239 -980.7953 -575.14343 -324.17908 -241.19568 -28.500366 105.441284 341.60156 1237.5 2360.6963 3030.8074 3299.8992 3299.8992 3299.8992 3299.8992 3299.8992 3299.8992 3299.8992 3299.8992 3299.8992 3299.8992 3299.8992 1975.4883 12.588501 -1374.06 -2567.1477 -3116.51 -3101.8066 -3087.0024 -3072.6013 -3058.2 -3043.8994 -3029.6997 -3015.7012 -3001.9043 -2988.3086 -2974.3103 -2609.9487 -2232.9985 -1943.9667 -1750.6073 -1642.0441 -1347.6746 -1106.076 -737.48474 -432.4402 -151.56555 196.07849 1160.3577 2319.2046 3097.2747 3299.8992 3299.8992 3299.8992 3299.8992 3299.8992 3299.8992 3299.8992 3299.8992 3299.8992 3299.8992 3299.8992 

-24.27063 -21.047974 -11.581421 -14.300537 -14.602661 -22.055054 -33.83789 -24.572754 -11.279297 -5.1361084 0.10070801 15.509033 36.4563 57.20215 73.21472 84.191895 100.305176 101.815796 76.33667 35.95276 35.95276 35.95276 35.95276 35.95276 35.95276 35.95276 35.95276 35.95276 35.95276 35.95276 35.95276 35.95276 35.95276 35.95276 35.95276 35.95276 35.95276 35.95276 35.95276 35.95276 30.615234 50.656128 46.829224 45.318604 49.0448 41.793823 12.387085 -7.1502686 -18.630981 26.586914 51.461792 25.177002 -2.2155762 4.7332764 28.500366 48.03772 51.260376 36.4563 30.81665 29.507446 30.514526 12.286377 -3.6254883 -4.7332764 -2.2155762 -11.581421 -15.911865 -35.046387 -42.39807 -22.558594 -2.6184082 -0.20141602 3.5247803 1.9134521 11.782837 33.9386 44.41223 37.86621 12.991333 -30.31311 -79.559326 -80.26428 -76.034546 -70.89844 -53.07312 -48.44055 -53.07312 -45.117188 -34.643555 -24.874878 -12.185669 5.8410645 24.371338 39.175415 44.311523 43.707275 31.82373 16.818237 10.574341 5.6396484 -16.918945 -64.151 -70.29419 -46.124268 -7.4523926 13.796997 27.996826 36.657715 51.5625 52.166748 48.03772 59.1156 74.523926 82.58057 64.956665 16.516113 -39.678955 -83.88977 -95.269775 -70.29419 -28.198242 4.4311523 25.982666 42.90161 55.993652 39.47754 49.54834 52.468872 -5.7403564 -49.850464 -74.020386 -82.9834 -83.184814 -28.399658 11.682129 17.22107 5.2368164 1.3092041 13.998413 4.8339844 -10.171509 -21.148682 -21.350098 -0.50354004 9.365845 2.6184082 -26.889038 -40.88745 -20.947266 -6.2438965 5.1361084 22.155762 32.42798 31.924438 33.233643 14.199829 -18.026733 -43.203735 -51.461792 -43.90869 -32.025146 -26.486206 -31.32019 -31.420898 -23.968506 -6.0424805 -8.056641 3.6254883 -5.4382324 0.60424805 6.6467285 29.30603 71.7041 90.5365 76.94092 45.721436 -24.77417 -54.68445 -43.50586 -27.896118 -16.415405 -15.005493 -4.8339844 0.10070801 11.279297 29.80957 48.44055 47.332764 55.389404 45.52002 23.464966 20.74585 42.095947 37.765503 23.76709 -3.3233643 -29.30603 -27.694702 -54.0802 -62.438965 -64.75525 -64.75525 -52.468872 -42.49878 -26.687622 -24.77417 -28.903198 -7.8552246 4.5318604 10.070801 21.551514 10.675049 4.7332764 8.761597 8.560181 11.178589 45.92285 68.07861 60.928345 65.15808 
-26.78833 -12.991333 0.10070801 0.9063721 8.358765 4.7332764 -3.2226562 2.4169922 14.703369 20.24231 21.350098 25.479126 33.33435 19.335938 32.730103 42.39807 45.217896 41.793823 69.79065 88.82446 106.448364 103.829956 87.41455 124.4751 141.39404 133.74023 143.81104 172.41211 182.68433 159.52148 116.922 84.79614 54.382324 58.914185 76.7395 74.32251 78.95508 74.020386 73.11401 53.475952 10.574341 -39.779663 -78.652954 -110.27527 -97.58606 -85.29968 -93.65845 -106.75049 -138.97705 -135.65369 -130.21545 -125.079346 -139.37988 -146.12732 -123.36731 -111.08093 -96.98181 -103.427124 -76.538086 -86.206055 -77.545166 -78.85437 -81.170654 -83.688354 -99.298096 -96.07544 -81.170654 -82.07703 -86.709595 -58.309937 -43.304443 -33.636475 -20.040894 -21.350098 -9.869385 -31.924438 4.6325684 -9.365845 13.092041 7.7545166 -2.3162842 1.0070801 3.7261963 9.768677 21.047974 17.623901 16.113281 22.055054 20.343018 21.047974 18.429565 10.574341 -1.3092041 8.258057 14.300537 7.1502686 9.567261 5.3375244 11.279297 -10.473633 7.9559326 6.1431885 6.0424805 8.258057 25.27771 34.44214 45.117188 51.663208 65.25879 82.681274 88.32092 96.37756 98.39172 104.333496 88.220215 57.907104 63.64746 60.021973 65.3595 59.317017 47.735596 31.018066 -3.5247803 13.092041 56.799316 82.177734 88.62305 94.16199 65.56091 42.297363 -1.2084961 -51.864624 -83.99048 -87.11243 -74.32251 -54.281616 -49.0448 -61.834717 -17.623901 33.9386 78.85437 87.41455 91.64429 85.198975 67.07153 51.159668 41.088867 19.335938 8.459473 8.358765 5.4382324 1.8127441 -22.961426 -27.593994 -48.03772 -55.490112 -65.3595 -60.72693 -59.820557 -62.539673 -57.20215 -58.309937 -57.907104 -56.5979 -68.481445 -77.84729 -95.97473 -89.83154 -81.37207 -85.80322 -79.96216 -73.41614 -75.73242 -62.74109 -47.332764 -12.185669 -20.343018 -23.464966 -15.005493 2.9205322 5.0354004 1.0070801 -4.6325684 -0.60424805 10.675049 27.896118 55.792236 47.735596 20.343018 -12.487793 -36.657715 -22.961426 -24.572754 -17.321777 -15.106201 -11.984253 -10.372925 -4.2297363 -13.998413 -9.466553 -6.1431885 8.862305 28.198242 39.276123 61.431885 74.62463 63.848877 59.1156 37.664795 28.903198 3.7261963 -15.307617 -13.897705 2.1148682 11.883545 -14.501953 -9.365845 -5.5389404 -0.30212402 7.7545166 
1519.4824 3290.1306 -3292.6482 -3276.4343 -3260.1196 -3243.805 -3227.5908 -3211.679 -3195.9685 -3180.359 -3164.8499 -3149.7437 -3134.6375 -3119.5312 -3104.727 -3089.923 -3075.3203 -3060.8184 -3046.6187 -3032.318 -2252.4353 504.245 3299.8992 3299.8992 3299.8992 3299.8992 3299.8992 3299.8992 3299.8992 3299.8992 3299.8992 3299.8992 3299.8992 3299.8992 3299.8992 3299.8992 3299.8992 3299.8992 3299.8992 3291.4397 738.2904 3291.742 -3291.8425 -3274.823 -3258.5083 -3242.4956 -3226.5837 -3210.7727 -3195.0623 -3179.4524 -3164.0442 -3148.8372 -3133.6304 -3118.6248 -3103.8208 -3089.0166 -3074.5146 -3060.0127 -3045.6116 -3031.5125 -2100.769 677.8656 3299.8992 3299.8992 3299.8992 3299.8992 3299.8992 3299.8992 3299.8992 3299.8992 3299.8992 3299.8992 3299.8992 3299.8992 3299.8992 3299.8992 3299.8992 3299.8992 3299.8992 3290.4326 -269.49463 3293.5547 -3289.5264 -3273.5137 -3256.9976 -3240.5823 -3224.5696 -3208.6577 -3192.9473 -3177.4382 -3162.03 -3146.823 -3131.7168 -3116.7114 -3101.9072 -3087.2039 -3072.702 -3058.2 -3043.8994 -3029.5989 -1702.6703 1156.8329 3299.8992 3299.8992 3299.8992 3299.8992 3299.8992 3299.8992 3299.8992 3299.8992 3299.8992 3299.8992 3299.8992 3299.8992 3299.8992 3299.8992 3299.8992 3299.8992 3299.8992 3287.5122 -751.28174 3291.4397 -3291.4397 -3275.125 -3258.8103 -3242.4956 -3226.3823 -3210.5713 -3194.8608 -3179.251 -3163.8428 -3148.6357 -3133.429 -3118.4233 -3103.72 -3088.916 -3074.3132 -3059.8113 -3045.5107 -3031.311 -1881.5277 851.3855 3299.8992 3299.8992 3299.8992 3299.8992 3299.8992 3299.8992 3299.8992 3299.8992 3299.8992 3299.8992 3299.8992 3299.8992 3299.8992 3299.8992 3299.8992 3299.8992 3299.8992 3288.1165 -1858.3649 3295.2666 -3288.5193 -3271.4995 -3255.1848 -3239.1724 -3223.2605 -3207.55 -3191.7388 -3176.2297 -3160.8215 -3145.6145 -3130.5083 -3115.6035 -3100.7996 -3086.0962 -3071.4934 -3056.9915 -3042.691 -3028.6926 -1634.0881 1221.991 3299.8992 3299.8992 3299.8992 3299.8992 3299.8992 3299.8992 3299.8992 3299.8992 3299.8992 3299.8992 3299.8992 3299.8992 3299.8992 3299.8992 3299.8992 3299.8992 3299.8992 3287.8142 -2664.0288 3296.475 -3286.3037 -3270.1904 -3253.8757 -3237.561 -3221.4478 -3205.6365 -3189.926 -3174.417 -3159.1094 -3143.9026 -3128.6956 -3113.8916 -3098.9868 -3084.2834 -3069.6807 -3055.3801 -3040.979 -3026.88 
959.9487 3256.192 3272.3052 3287.8142 3299.8992 -3281.2683 -3266.3635 -3251.358 -3236.554 -3221.8506 -3207.2478 -3192.7458 -3178.3447 -3164.1448 -3149.945 -3136.0474 -3122.1497 -3108.252 -3094.5557 -3081.0608 -1247.6715 966.8976 3237.863 3299.8992 3299.8992 3299.8992 3299.8992 3299.8992 3299.8992 3299.8992 3299.8992 3299.8992 3299.8992 3299.8992 3299.8992 3299.8992 3299.8992 3288.1165 3273.1108 3257.904 324.17908 3258.8103 3275.125 3290.634 3299.8992 -3278.549 -3263.745 -3248.8403 -3233.9355 -3219.1313 -3204.5288 -3190.1274 -3175.827 -3161.5264 -3147.528 -3133.429 -3119.5312 -3105.835 -3092.1387 -3078.4424 -998.822 1391.7847 3299.8992 3299.8992 3299.8992 3299.8992 3299.8992 3299.8992 3299.8992 3299.8992 3299.8992 3299.8992 3299.8992 3299.8992 3299.8992 3299.8992 3299.8992 3286.203 3271.298 3256.0913 -343.2129 3259.0117 3275.125 3290.7349 3299.8992 -3278.4485 -3263.4429 -3248.538 -3233.7341 -3219.0308 -3204.5288 -3190.0269 -3175.7263 -3161.4258 -3147.3267 -3133.429 -3119.5312 -3105.7341 -3092.0378 -3028.0884 -809.8938 1633.6853 3299.8992 3299.8992 3299.8992 3299.8992 3299.8992 3299.8992 3299.8992 3299.8992 3299.8992 3299.8992 3299.8992 3299.8992 3299.8992 3299.8992 3298.7915 3283.8867 3268.881 3253.6743 -1093.8904 3258.609 3274.823 3290.332 3299.8992 -3278.7505 -3263.9465 -3248.941 -3234.2375 -3219.4336 -3204.9316 -3190.5303 -3175.9277 -3161.9292 -3147.83 -3133.8318 -3119.934 -3106.137 -3092.5415 -2965.2466 -635.66895 1515.0513 3299.8992 3299.8992 3299.8992 3299.8992 3299.8992 3299.8992 3299.8992 3299.8992 3299.8992 3299.8992 3299.8992 3299.8992 3299.8992 3299.8992 3298.0864 3283.1816 3268.2769 3252.8687 -1899.7559 3260.0188 3276.233 3291.8425 3299.8992 -3277.4414 -3262.4358 -3247.6318 -3232.727 -3218.1243 -3203.5217 -3189.0198 -3174.7192 -3160.62 -3146.4202 -3132.4219 -3118.6248 -3104.828 -3091.1316 -2914.4897 -613.916 1611.8317 3299.8992 3299.8992 3299.8992 3299.8992 3299.8992 3299.8992 3299.8992 3299.8992 3299.8992 3299.8992 3299.8992 3299.8992 3299.8992 3299.8992 3298.4893 3283.5845 3268.579 3253.2715 -2360.6963 3261.731 3277.8442 3293.2524 3299.8992 -3275.9307 -3261.026 -3246.0205 -3231.2163 -3216.6138 -3202.011 -3187.6099 -3173.3093 -3159.1094 -3145.0103 -3131.012 -3117.1143 -3103.418 -3089.8223 -3015.1978 
-902.24304 3299.8992 3299.8992 3299.8992 3299.8992 3299.8992 3299.8992 3284.6924 3270.3918 3255.6885 3240.8843 3226.0803 3211.377 3196.5728 3181.9702 3167.3674 3152.8655 3138.6658 3122.0488 2315.3777 321.56067 -1266.3025 -2636.6362 3135.3423 3150.9521 3166.6626 3182.5745 3197.882 3212.9883 3228.195 3243.3013 3258.4075 3273.3123 3288.1165 3299.8992 -3282.376 -3267.7734 -3253.2715 -3238.971 -3224.5696 -188.22327 3299.8992 3299.8992 3299.8992 3299.8992 3299.8992 3298.993 3283.383 3268.579 3253.8757 3239.1724 3224.3682 3209.5642 3194.76 3180.258 3165.5547 3151.2542 3136.853 3120.639 2371.6736 376.84937 -1274.6613 -2581.2468 3132.9253 3149.1394 3164.8499 3180.0566 3195.767 3211.1755 3226.3823 3241.5894 3256.5947 3271.6003 3286.5051 3299.8992 -3284.0881 -3269.3848 -3254.8828 -3240.5823 -3226.3823 130.21545 3299.8992 3299.8992 3299.8992 3299.8992 3299.8992 3295.3674 3280.1604 3265.8599 3251.056 3236.3525 3221.5483 3206.845 3192.1416 3177.539 3162.9363 3148.5352 3134.3352 3116.6106 2102.0781 108.76465 -1513.9435 -2975.7202 3136.0474 3151.355 3167.166 3182.9773 3198.285 3213.391 3228.4973 3243.6035 3258.7097 3273.715 3288.6199 3299.8992 -3281.9731 -3267.4712 -3252.8687 -3238.6687 -3224.3682 612.00256 3299.8992 3299.8992 3299.8992 3299.8992 3299.8992 3296.173 3280.664 3265.8599 3251.1565 3236.3525 3221.5483 3206.845 3192.1416 3177.539 3163.037 3148.5352 3134.2346 3114.8987 1892.4042 -150.15564 -1755.2399 -3202.3132 3140.0757 3156.2896 3171.8994 3187.0056 3202.6152 3218.0237 3233.2305 3248.3367 3263.4429 3278.3477 3293.1519 -3292.044 -3277.4414 -3262.9395 -3248.538 -3234.137 -3219.8364 1320.5841 3299.8992 3299.8992 3299.8992 3299.8992 3299.8992 3297.2808 3281.9731 3267.4712 3252.8687 3238.0645 3223.2605 3208.5571 3193.8538 3179.1504 3164.749 3150.247 3135.9465 3116.0063 1804.9896 -124.67651 -1737.616 -3131.4148 3141.5862 3157.196 3172.8057 3188.617 3204.0251 3218.93 3234.137 3249.2432 3264.2485 3279.2542 3294.058 -3291.1377 -3276.4343 -3261.9324 -3247.4304 -3233.2305 -3219.0308 1730.7678 3299.8992 3299.8992 3299.8992 3299.8992 3299.8992 3297.2808 3281.6711 3266.9678 3252.1636 3237.3596 3222.6562 3207.852 3193.1487 3178.5461 3163.9434 3149.5422 3135.2417 3107.7483 1710.5255 
2927.8838 -3186.4014 -3170.8923 -3155.484 -3140.277 -3125.2715 -3110.3667 -3095.5627 -3080.8594 -3066.3574 -3051.8555 -3037.6555 -3023.4558 -3009.3567 -2995.5596 -2981.6619 -2967.9656 -2954.2693 -2940.7744 -2927.3804 -2627.9753 -1338.5101 115.41138 1540.4297 2664.331 3299.8992 3299.8992 3299.8992 3299.8992 3299.8992 3299.8992 3299.8992 3299.8992 3299.8992 3299.8992 3299.8992 3299.8992 3299.8992 3299.8992 3299.8992 2718.512 -3180.8623 -3164.8499 -3149.6428 -3134.2346 -3119.1284 -3104.3242 -3089.6208 -3074.9175 -3060.315 -3046.115 -3031.8145 -3017.7153 -3003.6162 -2989.7185 -2975.9216 -2962.326 -2948.6296 -2935.2356 -2921.8413 -2362.7104 -969.6167 468.89648 1854.538 2979.3457 3299.8992 3299.8992 3299.8992 3299.8992 3299.8992 3299.8992 3299.8992 3299.8992 3299.8992 3299.8992 3299.8992 3299.8992 3299.8992 3299.8992 3299.8992 2387.0818 -3180.258 -3164.749 -3149.1394 -3133.8318 -3118.7256 -3103.8208 -3089.0166 -3074.414 -3060.0127 -3045.6116 -3031.311 -3017.212 -3003.2134 -2989.3157 -2975.5188 -2961.8225 -2948.3276 -2934.732 -2921.4385 -2552.948 -1077.475 387.4237 1649.7986 2786.5906 3299.8992 3299.8992 3299.8992 3299.8992 3299.8992 3299.8992 3299.8992 3299.8992 3299.8992 3299.8992 3299.8992 3299.8992 3299.8992 3299.8992 3299.8992 1845.8771 -3173.108 -3157.2966 -3141.989 -3126.8828 -3111.8774 -3097.0732 -3082.3699 -3067.7673 -3053.1646 -3038.9648 -3024.6643 -3010.6658 -2996.6675 -2982.8704 -2969.0735 -2955.3772 -2941.8823 -2928.5889 -2915.1946 -1974.1791 -401.92566 974.4507 2236.624 3262.6372 3299.8992 3299.8992 3299.8992 3299.8992 3299.8992 3299.8992 3299.8992 3299.8992 3299.8992 3299.8992 3299.8992 3299.8992 3299.8992 3299.8992 3299.8992 1623.2117 -3178.244 -3162.332 -3147.0244 -3131.9182 -3116.812 -3102.1086 -3087.3047 -3072.702 -3058.2 -3043.698 -3029.4983 -3015.4998 -3001.5015 -2987.7043 -2973.9075 -2960.2112 -2946.515 -2933.1206 -2919.8271 -2094.6257 -637.6831 775.0488 2047.8973 3178.6467 3299.8992 3299.8992 3299.8992 3299.8992 3299.8992 3299.8992 3299.8992 3299.8992 3299.8992 3299.8992 3299.8992 3299.8992 3299.8992 3299.8992 3299.8992 1187.3474 -3177.1362 -3161.7278 -3146.0173 -3130.7097 -3115.7043 -3100.9001 -3086.0962 -3071.4934 -3056.9915 -3042.691 -3028.4912 -3014.392 -3000.3936 -2986.4958 -2972.7996 -2959.204 -2945.6084 -2932.1135 -2918.6187 
-865.88745 3299.8992 3299.8992 3298.993 3283.6853 3268.3777 3252.9692 3237.6616 3222.354 3206.4421 3191.2354 3176.0283 3160.7207 3145.514 3130.307 3115.3015 3100.3967 3085.492 3039.6697 2074.2827 547.85156 -566.78467 -1627.945 -2505.011 -3246.9268 3102.8137 3119.5312 3136.0474 3152.4626 3168.7773 3185.092 3201.3062 3217.218 3233.2305 3248.941 3264.7522 3280.3618 3295.9717 -3288.5193 -3273.1108 -766.8915 3299.8992 3299.8992 3295.6694 3280.4626 3265.155 3250.0488 3234.6404 3219.2322 3203.3203 3188.214 3172.9065 3157.5989 3142.3918 3127.2856 3112.2803 3097.476 3082.4707 2967.5627 1857.8613 371.91467 -799.9237 -1707.7057 -2568.6584 -3248.3367 3103.9214 3120.4375 3137.155 3153.5706 3169.8853 3186.2 3202.3132 3218.0237 3234.137 3250.0488 3265.6584 3281.4697 3296.878 -3287.6128 -3272.2046 -327.50244 3299.8992 3299.8992 3294.2595 3279.0527 3263.745 3248.639 3233.2305 3217.9229 3201.9104 3186.9048 3171.5972 3156.189 3141.0828 3125.9766 3111.0718 3096.2676 3081.0608 2939.4653 1712.9425 144.7174 -943.63403 -1908.6182 -2699.7803 3178.244 3107.2449 3123.9624 3140.579 3156.8938 3173.108 3189.3218 3205.536 3221.347 3237.3596 3253.2715 3269.0825 3284.6924 3299.8992 -3284.491 -3269.0825 136.96289 3299.8992 3299.8992 3294.7632 3279.657 3264.3494 3249.1423 3233.8347 3218.527 3202.3132 3187.3076 3172 3156.6924 3141.4856 3126.3794 3111.5752 3096.7712 3081.665 2952.2551 1727.0416 319.04297 -795.7947 -1820.5994 -2643.6858 3239.978 3105.3313 3121.9482 3138.6658 3154.9805 3171.1943 3187.6099 3203.7231 3219.5342 3235.3455 3251.2573 3267.1692 3282.6782 3298.1873 -3286.203 -3270.996 453.08533 3299.8992 3299.8992 3291.5405 3276.3335 3260.9253 3245.819 3230.4106 3215.103 3199.0906 3183.9844 3168.7773 3153.5706 3138.263 3123.2573 3108.252 3093.4478 3077.7373 2837.9517 1560.4706 112.79297 -1052.0966 -2073.477 -2861.215 3094.2534 3108.1511 3124.8687 3141.3848 3157.8003 3174.0142 3190.2283 3206.3416 3222.2534 3238.1653 3254.0771 3269.7876 3285.3972 3299.8992 -3283.484 -3268.2769 815.43274 3299.8992 3299.8992 3292.2454 3276.9377 3261.6301 3246.3225 3231.015 3215.7073 3199.594 3184.5886 3169.281 3153.9734 3138.8672 3123.761 3108.8562 3094.052 3077.8381 2960.916 1670.7458 
1573.1598 -495.5841 -1742.0471 -2828.787 -3095.6633 -3080.8594 -3066.3574 -3052.057 -3037.857 -3023.5564 -3009.4573 -2995.6604 -2982.0647 -2968.2678 -2926.8767 -2576.715 -2259.082 -1885.0525 -1516.4612 -1259.4543 -939.3036 -594.27795 -197.58911 79.86145 311.28845 619.0521 1441.8365 2517.9016 3274.4202 3299.8992 3299.8992 3299.8992 3299.8992 3299.8992 3299.8992 3299.8992 3299.8992 3299.8992 3299.8992 3299.8992 1820.0958 -209.9762 -1620.7947 -2879.4434 -3098.4832 -3083.7798 -3069.1772 -3054.776 -3040.4753 -3026.1748 -3012.1765 -2998.3794 -2984.5825 -2970.8862 -2934.8328 -2499.2705 -1832.8857 -1664.502 -1515.8569 -1052.9022 -657.724 -473.12622 -247.7417 -92.55066 35.85205 441.10107 1419.278 2494.1345 3299.8992 3299.8992 3299.8992 3299.8992 3299.8992 3299.8992 3299.8992 3299.8992 3299.8992 3299.8992 3299.8992 3299.8992 1632.2754 -411.59363 -1759.0668 -3019.226 -3101.1016 -3086.1968 -3071.6948 -3057.1929 -3042.8923 -3028.894 -3014.795 -3000.7964 -2986.9995 -2973.3032 -2842.987 -2451.8372 -2102.179 -1750.8087 -1331.7627 -1044.2413 -695.3888 -469.90356 -378.86353 -15.911865 152.77405 432.03735 1440.4266 2396.1455 3299.8992 3299.8992 3299.8992 3299.8992 3299.8992 3299.8992 3299.8992 3299.8992 3299.8992 3299.8992 3299.8992 3299.8992 1214.8407 -676.8585 -1940.5426 -3112.3809 -3097.476 -3082.7727 -3068.2708 -3053.8696 -3039.569 -3025.47 -3011.3708 -2997.5737 -2983.7769 -2969.9797 -2535.324 -2104.0923 -1834.4971 -1538.1134 -1380.1025 -1116.2476 -807.1747 -450.0641 -243.00842 -105.6427 112.994385 612.3047 1772.3602 2720.2239 3299.8992 3299.8992 3299.8992 3299.8992 3299.8992 3299.8992 3299.8992 3299.8992 3299.8992 3299.8992 3299.8992 3299.8992 1324.3103 -573.7335 -1894.519 -3119.0276 -3104.2236 -3089.6208 -3074.9175 -3060.617 -3046.3164 -3031.9153 -3017.9167 -3004.019 -2990.2222 -2976.526 -2812.8752 -2505.6152 -2319.104 -1989.6881 -1735.199 -1330.2521 -856.01807 -727.51465 -567.1875 -313.60474 -40.081787 501.42517 1657.8552 2722.1375 3299.8992 3299.8992 3299.8992 3299.8992 3299.8992 3299.8992 3299.8992 3299.8992 3299.8992 3299.8992 3299.8992 3105.7341 832.3517 -1017.6544 -2269.6562 -3103.2166 -3088.5132 -3073.8098 -3059.3079 -3045.0073 -3030.9082 -3016.7083 -3002.71 -2988.8123 -2975.3174 -2961.5203 -2705.2185 -2380.6365 -2047.8973 -1764.2029 -1712.9425 -1289.0625 

75.32959 83.184814 84.49402 69.08569 13.796997 -43.90869 -43.103027 -52.06604 -33.032227 0.60424805 26.78833 33.9386 51.5625 60.928345 60.324097 42.700195 -3.9276123 -39.276123 -66.16516 -85.702515 -82.07703 -73.11401 -52.368164 -14.199829 4.4311523 -16.818237 -29.003906 -12.789917 21.551514 21.450806 5.4382324 11.279297 10.675049 -7.5531006 -39.578247 -58.20923 -38.87329 -12.588501 -2.6184082 -26.586914 -33.032227 -33.233643 -25.177002 -10.473633 -5.5389404 8.761597 -16.818237 9.063721 17.825317 13.595581 1.0070801 -3.8269043 -2.7191162 -7.8552246 -14.703369 -11.682129 11.077881 -4.8339844 31.219482 34.542847 48.44055 48.54126 19.23523 -23.26355 -59.921265 -60.827637 -23.464966 40.98816 54.18091 55.490112 22.155762 2.8198242 10.574341 18.026733 25.78125 -1.2084961 -29.708862 -39.98108 -33.83789 -25.579834 -14.501953 -7.0495605 2.0141602 13.494873 17.422485 28.500366 10.070801 -5.8410645 -6.8481445 11.883545 31.723022 34.44214 16.918945 18.530273 24.77417 26.586914 12.689209 -2.6184082 7.7545166 21.450806 40.98816 45.721436 60.424805 49.850464 33.032227 16.918945 -4.5318604 -11.380005 -48.03772 -81.47278 -98.59314 -76.84021 -49.246216 -25.881958 -15.609741 -33.132935 -39.37683 -12.185669 10.372925 4.4311523 -9.466553 -23.062134 -16.113281 2.9205322 -4.9346924 -15.106201 -10.775757 -12.286377 -28.701782 -25.479126 -13.998413 -4.0283203 0.70495605 -1.6113281 18.328857 28.198242 43.103027 58.410645 67.57507 57.60498 41.088867 38.671875 29.205322 13.092041 -3.6254883 -1.0070801 10.977173 28.097534 18.832397 -5.0354004 -30.514526 -23.26355 -22.860718 -52.166748 -66.56799 -68.28003 -32.629395 -4.8339844 3.8269043 -15.811157 -9.567261 -7.8552246 -27.79541 -52.468872 -45.721436 -17.019653 6.6467285 -1.4099121 -4.0283203 12.487793 33.737183 30.715942 35.549927 33.9386 26.586914 26.687622 21.551514 23.565674 13.394165 6.4453125 7.9559326 11.682129 -11.883545 -39.98108 -57.907104 -73.11401 -55.69153 -24.371338 6.1431885 27.493286 33.83789 24.77417 12.185669 1.7120361 4.5318604 7.5531006 1.0070801 -16.918945 -32.730103 -17.321777 
13.092041 17.321777 8.157349 -3.8269043 -11.883545 6.8481445 8.157349 13.897705 19.436646 48.54126 37.161255 12.890625 -15.005493 -44.311523 -69.992065 -77.948 -67.977905 -58.007812 -37.86621 -35.34851 -21.652222 5.2368164 16.616821 22.558594 16.415405 2.9205322 3.2226562 20.24231 40.283203 44.714355 34.542847 38.067627 29.507446 36.154175 36.154175 4.7332764 -1.7120361 0.80566406 15.509033 9.365845 27.29187 23.26355 27.694702 30.615234 49.749756 58.71277 25.479126 42.297363 54.986572 46.02356 23.968506 17.120361 13.293457 19.436646 8.056641 1.2084961 14.199829 -35.549927 -26.28479 -25.177002 -14.703369 -2.7191162 0.20141602 -8.862305 -32.528687 -64.55383 -44.41223 -6.0424805 17.321777 3.5247803 -17.019653 -32.226562 -37.46338 -5.9417725 36.85913 59.921265 59.61914 40.48462 42.196655 51.361084 49.850464 45.721436 45.721436 43.40515 31.219482 17.72461 1.4099121 -4.3304443 3.6254883 37.261963 12.890625 -15.811157 -53.274536 -73.11401 -100.20447 -106.8512 -115.10925 -129.40979 -115.7135 -108.66394 -100.00305 -96.17615 -80.56641 -69.89136 -51.864624 -41.793823 -33.535767 -11.883545 -1.3092041 16.314697 28.29895 48.742676 66.06445 85.702515 120.84961 139.17847 127.89917 103.125 99.60022 88.0188 91.8457 65.3595 36.35559 30.81665 9.265137 -7.6538086 -14.804077 -14.199829 -16.71753 -36.95984 -83.08411 -111.18164 -125.18005 -78.25012 -45.52002 -26.78833 -27.593994 -24.77417 -20.846558 -18.832397 -18.429565 -20.846558 -17.72461 -26.28479 -25.78125 -0.9063721 10.372925 19.134521 11.782837 3.7261963 21.047974 38.36975 30.615234 26.989746 20.645142 14.401245 5.1361084 -9.869385 -35.549927 -77.948 -103.02429 -93.35632 -67.27295 -53.07312 -42.49878 -18.127441 2.8198242 14.199829 27.493286 30.615234 19.134521 19.436646 5.8410645 -2.4169922 -4.2297363 0.80566406 -3.3233643 12.487793 4.2297363 -1.0070801 -2.6184082 -1.4099121 -14.199829 -21.450806 -12.991333 4.7332764 38.067627 59.820557 70.19348 79.76074 63.848877 61.029053 54.281616 56.5979 64.55383 46.224976 5.2368164 -27.29187 -52.770996 -46.224976 
-1614.3494 1127.829 3299.8992 3299.8992 3299.8992 3299.8992 3299.8992 3299.8992 3299.8992 3299.8992 3299.8992 3299.8992 3299.8992 3299.8992 3299.8992 3299.8992 3299.8992 3299.8992 3299.8992 3289.5264 3283.2825 3299.8992 -3282.9802 -3266.162 -3249.8474 -3234.0361 -3218.1243 -3202.3132 -3186.7034 -3171.1943 -3155.7861 -3140.68 -3125.5737 -3110.669 -3095.8647 -3081.2622 -3066.6594 -3052.2583 -3037.9578 -3023.8586 -1291.3788 1473.5596 3299.8992 3299.8992 3299.8992 3299.8992 3299.8992 3299.8992 3299.8992 3299.8992 3299.8992 3299.8992 3299.8992 3299.8992 3299.8992 3299.8992 3299.8992 3299.8992 3299.8992 3288.8213 3285.1958 3299.8992 -3280.5632 -3264.5508 -3248.236 -3231.9214 -3215.9087 -3200.0977 -3184.4878 -3168.9788 -3153.5706 -3138.4644 -3123.3582 -3108.4534 -3093.75 -3079.1472 -3064.5447 -3050.2441 -3035.9436 -3021.8445 -1151.294 1650.2014 3299.8992 3299.8992 3299.8992 3299.8992 3299.8992 3299.8992 3299.8992 3299.8992 3299.8992 3299.8992 3299.8992 3299.8992 3299.8992 3299.8992 3299.8992 3299.8992 3299.8992 3289.0227 3287.6128 3299.8992 -3278.549 -3262.5366 -3246.222 -3230.0078 -3214.096 -3198.0835 -3182.5745 -3167.0654 -3151.8584 -3136.6516 -3121.4446 -3106.7412 -3091.9373 -3077.3345 -3062.8325 -3048.4314 -3034.2314 -3020.1323 -993.08167 1793.9117 3299.8992 3299.8992 3299.8992 3299.8992 3299.8992 3299.8992 3299.8992 3299.8992 3299.8992 3299.8992 3299.8992 3299.8992 3299.8992 3299.8992 3299.8992 3299.8992 3299.8992 3288.6199 3289.1235 -3293.5547 -3277.3406 -3260.4216 -3244.2078 -3228.296 -3212.5854 -3196.875 -3181.2651 -3165.756 -3150.4485 -3135.3423 -3120.337 -3105.4321 -3090.628 -3076.126 -3061.624 -3047.223 -3033.023 -2969.4763 -603.14026 2203.7932 3299.8992 3299.8992 3299.8992 3299.8992 3299.8992 3299.8992 3299.8992 3299.8992 3299.8992 3299.8992 3299.8992 3299.8992 3299.8992 3299.8992 3299.8992 3299.8992 3299.8992 3286.0015 3289.0227 -3294.2595 -3277.1392 -3261.1267 -3244.9126 -3228.6987 -3212.686 -3196.875 -3181.2651 -3165.857 -3150.5493 -3135.3423 -3120.4375 -3105.4321 -3090.7288 -3076.126 -3061.624 -3047.223 -3033.1238 -2950.6438 
-894.3878 1359.3567 3299.8992 3299.8992 3299.8992 3299.8992 3299.8992 3299.8992 3299.8992 3299.8992 3299.8992 3299.8992 3299.8992 3299.8992 3299.8992 3299.8992 3299.8992 3287.915 3272.9094 3257.4004 -3236.856 3268.579 3284.0881 3299.7986 -3284.9944 -3269.989 -3254.782 -3239.7766 -3225.1738 -3210.4705 -3195.868 -3181.4666 -3167.3674 -3153.067 -3139.1692 -3125.07 -3111.2732 -3097.577 -3084.082 -2699.6794 -71.30127 2180.9326 3299.8992 3299.8992 3299.8992 3299.8992 3299.8992 3299.8992 3299.8992 3299.8992 3299.8992 3299.8992 3299.8992 3299.8992 3299.8992 3299.8992 3299.4963 3284.3901 3269.5862 3253.9763 3251.1565 3267.3706 3282.9802 3298.59 -3286.203 -3271.1975 -3255.89 -3241.0857 -3226.2817 -3211.679 -3197.177 -3182.675 -3168.4753 -3154.2754 -3140.1763 -3126.2786 -3112.4817 -3098.6846 -3085.089 -2424.4446 118.029785 2320.2117 3299.8992 3299.8992 3299.8992 3299.8992 3299.8992 3299.8992 3299.8992 3299.8992 3299.8992 3299.8992 3299.8992 3299.8992 3299.8992 3299.8992 3296.173 3281.2683 3266.3635 3250.5522 3250.2502 3266.565 3281.8726 3297.4822 -3287.3108 -3272.2046 -3256.9976 -3242.1936 -3227.3894 -3212.686 -3198.0835 -3183.6821 -3169.4824 -3155.182 -3141.2842 -3127.2856 -3113.4888 -3099.7925 -3086.1968 -2431.9976 -125.7843 2074.3835 3299.8992 3299.8992 3299.8992 3299.8992 3299.8992 3299.8992 3299.8992 3299.8992 3299.8992 3299.8992 3299.8992 3299.8992 3299.8992 3299.8992 3297.3816 3282.4768 3267.4712 3248.1353 3253.473 3269.6868 3285.3972 3299.8992 -3283.9873 -3268.982 -3253.6743 -3238.971 -3224.0662 -3209.4634 -3195.0623 -3180.661 -3166.3604 -3152.2612 -3138.162 -3124.2644 -3110.3667 -3096.6704 -3083.1755 -2213.3606 264.45923 2568.1548 3299.8992 3299.8992 3299.8992 3299.8992 3299.8992 3299.8992 3299.8992 3299.8992 3299.8992 3299.8992 3299.8992 3299.8992 3299.8992 3299.8992 3295.6694 3280.664 3265.5579 3242.2942 3252.9692 3269.0825 3284.5916 3299.8992 -3284.6924 -3269.6868 -3254.3792 -3239.5752 -3224.771 -3210.0676 -3195.6665 -3181.2651 -3166.9646 -3152.8655 -3138.7664 -3124.8687 -3111.0718 -3097.2747 -3083.6792 -2140.5486 
-147.33582 -1623.111 -2989.92 3141.0828 3156.6924 3172.2014 3188.1133 3203.5217 3218.4265 3233.5327 3248.7395 3263.745 3278.7505 3293.756 -3291.5405 -3277.0386 -3262.5366 -3248.0347 -3233.7341 -3219.5342 2215.3748 3299.8992 3299.8992 3299.8992 3299.8992 3299.8992 3294.6624 3279.3547 3265.0542 3250.4517 3235.6475 3220.7427 3206.0393 3191.2354 3176.7334 3162.2314 3147.931 3133.3281 3076.2268 1568.6279 -414.21204 -1932.0831 -3207.7515 3143.097 3158.908 3174.7192 3189.8254 3205.435 3220.8435 3235.9497 3251.056 3266.162 3280.966 3295.7703 -3289.4255 -3274.9236 -3260.321 -3245.9197 -3231.5186 -3217.3186 2774.8076 3299.8992 3299.8992 3299.8992 3299.8992 3299.8992 3294.6624 3279.1533 3264.3494 3249.646 3235.0432 3220.2393 3205.3345 3190.7317 3176.0283 3161.5264 3147.1252 3132.6233 3064.6453 1661.2793 -228.8086 -1702.3682 -2990.0208 3139.7734 3155.182 3170.8923 3186.8042 3202.1118 3217.1172 3232.2234 3247.3296 3262.4358 3277.4414 3292.3462 -3293.051 -3278.4485 -3263.8457 -3249.3438 -3235.0432 -3183.783 3238.1653 3299.8992 3299.8992 3299.8992 3299.8992 3299.8992 3289.7278 3274.4202 3260.1196 3245.4163 3230.612 3215.9087 3201.2053 3186.6028 3172 3157.3975 3143.097 3128.6956 2995.2576 1369.0247 -460.1349 -2008.8226 3202.6152 3140.579 3156.491 3172.2014 3187.3076 3202.9175 3218.3257 3233.5327 3248.538 3263.6443 3278.65 3293.3533 -3291.8425 -3277.3406 -3262.6372 -3248.236 -3233.8347 -3021.945 3299.8992 3299.8992 3299.8992 3299.8992 3299.8992 3299.8992 3288.8213 3273.6145 3259.2131 3244.5098 3229.8064 3215.0024 3200.3997 3185.4949 3170.993 3156.5918 3142.2913 3127.89 3002.2063 1372.2473 -476.24817 -1910.4309 -3210.0676 3138.9678 3154.5776 3170.0867 3185.9985 3201.3062 3216.3115 3231.4177 3246.524 3261.6301 3276.6357 3291.4397 3299.8992 -3279.2542 -3264.6514 -3250.1494 -3235.7483 -2808.7463 3299.8992 3299.8992 3299.8992 3299.8992 3299.8992 3299.8992 3285.2966 3269.8882 3255.5876 3240.985 3226.181 3211.377 3196.875 3182.1716 3167.6697 3153.067 3138.8672 3124.4658 2796.6614 994.7937 
-2033.0933 -535.3638 979.7882 2149.411 3182.1716 3299.8992 3299.8992 3299.8992 3299.8992 3299.8992 3299.8992 3299.8992 3299.8992 3299.8992 3299.8992 3299.8992 3299.8992 3299.8992 3299.8992 3299.8992 715.8325 -3175.9277 -3160.62 -3144.9097 -3129.5012 -3114.5964 -3099.6917 -3084.9883 -3070.3857 -3055.9844 -3041.5833 -3027.4841 -3013.2842 -2999.3865 -2985.4888 -2971.692 -2958.0962 -2944.5007 -2931.1064 -2917.7124 -2010.6354 -517.9413 913.52234 2224.4385 3193.1487 3299.8992 3299.8992 3299.8992 3299.8992 3299.8992 3299.8992 3299.8992 3299.8992 3299.8992 3299.8992 3299.8992 3299.8992 3299.8992 3299.8992 3299.8992 368.5913 -3173.8127 -3157.901 -3142.694 -3127.588 -3112.5823 -3097.7783 -3083.075 -3068.4722 -3054.071 -3039.6697 -3025.5706 -3011.4714 -2997.4731 -2983.5754 -2969.9797 -2956.2834 -2942.688 -2929.2937 -2915.7988 -1735.199 -212.29248 1159.3506 2420.5168 3299.8992 3299.8992 3299.8992 3299.8992 3299.8992 3299.8992 3299.8992 3299.8992 3299.8992 3299.8992 3299.8992 3299.8992 3299.8992 3299.8992 3299.8992 3299.8992 17.72461 -3175.9277 -3159.915 -3144.7083 -3129.7026 -3114.5964 -3099.7925 -3085.089 -3070.5872 -3056.0852 -3041.6838 -3027.4841 -3013.4856 -2999.4873 -2985.5896 -2971.7925 -2958.0962 -2944.6013 -2931.1064 -2823.8525 -1543.5516 -157.60803 1138.3026 2384.6648 3299.8992 3299.8992 3299.8992 3299.8992 3299.8992 3299.8992 3299.8992 3299.8992 3299.8992 3299.8992 3299.8992 3299.8992 3299.8992 3299.8992 3299.8992 3299.8992 -357.61414 -3176.6326 -3161.4258 -3145.9167 -3130.7097 -3115.6035 -3100.6987 -3086.0962 -3071.5942 -3056.9915 -3042.691 -3028.4912 -3014.392 -3000.3936 -2986.4958 -2972.7996 -2959.1033 -2945.6084 -2932.1135 -2918.6187 -1783.5388 -315.41748 1017.3523 2299.2644 3299.8992 3299.8992 3299.8992 3299.8992 3299.8992 3299.8992 3299.8992 3299.8992 3299.8992 3299.8992 3299.8992 3299.8992 3299.8992 3299.8992 3299.8992 3299.8992 -841.91895 -3172.5037 -3157.2966 -3141.687 -3126.3794 -3111.3738 -3096.6704 -3081.967 -3067.3645 -3053.064 -3038.562 -3024.463 -3010.3638 -2996.3652 -2982.5684 -2968.872 -2955.2764 -2941.681 -2928.186 -2878.839 
144.51599 -889.3524 -1908.8196 -2803.4087 3206.3416 3105.5327 3122.1497 3138.6658 3155.081 3171.4966 3187.7104 3203.7231 3219.635 3235.6475 3251.4587 3267.1692 3282.7788 3298.4893 -3286.1023 -3270.7947 1221.1853 3299.8992 3299.8992 3287.8142 3272.406 3257.0984 3241.9922 3226.5837 3211.377 3195.2637 3180.1575 3164.8499 3149.6428 3134.5366 3119.5312 3104.5256 3089.8223 3072.6013 2638.3484 1233.5724 -187.82043 -1147.7692 -2080.426 -2842.987 3153.4697 3108.6548 3125.2715 3141.7876 3158.2031 3174.5178 3190.631 3206.7444 3222.7568 3238.6687 3254.48 3270.1904 3285.8 3299.8992 -3283.1816 -3196.875 1704.6844 3299.8992 3299.8992 3288.1165 3272.8088 3257.6018 3242.2942 3227.0874 3211.8804 3195.6665 3180.5603 3165.3533 3150.1465 3134.9395 3119.8333 3104.9285 3090.1245 3071.997 2490.7104 1096.7102 -309.67712 -1221.286 -2054.6448 -2841.6777 3161.8286 3110.971 3127.6885 3144.2046 3160.5193 3176.834 3193.048 3209.0605 3224.9724 3240.8843 3256.7961 3272.5066 3288.1165 3299.8992 -3280.966 -3084.7869 1933.493 3299.8992 3299.8992 3288.922 3273.715 3258.307 3243.0999 3227.7922 3212.5854 3196.2708 3181.2651 3166.0583 3150.8513 3135.5437 3120.639 3105.6335 3090.628 3072.8027 2492.7246 1022.0856 -305.95093 -1236.5936 -2132.19 -2917.1082 3096.469 3112.985 3129.602 3146.0173 3162.5334 3178.7476 3195.0623 3210.8733 3226.9866 3242.7979 3258.609 3274.2188 3290.0298 3299.8992 -3279.2542 -2808.7463 2553.3508 3299.8992 3299.8992 3287.5122 3272.2046 3256.9976 3241.69 3226.4832 3211.1755 3194.9614 3179.8552 3164.447 3149.4414 3134.2346 3119.1284 3104.3242 3089.5203 3071.1914 2463.6199 994.29016 -319.5465 -1403.3661 -2350.827 -3141.8884 3098.6846 3115.2007 3131.9182 3148.3337 3164.8499 3181.0637 3197.0764 3213.1897 3229.303 3244.9126 3261.026 3276.535 3292.044 -3292.1448 -3277.0386 -2767.456 2662.7197 3299.8992 3299.8992 3289.1235 3273.9165 3258.5083 3243.2007 3227.9937 3212.7869 3196.5728 3181.366 3166.159 3150.9521 3135.6445 3120.8403 3105.835 3091.0308 3072.6013 2401.0803 852.7954 
-867.5995 -615.82947 -315.01465 -280.77393 -72.71118 441.5039 1701.4618 2570.169 3299.8992 3299.8992 3299.8992 3299.8992 3299.8992 3299.8992 3299.8992 3299.8992 3299.8992 3299.8992 3299.8992 3150.9521 932.55615 -819.36035 -2044.8761 -3095.9656 -3081.0608 -3066.458 -3052.1575 -3037.857 -3023.6572 -3009.4573 -2995.5596 -2981.8633 -2968.0664 -2950.3418 -2656.2744 -2225.647 -1884.4482 -1615.6586 -1197.7203 -899.0204 -680.88684 -334.14917 -108.36182 50.857544 216.2201 661.853 1807.5073 2451.4343 3299.8992 3299.8992 3299.8992 3299.8992 3299.8992 3299.8992 3299.8992 3299.8992 3299.8992 3299.8992 3299.8992 3171.7986 1022.287 -614.52026 -1901.5686 -3103.72 -3089.1174 -3074.5146 -3059.912 -3045.6116 -3031.4116 -3017.212 -3003.2134 -2989.3157 -2975.6194 -2961.1174 -2645.5994 -2237.8325 -1904.9927 -1618.5791 -1377.0813 -1119.7723 -847.2565 -459.73206 -231.93054 31.219482 248.84949 785.7239 2013.9587 2581.549 3299.8992 3299.8992 3299.8992 3299.8992 3299.8992 3299.8992 3299.8992 3299.8992 3299.8992 3299.8992 3299.8992 2815.2922 595.8893 -952.0935 -2114.163 -3103.6194 -3088.8152 -3074.1118 -3059.7107 -3045.2087 -3031.1096 -3017.111 -3003.012 -2989.1143 -2975.418 -2953.7659 -2493.5303 -2134.7075 -1745.0684 -1394.8059 -1329.7485 -967.099 -501.9287 -153.98254 91.744995 172.41211 193.15796 640.90576 1790.9912 2575.3052 3299.8992 3299.8992 3299.8992 3299.8992 3299.8992 3299.8992 3299.8992 3299.8992 3299.8992 3299.8992 3299.8992 2725.2593 490.75012 -1060.6567 -2159.8845 -3108.4534 -3093.6492 -3078.9458 -3064.4438 -3050.0427 -3035.9436 -3021.7437 -3007.7454 -2993.9482 -2980.252 -2966.455 -2943.0908 -2628.1768 -2427.2644 -2153.9429 -1657.9559 -1223.9044 -1013.324 -746.24634 -448.25134 -208.36487 40.98816 725.6012 2078.2104 2966.858 3299.8992 3299.8992 3299.8992 3299.8992 3299.8992 3299.8992 3299.8992 3299.8992 3299.8992 3299.8992 3299.8992 2580.6426 293.36243 -1242.9382 -2450.4272 -3090.7288 -3076.0254 -3061.4226 -3047.122 -3032.8215 -3018.521 -3004.724 -2990.8264 -2976.9287 -2963.333 -2949.234 -2516.5923 -2081.9365 -1856.8542 -1535.5957 -1161.1633 -734.4635 

-21.551514 -5.5389404 -4.7332764 -0.50354004 -1.4099121 -7.1502686 -4.0283203 -4.2297363 4.7332764 5.5389404 3.4240723 7.5531006 4.9346924 -1.3092041 -4.5318604 18.127441 26.78833 36.657715 50.857544 58.309937 69.79065 69.1864 28.601074 9.063721 -9.970093 -48.239136 -74.020386 -82.177734 -74.32251 -47.735596 -40.283203 -24.27063 -27.593994 -49.850464 -50.05188 -33.032227 -24.27063 -10.675049 7.0495605 26.687622 56.5979 77.645874 73.013306 67.37366 73.11401 83.78906 58.20923 3.9276123 -22.659302 -35.046387 -38.067627 -27.090454 -38.269043 -39.98108 -62.74109 -50.152588 -41.89453 -36.154175 -45.318604 -46.02356 -35.247803 -18.73169 -4.8339844 7.9559326 18.832397 9.365845 29.507446 50.958252 70.29419 76.23596 69.992065 51.763916 35.95276 26.184082 0.70495605 -31.723022 -20.947266 15.206909 25.378418 10.171509 10.171509 10.171509 10.171509 10.171509 10.171509 10.171509 10.171509 10.171509 10.171509 10.171509 10.171509 10.171509 10.171509 10.171509 10.171509 10.171509 10.171509 10.171509 10.171509 10.171509 -28.903198 -44.51294 -36.154175 -24.371338 -20.443726 -48.54126 -39.678955 -18.530273 -10.574341 -3.9276123 -2.2155762 12.387085 16.21399 21.954346 0.9063721 -22.155762 -43.103027 -63.24463 -44.91577 -15.811157 1.3092041 11.782837 23.162842 16.314697 15.206909 7.6538086 -35.44922 -51.763916 -50.656128 -35.95276 -1.3092041 17.72461 4.2297363 6.1431885 18.127441 30.413818 25.881958 35.247803 62.942505 53.979492 39.175415 21.148682 3.2226562 -5.5389404 -16.012573 -17.72461 -14.300537 -33.535767 -59.921265 -61.12976 -48.94409 -28.903198 -7.8552246 -1.2084961 -23.464966 -26.889038 -20.947266 -16.918945 -6.9488525 1.6113281 7.9559326 8.459473 24.975586 45.117188 31.924438 25.881958 5.1361084 12.689209 18.127441 25.378418 27.493286 13.494873 -5.5389404 -11.782837 -21.954346 -10.775757 1.2084961 10.171509 4.5318604 13.293457 26.78833 15.509033 18.630981 25.579834 1.7120361 -27.896118 -40.081787 -32.93152 -10.070801 16.71753 18.73169 9.869385 16.415405 37.96692 54.18091 71.502686 76.84021 3.3233643 -71.60339 -81.87561 
-17.422485 1.3092041 22.76001 50.454712 73.516846 112.08801 124.37439 126.589966 141.29333 138.67493 104.937744 90.5365 30.615234 25.378418 0.9063721 -35.34851 -74.92676 -71.7041 -74.12109 -82.47986 -78.652954 -79.35791 -99.298096 -114.10217 -114.60571 -94.16199 -58.813477 -34.240723 -11.883545 -13.394165 -33.535767 -60.62622 -49.850464 -49.0448 -36.254883 -35.147095 -38.571167 -28.701782 -26.989746 -23.666382 -28.399658 -25.881958 -25.881958 -10.977173 7.0495605 23.062134 10.876465 -10.775757 -12.084961 -13.494873 10.675049 32.125854 37.86621 42.90161 22.25647 19.73877 11.883545 11.178589 -21.954346 -46.829224 -44.311523 -57.504272 -82.177734 -85.90393 -48.239136 -14.602661 25.982666 42.297363 55.59082 70.29419 79.86145 57.60498 15.106201 4.3304443 11.581421 20.24231 9.063721 12.487793 -0.9063721 4.1290283 -12.185669 -9.265137 -6.4453125 3.6254883 12.185669 12.185669 -10.574341 -26.889038 -6.6467285 11.178589 18.933105 30.615234 10.574341 31.723022 22.25647 30.917358 19.638062 30.010986 34.240723 35.751343 28.097534 29.003906 45.822144 71.40198 94.06128 111.78589 147.63794 180.46875 190.43884 188.12256 165.46326 134.34448 111.78589 68.481445 -4.4311523 -68.28003 -86.8103 -74.020386 -67.17224 -57.20215 -59.417725 -46.124268 -51.05896 -58.007812 -68.17932 -76.638794 -88.82446 -127.697754 -143.91174 -165.86609 -168.28308 -123.97156 -124.97864 -81.47278 -63.345337 -46.224976 -29.30603 4.4311523 1.9134521 -9.365845 -13.796997 -30.514526 -21.24939 -11.581421 -10.574341 -23.76709 -18.328857 -6.8481445 -6.4453125 -0.70495605 -2.5177002 2.7191162 -0.30212402 3.5247803 -9.466553 -14.099121 -3.4240723 12.991333 15.005493 36.557007 22.76001 9.265137 -8.056641 -2.0141602 8.761597 6.8481445 -4.6325684 -11.782837 -3.5247803 -0.80566406 4.6325684 -0.80566406 -1.3092041 1.5106201 4.6325684 21.047974 17.523193 30.514526 25.479126 21.853638 36.758423 17.523193 -11.883545 -33.83789 -45.721436 -41.088867 -13.796997 15.911865 33.737183 49.95117 40.786743 23.76709 21.75293 10.473633 -8.157349 -22.357178 -17.623901 17.321777 14.401245 6.9488525 
-610.9955 2157.1655 3299.8992 3299.8992 3299.8992 3299.8992 3299.8992 3299.8992 3299.8992 3299.8992 3299.8992 3299.8992 3299.8992 3299.8992 3299.8992 3299.8992 3299.8992 3299.8992 3299.8992 3259.314 3291.2383 -3291.4397 -3275.2258 -3258.4075 -3242.1936 -3226.2817 -3210.5713 -3194.8608 -3179.251 -3163.8428 -3148.5352 -3133.429 -3118.5242 -3103.6194 -3088.916 -3074.1118 -3059.8113 -3045.4102 -3031.2102 -2875.6165 -502.53296 2330.8867 3299.8992 3299.8992 3299.8992 3299.8992 3299.8992 3299.8992 3299.8992 3299.8992 3299.8992 3299.8992 3299.8992 3299.8992 3299.8992 3299.8992 3299.8992 3299.8992 3299.8992 3161.1235 3293.1519 -3289.7278 -3273.0103 -3256.9976 -3240.6829 -3224.6704 -3208.5571 -3192.8467 -3177.2368 -3161.8286 -3146.6216 -3131.5154 -3116.4092 -3101.6052 -3086.9019 -3072.299 -3057.898 -3043.4966 -3029.2969 -2839.7644 -499.81384 2370.6665 3299.8992 3299.8992 3299.8992 3299.8992 3299.8992 3299.8992 3299.8992 3299.8992 3299.8992 3299.8992 3299.8992 3299.8992 3299.8992 3299.8992 3299.8992 3299.8992 3299.8992 2827.1758 3296.7773 -3286.6057 -3270.1904 -3253.372 -3237.1582 -3221.347 -3205.536 -3190.0269 -3174.417 -3159.0088 -3143.7012 -3128.595 -3113.6902 -3098.886 -3084.1826 -3069.58 -3055.2795 -3040.8782 -3026.779 -2709.6497 -100.909424 2687.2925 3299.8992 3299.8992 3299.8992 3299.8992 3299.8992 3299.8992 3299.8992 3299.8992 3299.8992 3299.8992 3299.8992 3299.8992 3299.8992 3299.8992 3299.8992 3299.8992 3299.8992 2403.4973 3297.885 -3284.8938 -3268.7805 -3251.9622 -3235.8489 -3220.0378 -3204.2266 -3188.617 -3173.007 -3157.6995 -3142.4927 -3127.3865 -3112.3809 -3097.6775 -3082.974 -3068.4722 -3053.9702 -3039.7705 -3025.5706 -2462.3108 4.5318604 2752.3499 3299.8992 3299.8992 3299.8992 3299.8992 3299.8992 3299.8992 3299.8992 3299.8992 3299.8992 3299.8992 3299.8992 3299.8992 3299.8992 3299.8992 3299.8992 3299.8992 3299.8992 1869.7449 3299.7986 -3283.6853 -3266.6655 -3250.7537 -3234.6404 -3218.3257 -3202.4138 -3186.8042 -3171.1943 -3155.7861 -3140.68 -3125.473 -3110.669 -3095.8647 -3081.1614 -3066.5588 -3052.1575 -3037.9578 -3023.8586 -2307.5225 
358.3191 2526.361 3299.8992 3299.8992 3299.8992 3299.8992 3299.8992 3299.8992 3299.8992 3299.8992 3299.8992 3299.8992 3299.8992 3299.8992 3299.8992 3299.8992 3294.3604 3279.4556 3264.3494 3011.6729 3254.5806 3270.291 3286.3037 3299.8992 -3282.9802 -3267.6726 -3252.8687 -3237.9639 -3223.1597 -3208.5571 -3194.1558 -3179.7546 -3165.5547 -3151.355 -3137.3564 -3123.4587 -3109.6619 -3095.9656 -3082.3699 -2093.7195 34.039307 2244.3787 3299.8992 3299.8992 3299.8992 3299.8992 3299.8992 3299.8992 3299.8992 3299.8992 3299.8992 3299.8992 3299.8992 3299.8992 3299.8992 3299.8992 3298.1873 3283.1816 3268.1763 2731.604 3260.2202 3275.83 3291.742 3299.8992 -3277.6428 -3262.3352 -3247.4304 -3232.6262 -3217.9229 -3203.421 -3188.919 -3174.6184 -3160.3179 -3146.4202 -3132.321 -3118.3228 -3104.6265 -3091.0308 -3077.4353 -1979.4159 637.17957 2802.0996 3299.8992 3299.8992 3299.8992 3299.8992 3299.8992 3299.8992 3299.8992 3299.8992 3299.8992 3299.8992 3299.8992 3299.8992 3299.8992 3299.8992 3297.6836 3282.8796 3267.4712 2323.5352 3261.8315 3277.9448 3293.6553 3299.8992 -3275.7292 -3261.026 -3245.819 -3230.9143 -3216.3115 -3201.8096 -3187.3076 -3173.007 -3158.908 -3144.5068 -3130.7097 -3116.9128 -3102.9143 -3089.4194 -2837.5488 -2010.2325 579.4739 2627.2705 3299.8992 3299.8992 3299.8992 3299.8992 3299.8992 3299.8992 3299.8992 3299.8992 3299.8992 3299.8992 3299.8992 3299.8992 3299.8992 3299.8992 3299.8992 3284.6924 3269.5862 1494.7083 3266.867 3282.8796 3298.2878 -3286.3037 -3271.0967 -3255.789 -3241.0857 -3226.3823 -3211.679 -3197.177 -3182.675 -3168.3745 -3154.1748 -3140.0757 -3126.178 -3112.2803 -3098.6846 -3085.1897 -3071.5942 -1231.7596 1297.3206 3299.8992 3299.8992 3299.8992 3299.8992 3299.8992 3299.8992 3299.8992 3299.8992 3299.8992 3299.8992 3299.8992 3299.8992 3299.8992 3299.8992 3299.8992 3295.2666 3280.3618 3265.155 1634.9945 3261.9324 3277.542 3293.4539 3299.8992 -3275.9307 -3260.623 -3245.9197 -3231.015 -3216.4124 -3201.8096 -3187.4084 -3173.007 -3158.8074 -3144.7083 -3130.7097 -3116.812 -3103.1157 -3089.4194 -3076.0254 -1430.7587 
-799.6216 -2221.0144 3128.9978 3141.687 3157.498 3173.108 3188.1133 3203.8237 3219.2322 3234.439 3249.4446 3264.45 3279.4556 3294.159 -3290.9363 -3276.4343 -3261.9324 -3247.3296 -3233.2305 -2481.4453 3299.8992 3299.8992 3299.8992 3299.8992 3299.8992 3299.8992 3285.498 3270.1904 3255.89 3241.1865 3226.3823 3211.679 3196.9756 3182.373 3167.871 3153.2683 3139.0686 3124.4658 2644.5923 751.9867 -1186.5417 -2572.284 3131.7168 3147.7295 3163.037 3178.5461 3194.3572 3209.7656 3224.6704 3239.6758 3254.9834 3270.0896 3284.793 3299.3958 -3285.8 -3271.1975 -3256.6956 -3242.2942 -3227.9937 -2267.9443 3299.8992 3299.8992 3299.8992 3299.8992 3299.8992 3299.8992 3290.0298 3274.3193 3259.5154 3244.7112 3230.0078 3215.2039 3200.601 3185.8977 3171.2952 3156.8938 3142.4927 3128.1921 2856.1797 974.6521 -915.93933 -2410.2446 3131.5154 3147.1252 3163.1377 3178.8481 3193.8538 3209.3628 3224.8718 3239.8772 3255.0842 3269.989 3284.8938 3299.6978 -3285.5986 -3270.996 -3256.3933 -3241.9922 -3227.6917 -1903.8849 3299.8992 3299.8992 3299.8992 3299.8992 3299.8992 3299.8992 3287.7136 3272.406 3258.1055 3243.3013 3228.4973 3213.794 3199.0906 3184.4878 3169.8853 3155.3833 3141.0828 3126.48 2635.73 842.6239 -891.6687 -2218.7988 3130.2063 3145.6145 3161.4258 3176.834 3192.6453 3207.953 3222.8577 3238.0645 3253.1707 3268.1763 3282.9802 3297.885 -3287.4114 -3272.9094 -3258.307 -3243.9055 -3229.605 -1589.978 3299.8992 3299.8992 3299.8992 3299.8992 3299.8992 3299.6978 3285.1958 3269.5862 3254.782 3240.0786 3225.2747 3210.6719 3195.9685 3181.366 3166.7632 3152.1606 3137.9607 3121.646 2437.4358 435.1593 -1172.0398 -2515.686 3132.6233 3148.3337 3164.3462 3179.956 3194.9614 3210.6719 3225.9795 3241.0857 3256.192 3271.1975 3286.0015 3299.8992 -3284.491 -3269.7876 -3255.3862 -3240.985 -3226.5837 -1096.106 3299.8992 3299.8992 3299.8992 3299.8992 3299.8992 3299.8992 3284.9944 3269.6868 3255.1848 3240.5823 3225.879 3211.0747 3196.4722 3181.8694 3167.166 3152.765 3138.565 3121.5454 2389.5996 338.78174 
-1588.0646 -62.841797 1138.2019 2236.624 3299.8992 3299.8992 3299.8992 3299.8992 3299.8992 3299.8992 3299.8992 3299.8992 3299.8992 3299.8992 3299.8992 3299.8992 3299.8992 3299.8992 3299.8992 3299.8992 -1518.2739 -3167.7703 -3152.0598 -3136.853 -3121.8474 -3106.9426 -3092.1387 -3077.536 -3062.9333 -3048.532 -3034.2314 -3020.1323 -3006.0332 -2992.1355 -2978.3386 -2964.5415 -2950.946 -2937.4512 -2924.1577 -2521.527 -1201.5472 195.47424 1539.7247 2753.4575 3299.8992 3299.8992 3299.8992 3299.8992 3299.8992 3299.8992 3299.8992 3299.8992 3299.8992 3299.8992 3299.8992 3299.8992 3299.8992 3299.8992 3299.8992 3299.8992 -1759.671 -3171.4966 -3156.189 -3140.579 -3125.3723 -3110.3667 -3095.6633 -3080.96 -3066.458 -3051.956 -3037.6555 -3023.5564 -3009.4573 -2995.459 -2981.6619 -2968.0664 -2954.37 -2940.8752 -2927.3804 -2602.295 -1301.651 92.65137 1476.0773 2749.6306 3299.8992 3299.8992 3299.8992 3299.8992 3299.8992 3299.8992 3299.8992 3299.8992 3299.8992 3299.8992 3299.8992 3299.8992 3299.8992 3299.8992 3299.8992 3299.8992 -2119.8027 -3171.2952 -3156.189 -3140.579 -3125.2715 -3110.4675 -3095.5627 -3080.8594 -3066.5588 -3051.956 -3037.6555 -3023.4558 -3009.4573 -2995.5596 -2981.6619 -2967.865 -2954.37 -2940.7744 -2927.481 -2393.225 -1144.6472 290.24048 1452.8137 2655.4688 3299.8992 3299.8992 3299.8992 3299.8992 3299.8992 3299.8992 3299.8992 3299.8992 3299.8992 3299.8992 3299.8992 3299.8992 3299.8992 3299.8992 3299.8992 3216.6138 -2625.055 -3170.59 -3155.081 -3139.9749 -3124.9695 -3109.9639 -3095.2605 -3080.658 -3066.0552 -3051.5532 -3037.2527 -3023.053 -3009.0544 -2995.1567 -2981.3599 -2967.6636 -2954.0679 -2940.573 -2927.0781 -2636.8376 -1410.8185 51.663208 1459.4604 2642.276 3299.8992 3299.8992 3299.8992 3299.8992 3299.8992 3299.8992 3299.8992 3299.8992 3299.8992 3299.8992 3299.8992 3299.8992 3299.8992 3299.8992 3299.8992 3091.0308 -2855.374 -3166.3604 -3150.7507 -3135.6445 -3120.5383 -3105.6335 -3090.9302 -3076.3274 -3061.8254 -3047.3235 -3032.9224 -3019.0247 -3004.9255 -2990.927 -2977.2307 -2963.5344 -2949.939 -2936.444 -2923.0498 -2363.617 
-509.3811 -1530.5603 -2460.8 -3143.8018 3103.0151 3119.6318 3136.2488 3152.8655 3169.1802 3185.3943 3201.5076 3217.6208 3233.5327 3249.3438 3265.0542 3280.664 3296.2737 -3288.217 -3272.8088 -2480.9417 2879.4434 3299.8992 3299.8992 3291.4397 3276.0315 3260.8245 3245.5168 3230.1086 3214.7002 3198.587 3183.3801 3168.173 3152.9663 3137.7593 3122.653 3107.849 3092.743 3071.7957 2198.053 708.48083 -549.8657 -1504.4769 -2439.8528 -3162.332 3106.7412 3123.6602 3140.0757 3156.5918 3172.8057 3189.1204 3205.2336 3221.1455 3237.0574 3252.9692 3268.6797 3284.2896 3299.8992 -3284.5916 -3269.284 -2133.9019 3299.8992 3299.8992 3299.8992 3292.3462 3277.0386 3261.6301 3246.3225 3231.015 3215.6067 3199.4934 3184.2864 3168.9788 3153.772 3138.6658 3123.4587 3108.554 3093.5486 3074.1118 2342.5688 940.6128 -329.91943 -1366.2048 -2257.3699 -2962.6282 3102.008 3118.8262 3135.5437 3151.9592 3168.274 3184.4878 3200.8025 3216.6138 3232.727 3248.538 3264.2485 3280.0598 3295.468 -3289.0227 -3273.6145 -1871.8597 3299.8992 3299.8992 3299.8992 3286.5051 3271.1975 3255.89 3240.7837 3225.3752 3209.8662 3193.8538 3178.6467 3163.44 3148.1323 3133.1267 3118.0205 3103.2166 3088.211 3067.465 2235.8184 631.4392 -750.5768 -1685.9528 -2551.538 3288.7207 3105.7341 3122.5525 3139.0686 3155.484 3171.7986 3188.0127 3204.126 3220.1384 3236.0503 3251.8616 3267.6726 3283.1816 3298.892 -3285.5986 -3270.3918 -1704.3823 3299.8992 3299.8992 3299.8992 3288.6199 3273.3123 3258.1055 3242.8984 3227.4902 3212.0818 3195.9685 3180.7617 3165.454 3150.247 3135.1409 3120.0347 3105.13 3090.4265 3068.3716 2191.9097 548.3551 -719.2566 -1641.1377 -2429.782 -3071.1914 3106.2378 3122.754 3139.572 3155.8867 3172.3022 3188.4155 3204.5288 3220.5413 3236.4531 3252.2644 3268.0754 3283.786 3299.1943 -3285.0952 -3269.7876 -1223.4009 3299.8992 3299.8992 3299.8992 3286.0015 3270.8953 3255.5876 3240.28 3224.9724 3209.5642 3193.35 3178.244 3163.037 3147.931 3132.6233 3117.6177 3102.8137 3087.909 3054.373 2121.0112 661.7523 
-374.8352 17.22107 177.85034 258.11462 516.7328 1221.286 2444.3848 2937.2498 3299.8992 3299.8992 3299.8992 3299.8992 3299.8992 3299.8992 3299.8992 3299.8992 3299.8992 3299.8992 3299.8992 2569.0613 433.14514 -1134.4757 -2348.108 -3106.0364 -3091.333 -3076.7302 -3062.1277 -3047.9277 -3033.728 -3019.528 -3005.5298 -2991.7327 -2977.9358 -2904.016 -2469.7632 -2073.6785 -1784.6466 -1434.8877 -1046.4569 -674.54224 -368.5913 -143.10608 27.392578 140.7898 263.65356 935.6781 2223.4314 3106.0364 3299.8992 3299.8992 3299.8992 3299.8992 3299.8992 3299.8992 3299.8992 3299.8992 3299.8992 3299.8992 3299.8992 2352.2368 142.80396 -1429.4495 -2658.1877 -3112.3809 -3097.6775 -3083.075 -3068.4722 -3054.2725 -3039.871 -3025.9734 -3011.7737 -2997.876 -2984.1797 -2970.584 -2826.2695 -2508.5356 -2059.2773 -1715.6616 -1510.4187 -1110.4065 -835.87646 -567.4896 -479.77295 -194.16504 114.90784 882.00073 2108.7249 2840.1672 3299.8992 3299.8992 3299.8992 3299.8992 3299.8992 3299.8992 3299.8992 3299.8992 3299.8992 3299.8992 3299.8992 2112.0483 -74.020386 -1430.0537 -2637.9456 -3096.167 -3081.3628 -3066.9617 -3052.5603 -3038.1592 -3024.1606 -3010.0615 -2996.1638 -2982.367 -2968.6707 -2895.9595 -2533.612 -2187.277 -1798.1415 -1463.8916 -1263.4827 -846.2494 -590.1489 -350.9674 -124.27368 63.848877 405.45044 1215.445 2413.971 3198.9897 3299.8992 3299.8992 3299.8992 3299.8992 3299.8992 3299.8992 3299.8992 3299.8992 3299.8992 3299.8992 3299.8992 1910.4309 -194.9707 -1727.8473 -2893.9453 -3095.3613 -3080.5571 -3065.9546 -3051.654 -3037.3535 -3023.2544 -3009.2559 -2995.3582 -2981.5613 -2967.865 -2912.0728 -2484.97 -2136.0168 -1840.9424 -1611.2274 -1385.9436 -976.76697 -812.5122 -458.62427 -103.125 130.51758 436.06567 1326.6266 2586.9873 3299.8992 3299.8992 3299.8992 3299.8992 3299.8992 3299.8992 3299.8992 3299.8992 3299.8992 3299.8992 3299.8992 3299.8992 1929.4647 -145.22095 -1634.5917 -2782.3608 -3094.757 -3080.1543 -3065.5518 -3051.1504 -3037.0513 -3022.8516 -3008.7524 -2994.754 -2981.0576 -2967.4622 -2879.3425 -2564.328 -2173.4802 -1965.4175 -1761.6852 -1250.6927 -744.8364 

-64.05029 -39.47754 -33.032227 -28.903198 -22.860718 -9.466553 -1.7120361 6.9488525 -3.7261963 -22.155762 -41.088867 -34.94568 -49.749756 -6.0424805 15.106201 23.062134 40.182495 50.454712 25.479126 -33.032227 -56.295776 -41.793823 -29.80957 -35.247803 -11.581421 14.501953 33.132935 47.735596 40.081787 26.083374 27.593994 11.984253 -10.272217 -27.493286 -22.155762 -16.314697 -4.1290283 7.2509766 22.558594 20.24231 8.963013 24.169922 44.110107 55.288696 69.68994 69.28711 50.05188 22.457886 14.501953 20.846558 3.5247803 -45.52002 -99.49951 -108.966064 -82.88269 -39.98108 -8.560181 4.9346924 2.6184082 -5.6396484 -18.530273 -46.325684 -32.93152 -10.272217 9.768677 4.2297363 10.775757 22.25647 36.85913 34.34143 32.125854 37.161255 18.328857 -4.5318604 -34.039307 -41.088867 -45.117188 -30.31311 -8.963013 16.113281 21.148682 8.459473 -9.466553 -28.701782 -27.593994 -7.7545166 1.4099121 7.0495605 4.1290283 0 -4.7332764 2.7191162 8.157349 3.1219482 -8.358765 -8.358765 1.4099121 34.94568 74.12109 108.86536 136.66077 118.533325 43.50586 -29.30603 -40.283203 -46.92993 -44.210815 -53.274536 -54.68445 -38.87329 6.4453125 50.656128 100.20447 96.98181 53.475952 12.789917 -19.335938 -38.067627 -53.07312 -72.71118 -76.94092 -71.502686 -49.649048 -13.092041 -2.1148682 26.28479 31.521606 11.480713 9.365845 3.2226562 -23.062134 -52.368164 -69.28711 -76.638794 -57.10144 -38.571167 0.10070801 4.6325684 15.307617 21.652222 24.874878 24.673462 39.578247 32.42798 -5.2368164 -32.42798 -33.132935 -36.154175 -13.394165 3.9276123 15.509033 10.070801 -0.80566406 -8.862305 -6.7474365 -9.869385 -50.354004 -33.132935 -42.700195 -31.118774 -18.026733 -15.408325 -8.560181 -2.8198242 8.963013 13.494873 6.7474365 -2.7191162 -2.2155762 1.3092041 6.2438965 1.6113281 1.8127441 7.5531006 3.0212402 -3.5247803 -6.1431885 -15.911865 -14.300537 -10.574341 11.178589 13.394165 10.372925 3.7261963 9.667969 14.099121 15.811157 -3.5247803 -12.789917 -2.5177002 1.3092041 13.796997 14.099121 19.23523 12.387085 4.0283203 1.8127441 -9.768677 -4.8339844 18.328857 18.328857 18.328857 18.328857 18.328857 18.328857 18.328857 18.328857 18.328857 18.328857 18.328857 18.328857 18.328857 18.328857 18.328857 18.328857 18.328857 18.328857 18.328857 18.328857 18.328857 
-10.775757 -10.775757 -1.4099121 5.9417725 27.392578 52.368164 52.468872 38.067627 50.958252 56.295776 76.638794 78.048706 48.03772 76.135254 78.552246 63.949585 40.585327 7.6538086 -26.486206 -46.627808 -83.99048 -108.462524 -112.89368 -83.78906 -63.949585 -54.18091 -35.44922 -30.31311 -38.87329 -57.504272 -59.820557 -44.41223 -17.523193 11.883545 39.88037 42.599487 41.99524 45.52002 30.715942 35.751343 33.132935 34.240723 38.168335 48.339844 47.53418 35.650635 7.5531006 -4.7332764 -3.8269043 -14.804077 -17.22107 -49.346924 -73.71826 -68.88428 -42.90161 -16.314697 -4.2297363 -10.977173 -22.558594 -24.069214 -6.3446045 14.501953 36.35559 58.813477 71.90552 57.000732 38.974 41.89453 56.396484 44.210815 33.535767 8.459473 -42.297363 -64.75525 -84.59473 -67.77649 -48.742676 -20.24231 -4.6325684 47.836304 62.74109 76.034546 71.502686 80.163574 84.695435 97.18323 84.89685 58.309937 24.572754 2.5177002 -5.9417725 -14.904785 -30.81665 -54.68445 -86.709595 -106.14624 -102.01721 -75.4303 -82.27844 -79.76074 -74.523926 -65.3595 -59.014893 -46.5271 -42.196655 -29.104614 -1.5106201 13.293457 37.46338 40.283203 34.744263 24.27063 27.191162 36.154175 41.793823 51.159668 36.85913 30.917358 16.818237 -5.4382324 -13.192749 -15.206909 4.6325684 23.968506 21.75293 9.970093 -13.092041 -24.874878 -26.486206 -50.454712 -46.5271 -52.267456 -55.993652 -62.539673 -57.20215 -61.431885 -41.189575 -61.532593 -47.131348 -32.83081 -2.8198242 17.623901 28.399658 25.78125 6.4453125 -2.0141602 16.012573 29.003906 34.34143 34.140015 18.026733 -4.7332764 -12.890625 -22.357178 -20.947266 -23.062134 -50.656128 -9.768677 -13.595581 -7.1502686 -9.869385 -7.2509766 -7.3516846 5.0354004 12.185669 22.860718 -1.5106201 -6.1431885 -2.5177002 -11.581421 -9.567261 -20.443726 -20.443726 -22.961426 -20.343018 -16.516113 -12.588501 -3.5247803 -0.70495605 -1.9134521 14.804077 26.385498 31.018066 34.140015 35.046387 29.708862 38.671875 37.664795 46.124268 68.38074 83.48694 93.45703 118.93616 155.9967 195.47424 230.82275 246.63391 282.7881 294.3695 310.6842 282.58667 274.3286 256.10046 204.13513 149.34998 57.302856 -46.829224 -137.26501 -205.24292 -231.22559 -235.65674 -266.27197 -261.438 -262.34436 -246.33179 -217.22717 -172.10999 -139.48059 -127.697754 -122.46094 
345.52917 3141.989 3299.8992 3299.8992 3299.8992 3299.8992 3299.8992 3299.8992 3299.8992 3299.8992 3299.8992 3299.8992 3299.8992 3299.8992 3299.8992 3299.8992 3299.8992 3299.8992 3299.8992 1081.8054 3299.8992 -3283.081 -3266.565 -3249.8474 -3233.7341 -3217.8223 -3202.2124 -3186.6028 -3171.0938 -3155.6853 -3140.4785 -3125.473 -3110.4675 -3095.7642 -3080.96 -3066.458 -3052.057 -3037.857 -3023.6572 -2279.3242 364.7644 3175.0212 3299.8992 3299.8992 3299.8992 3299.8992 3299.8992 3299.8992 3299.8992 3299.8992 3299.8992 3299.8992 3299.8992 3299.8992 3299.8992 3299.8992 3299.8992 3299.8992 3299.8992 325.7904 3299.8992 -3280.664 -3264.047 -3248.1353 -3232.022 -3215.9087 -3199.9968 -3184.2864 -3168.7773 -3153.3691 -3138.263 -3123.2573 -3108.3525 -3093.4478 -3078.9458 -3064.3433 -3049.942 -3035.7422 -3021.643 -2097.1436 602.1332 3299.8992 3299.8992 3299.8992 3299.8992 3299.8992 3299.8992 3299.8992 3299.8992 3299.8992 3299.8992 3299.8992 3299.8992 3299.8992 3299.8992 3299.8992 3299.8992 3299.8992 3299.8992 -242.50488 3299.8992 -3280.1604 -3263.6443 -3247.0276 -3230.9143 -3215.103 -3199.3926 -3183.8835 -3168.3745 -3153.067 -3137.86 -3122.653 -3107.849 -3093.045 -3078.3416 -3063.9404 -3049.539 -3035.3394 -3021.1394 -1966.626 805.8655 3299.8992 3299.8992 3299.8992 3299.8992 3299.8992 3299.8992 3299.8992 3299.8992 3299.8992 3299.8992 3299.8992 3299.8992 3299.8992 3299.8992 3299.8992 3299.8992 3299.8992 3299.0935 -1223.3002 3299.8992 -3278.65 -3262.5366 -3245.819 -3229.8064 -3213.8945 -3198.285 -3182.776 -3167.166 -3151.8584 -3136.7522 -3121.5454 -3106.842 -3091.9373 -3077.3345 -3062.8325 -3048.4314 -3034.3323 -3020.2332 -1979.2145 711.7035 3299.8992 3299.8992 3299.8992 3299.8992 3299.8992 3299.8992 3299.8992 3299.8992 3299.8992 3299.8992 3299.8992 3299.8992 3299.8992 3299.8992 3299.8992 3299.8992 3299.8992 3299.8992 -2130.5786 -3291.5405 -3275.2258 -3258.307 -3242.395 -3226.2817 -3210.1685 -3194.3572 -3178.7476 -3163.2385 -3147.931 -3132.8247 -3117.819 -3103.0151 -3088.3118 -3073.6084 -3059.207 -3044.9065 -3030.606 -3016.5068 -1601.5594 1310.7147 3299.8992 3299.8992 3299.8992 3299.8992 3299.8992 3299.8992 3299.8992 3299.8992 3299.8992 3299.8992 3299.8992 3299.8992 3299.8992 3299.8992 3299.8992 3299.8992 3299.8992 3298.6907 -2808.142 
931.44836 3092.8435 3299.8992 3299.8992 3299.8992 3299.8992 3299.8992 3299.8992 3299.8992 3299.8992 3299.8992 3299.8992 3299.8992 3299.8992 3299.8992 3299.8992 3294.5618 3279.5562 3264.3494 605.8594 3264.5508 3280.664 3295.9717 -3288.6199 -3273.5137 -3258.609 -3243.5027 -3228.598 -3213.8945 -3199.3926 -3184.8906 -3170.4895 -3156.491 -3142.2913 -3128.3936 -3114.5964 -3100.7996 -3087.2039 -3040.7776 -889.85596 1643.9575 3299.8992 3299.8992 3299.8992 3299.8992 3299.8992 3299.8992 3299.8992 3299.8992 3299.8992 3299.8992 3299.8992 3299.8992 3299.8992 3299.8992 3299.8992 3289.4255 3274.5208 3259.2131 253.58276 3260.623 3276.7363 3292.044 3299.8992 -3277.3406 -3262.4358 -3247.3296 -3232.4248 -3217.7214 -3203.2195 -3188.8184 -3174.417 -3160.2173 -3146.1182 -3132.1196 -3118.222 -3104.5256 -3090.8293 -3077.4353 -1354.5227 953.4027 3129.602 3299.8992 3299.8992 3299.8992 3299.8992 3299.8992 3299.8992 3299.8992 3299.8992 3299.8992 3299.8992 3299.8992 3299.8992 3299.8992 3299.8992 3292.6482 3277.6428 3262.3352 -442.7124 3265.6584 3281.7717 3297.0793 -3287.5122 -3272.406 -3257.5012 -3242.2942 -3227.5908 -3212.8875 -3198.3855 -3183.9844 -3169.6838 -3155.484 -3141.3848 -3127.487 -3113.4888 -3099.893 -3086.2976 -3006.3354 -776.45874 1646.3745 3299.8992 3299.8992 3299.8992 3299.8992 3299.8992 3299.8992 3299.8992 3299.8992 3299.8992 3299.8992 3299.8992 3299.8992 3299.8992 3299.8992 3299.8992 3289.7278 3274.823 3259.4146 -1332.1655 3265.3564 3281.369 3296.6765 -3287.915 -3272.708 -3257.904 -3242.7979 -3227.7922 -3213.2903 -3198.6877 -3184.1858 -3169.9858 -3155.7861 -3141.7876 -3127.7893 -3113.9922 -3100.1953 -3086.5996 -3024.5635 -848.36426 1337.503 3299.8992 3299.8992 3299.8992 3299.8992 3299.8992 3299.8992 3299.8992 3299.8992 3299.8992 3299.8992 3299.8992 3299.8992 3299.8992 3299.8992 3299.8992 3291.742 3276.8372 3261.3281 -1931.8817 3268.982 3284.491 3299.8992 -3284.491 -3269.284 -3254.5806 -3239.273 -3224.6704 -3209.8662 -3195.3643 -3180.9631 -3166.7632 -3152.5635 -3138.565 -3124.6672 -3110.7695 -3097.174 -3083.377 -2693.2341 -208.46558 2148.8066 3299.8992 3299.8992 3299.8992 3299.8992 3299.8992 3299.8992 3299.8992 3299.8992 3299.8992 3299.8992 3299.8992 3299.8992 3299.8992 3299.8992 3299.8992 3285.901 3270.996 3255.487 -3030.304 
-1373.6572 -2750.7385 3135.846 3151.7578 3167.166 3182.675 3198.3855 3213.693 3228.598 3243.704 3258.8103 3273.715 3288.7207 3299.8992 -3281.7717 -3267.2698 -3252.7678 -3238.3667 -3224.1667 -588.4369 3299.8992 3299.8992 3299.8992 3299.8992 3299.8992 3299.8992 3286.203 3270.5933 3255.789 3241.0857 3226.2817 3211.679 3196.875 3182.2722 3167.6697 3153.1677 3138.8672 3121.7468 2292.6177 415.72266 -1272.2443 -2540.4602 3135.1409 3151.0527 3166.3604 3182.0708 3197.7812 3213.1897 3227.9937 3243.0999 3258.206 3273.2117 3288.1165 3299.8992 -3282.5774 -3267.874 -3253.473 -3239.0715 -3224.771 -153.07617 3299.8992 3299.8992 3299.8992 3299.8992 3299.8992 3298.6907 3283.5845 3268.2769 3253.8757 3239.1724 3224.469 3209.6648 3194.9614 3180.4595 3165.857 3151.355 3137.0544 3119.5312 2265.225 360.43396 -1204.065 -2586.2822 3133.2275 3149.3408 3164.749 3180.258 3196.0693 3211.2761 3226.181 3241.388 3256.3933 3271.399 3286.3037 3299.8992 -3284.1887 -3269.6868 -3254.8828 -3240.7837 -3226.5837 212.79602 3299.8992 3299.8992 3299.8992 3299.8992 3299.8992 3295.166 3280.7646 3265.2556 3250.3508 3235.6475 3220.944 3206.1401 3191.6382 3177.0354 3162.5334 3148.1323 3133.731 3114.6973 2054.141 55.490112 -1513.9435 -2803.2073 3135.3423 3151.355 3166.6626 3182.1716 3197.9827 3213.2903 3228.0945 3243.2007 3258.307 3273.2117 3288.1165 3299.8992 -3282.4768 -3267.874 -3253.372 -3238.971 -3224.6704 814.9292 3299.8992 3299.8992 3299.8992 3299.8992 3299.8992 3295.0652 3279.959 3264.5508 3250.1494 3235.5469 3220.7427 3206.0393 3191.4368 3176.834 3162.332 3147.931 3133.6304 3115.2007 2065.1184 142.60254 -1422.3999 -2777.5269 3133.8318 3149.6428 3165.3533 3181.0637 3196.17 3211.679 3226.886 3242.0928 3257.199 3272.2046 3287.0085 3299.8992 -3283.383 -3269.0825 -3254.5806 -3240.28 -3225.9795 1373.053 3299.8992 3299.8992 3299.8992 3299.8992 3299.8992 3291.2383 3276.8372 3261.3281 3246.524 3231.8206 3217.1172 3202.4138 3187.8113 3173.108 3158.606 3144.3054 3129.904 3049.942 1551.6083 -418.54248 -1952.9297 -3175.9277 3140.0757 3155.9875 3171.1943 3186.8042 3202.6152 3217.7214 3232.5256 3247.7324 3262.738 3277.6428 3292.5476 -3292.749 -3277.8442 -3263.3423 -3248.941 -3234.5398 -3220.5413 1984.1492 
-1067.5049 411.3922 1468.4235 2700.0823 3299.8992 3299.8992 3299.8992 3299.8992 3299.8992 3299.8992 3299.8992 3299.8992 3299.8992 3299.8992 3299.8992 3299.8992 3299.8992 3299.8992 3299.8992 2828.1829 -3178.6467 -3164.8499 -3149.7437 -3134.2346 -3119.0276 -3104.1228 -3089.5203 -3074.716 -3060.214 -3045.813 -3031.613 -3017.514 -3003.5156 -2989.618 -2975.7202 -2962.024 -2948.529 -2935.0342 -2921.64 -2452.1392 -929.4342 583.5022 1896.4325 3020.1323 3299.8992 3299.8992 3299.8992 3299.8992 3299.8992 3299.8992 3299.8992 3299.8992 3299.8992 3299.8992 3299.8992 3299.8992 3299.8992 3299.8992 3299.8992 2492.8252 -3181.366 -3165.454 -3150.348 -3134.8389 -3119.6318 -3104.727 -3090.1245 -3075.4211 -3060.9192 -3046.5178 -3032.2173 -3018.1182 -3004.1199 -2990.2222 -2976.425 -2962.8296 -2949.1333 -2935.6384 -2922.345 -2378.6223 -1105.4718 289.3341 1593.2007 2767.9595 3299.8992 3299.8992 3299.8992 3299.8992 3299.8992 3299.8992 3299.8992 3299.8992 3299.8992 3299.8992 3299.8992 3299.8992 3299.8992 3299.8992 3299.8992 2315.3777 -3176.834 -3161.023 -3145.514 -3130.4077 -3115.402 -3100.4973 -3085.794 -3071.292 -3056.79 -3042.389 -3028.0884 -3014.0898 -3000.0916 -2986.1938 -2972.3967 -2958.8013 -2945.2056 -2931.7107 -2918.4172 -2115.8752 -758.3313 609.48486 1914.5599 2959.909 3299.8992 3299.8992 3299.8992 3299.8992 3299.8992 3299.8992 3299.8992 3299.8992 3299.8992 3299.8992 3299.8992 3299.8992 3299.8992 3299.8992 3299.8992 1594.5099 -3175.0212 -3159.4116 -3143.8018 -3128.595 -3113.7908 -3098.886 -3084.082 -3069.4792 -3055.0781 -3040.7776 -3026.477 -3012.378 -2998.3794 -2984.5825 -2970.8862 -2957.19 -2943.5942 -2930.2002 -2916.806 -2532.8064 -1372.8516 20.443726 1398.6328 2585.0737 3299.8992 3299.8992 3299.8992 3299.8992 3299.8992 3299.8992 3299.8992 3299.8992 3299.8992 3299.8992 3299.8992 3299.8992 3299.8992 3299.8992 3299.8992 1646.0724 -3163.742 -3148.0315 -3132.9253 -3117.4163 -3102.411 -3087.6067 -3073.0042 -3058.4014 -3044.1008 -3029.8003 -3015.6006 -3001.5015 -2987.6038 -2973.9075 -2960.2112 -2946.6155 -2933.1206 -2919.7266 -2906.433 -2121.817 -567.3889 892.6758 2170.761 3266.3635 3299.8992 3299.8992 3299.8992 3299.8992 3299.8992 3299.8992 3299.8992 3299.8992 3299.8992 3299.8992 3299.8992 3299.8992 3299.8992 3299.8992 3299.8992 1055.1178 
-546.0388 -1468.927 -2308.731 -3040.0725 3101.4038 3118.1213 3134.8389 3151.2542 3167.6697 3183.6821 3199.9968 3215.9087 3231.9214 3247.7324 3263.5437 3279.2542 3294.7632 -3289.7278 -3274.2188 -913.0188 3299.8992 3299.8992 3294.8638 3280.0598 3264.9536 3249.5452 3234.439 3219.0308 3203.7231 3187.509 3172.4028 3157.196 3142.0898 3127.0842 3112.1794 3097.174 3082.2693 3025.9734 2022.6196 534.05457 -640.5029 -1583.1299 -2495.5444 -3260.623 3099.994 3116.812 3133.5295 3149.8442 3166.2598 3182.373 3198.6877 3214.7002 3230.5115 3246.3225 3262.2344 3277.8442 3293.3533 -3290.9363 -3275.6287 -563.3606 3299.8992 3299.8992 3292.3462 3276.9377 3261.6301 3246.524 3231.2163 3215.9087 3200.3997 3184.3872 3169.3816 3154.074 3138.9678 3123.8616 3109.0576 3094.1528 3079.248 3041.986 1996.7377 523.1781 -617.3401 -1559.2621 -2501.2847 -3177.6396 3096.6704 3113.4888 3130.005 3146.521 3162.9363 3179.1504 3195.2637 3211.377 3227.2888 3242.9993 3258.8103 3274.5208 3290.1306 3299.8992 -3278.952 -221.55762 3299.8992 3299.8992 3287.4114 3272.0032 3256.5947 3241.4885 3226.181 3210.974 3195.465 3179.4524 3164.3462 3149.24 3134.1338 3119.1284 3104.3242 3089.5203 3074.5146 2988.208 1808.313 308.36792 -887.33826 -1776.4893 -2652.246 3200.9033 3097.9797 3114.6973 3131.314 3147.83 3163.9434 3180.258 3196.3713 3212.4846 3228.3965 3244.2078 3259.9182 3275.7292 3291.339 3299.8992 -3277.8442 81.97632 3299.8992 3299.8992 3286.7065 3271.298 3255.89 3240.7837 3225.5767 3210.3699 3194.9614 3178.949 3163.8428 3148.6357 3133.5295 3118.5242 3103.6194 3088.8152 3072.1985 2821.5361 1572.9584 149.34998 -898.51685 -1859.8755 -2729.3884 3228.6987 3100.6987 3117.3157 3133.9324 3150.348 3166.6626 3182.8765 3199.0906 3215.0024 3230.9143 3246.7253 3262.5366 3278.3477 3293.756 -3290.7349 -3275.3264 704.65393 3299.8992 3299.8992 3285.3972 3270.4924 3255.2856 3240.1794 3224.8718 3209.5642 3194.3572 3178.244 3163.1377 3147.931 3132.8247 3117.819 3103.0151 3088.3118 3073.3062 2939.9688 1732.2784 246.13037 -975.05493 -1951.3184 -2816.9036 3133.429 3099.893 3116.6106 3133.1267 3149.8442 3165.9575 3182.0708 3198.285 3214.3982 3230.2092 3246.0205 3261.8315 3277.542 3293.051 -3291.4397 -3276.132 855.81665 
-348.95325 -12.588501 -35.247803 68.38074 392.76123 1252.3041 2436.5295 3299.8992 3299.8992 3299.8992 3299.8992 3299.8992 3299.8992 3299.8992 3299.8992 3299.8992 3299.8992 3299.8992 3299.8992 1931.5796 -175.43335 -1636.6058 -2822.1404 -3096.8718 -3082.0679 -3067.6665 -3053.1646 -3038.864 -3024.765 -3010.7666 -2996.768 -2983.0718 -2969.3755 -2950.8452 -2438.6443 -2097.4456 -1787.7686 -1457.547 -1183.8226 -811.60583 -514.81934 -294.77234 -117.82837 104.13208 523.0774 1479.8035 2648.0164 3299.8992 3299.8992 3299.8992 3299.8992 3299.8992 3299.8992 3299.8992 3299.8992 3299.8992 3299.8992 3299.8992 3299.8992 1330.2521 -611.0962 -1916.6748 -2905.8289 -3095.3613 -3080.7585 -3066.2566 -3051.7546 -3037.555 -3023.4558 -3009.4573 -2995.5596 -2981.7627 -2968.0664 -2714.8865 -2285.4675 -1957.9651 -1750.6073 -1568.4265 -1300.8453 -877.06604 -559.8358 -317.23022 -146.22803 -15.509033 389.53857 1457.7484 2608.2366 3299.8992 3299.8992 3299.8992 3299.8992 3299.8992 3299.8992 3299.8992 3299.8992 3299.8992 3299.8992 3299.8992 3299.8992 1569.9371 -289.83765 -1674.1699 -2878.0334 -3097.577 -3082.8735 -3068.3716 -3053.9702 -3039.7705 -3025.5706 -3011.6729 -2997.6746 -2983.7769 -2970.0806 -2645.398 -2272.9797 -1908.4167 -1584.9426 -1163.1775 -813.9221 -513.1073 -364.36157 -202.62451 -157.91016 -4.6325684 438.8855 1539.0198 2622.0337 3299.8992 3299.8992 3299.8992 3299.8992 3299.8992 3299.8992 3299.8992 3299.8992 3299.8992 3299.8992 3299.8992 3293.6553 1169.9249 -664.67285 -2027.2522 -3116.51 -3101.6052 -3086.9019 -3072.299 -3057.898 -3043.5974 -3029.4983 -3015.6006 -3001.703 -2987.9058 -2974.109 -2960.2112 -2715.4907 -2408.2305 -2051.825 -1768.2312 -1387.4542 -1026.5167 -727.31323 -376.24512 -92.95349 135.55298 607.7728 1731.9763 2751.4434 3299.8992 3299.8992 3299.8992 3299.8992 3299.8992 3299.8992 3299.8992 3299.8992 3299.8992 3299.8992 3299.8992 3267.4712 1138.9069 -634.46045 -1970.4529 -3102.31 -3092.4407 -3077.7373 -3063.3362 -3048.8342 -3034.735 -3020.5352 -3006.5369 -2992.7397 -2978.9429 -2965.3472 -2941.7815 -2569.6655 -2150.418 -1825.0305 -1448.7854 -1012.2162 -617.03796 -424.28284 -278.75977 -78.95508 108.462524 578.97034 1716.568 2613.977 3299.8992 3299.8992 3299.8992 3299.8992 3299.8992 3299.8992 3299.8992 3299.8992 3299.8992 3299.8992 3299.8992 3165.2527 931.7505 

39.678955 -35.95276 -89.42871 -89.328 -89.730835 -81.27136 -43.707275 -15.307617 13.192749 9.567261 4.6325684 24.874878 30.010986 28.097534 15.509033 11.380005 22.860718 24.27063 26.586914 1.1077881 -41.189575 -49.649048 -38.571167 -21.148682 -15.811157 -7.3516846 -29.708862 -27.896118 11.077881 45.318604 50.454712 49.649048 54.483032 60.62622 84.09119 65.963745 12.689209 -24.169922 -8.761597 28.198242 46.02356 21.652222 -16.918945 -12.689209 -2.2155762 -33.233643 -58.20923 -81.87561 -81.97632 -73.21472 -40.88745 -27.29187 -25.579834 -27.593994 -17.825317 -10.372925 -24.673462 -22.860718 -32.125854 -12.789917 -7.2509766 -11.279297 -13.293457 -7.7545166 7.3516846 16.71753 10.372925 16.314697 20.645142 27.29187 27.896118 29.104614 37.060547 29.910278 3.8269043 -0.20141602 -23.364258 -15.710449 -13.897705 -17.120361 -7.2509766 6.9488525 21.853638 20.443726 22.357178 28.097534 31.32019 40.786743 29.608154 6.9488525 -6.4453125 2.1148682 9.768677 0.70495605 -20.846558 -24.169922 -19.638062 -6.4453125 -1.2084961 11.480713 -7.3516846 3.3233643 10.876465 22.961426 24.27063 27.29187 11.279297 9.265137 -0.70495605 -8.358765 -28.29895 -26.28479 -9.365845 -18.73169 -22.558594 -9.265137 1.9134521 27.593994 13.897705 2.9205322 -4.0283203 -15.206909 -22.860718 -29.205322 -49.246216 -43.606567 -11.682129 22.558594 44.815063 41.89453 53.67737 58.410645 69.79065 70.19348 75.32959 32.629395 -25.076294 -60.324097 -67.977905 -46.224976 -21.551514 -18.429565 -26.184082 -12.789917 -13.192749 -19.638062 -14.199829 0 14.501953 25.378418 28.903198 25.177002 31.622314 24.27063 1.5106201 -41.4917 -48.239136 -52.166748 -55.389404 -42.297363 -14.703369 -17.523193 -23.565674 -3.8269043 7.1502686 20.141602 26.989746 21.047974 -20.141602 -47.836304 -63.446045 -56.295776 -46.42639 -25.881958 2.5177002 36.758423 61.532593 84.191895 81.57349 69.1864 52.06604 18.22815 -17.019653 -20.846558 -12.789917 -37.261963 -53.07312 -43.90869 -16.012573 -0.30212402 8.660889 10.473633 11.077881 11.480713 14.300537 18.127441 6.6467285 3.7261963 -10.775757 -10.574341 
-122.15881 -128.40271 -137.1643 -129.30908 -122.66235 -105.84412 -78.95508 -68.07861 -45.41931 -57.60498 -54.0802 -26.586914 -17.321777 -4.9346924 4.0283203 2.7191162 1.1077881 1.3092041 3.5247803 12.789917 11.883545 -11.178589 -29.507446 -20.343018 -13.998413 0.10070801 -21.450806 -27.896118 -21.853638 -25.680542 0.20141602 13.092041 31.018066 39.276123 40.686035 69.992065 82.9834 113.497925 109.16748 112.79297 128.70483 126.38855 120.44678 110.980225 88.723755 53.17383 34.84497 1.0070801 -12.789917 -11.380005 -5.9417725 -22.357178 -49.54834 -75.22888 -97.48535 -97.48535 -122.15881 -89.730835 -81.97632 -65.76233 -55.18799 -42.599487 -31.723022 -26.385498 -10.473633 -7.1502686 -25.680542 -33.33435 -21.450806 -26.586914 -17.019653 -11.077881 -8.157349 -5.7403564 -8.459473 -7.8552246 -33.132935 -25.881958 -21.75293 -16.113281 -9.970093 -8.358765 -1.6113281 3.2226562 3.5247803 9.365845 23.062134 37.161255 29.507446 39.276123 47.93701 54.68445 53.475952 47.232056 32.42798 20.141602 30.111694 65.963745 83.38623 96.07544 98.19031 126.690674 144.51599 147.43652 152.67334 145.9259 111.58447 89.730835 66.76941 44.91577 40.88745 -3.5247803 -11.380005 -32.125854 -45.117188 -61.6333 -71.09985 -67.8772 -100.00305 -125.18005 -129.40979 -125.582886 -129.40979 -115.41138 -81.97632 -47.332764 -13.092041 19.033813 53.07312 57.403564 67.977905 74.523926 70.69702 52.871704 47.332764 27.694702 -3.5247803 -38.067627 -46.829224 -41.39099 -30.31311 -4.6325684 -5.9417725 -20.343018 -39.175415 -59.1156 -87.41455 -97.38464 -98.794556 -94.16199 -74.62463 -64.35242 -46.728516 -27.493286 -3.9276123 -7.7545166 -4.0283203 -20.846558 -48.03772 -45.721436 -21.954346 -11.279297 -11.480713 -1.9134521 12.185669 23.968506 25.579834 37.86621 30.715942 52.871704 49.850464 49.95117 50.958252 55.69153 57.60498 52.267456 47.131348 38.067627 12.487793 12.185669 5.0354004 -0.30212402 -16.818237 -12.084961 -19.839478 -31.420898 -45.92285 -36.557007 -13.998413 -32.42798 -12.689209 -24.673462 -9.567261 -15.408325 -25.680542 -30.615234 -36.053467 -43.00232 -45.620728 -30.917358 
-3292.1448 -3275.7292 -3259.4146 -3242.697 -3226.6846 -3210.974 -3195.1628 -3179.6538 -3164.1448 -3148.938 -3133.8318 -3118.7256 -3103.8208 -3089.1174 -3074.5146 -3060.1135 -3045.7122 -3031.5125 -3017.4133 -1254.419 1554.5288 3299.8992 3299.8992 3299.8992 3299.8992 3299.8992 3299.8992 3299.8992 3299.8992 3299.8992 3299.8992 3299.8992 3299.8992 3299.8992 3299.8992 3299.8992 3299.8992 3299.8992 3294.7632 3289.325 -3293.4539 -3276.535 -3260.0188 -3244.107 -3227.9937 -3211.9812 -3196.0693 -3180.359 -3164.9504 -3149.7437 -3134.5366 -3119.5312 -3104.727 -3089.923 -3075.3203 -3060.7178 -3046.3164 -3032.318 -3018.1182 -1364.8956 1457.1442 3299.8992 3299.8992 3299.8992 3299.8992 3299.8992 3299.8992 3299.8992 3299.8992 3299.8992 3299.8992 3299.8992 3299.8992 3299.8992 3299.8992 3299.8992 3299.8992 3299.8992 3294.8638 3292.044 -3290.9363 -3274.6216 -3257.7026 -3241.8914 -3225.778 -3209.6648 -3193.8538 -3178.3447 -3162.8357 -3147.528 -3132.4219 -3117.4163 -3102.5115 -3087.7075 -3073.3062 -3058.8042 -3044.5037 -3030.2031 -3016.2048 -1016.64734 1844.0643 3299.8992 3299.8992 3299.8992 3299.8992 3299.8992 3299.8992 3299.8992 3299.8992 3299.8992 3299.8992 3299.8992 3299.8992 3299.8992 3299.8992 3299.8992 3299.8992 3299.8992 3292.4468 3291.4397 -3291.5405 -3274.5208 -3258.5083 -3241.7908 -3225.778 -3209.967 -3194.458 -3178.8481 -3163.339 -3148.0315 -3133.0261 -3118.0205 -3103.2166 -3088.5132 -3073.8098 -3059.207 -3044.9065 -3030.8074 -3016.7083 -949.97864 1908.2153 3299.8992 3299.8992 3299.8992 3299.8992 3299.8992 3299.8992 3299.8992 3299.8992 3299.8992 3299.8992 3299.8992 3299.8992 3299.8992 3299.8992 3299.8992 3299.8992 3299.8992 3291.742 3293.2524 -3289.7278 -3273.5137 -3256.5947 -3240.7837 -3224.771 -3208.6577 -3192.9473 -3177.2368 -3161.8286 -3146.521 -3131.4148 -3116.4092 -3101.6052 -3086.9019 -3072.299 -3057.797 -3043.4966 -3029.2969 -2938.3574 -565.27405 2233.7036 3299.8992 3299.8992 3299.8992 3299.8992 3299.8992 3299.8992 3299.8992 3299.8992 3299.8992 3299.8992 3299.8992 3299.8992 3299.8992 3299.8992 3299.8992 3299.8992 3299.8992 3284.6924 3293.051 
3266.0613 3281.5703 3297.2808 -3287.4114 -3272.2046 -3256.7961 -3242.0928 -3227.4902 -3212.7869 -3198.285 -3183.8835 -3169.4824 -3155.3833 -3141.2842 -3127.3865 -3113.4888 -3099.7925 -3086.1968 -2619.9187 -189.8346 2090.396 3299.8992 3299.8992 3299.8992 3299.8992 3299.8992 3299.8992 3299.8992 3299.8992 3299.8992 3299.8992 3299.8992 3299.8992 3299.8992 3299.8992 3298.59 3283.5845 3268.579 3252.9692 3248.941 3264.9536 3280.4626 3296.3745 -3288.4185 -3273.3123 -3258.0046 -3243.3013 -3228.4973 -3213.794 -3199.292 -3184.79 -3170.4895 -3156.3904 -3142.3918 -3128.3936 -3114.4958 -3100.6987 -3087.1033 -2900.3906 -559.3323 1814.7583 3299.8992 3299.8992 3299.8992 3299.8992 3299.8992 3299.8992 3299.8992 3299.8992 3299.8992 3299.8992 3299.8992 3299.8992 3299.8992 3299.8992 3299.8992 3286.4043 3271.4995 3255.6885 3254.1777 3270.291 3285.8 3299.8992 -3283.1816 -3267.9749 -3252.8687 -3238.0645 -3223.361 -3208.7585 -3194.2566 -3179.8552 -3165.6555 -3151.4556 -3137.3564 -3123.4587 -3109.7625 -3095.9656 -3082.4707 -2619.4153 -531.23474 1720.7977 3299.8992 3299.8992 3299.8992 3299.8992 3299.8992 3299.8992 3299.8992 3299.8992 3299.8992 3299.8992 3299.8992 3299.8992 3299.8992 3299.8992 3299.8992 3290.7349 3275.6287 3259.8174 3259.5154 3275.5278 3290.9363 3299.8992 -3277.9448 -3262.9395 -3247.7324 -3233.029 -3218.3257 -3203.7231 -3189.2212 -3174.9207 -3160.7207 -3146.6216 -3132.5225 -3118.7256 -3104.9285 -3091.2322 -3077.7373 -2549.2217 -159.92432 2122.9248 3299.8992 3299.8992 3299.8992 3299.8992 3299.8992 3299.8992 3299.8992 3299.8992 3299.8992 3299.8992 3299.8992 3299.8992 3299.8992 3299.8992 3299.8992 3291.0369 3275.9307 3255.9905 3262.3352 3278.3477 3293.756 3299.8992 -3275.3264 -3260.2202 -3244.9126 -3230.4106 -3215.7073 -3201.1047 -3186.6028 -3172.3022 -3158.0017 -3144.0032 -3130.005 -3116.1072 -3102.31 -3088.7146 -3075.2197 -2035.7117 456.20728 2614.9841 3299.8992 3299.8992 3299.8992 3299.8992 3299.8992 3299.8992 3299.8992 3299.8992 3299.8992 3299.8992 3299.8992 3299.8992 3299.8992 3299.8992 3299.8992 3286.7065 3271.6003 3154.779 3260.321 
3299.8992 3299.8992 3299.8992 3299.8992 3299.8992 3294.5618 3280.0598 3264.5508 3249.646 3234.9426 3220.1384 3205.536 3190.8325 3176.2297 3161.7278 3147.3267 3133.0261 3111.2732 1784.2438 -181.57654 -1696.5271 -3035.8428 3138.9678 3154.6782 3170.59 3185.9985 3201.004 3216.6138 3231.9214 3247.0276 3262.033 3277.0386 3291.8425 3299.8992 -3278.8513 -3264.2485 -3249.646 -3235.3455 -3221.045 2251.9316 3299.8992 3299.8992 3299.8992 3299.8992 3299.8992 3292.9504 3277.7434 3262.4358 3248.1353 3233.432 3218.628 3203.9246 3189.3218 3174.6184 3160.1165 3145.7153 3131.2134 3075.824 1611.1267 -236.66382 -1789.0778 -2962.2253 3138.3635 3154.1748 3169.583 3185.092 3200.9033 3216.211 3231.1157 3246.121 3261.1267 3276.132 3291.0369 3299.8992 -3279.657 -3265.0542 -3250.5522 -3236.2517 -3221.9512 2761.7156 3299.8992 3299.8992 3299.8992 3299.8992 3299.8992 3290.4326 3275.125 3260.0188 3245.6177 3231.015 3216.11 3201.5076 3187.0056 3172.2014 3157.5989 3143.2983 3128.9978 2971.1882 1448.584 -357.312 -1775.4822 -2969.0735 3137.6587 3153.3691 3169.3816 3184.79 3199.7954 3215.4053 3230.713 3245.819 3260.8245 3275.7292 3290.5334 3299.8992 -3279.959 -3265.457 -3250.8545 -3236.554 -3177.539 3299.8992 3299.8992 3299.8992 3299.8992 3299.8992 3299.8992 3288.1165 3272.9094 3257.7026 3243.3013 3228.598 3213.794 3199.292 3184.5886 3169.9858 3155.484 3141.1833 3126.7822 2984.0789 1395.0073 -407.06177 -1843.8629 -3216.4124 3137.2559 3153.1677 3168.3745 3183.8835 3199.6948 3214.9016 3229.8064 3244.9126 3260.0188 3274.9236 3289.7278 3299.8992 -3280.966 -3266.3635 -3251.8616 -3237.4602 -2949.3347 3299.8992 3299.8992 3299.8992 3299.8992 3299.8992 3299.7986 3285.0952 3270.5933 3255.0842 3240.3809 3225.5767 3210.974 3196.2708 3181.668 3167.0654 3152.5635 3138.3635 3123.9624 2781.3538 969.11316 -680.2826 -2088.8855 3226.4832 3140.277 3155.9875 3171.698 3187.3076 3202.2124 3217.7214 3233.029 3248.1353 3263.1409 3278.1462 3293.051 -3292.3462 -3277.7434 -3263.1409 -3248.7395 -3234.3384 -2658.3892 3299.8992 
-3165.454 -3149.8442 -3134.8389 -3119.3298 -3104.3242 -3089.5203 -3074.9175 -3060.315 -3045.813 -3031.5125 -3017.4133 -3003.4148 -2989.517 -2975.7202 -2962.024 -2948.4282 -2934.8328 -2921.5393 -2908.2458 -2107.4158 -782.80334 708.9844 2238.2354 3299.8992 3299.8992 3299.8992 3299.8992 3299.8992 3299.8992 3299.8992 3299.8992 3299.8992 3299.8992 3299.8992 3299.8992 3299.8992 3299.8992 3299.8992 3299.8992 802.5421 -3165.3533 -3149.6428 -3134.1338 -3119.1284 -3104.2236 -3089.4194 -3074.817 -3060.315 -3045.813 -3031.5125 -3017.3125 -3003.4148 -2989.4165 -2975.5188 -2961.923 -2948.3276 -2934.9333 -2921.4385 -2908.145 -1986.3647 -543.1183 865.2832 2137.326 3182.1716 3299.8992 3299.8992 3299.8992 3299.8992 3299.8992 3299.8992 3299.8992 3299.8992 3299.8992 3299.8992 3299.8992 3299.8992 3299.8992 3299.8992 3299.8992 225.78735 -3163.2385 -3147.6287 -3132.019 -3117.1143 -3102.2095 -3087.4053 -3072.8027 -3058.4014 -3043.8994 -3029.5989 -3015.4998 -3001.4006 -2987.503 -2973.8066 -2960.0098 -2946.515 -2933.02 -2919.7266 -2904.1167 -1758.7646 -386.31592 932.55615 2224.539 3248.7395 3299.8992 3299.8992 3299.8992 3299.8992 3299.8992 3299.8992 3299.8992 3299.8992 3299.8992 3299.8992 3299.8992 3299.8992 3299.8992 3299.8992 3299.8992 -157.70874 -3162.5334 -3147.0244 -3131.9182 -3116.7114 -3101.7058 -3086.9019 -3072.1985 -3057.6965 -3043.2952 -3028.9946 -3014.8955 -3000.8972 -2986.9995 -2973.2024 -2959.506 -2945.9106 -2932.5164 -2919.1223 -2898.6785 -1801.767 -412.29858 826.2085 2061.6943 3136.0474 3299.8992 3299.8992 3299.8992 3299.8992 3299.8992 3299.8992 3299.8992 3299.8992 3299.8992 3299.8992 3299.8992 3299.8992 3299.8992 3299.8992 3299.8992 -362.0453 -3159.2102 -3143.7012 -3128.7964 -3113.4888 -3098.3826 -3083.6792 -3068.9758 -3054.4739 -3040.274 -3025.8728 -3011.7737 -2997.7751 -2983.8774 -2970.1812 -2956.4849 -2942.8894 -2929.3945 -2916.101 -2900.4912 -1734.5947 -344.7235 930.7434 2171.3652 3277.0386 3299.8992 3299.8992 3299.8992 3299.8992 3299.8992 3299.8992 3299.8992 3299.8992 3299.8992 3299.8992 3299.8992 3299.8992 3299.8992 3299.8992 3299.8992 -928.72925 
3299.8992 3299.4963 3283.9873 3268.982 3253.8757 3238.568 3223.361 3208.1543 3192.8467 3176.7334 3161.6272 3146.521 3131.314 3116.3086 3101.4038 3086.7004 3069.6807 2776.016 1503.067 129.20837 -1012.2162 -1854.3365 -2661.7126 3229.8064 3099.4902 3116.0063 3132.8247 3149.1394 3165.454 3181.5674 3197.7812 3213.8945 3229.7058 3245.4163 3261.3281 3277.0386 3292.4468 -3291.8425 -3276.535 1251.4984 3299.8992 3297.0793 3281.369 3266.464 3251.358 3236.0503 3220.8435 3205.536 3190.3289 3174.2156 3159.1094 3144.0032 3128.897 3113.9922 3099.0874 3084.4849 3065.9546 2665.4387 1273.6542 -174.8291 -1333.0719 -2227.4597 -3055.8838 3089.218 3106.2378 3122.5525 3139.1692 3155.5847 3171.8994 3187.9119 3204.0251 3220.0378 3235.8489 3251.7607 3267.4712 3283.081 3298.59 -3285.8 -3164.447 1646.6766 3299.8992 3299.8992 3285.498 3270.1904 3254.8828 3239.7766 3224.3682 3209.1614 3193.5515 3177.6396 3162.5334 3147.3267 3132.321 3117.2148 3102.5115 3087.6067 3069.58 2641.6716 1316.5558 -106.54907 -1270.6329 -2171.466 -3119.5312 3091.9373 3108.6548 3125.473 3141.8884 3158.3037 3174.5178 3190.7317 3206.845 3222.6562 3238.568 3254.3792 3270.1904 3285.8 3299.8992 -3283.1816 -3059.1064 2057.8674 3299.8992 3299.8992 3286.1023 3270.7947 3255.5876 3240.3809 3224.9724 3209.6648 3194.2566 3178.244 3163.1377 3148.0315 3132.8247 3117.819 3103.0151 3088.1104 3070.5872 2571.3774 1092.5812 -254.69055 -1286.5448 -2112.3503 -2929.0923 3093.1458 3109.8633 3126.5808 3142.996 3159.3108 3175.525 3191.8396 3207.852 3223.764 3239.7766 3255.487 3271.298 3286.908 3299.8992 -3282.1746 -2939.3645 2120.105 3299.8992 3299.8992 3286.5051 3271.0967 3255.789 3240.5823 3225.2747 3210.0676 3194.5586 3178.4453 3163.44 3148.233 3133.2275 3118.1213 3103.3171 3088.6138 3070.6877 2606.5247 1178.2837 -273.12012 -1360.4645 -2289.8987 -3166.6626 3095.462 3112.2803 3128.7964 3145.413 3161.8286 3178.1433 3194.0552 3210.3699 3226.2817 3242.0928 3257.7026 3273.715 3289.1235 3299.8992 -3279.7576 -2563.3208 2785.2812 
-916.34216 -2248.3062 -3102.31 -3087.4053 -3073.0042 -3058.6028 -3044.3022 -3030.0017 -3016.0034 -3001.9043 -2988.1072 -2974.411 -2960.8154 -2640.3625 -2239.8467 -1814.154 -1411.322 -1132.7637 -764.3738 -343.515 -41.4917 200.40894 421.463 616.93726 1086.0352 2171.9695 3082.974 3299.8992 3299.8992 3299.8992 3299.8992 3299.8992 3299.8992 3299.8992 3299.8992 3299.8992 3299.8992 3299.8992 3036.2456 824.0936 -855.61523 -2150.2166 -3122.2502 -3107.4463 -3092.642 -3078.0396 -3063.739 -3049.4385 -3035.2385 -3021.1394 -3007.141 -2993.344 -2979.6477 -2919.223 -2554.7607 -2264.1174 -1975.2869 -1596.9269 -1109.903 -750.8789 -474.83826 -181.67725 -26.989746 173.92273 688.2385 1898.346 2835.031 3299.8992 3299.8992 3299.8992 3299.8992 3299.8992 3299.8992 3299.8992 3299.8992 3299.8992 3299.8992 3299.8992 2968.872 697.9065 -992.67883 -2336.325 -3114.1936 -3099.1882 -3084.5854 -3070.0835 -3055.783 -3041.4824 -3027.3833 -3013.385 -2999.4873 -2985.5896 -2971.8933 -2767.2546 -2390.0024 -2037.7258 -1751.413 -1530.0568 -1173.2483 -882.8064 -668.39905 -467.7887 -277.04773 35.44922 715.329 2014.9658 3020.636 3299.8992 3299.8992 3299.8992 3299.8992 3299.8992 3299.8992 3299.8992 3299.8992 3299.8992 3299.8992 3299.8992 2946.414 721.06934 -979.08325 -2343.274 -3107.2449 -3092.34 -3077.6367 -3063.1348 -3048.7334 -3034.6343 -3020.4346 -3006.7383 -2992.8406 -2978.9429 -2846.7131 -2415.28 -2083.4473 -1904.2877 -1627.0386 -1180.6 -775.9552 -519.6533 -224.47815 126.690674 184.59778 261.23657 837.2864 2060.2844 2978.9429 3299.8992 3299.8992 3299.8992 3299.8992 3299.8992 3299.8992 3299.8992 3299.8992 3299.8992 3299.8992 3299.8992 2507.3271 214.60876 -1382.2174 -2558.084 -3111.2732 -3096.469 -3081.8665 -3067.3645 -3052.9631 -3038.7634 -3024.6643 -3010.7666 -2996.869 -2983.0718 -2817.81 -2501.587 -2178.9185 -1757.1533 -1490.8813 -1455.0293 -1133.7708 -794.6869 -408.7738 -231.3263 -89.93225 148.84644 874.0448 2177.6091 3026.9805 3299.8992 3299.8992 3299.8992 3299.8992 3299.8992 3299.8992 3299.8992 3299.8992 3299.8992 3299.8992 3299.8992 2302.9907 -60.62622 

-13.092041 -16.21399 -16.012573 -24.069214 -26.586914 -12.387085 5.7403564 5.9417725 -17.926025 -35.34851 -29.708862 -25.579834 -18.630981 -14.703369 -6.7474365 -3.5247803 2.1148682 13.293457 34.84497 38.571167 9.869385 10.171509 21.853638 22.25647 30.81665 25.78125 17.120361 28.500366 65.66162 78.048706 81.170654 76.33667 64.35242 37.060547 31.118774 37.96692 4.7332764 -20.645142 -76.034546 -115.7135 -128.70483 -114.90784 -91.241455 -77.645874 -60.928345 -45.217896 -39.779663 -35.650635 -22.558594 -3.3233643 22.961426 13.192749 8.560181 -9.466553 -28.399658 -36.657715 -30.31311 -18.832397 5.6396484 11.984253 13.897705 13.394165 36.4563 55.08728 56.19507 64.25171 51.159668 27.694702 46.92993 65.460205 75.83313 87.716675 55.08728 31.420898 -13.998413 -59.61914 -90.737915 -107.25403 -93.759155 -43.103027 -26.989746 -41.189575 -40.585327 -34.44214 -41.4917 -33.737183 -7.5531006 22.76001 35.650635 6.7474365 -19.033813 -22.76001 -7.1502686 10.171509 13.897705 9.365845 -4.5318604 -10.574341 2.1148682 6.2438965 0.9063721 5.8410645 37.46338 69.1864 83.78906 91.34216 69.89136 34.643555 10.473633 -7.1502686 14.703369 60.525513 86.50818 77.041626 62.338257 24.472046 10.272217 -7.6538086 -19.537354 -18.832397 -14.904785 -28.399658 -66.56799 -106.75049 -80.163574 -48.94409 -70.09277 -102.21863 -100.808716 -90.13367 -65.56091 -24.169922 -13.092041 0.20141602 13.394165 33.636475 52.56958 51.361084 39.37683 30.615234 11.279297 -0.9063721 -14.703369 3.8269043 18.630981 4.5318604 1.3092041 -3.4240723 -1.5106201 6.5460205 14.904785 0.10070801 30.514526 29.80957 30.413818 14.501953 3.4240723 -30.31311 -47.836304 -26.687622 -26.687622 -26.687622 -26.687622 -26.687622 -26.687622 -26.687622 -26.687622 -26.687622 -26.687622 -26.687622 -26.687622 -26.687622 -26.687622 -26.687622 -26.687622 -26.687622 -26.687622 -26.687622 -26.687622 -26.687622 64.453125 44.0094 41.189575 44.210815 61.331177 39.578247 25.479126 36.154175 45.318604 42.39807 13.494873 -12.588501 -39.578247 -51.663208 -31.924438 -12.991333 13.595581 19.23523 16.71753 28.500366 
-6.3446045 1.8127441 8.560181 1.7120361 -1.4099121 3.8269043 21.450806 51.05896 57.403564 65.05737 68.481445 59.014893 58.61206 45.721436 34.94568 7.0495605 19.033813 15.811157 21.853638 15.206909 10.070801 7.6538086 -7.8552246 -25.378418 -30.615234 -41.189575 -50.958252 -18.933105 -4.7332764 18.933105 21.551514 13.595581 6.0424805 -30.917358 -27.493286 -32.025146 -13.494873 -16.21399 -29.708862 -33.43506 -24.975586 -15.106201 -5.0354004 -5.4382324 -6.2438965 1.1077881 13.293457 27.191162 34.240723 23.364258 21.047974 14.300537 3.2226562 -1.2084961 0.50354004 -13.696289 16.012573 31.018066 54.986572 68.17932 81.170654 92.95349 114.10217 123.97156 129.00696 118.2312 93.96057 94.56482 83.184814 67.37366 60.827637 32.730103 7.9559326 -25.881958 -40.585327 -53.878784 -49.649048 -78.45154 -117.92908 -117.62695 -106.24695 -79.96216 -51.260376 -37.161255 -40.081787 -37.765503 -23.26355 -1.8127441 18.22815 18.73169 6.5460205 -21.652222 -38.87329 -40.081787 -36.053467 -30.615234 2.6184082 -5.2368164 7.4523926 2.0141602 -12.084961 -20.645142 -10.272217 -16.415405 -45.92285 -59.417725 -73.91968 -87.716675 -70.89844 -30.212402 10.977173 18.530273 47.131348 39.779663 35.34851 0.70495605 -21.450806 -53.67737 -52.56958 -25.78125 -6.2438965 4.3304443 20.343018 29.608154 34.542847 47.53418 33.636475 3.3233643 -4.4311523 -12.084961 -19.839478 -9.667969 -8.761597 -1.4099121 14.401245 5.7403564 21.047974 29.507446 27.896118 13.595581 -14.602661 -26.586914 -40.182495 -32.629395 -20.24231 0.40283203 18.328857 37.664795 43.707275 45.822144 52.56958 16.113281 46.92993 34.94568 39.47754 35.247803 25.076294 20.947266 4.8339844 9.466553 21.047974 15.811157 -3.0212402 -25.378418 -6.4453125 31.521606 55.892944 63.64746 66.6687 68.78357 55.288696 36.35559 10.977173 -35.549927 -69.08569 -98.794556 -97.58606 -107.455444 -86.10535 -84.2926 -84.39331 -70.29419 -58.61206 -41.693115 -24.169922 -20.343018 -45.217896 -32.629395 -23.062134 -5.4382324 8.660889 22.055054 11.279297 8.862305 27.79541 42.39807 60.22339 40.686035 16.616821 14.099121 
-3289.9292 -3273.0103 -3256.9976 -3240.4814 -3224.3682 -3208.6577 -3193.048 -3177.539 -3162.1306 -3146.823 -3131.8176 -3116.7114 -3101.9072 -3087.2039 -3072.5005 -3057.9985 -3043.8994 -3029.4983 -2933.2214 -647.3511 2287.1794 3299.8992 3299.8992 3299.8992 3299.8992 3299.8992 3299.8992 3299.8992 3299.8992 3299.8992 3299.8992 3299.8992 3299.8992 3299.8992 3299.8992 3299.8992 3299.8992 3299.8992 3223.5625 3294.9646 -3288.0156 -3271.1975 -3254.782 -3238.971 -3222.8577 -3206.845 -3190.933 -3175.3235 -3160.0159 -3144.8088 -3129.7026 -3114.6973 -3099.893 -3085.1897 -3070.5872 -3056.1858 -3041.6838 -3027.6855 -2780.85 -411.79504 2480.6396 3299.8992 3299.8992 3299.8992 3299.8992 3299.8992 3299.8992 3299.8992 3299.8992 3299.8992 3299.8992 3299.8992 3299.8992 3299.8992 3299.8992 3299.8992 3299.8992 3299.8992 2988.6108 3296.475 -3286.5051 -3270.291 -3253.9763 -3237.3596 -3221.347 -3205.7373 -3190.1274 -3174.6184 -3159.1094 -3143.9026 -3128.897 -3113.8916 -3098.9868 -3084.2834 -3069.7815 -3055.2795 -3041.0796 -3026.9805 -2596.5544 119.4397 2977.1301 3299.8992 3299.8992 3299.8992 3299.8992 3299.8992 3299.8992 3299.8992 3299.8992 3299.8992 3299.8992 3299.8992 3299.8992 3299.8992 3299.8992 3299.8992 3299.8992 3299.8992 2676.6174 3294.058 -3289.0227 -3272.0032 -3256.0913 -3239.4744 -3223.5625 -3207.7515 -3192.2424 -3176.6326 -3161.325 -3146.0173 -3131.012 -3116.0063 -3101.001 -3086.2976 -3071.7957 -3057.3943 -3042.9932 -3028.7932 -2693.2341 -171.1029 2633.615 3299.8992 3299.8992 3299.8992 3299.8992 3299.8992 3299.8992 3299.8992 3299.8992 3299.8992 3299.8992 3299.8992 3299.8992 3299.8992 3299.8992 3299.8992 3299.8992 3299.8992 2089.9932 3298.0864 -3284.9944 -3268.6797 -3252.063 -3236.2517 -3220.2393 -3204.2266 -3188.4155 -3172.9065 -3157.498 -3142.2913 -3127.185 -3112.1794 -3097.476 -3082.7727 -3068.1702 -3053.7688 -3039.4683 -3025.2686 -2438.1409 120.547485 3026.88 3299.8992 3299.8992 3299.8992 3299.8992 3299.8992 3299.8992 3299.8992 3299.8992 3299.8992 3299.8992 3299.8992 3299.8992 3299.8992 3299.8992 3299.8992 3299.8992 3299.8992 1617.3706 3298.7915 
3276.4343 3291.742 3299.8992 -3277.1392 -3262.1338 -3247.4304 -3232.3242 -3217.6208 -3203.018 -3188.516 -3174.2156 -3160.0159 -3145.816 -3131.9182 -3118.0205 -3104.2236 -3090.628 -3077.133 -2152.4321 -19.134521 2146.591 3299.8992 3299.8992 3299.8992 3299.8992 3299.8992 3299.8992 3299.8992 3299.8992 3299.8992 3299.8992 3299.8992 3299.8992 3299.8992 3299.8992 3299.8992 3289.9292 3274.823 2980.3528 3265.0542 3281.067 3296.878 -3287.915 -3272.8088 -3257.6018 -3242.8984 -3227.893 -3213.0889 -3198.587 -3184.1858 -3169.8853 -3155.5847 -3141.687 -3127.6885 -3113.6902 -3100.0945 -3086.499 -3073.0042 -1814.154 625.0946 2949.234 3299.8992 3299.8992 3299.8992 3299.8992 3299.8992 3299.8992 3299.8992 3299.8992 3299.8992 3299.8992 3299.8992 3299.8992 3299.8992 3299.8992 3299.8992 3285.901 3270.7947 2619.818 3263.4429 3279.2542 3295.166 -3289.627 -3274.4202 -3259.314 -3244.6106 -3229.5044 -3214.801 -3200.299 -3185.797 -3171.4966 -3157.2966 -3143.1975 -3129.1992 -3115.402 -3101.5044 -3087.909 -3074.5146 -1730.0629 702.0355 2878.4363 3299.8992 3299.8992 3299.8992 3299.8992 3299.8992 3299.8992 3299.8992 3299.8992 3299.8992 3299.8992 3299.8992 3299.8992 3299.8992 3299.8992 3298.892 3283.9873 3268.982 2098.9563 3263.8457 3279.7576 3295.6694 -3289.224 -3274.0173 -3258.9111 -3244.107 -3229.1016 -3214.4988 -3199.8962 -3185.4949 -3170.993 -3156.8938 -3142.7947 -3128.897 -3114.9993 -3101.2024 -3087.6067 -3074.2126 -1663.092 828.7262 2964.441 3299.8992 3299.8992 3299.8992 3299.8992 3299.8992 3299.8992 3299.8992 3299.8992 3299.8992 3299.8992 3299.8992 3299.8992 3299.8992 3299.8992 3298.1873 3283.1816 3268.0754 1599.3439 3265.0542 3280.8655 3296.6765 -3288.1165 -3272.9094 -3258.0046 -3242.697 -3228.0945 -3213.391 -3198.8892 -3184.3872 -3170.0867 -3155.8867 -3141.7876 -3127.89 -3113.9922 -3100.296 -3086.7004 -3073.3062 -1563.3911 675.2472 2893.8445 3299.8992 3299.8992 3299.8992 3299.8992 3299.8992 3299.8992 3299.8992 3299.8992 3299.8992 3299.8992 3299.8992 3299.8992 3299.8992 3299.8992 3299.5972 3284.6924 3269.4854 1188.4552 3267.7734 
3299.8992 3299.8992 3299.8992 3299.8992 3299.8992 3285.5986 3270.5933 3255.2856 3240.985 3226.2817 3211.5784 3196.9756 3182.4736 3167.7703 3153.2683 3138.9678 3124.5667 2715.39 1015.64026 -670.1111 -1987.1704 -3120.9412 3139.1692 3154.9805 3170.59 3185.8977 3201.709 3216.9158 3231.72 3246.8262 3261.9324 3276.7363 3291.8425 3299.8992 -3278.7505 -3264.2485 -3249.948 -3235.6475 -2488.9983 3299.8992 3299.8992 3299.8992 3299.8992 3299.8992 3298.2878 3283.5845 3269.1833 3253.6743 3238.87 3224.0662 3209.4634 3194.76 3180.1575 3165.5547 3151.0527 3136.853 3122.4517 2726.065 889.55383 -939.2029 -2357.8765 3126.0771 3142.2913 3157.8003 3173.7122 3189.2212 3204.2266 3219.7356 3234.8418 3250.1494 3265.0542 3279.959 3294.7632 -3290.4326 -3275.83 -3261.3281 -3246.8262 -3232.5256 -2074.9878 3299.8992 3299.8992 3299.8992 3299.8992 3299.8992 3298.7915 3284.2896 3269.0825 3253.6743 3239.4744 3224.6704 3209.967 3195.465 3180.7617 3166.3604 3151.7578 3137.5579 3122.8545 2684.674 920.06836 -740.10315 -2099.5605 3287.8142 3139.572 3155.3833 3170.8923 3186.3005 3202.011 3217.218 3232.1228 3247.1282 3262.2344 3277.1392 3291.9434 3299.8992 -3278.7505 -3264.047 -3249.5452 -3235.2446 -1812.7441 3299.8992 3299.8992 3299.8992 3299.8992 3299.8992 3294.8638 3280.1604 3265.7593 3250.2502 3235.446 3220.7427 3206.1401 3191.4368 3176.9348 3162.4329 3148.1323 3133.731 3118.4233 2534.2163 611.0962 -1084.726 -2371.2708 3126.2786 3141.7876 3157.5989 3172.9065 3188.3147 3204.0251 3219.2322 3233.9355 3249.1423 3264.148 3279.1533 3293.9575 -3291.4397 -3276.7363 -3262.1338 -3247.7324 -3233.432 -1248.7793 3299.8992 3299.8992 3299.8992 3299.8992 3299.8992 3294.461 3279.657 3264.5508 3249.3438 3234.9426 3220.3398 3205.536 3190.933 3176.4312 3161.9292 3147.4272 3133.1267 3115.402 2272.0732 385.10742 -1323.2025 -2599.878 3130.1055 3145.816 3161.2244 3177.1362 3192.6453 3207.55 3222.9583 3238.2659 3253.473 3268.4783 3283.2825 3298.0864 -3287.21 -3272.708 -3258.1055 -3243.6035 -3229.4036 -974.24927 3299.8992 
-3155.6853 -3140.277 -3124.768 -3109.6619 -3094.9585 -3080.1543 -3065.6523 -3051.1504 -3036.8499 -3022.4487 -3008.551 -2994.452 -2980.5542 -2966.858 -2953.1616 -2939.6667 -2926.2725 -2912.979 -2784.2742 -1307.4921 158.61511 1552.2125 2707.3333 3299.8992 3299.8992 3299.8992 3299.8992 3299.8992 3299.8992 3299.8992 3299.8992 3299.8992 3299.8992 3299.8992 3299.8992 3299.8992 3299.8992 3299.8992 3299.8992 -1384.1309 -3161.2244 -3145.7153 -3130.7097 -3115.3015 -3100.3967 -3085.5925 -3070.99 -3056.3872 -3042.0867 -3027.887 -3013.7878 -2999.6887 -2985.791 -2972.0947 -2958.3984 -2944.8027 -2931.4087 -2917.9138 -2777.9297 -1483.1268 -95.67261 1199.6338 2530.3894 3299.8992 3299.8992 3299.8992 3299.8992 3299.8992 3299.8992 3299.8992 3299.8992 3299.8992 3299.8992 3299.8992 3299.8992 3299.8992 3299.8992 3299.8992 3299.8992 -1663.1927 -3160.1165 -3144.406 -3129.7026 -3114.1936 -3099.2888 -3084.5854 -3069.7815 -3055.3801 -3041.0796 -3026.779 -3012.7808 -2998.5808 -2984.8845 -2971.0876 -2957.2905 -2943.7957 -2930.4016 -2917.0073 -2812.3718 -1508.4045 -53.07312 1287.0483 2490.509 3299.8992 3299.8992 3299.8992 3299.8992 3299.8992 3299.8992 3299.8992 3299.8992 3299.8992 3299.8992 3299.8992 3299.8992 3299.8992 3299.8992 3299.8992 3299.8992 -2386.0747 -3155.9875 -3140.4785 -3125.171 -3110.1653 -3095.462 -3080.7585 -3066.0552 -3051.5532 -3037.152 -3023.053 -3008.9539 -2994.9553 -2981.1584 -2967.4622 -2953.7659 -2940.271 -2926.8767 -2913.5833 -2634.0178 -1360.4645 94.766235 1529.1504 2726.8706 3299.8992 3299.8992 3299.8992 3299.8992 3299.8992 3299.8992 3299.8992 3299.8992 3299.8992 3299.8992 3299.8992 3299.8992 3299.8992 3299.8992 3299.8992 3135.5437 -2706.8298 -3155.081 -3139.572 -3124.1638 -3109.1582 -3094.4548 -3079.651 -3065.048 -3050.7476 -3036.3464 -3022.2473 -3007.9468 -2994.049 -2980.252 -2966.455 -2952.8594 -2939.3645 -2925.9705 -2912.677 -2607.028 -1120.1752 267.27905 1525.3235 2755.8745 3299.8992 3299.8992 3299.8992 3299.8992 3299.8992 3299.8992 3299.8992 3299.8992 3299.8992 3299.8992 3299.8992 3299.8992 3299.8992 3299.8992 3299.8992 2915.4968 -3169.4824 
3299.8992 3299.8992 3284.5916 3269.7876 3254.5806 3239.3738 3224.0662 3208.6577 3193.2495 3177.1362 3162.1306 3146.9238 3131.9182 3116.9128 3102.1086 3087.1033 3069.1772 2423.8403 983.1116 -293.66455 -1205.072 -2066.0247 -2901.599 3092.4407 3109.1582 3125.8757 3142.4927 3159.0088 3175.2227 3191.2354 3207.4492 3223.2605 3239.1724 3254.9834 3270.8953 3286.5051 3299.8992 -3282.6782 -2534.7197 2771.0815 3299.8992 3297.4822 3281.5703 3266.867 3251.6602 3236.4531 3221.2463 3205.838 3190.5303 3174.3164 3159.4116 3144.3054 3129.1992 3114.1936 3099.3896 3084.4849 3065.451 2369.0552 862.9669 -492.36145 -1535.5957 -2334.613 -3176.9348 3096.469 3113.1865 3129.904 3146.4202 3162.7349 3179.0496 3195.1628 3211.1755 3227.0874 3242.8984 3258.9111 3274.4202 3290.0298 3299.8992 -3279.0527 -2033.9996 3299.8992 3299.8992 3297.4822 3281.5703 3266.867 3251.5593 3236.2517 3221.2463 3205.838 3190.3289 3174.2156 3159.1094 3144.104 3129.0984 3114.093 3099.1882 3084.2834 3064.6453 2371.9756 849.9756 -474.0326 -1437.7075 -2213.6626 -2932.5164 3093.75 3110.568 3127.3865 3143.6003 3160.2173 3176.4312 3192.4438 3208.5571 3224.771 3240.3809 3256.2927 3272.1038 3287.6128 3299.8992 -3281.369 -1803.6804 3299.8992 3299.8992 3293.6553 3278.549 3263.04 3247.7324 3232.5256 3217.3186 3202.011 3186.6028 3170.59 3155.3833 3140.3777 3125.3723 3110.3667 3095.5627 3080.658 3042.5903 2083.0444 627.3102 -627.4109 -1589.3738 -2459.8938 3280.0598 3097.7783 3114.2944 3130.8105 3147.4272 3163.6414 3179.8552 3195.9685 3212.1826 3227.9937 3243.9055 3259.8174 3275.4272 3291.0369 3299.8992 -3278.1462 -1481.7169 3299.8992 3299.8992 3294.7632 3279.657 3264.3494 3249.0417 3233.7341 3218.4265 3203.119 3187.8113 3171.698 3156.491 3141.4856 3126.3794 3111.4746 3096.6704 3081.7656 3058.4014 2126.5503 631.6406 -655.2063 -1646.878 -2511.6577 3291.641 3099.0874 3115.7043 3132.4219 3148.938 3165.2527 3181.366 3197.5798 3213.693 3229.605 3245.4163 3261.2273 3276.9377 3292.4468 -3291.9434 -3276.6357 -1003.15247 3299.8992 
-1593.6035 -2761.5142 -3104.425 -3089.5203 -3074.9175 -3060.617 -3046.2158 -3032.1167 -3018.0176 -3004.019 -2990.0208 -2976.425 -2907.3394 -2287.4817 -1978.4088 -1684.14 -1456.5399 -1330.3528 -961.8622 -581.0852 -345.62988 -104.333496 59.61914 176.94397 835.3729 2106.912 2958.9019 3299.8992 3299.8992 3299.8992 3299.8992 3299.8992 3299.8992 3299.8992 3299.8992 3299.8992 3299.8992 3299.8992 2592.929 372.51892 -1251.1963 -2528.2744 -3109.259 -3094.4548 -3079.8523 -3065.3503 -3050.949 -3036.8499 -3022.7507 -3008.7524 -2994.754 -2981.0576 -2966.9585 -2670.2727 -2261.1968 -1958.2672 -1712.9425 -1607.904 -1263.4827 -769.10706 -476.34888 -177.64893 37.46338 303.93677 1107.486 2367.041 3299.8992 3299.8992 3299.8992 3299.8992 3299.8992 3299.8992 3299.8992 3299.8992 3299.8992 3299.8992 3299.8992 3299.8992 2112.3503 77.84729 -1508.7067 -2802.301 -3102.008 -3087.4053 -3072.8027 -3058.3008 -3044.0002 -3029.8003 -3015.802 -3001.9043 -2988.0066 -2974.2095 -2960.4126 -2697.4639 -2278.72 -1886.7645 -1566.8152 -1232.3639 -810.39734 -558.0231 -292.25464 33.33435 278.45764 510.89172 1288.559 2566.342 3299.8992 3299.8992 3299.8992 3299.8992 3299.8992 3299.8992 3299.8992 3299.8992 3299.8992 3299.8992 3299.8992 3299.8992 1901.6693 -197.18628 -1616.2628 -2850.0366 -3103.1157 -3088.5132 -3073.9104 -3059.4084 -3045.108 -3031.1096 -3016.9097 -3003.012 -2989.1143 -2975.3174 -2766.9524 -2387.7869 -2077.6062 -1801.4648 -1483.5297 -1145.3522 -758.83484 -467.58728 -239.88647 -127.89917 25.579834 266.4734 975.15564 2197.8516 3212.686 3299.8992 3299.8992 3299.8992 3299.8992 3299.8992 3299.8992 3299.8992 3299.8992 3299.8992 3299.8992 3299.8992 1881.9305 -216.2201 -1676.1841 -2968.2678 -3102.2095 -3087.4053 -3072.8027 -3058.4014 -3044.1008 -3030.0017 -3015.9026 -3002.1057 -2988.208 -2974.411 -2868.164 -2476.8127 -2183.9539 -1920.5017 -1655.6396 -1216.8549 -778.5736 -265.3656 -104.53491 132.93457 343.515 716.13464 1568.8293 2632.8093 3299.8992 3299.8992 3299.8992 3299.8992 3299.8992 3299.8992 3299.8992 3299.8992 3299.8992 3299.8992 3299.8992 3299.8992 1821.2036 -197.28699 

9.667969 -13.998413 -42.49878 -51.763916 -61.431885 -50.958252 -49.649048 -71.80481 -80.667114 -90.33508 -64.956665 -45.52002 -18.328857 -6.3446045 4.6325684 16.21399 30.615234 26.586914 16.818237 12.084961 15.307617 27.392578 39.88037 46.829224 53.979492 45.52002 27.191162 24.975586 37.060547 43.103027 27.090454 33.43506 46.42639 70.29419 97.88818 83.184814 48.742676 17.22107 -13.998413 -3.6254883 -3.6254883 -3.6254883 -3.6254883 -3.6254883 -3.6254883 -3.6254883 -3.6254883 -3.6254883 -3.6254883 -3.6254883 -3.6254883 -3.6254883 -3.6254883 -3.6254883 -3.6254883 -3.6254883 -3.6254883 -3.6254883 -3.6254883 -3.6254883 -2.9205322 6.0424805 26.184082 35.147095 39.175415 35.751343 40.38391 66.56799 88.32092 86.709595 53.475952 19.436646 -20.040894 -41.99524 -37.060547 -50.857544 -45.318604 -33.032227 -30.917358 -34.44214 -36.657715 -21.047974 9.567261 -6.3446045 -31.32019 -27.29187 -21.350098 -17.019653 -3.7261963 2.8198242 14.703369 20.544434 35.44922 69.79065 86.50818 102.420044 110.980225 121.45386 140.48767 122.76306 83.88977 20.24231 -28.701782 -50.756836 -60.62622 -113.59863 -132.53174 -102.822876 -73.61755 -53.67737 -43.40515 -33.032227 -41.693115 -47.43347 -28.198242 -9.567261 -0.9063721 -8.761597 -15.206909 -4.2297363 -4.2297363 -4.2297363 -4.2297363 -4.2297363 -4.2297363 -4.2297363 -4.2297363 -4.2297363 -4.2297363 -4.2297363 -4.2297363 -4.2297363 -4.2297363 -4.2297363 -4.2297363 -4.2297363 -4.2297363 -4.2297363 -4.2297363 -4.2297363 -24.572754 -12.487793 -1.5106201 33.132935 45.117188 15.509033 15.710449 39.175415 42.599487 -30.715942 -104.53491 -136.96289 -123.77014 -118.93616 -119.13757 -107.05261 -99.19739 -103.427124 -87.91809 -74.2218 -56.497192 -31.622314 -10.272217 18.026733 30.715942 58.61206 67.474365 95.37048 82.27844 62.036133 39.37683 22.25647 -0.9063721 -20.74585 -9.869385 33.83789 61.73401 59.71985 39.98108 13.595581 -3.8269043 -12.286377 -18.530273 -11.782837 3.6254883 10.876465 4.3304443 7.3516846 1.0070801 -24.975586 -22.860718 -11.380005 6.0424805 28.500366 21.148682 8.761597 13.595581 7.1502686 -4.2297363 -12.185669 -20.040894 -23.26355 -25.076294 -21.954346 -16.113281 -5.2368164 -4.8339844 -2.9205322 -10.977173 -11.782837 -4.9346924 -5.6396484 8.761597 8.459473 4.5318604 -7.9559326 -2.2155762 -0.10070801 16.415405 17.623901 
21.350098 55.18799 89.02588 105.6427 102.52075 91.241455 77.645874 48.742676 10.876465 -28.097534 -63.24463 -81.170654 -98.291016 -111.78589 -101.61438 -95.97473 -68.38074 -74.62463 -64.55383 -55.18799 -70.19348 -38.87329 -12.084961 0 20.24231 12.689209 -21.450806 -5.3375244 -16.012573 -13.192749 -4.2297363 10.574341 13.494873 1.5106201 10.372925 4.4311523 -10.372925 -45.721436 -49.346924 -26.184082 -3.2226562 9.768677 23.76709 25.680542 23.364258 36.254883 28.701782 1.3092041 -5.3375244 -0.10070801 10.272217 16.012573 23.565674 30.212402 26.78833 -17.019653 0.20141602 -11.480713 -14.199829 -7.6538086 -1.1077881 17.019653 31.32019 48.339844 53.778076 44.210815 43.50586 72.509766 63.64746 72.61047 65.05737 53.375244 46.325684 47.03064 67.977905 70.19348 72.61047 49.649048 27.090454 10.272217 -21.350098 -40.585327 -42.196655 -48.138428 -81.06995 -89.93225 -90.737915 -69.488525 -60.72693 -44.311523 -33.132935 -22.155762 -24.472046 6.1431885 10.272217 -6.3446045 15.206909 6.5460205 28.701782 31.521606 24.975586 20.947266 15.710449 17.019653 39.47754 47.735596 63.14392 77.041626 60.22339 58.61206 44.210815 19.940186 -23.565674 -38.671875 -5.1361084 14.300537 22.558594 -7.1502686 -36.053467 -68.58215 -66.06445 -62.74109 -55.792236 -59.014893 -61.431885 -55.59082 -65.76233 -66.36658 -68.07861 -59.014893 -54.68445 -52.770996 -47.43347 -26.78833 -23.364258 -24.975586 -3.6254883 8.157349 18.630981 13.293457 11.480713 12.588501 18.73169 36.254883 80.96924 109.57031 125.68359 148.04077 166.77246 187.01477 190.13672 198.49548 192.95654 162.2406 133.53882 73.81897 6.5460205 -95.87402 -171.80786 -225.38452 -236.96594 -237.16736 -230.92346 -203.93372 -164.95972 -92.04712 -42.800903 -5.8410645 -1.5106201 -3.7261963 -3.6254883 0.80566406 -2.3162842 -5.5389404 -14.703369 -28.399658 -29.003906 -40.786743 -30.615234 -31.118774 -23.162842 -18.429565 -21.853638 -14.703369 -0.30212402 -8.056641 -33.737183 -2.9205322 -10.171509 -1.0070801 3.2226562 7.1502686 4.2297363 -0.10070801 1.3092041 -15.005493 -23.062134 -24.371338 -14.199829 -7.2509766 -2.0141602 -10.070801 -9.667969 -2.1148682 7.1502686 27.090454 32.629395 28.601074 24.472046 24.069214 16.818237 19.033813 20.24231 18.530273 17.019653 -11.279297 11.984253 12.689209 19.436646 18.73169 
-3284.2896 -3267.572 -3251.5593 -3234.9426 -3219.0308 -3203.5217 -3187.7104 -3172.3022 -3156.8938 -3141.7876 -3126.6814 -3111.7766 -3096.8718 -3082.2693 -3067.7673 -3053.2654 -3038.9648 -3024.8657 -2239.746 566.8854 3299.8992 3299.8992 3299.8992 3299.8992 3299.8992 3299.8992 3299.8992 3299.8992 3299.8992 3299.8992 3299.8992 3299.8992 3299.8992 3299.8992 3299.8992 3299.8992 3299.8992 3298.59 823.5901 3298.2878 -3284.8938 -3268.0754 -3251.5593 -3235.7483 -3219.8364 -3203.8237 -3188.0127 -3172.5037 -3157.0952 -3141.8884 -3126.8828 -3111.8774 -3096.9727 -3082.5713 -3067.868 -3053.366 -3039.1663 -3025.0671 -2060.385 526.7029 3299.8992 3299.8992 3299.8992 3299.8992 3299.8992 3299.8992 3299.8992 3299.8992 3299.8992 3299.8992 3299.8992 3299.8992 3299.8992 3299.8992 3299.8992 3299.8992 3299.8992 3297.885 156.60095 3299.4963 -3283.6853 -3267.4712 -3251.1565 -3234.6404 -3218.7285 -3203.018 -3187.509 -3172 -3156.6924 -3141.4856 -3126.2786 -3111.3738 -3096.6704 -3081.967 -3067.3645 -3053.064 -3038.6626 -3024.5635 -1838.7268 997.81494 3299.8992 3299.8992 3299.8992 3299.8992 3299.8992 3299.8992 3299.8992 3299.8992 3299.8992 3299.8992 3299.8992 3299.8992 3299.8992 3299.8992 3299.8992 3299.8992 3299.8992 3294.3604 -582.69653 3297.9858 -3285.2966 -3268.4783 -3252.5664 -3235.9497 -3219.937 -3204.2266 -3188.919 -3173.2085 -3158.0017 -3142.694 -3127.487 -3112.683 -3097.879 -3083.2764 -3068.573 -3054.1716 -3039.972 -3025.772 -1815.6647 1000.63477 3299.8992 3299.8992 3299.8992 3299.8992 3299.8992 3299.8992 3299.8992 3299.8992 3299.8992 3299.8992 3299.8992 3299.8992 3299.8992 3299.8992 3299.8992 3299.8992 3299.8992 3292.8496 -1422.2992 3298.6907 -3284.5916 -3267.7734 -3251.358 -3235.5469 -3219.5342 -3203.6223 -3187.8113 -3172.4028 -3156.8938 -3141.687 -3126.6814 -3111.676 -3096.9727 -3082.2693 -3067.7673 -3053.366 -3039.0654 -3024.8657 -1649.8993 1254.2175 3299.8992 3299.8992 3299.8992 3299.8992 3299.8992 3299.8992 3299.8992 3299.8992 3299.8992 3299.8992 3299.8992 3299.8992 3299.8992 3299.8992 3299.8992 3299.8992 3299.8992 3291.0369 -2542.0715 3299.4963 -3283.6853 -3266.867 -3250.955 -3234.5398 -3218.527 -3202.8167 -3187.3076 -3171.8994 -3156.491 -3141.2842 -3126.2786 -3111.3738 -3096.469 -3081.7656 -3067.2637 -3052.8625 -3038.6626 -3024.5635 -1633.5846 1131.958 
3283.5845 3299.3958 -3285.498 -3270.291 -3255.1848 -3240.0786 -3225.5767 -3210.7727 -3196.2708 -3181.8694 -3167.5688 -3153.3691 -3139.27 -3125.3723 -3111.5752 -3097.879 -3084.1826 -3070.7886 -1735.2997 787.4359 2965.3472 3299.8992 3299.8992 3299.8992 3299.8992 3299.8992 3299.8992 3299.8992 3299.8992 3299.8992 3299.8992 3299.8992 3299.8992 3299.8992 3299.8992 3299.8992 3286.908 3271.6003 651.2787 3271.701 3287.5122 3299.8992 -3281.5703 -3266.3635 -3251.358 -3236.3525 -3221.7498 -3207.1472 -3192.5444 -3178.1433 -3163.9434 -3149.7437 -3135.745 -3121.8474 -3107.9497 -3094.3542 -3080.7585 -3052.5603 -1005.1666 1321.3898 3299.8992 3299.8992 3299.8992 3299.8992 3299.8992 3299.8992 3299.8992 3299.8992 3299.8992 3299.8992 3299.8992 3299.8992 3299.8992 3299.8992 3299.8992 3297.885 3282.8796 3267.572 -46.728516 3269.7876 3285.6995 3299.8992 -3283.484 -3268.1763 -3253.2715 -3238.0645 -3223.5625 -3208.8591 -3194.3572 -3179.956 -3165.6555 -3151.5564 -3137.4573 -3123.5596 -3109.7625 -3095.9656 -3082.4707 -2972.699 -824.8993 1423.407 3299.8992 3299.8992 3299.8992 3299.8992 3299.8992 3299.8992 3299.8992 3299.8992 3299.8992 3299.8992 3299.8992 3299.8992 3299.8992 3299.8992 3299.8992 3294.8638 3279.8584 3264.5508 -873.64197 3269.0825 3284.8938 3299.8992 -3284.1887 -3268.982 -3253.9763 -3238.7695 -3224.1667 -3209.5642 -3195.0623 -3180.661 -3166.4612 -3152.1606 -3138.263 -3124.2644 -3110.568 -3096.7712 -3083.2764 -2907.0374 -506.9641 1900.5615 3299.8992 3299.8992 3299.8992 3299.8992 3299.8992 3299.8992 3299.8992 3299.8992 3299.8992 3299.8992 3299.8992 3299.8992 3299.8992 3299.8992 3299.8992 3289.4255 3274.4202 3259.0117 -1885.8582 3266.6655 3282.376 3297.6836 -3286.7065 -3271.4995 -3256.4941 -3241.287 -3226.7852 -3212.0818 -3197.5798 -3183.1787 -3168.8782 -3154.6782 -3140.579 -3126.6814 -3112.7837 -3099.1882 -3085.492 -2872.293 -546.8445 1757.1533 3299.8992 3299.8992 3299.8992 3299.8992 3299.8992 3299.8992 3299.8992 3299.8992 3299.8992 3299.8992 3299.8992 3299.8992 3299.8992 3299.8992 3299.8992 3288.3179 3273.413 3257.904 -2236.1206 3266.2627 3282.1746 3297.7844 -3287.0085 -3271.8018 -3256.6956 -3242.0928 -3226.9866 -3212.384 -3197.7812 -3183.4807 -3169.0796 -3154.9805 -3140.982 -3126.8828 -3113.086 -3099.3896 -3085.794 -2844.699 -460.53772 2017.5842 
3299.8992 3299.8992 3299.8992 3299.8992 3296.7773 3282.074 3267.572 3252.063 3237.1582 3222.4548 3207.852 3193.1487 3178.5461 3164.0442 3149.6428 3135.3423 3119.934 2415.8843 483.0963 -1118.7653 -2487.4878 3129.2998 3145.514 3161.1235 3176.532 3192.041 3207.6506 3222.9583 3237.7625 3252.8687 3267.7734 3282.6782 3297.4822 -3287.8142 -3273.1108 -3258.7097 -3244.3083 -3229.9072 -490.04517 3299.8992 3299.8992 3299.8992 3299.8992 3299.8992 3294.9646 3280.1604 3264.9536 3249.646 3235.3455 3220.642 3206.0393 3191.4368 3176.834 3162.2314 3147.83 3133.429 3114.5964 2060.385 114.505005 -1390.0726 -2615.387 3132.9253 3148.5352 3164.5476 3179.956 3195.465 3210.3699 3225.879 3241.0857 3256.0913 3271.1975 3286.0015 3299.8992 -3284.491 -3269.8882 -3255.487 -3240.985 -3226.7852 -83.08411 3299.8992 3299.8992 3299.8992 3299.8992 3299.8992 3295.6694 3280.8655 3266.464 3250.955 3236.0503 3221.6492 3206.9458 3192.2424 3177.539 3162.9363 3148.5352 3134.2346 3116.51 2164.4165 264.2578 -1291.2781 -2573.8953 3131.7168 3147.83 3163.44 3178.8481 3194.2566 3209.8662 3225.1738 3239.978 3254.9834 3269.989 3284.8938 3299.5972 -3285.6995 -3270.996 -3256.4941 -3242.0928 -3227.7922 559.8358 3299.8992 3299.8992 3299.8992 3299.8992 3299.8992 3292.9504 3278.1462 3263.04 3247.7324 3233.3313 3218.8293 3204.126 3189.4226 3174.8198 3160.5193 3145.816 3131.4148 3113.1865 1958.67 33.83789 -1514.3463 -2878.6377 3134.0332 3149.945 3165.454 3180.8623 3196.2708 3211.377 3226.7852 3242.0928 3257.199 3272.1038 3287.0085 3299.8992 -3283.6853 -3269.0825 -3254.782 -3240.0786 -3225.879 886.02905 3299.8992 3299.8992 3299.8992 3299.8992 3299.8992 3292.9504 3278.1462 3263.745 3248.0347 3233.13 3218.527 3203.9246 3189.3218 3174.7192 3160.3179 3145.7153 3131.5154 3112.1794 1832.8857 -88.11951 -1546.4722 -2841.275 3134.9395 3150.9521 3166.6626 3181.9702 3197.3784 3213.0889 3228.195 3242.9993 3258.1055 3273.0103 3287.915 3299.8992 -3282.6782 -3268.0754 -3253.5735 -3239.273 -3225.0732 1291.6809 3299.8992 3299.8992 3299.8992 3299.8992 3299.8992 3292.6482 3277.7434 3263.3423 3247.8333 3232.9285 3218.3257 3203.6223 3189.1204 3174.5178 3159.915 3145.514 3131.2134 3105.9355 1718.5822 -215.0116 -1729.2572 
-3154.1748 -3138.6658 -3123.8616 -3108.4534 -3093.5486 -3078.8452 -3064.1418 -3049.7405 -3035.5408 -3021.2402 -3007.141 -2993.2434 -2979.4463 -2965.6494 -2951.9531 -2938.4583 -2925.064 -2911.7705 -2549.2217 -1154.8187 301.9226 1600.0488 2744.998 3299.8992 3299.8992 3299.8992 3299.8992 3299.8992 3299.8992 3299.8992 3299.8992 3299.8992 3299.8992 3299.8992 3299.8992 3299.8992 3299.8992 3299.8992 2720.3247 -3168.4753 -3152.5635 -3137.155 -3122.4517 -3107.0435 -3092.0378 -3077.4353 -3062.8325 -3048.4314 -3034.1309 -3019.931 -3005.9326 -2991.934 -2978.0364 -2964.34 -2950.7446 -2937.2498 -2923.8555 -2910.562 -2003.4851 -679.98047 610.8948 1898.6481 3061.2212 3299.8992 3299.8992 3299.8992 3299.8992 3299.8992 3299.8992 3299.8992 3299.8992 3299.8992 3299.8992 3299.8992 3299.8992 3299.8992 3299.8992 3299.8992 2548.0132 -3174.7192 -3158.908 -3143.399 -3128.1921 -3113.1865 -3098.4832 -3083.6792 -3069.1772 -3054.6753 -3040.274 -3026.0742 -3011.8743 -2998.0774 -2984.0789 -2970.3826 -2956.6863 -2943.1914 -2929.6965 -2916.403 -2514.5781 -1141.7267 346.0327 1729.4586 2872.998 3299.8992 3299.8992 3299.8992 3299.8992 3299.8992 3299.8992 3299.8992 3299.8992 3299.8992 3299.8992 3299.8992 3299.8992 3299.8992 3299.8992 3299.8992 1958.67 -3169.6838 -3153.9734 -3138.565 -3123.1567 -3108.3525 -3093.6492 -3078.7444 -3064.2424 -3049.8413 -3035.5408 -3021.3408 -3007.2417 -2993.344 -2979.4463 -2965.75 -2952.0537 -2938.5588 -2925.1648 -2911.972 -2335.3179 -878.1738 550.6714 1819.693 2858.9995 3299.8992 3299.8992 3299.8992 3299.8992 3299.8992 3299.8992 3299.8992 3299.8992 3299.8992 3299.8992 3299.8992 3299.8992 3299.8992 3299.8992 3299.8992 1847.7905 -3168.0725 -3152.362 -3136.9536 -3122.0488 -3106.7412 -3091.9373 -3077.133 -3062.732 -3048.3306 -3034.1309 -3019.7295 -3005.6304 -2991.632 -2977.835 -2964.2395 -2950.6438 -2937.0483 -2923.654 -2910.3606 -2103.9917 -688.0371 657.32117 1997.5433 3020.4346 3299.8992 3299.8992 3299.8992 3299.8992 3299.8992 3299.8992 3299.8992 3299.8992 3299.8992 3299.8992 3299.8992 3299.8992 3299.8992 3299.8992 3299.8992 1662.5885 -3004.4219 -3151.9592 -3136.6516 -3121.8474 -3106.5398 -3091.635 -3076.9316 -3062.329 -3047.9277 -3033.8286 -3019.528 -3005.429 -2991.4307 -2977.7344 -2964.038 -2950.241 -2844.397 -2718.7134 -2545.3948 -2343.9788 -1369.3268 
3299.8992 3293.5547 3278.3477 3263.04 3247.6318 3232.4248 3217.218 3201.8096 3186.4014 3170.3887 3155.2825 3140.0757 3125.07 3110.1653 3095.462 3080.4565 3002.005 1882.0312 325.28687 -925.5066 -1898.6481 -2620.0195 3289.8284 3103.6194 3120.236 3136.853 3153.2683 3169.583 3185.6963 3201.9104 3217.9229 3233.7341 3249.7466 3265.457 3281.1675 3296.6765 -3287.8142 -3272.5066 -684.5123 3299.8992 3299.8992 3296.0723 3280.3618 3265.3564 3250.2502 3235.0432 3219.7356 3204.2266 3188.919 3172.6042 3157.6995 3142.5933 3127.3865 3112.5823 3097.7783 3082.8735 2988.1072 1970.6543 481.5857 -644.0277 -1595.8191 -2426.056 -3169.3816 3100.6987 3117.517 3133.9324 3150.65 3166.864 3183.078 3199.0906 3215.3044 3231.1157 3246.9268 3262.8386 3278.549 3293.8567 -3290.5334 -3275.0244 -291.8518 3299.8992 3299.8992 3291.339 3275.6287 3260.623 3245.4163 3230.31 3215.0024 3199.594 3184.1858 3168.0725 3152.9663 3138.0615 3122.9553 3108.0505 3093.2463 3076.5288 2871.1853 1609.314 219.64417 -848.06213 -1783.136 -2553.3508 3268.1763 3102.6123 3119.229 3135.9465 3152.362 3168.6768 3184.9915 3200.9033 3216.9158 3233.029 3248.639 3264.45 3280.1604 3295.7703 -3288.7207 -3273.413 -21.75293 3299.8992 3299.8992 3291.742 3275.83 3260.9253 3245.819 3230.5115 3215.4053 3199.8962 3184.4878 3168.3745 3153.2683 3138.263 3123.2573 3108.3525 3093.5486 3078.7444 2992.1355 1864.8102 429.41895 -700.1221 -1629.657 -2511.9597 -3252.1636 3098.4832 3115.3015 3131.7168 3148.233 3164.749 3180.9631 3196.875 3212.9883 3229.1016 3244.9126 3260.5225 3276.3335 3291.742 3299.8992 -3277.3406 488.53455 3299.8992 3299.8992 3285.0952 3269.284 3254.48 3239.273 3223.9653 3208.8591 3193.451 3178.1433 3162.03 3147.1252 3132.1196 3117.1143 3102.1086 3087.4053 3070.5872 2826.068 1511.9293 26.28479 -1077.5757 -2019.2963 -2948.6296 3086.9019 3103.5186 3120.1355 3136.6516 3153.067 3169.4824 3185.4949 3201.6082 3217.52 3233.5327 3249.4446 3265.0542 3280.7646 3296.2737 -3288.217 -3272.8088 715.02686 3299.8992 3299.8992 3288.3179 3273.1108 3257.8032 3242.4956 3227.2888 3212.0818 3196.5728 3181.0637 3165.1519 3149.945 3134.9395 3120.0347 3105.13 3090.326 3075.119 2900.894 1655.539 202.5238 -926.5137 
-1700.7568 -2958.0962 -3109.259 -3094.5557 -3079.8523 -3065.3503 -3051.0498 -3036.9507 -3022.8516 -3008.7524 -2994.9553 -2981.1584 -2876.724 -2594.7417 -2236.8254 -2109.2285 -1880.3192 -1370.1324 -824.29504 -427.00195 -150.9613 186.41052 318.53943 491.8579 1297.6227 2399.5696 3299.8992 3299.8992 3299.8992 3299.8992 3299.8992 3299.8992 3299.8992 3299.8992 3299.8992 3299.8992 3299.8992 3299.8992 1606.0913 -445.93506 -1759.8724 -2958.9019 -3105.4321 -3090.7288 -3076.126 -3061.7249 -3047.4243 -3033.2244 -3019.226 -3005.127 -2991.3298 -2977.6335 -2837.5488 -2363.8184 -1908.1146 -1553.1189 -1393.8995 -1176.3702 -812.00867 -450.56763 -206.35071 -36.85913 62.942505 413.7085 1384.2316 2545.7976 3299.8992 3299.8992 3299.8992 3299.8992 3299.8992 3299.8992 3299.8992 3299.8992 3299.8992 3299.8992 3299.8992 3299.8992 1565.0024 -282.48596 -1750.2045 -2970.7854 -3108.6548 -3093.9514 -3079.1472 -3064.9475 -3050.4456 -3036.3464 -3022.2473 -3008.3496 -2994.452 -2980.6548 -2875.0122 -2529.5837 -2298.5596 -2036.1145 -1676.1841 -1223.5016 -763.1653 -531.7383 -313.40332 -96.57898 37.36267 334.95483 1312.326 2494.4365 3285.1958 3299.8992 3299.8992 3299.8992 3299.8992 3299.8992 3299.8992 3299.8992 3299.8992 3299.8992 3299.8992 3299.8992 1523.1079 -406.65894 -1815.0604 -3113.8916 -3101.9072 -3087.2039 -3072.6013 -3058.3008 -3044.0002 -3029.8003 -3015.7012 -3001.9043 -2988.0066 -2974.3103 -2897.168 -2515.1824 -2049.408 -1689.0747 -1387.3535 -1127.0233 -876.4618 -772.229 -562.4542 -323.77625 -38.47046 311.9934 1441.5344 2663.324 3299.8992 3299.8992 3299.8992 3299.8992 3299.8992 3299.8992 3299.8992 3299.8992 3299.8992 3299.8992 3299.8992 3181.4666 1031.8542 -767.89856 -2070.1538 -3106.3384 -3091.635 -3076.831 -3062.4297 -3048.0286 -3033.8286 -3019.8303 -3005.8318 -2992.035 -2978.2378 -2964.441 -2801.596 -2374.594 -1877.3987 -1476.178 -984.5215 -701.12915 -380.37415 -349.4568 -195.57495 78.45154 246.33179 721.9757 1804.0833 2821.7375 3299.8992 3299.8992 3299.8992 3299.8992 3299.8992 3299.8992 3299.8992 3299.8992 3299.8992 3299.8992 3299.8992 3115.7043 960.35156 -840.1062 -2131.1829 -3115.6035 -3100.4973 -3085.8948 -3071.3928 -3056.9915 -3042.7917 -3028.5918 -3014.5935 -3000.595 -2986.798 -2871.8901 -2382.1472 -2154.6477 -1946.8872 -1742.2485 -1639.8285 -1290.0696 -937.59155 -632.547 

10.171509 7.4523926 18.22815 14.602661 -12.387085 11.883545 -0.80566406 16.21399 9.667969 11.380005 12.185669 6.0424805 -2.3162842 -18.127441 17.422485 10.876465 19.940186 16.415405 32.629395 48.03772 48.03772 48.03772 48.03772 48.03772 48.03772 48.03772 48.03772 48.03772 48.03772 48.03772 48.03772 48.03772 48.03772 48.03772 48.03772 48.03772 48.03772 48.03772 48.03772 48.03772 -17.422485 18.530273 36.4563 43.707275 75.32959 111.987305 132.33032 132.53174 88.52234 -2.8198242 -65.3595 -76.034546 -75.027466 -58.813477 -53.778076 -56.396484 -54.18091 -54.281616 -37.765503 -26.486206 -35.751343 -33.535767 -12.588501 5.4382324 34.140015 68.58215 81.674194 63.24463 15.811157 -28.80249 -47.836304 -46.728516 -56.19507 -42.095947 -13.494873 5.8410645 16.918945 38.87329 35.85205 12.185669 5.4382324 15.911865 23.76709 32.528687 20.544434 6.8481445 -9.466553 -14.099121 -9.164429 1.3092041 16.21399 -2.9205322 -14.099121 -18.127441 -16.21399 -7.8552246 -2.7191162 -5.9417725 -4.2297363 0.20141602 -0.80566406 -0.30212402 12.890625 11.782837 9.567261 8.963013 -0.9063721 -18.630981 -25.076294 -18.127441 -9.265137 -1.2084961 5.4382324 18.328857 16.516113 14.300537 15.005493 23.364258 14.904785 15.911865 19.335938 10.372925 1.3092041 -5.4382324 -12.588501 -12.890625 -10.070801 -16.113281 -20.544434 -13.494873 -2.1148682 -6.6467285 5.6396484 7.8552246 6.0424805 17.72461 0.70495605 -18.530273 -26.989746 -8.862305 -0.9063721 -6.0424805 3.7261963 9.667969 14.300537 8.459473 14.501953 24.874878 25.982666 29.507446 35.549927 39.276123 35.34851 30.615234 19.436646 15.307617 4.3304443 0.30212402 -4.4311523 -19.537354 -18.328857 -28.80249 -15.408325 -17.926025 -5.6396484 1.3092041 49.850464 65.76233 53.67737 26.184082 27.493286 31.32019 27.694702 46.92993 51.864624 33.737183 -56.09436 -112.994385 -145.62378 -157.91016 -139.17847 -80.96924 -52.770996 -23.062134 31.32019 47.735596 46.42639 44.311523 20.141602 -14.401245 -39.779663 -58.410645 -56.295776 -48.742676 -24.069214 10.070801 13.394165 33.83789 16.818237 -6.5460205 
24.371338 22.860718 16.71753 17.422485 -11.178589 11.883545 -6.4453125 4.1290283 -12.387085 3.1219482 -0.20141602 0.50354004 -2.4169922 -21.652222 -8.157349 -16.616821 4.9346924 7.0495605 26.083374 43.807983 43.807983 43.807983 43.807983 43.807983 43.807983 43.807983 43.807983 43.807983 43.807983 43.807983 43.807983 43.807983 43.807983 43.807983 43.807983 43.807983 43.807983 43.807983 43.807983 43.807983 -75.32959 -99.60022 -142.90466 -182.08008 -219.14062 -246.33179 -237.36877 -186.00769 -175.13123 -202.12097 -222.96753 -216.3208 -205.54504 -190.84167 -197.3877 -182.2815 -170.09583 -175.23193 -169.29016 -128.10059 -84.09119 -63.24463 -52.770996 -51.159668 -46.5271 -51.5625 -57.70569 -88.0188 -131.42395 -113.39722 -77.44446 -47.735596 -31.32019 -36.154175 -21.450806 -3.8269043 2.4169922 -1.4099121 11.480713 19.638062 20.443726 36.557007 46.92993 52.368164 43.606567 20.846558 -4.5318604 9.063721 3.7261963 -0.30212402 8.056641 11.782837 5.6396484 0.30212402 7.6538086 1.5106201 9.164429 8.761597 9.869385 14.300537 18.832397 15.005493 21.853638 24.673462 19.839478 37.161255 33.33435 33.737183 37.96692 40.88745 29.30603 31.924438 33.737183 29.708862 32.226562 38.671875 36.85913 30.514526 35.44922 32.629395 30.917358 10.977173 20.24231 18.026733 13.192749 -0.50354004 0.50354004 6.1431885 4.0283203 1.7120361 -0.70495605 4.0283203 -8.963013 -11.279297 -11.682129 -13.293457 -4.6325684 -5.3375244 0.70495605 1.0070801 0.10070801 -2.3162842 4.8339844 -3.1219482 6.0424805 19.23523 26.083374 34.44214 29.003906 28.903198 20.846558 21.148682 26.78833 28.097534 26.687622 6.8481445 12.387085 15.307617 12.890625 21.047974 50.756836 81.7749 98.19031 107.455444 115.91492 119.036865 159.52148 228.60718 256.90613 268.58826 273.12012 326.7975 351.26953 356.0028 332.83997 328.50952 267.58118 218.53638 161.13281 63.14392 -33.636475 -141.49475 -202.5238 -249.75586 -294.4702 -360.33325 -412.70142 -389.03503 -353.58582 -318.43872 -309.17358 -319.94934 -319.84863 -290.4419 -265.86914 -225.58594 -189.33105 -132.1289 -98.99597 -107.05261 
3299.8992 3299.8992 3299.8992 3299.8992 3299.8992 3299.8992 3299.8992 3299.8992 3299.8992 3299.8992 3299.8992 3299.8992 3299.8992 3299.8992 3299.8992 3299.8992 3299.8992 3292.2454 -3249.2432 3299.8992 -3280.664 -3263.9465 -3247.4304 -3231.72 -3215.9087 -3199.8962 -3184.1858 -3168.6768 -3153.2683 -3138.162 -3123.056 -3108.252 -3093.4478 -3078.7444 -3064.2424 -3049.7405 -3035.6414 -3021.5422 -1411.4227 1354.7241 3299.8992 3299.8992 3299.8992 3299.8992 3299.8992 3299.8992 3299.8992 3299.8992 3299.8992 3299.8992 3299.8992 3299.8992 3299.8992 3299.8992 3299.8992 3299.8992 3299.8992 3292.749 3288.217 3299.8992 -3277.8442 -3261.8315 -3245.2148 -3229.4036 -3213.4917 -3197.5798 -3181.7688 -3166.3604 -3151.0527 -3135.846 -3120.8403 -3106.0364 -3091.2322 -3076.5288 -3062.0269 -3047.7263 -3033.4258 -3019.4275 -1162.674 1614.8529 3299.8992 3299.8992 3299.8992 3299.8992 3299.8992 3299.8992 3299.8992 3299.8992 3299.8992 3299.8992 3299.8992 3299.8992 3299.8992 3299.8992 3299.8992 3299.8992 3299.8992 3291.4397 3289.627 -3293.3533 -3276.7363 -3260.0188 -3244.107 -3227.5908 -3211.679 -3196.0693 -3180.661 -3165.1519 -3149.8442 -3134.738 -3119.7327 -3104.9285 -3090.225 -3075.4211 -3061.0198 -3046.7192 -3032.5195 -3018.219 -1165.2924 1657.3517 3299.8992 3299.8992 3299.8992 3299.8992 3299.8992 3299.8992 3299.8992 3299.8992 3299.8992 3299.8992 3299.8992 3299.8992 3299.8992 3299.8992 3299.8992 3299.8992 3299.8992 3292.5476 3292.749 -3290.2312 -3273.6145 -3257.4004 -3240.7837 -3225.0732 -3209.1614 -3193.35 -3177.7405 -3162.2314 -3147.0244 -3131.8176 -3116.812 -3101.9072 -3087.2039 -3072.6013 -3058.2 -3043.8994 -3029.6997 -3014.9963 -1027.3224 1777.6978 3299.8992 3299.8992 3299.8992 3299.8992 3299.8992 3299.8992 3299.8992 3299.8992 3299.8992 3299.8992 3299.8992 3299.8992 3299.8992 3299.8992 3299.8992 3299.8992 3299.8992 3293.2524 3295.8708 -3287.21 -3270.5933 -3254.48 -3238.3667 -3221.9512 -3206.0393 -3190.4297 -3175.0212 -3159.7136 -3144.406 -3129.2998 -3114.2944 -3099.4902 -3084.7869 -3070.285 -3055.783 -3041.4824 -3027.2827 -2991.5312 -799.823 1944.3695 
3299.8992 3299.8992 3299.8992 3299.8992 3299.8992 3299.8992 3299.8992 3299.8992 3299.8992 3299.8992 3299.8992 3299.8992 3299.8992 3299.8992 3299.8992 3286.1023 3271.1975 3255.6885 -3055.0781 3266.565 3282.2754 3297.9858 -3286.908 -3271.701 -3256.6956 -3241.9922 -3226.9866 -3212.384 -3197.882 -3183.3801 -3169.0796 -3154.8796 -3140.8813 -3126.8828 -3113.086 -3099.2888 -3085.794 -2770.7793 -365.9729 1939.032 3299.8992 3299.8992 3299.8992 3299.8992 3299.8992 3299.8992 3299.8992 3299.8992 3299.8992 3299.8992 3299.8992 3299.8992 3299.8992 3299.8992 3299.8992 3286.0015 3270.8953 3255.2856 3252.8687 3268.881 3284.6924 3299.8992 -3284.491 -3269.284 -3254.2786 -3239.6758 -3224.6704 -3210.0676 -3195.5657 -3181.0637 -3166.864 -3152.765 -3138.7664 -3124.768 -3110.971 -3097.2747 -3083.6792 -2571.9817 -171.60645 2152.6335 3299.8992 3299.8992 3299.8992 3299.8992 3299.8992 3299.8992 3299.8992 3299.8992 3299.8992 3299.8992 3299.8992 3299.8992 3299.8992 3299.8992 3299.8992 3285.3972 3270.4924 3254.6814 3254.0771 3270.1904 3285.901 3299.8992 -3283.383 -3268.2769 -3253.1707 -3238.568 -3223.5625 -3208.8591 -3194.458 -3180.0566 -3165.756 -3151.657 -3137.6587 -3123.6602 -3109.8633 -3096.167 -3082.5713 -2526.663 -138.07068 2089.6912 3299.8992 3299.8992 3299.8992 3299.8992 3299.8992 3299.8992 3299.8992 3299.8992 3299.8992 3299.8992 3299.8992 3299.8992 3299.8992 3299.8992 3299.8992 3286.4043 3271.399 3255.487 3256.4941 3272.6074 3288.3179 3299.8992 -3280.966 -3265.8599 -3250.7537 -3236.2517 -3221.1455 -3206.543 -3192.1416 -3177.7405 -3163.44 -3149.3408 -3135.3423 -3121.4446 -3107.6477 -3093.9514 -3080.4565 -2879.0405 -814.32495 1319.9799 3299.8992 3299.8992 3299.8992 3299.8992 3299.8992 3299.8992 3299.8992 3299.8992 3299.8992 3299.8992 3299.8992 3299.8992 3299.8992 3299.8992 3299.8992 3296.878 3281.8726 3259.616 3268.2769 3284.1887 3299.7986 -3284.491 -3269.3848 -3254.3792 -3239.4744 -3224.3682 -3209.967 -3195.465 -3181.0637 -3166.6626 -3152.4626 -3138.4644 -3124.5667 -3110.669 -3096.9727 -3083.377 -3069.882 -2013.9587 485.21118 2641.6716 
-2985.4888 3137.3564 3153.3691 3168.8782 3184.6892 3200.0977 3215.0024 3230.5115 3245.7183 3260.7239 3275.7292 3290.634 3299.8992 -3279.959 -3265.457 -3251.056 -3236.554 -3222.4548 1809.6222 3299.8992 3299.8992 3299.8992 3299.8992 3299.8992 3292.8496 3277.9448 3263.5437 3247.9338 3233.13 3218.4265 3203.8237 3189.2212 3174.6184 3160.1165 3145.6145 3131.4148 3104.0222 1710.3241 -208.16345 -1762.088 -2997.7751 3137.6587 3153.772 3169.4824 3184.8906 3200.0977 3215.808 3230.9143 3245.7183 3260.7239 3275.7292 3290.5334 3299.8992 -3280.0598 -3265.2556 -3251.056 -3236.7554 -3222.5554 2606.6252 3299.8992 3299.8992 3299.8992 3299.8992 3299.8992 3290.8354 3276.0315 3260.8245 3245.5168 3231.2163 3216.513 3201.9104 3187.3076 3172.705 3158.2031 3143.8018 3129.5012 3035.037 1533.4808 -313.0005 -1782.431 -3034.3323 3137.86 3153.4697 3169.0796 3184.79 3200.1982 3215.103 3230.5115 3245.819 3260.8245 3275.83 3290.634 3299.8992 -3279.959 -3265.3564 -3250.955 -3236.554 -3219.4336 3051.654 3299.8992 3299.8992 3299.8992 3299.8992 3299.8992 3288.8213 3274.0173 3258.8103 3243.6035 3229.2021 3214.5996 3199.8962 3185.2935 3170.691 3156.2896 3141.8884 3127.588 2950.5432 1296.817 -560.33936 -1970.9564 3299.8992 3140.277 3155.7861 3171.5972 3186.8042 3202.1118 3217.8223 3232.9285 3247.7324 3262.738 3277.6428 3292.4468 -3292.8496 -3278.1462 -3263.5437 -3249.0417 -3234.6404 -3101.6052 3299.8992 3299.8992 3299.8992 3299.8992 3299.8992 3299.8992 3289.325 3274.5208 3259.314 3244.107 3229.7058 3215.0024 3200.5005 3185.797 3171.1943 3156.6924 3142.3918 3128.0913 2933.322 1208.9996 -506.46057 -1904.187 -3058.905 3139.6729 3155.2825 3170.993 3186.502 3201.9104 3216.8152 3232.3242 3247.4304 3262.5366 3277.542 3292.4468 -3292.9504 -3278.247 -3263.745 -3249.2432 -3234.9426 -2897.0671 3299.8992 3299.8992 3299.8992 3299.8992 3299.8992 3299.8992 3286.8071 3272.2046 3256.897 3241.5894 3227.2888 3212.686 3197.9827 3183.4807 3168.8782 3154.3762 3140.0757 3125.6743 2730.3955 949.173 -860.5499 -2244.6807 
-624.7925 234.44824 517.0349 2323.0315 3299.8992 3299.8992 3299.8992 3299.8992 3299.8992 3299.8992 3299.8992 3299.8992 3299.8992 3299.8992 3299.8992 3299.8992 3299.8992 3299.8992 333.84705 -3127.3865 -3112.0789 -3096.7712 -3081.7656 -3067.0623 -3052.5603 -3038.1592 -3023.8586 -3009.6587 -2995.5596 -2981.6619 -2967.865 -2954.1687 -2940.573 -2926.9775 -2913.684 -2900.4912 -2887.5 -2760.205 -1262.8784 206.04858 1512.3322 2906.1309 3299.8992 3299.8992 3299.8992 3299.8992 3299.8992 3299.8992 3299.8992 3299.8992 3299.8992 3299.8992 3299.8992 3299.8992 3299.8992 3299.8992 3299.8992 3299.8992 802.1393 -3149.4414 -3133.731 -3118.5242 -3103.2166 -3088.4124 -3073.8098 -3059.207 -3044.806 -3030.5054 -3016.3054 -3002.2063 -2988.208 -2974.411 -2960.7146 -2947.0183 -2933.6243 -2920.23 -2907.0374 -2893.744 -2100.2654 -783.8104 603.24097 1895.929 2910.4614 3299.8992 3299.8992 3299.8992 3299.8992 3299.8992 3299.8992 3299.8992 3299.8992 3299.8992 3299.8992 3299.8992 3299.8992 3299.8992 3299.8992 3299.8992 425.39062 -3146.1182 -3130.6091 -3115.3015 -3100.4973 -3085.391 -3070.6877 -3055.9844 -3041.5833 -3027.2827 -3013.0828 -2999.185 -2985.1868 -2971.289 -2957.5928 -2944.098 -2930.603 -2917.3096 -2904.016 -2890.8232 -1929.5654 -503.2379 819.15894 2112.7532 3218.527 3299.8992 3299.8992 3299.8992 3299.8992 3299.8992 3299.8992 3299.8992 3299.8992 3299.8992 3299.8992 3299.8992 3299.8992 3299.8992 3299.8992 3299.8992 -49.0448 -3145.9167 -3130.4077 -3115.1 -3099.994 -3085.1897 -3070.6877 -3056.1858 -3041.5833 -3027.3833 -3013.0828 -2999.0845 -2985.1868 -2971.289 -2957.5928 -2944.098 -2930.603 -2917.2087 -2904.1167 -2890.924 -2079.318 -587.027 829.129 2109.43 3235.446 3299.8992 3299.8992 3299.8992 3299.8992 3299.8992 3299.8992 3299.8992 3299.8992 3299.8992 3299.8992 3299.8992 3299.8992 3299.8992 3299.8992 3299.8992 -562.4542 -3142.3918 -3126.8828 -3111.676 -3096.469 -3081.7656 -3067.163 -3052.5603 -3038.1592 -3023.9592 -3009.86 -2995.6604 -2981.7627 -2968.0664 -2954.37 -2940.8752 -2927.3804 -2913.986 -2900.7935 -2883.7737 -1751.5137 -396.78955 
-1918.0847 -2850.238 3086.2976 3103.1157 3119.5312 3136.2488 3152.664 3168.8782 3185.1929 3201.2053 3217.218 3233.13 3248.941 3264.6514 3280.3618 3295.8708 -3288.6199 -3273.1108 1262.5763 3299.8992 3299.8992 3284.9944 3269.8882 3254.48 3239.273 3224.0662 3208.8591 3193.35 3177.942 3161.9292 3146.823 3131.8176 3116.9128 3102.2095 3087.3047 3069.6807 2638.3484 1231.3568 -220.1477 -1341.4307 -2268.1458 -2941.0767 3092.4407 3108.9568 3125.473 3141.989 3158.4045 3174.6184 3190.8325 3206.845 3222.9583 3238.7695 3254.48 3270.291 3286.0015 3299.8992 -3283.081 -3258.206 1416.5588 3299.8992 3299.8992 3289.627 3274.4202 3259.1125 3243.704 3228.598 3213.1897 3197.6807 3182.2722 3166.2598 3151.1536 3136.148 3121.1426 3106.3384 3091.4336 3073.8098 2772.0886 1495.3125 155.79529 -908.0841 -1846.0785 -2667.8557 3163.8428 3103.8208 3120.4375 3136.9536 3153.5706 3169.7844 3186.099 3202.011 3218.0237 3234.0361 3249.7466 3265.7593 3281.369 3296.7773 -3287.6128 -3107.2449 1898.7488 3299.8992 3297.6836 3282.4768 3266.6655 3251.8616 3236.7554 3221.5483 3206.2407 3190.8325 3175.424 3159.3108 3144.406 3129.4006 3114.4958 3099.591 3084.8877 3067.868 2709.3474 1387.2528 -11.782837 -1039.6088 -1946.6858 -2801.9988 3083.5784 3100.7996 3117.3157 3133.9324 3150.247 3166.7632 3182.9773 3198.9897 3215.103 3231.015 3246.8262 3262.4358 3278.247 3293.8567 -3290.7349 -2977.3315 2142.7642 3299.8992 3293.3533 3278.0457 3262.3352 3247.4304 3232.4248 3217.1172 3202.1118 3186.6028 3171.1943 3155.081 3140.1763 3125.2715 3110.3667 3095.462 3080.658 3062.1277 2426.4587 977.3712 -343.2129 -1378.3905 -2309.8389 -3123.3582 3089.7217 3106.842 3123.4587 3139.9749 3156.2896 3172.8057 3188.919 3204.7302 3220.8435 3236.6545 3252.4658 3268.3777 3283.8867 3299.4963 -3285.1958 -2679.9407 2724.0508 3299.8992 3295.7703 3280.5632 3265.2556 3249.948 3234.7412 3219.4336 3204.126 3188.8184 3173.41 3157.2966 3142.3918 3127.3865 3112.3809 3097.577 3082.7727 3064.5447 2494.4365 1003.5553 -342.30652 -1416.9617 
-336.46545 -27.392578 108.86536 567.3889 1807.8094 2759.3994 3299.8992 3299.8992 3299.8992 3299.8992 3299.8992 3299.8992 3299.8992 3299.8992 3299.8992 3299.8992 3299.8992 3039.3677 787.83875 -943.3319 -2097.647 -3112.683 -3097.6775 -3082.974 -3068.4722 -3054.071 -3039.871 -3025.772 -3011.6729 -2997.7751 -2983.9783 -2970.282 -2693.1335 -2359.8906 -2011.1389 -1757.1533 -1567.5201 -1234.0759 -941.922 -535.16235 -167.98096 223.8739 466.98303 991.47034 2266.5344 2962.5273 3299.8992 3299.8992 3299.8992 3299.8992 3299.8992 3299.8992 3299.8992 3299.8992 3299.8992 3299.8992 3299.8992 2928.8909 880.4901 -865.68604 -2191.4062 -3115.402 -3100.4973 -3085.794 -3071.292 -3056.8909 -3042.691 -3028.4912 -3014.4927 -3000.4944 -2986.5967 -2971.289 -2807.3364 -2410.6475 -2188.5864 -1862.3932 -1288.8611 -868.60657 -542.71545 -296.7865 9.970093 357.61414 533.65173 1012.82043 2253.3416 3125.171 3299.8992 3299.8992 3299.8992 3299.8992 3299.8992 3299.8992 3299.8992 3299.8992 3299.8992 3299.8992 3299.8992 2831.5063 488.83667 -1135.08 -2382.55 -3119.7327 -3104.9285 -3090.1245 -3075.7231 -3061.322 -3047.122 -3032.9224 -3018.9238 -3004.9255 -2991.1284 -2977.3315 -2741.272 -2385.3699 -1906.8054 -1652.417 -1360.968 -979.28467 -618.6493 -367.68494 -158.01086 74.12109 262.64648 783.2062 2085.9648 2840.1672 3299.8992 3299.8992 3299.8992 3299.8992 3299.8992 3299.8992 3299.8992 3299.8992 3299.8992 3299.8992 3299.8992 2635.6292 346.53625 -1185.8368 -2446.6003 -3116.6106 -3101.9072 -3087.2039 -3072.6013 -3058.3008 -3044.1008 -3030.0017 -3016.0034 -3002.1057 -2988.208 -2974.411 -2746.106 -2339.1448 -2089.8926 -1745.1691 -1136.792 -680.5847 -330.42297 -132.33032 96.07544 235.95886 288.62915 875.354 2151.828 3110.7695 3299.8992 3299.8992 3299.8992 3299.8992 3299.8992 3299.8992 3299.8992 3299.8992 3299.8992 3299.8992 3299.8992 2517.7002 265.96985 -1288.4583 -2431.2927 -3119.934 -3105.13 -3090.4265 -3075.824 -3061.5234 -3047.223 -3033.023 -3019.1252 -3005.127 -2991.3298 -2975.9216 -2715.8936 -2366.5374 -1897.9431 -1586.4532 -1401.8555 -1059.0454 -788.5437 -425.49133 

-34.94568 -32.83081 -25.378418 -8.560181 -1.4099121 9.768677 23.76709 34.84497 39.98108 36.35559 16.918945 7.5531006 -1.6113281 -9.970093 -16.818237 -16.21399 -7.0495605 -13.394165 -1.3092041 9.970093 9.567261 21.047974 25.579834 31.420898 28.701782 17.422485 29.30603 46.124268 56.5979 64.55383 63.949585 55.18799 44.613647 39.175415 49.749756 56.497192 32.226562 24.975586 6.0424805 37.060547 39.074707 -21.148682 -108.966064 -116.11633 -100.20447 -84.89685 -45.217896 -31.622314 -6.5460205 6.6467285 1.9134521 5.4382324 -7.2509766 6.8481445 -4.2297363 -50.55542 -98.0896 -115.7135 -101.312256 -66.467285 -42.095947 -23.364258 -1.7120361 1.2084961 5.2368164 0.30212402 -13.796997 -34.84497 -44.311523 -22.860718 1.8127441 -1.8127441 -4.2297363 -5.9417725 -8.157349 -2.4169922 10.070801 26.78833 27.493286 29.80957 29.80957 29.80957 29.80957 29.80957 29.80957 29.80957 29.80957 29.80957 29.80957 29.80957 29.80957 29.80957 29.80957 29.80957 29.80957 29.80957 29.80957 29.80957 29.80957 29.80957 -8.761597 -67.27295 -58.20923 -36.557007 -46.627808 -90.83862 -114.505005 -98.89526 -87.31384 -81.170654 -66.6687 -32.629395 -5.9417725 11.077881 27.191162 23.162842 18.933105 14.401245 17.72461 28.198242 21.652222 15.206909 -2.4169922 -9.365845 -21.551514 -22.055054 -21.350098 1.8127441 3.8269043 28.500366 40.38391 36.85913 8.963013 -20.645142 -25.076294 -15.206909 -12.689209 -19.436646 2.5177002 7.6538086 18.832397 30.31311 39.88037 40.48462 21.148682 6.1431885 -27.29187 -46.829224 -67.474365 -68.68286 -45.318604 -22.25647 -12.890625 -18.22815 -3.8269043 -3.1219482 18.530273 3.9276123 21.652222 17.422485 0.40283203 -13.293457 -18.22815 -6.5460205 6.7474365 2.2155762 5.5389404 -4.2297363 -5.5389404 -5.4382324 -10.272217 3.4240723 -2.8198242 -2.3162842 -16.012573 -16.818237 -1.8127441 -3.4240723 -7.2509766 -3.0212402 8.560181 26.687622 41.99524 52.368164 43.707275 41.4917 34.94568 0.70495605 -43.606567 -60.22339 -53.375244 -38.47046 -24.874878 -14.300537 3.3233643 12.689209 31.118774 44.613647 40.88745 42.90161 
-104.434204 -100.909424 -89.328 -69.488525 -60.12268 -51.763916 -28.097534 -13.494873 -14.602661 5.2368164 -9.567261 1.1077881 -5.5389404 -2.8198242 -2.1148682 -0.50354004 3.3233643 -5.5389404 3.0212402 6.8481445 15.106201 25.378418 35.85205 36.85913 42.297363 45.318604 47.03064 49.850464 51.5625 53.07312 47.232056 55.08728 51.461792 46.627808 41.793823 46.325684 46.829224 50.05188 46.42639 35.85205 42.800903 34.643555 27.392578 27.79541 30.31311 26.28479 20.645142 44.210815 56.497192 80.667114 78.048706 91.94641 112.490845 143.3075 140.8905 144.51599 103.62854 62.64038 42.800903 35.44922 6.0424805 -23.76709 -52.56958 -79.2572 -78.75366 -70.59631 -66.970825 -54.58374 -33.737183 -9.164429 16.415405 23.26355 27.191162 21.75293 19.335938 32.528687 24.673462 24.975586 11.178589 -28.601074 -58.914185 -82.681274 -66.26587 -49.850464 -45.117188 -45.92285 -37.46338 -14.602661 -9.466553 1.4099121 -12.387085 -7.7545166 -20.040894 -24.874878 -29.104614 -19.335938 -14.904785 -29.507446 -27.29187 -27.896118 -35.44922 -52.468872 -38.87329 -35.34851 -15.307617 4.9346924 44.815063 66.6687 88.11951 92.44995 97.18323 104.333496 119.94324 136.56006 137.36572 157.91016 137.0636 126.589966 77.545166 40.585327 -2.9205322 -64.05029 -107.05261 -127.49634 -150.35706 -195.47424 -178.35388 -181.073 -170.70007 -131.52466 -119.4397 -93.759155 -94.66553 -79.96216 -89.328 -80.667114 -76.7395 -67.67578 -45.01648 -23.364258 -8.157349 1.9134521 4.8339844 6.9488525 20.74585 23.565674 33.132935 36.657715 30.917358 39.175415 47.93701 39.88037 43.707275 38.47046 38.269043 46.02356 39.98108 18.127441 18.530273 21.047974 23.968506 25.177002 18.026733 17.422485 9.567261 -9.567261 -3.5247803 -1.4099121 -4.1290283 -14.703369 -28.097534 -20.645142 -17.623901 -7.4523926 -18.22815 -11.178589 -2.3162842 -3.8269043 6.1431885 5.0354004 7.2509766 3.0212402 -3.4240723 9.768677 29.80957 33.032227 28.29895 23.968506 15.811157 13.293457 -0.30212402 14.300537 25.479126 27.090454 11.178589 17.72461 34.44214 54.382324 68.07861 96.37756 
3299.8992 3299.8992 3299.8992 3299.8992 3299.8992 3299.8992 3299.8992 3299.8992 3299.8992 3299.8992 3299.8992 3299.8992 3299.8992 3299.8992 3299.8992 3299.8992 3299.8992 3285.6995 3298.0864 -3284.8938 -3268.2769 -3251.5593 -3235.3455 -3219.7356 -3203.9246 -3188.1133 -3172.3022 -3156.8938 -3141.687 -3126.6814 -3111.676 -3096.7712 -3082.2693 -3067.6665 -3053.1646 -3038.864 -3024.765 -2859.3018 -507.36694 2391.211 3299.8992 3299.8992 3299.8992 3299.8992 3299.8992 3299.8992 3299.8992 3299.8992 3299.8992 3299.8992 3299.8992 3299.8992 3299.8992 3299.8992 3299.8992 3299.8992 3299.8992 3201.709 3298.3887 -3284.6924 -3268.0754 -3251.9622 -3235.8489 -3219.5342 -3203.6223 -3188.1133 -3172.8057 -3157.2966 -3141.989 -3126.9836 -3112.0789 -3097.2747 -3082.5713 -3068.0693 -3053.5674 -3039.2668 -3025.1677 -2710.8582 -247.64099 2516.3909 3299.8992 3299.8992 3299.8992 3299.8992 3299.8992 3299.8992 3299.8992 3299.8992 3299.8992 3299.8992 3299.8992 3299.8992 3299.8992 3299.8992 3299.8992 3299.8992 3299.8992 2925.1648 3298.2878 -3284.793 -3268.2769 -3251.5593 -3235.8489 -3219.4336 -3203.5217 -3187.9119 -3172.5037 -3157.2966 -3142.0898 -3126.9836 -3112.0789 -3097.0732 -3082.5713 -3067.9688 -3053.5674 -3039.1663 -3025.0671 -2629.5867 -44.41223 2877.7312 3299.8992 3299.8992 3299.8992 3299.8992 3299.8992 3299.8992 3299.8992 3299.8992 3299.8992 3299.8992 3299.8992 3299.8992 3299.8992 3299.8992 3299.8992 3299.8992 3299.8992 2512.7654 3298.0864 -3285.0952 -3268.4783 -3252.365 -3235.8489 -3220.2393 -3204.428 -3188.516 -3172.8057 -3157.498 -3142.1904 -3127.185 -3112.1794 -3097.3755 -3082.672 -3068.1702 -3053.6682 -3039.4683 -3025.2686 -2630.896 -35.44922 2851.547 3299.8992 3299.8992 3299.8992 3299.8992 3299.8992 3299.8992 3299.8992 3299.8992 3299.8992 3299.8992 3299.8992 3299.8992 3299.8992 3299.8992 3299.8992 3299.8992 3299.8992 2025.238 3299.5972 -3283.5845 -3267.0684 -3250.955 -3234.8418 -3218.527 -3202.6152 -3187.207 -3171.698 -3156.491 -3141.1833 -3126.178 -3111.2732 -3096.3684 -3081.665 -3067.163 -3052.7617 -3038.562 -3024.362 -2474.295 50.857544 2835.1318 
3299.8992 3299.8992 3299.8992 3299.8992 3299.8992 3299.8992 3299.8992 3299.8992 3299.8992 3299.8992 3299.8992 3299.8992 3299.8992 3299.8992 3299.8992 3291.339 3276.3335 3158.0017 3264.8528 3280.7646 3296.475 -3287.915 -3272.9094 -3257.8032 -3242.7979 -3227.893 -3213.2903 -3198.6877 -3184.2864 -3169.9858 -3155.8867 -3141.687 -3127.7893 -3113.9922 -3100.1953 -3086.499 -3073.0042 -2179.8247 285.91003 2551.2358 3299.8992 3299.8992 3299.8992 3299.8992 3299.8992 3299.8992 3299.8992 3299.8992 3299.8992 3299.8992 3299.8992 3299.8992 3299.8992 3299.8992 3299.8992 3290.332 3275.125 2973.001 3265.5579 3281.4697 3296.9788 -3287.7136 -3272.3052 -3257.199 -3242.1936 -3227.188 -3212.686 -3198.0835 -3183.783 -3169.3816 -3155.2825 -3141.1833 -3127.2856 -3113.2874 -3099.6917 -3085.9954 -3072.5005 -2287.8845 293.56384 2611.862 3299.8992 3299.8992 3299.8992 3299.8992 3299.8992 3299.8992 3299.8992 3299.8992 3299.8992 3299.8992 3299.8992 3299.8992 3299.8992 3299.8992 3299.8992 3290.7349 3275.6287 2578.9307 3268.579 3284.3901 3299.8992 -3284.793 -3269.3848 -3254.1777 -3239.273 -3224.469 -3209.8662 -3195.3643 -3180.9631 -3166.6626 -3152.4626 -3138.4644 -3124.4658 -3110.669 -3096.8718 -3083.2764 -3069.983 -1964.6118 324.07837 2411.6545 3299.8992 3299.8992 3299.8992 3299.8992 3299.8992 3299.8992 3299.8992 3299.8992 3299.8992 3299.8992 3299.8992 3299.8992 3299.8992 3299.8992 3299.8992 3293.051 3277.7434 2028.7628 3272.8088 3288.7207 3299.8992 -3280.5632 -3265.0542 -3250.0488 -3235.144 -3220.2393 -3205.7373 -3191.2354 -3176.7334 -3162.6343 -3148.3337 -3134.436 -3120.4375 -3106.7412 -3093.045 -3079.4495 -3066.156 -1740.6372 853.39966 3075.2197 3299.8992 3299.8992 3299.8992 3299.8992 3299.8992 3299.8992 3299.8992 3299.8992 3299.8992 3299.8992 3299.8992 3299.8992 3299.8992 3299.8992 3299.8992 3290.7349 3275.5278 1570.4407 3272.406 3288.3179 3299.8992 -3281.067 -3265.5579 -3250.5522 -3235.5469 -3221.1455 -3206.1401 -3191.7388 -3177.3376 -3163.037 -3148.938 -3134.9395 -3120.9412 -3107.144 -3093.5486 -3079.8523 -3066.5588 -1200.6409 1119.1681 3276.8372 
3208.255 3143.6003 3159.2102 3174.8198 3190.1274 3205.536 3221.045 3236.1511 3250.8545 3266.0613 3280.8655 3295.6694 -3289.627 -3274.9236 -3260.5225 -3246.0205 -3231.72 -2559.494 3299.8992 3299.8992 3299.8992 3299.8992 3299.8992 3299.8992 3287.7136 3272.9094 3258.4075 3242.8984 3227.9937 3213.4917 3198.7883 3184.3872 3169.7844 3155.081 3140.8813 3126.2786 2817.81 1107.8888 -613.7146 -2089.4897 -3269.989 3141.0828 3156.9946 3172.5037 3188.3147 3203.7231 3218.527 3234.0361 3249.2432 3264.148 3279.2542 3293.9575 -3291.2383 -3276.6357 -3262.1338 -3247.6318 -3233.2305 -2384.1614 3299.8992 3299.8992 3299.8992 3299.8992 3299.8992 3299.4963 3285.0952 3270.1904 3254.9834 3239.7766 3225.476 3210.8733 3196.17 3181.668 3167.166 3152.664 3138.162 3123.6602 2681.4514 729.93164 -1054.715 -2456.5703 3129.5012 3145.413 3160.8215 3176.6326 3191.6382 3206.9458 3222.7568 3237.7625 3252.4658 3267.572 3282.4768 3297.1802 -3287.915 -3273.2117 -3258.9111 -3244.5098 -3230.1086 -2047.7966 3299.8992 3299.8992 3299.8992 3299.8992 3299.8992 3299.8992 3286.1023 3271.399 3256.7961 3241.287 3226.5837 3211.8804 3197.2778 3182.675 3168.0725 3153.6711 3139.27 3125.07 2707.837 864.47754 -919.86694 -2229.2725 3141.7876 3143.7012 3159.7136 3175.3235 3190.7317 3206.2407 3221.1455 3236.554 3251.7607 3266.7664 3281.5703 3296.576 -3288.8213 -3274.118 -3259.616 -3245.2148 -3230.9143 -1587.3596 3299.8992 3299.8992 3299.8992 3299.8992 3299.8992 3298.0864 3283.2825 3268.6797 3253.5735 3238.2659 3223.8647 3209.3628 3194.8608 3180.1575 3165.6555 3151.1536 3136.9536 3121.7468 2593.8354 691.3605 -1056.427 -2361.502 3167.5688 3143.9026 3159.4116 3175.122 3190.4297 3205.536 3221.1455 3236.2517 3251.056 3266.0613 3280.966 3295.6694 -3289.5264 -3274.9236 -3260.321 -3245.9197 -3231.6191 -1149.0784 3299.8992 3299.8992 3299.8992 3299.8992 3299.8992 3295.8708 3280.966 3266.162 3251.6602 3236.0503 3221.347 3206.6436 3192.1416 3177.539 3163.037 3148.5352 3134.2346 3117.4163 2443.6797 485.21118 -1208.4961 -2588.3972 
913.0188 2231.6895 3299.8992 3299.8992 3299.8992 3299.8992 3299.8992 3299.8992 3299.8992 3299.8992 3299.8992 3299.8992 3299.8992 3299.8992 3299.8992 3299.8992 3299.8992 3299.8992 -1029.4373 -3140.982 -3125.473 -3110.266 -3095.5627 -3080.4565 -3065.7532 -3051.2512 -3036.8499 -3022.4487 -3008.3496 -2994.351 -2980.5542 -2966.6565 -2953.0608 -2939.566 -2925.9705 -2912.677 -2899.3835 -2658.8928 -1344.8547 87.213135 1428.6438 2629.5867 3299.8992 3299.8992 3299.8992 3299.8992 3299.8992 3299.8992 3299.8992 3299.8992 3299.8992 3299.8992 3299.8992 3299.8992 3299.8992 3299.8992 3299.8992 3299.8992 -1471.2433 -3147.1252 -3131.6162 -3116.4092 -3101.8066 -3086.7004 -3071.8962 -3057.3943 -3042.7917 -3028.4912 -3014.392 -3000.3936 -2986.3953 -2972.699 -2959.0027 -2945.3064 -2931.912 -2918.518 -2905.2246 -2694.8455 -1476.8829 -92.04712 1262.0728 2571.9817 3299.8992 3299.8992 3299.8992 3299.8992 3299.8992 3299.8992 3299.8992 3299.8992 3299.8992 3299.8992 3299.8992 3299.8992 3299.8992 3299.8992 3299.8992 3299.8992 -1919.4946 -3147.6287 -3132.1196 -3116.9128 -3102.2095 -3087.2039 -3072.5005 -3057.898 -3043.4966 -3029.0955 -3015.1978 -3000.8972 -2987.1 -2973.2024 -2959.607 -2946.0112 -2932.4158 -2919.0215 -2905.8289 -2562.4146 -1350.7965 24.975586 1330.7556 2493.228 3299.8992 3299.8992 3299.8992 3299.8992 3299.8992 3299.8992 3299.8992 3299.8992 3299.8992 3299.8992 3299.8992 3299.8992 3299.8992 3299.8992 3299.8992 3299.8992 -2099.4597 -3148.6357 -3133.1267 -3117.92 -3102.8137 -3088.0095 -3073.5076 -3058.8042 -3044.5037 -3030.1025 -3016.0034 -3001.8035 -2988.0066 -2974.2095 -2960.4126 -2946.7163 -2933.322 -2920.1294 -2906.836 -2394.1313 -1178.0823 267.07764 1758.7646 2941.0767 3299.8992 3299.8992 3299.8992 3299.8992 3299.8992 3299.8992 3299.8992 3299.8992 3299.8992 3299.8992 3299.8992 3299.8992 3299.8992 3299.8992 3299.8992 3125.8757 -2792.7336 -3153.1677 -3137.6587 -3122.4517 -3107.7483 -3092.642 -3077.9387 -3063.4368 -3048.7334 -3034.5337 -3020.2332 -3006.3354 -2992.1355 -2978.4392 -2964.743 -2951.0466 -2937.6526 -2924.1577 -2910.8643 -2529.483 -995.39795 520.9625 
-2307.2205 -3015.2983 3091.333 3108.0505 3124.5667 3141.0828 3157.3975 3173.8127 3189.926 3205.9387 3221.9512 3237.863 3253.6743 3269.4854 3285.0952 3299.8992 -3283.9873 -2567.1477 2882.666 3299.8992 3296.0723 3280.7646 3265.6584 3250.2502 3235.0432 3219.7356 3204.428 3189.1204 3173.6113 3157.5989 3142.694 3127.588 3112.683 3097.7783 3083.075 3062.9333 2283.3525 852.19116 -406.0547 -1370.3339 -2240.5518 -3089.4194 3093.6492 3110.3667 3126.7822 3143.2983 3159.613 3176.0283 3192.041 3208.1543 3224.0662 3239.978 3255.789 3271.6003 3287.1094 3299.8992 -3281.8726 -2293.7256 3239.7766 3299.8992 3296.0723 3280.7646 3265.6584 3250.2502 3235.144 3219.7356 3204.428 3189.0198 3173.6113 3157.5989 3142.5933 3127.588 3112.683 3097.9797 3083.075 3064.2424 2379.3274 912.9181 -361.64246 -1350.9979 -2147.5981 -3008.4502 3091.635 3108.3525 3124.8687 3141.2842 3157.6995 3174.115 3190.0269 3206.2407 3222.1526 3238.0645 3253.9763 3269.6868 3285.2966 3299.8992 -3283.786 -2034.3018 3299.8992 3299.8992 3292.749 3277.4414 3262.2344 3246.7253 3231.8206 3216.513 3201.2053 3185.797 3170.3887 3154.3762 3139.3706 3124.3652 3109.561 3094.757 3079.953 3060.1135 2193.9238 661.6516 -605.8594 -1658.6609 -2562.2131 3260.7239 3096.469 3113.4888 3130.2063 3146.521 3162.9363 3179.3518 3195.3643 3211.2761 3227.188 3243.2007 3258.8103 3274.5208 3290.1306 3299.8992 -3278.952 -1535.495 3299.8992 3299.8992 3294.3604 3279.3547 3263.4429 3248.639 3233.432 3218.1243 3202.9175 3187.509 3172.1008 3155.9875 3140.982 3126.0771 3111.2732 3096.3684 3081.4636 3061.5234 2230.5815 683.9081 -591.156 -1681.5216 -2581.1462 3295.3674 3097.7783 3114.6973 3131.314 3148.0315 3164.2456 3180.359 3196.5728 3212.5854 3228.598 3244.2078 3260.2202 3275.7292 3291.5405 3299.8992 -3277.7434 -1216.0492 3299.8992 3299.8992 3293.756 3278.549 3262.738 3247.8333 3232.8276 3217.52 3202.2124 3186.7034 3171.2952 3155.182 3140.277 3125.2715 3110.4675 3095.7642 3080.7585 3057.898 2047.998 513.3087 -679.77905 -1642.9504 
-80.163574 267.6819 492.05933 1100.3357 2365.631 3104.3242 3299.8992 3299.8992 3299.8992 3299.8992 3299.8992 3299.8992 3299.8992 3299.8992 3299.8992 3299.8992 3299.8992 2586.0808 422.5708 -1110.4065 -2382.1472 -3122.5525 -3107.7483 -3093.045 -3078.4424 -3064.041 -3049.8413 -3035.5408 -3021.5422 -3007.6445 -2993.7468 -2980.0505 -2891.7297 -2491.0125 -1992.0044 -1641.6412 -1243.8446 -839.0991 -483.90198 -153.78113 122.96448 392.76123 602.536 1194.1956 2343.576 3018.521 3299.8992 3299.8992 3299.8992 3299.8992 3299.8992 3299.8992 3299.8992 3299.8992 3299.8992 3299.8992 3299.8992 2164.3157 41.088867 -1455.835 -2619.6167 -3122.0488 -3107.144 -3092.5415 -3078.0396 -3063.6382 -3049.4385 -3035.2385 -3021.2402 -3007.3425 -2993.4448 -2929.6965 -2513.6719 -2104.9988 -1786.3586 -1518.7775 -1322.2961 -901.13525 -573.3307 -324.4812 -132.43103 53.67737 241.29639 1001.944 2181.2346 2974.7131 3299.8992 3299.8992 3299.8992 3299.8992 3299.8992 3299.8992 3299.8992 3299.8992 3299.8992 3299.8992 3299.8992 2132.8948 37.261963 -1451.8066 -2731.8054 -3119.0276 -3103.9214 -3089.4194 -3075.0183 -3060.617 -3046.4172 -3032.2173 -3018.219 -3004.2205 -2990.4236 -2788.101 -2408.432 -2074.3835 -1725.0275 -1430.4565 -1215.6464 -783.609 -456.20728 -188.22327 134.14307 310.4828 442.41028 1227.2278 2602.0935 3195.465 3299.8992 3299.8992 3299.8992 3299.8992 3299.8992 3299.8992 3299.8992 3299.8992 3299.8992 3299.8992 3299.8992 2047.2931 -50.55542 -1550.9033 -2776.9226 -3125.171 -3110.3667 -3095.6633 -3081.1614 -3066.7603 -3052.5603 -3038.3606 -3024.362 -3010.4644 -2996.466 -2767.2546 -2295.4375 -1964.1083 -1791.2933 -1557.4493 -1326.5259 -884.71985 -806.87256 -605.35583 -279.46472 -9.063721 210.58044 1065.5914 2313.3635 3026.477 3299.8992 3299.8992 3299.8992 3299.8992 3299.8992 3299.8992 3299.8992 3299.8992 3299.8992 3299.8992 3299.8992 1751.8158 -316.52527 -1707.2021 -2868.2646 -3116.3086 -3101.7058 -3087.1033 -3072.6013 -3058.2 -3044.0002 -3029.9011 -3015.9026 -3002.005 -2988.208 -2921.7407 -2596.2524 -2235.315 -1912.5458 -1530.9631 -1255.0232 -978.7811 -695.0867 -434.45435 

36.758423 6.5460205 -1.1077881 26.184082 25.579834 -24.975586 -85.09827 -131.02112 -136.45935 -122.561646 -115.20996 -88.723755 -50.454712 -1.3092041 16.818237 23.867798 13.696289 -14.703369 -13.796997 -2.9205322 6.0424805 25.479126 37.161255 39.88037 56.295776 58.309937 61.029053 57.302856 38.87329 17.321777 8.862305 -6.0424805 -4.1290283 0.30212402 1.1077881 23.062134 33.83789 43.90869 55.59082 73.11401 101.51367 69.28711 44.714355 53.57666 46.627808 46.02356 19.134521 -8.761597 -27.191162 -44.91577 -46.325684 -43.103027 -40.38391 -40.585327 -38.36975 -32.226562 -24.77417 -27.896118 -13.595581 -12.387085 -12.387085 -12.387085 -12.387085 -12.387085 -12.387085 -12.387085 -12.387085 -12.387085 -12.387085 -12.387085 -12.387085 -12.387085 -12.387085 -12.387085 -12.387085 -12.387085 -12.387085 -12.387085 -12.387085 -12.387085 24.472046 19.436646 34.039307 33.535767 -35.34851 -105.03845 -123.065186 -134.04236 -135.15015 -135.55298 -139.37988 -131.02112 -65.66162 -11.984253 28.701782 52.770996 58.511353 68.38074 77.84729 77.34375 58.813477 45.52002 29.80957 7.6538086 8.157349 4.3304443 24.572754 33.737183 24.572754 -19.638062 -25.680542 -45.217896 -34.94568 -30.81665 -47.03064 -54.68445 -42.095947 -9.365845 -3.8269043 2.1148682 7.3516846 12.991333 15.509033 1.9134521 -21.450806 -28.701782 -12.185669 0.70495605 -1.6113281 -2.6184082 10.070801 6.7474365 11.077881 7.1502686 6.4453125 7.7545166 -0.80566406 -10.574341 -5.5389404 7.2509766 5.5389404 4.3304443 -9.567261 -16.616821 -10.675049 -17.120361 -10.876465 -5.7403564 5.3375244 12.991333 17.825317 11.279297 31.018066 22.055054 21.652222 9.667969 9.063721 -3.4240723 -3.0212402 -0.50354004 1.1077881 5.4382324 11.581421 18.429565 9.667969 6.3446045 5.8410645 6.7474365 3.7261963 4.5318604 7.4523926 3.2226562 -1.6113281 -6.2438965 -3.3233643 9.265137 7.7545166 13.092041 12.387085 20.141602 23.666382 35.751343 59.921265 84.2926 93.255615 66.87012 63.64746 49.850464 20.544434 -12.588501 -26.889038 -46.728516 -88.52234 -129.40979 -136.45935 -84.59473 -33.132935 -3.6254883 -11.782837 -37.86621 -40.48462 -58.10852 -65.76233 -66.56799 -82.681274 -64.75525 -15.005493 18.127441 40.48462 65.963745 90.93933 108.26111 97.58606 100.305176 86.40747 100.10376 116.41846 107.455444 60.424805 23.565674 
148.54431 182.18079 225.38452 277.14844 282.68738 276.24207 272.11304 272.51587 268.78967 232.93762 151.66626 66.87012 -9.466553 -74.523926 -163.34839 -209.17053 -257.30896 -325.589 -368.79272 -377.75574 -345.52917 -274.93286 -208.56628 -151.66626 -101.916504 -71.90552 -45.822144 -18.73169 -18.429565 -34.140015 -44.0094 -41.693115 -36.758423 -29.104614 -31.118774 -11.077881 -6.6467285 3.4240723 -3.2226562 -20.343018 4.1290283 22.961426 32.025146 41.793823 39.47754 28.601074 27.79541 18.530273 20.141602 5.4382324 -25.579834 -28.198242 -50.253296 -31.420898 -24.472046 -7.2509766 -24.27063 -34.240723 -17.825317 -10.775757 -6.5460205 0.30212402 -6.4453125 -12.286377 -8.258057 0.80566406 16.71753 27.090454 40.98816 49.346924 44.714355 38.168335 56.900024 65.76233 82.681274 125.7843 148.84644 188.42468 211.38611 232.93762 246.5332 246.93604 242.807 226.99585 183.99353 152.06909 129.10767 83.78906 12.588501 -69.58923 -142.60254 -184.19495 -198.49548 -169.59229 -177.44751 -192.05017 -211.58752 -209.57336 -186.00769 -170.49866 -157.2052 -150.25635 -122.15881 -104.937744 -65.56091 -44.613647 -30.413818 -38.87329 -67.8772 -86.00464 -52.972412 -39.678955 -26.385498 -14.602661 -20.141602 -0.30212402 13.092041 27.694702 17.623901 5.4382324 -3.4240723 -0.60424805 3.4240723 8.056641 5.7403564 4.7332764 3.2226562 -10.977173 -1.5106201 -5.7403564 -11.077881 -14.904785 -12.387085 -7.5531006 -7.1502686 0.60424805 -8.157349 -0.9063721 8.157349 21.450806 18.026733 17.825317 9.265137 4.6325684 13.394165 13.595581 21.853638 18.630981 28.29895 33.032227 29.910278 33.737183 25.78125 24.673462 25.378418 26.385498 26.385498 26.385498 16.918945 12.991333 16.314697 18.530273 21.652222 21.551514 16.21399 -9.567261 1.4099121 -4.7332764 -2.0141602 -3.6254883 0.50354004 -5.2368164 -0.20141602 -2.9205322 -8.660889 -7.8552246 -1.8127441 15.509033 38.974 58.914185 86.00464 132.43103 164.05334 172.91565 187.01477 176.74255 190.23743 204.84009 188.22327 148.64502 128.2013 107.958984 75.631714 30.413818 -28.701782 -60.12268 -73.91968 -68.78357 -72.40906 -68.481445 -63.14392 -58.914185 -40.786743 -52.468872 -102.21863 -140.08484 -132.83386 -105.340576 -62.036133 -38.571167 0.40283203 15.307617 -5.5389404 -33.83789 -60.324097 -87.11243 -109.87244 -101.815796 -80.76782 -82.47986 
3299.8992 3299.8992 3299.8992 3299.8992 3299.8992 3299.8992 3299.8992 3299.8992 3299.8992 3299.8992 3299.8992 3299.8992 3299.8992 3299.8992 3299.8992 3299.8992 3299.8992 1454.0222 3299.8992 -3281.4697 -3264.9536 -3248.3367 -3232.2234 -3216.6138 -3200.8025 -3184.8906 -3169.281 -3153.8726 -3138.7664 -3123.6602 -3108.7554 -3093.9514 -3079.3486 -3064.746 -3050.4456 -3036.145 -3022.046 -2216.986 336.06262 3154.074 3299.8992 3299.8992 3299.8992 3299.8992 3299.8992 3299.8992 3299.8992 3299.8992 3299.8992 3299.8992 3299.8992 3299.8992 3299.8992 3299.8992 3299.8992 3299.8992 3299.8992 855.61523 3299.8992 -3280.7646 -3264.2485 -3248.236 -3232.1228 -3215.808 -3200.0977 -3184.5886 -3169.1802 -3153.8726 -3138.6658 -3123.6602 -3108.7554 -3093.9514 -3079.248 -3064.8467 -3050.4456 -3036.0442 -3021.945 -2219.1008 598.6084 3299.8992 3299.8992 3299.8992 3299.8992 3299.8992 3299.8992 3299.8992 3299.8992 3299.8992 3299.8992 3299.8992 3299.8992 3299.8992 3299.8992 3299.8992 3299.8992 3299.8992 3299.8992 192.05017 3299.8992 -3280.7646 -3264.148 -3247.531 -3231.9214 -3215.5059 -3199.6948 -3184.1858 -3168.8782 -3153.5706 -3138.3635 -3123.2573 -3108.3525 -3093.75 -3078.9458 -3064.4438 -3050.1433 -3035.8428 -3021.7437 -2081.836 654.2999 3299.8992 3299.8992 3299.8992 3299.8992 3299.8992 3299.8992 3299.8992 3299.8992 3299.8992 3299.8992 3299.8992 3299.8992 3299.8992 3299.8992 3299.8992 3299.8992 3299.8992 3299.8992 -806.369 3299.8992 -3278.3477 -3261.8315 -3245.9197 -3229.4036 -3213.8945 -3197.5798 -3182.2722 -3166.9646 -3151.657 -3136.3494 -3121.1426 -3106.5398 -3091.635 -3077.0325 -3062.5305 -3048.3306 -2793.036 -2450.6287 -622.6776 2376.709 3299.8992 3299.8992 3299.8992 3299.8992 3299.8992 3299.8992 3299.8992 3299.8992 3299.8992 3299.8992 3299.8992 3299.8992 3299.8992 3299.8992 3299.8992 3299.8992 3299.8992 3288.1165 -2254.1472 3296.2737 -3286.908 -3270.3918 -3254.3792 -3238.2659 -3222.052 -3206.3416 -3190.631 -3174.8198 -3159.613 -3144.3054 -3129.2998 -3114.2944 -3099.4902 -3084.7869 -3070.1843 -3055.783 -3041.281 -2935.6384 -2516.3909 -361.64246 2398.764 3299.8992 3299.8992 3299.8992 3299.8992 3299.8992 3299.8992 3299.8992 3299.8992 3299.8992 3299.8992 3299.8992 3299.8992 3299.8992 3299.8992 3299.8992 3299.8992 3299.8992 -2089.2883 -3287.6128 -3270.996 
3299.8992 3299.8992 3299.8992 3299.8992 3299.8992 3299.8992 3299.8992 3299.8992 3299.8992 3299.8992 3299.8992 3299.8992 3299.8992 3299.8992 3299.8992 3286.203 3270.996 935.27527 3270.1904 3286.0015 3299.8992 -3282.8796 -3267.874 -3252.7678 -3237.9639 -3223.361 -3208.4563 -3193.9543 -3179.5532 -3165.3533 -3151.1536 -3137.0544 -3123.1567 -3109.259 -3095.6633 -3082.0679 -3011.3708 -665.88135 1723.3154 3299.8992 3299.8992 3299.8992 3299.8992 3299.8992 3299.8992 3299.8992 3299.8992 3299.8992 3299.8992 3299.8992 3299.8992 3299.8992 3299.8992 3299.8992 3292.9504 3278.0457 3262.8386 431.83594 3263.6443 3279.3547 3294.9646 -3289.4255 -3274.3193 -3259.314 -3244.3083 -3229.8064 -3214.9016 -3200.3997 -3185.8977 -3171.5972 -3157.3975 -3143.2983 -3129.2998 -3115.503 -3101.6052 -3088.1104 -3074.6155 -1111.4136 1386.6486 3299.8992 3299.8992 3299.8992 3299.8992 3299.8992 3299.8992 3299.8992 3299.8992 3299.8992 3299.8992 3299.8992 3299.8992 3299.8992 3299.8992 3299.8992 3291.339 3276.4343 3261.026 -210.58044 3264.047 3279.7576 3295.166 -3289.1235 -3274.0173 -3259.0117 -3244.107 -3229.5044 -3214.5996 -3199.9968 -3185.5957 -3171.2952 -3157.0952 -3142.996 -3129.1992 -3115.2007 -3101.5044 -3087.808 -2986.4958 -709.99146 1724.9268 3299.8992 3299.8992 3299.8992 3299.8992 3299.8992 3299.8992 3299.8992 3299.8992 3299.8992 3299.8992 3299.8992 3299.8992 3299.8992 3299.8992 3299.8992 3287.3108 3272.406 3257.0984 -1033.7677 3262.2344 3278.0457 3293.5547 3299.8992 -3275.83 -3260.623 -3245.819 -3231.2163 -3216.3115 -3201.709 -3187.3076 -3172.9065 -3158.8074 -3144.6074 -3130.6091 -3116.812 -3103.1157 -3089.4194 -3073.0042 -1079.6906 1347.6746 3299.8992 3299.8992 3299.8992 3299.8992 3299.8992 3299.8992 3299.8992 3299.8992 3299.8992 3299.8992 3299.8992 3299.8992 3299.8992 3299.8992 3299.8992 3289.9292 3275.0244 3259.616 -1688.7726 3266.565 3282.376 3297.885 -3287.1094 -3271.6003 -3256.5947 -3241.5894 -3226.9866 -3212.1826 -3197.5798 -3183.1787 -3168.8782 -3154.6782 -3140.68 -3126.6814 -3112.985 -3099.1882 -3085.5925 -2936.1418 -637.7838 1683.1329 3299.8992 3299.8992 3299.8992 3299.8992 3299.8992 3299.8992 3299.8992 3299.8992 3299.8992 3299.8992 3299.8992 3299.8992 3299.8992 3299.8992 3299.8992 3289.325 3274.3193 3258.8103 -2073.2756 3266.9678 3282.6782 
3129.0984 3145.0103 3160.922 3176.2297 3192.041 3207.4492 3222.1526 3237.6616 3252.8687 3267.874 3282.6782 3297.583 -3287.7136 -3273.1108 -3258.609 -3244.2078 -3229.9072 -816.94336 3299.8992 3299.8992 3299.8992 3299.8992 3299.8992 3295.5688 3281.067 3266.2627 3251.1565 3235.7483 3221.4478 3206.7444 3192.2424 3177.6396 3163.2385 3148.8372 3134.3352 3118.222 2408.9355 510.6903 -1066.7999 -2409.3384 3127.6885 3143.6003 3159.1094 3174.7192 3190.1274 3205.536 3220.4407 3235.9497 3251.1565 3266.162 3281.067 3295.7703 -3289.4255 -3274.823 -3260.321 -3245.9197 -3231.5186 -533.2489 3299.8992 3299.8992 3299.8992 3299.8992 3299.8992 3292.9504 3278.247 3263.3423 3248.7395 3233.2305 3218.4265 3203.8237 3189.4226 3174.9207 3160.3179 3145.816 3131.6162 3114.2944 2250.824 303.43323 -1292.9901 -2634.8235 3129.1992 3144.9097 3160.922 3176.4312 3191.6382 3206.9458 3222.5554 3237.6616 3252.4658 3267.3706 3282.2754 3297.0793 -3288.217 -3273.5137 -3259.1125 -3244.6106 -3230.4106 182.58362 3299.8992 3299.8992 3299.8992 3299.8992 3299.8992 3291.5405 3277.1392 3262.4358 3247.229 3231.9214 3217.52 3202.9175 3188.516 3173.9136 3159.3108 3144.9097 3130.7097 3112.985 2202.6855 203.12805 -1325.9216 -2631.7017 3128.6956 3144.6074 3160.2173 3175.7263 3191.2354 3206.543 3221.4478 3236.9568 3252.063 3267.0684 3281.9731 3296.7773 -3288.5193 -3274.0173 -3259.4146 -3244.9126 -3230.612 762.0575 3299.8992 3299.8992 3299.8992 3299.8992 3299.8992 3289.1235 3274.0173 3259.1125 3244.7112 3229.1016 3214.2974 3199.8962 3185.3943 3170.691 3156.3904 3141.989 3127.6885 3108.6548 1861.9904 -80.26428 -1658.4595 -2988.0066 3132.1196 3148.0315 3163.8428 3179.4524 3194.5586 3209.8662 3225.476 3240.5823 3255.2856 3270.1904 3285.0952 3299.7986 -3285.498 -3270.7947 -3256.192 -3241.69 -3227.4902 1256.8359 3299.8992 3299.8992 3299.8992 3299.8992 3299.8992 3290.1306 3275.6287 3260.9253 3245.7183 3230.31 3216.11 3201.4067 3187.0056 3172.5037 3157.901 3143.6003 3129.4006 3110.3667 1903.7842 -47.03064 -1598.8403 -2937.4512 3133.0261 3148.8372 3164.3462 3179.6538 3195.465 3210.7727 3225.476 3240.8843 3256.0913 3271.0967 3285.901 3299.8992 -3284.5916 -3269.989 -3255.487 -3241.0857 -3226.886 1606.9977 3299.8992 3299.8992 
1805.191 2867.0562 3299.8992 3299.8992 3299.8992 3299.8992 3299.8992 3299.8992 3299.8992 3299.8992 3299.8992 3299.8992 3299.8992 3299.8992 3299.8992 3299.8992 3299.8992 2990.7256 -2850.9429 -3157.2966 -3141.8884 -3126.6814 -3111.978 -3096.8718 -3082.0679 -3067.465 -3052.9631 -3038.6626 -3024.463 -3010.3638 -2996.1638 -2982.367 -2968.6707 -2955.075 -2941.58 -2928.186 -2914.7917 -2632.7087 -1576.4832 -173.11707 1116.7511 2436.2273 3299.8992 3299.8992 3299.8992 3299.8992 3299.8992 3299.8992 3299.8992 3299.8992 3299.8992 3299.8992 3299.8992 3299.8992 3299.8992 3299.8992 3299.8992 2666.5466 -3163.037 -3147.3267 -3131.9182 -3116.7114 -3101.5044 -3086.801 -3072.1985 -3057.6965 -3043.396 -3029.0955 -3014.8955 -3000.8972 -2986.8987 -2973.1018 -2959.607 -2945.8098 -2932.4158 -2919.0215 -2905.728 -2378.018 -937.088 544.02466 1722.9126 2869.876 3299.8992 3299.8992 3299.8992 3299.8992 3299.8992 3299.8992 3299.8992 3299.8992 3299.8992 3299.8992 3299.8992 3299.8992 3299.8992 3299.8992 3299.8992 2312.3564 -3164.0442 -3148.3337 -3132.9253 -3117.7185 -3102.6123 -3087.808 -3073.3062 -3058.7036 -3044.403 -3030.1025 -3015.9026 -3001.8035 -2987.9058 -2974.109 -2960.4126 -2946.817 -2933.322 -2920.0286 -2906.836 -2428.473 -966.29333 457.31506 1771.9574 2935.437 3299.8992 3299.8992 3299.8992 3299.8992 3299.8992 3299.8992 3299.8992 3299.8992 3299.8992 3299.8992 3299.8992 3299.8992 3299.8992 3299.8992 3299.8992 1921.4081 -3162.2314 -3146.521 -3131.314 -3116.0063 -3101.5044 -3086.3982 -3071.5942 -3057.0923 -3042.691 -3028.3904 -3014.2913 -3000.3936 -2986.2944 -2972.4976 -2958.9019 -2945.3064 -2931.8115 -2918.4172 -2905.2246 -2108.2214 -845.84656 516.12854 1791.8976 2913.8855 3299.8992 3299.8992 3299.8992 3299.8992 3299.8992 3299.8992 3299.8992 3299.8992 3299.8992 3299.8992 3299.8992 3299.8992 3299.8992 3299.8992 3299.8992 1841.1438 -3163.037 -3147.3267 -3131.9182 -3116.7114 -3102.2095 -3087.0024 -3072.299 -3057.898 -3043.2952 -3029.0955 -3014.9963 -3000.8972 -2986.9995 -2973.1018 -2959.506 -2945.9106 -2932.5164 -2919.0215 -2905.8289 -2116.8823 -676.2543 783.4076 2096.64 3242.395 3299.8992 3299.8992 3299.8992 3299.8992 3299.8992 3299.8992 3299.8992 3299.8992 3299.8992 3299.8992 3299.8992 3299.8992 3299.8992 3299.8992 3299.8992 1194.7998 -3164.2456 -3148.6357 
-2421.524 -3131.7168 3097.476 3114.5964 3131.2134 3147.7295 3163.9434 3180.258 3196.3713 3212.384 3228.195 3244.3083 3260.0188 3275.6287 3291.339 3299.8992 -3277.9448 -942.52625 3299.8992 3299.8992 3292.044 3276.9377 3261.5295 3246.222 3230.9143 3215.7073 3200.299 3184.9915 3169.4824 3153.4697 3138.565 3123.6602 3108.8562 3093.9514 3078.6438 2971.4905 1896.3318 423.57788 -678.26843 -1611.026 -2466.0369 -3221.4478 3097.7783 3114.9993 3131.6162 3148.1323 3164.2456 3180.7617 3196.7742 3212.686 3228.6987 3244.5098 3260.4216 3276.0315 3291.5405 3299.8992 -3277.4414 -740.6067 3299.8992 3299.8992 3291.4397 3276.132 3260.8245 3245.7183 3230.31 3215.103 3199.6948 3184.2864 3168.8782 3152.8655 3137.86 3122.9553 3108.1511 3093.3472 3078.4424 3012.4785 1947.8943 442.91382 -780.6885 -1702.066 -2563.0188 -3210.4705 3098.886 3115.402 3131.9182 3148.3337 3164.6484 3180.9631 3197.0764 3213.0889 3229.0007 3244.812 3260.623 3276.3335 3291.8425 3299.8992 -3277.24 -149.7528 3299.8992 3299.8992 3288.5193 3273.2117 3258.1055 3242.7979 3227.4902 3212.2832 3196.875 3181.4666 3166.0583 3150.0457 3135.2417 3120.236 3105.4321 3090.7288 3075.824 2928.488 1762.3901 248.64807 -905.8685 -1856.1493 -2650.7354 3288.7207 3100.3967 3117.0134 3133.429 3149.8442 3166.2598 3182.4736 3198.4863 3214.5996 3230.5115 3246.3225 3262.1338 3277.7434 3293.3533 -3291.2383 -3275.83 38.772583 3299.8992 3299.8992 3289.0227 3273.6145 3257.904 3243.0999 3227.893 3212.7869 3197.3784 3182.0708 3166.5618 3150.4485 3135.6445 3120.7397 3105.835 3091.0308 3075.4211 2918.1152 1694.4122 229.31213 -866.89453 -1801.9684 -2643.6858 3189.624 3100.4973 3117.517 3134.1338 3150.4485 3166.9646 3183.1787 3199.292 3215.2039 3231.1157 3246.9268 3262.8386 3278.549 3294.058 -3290.4326 -3275.125 392.05627 3299.8992 3299.8992 3287.8142 3272.5066 3256.4941 3241.7908 3226.5837 3211.4775 3195.868 3180.4595 3165.1519 3149.0386 3134.2346 3119.3298 3104.425 3089.7217 3073.0042 2859.4023 1606.5948 162.03918 -967.1997 -1959.375 -2810.6597 3194.458 3102.31 3119.3298 3135.846 3152.2612 3168.7773 3184.8906 3201.004 3216.8152 3232.6262 3248.7395 3264.3494 3280.1604 3295.6694 -3288.922 -3273.413 790.7593 3299.8992 3299.8992 
-93.55774 127.194214 402.3285 1337.8052 2523.1384 3299.8992 3299.8992 3299.8992 3299.8992 3299.8992 3299.8992 3299.8992 3299.8992 3299.8992 3299.8992 3299.8992 3299.8992 1762.2894 -265.2649 -1668.631 -2893.0388 -3112.1794 -3097.476 -3082.8735 -3068.3716 -3053.9702 -3039.871 -3025.772 -3011.7737 -2997.876 -2983.9783 -2761.2122 -2266.7358 -1992.5079 -1723.2147 -1446.0663 -1156.0272 -757.3242 -318.1366 -21.954346 49.145508 171.70715 442.30957 1436.2976 2608.8408 3299.8992 3299.8992 3299.8992 3299.8992 3299.8992 3299.8992 3299.8992 3299.8992 3299.8992 3299.8992 3299.8992 3299.8992 2663.626 716.23535 -797.80884 -1987.4725 -2596.7559 -2673.6968 -2814.5874 -2854.7698 -2877.127 -2782.8643 -2702.0964 -2661.0076 -2591.9219 -2395.0378 -2072.0671 -1866.1194 -1822.3114 -2019.4977 -1980.7251 -1752.7222 -1463.0859 -1205.9784 -980.7953 -870.1172 -818.5547 -638.4888 285.4065 1259.555 1997.4426 3196.5728 3299.8992 3299.8992 3299.8992 3299.8992 3299.8992 3299.8992 3299.8992 3299.8992 3299.8992 2534.9211 132.43103 -1788.5742 -3048.3306 -3077.9387 -3063.4368 -3049.1362 -3034.735 -3020.636 -3006.7383 -2992.7397 -2978.9429 -2965.2466 -2951.7517 -2934.5305 -2635.4277 -2192.3125 -1801.062 -1405.1788 -1127.5269 -773.03467 -317.23022 14.703369 274.73145 561.34644 759.6405 1168.9178 2255.3557 3299.8992 3299.8992 3299.8992 3299.8992 3299.8992 3299.8992 3299.8992 3299.8992 3299.8992 3299.8992 3299.8992 3299.8992 3299.8992 1601.5594 -233.13904 -1609.6161 -2750.2349 -3102.5115 -3087.808 -3073.2056 -3058.8042 -3044.6045 -3030.304 -3016.2048 -3002.4077 -2988.7114 -2873.1995 -2574.0967 -2162.4023 -1729.3579 -1446.3684 -1127.5269 -648.6603 -231.62842 -169.18945 -46.627808 -13.394165 139.88342 526.9043 1632.2754 2505.8167 3299.8992 3299.8992 3299.8992 3299.8992 3299.8992 3299.8992 3299.8992 3299.8992 3299.8992 3299.8992 3299.8992 3169.8853 1122.29 -629.1229 -1943.161 -3112.8845 -3113.388 -3098.584 -3084.082 -3069.58 -3055.2795 -3041.0796 -3026.9805 -3012.9822 -2999.0845 -2850.3386 -2612.97 -2386.7798 -2161.5967 -1905.6976 -1627.6428 -1343.042 -928.52783 -681.5918 -451.27258 -301.31836 -140.18555 261.7401 1401.5533 2361.4014 3222.7568 3299.8992 3299.8992 3299.8992 3299.8992 3299.8992 3299.8992 3299.8992 3299.8992 3299.8992 3299.8992 3165.6555 1123.2971 -494.97986 -1843.0573 

25.78125 49.44763 44.613647 -27.79541 -94.56482 -138.3728 -146.42944 -134.44519 -112.39014 -77.142334 -51.864624 -51.260376 -21.350098 -22.558594 -6.8481445 -3.3233643 1.0070801 4.6325684 11.480713 18.630981 18.630981 18.630981 18.630981 18.630981 18.630981 18.630981 18.630981 18.630981 18.630981 18.630981 18.630981 18.630981 18.630981 18.630981 18.630981 18.630981 18.630981 18.630981 18.630981 18.630981 -9.164429 -7.1502686 -8.660889 -7.3516846 5.9417725 2.4169922 1.9134521 2.9205322 6.0424805 0.9063721 5.5389404 0.50354004 4.5318604 0.70495605 9.265137 10.675049 10.977173 12.991333 13.092041 17.019653 11.178589 15.106201 18.127441 35.85205 13.595581 14.602661 16.314697 19.638062 19.436646 6.8481445 -4.6325684 -5.6396484 -10.372925 -4.0283203 -9.164429 -9.164429 -16.21399 -9.466553 -1.1077881 -9.063721 -19.940186 -25.479126 -30.917358 -31.924438 -11.883545 -10.473633 -5.7403564 -2.4169922 12.387085 10.876465 11.077881 6.3446045 1.1077881 -1.2084961 12.286377 25.177002 38.269043 39.47754 12.890625 -3.3233643 -18.933105 -28.80249 -26.184082 -69.992065 -15.005493 19.23523 33.33435 12.487793 -0.9063721 -13.394165 -1.3092041 4.9346924 36.053467 69.08569 107.25403 90.33508 53.778076 25.076294 18.328857 13.293457 12.689209 -4.2297363 -32.730103 -40.686035 -2.7191162 41.793823 63.24463 38.974 6.3446045 -17.926025 -40.686035 -37.46338 -20.846558 5.5389404 23.968506 15.509033 3.0212402 12.991333 29.608154 15.106201 -5.9417725 -13.192749 9.365845 5.9417725 -20.141602 -39.276123 -20.947266 7.3516846 42.700195 53.979492 27.392578 3.1219482 8.761597 22.055054 33.233643 -33.83789 -93.85986 -93.45703 -67.67578 -24.572754 -10.372925 -15.710449 -33.83789 -20.141602 -0.50354004 -11.984253 -0.30212402 3.2226562 27.896118 37.46338 23.968506 12.084961 11.480713 27.593994 37.46338 22.055054 -2.2155762 -24.77417 -59.820557 -82.9834 -123.2666 -146.12732 -123.065186 -88.11951 -81.47278 -90.737915 -76.135254 -66.87012 -40.48462 -16.314697 10.272217 8.963013 14.099121 30.111694 25.982666 12.789917 1.1077881 13.192749 48.54126 71.20056 
-80.26428 -75.83313 -55.18799 -20.947266 12.890625 21.551514 14.401245 -20.443726 -49.0448 -61.331177 -66.467285 -64.35242 -45.721436 -48.54126 -72.81189 -47.03064 -36.053467 -30.010986 -34.140015 -29.205322 -33.43506 -31.723022 -23.76709 -28.500366 -23.364258 -18.630981 -5.0354004 -18.832397 -8.258057 -16.113281 -3.7261963 -7.5531006 -9.567261 -7.3516846 -7.2509766 -3.9276123 -10.372925 -3.9276123 1.5106201 7.3516846 9.063721 9.466553 11.581421 10.272217 21.954346 30.81665 34.744263 38.87329 31.420898 36.35559 30.715942 34.643555 35.247803 28.097534 17.120361 23.364258 30.413818 28.701782 22.055054 22.76001 19.839478 13.293457 17.926025 16.918945 5.7403564 -0.30212402 8.056641 1.4099121 8.761597 -3.0212402 0.60424805 -1.2084961 -1.9134521 -8.660889 -15.206909 -0.40283203 -0.50354004 4.6325684 12.588501 19.940186 34.240723 36.758423 34.643555 18.73169 28.701782 32.93152 44.613647 62.64038 76.84021 83.38623 108.1604 135.04944 144.31458 153.88184 165.36255 195.97778 203.43018 229.01001 240.49072 219.44275 198.59619 195.47424 178.45459 90.13367 56.497192 -13.998413 -50.354004 -99.90234 -124.575806 -140.8905 -154.6875 -161.63635 -157.10449 -173.41919 -199.50256 -230.1178 -244.0155 -200.81177 -170.70007 -159.7229 -151.06201 -140.99121 -144.81812 -145.22095 -150.35706 -137.96997 -108.36182 -90.43579 -61.331177 -37.765503 -25.982666 -44.613647 -51.5625 -51.159668 -43.103027 -21.148682 -14.401245 -10.272217 -2.8198242 -4.4311523 -2.5177002 1.4099121 17.72461 18.328857 15.408325 -3.7261963 6.4453125 -2.4169922 3.2226562 -7.6538086 -1.2084961 -15.005493 -16.516113 -13.595581 13.092041 -11.380005 -16.415405 -12.991333 0.30212402 12.588501 16.918945 14.804077 8.963013 24.874878 38.974 36.95984 45.41931 49.95117 54.483032 57.70569 70.69702 65.66162 58.914185 55.18799 68.38074 94.766235 97.58606 99.3988 98.39172 112.59155 122.96448 135.65369 137.26501 140.38696 122.66235 128.50342 130.51758 134.94873 143.71033 117.32483 85.29968 45.822144 5.6396484 -27.392578 -74.020386 -89.93225 -65.25879 -24.673462 9.063721 28.903198 
-3254.5806 -3237.9639 -3221.8506 -3206.2407 -3190.5303 -3174.8198 -3159.3108 -3144.0032 -3128.897 -3113.9922 -3099.0874 -3084.4849 -3069.882 -3055.3801 -3041.0796 -3026.88 -3012.9822 -1642.2455 1054.1107 3299.8992 3299.8992 3299.8992 3299.8992 3299.8992 3299.8992 3299.8992 3299.8992 3299.8992 3299.8992 3299.8992 3299.8992 3299.8992 3299.8992 3299.8992 3299.8992 3299.8992 3299.8992 -3113.4888 -3286.1023 -3269.3848 -3252.9692 -3237.1582 -3221.1455 -3204.8308 -3189.2212 -3173.6113 -3158.4045 -3143.1975 -3128.0913 -3113.086 -3098.2817 -3083.5784 -3068.9758 -3054.5745 -3040.274 -3026.0742 -3012.1765 -1321.7926 1498.5352 3299.8992 3299.8992 3299.8992 3299.8992 3299.8992 3299.8992 3299.8992 3299.8992 3299.8992 3299.8992 3299.8992 3299.8992 3299.8992 3299.8992 3299.8992 3299.8992 3299.8992 3299.8992 3295.5688 -3287.3108 -3270.6938 -3254.2786 -3237.561 -3222.052 -3205.7373 -3190.0269 -3174.6184 -3159.2102 -3144.104 -3128.897 -3113.9922 -3099.1882 -3084.4849 -3069.882 -3055.481 -3041.0796 -3026.88 -3012.9822 -1201.9501 1460.8704 3299.8992 3299.8992 3299.8992 3299.8992 3299.8992 3299.8992 3299.8992 3299.8992 3299.8992 3299.8992 3299.8992 3299.8992 3299.8992 3299.8992 3299.8992 3299.8992 3299.8992 3299.3958 3296.6765 -3286.3037 -3269.5862 -3253.2715 -3237.3596 -3220.944 -3205.3345 -3189.7246 -3174.0142 -3158.5051 -3143.1975 -3128.0913 -3113.1865 -3098.3826 -3083.6792 -3069.0764 -3054.5745 -3040.274 -3026.1748 -3012.0757 -1184.5276 1607.0984 3299.8992 3299.8992 3299.8992 3299.8992 3299.8992 3299.8992 3299.8992 3299.8992 3299.8992 3299.8992 3299.8992 3299.8992 3299.8992 3299.8992 3299.8992 3299.8992 3299.8992 3298.4893 3298.4893 -3284.491 -3267.7734 -3251.358 -3234.8418 -3219.2322 -3202.9175 -3187.3076 -3171.8994 -3156.6924 -3141.3848 -3126.2786 -3111.4746 -3096.6704 -3081.967 -3067.3645 -3052.9631 -3038.6626 -3024.463 -3010.5652 -1066.3971 1667.8253 3299.8992 3299.8992 3299.8992 3299.8992 3299.8992 3299.8992 3299.8992 3299.8992 3299.8992 3299.8992 3299.8992 3299.8992 3299.8992 3299.8992 3299.8992 3299.8992 3299.8992 3298.993 3299.8992 -3282.1746 -3265.5579 
3298.1873 -3286.7065 -3271.1975 -3256.192 -3241.287 -3226.3823 -3211.8804 -3197.2778 -3182.9773 -3168.6768 -3154.4768 -3140.3777 -3126.48 -3112.5823 -3098.9868 -3085.391 -3066.9617 -1076.6693 1228.6377 3299.8992 3299.8992 3299.8992 3299.8992 3299.8992 3299.8992 3299.8992 3299.8992 3299.8992 3299.8992 3299.8992 3299.8992 3299.8992 3299.8992 3299.8992 3294.461 3279.3547 3263.745 -2943.997 3274.2188 3289.9292 3299.8992 -3279.4556 -3263.9465 -3249.0417 -3234.2375 -3219.2322 -3204.8308 -3190.3289 -3175.9277 -3161.8286 -3147.6287 -3133.6304 -3119.7327 -3105.9355 -3092.2393 -3078.7444 -2898.7793 -736.0748 1463.0859 3299.8992 3299.8992 3299.8992 3299.8992 3299.8992 3299.8992 3299.8992 3299.8992 3299.8992 3299.8992 3299.8992 3299.8992 3299.8992 3299.8992 3299.8992 3297.4822 3282.2754 3266.6655 3263.2415 3279.4556 3294.9646 -3289.4255 -3274.4202 -3259.0117 -3244.107 -3229.2021 -3214.3982 -3200.0977 -3185.4949 -3171.1943 -3156.9946 -3142.8955 -3128.897 -3114.9993 -3101.303 -3087.7075 -3074.2126 -2565.335 -94.86694 1997.3419 3299.8992 3299.8992 3299.8992 3299.8992 3299.8992 3299.8992 3299.8992 3299.8992 3299.8992 3299.8992 3299.8992 3299.8992 3299.8992 3299.8992 3299.8992 3294.9646 3279.959 3264.2485 3262.3352 3278.3477 3294.058 3299.8992 -3275.4272 -3260.0188 -3245.114 -3230.31 -3215.4053 -3200.9033 -3186.502 -3172.2014 -3157.901 -3143.9026 -3129.904 -3116.0063 -3102.2095 -3088.6138 -3075.119 -2552.7466 -62.23755 2305.307 3299.8992 3299.8992 3299.8992 3299.8992 3299.8992 3299.8992 3299.8992 3299.8992 3299.8992 3299.8992 3299.8992 3299.8992 3299.8992 3299.8992 3299.8992 3292.3462 3277.3406 3261.3281 3262.033 3277.9448 3293.6553 3299.8992 -3275.83 -3260.4216 -3245.5168 -3230.612 -3216.211 -3201.4067 -3187.0056 -3172.6042 -3158.4045 -3144.2046 -3130.307 -3116.4092 -3102.713 -3089.0166 -3075.5217 -2427.6672 -36.95984 2176.0986 3299.8992 3299.8992 3299.8992 3299.8992 3299.8992 3299.8992 3299.8992 3299.8992 3299.8992 3299.8992 3299.8992 3299.8992 3299.8992 3299.8992 3299.8992 3291.8425 3276.8372 3251.056 3263.9465 3279.959 3295.5688 
3299.8992 3299.8992 3299.8992 3289.7278 3274.5208 3259.7168 3245.3154 3229.7058 3215.0024 3200.3997 3185.8977 3171.2952 3156.8938 3142.4927 3128.0913 3080.658 1533.6823 -421.1609 -1903.5828 -3137.9607 3137.6587 3153.4697 3169.1802 3184.8906 3199.8962 3215.103 3230.8135 3245.819 3260.5225 3275.4272 3290.332 3299.8992 -3280.2612 -3265.6584 -3251.1565 -3236.856 -3222.5554 2068.643 3299.8992 3299.8992 3299.8992 3299.8992 3299.8992 3292.1448 3277.24 3262.4358 3247.9338 3232.3242 3217.4194 3202.9175 3188.4155 3173.8127 3159.3108 3145.0103 3130.7097 3098.4832 1666.5161 -360.9375 -1915.7684 -3035.3394 3138.9678 3154.6782 3170.59 3186.3005 3201.2053 3216.4124 3232.1228 3247.0276 3262.033 3276.7363 3291.742 3299.8992 -3278.952 -3264.3494 -3249.948 -3235.5469 -2669.0642 3299.8992 3299.8992 3299.8992 3299.8992 3299.8992 3299.8992 3288.5193 3273.816 3259.0117 3244.5098 3228.7993 3214.2974 3199.6948 3185.1929 3170.4895 3156.0881 3141.5862 3062.4297 2568.759 780.0842 -1291.3788 -2894.1467 -3241.8914 -3285.2966 3265.2556 3182.2722 3197.4792 3213.1897 3228.3965 3243.0999 3258.4075 3273.413 3288.3179 3299.8992 -3282.2754 -3267.6726 -3253.2715 -3238.6687 -3224.2676 -3013.8884 2317.5933 3299.8992 3299.8992 3299.8992 3299.8992 3299.8992 3299.8992 3288.3179 3273.413 3258.9111 3243.2007 3228.3965 3213.5925 3199.1912 3184.3872 3169.8853 3155.3833 3140.982 3117.517 1732.077 -118.83545 -1677.1912 -2877.127 3145.6145 3161.4258 3177.2368 3192.5444 3208.3557 3223.5625 3238.3667 3253.775 3268.881 3283.8867 3298.6907 -3286.6057 -3272.0032 -3257.5012 -3242.9993 -3228.6987 -3019.8303 3299.8992 3299.8992 3299.8992 3299.8992 3299.8992 3299.8992 3293.6553 3279.0527 3264.2485 3249.0417 3233.7341 3219.3328 3204.6294 3190.1274 3175.525 3161.023 3146.823 3132.321 2907.5408 1212.1216 -614.0167 -2004.2908 -3274.5208 3145.7153 3161.5264 3176.9348 3192.5444 3207.55 3222.7568 3238.4673 3253.473 3268.0754 3282.9802 3297.885 -3287.4114 -3272.8088 -3258.307 -3243.9055 -3229.605 -2849.533 3299.8992 3299.8992 3299.8992 
-3133.2275 -3118.1213 -3102.9143 -3088.211 -3073.709 -3059.1064 -3044.806 -3030.5054 -3016.3054 -3002.2063 -2988.3086 -2974.5117 -2960.8154 -2947.3206 -2933.8257 -2920.4314 -2907.0374 -1985.1562 -513.3087 863.16833 2178.5156 3231.8206 3299.8992 3299.8992 3299.8992 3299.8992 3299.8992 3299.8992 3299.8992 3299.8992 3299.8992 3299.8992 3299.8992 3299.8992 3299.8992 3299.8992 3299.8992 928.82996 -3166.3604 -3150.7507 -3135.3423 -3120.236 -3105.0293 -3090.5273 -3075.7231 -3061.2212 -3046.82 -3032.5195 -3018.4204 -3004.2205 -2990.4236 -2976.526 -2962.8296 -2949.234 -2935.739 -2922.345 -2909.0515 -1985.3577 -633.05054 627.5116 1785.0494 2921.8413 3299.8992 3299.8992 3299.8992 3299.8992 3299.8992 3299.8992 3299.8992 3299.8992 3299.8992 3299.8992 3299.8992 3299.8992 3299.8992 3299.8992 3299.8992 783.8104 -3163.1377 -3147.4272 -3132.1196 -3116.9128 -3102.31 -3087.3047 -3072.6013 -3057.9985 -3043.698 -3029.2969 -3015.1978 -3001.0986 -2987.201 -2973.5046 -2959.8083 -2946.2126 -2932.7178 -2919.4243 -2905.426 -1835.8063 -500.11597 921.17615 2229.9773 3237.1582 3299.8992 3299.8992 3299.8992 3299.8992 3299.8992 3299.8992 3299.8992 3299.8992 3299.8992 3299.8992 3299.8992 3299.8992 3299.8992 3299.8992 3299.8992 186.91406 -3163.1377 -3147.528 -3132.1196 -3116.9128 -3102.411 -3087.3047 -3072.6013 -3058.0994 -3043.698 -3029.4983 -3015.2983 -3001.3 -2987.4023 -2973.5046 -2959.909 -2946.3135 -2932.9192 -2919.5251 -2906.0303 -1949.6063 -634.8633 674.94507 1957.3608 3033.1238 3299.8992 3299.8992 3299.8992 3299.8992 3299.8992 3299.8992 3299.8992 3299.8992 3299.8992 3299.8992 3299.8992 3299.8992 3299.8992 3299.8992 3299.8992 -368.4906 -3156.491 -3140.7805 -3125.5737 -3110.568 -3095.3613 -3080.7585 -3066.2566 -3051.7546 -3037.454 -3023.2544 -3009.0544 -2995.0562 -2981.259 -2967.4622 -2953.8665 -2940.271 -2926.8767 -2913.4827 -2865.4448 -1646.1731 -150.9613 1235.083 2549.121 3299.8992 3299.8992 3299.8992 3299.8992 3299.8992 3299.8992 3299.8992 3299.8992 3299.8992 3299.8992 3299.8992 3299.8992 3299.8992 3299.8992 3299.8992 3299.8992 -486.21826 -3160.4187 -3144.9097 
3287.3108 3272.0032 3256.192 3241.388 3226.2817 3210.8733 3195.6665 3180.1575 3164.749 3148.6357 3133.8318 3118.927 3104.1228 3089.3188 3072.8027 2907.843 1590.5823 67.474365 -1063.0737 -2017.1814 -2800.3875 3095.059 3103.2166 3120.0347 3136.7522 3153.2683 3169.583 3185.6963 3201.8096 3217.6208 3233.7341 3249.5452 3265.3564 3280.8655 3296.475 -3212.384 -2608.136 1979.0131 3299.8992 3298.1873 3283.081 3267.9749 3252.5664 3237.4602 3222.2534 3207.0464 3191.5374 3176.2297 3160.922 3144.8088 3130.1055 3115.1 3100.0945 3084.082 2798.877 2183.853 675.3479 -958.5388 -2290.1 -3119.1284 -3180.661 -3214.3982 3229.605 3145.2117 3161.5264 3177.841 3193.9543 3210.0676 3225.879 3241.8914 3257.7026 3273.5137 3289.1235 3299.8992 -3280.0598 -3264.7522 -3090.326 411.1908 3299.8992 3299.8992 3299.8992 3297.6836 3282.5774 3267.2698 3251.7607 3236.2517 3220.8435 3205.133 3189.624 3173.6113 3158.4045 3143.2983 3128.3936 3113.5894 3098.2817 2996.2646 1888.5773 626.90735 -330.6244 -1198.2239 -2024.8352 -2690.3137 3108.4534 3124.9695 3141.5862 3158.0017 3174.3164 3190.631 3206.6436 3222.6562 3238.568 3254.48 3270.0896 3285.8 3299.8992 -3283.081 -2984.4817 2298.056 3299.8992 3299.8992 3285.1958 3269.8882 3254.6814 3239.4744 3224.2676 3208.8591 3193.451 3178.0425 3162.7349 3146.7224 3131.9182 3116.9128 3102.2095 3087.4053 3069.983 2743.3867 1306.485 -41.793823 -994.8944 -1820.0958 -2644.29 -3225.6775 3101.303 3117.92 3134.3352 3150.7507 3167.0654 3183.3801 3199.3926 3215.3044 3231.3171 3247.229 3262.9395 3278.7505 3294.2595 -3290.2312 -2894.6501 2338.742 3299.8992 3292.8496 3277.6428 3262.3352 3247.229 3231.9214 3216.7144 3201.4067 3186.099 3170.59 3155.182 3139.3706 3124.5667 3109.7625 3094.9585 3080.1543 3061.7249 2359.3872 963.2721 -350.66528 -1358.3496 -2218.0938 -2981.4604 3088.3118 3104.9285 3121.7468 3138.4644 3154.8796 3171.0938 3187.207 3203.3203 3219.2322 3235.2446 3250.955 3266.867 3282.4768 3297.885 -3286.4043 -2753.7598 2570.7732 3299.8992 3295.0652 
-3114.8987 -3101.9072 -3087.4053 -3072.9033 -3058.5022 -3044.2017 -3030.1025 -3016.0034 -3002.1057 -2988.208 -2974.411 -2815.4937 -2505.5144 -2049.5085 -1637.8143 -1261.4685 -991.0675 -638.5895 -363.95874 -249.35303 -60.928345 53.778076 462.6526 1666.8182 2595.4468 3299.8992 3299.8992 3299.8992 3299.8992 3299.8992 3299.8992 3299.8992 3299.8992 3299.8992 3299.8992 3299.8992 3162.1306 1014.8346 -706.5674 -1950.3113 -3116.7114 -3101.9072 -3087.2039 -3072.6013 -3058.2 -3043.8994 -3029.8003 -3015.802 -3001.9043 -2988.0066 -2974.2095 -2719.9219 -2322.528 -1935.2051 -1588.4674 -1232.7667 -975.45776 -589.34326 -284.198 -46.5271 156.19812 376.44653 765.683 1881.2256 2678.0273 3299.8992 3299.8992 3299.8992 3299.8992 3299.8992 3299.8992 3299.8992 3299.8992 3299.8992 3299.8992 3299.8992 2865.8477 725.5005 -908.1848 -2108.8257 -3120.639 -3105.7341 -3091.0308 -3076.5288 -3062.1277 -3047.8271 -3033.728 -3019.7295 -3005.7312 -2991.934 -2960.0098 -2626.6663 -2309.1338 -2122.7234 -1852.4231 -1601.6602 -1288.9618 -1026.2146 -728.2196 -416.2262 -101.312256 131.82678 616.93726 1890.7928 2397.4548 3299.8992 3299.8992 3299.8992 3299.8992 3299.8992 3299.8992 3299.8992 3299.8992 3299.8992 3299.8992 3299.8992 3013.1836 934.0668 -683.50525 -2029.5685 -3113.2874 -3098.2817 -3083.6792 -3069.1772 -3054.776 -3040.4753 -3026.477 -3012.277 -2998.4802 -2984.784 -2577.5208 -2304.1992 -2033.194 -1598.5382 -1383.9294 -1196.4111 -730.03235 -546.34094 -403.33557 -282.58667 -179.46167 96.47827 674.54224 1857.0557 2660.202 3299.8992 3299.8992 3299.8992 3299.8992 3299.8992 3299.8992 3299.8992 3299.8992 3299.8992 3299.8992 3299.8992 2774.6062 593.573 -1055.9235 -2344.281 -3118.7256 -3103.72 -3089.1174 -3074.6155 -3060.315 -3046.0144 -3031.8145 -3017.7153 -3004.019 -2990.1213 -2948.2268 -2602.3955 -2165.8264 -1883.844 -1583.7341 -1285.6384 -903.1494 -577.0569 -346.23413 -81.47278 117.022705 372.01538 988.95264 2225.1433 3253.473 3299.8992 3299.8992 3299.8992 3299.8992 3299.8992 3299.8992 3299.8992 3299.8992 3299.8992 3299.8992 3299.8992 2556.372 353.3844 -1207.489 -2465.634 

84.39331 42.90161 -17.523193 -46.325684 -39.175415 -17.926025 -7.2509766 -5.4382324 -0.10070801 0.9063721 -3.3233643 5.5389404 10.775757 5.8410645 49.54834 44.0094 33.233643 32.629395 41.89453 41.89453 37.161255 29.708862 49.0448 39.175415 13.998413 -30.81665 -19.335938 -14.099121 -1.3092041 13.092041 6.4453125 4.8339844 17.623901 28.701782 53.475952 55.69153 75.22888 99.60022 122.15881 128.2013 114.80713 65.15808 10.574341 1.9134521 -22.357178 -65.76233 -88.0188 -119.23828 -144.41528 -136.66077 -111.28235 -80.667114 -52.468872 -26.385498 -31.521606 -8.157349 5.1361084 11.581421 16.21399 -2.1148682 0.10070801 -9.265137 -15.811157 -11.380005 7.8552246 24.27063 30.615234 25.27771 36.95984 33.636475 35.95276 30.81665 13.696289 -16.918945 -62.74109 -74.2218 -76.638794 -45.52002 -13.394165 1.2084961 12.890625 30.615234 34.34143 49.145508 56.295776 60.928345 36.4563 29.205322 36.4563 23.162842 -18.429565 -34.94568 -26.28479 -4.9346924 -30.413818 -70.89844 -84.09119 -70.29419 -39.276123 -16.012573 -15.408325 -7.1502686 17.523193 25.881958 39.779663 51.864624 65.66162 71.09985 79.055786 63.64746 49.346924 22.659302 -11.984253 -32.32727 -63.24463 -76.538086 -88.0188 -81.7749 -55.08728 -40.686035 -29.205322 -7.8552246 23.565674 48.03772 51.260376 67.37366 43.50586 21.148682 -34.039307 -64.151 -43.203735 -21.24939 -16.918945 -19.940186 -6.9488525 10.372925 30.413818 47.53418 37.96692 17.120361 -5.5389404 -12.084961 -17.019653 -28.500366 -35.751343 -26.586914 -9.466553 11.380005 18.328857 27.79541 23.162842 28.097534 29.205322 31.924438 34.44214 13.394165 -15.106201 -14.602661 -21.853638 -16.818237 -3.0212402 5.5389404 2.1148682 -0.30212402 -19.23523 -55.993652 -58.309937 -42.90161 -36.254883 -43.304443 -40.98816 -24.371338 -5.9417725 19.335938 48.138428 52.56958 51.461792 24.77417 -10.070801 -20.74585 -14.199829 -4.9346924 2.8198242 -13.092041 -2.8198242 1.6113281 3.4240723 16.616821 8.862305 -7.1502686 -4.6325684 10.775757 20.343018 25.479126 25.579834 37.765503 32.83081 24.169922 4.8339844 -15.710449 
36.4563 27.896118 18.22815 13.595581 4.8339844 -17.120361 -49.54834 -78.95508 -118.2312 -157.00378 -175.33264 -197.18628 -201.91956 -193.7622 -165.16113 -186.00769 -213.50098 -159.01794 -118.029785 -85.702515 -77.44446 -71.20056 -42.196655 -42.599487 -38.671875 -55.892944 -31.82373 -45.620728 -31.924438 -27.694702 -17.825317 -24.975586 -22.659302 -28.29895 -5.7403564 -15.307617 5.0354004 36.35559 56.5979 75.4303 83.28552 83.08411 73.71826 60.22339 33.43506 30.31311 38.772583 46.224976 40.38391 26.184082 35.046387 38.067627 32.125854 24.472046 23.565674 19.940186 -14.602661 -23.162842 -34.94568 -20.947266 -11.178589 -6.0424805 -2.7191162 -11.682129 -15.710449 -25.27771 -4.2297363 -16.012573 25.479126 32.730103 50.05188 58.10852 52.871704 27.493286 16.818237 2.3162842 -12.689209 -12.890625 -13.595581 -22.961426 -20.74585 -10.675049 -9.869385 -3.5247803 1.0070801 11.682129 9.667969 10.876465 6.8481445 6.1431885 11.682129 16.012573 10.775757 1.4099121 2.0141602 -3.1219482 -3.1219482 -0.80566406 -2.8198242 13.092041 8.258057 7.1502686 15.911865 11.782837 8.660889 6.3446045 -10.775757 -29.406738 -18.22815 -19.839478 -10.775757 -14.804077 -13.092041 -12.588501 0.30212402 0.30212402 2.0141602 28.097534 58.410645 75.531006 89.12659 99.298096 119.4397 143.20679 157.00378 172.51282 164.6576 135.95581 98.39172 66.970825 66.87012 46.829224 18.429565 -17.22107 -9.063721 0.60424805 -22.860718 -27.29187 -27.493286 -31.219482 -77.24304 -90.93933 -108.966064 -128.50342 -145.12024 -153.68042 -146.83228 -130.01404 -123.46802 -129.20837 -96.37756 -87.91809 -68.481445 -53.17383 -29.30603 -18.22815 -6.5460205 11.178589 20.443726 19.033813 13.092041 1.8127441 -4.8339844 10.372925 24.27063 36.85913 41.89453 59.21631 68.68286 106.951904 125.079346 144.6167 170.80078 176.54114 181.87866 158.5144 157.50732 141.19263 118.93616 95.06836 70.89844 50.152588 20.846558 -8.056641 -39.98108 -64.05029 -116.21704 -159.32007 -209.37195 -223.7732 -213.7024 -208.56628 -197.68982 -194.56787 -149.04785 -112.08801 -67.27295 -20.846558 7.6538086 3.5247803 
-3249.1423 -3232.727 -3216.6138 -3201.1047 -3185.3943 -3169.7844 -3154.2754 -3138.9678 -3123.8616 -3109.0576 -3094.2534 -3079.55 -3064.9475 -3050.5461 -3036.3464 -3022.2473 -3005.8318 -942.0227 1904.7913 3299.8992 3299.8992 3299.8992 3299.8992 3299.8992 3299.8992 3299.8992 3299.8992 3299.8992 3299.8992 3299.8992 3299.8992 3299.8992 3299.8992 3299.8992 3299.8992 3299.8992 3294.9646 3299.8992 -3279.7576 -3263.2415 -3246.8262 -3231.015 -3214.7002 -3199.292 -3183.5815 -3167.871 -3152.4626 -3137.155 -3122.2502 -3107.2449 -3092.5415 -3077.8381 -3063.2354 -3048.8342 -3034.6343 -3020.5352 -2961.7217 -784.8175 2008.4198 3299.8992 3299.8992 3299.8992 3299.8992 3299.8992 3299.8992 3299.8992 3299.8992 3299.8992 3299.8992 3299.8992 3299.8992 3299.8992 3299.8992 3299.8992 3299.8992 3299.8992 3191.5374 3299.8992 -3277.542 -3261.1267 -3244.7112 -3228.296 -3212.686 -3196.4722 -3180.8623 -3165.5547 -3150.348 -3135.1409 -3120.1355 -3105.2307 -3090.4265 -3075.824 -3061.322 -3047.0215 -3032.721 -3018.6218 -2879.544 -458.72498 2346.4966 3299.8992 3299.8992 3299.8992 3299.8992 3299.8992 3299.8992 3299.8992 3299.8992 3299.8992 3299.8992 3299.8992 3299.8992 3299.8992 3299.8992 3299.8992 3299.8992 3299.8992 2919.0215 -3293.1519 -3276.3335 -3259.7168 -3243.6035 -3227.7922 -3211.377 -3195.9685 -3180.1575 -3164.5476 -3149.24 -3134.1338 -3119.0276 -3104.0222 -3089.3188 -3074.716 -3060.214 -3045.813 -3031.5125 -3017.514 -2608.136 -327.0996 2404.303 3299.8992 3299.8992 3299.8992 3299.8992 3299.8992 3299.8992 3299.8992 3299.8992 3299.8992 3299.8992 3299.8992 3299.8992 3299.8992 3299.8992 3299.8992 3299.8992 3299.8992 2493.3289 -3291.8425 -3275.0244 -3258.4075 -3242.1936 -3226.3823 -3210.4705 -3194.2566 -3178.6467 -3163.5405 -3148.233 -3133.1267 -3118.1213 -3103.2166 -3088.4124 -3073.8098 -3059.3079 -3045.0073 -3030.8074 -3016.7083 -2499.7742 51.361084 2781.1523 3299.8992 3299.8992 3299.8992 3299.8992 3299.8992 3299.8992 3299.8992 3299.8992 3299.8992 3299.8992 3299.8992 3299.8992 3299.8992 3299.8992 3299.8992 3299.8992 3299.8992 1909.1217 -3292.2454 -3275.5278 -3259.0117 
-3288.8213 -3273.413 -3258.609 -3243.6035 -3228.7993 -3214.2974 -3199.4934 -3185.092 -3170.691 -3156.5918 -3142.3918 -3128.4941 -3114.5964 -3100.7996 -3087.3047 -3073.8098 -2295.1355 277.45056 2450.83 3299.8992 3299.8992 3299.8992 3299.8992 3299.8992 3299.8992 3299.8992 3299.8992 3299.8992 3299.8992 3299.8992 3299.8992 3299.8992 3299.8992 3299.8992 3290.4326 3275.3264 3188.8184 3263.4429 3279.3547 3295.0652 -3289.5264 -3274.0173 -3259.0117 -3244.107 -3229.303 -3214.9016 -3199.9968 -3185.5957 -3171.2952 -3157.0952 -3142.996 -3128.9978 -3115.2007 -3101.5044 -3087.7075 -3074.3132 -1925.6378 632.04346 2843.8933 3299.8992 3299.8992 3299.8992 3299.8992 3299.8992 3299.8992 3299.8992 3299.8992 3299.8992 3299.8992 3299.8992 3299.8992 3299.8992 3299.8992 3299.8992 3285.498 3270.3918 2811.5662 3261.731 3277.6428 3293.3533 3299.8992 -3275.7292 -3260.7239 -3245.9197 -3231.015 -3216.6138 -3201.709 -3187.3076 -3173.007 -3158.8074 -3144.7083 -3130.8105 -3116.9128 -3103.0151 -3089.4194 -3075.9246 -2089.389 452.8839 2672.589 3299.8992 3299.8992 3299.8992 3299.8992 3299.8992 3299.8992 3299.8992 3299.8992 3299.8992 3299.8992 3299.8992 3299.8992 3299.8992 3299.8992 3299.8992 3285.901 3270.7947 2545.999 3263.6443 3279.5562 3295.2666 -3289.224 -3273.9165 -3259.0117 -3244.0063 -3229.2021 -3214.801 -3199.9968 -3185.5957 -3171.1943 -3156.8938 -3142.996 -3128.9978 -3115.1 -3101.4038 -3087.808 -3074.3132 -1386.4471 949.2737 3091.4336 3299.8992 3299.8992 3299.8992 3299.8992 3299.8992 3299.8992 3299.8992 3299.8992 3299.8992 3299.8992 3299.8992 3299.8992 3299.8992 3299.8992 3295.8708 3281.067 3266.0613 2128.4636 3260.8245 3276.6357 3292.3462 3299.8992 -3276.8372 -3261.9324 -3246.9268 -3232.1228 -3217.6208 -3202.8167 -3188.4155 -3174.0142 -3159.8145 -3145.7153 -3131.8176 -3117.92 -3104.1228 -3090.4265 -3076.9316 -1521.1945 1058.2397 3072.6013 3299.8992 3299.8992 3299.8992 3299.8992 3299.8992 3299.8992 3299.8992 3299.8992 3299.8992 3299.8992 3299.8992 3299.8992 3299.8992 3299.8992 3293.6553 3278.65 3263.6443 1488.3636 3261.026 3276.8372 3292.4468 
3299.8992 3299.8992 3299.8992 3292.1448 3276.9377 3262.033 3247.6318 3232.022 3217.218 3202.6152 3188.1133 3173.41 3159.0088 3144.6074 3130.307 2921.1365 1199.1302 -619.25354 -2100.9705 3237.3596 3144.5068 3160.2173 3176.0283 3191.336 3207.0464 3222.2534 3237.0574 3252.4658 3267.572 3282.4768 3297.2808 -3288.0156 -3273.413 -3258.8103 -3244.4092 -3230.0078 -2684.976 3299.8992 3299.8992 3299.8992 3299.8992 3299.8992 3299.8992 3289.627 3275.2258 3260.321 3245.2148 3229.8064 3215.5059 3200.9033 3186.4014 3171.7986 3157.2966 3142.996 3128.4941 2712.3687 839.50195 -869.3115 -2210.9436 3235.446 3146.9238 3162.6343 3177.942 3193.5515 3208.8591 3224.2676 3238.971 3254.3792 3269.4854 3284.3901 3299.1943 -3286.1023 -3271.399 -3256.9976 -3242.5964 -3228.195 -2385.4705 3299.8992 3299.8992 3299.8992 3299.8992 3299.8992 3299.8992 3289.8284 3274.823 3259.9182 3245.5168 3229.8064 3215.0024 3200.5005 3185.8977 3171.2952 3156.8938 3142.5933 3128.1921 2810.962 997.3114 -695.2881 -2081.433 -3266.464 3143.9026 3159.613 3175.424 3191.034 3206.0393 3221.347 3236.856 3251.9622 3266.565 3281.5703 3296.3745 -3289.0227 -3274.3193 -3259.8174 -3245.4163 -3231.1157 -2086.7705 3299.8992 3299.8992 3299.8992 3299.8992 3299.8992 3299.8992 3285.901 3271.399 3256.4941 3241.388 3225.9795 3211.7798 3197.177 3182.675 3167.9717 3153.6711 3139.3706 3125.07 2750.4363 855.91736 -859.0393 -2186.975 3189.7246 3143.2983 3158.908 3174.3164 3189.8254 3205.3345 3220.642 3235.3455 3250.7537 3265.8599 3280.7646 3295.5688 -3289.627 -3275.0244 -3260.5225 -3246.121 -3231.8206 -1586.2518 3299.8992 3299.8992 3299.8992 3299.8992 3299.8992 3297.1802 3282.376 3267.3706 3252.5664 3238.1653 3222.4548 3207.852 3193.2495 3178.7476 3164.1448 3149.7437 3135.5437 3120.8403 2524.649 544.12537 -1143.7408 -2473.0864 3128.7964 3144.7083 3160.4187 3176.2297 3191.7388 3206.845 3222.052 3237.561 3252.5664 3267.2698 3282.1746 3296.9788 -3288.3179 -3273.715 -3259.2131 -3244.7112 -3230.4106 -1206.4819 3299.8992 3299.8992 3299.8992 
-3129.602 -3114.4958 -3099.4902 -3084.6863 -3070.1843 -3055.6824 -3041.281 -3027.0813 -3012.9822 -2998.883 -2984.9854 -2971.1882 -2957.5928 -2944.098 -2930.603 -2917.2087 -2821.939 -1428.7445 17.019653 1276.3733 2334.613 3299.8992 3299.8992 3299.8992 3299.8992 3299.8992 3299.8992 3299.8992 3299.8992 3299.8992 3299.8992 3299.8992 3299.8992 3299.8992 3299.8992 3299.8992 3299.8992 -941.0156 -3162.1306 -3146.6216 -3131.314 -3116.2078 -3101.6052 -3086.801 -3071.997 -3057.495 -3043.1946 -3028.7932 -3014.795 -3000.595 -2986.798 -2972.9004 -2959.3047 -2945.7092 -2932.2144 -2918.921 -2822.3418 -1475.8759 -8.459473 1400.3448 2589.102 3299.8992 3299.8992 3299.8992 3299.8992 3299.8992 3299.8992 3299.8992 3299.8992 3299.8992 3299.8992 3299.8992 3299.8992 3299.8992 3299.8992 3299.8992 3299.8992 -1518.1732 -3162.9363 -3147.3267 -3132.1196 -3117.0134 -3102.008 -3087.4053 -3072.9033 -3058.4014 -3044.0002 -3029.6997 -3015.4998 -3001.5015 -2987.7043 -2973.8066 -2960.2112 -2946.515 -2933.1206 -2919.8271 -2695.5505 -1461.3739 -39.37683 1247.7722 2499.9756 3299.8992 3299.8992 3299.8992 3299.8992 3299.8992 3299.8992 3299.8992 3299.8992 3299.8992 3299.8992 3299.8992 3299.8992 3299.8992 3299.8992 3299.8992 3299.8992 -2108.4229 -3160.4187 -3145.0103 -3129.8035 -3114.5964 -3099.591 -3084.8877 -3070.4863 -3055.9844 -3041.4824 -3027.4841 -3013.1836 -2999.286 -2985.2874 -2971.591 -2957.8948 -2944.2993 -2930.905 -2917.6116 -2530.8928 -976.9684 464.86816 1767.0227 2895.758 3299.8992 3299.8992 3299.8992 3299.8992 3299.8992 3299.8992 3299.8992 3299.8992 3299.8992 3299.8992 3299.8992 3299.8992 3299.8992 3299.8992 3299.8992 3282.376 -2383.8591 -3166.2598 -3150.7507 -3135.443 -3120.5383 -3105.2307 -3090.5273 -3076.0254 -3061.4226 -3047.122 -3032.8215 -3018.7224 -3004.6233 -2990.8264 -2977.0293 -2963.333 -2949.7375 -2936.2427 -2922.8484 -2507.2266 -1262.2742 161.0321 1504.6783 2625.8606 3299.8992 3299.8992 3299.8992 3299.8992 3299.8992 3299.8992 3299.8992 3299.8992 3299.8992 3299.8992 3299.8992 3299.8992 3299.8992 3299.8992 3299.8992 3120.639 -2642.0745 -3164.2456 -3148.8372 
3279.959 3264.6514 3248.8403 3234.137 3219.0308 3203.6223 3188.3147 3172.9065 3157.498 3141.4856 3126.6814 3111.978 3097.174 3082.3699 3063.739 2417.1936 930.542 -378.6621 -1408.5022 -2391.6138 -3171.5972 3092.8435 3109.0576 3126.0771 3142.4927 3159.0088 3175.2227 3191.336 3207.55 3223.361 3239.273 3255.1848 3270.8953 3286.5051 3299.8992 -3282.4768 -2428.9763 2994.5525 3299.8992 3296.475 3281.369 3266.0613 3250.955 3235.6475 3220.2393 3205.0322 3189.7246 3174.115 3158.8074 3142.8955 3127.89 3113.086 3098.3826 3083.5784 3066.156 2431.192 923.89526 -396.1853 -1301.8524 -2081.1309 -2829.2908 3090.0237 3106.5398 3123.3582 3140.0757 3156.3904 3172.9065 3188.919 3205.0322 3220.8435 3236.856 3252.7678 3268.4783 3284.1887 3299.4963 -3284.8938 -2116.3787 3299.8992 3299.8992 3291.9434 3276.9377 3261.731 3246.4233 3231.015 3215.808 3200.601 3185.1929 3169.7844 3154.3762 3138.565 3123.761 3108.9568 3094.1528 3079.4495 3059.912 2294.6318 793.07556 -534.6588 -1516.0583 -2349.2156 -3098.4832 3091.8364 3108.3525 3125.2715 3141.7876 3158.3037 3174.3164 3190.631 3206.7444 3222.5554 3238.4673 3254.2786 3269.8882 3285.6995 3299.8992 -3283.383 -1871.5576 3299.8992 3299.8992 3291.9434 3276.7363 3261.5295 3246.222 3230.9143 3215.7073 3200.3997 3184.9915 3169.583 3154.1748 3138.4644 3123.5596 3108.6548 3093.9514 3079.1472 3060.315 2292.517 785.0189 -469.80286 -1417.7673 -2248.9104 -2982.266 3089.923 3106.9426 3123.4587 3139.8743 3156.2896 3172.6042 3188.7175 3204.7302 3220.642 3236.554 3252.365 3268.1763 3283.8867 3299.295 -3285.1958 -1644.0582 3299.8992 3299.8992 3288.8213 3273.5137 3258.307 3243.0999 3227.893 3212.686 3197.3784 3181.9702 3166.4612 3151.1536 3135.3423 3120.4375 3105.6335 3091.0308 3076.2268 3048.532 2203.0884 678.772 -577.1576 -1522.3022 -2370.767 -3123.8616 3090.326 3107.3455 3123.8616 3140.277 3156.5918 3172.9065 3189.1204 3205.133 3221.045 3237.0574 3252.7678 3268.579 3284.0881 3299.6978 -3284.8938 -1328.8422 3299.8992 3299.8992 3287.3108 
-3122.754 -3107.7483 -3093.2463 -3078.6438 -3064.3433 -3050.0427 -3035.8428 -3021.8445 -3007.9468 -2994.049 -2760.205 -2394.2322 -2029.2664 -1643.454 -1392.5903 -1466.7114 -1125.3113 -623.7854 -301.01624 -80.06287 145.8252 308.1665 957.3303 2106.8115 2639.859 3299.8992 3299.8992 3299.8992 3299.8992 3299.8992 3299.8992 3299.8992 3299.8992 3299.8992 3299.8992 3299.8992 2552.948 258.21533 -1236.795 -2417.2942 -3124.3652 -3109.3596 -3094.5557 -3080.1543 -3065.7532 -3051.4526 -3037.2527 -3023.355 -3009.4573 -2995.459 -2670.0713 -2436.9324 -2144.275 -1686.8591 -1422.9034 -888.54675 -607.7728 -526.6022 -332.53784 -100.305176 89.227295 275.03357 933.96606 2084.7563 2991.3298 3299.8992 3299.8992 3299.8992 3299.8992 3299.8992 3299.8992 3299.8992 3299.8992 3299.8992 3299.8992 3299.8992 2326.1536 218.63708 -1332.1655 -2617.6025 -3129.2998 -3114.395 -3099.6917 -3085.1897 -3070.6877 -3056.488 -3042.288 -3028.189 -3014.392 -3000.293 -2962.7288 -2613.8762 -2209.9365 -1887.0667 -1517.1661 -1317.2607 -1046.6583 -734.86633 -607.7728 -337.77466 -18.127441 275.235 1068.4113 2197.9521 2860.1074 3299.8992 3299.8992 3299.8992 3299.8992 3299.8992 3299.8992 3299.8992 3299.8992 3299.8992 3299.8992 3299.8992 2203.0884 -14.099121 -1577.3895 -2750.7385 -3119.6318 -3104.828 -3090.225 -3075.824 -3061.4226 -3047.223 -3033.1238 -3019.0247 -3005.127 -2991.3298 -2709.6497 -2361.3005 -1955.246 -1630.0598 -1405.1788 -1102.0477 -882.40356 -680.5847 -393.36548 -133.63953 126.48926 466.5802 1164.6881 2315.3777 3147.4272 3299.8992 3299.8992 3299.8992 3299.8992 3299.8992 3299.8992 3299.8992 3299.8992 3299.8992 3299.8992 3299.8992 2138.6353 -8.358765 -1492.5934 -2749.7314 -3123.761 -3108.7554 -3094.052 -3079.651 -3065.2495 -3051.0498 -3036.8499 -3022.9521 -3008.9539 -2995.0562 -2738.9556 -2508.6365 -2232.9985 -2021.814 -1761.7859 -1229.3427 -721.9757 -424.18213 -130.31616 86.30676 262.54578 552.48413 1305.4779 2498.6663 3299.8992 3299.8992 3299.8992 3299.8992 3299.8992 3299.8992 3299.8992 3299.8992 3299.8992 3299.8992 3299.8992 3299.8992 1877.6001 -192.453 -1581.3171 -2797.9705 

-13.293457 -22.357178 -38.87329 -30.31311 -4.9346924 18.73169 11.480713 -5.6396484 -7.9559326 39.779663 92.04712 103.930664 54.58374 -8.056641 -41.290283 -27.79541 5.4382324 18.73169 -2.1148682 -9.970093 -14.703369 -4.2297363 21.450806 34.44214 37.36267 52.06604 76.43738 72.71118 58.410645 21.047974 -25.982666 -60.827637 -76.43738 -88.32092 -91.34216 -88.723755 -79.055786 -59.921265 -46.92993 -23.364258 -23.364258 -23.364258 -23.364258 -23.364258 -23.364258 -23.364258 -23.364258 -23.364258 -23.364258 -23.364258 -23.364258 -23.364258 -23.364258 -23.364258 -23.364258 -23.364258 -23.364258 -23.364258 -23.364258 -23.364258 -8.862305 -3.2226562 10.171509 -0.9063721 7.4523926 13.796997 4.1290283 -14.199829 -20.443726 -16.415405 10.876465 37.261963 49.95117 34.542847 30.514526 8.862305 -5.3375244 5.0354004 17.523193 -6.9488525 -24.27063 -35.44922 -68.28003 -61.935425 -18.026733 28.198242 27.493286 30.715942 31.018066 8.358765 0.40283203 -10.272217 -18.429565 -15.911865 -19.940186 -7.3516846 18.832397 20.343018 15.005493 14.099121 6.0424805 -4.1290283 -3.9276123 -18.127441 -16.71753 3.9276123 25.479126 41.088867 26.989746 -11.682129 -32.730103 -64.05029 -78.85437 -70.999146 -33.43506 -27.694702 -29.406738 -13.998413 2.7191162 29.708862 43.203735 40.38391 41.793823 28.29895 3.3233643 -14.099121 -27.191162 -14.703369 1.6113281 5.7403564 5.7403564 11.178589 27.29187 51.461792 64.05029 60.928345 25.27771 -9.466553 -20.846558 0.20141602 0.20141602 0.20141602 0.20141602 0.20141602 0.20141602 0.20141602 0.20141602 0.20141602 0.20141602 0.20141602 0.20141602 0.20141602 0.20141602 0.20141602 0.20141602 0.20141602 0.20141602 0.20141602 0.20141602 0.20141602 -17.422485 -33.535767 -27.493286 15.106201 47.232056 55.792236 39.578247 19.638062 -1.6113281 -18.429565 -35.95276 -49.44763 -53.375244 -34.744263 -27.79541 -1.9134521 11.480713 4.9346924 1.6113281 4.4311523 0.30212402 -4.2297363 -2.1148682 -6.7474365 -1.8127441 -5.3375244 -2.3162842 1.2084961 5.5389404 6.2438965 -2.0141602 5.0354004 10.272217 24.975586 16.314697 -2.1148682 2.9205322 13.394165 25.78125 14.401245 4.6325684 -3.8269043 1.6113281 19.033813 22.961426 15.609741 5.1361084 3.5247803 -4.3304443 -14.099121 -43.40515 -36.95984 -24.673462 -8.560181 6.6467285 36.95984 43.50586 49.0448 46.124268 43.00232 
3.6254883 11.480713 20.846558 23.666382 9.365845 -9.567261 -17.72461 -32.528687 -38.36975 -32.629395 -20.040894 -1.4099121 4.6325684 -13.897705 -24.874878 -35.751343 -24.673462 -28.80249 -14.501953 -12.588501 -10.574341 5.4382324 11.380005 8.963013 -1.4099121 8.358765 13.092041 21.24939 27.392578 14.804077 10.272217 1.9134521 -0.70495605 -0.9063721 -2.8198242 -17.926025 -21.148682 -3.9276123 2.4169922 22.25647 19.033813 7.8552246 -2.6184082 1.5106201 -10.675049 -6.7474365 2.2155762 11.782837 23.968506 38.671875 40.182495 34.643555 38.974 26.889038 29.104614 9.466553 17.926025 10.675049 4.4311523 25.579834 23.162842 32.32727 35.650635 22.457886 16.21399 16.012573 23.26355 30.715942 38.974 46.02356 44.91577 12.387085 13.796997 -6.0424805 -5.5389404 -6.6467285 3.2226562 1.4099121 -8.459473 -26.184082 -26.184082 -26.184082 -26.184082 -26.184082 -26.184082 -26.184082 -26.184082 -26.184082 -26.184082 -26.184082 -26.184082 -26.184082 -26.184082 -26.184082 -26.184082 -26.184082 -26.184082 -26.184082 -26.184082 -26.184082 -74.2218 -85.5011 -70.89844 -62.036133 -55.892944 -16.818237 3.7261963 22.860718 24.673462 16.818237 31.622314 34.240723 7.1502686 -27.191162 -39.276123 -31.924438 -20.443726 4.2297363 41.592407 68.28003 74.62463 74.12109 53.778076 48.742676 16.818237 -3.0212402 -29.003906 -49.0448 -66.467285 -70.79773 -66.76941 -71.40198 -85.60181 -94.96765 -84.79614 -85.5011 -48.339844 -11.883545 40.081787 65.86304 59.518433 58.914185 57.806396 46.627808 29.708862 33.43506 20.74585 18.429565 -5.3375244 -47.735596 -76.84021 -131.42395 -119.84253 -129.6112 -108.26111 -109.973145 -86.8103 -57.907104 -45.721436 -27.79541 1.4099121 20.343018 7.3516846 9.164429 -1.6113281 0.50354004 -19.638062 -27.996826 -27.896118 -31.018066 -23.364258 -21.75293 -26.586914 -28.399658 -19.134521 -8.660889 -0.40283203 6.6467285 10.977173 17.72461 15.509033 18.832397 29.104614 7.7545166 0.9063721 0.50354004 -12.185669 1.3092041 10.876465 11.883545 8.963013 14.804077 24.77417 32.025146 30.81665 28.198242 37.664795 39.175415 20.24231 -2.8198242 -19.23523 -32.025146 -17.623901 4.1290283 13.897705 1.8127441 -16.012573 -24.77417 1.0070801 3.5247803 13.595581 20.947266 13.998413 -2.1148682 9.365845 4.7332764 16.113281 14.703369 15.106201 20.947266 
-3242.5964 -3226.3823 -3210.1685 -3194.8608 -3179.1504 -3163.6414 -3148.1323 -3132.9253 -3117.92 -3103.1157 -3088.3118 -3073.709 -3059.207 -3044.9065 -3030.7068 -3016.6077 -2284.9639 337.67395 3077.4353 3299.8992 3299.8992 3299.8992 3299.8992 3299.8992 3299.8992 3299.8992 3299.8992 3299.8992 3299.8992 3299.8992 3299.8992 3299.8992 3299.8992 3299.8992 3299.8992 3299.8992 1130.1453 -3292.749 -3276.0315 -3259.5154 -3243.2007 -3227.2888 -3211.4775 -3195.465 -3179.7546 -3164.447 -3149.24 -3134.1338 -3119.1284 -3104.2236 -3089.5203 -3074.817 -3060.4155 -3045.9136 -3031.8145 -3017.7153 -2205.5054 524.99084 3299.8992 3299.8992 3299.8992 3299.8992 3299.8992 3299.8992 3299.8992 3299.8992 3299.8992 3299.8992 3299.8992 3299.8992 3299.8992 3299.8992 3299.8992 3299.8992 3299.8992 3299.8992 532.9468 -3294.159 -3277.3406 -3260.9253 -3244.6106 -3228.0945 -3212.686 -3196.3713 -3180.8623 -3165.5547 -3150.247 -3135.1409 -3120.1355 -3105.3313 -3090.5273 -3075.824 -3061.4226 -3047.0215 -3032.8215 -3018.7224 -2018.0878 676.4557 3299.8992 3299.8992 3299.8992 3299.8992 3299.8992 3299.8992 3299.8992 3299.8992 3299.8992 3299.8992 3299.8992 3299.8992 3299.8992 3299.8992 3299.8992 3299.8992 3299.8992 3299.8992 -525.19226 -3293.5547 -3276.8372 -3260.4216 -3244.107 -3228.296 -3211.9812 -3196.4722 -3180.8623 -3165.2527 -3149.945 -3134.738 -3119.7327 -3104.828 -3089.923 -3075.4211 -3060.9192 -3046.6187 -3032.318 -3018.219 -1611.731 1184.8297 3299.8992 3299.8992 3299.8992 3299.8992 3299.8992 3299.8992 3299.8992 3299.8992 3299.8992 3299.8992 3299.8992 3299.8992 3299.8992 3299.8992 3299.8992 3299.8992 3299.8992 3297.7844 -1166.1987 3299.8992 -3280.4626 -3264.047 -3247.7324 -3231.2163 -3215.7073 -3199.4934 -3183.8835 -3168.4753 -3153.2683 -3138.162 -3123.1567 -3108.252 -3093.3472 -3078.8452 -3064.2424 -3049.8413 -3035.6414 -3021.5422 -1632.074 1248.2758 3299.8992 3299.8992 3299.8992 3299.8992 3299.8992 3299.8992 3299.8992 3299.8992 3299.8992 3299.8992 3299.8992 3299.8992 3299.8992 3299.8992 3299.8992 3299.8992 3299.8992 3294.7632 -1773.8708 3299.8992 -3281.7717 -3265.2556 -3248.941 -3232.5256 -3216.513 -3201.1047 -3185.4949 -3169.6838 -3154.2754 -3139.1692 -3124.063 -3109.1582 -3094.3542 -3079.651 -3065.149 -3050.7476 -3036.447 -3022.4487 -1643.2526 1107.1838 3299.8992 3299.8992 
3299.8992 -3277.1392 -3261.731 -3246.8262 -3232.022 -3217.1172 -3202.716 -3188.214 -3174.0142 -3159.7136 -3145.6145 -3131.6162 -3117.7185 -3104.0222 -3090.4265 -3076.831 -1503.9734 904.4586 3036.7493 3299.8992 3299.8992 3299.8992 3299.8992 3299.8992 3299.8992 3299.8992 3299.8992 3299.8992 3299.8992 3299.8992 3299.8992 3299.8992 3299.8992 3294.3604 3279.4556 3264.2485 743.6279 3264.047 3279.8584 3295.468 -3289.325 -3274.2188 -3258.8103 -3244.0063 -3229.2021 -3214.1968 -3199.9968 -3185.3943 -3171.0938 -3156.9946 -3142.7947 -3128.897 -3115.1 -3101.303 -3087.7075 -3074.1118 -1286.2427 1309.2041 3299.8992 3299.8992 3299.8992 3299.8992 3299.8992 3299.8992 3299.8992 3299.8992 3299.8992 3299.8992 3299.8992 3299.8992 3299.8992 3299.8992 3299.8992 3292.8496 3277.9448 3262.738 167.47742 3264.3494 3280.1604 3295.6694 -3288.922 -3273.816 -3258.609 -3243.6035 -3228.7993 -3213.9954 -3199.594 -3185.1929 -3170.993 -3156.6924 -3142.5933 -3128.595 -3114.7979 -3101.1016 -3087.506 -3072.299 -1020.1721 1506.3904 3299.8992 3299.8992 3299.8992 3299.8992 3299.8992 3299.8992 3299.8992 3299.8992 3299.8992 3299.8992 3299.8992 3299.8992 3299.8992 3299.8992 3299.8992 3290.7349 3275.7292 3260.4216 -424.78638 3263.745 3279.4556 3295.0652 -3289.5264 -3274.5208 -3259.1125 -3244.3083 -3229.5044 -3214.5996 -3200.1982 -3185.797 -3171.4966 -3157.2966 -3143.1975 -3129.2998 -3115.503 -3101.6052 -3088.0095 -3012.277 -737.1826 1691.9952 3299.8992 3299.8992 3299.8992 3299.8992 3299.8992 3299.8992 3299.8992 3299.8992 3299.8992 3299.8992 3299.8992 3299.8992 3299.8992 3299.8992 3299.8992 3287.5122 3272.6074 3257.2998 -1288.4583 3263.1409 3278.952 3294.461 -3290.1306 -3275.2258 -3259.8174 -3244.9126 -3230.2092 -3215.7073 -3200.9033 -3186.502 -3172.1008 -3158.0017 -3143.8018 -3129.904 -3116.0063 -3102.31 -3088.7146 -2952.356 -720.3644 1528.8483 3299.8992 3299.8992 3299.8992 3299.8992 3299.8992 3299.8992 3299.8992 3299.8992 3299.8992 3299.8992 3299.8992 3299.8992 3299.8992 3299.8992 3299.8992 3287.8142 3272.9094 3257.5012 -1948.4985 3265.0542 3280.8655 3296.2737 -3288.3179 -3272.8088 -3258.0046 -3243.2007 -3228.296 -3213.8945 -3199.0906 -3184.6892 -3170.288 -3156.189 -3142.0898 -3128.1921 -3114.395 -3100.6987 -3087.0024 -2821.2341 -348.95325 1931.5796 3299.8992 3299.8992 
3299.8992 3299.8992 3297.0793 3282.074 3267.6726 3252.8687 3237.6616 3222.354 3208.0535 3193.5515 3179.0496 3164.447 3150.0457 3135.745 3120.236 2392.7214 405.14832 -1287.2498 -2630.2917 3131.8176 3147.7295 3163.44 3178.8481 3194.2566 3209.7656 3224.8718 3239.7766 3255.0842 3270.1904 3284.9944 3299.7986 -3285.3972 -3270.7947 -3256.4941 -3241.9922 -3227.6917 -639.798 3299.8992 3299.8992 3299.8992 3299.8992 3299.8992 3297.1802 3282.5774 3267.7734 3252.9692 3237.7625 3222.4548 3208.1543 3193.5515 3179.0496 3164.447 3150.1465 3135.846 3118.5242 2313.9678 427.00195 -1250.2899 -2509.4421 3131.4148 3147.1252 3163.037 3178.4453 3193.9543 3208.96 3224.1667 3239.6758 3254.782 3269.3848 3284.2896 3299.0935 -3286.203 -3271.701 -3257.0984 -3242.4956 -3228.195 -428.31116 3299.8992 3299.8992 3299.8992 3299.8992 3299.8992 3295.9717 3281.067 3266.3635 3251.4587 3236.4531 3221.1455 3206.845 3192.343 3177.841 3163.339 3148.938 3134.6375 3118.0205 2376.4067 451.3733 -1106.076 -2405.612 3128.3936 3144.2046 3160.1165 3175.6255 3190.933 3206.543 3221.6492 3236.554 3251.8616 3266.9678 3281.8726 3296.576 -3288.5193 -3273.9165 -3259.5154 -3245.0134 -3230.713 170.90149 3299.8992 3299.8992 3299.8992 3299.8992 3299.8992 3291.0369 3276.535 3261.2273 3246.524 3232.022 3216.6138 3201.8096 3187.4084 3172.8057 3158.3037 3144.0032 3129.7026 3111.8774 2124.3347 181.073 -1377.7863 -2752.0476 3129.2998 3145.111 3160.7207 3176.532 3191.9402 3207.1472 3222.2534 3237.863 3252.8687 3267.572 3282.376 3297.1802 -3288.0156 -3273.5137 -3258.9111 -3244.5098 -3230.31 685.1166 3299.8992 3299.8992 3299.8992 3299.8992 3299.8992 3289.9292 3275.2258 3260.1196 3245.3154 3230.9143 3215.3044 3200.702 3186.099 3171.5972 3157.196 3142.8955 3128.595 3110.4675 2094.4243 154.88892 -1410.315 -2679.2358 3128.2927 3144.104 3159.8145 3175.525 3190.8325 3206.543 3221.8506 3236.4531 3251.9622 3266.9678 3281.8726 3296.576 -3288.6199 -3274.0173 -3259.5154 -3245.0134 -3230.713 1245.3552 3299.8992 3299.8992 3299.8992 3299.8992 3299.8992 3287.0085 3272.1038 3257.6018 3242.8984 3227.6917 3212.5854 3198.285 3183.6821 3169.281 3154.779 3140.579 3126.178 3107.2449 1917.1783 -21.853638 -1595.4163 -2930.3008 3129.8035 
-3133.5295 -3118.4233 -3103.9214 -3088.8152 -3074.2126 -3059.7107 -3045.2087 -3031.0088 -3017.0105 -3002.8105 -2988.9128 -2975.2166 -2961.4197 -2947.9248 -2934.43 -2921.1365 -2448.413 -1067.6056 380.67627 1729.9622 2869.2717 3299.8992 3299.8992 3299.8992 3299.8992 3299.8992 3299.8992 3299.8992 3299.8992 3299.8992 3299.8992 3299.8992 3299.8992 3299.8992 3299.8992 3299.8992 2729.6904 -3179.5532 -3163.6414 -3148.1323 -3132.9253 -3118.0205 -3102.9143 -3088.4124 -3073.709 -3059.3079 -3044.9065 -3030.7068 -3016.6077 -3002.4077 -2988.6108 -2974.8137 -2961.2183 -2947.6226 -2934.1277 -2920.7336 -2324.945 -1288.559 54.281616 1443.3472 2551.2358 3299.8992 3299.8992 3299.8992 3299.8992 3299.8992 3299.8992 3299.8992 3299.8992 3299.8992 3299.8992 3299.8992 3299.8992 3299.8992 3299.8992 3299.8992 2634.9243 -3173.5107 -3157.6995 -3142.3918 -3127.0842 -3112.0789 -3096.9727 -3082.3699 -3067.868 -3053.4668 -3039.0654 -3024.8657 -3010.7666 -2996.869 -2982.9712 -2969.0735 -2955.5786 -2942.0837 -2928.5889 -2915.2954 -2291.4092 -798.8159 557.2174 1929.8676 3110.8704 3299.8992 3299.8992 3299.8992 3299.8992 3299.8992 3299.8992 3299.8992 3299.8992 3299.8992 3299.8992 3299.8992 3299.8992 3299.8992 3299.8992 3299.8992 2245.4863 -3175.3235 -3159.5122 -3144.2046 -3128.9978 -3113.8916 -3098.7854 -3084.1826 -3069.7815 -3055.2795 -3040.979 -3026.779 -3012.5793 -2998.5808 -2984.784 -2971.0876 -2957.2905 -2943.7957 -2930.4016 -2917.0073 -2294.6318 -1003.4546 446.3379 1821.6064 2889.8162 3299.8992 3299.8992 3299.8992 3299.8992 3299.8992 3299.8992 3299.8992 3299.8992 3299.8992 3299.8992 3299.8992 3299.8992 3299.8992 3299.8992 3299.8992 1851.0132 -3171.4966 -3155.8867 -3140.3777 -3125.2715 -3110.1653 -3095.8647 -3080.7585 -3066.156 -3051.654 -3037.3535 -3023.2544 -3009.1553 -2995.2576 -2981.1584 -2967.6636 -2953.8665 -2940.3716 -2926.9775 -2913.684 -2090.2954 -756.51855 549.6643 1975.2869 3041.281 3299.8992 3299.8992 3299.8992 3299.8992 3299.8992 3299.8992 3299.8992 3299.8992 3299.8992 3299.8992 3299.8992 3299.8992 3299.8992 3299.8992 3299.8992 1772.6624 -3172.4028 -3156.6924 -3141.2842 -3126.0771 -3110.971 -3096.0662 -3081.3628 -3066.9617 -3052.4597 -3038.1592 -3023.9592 -3009.86 -2995.9624 -2981.964 -2968.3684 -2954.672 -2941.0767 -2927.6824 -2914.389 -2000.4639 -456.4087 984.4208 2334.1094 
3272.1038 3256.7961 3241.287 3226.3823 3211.1755 3195.9685 3180.5603 3165.1519 3149.8442 3133.8318 3119.0276 3104.5256 3089.6208 3074.9175 3055.481 2170.1567 701.8341 -557.4188 -1526.6327 -2366.6382 -3110.669 3089.0166 3105.3313 3122.351 3138.9678 3155.3833 3171.698 3187.9119 3203.9246 3219.7356 3235.6475 3251.5593 3267.1692 3282.7788 3298.3887 -3286.1023 -933.1604 3299.8992 3299.0935 3283.8867 3268.579 3253.473 3237.7625 3222.8577 3207.852 3192.4438 3177.2368 3161.6272 3146.4202 3130.6091 3115.9058 3101.2024 3086.2976 3071.292 3001.8035 1926.5442 414.917 -761.25183 -1755.8441 -2550.1282 -3206.6436 3092.1387 3108.3525 3125.2715 3141.7876 3158.0017 3174.5178 3190.5303 3206.6436 3222.4548 3238.6687 3254.1777 3269.989 3285.6995 3299.8992 -3283.5845 -483.90198 3299.8992 3299.295 3283.9873 3268.7805 3253.473 3237.863 3222.9583 3207.7515 3192.6453 3177.1362 3161.7278 3146.521 3130.6091 3115.9058 3101.2024 3086.3982 3071.292 2953.8665 1774.173 295.98083 -874.74976 -1774.173 -2668.5608 3170.8923 3095.7642 3112.0789 3128.9978 3145.3125 3161.8286 3178.1433 3194.1558 3210.1685 3225.9795 3241.9922 3257.7026 3273.5137 3289.1235 3299.8992 -3280.0598 -159.82361 3299.8992 3299.8992 3285.8 3270.4924 3255.2856 3240.1794 3224.771 3209.5642 3194.2566 3178.8481 3163.339 3148.1323 3132.321 3117.517 3102.6123 3088.1104 3073.2056 2948.3276 1809.8236 284.3994 -853.09753 -1833.1879 -2676.3152 3239.978 3096.9727 3113.9922 3130.307 3146.823 3163.037 3179.3518 3195.465 3211.4775 3227.3894 3243.3013 3259.0117 3274.7222 3290.332 3299.8992 -3278.7505 169.39087 3299.8992 3299.8992 3285.1958 3269.989 3254.5806 3239.5752 3224.1667 3209.0605 3193.6523 3178.3447 3162.8357 3147.4272 3131.7168 3116.9128 3102.2095 3087.506 3070.4863 2848.526 1525.7263 9.869385 -1026.7181 -1912.3444 -2659.9 -3231.015 3100.0945 3117.1143 3133.429 3149.945 3166.2598 3182.373 3198.587 3214.4988 3230.31 3246.222 3261.9324 3277.6428 3293.2524 -3291.2383 -3275.9307 524.3866 3299.8992 3299.8992 3286.3037 3271.0967 3255.6885 3240.5823 3225.3752 3209.967 3194.6594 3179.251 3163.8428 3148.4343 3132.7239 3117.92 3103.1157 3088.4124 3071.1914 2846.814 1584.4391 78.25012 -1090.0635 -1965.8203 -2710.7573 
-3125.2715 -3110.4675 -3095.8647 -3081.3628 -3066.8608 -3052.6611 -3038.4612 -3024.5635 -3010.6658 -2996.466 -2538.748 -2149.109 -1841.0431 -1415.451 -1155.5237 -756.21643 -465.77454 -151.76697 4.7332764 269.2932 421.66443 626.4038 1410.9192 2465.634 3187.8113 3299.8992 3299.8992 3299.8992 3299.8992 3299.8992 3299.8992 3299.8992 3299.8992 3299.8992 3299.8992 3299.8992 1553.5217 -496.18835 -1896.7346 -3066.8608 -3137.155 -3122.351 -3107.6477 -3093.1458 -3078.6438 -3064.3433 -3050.1433 -3036.0442 -3022.1465 -3008.2488 -2706.3262 -2419.6106 -2078.1096 -1843.0573 -1614.3494 -1297.9248 -899.5239 -540.6006 -271.91162 77.84729 376.64795 769.7113 1763.6993 2845.0012 3299.8992 3299.8992 3299.8992 3299.8992 3299.8992 3299.8992 3299.8992 3299.8992 3299.8992 3299.8992 3299.8992 3299.8992 1549.6948 -522.171 -1964.5111 -3135.1409 -3137.7593 -3122.8545 -3108.1511 -3093.6492 -3079.1472 -3064.9475 -3050.7476 -3036.6484 -3022.6501 -3008.551 -2696.1548 -2368.8538 -2120.6084 -1854.8401 -1571.9513 -1516.3605 -1150.2869 -857.9315 -607.4707 -323.47412 -95.47119 356.70776 1304.2694 2302.3865 3235.0432 3299.8992 3299.8992 3299.8992 3299.8992 3299.8992 3299.8992 3299.8992 3299.8992 3299.8992 3299.8992 3299.8992 1329.6478 -683.70667 -2014.1602 -3135.443 -3120.4375 -3105.6335 -3091.0308 -3076.5288 -3062.1277 -3047.9277 -3033.8286 -3019.931 -3006.0332 -2992.1355 -2490.9119 -2119.098 -1778.7048 -1621.6003 -1360.0616 -816.64124 -533.3496 -378.76282 -195.87708 140.38696 336.36475 721.06934 1687.8662 2702.3987 3299.8992 3299.8992 3299.8992 3299.8992 3299.8992 3299.8992 3299.8992 3299.8992 3299.8992 3299.8992 3299.8992 3235.5469 1134.375 -805.56335 -2130.075 -3141.5862 -3126.5808 -3111.7766 -3097.174 -3082.672 -3068.3716 -3054.1716 -3039.972 -3025.9734 -3011.975 -2998.0774 -2655.6702 -2355.8623 -2001.2695 -1643.0511 -1261.8713 -993.1824 -679.0741 -404.44336 -240.89355 -26.28479 263.35144 673.7366 1707.2021 2648.9226 3299.8992 3299.8992 3299.8992 3299.8992 3299.8992 3299.8992 3299.8992 3299.8992 3299.8992 3299.8992 3299.8992 3219.937 1148.2727 -672.7295 -2072.3694 -3142.694 -3127.6885 -3112.7837 -3098.1812 -3083.6792 -3069.2778 -3055.0781 -3040.8782 -3026.9805 -3012.9822 -2996.2646 -2661.4104 -2399.0662 -2095.6328 -1719.1864 -1328.3386 -896.5027 -537.47864 -292.65747 -146.93298 -22.055054 

18.832397 -0.10070801 4.0283203 4.2297363 8.560181 9.667969 -2.2155762 -9.265137 -6.5460205 -12.185669 -39.578247 -58.61206 -50.454712 -42.90161 -38.067627 -26.184082 -8.258057 11.682129 26.28479 60.827637 64.151 38.571167 9.365845 -9.063721 -28.29895 -43.606567 -59.014893 -53.475952 -24.673462 3.9276123 19.638062 21.652222 16.616821 0 3.3233643 16.616821 23.565674 20.24231 3.7261963 15.911865 35.247803 39.678955 50.354004 68.58215 60.424805 37.664795 16.71753 -4.9346924 -33.83789 -38.168335 -30.010986 -12.185669 -6.2438965 -3.8269043 -14.804077 -69.08569 -108.76465 -101.312256 -88.11951 -58.813477 -58.813477 -58.813477 -58.813477 -58.813477 -58.813477 -58.813477 -58.813477 -58.813477 -58.813477 -58.813477 -58.813477 -58.813477 -58.813477 -58.813477 -58.813477 -58.813477 -58.813477 -58.813477 -58.813477 -58.813477 76.84021 82.47986 79.96216 41.693115 15.710449 -9.164429 -29.910278 -60.62622 -72.71118 -68.984985 -62.338257 -46.224976 -25.076294 -2.7191162 22.357178 22.860718 -0.40283203 -21.652222 -19.335938 -3.9276123 1.2084961 0.70495605 -8.660889 -11.984253 -27.493286 -24.673462 -3.3233643 2.2155762 1.7120361 -7.0495605 -15.811157 -11.682129 -5.2368164 23.364258 32.32727 26.28479 30.010986 48.239136 40.182495 21.652222 -7.9559326 -5.1361084 -10.977173 -2.3162842 -0.60424805 -19.537354 -29.30603 -11.883545 -4.6325684 -21.652222 -53.67737 -50.05188 -64.151 -61.12976 -42.800903 -35.147095 -2.0141602 22.055054 56.19507 87.61597 107.35474 84.89685 68.88428 53.67737 35.147095 4.9346924 -34.643555 -45.620728 -39.678955 -22.961426 -2.4169922 17.523193 22.357178 0.40283203 10.070801 10.876465 15.609741 7.8552246 6.7474365 -9.768677 -30.514526 -21.24939 -15.811157 5.1361084 5.1361084 -11.883545 -36.35559 -28.701782 -18.22815 -12.286377 0.70495605 2.0141602 -0.50354004 1.7120361 2.7191162 -6.8481445 -3.4240723 -11.883545 -28.399658 -24.572754 -15.408325 -11.782837 1.2084961 14.300537 17.623901 26.385498 17.926025 5.0354004 -7.6538086 -17.019653 -5.5389404 24.77417 44.311523 70.29419 80.86853 100.6073 138.57422 134.14307 58.410645 -69.38782 
37.46338 56.5979 77.74658 73.61755 66.16516 72.40906 74.2218 78.95508 67.67578 57.000732 65.25879 67.77649 72.30835 41.793823 25.076294 34.542847 63.24463 95.5719 100.40588 95.773315 70.19348 27.896118 -7.3516846 -24.069214 -19.73877 -12.789917 -24.27063 -25.680542 -38.47046 -67.37366 -85.09827 -81.37207 -75.32959 -84.191895 -67.8772 -46.5271 -14.401245 -3.9276123 -5.9417725 -17.321777 -17.321777 -17.321777 -17.321777 -17.321777 -17.321777 -17.321777 -17.321777 -17.321777 -17.321777 -17.321777 -17.321777 -17.321777 -17.321777 -17.321777 -17.321777 -17.321777 -17.321777 -17.321777 -17.321777 -17.321777 -24.77417 8.761597 28.500366 47.131348 53.17383 56.09436 41.39099 28.903198 39.47754 47.836304 43.50586 25.680542 12.084961 -4.3304443 -5.9417725 -38.168335 -34.34143 -27.29187 2.0141602 14.199829 29.80957 37.664795 37.46338 14.300537 -4.8339844 -0.10070801 -6.4453125 -4.8339844 -6.1431885 12.991333 10.473633 6.6467285 9.869385 31.622314 63.345337 48.54126 42.39807 38.168335 39.37683 36.85913 33.535767 24.069214 27.896118 30.010986 18.22815 40.283203 53.67737 48.54126 19.23523 -2.5177002 -13.897705 -23.666382 -22.76001 -32.025146 -17.523193 -39.779663 -58.007812 -53.878784 -39.074707 -26.486206 -19.940186 -0.9063721 -12.084961 -20.443726 -29.507446 -26.989746 -40.686035 -45.52002 -52.56958 -40.686035 -45.822144 -75.83313 -71.90552 -105.23987 -86.8103 -80.36499 -50.253296 -15.710449 18.630981 39.88037 55.792236 44.815063 49.749756 46.5271 44.714355 40.88745 25.78125 16.113281 7.3516846 -18.328857 -49.44763 -48.54126 -30.31311 -26.385498 -8.963013 7.3516846 11.279297 15.609741 11.782837 7.4523926 6.2438965 18.630981 16.818237 -3.4240723 -10.272217 -0.9063721 -16.314697 -9.768677 -3.3233643 4.8339844 -5.9417725 3.0212402 -7.4523926 -13.696289 -9.365845 -14.703369 -6.2438965 25.27771 51.965332 80.163574 117.32483 161.73706 211.08398 235.55603 249.0509 266.6748 265.16418 257.10754 259.1217 233.34045 175.43335 120.14465 63.848877 31.32019 22.860718 8.157349 -22.155762 -65.3595 -131.02112 -172.3114 
3299.8992 3299.8992 3299.8992 3299.8992 3299.8992 3299.8992 3299.8992 3299.8992 3299.8992 3299.8992 3299.8992 3299.8992 3299.8992 3299.8992 3299.8992 3294.7632 -2728.482 3299.8992 -3279.4556 -3262.9395 -3246.7253 -3230.9143 -3215.103 -3198.9897 -3183.2793 -3167.871 -3152.664 -3137.6587 -3122.4517 -3107.6477 -3092.8435 -3078.241 -3063.739 -3049.4385 -3035.138 -3021.0388 -1452.9144 1374.3622 3299.8992 3299.8992 3299.8992 3299.8992 3299.8992 3299.8992 3299.8992 3299.8992 3299.8992 3299.8992 3299.8992 3299.8992 3299.8992 3299.8992 3299.8992 3299.8992 3299.8992 3293.5547 3287.5122 3299.8992 -3278.952 -3262.4358 -3246.121 -3229.7058 -3214.2974 -3197.9827 -3182.2722 -3167.0654 -3151.8584 -3136.853 -3121.7468 -3106.842 -3092.0378 -3077.4353 -3062.9333 -3048.532 -3034.4329 -3020.2332 -1125.412 1619.7876 3299.8992 3299.8992 3299.8992 3299.8992 3299.8992 3299.8992 3299.8992 3299.8992 3299.8992 3299.8992 3299.8992 3299.8992 3299.8992 3299.8992 3299.8992 3299.8992 3299.8992 3291.0369 3287.1094 3299.8992 -3279.0527 -3262.5366 -3246.3225 -3229.8064 -3213.8945 -3198.4863 -3182.8765 -3167.2668 -3151.7578 -3136.6516 -3121.5454 -3106.7412 -3092.0378 -3077.3345 -3062.8325 -3048.4314 -3034.2314 -3020.0317 -1113.4277 1693.7073 3299.8992 3299.8992 3299.8992 3299.8992 3299.8992 3299.8992 3299.8992 3299.8992 3299.8992 3299.8992 3299.8992 3299.8992 3299.8992 3299.8992 3299.8992 3299.8992 3299.8992 3290.1306 3288.5193 3299.8992 -3277.7434 -3261.3281 -3245.114 -3228.6987 -3213.1897 -3196.9756 -3181.366 -3166.159 -3150.9521 -3135.846 -3120.8403 -3105.9355 -3091.2322 -3076.6296 -3062.1277 -3047.7263 -3033.4258 -3019.226 -994.29016 1811.9385 3299.8992 3299.8992 3299.8992 3299.8992 3299.8992 3299.8992 3299.8992 3299.8992 3299.8992 3299.8992 3299.8992 3299.8992 3299.8992 3299.8992 3299.8992 3299.8992 3299.8992 3290.0298 3290.634 -3292.4468 -3275.7292 -3259.314 -3242.9993 -3227.2888 -3210.974 -3195.6665 -3180.0566 -3164.447 -3149.0386 -3133.9324 -3118.927 -3104.0222 -3089.3188 -3074.716 -3060.1135 -3045.813 -3031.5125 -3016.6077 -1007.6843 1813.9526 3299.8992 3299.8992 
3299.8992 3299.8992 3299.8992 3299.8992 3299.8992 3299.8992 3299.8992 3299.8992 3299.8992 3299.8992 3299.8992 3299.8992 3299.6978 3284.8938 3269.989 3254.5806 -2537.5396 3263.9465 3279.657 3295.166 -3289.5264 -3274.0173 -3259.2131 -3244.3083 -3229.4036 -3215.103 -3200.1982 -3185.8977 -3171.4966 -3157.498 -3143.2983 -3129.2998 -3115.503 -3101.7058 -3088.1104 -2915.6982 -632.2449 1685.4492 3299.8992 3299.8992 3299.8992 3299.8992 3299.8992 3299.8992 3299.8992 3299.8992 3299.8992 3299.8992 3299.8992 3299.8992 3299.8992 3299.8992 3299.8992 3287.21 3272.3052 3256.6956 -3144.7083 3267.6726 3283.383 3298.892 -3285.8 -3270.3918 -3255.487 -3240.5823 -3225.778 -3211.4775 -3196.6736 -3182.2722 -3167.9717 -3153.8726 -3139.7734 -3125.8757 -3111.978 -3098.2817 -3084.7869 -3032.5195 -900.3296 1322.699 3299.8992 3299.8992 3299.8992 3299.8992 3299.8992 3299.8992 3299.8992 3299.8992 3299.8992 3299.8992 3299.8992 3299.8992 3299.8992 3299.8992 3299.8992 3293.8567 3278.7505 3263.04 3260.8245 3276.7363 3292.5476 3299.8992 -3276.7363 -3261.4287 -3246.4233 -3231.8206 -3217.0166 -3202.716 -3188.0127 -3173.5107 -3159.4116 -3145.3125 -3131.314 -3117.4163 -3103.6194 -3089.8223 -3076.5288 -2387.2832 135.55298 2546.4019 3299.8992 3299.8992 3299.8992 3299.8992 3299.8992 3299.8992 3299.8992 3299.8992 3299.8992 3299.8992 3299.8992 3299.8992 3299.8992 3299.8992 3299.8992 3288.6199 3273.5137 3257.7026 3256.9976 3272.9094 3288.7207 3299.8992 -3280.5632 -3265.155 -3250.3508 -3235.5469 -3220.7427 -3206.0393 -3191.7388 -3177.3376 -3163.037 -3148.8372 -3134.9395 -3121.0417 -3107.2449 -3093.5486 -3080.0537 -2280.3313 173.6206 2290.805 3299.8992 3299.8992 3299.8992 3299.8992 3299.8992 3299.8992 3299.8992 3299.8992 3299.8992 3299.8992 3299.8992 3299.8992 3299.8992 3299.8992 3299.8992 3285.6995 3270.6938 3252.2644 3256.4941 3272.5066 3288.1165 3299.8992 -3280.966 -3266.162 -3250.8545 -3236.0503 -3221.347 -3206.3416 -3192.2424 -3177.7405 -3163.5405 -3149.4414 -3135.443 -3121.4446 -3107.7483 -3094.052 -3080.5571 -2178.4148 511.59668 2709.851 3299.8992 3299.8992 
3145.6145 3161.4258 3176.7334 3192.1416 3207.2478 3222.5554 3237.9639 3252.9692 3267.6726 3282.4768 3297.2808 -3288.0156 -3273.413 -3258.9111 -3244.4092 -3230.2092 1779.9133 3299.8992 3299.8992 3299.8992 3299.8992 3299.8992 3286.0015 3271.298 3256.192 3241.388 3226.886 3211.377 3196.6736 3182.2722 3167.7703 3153.2683 3139.0686 3124.768 3094.9585 1773.1659 -92.44995 -1638.1165 -2716.397 3128.4941 3144.3054 3160.0159 3175.827 3191.1345 3206.6436 3221.8506 3236.6545 3251.8616 3266.9678 3281.9731 3296.7773 -3288.5193 -3273.9165 -3259.4146 -3244.9126 -3230.612 2073.477 3299.8992 3299.8992 3299.8992 3299.8992 3298.892 3283.8867 3269.0825 3254.6814 3239.7766 3224.6704 3209.4634 3195.1628 3180.7617 3166.2598 3151.7578 3137.5579 3123.2573 3071.3928 1582.3242 -376.84937 -1909.4238 -3173.6113 3132.6233 3148.4343 3164.0442 3179.4524 3194.76 3209.8662 3225.1738 3240.5823 3255.5876 3270.291 3285.0952 3299.8992 -3285.3972 -3270.7947 -3256.2927 -3241.9922 -3227.6917 2636.4348 3299.8992 3299.8992 3299.8992 3299.8992 3299.6978 3285.0952 3270.4924 3255.2856 3240.4814 3226.0803 3210.5713 3195.868 3181.5674 3167.0654 3152.5635 3138.263 3123.9624 3075.9246 1572.6562 -385.9131 -1947.995 -3144.0032 3133.6304 3149.4414 3164.9504 3180.7617 3195.868 3211.5784 3226.7852 3241.4885 3256.897 3271.9023 3286.8071 3299.8992 -3283.8867 -3269.284 -3254.782 -3240.3809 -3196.9756 3111.978 3299.8992 3299.8992 3299.8992 3299.8992 3299.5972 3284.793 3269.6868 3255.2856 3240.4814 3225.2747 3210.0676 3195.868 3181.366 3166.9646 3152.362 3138.162 3123.761 3017.0105 1460.4675 -332.0343 -1832.5836 -3133.1267 3133.429 3149.1394 3164.8499 3180.1575 3195.465 3210.5713 3225.879 3241.287 3256.192 3270.996 3285.8 3299.8992 -3284.6924 -3270.1904 -3255.5876 -3241.287 -3008.0474 3299.8992 3299.8992 3299.8992 3299.8992 3299.8992 3296.3745 3281.7717 3266.9678 3252.063 3237.2588 3222.8577 3207.3486 3192.6453 3178.244 3163.742 3149.24 3135.0403 3120.8403 2964.9443 1273.4528 -597.90344 -1956.253 -3156.2896 3133.3281 
3291.742 3299.8992 3299.8992 3299.8992 3299.8992 3299.8992 3299.8992 3299.8992 3299.8992 3299.8992 3299.8992 3299.8992 3299.8992 3299.8992 3299.8992 3299.8992 1372.348 -3176.834 -3161.1235 -3145.816 -3130.7097 -3115.6035 -3100.4973 -3085.794 -3071.3928 -3056.8909 -3042.5903 -3028.3904 -3014.2913 -3000.1921 -2986.4958 -2972.5981 -2958.9019 -2945.407 -2931.912 -2918.518 -2020.0012 -540.09705 879.78516 2139.9443 3126.3794 3299.8992 3299.8992 3299.8992 3299.8992 3299.8992 3299.8992 3299.8992 3299.8992 3299.8992 3299.8992 3299.8992 3299.8992 3299.8992 3299.8992 3299.8992 962.66785 -3176.3306 -3160.62 -3145.2117 -3130.005 -3114.8987 -3100.4973 -3085.492 -3070.8892 -3056.488 -3042.0867 -3027.7861 -3013.7878 -2999.7893 -2985.8916 -2972.0947 -2958.499 -2944.9036 -2931.4087 -2902.5054 -1720.2942 -402.83203 925.00305 2262.506 3299.8992 3299.8992 3299.8992 3299.8992 3299.8992 3299.8992 3299.8992 3299.8992 3299.8992 3299.8992 3299.8992 3299.8992 3299.8992 3299.8992 3299.8992 3299.8992 385.9131 -3176.7334 -3161.1235 -3145.7153 -3130.6091 -3115.503 -3101.001 -3085.9954 -3071.4934 -3056.8909 -3042.5903 -3028.3904 -3014.2913 -3000.3936 -2986.3953 -2972.5981 -2958.9019 -2945.407 -2932.013 -2918.6187 -1909.021 -438.9862 911.4075 2224.0356 3271.0967 3299.8992 3299.8992 3299.8992 3299.8992 3299.8992 3299.8992 3299.8992 3299.8992 3299.8992 3299.8992 3299.8992 3299.8992 3299.8992 3299.8992 3299.8992 73.41614 -3174.2156 -3158.606 -3143.1975 -3128.0913 -3113.086 -3098.0803 -3083.4778 -3068.9758 -3054.5745 -3040.1733 -3026.0742 -3011.8743 -2997.876 -2984.0789 -2970.3826 -2956.6863 -2943.1914 -2929.6965 -2916.3025 -1912.9486 -367.1814 1093.2861 2343.576 3299.8992 3299.8992 3299.8992 3299.8992 3299.8992 3299.8992 3299.8992 3299.8992 3299.8992 3299.8992 3299.8992 3299.8992 3299.8992 3299.8992 3299.8992 3299.8992 -648.8617 -3170.691 -3155.081 -3139.7734 -3124.6672 -3109.6619 -3094.6562 -3080.2551 -3065.7532 -3051.2512 -3036.9507 -3022.7507 -3008.7524 -2994.8547 -2980.957 -2967.2607 -2953.665 -2940.0696 -2926.6753 -2739.5598 -1317.7643 162.54272 1483.0261 2580.7434 
3250.955 3101.8066 3118.8262 3135.1409 3151.4556 3167.7703 3184.085 3200.0977 3216.11 3231.9214 3247.8333 3263.6443 3279.3547 3294.6624 -3289.7278 -3274.3193 814.42566 3299.8992 3299.8992 3286.203 3270.996 3255.5876 3239.978 3225.1738 3209.967 3194.6594 3179.0496 3163.742 3148.5352 3132.5225 3117.7185 3103.0151 3088.3118 3070.8892 2817.4072 1538.3148 202.12097 -888.74817 -1741.4429 -2532.2021 -3189.0198 3098.0803 3114.395 3131.314 3147.83 3164.0442 3180.359 3196.4722 3212.5854 3228.296 3244.4092 3260.0188 3275.6287 3291.2383 3299.8992 -3277.8442 1230.954 3299.8992 3295.9717 3280.7646 3265.5579 3250.4517 3234.7412 3219.7356 3204.6294 3189.3218 3174.0142 3158.4045 3143.1975 3127.2856 3112.5823 3097.879 3083.075 3064.9475 2499.9756 1152.5024 -180.67017 -1170.5292 -2089.5903 -2871.3867 3087.1033 3103.9214 3120.0347 3136.9536 3153.3691 3169.7844 3185.9985 3202.011 3217.9229 3233.8347 3249.646 3265.3564 3280.966 3296.6765 -3287.8142 -3189.2212 1659.3658 3299.8992 3298.892 3283.5845 3268.3777 3253.1707 3237.3596 3222.5554 3207.2478 3191.8396 3176.6326 3161.023 3145.816 3129.904 3115.2007 3100.4973 3085.8948 3068.1702 2593.936 1160.1562 -243.9148 -1291.2781 -2211.8499 -2950.0396 3090.9302 3107.6477 3123.8616 3140.68 3157.196 3173.3093 3189.5232 3205.6365 3221.6492 3237.3596 3253.2715 3268.982 3284.793 3299.8992 -3284.3901 -3123.4587 1755.8441 3299.8992 3299.8992 3286.4043 3271.0967 3255.89 3240.0786 3225.1738 3209.967 3194.5586 3179.1504 3163.6414 3148.5352 3132.5225 3117.819 3103.2166 3088.4124 3070.6877 2678.833 1344.1498 52.972412 -950.7843 -1902.3743 -2724.2522 3266.2627 3102.713 3119.6318 3135.9465 3152.362 3168.6768 3184.79 3201.004 3216.9158 3232.8276 3248.639 3264.5508 3280.1604 3295.6694 -3288.8213 -2936.0413 2248.9104 3299.8992 3294.7632 3279.5562 3264.3494 3248.941 3233.9355 3218.527 3203.3203 3188.0127 3172.5037 3156.9946 3141.7876 3126.0771 3111.3738 3096.6704 3081.967 3064.1418 2608.2366 1126.117 -264.86206 -1354.0192 -2244.58 -3077.536 
137.36572 633.5541 1698.8434 2713.7786 3299.8992 3299.8992 3299.8992 3299.8992 3299.8992 3299.8992 3299.8992 3299.8992 3299.8992 3299.8992 3299.8992 3178.7476 1029.7394 -768.2007 -2109.329 -3142.7947 -3127.7893 -3112.7837 -3098.2817 -3083.7798 -3069.4792 -3055.1787 -3040.979 -3026.9805 -3013.0828 -2997.0703 -2664.0288 -2375.5005 -1991.6016 -1849.2004 -1706.5979 -1256.131 -768.6035 -411.2915 -135.35156 117.72766 260.83374 664.77356 1778.5034 2651.1382 3299.8992 3299.8992 3299.8992 3299.8992 3299.8992 3299.8992 3299.8992 3299.8992 3299.8992 3299.8992 3299.8992 3098.7854 1015.2374 -767.0929 -2133.197 -3139.1692 -3124.1638 -3109.4604 -3094.9585 -3080.3557 -3065.9546 -3051.8555 -3037.6555 -3023.6572 -3009.6587 -2873.703 -2344.6838 -2095.23 -1959.4757 -1737.4146 -1391.684 -983.6151 -539.7949 -292.55676 -132.63245 -27.29187 177.04468 882.7057 1885.2539 2823.8525 3299.8992 3299.8992 3299.8992 3299.8992 3299.8992 3299.8992 3299.8992 3299.8992 3299.8992 3299.8992 3299.8992 2999.588 819.56177 -903.8544 -2163.9128 -3143.097 -3128.1921 -3113.388 -3098.7854 -3084.2834 -3069.983 -3055.5815 -3041.4824 -3027.3833 -3013.4856 -2999.6887 -2752.5513 -2489.099 -2292.1143 -2023.9288 -1708.2092 -1295.9106 -887.43896 -488.83667 -187.11548 47.131348 239.38293 774.646 1970.9564 2665.741 3299.8992 3299.8992 3299.8992 3299.8992 3299.8992 3299.8992 3299.8992 3299.8992 3299.8992 3299.8992 3299.8992 2811.4653 586.72485 -976.062 -2200.2686 -3132.019 -3117.0134 -3102.31 -3087.808 -3073.407 -3059.1064 -3044.806 -3030.8074 -3016.9097 -3003.012 -2989.1143 -2524.7498 -2193.219 -2050.717 -1906.8054 -1568.2251 -1102.652 -694.98596 -497.09473 -235.35461 81.87561 300.81482 843.42957 1967.5323 2616.0918 3299.8992 3299.8992 3299.8992 3299.8992 3299.8992 3299.8992 3299.8992 3299.8992 3299.8992 3299.8992 3299.8992 2670.7764 429.51965 -1145.755 -2285.266 -3125.5737 -3110.568 -3095.8647 -3081.3628 -3066.9617 -3052.6611 -3038.4612 -3024.5635 -3010.5652 -2996.768 -2983.0718 -2623.645 -2323.233 -1991.803 -1731.7749 -1357.6447 -1033.8684 -702.7405 -326.7975 10.876465 328.4088 

-192.95654 -222.96753 -179.05884 -99.70093 -40.38391 3.4240723 27.896118 21.148682 29.80957 55.18799 71.09985 72.40906 82.78198 70.999146 38.772583 -17.321777 -52.368164 -75.631714 -77.645874 -61.23047 -51.159668 -55.69153 -41.189575 -0.80566406 11.279297 0.10070801 -31.622314 -38.671875 -20.645142 0.40283203 19.033813 25.27771 22.558594 6.3446045 33.132935 51.965332 44.110107 33.535767 23.76709 -4.1290283 -13.595581 -18.026733 -17.22107 -15.710449 -18.127441 -28.701782 -36.053467 -3.2226562 -5.7403564 -9.063721 -7.4523926 -11.279297 -8.862305 -9.667969 -3.9276123 -12.084961 -9.466553 -7.9559326 -3.9276123 2.3162842 0 -8.862305 -3.9276123 -1.8127441 11.682129 19.638062 28.601074 32.528687 20.040894 7.4523926 11.279297 25.378418 20.645142 21.853638 12.789917 31.723022 27.090454 32.32727 28.097534 22.457886 9.365845 21.148682 29.30603 12.689209 15.811157 -13.293457 -38.36975 -39.779663 -33.33435 -9.063721 -3.6254883 -10.574341 4.7332764 21.75293 4.4311523 -25.076294 -64.55383 -86.60889 -98.69385 -103.02429 -98.794556 -80.4657 -44.51294 -34.744263 -47.634888 -26.28479 -2.5177002 20.24231 38.067627 46.5271 43.90869 37.86621 43.00232 55.08728 25.680542 6.6467285 -5.4382324 -13.192749 2.7191162 20.24231 35.85205 63.546753 86.30676 78.25012 40.88745 -5.2368164 -41.088867 -27.090454 -14.904785 -13.394165 0.10070801 -6.4453125 5.1361084 10.070801 15.911865 9.365845 15.005493 11.480713 -4.3304443 -11.682129 -23.565674 -21.450806 -9.667969 1.3092041 1.4099121 -3.4240723 -5.9417725 2.9205322 6.1431885 10.070801 2.9205322 -9.667969 -13.494873 8.459473 23.464966 37.46338 33.132935 21.551514 27.593994 28.80249 42.196655 60.827637 62.338257 72.9126 63.24463 72.10693 54.68445 44.51294 16.113281 5.5389404 35.751343 56.396484 54.0802 27.694702 -31.118774 -68.28003 -70.69702 -66.36658 -48.742676 -16.71753 -4.3304443 -35.147095 -62.64038 -86.10535 -113.09509 -103.125 -88.220215 -60.021973 -30.514526 -15.206909 -2.4169922 11.178589 4.7332764 18.429565 33.233643 43.40515 17.22107 -13.696289 -33.737183 -52.972412 -62.338257 -33.9386 -12.286377 -1.4099121 16.21399 17.72461 28.601074 18.73169 -1.9134521 -3.6254883 6.4453125 14.199829 16.012573 0.50354004 -45.620728 -72.9126 -58.10852 -24.472046 -0.50354004 -29.608154 
-173.31848 -176.23901 -195.37354 -214.30664 -228.20435 -229.81567 -243.00842 -213.60168 -200.91248 -173.92273 -126.79138 -68.984985 -32.83081 -30.31311 -45.721436 -64.85596 -52.56958 -51.361084 -44.110107 -50.857544 -63.14392 -51.965332 -15.811157 29.003906 30.615234 40.283203 -1.1077881 -17.825317 -19.940186 -17.321777 -10.775757 8.660889 9.365845 10.675049 18.832397 -4.1290283 15.206909 14.703369 5.1361084 -8.358765 -22.76001 -21.853638 -37.261963 -38.87329 -34.542847 -25.479126 -27.392578 -7.6538086 -12.890625 -4.7332764 -11.077881 -7.2509766 -6.5460205 -19.537354 -10.372925 -7.2509766 -6.3446045 4.9346924 5.9417725 8.358765 16.415405 17.422485 24.169922 30.010986 23.666382 32.528687 41.89453 47.232056 59.317017 67.8772 74.72534 70.19348 75.4303 86.30676 101.11084 111.8866 124.97864 132.43103 113.1958 92.752075 96.37756 96.276855 77.545166 68.481445 87.01172 85.60181 84.191895 67.37366 37.765503 36.95984 37.96692 25.479126 5.3375244 1.1077881 -18.630981 -30.81665 -46.92993 -99.298096 -145.9259 -167.07458 -154.88892 -134.5459 -99.90234 -52.670288 -50.152588 -45.01648 -54.58374 -56.900024 -76.7395 -84.59473 -84.191895 -90.33508 -74.32251 -41.189575 -38.269043 -59.820557 -46.224976 -52.368164 -44.714355 -33.33435 -18.328857 -2.8198242 -3.2226562 -1.6113281 -23.26355 -12.890625 -31.622314 -40.081787 -47.735596 -24.673462 -8.660889 4.1290283 4.7332764 -1.6113281 -2.7191162 4.9346924 12.789917 5.3375244 -2.6184082 0 9.567261 10.876465 18.328857 22.558594 19.033813 21.75293 26.083374 24.27063 19.436646 25.177002 33.43506 36.557007 29.80957 23.162842 20.141602 23.968506 21.853638 19.033813 17.120361 22.76001 31.521606 42.599487 35.85205 37.564087 26.083374 29.507446 7.8552246 30.615234 26.28479 52.56958 50.354004 72.10693 65.05737 70.29419 69.89136 74.523926 82.681274 73.516846 74.32251 59.1156 47.03064 28.500366 21.350098 11.480713 -22.860718 -33.032227 -50.756836 -57.10144 -70.3949 -91.8457 -105.944824 -88.52234 -73.516846 -27.996826 -5.9417725 3.4240723 6.5460205 4.7332764 11.581421 18.127441 20.040894 25.579834 3.0212402 -22.659302 -40.182495 -44.51294 -61.029053 -66.467285 -64.35242 -52.871704 -44.311523 -7.1502686 -12.286377 9.869385 14.099121 20.141602 38.974 41.693115 25.881958 -0.20141602 
3299.8992 3299.8992 3299.8992 3299.8992 3299.8992 3299.8992 3299.8992 3299.8992 3299.8992 3299.8992 3299.8992 3299.8992 3299.8992 3299.8992 3299.8992 3290.5334 3294.3604 -3288.7207 -3272.0032 -3255.5876 -3239.4744 -3223.6633 -3207.953 -3191.8396 -3176.3306 -3161.023 -3145.9167 -3130.7097 -3115.805 -3101.001 -3086.2976 -3071.5942 -3057.1929 -3042.8923 -3028.6926 -2996.869 -761.55396 1976.294 3299.8992 3299.8992 3299.8992 3299.8992 3299.8992 3299.8992 3299.8992 3299.8992 3299.8992 3299.8992 3299.8992 3299.8992 3299.8992 3299.8992 3299.8992 3299.8992 3299.8992 3279.959 3296.9788 -3286.203 -3269.4854 -3253.1707 -3236.9568 -3220.642 -3205.2336 -3189.2212 -3173.5107 -3158.3037 -3143.2983 -3128.0913 -3113.1865 -3098.3826 -3083.6792 -3069.0764 -3054.776 -3040.3748 -3026.1748 -2837.2466 -279.66614 2585.7788 3299.8992 3299.8992 3299.8992 3299.8992 3299.8992 3299.8992 3299.8992 3299.8992 3299.8992 3299.8992 3299.8992 3299.8992 3299.8992 3299.8992 3299.8992 3299.8992 3299.8992 3120.0347 3296.173 -3286.908 -3270.291 -3253.9763 -3237.863 -3222.052 -3205.838 -3190.4297 -3174.9207 -3159.4116 -3144.0032 -3128.897 -3113.8916 -3099.0874 -3084.384 -3069.7815 -3055.3801 -3041.0796 -3026.9805 -2671.2798 -6.2438965 2727.072 3299.8992 3299.8992 3299.8992 3299.8992 3299.8992 3299.8992 3299.8992 3299.8992 3299.8992 3299.8992 3299.8992 3299.8992 3299.8992 3299.8992 3299.8992 3299.8992 3299.8992 2865.8477 3294.461 -3288.7207 -3272.1038 -3255.5876 -3239.4744 -3223.1597 -3207.7515 -3191.5374 -3175.9277 -3160.8215 -3145.7153 -3130.5083 -3115.6035 -3100.7996 -3086.0962 -3071.3928 -3056.9915 -3042.5903 -3028.4912 -2695.9534 -247.8424 2438.4429 3299.8992 3299.8992 3299.8992 3299.8992 3299.8992 3299.8992 3299.8992 3299.8992 3299.8992 3299.8992 3299.8992 3299.8992 3299.8992 3299.8992 3299.8992 3299.8992 3299.8992 2281.5398 3298.2878 -3284.8938 -3268.2769 -3251.9622 -3235.8489 -3219.5342 -3203.6223 -3188.214 -3172.705 -3157.196 -3141.7876 -3126.6814 -3111.7766 -3097.0732 -3082.3699 -3067.7673 -3053.2654 -3039.1663 -3024.9663 -2352.7405 464.56604 3139.6729 3299.8992 3299.8992 3299.8992 3299.8992 3299.8992 3299.8992 3299.8992 3299.8992 3299.8992 3299.8992 3299.8992 3299.8992 3299.8992 3299.8992 3299.8992 3299.8992 3299.8992 1900.8636 3296.0723 -3287.1094 -3270.4924 -3254.1777 
3299.8992 3299.8992 3299.8992 3299.8992 3299.8992 3299.8992 3299.8992 3299.8992 3299.8992 3299.8992 3299.8992 3299.8992 3296.576 3281.6711 3266.6655 3216.4124 3254.48 3270.4924 3286.0015 3299.8992 -3283.1816 -3268.1763 -3252.9692 -3238.1653 -3223.361 -3208.4563 -3194.1558 -3179.8552 -3165.5547 -3151.355 -3137.3564 -3123.4587 -3109.7625 -3095.9656 -3082.3699 -2762.0178 -792.1692 1503.2684 3299.8992 3299.8992 3299.8992 3299.8992 3299.8992 3299.8992 3299.8992 3299.8992 3299.8992 3299.8992 3299.8992 3299.8992 3299.8992 3299.8992 3299.8992 3293.1519 3278.0457 3056.3872 3267.4712 3283.484 3299.0935 -3285.498 -3270.1904 -3255.487 -3240.28 -3225.476 -3210.7727 -3196.0693 -3181.8694 -3167.5688 -3153.2683 -3139.27 -3125.2715 -3111.4746 -3097.7783 -3084.1826 -3070.6877 -1759.5703 829.129 3060.214 3299.8992 3299.8992 3299.8992 3299.8992 3299.8992 3299.8992 3299.8992 3299.8992 3299.8992 3299.8992 3299.8992 3299.8992 3299.8992 3299.8992 3299.8992 3286.6057 3271.4995 2670.474 3263.745 3279.657 3295.2666 -3289.224 -3274.0173 -3259.1125 -3243.9055 -3229.1016 -3214.4988 -3199.6948 -3185.3943 -3171.0938 -3156.8938 -3142.7947 -3128.7964 -3114.8987 -3101.303 -3087.6067 -3074.1118 -1812.8448 616.5344 2776.016 3299.8992 3299.8992 3299.8992 3299.8992 3299.8992 3299.8992 3299.8992 3299.8992 3299.8992 3299.8992 3299.8992 3299.8992 3299.8992 3299.8992 3299.8992 3285.498 3270.3918 2522.8362 3263.3423 3279.2542 3294.9646 -3289.627 -3274.4202 -3259.5154 -3244.4092 -3229.5044 -3214.9016 -3200.601 -3185.8977 -3171.4966 -3157.2966 -3143.1975 -3129.2998 -3115.402 -3101.7058 -3088.0095 -3074.5146 -1595.7184 1040.918 3172.6042 3299.8992 3299.8992 3299.8992 3299.8992 3299.8992 3299.8992 3299.8992 3299.8992 3299.8992 3299.8992 3299.8992 3299.8992 3299.8992 3299.8992 3295.9717 3281.067 3265.9607 1825.534 3261.9324 3277.9448 3293.3533 3299.8992 -3275.9307 -3260.5225 -3245.819 -3231.015 -3216.3115 -3202.011 -3187.3076 -3173.007 -3158.7065 -3144.6074 -3130.7097 -3116.812 -3103.0151 -3089.4194 -3075.9246 -1421.1914 1003.656 3048.9348 3299.8992 3299.8992 3299.8992 3299.8992 3299.8992 3299.8992 3299.8992 3299.8992 3299.8992 3299.8992 3299.8992 3299.8992 3299.8992 3299.8992 3294.3604 3279.4556 3264.2485 1407.0923 3261.731 3277.6428 3293.2524 3299.8992 
3149.0386 3164.6484 3180.359 3195.465 3211.1755 3226.4832 3241.0857 3256.4941 3271.399 3286.4043 3299.8992 -3284.1887 -3269.5862 -3255.0842 -3240.7837 -2855.8777 3299.8992 3299.8992 3299.8992 3299.8992 3299.8992 3295.8708 3280.8655 3266.162 3251.2573 3236.554 3221.5483 3206.3416 3192.1416 3177.7405 3163.1377 3148.8372 3134.6375 3120.337 2910.8643 1239.1113 -658.8318 -2074.2827 3199.6948 3134.738 3150.5493 3166.159 3181.366 3196.7742 3212.1826 3227.3894 3242.1936 3257.5012 3272.5066 3287.4114 3299.8992 -3283.1816 -3268.579 -3254.0771 -3239.7766 -2498.767 3299.8992 3299.8992 3299.8992 3299.8992 3299.8992 3294.2595 3279.3547 3264.45 3249.646 3234.8418 3220.3398 3204.8308 3190.2283 3175.827 3161.325 3147.0244 3132.6233 3118.3228 2752.0476 947.56165 -820.77026 -2143.872 3190.631 3135.745 3151.4556 3167.0654 3182.776 3198.0835 3213.391 3228.3965 3243.9055 3258.9111 3273.413 3288.3179 3299.8992 -3282.2754 -3267.572 -3252.9692 -3238.568 -2248.709 3299.8992 3299.8992 3299.8992 3299.8992 3299.8992 3293.756 3279.1533 3264.2485 3249.7466 3235.144 3219.8364 3204.5288 3190.4297 3176.0283 3161.6272 3147.2258 3132.9253 3118.7256 2692.9321 839.9048 -858.6365 -2211.145 3296.576 3136.853 3152.664 3168.274 3183.4807 3198.7883 3214.3982 3229.605 3244.2078 3259.5154 3274.6216 3289.4255 3299.8992 -3281.1675 -3266.565 -3252.063 -3237.6616 -1900.5615 3299.8992 3299.8992 3299.8992 3299.8992 3299.8992 3292.9504 3277.9448 3263.3423 3248.236 3233.432 3219.0308 3203.5217 3188.919 3174.5178 3160.0159 3145.6145 3131.4148 3116.2078 2615.0847 666.5863 -1020.1721 -2292.819 3184.3872 3137.7593 3153.5706 3169.1802 3184.79 3200.3997 3215.3044 3230.4106 3245.9197 3260.8245 3275.4272 3290.4326 3299.8992 -3280.3618 -3265.7593 -3251.2573 -3236.9568 -1465.1001 3299.8992 3299.8992 3299.8992 3299.8992 3299.8992 3291.8425 3277.24 3262.2344 3247.7324 3233.029 3217.9229 3202.716 3188.516 3174.115 3159.7136 3145.413 3131.1125 3116.51 2584.1675 617.2394 -1082.309 -2476.6113 3123.9624 3139.7734 3155.484 3170.993 3186.3005 3201.5076 3217.1172 3232.2234 3246.9268 3262.2344 3277.3406 3292.2454 3299.8992 -3278.549 -3263.9465 -3249.5452 -3235.144 -1171.8384 3299.8992 3299.8992 3299.8992 3299.8992 
3299.8992 3299.8992 3299.8992 3299.8992 3299.8992 3299.8992 3299.8992 3299.8992 3299.8992 3299.8992 3299.8992 3299.8992 3299.8992 3299.8992 3299.8992 3299.8992 -868.9087 -3175.2227 -3159.7136 -3144.406 -3129.1992 -3114.1936 -3099.6917 -3084.6863 -3070.0835 -3055.6824 -3041.3818 -3027.182 -3013.1836 -2998.9836 -2985.1868 -2971.4905 -2957.7942 -2944.2993 -2930.8044 -2825.6653 -1495.1111 -163.75122 1143.6401 2342.5688 3299.8992 3299.8992 3299.8992 3299.8992 3299.8992 3299.8992 3299.8992 3299.8992 3299.8992 3299.8992 3299.8992 3299.8992 3299.8992 3299.8992 3299.8992 3299.8992 -1330.6549 -3172 -3156.491 -3141.0828 -3125.9766 -3111.0718 -3096.5698 -3081.665 -3067.0623 -3052.5603 -3038.2598 -3024.06 -3009.961 -2996.0632 -2982.1655 -2968.5698 -2954.8735 -2941.3787 -2927.9846 -2889.3127 -1756.3477 -354.7943 1091.7755 2352.942 3299.8992 3299.8992 3299.8992 3299.8992 3299.8992 3299.8992 3299.8992 3299.8992 3299.8992 3299.8992 3299.8992 3299.8992 3299.8992 3299.8992 3299.8992 3299.8992 -1515.2527 -3166.0583 -3150.5493 -3135.2417 -3120.1355 -3105.2307 -3090.225 -3075.7231 -3061.322 -3046.9207 -3032.5195 -3018.4204 -3004.5227 -2990.4236 -2976.6265 -2962.9302 -2949.4353 -2935.9404 -2922.5464 -2733.014 -1410.5164 58.813477 1419.4794 2457.9802 3299.8992 3299.8992 3299.8992 3299.8992 3299.8992 3299.8992 3299.8992 3299.8992 3299.8992 3299.8992 3299.8992 3299.8992 3299.8992 3299.8992 3299.8992 3299.8992 -2015.6708 -3164.1448 -3148.6357 -3133.429 -3118.3228 -3103.3171 -3088.916 -3074.0112 -3059.4084 -3045.0073 -3030.8074 -3016.6077 -3002.6091 -2988.6108 -2974.9146 -2961.2183 -2947.7234 -2934.1277 -2920.8342 -2717.7063 -1409.2072 -109.26819 1159.2499 2360.9985 3299.8992 3299.8992 3299.8992 3299.8992 3299.8992 3299.8992 3299.8992 3299.8992 3299.8992 3299.8992 3299.8992 3299.8992 3299.8992 3299.8992 3299.8992 3229.8064 -2358.6821 -3158.606 -3143.097 -3127.89 -3112.8845 -3097.879 -3083.4778 -3068.6736 -3054.1716 -3039.6697 -3025.5706 -3011.3708 -2997.3723 -2983.5754 -2969.7783 -2956.082 -2942.5872 -2929.193 -2915.7988 -2399.5696 -1041.2201 265.86914 1486.1481 2635.73 3299.8992 3299.8992 3299.8992 3299.8992 3299.8992 3299.8992 3299.8992 3299.8992 3299.8992 3299.8992 3299.8992 3299.8992 3299.8992 3299.8992 3299.8992 3099.591 -2778.9368 -3159.613 -3144.104 -3128.897 
3088.6138 3105.3313 3122.1497 3138.4644 3154.8796 3171.0938 3187.4084 3203.5217 3219.3328 3235.2446 3251.1565 3266.867 3282.4768 3298.0864 -3286.5051 -2618.811 2676.1138 3299.8992 3294.2595 3279.0527 3263.745 3248.4375 3233.432 3218.0237 3202.9175 3187.4084 3172 3156.491 3141.2842 3125.5737 3110.8704 3096.0662 3081.4636 3062.732 2466.742 993.98804 -398.5016 -1448.6847 -2242.465 -3047.4243 3090.326 3107.144 3124.063 3140.3777 3156.6924 3172.9065 3189.2212 3205.133 3221.1455 3236.9568 3252.8687 3268.4783 3284.2896 3299.7986 -3284.6924 -2400.778 3043.1946 3299.8992 3294.159 3278.952 3263.6443 3248.4375 3233.432 3217.9229 3202.6152 3187.3076 3171.7986 3156.2896 3141.1833 3125.473 3110.669 3095.9656 3081.2622 3063.5376 2529.8857 1039.2059 -301.11694 -1300.6439 -2146.591 -2909.152 3087.3047 3104.0222 3120.337 3137.155 3153.772 3169.9858 3186.099 3202.1118 3218.225 3234.0361 3249.948 3265.5579 3281.5703 3296.7773 -3287.7136 -2237.0269 3186.502 3299.8992 3290.2312 3274.9236 3259.7168 3244.6106 3228.7993 3213.9954 3198.8892 3183.3801 3167.9717 3152.664 3137.3564 3121.646 3107.0435 3092.34 3077.536 3059.3079 2311.6516 878.37524 -445.53223 -1432.7728 -2247.702 -2928.0852 3087.3047 3104.3242 3120.337 3137.2559 3153.772 3170.0867 3186.2 3202.2124 3218.3257 3234.0361 3249.948 3265.7593 3281.369 3296.878 -3287.6128 -1998.7518 3299.8992 3299.8992 3288.8213 3273.6145 3258.206 3242.9993 3227.3894 3212.4846 3197.3784 3181.9702 3166.6626 3151.2542 3136.0474 3120.236 3105.7341 3090.9302 3076.126 3055.481 2209.4329 771.8262 -508.0719 -1508.7067 -2308.5295 -3049.3376 3088.916 3105.7341 3121.7468 3138.7664 3155.182 3171.2952 3187.6099 3203.5217 3219.635 3235.446 3251.2573 3266.9678 3282.7788 3298.2878 -3286.203 -1436.0962 3299.8992 3299.8992 3286.5051 3271.399 3256.0913 3240.8843 3225.0732 3210.269 3195.0623 3179.6538 3164.3462 3148.938 3133.8318 3117.92 3103.3171 3088.7146 3073.709 2953.8665 1956.7566 465.57312 -691.4612 -1666.4154 -2608.136 3241.388 3094.3542 3111.1724 3127.89 3144.104 3160.3179 3176.7334 3192.7458 3208.8591 3224.6704 3240.5823 3256.192 3272.0032 3287.7136 3299.8992 -3281.369 -1263.2812 3299.8992 3299.8992 3290.5334 3275.3264 
538.385 1085.3302 2105.8044 2822.2412 3299.8992 3299.8992 3299.8992 3299.8992 3299.8992 3299.8992 3299.8992 3299.8992 3299.8992 3299.8992 3299.8992 2553.6528 282.48596 -1307.4921 -2596.2524 -3124.063 -3109.0576 -3094.4548 -3080.0537 -3065.6523 -3051.3518 -3037.2527 -3023.2544 -3009.2559 -2995.459 -2920.7336 -2401.886 -2171.5667 -2003.888 -1775.9857 -1681.9244 -1331.7627 -926.8158 -589.8468 -307.86438 -53.17383 168.98804 816.2384 2013.6566 2619.2139 3299.8992 3299.8992 3299.8992 3299.8992 3299.8992 3299.8992 3299.8992 3299.8992 3299.8992 3299.8992 3299.8992 2414.1724 240.08789 -1205.4749 -2374.4934 -3113.086 -3098.3826 -3083.7798 -3069.2778 -3054.8767 -3040.6768 -3026.6785 -3012.5793 -2998.7822 -2984.9854 -2882.2632 -2349.0142 -2081.9365 -1746.0754 -1424.7162 -1257.9437 -806.4697 -399.60938 -150.35706 78.149414 275.235 549.16077 1244.9524 2413.568 3299.8992 3299.8992 3299.8992 3299.8992 3299.8992 3299.8992 3299.8992 3299.8992 3299.8992 3299.8992 3299.8992 3299.8992 2332.8003 240.69214 -1228.3356 -2474.0935 -3125.3723 -3110.669 -3095.9656 -3081.4636 -3066.9617 -3052.7617 -3038.562 -3024.463 -3010.5652 -2996.6675 -2914.5903 -2399.6704 -2137.6282 -1979.2145 -1608.8104 -1218.4662 -856.92444 -498.70605 -181.57654 39.779663 269.89746 518.042 1239.7156 2304.4006 3035.6414 3299.8992 3299.8992 3299.8992 3299.8992 3299.8992 3299.8992 3299.8992 3299.8992 3299.8992 3299.8992 3299.8992 2263.916 97.88818 -1281.0059 -2402.2888 -3130.7097 -3115.9058 -3101.2024 -3086.5996 -3072.1985 -3057.9985 -3043.7988 -3029.6997 -3015.802 -3001.9043 -2796.1577 -2307.1196 -2058.3708 -1972.2656 -1697.3328 -1187.9517 -849.0692 -539.6942 -337.27112 -114.10217 -10.574341 195.37354 996.2036 2162.6038 3116.6106 3299.8992 3299.8992 3299.8992 3299.8992 3299.8992 3299.8992 3299.8992 3299.8992 3299.8992 3299.8992 3299.8992 1983.847 -185.50415 -1672.9614 -2808.3435 -3125.07 -3110.266 -3095.3613 -3081.0608 -3066.7603 -3052.4597 -3038.1592 -3024.1606 -3010.1624 -2996.3652 -2980.7556 -2563.2202 -2313.8672 -2205.8074 -1877.9022 -1374.6643 -933.0597 -627.00806 -361.84387 -136.86218 -47.43347 203.7323 1016.3452 2150.2166 2696.5576 3299.8992 3299.8992 3299.8992 3299.8992 3299.8992 3299.8992 3299.8992 3299.8992 3299.8992 3299.8992 3299.8992 1853.6316 -90.5365 -1431.2622 -2593.5332 -3113.2874 

-38.671875 -45.117188 -22.961426 -12.890625 -12.487793 0.30212402 -2.4169922 3.1219482 -2.6184082 14.602661 22.860718 5.4382324 -4.5318604 11.279297 27.090454 26.78833 36.35559 34.34143 56.69861 69.488525 69.488525 69.488525 69.488525 69.488525 69.488525 69.488525 69.488525 69.488525 69.488525 69.488525 69.488525 69.488525 69.488525 69.488525 69.488525 69.488525 69.488525 69.488525 69.488525 69.488525 69.488525 69.488525 69.488525 69.488525 69.488525 69.488525 69.488525 69.488525 69.488525 69.488525 69.488525 69.488525 69.488525 69.488525 69.488525 69.488525 69.488525 69.488525 69.488525 69.488525 41.39099 45.721436 45.318604 40.283203 28.701782 1.6113281 6.8481445 -4.4311523 -7.2509766 0.70495605 1.2084961 -15.911865 -27.090454 -27.191162 -22.055054 -14.501953 -2.7191162 1.1077881 -7.1502686 -9.365845 -3.3233643 9.466553 32.83081 60.827637 58.309937 54.58374 73.71826 89.52942 70.59631 13.796997 -23.76709 -57.70569 -80.26428 -91.44287 -73.81897 -37.060547 4.1290283 19.033813 34.643555 38.168335 48.03772 44.613647 25.680542 22.558594 52.56958 79.96216 75.22888 70.29419 61.73401 72.9126 51.05896 24.572754 35.95276 5.1361084 -68.88428 -88.42163 -61.532593 -58.20923 -74.62463 -93.96057 -101.51367 -104.53491 -78.652954 -52.166748 -33.737183 -26.28479 -17.019653 -8.560181 12.387085 21.853638 32.42798 23.26355 18.73169 16.113281 10.675049 4.1290283 6.5460205 6.9488525 8.560181 4.0283203 12.084961 25.378418 17.422485 9.667969 3.6254883 10.171509 19.73877 13.293457 8.761597 9.667969 2.7191162 3.4240723 13.796997 18.026733 4.4311523 -19.134521 -19.537354 -4.5318604 4.2297363 -8.761597 -10.574341 -15.911865 -4.1290283 -15.509033 -9.667969 -16.314697 -17.623901 -11.984253 3.9276123 13.595581 41.592407 67.67578 69.28711 58.61206 47.93701 24.673462 7.3516846 15.811157 25.881958 -6.8481445 -40.686035 -78.552246 -97.88818 -83.88977 -61.029053 -28.80249 17.926025 52.166748 45.620728 86.206055 76.135254 56.396484 43.707275 30.81665 0.80566406 0.10070801 11.682129 2.4169922 -7.0495605 -14.401245 
-19.134521 -20.645142 0.50354004 30.111694 40.182495 50.354004 29.708862 26.586914 36.053467 41.088867 35.95276 29.608154 2.6184082 -34.039307 -51.763916 -65.86304 -50.857544 -40.38391 -37.161255 -36.35559 -43.807983 -41.89453 -50.55542 -50.253296 -24.975586 -14.501953 4.4311523 -3.7261963 -13.595581 0.60424805 -11.077881 19.940186 15.509033 23.162842 -6.2438965 -7.5531006 11.782837 36.254883 63.546753 90.93933 114.001465 121.35315 127.99988 138.57422 136.05652 112.89368 81.7749 103.326416 113.69934 106.64978 92.85278 59.820557 25.378418 -4.6325684 -68.07861 -140.99121 -171.30432 -162.64343 -149.95422 -145.42236 -124.072266 -104.13208 -96.780396 -82.07703 -57.70569 -50.05188 -53.07312 -58.10852 -66.76941 -78.85437 -77.142334 -63.74817 -60.827637 -47.03064 -46.02356 -37.564087 -18.328857 -1.1077881 9.063721 25.579834 54.281616 66.87012 80.667114 75.83313 55.892944 36.85913 36.557007 60.12268 48.843384 23.666382 0 -21.551514 -36.85913 -41.693115 -60.62622 -39.175415 -24.069214 -27.29187 -20.443726 -13.796997 -19.134521 -9.164429 -22.76001 -21.652222 1.8127441 9.667969 11.279297 22.860718 32.42798 55.59082 65.15808 83.28552 102.420044 136.15723 123.2666 110.476685 116.519165 124.77722 131.72607 102.72217 77.44446 41.39099 34.039307 16.21399 -10.675049 -43.807983 -95.37048 -140.7898 -154.88892 -148.94714 -153.68042 -147.94006 -125.68359 -75.4303 -50.454712 -26.687622 -21.853638 -5.9417725 -8.358765 -0.40283203 7.0495605 15.307617 7.9559326 3.1219482 2.6184082 -7.3516846 -15.911865 -16.516113 -30.81665 -46.829224 -58.10852 -61.935425 -56.900024 -32.83081 -20.040894 -12.588501 -7.7545166 -9.567261 5.7403564 0 -11.279297 -14.199829 5.3375244 10.977173 9.567261 15.206909 16.516113 17.825317 30.31311 51.05896 65.66162 74.92676 66.87012 61.331177 47.735596 59.21631 59.921265 54.785156 57.20215 68.38074 67.17224 60.22339 45.117188 53.979492 68.28003 89.227295 103.72925 112.18872 84.59473 117.022705 105.54199 90.03296 88.62305 81.7749 51.5625 36.557007 27.392578 -2.3162842 -27.694702 -51.461792 
-3237.9639 -3222.1526 -3206.543 -3190.4297 -3174.9207 -3159.7136 -3144.6074 -3129.4006 -3114.4958 -3099.6917 -3084.9883 -3070.3857 -3055.9844 -3041.6838 -3027.4841 -2547.409 -31.622314 2761.7156 3299.8992 3299.8992 3299.8992 3299.8992 3299.8992 3299.8992 3299.8992 3299.8992 3299.8992 3299.8992 3299.8992 3299.8992 3299.8992 3299.8992 3299.8992 3299.8992 3299.8992 1239.917 3299.8992 -3282.9802 -3266.565 -3250.2502 -3234.0361 -3217.7214 -3201.9104 -3186.6028 -3171.0938 -3155.484 -3140.277 -3125.171 -3110.1653 -3095.3613 -3080.658 -3066.156 -3051.7546 -3037.454 -3023.355 -2188.0828 435.26 3207.953 3299.8992 3299.8992 3299.8992 3299.8992 3299.8992 3299.8992 3299.8992 3299.8992 3299.8992 3299.8992 3299.8992 3299.8992 3299.8992 3299.8992 3299.8992 3299.8992 3299.8992 630.3314 3299.8992 -3282.1746 -3265.6584 -3249.2432 -3233.13 -3217.4194 -3201.2053 -3185.9985 -3170.4895 -3154.9805 -3139.572 -3124.5667 -3109.7625 -3094.9585 -3080.2551 -3065.6523 -3051.2512 -3036.9507 -3022.8516 -2059.7808 462.7533 3232.9285 3299.8992 3299.8992 3299.8992 3299.8992 3299.8992 3299.8992 3299.8992 3299.8992 3299.8992 3299.8992 3299.8992 3299.8992 3299.8992 3299.8992 3299.8992 3299.8992 3299.8992 -168.68591 3299.8992 -3280.4626 -3263.8457 -3247.531 -3231.4177 -3215.2039 -3199.7954 -3183.783 -3168.3745 -3153.067 -3138.0615 -3123.056 -3108.252 -3093.4478 -3078.7444 -3064.2424 -3049.8413 -3035.5408 -3021.4417 -1874.5789 997.81494 3299.8992 3299.8992 3299.8992 3299.8992 3299.8992 3299.8992 3299.8992 3299.8992 3299.8992 3299.8992 3299.8992 3299.8992 3299.8992 3299.8992 3299.8992 3299.8992 3299.8992 3297.3816 -996.80786 3299.8992 -3281.1675 -3264.7522 -3248.4375 -3232.2234 -3216.0095 -3200.0977 -3184.8906 -3169.3816 -3153.9734 -3138.565 -3123.4587 -3108.554 -3093.75 -3079.248 -3064.5447 -3050.2441 -3036.0442 -3021.945 -1765.3107 1054.3121 3299.8992 3299.8992 3299.8992 3299.8992 3299.8992 3299.8992 3299.8992 3299.8992 3299.8992 3299.8992 3299.8992 3299.8992 3299.8992 3299.8992 3299.8992 3299.8992 3299.8992 3295.9717 -1885.556 3299.8992 -3280.3618 -3263.8457 -3247.531 
-3276.132 -3260.8245 -3246.121 -3231.2163 -3216.513 -3202.2124 -3187.509 -3173.2085 -3158.908 -3144.9097 -3130.9111 -3117.0134 -3103.3171 -3089.6208 -3076.126 -1691.6931 648.9624 2823.0469 3299.8992 3299.8992 3299.8992 3299.8992 3299.8992 3299.8992 3299.8992 3299.8992 3299.8992 3299.8992 3299.8992 3299.8992 3299.8992 3299.8992 3297.6836 3282.7788 3267.572 971.73157 3266.565 3282.4768 3297.9858 -3286.6057 -3271.399 -3256.192 -3241.4885 -3226.5837 -3211.9812 -3197.6807 -3182.9773 -3168.576 -3154.4768 -3140.3777 -3126.48 -3112.683 -3098.886 -3085.391 -3071.997 -1591.1865 948.77014 3095.5627 3299.8992 3299.8992 3299.8992 3299.8992 3299.8992 3299.8992 3299.8992 3299.8992 3299.8992 3299.8992 3299.8992 3299.8992 3299.8992 3299.8992 3298.993 3283.9873 3268.6797 204.13513 3270.1904 3285.901 3299.8992 -3283.1816 -3267.874 -3252.6672 -3238.0645 -3223.2605 -3208.5571 -3193.8538 -3179.7546 -3165.3533 -3151.2542 -3137.155 -3123.2573 -3109.561 -3095.7642 -3082.1685 -3068.6736 -1135.8856 1060.7574 3197.0764 3299.8992 3299.8992 3299.8992 3299.8992 3299.8992 3299.8992 3299.8992 3299.8992 3299.8992 3299.8992 3299.8992 3299.8992 3299.8992 3299.8992 3299.1943 3284.1887 3268.881 -699.115 3272.9094 3288.8213 3299.8992 -3280.4626 -3265.2556 -3250.0488 -3235.2446 -3220.5413 -3205.9387 -3191.336 -3177.0354 -3162.8357 -3148.6357 -3134.6375 -3120.7397 -3106.9426 -3093.2463 -3079.651 -3063.9404 -1016.4459 1409.61 3299.8992 3299.8992 3299.8992 3299.8992 3299.8992 3299.8992 3299.8992 3299.8992 3299.8992 3299.8992 3299.8992 3299.8992 3299.8992 3299.8992 3299.8992 3298.4893 3283.484 3268.1763 -900.93384 3272.9094 3288.6199 3299.8992 -3280.4626 -3265.2556 -3250.0488 -3235.3455 -3220.642 -3205.9387 -3191.336 -3177.1362 -3162.9363 -3148.7366 -3134.738 -3120.8403 -3107.0435 -3093.3472 -3079.7515 -2981.3599 -829.22974 1305.0751 3299.8992 3299.8992 3299.8992 3299.8992 3299.8992 3299.8992 3299.8992 3299.8992 3299.8992 3299.8992 3299.8992 3299.8992 3299.8992 3299.8992 3299.8992 3298.0864 3283.081 3267.6726 -1903.7842 3275.2258 3290.9363 3299.8992 -3278.247 
3299.8992 3292.3462 3277.3406 3262.6372 3247.8333 3232.8276 3218.3257 3202.9175 3188.3147 3173.8127 3159.4116 3145.111 3130.9111 3115.7043 2522.0305 710.2936 -962.265 -2275.296 3125.171 3137.3564 3153.067 3168.6768 3184.3872 3199.7954 3214.7002 3230.0078 3245.4163 3260.321 3275.0244 3289.8284 3299.8992 -3280.7646 -3266.162 -3251.7607 -3237.3596 -632.14417 3299.8992 3299.8992 3299.8992 3299.8992 3299.8992 3287.8142 3272.9094 3258.0046 3243.5027 3228.6987 3214.3982 3198.8892 3184.2864 3169.8853 3155.484 3141.0828 3126.8828 3109.3596 2201.9805 222.46399 -1425.0183 -2787.1948 3126.48 3142.2913 3158.0017 3173.5107 3189.1204 3204.428 3219.5342 3234.6404 3250.1494 3265.0542 3279.5562 3294.461 -3290.8354 -3276.233 -3261.731 -3247.229 -3232.9285 -240.79285 3299.8992 3299.8992 3299.8992 3299.8992 3299.8992 3290.634 3276.0315 3261.2273 3246.6248 3231.8206 3216.6138 3201.4067 3187.207 3172.9065 3158.4045 3144.104 3129.904 3112.7837 2337.6343 389.74 -1262.2742 -2610.9558 3126.2786 3142.1904 3157.8003 3173.3093 3188.8184 3203.9246 3219.2322 3234.3384 3249.646 3264.6514 3279.2542 3293.9575 -3291.2383 -3276.6357 -3262.1338 -3247.531 -3233.3313 103.326416 3299.8992 3299.8992 3299.8992 3299.8992 3299.8992 3288.922 3274.3193 3259.7168 3244.5098 3229.7058 3215.4053 3199.7954 3185.3943 3170.7915 3156.3904 3142.0898 3127.89 3110.266 2174.9907 198.7976 -1488.5651 -2810.3577 3128.0913 3143.8018 3159.4116 3175.0212 3190.7317 3205.7373 3221.347 3236.4531 3251.1565 3266.464 3281.5703 3296.173 -3289.0227 -3274.5208 -3259.8174 -3245.4163 -3231.2163 647.3511 3299.8992 3299.8992 3299.8992 3299.8992 3299.8992 3289.0227 3274.0173 3259.0117 3244.5098 3229.7058 3214.4988 3199.3926 3185.2935 3170.7915 3156.3904 3142.0898 3127.9907 3110.4675 2097.5464 235.75745 -1258.7494 -2526.2603 3125.473 3141.4856 3157.0952 3172.705 3187.9119 3203.421 3218.3257 3233.432 3248.941 3263.8457 3278.4485 3293.2524 -3292.044 -3277.3406 -3262.8386 -3248.3367 -3234.137 1155.8258 3299.8992 3299.8992 3299.8992 3299.8992 
-3113.8916 -3098.886 -3083.9812 -3069.4792 -3055.0781 -3040.8782 -3026.5776 -3012.4785 -2998.4802 -2984.4817 -2970.7854 -2957.089 -2943.5942 -2930.2002 -2916.806 -2731.7046 -1497.0245 -105.6427 1142.5323 2296.9482 3299.8992 3299.8992 3299.8992 3299.8992 3299.8992 3299.8992 3299.8992 3299.8992 3299.8992 3299.8992 3299.8992 3299.8992 3299.8992 3299.8992 3299.8992 2792.3308 -3165.5547 -3149.8442 -3134.3352 -3119.1284 -3104.2236 -3089.4194 -3074.5146 -3060.0127 -3045.7122 -3031.4116 -3017.212 -3003.2134 -2989.3157 -2975.418 -2961.621 -2948.1262 -2934.6313 -2921.237 -2907.9436 -2450.6287 -1086.9415 374.9359 1706.4972 2861.7188 3299.8992 3299.8992 3299.8992 3299.8992 3299.8992 3299.8992 3299.8992 3299.8992 3299.8992 3299.8992 3299.8992 3299.8992 3299.8992 3299.8992 3299.8992 2595.6482 -3166.159 -3150.348 -3134.9395 -3119.7327 -3104.727 -3089.923 -3075.4211 -3060.617 -3046.115 -3031.9153 -3017.7153 -3003.6162 -2989.618 -2976.0222 -2962.1245 -2948.6296 -2935.0342 -2921.7407 -2908.4473 -2390.4053 -1154.1138 279.76685 1636.7065 2801.8982 3299.8992 3299.8992 3299.8992 3299.8992 3299.8992 3299.8992 3299.8992 3299.8992 3299.8992 3299.8992 3299.8992 3299.8992 3299.8992 3299.8992 3299.8992 2354.1504 -3164.2456 -3148.4343 -3133.1267 -3117.92 -3102.9143 -3088.1104 -3073.6084 -3058.905 -3044.403 -3030.2031 -3016.104 -3002.005 -2988.0066 -2974.2095 -2960.5132 -2946.817 -2933.4229 -2920.0286 -2906.836 -2046.1853 -521.8689 792.77344 1954.9438 2950.8452 3299.8992 3299.8992 3299.8992 3299.8992 3299.8992 3299.8992 3299.8992 3299.8992 3299.8992 3299.8992 3299.8992 3299.8992 3299.8992 3299.8992 3299.8992 1904.7913 -3168.576 -3152.9663 -3137.4573 -3122.351 -3107.2449 -3092.4407 -3077.6367 -3063.034 -3048.8342 -3034.5337 -3020.3337 -3006.3354 -2992.337 -2978.3386 -2964.8438 -2951.0466 -2937.6526 -2924.1577 -2910.9648 -2015.1672 -536.57227 965.9912 2259.5854 3209.4634 3299.8992 3299.8992 3299.8992 3299.8992 3299.8992 3299.8992 3299.8992 3299.8992 3299.8992 3299.8992 3299.8992 3299.8992 3299.8992 3299.8992 3299.8992 1466.51 -3172.8057 -3157.196 -3141.687 -3126.5808 
3259.9182 3244.7112 3229.7058 3214.2974 3198.8892 3183.5815 3168.0725 3152.8655 3137.4573 3121.7468 3107.144 3092.4407 3077.7373 3056.8909 2090.2954 589.24255 -569.00024 -1476.6815 -2367.6453 -3099.994 3092.34 3109.259 3126.178 3142.1904 3158.7065 3174.9207 3191.1345 3207.1472 3223.059 3238.971 3254.782 3270.5933 3286.203 3299.8992 -3282.8796 -802.0386 3299.8992 3299.8992 3286.5051 3271.1975 3255.89 3240.6829 3225.6775 3210.269 3194.9614 3179.5532 3164.1448 3148.8372 3133.5295 3117.92 3103.2166 3088.6138 3072.8027 2893.0388 1763.2965 271.40808 -972.53723 -1909.726 -2736.6394 3215.103 3099.4902 3116.2078 3132.9253 3149.0386 3165.454 3181.7688 3197.7812 3213.8945 3229.8064 3245.5168 3261.3281 3277.1392 3292.5476 -3291.8425 -3276.535 -612.6068 3299.8992 3299.8992 3291.641 3276.4343 3261.1267 3245.819 3230.612 3215.4053 3199.9968 3184.5886 3169.0796 3153.5706 3138.565 3122.754 3108.1511 3093.3472 3078.7444 2986.2944 1911.9415 362.95166 -828.12195 -1760.6781 -2554.66 -3231.2163 3099.893 3116.51 3133.429 3149.7437 3166.0583 3182.1716 3198.285 3214.3982 3230.2092 3246.121 3261.9324 3277.6428 3293.2524 -3291.339 -3276.0315 -196.58203 3299.8992 3299.8992 3290.0298 3274.823 3259.4146 3244.2078 3228.4973 3213.693 3198.3855 3182.9773 3167.5688 3152.0598 3136.9536 3121.1426 3106.5398 3091.9373 3077.0325 2949.4353 1806.8024 361.23962 -755.6122 -1589.2731 -2491.3147 -3203.9246 3097.476 3114.395 3130.5083 3147.4272 3163.742 3179.8552 3195.9685 3212.0818 3228.0945 3243.805 3259.616 3275.4272 3291.1377 3299.8992 -3278.247 170.49866 3299.8992 3299.8992 3285.901 3270.5933 3255.2856 3240.1794 3224.3682 3209.4634 3194.2566 3178.7476 3163.5405 3148.0315 3133.0261 3117.2148 3102.6123 3088.0095 3073.1047 2924.4597 1644.2596 134.24377 -938.90076 -1791.4948 -2433.4075 -3003.717 3096.3684 3113.086 3129.1992 3146.0173 3162.4329 3178.7476 3194.6594 3210.8733 3226.7852 3242.4956 3258.4075 3274.118 3289.7278 3299.8992 -3279.3547 561.85 3299.8992 3297.6836 3282.6782 3267.3706 
-3098.4832 -3083.7798 -3069.3787 -3055.0781 -3040.8782 -3026.779 -3012.7808 -2998.9836 -2984.9854 -2655.066 -2033.9996 -1747.586 -1357.2418 -1099.6307 -711.6028 -428.51257 -399.30725 -219.03992 195.87708 312.49695 616.333 1508.3038 2639.859 3299.8992 3299.8992 3299.8992 3299.8992 3299.8992 3299.8992 3299.8992 3299.8992 3299.8992 3299.8992 3299.8992 3299.8992 1525.9277 -551.8799 -1867.9321 -3024.463 -3127.0842 -3112.1794 -3097.577 -3083.2764 -3068.6736 -3054.4739 -3040.274 -3026.0742 -3012.277 -2998.3794 -2980.252 -2544.287 -2179.724 -2060.7878 -1828.7567 -1428.0396 -1079.5898 -824.6979 -569.00024 -290.84473 17.623901 541.30554 1395.0073 2449.118 3299.8992 3299.8992 3299.8992 3299.8992 3299.8992 3299.8992 3299.8992 3299.8992 3299.8992 3299.8992 3299.8992 3292.3462 1377.4841 -490.3473 -1853.0273 -3079.8523 -3112.0789 -3097.2747 -3082.4707 -3068.1702 -3053.9702 -3039.7705 -3025.772 -3011.6729 -2997.876 -2984.0789 -2812.271 -2280.9355 -1997.1405 -1697.1313 -1328.6407 -1119.6716 -773.84033 -501.22375 -148.84644 171.30432 350.46387 749.7711 1748.4924 2816.803 3299.8992 3299.8992 3299.8992 3299.8992 3299.8992 3299.8992 3299.8992 3299.8992 3299.8992 3299.8992 3299.8992 3299.8992 1554.6295 -317.53235 -1691.1896 -2938.5588 -3122.4517 -3107.6477 -3092.8435 -3078.543 -3064.1418 -3049.8413 -3035.7422 -3021.7437 -3007.846 -2993.6462 -2604.712 -2129.5715 -1941.7511 -1783.136 -1587.9639 -1155.0201 -755.41077 -639.49585 -470.60852 -172.3114 183.48999 705.8624 1725.8331 2656.1736 3299.8992 3299.8992 3299.8992 3299.8992 3299.8992 3299.8992 3299.8992 3299.8992 3299.8992 3299.8992 3299.8992 3195.5657 1086.7401 -752.9938 -1995.0256 -3094.8577 -3118.7256 -3104.0222 -3089.4194 -3075.119 -3060.7178 -3046.5178 -3032.4187 -3018.4204 -3004.6233 -2937.7532 -2420.9197 -1908.8196 -1679.1046 -1366.1041 -1130.0446 -986.53564 -677.9663 -504.04358 -302.32544 44.110107 308.46863 681.2897 1643.8568 2453.0457 3269.1833 3299.8992 3299.8992 3299.8992 3299.8992 3299.8992 3299.8992 3299.8992 3299.8992 3299.8992 3299.8992 2984.5825 806.1676 -953.302 -2317.694 -3134.9395 -3120.0347 

-50.656128 -94.3634 -111.08093 -109.973145 -109.16748 -90.33508 -58.20923 -28.29895 -32.629395 -35.650635 -41.39099 -22.76001 -2.8198242 12.789917 20.343018 31.118774 33.9386 28.80249 22.76001 20.040894 20.645142 32.93152 9.970093 2.2155762 -2.9205322 9.567261 27.694702 40.786743 36.4563 27.493286 31.018066 44.311523 35.650635 18.026733 -35.247803 -62.036133 -45.117188 -22.357178 -14.099121 -14.804077 -14.804077 -14.804077 -14.804077 -14.804077 -14.804077 -14.804077 -14.804077 -14.804077 -14.804077 -14.804077 -14.804077 -14.804077 -14.804077 -14.804077 -14.804077 -14.804077 -14.804077 -14.804077 -14.804077 -14.804077 -5.6396484 -5.2368164 -1.4099121 12.487793 12.991333 19.23523 22.659302 32.125854 47.43347 63.546753 85.29968 61.23047 25.378418 -3.6254883 -11.279297 -5.6396484 -8.258057 -22.457886 -15.307617 9.667969 34.34143 38.36975 46.92993 45.92285 52.06604 30.212402 32.125854 56.69861 59.71985 5.5389404 -61.431885 -101.312256 -110.27527 -89.02588 -63.446045 -29.708862 -23.968506 -78.25012 -114.4043 -98.291016 -43.707275 -7.1502686 -3.4240723 -19.033813 -34.34143 -11.682129 45.41931 93.65845 110.37598 83.99048 19.839478 -50.857544 -71.30127 -51.965332 -46.124268 -31.018066 -8.862305 -23.26355 -34.94568 -38.47046 -31.622314 -25.27771 -18.530273 -10.171509 -3.2226562 9.164429 35.34851 50.05188 49.346924 61.12976 70.999146 82.58057 85.702515 65.15808 53.375244 52.670288 39.175415 4.3304443 -32.125854 -55.892944 -65.56091 -52.166748 -31.018066 -2.9205322 4.8339844 -3.2226562 0.50354004 5.9417725 5.1361084 15.106201 47.131348 65.963745 69.68994 37.765503 5.9417725 -8.056641 -33.43506 -68.58215 -65.66162 -61.935425 -61.029053 -31.420898 -26.184082 -22.659302 -22.457886 -21.652222 -10.977173 -18.328857 -21.24939 -14.703369 -8.157349 -12.286377 -12.890625 -2.0141602 15.710449 23.062134 13.796997 15.609741 16.516113 21.853638 32.93152 37.46338 40.585327 47.332764 53.778076 52.368164 50.55542 44.91577 15.911865 -21.551514 -23.162842 -34.744263 -33.132935 -35.44922 -49.649048 -35.247803 -15.408325 -6.4453125 -22.961426 -43.00232 
-80.76782 -98.291016 -83.58765 -56.09436 -44.815063 -47.131348 -38.571167 -33.83789 -47.735596 -30.111694 -14.401245 -16.21399 -43.40515 -30.615234 -48.239136 -65.56091 -73.11401 -79.35791 -94.06128 -110.6781 -106.448364 -101.51367 -103.427124 -100.40588 -82.9834 -80.163574 -58.410645 -47.332764 -45.92285 -45.01648 -51.663208 -44.110107 -53.67737 -40.38391 -44.613647 -33.9386 -21.350098 -10.473633 -1.7120361 6.4453125 6.5460205 6.9488525 6.7474365 6.1431885 9.970093 11.782837 21.450806 21.75293 18.73169 20.947266 17.422485 18.530273 13.293457 27.896118 24.874878 39.175415 30.413818 28.701782 22.558594 27.996826 29.608154 24.472046 15.206909 -0.80566406 11.077881 6.6467285 12.789917 8.660889 6.1431885 -2.1148682 0.20141602 2.6184082 -14.099121 0.20141602 -3.5247803 3.0212402 8.862305 18.832397 15.911865 26.083374 22.961426 30.81665 26.687622 30.917358 39.175415 58.410645 88.11951 96.17615 99.09668 91.14075 72.509766 82.58057 91.744995 102.420044 103.62854 110.6781 116.11633 117.22412 88.32092 80.06287 68.07861 58.410645 31.219482 -5.1361084 -18.630981 -10.977173 9.970093 9.869385 1.8127441 -20.343018 -13.293457 -11.883545 -35.147095 -60.62622 -89.730835 -93.55774 -98.49243 -90.13367 -66.87012 -18.933105 0.20141602 -10.272217 -30.413818 -49.0448 -94.86694 -137.66785 -143.60962 -131.92749 -124.67651 -113.497925 -97.08252 -72.20764 -67.37366 -62.13684 -57.000732 -48.339844 -39.47754 -22.055054 -11.883545 -15.005493 -4.2297363 7.8552246 14.501953 7.7545166 3.8269043 -36.254883 -19.73877 -13.293457 15.206909 24.572754 27.694702 22.25647 5.8410645 -8.157349 -24.77417 -11.178589 7.9559326 2.1148682 6.4453125 11.883545 8.660889 9.567261 14.904785 23.968506 41.4917 33.33435 43.103027 48.03772 28.80249 6.0424805 -14.501953 -26.586914 -44.815063 -29.507446 -11.077881 -1.7120361 4.3304443 -0.40283203 0.40283203 5.6396484 11.782837 -19.73877 -7.4523926 4.3304443 8.258057 -1.1077881 -5.7403564 -6.3446045 -4.8339844 -7.8552246 6.0424805 -3.3233643 -9.265137 -1.0070801 5.4382324 20.645142 42.196655 43.707275 44.110107 53.475952 
-3231.4177 -3215.808 -3200.1982 -3184.085 -3168.576 -3153.4697 -3138.263 -3123.3582 -3108.4534 -3093.6492 -3079.0466 -3064.4438 -3050.0427 -3035.8428 -3021.7437 -1669.8395 1202.9572 3299.8992 3299.8992 3299.8992 3299.8992 3299.8992 3299.8992 3299.8992 3299.8992 3299.8992 3299.8992 3299.8992 3299.8992 3299.8992 3299.8992 3299.8992 3299.8992 3299.8992 3294.7632 -3069.0764 3299.8992 -3278.8513 -3262.3352 -3246.121 -3229.9072 -3213.794 -3197.882 -3182.675 -3167.166 -3151.7578 -3136.4502 -3121.344 -3106.4392 -3091.7358 -3077.133 -3062.5305 -3048.1292 -3034.03 -3019.931 -1424.2126 1367.6147 3299.8992 3299.8992 3299.8992 3299.8992 3299.8992 3299.8992 3299.8992 3299.8992 3299.8992 3299.8992 3299.8992 3299.8992 3299.8992 3299.8992 3299.8992 3299.8992 3299.8992 3294.2595 3288.3179 3299.8992 -3277.8442 -3261.4287 -3245.114 -3229.1016 -3213.4917 -3197.2778 -3182.1716 -3166.5618 -3151.1536 -3135.846 -3120.9412 -3105.835 -3091.1316 -3076.4282 -3062.0269 -3047.6257 -3033.5266 -3019.3267 -1097.113 1557.6508 3299.8992 3299.8992 3299.8992 3299.8992 3299.8992 3299.8992 3299.8992 3299.8992 3299.8992 3299.8992 3299.8992 3299.8992 3299.8992 3299.8992 3299.8992 3299.8992 3299.8992 3291.742 3287.8142 3299.8992 -3278.3477 -3261.8315 -3245.6177 -3229.605 -3213.1897 -3197.9827 -3181.9702 -3166.4612 -3151.355 -3136.2488 -3121.4446 -3106.4392 -3091.7358 -3077.0325 -3062.5305 -3048.1292 -3033.9294 -3019.8303 -1180.9021 1680.716 3299.8992 3299.8992 3299.8992 3299.8992 3299.8992 3299.8992 3299.8992 3299.8992 3299.8992 3299.8992 3299.8992 3299.8992 3299.8992 3299.8992 3299.8992 3299.8992 3299.8992 3291.339 3290.332 -3292.5476 -3276.0315 -3259.4146 -3243.2007 -3227.188 -3211.5784 -3195.465 -3180.258 -3164.749 -3149.4414 -3134.0332 -3119.0276 -3104.1228 -3089.4194 -3074.716 -3060.4155 -3046.0144 -3031.8145 -3017.7153 -1091.8762 1606.9977 3299.8992 3299.8992 3299.8992 3299.8992 3299.8992 3299.8992 3299.8992 3299.8992 3299.8992 3299.8992 3299.8992 3299.8992 3299.8992 3299.8992 3299.8992 3299.8992 3299.8992 3292.749 3293.4539 -3289.4255 -3272.8088 -3256.3933 -3240.1794 
-3263.1409 -3248.4375 -3233.2305 -3218.527 -3203.9246 -3189.3218 -3175.0212 -3160.8215 -3146.6216 -3132.7239 -3118.8262 -3104.9285 -3091.333 -3077.8381 -2878.4363 -550.16785 1827.6489 3299.8992 3299.8992 3299.8992 3299.8992 3299.8992 3299.8992 3299.8992 3299.8992 3299.8992 3299.8992 3299.8992 3299.8992 3299.8992 3299.8992 3299.8992 3295.3674 3280.2612 3264.8528 -2616.0918 3274.2188 3289.9292 3299.8992 -3279.3547 -3264.148 -3249.3438 -3234.2375 -3219.5342 -3204.9316 -3190.1274 -3176.0283 -3161.8286 -3147.7295 -3133.6304 -3119.7327 -3105.9355 -3092.1387 -3078.7444 -2798.3733 -436.66992 1893.7134 3299.8992 3299.8992 3299.8992 3299.8992 3299.8992 3299.8992 3299.8992 3299.8992 3299.8992 3299.8992 3299.8992 3299.8992 3299.8992 3299.8992 3299.8992 3293.1519 3278.247 3262.5366 3258.7097 3274.7222 3290.4326 3299.8992 -3278.8513 -3263.6443 -3248.7395 -3233.7341 -3219.0308 -3204.428 -3189.8254 -3175.6255 -3161.325 -3147.2258 -3133.2275 -3119.3298 -3105.5327 -3091.8364 -3078.3416 -2696.1548 -337.67395 2012.0453 3299.8992 3299.8992 3299.8992 3299.8992 3299.8992 3299.8992 3299.8992 3299.8992 3299.8992 3299.8992 3299.8992 3299.8992 3299.8992 3299.8992 3299.8992 3292.3462 3277.24 3261.6301 3258.9111 3275.0244 3290.7349 3299.8992 -3278.549 -3263.3423 -3248.1353 -3233.5327 -3218.8293 -3204.2266 -3189.926 -3175.2227 -3161.1235 -3146.9238 -3132.9253 -3119.1284 -3105.3313 -3091.635 -3078.1401 -2503.7017 -12.185669 2332.6995 3299.8992 3299.8992 3299.8992 3299.8992 3299.8992 3299.8992 3299.8992 3299.8992 3299.8992 3299.8992 3299.8992 3299.8992 3299.8992 3299.8992 3299.8992 3288.8213 3273.9165 3258.0046 3257.5012 3273.6145 3289.224 3299.8992 -3279.959 -3264.8528 -3250.0488 -3234.9426 -3220.1384 -3205.6365 -3191.336 -3176.7334 -3162.6343 -3148.3337 -3134.3352 -3120.5383 -3106.6406 -3093.045 -3079.4495 -2646.1028 -237.06665 1966.1224 3299.8992 3299.8992 3299.8992 3299.8992 3299.8992 3299.8992 3299.8992 3299.8992 3299.8992 3299.8992 3299.8992 3299.8992 3299.8992 3299.8992 3299.8992 3290.8354 3275.83 3257.199 3261.6301 3277.4414 3293.1519 3299.8992 -3276.0315 
3298.892 3284.1887 3269.6868 3254.8828 3239.8772 3224.9724 3210.6719 3195.1628 3180.661 3166.2598 3151.8584 3137.6587 3123.4587 3104.425 1820.398 -95.87402 -1485.2417 -2716.4978 3126.178 3141.8884 3157.6995 3173.2085 3188.919 3203.9246 3219.635 3234.7412 3249.4446 3264.7522 3279.657 3294.5618 -3290.7349 -3276.132 -3261.5295 -3247.1282 -3232.9285 1857.1564 3299.8992 3299.8992 3299.8992 3299.8992 3297.6836 3282.8796 3267.874 3252.8687 3238.568 3223.764 3208.6577 3193.451 3179.3518 3164.9504 3150.5493 3136.3494 3122.1497 3093.4478 1694.9158 -204.73938 -1570.6421 -2823.9531 3126.9836 3142.996 3158.606 3174.2156 3189.5232 3205.0322 3220.1384 3235.3455 3249.948 3265.2556 3280.2612 3295.0652 -3290.2312 -3275.6287 -3261.026 -3246.7253 -3232.3242 2231.1858 3299.8992 3299.8992 3299.8992 3299.8992 3296.7773 3282.074 3267.0684 3252.2644 3237.561 3222.7568 3208.1543 3192.7458 3178.1433 3163.742 3149.3408 3135.0403 3120.9412 3077.133 1555.2338 -343.81714 -1763.4979 -3004.1199 3128.9978 3144.8088 3160.4187 3175.9277 3191.6382 3206.9458 3222.2534 3237.3596 3251.9622 3267.2698 3282.2754 3297.1802 -3288.217 -3273.5137 -3259.0117 -3244.6106 -3230.4106 2820.8313 3299.8992 3299.8992 3299.8992 3299.8992 3296.576 3281.8726 3266.867 3252.063 3237.2588 3222.6562 3207.6506 3192.4438 3178.3447 3164.0442 3149.5422 3135.3423 3120.9412 2958.0962 1321.7926 -547.1466 -1974.4812 -3215.4053 3133.1267 3148.938 3164.6484 3180.0566 3195.465 3210.6719 3225.778 3240.7837 3256.0913 3271.0967 3285.5986 3299.8992 -3284.9944 -3270.0896 -3255.89 -3241.4885 -3147.2258 3271.399 3299.8992 3299.8992 3299.8992 3299.8992 3297.9858 3283.081 3268.4783 3253.6743 3238.6687 3223.764 3209.4634 3194.0552 3179.4524 3164.9504 3150.5493 3136.3494 3122.0488 2920.8342 1365.1978 -453.68958 -1837.9211 -3026.477 3132.5225 3148.233 3163.8428 3179.4524 3195.0623 3210.269 3225.3752 3240.4814 3255.89 3270.7947 3285.2966 3299.8992 -3285.1958 -3270.5933 -3256.0913 -3241.7908 -3023.9592 3299.8992 3299.8992 3299.8992 3299.8992 3299.8992 
-3111.5752 -3096.5698 -3081.7656 -3067.2637 -3052.9631 -3038.6626 -3024.362 -3010.3638 -2996.3652 -2982.5684 -2968.7712 -2955.075 -2941.58 -2928.186 -2914.8926 -1932.5867 -468.79578 909.69543 2037.8265 3059.912 3299.8992 3299.8992 3299.8992 3299.8992 3299.8992 3299.8992 3299.8992 3299.8992 3299.8992 3299.8992 3299.8992 3299.8992 3299.8992 3299.8992 3299.8992 1226.3214 -3174.0142 -3158.4045 -3142.996 -3127.6885 -3112.8845 -3097.879 -3083.5784 -3068.7744 -3054.1716 -3039.871 -3025.5706 -3011.5723 -2997.5737 -2983.5754 -2969.9797 -2956.2834 -2942.7886 -2929.3945 -2916.101 -2228.7688 -875.4547 483.70056 1850.6104 3094.1528 3299.8992 3299.8992 3299.8992 3299.8992 3299.8992 3299.8992 3299.8992 3299.8992 3299.8992 3299.8992 3299.8992 3299.8992 3299.8992 3299.8992 3299.8992 1000.1312 -3168.9788 -3153.2683 -3137.9607 -3122.653 -3107.7483 -3092.9443 -3078.1401 -3063.739 -3049.3376 -3035.037 -3020.8374 -3006.8389 -2992.9412 -2979.1443 -2965.2466 -2951.7517 -2938.2568 -2924.762 -2911.3677 -1799.35 -381.1798 994.39087 2309.5366 3280.2612 3299.8992 3299.8992 3299.8992 3299.8992 3299.8992 3299.8992 3299.8992 3299.8992 3299.8992 3299.8992 3299.8992 3299.8992 3299.8992 3299.8992 3299.8992 536.27014 -3171.1943 -3155.5847 -3140.1763 -3125.07 -3110.0647 -3095.16 -3080.3557 -3065.8538 -3051.5532 -3037.2527 -3023.053 -3009.0544 -2994.9553 -2981.1584 -2967.4622 -2953.7659 -2940.3716 -2926.8767 -2913.5833 -1912.5458 -385.10742 987.64343 2287.8845 3299.8992 3299.8992 3299.8992 3299.8992 3299.8992 3299.8992 3299.8992 3299.8992 3299.8992 3299.8992 3299.8992 3299.8992 3299.8992 3299.8992 3299.8992 3299.8992 58.309937 -3170.59 -3154.8796 -3139.6729 -3124.5667 -3109.4604 -3094.757 -3080.3557 -3065.451 -3050.949 -3036.6484 -3022.4487 -3008.3496 -2994.452 -2980.6548 -2966.757 -2953.1616 -2939.6667 -2926.2725 -2861.7188 -1606.4941 -317.23022 1048.169 2312.2559 3299.8992 3299.8992 3299.8992 3299.8992 3299.8992 3299.8992 3299.8992 3299.8992 3299.8992 3299.8992 3299.8992 3299.8992 3299.8992 3299.8992 3299.8992 3299.8992 -584.61 -3169.0796 -3153.5706 -3138.162 -3123.056 
3251.9622 3236.856 3221.2463 3206.2407 3191.034 3175.525 3160.2173 3145.0103 3129.8035 3113.9922 3099.591 3084.8877 3067.9688 2811.969 1505.1819 62.438965 -1000.33264 -1932.2845 -2764.032 3137.9607 3098.886 3115.503 3132.1196 3148.6357 3164.749 3181.0637 3197.177 3213.1897 3229.0007 3244.9126 3260.7239 3276.3335 3291.9434 3299.8992 -3277.1392 966.29333 3299.8992 3297.885 3282.7788 3267.4712 3252.1636 3236.9568 3221.8506 3206.543 3191.034 3175.6255 3160.3179 3145.0103 3129.8035 3114.1936 3099.4902 3084.9883 3069.0764 2858.9995 1608.9111 137.0636 -1028.9337 -1960.9863 -2858.899 3082.5713 3099.0874 3115.805 3132.4219 3148.8372 3165.1519 3181.366 3197.3784 3213.4917 3229.303 3245.2148 3260.9253 3276.7363 3292.2454 3299.8992 -3276.4343 1307.6935 3299.8992 3296.3745 3281.2683 3265.9607 3250.7537 3235.5469 3220.4407 3205.0322 3189.7246 3174.2156 3158.908 3143.6003 3128.3936 3112.7837 3098.1812 3083.5784 3067.9688 2840.4692 1588.7695 127.29492 -976.9684 -1869.342 -2709.0454 -3285.498 3095.8647 3112.5823 3129.2998 3145.7153 3161.9292 3178.1433 3194.3572 3210.1685 3226.181 3241.9922 3257.8032 3273.5137 3289.1235 3299.8992 -3226.4832 1559.7656 3299.8992 3291.9434 3276.8372 3261.6301 3246.4233 3231.1157 3216.11 3200.601 3185.3943 3170.0867 3154.6782 3139.3706 3124.2644 3108.6548 3094.052 3079.4495 3061.624 2682.8613 1266.4032 -147.1344 -1248.9807 -2148.2024 -2936.444 3082.974 3099.893 3116.4092 3133.1267 3149.4414 3165.756 3181.9702 3197.9827 3213.9954 3229.9072 3245.7183 3261.5295 3277.1392 3292.749 -3291.742 -3087.909 1911.6394 3299.8992 3293.5547 3278.247 3263.04 3247.8333 3232.6262 3216.9158 3202.1118 3186.9048 3171.3958 3156.0881 3140.7805 3125.5737 3109.8633 3095.5627 3080.96 3062.732 2512.4634 1181.0028 -126.18713 -1172.7448 -2077.5054 -2885.7878 3086.499 3101.001 3117.6177 3133.731 3150.4485 3166.7632 3182.9773 3198.9897 3215.2039 3231.1157 3246.8262 3262.8386 3278.247 3293.9575 -3290.7349 -2811.6667 2579.3335 3299.8992 3291.4397 3276.3335 3261.026 
-3105.2307 -3090.5273 -3076.2268 -3061.8254 -3047.6257 -3033.5266 -3019.629 -3005.6304 -2983.374 -2518.3044 -1947.5922 -1724.0204 -1533.1787 -1323.0011 -1071.7346 -725.5005 -400.61646 -138.97705 -15.710449 154.48608 477.05383 1553.421 2446.1975 3299.8992 3299.8992 3299.8992 3299.8992 3299.8992 3299.8992 3299.8992 3299.8992 3299.8992 3299.8992 3299.8992 3114.4958 960.15015 -771.42334 -2107.013 -3135.6445 -3120.7397 -3105.9355 -3091.4336 -3076.831 -3062.4297 -3048.3306 -3034.1309 -3020.1323 -3006.436 -2992.5383 -2874.6094 -2348.8127 -2107.315 -1873.0682 -1653.3234 -1397.4243 -1048.5718 -675.4486 -404.74548 -84.49402 247.33887 666.98914 1759.5703 2631.0974 3299.8992 3299.8992 3299.8992 3299.8992 3299.8992 3299.8992 3299.8992 3299.8992 3299.8992 3299.8992 3299.8992 3012.378 838.09204 -837.7899 -2147.1953 -3124.8687 -3109.9639 -3095.2605 -3080.5571 -3066.2566 -3051.956 -3037.7563 -3023.8586 -3009.86 -2995.9624 -2923.755 -2605.9204 -2074.4841 -1934.3994 -1698.2391 -1656.8481 -1144.9493 -623.4833 -240.79285 4.7332764 147.03369 295.07446 763.4674 1991.5009 2851.245 3299.8992 3299.8992 3299.8992 3299.8992 3299.8992 3299.8992 3299.8992 3299.8992 3299.8992 3299.8992 3299.8992 2997.7751 945.7489 -672.22595 -2000.5646 -3130.5083 -3117.0134 -3102.2095 -3087.6067 -3073.1047 -3058.8042 -3044.705 -3030.606 -3016.6077 -3002.6091 -2988.9128 -2815.1917 -2341.9646 -2044.9768 -1877.9022 -1483.2275 -950.3815 -636.97815 -346.33484 -5.5389404 193.35938 265.66772 804.657 1994.9249 2728.3813 3299.8992 3299.8992 3299.8992 3299.8992 3299.8992 3299.8992 3299.8992 3299.8992 3299.8992 3299.8992 3299.8992 2736.74 507.06482 -1154.5166 -2365.2283 -3127.3865 -3112.4817 -3097.879 -3083.2764 -3068.9758 -3054.776 -3040.5762 -3026.477 -3012.4785 -2998.7822 -2984.9854 -2770.578 -2332.498 -2136.3188 -1873.0682 -1732.9834 -1504.5776 -1266.3025 -986.9385 -726.30615 -335.15625 -22.25647 602.1332 1854.9408 2530.5908 3299.8992 3299.8992 3299.8992 3299.8992 3299.8992 3299.8992 3299.8992 3299.8992 3299.8992 3299.8992 3299.8992 2689.7095 563.562 -942.9291 -2142.0593 -3108.1511 -3093.3472 

-36.053467 -20.141602 -9.466553 -5.0354004 1.7120361 8.459473 12.387085 10.977173 -1.8127441 -17.22107 -21.652222 -23.162842 -25.680542 -18.127441 -3.5247803 19.436646 31.521606 33.032227 41.290283 58.410645 78.85437 85.60181 81.87561 69.38782 49.850464 22.659302 -8.258057 -49.850464 -89.02588 -76.638794 -52.670288 -25.680542 -19.335938 -2.3162842 0.10070801 7.1502686 6.4453125 -2.3162842 -15.408325 -25.27771 -24.77417 -11.480713 2.6184082 6.3446045 12.084961 5.8410645 -1.5106201 -2.3162842 1.1077881 18.73169 45.117188 31.420898 7.7545166 9.667969 9.466553 6.9488525 20.141602 19.940186 10.171509 -9.567261 -3.8269043 5.7403564 31.82373 38.269043 27.79541 23.76709 46.325684 66.970825 46.92993 6.6467285 -33.737183 -39.47754 -46.5271 -44.110107 -34.744263 -8.560181 1.9134521 -3.0212402 -44.91577 -92.14783 -125.582886 -129.30908 -94.16199 -62.841797 -48.03772 -42.39807 -45.52002 -58.914185 -39.47754 -37.36267 -33.636475 -10.171509 16.113281 27.392578 23.565674 26.989746 24.472046 19.73877 15.408325 7.6538086 13.696289 26.184082 27.090454 13.394165 5.8410645 -2.2155762 13.494873 34.744263 43.807983 40.98816 35.85205 14.904785 6.6467285 8.459473 -5.7403564 -8.258057 -2.7191162 -5.9417725 -19.033813 -32.125854 -33.132935 -17.321777 -1.1077881 2.0141602 11.782837 25.177002 37.96692 67.474365 93.85986 111.68518 134.6466 144.11316 191.64734 187.01477 189.73389 139.682 58.511353 -23.364258 -62.438965 -49.749756 -49.749756 -49.749756 -49.749756 -49.749756 -49.749756 -49.749756 -49.749756 -49.749756 -49.749756 -49.749756 -49.749756 -49.749756 -49.749756 -49.749756 -49.749756 -49.749756 -49.749756 -49.749756 -49.749756 -49.749756 5.0354004 9.063721 -14.099121 -18.832397 -13.494873 -3.6254883 3.8269043 10.473633 24.975586 38.87329 35.44922 22.25647 25.076294 27.493286 46.224976 33.9386 10.372925 -3.8269043 16.012573 16.113281 11.581421 -0.80566406 -5.6396484 -10.070801 9.063721 13.494873 3.2226562 -19.033813 -38.269043 -63.24463 -49.850464 -28.903198 0.30212402 10.977173 19.73877 38.168335 41.39099 37.765503 50.354004 40.38391 30.81665 38.974 67.07153 56.900024 39.578247 7.1502686 -60.827637 -112.39014 -123.2666 -99.19739 -65.86304 -18.328857 11.682129 27.79541 37.36267 8.963013 -35.650635 -74.020386 -70.89844 -37.060547 
48.03772 46.42639 45.721436 41.592407 52.267456 64.75525 56.09436 55.993652 49.44763 39.88037 12.084961 -6.7474365 -26.184082 -27.694702 -26.889038 -26.989746 -48.339844 -53.07312 -52.770996 -21.853638 15.710449 13.494873 21.551514 12.789917 25.982666 14.904785 31.018066 38.87329 38.47046 27.996826 13.998413 -2.3162842 -15.408325 -20.343018 -44.613647 -42.196655 -45.52002 -45.822144 -40.283203 -35.247803 -50.656128 -46.224976 -20.846558 -9.164429 18.630981 25.27771 32.93152 38.671875 28.500366 38.772583 63.14392 43.304443 29.608154 21.75293 15.408325 11.581421 18.429565 31.924438 49.749756 63.74817 80.26428 65.460205 82.9834 79.055786 75.4303 63.24463 82.78198 106.14624 120.44678 92.34924 69.79065 36.557007 9.365845 -9.869385 -48.54126 -65.05737 -77.142334 -97.08252 -114.001465 -126.38855 -126.690674 -83.58765 -47.634888 -30.111694 -22.357178 -42.700195 -78.25012 -99.801636 -114.10217 -118.73474 -122.86377 -109.16748 -88.82446 -47.232056 -49.44763 -22.055054 -17.22107 4.4311523 10.775757 0.50354004 -12.789917 -12.991333 -11.581421 -15.811157 -29.104614 -54.986572 -47.332764 -64.151 -59.417725 -52.368164 -46.829224 -45.92285 -59.61914 -24.77417 -26.78833 -16.415405 0.20141602 8.761597 19.940186 12.286377 3.4240723 13.192749 20.343018 28.701782 21.652222 22.25647 27.79541 41.189575 55.288696 63.043213 66.26587 67.977905 114.90784 103.326416 115.512085 112.69226 92.752075 73.71826 72.40906 72.20764 77.74658 66.16516 37.261963 7.9559326 -24.472046 -85.09827 -144.51599 -190.53955 -159.11865 -109.26819 -57.000732 -30.212402 -4.7332764 6.4453125 -1.2084961 -4.3304443 -14.804077 -27.694702 -25.27771 -5.7403564 13.394165 37.96692 42.599487 47.836304 60.324097 46.92993 53.475952 65.15808 59.61914 56.900024 60.324097 51.461792 60.827637 58.20923 55.288696 31.018066 29.003906 -2.1148682 -13.696289 -2.5177002 17.825317 9.164429 -9.567261 -14.199829 -7.3516846 -1.3092041 -9.768677 -30.715942 -23.867798 -28.399658 -18.22815 -22.457886 -13.595581 -24.874878 -36.254883 -17.321777 1.6113281 13.796997 42.599487 60.525513 74.72534 103.829956 127.194214 130.31616 139.17847 127.194214 103.326416 94.46411 106.14624 87.01172 32.730103 -34.34143 -109.469604 -184.69849 -225.78735 -231.93054 -184.39636 -134.04236 -109.973145 -92.44995 
-3224.1667 -3208.5571 -3192.9473 -3176.9348 -3161.5264 -3146.4202 -3131.5154 -3116.4092 -3101.7058 -3086.9019 -3072.299 -3057.797 -3043.5974 -3029.2969 -3012.277 -826.81274 1886.1603 3299.8992 3299.8992 3299.8992 3299.8992 3299.8992 3299.8992 3299.8992 3299.8992 3299.8992 3299.8992 3299.8992 3299.8992 3299.8992 3299.8992 3299.8992 3299.8992 3299.8992 3289.7278 3295.3674 -3287.6128 -3271.0967 -3254.6814 -3238.4673 -3222.4548 -3206.2407 -3191.034 -3175.0212 -3159.613 -3144.5068 -3129.5012 -3114.6973 -3099.7925 -3085.089 -3070.3857 -3055.9844 -3041.6838 -3027.4841 -2892.8374 -556.71387 2284.3596 3299.8992 3299.8992 3299.8992 3299.8992 3299.8992 3299.8992 3299.8992 3299.8992 3299.8992 3299.8992 3299.8992 3299.8992 3299.8992 3299.8992 3299.8992 3299.8992 3299.8992 3281.5703 3295.5688 -3287.4114 -3270.8953 -3254.48 -3238.2659 -3222.1526 -3206.7444 -3190.631 -3175.424 -3160.0159 -3144.6074 -3129.2998 -3114.395 -3099.4902 -3084.8877 -3070.3857 -3055.783 -3041.4824 -3027.3833 -2853.8635 -487.42676 2262.2039 3299.8992 3299.8992 3299.8992 3299.8992 3299.8992 3299.8992 3299.8992 3299.8992 3299.8992 3299.8992 3299.8992 3299.8992 3299.8992 3299.8992 3299.8992 3299.8992 3299.8992 3077.0325 3297.1802 -3285.8 -3269.1833 -3252.7678 -3236.6545 -3220.642 -3204.428 -3189.2212 -3173.2085 -3157.8003 -3142.7947 -3127.89 -3112.985 -3098.0803 -3083.377 -3068.7744 -3054.373 -3040.1733 -3025.8728 -2674.8047 -112.89368 2731.7046 3299.8992 3299.8992 3299.8992 3299.8992 3299.8992 3299.8992 3299.8992 3299.8992 3299.8992 3299.8992 3299.8992 3299.8992 3299.8992 3299.8992 3299.8992 3299.8992 3299.8992 2826.2695 3296.7773 -3286.4043 -3269.7876 -3253.2715 -3237.1582 -3221.1455 -3205.6365 -3189.5232 -3174.417 -3158.908 -3143.6003 -3128.3936 -3113.388 -3098.584 -3083.8806 -3069.3787 -3054.8767 -3040.5762 -3026.477 -2661.914 -175.23193 2635.5286 3299.8992 3299.8992 3299.8992 3299.8992 3299.8992 3299.8992 3299.8992 3299.8992 3299.8992 3299.8992 3299.8992 3299.8992 3299.8992 3299.8992 3299.8992 3299.8992 3299.8992 2424.4446 3298.4893 -3284.5916 -3268.0754 -3251.6602 -3235.5469 -3219.5342 -3204.0251 -3188.4155 -3172.5037 -3157.0952 -3142.0898 -3127.0842 -3112.1794 -3097.3755 -3082.5713 -3068.0693 -3053.6682 -3039.4683 -3025.2686 -2664.5325 -230.52063 2470.468 3299.8992 3299.8992 3299.8992 
-3260.9253 -3245.7183 -3231.1157 -3216.4124 -3201.9104 -3187.6099 -3173.007 -3158.8074 -3144.8088 -3130.7097 -3116.812 -3103.1157 -3089.5203 -3076.0254 -2336.2244 191.44592 2617.6025 3299.8992 3299.8992 3299.8992 3299.8992 3299.8992 3299.8992 3299.8992 3299.8992 3299.8992 3299.8992 3299.8992 3299.8992 3299.8992 3299.8992 3299.8992 3288.217 3273.1108 3185.6963 3261.4287 3277.3406 3293.051 3299.8992 -3276.233 -3261.1267 -3245.9197 -3231.2163 -3216.4124 -3202.011 -3187.3076 -3173.2085 -3159.3108 -3144.8088 -3131.012 -3117.0134 -3101.8066 -2893.2402 -2584.369 -932.959 1781.6254 3299.8992 3299.8992 3299.8992 3299.8992 3299.8992 3299.8992 3299.8992 3299.8992 3299.8992 3299.8992 3299.8992 3299.8992 3299.8992 3299.8992 3299.8992 3290.2312 3275.4272 3260.4216 2621.0266 3251.2573 3267.3706 3282.7788 3298.4893 -3286.1023 -3271.298 -3256.2927 -3241.4885 -3226.3823 -3211.8804 -3196.9756 -3182.8765 -3168.7773 -3154.3762 -3140.4785 -3126.6814 -3112.4817 -3062.2283 -2916.101 -2600.6836 -924.1974 1360.1624 3299.8992 3299.8992 3299.8992 3299.8992 3299.8992 3299.8992 3299.8992 3299.8992 3299.8992 3299.8992 3299.8992 3299.8992 3299.8992 3299.8992 3299.8992 3293.756 3278.65 2835.736 3269.4854 3285.3972 3299.8992 -3283.5845 -3268.2769 -3253.2715 -3238.1653 -3223.5625 -3208.96 -3194.3572 -3180.258 -3165.6555 -3151.5564 -3137.4573 -3123.5596 -3109.7625 -3096.0662 -3082.4707 -3069.0764 -1631.9733 814.0228 3029.0955 3299.8992 3299.8992 3299.8992 3299.8992 3299.8992 3299.8992 3299.8992 3299.8992 3299.8992 3299.8992 3299.8992 3299.8992 3299.8992 3299.8992 3299.8992 3287.8142 3272.9094 2529.08 3265.5579 3281.4697 3297.0793 -3287.5122 -3272.1038 -3257.0984 -3242.395 -3227.2888 -3212.686 -3198.0835 -3183.3801 -3169.3816 -3155.182 -3141.0828 -3127.0842 -3113.2874 -3099.4902 -3085.8948 -3072.5005 -1798.5443 481.28357 2692.328 3299.8992 3299.8992 3299.8992 3299.8992 3299.8992 3299.8992 3299.8992 3299.8992 3299.8992 3299.8992 3299.8992 3299.8992 3299.8992 3299.8992 3299.8992 3287.8142 3272.6074 1998.0469 3267.9749 3283.8867 3299.3958 -3285.1958 -3269.989 -3254.8828 -3240.1794 -3225.0732 -3210.4705 -3195.9685 -3181.366 -3167.2668 -3152.9663 -3138.9678 -3125.07 -3111.1724 -3097.577 -3083.9812 -3070.4863 -1638.0157 963.77563 3134.436 3299.8992 3299.8992 3299.8992 
3296.2737 3281.4697 3266.867 3252.063 3237.2588 3222.6562 3207.55 3192.4438 3178.244 3163.8428 3149.4414 3135.443 3121.0417 2929.9988 1196.7133 -557.4188 -1977.4017 -3266.7664 3134.3352 3150.0457 3165.6555 3181.1646 3196.4722 3211.4775 3226.886 3241.9922 3256.7961 3272.1038 3287.1094 3299.8992 -3283.484 -3268.982 -3254.48 -3240.0786 -2805.8257 3299.8992 3299.8992 3299.8992 3299.8992 3299.8992 3295.7703 3281.067 3266.0613 3251.4587 3236.3525 3221.5483 3207.1472 3191.7388 3177.1362 3162.6343 3148.4343 3134.2346 3119.8333 2832.312 968.3075 -844.7388 -2293.4233 3124.4658 3137.86 3153.5706 3169.1802 3184.5886 3200.1982 3215.6067 3230.5115 3245.6177 3261.026 3275.83 3290.332 3299.8992 -3280.2612 -3265.5579 -3251.1565 -3236.7554 -2515.0818 3299.8992 3299.8992 3299.8992 3299.8992 3299.8992 3297.0793 3282.2754 3267.6726 3252.6672 3238.1653 3223.2605 3208.1543 3192.9473 3178.949 3164.5476 3150.1465 3135.9465 3121.646 2741.272 981.60095 -761.55396 -2125.4424 3253.473 3138.3635 3154.074 3169.7844 3185.1929 3200.299 3215.4053 3230.9143 3246.121 3260.7239 3276.0315 3290.9363 3299.8992 -3279.657 -3265.155 -3250.653 -3236.3525 -2165.1213 3299.8992 3299.8992 3299.8992 3299.8992 3299.8992 3295.8708 3281.067 3266.0613 3251.358 3236.2517 3221.4478 3207.0464 3191.5374 3177.0354 3162.6343 3148.3337 3133.9324 3119.8333 2612.7686 767.2943 -922.9889 -2249.9175 3189.5232 3139.3706 3155.081 3170.59 3186.2 3201.709 3217.1172 3232.022 3247.1282 3262.4358 3277.3406 3291.9434 3299.8992 -3278.7505 -3264.148 -3249.7466 -3235.446 -1900.763 3299.8992 3299.8992 3299.8992 3299.8992 3299.8992 3295.468 3280.664 3265.6584 3250.7537 3236.1511 3221.347 3206.9458 3191.6382 3177.0354 3162.6343 3148.3337 3133.9324 3119.3298 2532.3027 702.7405 -907.58057 -2272.2747 3241.7908 3139.9749 3155.6853 3171.2952 3186.8042 3202.3132 3217.52 3232.9285 3248.0347 3262.6372 3277.9448 3292.8496 -3292.5476 -3277.8442 -3263.2415 -3248.8403 -3234.5398 -1379.0955 3299.8992 3299.8992 3299.8992 3299.8992 3299.8992 3293.756 3279.0527 3263.9465 3249.1423 3234.2375 3219.3328 3205.0322 3189.624 3174.9207 3160.62 3146.3196 3132.1196 3117.819 2693.4355 811.1023 -984.7229 -2390.808 3126.3794 3138.263 3153.9734 
-3108.1511 -3093.2463 -3078.9458 -3064.2424 -3049.7405 -3035.44 -3021.2402 -3007.2417 -2993.2434 -2979.3457 -2965.75 -2952.0537 -2938.6597 -2925.1648 -2909.9578 -1831.6772 -640.80505 640.5029 1935.7086 3177.4382 3299.8992 3299.8992 3299.8992 3299.8992 3299.8992 3299.8992 3299.8992 3299.8992 3299.8992 3299.8992 3299.8992 3299.8992 3299.8992 3299.8992 3299.8992 -822.3816 -3160.4187 -3144.8088 -3129.602 -3114.5964 -3099.4902 -3084.8877 -3070.5872 -3055.783 -3041.281 -3027.0813 -3012.8813 -2998.883 -2985.1868 -2971.289 -2957.6934 -2944.098 -2930.603 -2917.3096 -2700.0823 -1253.8147 155.896 1391.684 2740.8691 3299.8992 3299.8992 3299.8992 3299.8992 3299.8992 3299.8992 3299.8992 3299.8992 3299.8992 3299.8992 3299.8992 3299.8992 3299.8992 3299.8992 3299.8992 3299.8992 -1650.6042 -3164.2456 -3148.8372 -3133.429 -3118.4233 -3103.5186 -3088.7146 -3073.9104 -3059.5093 -3045.108 -3030.9082 -3016.809 -3002.8105 -2988.8123 -2975.0151 -2961.4197 -2947.7234 -2934.329 -2920.935 -2609.2437 -1166.2994 158.21228 1435.3912 2729.187 3299.8992 3299.8992 3299.8992 3299.8992 3299.8992 3299.8992 3299.8992 3299.8992 3299.8992 3299.8992 3299.8992 3299.8992 3299.8992 3299.8992 3299.8992 3299.8992 -1715.9637 -3167.7703 -3152.1606 -3136.9536 -3121.7468 -3106.7412 -3092.1387 -3077.6367 -3062.9333 -3048.4314 -3034.03 -3019.931 -3005.9326 -2992.035 -2978.1372 -2964.441 -2950.8452 -2937.3503 -2923.9563 -2735.2295 -1310.8154 116.519165 1474.2645 2759.198 3299.8992 3299.8992 3299.8992 3299.8992 3299.8992 3299.8992 3299.8992 3299.8992 3299.8992 3299.8992 3299.8992 3299.8992 3299.8992 3299.8992 3299.8992 3299.8992 -2271.2676 -3167.4683 -3151.8584 -3136.4502 -3121.5454 -3106.5398 -3091.8364 -3077.536 -3062.732 -3048.23 -3033.9294 -3019.7295 -3005.7312 -2991.8335 -2978.0364 -2964.2395 -2950.6438 -2937.149 -2923.8555 -2649.0234 -1303.0609 45.92285 1229.3427 2502.4932 3299.8992 3299.8992 3299.8992 3299.8992 3299.8992 3299.8992 3299.8992 3299.8992 3299.8992 3299.8992 3299.8992 3299.8992 3299.8992 3299.8992 3299.8992 3241.1865 -2488.394 -3163.44 -3147.931 -3132.7239 -3117.517 -3102.6123 -3087.808 -3073.1047 -3058.8042 -3044.403 -3030.304 -3016.104 -3002.1057 -2988.1072 -2974.411 -2960.7146 -2947.2197 -2933.6243 -2920.4314 -2629.9895 -1356.0333 46.5271 1429.6509 2622.3357 3299.8992 
3245.7183 3230.4106 3214.801 3199.9968 3184.5886 3169.281 3153.9734 3138.565 3123.5596 3107.9497 3093.4478 3078.7444 3060.8184 2599.777 1175.2625 -222.36328 -1370.7367 -2320.7153 -3024.765 3085.2905 3102.1086 3118.6248 3134.738 3151.5564 3167.7703 3184.1858 3200.1982 3216.11 3232.022 3247.7324 3263.4429 3279.2542 3294.7632 -3289.7278 -2667.453 2746.6094 3299.8992 3291.2383 3276.0315 3260.7239 3245.4163 3230.31 3214.5996 3199.6948 3184.3872 3169.1802 3153.772 3138.4644 3123.3582 3107.6477 3093.2463 3078.543 3059.8113 2489.3005 997.91565 -350.8667 -1367.7155 -2211.7493 -2961.5203 3086.1968 3102.9143 3119.5312 3136.148 3152.4626 3168.6768 3184.79 3200.9033 3216.9158 3232.727 3248.639 3264.3494 3280.0598 3295.6694 -3289.0227 -2548.3154 2707.736 3299.8992 3291.4397 3276.132 3261.026 3245.819 3230.5115 3215.5059 3199.9968 3184.79 3169.281 3153.9734 3138.6658 3123.5596 3107.9497 3093.3472 3078.7444 3060.7178 2513.571 1033.3649 -273.22083 -1288.9618 -2224.3376 -2989.1143 3085.492 3102.411 3119.0276 3135.846 3151.9592 3168.173 3184.3872 3200.5005 3216.513 3232.3242 3248.236 3263.9465 3279.657 3295.166 -3289.224 -2171.6675 3230.612 3299.8992 3288.1165 3273.0103 3257.7026 3242.395 3227.2888 3212.1826 3196.875 3181.4666 3166.0583 3150.7507 3135.5437 3120.4375 3104.828 3090.326 3075.5217 3056.6895 2301.9836 768.90564 -555.6061 -1571.7499 -2437.2344 -3226.9866 3089.923 3106.7412 3123.2573 3139.9749 3156.2896 3172.4028 3188.617 3204.6294 3220.642 3236.4531 3252.2644 3267.9749 3283.5845 3299.1943 -3285.3972 -1864.508 3299.8992 3299.8992 3290.0298 3274.7222 3259.4146 3244.2078 3228.9001 3213.8945 3198.3855 3183.078 3167.6697 3152.2612 3137.0544 3121.9482 3106.4392 3091.8364 3077.234 3058.5022 2193.6218 657.01904 -625.69885 -1621.8018 -2517.7002 -3275.3264 3093.75 3110.4675 3126.9836 3143.8018 3159.915 3176.2297 3192.343 3208.4563 3224.2676 3240.1794 3255.9905 3271.701 3287.3108 3299.8992 -3281.7717 -1633.2825 3299.8992 3299.8992 3292.2454 3277.0386 3261.6301 3246.4233 3231.2163 3215.6067 3200.601 3185.1929 3169.7844 3154.4768 3139.1692 3124.1638 3108.3525 3093.9514 3079.3486 3057.6965 2165.7256 725.09766 -440.89966 -1486.7523 -2407.3242 -3143.097 3092.8435 
-3078.6438 -3064.041 -3049.8413 -3035.6414 -3021.5422 -3007.544 -2993.7468 -2980.0505 -2907.0374 -2403.195 -1879.4128 -1561.8805 -1505.1819 -1464.3951 -1177.5787 -841.3147 -562.65564 -286.9171 6.8481445 136.96289 755.20935 1940.744 2748.2207 3299.8992 3299.8992 3299.8992 3299.8992 3299.8992 3299.8992 3299.8992 3299.8992 3299.8992 3299.8992 3299.8992 2585.8794 296.58508 -1252.002 -2509.7441 -3105.835 -3091.0308 -3076.4282 -3062.0269 -3047.6257 -3033.4258 -3019.4275 -3005.5298 -2991.632 -2978.0364 -2933.6243 -2510.852 -1952.829 -1668.1274 -1449.6918 -1098.0194 -772.229 -410.58655 -119.84253 135.65369 491.95862 666.7877 1294.1986 2476.712 3201.3062 3299.8992 3299.8992 3299.8992 3299.8992 3299.8992 3299.8992 3299.8992 3299.8992 3299.8992 3299.8992 3299.8992 2399.2676 227.19727 -1348.4802 -2702.6 -3120.1355 -3105.4321 -3090.7288 -3076.126 -3061.8254 -3047.6257 -3033.5266 -3019.4275 -3005.6304 -2991.7327 -2845.3032 -2363.516 -1859.5734 -1726.9409 -1451.7059 -1249.4843 -935.9802 -670.1111 -391.1499 -106.75049 145.8252 379.9713 956.0211 2090.4968 2769.168 3299.8992 3299.8992 3299.8992 3299.8992 3299.8992 3299.8992 3299.8992 3299.8992 3299.8992 3299.8992 3299.8992 2421.222 302.12402 -1182.312 -2459.6924 -3123.8616 -3108.9568 -3094.2534 -3079.7515 -3065.3503 -3051.1504 -3037.0513 -3023.053 -3009.0544 -2995.1567 -2907.2388 -2337.4329 -1776.7914 -1698.1384 -1525.5249 -1535.6964 -1198.526 -771.62476 -464.46533 -114.4043 147.63794 419.44885 1108.0902 2164.8193 2786.5906 3299.8992 3299.8992 3299.8992 3299.8992 3299.8992 3299.8992 3299.8992 3299.8992 3299.8992 3299.8992 3299.8992 2046.7896 -35.650635 -1407.4951 -2603.5034 -3120.236 -3105.4321 -3090.7288 -3076.0254 -3062.1277 -3047.525 -3033.3252 -3019.3267 -3005.429 -2991.632 -2787.1948 -2435.7239 -1918.689 -1691.2903 -1481.7169 -1084.8267 -639.8987 -360.8368 -125.28076 66.06445 237.16736 472.8241 1205.4749 2378.6223 3016.809 3299.8992 3299.8992 3299.8992 3299.8992 3299.8992 3299.8992 3299.8992 3299.8992 3299.8992 3299.8992 3299.8992 1873.7732 -208.26416 -1637.0087 -2737.445 -3124.9695 -3110.0647 -3095.462 -3080.8594 -3066.458 -3052.1575 -3038.0583 -3024.06 -3010.1624 -2996.3652 -2789.6118 -2320.2117 -1821.405 -1751.3123 -1597.6318 -1088.9557 -709.89075 -492.46216 -248.9502 15.609741 140.38696 405.75256 

-14.501953 -10.272217 0.60424805 12.588501 2.3162842 -6.7474365 0.9063721 3.6254883 15.307617 30.413818 42.196655 31.82373 38.571167 28.198242 2.3162842 -8.459473 5.4382324 18.630981 15.206909 -5.9417725 -45.117188 -53.778076 -38.36975 -4.1290283 6.6467285 8.761597 5.0354004 16.314697 26.687622 25.27771 12.789917 12.387085 10.574341 15.307617 25.479126 28.701782 28.903198 8.660889 -11.178589 -16.113281 -4.5318604 -11.782837 -4.1290283 -16.616821 -20.040894 -11.682129 -7.6538086 5.9417725 19.638062 31.32019 37.060547 37.96692 43.203735 38.067627 -12.286377 -41.793823 -47.634888 -21.047974 3.0212402 20.24231 26.989746 9.970093 -15.609741 -22.860718 0.60424805 29.910278 44.51294 37.664795 36.35559 0.9063721 -24.069214 -14.602661 -20.645142 -42.800903 -66.970825 -78.45154 -55.59082 -48.339844 -24.371338 -0.80566406 17.72461 5.6396484 6.1431885 29.406738 46.224976 57.000732 27.392578 -17.321777 -29.708862 -13.897705 -3.4240723 -14.501953 -17.22107 -34.744263 -27.191162 -5.9417725 -8.459473 -9.667969 -10.675049 -17.321777 -17.321777 -17.321777 -17.321777 -17.321777 -17.321777 -17.321777 -17.321777 -17.321777 -17.321777 -17.321777 -17.321777 -17.321777 -17.321777 -17.321777 -17.321777 -17.321777 -17.321777 -17.321777 -17.321777 -17.321777 40.786743 16.616821 -3.6254883 -11.279297 -5.0354004 25.982666 28.601074 46.5271 41.4917 52.770996 91.744995 125.079346 110.37598 76.94092 69.68994 50.454712 20.645142 -7.1502686 -42.196655 -105.84412 -170.80078 -221.05408 -235.05249 -201.11389 -154.88892 -123.16589 -100.10376 -64.85596 -23.666382 23.364258 42.700195 36.4563 28.701782 40.182495 64.453125 67.17224 65.76233 49.54834 51.159668 63.14392 78.95508 73.81897 67.977905 29.708862 -4.8339844 -10.574341 -11.279297 -1.1077881 26.28479 49.54834 48.339844 29.910278 7.2509766 8.761597 16.012573 18.127441 24.673462 35.046387 12.588501 -31.521606 -31.521606 -31.521606 -31.521606 -31.521606 -31.521606 -31.521606 -31.521606 -31.521606 -31.521606 -31.521606 -31.521606 -31.521606 -31.521606 -31.521606 -31.521606 -31.521606 -31.521606 -31.521606 -31.521606 -31.521606 
-74.42322 -60.928345 -50.857544 -51.361084 -57.10144 -83.58765 -71.40198 -79.86145 -56.5979 -54.885864 -30.514526 -24.673462 -13.092041 -23.364258 -39.47754 -45.217896 -40.786743 -34.140015 -25.076294 -29.708862 -31.32019 -9.970093 -2.8198242 7.8552246 11.279297 18.026733 19.23523 31.622314 36.85913 30.413818 30.010986 19.940186 33.33435 32.125854 39.37683 38.571167 21.047974 23.666382 26.889038 18.933105 15.307617 1.6113281 3.5247803 5.1361084 8.963013 -8.459473 17.22107 19.134521 34.94568 26.385498 28.903198 16.113281 16.918945 6.7474365 -2.7191162 4.6325684 34.039307 76.84021 112.89368 148.54431 155.59387 165.9668 167.47742 180.56946 182.08008 153.07617 135.7544 80.36499 49.649048 35.44922 15.509033 -34.94568 -83.184814 -153.17688 -190.94238 -223.26965 -226.49231 -193.56079 -154.78821 -88.62305 -57.20215 -34.44214 -26.385498 -33.83789 -44.210815 -52.770996 -49.346924 -51.763916 -46.728516 -28.903198 -7.4523926 -17.019653 -36.35559 -56.295776 -64.55383 -61.12976 -53.475952 -47.93701 -32.125854 -13.696289 -16.516113 3.0212402 9.970093 25.78125 24.169922 25.27771 28.097534 17.422485 2.5177002 -5.9417725 -3.1219482 -7.3516846 -0.50354004 10.775757 0.50354004 9.970093 8.459473 5.8410645 6.4453125 8.963013 27.996826 11.984253 -1.8127441 0.40283203 1.0070801 17.523193 25.378418 43.304443 89.93225 135.65369 189.63318 225.28381 251.97144 259.62524 260.83374 241.90063 219.14062 177.85034 137.76855 80.667114 28.903198 -11.380005 -50.756836 -93.15491 -143.4082 -182.08008 -233.74329 -257.40967 -235.05249 -187.82043 -141.09192 -120.95032 -87.91809 -46.124268 -14.904785 -0.50354004 -4.4311523 5.0354004 9.970093 13.494873 10.876465 -13.796997 -34.744263 -29.104614 -55.792236 -62.74109 -51.361084 -58.914185 -62.539673 -83.08411 -67.977905 -74.62463 -64.55383 -70.19348 -59.61914 -39.074707 -17.825317 -4.7332764 7.6538086 -7.9559326 -6.3446045 2.1148682 7.3516846 10.876465 13.192749 14.300537 15.106201 3.8269043 17.019653 21.853638 24.874878 -2.9205322 0.40283203 4.0283203 15.811157 25.177002 34.039307 31.723022 18.530273 15.710449 
3299.8992 3299.8992 3299.8992 3299.8992 3299.8992 3299.8992 3299.8992 3299.8992 3299.8992 3299.8992 3299.8992 3299.8992 3299.8992 3299.8992 1754.9377 3299.8992 -3280.2612 -3263.6443 -3247.4304 -3231.3171 -3215.2039 -3199.1912 -3183.8835 -3167.9717 -3152.765 -3137.6587 -3122.754 -3107.849 -3093.045 -3078.4424 -3063.8396 -3049.539 -3035.3394 -3021.1394 -2372.2778 396.286 3234.439 3299.8992 3299.8992 3299.8992 3299.8992 3299.8992 3299.8992 3299.8992 3299.8992 3299.8992 3299.8992 3299.8992 3299.8992 3299.8992 3299.8992 3299.8992 3299.8992 3299.8992 1161.5662 3299.8992 -3280.4626 -3263.9465 -3247.531 -3231.4177 -3215.5059 -3199.9968 -3183.9844 -3168.7773 -3153.5706 -3138.263 -3123.056 -3108.0505 -3093.2463 -3078.7444 -3064.1418 -3049.8413 -3035.44 -3021.3408 -2258.1755 531.23474 3299.8992 3299.8992 3299.8992 3299.8992 3299.8992 3299.8992 3299.8992 3299.8992 3299.8992 3299.8992 3299.8992 3299.8992 3299.8992 3299.8992 3299.8992 3299.8992 3299.8992 3299.8992 353.98865 3299.8992 -3280.664 -3264.2485 -3247.8333 -3231.72 -3215.808 -3199.594 -3184.4878 -3168.4753 -3153.1677 -3138.263 -3123.2573 -3108.3525 -3093.6492 -3078.9458 -3064.4438 -3050.0427 -3035.8428 -3021.7437 -2065.219 709.4879 3299.8992 3299.8992 3299.8992 3299.8992 3299.8992 3299.8992 3299.8992 3299.8992 3299.8992 3299.8992 3299.8992 3299.8992 3299.8992 3299.8992 3299.8992 3299.8992 3299.8992 3299.8992 -286.615 3299.8992 -3280.0598 -3263.5437 -3247.3296 -3231.1157 -3215.2039 -3199.6948 -3183.6821 -3168.576 -3153.2683 -3137.86 -3122.754 -3107.849 -3093.045 -3078.3416 -3063.8396 -3049.64 -3035.3394 -3021.1394 -2016.275 635.97107 3299.8992 3299.8992 3299.8992 3299.8992 3299.8992 3299.8992 3299.8992 3299.8992 3299.8992 3299.8992 3299.8992 3299.8992 3299.8992 3299.8992 3299.8992 3299.8992 3299.8992 3299.8992 -1125.0092 -3294.159 -3277.4414 -3260.9253 -3244.6106 -3228.598 -3212.5854 -3197.177 -3181.668 -3165.756 -3150.5493 -3135.443 -3120.5383 -3105.7341 -3091.0308 -3076.3274 -3061.8254 -3047.4243 -3033.2244 -3019.1252 -1815.2618 932.0526 3299.8992 3299.8992 3299.8992 3299.8992 
3299.8992 3299.8992 3299.8992 3299.8992 3299.8992 3299.8992 3299.8992 3299.8992 3299.8992 3299.8992 3299.8992 3299.8992 3285.3972 3270.291 1449.0875 3267.7734 3283.484 3299.1943 -3285.498 -3270.3918 -3255.2856 -3240.5823 -3225.476 -3210.8733 -3196.3713 -3181.668 -3167.5688 -3153.4697 -3139.3706 -3125.473 -3111.5752 -3097.879 -3084.2834 -3070.7886 -1779.9133 668.39905 2918.0144 3299.8992 3299.8992 3299.8992 3299.8992 3299.8992 3299.8992 3299.8992 3299.8992 3299.8992 3299.8992 3299.8992 3299.8992 3299.8992 3299.8992 3299.8992 3287.7136 3272.406 668.8019 3272.5066 3288.217 3299.8992 -3280.8655 -3265.6584 -3250.653 -3236.0503 -3220.944 -3206.3416 -3191.8396 -3177.3376 -3163.2385 -3149.0386 -3134.9395 -3121.0417 -3107.3455 -3093.6492 -3080.0537 -3066.5588 -1416.4581 819.25964 3046.3164 3299.8992 3299.8992 3299.8992 3299.8992 3299.8992 3299.8992 3299.8992 3299.8992 3299.8992 3299.8992 3299.8992 3299.8992 3299.8992 3299.8992 3299.8992 3288.922 3273.6145 136.96289 3275.2258 3290.9363 3299.8992 -3278.1462 -3263.04 -3247.9338 -3233.3313 -3218.225 -3203.8237 -3189.2212 -3174.7192 -3160.62 -3146.521 -3132.4219 -3118.6248 -3104.828 -3091.1316 -3077.6367 -3060.0127 -967.50183 1524.7192 3299.8992 3299.8992 3299.8992 3299.8992 3299.8992 3299.8992 3299.8992 3299.8992 3299.8992 3299.8992 3299.8992 3299.8992 3299.8992 3299.8992 3299.8992 3299.5972 3284.6924 3269.3848 -407.3639 3272.6074 3288.3179 3299.8992 -3280.7646 -3265.5579 -3250.5522 -3235.8489 -3220.8435 -3206.2407 -3191.8396 -3177.1362 -3163.1377 -3148.938 -3134.9395 -3121.1426 -3107.2449 -3093.5486 -3080.0537 -3062.9333 -1030.8472 1266.9067 3299.8992 3299.8992 3299.8992 3299.8992 3299.8992 3299.8992 3299.8992 3299.8992 3299.8992 3299.8992 3299.8992 3299.8992 3299.8992 3299.8992 3299.8992 3299.1943 3284.0881 3268.7805 -1385.2386 3274.823 3290.634 3299.8992 -3278.4485 -3263.3423 -3248.3367 -3233.2305 -3218.7285 -3204.126 -3189.5232 -3175.525 -3161.023 -3146.9238 -3132.9253 -3118.927 -3105.2307 -3091.5344 -3078.0396 -2886.5935 -579.17175 1871.1548 3299.8992 3299.8992 3299.8992 3299.8992 
3169.4824 3185.092 3200.601 3216.0095 3230.713 3245.819 3261.2273 3276.132 3290.7349 3299.8992 -3279.959 -3265.3564 -3250.955 -3236.554 -1219.0704 3299.8992 3299.8992 3299.8992 3299.8992 3299.8992 3291.0369 3276.3335 3261.6301 3247.0276 3232.022 3217.1172 3202.716 3187.4084 3172.8057 3158.5051 3144.104 3129.904 3114.8987 2517.1965 728.421 -859.14 -2280.3313 3120.4375 3136.2488 3152.1606 3167.5688 3182.9773 3198.6877 3213.693 3229.1016 3244.3083 3259.0117 3274.2188 3289.1235 3299.8992 -3281.4697 -3266.867 -3252.365 -3238.0645 -563.562 3299.8992 3299.8992 3299.8992 3299.8992 3299.8992 3287.0085 3272.1038 3257.0984 3242.395 3227.7922 3213.0889 3197.9827 3182.8765 3168.8782 3154.3762 3140.0757 3125.9766 3108.252 2130.4778 218.63708 -1342.1356 -2721.5332 3125.07 3140.982 3156.6924 3172.2014 3187.6099 3202.8167 3218.0237 3232.9285 3248.0347 3263.4429 3278.3477 3292.749 -3292.4468 -3277.9448 -3263.3423 -3248.941 -3234.5398 -146.73157 3299.8992 3299.8992 3299.8992 3299.8992 3299.8992 3288.7207 3273.9165 3259.2131 3244.6106 3229.5044 3214.7002 3200.299 3185.092 3170.3887 3156.0881 3141.7876 3127.6885 3109.9639 2204.2969 326.59607 -1246.7651 -2540.2588 3124.4658 3140.3777 3156.0881 3171.5972 3187.0056 3202.6152 3217.6208 3232.727 3247.8333 3263.3423 3278.1462 3292.6482 -3292.6482 -3277.9448 -3263.5437 -3249.0417 -3234.6404 290.24048 3299.8992 3299.8992 3299.8992 3299.8992 3299.8992 3286.908 3272.2046 3257.4004 3242.5964 3227.9937 3213.391 3198.285 3183.1787 3169.0796 3154.6782 3140.3777 3126.178 3107.6477 1908.5175 -41.793823 -1525.9277 -2805.3223 3128.6956 3144.7083 3160.3179 3175.827 3191.2354 3206.4421 3221.5483 3236.554 3251.6602 3266.9678 3281.7717 3296.2737 -3288.922 -3274.4202 -3259.8174 -3245.4163 -3231.1157 740.9088 3299.8992 3299.8992 3299.8992 3299.8992 3299.8992 3288.7207 3273.816 3259.2131 3244.5098 3229.303 3214.5996 3200.1982 3184.8906 3170.288 3155.8867 3141.687 3127.2856 3107.4463 1845.3735 -73.21472 -1571.347 -2775.1099 3130.7097 3146.521 3162.2314 
3299.8992 3299.8992 3299.8992 3299.8992 3299.8992 3299.8992 3299.8992 3299.8992 3299.8992 3299.8992 3299.8992 3299.8992 3299.8992 3299.8992 3118.927 -2737.445 -3160.5193 -3145.111 -3129.8035 -3114.6973 -3099.893 -3085.089 -3070.285 -3055.9844 -3041.6838 -3027.4841 -3013.385 -2999.3865 -2985.4888 -2971.692 -2957.9956 -2944.4 -2931.1064 -2917.6116 -2407.9285 -1013.5254 375.8423 1599.646 2733.7188 3299.8992 3299.8992 3299.8992 3299.8992 3299.8992 3299.8992 3299.8992 3299.8992 3299.8992 3299.8992 3299.8992 3299.8992 3299.8992 3299.8992 3299.8992 2810.0554 -3174.2156 -3160.3179 -3144.8088 -3129.602 -3114.5964 -3099.6917 -3084.8877 -3070.6877 -3055.9844 -3041.5833 -3027.182 -3013.1836 -2999.185 -2985.4888 -2971.591 -2957.6934 -2944.2993 -2930.905 -2917.4102 -2638.6504 -1172.1405 172.71423 1349.8901 2544.0857 3299.8992 3299.8992 3299.8992 3299.8992 3299.8992 3299.8992 3299.8992 3299.8992 3299.8992 3299.8992 3299.8992 3299.8992 3299.8992 3299.8992 3299.8992 2591.1162 -3170.288 -3154.3762 -3138.8672 -3123.761 -3108.7554 -3093.9514 -3079.248 -3064.9475 -3050.2441 -3035.6414 -3021.643 -3007.6445 -2993.6462 -2979.7485 -2966.0522 -2952.4565 -2938.7603 -2925.4668 -2912.2742 -2408.8347 -945.34607 476.5503 1783.2367 2997.2717 3299.8992 3299.8992 3299.8992 3299.8992 3299.8992 3299.8992 3299.8992 3299.8992 3299.8992 3299.8992 3299.8992 3299.8992 3299.8992 3299.8992 3299.8992 2137.1245 -3169.281 -3153.6711 -3138.263 -3122.9553 -3107.9497 -3093.1458 -3078.4424 -3063.739 -3049.4385 -3035.138 -3021.0388 -3006.9397 -2993.1426 -2979.2449 -2965.448 -2951.8523 -2938.2568 -2924.762 -2911.569 -2063.6077 -765.8844 517.2363 1788.4735 2955.5786 3299.8992 3299.8992 3299.8992 3299.8992 3299.8992 3299.8992 3299.8992 3299.8992 3299.8992 3299.8992 3299.8992 3299.8992 3299.8992 3299.8992 3299.8992 2097.8484 -3170.993 -3155.2825 -3139.9749 -3124.6672 -3109.7625 -3094.9585 -3080.1543 -3065.3503 -3051.0498 -3036.9507 -3022.6501 -3008.551 -2994.6533 -2980.8562 -2967.16 -2953.363 -2939.8682 -2926.4739 -2913.1804 -2117.688 -587.6312 817.6483 2142.9656 3135.0403 3299.8992 
3109.6619 3126.178 3142.2913 3159.0088 3175.3235 3191.4368 3207.55 3223.361 3239.3738 3255.0842 3270.996 3286.4043 3299.8992 -3282.4768 -1203.36 3299.8992 3299.8992 3288.922 3273.6145 3258.307 3243.2007 3227.9937 3212.0818 3197.177 3181.9702 3166.5618 3151.2542 3135.9465 3120.9412 3105.3313 3090.7288 3076.126 3033.3252 1995.6299 495.5841 -717.1417 -1646.3745 -2524.9512 -3273.3123 3095.059 3111.8774 3128.4941 3144.5068 3161.325 3177.4382 3193.5515 3209.5642 3225.476 3241.4885 3257.199 3272.9094 3288.7207 3299.8992 -3280.5632 -865.68604 3299.8992 3299.8992 3289.0227 3273.715 3258.4075 3243.3013 3228.0945 3212.384 3197.2778 3182.0708 3166.5618 3151.355 3136.0474 3120.9412 3105.3313 3090.9302 3076.126 3018.7224 1873.0682 298.90137 -926.01013 -1930.9753 -2819.1191 3089.6208 3101.7058 3118.222 3134.8389 3150.9521 3167.4683 3183.8835 3199.8962 3215.7073 3231.8206 3247.6318 3263.3423 3279.0527 3294.6624 -3290.0298 -3274.5208 -418.34106 3299.8992 3299.8992 3292.5476 3277.24 3262.033 3246.7253 3231.4177 3216.11 3200.8025 3185.2935 3169.8853 3154.4768 3139.1692 3124.063 3108.554 3093.9514 3079.0466 2974.9146 1913.3514 528.1128 -627.2095 -1619.0826 -2384.967 -3061.0198 3096.6704 3113.388 3130.005 3146.521 3162.6343 3178.949 3195.1628 3211.2761 3227.0874 3242.9993 3258.8103 3274.5208 3290.1306 3299.8992 -3278.952 37.46338 3299.8992 3299.8992 3285.901 3270.5933 3255.2856 3239.978 3224.771 3209.7656 3194.2566 3178.8481 3163.5405 3148.233 3132.8247 3117.819 3102.31 3087.808 3072.9033 2975.5188 1857.1564 443.01453 -717.041 -1694.2108 -2581.952 3299.8992 3093.9514 3110.8704 3127.2856 3144.0032 3160.2173 3176.3306 3192.5444 3208.6577 3224.5696 3240.3809 3256.0913 3271.9023 3287.5122 3299.8992 -3281.5703 215.81726 3299.8992 3297.2808 3282.074 3266.867 3251.6602 3236.4531 3221.2463 3206.1401 3190.8325 3175.3235 3159.915 3144.6074 3129.4006 3114.2944 3098.886 3084.4849 3069.6807 2958.499 1821.6064 321.45996 -786.52954 -1680.9174 -2572.586 -3252.5664 3091.7358 
1187.3474 2296.344 3219.4336 3299.8992 3299.8992 3299.8992 3299.8992 3299.8992 3299.8992 3299.8992 3299.8992 3299.8992 3299.8992 3299.8992 1674.5728 -313.50403 -1762.5916 -2934.6313 -3124.2644 -3109.4604 -3094.757 -3080.1543 -3065.9546 -3051.654 -3037.555 -3023.5564 -3009.558 -2995.761 -2922.2441 -2616.696 -2214.871 -2072.2686 -1914.6606 -1723.3154 -1193.692 -725.3998 -409.37805 -101.61438 171.40503 544.5282 1335.9924 2497.3572 3183.9844 3299.8992 3299.8992 3299.8992 3299.8992 3299.8992 3299.8992 3299.8992 3299.8992 3299.8992 3299.8992 3299.8992 1654.5319 -406.65894 -1757.1533 -2852.1514 -3112.5823 -3097.7783 -3083.1755 -3068.7744 -3054.4739 -3040.1733 -3026.1748 -3012.0757 -2998.3794 -2984.381 -2686.6882 -2262.0024 -1858.7677 -1565.4053 -1459.0576 -1290.8752 -954.4098 -671.01746 -461.4441 -251.4679 -44.210815 193.96362 1130.9509 2266.635 3124.4658 3299.8992 3299.8992 3299.8992 3299.8992 3299.8992 3299.8992 3299.8992 3299.8992 3299.8992 3299.8992 3299.8992 1454.0222 -507.87048 -1864.6088 -2894.9524 -3105.5327 -3090.9302 -3076.2268 -3061.8254 -3047.525 -3033.4258 -3019.4275 -3005.429 -2991.7327 -2977.9358 -2656.7778 -2223.8342 -1842.453 -1605.0842 -1299.7375 -951.28784 -569.00024 -249.0509 -29.507446 207.76062 380.47485 706.6681 1618.8812 2643.988 3282.2754 3299.8992 3299.8992 3299.8992 3299.8992 3299.8992 3299.8992 3299.8992 3299.8992 3299.8992 3299.8992 3239.7766 1184.6283 -686.12366 -1889.0808 -3015.6006 -3113.9922 -3099.2888 -3084.5854 -3070.1843 -3055.9844 -3041.5833 -3027.6855 -3013.687 -2999.7893 -2985.8916 -2692.8313 -2113.0554 -1579.4037 -1337.1002 -1111.0107 -839.8041 -467.7887 -303.73535 -59.417725 207.65991 343.2129 694.1803 1640.332 2621.6309 3299.8992 3299.8992 3299.8992 3299.8992 3299.8992 3299.8992 3299.8992 3299.8992 3299.8992 3299.8992 3299.8992 3299.8992 1422.3999 -409.9823 -1718.8843 -2920.8342 -3129.5012 -3114.6973 -3099.994 -3085.492 -3071.1914 -3056.8909 -3042.7917 -3028.7932 -3014.795 -3000.6958 -2763.7297 -2296.4446 -1770.044 -1530.661 -1207.5897 -1035.1776 -816.84265 -517.0349 -250.66223 -35.44922 96.37756 494.67773 

19.638062 18.429565 15.509033 13.696289 11.279297 19.134521 21.450806 12.084961 11.782837 5.3375244 10.272217 29.003906 56.295776 59.417725 71.7041 84.695435 96.98181 104.73633 115.61279 93.55774 35.34851 -31.018066 -96.98181 -113.59863 -112.89368 -117.42554 -111.18164 -97.787476 -62.841797 -27.392578 -10.775757 12.286377 -6.4453125 -16.113281 1.0070801 8.660889 1.2084961 -12.487793 -36.053467 -51.159668 -39.779663 -28.097534 -40.081787 -50.656128 -54.68445 -36.85913 -20.846558 -6.8481445 -4.0283203 -2.3162842 5.6396484 2.8198242 14.099121 13.595581 16.113281 9.970093 -5.6396484 -27.493286 -35.247803 -37.564087 -37.564087 -37.564087 -37.564087 -37.564087 -37.564087 -37.564087 -37.564087 -37.564087 -37.564087 -37.564087 -37.564087 -37.564087 -37.564087 -37.564087 -37.564087 -37.564087 -37.564087 -37.564087 -37.564087 -37.564087 -17.321777 -19.23523 1.7120361 8.157349 13.796997 14.300537 20.947266 30.212402 26.28479 24.472046 24.874878 22.76001 21.954346 10.977173 6.0424805 12.084961 23.666382 32.32727 31.32019 25.881958 34.744263 25.378418 -27.29187 -56.19507 -56.295776 -29.104614 -10.372925 -22.860718 -37.765503 -59.014893 -69.28711 -63.64746 -22.155762 -6.2438965 -5.1361084 -12.387085 -20.040894 -20.141602 -24.169922 -36.557007 -34.84497 -25.680542 -12.789917 -5.2368164 -3.5247803 2.4169922 10.473633 6.8481445 -20.24231 -13.796997 6.9488525 26.687622 1.2084961 -22.25647 -19.134521 -13.092041 -5.0354004 -9.164429 -7.9559326 -23.968506 -42.196655 -57.806396 -69.08569 -58.20923 -46.627808 -31.018066 -20.343018 -14.099121 -16.516113 6.0424805 38.168335 43.50586 45.620728 47.634888 38.671875 13.092041 16.113281 -0.60424805 -16.818237 -1.1077881 14.703369 37.46338 56.19507 38.269043 37.36267 41.793823 52.56958 43.304443 27.493286 23.666382 27.191162 51.159668 86.40747 70.3949 43.00232 27.090454 18.933105 -1.1077881 -20.544434 -50.656128 -75.22888 -60.928345 -43.40515 -38.974 -45.01648 -48.54126 -37.060547 -8.459473 12.991333 36.758423 27.493286 21.148682 20.544434 7.8552246 5.6396484 5.3375244 -0.30212402 -10.372925 -8.459473 3.7261963 
20.24231 12.789917 6.5460205 5.9417725 -3.2226562 -2.5177002 -11.581421 -15.307617 -2.1148682 25.177002 69.38782 82.88269 107.455444 110.27527 125.68359 150.45776 184.09424 212.79602 217.63 192.453 124.575806 98.89526 78.75366 59.1156 31.723022 -9.365845 -24.572754 -18.630981 -2.4169922 -17.019653 -51.763916 -90.5365 -122.46094 -131.92749 -110.980225 -94.3634 -72.61047 -53.475952 -28.198242 -17.019653 -15.509033 -32.93152 -55.288696 -67.27295 -72.006226 -69.89136 -73.71826 -76.33667 -71.30127 -82.681274 -86.8103 -97.787476 -94.262695 -92.248535 -82.9834 -70.09277 -62.13684 -55.69153 -39.578247 -18.530273 -4.9346924 19.839478 37.664795 47.53418 37.161255 32.125854 10.272217 8.660889 31.32019 48.138428 43.00232 22.25647 25.579834 21.954346 12.286377 -7.8552246 -11.782837 -0.9063721 -8.761597 -6.6467285 -0.50354004 -6.5460205 -24.874878 -19.73877 -23.867798 -22.155762 -11.480713 -14.099121 -22.558594 -26.486206 -6.6467285 4.9346924 9.567261 0.40283203 7.3516846 24.673462 26.687622 19.033813 3.6254883 -8.258057 -0.40283203 15.005493 12.991333 23.26355 25.680542 34.542847 33.33435 31.723022 23.565674 13.998413 27.29187 19.335938 23.26355 19.134521 24.673462 21.551514 8.056641 2.1148682 -0.70495605 5.6396484 8.761597 5.4382324 18.328857 8.963013 5.0354004 18.429565 28.097534 51.965332 67.8772 71.502686 85.80322 95.97473 94.3634 87.01172 86.709595 92.55066 88.32092 82.47986 72.20764 61.029053 65.56091 55.18799 41.89453 6.7474365 -51.260376 -96.67969 -118.13049 -136.35864 -163.04626 -157.70874 -101.312256 -62.23755 -44.714355 -37.96692 -38.36975 -33.132935 -6.9488525 2.9205322 10.473633 39.47754 40.98816 24.572754 -8.056641 -6.6467285 -6.9488525 0.40283203 4.9346924 -9.869385 -27.392578 3.7261963 49.246216 47.735596 41.4917 32.730103 24.673462 26.78833 28.097534 29.104614 11.984253 -24.27063 -74.32251 -80.4657 -79.055786 -75.4303 -73.41614 -70.29419 -54.785156 -51.461792 -49.850464 -31.219482 -45.721436 -43.203735 -32.93152 -30.615234 -38.772583 -27.493286 -11.682129 -0.40283203 9.063721 23.968506 
3299.8992 3299.8992 3299.8992 3299.8992 3299.8992 3299.8992 3299.8992 3299.8992 3299.8992 3299.8992 3299.8992 3299.8992 3299.8992 3299.6978 -1751.7151 -3293.8567 -3277.0386 -3260.623 -3244.2078 -3228.195 -3212.2832 -3196.17 -3180.4595 -3165.454 -3150.0457 -3134.738 -3119.7327 -3104.828 -3090.0237 -3075.3203 -3060.8184 -3046.6187 -3032.318 -3018.219 -1500.5493 1061.261 3299.8992 3299.8992 3299.8992 3299.8992 3299.8992 3299.8992 3299.8992 3299.8992 3299.8992 3299.8992 3299.8992 3299.8992 3299.8992 3299.8992 3299.8992 3299.8992 3299.8992 3298.3887 -2686.9902 -3292.749 -3275.9307 -3259.5154 -3243.2007 -3227.188 -3211.1755 -3195.767 -3179.7546 -3164.749 -3149.4414 -3134.1338 -3119.0276 -3104.1228 -3089.3188 -3074.716 -3060.214 -3045.9136 -3031.7139 -3017.514 -1192.4835 1638.62 3299.8992 3299.8992 3299.8992 3299.8992 3299.8992 3299.8992 3299.8992 3299.8992 3299.8992 3299.8992 3299.8992 3299.8992 3299.8992 3299.8992 3299.8992 3299.8992 3299.8992 3293.5547 3288.217 3299.8992 -3277.8442 -3261.5295 -3245.2148 -3229.2021 -3213.0889 -3197.0764 -3181.8694 -3166.0583 -3150.7507 -3135.745 -3120.8403 -3105.9355 -3091.2322 -3076.5288 -3062.1277 -3047.7263 -3033.5266 -3019.4275 -1589.6759 1164.6881 3299.8992 3299.8992 3299.8992 3299.8992 3299.8992 3299.8992 3299.8992 3299.8992 3299.8992 3299.8992 3299.8992 3299.8992 3299.8992 3299.8992 3299.8992 3299.8992 3299.8992 3296.878 3293.4539 -3289.627 -3272.8088 -3256.3933 -3240.1794 -3224.0662 -3208.255 -3192.8467 -3176.834 -3161.8286 -3146.521 -3131.2134 -3116.1072 -3101.2024 -3086.3982 -3071.8962 -3057.3943 -3043.0938 -3028.9946 -3014.795 -1144.1437 1722.6105 3299.8992 3299.8992 3299.8992 3299.8992 3299.8992 3299.8992 3299.8992 3299.8992 3299.8992 3299.8992 3299.8992 3299.8992 3299.8992 3299.8992 3299.8992 3299.8992 3299.8992 3294.9646 3293.9575 -3289.0227 -3272.406 -3255.9905 -3239.6758 -3223.6633 -3207.7515 -3191.8396 -3176.6326 -3160.7207 -3145.6145 -3130.5083 -3115.6035 -3100.9001 -3086.1968 -3071.4934 -3057.0923 -3042.7917 -3028.5918 -3014.392 -917.8528 1971.2585 3299.8992 3299.8992 3299.8992 3299.8992 
3299.8992 3299.8992 3299.8992 3299.8992 3299.8992 3299.8992 3299.8992 3299.8992 3299.8992 3299.8992 3299.8992 3295.166 3280.0598 3264.7522 -1814.5569 3272.0032 3287.7136 3299.8992 -3281.369 -3266.2627 -3251.1565 -3236.0503 -3221.5483 -3206.9458 -3192.5444 -3178.3447 -3163.8428 -3149.5422 -3135.6445 -3121.7468 -3107.849 -3094.1528 -3080.7585 -2931.7107 -672.32666 1693.6066 3299.8992 3299.8992 3299.8992 3299.8992 3299.8992 3299.8992 3299.8992 3299.8992 3299.8992 3299.8992 3299.8992 3299.8992 3299.8992 3299.8992 3299.8992 3294.159 3279.2542 3263.745 -2671.3806 3273.2117 3289.0227 3299.8992 -3280.2612 -3265.0542 -3250.0488 -3234.8418 -3220.3398 -3205.7373 -3191.336 -3177.1362 -3162.5334 -3148.4343 -3134.5366 -3120.5383 -3106.842 -3093.1458 -3079.651 -2672.2869 -291.24756 1992.81 3299.8992 3299.8992 3299.8992 3299.8992 3299.8992 3299.8992 3299.8992 3299.8992 3299.8992 3299.8992 3299.8992 3299.8992 3299.8992 3299.8992 3299.8992 3290.8354 3275.83 3260.321 3256.3933 3272.6074 3288.217 3299.8992 -3280.8655 -3265.7593 -3250.7537 -3235.6475 -3221.045 -3206.543 -3192.041 -3177.841 -3163.44 -3149.24 -3135.2417 -3121.344 -3107.4463 -3093.8506 -3080.3557 -2675.006 -409.78088 1709.7198 3299.8992 3299.8992 3299.8992 3299.8992 3299.8992 3299.8992 3299.8992 3299.8992 3299.8992 3299.8992 3299.8992 3299.8992 3299.8992 3299.8992 3299.8992 3292.3462 3277.24 3261.4287 3259.5154 3275.6287 3291.339 3299.8992 -3277.8442 -3262.6372 -3247.7324 -3232.727 -3218.1243 -3203.6223 -3189.1204 -3174.5178 -3160.4187 -3146.4202 -3132.4219 -3118.4233 -3104.828 -3091.1316 -3077.536 -2478.424 -29.80957 2160.2874 3299.8992 3299.8992 3299.8992 3299.8992 3299.8992 3299.8992 3299.8992 3299.8992 3299.8992 3299.8992 3299.8992 3299.8992 3299.8992 3299.8992 3299.8992 3290.1306 3275.125 3259.314 3258.609 3274.7222 3290.332 3299.8992 -3278.8513 -3263.745 -3248.7395 -3233.6333 -3219.0308 -3204.6294 -3190.0269 -3175.424 -3161.4258 -3147.2258 -3133.2275 -3119.4304 -3105.6335 -3091.9373 -3078.543 -2623.7456 -245.224 1959.7778 3299.8992 3299.8992 3299.8992 3299.8992 
3177.7405 3193.048 3208.6577 3223.8647 3238.971 3254.1777 3268.7805 3283.9873 3298.7915 -3286.5051 -3271.8018 -3257.4004 -3242.8984 -3228.7993 1100.3357 3299.8992 3299.8992 3299.8992 3299.8992 3299.8992 3289.8284 3274.9236 3259.9182 3244.9126 3230.5115 3215.7073 3200.601 3185.4949 3171.3958 3156.9946 3142.8955 3128.4941 3110.1653 1891.6992 -94.3634 -1525.2228 -2728.9856 3131.1125 3146.9238 3162.6343 3178.1433 3193.5515 3208.7585 3223.9653 3239.273 3254.2786 3268.982 3283.9873 3298.993 -3286.4043 -3271.8018 -3257.199 -3242.7979 -3228.598 1816.9739 3299.8992 3299.8992 3299.8992 3299.8992 3299.8992 3287.21 3272.406 3257.2998 3242.697 3227.7922 3212.8875 3198.3855 3183.078 3168.4753 3154.1748 3139.9749 3125.6743 3074.1118 1579.5044 -282.48596 -1739.8315 -2901.6997 3132.8247 3148.6357 3164.2456 3179.7546 3195.1628 3210.7727 3225.6775 3240.7837 3255.789 3271.1975 3285.901 3299.8992 -3284.793 -3270.291 -3255.789 -3241.388 -3227.188 2239.6453 3299.8992 3299.8992 3299.8992 3299.8992 3299.8992 3287.1094 3272.3052 3257.6018 3242.7979 3228.195 3213.391 3198.184 3183.2793 3169.0796 3154.779 3140.4785 3126.2786 3026.6785 1424.3134 -397.99805 -1737.8174 -2947.7234 3134.9395 3150.65 3166.2598 3181.7688 3197.2778 3212.4846 3227.4902 3242.7979 3257.904 3272.406 3287.6128 3299.8992 -3282.7788 -3268.2769 -3253.775 -3239.4744 -3225.0732 2639.0532 3299.8992 3299.8992 3299.8992 3299.8992 3299.8992 3287.5122 3272.8088 3257.7026 3242.8984 3228.195 3213.5925 3198.4863 3183.3801 3169.281 3154.779 3140.579 3126.3794 3007.544 1377.6855 -533.75244 -2029.1656 -3276.233 3138.4644 3154.3762 3169.8853 3185.3943 3200.8025 3215.9087 3231.1157 3246.222 3261.026 3276.3335 3291.1377 3299.8992 -3279.8584 -3265.2556 -3250.7537 -3236.4531 -3178.8481 3134.1338 3299.8992 3299.8992 3299.8992 3299.8992 3299.8992 3288.8213 3273.715 3259.1125 3243.9055 3229.5044 3214.7002 3199.594 3184.5886 3170.3887 3156.0881 3141.7876 3127.487 2909.3535 1260.3607 -597.90344 -2039.6393 -3191.1345 3140.579 3156.2896 3171.8994 
3299.8992 3299.8992 3299.8992 3299.8992 3299.8992 3299.8992 3299.8992 3299.8992 3299.8992 3299.8992 3299.8992 3299.8992 3299.8992 3299.8992 1636.4044 -3173.8127 -3158.1023 -3142.694 -3127.487 -3112.4817 -3097.6775 -3082.8735 -3068.6736 -3053.9702 -3039.569 -3025.3691 -3011.1694 -2997.171 -2983.5754 -2969.6777 -2956.082 -2942.4866 -2928.9917 -2915.6982 -2238.2354 -815.53345 528.3142 1972.5677 3027.0813 3299.8992 3299.8992 3299.8992 3299.8992 3299.8992 3299.8992 3299.8992 3299.8992 3299.8992 3299.8992 3299.8992 3299.8992 3299.8992 3299.8992 3299.8992 1419.7815 -3171.3958 -3155.6853 -3140.277 -3125.171 -3110.1653 -3095.2605 -3080.5571 -3066.3574 -3051.7546 -3037.2527 -3023.053 -3009.0544 -2994.9553 -2981.1584 -2967.5627 -2953.8665 -2940.271 -2926.8767 -2913.4827 -1889.8865 -407.3639 968.2068 2231.2866 3132.8247 3299.8992 3299.8992 3299.8992 3299.8992 3299.8992 3299.8992 3299.8992 3299.8992 3299.8992 3299.8992 3299.8992 3299.8992 3299.8992 3299.8992 3299.8992 645.63904 -3172.1008 -3156.491 -3141.0828 -3125.8757 -3110.971 -3096.0662 -3081.5642 -3066.5588 -3052.359 -3038.0583 -3023.9592 -3009.86 -2995.9624 -2981.964 -2968.2678 -2954.672 -2941.0767 -2927.6824 -2914.389 -2077.6062 -718.95447 669.90967 2044.6747 3194.0552 3299.8992 3299.8992 3299.8992 3299.8992 3299.8992 3299.8992 3299.8992 3299.8992 3299.8992 3299.8992 3299.8992 3299.8992 3299.8992 3299.8992 3299.8992 436.97205 -3167.871 -3152.1606 -3136.853 -3121.646 -3106.7412 -3091.9373 -3077.234 -3062.8325 -3048.23 -3033.8286 -3019.629 -3005.7312 -2991.7327 -2977.9358 -2964.1387 -2950.5432 -2937.0483 -2923.654 -2883.4717 -1653.9276 -231.427 1116.1469 2357.8765 3299.8992 3299.8992 3299.8992 3299.8992 3299.8992 3299.8992 3299.8992 3299.8992 3299.8992 3299.8992 3299.8992 3299.8992 3299.8992 3299.8992 3299.8992 3299.8992 147.33582 -3171.0938 -3155.3833 -3140.0757 -3124.9695 -3109.8633 -3095.059 -3080.4565 -3066.2566 -3051.5532 -3037.152 -3022.9521 -3008.9539 -2994.9553 -2981.0576 -2967.3613 -2953.665 -2940.271 -2926.6753 -2891.1255 -1692.096 -308.36792 1092.5812 2484.2651 3299.8992 3299.8992 
3108.3525 3124.8687 3141.1833 3157.8003 3174.0142 3190.2283 3206.3416 3222.2534 3238.1653 3253.8757 3269.4854 3285.2966 3299.8992 -3283.786 514.4165 3299.8992 3293.6553 3278.549 3263.2415 3248.0347 3232.9285 3217.7214 3201.9104 3187.0056 3171.5972 3156.3904 3140.982 3125.9766 3111.0718 3095.3613 3081.0608 3065.7532 2849.231 1595.3156 124.575806 -929.5349 -1812.442 -2694.5435 3266.6655 3092.8435 3109.561 3126.178 3142.2913 3158.908 3175.3235 3191.336 3207.3486 3223.462 3239.273 3254.8828 3270.6938 3286.3037 3299.8992 -3282.6782 912.41455 3299.8992 3292.6482 3277.4414 3262.2344 3247.0276 3231.8206 3216.7144 3200.9033 3185.9985 3170.7915 3155.3833 3140.1763 3124.9695 3109.9639 3094.3542 3080.1543 3062.4297 2656.375 1423.6084 15.106201 -1082.7118 -1902.2736 -2620.4224 3295.6694 3094.4548 3111.3738 3127.89 3144.104 3160.5193 3176.9348 3192.9473 3208.96 3224.771 3240.8843 3256.4941 3272.1038 3287.915 3299.8992 -3276.3335 1410.5164 3299.8992 3291.641 3276.535 3261.2273 3245.9197 3230.9143 3215.7073 3200.3997 3184.9915 3169.6838 3154.2754 3139.0686 3123.8616 3108.8562 3093.3472 3078.9458 3061.624 2735.5315 1312.7289 -130.92041 -1146.8628 -2024.231 -2814.1846 3144.2046 3096.7712 3113.388 3129.904 3146.0173 3162.7349 3178.8481 3194.9614 3211.1755 3226.886 3242.7979 3258.5083 3274.2188 3289.9292 3299.8992 -3244.3083 1523.6115 3299.8992 3292.9504 3277.7434 3262.4358 3247.3296 3232.2234 3216.9158 3201.8096 3186.4014 3170.8923 3155.484 3140.1763 3125.171 3110.0647 3094.5557 3080.2551 3062.4297 2642.3767 1247.3694 -136.56006 -1088.855 -1933.7952 -2781.4543 3130.5083 3097.7783 3114.395 3131.012 3147.7295 3163.8428 3179.956 3196.0693 3212.0818 3227.9937 3243.704 3259.616 3275.3264 3290.9363 3299.8992 -3062.0269 2024.6338 3299.8992 3291.2383 3276.0315 3260.7239 3245.6177 3230.4106 3215.2039 3199.8962 3184.6892 3169.1802 3153.772 3138.565 3123.3582 3108.4534 3093.045 3078.4424 3060.1135 2536.029 1170.4285 -276.7456 -1280.9052 -2126.651 -2987.6038 3084.2834 3101.2024 
1547.58 2446.1975 3299.8992 3299.8992 3299.8992 3299.8992 3299.8992 3299.8992 3299.8992 3299.8992 3299.8992 3299.8992 3299.8992 3204.7302 1069.2169 -705.5603 -2032.3883 -3141.5862 -3126.5808 -3111.676 -3096.8718 -3082.4707 -3068.1702 -3053.8696 -3039.7705 -3025.6714 -3011.8743 -2998.0774 -2778.0303 -2360.2935 -1807.2052 -1518.4753 -1286.8469 -1007.6843 -667.8955 -501.32446 -271.6095 95.269775 159.7229 602.0325 1765.5121 2698.8738 3299.8992 3299.8992 3299.8992 3299.8992 3299.8992 3299.8992 3299.8992 3299.8992 3299.8992 3299.8992 3299.8992 3216.9158 1146.8628 -630.63354 -1921.2067 -3144.2046 -3129.2998 -3114.4958 -3099.893 -3085.2905 -3070.8892 -3056.6895 -3042.4895 -3028.4912 -3014.5935 -3000.6958 -2898.2756 -2539.9565 -2016.98 -1762.9944 -1518.8782 -1230.7526 -957.73315 -658.32825 -417.4347 -98.89526 66.87012 537.47864 1677.4933 2544.8914 3299.8992 3299.8992 3299.8992 3299.8992 3299.8992 3299.8992 3299.8992 3299.8992 3299.8992 3299.8992 3299.8992 2932.9192 827.92053 -842.8253 -2139.34 -3131.6162 -3116.6106 -3101.9072 -3087.3047 -3072.9033 -3058.5022 -3044.3022 -3030.304 -3016.3054 -3002.4077 -2988.4094 -2691.6228 -2245.285 -1825.1312 -1674.472 -1345.9625 -1097.2137 -795.49255 -498.80676 -250.3601 -158.01086 -8.963013 590.24963 1873.4711 2791.3237 3299.8992 3299.8992 3299.8992 3299.8992 3299.8992 3299.8992 3299.8992 3299.8992 3299.8992 3299.8992 3299.8992 2863.8335 649.2645 -999.527 -2303.595 -3126.3794 -3111.4746 -3096.8718 -3082.2693 -3067.7673 -3053.5674 -3039.3677 -3025.2686 -3011.3708 -2997.5737 -2983.7769 -2882.8674 -2467.8496 -2048.6023 -1706.2958 -1301.9531 -945.4468 -656.7169 -385.71167 -192.55371 -4.7332764 170.70007 731.9458 2003.7872 2778.433 3299.8992 3299.8992 3299.8992 3299.8992 3299.8992 3299.8992 3299.8992 3299.8992 3299.8992 3299.8992 3299.8992 2946.3135 800.7294 -873.23914 -2218.4966 -3125.07 -3110.0647 -3095.3613 -3080.8594 -3066.2566 -3052.1575 -3038.0583 -3023.9592 -3010.0615 -2996.2646 -2982.367 -2729.2876 -2322.6287 -1764.3036 -1587.3596 -1221.8903 -859.9457 -526.8036 -306.55518 -124.67651 192.95654 454.49524 1112.4207 

12.689209 9.164429 7.3516846 1.8127441 -15.710449 -16.818237 0.40283203 16.71753 25.579834 47.232056 63.546753 54.986572 14.904785 1.2084961 13.293457 7.5531006 -15.710449 -23.76709 -16.012573 -28.097534 -44.311523 -33.83789 -36.557007 -31.420898 -22.961426 -20.846558 -20.24231 -12.185669 -17.623901 -18.22815 -28.198242 -24.27063 -9.768677 -12.588501 -4.8339844 8.258057 22.860718 33.636475 48.339844 50.05188 51.763916 59.921265 45.318604 7.9559326 -29.406738 -24.371338 -34.744263 -37.46338 -55.490112 -61.935425 -43.707275 -31.622314 -28.399658 -35.549927 -18.429565 -0.60424805 15.005493 26.78833 26.083374 19.839478 14.401245 35.650635 31.723022 13.192749 28.601074 46.325684 56.19507 36.95984 25.378418 6.0424805 34.039307 28.80249 -0.70495605 -13.494873 -16.113281 -22.961426 -41.39099 -37.060547 -20.846558 5.7403564 21.148682 19.537354 15.509033 -0.70495605 -54.58374 -98.49243 -104.53491 -81.7749 -86.8103 -101.21155 -101.312256 -82.88269 -23.666382 36.154175 90.03296 93.85986 66.467285 85.198975 94.766235 88.62305 47.332764 24.572754 9.265137 -16.616821 -39.175415 -30.212402 -1.8127441 8.258057 -14.300537 -34.34143 -33.032227 -31.622314 -40.786743 -17.523193 -0.70495605 5.2368164 8.258057 9.768677 10.775757 14.401245 -0.20141602 -15.911865 -20.544434 -1.5106201 7.4523926 17.120361 18.530273 7.3516846 11.480713 1.9134521 -5.8410645 -10.977173 1.7120361 -4.1290283 1.9134521 11.077881 15.206909 24.169922 9.265137 5.8410645 8.358765 -3.6254883 -7.8552246 -9.567261 -11.782837 -17.120361 -34.039307 -36.254883 -26.687622 -15.609741 -12.588501 1.9134521 9.667969 11.380005 7.5531006 4.6325684 3.6254883 -9.265137 -9.667969 -0.50354004 -2.7191162 -1.2084961 7.9559326 16.113281 13.092041 9.466553 1.6113281 -5.8410645 -11.984253 -17.523193 -28.29895 1.1077881 -16.012573 -17.523193 -0.50354004 33.636475 48.339844 48.339844 64.85596 84.49402 81.7749 68.984985 57.20215 43.103027 7.9559326 -38.067627 -82.681274 -134.34448 -138.17139 -107.455444 -53.878784 -5.1361084 29.80957 71.7041 83.688354 81.97632 83.78906 81.97632 52.670288 38.974 7.1502686 9.365845 9.567261 11.380005 16.918945 52.267456 66.6687 54.785156 20.443726 -32.629395 -71.60339 -96.47827 -106.951904 -105.74341 -70.09277 -26.78833 -2.1148682 6.6467285 1.1077881 2.2155762 
11.279297 27.493286 24.472046 15.408325 5.2368164 22.860718 28.500366 34.140015 31.018066 24.77417 18.026733 -3.7261963 -18.429565 -34.240723 -37.261963 -40.686035 -51.361084 -53.57666 -54.986572 -55.69153 -36.657715 -23.666382 -12.185669 -0.60424805 5.1361084 8.862305 18.127441 25.78125 25.982666 23.364258 19.436646 -0.30212402 18.026733 -3.2226562 -8.862305 -11.178589 1.0070801 3.8269043 3.7261963 9.365845 1.5106201 14.602661 22.155762 28.097534 13.494873 14.703369 16.616821 4.9346924 -31.82373 -52.56958 -55.08728 -75.32959 -49.145508 -47.634888 -29.507446 -22.25647 -3.1219482 20.443726 28.80249 15.106201 -1.1077881 24.472046 36.95984 40.48462 44.815063 53.778076 50.253296 55.490112 48.641968 17.523193 42.700195 38.571167 48.94409 15.911865 42.800903 46.627808 66.87012 99.3988 132.53174 187.92114 200.30823 227.7008 229.31213 239.38293 216.42151 184.59778 111.68518 41.99524 -16.113281 -70.89844 -135.04944 -186.1084 -168.5852 -151.36414 -143.20679 -141.29333 -154.58679 -168.5852 -164.55688 -152.67334 -150.35706 -127.697754 -93.0542 -70.79773 -62.539673 -66.56799 -65.460205 -59.014893 -50.656128 -45.92285 -62.13684 -97.38464 -62.64038 -40.88745 -3.8269043 5.9417725 24.27063 42.700195 60.424805 73.516846 62.13684 52.770996 72.30835 67.57507 24.472046 16.616821 -24.673462 -46.42639 -77.645874 -97.787476 -115.31067 -133.74023 -92.95349 -82.58057 -54.785156 -42.700195 -32.226562 -19.436646 -14.401245 -7.9559326 13.192749 17.825317 30.81665 33.535767 38.168335 27.090454 24.874878 23.062134 26.687622 34.84497 20.846558 16.415405 28.80249 2.8198242 12.487793 7.1502686 1.5106201 5.2368164 11.077881 21.652222 22.558594 10.876465 13.092041 19.638062 0 0.40283203 -8.056641 -3.0212402 1.6113281 13.796997 32.125854 66.87012 85.702515 99.801636 116.922 135.7544 156.29883 163.04626 171.30432 173.5199 147.1344 132.43103 110.980225 79.660034 61.23047 53.475952 40.786743 28.29895 18.832397 12.588501 -9.265137 -55.08728 -81.674194 -85.60181 -78.652954 -85.60181 -97.08252 -98.49243 -85.80322 -87.716675 -108.26111 -114.10217 -123.97156 -150.55847 -150.15564 -131.12183 -124.97864 -109.77173 -106.951904 -104.53491 -104.434204 -93.35632 -77.34375 -38.772583 -11.178589 -0.70495605 8.761597 13.998413 6.8481445 -9.466553 
3299.8992 3299.8992 3299.8992 3299.8992 3299.8992 3299.8992 3299.8992 3299.8992 3299.8992 3299.8992 3299.8992 3299.8992 3299.8992 3293.051 3294.058 -3289.0227 -3272.406 -3255.89 -3239.6758 -3223.5625 -3207.7515 -3191.8396 -3176.1292 -3161.1235 -3145.816 -3130.5083 -3115.402 -3100.5981 -3085.8948 -3071.292 -3056.79 -3042.389 -3028.2898 -3010.968 -849.47205 1944.5709 3299.8992 3299.8992 3299.8992 3299.8992 3299.8992 3299.8992 3299.8992 3299.8992 3299.8992 3299.8992 3299.8992 3299.8992 3299.8992 3299.8992 3299.8992 3299.8992 3299.8992 3292.6482 3295.9717 -3287.1094 -3270.4924 -3254.1777 -3237.863 -3221.8506 -3206.0393 -3190.5303 -3174.6184 -3159.613 -3144.3054 -3129.0984 -3114.093 -3099.0874 -3084.4849 -3069.882 -3055.481 -3041.1804 -3026.9805 -3002.5085 -755.31006 2157.266 3299.8992 3299.8992 3299.8992 3299.8992 3299.8992 3299.8992 3299.8992 3299.8992 3299.8992 3299.8992 3299.8992 3299.8992 3299.8992 3299.8992 3299.8992 3299.8992 3299.8992 3254.48 3297.7844 -3285.1958 -3268.579 -3252.2644 -3236.1511 -3220.0378 -3204.126 -3188.214 -3173.108 -3157.2966 -3141.989 -3127.0842 -3112.2803 -3097.476 -3082.974 -3068.1702 -3053.8696 -3039.569 -3025.47 -2855.5754 -424.78638 2437.8386 3299.8992 3299.8992 3299.8992 3299.8992 3299.8992 3299.8992 3299.8992 3299.8992 3299.8992 3299.8992 3299.8992 3299.8992 3299.8992 3299.8992 3299.8992 3299.8992 3299.8992 3053.5674 3299.0935 -3284.1887 -3267.4712 -3251.2573 -3234.9426 -3219.0308 -3203.3203 -3187.8113 -3171.7986 -3156.9946 -3141.687 -3126.48 -3111.3738 -3096.469 -3081.7656 -3067.2637 -3052.9631 -3038.4612 -3024.463 -2519.2107 39.98108 2846.6125 3299.8992 3299.8992 3299.8992 3299.8992 3299.8992 3299.8992 3299.8992 3299.8992 3299.8992 3299.8992 3299.8992 3299.8992 3299.8992 3299.8992 3299.8992 3299.8992 3299.8992 2718.0083 3296.6765 -3286.4043 -3269.7876 -3253.473 -3237.2588 -3221.2463 -3205.3345 -3190.0269 -3174.5178 -3158.8074 -3143.4998 -3128.595 -3113.7908 -3098.886 -3084.2834 -3069.6807 -3055.1787 -3040.8782 -3026.88 -2753.5583 -444.52515 2372.3784 3299.8992 3299.8992 3299.8992 3299.8992 3299.8992 3299.8992 3299.8992 3299.8992 3299.8992 3299.8992 3299.8992 3299.8992 3299.8992 3299.8992 3299.8992 3299.8992 3299.8992 2375.702 3299.8992 -3282.1746 -3265.5579 -3249.2432 -3233.029 -3217.218 
3299.8992 3299.8992 3299.8992 3299.8992 3299.8992 3299.8992 3299.8992 3299.8992 3299.8992 3299.8992 3299.8992 3291.742 3276.6357 3257.6018 3262.6372 3278.65 3294.3604 -3290.2312 -3275.0244 -3259.8174 -3244.812 -3230.31 -3215.3044 -3200.702 -3186.3005 -3171.7986 -3157.8003 -3143.7012 -3129.7026 -3115.805 -3102.1086 -3088.4124 -3074.9175 -1945.7794 622.4762 2906.836 3299.8992 3299.8992 3299.8992 3299.8992 3299.8992 3299.8992 3299.8992 3299.8992 3299.8992 3299.8992 3299.8992 3299.8992 3299.8992 3299.8992 3299.7986 3284.8938 3269.989 3161.9292 3258.9111 3274.823 3290.4326 3299.8992 -3278.7505 -3263.6443 -3248.639 -3234.0361 -3219.0308 -3204.428 -3190.0269 -3175.525 -3161.4258 -3147.3267 -3133.2275 -3119.3298 -3105.6335 -3091.9373 -3078.4424 -2409.9426 -49.649048 2301.9836 3299.8992 3299.8992 3299.8992 3299.8992 3299.8992 3299.8992 3299.8992 3299.8992 3299.8992 3299.8992 3299.8992 3299.8992 3299.8992 3299.8992 3299.8992 3288.4185 3273.413 3032.2173 3262.9395 3278.952 3294.6624 -3289.9292 -3274.7222 -3259.5154 -3244.6106 -3230.0078 -3215.103 -3200.601 -3186.099 -3171.5972 -3157.5989 -3143.4998 -3129.602 -3115.7043 -3101.8066 -3088.3118 -3074.817 -1984.8541 397.79663 2627.9753 3299.8992 3299.8992 3299.8992 3299.8992 3299.8992 3299.8992 3299.8992 3299.8992 3299.8992 3299.8992 3299.8992 3299.8992 3299.8992 3299.8992 3299.8992 3287.0085 3271.9023 2694.1406 3263.9465 3279.959 3295.6694 -3288.922 -3273.816 -3258.609 -3243.704 -3228.598 -3214.096 -3199.594 -3185.1929 -3170.59 -3156.5918 -3142.4927 -3128.4941 -3114.7979 -3101.001 -3087.3047 -3073.9104 -1899.0509 506.8634 2728.3813 3299.8992 3299.8992 3299.8992 3299.8992 3299.8992 3299.8992 3299.8992 3299.8992 3299.8992 3299.8992 3299.8992 3299.8992 3299.8992 3299.8992 3299.8992 3286.7065 3271.6003 2129.773 3266.3635 3282.2754 3297.7844 -3286.8071 -3271.6003 -3256.5947 -3241.4885 -3226.4832 -3211.9812 -3197.5798 -3183.078 -3169.0796 -3154.5776 -3140.579 -3126.5808 -3112.683 -3098.9868 -3085.391 -3071.8962 -1847.6898 475.94604 2614.279 3299.8992 3299.8992 3299.8992 3299.8992 3299.8992 3299.8992 3299.8992 3299.8992 3299.8992 3299.8992 3299.8992 3299.8992 3299.8992 3299.8992 3299.8992 3288.8213 3273.715 1834.6985 3269.7876 3285.5986 3299.8992 -3283.484 -3268.2769 -3253.1707 
3187.509 3202.8167 3217.9229 3232.9285 3248.4375 3263.4429 3278.0457 3293.1519 -3292.1448 -3277.542 -3262.8386 -3248.4375 -3234.0361 -3074.1118 3299.8992 3299.8992 3299.8992 3299.8992 3299.8992 3299.8992 3289.627 3274.6216 3259.616 3244.9126 3229.7058 3214.9016 3200.5005 3185.1929 3170.691 3156.189 3142.0898 3127.6885 2994.754 1359.3567 -451.5747 -1882.8369 -3118.5242 3138.4644 3154.1748 3169.9858 3185.3943 3200.702 3216.3115 3231.4177 3246.4233 3261.4287 3276.6357 3291.5405 3299.8992 -3279.3547 -3264.8528 -3250.3508 -3236.0503 -2787.3962 3299.8992 3299.8992 3299.8992 3299.8992 3299.8992 3299.6978 3284.6924 3269.8882 3255.0842 3240.3809 3225.6775 3210.974 3195.868 3180.7617 3166.6626 3152.362 3138.162 3123.761 2848.123 1064.4836 -860.2478 -2346.2952 3125.9766 3141.8884 3157.5989 3173.3093 3188.516 3204.0251 3219.1313 3234.2375 3249.4446 3264.5508 3279.0527 3294.058 -3291.0369 -3276.3335 -3261.8315 -3247.4304 -3233.13 -2439.047 3299.8992 3299.8992 3299.8992 3299.8992 3299.8992 3299.8992 3285.6995 3271.0967 3255.9905 3241.1865 3226.2817 3211.4775 3197.0764 3181.668 3167.0654 3152.765 3138.565 3124.1638 2757.083 878.57666 -1022.99194 -2414.8772 3128.595 3144.406 3160.1165 3175.6255 3191.1345 3206.4421 3221.9512 3237.2588 3251.8616 3266.9678 3282.2754 3296.9788 -3288.6199 -3274.0173 -3259.4146 -3244.9126 -3230.713 -2286.2732 3299.8992 3299.8992 3299.8992 3299.8992 3299.8992 3299.8992 3287.4114 3272.3052 3257.5012 3242.4956 3227.9937 3213.2903 3198.0835 3183.078 3168.9788 3154.5776 3140.3777 3125.171 2758.493 870.4193 -993.6859 -2477.9204 3130.7097 3146.6216 3162.332 3177.841 3193.35 3208.6577 3223.764 3238.6687 3254.1777 3269.1833 3283.6853 3298.6907 -3286.4043 -3271.8018 -3257.4004 -3242.7979 -3228.598 -1821.9086 3299.8992 3299.8992 3299.8992 3299.8992 3299.8992 3299.8992 3287.0085 3272.1038 3256.897 3242.2942 3227.0874 3212.384 3197.9827 3182.675 3168.0725 3153.6711 3139.4714 3125.07 2590.8142 680.88684 -962.86926 -2395.1384 3130.6091 3146.6216 3162.332 3177.942 3193.35 3208.6577 3224.1667 3239.3738 3254.0771 3269.0825 3284.3901 3299.0935 -3286.5051 -3271.9023 -3257.4004 -3242.8984 -3228.598 -1436.5997 3299.8992 3299.8992 3299.8992 3299.8992 3299.8992 3299.6978 
3299.8992 3299.8992 3299.8992 3299.8992 3299.8992 3299.8992 3299.8992 3299.8992 3299.8992 3299.8992 3299.8992 3299.8992 3299.8992 3299.8992 -436.66992 -3171.2952 -3155.6853 -3140.4785 -3125.2715 -3110.266 -3095.5627 -3080.7585 -3066.156 -3051.7546 -3037.555 -3023.4558 -3009.3567 -2995.459 -2981.5613 -2967.865 -2954.2693 -2940.6738 -2927.2795 -2816.5007 -1503.067 -88.62305 1226.3214 2531.195 3299.8992 3299.8992 3299.8992 3299.8992 3299.8992 3299.8992 3299.8992 3299.8992 3299.8992 3299.8992 3299.8992 3299.8992 3299.8992 3299.8992 3299.8992 3299.8992 -1011.5112 -3171.698 -3156.0881 -3140.7805 -3125.6743 -3110.669 -3095.8647 -3081.1614 -3066.458 -3052.1575 -3037.9578 -3023.7578 -3009.6587 -2995.761 -2981.7627 -2968.0664 -2954.5715 -2940.8752 -2927.5818 -2914.087 -1798.3429 -376.34583 937.39014 2164.0137 3299.8992 3299.8992 3299.8992 3299.8992 3299.8992 3299.8992 3299.8992 3299.8992 3299.8992 3299.8992 3299.8992 3299.8992 3299.8992 3299.8992 3299.8992 3299.8992 -1338.1073 -3163.9434 -3148.4343 -3133.1267 -3118.0205 -3103.1157 -3088.3118 -3073.709 -3059.4084 -3044.806 -3030.5054 -3016.2048 -3002.3071 -2988.4094 -2974.5117 -2961.0168 -2947.3206 -2933.8257 -2920.5322 -2839.2607 -1627.7435 -237.46948 1179.5929 2413.87 3299.8992 3299.8992 3299.8992 3299.8992 3299.8992 3299.8992 3299.8992 3299.8992 3299.8992 3299.8992 3299.8992 3299.8992 3299.8992 3299.8992 3299.8992 3299.8992 -1442.6422 -3161.325 -3145.816 -3130.5083 -3115.402 -3100.4973 -3085.6934 -3071.0906 -3056.9915 -3042.288 -3027.9875 -3013.8884 -2999.7893 -2985.8916 -2972.2961 -2958.499 -2945.0042 -2931.5093 -2918.1152 -2748.12 -1598.3368 -162.54272 1229.3427 2513.1682 3299.8992 3299.8992 3299.8992 3299.8992 3299.8992 3299.8992 3299.8992 3299.8992 3299.8992 3299.8992 3299.8992 3299.8992 3299.8992 3299.8992 3299.8992 3299.8992 -2221.6187 -3157.0952 -3141.5862 -3126.2786 -3111.2732 -3096.469 -3081.5642 -3067.0623 -3052.4597 -3038.2598 -3024.1606 -3009.961 -2995.9624 -2982.1655 -2968.3684 -2954.773 -2941.1772 -2927.7832 -2914.4897 -2760.91 -1568.6279 -121.45386 1322.5983 2545.4956 3299.8992 3299.8992 3299.8992 3299.8992 3299.8992 3299.8992 3299.8992 3299.8992 3299.8992 3299.8992 3299.8992 3299.8992 3299.8992 3299.8992 3299.8992 3207.852 -2542.575 -3152.9663 -3137.4573 -3122.2502 -3107.144 -3092.34 
3117.7185 3134.1338 3150.8513 3167.166 3183.1787 3199.1912 3215.3044 3231.015 3246.9268 3262.6372 3278.4485 3293.9575 -3290.5334 -2853.4607 2481.8481 3299.8992 3292.044 3276.7363 3261.5295 3246.3225 3231.1157 3215.9087 3200.702 3185.2935 3169.8853 3154.4768 3139.1692 3123.9624 3109.1582 3093.5486 3079.0466 3060.8184 2449.118 1032.0557 -230.62134 -1224.1058 -1989.2853 -2793.338 3107.2449 3100.1953 3116.9128 3133.3281 3150.1465 3166.2598 3182.2722 3198.3855 3214.3982 3230.2092 3246.0205 3261.8315 3277.6428 3293.1519 -3291.4397 -2676.718 2707.3333 3299.8992 3289.5264 3274.3193 3259.1125 3244.0063 3228.7993 3213.5925 3198.3855 3182.8765 3167.5688 3152.1606 3136.9536 3121.7468 3106.7412 3091.333 3076.9316 3057.5957 2364.7246 845.84656 -550.36926 -1450.1953 -2278.3171 -3040.1733 3088.0095 3104.828 3121.4446 3137.9607 3154.5776 3170.7915 3186.8042 3202.8167 3218.8293 3234.7412 3250.4517 3266.2627 3281.9731 3297.3816 -3287.1094 -2430.2856 2895.8586 3299.8992 3292.4468 3277.24 3261.9324 3246.7253 3231.5186 3216.211 3200.5005 3185.5957 3170.288 3154.779 3139.6729 3124.4658 3109.6619 3093.9514 3079.4495 3059.5093 2288.1865 795.1904 -503.74146 -1475.5737 -2389.4988 -3169.1802 3092.4407 3109.4604 3125.8757 3142.4927 3158.3037 3174.9207 3191.1345 3207.3486 3223.2605 3239.1724 3254.8828 3270.4924 3286.1023 3299.8992 -3282.7788 -2052.9326 3299.8992 3299.8992 3293.6553 3278.4485 3263.2415 3247.9338 3232.727 3217.4194 3201.709 3186.6028 3171.1943 3155.8867 3140.68 3125.473 3110.669 3094.9585 3080.3557 3051.5532 2064.917 607.1686 -565.6769 -1549.3927 -2361.8042 -3099.2888 3095.6633 3112.5823 3129.0984 3145.7153 3161.7278 3178.1433 3194.3572 3210.3699 3226.4832 3242.2942 3258.1055 3273.715 3289.4255 3299.8992 -3279.657 -1819.9951 3299.8992 3299.8992 3295.2666 3280.1604 3264.7522 3249.646 3234.3384 3219.0308 3203.8237 3188.3147 3172.8057 3157.3975 3142.1904 3126.8828 3111.978 3096.5698 3081.8665 3063.4368 2333.5051 812.2101 -485.5133 -1512.9364 -2413.971 -3192.7458 3095.059 3111.7766 3128.4941 3144.9097 3161.5264 3177.539 3193.6523 3209.7656 3225.5767 3241.4885 3257.199 3273.0103 3288.6199 3299.8992 -3280.4626 -1518.7775 3299.8992 3299.8992 3292.6482 3277.4414 3262.033 3246.8262 
2348.6113 3138.4644 3299.8992 3299.8992 3299.8992 3299.8992 3299.8992 3299.8992 3299.8992 3299.8992 3299.8992 3299.8992 3299.8992 2656.5764 522.77527 -1039.1052 -2367.1416 -3131.9182 -3116.9128 -3102.31 -3087.7075 -3073.2056 -3059.0056 -3044.806 -3030.8074 -3016.7083 -3002.9114 -2858.2947 -2459.8938 -2018.5913 -1711.5326 -1514.5477 -1166.9037 -690.5548 -406.86035 -264.86206 -24.975586 132.93457 182.98645 846.3501 2080.6274 2642.6787 3299.8992 3299.8992 3299.8992 3299.8992 3299.8992 3299.8992 3299.8992 3299.8992 3299.8992 3299.8992 3299.8992 2354.8552 186.51123 -1335.3882 -2521.6277 -3132.1196 -3117.4163 -3102.6123 -3088.0095 -3073.6084 -3059.207 -3045.108 -3031.1096 -3017.212 -2998.2788 -2629.9895 -2394.635 -2057.0618 -1372.0459 -1310.2112 -1248.5779 -1047.0612 -889.4531 -659.73816 -372.82104 8.761597 294.1681 952.79846 2221.5178 3101.001 3299.8992 3299.8992 3299.8992 3299.8992 3299.8992 3299.8992 3299.8992 3299.8992 3299.8992 3299.8992 3299.8992 2144.9797 -40.98816 -1457.6477 -2696.054 -3129.2998 -3114.395 -3099.6917 -3085.089 -3070.7886 -3056.488 -3042.389 -3028.3904 -3014.392 -3000.4944 -2920.5322 -2545.3948 -2150.116 -1595.9198 -1424.5148 -1228.537 -788.443 -434.55505 -117.12341 137.36572 332.63855 471.6156 1071.6339 2312.9607 2859.7046 3299.8992 3299.8992 3299.8992 3299.8992 3299.8992 3299.8992 3299.8992 3299.8992 3299.8992 3299.8992 3299.8992 2055.8533 -34.34143 -1482.724 -2551.7395 -3132.2205 -3117.4163 -3102.6123 -3088.1104 -3073.709 -3059.4084 -3045.2087 -3031.2102 -3017.212 -3003.3142 -2934.732 -2580.0383 -2107.315 -1488.8672 -1240.622 -1042.2272 -787.93945 -673.23303 -372.72034 -15.307617 253.78418 538.2843 1304.773 2476.712 3245.5168 3299.8992 3299.8992 3299.8992 3299.8992 3299.8992 3299.8992 3299.8992 3299.8992 3299.8992 3299.8992 3299.8992 1896.5332 -173.01636 -1555.9387 -2699.7803 -3135.0403 -3120.1355 -3105.4321 -3090.8293 -3076.5288 -3062.2283 -3048.1292 -3034.03 -3020.0317 -3006.134 -2862.9272 -2445.996 -2028.9642 -1490.7806 -1274.8627 -812.5122 -501.32446 -295.3766 -145.52307 25.177002 227.6001 448.04993 1173.1476 2338.44 3137.7593 3299.8992 3299.8992 3299.8992 3299.8992 3299.8992 3299.8992 3299.8992 3299.8992 3299.8992 3299.8992 3299.8992 1866.8243 -315.41748 -1720.2942 -2831.4055 -3139.7734 -3124.8687 -3110.0647 

2.2155762 2.2155762 2.2155762 2.2155762 2.2155762 2.2155762 2.2155762 2.2155762 2.2155762 2.2155762 2.2155762 2.2155762 2.2155762 2.2155762 2.2155762 2.2155762 2.2155762 2.2155762 2.2155762 2.2155762 -11.883545 -10.372925 -2.2155762 2.6184082 15.307617 17.623901 16.71753 5.2368164 6.7474365 -0.30212402 -1.2084961 -2.7191162 -12.991333 -14.904785 -8.862305 -5.8410645 -7.8552246 -2.5177002 -15.106201 -25.78125 -15.509033 -6.7474365 3.7261963 4.8339844 4.5318604 15.509033 19.73877 37.261963 40.182495 46.325684 56.19507 67.67578 56.497192 21.954346 -11.380005 -14.904785 -16.314697 -20.443726 -23.364258 -32.226562 -34.140015 -4.9346924 21.652222 20.645142 -12.185669 -37.161255 -20.947266 -2.3162842 -4.4311523 -43.50586 -103.829956 -105.13916 -73.11401 -21.450806 18.22815 31.723022 38.47046 23.565674 -5.9417725 -5.1361084 36.4563 66.970825 58.10852 43.40515 38.772583 28.80249 5.9417725 6.7474365 -6.4453125 -26.486206 -28.903198 -23.364258 -9.265137 7.8552246 35.44922 52.267456 62.338257 56.396484 46.829224 38.269043 38.269043 38.269043 38.269043 38.269043 38.269043 38.269043 38.269043 38.269043 38.269043 38.269043 38.269043 38.269043 38.269043 38.269043 38.269043 38.269043 38.269043 38.269043 38.269043 38.269043 -23.162842 -14.804077 -6.9488525 -4.4311523 -13.696289 1.3092041 -13.998413 0.20141602 -2.1148682 -3.1219482 1.6113281 5.3375244 15.106201 21.853638 10.574341 -11.581421 -15.811157 -11.984253 -8.761597 7.0495605 8.660889 25.78125 47.332764 61.431885 76.33667 95.06836 106.8512 79.055786 28.097534 -37.664795 -69.488525 -77.545166 -69.488525 -86.40747 -81.7749 -62.13684 -30.212402 -7.0495605 -6.6467285 -34.34143 -24.472046 3.0212402 27.392578 48.94409 61.73401 35.549927 -9.768677 -29.608154 -38.974 -49.95117 -52.56958 -30.413818 2.7191162 28.097534 43.606567 45.117188 49.346924 64.25171 67.27295 63.848877 42.095947 28.601074 5.4382324 -13.192749 -26.989746 -5.5389404 -2.3162842 10.574341 -8.358765 -4.4311523 3.2226562 24.371338 19.033813 -5.0354004 -17.120361 -16.012573 -7.6538086 -1.0070801 -3.7261963 -15.408325 
2.3162842 12.084961 25.78125 16.918945 14.199829 6.7474365 5.0354004 6.0424805 17.019653 13.394165 11.480713 13.092041 8.660889 7.9559326 9.063721 17.825317 17.019653 15.206909 20.24231 28.500366 16.415405 1.3092041 11.883545 9.265137 10.473633 9.667969 1.0070801 1.0070801 -6.1431885 -6.1431885 -2.9205322 -3.6254883 -6.2438965 -7.7545166 1.6113281 5.0354004 7.4523926 7.6538086 3.1219482 4.5318604 24.27063 35.751343 33.33435 60.22339 78.85437 99.60022 142.30042 182.58362 235.85815 264.0564 274.63074 266.4734 246.83533 220.1477 180.97229 144.81812 124.17297 76.23596 15.509033 -22.25647 -53.475952 -70.29419 -94.46411 -121.45386 -158.81653 -165.16113 -174.92981 -169.99512 -147.03369 -109.57031 -105.23987 -79.559326 -58.309937 -53.778076 -53.07312 -64.05029 -65.460205 -83.28552 -114.60571 -128.60413 -107.455444 -81.57349 -81.27136 -103.829956 -110.27527 -110.87952 -103.52783 -70.69702 -40.686035 -14.904785 -7.5531006 19.335938 38.974 67.57507 94.96765 108.76465 106.14624 78.35083 49.649048 20.645142 -11.380005 -27.694702 -20.947266 -20.846558 -23.565674 -25.579834 -47.53418 -52.368164 -69.992065 -68.481445 -68.481445 -51.763916 -52.972412 -45.92285 -32.629395 -28.399658 -17.019653 -14.099121 -22.76001 -16.012573 3.3233643 11.682129 22.25647 20.544434 22.155762 22.659302 12.487793 30.010986 24.673462 29.507446 29.003906 39.779663 46.92993 54.58374 58.61206 62.841797 60.62622 66.76941 74.2218 76.94092 55.69153 49.346924 65.3595 82.27844 90.13367 89.730835 58.10852 50.454712 41.189575 59.61914 72.9126 79.055786 50.05188 30.31311 1.7120361 -6.4453125 -16.918945 -19.839478 -39.47754 -69.38782 -93.759155 -109.77173 -100.10376 -72.40906 -39.88037 -39.88037 -71.09985 -77.545166 -68.984985 -49.649048 -40.182495 -17.22107 -7.5531006 -5.6396484 -14.501953 -18.933105 -6.8481445 -13.092041 -3.2226562 3.5247803 -16.012573 -32.528687 -27.191162 -33.43506 -40.48462 -30.615234 -25.982666 -27.79541 -27.694702 -7.6538086 -12.890625 -11.480713 -17.321777 -5.4382324 2.6184082 0.30212402 -3.4240723 -5.8410645 -11.380005 -11.581421 
-3201.3062 -3185.2935 -3169.7844 -3154.779 -3139.572 -3124.3652 -3109.259 -3094.4548 -3079.8523 -3065.2495 -3050.8484 -3036.6484 -3022.5493 -2416.287 192.95654 2947.522 3299.8992 3299.8992 3299.8992 3299.8992 3299.8992 3299.8992 3299.8992 3299.8992 3299.8992 3299.8992 3299.8992 3299.8992 3299.8992 3299.8992 3299.8992 3299.8992 3299.8992 1782.6324 3299.8992 -3281.9731 -3265.457 -3249.1423 -3233.029 -3217.0166 -3201.1047 -3185.8977 -3169.9858 -3154.9805 -3139.7734 -3124.5667 -3109.561 -3094.757 -3080.0537 -3065.5518 -3051.1504 -3036.7493 -3022.6501 -2181.5369 306.8573 3097.174 3299.8992 3299.8992 3299.8992 3299.8992 3299.8992 3299.8992 3299.8992 3299.8992 3299.8992 3299.8992 3299.8992 3299.8992 3299.8992 3299.8992 3299.8992 3299.8992 3299.8992 1055.6213 3299.8992 -3282.1746 -3265.5579 -3249.3438 -3233.2305 -3217.1172 -3201.3062 -3185.3943 -3170.288 -3154.5776 -3139.3706 -3124.4658 -3109.6619 -3094.8577 -3080.2551 -3065.7532 -3051.3518 -3037.0513 -3022.8516 -2228.6682 417.33398 3276.7363 3299.8992 3299.8992 3299.8992 3299.8992 3299.8992 3299.8992 3299.8992 3299.8992 3299.8992 3299.8992 3299.8992 3299.8992 3299.8992 3299.8992 3299.8992 3299.8992 3299.8992 569.20166 3299.8992 -3281.369 -3264.8528 -3248.538 -3232.3242 -3216.4124 -3200.601 -3184.6892 -3169.0796 -3154.074 -3138.8672 -3123.6602 -3108.6548 -3093.8506 -3079.1472 -3064.6453 -3050.2441 -3035.9436 -3021.945 -2161.8987 539.6942 3299.8992 3299.8992 3299.8992 3299.8992 3299.8992 3299.8992 3299.8992 3299.8992 3299.8992 3299.8992 3299.8992 3299.8992 3299.8992 3299.8992 3299.8992 3299.8992 3299.8992 3299.8992 -397.89734 3299.8992 -3279.0527 -3262.6372 -3246.3225 -3230.1086 -3214.1968 -3198.3855 -3183.078 -3167.7703 -3151.9592 -3136.853 -3121.8474 -3107.144 -3092.34 -3077.7373 -3063.3362 -3048.9348 -3034.5337 -3020.4346 -1956.8573 689.1449 3299.8992 3299.8992 3299.8992 3299.8992 3299.8992 3299.8992 3299.8992 3299.8992 3299.8992 3299.8992 3299.8992 3299.8992 3299.8992 3299.8992 3299.8992 3299.8992 3299.8992 3299.8992 -990.0604 3299.8992 -3277.9448 -3261.4287 -3245.114 -3229.0007 -3213.0889 
-3238.3667 -3223.2605 -3208.8591 -3194.3572 -3179.8552 -3165.857 -3151.5564 -3137.4573 -3123.4587 -3109.6619 -3095.9656 -3082.3699 -3068.875 -1459.4604 997.3114 3214.9016 3299.8992 3299.8992 3299.8992 3299.8992 3299.8992 3299.8992 3299.8992 3299.8992 3299.8992 3299.8992 3299.8992 3299.8992 3299.8992 3299.8992 3299.8992 3285.8 3270.6938 1340.0208 3268.4783 3284.2896 3299.8992 -3284.6924 -3269.5862 -3254.3792 -3239.5752 -3224.469 -3210.0676 -3195.5657 -3181.1646 -3167.166 -3152.664 -3138.565 -3124.5667 -3110.8704 -3097.0732 -3083.4778 -3070.1843 -1571.6492 706.4667 2804.1138 3299.8992 3299.8992 3299.8992 3299.8992 3299.8992 3299.8992 3299.8992 3299.8992 3299.8992 3299.8992 3299.8992 3299.8992 3299.8992 3299.8992 3299.8992 3287.6128 3272.406 615.82947 3272.5066 3288.3179 3299.8992 -3280.7646 -3265.5579 -3250.653 -3235.5469 -3220.7427 -3206.2407 -3191.7388 -3177.4382 -3163.339 -3148.938 -3134.9395 -3121.0417 -3107.144 -3093.5486 -3080.0537 -3066.5588 -1177.3773 1089.1571 3204.9316 3299.8992 3299.8992 3299.8992 3299.8992 3299.8992 3299.8992 3299.8992 3299.8992 3299.8992 3299.8992 3299.8992 3299.8992 3299.8992 3299.8992 3299.8992 3286.4043 3271.1975 221.65833 3272.5066 3288.4185 3299.8992 -3280.7646 -3265.5579 -3250.4517 -3235.6475 -3220.5413 -3206.2407 -3191.7388 -3177.3376 -3163.339 -3148.8372 -3134.9395 -3120.9412 -3107.144 -3093.4478 -3079.953 -3063.9404 -1048.6725 1069.1162 3158.0017 3299.8992 3299.8992 3299.8992 3299.8992 3299.8992 3299.8992 3299.8992 3299.8992 3299.8992 3299.8992 3299.8992 3299.8992 3299.8992 3299.8992 3299.8992 3285.901 3270.5933 -482.08923 3274.0173 3289.7278 3299.8992 -3279.2542 -3264.148 -3249.2432 -3234.2375 -3219.7356 -3204.9316 -3190.4297 -3176.0283 -3161.6272 -3147.6287 -3133.6304 -3119.7327 -3105.9355 -3092.2393 -3078.7444 -3030.4045 -918.45703 1422.8027 3299.8992 3299.8992 3299.8992 3299.8992 3299.8992 3299.8992 3299.8992 3299.8992 3299.8992 3299.8992 3299.8992 3299.8992 3299.8992 3299.8992 3299.8992 3298.7915 3283.786 3268.579 -1237.3993 3274.2188 3289.8284 3299.8992 -3279.3547 -3264.148 -3249.0417 
3284.793 3270.0896 3255.2856 3240.4814 3225.3752 3210.6719 3196.3713 3180.9631 3166.3604 3152.1606 3137.86 3120.7397 2488.2935 617.1387 -1020.57495 -2315.7805 3129.8035 3145.6145 3161.4258 3176.9348 3192.343 3207.7515 3223.1597 3238.3667 3253.473 3268.579 3283.081 3298.1873 -3287.0085 -3272.406 -3257.904 -3243.402 -3229.1016 -1072.4396 3299.8992 3299.8992 3299.8992 3299.8992 3299.8992 3297.7844 3282.9802 3268.1763 3253.07 3238.1653 3223.5625 3208.8591 3193.8538 3178.6467 3164.5476 3150.247 3136.2488 3118.927 2343.3745 301.11694 -1321.2891 -2597.9644 3133.0261 3148.8372 3164.5476 3180.0566 3195.5657 3210.8733 3225.9795 3241.1865 3255.89 3270.8953 3286.203 3299.8992 -3284.6924 -3270.0896 -3255.5876 -3241.287 -3226.9866 -603.7445 3299.8992 3299.8992 3299.8992 3299.8992 3299.8992 3298.0864 3283.2825 3268.2769 3253.5735 3238.6687 3223.6633 3209.0605 3194.5586 3179.3518 3164.749 3150.5493 3136.3494 3119.3298 2504.2053 596.59424 -1029.7394 -2401.4832 3128.6956 3144.7083 3160.2173 3175.827 3191.336 3206.6436 3222.052 3237.0574 3252.4658 3267.572 3282.074 3297.0793 -3288.1165 -3273.413 -3258.9111 -3244.4092 -3230.4106 -238.27515 3299.8992 3299.8992 3299.8992 3299.8992 3299.8992 3293.3533 3278.4485 3263.6443 3248.639 3233.9355 3219.1313 3204.428 3189.4226 3174.3164 3160.3179 3146.0173 3131.9182 3114.5964 2163.6108 108.66394 -1457.4463 -2717.505 3131.7168 3147.528 3163.339 3178.8481 3194.2566 3209.5642 3224.6704 3239.6758 3254.5806 3269.5862 3284.8938 3299.4963 -3286.1023 -3271.4995 -3256.897 -3242.4956 -3228.195 434.55505 3299.8992 3299.8992 3299.8992 3299.8992 3299.8992 3292.6482 3277.8442 3263.04 3248.3367 3233.7341 3218.4265 3203.7231 3189.5232 3174.115 3159.7136 3145.413 3131.314 3113.1865 2205.8074 274.1272 -1280.0995 -2543.7834 3128.595 3144.406 3160.1165 3175.7263 3191.034 3206.4421 3221.8506 3237.1582 3251.8616 3266.9678 3282.1746 3296.9788 -3288.7207 -3274.0173 -3259.314 -3245.114 -3230.8135 664.0686 3299.8992 3299.8992 3299.8992 3299.8992 3299.8992 3289.4255 
-3077.6367 -3063.034 -3048.3306 -3034.1309 -3020.0317 -3006.0332 -2992.1355 -2978.2378 -2964.5415 -2950.8452 -2937.2498 -2923.8555 -2910.6628 -2693.637 -1468.3228 -56.5979 1402.4597 2546.8047 3299.8992 3299.8992 3299.8992 3299.8992 3299.8992 3299.8992 3299.8992 3299.8992 3299.8992 3299.8992 3299.8992 3299.8992 3299.8992 3299.8992 3299.8992 3094.757 -2746.6094 -3149.5422 -3134.2346 -3119.0276 -3103.9214 -3089.1174 -3074.414 -3059.912 -3045.7122 -3031.1096 -3016.9097 -3002.8105 -2988.9128 -2975.0151 -2961.3188 -2947.9248 -2934.2285 -2920.935 -2907.6416 -2379.8308 -938.80005 332.83997 1639.6271 2903.8147 3299.8992 3299.8992 3299.8992 3299.8992 3299.8992 3299.8992 3299.8992 3299.8992 3299.8992 3299.8992 3299.8992 3299.8992 3299.8992 3299.8992 3299.8992 2895.5566 -3055.9844 -3153.3691 -3137.7593 -3122.653 -3107.6477 -3092.743 -3077.9387 -3063.4368 -3049.4385 -3034.8357 -3020.5352 -3006.436 -2992.5383 -2978.6406 -2965.0452 -2951.3489 -2937.854 -2924.3591 -2911.0657 -2433.0046 -926.21155 617.94434 2006.607 3102.008 3299.8992 3299.8992 3299.8992 3299.8992 3299.8992 3299.8992 3299.8992 3299.8992 3299.8992 3299.8992 3299.8992 3299.8992 3299.8992 3299.8992 3299.8992 2464.7278 -3172.1008 -3156.3904 -3140.8813 -3125.6743 -3110.669 -3095.8647 -3080.96 -3066.458 -3051.956 -3037.7563 -3023.5564 -3009.4573 -2995.459 -2981.7627 -2967.865 -2954.37 -2940.6738 -2892.4346 -2590.4114 -2290.402 -1399.1364 138.77563 1919.5953 3299.8992 3299.8992 3299.8992 3299.8992 3299.8992 3299.8992 3299.8992 3299.8992 3299.8992 3299.8992 3299.8992 3299.8992 3299.8992 3299.8992 3299.8992 3299.8992 2618.106 -2899.2827 -3151.7578 -3136.2488 -3121.0417 -3105.9355 -3091.2322 -3076.4282 -3061.9263 -3047.3235 -3033.1238 -3018.9238 -3004.9255 -2991.0278 -2977.1301 -2963.5344 -2863.33 -2755.8745 -2694.644 -2595.8496 -2445.4924 -1133.8715 470.70923 1514.1449 2707.6355 3299.8992 3299.8992 3299.8992 3299.8992 3299.8992 3299.8992 3299.8992 3299.8992 3299.8992 3299.8992 3299.8992 3299.8992 3299.8992 3299.8992 3299.8992 2176.703 -3162.332 -3146.6216 -3131.2134 -3116.1072 -3101.1016 -3086.2976 
3231.6191 3216.3115 3201.1047 3185.5957 3170.0867 3154.6782 3139.572 3124.4658 3109.4604 3094.052 3079.4495 3016.7083 2025.3387 607.1686 -591.2567 -1576.5839 -2499.3713 -3181.9702 3096.3684 3113.086 3129.7026 3146.2188 3162.7349 3179.0496 3194.9614 3210.974 3226.886 3242.8984 3258.609 3274.2188 3290.0298 3299.8992 -3279.2542 -1207.0862 3299.8992 3299.8992 3292.1448 3277.0386 3261.731 3246.524 3231.2163 3215.9087 3200.702 3185.1929 3169.7844 3154.3762 3139.1692 3123.9624 3108.9568 3093.5486 3078.9458 3029.2969 1977.5024 496.38977 -767.59644 -1777.8992 -2656.375 3240.6829 3100.1953 3116.9128 3133.5295 3149.945 3166.4612 3182.5745 3198.4863 3214.5996 3230.612 3246.3225 3262.1338 3277.8442 3293.4539 -3291.1377 -3275.83 -832.4524 3299.8992 3299.8992 3293.5547 3278.3477 3263.04 3247.8333 3232.5256 3217.218 3201.3062 3186.4014 3170.993 3155.7861 3140.3777 3125.2715 3110.266 3094.8577 3079.953 2931.7107 1759.0668 263.25073 -846.048 -1743.5577 -2550.9338 -3225.778 3103.1157 3119.8333 3136.4502 3152.8655 3169.3816 3185.2935 3201.4067 3217.3186 3233.3313 3249.1423 3264.8528 3280.5632 3296.0723 -3288.4185 -3273.0103 -598.8098 3299.8992 3299.8992 3294.9646 3279.7576 3264.45 3249.2432 3233.8347 3218.527 3203.119 3187.4084 3172.2014 3156.8938 3141.5862 3126.48 3111.4746 3095.9656 3081.2622 2976.828 1791.1926 308.46863 -818.9575 -1720.2942 -2528.2744 -3185.092 3103.3171 3119.934 3136.5508 3152.9663 3168.9788 3185.5957 3201.6082 3217.8223 3233.6333 3249.3438 3265.3564 3280.8655 3296.475 -3288.0156 -3272.6074 -131.02112 3299.8992 3299.8992 3292.8496 3277.7434 3262.3352 3247.0276 3231.72 3216.513 3200.601 3185.4949 3170.288 3154.9805 3139.6729 3124.3652 3109.6619 3093.9514 3079.651 2981.7627 1810.8307 310.7849 -891.4673 -1782.6324 -2671.3806 3265.3564 3103.1157 3120.0347 3136.5508 3152.9663 3168.7773 3185.2935 3201.5076 3217.6208 3233.3313 3249.2432 3265.0542 3280.664 3296.2737 -3288.3179 -3272.8088 304.94385 3299.8992 3299.8992 3290.5334 3275.125 3259.9182 3244.7112 
-3095.462 -3081.1614 -3066.8608 -3052.6611 -3038.6626 -3024.6643 -3010.6658 -2996.768 -2668.5608 -2143.4692 -1690.8875 -1513.3392 -1281.1066 -928.62854 -531.6376 -321.25854 0.80566406 86.00464 362.64954 1215.1428 2261.2976 3031.7139 3299.8992 3299.8992 3299.8992 3299.8992 3299.8992 3299.8992 3299.8992 3299.8992 3299.8992 3299.8992 3299.8992 2002.6794 -20.343018 -1478.8971 -2756.5796 -3136.6516 -3121.646 -3106.842 -3092.34 -3077.9387 -3063.6382 -3049.4385 -3035.3394 -3021.4417 -3007.443 -2731.4026 -2356.2651 -1929.4647 -1639.0228 -1495.6146 -1216.9556 -911.10535 -651.4801 -413.9099 -240.59143 -2.9205322 339.08386 1226.825 2366.7388 3299.8992 3299.8992 3299.8992 3299.8992 3299.8992 3299.8992 3299.8992 3299.8992 3299.8992 3299.8992 3299.8992 3299.8992 1528.244 -484.80835 -1901.4679 -3018.8232 -3129.1992 -3114.2944 -3099.6917 -3085.089 -3070.7886 -3056.488 -3042.389 -3028.3904 -3014.4927 -3000.595 -2834.1248 -2438.04 -2046.3867 -1529.5532 -1363.4857 -997.0093 -636.2732 -487.8296 -288.32703 -147.94006 64.35242 467.18445 1427.8381 2500.6804 3299.8992 3299.8992 3299.8992 3299.8992 3299.8992 3299.8992 3299.8992 3299.8992 3299.8992 3299.8992 3299.8992 3299.8992 1457.4463 -515.9271 -1769.0369 -2888.6077 -3128.6956 -3113.8916 -3099.2888 -3084.6863 -3070.285 -3055.8838 -3041.5833 -3027.7861 -3013.8884 -2996.6675 -2636.6362 -2321.521 -1954.2389 -1562.1826 -1393.6981 -1201.0437 -940.7135 -648.15674 -392.15698 -284.3994 -94.66553 269.1925 1275.3662 2330.081 3180.359 3299.8992 3299.8992 3299.8992 3299.8992 3299.8992 3299.8992 3299.8992 3299.8992 3299.8992 3299.8992 3299.8992 1311.5204 -546.34094 -1900.5615 -3134.2346 -3120.236 -3105.4321 -3090.8293 -3076.2268 -3061.9263 -3047.8271 -3033.728 -3019.7295 -3005.7312 -2991.7327 -2678.4302 -2247.0977 -1892.3035 -1492.6941 -1247.4701 -965.28625 -636.4746 -330.42297 -218.7378 -62.13684 199.60327 681.7932 1740.3351 2736.9414 3299.8992 3299.8992 3299.8992 3299.8992 3299.8992 3299.8992 3299.8992 3299.8992 3299.8992 3299.8992 3299.8992 3200.5005 1096.5088 -720.8679 -1918.4875 -3005.429 -3124.8687 -3109.9639 -3095.3613 

-15.408325 -15.408325 -15.408325 -15.408325 -15.408325 -15.408325 -15.408325 -15.408325 -15.408325 -15.408325 -15.408325 -15.408325 -15.408325 -15.408325 -15.408325 -15.408325 -15.408325 -15.408325 -15.408325 -15.408325 -15.408325 -15.408325 -15.408325 -15.408325 -15.408325 -15.408325 -15.408325 -15.408325 -15.408325 -15.408325 -15.408325 -15.408325 -15.408325 -15.408325 -15.408325 -15.408325 -15.408325 -15.408325 -15.408325 -15.408325 41.89453 26.586914 -7.2509766 -7.5531006 8.862305 4.4311523 -34.240723 -104.63562 -116.72058 -83.184814 -72.71118 -53.57666 -19.839478 8.660889 35.34851 59.21631 59.71985 47.634888 68.78357 104.03137 108.462524 118.63403 96.780396 68.28003 16.918945 -43.103027 -54.58374 -52.871704 -31.420898 -4.8339844 -4.8339844 -10.675049 -37.36267 -48.54126 -52.871704 -86.30676 -115.20996 -106.64978 -85.702515 -66.36658 -53.979492 -30.111694 -16.71753 -14.501953 -18.630981 -24.77417 -5.4382324 -2.1148682 14.199829 26.385498 30.81665 15.811157 19.940186 23.062134 17.926025 3.7261963 -5.6396484 2.1148682 7.6538086 8.963013 -0.20141602 -13.595581 -19.537354 -26.687622 -28.80249 -22.357178 -11.984253 -14.099121 -31.521606 -25.579834 -5.0354004 31.420898 39.88037 68.17932 98.291016 113.80005 96.98181 55.792236 44.110107 69.08569 84.191895 46.325684 -40.585327 -98.49243 -115.10925 -105.03845 -89.730835 -61.532593 -26.989746 -3.0212402 6.3446045 11.782837 -7.6538086 -11.581421 -6.0424805 4.3304443 22.558594 35.650635 36.35559 25.680542 14.501953 15.811157 20.846558 1.1077881 10.574341 13.394165 1.7120361 47.93701 61.6333 50.756836 14.804077 -20.24231 -18.73169 11.682129 23.968506 -9.567261 -55.389404 -80.163574 -67.8772 -43.00232 -13.897705 9.768677 29.708862 38.47046 43.304443 24.77417 9.567261 10.473633 17.72461 -2.3162842 -16.012573 -29.104614 -34.140015 -28.198242 -21.954346 -3.2226562 6.4453125 13.595581 13.494873 21.652222 4.5318604 8.459473 14.300537 21.350098 42.599487 37.36267 41.592407 33.636475 33.9386 15.408325 -14.401245 -51.763916 -81.87561 -115.20996 -137.36572 -120.84961 -84.2926 -30.715942 -24.673462 -17.523193 
5.1361084 6.7474365 18.630981 15.609741 17.623901 12.588501 10.574341 18.22815 26.486206 27.79541 18.933105 24.874878 13.192749 19.839478 17.523193 24.673462 34.744263 30.413818 35.247803 38.067627 21.954346 8.358765 18.026733 11.581421 18.73169 2.3162842 -41.4917 -16.616821 -16.012573 0.30212402 20.343018 45.217896 52.468872 55.892944 67.27295 81.06995 100.00305 120.547485 124.27368 116.41846 115.10925 105.84412 93.55774 74.523926 45.41931 -13.293457 -78.149414 -106.64978 -76.43738 -44.613647 -32.32727 -22.76001 -8.761597 26.78833 19.23523 -6.5460205 -48.03772 -69.992065 -74.82605 -54.382324 -64.151 -89.12659 -91.04004 -87.61597 -93.15491 -110.6781 -118.63403 -111.38306 -93.35632 -67.8772 -59.820557 -34.94568 -29.80957 -21.24939 -5.3375244 -0.30212402 -5.8410645 -8.358765 -16.818237 -15.710449 -2.1148682 -6.6467285 -7.9559326 -9.768677 -19.940186 -16.918945 3.0212402 13.394165 13.796997 22.76001 20.24231 31.32019 31.420898 43.00232 36.254883 36.758423 38.87329 38.974 58.007812 75.83313 89.93225 103.829956 119.13757 119.64111 137.36572 142.099 152.77405 160.83069 167.276 165.26184 139.37988 127.697754 107.65686 74.62463 55.18799 36.95984 24.27063 7.3516846 -17.019653 -37.261963 -61.532593 -97.88818 -128.10059 -163.14697 -185.90698 -196.98486 -193.35938 -186.00769 -177.44751 -163.34839 -142.50183 -111.28235 -92.752075 -71.90552 -67.474365 -42.196655 -20.645142 -6.1431885 -8.963013 -2.9205322 -6.7474365 -3.8269043 -16.818237 -52.468872 -51.763916 -39.175415 -47.634888 -7.0495605 -12.185669 9.567261 -0.10070801 -10.171509 -25.78125 -24.069214 -21.551514 -38.772583 -43.50586 -34.643555 -17.019653 -6.7474365 25.982666 37.060547 58.61206 69.1864 65.66162 52.770996 51.260376 45.721436 60.62622 39.98108 11.077881 5.7403564 -8.459473 -10.574341 -7.7545166 13.494873 37.060547 50.958252 52.267456 49.0448 46.627808 68.88428 82.88269 84.39331 94.262695 90.13367 101.312256 99.3988 89.83154 85.5011 66.06445 70.3949 44.51294 5.3375244 -38.772583 -53.57666 -58.410645 -49.649048 -64.65454 -79.76074 
-3197.4792 -3181.4666 -3165.857 -3151.0527 -3135.846 -3120.5383 -3105.5327 -3090.8293 -3076.126 -3061.624 -3047.3235 -3033.1238 -3019.0247 -1675.9827 966.39404 3299.8992 3299.8992 3299.8992 3299.8992 3299.8992 3299.8992 3299.8992 3299.8992 3299.8992 3299.8992 3299.8992 3299.8992 3299.8992 3299.8992 3299.8992 3299.8992 3299.8992 3298.993 -1781.2225 -3294.2595 -3277.4414 -3261.026 -3244.7112 -3228.598 -3212.5854 -3196.875 -3181.5674 -3165.6555 -3150.7507 -3135.6445 -3120.4375 -3105.4321 -3090.628 -3076.126 -3061.5234 -3047.0215 -3032.9224 -3018.8232 -1598.1354 1147.1649 3299.8992 3299.8992 3299.8992 3299.8992 3299.8992 3299.8992 3299.8992 3299.8992 3299.8992 3299.8992 3299.8992 3299.8992 3299.8992 3299.8992 3299.8992 3299.8992 3299.8992 3297.1802 -3045.4102 -3293.051 -3276.233 -3259.8174 -3243.6035 -3227.4902 -3211.4775 -3195.767 -3179.8552 -3164.9504 -3149.24 -3134.0332 -3119.229 -3104.3242 -3089.7217 -3075.0183 -3060.617 -3046.2158 -3032.0159 -3017.9167 -1541.1346 1362.0758 3299.8992 3299.8992 3299.8992 3299.8992 3299.8992 3299.8992 3299.8992 3299.8992 3299.8992 3299.8992 3299.8992 3299.8992 3299.8992 3299.8992 3299.8992 3299.8992 3299.8992 3297.0793 3291.339 -3291.5405 -3274.823 -3258.307 -3242.0928 -3226.0803 -3210.1685 -3194.3572 -3179.1504 -3163.2385 -3148.4343 -3133.2275 -3118.1213 -3103.1157 -3088.211 -3073.709 -3059.207 -3044.9065 -3030.606 -3016.6077 -1295.8099 1467.3157 3299.8992 3299.8992 3299.8992 3299.8992 3299.8992 3299.8992 3299.8992 3299.8992 3299.8992 3299.8992 3299.8992 3299.8992 3299.8992 3299.8992 3299.8992 3299.8992 3299.8992 3296.0723 3291.8425 -3290.8354 -3274.3193 -3257.8032 -3241.5894 -3225.5767 -3209.7656 -3193.753 -3178.6467 -3163.2385 -3147.528 -3132.4219 -3117.517 -3102.8137 -3088.211 -3073.5076 -3059.1064 -3044.705 -3030.5054 -3016.4062 -1170.932 1682.428 3299.8992 3299.8992 3299.8992 3299.8992 3299.8992 3299.8992 3299.8992 3299.8992 3299.8992 3299.8992 3299.8992 3299.8992 3299.8992 3299.8992 3299.8992 3299.8992 3299.8992 3294.058 3292.6482 -3290.332 -3273.6145 -3257.2998 -3240.8843 -3224.8718 -3208.96 
-3234.2375 -3219.8364 -3204.8308 -3190.3289 -3176.0283 -3161.4258 -3147.6287 -3133.6304 -3119.6318 -3105.835 -3092.2393 -3078.6438 -2978.4392 -784.6161 1468.4235 3299.8992 3299.8992 3299.8992 3299.8992 3299.8992 3299.8992 3299.8992 3299.8992 3299.8992 3299.8992 3299.8992 3299.8992 3299.8992 3299.8992 3299.8992 3297.7844 3282.7788 3267.3706 -1782.5317 3274.6216 3290.4326 3299.8992 -3278.8513 -3263.6443 -3248.639 -3233.7341 -3219.2322 -3204.428 -3189.926 -3175.525 -3161.5264 -3147.0244 -3133.2275 -3119.229 -3105.4321 -3091.7358 -3078.241 -2949.6367 -800.0244 1547.6807 3299.8992 3299.8992 3299.8992 3299.8992 3299.8992 3299.8992 3299.8992 3299.8992 3299.8992 3299.8992 3299.8992 3299.8992 3299.8992 3299.8992 3299.8992 3297.7844 3282.7788 3267.2698 -2525.354 3276.535 3292.1448 3299.8992 -3276.9377 -3261.8315 -3246.8262 -3231.9214 -3217.52 -3202.6152 -3188.1133 -3173.8127 -3159.4116 -3145.514 -3131.4148 -3117.517 -3103.8208 -3090.225 -3076.6296 -2759.8022 -422.16797 2110.3362 3299.8992 3299.8992 3299.8992 3299.8992 3299.8992 3299.8992 3299.8992 3299.8992 3299.8992 3299.8992 3299.8992 3299.8992 3299.8992 3299.8992 3299.8992 3293.8567 3278.8513 3263.3423 3261.3281 3275.125 3290.634 3299.8992 -3278.549 -3263.3423 -3248.3367 -3233.432 -3218.93 -3204.126 -3189.624 -3175.3235 -3160.8215 -3146.9238 -3132.9253 -3119.0276 -3105.2307 -3091.635 -3077.9387 -2763.327 -419.65027 1839.5325 3299.8992 3299.8992 3299.8992 3299.8992 3299.8992 3299.8992 3299.8992 3299.8992 3299.8992 3299.8992 3299.8992 3299.8992 3299.8992 3299.8992 3299.8992 3294.159 3279.0527 3263.3423 3260.2202 3276.3335 3291.9434 3299.8992 -3277.24 -3262.1338 -3247.0276 -3232.2234 -3217.218 -3202.9175 -3188.4155 -3174.115 -3160.0159 -3145.7153 -3131.7168 -3117.92 -3104.1228 -3090.4265 -3076.9316 -2607.5317 -264.55994 1967.8345 3299.8992 3299.8992 3299.8992 3299.8992 3299.8992 3299.8992 3299.8992 3299.8992 3299.8992 3299.8992 3299.8992 3299.8992 3299.8992 3299.8992 3299.8992 3293.1519 3278.1462 3262.3352 3261.8315 3277.8442 3293.4539 3299.8992 -3275.6287 -3260.623 -3245.6177 
3274.5208 3259.7168 3245.0134 3230.2092 3215.6067 3200.9033 3185.8977 3170.7915 3156.8938 3142.5933 3128.2927 3108.1511 1720.2942 -296.8872 -1912.2437 -3116.6106 3136.4502 3152.1606 3167.871 3183.3801 3198.7883 3213.9954 3229.0007 3244.4092 3259.314 3274.4202 3288.7207 3299.8992 -3281.369 -3266.867 -3252.365 -3237.9639 -3223.6633 1180.8014 3299.8992 3299.8992 3299.8992 3299.8992 3299.8992 3294.2595 3279.5562 3264.6514 3249.4446 3234.7412 3220.0378 3205.2336 3190.3289 3175.122 3161.1235 3146.823 3132.6233 3111.676 1766.4185 -208.56628 -1579.2023 -2794.4458 3137.0544 3152.8655 3168.576 3183.9844 3199.4934 3214.7002 3229.7058 3245.0134 3259.7168 3274.6216 3289.9292 3299.8992 -3281.067 -3266.565 -3252.1636 -3237.561 -3223.462 1583.5327 3299.8992 3299.8992 3299.8992 3299.8992 3299.8992 3293.051 3278.247 3263.4429 3248.639 3233.8347 3219.1313 3204.428 3189.4226 3174.3164 3160.3179 3146.1182 3131.9182 3112.2803 1852.6245 -48.138428 -1585.7483 -2823.2483 3135.443 3151.2542 3166.864 3182.4736 3197.7812 3213.0889 3228.195 3243.0999 3258.5083 3273.5137 3287.915 3299.8992 -3282.1746 -3267.6726 -3253.1707 -3238.7695 -3224.469 2226.0498 3299.8992 3299.8992 3299.8992 3299.8992 3299.8992 3289.627 3274.7222 3259.9182 3244.9126 3230.1086 3215.103 3200.3997 3186.099 3170.7915 3156.2896 3142.0898 3127.7893 3058.0994 1610.0189 -379.9713 -1959.4757 -3169.281 3137.3564 3153.4697 3168.9788 3184.2864 3199.7954 3215.0024 3230.5115 3245.819 3260.4216 3275.3264 3290.634 3299.8992 -3280.4626 -3265.8599 -3251.358 -3236.9568 -3222.8577 2508.6365 3299.8992 3299.8992 3299.8992 3299.8992 3299.8992 3290.4326 3275.5278 3260.7239 3245.9197 3231.015 3216.513 3201.8096 3186.9048 3171.5972 3157.6995 3143.399 3129.1992 2976.828 1314.8438 -532.3425 -1921.8109 -3187.4084 3140.8813 3156.7932 3172.4028 3187.9119 3203.2195 3218.527 3233.5327 3248.4375 3263.745 3278.7505 3293.2524 -3291.8425 -3277.0386 -3262.5366 -3248.0347 -3233.6333 -3168.274 3299.8992 3299.8992 3299.8992 3299.8992 3299.8992 3299.8992 3290.7349 
-3071.6948 -3057.1929 -3043.0938 -3028.4912 -3014.2913 -3000.293 -2986.3953 -2972.5981 -2958.9019 -2945.2056 -2931.912 -2918.4172 -2905.2246 -1886.8652 -414.81628 1113.327 2301.3794 3299.8992 3299.8992 3299.8992 3299.8992 3299.8992 3299.8992 3299.8992 3299.8992 3299.8992 3299.8992 3299.8992 3299.8992 3299.8992 3299.8992 3299.8992 3299.8992 1566.1102 -3170.4895 -3154.6782 -3139.3706 -3124.1638 -3109.0576 -3094.2534 -3079.651 -3065.048 -3051.0498 -3036.5479 -3022.1465 -3008.0474 -2994.1497 -2980.3528 -2966.6565 -2952.9602 -2939.3645 -2925.9705 -2912.5762 -1950.1099 -450.76904 907.782 1990.3931 3016.3054 3299.8992 3299.8992 3299.8992 3299.8992 3299.8992 3299.8992 3299.8992 3299.8992 3299.8992 3299.8992 3299.8992 3299.8992 3299.8992 3299.8992 3299.8992 1094.4946 -3171.2952 -3155.6853 -3140.277 -3125.07 -3110.1653 -3095.2605 -3080.5571 -3066.0552 -3051.3518 -3037.0513 -3023.053 -3008.9539 -2994.9553 -2981.259 -2967.4622 -2953.7659 -2940.271 -2926.8767 -2913.5833 -1798.4436 -296.18225 956.22253 2233.0994 3293.5547 3299.8992 3299.8992 3299.8992 3299.8992 3299.8992 3299.8992 3299.8992 3299.8992 3299.8992 3299.8992 3299.8992 3299.8992 3299.8992 3299.8992 3299.8992 906.7749 -3174.9207 -3159.3108 -3143.9026 -3128.6956 -3113.5894 -3098.886 -3084.1826 -3069.58 -3054.776 -3040.6768 -3026.477 -3012.4785 -2998.3794 -2984.5825 -2970.8862 -2957.19 -2943.695 -2930.3008 -2916.9067 -2006.0028 -566.0797 817.4469 2209.3323 3299.8992 3299.8992 3299.8992 3299.8992 3299.8992 3299.8992 3299.8992 3299.8992 3299.8992 3299.8992 3299.8992 3299.8992 3299.8992 3299.8992 3299.8992 3299.8992 359.02405 -3172.3022 -3156.6924 -3141.3848 -3126.178 -3111.2732 -3096.469 -3081.7656 -3067.0623 -3053.064 -3038.4612 -3024.1606 -3010.0615 -2996.1638 -2982.367 -2968.6707 -2954.8735 -2941.278 -2928.0852 -2914.6912 -2155.957 -814.22424 530.12695 1776.9928 2937.2498 3299.8992 3299.8992 3299.8992 3299.8992 3299.8992 3299.8992 3299.8992 3299.8992 3299.8992 3299.8992 3299.8992 3299.8992 3299.8992 3299.8992 3299.8992 127.093506 -3163.037 -3147.528 -3132.321 -3117.1143 -3102.1086 -3087.4053 
3229.4036 3214.096 3198.6877 3183.2793 3167.7703 3152.2612 3137.155 3121.9482 3107.144 3091.5344 3076.5288 2896.3623 1649.4965 114.001465 -921.27686 -1802.5726 -2723.1445 3288.922 3103.2166 3119.8333 3136.4502 3152.8655 3169.281 3185.2935 3201.5076 3217.3186 3233.3313 3249.1423 3264.9536 3280.5632 3296.173 -3288.3179 -3272.9094 592.3645 3299.8992 3299.8992 3288.922 3273.5137 3258.307 3242.9993 3227.7922 3212.384 3197.0764 3181.5674 3166.159 3150.8513 3135.6445 3120.5383 3105.5327 3090.1245 3074.9175 2843.9941 1535.6964 70.999146 -1007.3822 -1933.7952 -2717.0012 3245.2148 3103.9214 3120.639 3137.0544 3153.5706 3170.0867 3186.099 3202.1118 3218.1243 3234.0361 3249.8474 3265.5579 3281.369 3296.878 -3287.6128 -3272.406 882.20215 3299.8992 3299.8992 3287.915 3272.6074 3257.2998 3242.1936 3226.9866 3211.5784 3196.2708 3180.8623 3165.2527 3149.945 3134.8389 3119.5312 3104.6265 3089.218 3073.0042 2799.2798 1486.9537 77.645874 -996.3043 -1898.4467 -2777.124 3143.4998 3103.72 3120.4375 3136.9536 3153.4697 3169.8853 3185.9985 3202.011 3217.9229 3233.8347 3249.7466 3265.457 3281.1675 3296.7773 -3287.8142 -3272.406 1236.2915 3299.8992 3299.8992 3285.901 3270.6938 3255.3862 3240.3809 3224.9724 3209.5642 3194.3572 3178.7476 3163.44 3148.0315 3132.9253 3117.819 3102.8137 3087.4053 3069.2778 2626.062 1276.0712 -107.85828 -1171.3348 -2101.7761 -2869.876 3109.7625 3106.9426 3123.5596 3140.0757 3156.5918 3172.3022 3188.919 3205.0322 3221.045 3236.9568 3252.8687 3268.579 3284.0881 3299.7986 -3284.793 -3200.9033 1672.76 3299.8992 3299.8992 3286.8071 3271.4995 3256.192 3241.0857 3225.6775 3210.3699 3194.458 3179.4524 3164.2456 3148.8372 3133.6304 3118.6248 3103.6194 3088.0095 3069.58 2472.3816 1130.246 -190.43884 -1233.371 -2119.1985 -2977.0293 3093.75 3110.568 3127.185 3143.8018 3160.2173 3176.0283 3192.5444 3208.6577 3224.5696 3240.4814 3256.3933 3272.0032 3287.6128 3299.8992 -3281.2683 -3107.849 1967.0288 3299.8992 3299.8992 3288.4185 3273.0103 3257.904 3242.5964 
-3080.8594 -3066.458 -3052.2583 -3038.1592 -3024.1606 -3010.263 -2898.3765 -2449.4202 -2114.566 -1864.1052 -1751.9165 -1775.7843 -1598.6389 -1244.6503 -714.0198 -340.8966 -31.622314 112.18872 493.87207 1526.7334 2573.9958 3299.8992 3299.8992 3299.8992 3299.8992 3299.8992 3299.8992 3299.8992 3299.8992 3299.8992 3299.8992 3299.8992 3191.8396 1055.5206 -786.52954 -2127.4565 -3130.6091 -3115.6035 -3100.7996 -3086.2976 -3071.8962 -3057.5957 -3043.5974 -3029.2969 -3015.3992 -3001.5015 -2987.8052 -2649.5269 -2268.2463 -1969.4458 -1554.6295 -1331.9641 -867.09595 -517.33704 -189.73389 31.219482 159.7229 216.62292 668.0969 1835.3027 2747.415 3299.8992 3299.8992 3299.8992 3299.8992 3299.8992 3299.8992 3299.8992 3299.8992 3299.8992 3299.8992 3299.8992 2820.932 587.2284 -1106.1768 -2334.4116 -3130.8105 -3115.805 -3101.1016 -3086.3982 -3072.0977 -3057.797 -3043.698 -3029.5989 -3015.6006 -3001.703 -2950.6438 -2582.5562 -2209.2314 -1864.6088 -1408.4015 -1128.0304 -1029.9408 -728.82385 -357.312 -78.552246 183.28857 383.5968 937.8937 2206.4116 3106.2378 3299.8992 3299.8992 3299.8992 3299.8992 3299.8992 3299.8992 3299.8992 3299.8992 3299.8992 3299.8992 3299.8992 3048.23 845.54443 -898.51685 -2142.9656 -3140.579 -3125.5737 -3110.7695 -3096.0662 -3081.5642 -3067.2637 -3053.064 -3038.864 -3024.8657 -3010.968 -2997.0703 -2735.6323 -2324.0386 -1908.0139 -1482.5226 -1267.0074 -969.3146 -647.14966 -434.65576 -256.10046 36.657715 247.33887 827.8198 1936.3129 2717.0012 3299.8992 3299.8992 3299.8992 3299.8992 3299.8992 3299.8992 3299.8992 3299.8992 3299.8992 3299.8992 3299.8992 2800.7903 574.7406 -1077.5757 -2246.3928 -3138.4644 -3123.4587 -3108.554 -3094.052 -3079.55 -3065.2495 -3050.949 -3036.8499 -3022.9521 -3008.9539 -2897.47 -2393.628 -2044.9768 -1894.7205 -1453.418 -1111.2122 -873.7427 -608.4778 -426.69983 -309.77783 -123.36731 124.575806 724.292 2058.7737 2888.1042 3299.8992 3299.8992 3299.8992 3299.8992 3299.8992 3299.8992 3299.8992 3299.8992 3299.8992 3299.8992 3299.8992 2875.6165 612.8082 -1007.0801 -2313.8672 -3140.7805 -3125.6743 -3110.8704 -3096.3684 

-1.8127441 17.825317 34.44214 50.253296 57.10144 49.44763 60.62622 65.15808 73.61755 38.36975 -18.22815 -33.737183 -26.78833 -10.977173 -2.6184082 24.472046 55.389404 62.438965 56.497192 37.261963 8.056641 21.954346 62.841797 85.80322 50.05188 -5.0354004 -24.27063 -16.918945 2.4169922 -3.5247803 -15.911865 -48.339844 -75.93384 -55.490112 -25.27771 -20.141602 -19.134521 -33.032227 -41.99524 -25.680542 -19.537354 -9.466553 -2.6184082 -5.9417725 -22.357178 -19.537354 -13.494873 -14.501953 -6.1431885 -1.2084961 4.5318604 -8.258057 -20.544434 -9.265137 0.40283203 3.7261963 -1.5106201 2.6184082 12.890625 14.300537 14.300537 14.300537 14.300537 14.300537 14.300537 14.300537 14.300537 14.300537 14.300537 14.300537 14.300537 14.300537 14.300537 14.300537 14.300537 14.300537 14.300537 14.300537 14.300537 14.300537 -36.154175 -16.113281 7.9559326 28.097534 25.680542 7.4523926 -8.157349 -11.883545 11.682129 10.876465 -11.077881 -77.44446 -123.97156 -112.79297 -77.041626 -41.39099 -13.897705 -14.804077 -7.7545166 -19.134521 -13.192749 -12.185669 28.80249 67.37366 84.09119 80.96924 63.64746 46.92993 56.900024 81.06995 60.928345 64.85596 67.07153 57.10144 32.730103 -20.343018 -57.504272 -56.19507 -16.516113 44.210815 52.368164 52.972412 61.834717 44.815063 1.2084961 -15.106201 -36.758423 -61.431885 -59.518433 -50.05188 -8.660889 25.177002 47.53418 29.003906 16.113281 3.2226562 -11.279297 -15.811157 -7.6538086 -7.2509766 -15.106201 1.8127441 -2.1148682 -21.75293 -21.24939 -7.5531006 -5.6396484 -3.8269043 -3.2226562 -9.768677 -25.881958 -20.24231 -33.43506 -27.996826 -23.565674 -22.76001 -22.055054 -22.659302 -26.78833 -16.71753 -6.9488525 -15.509033 -29.104614 -28.399658 -17.321777 6.3446045 30.514526 47.93701 55.08728 56.295776 51.864624 44.110107 38.571167 2.6184082 -56.69861 -99.3988 -143.50891 -172.00928 -155.39246 -104.434204 -104.434204 -104.434204 -104.434204 -104.434204 -104.434204 -104.434204 -104.434204 -104.434204 -104.434204 -104.434204 -104.434204 -104.434204 -104.434204 -104.434204 -104.434204 -104.434204 -104.434204 -104.434204 -104.434204 -104.434204 53.07312 76.7395 85.5011 89.63013 75.027466 47.93701 45.52002 53.878784 57.000732 74.32251 125.582886 110.27527 85.09827 64.75525 53.17383 26.486206 -19.638062 -27.29187 -7.8552246 -23.666382 
-76.7395 -71.90552 -63.64746 -68.481445 -68.58215 -67.57507 -63.345337 -51.763916 -30.514526 -25.177002 -38.974 -24.874878 -16.21399 -1.6113281 0.60424805 8.963013 11.581421 21.75293 13.394165 -6.4453125 -9.265137 -18.328857 -8.862305 -27.090454 -35.247803 -65.15808 -64.55383 -44.311523 -22.25647 -15.005493 -27.191162 -16.818237 -32.629395 -12.084961 -1.1077881 3.7261963 10.171509 1.6113281 -9.768677 -3.2226562 -14.199829 -18.73169 -7.0495605 -13.897705 -18.328857 -19.033813 -3.5247803 4.4311523 12.789917 9.164429 5.7403564 11.782837 -1.1077881 13.293457 11.782837 13.192749 11.883545 17.321777 24.975586 -25.076294 1.2084961 5.1361084 6.9488525 -2.0141602 6.4453125 5.3375244 20.443726 44.0094 60.424805 59.1156 50.354004 66.87012 68.88428 76.84021 93.45703 111.58447 112.994385 105.944824 83.78906 95.37048 84.09119 71.09985 51.260376 45.92285 54.483032 43.40515 50.958252 56.295776 77.44446 107.958984 104.63562 105.13916 88.0188 58.61206 37.96692 2.8198242 -42.599487 -88.52234 -102.52075 -142.40112 -155.49316 -139.07776 -93.759155 -66.26587 -26.385498 -16.516113 -25.881958 -47.131348 -52.166748 -47.43347 -60.928345 -67.17224 -96.780396 -115.7135 -116.82129 -115.61279 -112.28943 -112.89368 -107.55615 -78.75366 -66.06445 -37.664795 -22.860718 -39.88037 -56.69861 -65.460205 -64.956665 -56.19507 -49.749756 -39.779663 -29.507446 -2.2155762 -8.258057 22.055054 22.25647 22.659302 23.364258 22.155762 22.860718 8.963013 1.5106201 -12.084961 -3.6254883 -29.30603 -19.638062 -33.9386 -15.710449 -7.8552246 -10.070801 -22.457886 -18.630981 -2.4169922 -1.4099121 9.667969 8.459473 11.279297 15.206909 22.357178 21.148682 38.671875 47.735596 55.490112 58.511353 69.38782 103.02429 143.10608 194.06433 231.72913 263.04932 253.88489 251.26648 238.8794 181.47583 159.92432 95.67261 38.974 -23.867798 -92.14783 -118.33191 -138.47351 -173.92273 -189.23035 -191.44592 -182.08008 -148.74573 -148.74573 -134.44519 -113.497925 -71.90552 -53.475952 -29.406738 -27.79541 -16.516113 3.7261963 -12.789917 -32.125854 -43.40515 -53.878784 -47.03064 -15.509033 -19.839478 -6.9488525 -17.926025 -41.39099 -31.82373 -3.6254883 46.02356 70.999146 94.766235 95.5719 115.81421 84.695435 77.84729 74.2218 64.85596 78.652954 48.94409 19.638062 5.8410645 5.0354004 
-3193.2495 -3177.4382 -3161.8286 -3147.0244 -3131.8176 -3116.7114 -3101.6052 -3087.0024 -3072.4 -3057.898 -3043.5974 -3029.3975 -2987.8052 -694.3817 2085.1592 3299.8992 3299.8992 3299.8992 3299.8992 3299.8992 3299.8992 3299.8992 3299.8992 3299.8992 3299.8992 3299.8992 3299.8992 3299.8992 3299.8992 3299.8992 3299.8992 3299.8992 3290.7349 3291.641 -3291.339 -3274.7222 -3258.206 -3241.9922 -3225.879 -3209.967 -3194.2566 -3178.949 -3163.1377 -3148.233 -3133.2275 -3118.0205 -3103.0151 -3088.211 -3073.709 -3059.207 -3044.9065 -3030.7068 -2966.3542 -749.3683 1965.4175 3299.8992 3299.8992 3299.8992 3299.8992 3299.8992 3299.8992 3299.8992 3299.8992 3299.8992 3299.8992 3299.8992 3299.8992 3299.8992 3299.8992 3299.8992 3299.8992 3299.8992 3289.4255 3292.8496 -3290.2312 -3273.6145 -3257.0984 -3240.985 -3224.8718 -3208.96 -3193.1487 -3177.3376 -3162.332 -3146.6216 -3131.6162 -3116.812 -3102.008 -3087.2039 -3072.702 -3058.2 -3043.8994 -3029.8003 -2860.4094 -425.0885 2275.3967 3299.8992 3299.8992 3299.8992 3299.8992 3299.8992 3299.8992 3299.8992 3299.8992 3299.8992 3299.8992 3299.8992 3299.8992 3299.8992 3299.8992 3299.8992 3299.8992 3299.8992 3277.8442 3292.4468 -3290.634 -3274.0173 -3257.6018 -3241.388 -3225.3752 -3209.5642 -3193.6523 -3177.841 -3162.332 -3147.4272 -3132.4219 -3117.2148 -3102.2095 -3087.4053 -3072.8027 -3058.4014 -3044.0002 -3029.8003 -2861.4165 -384.40247 2354.956 3299.8992 3299.8992 3299.8992 3299.8992 3299.8992 3299.8992 3299.8992 3299.8992 3299.8992 3299.8992 3299.8992 3299.8992 3299.8992 3299.8992 3299.8992 3299.8992 3299.8992 3138.162 3293.8567 -3289.224 -3272.6074 -3256.2927 -3239.978 -3224.0662 -3208.0535 -3192.4438 -3177.1362 -3161.8286 -3146.2188 -3131.1125 -3116.2078 -3101.5044 -3086.9019 -3072.1985 -3057.6965 -3043.396 -3029.196 -2816.803 -334.04846 2480.2368 3299.8992 3299.8992 3299.8992 3299.8992 3299.8992 3299.8992 3299.8992 3299.8992 3299.8992 3299.8992 3299.8992 3299.8992 3299.8992 3299.8992 3299.8992 3299.8992 3299.8992 2749.4292 3296.173 -3286.908 -3270.3918 -3253.9763 -3237.7625 -3221.7498 -3205.838 -3190.1274 -3174.417 -3159.4116 -3143.8018 -3128.6956 -3113.7908 -3099.0874 -3084.4849 -3069.882 -3055.481 -3041.1804 -3026.88 -2698.7732 -136.86218 2613.7756 3299.8992 3299.8992 3299.8992 3299.8992 3299.8992 
-3230.713 -3215.808 -3201.4067 -3186.9048 -3172.6042 -3158.7065 -3144.3054 -3130.307 -3116.4092 -3102.6123 -3089.0166 -3075.5217 -2573.0896 -175.13123 2144.275 3299.8992 3299.8992 3299.8992 3299.8992 3299.8992 3299.8992 3299.8992 3299.8992 3299.8992 3299.8992 3299.8992 3299.8992 3299.8992 3299.8992 3299.8992 3293.1519 3278.1462 3258.8103 3263.8457 3279.7576 3295.468 -3289.0227 -3273.9165 -3258.7097 -3243.704 -3228.9001 -3213.9954 -3199.6948 -3185.092 -3170.8923 -3156.8938 -3142.5933 -3128.595 -3114.7979 -3101.001 -3087.3047 -3073.9104 -2796.1577 -575.0427 1639.1235 3299.8992 3299.8992 3299.8992 3299.8992 3299.8992 3299.8992 3299.8992 3299.8992 3299.8992 3299.8992 3299.8992 3299.8992 3299.8992 3299.8992 3299.8992 3299.8992 3284.8938 3257.5012 3272.0032 3287.915 3299.8992 -3280.966 -3265.7593 -3250.7537 -3235.7483 -3221.045 -3206.2407 -3191.8396 -3177.4382 -3163.1377 -3149.24 -3135.0403 -3121.1426 -3107.144 -3093.5486 -3079.953 -3066.5588 -1884.8511 643.42346 2823.1475 3299.8992 3299.8992 3299.8992 3299.8992 3299.8992 3299.8992 3299.8992 3299.8992 3299.8992 3299.8992 3299.8992 3299.8992 3299.8992 3299.8992 3299.8992 3292.6482 3277.6428 3033.6272 3267.4712 3283.383 3298.993 -3285.498 -3270.1904 -3255.1848 -3240.1794 -3225.476 -3210.5713 -3196.2708 -3181.7688 -3167.5688 -3153.1677 -3139.1692 -3125.2715 -3111.4746 -3097.7783 -3084.1826 -3070.6877 -2276.2024 74.020386 2116.0767 3299.8992 3299.8992 3299.8992 3299.8992 3299.8992 3299.8992 3299.8992 3299.8992 3299.8992 3299.8992 3299.8992 3299.8992 3299.8992 3299.8992 3299.8992 3295.7703 3280.664 2928.0852 3271.298 3287.21 3299.8992 -3281.8726 -3266.7664 -3251.6602 -3236.7554 -3221.8506 -3207.0464 -3192.6453 -3178.3447 -3164.0442 -3149.6428 -3135.846 -3121.9482 -3108.1511 -3094.3542 -3080.8594 -3067.3645 -1735.9039 730.5359 2884.6802 3299.8992 3299.8992 3299.8992 3299.8992 3299.8992 3299.8992 3299.8992 3299.8992 3299.8992 3299.8992 3299.8992 3299.8992 3299.8992 3299.8992 3299.8992 3290.5334 3275.5278 2308.3281 3269.4854 3285.2966 3299.8992 -3283.6853 -3268.3777 -3253.372 -3238.3667 -3223.6633 -3209.1614 -3194.1558 -3180.1575 -3165.756 -3151.4556 -3137.4573 -3123.6602 -3109.7625 -3096.2676 -3082.5713 -3069.0764 -1860.379 620.9656 2895.053 3299.8992 3299.8992 3299.8992 3299.8992 3299.8992 
3275.9307 3261.1267 3246.0205 3231.3171 3216.11 3201.3062 3187.207 3171.7986 3157.2966 3142.996 3128.897 2999.9907 1363.7878 -457.51648 -1982.4371 -3289.0227 3140.579 3156.3904 3172 3187.509 3202.9175 3218.1243 3233.5327 3248.8403 3263.4429 3278.3477 3293.6553 -3291.641 -3277.4414 -3262.738 -3248.4375 -3234.137 -2974.9146 3299.8992 3299.8992 3299.8992 3299.8992 3299.8992 3299.8992 3288.7207 3273.816 3258.9111 3244.3083 3229.2021 3214.801 3200.0977 3185.092 3170.0867 3156.0881 3141.989 3127.588 2858.899 1106.5796 -697.50366 -2119.4 3224.3682 3142.996 3158.8074 3174.417 3189.7246 3205.133 3220.4407 3235.446 3250.5522 3265.457 3280.664 3295.0652 -3289.9292 -3275.2258 -3260.623 -3246.222 -3231.9214 -2851.1443 3299.8992 3299.8992 3299.8992 3299.8992 3299.8992 3299.8992 3289.4255 3274.7222 3259.8174 3244.7112 3230.0078 3214.801 3200.1982 3185.8977 3170.59 3156.189 3141.8884 3127.6885 2849.231 965.4877 -878.8788 -2300.8757 3178.5461 3145.514 3161.325 3176.7334 3192.343 3207.6506 3222.8577 3238.2659 3253.5735 3268.1763 3283.081 3298.1873 -3287.1094 -3272.9094 -3258.307 -3243.9055 -3229.605 -2579.0312 3299.8992 3299.8992 3299.8992 3299.8992 3299.8992 3299.8992 3289.9292 3275.0244 3260.2202 3245.4163 3230.4106 3215.9087 3201.2053 3186.2 3171.1943 3157.196 3142.996 3128.6956 2768.7651 990.16113 -694.0796 -2145.7854 3207.55 3145.111 3160.922 3176.6326 3192.041 3207.3486 3222.5554 3237.561 3252.5664 3267.874 3282.6782 3297.0793 -3287.8142 -3273.1108 -3258.609 -3244.2078 -3229.9072 -2281.2378 3299.8992 3299.8992 3299.8992 3299.8992 3299.8992 3299.8992 3287.8142 3272.9094 3258.307 3243.0999 3228.195 3213.794 3198.9897 3183.9844 3168.9788 3154.779 3140.68 3126.3794 2728.5828 773.94104 -928.62854 -2259.9883 3169.7844 3146.0173 3161.4258 3177.0354 3192.6453 3208.0535 3223.2605 3238.2659 3253.473 3268.1763 3283.081 3298.1873 -3287.1094 -3272.8088 -3258.307 -3243.9055 -3229.605 -1991.1987 3299.8992 3299.8992 3299.8992 3299.8992 3299.8992 3299.8992 3286.8071 3271.9023 3257.0984 3241.9922 3227.4902 3212.4846 3197.7812 3183.4807 3168.173 3153.772 3139.6729 3125.3723 2684.976 895.0928 -825.3021 -2304.4006 3128.595 3144.3054 3160.1165 3175.6255 3191.1345 
-3072.702 -3058.2 -3043.5974 -3029.3975 -3015.3992 -3001.4006 -2987.6038 -2973.9075 -2960.1104 -2946.515 -2933.02 -2919.7266 -2758.8958 -1466.0065 -84.79614 1384.5337 2504.2053 3299.8992 3299.8992 3299.8992 3299.8992 3299.8992 3299.8992 3299.8992 3299.8992 3299.8992 3299.8992 3299.8992 3299.8992 3299.8992 3299.8992 3299.8992 3299.8992 -525.29297 -3167.3674 -3151.9592 -3136.5508 -3121.4446 -3106.5398 -3091.7358 -3076.9316 -3062.4297 -3047.8271 -3033.6272 -3019.629 -3005.7312 -2991.632 -2977.835 -2964.038 -2950.4424 -2936.9475 -2923.654 -2828.3843 -1550.9033 -73.41614 1230.3497 2491.0125 3299.8992 3299.8992 3299.8992 3299.8992 3299.8992 3299.8992 3299.8992 3299.8992 3299.8992 3299.8992 3299.8992 3299.8992 3299.8992 3299.8992 3299.8992 3299.8992 -668.9026 -3169.4824 -3154.074 -3138.7664 -3123.5596 -3108.6548 -3093.75 -3079.0466 -3064.5447 -3050.4456 -3035.8428 -3021.5422 -3007.544 -2993.6462 -2979.7485 -2966.0522 -2952.4565 -2938.861 -2925.4668 -2911.972 -1856.955 -417.13257 961.25793 2318.097 3299.8992 3299.8992 3299.8992 3299.8992 3299.8992 3299.8992 3299.8992 3299.8992 3299.8992 3299.8992 3299.8992 3299.8992 3299.8992 3299.8992 3299.8992 3299.8992 -1307.4921 -3163.2385 -3147.7295 -3132.4219 -3117.2148 -3102.411 -3087.7075 -3073.0042 -3058.5022 -3044.5037 -3029.9011 -3015.802 -3001.703 -2987.9058 -2974.008 -2960.3118 -2946.7163 -2933.322 -2919.928 -2705.017 -1300.946 252.57568 1608.2062 2744.1924 3299.8992 3299.8992 3299.8992 3299.8992 3299.8992 3299.8992 3299.8992 3299.8992 3299.8992 3299.8992 3299.8992 3299.8992 3299.8992 3299.8992 3299.8992 3299.8992 -1668.2281 -3167.3674 -3151.8584 -3136.6516 -3121.5454 -3106.6406 -3091.8364 -3077.133 -3062.5305 -3048.1292 -3033.9294 -3019.8303 -3005.7312 -2991.8335 -2978.0364 -2964.34 -2950.8452 -2937.2498 -2923.8555 -2722.5403 -1414.5447 12.286377 1313.2324 2450.2258 3299.8992 3299.8992 3299.8992 3299.8992 3299.8992 3299.8992 3299.8992 3299.8992 3299.8992 3299.8992 3299.8992 3299.8992 3299.8992 3299.8992 3299.8992 3299.8992 -2011.7432 -3164.749 -3149.24 -3134.0332 -3118.927 -3104.0222 -3089.218 -3074.5146 -3060.1135 -3045.4102 -3031.311 -3017.212 -3003.3142 -2989.3157 -2975.6194 -2961.923 -2948.2268 -2934.8328 -2921.4385 -2751.0405 -1506.3904 -16.012573 1249.0814 2433.1055 3299.8992 3299.8992 3299.8992 
3227.2888 3211.9812 3196.17 3180.9631 3165.6555 3150.348 3135.0403 3119.934 3105.0293 3089.5203 3072.0977 2620.523 1107.9895 -373.02246 -1431.3629 -2317.2913 -3043.8994 3097.6775 3114.395 3130.9111 3147.528 3163.9434 3179.6538 3196.2708 3212.384 3228.296 3244.2078 3260.0188 3275.6287 3291.2383 3299.8992 -3277.9448 -2803.8115 2361.4014 3299.8992 3299.8992 3289.4255 3274.118 3258.8103 3243.6035 3228.195 3212.8875 3196.9756 3181.7688 3166.4612 3151.1536 3136.0474 3120.8403 3106.0364 3090.4265 3073.0042 2675.9124 1384.6344 6.8481445 -1043.0328 -1988.681 -2831.9092 3106.2378 3107.3455 3123.9624 3140.3777 3156.8938 3173.41 3189.3218 3205.3345 3221.347 3237.2588 3253.1707 3268.7805 3284.3901 3299.8992 -3284.5916 -2635.8306 2852.5542 3299.8992 3295.8708 3280.5632 3265.457 3250.1494 3235.0432 3219.7356 3204.2266 3188.516 3173.5107 3158.2031 3142.996 3127.7893 3112.683 3097.879 3082.2693 3062.1277 2223.4314 706.8695 -683.1024 -1697.0306 -2529.08 -3288.217 3099.591 3116.3086 3132.8247 3149.4414 3165.756 3182.0708 3198.184 3213.9954 3230.0078 3245.819 3261.4287 3277.1392 3292.8496 -3291.5405 -3276.3335 -2350.9277 3117.6177 3299.8992 3299.8992 3287.0085 3271.6003 3256.2927 3241.0857 3225.778 3210.4705 3195.0623 3179.5532 3164.0442 3148.8372 3133.5295 3118.5242 3103.5186 3088.1104 3064.4438 2077.1025 551.57776 -669.0033 -1560.672 -2489.1997 -3158.908 3105.2307 3121.9482 3138.4644 3154.9805 3171.1943 3187.8113 3203.6223 3219.5342 3235.5469 3251.358 3267.0684 3282.7788 3298.2878 -3286.203 -3270.8953 -2176.3 3273.6145 3299.8992 3299.8992 3291.2383 3275.83 3260.5225 3245.2148 3229.9072 3214.3982 3198.9897 3183.5815 3167.9717 3152.664 3137.4573 3122.351 3107.4463 3091.9373 3073.3062 2457.074 998.7213 -263.75427 -1282.8186 -2110.6384 -2851.95 3098.1812 3114.7979 3131.4148 3148.0315 3164.447 3180.8623 3196.9756 3212.8875 3228.7993 3244.812 3260.5225 3276.132 3291.8425 3299.8992 -3277.3406 -1850.711 3299.8992 3299.8992 3297.885 3282.5774 3267.3706 3252.063 3236.856 3221.4478 3206.1401 3190.7317 3175.0212 3159.8145 3144.6074 3129.5012 3114.2944 3099.4902 3084.082 3065.5518 2177.005 673.1323 -626.1017 -1678.9032 -2484.5671 -3216.3115 3100.9001 3117.517 3134.0332 
-3081.7656 -3067.465 -3053.2654 -3039.1663 -3025.1677 -3011.27 -2997.3723 -2808.0413 -2531.0942 -2227.057 -1693.103 -1389.1663 -1026.0132 -749.5697 -532.3425 -137.66785 15.911865 247.54028 899.3225 2068.2402 2771.1821 3299.8992 3299.8992 3299.8992 3299.8992 3299.8992 3299.8992 3299.8992 3299.8992 3299.8992 3299.8992 3299.8992 2675.9124 434.65576 -1127.9297 -2309.6375 -3132.8247 -3117.819 -3103.1157 -3088.4124 -3074.0112 -3059.8113 -3045.6116 -3031.613 -3017.514 -3003.717 -2891.0247 -2532.1013 -2195.1323 -1859.6741 -1509.2102 -1417.3645 -1031.0486 -808.5846 -482.29065 -171.40503 112.39014 368.18848 917.0471 2121.2126 2900.592 3299.8992 3299.8992 3299.8992 3299.8992 3299.8992 3299.8992 3299.8992 3299.8992 3299.8992 3299.8992 3299.8992 2516.2903 360.33325 -1064.2822 -2296.2432 -3132.6233 -3117.819 -3103.0151 -3088.4124 -3073.9104 -3059.7107 -3045.5107 -3031.2102 -3017.4133 -3003.4148 -2956.9885 -2613.5742 -2274.7925 -1766.7206 -1311.319 -982.91016 -650.1709 -326.8982 -178.85742 -9.063721 21.954346 235.1532 955.4169 2146.8933 2988.3086 3299.8992 3299.8992 3299.8992 3299.8992 3299.8992 3299.8992 3299.8992 3299.8992 3299.8992 3299.8992 3299.8992 2124.1333 0.70495605 -1410.7178 -2640.0603 -3133.0261 -3118.222 -3103.418 -3088.916 -3074.414 -3060.214 -3046.0144 -3031.9153 -3017.9167 -3004.019 -2990.2222 -2654.4617 -2332.6995 -1862.0911 -1418.7744 -1069.7205 -753.4973 -587.3291 -287.21924 -9.466553 115.10925 337.57324 1143.4387 2431.7961 3115.805 3299.8992 3299.8992 3299.8992 3299.8992 3299.8992 3299.8992 3299.8992 3299.8992 3299.8992 3299.8992 3299.8992 1872.464 -218.13354 -1553.0182 -2675.9124 -3129.8035 -3114.8987 -3100.296 -3085.794 -3071.3928 -3057.0923 -3042.8923 -3028.894 -3014.8955 -2911.7705 -2374.594 -1952.5269 -1638.9221 -1491.7877 -1213.7329 -1012.4176 -712.912 -620.66345 -415.21912 -83.58765 93.65845 342.70935 1136.5906 2337.8357 3236.3525 3299.8992 3299.8992 3299.8992 3299.8992 3299.8992 3299.8992 3299.8992 3299.8992 3299.8992 3299.8992 3299.8992 2262.1033 163.04626 -1260.7635 -2494.9402 -3143.9026 -3128.897 -3114.093 -3099.3896 -3084.9883 -3070.4863 -3056.5886 -3042.288 -3013.7878 -2846.814 -2361.099 -1805.6946 -1450.296 -950.5829 -488.23242 -83.88977 331.8329 617.2394 1040.918 1170.1263 1284.5306 1475.473 2163.4094 3299.8992 

-23.666382 -23.666382 -23.666382 -23.666382 -23.666382 -23.666382 -23.666382 -23.666382 -23.666382 -23.666382 -23.666382 -23.666382 -23.666382 -23.666382 -23.666382 -23.666382 -23.666382 -23.666382 -23.666382 -23.666382 0.40283203 -4.3304443 2.8198242 -5.6396484 -3.2226562 -12.689209 -20.343018 -13.293457 -2.0141602 7.8552246 13.092041 11.480713 22.155762 14.703369 6.2438965 10.675049 6.8481445 8.761597 32.629395 43.50586 43.50586 43.50586 43.50586 43.50586 43.50586 43.50586 43.50586 43.50586 43.50586 43.50586 43.50586 43.50586 43.50586 43.50586 43.50586 43.50586 43.50586 43.50586 43.50586 43.50586 2.5177002 -10.171509 -27.29187 -37.564087 -39.276123 -33.535767 -39.074707 -36.053467 -27.090454 -16.918945 -11.178589 -16.616821 -45.822144 11.782837 44.815063 61.935425 44.714355 35.44922 38.671875 32.025146 17.523193 -11.984253 -26.989746 -20.443726 -18.429565 -16.113281 -8.660889 3.4240723 17.422485 23.26355 22.558594 12.084961 0 -2.0141602 2.5177002 -5.1361084 -5.2368164 -17.019653 -27.191162 -14.602661 -5.7403564 15.206909 20.74585 38.269043 25.579834 18.22815 21.350098 20.24231 14.602661 5.4382324 4.3304443 -1.3092041 -5.5389404 -3.0212402 -12.286377 -13.494873 -13.494873 -4.9346924 12.286377 5.2368164 9.466553 11.883545 6.3446045 2.5177002 2.7191162 -0.40283203 3.4240723 7.1502686 5.3375244 16.71753 15.206909 8.660889 1.6113281 1.6113281 -0.10070801 13.998413 33.032227 62.64038 96.8811 152.57263 182.48291 185.30273 192.55371 198.09265 166.36963 91.8457 -3.5247803 -98.291016 -167.37671 -211.68823 -207.05566 -173.21777 -155.29175 -145.01953 -144.21387 -117.12341 -78.652954 -42.599487 -7.6538086 -8.761597 -6.6467285 -12.185669 -19.537354 -21.551514 -8.862305 -22.155762 -43.707275 -52.670288 -37.161255 -27.593994 -28.903198 -42.095947 -36.557007 -7.4523926 16.918945 34.34143 37.46338 37.060547 3.6254883 -33.43506 -44.110107 -18.026733 -25.076294 -32.83081 -36.35559 35.247803 124.27368 167.47742 139.17847 84.79614 54.483032 23.364258 3.9276123 2.6184082 4.6325684 -27.392578 -34.542847 -21.450806 9.063721 6.3446045 
-22.860718 -33.132935 -57.504272 -100.909424 -102.822876 -115.008545 -122.86377 -127.093506 -116.21704 -92.04712 -66.26587 -61.935425 -62.539673 -40.98816 -30.212402 -19.134521 -7.3516846 -7.6538086 -8.761597 0.10070801 8.358765 11.782837 29.80957 20.846558 36.154175 33.636475 26.586914 23.162842 16.71753 10.372925 15.609741 17.72461 12.084961 14.602661 22.357178 24.371338 20.343018 20.645142 27.493286 19.940186 12.286377 21.24939 7.5531006 -12.286377 23.867798 19.033813 42.90161 53.67737 81.27136 78.552246 91.04004 97.787476 93.96057 99.19739 103.326416 105.441284 103.02429 94.16199 82.58057 76.638794 49.850464 23.464966 -17.422485 -35.751343 -25.479126 4.7332764 44.91577 73.61755 106.54907 110.87952 114.70642 87.11243 27.493286 34.140015 24.77417 36.4563 34.140015 30.212402 -13.998413 -85.09827 -153.17688 -163.04626 -172.2107 -165.56396 -161.83777 -173.92273 -186.81335 -191.74805 -168.08167 -135.04944 -99.801636 -85.09827 -66.06445 -47.634888 -32.32727 -31.118774 -23.968506 -21.24939 -22.659302 -22.25647 -28.80249 -19.033813 -41.189575 -29.406738 -36.557007 -26.78833 -15.206909 0.30212402 13.796997 -1.8127441 -6.0424805 -7.5531006 8.761597 8.157349 15.005493 9.063721 7.3516846 14.501953 20.544434 13.192749 8.862305 10.473633 8.459473 1.1077881 1.7120361 -18.328857 -4.3304443 -11.782837 -1.2084961 -0.9063721 -0.70495605 -5.3375244 -4.0283203 6.2438965 12.789917 16.616821 18.73169 24.472046 22.055054 40.585327 44.0094 49.44763 47.836304 49.246216 53.07312 53.274536 62.13684 55.69153 40.48462 36.053467 51.260376 70.3949 72.81189 49.749756 22.76001 3.7261963 -17.825317 -12.689209 12.387085 19.940186 19.033813 25.177002 53.979492 58.410645 82.58057 83.184814 96.780396 86.50818 107.958984 106.448364 115.41138 104.13208 117.12341 154.78821 163.04626 161.43494 191.54663 186.51123 137.66785 96.17615 72.81189 50.354004 2.8198242 -63.546753 -99.49951 -115.61279 -130.41687 -154.88892 -180.16663 -228.70789 -242.807 -229.61426 -190.23743 -165.9668 -163.04626 -157.40662 -169.7937 -163.65051 -149.04785 -144.21387 
3299.8992 3299.8992 3299.8992 3299.8992 3299.8992 3299.8992 3299.8992 3299.8992 3299.8992 3299.8992 3299.8992 3299.8992 2480.3374 3297.9858 -3285.1958 -3268.579 -3252.2644 -3236.0503 -3220.0378 -3204.2266 -3188.516 -3173.3093 -3157.5989 -3142.4927 -3127.6885 -3112.5823 -3097.577 -3082.8735 -3068.2708 -3053.9702 -3039.6697 -3025.47 -2508.9385 -88.723755 2584.1675 3299.8992 3299.8992 3299.8992 3299.8992 3299.8992 3299.8992 3299.8992 3299.8992 3299.8992 3299.8992 3299.8992 3299.8992 3299.8992 3299.8992 3299.8992 3299.8992 3299.8992 1874.2767 3299.8992 -3282.6782 -3266.162 -3249.8474 -3233.5327 -3217.7214 -3201.9104 -3186.2 -3170.288 -3155.3833 -3139.8743 -3124.768 -3110.0647 -3095.3613 -3080.7585 -3066.156 -3051.7546 -3037.454 -3023.2544 -2252.9387 364.05945 3168.274 3299.8992 3299.8992 3299.8992 3299.8992 3299.8992 3299.8992 3299.8992 3299.8992 3299.8992 3299.8992 3299.8992 3299.8992 3299.8992 3299.8992 3299.8992 3299.8992 3299.8992 1743.3563 3299.6978 -3283.484 -3266.9678 -3250.5522 -3234.439 -3218.527 -3202.6152 -3186.9048 -3171.0938 -3155.7861 -3140.8813 -3125.5737 -3110.7695 -3096.167 -3081.4636 -3066.8608 -3052.359 -3037.9578 -2888.6077 -2130.4778 314.10828 2800.7903 3299.8992 3299.8992 3299.8992 3299.8992 3299.8992 3299.8992 3299.8992 3299.8992 3299.8992 3299.8992 3299.8992 3299.8992 3299.8992 3299.8992 3299.8992 3299.8992 3299.8992 32.025146 3299.8992 -3278.952 -3262.6372 -3246.222 -3230.1086 -3214.096 -3198.285 -3182.8765 -3166.9646 -3152.1606 -3136.5508 -3121.4446 -3106.7412 -3092.0378 -3077.536 -3063.034 -3048.6328 -3034.4329 -3020.2332 -1809.6222 1182.9163 3299.8992 3299.8992 3299.8992 3299.8992 3299.8992 3299.8992 3299.8992 3299.8992 3299.8992 3299.8992 3299.8992 3299.8992 3299.8992 3299.8992 3299.8992 3299.8992 3299.8992 3297.0793 -50.354004 3299.295 -3283.9873 -3267.4712 -3251.1565 -3234.9426 -3219.1313 -3203.2195 -3187.509 -3171.698 -3156.2896 -3141.3848 -3126.48 -3111.2732 -3096.2676 -3081.5642 -3067.163 -3052.7617 -3038.4612 -3024.362 -2061.493 694.5831 3299.8992 3299.8992 3299.8992 3299.8992 3299.8992 3299.8992 
3299.8992 3299.8992 3299.8992 3299.8992 3299.8992 3299.8992 3299.8992 3299.8992 3299.8992 3299.8992 3290.0298 3274.9236 1766.7206 3271.0967 3286.908 3299.8992 -3282.1746 -3266.867 -3251.8616 -3236.9568 -3222.1526 -3207.7515 -3193.2495 -3178.5461 -3164.3462 -3149.945 -3136.148 -3122.2502 -3108.3525 -3094.757 -3081.1614 -3067.6665 -1651.712 711.19995 2831.0027 3299.8992 3299.8992 3299.8992 3299.8992 3299.8992 3299.8992 3299.8992 3299.8992 3299.8992 3299.8992 3299.8992 3299.8992 3299.8992 3299.8992 3299.8992 3290.1306 3275.0244 1567.1173 3271.9023 3287.7136 3299.8992 -3281.369 -3266.0613 -3251.056 -3236.2517 -3221.4478 -3206.9458 -3192.1416 -3177.942 -3163.5405 -3149.1394 -3135.3423 -3121.4446 -3107.6477 -3093.9514 -3080.4565 -3067.0623 -1326.2238 1087.5458 3254.1777 3299.8992 3299.8992 3299.8992 3299.8992 3299.8992 3299.8992 3299.8992 3299.8992 3299.8992 3299.8992 3299.8992 3299.8992 3299.8992 3299.8992 3299.8992 3286.3037 3271.0967 797.6074 3270.7947 3286.5051 3299.8992 -3282.5774 -3267.2698 -3252.2644 -3237.3596 -3222.6562 -3208.255 -3193.451 -3179.0496 -3164.749 -3150.4485 -3136.5508 -3122.754 -3108.7554 -3095.059 -3081.5642 -3068.0693 -1261.1664 1326.2238 3299.8992 3299.8992 3299.8992 3299.8992 3299.8992 3299.8992 3299.8992 3299.8992 3299.8992 3299.8992 3299.8992 3299.8992 3299.8992 3299.8992 3299.8992 3298.3887 3283.5845 3268.2769 -160.9314 3270.8953 3286.7065 3299.8992 -3282.376 -3267.2698 -3252.1636 -3237.1582 -3222.4548 -3207.7515 -3193.35 -3178.949 -3164.6484 -3150.7507 -3136.4502 -3122.653 -3108.6548 -3095.059 -3081.4636 -3067.7673 -926.5137 1335.9924 3299.8992 3299.8992 3299.8992 3299.8992 3299.8992 3299.8992 3299.8992 3299.8992 3299.8992 3299.8992 3299.8992 3299.8992 3299.8992 3299.8992 3299.8992 3296.9788 3281.8726 3266.6655 -553.79333 3270.291 3286.203 3299.8992 -3282.9802 -3267.7734 -3252.7678 -3237.7625 -3222.9583 -3208.1543 -3193.753 -3179.4524 -3165.2527 -3151.2542 -3136.9536 -3123.056 -3109.259 -3095.462 -3081.967 -3065.3503 -1067.0013 1253.1097 3220.8435 3299.8992 3299.8992 3299.8992 3299.8992 3299.8992 
3206.3416 3221.6492 3236.9568 3252.063 3267.2698 3282.1746 3296.576 -3288.4185 -3273.6145 -3259.1125 -3244.812 -3230.4106 -1420.7886 3299.8992 3299.8992 3299.8992 3299.8992 3299.8992 3298.0864 3283.1816 3268.3777 3253.5735 3238.3667 3223.8647 3209.1614 3194.1558 3179.4524 3164.3462 3150.4485 3136.3494 3121.646 2629.889 765.7837 -970.42236 -2422.6318 3127.588 3143.4998 3159.2102 3174.7192 3190.2283 3205.6365 3220.7427 3235.8489 3251.056 3265.7593 3280.5632 3295.7703 -3289.5264 -3275.2258 -3260.623 -3246.222 -3231.9214 -1090.7684 3299.8992 3299.8992 3299.8992 3299.8992 3299.8992 3294.9646 3280.5632 3265.457 3250.4517 3235.8489 3221.1455 3206.0393 3191.4368 3177.3376 3161.9292 3147.528 3133.429 3116.3086 2334.8145 365.36865 -1247.6715 -2579.132 3129.7026 3145.514 3161.1235 3176.7334 3192.2424 3207.4492 3222.7568 3238.1653 3253.2715 3268.1763 3283.2825 3297.583 -3287.4114 -3272.708 -3258.1055 -3243.704 -3229.303 -786.42883 3299.8992 3299.8992 3299.8992 3299.8992 3299.8992 3296.2737 3281.5703 3266.6655 3251.8616 3236.7554 3221.7498 3207.3486 3192.7458 3177.7405 3162.7349 3148.8372 3134.8389 3120.0347 2476.9133 506.56128 -1148.9777 -2412.9639 3162.03 3143.9026 3159.613 3175.2227 3190.631 3205.9387 3221.2463 3236.2517 3251.2573 3266.162 3280.966 3296.0723 -3289.1235 -3274.823 -3260.321 -3245.9197 -3231.6191 -234.44824 3299.8992 3299.8992 3299.8992 3299.8992 3299.8992 3292.1448 3277.24 3262.4358 3247.531 3232.9285 3218.0237 3203.2195 3188.4155 3174.3164 3159.0088 3144.7083 3130.6091 3113.5894 2324.6428 279.364 -1365.6006 -2690.1123 3128.6956 3144.6074 3160.2173 3175.827 3191.2354 3206.543 3221.7498 3237.1582 3252.1636 3267.1692 3282.074 3297.0793 -3288.3179 -3274.0173 -3259.5154 -3245.0134 -3230.8135 267.6819 3299.8992 3299.8992 3299.8992 3299.8992 3299.8992 3290.8354 3276.132 3261.2273 3246.3225 3231.72 3216.9158 3202.4138 3187.8113 3172.8057 3157.8003 3143.9026 3129.8035 3112.1794 2092.813 166.36963 -1416.5588 -2638.7512 3129.1992 3145.0103 3160.7207 3176.3306 3191.6382 
3299.8992 3299.8992 3299.8992 3299.8992 3299.8992 3299.8992 3299.8992 3299.8992 3299.8992 3299.8992 3299.8992 3299.8992 3246.3225 -2348.6113 -3159.7136 -3144.2046 -3128.9978 -3113.9922 -3099.1882 -3084.384 -3069.6807 -3055.1787 -3040.6768 -3026.779 -3012.5793 -2998.5808 -2984.683 -2970.9868 -2957.2905 -2943.695 -2930.2002 -2916.9067 -2539.856 -1211.1145 194.66858 1580.5115 2794.9492 3299.8992 3299.8992 3299.8992 3299.8992 3299.8992 3299.8992 3299.8992 3299.8992 3299.8992 3299.8992 3299.8992 3299.8992 3299.8992 3299.8992 3299.8992 3108.9568 -2772.0886 -3160.2173 -3144.7083 -3129.5012 -3114.4958 -3099.591 -3084.7869 -3070.0835 -3055.6824 -3041.7847 -3027.2827 -3013.0828 -2999.0845 -2985.1868 -2971.3896 -2957.7942 -2944.1985 -2930.7036 -2917.3096 -2211.6484 -596.79565 781.39343 1992.5079 3041.8853 3299.8992 3299.8992 3299.8992 3299.8992 3299.8992 3299.8992 3299.8992 3299.8992 3299.8992 3299.8992 3299.8992 3299.8992 3299.8992 3299.8992 3299.8992 2774.3042 -3183.078 -3167.2668 -3151.8584 -3136.5508 -3121.4446 -3106.5398 -3091.8364 -3077.133 -3062.631 -3048.0286 -3034.03 -3019.931 -3005.8318 -2991.934 -2978.2378 -2964.441 -2950.8452 -2937.3503 -2923.9563 -2398.5625 -899.5239 429.51965 1655.3375 2782.5623 3299.8992 3299.8992 3299.8992 3299.8992 3299.8992 3299.8992 3299.8992 3299.8992 3299.8992 3299.8992 3299.8992 3299.8992 3299.8992 3299.8992 3299.8992 2553.955 -3181.5674 -3165.857 -3150.247 -3134.9395 -3120.0347 -3105.13 -3090.326 -3075.6226 -3061.2212 -3046.7192 -3032.4187 -3018.4204 -3004.4219 -2990.5242 -2976.828 -2963.031 -2949.4353 -2935.8398 -2922.5464 -2244.58 -1019.26575 345.12634 1750.6073 2936.2427 3299.8992 3299.8992 3299.8992 3299.8992 3299.8992 3299.8992 3299.8992 3299.8992 3299.8992 3299.8992 3299.8992 3299.8992 3299.8992 3299.8992 3299.8992 2231.3872 -3179.0496 -3163.2385 -3147.83 -3132.6233 -3117.517 -3102.713 -3087.909 -3073.3062 -3058.905 -3044.806 -3030.304 -3016.0034 -3002.1057 -2988.1072 -2974.411 -2960.7146 -2947.1191 -2933.6243 -2920.3308 -2203.0884 -759.8419 713.71765 1929.7668 2899.7864 3299.8992 3299.8992 3299.8992 
3150.5493 3166.7632 3182.5745 3199.1912 3215.2039 3231.3171 3247.0276 3262.9395 3278.549 3294.058 -3290.4326 -3274.9236 -1644.8639 3299.8992 3299.8992 3299.0935 3283.786 3268.579 3253.2715 3238.0645 3222.6562 3207.4492 3191.4368 3176.3306 3160.922 3145.7153 3130.5083 3115.503 3100.6987 3085.089 3062.1277 2177.3071 752.1881 -548.6572 -1674.9756 -2529.5837 3283.6853 3101.9072 3118.5242 3135.1409 3151.8584 3167.9717 3183.8835 3200.299 3216.4124 3232.3242 3247.9338 3263.9465 3279.657 3295.0652 -3289.224 -3274.118 -1137.0941 3299.8992 3299.8992 3296.878 3281.6711 3266.3635 3251.1565 3235.7483 3220.5413 3205.133 3189.2212 3174.115 3158.908 3143.6003 3128.4941 3113.2874 3098.584 3082.974 3011.3708 1929.2633 519.6533 -633.5541 -1570.34 -2379.6294 -3145.413 3100.7996 3117.6177 3134.2346 3150.65 3166.9646 3182.776 3199.292 3215.6067 3231.2163 3247.1282 3263.04 3278.65 3294.159 -3290.2312 -3274.823 -777.66724 3299.8992 3299.8992 3294.058 3278.7505 3263.5437 3248.236 3232.9285 3217.7214 3202.4138 3187.0056 3171.3958 3156.0881 3140.7805 3125.6743 3110.669 3095.7642 3080.2551 3023.6572 1899.2523 328.3081 -864.2761 -1782.8339 -2563.0188 3291.641 3102.8137 3119.3298 3136.0474 3152.4626 3168.7773 3185.3943 3201.1047 3217.1172 3233.029 3248.8403 3264.5508 3280.2612 3295.8708 -3288.6199 -3273.3123 -506.25916 3299.8992 3299.8992 3294.2595 3278.952 3263.6443 3248.4375 3233.2305 3217.8223 3202.4138 3187.1062 3171.5972 3156.189 3140.8813 3125.7751 3110.7695 3095.8647 3080.2551 2952.356 1856.0486 355.8014 -741.0095 -1616.2628 -2470.166 -3191.336 3101.001 3117.7185 3134.436 3150.8513 3167.0654 3183.5815 3199.4934 3215.5059 3231.4177 3247.229 3263.04 3278.65 3294.3604 -3290.1306 -3274.9236 -111.58447 3299.8992 3299.8992 3290.634 3275.4272 3260.1196 3244.9126 3229.605 3214.2974 3198.9897 3183.5815 3168.173 3152.664 3137.5579 3122.4517 3107.4463 3092.5415 3071.0906 3038.3606 2563.0188 1093.7897 30.010986 -633.35266 -1515.9576 -2167.337 -3020.5352 3180.661 3114.4958 
3299.8992 3299.8992 3299.8992 3299.8992 3299.8992 3299.8992 3299.8992 3299.8992 3299.8992 3299.8992 3299.8992 3126.5808 2058.8745 15.206909 -1672.1558 -2850.238 -2913.2812 -2977.2307 -3074.5146 -3071.8962 -3064.4438 -2972.0947 -2840.3687 -2698.6724 -2633.0107 -2534.9211 -2465.1306 -2394.2322 -2351.2297 -2318.9026 -2330.9875 -2320.816 -2068.4417 -1681.9244 -1450.3967 -1135.3821 -1035.2783 -756.21643 48.54126 1162.7747 1851.0132 3001.703 3299.8992 3299.8992 3299.8992 3299.8992 3299.8992 3299.8992 3299.8992 3299.8992 3299.8992 3299.8992 2250.2197 228.70789 -1162.2711 -2382.953 -3114.6973 -3099.893 -3085.1897 -3070.7886 -3056.5886 -3042.288 -3028.189 -3014.2913 -3000.293 -2831.8083 -2425.4517 -2094.5251 -1790.4877 -1333.8776 -827.92053 -754.4037 -480.4779 -325.18616 -82.9834 67.27295 229.11072 479.97437 1304.2694 2397.354 3207.7515 3299.8992 3299.8992 3299.8992 3299.8992 3299.8992 3299.8992 3299.8992 3299.8992 3299.8992 3299.8992 3299.8992 1743.6584 -319.04297 -1609.0118 -2913.986 -3130.9111 -3115.9058 -3101.2024 -3086.7004 -3072.299 -3058.0994 -3043.8994 -3029.8003 -3015.9026 -3002.005 -2932.2144 -2556.775 -2204.2969 -1967.1295 -1439.0167 -931.44836 -517.2363 -170.49866 108.56323 279.0619 464.96887 828.5248 1792.804 2811.0625 3299.8992 3299.8992 3299.8992 3299.8992 3299.8992 3299.8992 3299.8992 3299.8992 3299.8992 3299.8992 3299.8992 3299.8992 1673.8678 -405.34973 -1800.9613 -3005.0261 -3140.1763 -3125.2715 -3110.3667 -3095.8647 -3081.4636 -3067.0623 -3052.9631 -3038.7634 -3024.9663 -3008.2488 -2689.4072 -2344.3816 -2037.6251 -1843.0573 -1436.9019 -1125.412 -829.129 -523.98376 -276.24207 5.4382324 281.37817 624.8932 1611.2274 2685.6812 3299.8992 3299.8992 3299.8992 3299.8992 3299.8992 3299.8992 3299.8992 3299.8992 3299.8992 3299.8992 3299.8992 3214.801 1100.0336 -799.21875 -2023.6267 -3149.7437 -3135.1409 -3120.337 -3105.6335 -3091.0308 -3076.7302 -3062.4297 -3048.3306 -3034.2314 -3020.3337 -3006.436 -2713.5771 -2347.1008 -2047.0917 -1662.2864 -1185.9375 -1089.9628 -753.4973 -506.46057 -169.7937 12.084961 136.25793 623.6847 1711.4319 2684.5732 

7.0495605 14.199829 22.25647 58.813477 33.83789 29.205322 20.645142 6.9488525 -15.911865 -24.874878 -46.5271 -53.07312 -34.744263 -6.5460205 11.380005 18.73169 12.991333 7.4523926 -1.9134521 -0.10070801 -3.3233643 -16.21399 -32.025146 -19.335938 -43.00232 -46.728516 -23.666382 -17.422485 -7.9559326 9.869385 28.701782 3.2226562 -1.0070801 -0.30212402 11.682129 32.42798 27.896118 25.881958 22.357178 -3.8269043 -21.350098 -39.779663 -48.44055 -52.06604 -66.87012 -82.88269 -57.10144 -47.53418 -54.483032 -33.43506 -4.7332764 25.076294 40.786743 44.0094 52.166748 42.095947 7.0495605 -12.991333 -28.198242 -14.602661 -17.22107 0.70495605 21.148682 45.52002 65.05737 76.7395 87.213135 108.05969 106.64978 102.62146 92.14783 64.35242 37.060547 15.005493 -18.429565 -71.90552 -78.45154 -64.65454 -50.756836 -49.0448 -34.643555 -26.889038 -13.092041 -8.660889 -15.106201 -11.279297 2.4169922 11.581421 23.968506 32.125854 23.968506 24.169922 59.71985 78.35083 57.907104 29.406738 30.111694 48.138428 74.020386 55.08728 4.9346924 -63.043213 -121.85669 -129.00696 -105.6427 -64.05029 -42.700195 -21.853638 -0.80566406 22.76001 16.71753 -10.272217 -18.933105 -17.825317 -31.622314 -47.03064 -42.700195 -22.457886 -24.371338 -36.053467 -31.219482 -18.026733 -19.134521 -19.638062 -26.385498 -25.78125 -8.963013 1.9134521 1.4099121 -6.7474365 -9.869385 -15.408325 -16.21399 -3.4240723 4.8339844 4.4311523 3.1219482 2.5177002 1.4099121 6.8481445 6.8481445 6.8481445 6.8481445 6.8481445 6.8481445 6.8481445 6.8481445 6.8481445 6.8481445 6.8481445 6.8481445 6.8481445 6.8481445 6.8481445 6.8481445 6.8481445 6.8481445 6.8481445 6.8481445 6.8481445 4.7332764 -8.258057 0.60424805 10.272217 40.88745 40.48462 78.35083 100.50659 112.69226 111.28235 98.291016 74.523926 64.453125 17.825317 -90.13367 -195.67566 -239.28223 -223.57178 -186.51123 -150.05493 -111.08093 -61.935425 -31.219482 -0.9063721 9.567261 21.148682 23.26355 18.933105 13.394165 11.782837 -5.3375244 7.7545166 22.457886 36.35559 38.87329 42.90161 55.792236 67.27295 68.984985 61.431885 55.389404 59.014893 47.232056 38.36975 28.500366 28.29895 30.413818 21.954346 7.3516846 -19.436646 -26.486206 -27.593994 -24.472046 -44.613647 -51.260376 -24.472046 -5.1361084 -7.1502686 -21.24939 -11.782837 
-131.42395 -110.77881 -104.63562 -80.36499 -66.26587 -46.728516 -34.84497 -34.240723 -30.010986 -42.39807 -28.80249 -42.599487 -33.132935 -16.012573 -8.761597 -6.1431885 3.7261963 8.660889 8.258057 24.673462 23.666382 24.472046 17.019653 39.88037 41.189575 50.756836 74.2218 87.81738 104.53491 109.973145 111.8866 118.73474 124.87793 106.34766 93.65845 88.62305 84.99756 81.47278 72.30835 35.650635 2.4169922 -25.177002 -49.145508 -55.08728 -59.71985 -43.50586 -22.055054 -28.80249 3.8269043 19.23523 41.4917 30.81665 29.104614 7.6538086 -4.8339844 -32.629395 -67.37366 -84.191895 -82.58057 -43.807983 -21.652222 -1.7120361 10.775757 29.205322 39.37683 47.93701 54.18091 72.61047 71.80481 60.72693 60.12268 49.44763 35.247803 5.5389404 -20.947266 -24.27063 -20.846558 -7.6538086 3.4240723 -18.22815 -41.99524 -70.19348 -81.06995 -84.99756 -82.27844 -55.69153 -36.35559 -42.599487 -30.413818 -53.979492 -39.578247 -42.196655 -38.571167 -12.689209 2.5177002 19.537354 39.37683 50.756836 47.836304 38.571167 11.984253 12.689209 20.74585 39.578247 40.38391 56.497192 71.30127 80.26428 71.7041 69.68994 67.77649 48.843384 34.44214 27.191162 38.671875 24.874878 20.645142 -5.4382324 -42.297363 -97.08252 -125.7843 -116.015625 -115.512085 -105.441284 -98.89526 -84.695435 -53.375244 -42.49878 -41.693115 -53.979492 -55.69153 -53.07312 -22.76001 6.4453125 16.314697 16.516113 22.558594 15.911865 16.21399 25.177002 14.602661 8.157349 -0.60424805 -13.998413 -17.321777 -20.544434 -11.077881 -20.343018 -24.673462 -21.853638 11.883545 20.544434 25.076294 22.457886 24.371338 25.378418 33.737183 39.578247 34.643555 16.012573 6.0424805 3.5247803 17.019653 24.77417 38.671875 23.666382 52.06604 49.44763 86.50818 112.59155 127.39563 119.84253 97.98889 75.128174 48.03772 -5.1361084 -55.892944 -81.37207 -97.88818 -118.533325 -129.30908 -130.11475 -126.589966 -95.06836 -68.984985 -43.304443 -20.343018 -8.761597 -7.5531006 -44.0094 -27.493286 -16.616821 -5.1361084 3.5247803 3.5247803 7.1502686 10.574341 27.493286 19.839478 29.608154 21.350098 33.83789 23.565674 18.22815 5.4382324 20.846558 35.650635 34.140015 49.54834 48.44055 42.196655 40.283203 31.018066 20.040894 6.2438965 3.1219482 25.680542 37.664795 35.147095 36.758423 
3299.8992 3299.8992 3299.8992 3299.8992 3299.8992 3299.8992 3299.8992 3299.8992 3299.8992 3299.8992 3299.8992 3297.583 -815.2313 3299.8992 -3281.2683 -3264.7522 -3248.4375 -3232.4248 -3216.4124 -3200.5005 -3184.9915 -3169.7844 -3154.4768 -3138.8672 -3123.8616 -3109.0576 -3094.4548 -3079.8523 -3065.2495 -3050.8484 -3036.6484 -3022.4487 -1891.3971 853.8025 3299.8992 3299.8992 3299.8992 3299.8992 3299.8992 3299.8992 3299.8992 3299.8992 3299.8992 3299.8992 3299.8992 3299.8992 3299.8992 3299.8992 3299.8992 3299.8992 3299.8992 3297.4822 -1889.8865 3299.8992 -3278.7505 -3262.4358 -3246.121 -3229.9072 -3214.096 -3198.184 -3182.675 -3166.7632 -3151.9592 -3136.3494 -3121.344 -3106.5398 -3091.9373 -3077.3345 -3062.8325 -3048.4314 -3034.3323 -3020.2332 -1820.7001 893.78357 3299.8992 3299.8992 3299.8992 3299.8992 3299.8992 3299.8992 3299.8992 3299.8992 3299.8992 3299.8992 3299.8992 3299.8992 3299.8992 3299.8992 3299.8992 3299.8992 3299.8992 3299.0935 -2447.8088 -3292.3462 -3275.7292 -3259.2131 -3242.8984 -3226.7852 -3210.8733 -3195.1628 -3179.5532 -3164.447 -3148.7366 -3133.9324 -3118.927 -3103.9214 -3089.0166 -3074.414 -3059.912 -3045.6116 -3031.311 -3017.3125 -1433.9813 1319.4763 3299.8992 3299.8992 3299.8992 3299.8992 3299.8992 3299.8992 3299.8992 3299.8992 3299.8992 3299.8992 3299.8992 3299.8992 3299.8992 3299.8992 3299.8992 3299.8992 3299.8992 3297.0793 3291.2383 -3291.742 -3274.823 -3258.5083 -3242.2942 -3226.181 -3210.269 -3194.5586 -3178.949 -3163.8428 -3148.6357 -3133.0261 -3118.1213 -3103.3171 -3088.8152 -3074.2126 -3059.7107 -3045.3093 -3031.1096 -3017.0105 -942.1234 1872.7661 3299.8992 3299.8992 3299.8992 3299.8992 3299.8992 3299.8992 3299.8992 3299.8992 3299.8992 3299.8992 3299.8992 3299.8992 3299.8992 3299.8992 3299.8992 3299.8992 3299.8992 3291.5405 3288.0156 3299.8992 -3278.0457 -3261.731 -3245.4163 -3229.303 -3213.391 -3197.5798 -3182.0708 -3166.3604 -3150.8513 -3136.148 -3121.1426 -3106.0364 -3091.1316 -3076.5288 -3062.0269 -3047.6257 -3033.4258 -3019.3267 -1302.4567 1421.3928 3299.8992 3299.8992 3299.8992 3299.8992 3299.8992 3299.8992 3299.8992 3299.8992 3299.8992 3299.8992 3299.8992 3299.8992 3299.8992 3299.8992 3299.8992 3299.8992 3299.8992 3293.4539 3292.2454 -3290.7349 -3274.0173 -3257.6018 -3241.388 -3225.2747 -3209.3628 -3193.6523 
3299.8992 3299.8992 3299.8992 3299.8992 3299.8992 3299.8992 3299.8992 3299.8992 3299.8992 3297.9858 3282.9802 3267.6726 -1087.143 3273.0103 3288.7207 3299.8992 -3280.3618 -3265.2556 -3250.2502 -3235.3455 -3220.5413 -3205.7373 -3191.336 -3177.0354 -3162.8357 -3148.938 -3134.6375 -3120.7397 -3106.842 -3093.2463 -3079.7515 -2937.5518 -652.7893 1834.8999 3299.8992 3299.8992 3299.8992 3299.8992 3299.8992 3299.8992 3299.8992 3299.8992 3299.8992 3299.8992 3299.8992 3299.8992 3299.8992 3299.8992 3299.8992 3294.058 3279.0527 3263.6443 -2171.0632 3271.9023 3287.6128 3299.8992 -3281.4697 -3266.2627 -3251.2573 -3236.3525 -3221.6492 -3206.7444 -3192.4438 -3178.1433 -3163.8428 -3150.0457 -3135.745 -3121.8474 -3107.9497 -3094.3542 -3080.7585 -2908.5479 -654.0985 1845.0714 3299.8992 3299.8992 3299.8992 3299.8992 3299.8992 3299.8992 3299.8992 3299.8992 3299.8992 3299.8992 3299.8992 3299.8992 3299.8992 3299.8992 3299.8992 3292.749 3277.8442 3262.3352 -2647.2107 3271.9023 3287.8142 3299.8992 -3281.4697 -3266.2627 -3251.358 -3236.3525 -3221.7498 -3206.845 -3192.5444 -3178.1433 -3163.8428 -3149.5422 -3135.6445 -3121.8474 -3107.9497 -3094.3542 -3080.658 -2796.46 -449.96338 1939.2334 3299.8992 3299.8992 3299.8992 3299.8992 3299.8992 3299.8992 3299.8992 3299.8992 3299.8992 3299.8992 3299.8992 3299.8992 3299.8992 3299.8992 3299.8992 3291.0369 3276.233 3260.623 3258.8103 3272.2046 3287.915 3299.8992 -3281.2683 -3266.0613 -3251.056 -3236.1511 -3221.4478 -3207.0464 -3192.2424 -3177.942 -3163.6414 -3149.3408 -3135.443 -3121.5454 -3107.7483 -3094.1528 -3080.658 -2673.999 -292.35535 1956.5552 3299.8992 3299.8992 3299.8992 3299.8992 3299.8992 3299.8992 3299.8992 3299.8992 3299.8992 3299.8992 3299.8992 3299.8992 3299.8992 3299.8992 3299.8992 3290.0298 3275.125 3259.4146 3257.7026 3273.715 3289.4255 3299.8992 -3279.8584 -3264.6514 -3249.646 -3234.7412 -3220.0378 -3205.6365 -3190.631 -3176.7334 -3162.332 -3148.0315 -3134.2346 -3120.337 -3106.5398 -3092.8435 -3079.3486 -2724.2522 -407.96814 1956.3538 3299.8992 3299.8992 3299.8992 3299.8992 3299.8992 3299.8992 3299.8992 3299.8992 3299.8992 3299.8992 3299.8992 3299.8992 3299.8992 3299.8992 3299.8992 3291.9434 3276.8372 3261.026 3260.5225 3276.535 3292.2454 3299.8992 -3276.9377 -3261.731 -3246.7253 -3231.9214 
3207.0464 3222.2534 3237.2588 3252.1636 3267.2698 3282.2754 3296.6765 -3288.3179 -3273.5137 -3259.0117 -3244.6106 -3230.2092 621.0663 3299.8992 3299.8992 3299.8992 3299.8992 3299.8992 3289.9292 3275.125 3260.4216 3245.5168 3230.5115 3215.5059 3201.2053 3186.502 3171.3958 3156.6924 3142.4927 3128.3936 3114.5964 2636.1328 1069.7205 -295.07446 -1567.0166 -2724.9573 -3061.5234 -3272.406 3162.03 3177.4382 3192.9473 3208.255 3223.2605 3238.1653 3253.5735 3268.6797 3283.081 3298.0864 -3287.0085 -3272.5066 -3257.904 -3105.13 1878.1036 3299.8992 3299.8992 3299.8992 3299.8992 3286.6057 3271.9023 3257.2998 3242.5964 3227.7922 3212.8875 3198.285 3183.4807 3168.8782 3154.779 3139.6729 3125.5737 3111.1724 2737.2437 909.0912 -1175.5646 -2789.0076 -3237.0574 3271.298 3175.3235 3170.1873 3185.5957 3200.9033 3216.211 3231.4177 3246.7253 3261.5295 3276.7363 3291.641 3299.8992 -3279.1533 -3264.5508 -3250.0488 -3235.6475 -3221.5483 1873.3704 3299.8992 3299.8992 3299.8992 3299.8992 3299.8992 3294.2595 3279.3547 3264.5508 3249.646 3234.5398 3219.5342 3205.0322 3190.5303 3175.424 3160.3179 3146.521 3132.4219 3112.7837 1965.6189 136.25793 -1420.3857 -2849.1301 3133.5295 3149.4414 3165.0513 3180.661 3196.2708 3211.4775 3226.6846 3241.69 3256.6956 3271.4995 3286.3037 3299.8992 -3283.8867 -3269.5862 -3255.1848 -3240.7837 -3226.4832 2365.631 3299.8992 3299.8992 3299.8992 3299.8992 3299.8992 3287.4114 3272.6074 3257.7026 3242.7979 3228.296 3213.391 3198.8892 3184.2864 3169.281 3154.4768 3140.579 3126.3794 3082.672 1584.3384 -334.4513 -1942.0532 -3247.531 3136.148 3151.8584 3167.5688 3182.9773 3198.3855 3213.693 3228.7993 3244.0063 3258.9111 3273.9165 3288.8213 3299.8992 -3281.8726 -3267.2698 -3252.6672 -3238.3667 -3224.0662 2674.8047 3299.8992 3299.8992 3299.8992 3299.8992 3299.8992 3288.3179 3273.5137 3258.7097 3243.805 3228.7993 3213.9954 3199.1912 3184.4878 3170.1873 3154.9805 3140.68 3126.48 3079.8523 1627.5421 -290.4419 -1798.0408 -3073.407 3134.5366 3150.348 3166.0583 3181.5674 3196.9756 3212.2832 3227.3894 3242.7979 3257.904 3272.6074 3287.5122 3299.8992 -3282.7788 -3268.579 -3254.0771 -3239.6758 -3185.2935 3137.4573 3299.8992 3299.8992 3299.8992 3299.8992 3299.8992 3285.5986 3270.7947 
3299.8992 3299.8992 3299.8992 3299.8992 3299.8992 3299.8992 3299.8992 3299.8992 3299.8992 3299.8992 3299.8992 3299.8992 2050.1128 -3179.3518 -3163.8428 -3148.4343 -3133.1267 -3118.1213 -3103.2166 -3088.4124 -3073.8098 -3059.3079 -3045.3093 -3030.8074 -3016.6077 -3002.6091 -2988.7114 -2974.8137 -2961.2183 -2947.7234 -2934.2285 -2920.8342 -2078.2104 -690.3534 624.59106 1910.6323 2961.621 3299.8992 3299.8992 3299.8992 3299.8992 3299.8992 3299.8992 3299.8992 3299.8992 3299.8992 3299.8992 3299.8992 3299.8992 3299.8992 3299.8992 3299.8992 1424.1119 -3177.4382 -3161.6272 -3146.2188 -3131.012 -3115.9058 -3101.001 -3086.3982 -3071.7957 -3057.2937 -3042.7917 -3028.5918 -3014.694 -3000.6958 -2986.798 -2972.9004 -2959.3047 -2945.8098 -2932.2144 -2918.921 -1917.6819 -482.69348 821.77734 1969.4458 2974.5117 3299.8992 3299.8992 3299.8992 3299.8992 3299.8992 3299.8992 3299.8992 3299.8992 3299.8992 3299.8992 3299.8992 3299.8992 3299.8992 3299.8992 3299.8992 1318.4692 -3177.7405 -3162.03 -3146.6216 -3131.4148 -3116.4092 -3101.6052 -3086.801 -3072.1985 -3057.6965 -3043.5974 -3029.196 -3014.8955 -3000.9978 -2987.1 -2973.3032 -2959.607 -2946.0112 -2932.6172 -2919.223 -1885.2539 -467.18445 852.3926 2135.7146 3102.1086 3299.8992 3299.8992 3299.8992 3299.8992 3299.8992 3299.8992 3299.8992 3299.8992 3299.8992 3299.8992 3299.8992 3299.8992 3299.8992 3299.8992 3299.8992 653.595 -3176.3306 -3160.7207 -3145.3125 -3130.1055 -3115.2007 -3100.296 -3085.5925 -3070.99 -3056.488 -3042.5903 -3028.0884 -3013.8884 -2999.8901 -2985.9924 -2972.1953 -2958.7004 -2945.2056 -2931.7107 -2918.2158 -2051.724 -610.69336 862.8662 2172.2717 3261.6301 3299.8992 3299.8992 3299.8992 3299.8992 3299.8992 3299.8992 3299.8992 3299.8992 3299.8992 3299.8992 3299.8992 3299.8992 3299.8992 3299.8992 3299.8992 550.47 -3174.0142 -3158.3037 -3142.996 -3127.7893 -3112.7837 -3097.7783 -3083.2764 -3068.6736 -3054.2725 -3039.7705 -3025.772 -3011.7737 -2997.876 -2983.8774 -2970.0806 -2956.4849 -2942.99 -2929.596 -2916.2017 -1932.486 -353.58582 977.87476 2216.3818 3299.8992 3299.8992 3299.8992 3299.8992 3299.8992 3299.8992 3299.8992 3299.8992 3299.8992 3299.8992 3299.8992 3299.8992 3299.8992 3299.8992 3299.8992 3299.8992 -166.0675 -3171.7986 -3156.0881 -3140.7805 -3125.5737 -3110.568 -3095.7642 -3081.1614 
3131.1125 3147.528 3164.0442 3180.258 3196.17 3212.0818 3228.0945 3244.0063 3259.8174 3275.5278 3291.1377 -3085.794 281.27747 3299.3958 3284.2896 3269.3848 3254.1777 3239.0715 3224.0662 3209.0605 3193.8538 3178.5461 3162.9363 3147.931 3132.9253 3117.92 3102.8137 3087.6067 3073.0042 3057.898 2410.9497 993.2831 -364.26086 -1544.9615 -2522.6348 -3288.8213 3224.3682 3108.9568 3125.3723 3141.989 3158.2031 3174.5178 3190.3289 3206.7444 3222.5554 3238.568 3254.3792 3270.0896 3285.6995 3299.8992 -3283.383 -3268.0754 757.52563 3299.8992 3299.8992 3293.2524 3277.8442 3262.6372 3247.1282 3231.9214 3216.6138 3201.2053 3185.2935 3170.0867 3154.779 3139.572 3124.4658 3109.4604 3094.6562 3078.4424 2922.5464 1753.83 362.54883 -777.5665 -1712.2375 -2573.593 -3235.2446 3101.4038 3117.92 3134.5366 3150.9521 3167.4683 3183.1787 3199.594 3215.6067 3231.5186 3247.3296 3263.3423 3278.952 3294.3604 -3290.1306 -3274.823 987.442 3299.8992 3299.8992 3284.9944 3269.7876 3254.48 3239.1724 3223.9653 3208.7585 3193.35 3178.0425 3162.5334 3147.1252 3131.9182 3116.9128 3101.9072 3087.0024 3070.4863 2816.4001 1543.5516 186.71265 -840.1062 -1730.8685 -2524.649 -3202.9175 3096.5698 3113.2874 3129.904 3146.3196 3162.6343 3178.6467 3194.9614 3211.1755 3226.9866 3242.8984 3258.7097 3274.4202 3289.9292 3299.8992 -3279.0527 1191.3757 3299.8992 3294.6624 3279.5562 3264.3494 3249.1423 3234.0361 3218.7285 3203.5217 3188.214 3172.705 3157.3975 3141.989 3126.8828 3111.8774 3096.8718 3082.0679 3064.2424 2782.8643 1512.735 127.89917 -1035.4797 -1984.4513 -2781.4543 3249.7466 3096.167 3112.985 3129.602 3145.9167 3162.2314 3178.8481 3194.76 3210.5713 3226.5837 3242.4956 3258.206 3273.9165 3289.5264 3299.8992 -3209.7656 1554.9316 3299.8992 3292.2454 3277.1392 3261.8315 3246.524 3231.5186 3216.3115 3201.1047 3185.5957 3170.3887 3154.9805 3139.572 3124.5667 3109.561 3094.5557 3079.7515 3062.329 2771.3835 1425.9247 37.46338 -1035.8826 -1959.9792 -2814.2852 3087.808 3095.16 3111.8774 3128.595 3144.9097 3161.2244 3177.2368 3193.5515 3209.5642 3225.778 3241.388 3257.199 3272.9094 3288.4185 3299.8992 -3049.237 2119.098 3299.8992 3288.7207 3273.413 3258.1055 3243.0999 3227.893 3212.686 
3299.8992 3299.8992 3299.8992 3299.8992 3299.8992 3299.8992 3299.8992 3299.8992 3299.8992 3299.8992 3299.8992 3086.499 961.8622 -916.9464 -2216.986 -3145.514 -3130.6091 -3115.805 -3101.1016 -3086.5996 -3072.299 -3057.9985 -3043.7988 -3029.9011 -3015.9026 -2990.2222 -2506.421 -1938.8306 -1766.922 -1640.9363 -1323.6053 -1029.9408 -646.5454 -416.93115 -206.14929 -52.368164 120.24536 591.86096 1702.4689 2647.714 3299.8992 3299.8992 3299.8992 3299.8992 3299.8992 3299.8992 3299.8992 3299.8992 3299.8992 3299.8992 3299.8992 3199.1912 1047.0612 -731.14014 -2041.9556 -3141.3848 -3133.1267 -3118.222 -3103.5186 -3089.0166 -3074.6155 -3060.4155 -3046.3164 -3032.318 -3018.3196 -2965.9514 -2621.8323 -2335.0159 -2084.253 -1642.2455 -1162.7747 -840.0055 -512.2009 -454.69666 -213.7024 74.523926 323.0713 800.0244 1964.0076 2876.3213 3299.8992 3299.8992 3299.8992 3299.8992 3299.8992 3299.8992 3299.8992 3299.8992 3299.8992 3299.8992 3299.8992 3221.045 1133.9722 -625.49744 -1998.9532 -3154.6782 -3139.6729 -3124.6672 -3110.0647 -3095.462 -3080.96 -3066.7603 -3052.5603 -3038.562 -3024.5635 -3010.7666 -2618.4082 -2096.0356 -1812.1399 -1473.8617 -1044.8456 -829.43115 -623.7854 -457.11365 -226.08948 -6.8481445 23.666382 357.51343 1506.0883 2285.4675 3299.8992 3299.8992 3299.8992 3299.8992 3299.8992 3299.8992 3299.8992 3299.8992 3299.8992 3299.8992 3299.8992 3049.1362 824.19434 -867.7002 -2080.9294 -3150.4485 -3135.3423 -3120.4375 -3105.7341 -3091.2322 -3076.831 -3062.631 -3048.532 -3034.5337 -3020.5352 -3006.6375 -2716.2964 -2370.868 -2090.5974 -1756.0455 -1376.5778 -1103.5583 -767.1936 -394.7754 -115.10925 49.346924 207.96204 769.6106 1917.4805 2685.7817 3299.8992 3299.8992 3299.8992 3299.8992 3299.8992 3299.8992 3299.8992 3299.8992 3299.8992 3299.8992 3299.8992 2766.3481 502.13013 -1261.7706 -2555.667 -3140.7805 -3125.8757 -3111.0718 -3096.469 -3081.967 -3067.566 -3053.4668 -3039.2668 -3025.3691 -3011.3708 -2768.7651 -2352.2368 -2006.607 -1908.0139 -1767.5262 -1372.8516 -1098.0194 -745.8435 -291.24756 -120.547485 83.58765 307.36084 810.8002 2001.9745 2873.1995 3299.8992 3299.8992 3299.8992 3299.8992 3299.8992 3299.8992 3299.8992 3299.8992 3299.8992 3299.8992 3299.8992 2805.8257 561.9507 -1090.567 -2288.8916 -3142.3918 -3127.487 -3112.7837 -3098.1812 -3083.6792 

-9.466553 -11.984253 1.7120361 18.127441 16.113281 12.588501 17.321777 -12.487793 -19.134521 -29.205322 -7.2509766 -3.0212402 -33.83789 -70.29419 -75.93384 -56.09436 -31.924438 7.1502686 34.039307 43.807983 43.807983 43.807983 43.807983 43.807983 43.807983 43.807983 43.807983 43.807983 43.807983 43.807983 43.807983 43.807983 43.807983 43.807983 43.807983 43.807983 43.807983 43.807983 43.807983 43.807983 43.807983 43.807983 43.807983 43.807983 43.807983 43.807983 43.807983 43.807983 43.807983 43.807983 43.807983 43.807983 43.807983 43.807983 43.807983 43.807983 43.807983 43.807983 43.807983 43.807983 61.532593 57.60498 46.728516 55.288696 51.663208 30.615234 11.480713 -0.9063721 -1.2084961 -2.1148682 -0.60424805 -8.560181 0.30212402 10.473633 6.7474365 15.811157 41.189575 42.599487 52.06604 44.41223 19.537354 -1.2084961 -23.968506 -35.046387 -56.09436 -58.410645 -34.84497 -33.535767 -36.053467 -32.42798 -36.053467 -26.083374 -10.473633 0.20141602 9.365845 -2.8198242 -12.588501 -9.567261 -18.530273 -4.9346924 15.106201 17.22107 1.1077881 -11.279297 -6.8481445 -4.1290283 0.40283203 12.991333 18.630981 31.82373 34.140015 24.975586 40.182495 41.39099 36.4563 50.253296 63.546753 51.864624 1.0070801 -41.793823 -28.601074 -22.76001 -17.22107 2.5177002 3.3233643 7.7545166 34.84497 65.56091 84.99756 104.13208 122.561646 111.08093 69.992065 34.240723 22.457886 17.72461 6.8481445 -42.196655 -113.59863 -144.91882 -126.28784 -87.51526 -51.763916 -39.678955 -23.968506 -36.254883 -51.5625 -118.533325 -84.99756 -20.24231 25.680542 63.74817 89.02588 96.98181 100.20447 80.667114 49.346924 33.33435 15.811157 -18.630981 -66.970825 -81.674194 -74.82605 -59.518433 -51.05896 -53.274536 -48.742676 -56.69861 -48.742676 -39.98108 -20.74585 -22.055054 -21.652222 -13.293457 -27.593994 -31.82373 -14.904785 0.40283203 -5.4382324 9.466553 9.466553 9.466553 9.466553 9.466553 9.466553 9.466553 9.466553 9.466553 9.466553 9.466553 9.466553 9.466553 9.466553 9.466553 9.466553 9.466553 9.466553 9.466553 9.466553 9.466553 
34.744263 34.84497 21.551514 9.768677 10.876465 19.335938 21.652222 21.75293 16.21399 -12.890625 -37.161255 -89.02588 -95.06836 -92.85278 -78.25012 -63.446045 -48.03772 -39.276123 -77.948 -57.000732 -77.24304 -52.267456 -44.0094 -22.558594 -11.077881 18.328857 27.191162 33.43506 11.782837 -4.9346924 1.5106201 8.660889 22.76001 35.95276 43.304443 46.124268 55.08728 52.972412 36.4563 33.636475 19.134521 18.429565 15.911865 17.72461 8.761597 6.2438965 17.926025 36.4563 58.410645 56.900024 104.13208 110.476685 95.97473 68.07861 48.54126 45.01648 36.557007 32.730103 2.1148682 -3.4240723 -33.43506 -59.518433 -87.51526 -104.937744 -120.547485 -113.09509 -112.79297 -104.53491 -92.85278 -86.40747 -46.627808 -35.247803 -13.394165 15.106201 45.318604 66.6687 82.27844 91.54358 91.54358 59.317017 19.033813 29.205322 32.93152 42.196655 43.203735 31.723022 6.7474365 -27.191162 -60.021973 -74.020386 -62.942505 -45.92285 -29.507446 -10.574341 8.560181 12.487793 21.75293 22.155762 -2.7191162 -12.789917 -21.047974 -28.80249 -49.54834 -50.354004 -72.10693 -55.59082 -51.965332 -50.05188 -41.99524 -47.634888 -39.678955 -57.10144 -58.10852 -61.73401 -43.00232 -25.579834 -8.056641 7.9559326 18.429565 20.846558 33.83789 43.304443 31.32019 11.178589 -9.970093 -19.537354 -12.286377 -8.862305 -13.293457 -33.535767 -3.4240723 -17.422485 12.286377 19.638062 36.85913 39.276123 43.40515 62.74109 70.69702 109.67102 120.043945 144.01245 143.10608 177.2461 168.88733 175.93689 157.80945 93.65845 87.51526 64.65454 -5.3375244 -50.253296 -60.12268 -95.269775 -149.45068 -193.96362 -208.56628 -198.59619 -184.59778 -177.95105 -165.26184 -136.96289 -86.91101 -30.81665 -9.466553 -11.077881 -13.192749 -21.24939 -17.825317 -11.984253 7.3516846 0.60424805 22.055054 17.825317 13.897705 17.523193 24.77417 43.103027 38.168335 32.83081 21.24939 32.730103 27.493286 32.42798 6.6467285 -10.070801 -36.758423 -34.94568 -39.98108 -27.996826 -16.415405 -1.8127441 13.595581 22.76001 26.889038 31.32019 10.574341 -0.50354004 -0.20141602 35.247803 
-3178.1433 -3162.9363 -3147.3267 -3132.6233 -3117.6177 -3102.5115 -3087.7075 -3073.1047 -3058.5022 -3044.3022 -3030.1025 -2994.5525 -673.63586 2151.828 3299.8992 3299.8992 3299.8992 3299.8992 3299.8992 3299.8992 3299.8992 3299.8992 3299.8992 3299.8992 3299.8992 3299.8992 3299.8992 3299.8992 3299.8992 3299.8992 3299.8992 3289.224 3290.7349 -3292.4468 -3275.7292 -3259.314 -3242.9993 -3226.9866 -3211.1755 -3195.465 -3179.7546 -3163.9434 -3149.1394 -3133.6304 -3118.6248 -3104.0222 -3089.218 -3074.716 -3060.214 -3045.9136 -3031.7139 -3011.1694 -802.6428 1998.349 3299.8992 3299.8992 3299.8992 3299.8992 3299.8992 3299.8992 3299.8992 3299.8992 3299.8992 3299.8992 3299.8992 3299.8992 3299.8992 3299.8992 3299.8992 3299.8992 3299.8992 3287.6128 3293.2524 -3289.8284 -3273.2117 -3256.7961 -3240.4814 -3224.5696 -3208.7585 -3193.048 -3177.4382 -3162.2314 -3146.6216 -3131.9182 -3116.9128 -3101.9072 -3087.0024 -3072.299 -3057.898 -3043.5974 -3029.4983 -2825.5645 -427.4048 2386.5784 3299.8992 3299.8992 3299.8992 3299.8992 3299.8992 3299.8992 3299.8992 3299.8992 3299.8992 3299.8992 3299.8992 3299.8992 3299.8992 3299.8992 3299.8992 3299.8992 3299.8992 3201.2053 3293.756 -3289.224 -3272.708 -3256.2927 -3240.0786 -3224.0662 -3208.1543 -3192.4438 -3176.834 -3161.8286 -3146.7224 -3131.1125 -3116.1072 -3101.4038 -3086.9019 -3072.299 -3057.797 -3043.4966 -3029.3975 -2843.1885 -342.81006 2531.3965 3299.8992 3299.8992 3299.8992 3299.8992 3299.8992 3299.8992 3299.8992 3299.8992 3299.8992 3299.8992 3299.8992 3299.8992 3299.8992 3299.8992 3299.8992 3299.8992 3299.8992 2910.7634 3295.166 -3287.915 -3271.298 -3254.8828 -3238.6687 -3222.7568 -3206.9458 -3191.1345 -3175.525 -3159.915 -3144.5068 -3129.904 -3114.8987 -3099.893 -3084.8877 -3070.3857 -3056.0852 -3041.6838 -3027.4841 -2584.8723 129.40979 3016.9097 3299.8992 3299.8992 3299.8992 3299.8992 3299.8992 3299.8992 3299.8992 3299.8992 3299.8992 3299.8992 3299.8992 3299.8992 3299.8992 3299.8992 3299.8992 3299.8992 3299.8992 2572.8882 3293.9575 -3289.1235 -3272.5066 -3256.192 -3239.978 -3223.8647 -3208.0535 -3192.4438 
-3217.3186 -3203.018 -3188.1133 -3173.9136 -3159.613 -3145.3125 -3131.6162 -3117.6177 -3103.8208 -3090.1245 -3076.6296 -2384.4634 271.8109 2439.047 3299.8992 3299.8992 3299.8992 3299.8992 3299.8992 3299.8992 3299.8992 3299.8992 3299.8992 3299.8992 3299.8992 3299.8992 3299.8992 3299.8992 3299.8992 3287.915 3273.0103 3253.372 3259.2131 3275.125 3290.8354 3299.8992 -3278.4485 -3263.2415 -3248.236 -3233.432 -3218.7285 -3204.428 -3189.624 -3175.2227 -3161.1235 -3146.7224 -3132.9253 -3119.1284 -3105.3313 -3091.5344 -3078.0396 -2516.0889 -112.39014 2077.002 3299.8992 3299.8992 3299.8992 3299.8992 3299.8992 3299.8992 3299.8992 3299.8992 3299.8992 3299.8992 3299.8992 3299.8992 3299.8992 3299.8992 3299.8992 3290.5334 3275.6287 3246.222 3263.04 3279.1533 3294.7632 -3289.8284 -3274.6216 -3259.5154 -3244.5098 -3229.605 -3215.0024 -3200.702 -3185.8977 -3171.5972 -3157.3975 -3143.097 -3129.2998 -3115.503 -3101.7058 -3088.1104 -3074.6155 -2053.6377 353.08228 2638.0461 3299.8992 3299.8992 3299.8992 3299.8992 3299.8992 3299.8992 3299.8992 3299.8992 3299.8992 3299.8992 3299.8992 3299.8992 3299.8992 3299.8992 3299.8992 3287.5122 3272.6074 2942.7886 3263.3423 3279.1533 3294.8638 -3289.7278 -3274.5208 -3259.314 -3244.4092 -3229.605 -3214.801 -3200.1982 -3185.8977 -3171.4966 -3157.2966 -3143.4998 -3129.1992 -3115.3015 -3101.6052 -3088.0095 -3074.6155 -1957.3608 657.32117 2795.755 3299.8992 3299.8992 3299.8992 3299.8992 3299.8992 3299.8992 3299.8992 3299.8992 3299.8992 3299.8992 3299.8992 3299.8992 3299.8992 3299.8992 3299.8992 3285.2966 3270.1904 2602.9998 3262.8386 3278.7505 3294.3604 3299.8992 -3275.0244 -3259.9182 -3244.9126 -3230.1086 -3215.4053 -3200.601 -3186.4014 -3172 -3157.8003 -3143.9026 -3129.8035 -3115.9058 -3102.1086 -3088.6138 -3075.119 -2019.6991 555.6061 2939.9688 3299.8992 3299.8992 3299.8992 3299.8992 3299.8992 3299.8992 3299.8992 3299.8992 3299.8992 3299.8992 3299.8992 3299.8992 3299.8992 3299.8992 3299.8992 3285.1958 3270.1904 2218.5974 3264.7522 3280.5632 3296.0723 -3288.4185 -3273.1108 -3258.1055 -3243.2007 -3228.3965 
3255.789 3240.985 3226.2817 3211.5784 3196.9756 3182.4736 3167.4683 3152.5635 3138.6658 3124.3652 2901.599 1274.1577 -579.17175 -2106.2073 3176.834 3138.6658 3154.3762 3170.0867 3185.5957 3200.9033 3216.211 3231.4177 3246.222 3261.3281 3276.4343 3291.339 3299.8992 -3279.4556 -3264.7522 -3250.3508 -3235.9497 -3007.7454 3299.8992 3299.8992 3299.8992 3299.8992 3299.8992 3299.8992 3286.908 3272.2046 3257.199 3242.5964 3227.2888 3212.686 3197.9827 3183.4807 3168.4753 3153.5706 3139.7734 3125.473 2885.6873 1135.3821 -631.74133 -2109.6313 -3215.808 3140.0757 3155.8867 3171.4966 3187.0056 3202.4138 3217.52 3232.8276 3247.7324 3262.8386 3277.4414 3292.2454 -3292.6482 -3278.0457 -3263.745 -3249.2432 -3235.0432 -2761.1113 3299.8992 3299.8992 3299.8992 3299.8992 3299.8992 3299.8992 3285.6995 3270.8953 3256.0913 3241.1865 3226.4832 3211.7798 3197.2778 3182.5745 3167.6697 3152.765 3138.8672 3124.6672 2889.8162 1222.6959 -658.22754 -2170.0562 3152.2612 3139.8743 3155.6853 3171.1943 3186.7034 3202.1118 3217.3186 3232.5256 3247.4304 3262.5366 3277.542 3292.4468 3299.8992 -3278.247 -3263.6443 -3249.1423 -3234.7412 -2450.3264 3299.8992 3299.8992 3299.8992 3299.8992 3299.8992 3298.7915 3283.9873 3269.1833 3254.48 3239.5752 3224.5696 3209.5642 3194.9614 3180.5603 3165.6555 3150.7507 3137.0544 3122.754 2720.1233 884.51843 -884.0149 -2317.7947 3126.3794 3141.989 3157.6995 3173.41 3188.7175 3204.126 3219.4336 3234.5398 3249.4446 3264.45 3279.1533 3293.9575 -3290.9363 -3276.3335 -3262.1338 -3247.531 -3233.3313 -2217.1875 3299.8992 3299.8992 3299.8992 3299.8992 3299.8992 3299.0935 3284.3901 3269.5862 3254.6814 3239.978 3225.1738 3210.5713 3195.465 3180.8623 3166.6626 3151.5564 3137.155 3122.9553 2704.2114 798.3124 -1000.53406 -2391.211 3127.89 3143.9026 3159.5122 3175.122 3190.631 3206.0393 3221.1455 3236.2517 3251.5593 3266.464 3281.6711 3296.475 -3289.1235 -3274.2188 -3259.616 -3245.3154 -3230.8135 -1781.2225 3299.8992 3299.8992 3299.8992 3299.8992 3299.8992 3299.1943 3284.3901 3269.5862 
-3066.5588 -3052.1575 -3037.6555 -3023.5564 -3009.6587 -2995.6604 -2981.7627 -2968.167 -2954.37 -2940.7744 -2927.481 -2911.3677 -1719.69 -243.10913 1161.8683 2430.1848 3299.8992 3299.8992 3299.8992 3299.8992 3299.8992 3299.8992 3299.8992 3299.8992 3299.8992 3299.8992 3299.8992 3299.8992 3299.8992 3299.8992 3299.8992 3299.8992 -335.8612 -3172.2014 -3156.6924 -3141.3848 -3126.178 -3111.1724 -3096.469 -3081.7656 -3067.163 -3052.7617 -3038.2598 -3024.2615 -3010.263 -2996.3652 -2982.4675 -2968.7712 -2955.075 -2941.58 -2928.0852 -2914.7917 -1890.8936 -516.22925 872.937 2085.3606 3299.8992 3299.8992 3299.8992 3299.8992 3299.8992 3299.8992 3299.8992 3299.8992 3299.8992 3299.8992 3299.8992 3299.8992 3299.8992 3299.8992 3299.8992 3299.8992 -937.39014 -3164.9504 -3149.3408 -3134.0332 -3118.927 -3104.0222 -3089.3188 -3074.6155 -3060.1135 -3045.7122 -3031.8145 -3017.4133 -3003.2134 -2989.3157 -2975.5188 -2961.923 -2948.2268 -2934.732 -2921.4385 -2870.0774 -1607.6019 -70.999146 1332.2662 2515.2832 3299.8992 3299.8992 3299.8992 3299.8992 3299.8992 3299.8992 3299.8992 3299.8992 3299.8992 3299.8992 3299.8992 3299.8992 3299.8992 3299.8992 3299.8992 3299.8992 -1523.41 -3163.8428 -3148.4343 -3133.1267 -3118.0205 -3103.0151 -3088.3118 -3073.709 -3059.207 -3044.705 -3030.4045 -3016.4062 -3002.4077 -2988.6108 -2974.7131 -2961.1174 -2947.4211 -2934.027 -2920.6328 -2660.5042 -1209.6039 286.31287 1588.4674 2802.2002 3299.8992 3299.8992 3299.8992 3299.8992 3299.8992 3299.8992 3299.8992 3299.8992 3299.8992 3299.8992 3299.8992 3299.8992 3299.8992 3299.8992 3299.8992 3299.8992 -1810.73 -3168.576 -3152.9663 -3137.6587 -3122.653 -3107.6477 -3092.743 -3078.1401 -3063.6382 -3049.237 -3034.735 -3020.7366 -3006.7383 -2992.8406 -2979.0435 -2965.3472 -2951.651 -2938.156 -2924.8625 -2586.1816 -1212.2223 204.63867 1361.8744 2491.818 3299.8992 3299.8992 3299.8992 3299.8992 3299.8992 3299.8992 3299.8992 3299.8992 3299.8992 3299.8992 3299.8992 3299.8992 3299.8992 3299.8992 3299.8992 3277.8442 -2564.026 -3166.0583 -3150.4485 -3135.3423 -3120.1355 -3105.2307 -3090.5273 -3075.9246 
3197.3784 3182.1716 3166.2598 3151.2542 3136.0474 3121.0417 3106.137 3091.1316 3076.4282 3057.797 2555.7678 1204.5685 -145.12024 -1203.9642 -2095.3308 -2947.0183 3080.2551 3097.0732 3113.7908 3130.2063 3146.6216 3163.037 3178.6467 3195.2637 3211.1755 3227.0874 3243.0999 3258.7097 3274.5208 3290.0298 3299.8992 -2833.319 2387.2832 3299.8992 3288.1165 3273.1108 3257.7026 3242.7979 3227.3894 3212.1826 3197.0764 3181.7688 3165.857 3150.9521 3135.6445 3120.5383 3105.6335 3090.8293 3076.126 3057.5957 2574.6 1127.3254 -207.76062 -1343.6462 -2293.927 -3090.9302 3082.7727 3099.4902 3116.2078 3132.7239 3149.24 3165.5547 3181.2651 3197.6807 3213.693 3229.605 3245.6177 3261.2273 3276.9377 3292.4468 -3291.9434 -2662.7197 2660.5042 3299.8992 3289.0227 3273.9165 3258.609 3243.402 3228.296 3213.0889 3197.882 3182.5745 3166.4612 3151.657 3136.4502 3121.4446 3106.3384 3091.635 3076.831 3057.2937 2425.0488 997.91565 -294.77234 -1276.8768 -2068.643 -2834.4268 3082.3699 3099.0874 3115.805 3132.2205 3148.8372 3165.1519 3180.8623 3197.2778 3213.2903 3229.1016 3245.114 3260.8245 3276.535 3292.044 3299.8992 -2405.5115 3053.6682 3299.8992 3286.4043 3271.298 3255.9905 3240.985 3225.778 3210.6719 3195.3643 3180.0566 3164.0442 3149.0386 3134.0332 3118.927 3103.9214 3089.0166 3074.414 3055.5815 2561.0046 1139.6118 -167.98096 -1186.1389 -2043.0634 -2828.2837 3077.4353 3094.3542 3111.1724 3127.6885 3144.0032 3160.4187 3176.2297 3192.6453 3208.7585 3224.771 3240.5823 3256.192 3272.0032 3287.6128 3299.8992 -2087.0728 3299.8992 3295.0652 3279.959 3264.8528 3249.7466 3234.5398 3219.2322 3204.2266 3188.919 3173.6113 3158.2031 3142.996 3127.6885 3112.5823 3097.7783 3082.974 3068.1702 3048.3306 2205.7068 688.33923 -632.6477 -1553.2196 -2435.5225 -3215.103 3083.377 3100.1953 3116.9128 3133.3281 3149.8442 3165.9575 3182.4736 3198.4863 3214.1968 3230.2092 3246.0205 3261.731 3277.4414 3292.9504 -3291.641 -1838.324 3299.8992 3298.892 3283.786 3268.579 3253.372 3238.1653 3222.9583 3207.7515 
-3069.3787 -3054.9773 -3040.979 -3026.9805 -3012.9822 -2998.9836 -2677.1208 -2367.4438 -2118.1914 -1845.1721 -1321.4905 -1049.3774 -730.13306 -451.3733 -206.65283 15.206909 190.43884 698.51074 1893.8141 2708.844 3299.8992 3299.8992 3299.8992 3299.8992 3299.8992 3299.8992 3299.8992 3299.8992 3299.8992 3299.8992 3299.8992 2783.0657 614.41956 -991.67175 -2250.119 -3136.5508 -3121.5454 -3106.6406 -3092.1387 -3077.6367 -3063.3362 -3049.0356 -3035.3394 -3021.3408 -3007.141 -2993.344 -2877.6306 -2562.1123 -2338.1377 -1902.0721 -1245.3552 -948.2666 -589.7461 -242.20276 41.693115 341.19873 531.53687 1108.1909 2343.173 2978.54 3299.8992 3299.8992 3299.8992 3299.8992 3299.8992 3299.8992 3299.8992 3299.8992 3299.8992 3299.8992 3299.8992 2349.3164 59.71985 -1347.9767 -2642.4773 -3131.012 -3116.0063 -3101.4038 -3086.801 -3072.4 -3058.0994 -3043.7988 -3029.9011 -3015.802 -3002.005 -2988.1072 -2634.4207 -2273.0803 -1938.8306 -1642.3462 -1414.9475 -1127.0233 -628.31726 -219.94629 67.977905 155.29175 333.74634 1055.5206 2421.9268 3180.4595 3299.8992 3299.8992 3299.8992 3299.8992 3299.8992 3299.8992 3299.8992 3299.8992 3299.8992 3299.8992 3299.8992 2315.8813 90.33508 -1497.5281 -2751.8462 -3127.89 -3112.985 -3098.2817 -3083.7798 -3069.4792 -3055.0781 -3041.1804 -3026.9805 -3012.9822 -2999.185 -2844.397 -2453.549 -2081.3323 -1798.4436 -1601.6602 -1200.4395 -863.0676 -508.0719 -377.95715 -279.1626 -92.14783 157.60803 947.9645 2288.6902 2997.9766 3299.8992 3299.8992 3299.8992 3299.8992 3299.8992 3299.8992 3299.8992 3299.8992 3299.8992 3299.8992 3299.8992 2249.817 -20.846558 -1525.2228 -2823.1475 -3123.6602 -3108.8562 -3094.1528 -3079.55 -3065.2495 -3051.0498 -3036.8499 -3022.9521 -3009.0544 -2995.2576 -2810.6597 -2363.0127 -2006.3049 -1725.9338 -1330.957 -975.35706 -620.9656 -191.34521 170.49866 403.23486 525.8972 701.9348 1425.3204 2612.4663 3299.8992 3299.8992 3299.8992 3299.8992 3299.8992 3299.8992 3299.8992 3299.8992 3299.8992 3299.8992 3299.8992 3299.8992 1949.6063 -206.04858 -1731.1707 -2914.1875 -3136.9536 -3121.9482 -3107.3455 -3092.743 -3078.241 

-21.75293 -28.500366 -25.378418 -25.579834 -19.839478 -7.0495605 -0.50354004 3.9276123 -2.2155762 -15.911865 -17.120361 -22.457886 -27.694702 -32.125854 -19.537354 1.4099121 35.85205 70.29419 84.49402 78.25012 69.79065 41.088867 37.564087 38.269043 38.772583 43.304443 34.140015 1.1077881 -14.401245 -21.853638 -23.364258 -1.6113281 12.084961 -17.72461 -20.846558 -33.132935 -28.198242 -5.8410645 14.602661 18.328857 18.328857 18.328857 18.328857 18.328857 18.328857 18.328857 18.328857 18.328857 18.328857 18.328857 18.328857 18.328857 18.328857 18.328857 18.328857 18.328857 18.328857 18.328857 18.328857 18.328857 -84.49402 -78.048706 -62.036133 -46.5271 -28.701782 -15.307617 -0.70495605 0.20141602 -5.4382324 -32.528687 -11.480713 -23.162842 -17.321777 -7.0495605 -3.3233643 -10.171509 -17.22107 -20.443726 -2.7191162 19.940186 42.90161 54.785156 63.24463 75.83313 95.37048 121.45386 146.12732 159.7229 139.98413 102.01721 61.6333 -11.380005 -105.23987 -146.83228 -119.74182 -77.041626 -26.385498 -8.358765 -18.22815 -20.947266 -20.947266 -20.947266 -20.947266 -20.947266 -20.947266 -20.947266 -20.947266 -20.947266 -20.947266 -20.947266 -20.947266 -20.947266 -20.947266 -20.947266 -20.947266 -20.947266 -20.947266 -20.947266 -20.947266 -20.947266 -5.7403564 -3.3233643 -17.72461 -19.537354 -27.493286 -30.917358 -16.818237 8.761597 27.996826 49.54834 70.19348 67.37366 67.57507 58.61206 70.89844 64.956665 53.475952 26.385498 10.775757 -2.2155762 -25.982666 -51.159668 -74.12109 -56.900024 -16.516113 -0.50354004 1.5106201 25.78125 43.304443 51.763916 17.523193 -32.42798 -56.295776 -81.170654 -84.89685 -71.90552 -66.56799 -63.546753 -55.792236 -36.557007 -22.659302 -19.134521 -4.3304443 9.063721 22.155762 27.996826 31.32019 34.34143 29.104614 10.775757 3.5247803 22.457886 26.385498 36.4563 45.92285 35.046387 31.32019 26.78833 25.177002 45.822144 45.822144 45.822144 45.822144 45.822144 45.822144 45.822144 45.822144 45.822144 45.822144 45.822144 45.822144 45.822144 45.822144 45.822144 45.822144 45.822144 45.822144 45.822144 45.822144 45.822144 
30.917358 46.224976 48.641968 40.98816 29.910278 13.998413 -8.358765 -34.44214 -66.36658 -83.184814 -65.963745 -60.72693 -33.636475 -22.659302 -11.581421 -0.10070801 37.161255 71.20056 87.81738 68.28003 68.68286 64.453125 62.438965 77.142334 67.977905 77.74658 51.260376 24.673462 -37.060547 -67.77649 -73.91968 -62.438965 -38.772583 -35.751343 -65.66162 -69.08569 -44.311523 -13.293457 13.092041 16.71753 10.473633 15.206909 18.429565 7.9559326 -17.623901 -35.046387 -38.87329 -24.27063 -20.24231 -15.307617 2.5177002 14.703369 57.20215 62.338257 84.99756 96.67969 81.37207 63.345337 49.749756 23.867798 9.063721 12.084961 -9.265137 -5.5389404 -37.664795 -60.72693 -88.92517 -92.34924 -127.697754 -149.34998 -133.53882 -127.697754 -107.35474 -81.97632 -59.71985 -43.103027 -32.42798 -18.530273 23.464966 48.44055 72.509766 77.645874 83.88977 96.98181 109.26819 117.526245 131.82678 155.69458 149.7528 134.24377 113.80005 69.58923 44.0094 -7.0495605 -18.73169 -27.191162 -33.43506 -31.82373 -58.007812 -83.184814 -79.055786 -101.01013 -126.18713 -119.036865 -128.60413 -136.76147 -129.00696 -83.78906 -61.029053 -24.069214 -6.9488525 11.077881 26.687622 23.867798 22.457886 26.385498 29.910278 29.608154 30.917358 21.75293 34.44214 24.371338 23.162842 24.673462 8.157349 9.667969 -5.4382324 -7.0495605 4.4311523 36.657715 53.274536 64.85596 65.3595 79.96216 86.8103 80.36499 87.716675 82.177734 54.785156 23.666382 19.940186 13.394165 17.926025 43.606567 60.22339 62.64038 43.707275 44.311523 28.500366 24.874878 15.408325 -0.30212402 -44.613647 -108.76465 -141.79688 -115.7135 -79.96216 -60.928345 -35.549927 -30.715942 -46.325684 -29.30603 -21.24939 -11.782837 -10.977173 -12.487793 -25.479126 -23.76709 -29.80957 0.20141602 4.2297363 7.8552246 -2.6184082 16.012573 20.74585 27.29187 35.147095 48.641968 40.48462 31.622314 47.03064 48.339844 60.12268 83.688354 86.40747 91.94641 43.304443 -12.286377 -68.17932 -117.12341 -157.50732 -162.64343 -124.77722 -87.213135 -47.332764 -15.106201 -8.560181 -13.293457 1.4099121 -6.2438965 
-3176.834 -3161.6272 -3146.1182 -3131.4148 -3116.3086 -3101.4038 -3086.5996 -3071.997 -3057.495 -3043.1946 -3028.9946 -2364.3218 425.1892 3297.1802 3299.8992 3299.8992 3299.8992 3299.8992 3299.8992 3299.8992 3299.8992 3299.8992 3299.8992 3299.8992 3299.8992 3299.8992 3299.8992 3299.8992 3299.8992 3299.8992 3295.8708 2100.769 3291.4397 -3291.742 -3275.125 -3258.8103 -3242.5964 -3226.4832 -3210.5713 -3194.8608 -3179.251 -3163.6414 -3148.7366 -3133.1267 -3118.222 -3103.6194 -3088.8152 -3074.3132 -3059.912 -3045.6116 -3031.4116 -2267.642 539.99634 3287.21 3299.8992 3299.8992 3299.8992 3299.8992 3299.8992 3299.8992 3299.8992 3299.8992 3299.8992 3299.8992 3299.8992 3299.8992 3299.8992 3299.8992 3299.8992 3299.8992 3293.2524 1432.6721 3291.2383 -3292.044 -3275.4272 -3259.0117 -3242.7979 -3226.7852 -3210.974 -3195.1628 -3179.5532 -3164.5476 -3148.938 -3134.1338 -3119.1284 -3104.2236 -3089.3188 -3074.6155 -3060.214 -3045.813 -3031.7139 -2299.2644 576.1505 3299.8992 3299.8992 3299.8992 3299.8992 3299.8992 3299.8992 3299.8992 3299.8992 3299.8992 3299.8992 3299.8992 3299.8992 3299.8992 3299.8992 3299.8992 3299.8992 3299.8992 3291.8425 688.33923 3292.1448 -3291.1377 -3274.5208 -3258.206 -3241.9922 -3225.9795 -3210.0676 -3194.3572 -3178.7476 -3163.1377 -3148.233 -3132.7239 -3117.819 -3103.0151 -3088.5132 -3073.9104 -3059.5093 -3045.108 -3031.0088 -1926.5442 864.57825 3299.8992 3299.8992 3299.8992 3299.8992 3299.8992 3299.8992 3299.8992 3299.8992 3299.8992 3299.8992 3299.8992 3299.8992 3299.8992 3299.8992 3299.8992 3299.8992 3299.8992 3289.627 -40.38391 3291.8425 -3291.339 -3274.7222 -3258.4075 -3242.1936 -3226.181 -3210.3699 -3194.6594 -3179.1504 -3163.339 -3148.0315 -3133.2275 -3118.3228 -3103.2166 -3088.5132 -3073.9104 -3059.4084 -3045.108 -3030.9082 -1756.9519 1185.2325 3299.8992 3299.8992 3299.8992 3299.8992 3299.8992 3299.8992 3299.8992 3299.8992 3299.8992 3299.8992 3299.8992 3299.8992 3299.8992 3299.8992 3299.8992 3299.8992 3299.8992 3286.7065 -1054.4128 3291.5405 -3291.641 -3275.125 -3258.8103 -3242.5964 -3226.5837 -3210.6719 -3194.9614 
-3213.5925 -3198.8892 -3184.9915 -3170.3887 -3156.189 -3142.3918 -3128.0913 -3114.1936 -3100.4973 -3086.9019 -3073.5076 -1446.3684 1010.8063 3240.28 3299.8992 3299.8992 3299.8992 3299.8992 3299.8992 3299.8992 3299.8992 3299.8992 3299.8992 3299.8992 3299.8992 3299.8992 3299.8992 3299.8992 3296.0723 3281.2683 3266.162 1702.3682 3262.9395 3278.7505 3294.3604 3299.8992 -3275.0244 -3259.9182 -3244.9126 -3230.2092 -3215.5059 -3200.702 -3186.502 -3172.1008 -3157.901 -3144.104 -3129.8035 -3116.0063 -3102.31 -3088.6138 -3075.119 -1524.7192 817.1448 3044.5037 3299.8992 3299.8992 3299.8992 3299.8992 3299.8992 3299.8992 3299.8992 3299.8992 3299.8992 3299.8992 3299.8992 3299.8992 3299.8992 3299.8992 3296.2737 3281.369 3266.3635 1200.238 3264.7522 3280.5632 3296.173 -3288.4185 -3273.2117 -3258.1055 -3243.2007 -3228.3965 -3213.693 -3199.3926 -3184.79 -3170.3887 -3156.189 -3142.3918 -3128.1921 -3114.2944 -3100.5981 -3087.0024 -3073.5076 -1266.1011 1547.4792 3299.8992 3299.8992 3299.8992 3299.8992 3299.8992 3299.8992 3299.8992 3299.8992 3299.8992 3299.8992 3299.8992 3299.8992 3299.8992 3299.8992 3299.8992 3291.742 3276.8372 3261.8315 404.04053 3262.738 3278.549 3294.159 3299.8992 -3275.3264 -3260.1196 -3245.2148 -3230.4106 -3215.6067 -3201.004 -3186.7034 -3172.4028 -3158.2031 -3143.9026 -3130.2063 -3116.3086 -3102.5115 -3088.916 -3075.3203 -1187.6495 950.885 3183.3801 3299.8992 3299.8992 3299.8992 3299.8992 3299.8992 3299.8992 3299.8992 3299.8992 3299.8992 3299.8992 3299.8992 3299.8992 3299.8992 3299.8992 3293.3533 3278.549 3263.3423 -173.31848 3266.0613 3281.7717 3297.2808 -3287.4114 -3272.1038 -3256.9976 -3242.0928 -3227.2888 -3212.686 -3198.3855 -3183.783 -3169.3816 -3155.2825 -3140.982 -3127.185 -3113.2874 -3099.591 -3086.0962 -3070.5872 -973.1415 1540.2283 3299.8992 3299.8992 3299.8992 3299.8992 3299.8992 3299.8992 3299.8992 3299.8992 3299.8992 3299.8992 3299.8992 3299.8992 3299.8992 3299.8992 3299.8992 3291.2383 3276.4343 3261.1267 -968.4082 3266.0613 3281.6711 3297.2808 -3287.3108 -3272.1038 -3256.9976 -3242.0928 -3227.2888 
3254.6814 3239.8772 3224.771 3209.7656 3195.465 3180.7617 3165.857 3150.9521 3137.155 3122.653 2520.4192 632.9498 -1137.8998 -2559.8967 3130.9111 3146.7224 3162.5334 3178.1433 3193.451 3208.8591 3223.9653 3239.273 3254.0771 3269.284 3283.786 3298.59 -3286.203 -3271.8018 -3257.5012 -3242.9993 -3228.9001 -1380.4047 3299.8992 3299.8992 3299.8992 3299.8992 3299.8992 3299.295 3284.491 3269.8882 3254.8828 3239.8772 3225.1738 3210.5713 3195.465 3180.8623 3166.7632 3151.5564 3137.3564 3123.056 2658.3892 798.7152 -886.4319 -2249.3132 3164.8499 3142.4927 3158.2031 3173.8127 3189.3218 3204.6294 3219.937 3235.0432 3250.2502 3265.2556 3280.2612 3294.8638 -3290.0298 -3275.5278 -3261.2273 -3246.7253 -3232.5256 -955.11475 3299.8992 3299.8992 3299.8992 3299.8992 3299.8992 3293.9575 3279.3547 3264.5508 3249.5452 3234.7412 3220.0378 3205.133 3190.8325 3176.2297 3161.325 3146.4202 3132.7239 3117.7185 2327.4626 308.2672 -1451.001 -2845.3032 3132.019 3147.528 3163.339 3178.949 3194.3572 3209.7656 3224.9724 3240.0786 3254.9834 3269.8882 3284.5916 3299.4963 -3285.5986 -3270.996 -3256.6956 -3242.2942 -3228.0945 -428.41187 3299.8992 3299.8992 3299.8992 3299.8992 3299.8992 3296.173 3281.369 3266.464 3251.7607 3236.856 3222.052 3207.4492 3192.5444 3177.942 3163.6414 3148.5352 3134.2346 3116.812 2172.876 250.86365 -1363.0829 -2673.1934 3132.9253 3148.7366 3164.447 3180.0566 3195.3643 3210.6719 3225.9795 3240.985 3256.2927 3271.399 3286.0015 3299.8992 -3284.1887 -3269.6868 -3255.3862 -3240.985 -3226.6846 -67.67578 3299.8992 3299.8992 3299.8992 3299.8992 3299.8992 3296.0723 3281.2683 3266.3635 3251.8616 3236.7554 3221.9512 3207.0464 3192.7458 3178.1433 3163.1377 3148.3337 3134.5366 3117.1143 2254.0466 310.07996 -1331.3599 -2686.6882 3132.6233 3148.4343 3164.2456 3179.6538 3195.1628 3210.4705 3225.6775 3240.8843 3255.789 3270.4924 3285.6995 3299.8992 -3285.1958 -3270.1904 -3255.6885 -3241.287 -3226.9866 561.44714 3299.8992 3299.8992 3299.8992 3299.8992 3299.8992 3293.5547 3278.65 3263.9465 
-3061.322 -3046.9207 -3033.023 -3018.7224 -3004.5227 -2990.7256 -2976.828 -2963.031 -2949.6367 -2936.0413 -2922.647 -2771.6858 -1348.883 133.84094 1425.0183 2653.8574 3299.8992 3299.8992 3299.8992 3299.8992 3299.8992 3299.8992 3299.8992 3299.8992 3299.8992 3299.8992 3299.8992 3299.8992 3299.8992 3299.8992 3299.8992 3192.9473 -2759.198 -3162.9363 -3147.3267 -3132.019 -3117.0134 -3102.008 -3087.3047 -3072.702 -3058.2 -3043.7988 -3029.9011 -3015.6006 -3001.5015 -2987.6038 -2973.8066 -2960.1104 -2946.7163 -2933.1206 -2919.6257 -2642.5781 -1238.0035 250.56152 1722.8119 2810.6597 3299.8992 3299.8992 3299.8992 3299.8992 3299.8992 3299.8992 3299.8992 3299.8992 3299.8992 3299.8992 3299.8992 3299.8992 3299.8992 3299.8992 3299.8992 2952.658 -3100.0945 -3161.8286 -3146.3196 -3131.012 -3116.0063 -3101.001 -3086.2976 -3071.7957 -3057.1929 -3042.8923 -3028.5918 -3014.4927 -3000.595 -2986.6973 -2973.001 -2959.3047 -2945.7092 -2932.315 -2918.921 -2252.234 -836.2793 575.9491 1921.8109 3020.636 3299.8992 3299.8992 3299.8992 3299.8992 3299.8992 3299.8992 3299.8992 3299.8992 3299.8992 3299.8992 3299.8992 3299.8992 3299.8992 3299.8992 3299.8992 2623.4436 -3180.5603 -3164.749 -3149.3408 -3134.0332 -3119.0276 -3104.1228 -3089.3188 -3074.817 -3060.1135 -3045.9136 -3031.9153 -3017.514 -3003.4148 -2989.4165 -2975.7202 -2962.024 -2948.4282 -2934.9333 -2921.64 -2360.1929 -918.9606 431.2317 1872.0612 3116.51 3299.8992 3299.8992 3299.8992 3299.8992 3299.8992 3299.8992 3299.8992 3299.8992 3299.8992 3299.8992 3299.8992 3299.8992 3299.8992 3299.8992 3299.8992 2414.1724 -3180.5603 -3164.749 -3149.3408 -3134.1338 -3119.0276 -3104.1228 -3089.3188 -3074.716 -3060.214 -3045.9136 -3031.9153 -3017.6147 -3003.5156 -2989.618 -2975.8208 -2962.1245 -2948.529 -2935.0342 -2921.7407 -2142.6636 -450.46692 862.06055 2030.777 3010.1624 3299.8992 3299.8992 3299.8992 3299.8992 3299.8992 3299.8992 3299.8992 3299.8992 3299.8992 3299.8992 3299.8992 3299.8992 3299.8992 3299.8992 3299.8992 1760.1746 -3181.668 -3166.0583 -3150.5493 -3135.3423 -3120.337 -3105.5327 -3090.628 -3076.126 
3192.5444 3177.2368 3161.9292 3146.521 3131.2134 3116.3086 3101.303 3086.3982 3071.6948 3030.9082 2014.2609 517.8406 -695.99304 -1624.3195 -2363.8184 -3086.801 3088.4124 3105.13 3121.7468 3138.3635 3154.6782 3170.993 3186.9048 3203.2195 3219.1313 3235.144 3250.8545 3266.6655 3282.2754 3297.6836 -3286.8071 -1476.0773 3299.8992 3299.8992 3286.1023 3270.996 3255.6885 3240.4814 3225.2747 3210.1685 3194.8608 3179.4524 3163.5405 3148.5352 3133.429 3118.3228 3103.6194 3088.6138 3073.9104 3052.4597 2193.9238 728.5217 -478.26233 -1441.4337 -2316.4856 -3116.6106 3086.7004 3103.3171 3120.1355 3136.5508 3152.8655 3169.1802 3185.092 3201.4067 3217.218 3233.3313 3249.1423 3264.9536 3280.4626 3295.9717 -3288.4185 -1155.423 3299.8992 3298.0864 3282.7788 3267.572 3252.4658 3237.1582 3222.052 3206.7444 3191.5374 3176.1292 3160.3179 3145.413 3130.307 3115.2007 3100.296 3085.391 3070.285 2940.3716 1724.6246 170.90149 -998.7213 -1847.992 -2665.9424 -3274.823 3095.6633 3112.4817 3128.9978 3145.413 3161.8286 3178.0425 3193.753 3210.0676 3226.0803 3241.8914 3257.904 3273.6145 3289.1235 3299.8992 -3279.959 -778.4729 3299.8992 3299.8992 3289.1235 3273.816 3258.7097 3243.402 3228.195 3212.9883 3197.5798 3182.2722 3166.3604 3151.2542 3136.148 3121.0417 3106.137 3091.333 3076.6296 3033.728 1982.0343 511.49597 -681.08826 -1597.5311 -2330.3833 -2978.0364 3092.642 3109.259 3125.9766 3142.3918 3158.8074 3175.122 3190.7317 3207.1472 3223.2605 3239.1724 3254.9834 3270.5933 3286.3037 3299.8992 -3282.8796 -476.04675 3299.8992 3299.6978 3284.5916 3269.284 3254.0771 3238.971 3223.6633 3208.5571 3193.1487 3177.841 3161.8286 3146.9238 3131.8176 3116.812 3101.9072 3086.801 3071.997 2922.4456 1735.7025 276.34277 -821.87805 -1697.232 -2525.8574 -3233.6333 3094.4548 3111.1724 3127.89 3144.2046 3160.7207 3176.9348 3192.5444 3209.0605 3224.771 3240.7837 3256.4941 3272.2046 3287.915 3299.8992 -3281.2683 -22.659302 3299.8992 3299.0935 3283.786 3268.7805 3253.5735 3238.1653 3223.1597 3207.953 
-3063.9404 -3049.64 -3035.7422 -3021.643 -3007.846 -2721.7346 -2258.9812 -2073.7793 -1873.5718 -1504.6783 -928.3264 -561.34644 -285.80933 -93.255615 110.87952 311.08704 502.73438 1322.0947 2590.8142 3163.339 3299.8992 3299.8992 3299.8992 3299.8992 3299.8992 3299.8992 3299.8992 3299.8992 3299.8992 3299.8992 3299.8992 1656.4453 -475.3418 -1969.9493 -3152.8655 -3137.86 -3123.056 -3108.252 -3093.6492 -3079.248 -3064.9475 -3050.7476 -3036.8499 -3022.8516 -3008.9539 -2866.452 -2513.8733 -2155.957 -1865.8173 -1536.3007 -864.8804 -508.97827 -202.4231 26.889038 212.19177 333.1421 533.85315 1440.0238 2661.914 3299.8992 3299.8992 3299.8992 3299.8992 3299.8992 3299.8992 3299.8992 3299.8992 3299.8992 3299.8992 3299.8992 3299.8992 1707.605 -323.47412 -1925.94 -3157.3975 -3142.2913 -3127.487 -3112.7837 -3098.1812 -3083.7798 -3069.58 -3055.1787 -3041.1804 -3027.3833 -3013.2842 -2902.7068 -2512.7654 -2250.0183 -1976.5961 -1676.4862 -1158.6456 -874.9512 -679.2755 -357.61414 -23.364258 77.142334 317.43164 1218.9697 2356.4666 3174.8198 3299.8992 3299.8992 3299.8992 3299.8992 3299.8992 3299.8992 3299.8992 3299.8992 3299.8992 3299.8992 3299.8992 1324.2096 -757.82776 -2182.2417 -3141.3848 -3126.2786 -3111.4746 -3096.8718 -3082.2693 -3068.0693 -3053.7688 -3039.6697 -3025.6714 -3011.7737 -2997.876 -2840.3687 -2441.0613 -2034.201 -1826.3397 -1534.1858 -1096.106 -832.4524 -624.7925 -326.29395 186.91406 394.7754 742.1173 1731.7749 2891.5283 3299.8992 3299.8992 3299.8992 3299.8992 3299.8992 3299.8992 3299.8992 3299.8992 3299.8992 3299.8992 3299.8992 3299.8992 1459.0576 -658.6304 -2010.0311 -3141.989 -3126.9836 -3112.0789 -3097.476 -3082.974 -3068.573 -3054.373 -3040.274 -3026.2756 -3012.378 -2998.4802 -2682.962 -2208.9294 -1855.3436 -1698.9441 -1411.8256 -1143.1366 -913.62305 -661.2488 -346.33484 -60.72693 250.15869 545.33386 1560.0677 2697.1619 3299.8992 3299.8992 3299.8992 3299.8992 3299.8992 3299.8992 3299.8992 3299.8992 3299.8992 3299.8992 3299.8992 3299.8992 1365.097 -695.2881 -2041.0492 -3140.579 -3125.5737 -3110.7695 -3096.167 -3081.665 -3067.2637 

-20.24231 -26.28479 -29.406738 -10.473633 17.22107 20.443726 3.7261963 -2.3162842 19.23523 34.643555 41.693115 15.609741 19.73877 13.595581 2.7191162 1.2084961 0.70495605 9.869385 10.272217 20.645142 24.472046 43.203735 64.75525 70.89844 75.631714 78.25012 69.58923 52.06604 43.50586 38.571167 2.2155762 -45.822144 -58.410645 -48.742676 -29.003906 -3.1219482 1.5106201 -15.408325 0.40283203 10.473633 5.6396484 -27.191162 -32.730103 -26.486206 -12.789917 -6.0424805 -8.963013 -5.0354004 4.0283203 -1.1077881 5.6396484 21.853638 44.0094 47.53418 35.650635 20.343018 7.2509766 7.8552246 -5.9417725 -20.040894 -88.62305 -166.16821 -159.32007 -94.56482 -8.358765 27.694702 32.32727 15.005493 -9.970093 -20.645142 -16.918945 -15.106201 -5.6396484 -10.171509 -0.10070801 18.127441 22.961426 11.279297 4.6325684 1.9134521 1.9134521 1.9134521 1.9134521 1.9134521 1.9134521 1.9134521 1.9134521 1.9134521 1.9134521 1.9134521 1.9134521 1.9134521 1.9134521 1.9134521 1.9134521 1.9134521 1.9134521 1.9134521 1.9134521 1.9134521 1.9134521 1.9134521 1.9134521 1.9134521 1.9134521 1.9134521 1.9134521 1.9134521 1.9134521 1.9134521 1.9134521 1.9134521 1.9134521 1.9134521 1.9134521 1.9134521 1.9134521 1.9134521 1.9134521 1.9134521 63.24463 78.85437 73.71826 63.546753 45.01648 -3.8269043 -78.149414 -107.65686 -120.95032 -138.47351 -145.72449 -110.980225 -51.965332 -5.3375244 34.84497 54.58374 58.511353 57.000732 49.346924 48.54126 43.203735 41.592407 43.203735 50.253296 15.509033 22.659302 -12.890625 -42.196655 -35.751343 -12.588501 -6.0424805 5.3375244 9.466553 13.293457 18.429565 18.933105 12.487793 -11.178589 -19.134521 -15.408325 -2.5177002 4.8339844 10.574341 -1.3092041 -5.5389404 10.070801 21.551514 25.881958 21.551514 13.394165 11.984253 4.3304443 2.9205322 11.077881 18.328857 7.1502686 13.293457 39.779663 57.403564 71.7041 60.827637 27.593994 0.20141602 -22.659302 -12.185669 -17.523193 -31.219482 -35.549927 -26.184082 -25.076294 -20.645142 -6.7474365 15.811157 23.867798 41.693115 66.16516 72.9126 86.709595 114.60571 139.78271 131.32324 83.48694 16.818237 -60.12268 -106.8512 -116.11633 -144.01245 -194.16504 -235.75745 -211.08398 -165.46326 -110.57739 -63.64746 -19.73877 28.198242 62.338257 72.61047 92.44995 86.50818 83.688354 
-19.839478 -38.87329 -30.212402 -28.701782 -34.44214 -13.092041 -8.157349 -6.4453125 -13.595581 -13.696289 -22.25647 -47.634888 -33.535767 -28.198242 -20.947266 -12.890625 -4.8339844 -5.1361084 -26.184082 -46.728516 -28.601074 -14.401245 -3.7261963 9.365845 15.106201 15.408325 0.20141602 8.761597 27.694702 33.132935 -5.5389404 -23.76709 -19.23523 -13.494873 -12.689209 -4.1290283 3.9276123 12.286377 34.542847 42.196655 44.91577 36.254883 44.51294 57.70569 81.57349 101.312256 105.6427 87.41455 66.87012 74.92676 107.65686 122.561646 122.66235 112.490845 109.3689 83.88977 68.68286 62.338257 60.424805 45.620728 25.479126 -34.94568 -77.545166 -97.08252 -111.8866 -100.00305 -118.029785 -116.31775 -120.34607 -93.45703 -78.048706 -68.481445 -56.5979 -51.361084 -25.479126 -3.2226562 -3.4240723 -17.120361 -23.565674 -38.168335 -47.836304 -40.081787 -21.853638 -0.10070801 23.364258 41.592407 63.848877 52.468872 22.659302 36.154175 26.687622 24.673462 0.10070801 -33.535767 -41.793823 -18.630981 -4.1290283 -4.1290283 -31.32019 -27.996826 -31.82373 -54.18091 -79.96216 -54.281616 -78.652954 -36.35559 -50.656128 -41.4917 -50.656128 -30.917358 -35.650635 -21.148682 7.2509766 35.44922 60.021973 78.25012 96.07544 112.79297 157.50732 207.35779 242.10205 240.49072 219.03992 206.14929 206.75354 230.92346 203.83301 175.33264 117.82837 44.613647 -60.72693 -131.82678 -180.97229 -210.17761 -241.3971 -260.4309 -250.66223 -229.71497 -214.00452 -200.91248 -172.10999 -135.04944 -92.95349 -86.8103 -93.96057 -79.86145 -86.206055 -72.71118 -73.91968 -33.33435 -14.401245 0.30212402 2.1148682 13.696289 21.652222 29.708862 21.551514 12.487793 9.667969 13.998413 17.120361 5.3375244 7.2509766 21.853638 27.392578 32.528687 40.38391 32.83081 14.804077 28.601074 31.118774 33.33435 32.629395 44.0094 47.03064 22.659302 20.645142 6.8481445 17.422485 25.78125 25.881958 7.2509766 -0.80566406 -5.8410645 -8.056641 -20.24231 -45.41931 -18.026733 -5.0354004 12.689209 15.509033 20.343018 22.860718 33.636475 51.864624 71.502686 85.09827 103.22571 139.88342 161.23352 174.62769 189.53247 184.09424 163.95264 147.63794 142.90466 106.8512 49.0448 -34.44214 -53.67737 -67.474365 -81.7749 -148.24219 -202.92664 -223.37036 -223.26965 -185.10132 -160.02502 -148.14148 -131.12183 
-3179.4524 -3164.3462 -3149.1394 -3133.6304 -3118.7256 -3103.9214 -3089.4194 -3074.817 -3060.315 -3046.0144 -3031.8145 -1683.1329 1194.2963 3299.8992 3299.8992 3299.8992 3299.8992 3299.8992 3299.8992 3299.8992 3299.8992 3299.8992 3299.8992 3299.8992 3299.8992 3299.8992 3299.8992 3299.8992 3299.8992 3299.8992 3285.5986 -1658.0566 3291.8425 -3291.2383 -3274.7222 -3258.4075 -3242.1936 -3226.181 -3210.3699 -3194.6594 -3179.1504 -3163.339 -3148.5352 -3132.9253 -3118.0205 -3103.418 -3088.7146 -3074.1118 -3059.7107 -3045.4102 -3031.2102 -1423.2056 1446.2677 3299.8992 3299.8992 3299.8992 3299.8992 3299.8992 3299.8992 3299.8992 3299.8992 3299.8992 3299.8992 3299.8992 3299.8992 3299.8992 3299.8992 3299.8992 3299.8992 3299.8992 3283.5845 -2799.884 3292.6482 -3290.7349 -3274.118 -3257.8032 -3241.5894 -3225.5767 -3209.8662 -3194.1558 -3178.5461 -3163.5405 -3147.7295 -3133.1267 -3118.1213 -3103.1157 -3088.3118 -3073.6084 -3059.207 -3044.9065 -3030.7068 -1180.8014 1731.6742 3299.8992 3299.8992 3299.8992 3299.8992 3299.8992 3299.8992 3299.8992 3299.8992 3299.8992 3299.8992 3299.8992 3299.8992 3299.8992 3299.8992 3299.8992 3299.8992 3297.0793 3280.7646 3274.5208 3291.4397 -3291.742 -3275.3264 -3259.0117 -3242.7979 -3226.7852 -3210.8733 -3195.1628 -3179.5532 -3163.9434 -3149.1394 -3133.6304 -3118.6248 -3103.9214 -3089.3188 -3074.817 -3060.315 -3045.9136 -3031.8145 -1415.6525 1485.5438 3299.8992 3299.8992 3299.8992 3299.8992 3299.8992 3299.8992 3299.8992 3299.8992 3299.8992 3299.8992 3299.8992 3299.8992 3299.8992 3299.8992 3299.8992 3299.8992 3298.7915 3282.1746 3277.542 3294.5618 -3288.7207 -3272.1038 -3255.89 -3239.6758 -3223.764 -3207.852 -3192.1416 -3176.6326 -3160.922 -3145.6145 -3131.012 -3116.1072 -3101.001 -3086.1968 -3071.5942 -3057.0923 -3042.8923 -3028.6926 -1041.3208 1997.7448 3299.8992 3299.8992 3299.8992 3299.8992 3299.8992 3299.8992 3299.8992 3299.8992 3299.8992 3299.8992 3299.8992 3299.8992 3299.8992 3299.8992 3299.8992 3299.8992 3297.1802 3280.4626 3278.8513 3295.9717 -3287.4114 -3270.8953 -3254.5806 -3238.3667 -3222.5554 -3206.6436 -3191.034 -3175.525 -3160.4187 -3144.8088 -3130.2063 -3115.2007 -3100.1953 -3085.391 -3070.7886 -3056.3872 -3042.0867 -3027.887 -975.5585 2062.3992 3299.8992 3299.8992 3299.8992 3299.8992 3299.8992 3299.8992 3299.8992 
-3212.686 -3198.3855 -3183.6821 -3169.3816 -3155.182 -3140.8813 -3127.2856 -3113.388 -3099.6917 -3086.0962 -3072.6013 -1243.1396 1115.8447 3299.8992 3299.8992 3299.8992 3299.8992 3299.8992 3299.8992 3299.8992 3299.8992 3299.8992 3299.8992 3299.8992 3299.8992 3299.8992 3299.8992 3299.8992 3295.0652 3280.1604 3264.9536 -1503.4698 3271.298 3287.0085 3299.8992 -3282.1746 -3266.867 -3251.8616 -3237.0574 -3222.2534 -3207.55 -3193.35 -3178.6467 -3164.447 -3150.247 -3136.0474 -3122.351 -3108.554 -3094.8577 -3081.2622 -2909.6558 -535.4645 1682.1259 3299.8992 3299.8992 3299.8992 3299.8992 3299.8992 3299.8992 3299.8992 3299.8992 3299.8992 3299.8992 3299.8992 3299.8992 3299.8992 3299.8992 3299.8992 3292.749 3277.9448 3262.5366 -2370.5657 3271.0967 3286.8071 3299.8992 -3282.376 -3267.1692 -3252.063 -3237.1582 -3222.4548 -3207.852 -3193.5515 -3178.949 -3164.6484 -3150.4485 -3136.2488 -3122.5525 -3108.7554 -3095.059 -3081.4636 -2623.1414 -125.28076 2265.5273 3299.8992 3299.8992 3299.8992 3299.8992 3299.8992 3299.8992 3299.8992 3299.8992 3299.8992 3299.8992 3299.8992 3299.8992 3299.8992 3299.8992 3299.8992 3286.6057 3271.701 3256.2927 3295.0652 3267.6726 3283.383 3298.7915 -3285.901 -3270.4924 -3255.487 -3240.6829 -3225.879 -3211.2761 -3196.5728 -3182.2722 -3168.0725 -3153.9734 -3140.0757 -3125.8757 -3112.0789 -3098.3826 -3084.7869 -2717.6055 -220.75195 2020.404 3299.8992 3299.8992 3299.8992 3299.8992 3299.8992 3299.8992 3299.8992 3299.8992 3299.8992 3299.8992 3299.8992 3299.8992 3299.8992 3299.8992 3299.8992 3285.5986 3270.6938 3255.1848 3252.365 3268.3777 3284.1887 3299.6978 -3285.0952 -3269.8882 -3254.782 -3239.8772 -3225.0732 -3210.4705 -3195.6665 -3181.5674 -3167.2668 -3153.1677 -3139.3706 -3125.171 -3111.2732 -3097.577 -3083.9812 -2307.019 371.71326 2920.5322 3299.8992 3299.8992 3299.8992 3299.8992 3299.8992 3299.8992 3299.8992 3299.8992 3299.8992 3299.8992 3299.8992 3299.8992 3299.8992 3299.8992 3293.1519 3278.3477 3263.5437 3247.9338 3246.8262 3262.9395 3278.65 3294.2595 3299.8992 -3275.2258 -3260.1196 -3245.2148 -3230.5115 -3215.7073 -3201.004 -3186.8042 -3172.6042 -3158.3037 -3144.6074 -3130.307 -3116.51 -3102.713 -3089.0166 -2488.9983 35.85205 2380.133 3299.8992 3299.8992 3299.8992 3299.8992 3299.8992 3299.8992 3299.8992 
3249.1423 3234.2375 3219.1313 3204.3274 3189.8254 3175.3235 3160.4187 3145.514 3131.8176 3114.093 2102.3804 214.30664 -1363.6871 -2802.7039 3131.8176 3147.6287 3163.2385 3178.7476 3194.2566 3209.5642 3224.8718 3239.978 3254.8828 3269.7876 3284.491 3299.295 -3285.5986 -3271.0967 -3256.897 -3242.5964 -3228.195 779.7821 3299.8992 3299.8992 3299.8992 3299.8992 3299.8992 3291.4397 3276.6357 3261.8315 3246.9268 3232.1228 3217.3186 3202.5146 3188.214 3173.6113 3158.7065 3143.9026 3130.2063 3112.8845 2116.1772 162.34131 -1416.3574 -2774.6062 3130.4077 3146.3196 3162.03 3177.539 3192.9473 3208.3557 3223.5625 3238.6687 3253.5735 3268.3777 3283.5845 3298.3887 -3287.3108 -3272.406 -3257.8032 -3243.402 -3229.1016 1423.407 3299.8992 3299.8992 3299.8992 3299.8992 3299.8992 3288.3179 3273.5137 3258.7097 3243.805 3229.0007 3213.9954 3199.292 3184.5886 3169.8853 3155.7861 3140.68 3126.3794 3104.828 1776.1871 -180.46875 -1629.8584 -2961.5203 3132.019 3147.931 3163.5405 3179.1504 3194.458 3209.7656 3224.9724 3240.0786 3255.3862 3270.291 3285.0952 3299.7986 -3285.0952 -3270.5933 -3256.3933 -3241.9922 -3227.7922 1952.4261 3299.8992 3299.8992 3299.8992 3299.8992 3299.8992 3287.8142 3272.8088 3258.0046 3243.0999 3228.195 3213.2903 3198.4863 3184.1858 3169.6838 3155.2825 3140.277 3125.8757 3043.4966 1530.661 -361.13892 -1825.4333 -3009.7595 3134.9395 3150.65 3166.2598 3181.8694 3197.0764 3212.4846 3227.6917 3242.7979 3258.1055 3273.0103 3287.915 3299.8992 -3282.9802 -3268.0754 -3253.372 -3239.0715 -3224.8718 2347.9065 3299.8992 3299.8992 3299.8992 3299.8992 3299.8992 3288.922 3274.2188 3259.4146 3244.5098 3229.605 3214.7002 3199.8962 3185.1929 3170.4895 3156.3904 3141.2842 3126.9836 3076.4282 1557.3486 -379.06494 -2018.3899 -3263.6443 3137.6587 3153.3691 3169.0796 3184.4878 3199.8962 3215.103 3230.31 3245.5168 3260.623 3275.7292 3290.332 3299.8992 -3279.959 -3265.457 -3251.2573 -3236.9568 -3222.6562 2891.5283 3299.8992 3299.8992 3299.8992 3299.8992 3299.8992 3289.224 3274.3193 3259.5154 3244.6106 3229.8064 3215.103 3200.3997 3185.797 3171.0938 3156.7932 3141.7876 3127.3865 3031.2102 1434.1827 -347.54333 -1787.0636 -3004.019 3136.7522 3152.4626 3168.173 3183.6821 3199.0906 3214.2974 
-3061.5234 -3047.122 -3033.3252 -3018.8232 -3004.724 -2990.927 -2977.1301 -2963.4338 -2949.939 -2936.3433 -2922.9492 -2395.2393 -1118.5638 337.1704 1630.4626 2772.4915 3299.8992 3299.8992 3299.8992 3299.8992 3299.8992 3299.8992 3299.8992 3299.8992 3299.8992 3299.8992 3299.8992 3299.8992 3299.8992 3299.8992 3299.8992 1842.6544 -3174.8198 -3159.0088 -3143.6003 -3128.3936 -3113.4888 -3098.4832 -3083.7798 -3069.1772 -3054.776 -3040.4753 -3026.0742 -3011.975 -2998.178 -2984.381 -2970.4834 -2956.8877 -2943.2922 -2929.898 -2916.504 -2033.5968 -652.5879 700.92773 1919.696 2984.5825 3299.8992 3299.8992 3299.8992 3299.8992 3299.8992 3299.8992 3299.8992 3299.8992 3299.8992 3299.8992 3299.8992 3299.8992 3299.8992 3299.8992 3299.8992 1323.706 -3173.3093 -3157.6995 -3142.2913 -3127.0842 -3112.0789 -3097.2747 -3082.4707 -3067.9688 -3053.4668 -3039.2668 -3025.1677 -3010.8672 -2996.869 -2982.9712 -2969.174 -2955.5786 -2941.983 -2928.488 -2915.2954 -2402.2888 -922.48535 557.1167 1939.2334 3078.6438 3299.8992 3299.8992 3299.8992 3299.8992 3299.8992 3299.8992 3299.8992 3299.8992 3299.8992 3299.8992 3299.8992 3299.8992 3299.8992 3299.8992 3299.8992 852.2919 -3166.864 -3151.2542 -3135.9465 -3120.7397 -3105.835 -3090.9302 -3076.2268 -3061.7249 -3047.3235 -3033.023 -3019.3267 -3004.9255 -2990.927 -2977.0293 -2963.4338 -2949.7375 -2936.2427 -2922.8484 -2909.6558 -1883.6426 -296.38367 1090.0635 2367.1416 3299.8992 3299.8992 3299.8992 3299.8992 3299.8992 3299.8992 3299.8992 3299.8992 3299.8992 3299.8992 3299.8992 3299.8992 3299.8992 3299.8992 3299.8992 3299.8992 600.0183 -3170.59 -3154.9805 -3139.572 -3124.4658 -3109.4604 -3094.5557 -3079.953 -3065.3503 -3050.949 -3036.6484 -3022.7507 -3008.4502 -2994.351 -2980.5542 -2966.9585 -2953.2622 -2939.7673 -2926.1719 -2912.979 -1800.0549 -399.10583 955.9204 2126.0466 3086.9019 3299.8992 3299.8992 3299.8992 3299.8992 3299.8992 3299.8992 3299.8992 3299.8992 3299.8992 3299.8992 3299.8992 3299.8992 3299.8992 3299.8992 3299.8992 170.70007 -3168.9788 -3153.4697 -3138.162 -3122.9553 -3108.0505 -3093.1458 -3078.4424 -3063.9404 -3049.4385 -3035.3394 -3020.938 -3006.9397 -2993.042 -2979.3457 -2965.5486 -2951.9531 -2938.3574 -2924.9634 -2911.67 -1912.4451 -381.98547 1016.2445 2261.9019 3299.8992 3299.8992 3299.8992 3299.8992 3299.8992 
3192.5444 3177.1362 3161.325 3146.3196 3131.1125 3116.0063 3101.2024 3086.2976 3070.99 2938.9617 1736.4075 236.3617 -988.95264 -1958.8715 -2778.9368 3226.7852 3097.9797 3114.4958 3131.012 3147.4272 3163.8428 3180.0566 3196.4722 3212.2832 3228.0945 3243.9055 3259.8174 3275.4272 3290.9363 3299.8992 -3278.247 177.74963 3299.8992 3299.8992 3285.8 3270.4924 3255.3862 3240.28 3224.8718 3209.6648 3194.2566 3178.8481 3163.6414 3148.1323 3132.9253 3117.92 3103.0151 3088.1104 3072.8027 2890.219 1586.9568 163.04626 -848.7671 -1854.7394 -2768.9666 3181.7688 3099.591 3116.2078 3132.9253 3149.24 3165.5547 3181.7688 3198.285 3214.096 3229.9072 3245.7183 3261.5295 3277.1392 3292.6482 -3291.8425 -3276.4343 672.5281 3299.8992 3299.8992 3285.0952 3269.8882 3254.48 3239.273 3224.0662 3208.8591 3193.35 3178.0425 3162.1306 3147.2258 3132.1196 3117.0134 3102.2095 3087.2039 3070.4863 2839.865 1449.5911 68.58215 -973.84644 -1909.5245 -2759.8022 3234.6404 3100.9001 3117.4163 3134.1338 3150.5493 3166.7632 3183.1787 3199.1912 3215.2039 3231.015 3246.8262 3262.6372 3278.247 3293.756 -3290.634 -3275.3264 878.1738 3299.8992 3299.8992 3284.8938 3269.6868 3254.3792 3239.273 3223.9653 3208.7585 3193.2495 3177.841 3162.5334 3147.1252 3131.9182 3116.9128 3101.9072 3087.2039 3070.4863 2845.6055 1562.1826 112.490845 -1019.6686 -1941.0461 -2797.2656 3084.082 3101.001 3117.7185 3134.2346 3150.7507 3166.9646 3183.2793 3198.9897 3215.3044 3231.2163 3247.1282 3262.8386 3278.4485 3294.159 -3290.5334 -3274.3193 1302.7588 3299.8992 3298.0864 3282.9802 3267.874 3252.6672 3237.3596 3222.052 3206.845 3191.5374 3176.1292 3160.1165 3145.3125 3130.2063 3115.1 3100.296 3085.492 3067.9688 2797.769 1539.9261 43.90869 -1111.9171 -2040.0421 -2942.3857 3084.8877 3101.7058 3118.4233 3134.8389 3151.355 3167.7703 3183.8835 3199.594 3215.9087 3231.72 3247.7324 3263.4429 3279.1533 3294.7632 -3290.0298 -3178.8481 1780.4169 3299.8992 3296.3745 3281.1675 3265.9607 3250.7537 3235.5469 3220.3398 3205.0322 3189.624 3174.2156 3158.2031 3143.399 3128.3936 3113.2874 3098.3826 3083.5784 3065.7532 2693.4355 1200.238 -196.2799 -1204.3671 -2099.8625 -2861.4165 3086.5996 3103.0151 3119.7327 3136.2488 3152.664 
-3052.9631 -3038.864 -3025.2686 -3011.3708 -2997.0703 -2637.6433 -2285.971 -2031.3812 -1825.9369 -1510.4187 -906.4728 -521.9696 -250.66223 -86.709595 151.76697 292.25464 689.3463 1773.468 2946.414 3299.8992 3299.8992 3299.8992 3299.8992 3299.8992 3299.8992 3299.8992 3299.8992 3299.8992 3299.8992 3299.8992 3282.9802 1193.1885 -752.2888 -2223.0286 -3144.6074 -3129.5012 -3114.7979 -3100.0945 -3085.5925 -3071.0906 -3056.8909 -3042.8923 -3028.894 -3014.9963 -3001.1992 -2676.0132 -2143.872 -1830.2673 -1652.417 -1353.9185 -830.63965 -506.56128 -164.6576 83.48694 224.57886 366.37573 759.5398 1849.6033 2884.7808 3299.8992 3299.8992 3299.8992 3299.8992 3299.8992 3299.8992 3299.8992 3299.8992 3299.8992 3299.8992 3299.8992 3058.8042 704.85535 -1086.2366 -2403.195 -3147.6287 -3132.6233 -3117.7185 -3103.3171 -3088.8152 -3074.414 -3060.1135 -3045.9136 -3032.0159 -3018.0176 -3003.2134 -2684.4727 -2291.4092 -1904.0863 -1552.0111 -1282.2144 -851.2848 -586.72485 -459.73206 -245.92896 -18.73169 125.582886 571.9208 1784.2438 2749.832 3299.8992 3299.8992 3299.8992 3299.8992 3299.8992 3299.8992 3299.8992 3299.8992 3299.8992 3299.8992 3299.8992 2878.4363 517.0349 -1301.7517 -2529.6843 -3140.4785 -3125.6743 -3110.8704 -3096.2676 -3081.7656 -3067.3645 -3053.1646 -3039.0654 -3024.8657 -3011.0686 -2994.9553 -2781.4543 -2384.5642 -2067.2332 -2000.3632 -1759.2682 -1249.1821 -958.136 -648.8617 -318.74084 1.4099121 240.59143 831.94885 2079.9224 3096.6704 3299.8992 3299.8992 3299.8992 3299.8992 3299.8992 3299.8992 3299.8992 3299.8992 3299.8992 3299.8992 3299.8992 3155.081 941.6199 -872.23206 -2219.0002 -3135.745 -3120.7397 -3105.9355 -3091.2322 -3076.831 -3062.4297 -3048.3306 -3034.1309 -3020.3337 -3006.3354 -2992.4377 -2737.848 -2342.2668 -1976.7975 -1677.9968 -1430.2551 -849.0692 -461.5448 -232.43408 -59.921265 78.552246 257.20825 740.10315 2031.2805 2980.5542 3299.8992 3299.8992 3299.8992 3299.8992 3299.8992 3299.8992 3299.8992 3299.8992 3299.8992 3299.8992 3299.8992 3022.348 715.5304 -1097.113 -2409.9426 -3136.853 -3121.9482 -3107.144 -3092.5415 -3078.0396 -3063.739 -3049.539 -3035.44 -3021.4417 -3007.544 -2945.9106 -2561.7095 -2252.133 -1901.9714 -1544.1559 -1050.5859 -490.5487 -187.4176 86.206055 267.48047 477.65808 620.66345 1125.9155 2351.532 3189.0198 3299.8992 

50.253296 -8.157349 -39.074707 -39.074707 -29.608154 -34.643555 -27.593994 -19.23523 -7.1502686 13.494873 -3.4240723 -5.8410645 8.358765 17.926025 16.616821 -6.0424805 -26.28479 -20.645142 -11.279297 7.1502686 29.80957 45.620728 49.346924 58.309937 56.900024 46.728516 19.839478 13.897705 17.926025 29.205322 29.104614 9.265137 -9.768677 -32.93152 -64.25171 -73.61755 -53.778076 -31.924438 -12.991333 4.0283203 26.184082 41.088867 27.29187 10.977173 -36.557007 -13.998413 -26.083374 -21.551514 -2.3162842 -15.911865 -30.514526 -37.161255 -40.786743 -25.982666 -9.667969 10.876465 19.23523 35.046387 59.1156 69.38782 84.39331 93.96057 99.298096 81.674194 58.61206 6.7474365 -55.69153 -93.55774 -155.59387 -187.3169 -155.79529 -104.23279 -85.29968 -71.60339 -62.74109 -38.671875 -5.8410645 9.063721 60.424805 72.10693 63.446045 47.836304 44.210815 50.354004 53.375244 44.51294 15.811157 -12.084961 -20.947266 -11.984253 -0.9063721 21.75293 28.500366 37.261963 58.10852 69.992065 86.40747 97.68677 118.33191 129.81262 126.086426 101.815796 84.695435 59.014893 22.25647 -14.401245 -45.41931 -76.84021 -93.255615 -75.22888 -45.721436 -40.88745 -34.643555 -26.687622 -42.196655 -51.159668 -37.46338 -47.332764 -46.5271 -41.4917 -41.4917 -41.4917 -41.4917 -41.4917 -41.4917 -41.4917 -41.4917 -41.4917 -41.4917 -41.4917 -41.4917 -41.4917 -41.4917 -41.4917 -41.4917 -41.4917 -41.4917 -41.4917 -41.4917 -41.4917 90.737915 117.12341 132.1289 141.19263 107.455444 54.281616 -13.192749 -67.474365 -103.427124 -134.14307 -155.896 -168.08167 -123.065186 -57.806396 -3.1219482 19.436646 13.696289 -19.537354 -12.991333 -1.9134521 4.8339844 4.0283203 3.5247803 -0.10070801 -0.70495605 -3.5247803 -4.0283203 -42.599487 -37.86621 5.4382324 50.656128 77.34375 86.00464 67.977905 32.528687 -1.1077881 -12.789917 -6.5460205 9.265137 0.20141602 0.20141602 0.20141602 0.20141602 0.20141602 0.20141602 0.20141602 0.20141602 0.20141602 0.20141602 0.20141602 0.20141602 0.20141602 0.20141602 0.20141602 0.20141602 0.20141602 0.20141602 0.20141602 0.20141602 0.20141602 
-87.81738 -70.89844 -63.848877 -61.331177 -47.03064 -35.85205 -23.364258 -13.696289 -2.5177002 4.7332764 -17.926025 -29.910278 -17.623901 -8.258057 -2.7191162 -23.062134 -44.91577 -32.226562 -20.846558 0.80566406 30.31311 43.90869 46.728516 37.261963 30.514526 37.36267 41.793823 47.43347 22.659302 34.744263 59.014893 58.410645 51.965332 44.41223 39.37683 41.290283 34.34143 16.918945 14.904785 16.113281 22.25647 6.0424805 14.099121 3.6254883 -32.83081 -26.687622 -38.168335 -49.749756 -57.302856 -64.25171 -71.30127 -71.20056 -65.3595 -43.90869 -22.357178 2.4169922 18.933105 62.438965 115.41138 156.70166 200.81177 242.40417 256.604 241.19568 232.13196 229.81567 201.51672 172.00928 89.02588 48.54126 2.1148682 -11.077881 -66.87012 -117.32483 -154.98962 -175.63477 -200.0061 -234.85107 -183.5907 -177.14539 -145.12024 -134.44519 -92.34924 -57.302856 -26.184082 -16.918945 -49.649048 -90.63721 -132.93457 -107.75757 -76.94092 -52.670288 -48.03772 -43.40515 -29.104614 -10.473633 17.523193 61.029053 86.10535 82.9834 89.227295 95.87402 80.86853 48.03772 14.904785 -27.593994 -64.85596 -80.56641 -109.3689 -84.59473 -94.3634 -58.309937 -52.770996 -54.58374 -40.98816 -14.501953 -4.5318604 -49.850464 -9.567261 -2.5177002 6.1431885 -3.1219482 9.164429 -5.6396484 -1.8127441 -13.394165 -14.602661 -20.040894 -33.132935 -35.751343 -41.4917 -33.032227 -14.501953 -1.2084961 10.977173 17.22107 19.73877 32.32727 41.189575 82.47986 107.25403 133.84094 132.43103 128.90625 116.61987 123.66943 139.98413 154.38538 125.48218 114.001465 47.93701 -34.140015 -101.71509 -118.533325 -110.6781 -102.11792 -103.72925 -95.97473 -69.79065 -42.90161 -24.77417 -27.29187 -11.984253 1.9134521 17.825317 15.811157 31.118774 23.968506 16.012573 9.063721 -4.2297363 -6.3446045 -4.6325684 14.300537 39.47754 52.166748 55.69153 46.728516 46.627808 28.601074 51.763916 68.28003 102.01721 131.12183 149.14856 145.22095 108.1604 60.424805 38.269043 35.34851 6.6467285 -9.567261 -52.267456 -65.86304 -81.37207 -80.86853 -82.27844 -95.47119 -112.994385 -158.91724 
3299.8992 3299.8992 3299.8992 3299.8992 3299.8992 3299.8992 3299.8992 3299.8992 3299.8992 3297.0793 3280.2612 3280.4626 3297.4822 -3285.8 -3269.3848 -3253.07 -3236.9568 -3221.045 -3205.3345 -3189.5232 -3173.9136 -3158.4045 -3143.6003 -3128.0913 -3113.1865 -3098.584 -3083.9812 -3069.3787 -3054.9773 -3040.7776 -3026.5776 -849.0692 1968.5394 3299.8992 3299.8992 3299.8992 3299.8992 3299.8992 3299.8992 3299.8992 3299.8992 3299.8992 3299.8992 3299.8992 3299.8992 3299.8992 3299.8992 3299.8992 3299.8992 3298.59 3281.4697 3284.1887 3299.8992 -3282.1746 -3265.7593 -3249.5452 -3233.432 -3217.4194 -3201.6082 -3186.099 -3170.4895 -3155.5847 -3140.0757 -3125.473 -3110.4675 -3095.5627 -3080.7585 -3066.156 -3051.7546 -3037.555 -2885.7878 -334.95483 2563.5222 3299.8992 3299.8992 3299.8992 3299.8992 3299.8992 3299.8992 3299.8992 3299.8992 3299.8992 3299.8992 3299.8992 3299.8992 3299.8992 3299.8992 3299.8992 3299.8992 3295.5688 3272.9094 3283.383 3299.8992 -3282.8796 -3266.464 -3250.2502 -3234.137 -3218.3257 -3202.4138 -3186.8042 -3171.2952 -3155.6853 -3140.8813 -3125.473 -3110.568 -3095.9656 -3081.4636 -3066.8608 -3052.4597 -3038.2598 -2870.4802 -356.20422 2583.6638 3299.8992 3299.8992 3299.8992 3299.8992 3299.8992 3299.8992 3299.8992 3299.8992 3299.8992 3299.8992 3299.8992 3299.8992 3299.8992 3299.8992 3299.8992 3299.8992 3295.166 3192.5444 3284.5916 3299.8992 -3281.7717 -3265.457 -3249.1423 -3233.13 -3217.1172 -3201.3062 -3185.6963 -3170.288 -3154.6782 -3139.3706 -3124.768 -3109.8633 -3094.757 -3080.0537 -3065.5518 -3051.1504 -3036.9507 -2731.1003 -197.68982 2611.4592 3299.8992 3299.8992 3299.8992 3299.8992 3299.8992 3299.8992 3299.8992 3299.8992 3299.8992 3299.8992 3299.8992 3299.8992 3299.8992 3299.8992 3299.8992 3299.8992 3295.0652 2912.7776 3286.7065 3299.8992 -3279.7576 -3263.3423 -3247.0276 -3230.9143 -3215.103 -3199.3926 -3183.783 -3168.274 -3153.3691 -3138.162 -3122.754 -3108.0505 -3093.2463 -3078.8452 -3064.3433 -3049.942 -3035.6414 -2607.2295 29.507446 2906.3323 3299.8992 3299.8992 3299.8992 3299.8992 3299.8992 3299.8992 3299.8992 
3299.8992 3299.8992 3299.8992 3299.8992 3299.8992 3299.8992 3299.8992 3292.4468 3277.8442 3262.9395 3247.229 3247.6318 3263.745 3279.3547 3294.8638 -3289.8284 -3274.5208 -3259.5154 -3244.6106 -3229.8064 -3215.103 -3200.3997 -3186.4014 -3171.8994 -3157.6995 -3144.0032 -3129.602 -3115.805 -3102.1086 -3088.4124 -2432.2998 25.982666 2450.9307 3299.8992 3299.8992 3299.8992 3299.8992 3299.8992 3299.8992 3299.8992 3299.8992 3299.8992 3299.8992 3299.8992 3299.8992 3299.8992 3299.8992 3292.6482 3277.8442 3262.9395 3240.6829 3250.2502 3266.3635 3281.9731 3297.4822 -3287.1094 -3272.0032 -3256.9976 -3242.0928 -3227.2888 -3212.686 -3197.9827 -3183.783 -3169.4824 -3155.3833 -3141.4856 -3127.3865 -3113.4888 -3099.7925 -3086.1968 -1990.091 628.01514 2879.7454 3299.8992 3299.8992 3299.8992 3299.8992 3299.8992 3299.8992 3299.8992 3299.8992 3299.8992 3299.8992 3299.8992 3299.8992 3299.8992 3299.8992 3289.0227 3274.3193 3259.5154 3137.4573 3248.7395 3264.7522 3280.3618 3295.7703 -3288.8213 -3273.6145 -3258.609 -3243.805 -3228.9001 -3214.2974 -3199.8962 -3185.2935 -3170.993 -3156.7932 -3142.5933 -3128.897 -3114.9993 -3101.303 -3087.808 -1993.4143 657.9254 2909.555 3299.8992 3299.8992 3299.8992 3299.8992 3299.8992 3299.8992 3299.8992 3299.8992 3299.8992 3299.8992 3299.8992 3299.8992 3299.8992 3299.8992 3287.3108 3272.708 3257.8032 2879.6448 3249.1423 3265.0542 3280.7646 3296.173 -3288.5193 -3273.3123 -3258.206 -3243.402 -3228.598 -3213.9954 -3199.6948 -3184.9915 -3170.7915 -3156.5918 -3142.2913 -3128.4941 -3114.7979 -3101.001 -3087.4053 -1610.4218 1004.5624 3264.9536 3299.8992 3299.8992 3299.8992 3299.8992 3299.8992 3299.8992 3299.8992 3299.8992 3299.8992 3299.8992 3299.8992 3299.8992 3299.8992 3297.885 3283.383 3268.7805 3253.9763 2472.9858 3247.531 3263.4429 3279.0527 3294.6624 -3290.1306 -3274.9236 -3259.9182 -3245.0134 -3230.2092 -3215.6067 -3201.3062 -3186.3005 -3172.3022 -3158.1023 -3143.9026 -3130.1055 -3116.3086 -3102.5115 -3088.916 -1940.1398 595.28503 2876.724 3299.8992 3299.8992 3299.8992 3299.8992 3299.8992 3299.8992 3299.8992 
3229.605 3244.7112 3259.9182 3274.823 3289.9292 3299.8992 -3281.067 -3266.2627 -3251.5593 -3237.2588 -3188.516 3189.3218 3299.8992 3299.8992 3299.8992 3299.8992 3299.8992 3287.7136 3272.8088 3258.1055 3243.3013 3228.296 3213.2903 3198.6877 3183.9844 3169.583 3154.6782 3139.8743 3125.9766 2912.1733 1193.5913 -650.97656 -2087.677 3210.269 3140.8813 3156.6924 3172.2014 3187.7104 3203.119 3218.3257 3233.5327 3248.639 3263.4429 3278.549 3293.051 -3292.2454 -3277.24 -3262.738 -3248.538 -3234.0361 -2927.3804 3299.8992 3299.8992 3299.8992 3299.8992 3299.8992 3299.8992 3287.915 3273.1108 3258.206 3243.5027 3228.4973 3213.8945 3199.292 3184.3872 3169.7844 3155.6853 3140.68 3125.9766 2859.906 989.15405 -766.48865 -2077.6062 -3226.7852 3142.0898 3157.8003 3173.41 3188.919 3204.3274 3219.5342 3234.7412 3249.8474 3265.0542 3279.7576 3294.9646 -3290.332 -3276.0315 -3261.1267 -3246.6248 -3232.3242 -2765.1396 3299.8992 3299.8992 3299.8992 3299.8992 3299.8992 3299.8992 3288.5193 3273.413 3258.4075 3243.805 3229.0007 3213.8945 3199.0906 3184.79 3170.288 3155.3833 3140.579 3126.5808 2941.8823 1161.5662 -550.9735 -2082.7422 3251.056 3140.8813 3156.6924 3172.3022 3187.9119 3203.2195 3218.527 3233.7341 3248.8403 3263.745 3278.549 3293.4539 -3291.8425 -3277.0386 -3262.5366 -3248.4375 -3234.0361 -2523.7427 3299.8992 3299.8992 3299.8992 3299.8992 3299.8992 3299.8992 3285.2966 3270.4924 3255.5876 3240.7837 3225.879 3211.377 3196.6736 3181.7688 3167.166 3152.9663 3138.0615 3123.5596 2787.3962 908.68835 -844.7388 -2207.62 3128.7964 3141.989 3157.6995 3173.3093 3188.7175 3204.2266 3219.4336 3234.5398 3249.646 3264.8528 3279.7576 3294.6624 -3290.8354 -3275.9307 -3261.4287 -3247.3296 -3233.029 -2088.986 3299.8992 3299.8992 3299.8992 3299.8992 3299.8992 3298.892 3283.8867 3268.982 3254.1777 3239.273 3224.469 3209.7656 3195.0623 3180.5603 3166.159 3151.2542 3136.5508 3122.653 2732.3088 813.21716 -911.8103 -2311.0474 3210.3699 3142.0898 3157.8003 3173.3093 3188.8184 3204.126 3219.5342 
3299.8992 3299.8992 3299.8992 3299.8992 3299.8992 3299.8992 3299.8992 3299.8992 3299.8992 3299.8992 3299.8992 -416.93115 -3166.3604 -3150.7507 -3135.3423 -3120.236 -3105.3313 -3090.4265 -3075.9246 -3061.4226 -3046.9207 -3032.721 -3018.3196 -3004.4219 -2990.5242 -2976.828 -2963.1316 -2949.4353 -2935.9404 -2922.647 -2909.253 -2023.3246 -603.5431 935.07385 2292.6177 3299.8992 3299.8992 3299.8992 3299.8992 3299.8992 3299.8992 3299.8992 3299.8992 3299.8992 3299.8992 3299.8992 3299.8992 3299.8992 3299.8992 3299.8992 3299.8992 -835.57434 -3160.8215 -3145.3125 -3129.904 -3114.7979 -3099.994 -3085.1897 -3070.5872 -3056.0852 -3041.6838 -3027.4841 -3013.5864 -2999.3865 -2985.2874 -2971.591 -2958.0962 -2944.4 -2930.905 -2917.6116 -2802.603 -1488.3636 57.10144 1518.4753 2879.9468 3299.8992 3299.8992 3299.8992 3299.8992 3299.8992 3299.8992 3299.8992 3299.8992 3299.8992 3299.8992 3299.8992 3299.8992 3299.8992 3299.8992 3299.8992 3299.8992 -1061.6638 -3166.7632 -3151.0527 -3135.846 -3120.639 -3105.7341 -3090.9302 -3076.3274 -3061.7249 -3047.3235 -3033.1238 -3018.7224 -3004.8247 -2991.0278 -2977.1301 -2963.4338 -2949.939 -2936.3433 -2922.9492 -2866.15 -1549.4934 -106.54907 1240.0177 2572.284 3299.8992 3299.8992 3299.8992 3299.8992 3299.8992 3299.8992 3299.8992 3299.8992 3299.8992 3299.8992 3299.8992 3299.8992 3299.8992 3299.8992 3299.8992 3299.8992 -1683.6365 -3164.6484 -3149.24 -3133.9324 -3118.8262 -3103.8208 -3089.1174 -3074.414 -3059.912 -3045.6116 -3031.2102 -3016.9097 -3002.9114 -2989.1143 -2975.418 -2961.7217 -2948.2268 -2934.732 -2921.237 -2668.7622 -1174.4568 292.65747 1657.4524 2950.7446 3299.8992 3299.8992 3299.8992 3299.8992 3299.8992 3299.8992 3299.8992 3299.8992 3299.8992 3299.8992 3299.8992 3299.8992 3299.8992 3299.8992 3299.8992 3299.8992 -2173.0774 -3168.576 -3153.067 -3137.7593 -3122.5525 -3107.7483 -3092.9443 -3078.241 -3063.739 -3049.3376 -3035.138 -3021.2402 -3006.9397 -2992.9412 -2979.0435 -2965.3472 -2951.7517 -2938.2568 -2924.762 -2863.8335 -1538.8184 -46.829224 1273.2513 2451.132 3299.8992 3299.8992 3299.8992 3299.8992 3299.8992 
3169.0796 3185.2935 3201.5076 3217.1172 3233.029 3248.941 3264.7522 3280.2612 3295.7703 -3288.6199 -3096.167 1903.482 3299.8992 3296.7773 3281.5703 3266.2627 3251.056 3235.8489 3220.7427 3205.3345 3190.0269 3174.417 3159.2102 3143.9026 3128.595 3113.5894 3098.7854 3083.7798 3066.2566 2761.2122 1302.0538 -130.719 -1175.061 -2149.109 -2975.418 3086.3982 3103.2166 3119.934 3136.4502 3152.8655 3169.1802 3185.2935 3201.709 3217.52 3233.2305 3249.1423 3264.7522 3280.4626 3296.0723 -3288.4185 -2798.7761 2466.0369 3299.8992 3293.8567 3278.549 3263.3423 3248.0347 3232.8276 3217.7214 3202.3132 3187.0056 3171.4966 3156.2896 3140.982 3125.7751 3110.7695 3095.8647 3080.96 3058.8042 2341.2598 796.49963 -468.49365 -1330.6549 -2174.286 -2988.208 3090.5273 3107.2449 3123.8616 3140.3777 3156.7932 3173.108 3189.3218 3205.536 3221.2463 3237.1582 3252.8687 3268.6797 3284.2896 3299.7986 -3284.6924 -2574.6 2889.4133 3299.8992 3295.3674 3280.1604 3264.8528 3249.646 3234.439 3219.2322 3203.9246 3188.516 3173.007 3157.6995 3142.3918 3127.2856 3112.3809 3097.3755 3082.4707 3064.2424 2543.3806 1045.752 -289.83765 -1280.3009 -2202.9875 -2962.326 3088.5132 3105.2307 3121.9482 3138.4644 3154.779 3171.2952 3187.3076 3203.7231 3219.5342 3235.2446 3251.1565 3266.867 3282.5774 3297.9858 -3286.5051 -2416.5894 3042.8923 3299.8992 3292.5476 3277.3406 3262.2344 3246.9268 3231.72 3216.4124 3201.2053 3185.797 3170.288 3154.4768 3139.6729 3124.6672 3109.6619 3094.757 3079.953 3060.4155 2374.3926 868.0023 -479.37012 -1375.7721 -2219.0002 -2982.1655 3089.1174 3106.137 3122.653 3139.3706 3155.5847 3171.7986 3188.0127 3203.7231 3219.937 3235.9497 3251.6602 3267.572 3283.2825 3298.6907 -3286.0015 -2055.3496 3299.8992 3299.8992 3290.634 3275.5278 3260.2202 3244.9126 3229.8064 3214.4988 3199.292 3183.783 3168.4753 3152.4626 3137.6587 3122.5525 3107.849 3092.9443 3077.9387 3059.7107 2457.376 872.6349 -439.79187 -1411.5234 -2248.1047 -3022.9521 3087.3047 3104.2236 3120.8403 3137.3564 3153.6711 
3299.8992 3299.8992 3299.8992 3299.8992 3299.8992 3299.8992 3299.8992 3299.8992 3299.8992 3299.8992 2721.4324 432.5409 -1282.6172 -2730.6975 -3149.3408 -3134.3352 -3119.6318 -3104.9285 -3090.4265 -3076.126 -3061.8254 -3047.7263 -3033.728 -3019.8303 -3005.7312 -2670.6755 -2201.0742 -1821.8079 -1641.2384 -1363.1836 -934.1675 -698.51074 -580.9845 -257.8125 68.68286 284.90295 826.0071 2065.0176 2762.4207 3299.8992 3299.8992 3299.8992 3299.8992 3299.8992 3299.8992 3299.8992 3299.8992 3299.8992 3299.8992 3299.8992 2770.578 575.9491 -1152.9053 -2506.32 -3145.111 -3130.005 -3115.3015 -3100.6987 -3086.0962 -3071.7957 -3057.495 -3043.4966 -3029.4983 -3015.6006 -2999.588 -2527.5696 -2128.7659 -1830.4688 -1516.4612 -1201.8494 -754.4037 -499.81384 -182.88574 7.9559326 223.7732 445.1294 981.9031 2262.808 2990.927 3299.8992 3299.8992 3299.8992 3299.8992 3299.8992 3299.8992 3299.8992 3299.8992 3299.8992 3299.8992 3299.8992 2664.9353 331.32935 -1302.1545 -2689.3066 -3148.7366 -3133.8318 -3119.0276 -3104.3242 -3089.8223 -3075.4211 -3061.2212 -3047.0215 -3033.023 -3019.1252 -2970.9868 -2629.788 -2164.92 -1773.7701 -1468.8263 -953.2013 -542.3126 -441.10107 -197.3877 22.25647 259.42383 401.42212 1073.7488 2439.2485 3262.8386 3299.8992 3299.8992 3299.8992 3299.8992 3299.8992 3299.8992 3299.8992 3299.8992 3299.8992 3299.8992 3299.8992 2372.2778 96.276855 -1353.1128 -2617.804 -3154.1748 -3139.27 -3124.4658 -3109.7625 -3095.3613 -3080.8594 -3066.6594 -3052.359 -3038.4612 -3024.362 -2936.6455 -2632.306 -2277.9143 -1835.907 -1571.6492 -1260.4614 -635.87036 -322.46704 -258.71887 -60.22339 150.35706 323.2727 1099.6307 2429.2786 3230.1086 3299.8992 3299.8992 3299.8992 3299.8992 3299.8992 3299.8992 3299.8992 3299.8992 3299.8992 3299.8992 3299.8992 2326.7578 18.429565 -1540.6311 -2800.5889 -3152.765 -3137.6587 -3122.9553 -3108.4534 -3093.9514 -3079.55 -3065.2495 -3051.0498 -3037.0513 -3023.1536 -2892.8374 -2698.9746 -2355.1575 -2050.0122 -1797.3358 -1294.2993 -731.14014 -509.3811 -277.9541 -12.286377 188.52539 540.802 1321.994 2545.7976 3299.8992 3299.8992 

-11.581421 -7.0495605 -1.2084961 2.2155762 -7.4523926 -13.595581 -7.2509766 -4.3304443 4.5318604 -10.876465 -27.996826 -17.926025 -8.560181 2.3162842 17.422485 32.226562 40.686035 45.117188 45.318604 20.040894 -3.7261963 -16.918945 -20.443726 -23.26355 -31.420898 -59.417725 -71.09985 -76.135254 -88.42163 -65.963745 -65.76233 -54.986572 -40.182495 -21.853638 -1.5106201 30.212402 59.21631 59.61914 54.986572 47.836304 78.25012 67.977905 54.885864 38.168335 30.111694 22.659302 26.78833 -3.0212402 -30.010986 -46.224976 -46.325684 -41.088867 -16.21399 17.825317 20.947266 22.558594 23.062134 47.634888 55.18799 59.1156 59.1156 59.1156 59.1156 59.1156 59.1156 59.1156 59.1156 59.1156 59.1156 59.1156 59.1156 59.1156 59.1156 59.1156 59.1156 59.1156 59.1156 59.1156 59.1156 59.1156 -46.224976 26.889038 48.742676 16.21399 -33.83789 -57.10144 -37.86621 -18.328857 -5.9417725 -14.099121 -19.436646 -8.358765 -1.2084961 9.365845 18.530273 14.904785 6.8481445 9.365845 4.1290283 3.6254883 3.0212402 -1.9134521 5.0354004 12.084961 13.293457 9.970093 2.1148682 9.466553 6.1431885 -1.5106201 4.8339844 -7.4523926 -5.2368164 1.9134521 3.3233643 7.9559326 13.998413 16.314697 21.450806 36.758423 42.90161 44.815063 35.046387 24.069214 21.350098 18.328857 -2.7191162 -10.876465 12.689209 13.293457 2.9205322 17.623901 36.053467 57.10144 77.84729 69.1864 43.606567 37.96692 15.005493 -43.00232 -95.67261 -99.801636 -87.716675 -68.07861 -50.152588 -31.723022 -24.77417 -5.6396484 10.473633 27.090454 13.494873 6.3446045 -8.358765 -12.890625 -14.804077 -6.0424805 -1.2084961 0.80566406 -1.0070801 -34.84497 -26.486206 -27.29187 -21.450806 -9.265137 4.9346924 -0.80566406 -3.8269043 -7.2509766 1.6113281 -7.7545166 -12.689209 -6.4453125 -10.876465 -4.2297363 8.358765 17.623901 7.9559326 8.862305 7.7545166 -9.466553 -2.1148682 -13.092041 -9.466553 1.3092041 2.9205322 -0.30212402 13.293457 23.867798 20.544434 16.21399 8.459473 1.8127441 -21.551514 -5.4382324 -7.3516846 -4.7332764 4.4311523 11.077881 26.486206 19.537354 
-145.9259 -128.302 -99.49951 -102.62146 -99.09668 -106.34766 -92.752075 -81.57349 -60.021973 -30.111694 -16.314697 3.2226562 37.96692 94.766235 142.80396 177.14539 184.09424 182.98645 177.3468 135.7544 104.53491 79.76074 64.35242 41.693115 22.25647 -18.530273 -53.878784 -93.35632 -147.33582 -146.12732 -158.4137 -143.00537 -136.25793 -143.91174 -134.94873 -104.63562 -64.75525 -72.71118 -68.68286 -60.021973 -43.00232 -49.850464 -25.579834 -26.28479 -26.184082 -26.78833 -29.205322 -33.83789 -19.940186 -18.127441 -20.947266 4.0283203 28.80249 45.822144 50.05188 43.606567 47.232056 65.15808 79.055786 83.08411 87.81738 73.516846 67.17224 53.274536 35.046387 37.261963 67.37366 82.88269 84.09119 94.46411 99.90234 113.39722 104.937744 101.815796 74.72534 32.629395 -23.76709 -92.44995 -133.53882 -128.90625 -94.86694 -77.041626 -79.055786 -109.87244 -140.28625 -133.13599 -89.02588 -85.198975 -73.61755 -79.35791 -81.06995 -58.914185 -36.657715 -20.544434 -11.480713 -7.9559326 -13.595581 6.5460205 12.689209 25.78125 25.982666 17.120361 22.76001 24.77417 28.903198 38.87329 41.592407 39.47754 36.557007 33.032227 39.47754 47.332764 52.06604 61.431885 56.5979 60.525513 74.92676 79.559326 70.29419 74.12109 66.16516 50.656128 73.21472 38.269043 31.32019 21.450806 22.155762 13.092041 21.954346 16.616821 4.2297363 8.862305 15.005493 18.530273 32.629395 40.786743 57.403564 89.63013 83.88977 83.78906 79.76074 48.843384 12.185669 -18.530273 -60.827637 -108.26111 -131.22253 -137.46643 -113.29651 -102.420044 -97.88818 -78.149414 -79.76074 -90.03296 -89.63013 -74.523926 -57.60498 -53.57666 -42.49878 -65.3595 -40.182495 -78.75366 -49.95117 -47.232056 -35.549927 -28.097534 -21.652222 -27.191162 -10.272217 -7.9559326 -8.862305 7.3516846 15.509033 30.413818 30.413818 23.162842 15.307617 19.839478 8.660889 13.092041 19.335938 34.84497 32.125854 12.286377 -5.4382324 -12.084961 -4.0283203 -19.73877 -2.6184082 17.321777 36.254883 32.125854 31.219482 49.649048 64.453125 80.26428 98.89526 96.98181 85.80322 90.13367 
3299.8992 3299.8992 3299.8992 3299.8992 3299.8992 3299.8992 3299.8992 3299.8992 3299.8992 3293.756 2543.8843 3287.4114 3299.8992 -3279.1533 -3262.738 -3246.524 -3230.4106 -3214.4988 -3198.6877 -3183.1787 -3167.6697 -3152.1606 -3137.4573 -3122.0488 -3107.2449 -3092.5415 -3077.9387 -3063.5376 -3049.1362 -3034.9365 -2632.5073 -51.260376 2815.4937 3299.8992 3299.8992 3299.8992 3299.8992 3299.8992 3299.8992 3299.8992 3299.8992 3299.8992 3299.8992 3299.8992 3299.8992 3299.8992 3299.8992 3299.8992 3299.8992 3295.468 1976.3947 3291.4397 -3291.742 -3275.125 -3258.8103 -3242.4956 -3226.4832 -3210.6719 -3194.8608 -3179.3518 -3163.8428 -3148.938 -3133.429 -3118.8262 -3104.0222 -3089.1174 -3074.414 -3059.912 -3045.6116 -3031.311 -2385.5713 528.1128 3299.8992 3299.8992 3299.8992 3299.8992 3299.8992 3299.8992 3299.8992 3299.8992 3299.8992 3299.8992 3299.8992 3299.8992 3299.8992 3299.8992 3299.8992 3299.8992 3299.8992 3293.051 1503.772 3290.7349 -3292.4468 -3275.83 -3259.5154 -3243.3013 -3227.2888 -3211.2761 -3195.6665 -3179.956 -3164.6484 -3149.6428 -3134.738 -3119.3298 -3104.425 -3089.8223 -3075.3203 -3060.9192 -3046.6187 -3032.318 -2215.4753 467.9901 3299.8992 3299.8992 3299.8992 3299.8992 3299.8992 3299.8992 3299.8992 3299.8992 3299.8992 3299.8992 3299.8992 3299.8992 3299.8992 3299.8992 3299.8992 3299.8992 3299.8992 3291.9434 694.78455 3292.1448 -3291.0369 -3274.5208 -3258.1055 -3241.8914 -3225.879 -3210.0676 -3194.3572 -3178.8481 -3163.339 -3147.7295 -3132.4219 -3118.0205 -3103.2166 -3088.3118 -3073.5076 -3059.1064 -3044.705 -3030.5054 -2130.1758 709.5886 3299.8992 3299.8992 3299.8992 3299.8992 3299.8992 3299.8992 3299.8992 3299.8992 3299.8992 3299.8992 3299.8992 3299.8992 3299.8992 3299.8992 3299.8992 3299.8992 3299.8992 3291.641 -191.44592 3294.159 -3289.0227 -3272.5066 -3256.0913 -3239.8772 -3223.8647 -3208.0535 -3192.4438 -3176.834 -3161.325 -3146.521 -3131.5154 -3116.1072 -3101.2024 -3086.7004 -3072.299 -3057.797 -3043.5974 -3029.3975 -2082.2388 798.4131 3299.8992 3299.8992 3299.8992 3299.8992 3299.8992 3299.8992 3299.8992 3299.8992 
3299.8992 3299.8992 3299.8992 3299.8992 3299.8992 3299.8992 3299.8992 3286.3037 3271.6003 3256.5947 2132.089 3251.7607 3267.6726 3283.383 3298.7915 -3285.901 -3270.6938 -3255.789 -3240.7837 -3226.0803 -3211.4775 -3197.2778 -3182.5745 -3168.3745 -3154.1748 -3139.8743 -3126.178 -3112.3809 -3098.584 -3085.1897 -1576.181 1031.7535 3299.8992 3299.8992 3299.8992 3299.8992 3299.8992 3299.8992 3299.8992 3299.8992 3299.8992 3299.8992 3299.8992 3299.8992 3299.8992 3299.8992 3299.1943 3284.793 3270.0896 3255.1848 1531.7688 3252.4658 3268.3777 3283.9873 3299.3958 -3285.2966 -3270.0896 -3255.0842 -3240.28 -3225.5767 -3210.8733 -3196.6736 -3181.9702 -3167.871 -3153.6711 -3139.3706 -3125.6743 -3111.7766 -3098.0803 -3084.5854 -1546.4722 750.37537 2971.4905 3299.8992 3299.8992 3299.8992 3299.8992 3299.8992 3299.8992 3299.8992 3299.8992 3299.8992 3299.8992 3299.8992 3299.8992 3299.8992 3299.8992 3287.6128 3272.9094 3257.7026 858.9386 3257.5012 3273.3123 3288.922 3299.8992 -3280.4626 -3265.2556 -3250.3508 -3235.446 -3220.8435 -3206.1401 -3191.5374 -3177.3376 -3163.1377 -3149.0386 -3134.8389 -3121.1426 -3107.3455 -3093.6492 -3080.0537 -1176.5717 1210.1074 3299.8992 3299.8992 3299.8992 3299.8992 3299.8992 3299.8992 3299.8992 3299.8992 3299.8992 3299.8992 3299.8992 3299.8992 3299.8992 3299.8992 3299.8992 3286.7065 3272.0032 3256.9976 357.1106 3258.1055 3274.0173 3289.5264 3299.8992 -3279.7576 -3264.6514 -3249.646 -3234.8418 -3220.1384 -3205.536 -3190.933 -3176.7334 -3162.5334 -3148.4343 -3134.6375 -3120.5383 -3106.7412 -3093.045 -3077.133 -1058.7433 1207.6904 3299.8992 3299.8992 3299.8992 3299.8992 3299.8992 3299.8992 3299.8992 3299.8992 3299.8992 3299.8992 3299.8992 3299.8992 3299.8992 3299.8992 3299.8992 3286.908 3272.1038 3256.897 -470.10498 3260.5225 3276.3335 3291.9434 3299.8992 -3277.4414 -3262.3352 -3247.3296 -3232.5256 -3217.9229 -3203.2195 -3188.617 -3174.417 -3160.4187 -3146.3196 -3132.5225 -3118.4233 -3104.5256 -3091.0308 -3077.4353 -1112.8235 1235.6873 3299.8992 3299.8992 3299.8992 3299.8992 3299.8992 3299.8992 3299.8992 3299.8992 
3234.6404 3249.7466 3264.5508 3279.657 3294.461 -3290.7349 -3276.535 -3261.731 -3247.229 -3232.727 -1752.7222 3299.8992 3299.8992 3299.8992 3299.8992 3299.8992 3297.1802 3282.376 3267.572 3252.7678 3237.863 3223.059 3208.1543 3193.35 3178.6467 3164.0442 3150.0457 3135.0403 3120.4375 2681.9548 758.432 -991.87317 -2402.893 3126.178 3141.989 3157.6995 3173.2085 3188.8184 3204.2266 3219.3328 3234.5398 3249.5452 3264.8528 3279.5562 3294.6624 -3290.5334 -3276.3335 -3261.5295 -3246.9268 -3232.6262 -1249.0814 3299.8992 3299.8992 3299.8992 3299.8992 3299.8992 3295.2666 3280.1604 3265.5579 3250.653 3235.8489 3221.045 3206.0393 3191.034 3176.834 3162.4329 3147.528 3132.9253 3115.1 2408.5327 437.4756 -1304.773 -2674.7039 3129.904 3145.816 3161.4258 3177.0354 3192.343 3207.852 3222.9583 3238.0645 3253.2715 3268.2769 3283.2825 3297.885 -3287.21 -3273.2117 -3258.307 -3243.805 -3229.605 -809.39026 3299.8992 3299.8992 3299.8992 3299.8992 3299.8992 3296.3745 3281.4697 3266.7664 3251.8616 3236.856 3222.1526 3207.1472 3192.4438 3177.7405 3163.2385 3149.0386 3134.0332 3117.3157 2480.136 353.58582 -1269.4244 -2613.272 3130.307 3146.2188 3161.8286 3177.4382 3192.8467 3208.255 3223.361 3238.6687 3253.6743 3268.881 3283.786 3298.3887 -3287.0085 -3272.0032 -3257.5012 -3243.402 -3229.1016 -394.7754 3299.8992 3299.8992 3299.8992 3299.8992 3299.8992 3294.8638 3280.1604 3265.3564 3250.5522 3235.7483 3220.8435 3206.1401 3191.2354 3177.1362 3162.6343 3147.7295 3133.0261 3116.3086 2368.451 320.35217 -1254.2175 -2600.885 3130.4077 3146.1182 3161.8286 3177.3376 3192.8467 3208.1543 3223.361 3238.568 3253.6743 3268.4783 3283.484 3297.885 -3287.4114 -3272.406 -3257.904 -3243.9055 -3229.5044 138.67493 3299.8992 3299.8992 3299.8992 3299.8992 3299.8992 3292.5476 3277.7434 3263.04 3248.236 3233.5327 3218.3257 3203.8237 3189.2212 3174.6184 3159.915 3145.9167 3131.012 3112.985 2259.7869 209.57336 -1332.4677 -2649.6277 3129.2998 3145.111 3160.8215 3176.3306 3191.8396 3207.1472 3222.354 
3299.8992 3299.8992 3299.8992 3299.8992 3299.8992 3299.8992 3299.8992 3299.8992 3299.8992 3299.8992 3251.358 -2587.6921 -3161.9292 -3146.4202 -3131.314 -3116.1072 -3101.2024 -3086.3982 -3071.8962 -3057.2937 -3042.8923 -3028.7932 -3014.9963 -3000.6958 -2986.798 -2972.7996 -2959.3047 -2945.7092 -2932.1135 -2919.0215 -2628.479 -1248.2758 82.88269 1340.7257 2521.4263 3299.8992 3299.8992 3299.8992 3299.8992 3299.8992 3299.8992 3299.8992 3299.8992 3299.8992 3299.8992 3299.8992 3299.8992 3299.8992 3299.8992 3299.8992 3178.5461 -2805.3223 -3159.0088 -3143.4998 -3128.3936 -3113.388 -3098.4832 -3083.5784 -3069.0764 -3054.6753 -3040.274 -3026.0742 -3011.6729 -2997.7751 -2984.0789 -2970.3826 -2956.5857 -2943.0908 -2929.596 -2916.3025 -2612.4663 -1042.9321 434.55505 1742.2485 2951.248 3299.8992 3299.8992 3299.8992 3299.8992 3299.8992 3299.8992 3299.8992 3299.8992 3299.8992 3299.8992 3299.8992 3299.8992 3299.8992 3299.8992 3299.8992 2686.9902 -3174.5178 -3158.7065 -3143.2983 -3127.9907 -3113.086 -3098.0803 -3083.377 -3068.7744 -3054.373 -3040.0725 -3025.772 -3011.5723 -2997.5737 -2983.8774 -2970.0806 -2956.3843 -2942.8894 -2929.3945 -2916.2017 -2531.598 -1171.7377 211.58752 1501.7578 2638.3484 3299.8992 3299.8992 3299.8992 3299.8992 3299.8992 3299.8992 3299.8992 3299.8992 3299.8992 3299.8992 3299.8992 3299.8992 3299.8992 3299.8992 3299.8992 2634.9243 -3170.1873 -3154.4768 -3138.9678 -3123.6602 -3108.7554 -3093.9514 -3079.248 -3064.6453 -3050.2441 -3035.9436 -3021.643 -3007.9468 -2993.8477 -2979.849 -2966.0522 -2952.4565 -2938.9617 -2925.5676 -2912.0728 -2391.211 -982.2052 368.69202 1615.155 2913.4827 3299.8992 3299.8992 3299.8992 3299.8992 3299.8992 3299.8992 3299.8992 3299.8992 3299.8992 3299.8992 3299.8992 3299.8992 3299.8992 3299.8992 3299.8992 2244.1772 -3168.576 -3152.664 -3137.3564 -3122.1497 -3107.144 -3092.34 -3077.6367 -3063.1348 -3048.6328 -3034.3323 -3020.2332 -3006.436 -2992.1355 -2978.3386 -2964.6423 -2950.946 -2937.3503 -2924.057 -2910.7634 -2160.9924 -596.4935 902.24304 2199.06 3247.4304 3299.8992 3299.8992 3299.8992 3299.8992 3299.8992 
3170.0867 3186.3005 3202.011 3218.1243 3234.137 3249.948 3265.7593 3281.369 3296.9788 -3287.7136 -1859.5734 3299.8992 3299.8992 3287.6128 3272.5066 3257.0984 3241.9922 3226.886 3211.5784 3196.3713 3180.9631 3165.6555 3149.8442 3134.8389 3119.8333 3104.9285 3090.225 3075.2197 3055.9844 2370.9685 757.2235 -609.5856 -1550.8026 -2380.133 -3015.3992 3087.7075 3104.6265 3121.1426 3137.6587 3153.9734 3170.4895 3186.6028 3202.2124 3218.527 3234.439 3250.4517 3266.0613 3281.5703 3297.2808 -3287.3108 -1423.9105 3299.8992 3299.8992 3285.498 3270.1904 3254.782 3239.8772 3224.469 3209.4634 3194.0552 3178.6467 3163.44 3148.0315 3132.7239 3117.6177 3102.713 3087.808 3072.4 2986.5967 2080.728 542.61475 -595.48645 -1501.355 -2240.2495 -2874.9114 3086.3982 3103.3171 3119.934 3136.4502 3152.765 3169.1802 3185.2935 3201.5076 3217.1172 3233.2305 3249.0417 3264.7522 3280.4626 3295.9717 -3288.6199 -1127.124 3299.8992 3297.6836 3282.6782 3267.4712 3252.2644 3237.0574 3221.9512 3206.6436 3191.336 3176.0283 3160.62 3145.413 3130.2063 3114.9993 3100.0945 3085.2905 3069.7815 3023.2544 2054.8462 414.21204 -820.66956 -1803.5797 -2668.5608 3231.5186 3091.635 3108.4534 3125.171 3141.4856 3157.901 3174.115 3190.3289 3206.543 3222.1526 3238.0645 3253.8757 3269.6868 3285.1958 3299.8992 -3283.8867 -768.2007 3299.8992 3299.8992 3285.1958 3269.989 3254.6814 3239.6758 3224.2676 3209.1614 3193.8538 3178.4453 3163.037 3147.83 3132.5225 3117.517 3102.5115 3087.6067 3072.8027 3052.2583 2187.1765 627.00806 -600.62256 -1571.2463 -2508.838 3280.3618 3089.3188 3106.0364 3122.653 3139.1692 3155.3833 3171.698 3187.9119 3204.2266 3219.937 3235.7483 3251.5593 3267.3706 3282.8796 3298.4893 -3286.203 -365.46936 3299.8992 3295.8708 3280.7646 3265.6584 3250.3508 3235.2446 3220.1384 3204.8308 3189.624 3174.2156 3158.7065 3143.6003 3128.4941 3113.2874 3098.3826 3083.6792 3067.3645 2963.4338 2014.6637 447.24426 -778.6743 -1735.2997 -2679.84 3197.9827 3090.1245 3106.7412 3123.3582 3139.8743 3156.2896 
3299.8992 3299.8992 3299.8992 3299.8992 3299.8992 3299.8992 3299.8992 3299.8992 3299.8992 3299.8992 2204.0955 -111.38306 -1550.7019 -2868.567 -3150.1465 -3135.2417 -3120.4375 -3105.7341 -3091.2322 -3076.831 -3062.5305 -3048.532 -3034.5337 -3020.5352 -2985.6902 -2622.94 -2182.2417 -1815.1611 -1555.5359 -1176.1688 -731.14014 -659.73816 -529.1199 -298.0957 50.857544 401.2207 1150.2869 2319.406 2876.724 3299.8992 3299.8992 3299.8992 3299.8992 3299.8992 3299.8992 3299.8992 3299.8992 3299.8992 3299.8992 3299.8992 2022.6196 -280.06897 -1869.9463 -3153.6711 -3138.6658 -3123.761 -3109.0576 -3094.4548 -3080.1543 -3065.7532 -3051.7546 -3037.555 -3023.6572 -3008.2488 -2670.575 -2242.566 -1865.4144 -1412.8326 -1151.7975 -1127.2247 -759.13696 -755.00793 -458.02002 -149.7528 266.4734 633.25195 1504.779 2699.2766 3299.8992 3299.8992 3299.8992 3299.8992 3299.8992 3299.8992 3299.8992 3299.8992 3299.8992 3299.8992 3299.8992 3299.8992 1860.4797 -368.28918 -1798.4436 -3021.1394 -3143.9026 -3129.0984 -3114.395 -3099.6917 -3085.1897 -3070.8892 -3056.6895 -3042.5903 -3028.6926 -3014.795 -2744.5952 -2284.6619 -1925.7385 -1643.0511 -1407.9987 -1264.6912 -774.4446 -546.34094 -359.02405 -58.813477 255.69763 632.7484 1579.7058 2776.3184 3299.8992 3299.8992 3299.8992 3299.8992 3299.8992 3299.8992 3299.8992 3299.8992 3299.8992 3299.8992 3299.8992 3299.8992 1613.443 -554.599 -1958.4686 -3152.4626 -3143.6003 -3128.7964 -3113.9922 -3099.3896 -3084.9883 -3070.7886 -3056.488 -3042.389 -3028.4912 -3014.392 -2949.5361 -2546.6033 -2167.7397 -1792.5018 -1467.1143 -1119.9738 -486.7218 -360.03113 -192.25159 44.210815 190.74097 545.13245 1519.6838 2601.6907 3299.8992 3299.8992 3299.8992 3299.8992 3299.8992 3299.8992 3299.8992 3299.8992 3299.8992 3299.8992 3299.8992 3298.4893 1366.8091 -696.4966 -2063.1042 -3153.772 -3138.6658 -3123.8616 -3109.1582 -3094.757 -3080.2551 -3065.9546 -3051.8555 -3037.6555 -3023.7578 -3005.3284 -2743.3867 -2373.3855 -2004.2908 -1947.0886 -1837.1155 -1627.945 -1025.6104 -775.7538 -480.07507 -290.5426 31.32019 497.09473 1584.9426 2745.9045 3299.8992 3299.8992 

10.473633 0.40283203 21.954346 40.48462 57.20215 47.93701 39.578247 66.467285 91.94641 99.60022 111.483765 123.065186 87.11243 31.622314 -23.565674 -43.00232 -53.274536 -53.375244 -58.71277 -49.749756 -25.177002 -4.6325684 11.279297 22.961426 11.077881 -39.276123 -62.841797 -81.37207 -104.53491 -121.15173 -96.37756 -56.09436 -7.2509766 27.090454 40.585327 46.42639 37.664795 36.4563 48.03772 43.90869 37.161255 47.43347 23.76709 -22.457886 -69.992065 -83.184814 -72.9126 -54.382324 -46.829224 -44.210815 -37.36267 -31.118774 -36.758423 -24.975586 -19.335938 -3.5247803 -0.20141602 9.365845 8.660889 8.157349 -17.926025 -32.125854 -1.5106201 29.608154 79.35791 79.45862 76.84021 83.184814 95.97473 93.55774 67.977905 36.35559 13.796997 -64.05029 -123.97156 -129.40979 -118.029785 -102.11792 -68.28003 -40.98816 -25.378418 -22.357178 -14.099121 -32.125854 -31.723022 -39.175415 -28.399658 -8.660889 14.804077 23.867798 -6.1431885 -38.47046 -53.375244 -62.74109 -69.08569 -67.8772 -51.5625 -5.3375244 22.76001 51.159668 61.532593 71.90552 86.10535 84.39331 66.56799 48.641968 42.800903 48.742676 68.07861 75.83313 80.06287 76.7395 57.806396 7.7545166 -32.125854 -49.749756 -28.903198 -18.127441 8.258057 40.686035 47.735596 21.954346 37.36267 62.13684 44.41223 -12.084961 -43.50586 -51.05896 -39.98108 -62.74109 -55.792236 -31.622314 -22.357178 -14.401245 -26.385498 -32.226562 -34.34143 -23.76709 -16.012573 -26.28479 -32.629395 -15.911865 23.867798 38.067627 56.19507 55.288696 46.728516 55.59082 73.21472 74.12109 32.93152 -43.50586 -113.39722 -112.89368 -74.2218 -38.067627 -33.9386 -34.240723 -11.782837 -19.940186 -24.371338 -22.357178 -33.636475 -39.175415 -7.9559326 15.811157 30.31311 21.350098 16.314697 9.667969 11.883545 6.2438965 -3.5247803 -22.860718 -36.657715 -29.30603 -20.343018 -19.134521 -18.22815 -12.689209 -12.689209 -12.689209 -12.689209 -12.689209 -12.689209 -12.689209 -12.689209 -12.689209 -12.689209 -12.689209 -12.689209 -12.689209 -12.689209 -12.689209 -12.689209 -12.689209 -12.689209 -12.689209 -12.689209 -12.689209 4.4311523 16.918945 13.696289 22.357178 16.21399 3.7261963 7.0495605 -2.3162842 -1.3092041 0.10070801 3.3233643 2.8198242 4.5318604 -8.157349 -28.80249 -35.44922 -18.328857 1.3092041 5.1361084 0.70495605 
80.06287 43.304443 44.0094 45.620728 84.191895 68.58215 66.467285 54.986572 67.57507 64.956665 82.37915 98.291016 95.87402 59.61914 13.897705 -18.933105 -51.763916 -64.85596 -96.47827 -119.84253 -111.483765 -105.340576 -53.375244 -11.782837 -6.5460205 -19.839478 -30.31311 -37.664795 -44.311523 -61.935425 -52.267456 -50.454712 -29.205322 -13.696289 -24.169922 -30.917358 -29.708862 -52.267456 -67.77649 -77.645874 -93.35632 -106.04553 -83.99048 -95.269775 -50.857544 -44.0094 -31.622314 -23.26355 -11.782837 -6.0424805 13.293457 25.27771 15.811157 25.378418 55.993652 76.94092 68.28003 72.30835 66.26587 48.339844 8.862305 -13.192749 -5.3375244 -26.385498 -7.6538086 -9.365845 -16.516113 -9.869385 4.8339844 12.084961 22.558594 4.1290283 14.199829 18.22815 2.2155762 -2.0141602 4.5318604 2.0141602 0.70495605 3.8269043 -17.825317 -30.917358 -27.191162 -28.601074 -17.22107 -29.30603 -23.364258 -21.24939 -5.1361084 -11.782837 -31.723022 -40.48462 -44.210815 -42.800903 -47.53418 -53.878784 -40.38391 -14.401245 2.2155762 20.947266 27.493286 25.579834 37.96692 71.7041 74.82605 65.56091 66.16516 66.6687 85.09827 83.688354 103.52783 102.52075 95.67261 75.027466 34.240723 -13.494873 -26.889038 -47.93701 -56.09436 -25.982666 -12.789917 -20.846558 -8.258057 -38.067627 -85.90393 -112.28943 -91.14075 -78.95508 -76.84021 -80.56641 -66.56799 -28.903198 8.761597 58.10852 78.95508 83.48694 98.19031 124.77722 136.45935 128.10059 97.08252 88.0188 102.923584 111.18164 101.61438 59.71985 18.127441 -11.883545 -12.890625 -31.521606 -31.521606 -44.311523 -48.843384 -14.804077 -24.874878 -36.254883 -68.28003 -94.16199 -86.40747 -69.38782 -68.68286 -63.74817 -75.531006 -84.79614 -72.40906 -65.56091 -50.756836 -55.892944 -42.599487 -41.592407 -27.79541 -16.113281 -18.026733 -18.630981 -20.645142 -4.2297363 12.084961 38.87329 35.549927 28.80249 8.761597 -7.0495605 -31.622314 -23.968506 -17.422485 -26.385498 -32.125854 -57.907104 -56.09436 -53.778076 -30.615234 -20.443726 -14.501953 -13.998413 -11.782837 -3.1219482 -19.73877 -12.487793 -22.155762 -19.335938 -18.22815 -1.8127441 1.4099121 4.0283203 4.5318604 -10.070801 1.5106201 0.80566406 12.185669 13.293457 8.560181 14.300537 22.76001 26.486206 18.832397 11.077881 12.487793 30.31311 36.95984 36.053467 
3299.8992 3299.8992 3299.8992 3299.8992 3299.8992 3299.8992 3299.8992 3299.8992 3299.8992 3291.8425 -985.8307 3296.576 -3286.7065 -3270.1904 -3253.775 -3237.7625 -3221.7498 -3205.9387 -3190.2283 -3174.6184 -3159.2102 -3143.7012 -3128.9978 -3113.7908 -3098.9868 -3084.2834 -3069.882 -3055.481 -3041.1804 -3027.0813 -1638.9221 1197.0154 3299.8992 3299.8992 3299.8992 3299.8992 3299.8992 3299.8992 3299.8992 3299.8992 3299.8992 3299.8992 3299.8992 3299.8992 3299.8992 3299.8992 3299.8992 3299.8992 3299.8992 3290.1306 -1935.4065 3297.1802 -3286.1023 -3269.4854 -3253.1707 -3237.1582 -3221.045 -3205.2336 -3189.624 -3173.9136 -3158.606 -3143.8018 -3128.2927 -3113.7908 -3098.9868 -3084.1826 -3069.2778 -3054.9773 -3040.6768 -3026.5776 -1688.5712 1153.8116 3299.8992 3299.8992 3299.8992 3299.8992 3299.8992 3299.8992 3299.8992 3299.8992 3299.8992 3299.8992 3299.8992 3299.8992 3299.8992 3299.8992 3299.8992 3299.8992 3299.8992 3290.1306 -2649.124 3298.892 -3284.3901 -3267.874 -3251.5593 -3235.5469 -3219.5342 -3203.6223 -3188.0127 -3172.5037 -3157.196 -3141.5862 -3126.8828 -3111.676 -3096.8718 -3082.3699 -3067.868 -3053.4668 -3039.2668 -3025.1677 -1330.3528 1578.2959 3299.8992 3299.8992 3299.8992 3299.8992 3299.8992 3299.8992 3299.8992 3299.8992 3299.8992 3299.8992 3299.8992 3299.8992 3299.8992 3299.8992 3299.8992 3299.8992 3299.8992 3287.7136 3281.8726 3299.0935 -3284.2896 -3267.7734 -3251.4587 -3235.3455 -3219.4336 -3203.5217 -3188.0127 -3172.5037 -3157.0952 -3141.5862 -3126.48 -3111.8774 -3097.174 -3082.1685 -3067.6665 -3053.1646 -3038.864 -3024.765 -1062.6709 1871.8597 3299.8992 3299.8992 3299.8992 3299.8992 3299.8992 3299.8992 3299.8992 3299.8992 3299.8992 3299.8992 3299.8992 3299.8992 3299.8992 3299.8992 3299.8992 3299.8992 3299.8992 3285.0952 3280.966 3298.0864 -3285.0952 -3268.6797 -3252.4658 -3236.2517 -3220.2393 -3204.428 -3188.8184 -3173.2085 -3158.0017 -3142.996 -3128.1921 -3112.7837 -3097.879 -3083.377 -3069.0764 -3054.6753 -3040.274 -3026.1748 -1240.5212 1671.2494 3299.8992 3299.8992 3299.8992 3299.8992 3299.8992 3299.8992 3299.8992 3299.8992 3299.8992 3299.8992 3299.8992 3299.8992 3299.8992 3299.8992 3299.8992 3299.8992 3299.8992 3285.3972 3283.484 3299.8992 -3282.7788 -3266.2627 -3249.948 -3233.9355 -3217.9229 -3202.1118 -3186.502 -3170.993 
3299.8992 3299.8992 3299.8992 3299.8992 3299.8992 3299.8992 3299.8992 3289.0227 3274.2188 3259.0117 -1333.4747 3264.9536 3280.7646 3296.2737 -3288.3179 -3273.1108 -3258.0046 -3243.2007 -3228.296 -3213.794 -3199.0906 -3184.4878 -3170.3887 -3156.189 -3142.0898 -3128.4941 -3114.395 -3100.5981 -3087.0024 -3006.5369 -784.7168 1743.8599 3299.8992 3299.8992 3299.8992 3299.8992 3299.8992 3299.8992 3299.8992 3299.8992 3299.8992 3299.8992 3299.8992 3299.8992 3299.8992 3299.8992 3299.8992 3287.915 3273.2117 3257.904 -1727.7466 3265.0542 3280.8655 3296.3745 -3288.217 -3273.1108 -3258.0046 -3243.0999 -3228.296 -3213.5925 -3199.0906 -3184.3872 -3170.3887 -3156.189 -3142.0898 -3128.3936 -3114.2944 -3100.5981 -3086.9019 -2966.858 -799.21875 1238.0035 3299.8992 3299.8992 3299.8992 3299.8992 3299.8992 3299.8992 3299.8992 3299.8992 3299.8992 3299.8992 3299.8992 3299.8992 3299.8992 3299.8992 3299.8992 3291.2383 3276.4343 3260.9253 -2496.2493 3270.0896 3285.901 3299.8992 -3283.1816 -3268.0754 -3252.9692 -3238.1653 -3223.361 -3208.7585 -3194.2566 -3180.0566 -3165.6555 -3151.4556 -3137.2559 -3123.1567 -3109.561 -3095.8647 -3082.3699 -2702.1973 -289.93835 1972.467 3299.8992 3299.8992 3299.8992 3299.8992 3299.8992 3299.8992 3299.8992 3299.8992 3299.8992 3299.8992 3299.8992 3299.8992 3299.8992 3299.8992 3299.8992 3287.8142 3273.1108 3257.6018 3253.372 3269.3848 3284.9944 3299.8992 -3284.0881 -3268.881 -3253.8757 -3238.971 -3224.1667 -3209.5642 -3195.0623 -3180.8623 -3166.3604 -3152.2612 -3138.162 -3124.063 -3110.4675 -3096.7712 -3083.377 -2777.0232 -405.65186 1883.844 3299.8992 3299.8992 3299.8992 3299.8992 3299.8992 3299.8992 3299.8992 3299.8992 3299.8992 3299.8992 3299.8992 3299.8992 3299.8992 3299.8992 3299.8992 3288.6199 3273.816 3258.206 3254.782 3270.996 3286.6057 3299.8992 -3282.4768 -3267.3706 -3252.365 -3237.4602 -3222.6562 -3208.0535 -3193.5515 -3179.4524 -3164.8499 -3150.8513 -3136.6516 -3122.653 -3109.0576 -3095.3613 -3081.7656 -2880.7524 -661.5509 1544.458 3299.8992 3299.8992 3299.8992 3299.8992 3299.8992 3299.8992 3299.8992 3299.8992 3299.8992 3299.8992 3299.8992 3299.8992 3299.8992 3299.8992 3299.8992 3293.051 3278.247 3262.8386 3261.2273 3277.24 3293.1519 3299.8992 -3276.132 -3261.2273 -3246.3225 -3231.1157 -3216.7144 -3201.8096 
3237.561 3252.5664 3267.7734 3282.7788 3297.2808 -3288.1165 -3273.0103 -3258.5083 -3244.5098 -3230.2092 358.11768 3299.8992 3299.8992 3299.8992 3299.8992 3299.8992 3291.1377 3276.233 3261.5295 3246.6248 3231.8206 3216.9158 3202.4138 3187.6099 3173.2085 3158.8074 3144.0032 3129.2998 3109.8633 1918.5883 -204.73938 -1737.5153 -2996.768 3135.2417 3151.0527 3166.5618 3182.1716 3197.5798 3212.8875 3227.9937 3243.2007 3258.206 3273.0103 3287.915 3299.8992 -3282.376 -3268.2769 -3253.5735 -3239.0715 -3224.771 939.8071 3299.8992 3299.8992 3299.8992 3299.8992 3299.8992 3294.058 3279.3547 3264.5508 3249.646 3234.8418 3219.937 3204.9316 3190.4297 3175.424 3161.023 3146.9238 3131.8176 3112.7837 1974.6826 -29.003906 -1558.4564 -2800.4883 3134.5366 3150.247 3165.857 3181.5674 3196.9756 3212.1826 3227.4902 3242.4956 3257.6018 3272.8088 3287.7136 3299.8992 -3283.081 -3268.1763 -3253.775 -3239.6758 -3225.476 1543.4509 3299.8992 3299.8992 3299.8992 3299.8992 3299.8992 3291.339 3276.535 3261.6301 3246.9268 3231.9214 3217.1172 3202.5146 3187.8113 3173.5107 3159.0088 3144.3054 3129.5012 3066.6594 1748.3917 -292.05322 -1825.8362 -3079.55 3137.4573 3153.3691 3169.0796 3184.6892 3199.9968 3215.3044 3230.4106 3245.6177 3260.623 3275.5278 3290.2312 3299.8992 -3280.1604 -3265.9607 -3251.1565 -3236.7554 -3222.4548 2024.9359 3299.8992 3299.8992 3299.8992 3299.8992 3299.8992 3292.4468 3277.7434 3262.9395 3247.9338 3233.13 3218.225 3203.3203 3188.4155 3174.0142 3159.7136 3144.9097 3130.005 3065.8538 1702.4689 -282.68738 -1759.2682 -3057.0923 3138.0615 3153.8726 3169.4824 3185.092 3200.5005 3215.7073 3231.015 3246.121 3261.1267 3275.83 3290.8354 3299.8992 -3280.0598 -3265.155 -3250.7537 -3236.6545 -3222.5554 2463.7207 3299.8992 3299.8992 3299.8992 3299.8992 3299.8992 3290.9363 3276.132 3261.2273 3246.4233 3231.5186 3216.6138 3202.1118 3187.207 3172.9065 3158.4045 3143.7012 3128.897 3078.3416 1781.1218 -181.37512 -1749.0967 -3018.219 3135.846 3151.7578 3167.3674 3182.8765 3198.184 3213.693 3228.7993 3243.9055 3259.0117 3273.715 3288.8213 3299.8992 -3281.7717 -3267.572 -3252.8687 -3238.3667 -3220.1384 3065.451 3299.8992 3299.8992 3299.8992 3299.8992 3299.8992 3287.21 3272.3052 3257.199 3242.5964 
3299.8992 3299.8992 3299.8992 3299.8992 3299.8992 3299.8992 3299.8992 3299.8992 3299.8992 3299.8992 1791.8976 -3173.007 -3157.2966 -3141.8884 -3126.7822 -3111.5752 -3096.8718 -3082.0679 -3067.566 -3053.064 -3038.7634 -3024.5635 -3010.263 -2996.466 -2982.5684 -2968.872 -2955.1758 -2941.7815 -2928.2866 -2914.8926 -2485.7756 -1253.1097 261.7401 1845.575 3142.0898 3299.8992 3299.8992 3299.8992 3299.8992 3299.8992 3299.8992 3299.8992 3299.8992 3299.8992 3299.8992 3299.8992 3299.8992 3299.8992 3299.8992 3299.8992 1581.9214 -3166.864 -3151.1536 -3135.745 -3120.639 -3105.6335 -3090.8293 -3076.2268 -3061.624 -3047.122 -3032.8215 -3018.6218 -3004.9255 -2990.7256 -2976.828 -2963.1316 -2949.5361 -2935.9404 -2922.4456 -2909.3535 -2202.2827 -876.4618 524.0845 1887.8723 2998.5808 3299.8992 3299.8992 3299.8992 3299.8992 3299.8992 3299.8992 3299.8992 3299.8992 3299.8992 3299.8992 3299.8992 3299.8992 3299.8992 3299.8992 3299.8992 1241.3269 -3163.339 -3147.6287 -3132.321 -3117.1143 -3102.2095 -3087.4053 -3072.702 -3058.0994 -3043.7988 -3029.4983 -3015.3992 -3001.703 -2987.503 -2973.706 -2959.909 -2946.3135 -2932.9192 -2919.7266 -2906.2317 -2357.4736 -1002.2461 424.9878 1758.4625 2909.3535 3299.8992 3299.8992 3299.8992 3299.8992 3299.8992 3299.8992 3299.8992 3299.8992 3299.8992 3299.8992 3299.8992 3299.8992 3299.8992 3299.8992 3299.8992 759.13696 -3155.6853 -3140.0757 -3124.6672 -3109.6619 -3094.6562 -3079.953 -3065.2495 -3050.8484 -3036.447 -3022.2473 -3008.1482 -2994.049 -2980.3528 -2966.6565 -2952.9602 -2939.4653 -2926.071 -2912.7776 -2899.4841 -1999.3561 -510.4889 1014.23035 2359.8906 3299.8992 3299.8992 3299.8992 3299.8992 3299.8992 3299.8992 3299.8992 3299.8992 3299.8992 3299.8992 3299.8992 3299.8992 3299.8992 3299.8992 3299.8992 3299.8992 386.92017 -3158.5051 -3142.8955 -3127.588 -3112.4817 -3097.577 -3082.672 -3068.1702 -3053.6682 -3039.2668 -3024.9663 -3010.968 -2996.768 -2982.9712 -2969.275 -2955.6792 -2942.0837 -2928.6895 -2915.1946 -2902.2034 -1991.803 -458.52356 938.1958 2230.3801 3299.8992 3299.8992 3299.8992 3299.8992 3299.8992 3299.8992 3299.8992 3299.8992 3299.8992 3299.8992 3299.8992 3299.8992 3299.8992 3299.8992 3299.8992 3299.8992 -14.602661 -3157.8003 -3142.2913 -3126.9836 -3111.8774 -3096.9727 -3082.1685 -3067.566 -3053.064 -3038.7634 
3172.4028 3188.617 3204.3274 3220.5413 3236.6545 3252.365 3268.0754 3283.786 3299.295 -3285.3972 98.39172 3299.8992 3294.159 3279.0527 3263.745 3248.639 3233.6333 3218.4265 3203.119 3187.8113 3172.4028 3157.196 3141.1833 3126.5808 3111.7766 3096.7712 3081.967 3063.8396 2833.2183 1637.6129 104.73633 -1028.4302 -1900.3601 -2567.5505 -3156.8938 3092.8435 3109.561 3126.0771 3142.4927 3159.0088 3175.122 3191.336 3206.7444 3223.059 3239.1724 3254.8828 3270.5933 3286.203 3299.8992 -3282.9802 451.07117 3299.8992 3294.7632 3279.657 3264.3494 3249.3438 3234.137 3218.8293 3203.6223 3188.3147 3173.007 3157.6995 3141.8884 3126.9836 3112.0789 3097.2747 3082.5713 3064.5447 2871.0845 1646.5759 158.01086 -920.2698 -1753.2257 -2543.4814 -3199.0906 3091.635 3108.4534 3124.8687 3141.3848 3157.6995 3173.9136 3190.1274 3205.838 3222.1526 3237.863 3253.6743 3269.3848 3285.1958 3299.8992 -3283.9873 854.2053 3299.8992 3291.4397 3276.4343 3261.3281 3246.121 3230.9143 3215.808 3200.702 3185.2935 3169.8853 3154.5776 3139.27 3124.1638 3108.9568 3094.2534 3079.4495 3061.4226 2765.341 1482.4219 -1.4099121 -1082.9132 -2095.4314 -2888.4062 3139.6729 3095.5627 3112.2803 3128.7964 3145.2117 3161.6272 3177.841 3193.8538 3210.269 3225.9795 3241.69 3257.5012 3273.1108 3288.8213 3299.8992 -3280.4626 1127.0233 3299.8992 3293.8567 3278.7505 3263.5437 3248.3367 3233.13 3218.0237 3202.716 3187.4084 3172 3156.491 3141.4856 3126.2786 3111.2732 3096.3684 3081.665 3063.739 2814.8894 1533.8837 6.7474365 -1182.312 -2029.9713 -2794.043 3124.9695 3096.7712 3113.4888 3130.1055 3146.6216 3162.8357 3178.949 3195.1628 3211.377 3227.188 3242.9993 3258.7097 3274.3193 3290.0298 3299.8992 -3279.0527 1240.3198 3299.8992 3294.3604 3279.2542 3263.9465 3248.7395 3233.6333 3218.4265 3203.119 3187.9119 3172.5037 3156.9946 3141.8884 3126.6814 3111.676 3096.7712 3082.0679 3063.4368 2731.3018 1346.3654 -67.17224 -1152.4017 -2078.2104 -2867.2576 3082.7727 3099.591 3116.2078 3132.7239 3149.24 3165.5547 3181.668 3197.7812 3213.9954 3229.7058 3245.6177 3261.3281 3276.9377 3292.5476 -3292.044 -3122.1497 1964.209 3299.8992 3293.2524 3278.1462 3262.8386 3247.6318 3232.5256 3217.218 3202.011 3186.6028 
3299.8992 3299.8992 3299.8992 3299.8992 3299.8992 3299.8992 3299.8992 3299.8992 3299.8992 3299.8992 1734.2926 -320.45288 -1783.4381 -3102.713 -3132.321 -3117.4163 -3102.8137 -3088.211 -3073.8098 -3059.6099 -3045.4102 -3031.4116 -3017.4133 -3003.5156 -2721.7346 -2345.288 -2038.5315 -1990.091 -1834.8999 -1574.3683 -1014.8346 -734.96704 -464.96887 -146.73157 132.73315 644.8334 1741.04 2825.2625 3299.8992 3299.8992 3299.8992 3299.8992 3299.8992 3299.8992 3299.8992 3299.8992 3299.8992 3299.8992 3299.8992 3246.7253 1298.2269 -755.31006 -2141.3542 -3137.0544 -3121.9482 -3107.2449 -3092.642 -3078.1401 -3063.8396 -3049.539 -3035.44 -3021.4417 -3007.7454 -2993.8477 -2736.0352 -2455.966 -2254.7515 -1798.7457 -1500.65 -1076.0651 -501.02234 -241.4978 -100.00305 99.3988 299.00208 762.86316 1932.486 2811.8682 3299.8992 3299.8992 3299.8992 3299.8992 3299.8992 3299.8992 3299.8992 3299.8992 3299.8992 3299.8992 3299.8992 3134.3352 990.9668 -1073.4467 -2453.4485 -3135.0403 -3120.1355 -3105.3313 -3090.7288 -3076.2268 -3061.9263 -3047.8271 -3033.728 -3019.629 -3005.8318 -2990.3228 -2616.8975 -2158.676 -1745.1691 -1335.2875 -1072.2382 -1015.43884 -673.33374 -490.6494 -320.35217 -80.96924 206.35071 762.86316 2056.558 2929.6965 3299.8992 3299.8992 3299.8992 3299.8992 3299.8992 3299.8992 3299.8992 3299.8992 3299.8992 3299.8992 3299.8992 3030.9082 864.2761 -1132.0587 -2475.7048 -3137.3564 -3122.2502 -3107.5469 -3093.045 -3078.4424 -3064.1418 -3049.942 -3035.8428 -3021.945 -3007.9468 -2944.7021 -2443.881 -2059.2773 -1805.0903 -1459.0576 -1129.0375 -604.5502 -102.21863 -176.0376 -83.58765 25.680542 245.52612 866.5924 2114.8682 3041.8853 3299.8992 3299.8992 3299.8992 3299.8992 3299.8992 3299.8992 3299.8992 3299.8992 3299.8992 3299.8992 3299.8992 3002.2063 880.5908 -992.3767 -2423.4375 -3148.8372 -3134.0332 -3119.1284 -3104.5256 -3089.923 -3075.6226 -3061.4226 -3047.223 -3033.023 -3019.226 -2713.8794 -2436.6301 -2026.0437 -1764.8071 -1679.5074 -1487.3566 -1106.6803 -582.69653 -377.55432 -266.87622 -170.19653 52.468872 621.0663 1827.0447 2713.3757 3299.8992 3299.8992 3299.8992 3299.8992 3299.8992 3299.8992 3299.8992 3299.8992 3299.8992 3299.8992 3299.8992 2869.7754 721.17004 -1160.7605 -2511.255 -3144.5068 -3129.4006 -3114.6973 -3100.0945 -3085.5925 -3071.0906 -3056.9915 

8.560181 11.883545 8.056641 4.2297363 -20.040894 -30.514526 -5.8410645 -0.10070801 13.696289 31.622314 47.131348 58.813477 81.170654 81.87561 65.86304 88.32092 103.52783 75.93384 55.288696 58.511353 74.42322 62.338257 31.420898 -2.8198242 -21.148682 -53.878784 -78.95508 -76.034546 -81.27136 -104.333496 -115.61279 -106.75049 -91.04004 -60.12268 -35.44922 -19.839478 -8.459473 -27.79541 -70.69702 -69.79065 -49.95117 -30.413818 -20.846558 -6.1431885 0.50354004 -0.50354004 12.789917 14.904785 26.184082 36.657715 35.650635 29.80957 28.701782 22.860718 27.694702 39.37683 25.27771 0.50354004 8.660889 -7.4523926 -2.9205322 1.7120361 0.40283203 -1.5106201 -4.6325684 -41.793823 -7.9559326 -7.1502686 -15.005493 -26.28479 -22.25647 -21.350098 -27.694702 -39.175415 -42.39807 -33.83789 -22.961426 -3.8269043 14.199829 28.198242 42.095947 45.41931 72.40906 104.63562 106.64978 72.006226 49.145508 14.703369 9.768677 -21.954346 -74.42322 -109.16748 -111.8866 -77.041626 -7.0495605 45.92285 72.40906 68.17932 38.168335 13.494873 -5.1361084 -10.775757 -15.811157 -12.084961 5.5389404 -1.2084961 -34.643555 -37.060547 -43.707275 -39.779663 -21.350098 7.7545166 31.018066 26.889038 -13.998413 -39.98108 -45.721436 -39.578247 -14.904785 4.0283203 13.192749 3.8269043 -24.169922 -22.558594 -18.429565 -7.8552246 6.1431885 2.4169922 6.1431885 3.1219482 -2.8198242 -18.933105 -13.897705 -3.0212402 18.026733 36.154175 27.79541 45.01648 52.166748 47.232056 53.979492 50.958252 28.500366 -4.8339844 -24.069214 -25.982666 -18.328857 -16.415405 -20.141602 -20.443726 -14.703369 -20.947266 -19.638062 -22.76001 -32.730103 -41.793823 -30.81665 -21.148682 0.20141602 8.963013 12.890625 10.171509 16.71753 18.933105 16.818237 10.070801 -9.869385 -19.73877 -15.307617 -1.6113281 8.963013 10.272217 14.099121 0.70495605 0.50354004 3.5247803 -4.2297363 -16.818237 -18.22815 -11.782837 -1.1077881 21.350098 27.79541 23.666382 30.413818 44.0094 48.03772 14.804077 -34.039307 -74.2218 -70.999146 -45.117188 -16.616821 1.1077881 21.24939 16.314697 31.018066 31.420898 13.293457 21.551514 
44.815063 67.57507 88.82446 121.45386 121.25244 115.81421 129.20837 107.85828 127.39563 101.71509 83.48694 72.509766 61.532593 43.90869 46.42639 39.678955 25.881958 9.365845 -6.9488525 -7.8552246 -28.399658 -32.42798 -44.110107 -65.05737 -68.481445 -70.89844 -44.613647 -32.629395 -18.73169 -48.44055 -62.13684 -37.86621 -30.212402 -47.93701 -53.778076 -61.935425 -51.5625 -64.05029 -105.13916 -116.21704 -122.25952 -109.3689 -71.30127 -47.634888 -29.30603 -13.796997 -0.60424805 -22.055054 -14.602661 -13.092041 -9.063721 -14.501953 -0.20141602 2.1148682 8.056641 13.494873 4.2297363 -1.2084961 -15.206909 0.10070801 -9.164429 0.30212402 -10.775757 2.6184082 5.0354004 -35.147095 3.0212402 -4.0283203 3.5247803 2.5177002 7.7545166 9.164429 17.926025 26.28479 30.212402 28.198242 54.382324 75.32959 111.78589 136.66077 161.0321 204.9408 243.20984 273.82507 282.38525 247.8424 261.13586 254.48914 245.82825 207.25708 180.97229 127.99988 59.518433 -25.881958 -107.35474 -162.54272 -196.98486 -220.44983 -250.15869 -259.2224 -265.16418 -252.07214 -241.29639 -209.57336 -167.07458 -132.33032 -116.922 -114.70642 -87.31384 -66.467285 -50.152588 -41.189575 -23.666382 0.60424805 21.047974 36.4563 32.226562 31.32019 48.641968 60.62622 75.128174 83.38623 69.992065 46.5271 31.924438 21.24939 -33.535767 -77.74658 -99.801636 -135.35156 -141.69617 -140.68909 -113.39722 -90.5365 -68.38074 -45.41931 -58.914185 -28.500366 -9.365845 14.300537 14.703369 26.28479 14.602661 6.1431885 -8.761597 -23.162842 -23.76709 -31.723022 -30.615234 -37.564087 -44.110107 -32.32727 -27.191162 -20.947266 -14.401245 -11.480713 16.113281 25.479126 31.723022 31.723022 31.521606 33.132935 31.420898 35.650635 34.140015 45.92285 29.608154 16.818237 31.420898 29.205322 26.889038 12.991333 11.077881 16.918945 14.401245 13.696289 -7.1502686 -6.7474365 -15.911865 2.4169922 -3.5247803 26.083374 26.486206 41.088867 29.003906 18.73169 27.090454 35.751343 28.399658 8.862305 32.730103 64.453125 87.81738 104.63562 119.036865 132.22961 154.38538 178.656 186.1084 198.09265 
-3155.5847 -3140.1763 -3125.07 -3110.4675 -3095.7642 -3080.8594 -3066.2566 -3051.8555 -3037.6555 -3023.2544 -920.5719 1937.9242 3299.8992 3299.8992 3299.8992 3299.8992 3299.8992 3299.8992 3299.8992 3299.8992 3299.8992 3299.8992 3299.8992 3299.8992 3299.8992 3299.8992 3299.8992 3299.8992 3299.8992 3284.793 3285.8 3299.8992 -3280.4626 -3264.047 -3247.7324 -3231.72 -3215.808 -3199.9968 -3184.3872 -3168.8782 -3153.6711 -3138.6658 -3123.2573 -3108.7554 -3093.9514 -3079.248 -3064.5447 -3050.2441 -3035.9436 -3019.8303 -824.59717 1960.08 3299.8992 3299.8992 3299.8992 3299.8992 3299.8992 3299.8992 3299.8992 3299.8992 3299.8992 3299.8992 3299.8992 3299.8992 3299.8992 3299.8992 3299.8992 3299.8992 3299.8992 3284.9944 3288.4185 3299.8992 -3278.0457 -3261.5295 -3245.3154 -3229.2021 -3213.391 -3197.5798 -3181.9702 -3166.5618 -3151.1536 -3135.745 -3121.2432 -3105.9355 -3091.1316 -3076.7302 -3062.329 -3047.9277 -3033.8286 -2849.8352 -313.0005 2524.9512 3299.8992 3299.8992 3299.8992 3299.8992 3299.8992 3299.8992 3299.8992 3299.8992 3299.8992 3299.8992 3299.8992 3299.8992 3299.8992 3299.8992 3299.8992 3299.8992 3299.295 3277.24 3286.908 3299.8992 -3279.5562 -3263.04 -3246.9268 -3230.8135 -3214.9016 -3199.0906 -3183.5815 -3168.0725 -3152.765 -3137.2559 -3122.1497 -3107.6477 -3092.9443 -3078.1401 -3063.4368 -3049.0356 -3034.8357 -2858.496 -447.94922 2394.1313 3299.8992 3299.8992 3299.8992 3299.8992 3299.8992 3299.8992 3299.8992 3299.8992 3299.8992 3299.8992 3299.8992 3299.8992 3299.8992 3299.8992 3299.8992 3299.8992 3299.295 3076.6296 3289.9292 -3293.051 -3276.535 -3260.0188 -3243.9055 -3227.7922 -3211.8804 -3196.0693 -3180.5603 -3165.0513 -3149.8442 -3134.9395 -3119.6318 -3105.13 -3090.4265 -3075.6226 -3060.9192 -3046.6187 -3032.4187 -2694.0398 -157.50732 2692.1265 3299.8992 3299.8992 3299.8992 3299.8992 3299.8992 3299.8992 3299.8992 3299.8992 3299.8992 3299.8992 3299.8992 3299.8992 3299.8992 3299.8992 3299.8992 3299.8992 3298.2878 2804.2144 3290.634 -3292.3462 -3275.83 -3259.4146 -3243.2007 -3227.0874 -3211.1755 -3195.5657 -3179.956 -3164.447 
-3187.7104 -3173.108 -3158.8074 -3144.9097 -3130.9111 -3117.3157 -3103.3171 -3089.4194 -2873.6023 -2156.1584 261.438 2396.7498 3299.8992 3299.8992 3299.8992 3299.8992 3299.8992 3299.8992 3299.8992 3299.8992 3299.8992 3299.8992 3299.8992 3299.8992 3299.8992 3299.8992 3299.8992 3287.3108 3272.5066 3256.5947 3260.9253 3276.6357 3292.3462 3299.8992 -3276.9377 -3261.731 -3246.6248 -3232.022 -3217.1172 -3202.716 -3188.1133 -3173.6113 -3159.7136 -3145.514 -3131.6162 -3117.92 -3103.9214 -3090.225 -3076.7302 -2320.413 281.5796 2646.6064 3299.8992 3299.8992 3299.8992 3299.8992 3299.8992 3299.8992 3299.8992 3299.8992 3299.8992 3299.8992 3299.8992 3299.8992 3299.8992 3299.8992 3299.8992 3286.5051 3271.701 3245.9197 3259.2131 3275.2258 3290.8354 3299.8992 -3278.4485 -3263.2415 -3248.3367 -3233.432 -3218.7285 -3204.126 -3189.624 -3175.122 -3161.023 -3146.9238 -3132.9253 -3119.3298 -3105.2307 -3091.7358 -3078.0396 -2032.6904 537.78076 2766.9524 3299.8992 3299.8992 3299.8992 3299.8992 3299.8992 3299.8992 3299.8992 3299.8992 3299.8992 3299.8992 3299.8992 3299.8992 3299.8992 3299.8992 3296.9788 3282.376 3267.4712 3107.849 3257.199 3273.1108 3288.7207 3299.8992 -3280.5632 -3265.2556 -3250.3508 -3235.446 -3220.7427 -3206.2407 -3191.6382 -3177.1362 -3163.037 -3148.938 -3134.9395 -3121.2432 -3107.2449 -3093.5486 -3080.0537 -2064.5142 252.97852 2465.634 3299.8992 3299.8992 3299.8992 3299.8992 3299.8992 3299.8992 3299.8992 3299.8992 3299.8992 3299.8992 3299.8992 3299.8992 3299.8992 3299.8992 3297.7844 3283.2825 3268.3777 2830.0964 3259.9182 3275.83 3291.5405 3299.8992 -3277.7434 -3262.6372 -3247.6318 -3232.9285 -3218.0237 -3203.6223 -3189.1204 -3174.5178 -3160.5193 -3146.4202 -3132.4219 -3118.7256 -3104.727 -3091.0308 -3077.536 -1704.483 914.6301 3093.045 3299.8992 3299.8992 3299.8992 3299.8992 3299.8992 3299.8992 3299.8992 3299.8992 3299.8992 3299.8992 3299.8992 3299.8992 3299.8992 3299.8992 3293.5547 3279.0527 3264.047 2383.7585 3258.206 3274.118 3289.7278 3299.8992 -3279.4556 -3264.3494 -3249.4446 -3234.6404 -3219.937 -3205.3345 
3227.893 3212.9883 3197.9827 3183.2793 3168.8782 3154.4768 3139.6729 3124.9695 2929.7974 1314.5416 -704.85535 -2092.1082 3276.132 3139.6729 3155.484 3171.0938 3186.502 3201.9104 3217.1172 3232.4248 3247.4304 3262.5366 3277.24 3292.1448 3299.8992 -3278.7505 -3263.745 -3249.3438 -3235.3455 -3120.0347 3299.8992 3299.8992 3299.8992 3299.8992 3299.8992 3299.8992 3288.7207 3273.9165 3259.1125 3244.107 3229.4036 3214.4988 3199.8962 3185.3943 3170.59 3155.9875 3142.0898 3126.9836 2950.241 1349.6887 -693.57605 -2193.7224 3205.6365 3141.687 3157.2966 3172.9065 3188.4155 3203.8237 3219.0308 3234.137 3249.3438 3264.2485 3279.3547 3294.3604 -3291.0369 -3276.535 -3261.6301 -3247.229 -3233.2305 -2854.5684 3299.8992 3299.8992 3299.8992 3299.8992 3299.8992 3299.8992 3288.217 3273.3123 3258.609 3243.704 3228.7993 3213.9954 3199.3926 3184.5886 3170.3887 3155.8867 3141.2842 3126.178 2797.6685 1072.0367 -871.12427 -2307.5225 3152.664 3144.6074 3160.3179 3175.9277 3191.4368 3206.7444 3222.052 3237.1582 3252.2644 3267.2698 3281.9731 3296.576 -3288.217 -3273.715 -3259.5154 -3244.812 -3230.4106 -2656.7778 3299.8992 3299.8992 3299.8992 3299.8992 3299.8992 3299.8992 3289.5264 3274.7222 3259.8174 3244.9126 3230.1086 3215.3044 3200.299 3185.5957 3170.8923 3156.2896 3142.3918 3127.2856 2898.2756 1231.2561 -607.97424 -2088.8855 3205.6365 3141.7876 3157.498 3173.108 3188.7175 3204.0251 3219.2322 3234.439 3249.5452 3264.5508 3279.657 3294.3604 -3290.634 -3275.9307 -3261.8315 -3247.1282 -3232.5256 -2329.074 3299.8992 3299.8992 3299.8992 3299.8992 3299.8992 3299.8992 3285.498 3270.6938 3255.789 3240.985 3226.0803 3211.377 3196.3713 3181.7688 3167.166 3152.5635 3138.162 3123.3582 2755.5725 991.0675 -930.03845 -2309.5366 3126.8828 3142.7947 3158.5051 3174.115 3189.5232 3204.9316 3220.1384 3235.3455 3250.4517 3265.3564 3280.2612 3294.7632 -3290.1306 -3275.4272 -3261.3281 -3246.6248 -3232.2234 -1900.4608 3299.8992 3299.8992 3299.8992 3299.8992 3299.8992 3298.59 3283.786 3268.982 3254.1777 3239.273 
-3024.362 -3010.263 -2996.869 -2982.5684 -2968.7712 -2955.075 -2941.4795 -2928.0852 -2914.7917 -2838.455 -1569.1315 103.427124 1432.0679 2753.4575 3299.8992 3299.8992 3299.8992 3299.8992 3299.8992 3299.8992 3299.8992 3299.8992 3299.8992 3299.8992 3299.8992 3299.8992 3299.8992 3299.8992 3299.8992 3299.8992 -573.02856 -3165.0513 -3149.5422 -3134.2346 -3119.0276 -3104.0222 -3089.3188 -3074.716 -3060.214 -3045.7122 -3031.5125 -3017.3125 -3003.717 -2989.618 -2975.5188 -2961.8225 -2948.3276 -2934.8328 -2921.5393 -2776.8218 -1651.2085 -297.79358 1076.4679 2323.4343 3299.8992 3299.8992 3299.8992 3299.8992 3299.8992 3299.8992 3299.8992 3299.8992 3299.8992 3299.8992 3299.8992 3299.8992 3299.8992 3299.8992 3299.8992 3299.8992 -968.6096 -3163.339 -3147.83 -3132.5225 -3117.3157 -3102.5115 -3087.808 -3073.1047 -3058.5022 -3044.1008 -3029.8003 -3015.7012 -3001.602 -2987.7043 -2974.008 -2960.3118 -2946.7163 -2933.322 -2919.928 -2646.1028 -1318.8721 299.5056 1706.6986 2896.161 3299.8992 3299.8992 3299.8992 3299.8992 3299.8992 3299.8992 3299.8992 3299.8992 3299.8992 3299.8992 3299.8992 3299.8992 3299.8992 3299.8992 3299.8992 3299.8992 -1442.1387 -3170.288 -3154.779 -3139.3706 -3124.2644 -3109.259 -3094.4548 -3079.8523 -3065.2495 -3050.8484 -3036.6484 -3022.4487 -3008.1482 -2994.351 -2980.5542 -2966.858 -2953.2622 -2939.7673 -2926.3733 -2599.3743 -1453.1158 21.350098 1363.0829 2569.2627 3299.8992 3299.8992 3299.8992 3299.8992 3299.8992 3299.8992 3299.8992 3299.8992 3299.8992 3299.8992 3299.8992 3299.8992 3299.8992 3299.8992 3299.8992 3299.8992 -1980.2216 -3168.576 -3153.1677 -3137.86 -3122.754 -3107.849 -3093.045 -3078.3416 -3063.8396 -3049.4385 -3035.138 -3021.0388 -3007.141 -2993.1426 -2979.1443 -2965.448 -2951.8523 -2938.3574 -2924.8625 -2683.4656 -1436.3983 -33.032227 1277.7832 2532.4036 3299.8992 3299.8992 3299.8992 3299.8992 3299.8992 3299.8992 3299.8992 3299.8992 3299.8992 3299.8992 3299.8992 3299.8992 3299.8992 3299.8992 3299.8992 3299.8992 -2199.6643 -3165.1519 -3149.7437 -3134.436 -3119.4304 -3104.425 -3089.7217 -3075.0183 -3060.4155 -3046.115 
3171.1943 3155.7861 3140.1763 3125.3723 3110.4675 3095.5627 3080.96 3062.0269 2709.851 1448.8861 53.778076 -1031.6528 -1913.3514 -2736.3372 3194.3572 3095.059 3111.676 3128.3936 3144.8088 3161.1235 3177.3376 3193.451 3209.0605 3225.2747 3241.1865 3256.9976 3272.6074 3288.217 3299.8992 -2981.5613 2258.377 3299.8992 3287.5122 3272.406 3257.2998 3242.0928 3226.886 3211.679 3196.4722 3181.1646 3165.857 3150.4485 3134.738 3120.0347 3105.13 3090.326 3075.3203 3055.6824 2599.475 1203.1586 -235.2539 -1243.5425 -2090.2954 -2862.1216 3079.0466 3095.8647 3112.2803 3129.0984 3145.514 3161.6272 3177.841 3194.0552 3209.7656 3225.879 3241.7908 3257.7026 3273.413 3288.8213 3299.8992 -2789.9138 2466.1377 3299.8992 3286.6057 3271.399 3256.0913 3241.0857 3225.9795 3210.974 3195.5657 3180.258 3164.749 3149.5422 3133.731 3119.0276 3104.0222 3089.218 3074.6155 3054.2725 2455.8655 1084.9274 -284.50012 -1301.2482 -2146.692 -2895.9595 3079.953 3096.8718 3113.5894 3130.005 3146.4202 3162.7349 3179.0496 3195.1628 3210.7727 3227.0874 3242.7979 3258.609 3274.2188 3290.0298 3299.8992 -2485.2722 3004.5227 3299.8992 3284.793 3269.6868 3254.5806 3239.273 3224.0662 3209.1614 3193.753 3178.4453 3163.037 3147.7295 3132.5225 3117.4163 3102.411 3087.6067 3072.702 3031.7139 2402.0874 1002.74963 -240.08789 -1155.9265 -1975.4883 -2735.8337 3078.543 3093.1458 3109.8633 3126.3794 3142.694 3159.1094 3175.525 3191.336 3207.7515 3223.462 3239.273 3255.0842 3270.7947 3286.3037 3299.8992 -2333.5051 2999.588 3295.5688 3280.664 3265.457 3250.3508 3235.2446 3220.1384 3204.9316 3189.7246 3174.417 3159.1094 3143.8018 3128.6956 3113.4888 3098.4832 3083.8806 3069.0764 2977.9358 2229.9773 762.4603 -607.4707 -1577.7924 -2414.4744 -3143.6003 3083.075 3099.893 3116.51 3133.0261 3149.4414 3165.6555 3181.9702 3197.9827 3214.1968 3229.8064 3245.7183 3261.4287 3277.0386 3292.5476 -3292.044 -1839.331 3299.8992 3298.3887 3283.2825 3268.0754 3252.9692 3237.7625 3222.6562 3207.3486 3192.2424 3176.834 
-3042.8923 -3028.894 -3014.9963 -2949.3347 -2563.0188 -2196.5422 -1871.759 -1651.2085 -1438.7146 -1107.7881 -714.4226 -485.4126 -262.54578 -178.35388 13.796997 579.6753 1883.3405 2623.947 3299.8992 3299.8992 3299.8992 3299.8992 3299.8992 3299.8992 3299.8992 3299.8992 3299.8992 3299.8992 3299.8992 2728.6833 445.0287 -1372.2473 -2753.4575 -3132.7239 -3117.92 -3103.1157 -3088.5132 -3074.0112 -3059.8113 -3045.6116 -3031.613 -3017.7153 -3003.8176 -2828.9885 -2374.9968 -2056.961 -1767.9291 -1635.5988 -1492.1906 -1150.0854 -635.2661 -374.43237 -74.82605 250.86365 518.94836 1194.6991 2505.011 3299.8992 3299.8992 3299.8992 3299.8992 3299.8992 3299.8992 3299.8992 3299.8992 3299.8992 3299.8992 3299.8992 3299.8992 2736.438 653.39355 -1101.7456 -2533.914 -3142.0898 -3127.0842 -3112.3809 -3097.6775 -3083.075 -3068.7744 -3054.6753 -3040.5762 -3026.477 -3012.68 -2997.3723 -2618.3074 -2207.0159 -1867.7307 -1583.7341 -1394.101 -1063.4766 -561.74927 -364.6637 -75.531006 170.49866 397.79663 1086.6394 2457.1746 3247.229 3299.8992 3299.8992 3299.8992 3299.8992 3299.8992 3299.8992 3299.8992 3299.8992 3299.8992 3299.8992 3299.8992 2208.023 79.45862 -1454.0222 -2635.1257 -3139.27 -3124.4658 -3109.4604 -3094.9585 -3080.5571 -3066.156 -3052.057 -3037.7563 -3023.9592 -3010.0615 -2894.9524 -2566.7449 -2193.1182 -1856.0486 -1614.9536 -1493.399 -964.8834 -559.5337 -337.67395 -129.5105 79.055786 338.88245 1070.224 2388.5925 3023.355 3299.8992 3299.8992 3299.8992 3299.8992 3299.8992 3299.8992 3299.8992 3299.8992 3299.8992 3299.8992 3299.8992 2263.211 133.13599 -1457.2449 -2791.4246 -3135.443 -3120.4375 -3105.7341 -3091.1316 -3076.7302 -3062.329 -3048.23 -3034.1309 -3020.2332 -3006.436 -2989.0137 -2582.5562 -2183.6516 -1937.8235 -1747.9889 -1382.5195 -814.0228 -249.0509 -185.60486 -119.036865 116.922 442.00745 1186.0382 2423.639 3299.8992 3299.8992 3299.8992 3299.8992 3299.8992 3299.8992 3299.8992 3299.8992 3299.8992 3299.8992 3299.8992 3299.8992 1974.5819 -107.25403 -1700.2533 -2989.1143 -3131.9182 -3117.0134 -3102.2095 -3087.7075 -3073.3062 -3058.905 -3044.9065 

21.551514 21.551514 21.551514 21.551514 21.551514 21.551514 21.551514 21.551514 21.551514 21.551514 21.551514 21.551514 21.551514 21.551514 21.551514 21.551514 21.551514 21.551514 21.551514 21.551514 -97.88818 -93.55774 -79.156494 -58.511353 -40.585327 -38.47046 -41.189575 -49.95117 -22.76001 -15.206909 21.551514 34.744263 10.775757 -20.040894 -43.707275 -42.39807 -29.30603 -32.125854 -16.21399 -13.595581 11.480713 2.9205322 -30.514526 -55.08728 -58.007812 -54.0802 -43.00232 -10.775757 -12.185669 12.185669 30.81665 53.979492 68.58215 87.91809 104.03137 122.058105 96.37756 43.304443 -20.24231 -54.281616 -60.928345 -44.91577 -36.254883 -38.47046 -33.032227 -14.300537 17.019653 34.44214 39.074707 44.41223 45.318604 9.063721 -28.097534 -48.54126 -74.72534 -106.54907 -112.39014 -117.92908 -93.255615 -75.128174 -43.203735 -19.23523 -7.6538086 1.6113281 5.2368164 7.0495605 4.1290283 9.164429 -2.5177002 3.3233643 -5.4382324 -2.7191162 2.2155762 15.811157 31.521606 39.175415 29.104614 31.018066 21.24939 15.005493 4.2297363 -0.9063721 4.4311523 -7.2509766 -16.415405 -5.7403564 1.8127441 -16.012573 17.120361 13.494873 15.911865 12.387085 21.450806 28.903198 11.581421 -5.7403564 4.6325684 20.141602 27.996826 10.775757 10.775757 10.775757 10.775757 10.775757 10.775757 10.775757 10.775757 10.775757 10.775757 10.775757 10.775757 10.775757 10.775757 10.775757 10.775757 10.775757 10.775757 10.775757 10.775757 10.775757 -25.579834 -10.977173 7.6538086 27.896118 54.18091 81.97632 87.11243 99.298096 125.7843 131.02112 119.23828 95.16907 28.29895 -23.464966 -63.446045 -90.63721 -88.32092 -91.94641 -106.8512 -99.3988 -99.3988 -99.3988 -99.3988 -99.3988 -99.3988 -99.3988 -99.3988 -99.3988 -99.3988 -99.3988 -99.3988 -99.3988 -99.3988 -99.3988 -99.3988 -99.3988 -99.3988 -99.3988 -99.3988 -99.3988 33.636475 30.81665 -6.4453125 -58.20923 -93.55774 -104.73633 -108.36182 -79.559326 -57.10144 -42.49878 -33.636475 -24.472046 -10.977173 7.7545166 -7.0495605 -25.982666 -19.940186 -3.7261963 26.586914 16.616821 
182.18079 192.75513 151.36414 107.55615 95.47119 89.227295 61.834717 -10.876465 -25.982666 -32.025146 -37.664795 -55.993652 -70.79773 -65.15808 -43.40515 -42.49878 -50.253296 -76.034546 -132.0282 -134.24377 -145.52307 -116.72058 -105.23987 -97.48535 -106.448364 -133.43811 -154.88892 -183.08716 -167.07458 -143.71033 -115.10925 -90.93933 -74.72534 -69.79065 -59.1156 -50.152588 -43.40515 -35.147095 -17.926025 -31.32019 -22.659302 -19.638062 -12.588501 -13.696289 -25.78125 -5.6396484 5.7403564 32.125854 14.602661 33.33435 30.615234 33.132935 31.018066 28.601074 28.903198 32.32727 23.464966 18.328857 14.199829 6.6467285 2.7191162 10.372925 -0.80566406 22.155762 48.641968 79.156494 92.65137 92.55066 99.19739 92.34924 112.39014 114.60571 124.37439 110.87952 74.82605 19.033813 -14.199829 -39.175415 -18.630981 -18.530273 -13.092041 -22.155762 -33.33435 -44.0094 -65.66162 -71.80481 -70.999146 -60.72693 -51.361084 -50.55542 -37.161255 -42.095947 -36.35559 -28.399658 -3.6254883 25.479126 33.83789 25.680542 19.335938 13.595581 -1.9134521 -3.3233643 0.10070801 15.710449 14.401245 36.758423 23.364258 -22.860718 -0.20141602 -10.171509 0.10070801 5.6396484 6.5460205 2.3162842 -1.8127441 -4.0283203 12.991333 5.6396484 -18.933105 -30.212402 -45.92285 -49.44763 -44.210815 -32.125854 -26.28479 -19.23523 -1.5106201 20.040894 13.998413 16.415405 15.710449 4.7332764 30.31311 38.974 40.182495 40.98816 8.358765 -20.040894 -17.321777 -28.399658 -44.0094 -14.199829 -20.74585 1.5106201 17.72461 49.850464 57.000732 60.22339 58.813477 45.92285 50.857544 61.12976 58.10852 60.12268 54.986572 42.196655 37.765503 21.853638 36.85913 78.149414 91.44287 97.98889 90.13367 75.83313 66.76941 57.60498 56.799316 93.55774 98.19031 83.88977 81.27136 53.57666 36.4563 9.667969 -13.192749 -14.501953 -5.3375244 -4.2297363 35.046387 18.832397 -21.047974 -27.896118 -72.509766 -75.4303 -74.72534 -92.55066 -139.48059 -148.24219 -128.50342 -95.269775 -67.17224 -66.56799 -61.6333 -60.928345 -89.93225 -130.8197 -151.96838 -148.94714 -104.13208 -86.10535 
-3149.24 -3133.8318 -3118.7256 -3104.2236 -3089.5203 -3074.817 -3060.1135 -3045.7122 -3031.5125 -2401.181 370.20264 3081.1614 3299.8992 3299.8992 3299.8992 3299.8992 3299.8992 3299.8992 3299.8992 3299.8992 3299.8992 3299.8992 3299.8992 3299.8992 3299.8992 3299.8992 3299.8992 3299.8992 3294.5618 2371.0693 3289.0227 -3294.159 -3277.542 -3261.1267 -3244.812 -3228.9001 -3212.8875 -3197.177 -3181.5674 -3166.159 -3150.8513 -3136.0474 -3120.639 -3106.2378 -3091.4336 -3076.6296 -3062.0269 -3047.7263 -3033.4258 -2482.6538 47.53418 2984.683 3299.8992 3299.8992 3299.8992 3299.8992 3299.8992 3299.8992 3299.8992 3299.8992 3299.8992 3299.8992 3299.8992 3299.8992 3299.8992 3299.8992 3299.8992 3299.8992 3294.5618 1858.1635 3291.2383 -3291.9434 -3275.4272 -3259.0117 -3242.7979 -3226.6846 -3210.8733 -3194.9614 -3179.5532 -3164.1448 -3148.8372 -3133.429 -3118.8262 -3103.6194 -3088.916 -3074.3132 -3060.0127 -3045.7122 -3031.613 -2395.944 242.40417 2975.5188 3299.8992 3299.8992 3299.8992 3299.8992 3299.8992 3299.8992 3299.8992 3299.8992 3299.8992 3299.8992 3299.8992 3299.8992 3299.8992 3299.8992 3299.8992 3299.8992 3295.468 1029.1351 3294.5618 -3288.6199 -3272.0032 -3255.6885 -3239.4744 -3223.361 -3207.55 -3191.9402 -3176.4312 -3160.922 -3145.816 -3130.307 -3115.3015 -3100.9001 -3086.0962 -3071.3928 -3056.8909 -3042.4895 -3028.2898 -2375.601 289.2334 3174.6184 3299.8992 3299.8992 3299.8992 3299.8992 3299.8992 3299.8992 3299.8992 3299.8992 3299.8992 3299.8992 3299.8992 3299.8992 3299.8992 3299.8992 3299.8992 3299.8992 3297.583 467.7887 3298.3887 -3284.793 -3268.2769 -3251.9622 -3235.7483 -3219.7356 -3203.9246 -3188.214 -3172.8057 -3157.3975 -3142.1904 -3127.3865 -3112.1794 -3097.6775 -3083.075 -3068.2708 -3053.6682 -3039.3677 -3025.3691 -2013.4552 836.5814 3299.8992 3299.8992 3299.8992 3299.8992 3299.8992 3299.8992 3299.8992 3299.8992 3299.8992 3299.8992 3299.8992 3299.8992 3299.8992 3299.8992 3299.8992 3299.8992 3299.8992 3295.0652 -479.97437 3298.3887 -3284.793 -3268.3777 -3251.9622 -3235.8489 -3219.8364 -3203.9246 -3188.3147 -3172.8057 -3157.3975 
-3190.8325 -3176.2297 -3162.2314 -3148.1323 -3134.1338 -3120.4375 -3106.4392 -3092.743 -3079.1472 -1620.5933 967.3004 3094.3542 3299.8992 3299.8992 3299.8992 3299.8992 3299.8992 3299.8992 3299.8992 3299.8992 3299.8992 3299.8992 3299.8992 3299.8992 3299.8992 3299.8992 3291.339 3276.8372 3261.9324 1991.7023 3257.7026 3273.5137 3289.1235 3299.8992 -3280.1604 -3265.0542 -3250.0488 -3235.2446 -3220.4407 -3205.9387 -3191.4368 -3176.7334 -3162.8357 -3148.7366 -3134.738 -3121.1426 -3107.0435 -3093.3472 -3079.953 -1553.421 882.605 3036.0442 3299.8992 3299.8992 3299.8992 3299.8992 3299.8992 3299.8992 3299.8992 3299.8992 3299.8992 3299.8992 3299.8992 3299.8992 3299.8992 3299.8992 3290.9363 3276.4343 3261.5295 1408.4015 3259.616 3275.3264 3291.0369 3299.8992 -3278.247 -3263.1409 -3248.3367 -3233.432 -3218.7285 -3204.126 -3189.7246 -3175.525 -3161.1235 -3147.0244 -3133.0261 -3118.927 -3105.3313 -3091.7358 -3078.1401 -1446.5698 1033.8684 3141.2842 3299.8992 3299.8992 3299.8992 3299.8992 3299.8992 3299.8992 3299.8992 3299.8992 3299.8992 3299.8992 3299.8992 3299.8992 3299.8992 3299.8992 3291.0369 3276.535 3261.6301 710.09216 3261.731 3277.542 3293.051 3299.8992 -3276.233 -3261.2273 -3246.222 -3231.4177 -3216.7144 -3202.1118 -3187.7104 -3173.6113 -3159.1094 -3145.111 -3131.1125 -3117.0134 -3103.418 -3089.8223 -3076.3274 -1171.0327 1335.8917 3299.8992 3299.8992 3299.8992 3299.8992 3299.8992 3299.8992 3299.8992 3299.8992 3299.8992 3299.8992 3299.8992 3299.8992 3299.8992 3299.8992 3299.8992 3289.4255 3274.9236 3259.7168 15.911865 3262.1338 3277.9448 3293.5547 3299.8992 -3275.83 -3260.8245 -3245.9197 -3231.015 -3216.4124 -3201.709 -3187.3076 -3173.3093 -3158.7065 -3144.7083 -3130.7097 -3116.7114 -3103.1157 -3089.5203 -3073.8098 -891.7694 1699.3469 3299.8992 3299.8992 3299.8992 3299.8992 3299.8992 3299.8992 3299.8992 3299.8992 3299.8992 3299.8992 3299.8992 3299.8992 3299.8992 3299.8992 3299.8992 3286.1023 3271.4995 3256.5947 -669.90967 3260.8245 3276.6357 3292.1448 3299.8992 -3277.24 -3262.1338 -3247.1282 -3232.3242 -3217.6208 -3203.119 
3224.5696 3209.6648 3194.76 3180.0566 3165.2527 3150.8513 3136.9536 3121.2432 2552.8472 690.85693 -1269.4244 -2602.194 3130.307 3146.1182 3161.8286 3177.4382 3192.8467 3208.255 3223.462 3238.568 3253.6743 3268.579 3283.786 3298.4893 -3286.908 -3272.406 -3257.5012 -3243.0999 -3229.1016 -1608.1055 3299.8992 3299.8992 3299.8992 3299.8992 3299.8992 3299.8992 3285.498 3270.7947 3255.789 3240.985 3226.0803 3211.2761 3196.7742 3181.8694 3167.6697 3153.1677 3138.3635 3121.344 2450.3264 593.2709 -1194.7998 -2497.3572 3132.5225 3148.233 3164.0442 3179.5532 3194.9614 3210.4705 3225.5767 3240.7837 3255.789 3270.7947 3285.5986 3299.8992 -3284.8938 -3270.1904 -3256.192 -3241.388 -3227.0874 -1082.6111 3299.8992 3299.8992 3299.8992 3299.8992 3299.8992 3299.3958 3284.793 3269.989 3255.1848 3240.3809 3225.476 3210.7727 3195.767 3181.0637 3166.3604 3151.8584 3137.9607 3121.7468 2553.0486 691.05835 -1180.0964 -2605.5176 3131.012 3146.9238 3162.6343 3178.1433 3193.5515 3209.0605 3224.1667 3239.3738 3254.3792 3269.284 3284.5916 3299.3958 -3286.3037 -3271.8018 -3256.6956 -3242.395 -3228.3965 -622.4762 3299.8992 3299.8992 3299.8992 3299.8992 3299.8992 3296.6765 3281.9731 3267.1692 3252.365 3237.3596 3222.5554 3207.7515 3193.2495 3178.5461 3164.2456 3149.5422 3135.2417 3119.5312 2324.945 516.5314 -1298.3276 -2750.1343 3132.2205 3148.0315 3163.6414 3179.251 3194.6594 3209.967 3225.1738 3240.3809 3255.2856 3270.4924 3285.1958 3299.8992 -3285.2966 -3270.7947 -3256.4941 -3241.7908 -3227.4902 -155.19104 3299.8992 3299.8992 3299.8992 3299.8992 3299.8992 3295.5688 3280.7646 3265.9607 3251.2573 3236.3525 3221.5483 3206.7444 3191.7388 3177.3376 3162.4329 3148.0315 3134.1338 3116.4092 2257.1685 363.15308 -1388.562 -2663.0217 3131.314 3147.2258 3162.9363 3178.4453 3193.753 3209.1614 3224.469 3239.5752 3254.6814 3269.4854 3284.793 3299.295 -3286.0015 -3271.4995 -3256.4941 -3242.1936 -3228.195 283.89587 3299.8992 3299.8992 3299.8992 3299.8992 3299.8992 3293.3533 3278.549 3263.745 3248.8403 3234.0361 
-3031.8145 -3017.7153 -3004.019 -2989.8193 -2975.9216 -2962.326 -2948.7305 -2935.2356 -2921.8413 -2476.007 -1221.7896 139.682 1466.4093 2799.2798 3299.8992 3299.8992 3299.8992 3299.8992 3299.8992 3299.8992 3299.8992 3299.8992 3299.8992 3299.8992 3299.8992 3299.8992 3299.8992 3299.8992 3299.8992 3194.5586 -2955.5786 -3164.3462 -3148.8372 -3133.5295 -3118.3228 -3103.6194 -3088.8152 -3074.2126 -3059.7107 -3045.3093 -3031.0088 -3016.9097 -3002.71 -2988.8123 -2975.3174 -2961.5203 -2947.9248 -2934.5305 -2921.1365 -2508.3342 -1238.0035 221.55762 1603.775 2870.1782 3299.8992 3299.8992 3299.8992 3299.8992 3299.8992 3299.8992 3299.8992 3299.8992 3299.8992 3299.8992 3299.8992 3299.8992 3299.8992 3299.8992 3299.8992 3069.3787 -3164.6484 -3163.44 -3148.0315 -3132.7239 -3117.6177 -3102.713 -3087.909 -3073.3062 -3058.905 -3044.5037 -3030.2031 -3016.104 -3001.9043 -2988.1072 -2974.411 -2960.8154 -2947.1191 -2933.7249 -2920.3308 -2366.1345 -1145.1508 251.77002 1582.8278 2835.2324 3299.8992 3299.8992 3299.8992 3299.8992 3299.8992 3299.8992 3299.8992 3299.8992 3299.8992 3299.8992 3299.8992 3299.8992 3299.8992 3299.8992 3299.8992 2800.3875 -3177.1362 -3161.5264 -3146.0173 -3130.8105 -3115.7043 -3100.7996 -3086.0962 -3071.4934 -3056.9915 -3042.5903 -3028.4912 -3014.2913 -3000.6958 -2986.4958 -2972.5981 -2958.9019 -2945.5078 -2931.912 -2918.82 -2201.779 -960.35156 514.1144 1753.6285 2889.917 3299.8992 3299.8992 3299.8992 3299.8992 3299.8992 3299.8992 3299.8992 3299.8992 3299.8992 3299.8992 3299.8992 3299.8992 3299.8992 3299.8992 3299.8992 2416.5894 -3176.6326 -3160.8215 -3145.413 -3130.2063 -3115.1 -3100.296 -3085.492 -3070.99 -3056.3872 -3042.0867 -3027.887 -3013.687 -3000.1921 -2985.9924 -2972.0947 -2958.499 -2944.9036 -2931.5093 -2918.2158 -2000.5646 -810.49805 567.59033 1910.1288 3034.3323 3299.8992 3299.8992 3299.8992 3299.8992 3299.8992 3299.8992 3299.8992 3299.8992 3299.8992 3299.8992 3299.8992 3299.8992 3299.8992 3299.8992 3299.8992 2278.2166 -3178.6467 -3162.8357 -3147.528 -3132.2205 -3117.1143 -3102.31 -3087.506 -3073.0042 -3058.4014 -3044.1008 
3161.5264 3146.0173 3131.1125 3115.9058 3100.9001 3086.0962 3071.292 3010.8672 2444.4854 960.25085 -540.802 -1497.5281 -2309.3352 -3068.6736 3081.967 3098.584 3115.2007 3131.8176 3148.1323 3164.447 3180.5603 3196.5728 3213.0889 3228.4973 3244.4092 3260.2202 3275.9307 3291.4397 3299.8992 -1624.2188 3299.8992 3295.9717 3280.966 3265.7593 3250.5522 3235.5469 3220.3398 3205.0322 3189.926 3174.5178 3159.2102 3143.8018 3128.1921 3113.4888 3098.7854 3083.9812 3069.2778 2883.673 2110.9404 600.2197 -692.46826 -1750.4059 -2598.5686 -3274.3193 3087.808 3104.5256 3121.2432 3137.5579 3154.074 3170.3887 3186.502 3202.5146 3218.1243 3234.3384 3250.1494 3265.8599 3281.6711 3296.9788 -3287.5122 -1305.5786 3299.8992 3299.4963 3284.2896 3269.1833 3254.0771 3238.87 3223.764 3208.4563 3193.1487 3177.7405 3162.4329 3147.1252 3131.314 3116.7114 3101.9072 3087.0024 3072.1985 2865.4448 2036.0138 605.35583 -702.7405 -1644.461 -2419.7112 -3160.922 3089.4194 3106.137 3122.754 3139.27 3155.5847 3172.1008 3188.214 3204.2266 3219.7356 3235.9497 3251.8616 3267.4712 3283.081 3298.6907 -3285.901 -845.74585 3299.8992 3298.6907 3283.484 3268.4783 3253.2715 3237.9639 3222.8577 3207.6506 3192.4438 3177.1362 3161.6272 3146.4202 3130.9111 3116.0063 3101.2024 3086.2976 3071.5942 2865.747 1949.707 494.3756 -789.5508 -1667.926 -2496.5515 -3198.9897 3090.8293 3107.5469 3123.9624 3140.579 3156.9946 3173.2085 3189.5232 3205.435 3220.944 3237.1582 3252.9692 3268.881 3284.491 3299.8992 -3284.5916 -596.89636 3299.8992 3298.59 3283.383 3268.2769 3252.9692 3237.863 3222.6562 3207.4492 3192.041 3176.834 3161.4258 3146.1182 3130.307 3115.6035 3100.7996 3086.0962 3071.292 2844.0947 1866.925 385.0067 -899.2218 -1823.6206 -2635.6292 3289.7278 3093.9514 3110.8704 3127.2856 3143.7012 3160.0159 3176.4312 3192.5444 3208.4563 3224.1667 3240.3809 3256.0913 3271.8018 3287.6128 3299.8992 -3281.6711 -98.19031 3299.8992 3298.7915 3283.6853 3268.579 3253.372 3238.2659 3222.9583 3207.7515 3192.343 3176.9348 
-3030.7068 -3016.809 -3002.8105 -2845.404 -2358.783 -1942.0532 -1573.8647 -1373.5565 -1279.4952 -927.52075 -449.45984 -222.6654 84.695435 342.30652 704.1504 1473.761 2583.1604 3299.8992 3299.8992 3299.8992 3299.8992 3299.8992 3299.8992 3299.8992 3299.8992 3299.8992 3299.8992 3299.8992 3299.8992 1651.8127 -530.5298 -1929.364 -3095.2605 -3133.1267 -3118.4233 -3103.72 -3089.218 -3074.817 -3060.5164 -3046.3164 -3032.318 -3018.219 -3004.3213 -2693.7378 -2342.2668 -1943.7653 -1678.9032 -1407.9987 -1101.2421 -742.218 -332.83997 -181.87866 -48.138428 54.986572 312.09412 1203.0579 2474.5972 3237.6616 3299.8992 3299.8992 3299.8992 3299.8992 3299.8992 3299.8992 3299.8992 3299.8992 3299.8992 3299.8992 3299.8992 1787.265 -254.69055 -1785.553 -3062.9333 -3134.1338 -3119.3298 -3104.6265 -3090.225 -3075.7231 -3061.4226 -3047.3235 -3033.3252 -3019.1252 -3005.429 -2719.1162 -2294.229 -1986.264 -1673.3643 -1461.9781 -1106.3782 -843.02673 -628.7201 -381.0791 -134.74731 60.928345 383.79822 1307.2906 2485.2722 3299.8992 3299.8992 3299.8992 3299.8992 3299.8992 3299.8992 3299.8992 3299.8992 3299.8992 3299.8992 3299.8992 3299.8992 1768.7347 -217.93213 -1802.0691 -3146.9238 -3133.3281 -3118.4233 -3103.8208 -3089.3188 -3074.9175 -3060.617 -3046.4172 -3032.318 -3018.3196 -3004.4219 -2709.9517 -2301.5808 -1980.7251 -1541.0339 -1305.0751 -1261.2671 -870.4193 -368.4906 -110.476685 164.35547 366.77856 620.0592 1579.9072 2646.1028 3299.8992 3299.8992 3299.8992 3299.8992 3299.8992 3299.8992 3299.8992 3299.8992 3299.8992 3299.8992 3299.8992 3288.922 1227.6306 -668.49976 -2188.1836 -3148.0315 -3132.9253 -3118.1213 -3103.418 -3088.916 -3074.5146 -3060.214 -3046.0144 -3032.0159 -3018.1182 -3004.2205 -2818.4143 -2388.0889 -1989.4867 -1803.3783 -1568.8293 -1350.4944 -1003.2532 -554.2969 -399.00513 -156.19812 27.493286 432.23877 1538.8184 2731.906 3299.8992 3299.8992 3299.8992 3299.8992 3299.8992 3299.8992 3299.8992 3299.8992 3299.8992 3299.8992 3299.8992 3299.8992 1378.894 -549.765 -2084.253 -3141.0828 -3126.178 -3111.2732 -3096.7712 -3082.1685 -3067.7673 -3053.5674 -3039.3677 

6.0424805 2.2155762 -13.092041 5.8410645 34.44214 58.309937 56.799316 52.56958 52.770996 61.029053 50.253296 47.43347 49.95117 48.339844 35.046387 20.443726 -17.422485 -42.49878 -53.17383 -62.841797 -43.606567 -13.897705 4.4311523 2.2155762 -10.473633 -16.918945 0.10070801 21.350098 25.881958 11.782837 5.5389404 -0.10070801 -7.3516846 -20.141602 -27.694702 -26.687622 -7.1502686 17.623901 57.70569 81.674194 94.96765 94.96765 83.78906 70.79773 49.54834 21.853638 -29.104614 -98.39172 -113.80005 -75.4303 -28.198242 11.883545 31.118774 23.565674 15.911865 19.335938 11.883545 17.72461 28.80249 20.544434 15.811157 10.675049 5.9417725 9.466553 26.989746 33.83789 16.314697 -0.40283203 -12.487793 -16.616821 -12.991333 -23.565674 -66.6687 -95.06836 -90.43579 -86.60889 -53.778076 -12.185669 28.601074 65.66162 66.26587 69.89136 59.518433 68.38074 77.545166 80.26428 51.361084 23.666382 -19.73877 -76.034546 -84.09119 -68.38074 -64.25171 -24.169922 -11.480713 -30.715942 -49.0448 -61.431885 -65.25879 -61.6333 -50.354004 -20.947266 -12.387085 -4.9346924 -12.588501 -20.040894 -18.429565 -5.9417725 -3.7261963 5.8410645 24.472046 18.530273 7.1502686 24.371338 50.55542 67.57507 94.56482 101.815796 92.85278 73.516846 -2.5177002 -86.60889 -131.52466 -118.83545 -104.73633 -90.93933 -67.57507 -23.968506 22.357178 45.620728 58.309937 61.431885 46.02356 9.667969 -1.8127441 0.30212402 3.6254883 14.703369 36.4563 58.61206 80.86853 85.29968 78.45154 69.28711 48.239136 3.8269043 -38.571167 -52.56958 -60.424805 -62.74109 -46.627808 -49.246216 -75.631714 -94.86694 -101.61438 -79.96216 -60.021973 -44.311523 -29.205322 -16.918945 -7.1502686 10.775757 25.27771 53.17383 59.921265 60.72693 41.088867 21.148682 -0.40283203 -9.768677 -22.558594 -29.708862 -48.03772 -38.47046 -27.090454 -7.5531006 -0.60424805 12.588501 12.387085 7.8552246 3.6254883 2.9205322 -3.8269043 -2.6184082 17.623901 19.23523 20.74585 9.970093 -12.588501 -14.300537 -13.595581 -17.623901 -4.1290283 17.926025 15.106201 8.560181 11.178589 3.3233643 -13.092041 -9.768677 12.286377 41.189575 78.35083 101.71509 99.09668 72.509766 51.361084 68.07861 97.98889 77.74658 36.85913 4.6325684 -38.36975 -86.00464 -114.90784 -116.11633 -94.86694 -66.970825 -49.0448 -33.33435 
-81.27136 -86.206055 -100.20447 -94.46411 -74.42322 -46.224976 -39.578247 -17.825317 -20.443726 -22.76001 -13.293457 -13.092041 1.1077881 8.157349 8.157349 11.581421 -8.157349 -11.682129 -7.4523926 -7.4523926 -2.6184082 31.420898 32.42798 14.501953 0.40283203 6.1431885 2.6184082 2.6184082 -15.206909 -13.192749 -12.789917 -7.9559326 -4.5318604 -0.60424805 -5.5389404 -5.2368164 14.804077 26.687622 43.50586 45.620728 46.325684 48.03772 52.368164 63.446045 70.89844 73.61755 53.274536 54.18091 62.74109 59.71985 53.67737 63.546753 77.545166 65.76233 59.417725 47.131348 32.32727 19.73877 17.623901 -12.588501 -17.72461 -4.4311523 -8.761597 7.0495605 -10.070801 6.5460205 2.0141602 19.23523 20.74585 36.254883 55.892944 65.460205 46.325684 20.74585 7.6538086 -7.4523926 25.479126 48.843384 80.06287 102.72217 113.80005 127.093506 143.20679 165.9668 164.55688 158.21228 152.57263 123.568726 51.260376 -44.210815 -78.552246 -97.98889 -118.33191 -115.008545 -106.24695 -119.540405 -145.9259 -170.70007 -171.60645 -176.84326 -188.92822 -175.33264 -171.90857 -148.74573 -129.30908 -116.72058 -112.08801 -97.08252 -78.048706 -45.822144 2.1148682 41.89453 81.37207 115.008545 130.11475 143.00537 166.97388 173.41919 181.87866 182.48291 146.73157 116.922 91.241455 38.772583 -41.592407 -122.25952 -193.7622 -222.5647 -232.43408 -207.4585 -166.67175 -121.15173 -91.94641 -82.681274 -55.69153 -51.260376 -49.44763 -49.346924 -38.571167 -29.205322 -11.480713 -2.9205322 -21.652222 -11.883545 -8.056641 3.2226562 -8.660889 3.2226562 -1.4099121 4.4311523 9.567261 0.70495605 -7.7545166 -14.804077 -14.804077 -11.178589 -1.2084961 16.113281 32.125854 41.99524 45.721436 55.288696 61.935425 78.25012 79.660034 71.7041 44.41223 40.88745 -7.7545166 -19.940186 -12.286377 0.20141602 10.272217 2.4169922 -5.4382324 -6.9488525 0.60424805 11.077881 18.73169 14.904785 12.286377 -4.6325684 -19.73877 -12.991333 -17.22107 -1.0070801 0.60424805 9.768677 14.602661 29.104614 40.182495 48.843384 50.354004 48.843384 37.564087 29.30603 24.572754 19.73877 -1.5106201 -3.9276123 8.056641 19.335938 21.047974 50.05188 80.36499 102.11792 98.794556 132.33032 139.27917 115.10925 76.23596 32.83081 -2.3162842 -40.081787 -69.08569 -105.74341 -88.32092 -63.14392 -63.345337 -80.163574 
-3142.2913 -3126.8828 -3112.3809 -3097.174 -3082.4707 -3068.0693 -3053.7688 -3039.569 -3025.3691 -1640.9363 1230.7526 3299.8992 3299.8992 3299.8992 3299.8992 3299.8992 3299.8992 3299.8992 3299.8992 3299.8992 3299.8992 3299.8992 3299.8992 3299.8992 3299.8992 3299.8992 3299.8992 3299.8992 3291.2383 -1305.5786 3296.9788 -3286.203 -3269.7876 -3253.5735 -3237.3596 -3221.2463 -3205.435 -3189.8254 -3174.3164 -3158.8074 -3143.7012 -3128.897 -3113.5894 -3099.0874 -3084.384 -3069.7815 -3055.1787 -3040.8782 -3026.779 -1913.0493 984.6222 3299.8992 3299.8992 3299.8992 3299.8992 3299.8992 3299.8992 3299.8992 3299.8992 3299.8992 3299.8992 3299.8992 3299.8992 3299.8992 3299.8992 3299.8992 3299.8992 3299.8992 3291.8425 -2070.5566 3299.1943 -3284.0881 -3267.4712 -3251.2573 -3235.0432 -3219.1313 -3203.3203 -3187.6099 -3172.1008 -3156.7932 -3141.4856 -3126.178 -3111.676 -3096.3684 -3081.7656 -3067.3645 -3053.1646 -3038.864 -3024.765 -1576.6846 1235.083 3299.8992 3299.8992 3299.8992 3299.8992 3299.8992 3299.8992 3299.8992 3299.8992 3299.8992 3299.8992 3299.8992 3299.8992 3299.8992 3299.8992 3299.8992 3299.8992 3299.8992 3291.5405 3285.2966 3299.8992 -3281.2683 -3264.6514 -3248.4375 -3232.3242 -3216.3115 -3200.5005 -3184.8906 -3169.4824 -3154.1748 -3138.9678 -3124.1638 -3108.8562 -3094.6562 -3079.953 -3065.149 -3050.647 -3036.3464 -3022.2473 -1096.0052 1745.7733 3299.8992 3299.8992 3299.8992 3299.8992 3299.8992 3299.8992 3299.8992 3299.8992 3299.8992 3299.8992 3299.8992 3299.8992 3299.8992 3299.8992 3299.8992 3299.8992 3299.8992 3288.217 3283.786 3299.8992 -3282.4768 -3265.8599 -3249.5452 -3233.432 -3217.7214 -3201.709 -3186.099 -3170.4895 -3155.2825 -3140.0757 -3125.3723 -3110.669 -3095.3613 -3080.658 -3066.2566 -3052.057 -3037.857 -3023.6572 -992.0746 1907.8125 3299.8992 3299.8992 3299.8992 3299.8992 3299.8992 3299.8992 3299.8992 3299.8992 3299.8992 3299.8992 3299.8992 3299.8992 3299.8992 3299.8992 3299.8992 3299.8992 3299.8992 3285.3972 3283.081 3299.8992 -3283.1816 -3266.565 -3250.3508 -3234.137 -3218.225 -3202.4138 -3186.8042 -3171.3958 -3155.9875 -3140.7805 -3125.473 -3110.4675 -3096.0662 -3081.3628 -3066.6594 -3052.1575 -3037.857 -3023.355 -808.2825 2030.9784 3299.8992 3299.8992 3299.8992 3299.8992 3299.8992 3299.8992 3299.8992 3299.8992 3299.8992 
-3188.617 -3174.6184 -3160.0159 -3146.0173 -3131.9182 -3117.92 -3104.3242 -3090.628 -3062.631 -974.4507 1338.5101 3299.8992 3299.8992 3299.8992 3299.8992 3299.8992 3299.8992 3299.8992 3299.8992 3299.8992 3299.8992 3299.8992 3299.8992 3299.8992 3299.8992 3299.8992 3287.5122 3272.9094 3257.8032 -938.1958 3262.8386 3278.65 3294.2595 3299.8992 -3275.2258 -3260.1196 -3245.114 -3230.4106 -3215.6067 -3201.1047 -3186.7034 -3172.705 -3158.2031 -3144.104 -3130.1055 -3116.1072 -3102.5115 -3088.916 -2998.9836 -752.59094 1533.4808 3299.8992 3299.8992 3299.8992 3299.8992 3299.8992 3299.8992 3299.8992 3299.8992 3299.8992 3299.8992 3299.8992 3299.8992 3299.8992 3299.8992 3299.8992 3287.0085 3272.406 3257.0984 -2557.5806 3266.464 3282.1746 3297.6836 -3286.908 -3271.701 -3256.6956 -3241.7908 -3226.9866 -3212.384 -3197.7812 -3183.4807 -3169.4824 -3154.9805 -3140.982 -3126.9836 -3112.8845 -3099.2888 -3085.794 -2784.0728 -422.6715 1777.7985 3299.8992 3299.8992 3299.8992 3299.8992 3299.8992 3299.8992 3299.8992 3299.8992 3299.8992 3299.8992 3299.8992 3299.8992 3299.8992 3299.8992 3299.8992 3286.5051 3272.0032 3256.6956 -2928.2866 3266.867 3282.6782 3298.0864 -3286.6057 -3271.298 -3256.192 -3241.388 -3226.5837 -3211.8804 -3197.2778 -3182.8765 -3168.4753 -3154.4768 -3140.4785 -3126.48 -3112.8845 -3098.886 -3085.2905 -2774.8076 -431.5338 1801.3641 3299.8992 3299.8992 3299.8992 3299.8992 3299.8992 3299.8992 3299.8992 3299.8992 3299.8992 3299.8992 3299.8992 3299.8992 3299.8992 3299.8992 3299.8992 3286.6057 3271.9023 3256.5947 3252.8687 3268.982 3284.6924 3299.8992 -3284.3901 -3269.284 -3254.2786 -3239.4744 -3224.5696 -3209.967 -3195.5657 -3181.0637 -3166.6626 -3152.664 -3138.6658 -3124.768 -3111.0718 -3097.174 -3083.5784 -2684.4727 -269.69604 1935.1044 3299.8992 3299.8992 3299.8992 3299.8992 3299.8992 3299.8992 3299.8992 3299.8992 3299.8992 3299.8992 3299.8992 3299.8992 3299.8992 3299.8992 3299.8992 3286.6057 3272.0032 3256.2927 3255.5876 3271.6003 3287.4114 3299.8992 -3281.8726 -3266.7664 -3251.7607 -3236.856 -3222.052 -3207.4492 -3193.048 -3178.6467 -3164.2456 -3150.1465 -3136.148 -3122.2502 -3108.7554 -3094.8577 -3081.2622 -2726.9714 -252.37427 2052.6306 3299.8992 3299.8992 3299.8992 3299.8992 3299.8992 3299.8992 3299.8992 3299.8992 3299.8992 
3219.1313 3204.3274 3189.8254 3175.2227 3160.8215 3146.521 3131.8176 3113.086 2040.1428 161.23352 -1446.872 -2702.1973 3132.2205 3148.1323 3163.742 3179.3518 3194.76 3210.0676 3225.2747 3240.4814 3255.487 3270.4924 3285.2966 3299.7986 -3285.1958 -3270.5933 -3256.3933 -3241.7908 -3227.3894 771.62476 3299.8992 3299.8992 3299.8992 3299.8992 3299.8992 3292.3462 3277.542 3262.5366 3247.8333 3232.9285 3218.1243 3203.421 3188.516 3174.0142 3159.0088 3144.8088 3130.9111 3111.8774 1903.8849 38.87329 -1568.4265 -2786.6912 3132.7239 3148.5352 3164.1448 3179.7546 3195.2637 3210.3699 3225.5767 3240.7837 3255.9905 3270.7947 3286.0015 3299.8992 -3284.793 -3270.1904 -3255.3862 -3240.985 -3227.0874 1270.3308 3299.8992 3299.8992 3299.8992 3299.8992 3299.8992 3291.0369 3275.9307 3261.026 3246.3225 3231.3171 3216.6138 3201.8096 3187.3076 3172.705 3158.1023 3143.6003 3129.8035 3111.4746 2041.2506 152.1698 -1576.5839 -2880.0476 3130.9111 3146.7224 3162.4329 3177.942 3193.35 3208.6577 3223.8647 3239.0715 3254.0771 3269.0825 3284.1887 3298.7915 -3286.1023 -3271.4995 -3257.5012 -3242.7979 -3228.296 1647.583 3299.8992 3299.8992 3299.8992 3299.8992 3299.8992 3287.915 3273.2117 3258.307 3243.5027 3228.6987 3213.8945 3199.1912 3184.2864 3169.8853 3155.081 3140.7805 3126.6814 3100.9001 1663.5956 -131.42395 -1674.5728 -2927.8838 3131.9182 3147.6287 3163.339 3178.949 3194.1558 3209.5642 3224.771 3239.978 3254.9834 3269.8882 3285.0952 3299.7986 -3285.6995 -3271.0967 -3256.192 -3241.8914 -3227.893 2387.2832 3299.8992 3299.8992 3299.8992 3299.8992 3299.8992 3285.5986 3270.7947 3255.9905 3241.0857 3226.3823 3211.5784 3196.875 3182.373 3167.9717 3153.1677 3138.8672 3124.8687 3022.046 1474.2645 -420.85876 -1972.467 -3197.9827 3135.0403 3150.7507 3166.3604 3181.9702 3197.2778 3212.5854 3227.7922 3242.8984 3257.904 3272.9094 3287.915 3299.8992 -3282.4768 -3267.874 -3253.775 -3239.1724 -3224.8718 2858.2947 3299.8992 3299.8992 3299.8992 3299.8992 3299.8992 3287.1094 3272.2046 3257.2998 3242.697 3227.893 3213.0889 3198.285 3183.4807 3168.7773 3154.5776 3140.1763 3125.473 3097.476 1690.7867 -124.37439 -1811.737 -3182.373 3133.0261 3148.8372 3164.5476 3180.0566 3195.465 3210.7727 3225.9795 3241.0857 
-3029.8003 -3015.6006 -3001.602 -2987.9058 -2974.109 -2960.614 -2946.9177 -2933.5234 -2920.1294 -1780.9204 -611.80115 826.6113 2162.1 3225.879 3299.8992 3299.8992 3299.8992 3299.8992 3299.8992 3299.8992 3299.8992 3299.8992 3299.8992 3299.8992 3299.8992 3299.8992 3299.8992 3299.8992 3299.8992 1806.9031 -3182.5745 -3166.7632 -3151.355 -3136.148 -3121.1426 -3106.2378 -3091.4336 -3076.831 -3062.4297 -3048.0286 -3033.728 -3019.629 -3005.3284 -2991.5312 -2977.835 -2964.1387 -2950.5432 -2937.149 -2923.755 -1907.309 -584.40857 736.17554 2096.4385 3129.1992 3299.8992 3299.8992 3299.8992 3299.8992 3299.8992 3299.8992 3299.8992 3299.8992 3299.8992 3299.8992 3299.8992 3299.8992 3299.8992 3299.8992 3299.8992 1603.5736 -3183.3801 -3167.6697 -3152.2612 -3137.0544 -3122.0488 -3107.144 -3092.34 -3077.7373 -3063.3362 -3048.8342 -3034.6343 -3020.4346 -3006.8389 -2992.6392 -2978.7415 -2965.1458 -2951.4495 -2937.9546 -2924.5605 -1926.6449 -673.63586 671.3196 2017.8864 3128.595 3299.8992 3299.8992 3299.8992 3299.8992 3299.8992 3299.8992 3299.8992 3299.8992 3299.8992 3299.8992 3299.8992 3299.8992 3299.8992 3299.8992 3299.8992 995.19653 -3180.4595 -3164.749 -3149.4414 -3134.1338 -3119.0276 -3104.1228 -3089.4194 -3074.817 -3060.315 -3046.0144 -3031.8145 -3017.6147 -3004.019 -2989.8193 -2975.9216 -2962.2253 -2948.831 -2935.2356 -2921.8413 -1827.1454 -494.77844 875.0519 2101.7761 3147.6287 3299.8992 3299.8992 3299.8992 3299.8992 3299.8992 3299.8992 3299.8992 3299.8992 3299.8992 3299.8992 3299.8992 3299.8992 3299.8992 3299.8992 3299.8992 586.52344 -3178.3447 -3162.7349 -3147.3267 -3132.2205 -3117.1143 -3102.1086 -3087.506 -3072.9033 -3058.5022 -3044.1008 -3029.9011 -3015.9026 -3001.602 -2987.8052 -2974.109 -2960.5132 -2946.9177 -2933.4229 -2920.1294 -1819.1895 -519.2505 931.8512 2411.1511 3299.8992 3299.8992 3299.8992 3299.8992 3299.8992 3299.8992 3299.8992 3299.8992 3299.8992 3299.8992 3299.8992 3299.8992 3299.8992 3299.8992 3299.8992 3299.8992 381.38123 -3178.1433 -3162.5334 -3147.2258 -3132.019 -3116.9128 -3102.2095 -3087.4053 -3072.8027 -3058.4014 -3044.1008 -3029.8003 -3015.7012 -3001.9043 -2987.8052 -2973.9075 -2960.3118 -2946.7163 -2933.2214 -2811.8682 -1350.6958 -154.08325 1212.7258 2383.0535 3299.8992 3299.8992 3299.8992 3299.8992 3299.8992 3299.8992 3299.8992 
3161.6272 3146.3196 3131.1125 3116.0063 3101.001 3086.2976 3071.292 2692.8313 1609.2133 154.08325 -891.16516 -1821.9086 -2590.6128 -3158.3037 3096.0662 3112.7837 3129.2998 3145.816 3162.1306 3178.4453 3194.5586 3210.5713 3226.5837 3242.395 3258.1055 3273.816 3289.4255 3299.8992 -3279.7576 37.060547 3299.8992 3299.8992 3284.9944 3269.6868 3254.48 3239.1724 3223.9653 3208.7585 3193.5515 3178.0425 3162.6343 3147.2258 3132.2205 3117.0134 3102.1086 3087.3047 3070.3857 2663.0217 1882.4341 514.1144 -631.1371 -1605.8899 -2513.3696 -3278.1462 3092.34 3109.1582 3125.6743 3142.1904 3158.5051 3174.7192 3190.8325 3206.845 3223.059 3238.87 3254.6814 3270.291 3285.901 3299.8992 -3283.2825 553.89404 3299.8992 3293.8567 3278.65 3263.4429 3248.3367 3233.2305 3218.0237 3202.8167 3187.509 3172.1008 3156.6924 3141.3848 3126.3794 3111.2732 3096.3684 3081.5642 3064.9475 2582.6567 1602.6672 194.56787 -988.3484 -1947.1893 -2783.368 3269.3848 3094.6562 3111.3738 3127.89 3144.406 3160.7207 3176.9348 3193.048 3209.0605 3224.6704 3240.8843 3256.6956 3272.406 3287.915 3299.8992 -3281.1675 1014.12964 3299.8992 3293.3533 3278.3477 3263.1409 3248.236 3232.9285 3217.6208 3202.5146 3187.207 3171.7986 3156.2896 3141.1833 3125.473 3110.8704 3095.9656 3081.2622 3063.5376 2419.4092 1451.001 77.948 -1005.46875 -1885.3546 -2719.9219 3193.8538 3096.0662 3112.7837 3129.2998 3145.9167 3162.1306 3178.5461 3194.5586 3210.6719 3226.0803 3242.2942 3258.0046 3273.715 3289.325 3299.8992 -3277.9448 1376.6785 3299.8992 3292.8496 3277.8442 3262.738 3247.4304 3232.2234 3217.1172 3201.9104 3186.6028 3171.2952 3155.6853 3140.579 3125.07 3110.266 3095.462 3080.658 3063.3362 2509.4421 1587.1582 251.26648 -913.0188 -1890.1886 -2645.7 3207.7515 3092.9443 3109.561 3126.3794 3142.7947 3159.1094 3175.2227 3191.4368 3207.55 3223.059 3239.273 3255.1848 3270.7947 3286.5051 3299.8992 -3220.2393 1706.5979 3299.8992 3288.3179 3273.2117 3258.0046 3242.8984 3227.6917 3212.5854 3197.3784 3182.0708 3166.6626 3151.355 3136.148 3121.0417 3105.9355 3091.0308 3076.2268 3058.6028 2307.9253 1309.4055 -26.486206 -1239.917 -2132.8948 -2860.3088 3081.0608 3096.3684 3112.985 3129.5012 3146.0173 3162.332 3178.5461 
-3025.3691 -3011.5723 -2997.6746 -2891.0247 -2449.823 -2102.5818 -1728.653 -1327.1301 -1196.9147 -845.343 -231.93054 43.103027 331.02722 534.5581 885.2234 1948.7 3000.4944 3299.8992 3299.8992 3299.8992 3299.8992 3299.8992 3299.8992 3299.8992 3299.8992 3299.8992 3299.8992 3299.8992 3225.5767 996.80786 -661.1481 -2009.3262 -3146.4202 -3131.2134 -3116.51 -3101.7058 -3087.1033 -3072.8027 -3058.5022 -3044.403 -3030.304 -3016.5068 -3002.5085 -2765.8447 -2416.1865 -2129.8735 -1631.6711 -1219.0704 -1148.2727 -817.95044 -453.18604 -178.656 69.1864 270.90454 759.2377 2020.5048 3111.1724 3299.8992 3299.8992 3299.8992 3299.8992 3299.8992 3299.8992 3299.8992 3299.8992 3299.8992 3299.8992 3299.8992 3280.966 1198.6267 -502.83508 -1951.9226 -3151.2542 -3136.2488 -3121.344 -3106.7412 -3092.1387 -3077.7373 -3063.4368 -3049.237 -3035.2385 -3021.1394 -3007.3425 -2852.8564 -2385.1685 -1939.6362 -1410.7178 -1048.2697 -783.3069 -507.56836 -142.80396 -97.68677 40.585327 224.88098 759.13696 1813.147 2679.0344 3299.8992 3299.8992 3299.8992 3299.8992 3299.8992 3299.8992 3299.8992 3299.8992 3299.8992 3299.8992 3299.8992 2866.5527 632.6477 -1101.947 -2559.7961 -3148.4343 -3133.5295 -3118.6248 -3103.9214 -3089.4194 -3075.119 -3060.8184 -3046.7192 -3032.62 -3018.8232 -2999.6887 -2504.2053 -1974.3805 -1627.0386 -1409.5093 -1177.1759 -800.8301 -527.2064 -91.04004 81.47278 216.11938 428.10974 927.1179 2183.9539 2991.0278 3299.8992 3299.8992 3299.8992 3299.8992 3299.8992 3299.8992 3299.8992 3299.8992 3299.8992 3299.8992 3299.8992 3032.2173 776.9623 -815.0299 -2182.141 -3161.9292 -3146.9238 -3131.9182 -3117.3157 -3102.8137 -3088.4124 -3074.0112 -3059.7107 -3045.7122 -3031.7139 -3017.8162 -2767.0532 -2423.236 -2042.9626 -1564.1968 -1151.1932 -923.89526 -583.2001 -157.70874 -99.19739 70.59631 178.45459 722.68066 1953.2318 2853.964 3299.8992 3299.8992 3299.8992 3299.8992 3299.8992 3299.8992 3299.8992 3299.8992 3299.8992 3299.8992 3299.8992 2921.8413 628.01514 -1067.4042 -2485.4736 -3158.5051 -3143.399 -3128.6956 -3113.9922 -3099.3896 -3084.9883 -3070.6877 -3056.5886 -3042.5903 -3028.4912 -3014.5935 -2809.9548 -2370.5657 -2023.3246 -1622.2046 -1338.0066 -939.4043 -533.4503 -241.79993 -164.35547 53.07312 207.65991 742.82227 2067.8374 2992.2363 3299.8992 3299.8992 3299.8992 

-34.140015 -37.36267 -28.198242 -4.9346924 24.472046 40.585327 50.857544 63.24463 67.77649 82.78198 34.240723 3.6254883 5.1361084 2.4169922 6.5460205 20.544434 29.30603 11.480713 -17.422485 -33.535767 -27.493286 -7.0495605 26.486206 13.796997 4.7332764 -23.76709 -38.269043 -48.843384 -38.974 -34.44214 -64.75525 -66.36658 -45.318604 -20.74585 -6.7474365 1.2084961 10.473633 31.018066 33.9386 25.479126 8.660889 -6.6467285 -8.560181 3.3233643 -6.8481445 -6.0424805 -21.853638 -18.73169 -21.551514 -13.092041 -11.682129 -3.9276123 -7.0495605 -8.963013 -17.926025 -9.667969 3.6254883 15.005493 15.609741 11.883545 11.782837 12.387085 22.76001 13.494873 -1.4099121 -4.2297363 -12.991333 -17.321777 -7.1502686 -7.5531006 -11.077881 1.5106201 9.970093 18.22815 23.062134 17.72461 5.9417725 0.80566406 -4.4311523 -4.1290283 -3.7261963 -3.1219482 -12.890625 -18.429565 0.60424805 -19.335938 -43.606567 -24.069214 -4.4311523 14.401245 43.90869 74.42322 104.63562 79.055786 38.87329 26.28479 31.723022 17.120361 -39.175415 -82.58057 -77.74658 -46.124268 -24.371338 -0.20141602 20.443726 31.521606 10.574341 -5.0354004 17.523193 10.272217 -9.265137 -10.171509 6.5460205 23.565674 26.78833 53.778076 59.71985 67.77649 54.785156 42.700195 42.700195 42.700195 42.700195 42.700195 42.700195 42.700195 42.700195 42.700195 42.700195 42.700195 42.700195 42.700195 42.700195 42.700195 42.700195 42.700195 42.700195 42.700195 42.700195 42.700195 -8.258057 -21.652222 -10.171509 -10.675049 -3.8269043 2.5177002 3.6254883 -2.0141602 2.6184082 5.0354004 7.0495605 5.3375244 3.2226562 1.0070801 -1.0070801 -6.2438965 -11.682129 -27.79541 -42.90161 -48.843384 -24.77417 7.5531006 37.96692 61.23047 65.3595 57.000732 59.1156 49.95117 12.084961 -0.30212402 -6.2438965 -32.83081 -42.800903 -53.475952 -93.0542 -118.13049 -124.37439 -112.18872 -75.027466 -38.772583 -0.20141602 28.198242 49.649048 43.606567 49.749756 44.51294 55.792236 69.08569 84.79614 67.77649 24.169922 2.9205322 -7.3516846 4.7332764 29.003906 54.0802 60.72693 18.933105 -25.78125 -59.417725 
-68.88428 -59.71985 -14.501953 15.005493 47.332764 80.56641 80.86853 89.12659 80.56641 81.7749 55.18799 18.026733 -10.272217 -58.914185 -102.11792 -90.43579 -46.42639 -8.358765 -3.4240723 -20.74585 -36.85913 -41.592407 -43.90869 -51.461792 -42.90161 -38.067627 -47.131348 -32.730103 -43.40515 -43.103027 -63.74817 -79.055786 -72.81189 -53.57666 -43.40515 -55.69153 -27.593994 -28.701782 -19.537354 -31.118774 -46.42639 -50.152588 -43.606567 -34.140015 -27.29187 -20.24231 -31.018066 -17.422485 -20.141602 -7.5531006 -7.5531006 -0.40283203 3.7261963 9.667969 2.6184082 17.019653 32.42798 36.758423 35.650635 36.4563 39.578247 39.779663 48.742676 36.758423 33.636475 39.47754 10.675049 40.88745 33.233643 31.118774 30.917358 22.659302 19.23523 17.422485 16.71753 0 20.040894 14.199829 45.92285 67.67578 102.72217 139.27917 183.99353 227.49939 253.9856 253.48206 221.55762 201.41602 153.98254 126.086426 107.15332 115.10925 98.89526 47.836304 3.3233643 -24.069214 -79.660034 -148.24219 -207.25708 -216.82434 -193.05725 -182.78503 -164.05334 -132.73315 -116.11633 -112.490845 -128.10059 -101.21155 -57.70569 -22.659302 -0.20141602 2.1148682 -11.380005 -27.996826 -54.382324 -107.55615 -94.3634 -102.420044 -99.90234 -89.83154 -84.79614 -89.328 -74.020386 -75.32959 -60.324097 -35.247803 -50.152588 -49.749756 -59.21631 -44.110107 -34.039307 -23.867798 -19.73877 -18.530273 -14.501953 5.8410645 15.911865 17.825317 23.062134 16.415405 24.371338 20.947266 31.219482 26.083374 18.026733 22.155762 -11.077881 8.358765 8.459473 10.171509 9.768677 4.7332764 12.487793 20.544434 17.321777 -8.056641 -3.6254883 7.0495605 11.883545 13.897705 34.240723 44.714355 55.490112 74.32251 87.51526 87.31384 93.35632 121.75598 137.0636 150.05493 145.8252 125.18005 129.10767 112.18872 70.09277 26.687622 7.1502686 -21.047974 -25.378418 -17.623901 -6.7474365 0.80566406 -1.1077881 -15.710449 1.8127441 -10.876465 -25.479126 -23.26355 -4.1290283 20.645142 19.134521 8.560181 0.80566406 -13.494873 -43.00232 -115.61279 -79.156494 -59.921265 -60.22339 -77.948 
3299.8992 3299.8992 3299.8992 3299.8992 3299.8992 3299.8992 3299.8992 3299.8992 3283.6853 3283.484 3299.8992 -3282.7788 -3266.2627 -3249.948 -3233.8347 -3217.9229 -3202.2124 -3186.6028 -3171.0938 -3155.6853 -3140.4785 -3125.6743 -3110.568 -3096.167 -3081.4636 -3066.6594 -3052.2583 -3037.857 -3021.3408 -777.063 2035.7117 3299.8992 3299.8992 3299.8992 3299.8992 3299.8992 3299.8992 3299.8992 3299.8992 3299.8992 3299.8992 3299.8992 3299.8992 3299.8992 3299.8992 3299.8992 3299.8992 3299.8992 3283.081 3284.9944 3299.8992 -3281.369 -3264.9536 -3248.639 -3232.5256 -3216.513 -3200.8025 -3185.1929 -3169.6838 -3154.3762 -3139.27 -3124.4658 -3109.6619 -3094.4548 -3079.953 -3065.451 -3051.2512 -3036.9507 -2964.9443 -603.9459 2142.6636 3299.8992 3299.8992 3299.8992 3299.8992 3299.8992 3299.8992 3299.8992 3299.8992 3299.8992 3299.8992 3299.8992 3299.8992 3299.8992 3299.8992 3299.8992 3299.8992 3299.6978 3279.657 3286.7065 3299.8992 -3279.5562 -3263.2415 -3246.9268 -3230.9143 -3214.9016 -3199.1912 -3183.5815 -3167.9717 -3152.765 -3137.6587 -3122.9553 -3107.6477 -3093.2463 -3078.6438 -3063.9404 -3049.4385 -3035.138 -2895.1538 -418.03894 2520.6206 3299.8992 3299.8992 3299.8992 3299.8992 3299.8992 3299.8992 3299.8992 3299.8992 3299.8992 3299.8992 3299.8992 3299.8992 3299.8992 3299.8992 3299.8992 3299.8992 3298.3887 3203.5217 3288.1165 3299.8992 -3278.3477 -3261.9324 -3245.7183 -3229.605 -3213.693 -3197.9827 -3182.373 -3166.864 -3151.657 -3136.5508 -3121.7468 -3107.0435 -3091.8364 -3077.234 -3062.8325 -3048.532 -3034.4329 -2806.3293 -241.69922 2566.6443 3299.8992 3299.8992 3299.8992 3299.8992 3299.8992 3299.8992 3299.8992 3299.8992 3299.8992 3299.8992 3299.8992 3299.8992 3299.8992 3299.8992 3299.8992 3299.8992 3297.885 3003.012 3289.0227 -3294.058 -3277.3406 -3261.026 -3244.812 -3228.6987 -3212.7869 -3197.0764 -3181.4666 -3165.9575 -3150.7507 -3135.5437 -3120.236 -3105.9355 -3090.628 -3076.0254 -3061.8254 -3047.525 -3033.3252 -2776.419 -282.68738 2626.4648 3299.8992 3299.8992 3299.8992 3299.8992 3299.8992 3299.8992 3299.8992 3299.8992 3299.8992 
3299.8992 3299.8992 3299.8992 3299.8992 3299.8992 3299.8992 3288.217 3273.6145 3257.904 3258.206 3274.2188 3289.8284 3299.8992 -3279.2542 -3264.2485 -3249.1423 -3234.3384 -3219.5342 -3205.0322 -3190.5303 -3176.2297 -3162.1306 -3147.7295 -3133.731 -3119.8333 -3106.3384 -3092.34 -3078.8452 -2393.93 243.81409 2723.8494 3299.8992 3299.8992 3299.8992 3299.8992 3299.8992 3299.8992 3299.8992 3299.8992 3299.8992 3299.8992 3299.8992 3299.8992 3299.8992 3299.8992 3299.7986 3284.3901 3269.7876 3249.7466 3256.7961 3272.8088 3288.4185 3299.8992 -3280.664 -3265.5579 -3250.5522 -3235.7483 -3220.944 -3206.3416 -3191.9402 -3177.539 -3163.037 -3149.1394 -3135.2417 -3121.344 -3107.2449 -3093.75 -3080.2551 -2310.1409 137.1643 2257.974 3299.8992 3299.8992 3299.8992 3299.8992 3299.8992 3299.8992 3299.8992 3299.8992 3299.8992 3299.8992 3299.8992 3299.8992 3299.8992 3299.8992 3299.8992 3285.2966 3270.5933 3225.879 3259.0117 3275.0244 3290.5334 3299.8992 -3278.549 -3263.5437 -3248.538 -3233.6333 -3218.93 -3204.428 -3189.926 -3175.525 -3161.5264 -3147.2258 -3133.1267 -3119.3298 -3105.3313 -3091.8364 -3078.3416 -2184.3567 343.91785 2537.439 3299.8992 3299.8992 3299.8992 3299.8992 3299.8992 3299.8992 3299.8992 3299.8992 3299.8992 3299.8992 3299.8992 3299.8992 3299.8992 3299.8992 3299.8992 3284.3901 3269.5862 2951.3489 3260.7239 3276.6357 3292.3462 3299.8992 -3276.9377 -3261.8315 -3246.9268 -3232.022 -3217.3186 -3202.8167 -3188.3147 -3174.0142 -3159.915 -3145.3125 -3131.6162 -3117.819 -3103.8208 -3090.326 -3076.9316 -2281.7412 38.168335 2304.1992 3299.8992 3299.8992 3299.8992 3299.8992 3299.8992 3299.8992 3299.8992 3299.8992 3299.8992 3299.8992 3299.8992 3299.8992 3299.8992 3299.8992 3299.8992 3288.3179 3273.6145 2591.217 3266.565 3282.4768 3297.9858 -3286.5051 -3271.298 -3256.2927 -3241.287 -3226.4832 -3211.7798 -3197.2778 -3182.8765 -3168.576 -3154.5776 -3140.277 -3126.2786 -3112.5823 -3098.584 -3085.089 -3071.6948 -1798.4436 755.20935 3062.631 3299.8992 3299.8992 3299.8992 3299.8992 3299.8992 3299.8992 3299.8992 3299.8992 3299.8992 
3256.0913 3271.0967 3285.901 3299.8992 -3284.9944 -3270.3918 -3255.487 -3241.1865 -3182.1716 3259.314 3299.8992 3299.8992 3299.8992 3299.8992 3297.9858 3283.484 3268.3777 3253.6743 3238.7695 3224.0662 3209.262 3194.458 3180.0566 3165.5547 3150.7507 3136.4502 3122.5525 2965.9514 1330.957 -424.58496 -1940.3412 -3128.897 3133.3281 3149.0386 3164.6484 3180.1575 3195.6665 3210.8733 3225.9795 3241.1865 3256.0913 3271.1975 3286.3037 3299.8992 -3284.0881 -3269.5862 -3255.487 -3240.7837 -3056.79 3299.8992 3299.8992 3299.8992 3299.8992 3299.8992 3297.1802 3282.4768 3267.6726 3252.7678 3238.1653 3223.361 3208.3557 3193.753 3178.949 3164.1448 3150.0457 3135.745 3121.1426 2986.4958 1296.3135 -527.1057 -2112.9546 3204.9316 3134.6375 3150.247 3166.0583 3181.5674 3196.875 3212.1826 3227.2888 3242.4956 3257.5012 3272.5066 3287.1094 3299.8992 -3283.5845 -3269.0825 -3254.1777 -3239.7766 -2797.6685 3299.8992 3299.8992 3299.8992 3299.8992 3299.8992 3295.3674 3280.5632 3265.8599 3251.1565 3236.2517 3221.4478 3206.6436 3191.9402 3177.4382 3162.9363 3148.5352 3134.1338 3120.1355 2834.4268 1166.1987 -500.7202 -2045.2789 -3235.9497 3133.2275 3148.938 3164.6484 3180.0566 3195.5657 3210.7727 3225.9795 3241.0857 3256.0913 3271.1975 3286.203 3299.8992 -3284.2896 -3269.4854 -3255.5876 -3240.8843 -2468.051 3299.8992 3299.8992 3299.8992 3299.8992 3299.8992 3292.749 3278.0457 3263.2415 3248.3367 3233.6333 3218.8293 3204.0251 3189.4226 3174.5178 3159.8145 3145.816 3131.6162 3116.9128 2815.796 1118.6646 -572.2229 -2168.9482 3203.6223 3132.5225 3148.233 3163.9434 3179.3518 3194.76 3209.967 3225.1738 3240.3809 3255.3862 3270.291 3285.0952 3299.7986 -3285.6995 -3271.0967 -3256.2927 -3241.8914 -2124.939 3299.8992 3299.8992 3299.8992 3299.8992 3299.8992 3289.5264 3274.823 3259.9182 3245.3154 3230.4106 3215.7073 3201.004 3186.4014 3171.8994 3157.498 3142.694 3128.4941 3114.5964 2658.0872 861.557 -823.9929 -2365.4297 3117.819 3133.6304 3149.4414 3165.1519 3180.661 3195.9685 3211.2761 3226.4832 3241.4885 
3299.8992 3299.8992 3299.8992 3299.8992 3299.8992 3299.8992 3299.8992 3299.8992 3299.8992 -172.51282 -3180.4595 -3164.8499 -3149.5422 -3134.2346 -3119.229 -3104.3242 -3089.6208 -3075.119 -3060.617 -3046.2158 -3031.9153 -3017.9167 -3004.2205 -2990.0208 -2976.3245 -2962.5273 -2949.0325 -2935.5376 -2922.2441 -1809.3201 -596.2921 784.4147 2127.2551 3233.5327 3299.8992 3299.8992 3299.8992 3299.8992 3299.8992 3299.8992 3299.8992 3299.8992 3299.8992 3299.8992 3299.8992 3299.8992 3299.8992 3299.8992 3299.8992 -820.0653 -3172.1008 -3156.491 -3141.1833 -3125.9766 -3110.971 -3096.167 -3081.4636 -3066.8608 -3052.5603 -3038.1592 -3023.9592 -3009.961 -2996.3652 -2982.266 -2968.4692 -2954.8735 -2941.278 -2927.8838 -2854.9712 -1438.916 -174.92981 1282.2144 2699.6794 3299.8992 3299.8992 3299.8992 3299.8992 3299.8992 3299.8992 3299.8992 3299.8992 3299.8992 3299.8992 3299.8992 3299.8992 3299.8992 3299.8992 3299.8992 3299.8992 -887.03613 -3174.417 -3158.8074 -3143.4998 -3128.2927 -3113.2874 -3098.584 -3083.7798 -3069.1772 -3054.8767 -3040.5762 -3026.3762 -3012.277 -2997.9766 -2984.2803 -2970.6848 -2957.089 -2943.4937 -2929.9988 -2916.7053 -1820.1965 -496.49048 1088.3514 2264.923 3299.8992 3299.8992 3299.8992 3299.8992 3299.8992 3299.8992 3299.8992 3299.8992 3299.8992 3299.8992 3299.8992 3299.8992 3299.8992 3299.8992 3299.8992 3299.8992 -1484.0332 -3166.5618 -3150.9521 -3135.745 -3120.5383 -3105.6335 -3090.7288 -3076.2268 -3061.7249 -3047.3235 -3033.023 -3018.8232 -3004.8247 -2991.3298 -2977.2307 -2963.4338 -2949.8381 -2936.444 -2922.9492 -2744.4946 -1177.2766 73.21472 1471.6461 2720.5261 3299.8992 3299.8992 3299.8992 3299.8992 3299.8992 3299.8992 3299.8992 3299.8992 3299.8992 3299.8992 3299.8992 3299.8992 3299.8992 3299.8992 3299.8992 3299.8992 -2000.8667 -3168.0725 -3152.5635 -3137.2559 -3122.0488 -3107.144 -3092.34 -3077.8381 -3063.1348 -3048.8342 -3034.5337 -3020.3337 -3006.3354 -2992.8406 -2978.7415 -2964.9443 -2951.3489 -2937.7532 -2924.3591 -2679.7393 -1170.1263 164.7583 1540.0269 2892.9382 3299.8992 3299.8992 3299.8992 3299.8992 3299.8992 3299.8992 3299.8992 
3194.6594 3210.5713 3226.7852 3242.395 3258.206 3273.9165 3289.4255 3299.8992 -3068.2708 2211.9507 3299.8992 3288.8213 3273.715 3258.5083 3243.402 3228.296 3213.0889 3197.882 3182.5745 3167.0654 3151.7578 3136.4502 3121.344 3106.4392 3091.5344 3076.831 3059.7107 2402.4902 1306.2836 15.811157 -1017.5537 -1933.8959 -2746.0051 3204.3274 3093.2463 3109.9639 3126.48 3142.8955 3159.3108 3175.6255 3191.7388 3207.6506 3223.8647 3239.5752 3255.2856 3270.996 3286.6057 3299.8992 -2853.0579 2556.775 3298.892 3283.8867 3268.881 3253.6743 3238.4673 3223.5625 3208.3557 3193.048 3177.841 3162.4329 3147.1252 3131.9182 3117.0134 3102.008 3087.0024 3072.4 3053.5674 1954.541 838.39417 -481.08215 -1641.742 -2519.2107 -3272.0032 3087.808 3104.727 3121.2432 3137.7593 3154.1748 3170.3887 3186.502 3202.5146 3218.527 3234.7412 3250.2502 3266.0613 3281.6711 3297.1802 -3287.4114 -2694.5435 2751.0405 3299.8992 3293.1519 3277.9448 3262.738 3247.531 3232.4248 3217.218 3201.9104 3186.6028 3171.1943 3155.6853 3140.3777 3125.473 3110.4675 3095.462 3080.5571 3062.1277 2116.7815 1144.7479 -98.89526 -1305.6793 -2137.7288 -2972.2961 3087.2039 3104.0222 3120.639 3137.2559 3153.5706 3169.7844 3186.2 3202.1118 3218.1243 3233.5327 3249.8474 3265.6584 3281.1675 3296.878 -3287.8142 -2352.1362 3161.325 3299.8992 3290.2312 3275.125 3260.0188 3244.9126 3229.605 3214.4988 3199.1912 3183.783 3168.3745 3152.9663 3137.86 3122.2502 3107.6477 3092.743 3077.9387 3058.905 2030.6763 900.2289 -375.23804 -1531.0638 -2447.5066 -3155.3833 3091.1316 3107.849 3124.4658 3140.8813 3157.3975 3173.6113 3189.8254 3205.838 3221.7498 3237.1582 3253.372 3269.0825 3284.8938 3299.8992 -3284.1887 -1990.7959 3299.8992 3299.8992 3291.339 3276.233 3260.9253 3245.819 3230.612 3215.4053 3200.1982 3184.79 3169.281 3153.9734 3138.6658 3123.056 3108.4534 3093.75 3078.9458 3059.4084 1972.2656 764.978 -465.57312 -1482.6233 -2288.2874 -3059.3079 3092.0378 3108.8562 3125.3723 3141.7876 3158.2031 3174.5178 3190.7317 
3299.8992 3299.8992 3299.8992 3299.8992 3299.8992 3299.8992 3299.8992 3299.8992 2739.0564 430.1239 -1182.8156 -2579.7363 -3152.765 -3137.86 -3123.056 -3108.4534 -3093.8506 -3079.55 -3065.2495 -3051.0498 -3037.0513 -3023.053 -2968.5698 -2604.4097 -2201.6785 -1942.7582 -1618.7805 -1275.4669 -1042.9321 -722.7814 -362.3474 -160.42786 142.30042 369.9005 964.7827 2316.989 3162.1306 3299.8992 3299.8992 3299.8992 3299.8992 3299.8992 3299.8992 3299.8992 3299.8992 3299.8992 3299.8992 3299.8992 2428.372 78.75366 -1376.2756 -2764.2334 -3147.6287 -3132.7239 -3117.92 -3103.2166 -3088.916 -3074.5146 -3060.214 -3046.2158 -3032.1167 -3018.1182 -3003.4148 -2684.3718 -2315.68 -2006.3049 -1644.7632 -1336.2946 -815.0299 -339.78882 101.51367 202.22168 384.20105 557.62024 1339.7186 2431.7961 3066.3574 3299.8992 3299.8992 3299.8992 3299.8992 3299.8992 3299.8992 3299.8992 3299.8992 3299.8992 3299.8992 3299.8992 2315.277 2.8198242 -1438.5132 -2802.8044 -3149.8442 -3134.738 -3120.0347 -3105.3313 -3090.9302 -3076.5288 -3062.329 -3048.0286 -3034.1309 -3020.1323 -2871.3867 -2412.1582 -2012.6495 -1789.3799 -1473.1567 -985.52856 -646.84753 -321.56067 34.140015 148.04077 304.94385 513.208 1229.3427 2503.903 3299.8992 3299.8992 3299.8992 3299.8992 3299.8992 3299.8992 3299.8992 3299.8992 3299.8992 3299.8992 3299.8992 3299.8992 2404.7058 51.461792 -1471.5454 -2840.7715 -3158.7065 -3143.7012 -3128.7964 -3114.1936 -3099.6917 -3085.2905 -3070.99 -3056.79 -3042.7917 -3028.7932 -2923.1506 -2663.4246 -2322.1252 -1985.5591 -1778.302 -1448.7854 -1099.9329 -679.0741 -272.818 -132.1289 -37.86621 256.7047 1207.6904 2487.085 3299.8992 3299.8992 3299.8992 3299.8992 3299.8992 3299.8992 3299.8992 3299.8992 3299.8992 3299.8992 3299.8992 3299.8992 2265.225 40.585327 -1499.9451 -2832.5134 -3150.5493 -3135.6445 -3120.8403 -3106.137 -3091.7358 -3077.234 -3063.034 -3048.8342 -3034.8357 -3021.0388 -2894.5496 -2510.4492 -2144.3755 -1788.2721 -1571.347 -1272.4457 -927.1179 -608.7799 -212.4939 50.958252 209.06982 457.8186 1158.2428 2375.5005 3002.5085 3299.8992 3299.8992 3299.8992 

-50.354004 -35.44922 -29.406738 -32.32727 -9.063721 1.1077881 11.077881 9.466553 4.0283203 3.8269043 -3.8269043 4.0283203 22.25647 42.700195 44.51294 40.081787 55.69153 45.92285 18.933105 -28.903198 -71.60339 -91.54358 -78.45154 -55.18799 -48.138428 -34.039307 -28.601074 -3.6254883 22.25647 19.537354 6.0424805 -0.9063721 1.2084961 3.4240723 11.883545 8.056641 -1.7120361 0.30212402 -0.80566406 9.164429 14.904785 25.881958 34.84497 36.154175 68.07861 120.34607 186.61194 149.24927 96.57898 41.290283 1.4099121 -15.206909 -42.90161 -61.935425 -109.3689 -204.73938 -286.7157 -266.5741 -208.56628 -151.26343 -96.57898 -65.25879 -41.4917 -24.472046 -1.6113281 10.775757 28.701782 60.72693 76.135254 75.32959 67.474365 61.331177 55.389404 70.999146 71.30127 52.368164 38.772583 45.318604 36.95984 29.104614 42.49878 41.39099 23.26355 13.092041 23.162842 57.907104 71.20056 56.19507 -1.3092041 -6.7474365 -15.911865 -19.436646 -1.6113281 4.1290283 -24.975586 -46.5271 -53.979492 -45.41931 -33.636475 -27.090454 -27.090454 -27.090454 -27.090454 -27.090454 -27.090454 -27.090454 -27.090454 -27.090454 -27.090454 -27.090454 -27.090454 -27.090454 -27.090454 -27.090454 -27.090454 -27.090454 -27.090454 -27.090454 -27.090454 -27.090454 1.4099121 4.7332764 5.2368164 -0.9063721 2.2155762 2.6184082 -9.265137 -9.063721 -17.019653 -13.897705 -8.560181 4.3304443 3.9276123 21.652222 53.274536 101.01013 138.2721 163.75122 201.01318 228.70789 242.10205 193.46008 41.793823 -109.469604 -188.7268 -245.12329 -253.38135 -225.68665 -187.51831 -155.49316 -118.73474 -81.57349 -49.0448 0.10070801 29.104614 27.896118 8.761597 11.480713 -8.963013 -12.991333 -24.169922 -23.867798 -40.283203 -41.39099 -27.29187 -17.523193 27.79541 10.675049 17.926025 34.240723 49.145508 72.61047 81.27136 70.89844 71.40198 77.84729 14.904785 -52.871704 -68.984985 -36.053467 -6.1431885 23.464966 38.87329 34.84497 8.258057 14.804077 30.615234 33.233643 38.772583 33.032227 37.161255 27.090454 8.258057 -1.7120361 -10.171509 -27.493286 -38.168335 -17.422485 -1.4099121 17.825317 
-80.4657 -86.10535 -69.79065 -75.22888 -82.58057 -63.446045 -58.410645 -38.47046 -35.95276 -9.567261 -22.25647 -39.175415 -29.708862 -40.786743 -56.69861 -66.36658 -34.84497 -26.184082 -5.1361084 1.6113281 4.0283203 2.8198242 -0.10070801 1.4099121 6.2438965 14.703369 14.099121 19.134521 27.896118 30.212402 19.940186 26.486206 36.254883 38.571167 35.549927 24.975586 22.457886 18.73169 21.24939 -2.1148682 23.968506 32.629395 69.992065 103.72925 149.85352 185.00061 242.30347 247.33887 255.19409 262.24365 270.80383 253.38135 196.78345 160.83069 146.53015 133.3374 86.60889 38.168335 -45.41931 -125.28076 -213.19885 -309.07288 -396.68884 -422.5708 -386.41663 -319.04297 -224.07532 -136.15723 -91.744995 -69.68994 -70.495605 -59.820557 -39.678955 -18.429565 -8.862305 -10.372925 -4.6325684 -20.443726 14.602661 30.413818 38.671875 28.198242 32.125854 36.154175 30.615234 32.528687 21.350098 -8.963013 -35.046387 -50.454712 -64.151 -63.14392 -53.475952 -49.850464 -51.461792 -59.21631 -52.972412 -46.5271 -36.35559 -18.73169 -2.6184082 7.0495605 8.258057 15.206909 14.300537 1.1077881 -8.862305 -2.1148682 -18.630981 -1.0070801 -11.380005 -1.4099121 -3.9276123 4.5318604 10.977173 0.30212402 -4.6325684 -16.918945 -3.1219482 -10.372925 3.0212402 -5.9417725 2.0141602 -7.9559326 4.2297363 2.9205322 -7.2509766 -5.9417725 -5.5389404 1.1077881 3.6254883 15.609741 13.494873 20.544434 22.659302 44.91577 68.984985 82.9834 128.60413 148.94714 174.62769 191.84875 188.02185 189.12964 182.68433 153.27759 118.83545 67.474365 67.37366 40.686035 16.113281 -11.782837 -36.4563 -47.836304 -61.029053 -85.5011 -107.75757 -90.5365 -72.006226 -84.695435 -91.744995 -103.829956 -104.837036 -112.994385 -97.38464 -96.47827 -62.13684 -66.06445 -49.145508 -29.406738 -3.4240723 9.164429 10.977173 10.473633 18.630981 22.76001 7.3516846 11.480713 31.118774 45.92285 54.18091 36.85913 25.479126 -32.93152 -81.06995 -79.660034 -29.104614 -4.6325684 12.487793 27.090454 36.85913 47.634888 48.03772 59.61914 59.317017 39.175415 31.521606 25.78125 22.457886 13.092041 
3299.8992 3299.8992 3299.8992 3299.8992 3299.8992 3299.8992 3299.8992 3298.993 2600.6836 3292.6482 -3290.5334 -3274.0173 -3257.6018 -3241.1865 -3225.3752 -3209.3628 -3193.6523 -3178.1433 -3162.6343 -3147.4272 -3132.321 -3117.6177 -3102.411 -3088.0095 -3073.5076 -3058.905 -3044.403 -3030.2031 -2378.2195 360.03113 3212.4846 3299.8992 3299.8992 3299.8992 3299.8992 3299.8992 3299.8992 3299.8992 3299.8992 3299.8992 3299.8992 3299.8992 3299.8992 3299.8992 3299.8992 3299.8992 3299.8992 3295.468 2037.6251 3291.4397 -3291.742 -3275.125 -3258.7097 -3242.4956 -3226.4832 -3210.5713 -3194.8608 -3179.3518 -3163.9434 -3148.6357 -3133.5295 -3118.8262 -3104.1228 -3089.0166 -3074.3132 -3060.0127 -3045.813 -3031.613 -2479.0283 310.5835 3199.292 3299.8992 3299.8992 3299.8992 3299.8992 3299.8992 3299.8992 3299.8992 3299.8992 3299.8992 3299.8992 3299.8992 3299.8992 3299.8992 3299.8992 3299.8992 3299.8992 3294.5618 1402.9633 3292.749 -3290.4326 -3273.9165 -3257.5012 -3241.1865 -3225.2747 -3209.4634 -3193.6523 -3178.1433 -3162.7349 -3147.4272 -3132.4219 -3117.1143 -3102.1086 -3087.909 -3073.3062 -3058.6028 -3044.2017 -3030.0017 -2215.8782 539.5935 3299.8992 3299.8992 3299.8992 3299.8992 3299.8992 3299.8992 3299.8992 3299.8992 3299.8992 3299.8992 3299.8992 3299.8992 3299.8992 3299.8992 3299.8992 3299.8992 3299.8992 3293.6553 688.2385 3293.9575 -3289.1235 -3272.6074 -3256.2927 -3240.1794 -3224.0662 -3208.255 -3192.5444 -3177.0354 -3161.6272 -3146.3196 -3131.2134 -3116.6106 -3101.9072 -3086.7004 -3072.0977 -3057.898 -3043.698 -3029.4983 -1998.2483 889.2517 3299.8992 3299.8992 3299.8992 3299.8992 3299.8992 3299.8992 3299.8992 3299.8992 3299.8992 3299.8992 3299.8992 3299.8992 3299.8992 3299.8992 3299.8992 3299.8992 3299.8992 3290.9363 -73.61755 3293.4539 -3289.7278 -3273.2117 -3256.897 -3240.6829 -3224.6704 -3208.7585 -3193.1487 -3177.6396 -3162.1306 -3146.9238 -3131.8176 -3116.51 -3102.1086 -3087.0024 -3072.4 -3058.2 -3043.8994 -3029.8003 -1895.6268 868.50586 3299.8992 3299.8992 3299.8992 3299.8992 3299.8992 3299.8992 3299.8992 3299.8992 3299.8992 3299.8992 
3299.8992 3299.8992 3299.8992 3299.8992 3299.8992 3299.8992 3285.3972 3270.6938 2204.8003 3265.8599 3281.6711 3297.2808 -3287.4114 -3272.0032 -3257.0984 -3242.0928 -3227.2888 -3212.5854 -3197.9827 -3183.6821 -3169.281 -3155.3833 -3140.982 -3127.0842 -3113.2874 -3099.6917 -3085.8948 -3072.5005 -1381.311 1082.1075 3141.989 3299.8992 3299.8992 3299.8992 3299.8992 3299.8992 3299.8992 3299.8992 3299.8992 3299.8992 3299.8992 3299.8992 3299.8992 3299.8992 3299.8992 3297.1802 3281.369 3266.565 1553.5217 3263.9465 3279.8584 3295.468 -3289.1235 -3273.9165 -3258.7097 -3243.9055 -3229.0007 -3214.3982 -3199.8962 -3185.3943 -3171.0938 -3156.9946 -3142.7947 -3128.7964 -3114.9993 -3101.4038 -3087.6067 -3074.2126 -1552.0111 858.0322 3117.6177 3299.8992 3299.8992 3299.8992 3299.8992 3299.8992 3299.8992 3299.8992 3299.8992 3299.8992 3299.8992 3299.8992 3299.8992 3299.8992 3299.8992 3296.6765 3281.369 3266.464 1030.2429 3265.8599 3281.5703 3297.1802 -3287.4114 -3272.3052 -3257.199 -3242.2942 -3227.3894 -3212.686 -3198.184 -3183.783 -3169.4824 -3154.9805 -3141.1833 -3127.185 -3113.4888 -3099.893 -3085.9954 -3072.6013 -1334.9854 1088.5529 3121.2432 3299.8992 3299.8992 3299.8992 3299.8992 3299.8992 3299.8992 3299.8992 3299.8992 3299.8992 3299.8992 3299.8992 3299.8992 3299.8992 3299.8992 3295.9717 3280.5632 3265.6584 292.9596 3267.2698 3283.081 3298.6907 -3286.0015 -3270.8953 -3255.6885 -3240.7837 -3225.9795 -3211.377 -3196.7742 -3182.373 -3168.0725 -3153.6711 -3139.7734 -3125.9766 -3111.978 -3098.584 -3084.6863 -2989.618 -687.6343 1935.3058 3299.8992 3299.8992 3299.8992 3299.8992 3299.8992 3299.8992 3299.8992 3299.8992 3299.8992 3299.8992 3299.8992 3299.8992 3299.8992 3299.8992 3299.8992 3288.922 3273.5137 3258.609 -357.1106 3262.3352 3278.0457 3293.6553 3299.8992 -3275.83 -3260.8245 -3245.819 -3230.9143 -3216.3115 -3201.709 -3187.207 -3172.9065 -3158.4045 -3144.7083 -3130.7097 -3116.812 -3103.3171 -3089.5203 -3070.8892 -956.62537 1643.9575 3299.8992 3299.8992 3299.8992 3299.8992 3299.8992 3299.8992 3299.8992 3299.8992 3299.8992 3299.8992 
3256.5947 3271.4995 3286.6057 3299.8992 -3283.8867 -3269.284 -3255.1848 -3240.4814 -1921.106 3299.8992 3299.8992 3299.8992 3299.8992 3299.8992 3290.332 3275.4272 3260.5225 3245.7183 3231.1157 3216.3115 3201.6082 3187.0056 3172.2014 3157.5989 3143.1975 3129.0984 3111.978 2389.1968 388.5315 -1322.7997 -2829.19 3126.5808 3142.3918 3158.1023 3173.6113 3189.1204 3204.3274 3219.5342 3234.8418 3249.7466 3264.7522 3279.7576 3294.3604 -3290.9363 -3276.233 -3261.6301 -3247.531 -3232.8276 -1229.1412 3299.8992 3299.8992 3299.8992 3299.8992 3299.8992 3294.5618 3279.8584 3264.9536 3250.2502 3235.3455 3220.5413 3205.7373 3191.034 3176.1292 3161.7278 3147.2258 3132.9253 3116.2078 2494.9402 593.8751 -973.1415 -2541.3665 3125.6743 3141.5862 3157.3975 3172.9065 3188.4155 3203.7231 3219.0308 3234.137 3249.2432 3264.148 3279.0527 3294.058 -3291.0369 -3276.7363 -3262.1338 -3247.4304 -3233.029 -892.6758 3299.8992 3299.8992 3299.8992 3299.8992 3299.8992 3292.6482 3277.8442 3263.04 3248.236 3233.432 3218.628 3203.8237 3189.0198 3174.6184 3159.915 3145.9167 3131.6162 3113.388 2183.9539 134.24377 -1334.9854 -2657.9863 3130.2063 3146.0173 3161.7278 3177.3376 3192.7458 3208.1543 3223.2605 3238.4673 3253.5735 3268.4783 3283.383 3298.1873 -3287.1094 -3272.5066 -3258.0046 -3244.107 -3229.5044 -340.19165 3299.8992 3299.8992 3299.8992 3299.8992 3299.8992 3294.5618 3279.7576 3264.8528 3249.948 3235.2446 3220.3398 3205.6365 3190.8325 3176.1292 3161.4258 3147.2258 3132.6233 3115.805 2358.5815 434.9579 -1133.2672 -2453.952 3127.185 3142.996 3158.7065 3174.2156 3189.8254 3205.0322 3220.4407 3235.446 3250.5522 3265.5579 3280.4626 3295.468 -3289.7278 -3275.4272 -3260.9253 -3246.121 -3231.8206 -9.869385 3299.8992 3299.8992 3299.8992 3299.8992 3299.8992 3290.5334 3275.7292 3260.9253 3246.121 3231.3171 3216.4124 3201.709 3187.0056 3172.5037 3157.901 3143.9026 3129.8035 3111.2732 2195.2332 235.65674 -1296.817 -2710.9587 3127.9907 3143.8018 3159.4116 3175.0212 3190.5303 3205.7373 3221.045 3236.1511 3251.2573 
3299.8992 3299.8992 3299.8992 3299.8992 3299.8992 3299.8992 3299.8992 3299.8992 3298.0864 -2398.059 -3169.4824 -3153.8726 -3138.565 -3123.5596 -3108.554 -3093.75 -3079.0466 -3064.5447 -3050.1433 -3035.9436 -3021.7437 -3007.6445 -2993.6462 -2979.849 -2966.2537 -2952.7588 -2939.163 -2925.8696 -2614.0776 -1183.017 -107.75757 1243.4418 2478.9275 3299.8992 3299.8992 3299.8992 3299.8992 3299.8992 3299.8992 3299.8992 3299.8992 3299.8992 3299.8992 3299.8992 3299.8992 3299.8992 3299.8992 3299.8992 3027.2827 -2931.5093 -3163.44 -3148.1323 -3132.8247 -3117.7185 -3102.713 -3088.1104 -3073.407 -3059.0056 -3044.6045 -3030.304 -3016.104 -3002.2063 -2988.1072 -2974.411 -2960.916 -2947.2197 -2933.8257 -2920.4314 -2788.0005 -1385.138 -101.61438 1330.2521 2589.0015 3299.8992 3299.8992 3299.8992 3299.8992 3299.8992 3299.8992 3299.8992 3299.8992 3299.8992 3299.8992 3299.8992 3299.8992 3299.8992 3299.8992 3299.8992 2692.7307 -3169.3816 -3154.4768 -3139.0686 -3123.761 -3108.7554 -3093.9514 -3079.248 -3064.6453 -3050.2441 -3035.8428 -3021.7437 -3007.544 -2993.6462 -2980.1514 -2966.1528 -2922.8484 -2757.083 -2571.2769 -2394.2322 -932.8583 1280.0995 2989.618 3299.8992 3299.8992 3299.8992 3299.8992 3299.8992 3299.8992 3299.8992 3299.8992 3299.8992 3299.8992 3299.8992 3299.8992 3299.8992 3299.8992 3299.8992 3299.8992 3299.8992 1673.9685 -3032.9224 -3185.8977 -3170.59 -3155.2825 -3140.1763 -3125.171 -3110.266 -3095.7642 -3081.0608 -3066.6594 -3052.2583 -3038.1592 -3023.9592 -3010.4644 -2996.2646 -2982.367 -2968.6707 -2954.9744 -2941.58 -2052.127 -332.73926 964.4806 2284.6619 3299.8992 3299.8992 3299.8992 3299.8992 3299.8992 3299.8992 3299.8992 3299.8992 3299.8992 3299.8992 3299.8992 3299.8992 3299.8992 3299.8992 3299.8992 3299.8992 2453.1462 -3209.0605 -3193.1487 -3177.7405 -3162.4329 -3147.3267 -3132.321 -3117.3157 -3102.713 -3088.0095 -3073.6084 -3059.1064 -3044.9065 -3030.7068 -3016.4062 -3002.71 -2988.9128 -2975.116 -2961.5203 -2948.0254 -2303.897 -1075.058 215.61584 1692.9016 2999.6887 3299.8992 3299.8992 3299.8992 3299.8992 3299.8992 3299.8992 3299.8992 
3206.6436 3222.6562 3238.1653 3254.2786 3270.0896 3285.6995 3299.8992 -3283.383 -1747.8882 3299.8992 3299.8992 3290.634 3275.5278 3260.1196 3245.0134 3229.9072 3214.7002 3199.292 3183.8835 3168.576 3153.067 3137.86 3122.351 3107.6477 3092.9443 3078.0396 3058.905 1905.3955 787.1338 -333.4442 -1373.9594 -2204.9011 -2994.6533 3089.4194 3106.3384 3123.056 3139.3706 3155.8867 3172.2014 3188.4155 3204.2266 3220.3398 3235.7483 3251.9622 3267.7734 3283.484 3298.993 -3285.498 -1507.4982 3299.8992 3299.8992 3287.1094 3271.9023 3256.7961 3241.4885 3226.3823 3211.1755 3196.0693 3180.661 3165.2527 3149.7437 3134.6375 3119.6318 3104.5256 3089.8223 3075.0183 3050.949 1789.2792 677.36206 -554.09546 -1622.9095 -2438.5437 -3148.3337 3091.635 3108.4534 3124.9695 3141.4856 3157.901 3174.115 3190.2283 3206.4421 3222.1526 3238.3667 3254.1777 3269.6868 3285.1958 3299.8992 -3283.786 -950.9857 3299.8992 3299.8992 3285.6995 3270.5933 3255.3862 3240.28 3225.0732 3209.8662 3194.458 3179.0496 3163.8428 3148.4343 3133.2275 3118.1213 3103.1157 3088.4124 3073.5076 3020.2332 1662.085 491.6565 -660.0403 -1730.6671 -2601.5898 -3253.9763 3094.3542 3111.1724 3127.6885 3144.104 3160.5193 3176.7334 3192.8467 3208.96 3224.8718 3240.8843 3256.6956 3272.2046 3287.8142 3299.8992 -3281.369 -608.17566 3299.8992 3299.8992 3286.5051 3271.399 3256.0913 3241.0857 3225.879 3210.6719 3195.2637 3179.8552 3164.3462 3149.0386 3133.731 3118.8262 3103.8208 3089.0166 3072.8027 2905.3252 1305.1758 94.766235 -1003.9581 -1929.5654 -2711.4624 3169.7844 3102.8137 3119.5312 3136.0474 3152.4626 3168.7773 3184.9915 3201.004 3217.1172 3232.9285 3248.538 3264.6514 3280.1604 3295.9717 -3288.6199 -3273.5137 -430.82886 3299.8992 3299.8992 3293.2524 3278.0457 3262.8386 3247.7324 3232.4248 3217.0166 3201.8096 3186.4014 3170.8923 3155.484 3140.277 3124.6672 3110.0647 3095.2605 3080.4565 2998.6816 1536.2 408.06885 -725.9033 -1752.2186 -2652.1453 3223.764 3103.418 3120.1355 3136.7522 3153.067 3169.583 3185.797 3201.8096 
3299.8992 3299.8992 3299.8992 3299.8992 3299.8992 3299.8992 3299.8992 3299.8992 1828.5553 -298.1964 -1560.9741 -2840.6707 -3145.3125 -3130.307 -3115.6035 -3100.9001 -3086.3982 -3072.0977 -3057.898 -3043.7988 -3029.6997 -3015.9026 -2840.57 -2410.2446 -2101.071 -1590.2802 -1266.4032 -731.44226 -363.85803 -30.212402 369.49768 479.67224 583.6029 783.10547 1544.458 2729.0862 3299.8992 3299.8992 3299.8992 3299.8992 3299.8992 3299.8992 3299.8992 3299.8992 3299.8992 3299.8992 3299.8992 3299.8992 1767.5262 -459.83276 -1801.3641 -3174.6184 -3159.7136 -3144.8088 -3130.1055 -3115.402 -3100.9001 -3086.499 -3072.299 -3058.0994 -3044.1008 -3030.1025 -3014.2913 -2645.0957 -2215.0725 -1915.8691 -1419.3787 -898.819 -449.1577 -153.68042 49.54834 34.94568 151.86768 551.27563 1382.1167 2635.3271 3299.8992 3299.8992 3299.8992 3299.8992 3299.8992 3299.8992 3299.8992 3299.8992 3299.8992 3299.8992 3299.8992 3208.6577 1194.5984 -814.22424 -2089.1875 -3168.173 -3153.1677 -3138.263 -3123.5596 -3108.8562 -3094.3542 -3080.0537 -3065.8538 -3051.654 -3037.6555 -3023.6572 -2912.4756 -2502.3926 -2082.7422 -1753.2257 -1309.2041 -1121.1823 -783.2062 -384.7046 36.4563 189.23035 322.0642 679.0741 1589.4745 2824.9602 3299.8992 3299.8992 3299.8992 3299.8992 3299.8992 3299.8992 3299.8992 3299.8992 3299.8992 3299.8992 3299.8992 3266.3635 1224.7101 -754.7058 -1965.1154 -3124.4658 -3151.5564 -3136.6516 -3121.8474 -3107.2449 -3092.743 -3078.4424 -3064.1418 -3050.1433 -3036.145 -3022.046 -2898.3765 -2527.3682 -2029.065 -1779.6112 -1397.9279 -747.85767 -450.76904 -339.6881 71.60339 119.4397 106.8512 352.57874 1341.8335 2484.3657 3299.8992 3299.8992 3299.8992 3299.8992 3299.8992 3299.8992 3299.8992 3299.8992 3299.8992 3299.8992 3299.8992 3299.8992 1249.2828 -671.2189 -1900.3601 -3163.6414 -3148.6357 -3133.731 -3119.0276 -3104.425 -3089.923 -3075.5217 -3061.322 -3047.223 -3033.3252 -3019.3267 -2878.0334 -2419.6106 -2052.127 -1715.6616 -1389.8712 -1106.9824 -792.572 -564.6698 -169.693 -70.999146 120.547485 519.2505 1627.945 2752.1484 3299.8992 3299.8992 3299.8992 3299.8992 

24.371338 19.436646 -6.0424805 -24.27063 -26.78833 -21.047974 -15.710449 -29.80957 -60.22339 -64.65454 -50.454712 -34.240723 -21.450806 -18.328857 -25.680542 -13.494873 -6.7474365 -6.6467285 -2.7191162 9.265137 0.40283203 -1.6113281 1.7120361 1.2084961 3.2226562 2.1148682 0.9063721 8.963013 6.9488525 12.185669 10.070801 8.157349 8.862305 7.3516846 28.399658 16.012573 8.157349 6.6467285 26.083374 30.413818 58.61206 81.27136 108.05969 116.82129 117.92908 91.241455 73.71826 39.074707 3.8269043 -49.54834 -94.96765 -145.72449 -183.89282 -179.46167 -170.09583 -146.12732 -138.3728 -108.86536 -69.58923 -51.5625 -13.394165 13.293457 55.59082 103.62854 115.10925 99.09668 82.37915 97.88818 79.76074 4.7332764 -39.88037 -31.219482 -15.811157 -12.789917 -12.286377 -29.003906 -20.947266 -19.436646 -12.185669 -22.76001 -33.9386 -42.39807 -58.20923 -42.49878 -17.825317 1.2084961 11.682129 20.141602 33.636475 46.627808 47.03064 35.147095 23.666382 10.675049 -10.272217 4.4311523 5.5389404 0.70495605 7.9559326 7.9559326 6.7474365 0.70495605 9.567261 2.6184082 -5.5389404 0.20141602 -7.0495605 6.4453125 8.157349 14.099121 21.551514 14.501953 13.293457 13.897705 21.954346 5.9417725 7.2509766 9.466553 -2.6184082 3.2226562 8.157349 2.6184082 5.4382324 4.0283203 2.8198242 -5.4382324 -5.9417725 -15.710449 -21.047974 -15.106201 -14.501953 -14.300537 -13.595581 -19.638062 -17.019653 -3.0212402 -3.2226562 4.6325684 9.869385 8.560181 12.487793 9.164429 14.602661 36.758423 55.490112 75.22888 93.0542 128.302 147.2351 141.59546 163.4491 180.16663 173.6206 116.41846 47.53418 -30.413818 -70.29419 -117.72766 -167.1753 -176.84326 -154.88892 -151.16272 -108.05969 -90.13367 -60.021973 -13.897705 26.687622 46.42639 75.32959 96.8811 94.766235 96.67969 76.43738 16.818237 -108.66394 -186.81335 -214.10522 -193.46008 -158.11157 -103.125 -30.212402 -1.6113281 -24.27063 -35.95276 -35.247803 -39.074707 -45.01648 -34.44214 -21.350098 -12.286377 -19.73877 -8.761597 -1.9134521 12.185669 16.71753 17.019653 12.991333 20.040894 15.509033 -19.23523 -15.408325 -8.358765 -26.889038 -29.406738 -32.32727 -30.81665 -6.8481445 -2.4169922 -2.1148682 -5.0354004 -8.761597 -3.7261963 -0.20141602 -2.8198242 -11.380005 4.7332764 11.782837 4.7332764 5.6396484 11.279297 
14.401245 8.157349 6.3446045 -17.926025 -31.82373 -54.986572 -73.516846 -98.89526 -112.08801 -100.20447 -98.291016 -96.07544 -72.006226 -62.841797 -51.159668 -26.385498 -12.789917 -1.3092041 1.2084961 10.876465 9.365845 11.782837 15.811157 17.019653 15.710449 3.0212402 9.768677 5.4382324 15.509033 20.343018 3.4240723 16.113281 14.401245 17.422485 22.558594 18.026733 12.689209 13.897705 17.321777 9.869385 31.723022 49.44763 91.94641 118.13049 163.65051 186.61194 202.82593 202.02026 222.6654 245.52612 241.3971 214.81018 176.33972 147.94006 95.16907 16.918945 -103.72925 -175.83618 -205.14221 -186.00769 -153.88184 -137.46643 -98.291016 -57.10144 -41.088867 -81.27136 -91.64429 -71.09985 -58.410645 -47.332764 -62.13684 -84.49402 -88.92517 -78.048706 -60.525513 -51.159668 -33.737183 -25.076294 -29.608154 -45.822144 -54.785156 -72.61047 -76.43738 -102.11792 -89.02588 -93.15491 -72.9126 -65.66162 -41.592407 -9.063721 6.3446045 11.480713 0.80566406 -2.5177002 -8.459473 6.2438965 14.904785 15.206909 2.7191162 -12.689209 -18.026733 -20.846558 -16.71753 -14.804077 -13.796997 -17.926025 -4.2297363 -2.7191162 11.480713 12.890625 25.881958 18.328857 19.335938 26.385498 24.975586 14.401245 3.4240723 12.387085 4.7332764 5.2368164 0 -0.30212402 -0.40283203 0.10070801 -4.8339844 -10.574341 0.70495605 -15.509033 -6.4453125 4.0283203 3.4240723 2.0141602 6.9488525 5.1361084 9.869385 27.29187 34.44214 26.889038 31.521606 24.069214 31.219482 32.42798 29.708862 29.003906 29.910278 28.198242 33.535767 41.592407 54.483032 44.91577 52.166748 67.474365 75.83313 80.4657 76.84021 75.93384 64.65454 63.546753 49.44763 58.10852 70.69702 69.68994 87.91809 92.14783 90.03296 89.02588 104.937744 107.455444 128.302 137.76855 147.2351 151.16272 153.78113 126.086426 84.695435 56.900024 33.032227 17.523193 13.696289 7.6538086 -21.450806 -61.431885 -109.57031 -128.80554 -114.001465 -152.06909 -145.9259 -143.81104 -113.29651 -125.079346 -139.37988 -133.43811 -155.49316 -170.90149 -178.35388 -178.45459 -179.05884 -145.72449 -147.63794 -161.43494 -134.5459 -121.45386 -109.973145 -105.13916 -95.06836 -102.822876 -78.85437 -76.638794 -61.935425 -46.728516 -35.549927 -30.514526 -10.775757 -2.7191162 16.616821 25.579834 26.385498 31.018066 19.335938 21.652222 
3299.8992 3299.8992 3299.8992 3299.8992 3299.8992 3299.8992 3299.8992 3290.332 -981.39954 3295.2666 -3288.0156 -3271.399 -3255.0842 -3238.87 -3222.9583 -3207.2478 -3191.4368 -3175.9277 -3160.5193 -3145.2117 -3130.2063 -3115.503 -3100.7996 -3085.794 -3071.1914 -3056.79 -3042.691 -3028.6926 -1758.8654 1055.8228 3299.8992 3299.8992 3299.8992 3299.8992 3299.8992 3299.8992 3299.8992 3299.8992 3299.8992 3299.8992 3299.8992 3299.8992 3299.8992 3299.8992 3299.8992 3299.8992 3299.8992 3289.627 -1625.2258 3295.9717 -3287.21 -3270.7947 -3254.3792 -3238.2659 -3222.2534 -3206.4421 -3190.7317 -3175.2227 -3159.8145 -3144.7083 -3129.5012 -3114.2944 -3099.994 -3084.7869 -3070.1843 -3055.9844 -3041.7847 -3027.5847 -1639.325 1328.6407 3299.8992 3299.8992 3299.8992 3299.8992 3299.8992 3299.8992 3299.8992 3299.8992 3299.8992 3299.8992 3299.8992 3299.8992 3299.8992 3299.8992 3299.8992 3299.8992 3299.8992 3288.217 -2708.4412 3297.3816 -3285.901 -3269.3848 -3253.07 -3236.9568 -3220.944 -3205.133 -3189.4226 -3173.9136 -3158.5051 -3143.399 -3128.3936 -3113.6902 -3098.3826 -3084.2834 -3069.6807 -3055.0781 -3040.5762 -3026.477 -1420.1843 1307.5928 3299.8992 3299.8992 3299.8992 3299.8992 3299.8992 3299.8992 3299.8992 3299.8992 3299.8992 3299.8992 3299.8992 3299.8992 3299.8992 3299.8992 3299.8992 3299.8992 3299.8992 3288.217 3282.376 3299.4963 -3283.786 -3267.2698 -3251.056 -3234.8418 -3218.8293 -3203.018 -3187.509 -3171.8994 -3156.5918 -3141.3848 -3126.3794 -3111.676 -3097.0732 -3082.0679 -3067.3645 -3053.1646 -3039.0654 -3024.9663 -1372.8516 1490.2771 3299.8992 3299.8992 3299.8992 3299.8992 3299.8992 3299.8992 3299.8992 3299.8992 3299.8992 3299.8992 3299.8992 3299.8992 3299.8992 3299.8992 3299.8992 3299.8992 3299.8992 3288.3179 3284.491 3299.8992 -3281.6711 -3265.2556 -3248.8403 -3232.8276 -3216.9158 -3201.1047 -3185.4949 -3170.0867 -3154.5776 -3139.4714 -3124.4658 -3109.1582 -3094.8577 -3079.651 -3065.2495 -3051.0498 -3036.8499 -3022.8516 -1032.8613 1978.7109 3299.8992 3299.8992 3299.8992 3299.8992 3299.8992 3299.8992 3299.8992 3299.8992 3299.8992 3299.8992 3299.8992 3299.8992 3299.8992 3299.8992 3299.8992 3299.8992 3299.8992 3286.3037 3284.9944 3299.8992 -3281.1675 -3264.7522 -3248.3367 -3232.4248 -3216.513 -3200.702 -3184.9915 -3169.4824 -3154.1748 -3139.0686 
3299.8992 3299.8992 3299.8992 3299.8992 3299.8992 3287.21 3271.701 3256.7961 -1194.397 3262.6372 3278.549 3294.058 3299.8992 -3275.4272 -3260.321 -3245.4163 -3230.612 -3215.9087 -3201.4067 -3186.8042 -3172.6042 -3158.1023 -3144.3054 -3130.2063 -3116.4092 -3102.9143 -3089.1174 -3071.292 -1018.15796 1367.1112 3299.8992 3299.8992 3299.8992 3299.8992 3299.8992 3299.8992 3299.8992 3299.8992 3299.8992 3299.8992 3299.8992 3299.8992 3299.8992 3299.8992 3299.8992 3289.5264 3274.118 3259.0117 -1736.8103 3266.2627 3282.074 3297.6836 -3287.0085 -3271.8018 -3256.7961 -3241.7908 -3227.0874 -3212.384 -3197.882 -3183.4807 -3169.0796 -3154.779 -3140.8813 -3126.9836 -3113.1865 -3099.591 -3085.794 -3066.3574 -991.2689 1390.1733 3299.8992 3299.8992 3299.8992 3299.8992 3299.8992 3299.8992 3299.8992 3299.8992 3299.8992 3299.8992 3299.8992 3299.8992 3299.8992 3299.8992 3299.8992 3292.6482 3276.8372 3261.731 -2419.7112 3270.996 3286.7065 3299.8992 -3282.376 -3267.2698 -3252.1636 -3237.3596 -3222.5554 -3207.953 -3193.451 -3179.0496 -3164.749 -3150.9521 -3136.5508 -3122.653 -3108.8562 -3094.9585 -3081.5642 -2808.9478 -453.58887 1944.4702 3299.8992 3299.8992 3299.8992 3299.8992 3299.8992 3299.8992 3299.8992 3299.8992 3299.8992 3299.8992 3299.8992 3299.8992 3299.8992 3299.8992 3299.8992 3290.634 3274.6216 3259.4146 3257.8032 3271.1975 3287.0085 3299.8992 -3282.2754 -3266.9678 -3252.063 -3237.1582 -3222.4548 -3207.7515 -3193.2495 -3178.949 -3164.6484 -3150.7507 -3136.3494 -3122.4517 -3108.7554 -3094.757 -3081.4636 -3005.3284 -802.4414 1717.7765 3299.8992 3299.8992 3299.8992 3299.8992 3299.8992 3299.8992 3299.8992 3299.8992 3299.8992 3299.8992 3299.8992 3299.8992 3299.8992 3299.8992 3299.8992 3293.756 3277.9448 3262.6372 3258.8103 3274.9236 3290.5334 3299.8992 -3278.549 -3263.4429 -3248.4375 -3233.6333 -3218.8293 -3204.3274 -3189.8254 -3175.424 -3161.1235 -3147.4272 -3133.1267 -3119.229 -3105.4321 -3091.5344 -3078.241 -2815.4937 -355.9021 1976.7975 3299.8992 3299.8992 3299.8992 3299.8992 3299.8992 3299.8992 3299.8992 3299.8992 3299.8992 3299.8992 3299.8992 3299.8992 3299.8992 3299.8992 3299.8992 3293.1519 3277.24 3261.8315 3261.3281 3277.3406 3292.9504 3299.8992 -3276.132 -3261.026 -3246.0205 -3231.2163 -3216.513 -3201.9104 -3187.4084 -3173.108 
3266.162 3281.1675 3295.8708 -3289.627 -3274.7222 -3260.2202 -3246.222 -3231.6191 710.3943 3299.8992 3299.8992 3299.8992 3299.8992 3299.8992 3288.4185 3273.715 3258.9111 3244.107 3229.303 3214.4988 3199.7954 3185.1929 3170.288 3155.7861 3141.3848 3126.9836 3109.1582 1922.0123 -186.30981 -1635.3973 -3066.9617 3131.7168 3147.528 3163.1377 3178.7476 3194.1558 3209.4634 3224.469 3239.7766 3255.0842 3269.6868 3284.6924 3299.5972 -3285.5986 -3271.298 -3256.7961 -3241.9922 -3227.7922 891.3666 3299.8992 3299.8992 3299.8992 3299.8992 3299.8992 3291.0369 3276.233 3261.5295 3246.7253 3231.72 3216.9158 3202.2124 3187.6099 3173.108 3158.5051 3144.104 3130.1055 3111.676 2047.2931 145.12024 -1324.5117 -2745.6023 3129.8035 3145.514 3161.325 3176.9348 3192.343 3207.6506 3222.7568 3237.9639 3253.07 3267.9749 3282.9802 3297.583 -3287.915 -3273.0103 -3258.4075 -3244.4092 -3229.9072 1292.5873 3299.8992 3299.8992 3299.8992 3299.8992 3299.8992 3288.0156 3273.2117 3258.4075 3243.6035 3228.6987 3213.8945 3199.1912 3184.5886 3169.7844 3155.081 3141.0828 3126.6814 3106.5398 1772.5616 -126.9928 -1520.5902 -2936.847 3131.012 3146.823 3162.5334 3178.0425 3193.451 3208.8591 3223.9653 3239.0715 3254.1777 3269.1833 3284.0881 3298.59 -3286.5051 -3272.3052 -3257.6018 -3242.9993 -3228.7993 1959.1736 3299.8992 3299.8992 3299.8992 3299.8992 3299.8992 3286.203 3271.399 3256.5947 3241.7908 3226.886 3212.1826 3197.4792 3182.776 3168.3745 3153.772 3139.3706 3125.171 3106.842 1854.1351 -89.02588 -1508.606 -2868.466 3128.2927 3144.104 3159.8145 3175.3235 3190.8325 3206.1401 3221.2463 3236.4531 3251.5593 3266.565 3281.4697 3296.3745 -3289.1235 -3274.118 -3259.5154 -3245.6177 -3230.9143 2556.674 3299.8992 3299.8992 3299.8992 3299.8992 3297.0793 3282.376 3267.572 3252.9692 3238.0645 3223.059 3208.4563 3193.8538 3179.251 3164.3462 3149.6428 3135.745 3121.344 3067.465 1593.8049 -349.25537 -1805.191 -3075.119 3129.602 3145.3125 3161.2244 3176.7334 3192.1416 3207.4492 3222.6562 3237.863 3252.8687 3267.874 3282.6782 3297.3816 -3287.8142 -3273.6145 -3259.1125 -3244.3083 -3229.1016 2987.1 3299.8992 3299.8992 3299.8992 3299.8992 3295.9717 3281.369 3266.565 3252.063 3237.0574 3222.052 3207.3486 
3299.8992 3299.8992 3299.8992 3299.8992 3299.8992 3299.8992 3299.8992 3299.8992 2112.2498 -3201.1047 -3185.3943 -3169.8853 -3154.6782 -3139.4714 -3124.4658 -3109.7625 -3095.059 -3080.3557 -3065.9546 -3051.5532 -3037.3535 -3023.2544 -3009.4573 -2995.459 -2981.4604 -2967.7642 -2954.2693 -2940.7744 -2268.6492 -932.65686 284.50012 1660.675 2839.1602 3299.8992 3299.8992 3299.8992 3299.8992 3299.8992 3299.8992 3299.8992 3299.8992 3299.8992 3299.8992 3299.8992 3299.8992 3299.8992 3299.8992 3299.8992 1632.1747 -3191.9402 -3176.2297 -3160.8215 -3145.514 -3130.5083 -3115.6035 -3100.6987 -3086.1968 -3071.4934 -3057.1929 -3042.7917 -3028.6926 -3014.4927 -3000.9978 -2986.9995 -2973.1018 -2959.4055 -2945.8098 -2932.4158 -2228.064 -797.7081 409.68018 1788.977 3039.871 3299.8992 3299.8992 3299.8992 3299.8992 3299.8992 3299.8992 3299.8992 3299.8992 3299.8992 3299.8992 3299.8992 3299.8992 3299.8992 3299.8992 3299.8992 1150.589 -3184.4878 -3168.8782 -3153.4697 -3138.162 -3123.1567 -3108.252 -3093.5486 -3078.8452 -3064.3433 -3050.0427 -3035.7422 -3021.643 -3007.443 -2993.5454 -2979.7485 -2966.2537 -2952.658 -2939.163 -2925.6682 -1941.8518 -499.411 652.3865 1950.1099 3052.5603 3299.8992 3299.8992 3299.8992 3299.8992 3299.8992 3299.8992 3299.8992 3299.8992 3299.8992 3299.8992 3299.8992 3299.8992 3299.8992 3299.8992 3299.8992 745.13855 -3180.7617 -3165.1519 -3149.7437 -3134.5366 -3119.5312 -3104.6265 -3089.8223 -3075.2197 -3060.8184 -3046.5178 -3032.2173 -3017.9167 -3004.1199 -2990.0208 -2976.3245 -2962.7288 -2949.0325 -2935.739 -2922.1436 -1828.656 -344.7235 819.7632 2235.0127 3299.8992 3299.8992 3299.8992 3299.8992 3299.8992 3299.8992 3299.8992 3299.8992 3299.8992 3299.8992 3299.8992 3299.8992 3299.8992 3299.8992 3299.8992 3299.8992 648.8617 -3181.2651 -3165.6555 -3150.247 -3135.0403 -3120.1355 -3105.13 -3090.326 -3075.824 -3061.4226 -3047.0215 -3032.721 -3018.6218 -3004.5227 -2990.927 -2976.9287 -2963.1316 -2949.6367 -2936.1418 -2922.7478 -1954.9438 -427.4048 747.9584 2146.994 3299.8992 3299.8992 3299.8992 3299.8992 3299.8992 3299.8992 3299.8992 3299.8992 3299.8992 3299.8992 3299.8992 3299.8992 3299.8992 3299.8992 3299.8992 3299.8992 27.493286 -3177.0354 -3161.325 -3145.9167 -3130.9111 -3115.9058 -3101.001 -3086.2976 -3071.7957 -3057.2937 -3042.8923 -3028.6926 
3217.6208 3233.8347 3249.1423 3265.3564 3281.067 3296.475 -3288.0156 -3272.708 57.70569 3299.8992 3299.8992 3291.5405 3276.3335 3261.026 3245.819 3230.612 3215.4053 3199.8962 3184.5886 3169.1802 3153.6711 3138.4644 3122.8545 3108.252 3093.4478 3077.3345 2860.0066 1245.6573 135.7544 -957.431 -1935.4065 -2677.1208 -3279.5562 3106.6406 3123.2573 3139.7734 3156.189 3172.5037 3188.8184 3204.7302 3220.7427 3236.7554 3252.063 3268.2769 3283.8867 3299.4963 -3285.1958 -3269.7876 334.04846 3299.8992 3299.8992 3292.749 3277.6428 3262.4358 3247.1282 3232.022 3216.7144 3201.3062 3185.797 3170.3887 3154.8796 3139.7734 3124.6672 3109.561 3094.757 3079.7515 2989.0137 1464.1937 339.88953 -646.344 -1665.0055 -2577.9236 -3198.285 3101.6052 3118.3228 3134.9395 3151.4556 3167.871 3183.9844 3200.0977 3216.11 3232.022 3248.1353 3263.6443 3279.3547 3294.8638 -3289.627 -3274.3193 785.1196 3299.8992 3299.8992 3286.0015 3270.996 3255.6885 3240.5823 3225.2747 3210.0676 3194.6594 3179.251 3163.8428 3148.5352 3133.2275 3118.3228 3103.3171 3088.4124 3070.7886 2715.9941 1123.7 -14.099121 -1121.283 -2104.898 -2859.5032 3117.4163 3106.6406 3123.2573 3139.7734 3156.0881 3172.5037 3188.7175 3204.7302 3220.7427 3236.6545 3252.6672 3268.3777 3283.786 3299.3958 -3285.0952 -3269.8882 1385.5408 3299.8992 3299.8992 3287.5122 3272.2046 3257.199 3241.8914 3226.6846 3211.377 3195.9685 3180.5603 3165.1519 3149.7437 3134.5366 3119.6318 3104.5256 3089.6208 3072.8027 2835.9375 1178.9886 56.69861 -925.9094 -1997.4426 -2849.1301 3093.9514 3105.5327 3122.0488 3138.565 3155.081 3171.3958 3187.6099 3203.6223 3219.5342 3235.5469 3251.6602 3267.1692 3282.6782 3298.2878 -3286.3037 -3270.996 1330.5542 3299.8992 3299.8992 3286.6057 3271.399 3256.192 3241.0857 3225.778 3210.5713 3195.1628 3179.5532 3164.2456 3148.8372 3133.6304 3118.1213 3103.6194 3089.0166 3071.4934 2753.0547 1096.4081 -56.900024 -1080.3955 -2071.463 -2854.9712 3147.3267 3106.842 3123.4587 3139.9749 3156.2896 3172.6042 3188.8184 3205.0322 3220.944 3236.7554 3252.1636 3268.2769 3283.8867 3299.4963 -3285.0952 -3212.9883 1894.3176 3299.8992 3299.8992 3285.2966 3269.989 3254.782 3239.6758 3224.2676 3209.0605 3193.5515 3178.244 3162.8357 
3299.8992 3299.8992 3299.8992 3299.8992 3299.8992 3299.8992 3299.8992 3299.8992 1217.5598 -687.9364 -1952.9297 -3158.908 -3144.104 -3129.1992 -3114.395 -3099.893 -3085.492 -3071.1914 -3056.8909 -3042.7917 -3028.894 -3014.9963 -2729.2876 -2295.4375 -1926.6449 -1710.4248 -1440.628 -1094.2932 -719.6594 -442.6117 -38.772583 197.68982 369.5984 752.1881 1901.4679 2945.105 3299.8992 3299.8992 3299.8992 3299.8992 3299.8992 3299.8992 3299.8992 3299.8992 3299.8992 3299.8992 3299.8992 3190.3289 812.1094 -1063.3759 -2365.0269 -3157.196 -3142.0898 -3127.185 -3112.5823 -3097.879 -3083.4778 -3069.2778 -3054.9773 -3040.979 -3026.88 -3013.1836 -2717.404 -2320.2117 -1947.0886 -1576.3824 -1263.4827 -907.6813 -653.7964 -233.23975 211.99036 341.19873 500.7202 878.37524 1869.5435 2801.6968 3299.8992 3299.8992 3299.8992 3299.8992 3299.8992 3299.8992 3299.8992 3299.8992 3299.8992 3299.8992 3299.8992 3184.085 970.32166 -893.985 -2071.3623 -3163.2385 -3148.1323 -3133.1267 -3118.4233 -3103.9214 -3089.4194 -3075.0183 -3060.7178 -3046.82 -3032.8215 -3018.8232 -2866.452 -2455.5632 -2126.8523 -2035.2081 -1656.9489 -1119.9738 -714.1205 -315.7196 98.49243 131.72607 325.6897 804.25415 2009.6283 2908.85 3299.8992 3299.8992 3299.8992 3299.8992 3299.8992 3299.8992 3299.8992 3299.8992 3299.8992 3299.8992 3299.8992 3099.591 868.0023 -981.9031 -2305.307 -3158.1023 -3142.996 -3128.1921 -3113.4888 -3098.886 -3084.4849 -3070.1843 -3055.9844 -3041.986 -3027.9875 -3014.0898 -2678.833 -2229.5745 -1836.9141 -1491.7877 -1151.0925 -882.8064 -637.7838 -363.75732 17.523193 194.16504 335.15625 903.2501 2223.8342 3105.2307 3299.8992 3299.8992 3299.8992 3299.8992 3299.8992 3299.8992 3299.8992 3299.8992 3299.8992 3299.8992 3299.8992 2941.983 625.49744 -1122.3907 -2379.428 -3161.8286 -3146.7224 -3131.9182 -3117.1143 -3102.6123 -3088.3118 -3073.9104 -3059.8113 -3045.7122 -3031.613 -3017.7153 -2815.5945 -2343.274 -1953.1311 -1461.4746 -1072.5403 -679.77905 -365.8722 -146.22803 184.29565 267.37976 356.40564 811.5051 1972.6685 2830.197 3299.8992 3299.8992 3299.8992 3299.8992 3299.8992 3299.8992 3299.8992 3299.8992 3299.8992 3299.8992 3299.8992 2763.025 439.0869 -1260.26 -2455.4626 -3162.7349 -3147.528 -3132.8247 -3118.0205 -3103.5186 -3089.1174 -3074.716 -3060.5164 -3046.4172 

10.675049 19.335938 17.523193 10.070801 9.567261 9.768677 19.839478 27.493286 28.80249 20.947266 8.963013 12.286377 3.4240723 2.6184082 1.7120361 -6.0424805 -0.30212402 9.365845 13.998413 23.062134 32.528687 19.73877 10.372925 3.0212402 4.5318604 -16.113281 -29.507446 -30.413818 -18.933105 -26.385498 -26.586914 14.602661 44.91577 55.18799 60.72693 62.036133 55.993652 51.965332 48.742676 40.182495 25.479126 2.5177002 -16.21399 -28.29895 -16.415405 4.9346924 1.6113281 7.8552246 13.394165 13.998413 14.703369 15.206909 -16.21399 -26.486206 -20.947266 -1.2084961 6.1431885 -1.3092041 -13.293457 -13.192749 -7.9559326 -0.9063721 -5.6396484 4.3304443 20.443726 21.24939 13.796997 -3.4240723 -12.689209 -10.876465 -3.3233643 -5.8410645 -7.8552246 2.6184082 23.76709 36.657715 23.565674 -0.50354004 -7.0495605 -6.1431885 -23.464966 -63.74817 -99.19739 -91.64429 -59.518433 -29.003906 -12.387085 11.077881 40.283203 45.01648 21.954346 20.24231 21.954346 12.588501 5.9417725 12.689209 14.199829 -0.30212402 -7.4523926 29.910278 54.785156 91.64429 95.47119 81.57349 59.21631 44.714355 55.59082 62.942505 48.239136 2.6184082 -60.12268 -88.52234 -86.91101 -76.538086 -76.135254 -69.488525 -72.509766 -54.785156 -40.686035 -27.896118 0.10070801 31.219482 48.138428 20.544434 -28.601074 -74.72534 -107.65686 -100.6073 -58.410645 -19.033813 5.2368164 14.804077 31.118774 52.166748 50.958252 42.599487 47.232056 43.304443 46.728516 44.210815 44.210815 44.210815 44.210815 44.210815 44.210815 44.210815 44.210815 44.210815 44.210815 44.210815 44.210815 44.210815 44.210815 44.210815 44.210815 44.210815 44.210815 44.210815 44.210815 44.210815 29.708862 33.33435 15.811157 4.2297363 -7.3516846 -10.171509 10.272217 30.111694 47.634888 44.51294 34.34143 29.104614 17.019653 14.099121 0.20141602 2.0141602 21.047974 14.804077 19.033813 31.32019 32.730103 59.417725 99.60022 134.04236 136.66077 128.40271 105.23987 34.643555 -2.8198242 -28.601074 -58.10852 -91.14075 -105.23987 -97.08252 -57.70569 -14.703369 -3.1219482 -6.3446045 -24.472046 -36.35559 
21.954346 27.493286 27.694702 23.76709 32.730103 27.79541 29.910278 22.055054 28.80249 32.32727 35.34851 35.751343 29.80957 28.601074 22.155762 11.682129 9.768677 17.019653 4.7332764 18.933105 18.22815 13.595581 -4.6325684 -17.523193 -9.970093 -10.675049 -7.9559326 1.5106201 18.73169 41.088867 43.40515 44.91577 52.56958 51.864624 41.89453 62.13684 76.43738 91.14075 95.5719 101.916504 104.53491 105.13916 103.427124 109.26819 124.575806 129.20837 121.45386 107.25403 100.00305 79.45862 42.49878 21.551514 -2.9205322 -27.694702 -63.446045 -67.977905 -69.992065 -48.742676 -37.36267 -24.371338 -34.744263 -20.544434 -38.067627 -46.325684 -40.283203 -59.820557 -61.12976 -71.09985 -52.06604 -35.046387 -24.975586 -20.846558 -12.991333 -20.645142 -13.897705 4.3304443 13.897705 19.033813 3.8269043 3.2226562 0.70495605 -2.1148682 -30.81665 -38.269043 -37.46338 -7.6538086 18.832397 21.954346 20.947266 34.240723 34.84497 24.673462 31.521606 51.159668 32.125854 41.189575 21.954346 4.0283203 -36.154175 -51.260376 -60.12268 -49.346924 -52.56958 -66.467285 -57.504272 -46.325684 -39.276123 -40.88745 -30.615234 -21.450806 -17.120361 1.0070801 6.4453125 11.682129 9.365845 35.147095 33.83789 54.0802 64.35242 51.461792 44.815063 26.28479 26.78833 27.996826 44.311523 24.27063 39.276123 30.413818 13.394165 -24.975586 -59.820557 -93.759155 -94.86694 -76.034546 -77.948 -78.25012 -91.04004 -57.20215 -32.528687 -2.6184082 -3.7261963 -2.8198242 -18.73169 -17.321777 -16.415405 -10.876465 -10.070801 -12.991333 -10.272217 -12.588501 -18.026733 -9.768677 1.3092041 9.667969 -3.6254883 18.73169 24.572754 27.593994 37.261963 19.537354 -0.70495605 -30.615234 -50.656128 -52.972412 -50.253296 -64.55383 -57.10144 -54.785156 -11.682129 9.466553 18.933105 14.401245 18.026733 12.890625 -13.897705 -3.2226562 -14.904785 -17.321777 -24.874878 -6.3446045 -0.20141602 7.6538086 19.839478 15.106201 30.81665 29.406738 36.95984 44.815063 56.69861 57.10144 49.649048 53.07312 49.246216 35.85205 33.132935 22.76001 1.2084961 -6.5460205 -14.804077 -16.71753 
-3123.9624 -3109.4604 -3094.2534 -3079.953 -3065.451 -3050.949 -3036.447 -3020.1323 -851.3855 2020.8069 3299.8992 3299.8992 3299.8992 3299.8992 3299.8992 3299.8992 3299.8992 3299.8992 3299.8992 3299.8992 3299.8992 3299.8992 3299.8992 3299.8992 3299.8992 3299.8992 3299.8992 3284.6924 3285.3972 3299.8992 -3280.966 -3264.3494 -3248.1353 -3232.1228 -3216.211 -3200.299 -3184.79 -3169.281 -3153.9734 -3138.7664 -3123.761 -3108.554 -3094.2534 -3079.1472 -3064.6453 -3050.3447 -3036.2456 -3001.5015 -717.041 2178.2134 3299.8992 3299.8992 3299.8992 3299.8992 3299.8992 3299.8992 3299.8992 3299.8992 3299.8992 3299.8992 3299.8992 3299.8992 3299.8992 3299.8992 3299.8992 3299.8992 3299.8992 3283.383 3287.5122 3299.8992 -3278.8513 -3262.4358 -3246.222 -3230.1086 -3214.1968 -3198.4863 -3182.8765 -3167.3674 -3152.0598 -3136.9536 -3121.8474 -3107.3455 -3092.1387 -3078.0396 -3063.4368 -3048.8342 -3034.5337 -2883.4717 -369.9005 2558.1848 3299.8992 3299.8992 3299.8992 3299.8992 3299.8992 3299.8992 3299.8992 3299.8992 3299.8992 3299.8992 3299.8992 3299.8992 3299.8992 3299.8992 3299.8992 3299.8992 3298.59 3263.1409 3287.3108 3299.8992 -3279.1533 -3262.6372 -3246.4233 -3230.31 -3214.4988 -3198.6877 -3183.078 -3167.5688 -3152.362 -3137.2559 -3122.0488 -3107.6477 -3092.9443 -3077.8381 -3063.3362 -3049.1362 -3034.9365 -2930.7036 -566.68396 2431.2927 3299.8992 3299.8992 3299.8992 3299.8992 3299.8992 3299.8992 3299.8992 3299.8992 3299.8992 3299.8992 3299.8992 3299.8992 3299.8992 3299.8992 3299.8992 3299.8992 3299.5972 3177.4382 3289.5264 -3293.5547 -3276.9377 -3260.4216 -3244.2078 -3228.195 -3212.2832 -3196.5728 -3180.8623 -3165.454 -3150.247 -3135.0403 -3120.1355 -3104.828 -3090.5273 -3075.4211 -3061.1206 -3046.82 -3032.721 -2835.736 -404.64478 2601.4893 3299.8992 3299.8992 3299.8992 3299.8992 3299.8992 3299.8992 3299.8992 3299.8992 3299.8992 3299.8992 3299.8992 3299.8992 3299.8992 3299.8992 3299.8992 3299.8992 3299.8992 2783.8713 3293.1519 -3290.0298 -3273.5137 -3257.0984 -3240.7837 -3224.8718 -3208.96 -3193.1487 -3177.6396 -3162.2314 -3147.0244 -3131.8176 
-3158.908 -3145.0103 -3130.7097 -3116.9128 -3103.2166 -3089.218 -3076.0254 -2618.6096 -278.86047 1929.4647 3299.8992 3299.8992 3299.8992 3299.8992 3299.8992 3299.8992 3299.8992 3299.8992 3299.8992 3299.8992 3299.8992 3299.8992 3299.8992 3299.8992 3299.8992 3294.2595 3278.7505 3262.2344 3265.2556 3281.2683 3296.878 -3287.7136 -3272.406 -3257.2998 -3242.2942 -3227.4902 -3212.8875 -3198.285 -3183.783 -3169.4824 -3155.3833 -3141.0828 -3127.2856 -3113.4888 -3099.591 -3085.794 -3072.5005 -2504.7087 6.0424805 2479.129 3299.8992 3299.8992 3299.8992 3299.8992 3299.8992 3299.8992 3299.8992 3299.8992 3299.8992 3299.8992 3299.8992 3299.8992 3299.8992 3299.8992 3299.8992 3293.051 3277.542 3254.6814 3265.457 3281.4697 3297.1802 -3287.5122 -3272.2046 -3257.0984 -3242.1936 -3227.2888 -3212.5854 -3198.0835 -3183.5815 -3169.281 -3155.081 -3140.7805 -3127.0842 -3113.1865 -3099.3896 -3085.6934 -3072.299 -2324.8442 194.26575 2473.0864 3299.8992 3299.8992 3299.8992 3299.8992 3299.8992 3299.8992 3299.8992 3299.8992 3299.8992 3299.8992 3299.8992 3299.8992 3299.8992 3299.8992 3299.8992 3291.8425 3276.3335 3025.2686 3266.7664 3282.7788 3298.3887 -3286.203 -3270.996 -3255.789 -3240.7837 -3226.0803 -3211.377 -3196.875 -3182.4736 -3168.173 -3153.8726 -3139.6729 -3125.9766 -3112.0789 -3098.3826 -3084.9883 -3071.292 -2326.1536 107.25403 2507.0251 3299.8992 3299.8992 3299.8992 3299.8992 3299.8992 3299.8992 3299.8992 3299.8992 3299.8992 3299.8992 3299.8992 3299.8992 3299.8992 3299.8992 3299.8992 3293.1519 3277.542 2871.1853 3269.5862 3285.5986 3299.8992 -3283.383 -3268.1763 -3253.07 -3238.1653 -3223.462 -3208.6577 -3194.2566 -3179.8552 -3165.5547 -3151.355 -3137.155 -3123.3582 -3109.561 -3095.8647 -3082.5713 -3068.875 -1930.3711 459.73206 2640.1611 3299.8992 3299.8992 3299.8992 3299.8992 3299.8992 3299.8992 3299.8992 3299.8992 3299.8992 3299.8992 3299.8992 3299.8992 3299.8992 3299.8992 3299.8992 3291.8425 3276.3335 2470.6694 3270.3918 3286.203 3299.8992 -3282.7788 -3267.572 -3252.4658 -3237.6616 -3222.7568 -3208.0535 -3193.5515 -3179.1504 -3164.9504 
3192.6453 3178.0425 3163.6414 3149.24 3134.6375 3120.337 2979.1443 1277.0782 -617.94434 -1944.3695 -3290.332 3132.9253 3148.6357 3164.2456 3179.8552 3195.2637 3210.4705 3225.6775 3240.8843 3255.89 3270.7947 3285.5986 3299.8992 -3284.6924 -3269.8882 -3255.487 -3241.388 -3101.1016 3299.8992 3299.8992 3299.8992 3299.8992 3299.8992 3297.4822 3282.7788 3267.9749 3253.2715 3238.3667 3223.5625 3208.8591 3194.0552 3179.5532 3164.6484 3150.1465 3136.0474 3121.7468 2832.1106 1062.3688 -854.70886 -2181.5369 3159.7136 3138.3635 3154.1748 3169.6838 3185.092 3200.5005 3215.808 3231.015 3246.121 3261.2273 3276.132 3290.8354 3299.8992 -3279.7576 -3265.5579 -3251.056 -3236.3525 -2953.1616 3299.8992 3299.8992 3299.8992 3299.8992 3299.8992 3299.8992 3285.498 3270.7947 3255.9905 3241.0857 3226.2817 3211.4775 3196.6736 3182.0708 3167.6697 3153.1677 3138.7664 3124.1638 2883.1694 1145.1508 -589.7461 -1821.1029 -3045.0073 3136.2488 3152.0598 3167.7703 3183.1787 3198.4863 3213.8945 3229.1016 3244.2078 3259.2131 3274.118 3289.0227 3299.8992 -3281.2683 -3267.0684 -3252.4658 -3237.6616 -2599.2737 3299.8992 3299.8992 3299.8992 3299.8992 3299.8992 3296.576 3281.8726 3267.1692 3252.365 3237.561 3222.6562 3207.953 3193.2495 3178.5461 3164.1448 3149.5422 3135.5437 3121.2432 2853.3599 1055.3192 -759.7412 -2110.8398 3121.5454 3137.2559 3153.067 3168.576 3184.085 3199.4934 3214.801 3230.0078 3245.114 3260.1196 3275.125 3289.9292 3299.8992 -3280.8655 -3266.464 -3251.9622 -3237.3596 -2426.1565 3299.8992 3299.8992 3299.8992 3299.8992 3299.8992 3295.8708 3281.067 3266.2627 3251.5593 3236.7554 3221.7498 3207.0464 3192.343 3177.7405 3163.339 3149.1394 3134.436 3120.1355 2776.9226 933.2611 -893.68286 -2250.2197 3150.4485 3138.263 3154.074 3169.583 3185.092 3200.5005 3215.7073 3230.9143 3246.0205 3260.9253 3275.9307 3290.7349 3299.8992 -3279.5562 -3265.3564 -3250.7537 -3236.1511 -2076.9011 3299.8992 3299.8992 3299.8992 3299.8992 3299.8992 3295.0652 3280.2612 3265.457 3250.653 3235.8489 3220.944 3206.2407 
-3014.5935 -3000.4944 -2987.1 -2973.1018 -2959.3047 -2945.8098 -2932.315 -2831.5063 -1516.6626 53.57666 1227.3285 2449.5208 3299.8992 3299.8992 3299.8992 3299.8992 3299.8992 3299.8992 3299.8992 3299.8992 3299.8992 3299.8992 3299.8992 3299.8992 3299.8992 3299.8992 3299.8992 3299.8992 -195.67566 -3180.661 -3165.0513 -3149.6428 -3134.436 -3119.5312 -3104.6265 -3089.923 -3075.3203 -3060.8184 -3046.5178 -3032.2173 -3018.219 -3004.1199 -2990.1213 -2976.425 -2962.8296 -2949.3347 -2935.739 -2922.2441 -1910.8337 -322.16492 912.1124 2225.647 3299.8992 3299.8992 3299.8992 3299.8992 3299.8992 3299.8992 3299.8992 3299.8992 3299.8992 3299.8992 3299.8992 3299.8992 3299.8992 3299.8992 3299.8992 3299.8992 -931.44836 -3174.5178 -3158.908 -3143.6003 -3128.4941 -3113.5894 -3098.6846 -3083.9812 -3069.3787 -3054.9773 -3040.6768 -3026.477 -3012.4785 -2998.4802 -2984.2803 -2970.6848 -2957.19 -2943.5942 -2930.2002 -2842.8862 -1565.0024 -23.26355 1177.9816 2596.5544 3299.8992 3299.8992 3299.8992 3299.8992 3299.8992 3299.8992 3299.8992 3299.8992 3299.8992 3299.8992 3299.8992 3299.8992 3299.8992 3299.8992 3299.8992 3299.8992 -1505.5847 -3173.007 -3157.2966 -3141.989 -3126.7822 -3111.8774 -3097.0732 -3082.3699 -3067.868 -3053.366 -3038.9648 -3024.9663 -3010.8672 -2996.869 -2983.374 -2969.4763 -2955.6792 -2942.1843 -2928.7903 -2813.8823 -1542.9474 -45.620728 1068.1091 2442.2698 3299.8992 3299.8992 3299.8992 3299.8992 3299.8992 3299.8992 3299.8992 3299.8992 3299.8992 3299.8992 3299.8992 3299.8992 3299.8992 3299.8992 3299.8992 3299.8992 -1739.6301 -3169.4824 -3153.9734 -3138.565 -3123.4587 -3108.554 -3093.75 -3079.0466 -3064.5447 -3050.1433 -3035.8428 -3021.643 -3007.6445 -2993.6462 -2980.1514 -2966.2537 -2952.5574 -2939.0625 -2925.6682 -2731.1003 -1428.8452 80.56641 1183.2184 2336.9292 3299.8992 3299.8992 3299.8992 3299.8992 3299.8992 3299.8992 3299.8992 3299.8992 3299.8992 3299.8992 3299.8992 3299.8992 3299.8992 3299.8992 3299.8992 3299.8992 -2261.3982 -3164.9504 -3149.24 -3134.0332 -3119.0276 -3104.1228 -3089.3188 -3074.6155 -3060.214 -3045.813 -3031.5125 -3017.3125 
3147.6287 3132.321 3116.7114 3102.2095 3087.506 3070.0835 2681.0486 934.87244 -171.0022 -1218.0634 -2164.4165 -2988.0066 3092.2393 3109.259 3125.7751 3142.3918 3158.606 3174.9207 3191.1345 3207.3486 3223.1597 3239.0715 3254.5806 3270.5933 3286.3037 3299.8992 -3282.7788 -3034.1309 2319.6074 3299.8992 3299.8992 3285.0952 3269.8882 3254.6814 3239.5752 3224.1667 3208.96 3193.5515 3178.0425 3162.6343 3147.3267 3132.1196 3116.6106 3102.008 3087.3047 3069.3787 2626.4648 839.70337 -172.10999 -1147.1649 -2139.9443 -2993.5454 3092.4407 3109.259 3126.0771 3142.3918 3159.0088 3175.2227 3191.336 3207.4492 3223.462 3239.1724 3254.782 3270.6938 3286.3037 3299.8992 -3282.5774 -2932.9192 2565.6372 3299.8992 3299.1943 3283.9873 3268.7805 3253.6743 3238.568 3223.1597 3207.852 3192.5444 3177.0354 3161.7278 3146.3196 3131.2134 3115.6035 3101.1016 3086.3982 3067.868 2472.2808 630.53284 -337.47253 -1268.4174 -2223.9348 -2977.7344 3094.757 3111.676 3128.3936 3144.9097 3161.2244 3177.4382 3193.753 3209.7656 3225.5767 3241.5894 3257.5012 3273.1108 3288.6199 3299.8992 -3280.4626 -2689.3066 2816.5007 3299.8992 3299.4963 3284.5916 3269.284 3254.0771 3238.87 3223.5625 3208.3557 3192.7458 3177.4382 3162.03 3146.7224 3131.5154 3116.51 3101.6052 3086.7004 3068.3716 2476.1077 669.80896 -254.79126 -1182.1106 -2133.3984 -2905.1238 3093.3472 3110.266 3126.7822 3143.399 3159.7136 3176.0283 3192.1416 3208.1543 3224.2676 3240.0786 3256.0913 3271.6003 3287.1094 3299.8992 -3281.7717 -2454.5562 3268.6797 3299.8992 3296.0723 3280.966 3265.8599 3250.653 3235.446 3220.2393 3204.8308 3189.624 3174.0142 3158.7065 3143.399 3128.1921 3113.1865 3098.4832 3083.4778 3065.451 2541.6687 761.7554 -216.92505 -1130.6488 -2057.666 -2947.9248 3089.0166 3105.835 3122.4517 3139.0686 3155.3833 3171.7986 3187.9119 3204.0251 3219.937 3235.8489 3251.9622 3267.2698 3282.9802 3298.3887 -3286.0015 -2172.0703 3299.8992 3299.8992 3290.1306 3275.125 3259.9182 3244.812 3229.605 3214.2974 3199.0906 3183.6821 3168.3745 3152.9663 
-3032.4187 -3018.521 -2866.452 -2482.8552 -2145.7854 -1637.2101 -1261.4685 -825.9064 -492.76428 -110.476685 301.21765 464.1632 560.9436 1117.456 2388.4917 3147.7295 3299.8992 3299.8992 3299.8992 3299.8992 3299.8992 3299.8992 3299.8992 3299.8992 3299.8992 3299.8992 3299.8992 2501.9897 94.46411 -1545.5658 -2702.3987 -3160.8215 -3145.7153 -3130.9111 -3116.2078 -3101.7058 -3087.3047 -3073.0042 -3058.905 -3044.806 -3030.8074 -3016.9097 -2788.504 -2395.0378 -2019.0948 -1550.0977 -1096.2067 -749.7711 -464.36462 -169.29016 84.79614 154.48608 400.0122 920.4712 2142.3613 2959.8083 3299.8992 3299.8992 3299.8992 3299.8992 3299.8992 3299.8992 3299.8992 3299.8992 3299.8992 3299.8992 3299.8992 2593.5332 289.73694 -1322.7997 -2499.5728 -3159.4116 -3144.406 -3129.602 -3114.8987 -3100.3967 -3085.9954 -3071.6948 -3057.495 -3043.396 -3029.4983 -3013.1836 -2644.3909 -2310.443 -1980.1208 -1515.6555 -1219.3726 -936.6852 -740.4053 -535.26306 -204.33655 45.620728 307.9651 1098.523 2513.1682 3182.9773 3299.8992 3299.8992 3299.8992 3299.8992 3299.8992 3299.8992 3299.8992 3299.8992 3299.8992 3299.8992 3299.8992 2420.4163 62.438965 -1491.3849 -2564.8315 -3154.1748 -3139.1692 -3124.2644 -3109.6619 -3095.16 -3080.7585 -3066.458 -3052.359 -3038.3606 -3024.2615 -2880.0476 -2217.4895 -1824.7284 -1583.1299 -1362.1765 -1237.7014 -807.074 -438.7848 -116.61987 168.38379 222.5647 456.30798 1162.7747 2361.2 3097.6775 3299.8992 3299.8992 3299.8992 3299.8992 3299.8992 3299.8992 3299.8992 3299.8992 3299.8992 3299.8992 3299.8992 2779.843 727.41394 -764.4745 -1734.8969 -2810.2568 -2817.2058 -2860.4094 -2831.204 -2741.0706 -2657.2815 -2561.7095 -2504.9102 -2441.2627 -2354.1504 -1987.2711 -1646.878 -1257.843 -848.46497 -636.2732 -524.588 -237.97302 31.622314 349.6582 609.6863 706.7688 920.6726 1387.5549 2278.418 2798.474 3299.8992 3299.8992 3299.8992 3299.8992 3299.8992 3299.8992 3299.8992 3299.8992 3299.8992 3262.8386 2576.8157 660.64453 -1649.3958 -2584.5703 -2736.1357 -2882.7666 -3034.3323 -3132.6233 -3121.5454 -3107.144 -3092.8435 -3078.6438 -3064.6453 -3050.5461 

-50.05188 -45.721436 -34.140015 -13.192749 -27.493286 -36.053467 -44.0094 -46.224976 -31.723022 -6.2438965 2.5177002 3.3233643 8.056641 25.680542 38.87329 38.571167 51.260376 45.822144 34.542847 28.198242 28.198242 28.198242 28.198242 28.198242 28.198242 28.198242 28.198242 28.198242 28.198242 28.198242 28.198242 28.198242 28.198242 28.198242 28.198242 28.198242 28.198242 28.198242 28.198242 28.198242 1.7120361 5.9417725 19.335938 29.708862 26.889038 16.818237 9.567261 6.9488525 9.869385 3.8269043 -0.9063721 -12.084961 -16.113281 -22.860718 -33.636475 -17.926025 8.963013 12.387085 2.2155762 6.9488525 -0.70495605 18.530273 18.328857 17.926025 13.092041 -15.408325 -12.286377 -8.660889 10.171509 16.415405 8.862305 2.7191162 1.2084961 4.2297363 21.954346 -2.1148682 -17.825317 -21.75293 -11.380005 6.8481445 6.8481445 6.8481445 6.8481445 6.8481445 6.8481445 6.8481445 6.8481445 6.8481445 6.8481445 6.8481445 6.8481445 6.8481445 6.8481445 6.8481445 6.8481445 6.8481445 6.8481445 6.8481445 6.8481445 6.8481445 -96.67969 -13.595581 44.815063 97.58606 129.30908 166.36963 108.462524 35.34851 -28.80249 -75.93384 -92.85278 -110.07385 -102.72217 -77.34375 -32.93152 -27.29187 -26.687622 -34.140015 -27.191162 -13.293457 3.5247803 24.874878 50.55542 50.857544 52.166748 39.276123 60.021973 62.036133 35.751343 -25.881958 -72.509766 -76.84021 -56.19507 -15.005493 18.026733 42.49878 41.99524 26.78833 6.0424805 12.185669 7.3516846 -5.1361084 1.0070801 2.1148682 -0.60424805 -17.926025 -31.118774 -30.212402 -23.666382 -25.881958 -24.069214 -25.076294 -20.544434 -20.141602 -18.832397 -14.904785 -10.675049 -10.272217 -3.1219482 -4.5318604 0.50354004 -7.3516846 -3.0212402 2.0141602 13.595581 1.0070801 72.9126 117.82837 142.099 170.09583 200.30823 194.26575 190.43884 167.07458 77.948 -24.673462 -84.2926 -130.92041 -167.98096 -164.95972 -182.48291 -173.82202 -138.77563 -89.63013 -85.09827 -75.4303 -84.39331 -82.07703 -52.368164 -36.95984 -14.300537 6.3446045 8.660889 9.667969 3.0212402 3.6254883 49.649048 104.63562 132.22961 103.930664 64.55383 38.772583 36.154175 13.293457 -19.335938 -37.36267 -70.999146 -76.33667 -71.09985 -36.758423 -11.782837 -4.2297363 -2.5177002 -5.2368164 -16.415405 -7.2509766 22.860718 18.127441 20.947266 8.157349 
-23.867798 -23.565674 -24.874878 -22.76001 -41.39099 -57.70569 -32.125854 -40.585327 -15.911865 -6.6467285 7.2509766 39.074707 82.07703 111.68518 112.490845 142.099 154.48608 164.45618 164.55688 179.15955 169.39087 137.0636 74.42322 25.78125 24.975586 -5.6396484 -28.399658 -83.688354 -91.241455 -92.65137 -90.93933 -117.62695 -141.49475 -143.91174 -130.719 -107.35474 -86.30676 -75.32959 -77.24304 -76.33667 -87.41455 -74.32251 -53.17383 -41.693115 -51.05896 -37.86621 -23.464966 -14.602661 -9.667969 -19.23523 -4.5318604 -5.5389404 7.0495605 3.5247803 -16.314697 -20.141602 -19.335938 -14.300537 -37.36267 -21.24939 -24.472046 -20.74585 -15.408325 2.7191162 12.689209 10.473633 4.7332764 10.070801 21.75293 19.033813 9.365845 8.157349 12.084961 15.408325 42.700195 56.799316 76.33667 77.24304 78.95508 106.448364 121.65527 140.68909 151.56555 149.55139 130.719 101.61438 89.227295 33.83789 61.12976 79.156494 94.96765 93.55774 94.46411 104.03137 91.04004 72.9126 51.663208 14.904785 -36.85913 -75.83313 -112.39014 -118.2312 -151.06201 -164.05334 -149.6521 -110.57739 -161.0321 -181.073 -170.90149 -152.47192 -130.8197 -115.41138 -104.13208 -107.05261 -73.91968 -45.620728 -17.72461 -18.530273 -28.601074 -17.623901 -8.560181 -10.876465 -12.487793 -10.070801 -5.6396484 -15.911865 8.963013 16.012573 11.279297 7.5531006 4.9346924 6.3446045 3.3233643 8.963013 -3.8269043 -12.185669 -4.7332764 0.40283203 3.0212402 0.60424805 -14.199829 -1.3092041 5.2368164 10.372925 7.7545166 6.3446045 -2.9205322 -8.560181 2.2155762 -2.7191162 5.5389404 7.1502686 14.804077 8.258057 20.544434 29.30603 27.593994 27.896118 23.565674 26.486206 25.881958 22.457886 24.673462 28.399658 28.701782 -7.4523926 56.497192 107.15332 151.16272 232.23267 286.41357 333.4442 359.32617 377.05078 352.0752 310.7849 252.67639 215.71655 176.33972 134.44519 56.09436 1.2084961 -83.688354 -163.75122 -234.64966 -281.07605 -292.55676 -273.22083 -247.03674 -251.87073 -246.23108 -204.53796 -169.18945 -161.23352 -181.77795 -169.693 -124.37439 -83.48694 -43.606567 -22.357178 -11.984253 1.9134521 -8.056641 -29.910278 -66.76941 -57.60498 -63.345337 -82.177734 -59.317017 -36.254883 -10.977173 8.862305 17.120361 10.876465 -17.422485 -35.751343 -14.300537 -35.85205 -41.592407 -35.247803 
-3116.812 -3102.31 -3087.808 -3072.702 -3058.3008 -3044.0002 -3030.0017 -2761.4136 -225.98877 2778.0303 3299.8992 3299.8992 3299.8992 3299.8992 3299.8992 3299.8992 3299.8992 3299.8992 3299.8992 3299.8992 3299.8992 3299.8992 3299.8992 3299.8992 3299.8992 3299.8992 3299.8992 2400.3752 3295.3674 -3287.7136 -3271.0967 -3254.782 -3238.568 -3222.5554 -3206.6436 -3191.1345 -3175.525 -3160.0159 -3144.8088 -3129.7026 -3114.8987 -3099.6917 -3085.391 -3070.4863 -3056.2866 -3041.7847 -3025.5706 -2042.4591 1018.3594 3299.8992 3299.8992 3299.8992 3299.8992 3299.8992 3299.8992 3299.8992 3299.8992 3299.8992 3299.8992 3299.8992 3299.8992 3299.8992 3299.8992 3299.8992 3299.8992 3299.8992 3293.051 1949.0021 3289.224 -3293.9575 -3277.24 -3260.8245 -3244.7112 -3228.6987 -3212.7869 -3197.0764 -3181.5674 -3165.9575 -3150.8513 -3135.6445 -3120.639 -3105.5327 -3090.7288 -3076.4282 -3061.624 -3047.525 -2783.267 -2405.0078 -752.3895 1876.7944 3299.8992 3299.8992 3299.8992 3299.8992 3299.8992 3299.8992 3299.8992 3299.8992 3299.8992 3299.8992 3299.8992 3299.8992 3299.8992 3299.8992 3299.8992 3299.8992 3299.8992 1013.5254 -3294.159 -3277.4414 -3260.9253 -3244.6106 -3228.4973 -3212.5854 -3196.7742 -3181.0637 -3165.6555 -3150.348 -3135.2417 -3120.1355 -3105.3313 -3090.8293 -3076.3274 -3061.4226 -3047.0215 -3032.8215 -3019.1252 -2037.4237 726.30615 3299.8992 3299.8992 3299.8992 3299.8992 3299.8992 3299.8992 3299.8992 3299.8992 3299.8992 3299.8992 3299.8992 3299.8992 3299.8992 3299.8992 3299.8992 3299.8992 3299.8992 3299.8992 495.18127 3299.8992 -3280.664 -3264.047 -3247.7324 -3231.72 -3215.7073 -3199.8962 -3184.1858 -3168.6768 -3153.3691 -3138.162 -3123.1567 -3108.3525 -3093.1458 -3078.4424 -3064.2424 -3049.942 -3035.44 -3021.2402 -1933.8959 883.41064 3299.8992 3299.8992 3299.8992 3299.8992 3299.8992 3299.8992 3299.8992 3299.8992 3299.8992 3299.8992 3299.8992 3299.8992 3299.8992 3299.8992 3299.8992 3299.8992 3299.8992 3298.0864 -364.563 3299.8992 -3281.7717 -3265.155 -3248.8403 -3232.727 -3216.7144 -3201.004 -3185.3943 -3169.8853 -3154.4768 -3139.27 -3124.1638 -3109.3596 -3094.8577 -3079.8523 -3065.6523 -3051.3518 -3036.8499 -3022.5493 -1832.8857 1163.0768 3299.8992 3299.8992 3299.8992 3299.8992 3299.8992 3299.8992 3299.8992 3299.8992 3299.8992 3299.8992 3299.8992 
-3150.7507 -3136.4502 -3122.754 -3108.9568 -3095.2605 -3081.967 -3068.2708 -1967.9352 460.2356 2615.8904 3299.8992 3299.8992 3299.8992 3299.8992 3299.8992 3299.8992 3299.8992 3299.8992 3299.8992 3299.8992 3299.8992 3299.8992 3299.8992 3299.8992 3299.8992 3293.051 3276.9377 1945.2759 3273.2117 3289.1235 3299.8992 -3279.959 -3264.8528 -3249.646 -3234.8418 -3220.1384 -3205.435 -3190.8325 -3176.532 -3162.332 -3148.1323 -3134.3352 -3120.1355 -3106.3384 -3092.743 -3078.9458 -3065.7532 -1420.8893 1036.5875 3165.5547 3299.8992 3299.8992 3299.8992 3299.8992 3299.8992 3299.8992 3299.8992 3299.8992 3299.8992 3299.8992 3299.8992 3299.8992 3299.8992 3299.8992 3299.8992 3288.7207 3272.6074 1324.9146 3271.1975 3287.0085 3299.8992 -3281.9731 -3266.867 -3251.7607 -3236.856 -3222.2534 -3207.4492 -3192.9473 -3178.5461 -3164.2456 -3150.0457 -3136.3494 -3122.1497 -3108.3525 -3094.6562 -3080.8594 -3067.6665 -1347.9767 1066.3971 3113.5894 3299.8992 3299.8992 3299.8992 3299.8992 3299.8992 3299.8992 3299.8992 3299.8992 3299.8992 3299.8992 3299.8992 3299.8992 3299.8992 3299.8992 3299.8992 3286.6057 3270.4924 789.24866 3270.8953 3286.7065 3299.8992 -3282.4768 -3267.1692 -3252.063 -3237.2588 -3222.4548 -3207.7515 -3193.35 -3178.949 -3164.6484 -3150.5493 -3136.6516 -3122.5525 -3108.6548 -3095.059 -3081.2622 -3067.7673 -958.0353 1625.7294 3299.8992 3299.8992 3299.8992 3299.8992 3299.8992 3299.8992 3299.8992 3299.8992 3299.8992 3299.8992 3299.8992 3299.8992 3299.8992 3299.8992 3299.8992 3295.468 3280.664 3264.5508 16.818237 3267.3706 3283.1816 3298.7915 -3285.901 -3270.5933 -3255.6885 -3240.6829 -3225.879 -3211.1755 -3196.6736 -3182.2722 -3167.9717 -3153.772 -3139.8743 -3125.7751 -3111.978 -3098.2817 -3084.4849 -3071.1914 -1175.6653 1157.4371 3284.3901 3299.8992 3299.8992 3299.8992 3299.8992 3299.8992 3299.8992 3299.8992 3299.8992 3299.8992 3299.8992 3299.8992 3299.8992 3299.8992 3299.8992 3296.2737 3281.4697 3265.3564 -725.19836 3270.1904 3285.901 3299.8992 -3283.1816 -3267.9749 -3253.07 -3238.0645 -3223.2605 -3208.5571 -3194.0552 -3179.6538 -3165.5547 -3151.2542 -3137.6587 -3123.2573 -3109.561 -3095.8647 -3082.0679 -3065.6523 -1012.3169 1452.3102 3299.8992 3299.8992 3299.8992 3299.8992 3299.8992 3299.8992 3299.8992 3299.8992 3299.8992 3299.8992 3299.8992 
3191.5374 3176.834 3162.4329 3148.1323 3133.731 3119.5312 2677.0203 823.8922 -930.8441 -2219.5037 3123.056 3138.9678 3154.6782 3170.288 3185.6963 3201.1047 3216.3115 3231.5186 3246.6248 3261.6301 3276.6357 3291.4397 3299.8992 -3279.5562 -3264.6514 -3250.1494 -3236.2517 -1701.7639 3299.8992 3299.8992 3299.8992 3299.8992 3299.8992 3293.756 3279.2542 3264.45 3249.646 3234.8418 3219.937 3205.3345 3190.5303 3175.9277 3161.2244 3146.823 3132.4219 3118.3228 2689.911 827.3163 -940.20996 -2305.6091 3122.351 3138.263 3153.9734 3169.583 3185.1929 3200.3997 3215.7073 3230.9143 3246.0205 3260.9253 3276.0315 3290.7349 3299.8992 -3280.0598 -3265.5579 -3251.2573 -3236.554 -991.0675 3299.8992 3299.8992 3299.8992 3299.8992 3299.8992 3289.9292 3275.0244 3260.321 3245.5168 3230.8135 3216.11 3201.4067 3186.6028 3171.7986 3157.5989 3142.996 3129.0984 3112.8845 2442.6726 538.5864 -1138.1012 -2357.776 3122.0488 3137.9607 3153.6711 3169.281 3184.6892 3200.1982 3215.3044 3230.612 3245.6177 3260.623 3275.5278 3290.4326 3299.8992 -3280.4626 -3265.6584 -3251.2573 -3237.2588 -862.26196 3299.8992 3299.8992 3299.8992 3299.8992 3299.8992 3289.4255 3274.6216 3259.7168 3245.0134 3230.31 3215.4053 3200.702 3186.099 3171.4966 3156.6924 3142.4927 3127.9907 3110.971 2505.011 571.2158 -1110.0037 -2439.3494 3121.0417 3136.9536 3152.664 3168.274 3183.8835 3199.0906 3214.3982 3229.605 3244.7112 3259.7168 3274.6216 3289.4255 3299.8992 -3280.7646 -3266.6655 -3252.1636 -3237.3596 -324.17908 3299.8992 3299.8992 3299.8992 3299.8992 3299.8992 3286.5051 3271.4995 3256.6956 3241.8914 3227.0874 3212.384 3197.5798 3182.9773 3168.3745 3153.9734 3139.4714 3125.5737 3108.0505 2113.0554 165.86609 -1404.5746 -2676.2146 3124.9695 3140.8813 3156.491 3172.1008 3187.6099 3202.8167 3218.1243 3233.2305 3248.3367 3263.3423 3278.247 3293.051 -3292.3462 -3277.542 -3263.4429 -3249.0417 -3234.137 860.4492 3299.8992 3299.8992 3299.8992 3299.8992 3299.8992 3285.3972 3270.6938 3255.6885 3241.0857 3226.2817 3211.5784 3196.875 3182.373 3167.7703 3153.3691 3138.9678 3124.768 3049.8413 2345.7915 511.19385 -1268.216 -2544.8914 3299.8992 3268.6797 3151.0527 3166.7632 3182.2722 3197.5798 3212.8875 3228.0945 3243.2007 3258.206 
-3003.2134 -2989.4165 -2975.5188 -2961.923 -2948.4282 -2934.9333 -2921.64 -2573.0896 -1210.3088 174.42627 1209.6039 2438.8457 3299.8992 3299.8992 3299.8992 3299.8992 3299.8992 3299.8992 3299.8992 3299.8992 3299.8992 3299.8992 3299.8992 3299.8992 3299.8992 3299.8992 3299.8992 3289.9292 -2574.6 -3162.7349 -3147.2258 -3132.019 -3117.0134 -3102.008 -3087.3047 -3072.6013 -3058.2 -3043.7988 -3029.4983 -3015.4998 -3001.3 -2987.503 -2974.008 -2960.1104 -2946.414 -2932.9192 -2919.6257 -2507.9314 -1117.6575 394.47327 1516.0583 2961.8225 3299.8992 3299.8992 3299.8992 3299.8992 3299.8992 3299.8992 3299.8992 3299.8992 3299.8992 3299.8992 3299.8992 3299.8992 3299.8992 3299.8992 3299.8992 3081.4636 -2970.3826 -3164.2456 -3148.7366 -3133.5295 -3118.4233 -3103.5186 -3088.8152 -3074.1118 -3059.6099 -3045.2087 -3031.1096 -3016.809 -3002.8105 -2988.9128 -2975.5188 -2961.5203 -2948.0254 -2934.43 -2921.1365 -2468.1519 -1111.615 414.21204 1598.3368 2896.463 3299.8992 3299.8992 3299.8992 3299.8992 3299.8992 3299.8992 3299.8992 3299.8992 3299.8992 3299.8992 3299.8992 3299.8992 3299.8992 3299.8992 3299.8992 2818.213 -3179.3518 -3163.5405 -3148.1323 -3132.9253 -3117.819 -3102.9143 -3088.1104 -3073.5076 -3059.0056 -3044.705 -3030.4045 -3016.2048 -3002.2063 -2988.3086 -2975.0151 -2961.0168 -2947.2197 -2933.8257 -2920.5322 -2475.1006 -1185.6354 285.6079 1421.5942 2686.084 3299.8992 3299.8992 3299.8992 3299.8992 3299.8992 3299.8992 3299.8992 3299.8992 3299.8992 3299.8992 3299.8992 3299.8992 3299.8992 3299.8992 3299.8992 2601.892 -3174.8198 -3159.1094 -3143.4998 -3128.3936 -3113.388 -3098.3826 -3083.6792 -3069.1772 -3054.6753 -3040.274 -3026.0742 -3011.975 -2997.9766 -2984.1797 -2970.282 -2956.787 -2943.2922 -2929.898 -2916.504 -2079.5195 -714.3219 883.71277 2031.9855 3099.3896 3299.8992 3299.8992 3299.8992 3299.8992 3299.8992 3299.8992 3299.8992 3299.8992 3299.8992 3299.8992 3299.8992 3299.8992 3299.8992 3299.8992 3299.8992 1995.7306 -3177.942 -3162.2314 -3146.823 -3131.5154 -3116.51 -3101.7058 -3086.9019 -3072.299 -3057.898 -3043.4966 -3029.2969 -3015.1978 -3001.1992 -2987.201 -2973.3032 -2959.8083 -2946.3135 -2932.8186 -2919.5251 -1980.7251 -662.9608 819.15894 1890.5914 3073.9104 3299.8992 3299.8992 3299.8992 3299.8992 3299.8992 3299.8992 3299.8992 3299.8992 
3137.7593 3122.4517 3107.7483 3092.743 3077.8381 3052.2583 2173.5808 350.56458 -548.6572 -1389.0656 -2345.8923 -3044.5037 3092.34 3109.0576 3125.7751 3142.1904 3158.5051 3174.8198 3190.933 3206.9458 3222.9583 3238.87 3254.2786 3270.3918 3286.0015 3299.8992 -3282.8796 -1837.8204 3299.8992 3299.8992 3291.1377 3276.0315 3261.026 3245.7183 3230.612 3215.3044 3200.0977 3184.5886 3169.281 3153.8726 3138.6658 3123.5596 3108.0505 3093.5486 3078.7444 3015.2983 1945.9808 26.385498 -906.3721 -1738.7238 -2591.3176 3278.65 3101.9072 3118.4233 3134.8389 3151.4556 3167.6697 3184.085 3200.1982 3216.0095 3231.9214 3247.9338 3263.2415 3279.2542 3294.7632 -3289.7278 -3274.3193 -1561.2762 3299.8992 3299.8992 3297.9858 3282.8796 3267.6726 3252.4658 3237.2588 3222.052 3206.543 3191.1345 3175.7263 3160.2173 3145.111 3129.8035 3114.1936 3099.7925 3084.9883 3058.3008 2071.06 184.49707 -677.26135 -1569.8364 -2387.2832 -3115.7043 3102.8137 3119.4304 3136.148 3152.5635 3168.7773 3185.092 3201.3062 3217.1172 3233.2305 3249.0417 3264.2485 3280.3618 3295.9717 -3288.5193 -3273.2117 -1133.2672 3299.8992 3299.8992 3296.7773 3281.7717 3266.464 3251.358 3236.0503 3220.8435 3205.3345 3190.0269 3174.417 3159.1094 3143.8018 3128.6956 3113.6902 3098.7854 3083.7798 3032.721 2031.0791 313.60474 -562.95776 -1481.2134 -2390.3044 -3163.5405 3100.6987 3117.3157 3133.9324 3150.348 3166.7632 3183.078 3199.0906 3215.103 3231.015 3246.9268 3262.3352 3278.3477 3294.058 -3290.4326 -3275.2258 -303.0304 3299.8992 3299.8992 3290.8354 3275.83 3260.623 3245.5168 3230.31 3215.103 3199.7954 3184.4878 3168.8782 3153.6711 3138.4644 3123.3582 3108.3525 3093.2463 3078.543 2912.5762 2277.8137 409.68018 -287.8235 -1062.0667 -2025.238 -2740.7683 3286.8071 3105.9355 3122.653 3139.1692 3155.5847 3171.8994 3188.0127 3204.126 3220.1384 3236.0503 3252.063 3267.6726 3283.2825 3298.892 -3001.5015 -825.40283 3299.8992 3299.295 3284.2896 3269.1833 3254.1777 3239.1724 3224.0662 3208.8591 3193.451 3178.0425 3162.5334 3147.3267 3132.019 3116.812 3102.008 3086.9019 3066.6594 2467.2454 1259.3536 -540.19775 -1243.4418 -1954.2389 -2697.766 3230.0078 3107.144 3123.761 3140.4785 3156.7932 3173.007 3189.3218 3205.435 3221.2463 
-3036.6484 -3022.9521 -3008.9539 -2905.426 -2500.479 -2010.434 -1421.9971 -935.376 -414.21204 -28.500366 407.66602 586.4227 856.92444 1566.7145 2793.6401 3299.8992 3299.8992 3299.8992 3299.8992 3299.8992 3299.8992 3299.8992 3299.8992 3299.8992 3299.8992 3299.8992 3299.8992 2083.85 -90.737915 -1575.7782 -2658.49 -3163.8428 -3148.7366 -3133.9324 -3119.3298 -3104.828 -3090.326 -3076.0254 -3061.9263 -3047.8271 -3033.728 -2804.6172 -2230.783 -1915.9698 -1491.2842 -1194.6991 -758.2306 -366.97998 -172.71423 7.2509766 342.81006 540.3992 727.31323 1505.6854 2716.5984 3299.8992 3299.8992 3299.8992 3299.8992 3299.8992 3299.8992 3299.8992 3299.8992 3299.8992 3299.8992 3299.8992 3299.8992 1729.2572 -402.22778 -1787.4664 -2914.6912 -3176.0283 -3160.8215 -3146.2188 -3131.5154 -3116.812 -3102.5115 -3088.0095 -3073.9104 -3059.7107 -3045.7122 -2827.6794 -2205.606 -1807.2052 -1285.6384 -1005.36804 -771.0205 -532.64465 -299.4049 -13.494873 372.3175 503.43933 764.4745 1508.1024 2563.3208 3299.8992 3299.8992 3299.8992 3299.8992 3299.8992 3299.8992 3299.8992 3299.8992 3299.8992 3299.8992 3299.8992 3299.8992 1419.7815 -666.8884 -2005.4993 -3121.7468 -3182.1716 -3167.166 -3152.362 -3137.6587 -3123.1567 -3108.7554 -3094.3542 -3080.1543 -3066.0552 -3051.8555 -2889.3127 -2404.1016 -2109.1277 -1774.6765 -1403.4668 -1152.7039 -769.4092 -326.8982 -7.5531006 342.2058 359.729 476.4496 1301.5503 2453.952 3299.8992 3299.8992 3299.8992 3299.8992 3299.8992 3299.8992 3299.8992 3299.8992 3299.8992 3299.8992 3299.8992 3299.8992 1574.5697 -449.25842 -1839.6332 -3099.1882 -3179.3518 -3164.3462 -3149.5422 -3134.9395 -3120.337 -3105.835 -3091.4336 -3077.234 -3063.1348 -3049.1362 -2960.1104 -2531.195 -2235.5164 -2059.076 -1780.4169 -1426.4282 -1025.711 -539.7949 -176.33972 194.16504 328.91235 638.18665 1597.3297 2701.4922 3299.8992 3299.8992 3299.8992 3299.8992 3299.8992 3299.8992 3299.8992 3299.8992 3299.8992 3299.8992 3299.8992 3289.8284 1263.382 -843.02673 -2297.8545 -3180.1575 -3165.0513 -3150.1465 -3135.443 -3120.639 -3106.2378 -3091.8364 -3077.536 -3063.4368 -3049.237 -3035.2385 -2979.3457 -2392.52 -2021.2097 -1810.4279 -1566.1102 -1323.4039 -1035.2783 -849.0692 -490.3473 19.134521 202.02026 573.8342 1591.9922 2672.0854 3299.8992 3299.8992 3299.8992 3299.8992 3299.8992 

-5.0354004 10.171509 8.963013 9.063721 2.7191162 -16.918945 6.2438965 0 -5.9417725 -16.113281 -20.544434 -6.9488525 -4.2297363 -5.6396484 0.70495605 -8.258057 0.9063721 1.8127441 5.8410645 -1.8127441 -5.6396484 3.2226562 6.8481445 7.2509766 3.3233643 3.2226562 8.660889 2.5177002 3.7261963 12.588501 12.185669 8.258057 11.480713 13.897705 5.8410645 11.380005 23.565674 8.459473 9.265137 1.4099121 5.2368164 2.8198242 4.9346924 -2.5177002 -1.5106201 -3.1219482 -16.012573 -19.033813 -12.185669 -11.077881 -10.272217 -5.6396484 -16.415405 -19.839478 -3.4240723 -3.9276123 16.415405 -3.2226562 18.832397 1.8127441 0.40283203 1.3092041 2.8198242 -1.4099121 0.50354004 -2.1148682 -7.3516846 -11.178589 -24.27063 -24.975586 -27.191162 -35.751343 -20.443726 -0.20141602 -8.862305 -15.206909 -7.2509766 17.523193 27.896118 18.429565 37.261963 59.317017 72.509766 81.170654 65.15808 30.212402 -15.307617 -41.793823 -46.829224 -74.42322 -115.41138 -112.89368 -74.32251 -23.666382 11.682129 16.71753 46.627808 104.434204 156.19812 184.7992 171.90857 140.8905 111.18164 101.61438 125.18005 134.84802 105.23987 64.85596 36.053467 -23.162842 -90.03296 -119.74182 -105.441284 -100.6073 -103.72925 -93.45703 -101.916504 -95.47119 -58.813477 -50.857544 -42.700195 -9.466553 13.897705 20.645142 30.010986 29.708862 27.090454 25.982666 16.516113 -9.365845 -25.579834 -26.889038 -49.95117 -78.75366 -90.737915 -77.34375 -50.756836 -34.744263 -26.385498 -16.818237 -26.083374 -16.818237 -6.5460205 -13.696289 -11.077881 -2.3162842 0.20141602 -0.10070801 -5.1361084 -1.1077881 -0.10070801 4.1290283 8.862305 14.804077 4.7332764 1.1077881 3.5247803 
-47.43347 -31.018066 -31.118774 -15.106201 -24.572754 -53.17383 -33.83789 -29.30603 -23.666382 -27.090454 -17.22107 -8.157349 -2.0141602 7.4523926 24.572754 26.184082 31.219482 27.896118 26.889038 37.96692 22.357178 20.74585 17.422485 23.666382 35.85205 40.585327 30.715942 26.184082 22.357178 23.062134 31.82373 28.29895 32.528687 30.715942 18.026733 14.602661 27.79541 3.8269043 0.70495605 0.30212402 -10.272217 0.20141602 -8.056641 2.6184082 -1.2084961 0 -18.933105 -13.998413 0.9063721 -1.2084961 -1.6113281 9.567261 4.9346924 3.3233643 13.595581 18.630981 41.189575 25.479126 40.283203 31.521606 27.593994 22.155762 22.961426 20.947266 14.703369 8.258057 7.9559326 -13.595581 2.9205322 3.3233643 2.2155762 11.984253 17.422485 23.968506 21.853638 33.737183 72.40906 105.441284 134.6466 160.32715 178.85742 217.93213 236.16028 299.60632 340.29236 374.8352 363.85803 353.88794 318.338 269.99817 207.25708 163.04626 87.01172 -13.494873 -117.32483 -232.53479 -333.3435 -394.7754 -407.96814 -383.19397 -342.60864 -288.62915 -249.95728 -212.69531 -191.44592 -151.76697 -142.80396 -118.43262 -95.5719 -81.97632 -70.09277 -69.79065 -63.24463 -66.76941 -84.89685 -104.73633 -98.0896 -89.730835 -74.020386 -74.2218 -67.8772 -62.13684 -73.11401 -65.15808 -54.986572 -45.217896 -53.57666 -25.378418 -14.099121 -4.2297363 -3.3233643 -1.6113281 -4.9346924 -1.3092041 9.667969 8.157349 18.832397 23.565674 24.27063 25.27771 16.918945 31.32019 36.154175 35.34851 34.039307 38.571167 36.657715 39.98108 30.615234 30.81665 29.608154 26.586914 33.132935 33.032227 20.846558 14.099121 19.537354 
3299.8992 3299.8992 3299.8992 3299.8992 3299.8992 3299.8992 3294.2595 -976.2634 3299.1943 -3283.9873 -3267.4712 -3251.1565 -3234.9426 -3219.1313 -3203.3203 -3187.509 -3172.1008 -3156.6924 -3141.4856 -3126.48 -3111.4746 -3096.3684 -3082.0679 -3067.163 -3052.7617 -3038.6626 -3024.6643 -1667.0197 1278.6896 3299.8992 3299.8992 3299.8992 3299.8992 3299.8992 3299.8992 3299.8992 3299.8992 3299.8992 3299.8992 3299.8992 3299.8992 3299.8992 3299.8992 3299.8992 3299.8992 3299.8992 3291.339 -2050.0122 3298.993 -3284.2896 -3267.6726 -3251.4587 -3235.2446 -3219.3328 -3203.6223 -3187.9119 -3172.4028 -3157.0952 -3141.8884 -3126.7822 -3111.8774 -3096.7712 -3081.967 -3067.7673 -3053.4668 -3038.9648 -3024.6643 -1550.9033 1251.5991 3299.8992 3299.8992 3299.8992 3299.8992 3299.8992 3299.8992 3299.8992 3299.8992 3299.8992 3299.8992 3299.8992 3299.8992 3299.8992 3299.8992 3299.8992 3299.8992 3299.8992 3290.7349 -3146.1182 3299.8992 -3282.2754 -3265.6584 -3249.5452 -3233.3313 -3217.4194 -3201.5076 -3185.8977 -3170.4895 -3155.081 -3139.8743 -3124.9695 -3109.9639 -3095.5627 -3081.0608 -3066.0552 -3051.5532 -3037.454 -3023.5564 -1361.7737 1683.1329 3299.8992 3299.8992 3299.8992 3299.8992 3299.8992 3299.8992 3299.8992 3299.8992 3299.8992 3299.8992 3299.8992 3299.8992 3299.8992 3299.8992 3299.8992 3299.8992 3299.8992 3288.4185 3283.2825 3299.8992 -3282.8796 -3266.3635 -3250.1494 -3233.9355 -3218.0237 -3202.2124 -3186.502 -3171.0938 -3155.6853 -3140.579 -3125.473 -3110.568 -3095.462 -3081.2622 -3066.2566 -3051.8555 -3037.9578 -3023.8586 -1307.7942 1539.1205 3299.8992 3299.8992 3299.8992 3299.8992 3299.8992 3299.8992 3299.8992 3299.8992 
3299.8992 3299.8992 3299.8992 3299.8992 3295.6694 3280.8655 3264.6514 -1322.9004 3271.1975 3286.908 3299.8992 -3282.1746 -3266.9678 -3251.9622 -3236.9568 -3222.2534 -3207.6506 -3193.2495 -3178.7476 -3164.447 -3150.247 -3136.5508 -3122.351 -3108.554 -3094.9585 -3081.5642 -3019.931 -822.7844 1424.1119 3299.8992 3299.8992 3299.8992 3299.8992 3299.8992 3299.8992 3299.8992 3299.8992 3299.8992 3299.8992 3299.8992 3299.8992 3299.8992 3299.8992 3299.8992 3295.9717 3281.1675 3264.8528 -2008.9233 3273.3123 3289.0227 3299.8992 -3280.1604 -3264.9536 -3249.948 -3235.0432 -3220.3398 -3205.7373 -3191.2354 -3176.834 -3162.5334 -3148.4343 -3134.738 -3120.4375 -3106.7412 -3093.045 -3079.7515 -3065.6523 -1138.0005 1333.4747 3299.8992 3299.8992 3299.8992 3299.8992 3299.8992 3299.8992 3299.8992 3299.8992 3299.8992 3299.8992 3299.8992 3299.8992 3299.8992 3299.8992 3299.8992 3299.5972 3284.2896 3268.3777 -2518.6064 3278.1462 3293.756 3299.8992 -3275.4272 -3260.321 -3245.2148 -3230.4106 -3215.7073 -3201.1047 -3186.6028 -3172.3022 -3158.1023 -3143.9026 -3129.7026 -3116.1072 -3102.31 -3088.7146 -3075.4211 -2784.375 -373.72742 1949.2035 3299.8992 3299.8992 3299.8992 3299.8992 3299.8992 3299.8992 3299.8992 3299.8992 3299.8992 3299.8992 3299.8992 3299.8992 3299.8992 3299.8992 3299.8992 3296.0723 3280.7646 3264.7522 3261.9324 3277.9448 3293.6553 3299.8992 -3275.6287 -3260.5225 -3245.4163 -3230.612 -3215.9087 -3201.4067 -3186.9048 -3172.5037 -3158.2031 -3144.104 -3130.005 -3116.3086 -3102.5115 -3089.0166 -3075.7231 -2623.3428 -150.65918 2325.5493 3299.8992 3299.8992 3299.8992 3299.8992 3299.8992 3299.8992 3299.8992 3299.8992 
3273.1108 3287.915 3299.8992 -3282.7788 -3268.2769 -3253.5735 -3140.579 7.3516846 3299.8992 3299.8992 3299.8992 3299.8992 3298.7915 3284.1887 3269.3848 3254.5806 3239.8772 3224.9724 3210.269 3195.465 3180.7617 3166.2598 3151.4556 3137.3564 3122.754 3098.7854 1806.9031 -58.71277 -1501.9592 -2628.0762 3124.8687 3140.579 3156.3904 3172.1008 3187.4084 3202.716 3217.9229 3233.029 3248.236 3263.1409 3278.0457 3292.8496 -3292.2454 -3277.7434 -3262.8386 -3248.538 -3234.5398 1387.857 3299.8992 3299.8992 3299.8992 3299.8992 3298.1873 3283.5845 3268.579 3253.9763 3239.0715 3224.3682 3209.5642 3194.8608 3180.258 3165.6555 3150.9521 3136.5508 3122.653 3104.6265 2047.2931 167.1753 -1375.1678 -2616.7969 3122.0488 3137.9607 3153.6711 3169.281 3184.6892 3199.9968 3215.3044 3230.4106 3245.3154 3260.321 3275.2258 3290.2312 3299.8992 -3280.3618 -3266.2627 -3251.7607 -3237.0574 1776.8921 3299.8992 3299.8992 3299.8992 3299.8992 3293.6553 3278.7505 3264.047 3249.2432 3234.439 3219.7356 3204.9316 3190.3289 3175.7263 3161.2244 3146.9238 3132.5225 3118.1213 3096.5698 1710.3241 -300.10986 -1837.2162 -2954.773 3125.2715 3140.982 3156.6924 3172.2014 3187.6099 3203.018 3218.1243 3233.2305 3248.4375 3263.3423 3278.247 3293.051 -3292.044 -3277.4414 -3262.738 -3248.236 -3234.439 2064.1113 3299.8992 3299.8992 3299.8992 3299.8992 3295.7703 3280.966 3266.2627 3251.5593 3236.7554 3221.9512 3207.1472 3192.4438 3177.841 3163.339 3148.6357 3134.2346 3120.236 3080.4565 1626.8372 -274.83215 -1698.0377 -2890.5212 3126.6814 3142.5933 3158.2031 3173.8127 3189.2212 3204.5288 3219.7356 
3299.8992 3299.8992 3299.8992 3299.8992 3299.8992 3299.8992 3299.8992 1779.7119 -3179.251 -3163.5405 -3148.1323 -3132.8247 -3117.819 -3102.9143 -3088.211 -3073.6084 -3059.207 -3044.705 -3030.5054 -3016.4062 -3002.5085 -2988.51 -2975.116 -2961.1174 -2947.522 -2933.9263 -2920.6328 -2060.083 -566.68396 1017.85583 2193.3196 3229.605 3299.8992 3299.8992 3299.8992 3299.8992 3299.8992 3299.8992 3299.8992 3299.8992 3299.8992 3299.8992 3299.8992 3299.8992 3299.8992 3299.8992 3299.8992 1665.509 -3182.776 -3166.9646 -3151.4556 -3136.2488 -3121.344 -3106.4392 -3091.635 -3077.0325 -3062.5305 -3048.1292 -3033.8286 -3019.629 -3005.7312 -2991.8335 -2977.9358 -2964.2395 -2950.8452 -2937.2498 -2923.9563 -2366.034 -769.3085 875.85754 1960.08 3052.8625 3299.8992 3299.8992 3299.8992 3299.8992 3299.8992 3299.8992 3299.8992 3299.8992 3299.8992 3299.8992 3299.8992 3299.8992 3299.8992 3299.8992 3299.8992 1040.8173 -3178.244 -3162.4329 -3147.2258 -3131.8176 -3117.0134 -3102.1086 -3087.4053 -3072.702 -3058.3008 -3044.0002 -3029.6997 -3015.6006 -3001.602 -2987.7043 -2973.706 -2960.1104 -2946.7163 -2933.322 -2919.8271 -1960.08 -465.271 1009.4971 2080.8289 3299.8992 3299.8992 3299.8992 3299.8992 3299.8992 3299.8992 3299.8992 3299.8992 3299.8992 3299.8992 3299.8992 3299.8992 3299.8992 3299.8992 3299.8992 3299.8992 727.1118 -3178.0425 -3162.2314 -3146.9238 -3131.7168 -3116.7114 -3101.8066 -3087.1033 -3072.6013 -3057.9985 -3043.698 -3029.4983 -3015.3992 -3001.4006 -2987.7043 -2974.008 -2960.1104 -2946.414 -2933.02 -2919.6257 -1920.8038 -689.0442 828.22266 1953.6346 3140.4785 3299.8992 3299.8992 3299.8992 3299.8992 3299.8992 
3237.1582 3252.9692 3268.881 3284.2896 3299.8992 -3284.6924 -3269.3848 -69.89136 3299.8992 3299.8992 3295.2666 3280.1604 3265.0542 3249.7466 3234.5398 3219.2322 3203.8237 3188.3147 3172.705 3157.498 3142.1904 3126.9836 3112.2803 3097.3755 3082.3699 3012.277 1911.1359 135.7544 -662.9608 -1564.7003 -2501.6875 -3199.292 3102.2095 3118.8262 3135.5437 3151.9592 3168.274 3184.4878 3200.601 3216.6138 3232.5256 3248.3367 3264.45 3279.7576 3295.3674 -3289.1235 -3273.715 188.6261 3299.8992 3299.8992 3289.4255 3274.3193 3259.1125 3244.0063 3228.6987 3213.4917 3198.0835 3182.675 3167.2668 3151.8584 3136.6516 3121.4446 3106.2378 3091.7358 3076.6296 2917.7124 1679.6082 -167.1753 -903.8544 -1807.608 -2690.213 -3273.3123 3103.3171 3120.1355 3136.7522 3152.9663 3169.4824 3185.6963 3201.6082 3217.8223 3233.6333 3249.5452 3264.9536 3280.8655 3296.3745 -3288.217 -3272.708 519.1498 3299.8992 3299.8992 3289.0227 3273.6145 3258.609 3243.402 3228.195 3212.8875 3197.5798 3181.9702 3166.6626 3151.2542 3136.0474 3120.9412 3105.5327 3090.9302 3073.3062 2676.0132 1371.9452 -374.33167 -1161.8683 -1999.5575 -2798.474 3145.816 3109.3596 3125.9766 3142.7947 3159.1094 3175.3235 3191.336 3207.55 3223.6633 3239.3738 3255.2856 3270.5933 3286.6057 3299.8992 -3282.4768 -3266.9678 957.53174 3299.8992 3299.8992 3292.2454 3277.1392 3261.9324 3246.8262 3231.5186 3216.11 3200.8025 3185.3943 3169.7844 3154.4768 3139.1692 3124.063 3109.1582 3094.052 3076.0254 2633.313 1257.5409 -466.6809 -1139.8132 -1956.0516 -2710.9587 -3267.0684 3112.0789 3128.7964 3145.3125 3161.6272 3178.0425 
3299.8992 3299.8992 3299.8992 3299.8992 3299.8992 3299.8992 3272.8088 1107.1838 -886.734 -2176.1992 -3166.0583 -3151.4556 -3136.5508 -3121.8474 -3107.2449 -3092.8435 -3078.4424 -3064.1418 -3050.0427 -3036.145 -3021.945 -2900.894 -2405.1086 -2042.4591 -1747.7875 -1411.5234 -1063.9801 -708.9844 -454.79736 -192.15088 226.19019 377.05078 710.8978 1791.1926 2867.7612 3299.8992 3299.8992 3299.8992 3299.8992 3299.8992 3299.8992 3299.8992 3299.8992 3299.8992 3299.8992 3299.8992 3181.0637 992.88025 -915.8386 -2287.1794 -3162.4329 -3147.4272 -3132.5225 -3117.819 -3103.3171 -3088.916 -3074.6155 -3060.4155 -3046.2158 -3032.2173 -3018.3196 -2692.1265 -2162.7043 -1905.3955 -1467.1143 -1281.9122 -966.59546 -678.067 -480.78003 -156.80237 207.05566 128.50342 487.22534 1596.9269 2672.6897 3299.8992 3299.8992 3299.8992 3299.8992 3299.8992 3299.8992 3299.8992 3299.8992 3299.8992 3299.8992 3299.8992 3080.8594 760.34546 -1155.6244 -2489.502 -3156.5918 -3141.4856 -3126.6814 -3111.978 -3097.476 -3083.075 -3068.7744 -3054.5745 -3040.4753 -3026.477 -3012.5793 -2826.1687 -2301.9836 -1957.0587 -1559.8663 -1143.2373 -945.6482 -670.0104 -493.0664 -124.67651 353.4851 469.1986 856.8237 1954.1382 2825.9673 3299.8992 3299.8992 3299.8992 3299.8992 3299.8992 3299.8992 3299.8992 3299.8992 3299.8992 3299.8992 3299.8992 3032.4187 788.2416 -1016.4459 -2359.9915 -3157.498 -3142.3918 -3127.588 -3112.8845 -3098.3826 -3084.082 -3069.6807 -3055.481 -3041.4824 -3027.4841 -3013.385 -2824.4568 -2369.76 -1999.054 -1724.9268 -1375.7721 -1075.6622 -759.4391 -490.3473 -169.89441 307.15942 345.12634 741.31165 1909.021 2727.2734 3299.8992 3299.8992 

