wall_time,elapsed_s,F1_N,F2_N
2026-07-23T16:01:04.727,125.7042,-1.3086,-0.7033
2026-07-23T16:01:04.727,125.7042,-1.4456,-0.7425
2026-07-23T16:01:04.741,125.7042,-1.2303,-0.7425
2026-07-23T16:01:04.750,125.7356,-1.5436,-0.7425
2026-07-23T16:01:04.755,125.7356,-1.4065,-0.7033
2026-07-23T16:01:04.771,125.7635,-1.5044,-0.8404
2026-07-23T16:01:04.786,125.7655,-1.3869,-0.7229
2026-07-23T16:01:04.786,125.7675,-1.4261,-0.7621
2026-07-23T16:01:04.803,125.7909,-1.3869,-0.7033
2026-07-23T16:01:04.812,125.7909,-1.4456,-0.7033
2026-07-23T16:01:04.820,125.8145,-1.4065,-0.7229
2026-07-23T16:01:04.820,125.8192,-1.4456,-0.7425
2026-07-23T16:01:04.842,125.8192,-1.3673,-0.7033
2026-07-23T16:01:04.852,125.8477,-1.4456,-0.7621
2026-07-23T16:01:04.865,125.8477,-1.3869,-0.7033
2026-07-23T16:01:04.870,125.8477,-1.3869,-0.6642
2026-07-23T16:01:04.883,125.8754,-1.4456,-0.7425
2026-07-23T16:01:04.897,125.8772,-1.4848,-0.625
2026-07-23T16:01:04.898,125.8772,-1.4261,-0.7229
2026-07-23T16:01:04.912,125.8986,-1.4261,-0.7033
2026-07-23T16:01:04.916,125.8986,-1.3673,-0.7033
2026-07-23T16:01:04.928,125.9087,-1.5044,-0.7229
2026-07-23T16:01:04.949,125.9321,-1.3477,-0.7229
2026-07-23T16:01:04.949,125.9321,-1.4848,-0.6838
2026-07-23T16:01:04.959,125.9384,-1.3086,-0.7033
2026-07-23T16:01:04.959,125.9585,-1.5044,-0.7033
2026-07-23T16:01:04.983,125.9585,-1.3282,-0.7229
2026-07-23T16:01:04.989,125.968,-1.4848,-0.7033
2026-07-23T16:01:05.009,125.9919,-1.289,-0.7033
2026-07-23T16:01:05.009,125.9919,-1.5827,-0.7229
2026-07-23T16:01:05.019,126.0209,-1.3477,-0.625
2026-07-23T16:01:05.023,126.0209,-1.524,-0.7033
2026-07-23T16:01:05.043,126.0209,-1.3477,-0.6838
2026-07-23T16:01:05.056,126.0517,-1.5436,-0.7621
2026-07-23T16:01:05.070,126.0517,-1.3869,-0.6838
2026-07-23T16:01:05.072,126.0517,-1.4652,-0.7425
2026-07-23T16:01:05.081,126.0585,-1.3282,-0.7425
2026-07-23T16:01:05.089,126.081,-1.4848,-0.7621
2026-07-23T16:01:05.101,126.081,-1.4456,-0.6838
2026-07-23T16:01:05.109,126.0986,-1.4652,-0.6642
2026-07-23T16:01:05.118,126.0986,-1.4065,-0.7425
2026-07-23T16:01:05.118,126.1132,-1.4456,-0.7621
2026-07-23T16:01:05.132,126.1158,-1.3673,-0.6838
2026-07-23T16:01:05.149,126.1351,-1.4456,-0.6642
2026-07-23T16:01:05.149,126.1351,-1.4456,-0.7033
2026-07-23T16:01:05.167,126.1653,-1.4456,-0.7033
2026-07-23T16:01:05.186,126.1653,-1.3086,-0.6446
2026-07-23T16:01:05.186,126.1653,-1.4652,-0.7033
2026-07-23T16:01:05.196,126.1767,-1.3869,-0.8012
2026-07-23T16:01:05.211,126.1923,-1.4848,-0.7033
2026-07-23T16:01:05.216,126.1923,-1.289,-0.7817
2026-07-23T16:01:05.227,126.2182,-1.4848,-0.6838
2026-07-23T16:01:05.227,126.2182,-1.3673,-0.7229
2026-07-23T16:01:05.250,126.2394,-1.5631,-0.6838
2026-07-23T16:01:05.259,126.2394,-1.289,-0.6838
2026-07-23T16:01:05.269,126.2394,-1.524,-0.7033
2026-07-23T16:01:05.283,126.2742,-1.3282,-0.7229
2026-07-23T16:01:05.290,126.2742,-1.4652,-0.6446
2026-07-23T16:01:05.290,126.2742,-1.3477,-0.7621
2026-07-23T16:01:05.322,126.3028,-1.5631,-0.7229
2026-07-23T16:01:05.322,126.3028,-1.3086,-0.6642
2026-07-23T16:01:05.325,126.3028,-1.5436,-0.7033
2026-07-23T16:01:05.338,126.3188,-1.3477,-0.625
2026-07-23T16:01:05.338,126.3188,-1.524,-0.7229
2026-07-23T16:01:05.365,126.3512,-1.3673,-0.7033
2026-07-23T16:01:05.370,126.3512,-1.5436,-0.7621
2026-07-23T16:01:05.382,126.3512,-1.4652,-0.6642
2026-07-23T16:01:05.394,126.3662,-1.5044,-0.7817
2026-07-23T16:01:05.394,126.3662,-1.3869,-0.7033
2026-07-23T16:01:05.416,126.3988,-1.5436,-0.7229
2026-07-23T16:01:05.417,126.3988,-1.4456,-0.7033
2026-07-23T16:01:05.417,126.3988,-1.4848,-0.7033
2026-07-23T16:01:05.436,126.4289,-1.4848,-0.6838
2026-07-23T16:01:05.450,126.432,-1.4652,-0.7229
2026-07-23T16:01:05.450,126.432,-1.5044,-0.5663
2026-07-23T16:01:05.478,126.445,-1.524,-0.7229
2026-07-23T16:01:05.483,126.4591,-1.4652,-0.7817
2026-07-23T16:01:05.496,126.478,-1.4848,-0.7621
2026-07-23T16:01:05.496,126.478,-1.4848,-0.7817
2026-07-23T16:01:05.510,126.478,-1.5044,-0.7621
2026-07-23T16:01:05.529,126.5102,-1.524,-0.7425
2026-07-23T16:01:05.529,126.5102,-1.524,-0.7229
2026-07-23T16:01:05.543,126.5326,-1.5044,-0.7817
2026-07-23T16:01:05.549,126.5326,-1.6219,-0.7229
2026-07-23T16:01:05.561,126.5389,-1.4456,-0.7621
2026-07-23T16:01:05.572,126.5673,-1.661,-0.7425
2026-07-23T16:01:05.575,126.5693,-1.3869,-0.8012
2026-07-23T16:01:05.591,126.5724,-1.6219,-0.8012
2026-07-23T16:01:05.603,126.5938,-1.5044,-0.8208
2026-07-23T16:01:05.616,126.5938,-1.661,-0.7621
2026-07-23T16:01:05.620,126.5987,-1.4848,-0.8012
2026-07-23T16:01:05.632,126.6233,-1.6415,-0.7817
2026-07-23T16:01:05.639,126.6253,-1.5631,-0.8208
2026-07-23T16:01:05.649,126.6274,-1.6806,-0.8012
2026-07-23T16:01:05.656,126.6355,-1.4456,-0.7425
2026-07-23T16:01:05.670,126.6355,-1.7002,-0.7621
2026-07-23T16:01:05.686,126.6672,-1.5631,-0.7425
2026-07-23T16:01:05.686,126.6772,-1.7785,-0.8404
2026-07-23T16:01:05.702,126.6772,-1.5044,-0.7621
2026-07-23T16:01:05.712,126.7003,-1.7589,-0.8208
2026-07-23T16:01:05.718,126.7003,-1.5631,-0.7817
2026-07-23T16:01:05.728,126.7003,-1.7002,-0.8208
2026-07-23T16:01:05.749,126.7211,-1.6023,-0.7425
2026-07-23T16:01:05.751,126.7211,-1.6806,-0.8796
2026-07-23T16:01:05.765,126.7515,-1.661,-0.86
2026-07-23T16:01:05.772,126.7515,-1.6806,-0.8208
2026-07-23T16:01:05.772,126.7515,-1.6806,-0.8012
2026-07-23T16:01:05.797,126.7791,-1.7198,-0.8991
2026-07-23T16:01:05.802,126.7791,-1.661,-0.8404
2026-07-23T16:01:05.813,126.8023,-1.6806,-0.8208
2026-07-23T16:01:05.816,126.8023,-1.661,-0.86
2026-07-23T16:01:05.830,126.8023,-1.6219,-0.8012
2026-07-23T16:01:05.841,126.8321,-1.7002,-0.8012
2026-07-23T16:01:05.845,126.8336,-1.6806,-0.8404
2026-07-23T16:01:05.861,126.8573,-1.6806,-0.8012
2026-07-23T16:01:05.861,126.8593,-1.7002,-0.7621
2026-07-23T16:01:05.877,126.8632,-1.6023,-0.86
2026-07-23T16:01:05.884,126.8859,-1.7394,-0.8404
2026-07-23T16:01:05.908,126.889,-1.6023,-0.8796
2026-07-23T16:01:05.910,126.892,-1.7589,-0.8208
2026-07-23T16:01:05.924,126.905,-1.5827,-0.86
2026-07-23T16:01:05.924,126.9186,-1.7589,-0.7425
2026-07-23T16:01:05.943,126.9207,-1.5631,-0.9383
2026-07-23T16:01:05.950,126.9363,-1.7589,-0.8208
2026-07-23T16:01:05.956,126.9363,-1.4652,-0.86
2026-07-23T16:01:05.971,126.9363,-1.7589,-0.8208
2026-07-23T16:01:05.983,126.9691,-1.6023,-0.7621
2026-07-23T16:01:05.987,126.9736,-1.7002,-0.8404
2026-07-23T16:01:05.987,126.977,-1.5631,-0.7621
2026-07-23T16:01:06.010,127.0008,-1.7785,-0.8404
2026-07-23T16:01:06.020,127.0008,-1.6023,-1.0558
2026-07-23T16:01:06.030,127.0008,-1.7981,-0.7817
2026-07-23T16:01:06.035,127.0304,-1.5044,-0.7817
2026-07-23T16:01:06.052,127.0319,-1.7981,-0.8208
2026-07-23T16:01:06.066,127.0526,-1.6219,-0.7229
2026-07-23T16:01:06.071,127.0526,-1.7198,-0.7425
2026-07-23T16:01:06.083,127.0594,-1.6415,-0.8012
2026-07-23T16:01:06.085,127.0796,-1.6806,-0.7229
2026-07-23T16:01:06.103,127.0796,-1.661,-0.7817
2026-07-23T16:01:06.113,127.0796,-1.7002,-0.7621
2026-07-23T16:01:06.130,127.1099,-1.661,-0.7229
2026-07-23T16:01:06.130,127.1099,-1.7394,-0.7425
2026-07-23T16:01:06.130,127.1099,-1.7002,-0.7229
2026-07-23T16:01:06.149,127.1439,-1.6806,-0.6446
2026-07-23T16:01:06.161,127.1439,-1.661,-0.7621
2026-07-23T16:01:06.161,127.1699,-1.7002,-0.6838
2026-07-23T16:01:06.181,127.1733,-1.661,-0.7033
2026-07-23T16:01:06.192,127.1733,-1.6806,-0.6446
2026-07-23T16:01:06.195,127.1988,-1.6806,-0.625
2026-07-23T16:01:06.208,127.1988,-1.6219,-0.6446
2026-07-23T16:01:06.224,127.2048,-1.6023,-0.6446
2026-07-23T16:01:06.229,127.2048,-1.6023,-0.5467
2026-07-23T16:01:06.240,127.232,-1.3673,-0.5663
2026-07-23T16:01:06.250,127.2352,-1.4065,-0.5075
2026-07-23T16:01:06.269,127.2603,-1.2498,-0.5271
2026-07-23T16:01:06.276,127.2635,-1.4261,-0.4684
2026-07-23T16:01:06.283,127.2635,-1.1715,-0.488
2026-07-23T16:01:06.287,127.2838,-1.4065,-0.4684
2026-07-23T16:01:06.303,127.2838,-1.1911,-0.5075
2026-07-23T16:01:06.314,127.2838,-1.3477,-0.488
2026-07-23T16:01:06.321,127.3194,-1.2303,-0.5467
2026-07-23T16:01:06.335,127.3194,-1.3869,-0.5859
2026-07-23T16:01:06.335,127.3194,-1.2303,-0.4684
2026-07-23T16:01:06.354,127.3487,-1.4848,-0.5271
2026-07-23T16:01:06.366,127.3487,-1.2694,-0.6446
2026-07-23T16:01:06.370,127.3487,-1.4848,-0.5271
2026-07-23T16:01:06.386,127.3791,-1.3086,-0.625
2026-07-23T16:01:06.397,127.3791,-1.524,-0.6838
2026-07-23T16:01:06.400,127.3791,-1.3869,-0.5663
2026-07-23T16:01:06.416,127.3989,-1.4848,-0.6642
2026-07-23T16:01:06.416,127.4099,-1.4848,-0.6838
2026-07-23T16:01:06.437,127.4099,-1.4261,-0.7033
2026-07-23T16:01:06.445,127.436,-1.5044,-0.6642
2026-07-23T16:01:06.450,127.436,-1.4065,-0.6642
2026-07-23T16:01:06.461,127.4415,-1.4456,-0.5859
2026-07-23T16:01:06.461,127.4695,-1.4456,-0.625
2026-07-23T16:01:06.483,127.4733,-1.4456,-0.625
2026-07-23T16:01:06.492,127.4733,-1.4065,-0.6054
2026-07-23T16:01:06.492,127.4988,-1.3673,-0.6054
2026-07-23T16:01:06.510,127.5051,-1.3869,-0.6446
2026-07-23T16:01:06.524,127.5051,-1.3869,-0.7033
2026-07-23T16:01:06.524,127.5321,-1.3477,-0.6838
2026-07-23T16:01:06.541,127.5361,-1.4261,-0.7033
2026-07-23T16:01:06.550,127.5361,-1.4065,-0.5859
2026-07-23T16:01:06.562,127.5388,-1.3673,-0.7425
2026-07-23T16:01:06.562,127.5676,-1.4456,-0.7229
2026-07-23T16:01:06.585,127.5676,-1.289,-0.7621
2026-07-23T16:01:06.590,127.5676,-1.4456,-0.7033
2026-07-23T16:01:06.611,127.5987,-1.3086,-0.7621
2026-07-23T16:01:06.611,127.5987,-1.5044,-0.6446
2026-07-23T16:01:06.618,127.5997,-1.3477,-0.7033
2026-07-23T16:01:06.635,127.6154,-1.4848,-0.6054
2026-07-23T16:01:06.635,127.6292,-1.289,-0.7817
2026-07-23T16:01:06.651,127.6322,-1.3869,-0.7229
2026-07-23T16:01:06.662,127.6473,-1.4065,-0.7425
2026-07-23T16:01:06.666,127.6473,-1.5044,-0.8012
2026-07-23T16:01:06.683,127.662,-1.4261,-0.7229
2026-07-23T16:01:06.692,127.6782,-1.524,-0.7425
2026-07-23T16:01:06.698,127.6782,-1.4065,-0.7229
2026-07-23T16:01:06.714,127.6942,-1.5436,-0.7621
2026-07-23T16:01:06.716,127.7099,-1.3477,-0.7621
2026-07-23T16:01:06.729,127.7099,-1.4848,-0.8012
2026-07-23T16:01:06.745,127.7224,-1.3869,-0.7425
2026-07-23T16:01:06.749,127.7416,-1.4261,-0.7033
2026-07-23T16:01:06.761,127.7498,-1.3673,-0.7033
2026-07-23T16:01:06.771,127.7529,-1.3673,-0.7817
2026-07-23T16:01:06.783,127.7731,-1.4065,-0.7621
2026-07-23T16:01:06.792,127.7731,-1.3477,-0.8012
2026-07-23T16:01:06.801,127.7731,-1.3673,-0.7229
2026-07-23T16:01:06.824,127.81,-1.3282,-0.7425
2026-07-23T16:01:06.824,127.81,-1.3477,-0.7425
2026-07-23T16:01:06.824,127.81,-1.3673,-0.6642
2026-07-23T16:01:06.840,127.8375,-1.3477,-0.7817
2026-07-23T16:01:06.856,127.8375,-1.4652,-0.7229
2026-07-23T16:01:06.861,127.8452,-1.3477,-0.7621
2026-07-23T16:01:06.872,127.8678,-1.3673,-0.7817
2026-07-23T16:01:06.887,127.8678,-1.3477,-0.7817
2026-07-23T16:01:06.888,127.8678,-1.3282,-0.7229
2026-07-23T16:01:06.906,127.9003,-1.3673,-0.7621
2026-07-23T16:01:06.916,127.9003,-1.289,-0.7621
2026-07-23T16:01:06.919,127.907,-1.3086,-0.7817
2026-07-23T16:01:06.931,127.9113,-1.3282,-0.7033
2026-07-23T16:01:06.950,127.9319,-1.2303,-0.7621
2026-07-23T16:01:06.951,127.9378,-1.3282,-0.7425
2026-07-23T16:01:06.962,127.9378,-1.2107,-0.8208
2026-07-23T16:01:06.966,127.9618,-1.289,-0.6838
2026-07-23T16:01:06.981,127.9618,-1.1715,-0.7817
2026-07-23T16:01:06.989,127.9737,-1.289,-0.7425
2026-07-23T16:01:06.997,127.995,-1.1715,-0.7621
2026-07-23T16:01:07.013,127.9987,-1.2498,-0.7229
2026-07-23T16:01:07.024,127.9987,-1.1519,-0.7621
2026-07-23T16:01:07.028,128.012,-1.2107,-0.7033
2026-07-23T16:01:07.028,128.0276,-1.1128,-0.6838
2026-07-23T16:01:07.049,128.0322,-1.0736,-0.6446
2026-07-23T16:01:07.063,128.0536,-1.0149,-0.6838
2026-07-23T16:01:07.063,128.0566,-1.1324,-0.6838
2026-07-23T16:01:07.083,128.0599,-0.9953,-0.7229
2026-07-23T16:01:07.092,128.0726,-1.1519,-0.7621
2026-07-23T16:01:07.111,128.0923,-0.9561,-0.7033
2026-07-23T16:01:07.111,128.0923,-1.054,-0.8404
2026-07-23T16:01:07.123,128.1048,-0.9953,-0.7817
2026-07-23T16:01:07.143,128.1223,-0.9757,-0.8012
2026-07-23T16:01:07.143,128.1223,-0.917,-0.7621
2026-07-23T16:01:07.150,128.1384,-0.9561,-0.8208
2026-07-23T16:01:07.156,128.1533,-1.0345,-0.7425
2026-07-23T16:01:07.173,128.1572,-0.9561,-0.7817
2026-07-23T16:01:07.173,128.1821,-1.0736,-0.8208
2026-07-23T16:01:07.189,128.1863,-0.917,-0.8012
2026-07-23T16:01:07.189,128.1884,-0.9757,-0.8012
2026-07-23T16:01:07.211,128.1988,-0.8386,-0.8208
2026-07-23T16:01:07.218,128.2168,-0.9953,-0.8404
2026-07-23T16:01:07.237,128.2211,-0.917,-0.8208
2026-07-23T16:01:07.245,128.2238,-0.9757,-0.8208
2026-07-23T16:01:07.250,128.2417,-0.9365,-0.7621
2026-07-23T16:01:07.268,128.2522,-0.917,-0.8012
2026-07-23T16:01:07.275,128.2522,-0.8778,-0.8208
2026-07-23T16:01:07.290,128.2782,-0.8582,-0.86
2026-07-23T16:01:07.293,128.2782,-0.8386,-0.8208
2026-07-23T16:01:07.303,128.2782,-0.8974,-0.7817
2026-07-23T16:01:07.313,128.3041,-0.9561,-0.8012
2026-07-23T16:01:07.316,128.3098,-0.8191,-0.86
2026-07-23T16:01:07.329,128.3129,-0.9365,-0.8404
2026-07-23T16:01:07.345,128.3412,-0.8386,-0.8796
2026-07-23T16:01:07.355,128.3457,-0.917,-0.8012
2026-07-23T16:01:07.361,128.3486,-0.8386,-0.8796
2026-07-23T16:01:07.376,128.382,-0.9365,-0.8208
2026-07-23T16:01:07.383,128.3843,-0.8386,-0.8208
2026-07-23T16:01:07.396,128.3884,-0.8778,-0.8404
2026-07-23T16:01:07.399,128.3884,-0.7603,-0.8208
2026-07-23T16:01:07.423,128.4201,-0.7603,-0.8012
2026-07-23T16:01:07.423,128.4201,-0.682,-0.7817
2026-07-23T16:01:07.435,128.4265,-0.7407,-0.7817
2026-07-23T16:01:07.439,128.4289,-0.6428,-0.6642
2026-07-23T16:01:07.456,128.4514,-0.7212,-0.7621
2026-07-23T16:01:07.456,128.4638,-0.6233,-0.7621
2026-07-23T16:01:07.471,128.4675,-0.6233,-0.7621
2026-07-23T16:01:07.486,128.4739,-0.5254,-0.7817
2026-07-23T16:01:07.502,128.4994,-0.5058,-0.7229
2026-07-23T16:01:07.502,128.4994,-0.4274,-0.625
2026-07-23T16:01:07.518,128.5004,-0.3295,-0.7033
2026-07-23T16:01:07.525,128.5082,-0.447,-0.5663
2026-07-23T16:01:07.525,128.5323,-0.3687,-0.7033
2026-07-23T16:01:07.534,128.5365,-0.4666,-0.6446
2026-07-23T16:01:07.551,128.54,-0.4079,-0.5663
2026-07-23T16:01:07.559,128.546,-0.5449,-0.5859
2026-07-23T16:01:07.566,128.572,-0.3687,-0.5859
2026-07-23T16:01:07.583,128.5777,-0.5254,-0.5859
2026-07-23T16:01:07.597,128.5839,-0.3883,-0.6446
2026-07-23T16:01:07.605,128.6106,-0.4666,-0.7033
2026-07-23T16:01:07.621,128.6147,-0.3295,-0.6446
2026-07-23T16:01:07.629,128.6147,-0.447,-0.5859
2026-07-23T16:01:07.635,128.6147,-0.3491,-0.6054
2026-07-23T16:01:07.644,128.6466,-0.447,-0.7033
2026-07-23T16:01:07.649,128.6513,-0.3883,-0.6446
2026-07-23T16:01:07.665,128.6584,-0.4862,-0.7229
2026-07-23T16:01:07.673,128.6656,-0.3883,-0.6838
2026-07-23T16:01:07.678,128.6917,-0.447,-0.7425
2026-07-23T16:01:07.692,128.6989,-0.4079,-0.7033
2026-07-23T16:01:07.702,128.6989,-0.4862,-0.7621
2026-07-23T16:01:07.715,128.7084,-0.447,-0.6642
2026-07-23T16:01:07.732,128.7443,-0.447,-0.6446
2026-07-23T16:01:07.742,128.7443,-0.447,-0.625
2026-07-23T16:01:07.750,128.7518,-0.2904,-0.7621
2026-07-23T16:01:07.764,128.7555,-0.3883,-0.6838
2026-07-23T16:01:07.764,128.7555,-0.3295,-0.7229
2026-07-23T16:01:07.772,128.7941,-0.4079,-0.6642
2026-07-23T16:01:07.791,128.7941,-0.3295,-0.6446
2026-07-23T16:01:07.791,128.7941,-0.3491,-0.7033
2026-07-23T16:01:07.806,128.807,-0.2904,-0.6642
2026-07-23T16:01:07.811,128.8511,-0.2904,-0.6642
2026-07-23T16:01:07.825,128.8584,-0.1533,-0.6054
2026-07-23T16:01:07.841,128.862,-0.1925,-0.6054
2026-07-23T16:01:07.845,128.8653,-0.1729,-0.5663
2026-07-23T16:01:07.856,128.8744,-0.1533,-0.5467
2026-07-23T16:01:07.865,128.8848,-0.2121,-0.5859
2026-07-23T16:01:07.879,128.9096,-0.1729,-0.5859
2026-07-23T16:01:07.892,128.9276,-0.1729,-0.6446
2026-07-23T16:01:07.892,128.9296,-0.1142,-0.6054
2026-07-23T16:01:07.909,128.9322,-0.2512,-0.6054
2026-07-23T16:01:07.916,128.9322,-0.075,-0.7229
2026-07-23T16:01:07.925,128.9433,-0.2316,-0.5663
2026-07-23T16:01:07.936,128.9433,-0.075,-0.7229
2026-07-23T16:01:07.945,128.9851,-0.1925,-0.5859
2026-07-23T16:01:07.960,128.9888,-0.1142,-0.6642
2026-07-23T16:01:07.960,128.9919,-0.0554,-0.6054
2026-07-23T16:01:07.978,128.9989,0.0033,-0.6054
2026-07-23T16:01:07.983,128.9989,-0.075,-0.6054
2026-07-23T16:01:07.994,128.9989,0.1012,-0.5663
2026-07-23T16:01:08.008,129.0387,-0.075,-0.6446
2026-07-23T16:01:08.011,129.0455,0.0621,-0.6054
2026-07-23T16:01:08.024,129.0473,0.0033,-0.5663
2026-07-23T16:01:08.040,129.0521,0.16,-0.5663
2026-07-23T16:01:08.043,129.0549,0.1208,-0.5859
2026-07-23T16:01:08.050,129.0606,0.1796,-0.5271
2026-07-23T16:01:08.059,129.0937,0.1991,-0.488
2026-07-23T16:01:08.087,129.1022,0.2775,-0.4684
2026-07-23T16:01:08.090,129.1022,0.2187,-0.5075
2026-07-23T16:01:08.096,129.1022,0.297,-0.5075
2026-07-23T16:01:08.103,129.1156,0.3558,-0.5075
2026-07-23T16:01:08.116,129.1156,0.3166,-0.4684
2026-07-23T16:01:08.135,129.1473,0.3166,-0.488
2026-07-23T16:01:08.135,129.1599,0.3754,-0.4684
2026-07-23T16:01:08.151,129.1633,0.3754,-0.488
2026-07-23T16:01:08.153,129.1653,0.3754,-0.4292
2026-07-23T16:01:08.166,129.1769,0.5124,-0.4292
2026-07-23T16:01:08.166,129.1818,0.6103,-0.4292
2026-07-23T16:01:08.189,129.2216,0.767,-0.4488
2026-07-23T16:01:08.198,129.2216,0.8845,-0.3705
2026-07-23T16:01:08.198,129.2264,1.0411,-0.39
2026-07-23T16:01:08.216,129.2323,1.139,-0.4292
2026-07-23T16:01:08.228,129.2384,1.2173,-0.3705
2026-07-23T16:01:08.233,129.2426,1.4131,-0.4684
2026-07-23T16:01:08.233,129.2729,1.2957,-0.4096
2026-07-23T16:01:08.262,129.282,1.4523,-0.4292
2026-07-23T16:01:08.262,129.282,1.2957,-0.4292
2026-07-23T16:01:08.277,129.2904,1.4915,-0.4684
2026-07-23T16:01:08.283,129.2944,1.3152,-0.3705
2026-07-23T16:01:08.293,129.3011,1.4131,-0.5271
2026-07-23T16:01:08.311,129.3396,1.3152,-0.4488
2026-07-23T16:01:08.324,129.3431,1.3936,-0.488
2026-07-23T16:01:08.333,129.3467,1.2369,-0.4488
2026-07-23T16:01:08.333,129.3467,1.4719,-0.5075
2026-07-23T16:01:08.352,129.3534,1.3152,-0.4292
2026-07-23T16:01:08.352,129.3534,1.4523,-0.488
2026-07-23T16:01:08.375,129.3936,1.2761,-0.488
2026-07-23T16:01:08.375,129.3959,1.4719,-0.4292
2026-07-23T16:01:08.390,129.4008,1.2957,-0.5075
2026-07-23T16:01:08.390,129.4008,1.3936,-0.5075
2026-07-23T16:01:08.404,129.4055,1.1782,-0.5271
2026-07-23T16:01:08.413,129.438,1.3348,-0.4488
2026-07-23T16:01:08.422,129.4434,1.1586,-0.4684
2026-07-23T16:01:08.435,129.4481,1.2565,-0.4096
2026-07-23T16:01:08.447,129.453,1.1586,-0.5271
2026-07-23T16:01:08.456,129.4582,1.2173,-0.4684
2026-07-23T16:01:08.464,129.4602,1.139,-0.5075
2026-07-23T16:01:08.478,129.4953,1.1586,-0.4488
2026-07-23T16:01:08.489,129.4989,1.1782,-0.4488
2026-07-23T16:01:08.494,129.503,1.0999,-0.5663
2026-07-23T16:01:08.504,129.5122,1.0803,-0.488
2026-07-23T16:01:08.511,129.5137,1.1194,-0.488
2026-07-23T16:01:08.528,129.5439,1.0411,-0.5075
2026-07-23T16:01:08.530,129.5554,0.9824,-0.488
2026-07-23T16:01:08.550,129.5625,0.9628,-0.4096
2026-07-23T16:01:08.554,129.5625,0.9824,-0.4096
2026-07-23T16:01:08.563,129.5655,0.9824,-0.3705
2026-07-23T16:01:08.567,129.599,0.904,-0.39
2026-07-23T16:01:08.595,129.6068,0.9236,-0.4096
2026-07-23T16:01:08.595,129.6068,0.8453,-0.2921
2026-07-23T16:01:08.595,129.6068,0.7474,-0.3117
2026-07-23T16:01:08.616,129.6227,0.7866,-0.3705
2026-07-23T16:01:08.625,129.6227,0.6887,-0.2334
2026-07-23T16:01:08.650,129.6607,0.767,-0.3313
2026-07-23T16:01:08.650,129.6607,0.6887,-0.2726
2026-07-23T16:01:08.650,129.6607,0.8257,-0.2726
2026-07-23T16:01:08.658,129.6717,0.6691,-0.2726
2026-07-23T16:01:08.673,129.6783,0.904,-0.2726
2026-07-23T16:01:08.683,129.726,0.6495,-0.2726
2026-07-23T16:01:08.700,129.7321,0.8649,-0.3117
2026-07-23T16:01:08.711,129.7392,0.6691,-0.2726
2026-07-23T16:01:08.711,129.7392,0.8845,-0.3117
2026-07-23T16:01:08.727,129.7513,0.767,-0.3117
2026-07-23T16:01:08.734,129.7588,0.904,-0.253
2026-07-23T16:01:08.746,129.7952,0.767,-0.2334
2026-07-23T16:01:08.764,129.7972,1.0019,-0.1942
2026-07-23T16:01:08.764,129.7987,0.8061,-0.253
2026-07-23T16:01:08.783,129.8035,0.9628,-0.253
2026-07-23T16:01:08.790,129.8075,0.8257,-0.3509
2026-07-23T16:01:08.797,129.8148,1.0215,-0.2138
2026-07-23T16:01:08.810,129.8173,0.7866,-0.253
2026-07-23T16:01:08.824,129.8587,0.8257,-0.2334
2026-07-23T16:01:08.831,129.8658,0.7082,-0.253
2026-07-23T16:01:08.831,129.8678,0.7866,-0.1355
2026-07-23T16:01:08.846,129.8745,0.6103,-0.1551
2026-07-23T16:01:08.854,129.8817,0.7278,-0.1551
2026-07-23T16:01:08.873,129.8889,0.7278,-0.1747
2026-07-23T16:01:08.873,129.8889,0.6887,-0.0963
2026-07-23T16:01:08.886,129.9256,0.7082,-0.1159
2026-07-23T16:01:08.898,129.9277,0.7474,-0.1942
2026-07-23T16:01:08.907,129.9323,0.6887,-0.0963
2026-07-23T16:01:08.923,129.9363,0.7474,-0.0963
2026-07-23T16:01:08.925,129.9394,0.767,-0.1355
2026-07-23T16:01:08.944,129.9506,0.7866,-0.1355
2026-07-23T16:01:08.944,129.9552,0.6887,-0.0963
2026-07-23T16:01:08.971,129.9968,0.8061,-0.1747
2026-07-23T16:01:08.971,129.9968,0.7278,-0.1159
2026-07-23T16:01:08.978,129.9988,0.8453,-0.2138
2026-07-23T16:01:08.983,130.0069,0.7866,-0.1551
2026-07-23T16:01:09.001,130.0169,0.8649,-0.2334
2026-07-23T16:01:09.004,130.0189,0.767,-0.1551
2026-07-23T16:01:09.036,130.061,0.9824,-0.1747
2026-07-23T16:01:09.038,130.0646,0.767,-0.1747
2026-07-23T16:01:09.038,130.0656,0.9628,-0.0572
2026-07-23T16:01:09.046,130.0716,0.8061,-0.0572
2026-07-23T16:01:09.060,130.0813,0.9824,-0.1159
2026-07-23T16:01:09.076,130.0813,0.7866,-0.1551
2026-07-23T16:01:09.076,130.088,0.9628,-0.1355
2026-07-23T16:01:09.100,130.1236,0.8257,-0.1159
2026-07-23T16:01:09.100,130.1273,1.0215,0.0016
2026-07-23T16:01:09.100,130.1273,0.8453,-0.1747
2026-07-23T16:01:09.112,130.1321,1.0215,-0.1747
2026-07-23T16:01:09.127,130.1321,0.8453,-0.1355
2026-07-23T16:01:09.139,130.1459,1.0411,-0.1551
2026-07-23T16:01:09.139,130.1479,0.9432,-0.2138
2026-07-23T16:01:09.155,130.181,1.0215,-0.1159
2026-07-23T16:01:09.162,130.181,1.0215,-0.1747
2026-07-23T16:01:09.178,130.1905,1.0803,-0.1159
2026-07-23T16:01:09.183,130.1915,1.0215,-0.1551
2026-07-23T16:01:09.194,130.1991,1.0803,-0.1159
2026-07-23T16:01:09.202,130.2372,1.0607,-0.1942
2026-07-23T16:01:09.226,130.2372,1.1586,-0.1159
2026-07-23T16:01:09.226,130.2461,1.0607,-0.0768
2026-07-23T16:01:09.232,130.2485,1.139,-0.0376
2026-07-23T16:01:09.242,130.2547,1.0999,-0.1159
2026-07-23T16:01:09.250,130.2611,1.1782,-0.0768
2026-07-23T16:01:09.269,130.2912,1.2369,-0.018
2026-07-23T16:01:09.283,130.296,1.2565,0.0799
2026-07-23T16:01:09.283,130.2987,1.2565,0.1386
2026-07-23T16:01:09.297,130.3062,1.3152,0.217
2026-07-23T16:01:09.310,130.3142,1.2957,0.2561
2026-07-23T16:01:09.315,130.32,1.3936,0.1582
2026-07-23T16:01:09.335,130.3516,1.2369,0.2561
2026-07-23T16:01:09.335,130.3516,1.4523,0.1582
2026-07-23T16:01:09.349,130.3611,1.3348,0.2365
2026-07-23T16:01:09.365,130.3673,1.609,0.1974
2026-07-23T16:01:09.371,130.3712,1.4719,0.1974
2026-07-23T16:01:09.373,130.4052,1.7656,0.217
2026-07-23T16:01:09.397,130.4087,1.609,0.1778
2026-07-23T16:01:09.397,130.4107,1.8243,0.1974
2026-07-23T16:01:09.409,130.4173,1.7069,0.217
2026-07-23T16:01:09.418,130.4173,1.8048,0.2757
2026-07-23T16:01:09.422,130.4264,1.6481,0.2561
2026-07-23T16:01:09.437,130.4588,1.8243,0.2561
2026-07-23T16:01:09.450,130.4613,1.5306,0.2561
2026-07-23T16:01:09.456,130.4653,1.8243,0.3149
2026-07-23T16:01:09.468,130.4653,1.5502,0.2757
2026-07-23T16:01:09.468,130.4743,1.746,0.2561
2026-07-23T16:01:09.483,130.5083,1.609,0.1974
2026-07-23T16:01:09.498,130.5083,1.7069,0.1974
2026-07-23T16:01:09.498,130.5146,1.609,0.2561
2026-07-23T16:01:09.516,130.5146,1.6285,0.217
2026-07-23T16:01:09.525,130.5292,1.5698,0.1778
2026-07-23T16:01:09.525,130.5292,1.609,0.2365
2026-07-23T16:01:09.550,130.5613,1.6481,0.2365
2026-07-23T16:01:09.550,130.5613,1.5698,0.2365
2026-07-23T16:01:09.565,130.5685,1.5306,0.1778
2026-07-23T16:01:09.578,130.569,1.5698,0.2561
2026-07-23T16:01:09.588,130.6002,1.5306,0.217
2026-07-23T16:01:09.598,130.6002,1.5698,0.2757
2026-07-23T16:01:09.607,130.6002,1.609,0.2953
2026-07-23T16:01:09.616,130.6191,1.609,0.217
2026-07-23T16:01:09.628,130.6235,1.6481,0.2953
2026-07-23T16:01:09.640,130.6476,1.6873,0.2757
2026-07-23T16:01:09.642,130.6528,1.5502,0.3736
2026-07-23T16:01:09.667,130.6612,1.7069,0.2757
2026-07-23T16:01:09.670,130.6643,1.5698,0.3932
2026-07-23T16:01:09.677,130.6659,1.7069,0.2953
2026-07-23T16:01:09.684,130.6816,1.5698,0.354
2026-07-23T16:01:09.691,130.6952,1.746,0.2757
2026-07-23T16:01:09.704,130.6988,1.5502,0.3344
2026-07-23T16:01:09.715,130.7071,1.7264,0.3344
2026-07-23T16:01:09.730,130.7406,1.5306,0.3149
2026-07-23T16:01:09.732,130.7446,1.7069,0.2365
2026-07-23T16:01:09.746,130.747,1.4523,0.3736
2026-07-23T16:01:09.758,130.75,1.7069,0.2757
2026-07-23T16:01:09.764,130.7762,1.4523,0.2561
2026-07-23T16:01:09.783,130.7816,1.6285,0.2561
2026-07-23T16:01:09.789,130.7816,1.4523,0.2365
2026-07-23T16:01:09.798,130.7903,1.6285,0.2757
2026-07-23T16:01:09.801,130.7903,1.3936,0.0211
2026-07-23T16:01:09.817,130.8228,1.6481,0.2365
2026-07-23T16:01:09.817,130.8228,1.4523,0.1974
2026-07-23T16:01:09.832,130.8323,1.609,0.2953
2026-07-23T16:01:09.841,130.8385,1.4131,0.2561
2026-07-23T16:01:09.857,130.8615,1.5502,0.2757
2026-07-23T16:01:09.857,130.8615,1.4915,0.1974
2026-07-23T16:01:09.874,130.8656,1.609,0.354
2026-07-23T16:01:09.889,130.8699,1.6285,0.2953
2026-07-23T16:01:09.899,130.8989,1.5698,0.2953
2026-07-23T16:01:09.905,130.9015,1.5306,0.2365
2026-07-23T16:01:09.912,130.9015,1.5306,0.354
2026-07-23T16:01:09.921,130.9015,1.5306,0.2757
2026-07-23T16:01:09.921,130.9334,1.609,0.3736
2026-07-23T16:01:09.941,130.9388,1.5306,0.354
2026-07-23T16:01:09.952,130.9494,1.5894,0.3149
2026-07-23T16:01:09.966,130.9494,1.609,0.4128
2026-07-23T16:01:09.968,130.9733,1.5698,0.3149
2026-07-23T16:01:09.982,130.9733,1.6481,0.3736
2026-07-23T16:01:09.999,130.9815,1.5698,0.3932
2026-07-23T16:01:10.000,130.9815,1.6285,0.4128
2026-07-23T16:01:10.020,131.015,1.6481,0.3344
2026-07-23T16:01:10.024,131.0173,1.5894,0.4323
2026-07-23T16:01:10.032,131.0173,1.6873,0.354
2026-07-23T16:01:10.032,131.0486,1.5894,0.4323
2026-07-23T16:01:10.050,131.0527,1.6873,0.3736
2026-07-23T16:01:10.068,131.0567,1.5502,0.4911
2026-07-23T16:01:10.068,131.0586,1.7069,0.3149
2026-07-23T16:01:10.083,131.076,1.5698,0.4128
2026-07-23T16:01:10.083,131.076,1.6677,0.3736
2026-07-23T16:01:10.103,131.0917,1.5306,0.3932
2026-07-23T16:01:10.113,131.1197,1.7264,0.3932
2026-07-23T16:01:10.127,131.1254,1.511,0.354
2026-07-23T16:01:10.127,131.1254,1.6677,0.5694
2026-07-23T16:01:10.143,131.1254,1.511,0.3736
2026-07-23T16:01:10.159,131.1567,1.7264,0.3932
2026-07-23T16:01:10.159,131.1619,1.5306,0.4323
2026-07-23T16:01:10.176,131.1675,1.7656,0.4715
2026-07-23T16:01:10.183,131.1675,1.6285,0.4323
2026-07-23T16:01:10.200,131.1952,1.8243,0.4519
2026-07-23T16:01:10.200,131.1952,1.6285,0.3344
2026-07-23T16:01:10.218,131.2018,1.7656,0.4323
2026-07-23T16:01:10.221,131.2323,1.7656,0.4128
2026-07-23T16:01:10.237,131.2333,1.7656,0.5107
2026-07-23T16:01:10.246,131.2333,1.8243,0.354
2026-07-23T16:01:10.256,131.2333,1.7656,0.4519
2026-07-23T16:01:10.270,131.2721,1.7656,0.4128
2026-07-23T16:01:10.280,131.2721,1.8048,0.4911
2026-07-23T16:01:10.284,131.2794,1.7852,0.4715
2026-07-23T16:01:10.284,131.2812,1.8243,0.4715
2026-07-23T16:01:10.300,131.313,1.8635,0.589
2026-07-23T16:01:10.316,131.313,1.9027,0.5107
2026-07-23T16:01:10.323,131.313,1.8635,0.5107
2026-07-23T16:01:10.337,131.313,1.8635,0.5302
2026-07-23T16:01:10.337,131.3496,1.9027,0.5498
2026-07-23T16:01:10.358,131.3602,2.0006,0.5107
2026-07-23T16:01:10.364,131.3658,1.9614,0.5302
2026-07-23T16:01:10.364,131.3699,1.981,0.5107
2026-07-23T16:01:10.383,131.3987,1.9614,0.5302
2026-07-23T16:01:10.398,131.4058,2.0201,0.6477
2026-07-23T16:01:10.400,131.4058,1.9222,0.589
2026-07-23T16:01:10.417,131.4058,2.0397,0.6086
2026-07-23T16:01:10.428,131.45,1.9614,0.6477
2026-07-23T16:01:10.441,131.4533,2.0397,0.589
2026-07-23T16:01:10.450,131.4583,1.9614,0.6282
2026-07-23T16:01:10.457,131.4624,2.0985,0.6086
2026-07-23T16:01:10.457,131.4654,1.9027,0.6086
2026-07-23T16:01:10.488,131.5008,2.0985,0.6282
2026-07-23T16:01:10.488,131.5055,1.9027,0.6086
2026-07-23T16:01:10.496,131.5096,2.0201,0.6282
2026-07-23T16:01:10.509,131.5166,1.9418,0.5302
2026-07-23T16:01:10.519,131.5225,2.0397,0.6869
2026-07-23T16:01:10.536,131.5599,1.8635,0.5694
2026-07-23T16:01:10.536,131.5624,2.0201,0.589
2026-07-23T16:01:10.536,131.5638,1.8831,0.5302
2026-07-23T16:01:10.562,131.5743,1.981,0.5498
2026-07-23T16:01:10.573,131.5822,1.9027,0.5107
2026-07-23T16:01:10.578,131.5822,1.9027,0.5107
2026-07-23T16:01:10.590,131.6263,1.9027,0.4519
2026-07-23T16:01:10.601,131.6326,1.9614,0.5302
2026-07-23T16:01:10.601,131.6354,1.9222,0.4128
2026-07-23T16:01:10.630,131.6461,1.8831,0.5498
2026-07-23T16:01:10.633,131.6461,1.9027,0.4519
2026-07-23T16:01:10.633,131.6544,1.9027,0.4715
2026-07-23T16:01:10.656,131.6923,1.9418,0.4911
2026-07-23T16:01:10.671,131.6923,1.7852,0.4128
2026-07-23T16:01:10.671,131.6923,1.8635,0.4911
2026-07-23T16:01:10.671,131.6923,1.7852,0.4128
2026-07-23T16:01:10.686,131.7053,1.9418,0.4519
2026-07-23T16:01:10.697,131.7101,1.8243,0.4128
2026-07-23T16:01:10.705,131.7101,1.9614,0.5107
2026-07-23T16:01:10.716,131.7524,1.9614,0.4715
2026-07-23T16:01:10.733,131.7626,1.981,0.5694
2026-07-23T16:01:10.733,131.7626,1.9614,0.5107
2026-07-23T16:01:10.743,131.7681,1.9418,0.5694
2026-07-23T16:01:10.761,131.7681,2.0593,0.4519
2026-07-23T16:01:10.772,131.7815,1.981,0.5302
2026-07-23T16:01:10.772,131.81,2.0789,0.5107
2026-07-23T16:01:10.791,131.8187,1.9614,0.5694
2026-07-23T16:01:10.791,131.8187,2.216,0.5302
2026-07-23T16:01:10.803,131.8187,2.1181,0.5694
2026-07-23T16:01:10.813,131.8267,2.216,0.6282
2026-07-23T16:01:10.819,131.8313,2.1964,0.589
2026-07-23T16:01:10.835,131.8627,2.2747,0.6673
2026-07-23T16:01:10.851,131.8685,2.2747,0.6282
2026-07-23T16:01:10.858,131.8685,2.353,0.6869
2026-07-23T16:01:10.870,131.8814,2.2355,0.6673
2026-07-23T16:01:10.878,131.8814,2.353,0.7261
2026-07-23T16:01:10.887,131.8945,2.2551,0.7065
2026-07-23T16:01:10.913,131.9265,2.4901,0.7652
2026-07-23T16:01:10.913,131.9265,2.3922,0.7065
2026-07-23T16:01:10.919,131.933,2.5097,0.7848
2026-07-23T16:01:10.932,131.933,2.5292,0.7652
2026-07-23T16:01:10.932,131.9395,2.5097,0.8435
2026-07-23T16:01:10.950,131.9446,2.5097,0.824
2026-07-23T16:01:10.963,131.9745,2.3922,0.8631
2026-07-23T16:01:10.963,131.9745,2.5292,0.8044
2026-07-23T16:01:10.977,131.9924,2.5488,0.7848
2026-07-23T16:01:10.984,131.9956,2.6272,0.8631
2026-07-23T16:01:10.995,132.0012,2.6076,0.8827
2026-07-23T16:01:11.009,132.0218,2.7251,0.8827
2026-07-23T16:01:11.016,132.0375,2.7446,0.961
2026-07-23T16:01:11.025,132.0409,2.7838,1.0393
2026-07-23T16:01:11.043,132.0409,2.7446,0.9806
2026-07-23T16:01:11.043,132.0409,2.823,1.0002
2026-07-23T16:01:11.052,132.0577,2.7838,1.0198
2026-07-23T16:01:11.057,132.0853,2.9013,1.0198
2026-07-23T16:01:11.073,132.0853,2.8425,0.961
2026-07-23T16:01:11.088,132.0853,2.9209,1.0785
2026-07-23T16:01:11.092,132.1013,2.8621,0.961
2026-07-23T16:01:11.108,132.1108,2.9209,1.0393
2026-07-23T16:01:11.116,132.1439,2.9209,1.0981
2026-07-23T16:01:11.120,132.1482,2.9209,1.0393
2026-07-23T16:01:11.136,132.1521,2.96,1.0393
2026-07-23T16:01:11.152,132.1555,2.9992,1.0393
2026-07-23T16:01:11.165,132.1555,3.0383,1.0393
2026-07-23T16:01:11.165,132.1629,2.9209,1.0981
2026-07-23T16:01:11.183,132.2009,2.9992,1.0002
2026-07-23T16:01:11.183,132.2009,3.0188,1.0589
2026-07-23T16:01:11.199,132.2009,3.0579,1.0589
2026-07-23T16:01:11.206,132.2067,2.9404,1.0589
2026-07-23T16:01:11.215,132.2387,2.9992,1.0198
2026-07-23T16:01:11.216,132.2425,2.9209,1.0393
2026-07-23T16:01:11.234,132.2468,3.0188,1.0393
2026-07-23T16:01:11.246,132.2501,2.9796,0.9806
2026-07-23T16:01:11.258,132.2526,3.0971,1.0198
2026-07-23T16:01:11.262,132.2582,3.0775,1.0002
2026-07-23T16:01:11.283,132.2903,3.0971,1.0589
2026-07-23T16:01:11.283,132.2903,3.0579,1.0785
2026-07-23T16:01:11.293,132.2992,3.0971,1.1177
2026-07-23T16:01:11.309,132.3081,3.0971,1.0981
2026-07-23T16:01:11.314,132.3344,3.0579,1.0589
2026-07-23T16:01:11.325,132.3408,3.1754,1.0198
2026-07-23T16:01:11.325,132.345,3.1363,1.0393
2026-07-23T16:01:11.341,132.345,3.195,1.0589
2026-07-23T16:01:11.359,132.3539,3.0775,1.0785
2026-07-23T16:01:11.373,132.3699,3.2733,1.0785
2026-07-23T16:01:11.373,132.3857,3.1363,1.1568
2026-07-23T16:01:11.383,132.3891,3.2929,1.0981
2026-07-23T16:01:11.396,132.3916,3.2146,1.1373
2026-07-23T16:01:11.405,132.3976,3.3516,1.0981
2026-07-23T16:01:11.417,132.426,3.1363,1.0785
2026-07-23T16:01:11.421,132.4286,3.2146,1.1568
2026-07-23T16:01:11.436,132.4286,3.1754,1.0589
2026-07-23T16:01:11.453,132.4371,3.2342,1.1373
2026-07-23T16:01:11.453,132.4534,3.0971,1.0198
2026-07-23T16:01:11.470,132.4655,3.2342,1.0785
2026-07-23T16:01:11.477,132.4685,3.1363,1.0002
2026-07-23T16:01:11.488,132.4748,3.195,1.0393
2026-07-23T16:01:11.488,132.5018,3.0971,1.0198
2026-07-23T16:01:11.504,132.5018,3.0775,1.0393
2026-07-23T16:01:11.516,132.5131,3.1167,1.0785
2026-07-23T16:01:11.526,132.5166,3.0775,1.0198
2026-07-23T16:01:11.548,132.5458,3.1363,0.961
2026-07-23T16:01:11.550,132.5497,3.0188,1.0002
2026-07-23T16:01:11.564,132.5538,3.0775,0.9806
2026-07-23T16:01:11.564,132.5538,3.0383,1.0198
2026-07-23T16:01:11.580,132.5774,3.0188,1.0002
2026-07-23T16:01:11.583,132.5774,2.9992,0.9219
2026-07-23T16:01:11.601,132.5962,3.0188,0.9414
2026-07-23T16:01:11.605,132.6001,2.96,0.8827
2026-07-23T16:01:11.617,132.6325,3.0775,0.9023
2026-07-23T16:01:11.628,132.6397,2.9992,0.9023
2026-07-23T16:01:11.628,132.6417,3.0383,0.9414
2026-07-23T16:01:11.647,132.6437,2.9209,0.9414
2026-07-23T16:01:11.651,132.6437,3.0188,0.9806
2026-07-23T16:01:11.667,132.6724,2.96,0.9219
2026-07-23T16:01:11.676,132.6835,2.96,0.9806
2026-07-23T16:01:11.690,132.6874,3.0775,0.9414
2026-07-23T16:01:11.694,132.6874,2.96,0.9806
2026-07-23T16:01:11.707,132.7198,3.0579,0.961
2026-07-23T16:01:11.723,132.7251,2.9209,1.0198
2026-07-23T16:01:11.723,132.7251,3.0188,0.9414
2026-07-23T16:01:11.738,132.7348,2.8817,0.9219
2026-07-23T16:01:11.745,132.7397,2.9404,0.8631
2026-07-23T16:01:11.754,132.7673,2.8621,0.8827
2026-07-23T16:01:11.754,132.7673,3.0383,0.8827
2026-07-23T16:01:11.776,132.7814,2.8817,0.9414
2026-07-23T16:01:11.786,132.7876,3.0579,0.9414
2026-07-23T16:01:11.801,132.8171,2.96,0.961
2026-07-23T16:01:11.811,132.8211,3.1558,1.0002
2026-07-23T16:01:11.818,132.8258,3.0579,1.0002
2026-07-23T16:01:11.818,132.8284,3.3321,1.0589
2026-07-23T16:01:11.838,132.8324,3.0579,1.0002
2026-07-23T16:01:11.850,132.8639,3.2537,1.0981
2026-07-23T16:01:11.864,132.8679,3.195,1.0981
2026-07-23T16:01:11.868,132.8679,3.2929,1.196
2026-07-23T16:01:11.877,132.8802,3.2342,1.1764
2026-07-23T16:01:11.883,132.8802,3.3321,1.2156
2026-07-23T16:01:11.906,132.9336,3.3908,1.1568
2026-07-23T16:01:11.912,132.9336,3.3516,1.2547
2026-07-23T16:01:11.919,132.9367,3.3712,1.1764
2026-07-23T16:01:11.927,132.9408,3.4691,1.1764
2026-07-23T16:01:11.943,132.9408,3.4691,1.2939
2026-07-23T16:01:11.943,132.9408,3.4495,1.2352
2026-07-23T16:01:11.960,132.9753,3.4495,1.3135
2026-07-23T16:01:11.960,132.9834,3.5083,1.2939
2026-07-23T16:01:11.974,132.9834,3.5083,1.3722
2026-07-23T16:01:11.984,132.9913,3.5083,1.2939
2026-07-23T16:01:11.992,132.9991,3.6062,1.3918
2026-07-23T16:01:11.992,133.0078,3.5474,1.4114
2026-07-23T16:01:12.016,133.0348,3.5866,1.3722
2026-07-23T16:01:12.026,133.0348,3.4887,1.3526
2026-07-23T16:01:12.034,133.0348,3.4495,1.3526
2026-07-23T16:01:12.059,133.0508,3.4887,1.3135
2026-07-23T16:01:12.059,133.0508,3.4691,1.3526
2026-07-23T16:01:12.070,133.0798,3.5474,1.2743
2026-07-23T16:01:12.083,133.0828,3.4104,1.3722
2026-07-23T16:01:12.086,133.0828,3.6062,1.3135
2026-07-23T16:01:12.102,133.0828,3.4887,1.3135
2026-07-23T16:01:12.102,133.0828,3.6062,1.2939
2026-07-23T16:01:12.118,133.1145,3.4691,1.3722
2026-07-23T16:01:12.118,133.1145,3.6062,1.3331
2026-07-23T16:01:12.134,133.1295,3.4887,1.3331
2026-07-23T16:01:12.149,133.1369,3.6845,1.3331
2026-07-23T16:01:12.165,133.1657,3.6454,1.3135
2026-07-23T16:01:12.165,133.1657,3.5866,1.3526
2026-07-23T16:01:12.165,133.1694,3.4495,1.3135
2026-07-23T16:01:12.188,133.1783,3.6258,1.3135
2026-07-23T16:01:12.197,133.2067,3.4691,1.3722
2026-07-23T16:01:12.207,133.2099,3.5866,1.3135
2026-07-23T16:01:12.216,133.2185,3.4691,1.2352
2026-07-23T16:01:12.229,133.2225,3.6062,1.3722
2026-07-23T16:01:12.235,133.2414,3.6649,1.2939
2026-07-23T16:01:12.250,133.2522,3.6258,1.2743
2026-07-23T16:01:12.261,133.2569,3.5279,1.3135
2026-07-23T16:01:12.268,133.2569,3.5474,1.2743
2026-07-23T16:01:12.275,133.2628,3.4495,1.1764
2026-07-23T16:01:12.292,133.2727,3.5279,1.2352
2026-07-23T16:01:12.292,133.2883,3.4104,1.1764
2026-07-23T16:01:12.308,133.2883,3.4495,1.2939
2026-07-23T16:01:12.320,133.32,3.4495,1.3135
2026-07-23T16:01:12.323,133.3222,3.5083,1.196
2026-07-23T16:01:12.339,133.3222,3.5083,1.2547
2026-07-23T16:01:12.348,133.3343,3.5474,1.2352
2026-07-23T16:01:12.355,133.3574,3.5474,1.3135
2026-07-23T16:01:12.360,133.3601,3.5083,1.1373
2026-07-23T16:01:12.373,133.3676,3.6258,1.2547
2026-07-23T16:01:12.387,133.3709,3.5083,1.2352
2026-07-23T16:01:12.395,133.3928,3.567,1.2743
2026-07-23T16:01:12.408,133.4023,3.6062,1.196
2026-07-23T16:01:12.418,133.405,3.5083,1.2156
2026-07-23T16:01:12.429,133.4343,3.6258,1.1764
2026-07-23T16:01:12.442,133.4343,3.4691,1.2939
2026-07-23T16:01:12.451,133.4343,3.7041,1.1764
2026-07-23T16:01:12.461,133.4491,3.4887,1.2156
2026-07-23T16:01:12.463,133.478,3.6258,1.3135
2026-07-23T16:01:12.481,133.4885,3.4691,1.2547
2026-07-23T16:01:12.485,133.4937,3.7433,1.2352
2026-07-23T16:01:12.497,133.4937,3.5083,1.2939
2026-07-23T16:01:12.527,133.5291,3.7433,1.196
2026-07-23T16:01:12.529,133.5315,3.5083,1.2547
2026-07-23T16:01:12.529,133.5325,3.6845,1.2939
2026-07-23T16:01:12.539,133.5346,3.4691,1.3135
2026-07-23T16:01:12.544,133.5409,3.7237,1.3135
2026-07-23T16:01:12.550,133.566,3.5474,1.2939
2026-07-23T16:01:12.560,133.566,3.7628,1.3331
2026-07-23T16:01:12.577,133.5758,3.567,1.3526
2026-07-23T16:01:12.585,133.5803,3.7237,1.3526
2026-07-23T16:01:12.595,133.6038,3.6258,1.2939
2026-07-23T16:01:12.610,133.6038,3.7237,1.4897
2026-07-23T16:01:12.617,133.6038,3.6845,1.2743
2026-07-23T16:01:12.631,133.627,3.6454,1.4114
2026-07-23T16:01:12.635,133.627,3.6258,1.2939
2026-07-23T16:01:12.643,133.6549,3.7041,1.3526
2026-07-23T16:01:12.655,133.6606,3.6258,1.3135
2026-07-23T16:01:12.678,133.6656,3.6649,1.3722
2026-07-23T16:01:12.678,133.6666,3.6258,1.4505
2026-07-23T16:01:12.683,133.6916,3.6649,1.3918
2026-07-23T16:01:12.702,133.6949,3.6258,1.3135
2026-07-23T16:01:12.711,133.699,3.7433,1.2156
2026-07-23T16:01:12.717,133.699,3.7433,1.3331
2026-07-23T16:01:12.735,133.7265,3.6845,1.2939
2026-07-23T16:01:12.735,133.7265,3.7041,1.3135
2026-07-23T16:01:12.750,133.7323,3.6845,1.2743
2026-07-23T16:01:12.750,133.7323,3.6845,1.3135
2026-07-23T16:01:12.765,133.7616,3.7237,1.2939
2026-07-23T16:01:12.777,133.7682,3.6062,1.3331
2026-07-23T16:01:12.783,133.7722,3.7433,1.2743
2026-07-23T16:01:12.797,133.7992,3.5866,1.2939
2026-07-23T16:01:12.798,133.7992,3.7433,1.3135
2026-07-23T16:01:12.823,133.8096,3.567,1.2939
2026-07-23T16:01:12.823,133.8121,3.802,1.2743
2026-07-23T16:01:12.844,133.8409,3.6258,1.2939
2026-07-23T16:01:12.850,133.8438,3.8999,1.2743
2026-07-23T16:01:12.860,133.8438,3.567,1.3722
2026-07-23T16:01:12.863,133.8438,3.802,1.3722
2026-07-23T16:01:12.883,133.8773,3.567,1.2939
2026-07-23T16:01:12.892,133.8773,3.7041,1.2547
2026-07-23T16:01:12.895,133.8773,3.5866,1.2547
2026-07-23T16:01:12.908,133.9044,3.7628,1.2939
2026-07-23T16:01:12.916,133.9227,3.6454,1.1764
2026-07-23T16:01:12.928,133.9227,3.7628,1.196
2026-07-23T16:01:12.940,133.932,3.4887,1.1764
2026-07-23T16:01:12.950,133.9574,3.7628,1.2352
2026-07-23T16:01:12.955,133.9599,3.4495,1.2547
2026-07-23T16:01:12.955,133.9657,3.7041,1.2743
2026-07-23T16:01:12.983,133.9705,3.5474,1.2156
2026-07-23T16:01:12.983,133.9832,3.7628,1.3135
2026-07-23T16:01:13.002,133.9991,3.5866,1.2156
2026-07-23T16:01:13.008,134.0044,3.6649,1.2547
2026-07-23T16:01:13.018,134.0044,3.6258,1.2156
2026-07-23T16:01:13.034,134.0427,3.6649,1.2547
2026-07-23T16:01:13.034,134.0427,3.6454,1.1568
2026-07-23T16:01:13.055,134.0506,3.6845,1.3135
2026-07-23T16:01:13.055,134.0506,3.6845,1.2156
2026-07-23T16:01:13.073,134.0825,3.6845,1.2547
2026-07-23T16:01:13.073,134.0836,3.6258,1.2352
2026-07-23T16:01:13.087,134.0897,3.6845,1.2743
2026-07-23T16:01:13.099,134.0897,3.6454,1.2547
2026-07-23T16:01:13.107,134.0934,3.6454,1.2352
2026-07-23T16:01:13.117,134.1248,3.6845,1.3135
2026-07-23T16:01:13.129,134.1288,3.7237,1.2939
2026-07-23T16:01:13.140,134.1323,3.6454,1.3722
2026-07-23T16:01:13.144,134.1348,3.7237,1.2939
2026-07-23T16:01:13.156,134.166,3.6454,1.4114
2026-07-23T16:01:13.160,134.1703,3.7237,1.3526
2026-07-23T16:01:13.186,134.1723,3.7041,1.3722
2026-07-23T16:01:13.186,134.1794,3.7433,1.3135
2026-07-23T16:01:13.198,134.2041,3.6845,1.3918
2026-07-23T16:01:13.211,134.21,3.8412,1.3135
2026-07-23T16:01:13.221,134.2145,3.6258,1.3526
2026-07-23T16:01:13.223,134.2165,3.8412,1.3331
2026-07-23T16:01:13.233,134.2352,3.567,1.3331
2026-07-23T16:01:13.250,134.2496,3.8216,1.3135
2026-07-23T16:01:13.255,134.2511,3.6454,1.3722
2026-07-23T16:01:13.267,134.2511,3.7628,1.2939
2026-07-23T16:01:13.281,134.2831,3.6258,1.3331
2026-07-23T16:01:13.286,134.2888,3.8412,1.3526
2026-07-23T16:01:13.294,134.2888,3.7041,1.3526
2026-07-23T16:01:13.315,134.2996,3.8999,1.3526
2026-07-23T16:01:13.316,134.3148,3.6454,1.3331
2026-07-23T16:01:13.319,134.3307,3.8803,1.3722
2026-07-23T16:01:13.340,134.3323,3.6649,1.2743
2026-07-23T16:01:13.350,134.3323,3.8412,1.3722
2026-07-23T16:01:13.366,134.3628,3.6649,1.3722
2026-07-23T16:01:13.366,134.3628,3.8216,1.4114
2026-07-23T16:01:13.380,134.3659,3.7041,1.3135
2026-07-23T16:01:13.383,134.3695,3.8216,1.4114
2026-07-23T16:01:13.403,134.3959,3.7824,1.3526
2026-07-23T16:01:13.403,134.3992,3.7041,1.4505
2026-07-23T16:01:13.417,134.3992,3.802,1.3722
2026-07-23T16:01:13.429,134.4279,3.8803,1.431
2026-07-23T16:01:13.429,134.4306,3.8607,1.431
2026-07-23T16:01:13.450,134.4354,3.8803,1.4701
2026-07-23T16:01:13.450,134.4411,3.8607,1.3918
2026-07-23T16:01:13.467,134.4659,3.8803,1.431
2026-07-23T16:01:13.479,134.4659,3.9195,1.4897
2026-07-23T16:01:13.492,134.4725,3.9195,1.3722
2026-07-23T16:01:13.492,134.4994,3.9195,1.4114
2026-07-23T16:01:13.508,134.4994,3.8803,1.431
2026-07-23T16:01:13.517,134.5038,3.9195,1.4505
2026-07-23T16:01:13.524,134.5038,4.0174,1.431
2026-07-23T16:01:13.539,134.5327,3.9586,1.4505
2026-07-23T16:01:13.550,134.5359,4.0174,1.4897
2026-07-23T16:01:13.555,134.5359,3.9195,1.5093
2026-07-23T16:01:13.571,134.5656,4.0565,1.4505
2026-07-23T16:01:13.571,134.5693,3.9978,1.568
2026-07-23T16:01:13.587,134.5743,4.0761,1.5484
2026-07-23T16:01:13.595,134.5793,3.9195,1.6268
2026-07-23T16:01:13.611,134.6023,4.1153,1.431
2026-07-23T16:01:13.619,134.6023,3.9195,1.5289
2026-07-23T16:01:13.630,134.615,4.0761,1.4505
2026-07-23T16:01:13.634,134.6441,3.8412,1.5484
2026-07-23T16:01:13.650,134.6465,4.0174,1.431
2026-07-23T16:01:13.666,134.652,3.8216,1.5484
2026-07-23T16:01:13.666,134.652,3.9978,1.431
2026-07-23T16:01:13.666,134.6858,3.9195,1.4701
2026-07-23T16:01:13.689,134.6905,4.0565,1.4701
2026-07-23T16:01:13.697,134.6942,3.8999,1.4701
2026-07-23T16:01:13.703,134.699,4.0761,1.5093
2026-07-23T16:01:13.716,134.7315,3.8999,1.4897
2026-07-23T16:01:13.716,134.7325,4.0761,1.568
2026-07-23T16:01:13.741,134.7325,3.9195,1.5289
2026-07-23T16:01:13.750,134.739,4.1349,1.5289
2026-07-23T16:01:13.750,134.7417,4.0174,1.5093
2026-07-23T16:01:13.762,134.7693,4.1153,1.568
2026-07-23T16:01:13.777,134.7742,4.0174,1.4897
2026-07-23T16:01:13.793,134.7794,4.1349,1.5876
2026-07-23T16:01:13.793,134.808,4.0957,1.568
2026-07-23T16:01:13.808,134.811,4.174,1.6464
2026-07-23T16:01:13.820,134.8169,4.0957,1.5484
2026-07-23T16:01:13.830,134.8169,4.1349,1.6072
2026-07-23T16:01:13.840,134.836,4.0565,1.5876
2026-07-23T16:01:13.850,134.836,4.037,1.6072
2026-07-23T16:01:13.859,134.8523,4.0174,1.568
2026-07-23T16:01:13.868,134.8564,4.0957,1.5093
2026-07-23T16:01:13.872,134.8854,4.0761,1.6072
2026-07-23T16:01:13.887,134.8854,4.0761,1.5876
2026-07-23T16:01:13.887,134.8854,4.0565,1.6268
2026-07-23T16:01:13.907,134.8943,4.0174,1.5484
2026-07-23T16:01:13.920,134.9172,4.0174,1.568
2026-07-23T16:01:13.920,134.925,4.0761,1.5289
2026-07-23T16:01:13.936,134.925,4.0174,1.5093
2026-07-23T16:01:13.948,134.9337,4.0957,1.5484
2026-07-23T16:01:13.950,134.9465,4.1153,1.5876
2026-07-23T16:01:13.976,134.9659,4.1544,1.568
2026-07-23T16:01:13.976,134.9686,4.0761,1.7051
2026-07-23T16:01:13.987,134.9964,4.2328,1.5876
2026-07-23T16:01:13.997,134.9984,4.0565,1.6268
2026-07-23T16:01:13.997,135.0025,4.3894,1.6072
2026-07-23T16:01:14.017,135.0083,4.174,1.6855
2026-07-23T16:01:14.024,135.0094,4.3698,1.6659
2026-07-23T16:01:14.032,135.0407,4.2719,1.7247
2026-07-23T16:01:14.050,135.0457,4.409,1.7247
2026-07-23T16:01:14.060,135.0457,4.2719,1.6855
2026-07-23T16:01:14.066,135.0542,4.4482,1.7834
2026-07-23T16:01:14.076,135.0775,4.4286,1.7443
2026-07-23T16:01:14.083,135.0785,4.4873,1.7443
2026-07-23T16:01:14.097,135.0824,4.3111,1.7638
2026-07-23T16:01:14.105,135.108,4.5852,1.7834
2026-07-23T16:01:14.123,135.108,4.3698,1.7443
2026-07-23T16:01:14.129,135.108,4.5069,1.7443
2026-07-23T16:01:14.137,135.1203,4.3503,1.7638
2026-07-23T16:01:14.139,135.1442,4.4482,1.803
2026-07-23T16:01:14.155,135.1442,4.4286,1.7443
2026-07-23T16:01:14.159,135.1518,4.4286,1.7051
2026-07-23T16:01:14.171,135.1678,4.4286,1.7051
2026-07-23T16:01:14.191,135.1837,4.4677,1.8813
2026-07-23T16:01:14.195,135.1862,4.4482,1.7051
2026-07-23T16:01:14.203,135.1936,4.4482,1.7051
2026-07-23T16:01:14.219,135.2174,4.4286,1.7051
2026-07-23T16:01:14.219,135.2174,4.3698,1.7638
2026-07-23T16:01:14.244,135.2279,4.3894,1.6268
2026-07-23T16:01:14.244,135.2324,4.3894,1.7051
2026-07-23T16:01:14.253,135.2471,4.3503,1.7051
2026-07-23T16:01:14.268,135.2647,4.3698,1.6855
2026-07-23T16:01:14.283,135.2697,4.3503,1.6464
2026-07-23T16:01:14.283,135.2919,4.2915,1.6464
2026-07-23T16:01:14.298,135.2948,4.3111,1.7247
2026-07-23T16:01:14.298,135.2991,4.3307,1.6855
2026-07-23T16:01:14.321,135.3037,4.3307,1.7443
2026-07-23T16:01:14.329,135.3255,4.2915,1.6855
2026-07-23T16:01:14.329,135.3325,4.3698,1.6659
2026-07-23T16:01:14.350,135.3325,4.3503,1.6268
2026-07-23T16:01:14.355,135.3425,4.2719,1.6268
2026-07-23T16:01:14.362,135.3662,4.3894,1.6268
2026-07-23T16:01:14.376,135.3753,4.2915,1.6659
2026-07-23T16:01:14.383,135.3753,4.3894,1.6659
2026-07-23T16:01:14.393,135.3753,4.2524,1.6268
2026-07-23T16:01:14.404,135.4066,4.3698,1.5876
2026-07-23T16:01:14.417,135.4114,4.2719,1.7051
2026-07-23T16:01:14.426,135.4176,4.3894,1.6072
2026-07-23T16:01:14.441,135.4375,4.2328,1.6072
2026-07-23T16:01:14.445,135.4375,4.3503,1.6072
2026-07-23T16:01:14.462,135.4523,4.2132,1.6268
2026-07-23T16:01:14.468,135.4564,4.3307,1.6855
2026-07-23T16:01:14.472,135.4825,4.2524,1.5876
2026-07-23T16:01:14.488,135.4842,4.3307,1.6268
2026-07-23T16:01:14.503,135.4842,4.2328,1.6072
2026-07-23T16:01:14.507,135.4955,4.3111,1.568
2026-07-23T16:01:14.517,135.5201,4.1936,1.6072
2026-07-23T16:01:14.529,135.5201,4.2719,1.6464
2026-07-23T16:01:14.535,135.5201,4.2524,1.5876
2026-07-23T16:01:14.546,135.5326,4.3503,1.6464
2026-07-23T16:01:14.551,135.5477,4.2719,1.6464
2026-07-23T16:01:14.568,135.5477,4.2915,1.6659
2026-07-23T16:01:14.585,135.5664,4.3307,1.6268
2026-07-23T16:01:14.585,135.5664,4.3698,1.6659
2026-07-23T16:01:14.598,135.5801,4.3698,1.6072
2026-07-23T16:01:14.598,135.5958,4.3698,1.7247
2026-07-23T16:01:14.617,135.6106,4.4286,1.6268
2026-07-23T16:01:14.631,135.6282,4.3503,1.6072
2026-07-23T16:01:14.631,135.6325,4.4286,1.6072
2026-07-23T16:01:14.647,135.6346,4.3503,1.6268
2026-07-23T16:01:14.654,135.658,4.4482,1.6855
2026-07-23T16:01:14.661,135.6664,4.409,1.6659
2026-07-23T16:01:14.679,135.6704,4.4873,1.7638
2026-07-23T16:01:14.685,135.674,4.4482,1.6659
2026-07-23T16:01:14.696,135.699,4.5265,1.6464
2026-07-23T16:01:14.709,135.7026,4.4677,1.6855
2026-07-23T16:01:14.725,135.707,4.5265,1.7051
2026-07-23T16:01:14.725,135.707,4.5069,1.6659
2026-07-23T16:01:14.742,135.7323,4.5265,1.7051
2026-07-23T16:01:14.742,135.7323,4.4482,1.7638
2026-07-23T16:01:14.758,135.7372,4.5461,1.7443
2026-07-23T16:01:14.769,135.7702,4.5656,1.7638
2026-07-23T16:01:14.780,135.774,4.6048,1.8813
2026-07-23T16:01:14.788,135.7791,4.7027,1.8617
2026-07-23T16:01:14.788,135.806,4.644,1.9009
2026-07-23T16:01:14.805,135.812,4.7615,1.8617
2026-07-23T16:01:14.805,135.815,4.7615,1.9205
2026-07-23T16:01:14.830,135.82,4.8202,1.9401
2026-07-23T16:01:14.835,135.8487,4.7419,1.9596
2026-07-23T16:01:14.852,135.8557,4.8985,1.9205
2026-07-23T16:01:14.857,135.8592,4.8202,1.9401
2026-07-23T16:01:14.874,135.8635,4.8985,1.9988
2026-07-23T16:01:14.874,135.8792,4.8006,2.0184
2026-07-23T16:01:14.883,135.8792,4.9377,1.9988
2026-07-23T16:01:14.899,135.8792,4.8985,1.9792
2026-07-23T16:01:14.906,135.8955,4.9964,1.9792
2026-07-23T16:01:14.918,135.9108,4.9181,1.9988
2026-07-23T16:01:14.918,135.9267,5.0356,1.9792
2026-07-23T16:01:14.930,135.9368,4.8985,1.9596
2026-07-23T16:01:14.950,135.9387,5.1335,2.0967
2026-07-23T16:01:14.962,135.97,5.0356,2.038
2026-07-23T16:01:14.962,135.9741,5.1139,2.038
2026-07-23T16:01:14.978,135.9787,5.0943,2.038
2026-07-23T16:01:14.995,135.9857,5.1335,2.0575
2026-07-23T16:01:14.995,135.9857,5.0747,2.038
2026-07-23T16:01:15.009,136.011,5.016,2.038
2026-07-23T16:01:15.009,136.0144,5.1139,2.0184
2026-07-23T16:01:15.029,136.0213,4.9768,1.9596
2026-07-23T16:01:15.037,136.0223,5.1335,1.9009
2026-07-23T16:01:15.041,136.0502,4.9768,1.9792
2026-07-23T16:01:15.056,136.053,5.1139,1.9596
2026-07-23T16:01:15.072,136.053,4.9768,1.9792
2026-07-23T16:01:15.077,136.0619,5.0356,1.9401
2026-07-23T16:01:15.088,136.0838,4.9768,1.9792
2026-07-23T16:01:15.088,136.0838,5.0747,1.9988
2026-07-23T16:01:15.104,136.0838,4.9573,1.9205
2026-07-23T16:01:15.119,136.1197,5.0552,1.9401
2026-07-23T16:01:15.119,136.1244,4.9377,1.9596
2026-07-23T16:01:15.135,136.1273,5.016,1.9401
2026-07-23T16:01:15.135,136.1314,4.9377,1.8422
2026-07-23T16:01:15.166,136.1471,4.9768,1.9792
2026-07-23T16:01:15.166,136.163,4.9181,1.9401
2026-07-23T16:01:15.178,136.1666,4.9964,1.9401
2026-07-23T16:01:15.183,136.1946,4.9377,1.8813
2026-07-23T16:01:15.198,136.1993,4.9964,1.8813
2026-07-23T16:01:15.214,136.2034,5.016,1.8617
2026-07-23T16:01:15.217,136.2034,4.9573,1.9205
2026-07-23T16:01:15.230,136.2326,4.9573,1.8422
2026-07-23T16:01:15.238,136.2408,4.8985,1.9205
2026-07-23T16:01:15.250,136.2466,4.9377,1.8617
2026-07-23T16:01:15.254,136.2503,4.9964,1.8813
2026-07-23T16:01:15.272,136.2789,4.9377,1.8422
2026-07-23T16:01:15.283,136.282,4.8789,1.8422
2026-07-23T16:01:15.292,136.282,4.9181,1.8226
2026-07-23T16:01:15.301,136.2899,4.8985,1.8617
2026-07-23T16:01:15.309,136.3125,4.8594,1.8813
2026-07-23T16:01:15.325,136.3232,4.8789,1.8226
2026-07-23T16:01:15.330,136.3257,4.8985,1.9596
2026-07-23T16:01:15.341,136.3324,4.8985,1.8226
2026-07-23T16:01:15.350,136.3541,4.9181,1.9401
2026-07-23T16:01:15.363,136.3541,4.8789,1.8813
2026-07-23T16:01:15.363,136.3671,4.8594,1.9792
2026-07-23T16:01:15.385,136.3726,4.9768,1.8617
2026-07-23T16:01:15.391,136.3982,4.9181,1.9205
2026-07-23T16:01:15.403,136.3992,4.9964,1.8617
2026-07-23T16:01:15.405,136.3992,4.9181,1.9401
2026-07-23T16:01:15.418,136.4072,4.9964,1.8813
2026-07-23T16:01:15.423,136.4072,4.8789,1.9401
2026-07-23T16:01:15.435,136.4375,5.016,1.9009
2026-07-23T16:01:15.450,136.4375,4.8789,1.9401
2026-07-23T16:01:15.458,136.4484,5.1335,1.8813
2026-07-23T16:01:15.466,136.4695,4.9377,1.9205
2026-07-23T16:01:15.482,136.4795,5.0747,1.9988
2026-07-23T16:01:15.488,136.4795,4.9573,1.9205
2026-07-23T16:01:15.501,136.4795,5.1335,1.9988
2026-07-23T16:01:15.501,136.5094,4.9377,1.9792
2026-07-23T16:01:15.520,136.5094,5.0943,1.9988
2026-07-23T16:01:15.530,136.5247,4.9377,1.9596
2026-07-23T16:01:15.530,136.5262,5.1922,1.9792
2026-07-23T16:01:15.550,136.5561,4.9964,1.9596
2026-07-23T16:01:15.560,136.5561,5.0747,2.0771
2026-07-23T16:01:15.575,136.5657,4.9964,1.9792
2026-07-23T16:01:15.577,136.5717,5.1139,1.9988
2026-07-23T16:01:15.591,136.5876,4.9768,1.9792
2026-07-23T16:01:15.592,136.5876,5.0356,1.9792
2026-07-23T16:01:15.607,136.603,5.016,1.9792
2026-07-23T16:01:15.623,136.6046,5.0552,1.9792
2026-07-23T16:01:15.623,136.6204,5.0356,1.9009
2026-07-23T16:01:15.638,136.6364,4.9964,2.038
2026-07-23T16:01:15.638,136.6389,5.0552,1.9596
2026-07-23T16:01:15.660,136.6462,5.1531,1.9988
2026-07-23T16:01:15.671,136.672,5.1139,1.9792
2026-07-23T16:01:15.671,136.677,5.1139,1.9792
2026-07-23T16:01:15.690,136.6849,5.1335,1.9792
2026-07-23T16:01:15.697,136.6883,5.1335,2.0184
2026-07-23T16:01:15.710,136.7147,5.0356,1.9401
2026-07-23T16:01:15.723,136.7206,5.0943,1.9596
2026-07-23T16:01:15.736,136.7206,5.1139,1.9596
2026-07-23T16:01:15.739,136.7297,5.1139,1.9596
2026-07-23T16:01:15.750,136.7523,5.0552,2.0184
2026-07-23T16:01:15.750,136.7615,5.0552,1.9009
2026-07-23T16:01:15.771,136.7658,5.016,1.9401
2026-07-23T16:01:15.781,136.7678,5.0356,1.8813
2026-07-23T16:01:15.784,136.7935,5.016,1.9596
2026-07-23T16:01:15.797,136.7995,5.0552,1.9205
2026-07-23T16:01:15.812,136.7995,5.0747,1.9596
2026-07-23T16:01:15.819,136.8129,5.0747,1.9009
2026-07-23T16:01:15.829,136.8414,4.9768,1.9596
2026-07-23T16:01:15.829,136.8414,5.0943,1.9596
2026-07-23T16:01:15.848,136.8492,4.9573,2.0184
2026-07-23T16:01:15.864,136.8546,5.0943,1.8813
2026-07-23T16:01:15.864,136.8778,4.9573,1.9596
2026-07-23T16:01:15.883,136.8828,5.1922,1.9401
2026-07-23T16:01:15.892,136.8874,4.9768,1.9792
2026-07-23T16:01:15.900,136.8932,5.1335,1.8813
2026-07-23T16:01:15.913,136.9046,4.9377,1.9596
2026-07-23T16:01:15.924,136.9206,5.1335,1.9401
2026-07-23T16:01:15.929,136.9206,5.016,1.9401
2026-07-23T16:01:15.944,136.9324,5.251,2.0184
2026-07-23T16:01:15.950,136.9522,5.1139,1.9988
2026-07-23T16:01:15.955,136.9662,5.1335,2.0967
2026-07-23T16:01:15.955,136.9692,5.1139,1.9988
2026-07-23T16:01:15.980,136.9741,5.2901,2.1359
2026-07-23T16:01:15.986,136.9741,5.0747,2.0575
2026-07-23T16:01:16.003,137.0043,5.3293,2.1163
2026-07-23T16:01:16.003,137.0043,5.1922,2.0967
2026-07-23T16:01:16.020,137.0098,5.4664,2.1946
2026-07-23T16:01:16.025,137.0162,5.3293,2.2142
2026-07-23T16:01:16.037,137.0324,5.4859,2.2534
2026-07-23T16:01:16.037,137.0324,5.388,2.2729
2026-07-23T16:01:16.055,137.0475,5.4468,2.2338
2026-07-23T16:01:16.067,137.0716,5.4468,2.2534
2026-07-23T16:01:16.083,137.079,5.5251,2.2925
2026-07-23T16:01:16.083,137.0833,5.5447,2.2338
2026-07-23T16:01:16.100,137.0872,5.5838,2.3904
2026-07-23T16:01:16.100,137.1199,5.5447,2.3513
2026-07-23T16:01:16.122,137.121,5.5838,2.3904
2026-07-23T16:01:16.130,137.1269,5.5838,2.4296
2026-07-23T16:01:16.138,137.1325,5.6622,2.3513
2026-07-23T16:01:16.162,137.1583,5.6034,2.4883
2026-07-23T16:01:16.162,137.1583,5.7209,2.4883
2026-07-23T16:01:16.172,137.166,5.7601,2.5275
2026-07-23T16:01:16.183,137.1686,5.8188,2.4883
2026-07-23T16:01:16.187,137.1965,5.7013,2.5471
2026-07-23T16:01:16.197,137.1995,5.7013,2.5666
2026-07-23T16:01:16.209,137.1995,5.6817,2.5275
2026-07-23T16:01:16.219,137.2057,5.7797,2.4883
2026-07-23T16:01:16.241,137.2344,5.7013,2.4492
2026-07-23T16:01:16.241,137.2351,5.7601,2.5471
2026-07-23T16:01:16.250,137.2373,5.6426,2.5079
2026-07-23T16:01:16.259,137.2415,5.8384,2.5275
2026-07-23T16:01:16.279,137.2723,5.6426,2.5275
2026-07-23T16:01:16.279,137.2723,5.7601,2.4687
2026-07-23T16:01:16.292,137.2723,5.5838,2.4883
2026-07-23T16:01:16.292,137.2847,5.7992,2.4492
2026-07-23T16:01:16.317,137.3006,5.5447,2.4687
2026-07-23T16:01:16.323,137.3152,5.9167,2.3904
2026-07-23T16:01:16.323,137.3162,5.5838,2.4296
2026-07-23T16:01:16.335,137.3466,5.6817,2.4296
2026-07-23T16:01:16.351,137.3486,5.5251,2.3317
2026-07-23T16:01:16.351,137.3555,5.7405,2.3708
2026-07-23T16:01:16.367,137.3555,5.6034,2.3904
2026-07-23T16:01:16.382,137.378,5.7013,2.3904
2026-07-23T16:01:16.383,137.378,5.5447,2.3513
2026-07-23T16:01:16.397,137.3869,5.7209,2.4492
2026-07-23T16:01:16.406,137.394,5.5643,2.3513
2026-07-23T16:01:16.420,137.4096,5.7209,2.4296
2026-07-23T16:01:16.429,137.4096,5.5838,2.3904
2026-07-23T16:01:16.438,137.4257,5.7405,2.3904
2026-07-23T16:01:16.450,137.4507,5.5447,2.4296
2026-07-23T16:01:16.460,137.4587,5.623,2.3904
2026-07-23T16:01:16.476,137.4587,5.623,2.41
2026-07-23T16:01:16.476,137.4587,5.6426,2.4492
2026-07-23T16:01:16.492,137.4896,5.623,2.3513
2026-07-23T16:01:16.492,137.4896,5.5838,2.4883
2026-07-23T16:01:16.509,137.4991,5.5251,2.3904
2026-07-23T16:01:16.520,137.522,5.5055,2.41
2026-07-23T16:01:16.531,137.522,5.3685,2.3904
2026-07-23T16:01:16.540,137.5349,5.3097,2.3904
2026-07-23T16:01:16.550,137.5359,5.2901,2.41
2026-07-23T16:01:16.555,137.5675,5.2706,2.3904
2026-07-23T16:01:16.573,137.5733,5.2314,2.0575
2026-07-23T16:01:16.573,137.5761,5.251,2.3708
2026-07-23T16:01:16.587,137.5811,5.2314,2.4492
2026-07-23T16:01:16.587,137.6078,5.2706,2.3708
2026-07-23T16:01:16.603,137.6123,5.2706,2.3904
2026-07-23T16:01:16.620,137.6145,5.3293,2.3513
2026-07-23T16:01:16.632,137.6145,5.2706,2.3904
2026-07-23T16:01:16.634,137.6466,5.4468,2.41
2026-07-23T16:01:16.652,137.6481,5.3293,2.3513
2026-07-23T16:01:16.663,137.6538,5.5251,2.3121
2026-07-23T16:01:16.673,137.6599,5.3489,2.4492
2026-07-23T16:01:16.681,137.6869,5.5055,2.3121
2026-07-23T16:01:16.683,137.6889,5.3685,2.3121
2026-07-23T16:01:16.699,137.6939,5.5447,2.2729
2026-07-23T16:01:16.711,137.6991,5.3293,2.2925
2026-07-23T16:01:16.720,137.7278,5.4664,2.2729
2026-07-23T16:01:16.729,137.7288,5.3097,2.3121
2026-07-23T16:01:16.745,137.733,5.4859,2.2729
2026-07-23T16:01:16.750,137.733,5.2901,2.2925
2026-07-23T16:01:16.761,137.7588,5.5251,2.2925
2026-07-23T16:01:16.761,137.766,5.3489,2.2729
2026-07-23T16:01:16.778,137.7694,5.5251,2.2534
2026-07-23T16:01:16.795,137.7993,5.4468,2.3121
2026-07-23T16:01:16.808,137.805,5.4859,2.2925
2026-07-23T16:01:16.810,137.8104,5.3293,2.2338
2026-07-23T16:01:16.820,137.814,5.5251,2.2925
2026-07-23T16:01:16.827,137.8359,5.3489,2.175
2026-07-23T16:01:16.840,137.8359,5.5447,2.2729
2026-07-23T16:01:16.850,137.8359,5.4272,2.2338
2026-07-23T16:01:16.865,137.851,5.5838,2.3317
2026-07-23T16:01:16.865,137.8535,5.3685,2.1946
2026-07-23T16:01:16.887,137.8828,5.4468,2.2729
2026-07-23T16:01:16.887,137.8828,5.3685,2.2142
2026-07-23T16:01:16.902,137.8896,5.4468,2.2729
2026-07-23T16:01:16.906,137.9154,5.4076,2.2142
2026-07-23T16:01:16.925,137.9154,5.4664,2.2338
2026-07-23T16:01:16.925,137.9154,5.4468,2.2142
2026-07-23T16:01:16.938,137.9304,5.4664,2.2142
2026-07-23T16:01:16.965,137.9619,5.5447,2.2534
2026-07-23T16:01:16.965,137.966,5.5447,2.2338
2026-07-23T16:01:16.966,137.9697,5.5251,2.2534
2026-07-23T16:01:16.983,137.9743,5.5447,2.1946
2026-07-23T16:01:16.990,137.9994,5.5251,2.2534
2026-07-23T16:01:16.997,137.9994,5.5251,2.2338
2026-07-23T16:01:17.013,138.0091,5.4664,2.2534
2026-07-23T16:01:17.020,138.0182,5.5251,2.1555
2026-07-23T16:01:17.029,138.0202,5.4664,2.2534
2026-07-23T16:01:17.032,138.0404,5.6034,2.1163
2026-07-23T16:01:17.050,138.0404,5.6034,2.1946
2026-07-23T16:01:17.060,138.0561,5.623,2.175
2026-07-23T16:01:17.069,138.0642,5.4664,2.1946
2026-07-23T16:01:17.076,138.0875,5.6817,2.175
2026-07-23T16:01:17.091,138.0996,5.4664,2.0967
2026-07-23T16:01:17.091,138.1032,5.6034,2.0967
2026-07-23T16:01:17.107,138.1032,5.4076,2.1555
2026-07-23T16:01:17.117,138.1059,5.6034,2.0967
2026-07-23T16:01:17.138,138.1394,5.4468,2.175
2026-07-23T16:01:17.138,138.1394,5.5643,2.0967
2026-07-23T16:01:17.150,138.1394,5.4076,2.0771
2026-07-23T16:01:17.157,138.1508,5.5643,2.0771
2026-07-23T16:01:17.170,138.1754,5.388,2.0184
2026-07-23T16:01:17.184,138.1754,5.5838,2.0967
2026-07-23T16:01:17.190,138.182,5.388,2.0575
2026-07-23T16:01:17.202,138.1845,5.5643,2.2142
2026-07-23T16:01:17.205,138.216,5.4664,2.0575
2026-07-23T16:01:17.221,138.216,5.5838,2.1555
2026-07-23T16:01:17.233,138.216,5.5447,2.0967
2026-07-23T16:01:17.240,138.2329,5.623,2.0967
2026-07-23T16:01:17.250,138.2614,5.5251,2.0967
2026-07-23T16:01:17.250,138.2624,5.6034,2.1163
2026-07-23T16:01:17.267,138.2681,5.4859,2.1163
2026-07-23T16:01:17.282,138.2726,5.5055,2.1555
2026-07-23T16:01:17.296,138.3056,5.5055,2.1359
2026-07-23T16:01:17.296,138.3087,5.5838,2.2338
2026-07-23T16:01:17.313,138.311,5.5838,2.1555
2026-07-23T16:01:17.321,138.3147,5.6622,2.2338
2026-07-23T16:01:17.329,138.3208,5.6034,2.175
2026-07-23T16:01:17.350,138.3401,5.623,2.2534
2026-07-23T16:01:17.356,138.3401,5.623,2.2729
2026-07-23T16:01:17.362,138.3562,5.6622,2.2142
2026-07-23T16:01:17.365,138.3588,5.6622,2.2534
2026-07-23T16:01:17.391,138.3763,5.7209,2.2338
2026-07-23T16:01:17.391,138.3879,5.7601,2.2925
2026-07-23T16:01:17.391,138.3879,5.7209,2.2925
2026-07-23T16:01:17.410,138.3879,5.8384,2.3317
2026-07-23T16:01:17.424,138.4244,5.8188,2.3513
2026-07-23T16:01:17.427,138.4268,5.6622,2.3317
2026-07-23T16:01:17.439,138.4327,5.6817,2.2925
2026-07-23T16:01:17.450,138.4349,5.6622,2.3904
2026-07-23T16:01:17.458,138.4507,5.8188,2.3708
2026-07-23T16:01:17.472,138.4507,5.6622,2.4296
2026-07-23T16:01:17.478,138.4678,5.858,2.4492
2026-07-23T16:01:17.490,138.4704,5.7013,2.5275
2026-07-23T16:01:17.502,138.4982,5.9559,2.5275
2026-07-23T16:01:17.502,138.4992,5.7992,2.5079
2026-07-23T16:01:17.519,138.4992,5.9559,2.4492
2026-07-23T16:01:17.532,138.5329,5.9559,2.4883
2026-07-23T16:01:17.532,138.5405,6.0929,2.4883
2026-07-23T16:01:17.549,138.5442,5.995,2.5471
2026-07-23T16:01:17.564,138.5442,6.2496,2.5471
2026-07-23T16:01:17.565,138.5758,6.1125,2.5862
2026-07-23T16:01:17.579,138.5773,6.2888,2.645
2026-07-23T16:01:17.591,138.5773,6.2496,2.6841
2026-07-23T16:01:17.595,138.5862,6.5041,2.7429
2026-07-23T16:01:17.595,138.613,6.3867,2.7625
2026-07-23T16:01:17.621,138.6154,6.602,2.8212
2026-07-23T16:01:17.628,138.6154,6.5433,2.8604
2026-07-23T16:01:17.637,138.6246,6.7979,2.8995
2026-07-23T16:01:17.658,138.6482,6.6804,2.8408
2026-07-23T16:01:17.658,138.6482,6.8762,2.8799
2026-07-23T16:01:17.675,138.6612,6.7587,2.782
2026-07-23T16:01:17.675,138.6775,6.8566,2.8408
2026-07-23T16:01:17.690,138.6898,6.8174,2.8799
2026-07-23T16:01:17.699,138.6898,6.7979,2.7625
2026-07-23T16:01:17.712,138.6947,6.7391,2.7429
2026-07-23T16:01:17.721,138.7181,6.7195,2.8212
2026-07-23T16:01:17.728,138.7227,6.7587,2.7233
2026-07-23T16:01:17.741,138.7267,6.7195,2.7429
2026-07-23T16:01:17.745,138.7327,6.6804,2.7233
2026-07-23T16:01:17.753,138.7498,6.6804,2.6645
2026-07-23T16:01:17.769,138.7498,6.602,2.6645
2026-07-23T16:01:17.783,138.7666,6.6804,2.7037
2026-07-23T16:01:17.791,138.7831,6.6804,2.6058
2026-07-23T16:01:17.801,138.7831,6.7391,2.7037
2026-07-23T16:01:17.801,138.7975,6.7587,2.6841
2026-07-23T16:01:17.817,138.7995,6.7979,2.645
2026-07-23T16:01:17.834,138.8258,6.7587,2.7625
2026-07-23T16:01:17.834,138.8295,6.7391,2.6841
2026-07-23T16:01:17.850,138.8355,6.7783,2.6841
2026-07-23T16:01:17.850,138.8567,6.7783,2.7037
2026-07-23T16:01:17.866,138.8612,6.8566,2.6841
2026-07-23T16:01:17.886,138.8652,6.8762,2.645
2026-07-23T16:01:17.890,138.8825,6.7587,2.6254
2026-07-23T16:01:17.896,138.8825,6.837,2.645
2026-07-23T16:01:17.912,138.895,6.6999,2.6645
2026-07-23T16:01:17.928,138.9088,6.8174,2.6058
2026-07-23T16:01:17.933,138.9088,6.6608,2.645
2026-07-23T16:01:17.933,138.9244,6.7979,2.5862
2026-07-23T16:01:17.950,138.9292,6.6999,2.6058
2026-07-23T16:01:17.960,138.9561,6.7783,2.5471
2026-07-23T16:01:17.960,138.9561,6.6999,2.6058
2026-07-23T16:01:17.980,138.9561,6.8174,2.645
2026-07-23T16:01:17.993,138.9883,6.6999,2.5471
2026-07-23T16:01:17.993,138.9883,6.8566,2.5666
2026-07-23T16:01:18.007,138.997,6.7195,2.6058
2026-07-23T16:01:18.017,139.0255,6.8958,2.5666
2026-07-23T16:01:18.033,139.0327,6.7391,2.5079
2026-07-23T16:01:18.039,139.0356,6.8762,2.645
2026-07-23T16:01:18.050,139.0356,6.7195,2.6058
2026-07-23T16:01:18.074,139.0788,6.8958,2.6254
2026-07-23T16:01:18.074,139.0841,6.7783,2.6058
2026-07-23T16:01:18.084,139.0881,6.9153,2.645
2026-07-23T16:01:18.086,139.0922,6.837,2.6058
2026-07-23T16:01:18.102,139.1274,6.8566,2.6254
2026-07-23T16:01:18.102,139.1308,6.8174,2.6058
2026-07-23T16:01:18.122,139.1349,6.7587,2.5862
2026-07-23T16:01:18.130,139.1381,6.7587,2.5471
2026-07-23T16:01:18.143,139.1467,6.7979,2.5471
2026-07-23T16:01:18.154,139.1487,6.8174,2.5666
2026-07-23T16:01:18.158,139.171,6.7979,2.5471
2026-07-23T16:01:18.168,139.171,6.7783,2.5471
2026-07-23T16:01:18.178,139.1783,6.7391,2.5666
2026-07-23T16:01:18.197,139.1793,6.7587,2.5471
2026-07-23T16:01:18.199,139.1793,6.6804,2.4296
2026-07-23T16:01:18.213,139.2077,6.6804,2.5275
2026-07-23T16:01:18.217,139.2099,6.6804,2.4492
2026-07-23T16:01:18.230,139.2099,6.7391,2.4492
2026-07-23T16:01:18.238,139.2392,6.7195,2.4687
2026-07-23T16:01:18.250,139.2436,6.7391,2.5471
2026-07-23T16:01:18.261,139.2487,6.6999,2.4296
2026-07-23T16:01:18.261,139.2487,6.7587,2.4492
2026-07-23T16:01:18.285,139.276,6.6999,2.4492
2026-07-23T16:01:18.294,139.2798,6.7979,2.4883
2026-07-23T16:01:18.299,139.2828,6.6804,2.41
2026-07-23T16:01:18.310,139.3063,6.6999,2.41
2026-07-23T16:01:18.322,139.3063,6.6804,2.4296
2026-07-23T16:01:18.334,139.3063,6.6608,2.5079
2026-07-23T16:01:18.337,139.3413,6.7587,2.4687
2026-07-23T16:01:18.350,139.3413,6.6412,2.4492
2026-07-23T16:01:18.357,139.3413,6.8958,2.5275
2026-07-23T16:01:18.366,139.3753,6.7391,2.5471
2026-07-23T16:01:18.372,139.3801,6.9349,2.4883
2026-07-23T16:01:18.387,139.3846,6.8566,2.6058
2026-07-23T16:01:18.392,139.3907,6.9937,2.5666
2026-07-23T16:01:18.408,139.4228,6.9349,2.6058
2026-07-23T16:01:18.422,139.4228,7.0328,2.6058
2026-07-23T16:01:18.442,139.4329,6.9937,2.6058
2026-07-23T16:01:18.442,139.4329,7.0524,2.5862
2026-07-23T16:01:18.452,139.4625,7.0328,2.6254
2026-07-23T16:01:18.466,139.4661,7.1307,2.6645
2026-07-23T16:01:18.474,139.4661,7.0132,2.5862
2026-07-23T16:01:18.484,139.4713,7.1895,2.6645
2026-07-23T16:01:18.484,139.4783,7.1111,2.6254
2026-07-23T16:01:18.498,139.5098,7.2286,2.6841
2026-07-23T16:01:18.498,139.5098,7.209,2.6645
2026-07-23T16:01:18.517,139.5141,7.2874,2.645
2026-07-23T16:01:18.531,139.5196,7.1895,2.6254
2026-07-23T16:01:18.533,139.5466,7.1503,2.6841
2026-07-23T16:01:18.550,139.5494,7.209,2.6254
2026-07-23T16:01:18.561,139.5494,7.1503,2.6645
2026-07-23T16:01:18.570,139.5494,7.2678,2.6058
2026-07-23T16:01:18.593,139.5846,7.2286,2.6645
2026-07-23T16:01:18.593,139.5846,7.2874,2.6254
2026-07-23T16:01:18.600,139.589,7.2678,2.7625
2026-07-23T16:01:18.608,139.5994,7.3461,2.6254
2026-07-23T16:01:18.624,139.6213,7.2874,2.6645
2026-07-23T16:01:18.624,139.6213,7.3657,2.6841
2026-07-23T16:01:18.646,139.6362,7.3657,2.6645
2026-07-23T16:01:18.650,139.6362,7.4832,2.7037
2026-07-23T16:01:18.672,139.6662,7.3853,2.6841
2026-07-23T16:01:18.672,139.6662,7.4636,2.6841
2026-07-23T16:01:18.684,139.6734,7.3461,2.6841
2026-07-23T16:01:18.687,139.6734,7.5028,2.7625
2026-07-23T16:01:18.703,139.6995,7.4244,2.7037
2026-07-23T16:01:18.703,139.7095,7.5223,2.8016
2026-07-23T16:01:18.724,139.7161,7.5028,2.782
2026-07-23T16:01:18.732,139.7161,7.6007,2.8016
2026-07-23T16:01:18.742,139.7407,7.5811,2.8408
2026-07-23T16:01:18.750,139.7467,7.6594,2.8212
2026-07-23T16:01:18.760,139.7574,7.7377,2.8408
2026-07-23T16:01:18.767,139.7866,7.6202,2.9583
2026-07-23T16:01:18.791,139.7896,7.679,2.8604
2026-07-23T16:01:18.791,139.7896,7.6202,2.9583
2026-07-23T16:01:18.797,139.7951,7.6594,2.8995
2026-07-23T16:01:18.808,139.7992,7.6202,2.8799
2026-07-23T16:01:18.832,139.8329,7.6594,2.8408
2026-07-23T16:01:18.832,139.8329,7.6007,2.8408
2026-07-23T16:01:18.840,139.8329,7.7181,2.8212
2026-07-23T16:01:18.855,139.8416,7.5419,2.8212
2026-07-23T16:01:18.861,139.8683,7.6202,2.8408
2026-07-23T16:01:18.877,139.8769,7.5223,2.782
2026-07-23T16:01:18.877,139.8791,7.5615,2.8212
2026-07-23T16:01:18.892,139.8814,7.4636,2.7625
2026-07-23T16:01:18.892,139.9087,7.5811,2.782
2026-07-23T16:01:18.917,139.9143,7.6007,2.7233
2026-07-23T16:01:18.924,139.9166,7.679,2.8212
2026-07-23T16:01:18.932,139.9219,7.5615,2.9191
2026-07-23T16:01:18.940,139.9219,7.5615,2.8212
2026-07-23T16:01:18.955,139.9412,7.6202,2.7233
2026-07-23T16:01:18.959,139.9523,7.5028,2.782
2026-07-23T16:01:18.973,139.9523,7.6202,2.7037
2026-07-23T16:01:18.992,139.9829,7.4832,2.8016
2026-07-23T16:01:18.992,139.9829,7.5811,2.7625
2026-07-23T16:01:19.003,139.9829,7.5028,2.8212
2026-07-23T16:01:19.003,139.9829,7.6202,2.7037
2026-07-23T16:01:19.023,140.0197,7.5223,2.782
2026-07-23T16:01:19.023,140.0247,7.6202,2.8408
2026-07-23T16:01:19.034,140.0296,7.6594,2.782
2026-07-23T16:01:19.050,140.0463,7.679,2.8212
2026-07-23T16:01:19.065,140.061,7.5223,2.8408
2026-07-23T16:01:19.071,140.061,7.7181,2.9583
2026-07-23T16:01:19.080,140.0685,7.6202,2.8604
2026-07-23T16:01:19.084,140.0929,7.7573,2.8408
2026-07-23T16:01:19.097,140.0929,7.6202,2.8799
2026-07-23T16:01:19.112,140.0986,7.8161,2.8799
2026-07-23T16:01:19.122,140.1036,7.5615,2.8408
2026-07-23T16:01:19.133,140.1347,7.6594,2.8799
2026-07-23T16:01:19.144,140.1415,7.6007,2.8995
2026-07-23T16:01:19.149,140.1445,7.6594,2.8408
2026-07-23T16:01:19.159,140.1744,7.679,2.8995
2026-07-23T16:01:19.176,140.1827,7.679,2.8995
2026-07-23T16:01:19.186,140.1827,7.7573,2.8408
2026-07-23T16:01:19.195,140.1871,7.679,2.8995
2026-07-23T16:01:19.200,140.1915,7.7377,2.8799
2026-07-23T16:01:19.223,140.2239,7.7377,2.9387
2026-07-23T16:01:19.223,140.225,7.7377,2.9191
2026-07-23T16:01:19.233,140.2324,7.7573,2.8408
2026-07-23T16:01:19.242,140.237,7.7965,2.8799
2026-07-23T16:01:19.253,140.2663,7.7965,2.8995
2026-07-23T16:01:19.253,140.2767,7.679,2.8604
2026-07-23T16:01:19.281,140.2805,7.7769,2.8799
2026-07-23T16:01:19.283,140.283,7.7573,2.8995
2026-07-23T16:01:19.288,140.2864,7.7965,2.8995
2026-07-23T16:01:19.300,140.3137,7.8748,2.8995
2026-07-23T16:01:19.300,140.3137,7.8748,2.9191
2026-07-23T16:01:19.327,140.3208,7.8161,2.9191
2026-07-23T16:01:19.334,140.3208,7.8552,2.8799
2026-07-23T16:01:19.350,140.3435,7.8552,2.9387
2026-07-23T16:01:19.350,140.3435,7.914,2.9387
2026-07-23T16:01:19.363,140.3595,7.8748,3.017
2026-07-23T16:01:19.372,140.3595,8.051,2.9778
2026-07-23T16:01:19.388,140.3908,8.0119,3.017
2026-07-23T16:01:19.388,140.3968,8.1293,2.9387
2026-07-23T16:01:19.394,140.399,7.9531,3.017
2026-07-23T16:01:19.410,140.4053,8.0706,2.9778
2026-07-23T16:01:19.421,140.4068,7.9531,3.0366
2026-07-23T16:01:19.434,140.4329,8.1293,2.9387
2026-07-23T16:01:19.434,140.4329,8.0314,2.9583
2026-07-23T16:01:19.451,140.443,8.2272,2.9974
2026-07-23T16:01:19.460,140.47,8.0706,2.9387
2026-07-23T16:01:19.473,140.4725,8.2468,3.0366
2026-07-23T16:01:19.484,140.4725,8.1293,2.9387
2026-07-23T16:01:19.491,140.4858,8.2272,3.0562
2026-07-23T16:01:19.505,140.5172,7.9923,2.9387
2026-07-23T16:01:19.517,140.525,8.1881,3.0366
2026-07-23T16:01:19.523,140.5298,8.0314,2.8995
2026-07-23T16:01:19.523,140.5328,8.2272,3.0366
2026-07-23T16:01:19.544,140.5363,8.1489,2.9583
2026-07-23T16:01:19.554,140.5649,8.2272,2.9974
2026-07-23T16:01:19.554,140.5669,8.2077,3.0366
2026-07-23T16:01:19.568,140.5669,8.2077,3.0366
2026-07-23T16:01:19.584,140.5725,8.1489,2.9387
2026-07-23T16:01:19.587,140.6015,8.1489,2.9778
2026-07-23T16:01:19.599,140.6015,8.1489,2.9191
2026-07-23T16:01:19.615,140.6117,8.1685,2.9583
2026-07-23T16:01:19.618,140.6117,8.0902,2.9778
2026-07-23T16:01:19.635,140.6443,8.1098,2.9778
2026-07-23T16:01:19.635,140.6443,8.0902,2.9778
2026-07-23T16:01:19.652,140.6559,8.0902,2.8799
2026-07-23T16:01:19.663,140.661,7.9923,2.9191
2026-07-23T16:01:19.672,140.6663,8.1293,2.9191
2026-07-23T16:01:19.683,140.6922,8.1098,2.8604
2026-07-23T16:01:19.683,140.6922,8.0119,2.8799
2026-07-23T16:01:19.701,140.6996,8.051,2.9191
2026-07-23T16:01:19.712,140.707,8.0314,2.8799
2026-07-23T16:01:19.726,140.7229,8.0119,2.9583
2026-07-23T16:01:19.735,140.7339,8.2272,2.8995
2026-07-23T16:01:19.735,140.7339,8.0902,2.9191
2026-07-23T16:01:19.750,140.744,8.1489,2.8995
2026-07-23T16:01:19.763,140.7461,8.0706,2.9778
2026-07-23T16:01:19.763,140.7755,8.2468,2.9387
2026-07-23T16:01:19.785,140.7755,8.0119,2.9583
2026-07-23T16:01:19.793,140.7861,8.2077,2.9191
2026-07-23T16:01:19.797,140.7861,8.0314,2.9778
2026-07-23T16:01:19.817,140.8018,8.2664,2.9387
2026-07-23T16:01:19.826,140.8186,8.0706,2.9974
2026-07-23T16:01:19.826,140.8231,8.2468,3.0366
2026-07-23T16:01:19.837,140.8297,8.1685,3.017
2026-07-23T16:01:19.853,140.8588,8.3056,3.0757
2026-07-23T16:01:19.869,140.8645,8.0902,3.017
2026-07-23T16:01:19.869,140.866,8.3839,3.017
2026-07-23T16:01:19.884,140.866,8.1685,3.0757
2026-07-23T16:01:19.886,140.8964,8.3447,3.0953
2026-07-23T16:01:19.899,140.9033,8.1881,3.0757
2026-07-23T16:01:19.910,140.9083,8.4231,3.1932
2026-07-23T16:01:19.917,140.9121,8.2468,3.1149
2026-07-23T16:01:19.935,140.9442,8.3643,3.1345
2026-07-23T16:01:19.935,140.9442,8.1881,3.0562
2026-07-23T16:01:19.954,140.951,8.3447,3.0366
2026-07-23T16:01:19.968,140.951,8.2272,2.9778
2026-07-23T16:01:19.968,140.9773,8.2664,2.9974
2026-07-23T16:01:19.983,140.9773,8.1881,2.9387
2026-07-23T16:01:19.993,140.9848,8.2077,2.9778
2026-07-23T16:01:20.002,140.9878,8.2664,2.9974
2026-07-23T16:01:20.002,141.0071,8.3839,3.0366
2026-07-23T16:01:20.027,141.0201,8.2272,2.9583
2026-07-23T16:01:20.028,141.0228,8.2664,2.9778
2026-07-23T16:01:20.042,141.0256,8.1881,2.9778
2026-07-23T16:01:20.050,141.0385,8.2664,2.9974
2026-07-23T16:01:20.058,141.0573,8.2272,2.9778
2026-07-23T16:01:20.071,141.0573,8.2664,2.9583
2026-07-23T16:01:20.084,141.0731,8.1881,3.0366
2026-07-23T16:01:20.089,141.0866,8.286,2.9974
2026-07-23T16:01:20.105,141.0866,8.2664,3.0562
2026-07-23T16:01:20.108,141.0925,8.3252,3.0366
2026-07-23T16:01:20.123,141.1091,8.2077,3.0366
2026-07-23T16:01:20.124,141.122,8.4035,2.9974
2026-07-23T16:01:20.137,141.1248,8.1881,3.0366
2026-07-23T16:01:20.153,141.1529,8.3643,3.0366
2026-07-23T16:01:20.160,141.1529,8.1293,3.0562
2026-07-23T16:01:20.180,141.16,8.286,2.9778
2026-07-23T16:01:20.180,141.164,8.0119,2.9583
2026-07-23T16:01:20.185,141.1854,8.1685,2.9191
2026-07-23T16:01:20.209,141.1945,7.9923,2.9191
2026-07-23T16:01:20.215,141.1973,8.1293,2.8995
2026-07-23T16:01:20.224,141.2165,7.9923,2.8799
2026-07-23T16:01:20.232,141.2165,8.1489,3.1149
2026-07-23T16:01:20.248,141.2288,8.0314,2.9387
2026-07-23T16:01:20.250,141.2288,8.286,2.9778
2026-07-23T16:01:20.267,141.2582,8.0902,2.9778
2026-07-23T16:01:20.267,141.2603,8.3643,3.017
2026-07-23T16:01:20.280,141.2649,8.1685,3.0562
2026-07-23T16:01:20.295,141.2941,8.4426,3.017
2026-07-23T16:01:20.295,141.2969,8.2077,3.0366
2026-07-23T16:01:20.316,141.3035,8.3447,3.0562
2026-07-23T16:01:20.324,141.3294,8.2468,2.9974
2026-07-23T16:01:20.337,141.3331,8.3839,3.017
2026-07-23T16:01:20.345,141.3361,8.3056,3.0757
2026-07-23T16:01:20.354,141.3393,8.3056,3.0953
2026-07-23T16:01:20.374,141.3662,8.286,3.0366
2026-07-23T16:01:20.374,141.3718,8.286,3.0953
2026-07-23T16:01:20.384,141.3733,8.286,3.0953
2026-07-23T16:01:20.390,141.3733,8.286,3.0366
2026-07-23T16:01:20.406,141.4037,8.2272,3.017
2026-07-23T16:01:20.410,141.4037,8.3447,3.0366
2026-07-23T16:01:20.424,141.4037,8.286,3.017
2026-07-23T16:01:20.435,141.4037,8.2077,3.017
2026-07-23T16:01:20.442,141.4401,8.1881,3.0366
2026-07-23T16:01:20.452,141.443,8.1881,3.017
2026-07-23T16:01:20.454,141.443,8.2664,3.0953
2026-07-23T16:01:20.472,141.4735,8.2468,2.9974
2026-07-23T16:01:20.486,141.4797,8.286,3.0562
2026-07-23T16:01:20.502,141.4846,8.3056,2.9974
2026-07-23T16:01:20.502,141.4867,8.1685,3.0953
2026-07-23T16:01:20.502,141.504,8.3252,3.0953
2026-07-23T16:01:20.517,141.504,8.2468,3.1345
2026-07-23T16:01:20.535,141.5136,8.4622,3.0953
2026-07-23T16:01:20.540,141.5451,8.3447,3.1345
2026-07-23T16:01:20.552,141.5451,8.5797,3.1149
2026-07-23T16:01:20.555,141.5451,8.4231,3.2324
2026-07-23T16:01:20.572,141.5609,8.5405,3.1736
2026-07-23T16:01:20.584,141.578,8.4035,3.2911
2026-07-23T16:01:20.584,141.5871,8.5797,3.1541
2026-07-23T16:01:20.596,141.5928,8.4426,3.1932
2026-07-23T16:01:20.612,141.5928,8.658,3.1932
2026-07-23T16:01:20.624,141.6243,8.4818,3.1736
2026-07-23T16:01:20.629,141.6243,8.5993,3.2716
2026-07-23T16:01:20.638,141.6329,8.4426,3.1541
2026-07-23T16:01:20.667,141.6576,8.5405,3.2716
2026-07-23T16:01:20.667,141.6576,8.3252,3.1736
2026-07-23T16:01:20.675,141.6662,8.521,3.1736
2026-07-23T16:01:20.684,141.6717,8.4426,3.2128
2026-07-23T16:01:20.691,141.6931,8.6189,3.2128
2026-07-23T16:01:20.707,141.6931,8.4426,3.1345
2026-07-23T16:01:20.708,141.6996,8.6384,3.1736
2026-07-23T16:01:20.723,141.7034,8.4622,3.1345
2026-07-23T16:01:20.739,141.7398,8.5601,3.1541
2026-07-23T16:01:20.739,141.7398,8.5014,3.1149
2026-07-23T16:01:20.754,141.7505,8.5014,3.1541
2026-07-23T16:01:20.760,141.7818,8.4818,3.1149
2026-07-23T16:01:20.770,141.7881,8.4426,3.0953
2026-07-23T16:01:20.770,141.7881,8.4231,3.1149
2026-07-23T16:01:20.791,141.7881,8.4622,3.1541
2026-07-23T16:01:20.801,141.7881,8.3643,3.1149
2026-07-23T16:01:20.817,141.8183,8.4622,3.0366
2026-07-23T16:01:20.817,141.8248,8.3839,3.0757
2026-07-23T16:01:20.833,141.8316,8.5014,3.0562
2026-07-23T16:01:20.839,141.838,8.3447,3.0366
2026-07-23T16:01:20.850,141.8649,8.3839,3.0366
2026-07-23T16:01:20.869,141.8685,8.3252,3.0366
2026-07-23T16:01:20.876,141.8718,8.286,3.0366
2026-07-23T16:01:20.882,141.8718,8.2664,3.0757
2026-07-23T16:01:20.889,141.8739,8.286,2.9387
2026-07-23T16:01:20.897,141.9016,8.2468,3.0366
2026-07-23T16:01:20.912,141.9093,8.2664,2.9583
2026-07-23T16:01:20.925,141.9114,8.2077,3.0562
2026-07-23T16:01:20.928,141.94,8.4035,2.9778
2026-07-23T16:01:20.948,141.9435,8.2272,3.0757
2026-07-23T16:01:20.952,141.9469,8.3447,3.017
2026-07-23T16:01:20.962,141.9469,8.1685,2.9974
2026-07-23T16:01:20.975,141.9795,8.3447,2.9387
2026-07-23T16:01:20.984,141.9795,8.1881,2.9387
2026-07-23T16:01:20.994,141.9849,8.3447,2.8995
2026-07-23T16:01:20.998,141.9886,8.1489,2.9583
2026-07-23T16:01:21.007,142.0189,8.3056,2.9583
2026-07-23T16:01:21.025,142.0225,8.1685,2.8995
2026-07-23T16:01:21.030,142.0266,8.3839,2.9387
2026-07-23T16:01:21.044,142.0266,8.1489,2.8995
2026-07-23T16:01:21.055,142.0503,8.3447,2.9778
2026-07-23T16:01:21.055,142.0503,8.1685,2.9974
2026-07-23T16:01:21.073,142.066,8.3252,2.9778
2026-07-23T16:01:21.085,142.0743,8.1098,2.9583
2026-07-23T16:01:21.085,142.1018,8.3056,2.9583
2026-07-23T16:01:21.101,142.1053,8.1881,2.8995
2026-07-23T16:01:21.101,142.1053,8.4426,2.9387
2026-07-23T16:01:21.125,142.1136,8.2272,2.9387
2026-07-23T16:01:21.133,142.1329,8.4622,2.9583
2026-07-23T16:01:21.140,142.1329,8.3643,3.0366
2026-07-23T16:01:21.153,142.1436,8.4426,2.9974
2026-07-23T16:01:21.164,142.1451,8.521,2.9778
2026-07-23T16:01:21.167,142.1745,8.5797,3.0562
2026-07-23T16:01:21.184,142.1775,8.6776,3.017
2026-07-23T16:01:21.194,142.1775,8.5405,3.0562
2026-07-23T16:01:21.203,142.1855,8.5601,3.0366
2026-07-23T16:01:21.212,142.2078,8.5797,3.0366
2026-07-23T16:01:21.217,142.2159,8.5601,3.0366
2026-07-23T16:01:21.240,142.2238,8.6189,3.0757
2026-07-23T16:01:21.240,142.2404,8.658,3.0562
2026-07-23T16:01:21.259,142.2511,8.8147,3.0757
2026-07-23T16:01:21.259,142.2536,8.8147,3.1932
2026-07-23T16:01:21.275,142.2554,8.9713,3.2128
2026-07-23T16:01:21.275,142.2873,9.0496,3.3107
2026-07-23T16:01:21.291,142.2898,9.1475,3.2911
2026-07-23T16:01:21.304,142.2898,9.1867,3.389
2026-07-23T16:01:21.306,142.2898,9.3238,3.4282
2026-07-23T16:01:21.325,142.3187,9.4217,3.4674
2026-07-23T16:01:21.328,142.3267,9.5,3.4674
2026-07-23T16:01:21.341,142.3331,9.5587,3.5457
2026-07-23T16:01:21.354,142.3348,9.7545,3.4869
2026-07-23T16:01:21.361,142.3602,9.6371,3.624
2026-07-23T16:01:21.370,142.3602,9.8916,3.6044
2026-07-23T16:01:21.386,142.3661,9.7154,3.5848
2026-07-23T16:01:21.392,142.3953,9.9504,3.5457
2026-07-23T16:01:21.401,142.3978,9.7937,3.624
2026-07-23T16:01:21.411,142.4022,9.9504,3.5653
2026-07-23T16:01:21.421,142.4022,9.872,3.624
2026-07-23T16:01:21.425,142.4372,10.0483,3.6436
2026-07-23T16:01:21.446,142.4416,9.872,3.6436
2026-07-23T16:01:21.449,142.4495,10.0483,3.6436
2026-07-23T16:01:21.453,142.4495,9.9112,3.6632
2026-07-23T16:01:21.471,142.4926,10.0091,3.6436
2026-07-23T16:01:21.484,142.4926,9.872,3.624
2026-07-23T16:01:21.492,142.4995,10.0678,3.7023
2026-07-23T16:01:21.507,142.4995,9.9895,3.624
2026-07-23T16:01:21.517,142.535,10.2636,3.6827
2026-07-23T16:01:21.528,142.5404,10.1462,3.6632
2026-07-23T16:01:21.536,142.5431,10.3224,3.7023
2026-07-23T16:01:21.543,142.5451,10.2636,3.6436
2026-07-23T16:01:21.550,142.5471,10.2832,3.6827
2026-07-23T16:01:21.559,142.5564,10.2049,3.6044
2026-07-23T16:01:21.575,142.5835,10.2832,3.624
2026-07-23T16:01:21.586,142.5907,10.2832,3.624
2026-07-23T16:01:21.598,142.5936,10.2636,3.624
2026-07-23T16:01:21.607,142.5936,10.2832,3.6044
2026-07-23T16:01:21.607,142.6195,10.2636,3.6044
2026-07-23T16:01:21.626,142.6267,10.3616,3.5065
2026-07-23T16:01:21.634,142.6329,10.3224,3.5457
2026-07-23T16:01:21.644,142.6353,10.3811,3.5457
2026-07-23T16:01:21.662,142.6662,10.342,3.5457
2026-07-23T16:01:21.662,142.6675,10.342,3.5261
2026-07-23T16:01:21.677,142.6675,10.3811,3.5261
2026-07-23T16:01:21.684,142.6751,10.3811,3.6044
2026-07-23T16:01:21.691,142.7018,10.4203,3.7219
2026-07-23T16:01:21.703,142.7018,10.4595,3.5457
2026-07-23T16:01:21.718,142.7018,10.4007,3.5457
2026-07-23T16:01:21.718,142.7018,10.4399,3.624
2026-07-23T16:01:21.734,142.736,10.3616,3.5653
2026-07-23T16:01:21.750,142.7451,10.3616,3.5848
2026-07-23T16:01:21.753,142.7451,10.3811,3.5261
2026-07-23T16:01:21.753,142.755,10.2832,3.624
2026-07-23T16:01:21.765,142.7773,10.4203,3.5261
2026-07-23T16:01:21.787,142.7928,10.342,3.5065
2026-07-23T16:01:21.787,142.7928,10.3811,3.5261
2026-07-23T16:01:21.809,142.8039,10.3028,3.5653
2026-07-23T16:01:21.812,142.8291,10.4399,3.5653
2026-07-23T16:01:21.826,142.8316,10.3028,3.5653
2026-07-23T16:01:21.828,142.8331,10.4007,3.4674
2026-07-23T16:01:21.844,142.8411,10.3616,3.4674
2026-07-23T16:01:21.855,142.8441,10.342,3.5261
2026-07-23T16:01:21.859,142.8729,10.2441,3.5261
2026-07-23T16:01:21.875,142.8749,10.4595,3.4674
2026-07-23T16:01:21.882,142.8749,10.2049,3.5065
2026-07-23T16:01:21.895,142.8812,10.3224,3.5457
2026-07-23T16:01:21.912,142.9037,10.2636,3.5653
2026-07-23T16:01:21.917,142.9144,10.342,3.5261
2026-07-23T16:01:21.926,142.9172,10.2636,3.5065
2026-07-23T16:01:21.932,142.9226,10.3616,3.5261
2026-07-23T16:01:21.953,142.9443,10.1853,3.4869
2026-07-23T16:01:21.955,142.9443,10.2245,3.5065
2026-07-23T16:01:21.965,142.9513,10.1657,3.5065
2026-07-23T16:01:21.973,142.9513,10.2441,3.4674
2026-07-23T16:01:21.984,142.977,10.1657,3.4674
2026-07-23T16:01:21.987,142.977,10.3028,3.4869
2026-07-23T16:01:22.002,142.9851,10.2441,3.4478
2026-07-23T16:01:22.002,143.004,10.1853,3.4478
2026-07-23T16:01:22.028,143.0148,10.2245,3.4674
2026-07-23T16:01:22.036,143.0148,10.2049,3.5065
2026-07-23T16:01:22.039,143.0335,10.2636,3.4478
2026-07-23T16:01:22.055,143.0487,10.2245,3.5065
2026-07-23T16:01:22.055,143.0487,10.3616,3.4674
2026-07-23T16:01:22.081,143.0822,10.3028,3.5261
2026-07-23T16:01:22.084,143.0822,10.3224,3.5261
2026-07-23T16:01:22.097,143.0822,10.342,3.5065
2026-07-23T16:01:22.106,143.0925,10.4007,3.5065
2026-07-23T16:01:22.113,143.1113,10.3224,3.5065
2026-07-23T16:01:22.126,143.1208,10.3616,3.5653
2026-07-23T16:01:22.133,143.1256,10.3616,3.5653
2026-07-23T16:01:22.143,143.1261,10.4986,3.5457
2026-07-23T16:01:22.150,143.1573,10.4007,3.5457
2026-07-23T16:01:22.162,143.1573,10.4595,3.5848
2026-07-23T16:01:22.172,143.1654,10.479,3.5261
2026-07-23T16:01:22.184,143.1705,10.4986,3.5457
2026-07-23T16:01:22.192,143.1969,10.479,3.5653
2026-07-23T16:01:22.206,143.1995,10.4986,3.5653
2026-07-23T16:01:22.208,143.2053,10.5965,3.5261
2026-07-23T16:01:22.221,143.2053,10.479,3.5065
2026-07-23T16:01:22.240,143.2364,10.5378,3.5261
2026-07-23T16:01:22.240,143.2396,10.479,3.6044
2026-07-23T16:01:22.256,143.2452,10.4986,3.5457
2026-07-23T16:01:22.256,143.2452,10.4399,3.5653
2026-07-23T16:01:22.279,143.2751,10.5965,3.5065
2026-07-23T16:01:22.283,143.2782,10.479,3.5457
2026-07-23T16:01:22.290,143.2823,10.6161,3.5457
2026-07-23T16:01:22.307,143.3158,10.5378,3.5457
2026-07-23T16:01:22.307,143.3158,10.7336,3.5261
2026-07-23T16:01:22.329,143.32,10.5769,3.5457
2026-07-23T16:01:22.333,143.32,10.6357,3.5653
2026-07-23T16:01:22.344,143.3512,10.6357,3.5653
2026-07-23T16:01:22.350,143.3512,10.6161,3.4869
2026-07-23T16:01:22.365,143.3588,10.5574,3.5065
2026-07-23T16:01:22.371,143.3614,10.5965,3.5261
2026-07-23T16:01:22.380,143.3912,10.5182,3.4869
2026-07-23T16:01:22.396,143.3975,10.6161,3.5457
2026-07-23T16:01:22.402,143.3975,10.5965,3.5065
2026-07-23T16:01:22.417,143.403,10.6357,3.4869
2026-07-23T16:01:22.428,143.4254,10.6553,3.5065
2026-07-23T16:01:22.428,143.4254,10.6553,3.4869
2026-07-23T16:01:22.442,143.4332,10.6553,3.5457
2026-07-23T16:01:22.454,143.4332,10.5965,3.5261
2026-07-23T16:01:22.466,143.4666,10.6944,3.4869
2026-07-23T16:01:22.476,143.4693,10.5182,3.5653
2026-07-23T16:01:22.484,143.4753,10.7727,3.5457
2026-07-23T16:01:22.491,143.4753,10.6944,3.6044
2026-07-23T16:01:22.507,143.5035,10.7336,3.5653
2026-07-23T16:01:22.507,143.5035,10.6357,3.624
2026-07-23T16:01:22.523,143.5035,10.7923,3.6044
2026-07-23T16:01:22.539,143.535,10.6357,3.5261
2026-07-23T16:01:22.545,143.535,10.7336,3.5653
2026-07-23T16:01:22.554,143.5451,10.6357,3.5457
2026-07-23T16:01:22.554,143.5479,10.7532,3.5457
2026-07-23T16:01:22.579,143.5701,10.6161,3.5457
2026-07-23T16:01:22.584,143.5701,10.7532,3.6044
2026-07-23T16:01:22.596,143.5791,10.6748,3.624
2026-07-23T16:01:22.602,143.6073,10.8119,3.5653
2026-07-23T16:01:22.617,143.6073,10.6944,3.5261
2026-07-23T16:01:22.621,143.6136,10.7727,3.6436
2026-07-23T16:01:22.633,143.6374,10.7336,3.5848
2026-07-23T16:01:22.643,143.6449,10.7532,3.5457
2026-07-23T16:01:22.651,143.6464,10.7532,3.5653
2026-07-23T16:01:22.671,143.6498,10.7727,3.5653
2026-07-23T16:01:22.671,143.6498,10.7336,3.5848
2026-07-23T16:01:22.686,143.6781,10.7727,3.5653
2026-07-23T16:01:22.688,143.6781,10.8511,3.5457
2026-07-23T16:01:22.704,143.6928,10.8902,3.6827
2026-07-23T16:01:22.714,143.7191,10.9098,3.624
2026-07-23T16:01:22.717,143.7214,10.8902,3.7219
2026-07-23T16:01:22.745,143.7249,10.9686,3.6827
2026-07-23T16:01:22.745,143.7249,11.0077,3.7415
2026-07-23T16:01:22.760,143.7581,11.0273,3.6044
2026-07-23T16:01:22.760,143.7608,11.0665,3.6436
2026-07-23T16:01:22.776,143.7632,11.1644,3.6436
2026-07-23T16:01:22.776,143.7663,11.1056,3.7611
2026-07-23T16:01:22.793,143.7945,11.086,3.7611
2026-07-23T16:01:22.793,143.7978,11.1056,3.624
2026-07-23T16:01:22.817,143.8038,11.086,3.7415
2026-07-23T16:01:22.839,143.8353,11.0665,3.7023
2026-07-23T16:01:22.839,143.8353,11.0665,3.7415
2026-07-23T16:01:22.849,143.842,11.0469,3.7219
2026-07-23T16:01:22.855,143.842,11.086,3.7023
2026-07-23T16:01:22.860,143.8675,11.1448,3.7807
2026-07-23T16:01:22.871,143.8718,11.1252,3.7023
2026-07-23T16:01:22.886,143.8753,11.2427,3.7219
2026-07-23T16:01:22.893,143.8753,11.1644,3.7611
2026-07-23T16:01:22.913,143.9099,11.3798,3.7611
2026-07-23T16:01:22.913,143.9099,11.2623,3.8002
2026-07-23T16:01:22.923,143.9099,11.3993,3.8198
2026-07-23T16:01:22.933,143.933,11.2818,3.8198
2026-07-23T16:01:22.949,143.9454,11.4385,3.7807
2026-07-23T16:01:22.954,143.9454,11.2427,3.7611
2026-07-23T16:01:22.961,143.9542,11.3602,3.7023
2026-07-23T16:01:22.969,143.9771,11.2818,3.7415
2026-07-23T16:01:22.984,143.9874,11.4189,3.7807
2026-07-23T16:01:22.996,143.9874,11.2623,3.8002
2026-07-23T16:01:23.005,143.9951,11.4777,3.8786
2026-07-23T16:01:23.010,144.0173,11.2231,3.8198
2026-07-23T16:01:23.028,144.0249,11.3993,3.8198
2026-07-23T16:01:23.038,144.029,11.2623,3.6827
2026-07-23T16:01:23.046,144.0351,11.3993,3.8002
2026-07-23T16:01:23.064,144.0658,11.2427,3.7023
2026-07-23T16:01:23.068,144.0706,11.4385,3.7807
2026-07-23T16:01:23.080,144.0723,11.2035,3.7611
2026-07-23T16:01:23.089,144.0755,11.4189,3.7611
2026-07-23T16:01:23.107,144.1112,11.2035,3.6827
2026-07-23T16:01:23.107,144.1122,11.3602,3.7219
2026-07-23T16:01:23.117,144.1122,11.3014,3.7219
2026-07-23T16:01:23.123,144.1122,11.2427,3.7415
2026-07-23T16:01:23.128,144.1357,11.2623,3.6827
2026-07-23T16:01:23.150,144.154,11.2035,3.7023
2026-07-23T16:01:23.155,144.154,11.2231,3.6827
2026-07-23T16:01:23.163,144.1587,11.2231,3.7415
2026-07-23T16:01:23.171,144.1587,11.3406,3.6827
2026-07-23T16:01:23.187,144.1832,11.321,3.7415
2026-07-23T16:01:23.187,144.196,11.321,3.6827
2026-07-23T16:01:23.205,144.2018,11.3602,3.6827
2026-07-23T16:01:23.217,144.2018,11.3602,3.624
2026-07-23T16:01:23.226,144.2316,11.3602,3.7023
2026-07-23T16:01:23.234,144.2316,11.2818,3.6827
2026-07-23T16:01:23.247,144.2368,11.3406,3.6827
2026-07-23T16:01:23.253,144.2368,11.3602,3.6827
2026-07-23T16:01:23.261,144.2684,11.3798,3.6827
2026-07-23T16:01:23.266,144.2756,11.3798,3.7023
2026-07-23T16:01:23.282,144.2792,11.3798,3.6632
2026-07-23T16:01:23.297,144.283,11.321,3.7023
2026-07-23T16:01:23.297,144.3098,11.3406,3.6436
2026-07-23T16:01:23.313,144.3098,11.2427,3.7219
2026-07-23T16:01:23.326,144.3098,11.3602,3.6436
2026-07-23T16:01:23.334,144.321,11.1644,3.6632
2026-07-23T16:01:23.345,144.3442,11.3406,3.6436
2026-07-23T16:01:23.350,144.3442,11.1448,3.6827
2026-07-23T16:01:23.361,144.3442,11.3406,3.624
2026-07-23T16:01:23.372,144.3572,11.1252,3.7219
2026-07-23T16:01:23.393,144.3872,11.3602,3.6827
2026-07-23T16:01:23.393,144.3872,11.2427,3.7415
2026-07-23T16:01:23.395,144.389,11.3406,3.6436
2026-07-23T16:01:23.417,144.4219,11.1448,3.6827
2026-07-23T16:01:23.427,144.4219,11.3014,3.6827
2026-07-23T16:01:23.438,144.4219,11.086,3.6436
2026-07-23T16:01:23.440,144.4219,11.3014,3.624
2026-07-23T16:01:23.455,144.4528,11.1644,3.6827
2026-07-23T16:01:23.455,144.4528,11.2623,3.624
2026-07-23T16:01:23.473,144.4666,11.0665,3.7023
2026-07-23T16:01:23.488,144.4666,11.2231,3.5848
2026-07-23T16:01:23.497,144.4979,11.0665,3.5653
2026-07-23T16:01:23.504,144.4999,11.3014,3.624
2026-07-23T16:01:23.517,144.4999,11.1252,3.6632
2026-07-23T16:01:23.517,144.5103,11.2818,3.7415
2026-07-23T16:01:23.533,144.5365,11.1644,3.6827
2026-07-23T16:01:23.539,144.5365,11.1839,3.8002
2026-07-23T16:01:23.559,144.5452,11.2035,3.6436
2026-07-23T16:01:23.565,144.5702,11.2427,3.7219
2026-07-23T16:01:23.570,144.5712,11.321,3.7023
2026-07-23T16:01:23.587,144.577,11.3014,3.7611
2026-07-23T16:01:23.596,144.5852,11.3014,3.7415
2026-07-23T16:01:23.596,144.6108,11.2623,3.7611
2026-07-23T16:01:23.612,144.6128,11.2623,3.7611
2026-07-23T16:01:23.622,144.6166,11.2035,3.7023
2026-07-23T16:01:23.636,144.624,11.1644,3.7415
2026-07-23T16:01:23.651,144.6499,11.2818,3.7219
2026-07-23T16:01:23.651,144.6499,11.2035,3.7611
2026-07-23T16:01:23.664,144.6561,11.2427,3.8002
2026-07-23T16:01:23.675,144.6561,11.1644,3.8002
2026-07-23T16:01:23.684,144.6915,11.1839,3.8198
2026-07-23T16:01:23.691,144.6915,11.086,3.7807
2026-07-23T16:01:23.707,144.6976,11.1644,3.7219
2026-07-23T16:01:23.707,144.7017,11.1252,3.7807
2026-07-23T16:01:23.727,144.7197,11.2231,3.7219
2026-07-23T16:01:23.727,144.7197,11.1056,3.7219
2026-07-23T16:01:23.748,144.7364,11.2035,3.6827
2026-07-23T16:01:23.754,144.7379,11.0665,3.7023
2026-07-23T16:01:23.770,144.7689,11.1839,3.7219
2026-07-23T16:01:23.770,144.7717,11.0665,3.7219
2026-07-23T16:01:23.787,144.7763,11.2035,3.7023
2026-07-23T16:01:23.789,144.7999,11.0665,3.8002
2026-07-23T16:01:23.803,144.814,11.2427,3.7023
2026-07-23T16:01:23.820,144.814,10.9881,3.8002
2026-07-23T16:01:23.833,144.8212,11.2231,3.6632
2026-07-23T16:01:23.835,144.8332,11.0665,3.8002
2026-07-23T16:01:23.844,144.8493,11.2035,3.6827
2026-07-23T16:01:23.851,144.8493,11.0469,3.7023
2026-07-23T16:01:23.865,144.8569,11.1644,3.7415
2026-07-23T16:01:23.872,144.8846,10.9686,3.6632
2026-07-23T16:01:23.884,144.8875,11.1056,3.7807
2026-07-23T16:01:23.884,144.8921,10.8902,3.6632
2026-07-23T16:01:23.900,144.8981,11.1252,3.7023
2026-07-23T16:01:23.914,144.8981,10.949,3.7219
2026-07-23T16:01:23.927,144.9246,11.1056,3.7415
2026-07-23T16:01:23.927,144.9246,10.9098,3.6632
2026-07-23T16:01:23.954,144.9332,11.1448,3.7023
2026-07-23T16:01:23.954,144.9332,10.9686,3.624
2026-07-23T16:01:23.959,144.9554,11.1252,3.7611
2026-07-23T16:01:23.975,144.9554,10.949,3.7415
2026-07-23T16:01:23.984,144.9667,11.1252,3.7219
2026-07-23T16:01:23.997,144.9883,11.0273,3.6632
2026-07-23T16:01:24.006,144.9984,11.0273,3.7415
2026-07-23T16:01:24.006,145.0019,10.9686,3.6632
2026-07-23T16:01:24.022,145.0029,11.086,3.8002
2026-07-23T16:01:24.039,145.0297,10.9686,3.7415
2026-07-23T16:01:24.039,145.0297,11.0665,3.7219
2026-07-23T16:01:24.053,145.0347,11.0665,3.6436
2026-07-23T16:01:24.057,145.0505,11.1252,3.7415
2026-07-23T16:01:24.070,145.0665,11.0273,3.6632
2026-07-23T16:01:24.086,145.0715,11.1252,3.7023
2026-07-23T16:01:24.090,145.0967,11.1252,3.7611
2026-07-23T16:01:24.101,145.1019,11.1839,3.8002
2026-07-23T16:01:24.117,145.105,11.1644,3.7219
2026-07-23T16:01:24.127,145.105,11.2035,3.8198
2026-07-23T16:01:24.133,145.1301,11.2231,3.7807
2026-07-23T16:01:24.133,145.1332,11.2035,3.7807
2026-07-23T16:01:24.156,145.1421,11.1252,3.7807
2026-07-23T16:01:24.161,145.1665,11.1056,3.7611
2026-07-23T16:01:24.167,145.1665,11.1252,3.8198
2026-07-23T16:01:24.184,145.1665,11.0665,3.7807
2026-07-23T16:01:24.197,145.1778,11.1644,3.7807
2026-07-23T16:01:24.217,145.2042,11.1839,3.7807
2026-07-23T16:01:24.217,145.2042,11.1056,3.8002
2026-07-23T16:01:24.217,145.2086,11.2035,3.7611
2026-07-23T16:01:24.230,145.2321,11.0665,3.8394
2026-07-23T16:01:24.248,145.2386,11.2231,3.8198
2026-07-23T16:01:24.251,145.2403,11.0665,3.8002
2026-07-23T16:01:24.259,145.2666,11.2035,3.8002
2026-07-23T16:01:24.275,145.2666,11.086,3.859
2026-07-23T16:01:24.291,145.272,11.2818,3.8394
2026-07-23T16:01:24.291,145.2769,11.1839,3.8786
2026-07-23T16:01:24.308,145.3017,11.3602,3.8198
2026-07-23T16:01:24.317,145.3035,11.1644,3.9569
2026-07-23T16:01:24.328,145.3079,11.3798,3.8394
2026-07-23T16:01:24.339,145.335,11.1448,3.9373
2026-07-23T16:01:24.339,145.3381,11.2818,3.8786
2026-07-23T16:01:24.359,145.3381,11.1252,3.8786
2026-07-23T16:01:24.363,145.3381,11.2035,3.859
2026-07-23T16:01:24.375,145.3695,11.0469,3.8981
2026-07-23T16:01:24.389,145.3748,11.2427,3.8786
2026-07-23T16:01:24.389,145.3768,11.086,3.8002
2026-07-23T16:01:24.404,145.4,11.3014,3.8981
2026-07-23T16:01:24.404,145.4067,11.1056,3.859
2026-07-23T16:01:24.426,145.4067,11.3014,3.9177
2026-07-23T16:01:24.435,145.435,11.0665,3.8198
2026-07-23T16:01:24.449,145.435,11.2623,3.9373
2026-07-23T16:01:24.451,145.435,11.0665,3.8786
2026-07-23T16:01:24.464,145.4665,11.2231,3.8786
2026-07-23T16:01:24.480,145.4665,11.0469,3.8394
2026-07-23T16:01:24.486,145.4665,11.2623,3.859
2026-07-23T16:01:24.496,145.4767,11.0273,3.8198
2026-07-23T16:01:24.498,145.4974,11.1644,3.8394
2026-07-23T16:01:24.512,145.5004,11.1252,3.8394
2026-07-23T16:01:24.527,145.5082,11.1252,3.8002
2026-07-23T16:01:24.535,145.5396,11.1056,3.7611
2026-07-23T16:01:24.543,145.5396,11.1644,3.7415
2026-07-23T16:01:24.557,145.5446,10.9881,3.6827
2026-07-23T16:01:24.562,145.5723,11.0469,3.6827
2026-07-23T16:01:24.584,145.577,11.0273,3.6827
2026-07-23T16:01:24.584,145.577,11.0469,3.7415
2026-07-23T16:01:24.590,145.577,10.9686,3.624
2026-07-23T16:01:24.608,145.6028,10.9686,3.7219
2026-07-23T16:01:24.617,145.6028,10.949,3.6632
2026-07-23T16:01:24.623,145.6161,10.9881,3.6436
2026-07-23T16:01:24.636,145.6225,10.8707,3.5457
2026-07-23T16:01:24.638,145.6513,10.8707,3.5261
2026-07-23T16:01:24.654,145.6513,10.9098,3.6044
2026-07-23T16:01:24.667,145.6558,10.9294,3.5848
2026-07-23T16:01:24.673,145.6558,10.949,3.6436
2026-07-23T16:01:24.673,145.6826,10.9098,3.5065
2026-07-23T16:01:24.685,145.6826,10.9098,3.5457
2026-07-23T16:01:24.707,145.6974,10.9098,3.5457
2026-07-23T16:01:24.707,145.713,10.8902,3.6044
2026-07-23T16:01:24.717,145.7331,10.9294,3.5261
2026-07-23T16:01:24.733,145.7331,10.9881,3.5457
2026-07-23T16:01:24.748,145.7388,11.0665,3.5653
2026-07-23T16:01:24.752,145.7685,10.9686,3.5848
2026-07-23T16:01:24.764,145.7685,11.1252,3.5261
2026-07-23T16:01:24.764,145.7685,11.0273,3.6632
2026-07-23T16:01:24.790,145.7808,11.1839,3.5457
2026-07-23T16:01:24.794,145.783,10.949,3.5653
2026-07-23T16:01:24.811,145.8076,11.1448,3.5653
2026-07-23T16:01:24.816,145.8076,10.9881,3.6044
2026-07-23T16:01:24.819,145.8076,11.1839,3.5653
2026-07-23T16:01:24.834,145.8236,11.1056,3.6827
2026-07-23T16:01:24.858,145.8394,11.2818,3.624
2026-07-23T16:01:24.858,145.8394,11.1644,3.8198
2026-07-23T16:01:24.858,145.8529,11.3014,3.7023
2026-07-23T16:01:24.874,145.8575,11.2231,3.7415
2026-07-23T16:01:24.890,145.8873,11.4189,3.7807
2026-07-23T16:01:24.890,145.8873,11.3406,3.8002
2026-07-23T16:01:24.904,145.8934,11.5951,3.8981
2026-07-23T16:01:24.917,145.9251,11.5756,3.9569
2026-07-23T16:01:24.928,145.9251,11.7518,4.0352
2026-07-23T16:01:24.928,145.9251,11.556,4.0352
2026-07-23T16:01:24.946,145.9347,11.8301,4.1135
2026-07-23T16:01:24.959,145.9514,11.7126,4.1135
2026-07-23T16:01:24.971,145.9514,11.8497,4.1723
2026-07-23T16:01:24.976,145.9514,11.693,4.0939
2026-07-23T16:01:24.988,145.9729,11.8889,4.1723
2026-07-23T16:01:24.988,146.0001,11.8889,4.0939
2026-07-23T16:01:25.002,146.0021,12.0063,4.1527
2026-07-23T16:01:25.022,146.0105,12.0651,4.1918
2026-07-23T16:01:25.024,146.0139,12.2021,4.2506
2026-07-23T16:01:25.040,146.0331,12.2805,4.3093
2026-07-23T16:01:25.040,146.0331,12.3392,4.3289
2026-07-23T16:01:25.061,146.0452,12.3392,4.3289
2026-07-23T16:01:25.065,146.0452,12.3392,4.3681
2026-07-23T16:01:25.077,146.0774,12.3588,4.2898
2026-07-23T16:01:25.084,146.0774,12.3196,4.3485
2026-07-23T16:01:25.096,146.0852,12.2413,4.2702
2026-07-23T16:01:25.096,146.1088,12.2021,4.2702
2026-07-23T16:01:25.112,146.1143,12.2021,4.2702
2026-07-23T16:01:25.128,146.1194,12.2609,4.3681
2026-07-23T16:01:25.136,146.1266,12.3196,4.3093
2026-07-23T16:01:25.150,146.1405,12.4371,4.2898
2026-07-23T16:01:25.153,146.1405,12.4763,4.3289
2026-07-23T16:01:25.165,146.1607,12.4763,4.2898
2026-07-23T16:01:25.177,146.1664,12.4567,4.3681
2026-07-23T16:01:25.184,146.1879,12.4371,4.3093
2026-07-23T16:01:25.191,146.1999,12.4763,4.3681
2026-07-23T16:01:25.191,146.1999,12.4763,4.2702
2026-07-23T16:01:25.217,146.204,12.4763,4.2898
2026-07-23T16:01:25.223,146.204,12.4959,4.2702
2026-07-23T16:01:25.239,146.2357,12.535,4.2506
2026-07-23T16:01:25.239,146.2405,12.535,4.231
2026-07-23T16:01:25.255,146.2425,12.535,4.2898
2026-07-23T16:01:25.264,146.2459,12.5546,4.231
2026-07-23T16:01:25.279,146.2675,12.4371,4.1723
2026-07-23T16:01:25.293,146.2774,12.5154,4.1331
2026-07-23T16:01:25.297,146.2774,12.3979,4.1918
2026-07-23T16:01:25.302,146.3,12.4763,4.1527
2026-07-23T16:01:25.302,146.3032,12.4959,4.1527
2026-07-23T16:01:25.328,146.3032,12.535,4.1918
2026-07-23T16:01:25.335,146.3332,12.4763,4.2506
2026-07-23T16:01:25.350,146.3389,12.5546,4.2114
2026-07-23T16:01:25.354,146.3417,12.3979,4.2506
2026-07-23T16:01:25.365,146.3667,12.5938,4.1723
2026-07-23T16:01:25.374,146.3667,12.4763,4.231
2026-07-23T16:01:25.384,146.3774,12.535,4.1723
2026-07-23T16:01:25.398,146.3774,12.4371,4.2114
2026-07-23T16:01:25.406,146.4062,12.5938,4.231
2026-07-23T16:01:25.418,146.4114,12.4567,4.1723
2026-07-23T16:01:25.418,146.4164,12.5938,4.2506
2026-07-23T16:01:25.428,146.4412,12.4959,4.1331
2026-07-23T16:01:25.452,146.4479,12.5742,4.1723
2026-07-23T16:01:25.457,146.4479,12.3979,4.0744
2026-07-23T16:01:25.467,146.457,12.4959,4.231
2026-07-23T16:01:25.474,146.457,12.3392,4.1918
2026-07-23T16:01:25.492,146.4776,12.4763,4.1527
2026-07-23T16:01:25.499,146.4874,12.3,4.0939
2026-07-23T16:01:25.508,146.4899,12.4175,4.1723
2026-07-23T16:01:25.508,146.507,12.3979,4.1331
2026-07-23T16:01:25.528,146.5211,12.4175,4.1723
2026-07-23T16:01:25.528,146.5211,12.4371,4.1918
2026-07-23T16:01:25.541,146.5211,12.4567,4.231
2026-07-23T16:01:25.555,146.538,12.5154,4.1527
2026-07-23T16:01:25.558,146.538,12.3979,4.2114
2026-07-23T16:01:25.572,146.5529,12.4567,4.1331
2026-07-23T16:01:25.589,146.5846,12.5154,4.1331
2026-07-23T16:01:25.589,146.5865,12.4959,4.1135
2026-07-23T16:01:25.604,146.5865,12.4959,4.231
2026-07-23T16:01:25.620,146.6149,12.5742,4.1135
2026-07-23T16:01:25.628,146.6176,12.5938,4.1918
2026-07-23T16:01:25.637,146.6176,12.5938,4.2114
2026-07-23T16:01:25.646,146.6255,12.6917,4.2506
2026-07-23T16:01:25.655,146.6511,12.7504,4.2702
2026-07-23T16:01:25.666,146.6542,12.7504,4.2506
2026-07-23T16:01:25.676,146.6567,12.7896,4.2506
2026-07-23T16:01:25.684,146.6859,12.77,4.3093
2026-07-23T16:01:25.684,146.6859,12.8287,4.2898
2026-07-23T16:01:25.707,146.6939,12.7896,4.2898
2026-07-23T16:01:25.719,146.7242,12.907,4.3289
2026-07-23T16:01:25.729,146.7253,12.8287,4.2898
2026-07-23T16:01:25.737,146.7273,12.8287,4.2898
2026-07-23T16:01:25.745,146.7319,12.8287,4.2114
2026-07-23T16:01:25.755,146.7568,12.8091,4.3093
2026-07-23T16:01:25.761,146.7615,12.8287,4.231
2026-07-23T16:01:25.778,146.7683,12.7896,4.3093
2026-07-23T16:01:25.786,146.7683,12.8679,4.231
2026-07-23T16:01:25.792,146.7924,12.77,4.231
2026-07-23T16:01:25.792,146.7999,12.8091,4.231
2026-07-23T16:01:25.812,146.8055,12.7112,4.2898
2026-07-23T16:01:25.823,146.8332,12.8287,4.1918
2026-07-23T16:01:25.840,146.8359,12.7112,4.3289
2026-07-23T16:01:25.843,146.8359,12.8679,4.2114
2026-07-23T16:01:25.856,146.8359,12.77,4.2506
2026-07-23T16:01:25.864,146.8679,12.8287,4.2114
2026-07-23T16:01:25.874,146.8679,12.7112,4.3093
2026-07-23T16:01:25.887,146.8779,12.8483,4.1918
2026-07-23T16:01:25.898,146.8835,12.7896,4.2702
2026-07-23T16:01:25.903,146.9069,12.8679,4.231
2026-07-23T16:01:25.916,146.9069,12.7896,4.1918
2026-07-23T16:01:25.919,146.9155,12.8875,4.2506
2026-07-23T16:01:25.937,146.9155,12.8679,4.1918
2026-07-23T16:01:25.937,146.9331,12.8679,4.2702
2026-07-23T16:01:25.958,146.9488,12.8483,4.2506
2026-07-23T16:01:25.966,146.9488,12.8875,4.3093
2026-07-23T16:01:25.966,146.982,12.7896,4.231
2026-07-23T16:01:25.984,146.9878,12.8483,4.2898
2026-07-23T16:01:25.984,146.9903,12.7504,4.1918
2026-07-23T16:01:26.000,146.9949,12.77,4.231
2026-07-23T16:01:26.017,147.0106,12.7308,4.1331
2026-07-23T16:01:26.030,147.028,12.7896,4.2506
2026-07-23T16:01:26.041,147.033,12.8091,4.1723
2026-07-23T16:01:26.046,147.033,12.8091,4.2702
2026-07-23T16:01:26.057,147.0573,12.8679,4.1135
2026-07-23T16:01:26.061,147.0573,12.7896,4.231
2026-07-23T16:01:26.084,147.0663,12.8679,4.1135
2026-07-23T16:01:26.084,147.0663,12.8679,4.2114
2026-07-23T16:01:26.096,147.0889,12.7896,4.1331
2026-07-23T16:01:26.108,147.0998,12.6721,4.1527
2026-07-23T16:01:26.117,147.1046,12.7504,4.1331
2026-07-23T16:01:26.125,147.1066,12.5938,4.1723
2026-07-23T16:01:26.140,147.136,12.8091,4.1135
2026-07-23T16:01:26.140,147.1383,12.5938,4.0939
2026-07-23T16:01:26.157,147.1383,12.77,4.1135
2026-07-23T16:01:26.166,147.1676,12.6721,4.1918
2026-07-23T16:01:26.171,147.1676,12.7896,4.231
2026-07-23T16:01:26.189,147.1783,12.7896,4.1918
2026-07-23T16:01:26.189,147.1855,12.8679,4.1135
2026-07-23T16:01:26.203,147.207,12.8091,4.1527
2026-07-23T16:01:26.217,147.207,12.8875,3.8786
2026-07-23T16:01:26.229,147.217,12.7504,4.1331
2026-07-23T16:01:26.236,147.217,12.8875,4.2506
2026-07-23T16:01:26.251,147.2491,12.7308,4.1918
2026-07-23T16:01:26.251,147.2491,12.8679,4.2506
2026-07-23T16:01:26.266,147.2532,12.8483,4.1723
2026-07-23T16:01:26.276,147.2627,12.9462,4.1918
2026-07-23T16:01:26.292,147.2864,12.907,4.2702
2026-07-23T16:01:26.300,147.2905,12.9266,4.231
2026-07-23T16:01:26.308,147.2905,12.907,4.1723
2026-07-23T16:01:26.321,147.3105,12.8679,4.2114
2026-07-23T16:01:26.329,147.326,12.8679,4.2114
2026-07-23T16:01:26.337,147.3283,12.907,4.2702
2026-07-23T16:01:26.345,147.3333,12.9658,4.1723
2026-07-23T16:01:26.351,147.3632,12.9854,4.1331
2026-07-23T16:01:26.361,147.3666,13.005,4.231
2026-07-23T16:01:26.377,147.3696,13.0245,4.3289
2026-07-23T16:01:26.384,147.3745,13.0245,4.3093
2026-07-23T16:01:26.403,147.4052,13.0441,4.4072
2026-07-23T16:01:26.409,147.4077,13.0637,4.3681
2026-07-23T16:01:26.417,147.4077,13.0441,4.3681
2026-07-23T16:01:26.429,147.4148,13.0245,4.3877
2026-07-23T16:01:26.442,147.4491,13.0637,4.3681
2026-07-23T16:01:26.451,147.4491,13.005,4.3877
2026-07-23T16:01:26.458,147.4528,12.9854,4.3289
2026-07-23T16:01:26.466,147.4528,12.9854,4.3093
2026-07-23T16:01:26.473,147.4842,12.9462,4.2702
2026-07-23T16:01:26.488,147.4907,13.0637,4.3485
2026-07-23T16:01:26.488,147.4925,12.9854,4.3681
2026-07-23T16:01:26.504,147.498,13.005,4.4072
2026-07-23T16:01:26.519,147.5232,12.9462,4.3877
2026-07-23T16:01:26.530,147.5301,12.9658,4.3485
2026-07-23T16:01:26.535,147.5327,12.9462,4.2702
2026-07-23T16:01:26.549,147.5327,12.8287,4.3681
2026-07-23T16:01:26.559,147.5631,13.005,4.3681
2026-07-23T16:01:26.567,147.5664,12.907,4.4072
2026-07-23T16:01:26.583,147.5664,13.0245,4.3485
2026-07-23T16:01:26.583,147.5743,12.9658,4.3289
2026-07-23T16:01:26.598,147.5999,13.0833,4.3289
2026-07-23T16:01:26.599,147.5999,12.9266,4.3681
2026-07-23T16:01:26.616,147.5999,13.142,4.3289
2026-07-23T16:01:26.625,147.6104,12.9658,4.3681
2026-07-23T16:01:26.645,147.6421,13.0637,4.4072
2026-07-23T16:01:26.645,147.6421,12.9462,4.4072
2026-07-23T16:01:26.651,147.6421,13.1029,4.466
2026-07-23T16:01:26.661,147.6421,12.9266,4.4268
2026-07-23T16:01:26.677,147.679,13.0245,4.4268
2026-07-23T16:01:26.684,147.679,12.7896,4.466
2026-07-23T16:01:26.693,147.679,12.9266,4.4268
2026-07-23T16:01:26.717,147.7089,12.7896,4.5051
2026-07-23T16:01:26.717,147.716,12.9462,4.5051
2026-07-23T16:01:26.730,147.718,12.8287,4.4464
2026-07-23T16:01:26.730,147.7214,13.0245,4.5247
2026-07-23T16:01:26.740,147.748,12.8091,4.466
2026-07-23T16:01:26.760,147.7519,12.9658,4.4856
2026-07-23T16:01:26.769,147.7575,12.7896,4.4856
2026-07-23T16:01:26.772,147.7625,12.9658,4.4856
2026-07-23T16:01:26.784,147.7849,12.8091,4.466
2026-07-23T16:01:26.803,147.7907,12.9266,4.5639
2026-07-23T16:01:26.806,147.7943,12.8287,4.466
2026-07-23T16:01:26.820,147.8193,12.9266,4.466
2026-07-23T16:01:26.830,147.8243,12.7504,4.4856
2026-07-23T16:01:26.836,147.8285,12.7504,4.5051
2026-07-23T16:01:26.847,147.8331,12.7504,4.4464
2026-07-23T16:01:26.857,147.8567,12.7896,4.4856
2026-07-23T16:01:26.866,147.8594,12.7308,4.4268
2026-07-23T16:01:26.879,147.8662,12.7308,4.4268
2026-07-23T16:01:26.884,147.8793,12.8091,4.4268
2026-07-23T16:01:26.903,147.8945,12.7308,4.5051
2026-07-23T16:01:26.910,147.9024,12.7504,4.466
2026-07-23T16:01:26.917,147.9045,12.8287,4.4464
2026-07-23T16:01:26.930,147.9315,12.8287,4.5639
2026-07-23T16:01:26.930,147.9335,12.907,4.5247
2026-07-23T16:01:26.951,147.9335,12.9462,4.5443
2026-07-23T16:01:26.959,147.9422,13.142,4.5247
2026-07-23T16:01:26.963,147.9667,13.1616,4.6618
2026-07-23T16:01:26.977,147.9725,13.3182,4.6422
2026-07-23T16:01:26.984,147.9747,13.4553,4.7793
2026-07-23T16:01:26.993,147.9795,13.5924,4.6814
2026-07-23T16:01:27.000,147.9999,13.6903,4.7793
2026-07-23T16:01:27.017,148.0069,13.8273,4.8184
2026-07-23T16:01:27.025,148.0097,13.9252,4.838
2026-07-23T16:01:27.042,148.0375,14.1015,4.7989
2026-07-23T16:01:27.042,148.0375,14.1015,4.9555
2026-07-23T16:01:27.051,148.0375,14.1602,4.9751
2026-07-23T16:01:27.065,148.0492,14.0819,4.8772
2026-07-23T16:01:27.076,148.0749,14.1602,4.9163
2026-07-23T16:01:27.088,148.0796,14.0427,4.9359
2026-07-23T16:01:27.088,148.0849,14.219,4.8968
2026-07-23T16:01:27.107,148.11,14.1798,4.9359
2026-07-23T16:01:27.121,148.1158,14.3364,4.8968
2026-07-23T16:01:27.136,148.1163,14.1406,4.9359
2026-07-23T16:01:27.136,148.1163,14.3952,4.9359
2026-07-23T16:01:27.147,148.1492,14.1211,4.9555
2026-07-23T16:01:27.151,148.1492,14.2777,4.8576
2026-07-23T16:01:27.167,148.1584,14.1015,4.8772
2026-07-23T16:01:27.184,148.1795,14.1798,4.9359
2026-07-23T16:01:27.184,148.187,13.984,4.9163
2026-07-23T16:01:27.200,148.187,14.1211,4.9751
2026-07-23T16:01:27.209,148.1917,13.9252,4.8968
2026-07-23T16:01:27.218,148.2209,14.1211,4.9163
2026-07-23T16:01:27.230,148.2261,14.0232,4.838
2026-07-23T16:01:27.230,148.2261,14.0623,4.8576
2026-07-23T16:01:27.247,148.2332,13.8469,4.8968
2026-07-23T16:01:27.255,148.2572,13.984,4.9163
2026-07-23T16:01:27.261,148.263,13.6903,4.838
2026-07-23T16:01:27.277,148.2665,13.9252,4.9555
2026-07-23T16:01:27.284,148.2977,13.7294,4.7989
2026-07-23T16:01:27.292,148.3018,13.8078,4.8576
2026-07-23T16:01:27.308,148.3041,13.6511,4.8184
2026-07-23T16:01:27.317,148.3041,13.8273,4.7989
2026-07-23T16:01:27.326,148.311,13.5924,4.7597
2026-07-23T16:01:27.341,148.3352,13.612,4.838
2026-07-23T16:01:27.341,148.3423,13.5924,4.6618
2026-07-23T16:01:27.355,148.3423,13.6315,4.7009
2026-07-23T16:01:27.362,148.3423,13.5336,4.6618
2026-07-23T16:01:27.386,148.3668,13.5924,4.6226
2026-07-23T16:01:27.386,148.3668,13.4945,4.6814
2026-07-23T16:01:27.393,148.3827,13.4161,4.6618
2026-07-23T16:01:27.402,148.4143,13.3574,4.6226
2026-07-23T16:01:27.418,148.4143,13.377,4.603
2026-07-23T16:01:27.433,148.4143,13.3182,4.603
2026-07-23T16:01:27.437,148.4204,13.3378,4.5835
2026-07-23T16:01:27.451,148.4502,13.3378,4.6422
2026-07-23T16:01:27.451,148.4502,13.2987,4.603
2026-07-23T16:01:27.465,148.4502,13.2595,4.603
2026-07-23T16:01:27.481,148.4802,13.3182,4.7009
2026-07-23T16:01:27.484,148.4802,13.2595,4.6618
2026-07-23T16:01:27.501,148.4802,13.2595,4.5443
2026-07-23T16:01:27.501,148.4802,13.2595,4.6618
2026-07-23T16:01:27.528,148.5117,13.2791,4.603
2026-07-23T16:01:27.528,148.5117,13.2203,4.6422
2026-07-23T16:01:27.531,148.5208,13.1812,4.6422
2026-07-23T16:01:27.551,148.5417,13.1812,4.6422
2026-07-23T16:01:27.559,148.5417,13.2987,4.6226
2026-07-23T16:01:27.563,148.5417,13.2399,4.7009
2026-07-23T16:01:27.575,148.5583,13.3574,4.7009
2026-07-23T16:01:27.592,148.5901,13.2399,4.7009
2026-07-23T16:01:27.592,148.5929,13.3378,4.6618
2026-07-23T16:01:27.609,148.5929,13.3378,4.7205
2026-07-23T16:01:27.619,148.6218,13.4161,4.7401
2026-07-23T16:01:27.631,148.6238,13.3574,4.7989
2026-07-23T16:01:27.641,148.6269,13.4945,4.9163
2026-07-23T16:01:27.644,148.6319,13.3378,4.7597
2026-07-23T16:01:27.668,148.6586,13.4553,4.6618
2026-07-23T16:01:27.668,148.6586,13.2791,4.6814
2026-07-23T16:01:27.683,148.6666,13.5141,4.6422
2026-07-23T16:01:27.684,148.6874,13.2791,4.7989
2026-07-23T16:01:27.702,148.7003,13.5141,4.6422
2026-07-23T16:01:27.709,148.7003,13.2791,4.7009
2026-07-23T16:01:27.717,148.7046,13.5141,4.6226
2026-07-23T16:01:27.717,148.7333,13.3574,4.6814
2026-07-23T16:01:27.738,148.7382,13.4553,4.6618
2026-07-23T16:01:27.751,148.742,13.2399,4.7205
2026-07-23T16:01:27.755,148.7448,13.4945,4.6814
2026-07-23T16:01:27.768,148.7666,13.2595,4.7009
2026-07-23T16:01:27.780,148.7766,13.5336,4.7009
2026-07-23T16:01:27.789,148.7841,13.4357,4.6618
2026-07-23T16:01:27.796,148.7929,13.5532,4.7009
2026-07-23T16:01:27.796,148.8128,13.3574,4.7401
2026-07-23T16:01:27.817,148.8256,13.4749,4.7401
2026-07-23T16:01:27.831,148.8256,13.2987,4.7597
2026-07-23T16:01:27.844,148.8334,13.5336,4.7401
2026-07-23T16:01:27.844,148.8334,13.3966,4.7009
2026-07-23T16:01:27.864,148.8661,13.5532,4.7009
2026-07-23T16:01:27.864,148.8661,13.4749,4.7009
2026-07-23T16:01:27.884,148.8671,13.5532,4.7401
2026-07-23T16:01:27.884,148.8717,13.377,4.7205
2026-07-23T16:01:27.907,148.903,13.4945,4.7597
2026-07-23T16:01:27.907,148.903,13.5141,4.7205
2026-07-23T16:01:27.918,148.9091,13.4945,4.7989
2026-07-23T16:01:27.922,148.9351,13.5336,4.7597
2026-07-23T16:01:27.935,148.9382,13.4945,4.838
2026-07-23T16:01:27.938,148.941,13.4945,4.7009
2026-07-23T16:01:27.960,148.941,13.5532,4.7989
2026-07-23T16:01:27.970,148.9666,13.5336,4.7401
2026-07-23T16:01:27.984,148.9666,13.5532,4.838
2026-07-23T16:01:27.989,148.9666,13.5336,4.7989
2026-07-23T16:01:27.992,148.9824,13.612,4.8576
2026-07-23T16:01:28.017,149.0174,13.612,4.7793
2026-07-23T16:01:28.017,149.0174,13.6511,4.838
2026-07-23T16:01:28.017,149.0213,13.5924,4.9163
2026-07-23T16:01:28.033,149.0454,13.6707,4.8968
2026-07-23T16:01:28.043,149.0611,13.612,4.8968
2026-07-23T16:01:28.051,149.0611,13.7686,4.9359
2026-07-23T16:01:28.068,149.0668,13.8469,4.9555
2026-07-23T16:01:28.082,149.077,13.9252,4.9751
2026-07-23T16:01:28.096,149.1,13.8469,4.9163
2026-07-23T16:01:28.096,149.1,13.9252,4.8968
2026-07-23T16:01:28.096,149.1083,13.9252,4.8772
2026-07-23T16:01:28.112,149.1083,13.9252,4.8184
2026-07-23T16:01:28.128,149.1132,13.9644,4.8576
2026-07-23T16:01:28.131,149.1397,14.0623,4.7793
2026-07-23T16:01:28.143,149.1397,14.1211,4.838
2026-07-23T16:01:28.159,149.1486,14.219,4.8968
2026-07-23T16:01:28.168,149.1517,14.1602,4.838
2026-07-23T16:01:28.177,149.1805,14.2973,4.838
2026-07-23T16:01:28.184,149.1871,14.1798,4.8968
2026-07-23T16:01:28.199,149.1937,14.3364,4.8968
2026-07-23T16:01:28.207,149.1937,14.219,4.9163
2026-07-23T16:01:28.222,149.2241,14.3364,4.9359
2026-07-23T16:01:28.222,149.2252,14.0623,4.8968
2026-07-23T16:01:28.238,149.2276,14.2385,4.8576
2026-07-23T16:01:28.245,149.2317,13.984,4.9947
2026-07-23T16:01:28.264,149.2495,14.1798,4.9555
2026-07-23T16:01:28.264,149.2495,13.984,4.9555
2026-07-23T16:01:28.282,149.2667,14.1994,4.9359
2026-07-23T16:01:28.286,149.2971,14.0232,4.9751
2026-07-23T16:01:28.300,149.299,14.2777,4.9751
2026-07-23T16:01:28.300,149.3,14.0819,4.9947
2026-07-23T16:01:28.318,149.3,14.2973,4.9163
2026-07-23T16:01:28.318,149.3371,14.0819,4.9947
2026-07-23T16:01:28.344,149.3404,14.2777,4.9947
2026-07-23T16:01:28.350,149.3435,14.0427,4.9163
2026-07-23T16:01:28.361,149.3435,14.1211,4.9359
2026-07-23T16:01:28.364,149.3751,13.9448,4.9359
2026-07-23T16:01:28.379,149.3808,14.1015,4.9555
2026-07-23T16:01:28.391,149.3808,13.9448,4.838
2026-07-23T16:01:28.394,149.3808,14.0819,4.8772
2026-07-23T16:01:28.410,149.414,13.8861,4.8968
2026-07-23T16:01:28.419,149.4221,14.0623,4.9555
2026-07-23T16:01:28.426,149.4221,13.9252,4.9359
2026-07-23T16:01:28.442,149.4334,14.0427,4.8772
2026-07-23T16:01:28.451,149.4635,13.8861,4.838
2026-07-23T16:01:28.465,149.4635,13.984,4.838
2026-07-23T16:01:28.465,149.4704,13.9252,4.838
2026-07-23T16:01:28.473,149.4704,14.0427,4.7793
2026-07-23T16:01:28.489,149.5016,13.984,4.7401
2026-07-23T16:01:28.505,149.5117,13.9644,4.8968
2026-07-23T16:01:28.505,149.5117,13.9252,4.7401
2026-07-23T16:01:28.521,149.5173,14.0036,4.7009
2026-07-23T16:01:28.521,149.5173,13.9448,4.7597
2026-07-23T16:01:28.552,149.5489,13.9644,4.7009
2026-07-23T16:01:28.552,149.5534,13.9644,4.6814
2026-07-23T16:01:28.552,149.5534,13.984,4.7205
2026-07-23T16:01:28.568,149.5563,13.9644,4.6618
2026-07-23T16:01:28.568,149.5887,13.984,4.7401
2026-07-23T16:01:28.585,149.5936,14.0232,4.6814
2026-07-23T16:01:28.600,149.5975,14.0819,4.6618
2026-07-23T16:01:28.611,149.6001,14.1211,4.6814
2026-07-23T16:01:28.617,149.6332,14.0623,4.6618
2026-07-23T16:01:28.632,149.6332,14.0427,4.7205
2026-07-23T16:01:28.632,149.6332,14.1015,4.7205
2026-07-23T16:01:28.651,149.6444,14.0232,4.7205
2026-07-23T16:01:28.651,149.6667,13.9448,4.6226
2026-07-23T16:01:28.669,149.6755,13.9252,4.7401
2026-07-23T16:01:28.669,149.6755,13.8861,4.7009
2026-07-23T16:01:28.684,149.6813,13.9057,4.6618
2026-07-23T16:01:28.695,149.6851,13.8078,4.7205
2026-07-23T16:01:28.711,149.7106,13.7294,4.6618
2026-07-23T16:01:28.717,149.7153,13.7882,4.7205
2026-07-23T16:01:28.726,149.7153,13.6315,4.7205
2026-07-23T16:01:28.736,149.7242,13.6903,4.6422
2026-07-23T16:01:28.758,149.7432,13.5728,4.7009
2026-07-23T16:01:28.758,149.752,13.6315,4.6814
2026-07-23T16:01:28.766,149.7548,13.4357,4.7793
2026-07-23T16:01:28.784,149.785,13.5728,4.6814
2026-07-23T16:01:28.794,149.7883,13.4553,4.7009
2026-07-23T16:01:28.794,149.7883,13.612,4.6618
2026-07-23T16:01:28.806,149.7998,13.4945,4.6618
2026-07-23T16:01:28.806,149.8202,13.612,4.7009
2026-07-23T16:01:28.832,149.8266,13.4945,4.7205
2026-07-23T16:01:28.838,149.8266,13.6315,4.7205
2026-07-23T16:01:28.851,149.8404,13.4749,4.7793
2026-07-23T16:01:28.853,149.8655,13.6315,4.7989
2026-07-23T16:01:28.869,149.8685,13.5336,4.838
2026-07-23T16:01:28.877,149.8705,13.6707,4.8184
2026-07-23T16:01:28.891,149.8762,13.5336,4.838
2026-07-23T16:01:28.901,149.9025,13.6707,4.838
2026-07-23T16:01:28.901,149.9057,13.5141,4.8968
2026-07-23T16:01:28.921,149.9129,13.7099,4.9359
2026-07-23T16:01:28.932,149.9129,13.5532,4.8772
2026-07-23T16:01:28.939,149.9334,13.7882,4.838
2026-07-23T16:01:28.949,149.9334,13.6511,4.838
2026-07-23T16:01:28.956,149.9444,13.7294,4.9555
2026-07-23T16:01:28.967,149.9444,13.5728,4.8576
2026-07-23T16:01:28.984,149.9755,13.7099,4.9359
2026-07-23T16:01:28.984,149.9755,13.5532,4.8968
2026-07-23T16:01:28.995,149.9814,13.6903,4.8968
2026-07-23T16:01:29.011,150.0072,13.5336,4.9359
2026-07-23T16:01:29.018,150.0166,13.5728,4.9751
2026-07-23T16:01:29.026,150.019,13.5924,4.9555
2026-07-23T16:01:29.039,150.0244,13.5728,5.0142
2026-07-23T16:01:29.058,150.0386,13.5336,4.8968
2026-07-23T16:01:29.058,150.0386,13.5728,5.0534
2026-07-23T16:01:29.070,150.0553,13.5532,4.9359
2026-07-23T16:01:29.075,150.0553,13.5924,4.9359
2026-07-23T16:01:29.089,150.086,13.4749,4.9751
2026-07-23T16:01:29.089,150.0893,13.4945,4.9947
2026-07-23T16:01:29.106,150.0927,13.4553,4.8772
2026-07-23T16:01:29.121,150.1185,13.4945,4.9555
2026-07-23T16:01:29.132,150.1222,13.4161,4.9555
2026-07-23T16:01:29.140,150.1222,13.3966,4.8576
2026-07-23T16:01:29.143,150.1222,13.4161,4.8968
2026-07-23T16:01:29.155,150.1488,13.4357,4.9163
2026-07-23T16:01:29.169,150.1488,13.4945,4.9947
2026-07-23T16:01:29.173,150.1488,13.4749,4.9359
2026-07-23T16:01:29.186,150.1857,13.5532,4.9751
2026-07-23T16:01:29.186,150.1857,13.5336,4.9751
2026-07-23T16:01:29.200,150.1857,13.5336,4.9947
2026-07-23T16:01:29.219,150.2214,13.4357,4.8968
2026-07-23T16:01:29.231,150.2224,13.4945,4.9163
2026-07-23T16:01:29.236,150.2224,13.4357,4.8772
2026-07-23T16:01:29.236,150.2275,13.377,4.8772
2026-07-23T16:01:29.263,150.2593,13.3182,4.8184
2026-07-23T16:01:29.263,150.2593,13.3378,4.8772
2026-07-23T16:01:29.282,150.2642,13.3966,4.7793
2026-07-23T16:01:29.284,150.2914,13.3574,4.8772
2026-07-23T16:01:29.294,150.2914,13.4553,4.7989
2026-07-23T16:01:29.315,150.3001,13.5141,4.838
2026-07-23T16:01:29.324,150.3278,13.5924,4.838
2026-07-23T16:01:29.336,150.3299,13.5141,4.9555
2026-07-23T16:01:29.336,150.3299,13.5728,4.838
2026-07-23T16:01:29.351,150.3334,13.5336,4.8772
2026-07-23T16:01:29.351,150.339,13.5924,4.8184
2026-07-23T16:01:29.374,150.3542,13.5532,4.8184
2026-07-23T16:01:29.379,150.3699,13.5728,4.8576
2026-07-23T16:01:29.390,150.3759,13.4553,4.8576
2026-07-23T16:01:29.390,150.4016,13.5141,4.838
2026-07-23T16:01:29.405,150.4037,13.3966,4.8968
2026-07-23T16:01:29.420,150.4107,13.5141,4.9359
2026-07-23T16:01:29.427,150.4107,13.4945,4.8968
2026-07-23T16:01:29.436,150.4374,13.6315,4.9555
2026-07-23T16:01:29.436,150.4374,13.5336,5.0142
2026-07-23T16:01:29.461,150.4374,13.612,4.9751
2026-07-23T16:01:29.469,150.4668,13.5532,4.8772
2026-07-23T16:01:29.469,150.4668,13.6315,4.9947
2026-07-23T16:01:29.488,150.4668,13.6315,4.9947
2026-07-23T16:01:29.498,150.4819,13.749,4.9751
2026-07-23T16:01:29.518,150.5002,13.7294,4.9947
2026-07-23T16:01:29.518,150.5002,13.7294,4.9751
2026-07-23T16:01:29.533,150.5123,13.7882,4.9359
2026-07-23T16:01:29.533,150.5357,13.749,5.0142
2026-07-23T16:01:29.551,150.5357,13.7882,5.0338
2026-07-23T16:01:29.551,150.5436,13.749,5.0926
2026-07-23T16:01:29.569,150.5736,13.8665,5.0534
2026-07-23T16:01:29.579,150.5779,13.8078,5.1513
2026-07-23T16:01:29.586,150.5779,13.8665,5.0926
2026-07-23T16:01:29.594,150.5817,13.8273,5.1317
2026-07-23T16:01:29.594,150.6095,13.8273,5.1317
2026-07-23T16:01:29.618,150.6095,13.7294,5.1121
2026-07-23T16:01:29.629,150.6095,13.7882,5.0534
2026-07-23T16:01:29.643,150.6454,13.7294,5.073
2026-07-23T16:01:29.651,150.6482,13.8078,5.0534
2026-07-23T16:01:29.660,150.6482,13.7882,5.1121
2026-07-23T16:01:29.673,150.6536,13.8469,5.1121
2026-07-23T16:01:29.676,150.6707,13.7686,5.1121
2026-07-23T16:01:29.690,150.6817,13.8469,5.1121
2026-07-23T16:01:29.696,150.6864,13.8078,5.073
2026-07-23T16:01:29.709,150.6919,13.9644,5.1709
2026-07-23T16:01:29.717,150.7199,13.8861,5.0534
2026-07-23T16:01:29.732,150.7199,13.9448,5.1905
2026-07-23T16:01:29.737,150.7199,13.8665,5.0926
2026-07-23T16:01:29.753,150.7493,13.9644,5.0338
2026-07-23T16:01:29.754,150.7573,13.8078,5.0534
2026-07-23T16:01:29.771,150.7573,13.8273,5.0926
2026-07-23T16:01:29.784,150.7573,13.7686,5.0534
2026-07-23T16:01:29.784,150.7841,13.8861,5.0926
2026-07-23T16:01:29.800,150.7898,13.8273,5.073
2026-07-23T16:01:29.808,150.7927,13.8469,5.1709
2026-07-23T16:01:29.822,150.813,13.8273,5.073
2026-07-23T16:01:29.834,150.8203,13.8861,5.1121
2026-07-23T16:01:29.841,150.8251,13.9057,5.1317
2026-07-23T16:01:29.847,150.8523,13.8469,5.1121
2026-07-23T16:01:29.863,150.8591,13.8665,5.0534
2026-07-23T16:01:29.871,150.8638,13.7882,5.0926
2026-07-23T16:01:29.879,150.8693,13.8665,5.1121
2026-07-23T16:01:29.895,150.8938,13.7882,5.073
2026-07-23T16:01:29.895,150.8938,13.8078,4.9947
2026-07-23T16:01:29.910,150.9,13.7686,5.0926
2026-07-23T16:01:29.922,150.9024,13.8273,5.1121
2026-07-23T16:01:29.932,150.9285,13.749,5.0338
2026-07-23T16:01:29.932,150.9285,13.7686,5.0926
2026-07-23T16:01:29.951,150.9337,13.7882,5.073
2026-07-23T16:01:29.974,150.9602,13.8469,5.0534
2026-07-23T16:01:29.974,150.9602,13.984,5.0534
2026-07-23T16:01:29.979,150.9669,14.1798,5.073
2026-07-23T16:01:29.986,150.97,14.2973,5.0142
2026-07-23T16:01:30.005,150.9987,14.3364,5.1513
2026-07-23T16:01:30.005,151.0002,14.3364,5.1121
2026-07-23T16:01:30.021,151.002,14.4343,5.2492
2026-07-23T16:01:30.033,151.0363,14.4539,5.21
2026-07-23T16:01:30.045,151.0363,14.6106,5.21
2026-07-23T16:01:30.049,151.0363,14.6693,5.2884
2026-07-23T16:01:30.053,151.0363,14.8455,5.2492
2026-07-23T16:01:30.072,151.0665,14.8455,5.308
2026-07-23T16:01:30.072,151.0665,14.826,5.3667
2026-07-23T16:01:30.087,151.0777,15.0218,5.2884
2026-07-23T16:01:30.087,151.1001,15.0218,5.4059
2026-07-23T16:01:30.117,151.1071,15.2372,5.4059
2026-07-23T16:01:30.117,151.1071,15.2176,5.5429
2026-07-23T16:01:30.129,151.1126,15.433,5.5038
2026-07-23T16:01:30.133,151.1334,15.2176,5.5821
2026-07-23T16:01:30.151,151.1444,15.3546,5.5429
2026-07-23T16:01:30.158,151.1484,15.1784,5.5038
2026-07-23T16:01:30.165,151.1515,15.3938,5.445
2026-07-23T16:01:30.184,151.1762,15.3546,5.5038
2026-07-23T16:01:30.184,151.1762,15.5113,5.445
2026-07-23T16:01:30.199,151.1822,15.4134,5.5038
2026-07-23T16:01:30.217,151.2114,15.6875,5.5821
2026-07-23T16:01:30.217,151.2114,15.6092,5.68
2026-07-23T16:01:30.227,151.2114,15.805,5.6212
2026-07-23T16:01:30.233,151.2248,15.6679,5.6408
2026-07-23T16:01:30.258,151.253,15.7854,5.6408
2026-07-23T16:01:30.258,151.2548,15.6484,5.5429
2026-07-23T16:01:30.273,151.2571,15.8246,5.6017
2026-07-23T16:01:30.276,151.289,15.7071,5.5625
2026-07-23T16:01:30.308,151.2963,15.8442,5.6212
2026-07-23T16:01:30.308,151.2963,15.7658,5.5429
2026-07-23T16:01:30.308,151.2963,15.8246,5.445
2026-07-23T16:01:30.322,151.3282,15.7854,5.5038
2026-07-23T16:01:30.337,151.3332,15.9029,5.5429
2026-07-23T16:01:30.347,151.3352,15.7658,5.5038
2026-07-23T16:01:30.347,151.341,15.9029,5.5038
2026-07-23T16:01:30.353,151.379,15.8442,5.4842
2026-07-23T16:01:30.373,151.3825,15.9029,5.6017
2026-07-23T16:01:30.379,151.3921,15.9421,5.4254
2026-07-23T16:01:30.386,151.3962,16.0008,5.5821
2026-07-23T16:01:30.396,151.4001,16.1379,5.5429
2026-07-23T16:01:30.415,151.4332,16.0204,5.5625
2026-07-23T16:01:30.415,151.4332,15.9812,5.5429
2026-07-23T16:01:30.430,151.4405,15.8637,5.5038
2026-07-23T16:01:30.442,151.444,15.805,5.4059
2026-07-23T16:01:30.451,151.444,15.7071,5.4646
2026-07-23T16:01:30.462,151.4824,15.7854,5.4059
2026-07-23T16:01:30.479,151.4855,15.6484,5.308
2026-07-23T16:01:30.479,151.4855,15.6288,5.4646
2026-07-23T16:01:30.491,151.4915,15.6679,5.4646
2026-07-23T16:01:30.495,151.4972,15.6484,5.4646
2026-07-23T16:01:30.512,151.5271,15.6484,5.4842
2026-07-23T16:01:30.526,151.5297,15.6092,5.445
2026-07-23T16:01:30.526,151.5297,15.5896,5.3863
2026-07-23T16:01:30.542,151.5297,15.5309,5.3667
2026-07-23T16:01:30.548,151.5368,15.5505,5.3667
2026-07-23T16:01:30.557,151.5692,15.5113,5.4059
2026-07-23T16:01:30.574,151.5712,15.4917,5.4254
2026-07-23T16:01:30.578,151.5712,15.4134,5.445
2026-07-23T16:01:30.589,151.5785,15.3742,5.3471
2026-07-23T16:01:30.589,151.6069,15.1393,5.308
2026-07-23T16:01:30.604,151.6069,15.2372,5.2296
2026-07-23T16:01:30.622,151.6172,15.1393,5.3275
2026-07-23T16:01:30.629,151.6204,15.3351,5.2296
2026-07-23T16:01:30.636,151.6503,15.1001,5.308
2026-07-23T16:01:30.651,151.6503,15.2763,5.2688
2026-07-23T16:01:30.658,151.6621,14.9826,5.2296
2026-07-23T16:01:30.671,151.6667,15.1393,5.21
2026-07-23T16:01:30.684,151.7036,15.0022,5.2492
2026-07-23T16:01:30.684,151.7054,15.1001,5.1709
2026-07-23T16:01:30.701,151.7113,14.9043,5.2688
2026-07-23T16:01:30.701,151.7113,15.0609,5.21
2026-07-23T16:01:30.718,151.7113,14.7672,5.2296
2026-07-23T16:01:30.733,151.7584,14.9043,5.2492
2026-07-23T16:01:30.746,151.7584,14.6497,5.2492
2026-07-23T16:01:30.746,151.7584,14.8651,5.2492
2026-07-23T16:01:30.756,151.7584,14.6106,5.1905
2026-07-23T16:01:30.774,151.7689,14.7672,5.2688
2026-07-23T16:01:30.778,151.8001,14.5518,5.2884
2026-07-23T16:01:30.796,151.8057,14.7672,5.4059
2026-07-23T16:01:30.796,151.8129,14.6106,5.3471
2026-07-23T16:01:30.809,151.8155,14.8064,5.4254
2026-07-23T16:01:30.820,151.8214,14.591,5.3863
2026-07-23T16:01:30.832,151.8579,14.6889,5.4254
2026-07-23T16:01:30.851,151.8599,14.5127,5.3667
2026-07-23T16:01:30.851,151.8684,14.7085,5.445
2026-07-23T16:01:30.856,151.8704,14.5518,5.308
2026-07-23T16:01:30.872,151.8736,14.6497,5.3275
2026-07-23T16:01:30.884,151.9167,14.4735,5.308
2026-07-23T16:01:30.904,151.9188,14.6302,5.3275
2026-07-23T16:01:30.904,151.9188,14.5714,5.3471
2026-07-23T16:01:30.911,151.9266,14.6497,5.3863
2026-07-23T16:01:30.921,151.9314,14.5323,5.3863
2026-07-23T16:01:30.924,151.9334,14.591,5.4254
2026-07-23T16:01:30.935,151.9669,14.5323,5.3275
2026-07-23T16:01:30.959,151.9669,14.6497,5.3863
2026-07-23T16:01:30.970,151.9787,14.6889,5.3471
2026-07-23T16:01:30.970,151.983,14.7672,5.3471
2026-07-23T16:01:30.980,151.987,14.7672,5.3471
2026-07-23T16:01:30.984,152.0262,14.8847,5.445
2026-07-23T16:01:30.999,152.0262,14.7868,5.4059
2026-07-23T16:01:31.014,152.0262,14.7868,5.4059
2026-07-23T16:01:31.018,152.0262,14.7672,5.3667
2026-07-23T16:01:31.018,152.0374,14.8064,5.4059
2026-07-23T16:01:31.038,152.0467,14.826,5.4254
2026-07-23T16:01:31.051,152.0792,14.8064,5.445
2026-07-23T16:01:31.061,152.0832,14.8455,5.5625
2026-07-23T16:01:31.061,152.0858,14.8455,5.445
2026-07-23T16:01:31.077,152.0892,14.8651,5.5625
2026-07-23T16:01:31.098,152.0952,14.9239,5.5625
2026-07-23T16:01:31.098,152.0952,14.9434,5.6212
2026-07-23T16:01:31.111,152.1335,15.0609,5.6212
2026-07-23T16:01:31.125,152.1368,15.0022,5.6604
2026-07-23T16:01:31.130,152.1426,15.1197,5.6017
2026-07-23T16:01:31.140,152.1452,15.1588,5.7191
2026-07-23T16:01:31.151,152.1452,15.2372,5.6996
2026-07-23T16:01:31.160,152.1864,15.3546,5.8562
2026-07-23T16:01:31.176,152.1884,15.57,5.8954
2026-07-23T16:01:31.176,152.1884,15.4134,5.9541
2026-07-23T16:01:31.188,152.2001,15.5113,5.9737
2026-07-23T16:01:31.196,152.2042,15.2959,5.8366
2026-07-23T16:01:31.213,152.2382,15.4134,5.8562
2026-07-23T16:01:31.219,152.2382,15.2763,5.8366
2026-07-23T16:01:31.219,152.2457,15.5113,5.8171
2026-07-23T16:01:31.239,152.2509,15.3742,5.9541
2026-07-23T16:01:31.239,152.2509,15.6092,5.9737
2026-07-23T16:01:31.255,152.2876,15.5309,6.0324
2026-07-23T16:01:31.279,152.2876,15.7463,6.052
2026-07-23T16:01:31.285,152.2948,15.6092,6.0129
2026-07-23T16:01:31.289,152.2948,15.805,6.0324
2026-07-23T16:01:31.305,152.3002,15.5505,6.052
2026-07-23T16:01:31.309,152.3002,15.7658,6.052
2026-07-23T16:01:31.317,152.3335,15.6092,5.9541
2026-07-23T16:01:31.334,152.3335,15.805,5.9933
2026-07-23T16:01:31.338,152.3422,15.57,6.0129
2026-07-23T16:01:31.351,152.3499,15.7071,5.9933
2026-07-23T16:01:31.351,152.3857,15.3155,5.9737
2026-07-23T16:01:31.361,152.3889,15.4721,5.9737
2026-07-23T16:01:31.384,152.3889,15.0414,5.9737
2026-07-23T16:01:31.384,152.3889,15.1001,5.9541
2026-07-23T16:01:31.401,152.4002,14.9043,5.8562
2026-07-23T16:01:31.414,152.4368,15.0414,5.7975
2026-07-23T16:01:31.424,152.4368,14.8847,5.8171
2026-07-23T16:01:31.434,152.442,15.0609,5.8562
2026-07-23T16:01:31.440,152.442,14.8651,5.7779
2026-07-23T16:01:31.451,152.4528,15.1393,5.8171
2026-07-23T16:01:31.456,152.4544,14.9826,5.7975
2026-07-23T16:01:31.477,152.4847,15.0609,5.9541
2026-07-23T16:01:31.477,152.4847,14.9826,5.7779
2026-07-23T16:01:31.493,152.496,15.0609,5.7387
2026-07-23T16:01:31.502,152.496,14.963,5.7387
2026-07-23T16:01:31.510,152.532,15.0414,5.8171
2026-07-23T16:01:31.519,152.532,15.0218,5.7975
2026-07-23T16:01:31.520,152.532,15.1197,5.8758
2026-07-23T16:01:31.536,152.538,15.198,5.7779
2026-07-23T16:01:31.547,152.538,15.3742,5.915
2026-07-23T16:01:31.555,152.5668,15.3742,5.915
2026-07-23T16:01:31.567,152.5794,15.4721,5.915
2026-07-23T16:01:31.583,152.5794,15.3742,5.915
2026-07-23T16:01:31.589,152.5875,15.3155,5.9345
2026-07-23T16:01:31.600,152.611,15.2567,5.915
2026-07-23T16:01:31.618,152.6211,15.2372,5.8562
2026-07-23T16:01:31.618,152.6211,15.1588,5.8758
2026-07-23T16:01:31.630,152.6265,15.1588,5.7779
2026-07-23T16:01:31.638,152.6336,15.1393,5.8562
2026-07-23T16:01:31.651,152.663,15.2372,5.8366
2026-07-23T16:01:31.662,152.6686,15.1784,5.8562
2026-07-23T16:01:31.672,152.675,15.2176,5.8562
2026-07-23T16:01:31.677,152.6784,15.2372,5.9345
2026-07-23T16:01:31.693,152.7126,15.3546,5.8562
2026-07-23T16:01:31.709,152.7146,15.3155,5.8954
2026-07-23T16:01:31.709,152.7146,15.4134,5.7975
2026-07-23T16:01:31.719,152.7213,15.3546,5.9345
2026-07-23T16:01:31.734,152.7229,15.3546,5.8758
2026-07-23T16:01:31.740,152.7526,15.3155,5.9345
2026-07-23T16:01:31.757,152.7526,15.4525,5.9345
2026-07-23T16:01:31.757,152.7526,15.2763,5.9737
2026-07-23T16:01:31.772,152.7686,15.4917,5.9345
2026-07-23T16:01:31.782,152.7686,15.198,5.915
2026-07-23T16:01:31.788,152.8004,15.3155,5.8954
2026-07-23T16:01:31.803,152.8053,15.1001,5.9933
2026-07-23T16:01:31.803,152.8087,15.2763,5.915
2026-07-23T16:01:31.819,152.8136,15.1784,5.9737
2026-07-23T16:01:31.835,152.8505,15.3742,5.8954
2026-07-23T16:01:31.839,152.8532,15.3742,6.0129
2026-07-23T16:01:31.856,152.8532,15.3155,5.9737
2026-07-23T16:01:31.864,152.8532,15.2176,5.9541
2026-07-23T16:01:31.872,152.8635,15.2959,6.0324
2026-07-23T16:01:31.881,152.9002,15.1001,5.9345
2026-07-23T16:01:31.884,152.9035,15.2763,5.9933
2026-07-23T16:01:31.901,152.9095,15.1001,6.0129
2026-07-23T16:01:31.904,152.9132,15.2959,5.915
2026-07-23T16:01:31.926,152.9463,15.0022,5.9345
2026-07-23T16:01:31.929,152.9488,15.1197,5.8954
2026-07-23T16:01:31.946,152.953,14.9434,5.915
2026-07-23T16:01:31.954,152.955,15.0218,5.915
2026-07-23T16:01:31.964,152.9629,14.8064,5.7975
2026-07-23T16:01:31.968,152.9667,15.0022,5.7779
2026-07-23T16:01:31.979,152.9885,14.8455,5.8562
2026-07-23T16:01:31.984,152.9965,15.198,5.8562
2026-07-23T16:01:32.000,153.0004,14.8064,5.8954
2026-07-23T16:01:32.014,153.0046,14.963,5.9345
2026-07-23T16:01:32.017,153.0119,14.7281,5.9737
2026-07-23T16:01:32.039,153.0386,14.8455,6.0716
2026-07-23T16:01:32.039,153.0386,14.6497,5.9933
2026-07-23T16:01:32.051,153.0529,14.826,5.9933
2026-07-23T16:01:32.063,153.0529,14.591,5.9541
2026-07-23T16:01:32.071,153.0865,14.7672,6.0324
2026-07-23T16:01:32.086,153.0896,14.6497,6.0324
2026-07-23T16:01:32.089,153.0896,14.7281,6.1499
2026-07-23T16:01:32.104,153.1,14.6106,6.0324
2026-07-23T16:01:32.109,153.1,14.6889,6.052
2026-07-23T16:01:32.135,153.1334,14.6693,6.052
2026-07-23T16:01:32.135,153.1334,14.6497,5.9933
2026-07-23T16:01:32.140,153.1334,14.6302,6.0324
2026-07-23T16:01:32.140,153.1334,14.6106,6.0912
2026-07-23T16:01:32.161,153.1729,14.5714,6.0324
2026-07-23T16:01:32.173,153.1749,14.6106,6.052
2026-07-23T16:01:32.184,153.1749,14.5518,5.9933
2026-07-23T16:01:32.184,153.181,14.4931,6.0324
2026-07-23T16:01:32.198,153.2095,14.5127,5.9933
2026-07-23T16:01:32.214,153.2105,14.4343,6.0129
2026-07-23T16:01:32.218,153.2155,14.4539,6.0324
2026-07-23T16:01:32.232,153.2155,14.5127,6.052
2026-07-23T16:01:32.241,153.2468,14.5518,6.0716
2026-07-23T16:01:32.256,153.2468,14.6497,6.0912
2026-07-23T16:01:32.260,153.2534,14.7085,6.0716
2026-07-23T16:01:32.266,153.2577,14.8064,6.1108
2026-07-23T16:01:32.280,153.2843,14.7672,6.1499
2026-07-23T16:01:32.293,153.2843,14.7476,6.1695
2026-07-23T16:01:32.298,153.2926,14.7085,6.1303
2026-07-23T16:01:32.309,153.2951,14.6889,6.1891
2026-07-23T16:01:32.324,153.3202,14.6693,6.2674
2026-07-23T16:01:32.324,153.3202,14.6693,6.2674
2026-07-23T16:01:32.340,153.3323,14.5714,6.4045
2026-07-23T16:01:32.346,153.3516,14.4539,6.3653
2026-07-23T16:01:32.355,153.3516,14.4539,6.4436
2026-07-23T16:01:32.371,153.3516,14.3756,6.3653
2026-07-23T16:01:32.371,153.3708,14.3364,6.3262
2026-07-23T16:01:32.387,153.3991,14.2973,6.287
2026-07-23T16:01:32.402,153.4001,14.2581,6.2478
2026-07-23T16:01:32.402,153.4001,14.2385,6.1891
2026-07-23T16:01:32.422,153.4135,14.1798,6.2674
2026-07-23T16:01:32.434,153.4392,14.2385,6.2282
2026-07-23T16:01:32.442,153.444,14.1994,6.2478
2026-07-23T16:01:32.451,153.444,14.3756,6.2282
2026-07-23T16:01:32.451,153.4474,14.356,6.3262
2026-07-23T16:01:32.466,153.467,14.6302,6.287
2026-07-23T16:01:32.484,153.4785,14.4148,6.2478
2026-07-23T16:01:32.490,153.4845,14.5127,6.2674
2026-07-23T16:01:32.501,153.4845,14.4931,6.2478
2026-07-23T16:01:32.513,153.5098,14.6693,6.3653
2026-07-23T16:01:32.518,153.5098,14.6302,6.3262
2026-07-23T16:01:32.529,153.5211,14.8847,6.4241
2026-07-23T16:01:32.535,153.5256,15.0022,6.5415
2026-07-23T16:01:32.561,153.5438,15.0805,6.6199
2026-07-23T16:01:32.561,153.5566,15.0609,6.6394
2026-07-23T16:01:32.572,153.5566,15.2763,6.6982
2026-07-23T16:01:32.576,153.5846,15.1784,6.6199
2026-07-23T16:01:32.595,153.5881,15.3351,6.6786
2026-07-23T16:01:32.595,153.5881,15.1588,6.6394
2026-07-23T16:01:32.607,153.5969,15.2959,6.6982
2026-07-23T16:01:32.625,153.6244,15.2176,6.6786
2026-07-23T16:01:32.631,153.6244,15.4917,6.7765
2026-07-23T16:01:32.639,153.631,15.4721,6.7765
2026-07-23T16:01:32.648,153.6335,15.7071,6.7961
2026-07-23T16:01:32.655,153.6519,15.57,6.6786
2026-07-23T16:01:32.670,153.6638,15.6875,6.7178
2026-07-23T16:01:32.675,153.6685,15.5896,6.6003
2026-07-23T16:01:32.686,153.6973,15.57,6.5415
2026-07-23T16:01:32.703,153.6998,15.3938,6.5024
2026-07-23T16:01:32.715,153.6998,15.3938,6.5415
2026-07-23T16:01:32.719,153.7022,15.2567,6.4045
2026-07-23T16:01:32.721,153.7319,15.198,6.4828
2026-07-23T16:01:32.736,153.7355,15.0218,6.3849
2026-07-23T16:01:32.753,153.7355,15.0414,6.4241
2026-07-23T16:01:32.765,153.7669,14.9826,6.4436
2026-07-23T16:01:32.765,153.7707,15.0022,6.5415
2026-07-23T16:01:32.782,153.775,15.0609,6.4632
2026-07-23T16:01:32.786,153.7778,15.1197,6.5024
2026-07-23T16:01:32.803,153.8003,15.1588,6.4436
2026-07-23T16:01:32.813,153.8093,15.1001,6.4632
2026-07-23T16:01:32.822,153.8147,15.0805,6.4632
2026-07-23T16:01:32.829,153.8147,14.9434,6.4632
2026-07-23T16:01:32.840,153.8408,14.9043,6.3457
2026-07-23T16:01:32.851,153.8486,14.826,6.3653
2026-07-23T16:01:32.851,153.8486,14.7868,6.2674
2026-07-23T16:01:32.866,153.8566,14.7085,6.3066
2026-07-23T16:01:32.892,153.889,14.6693,6.2478
2026-07-23T16:01:32.892,153.889,14.7085,6.3653
2026-07-23T16:01:32.907,153.8957,14.826,6.287
2026-07-23T16:01:32.913,153.8957,14.7672,6.3262
2026-07-23T16:01:32.917,153.9236,14.9043,6.3262
2026-07-23T16:01:32.936,153.9236,14.7085,6.3066
2026-07-23T16:01:32.940,153.9236,14.7476,6.2478
2026-07-23T16:01:32.946,153.9358,14.6693,6.2478
2026-07-23T16:01:32.965,153.956,14.591,6.2087
2026-07-23T16:01:32.965,153.967,14.4735,6.2478
2026-07-23T16:01:32.974,153.9706,14.6106,6.2282
2026-07-23T16:01:32.987,153.9726,14.6106,6.3066
2026-07-23T16:01:33.002,154.0003,14.826,6.3457
2026-07-23T16:01:33.007,154.0003,14.8847,6.3066
2026-07-23T16:01:33.023,154.0003,15.0609,6.3653
2026-07-23T16:01:33.036,154.0466,15.0414,6.3653
2026-07-23T16:01:33.036,154.052,15.1393,6.4828
2026-07-23T16:01:33.051,154.052,15.1784,6.3849
2026-07-23T16:01:33.051,154.052,15.2176,6.4241
2026-07-23T16:01:33.079,154.085,15.3351,6.4436
2026-07-23T16:01:33.090,154.0936,15.3155,6.4828
2026-07-23T16:01:33.097,154.0936,15.3546,6.4828
2026-07-23T16:01:33.103,154.0967,15.3938,6.4828
2026-07-23T16:01:33.115,154.1004,15.5113,6.5807
2026-07-23T16:01:33.118,154.1274,15.4721,6.522
2026-07-23T16:01:33.136,154.1335,15.5505,6.4828
2026-07-23T16:01:33.144,154.1335,15.4525,6.522
2026-07-23T16:01:33.147,154.1335,15.5309,6.4632
2026-07-23T16:01:33.162,154.1671,15.3938,6.4045
2026-07-23T16:01:33.174,154.1671,15.5113,6.3653
2026-07-23T16:01:33.184,154.1724,15.5309,6.4436
2026-07-23T16:01:33.184,154.1748,15.805,6.3849
2026-07-23T16:01:33.192,154.2005,15.8246,6.3849
2026-07-23T16:01:33.209,154.2041,15.9812,6.4241
2026-07-23T16:01:33.221,154.2061,16.0008,6.4828
2026-07-23T16:01:33.239,154.2351,16.0987,6.5024
2026-07-23T16:01:33.239,154.2351,16.1379,6.6003
2026-07-23T16:01:33.255,154.2351,16.2162,6.6199
2026-07-23T16:01:33.262,154.2351,16.3337,6.6982
2026-07-23T16:01:33.277,154.267,16.3924,6.7178
2026-07-23T16:01:33.277,154.267,16.5295,6.7765
2026-07-23T16:01:33.286,154.267,16.8232,6.8744
2026-07-23T16:01:33.304,154.3004,16.8819,6.9527
2026-07-23T16:01:33.318,154.3004,17.0386,6.9527
2026-07-23T16:01:33.318,154.3142,17.0582,6.9136
2026-07-23T16:01:33.318,154.3142,17.1561,6.9527
2026-07-23T16:01:33.340,154.3453,17.1952,6.894
2026-07-23T16:01:33.351,154.3513,17.3715,6.9527
2026-07-23T16:01:33.351,154.3513,17.4694,6.894
2026-07-23T16:01:33.365,154.3513,17.5085,6.894
2026-07-23T16:01:33.385,154.3853,17.5673,6.8353
2026-07-23T16:01:33.385,154.3932,17.4106,6.8353
2026-07-23T16:01:33.396,154.3932,17.4106,6.8157
2026-07-23T16:01:33.412,154.3973,17.5869,7.0311
2026-07-23T16:01:33.424,154.4245,17.8218,6.9332
2026-07-23T16:01:33.436,154.4245,17.8414,6.9723
2026-07-23T16:01:33.436,154.4345,17.9001,6.9527
2026-07-23T16:01:33.451,154.4567,17.8022,6.9919
2026-07-23T16:01:33.465,154.469,17.861,6.894
2026-07-23T16:01:33.465,154.469,17.9001,6.9527
2026-07-23T16:01:33.485,154.4759,17.9785,6.8353
2026-07-23T16:01:33.485,154.4759,17.9393,6.8157
2026-07-23T16:01:33.507,154.5074,17.9393,6.8548
2026-07-23T16:01:33.507,154.5114,17.9197,6.9136
2026-07-23T16:01:33.527,154.5114,18.1155,6.894
2026-07-23T16:01:33.527,154.5203,17.9589,6.9919
2026-07-23T16:01:33.539,154.54,17.9785,6.9136
2026-07-23T16:01:33.554,154.5506,17.7239,6.894
2026-07-23T16:01:33.562,154.5506,17.7827,6.8157
2026-07-23T16:01:33.573,154.5582,17.5673,6.7765
2026-07-23T16:01:33.573,154.5855,17.8218,6.7961
2026-07-23T16:01:33.591,154.588,17.626,6.7373
2026-07-23T16:01:33.601,154.588,17.6848,6.8157
2026-07-23T16:01:33.610,154.588,17.5085,6.7373
2026-07-23T16:01:33.632,154.6233,17.5281,6.7765
2026-07-23T16:01:33.632,154.6233,17.3323,6.7178
2026-07-23T16:01:33.639,154.6353,17.2931,6.7569
2026-07-23T16:01:33.649,154.6617,17.019,6.7569
2026-07-23T16:01:33.665,154.6672,17.0778,6.6982
2026-07-23T16:01:33.665,154.6672,16.9407,6.7569
2026-07-23T16:01:33.688,154.6672,17.0386,6.7178
2026-07-23T16:01:33.698,154.7004,16.9603,6.6003
2026-07-23T16:01:33.698,154.7004,17.1365,6.6982
2026-07-23T16:01:33.713,154.7099,16.9798,6.6199
2026-07-23T16:01:33.718,154.7099,17.0973,6.7569
2026-07-23T16:01:33.736,154.7423,17.0582,6.6786
2026-07-23T16:01:33.745,154.7454,17.1757,6.7765
2026-07-23T16:01:33.751,154.7454,17.1757,6.7569
2026-07-23T16:01:33.761,154.7486,17.2931,6.8157
2026-07-23T16:01:33.776,154.7718,17.2736,6.8353
2026-07-23T16:01:33.786,154.7718,17.2931,6.894
2026-07-23T16:01:33.793,154.7857,17.2736,6.8157
2026-07-23T16:01:33.799,154.7902,17.2736,6.9136
2026-07-23T16:01:33.808,154.8194,17.2931,6.9136
2026-07-23T16:01:33.823,154.8194,17.2344,7.0311
2026-07-23T16:01:33.823,154.8248,17.3323,6.9527
2026-07-23T16:01:33.841,154.832,17.254,7.2269
2026-07-23T16:01:33.854,154.8625,17.2148,7.2464
2026-07-23T16:01:33.854,154.8625,17.2344,7.3639
2026-07-23T16:01:33.870,154.8654,17.1952,7.4031
2026-07-23T16:01:33.884,154.8669,17.3519,7.4031
2026-07-23T16:01:33.887,154.899,17.4694,7.4423
2026-07-23T16:01:33.902,154.9005,17.626,7.5206
2026-07-23T16:01:33.913,154.9052,17.626,7.5402
2026-07-23T16:01:33.918,154.9099,17.6456,7.6968
2026-07-23T16:01:33.939,154.9382,17.6064,7.7947
2026-07-23T16:01:33.939,154.9382,17.7435,7.9318
2026-07-23T16:01:33.951,154.9429,17.7435,8.0297
2026-07-23T16:01:33.961,154.9466,17.7631,7.9709
2026-07-23T16:01:33.967,154.967,17.7435,7.9709
2026-07-23T16:01:33.984,154.9788,17.8414,7.9514
2026-07-23T16:01:33.994,154.9788,17.8022,7.9709
2026-07-23T16:01:33.997,154.986,17.7631,7.9122
2026-07-23T16:01:34.018,155.0113,17.6848,7.9514
2026-07-23T16:01:34.018,155.0113,17.8218,7.7947
2026-07-23T16:01:34.030,155.0113,17.8414,7.8143
2026-07-23T16:01:34.045,155.0423,17.861,7.6576
2026-07-23T16:01:34.062,155.058,17.998,7.6576
2026-07-23T16:01:34.062,155.058,17.9001,7.6576
2026-07-23T16:01:34.062,155.0651,17.7827,7.6381
2026-07-23T16:01:34.084,155.0897,17.8218,7.6772
2026-07-23T16:01:34.093,155.0956,17.7239,7.7164
2026-07-23T16:01:34.093,155.0956,17.7631,7.6576
2026-07-23T16:01:34.118,155.1043,17.6456,7.6772
2026-07-23T16:01:34.118,155.1241,17.8218,7.6968
2026-07-23T16:01:34.140,155.1337,17.6456,7.6968
2026-07-23T16:01:34.140,155.1369,17.861,7.6185
2026-07-23T16:01:34.156,155.1422,17.5869,7.6381
2026-07-23T16:01:34.156,155.1687,17.7043,7.5402
2026-07-23T16:01:34.175,155.1772,17.4889,7.6381
2026-07-23T16:01:34.175,155.1772,17.6456,7.5206
2026-07-23T16:01:34.193,155.1772,17.5085,7.5402
2026-07-23T16:01:34.203,155.2151,17.7435,7.5206
2026-07-23T16:01:34.216,155.2161,17.5281,7.4618
2026-07-23T16:01:34.219,155.2201,17.6652,7.4227
2026-07-23T16:01:34.228,155.2258,17.391,7.501
2026-07-23T16:01:34.237,155.2491,17.5085,7.4423
2026-07-23T16:01:34.258,155.2491,17.3323,7.3835
2026-07-23T16:01:34.258,155.2491,17.6064,7.4227
2026-07-23T16:01:34.276,155.2668,17.4498,7.4814
2026-07-23T16:01:34.280,155.2946,17.8414,7.4814
2026-07-23T16:01:34.300,155.3003,17.9197,7.5402
2026-07-23T16:01:34.300,155.3003,18.1547,7.5402
2026-07-23T16:01:34.316,155.3003,18.2526,7.5793
2026-07-23T16:01:34.318,155.3104,18.5463,7.736
2026-07-23T16:01:34.342,155.3393,18.6246,7.7751
2026-07-23T16:01:34.342,155.3393,18.8792,7.8535
2026-07-23T16:01:34.351,155.3464,18.6834,7.9122
2026-07-23T16:01:34.361,155.3504,18.8792,7.9709
2026-07-23T16:01:34.361,155.3742,18.6051,7.8339
2026-07-23T16:01:34.383,155.3742,18.8204,7.873
2026-07-23T16:01:34.390,155.3865,18.703,7.7751
2026-07-23T16:01:34.401,155.3918,19.0358,7.8926
2026-07-23T16:01:34.408,155.4198,19.1142,8.0101
2026-07-23T16:01:34.425,155.4198,19.4079,8.0101
2026-07-23T16:01:34.425,155.4198,19.447,8.1863
2026-07-23T16:01:34.444,155.4376,19.5449,8.3234
2026-07-23T16:01:34.455,155.4673,19.4666,8.3234
2026-07-23T16:01:34.455,155.4673,19.4862,8.3038
2026-07-23T16:01:34.471,155.4739,19.3687,8.2842
2026-07-23T16:01:34.471,155.4739,19.447,8.2842
2026-07-23T16:01:34.488,155.5002,19.3883,8.2451
2026-07-23T16:01:34.508,155.5002,19.5058,8.2059
2026-07-23T16:01:34.508,155.5002,19.447,8.2059
2026-07-23T16:01:34.518,155.5146,19.447,8.2059
2026-07-23T16:01:34.525,155.518,19.447,8.108
2026-07-23T16:01:34.551,155.5493,19.5449,8.2255
2026-07-23T16:01:34.551,155.5493,19.4862,8.0884
2026-07-23T16:01:34.565,155.5493,19.447,8.0688
2026-07-23T16:01:34.569,155.555,19.3883,8.0101
2026-07-23T16:01:34.581,155.5867,19.4862,7.9905
2026-07-23T16:01:34.592,155.5867,19.3295,8.0297
2026-07-23T16:01:34.600,155.594,19.3687,8.0101
2026-07-23T16:01:34.606,155.597,19.3295,8.0297
2026-07-23T16:01:34.629,155.6286,19.3687,8.0493
2026-07-23T16:01:34.629,155.6314,19.2512,8.0297
2026-07-23T16:01:34.645,155.6339,19.1729,7.9709
2026-07-23T16:01:34.651,155.6574,19.1142,7.9709
2026-07-23T16:01:34.661,155.6694,18.9771,7.9709
2026-07-23T16:01:34.679,155.674,18.9183,7.9122
2026-07-23T16:01:34.682,155.674,18.84,7.873
2026-07-23T16:01:34.693,155.674,18.7813,7.9514
2026-07-23T16:01:34.702,155.7078,18.8204,7.8926
2026-07-23T16:01:34.708,155.7078,18.7813,7.9318
2026-07-23T16:01:34.725,155.7202,18.7617,7.9514
2026-07-23T16:01:34.725,155.7207,18.6638,7.9318
2026-07-23T16:01:34.743,155.7521,18.5463,7.8535
2026-07-23T16:01:34.759,155.7551,18.3897,7.8535
2026-07-23T16:01:34.759,155.7551,18.4288,7.873
2026-07-23T16:01:34.772,155.7619,18.2134,7.7555
2026-07-23T16:01:34.784,155.7911,18.2918,7.6185
2026-07-23T16:01:34.790,155.8028,18.1547,7.7164
2026-07-23T16:01:34.803,155.8049,18.1939,7.6185
2026-07-23T16:01:34.813,155.8059,18.0568,7.6968
2026-07-23T16:01:34.820,155.8059,18.3505,7.6968
2026-07-23T16:01:34.838,155.8392,18.2526,7.8143
2026-07-23T16:01:34.842,155.8392,18.5855,7.7751
2026-07-23T16:01:34.854,155.846,18.4092,7.873
2026-07-23T16:01:34.857,155.8543,18.6834,7.873
2026-07-23T16:01:34.865,155.8775,18.6051,7.9318
2026-07-23T16:01:34.884,155.887,18.7813,7.9514
2026-07-23T16:01:34.890,155.887,18.5071,7.9709
2026-07-23T16:01:34.897,155.8933,18.8204,7.9514
2026-07-23T16:01:34.905,155.8979,18.3309,7.9514
2026-07-23T16:01:34.928,155.9319,18.468,7.8926
2026-07-23T16:01:34.936,155.9319,18.2918,7.9318
2026-07-23T16:01:34.944,155.9377,18.4876,7.9122
2026-07-23T16:01:34.951,155.9427,18.2526,7.9318
2026-07-23T16:01:34.967,155.973,18.4288,7.8926
2026-07-23T16:01:34.967,155.973,18.1351,7.873
2026-07-23T16:01:34.988,155.9814,18.1547,7.9709
2026-07-23T16:01:34.994,155.9814,17.9589,7.8143
2026-07-23T16:01:34.994,156.0045,18.1547,7.8143
2026-07-23T16:01:35.009,156.0156,17.9589,7.7751
2026-07-23T16:01:35.024,156.021,18.2134,7.8926
2026-07-23T16:01:35.032,156.0246,18.0176,7.8926
2026-07-23T16:01:35.055,156.0522,18.3113,7.9122
2026-07-23T16:01:35.055,156.0522,18.1155,7.9122
2026-07-23T16:01:35.055,156.0522,18.3113,7.9318
2026-07-23T16:01:35.072,156.0522,18.1547,7.7947
2026-07-23T16:01:35.078,156.0873,18.3113,7.9709
2026-07-23T16:01:35.091,156.0936,18.2134,7.8143
2026-07-23T16:01:35.103,156.0982,18.468,7.9514
2026-07-23T16:01:35.103,156.1003,18.3701,7.7751
2026-07-23T16:01:35.118,156.1272,18.5071,7.7555
2026-07-23T16:01:35.138,156.1337,18.3505,7.5989
2026-07-23T16:01:35.144,156.1386,18.5071,7.6968
2026-07-23T16:01:35.151,156.1456,18.2918,7.6772
2026-07-23T16:01:35.165,156.1667,18.4288,7.7947
2026-07-23T16:01:35.178,156.1667,18.2918,7.8143
2026-07-23T16:01:35.189,156.1772,18.2918,7.873
2026-07-23T16:01:35.196,156.1772,18.1939,7.8143
2026-07-23T16:01:35.196,156.203,18.1547,7.8143
2026-07-23T16:01:35.217,156.2084,18.233,7.6772
2026-07-23T16:01:35.217,156.2095,18.3113,7.736
2026-07-23T16:01:35.228,156.2183,18.3113,7.7947
2026-07-23T16:01:35.251,156.2408,18.3505,7.873
2026-07-23T16:01:35.251,156.2408,18.3505,7.873
2026-07-23T16:01:35.260,156.2501,18.3505,7.8339
2026-07-23T16:01:35.269,156.2501,18.3113,7.8535
2026-07-23T16:01:35.284,156.2769,18.4288,7.8926
2026-07-23T16:01:35.292,156.2769,18.468,7.9122
2026-07-23T16:01:35.301,156.2891,18.5071,8.0884
2026-07-23T16:01:35.318,156.3032,18.5659,8.0297
2026-07-23T16:01:35.322,156.3176,18.6834,8.0884
2026-07-23T16:01:35.328,156.3232,18.6638,8.0493
2026-07-23T16:01:35.342,156.328,18.8204,8.0688
2026-07-23T16:01:35.354,156.3509,18.8596,8.2255
2026-07-23T16:01:35.354,156.3509,18.9771,8.2842
2026-07-23T16:01:35.374,156.3509,18.8988,8.4409
2026-07-23T16:01:35.386,156.3871,19.0162,8.5192
2026-07-23T16:01:35.392,156.3871,19.1925,8.8129
2026-07-23T16:01:35.402,156.3871,19.3491,8.8717
2026-07-23T16:01:35.402,156.4003,19.5253,9.087
2026-07-23T16:01:35.422,156.417,19.7212,9.1262
2026-07-23T16:01:35.433,156.417,20.0736,9.2045
2026-07-23T16:01:35.438,156.4297,20.2498,9.2241
2026-07-23T16:01:35.451,156.4336,20.3869,9.2633
2026-07-23T16:01:35.468,156.4613,20.4848,9.2828
2026-07-23T16:01:35.468,156.4633,20.4652,9.3416
2026-07-23T16:01:35.484,156.4673,20.5044,9.2437
2026-07-23T16:01:35.496,156.4926,20.4261,9.2633
2026-07-23T16:01:35.496,156.5005,20.5631,9.2828
2026-07-23T16:01:35.518,156.5005,20.4261,9.3808
2026-07-23T16:01:35.518,156.5051,20.6219,9.4199
2026-07-23T16:01:35.528,156.5335,20.3869,9.4003
2026-07-23T16:01:35.543,156.5335,20.5435,9.3612
2026-07-23T16:01:35.551,156.5421,20.3673,9.3612
2026-07-23T16:01:35.560,156.5691,20.524,9.3024
2026-07-23T16:01:35.576,156.5734,20.4456,9.3808
2026-07-23T16:01:35.584,156.5734,20.6806,9.4003
2026-07-23T16:01:35.591,156.5734,20.7981,9.5374
2026-07-23T16:01:35.607,156.6034,21.131,9.4787
2026-07-23T16:01:35.607,156.6034,20.9743,9.5178
2026-07-23T16:01:35.624,156.6034,20.9547,9.5178
2026-07-23T16:01:35.634,156.6194,20.7394,9.3808
2026-07-23T16:01:35.642,156.6426,20.7394,9.3612
2026-07-23T16:01:35.654,156.6426,20.6219,9.3024
2026-07-23T16:01:35.670,156.6543,20.9352,9.3416
2026-07-23T16:01:35.676,156.6673,21.0526,9.4591
2026-07-23T16:01:35.686,156.6673,21.6009,9.6549
2026-07-23T16:01:35.693,156.6833,21.7967,9.8507
2026-07-23T16:01:35.705,156.6919,22.0513,9.8507
2026-07-23T16:01:35.715,156.7173,21.875,9.8507
2026-07-23T16:01:35.718,156.7173,22.0317,9.7919
2026-07-23T16:01:35.734,156.7173,21.738,9.7136
2026-07-23T16:01:35.743,156.7305,21.875,9.694
2026-07-23T16:01:35.751,156.7514,21.6988,9.6353
2026-07-23T16:01:35.765,156.7514,21.9534,9.7332
2026-07-23T16:01:35.768,156.7621,21.9338,9.694
2026-07-23T16:01:35.781,156.7671,22.1687,9.8507
2026-07-23T16:01:35.794,156.7941,22.0513,9.7724
2026-07-23T16:01:35.802,156.7991,22.3254,9.7919
2026-07-23T16:01:35.818,156.8007,22.2471,9.7528
2026-07-23T16:01:35.829,156.8256,22.482,9.7724
2026-07-23T16:01:35.838,156.8256,22.4429,9.7724
2026-07-23T16:01:35.848,156.8361,22.5995,9.8311
2026-07-23T16:01:35.851,156.8361,22.4429,9.7528
2026-07-23T16:01:35.864,156.8669,22.6974,9.9094
2026-07-23T16:01:35.864,156.8759,22.6974,9.8115
2026-07-23T16:01:35.876,156.8781,22.8737,9.9094
2026-07-23T16:01:35.895,156.8857,22.8932,9.929
2026-07-23T16:01:35.910,156.9174,22.7758,10.0073
2026-07-23T16:01:35.910,156.9201,22.8541,9.9878
2026-07-23T16:01:35.924,156.9201,22.8541,10.0073
2026-07-23T16:01:35.929,156.9201,22.9911,9.9486
2026-07-23T16:01:35.940,156.9591,22.952,10.0661
2026-07-23T16:01:35.955,156.9591,22.952,10.0073
2026-07-23T16:01:35.968,156.9672,22.8149,10.0073
2026-07-23T16:01:35.971,156.9692,22.7562,9.8899
2026-07-23T16:01:35.983,156.9692,22.717,9.9682
2026-07-23T16:01:36.002,156.999,22.6974,9.9094
2026-07-23T16:01:36.002,156.999,22.8345,10.0661
2026-07-23T16:01:36.010,157.001,22.8541,9.9486
2026-07-23T16:01:36.020,157.0075,22.7953,9.9878
2026-07-23T16:01:36.034,157.0339,22.8345,9.9878
2026-07-23T16:01:36.038,157.0339,22.6387,9.8899
2026-07-23T16:01:36.058,157.0429,22.5799,9.8311
2026-07-23T16:01:36.061,157.0633,22.5016,9.8115
2026-07-23T16:01:36.066,157.0692,22.5016,9.7724
2026-07-23T16:01:36.083,157.0714,22.4233,9.7528
2026-07-23T16:01:36.094,157.0714,22.2862,9.6745
2026-07-23T16:01:36.102,157.0969,22.1296,9.557
2026-07-23T16:01:36.113,157.1004,22.0904,9.557
2026-07-23T16:01:36.122,157.109,21.9729,9.4982
2026-07-23T16:01:36.135,157.1339,21.9338,9.4982
2026-07-23T16:01:36.144,157.1373,21.7184,9.3416
2026-07-23T16:01:36.151,157.1406,21.5813,9.3024
2026-07-23T16:01:36.160,157.1677,21.3659,9.2241
2026-07-23T16:01:36.177,157.1753,21.3464,9.1458
2026-07-23T16:01:36.185,157.178,21.131,9.0283
2026-07-23T16:01:36.191,157.178,20.9939,9.0479
2026-07-23T16:01:36.196,157.2092,20.896,9.0283
2026-07-23T16:01:36.207,157.2092,20.7198,9.0479
2026-07-23T16:01:36.226,157.2092,20.5631,8.8912
2026-07-23T16:01:36.236,157.2196,20.4456,8.9304
2026-07-23T16:01:36.239,157.2453,20.289,8.7542
2026-07-23T16:01:36.254,157.2453,20.1911,8.7737
2026-07-23T16:01:36.260,157.2514,20.2107,8.5975
2026-07-23T16:01:36.274,157.2564,20.1911,8.6758
2026-07-23T16:01:36.291,157.272,20.3673,8.6563
2026-07-23T16:01:36.291,157.272,20.3086,8.7737
2026-07-23T16:01:36.307,157.2888,20.3477,8.7346
2026-07-23T16:01:36.307,157.2952,20.2694,8.8129
2026-07-23T16:01:36.323,157.3194,20.3869,8.715
2026-07-23T16:01:36.323,157.3194,20.1911,8.8129
2026-07-23T16:01:36.349,157.3343,20.3477,8.8325
2026-07-23T16:01:36.357,157.351,20.3477,8.8521
2026-07-23T16:01:36.357,157.351,20.289,8.8521
2026-07-23T16:01:36.370,157.3625,20.0736,8.8717
2026-07-23T16:01:36.370,157.3625,20.2694,8.7737
2026-07-23T16:01:36.402,157.3926,20.289,8.7933
2026-07-23T16:01:36.402,157.3926,20.6414,8.8912
2026-07-23T16:01:36.413,157.4005,20.7394,8.8912
2026-07-23T16:01:36.424,157.418,20.896,8.8521
2026-07-23T16:01:36.434,157.4303,20.7785,8.8521
2026-07-23T16:01:36.443,157.434,20.8373,8.7737
2026-07-23T16:01:36.453,157.4543,20.8177,8.8521
2026-07-23T16:01:36.469,157.4619,20.9939,8.8912
2026-07-23T16:01:36.469,157.4619,21.1114,8.9891
2026-07-23T16:01:36.488,157.4674,21.3268,9.0675
2026-07-23T16:01:36.497,157.4911,21.3268,8.9696
2026-07-23T16:01:36.505,157.4953,21.4443,9.0675
2026-07-23T16:01:36.513,157.499,21.3464,9.1066
2026-07-23T16:01:36.528,157.5259,21.4834,9.2241
2026-07-23T16:01:36.539,157.5337,21.3268,9.2045
2026-07-23T16:01:36.546,157.5381,21.503,9.4199
2026-07-23T16:01:36.554,157.5406,21.5813,9.3808
2026-07-23T16:01:36.560,157.5672,21.6988,9.4003
2026-07-23T16:01:36.576,157.5722,21.7576,9.3416
2026-07-23T16:01:36.584,157.5791,21.875,9.4982
2026-07-23T16:01:36.594,157.5847,22.0708,9.5766
2026-07-23T16:01:36.597,157.6049,22.4037,9.7724
2026-07-23T16:01:36.608,157.6049,22.6778,9.9682
2026-07-23T16:01:36.623,157.6049,22.7366,10.0465
2026-07-23T16:01:36.635,157.6202,22.8541,10.0857
2026-07-23T16:01:36.639,157.6467,22.7758,10.1444
2026-07-23T16:01:36.656,157.6525,23.1086,10.2423
2026-07-23T16:01:36.656,157.6567,23.1674,10.4381
2026-07-23T16:01:36.671,157.6608,23.2849,10.3402
2026-07-23T16:01:36.687,157.6904,23.1086,10.3794
2026-07-23T16:01:36.687,157.6904,23.0695,10.2031
2026-07-23T16:01:36.703,157.6904,22.8541,10.2227
2026-07-23T16:01:36.712,157.6904,22.9716,10.2227
2026-07-23T16:01:36.721,157.7145,23.0499,10.3206
2026-07-23T16:01:36.735,157.7145,23.2849,10.399
2026-07-23T16:01:36.741,157.7145,23.3044,10.5164
2026-07-23T16:01:36.751,157.762,23.5198,10.4969
2026-07-23T16:01:36.765,157.762,23.4415,10.4773
2026-07-23T16:01:36.765,157.7671,23.5786,10.4969
2026-07-23T16:01:36.785,157.7671,23.4415,10.536
2026-07-23T16:01:36.785,157.8003,23.6569,10.4773
2026-07-23T16:01:36.802,157.8044,23.5002,10.4381
2026-07-23T16:01:36.813,157.8115,23.7352,10.4381
2026-07-23T16:01:36.818,157.8152,23.6177,10.3794
2026-07-23T16:01:36.839,157.8475,23.559,10.399
2026-07-23T16:01:36.844,157.8475,23.4219,10.4185
2026-07-23T16:01:36.851,157.8475,23.5002,10.5164
2026-07-23T16:01:36.866,157.8572,23.3828,10.3794
2026-07-23T16:01:36.871,157.8768,23.4807,10.4381
2026-07-23T16:01:36.893,157.8888,23.4415,10.4773
2026-07-23T16:01:36.893,157.8888,23.696,10.5556
2026-07-23T16:01:36.898,157.9005,23.696,10.536
2026-07-23T16:01:36.908,157.9032,23.8331,10.5752
2026-07-23T16:01:36.928,157.9337,23.8135,10.6143
2026-07-23T16:01:36.940,157.9362,23.7744,10.6339
2026-07-23T16:01:36.940,157.9362,23.7156,10.536
2026-07-23T16:01:36.954,157.9362,23.559,10.5556
2026-07-23T16:01:36.957,157.9731,23.4807,10.4381
2026-07-23T16:01:36.971,157.9751,23.4611,10.4969
2026-07-23T16:01:36.984,157.9751,23.559,10.3598
2026-07-23T16:01:36.987,157.9829,23.6177,10.399
2026-07-23T16:01:37.005,158.0073,23.7156,10.4577
2026-07-23T16:01:37.018,158.0093,23.7548,10.4969
2026-07-23T16:01:37.026,158.0143,23.6765,10.4381
2026-07-23T16:01:37.034,158.0143,23.559,10.4381
2026-07-23T16:01:37.040,158.0477,23.6177,10.4381
2026-07-23T16:01:37.053,158.0516,23.696,10.4381
2026-07-23T16:01:37.065,158.0516,23.8723,10.4969
2026-07-23T16:01:37.072,158.0614,23.931,10.4773
2026-07-23T16:01:37.081,158.089,24.0681,10.4969
2026-07-23T16:01:37.094,158.0938,24.0877,10.5752
2026-07-23T16:01:37.102,158.0938,24.0681,10.6731
2026-07-23T16:01:37.112,158.1007,24.2051,10.6339
2026-07-23T16:01:37.118,158.1272,24.3031,10.6731
2026-07-23T16:01:37.136,158.1303,24.4793,10.5948
2026-07-23T16:01:37.145,158.1338,24.6359,10.5948
2026-07-23T16:01:37.151,158.1338,24.773,10.5556
2026-07-23T16:01:37.160,158.1557,24.7338,10.536
2026-07-23T16:01:37.175,158.169,24.6555,10.4969
2026-07-23T16:01:37.185,158.1725,24.7338,10.6143
2026-07-23T16:01:37.191,158.1767,24.8122,10.4773
2026-07-23T16:01:37.206,158.2041,24.9101,10.5948
2026-07-23T16:01:37.206,158.2041,24.9688,10.4773
2026-07-23T16:01:37.228,158.2105,24.8709,10.5948
2026-07-23T16:01:37.240,158.2376,24.9101,10.6143
2026-07-23T16:01:37.240,158.2376,24.8709,10.5752
2026-07-23T16:01:37.255,158.2437,25.0471,10.5556
2026-07-23T16:01:37.261,158.2437,25.0863,10.5948
2026-07-23T16:01:37.286,158.2724,25.2625,10.5556
2026-07-23T16:01:37.286,158.2724,25.3213,10.7122
2026-07-23T16:01:37.294,158.2819,25.3996,10.6535
2026-07-23T16:01:37.301,158.2853,25.4583,10.7514
2026-07-23T16:01:37.318,158.3005,25.6541,10.7514
2026-07-23T16:01:37.323,158.3134,25.4192,10.771
2026-07-23T16:01:37.336,158.3174,25.4779,10.6339
2026-07-23T16:01:37.345,158.3357,25.2429,10.7122
2026-07-23T16:01:37.351,158.3451,25.4192,10.6535
2026-07-23T16:01:37.364,158.3487,25.4387,10.6927
2026-07-23T16:01:37.371,158.3511,25.6737,10.7122
2026-07-23T16:01:37.386,158.3764,25.6737,10.771
2026-07-23T16:01:37.399,158.3801,25.9087,10.6927
2026-07-23T16:01:37.411,158.4005,25.8108,10.771
2026-07-23T16:01:37.418,158.408,26.0066,10.771
2026-07-23T16:01:37.431,158.408,25.7324,10.7514
2026-07-23T16:01:37.431,158.408,25.615,10.7122
2026-07-23T16:01:37.443,158.4396,25.3213,10.7318
2026-07-23T16:01:37.451,158.4396,25.2625,10.6927
2026-07-23T16:01:37.459,158.4491,25.145,10.6927
2026-07-23T16:01:37.475,158.4709,25.4583,10.7318
2026-07-23T16:01:37.475,158.4709,25.5171,10.8297
2026-07-23T16:01:37.490,158.4805,25.7912,10.8297
2026-07-23T16:01:37.500,158.5025,25.6345,10.8885
2026-07-23T16:01:37.518,158.5025,25.6737,10.8689
2026-07-23T16:01:37.522,158.5138,25.2625,10.8493
2026-07-23T16:01:37.531,158.5184,25.3604,10.7906
2026-07-23T16:01:37.540,158.5441,25.1646,10.6339
2026-07-23T16:01:37.553,158.5441,25.3604,10.6535
2026-07-23T16:01:37.568,158.5521,25.2429,10.6535
2026-07-23T16:01:37.572,158.5576,25.5562,10.8101
2026-07-23T16:01:37.586,158.5821,25.5562,10.8297
2026-07-23T16:01:37.595,158.5821,25.6737,10.908
2026-07-23T16:01:37.608,158.5859,25.3213,10.8493
2026-07-23T16:01:37.616,158.6128,25.4387,10.9276
2026-07-23T16:01:37.618,158.6128,25.1842,10.8493
2026-07-23T16:01:37.637,158.6128,25.4192,10.9276
2026-07-23T16:01:37.640,158.6445,25.38,10.9668
2026-07-23T16:01:37.651,158.6499,25.4975,11.0255
2026-07-23T16:01:37.664,158.6499,25.3996,11.0255
2026-07-23T16:01:37.664,158.6499,25.4387,10.9668
2026-07-23T16:01:37.685,158.6819,25.2233,10.8493
2026-07-23T16:01:37.695,158.6819,25.3213,10.9668
2026-07-23T16:01:37.701,158.6819,25.3017,10.908
2026-07-23T16:01:37.711,158.7112,25.3213,10.9864
2026-07-23T16:01:37.728,158.7155,25.3213,10.9472
2026-07-23T16:01:37.733,158.7155,25.2233,10.8493
2026-07-23T16:01:37.749,158.7406,25.0863,10.771
2026-07-23T16:01:37.757,158.7406,25.008,10.8297
2026-07-23T16:01:37.766,158.7406,24.9884,10.7122
2026-07-23T16:01:37.773,158.7734,25.1842,10.8493
2026-07-23T16:01:37.789,158.7734,25.2038,10.7318
2026-07-23T16:01:37.791,158.7734,25.2233,10.7906
2026-07-23T16:01:37.803,158.7734,25.0275,10.6339
2026-07-23T16:01:37.822,158.8082,25.0471,10.7318
2026-07-23T16:01:37.824,158.8113,24.9101,10.6339
2026-07-23T16:01:37.837,158.8362,25.1059,10.7318
2026-07-23T16:01:37.851,158.8401,24.9101,10.7318
2026-07-23T16:01:37.856,158.8425,24.8905,10.7122
2026-07-23T16:01:37.862,158.8425,24.7534,10.6535
2026-07-23T16:01:37.868,158.8699,24.7338,10.6143
2026-07-23T16:01:37.884,158.8699,24.7926,10.5556
2026-07-23T16:01:37.893,158.8811,24.9296,10.4773
2026-07-23T16:01:37.901,158.9097,24.9884,10.5752
2026-07-23T16:01:37.916,158.9097,25.0275,10.5556
2026-07-23T16:01:37.921,158.9148,24.9884,10.6339
2026-07-23T16:01:37.933,158.9148,25.1842,10.5752
2026-07-23T16:01:37.951,158.9446,25.3213,10.771
2026-07-23T16:01:37.951,158.9446,25.5562,10.7906
2026-07-23T16:01:37.961,158.9509,25.615,10.8297
2026-07-23T16:01:37.970,158.9758,25.7716,10.7318
2026-07-23T16:01:37.984,158.9758,25.7129,10.8885
2026-07-23T16:01:37.995,158.9758,25.8108,10.908
2026-07-23T16:01:38.002,158.9895,26.0066,11.006
2026-07-23T16:01:38.012,159.0159,26.5548,11.1234
2026-07-23T16:01:38.027,159.0159,27.0639,11.3192
2026-07-23T16:01:38.027,159.0252,27.8668,11.4759
2026-07-23T16:01:38.042,159.0308,28.2975,11.7696
2026-07-23T16:01:38.059,159.0546,28.65,11.9067
2026-07-23T16:01:38.067,159.0546,28.6108,12.1416
2026-07-23T16:01:38.082,159.0546,28.8654,11.9654
2026-07-23T16:01:38.102,159.0894,28.8458,12.1025
2026-07-23T16:01:38.102,159.0894,29.1003,11.985
2026-07-23T16:01:38.105,159.0894,29.2961,11.9654
2026-07-23T16:01:38.105,159.1022,29.6486,11.9067
2026-07-23T16:01:38.125,159.135,29.6094,11.9262
2026-07-23T16:01:38.137,159.135,29.6682,11.9654
2026-07-23T16:01:38.140,159.135,29.2961,11.9654
2026-07-23T16:01:38.154,159.1498,29.3549,11.9458
2026-07-23T16:01:38.170,159.1818,29.1395,12.0046
2026-07-23T16:01:38.170,159.1818,29.4724,11.8675
2026-07-23T16:01:38.186,159.1818,29.4528,11.9262
2026-07-23T16:01:38.186,159.188,29.8248,11.985
2026-07-23T16:01:38.203,159.1895,29.8444,12.0633
2026-07-23T16:01:38.221,159.2244,30.1577,12.0829
2026-07-23T16:01:38.221,159.2289,29.9619,12.1025
2026-07-23T16:01:38.233,159.2289,30.1185,12.1221
2026-07-23T16:01:38.246,159.2338,29.8444,12.1025
2026-07-23T16:01:38.264,159.2674,29.9423,12.1221
2026-07-23T16:01:38.264,159.2718,29.8052,12.0829
2026-07-23T16:01:38.275,159.2743,30.0206,12.0633
2026-07-23T16:01:38.285,159.2783,30.0011,12.0437
2026-07-23T16:01:38.298,159.3006,30.3535,12.1025
2026-07-23T16:01:38.304,159.3006,30.099,12.1221
2026-07-23T16:01:38.311,159.3082,30.099,12.1612
2026-07-23T16:01:38.325,159.3119,29.7269,12.0829
2026-07-23T16:01:38.346,159.3407,29.7073,12.0633
2026-07-23T16:01:38.351,159.346,29.394,11.9654
2026-07-23T16:01:38.351,159.346,29.5115,11.985
2026-07-23T16:01:38.363,159.3526,29.2178,11.8675
2026-07-23T16:01:38.379,159.3784,29.3353,11.8479
2026-07-23T16:01:38.391,159.3835,29.0612,11.7696
2026-07-23T16:01:38.397,159.3867,29.2178,11.8479
2026-07-23T16:01:38.406,159.3919,29.1395,11.75
2026-07-23T16:01:38.406,159.4183,29.1591,11.8088
2026-07-23T16:01:38.422,159.4203,29.0612,11.7109
2026-07-23T16:01:38.434,159.4203,29.0024,11.75
2026-07-23T16:01:38.443,159.4534,28.8458,11.6913
2026-07-23T16:01:38.453,159.4534,28.9045,11.75
2026-07-23T16:01:38.469,159.4616,29.1591,11.75
2026-07-23T16:01:38.471,159.4616,29.2961,11.8283
2026-07-23T16:01:38.485,159.49,29.4724,11.8283
2026-07-23T16:01:38.501,159.49,29.4724,11.9458
2026-07-23T16:01:38.501,159.4969,29.4136,11.8088
2026-07-23T16:01:38.516,159.5034,29.257,11.8675
2026-07-23T16:01:38.524,159.513,29.2374,11.75
2026-07-23T16:01:38.532,159.531,29.2961,11.7109
2026-07-23T16:01:38.548,159.534,29.2766,11.6913
2026-07-23T16:01:38.554,159.5361,29.3549,11.7304
2026-07-23T16:01:38.564,159.56,29.257,11.6325
2026-07-23T16:01:38.564,159.5672,29.2374,11.7109
2026-07-23T16:01:38.585,159.5758,29.1982,11.7892
2026-07-23T16:01:38.596,159.6006,29.2178,11.9458
2026-07-23T16:01:38.611,159.6006,29.1395,12.0633
2026-07-23T16:01:38.618,159.6006,29.1982,12.1808
2026-07-23T16:01:38.627,159.6086,29.1003,12.357
2026-07-23T16:01:38.628,159.6339,28.9241,12.4745
2026-07-23T16:01:38.643,159.6372,28.8262,12.4353
2026-07-23T16:01:38.651,159.6392,28.8066,12.4158
2026-07-23T16:01:38.659,159.6455,28.9633,12.592
2026-07-23T16:01:38.679,159.6704,29.0612,12.4745
2026-07-23T16:01:38.685,159.6704,29.1003,12.4941
2026-07-23T16:01:38.696,159.6704,28.9437,12.3962
2026-07-23T16:01:38.707,159.7031,28.787,12.2004
2026-07-23T16:01:38.707,159.7107,28.7283,12.1612
2026-07-23T16:01:38.721,159.7122,28.7087,12.0829
2026-07-23T16:01:38.736,159.7181,29.022,11.9654
2026-07-23T16:01:38.754,159.7345,29.0612,11.9262
2026-07-23T16:01:38.754,159.7345,29.2766,11.8675
2026-07-23T16:01:38.763,159.7464,29.2961,11.7892
2026-07-23T16:01:38.770,159.7674,29.3745,11.613
2026-07-23T16:01:38.785,159.7674,29.1787,11.4759
2026-07-23T16:01:38.785,159.7811,29.0808,11.2997
2026-07-23T16:01:38.805,159.8006,28.9829,11.3192
2026-07-23T16:01:38.818,159.8006,29.2374,11.2213
2026-07-23T16:01:38.818,159.8129,29.1982,11.2605
2026-07-23T16:01:38.836,159.8181,29.4332,11.3192
2026-07-23T16:01:38.841,159.8372,29.2961,11.4367
2026-07-23T16:01:38.851,159.8372,29.5703,11.4759
2026-07-23T16:01:38.864,159.8446,29.3745,11.4759
2026-07-23T16:01:38.869,159.8775,29.5899,11.3584
2026-07-23T16:01:38.888,159.879,29.394,11.3976
2026-07-23T16:01:38.895,159.879,29.6094,11.3976
2026-07-23T16:01:38.895,159.9079,29.5703,11.2997
2026-07-23T16:01:38.918,159.9079,29.9227,11.3192
2026-07-23T16:01:38.928,159.9079,29.6878,11.4367
2026-07-23T16:01:38.930,159.9079,29.8444,11.4367
2026-07-23T16:01:38.943,159.9415,29.4724,11.5934
2026-07-23T16:01:38.952,159.9503,29.4528,11.613
2026-07-23T16:01:38.959,159.9552,29.1787,11.6325
2026-07-23T16:01:38.985,159.9761,29.4136,11.6521
2026-07-23T16:01:38.985,159.9761,29.3157,11.613
2026-07-23T16:01:39.001,159.9761,29.629,11.6717
2026-07-23T16:01:39.006,159.9761,29.7857,11.7696
2026-07-23T16:01:39.013,160.0042,30.0598,11.8283
2026-07-23T16:01:39.022,160.0042,30.099,11.8675
2026-07-23T16:01:39.027,160.0114,30.1773,12.0242
2026-07-23T16:01:39.042,160.0339,30.0794,12.0633
2026-07-23T16:01:39.055,160.0339,30.2556,12.1612
2026-07-23T16:01:39.062,160.0339,30.2752,12.1221
2026-07-23T16:01:39.069,160.0673,30.4906,12.1416
2026-07-23T16:01:39.085,160.0673,30.4122,12.0242
2026-07-23T16:01:39.097,160.0673,30.5885,11.985
2026-07-23T16:01:39.106,160.0985,30.6276,12.0829
2026-07-23T16:01:39.106,160.1005,30.9997,12.0829
2026-07-23T16:01:39.118,160.1005,30.8822,12.0829
2026-07-23T16:01:39.142,160.1311,30.8626,12.2004
2026-07-23T16:01:39.142,160.1341,30.5493,12.1221
2026-07-23T16:01:39.151,160.1361,30.6668,12.0242
2026-07-23T16:01:39.163,160.1647,30.6864,11.8675
2026-07-23T16:01:39.179,160.1647,31.078,11.8675
2026-07-23T16:01:39.187,160.1647,31.2738,11.9067
2026-07-23T16:01:39.195,160.191,31.4696,12.1416
2026-07-23T16:01:39.212,160.191,31.4892,12.2395
2026-07-23T16:01:39.215,160.1978,31.4109,12.3179
2026-07-23T16:01:39.222,160.2268,31.313,12.2983
2026-07-23T16:01:39.242,160.2268,31.2151,12.1612
2026-07-23T16:01:39.242,160.2268,31.1955,11.985
2026-07-23T16:01:39.258,160.2589,31.0584,11.9458
2026-07-23T16:01:39.273,160.2625,30.9801,11.7892
2026-07-23T16:01:39.278,160.2625,31.0584,11.7892
2026-07-23T16:01:39.285,160.2696,31.2346,11.7696
2026-07-23T16:01:39.307,160.2981,31.313,11.8088
2026-07-23T16:01:39.307,160.2981,31.4304,11.8871
2026-07-23T16:01:39.313,160.3014,31.5479,11.8871
2026-07-23T16:01:39.330,160.3306,31.8808,11.8675
2026-07-23T16:01:39.336,160.3328,32.2137,11.9262
2026-07-23T16:01:39.347,160.3377,32.3116,11.9262
2026-07-23T16:01:39.352,160.3421,32.3312,11.9262
2026-07-23T16:01:39.368,160.3693,32.0962,11.8675
2026-07-23T16:01:39.368,160.3693,31.9591,11.9458
2026-07-23T16:01:39.387,160.3693,31.9787,11.9067
2026-07-23T16:01:39.393,160.3795,31.9787,12.0046
2026-07-23T16:01:39.399,160.4007,32.1354,11.9262
2026-07-23T16:01:39.416,160.4108,32.1745,12.0046
2026-07-23T16:01:39.420,160.4108,32.1549,12.0242
2026-07-23T16:01:39.430,160.438,32.057,11.8871
2026-07-23T16:01:39.446,160.4423,31.9983,11.9262
2026-07-23T16:01:39.462,160.4423,31.6654,11.7696
2026-07-23T16:01:39.462,160.4467,31.5675,11.7696
2026-07-23T16:01:39.472,160.4704,31.45,11.7696
2026-07-23T16:01:39.487,160.4776,31.45,11.8675
2026-07-23T16:01:39.497,160.4776,31.4892,11.8283
2026-07-23T16:01:39.509,160.5061,31.6458,11.8675
2026-07-23T16:01:39.518,160.5119,31.5675,11.8675
2026-07-23T16:01:39.528,160.5119,31.5675,11.9262
2026-07-23T16:01:39.528,160.5408,31.4304,11.8479
2026-07-23T16:01:39.546,160.5462,31.313,11.8871
2026-07-23T16:01:39.555,160.5462,31.1955,11.8088
2026-07-23T16:01:39.563,160.5501,31.0388,11.8871
2026-07-23T16:01:39.577,160.5691,31.0388,11.8871
2026-07-23T16:01:39.589,160.5847,31.1955,11.9458
2026-07-23T16:01:39.597,160.5878,31.6458,12.0633
2026-07-23T16:01:39.605,160.5878,31.8612,12.1416
2026-07-23T16:01:39.620,160.6167,32.0179,12.1612
2026-07-23T16:01:39.620,160.6167,31.5284,12.22
2026-07-23T16:01:39.635,160.6234,31.1759,12.1221
2026-07-23T16:01:39.652,160.6481,31.0976,12.3179
2026-07-23T16:01:39.652,160.6577,31.313,12.2395
2026-07-23T16:01:39.668,160.6577,31.4696,12.2983
2026-07-23T16:01:39.674,160.6637,31.6263,12.3962
2026-07-23T16:01:39.685,160.681,31.45,12.357
2026-07-23T16:01:39.699,160.6919,31.3521,12.3766
2026-07-23T16:01:39.709,160.6952,31.0584,12.4158
2026-07-23T16:01:39.714,160.6952,30.8234,12.4158
2026-07-23T16:01:39.722,160.7153,30.3143,12.3766
2026-07-23T16:01:39.732,160.7265,29.9031,12.22
2026-07-23T16:01:39.743,160.7265,29.629,12.1808
2026-07-23T16:01:39.766,160.7592,29.7073,12.1221
2026-07-23T16:01:39.766,160.7592,29.7661,12.3962
2026-07-23T16:01:39.777,160.7592,30.0598,12.5333
2026-07-23T16:01:39.785,160.7673,30.0598,12.6116
2026-07-23T16:01:39.793,160.7921,30.0206,12.5528
2026-07-23T16:01:39.806,160.7965,29.8052,12.3962
2026-07-23T16:01:39.810,160.7965,29.6878,12.2787
2026-07-23T16:01:39.829,160.825,29.5899,12.22
2026-07-23T16:01:39.840,160.83,29.9423,12.2787
2026-07-23T16:01:39.847,160.833,29.8052,12.3374
2026-07-23T16:01:39.851,160.8586,29.9815,12.4745
2026-07-23T16:01:39.872,160.8586,29.9619,12.4353
2026-07-23T16:01:39.876,160.8686,29.9031,12.592
2026-07-23T16:01:39.884,160.8686,29.7073,12.4549
2026-07-23T16:01:39.904,160.901,29.6486,12.5137
2026-07-23T16:01:39.904,160.901,29.5311,12.4745
2026-07-23T16:01:39.919,160.9065,29.5311,12.5137
2026-07-23T16:01:39.919,160.9101,29.4724,12.5724
2026-07-23T16:01:39.943,160.9386,29.7857,12.8661
2026-07-23T16:01:39.943,160.9386,30.3339,13.0032
2026-07-23T16:01:39.957,160.9428,30.843,13.1598
2026-07-23T16:01:39.970,160.9675,31.1955,13.2186
2026-07-23T16:01:39.985,160.9792,31.1955,13.2969
2026-07-23T16:01:39.985,160.9792,30.8822,13.199
2026-07-23T16:01:39.994,160.9847,30.7843,13.2969
2026-07-23T16:01:40.018,161.0112,30.9018,13.3361
2026-07-23T16:01:40.018,161.019,30.9409,13.4731
2026-07-23T16:01:40.018,161.019,31.2151,13.571
2026-07-23T16:01:40.040,161.019,30.9605,13.7473
2026-07-23T16:01:40.046,161.0467,31.0584,13.7668
2026-07-23T16:01:40.062,161.0467,30.9213,13.8843
2026-07-23T16:01:40.062,161.0612,31.0388,13.8256
2026-07-23T16:01:40.070,161.0675,30.9409,13.806
2026-07-23T16:01:40.078,161.0921,31.078,13.7277
2026-07-23T16:01:40.097,161.0921,30.9605,13.6689
2026-07-23T16:01:40.114,161.103,31.2934,13.5906
2026-07-23T16:01:40.118,161.1064,31.4696,13.5515
2026-07-23T16:01:40.141,161.1378,31.6654,13.5123
2026-07-23T16:01:40.141,161.1378,31.5284,13.6102
2026-07-23T16:01:40.143,161.1378,31.4892,13.6298
2026-07-23T16:01:40.157,161.1378,31.3325,13.571
2026-07-23T16:01:40.160,161.1761,31.1955,13.5123
2026-07-23T16:01:40.181,161.1761,31.0584,13.4535
2026-07-23T16:01:40.185,161.1806,31.5088,13.3165
2026-07-23T16:01:40.189,161.1839,31.8416,13.2969
2026-07-23T16:01:40.208,161.2135,32.2724,13.3556
2026-07-23T16:01:40.223,161.2173,32.1549,13.2577
2026-07-23T16:01:40.227,161.2173,32.057,13.3948
2026-07-23T16:01:40.237,161.2268,31.7437,13.4535
2026-07-23T16:01:40.243,161.2552,31.92,13.4144
2026-07-23T16:01:40.252,161.2552,31.8221,13.4535
2026-07-23T16:01:40.267,161.2595,32.1745,13.6102
2026-07-23T16:01:40.278,161.2643,32.0375,13.6494
2026-07-23T16:01:40.287,161.2969,32.0375,13.6102
2026-07-23T16:01:40.299,161.2969,31.7437,13.5515
2026-07-23T16:01:40.304,161.3006,31.9395,13.5906
2026-07-23T16:01:40.318,161.3006,31.9983,13.5319
2026-07-23T16:01:40.318,161.3273,32.1745,13.6298
2026-07-23T16:01:40.331,161.3373,32.2528,13.6689
2026-07-23T16:01:40.348,161.3389,32.5074,13.8256
2026-07-23T16:01:40.351,161.343,32.3507,13.8256
2026-07-23T16:01:40.366,161.3744,32.4486,13.8452
2026-07-23T16:01:40.378,161.3744,32.4878,13.8647
2026-07-23T16:01:40.378,161.3833,32.5857,13.8452
2026-07-23T16:01:40.394,161.3833,32.6445,14.041
2026-07-23T16:01:40.418,161.4059,32.664,13.7081
2026-07-23T16:01:40.418,161.4059,32.6836,13.7081
2026-07-23T16:01:40.418,161.4059,33.0165,13.8843
2026-07-23T16:01:40.442,161.4222,32.9969,13.7864
2026-07-23T16:01:40.443,161.4556,32.9382,13.9039
2026-07-23T16:01:40.457,161.4602,32.7424,13.8647
2026-07-23T16:01:40.457,161.4642,32.6249,13.9039
2026-07-23T16:01:40.473,161.4684,32.7815,13.9039
2026-07-23T16:01:40.488,161.4928,33.0557,14.1193
2026-07-23T16:01:40.503,161.4928,33.3298,14.0997
2026-07-23T16:01:40.511,161.5,33.7018,14.2759
2026-07-23T16:01:40.515,161.5045,33.9759,14.2955
2026-07-23T16:01:40.519,161.5341,34.1522,14.2564
2026-07-23T16:01:40.535,161.5341,34.1522,14.1389
2026-07-23T16:01:40.551,161.5341,33.9172,14.041
2026-07-23T16:01:40.551,161.5341,33.506,13.9235
2026-07-23T16:01:40.567,161.5674,33.506,13.9039
2026-07-23T16:01:40.567,161.5674,33.8976,13.8843
2026-07-23T16:01:40.585,161.5787,34.1913,13.9431
2026-07-23T16:01:40.585,161.5787,34.0543,14.041
2026-07-23T16:01:40.598,161.6101,33.741,14.0997
2026-07-23T16:01:40.618,161.6137,33.6431,14.041
2026-07-23T16:01:40.618,161.6137,33.878,14.1389
2026-07-23T16:01:40.629,161.6419,34.1718,14.2955
2026-07-23T16:01:40.652,161.6485,34.485,14.413
2026-07-23T16:01:40.652,161.6485,34.6221,14.3151
2026-07-23T16:01:40.664,161.6537,34.6025,14.2172
2026-07-23T16:01:40.682,161.6842,34.583,14.3151
2026-07-23T16:01:40.693,161.6842,34.7788,14.3934
2026-07-23T16:01:40.693,161.6842,34.8767,14.5892
2026-07-23T16:01:40.708,161.6891,34.8571,14.6088
2026-07-23T16:01:40.724,161.7179,34.6221,14.5501
2026-07-23T16:01:40.724,161.7209,34.3676,14.5109
2026-07-23T16:01:40.735,161.7209,34.1522,14.5697
2026-07-23T16:01:40.751,161.7524,34.348,14.4326
2026-07-23T16:01:40.765,161.7559,34.4459,14.5501
2026-07-23T16:01:40.769,161.7559,34.8179,14.6676
2026-07-23T16:01:40.772,161.7612,35.0921,14.8634
2026-07-23T16:01:40.789,161.787,35.4641,14.9417
2026-07-23T16:01:40.789,161.7911,35.2095,14.8829
2026-07-23T16:01:40.807,161.7946,35.0921,14.8634
2026-07-23T16:01:40.819,161.8197,34.7788,14.9221
2026-07-23T16:01:40.836,161.8197,35.0137,15.0396
2026-07-23T16:01:40.838,161.8289,34.8571,15.0592
2026-07-23T16:01:40.845,161.8312,34.9354,15.1962
2026-07-23T16:01:40.852,161.8468,34.485,15.2354
2026-07-23T16:01:40.870,161.8614,34.6613,15.2354
2026-07-23T16:01:40.870,161.8629,34.7396,15.392
2026-07-23T16:01:40.887,161.8695,35.1508,15.4704
2026-07-23T16:01:40.898,161.8947,35.1508,15.5291
2026-07-23T16:01:40.898,161.9009,35.3074,15.5095
2026-07-23T16:01:40.914,161.9043,35.0333,15.5487
2026-07-23T16:01:40.930,161.934,34.8375,15.5487
2026-07-23T16:01:40.943,161.934,34.4263,15.4899
2026-07-23T16:01:40.945,161.934,34.5438,15.4704
2026-07-23T16:01:40.955,161.942,34.3088,15.4704
2026-07-23T16:01:40.961,161.9672,34.4459,15.4116
2026-07-23T16:01:40.978,161.9672,34.5242,15.4116
2026-07-23T16:01:40.985,161.9761,34.9746,15.4899
2026-07-23T16:01:40.993,162.0064,35.0137,15.5095
2026-07-23T16:01:41.012,162.0122,35.2879,15.7053
2026-07-23T16:01:41.018,162.0122,35.0529,15.7249
2026-07-23T16:01:41.034,162.0209,35.0921,15.8816
2026-07-23T16:01:41.040,162.048,34.7004,15.6466
2026-07-23T16:01:41.046,162.048,34.72,15.5095
2026-07-23T16:01:41.057,162.0516,34.348,15.2158
2026-07-23T16:01:41.063,162.0553,34.2892,15.1375
2026-07-23T16:01:41.072,162.0841,33.7997,15.02
2026-07-23T16:01:41.087,162.0841,33.741,15.0983
2026-07-23T16:01:41.087,162.0894,33.7997,15.2941
2026-07-23T16:01:41.106,162.0948,34.2305,15.4508
2026-07-23T16:01:41.119,162.1156,34.4655,15.7445
2026-07-23T16:01:41.119,162.1156,35.0333,15.9011
2026-07-23T16:01:41.140,162.1259,35.2879,16.0382
2026-07-23T16:01:41.146,162.128,35.6403,16.1165
2026-07-23T16:01:41.166,162.1557,35.3858,15.999
2026-07-23T16:01:41.166,162.1557,35.2487,15.9795
2026-07-23T16:01:41.179,162.1624,34.7592,15.8228
2026-07-23T16:01:41.185,162.1784,34.5242,15.7053
2026-07-23T16:01:41.198,162.1926,34.1913,15.627
2026-07-23T16:01:41.206,162.1926,34.1913,15.7445
2026-07-23T16:01:41.218,162.2184,33.8389,15.7641
2026-07-23T16:01:41.229,162.2237,33.4668,15.8816
2026-07-23T16:01:41.229,162.2262,32.7228,15.7249
2026-07-23T16:01:41.248,162.2289,32.057,15.6858
2026-07-23T16:01:41.255,162.2419,31.4892,15.627
2026-07-23T16:01:41.266,162.2564,31.6067,15.7837
2026-07-23T16:01:41.277,162.2608,31.7242,15.7249
2026-07-23T16:01:41.285,162.2738,32.1745,15.8228
2026-07-23T16:01:41.293,162.2895,32.5466,15.9011
2026-07-23T16:01:41.307,162.2928,32.8207,15.9403
2026-07-23T16:01:41.325,162.3185,32.9186,16.0186
2026-07-23T16:01:41.325,162.321,33.0165,16.0578
2026-07-23T16:01:41.325,162.321,33.1144,16.097
2026-07-23T16:01:41.347,162.321,33.2515,16.097
2026-07-23T16:01:41.356,162.3558,33.2515,16.0382
2026-07-23T16:01:41.356,162.3579,33.271,16.0186
2026-07-23T16:01:41.372,162.3601,33.0948,15.9207
2026-07-23T16:01:41.385,162.3842,32.9969,15.8816
2026-07-23T16:01:41.403,162.3842,32.7815,15.7837
2026-07-23T16:01:41.414,162.3932,32.9773,15.7249
2026-07-23T16:01:41.414,162.3932,33.0557,15.862
2026-07-23T16:01:41.435,162.4167,33.1536,15.6858
2026-07-23T16:01:41.435,162.4167,33.0752,15.8032
2026-07-23T16:01:41.444,162.447,33.0165,15.7053
2026-07-23T16:01:41.451,162.4526,32.8598,15.8032
2026-07-23T16:01:41.467,162.456,33.0948,15.8228
2026-07-23T16:01:41.479,162.463,33.4473,15.8816
2026-07-23T16:01:41.487,162.4787,33.6431,15.8816
2026-07-23T16:01:41.498,162.4787,33.6431,15.9403
2026-07-23T16:01:41.512,162.4948,33.6627,15.862
2026-07-23T16:01:41.518,162.5105,33.4864,15.862
2026-07-23T16:01:41.529,162.5262,33.3102,15.7445
2026-07-23T16:01:41.529,162.5262,32.9382,15.6466
2026-07-23T16:01:41.546,162.5262,32.7815,15.5683
2026-07-23T16:01:41.561,162.5484,32.5661,15.6074
2026-07-23T16:01:41.561,162.5599,32.664,15.5487
2026-07-23T16:01:41.577,162.5639,32.527,15.5683
2026-07-23T16:01:41.599,162.5899,32.6053,15.6074
2026-07-23T16:01:41.599,162.5899,32.5466,15.7249
2026-07-23T16:01:41.599,162.5932,32.9773,15.7249
2026-07-23T16:01:41.618,162.6211,32.8794,15.7641
2026-07-23T16:01:41.639,162.6271,33.0948,15.8228
2026-07-23T16:01:41.639,162.6271,32.9382,15.8032
2026-07-23T16:01:41.644,162.6316,32.9577,15.7249
2026-07-23T16:01:41.656,162.6556,32.5857,15.7641
2026-07-23T16:01:41.656,162.6556,32.5661,15.6074
2026-07-23T16:01:41.678,162.6556,32.4291,15.6466
2026-07-23T16:01:41.688,162.6851,32.6836,15.9011
2026-07-23T16:01:41.703,162.6851,32.527,15.862
2026-07-23T16:01:41.706,162.6932,32.6836,15.8228
2026-07-23T16:01:41.715,162.7153,32.2333,15.8424
2026-07-23T16:01:41.724,162.7153,32.3899,15.7445
2026-07-23T16:01:41.736,162.7153,32.2724,15.9011
2026-07-23T16:01:41.744,162.7319,32.6249,15.8816
2026-07-23T16:01:41.752,162.7569,32.7424,15.9795
2026-07-23T16:01:41.766,162.7569,33.0948,15.9207
2026-07-23T16:01:41.766,162.7643,32.9382,15.9011
2026-07-23T16:01:41.785,162.794,33.0361,15.9011
2026-07-23T16:01:41.797,162.794,32.7815,15.9403
2026-07-23T16:01:41.808,162.794,33.0557,16.0186
2026-07-23T16:01:41.818,162.8006,33.0752,16.2144
2026-07-23T16:01:41.829,162.8274,33.3885,16.3711
2026-07-23T16:01:41.829,162.8274,33.134,16.3711
2026-07-23T16:01:41.845,162.8274,33.0752,16.3123
2026-07-23T16:01:41.851,162.8571,32.6053,16.2144
2026-07-23T16:01:41.861,162.8571,32.5661,16.097
2026-07-23T16:01:41.878,162.8571,32.1158,15.9207
2026-07-23T16:01:41.885,162.8887,32.1745,15.7837
2026-07-23T16:01:41.893,162.8929,31.9983,15.8032
2026-07-23T16:01:41.893,162.8929,32.3116,15.9207
2026-07-23T16:01:41.918,162.8981,32.4095,15.9795
2026-07-23T16:01:41.924,162.9238,32.6053,16.0774
2026-07-23T16:01:41.940,162.9238,32.1745,15.9599
2026-07-23T16:01:41.949,162.9296,32.2528,15.8032
2026-07-23T16:01:41.956,162.9566,32.057,15.6074
2026-07-23T16:01:41.971,162.9612,32.4291,15.4899
2026-07-23T16:01:41.975,162.9612,32.4486,15.5095
2026-07-23T16:01:41.987,162.993,32.4486,15.627
2026-07-23T16:01:42.004,162.993,32.1158,15.6074
2026-07-23T16:01:42.007,163.0005,31.8416,15.627
2026-07-23T16:01:42.016,163.0028,31.4109,15.5291
2026-07-23T16:01:42.019,163.0311,31.2542,15.5291
2026-07-23T16:01:42.037,163.0341,31.0193,15.4704
2026-07-23T16:01:42.050,163.0381,30.843,15.4116
2026-07-23T16:01:42.058,163.0677,30.6668,15.3725
2026-07-23T16:01:42.066,163.0709,30.5689,15.5095
2026-07-23T16:01:42.066,163.0709,30.7843,15.4899
2026-07-23T16:01:42.089,163.0709,31.313,15.6074
2026-07-23T16:01:42.100,163.1058,31.6654,15.6074
2026-07-23T16:01:42.113,163.1097,31.685,15.7249
2026-07-23T16:01:42.118,163.1115,31.4109,15.627
2026-07-23T16:01:42.129,163.1157,31.0976,15.5879
2026-07-23T16:01:42.141,163.1412,30.8234,15.4899
2026-07-23T16:01:42.154,163.1412,30.6472,15.5487
2026-07-23T16:01:42.156,163.1412,30.471,15.5095
2026-07-23T16:01:42.166,163.1741,30.2164,15.6662
2026-07-23T16:01:42.185,163.1781,29.7661,15.6662
2026-07-23T16:01:42.185,163.1781,29.3549,15.6858
2026-07-23T16:01:42.192,163.1781,29.0808,15.7445
2026-07-23T16:01:42.208,163.2042,28.9829,15.5879
2026-07-23T16:01:42.218,163.2112,29.0416,15.4704
2026-07-23T16:01:42.227,163.2178,29.1395,15.4899
2026-07-23T16:01:42.239,163.2516,29.0612,15.5291
2026-07-23T16:01:42.255,163.2516,29.0416,15.7053
2026-07-23T16:01:42.255,163.2516,28.8066,15.7837
2026-07-23T16:01:42.269,163.2577,28.9437,15.9011
2026-07-23T16:01:42.271,163.2577,29.0612,15.9599
2026-07-23T16:01:42.299,163.2933,29.2178,15.9207
2026-07-23T16:01:42.299,163.2933,29.3353,16.0186
2026-07-23T16:01:42.308,163.2994,29.2766,16.0578
2026-07-23T16:01:42.308,163.3155,29.0416,16.097
2026-07-23T16:01:42.318,163.3343,28.6304,15.9403
2026-07-23T16:01:42.334,163.3343,28.1996,15.862
2026-07-23T16:01:42.350,163.3343,27.9451,15.8032
2026-07-23T16:01:42.363,163.3675,27.8668,15.9403
2026-07-23T16:01:42.366,163.3675,27.8863,15.9011
2026-07-23T16:01:42.366,163.3675,27.573,15.8424
2026-07-23T16:01:42.385,163.3675,27.2402,15.7641
2026-07-23T16:01:42.414,163.401,26.9073,15.6858
2026-07-23T16:01:42.414,163.401,26.7115,15.5487
2026-07-23T16:01:42.418,163.401,26.5353,15.2941
2026-07-23T16:01:42.430,163.4102,26.222,15.392
2026-07-23T16:01:42.445,163.4426,25.8108,15.1767
2026-07-23T16:01:42.445,163.4426,25.2821,14.9417
2026-07-23T16:01:42.452,163.4426,24.4989,14.7067
2026-07-23T16:01:42.461,163.4734,23.5981,14.4522
2026-07-23T16:01:42.485,163.4734,22.7562,14.0606
2026-07-23T16:01:42.493,163.4734,21.7967,13.3752
2026-07-23T16:01:42.493,163.4734,20.7981,12.7878
2026-07-23T16:01:42.511,163.508,19.5841,11.9458
2026-07-23T16:01:42.524,163.508,17.9785,10.9668
2026-07-23T16:01:42.524,163.508,16.2162,9.6157
2026-07-23T16:01:42.540,163.5209,14.1211,8.2451
2026-07-23T16:01:42.544,163.5528,12.0063,6.8548
2026-07-23T16:01:42.559,163.5528,9.9112,5.6996
2026-07-23T16:01:42.559,163.5528,8.286,4.3681
2026-07-23T16:01:42.572,163.5686,6.6412,3.5065
2026-07-23T16:01:42.588,163.6006,5.4076,2.7233
2026-07-23T16:01:42.604,163.6006,4.2132,2.0771
2026-07-23T16:01:42.604,163.6006,3.2537,1.4505
2026-07-23T16:01:42.619,163.6219,2.1964,0.5694
2026-07-23T16:01:42.619,163.6229,1.4327,-0.1551
2026-07-23T16:01:42.635,163.6482,0.5908,-0.6642
2026-07-23T16:01:42.644,163.6482,0.1404,-1.2124
2026-07-23T16:01:42.651,163.6482,-0.3295,-1.5845
2026-07-23T16:01:42.673,163.6643,-0.7407,-1.7411
2026-07-23T16:01:42.675,163.6679,-1.1911,-1.8586
2026-07-23T16:01:42.685,163.6957,-1.3477,-1.9369
2026-07-23T16:01:42.685,163.6957,-1.6219,-1.9369
2026-07-23T16:01:42.699,163.701,-1.6806,-1.9565
2026-07-23T16:01:42.719,163.7165,-1.9156,-1.9957
2026-07-23T16:01:42.725,163.7433,-1.9743,-1.9565
2026-07-23T16:01:42.732,163.7433,-2.1114,-1.9565
2026-07-23T16:01:42.747,163.7433,-2.0527,-1.9565
2026-07-23T16:01:42.752,163.7599,-2.1897,-1.9369
2026-07-23T16:01:42.767,163.7599,-2.1114,-1.9369
2026-07-23T16:01:42.778,163.7927,-2.1897,-1.8978
2026-07-23T16:01:42.785,163.7942,-2.0527,-1.8978
2026-07-23T16:01:42.794,163.7997,-2.2289,-1.839
2026-07-23T16:01:42.811,163.8073,-2.1701,-1.8782
2026-07-23T16:01:42.811,163.8073,-2.2876,-1.8978
2026-07-23T16:01:42.826,163.8341,-2.131,-1.8194
2026-07-23T16:01:42.826,163.8341,-2.2485,-1.7607
2026-07-23T16:01:42.850,163.8412,-2.131,-1.7999
2026-07-23T16:01:42.858,163.8412,-1.9547,-1.7803
2026-07-23T16:01:42.858,163.8713,-2.1506,-1.7999
2026-07-23T16:01:42.874,163.8713,-2.268,-1.7803
2026-07-23T16:01:42.892,163.8713,-2.1701,-1.7999
2026-07-23T16:01:42.892,163.8842,-2.3072,-1.7999
2026-07-23T16:01:42.909,163.9023,-2.268,-1.7215
2026-07-23T16:01:42.922,163.9023,-2.3464,-1.7411
2026-07-23T16:01:42.922,163.9182,-2.2289,-1.7411
2026-07-23T16:01:42.939,163.9354,-2.2289,-1.6824
2026-07-23T16:01:42.953,163.9504,-2.1897,-1.5845
2026-07-23T16:01:42.953,163.9504,-2.268,-1.6041
2026-07-23T16:01:42.969,163.9504,-2.131,-1.5453
2026-07-23T16:01:42.976,163.9504,-2.268,-1.4866
2026-07-23T16:01:42.986,163.9832,-2.2289,-1.4278
2026-07-23T16:01:43.001,163.9837,-2.2093,-1.4474
2026-07-23T16:01:43.001,163.9837,-1.9939,-1.3495
2026-07-23T16:01:43.017,164.0142,-1.9352,-1.1929
2026-07-23T16:01:43.019,164.0142,-1.8177,-1.1341
2026-07-23T16:01:43.034,164.0142,-1.896,-1.1537
2026-07-23T16:01:43.059,164.05,-1.8568,-1.1145
2026-07-23T16:01:43.059,164.05,-1.7981,-1.1341
2026-07-23T16:01:43.065,164.05,-1.896,-1.0754
2026-07-23T16:01:43.065,164.0617,-1.9156,-0.9971
2026-07-23T16:01:43.097,164.0855,-1.7785,-0.9775
2026-07-23T16:01:43.097,164.0855,-1.8373,-0.9775
2026-07-23T16:01:43.101,164.0945,-1.7589,-0.9383
2026-07-23T16:01:43.120,164.1096,-1.8373,-1.0362
2026-07-23T16:01:43.134,164.1254,-1.6806,-1.0362
2026-07-23T16:01:43.136,164.1254,-1.7394,-1.0558
2026-07-23T16:01:43.145,164.1254,-1.7394,-1.0166
2026-07-23T16:01:43.152,164.1569,-1.7198,-1.0754
2026-07-23T16:01:43.160,164.1569,-1.661,-0.9971
2026-07-23T16:01:43.176,164.1569,-1.8177,-1.0362
2026-07-23T16:01:43.192,164.1752,-1.6806,-0.9775
2026-07-23T16:01:43.192,164.1888,-1.5827,-0.9775
2026-07-23T16:01:43.208,164.1888,-1.6415,-0.9971
2026-07-23T16:01:43.208,164.2055,-1.5631,-0.9971
2026-07-23T16:01:43.226,164.217,-1.6219,-0.9971
2026-07-23T16:01:43.226,164.217,-1.524,-0.9775
2026-07-23T16:01:43.245,164.2394,-1.5631,-0.9383
2026-07-23T16:01:43.256,164.2394,-1.5827,-1.0558
2026-07-23T16:01:43.268,164.2394,-1.7589,-1.0362
2026-07-23T16:01:43.290,164.2697,-1.7002,-1.0362
2026-07-23T16:01:43.290,164.2697,-1.8764,-0.9775
2026-07-23T16:01:43.290,164.2697,-1.7589,-1.0362
2026-07-23T16:01:43.309,164.3002,-1.9156,-0.8991
2026-07-23T16:01:43.319,164.3008,-1.7589,-1.0362
2026-07-23T16:01:43.320,164.3008,-1.8373,-0.9579
2026-07-23T16:01:43.345,164.3151,-1.7394,-0.9971
2026-07-23T16:01:43.345,164.3151,-1.8764,-0.9383
2026-07-23T16:01:43.352,164.3467,-1.7981,-0.9971
2026-07-23T16:01:43.366,164.3467,-1.8177,-0.9383
2026-07-23T16:01:43.366,164.3467,-1.8177,-1.0362
2026-07-23T16:01:43.385,164.3785,-1.8568,-0.9775
2026-07-23T16:01:43.398,164.3836,-1.7785,-0.9775
2026-07-23T16:01:43.398,164.3836,-1.8764,-0.9579
2026-07-23T16:01:43.429,164.411,-1.7589,-0.9775
2026-07-23T16:01:43.429,164.411,-1.8373,-0.9383
2026-07-23T16:01:43.434,164.411,-1.7394,-0.9971
2026-07-23T16:01:43.446,164.4342,-1.896,-0.9579
2026-07-23T16:01:43.451,164.4342,-1.7785,-0.9187
2026-07-23T16:01:43.462,164.4342,-1.8568,-0.9579
2026-07-23T16:01:43.485,164.4587,-1.6415,-0.9775
2026-07-23T16:01:43.485,164.4587,-1.896,-0.9775
2026-07-23T16:01:43.494,164.4751,-1.7589,-0.9971
2026-07-23T16:01:43.509,164.4751,-1.9156,-0.9383
2026-07-23T16:01:43.509,164.4907,-1.8373,-0.9383
2026-07-23T16:01:43.526,164.5088,-1.9156,-0.9383
2026-07-23T16:01:43.526,164.5088,-1.7394,-0.9383
2026-07-23T16:01:43.552,164.5383,-1.8373,-0.9775
2026-07-23T16:01:43.560,164.5383,-1.7394,-0.9383
2026-07-23T16:01:43.560,164.5504,-1.8764,-0.9971
2026-07-23T16:01:43.585,164.5709,-1.7394,-0.9579
2026-07-23T16:01:43.589,164.5709,-1.8764,-0.9775
2026-07-23T16:01:43.601,164.5709,-1.7198,-0.9775
2026-07-23T16:01:43.606,164.6017,-1.896,-0.9187
2026-07-23T16:01:43.622,164.6017,-1.6806,-0.8796
2026-07-23T16:01:43.622,164.6017,-1.8373,-0.9775
2026-07-23T16:01:43.636,164.6174,-1.6806,-0.9383
2026-07-23T16:01:43.653,164.6338,-1.8764,-0.9187
2026-07-23T16:01:43.653,164.6338,-1.7002,-0.8991
2026-07-23T16:01:43.668,164.6493,-1.8568,-0.9579
2026-07-23T16:01:43.668,164.6493,-1.7198,-0.9383
2026-07-23T16:01:43.685,164.6675,-1.8568,-0.9775
2026-07-23T16:01:43.685,164.6812,-1.7002,-0.8796
2026-07-23T16:01:43.700,164.6812,-1.8373,-0.9579
2026-07-23T16:01:43.716,164.6812,-1.7002,-0.9187
2026-07-23T16:01:43.732,164.7138,-1.896,-0.8991
2026-07-23T16:01:43.732,164.7173,-1.7198,-0.9187
2026-07-23T16:01:43.752,164.7392,-1.8373,-0.9775
2026-07-23T16:01:43.764,164.7392,-1.7002,-0.9383
2026-07-23T16:01:43.768,164.7452,-1.8177,-0.9383
2026-07-23T16:01:43.780,164.7605,-1.7394,-0.8991
2026-07-23T16:01:43.789,164.7676,-1.8568,-0.9775
2026-07-23T16:01:43.796,164.7927,-1.7394,-0.9187
2026-07-23T16:01:43.811,164.7952,-1.8764,-0.9579
2026-07-23T16:01:43.818,164.7952,-1.8177,-0.9383
2026-07-23T16:01:43.828,164.8247,-1.7589,-0.9579
2026-07-23T16:01:43.828,164.8247,-1.7589,-0.9383
2026-07-23T16:01:43.846,164.8247,-1.8568,-0.9971
2026-07-23T16:01:43.859,164.8423,-1.7785,-0.9187
2026-07-23T16:01:43.859,164.856,-1.8177,-0.8796
2026-07-23T16:01:43.876,164.856,-1.7981,-0.9579
2026-07-23T16:01:43.885,164.8727,-1.7981,-0.9579
2026-07-23T16:01:43.893,164.8727,-1.7981,-0.9383
2026-07-23T16:01:43.907,164.8842,-1.7981,-0.9187
2026-07-23T16:01:43.923,164.9036,-1.7785,-0.9187
2026-07-23T16:01:43.923,164.9036,-1.8568,-0.9187
2026-07-23T16:01:43.938,164.9353,-1.7785,-0.8991
2026-07-23T16:01:43.954,164.9353,-1.8373,-0.9775
2026-07-23T16:01:43.954,164.9353,-1.7981,-0.9579
2026-07-23T16:01:43.970,164.9629,-1.7981,-0.8991
2026-07-23T16:01:43.976,164.967,-1.7981,-0.9187
2026-07-23T16:01:43.986,164.9681,-1.7785,-0.9775
2026-07-23T16:01:43.986,164.99,-1.8177,-0.9187
2026-07-23T16:01:44.013,164.9955,-1.8373,-0.9971
2026-07-23T16:01:44.019,164.9955,-1.7394,-0.9383
2026-07-23T16:01:44.023,165.0143,-1.8177,-0.9383
2026-07-23T16:01:44.041,165.0143,-1.7785,-0.9187
2026-07-23T16:01:44.049,165.0143,-1.7785,-0.8208
2026-07-23T16:01:44.052,165.0513,-1.7589,-0.86
2026-07-23T16:01:44.065,165.0513,-1.7981,-0.9775
2026-07-23T16:01:44.065,165.0513,-1.7198,-0.9775
2026-07-23T16:01:44.085,165.0781,-1.8568,-0.9187
2026-07-23T16:01:44.097,165.0781,-1.8373,-0.8796
2026-07-23T16:01:44.113,165.1011,-1.7981,-0.9383
2026-07-23T16:01:44.123,165.1011,-1.7589,-0.8796
2026-07-23T16:01:44.123,165.11,-1.7785,-0.9383
2026-07-23T16:01:44.152,165.1345,-1.7785,-0.9187
2026-07-23T16:01:44.152,165.1345,-1.7589,-0.9383
2026-07-23T16:01:44.152,165.1345,-1.7785,-0.8991
2026-07-23T16:01:44.161,165.1573,-1.8177,-0.9579
2026-07-23T16:01:44.176,165.1573,-1.7394,-0.9383
2026-07-23T16:01:44.185,165.1573,-1.8373,-0.9187
2026-07-23T16:01:44.192,165.1888,-1.7785,-0.8796
2026-07-23T16:01:44.208,165.1888,-1.8177,-0.9579
2026-07-23T16:01:44.208,165.1956,-1.7785,-0.8796
2026-07-23T16:01:44.227,165.2206,-1.7589,-0.8991
2026-07-23T16:01:44.240,165.2206,-1.8568,-0.9187
2026-07-23T16:01:44.246,165.2374,-1.7394,-0.9187
2026-07-23T16:01:44.256,165.2524,-1.7394,-0.86
2026-07-23T16:01:44.269,165.2524,-1.8177,-0.8404
2026-07-23T16:01:44.271,165.2524,-1.7589,-0.8796
2026-07-23T16:01:44.288,165.2735,-1.7981,-0.8991
2026-07-23T16:01:44.288,165.2735,-1.7198,-0.9187
2026-07-23T16:01:44.303,165.2845,-1.8373,-0.9187
2026-07-23T16:01:44.324,165.3015,-1.8764,-0.9383
2026-07-23T16:01:44.324,165.3015,-1.8177,-0.8404
2026-07-23T16:01:44.335,165.3345,-1.7981,-0.9579
2026-07-23T16:01:44.352,165.3345,-1.7785,-0.8796
2026-07-23T16:01:44.352,165.3345,-1.8177,-0.8991
2026-07-23T16:01:44.367,165.3486,-1.7198,-0.8796
2026-07-23T16:01:44.383,165.3486,-1.7981,-0.9187
2026-07-23T16:01:44.385,165.3636,-1.7981,-0.8991
2026-07-23T16:01:44.399,165.3849,-1.7394,-0.8796
2026-07-23T16:01:44.399,165.3849,-1.7981,-0.9187
2026-07-23T16:01:44.414,165.4124,-1.7589,-0.9579
2026-07-23T16:01:44.430,165.4124,-1.8177,-0.86
2026-07-23T16:01:44.436,165.4124,-1.7394,-0.9579
2026-07-23T16:01:44.447,165.4425,-1.7002,-0.9383
2026-07-23T16:01:44.463,165.4425,-1.8177,-0.9187
2026-07-23T16:01:44.463,165.4425,-1.8177,-0.8796
2026-07-23T16:01:44.478,165.468,-1.7198,-0.9383
2026-07-23T16:01:44.485,165.468,-1.8177,-0.8991
2026-07-23T16:01:44.493,165.4749,-1.7589,-0.8991
2026-07-23T16:01:44.509,165.4959,-1.7981,-0.8796
2026-07-23T16:01:44.519,165.4959,-1.7589,-0.8012
2026-07-23T16:01:44.526,165.5221,-1.7981,-0.8404
2026-07-23T16:01:44.541,165.5221,-1.7785,-0.86
2026-07-23T16:01:44.547,165.5221,-1.8177,-0.8796
2026-07-23T16:01:44.561,165.5516,-1.661,-0.9187
2026-07-23T16:01:44.561,165.5536,-1.7785,-0.9383
2026-07-23T16:01:44.573,165.5536,-1.7002,-0.8991
2026-07-23T16:01:44.589,165.5745,-1.8177,-0.9383
2026-07-23T16:01:44.589,165.5745,-1.7198,-0.8991
2026-07-23T16:01:44.604,165.601,-1.8568,-0.9187
2026-07-23T16:01:44.618,165.601,-1.7198,-0.9579
2026-07-23T16:01:44.625,165.601,-1.8764,-0.8796
2026-07-23T16:01:44.641,165.6349,-1.661,-0.9775
2026-07-23T16:01:44.652,165.6349,-1.896,-0.9187
2026-07-23T16:01:44.652,165.6349,-1.661,-0.9383
2026-07-23T16:01:44.668,165.6678,-1.8568,-0.8991
2026-07-23T16:01:44.684,165.6678,-1.661,-0.9383
2026-07-23T16:01:44.686,165.6678,-1.8568,-0.8404
2026-07-23T16:01:44.700,165.696,-1.7198,-0.8796
2026-07-23T16:01:44.716,165.696,-1.8373,-0.8404
2026-07-23T16:01:44.719,165.7011,-1.6806,-0.8991
2026-07-23T16:01:44.731,165.7282,-1.8568,-0.8208
2026-07-23T16:01:44.731,165.7282,-1.7198,-0.8991
2026-07-23T16:01:44.752,165.7343,-1.8764,-0.7229
2026-07-23T16:01:44.757,165.7606,-1.7002,-0.9383
2026-07-23T16:01:44.779,165.7626,-1.8177,-0.8796
2026-07-23T16:01:44.779,165.7626,-1.7002,-0.8991
2026-07-23T16:01:44.796,165.7913,-1.7981,-0.8991
2026-07-23T16:01:44.796,165.7913,-1.7002,-0.8991
2026-07-23T16:01:44.796,165.7913,-1.7394,-0.8796
2026-07-23T16:01:44.818,165.7959,-1.7198,-0.8796
2026-07-23T16:01:44.828,165.8237,-1.7589,-0.8796
2026-07-23T16:01:44.828,165.8237,-1.7002,-0.9187
2026-07-23T16:01:44.847,165.8237,-1.8373,-0.8404
2026-07-23T16:01:44.858,165.8548,-1.6415,-0.8012
2026-07-23T16:01:44.875,165.8548,-1.9156,-0.86
2026-07-23T16:01:44.875,165.8548,-1.6415,-0.8796
2026-07-23T16:01:44.889,165.8868,-1.896,-0.86
2026-07-23T16:01:44.906,165.8868,-1.661,-0.9383
2026-07-23T16:01:44.906,165.8868,-1.8568,-0.9187
2026-07-23T16:01:44.921,165.9171,-1.6806,-0.8796
2026-07-23T16:01:44.926,165.9171,-1.8177,-0.8991
2026-07-23T16:01:44.938,165.9199,-1.6806,-0.8796
2026-07-23T16:01:44.952,165.934,-1.8568,-0.8796
2026-07-23T16:01:44.954,165.9491,-1.6219,-0.8404
2026-07-23T16:01:44.968,165.9491,-1.896,-0.8208
2026-07-23T16:01:44.978,165.9759,-1.7198,-0.9187
2026-07-23T16:01:44.985,165.9759,-1.8568,-0.86
2026-07-23T16:01:44.985,165.9804,-1.661,-0.8991
2026-07-23T16:01:45.000,166.0008,-1.8764,-0.8991
2026-07-23T16:01:45.020,166.0104,-1.7002,-0.86
2026-07-23T16:01:45.027,166.0114,-1.8177,-0.8796
2026-07-23T16:01:45.034,166.0428,-1.6415,-0.8208
2026-07-23T16:01:45.052,166.0428,-1.8373,-0.8796
2026-07-23T16:01:45.061,166.0428,-1.6415,-0.9187
2026-07-23T16:01:45.062,166.0677,-1.7981,-0.9187
2026-07-23T16:01:45.085,166.0762,-1.7198,-0.9187
2026-07-23T16:01:45.085,166.0762,-1.8568,-0.86
2026-07-23T16:01:45.094,166.0762,-1.661,-0.86
2026-07-23T16:01:45.110,166.1072,-1.8568,-0.8991
2026-07-23T16:01:45.118,166.1072,-1.661,-0.8796
2026-07-23T16:01:45.127,166.1072,-1.8177,-0.8991
2026-07-23T16:01:45.127,166.1353,-1.7198,-0.8796
2026-07-23T16:01:45.152,166.1353,-1.9156,-0.9187
2026-07-23T16:01:45.158,166.1392,-1.6806,-0.8012
2026-07-23T16:01:45.158,166.1552,-1.8764,-0.8991
2026-07-23T16:01:45.174,166.1674,-1.7198,-0.8796
2026-07-23T16:01:45.190,166.1712,-1.8568,-0.9187
2026-07-23T16:01:45.190,166.1958,-1.6219,-0.9187
2026-07-23T16:01:45.206,166.1958,-1.8568,-0.8991
2026-07-23T16:01:45.222,166.2008,-1.661,-0.8404
2026-07-23T16:01:45.228,166.2272,-1.7981,-0.9579
2026-07-23T16:01:45.238,166.2278,-1.6806,-0.8404
2026-07-23T16:01:45.252,166.2285,-1.8373,-0.8796
2026-07-23T16:01:45.254,166.2501,-1.661,-0.8404
2026-07-23T16:01:45.270,166.2501,-1.7981,-0.86
2026-07-23T16:01:45.279,166.2501,-1.7394,-0.8208
2026-07-23T16:01:45.285,166.2817,-1.7394,-0.9187
2026-07-23T16:01:45.301,166.2817,-1.6806,-0.8404
2026-07-23T16:01:45.301,166.2817,-1.8373,-0.8991
2026-07-23T16:01:45.318,166.3139,-1.7394,-0.8796
2026-07-23T16:01:45.333,166.3139,-1.7981,-0.9383
2026-07-23T16:01:45.333,166.3139,-1.7198,-0.8404
2026-07-23T16:01:45.353,166.3466,-1.7589,-0.8796
2026-07-23T16:01:45.365,166.3466,-1.7198,-0.86
2026-07-23T16:01:45.365,166.3466,-1.7981,-0.8991
2026-07-23T16:01:45.397,166.3771,-1.7589,-0.86
2026-07-23T16:01:45.397,166.3771,-1.7785,-0.86
2026-07-23T16:01:45.397,166.3771,-1.7198,-0.8796
2026-07-23T16:01:45.397,166.4088,-1.7002,-0.8991
2026-07-23T16:01:45.428,166.4088,-1.7394,-0.8012
2026-07-23T16:01:45.428,166.4088,-1.7394,-0.9187
2026-07-23T16:01:45.447,166.4403,-1.7394,-0.8012
2026-07-23T16:01:45.447,166.4403,-1.7589,-0.8796
2026-07-23T16:01:45.460,166.4403,-1.7589,-0.8796
2026-07-23T16:01:45.460,166.469,-1.7394,-0.9187
2026-07-23T16:01:45.478,166.472,-1.7198,-0.86
2026-07-23T16:01:45.491,166.472,-1.7981,-0.86
2026-07-23T16:01:45.491,166.4776,-1.7981,-0.8404
2026-07-23T16:01:45.520,166.501,-1.7589,-0.9579
2026-07-23T16:01:45.520,166.501,-1.7785,-0.8012
2026-07-23T16:01:45.523,166.5045,-1.7589,-0.8991
2026-07-23T16:01:45.539,166.5344,-1.8177,-0.8012
2026-07-23T16:01:45.547,166.5365,-1.8373,-0.8796
2026-07-23T16:01:45.562,166.5365,-1.7394,-0.8796
2026-07-23T16:01:45.571,166.5528,-1.8177,-0.9187
2026-07-23T16:01:45.571,166.5528,-1.7589,-0.86
2026-07-23T16:01:45.587,166.5675,-1.8177,-0.9187
2026-07-23T16:01:45.587,166.5943,-1.7394,-0.8796
2026-07-23T16:01:45.604,166.5964,-1.7394,-0.8796
2026-07-23T16:01:45.618,166.5992,-1.7589,-0.8796
2026-07-23T16:01:45.629,166.6189,-1.7198,-0.8404
2026-07-23T16:01:45.634,166.6189,-1.7394,-0.8012
2026-07-23T16:01:45.650,166.6189,-1.7785,-0.9383
2026-07-23T16:01:45.652,166.647,-1.7589,-0.8796
2026-07-23T16:01:45.670,166.647,-1.7589,-0.8796
2026-07-23T16:01:45.670,166.647,-1.7785,-0.7621
2026-07-23T16:01:45.698,166.6784,-1.6806,-0.9187
2026-07-23T16:01:45.698,166.6784,-1.7589,-0.86
2026-07-23T16:01:45.698,166.7012,-1.7981,-0.8404
2026-07-23T16:01:45.719,166.7012,-1.7785,-0.86
2026-07-23T16:01:45.729,166.71,-1.7785,-0.9187
2026-07-23T16:01:45.729,166.7343,-1.7589,-0.8991
2026-07-23T16:01:45.752,166.7343,-1.7589,-0.8796
2026-07-23T16:01:45.761,166.7343,-1.7589,-0.86
2026-07-23T16:01:45.770,166.7612,-1.8177,-0.8208
2026-07-23T16:01:45.777,166.7612,-1.7785,-0.8404
2026-07-23T16:01:45.785,166.7678,-1.7198,-0.8796
2026-07-23T16:01:45.793,166.797,-1.7981,-0.8208
2026-07-23T16:01:45.812,166.797,-1.7589,-0.9775
2026-07-23T16:01:45.819,166.803,-1.661,-0.86
2026-07-23T16:01:45.840,166.8342,-1.7981,-0.86
2026-07-23T16:01:45.840,166.8342,-1.7785,-0.8404
2026-07-23T16:01:45.848,166.8368,-1.7981,-0.9187
2026-07-23T16:01:45.857,166.853,-1.7785,-0.8796
2026-07-23T16:01:45.877,166.8676,-1.7394,-0.8796
2026-07-23T16:01:45.877,166.8676,-1.7589,-0.8796
2026-07-23T16:01:45.888,166.8676,-1.7198,-0.8208
2026-07-23T16:01:45.896,166.897,-1.7394,-0.9187
2026-07-23T16:01:45.904,166.901,-1.7589,-0.7621
2026-07-23T16:01:45.918,166.901,-1.7981,-0.9383
2026-07-23T16:01:45.937,166.9279,-1.7589,-0.8991
2026-07-23T16:01:45.937,166.9314,-1.7589,-0.86
2026-07-23T16:01:45.948,166.9342,-1.7002,-0.8208
2026-07-23T16:01:45.952,166.9472,-1.8373,-0.86
2026-07-23T16:01:45.967,166.9632,-1.7394,-0.7621
2026-07-23T16:01:45.979,166.9632,-1.8177,-0.8404
2026-07-23T16:01:45.985,166.9798,-1.7002,-0.8012
2026-07-23T16:01:45.998,166.9959,-1.7589,-0.9383
2026-07-23T16:01:46.014,166.9969,-1.7394,-0.8404
2026-07-23T16:01:46.014,166.9969,-1.7002,-0.9187
2026-07-23T16:01:46.031,167.0273,-1.7589,-0.8012
2026-07-23T16:01:46.031,167.0273,-1.8373,-0.8991
2026-07-23T16:01:46.052,167.0532,-1.7198,-0.7033
2026-07-23T16:01:46.052,167.0532,-1.7394,-0.9187
2026-07-23T16:01:46.062,167.0532,-1.661,-0.8991
2026-07-23T16:01:46.078,167.0589,-1.7785,-0.8991
2026-07-23T16:01:46.085,167.08,-1.6806,-0.86
2026-07-23T16:01:46.094,167.08,-1.7785,-0.8796
2026-07-23T16:01:46.110,167.08,-1.7002,-0.8404
2026-07-23T16:01:46.118,167.1069,-1.7198,-0.8991
2026-07-23T16:01:46.131,167.1069,-1.7198,-0.8208
2026-07-23T16:01:46.142,167.1069,-1.7589,-0.8404
2026-07-23T16:01:46.158,167.1385,-1.7785,-0.8991
2026-07-23T16:01:46.158,167.1385,-1.7198,-0.8991
2026-07-23T16:01:46.158,167.1385,-1.7785,-0.86
2026-07-23T16:01:46.189,167.1701,-1.7589,-0.86
2026-07-23T16:01:46.189,167.1701,-1.7785,-0.86
2026-07-23T16:01:46.189,167.1701,-1.7394,-0.8012
2026-07-23T16:01:46.218,167.1969,-1.7785,-0.8208
2026-07-23T16:01:46.218,167.1969,-1.661,-0.8991
2026-07-23T16:01:46.231,167.2203,-1.7394,-0.8404
2026-07-23T16:01:46.237,167.2263,-1.7002,-0.86
2026-07-23T16:01:46.248,167.2277,-1.7785,-0.8404
2026-07-23T16:01:46.252,167.2481,-1.7394,-0.86
2026-07-23T16:01:46.271,167.2481,-1.7198,-0.8012
2026-07-23T16:01:46.281,167.2679,-1.7589,-0.86
2026-07-23T16:01:46.290,167.2679,-1.6806,-0.86
2026-07-23T16:01:46.299,167.2799,-1.7198,-0.8796
2026-07-23T16:01:46.315,167.3035,-1.7394,-0.8991
2026-07-23T16:01:46.319,167.3035,-1.7589,-0.8796
2026-07-23T16:01:46.319,167.3035,-1.7589,-0.8208
2026-07-23T16:01:46.333,167.3277,-1.7198,-0.9383
2026-07-23T16:01:46.348,167.3277,-1.7785,-0.8404
2026-07-23T16:01:46.354,167.3344,-1.6806,-0.86
2026-07-23T16:01:46.379,167.3595,-1.7981,-0.8404
2026-07-23T16:01:46.379,167.361,-1.7394,-0.8991
2026-07-23T16:01:46.394,167.3806,-1.7981,-0.86
2026-07-23T16:01:46.396,167.3867,-1.7394,-0.8991
2026-07-23T16:01:46.396,167.3867,-1.7785,-0.8208
2026-07-23T16:01:46.418,167.4074,-1.7002,-0.8796
2026-07-23T16:01:46.431,167.4074,-1.7785,-0.8991
2026-07-23T16:01:46.437,167.4346,-1.6806,-0.86
2026-07-23T16:01:46.458,167.4346,-1.7589,-0.8796
2026-07-23T16:01:46.458,167.4391,-1.7394,-0.9187
2026-07-23T16:01:46.474,167.4549,-1.7981,-0.8208
2026-07-23T16:01:46.479,167.4549,-1.7002,-0.9579
2026-07-23T16:01:46.490,167.4549,-1.7589,-0.8796
2026-07-23T16:01:46.490,167.4865,-1.7589,-0.8796
2026-07-23T16:01:46.506,167.4967,-1.7394,-0.8208
2026-07-23T16:01:46.506,167.4967,-1.7198,-0.86
2026-07-23T16:01:46.532,167.5186,-1.7589,-0.8012
2026-07-23T16:01:46.537,167.525,-1.7002,-0.8208
2026-07-23T16:01:46.552,167.5292,-1.7785,-0.8012
2026-07-23T16:01:46.553,167.5505,-1.6806,-0.86
2026-07-23T16:01:46.569,167.5536,-1.7394,-0.8991
2026-07-23T16:01:46.580,167.5536,-1.7394,-0.8796
2026-07-23T16:01:46.586,167.5679,-1.7589,-0.8404
2026-07-23T16:01:46.601,167.5679,-1.7394,-0.8796
2026-07-23T16:01:46.604,167.601,-1.7589,-0.8208
2026-07-23T16:01:46.619,167.601,-1.7589,-0.86
2026-07-23T16:01:46.619,167.601,-1.7394,-0.8404
2026-07-23T16:01:46.633,167.6301,-1.7198,-0.8404
2026-07-23T16:01:46.652,167.6301,-1.7394,-0.86
2026-07-23T16:01:46.652,167.6301,-1.7785,-0.86
2026-07-23T16:01:46.665,167.6467,-1.7981,-0.8208
2026-07-23T16:01:46.665,167.6467,-1.7589,-0.8208
2026-07-23T16:01:46.697,167.6817,-1.7394,-0.9187
2026-07-23T16:01:46.697,167.6817,-1.7589,-0.86
2026-07-23T16:01:46.713,167.6817,-1.7198,-0.8991
2026-07-23T16:01:46.718,167.7093,-1.7394,-0.8404
2026-07-23T16:01:46.733,167.7093,-1.8373,-0.8796
2026-07-23T16:01:46.733,167.7093,-1.7198,-0.8208
2026-07-23T16:01:46.752,167.7411,-1.7394,-0.8012
2026-07-23T16:01:46.760,167.7411,-1.7198,-0.86
2026-07-23T16:01:46.760,167.7411,-1.6023,-0.9579
2026-07-23T16:01:46.792,167.7728,-1.7198,-0.7817
2026-07-23T16:01:46.792,167.7728,-1.7589,-0.86
2026-07-23T16:01:46.792,167.7971,-1.7002,-0.8012
2026-07-23T16:01:46.819,167.7971,-1.7394,-0.9187
2026-07-23T16:01:46.819,167.804,-1.7198,-0.7621
2026-07-23T16:01:46.824,167.82,-1.7394,-0.7425
2026-07-23T16:01:46.848,167.82,-1.7785,-0.7817
2026-07-23T16:01:46.848,167.82,-1.661,-0.8796
2026-07-23T16:01:46.856,167.852,-1.7002,-0.8012
2026-07-23T16:01:46.871,167.852,-1.7198,-0.8796
2026-07-23T16:01:46.871,167.852,-1.7589,-0.8404
2026-07-23T16:01:46.896,167.8876,-1.7785,-0.9579
2026-07-23T16:01:46.903,167.8876,-1.7394,-0.8796
2026-07-23T16:01:46.903,167.8876,-1.7002,-0.86
2026-07-23T16:01:46.935,167.916,-1.6806,-0.8012
2026-07-23T16:01:46.935,167.916,-1.7394,-0.8796
2026-07-23T16:01:46.938,167.916,-1.7002,-0.8796
2026-07-23T16:01:46.952,167.9472,-1.7394,-0.8796
2026-07-23T16:01:46.966,167.9472,-1.7589,-0.8404
2026-07-23T16:01:46.967,167.9472,-1.6806,-0.8796
2026-07-23T16:01:46.982,167.9708,-1.7002,-0.8208
2026-07-23T16:01:46.985,167.9708,-1.7394,-0.8796
2026-07-23T16:01:46.998,167.9788,-1.7198,-0.8208
2026-07-23T16:01:46.998,168.001,-1.7589,-0.86
2026-07-23T16:01:47.022,168.001,-1.7198,-0.8796
2026-07-23T16:01:47.030,168.001,-1.7198,-0.86
2026-07-23T16:01:47.033,168.0264,-1.7394,-0.8404
2026-07-23T16:01:47.052,168.0264,-1.7002,-0.8404
2026-07-23T16:01:47.061,168.0542,-1.7198,-0.8012
2026-07-23T16:01:47.077,168.0542,-1.7002,-0.8012
2026-07-23T16:01:47.077,168.0582,-1.7002,-0.8208
2026-07-23T16:01:47.093,168.0826,-1.7785,-0.8404
2026-07-23T16:01:47.093,168.0826,-1.7589,-0.86
2026-07-23T16:01:47.109,168.0898,-1.7394,-0.8991
2026-07-23T16:01:47.118,168.1056,-1.8764,-0.8404
2026-07-23T16:01:47.133,168.1056,-1.7394,-0.8796
2026-07-23T16:01:47.141,168.1056,-1.7981,-0.7817
2026-07-23T16:01:47.152,168.1378,-1.7198,-0.7817
2026-07-23T16:01:47.156,168.1378,-1.7981,-0.9187
2026-07-23T16:01:47.156,168.1378,-1.7002,-0.8991
2026-07-23T16:01:47.189,168.1702,-1.7785,-0.8404
2026-07-23T16:01:47.189,168.1702,-1.661,-0.86
2026-07-23T16:01:47.205,168.1973,-1.7785,-0.8404
2026-07-23T16:01:47.220,168.1973,-1.661,-0.86
2026-07-23T16:01:47.220,168.1973,-1.7589,-0.8208
2026-07-23T16:01:47.236,168.2212,-1.6806,-0.8404
2026-07-23T16:01:47.236,168.2212,-1.7785,-0.86
2026-07-23T16:01:47.252,168.2212,-1.7198,-0.8796
2026-07-23T16:01:47.252,168.249,-1.8373,-0.8404
2026-07-23T16:01:47.272,168.249,-1.7002,-0.86
2026-07-23T16:01:47.272,168.249,-1.8177,-0.8404
2026-07-23T16:01:47.300,168.2806,-1.6806,-0.8404
2026-07-23T16:01:47.300,168.2806,-1.8373,-0.8404
2026-07-23T16:01:47.300,168.3047,-1.661,-0.8991
2026-07-23T16:01:47.319,168.3047,-1.8373,-0.8012
2026-07-23T16:01:47.319,168.3047,-1.6219,-0.86
2026-07-23T16:01:47.334,168.3345,-1.8177,-0.8012
2026-07-23T16:01:47.355,168.3345,-1.7198,-0.8404
2026-07-23T16:01:47.355,168.3345,-1.8177,-0.8012
2026-07-23T16:01:47.373,168.3603,-1.6415,-0.8404
2026-07-23T16:01:47.385,168.3679,-1.8373,-0.7817
2026-07-23T16:01:47.385,168.3679,-1.6415,-0.8208
2026-07-23T16:01:47.397,168.3918,-1.7589,-0.86
2026-07-23T16:01:47.411,168.3974,-1.6806,-0.8991
2026-07-23T16:01:47.419,168.3974,-1.8177,-0.7817
2026-07-23T16:01:47.427,168.4236,-1.6806,-0.8404
2026-07-23T16:01:47.443,168.4236,-1.8373,-0.8404
2026-07-23T16:01:47.452,168.4394,-1.6023,-0.8796
2026-07-23T16:01:47.471,168.4394,-1.8568,-0.8012
2026-07-23T16:01:47.471,168.4394,-1.6806,-0.86
2026-07-23T16:01:47.481,168.4554,-1.7981,-0.8012
2026-07-23T16:01:47.490,168.4713,-1.6806,-0.8012
2026-07-23T16:01:47.490,168.4713,-1.8568,-0.8796
2026-07-23T16:01:47.506,168.5028,-1.6415,-0.8404
2026-07-23T16:01:47.522,168.5028,-1.8177,-0.8404
2026-07-23T16:01:47.522,168.5028,-1.6415,-0.8991
2026-07-23T16:01:47.538,168.5346,-1.8568,-0.86
2026-07-23T16:01:47.554,168.5346,-1.6806,-0.8404
2026-07-23T16:01:47.554,168.5346,-1.7981,-0.7817
2026-07-23T16:01:47.570,168.5548,-1.661,-0.7817
2026-07-23T16:01:47.570,168.5669,-1.8568,-0.8404
2026-07-23T16:01:47.585,168.5844,-1.6023,-0.7817
2026-07-23T16:01:47.585,168.5844,-1.8373,-0.8404
2026-07-23T16:01:47.606,168.5844,-1.6023,-0.8208
2026-07-23T16:01:47.619,168.5975,-1.8177,-0.8208
2026-07-23T16:01:47.635,168.6145,-1.6806,-0.7425
2026-07-23T16:01:47.635,168.6145,-1.7981,-0.8404
2026-07-23T16:01:47.649,168.6464,-1.6023,-0.8404
2026-07-23T16:01:47.665,168.6464,-1.8764,-0.86
2026-07-23T16:01:47.665,168.6464,-1.5827,-0.86
2026-07-23T16:01:47.681,168.668,-1.8764,-0.8796
2026-07-23T16:01:47.689,168.668,-1.6806,-0.7817
2026-07-23T16:01:47.697,168.668,-1.8373,-0.86
2026-07-23T16:01:47.719,168.7011,-1.6415,-0.7817
2026-07-23T16:01:47.719,168.7011,-1.8177,-0.86
2026-07-23T16:01:47.731,168.7263,-1.6219,-0.8208
2026-07-23T16:01:47.736,168.7263,-1.8177,-0.8404
2026-07-23T16:01:47.752,168.7263,-1.7002,-0.8208
2026-07-23T16:01:47.761,168.7422,-1.8177,-0.8796
2026-07-23T16:01:47.772,168.7422,-1.661,-0.8208
2026-07-23T16:01:47.777,168.7422,-1.8568,-0.8208
2026-07-23T16:01:47.793,168.7738,-1.6806,-0.8404
2026-07-23T16:01:47.793,168.7738,-1.8568,-0.8796
2026-07-23T16:01:47.814,168.8052,-1.6219,-0.8404
2026-07-23T16:01:47.825,168.8052,-1.8373,-0.8991
2026-07-23T16:01:47.825,168.8052,-1.6415,-0.8991
2026-07-23T16:01:47.840,168.8345,-1.8177,-0.8404
2026-07-23T16:01:47.856,168.8345,-1.6415,-0.8012
2026-07-23T16:01:47.856,168.837,-1.8373,-0.8012
2026-07-23T16:01:47.872,168.8536,-1.661,-0.8404
2026-07-23T16:01:47.873,168.8536,-1.8177,-0.8404
2026-07-23T16:01:47.888,168.886,-1.6023,-0.8208
2026-07-23T16:01:47.904,168.8886,-1.8177,-0.86
2026-07-23T16:01:47.904,168.8903,-1.661,-0.7817
2026-07-23T16:01:47.920,168.902,-1.8568,-0.8796
2026-07-23T16:01:47.920,168.902,-1.5436,-0.8796
2026-07-23T16:01:47.941,168.9167,-1.7198,-0.8796
2026-07-23T16:01:47.953,168.9345,-1.7394,-0.7817
2026-07-23T16:01:47.953,168.9345,-1.8373,-0.86
2026-07-23T16:01:47.967,168.9674,-1.7002,-0.8208
2026-07-23T16:01:47.985,168.9684,-1.8177,-0.8208
2026-07-23T16:01:47.985,168.9695,-1.7198,-0.7817
2026-07-23T16:01:47.999,168.986,-1.7785,-0.86
2026-07-23T16:01:48.015,168.9966,-1.7198,-0.86
2026-07-23T16:01:48.021,168.9976,-1.7785,-0.8991
2026-07-23T16:01:48.031,169.0135,-1.661,-0.8208
2026-07-23T16:01:48.037,169.0135,-1.7198,-0.8991
2026-07-23T16:01:48.048,169.0282,-1.7589,-0.7425
2026-07-23T16:01:48.064,169.044,-1.7198,-0.86
2026-07-23T16:01:48.064,169.044,-1.7198,-0.8208
2026-07-23T16:01:48.085,169.0759,-1.7394,-0.8796
2026-07-23T16:01:48.095,169.0759,-1.6219,-0.86
2026-07-23T16:01:48.095,169.0759,-1.7785,-0.9187
2026-07-23T16:01:48.119,169.108,-1.6415,-0.8208
2026-07-23T16:01:48.127,169.108,-1.7198,-0.86
2026-07-23T16:01:48.127,169.108,-1.7002,-0.8208
2026-07-23T16:01:48.143,169.1373,-1.7785,-0.8404
2026-07-23T16:01:48.152,169.1389,-1.7198,-0.8208
2026-07-23T16:01:48.159,169.1409,-1.7394,-0.8796
2026-07-23T16:01:48.174,169.1546,-1.7394,-0.8208
2026-07-23T16:01:48.174,169.1546,-1.6806,-0.8796
2026-07-23T16:01:48.190,169.1676,-1.6806,-0.7621
2026-07-23T16:01:48.192,169.1866,-1.661,-0.8404
2026-07-23T16:01:48.205,169.1866,-1.7198,-0.8208
2026-07-23T16:01:48.221,169.2183,-1.7002,-0.8796
2026-07-23T16:01:48.237,169.2219,-1.661,-0.8012
2026-07-23T16:01:48.237,169.2219,-1.7785,-0.86
2026-07-23T16:01:48.249,169.2417,-1.7394,-0.7817
2026-07-23T16:01:48.253,169.2417,-1.8177,-0.8404
2026-07-23T16:01:48.273,169.2417,-1.7198,-0.8208
2026-07-23T16:01:48.280,169.2679,-1.7394,-0.8404
2026-07-23T16:01:48.293,169.2679,-1.7198,-0.86
2026-07-23T16:01:48.293,169.2679,-1.7394,-0.9187
2026-07-23T16:01:48.319,169.2977,-1.7002,-0.8404
2026-07-23T16:01:48.319,169.2977,-1.7589,-0.8208
2026-07-23T16:01:48.338,169.3138,-1.7589,-0.8208
2026-07-23T16:01:48.349,169.3138,-1.7785,-0.8404
2026-07-23T16:01:48.349,169.3138,-1.6806,-0.8208
2026-07-23T16:01:48.365,169.3474,-1.7394,-0.9187
2026-07-23T16:01:48.365,169.3474,-1.7198,-0.8012
2026-07-23T16:01:48.389,169.3681,-1.7394,-0.86
2026-07-23T16:01:48.398,169.3681,-1.7002,-0.8404
2026-07-23T16:01:48.398,169.3776,-1.7785,-0.7425
2026-07-23T16:01:48.419,169.4009,-1.7589,-0.8012
2026-07-23T16:01:48.419,169.4009,-1.8177,-0.86
2026-07-23T16:01:48.428,169.4009,-1.7589,-0.8208
2026-07-23T16:01:48.452,169.4307,-1.7785,-0.8404
2026-07-23T16:01:48.452,169.4307,-1.8177,-0.8012
2026-07-23T16:01:48.460,169.457,-1.7981,-0.8208
2026-07-23T16:01:48.477,169.457,-1.7785,-0.8012
2026-07-23T16:01:48.481,169.457,-1.7785,-0.8796
2026-07-23T16:01:48.492,169.4877,-1.7589,-0.86
2026-07-23T16:01:48.492,169.4888,-1.7394,-0.8404
2026-07-23T16:01:48.508,169.4888,-1.7589,-0.86
2026-07-23T16:01:48.523,169.514,-1.7589,-0.8208
2026-07-23T16:01:48.523,169.514,-1.7198,-0.8796
2026-07-23T16:01:48.540,169.5206,-1.7589,-0.8208
2026-07-23T16:01:48.552,169.5363,-1.7394,-0.8796
2026-07-23T16:01:48.565,169.5363,-1.7198,-0.8208
2026-07-23T16:01:48.565,169.5363,-1.7002,-0.8796
2026-07-23T16:01:48.571,169.5676,-1.661,-0.8012
2026-07-23T16:01:48.587,169.5676,-1.7198,-0.86
2026-07-23T16:01:48.603,169.5843,-1.7394,-0.7621
2026-07-23T16:01:48.607,169.6011,-1.7589,-0.8991
2026-07-23T16:01:48.618,169.6151,-1.7002,-0.8208
2026-07-23T16:01:48.634,169.6151,-1.7589,-0.86
2026-07-23T16:01:48.652,169.6466,-1.7394,-0.8208
2026-07-23T16:01:48.652,169.6466,-1.7785,-0.8012
2026-07-23T16:01:48.666,169.6466,-1.7198,-0.8404
2026-07-23T16:01:48.666,169.6679,-1.7394,-0.8991
2026-07-23T16:01:48.690,169.678,-1.7785,-0.8404
2026-07-23T16:01:48.690,169.678,-1.7785,-0.86
2026-07-23T16:01:48.697,169.6811,-1.7002,-0.8404
2026-07-23T16:01:48.697,169.7013,-1.7589,-0.8404
2026-07-23T16:01:48.719,169.7109,-1.7589,-0.7621
2026-07-23T16:01:48.729,169.7109,-1.7394,-0.8796
2026-07-23T16:01:48.739,169.7347,-1.7198,-0.8208
2026-07-23T16:01:48.752,169.7408,-1.8177,-0.8991
2026-07-23T16:01:48.762,169.7408,-1.7002,-0.86
2026-07-23T16:01:48.773,169.7676,-1.7785,-0.8796
2026-07-23T16:01:48.786,169.7676,-1.7394,-0.9971
2026-07-23T16:01:48.792,169.7676,-1.7394,-0.8208
2026-07-23T16:01:48.792,169.7889,-1.7589,-0.8208
2026-07-23T16:01:48.815,169.7985,-1.7785,-0.8404
2026-07-23T16:01:48.818,169.7985,-1.7589,-0.8208
2026-07-23T16:01:48.823,169.8196,-1.7589,-0.8796
2026-07-23T16:01:48.840,169.8196,-1.7394,-0.8404
2026-07-23T16:01:48.849,169.8516,-1.7981,-0.8796
2026-07-23T16:01:48.857,169.8516,-1.7785,-0.8208
2026-07-23T16:01:48.870,169.8516,-1.7002,-0.7817
2026-07-23T16:01:48.870,169.8516,-1.7394,-0.7425
2026-07-23T16:01:48.886,169.8897,-1.7002,-0.8404
2026-07-23T16:01:48.902,169.8897,-1.7394,-0.8208
2026-07-23T16:01:48.902,169.8897,-1.661,-0.8404
2026-07-23T16:01:48.918,169.9152,-1.7394,-0.8012
2026-07-23T16:01:48.934,169.9152,-1.7394,-0.8012
2026-07-23T16:01:48.941,169.9152,-1.7589,-0.7425
2026-07-23T16:01:48.952,169.9463,-1.6806,-0.86
2026-07-23T16:01:48.966,169.9463,-1.7981,-0.8404
2026-07-23T16:01:48.966,169.9463,-1.7002,-0.86
2026-07-23T16:01:48.966,169.9463,-1.7589,-0.8796
2026-07-23T16:01:48.997,169.9785,-1.6806,-0.8208
2026-07-23T16:01:48.997,169.9785,-1.8177,-0.7817
2026-07-23T16:01:49.013,170.0102,-1.6415,-0.7817
2026-07-23T16:01:49.013,170.0102,-1.7981,-0.7817
2026-07-23T16:01:49.029,170.0148,-1.7198,-0.8404
2026-07-23T16:01:49.046,170.0344,-1.8177,-0.7817
2026-07-23T16:01:49.050,170.0344,-1.6806,-0.8404
2026-07-23T16:01:49.061,170.0425,-1.6806,-0.8012
2026-07-23T16:01:49.077,170.0679,-1.7785,-0.7229
2026-07-23T16:01:49.085,170.0679,-1.7589,-0.8012
2026-07-23T16:01:49.085,170.0679,-1.6415,-0.8404
2026-07-23T16:01:49.093,170.1014,-1.8373,-0.7621
2026-07-23T16:01:49.109,170.106,-1.6415,-0.8796
2026-07-23T16:01:49.119,170.106,-1.7981,-0.8208
2026-07-23T16:01:49.125,170.1217,-1.7198,-0.8208
2026-07-23T16:01:49.150,170.1217,-1.7198,-0.7425
2026-07-23T16:01:49.152,170.1381,-1.7198,-0.8012
2026-07-23T16:01:49.157,170.1397,-1.7785,-0.8208
2026-07-23T16:01:49.173,170.1533,-1.7198,-0.86
2026-07-23T16:01:49.173,170.1533,-1.7394,-0.8208
2026-07-23T16:01:49.190,170.1907,-1.6806,-0.8208
2026-07-23T16:01:49.204,170.1907,-1.7589,-0.86
2026-07-23T16:01:49.204,170.1907,-1.6806,-0.7817
2026-07-23T16:01:49.221,170.1994,-1.7981,-0.86
2026-07-23T16:01:49.221,170.2267,-1.7002,-0.8796
2026-07-23T16:01:49.241,170.2281,-1.8177,-0.8012
2026-07-23T16:01:49.250,170.2315,-1.661,-0.8796
2026-07-23T16:01:49.270,170.2487,-1.8177,-0.7817
2026-07-23T16:01:49.270,170.2487,-1.661,-0.8208
2026-07-23T16:01:49.283,170.2487,-1.8177,-0.7817
2026-07-23T16:01:49.299,170.2806,-1.7002,-0.8012
2026-07-23T16:01:49.299,170.2806,-1.8373,-0.8012
2026-07-23T16:01:49.299,170.2806,-1.7394,-0.86
2026-07-23T16:01:49.319,170.3123,-1.7002,-0.7817
2026-07-23T16:01:49.331,170.3123,-1.7785,-0.86
2026-07-23T16:01:49.331,170.3123,-1.896,-0.7817
2026-07-23T16:01:49.358,170.3445,-1.7394,-0.86
2026-07-23T16:01:49.358,170.3445,-1.8177,-0.7621
2026-07-23T16:01:49.377,170.3693,-1.7002,-0.86
2026-07-23T16:01:49.388,170.3693,-1.8568,-0.8404
2026-07-23T16:01:49.388,170.3693,-1.7589,-0.8796
2026-07-23T16:01:49.401,170.4015,-1.7981,-0.8012
2026-07-23T16:01:49.420,170.4015,-1.7589,-0.8404
2026-07-23T16:01:49.420,170.4015,-1.7981,-0.8208
2026-07-23T16:01:49.442,170.4317,-1.6806,-0.8208
2026-07-23T16:01:49.442,170.4348,-1.7981,-0.8404
2026-07-23T16:01:49.452,170.4348,-1.7002,-0.8796
2026-07-23T16:01:49.474,170.4586,-1.7785,-0.8208
2026-07-23T16:01:49.474,170.4586,-1.661,-0.8404
2026-07-23T16:01:49.482,170.4586,-1.8373,-0.8404
2026-07-23T16:01:49.509,170.4919,-1.7002,-0.8012
2026-07-23T16:01:49.509,170.4919,-1.7981,-0.7817
2026-07-23T16:01:49.509,170.4994,-1.7002,-0.8404
2026-07-23T16:01:49.521,170.5014,-1.7589,-0.8208
2026-07-23T16:01:49.543,170.5187,-1.661,-0.8012
2026-07-23T16:01:49.543,170.5187,-1.7981,-0.8012
2026-07-23T16:01:49.553,170.5187,-1.7198,-0.8796
2026-07-23T16:01:49.553,170.5567,-1.8177,-0.8012
2026-07-23T16:01:49.569,170.5567,-1.7394,-0.8012
2026-07-23T16:01:49.569,170.5567,-1.7981,-0.7229
2026-07-23T16:01:49.585,170.5818,-1.7589,-0.8208
2026-07-23T16:01:49.601,170.5818,-1.7981,-0.8012
2026-07-23T16:01:49.607,170.5924,-1.7394,-0.86
2026-07-23T16:01:49.619,170.614,-1.8177,-0.8208
2026-07-23T16:01:49.633,170.614,-1.7785,-0.7621
2026-07-23T16:01:49.643,170.614,-1.8764,-0.8012
2026-07-23T16:01:49.652,170.6454,-1.7785,-0.8796
2026-07-23T16:01:49.665,170.6454,-1.8764,-0.86
2026-07-23T16:01:49.665,170.6454,-1.7981,-0.8991
2026-07-23T16:01:49.680,170.6454,-1.8764,-0.8991
2026-07-23T16:01:49.696,170.6818,-1.8373,-0.8208
2026-07-23T16:01:49.696,170.6818,-1.896,-0.86
