wall_time,elapsed_s,F1_N,F2_N
2026-07-21T16:03:44.658,0.1184,0.6011,0.3364
2026-07-21T16:03:44.688,0.153,0.4445,0.2385
2026-07-21T16:03:44.688,0.155,0.2095,0.5909
2026-07-21T16:03:44.690,0.157,0.6011,0.4343
2026-07-21T16:03:44.694,0.158,0.562,0.5518
2026-07-21T16:03:44.709,0.1703,0.4836,0.5714
2026-07-21T16:03:44.720,0.1741,0.2487,0.4343
2026-07-21T16:03:44.727,0.19,0.5228,0.5322
2026-07-21T16:03:44.739,0.2061,0.5424,0.5518
2026-07-21T16:03:44.747,0.2221,0.4053,0.1602
2026-07-21T16:03:44.760,0.2372,0.2291,0.5322
2026-07-21T16:03:44.763,0.2459,0.5228,0.4539
2026-07-21T16:03:44.780,0.2589,0.5228,0.5714
2026-07-21T16:03:44.788,0.2687,0.5815,0.5126
2026-07-21T16:03:44.788,0.2791,0.2878,0.3756
2026-07-21T16:03:44.804,0.2859,0.4445,0.5909
2026-07-21T16:03:44.821,0.3192,0.5228,0.8651
2026-07-21T16:03:44.822,0.3248,0.5424,0.6105
2026-07-21T16:03:44.841,0.3268,0.3662,0.5518
2026-07-21T16:03:44.851,0.3343,0.3466,0.6889
2026-07-21T16:03:44.868,0.3383,0.6795,0.5909
2026-07-21T16:03:44.868,0.3383,0.5228,0.3364
2026-07-21T16:03:44.884,0.3403,0.327,0.2972
2026-07-21T16:03:44.884,0.3423,0.2683,0.7084
2026-07-21T16:03:44.916,0.3443,0.8948,0.5126
2026-07-21T16:03:44.916,0.3464,0.5228,0.3756
2026-07-21T16:03:44.927,0.3494,0.3857,0.2189
2026-07-21T16:03:44.929,0.3494,0.1899,0.6889
2026-07-21T16:03:44.946,0.3534,0.7382,0.5322
2026-07-21T16:03:44.950,0.3554,0.6403,0.4343
2026-07-21T16:03:44.961,0.3594,0.4836,0.2385
2026-07-21T16:03:44.973,0.3632,0.2291,0.5909
2026-07-21T16:03:44.979,0.3632,0.6403,0.5126
2026-07-21T16:03:45.013,0.3951,0.5815,0.4539
2026-07-21T16:03:45.013,0.3951,0.5228,0.1602
2026-07-21T16:03:45.013,0.4036,0.2878,0.7084
2026-07-21T16:03:45.020,0.4056,0.6599,0.728
2026-07-21T16:03:45.032,0.4111,0.4053,0.7868
2026-07-21T16:03:45.038,0.4151,0.4836,0.2189
2026-07-21T16:03:45.053,0.4197,0.1899,0.5126
2026-07-21T16:03:45.057,0.4268,0.6403,0.6497
2026-07-21T16:03:45.069,0.4587,0.6795,0.5909
2026-07-21T16:03:45.089,0.4587,0.4249,0.2385
2026-07-21T16:03:45.089,0.4587,0.2291,0.6497
2026-07-21T16:03:45.099,0.4744,0.7578,0.6889
2026-07-21T16:03:45.109,0.4811,0.6599,0.5714
2026-07-21T16:03:45.122,0.4852,0.6403,0.3364
2026-07-21T16:03:45.152,0.5222,0.2683,0.3364
2026-07-21T16:03:45.152,0.5231,0.1508,0.8259
2026-07-21T16:03:45.152,0.5251,0.2487,0.1014
2026-07-21T16:03:45.152,0.53,-0.28,-0.1335
2026-07-21T16:03:45.173,0.538,-0.2408,-0.1923
2026-07-21T16:03:45.179,0.5579,0.3662,0.6105
2026-07-21T16:03:45.213,0.6011,2.8333,2.1966
2026-07-21T16:03:45.213,0.6011,6.5537,5.212
2026-07-21T16:03:45.213,0.6169,11.958,9.1282
2026-07-21T16:03:45.224,0.6347,16.3636,14.3758
2026-07-21T16:03:45.232,0.6408,22.2966,19.3689
2026-07-21T16:03:45.247,0.6495,27.3093,22.7759
2026-07-21T16:03:45.247,0.6522,31.1275,25.1648
2026-07-21T16:03:45.257,0.6807,34.75,27.6124
2026-07-21T16:03:45.264,0.6959,39.0186,28.9635
2026-07-21T16:03:45.283,0.6959,42.0928,30.4516
2026-07-21T16:03:45.288,0.6959,45.3627,31.4306
2026-07-21T16:03:45.295,0.6959,47.8103,33.1733
2026-07-21T16:03:45.295,0.7127,51.1782,34.5636
2026-07-21T16:03:45.330,0.7143,53.9587,35.3076
2026-07-21T16:03:45.330,0.7163,56.2105,36.1496
2026-07-21T16:03:45.346,0.7249,58.8539,37.4811
2026-07-21T16:03:45.354,0.728,61.4386,38.3622
2026-07-21T16:03:45.374,0.7583,63.6512,38.6755
2026-07-21T16:03:45.374,0.7583,65.3155,38.9692
2026-07-21T16:03:45.389,0.7676,67.254,39.7525
2026-07-21T16:03:45.389,0.7716,69.0359,40.2028
2026-07-21T16:03:45.389,0.7716,70.8569,40.0266
2026-07-21T16:03:45.418,0.7772,71.8947,40.2811
2026-07-21T16:03:45.422,0.7812,72.7954,40.4378
2026-07-21T16:03:45.437,0.8058,73.8528,40.8882
2026-07-21T16:03:45.437,0.8058,75.3801,40.9077
2026-07-21T16:03:45.452,0.8058,76.4178,41.0056
2026-07-21T16:03:45.461,0.8223,77.0053,41.2798
2026-07-21T16:03:45.471,0.8268,77.5731,41.6518
2026-07-21T16:03:45.486,0.8541,78.8654,41.3777
2026-07-21T16:03:45.499,0.8541,78.4542,40.9273
2026-07-21T16:03:45.499,0.8541,77.7493,40.1832
2026-07-21T16:03:45.499,0.8685,76.5157,39.9287
2026-07-21T16:03:45.522,0.8728,76.7899,39.4392
2026-07-21T16:03:45.548,0.9055,77.0444,38.9692
2026-07-21T16:03:45.548,0.9075,77.9647,39.0084
2026-07-21T16:03:45.548,0.9095,78.5717,39.9287
2026-07-21T16:03:45.548,0.9155,79.2179,40.3399
2026-07-21T16:03:45.566,0.9389,79.6878,40.4378
2026-07-21T16:03:45.595,0.9481,79.8053,40.614
2026-07-21T16:03:45.595,0.9481,80.2752,41.3581
2026-07-21T16:03:45.599,0.9481,81.3522,41.5931
2026-07-21T16:03:45.609,0.9481,82.155,41.5539
2026-07-21T16:03:45.632,0.9911,82.6641,42.0434
2026-07-21T16:03:45.632,0.9932,83.1536,42.5329
2026-07-21T16:03:45.640,0.9962,83.6823,42.8462
2026-07-21T16:03:45.642,0.9982,83.6431,42.5917
2026-07-21T16:03:45.656,1.0323,83.2515,42.5134
2026-07-21T16:03:45.676,1.0408,82.8599,42.6308
2026-07-21T16:03:45.676,1.0408,83.0165,42.5721
2026-07-21T16:03:45.692,1.0408,83.4473,42.4546
2026-07-21T16:03:45.700,1.0408,83.1732,42.2588
2026-07-21T16:03:45.707,1.0725,83.1145,42.8071
2026-07-21T16:03:45.726,1.0725,83.4082,43.3945
2026-07-21T16:03:45.726,1.0725,83.604,43.4532
2026-07-21T16:03:45.734,1.0887,83.2515,43.3162
2026-07-21T16:03:45.766,1.1255,82.2921,43.5707
2026-07-21T16:03:45.766,1.1255,82.5858,43.8644
2026-07-21T16:03:45.766,1.1255,83.0165,43.4532
2026-07-21T16:03:45.782,1.1363,82.7816,43.0812
2026-07-21T16:03:45.788,1.144,81.8221,43.2378
2026-07-21T16:03:45.798,1.168,81.7634,43.3945
2026-07-21T16:03:45.814,1.168,82.1746,43.3749
2026-07-21T16:03:45.819,1.168,81.9396,43.1791
2026-07-21T16:03:45.830,1.1838,81.8025,43.0812
2026-07-21T16:03:45.838,1.216,82.0179,43.3945
2026-07-21T16:03:45.846,1.2229,81.92,43.4924
2026-07-21T16:03:45.862,1.2255,81.4501,43.2574
2026-07-21T16:03:45.862,1.2337,80.8431,43.277
2026-07-21T16:03:45.877,1.2378,80.6669,43.9427
2026-07-21T16:03:45.877,1.2632,80.8431,43.8057
2026-07-21T16:03:45.903,1.2632,80.7452,43.2966
2026-07-21T16:03:45.910,1.2632,80.5494,43.0616
2026-07-21T16:03:45.923,1.2632,80.5494,43.0029
2026-07-21T16:03:45.931,1.2791,81.176,42.905
2026-07-21T16:03:45.941,1.3114,80.6473,42.3567
2026-07-21T16:03:45.957,1.3114,79.9815,42.2001
2026-07-21T16:03:45.957,1.3114,79.7466,42.5525
2026-07-21T16:03:45.957,1.3273,79.7661,42.3959
2026-07-21T16:03:45.973,1.3273,80.0599,42.2001
2026-07-21T16:03:46.005,1.3635,80.0794,41.9455
2026-07-21T16:03:46.005,1.3635,79.727,41.9651
2026-07-21T16:03:46.005,1.3672,80.1186,41.9455
2026-07-21T16:03:46.021,1.3672,80.3927,41.6126
2026-07-21T16:03:46.021,1.4026,80.1186,41.0252
2026-07-21T16:03:46.036,1.4062,80.1578,41.3189
2026-07-21T16:03:46.052,1.4062,80.8627,41.221
2026-07-21T16:03:46.061,1.4062,81.0585,40.9861
2026-07-21T16:03:46.071,1.426,80.7452,40.6728
2026-07-21T16:03:46.083,1.4537,80.4319,41.1035
2026-07-21T16:03:46.083,1.4551,80.569,41.6126
2026-07-21T16:03:46.100,1.4551,80.4123,41.3385
2026-07-21T16:03:46.100,1.4551,80.0207,40.9273
2026-07-21T16:03:46.120,1.4551,79.4333,41.1819
2026-07-21T16:03:46.131,1.4854,80.0599,41.2798
2026-07-21T16:03:46.143,1.4854,79.9815,41.1427
2026-07-21T16:03:46.149,1.5056,79.9619,40.7511
2026-07-21T16:03:46.149,1.5116,79.6487,40.849
2026-07-21T16:03:46.179,1.5345,79.7857,41.0448
2026-07-21T16:03:46.179,1.5345,79.7661,41.4756
2026-07-21T16:03:46.179,1.5345,79.7466,40.9469
2026-07-21T16:03:46.203,1.55,79.5703,41.0448
2026-07-21T16:03:46.209,1.5777,79.6682,41.2602
2026-07-21T16:03:46.228,1.582,79.7661,40.8294
2026-07-21T16:03:46.228,1.582,79.6291,40.4574
2026-07-21T16:03:46.228,1.5856,79.2179,40.3791
2026-07-21T16:03:46.248,1.6135,79.1591,40.4182
2026-07-21T16:03:46.269,1.6193,79.3549,40.7315
2026-07-21T16:03:46.271,1.6193,79.0808,40.6923
2026-07-21T16:03:46.283,1.6287,78.65,40.242
2026-07-21T16:03:46.307,1.6576,78.3172,40.5749
2026-07-21T16:03:46.307,1.6597,78.5913,40.5357
2026-07-21T16:03:46.313,1.6627,79.2179,40.3791
2026-07-21T16:03:46.322,1.6687,78.5326,39.7525
2026-07-21T16:03:46.324,1.6968,78.1214,40.477
2026-07-21T16:03:46.345,1.6976,78.4151,40.477
2026-07-21T16:03:46.349,1.7021,78.4542,40.0658
2026-07-21T16:03:46.362,1.7112,77.9451,39.6546
2026-07-21T16:03:46.387,1.743,77.1815,40.3007
2026-07-21T16:03:46.387,1.743,77.4556,40.0658
2026-07-21T16:03:46.391,1.743,77.2402,39.6546
2026-07-21T16:03:46.402,1.743,77.0836,39.165
2026-07-21T16:03:46.418,1.7732,76.9074,39.87
2026-07-21T16:03:46.420,1.7732,77.6123,39.9483
2026-07-21T16:03:46.432,1.7732,77.5144,39.9287
2026-07-21T16:03:46.437,1.7909,77.3773,39.6741
2026-07-21T16:03:46.451,1.8202,77.0248,40.2224
2026-07-21T16:03:46.456,1.8253,77.6906,40.0853
2026-07-21T16:03:46.467,1.8268,77.5731,39.8504
2026-07-21T16:03:46.482,1.8364,77.2598,39.3804
2026-07-21T16:03:46.484,1.8401,76.9269,39.9091
2026-07-21T16:03:46.514,1.8734,77.2402,39.9679
2026-07-21T16:03:46.514,1.8734,77.0248,40.1049
2026-07-21T16:03:46.522,1.8775,76.7115,39.6741
2026-07-21T16:03:46.534,1.8845,76.8878,40.0658
2026-07-21T16:03:46.544,1.8984,77.3185,40.007
2026-07-21T16:03:46.560,1.9148,77.0836,39.7916
2026-07-21T16:03:46.560,1.9148,77.0053,39.2238
2026-07-21T16:03:46.571,1.9188,76.5941,39.6546
2026-07-21T16:03:46.578,1.927,76.6332,39.7525
2026-07-21T16:03:46.592,1.9522,76.692,39.6937
2026-07-21T16:03:46.592,1.9522,76.7703,39.5567
2026-07-21T16:03:46.612,1.9636,76.7115,39.5175
2026-07-21T16:03:46.619,1.9636,76.8486,40.007
2026-07-21T16:03:46.640,1.9939,77.0836,39.5958
2026-07-21T16:03:46.646,1.9939,76.829,39.4783
2026-07-21T16:03:46.646,1.9939,76.4178,39.4588
2026-07-21T16:03:46.657,2.0105,76.3395,39.8504
2026-07-21T16:03:46.675,2.0467,76.6528,39.7133
2026-07-21T16:03:46.687,2.0507,76.1633,39.5567
2026-07-21T16:03:46.687,2.0527,76.1241,39.5175
2026-07-21T16:03:46.704,2.0562,76.1437,39.9287
2026-07-21T16:03:46.704,2.0562,76.2808,39.6937
2026-07-21T16:03:46.723,2.093,75.9087,39.4979
2026-07-21T16:03:46.735,2.097,75.4584,39.7329
2026-07-21T16:03:46.742,2.101,75.6738,40.007
2026-07-21T16:03:46.750,2.1071,76.0066,39.8895
2026-07-21T16:03:46.750,2.1071,75.5759,39.8895
2026-07-21T16:03:46.783,2.1345,75.6738,39.6741
2026-07-21T16:03:46.783,2.1345,75.9479,40.1049
2026-07-21T16:03:46.793,2.1345,76.1045,39.87
2026-07-21T16:03:46.801,2.1345,75.5563,39.6154
2026-07-21T16:03:46.812,2.1663,75.4388,39.5958
2026-07-21T16:03:46.828,2.1824,75.3409,40.0658
2026-07-21T16:03:46.828,2.1824,75.5563,40.007
2026-07-21T16:03:46.828,2.1824,75.1451,40.2028
2026-07-21T16:03:46.848,2.2202,75.0863,39.8504
2026-07-21T16:03:46.860,2.2222,75.0472,40.1049
2026-07-21T16:03:46.860,2.2278,75.1255,40.2616
2026-07-21T16:03:46.876,2.2378,75.0276,40.5161
2026-07-21T16:03:46.876,2.2619,74.7143,40.1441
2026-07-21T16:03:46.907,2.2699,73.8723,40.1832
2026-07-21T16:03:46.907,2.2699,74.0094,40.4378
2026-07-21T16:03:46.921,2.278,74.1465,40.2616
2026-07-21T16:03:46.931,2.278,74.2639,39.7916
2026-07-21T16:03:46.955,2.3095,74.029,40.1049
2026-07-21T16:03:46.955,2.3095,74.4989,40.242
2026-07-21T16:03:46.955,2.3095,74.5577,40.1637
2026-07-21T16:03:46.972,2.3095,74.2052,40.0853
2026-07-21T16:03:46.991,2.3557,73.8919,40.4574
2026-07-21T16:03:46.991,2.3575,73.9898,40.6336
2026-07-21T16:03:47.003,2.3615,74.029,40.4574
2026-07-21T16:03:47.003,2.3635,73.8919,40.4574
2026-07-21T16:03:47.021,2.3695,73.8136,40.614
2026-07-21T16:03:47.036,2.3979,74.4989,41.0056
2026-07-21T16:03:47.045,2.3979,75.7521,41.9064
2026-07-21T16:03:47.049,2.4052,74.9101,41.5147
2026-07-21T16:03:47.061,2.413,74.166,41.221
2026-07-21T16:03:47.067,2.4432,74.2835,40.9665
2026-07-21T16:03:47.087,2.4472,74.1856,40.5749
2026-07-21T16:03:47.091,2.4513,73.8723,40.614
2026-07-21T16:03:47.099,2.453,74.2444,40.5749
2026-07-21T16:03:47.111,2.4876,74.6751,41.2406
2026-07-21T16:03:47.115,2.4916,75.3801,41.8672
2026-07-21T16:03:47.135,2.4936,74.4598,41.2406
2026-07-21T16:03:47.141,2.4976,74.166,41.1819
2026-07-21T16:03:47.151,2.4996,74.3031,41.2406
2026-07-21T16:03:47.178,2.5315,74.1465,40.7902
2026-07-21T16:03:47.178,2.5315,73.9898,40.6728
2026-07-21T16:03:47.181,2.5315,74.2444,40.8686
2026-07-21T16:03:47.191,2.5315,75.9283,42.2392
2026-07-21T16:03:47.222,2.5753,76.2024,42.4742
2026-07-21T16:03:47.222,2.5773,74.3031,41.3189
2026-07-21T16:03:47.222,2.5773,73.4611,40.7119
2026-07-21T16:03:47.225,2.5854,73.559,40.7511
2026-07-21T16:03:47.241,2.6147,72.9716,40.4182
2026-07-21T16:03:47.251,2.6167,72.815,40.3791
2026-07-21T16:03:47.265,2.6187,72.7758,40.3595
2026-07-21T16:03:47.277,2.6281,74.3031,42.2001
2026-07-21T16:03:47.281,2.6287,73.6765,41.6714
2026-07-21T16:03:47.293,2.6582,72.1101,39.9679
2026-07-21T16:03:47.303,2.6582,71.3856,39.9679
2026-07-21T16:03:47.312,2.6582,71.2681,40.007
2026-07-21T16:03:47.322,2.6724,70.8569,39.7133
2026-07-21T16:03:47.334,2.7045,70.994,39.3413
2026-07-21T16:03:47.352,2.7045,70.5436,39.5371
2026-07-21T16:03:47.352,2.7045,72.7954,41.6714
2026-07-21T16:03:47.352,2.7045,72.7171,41.3581
2026-07-21T16:03:47.367,2.7045,71.3268,39.772
2026-07-21T16:03:47.382,2.7366,70.4065,39.4783
2026-07-21T16:03:47.382,2.7366,70.524,39.6741
2026-07-21T16:03:47.398,2.7518,70.759,39.4
2026-07-21T16:03:47.398,2.7574,70.6023,39.1259
2026-07-21T16:03:47.423,2.7932,70.4261,39.165
2026-07-21T16:03:47.430,2.7952,72.3842,41.3581
2026-07-21T16:03:47.430,2.7993,71.5618,39.9091
2026-07-21T16:03:47.451,2.8053,69.3688,37.9315
2026-07-21T16:03:47.451,2.8357,68.7618,37.3832
2026-07-21T16:03:47.478,2.8397,68.6443,38.0294
2026-07-21T16:03:47.478,2.8397,69.1534,37.4811
2026-07-21T16:03:47.493,2.8478,69.1142,37.2657
2026-07-21T16:03:47.501,2.8538,68.9576,37.3245
2026-07-21T16:03:47.525,2.8788,70.2891,39.2434
2026-07-21T16:03:47.525,2.8788,70.5828,38.8713
2026-07-21T16:03:47.529,2.8788,69.1534,37.7356
2026-07-21T16:03:47.547,2.8948,69.0946,36.9916
2026-07-21T16:03:47.549,2.8948,68.9576,37.3245
2026-07-21T16:03:47.572,2.9322,69.6625,37.2461
2026-07-21T16:03:47.572,2.9322,68.9771,37.0699
2026-07-21T16:03:47.572,2.9403,68.9967,37.4224
2026-07-21T16:03:47.588,2.9423,69.78,39.2629
2026-07-21T16:03:47.621,2.9748,70.3282,38.8518
2026-07-21T16:03:47.621,2.9748,68.9576,37.5594
2026-07-21T16:03:47.621,2.9748,68.5464,36.972
2026-07-21T16:03:47.636,2.9748,68.2918,37.4224
2026-07-21T16:03:47.638,2.9904,68.9184,37.4811
2026-07-21T16:03:47.660,3.0202,68.938,37.579
2026-07-21T16:03:47.660,3.0222,69.1338,37.6965
2026-07-21T16:03:47.668,3.0285,70.2303,39.9874
2026-07-21T16:03:47.668,3.0325,69.31,38.7538
2026-07-21T16:03:47.688,3.0542,68.5268,37.5986
2026-07-21T16:03:47.701,3.0699,67.861,37.5203
2026-07-21T16:03:47.701,3.0709,67.6261,37.4419
2026-07-21T16:03:47.722,3.0769,67.7827,37.9902
2026-07-21T16:03:47.732,3.0846,68.0177,37.3832
2026-07-21T16:03:47.732,3.1158,68.3897,37.8923
2026-07-21T16:03:47.748,3.1193,68.4289,38.6951
2026-07-21T16:03:47.748,3.1233,68.1743,38.1077
2026-07-21T16:03:47.770,3.1286,67.6261,37.2657
2026-07-21T16:03:47.779,3.1534,66.8624,37.2657
2026-07-21T16:03:47.803,3.1649,66.5295,36.972
2026-07-21T16:03:47.803,3.1649,66.2358,37.4419
2026-07-21T16:03:47.811,3.1649,66.6275,37.3245
2026-07-21T16:03:47.824,3.1649,67.0778,38.2839
2026-07-21T16:03:47.847,3.2085,67.4498,38.9105
2026-07-21T16:03:47.847,3.2105,67.1561,38.9692
2026-07-21T16:03:47.847,3.2123,67.3128,38.6168
2026-07-21T16:03:47.858,3.2163,66.8037,38.1077
2026-07-21T16:03:47.858,3.2224,66.2163,37.8727
2026-07-21T16:03:47.874,3.2563,65.9225,38.7538
2026-07-21T16:03:47.898,3.2563,66.5883,38.558
2026-07-21T16:03:47.904,3.263,67.2149,39.1455
2026-07-21T16:03:47.910,3.267,66.9212,38.9497
2026-07-21T16:03:47.926,3.2975,66.6666,38.8909
2026-07-21T16:03:47.939,3.2975,66.4708,38.4406
2026-07-21T16:03:47.939,3.3015,65.9813,37.6769
2026-07-21T16:03:47.950,3.3055,65.433,37.5007
2026-07-21T16:03:47.963,3.3105,65.903,38.0489
2026-07-21T16:03:47.987,3.3408,66.2554,38.4406
2026-07-21T16:03:47.987,3.3408,67.1561,38.8322
2026-07-21T16:03:47.995,3.3408,66.9799,38.7343
2026-07-21T16:03:48.002,3.349,66.882,38.8126
2026-07-21T16:03:48.025,3.3848,66.5295,38.558
2026-07-21T16:03:48.025,3.3848,66.275,38.186
2026-07-21T16:03:48.025,3.3882,66.04,37.7552
2026-07-21T16:03:48.043,3.3903,65.4526,38.0685
2026-07-21T16:03:48.050,3.4231,66.275,38.5385
2026-07-21T16:03:48.067,3.4271,66.7254,38.7343
2026-07-21T16:03:48.067,3.4291,66.3729,38.2056
2026-07-21T16:03:48.082,3.4317,65.5505,38.5189
2026-07-21T16:03:48.088,3.4375,66.0009,38.6559
2026-07-21T16:03:48.113,3.458,66.0988,38.3818
2026-07-21T16:03:48.113,3.458,66.1771,38.1468
2026-07-21T16:03:48.123,3.4671,65.7463,38.8909
2026-07-21T16:03:48.133,3.4671,66.7449,39.028
2026-07-21T16:03:48.152,3.4994,66.9995,39.4
2026-07-21T16:03:48.152,3.5095,66.6079,39.0476
2026-07-21T16:03:48.152,3.5115,65.8834,39.165
2026-07-21T16:03:48.174,3.5161,65.9225,39.2629
2026-07-21T16:03:48.193,3.5464,66.1771,39.3804
2026-07-21T16:03:48.193,3.5464,66.1771,39.1259
2026-07-21T16:03:48.193,3.5504,65.8834,39.2042
2026-07-21T16:03:48.210,3.5585,66.3337,39.7525
2026-07-21T16:03:48.223,3.5874,66.2163,39.772
2026-07-21T16:03:48.236,3.5894,65.6288,39.3804
2026-07-21T16:03:48.242,3.5934,65.061,39.1259
2026-07-21T16:03:48.250,3.5979,64.8456,39.635
2026-07-21T16:03:48.278,3.6291,65.0414,39.5762
2026-07-21T16:03:48.278,3.6291,64.6106,39.7133
2026-07-21T16:03:48.283,3.6327,64.4931,39.2629
2026-07-21T16:03:48.291,3.6408,64.4148,39.9091
2026-07-21T16:03:48.318,3.6727,65.3155,40.4965
2026-07-21T16:03:48.318,3.6727,64.454,40.3399
2026-07-21T16:03:48.318,3.6727,64.0232,39.6154
2026-07-21T16:03:48.334,3.6727,64.0232,40.3791
2026-07-21T16:03:48.341,3.6727,64.5127,39.9679
2026-07-21T16:03:48.361,3.7056,64.1799,39.9483
2026-07-21T16:03:48.361,3.7056,64.219,39.3804
2026-07-21T16:03:48.366,3.7235,64.3561,40.3986
2026-07-21T16:03:48.382,3.7235,65.2372,40.5161
2026-07-21T16:03:48.399,3.7521,64.1994,40.0266
2026-07-21T16:03:48.399,3.7521,64.1799,39.4196
2026-07-21T16:03:48.399,3.7521,63.5533,40.0658
2026-07-21T16:03:48.417,3.798,64.1015,39.7525
2026-07-21T16:03:48.430,3.8023,64.1407,39.6154
2026-07-21T16:03:48.446,3.8043,64.082,39.3217
2026-07-21T16:03:48.446,3.8083,64.4344,40.3791
2026-07-21T16:03:48.462,3.8155,65.0218,40.614
2026-07-21T16:03:48.462,3.8476,64.1603,39.9483
2026-07-21T16:03:48.490,3.8532,63.5729,39.3217
2026-07-21T16:03:48.494,3.8532,63.5533,39.4979
2026-07-21T16:03:48.502,3.8643,63.5337,39.9483
2026-07-21T16:03:48.509,3.8643,63.8274,39.6937
2026-07-21T16:03:48.520,3.8994,63.4945,39.4979
2026-07-21T16:03:48.527,3.9014,64.1799,40.7315
2026-07-21T16:03:48.541,3.9054,64.8848,41.7693
2026-07-21T16:03:48.547,3.9074,64.1211,40.0658
2026-07-21T16:03:48.558,3.9109,63.0833,39.5567
2026-07-21T16:03:48.573,3.9448,62.9071,39.4
2026-07-21T16:03:48.588,3.9468,63.0442,39.4979
2026-07-21T16:03:48.588,3.9499,63.6903,39.0084
2026-07-21T16:03:48.605,3.9605,63.1225,38.9301
2026-07-21T16:03:48.609,3.9645,63.847,40.3986
2026-07-21T16:03:48.633,3.9923,63.8666,40.614
2026-07-21T16:03:48.633,3.9923,62.77,39.4979
2026-07-21T16:03:48.643,3.9923,62.2805,39.1455
2026-07-21T16:03:48.658,4.0071,62.2609,39.028
2026-07-21T16:03:48.668,4.0378,62.7896,39.0084
2026-07-21T16:03:48.684,4.0388,63.0442,38.8126
2026-07-21T16:03:48.684,4.0388,62.9463,38.7147
2026-07-21T16:03:48.686,4.0454,63.5729,39.6937
2026-07-21T16:03:48.701,4.0533,64.3365,40.614
2026-07-21T16:03:48.728,4.0853,63.4358,39.4392
2026-07-21T16:03:48.728,4.0853,62.8288,38.8126
2026-07-21T16:03:48.732,4.0897,62.2414,38.5385
2026-07-21T16:03:48.747,4.0937,62.0651,38.6755
2026-07-21T16:03:48.747,4.1168,61.9868,38.793
2026-07-21T16:03:48.769,4.1301,62.3784,38.6951
2026-07-21T16:03:48.769,4.1301,62.5351,40.0462
2026-07-21T16:03:48.783,4.1346,63.2008,40.6336
2026-07-21T16:03:48.791,4.1346,62.6134,39.9483
2026-07-21T16:03:48.810,4.171,62.1826,39.3217
2026-07-21T16:03:48.810,4.173,61.6735,39.0084
2026-07-21T16:03:48.826,4.179,61.4777,39.2434
2026-07-21T16:03:48.828,4.1801,62.026,39.0084
2026-07-21T16:03:48.858,4.2125,61.6735,38.8518
2026-07-21T16:03:48.860,4.2145,62.3588,39.8504
2026-07-21T16:03:48.860,4.2165,62.8092,40.7315
2026-07-21T16:03:48.874,4.2226,62.0456,39.1846
2026-07-21T16:03:48.876,4.2496,61.4777,39.028
2026-07-21T16:03:48.903,4.265,61.4386,38.5972
2026-07-21T16:03:48.903,4.265,60.8707,38.9301
2026-07-21T16:03:48.914,4.2701,61.184,38.7147
2026-07-21T16:03:48.923,4.2755,60.8903,38.4797
2026-07-21T16:03:48.937,4.3092,61.3015,38.6364
2026-07-21T16:03:48.937,4.3112,60.4595,38.9105
2026-07-21T16:03:48.943,4.3112,60.7336,37.9706
2026-07-21T16:03:48.964,4.3112,60.4399,37.7748
2026-07-21T16:03:48.969,4.3239,60.3224,37.3636
2026-07-21T16:03:49.000,4.3536,59.97,37.7944
2026-07-21T16:03:49.000,4.3546,60.4204,38.1077
2026-07-21T16:03:49.003,4.3566,60.4399,37.814
2026-07-21T16:03:49.005,4.3606,59.97,38.0881
2026-07-21T16:03:49.029,4.3864,59.3042,37.9902
2026-07-21T16:03:49.043,4.3864,59.8917,37.579
2026-07-21T16:03:49.043,4.3864,59.5001,37.344
2026-07-21T16:03:49.056,4.4057,59.4413,37.0307
2026-07-21T16:03:49.060,4.4057,59.4217,37.4615
2026-07-21T16:03:49.080,4.4397,59.8329,37.7552
2026-07-21T16:03:49.080,4.4397,60.3616,37.7944
2026-07-21T16:03:49.080,4.4458,59.598,38.0294
2026-07-21T16:03:49.101,4.4516,58.6581,37.8336
2026-07-21T16:03:49.123,4.4814,58.6777,37.4224
2026-07-21T16:03:49.123,4.4814,58.4231,36.8545
2026-07-21T16:03:49.131,4.4814,57.9336,36.8349
2026-07-21T16:03:49.143,4.4814,57.7965,36.8545
2026-07-21T16:03:49.157,4.5133,57.9728,37.2853
2026-07-21T16:03:49.169,4.5133,58.4819,37.2461
2026-07-21T16:03:49.173,4.5291,58.149,37.4224
2026-07-21T16:03:49.175,4.5301,57.7965,36.7174
2026-07-21T16:03:49.207,4.5614,57.4441,36.9524
2026-07-21T16:03:49.207,4.5614,57.6007,36.5804
2026-07-21T16:03:49.207,4.5614,57.0133,36.4433
2026-07-21T16:03:49.224,4.5614,56.1713,36.6195
2026-07-21T16:03:49.255,4.6098,56.093,37.2265
2026-07-21T16:03:49.255,4.6098,57.2091,37.7552
2026-07-21T16:03:49.255,4.6098,56.4455,37.5594
2026-07-21T16:03:49.255,4.6098,55.6035,37.3832
2026-07-21T16:03:49.270,4.6256,55.4273,37.5007
2026-07-21T16:03:49.291,4.6503,55.9168,37.207
2026-07-21T16:03:49.291,4.656,55.7014,36.8741
2026-07-21T16:03:49.303,4.6606,55.3685,36.737
2026-07-21T16:03:49.303,4.6606,55.5839,37.4224
2026-07-21T16:03:49.319,4.6721,56.465,37.5594
2026-07-21T16:03:49.344,4.6945,55.9559,36.9524
2026-07-21T16:03:49.344,4.6945,55.721,36.8154
2026-07-21T16:03:49.354,4.7086,55.8189,37.2657
2026-07-21T16:03:49.366,4.7146,56.5238,37.1482
2026-07-21T16:03:49.388,4.7375,56.2496,36.7958
2026-07-21T16:03:49.388,4.7375,56.0538,36.8349
2026-07-21T16:03:49.388,4.7375,56.1909,37.4419
2026-07-21T16:03:49.402,4.7515,56.2888,37.3636
2026-07-21T16:03:49.413,4.7835,56.0734,36.6587
2026-07-21T16:03:49.431,4.7835,55.3881,36.4433
2026-07-21T16:03:49.431,4.7835,55.2119,36.6195
2026-07-21T16:03:49.431,4.7835,55.9364,36.8154
2026-07-21T16:03:49.472,4.8157,55.8972,36.5412
2026-07-21T16:03:49.472,4.8308,55.6035,36.7958
2026-07-21T16:03:49.472,4.8318,55.2706,36.8154
2026-07-21T16:03:49.477,4.838,55.6818,37.0699
2026-07-21T16:03:49.477,4.838,55.7014,36.6391
2026-07-21T16:03:49.509,4.87,55.486,36.3258
2026-07-21T16:03:49.509,4.872,55.3294,36.4433
2026-07-21T16:03:49.509,4.874,55.721,36.6195
2026-07-21T16:03:49.532,4.8819,55.8972,36.2671
2026-07-21T16:03:49.547,4.9125,55.2902,35.993
2026-07-21T16:03:49.560,4.9163,54.9965,36.3846
2026-07-21T16:03:49.560,4.9196,55.251,36.5608
2026-07-21T16:03:49.575,4.9256,55.5643,36.3846
2026-07-21T16:03:49.581,4.9282,55.6231,36.0909
2026-07-21T16:03:49.591,4.9555,55.4077,36.365
2026-07-21T16:03:49.591,4.9575,56.0734,37.207
2026-07-21T16:03:49.615,4.9613,56.2301,36.7958
2026-07-21T16:03:49.622,4.9613,56.0147,36.5021
2026-07-21T16:03:49.638,4.9992,55.251,36.9916
2026-07-21T16:03:49.638,5.0,55.251,37.2265
2026-07-21T16:03:49.655,5.0047,55.4664,37.1286
2026-07-21T16:03:49.655,5.0097,55.2706,36.7174
2026-07-21T16:03:49.688,5.04,54.9377,36.9916
2026-07-21T16:03:49.688,5.0421,55.4664,37.2853
2026-07-21T16:03:49.691,5.0441,55.8189,36.8937
2026-07-21T16:03:49.706,5.0486,54.9377,36.2083
2026-07-21T16:03:49.716,5.0801,54.1349,36.2867
2026-07-21T16:03:49.729,5.0841,54.4286,36.5216
2026-07-21T16:03:49.734,5.0859,54.6049,36.6195
2026-07-21T16:03:49.742,5.0879,54.644,36.4629
2026-07-21T16:03:49.765,5.1179,54.2328,36.6391
2026-07-21T16:03:49.765,5.1179,54.4286,36.9524
2026-07-21T16:03:49.774,5.1179,54.6832,37.0699
2026-07-21T16:03:49.781,5.1344,54.1153,36.7762
2026-07-21T16:03:49.793,5.1639,53.6062,36.737
2026-07-21T16:03:49.811,5.1741,54.4286,37.1482
2026-07-21T16:03:49.811,5.1741,54.5461,37.3832
2026-07-21T16:03:49.827,5.1799,54.8007,37.2853
2026-07-21T16:03:49.836,5.1799,54.8203,37.1286
2026-07-21T16:03:49.857,5.2113,54.8398,37.8727
2026-07-21T16:03:49.857,5.2113,55.6231,38.0881
2026-07-21T16:03:49.866,5.2113,55.0161,38.0685
2026-07-21T16:03:49.873,5.2272,53.8021,37.4811
2026-07-21T16:03:49.889,5.249,53.6846,37.8727
2026-07-21T16:03:49.905,5.2593,53.9,37.9902
2026-07-21T16:03:49.905,5.2593,54.037,37.9706
2026-07-21T16:03:49.905,5.2593,54.1349,37.9706
2026-07-21T16:03:49.921,5.2593,54.1349,38.9105
2026-07-21T16:03:49.933,5.2911,54.6636,39.4
2026-07-21T16:03:49.943,5.2911,54.1153,39.0476
2026-07-21T16:03:49.953,5.307,53.5671,38.421
2026-07-21T16:03:49.953,5.307,53.3517,38.9497
2026-07-21T16:03:49.969,5.3432,53.7433,38.9888
2026-07-21T16:03:49.985,5.3432,53.5083,38.7734
2026-07-21T16:03:49.985,5.3541,53.6454,38.5972
2026-07-21T16:03:50.001,5.3541,53.4496,39.8308
2026-07-21T16:03:50.010,5.3541,54.3503,40.2811
2026-07-21T16:03:50.037,5.3857,53.9195,40.007
2026-07-21T16:03:50.037,5.3857,52.8818,39.0476
2026-07-21T16:03:50.037,5.3857,51.0999,39.0867
2026-07-21T16:03:50.048,5.4015,49.8467,37.7944
2026-07-21T16:03:50.063,5.4335,46.6551,35.7972
2026-07-21T16:03:50.079,5.4399,41.897,32.5859
2026-07-21T16:03:50.079,5.4399,35.5136,29.4334
2026-07-21T16:03:50.079,5.4556,29.0716,25.7326
2026-07-21T16:03:50.095,5.4832,22.6882,21.4836
2026-07-21T16:03:50.111,5.5086,16.3049,16.9996
2026-07-21T16:03:50.111,5.5086,10.7048,12.7898
2026-07-21T16:03:50.141,5.5127,6.0642,9.2456
2026-07-21T16:03:50.155,5.5127,2.1284,6.1323
2026-07-21T16:03:50.159,5.5284,0.3857,4.233
2026-07-21T16:03:50.159,5.5602,-0.0255,2.9015
2026-07-21T16:03:50.177,5.5642,0.4053,2.3532
2026-07-21T16:03:50.197,5.576,0.327,1.0021
2026-07-21T16:03:50.197,5.576,0.2095,0.5322
2026-07-21T16:03:50.222,5.576,0.2878,0.4735
2026-07-21T16:03:50.222,5.5781,0.4836,0.7868
2026-07-21T16:03:50.227,5.5821,0.9927,0.5714
2026-07-21T16:03:50.234,5.6116,1.3844,1.1
2026-07-21T16:03:50.238,5.6116,2.0109,1.8441
2026-07-21T16:03:50.254,5.6232,3.6949,3.6651
2026-07-21T16:03:50.270,5.6232,3.0487,2.3728
2026-07-21T16:03:50.276,5.6318,1.8935,1.4133
2026-07-21T16:03:50.281,5.6318,1.5018,0.6497
2026-07-21T16:03:50.303,5.6547,1.3648,1.2959
2026-07-21T16:03:50.303,5.6547,1.5997,0.9238
2026-07-21T16:03:50.315,5.6547,1.7956,1.2371
2026-07-21T16:03:50.329,5.6704,1.9718,1.1784
2026-07-21T16:03:50.348,5.6966,1.4823,1.198
2026-07-21T16:03:50.348,5.6986,1.541,0.6497
2026-07-21T16:03:50.348,5.7006,0.9144,0.1014
2026-07-21T16:03:50.364,5.7051,0.9536,-0.114
2026-07-21T16:03:50.384,5.7321,0.7774,0.2385
2026-07-21T16:03:50.384,5.7338,1.4627,0.2581
2026-07-21T16:03:50.392,5.7338,1.6585,0.9434
2026-07-21T16:03:50.403,5.7632,2.6375,1.805
2026-07-21T16:03:50.419,5.7652,1.1494,0.4539
2026-07-21T16:03:50.426,5.7652,-0.6716,-1.2888
2026-07-21T16:03:50.427,5.7652,-0.6325,-1.465
2026-07-21T16:03:50.453,5.7968,1.4039,0.493
2026-07-21T16:03:50.453,5.7968,1.1886,0.728
2026-07-21T16:03:50.459,5.7968,1.7956,1.2371
2026-07-21T16:03:50.475,5.8146,0.3074,-0.5447
2026-07-21T16:03:50.477,5.8286,0.1508,-0.7405
2026-07-21T16:03:50.490,5.832,-0.4171,-0.8972
2026-07-21T16:03:50.508,5.861,-0.6716,-1.1322
2026-07-21T16:03:50.508,5.861,1.3256,0.3168
2026-07-21T16:03:50.526,5.861,0.327,-0.5447
2026-07-21T16:03:50.538,5.892,0.7578,0.3364
2026-07-21T16:03:50.538,5.892,1.8739,1.57
2026-07-21T16:03:50.555,5.892,1.2669,0.2777
2026-07-21T16:03:50.570,5.9189,-0.6325,-1.4455
2026-07-21T16:03:50.570,5.9248,-1.5723,-2.1112
2026-07-21T16:03:50.570,5.9248,-1.2786,-1.6608
2026-07-21T16:03:50.586,5.9248,0.1312,-0.858
2026-07-21T16:03:50.612,5.9588,-0.1625,-0.8972
2026-07-21T16:03:50.612,5.9588,-0.3387,-0.7993
2026-07-21T16:03:50.618,5.9649,-0.1429,-0.858
2026-07-21T16:03:50.634,5.9933,0.2683,-0.5839
2026-07-21T16:03:50.650,5.9953,-0.2996,-0.9559
2026-07-21T16:03:50.654,5.9973,-0.5933,-1.093
2026-07-21T16:03:50.681,6.0199,-0.1625,-0.8384
2026-07-21T16:03:50.681,6.0199,0.0137,-0.8384
2026-07-21T16:03:50.681,6.0199,0.092,-0.5447
2026-07-21T16:03:50.695,6.0514,-0.0059,-0.3685
2026-07-21T16:03:50.713,6.0514,0.1116,-0.4468
2026-07-21T16:03:50.713,6.0514,0.3466,-0.3489
2026-07-21T16:03:50.713,6.0855,0.7774,-0.0356
2026-07-21T16:03:50.745,6.0876,-0.1038,-0.3881
2026-07-21T16:03:50.745,6.0896,-0.2408,-0.9559
2026-07-21T16:03:50.745,6.0916,0.2487,-0.4273
2026-07-21T16:03:50.779,6.114,-0.2604,-1.0734
2026-07-21T16:03:50.779,6.114,-0.3975,-0.9755
2026-07-21T16:03:50.785,6.114,-0.045,-0.9559
2026-07-21T16:03:50.796,6.1458,0.1312,-0.486
2026-07-21T16:03:50.808,6.1458,0.3074,-0.5643
2026-07-21T16:03:50.808,6.1458,0.1116,-0.0356
2026-07-21T16:03:50.826,6.1782,0.1899,-0.3293
2026-07-21T16:03:50.839,6.1782,-0.045,-0.7797
2026-07-21T16:03:50.839,6.1877,0.3857,-0.4664
2026-07-21T16:03:50.855,6.209,-0.0842,-0.251
2026-07-21T16:03:50.872,6.209,0.2878,-0.4273
2026-07-21T16:03:50.872,6.209,0.327,-0.3098
2026-07-21T16:03:50.881,6.2249,0.0724,-0.7405
2026-07-21T16:03:50.903,6.2539,0.1116,-0.3098
2026-07-21T16:03:50.903,6.2539,0.1899,-0.5447
2026-07-21T16:03:50.903,6.2577,0.5032,-0.1335
2026-07-21T16:03:50.926,6.2898,0.6011,-0.1923
2026-07-21T16:03:50.937,6.2898,0.4053,-0.5056
2026-07-21T16:03:50.945,6.2957,0.1899,-0.114
2026-07-21T16:03:50.953,6.2997,0.7774,-0.1923
2026-07-21T16:03:50.967,6.3289,0.6011,0.0035
2026-07-21T16:03:50.979,6.3289,0.3466,-0.1727
2026-07-21T16:03:50.983,6.333,0.1312,-0.1727
2026-07-21T16:03:50.993,6.3356,1.0123,0.1798
2026-07-21T16:03:50.997,6.367,0.5815,0.0231
2026-07-21T16:03:51.014,6.367,0.327,-0.3489
2026-07-21T16:03:51.022,6.367,-0.0255,-0.1923
2026-07-21T16:03:51.042,6.3985,0.327,-0.5447
2026-07-21T16:03:51.055,6.3985,0.5815,0.0427
2026-07-21T16:03:51.055,6.3985,1.2081,0.7084
2026-07-21T16:03:51.061,6.3985,0.4836,0.3951
2026-07-21T16:03:51.076,6.4332,1.0711,0.0623
2026-07-21T16:03:51.092,6.4332,0.2683,-0.2902
2026-07-21T16:03:51.092,6.4441,0.1508,-0.7993
2026-07-21T16:03:51.092,6.4461,-0.1821,-0.2706
2026-07-21T16:03:51.127,6.4811,0.5424,-0.4664
2026-07-21T16:03:51.127,6.4811,0.4836,-0.3293
2026-07-21T16:03:51.127,6.4831,1.3844,0.7672
2026-07-21T16:03:51.140,6.4831,1.6781,1.57
2026-07-21T16:03:51.169,6.5151,1.306,0.8455
2026-07-21T16:03:51.169,6.5257,0.0529,-0.8189
2026-07-21T16:03:51.177,6.5257,-0.3779,-0.9364
2026-07-21T16:03:51.177,6.5257,-0.2604,-0.3685
2026-07-21T16:03:51.188,6.5574,0.1312,-0.4664
2026-07-21T16:03:51.209,6.5574,0.0333,-0.6818
2026-07-21T16:03:51.209,6.5574,0.7382,-0.0944
2026-07-21T16:03:51.219,6.5574,1.0123,0.7868
2026-07-21T16:03:51.235,6.5889,1.3648,0.8651
2026-07-21T16:03:51.251,6.5889,0.699,-0.2706
2026-07-21T16:03:51.251,6.5889,0.0137,-0.5643
2026-07-21T16:03:51.282,6.6377,-0.045,-0.3293
2026-07-21T16:03:51.282,6.6397,0.3074,-0.0356
2026-07-21T16:03:51.282,6.6397,0.3857,-0.5839
2026-07-21T16:03:51.282,6.6417,0.7774,-0.2119
2026-07-21T16:03:51.322,6.6725,1.7956,1.5112
2026-07-21T16:03:51.327,6.6725,1.6977,1.2371
2026-07-21T16:03:51.327,6.6725,0.5424,-0.2902
2026-07-21T16:03:51.335,6.6783,-0.3387,-1.1322
2026-07-21T16:03:51.361,6.7049,-0.4171,-0.7014
2026-07-21T16:03:51.366,6.7049,-0.045,-0.486
2026-07-21T16:03:51.366,6.7049,0.1899,-0.7405
2026-07-21T16:03:51.374,6.7163,-0.2604,-1.1126
2026-07-21T16:03:51.394,6.7473,-0.6325,-0.7797
2026-07-21T16:03:51.394,6.7473,-0.3192,-0.5252
2026-07-21T16:03:51.398,6.7473,-0.045,-0.8189
2026-07-21T16:03:51.410,6.7853,-0.28,-1.2301
2026-07-21T16:03:51.427,6.7893,-0.7108,-0.7601
2026-07-21T16:03:51.427,6.7893,-0.1429,-0.7601
2026-07-21T16:03:51.441,6.7913,-0.0842,-0.8972
2026-07-21T16:03:51.472,6.826,-0.2604,-1.1713
2026-07-21T16:03:51.475,6.826,-0.652,-0.5839
2026-07-21T16:03:51.475,6.8309,-0.1821,-0.6622
2026-07-21T16:03:51.485,6.8338,-0.1625,-0.7797
2026-07-21T16:03:51.497,6.8671,-0.1821,-0.858
2026-07-21T16:03:51.504,6.8671,-0.3387,-0.8972
2026-07-21T16:03:51.512,6.8671,-0.2604,-0.5056
2026-07-21T16:03:51.527,6.8712,-0.1821,-0.721
2026-07-21T16:03:51.540,6.892,-0.2017,-0.9755
2026-07-21T16:03:51.553,6.892,-0.28,-0.9364
2026-07-21T16:03:51.557,6.892,-0.4367,-0.6426
2026-07-21T16:03:51.563,6.9047,-0.1821,-0.7014
2026-07-21T16:03:51.586,6.9387,-0.1625,-0.858
2026-07-21T16:03:51.586,6.9387,-0.3975,-1.0734
2026-07-21T16:03:51.586,6.9387,-0.2408,-0.721
2026-07-21T16:03:51.598,6.9688,-0.1625,-0.9364
2026-07-21T16:03:51.627,6.9688,-0.045,-0.8776
2026-07-21T16:03:51.630,6.9688,-0.4171,-1.1322
2026-07-21T16:03:51.634,6.982,-0.6325,-0.6622
2026-07-21T16:03:51.646,7.0135,0.0137,-0.5839
2026-07-21T16:03:51.662,7.0165,-0.28,-0.7601
2026-07-21T16:03:51.662,7.0165,-0.4562,-1.1713
2026-07-21T16:03:51.676,7.0202,-0.4171,-0.486
2026-07-21T16:03:51.705,7.0485,0.0137,-0.7797
2026-07-21T16:03:51.705,7.0485,-0.28,-0.8189
2026-07-21T16:03:51.705,7.0485,-0.0842,-1.093
2026-07-21T16:03:51.714,7.0485,-0.2408,-0.6035
2026-07-21T16:03:51.726,7.0829,-0.1625,-0.7993
2026-07-21T16:03:51.742,7.0829,-0.2604,-0.7797
2026-07-21T16:03:51.742,7.0829,-0.28,-1.0538
2026-07-21T16:03:51.758,7.1195,-0.4171,-0.6426
2026-07-21T16:03:51.776,7.1236,-0.1821,-0.721
2026-07-21T16:03:51.776,7.1236,-0.2996,-0.6035
2026-07-21T16:03:51.776,7.1276,-0.2408,-0.9755
2026-07-21T16:03:51.796,7.1474,-0.3779,-0.6231
2026-07-21T16:03:51.805,7.1592,-0.045,-0.5839
2026-07-21T16:03:51.815,7.1625,-0.045,-0.6818
2026-07-21T16:03:51.828,7.1906,-0.1821,-0.8384
2026-07-21T16:03:51.841,7.1906,-0.3583,-0.6426
2026-07-21T16:03:51.841,7.1906,-0.0646,-0.2706
2026-07-21T16:03:51.853,7.1906,0.1312,-0.7601
2026-07-21T16:03:51.868,7.2225,-0.2017,-0.9559
2026-07-21T16:03:51.868,7.2225,-0.4171,-0.6818
2026-07-21T16:03:51.868,7.2225,-0.045,-0.5056
2026-07-21T16:03:51.884,7.2567,-0.0255,-0.7601
2026-07-21T16:03:51.900,7.2567,-0.3583,-0.7993
2026-07-21T16:03:51.916,7.2567,-0.3779,-0.6426
2026-07-21T16:03:51.916,7.2696,0.0333,-0.5839
2026-07-21T16:03:51.950,7.2991,0.0529,-0.7601
2026-07-21T16:03:51.950,7.2991,-0.2604,-0.7797
2026-07-21T16:03:51.950,7.2991,-0.4171,-0.5252
2026-07-21T16:03:51.963,7.3011,0.092,-0.4468
2026-07-21T16:03:51.985,7.3383,-0.0255,-0.721
2026-07-21T16:03:51.989,7.3383,0.0724,-0.8384
2026-07-21T16:03:51.993,7.3383,-0.3387,-0.4273
2026-07-21T16:03:51.995,7.3481,0.092,-0.6231
2026-07-21T16:03:52.031,7.3649,0.0724,-0.6622
2026-07-21T16:03:52.031,7.3649,-0.1038,-0.7797
2026-07-21T16:03:52.032,7.3649,-0.3779,-0.5056
2026-07-21T16:03:52.043,7.3807,0.0333,-0.6231
2026-07-21T16:03:52.058,7.3966,0.2291,-0.5252
2026-07-21T16:03:52.058,7.3966,-0.0646,-0.858
2026-07-21T16:03:52.074,7.4125,0.092,-0.5447
2026-07-21T16:03:52.074,7.4444,0.092,-0.5643
2026-07-21T16:03:52.090,7.4444,-0.0059,-0.486
2026-07-21T16:03:52.090,7.4444,0.0333,-0.9364
2026-07-21T16:03:52.106,7.4758,-0.3975,-0.3881
2026-07-21T16:03:52.128,7.4758,0.1116,-0.5643
2026-07-21T16:03:52.128,7.4758,0.1312,-0.4077
2026-07-21T16:03:52.142,7.4833,-0.1234,-0.8189
2026-07-21T16:03:52.153,7.5075,-0.4758,-0.5839
2026-07-21T16:03:52.169,7.5075,0.0137,-0.2902
2026-07-21T16:03:52.169,7.5075,0.0333,-0.6231
2026-07-21T16:03:52.201,7.5394,-0.1821,-0.9168
2026-07-21T16:03:52.201,7.5394,-0.4562,-0.486
2026-07-21T16:03:52.201,7.5394,0.1116,-0.5447
2026-07-21T16:03:52.219,7.5702,0.1508,-0.7014
2026-07-21T16:03:52.233,7.5702,0.0137,-0.6818
2026-07-21T16:03:52.233,7.5702,-0.1429,-0.4664
2026-07-21T16:03:52.242,7.6036,-0.1429,-0.3098
2026-07-21T16:03:52.264,7.6036,0.1704,-0.6426
2026-07-21T16:03:52.264,7.6036,-0.1625,-0.6035
2026-07-21T16:03:52.264,7.6157,-0.045,-0.721
2026-07-21T16:03:52.280,7.6351,-0.1821,-0.3098
2026-07-21T16:03:52.297,7.6451,0.3466,-0.5839
2026-07-21T16:03:52.297,7.6471,-0.0646,-0.5643
2026-07-21T16:03:52.329,7.6661,0.092,-0.858
2026-07-21T16:03:52.329,7.6661,-0.28,-0.3098
2026-07-21T16:03:52.329,7.6661,0.2095,-0.4468
2026-07-21T16:03:52.346,7.7017,0.2291,-0.6231
2026-07-21T16:03:52.360,7.7017,-0.2213,-0.8384
2026-07-21T16:03:52.360,7.7017,-0.1429,-0.2902
2026-07-21T16:03:52.360,7.7136,0.1704,-0.4273
2026-07-21T16:03:52.395,7.7378,0.0724,-0.721
2026-07-21T16:03:52.395,7.7378,-0.2408,-0.8189
2026-07-21T16:03:52.395,7.7378,-0.1625,-0.3489
2026-07-21T16:03:52.431,7.7709,0.1704,-0.3685
2026-07-21T16:03:52.431,7.7729,0.327,-0.7014
2026-07-21T16:03:52.431,7.7749,-0.2017,-0.7405
2026-07-21T16:03:52.459,7.8006,-0.0255,-0.3685
2026-07-21T16:03:52.459,7.8006,0.2683,-0.4664
2026-07-21T16:03:52.464,7.8006,0.6011,-0.6231
2026-07-21T16:03:52.470,7.8348,-0.0842,-0.6231
2026-07-21T16:03:52.494,7.8348,-0.1821,-0.3685
2026-07-21T16:03:52.494,7.8348,0.1704,-0.2706
2026-07-21T16:03:52.505,7.8666,0.2095,-0.2314
2026-07-21T16:03:52.512,7.8686,0.0724,-0.7601
2026-07-21T16:03:52.524,7.8706,-0.2996,-0.3881
2026-07-21T16:03:52.534,7.8721,0.2683,-0.1727
2026-07-21T16:03:52.550,7.8942,0.3074,-0.3881
2026-07-21T16:03:52.560,7.8942,0.092,-0.7993
2026-07-21T16:03:52.564,7.8942,-0.045,-0.2314
2026-07-21T16:03:52.588,7.9313,0.3074,-0.2706
2026-07-21T16:03:52.588,7.9348,0.2095,-0.3685
2026-07-21T16:03:52.588,7.9348,0.1312,-0.3685
2026-07-21T16:03:52.623,7.9648,-0.1625,-0.2314
2026-07-21T16:03:52.623,7.9648,0.3466,0.1798
2026-07-21T16:03:52.630,7.9665,0.2095,-0.3881
2026-07-21T16:03:52.644,7.9946,0.1508,-0.2706
2026-07-21T16:03:52.644,7.9977,-0.1429,-0.3489
2026-07-21T16:03:52.644,7.9977,0.3466,-0.3098
2026-07-21T16:03:52.687,8.0192,0.2487,-0.1335
2026-07-21T16:03:52.688,8.0192,0.2487,-0.4077
2026-07-21T16:03:52.688,8.0298,-0.0842,-0.486
2026-07-21T16:03:52.691,8.0329,0.3074,-0.2314
2026-07-21T16:03:52.713,8.0615,0.2878,-0.3293
2026-07-21T16:03:52.713,8.0615,0.562,-0.4077
2026-07-21T16:03:52.724,8.0615,-0.0255,-0.4077
2026-07-21T16:03:52.739,8.0836,0.1899,-0.0748
2026-07-21T16:03:52.747,8.0955,0.4053,-0.3881
2026-07-21T16:03:52.755,8.0955,0.1899,-0.5839
2026-07-21T16:03:52.771,8.1254,0.0137,-0.4468
2026-07-21T16:03:52.777,8.1274,0.1508,-0.0748
2026-07-21T16:03:52.777,8.1274,0.4641,-0.4077
2026-07-21T16:03:52.789,8.1571,0.1116,-0.4273
2026-07-21T16:03:52.817,8.1571,0.0529,-0.1335
2026-07-21T16:03:52.817,8.1571,0.4836,-0.1727
2026-07-21T16:03:52.825,8.1773,0.4053,-0.3685
2026-07-21T16:03:52.845,8.1886,0.4249,-0.2902
2026-07-21T16:03:52.845,8.1886,0.0529,-0.2902
2026-07-21T16:03:52.851,8.1922,0.5815,-0.2119
2026-07-21T16:03:52.866,8.2202,0.327,-0.0552
2026-07-21T16:03:52.871,8.2202,0.1508,-0.486
2026-07-21T16:03:52.886,8.2202,0.3662,-0.1531
2026-07-21T16:03:52.898,8.2526,0.2878,-0.1923
2026-07-21T16:03:52.907,8.2526,0.327,-0.1727
2026-07-21T16:03:52.914,8.2526,0.3466,-0.1727
2026-07-21T16:03:52.914,8.2836,0.1312,-0.3098
2026-07-21T16:03:52.946,8.2836,0.4249,-0.114
2026-07-21T16:03:52.946,8.2836,0.5032,0.0427
2026-07-21T16:03:52.946,8.3005,0.2683,-0.3685
2026-07-21T16:03:52.977,8.3238,-0.0646,-0.114
2026-07-21T16:03:52.977,8.3315,0.5228,0.0427
2026-07-21T16:03:52.977,8.3315,0.5424,0.0818
2026-07-21T16:03:52.993,8.3354,0.7382,-0.3685
2026-07-21T16:03:53.017,8.3656,0.3074,-0.2902
2026-07-21T16:03:53.017,8.3677,0.6011,0.121
2026-07-21T16:03:53.025,8.3677,0.6011,0.0427
2026-07-21T16:03:53.041,8.3968,0.2291,0.0231
2026-07-21T16:03:53.046,8.3989,0.2878,-0.3685
2026-07-21T16:03:53.046,8.3989,0.2487,0.0427
2026-07-21T16:03:53.072,8.4263,0.6403,-0.1923
2026-07-21T16:03:53.088,8.4263,0.3466,0.121
2026-07-21T16:03:53.088,8.4263,0.4641,-0.3881
2026-07-21T16:03:53.094,8.4358,0.1899,0.2777
2026-07-21T16:03:53.106,8.458,0.6403,-0.0944
2026-07-21T16:03:53.120,8.458,0.5424,-0.0748
2026-07-21T16:03:53.120,8.458,0.2683,-0.3685
2026-07-21T16:03:53.140,8.4984,0.2683,0.1993
2026-07-21T16:03:53.144,8.4984,0.5424,0.2385
2026-07-21T16:03:53.152,8.5004,0.5815,-0.1531
2026-07-21T16:03:53.152,8.5045,0.327,-0.4273
2026-07-21T16:03:53.167,8.5312,0.1508,0.2189
2026-07-21T16:03:53.188,8.5332,0.7774,-0.0161
2026-07-21T16:03:53.194,8.5357,0.6011,-0.2314
2026-07-21T16:03:53.206,8.5639,-0.0842,-0.4077
2026-07-21T16:03:53.221,8.5659,0.2487,0.2777
2026-07-21T16:03:53.227,8.5679,0.6207,0.0818
2026-07-21T16:03:53.255,8.5928,0.5815,-0.1923
2026-07-21T16:03:53.255,8.5928,0.3662,-0.3098
2026-07-21T16:03:53.255,8.5928,0.2291,0.356
2026-07-21T16:03:53.263,8.601,0.6207,0.2385
2026-07-21T16:03:53.279,8.626,0.6795,-0.251
2026-07-21T16:03:53.286,8.628,0.3466,-0.251
2026-07-21T16:03:53.295,8.63,0.3074,0.0818
2026-07-21T16:03:53.316,8.6554,0.6403,0.2189
2026-07-21T16:03:53.320,8.6574,0.6795,-0.0748
2026-07-21T16:03:53.324,8.6614,0.4053,-0.1531
2026-07-21T16:03:53.347,8.6833,0.2683,0.0427
2026-07-21T16:03:53.347,8.6833,0.6795,0.2972
2026-07-21T16:03:53.353,8.6904,0.7774,-0.0356
2026-07-21T16:03:53.377,8.7101,0.4641,-0.1727
2026-07-21T16:03:53.377,8.7101,0.1899,-0.0161
2026-07-21T16:03:53.386,8.7101,0.6795,0.3364
2026-07-21T16:03:53.404,8.7433,0.699,-0.0944
2026-07-21T16:03:53.404,8.7433,0.4836,-0.251
2026-07-21T16:03:53.404,8.7571,0.2683,0.0427
2026-07-21T16:03:53.428,8.7761,0.7186,0.3168
2026-07-21T16:03:53.437,8.7889,0.8165,0.0818
2026-07-21T16:03:53.437,8.7889,0.5424,-0.3098
2026-07-21T16:03:53.470,8.8201,0.1116,0.0623
2026-07-21T16:03:53.470,8.8201,0.6795,0.4147
2026-07-21T16:03:53.470,8.8201,0.8165,0.1406
2026-07-21T16:03:53.484,8.8271,0.6011,-0.2119
2026-07-21T16:03:53.488,8.8541,0.2878,0.0818
2026-07-21T16:03:53.512,8.8605,0.6207,0.5518
2026-07-21T16:03:53.514,8.8646,0.7578,0.1406
2026-07-21T16:03:53.530,8.8834,0.562,-0.0356
2026-07-21T16:03:53.530,8.8834,0.2095,0.0623
2026-07-21T16:03:53.548,8.8994,0.6599,0.2385
2026-07-21T16:03:53.554,8.8994,0.7578,0.1014
2026-07-21T16:03:53.563,8.9312,0.6403,-0.1531
2026-07-21T16:03:53.577,8.9312,0.5032,0.0035
2026-07-21T16:03:53.577,8.9312,0.6207,0.3364
2026-07-21T16:03:53.593,8.9363,0.6795,0.2189
2026-07-21T16:03:53.609,8.9629,0.699,-0.0944
2026-07-21T16:03:53.617,8.9629,0.3857,0.0623
2026-07-21T16:03:53.617,8.9629,0.6207,0.2385
2026-07-21T16:03:53.656,8.9948,1.0711,0.2581
2026-07-21T16:03:53.656,8.9948,0.6795,0.1602
2026-07-21T16:03:53.656,8.9948,0.5815,0.1602
2026-07-21T16:03:53.656,8.9948,0.5032,0.4343
2026-07-21T16:03:53.673,9.0363,0.7578,0.3168
2026-07-21T16:03:53.688,9.0363,0.934,0.1014
2026-07-21T16:03:53.688,9.0433,0.5815,-0.0161
2026-07-21T16:03:53.704,9.074,0.3857,0.1993
2026-07-21T16:03:53.720,9.074,0.8361,0.2972
2026-07-21T16:03:53.720,9.074,0.7186,0.1014
2026-07-21T16:03:53.730,9.074,0.5228,0.0818
2026-07-21T16:03:53.749,9.1067,0.4249,0.2581
2026-07-21T16:03:53.768,9.1067,0.934,0.3364
2026-07-21T16:03:53.768,9.1067,1.0123,0.1406
2026-07-21T16:03:53.768,9.1067,0.6403,-0.0161
2026-07-21T16:03:53.800,9.151,0.3466,0.1798
2026-07-21T16:03:53.800,9.151,0.8165,0.2777
2026-07-21T16:03:53.800,9.153,0.7382,0.121
2026-07-21T16:03:53.815,9.1859,0.6403,-0.251
2026-07-21T16:03:53.838,9.1859,0.2291,0.3364
2026-07-21T16:03:53.838,9.1859,0.8753,0.5322
2026-07-21T16:03:53.845,9.1859,0.7969,0.3364
2026-07-21T16:03:53.849,9.2248,0.7578,-0.2119
2026-07-21T16:03:53.879,9.2248,0.2487,0.4343
2026-07-21T16:03:53.879,9.2248,0.8948,0.356
2026-07-21T16:03:53.879,9.2319,0.7969,0.4343
2026-07-21T16:03:53.898,9.2619,0.7186,-0.251
2026-07-21T16:03:53.914,9.2636,0.3662,0.4343
2026-07-21T16:03:53.916,9.2636,0.8948,0.3364
2026-07-21T16:03:53.925,9.2636,1.0123,0.5126
2026-07-21T16:03:53.951,9.2978,0.7186,-0.0944
2026-07-21T16:03:53.951,9.2978,0.4445,0.2581
2026-07-21T16:03:53.957,9.2978,0.7969,0.5714
2026-07-21T16:03:53.957,9.2978,0.8165,0.2385
2026-07-21T16:03:53.989,9.3387,0.6599,-0.1531
2026-07-21T16:03:53.989,9.3407,0.4445,0.4147
2026-07-21T16:03:53.991,9.3428,0.7578,0.4735
2026-07-21T16:03:54.005,9.3726,0.8753,0.2777
2026-07-21T16:03:54.030,9.3744,0.9536,0.121
2026-07-21T16:03:54.030,9.3764,0.4836,0.0035
2026-07-21T16:03:54.036,9.3805,0.6011,0.6693
2026-07-21T16:03:54.048,9.4088,0.9732,0.2581
2026-07-21T16:03:54.062,9.4088,0.699,0.0623
2026-07-21T16:03:54.066,9.4088,0.5424,-0.0552
2026-07-21T16:03:54.075,9.4088,0.5815,0.4539
2026-07-21T16:03:54.086,9.4504,0.9927,0.4343
2026-07-21T16:03:54.102,9.4524,0.6795,0.1798
2026-07-21T16:03:54.102,9.4544,0.6403,-0.0356
2026-07-21T16:03:54.116,9.457,0.5228,0.4539
2026-07-21T16:03:54.142,9.486,1.0319,0.1993
2026-07-21T16:03:54.142,9.486,0.6795,0.1602
2026-07-21T16:03:54.144,9.486,0.6795,-0.0944
2026-07-21T16:03:54.164,9.5227,0.562,0.4343
2026-07-21T16:03:54.164,9.5227,0.934,0.0231
2026-07-21T16:03:54.180,9.5247,0.6795,0.2189
2026-07-21T16:03:54.180,9.5297,0.7186,0.1602
2026-07-21T16:03:54.214,9.5574,0.562,0.3168
2026-07-21T16:03:54.214,9.5574,0.8361,0.2972
2026-07-21T16:03:54.216,9.5574,0.7186,0.1993
2026-07-21T16:03:54.225,9.5653,0.6207,-0.0356
2026-07-21T16:03:54.231,9.5881,0.6011,0.3168
2026-07-21T16:03:54.251,9.5978,0.8557,0.1993
2026-07-21T16:03:54.251,9.5978,0.7774,0.3168
2026-07-21T16:03:54.259,9.6286,0.699,0.0231
2026-07-21T16:03:54.282,9.6286,0.5032,0.2189
2026-07-21T16:03:54.282,9.6371,0.8165,0.3951
2026-07-21T16:03:54.291,9.6371,0.9536,0.2385
2026-07-21T16:03:54.306,9.66,0.699,-0.0161
2026-07-21T16:03:54.322,9.66,0.4836,0.2189
2026-07-21T16:03:54.322,9.66,0.7774,0.5126
2026-07-21T16:03:54.331,9.6759,0.934,0.1602
2026-07-21T16:03:54.354,9.692,0.7969,-0.0161
2026-07-21T16:03:54.354,9.692,0.5424,0.4343
2026-07-21T16:03:54.354,9.7078,0.8165,0.4539
2026-07-21T16:03:54.369,9.7372,0.9732,0.2189
2026-07-21T16:03:54.386,9.7406,0.8165,0.0231
2026-07-21T16:03:54.386,9.7406,0.5424,0.3364
2026-07-21T16:03:54.405,9.7709,1.0123,0.5714
2026-07-21T16:03:54.417,9.7709,0.8948,0.121
2026-07-21T16:03:54.419,9.7709,0.6795,0.0623
2026-07-21T16:03:54.434,9.7709,0.5228,0.3168
2026-07-21T16:03:54.452,9.8023,0.9144,0.356
2026-07-21T16:03:54.452,9.8023,0.7774,0.0818
2026-07-21T16:03:54.464,9.8023,0.6011,0.1602
2026-07-21T16:03:54.480,9.8373,0.5228,0.3756
2026-07-21T16:03:54.496,9.8373,1.0319,0.356
2026-07-21T16:03:54.496,9.8373,0.8361,0.0427
2026-07-21T16:03:54.496,9.8373,0.6403,-0.0161
2026-07-21T16:03:54.528,9.8655,0.4836,0.3168
2026-07-21T16:03:54.528,9.8655,0.8753,0.3364
2026-07-21T16:03:54.531,9.8655,0.699,0.1602
2026-07-21T16:03:54.543,9.8977,0.7774,0.1798
2026-07-21T16:03:54.559,9.8977,0.3662,0.1798
2026-07-21T16:03:54.559,9.8977,0.8361,0.3756
2026-07-21T16:03:54.559,9.9134,0.7186,0.2189
2026-07-21T16:03:54.591,9.9375,0.699,-0.0944
2026-07-21T16:03:54.591,9.9375,0.2878,0.2581
2026-07-21T16:03:54.607,9.9455,0.9732,0.2581
2026-07-21T16:03:54.607,9.9774,0.7969,0.2189
2026-07-21T16:03:54.631,9.9774,0.6599,-0.114
2026-07-21T16:03:54.631,9.9774,0.3662,0.3168
2026-07-21T16:03:54.655,10.0094,0.7774,0.2972
2026-07-21T16:03:54.667,10.0094,0.9927,0.1602
2026-07-21T16:03:54.667,10.0094,0.6011,-0.1923
2026-07-21T16:03:54.679,10.0094,0.3857,0.5322
2026-07-21T16:03:54.679,10.0434,0.699,0.3756
2026-07-21T16:03:54.687,10.0454,0.934,0.121
2026-07-21T16:03:54.703,10.0474,0.7382,-0.0552
2026-07-21T16:03:54.719,10.077,0.2683,0.3168
2026-07-21T16:03:54.735,10.079,0.8753,0.4343
2026-07-21T16:03:54.737,10.079,0.8753,0.0818
2026-07-21T16:03:54.766,10.1068,0.5032,-0.114
2026-07-21T16:03:54.766,10.1068,0.6011,0.1798
2026-07-21T16:03:54.766,10.1068,0.6599,0.1993
2026-07-21T16:03:54.775,10.1068,0.9536,0.0427
2026-07-21T16:03:54.800,10.1441,0.4836,0.3951
2026-07-21T16:03:54.800,10.1441,0.7969,-0.0748
2026-07-21T16:03:54.800,10.1502,0.5032,0.3364
2026-07-21T16:03:54.834,10.1679,0.8361,0.121
2026-07-21T16:03:54.834,10.1679,0.5815,0.0818
2026-07-21T16:03:54.838,10.1836,0.562,-0.1727
2026-07-21T16:03:54.844,10.1836,0.4836,0.3756
2026-07-21T16:03:54.861,10.215,0.934,0.3756
2026-07-21T16:03:54.861,10.215,0.6403,0.0818
2026-07-21T16:03:54.877,10.2257,0.327,-0.2119
2026-07-21T16:03:54.877,10.2507,0.2291,0.6105
2026-07-21T16:03:54.909,10.2507,1.0123,0.2189
2026-07-21T16:03:54.909,10.2608,0.7382,-0.0161
2026-07-21T16:03:54.917,10.2626,0.4445,-0.2706
2026-07-21T16:03:54.931,10.2783,0.7186,0.3756
2026-07-21T16:03:54.931,10.2943,0.7774,0.1798
2026-07-21T16:03:54.944,10.2943,0.8557,-0.1335
2026-07-21T16:03:54.956,10.2943,0.3857,-0.0748
2026-07-21T16:03:54.972,10.3275,0.4053,0.2385
2026-07-21T16:03:54.972,10.3275,0.7969,0.2581
2026-07-21T16:03:54.988,10.3275,0.7382,-0.114
2026-07-21T16:03:54.988,10.338,0.3662,-0.114
2026-07-21T16:03:55.021,10.3737,0.562,0.2581
2026-07-21T16:03:55.021,10.3737,0.7382,0.1993
2026-07-21T16:03:55.021,10.3737,0.7382,-0.0552
2026-07-21T16:03:55.035,10.4074,0.4053,-0.1531
2026-07-21T16:03:55.064,10.4074,0.2878,0.1602
2026-07-21T16:03:55.064,10.4074,0.6207,0.3364
2026-07-21T16:03:55.064,10.4074,0.7186,-0.0356
2026-07-21T16:03:55.067,10.4383,0.4445,-0.2119
2026-07-21T16:03:55.083,10.4383,0.4053,0.0623
2026-07-21T16:03:55.101,10.4383,0.6011,0.2581
2026-07-21T16:03:55.101,10.4526,0.7186,-0.0552
2026-07-21T16:03:55.115,10.4803,0.1899,-0.5056
2026-07-21T16:03:55.132,10.488,-0.0255,-0.3881
2026-07-21T16:03:55.132,10.488,-0.045,-0.3098
2026-07-21T16:03:55.146,10.5029,0.2487,-0.6426
2026-07-21T16:03:55.174,10.5385,0.5228,-0.6622
2026-07-21T16:03:55.174,10.5385,1.4823,1.7071
2026-07-21T16:03:55.174,10.5516,5.5942,5.5057
2026-07-21T16:03:55.194,10.5735,9.7453,10.1464
2026-07-21T16:03:55.196,10.5755,12.2908,15.5506
2026-07-21T16:03:55.225,10.6166,14.1314,22.5801
2026-07-21T16:03:55.225,10.6166,17.2839,29.8642
2026-07-21T16:03:55.225,10.6186,19.6336,36.8349
2026-07-21T16:03:55.232,10.6267,22.0225,43.0616
2026-07-21T16:03:55.245,10.6424,24.0197,48.4463
2026-07-21T16:03:55.267,10.6424,26.0561,52.5583
2026-07-21T16:03:55.267,10.6424,27.3093,56.0828
2026-07-21T16:03:55.277,10.6618,29.2086,59.3528
2026-07-21T16:03:55.300,10.6946,30.1289,62.7599
2026-07-21T16:03:55.302,10.6951,31.4017,66.1082
2026-07-21T16:03:55.308,10.7031,32.2436,69.1432
2026-07-21T16:03:55.312,10.7051,32.8506,70.8859
2026-07-21T16:03:55.320,10.7051,33.0073,71.7474
2026-07-21T16:03:55.336,10.7051,33.1444,72.5307
2026-07-21T16:03:55.352,10.7051,33.7514,73.0202
2026-07-21T16:03:55.355,10.7221,34.1038,73.451
2026-07-21T16:03:55.375,10.7443,34.3975,73.7251
2026-07-21T16:03:55.375,10.7443,35.0437,74.5279
2026-07-21T16:03:55.389,10.7567,36.2969,74.4692
2026-07-21T16:03:55.399,10.7622,36.2773,75.1741
2026-07-21T16:03:55.399,10.7683,36.5906,75.4482
2026-07-21T16:03:55.417,10.7723,36.6885,76.0356
2026-07-21T16:03:55.425,10.7995,37.3346,75.9377
2026-07-21T16:03:55.438,10.7995,37.3542,75.6244
2026-07-21T16:03:55.452,10.8182,37.7458,75.037
2026-07-21T16:03:55.462,10.8208,38.1766,75.7223
2026-07-21T16:03:55.468,10.8263,38.7053,76.1139
2026-07-21T16:03:55.485,10.8544,38.8619,76.7014
2026-07-21T16:03:55.485,10.8564,38.9403,76.486
2026-07-21T16:03:55.493,10.8584,38.6661,76.9559
2026-07-21T16:03:55.509,10.8626,39.1556,76.9167
2026-07-21T16:03:55.520,10.8626,38.6661,77.4454
2026-07-21T16:03:55.540,10.8946,38.7249,77.6021
2026-07-21T16:03:55.540,10.8946,39.0577,78.307
2026-07-21T16:03:55.540,10.8946,39.371,79.0511
2026-07-21T16:03:55.556,10.9097,39.7822,78.9531
2026-07-21T16:03:55.556,10.9163,39.5668,78.2874
2026-07-21T16:03:55.578,10.9411,38.999,77.2692
2026-07-21T16:03:55.588,10.9411,38.6465,75.9769
2026-07-21T16:03:55.588,10.9411,38.6074,75.1936
2026-07-21T16:03:55.610,10.9568,38.4312,74.2342
2026-07-21T16:03:55.620,10.9916,38.4703,74.2146
2026-07-21T16:03:55.635,10.9946,38.7249,74.5083
2026-07-21T16:03:55.635,10.9946,38.9011,74.2733
2026-07-21T16:03:55.635,11.0026,38.5291,74.0971
2026-07-21T16:03:55.650,11.0081,38.4507,74.7041
2026-07-21T16:03:55.679,11.0411,38.8619,75.0174
2026-07-21T16:03:55.679,11.0411,38.9011,74.7824
2026-07-21T16:03:55.688,11.0411,38.7053,74.9978
2026-07-21T16:03:55.696,11.0522,38.6857,75.6832
2026-07-21T16:03:55.714,11.0837,39.1752,76.486
2026-07-21T16:03:55.727,11.0837,39.234,76.2118
2026-07-21T16:03:55.727,11.0837,38.8424,75.8006
2026-07-21T16:03:55.735,11.0999,38.7249,75.6244
2026-07-21T16:03:55.746,11.0999,39.3515,75.5461
2026-07-21T16:03:55.762,11.1411,38.8815,75.9573
2026-07-21T16:03:55.777,11.1431,38.8032,76.2118
2026-07-21T16:03:55.777,11.1451,38.7444,77.1321
2026-07-21T16:03:55.777,11.1491,38.9794,77.3084
2026-07-21T16:03:55.793,11.1491,38.9794,77.2105
2026-07-21T16:03:55.813,11.1851,38.6661,76.7209
2026-07-21T16:03:55.829,11.1948,38.3137,76.7993
2026-07-21T16:03:55.829,11.1948,39.0382,76.9559
2026-07-21T16:03:55.837,11.1948,38.8815,77.1713
2026-07-21T16:03:55.843,11.1948,38.7053,76.9559
2026-07-21T16:03:55.856,11.2449,38.5682,77.6217
2026-07-21T16:03:55.873,11.2489,38.9011,77.7783
2026-07-21T16:03:55.879,11.2509,39.1556,77.0342
2026-07-21T16:03:55.888,11.2549,38.6465,76.4664
2026-07-21T16:03:55.888,11.2616,38.5095,76.623
2026-07-21T16:03:55.904,11.2702,38.9794,76.8384
2026-07-21T16:03:55.920,11.3054,38.8619,76.623
2026-07-21T16:03:55.936,11.3054,38.4312,76.8972
2026-07-21T16:03:55.940,11.3054,38.627,76.5251
2026-07-21T16:03:55.949,11.3054,38.5095,76.7209
2026-07-21T16:03:55.958,11.3215,38.2941,75.7811
2026-07-21T16:03:55.967,11.3215,38.4899,75.8986
2026-07-21T16:03:55.986,11.3539,38.9794,76.1531
2026-07-21T16:03:55.986,11.3626,38.1962,76.8776
2026-07-21T16:03:55.990,11.3647,38.6465,76.4272
2026-07-21T16:03:55.999,11.3693,38.2549,76.7601
2026-07-21T16:03:56.015,11.3693,38.1374,75.9769
2026-07-21T16:03:56.031,11.4045,37.9416,76.1923
2026-07-21T16:03:56.047,11.4045,38.4703,76.1727
2026-07-21T16:03:56.047,11.4045,38.7053,76.5251
2026-07-21T16:03:56.058,11.4189,38.3333,76.5251
2026-07-21T16:03:56.063,11.423,38.1766,77.7587
2026-07-21T16:03:56.098,11.4489,38.2745,77.2692
2026-07-21T16:03:56.098,11.4489,38.2745,76.7209
2026-07-21T16:03:56.098,11.4489,37.6479,76.3685
2026-07-21T16:03:56.098,11.4649,37.6283,76.5643
2026-07-21T16:03:56.119,11.4722,38.5682,77.3671
2026-07-21T16:03:56.142,11.4977,39.6843,77.7783
2026-07-21T16:03:56.142,11.4977,38.3528,76.5839
2026-07-21T16:03:56.142,11.4977,37.1388,75.9181
2026-07-21T16:03:56.160,11.5146,37.413,75.879
2026-07-21T16:03:56.168,11.5217,37.5696,75.6048
2026-07-21T16:03:56.177,11.5551,37.3542,75.3699
2026-07-21T16:03:56.191,11.5572,37.413,75.7223
2026-07-21T16:03:56.191,11.5651,39.2144,76.5643
2026-07-21T16:03:56.217,11.567,38.4312,75.3895
2026-07-21T16:03:56.217,11.567,38.2745,75.2915
2026-07-21T16:03:56.238,11.5937,37.6479,75.7811
2026-07-21T16:03:56.246,11.5937,38.2549,75.7615
2026-07-21T16:03:56.246,11.6076,38.0983,75.4874
2026-07-21T16:03:56.259,11.6076,38.0395,74.6062
2026-07-21T16:03:56.261,11.6076,38.3333,75.5265
2026-07-21T16:03:56.270,11.6492,38.8424,75.9377
2026-07-21T16:03:56.287,11.6533,38.9598,75.5265
2026-07-21T16:03:56.287,11.6543,37.9612,75.2328
2026-07-21T16:03:56.301,11.6603,38.0004,75.6048
2026-07-21T16:03:56.317,11.6929,38.157,75.5461
2026-07-21T16:03:56.335,11.6949,38.2941,75.8006
2026-07-21T16:03:56.335,11.6949,38.5095,74.9978
2026-07-21T16:03:56.354,11.7026,38.7444,75.2915
2026-07-21T16:03:56.358,11.7046,38.0787,74.8804
2026-07-21T16:03:56.382,11.7361,37.9612,74.2929
2026-07-21T16:03:56.382,11.7361,37.4521,74.195
2026-07-21T16:03:56.388,11.7416,36.7081,73.8817
2026-07-21T16:03:56.396,11.7498,36.6101,74.195
2026-07-21T16:03:56.412,11.7812,37.0605,73.4118
2026-07-21T16:03:56.424,11.7812,37.2955,73.1377
2026-07-21T16:03:56.428,11.7846,37.5304,73.1768
2026-07-21T16:03:56.435,11.7846,37.3151,73.7055
2026-07-21T16:03:56.443,11.7846,37.3934,73.0593
2026-07-21T16:03:56.465,11.8129,37.2367,72.8244
2026-07-21T16:03:56.465,11.8129,36.7276,72.5894
2026-07-21T16:03:56.478,11.8129,36.8647,72.7265
2026-07-21T16:03:56.489,11.8361,37.0213,72.4132
2026-07-21T16:03:56.506,11.8605,37.0409,72.3349
2026-07-21T16:03:56.506,11.866,37.3346,72.0999
2026-07-21T16:03:56.506,11.8697,36.943,72.002
2026-07-21T16:03:56.528,11.8717,36.9039,72.1586
2026-07-21T16:03:56.544,11.9064,36.6689,71.8258
2026-07-21T16:03:56.544,11.9064,36.6101,71.5908
2026-07-21T16:03:56.554,11.9082,36.7864,71.0621
2026-07-21T16:03:56.565,11.9082,36.6493,70.6509
2026-07-21T16:03:56.589,11.943,36.943,69.946
2026-07-21T16:03:56.595,11.943,36.943,69.4173
2026-07-21T16:03:56.598,11.943,36.3752,69.4369
2026-07-21T16:03:56.602,11.943,37.1192,69.8677
2026-07-21T16:03:56.620,11.9819,37.0018,69.1823
2026-07-21T16:03:56.634,11.9871,36.5122,68.732
2026-07-21T16:03:56.637,11.9912,36.5318,68.967
2026-07-21T16:03:56.637,11.9912,36.9039,68.497
2026-07-21T16:03:56.673,12.0218,36.6297,67.4201
2026-07-21T16:03:56.673,12.0218,36.1206,66.7543
2026-07-21T16:03:56.681,12.0218,35.9052,66.9501
2026-07-21T16:03:56.685,12.0365,37.1388,67.3613
2026-07-21T16:03:56.695,12.0436,36.2577,67.283
2026-07-21T16:03:56.713,12.0745,36.0227,67.8117
2026-07-21T16:03:56.715,12.0799,36.0031,68.3795
2026-07-21T16:03:56.730,12.0869,36.4731,68.0662
2026-07-21T16:03:56.739,12.0909,36.0619,67.5963
2026-07-21T16:03:56.760,12.1207,35.6311,66.5781
2026-07-21T16:03:56.760,12.1207,34.8283,66.9697
2026-07-21T16:03:56.768,12.1248,35.2787,66.9501
2026-07-21T16:03:56.780,12.1298,35.2787,67.2634
2026-07-21T16:03:56.784,12.1359,35.357,67.1068
2026-07-21T16:03:56.808,12.1615,34.9066,67.9096
2026-07-21T16:03:56.808,12.1615,35.4353,67.2243
2026-07-21T16:03:56.818,12.1704,35.357,66.6564
2026-07-21T16:03:56.825,12.1776,34.6129,65.834
2026-07-21T16:03:56.840,12.2071,34.4954,66.7543
2026-07-21T16:03:56.853,12.2099,35.122,67.2634
2026-07-21T16:03:56.861,12.2099,34.7891,66.9697
2026-07-21T16:03:56.871,12.2204,34.3192,67.4984
2026-07-21T16:03:56.871,12.2246,34.3975,68.0075
2026-07-21T16:03:56.888,12.2513,35.357,68.1642
2026-07-21T16:03:56.888,12.2533,35.6899,67.6942
2026-07-21T16:03:56.903,12.2592,34.4367,67.1264
2026-07-21T16:03:56.920,12.2592,34.28,67.283
2026-07-21T16:03:56.941,12.2895,34.2017,67.6355
2026-07-21T16:03:56.941,12.2895,34.515,67.4788
2026-07-21T16:03:56.951,12.2895,34.2605,67.9096
2026-07-21T16:03:56.953,12.3047,34.6912,67.8509
2026-07-21T16:03:56.969,12.3337,34.8479,68.5362
2026-07-21T16:03:56.983,12.3387,34.9458,67.6746
2026-07-21T16:03:56.983,12.3403,34.0451,66.5977
2026-07-21T16:03:56.998,12.3505,34.0451,66.9697
2026-07-21T16:03:57.012,12.3822,34.28,67.4984
2026-07-21T16:03:57.012,12.3822,34.7304,67.3613
2026-07-21T16:03:57.027,12.3822,34.5933,67.1068
2026-07-21T16:03:57.034,12.3982,34.4954,67.2047
2026-07-21T16:03:57.044,12.3982,35.1612,67.6746
2026-07-21T16:03:57.072,12.4299,34.7696,66.1669
2026-07-21T16:03:57.072,12.4299,34.0646,65.4228
2026-07-21T16:03:57.076,12.4299,34.7304,66.1669
2026-07-21T16:03:57.076,12.4408,34.9262,66.6173
2026-07-21T16:03:57.092,12.4512,35.2395,66.4606
2026-07-21T16:03:57.117,12.4773,35.2395,65.5599
2026-07-21T16:03:57.117,12.4773,35.2395,65.2662
2026-07-21T16:03:57.123,12.4773,35.4157,65.5403
2026-07-21T16:03:57.141,12.4947,35.122,64.2676
2026-07-21T16:03:57.147,12.4987,34.6717,63.2494
2026-07-21T16:03:57.165,12.525,34.8479,63.2494
2026-07-21T16:03:57.165,12.525,34.0451,63.4648
2026-07-21T16:03:57.171,12.525,34.5542,63.3473
2026-07-21T16:03:57.187,12.525,34.6521,63.5235
2026-07-21T16:03:57.212,12.5664,34.6717,63.3669
2026-07-21T16:03:57.212,12.5664,34.2017,63.6802
2026-07-21T16:03:57.219,12.5699,34.8479,63.269
2026-07-21T16:03:57.219,12.5721,34.7304,62.7403
2026-07-21T16:03:57.235,12.6066,35.1024,62.7794
2026-07-21T16:03:57.253,12.6066,34.8479,63.406
2026-07-21T16:03:57.260,12.6066,35.2395,63.0732
2026-07-21T16:03:57.266,12.6246,35.2591,63.2102
2026-07-21T16:03:57.266,12.6307,35.5724,63.1319
2026-07-21T16:03:57.300,12.6547,35.1612,63.034
2026-07-21T16:03:57.300,12.6547,35.1024,62.4661
2026-07-21T16:03:57.300,12.668,34.7304,61.6046
2026-07-21T16:03:57.318,12.668,34.4758,61.0368
2026-07-21T16:03:57.326,12.668,33.9863,61.213
2026-07-21T16:03:57.348,12.6989,34.3388,61.3305
2026-07-21T16:03:57.348,12.6989,34.6521,61.0563
2026-07-21T16:03:57.348,12.6989,34.4367,60.7822
2026-07-21T16:03:57.362,12.6989,34.3779,60.9584
2026-07-21T16:03:57.392,12.7411,34.8675,60.2535
2026-07-21T16:03:57.392,12.7411,34.4171,59.3724
2026-07-21T16:03:57.392,12.7452,34.3975,59.7248
2026-07-21T16:03:57.408,12.7763,34.5542,60.3514
2026-07-21T16:03:57.408,12.7784,35.0045,60.2535
2026-07-21T16:03:57.424,12.7784,34.9458,59.8815
2026-07-21T16:03:57.438,12.7784,34.8675,59.9207
2026-07-21T16:03:57.453,12.813,34.2996,59.6074
2026-07-21T16:03:57.468,12.8262,34.5542,59.5682
2026-07-21T16:03:57.470,12.8262,34.4954,59.3136
2026-07-21T16:03:57.472,12.8262,34.6325,59.3724
2026-07-21T16:03:57.490,12.8262,34.4367,60.3123
2026-07-21T16:03:57.507,12.8687,35.0045,60.2339
2026-07-21T16:03:57.507,12.8707,34.9458,60.4297
2026-07-21T16:03:57.520,12.8738,34.887,60.2339
2026-07-21T16:03:57.520,12.8778,34.2213,59.8227
2026-07-21T16:03:57.536,12.9051,34.4171,59.7053
2026-07-21T16:03:57.557,12.9051,34.6325,59.529
2026-07-21T16:03:57.562,12.9163,34.6912,60.0186
2026-07-21T16:03:57.571,12.9212,34.6325,61.1347
2026-07-21T16:03:57.571,12.9212,35.2787,61.2913
2026-07-21T16:03:57.599,12.9533,35.4157,61.1151
2026-07-21T16:03:57.599,12.9533,35.357,61.3305
2026-07-21T16:03:57.615,12.9533,34.4563,60.2535
2026-07-21T16:03:57.615,12.9703,34.143,59.5486
2026-07-21T16:03:57.647,13.0005,34.5933,59.4311
2026-07-21T16:03:57.647,13.0005,34.4171,59.6074
2026-07-21T16:03:57.647,13.0005,34.28,59.3724
2026-07-21T16:03:57.647,13.0005,34.0646,59.3724
2026-07-21T16:03:57.668,13.0163,34.6717,59.0199
2026-07-21T16:03:57.691,13.0453,34.4954,58.5892
2026-07-21T16:03:57.691,13.0453,34.0059,57.943
2026-07-21T16:03:57.694,13.0483,33.7709,58.0996
2026-07-21T16:03:57.710,13.0483,34.5346,58.315
2026-07-21T16:03:57.726,13.0844,34.887,58.6283
2026-07-21T16:03:57.726,13.0844,34.3584,58.8437
2026-07-21T16:03:57.739,13.0904,34.8283,59.5682
2026-07-21T16:03:57.742,13.0904,34.9458,59.4703
2026-07-21T16:03:57.758,13.1207,34.8479,59.2941
2026-07-21T16:03:57.774,13.1278,34.2213,59.4116
2026-07-21T16:03:57.776,13.1325,34.2605,59.2157
2026-07-21T16:03:57.790,13.1365,34.75,59.5682
2026-07-21T16:03:57.795,13.1604,34.7696,59.8423
2026-07-21T16:03:57.814,13.1699,34.5933,60.2927
2026-07-21T16:03:57.814,13.1699,34.9654,60.6647
2026-07-21T16:03:57.830,13.1753,34.3192,59.7248
2026-07-21T16:03:57.854,13.2072,33.9472,58.7458
2026-07-21T16:03:57.854,13.2072,33.4185,57.943
2026-07-21T16:03:57.854,13.2072,33.3402,58.2759
2026-07-21T16:03:57.869,13.2239,33.673,58.8045
2026-07-21T16:03:57.869,13.2315,33.8297,58.8829
2026-07-21T16:03:57.901,13.2637,33.5164,58.785
2026-07-21T16:03:57.901,13.2637,33.3402,58.6871
2026-07-21T16:03:57.901,13.2637,33.7905,58.315
2026-07-21T16:03:57.921,13.2702,33.9863,58.5108
2026-07-21T16:03:57.929,13.2702,33.7318,57.9626
2026-07-21T16:03:57.947,13.3038,33.6926,59.0395
2026-07-21T16:03:57.951,13.3038,34.5542,59.6269
2026-07-21T16:03:57.957,13.3038,34.3192,60.0186
2026-07-21T16:03:57.964,13.321,34.1038,59.7444
2026-07-21T16:03:57.985,13.3504,33.7514,59.9794
2026-07-21T16:03:57.997,13.3504,34.4954,59.9598
2026-07-21T16:03:57.997,13.3504,34.1626,59.6465
2026-07-21T16:03:57.997,13.3504,34.0842,59.1374
2026-07-21T16:03:58.019,13.3504,33.908,60.136
2026-07-21T16:03:58.036,13.3992,34.5933,60.4297
2026-07-21T16:03:58.036,13.3992,34.3779,60.6451
2026-07-21T16:03:58.044,13.3992,34.0451,60.3906
2026-07-21T16:03:58.044,13.412,34.0451,60.8018
2026-07-21T16:03:58.070,13.4426,34.5737,60.5081
2026-07-21T16:03:58.078,13.4459,33.8884,59.9794
2026-07-21T16:03:58.078,13.4459,33.9863,60.0186
2026-07-21T16:03:58.093,13.4459,34.2409,60.8605
2026-07-21T16:03:58.108,13.46,34.2213,60.978
2026-07-21T16:03:58.123,13.4798,34.1038,60.7822
2026-07-21T16:03:58.123,13.4798,34.0255,60.2535
2026-07-21T16:03:58.139,13.4798,33.8297,60.4297
2026-07-21T16:03:58.149,13.4936,33.8688,60.2731
2026-07-21T16:03:58.173,13.5254,33.6535,59.9402
2026-07-21T16:03:58.173,13.5254,33.6535,59.9402
2026-07-21T16:03:58.173,13.5254,33.4772,60.4102
2026-07-21T16:03:58.187,13.5254,33.7709,60.8801
2026-07-21T16:03:58.203,13.5735,34.0255,60.978
2026-07-21T16:03:58.219,13.5735,33.9667,61.0955
2026-07-21T16:03:58.219,13.5735,33.7318,61.6829
2026-07-21T16:03:58.219,13.5735,33.5164,60.8801
2026-07-21T16:03:58.236,13.6155,33.6535,60.2535
2026-07-21T16:03:58.236,13.6175,33.6143,60.2339
2026-07-21T16:03:58.253,13.6195,33.4381,60.6451
2026-07-21T16:03:58.267,13.6291,33.6143,61.1151
2026-07-21T16:03:58.267,13.6331,33.9667,61.1934
2026-07-21T16:03:58.284,13.6557,33.673,61.1347
2026-07-21T16:03:58.299,13.6557,33.2423,60.6843
2026-07-21T16:03:58.309,13.6696,33.2227,59.8619
2026-07-21T16:03:58.321,13.6761,33.0464,59.1766
2026-07-21T16:03:58.327,13.7001,32.6548,59.0199
2026-07-21T16:03:58.349,13.7001,31.8129,58.6675
2026-07-21T16:03:58.349,13.7001,31.6562,58.0801
2026-07-21T16:03:58.349,13.7159,31.1863,57.4731
2026-07-21T16:03:58.370,13.7159,30.9905,57.3556
2026-07-21T16:03:58.384,13.7478,30.7751,57.8451
2026-07-21T16:03:58.394,13.7478,30.7751,57.2185
2026-07-21T16:03:58.394,13.7478,30.873,57.2185
2026-07-21T16:03:58.409,13.7608,30.7359,57.1206
2026-07-21T16:03:58.409,13.7724,30.3835,57.2968
2026-07-21T16:03:58.425,13.7979,30.873,57.4143
2026-07-21T16:03:58.441,13.7979,30.9121,57.4731
2026-07-21T16:03:58.441,13.7979,31.0296,57.3752
2026-07-21T16:03:58.457,13.8112,30.4226,57.2968
2026-07-21T16:03:58.489,13.8463,30.8338,57.1989
2026-07-21T16:03:58.489,13.8463,31.0688,57.336
2026-07-21T16:03:58.489,13.8483,31.1471,56.9444
2026-07-21T16:03:58.491,13.8524,31.01,56.8856
2026-07-21T16:03:58.505,13.8793,31.4212,56.8465
2026-07-21T16:03:58.505,13.8904,31.1471,56.5136
2026-07-21T16:03:58.521,13.8904,31.0884,56.3374
2026-07-21T16:03:58.546,13.8904,30.6968,56.2982
2026-07-21T16:03:58.550,13.8904,30.7163,56.2786
2026-07-21T16:03:58.556,13.9216,30.873,56.4549
2026-07-21T16:03:58.573,13.9216,30.6968,56.2982
2026-07-21T16:03:58.573,13.9378,30.4226,56.4744
2026-07-21T16:03:58.584,13.9433,30.9513,56.7877
2026-07-21T16:03:58.599,13.9762,30.7751,57.0619
2026-07-21T16:03:58.615,13.9851,30.7555,56.7094
2026-07-21T16:03:58.615,13.9878,30.3443,56.0437
2026-07-21T16:03:58.615,13.9943,30.403,56.494
2026-07-21T16:03:58.637,13.9956,31.2646,56.6898
2026-07-21T16:03:58.668,14.0328,30.6968,56.964
2026-07-21T16:03:58.668,14.0328,30.7751,57.0619
2026-07-21T16:03:58.670,14.0328,31.0492,57.6884
2026-07-21T16:03:58.679,14.0328,31.3821,57.3752
2026-07-21T16:03:58.689,14.0436,31.1667,57.2577
2026-07-21T16:03:58.698,14.0487,30.9709,56.7877
2026-07-21T16:03:58.716,14.0822,30.5989,57.4731
2026-07-21T16:03:58.716,14.0822,31.3233,58.0409
2026-07-21T16:03:58.726,14.0882,31.48,58.7066
2026-07-21T16:03:58.737,14.0962,31.3429,58.5696
2026-07-21T16:03:58.742,14.0962,30.9905,59.1374
2026-07-21T16:03:58.758,14.1282,31.6171,58.4521
2026-07-21T16:03:58.768,14.1282,31.108,58.3738
2026-07-21T16:03:58.782,14.1282,31.108,57.9234
2026-07-21T16:03:58.790,14.1437,30.9513,59.0395
2026-07-21T16:03:58.806,14.1757,32.0478,59.4116
2026-07-21T16:03:58.822,14.1757,31.7737,59.3724
2026-07-21T16:03:58.822,14.1757,31.48,58.9808
2026-07-21T16:03:58.822,14.1757,31.3625,59.0983
2026-07-21T16:03:58.837,14.1757,31.9303,58.8241
2026-07-21T16:03:58.853,14.2238,31.4017,58.4717
2026-07-21T16:03:58.867,14.2238,31.4017,58.1192
2026-07-21T16:03:58.869,14.2238,31.0688,58.9808
2026-07-21T16:03:58.869,14.2238,31.5779,59.2353
2026-07-21T16:03:58.885,14.2401,31.4408,58.5696
2026-07-21T16:03:58.901,14.2733,30.9317,58.2563
2026-07-21T16:03:58.908,14.2743,30.873,58.8633
2026-07-21T16:03:58.917,14.2783,31.4017,58.7654
2026-07-21T16:03:58.917,14.2824,30.9709,58.0213
2026-07-21T16:03:58.947,14.315,30.6576,58.0017
2026-07-21T16:03:58.954,14.317,30.2268,58.1975
2026-07-21T16:03:58.954,14.319,30.7555,58.5892
2026-07-21T16:03:58.972,14.319,31.108,58.5304
2026-07-21T16:03:58.978,14.3316,30.8142,59.0591
2026-07-21T16:03:59.005,14.3565,30.7947,59.5095
2026-07-21T16:03:59.005,14.3565,30.7555,59.4703
2026-07-21T16:03:59.011,14.3705,31.2254,58.6479
2026-07-21T16:03:59.023,14.3745,30.9121,58.6675
2026-07-21T16:03:59.037,14.4092,30.7163,59.529
2026-07-21T16:03:59.050,14.4143,31.0688,60.0577
2026-07-21T16:03:59.050,14.4143,31.4212,60.2927
2026-07-21T16:03:59.064,14.4203,31.0492,60.4885
2026-07-21T16:03:59.068,14.4203,30.5205,60.2339
2026-07-21T16:03:59.076,14.4458,30.3639,59.7836
2026-07-21T16:03:59.093,14.4458,30.638,59.4116
2026-07-21T16:03:59.099,14.4458,30.6968,59.7836
2026-07-21T16:03:59.110,14.4665,30.638,60.6256
2026-07-21T16:03:59.120,14.4752,30.9905,61.8591
2026-07-21T16:03:59.130,14.4964,31.4604,61.8004
2026-07-21T16:03:59.139,14.4964,31.3821,61.8004
2026-07-21T16:03:59.139,14.508,30.5989,61.6438
2026-07-21T16:03:59.158,14.5133,30.5401,61.7417
2026-07-21T16:03:59.169,14.5188,30.5597,61.4871
2026-07-21T16:03:59.177,14.5499,30.5793,62.192
2026-07-21T16:03:59.190,14.5539,30.2268,62.3095
2026-07-21T16:03:59.190,14.5574,30.6184,62.9361
2026-07-21T16:03:59.210,14.5637,30.9905,63.3669
2026-07-21T16:03:59.239,14.6028,31.1667,63.3081
2026-07-21T16:03:59.239,14.6028,30.5009,63.269
2026-07-21T16:03:59.239,14.6028,30.403,63.1906
2026-07-21T16:03:59.251,14.6052,30.5401,63.3669
2026-07-21T16:03:59.259,14.6146,30.5597,62.9165
2026-07-21T16:03:59.277,14.6479,30.0702,62.8186
2026-07-21T16:03:59.289,14.6499,30.2856,63.0732
2026-07-21T16:03:59.289,14.6499,30.3247,62.6228
2026-07-21T16:03:59.299,14.657,30.4618,62.192
2026-07-21T16:03:59.308,14.665,30.2072,61.9766
2026-07-21T16:03:59.334,14.6962,29.4828,62.2899
2026-07-21T16:03:59.337,14.6983,29.9135,62.799
2026-07-21T16:03:59.337,14.7003,30.1877,62.6424
2026-07-21T16:03:59.351,14.7079,29.7373,62.7403
2026-07-21T16:03:59.361,14.7159,29.9331,63.3277
2026-07-21T16:03:59.369,14.7475,30.2856,63.1515
2026-07-21T16:03:59.386,14.7475,30.4814,62.3878
2026-07-21T16:03:59.390,14.7557,29.9919,61.7417
2026-07-21T16:03:59.398,14.7557,29.4044,62.4857
2026-07-21T16:03:59.409,14.7635,30.8534,64.0522
2026-07-21T16:03:59.438,14.7958,31.108,64.483
2026-07-21T16:03:59.438,14.7958,30.9317,64.3851
2026-07-21T16:03:59.441,14.7958,30.6968,65.2466
2026-07-21T16:03:59.449,14.8109,31.8716,65.2662
2026-07-21T16:03:59.457,14.812,31.1275,64.4046
2026-07-21T16:03:59.489,14.8443,30.3443,63.269
2026-07-21T16:03:59.489,14.8517,30.1877,64.4242
2026-07-21T16:03:59.489,14.8517,31.715,65.4816
2026-07-21T16:03:59.489,14.8578,31.715,65.5795
2026-07-21T16:03:59.506,14.8659,31.715,65.0704
2026-07-21T16:03:59.520,14.8992,31.1471,65.8732
2026-07-21T16:03:59.538,14.9012,32.0087,65.227
2026-07-21T16:03:59.538,14.9012,31.245,64.3851
2026-07-21T16:03:59.551,14.911,31.1667,63.5823
2026-07-21T16:03:59.559,14.9151,30.873,65.0116
2026-07-21T16:03:59.583,14.9465,32.3024,65.6578
2026-07-21T16:03:59.587,14.9485,31.8912,65.4228
2026-07-21T16:03:59.593,14.9525,32.0087,64.9137
2026-07-21T16:03:59.601,14.955,31.5975,65.3054
2026-07-21T16:03:59.609,14.955,32.5569,65.5991
2026-07-21T16:03:59.614,14.9894,31.5779,64.9137
2026-07-21T16:03:59.634,14.9894,31.2646,64.7571
2026-07-21T16:03:59.640,15.002,31.4604,65.4816
2026-07-21T16:03:59.649,15.0041,31.8716,65.9319
2026-07-21T16:03:59.649,15.0158,31.8129,65.5795
2026-07-21T16:03:59.669,15.0317,30.9121,64.1109
2026-07-21T16:03:59.683,15.0477,31.4408,65.2662
2026-07-21T16:03:59.683,15.0477,32.087,65.8732
2026-07-21T16:03:59.698,15.0477,31.7933,65.3249
2026-07-21T16:03:59.709,15.0827,31.4017,65.3445
2026-07-21T16:03:59.725,15.0827,31.9695,66.069
2026-07-21T16:03:59.725,15.0827,31.7345,66.5585
2026-07-21T16:03:59.741,15.0953,32.0087,65.7949
2026-07-21T16:03:59.741,15.0953,31.8912,65.2075
2026-07-21T16:03:59.776,15.1321,32.1066,64.855
2026-07-21T16:03:59.776,15.1342,31.9695,65.0704
2026-07-21T16:03:59.776,15.1382,32.1457,64.7963
2026-07-21T16:03:59.789,15.1468,31.6758,64.4438
2026-07-21T16:03:59.789,15.1508,31.4212,64.5025
2026-07-21T16:03:59.805,15.1824,31.1667,64.8942
2026-07-21T16:03:59.821,15.1844,31.4408,64.8354
2026-07-21T16:03:59.832,15.1922,31.3038,64.1893
2026-07-21T16:03:59.842,15.1982,31.3233,63.3473
2026-07-21T16:03:59.853,15.2219,30.8534,63.406
2026-07-21T16:03:59.871,15.2219,31.2842,63.3277
2026-07-21T16:03:59.871,15.2219,31.4996,63.8955
2026-07-21T16:03:59.880,15.2219,31.7541,63.8564
2026-07-21T16:03:59.892,15.2376,31.5387,64.1305
2026-07-21T16:03:59.900,15.2536,31.7541,63.9934
2026-07-21T16:03:59.915,15.2696,31.9108,63.2885
2026-07-21T16:03:59.915,15.2696,31.5975,62.2899
2026-07-21T16:03:59.931,15.2775,31.01,62.6228
2026-07-21T16:03:59.938,15.3036,31.3821,63.0536
2026-07-21T16:03:59.947,15.3036,31.5779,62.9557
2026-07-21T16:03:59.947,15.3036,31.1471,62.8186
2026-07-21T16:03:59.963,15.3178,30.9317,62.8186
2026-07-21T16:03:59.980,15.3532,31.48,62.7011
2026-07-21T16:03:59.997,15.3572,31.2842,61.5654
2026-07-21T16:03:59.997,15.3611,30.5989,60.3514
2026-07-21T16:03:59.997,15.3661,30.0702,58.8829
2026-07-21T16:04:00.026,15.3962,30.0898,57.2185
2026-07-21T16:04:00.042,15.4003,29.1499,53.6156
2026-07-21T16:04:00.042,15.4003,27.6617,49.4645
2026-07-21T16:04:00.051,15.4121,25.5862,43.6099
2026-07-21T16:04:00.060,15.4222,22.9232,37.8923
2026-07-21T16:04:00.086,15.4564,19.9273,31.9593
2026-07-21T16:04:00.086,15.4564,15.8154,26.5355
2026-07-21T16:04:00.092,15.4781,12.1342,21.1507
2026-07-21T16:04:00.104,15.4836,9.3537,16.0989
2026-07-21T16:04:00.114,15.4934,6.9257,11.4387
2026-07-21T16:04:00.122,15.5032,4.9481,8.5212
2026-07-21T16:04:00.124,15.5356,3.9299,6.6218
2026-07-21T16:04:00.139,15.5509,4.2432,5.8386
2026-07-21T16:04:00.139,15.5549,4.439,5.1141
2026-07-21T16:04:00.165,15.5668,3.9299,4.0176
2026-07-21T16:04:00.172,15.5668,3.4403,3.3714
2026-07-21T16:04:00.187,15.5786,3.6949,3.5868
2026-07-21T16:04:00.197,15.5826,4.1648,3.5672
2026-07-21T16:04:00.205,15.6146,4.8306,3.5281
2026-07-21T16:04:00.220,15.6244,4.3019,3.6455
2026-07-21T16:04:00.220,15.6298,4.2823,3.6064
2026-07-21T16:04:00.229,15.6305,4.439,3.763
2026-07-21T16:04:00.244,15.6412,4.204,3.2343
2026-07-21T16:04:00.272,15.6412,4.3802,3.5281
2026-07-21T16:04:00.276,15.645,4.439,3.8414
2026-07-21T16:04:00.277,15.645,4.5173,3.8805
2026-07-21T16:04:00.277,15.645,4.5564,3.9393
2026-07-21T16:04:00.292,15.6787,4.3606,3.5085
2026-07-21T16:04:00.308,15.6787,4.3411,3.5868
2026-07-21T16:04:00.308,15.6787,4.4585,3.6455
2026-07-21T16:04:00.324,15.6862,4.7718,3.7239
2026-07-21T16:04:00.335,15.6862,4.8306,4.0763
2026-07-21T16:04:00.339,15.6926,4.8697,4.233
2026-07-21T16:04:00.370,15.7239,5.183,4.2917
2026-07-21T16:04:00.370,15.7239,5.183,4.1155
2026-07-21T16:04:00.370,15.7239,4.5173,3.6064
2026-07-21T16:04:00.380,15.7239,4.7914,4.1938
2026-07-21T16:04:00.386,15.7239,5.3984,4.4092
2026-07-21T16:04:00.402,15.7635,4.9481,3.9784
2026-07-21T16:04:00.402,15.7635,4.5956,3.5868
2026-07-21T16:04:00.418,15.7635,4.8893,4.4484
2026-07-21T16:04:00.418,15.7871,5.3788,4.37
2026-07-21T16:04:00.450,15.7871,5.2222,3.9588
2026-07-21T16:04:00.450,15.7871,4.8306,3.7826
2026-07-21T16:04:00.457,15.7871,4.7327,4.3113
2026-07-21T16:04:00.481,15.8193,5.5551,4.2917
2026-07-21T16:04:00.481,15.8353,4.9089,3.9393
2026-07-21T16:04:00.481,15.8353,5.1047,4.1155
2026-07-21T16:04:00.497,15.8665,5.0851,4.5658
2026-07-21T16:04:00.513,15.8665,5.6921,4.8204
2026-07-21T16:04:00.513,15.8685,5.8292,4.8008
2026-07-21T16:04:00.530,15.8705,5.4963,4.3896
2026-07-21T16:04:00.545,15.8983,5.2809,4.8791
2026-07-21T16:04:00.558,15.8983,6.2404,4.8596
2026-07-21T16:04:00.558,15.8983,5.6334,4.5658
2026-07-21T16:04:00.576,15.9328,5.653,4.5463
2026-07-21T16:04:00.590,15.9328,5.6334,5.4274
2026-07-21T16:04:00.592,15.9348,5.8684,4.5854
2026-07-21T16:04:00.592,15.9388,5.3397,4.6833
2026-07-21T16:04:00.624,15.9614,4.9285,3.6847
2026-07-21T16:04:00.624,15.9614,4.2627,3.9588
2026-07-21T16:04:00.630,15.9614,4.6739,3.626
2026-07-21T16:04:00.642,15.9963,4.3019,3.3714
2026-07-21T16:04:00.655,15.9963,4.4194,3.3518
2026-07-21T16:04:00.655,15.9963,4.3411,3.7043
2026-07-21T16:04:00.655,15.9963,4.7523,3.626
2026-07-21T16:04:00.690,16.0242,4.5173,3.8609
2026-07-21T16:04:00.690,16.0242,4.2236,3.019
2026-07-21T16:04:00.690,16.0242,3.5774,3.2343
2026-07-21T16:04:00.718,16.0662,4.2627,3.156
2026-07-21T16:04:00.718,16.0662,4.0278,3.0581
2026-07-21T16:04:00.718,16.0703,4.1648,2.8427
2026-07-21T16:04:00.756,16.0918,4.2236,3.9001
2026-07-21T16:04:00.756,16.0918,5.0851,3.998
2026-07-21T16:04:00.760,16.0918,4.9285,3.8805
2026-07-21T16:04:00.785,16.1254,4.4585,3.4497
2026-07-21T16:04:00.785,16.1254,3.969,3.6064
2026-07-21T16:04:00.785,16.1254,4.5173,3.5281
2026-07-21T16:04:00.799,16.1594,4.5369,3.4302
2026-07-21T16:04:00.819,16.1614,4.4585,3.4106
2026-07-21T16:04:00.819,16.1614,4.7327,4.3113
2026-07-21T16:04:00.819,16.1655,5.418,4.6833
2026-07-21T16:04:00.849,16.1826,5.8292,4.605
2026-07-21T16:04:00.849,16.1826,5.3201,4.3505
2026-07-21T16:04:00.860,16.1984,4.9285,4.3505
2026-07-21T16:04:00.864,16.2249,5.4376,4.233
2026-07-21T16:04:00.876,16.2249,5.2614,4.2917
2026-07-21T16:04:00.876,16.2278,5.2614,3.8022
2026-07-21T16:04:00.908,16.2551,5.046,4.9575
2026-07-21T16:04:00.916,16.2551,5.9467,4.9966
2026-07-21T16:04:00.918,16.2551,6.4362,4.977
2026-07-21T16:04:00.923,16.2804,5.5746,4.6442
2026-07-21T16:04:00.947,16.2804,5.1634,4.4288
2026-07-21T16:04:00.949,16.2936,5.2418,4.5658
2026-07-21T16:04:00.955,16.3167,5.3397,4.0567
2026-07-21T16:04:00.974,16.3249,4.9676,4.1938
2026-07-21T16:04:00.974,16.3261,5.0068,4.5071
2026-07-21T16:04:00.991,16.3465,5.2222,4.5658
2026-07-21T16:04:01.010,16.3561,5.5942,4.2525
2026-07-21T16:04:01.010,16.3561,5.1439,4.5658
2026-07-21T16:04:01.022,16.3561,4.9285,4.0567
2026-07-21T16:04:01.040,16.3877,5.046,4.4288
2026-07-21T16:04:01.040,16.3877,5.3201,4.1742
2026-07-21T16:04:01.050,16.3877,4.9481,4.0176
2026-07-21T16:04:01.074,16.4215,4.8306,4.0567
2026-07-21T16:04:01.074,16.4215,5.2026,4.7616
2026-07-21T16:04:01.081,16.4235,5.4376,4.4679
2026-07-21T16:04:01.113,16.4548,5.3005,4.1546
2026-07-21T16:04:01.113,16.4569,4.7718,3.9784
2026-07-21T16:04:01.113,16.4569,4.811,4.3113
2026-07-21T16:04:01.119,16.4589,5.1047,4.0763
2026-07-21T16:04:01.146,16.4825,4.8306,3.6651
2026-07-21T16:04:01.146,16.4825,4.4781,3.9588
2026-07-21T16:04:01.150,16.4825,5.046,4.3896
2026-07-21T16:04:01.159,16.5125,5.2809,4.1546
2026-07-21T16:04:01.176,16.5125,4.8893,3.8022
2026-07-21T16:04:01.176,16.5125,4.7327,3.7826
2026-07-21T16:04:01.176,16.5284,4.6348,3.998
2026-07-21T16:04:01.206,16.5463,4.8697,3.8805
2026-07-21T16:04:01.206,16.5463,4.6935,3.5672
2026-07-21T16:04:01.222,16.5611,4.4194,3.8414
2026-07-21T16:04:01.240,16.5857,4.811,3.9393
2026-07-21T16:04:01.240,16.5917,4.8502,3.998
2026-07-21T16:04:01.240,16.5917,4.9676,3.7043
2026-07-21T16:04:01.255,16.6234,4.4585,3.7826
2026-07-21T16:04:01.279,16.6234,4.4977,3.8805
2026-07-21T16:04:01.279,16.6234,4.7523,3.9784
2026-07-21T16:04:01.291,16.6234,4.8306,3.7434
2026-07-21T16:04:01.301,16.6553,4.6543,3.5281
2026-07-21T16:04:01.317,16.6553,4.4977,3.9784
2026-07-21T16:04:01.317,16.6553,5.0264,4.1546
2026-07-21T16:04:01.336,16.6872,4.9089,4.1155
2026-07-21T16:04:01.349,16.6872,4.8893,3.7826
2026-07-21T16:04:01.349,16.6872,4.439,4.2134
2026-07-21T16:04:01.349,16.7033,4.9481,3.9393
2026-07-21T16:04:01.365,16.725,5.0851,3.8609
2026-07-21T16:04:01.381,16.7356,4.7718,3.4693
2026-07-21T16:04:01.381,16.7356,4.3998,4.1938
2026-07-21T16:04:01.398,16.7696,5.0068,4.0959
2026-07-21T16:04:01.419,16.7696,4.6935,3.7826
2026-07-21T16:04:01.419,16.7716,4.6348,3.6064
2026-07-21T16:04:01.429,16.7756,4.5369,4.1546
2026-07-21T16:04:01.460,16.8028,5.0264,3.998
2026-07-21T16:04:01.461,16.8028,4.8893,3.9393
2026-07-21T16:04:01.461,16.8028,4.811,3.626
2026-07-21T16:04:01.469,16.8028,4.5173,4.1351
2026-07-21T16:04:01.479,16.8374,4.9676,4.1155
2026-07-21T16:04:01.496,16.8374,5.0655,4.1351
2026-07-21T16:04:01.496,16.8459,4.9481,3.8414
2026-07-21T16:04:01.517,16.8667,4.6543,4.0372
2026-07-21T16:04:01.531,16.8775,4.9285,4.1155
2026-07-21T16:04:01.531,16.8775,5.0264,4.0763
2026-07-21T16:04:01.541,16.8801,4.8306,3.7826
2026-07-21T16:04:01.541,16.909,4.576,4.0763
2026-07-21T16:04:01.560,16.909,4.8502,4.2134
2026-07-21T16:04:01.560,16.909,5.046,3.9197
2026-07-21T16:04:01.587,16.9413,4.7718,4.0959
2026-07-21T16:04:01.599,16.9413,4.6152,4.0176
2026-07-21T16:04:01.603,16.9413,4.9089,4.2917
2026-07-21T16:04:01.603,16.9491,5.1047,4.1546
2026-07-21T16:04:01.635,16.9748,4.7523,3.9197
2026-07-21T16:04:01.635,16.9748,4.7131,3.9393
2026-07-21T16:04:01.641,16.9748,4.811,4.2917
2026-07-21T16:04:01.668,17.0037,5.1439,3.9197
2026-07-21T16:04:01.668,17.0037,4.811,3.9393
2026-07-21T16:04:01.668,17.0037,4.7327,4.3309
2026-07-21T16:04:01.684,17.0353,4.9676,4.2721
2026-07-21T16:04:01.697,17.0353,5.1047,3.9393
2026-07-21T16:04:01.697,17.0473,4.811,3.998
2026-07-21T16:04:01.697,17.0728,4.7718,4.0176
2026-07-21T16:04:01.729,17.0728,5.1047,4.233
2026-07-21T16:04:01.729,17.0728,5.046,4.0176
2026-07-21T16:04:01.741,17.0728,4.8697,4.0372
2026-07-21T16:04:01.766,17.1159,4.8306,3.9784
2026-07-21T16:04:01.766,17.1179,4.8893,4.0959
2026-07-21T16:04:01.766,17.1179,4.9285,4.0763
2026-07-21T16:04:01.777,17.1539,4.9481,3.9784
2026-07-21T16:04:01.794,17.1559,4.7914,3.8218
2026-07-21T16:04:01.794,17.1559,4.8306,3.998
2026-07-21T16:04:01.811,17.1579,4.9285,4.1742
2026-07-21T16:04:01.826,17.188,5.1243,3.998
2026-07-21T16:04:01.842,17.1954,4.7914,3.8414
2026-07-21T16:04:01.842,17.1954,4.9872,4.4875
2026-07-21T16:04:01.851,17.1954,4.8893,4.1351
2026-07-21T16:04:01.858,17.2319,5.1634,3.9784
2026-07-21T16:04:01.882,17.2339,4.8502,4.1546
2026-07-21T16:04:01.882,17.2339,5.046,4.2134
2026-07-21T16:04:01.889,17.2379,5.183,4.5267
2026-07-21T16:04:01.904,17.2738,5.3397,4.37
2026-07-21T16:04:01.922,17.2738,4.8502,3.9588
2026-07-21T16:04:01.922,17.2738,5.0068,4.37
2026-07-21T16:04:01.931,17.2738,5.2222,4.3896
2026-07-21T16:04:01.941,17.3121,5.2418,4.1938
2026-07-21T16:04:01.951,17.3121,4.9872,4.2917
2026-07-21T16:04:01.951,17.3121,4.9676,4.4484
2026-07-21T16:04:01.967,17.3215,5.3005,4.6442
2026-07-21T16:04:01.983,17.3527,5.2026,4.1351
2026-07-21T16:04:02.006,17.3527,5.0264,4.0567
2026-07-21T16:04:02.006,17.3527,4.9089,4.4875
2026-07-21T16:04:02.014,17.3527,5.3593,4.3896
2026-07-21T16:04:02.015,17.3851,5.183,4.2134
2026-07-21T16:04:02.046,17.399,5.0068,4.0763
2026-07-21T16:04:02.046,17.399,4.9481,4.3896
2026-07-21T16:04:02.046,17.4028,5.1047,4.1546
2026-07-21T16:04:02.046,17.4348,5.046,4.2525
2026-07-21T16:04:02.079,17.4355,5.2614,3.9393
2026-07-21T16:04:02.079,17.4355,4.7523,4.1938
2026-07-21T16:04:02.093,17.4355,5.3005,4.2134
2026-07-21T16:04:02.111,17.4685,4.9089,4.3113
2026-07-21T16:04:02.126,17.4685,4.8697,3.8414
2026-07-21T16:04:02.127,17.4685,4.576,4.0763
2026-07-21T16:04:02.129,17.4794,4.9872,4.1351
2026-07-21T16:04:02.147,17.5142,4.9481,4.1938
2026-07-21T16:04:02.162,17.5162,4.8893,3.763
2026-07-21T16:04:02.162,17.5162,4.576,4.1155
2026-07-21T16:04:02.173,17.5203,4.9089,4.1742
2026-07-21T16:04:02.206,17.5478,5.046,4.0567
2026-07-21T16:04:02.206,17.5478,4.6152,3.8414
2026-07-21T16:04:02.206,17.554,4.5369,4.0959
2026-07-21T16:04:02.214,17.5581,4.8306,4.1546
2026-07-21T16:04:02.241,17.5918,5.0264,3.9588
2026-07-21T16:04:02.241,17.5939,4.7718,3.8022
2026-07-21T16:04:02.241,17.5939,4.6543,3.9001
2026-07-21T16:04:02.250,17.5959,4.811,4.2917
2026-07-21T16:04:02.279,17.6291,5.2809,3.9197
2026-07-21T16:04:02.279,17.6291,4.6739,3.8414
2026-07-21T16:04:02.279,17.6291,4.6935,4.2917
2026-07-21T16:04:02.291,17.6329,4.6543,4.1351
2026-07-21T16:04:02.315,17.6577,5.0655,3.9393
2026-07-21T16:04:02.315,17.6577,4.6739,3.9588
2026-07-21T16:04:02.315,17.6649,4.7523,3.7826
2026-07-21T16:04:02.351,17.7005,4.6543,4.3309
2026-07-21T16:04:02.351,17.7005,5.0068,3.9001
2026-07-21T16:04:02.351,17.7005,4.5956,3.9784
2026-07-21T16:04:02.361,17.703,4.7718,3.8414
2026-07-21T16:04:02.380,17.739,4.4781,4.4484
2026-07-21T16:04:02.380,17.739,5.2418,3.9197
2026-07-21T16:04:02.394,17.739,4.7327,4.1155
2026-07-21T16:04:02.397,17.739,4.6348,3.626
2026-07-21T16:04:02.410,17.7802,4.4585,4.1938
2026-07-21T16:04:02.426,17.7811,5.0264,3.8805
2026-07-21T16:04:02.426,17.7811,4.6543,3.8414
2026-07-21T16:04:02.442,17.7863,4.6739,3.5672
2026-07-21T16:04:02.442,17.8162,4.3998,4.0372
2026-07-21T16:04:02.468,17.8182,4.9481,4.0959
2026-07-21T16:04:02.468,17.8182,4.8697,3.9588
2026-07-21T16:04:02.480,17.8488,4.8502,3.8805
2026-07-21T16:04:02.490,17.8488,4.3802,3.9588
2026-07-21T16:04:02.508,17.8488,5.1243,4.0959
2026-07-21T16:04:02.512,17.8488,5.1243,3.6651
2026-07-21T16:04:02.520,17.8827,4.4585,3.5868
2026-07-21T16:04:02.542,17.8847,4.3606,4.0176
2026-07-21T16:04:02.542,17.8867,4.9676,4.2134
2026-07-21T16:04:02.542,17.913,4.8893,3.9588
2026-07-21T16:04:02.572,17.913,4.7131,3.7239
2026-07-21T16:04:02.572,17.913,4.439,4.1546
2026-07-21T16:04:02.580,17.9233,4.7327,4.0567
2026-07-21T16:04:02.587,17.9531,4.9089,4.0959
2026-07-21T16:04:02.607,17.9551,4.576,3.6064
2026-07-21T16:04:02.607,17.9551,4.3606,3.998
2026-07-21T16:04:02.617,17.985,4.7131,3.8805
2026-07-21T16:04:02.645,17.987,5.0851,3.6847
2026-07-21T16:04:02.645,17.987,4.6935,3.6455
2026-07-21T16:04:02.651,17.991,4.4194,3.6651
2026-07-21T16:04:02.677,18.0186,4.5564,4.0372
2026-07-21T16:04:02.677,18.0186,5.1047,3.8218
2026-07-21T16:04:02.679,18.0186,4.4977,3.4497
2026-07-21T16:04:02.706,18.0502,4.2236,3.763
2026-07-21T16:04:02.706,18.0502,4.8893,3.998
2026-07-21T16:04:02.712,18.0502,4.8697,3.8609
2026-07-21T16:04:02.721,18.0819,4.6935,3.5868
2026-07-21T16:04:02.744,18.0819,4.3215,3.6651
2026-07-21T16:04:02.744,18.0819,4.6348,4.1742
2026-07-21T16:04:02.760,18.1137,5.0851,3.9784
2026-07-21T16:04:02.760,18.1137,4.7327,3.7826
2026-07-21T16:04:02.760,18.1137,4.4781,3.7826
2026-07-21T16:04:02.781,18.1137,4.7718,4.0959
2026-07-21T16:04:02.792,18.1491,4.9481,4.1546
2026-07-21T16:04:02.792,18.1491,4.8502,3.6651
2026-07-21T16:04:02.807,18.1491,4.3411,3.6651
2026-07-21T16:04:02.823,18.1773,4.5956,3.9197
2026-07-21T16:04:02.839,18.1878,4.7523,4.0372
2026-07-21T16:04:02.843,18.1878,4.6935,3.5476
2026-07-21T16:04:02.856,18.2098,4.3802,3.6064
2026-07-21T16:04:02.856,18.2098,4.5564,4.0763
2026-07-21T16:04:02.871,18.2098,4.8306,3.8609
2026-07-21T16:04:02.871,18.2098,4.7718,3.8805
2026-07-21T16:04:02.889,18.2491,4.4194,3.5868
2026-07-21T16:04:02.903,18.2559,4.4977,3.9197
2026-07-21T16:04:02.903,18.2569,4.6935,4.1351
2026-07-21T16:04:02.919,18.2569,4.8893,3.763
2026-07-21T16:04:02.943,18.2879,4.5564,3.763
2026-07-21T16:04:02.943,18.2879,4.5369,4.0176
2026-07-21T16:04:02.950,18.2879,4.9089,3.9393
2026-07-21T16:04:02.965,18.3191,4.9481,3.9001
2026-07-21T16:04:02.965,18.3191,4.5956,3.5281
2026-07-21T16:04:02.981,18.3191,4.3019,4.1938
2026-07-21T16:04:02.981,18.351,5.046,4.0763
2026-07-21T16:04:03.013,18.351,4.8893,3.7434
2026-07-21T16:04:03.013,18.351,4.6152,3.4302
2026-07-21T16:04:03.028,18.3828,4.3019,3.998
2026-07-21T16:04:03.045,18.3828,4.8697,4.0372
2026-07-21T16:04:03.045,18.3828,4.811,4.1351
2026-07-21T16:04:03.053,18.3883,4.6348,3.2735
2026-07-21T16:04:03.076,18.4148,4.2236,4.0567
2026-07-21T16:04:03.076,18.4148,5.046,3.998
2026-07-21T16:04:03.076,18.4148,4.7718,3.8218
2026-07-21T16:04:03.093,18.4496,4.576,3.4302
2026-07-21T16:04:03.108,18.4496,4.2627,4.1351
2026-07-21T16:04:03.108,18.4496,4.8502,3.9393
2026-07-21T16:04:03.124,18.4805,4.6739,3.9588
2026-07-21T16:04:03.141,18.4825,4.6739,3.4497
2026-07-21T16:04:03.141,18.4845,4.2823,3.9393
2026-07-21T16:04:03.171,18.5095,4.8502,3.9001
2026-07-21T16:04:03.171,18.5095,4.7523,3.8805
2026-07-21T16:04:03.171,18.5095,4.5173,3.5281
2026-07-21T16:04:03.187,18.5417,4.3411,3.9393
2026-07-21T16:04:03.203,18.5417,5.046,3.9393
2026-07-21T16:04:03.203,18.5417,4.6935,3.9197
2026-07-21T16:04:03.203,18.5498,4.6739,3.5281
2026-07-21T16:04:03.218,18.5787,4.4977,3.8805
2026-07-21T16:04:03.235,18.5787,4.7523,4.1155
2026-07-21T16:04:03.235,18.5815,4.7718,3.9197
2026-07-21T16:04:03.266,18.6047,4.7131,3.6847
2026-07-21T16:04:03.266,18.6047,4.439,3.8805
2026-07-21T16:04:03.272,18.6047,4.7718,4.0567
2026-07-21T16:04:03.298,18.638,4.8893,3.9001
2026-07-21T16:04:03.298,18.638,4.7523,3.6455
2026-07-21T16:04:03.298,18.638,4.6152,3.9001
2026-07-21T16:04:03.316,18.6733,4.6739,4.1351
2026-07-21T16:04:03.332,18.6743,5.1047,3.9197
2026-07-21T16:04:03.332,18.6753,4.6739,3.9588
2026-07-21T16:04:03.346,18.6942,4.5173,3.8218
2026-07-21T16:04:03.364,18.6942,4.7523,4.1351
2026-07-21T16:04:03.364,18.6942,5.0068,3.8609
2026-07-21T16:04:03.370,18.7099,4.7327,3.6455
2026-07-21T16:04:03.370,18.7379,4.5564,3.9588
2026-07-21T16:04:03.388,18.7379,4.5956,4.1546
2026-07-21T16:04:03.388,18.7419,4.8893,3.8414
2026-07-21T16:04:03.420,18.7678,4.576,4.1742
2026-07-21T16:04:03.420,18.7678,4.5369,3.763
2026-07-21T16:04:03.433,18.7719,4.9872,4.0567
2026-07-21T16:04:03.461,18.8038,4.9089,4.2134
2026-07-21T16:04:03.461,18.8038,4.6935,3.6847
2026-07-21T16:04:03.461,18.8058,4.4194,3.8022
2026-07-21T16:04:03.465,18.8078,4.7718,4.1742
2026-07-21T16:04:03.481,18.8374,4.7718,3.763
2026-07-21T16:04:03.484,18.8374,4.5173,3.8609
2026-07-21T16:04:03.503,18.8433,4.4781,4.0372
2026-07-21T16:04:03.526,18.8716,4.5564,3.9197
2026-07-21T16:04:03.526,18.8736,4.7327,3.8609
2026-07-21T16:04:03.531,18.8756,4.6152,3.8218
2026-07-21T16:04:03.549,18.9032,4.576,3.7826
2026-07-21T16:04:03.562,18.9032,4.6152,3.8805
2026-07-21T16:04:03.562,18.9032,4.6739,4.1155
2026-07-21T16:04:03.571,18.9306,5.1243,3.7239
2026-07-21T16:04:03.595,18.9306,4.439,3.7239
2026-07-21T16:04:03.595,18.9306,4.5369,3.9001
2026-07-21T16:04:03.597,18.9306,4.6739,4.0372
2026-07-21T16:04:03.609,18.9718,4.7327,3.7239
2026-07-21T16:04:03.624,18.9738,4.5369,3.6064
2026-07-21T16:04:03.624,18.9738,4.4781,3.9001
2026-07-21T16:04:03.648,19.0001,4.7914,3.8805
2026-07-21T16:04:03.663,19.0001,4.6543,3.6651
2026-07-21T16:04:03.663,19.0001,4.4194,3.5476
2026-07-21T16:04:03.671,19.0093,4.3802,3.8218
2026-07-21T16:04:03.694,19.0252,4.6543,3.998
2026-07-21T16:04:03.694,19.0252,4.7131,3.6651
2026-07-21T16:04:03.703,19.0411,4.4781,3.763
2026-07-21T16:04:03.713,19.062,4.4977,3.8022
2026-07-21T16:04:03.719,19.0679,4.7914,3.9197
2026-07-21T16:04:03.719,19.0679,4.7327,3.7239
2026-07-21T16:04:03.756,19.091,4.6543,3.5868
2026-07-21T16:04:03.756,19.091,4.3411,3.998
2026-07-21T16:04:03.761,19.091,4.7327,3.9393
2026-07-21T16:04:03.785,19.1203,4.6739,3.8805
2026-07-21T16:04:03.785,19.1203,4.4781,3.7043
2026-07-21T16:04:03.785,19.1306,4.4585,3.9393
2026-07-21T16:04:03.814,19.1535,4.7914,3.9588
2026-07-21T16:04:03.814,19.1535,4.6348,3.626
2026-07-21T16:04:03.824,19.1535,4.439,3.6455
2026-07-21T16:04:03.844,19.1876,4.3802,3.8805
2026-07-21T16:04:03.847,19.1876,4.7327,3.8609
2026-07-21T16:04:03.847,19.1896,4.6543,3.763
2026-07-21T16:04:03.876,19.2174,4.576,3.6847
2026-07-21T16:04:03.879,19.2174,4.576,3.8414
2026-07-21T16:04:03.883,19.2194,4.6935,3.9588
2026-07-21T16:04:03.908,19.2483,4.6543,3.763
2026-07-21T16:04:03.909,19.2483,4.811,3.7826
2026-07-21T16:04:03.911,19.2507,4.4194,3.9588
2026-07-21T16:04:03.933,19.2777,4.6348,3.8414
2026-07-21T16:04:03.933,19.2777,4.6152,3.9001
2026-07-21T16:04:03.944,19.2777,4.5369,3.626
2026-07-21T16:04:03.956,19.3117,4.3411,3.6651
2026-07-21T16:04:03.956,19.3117,4.6152,4.5267
2026-07-21T16:04:03.971,19.3117,4.6348,3.8609
2026-07-21T16:04:03.971,19.3454,4.9285,3.5672
2026-07-21T16:04:04.005,19.3494,4.3998,3.6847
2026-07-21T16:04:04.005,19.3509,4.5564,3.8805
2026-07-21T16:04:04.005,19.3529,4.7131,3.8805
2026-07-21T16:04:04.037,19.3812,4.6543,3.9001
2026-07-21T16:04:04.037,19.3812,4.576,3.7434
2026-07-21T16:04:04.043,19.3832,4.5369,4.233
2026-07-21T16:04:04.058,19.4058,4.811,3.9393
2026-07-21T16:04:04.066,19.4058,4.5956,3.763
2026-07-21T16:04:04.066,19.4058,4.4585,3.5868
2026-07-21T16:04:04.079,19.4058,4.4977,3.9393
2026-07-21T16:04:04.099,19.4446,4.8502,3.8609
2026-07-21T16:04:04.099,19.4446,4.5564,3.626
2026-07-21T16:04:04.113,19.4683,4.6739,3.5476
2026-07-21T16:04:04.130,19.4683,4.3802,3.9588
2026-07-21T16:04:04.130,19.4683,4.811,3.8609
2026-07-21T16:04:04.138,19.4841,4.6152,3.5476
2026-07-21T16:04:04.162,19.4989,4.3606,3.626
2026-07-21T16:04:04.162,19.4989,4.3606,4.0176
2026-07-21T16:04:04.162,19.4989,4.811,3.9001
2026-07-21T16:04:04.192,19.5437,4.5956,3.6455
2026-07-21T16:04:04.192,19.5457,4.7131,3.5281
2026-07-21T16:04:04.192,19.5457,4.3998,3.8609
2026-07-21T16:04:04.208,19.5487,4.8502,3.7826
2026-07-21T16:04:04.230,19.5735,4.6348,3.6651
2026-07-21T16:04:04.230,19.5735,4.4585,3.7239
2026-07-21T16:04:04.244,19.6018,4.3998,4.0372
2026-07-21T16:04:04.247,19.6103,4.9285,3.7826
2026-07-21T16:04:04.267,19.6103,4.6152,3.998
2026-07-21T16:04:04.272,19.6103,4.6543,3.4693
2026-07-21T16:04:04.295,19.6421,4.2432,3.8218
2026-07-21T16:04:04.295,19.6421,4.7523,3.8414
2026-07-21T16:04:04.303,19.6421,4.6348,3.8218
2026-07-21T16:04:04.319,19.6747,4.7914,3.5281
2026-07-21T16:04:04.336,19.6747,4.2236,4.0176
2026-07-21T16:04:04.336,19.6747,4.7914,3.8805
2026-07-21T16:04:04.336,19.6747,4.6348,3.763
2026-07-21T16:04:04.368,19.7104,4.5956,3.4889
2026-07-21T16:04:04.368,19.7104,4.2432,3.8805
2026-07-21T16:04:04.368,19.7104,4.7327,3.9001
2026-07-21T16:04:04.383,19.7459,4.6739,3.998
2026-07-21T16:04:04.404,19.7479,4.5173,3.5476
2026-07-21T16:04:04.404,19.7479,4.204,4.0372
2026-07-21T16:04:04.404,19.7509,4.7131,3.7826
2026-07-21T16:04:04.437,19.771,4.9676,3.8022
2026-07-21T16:04:04.437,19.771,4.7914,3.5085
2026-07-21T16:04:04.439,19.771,4.2627,3.8022
2026-07-21T16:04:04.448,19.8012,4.8502,3.9393
2026-07-21T16:04:04.465,19.8012,4.9285,4.0372
2026-07-21T16:04:04.465,19.8012,4.6348,3.5085
2026-07-21T16:04:04.495,19.832,4.1452,3.8609
2026-07-21T16:04:04.495,19.832,4.7327,4.1938
2026-07-21T16:04:04.495,19.832,4.811,3.7826
2026-07-21T16:04:04.510,19.8634,4.3998,3.7043
2026-07-21T16:04:04.526,19.8634,4.3215,3.6455
2026-07-21T16:04:04.526,19.8634,4.4781,3.9393
2026-07-21T16:04:04.541,19.8953,4.8306,3.6455
2026-07-21T16:04:04.557,19.8953,4.4781,3.6064
2026-07-21T16:04:04.557,19.8953,4.4194,3.5672
2026-07-21T16:04:04.557,19.911,4.3998,3.9784
2026-07-21T16:04:04.589,19.9269,4.7523,3.7434
2026-07-21T16:04:04.589,19.9269,4.4781,3.7239
2026-07-21T16:04:04.605,19.9425,4.4781,3.5672
2026-07-21T16:04:04.620,19.9698,4.3802,3.9393
2026-07-21T16:04:04.620,19.9718,4.7327,3.8022
2026-07-21T16:04:04.620,19.9718,4.4977,3.7434
2026-07-21T16:04:04.649,20.0008,4.5369,3.4106
2026-07-21T16:04:04.652,20.0028,4.5956,3.9784
2026-07-21T16:04:04.652,20.0028,4.7718,3.8022
2026-07-21T16:04:04.678,20.0292,4.4585,3.8022
2026-07-21T16:04:04.691,20.0292,4.4781,3.4302
2026-07-21T16:04:04.694,20.036,4.1844,3.9588
2026-07-21T16:04:04.710,20.0522,4.8502,3.8609
2026-07-21T16:04:04.723,20.0522,4.6152,3.6847
2026-07-21T16:04:04.723,20.0522,4.439,3.5476
2026-07-21T16:04:04.730,20.0682,4.204,4.1351
2026-07-21T16:04:04.746,20.0994,4.7523,3.8022
2026-07-21T16:04:04.746,20.0994,4.811,3.6847
2026-07-21T16:04:04.762,20.1021,4.439,3.391
2026-07-21T16:04:04.762,20.1277,4.2236,3.9784
2026-07-21T16:04:04.777,20.1313,4.7327,4.0372
2026-07-21T16:04:04.796,20.1344,4.6739,3.626
2026-07-21T16:04:04.809,20.1635,4.3019,3.4106
2026-07-21T16:04:04.821,20.1635,4.2823,4.0567
2026-07-21T16:04:04.821,20.1635,4.7914,4.0372
2026-07-21T16:04:04.841,20.1867,4.7914,3.5868
2026-07-21T16:04:04.851,20.1964,4.3802,3.7826
2026-07-21T16:04:04.851,20.1964,4.2627,3.8022
2026-07-21T16:04:04.857,20.2134,4.6543,4.0372
2026-07-21T16:04:04.880,20.227,4.7523,3.5868
2026-07-21T16:04:04.880,20.227,4.3215,3.626
2026-07-21T16:04:04.892,20.227,4.2432,3.7043
2026-07-21T16:04:04.905,20.2588,4.5956,3.9393
2026-07-21T16:04:04.907,20.2588,4.7914,3.5281
2026-07-21T16:04:04.921,20.2588,4.3215,3.5672
2026-07-21T16:04:04.951,20.2907,4.204,3.6651
2026-07-21T16:04:04.951,20.2959,4.4977,3.9588
2026-07-21T16:04:04.952,20.2959,4.7718,3.6651
2026-07-21T16:04:04.952,20.2959,4.439,3.4889
2026-07-21T16:04:04.984,20.3275,4.2627,3.5672
2026-07-21T16:04:04.984,20.3275,4.3998,4.0372
2026-07-21T16:04:04.989,20.3546,4.7718,3.6455
2026-07-21T16:04:05.000,20.3546,4.4194,3.4889
2026-07-21T16:04:05.016,20.3546,4.2236,3.626
2026-07-21T16:04:05.023,20.3546,4.5564,3.9784
2026-07-21T16:04:05.045,20.3857,4.9481,3.8022
2026-07-21T16:04:05.048,20.3857,4.5564,3.4302
2026-07-21T16:04:05.048,20.3936,4.1844,3.6455
2026-07-21T16:04:05.066,20.4193,4.4781,4.1351
2026-07-21T16:04:05.079,20.4193,4.7718,3.7434
2026-07-21T16:04:05.079,20.4266,4.439,3.6455
2026-07-21T16:04:05.092,20.4517,4.1452,3.5476
2026-07-21T16:04:05.113,20.4517,4.576,3.8414
2026-07-21T16:04:05.113,20.4602,4.8697,3.7434
2026-07-21T16:04:05.120,20.466,4.439,3.5281
2026-07-21T16:04:05.145,20.4888,4.1648,3.4497
2026-07-21T16:04:05.145,20.4963,4.2432,3.6064
2026-07-21T16:04:05.154,20.4998,4.1452,3.6455
2026-07-21T16:04:05.160,20.5422,4.2823,3.1364
2026-07-21T16:04:05.182,20.5518,4.2823,4.0372
2026-07-21T16:04:05.182,20.5518,5.1439,7.7379
2026-07-21T16:04:05.193,20.5622,6.2795,14.5324
2026-07-21T16:04:05.206,20.5803,8.0222,22.2668
2026-07-21T16:04:05.232,20.6193,9.0992,29.8838
2026-07-21T16:04:05.232,20.6253,10.0586,36.4825
2026-07-21T16:04:05.232,20.6253,11.4489,42.3175
2026-07-21T16:04:05.245,20.6253,12.7608,47.6044
2026-07-21T16:04:05.256,20.6425,13.8377,52.8128
2026-07-21T16:04:05.256,20.6425,15.2867,58.3738
2026-07-21T16:04:05.274,20.6572,17.421,63.0927
2026-07-21T16:04:05.276,20.6572,18.8308,66.8131
2026-07-21T16:04:05.309,20.6973,20.1231,69.946
2026-07-21T16:04:05.309,20.6973,20.7889,73.3335
2026-07-21T16:04:05.313,20.7078,21.9833,75.1349
2026-07-21T16:04:05.319,20.7119,22.6686,76.8188
2026-07-21T16:04:05.335,20.7119,23.6085,78.2287
2026-07-21T16:04:05.336,20.7119,23.7652,80.0497
2026-07-21T16:04:05.351,20.727,24.5484,80.7937
2026-07-21T16:04:05.369,20.753,24.6659,81.2049
2026-07-21T16:04:05.383,20.753,25.1162,81.2441
2026-07-21T16:04:05.383,20.753,24.9792,82.2427
2026-07-21T16:04:05.399,20.7706,25.8995,82.9476
2026-07-21T16:04:05.424,20.7726,25.4883,83.3197
2026-07-21T16:04:05.425,20.7726,25.4883,83.5938
2026-07-21T16:04:05.425,20.7726,25.7428,84.1616
2026-07-21T16:04:05.437,20.8097,26.2715,84.5532
2026-07-21T16:04:05.447,20.8158,26.4282,84.5728
2026-07-21T16:04:05.447,20.8158,26.1736,83.633
2026-07-21T16:04:05.466,20.8185,25.7624,83.4371
2026-07-21T16:04:05.473,20.8185,25.8995,83.2805
2026-07-21T16:04:05.496,20.8621,25.7232,82.5952
2026-07-21T16:04:05.496,20.8649,25.5666,82.791
2026-07-21T16:04:05.503,20.8649,25.7428,83.8092
2026-07-21T16:04:05.512,20.8649,26.154,84.0246
2026-07-21T16:04:05.512,20.8649,26.154,83.8092
2026-07-21T16:04:05.547,20.8977,26.2715,83.3197
2026-07-21T16:04:05.547,20.8977,25.8211,83.0651
2026-07-21T16:04:05.556,20.9125,26.017,82.7518
2026-07-21T16:04:05.558,20.919,25.8407,82.791
2026-07-21T16:04:05.575,20.9439,25.782,82.9672
2026-07-21T16:04:05.575,20.952,25.9974,83.8875
2026-07-21T16:04:05.591,20.952,26.3694,83.7504
2026-07-21T16:04:05.606,20.9597,26.4869,83.0455
2026-07-21T16:04:05.613,20.9597,26.8393,82.4385
2026-07-21T16:04:05.637,20.9966,26.6435,81.9686
2026-07-21T16:04:05.637,20.9981,26.5652,81.3812
2026-07-21T16:04:05.644,20.9981,26.8002,82.0665
2026-07-21T16:04:05.653,21.0062,27.2897,83.5155
2026-07-21T16:04:05.682,21.0392,27.368,84.24
2026-07-21T16:04:05.682,21.0392,27.8575,84.0441
2026-07-21T16:04:05.682,21.0392,27.9555,82.9868
2026-07-21T16:04:05.698,21.0392,27.8184,82.321
2026-07-21T16:04:05.703,21.0392,27.1135,81.6945
2026-07-21T16:04:05.717,21.0814,27.368,82.8106
2026-07-21T16:04:05.727,21.0814,27.8184,83.9267
2026-07-21T16:04:05.733,21.0889,27.6617,83.8875
2026-07-21T16:04:05.733,21.0929,27.4072,83.4371
2026-07-21T16:04:05.766,21.1186,27.7596,83.5546
2026-07-21T16:04:05.766,21.1186,28.2296,83.4371
2026-07-21T16:04:05.775,21.1186,27.8771,83.0064
2026-07-21T16:04:05.784,21.1346,27.6422,83.0455
2026-07-21T16:04:05.812,21.1665,27.9555,84.4945
2026-07-21T16:04:05.812,21.1676,28.5037,85.2582
2026-07-21T16:04:05.812,21.1676,28.1121,85.3756
2026-07-21T16:04:05.812,21.1676,28.3079,85.3756
2026-07-21T16:04:05.831,21.1823,28.3471,86.1393
2026-07-21T16:04:05.844,21.2147,28.4058,85.6498
2026-07-21T16:04:05.856,21.2147,28.21,85.5323
2026-07-21T16:04:05.861,21.218,28.0925,85.3169
2026-07-21T16:04:05.861,21.22,28.21,85.5127
2026-07-21T16:04:05.887,21.2565,28.3666,85.2777
2026-07-21T16:04:05.902,21.2565,28.1904,86.1784
2026-07-21T16:04:05.902,21.2565,28.3275,86.5505
2026-07-21T16:04:05.914,21.2615,28.3862,87.2554
2026-07-21T16:04:05.923,21.2991,28.0534,85.8456
2026-07-21T16:04:05.943,21.2991,27.8771,85.6693
2026-07-21T16:04:05.943,21.2991,28.2687,86.5701
2026-07-21T16:04:05.955,21.2991,28.2492,87.2162
2026-07-21T16:04:05.964,21.3431,28.8757,87.1379
2026-07-21T16:04:05.987,21.3468,28.6016,87.0008
2026-07-21T16:04:05.987,21.3468,28.5429,86.2176
2026-07-21T16:04:05.993,21.3524,27.8771,86.6288
2026-07-21T16:04:06.003,21.3581,28.3666,86.5701
2026-07-21T16:04:06.033,21.3882,28.2492,86.6092
2026-07-21T16:04:06.033,21.3882,28.582,86.9617
2026-07-21T16:04:06.035,21.3882,28.6995,87.9211
2026-07-21T16:04:06.042,21.3882,29.3065,88.019
2026-07-21T16:04:06.054,21.4285,29.3457,87.9211
2026-07-21T16:04:06.071,21.4305,29.1695,87.9603
2026-07-21T16:04:06.075,21.4305,28.7778,88.0386
2026-07-21T16:04:06.082,21.437,29.2674,87.7449
2026-07-21T16:04:06.093,21.4445,29.2086,87.3925
2026-07-21T16:04:06.114,21.4676,28.9541,87.3337
2026-07-21T16:04:06.114,21.4676,28.8562,87.5491
2026-07-21T16:04:06.124,21.4833,29.1499,87.6274
2026-07-21T16:04:06.131,21.4894,29.189,86.9617
2026-07-21T16:04:06.161,21.5178,28.9737,87.0596
2026-07-21T16:04:06.161,21.5178,28.3666,86.5701
2026-07-21T16:04:06.161,21.5178,28.1904,86.6092
2026-07-21T16:04:06.161,21.5321,28.9149,86.5113
2026-07-21T16:04:06.187,21.5321,28.3862,86.9029
2026-07-21T16:04:06.211,21.5716,28.445,86.3351
2026-07-21T16:04:06.211,21.5716,28.6408,86.1001
2026-07-21T16:04:06.211,21.5736,28.8757,85.7281
2026-07-21T16:04:06.211,21.5792,28.8366,85.6106
2026-07-21T16:04:06.226,21.5792,28.582,84.8274
2026-07-21T16:04:06.258,21.6143,28.3471,85.219
2026-07-21T16:04:06.261,21.6163,28.8757,85.1015
2026-07-21T16:04:06.263,21.6183,28.4841,85.1798
2026-07-21T16:04:06.273,21.6273,28.2296,84.5924
2026-07-21T16:04:06.289,21.6591,28.21,84.0637
2026-07-21T16:04:06.305,21.6611,28.445,83.5938
2026-07-21T16:04:06.305,21.6616,28.7191,83.2609
2026-07-21T16:04:06.312,21.6656,27.5443,83.0259
2026-07-21T16:04:06.321,21.6717,27.6226,84.1029
2026-07-21T16:04:06.337,21.7008,28.3079,84.4358
2026-07-21T16:04:06.349,21.7008,28.2492,83.8092
2026-07-21T16:04:06.355,21.7076,27.8967,82.9085
2026-07-21T16:04:06.365,21.7076,27.8184,82.7322
2026-07-21T16:04:06.387,21.7425,28.1513,82.791
2026-07-21T16:04:06.388,21.7445,28.1513,82.556
2026-07-21T16:04:06.394,21.7465,27.6226,83.0455
2026-07-21T16:04:06.401,21.7546,27.975,83.6721
2026-07-21T16:04:06.431,21.7865,28.1513,83.9658
2026-07-21T16:04:06.432,21.7865,28.4058,83.4176
2026-07-21T16:04:06.434,21.7865,27.7401,82.6931
2026-07-21T16:04:06.444,21.7865,27.5443,82.7127
2026-07-21T16:04:06.458,21.8218,27.9359,83.163
2026-07-21T16:04:06.469,21.8218,27.9359,83.4176
2026-07-21T16:04:06.469,21.8218,27.5247,83.8483
2026-07-21T16:04:06.480,21.8375,27.1331,84.3966
2026-07-21T16:04:06.480,21.8375,27.7596,84.0246
2026-07-21T16:04:06.515,21.8747,27.6226,83.4371
2026-07-21T16:04:06.515,21.8747,27.8184,82.5756
2026-07-21T16:04:06.529,21.8818,27.368,83.398
2026-07-21T16:04:06.531,21.8858,27.7792,83.9462
2026-07-21T16:04:06.559,21.9132,27.8967,83.6721
2026-07-21T16:04:06.559,21.9132,27.7009,83.3588
2026-07-21T16:04:06.559,21.9132,27.0939,83.6525
2026-07-21T16:04:06.574,21.9132,27.6617,83.4371
2026-07-21T16:04:06.583,21.9533,27.975,82.8889
2026-07-21T16:04:06.607,21.9611,27.838,82.4973
2026-07-21T16:04:06.607,21.9611,26.761,82.6343
2026-07-21T16:04:06.607,21.9611,27.2897,82.4385
2026-07-21T16:04:06.623,21.9611,27.4072,82.7322
2026-07-21T16:04:06.647,22.002,27.3093,82.8889
2026-07-21T16:04:06.647,22.002,27.0939,83.6134
2026-07-21T16:04:06.655,22.0088,27.4072,83.9267
2026-07-21T16:04:06.655,22.0088,27.4855,83.535
2026-07-21T16:04:06.671,22.0468,26.8785,82.5168
2026-07-21T16:04:06.686,22.0509,26.2911,82.1448
2026-07-21T16:04:06.686,22.0509,26.5652,82.7714
2026-07-21T16:04:06.702,22.0585,26.8002,82.8106
2026-07-21T16:04:06.702,22.0585,26.5456,83.2413
2026-07-21T16:04:06.718,22.0876,26.3107,83.5742
2026-07-21T16:04:06.738,22.0954,26.5456,83.8092
2026-07-21T16:04:06.744,22.0954,26.7023,83.0847
2026-07-21T16:04:06.752,22.1036,26.2519,82.7322
2026-07-21T16:04:06.766,22.1356,26.2519,82.9672
2026-07-21T16:04:06.781,22.1356,26.3302,83.9462
2026-07-21T16:04:06.781,22.1356,26.5261,83.2413
2026-07-21T16:04:06.796,22.1453,26.4477,83.0064
2026-07-21T16:04:06.797,22.1534,26.2323,83.2022
2026-07-21T16:04:06.822,22.1832,26.761,83.3392
2026-07-21T16:04:06.822,22.1832,26.3302,82.5168
2026-07-21T16:04:06.829,22.1904,25.9582,82.0273
2026-07-21T16:04:06.847,22.1993,26.017,82.1644
2026-07-21T16:04:06.850,22.2214,26.5065,82.7518
2026-07-21T16:04:06.863,22.2214,26.5261,83.2609
2026-07-21T16:04:06.863,22.231,26.761,82.9868
2026-07-21T16:04:06.884,22.231,26.3498,83.0064
2026-07-21T16:04:06.893,22.231,26.389,82.928
2026-07-21T16:04:06.896,22.2741,26.0953,82.3994
2026-07-21T16:04:06.915,22.2741,26.1344,82.0273
2026-07-21T16:04:06.915,22.2788,26.0561,82.2819
2026-07-21T16:04:06.925,22.2788,26.2715,82.9476
2026-07-21T16:04:06.964,22.3107,26.5261,83.1434
2026-07-21T16:04:06.964,22.3107,26.6044,83.0651
2026-07-21T16:04:06.964,22.3107,26.2323,82.928
2026-07-21T16:04:06.972,22.3107,26.4477,82.3994
2026-07-21T16:04:06.988,22.3482,26.154,81.5182
2026-07-21T16:04:07.004,22.3539,25.8995,81.1462
2026-07-21T16:04:07.004,22.3539,26.0365,81.9294
2026-07-21T16:04:07.004,22.3587,26.4869,82.9868
2026-07-21T16:04:07.020,22.3901,26.9373,82.8693
2026-07-21T16:04:07.042,22.3901,26.4673,82.5364
2026-07-21T16:04:07.042,22.3952,26.3107,82.6148
2026-07-21T16:04:07.052,22.4033,26.2715,82.1448
2026-07-21T16:04:07.077,22.4219,26.2128,81.577
2026-07-21T16:04:07.077,22.4219,26.0757,81.577
2026-07-21T16:04:07.084,22.4377,26.2128,81.5574
2026-07-21T16:04:07.097,22.4462,26.154,82.1057
2026-07-21T16:04:07.099,22.4483,26.389,81.8511
2026-07-21T16:04:07.115,22.4741,26.1344,81.8119
2026-07-21T16:04:07.115,22.4741,26.0561,81.1266
2026-07-21T16:04:07.138,22.4816,25.3904,80.8916
2026-07-21T16:04:07.144,22.5086,25.8211,80.2651
2026-07-21T16:04:07.164,22.5145,25.7037,80.1672
2026-07-21T16:04:07.168,22.5175,25.4491,79.6189
2026-07-21T16:04:07.175,22.5215,25.1162,80.5784
2026-07-21T16:04:07.202,22.5545,25.8995,80.8133
2026-07-21T16:04:07.202,22.5545,25.5862,80.5196
2026-07-21T16:04:07.208,22.5566,25.175,79.9518
2026-07-21T16:04:07.216,22.5566,24.8225,79.9713
2026-07-21T16:04:07.230,22.5893,25.5079,79.1098
2026-07-21T16:04:07.243,22.5924,25.6253,79.2469
2026-07-21T16:04:07.246,22.5962,25.1554,79.5406
2026-07-21T16:04:07.250,22.6012,25.0771,80.2063
2026-07-21T16:04:07.269,22.6247,25.4883,80.6567
2026-07-21T16:04:07.277,22.6302,25.4883,79.9909
2026-07-21T16:04:07.284,22.6302,25.1358,79.3448
2026-07-21T16:04:07.295,22.6302,24.9596,78.7573
2026-07-21T16:04:07.311,22.6698,25.2729,78.5224
2026-07-21T16:04:07.311,22.6698,25.3708,78.4636
2026-07-21T16:04:07.324,22.6758,24.9988,78.9336
2026-07-21T16:04:07.338,22.7074,24.8225,78.9336
2026-07-21T16:04:07.359,22.7094,25.1358,79.3252
2026-07-21T16:04:07.359,22.7094,25.547,78.9531
2026-07-21T16:04:07.367,22.7094,25.0575,78.5028
2026-07-21T16:04:07.369,22.7094,24.7246,78.3266
2026-07-21T16:04:07.398,22.7476,25.2533,78.3853
2026-07-21T16:04:07.398,22.7476,25.5274,78.4245
2026-07-21T16:04:07.403,22.7516,25.3316,78.2874
2026-07-21T16:04:07.403,22.7547,24.9596,78.6399
2026-07-21T16:04:07.433,22.7849,25.3512,78.9923
2026-07-21T16:04:07.437,22.7864,25.6841,78.8161
2026-07-21T16:04:07.443,22.7884,25.175,78.072
2026-07-21T16:04:07.454,22.8244,24.7442,77.8762
2026-07-21T16:04:07.473,22.8292,25.2925,78.072
2026-07-21T16:04:07.473,22.8292,25.5274,77.8175
2026-07-21T16:04:07.482,22.8347,24.8225,77.4063
2026-07-21T16:04:07.498,22.8661,24.8617,77.8175
2026-07-21T16:04:07.516,22.8661,25.1554,78.8357
2026-07-21T16:04:07.516,22.8661,25.3708,79.893
2026-07-21T16:04:07.527,22.8661,25.2337,79.3252
2026-07-21T16:04:07.528,22.882,24.9009,79.6581
2026-07-21T16:04:07.557,22.9139,25.175,80.3825
2026-07-21T16:04:07.557,22.9139,25.3904,80.4217
2026-07-21T16:04:07.560,22.9139,25.3512,80.4021
2026-07-21T16:04:07.576,22.9139,25.0967,80.5196
2026-07-21T16:04:07.591,22.9616,24.8421,80.4217
2026-07-21T16:04:07.591,22.9616,25.1946,80.3434
2026-07-21T16:04:07.599,22.9616,25.0771,79.756
2026-07-21T16:04:07.607,22.9616,24.6659,79.7168
2026-07-21T16:04:07.623,22.9774,24.5484,80.9112
2026-07-21T16:04:07.651,23.0086,25.0967,80.9895
2026-07-21T16:04:07.651,23.0086,25.0575,80.7546
2026-07-21T16:04:07.655,23.0086,25.0379,80.0888
2026-07-21T16:04:07.668,23.0086,24.8225,80.363
2026-07-21T16:04:07.683,23.0505,25.1946,79.1881
2026-07-21T16:04:07.696,23.0551,25.1162,79.0119
2026-07-21T16:04:07.696,23.0568,24.9009,79.4231
2026-07-21T16:04:07.702,23.0568,24.6267,80.4804
2026-07-21T16:04:07.702,23.0568,25.2925,80.5979
2026-07-21T16:04:07.718,23.1037,25.2533,80.3238
2026-07-21T16:04:07.737,23.1037,25.0771,79.2273
2026-07-21T16:04:07.746,23.1097,25.0183,79.893
2026-07-21T16:04:07.750,23.1138,25.1946,79.286
2026-07-21T16:04:07.772,23.1552,25.0575,79.9126
2026-07-21T16:04:07.783,23.1552,25.312,80.6763
2026-07-21T16:04:07.783,23.1552,25.0771,81.6357
2026-07-21T16:04:07.797,23.1552,25.5274,81.6749
2026-07-21T16:04:07.807,23.1674,25.6253,80.97
2026-07-21T16:04:07.816,23.1674,25.4687,80.4609
2026-07-21T16:04:07.845,23.2063,25.2337,80.6175
2026-07-21T16:04:07.845,23.2063,24.9596,81.0287
2026-07-21T16:04:07.845,23.2101,25.5079,81.7728
2026-07-21T16:04:07.849,23.215,25.41,82.1644
2026-07-21T16:04:07.861,23.215,25.1554,82.321
2026-07-21T16:04:07.895,23.2553,25.4883,82.3602
2026-07-21T16:04:07.895,23.2553,25.9778,82.4973
2026-07-21T16:04:07.895,23.2553,25.41,82.0861
2026-07-21T16:04:07.909,23.2623,24.7834,82.0469
2026-07-21T16:04:07.909,23.2623,25.0379,82.7127
2026-07-21T16:04:07.926,23.3002,25.4687,81.9686
2026-07-21T16:04:07.940,23.3043,25.175,81.577
2026-07-21T16:04:07.949,23.3088,25.0967,81.3224
2026-07-21T16:04:07.956,23.3103,25.3512,81.8903
2026-07-21T16:04:07.956,23.3103,25.4491,81.6357
2026-07-21T16:04:07.972,23.3421,25.1358,81.1658
2026-07-21T16:04:07.990,23.3555,24.5876,80.6763
2026-07-21T16:04:07.998,23.3581,24.9204,81.1462
2026-07-21T16:04:08.004,23.3581,25.1358,80.7742
2026-07-21T16:04:08.013,23.3895,24.8225,80.1476
2026-07-21T16:04:08.036,23.3895,24.5288,80.363
2026-07-21T16:04:08.036,23.3895,24.5484,80.5196
2026-07-21T16:04:08.036,23.407,24.7442,80.5196
2026-07-21T16:04:08.052,23.407,24.4113,80.2259
2026-07-21T16:04:08.083,23.445,24.2547,79.7168
2026-07-21T16:04:08.083,23.445,24.3722,80.4217
2026-07-21T16:04:08.083,23.445,24.7246,80.5
2026-07-21T16:04:08.083,23.4559,24.6659,80.6567
2026-07-21T16:04:08.101,23.4559,24.4113,79.9909
2026-07-21T16:04:08.115,23.4859,24.5876,79.8734
2026-07-21T16:04:08.131,23.4859,24.333,79.6385
2026-07-21T16:04:08.131,23.4859,24.3526,79.6189
2026-07-21T16:04:08.139,23.5008,24.3134,80.0301
2026-07-21T16:04:08.149,23.5072,24.4701,80.735
2026-07-21T16:04:08.179,23.5331,24.6463,81.0287
2026-07-21T16:04:08.179,23.5331,24.8421,80.735
2026-07-21T16:04:08.179,23.5331,24.705,80.3042
2026-07-21T16:04:08.194,23.5478,24.5092,80.5588
2026-07-21T16:04:08.201,23.5559,24.7638,80.7154
2026-07-21T16:04:08.227,23.5964,24.6855,80.0497
2026-07-21T16:04:08.227,23.5976,24.3526,79.4231
2026-07-21T16:04:08.227,23.5976,24.1176,79.7168
2026-07-21T16:04:08.241,23.5976,24.4701,79.756
2026-07-21T16:04:08.249,23.6119,24.2547,79.1294
2026-07-21T16:04:08.274,23.6455,23.9806,78.7378
2026-07-21T16:04:08.274,23.6455,23.8239,78.072
2026-07-21T16:04:08.289,23.6455,23.8435,77.4846
2026-07-21T16:04:08.291,23.6455,23.8239,76.5447
2026-07-21T16:04:08.306,23.6591,23.6085,76.7601
2026-07-21T16:04:08.334,23.7163,23.4323,77.0734
2026-07-21T16:04:08.334,23.7163,23.7064,77.6804
2026-07-21T16:04:08.339,23.7183,23.8435,77.6021
2026-07-21T16:04:08.339,23.7224,23.491,77.3867
2026-07-21T16:04:08.357,23.7224,23.6085,77.23
2026-07-21T16:04:08.402,23.7601,23.4519,77.1909
2026-07-21T16:04:08.402,23.7621,23.6281,76.3685
2026-07-21T16:04:08.402,23.7621,23.3344,76.9951
2026-07-21T16:04:08.402,23.7641,23.5889,77.2888
2026-07-21T16:04:08.410,23.7682,23.5889,77.4454
2026-07-21T16:04:08.416,23.7699,23.7847,77.6217
2026-07-21T16:04:08.416,23.8016,23.3931,76.9951
2026-07-21T16:04:08.450,23.8016,23.1582,76.1923
2026-07-21T16:04:08.450,23.8016,23.1777,75.9573
2026-07-21T16:04:08.454,23.8079,23.5302,75.1153
2026-07-21T16:04:08.463,23.8177,22.9036,74.5671
2026-07-21T16:04:08.490,23.8502,22.4533,74.1559
2026-07-21T16:04:08.490,23.8514,22.7274,74.7041
2026-07-21T16:04:08.495,23.8534,22.8449,74.8804
2026-07-21T16:04:08.501,23.8605,22.7861,74.3125
2026-07-21T16:04:08.538,23.8913,21.905,73.7838
2026-07-21T16:04:08.538,23.8913,21.8854,73.451
2026-07-21T16:04:08.538,23.8933,22.1791,73.5489
2026-07-21T16:04:08.547,23.8978,22.5707,73.4118
2026-07-21T16:04:08.560,23.9018,21.905,73.6468
2026-07-21T16:04:08.574,23.9322,22.0421,74.2538
2026-07-21T16:04:08.574,23.9322,22.2966,74.5866
2026-07-21T16:04:08.589,23.9342,22.0029,74.4692
2026-07-21T16:04:08.593,23.9382,22.0616,74.5083
2026-07-21T16:04:08.612,23.9607,21.8071,74.7433
2026-07-21T16:04:08.612,23.9607,22.5316,74.8608
2026-07-21T16:04:08.626,23.9757,22.1008,75.2132
2026-07-21T16:04:08.634,23.9829,21.8267,75.6048
2026-07-21T16:04:08.654,24.0089,21.7288,75.8594
2026-07-21T16:04:08.654,24.0089,21.6504,75.1153
2026-07-21T16:04:08.654,24.0089,19.9078,73.216
2026-07-21T16:04:08.674,24.0238,19.3008,72.139
2026-07-21T16:04:08.698,24.0555,18.9875,72.0607
2026-07-21T16:04:08.698,24.057,19.614,72.4719
2026-07-21T16:04:08.702,24.058,19.6532,73.3531
2026-07-21T16:04:08.702,24.058,19.1637,73.1768
2026-07-21T16:04:08.731,24.0979,19.3008,73.8622
2026-07-21T16:04:08.743,24.1,20.0252,73.6859
2026-07-21T16:04:08.743,24.102,19.8686,73.1181
2026-07-21T16:04:08.752,24.103,19.3008,72.0803
2026-07-21T16:04:08.765,24.1347,19.1245,72.5698
2026-07-21T16:04:08.776,24.1347,20.456,73.9013
2026-07-21T16:04:08.785,24.1347,20.6518,74.5083
2026-07-21T16:04:08.796,24.1347,20.319,74.1754
2026-07-21T16:04:08.803,24.1549,20.0644,74.4887
2026-07-21T16:04:08.828,24.1824,20.8085,74.3713
2026-07-21T16:04:08.828,24.1844,20.7889,74.5083
2026-07-21T16:04:08.828,24.1885,20.9455,74.3713
2026-07-21T16:04:08.848,24.1933,20.6127,75.2915
2026-07-21T16:04:08.867,24.2151,21.4155,75.7027
2026-07-21T16:04:08.867,24.2151,21.5134,76.1335
2026-07-21T16:04:08.876,24.2151,21.3372,76.3097
2026-07-21T16:04:08.886,24.2297,21.2588,76.7014
2026-07-21T16:04:08.892,24.2613,21.5721,76.5839
2026-07-21T16:04:08.909,24.262,21.7484,76.1139
2026-07-21T16:04:08.909,24.264,21.3763,75.9965
2026-07-21T16:04:08.923,24.2722,21.3959,76.6426
2026-07-21T16:04:08.951,24.2933,22.0225,77.4454
2026-07-21T16:04:08.952,24.2933,22.1791,77.4063
2026-07-21T16:04:08.953,24.2933,21.8267,77.5238
2026-07-21T16:04:08.968,24.3098,21.7679,77.8762
2026-07-21T16:04:08.987,24.3409,21.9833,77.9154
2026-07-21T16:04:08.987,24.3409,21.8071,76.7993
2026-07-21T16:04:08.987,24.3409,21.3959,76.4664
2026-07-21T16:04:09.003,24.3409,21.5525,76.623
2026-07-21T16:04:09.020,24.3794,21.7875,77.4846
2026-07-21T16:04:09.020,24.3815,21.9246,77.5238
2026-07-21T16:04:09.034,24.386,21.4742,77.6217
2026-07-21T16:04:09.034,24.388,21.5917,77.5042
2026-07-21T16:04:09.051,24.4198,21.5525,77.6021
2026-07-21T16:04:09.066,24.4208,22.1008,76.7993
2026-07-21T16:04:09.078,24.4208,21.905,77.0538
2026-07-21T16:04:09.082,24.4359,21.7679,77.4063
2026-07-21T16:04:09.107,24.4629,21.8854,78.6203
2026-07-21T16:04:09.107,24.4629,22.3945,78.679
2026-07-21T16:04:09.114,24.4679,21.9833,79.1294
2026-07-21T16:04:09.128,24.4679,22.0812,78.6594
2026-07-21T16:04:09.140,24.4996,22.0225,78.444
2026-07-21T16:04:09.151,24.4996,22.2966,77.5238
2026-07-21T16:04:09.154,24.4996,22.0812,77.3671
2026-07-21T16:04:09.161,24.5162,21.9637,77.23
2026-07-21T16:04:09.180,24.5445,21.4938,78.1503
2026-07-21T16:04:09.193,24.5465,21.8463,78.3853
2026-07-21T16:04:09.193,24.5475,21.7484,77.9741
2026-07-21T16:04:09.204,24.5572,21.5917,77.5825
2026-07-21T16:04:09.234,24.5808,21.6113,78.2482
2026-07-21T16:04:09.234,24.5808,22.6295,78.2874
2026-07-21T16:04:09.238,24.5808,22.3358,78.3853
2026-07-21T16:04:09.251,24.5994,22.2183,79.2273
2026-07-21T16:04:09.257,24.6034,21.905,80.128
2026-07-21T16:04:09.274,24.6277,22.3358,79.7755
2026-07-21T16:04:09.274,24.6277,22.0616,78.7965
2026-07-21T16:04:09.274,24.6372,21.8854,78.2091
2026-07-21T16:04:09.293,24.6392,21.7092,78.1699
2026-07-21T16:04:09.321,24.6699,22.1595,78.2678
2026-07-21T16:04:09.321,24.6699,22.277,78.542
2026-07-21T16:04:09.321,24.6766,22.0225,78.6399
2026-07-21T16:04:09.337,24.6766,21.7875,79.2469
2026-07-21T16:04:09.337,24.7112,22.1987,79.1294
2026-07-21T16:04:09.352,24.7112,22.1008,78.1503
2026-07-21T16:04:09.363,24.7112,21.6896,77.8958
2026-07-21T16:04:09.370,24.7229,21.1218,77.1517
2026-07-21T16:04:09.389,24.7543,20.7106,77.0342
2026-07-21T16:04:09.399,24.7563,20.691,76.8384
2026-07-21T16:04:09.405,24.7594,20.319,76.7209
2026-07-21T16:04:09.416,24.7688,19.9861,76.4664
2026-07-21T16:04:09.443,24.7985,20.4364,77.1517
2026-07-21T16:04:09.443,24.7985,20.8476,76.7014
2026-07-21T16:04:09.448,24.7985,20.5539,76.016
2026-07-21T16:04:09.461,24.8116,20.1427,75.5265
2026-07-21T16:04:09.466,24.8177,21.1609,76.2902
2026-07-21T16:04:09.472,24.8453,21.1609,76.0552
2026-07-21T16:04:09.486,24.8453,20.8476,75.2524
2026-07-21T16:04:09.492,24.8453,20.4756,75.7027
2026-07-21T16:04:09.508,24.8576,20.9847,75.4286
2026-07-21T16:04:09.534,24.8801,20.7693,74.8216
2026-07-21T16:04:09.534,24.8801,20.691,74.4692
2026-07-21T16:04:09.534,24.8801,20.6714,75.0174
2026-07-21T16:04:09.539,24.8952,20.8476,75.7223
2026-07-21T16:04:09.555,24.9245,21.3763,76.1139
2026-07-21T16:04:09.559,24.9245,20.6518,75.5853
2026-07-21T16:04:09.574,24.9245,20.3777,75.6636
2026-07-21T16:04:09.586,24.9245,20.8672,75.3699
2026-07-21T16:04:09.602,24.9578,21.1022,75.2132
2026-07-21T16:04:09.618,24.9722,20.8281,74.8412
2026-07-21T16:04:09.618,24.9722,20.3777,75.7027
2026-07-21T16:04:09.618,24.9722,20.9455,76.016
2026-07-21T16:04:09.636,24.9858,21.0826,76.1923
2026-07-21T16:04:09.651,25.0145,20.7302,75.6048
2026-07-21T16:04:09.651,25.0145,20.3777,75.0174
2026-07-21T16:04:09.666,25.0201,20.691,74.6062
2026-07-21T16:04:09.666,25.0201,21.0434,74.4887
2026-07-21T16:04:09.698,25.0517,21.1413,74.5083
2026-07-21T16:04:09.698,25.0517,20.6518,75.2328
2026-07-21T16:04:09.708,25.0578,20.7497,76.1139
2026-07-21T16:04:09.714,25.0676,20.7889,76.0356
2026-07-21T16:04:09.732,25.0996,20.691,75.037
2026-07-21T16:04:09.742,25.0996,20.4364,73.9209
2026-07-21T16:04:09.742,25.0996,20.3777,73.7251
2026-07-21T16:04:09.751,25.0996,20.6518,74.0971
2026-07-21T16:04:09.761,25.1328,20.7106,74.1559
2026-07-21T16:04:09.786,25.1328,20.4169,74.5083
2026-07-21T16:04:09.786,25.1328,20.6518,74.8999
2026-07-21T16:04:09.793,25.1473,20.5343,74.4496
2026-07-21T16:04:09.806,25.1473,20.5539,73.4705
2026-07-21T16:04:09.826,25.1802,20.2015,72.7656
2026-07-21T16:04:09.826,25.1802,20.2602,72.9614
2026-07-21T16:04:09.826,25.1802,20.5931,73.1181
2026-07-21T16:04:09.841,25.195,20.6322,72.4132
2026-07-21T16:04:09.857,25.2266,20.0448,71.6495
2026-07-21T16:04:09.874,25.2266,20.0448,71.3558
2026-07-21T16:04:09.874,25.2266,19.9861,69.5935
2026-07-21T16:04:09.889,25.2426,19.6728,67.2047
2026-07-21T16:04:09.889,25.2759,18.7525,63.5431
2026-07-21T16:04:09.907,25.278,17.793,60.0773
2026-07-21T16:04:09.907,25.278,17.8909,58.0801
2026-07-21T16:04:09.920,25.2842,18.0084,57.3164
2026-07-21T16:04:09.936,25.2923,17.7539,57.5905
2026-07-21T16:04:09.953,25.3262,17.4993,59.0591
2026-07-21T16:04:09.966,25.3291,18.2042,59.8032
2026-07-21T16:04:09.966,25.3291,18.2826,59.999
2026-07-21T16:04:09.978,25.3291,18.3609,59.764
2026-07-21T16:04:09.988,25.3372,18.263,60.7039
2026-07-21T16:04:09.999,25.3626,19.1245,62.192
2026-07-21T16:04:10.016,25.3692,19.5945,64.0522
2026-07-21T16:04:10.016,25.3692,19.6336,65.6774
2026-07-21T16:04:10.023,25.3692,19.5945,67.9096
2026-07-21T16:04:10.045,25.4008,20.1427,68.125
2026-07-21T16:04:10.056,25.414,20.1036,67.0676
2026-07-21T16:04:10.056,25.414,19.849,65.3837
2026-07-21T16:04:10.063,25.4165,19.4574,64.2872
2026-07-21T16:04:10.076,25.4165,19.4378,62.4857
2026-07-21T16:04:10.079,25.4572,18.9483,60.5668
2026-07-21T16:04:10.094,25.4572,18.028,57.1402
2026-07-21T16:04:10.094,25.4607,16.6769,53.9094
2026-07-21T16:04:10.110,25.4642,16.1874,49.6212
2026-07-21T16:04:10.127,25.4958,14.9147,45.2742
2026-07-21T16:04:10.142,25.5116,14.2098,42.435
2026-07-21T16:04:10.142,25.5144,14.151,43.5511
2026-07-21T16:04:10.158,25.5144,15.1105,45.0393
2026-07-21T16:04:10.158,25.5144,14.9734,45.4309
2026-07-21T16:04:10.189,25.5469,14.8168,45.0393
2026-07-21T16:04:10.189,25.5469,14.7384,43.8057
2026-07-21T16:04:10.189,25.5588,14.4056,42.0826
2026-07-21T16:04:10.208,25.5749,14.0923,39.4
2026-07-21T16:04:10.208,25.5749,13.172,36.2475
2026-07-21T16:04:10.237,25.6147,12.0755,32.9188
2026-07-21T16:04:10.240,25.6238,11.2531,28.8851
2026-07-21T16:04:10.240,25.6238,9.9803,23.7746
2026-07-21T16:04:10.268,25.6391,8.1201,18.0374
2026-07-21T16:04:10.268,25.6391,6.6907,12.5548
2026-07-21T16:04:10.268,25.6546,5.046,9.324
2026-07-21T16:04:10.284,25.6591,4.9089,6.6218
2026-07-21T16:04:10.308,25.7064,4.6348,5.1924
2026-07-21T16:04:10.308,25.7085,4.7523,5.2512
2026-07-21T16:04:10.317,25.7256,4.8893,5.4861
2026-07-21T16:04:10.317,25.7261,5.2418,5.1728
2026-07-21T16:04:10.333,25.7392,4.9285,4.8987
2026-07-21T16:04:10.333,25.7412,5.0655,4.8204
2026-07-21T16:04:10.353,25.7492,5.4572,5.212
2026-07-21T16:04:10.391,25.7928,5.9271,5.2316
2026-07-21T16:04:10.394,25.7928,5.7117,4.8987
2026-07-21T16:04:10.400,25.7959,5.6921,4.7421
2026-07-21T16:04:10.400,25.7979,5.7704,5.2512
2026-07-21T16:04:10.420,25.8019,6.2012,5.0749
2026-07-21T16:04:10.420,25.8019,6.0446,5.0945
2026-07-21T16:04:10.433,25.806,5.9858,4.7029
2026-07-21T16:04:10.443,25.81,5.7509,5.0945
2026-07-21T16:04:10.448,25.8118,6.4558,5.0162
2026-07-21T16:04:10.465,25.8443,6.0837,4.9379
2026-07-21T16:04:10.478,25.8443,6.0837,4.8791
2026-07-21T16:04:10.478,25.8443,5.8879,5.1924
2026-07-21T16:04:10.489,25.8443,6.1621,5.1728
2026-07-21T16:04:10.498,25.8443,6.2012,5.2316
2026-07-21T16:04:10.509,25.8595,6.025,4.7225
2026-07-21T16:04:10.535,25.8918,5.79,5.0162
2026-07-21T16:04:10.535,25.8918,6.0837,5.1728
2026-07-21T16:04:10.535,25.8918,6.3187,5.0358
2026-07-21T16:04:10.538,25.8918,6.1621,4.9379
2026-07-21T16:04:10.555,25.8918,6.025,5.3099
2026-07-21T16:04:10.557,25.9324,5.9467,5.4078
2026-07-21T16:04:10.578,25.9324,6.2991,5.0749
2026-07-21T16:04:10.585,25.9388,6.0837,4.84
2026-07-21T16:04:10.585,25.9452,5.7313,4.8596
2026-07-21T16:04:10.602,25.9758,5.8879,5.1337
2026-07-21T16:04:10.618,25.9758,6.2404,4.8596
2026-07-21T16:04:10.626,25.9758,5.8488,4.8596
2026-07-21T16:04:10.639,25.9865,5.9075,5.1337
2026-07-21T16:04:10.648,26.0163,6.3383,5.3099
2026-07-21T16:04:10.667,26.0163,6.5537,5.0554
2026-07-21T16:04:10.667,26.0163,6.0642,5.0945
2026-07-21T16:04:10.679,26.0163,6.0837,4.9183
2026-07-21T16:04:10.710,26.0601,5.9663,5.212
2026-07-21T16:04:10.710,26.0621,6.1229,4.9183
2026-07-21T16:04:10.710,26.0639,6.025,5.0358
2026-07-21T16:04:10.710,26.0659,6.4362,5.0749
2026-07-21T16:04:10.742,26.0974,6.26,5.3295
2026-07-21T16:04:10.751,26.0974,6.3383,5.2512
2026-07-21T16:04:10.751,26.0974,6.0642,5.0945
2026-07-21T16:04:10.756,26.0974,5.8879,5.0162
2026-07-21T16:04:10.776,26.1446,5.9663,5.0749
2026-07-21T16:04:10.791,26.1446,6.0837,4.977
2026-07-21T16:04:10.791,26.1446,6.1621,5.0554
2026-07-21T16:04:10.791,26.1446,6.2208,5.0749
2026-07-21T16:04:10.806,26.1446,6.26,5.3491
2026-07-21T16:04:10.838,26.1857,6.2208,5.0749
2026-07-21T16:04:10.838,26.1857,6.2208,5.1924
2026-07-21T16:04:10.838,26.1919,6.2012,4.9966
2026-07-21T16:04:10.838,26.1919,5.8684,5.0358
2026-07-21T16:04:10.879,26.2276,5.9075,5.1141
2026-07-21T16:04:10.879,26.2276,5.7509,4.605
2026-07-21T16:04:10.879,26.2276,5.7117,4.5463
2026-07-21T16:04:10.885,26.2317,5.9075,4.9966
2026-07-21T16:04:10.902,26.2607,5.8684,4.9966
2026-07-21T16:04:10.917,26.2607,6.0446,4.8596
2026-07-21T16:04:10.917,26.2607,5.8879,4.6637
2026-07-21T16:04:10.927,26.3037,5.5355,5.0162
2026-07-21T16:04:10.933,26.3037,5.9075,4.8204
2026-07-21T16:04:10.954,26.3037,5.8096,4.4875
2026-07-21T16:04:10.954,26.3037,5.6138,4.7225
2026-07-21T16:04:10.964,26.3037,5.653,5.1728
2026-07-21T16:04:10.978,26.3353,6.0642,5.0358
2026-07-21T16:04:10.997,26.3496,5.9663,4.977
2026-07-21T16:04:10.997,26.3516,5.6725,4.605
2026-07-21T16:04:10.997,26.3556,5.4963,5.0162
2026-07-21T16:04:11.029,26.3885,5.9075,4.7616
2026-07-21T16:04:11.029,26.3905,5.7117,4.605
2026-07-21T16:04:11.029,26.3925,5.6725,4.5071
2026-07-21T16:04:11.049,26.3963,5.5355,4.8987
2026-07-21T16:04:11.065,26.4281,6.0054,4.9379
2026-07-21T16:04:11.078,26.4281,6.0837,4.84
2026-07-21T16:04:11.080,26.4281,5.9271,4.6833
2026-07-21T16:04:11.088,26.4281,5.4963,4.9183
2026-07-21T16:04:11.096,26.4618,5.8684,4.7812
2026-07-21T16:04:11.112,26.4618,5.7509,4.7225
2026-07-21T16:04:11.112,26.4618,5.6334,4.4092
2026-07-21T16:04:11.122,26.4618,5.3984,4.8204
2026-07-21T16:04:11.139,26.5075,5.9858,4.9966
2026-07-21T16:04:11.155,26.5075,6.0054,4.84
2026-07-21T16:04:11.155,26.5075,5.6334,4.7812
2026-07-21T16:04:11.155,26.5075,5.7313,4.8204
2026-07-21T16:04:11.194,26.5451,6.0642,4.9575
2026-07-21T16:04:11.194,26.5451,5.9075,4.6246
2026-07-21T16:04:11.194,26.5451,5.6334,4.5463
2026-07-21T16:04:11.201,26.5546,5.4572,4.7616
2026-07-21T16:04:11.213,26.5961,5.8488,5.0945
2026-07-21T16:04:11.239,26.6021,6.025,4.7616
2026-07-21T16:04:11.239,26.6021,5.6138,4.6833
2026-07-21T16:04:11.248,26.6037,5.6725,4.7421
2026-07-21T16:04:11.280,26.6384,5.6921,4.9183
2026-07-21T16:04:11.287,26.6404,5.8684,4.5267
2026-07-21T16:04:11.287,26.6404,5.653,4.5658
2026-07-21T16:04:11.288,26.6424,5.5551,4.5658
2026-07-21T16:04:11.297,26.6485,5.5746,4.8987
2026-07-21T16:04:11.313,26.6839,6.025,4.8008
2026-07-21T16:04:11.328,26.6839,5.9858,4.5854
2026-07-21T16:04:11.328,26.6839,5.6725,4.7225
2026-07-21T16:04:11.342,26.6839,5.4376,5.0162
2026-07-21T16:04:11.346,26.7217,5.8879,4.84
2026-07-21T16:04:11.371,26.7237,5.6921,4.7421
2026-07-21T16:04:11.374,26.7257,5.6921,4.4092
2026-07-21T16:04:11.378,26.7277,5.4767,5.2316
2026-07-21T16:04:11.378,26.763,6.0837,4.8987
2026-07-21T16:04:11.413,26.765,5.8684,4.7616
2026-07-21T16:04:11.413,26.765,5.6138,4.5854
2026-07-21T16:04:11.415,26.767,5.4767,4.9379
2026-07-21T16:04:11.439,26.7929,5.9663,5.2903
2026-07-21T16:04:11.453,26.7929,5.9858,4.5463
2026-07-21T16:04:11.453,26.7929,5.5159,4.5071
2026-07-21T16:04:11.457,26.8095,5.4963,4.7812
2026-07-21T16:04:11.476,26.844,5.7313,4.9575
2026-07-21T16:04:11.486,26.846,5.9075,4.5854
2026-07-21T16:04:11.486,26.846,5.79,4.5463
2026-07-21T16:04:11.486,26.848,5.4963,4.8204
2026-07-21T16:04:11.504,26.85,5.9271,4.8791
2026-07-21T16:04:11.534,26.8802,5.8879,4.605
2026-07-21T16:04:11.534,26.8802,5.5746,4.5463
2026-07-21T16:04:11.538,26.8854,5.3397,4.7616
2026-07-21T16:04:11.546,26.9222,5.8684,5.0162
2026-07-21T16:04:11.567,26.9242,6.2208,4.8204
2026-07-21T16:04:11.567,26.9262,5.5551,4.3505
2026-07-21T16:04:11.574,26.9282,5.4572,4.9575
2026-07-21T16:04:11.586,26.9615,5.5942,4.84
2026-07-21T16:04:11.614,26.9615,5.9663,4.7616
2026-07-21T16:04:11.614,26.9615,5.6334,4.4092
2026-07-21T16:04:11.620,26.9666,5.3201,4.6637
2026-07-21T16:04:11.634,26.9985,5.7313,4.9575
2026-07-21T16:04:11.644,26.9985,6.0446,4.84
2026-07-21T16:04:11.644,26.9985,5.5942,4.37
2026-07-21T16:04:11.655,26.9985,5.3201,4.7616
2026-07-21T16:04:11.664,27.041,5.8684,4.9379
2026-07-21T16:04:11.692,27.045,5.8879,4.8596
2026-07-21T16:04:11.692,27.045,5.6138,4.4092
2026-07-21T16:04:11.692,27.048,5.4963,4.8791
2026-07-21T16:04:11.714,27.0841,5.79,4.9379
2026-07-21T16:04:11.723,27.0841,5.9075,4.8008
2026-07-21T16:04:11.733,27.0861,5.7313,4.4484
2026-07-21T16:04:11.742,27.0881,5.3397,4.7616
2026-07-21T16:04:11.755,27.1211,5.7117,4.9966
2026-07-21T16:04:11.755,27.1211,5.7509,4.7029
2026-07-21T16:04:11.772,27.1231,5.8488,4.5854
2026-07-21T16:04:11.776,27.1242,5.3984,4.6637
2026-07-21T16:04:11.786,27.1555,5.6921,5.0358
2026-07-21T16:04:11.812,27.1555,5.8292,4.8791
2026-07-21T16:04:11.812,27.1555,5.7509,4.5658
2026-07-21T16:04:11.818,27.1616,5.79,4.605
2026-07-21T16:04:11.818,27.192,5.6334,5.1728
2026-07-21T16:04:11.833,27.194,5.8879,4.7225
2026-07-21T16:04:11.833,27.194,5.7117,4.8204
2026-07-21T16:04:11.855,27.196,5.6138,4.4679
2026-07-21T16:04:11.865,27.2236,5.653,4.7812
2026-07-21T16:04:11.881,27.2236,6.025,4.8596
2026-07-21T16:04:11.888,27.2236,5.6921,4.7225
2026-07-21T16:04:11.903,27.2617,5.5355,4.4679
2026-07-21T16:04:11.917,27.2617,5.3984,4.7812
2026-07-21T16:04:11.917,27.2617,5.6725,4.7616
2026-07-21T16:04:11.917,27.2671,5.6921,4.6833
2026-07-21T16:04:11.951,27.2831,5.5942,4.2917
2026-07-21T16:04:11.951,27.2831,5.2614,4.9183
2026-07-21T16:04:11.955,27.2998,5.9271,4.9575
2026-07-21T16:04:11.977,27.3309,5.8096,4.5463
2026-07-21T16:04:11.977,27.3309,5.653,4.37
2026-07-21T16:04:11.977,27.3309,5.2614,4.9183
2026-07-21T16:04:11.993,27.3309,5.8292,4.8596
2026-07-21T16:04:12.008,27.3619,5.79,4.7225
2026-07-21T16:04:12.015,27.3619,5.7704,4.3309
2026-07-21T16:04:12.025,27.3619,5.3005,4.8987
2026-07-21T16:04:12.041,27.3935,5.8292,4.8987
2026-07-21T16:04:12.049,27.3935,5.7509,4.7616
2026-07-21T16:04:12.055,27.3935,5.7117,4.37
2026-07-21T16:04:12.071,27.4291,5.3397,4.8008
2026-07-21T16:04:12.087,27.4291,5.7509,4.7812
2026-07-21T16:04:12.087,27.4311,5.7313,4.8791
2026-07-21T16:04:12.087,27.4584,5.6138,4.5658
2026-07-21T16:04:12.119,27.4621,5.6138,4.6637
2026-07-21T16:04:12.119,27.4621,5.6725,4.9966
2026-07-21T16:04:12.129,27.4889,5.8292,4.8204
2026-07-21T16:04:12.152,27.4889,5.9075,4.6442
2026-07-21T16:04:12.152,27.4889,5.5551,4.6442
2026-07-21T16:04:12.156,27.4889,5.6334,4.8204
2026-07-21T16:04:12.182,27.5285,5.7704,4.977
2026-07-21T16:04:12.182,27.5285,5.6921,4.8204
2026-07-21T16:04:12.182,27.5305,5.4767,4.5658
2026-07-21T16:04:12.199,27.5622,5.4767,4.9183
2026-07-21T16:04:12.216,27.5622,5.9075,4.7812
2026-07-21T16:04:12.220,27.5622,5.6921,4.6637
2026-07-21T16:04:12.228,27.5681,5.5942,4.4288
2026-07-21T16:04:12.246,27.5999,5.4376,5.0358
2026-07-21T16:04:12.246,27.5999,6.3775,4.7812
2026-07-21T16:04:12.260,27.6048,5.79,4.6833
2026-07-21T16:04:12.272,27.6323,5.653,4.4288
2026-07-21T16:04:12.272,27.6323,5.4963,4.977
2026-07-21T16:04:12.285,27.6323,6.0446,4.8008
2026-07-21T16:04:12.293,27.6323,5.6921,4.7421
2026-07-21T16:04:12.309,27.6638,5.6334,4.4288
2026-07-21T16:04:12.324,27.6638,5.418,5.1337
2026-07-21T16:04:12.326,27.6638,6.1229,4.84
2026-07-21T16:04:12.357,27.701,5.79,4.8987
2026-07-21T16:04:12.357,27.701,5.8488,4.5267
2026-07-21T16:04:12.357,27.701,5.5746,5.0945
2026-07-21T16:04:12.357,27.7126,5.8488,4.8204
2026-07-21T16:04:12.380,27.7428,5.7313,4.8204
2026-07-21T16:04:12.392,27.7468,5.6921,4.7421
2026-07-21T16:04:12.395,27.7488,5.3984,4.8596
2026-07-21T16:04:12.406,27.7529,5.8096,4.8596
2026-07-21T16:04:12.421,27.7773,5.7313,4.6833
2026-07-21T16:04:12.422,27.7773,5.8488,4.5267
2026-07-21T16:04:12.436,27.7773,5.5159,4.84
2026-07-21T16:04:12.446,27.7901,5.7117,4.9966
2026-07-21T16:04:12.458,27.8062,5.9663,4.8008
2026-07-21T16:04:12.471,27.8062,5.6725,4.7421
2026-07-21T16:04:12.471,27.8218,5.4767,4.6637
2026-07-21T16:04:12.485,27.8532,5.6921,4.9966
2026-07-21T16:04:12.500,27.8532,6.2208,4.7812
2026-07-21T16:04:12.500,27.8532,5.653,4.6246
2026-07-21T16:04:12.517,27.8623,5.5355,4.6833
2026-07-21T16:04:12.517,27.8911,5.5746,4.9379
2026-07-21T16:04:12.540,27.8911,5.79,4.6442
2026-07-21T16:04:12.547,27.8911,5.5942,4.8987
2026-07-21T16:04:12.556,27.9259,5.8096,4.5854
2026-07-21T16:04:12.563,27.9259,5.6334,4.9379
2026-07-21T16:04:12.584,27.9322,5.8684,4.6246
2026-07-21T16:04:12.585,27.9322,5.5355,4.8204
2026-07-21T16:04:12.604,27.9654,5.4767,4.6833
2026-07-21T16:04:12.620,27.9661,5.79,4.9379
2026-07-21T16:04:12.620,27.9661,5.8488,4.9183
2026-07-21T16:04:12.626,27.9661,5.5746,4.8008
2026-07-21T16:04:12.656,28.0019,5.5746,4.6442
2026-07-21T16:04:12.656,28.0039,5.5746,4.9379
2026-07-21T16:04:12.656,28.0039,5.7704,4.7812
2026-07-21T16:04:12.673,28.0399,5.7509,4.7225
2026-07-21T16:04:12.689,28.042,5.6138,4.7616
2026-07-21T16:04:12.689,28.042,5.7704,4.8791
2026-07-21T16:04:12.699,28.0461,5.7117,4.7812
2026-07-21T16:04:12.726,28.0746,5.7509,4.8008
2026-07-21T16:04:12.726,28.0746,5.6138,4.5854
2026-07-21T16:04:12.734,28.0746,5.5551,4.8204
2026-07-21T16:04:12.740,28.0746,5.8096,4.8204
2026-07-21T16:04:12.768,28.1172,5.7509,4.6637
2026-07-21T16:04:12.768,28.1192,5.5942,4.6637
2026-07-21T16:04:12.768,28.1212,5.9271,4.8008
2026-07-21T16:04:12.768,28.1222,5.7509,4.8791
2026-07-21T16:04:12.786,28.146,5.79,4.6246
2026-07-21T16:04:12.809,28.1542,5.5551,4.6246
2026-07-21T16:04:12.809,28.1542,5.5746,4.8791
2026-07-21T16:04:12.816,28.1542,5.79,4.8987
2026-07-21T16:04:12.820,28.1858,5.7704,4.6833
2026-07-21T16:04:12.840,28.1858,5.5942,4.605
2026-07-21T16:04:12.848,28.1858,5.6138,4.84
2026-07-21T16:04:12.866,28.2251,6.0642,4.9575
2026-07-21T16:04:12.879,28.2251,5.7313,4.6637
2026-07-21T16:04:12.879,28.2251,5.5551,4.6246
2026-07-21T16:04:12.879,28.2251,5.5942,5.0162
2026-07-21T16:04:12.919,28.2609,5.9467,4.84
2026-07-21T16:04:12.919,28.2629,5.653,4.7616
2026-07-21T16:04:12.919,28.2629,5.6334,4.6246
2026-07-21T16:04:12.926,28.2647,5.5355,5.0358
2026-07-21T16:04:12.952,28.2955,5.9663,4.84
2026-07-21T16:04:12.952,28.2965,5.6138,4.5463
2026-07-21T16:04:12.960,28.2974,5.8096,4.5854
2026-07-21T16:04:12.962,28.3287,5.4963,4.9379
2026-07-21T16:04:12.984,28.3287,6.0642,4.8204
2026-07-21T16:04:12.989,28.3287,5.7509,4.7421
2026-07-21T16:04:12.991,28.3629,5.7117,4.5267
2026-07-21T16:04:13.022,28.3629,5.4376,4.9183
2026-07-21T16:04:13.022,28.3629,6.1033,4.8596
2026-07-21T16:04:13.022,28.3629,5.7704,4.8596
2026-07-21T16:04:13.041,28.4042,5.7313,4.4484
2026-07-21T16:04:13.056,28.4062,5.3201,4.8987
2026-07-21T16:04:13.056,28.4062,5.9467,4.7812
2026-07-21T16:04:13.056,28.4072,5.8488,4.8204
2026-07-21T16:04:13.081,28.4394,5.6921,4.6833
2026-07-21T16:04:13.090,28.4414,5.3593,4.9575
2026-07-21T16:04:13.101,28.4434,5.8879,4.9183
2026-07-21T16:04:13.116,28.4705,5.9271,4.84
2026-07-21T16:04:13.120,28.4705,5.6725,4.5071
2026-07-21T16:04:13.130,28.4705,5.3984,4.8596
2026-07-21T16:04:13.139,28.5038,5.9075,5.0554
2026-07-21T16:04:13.149,28.5038,5.9467,4.7421
2026-07-21T16:04:13.164,28.5038,5.653,4.605
2026-07-21T16:04:13.164,28.5038,5.3984,4.9379
2026-07-21T16:04:13.182,28.5375,5.79,5.0554
2026-07-21T16:04:13.196,28.5375,5.8879,4.7029
2026-07-21T16:04:13.197,28.5375,5.6334,4.7029
2026-07-21T16:04:13.212,28.5729,5.5551,4.977
2026-07-21T16:04:13.231,28.5749,5.7117,5.0358
2026-07-21T16:04:13.231,28.5749,5.9663,4.9379
2026-07-21T16:04:13.231,28.5782,5.6138,4.7421
2026-07-21T16:04:13.243,28.6082,5.6138,4.7029
2026-07-21T16:04:13.261,28.6082,5.6334,5.2903
2026-07-21T16:04:13.272,28.6102,5.9858,4.7421
2026-07-21T16:04:13.297,28.6379,5.653,4.7616
2026-07-21T16:04:13.297,28.6439,5.9075,4.5854
2026-07-21T16:04:13.297,28.6448,5.5355,5.0162
2026-07-21T16:04:13.306,28.6448,5.9663,5.0162
2026-07-21T16:04:13.331,28.6739,5.7313,4.8791
2026-07-21T16:04:13.331,28.6757,5.6921,4.5463
2026-07-21T16:04:13.331,28.6757,5.4963,5.0749
2026-07-21T16:04:13.350,28.6916,6.0054,5.0749
2026-07-21T16:04:13.365,28.7083,5.8096,4.7812
2026-07-21T16:04:13.369,28.7083,5.7704,4.6246
2026-07-21T16:04:13.385,28.7403,5.9075,4.9379
2026-07-21T16:04:13.385,28.7403,6.0054,4.977
2026-07-21T16:04:13.385,28.7403,5.9663,4.8596
2026-07-21T16:04:13.433,28.7713,5.6138,4.4484
2026-07-21T16:04:13.433,28.7713,5.4376,5.1728
2026-07-21T16:04:13.433,28.7713,5.9663,5.1141
2026-07-21T16:04:13.434,28.7713,5.9271,4.7616
2026-07-21T16:04:13.450,28.8125,5.6334,4.605
2026-07-21T16:04:13.465,28.8125,5.6921,5.1141
2026-07-21T16:04:13.465,28.8145,5.9075,5.1141
2026-07-21T16:04:13.465,28.8453,5.9663,4.8791
2026-07-21T16:04:13.501,28.8504,5.6921,4.605
2026-07-21T16:04:13.501,28.8504,5.4376,4.977
2026-07-21T16:04:13.510,28.8554,5.9467,5.1924
2026-07-21T16:04:13.539,28.886,5.9663,4.9379
2026-07-21T16:04:13.539,28.888,5.5746,4.8596
2026-07-21T16:04:13.539,28.888,5.5355,4.9379
2026-07-21T16:04:13.549,28.8921,5.8684,5.1728
2026-07-21T16:04:13.559,28.9157,6.1033,4.7029
2026-07-21T16:04:13.575,28.9157,5.653,4.6637
2026-07-21T16:04:13.580,28.9157,5.5746,4.8791
2026-07-21T16:04:13.591,28.9552,5.9075,5.0945
2026-07-21T16:04:13.609,28.9572,6.1621,4.8008
2026-07-21T16:04:13.609,28.9572,5.5942,4.7616
2026-07-21T16:04:13.609,28.961,5.4963,4.8204
2026-07-21T16:04:13.647,28.9909,5.8684,5.1533
2026-07-21T16:04:13.649,28.9931,6.2795,4.8791
2026-07-21T16:04:13.649,28.9936,5.653,4.7812
2026-07-21T16:04:13.657,29.0236,5.8096,4.7421
2026-07-21T16:04:13.681,29.0288,5.6725,5.1533
2026-07-21T16:04:13.681,29.0288,5.9858,4.8791
2026-07-21T16:04:13.690,29.0288,5.7117,4.7616
2026-07-21T16:04:13.702,29.0551,5.4963,4.6833
2026-07-21T16:04:13.717,29.0551,5.8488,5.1141
2026-07-21T16:04:13.717,29.0638,6.0642,4.7812
2026-07-21T16:04:13.733,29.091,5.8488,4.7421
2026-07-21T16:04:13.749,29.0951,5.5942,4.6246
2026-07-21T16:04:13.749,29.0951,5.5942,5.0749
2026-07-21T16:04:13.757,29.0991,6.025,4.8791
2026-07-21T16:04:13.781,29.1193,5.8488,4.6833
2026-07-21T16:04:13.781,29.1294,5.5746,4.605
2026-07-21T16:04:13.789,29.1294,5.5551,5.2707
2026-07-21T16:04:13.813,29.1518,6.0446,5.1141
2026-07-21T16:04:13.813,29.1518,6.1033,4.7421
2026-07-21T16:04:13.813,29.1518,5.5746,4.6246
2026-07-21T16:04:13.828,29.1662,5.6138,5.1728
2026-07-21T16:04:13.845,29.1895,6.0054,5.0162
2026-07-21T16:04:13.845,29.1895,5.9271,4.8791
2026-07-21T16:04:13.857,29.1895,5.5746,4.9379
2026-07-21T16:04:13.883,29.219,5.5746,5.0162
2026-07-21T16:04:13.883,29.219,6.1033,5.0945
2026-07-21T16:04:13.883,29.219,5.8292,4.6442
2026-07-21T16:04:13.913,29.2523,5.6334,4.6637
2026-07-21T16:04:13.913,29.2523,5.5942,4.9183
2026-07-21T16:04:13.913,29.2523,5.9075,5.0554
2026-07-21T16:04:13.924,29.2841,6.0837,5.0162
2026-07-21T16:04:13.939,29.2861,5.653,4.7029
2026-07-21T16:04:13.946,29.2861,5.4963,5.0554
2026-07-21T16:04:13.958,29.319,5.9075,5.1141
2026-07-21T16:04:13.970,29.321,6.025,4.7225
2026-07-21T16:04:13.980,29.3241,5.7313,5.0162
2026-07-21T16:04:13.987,29.3401,5.7704,4.8008
2026-07-21T16:04:14.002,29.3401,5.9075,5.1533
2026-07-21T16:04:14.002,29.3401,6.0642,4.8596
2026-07-21T16:04:14.018,29.356,5.6334,4.7421
2026-07-21T16:04:14.024,29.377,5.5746,4.9575
2026-07-21T16:04:14.034,29.377,5.9271,5.1337
2026-07-21T16:04:14.050,29.3912,6.0642,4.8791
2026-07-21T16:04:14.071,29.4118,5.8879,4.7616
2026-07-21T16:04:14.071,29.4202,5.6334,4.7812
2026-07-21T16:04:14.071,29.4202,5.6334,5.1728
2026-07-21T16:04:14.085,29.4478,6.0642,4.9379
2026-07-21T16:04:14.105,29.4498,5.8488,4.8008
2026-07-21T16:04:14.105,29.4518,5.6725,4.605
2026-07-21T16:04:14.114,29.4804,5.5942,5.1533
2026-07-21T16:04:14.130,29.4804,6.1425,4.8596
2026-07-21T16:04:14.138,29.4824,5.8096,4.7616
2026-07-21T16:04:14.145,29.4844,5.9858,4.5854
2026-07-21T16:04:14.163,29.5011,5.5355,5.1337
2026-07-21T16:04:14.163,29.5011,6.0054,5.0162
2026-07-21T16:04:14.178,29.5394,5.9075,4.8596
2026-07-21T16:04:14.195,29.5394,5.6334,4.6246
2026-07-21T16:04:14.195,29.5414,5.7704,5.1533
2026-07-21T16:04:14.209,29.5414,6.0837,5.3099
2026-07-21T16:04:14.210,29.5645,5.8096,4.7421
2026-07-21T16:04:14.231,29.5645,5.5551,4.6246
2026-07-21T16:04:14.235,29.5788,5.5551,5.0749
2026-07-21T16:04:14.258,29.5952,5.9858,5.2316
2026-07-21T16:04:14.258,29.5952,5.9075,4.7029
2026-07-21T16:04:14.258,29.5952,5.6921,4.6246
2026-07-21T16:04:14.272,29.6315,5.4767,5.1728
2026-07-21T16:04:14.289,29.6424,5.9271,5.212
2026-07-21T16:04:14.289,29.6424,6.0837,4.8791
2026-07-21T16:04:14.306,29.6692,5.5159,4.8204
2026-07-21T16:04:14.325,29.6742,5.5942,4.977
2026-07-21T16:04:14.325,29.6742,6.1229,5.0749
2026-07-21T16:04:14.336,29.6742,5.9663,4.7029
2026-07-21T16:04:14.336,29.706,5.6138,4.6833
2026-07-21T16:04:14.363,29.706,5.5355,4.9183
2026-07-21T16:04:14.368,29.706,5.9075,5.1337
2026-07-21T16:04:14.383,29.7388,6.0837,4.7616
2026-07-21T16:04:14.383,29.7388,5.5942,4.5658
2026-07-21T16:04:14.383,29.7408,5.5551,5.1141
2026-07-21T16:04:14.400,29.7648,5.8488,5.1337
2026-07-21T16:04:14.425,29.7694,6.2012,4.7812
2026-07-21T16:04:14.425,29.7704,5.6921,4.7029
2026-07-21T16:04:14.438,29.7952,5.5551,4.8791
2026-07-21T16:04:14.458,29.8012,5.8096,5.0358
2026-07-21T16:04:14.458,29.8012,6.0446,4.84
2026-07-21T16:04:14.479,29.832,5.5942,4.7225
2026-07-21T16:04:14.489,29.832,5.5355,5.5253
2026-07-21T16:04:14.489,29.8335,6.025,5.0162
2026-07-21T16:04:14.495,29.8623,6.3187,4.7812
2026-07-21T16:04:14.512,29.8652,5.7313,4.6637
2026-07-21T16:04:14.512,29.8652,5.8096,4.8987
2026-07-21T16:04:14.529,29.8652,5.8684,5.1533
2026-07-21T16:04:14.541,29.8809,6.0642,4.8596
2026-07-21T16:04:14.554,29.8958,5.79,4.9379
2026-07-21T16:04:14.559,29.8958,5.5942,4.8204
2026-07-21T16:04:14.574,29.9267,6.0642,5.1337
2026-07-21T16:04:14.574,29.9277,6.0054,4.9183
2026-07-21T16:04:14.589,29.9277,5.8488,4.6637
2026-07-21T16:04:14.605,29.9438,5.5159,4.8204
2026-07-21T16:04:14.605,29.9617,5.7117,5.1728
2026-07-21T16:04:14.605,29.9622,6.0446,4.9966
2026-07-21T16:04:14.628,29.9914,5.9075,4.6637
2026-07-21T16:04:14.637,29.9954,5.5159,4.7225
2026-07-21T16:04:14.637,29.9954,5.8096,5.0749
2026-07-21T16:04:14.659,29.9995,5.9858,4.8596
2026-07-21T16:04:14.680,30.0232,5.8488,4.7029
2026-07-21T16:04:14.683,30.0232,5.8096,4.7421
2026-07-21T16:04:14.691,30.0232,5.79,5.3099
2026-07-21T16:04:14.701,30.0587,6.0446,5.0162
2026-07-21T16:04:14.717,30.0587,5.9075,4.7029
2026-07-21T16:04:14.717,30.0587,5.4572,4.7029
2026-07-21T16:04:14.748,30.089,5.7704,5.2903
2026-07-21T16:04:14.748,30.089,6.025,5.2316
2026-07-21T16:04:14.748,30.089,5.8684,4.7225
2026-07-21T16:04:14.752,30.089,5.6138,4.7616
2026-07-21T16:04:14.783,30.1246,5.5942,5.0162
2026-07-21T16:04:14.783,30.1246,5.8879,5.0554
2026-07-21T16:04:14.783,30.1286,5.9075,4.9183
2026-07-21T16:04:14.816,30.1561,5.7704,4.7225
2026-07-21T16:04:14.816,30.1561,5.5746,5.0162
2026-07-21T16:04:14.822,30.1582,5.9271,5.1141
2026-07-21T16:04:14.847,30.1809,5.9663,4.8791
2026-07-21T16:04:14.848,30.1809,5.653,4.6833
2026-07-21T16:04:14.848,30.1809,5.5746,4.977
2026-07-21T16:04:14.859,30.2234,5.9271,5.1533
2026-07-21T16:04:14.874,30.2234,6.0642,4.8008
2026-07-21T16:04:14.874,30.2254,5.9075,4.6246
2026-07-21T16:04:14.874,30.2274,5.5159,5.0162
2026-07-21T16:04:14.906,30.2442,5.9858,5.212
2026-07-21T16:04:14.915,30.2442,5.9467,4.7029
2026-07-21T16:04:14.917,30.2442,5.8096,4.7225
2026-07-21T16:04:14.938,30.2757,5.5355,4.9379
2026-07-21T16:04:14.938,30.2757,5.8879,5.1924
2026-07-21T16:04:14.938,30.2918,6.2012,5.0358
2026-07-21T16:04:14.969,30.3231,5.7509,4.605
2026-07-21T16:04:14.969,30.3231,5.5551,5.1141
2026-07-21T16:04:14.969,30.3231,6.0054,5.1728
2026-07-21T16:04:14.985,30.3549,6.0642,5.0945
2026-07-21T16:04:15.008,30.3549,5.79,4.8008
2026-07-21T16:04:15.008,30.3549,5.3984,5.0162
2026-07-21T16:04:15.017,30.3549,6.1816,5.2903
2026-07-21T16:04:15.044,30.3867,6.0837,4.977
2026-07-21T16:04:15.044,30.3867,5.8684,4.6637
2026-07-21T16:04:15.048,30.3867,5.4376,4.9379
2026-07-21T16:04:15.065,30.4184,6.1425,5.1337
2026-07-21T16:04:15.080,30.4184,5.9663,4.977
2026-07-21T16:04:15.080,30.4184,6.26,4.6637
2026-07-21T16:04:15.080,30.4184,5.4767,4.9966
2026-07-21T16:04:15.096,30.4498,5.8684,5.0554
2026-07-21T16:04:15.112,30.4498,6.0054,4.977
2026-07-21T16:04:15.112,30.4498,5.8684,4.6442
2026-07-21T16:04:15.143,30.4816,5.5551,5.0945
2026-07-21T16:04:15.143,30.4816,5.8684,5.0554
2026-07-21T16:04:15.143,30.4973,5.9271,5.0554
2026-07-21T16:04:15.159,30.4973,5.8096,4.5658
2026-07-21T16:04:15.175,30.5288,5.8096,4.977
2026-07-21T16:04:15.175,30.531,5.7704,5.0162
2026-07-21T16:04:15.175,30.533,5.9663,5.0749
2026-07-21T16:04:15.207,30.5661,5.9075,4.7421
2026-07-21T16:04:15.208,30.5661,5.4767,5.0358
2026-07-21T16:04:15.222,30.5661,5.6921,5.0162
2026-07-21T16:04:15.229,30.5661,5.9075,5.1533
2026-07-21T16:04:15.238,30.5948,5.8684,4.7616
2026-07-21T16:04:15.254,30.5948,5.653,4.9575
2026-07-21T16:04:15.260,30.5948,5.6334,4.8791
2026-07-21T16:04:15.270,30.6358,5.8292,5.0945
2026-07-21T16:04:15.270,30.6403,5.8879,4.8204
2026-07-21T16:04:15.288,30.6423,5.4376,4.37
2026-07-21T16:04:15.288,30.6463,5.2614,4.7616
2026-07-21T16:04:15.329,30.6891,5.4572,4.8987
2026-07-21T16:04:15.329,30.6891,5.4376,4.8791
2026-07-21T16:04:15.329,30.6891,5.8488,5.9561
2026-07-21T16:04:15.346,30.7138,6.3383,11.1254
2026-07-21T16:04:15.349,30.7363,8.5705,17.4696
2026-07-21T16:04:15.367,30.7519,10.1957,23.8137
2026-07-21T16:04:15.367,30.7519,11.7426,30.1579
2026-07-21T16:04:15.383,30.7684,13.1328,36.8154
2026-07-21T16:04:15.403,30.7856,15.7958,41.7693
2026-07-21T16:04:15.407,30.7856,17.5776,46.2337
2026-07-21T16:04:15.413,30.8006,18.9875,50.0911
2026-07-21T16:04:15.430,30.8324,19.8099,54.1247
2026-07-21T16:04:15.430,30.8324,20.9651,57.4535
2026-07-21T16:04:15.445,30.8367,22.0812,60.7039
2026-07-21T16:04:15.462,30.8471,23.354,63.6214
2026-07-21T16:04:15.462,30.8471,24.333,67.2047
2026-07-21T16:04:15.479,30.8471,25.9778,69.5544
2026-07-21T16:04:15.479,30.8471,26.6631,71.1208
2026-07-21T16:04:15.493,30.8471,27.3876,72.2565
2026-07-21T16:04:15.498,30.8801,27.5834,73.8817
2026-07-21T16:04:15.520,30.895,28.6408,73.9209
2026-07-21T16:04:15.520,30.895,28.9932,74.3517
2026-07-21T16:04:15.538,30.895,29.0128,74.8216
2026-07-21T16:04:15.541,30.895,28.4841,76.2314
2026-07-21T16:04:15.541,30.9152,28.6995,76.1531
2026-07-21T16:04:15.560,30.9434,28.6212,75.644
2026-07-21T16:04:15.574,30.9482,28.6604,75.7811
2026-07-21T16:04:15.574,30.9482,28.6408,76.7601
2026-07-21T16:04:15.589,30.9482,29.2478,78.1699
2026-07-21T16:04:15.589,30.9604,29.5611,78.8357
2026-07-21T16:04:15.611,30.9667,29.3848,78.3853
2026-07-21T16:04:15.621,30.996,29.1107,78.2091
2026-07-21T16:04:15.631,30.996,29.7569,78.4636
2026-07-21T16:04:15.642,30.996,29.8548,78.7378
2026-07-21T16:04:15.656,31.0103,29.4632,78.9336
2026-07-21T16:04:15.660,31.0124,29.2086,79.1685
2026-07-21T16:04:15.669,31.0455,29.2674,79.1881
2026-07-21T16:04:15.689,31.0455,29.1303,78.7769
2026-07-21T16:04:15.690,31.0455,28.8757,78.9923
2026-07-21T16:04:15.704,31.055,28.8757,79.4818
2026-07-21T16:04:15.708,31.055,29.0324,79.9518
2026-07-21T16:04:15.717,31.0936,29.2674,79.286
2026-07-21T16:04:15.733,31.0947,28.9541,78.7769
2026-07-21T16:04:15.739,31.1007,28.7778,78.679
2026-07-21T16:04:15.749,31.1035,28.6212,79.3056
2026-07-21T16:04:15.761,31.1386,28.9345,79.4035
2026-07-21T16:04:15.781,31.1386,28.6212,79.2664
2026-07-21T16:04:15.783,31.1386,28.6408,79.0511
2026-07-21T16:04:15.794,31.1501,28.6799,79.3448
2026-07-21T16:04:15.799,31.1501,29.0128,78.7965
2026-07-21T16:04:15.830,31.1873,28.8562,78.4049
2026-07-21T16:04:15.830,31.1893,28.6995,77.8958
2026-07-21T16:04:15.832,31.1933,28.6995,78.1112
2026-07-21T16:04:15.844,31.1973,28.817,78.1308
2026-07-21T16:04:15.844,31.1973,28.7583,77.8958
2026-07-21T16:04:15.875,31.2354,28.6604,77.3475
2026-07-21T16:04:15.875,31.2354,28.5233,77.5825
2026-07-21T16:04:15.881,31.2391,28.8366,77.7
2026-07-21T16:04:15.891,31.2452,28.7974,77.6804
2026-07-21T16:04:15.891,31.2452,28.6799,77.4846
2026-07-21T16:04:15.923,31.2797,28.7387,77.7391
2026-07-21T16:04:15.923,31.2797,28.8366,78.1112
2026-07-21T16:04:15.929,31.2797,28.6799,78.072
2026-07-21T16:04:15.939,31.297,28.817,78.3461
2026-07-21T16:04:15.939,31.301,28.8953,78.5615
2026-07-21T16:04:15.973,31.3239,29.1303,78.4832
2026-07-21T16:04:15.973,31.3239,29.2869,77.6217
2026-07-21T16:04:15.973,31.3239,28.8953,77.0342
2026-07-21T16:04:15.991,31.3394,28.6799,77.4063
2026-07-21T16:04:16.002,31.3732,28.8757,77.8566
2026-07-21T16:04:16.017,31.3732,29.1107,77.7783
2026-07-21T16:04:16.017,31.3732,28.6212,77.6608
2026-07-21T16:04:16.033,31.3872,28.4058,77.4063
2026-07-21T16:04:16.041,31.3872,28.8562,77.0147
2026-07-21T16:04:16.065,31.4188,29.1499,76.5447
2026-07-21T16:04:16.065,31.4188,29.052,76.2118
2026-07-21T16:04:16.067,31.4188,28.6212,76.5251
2026-07-21T16:04:16.081,31.4348,28.7974,76.858
2026-07-21T16:04:16.081,31.4398,28.9541,76.7209
2026-07-21T16:04:16.110,31.4674,28.7778,76.7601
2026-07-21T16:04:16.112,31.4674,28.5037,76.7993
2026-07-21T16:04:16.112,31.4674,28.6995,76.8188
2026-07-21T16:04:16.128,31.4822,28.7191,76.8384
2026-07-21T16:04:16.144,31.5232,28.5429,77.5433
2026-07-21T16:04:16.144,31.5253,28.6016,77.9154
2026-07-21T16:04:16.144,31.5253,29.0128,77.7
2026-07-21T16:04:16.161,31.5293,28.7387,77.3084
2026-07-21T16:04:16.176,31.5404,28.6408,76.9363
2026-07-21T16:04:16.192,31.5715,28.3666,76.8776
2026-07-21T16:04:16.203,31.5736,28.7191,76.8188
2026-07-21T16:04:16.211,31.5736,28.6604,76.5251
2026-07-21T16:04:16.223,31.5831,28.6016,76.0552
2026-07-21T16:04:16.234,31.5851,28.4254,75.4286
2026-07-21T16:04:16.240,31.6087,28.4841,74.7629
2026-07-21T16:04:16.258,31.6087,28.6212,74.2733
2026-07-21T16:04:16.263,31.6087,28.5233,73.8426
2026-07-21T16:04:16.277,31.6278,28.3666,73.8817
2026-07-21T16:04:16.281,31.6358,28.7974,73.5097
2026-07-21T16:04:16.302,31.6717,28.4646,73.4118
2026-07-21T16:04:16.302,31.6737,28.5037,73.1964
2026-07-21T16:04:16.302,31.6767,28.4646,72.7852
2026-07-21T16:04:16.321,31.6767,28.4646,73.1964
2026-07-21T16:04:16.331,31.6902,28.6604,72.8244
2026-07-21T16:04:16.338,31.7195,28.5233,72.3153
2026-07-21T16:04:16.361,31.7195,28.1904,72.0607
2026-07-21T16:04:16.361,31.7195,28.3275,72.6677
2026-07-21T16:04:16.370,31.7306,28.7387,73.0789
2026-07-21T16:04:16.382,31.7306,28.8757,72.7852
2026-07-21T16:04:16.388,31.7678,28.5429,72.3349
2026-07-21T16:04:16.409,31.7678,28.7974,72.2761
2026-07-21T16:04:16.409,31.7678,28.9345,72.0411
2026-07-21T16:04:16.420,31.7678,28.7191,71.6887
2026-07-21T16:04:16.429,31.7832,28.4058,71.4733
2026-07-21T16:04:16.457,31.815,28.3471,71.6495
2026-07-21T16:04:16.457,31.815,28.5625,71.2775
2026-07-21T16:04:16.461,31.815,28.3666,70.5922
2026-07-21T16:04:16.461,31.815,28.2296,70.318
2026-07-21T16:04:16.484,31.8577,28.1317,70.7096
2026-07-21T16:04:16.493,31.8597,28.4841,70.7684
2026-07-21T16:04:16.493,31.8617,28.2883,70.3376
2026-07-21T16:04:16.509,31.8678,28.1904,70.1614
2026-07-21T16:04:16.509,31.8739,28.0338,70.5334
2026-07-21T16:04:16.526,31.904,28.3666,70.3376
2026-07-21T16:04:16.546,31.9096,28.3862,70.1222
2026-07-21T16:04:16.551,31.9121,28.0925,70.3572
2026-07-21T16:04:16.561,31.9161,27.9555,70.5922
2026-07-21T16:04:16.577,31.9429,28.1904,70.5922
2026-07-21T16:04:16.592,31.9429,28.0534,70.5726
2026-07-21T16:04:16.592,31.9429,27.8771,70.3572
2026-07-21T16:04:16.602,31.9576,27.8771,70.2201
2026-07-21T16:04:16.610,31.9611,28.0925,70.0243
2026-07-21T16:04:16.623,31.9899,27.975,70.1418
2026-07-21T16:04:16.636,31.9941,27.8967,70.1026
2026-07-21T16:04:16.636,31.9981,27.4268,70.7096
2026-07-21T16:04:16.651,31.9981,27.7792,70.8076
2026-07-21T16:04:16.665,32.0319,27.6617,70.6901
2026-07-21T16:04:16.680,32.0365,27.4268,70.4159
2026-07-21T16:04:16.681,32.0365,27.1918,70.788
2026-07-21T16:04:16.692,32.0423,27.7988,70.6901
2026-07-21T16:04:16.700,32.0456,27.5443,70.4551
2026-07-21T16:04:16.714,32.0805,27.4464,70.0831
2026-07-21T16:04:16.725,32.0838,27.0939,70.6117
2026-07-21T16:04:16.730,32.0847,27.7596,70.925
2026-07-21T16:04:16.739,32.0847,27.8575,71.0229
2026-07-21T16:04:16.771,32.1227,27.5051,71.1992
2026-07-21T16:04:16.772,32.1227,27.3484,71.8453
2026-07-21T16:04:16.772,32.1227,27.6422,71.767
2026-07-21T16:04:16.778,32.1315,27.603,71.6495
2026-07-21T16:04:16.778,32.1315,27.2701,71.4146
2026-07-21T16:04:16.816,32.1684,27.0352,71.4146
2026-07-21T16:04:16.816,32.1798,27.231,71.7278
2026-07-21T16:04:16.816,32.1824,27.5443,71.2579
2026-07-21T16:04:16.825,32.1824,27.1331,71.2971
2026-07-21T16:04:16.841,32.2263,26.9568,70.8859
2026-07-21T16:04:16.859,32.2263,27.231,71.1013
2026-07-21T16:04:16.859,32.2263,27.6422,71.1796
2026-07-21T16:04:16.873,32.2263,27.6226,71.3362
2026-07-21T16:04:16.876,32.2433,27.3093,71.3167
2026-07-21T16:04:16.889,32.2433,27.0547,71.5908
2026-07-21T16:04:16.889,32.2732,27.3876,70.7684
2026-07-21T16:04:16.915,32.2732,27.0352,70.2397
2026-07-21T16:04:16.920,32.2732,27.0156,69.946
2026-07-21T16:04:16.920,32.2894,26.8589,70.2593
2026-07-21T16:04:16.937,32.2894,27.4072,70.318
2026-07-21T16:04:16.953,32.322,27.3289,70.1614
2026-07-21T16:04:16.967,32.322,26.996,70.0047
2026-07-21T16:04:16.967,32.3346,26.7806,70.3964
2026-07-21T16:04:16.983,32.3436,27.2897,70.3376
2026-07-21T16:04:16.983,32.3457,27.1135,70.2593
2026-07-21T16:04:16.999,32.3793,27.1331,70.1614
2026-07-21T16:04:17.016,32.3814,26.8981,70.2005
2026-07-21T16:04:17.016,32.3844,27.1722,70.0047
2026-07-21T16:04:17.035,32.3844,27.0156,69.5348
2026-07-21T16:04:17.039,32.3844,26.8393,69.2215
2026-07-21T16:04:17.047,32.426,26.4869,69.1236
2026-07-21T16:04:17.063,32.426,27.1526,68.9082
2026-07-21T16:04:17.071,32.4324,26.7219,68.5949
2026-07-21T16:04:17.078,32.4324,26.5456,68.2229
2026-07-21T16:04:17.078,32.4438,26.2323,68.4579
2026-07-21T16:04:17.101,32.4684,26.7414,68.4774
2026-07-21T16:04:17.117,32.4684,27.0352,68.1054
2026-07-21T16:04:17.126,32.4802,26.5065,67.7138
2026-07-21T16:04:17.126,32.4802,26.1149,67.8313
2026-07-21T16:04:17.142,32.4802,26.5456,67.9683
2026-07-21T16:04:17.158,32.5115,26.5652,67.5963
2026-07-21T16:04:17.162,32.5115,26.154,67.7138
2026-07-21T16:04:17.174,32.5115,26.0365,67.5767
2026-07-21T16:04:17.174,32.5115,26.2323,67.3418
2026-07-21T16:04:17.190,32.5545,26.3694,66.5585
2026-07-21T16:04:17.205,32.5595,25.8799,66.4019
2026-07-21T16:04:17.205,32.5595,25.7037,66.4802
2026-07-21T16:04:17.205,32.5687,26.0757,66.9501
2026-07-21T16:04:17.231,32.5948,26.1932,66.7348
2026-07-21T16:04:17.238,32.5948,25.9386,67.2047
2026-07-21T16:04:17.253,32.6041,26.0561,67.1655
2026-07-21T16:04:17.253,32.6081,26.0365,67.4201
2026-07-21T16:04:17.275,32.6445,26.2715,67.2634
2026-07-21T16:04:17.288,32.6445,25.9386,66.9501
2026-07-21T16:04:17.288,32.6445,25.7624,66.4802
2026-07-21T16:04:17.302,32.6539,25.6449,66.676
2026-07-21T16:04:17.302,32.6859,25.6841,66.4215
2026-07-21T16:04:17.332,32.6859,25.6645,66.4215
2026-07-21T16:04:17.332,32.6859,25.4491,66.5585
2026-07-21T16:04:17.338,32.6859,25.5079,67.0676
2026-07-21T16:04:17.347,32.6859,25.8211,66.7935
2026-07-21T16:04:17.378,32.7203,25.7037,66.4606
2026-07-21T16:04:17.380,32.7203,25.4687,66.5194
2026-07-21T16:04:17.380,32.7203,25.4491,66.9893
2026-07-21T16:04:17.380,32.7339,25.9974,67.0089
2026-07-21T16:04:17.397,32.7659,25.8799,66.4802
2026-07-21T16:04:17.414,32.7689,25.6841,66.1082
2026-07-21T16:04:17.414,32.7689,25.5079,66.5389
2026-07-21T16:04:17.427,32.7689,25.8799,66.9893
2026-07-21T16:04:17.446,32.8018,26.389,67.1264
2026-07-21T16:04:17.446,32.8018,25.7428,67.4592
2026-07-21T16:04:17.459,32.8135,25.6841,67.9879
2026-07-21T16:04:17.462,32.8135,26.4282,68.3795
2026-07-21T16:04:17.486,32.8464,26.2128,68.497
2026-07-21T16:04:17.491,32.8464,25.9974,68.8103
2026-07-21T16:04:17.495,32.8464,25.8799,69.574
2026-07-21T16:04:17.507,32.8621,26.2519,70.1026
2026-07-21T16:04:17.523,32.8942,26.3498,69.9068
2026-07-21T16:04:17.540,32.8942,26.0365,69.3782
2026-07-21T16:04:17.540,32.9049,25.782,69.2998
2026-07-21T16:04:17.540,32.9099,25.9974,69.2607
2026-07-21T16:04:17.561,32.9099,26.1736,68.8691
2026-07-21T16:04:17.573,32.9477,25.9974,68.7907
2026-07-21T16:04:17.588,32.9497,25.5862,68.9865
2026-07-21T16:04:17.588,32.9538,25.9974,69.1236
2026-07-21T16:04:17.603,32.9568,26.2519,68.7907
2026-07-21T16:04:17.603,32.9568,25.9191,68.6341
2026-07-21T16:04:17.619,32.9892,25.8211,69.2607
2026-07-21T16:04:17.635,32.9912,26.0365,69.7306
2026-07-21T16:04:17.643,32.9912,26.1736,69.5152
2026-07-21T16:04:17.650,32.9912,26.017,68.7907
2026-07-21T16:04:17.679,33.0334,25.8603,68.7907
2026-07-21T16:04:17.679,33.0354,26.017,68.8495
2026-07-21T16:04:17.683,33.0381,26.2323,69.1432
2026-07-21T16:04:17.685,33.0421,26.2715,68.7907
2026-07-21T16:04:17.707,33.0715,25.7037,69.1236
2026-07-21T16:04:17.707,33.0715,26.017,69.3586
2026-07-21T16:04:17.719,33.0715,26.3694,69.6131
2026-07-21T16:04:17.732,33.0843,26.1932,69.6523
2026-07-21T16:04:17.740,33.0843,26.0365,69.4565
2026-07-21T16:04:17.765,33.1211,25.9582,69.4173
2026-07-21T16:04:17.765,33.1231,25.9778,69.3782
2026-07-21T16:04:17.765,33.1251,26.017,69.0844
2026-07-21T16:04:17.778,33.131,25.9778,69.0453
2026-07-21T16:04:17.793,33.1652,26.1149,69.7306
2026-07-21T16:04:17.809,33.1713,26.5065,69.8089
2026-07-21T16:04:17.815,33.1733,26.0757,69.6131
2026-07-21T16:04:17.821,33.1803,25.8407,68.732
2026-07-21T16:04:17.827,33.1864,25.2729,69.1432
2026-07-21T16:04:17.844,33.2107,26.1344,68.9278
2026-07-21T16:04:17.844,33.2107,25.8211,69.0844
2026-07-21T16:04:17.863,33.2107,25.782,69.2607
2026-07-21T16:04:17.872,33.2107,25.41,69.7306
2026-07-21T16:04:17.882,33.2467,25.8995,69.6719
2026-07-21T16:04:17.904,33.2579,25.6841,68.8299
2026-07-21T16:04:17.904,33.2579,25.6645,68.0075
2026-07-21T16:04:17.904,33.2694,25.6253,68.6145
2026-07-21T16:04:17.920,33.2736,26.0757,68.9865
2026-07-21T16:04:17.932,33.3055,26.4086,69.0453
2026-07-21T16:04:17.940,33.3055,25.9191,69.339
2026-07-21T16:04:17.951,33.3055,25.547,69.8481
2026-07-21T16:04:17.963,33.3055,26.1149,69.7502
2026-07-21T16:04:17.973,33.3216,26.1344,69.0453
2026-07-21T16:04:17.983,33.3562,25.8603,67.9096
2026-07-21T16:04:17.984,33.3579,25.3904,68.3795
2026-07-21T16:04:17.999,33.3579,25.8016,68.4187
2026-07-21T16:04:17.999,33.3579,25.782,68.7712
2026-07-21T16:04:18.015,33.3926,25.7624,69.2215
2026-07-21T16:04:18.031,33.3926,25.8799,69.2998
2026-07-21T16:04:18.041,33.4035,26.154,69.2019
2026-07-21T16:04:18.052,33.4067,25.9582,68.3991
2026-07-21T16:04:18.064,33.4067,25.6253,67.7334
2026-07-21T16:04:18.086,33.4438,25.4491,68.0467
2026-07-21T16:04:18.086,33.4444,25.6645,68.5362
2026-07-21T16:04:18.086,33.4474,26.0365,68.7124
2026-07-21T16:04:18.100,33.4494,25.8407,68.8886
2026-07-21T16:04:18.111,33.487,25.7428,69.1432
2026-07-21T16:04:18.131,33.489,25.9386,69.104
2026-07-21T16:04:18.133,33.493,25.9582,68.5753
2026-07-21T16:04:18.143,33.4993,25.7232,67.89
2026-07-21T16:04:18.152,33.5034,25.6058,67.8509
2026-07-21T16:04:18.159,33.5234,25.9974,68.7124
2026-07-21T16:04:18.175,33.5316,26.3694,68.7516
2026-07-21T16:04:18.183,33.5357,25.9582,69.1823
2026-07-21T16:04:18.195,33.5417,25.9778,69.0844
2026-07-21T16:04:18.207,33.5701,26.0953,69.4173
2026-07-21T16:04:18.217,33.5733,26.0365,68.5362
2026-07-21T16:04:18.223,33.5772,25.782,68.3795
2026-07-21T16:04:18.233,33.58,25.782,68.5362
2026-07-21T16:04:18.246,33.6135,26.2519,69.3977
2026-07-21T16:04:18.261,33.6135,26.4673,69.4761
2026-07-21T16:04:18.261,33.6135,26.2323,69.7306
2026-07-21T16:04:18.273,33.6239,26.1149,69.6719
2026-07-21T16:04:18.274,33.6284,25.9778,69.3586
2026-07-21T16:04:18.302,33.656,26.0561,69.104
2026-07-21T16:04:18.302,33.656,26.017,68.9865
2026-07-21T16:04:18.307,33.6689,26.154,69.1432
2026-07-21T16:04:18.322,33.6715,26.154,69.5348
2026-07-21T16:04:18.342,33.7031,25.8603,69.6914
2026-07-21T16:04:18.342,33.7038,26.2715,69.8677
2026-07-21T16:04:18.350,33.7038,25.9191,69.339
2026-07-21T16:04:18.362,33.7038,25.7037,69.0257
2026-07-21T16:04:18.365,33.7038,25.9974,69.0257
2026-07-21T16:04:18.382,33.7393,26.0953,68.6732
2026-07-21T16:04:18.382,33.7393,25.8407,68.7907
2026-07-21T16:04:18.397,33.7506,25.8799,69.0649
2026-07-21T16:04:18.397,33.7506,25.9191,68.967
2026-07-21T16:04:18.433,33.7823,25.8603,68.3012
2026-07-21T16:04:18.433,33.7823,25.3904,67.6746
2026-07-21T16:04:18.433,33.7823,25.2141,67.4592
2026-07-21T16:04:18.444,33.8236,25.5666,67.2243
2026-07-21T16:04:18.465,33.8276,25.3316,66.8914
2026-07-21T16:04:18.465,33.8297,24.7638,66.5781
2026-07-21T16:04:18.476,33.8306,24.568,66.9501
2026-07-21T16:04:18.492,33.8624,25.175,67.0676
2026-07-21T16:04:18.513,33.8708,24.8225,66.9501
2026-07-21T16:04:18.513,33.8708,24.6463,67.0285
2026-07-21T16:04:18.521,33.8775,24.568,67.0872
2026-07-21T16:04:18.524,33.8775,24.9596,66.9501
2026-07-21T16:04:18.556,33.9104,24.9792,66.7739
2026-07-21T16:04:18.556,33.9104,24.8029,67.0285
2026-07-21T16:04:18.564,33.9104,24.6267,67.6746
2026-07-21T16:04:18.571,33.9224,25.0575,67.753
2026-07-21T16:04:18.588,33.9564,24.8813,67.283
2026-07-21T16:04:18.604,33.9569,24.7638,66.7935
2026-07-21T16:04:18.604,33.9569,24.4113,66.5194
2026-07-21T16:04:18.604,33.9569,24.7442,66.1669
2026-07-21T16:04:18.618,33.9725,24.6659,65.8145
2026-07-21T16:04:18.634,34.003,24.568,65.0312
2026-07-21T16:04:18.644,34.003,24.1959,65.1291
2026-07-21T16:04:18.650,34.003,24.5288,65.2466
2026-07-21T16:04:18.650,34.003,24.568,65.1683
2026-07-21T16:04:18.667,34.0478,24.4505,64.7767
2026-07-21T16:04:18.693,34.0478,24.0393,64.8354
2026-07-21T16:04:18.695,34.0543,24.2743,65.0116
2026-07-21T16:04:18.697,34.0563,24.4113,64.7571
2026-07-21T16:04:18.712,34.0604,24.2351,64.7963
2026-07-21T16:04:18.712,34.0917,24.0785,64.8942
2026-07-21T16:04:18.739,34.0938,24.2938,65.3054
2026-07-21T16:04:18.744,34.099,24.7442,65.0508
2026-07-21T16:04:18.752,34.103,24.2743,64.3459
2026-07-21T16:04:18.765,34.1285,23.961,64.3067
2026-07-21T16:04:18.781,34.1285,24.2938,64.4242
2026-07-21T16:04:18.783,34.1285,24.5092,64.248
2026-07-21T16:04:18.795,34.1285,24.3134,64.5417
2026-07-21T16:04:18.801,34.1465,24.4897,64.4438
2026-07-21T16:04:18.822,34.1732,24.1764,64.7571
2026-07-21T16:04:18.822,34.1752,24.7638,64.5025
2026-07-21T16:04:18.822,34.1798,24.1764,63.9543
2026-07-21T16:04:18.842,34.1798,24.3918,63.7389
2026-07-21T16:04:18.865,34.2087,24.1959,64.4046
2026-07-21T16:04:18.865,34.2087,25.1946,64.4438
2026-07-21T16:04:18.873,34.2238,24.9009,64.6396
2026-07-21T16:04:18.873,34.2238,25.1554,64.4438
2026-07-21T16:04:18.895,34.2587,24.5288,64.8354
2026-07-21T16:04:18.902,34.2587,25.0575,64.4046
2026-07-21T16:04:18.902,34.2587,25.2337,64.1305
2026-07-21T16:04:18.917,34.2729,24.8813,64.248
2026-07-21T16:04:18.933,34.3053,24.6463,65.227
2026-07-21T16:04:18.951,34.3053,25.4295,65.2858
2026-07-21T16:04:18.952,34.3053,25.2925,65.0704
2026-07-21T16:04:18.952,34.3188,24.94,64.7963
2026-07-21T16:04:18.966,34.3188,24.8617,65.0704
2026-07-21T16:04:18.982,34.3517,25.1946,65.1487
2026-07-21T16:04:18.999,34.3517,25.0771,64.1893
2026-07-21T16:04:18.999,34.3517,24.6463,63.7976
2026-07-21T16:04:19.012,34.3719,24.6463,64.3851
2026-07-21T16:04:19.012,34.3768,25.175,64.483
2026-07-21T16:04:19.045,34.3982,25.4883,64.3851
2026-07-21T16:04:19.045,34.3982,24.8617,64.855
2026-07-21T16:04:19.045,34.414,24.7442,64.9725
2026-07-21T16:04:19.066,34.414,24.9596,65.227
2026-07-21T16:04:19.070,34.414,25.312,64.6788
2026-07-21T16:04:19.083,34.4463,24.705,64.2872
2026-07-21T16:04:19.092,34.4521,24.7246,64.5025
2026-07-21T16:04:19.092,34.4521,24.9204,64.6984
2026-07-21T16:04:19.108,34.4614,25.1946,64.6592
2026-07-21T16:04:19.123,34.4961,24.7834,64.8354
2026-07-21T16:04:19.140,34.5001,24.7834,64.7767
2026-07-21T16:04:19.140,34.5001,24.6855,65.0312
2026-07-21T16:04:19.155,34.5061,24.9009,64.483
2026-07-21T16:04:19.160,34.5081,24.705,63.9934
2026-07-21T16:04:19.182,34.5331,24.4505,63.9543
2026-07-21T16:04:19.182,34.5399,24.5092,64.8746
2026-07-21T16:04:19.194,34.5409,24.9009,65.227
2026-07-21T16:04:19.206,34.5409,24.8225,65.227
2026-07-21T16:04:19.207,34.5794,24.2938,65.1879
2026-07-21T16:04:19.227,34.5814,24.4113,65.1879
2026-07-21T16:04:19.233,34.5834,25.2337,64.8158
2026-07-21T16:04:19.246,34.5891,24.8029,64.5025
2026-07-21T16:04:19.267,34.6067,24.6267,65.0508
2026-07-21T16:04:19.267,34.6067,24.7834,65.9124
2026-07-21T16:04:19.271,34.6206,24.9596,65.9515
2026-07-21T16:04:19.283,34.6632,25.2925,65.5207
2026-07-21T16:04:19.285,34.6748,24.6855,64.9333
2026-07-21T16:04:19.300,34.6768,24.2743,64.6592
2026-07-21T16:04:19.314,34.6828,24.6463,64.5221
2026-07-21T16:04:19.319,34.6828,24.6463,64.2284
2026-07-21T16:04:19.330,34.7144,24.2547,64.2284
2026-07-21T16:04:19.330,34.7144,24.3134,64.9333
2026-07-21T16:04:19.357,34.7144,24.5484,64.7179
2026-07-21T16:04:19.366,34.7144,24.705,64.1109
2026-07-21T16:04:19.376,34.7144,24.1176,63.406
2026-07-21T16:04:19.376,34.7305,23.7064,63.5627
2026-07-21T16:04:19.392,34.7602,24.3134,63.7193
2026-07-21T16:04:19.392,34.7602,24.4897,63.7976
2026-07-21T16:04:19.408,34.7659,24.3918,64.013
2026-07-21T16:04:19.424,34.7744,23.961,64.4438
2026-07-21T16:04:19.431,34.7957,24.4505,64.3851
2026-07-21T16:04:19.450,34.7957,24.4113,63.7193
2026-07-21T16:04:19.452,34.7957,24.0001,62.8382
2026-07-21T16:04:19.463,34.8169,23.4323,62.8382
2026-07-21T16:04:19.489,34.8421,23.9414,63.034
2026-07-21T16:04:19.489,34.8421,23.8827,63.0144
2026-07-21T16:04:19.489,34.8421,23.8239,63.0536
2026-07-21T16:04:19.506,34.8581,23.6281,63.3473
2026-07-21T16:04:19.512,34.8581,23.7847,63.6802
2026-07-21T16:04:19.536,34.8907,23.9022,63.1319
2026-07-21T16:04:19.536,34.8907,24.0393,62.8186
2026-07-21T16:04:19.536,34.8907,23.6673,63.3669
2026-07-21T16:04:19.552,34.9098,23.9218,63.7781
2026-07-21T16:04:19.568,34.9392,24.2743,64.1697
2026-07-21T16:04:19.582,34.9392,24.1764,64.3851
2026-07-21T16:04:19.582,34.9392,23.8435,64.5025
2026-07-21T16:04:19.584,34.9392,23.8239,64.5221
2026-07-21T16:04:19.603,34.9555,23.8827,64.0326
2026-07-21T16:04:19.617,34.9724,23.7652,63.9739
2026-07-21T16:04:19.628,34.9864,23.6281,63.6606
2026-07-21T16:04:19.633,34.9882,23.5302,64.4634
2026-07-21T16:04:19.633,34.9931,24.0785,64.8746
2026-07-21T16:04:19.666,35.0212,24.4505,64.2872
2026-07-21T16:04:19.666,35.0212,24.0393,63.5039
2026-07-21T16:04:19.666,35.0212,23.8043,63.5431
2026-07-21T16:04:19.684,35.0345,24.0197,63.406
2026-07-21T16:04:19.711,35.0656,23.7847,63.1711
2026-07-21T16:04:19.711,35.0696,23.6085,63.0144
2026-07-21T16:04:19.714,35.0696,23.4715,63.9151
2026-07-21T16:04:19.726,35.0798,24.0001,64.6005
2026-07-21T16:04:19.728,35.1124,24.2351,64.8158
2026-07-21T16:04:19.742,35.1124,24.1764,64.4242
2026-07-21T16:04:19.756,35.1124,23.5498,64.6984
2026-07-21T16:04:19.763,35.1124,23.9218,64.2284
2026-07-21T16:04:19.768,35.1281,23.6868,63.8955
2026-07-21T16:04:19.790,35.1551,23.5498,63.3864
2026-07-21T16:04:19.790,35.1594,23.0211,63.876
2026-07-21T16:04:19.805,35.1594,23.7064,64.013
2026-07-21T16:04:19.806,35.1594,23.7456,64.1501
2026-07-21T16:04:19.822,35.1753,23.4519,64.2872
2026-07-21T16:04:19.829,35.2015,23.3148,64.483
2026-07-21T16:04:19.847,35.2035,23.8435,64.4634
2026-07-21T16:04:19.853,35.2113,23.7652,64.2284
2026-07-21T16:04:19.853,35.2113,23.7456,64.1305
2026-07-21T16:04:19.888,35.2465,23.5694,65.0704
2026-07-21T16:04:19.888,35.2465,24.0589,66.069
2026-07-21T16:04:19.895,35.2514,24.2155,66.7543
2026-07-21T16:04:19.903,35.2597,24.1764,66.4998
2026-07-21T16:04:19.905,35.2866,23.8239,65.5795
2026-07-21T16:04:19.935,35.2866,23.6477,65.0312
2026-07-21T16:04:19.935,35.2866,23.6085,64.6396
2026-07-21T16:04:19.948,35.3034,23.2756,63.5235
2026-07-21T16:04:19.951,35.3054,23.0015,62.7599
2026-07-21T16:04:19.980,35.3365,22.5512,61.8787
2026-07-21T16:04:19.980,35.3365,22.5707,60.1752
2026-07-21T16:04:19.980,35.3433,22.1008,57.8451
2026-07-21T16:04:19.980,35.3531,21.2197,54.2226
2026-07-21T16:04:20.005,35.3563,20.1427,50.0715
2026-07-21T16:04:20.025,35.3827,19.3203,44.3735
2026-07-21T16:04:20.025,35.3903,17.5776,37.3832
2026-07-21T16:04:20.030,35.4018,14.6601,30.7062
2026-07-21T16:04:20.043,35.4164,11.7622,25.2823
2026-07-21T16:04:20.050,35.4302,9.9607,19.7213
2026-07-21T16:04:20.076,35.4736,8.2376,14.9241
2026-07-21T16:04:20.076,35.4736,6.2991,10.3813
2026-07-21T16:04:20.076,35.4777,4.5956,7.8358
2026-07-21T16:04:20.095,35.4943,4.0082,5.8386
2026-07-21T16:04:20.110,35.4943,3.8124,4.5658
2026-07-21T16:04:20.122,35.4943,3.7341,3.4889
2026-07-21T16:04:20.122,35.5022,3.3424,3.5281
2026-07-21T16:04:20.138,35.5412,3.7732,3.3323
2026-07-21T16:04:20.150,35.542,3.7536,3.156
2026-07-21T16:04:20.167,35.5583,4.204,3.156
2026-07-21T16:04:20.167,35.5598,3.9886,3.3714
2026-07-21T16:04:20.187,35.5611,4.3802,3.7043
2026-07-21T16:04:20.188,35.5611,4.7131,3.8022
2026-07-21T16:04:20.188,35.5611,4.7718,3.7434
2026-07-21T16:04:20.204,35.5735,4.5564,3.5085
2026-07-21T16:04:20.224,35.594,4.4977,3.7434
2026-07-21T16:04:20.230,35.594,4.8306,3.7826
2026-07-21T16:04:20.233,35.6046,5.1634,3.5281
2026-07-21T16:04:20.242,35.6052,4.5369,3.2539
2026-07-21T16:04:20.255,35.6052,4.3802,3.7043
2026-07-21T16:04:20.255,35.6052,4.8697,3.6064
2026-07-21T16:04:20.274,35.6391,4.7131,3.7043
2026-07-21T16:04:20.288,35.6391,4.5369,3.2343
2026-07-21T16:04:20.288,35.6436,4.4585,3.7826
2026-07-21T16:04:20.299,35.6436,4.9285,3.6455
2026-07-21T16:04:20.315,35.6736,4.8893,3.5281
2026-07-21T16:04:20.331,35.6736,4.6348,3.2931
2026-07-21T16:04:20.331,35.6736,4.4585,3.8805
2026-07-21T16:04:20.344,35.6736,5.2418,3.7239
2026-07-21T16:04:20.361,35.6997,4.9089,3.9588
2026-07-21T16:04:20.361,35.6997,4.9089,3.6455
2026-07-21T16:04:20.367,35.7157,4.6152,3.9001
2026-07-21T16:04:20.377,35.7426,4.8502,3.7826
2026-07-21T16:04:20.393,35.7446,4.8697,3.7043
2026-07-21T16:04:20.393,35.7446,5.1047,3.391
2026-07-21T16:04:20.410,35.7737,4.4585,3.5672
2026-07-21T16:04:20.425,35.7757,4.7327,3.7434
2026-07-21T16:04:20.434,35.7777,4.8697,3.5476
2026-07-21T16:04:20.441,35.7787,4.7523,3.3714
2026-07-21T16:04:20.458,35.8104,4.7523,3.5868
2026-07-21T16:04:20.458,35.8104,4.7914,3.9197
2026-07-21T16:04:20.472,35.8163,4.9872,3.6847
2026-07-21T16:04:20.472,35.8419,4.7718,3.4693
2026-07-21T16:04:20.489,35.8433,4.5369,3.6847
2026-07-21T16:04:20.506,35.8433,5.2614,4.37
2026-07-21T16:04:20.510,35.8737,5.5746,4.0763
2026-07-21T16:04:20.520,35.879,5.046,3.8414
2026-07-21T16:04:20.520,35.879,4.8893,3.998
2026-07-21T16:04:20.537,35.879,5.0851,4.2525
2026-07-21T16:04:20.552,35.9067,5.2222,3.8609
2026-07-21T16:04:20.567,35.9067,5.2418,3.9588
2026-07-21T16:04:20.573,35.9067,4.6739,3.5085
2026-07-21T16:04:20.586,35.9437,5.0851,3.9197
2026-07-21T16:04:20.599,35.9457,5.4376,3.9197
2026-07-21T16:04:20.600,35.9477,5.0264,3.9393
2026-07-21T16:04:20.616,35.9738,4.7523,3.763
2026-07-21T16:04:20.631,35.9758,5.1439,4.3113
2026-07-21T16:04:20.635,35.9758,5.183,3.9588
2026-07-21T16:04:20.643,35.9758,5.3984,4.0176
2026-07-21T16:04:20.664,36.0009,4.9285,3.7239
2026-07-21T16:04:20.664,36.0009,5.046,3.998
2026-07-21T16:04:20.669,36.0009,4.7131,3.6455
2026-07-21T16:04:20.679,36.0335,4.5956,3.4693
2026-07-21T16:04:20.694,36.0335,4.8697,3.7239
2026-07-21T16:04:20.694,36.0335,5.0068,4.1155
2026-07-21T16:04:20.717,36.0678,5.2809,4.0567
2026-07-21T16:04:20.727,36.0678,5.1634,3.8414
2026-07-21T16:04:20.727,36.0698,4.9089,3.6847
2026-07-21T16:04:20.746,36.0978,4.7718,3.8022
2026-07-21T16:04:20.759,36.0978,4.9089,3.8022
2026-07-21T16:04:20.763,36.0978,5.0264,3.7434
2026-07-21T16:04:20.779,36.1282,4.8697,3.6847
2026-07-21T16:04:20.790,36.1282,4.9285,4.0567
2026-07-21T16:04:20.791,36.1282,5.2809,4.1546
2026-07-21T16:04:20.811,36.1603,5.1439,3.8022
2026-07-21T16:04:20.811,36.1603,4.9481,3.6651
2026-07-21T16:04:20.822,36.1623,4.6543,3.9393
2026-07-21T16:04:20.838,36.1919,5.2418,3.9197
2026-07-21T16:04:20.853,36.1919,4.9676,3.8022
2026-07-21T16:04:20.854,36.1919,4.9481,3.5868
2026-07-21T16:04:20.867,36.2245,4.7718,4.0567
2026-07-21T16:04:20.875,36.2245,5.8879,4.0176
2026-07-21T16:04:20.885,36.2245,5.2809,3.8022
2026-07-21T16:04:20.893,36.2573,5.2614,3.8805
2026-07-21T16:04:20.903,36.2597,4.6543,3.8609
2026-07-21T16:04:20.914,36.2597,5.046,3.8609
2026-07-21T16:04:20.918,36.2597,4.9481,3.7826
2026-07-21T16:04:20.949,36.2864,4.8306,3.5085
2026-07-21T16:04:20.949,36.2864,4.6348,3.8218
2026-07-21T16:04:20.953,36.2864,5.2614,3.9393
2026-07-21T16:04:20.980,36.3196,5.0851,3.9197
2026-07-21T16:04:20.980,36.3196,5.1243,3.7043
2026-07-21T16:04:20.980,36.3196,4.5956,4.1546
2026-07-21T16:04:20.980,36.3196,4.9676,3.8609
2026-07-21T16:04:21.013,36.3601,4.9481,3.763
2026-07-21T16:04:21.013,36.3601,4.9872,3.5868
2026-07-21T16:04:21.013,36.3656,4.7131,3.7239
2026-07-21T16:04:21.029,36.3824,5.0264,4.0959
2026-07-21T16:04:21.043,36.3824,5.2222,4.0763
2026-07-21T16:04:21.054,36.3824,5.0264,3.9001
2026-07-21T16:04:21.068,36.4221,4.7914,3.7826
2026-07-21T16:04:21.076,36.4241,5.0264,3.9784
2026-07-21T16:04:21.076,36.4241,5.1439,3.7434
2026-07-21T16:04:21.094,36.4534,5.2026,3.5672
2026-07-21T16:04:21.110,36.4554,4.6543,3.8609
2026-07-21T16:04:21.112,36.4554,4.811,4.0959
2026-07-21T16:04:21.122,36.4755,5.2222,3.9588
2026-07-21T16:04:21.139,36.4755,4.9676,3.6651
2026-07-21T16:04:21.139,36.4755,4.7327,3.6455
2026-07-21T16:04:21.154,36.5084,4.7327,3.8414
2026-07-21T16:04:21.169,36.5084,5.046,3.8218
2026-07-21T16:04:21.169,36.5084,5.0655,3.6847
2026-07-21T16:04:21.169,36.5084,4.8697,3.4889
2026-07-21T16:04:21.185,36.5439,4.6935,4.0176
2026-07-21T16:04:21.202,36.5439,5.0851,3.8609
2026-07-21T16:04:21.202,36.5439,5.1047,3.8022
2026-07-21T16:04:21.227,36.5819,4.8893,3.4889
2026-07-21T16:04:21.237,36.5819,4.5369,3.8022
2026-07-21T16:04:21.237,36.5866,4.9676,3.8218
2026-07-21T16:04:21.255,36.6087,4.9872,3.8414
2026-07-21T16:04:21.268,36.6087,4.8697,3.7434
2026-07-21T16:04:21.275,36.6087,4.811,3.8218
2026-07-21T16:04:21.281,36.6189,5.046,3.9001
2026-07-21T16:04:21.302,36.6463,5.2418,3.8609
2026-07-21T16:04:21.302,36.6463,4.9872,3.7239
2026-07-21T16:04:21.312,36.6745,4.5173,3.8414
2026-07-21T16:04:21.334,36.6745,4.7914,3.8805
2026-07-21T16:04:21.340,36.6826,4.8893,3.6651
2026-07-21T16:04:21.345,36.6826,4.8893,3.4302
2026-07-21T16:04:21.368,36.6985,4.4977,3.8218
2026-07-21T16:04:21.368,36.6985,4.8697,3.7826
2026-07-21T16:04:21.368,36.7142,4.9872,3.6847
2026-07-21T16:04:21.392,36.7376,4.7327,3.3714
2026-07-21T16:04:21.392,36.7376,4.5369,3.8218
2026-07-21T16:04:21.392,36.7437,4.9285,3.8218
2026-07-21T16:04:21.409,36.7706,4.8893,3.5672
2026-07-21T16:04:21.431,36.7706,4.6935,3.4302
2026-07-21T16:04:21.431,36.7746,4.6543,3.5085
2026-07-21T16:04:21.442,36.7936,4.6348,3.763
2026-07-21T16:04:21.458,36.7936,4.9285,3.6651
2026-07-21T16:04:21.458,36.7936,4.7327,3.6064
2026-07-21T16:04:21.480,36.825,4.6739,3.4693
2026-07-21T16:04:21.487,36.825,4.6739,3.8609
2026-07-21T16:04:21.487,36.825,4.9872,3.763
2026-07-21T16:04:21.503,36.862,4.8306,3.6064
2026-07-21T16:04:21.519,36.862,4.6935,3.6651
2026-07-21T16:04:21.519,36.862,4.4977,3.8022
2026-07-21T16:04:21.519,36.862,4.9089,3.7043
2026-07-21T16:04:21.551,36.8947,4.7523,3.7239
2026-07-21T16:04:21.551,36.8947,4.7718,3.4693
2026-07-21T16:04:21.566,36.9202,4.5369,3.8414
2026-07-21T16:04:21.583,36.9202,4.9089,3.6455
2026-07-21T16:04:21.584,36.9202,4.8502,3.8022
2026-07-21T16:04:21.595,36.9556,4.7718,3.4302
2026-07-21T16:04:21.614,36.9556,4.4977,3.9784
2026-07-21T16:04:21.614,36.9576,5.3201,3.8022
2026-07-21T16:04:21.614,36.9596,4.9089,3.763
2026-07-21T16:04:21.647,36.988,4.9089,3.3714
2026-07-21T16:04:21.647,36.988,4.4977,3.8218
2026-07-21T16:04:21.655,37.0151,5.0264,3.7239
2026-07-21T16:04:21.665,37.0191,5.0264,3.7434
2026-07-21T16:04:21.677,37.0212,4.7718,3.4889
2026-07-21T16:04:21.682,37.0212,4.4781,3.7043
2026-07-21T16:04:21.694,37.0487,4.8697,3.8805
2026-07-21T16:04:21.709,37.0487,5.0068,3.6847
2026-07-21T16:04:21.713,37.0487,4.7523,3.5281
2026-07-21T16:04:21.725,37.0821,4.5564,3.8218
2026-07-21T16:04:21.742,37.0821,4.6935,3.8609
2026-07-21T16:04:21.742,37.0841,4.9676,3.626
2026-07-21T16:04:21.759,37.1115,4.6348,3.5085
2026-07-21T16:04:21.772,37.1115,4.6152,3.5672
2026-07-21T16:04:21.773,37.1115,4.7131,3.9393
2026-07-21T16:04:21.788,37.1409,5.0068,3.6651
2026-07-21T16:04:21.801,37.1425,4.8306,3.6064
2026-07-21T16:04:21.801,37.1425,4.7523,3.6455
2026-07-21T16:04:21.819,37.1634,4.6152,3.8805
2026-07-21T16:04:21.832,37.1634,5.0264,3.6064
2026-07-21T16:04:21.835,37.1634,4.7718,3.7434
2026-07-21T16:04:21.847,37.2012,4.8306,3.8609
2026-07-21T16:04:21.857,37.2012,4.6152,3.9197
2026-07-21T16:04:21.857,37.2035,5.0655,3.8218
2026-07-21T16:04:21.891,37.2275,4.6348,3.7434
2026-07-21T16:04:21.891,37.2275,4.9481,3.4302
2026-07-21T16:04:21.897,37.2275,4.5956,3.998
2026-07-21T16:04:21.921,37.264,5.046,3.7434
2026-07-21T16:04:21.921,37.2647,4.811,3.6847
2026-07-21T16:04:21.921,37.2667,5.0068,3.4106
2026-07-21T16:04:21.950,37.2962,4.5173,3.9197
2026-07-21T16:04:21.954,37.2962,5.2614,3.8414
2026-07-21T16:04:21.956,37.2982,4.9676,3.8022
2026-07-21T16:04:21.962,37.3002,4.8893,3.391
2026-07-21T16:04:21.988,37.3344,4.4781,3.9197
2026-07-21T16:04:21.988,37.3344,5.0851,3.9784
2026-07-21T16:04:21.996,37.3477,5.1439,3.6847
2026-07-21T16:04:22.009,37.3756,4.7523,3.4497
2026-07-21T16:04:22.028,37.3756,4.439,3.8609
2026-07-21T16:04:22.028,37.3756,4.8697,3.998
2026-07-21T16:04:22.036,37.3796,5.2026,3.5868
2026-07-21T16:04:22.043,37.3956,4.6348,3.4889
2026-07-21T16:04:22.053,37.4116,4.5173,3.9001
2026-07-21T16:04:22.058,37.4136,4.9676,3.8805
2026-07-21T16:04:22.073,37.4136,5.1047,3.5868
2026-07-21T16:04:22.089,37.4444,4.6348,3.5868
2026-07-21T16:04:22.089,37.4444,4.6935,3.626
2026-07-21T16:04:22.105,37.4444,4.7131,3.8805
2026-07-21T16:04:22.137,37.4756,5.0068,3.8805
2026-07-21T16:04:22.137,37.4756,4.7523,3.6651
2026-07-21T16:04:22.137,37.4756,4.6543,3.6847
2026-07-21T16:04:22.144,37.4756,4.9481,3.9393
2026-07-21T16:04:22.169,37.5077,5.183,3.6064
2026-07-21T16:04:22.169,37.5077,4.6543,3.626
2026-07-21T16:04:22.169,37.5077,4.8502,3.5868
2026-07-21T16:04:22.185,37.5394,4.6348,3.9784
2026-07-21T16:04:22.201,37.5394,5.0655,3.7239
2026-07-21T16:04:22.201,37.5394,4.7914,3.6847
2026-07-21T16:04:22.233,37.5757,4.7718,3.4106
2026-07-21T16:04:22.233,37.579,4.5369,4.1155
2026-07-21T16:04:22.233,37.579,5.2614,3.8609
2026-07-21T16:04:22.233,37.6046,4.9481,3.7434
2026-07-21T16:04:22.254,37.6046,4.7131,3.4302
2026-07-21T16:04:22.265,37.6046,4.7327,3.9001
2026-07-21T16:04:22.275,37.6137,4.9872,3.9001
2026-07-21T16:04:22.298,37.6344,5.0068,3.5868
2026-07-21T16:04:22.298,37.6344,4.6348,3.4497
2026-07-21T16:04:22.298,37.6344,4.5369,3.8414
2026-07-21T16:04:22.328,37.6759,5.0655,3.8805
2026-07-21T16:04:22.328,37.6759,5.0264,3.5085
2026-07-21T16:04:22.328,37.6759,4.5956,3.6847
2026-07-21T16:04:22.344,37.6816,4.6543,3.8022
2026-07-21T16:04:22.360,37.6978,4.9285,3.9197
2026-07-21T16:04:22.360,37.6978,5.0068,3.5868
2026-07-21T16:04:22.376,37.7371,4.6739,3.5476
2026-07-21T16:04:22.391,37.7371,4.4781,3.7239
2026-07-21T16:04:22.391,37.7371,4.8306,4.1546
2026-07-21T16:04:22.391,37.7682,5.2222,3.6455
2026-07-21T16:04:22.426,37.7682,4.6935,3.6847
2026-07-21T16:04:22.426,37.7682,4.5369,3.7434
2026-07-21T16:04:22.431,37.7761,4.8306,3.9001
2026-07-21T16:04:22.462,37.7931,5.046,3.7434
2026-07-21T16:04:22.462,37.808,4.7523,3.763
2026-07-21T16:04:22.462,37.808,4.5173,3.5476
2026-07-21T16:04:22.481,37.8397,4.7327,4.233
2026-07-21T16:04:22.481,37.8397,5.3005,3.7826
2026-07-21T16:04:22.487,37.8397,5.0264,3.4889
2026-07-21T16:04:22.502,37.8397,4.5564,3.7826
2026-07-21T16:04:22.518,37.8713,4.7914,3.8805
2026-07-21T16:04:22.533,37.8764,4.9872,3.8218
2026-07-21T16:04:22.533,37.8783,4.8502,3.5672
2026-07-21T16:04:22.565,37.9028,4.7327,3.5672
2026-07-21T16:04:22.565,37.9028,4.7131,4.1546
2026-07-21T16:04:22.565,37.9028,4.9481,3.8805
2026-07-21T16:04:22.572,37.9028,4.9872,3.6064
2026-07-21T16:04:22.596,37.9346,4.5564,3.5476
2026-07-21T16:04:22.596,37.9346,4.7718,4.0959
2026-07-21T16:04:22.596,37.9346,4.7914,3.8805
2026-07-21T16:04:22.619,37.9734,5.0068,3.6651
2026-07-21T16:04:22.628,37.9766,4.7131,3.4497
2026-07-21T16:04:22.628,37.9766,4.5564,3.763
2026-07-21T16:04:22.651,38.0002,4.9089,3.8805
2026-07-21T16:04:22.667,38.0002,5.0851,3.9784
2026-07-21T16:04:22.667,38.0002,4.7131,3.4302
2026-07-21T16:04:22.670,38.0318,4.6152,3.8218
2026-07-21T16:04:22.683,38.0318,5.3201,3.9197
2026-07-21T16:04:22.694,38.0318,5.046,3.763
2026-07-21T16:04:22.694,38.046,4.8893,3.3714
2026-07-21T16:04:22.708,38.0671,4.439,3.8218
2026-07-21T16:04:22.725,38.0766,5.0068,3.9784
2026-07-21T16:04:22.725,38.0781,5.2614,3.7434
2026-07-21T16:04:22.740,38.1106,4.8306,3.391
2026-07-21T16:04:22.761,38.1106,4.6935,3.9393
2026-07-21T16:04:22.761,38.1127,5.0655,3.9197
2026-07-21T16:04:22.772,38.1147,5.0264,3.8805
2026-07-21T16:04:22.772,38.1433,4.9089,3.4693
2026-07-21T16:04:22.794,38.1453,4.576,3.8218
2026-07-21T16:04:22.806,38.1473,4.8697,3.9197
2026-07-21T16:04:22.835,38.1767,4.9481,4.0959
2026-07-21T16:04:22.836,38.1787,4.9676,3.5281
2026-07-21T16:04:22.836,38.1787,4.6152,3.6651
2026-07-21T16:04:22.843,38.1807,4.8306,4.1742
2026-07-21T16:04:22.867,38.2062,4.9089,3.7826
2026-07-21T16:04:22.869,38.2062,4.8502,3.6651
2026-07-21T16:04:22.874,38.2062,4.9089,3.6064
2026-07-21T16:04:22.900,38.2374,4.6739,3.9197
2026-07-21T16:04:22.900,38.2374,4.9676,4.3505
2026-07-21T16:04:22.900,38.2374,4.8893,3.8022
2026-07-21T16:04:22.916,38.2741,4.6935,3.4693
2026-07-21T16:04:22.930,38.2771,4.7914,3.8414
2026-07-21T16:04:22.931,38.2771,4.9481,3.8805
2026-07-21T16:04:22.948,38.3055,4.9676,3.8414
2026-07-21T16:04:22.961,38.3055,4.7718,3.4497
2026-07-21T16:04:22.961,38.3055,4.4585,3.9393
2026-07-21T16:04:22.971,38.317,5.0264,3.8414
2026-07-21T16:04:22.996,38.3442,4.8306,3.8022
2026-07-21T16:04:22.999,38.3477,4.7914,3.3518
2026-07-21T16:04:22.999,38.3502,4.5956,3.9393
2026-07-21T16:04:23.025,38.3795,5.0068,3.8414
2026-07-21T16:04:23.035,38.3795,4.8697,3.7239
2026-07-21T16:04:23.035,38.3795,4.7718,3.3323
2026-07-21T16:04:23.044,38.3795,4.576,3.9001
2026-07-21T16:04:23.056,38.4102,5.0068,3.8022
2026-07-21T16:04:23.072,38.4102,4.9676,4.0763
2026-07-21T16:04:23.073,38.4102,4.811,3.4106
2026-07-21T16:04:23.088,38.4511,4.4781,4.0567
2026-07-21T16:04:23.104,38.4511,4.9481,3.9001
2026-07-21T16:04:23.104,38.4511,4.8893,3.7826
2026-07-21T16:04:23.104,38.4511,4.9481,3.5085
2026-07-21T16:04:23.137,38.4869,4.6739,3.7826
2026-07-21T16:04:23.141,38.4889,4.9872,3.7826
2026-07-21T16:04:23.145,38.4914,4.8893,3.8022
2026-07-21T16:04:23.152,38.522,4.7718,3.6651
2026-07-21T16:04:23.178,38.522,4.6152,3.626
2026-07-21T16:04:23.178,38.522,4.8306,3.8805
2026-07-21T16:04:23.187,38.522,4.9089,3.763
2026-07-21T16:04:23.187,38.5624,4.8306,3.6847
2026-07-21T16:04:23.216,38.5624,4.6348,3.5476
2026-07-21T16:04:23.216,38.5624,4.6543,3.9197
2026-07-21T16:04:23.216,38.5719,5.0655,3.8218
2026-07-21T16:04:23.238,38.6009,4.8306,3.6455
2026-07-21T16:04:23.256,38.6009,4.7131,3.626
2026-07-21T16:04:23.256,38.6009,4.6348,3.9588
2026-07-21T16:04:23.265,38.6009,5.0851,3.763
2026-07-21T16:04:23.279,38.6335,4.8502,3.763
2026-07-21T16:04:23.294,38.6335,4.7718,3.4497
2026-07-21T16:04:23.294,38.6335,4.6739,4.0176
2026-07-21T16:04:23.294,38.6468,5.0264,3.7826
2026-07-21T16:04:23.327,38.6747,5.0851,3.8805
2026-07-21T16:04:23.327,38.6772,4.811,3.4106
2026-07-21T16:04:23.327,38.6792,4.7914,3.9393
2026-07-21T16:04:23.359,38.7093,5.046,3.8218
2026-07-21T16:04:23.366,38.7113,4.9089,3.8022
2026-07-21T16:04:23.366,38.7113,4.7914,3.4693
2026-07-21T16:04:23.374,38.7138,4.5956,3.9784
2026-07-21T16:04:23.401,38.7439,4.9676,3.9784
2026-07-21T16:04:23.401,38.7439,5.0068,3.8022
2026-07-21T16:04:23.405,38.7439,4.9872,3.7434
2026-07-21T16:04:23.420,38.7799,4.6935,3.7826
2026-07-21T16:04:23.437,38.7799,4.9285,3.9588
2026-07-21T16:04:23.437,38.7799,4.8893,3.6651
2026-07-21T16:04:23.437,38.7799,4.9676,3.4693
2026-07-21T16:04:23.453,38.8148,4.6543,3.9197
2026-07-21T16:04:23.473,38.8148,4.8893,3.8218
2026-07-21T16:04:23.473,38.8148,4.9285,3.998
2026-07-21T16:04:23.485,38.8561,4.7914,3.4497
2026-07-21T16:04:23.485,38.8561,4.4781,3.7043
2026-07-21T16:04:23.508,38.8561,4.811,3.9588
2026-07-21T16:04:23.508,38.8561,5.0068,3.7043
2026-07-21T16:04:23.534,38.8864,4.7523,3.5085
2026-07-21T16:04:23.534,38.8864,4.6348,3.7434
2026-07-21T16:04:23.550,38.8864,4.8502,4.0176
2026-07-21T16:04:23.550,38.9024,5.2614,3.6651
2026-07-21T16:04:23.564,38.9343,4.7327,3.5085
2026-07-21T16:04:23.580,38.9363,4.5564,3.7043
2026-07-21T16:04:23.580,38.9383,4.7718,3.9784
2026-07-21T16:04:23.596,38.9424,5.0264,3.6455
2026-07-21T16:04:23.612,38.973,4.6543,3.6651
2026-07-21T16:04:23.614,38.973,4.6739,3.8609
2026-07-21T16:04:23.614,38.975,4.9481,4.0567
2026-07-21T16:04:23.636,38.9775,5.046,3.6651
2026-07-21T16:04:23.646,38.9973,4.7327,3.7434
2026-07-21T16:04:23.662,38.9973,4.9872,3.7434
2026-07-21T16:04:23.667,38.9973,4.9089,4.0567
2026-07-21T16:04:23.673,39.0347,5.2418,3.7826
2026-07-21T16:04:23.691,39.0347,4.8306,3.8805
2026-07-21T16:04:23.691,39.0347,4.6739,3.7434
2026-07-21T16:04:23.707,39.0712,4.9285,3.8609
2026-07-21T16:04:23.728,39.0712,4.9285,3.8022
2026-07-21T16:04:23.728,39.0712,5.0851,3.763
2026-07-21T16:04:23.728,39.0778,4.7523,3.7434
2026-07-21T16:04:23.739,39.1082,4.6348,3.7826
2026-07-21T16:04:23.765,39.1082,4.9089,4.1351
2026-07-21T16:04:23.765,39.1082,5.1047,3.7434
2026-07-21T16:04:23.771,39.1446,4.7718,3.5672
2026-07-21T16:04:23.771,39.1466,4.6348,3.7826
2026-07-21T16:04:23.802,39.1466,4.9089,3.9393
2026-07-21T16:04:23.808,39.1466,5.0264,3.763
2026-07-21T16:04:23.819,39.1779,4.7718,3.6064
2026-07-21T16:04:23.836,39.1779,4.6543,3.7826
2026-07-21T16:04:23.836,39.1779,5.183,4.0176
2026-07-21T16:04:23.840,39.2103,5.046,3.7043
2026-07-21T16:04:23.867,39.2103,4.7718,3.6064
2026-07-21T16:04:23.867,39.2103,4.6348,4.0176
2026-07-21T16:04:23.871,39.2103,4.9285,3.9588
2026-07-21T16:04:23.897,39.2347,5.046,3.763
2026-07-21T16:04:23.897,39.2347,4.7914,3.5868
2026-07-21T16:04:23.904,39.2347,4.6739,3.7826
2026-07-21T16:04:23.928,39.2778,4.9481,3.998
2026-07-21T16:04:23.928,39.2778,5.0068,3.6064
2026-07-21T16:04:23.928,39.2778,4.7327,3.6455
2026-07-21T16:04:23.944,39.2819,4.7327,3.8218
2026-07-21T16:04:23.966,39.2978,4.9676,4.0176
2026-07-21T16:04:23.966,39.2978,5.0264,3.5672
2026-07-21T16:04:23.975,39.3135,4.7914,3.7043
2026-07-21T16:04:23.988,39.3295,4.7523,3.9784
2026-07-21T16:04:23.991,39.3459,4.9872,3.9784
2026-07-21T16:04:23.991,39.3459,5.0264,3.7826
2026-07-21T16:04:24.023,39.3728,4.9285,3.763
2026-07-21T16:04:24.023,39.3778,4.811,3.8609
2026-07-21T16:04:24.023,39.3778,5.0068,4.1155
2026-07-21T16:04:24.055,39.4099,5.046,3.8218
2026-07-21T16:04:24.066,39.4099,4.8697,3.8218
2026-07-21T16:04:24.071,39.4099,4.811,3.8609
2026-07-21T16:04:24.071,39.4099,5.0068,3.9001
2026-07-21T16:04:24.087,39.4434,5.0068,3.8609
2026-07-21T16:04:24.087,39.4441,4.9481,3.8218
2026-07-21T16:04:24.103,39.4461,4.7914,3.998
2026-07-21T16:04:24.119,39.474,4.9285,3.9001
2026-07-21T16:04:24.133,39.478,5.0851,4.1351
2026-07-21T16:04:24.137,39.478,4.9872,3.8609
2026-07-21T16:04:24.166,39.5044,4.8697,3.7434
2026-07-21T16:04:24.166,39.5044,4.8697,4.0763
2026-07-21T16:04:24.166,39.5044,5.0068,4.0959
2026-07-21T16:04:24.172,39.5044,5.1439,3.7826
2026-07-21T16:04:24.182,39.5371,5.0851,3.7043
2026-07-21T16:04:24.198,39.5371,4.8893,4.1351
2026-07-21T16:04:24.198,39.5371,5.046,4.0372
2026-07-21T16:04:24.219,39.5781,5.0264,3.6651
2026-07-21T16:04:24.231,39.5781,4.8697,3.6847
2026-07-21T16:04:24.231,39.5802,4.7914,3.9784
2026-07-21T16:04:24.231,39.5822,5.3005,4.0176
2026-07-21T16:04:24.267,39.5996,5.0264,3.763
2026-07-21T16:04:24.267,39.5996,4.8893,3.5672
2026-07-21T16:04:24.276,39.5996,4.811,4.0567
2026-07-21T16:04:24.293,39.6383,5.2809,3.9001
2026-07-21T16:04:24.293,39.6383,4.9872,3.8805
2026-07-21T16:04:24.293,39.6383,4.8306,3.6455
2026-07-21T16:04:24.332,39.6734,4.6739,4.0763
2026-07-21T16:04:24.332,39.6734,5.1047,3.8805
2026-07-21T16:04:24.332,39.6734,5.0068,3.8022
2026-07-21T16:04:24.361,39.6989,4.9285,3.626
2026-07-21T16:04:24.361,39.6989,4.6739,3.9393
2026-07-21T16:04:24.367,39.6989,5.046,4.1742
2026-07-21T16:04:24.380,39.7267,5.2026,3.9197
2026-07-21T16:04:24.392,39.7267,4.9089,3.6455
2026-07-21T16:04:24.392,39.7267,4.6739,3.9393
2026-07-21T16:04:24.414,39.7726,5.0655,4.1155
2026-07-21T16:04:24.420,39.7747,5.0264,3.8805
2026-07-21T16:04:24.420,39.7753,5.1439,3.626
2026-07-21T16:04:24.437,39.805,4.8697,3.9588
2026-07-21T16:04:24.463,39.807,5.2418,3.9784
2026-07-21T16:04:24.463,39.8089,5.1439,3.9197
2026-07-21T16:04:24.467,39.81,5.1047,3.6455
2026-07-21T16:04:24.481,39.8442,4.6935,3.9588
2026-07-21T16:04:24.497,39.8462,5.2614,3.9588
2026-07-21T16:04:24.499,39.8462,5.3788,3.9393
2026-07-21T16:04:24.507,39.8502,4.9872,3.763
2026-07-21T16:04:24.518,39.8823,4.7718,3.9393
2026-07-21T16:04:24.533,39.8823,4.8893,3.9588
2026-07-21T16:04:24.538,39.8863,5.1634,3.9197
2026-07-21T16:04:24.546,39.8883,5.0068,3.7434
2026-07-21T16:04:24.572,39.9195,4.8697,3.7434
2026-07-21T16:04:24.574,39.9195,4.811,4.0959
2026-07-21T16:04:24.574,39.9195,5.1634,3.9588
2026-07-21T16:04:24.593,39.9512,4.9285,3.9588
2026-07-21T16:04:24.610,39.9512,4.8502,3.7043
2026-07-21T16:04:24.610,39.9512,4.7718,4.0567
2026-07-21T16:04:24.613,39.9512,5.3984,3.8609
2026-07-21T16:04:24.645,39.9893,4.9676,3.8805
2026-07-21T16:04:24.645,39.9893,4.9089,3.5672
2026-07-21T16:04:24.645,39.9893,4.811,4.0763
2026-07-21T16:04:24.645,39.9975,5.1047,3.9588
2026-07-21T16:04:24.676,40.0133,5.0851,3.8609
2026-07-21T16:04:24.682,40.0133,4.9285,3.5868
2026-07-21T16:04:24.683,40.029,4.6543,3.998
2026-07-21T16:04:24.707,40.0511,5.0068,3.8805
2026-07-21T16:04:24.707,40.0511,4.9872,4.0959
2026-07-21T16:04:24.707,40.0605,4.8502,3.626
2026-07-21T16:04:24.723,40.0784,4.6935,4.0763
2026-07-21T16:04:24.738,40.093,5.1047,3.763
2026-07-21T16:04:24.745,40.0937,5.0264,3.9197
2026-07-21T16:04:24.754,40.0977,5.0068,3.7434
2026-07-21T16:04:24.772,40.124,4.6348,3.9393
2026-07-21T16:04:24.772,40.124,5.0264,3.9197
2026-07-21T16:04:24.772,40.124,5.0851,4.0176
2026-07-21T16:04:24.802,40.1585,5.0264,3.6651
2026-07-21T16:04:24.802,40.1606,4.7523,3.9393
2026-07-21T16:04:24.818,40.1626,4.9481,3.9784
2026-07-21T16:04:24.818,40.1646,5.0851,3.9197
2026-07-21T16:04:24.850,40.1863,4.9481,3.6651
2026-07-21T16:04:24.850,40.1863,4.7523,3.8414
2026-07-21T16:04:24.858,40.1863,4.9481,4.0176
2026-07-21T16:04:24.880,40.2204,5.183,3.9197
2026-07-21T16:04:24.880,40.2204,4.9481,3.9784
2026-07-21T16:04:24.880,40.2204,4.8502,3.763
2026-07-21T16:04:24.880,40.2577,5.0264,4.0176
2026-07-21T16:04:24.914,40.2617,5.183,3.8805
2026-07-21T16:04:24.914,40.2617,4.9872,3.7826
2026-07-21T16:04:24.927,40.2814,4.8502,3.6847
2026-07-21T16:04:24.929,40.2814,4.8893,4.2134
2026-07-21T16:04:24.951,40.2814,5.2026,3.998
2026-07-21T16:04:24.957,40.2984,5.0851,3.8218
2026-07-21T16:04:24.970,40.3132,4.6739,3.9588
2026-07-21T16:04:24.975,40.3289,4.9872,4.1155
2026-07-21T16:04:24.975,40.3289,5.2418,4.0959
2026-07-21T16:04:24.999,40.3471,5.0068,3.8805
2026-07-21T16:04:25.007,40.3609,4.9676,3.7043
2026-07-21T16:04:25.007,40.3609,5.0264,4.0567
2026-07-21T16:04:25.022,40.3609,5.3984,3.9393
2026-07-21T16:04:25.041,40.3927,5.0068,3.9784
2026-07-21T16:04:25.041,40.3927,5.0264,3.6064
2026-07-21T16:04:25.054,40.3927,4.6935,4.0372
2026-07-21T16:04:25.086,40.4258,5.3201,3.9588
2026-07-21T16:04:25.086,40.4258,5.046,4.2134
2026-07-21T16:04:25.086,40.4258,5.0264,3.626
2026-07-21T16:04:25.086,40.4258,4.6348,4.1155
2026-07-21T16:04:25.119,40.461,5.2026,4.1351
2026-07-21T16:04:25.119,40.461,5.1634,3.9197
2026-07-21T16:04:25.119,40.461,5.2614,3.5868
2026-07-21T16:04:25.135,40.4947,4.6543,4.0567
2026-07-21T16:04:25.151,40.4947,5.1243,4.0176
2026-07-21T16:04:25.155,40.5057,4.9285,3.9197
2026-07-21T16:04:25.188,40.536,4.8502,3.8022
2026-07-21T16:04:25.188,40.536,4.4977,3.9197
2026-07-21T16:04:25.188,40.536,4.9872,3.9197
2026-07-21T16:04:25.197,40.536,5.2418,3.5476
2026-07-21T16:04:25.214,40.568,4.6152,3.4497
2026-07-21T16:04:25.214,40.568,4.4781,3.4302
2026-07-21T16:04:25.214,40.568,4.811,3.763
2026-07-21T16:04:25.230,40.5838,4.9676,3.2931
2026-07-21T16:04:25.262,40.6135,4.5956,3.2343
2026-07-21T16:04:25.262,40.6155,4.7523,3.2735
2026-07-21T16:04:25.262,40.6155,4.8893,3.7434
2026-07-21T16:04:25.277,40.6155,5.1439,3.4693
2026-07-21T16:04:25.303,40.6491,4.8893,3.626
2026-07-21T16:04:25.303,40.6491,4.8893,3.4497
2026-07-21T16:04:25.307,40.6491,4.9676,3.6847
2026-07-21T16:04:25.309,40.6856,5.0851,3.6651
2026-07-21T16:04:25.325,40.6856,4.7718,3.4889
2026-07-21T16:04:25.343,40.6956,4.7718,3.1952
2026-07-21T16:04:25.343,40.6956,4.439,3.6651
2026-07-21T16:04:25.357,40.7025,4.7914,3.5476
2026-07-21T16:04:25.379,40.7282,4.5564,3.3518
2026-07-21T16:04:25.379,40.7282,4.4194,2.9602
2026-07-21T16:04:25.379,40.7282,4.3019,3.5281
2026-07-21T16:04:25.389,40.7434,4.7131,3.4106
2026-07-21T16:04:25.409,40.7818,4.5369,3.0777
2026-07-21T16:04:25.422,40.7838,4.2236,2.784
2026-07-21T16:04:25.422,40.7914,4.0669,3.156
2026-07-21T16:04:25.422,40.7925,4.576,3.1952
2026-07-21T16:04:25.453,40.823,4.5564,2.6665
2026-07-21T16:04:25.471,40.823,4.3802,2.3532
2026-07-21T16:04:25.471,40.823,4.0082,2.9406
2026-07-21T16:04:25.477,40.8389,4.2236,2.7253
2026-07-21T16:04:25.486,40.84,4.4585,2.1182
2026-07-21T16:04:25.501,40.882,3.7341,1.8637
2026-07-21T16:04:25.501,40.884,3.5774,2.0987
2026-07-21T16:04:25.517,40.886,3.832,2.2553
2026-07-21T16:04:25.517,40.8941,4.0278,1.9224
2026-07-21T16:04:25.534,40.9001,3.7341,1.9029
2026-07-21T16:04:25.534,40.9019,3.7145,2.0399
2026-07-21T16:04:25.571,40.9381,3.8711,2.6469
2026-07-21T16:04:25.571,40.9381,4.1844,2.2749
2026-07-21T16:04:25.576,40.9482,4.0473,2.0399
2026-07-21T16:04:25.592,40.9502,3.6166,1.8441
2026-07-21T16:04:25.595,40.9639,3.4991,1.9029
2026-07-21T16:04:25.628,40.9995,3.6949,1.4721
2026-07-21T16:04:25.628,40.9995,3.2837,1.4133
2026-07-21T16:04:25.628,40.9995,3.127,1.4525
2026-07-21T16:04:25.640,41.0102,3.362,2.3532
2026-07-21T16:04:25.644,41.0264,4.4781,3.626
2026-07-21T16:04:25.659,41.0367,5.653,7.2092
2026-07-21T16:04:25.659,41.0393,8.1593,13.5926
2026-07-21T16:04:25.692,41.0805,11.9188,23.1284
2026-07-21T16:04:25.692,41.0805,15.4629,33.3496
2026-07-21T16:04:25.693,41.0906,17.5385,41.4952
2026-07-21T16:04:25.704,41.1079,18.5958,48.975
2026-07-21T16:04:25.733,41.1233,19.6924,55.7499
2026-07-21T16:04:25.733,41.1233,21.1218,60.3318
2026-07-21T16:04:25.736,41.1233,22.1204,63.6606
2026-07-21T16:04:25.765,41.1564,22.884,66.3627
2026-07-21T16:04:25.765,41.1564,23.7847,68.2816
2026-07-21T16:04:25.774,41.171,24.4897,69.3782
2026-07-21T16:04:25.774,41.171,24.6659,69.711
2026-07-21T16:04:25.784,41.171,24.6267,70.9055
2026-07-21T16:04:25.801,41.1809,24.6855,73.0398
2026-07-21T16:04:25.801,41.1809,25.312,74.43
2026-07-21T16:04:25.817,41.1877,25.5079,74.802
2026-07-21T16:04:25.832,41.2199,25.3512,75.2132
2026-07-21T16:04:25.850,41.2199,25.3512,76.0944
2026-07-21T16:04:25.850,41.2199,25.782,76.6622
2026-07-21T16:04:25.850,41.2199,25.9191,76.0944
2026-07-21T16:04:25.865,41.2351,25.5666,76.1531
2026-07-21T16:04:25.874,41.2351,25.2925,77.6412
2026-07-21T16:04:25.882,41.2351,25.7428,78.8552
2026-07-21T16:04:25.897,41.2734,25.8995,79.149
2026-07-21T16:04:25.899,41.2734,25.5666,78.5811
2026-07-21T16:04:25.913,41.2801,24.9988,78.1895
2026-07-21T16:04:25.913,41.2827,25.4295,76.9167
2026-07-21T16:04:25.929,41.2827,25.6449,75.5265
2026-07-21T16:04:25.963,41.3156,25.1946,74.4887
2026-07-21T16:04:25.963,41.3156,25.0183,75.409
2026-07-21T16:04:25.967,41.3156,25.4491,76.7993
2026-07-21T16:04:25.976,41.3304,25.6058,77.6217
2026-07-21T16:04:25.992,41.3522,25.2337,77.3867
2026-07-21T16:04:26.009,41.3628,24.5876,77.1713
2026-07-21T16:04:26.009,41.3628,24.8617,76.7601
2026-07-21T16:04:26.009,41.3628,24.6855,76.016
2026-07-21T16:04:26.024,41.3628,24.5092,75.7419
2026-07-21T16:04:26.046,41.3992,24.5092,76.1335
2026-07-21T16:04:26.046,41.3992,24.7834,76.486
2026-07-21T16:04:26.056,41.4117,24.6659,76.7014
2026-07-21T16:04:26.056,41.4177,24.568,76.5643
2026-07-21T16:04:26.093,41.4447,24.1959,76.623
2026-07-21T16:04:26.093,41.4447,24.1372,76.7209
2026-07-21T16:04:26.093,41.4447,24.2547,76.5839
2026-07-21T16:04:26.109,41.457,24.0785,76.0944
2026-07-21T16:04:26.117,41.457,23.5694,75.3699
2026-07-21T16:04:26.138,41.4889,23.3736,75.8594
2026-07-21T16:04:26.138,41.4889,23.7064,76.3489
2026-07-21T16:04:26.138,41.4889,23.8435,76.7993
2026-07-21T16:04:26.151,41.5048,23.5889,76.9559
2026-07-21T16:04:26.167,41.5364,23.2952,77.5629
2026-07-21T16:04:26.182,41.5364,23.6281,77.093
2026-07-21T16:04:26.182,41.5364,23.6477,76.7601
2026-07-21T16:04:26.182,41.5521,23.2756,76.1335
2026-07-21T16:04:26.198,41.5565,22.884,76.8384
2026-07-21T16:04:26.230,41.589,23.5889,77.2888
2026-07-21T16:04:26.230,41.589,23.6085,77.6804
2026-07-21T16:04:26.230,41.593,23.2561,77.2496
2026-07-21T16:04:26.246,41.5999,22.9428,77.3279
2026-07-21T16:04:26.262,41.6235,23.4715,76.8188
2026-07-21T16:04:26.277,41.6363,23.1582,76.9951
2026-07-21T16:04:26.277,41.6363,23.0211,77.1909
2026-07-21T16:04:26.287,41.6363,22.7274,77.9545
2026-07-21T16:04:26.297,41.651,23.3344,78.4832
2026-07-21T16:04:26.317,41.6814,23.2365,78.5811
2026-07-21T16:04:26.317,41.6834,23.0603,78.072
2026-07-21T16:04:26.330,41.6894,22.5316,77.5825
2026-07-21T16:04:26.330,41.6952,22.6686,76.4664
2026-07-21T16:04:26.349,41.7267,22.3162,75.9377
2026-07-21T16:04:26.357,41.7267,22.3749,76.4272
2026-07-21T16:04:26.357,41.7267,22.2183,77.465
2026-07-21T16:04:26.381,41.7267,22.5707,78.3266
2026-07-21T16:04:26.389,41.7433,22.7078,78.1895
2026-07-21T16:04:26.403,41.7717,22.8449,77.23
2026-07-21T16:04:26.409,41.7775,22.277,76.1139
2026-07-21T16:04:26.409,41.7775,22.1791,75.2132
2026-07-21T16:04:26.420,41.7856,22.3945,75.3503
2026-07-21T16:04:26.438,41.7945,22.4924,75.6244
2026-07-21T16:04:26.460,41.8228,22.4924,76.8188
2026-07-21T16:04:26.460,41.8228,22.4728,77.7783
2026-07-21T16:04:26.471,41.8228,22.7078,76.9363
2026-07-21T16:04:26.477,41.8228,22.6295,76.1139
2026-07-21T16:04:26.488,41.8228,22.4533,75.6244
2026-07-21T16:04:26.501,41.8554,22.1791,76.2118
2026-07-21T16:04:26.501,41.8554,22.8057,76.5839
2026-07-21T16:04:26.516,41.8752,22.5512,77.0734
2026-07-21T16:04:26.516,41.8855,22.6099,76.9559
2026-07-21T16:04:26.541,41.917,22.2574,76.6035
2026-07-21T16:04:26.549,41.9195,22.6491,76.1335
2026-07-21T16:04:26.549,41.9215,22.3358,75.7027
2026-07-21T16:04:26.569,41.9296,22.3358,75.272
2026-07-21T16:04:26.577,41.9351,22.2379,75.7419
2026-07-21T16:04:26.596,41.9657,22.7274,75.879
2026-07-21T16:04:26.596,41.9657,22.5512,76.5251
2026-07-21T16:04:26.611,41.9657,22.6882,77.0734
2026-07-21T16:04:26.623,41.9657,22.4337,77.2888
2026-07-21T16:04:26.629,41.9804,22.6099,76.5839
2026-07-21T16:04:26.635,42.0032,22.3554,75.9181
2026-07-21T16:04:26.644,42.0148,22.512,75.5069
2026-07-21T16:04:26.659,42.0189,22.277,75.8006
2026-07-21T16:04:26.674,42.0229,22.3945,75.7615
2026-07-21T16:04:26.675,42.0269,22.5903,76.251
2026-07-21T16:04:26.690,42.0466,22.2966,76.016
2026-07-21T16:04:26.697,42.0466,22.277,76.5447
2026-07-21T16:04:26.710,42.0605,22.4728,76.6818
2026-07-21T16:04:26.718,42.0605,22.5512,76.1727
2026-07-21T16:04:26.740,42.0983,22.4924,75.8006
2026-07-21T16:04:26.740,42.1003,22.2379,76.016
2026-07-21T16:04:26.740,42.1023,22.6882,76.3293
2026-07-21T16:04:26.754,42.1094,23.0211,76.4272
2026-07-21T16:04:26.786,42.1383,22.5512,76.2314
2026-07-21T16:04:26.786,42.1383,22.2379,76.3293
2026-07-21T16:04:26.788,42.1383,22.6295,75.9769
2026-07-21T16:04:26.796,42.1383,22.6491,75.9769
2026-07-21T16:04:26.807,42.1748,22.4337,76.5447
2026-07-21T16:04:26.817,42.1819,22.3162,76.6426
2026-07-21T16:04:26.832,42.186,22.5512,77.3084
2026-07-21T16:04:26.832,42.186,23.0015,76.6818
2026-07-21T16:04:26.849,42.2187,22.4337,76.5447
2026-07-21T16:04:26.868,42.2187,22.2966,76.623
2026-07-21T16:04:26.868,42.2187,22.4728,77.093
2026-07-21T16:04:26.876,42.2344,22.7078,76.9363
2026-07-21T16:04:26.880,42.2344,22.3749,76.7209
2026-07-21T16:04:26.911,42.277,22.2966,76.6035
2026-07-21T16:04:26.911,42.277,22.4728,76.2314
2026-07-21T16:04:26.912,42.2834,22.4141,76.7209
2026-07-21T16:04:26.928,42.2874,22.3749,76.9755
2026-07-21T16:04:26.928,42.2894,22.3358,77.4258
2026-07-21T16:04:26.963,42.3124,22.4141,77.7587
2026-07-21T16:04:26.963,42.3124,22.1008,77.0734
2026-07-21T16:04:26.971,42.3252,22.0616,76.9363
2026-07-21T16:04:26.981,42.3337,21.8658,76.6035
2026-07-21T16:04:26.983,42.3377,21.8658,77.1517
2026-07-21T16:04:27.006,42.3676,22.0225,77.4454
2026-07-21T16:04:27.006,42.3676,22.0812,77.5042
2026-07-21T16:04:27.006,42.3736,22.0225,77.3475
2026-07-21T16:04:27.029,42.3759,21.8463,77.3671
2026-07-21T16:04:27.038,42.4116,21.5917,77.2692
2026-07-21T16:04:27.057,42.4136,21.7092,77.0734
2026-07-21T16:04:27.057,42.4156,21.4155,77.2692
2026-07-21T16:04:27.067,42.4217,21.3763,77.837
2026-07-21T16:04:27.078,42.4548,21.5917,77.7
2026-07-21T16:04:27.087,42.4548,21.5721,77.2105
2026-07-21T16:04:27.091,42.4595,21.2784,77.1517
2026-07-21T16:04:27.107,42.4635,21.3176,77.7
2026-07-21T16:04:27.118,42.4679,21.4351,78.2678
2026-07-21T16:04:27.123,42.4991,21.4546,77.837
2026-07-21T16:04:27.133,42.5032,21.2197,77.465
2026-07-21T16:04:27.148,42.5032,21.0826,77.4063
2026-07-21T16:04:27.157,42.5032,21.4155,77.7
2026-07-21T16:04:27.186,42.5366,21.4546,77.6412
2026-07-21T16:04:27.186,42.5366,21.4351,78.3657
2026-07-21T16:04:27.191,42.5503,21.1609,78.4245
2026-07-21T16:04:27.197,42.5503,21.3959,77.8958
2026-07-21T16:04:27.197,42.5503,21.3176,77.093
2026-07-21T16:04:27.219,42.5851,21.0826,76.8972
2026-07-21T16:04:27.230,42.5851,21.0239,77.6021
2026-07-21T16:04:27.230,42.5851,21.6113,78.0916
2026-07-21T16:04:27.244,42.5976,21.4351,78.072
2026-07-21T16:04:27.276,42.6336,21.2393,78.1308
2026-07-21T16:04:27.276,42.6356,21.0043,78.1895
2026-07-21T16:04:27.279,42.6376,21.3959,78.1308
2026-07-21T16:04:27.279,42.6416,21.2197,77.9545
2026-07-21T16:04:27.291,42.6484,21.1022,78.1699
2026-07-21T16:04:27.309,42.6792,20.8868,78.6007
2026-07-21T16:04:27.309,42.6813,21.2393,78.5811
2026-07-21T16:04:27.327,42.6838,21.2001,78.8552
2026-07-21T16:04:27.342,42.6904,21.1609,79.0902
2026-07-21T16:04:27.348,42.7205,20.926,78.7182
2026-07-21T16:04:27.369,42.7245,21.1022,78.4636
2026-07-21T16:04:27.369,42.7245,20.9847,78.2678
2026-07-21T16:04:27.377,42.7245,20.9064,77.6804
2026-07-21T16:04:27.389,42.7245,20.7106,78.1308
2026-07-21T16:04:27.408,42.7679,21.0434,78.914
2026-07-21T16:04:27.408,42.7699,21.0434,78.8161
2026-07-21T16:04:27.418,42.7729,20.9847,78.5615
2026-07-21T16:04:27.418,42.7766,20.6322,78.4832
2026-07-21T16:04:27.455,42.8121,21.0826,78.1895
2026-07-21T16:04:27.455,42.8121,20.8281,77.837
2026-07-21T16:04:27.461,42.8198,20.7106,77.5238
2026-07-21T16:04:27.466,42.8198,20.6714,77.8175
2026-07-21T16:04:27.475,42.8526,20.7497,78.1308
2026-07-21T16:04:27.498,42.8526,21.0434,78.0133
2026-07-21T16:04:27.498,42.8526,20.7889,77.6412
2026-07-21T16:04:27.506,42.8526,20.5148,77.5629
2026-07-21T16:04:27.513,42.8677,20.8476,77.4258
2026-07-21T16:04:27.530,42.8993,20.7889,77.1126
2026-07-21T16:04:27.546,42.8993,20.6518,76.5643
2026-07-21T16:04:27.546,42.8993,20.3777,76.5447
2026-07-21T16:04:27.546,42.919,20.5735,76.7797
2026-07-21T16:04:27.561,42.919,20.8476,77.0342
2026-07-21T16:04:27.580,42.9472,20.6518,76.5643
2026-07-21T16:04:27.593,42.9472,20.5343,76.3881
2026-07-21T16:04:27.593,42.9623,20.2602,76.5251
2026-07-21T16:04:27.593,42.9633,20.5735,75.7027
2026-07-21T16:04:27.613,42.9633,20.4364,75.0566
2026-07-21T16:04:27.641,43.0059,20.1819,74.9391
2026-07-21T16:04:27.641,43.0059,20.2602,75.6636
2026-07-21T16:04:27.641,43.011,20.5539,76.0552
2026-07-21T16:04:27.657,43.0203,20.3385,75.9769
2026-07-21T16:04:27.657,43.0224,20.4169,75.1153
2026-07-21T16:04:27.693,43.0514,19.8686,74.802
2026-07-21T16:04:27.693,43.0519,20.0448,74.3125
2026-07-21T16:04:27.693,43.0539,20.2015,74.2733
2026-07-21T16:04:27.712,43.0617,20.1231,74.0971
2026-07-21T16:04:27.716,43.0617,19.849,74.7237
2026-07-21T16:04:27.729,43.0919,20.1819,75.2915
2026-07-21T16:04:27.737,43.0919,20.4364,74.8608
2026-07-21T16:04:27.749,43.1002,20.2015,74.6845
2026-07-21T16:04:27.755,43.1042,19.7707,74.8999
2026-07-21T16:04:27.772,43.124,20.2406,74.0971
2026-07-21T16:04:27.781,43.124,20.0448,73.4118
2026-07-21T16:04:27.789,43.139,19.7511,72.7852
2026-07-21T16:04:27.800,43.1466,19.4378,73.6663
2026-07-21T16:04:27.818,43.1686,19.9273,73.7251
2026-07-21T16:04:27.818,43.1686,19.9861,74.2146
2026-07-21T16:04:27.818,43.1686,19.8686,74.4887
2026-07-21T16:04:27.840,43.1857,19.6532,74.5866
2026-07-21T16:04:27.850,43.2163,19.9078,74.2733
2026-07-21T16:04:27.862,43.2163,20.0057,73.7251
2026-07-21T16:04:27.862,43.2163,19.5945,73.0985
2026-07-21T16:04:27.879,43.2163,19.4182,73.4314
2026-07-21T16:04:27.887,43.2558,19.7903,73.7251
2026-07-21T16:04:27.907,43.2558,19.9273,73.823
2026-07-21T16:04:27.910,43.2638,19.7903,73.7055
2026-07-21T16:04:27.910,43.2653,19.5161,73.6272
2026-07-21T16:04:27.926,43.3019,19.7903,73.4118
2026-07-21T16:04:27.949,43.3039,19.9665,73.0202
2026-07-21T16:04:27.949,43.306,19.7707,73.0202
2026-07-21T16:04:27.959,43.3121,19.5357,72.8831
2026-07-21T16:04:27.959,43.3121,19.6336,73.0789
2026-07-21T16:04:27.977,43.3427,19.7511,72.5111
2026-07-21T16:04:27.993,43.3427,19.477,72.0411
2026-07-21T16:04:28.000,43.3427,19.6728,71.8649
2026-07-21T16:04:28.006,43.3586,19.7707,72.2957
2026-07-21T16:04:28.021,43.3905,19.9469,72.139
2026-07-21T16:04:28.036,43.3905,19.5749,72.0216
2026-07-21T16:04:28.036,43.3905,19.614,72.0216
2026-07-21T16:04:28.052,43.3905,19.6924,72.746
2026-07-21T16:04:28.058,43.4073,20.1036,72.2565
2026-07-21T16:04:28.081,43.43,19.6532,72.5307
2026-07-21T16:04:28.081,43.43,19.6924,72.5698
2026-07-21T16:04:28.084,43.4446,19.7511,72.6481
2026-07-21T16:04:28.101,43.4487,19.9078,72.0999
2026-07-21T16:04:28.104,43.4787,19.5749,71.767
2026-07-21T16:04:28.124,43.4808,19.5553,71.1992
2026-07-21T16:04:28.124,43.4838,19.3399,71.4929
2026-07-21T16:04:28.142,43.4891,19.7315,71.16
2026-07-21T16:04:28.147,43.4891,19.5161,71.2383
2026-07-21T16:04:28.168,43.5282,19.4182,70.6901
2026-07-21T16:04:28.168,43.5293,19.4182,71.2775
2026-07-21T16:04:28.179,43.5371,19.8099,71.2971
2026-07-21T16:04:28.183,43.5431,19.5945,71.16
2026-07-21T16:04:28.202,43.5654,19.4574,70.8467
2026-07-21T16:04:28.216,43.5654,19.242,70.9055
2026-07-21T16:04:28.216,43.5654,19.6728,70.4551
2026-07-21T16:04:28.237,43.5818,19.3203,70.0243
2026-07-21T16:04:28.239,43.5818,19.3203,69.5348
2026-07-21T16:04:28.259,43.6123,19.007,70.0243
2026-07-21T16:04:28.259,43.6123,19.3399,70.0047
2026-07-21T16:04:28.274,43.6123,19.242,69.6523
2026-07-21T16:04:28.275,43.6123,19.1441,69.339
2026-07-21T16:04:28.290,43.6575,18.5958,69.6719
2026-07-21T16:04:28.299,43.6631,19.1833,69.2215
2026-07-21T16:04:28.306,43.6651,19.1637,68.3991
2026-07-21T16:04:28.322,43.6732,18.5175,67.7921
2026-07-21T16:04:28.332,43.6964,18.263,68.3795
2026-07-21T16:04:28.338,43.6964,18.7917,68.2621
2026-07-21T16:04:28.338,43.7071,18.6938,67.5571
2026-07-21T16:04:28.361,43.7133,18.2042,66.9501
2026-07-21T16:04:28.367,43.7193,17.9888,66.6369
2026-07-21T16:04:28.386,43.7508,18.2434,66.6369
2026-07-21T16:04:28.390,43.7508,18.3609,66.3431
2026-07-21T16:04:28.390,43.7548,17.8714,66.4019
2026-07-21T16:04:28.413,43.7588,17.6756,66.441
2026-07-21T16:04:28.418,43.7588,17.793,66.4802
2026-07-21T16:04:28.439,43.79,17.8714,66.1082
2026-07-21T16:04:28.439,43.79,17.5581,66.0494
2026-07-21T16:04:28.450,43.79,17.421,65.7166
2026-07-21T16:04:28.452,43.8039,17.3427,65.9711
2026-07-21T16:04:28.481,43.8438,17.6756,65.9319
2026-07-21T16:04:28.481,43.8458,17.421,65.6578
2026-07-21T16:04:28.484,43.8499,17.5189,65.8928
2026-07-21T16:04:28.497,43.8527,17.3035,66.4606
2026-07-21T16:04:28.497,43.8823,17.9105,65.9124
2026-07-21T16:04:28.528,43.8823,17.4993,65.6774
2026-07-21T16:04:28.528,43.8823,17.3623,65.0508
2026-07-21T16:04:28.541,43.8904,17.2644,65.3054
2026-07-21T16:04:28.548,43.8976,17.793,65.5991
2026-07-21T16:04:28.560,43.9174,17.4993,65.7361
2026-07-21T16:04:28.571,43.9291,17.4993,65.7753
2026-07-21T16:04:28.576,43.9291,17.2252,66.2844
2026-07-21T16:04:28.591,43.9291,17.7735,66.1669
2026-07-21T16:04:28.611,43.9617,17.8126,65.7753
2026-07-21T16:04:28.611,43.9617,17.3818,65.227
2026-07-21T16:04:28.611,43.9617,17.0685,65.7361
2026-07-21T16:04:28.623,43.9827,17.656,66.1278
2026-07-21T16:04:28.639,44.0092,17.7735,65.834
2026-07-21T16:04:28.655,44.0092,17.2839,65.9319
2026-07-21T16:04:28.655,44.0092,17.2252,66.4215
2026-07-21T16:04:28.655,44.0092,17.7539,66.2452
2026-07-21T16:04:28.676,44.0242,17.6756,65.4424
2026-07-21T16:04:28.703,44.0555,17.4993,65.0508
2026-07-21T16:04:28.703,44.0555,17.4406,65.1879
2026-07-21T16:04:28.703,44.0656,17.3818,65.6578
2026-07-21T16:04:28.718,44.0711,17.5581,65.4424
2026-07-21T16:04:28.734,44.1058,17.1665,65.9319
2026-07-21T16:04:28.747,44.1079,17.2644,66.5781
2026-07-21T16:04:28.749,44.1099,17.2839,67.1655
2026-07-21T16:04:28.765,44.119,17.4406,66.7152
2026-07-21T16:04:28.765,44.121,17.1273,66.2257
2026-07-21T16:04:28.782,44.1529,17.1665,65.5795
2026-07-21T16:04:28.795,44.1549,17.0294,66.1473
2026-07-21T16:04:28.797,44.1589,17.7147,66.5585
2026-07-21T16:04:28.813,44.1651,17.3427,66.8718
2026-07-21T16:04:28.815,44.1714,17.2252,67.1264
2026-07-21T16:04:28.829,44.1914,17.2448,67.3026
2026-07-21T16:04:28.842,44.2003,17.3231,66.8718
2026-07-21T16:04:28.848,44.2003,17.3035,66.7348
2026-07-21T16:04:28.865,44.2003,17.3427,66.2061
2026-07-21T16:04:28.867,44.2339,16.9706,66.8327
2026-07-21T16:04:28.885,44.2339,17.6168,67.1264
2026-07-21T16:04:28.885,44.2339,17.5189,67.1851
2026-07-21T16:04:28.894,44.2519,17.3035,67.1655
2026-07-21T16:04:28.908,44.2796,16.9706,67.5767
2026-07-21T16:04:28.927,44.2833,17.656,67.048
2026-07-21T16:04:28.927,44.2833,17.421,66.3823
2026-07-21T16:04:28.927,44.2919,17.1469,65.8732
2026-07-21T16:04:28.945,44.2953,17.0098,66.2844
2026-07-21T16:04:28.956,44.3297,17.6364,66.911
2026-07-21T16:04:28.956,44.3317,17.8126,66.9893
2026-07-21T16:04:28.977,44.3428,17.4993,67.0285
2026-07-21T16:04:28.989,44.3438,17.0685,67.0089
2026-07-21T16:04:28.989,44.3745,17.6756,66.5389
2026-07-21T16:04:29.015,44.3745,17.6951,66.304
2026-07-21T16:04:29.023,44.3745,17.3035,66.2257
2026-07-21T16:04:29.035,44.3836,17.4993,66.9893
2026-07-21T16:04:29.037,44.3923,17.5776,68.125
2026-07-21T16:04:29.061,44.4237,17.7343,67.3809
2026-07-21T16:04:29.061,44.4237,17.3623,67.0676
2026-07-21T16:04:29.068,44.4237,17.1273,66.5389
2026-07-21T16:04:29.077,44.4237,17.5972,66.4802
2026-07-21T16:04:29.086,44.4375,17.6364,66.0886
2026-07-21T16:04:29.086,44.4673,17.421,66.7348
2026-07-21T16:04:29.106,44.4711,17.3623,66.5977
2026-07-21T16:04:29.117,44.476,17.3427,66.9501
2026-07-21T16:04:29.131,44.4837,17.9105,66.676
2026-07-21T16:04:29.157,44.5137,17.3818,66.5389
2026-07-21T16:04:29.157,44.5137,17.4602,66.5781
2026-07-21T16:04:29.161,44.5168,17.2644,67.1068
2026-07-21T16:04:29.179,44.5244,17.6951,67.6746
2026-07-21T16:04:29.181,44.5244,17.4602,67.9683
2026-07-21T16:04:29.186,44.5578,17.6168,67.9683
2026-07-21T16:04:29.203,44.5578,17.186,68.1642
2026-07-21T16:04:29.214,44.5692,17.6951,67.5767
2026-07-21T16:04:29.221,44.5732,17.421,66.911
2026-07-21T16:04:29.227,44.6008,17.3035,66.2648
2026-07-21T16:04:29.243,44.6008,17.0294,66.6564
2026-07-21T16:04:29.251,44.6094,17.9105,66.4019
2026-07-21T16:04:29.261,44.6123,17.3623,66.2648
2026-07-21T16:04:29.269,44.6234,17.2448,66.0494
2026-07-21T16:04:29.279,44.6459,16.9119,66.6173
2026-07-21T16:04:29.291,44.6459,17.5972,66.7152
2026-07-21T16:04:29.294,44.6459,17.421,66.7348
2026-07-21T16:04:29.310,44.6606,17.3231,66.2452
2026-07-21T16:04:29.319,44.6937,16.9902,66.7348
2026-07-21T16:04:29.339,44.6937,17.5189,66.5389
2026-07-21T16:04:29.339,44.6937,17.2839,66.1473
2026-07-21T16:04:29.339,44.7069,17.1273,65.6774
2026-07-21T16:04:29.354,44.7106,16.8336,66.1278
2026-07-21T16:04:29.367,44.7409,17.4014,66.2257
2026-07-21T16:04:29.387,44.7409,17.4993,65.9711
2026-07-21T16:04:29.387,44.7409,17.1665,66.0103
2026-07-21T16:04:29.400,44.756,17.0685,66.3627
2026-07-21T16:04:29.410,44.756,17.5581,66.3627
2026-07-21T16:04:29.434,44.7942,17.4797,65.5795
2026-07-21T16:04:29.434,44.7942,16.814,65.1683
2026-07-21T16:04:29.434,44.8018,16.9119,64.5417
2026-07-21T16:04:29.450,44.8018,16.6965,64.1697
2026-07-21T16:04:29.450,44.8018,16.6965,63.0927
2026-07-21T16:04:29.479,44.8492,16.0895,62.3291
2026-07-21T16:04:29.479,44.8492,16.0699,62.1137
2026-07-21T16:04:29.488,44.8492,16.1874,62.7794
2026-07-21T16:04:29.495,44.8492,16.7357,62.7403
2026-07-21T16:04:29.495,44.8966,16.5007,62.7403
2026-07-21T16:04:29.511,44.8992,16.4224,62.6815
2026-07-21T16:04:29.528,44.8992,16.2853,63.3864
2026-07-21T16:04:29.528,44.8992,16.7748,63.6997
2026-07-21T16:04:29.543,44.9137,16.7161,64.8746
2026-07-21T16:04:29.559,44.9137,16.6965,66.0103
2026-07-21T16:04:29.559,44.9454,16.6574,67.89
2026-07-21T16:04:29.578,44.9454,17.3427,69.2411
2026-07-21T16:04:29.588,44.9603,17.049,70.2201
2026-07-21T16:04:29.607,44.9603,16.9706,70.3768
2026-07-21T16:04:29.607,44.9603,16.7357,69.8285
2026-07-21T16:04:29.607,44.9761,17.1077,69.2998
2026-07-21T16:04:29.639,45.0069,17.1469,69.1432
2026-07-21T16:04:29.639,45.008,16.9902,69.7894
2026-07-21T16:04:29.639,45.0123,16.8923,70.788
2026-07-21T16:04:29.654,45.0164,17.4797,71.4341
2026-07-21T16:04:29.670,45.0224,17.4797,71.4146
2026-07-21T16:04:29.693,45.0485,17.0881,70.3768
2026-07-21T16:04:29.693,45.0485,16.9902,70.2005
2026-07-21T16:04:29.698,45.0554,17.3231,69.9264
2026-07-21T16:04:29.710,45.0554,17.4602,69.9852
2026-07-21T16:04:29.719,45.0554,17.0685,70.6313
2026-07-21T16:04:29.731,45.095,17.1273,70.8663
2026-07-21T16:04:29.739,45.097,17.4993,71.1992
2026-07-21T16:04:29.749,45.101,17.5972,71.2187
2026-07-21T16:04:29.760,45.1214,17.4797,70.9838
2026-07-21T16:04:29.781,45.1347,17.0881,70.925
2026-07-21T16:04:29.783,45.1347,17.2056,69.9656
2026-07-21T16:04:29.789,45.1347,17.3035,68.9474
2026-07-21T16:04:29.799,45.1347,16.9902,68.8886
2026-07-21T16:04:29.815,45.1702,16.814,69.2803
2026-07-21T16:04:29.815,45.1825,17.1273,70.1026
2026-07-21T16:04:29.828,45.185,17.4014,70.3768
2026-07-21T16:04:29.828,45.185,17.0294,70.1222
2026-07-21T16:04:29.849,45.2205,16.9706,69.7502
2026-07-21T16:04:29.864,45.2245,17.1273,69.3194
2026-07-21T16:04:29.864,45.2245,17.3231,68.8886
2026-07-21T16:04:29.879,45.2323,17.1077,69.1432
2026-07-21T16:04:29.879,45.2383,16.9902,69.6131
2026-07-21T16:04:29.910,45.2619,17.2056,70.6509
2026-07-21T16:04:29.910,45.2619,17.5581,70.5922
2026-07-21T16:04:29.920,45.2619,17.3231,69.5152
2026-07-21T16:04:29.932,45.2777,17.2839,68.9082
2026-07-21T16:04:29.941,45.3105,17.2839,68.8103
2026-07-21T16:04:29.956,45.3105,17.4993,68.4579
2026-07-21T16:04:29.956,45.3105,17.2644,68.497
2026-07-21T16:04:29.956,45.3261,16.9902,68.8691
2026-07-21T16:04:29.979,45.3261,17.049,69.5348
2026-07-21T16:04:29.996,45.3578,17.421,69.2019
2026-07-21T16:04:29.996,45.3578,17.2839,68.0467
2026-07-21T16:04:30.004,45.3736,17.049,67.7334
2026-07-21T16:04:30.019,45.3736,17.0685,68.2621
2026-07-21T16:04:30.036,45.405,17.2056,68.1054
2026-07-21T16:04:30.051,45.405,17.3035,68.1446
2026-07-21T16:04:30.051,45.405,17.0294,68.5166
2026-07-21T16:04:30.051,45.421,16.9511,69.1628
2026-07-21T16:04:30.067,45.421,17.2448,69.2019
