wall_time,elapsed_s,F1_N,F2_N
2026-07-21T16:17:32.922,0.1573,-0.0619,-0.0912
2026-07-21T16:17:32.937,0.1669,-0.101,-0.0912
2026-07-21T16:17:32.937,0.1669,-0.0619,-0.0129
2026-07-21T16:17:32.942,0.173,-0.0227,-0.15
2026-07-21T16:17:32.958,0.1809,-0.101,-0.2479
2026-07-21T16:17:32.958,0.201,-0.1794,-0.2283
2026-07-21T16:17:32.974,0.2151,-0.2577,-0.3066
2026-07-21T16:17:32.989,0.2353,-0.3164,-0.2479
2026-07-21T16:17:32.989,0.2491,-0.1402,-0.0912
2026-07-21T16:17:33.005,0.2552,-0.3164,0.3004
2026-07-21T16:17:33.021,0.2814,-0.2577,0.8878
2026-07-21T16:17:33.029,0.2955,-0.101,1.6906
2026-07-21T16:17:33.037,0.3229,0.3102,2.6305
2026-07-21T16:17:33.037,0.3331,0.9367,3.6683
2026-07-21T16:17:33.052,0.3625,1.7004,5.3522
2026-07-21T16:17:33.068,0.3683,2.7382,7.9369
2026-07-21T16:17:33.084,0.4124,3.5606,11.0502
2026-07-21T16:17:33.099,0.4124,3.9913,14.2027
2026-07-21T16:17:33.099,0.4124,4.3242,17.0223
2026-07-21T16:17:33.115,0.4279,4.52,19.8028
2026-07-21T16:17:33.123,0.4279,4.9312,22.7399
2026-07-21T16:17:33.131,0.4477,5.4207,25.6379
2026-07-21T16:17:33.143,0.4477,5.9886,28.6925
2026-07-21T16:17:33.154,0.4597,6.4781,31.9233
2026-07-21T16:17:33.157,0.4597,6.9872,35.2129
2026-07-21T16:17:33.191,0.4777,7.7508,38.757
2026-07-21T16:17:33.191,0.4777,8.4949,42.4382
2026-07-21T16:17:33.191,0.4777,9.239,46.2368
2026-07-21T16:17:33.218,0.4822,10.3159,49.9572
2026-07-21T16:17:33.227,0.4822,11.1971,53.1684
2026-07-21T16:17:33.238,0.4957,11.9803,56.2426
2026-07-21T16:17:33.259,0.4957,12.8418,59.1601
2026-07-21T16:17:33.259,0.4957,13.6055,61.921
2026-07-21T16:17:33.259,0.4957,14.1342,64.584
2026-07-21T16:17:33.265,0.4957,14.5062,66.9533
2026-07-21T16:17:33.310,0.5091,14.9566,68.9897
2026-07-21T16:17:33.323,0.5091,15.172,71.0652
2026-07-21T16:17:33.323,0.5091,15.7006,73.3758
2026-07-21T16:17:33.323,0.5091,16.386,75.4905
2026-07-21T16:17:33.323,0.5091,17.0713,77.4681
2026-07-21T16:17:33.324,0.5091,17.5804,79.25
2026-07-21T16:17:33.339,0.5487,18.3832,81.0123
2026-07-21T16:17:33.339,0.554,19.0685,82.5591
2026-07-21T16:17:33.339,0.5589,19.5776,84.1256
2026-07-21T16:17:33.370,0.5589,20.028,85.4963
2026-07-21T16:17:33.370,0.5698,20.5567,86.8865
2026-07-21T16:17:33.370,0.5718,20.9874,88.0222
2026-07-21T16:17:33.390,0.5718,21.4965,89.1383
2026-07-21T16:17:33.420,0.578,22.0056,90.1761
2026-07-21T16:17:33.420,0.58,22.3581,90.881
2026-07-21T16:17:33.420,0.58,22.5147,91.4292
2026-07-21T16:17:33.438,0.5825,22.8868,91.7621
2026-07-21T16:17:33.438,0.5825,23.1022,91.8208
2026-07-21T16:17:33.451,0.5929,23.298,91.8013
2026-07-21T16:17:33.451,0.5959,23.4938,91.8013
2026-07-21T16:17:33.465,0.6334,23.67,91.2726
2026-07-21T16:17:33.480,0.6334,23.67,90.0586
2026-07-21T16:17:33.491,0.6334,23.67,89.5103
2026-07-21T16:17:33.501,0.6491,23.5917,89.4711
2026-07-21T16:17:33.514,0.6491,23.5329,89.6082
2026-07-21T16:17:33.525,0.6491,23.435,89.9998
2026-07-21T16:17:33.538,0.6491,23.6113,90.5089
2026-07-21T16:17:33.544,0.6491,23.7483,90.6656
2026-07-21T16:17:33.562,0.7011,23.8071,90.7635
2026-07-21T16:17:33.562,0.7011,24.0812,90.9005
2026-07-21T16:17:33.562,0.7011,24.1987,91.018
2026-07-21T16:17:33.576,0.7119,24.1399,90.9789
2026-07-21T16:17:33.576,0.7119,24.3162,90.9984
2026-07-21T16:17:33.591,0.7319,24.4728,91.4684
2026-07-21T16:17:33.607,0.7591,24.5511,91.9971
2026-07-21T16:17:33.623,0.7591,24.7274,92.5649
2026-07-21T16:17:33.638,0.7699,24.9428,92.8782
2026-07-21T16:17:33.638,0.7699,24.9819,92.9174
2026-07-21T16:17:33.654,0.7748,25.0211,92.7803
2026-07-21T16:17:33.654,0.7831,25.0211,92.4866
2026-07-21T16:17:33.673,0.7873,24.9232,92.5845
2026-07-21T16:17:33.677,0.7908,24.9819,92.9369
2026-07-21T16:17:33.701,0.824,24.884,93.0348
2026-07-21T16:17:33.701,0.824,25.0211,93.1132
2026-07-21T16:17:33.701,0.8336,25.0994,92.8978
2026-07-21T16:17:33.717,0.8354,25.3931,92.8195
2026-07-21T16:17:33.733,0.8381,25.4714,92.9565
2026-07-21T16:17:33.758,0.8697,25.6085,93.3286
2026-07-21T16:17:33.758,0.8697,25.7064,93.8768
2026-07-21T16:17:33.758,0.8697,25.7651,94.3468
2026-07-21T16:17:33.776,0.8834,25.7456,94.523
2026-07-21T16:17:33.780,0.8854,25.7651,94.6405
2026-07-21T16:17:33.796,0.917,25.8826,94.523
2026-07-21T16:17:33.796,0.917,25.9414,94.1901
2026-07-21T16:17:33.812,0.9249,25.9218,94.053
2026-07-21T16:17:33.812,0.9249,25.9805,94.0922
2026-07-21T16:17:33.828,0.9331,25.9805,94.3468
2026-07-21T16:17:33.844,0.9647,26.0197,94.523
2026-07-21T16:17:33.859,0.9647,26.0197,94.5034
2026-07-21T16:17:33.859,0.9647,26.0197,94.3663
2026-07-21T16:17:33.867,0.9647,26.1176,94.1901
2026-07-21T16:17:33.875,0.9964,26.1959,93.9551
2026-07-21T16:17:33.875,1.012,26.1763,93.6223
2026-07-21T16:17:33.891,1.012,26.098,93.8181
2026-07-21T16:17:33.907,1.012,26.098,94.1118
2026-07-21T16:17:33.907,1.0214,26.0589,94.2684
2026-07-21T16:17:33.939,1.0562,25.9805,94.1705
2026-07-21T16:17:33.939,1.0562,25.9414,94.2684
2026-07-21T16:17:33.939,1.0595,26.0197,94.0726
2026-07-21T16:17:33.954,1.0595,26.1568,93.5439
2026-07-21T16:17:33.970,1.0965,26.0393,93.1328
2026-07-21T16:17:33.986,1.0965,26.1176,93.2502
2026-07-21T16:17:33.986,1.1035,26.0589,93.446
2026-07-21T16:17:34.002,1.1035,26.0393,93.5048
2026-07-21T16:17:34.002,1.1129,26.0001,93.3873
2026-07-21T16:17:34.033,1.1391,26.0197,93.074
2026-07-21T16:17:34.033,1.1391,26.0784,92.5453
2026-07-21T16:17:34.039,1.1547,26.0589,92.1341
2026-07-21T16:17:34.050,1.1547,26.0784,91.9187
2026-07-21T16:17:34.060,1.1954,25.9414,91.9187
2026-07-21T16:17:34.066,1.1965,25.7456,92.0166
2026-07-21T16:17:34.081,1.1965,25.726,92.0166
2026-07-21T16:17:34.081,1.2021,25.8043,91.7817
2026-07-21T16:17:34.097,1.2021,25.8631,91.5467
2026-07-21T16:17:34.109,1.2403,26.0001,91.3313
2026-07-21T16:17:34.129,1.2461,25.961,91.0964
2026-07-21T16:17:34.129,1.2461,25.9414,90.9397
2026-07-21T16:17:34.139,1.2542,25.7456,90.9201
2026-07-21T16:17:34.156,1.2603,25.7651,90.6852
2026-07-21T16:17:34.177,1.293,25.6085,90.5285
2026-07-21T16:17:34.177,1.293,25.5498,90.3914
2026-07-21T16:17:34.177,1.2966,25.7064,90.2935
2026-07-21T16:17:34.192,1.3024,25.6085,90.1369
2026-07-21T16:17:34.207,1.3082,25.5693,90.0586
2026-07-21T16:17:34.227,1.329,25.5889,89.8823
2026-07-21T16:17:34.227,1.3449,25.5693,89.7061
2026-07-21T16:17:34.227,1.3449,25.4127,89.4516
2026-07-21T16:17:34.249,1.3449,25.1581,89.1383
2026-07-21T16:17:34.250,1.3449,25.0602,88.5704
2026-07-21T16:17:34.271,1.3914,25.0407,88.0418
2026-07-21T16:17:34.271,1.3914,25.1973,87.7872
2026-07-21T16:17:34.271,1.3968,25.256,87.9634
2026-07-21T16:17:34.287,1.3968,25.2952,88.1201
2026-07-21T16:17:34.303,1.4231,25.354,88.3746
2026-07-21T16:17:34.303,1.4388,25.2952,88.355
2026-07-21T16:17:34.328,1.4428,25.2365,88.0026
2026-07-21T16:17:34.328,1.4428,25.2756,87.748
2026-07-21T16:17:34.339,1.4428,25.2952,87.6501
2026-07-21T16:17:34.350,1.482,25.256,87.4348
2026-07-21T16:17:34.350,1.486,25.1973,87.4935
2026-07-21T16:17:34.365,1.488,25.2756,87.376
2026-07-21T16:17:34.365,1.488,25.256,87.1802
2026-07-21T16:17:34.385,1.4971,25.2365,87.0236
2026-07-21T16:17:34.397,1.5178,25.2365,86.7886
2026-07-21T16:17:34.413,1.5354,25.1777,86.534
2026-07-21T16:17:34.413,1.5354,25.0994,86.4949
2026-07-21T16:17:34.430,1.5354,24.9819,86.7103
2026-07-21T16:17:34.439,1.543,24.9623,87.1019
2026-07-21T16:17:34.444,1.5826,24.9428,87.1998
2026-07-21T16:17:34.460,1.5831,24.9428,87.0823
2026-07-21T16:17:34.460,1.5863,25.119,86.162
2026-07-21T16:17:34.478,1.5863,25.1777,85.3396
2026-07-21T16:17:34.491,1.5972,25.256,85.32
2026-07-21T16:17:34.508,1.6286,25.1777,85.5354
2026-07-21T16:17:34.508,1.631,25.0407,85.4179
2026-07-21T16:17:34.508,1.631,24.8449,85.3788
2026-07-21T16:17:34.529,1.6397,24.8253,84.948
2026-07-21T16:17:34.539,1.6444,24.8253,84.4193
2026-07-21T16:17:34.555,1.6792,24.8644,83.8123
2026-07-21T16:17:34.568,1.6792,24.9036,83.5578
2026-07-21T16:17:34.573,1.6792,24.9819,83.4794
2026-07-21T16:17:34.582,1.6867,24.884,83.6752
2026-07-21T16:17:34.587,1.6918,24.8253,84.0081
2026-07-21T16:17:34.604,1.7236,24.7665,84.2235
2026-07-21T16:17:34.604,1.7236,24.7861,84.2039
2026-07-21T16:17:34.621,1.7236,24.884,84.0669
2026-07-21T16:17:34.634,1.7236,25.0211,83.8319
2026-07-21T16:17:34.639,1.7549,25.0211,83.9102
2026-07-21T16:17:34.650,1.7549,24.9819,83.969
2026-07-21T16:17:34.650,1.7549,24.9623,84.1452
2026-07-21T16:17:34.666,1.7706,25.0211,83.7927
2026-07-21T16:17:34.666,1.7769,24.9232,83.5382
2026-07-21T16:17:34.681,1.8055,24.9623,82.9899
2026-07-21T16:17:34.697,1.8113,25.0211,82.5983
2026-07-21T16:17:34.713,1.8113,25.0798,82.52
2026-07-21T16:17:34.719,1.8113,25.0015,82.8137
2026-07-21T16:17:34.729,1.8474,25.119,83.1074
2026-07-21T16:17:34.745,1.8474,25.0602,83.4207
2026-07-21T16:17:34.753,1.851,25.0994,83.5382
2026-07-21T16:17:34.761,1.8642,25.1973,83.4599
2026-07-21T16:17:34.764,1.8941,25.2365,82.892
2026-07-21T16:17:34.777,1.8963,25.1386,82.3438
2026-07-21T16:17:34.790,1.8969,25.2756,82.1479
2026-07-21T16:17:34.801,1.9038,25.1581,82.6375
2026-07-21T16:17:34.830,1.9344,25.0602,82.8724
2026-07-21T16:17:34.830,1.9344,25.0602,83.1074
2026-07-21T16:17:34.830,1.9344,24.9623,83.0095
2026-07-21T16:17:34.844,1.9437,25.119,83.0682
2026-07-21T16:17:34.849,1.9613,25.0994,82.8333
2026-07-21T16:17:34.858,1.981,25.1581,82.6179
2026-07-21T16:17:34.872,1.981,25.1973,82.4808
2026-07-21T16:17:34.886,1.9881,25.0994,82.657
2026-07-21T16:17:34.888,2.0206,25.256,82.8724
2026-07-21T16:17:34.888,2.0242,25.2169,83.2249
2026-07-21T16:17:34.903,2.0275,25.0798,83.4794
2026-07-21T16:17:34.925,2.0275,25.1386,83.5186
2026-07-21T16:17:34.930,2.0275,25.256,83.4794
2026-07-21T16:17:34.940,2.0555,25.491,83.2836
2026-07-21T16:17:34.951,2.0555,25.491,83.0291
2026-07-21T16:17:34.963,2.0712,25.5498,82.9312
2026-07-21T16:17:34.970,2.0712,25.5106,82.892
2026-07-21T16:17:34.982,2.1025,25.354,83.0682
2026-07-21T16:17:34.998,2.1025,25.256,83.3424
2026-07-21T16:17:34.998,2.1025,25.256,83.5773
2026-07-21T16:17:34.998,2.1183,25.2952,83.5186
2026-07-21T16:17:35.023,2.1183,25.4323,83.4794
2026-07-21T16:17:35.036,2.1501,25.5693,83.1857
2026-07-21T16:17:35.045,2.1501,25.5302,83.3424
2026-07-21T16:17:35.045,2.1605,25.4714,83.5186
2026-07-21T16:17:35.061,2.1662,25.3735,83.7731
2026-07-21T16:17:35.076,2.198,25.256,83.8711
2026-07-21T16:17:35.092,2.198,25.2952,83.8906
2026-07-21T16:17:35.092,2.198,25.5302,83.7731
2026-07-21T16:17:35.103,2.2065,25.6085,83.6557
2026-07-21T16:17:35.108,2.2139,25.7064,83.6165
2026-07-21T16:17:35.108,2.2453,25.7651,83.8319
2026-07-21T16:17:35.131,2.2453,25.726,83.969
2026-07-21T16:17:35.140,2.2606,25.6281,84.0277
2026-07-21T16:17:35.149,2.2622,25.5498,83.6165
2026-07-21T16:17:35.156,2.2763,25.6085,83.499
2026-07-21T16:17:35.187,2.3081,25.5302,83.3228
2026-07-21T16:17:35.187,2.3081,25.5889,83.3815
2026-07-21T16:17:35.187,2.3081,25.726,83.4011
2026-07-21T16:17:35.187,2.3081,25.6477,83.5186
2026-07-21T16:17:35.204,2.324,25.6477,83.5969
2026-07-21T16:17:35.220,2.333,25.6085,83.5578
2026-07-21T16:17:35.231,2.3563,25.5693,83.4403
2026-07-21T16:17:35.240,2.3563,25.5889,83.5578
2026-07-21T16:17:35.250,2.3741,25.7456,83.6165
2026-07-21T16:17:35.250,2.3801,25.7651,83.6948
2026-07-21T16:17:35.275,2.3867,25.7064,83.5382
2026-07-21T16:17:35.289,2.4182,25.726,83.4794
2026-07-21T16:17:35.297,2.4182,25.7064,83.5969
2026-07-21T16:17:35.298,2.4182,25.5302,83.7536
2026-07-21T16:17:35.316,2.4182,25.5302,83.6948
2026-07-21T16:17:35.322,2.4344,25.5498,83.4599
2026-07-21T16:17:35.330,2.4344,25.5889,83.264
2026-07-21T16:17:35.342,2.4698,25.6868,83.499
2026-07-21T16:17:35.351,2.4698,25.7064,83.6557
2026-07-21T16:17:35.360,2.4786,25.6672,83.734
2026-07-21T16:17:35.360,2.4815,25.5889,83.8711
2026-07-21T16:17:35.377,2.4895,25.5889,83.9102
2026-07-21T16:17:35.394,2.5209,25.5693,83.6361
2026-07-21T16:17:35.394,2.5209,25.6477,83.3424
2026-07-21T16:17:35.417,2.5286,25.7651,82.9508
2026-07-21T16:17:35.421,2.5286,25.7064,82.7941
2026-07-21T16:17:35.434,2.5286,25.6281,82.9116
2026-07-21T16:17:35.440,2.5599,25.5106,83.0487
2026-07-21T16:17:35.456,2.5599,25.491,83.2053
2026-07-21T16:17:35.463,2.5757,25.4127,83.0878
2026-07-21T16:17:35.463,2.5757,25.5302,82.9508
2026-07-21T16:17:35.471,2.5917,25.4714,82.6375
2026-07-21T16:17:35.502,2.6076,25.5302,82.3438
2026-07-21T16:17:35.502,2.6076,25.4127,82.52
2026-07-21T16:17:35.502,2.6252,25.2952,82.6766
2026-07-21T16:17:35.518,2.6252,25.2365,82.8529
2026-07-21T16:17:35.532,2.6394,25.1581,82.7941
2026-07-21T16:17:35.550,2.6748,25.2169,82.657
2026-07-21T16:17:35.550,2.6748,25.3735,82.2654
2026-07-21T16:17:35.550,2.6748,25.3344,81.8934
2026-07-21T16:17:35.567,2.687,25.3344,81.7172
2026-07-21T16:17:35.582,2.6903,25.119,81.6193
2026-07-21T16:17:35.614,2.7184,24.9623,81.5605
2026-07-21T16:17:35.614,2.7345,24.8057,81.5801
2026-07-21T16:17:35.614,2.7345,24.8644,81.3256
2026-07-21T16:17:35.617,2.7385,24.8253,80.9339
2026-07-21T16:17:35.632,2.7385,25.0407,80.1703
2026-07-21T16:17:35.640,2.7505,25.2365,79.4066
2026-07-21T16:17:35.645,2.782,25.119,78.9563
2026-07-21T16:17:35.661,2.788,25.0407,79.1521
2026-07-21T16:17:35.661,2.788,25.0407,79.1521
2026-07-21T16:17:35.681,2.7906,25.0407,79.015
2026-07-21T16:17:35.681,2.8016,24.9819,78.4863
2026-07-21T16:17:35.693,2.8331,25.0211,77.8989
2026-07-21T16:17:35.708,2.8331,25.1386,77.3507
2026-07-21T16:17:35.724,2.8386,25.1973,77.2332
2026-07-21T16:17:35.733,2.8386,25.0994,77.3702
2026-07-21T16:17:35.740,2.8457,24.9819,77.664
2026-07-21T16:17:35.757,2.8819,24.9623,77.801
2026-07-21T16:17:35.772,2.8863,24.9428,77.9185
2026-07-21T16:17:35.772,2.8863,24.9819,77.6248
2026-07-21T16:17:35.781,2.891,25.0015,77.1549
2026-07-21T16:17:35.788,2.893,24.9232,76.7632
2026-07-21T16:17:35.806,2.9264,25.0015,76.7045
2026-07-21T16:17:35.819,2.93,24.9232,76.9003
2026-07-21T16:17:35.819,2.93,24.8253,77.2919
2026-07-21T16:17:35.835,2.93,24.9623,77.664
2026-07-21T16:17:35.841,2.9404,24.9623,77.7423
2026-07-21T16:17:35.851,2.9718,24.9623,77.4877
2026-07-21T16:17:35.867,2.9718,24.9428,77.1744
2026-07-21T16:17:35.872,2.9718,24.9036,76.8416
2026-07-21T16:17:35.883,2.9895,24.7665,76.7828
2026-07-21T16:17:35.898,3.019,24.6686,76.8611
2026-07-21T16:17:35.898,3.0267,24.6295,76.8807
2026-07-21T16:17:35.898,3.0267,24.5707,76.8611
2026-07-21T16:17:35.914,3.032,24.5316,76.9199
2026-07-21T16:17:35.934,3.0347,24.6099,76.6849
2026-07-21T16:17:35.946,3.0715,24.6686,76.4499
2026-07-21T16:17:35.946,3.0715,24.6295,76.3129
2026-07-21T16:17:35.961,3.0715,24.6099,76.3716
2026-07-21T16:17:35.974,3.0821,24.512,76.587
2026-07-21T16:17:35.977,3.0821,24.3749,76.7437
2026-07-21T16:17:35.993,3.1135,24.3749,76.9003
2026-07-21T16:17:36.008,3.1135,24.4141,76.8807
2026-07-21T16:17:36.008,3.1292,24.4337,76.4304
2026-07-21T16:17:36.014,3.1292,24.5316,75.8625
2026-07-21T16:17:36.024,3.1292,24.5511,75.745
2026-07-21T16:17:36.056,3.1606,24.4924,76.0192
2026-07-21T16:17:36.056,3.1606,24.4141,76.4304
2026-07-21T16:17:36.056,3.1763,24.3945,76.7437
2026-07-21T16:17:36.071,3.1763,24.3553,76.8807
2026-07-21T16:17:36.071,3.1763,24.3162,76.8611
2026-07-21T16:17:36.099,3.2081,24.4532,76.3716
2026-07-21T16:17:36.103,3.2239,24.4532,75.9017
2026-07-21T16:17:36.103,3.2259,24.3553,75.7842
2026-07-21T16:17:36.118,3.235,24.1987,76.0779
2026-07-21T16:17:36.134,3.237,24.1791,76.5283
2026-07-21T16:17:36.143,3.2566,24.1008,76.7828
2026-07-21T16:17:36.150,3.2725,24.0225,76.6458
2026-07-21T16:17:36.166,3.2765,24.1595,75.9604
2026-07-21T16:17:36.168,3.2799,24.0812,74.9031
2026-07-21T16:17:36.182,3.2873,23.9441,74.5702
2026-07-21T16:17:36.199,3.3032,23.9637,74.8052
2026-07-21T16:17:36.199,3.3032,23.9246,75.1185
2026-07-21T16:17:36.214,3.3192,23.8071,75.2164
2026-07-21T16:17:36.222,3.3192,23.7875,75.1185
2026-07-21T16:17:36.231,3.3615,23.7483,74.4723
2026-07-21T16:17:36.245,3.3615,23.67,74.1786
2026-07-21T16:17:36.245,3.3667,23.5917,73.5912
2026-07-21T16:17:36.261,3.372,23.5134,73.6303
2026-07-21T16:17:36.261,3.372,23.3763,74.0219
2026-07-21T16:17:36.294,3.4147,23.2784,74.5702
2026-07-21T16:17:36.294,3.4147,23.2784,74.6289
2026-07-21T16:17:36.294,3.4147,23.2784,74.3744
2026-07-21T16:17:36.314,3.4231,23.1413,73.8653
2026-07-21T16:17:36.314,3.4231,23.2784,73.6891
2026-07-21T16:17:36.335,3.4617,23.3176,73.4932
2026-07-21T16:17:36.341,3.4617,23.3176,73.5912
2026-07-21T16:17:36.341,3.4617,23.2392,73.5912
2026-07-21T16:17:36.365,3.4775,23.1413,73.5128
2026-07-21T16:17:36.373,3.4775,22.9847,73.2387
2026-07-21T16:17:36.373,3.5143,22.8085,73.1408
2026-07-21T16:17:36.404,3.5143,22.9259,73.3366
2026-07-21T16:17:36.404,3.5248,22.9259,73.6107
2026-07-21T16:17:36.404,3.5317,23.063,73.5716
2026-07-21T16:17:36.420,3.5317,23.2196,73.1212
2026-07-21T16:17:36.420,3.5409,23.2001,72.7883
2026-07-21T16:17:36.441,3.5724,23.2196,72.6904
2026-07-21T16:17:36.456,3.5766,23.2196,72.8275
2026-07-21T16:17:36.456,3.5766,23.2001,73.1604
2026-07-21T16:17:36.474,3.5882,23.0238,73.2779
2026-07-21T16:17:36.474,3.5882,23.063,73.3953
2026-07-21T16:17:36.499,3.6198,23.2588,73.0233
2026-07-21T16:17:36.499,3.6198,23.2392,72.5534
2026-07-21T16:17:36.515,3.6279,23.2588,72.4751
2026-07-21T16:17:36.519,3.6313,23.2784,72.945
2026-07-21T16:17:36.530,3.6355,23.2588,73.3562
2026-07-21T16:17:36.562,3.6669,23.1413,73.7282
2026-07-21T16:17:36.562,3.6669,23.2001,74.0219
2026-07-21T16:17:36.562,3.6669,23.2784,74.2961
2026-07-21T16:17:36.573,3.6829,23.3176,74.1982
2026-07-21T16:17:36.584,3.6861,23.4155,73.9828
2026-07-21T16:17:36.609,3.72,23.435,73.8065
2026-07-21T16:17:36.609,3.72,23.435,73.7674
2026-07-21T16:17:36.609,3.72,23.4155,73.9436
2026-07-21T16:17:36.609,3.7302,23.3567,74.0415
2026-07-21T16:17:36.628,3.7616,23.3567,74.3352
2026-07-21T16:17:36.657,3.766,23.3959,74.6485
2026-07-21T16:17:36.657,3.766,23.3371,74.5506
2026-07-21T16:17:36.662,3.7728,23.3567,74.1786
2026-07-21T16:17:36.672,3.7829,23.3567,74.0611
2026-07-21T16:17:36.690,3.8174,23.435,74.3744
2026-07-21T16:17:36.690,3.8174,23.3959,74.8443
2026-07-21T16:17:36.690,3.8174,23.3567,75.4709
2026-07-21T16:17:36.708,3.8247,23.3763,75.7842
2026-07-21T16:17:36.725,3.8247,23.5329,75.5884
2026-07-21T16:17:36.737,3.8623,23.6504,75.138
2026-07-21T16:17:36.751,3.8623,23.67,74.8443
2026-07-21T16:17:36.751,3.8677,23.7679,75.0989
2026-07-21T16:17:36.760,3.8723,23.6308,75.608
2026-07-21T16:17:36.767,3.8744,23.5721,76.215
2026-07-21T16:17:36.799,3.9075,23.5721,76.6066
2026-07-21T16:17:36.799,3.9075,23.4938,76.6262
2026-07-21T16:17:36.799,3.9197,23.4546,76.0779
2026-07-21T16:17:36.814,3.9197,23.5917,75.5492
2026-07-21T16:17:36.817,3.9289,23.6113,75.5296
2026-07-21T16:17:36.835,3.9672,23.6896,75.8038
2026-07-21T16:17:36.850,3.9672,23.6896,76.1954
2026-07-21T16:17:36.850,3.9731,23.6308,76.4695
2026-07-21T16:17:36.862,3.9731,23.5525,76.6653
2026-07-21T16:17:36.871,3.9828,23.5721,76.4304
2026-07-21T16:17:36.885,4.0189,23.6504,76.1367
2026-07-21T16:17:36.894,4.0189,23.67,76.0387
2026-07-21T16:17:36.894,4.0189,23.67,76.4304
2026-07-21T16:17:36.915,4.0303,23.7875,76.7828
2026-07-21T16:17:36.915,4.0303,23.7483,77.2723
2026-07-21T16:17:36.928,4.062,23.6896,77.7031
2026-07-21T16:17:36.956,4.0824,23.6896,78.0164
2026-07-21T16:17:36.956,4.0824,23.8071,77.9772
2026-07-21T16:17:36.961,4.0865,23.8658,77.6444
2026-07-21T16:17:36.972,4.0934,23.9246,77.3507
2026-07-21T16:17:36.972,4.0959,23.8854,77.194
2026-07-21T16:17:36.999,4.1249,23.8854,77.1353
2026-07-21T16:17:37.004,4.1249,23.9637,77.4877
2026-07-21T16:17:37.004,4.1249,23.7287,77.8989
2026-07-21T16:17:37.022,4.1405,23.7483,78.0556
2026-07-21T16:17:37.029,4.1405,23.6896,77.7423
2026-07-21T16:17:37.043,4.1405,23.7092,77.0569
2026-07-21T16:17:37.067,4.1804,23.6504,76.822
2026-07-21T16:17:37.067,4.1804,23.7092,77.2528
2026-07-21T16:17:37.067,4.1804,23.7483,77.7227
2026-07-21T16:17:37.083,4.1936,23.7875,78.1926
2026-07-21T16:17:37.083,4.2005,23.7092,78.3689
2026-07-21T16:17:37.099,4.2352,23.8267,77.9381
2026-07-21T16:17:37.114,4.2421,23.67,76.8611
2026-07-21T16:17:37.123,4.2421,23.6504,76.215
2026-07-21T16:17:37.136,4.2523,23.5525,76.1562
2026-07-21T16:17:37.143,4.2523,23.6113,76.7045
2026-07-21T16:17:37.146,4.2981,23.5329,77.0961
2026-07-21T16:17:37.162,4.3006,23.5134,77.4486
2026-07-21T16:17:37.162,4.3006,23.4546,77.566
2026-07-21T16:17:37.184,4.3034,23.4742,77.3115
2026-07-21T16:17:37.195,4.3034,23.4742,77.0961
2026-07-21T16:17:37.195,4.3148,23.6113,77.2136
2026-07-21T16:17:37.213,4.3452,23.6308,77.4486
2026-07-21T16:17:37.228,4.3452,23.6113,77.801
2026-07-21T16:17:37.228,4.3581,23.5525,78.1143
2026-07-21T16:17:37.246,4.3663,23.4938,78.2514
2026-07-21T16:17:37.246,4.3663,23.2588,78.3884
2026-07-21T16:17:37.257,4.3766,23.298,78.3689
2026-07-21T16:17:37.272,4.4148,23.298,78.1535
2026-07-21T16:17:37.287,4.4173,23.3371,77.9185
2026-07-21T16:17:37.287,4.4173,23.2196,77.9381
2026-07-21T16:17:37.308,4.4269,23.1609,78.0751
2026-07-21T16:17:37.308,4.4315,22.9259,78.4472
2026-07-21T16:17:37.319,4.4716,22.8476,78.6234
2026-07-21T16:17:37.319,4.4772,22.7889,78.4276
2026-07-21T16:17:37.343,4.4772,22.691,77.7814
2026-07-21T16:17:37.357,4.4772,22.5539,77.1157
2026-07-21T16:17:37.359,4.4874,22.6322,77.0961
2026-07-21T16:17:37.374,4.4921,22.6322,77.3507
2026-07-21T16:17:37.383,4.5006,22.5735,77.6052
2026-07-21T16:17:37.387,4.5347,22.5735,77.7423
2026-07-21T16:17:37.414,4.5428,22.5539,77.7227
2026-07-21T16:17:37.414,4.5428,22.456,77.2919
2026-07-21T16:17:37.419,4.5504,22.3777,77.2919
2026-07-21T16:17:37.434,4.5504,22.4364,77.4094
2026-07-21T16:17:37.445,4.5504,22.456,77.5269
2026-07-21T16:17:37.457,4.5975,22.5343,77.6835
2026-07-21T16:17:37.463,4.6007,22.6126,77.9577
2026-07-21T16:17:37.463,4.6007,22.5147,78.3101
2026-07-21T16:17:37.485,4.61,22.3973,78.3884
2026-07-21T16:17:37.493,4.6133,22.4364,78.0751
2026-07-21T16:17:37.493,4.6133,22.4364,77.566
2026-07-21T16:17:37.508,4.6701,22.5343,77.6835
2026-07-21T16:17:37.524,4.6701,22.6126,77.9577
2026-07-21T16:17:37.524,4.6701,22.5931,78.3689
2026-07-21T16:17:37.543,4.6762,22.3973,78.5059
2026-07-21T16:17:37.555,4.6825,22.2406,78.5451
2026-07-21T16:17:37.555,4.6922,22.1035,78.2514
2026-07-21T16:17:37.603,4.7395,21.9861,77.8598
2026-07-21T16:17:37.603,4.7395,21.9273,77.6248
2026-07-21T16:17:37.603,4.7395,21.9077,77.6835
2026-07-21T16:17:37.603,4.7395,22.0252,77.9772
2026-07-21T16:17:37.612,4.7395,21.849,78.408
2026-07-21T16:17:37.625,4.751,21.9077,78.4276
2026-07-21T16:17:37.634,4.7552,21.8686,78.3297
2026-07-21T16:17:37.643,4.7552,21.7707,78.0947
2026-07-21T16:17:37.666,4.8025,21.9469,77.9185
2026-07-21T16:17:37.666,4.8025,21.8686,77.8206
2026-07-21T16:17:37.666,4.8025,21.8098,77.8402
2026-07-21T16:17:37.682,4.8093,21.8294,77.5269
2026-07-21T16:17:37.693,4.8093,21.8098,77.194
2026-07-21T16:17:37.697,4.8184,21.6923,76.8611
2026-07-21T16:17:37.713,4.8714,21.6923,76.8416
2026-07-21T16:17:37.729,4.8714,21.614,76.7828
2026-07-21T16:17:37.729,4.8813,21.614,76.6458
2026-07-21T16:17:37.745,4.8813,21.4965,76.352
2026-07-21T16:17:37.751,4.8943,21.4965,76.0583
2026-07-21T16:17:37.761,4.9012,21.4574,76.0192
2026-07-21T16:17:37.761,4.9066,21.242,76.0583
2026-07-21T16:17:37.792,4.9457,21.2616,76.0387
2026-07-21T16:17:37.808,4.9457,21.242,75.7842
2026-07-21T16:17:37.808,4.9457,21.2028,75.5884
2026-07-21T16:17:37.808,4.9526,21.3203,75.4513
2026-07-21T16:17:37.823,4.9595,21.3007,75.4513
2026-07-21T16:17:37.836,4.9622,21.2616,75.5492
2026-07-21T16:17:37.843,4.9654,21.2616,75.5296
2026-07-21T16:17:37.851,5.0068,21.1637,75.3534
2026-07-21T16:17:37.870,5.0123,21.1441,75.2555
2026-07-21T16:17:37.870,5.0123,21.1245,75.5492
2026-07-21T16:17:37.870,5.0123,21.2224,75.608
2026-07-21T16:17:37.895,5.0226,21.1049,75.5688
2026-07-21T16:17:37.904,5.0226,21.0658,75.7059
2026-07-21T16:17:37.916,5.0336,21.007,75.9213
2026-07-21T16:17:37.928,5.0715,20.8308,76.0387
2026-07-21T16:17:37.943,5.0757,20.7133,76.1367
2026-07-21T16:17:37.943,5.0757,20.7721,76.0583
2026-07-21T16:17:37.954,5.0757,20.6741,75.8429
2026-07-21T16:17:37.965,5.0856,20.6741,75.5296
2026-07-21T16:17:37.976,5.0856,20.635,75.2947
2026-07-21T16:17:37.996,5.1289,20.5958,75.1185
2026-07-21T16:17:37.996,5.1307,20.4979,74.8443
2026-07-21T16:17:37.996,5.1307,20.3217,74.766
2026-07-21T16:17:38.014,5.1347,20.165,74.394
2026-07-21T16:17:38.018,5.1432,20.0671,74.159
2026-07-21T16:17:38.028,5.1486,20.0476,74.394
2026-07-21T16:17:38.043,5.1803,20.1063,74.531
2026-07-21T16:17:38.059,5.1912,20.028,74.7073
2026-07-21T16:17:38.059,5.1912,20.0084,74.6485
2026-07-21T16:17:38.077,5.1958,20.028,74.5898
2026-07-21T16:17:38.085,5.2012,20.028,74.5898
2026-07-21T16:17:38.095,5.2061,19.9888,74.531
2026-07-21T16:17:38.107,5.2275,20.1455,74.5702
2026-07-21T16:17:38.122,5.2433,20.3217,74.766
2026-07-21T16:17:38.122,5.2433,20.3217,75.1185
2026-07-21T16:17:38.133,5.2433,20.4,75.5688
2026-07-21T16:17:38.143,5.2516,20.4783,75.5296
2026-07-21T16:17:38.148,5.259,20.3804,75.3534
2026-07-21T16:17:38.170,5.2908,20.2825,75.001
2026-07-21T16:17:38.170,5.2908,20.3021,74.2765
2026-07-21T16:17:38.185,5.3032,20.2238,73.7282
2026-07-21T16:17:38.201,5.3161,20.0867,73.7478
2026-07-21T16:17:38.201,5.3161,20.1846,73.787
2026-07-21T16:17:38.201,5.3498,20.263,74.1003
2026-07-21T16:17:38.217,5.3537,20.0867,74.5114
2026-07-21T16:17:38.233,5.3537,20.0671,74.5114
2026-07-21T16:17:38.249,5.3613,19.9888,73.9632
2026-07-21T16:17:38.258,5.3613,20.0084,73.1604
2026-07-21T16:17:38.262,5.3613,19.8322,72.6513
2026-07-21T16:17:38.280,5.4,19.7539,72.7296
2026-07-21T16:17:38.280,5.4015,19.6755,73.0037
2026-07-21T16:17:38.292,5.4038,19.5972,73.7086
2026-07-21T16:17:38.303,5.4038,19.4993,74.2177
2026-07-21T16:17:38.312,5.4489,19.5385,74.5898
2026-07-21T16:17:38.327,5.4528,19.4797,74.5114
2026-07-21T16:17:38.327,5.4528,19.5385,73.9632
2026-07-21T16:17:38.346,5.4612,19.5189,73.552
2026-07-21T16:17:38.346,5.4646,19.3231,73.5128
2026-07-21T16:17:38.359,5.5038,19.2643,73.6891
2026-07-21T16:17:38.375,5.5038,19.1664,73.6891
2026-07-21T16:17:38.375,5.5038,19.0489,73.0429
2026-07-21T16:17:38.395,5.5114,18.7552,71.9268
2026-07-21T16:17:38.403,5.5179,18.2461,69.6946
2026-07-21T16:17:38.411,5.5275,17.4042,65.5435
2026-07-21T16:17:38.444,5.5672,16.0139,58.6706
2026-07-21T16:17:38.444,5.5672,13.8209,49.683
2026-07-21T16:17:38.444,5.5672,10.8642,39.8143
2026-07-21T16:17:38.454,5.582,7.3984,30.1806
2026-07-21T16:17:38.462,5.6064,4.0892,21.6042
2026-07-21T16:17:38.470,5.6223,1.4067,14.0656
2026-07-21T16:17:38.485,5.6604,-0.5906,8.0935
2026-07-21T16:17:38.501,5.6808,-2.2158,3.7662
2026-07-21T16:17:38.501,5.6861,-2.9011,1.1619
2026-07-21T16:17:38.524,5.7122,-2.8423,0.4179
2026-07-21T16:17:38.533,5.718,-2.3332,1.2207
2026-07-21T16:17:38.549,5.718,-2.2353,-0.3654
2026-07-21T16:17:38.549,5.7231,-2.6074,-1.3444
2026-07-21T16:17:38.549,5.7231,-2.5095,-1.6969
2026-07-21T16:17:38.564,5.7231,-1.55,-1.6773
2026-07-21T16:17:38.580,5.7654,-1.0605,-1.3836
2026-07-21T16:17:38.580,5.7776,-0.9626,-1.2661
2026-07-21T16:17:38.580,5.7776,-0.9038,-1.0899
2026-07-21T16:17:38.603,5.7811,-0.8647,-1.129
2026-07-21T16:17:38.623,5.7811,-0.8843,-1.1094
2026-07-21T16:17:38.623,5.7811,-0.6689,-1.0507
2026-07-21T16:17:38.644,5.7811,-0.4927,-1.0311
2026-07-21T16:17:38.644,5.797,-0.4927,-1.0899
2026-07-21T16:17:38.654,5.797,-0.5906,-1.0311
2026-07-21T16:17:38.665,5.8023,-0.4927,-1.0703
2026-07-21T16:17:38.665,5.8043,-0.4731,-1.129
2026-07-21T16:17:38.676,5.8285,-0.5122,-1.0703
2026-07-21T16:17:38.708,5.8285,-0.4339,-1.129
2026-07-21T16:17:38.708,5.8285,-0.4535,-1.129
2026-07-21T16:17:38.708,5.8285,-0.5514,-1.0115
2026-07-21T16:17:38.723,5.8285,-0.4535,-1.1094
2026-07-21T16:17:38.739,5.8443,-0.4731,-1.0507
2026-07-21T16:17:38.742,5.8443,-0.4339,-1.1094
2026-07-21T16:17:38.757,5.8756,-0.4731,-1.0899
2026-07-21T16:17:38.771,5.8756,-0.4143,-1.0311
2026-07-21T16:17:38.771,5.8831,-0.4731,-1.2073
2026-07-21T16:17:38.786,5.8831,-0.571,-1.1094
2026-07-21T16:17:38.786,5.9072,-0.4731,-1.0899
2026-07-21T16:17:38.818,5.9072,-0.5122,-1.1094
2026-07-21T16:17:38.818,5.9072,-0.5514,-1.1094
2026-07-21T16:17:38.825,5.9229,-0.4731,-1.0507
2026-07-21T16:17:38.834,5.9229,-0.4927,-1.1682
2026-07-21T16:17:38.849,5.9545,-0.5318,-1.129
2026-07-21T16:17:38.849,5.9545,-0.5122,-1.129
2026-07-21T16:17:38.865,5.9545,-0.4731,-1.129
2026-07-21T16:17:38.881,5.986,-0.5318,-1.129
2026-07-21T16:17:38.897,5.986,-0.4535,-1.0703
2026-07-21T16:17:38.897,5.986,-0.5122,-1.1094
2026-07-21T16:17:38.897,5.986,-0.4143,-1.1094
2026-07-21T16:17:38.912,6.0173,-0.5318,-1.0703
2026-07-21T16:17:38.928,6.0173,-0.4927,-1.0311
2026-07-21T16:17:38.928,6.033,-0.4535,-1.1682
2026-07-21T16:17:38.928,6.033,-0.4731,-1.0311
2026-07-21T16:17:38.959,6.0703,-0.5122,-1.0703
2026-07-21T16:17:38.959,6.0703,-0.4143,-1.1094
2026-07-21T16:17:38.975,6.0703,-0.5318,-1.1094
2026-07-21T16:17:38.975,6.1025,-0.4731,-1.0703
2026-07-21T16:17:39.007,6.1025,-0.4535,-1.0507
2026-07-21T16:17:39.007,6.1025,-0.5122,-1.129
2026-07-21T16:17:39.013,6.1025,-0.4927,-1.1094
2026-07-21T16:17:39.038,6.1272,-0.4535,-1.0507
2026-07-21T16:17:39.045,6.1272,-0.4927,-1.1486
2026-07-21T16:17:39.045,6.1272,-0.4731,-1.1094
2026-07-21T16:17:39.054,6.175,-0.3752,-1.129
2026-07-21T16:17:39.069,6.1766,-0.4731,-1.0899
2026-07-21T16:17:39.069,6.1766,-0.5318,-1.129
2026-07-21T16:17:39.069,6.1766,-0.4927,-1.0115
2026-07-21T16:17:39.102,6.2054,-0.4535,-1.1094
2026-07-21T16:17:39.102,6.2054,-0.4535,-1.0899
2026-07-21T16:17:39.102,6.2054,-0.5122,-0.9528
2026-07-21T16:17:39.119,6.2054,-0.4535,-1.0899
2026-07-21T16:17:39.137,6.2524,-0.4927,-1.1682
2026-07-21T16:17:39.148,6.2524,-0.4927,-1.0507
2026-07-21T16:17:39.148,6.2524,-0.5122,-1.1094
2026-07-21T16:17:39.163,6.2585,-0.4927,-1.0507
2026-07-21T16:17:39.163,6.2841,-0.5318,-1.0899
2026-07-21T16:17:39.180,6.2841,-0.4339,-1.0899
2026-07-21T16:17:39.195,6.2841,-0.3947,-1.129
2026-07-21T16:17:39.201,6.3026,-0.5122,-1.0507
2026-07-21T16:17:39.213,6.3318,-0.4535,-1.1094
2026-07-21T16:17:39.226,6.3328,-0.4535,-1.1486
2026-07-21T16:17:39.226,6.3328,-0.5122,-1.1094
2026-07-21T16:17:39.245,6.3635,-0.4927,-1.1094
2026-07-21T16:17:39.247,6.3635,-0.4927,-0.992
2026-07-21T16:17:39.258,6.3635,-0.4927,-1.1094
2026-07-21T16:17:39.275,6.3635,-0.4927,-1.0899
2026-07-21T16:17:39.275,6.4088,-0.4535,-1.0311
2026-07-21T16:17:39.306,6.4105,-0.4339,-1.129
2026-07-21T16:17:39.306,6.4105,-0.4731,-1.0507
2026-07-21T16:17:39.306,6.4125,-0.4535,-1.0507
2026-07-21T16:17:39.321,6.4415,-0.5122,-1.0311
2026-07-21T16:17:39.345,6.4415,-0.4535,-1.0703
2026-07-21T16:17:39.345,6.4415,-0.4535,-1.1094
2026-07-21T16:17:39.355,6.4415,-0.4731,-1.1094
2026-07-21T16:17:39.384,6.4891,-0.5318,-1.0311
2026-07-21T16:17:39.384,6.4891,-0.5122,-0.992
2026-07-21T16:17:39.384,6.4891,-0.4731,-1.0311
2026-07-21T16:17:39.384,6.4891,-0.6101,-1.129
2026-07-21T16:17:39.411,6.5208,-0.4927,-1.0507
2026-07-21T16:17:39.416,6.5208,-0.4535,-1.0703
2026-07-21T16:17:39.416,6.5208,-0.5122,-0.992
2026-07-21T16:17:39.431,6.5364,-0.5514,-1.0703
2026-07-21T16:17:39.443,6.5364,-0.4927,-1.0899
2026-07-21T16:17:39.452,6.5679,-0.4731,-1.0899
2026-07-21T16:17:39.463,6.5679,-0.5318,-1.0311
2026-07-21T16:17:39.463,6.5679,-0.4535,-1.0507
2026-07-21T16:17:39.479,6.5679,-0.3947,-0.992
2026-07-21T16:17:39.495,6.6172,-0.4339,-1.0311
2026-07-21T16:17:39.510,6.6172,-0.4339,-0.9724
2026-07-21T16:17:39.510,6.6172,-0.4731,-1.0115
2026-07-21T16:17:39.510,6.6172,-0.5514,-1.0899
2026-07-21T16:17:39.546,6.6465,-0.4731,-1.0899
2026-07-21T16:17:39.546,6.6465,-0.4535,-1.0507
2026-07-21T16:17:39.546,6.6465,-0.5122,-1.0311
2026-07-21T16:17:39.559,6.6622,-0.571,-1.0115
2026-07-21T16:17:39.580,6.7015,-0.4731,-1.0899
2026-07-21T16:17:39.589,6.7035,-0.4535,-1.0507
2026-07-21T16:17:39.589,6.704,-0.4731,-1.0311
2026-07-21T16:17:39.589,6.7065,-0.4731,-1.0507
2026-07-21T16:17:39.620,6.7253,-0.1989,-1.0703
2026-07-21T16:17:39.620,6.7253,-0.4535,-1.0507
2026-07-21T16:17:39.620,6.7253,-0.4731,-1.0507
2026-07-21T16:17:39.644,6.7411,-0.4927,-0.9332
2026-07-21T16:17:39.652,6.7727,-0.5122,-1.0311
2026-07-21T16:17:39.667,6.7727,-0.4927,-1.0311
2026-07-21T16:17:39.667,6.7834,-0.4535,-1.0115
2026-07-21T16:17:39.683,6.7885,-0.4927,-1.0899
2026-07-21T16:17:39.715,6.8194,-0.4927,-1.0311
2026-07-21T16:17:39.715,6.8194,-0.4535,-1.0115
2026-07-21T16:17:39.715,6.8194,-0.4535,-1.0507
2026-07-21T16:17:39.726,6.8194,-0.5122,-1.0703
2026-07-21T16:17:39.731,6.851,-0.4535,-0.9528
2026-07-21T16:17:39.746,6.851,-0.4731,-0.992
2026-07-21T16:17:39.746,6.851,-0.5514,-1.0115
2026-07-21T16:17:39.762,6.851,-0.4535,-1.0311
2026-07-21T16:17:39.793,6.8982,-0.4731,-1.0703
2026-07-21T16:17:39.793,6.8982,-0.5318,-1.0311
2026-07-21T16:17:39.793,6.8982,-0.5318,-1.0703
2026-07-21T16:17:39.793,6.9047,-0.3947,-1.0115
2026-07-21T16:17:39.822,6.9456,-0.4927,-1.0311
2026-07-21T16:17:39.838,6.9456,-0.5122,-1.0703
2026-07-21T16:17:39.838,6.9456,-0.4535,-1.0507
2026-07-21T16:17:39.840,6.9456,-0.4143,-1.0507
2026-07-21T16:17:39.860,6.9864,-0.5318,-1.0507
2026-07-21T16:17:39.860,6.9864,-0.4731,-1.0115
2026-07-21T16:17:39.872,6.9864,-0.4535,-1.0507
2026-07-21T16:17:39.885,6.9864,-0.5318,-1.0311
2026-07-21T16:17:39.888,6.9931,-0.4731,-1.0311
2026-07-21T16:17:39.908,7.0245,-0.4731,-1.0311
2026-07-21T16:17:39.920,7.0245,-0.5122,-1.0703
2026-07-21T16:17:39.920,7.0245,-0.4927,-1.0115
2026-07-21T16:17:39.935,7.0406,-0.4339,-0.992
2026-07-21T16:17:39.967,7.0722,-0.4731,-1.0115
2026-07-21T16:17:39.967,7.0722,-0.5122,-1.0507
2026-07-21T16:17:39.967,7.0879,-0.4535,-1.0311
2026-07-21T16:17:39.967,7.0879,-0.4339,-1.0507
2026-07-21T16:17:39.983,7.0879,-0.5122,-1.0703
2026-07-21T16:17:40.014,7.1195,-0.4535,-0.992
2026-07-21T16:17:40.014,7.1195,-0.5318,-1.0703
2026-07-21T16:17:40.014,7.1353,-0.5122,-1.0507
2026-07-21T16:17:40.014,7.1353,-0.4535,-1.0311
2026-07-21T16:17:40.030,7.1353,-0.4731,-1.0507
2026-07-21T16:17:40.062,7.167,-0.4731,-1.0311
2026-07-21T16:17:40.062,7.1827,-0.4927,-0.992
2026-07-21T16:17:40.062,7.1827,-0.4731,-0.992
2026-07-21T16:17:40.062,7.1827,-0.5122,-1.0115
2026-07-21T16:17:40.077,7.2145,-0.4927,-1.0115
2026-07-21T16:17:40.109,7.2145,-0.4339,-1.0115
2026-07-21T16:17:40.109,7.2303,-0.4731,-0.992
2026-07-21T16:17:40.109,7.2303,-0.5122,-1.0703
2026-07-21T16:17:40.125,7.2303,-0.4339,-0.9528
2026-07-21T16:17:40.157,7.2619,-0.4731,-1.0311
2026-07-21T16:17:40.157,7.2619,-0.4927,-1.0115
2026-07-21T16:17:40.157,7.2619,-0.4731,-1.0115
2026-07-21T16:17:40.157,7.2776,-0.4731,-1.0311
2026-07-21T16:17:40.172,7.2776,-0.4731,-1.0507
2026-07-21T16:17:40.188,7.3091,-0.4339,-0.992
2026-07-21T16:17:40.204,7.3249,-0.4339,-1.0507
2026-07-21T16:17:40.204,7.3249,-0.4731,-1.0115
2026-07-21T16:17:40.204,7.3249,-0.4731,-0.992
2026-07-21T16:17:40.220,7.3249,-0.4339,-0.992
2026-07-21T16:17:40.251,7.3725,-0.4143,-0.9332
2026-07-21T16:17:40.251,7.3725,-0.4535,-0.992
2026-07-21T16:17:40.251,7.3725,-0.4143,-1.0311
2026-07-21T16:17:40.251,7.3725,-0.4927,-1.0115
2026-07-21T16:17:40.267,7.3725,-0.571,-0.992
2026-07-21T16:17:40.284,7.4203,-0.4535,-1.0507
2026-07-21T16:17:40.299,7.4203,-0.4535,-1.0115
2026-07-21T16:17:40.299,7.4203,-0.5514,-0.992
2026-07-21T16:17:40.315,7.4203,-0.4339,-0.992
2026-07-21T16:17:40.315,7.4203,-0.4339,-1.0311
2026-07-21T16:17:40.349,7.4679,-0.4535,-1.0115
2026-07-21T16:17:40.349,7.4679,-0.4731,-0.9724
2026-07-21T16:17:40.362,7.4679,-0.4143,-0.9724
2026-07-21T16:17:40.362,7.4679,-0.4535,-1.0115
2026-07-21T16:17:40.362,7.4837,-0.4731,-0.9528
2026-07-21T16:17:40.378,7.5311,-0.4535,-1.0115
2026-07-21T16:17:40.394,7.5311,-0.4731,-0.992
2026-07-21T16:17:40.410,7.5311,-0.5318,-0.992
2026-07-21T16:17:40.410,7.5311,-0.4731,-0.992
2026-07-21T16:17:40.426,7.5311,-0.5122,-1.0115
2026-07-21T16:17:40.426,7.5311,-0.4927,-1.0115
2026-07-21T16:17:40.458,7.58,-0.4339,-0.992
2026-07-21T16:17:40.458,7.58,-0.5122,-1.0115
2026-07-21T16:17:40.458,7.58,-0.5122,-1.0703
2026-07-21T16:17:40.473,7.58,-0.4731,-0.9724
2026-07-21T16:17:40.473,7.58,-0.4927,-0.9724
2026-07-21T16:17:40.521,7.6261,-0.4535,-1.0311
2026-07-21T16:17:40.522,7.6261,-0.4731,-0.9528
2026-07-21T16:17:40.522,7.6261,-0.4143,-0.9724
2026-07-21T16:17:40.522,7.6261,-0.4927,-0.992
2026-07-21T16:17:40.537,7.674,-0.4339,-0.9528
2026-07-21T16:17:40.568,7.674,-0.4927,-1.0311
2026-07-21T16:17:40.568,7.6891,-0.4535,-1.0311
2026-07-21T16:17:40.568,7.6891,-0.5318,-1.0311
2026-07-21T16:17:40.568,7.6891,-0.4339,-0.992
2026-07-21T16:17:40.584,7.6891,-0.4731,-0.992
2026-07-21T16:17:40.600,7.7364,-0.4927,-1.0115
2026-07-21T16:17:40.616,7.7364,-0.4731,-0.992
2026-07-21T16:17:40.616,7.7364,-0.4731,-0.9528
2026-07-21T16:17:40.616,7.7364,-0.3752,-1.0115
2026-07-21T16:17:40.631,7.7524,-0.4339,-1.0311
2026-07-21T16:17:40.647,7.7997,-0.5122,-0.9528
2026-07-21T16:17:40.679,7.7997,-0.4339,-0.9724
2026-07-21T16:17:40.679,7.7997,-0.4535,-1.0115
2026-07-21T16:17:40.679,7.7997,-0.4339,-0.9724
2026-07-21T16:17:40.679,7.8048,-0.5514,-0.992
2026-07-21T16:17:40.695,7.8084,-0.4927,-0.9724
2026-07-21T16:17:40.710,7.847,-0.4927,-1.0115
2026-07-21T16:17:40.726,7.847,-0.4535,-1.0311
2026-07-21T16:17:40.726,7.847,-0.5318,-1.0311
2026-07-21T16:17:40.726,7.847,-0.5318,-0.9724
2026-07-21T16:17:40.747,7.8627,-0.4731,-1.0115
2026-07-21T16:17:40.751,7.8627,-0.4535,-1.0703
2026-07-21T16:17:40.758,7.9085,-0.4339,-1.0703
2026-07-21T16:17:40.773,7.909,-0.4535,-1.0115
2026-07-21T16:17:40.789,7.91,-0.5122,-0.9724
2026-07-21T16:17:40.789,7.91,-0.5122,-1.0311
2026-07-21T16:17:40.805,7.91,-0.4927,-0.9528
2026-07-21T16:17:40.805,7.9575,-0.4731,-0.992
2026-07-21T16:17:40.847,7.9575,-0.4927,-0.9724
2026-07-21T16:17:40.847,7.9575,-0.4535,-0.992
2026-07-21T16:17:40.848,7.9575,-0.4143,-1.0311
2026-07-21T16:17:40.852,7.9575,-0.4535,-1.0115
2026-07-21T16:17:40.868,8.0093,-0.5318,-1.0115
2026-07-21T16:17:40.868,8.0093,-0.3947,-1.0115
2026-07-21T16:17:40.884,8.0093,-0.5122,-0.992
2026-07-21T16:17:40.884,8.0093,-0.4535,-1.0115
2026-07-21T16:17:40.900,8.0209,-0.4339,-0.9724
2026-07-21T16:17:40.916,8.0526,-0.4927,-0.9724
2026-07-21T16:17:40.932,8.0684,-0.5318,-0.992
2026-07-21T16:17:40.947,8.0684,-0.4731,-0.9528
2026-07-21T16:17:40.947,8.0684,-0.4927,-0.8941
2026-07-21T16:17:40.951,8.0684,-0.4731,-1.0507
2026-07-21T16:17:40.963,8.0684,-0.571,-0.992
2026-07-21T16:17:40.995,8.1157,-0.4339,-0.9528
2026-07-21T16:17:40.995,8.1157,-0.4731,-0.992
2026-07-21T16:17:40.995,8.1157,-0.5122,-0.9724
2026-07-21T16:17:40.995,8.1157,-0.4731,-0.9528
2026-07-21T16:17:41.011,8.1157,-0.4535,-1.0115
2026-07-21T16:17:41.011,8.163,-0.5318,-0.9724
2026-07-21T16:17:41.052,8.1646,-0.4339,-0.9528
2026-07-21T16:17:41.052,8.1646,-0.3947,-1.0115
2026-07-21T16:17:41.058,8.1646,-0.3947,-0.9136
2026-07-21T16:17:41.058,8.1646,-0.3947,-0.992
2026-07-21T16:17:41.074,8.2116,-0.3752,-0.9136
2026-07-21T16:17:41.089,8.2116,-0.5318,-1.0115
2026-07-21T16:17:41.089,8.2116,-0.5122,-0.992
2026-07-21T16:17:41.107,8.2116,-0.4731,-0.9332
2026-07-21T16:17:41.107,8.2116,-0.3752,-1.0115
2026-07-21T16:17:41.123,8.2578,-0.4731,-1.0703
2026-07-21T16:17:41.154,8.2578,-0.4339,-0.9136
2026-07-21T16:17:41.154,8.2578,-0.4535,-0.992
2026-07-21T16:17:41.154,8.2578,-0.4731,-0.9528
2026-07-21T16:17:41.154,8.2736,-0.5122,-0.992
2026-07-21T16:17:41.184,8.3106,-0.4143,-1.0115
2026-07-21T16:17:41.200,8.3106,-0.5122,-1.0115
2026-07-21T16:17:41.200,8.3207,-0.4339,-0.9724
2026-07-21T16:17:41.200,8.3228,-0.4339,-1.0115
2026-07-21T16:17:41.216,8.3228,-0.4339,-0.9528
2026-07-21T16:17:41.231,8.3687,-0.5122,-0.9724
2026-07-21T16:17:41.253,8.3687,-0.4143,-0.9724
2026-07-21T16:17:41.253,8.3687,-0.4535,-0.992
2026-07-21T16:17:41.253,8.3687,-0.4339,-0.9724
2026-07-21T16:17:41.265,8.3687,-0.4339,-0.9528
2026-07-21T16:17:41.265,8.3844,-0.3947,-0.992
2026-07-21T16:17:41.279,8.4163,-0.5318,-1.0115
2026-07-21T16:17:41.311,8.4163,-0.3947,-0.9528
2026-07-21T16:17:41.311,8.4163,-0.5122,-1.0115
2026-07-21T16:17:41.311,8.4163,-0.4731,-1.0115
2026-07-21T16:17:41.327,8.432,-0.4535,-0.992
2026-07-21T16:17:41.358,8.4635,-0.4535,-1.0115
2026-07-21T16:17:41.358,8.4635,-0.4731,-0.9724
2026-07-21T16:17:41.358,8.4635,-0.4731,-0.8941
2026-07-21T16:17:41.358,8.4635,-0.4731,-0.9724
2026-07-21T16:17:41.374,8.4793,-0.4339,-1.0311
2026-07-21T16:17:41.390,8.5142,-0.4927,-0.992
2026-07-21T16:17:41.406,8.5142,-0.3947,-0.992
2026-07-21T16:17:41.406,8.5142,-0.4927,-1.0311
2026-07-21T16:17:41.406,8.5142,-0.4927,-0.9528
2026-07-21T16:17:41.421,8.5281,-0.4731,-1.0115
2026-07-21T16:17:41.456,8.5588,-0.4927,-0.9332
2026-07-21T16:17:41.456,8.5588,-0.4731,-1.0311
2026-07-21T16:17:41.456,8.5588,-0.4339,-0.9528
2026-07-21T16:17:41.456,8.5588,-0.4535,-0.992
2026-07-21T16:17:41.470,8.6067,-0.4927,-0.9332
2026-07-21T16:17:41.501,8.6123,-0.4339,-0.9528
2026-07-21T16:17:41.501,8.6123,-0.4339,-0.9724
2026-07-21T16:17:41.501,8.6123,-0.4535,-1.0507
2026-07-21T16:17:41.518,8.6224,-0.5122,-0.9136
2026-07-21T16:17:41.518,8.6541,-0.4339,-0.992
2026-07-21T16:17:41.549,8.6541,-0.4731,-1.0311
2026-07-21T16:17:41.549,8.6541,-0.5122,-0.9724
2026-07-21T16:17:41.554,8.6541,-0.4339,-0.992
2026-07-21T16:17:41.565,8.6541,-0.4927,-0.9724
2026-07-21T16:17:41.596,8.7059,-0.4927,-0.9724
2026-07-21T16:17:41.596,8.7059,-0.4535,-0.9528
2026-07-21T16:17:41.596,8.7059,-0.4339,-0.9528
2026-07-21T16:17:41.596,8.7125,-0.571,-0.9724
2026-07-21T16:17:41.612,8.7485,-0.4339,-0.9528
2026-07-21T16:17:41.643,8.7485,-0.4339,-1.0115
2026-07-21T16:17:41.643,8.7485,-0.4731,-0.9528
2026-07-21T16:17:41.643,8.7485,-0.5122,-0.9528
2026-07-21T16:17:41.655,8.7485,-0.4535,-1.0311
2026-07-21T16:17:41.691,8.7959,-0.4731,-0.992
2026-07-21T16:17:41.691,8.7959,-0.4535,-0.8941
2026-07-21T16:17:41.691,8.7959,-0.4339,-0.992
2026-07-21T16:17:41.691,8.7959,-0.4731,-0.9724
2026-07-21T16:17:41.707,8.806,-0.4535,-0.9528
2026-07-21T16:17:41.738,8.8434,-0.4535,-0.9528
2026-07-21T16:17:41.738,8.8434,-0.4731,-0.9724
2026-07-21T16:17:41.738,8.8434,-0.4927,-0.992
2026-07-21T16:17:41.738,8.8434,-0.3947,-1.0115
2026-07-21T16:17:41.755,8.8749,-0.4927,-0.8745
2026-07-21T16:17:41.770,8.8749,-0.4927,-0.9724
2026-07-21T16:17:41.770,8.8906,-0.4927,-0.9332
2026-07-21T16:17:41.786,8.8906,-0.4339,-0.9724
2026-07-21T16:17:41.801,8.922,-0.4535,-0.9724
2026-07-21T16:17:41.801,8.922,-0.4927,-0.9528
2026-07-21T16:17:41.817,8.922,-0.4731,-0.9136
2026-07-21T16:17:41.817,8.922,-0.4927,-1.0311
2026-07-21T16:17:41.837,8.9377,-0.4927,-0.9724
2026-07-21T16:17:41.848,8.9692,-0.4731,-0.8549
2026-07-21T16:17:41.864,8.9692,-0.4535,-0.9136
2026-07-21T16:17:41.864,8.9692,-0.4927,-0.9724
2026-07-21T16:17:41.864,8.9692,-0.4339,-0.9136
2026-07-21T16:17:41.880,9.0138,-0.3947,-0.9528
2026-07-21T16:17:41.911,9.0164,-0.4535,-0.9528
2026-07-21T16:17:41.911,9.0164,-0.5122,-0.9528
2026-07-21T16:17:41.911,9.0164,-0.4143,-0.992
2026-07-21T16:17:41.911,9.0164,-0.5122,-0.9724
2026-07-21T16:17:41.927,9.0479,-0.4927,-0.8941
2026-07-21T16:17:41.948,9.0479,-0.4535,-0.9528
2026-07-21T16:17:41.956,9.0479,-0.4339,-0.992
2026-07-21T16:17:41.959,9.0636,-0.5318,-1.0115
2026-07-21T16:17:41.990,9.0951,-0.4731,-1.0115
2026-07-21T16:17:41.990,9.0951,-0.4143,-0.992
2026-07-21T16:17:41.990,9.0951,-0.4731,-0.992
2026-07-21T16:17:42.006,9.1062,-0.5122,-0.8941
2026-07-21T16:17:42.037,9.1427,-0.3947,-0.9332
2026-07-21T16:17:42.037,9.1427,-0.5122,-0.9724
2026-07-21T16:17:42.037,9.1427,-0.4927,-0.9528
2026-07-21T16:17:42.048,9.1427,-0.4339,-0.992
2026-07-21T16:17:42.057,9.1742,-0.4339,-1.0115
2026-07-21T16:17:42.069,9.1742,-0.5318,-0.9528
2026-07-21T16:17:42.069,9.1742,-0.4339,-0.9528
2026-07-21T16:17:42.069,9.1742,-0.4927,-0.9724
2026-07-21T16:17:42.085,9.2221,-0.5122,-0.9724
2026-07-21T16:17:42.101,9.2221,-0.4339,-0.992
2026-07-21T16:17:42.116,9.2221,-0.3947,-0.9528
2026-07-21T16:17:42.116,9.2221,-0.4927,-0.9528
2026-07-21T16:17:42.138,9.2697,-0.4731,-0.992
2026-07-21T16:17:42.138,9.2697,-0.4731,-0.9528
2026-07-21T16:17:42.164,9.2697,-0.4535,-0.9332
2026-07-21T16:17:42.164,9.2697,-0.5122,-0.9528
2026-07-21T16:17:42.164,9.2697,-0.4731,-0.9136
2026-07-21T16:17:42.181,9.3154,-0.5318,-1.0311
2026-07-21T16:17:42.196,9.3172,-0.4339,-0.9332
2026-07-21T16:17:42.196,9.3172,-0.4535,-0.9528
2026-07-21T16:17:42.212,9.3172,-0.4535,-0.9136
2026-07-21T16:17:42.228,9.3488,-0.5122,-0.9724
2026-07-21T16:17:42.248,9.3488,-0.3947,-0.9528
2026-07-21T16:17:42.248,9.3488,-0.3752,-0.8745
2026-07-21T16:17:42.258,9.3488,-0.4927,-0.9528
2026-07-21T16:17:42.259,9.3645,-0.4927,-0.9528
2026-07-21T16:17:42.291,9.3962,-0.4143,-0.8549
2026-07-21T16:17:42.291,9.3962,-0.4731,-0.992
2026-07-21T16:17:42.291,9.3962,-0.5122,-0.9332
2026-07-21T16:17:42.307,9.3962,-0.4535,-0.9332
2026-07-21T16:17:42.308,9.4277,-0.4731,-1.0115
2026-07-21T16:17:42.323,9.4277,-0.5122,-0.9724
2026-07-21T16:17:42.323,9.4277,-0.4339,-0.9528
2026-07-21T16:17:42.338,9.4435,-0.4927,-0.992
2026-07-21T16:17:42.354,9.4592,-0.5318,-0.9332
2026-07-21T16:17:42.370,9.475,-0.4143,-0.9528
2026-07-21T16:17:42.370,9.475,-0.4339,-1.0115
2026-07-21T16:17:42.386,9.5063,-0.4535,-1.0311
2026-07-21T16:17:42.401,9.5159,-0.3947,-0.9332
2026-07-21T16:17:42.401,9.5159,-0.4927,-0.992
2026-07-21T16:17:42.417,9.5159,-0.4535,-0.9724
2026-07-21T16:17:42.448,9.5378,-0.4143,-0.9528
2026-07-21T16:17:42.448,9.5537,-0.4143,-0.9528
2026-07-21T16:17:42.448,9.5537,-0.4535,-0.9136
2026-07-21T16:17:42.458,9.5537,-0.4927,-0.9332
2026-07-21T16:17:42.464,9.5852,-0.3947,-0.992
2026-07-21T16:17:42.480,9.5852,-0.4339,-0.9136
2026-07-21T16:17:42.480,9.5852,-0.7472,-0.9528
2026-07-21T16:17:42.496,9.5852,-0.4535,-0.9136
2026-07-21T16:17:42.512,9.6319,-0.4535,-0.9332
2026-07-21T16:17:42.512,9.6319,-0.4731,-0.9332
2026-07-21T16:17:42.527,9.6319,-0.4927,-0.9332
2026-07-21T16:17:42.527,9.6319,-0.4143,-0.9528
2026-07-21T16:17:42.558,9.6635,-0.4339,-1.0115
2026-07-21T16:17:42.558,9.6635,-0.4927,-0.9724
2026-07-21T16:17:42.558,9.6792,-0.4731,-0.9332
2026-07-21T16:17:42.574,9.6803,-0.3752,-1.0115
2026-07-21T16:17:42.590,9.7166,-0.5122,-0.9332
2026-07-21T16:17:42.590,9.7166,-0.4143,-0.9332
2026-07-21T16:17:42.606,9.7166,-0.4731,-0.9332
2026-07-21T16:17:42.606,9.7271,-0.4731,-0.9528
2026-07-21T16:17:42.622,9.7271,-0.336,-0.9528
2026-07-21T16:17:42.638,9.7586,-0.2968,-0.9332
2026-07-21T16:17:42.659,9.7586,-0.4731,-0.9332
2026-07-21T16:17:42.659,9.7744,-0.3947,-0.9724
2026-07-21T16:17:42.659,9.7744,-0.4339,-0.9528
2026-07-21T16:17:42.669,9.7744,-0.3164,-0.9528
2026-07-21T16:17:42.685,9.8069,-0.5318,-1.0311
2026-07-21T16:17:42.701,9.817,-0.4339,-0.9528
2026-07-21T16:17:42.701,9.817,-0.4927,-0.9528
2026-07-21T16:17:42.701,9.817,-0.4731,-0.8549
2026-07-21T16:17:42.749,9.8531,-0.4927,-0.9136
2026-07-21T16:17:42.749,9.8531,-0.5122,-0.9528
2026-07-21T16:17:42.749,9.8531,-0.4339,-0.9724
2026-07-21T16:17:42.749,9.8531,-0.4731,-0.9332
2026-07-21T16:17:42.764,9.8846,-0.4731,-0.9332
2026-07-21T16:17:42.795,9.8981,-0.4731,-0.9332
2026-07-21T16:17:42.795,9.8981,-0.4927,-0.9136
2026-07-21T16:17:42.795,9.8981,-0.3947,-0.9136
2026-07-21T16:17:42.795,9.9007,-0.4927,-0.8745
2026-07-21T16:17:42.827,9.9329,-0.4535,-0.7374
2026-07-21T16:17:42.827,9.9329,-0.4927,-0.522
2026-07-21T16:17:42.827,9.9329,-0.6101,-0.5024
2026-07-21T16:17:42.843,9.9486,-1.2955,-0.1696
2026-07-21T16:17:42.875,9.9958,-1.3934,0.1241
2026-07-21T16:17:42.875,9.9958,-1.0605,1.2011
2026-07-21T16:17:42.875,9.9958,0.2906,3.5899
2026-07-21T16:17:42.891,10.0276,3.5997,7.2515
2026-07-21T16:17:42.891,10.059,8.5145,12.695
2026-07-21T16:17:42.907,10.0906,12.2348,18.2559
2026-07-21T16:17:42.922,10.0906,14.6824,23.2294
2026-07-21T16:17:42.922,10.0906,16.4839,27.5764
2026-07-21T16:17:42.938,10.1074,17.7175,29.9065
2026-07-21T16:17:42.938,10.1179,17.8741,31.0617
2026-07-21T16:17:42.970,10.1225,18.1482,32.5303
2026-07-21T16:17:42.970,10.1225,18.9315,34.7625
2026-07-21T16:17:42.970,10.1225,19.4993,36.4073
2026-07-21T16:17:43.001,10.1699,19.9692,37.3863
2026-07-21T16:17:43.001,10.1699,20.1259,37.6996
2026-07-21T16:17:43.001,10.1699,20.2042,37.9738
2026-07-21T16:17:43.017,10.1699,21.007,39.2269
2026-07-21T16:17:43.017,10.1857,21.9665,41.0479
2026-07-21T16:17:43.033,10.1857,22.8085,43.0452
2026-07-21T16:17:43.050,10.1857,23.4938,44.7291
2026-07-21T16:17:43.050,10.2014,23.8854,46.1193
2026-07-21T16:17:43.065,10.2076,24.1008,47.2355
2026-07-21T16:17:43.065,10.2076,24.4337,48.3711
2026-07-21T16:17:43.080,10.2495,24.9623,49.311
2026-07-21T16:17:43.096,10.2495,25.8826,50.2313
2026-07-21T16:17:43.096,10.2495,26.8029,51.6803
2026-07-21T16:17:43.112,10.2495,28.1736,53.4621
2026-07-21T16:17:43.112,10.2663,29.5051,55.479
2026-07-21T16:17:43.128,10.281,30.7582,57.7307
2026-07-21T16:17:43.150,10.281,31.9918,60.0217
2026-07-21T16:17:43.150,10.2968,33.1863,62.0385
2026-07-21T16:17:43.176,10.3281,34.0086,63.9378
2026-07-21T16:17:43.176,10.3281,34.7723,65.3672
2026-07-21T16:17:43.176,10.3281,35.1835,66.1896
2026-07-21T16:17:43.192,10.3451,35.2227,66.6008
2026-07-21T16:17:43.207,10.3451,35.301,67.4036
2026-07-21T16:17:43.208,10.3451,35.7513,68.3043
2026-07-21T16:17:43.223,10.3597,36.2017,69.3225
2026-07-21T16:17:43.223,10.3597,36.5933,69.8708
2026-07-21T16:17:43.239,10.3597,36.8479,69.7729
2026-07-21T16:17:43.270,10.408,36.8087,69.1659
2026-07-21T16:17:43.270,10.408,36.5737,69.3225
2026-07-21T16:17:43.270,10.408,36.5541,69.9687
2026-07-21T16:17:43.287,10.4191,36.5737,70.6149
2026-07-21T16:17:43.287,10.4231,36.515,70.8694
2026-07-21T16:17:43.302,10.4231,36.7891,71.0848
2026-07-21T16:17:43.318,10.439,37.0045,71.3785
2026-07-21T16:17:43.319,10.4705,37.0437,71.5743
2026-07-21T16:17:43.333,10.4705,37.122,71.5743
2026-07-21T16:17:43.333,10.4705,37.1024,71.5548
2026-07-21T16:17:43.350,10.4862,36.7695,71.6527
2026-07-21T16:17:43.365,10.4862,36.75,72.2205
2026-07-21T16:17:43.381,10.502,37.0241,72.5925
2026-07-21T16:17:43.381,10.5081,37.4157,72.7492
2026-07-21T16:17:43.397,10.5333,37.357,72.6904
2026-07-21T16:17:43.413,10.5491,37.4353,72.6121
2026-07-21T16:17:43.413,10.5491,37.4744,72.7296
2026-07-21T16:17:43.428,10.5648,37.4744,73.1212
2026-07-21T16:17:43.428,10.5648,37.6898,73.6891
2026-07-21T16:17:43.450,10.5648,38.0227,74.3156
2026-07-21T16:17:43.450,10.612,38.2773,74.6877
2026-07-21T16:17:43.476,10.6195,38.3556,74.9618
2026-07-21T16:17:43.476,10.6195,38.2968,74.8052
2026-07-21T16:17:43.476,10.6195,38.1793,74.6094
2026-07-21T16:17:43.491,10.6276,37.9444,74.8247
2026-07-21T16:17:43.507,10.6276,37.9835,75.2751
2026-07-21T16:17:43.507,10.6276,38.0814,75.5688
2026-07-21T16:17:43.540,10.6748,38.2968,75.745
2026-07-21T16:17:43.551,10.6748,38.5905,75.8625
2026-07-21T16:17:43.551,10.6748,38.6689,75.7842
2026-07-21T16:17:43.562,10.6905,38.571,75.6667
2026-07-21T16:17:43.570,10.6905,38.5122,75.6863
2026-07-21T16:17:43.586,10.6905,38.4535,75.7059
2026-07-21T16:17:43.586,10.6905,38.4535,75.7842
2026-07-21T16:17:43.601,10.7222,38.4926,75.9017
2026-07-21T16:17:43.617,10.7222,38.571,75.6863
2026-07-21T16:17:43.617,10.7222,38.6297,75.5296
2026-07-21T16:17:43.617,10.7379,38.8255,75.3338
2026-07-21T16:17:43.633,10.7379,38.8647,75.1576
2026-07-21T16:17:43.664,10.7853,38.7668,75.0989
2026-07-21T16:17:43.664,10.7853,38.7472,74.9226
2026-07-21T16:17:43.664,10.7853,38.7276,74.7073
2026-07-21T16:17:43.680,10.801,38.6493,74.4723
2026-07-21T16:17:43.680,10.801,38.571,74.3156
2026-07-21T16:17:43.696,10.801,38.5514,74.0807
2026-07-21T16:17:43.696,10.8328,38.5122,73.924
2026-07-21T16:17:43.712,10.8328,38.5122,73.9828
2026-07-21T16:17:43.727,10.8328,38.5122,74.0807
2026-07-21T16:17:43.727,10.8485,38.5318,74.0415
2026-07-21T16:17:43.751,10.8642,38.6689,73.9044
2026-07-21T16:17:43.775,10.8994,38.4535,73.7086
2026-07-21T16:17:43.775,10.9,38.5905,73.0429
2026-07-21T16:17:43.775,10.9012,38.3752,72.6513
2026-07-21T16:17:43.775,10.9086,38.2773,72.5142
2026-07-21T16:17:43.791,10.9116,38.1793,72.6121
2026-07-21T16:17:43.806,10.943,38.0423,72.6121
2026-07-21T16:17:43.806,10.9588,37.8661,72.6513
2026-07-21T16:17:43.822,10.9588,37.8465,72.4751
2026-07-21T16:17:43.839,10.9588,37.8073,72.0834
2026-07-21T16:17:43.854,10.9745,37.7682,71.4177
2026-07-21T16:17:43.854,10.9745,37.729,70.7128
2026-07-21T16:17:43.863,10.9745,37.5919,70.4191
2026-07-21T16:17:43.885,11.0211,37.4353,70.1254
2026-07-21T16:17:43.885,11.0211,37.2982,70.0079
2026-07-21T16:17:43.901,11.0211,37.2199,70.0079
2026-07-21T16:17:43.901,11.0211,37.2591,69.91
2026-07-21T16:17:43.901,11.0369,37.2003,69.7337
2026-07-21T16:17:43.917,11.0684,37.2003,69.3225
2026-07-21T16:17:43.932,11.0684,37.1611,68.8918
2026-07-21T16:17:43.951,11.0684,37.1416,68.6764
2026-07-21T16:17:43.951,11.0842,37.0437,68.4023
2026-07-21T16:17:43.963,11.0842,36.887,68.226
2026-07-21T16:17:43.979,11.0999,36.75,68.2064
2026-07-21T16:17:43.979,11.1317,36.6716,68.4023
2026-07-21T16:17:43.995,11.1317,36.6325,68.3827
2026-07-21T16:17:44.011,11.1317,36.4954,68.089
2026-07-21T16:17:44.011,11.1474,36.3192,67.6582
2026-07-21T16:17:44.026,11.1474,36.3779,67.2078
2026-07-21T16:17:44.026,11.1632,36.3388,67.1295
2026-07-21T16:17:44.042,11.1632,36.2017,67.1687
2026-07-21T16:17:44.074,11.1955,36.0646,67.4036
2026-07-21T16:17:44.074,11.1955,35.908,67.482
2026-07-21T16:17:44.074,11.2106,35.8884,67.4036
2026-07-21T16:17:44.074,11.2106,36.045,67.0903
2026-07-21T16:17:44.090,11.2222,35.9471,66.2288
2026-07-21T16:17:44.105,11.2263,35.8101,65.563
2026-07-21T16:17:44.121,11.2606,35.7318,65.5043
2026-07-21T16:17:44.138,11.2606,35.6534,65.6609
2026-07-21T16:17:44.138,11.2606,35.5359,65.7197
2026-07-21T16:17:44.138,11.2742,35.4968,65.7588
2026-07-21T16:17:44.153,11.2742,35.5555,65.6218
2026-07-21T16:17:44.168,11.2742,35.4968,64.9756
2026-07-21T16:17:44.185,11.3227,35.2618,64.1924
2026-07-21T16:17:44.203,11.3227,35.1835,63.742
2026-07-21T16:17:44.203,11.3227,35.1248,63.5658
2026-07-21T16:17:44.203,11.3227,34.831,63.7812
2026-07-21T16:17:44.216,11.3377,34.7136,63.8987
2026-07-21T16:17:44.216,11.3377,34.5961,63.8791
2026-07-21T16:17:44.233,11.3853,34.5177,63.7616
2026-07-21T16:17:44.248,11.3881,34.6548,63.2329
2026-07-21T16:17:44.265,11.3881,34.6548,62.9196
2026-07-21T16:17:44.265,11.3881,34.6352,62.9392
2026-07-21T16:17:44.265,11.4011,34.5373,63.0763
2026-07-21T16:17:44.280,11.4011,34.4786,63.2329
2026-07-21T16:17:44.297,11.433,34.3024,63.2329
2026-07-21T16:17:44.312,11.433,34.2828,63.4287
2026-07-21T16:17:44.312,11.4491,34.4982,63.4092
2026-07-21T16:17:44.330,11.4491,34.6548,63.1938
2026-07-21T16:17:44.330,11.4491,34.5569,63.0763
2026-07-21T16:17:44.343,11.4648,34.5373,63.0959
2026-07-21T16:17:44.359,11.5119,34.4394,63.3308
2026-07-21T16:17:44.375,11.5119,34.4198,63.5462
2026-07-21T16:17:44.375,11.5119,34.1066,63.6441
2026-07-21T16:17:44.375,11.5119,34.0478,63.5071
2026-07-21T16:17:44.391,11.5276,34.0478,63.2329
2026-07-21T16:17:44.407,11.5276,34.1653,63.1938
2026-07-21T16:17:44.407,11.5276,34.2436,63.5266
2026-07-21T16:17:44.438,11.575,34.2828,63.7225
2026-07-21T16:17:44.438,11.575,34.1457,63.5658
2026-07-21T16:17:44.438,11.575,34.0086,63.2525
2026-07-21T16:17:44.454,11.5907,33.8716,62.9784
2026-07-21T16:17:44.470,11.5907,33.7541,62.8609
2026-07-21T16:17:44.470,11.5907,33.7933,62.998
2026-07-21T16:17:44.486,11.6382,33.852,62.8805
2026-07-21T16:17:44.498,11.6382,33.8716,62.7434
2026-07-21T16:17:44.502,11.6382,33.9107,62.4105
2026-07-21T16:17:44.517,11.6539,33.8716,62.2735
2026-07-21T16:17:44.517,11.6539,33.7541,62.0581
2026-07-21T16:17:44.533,11.6539,33.5387,62.1364
2026-07-21T16:17:44.533,11.6696,33.4604,62.2931
2026-07-21T16:17:44.566,11.7093,33.4212,62.3714
2026-07-21T16:17:44.580,11.7093,33.5191,62.4497
2026-07-21T16:17:44.580,11.7168,33.6758,62.2931
2026-07-21T16:17:44.580,11.7168,33.7149,62.0581
2026-07-21T16:17:44.596,11.7244,33.7541,61.7056
2026-07-21T16:17:44.596,11.7329,33.7345,61.7644
2026-07-21T16:17:44.612,11.7805,33.617,61.9014
2026-07-21T16:17:44.643,11.7805,33.5779,62.0581
2026-07-21T16:17:44.643,11.7805,33.5975,62.2147
2026-07-21T16:17:44.643,11.7805,33.6562,62.0777
2026-07-21T16:17:44.651,11.7962,33.5975,61.7448
2026-07-21T16:17:44.667,11.7962,33.4604,61.4707
2026-07-21T16:17:44.675,11.7962,33.1275,61.4902
2026-07-21T16:17:44.691,11.8434,32.8925,61.5098
2026-07-21T16:17:44.707,11.8434,32.7163,61.5686
2026-07-21T16:17:44.707,11.8434,32.6967,61.2944
2026-07-21T16:17:44.707,11.8434,32.5793,61.0986
2026-07-21T16:17:44.723,11.8591,32.5205,60.9811
2026-07-21T16:17:44.738,11.8591,32.4226,60.7462
2026-07-21T16:17:44.738,11.8591,32.3639,60.5699
2026-07-21T16:17:44.767,11.9095,32.1876,60.5308
2026-07-21T16:17:44.767,11.9095,32.1876,60.472
2026-07-21T16:17:44.786,11.9095,32.0506,60.6091
2026-07-21T16:17:44.786,11.9095,32.0702,60.7266
2026-07-21T16:17:44.786,11.9095,32.0897,60.707
2026-07-21T16:17:44.801,11.9247,32.031,60.472
2026-07-21T16:17:44.817,11.9247,31.8743,60.2958
2026-07-21T16:17:44.849,11.9693,31.6981,60.3154
2026-07-21T16:17:44.849,11.9693,31.5611,60.3546
2026-07-21T16:17:44.852,11.9693,31.4827,60.2567
2026-07-21T16:17:44.852,11.9853,31.3457,59.9825
2026-07-21T16:17:44.867,11.9853,31.424,59.6301
2026-07-21T16:17:44.867,11.9853,31.3848,59.1601
2026-07-21T16:17:44.896,12.0329,31.2478,59.0231
2026-07-21T16:17:44.896,12.0329,31.0715,58.886
2026-07-21T16:17:44.896,12.0329,30.9149,58.8664
2026-07-21T16:17:44.911,12.0329,30.7582,58.7881
2026-07-21T16:17:44.927,12.0487,30.7582,58.4552
2026-07-21T16:17:44.927,12.0487,30.7387,58.1028
2026-07-21T16:17:44.952,12.0959,30.7582,58.1028
2026-07-21T16:17:44.967,12.0959,30.817,58.2986
2026-07-21T16:17:44.967,12.0959,30.7582,58.3573
2026-07-21T16:17:44.975,12.0959,30.6408,58.2007
2026-07-21T16:17:44.975,12.1095,30.4254,57.8286
2026-07-21T16:17:44.991,12.1116,30.2883,57.2412
2026-07-21T16:17:45.022,12.143,30.2687,56.3992
2026-07-21T16:17:45.022,12.1587,30.3666,56.4384
2026-07-21T16:17:45.022,12.1587,30.3666,56.6146
2026-07-21T16:17:45.038,12.1587,30.3275,56.8496
2026-07-21T16:17:45.052,12.1587,30.21,56.8692
2026-07-21T16:17:45.054,12.1744,30.1317,56.8496
2026-07-21T16:17:45.067,12.2095,30.1317,56.5559
2026-07-21T16:17:45.085,12.2095,30.0338,56.4384
2026-07-21T16:17:45.085,12.2216,29.975,56.5167
2026-07-21T16:17:45.101,12.2258,29.9946,56.7321
2026-07-21T16:17:45.101,12.2258,29.8575,57.0454
2026-07-21T16:17:45.117,12.2373,29.7792,57.0454
2026-07-21T16:17:45.148,12.2712,29.8771,56.7909
2026-07-21T16:17:45.148,12.2712,29.8575,56.7517
2026-07-21T16:17:45.148,12.2712,29.8575,56.6538
2026-07-21T16:17:45.152,12.2863,29.8379,56.4972
2026-07-21T16:17:45.168,12.2863,29.8575,56.1055
2026-07-21T16:17:45.168,12.3014,29.8967,56.0468
2026-07-21T16:17:45.213,12.3332,29.9163,56.3013
2026-07-21T16:17:45.213,12.349,29.975,56.5363
2026-07-21T16:17:45.213,12.349,29.975,56.5167
2026-07-21T16:17:45.213,12.349,29.9358,56.4384
2026-07-21T16:17:45.228,12.349,29.9358,56.2426
2026-07-21T16:17:45.228,12.349,29.9163,56.2818
2026-07-21T16:17:45.244,12.365,29.8575,56.1839
2026-07-21T16:17:45.259,12.3963,29.74,56.0272
2026-07-21T16:17:45.275,12.3963,29.6421,55.7335
2026-07-21T16:17:45.275,12.3963,29.4072,55.5573
2026-07-21T16:17:45.275,12.412,29.4072,55.2636
2026-07-21T16:17:45.291,12.412,29.4072,55.3223
2026-07-21T16:17:45.308,12.412,29.3484,55.2244
2026-07-21T16:17:45.323,12.4595,29.3484,55.009
2026-07-21T16:17:45.338,12.4595,29.2701,54.7545
2026-07-21T16:17:45.338,12.4595,29.0547,54.7153
2026-07-21T16:17:45.338,12.4595,28.8785,54.7349
2026-07-21T16:17:45.354,12.4753,28.7806,54.7153
2026-07-21T16:17:45.370,12.491,28.6827,54.637
2026-07-21T16:17:45.370,12.5224,28.6435,54.6761
2026-07-21T16:17:45.386,12.527,28.7218,54.6566
2026-07-21T16:17:45.386,12.527,28.6827,54.4216
2026-07-21T16:17:45.402,12.5385,28.6044,54.0691
2026-07-21T16:17:45.417,12.5385,28.5848,53.8537
2026-07-21T16:17:45.417,12.5385,28.5848,53.9712
2026-07-21T16:17:45.433,12.5859,28.4869,54.167
2026-07-21T16:17:45.451,12.5859,28.5456,54.2845
2026-07-21T16:17:45.451,12.5859,28.4869,54.2062
2026-07-21T16:17:45.469,12.5859,28.3694,53.7558
2026-07-21T16:17:45.481,12.6093,28.3106,52.9922
2026-07-21T16:17:45.481,12.6093,28.2715,52.4635
2026-07-21T16:17:45.497,12.6173,28.2519,52.6006
2026-07-21T16:17:45.512,12.6487,28.2519,52.953
2026-07-21T16:17:45.528,12.6644,28.2127,53.1097
2026-07-21T16:17:45.528,12.6644,28.2911,53.1684
2026-07-21T16:17:45.528,12.6644,28.2715,53.0314
2026-07-21T16:17:45.544,12.6705,28.4085,52.6593
2026-07-21T16:17:45.551,12.6806,28.3694,52.2677
2026-07-21T16:17:45.575,12.712,28.4673,52.2285
2026-07-21T16:17:45.591,12.712,28.6044,52.5418
2026-07-21T16:17:45.591,12.712,28.6827,52.7181
2026-07-21T16:17:45.591,12.7276,28.7023,52.6593
2026-07-21T16:17:45.607,12.7276,28.8002,52.4439
2026-07-21T16:17:45.613,12.7276,28.8393,52.0523
2026-07-21T16:17:45.623,12.7748,28.8589,51.8369
2026-07-21T16:17:45.654,12.7748,28.8393,51.9544
2026-07-21T16:17:45.654,12.7748,28.8589,52.0719
2026-07-21T16:17:45.654,12.7905,28.7806,52.1698
2026-07-21T16:17:45.670,12.7905,28.7218,52.2285
2026-07-21T16:17:45.670,12.7905,28.7023,52.1894
2026-07-21T16:17:45.686,12.838,28.7218,52.1111
2026-07-21T16:17:45.701,12.838,28.6827,52.1111
2026-07-21T16:17:45.717,12.838,28.8002,52.2677
2026-07-21T16:17:45.717,12.838,28.8002,52.2481
2026-07-21T16:17:45.733,12.8538,28.8785,52.1894
2026-07-21T16:17:45.733,12.8538,28.9764,52.2285
2026-07-21T16:17:45.748,12.8695,29.0743,52.1502
2026-07-21T16:17:45.764,12.9093,29.0743,52.1698
2026-07-21T16:17:45.780,12.9093,29.0939,52.0915
2026-07-21T16:17:45.780,12.9093,29.0547,52.0132
2026-07-21T16:17:45.780,12.9168,29.1135,52.1111
2026-07-21T16:17:45.796,12.9168,29.2701,52.581
2026-07-21T16:17:45.812,12.9284,29.5638,53.0901
2026-07-21T16:17:45.812,12.9325,29.7009,53.5013
2026-07-21T16:17:45.827,12.9645,29.7205,53.5992
2026-07-21T16:17:45.843,12.9645,29.8575,53.4817
2026-07-21T16:17:45.851,12.9645,29.9163,53.2467
2026-07-21T16:17:45.851,12.98,29.8575,53.0509
2026-07-21T16:17:45.871,12.98,29.7988,53.1097
2026-07-21T16:17:45.875,12.98,29.8379,53.1293
2026-07-21T16:17:45.890,13.0114,29.7205,53.0509
2026-07-21T16:17:45.906,13.029,29.7009,52.953
2026-07-21T16:17:45.907,13.029,29.6813,52.6985
2026-07-21T16:17:45.907,13.029,29.5051,52.3069
2026-07-21T16:17:45.922,13.0436,29.3484,51.6607
2026-07-21T16:17:45.938,13.075,29.2505,50.8971
2026-07-21T16:17:45.954,13.075,29.0351,50.3684
2026-07-21T16:17:45.954,13.075,28.8589,49.918
2026-07-21T16:17:45.954,13.075,28.8589,49.546
2026-07-21T16:17:45.971,13.0907,28.7806,49.4089
2026-07-21T16:17:45.986,13.0907,28.6827,49.3893
2026-07-21T16:17:46.001,13.1296,28.7218,49.4285
2026-07-21T16:17:46.001,13.1296,28.8002,49.3893
2026-07-21T16:17:46.017,13.1386,28.8393,49.5264
2026-07-21T16:17:46.033,13.1386,28.8589,49.7222
2026-07-21T16:17:46.033,13.1386,28.9372,49.9572
2026-07-21T16:17:46.065,13.1859,28.8589,49.9376
2026-07-21T16:17:46.072,13.1859,28.8002,50.1334
2026-07-21T16:17:46.072,13.1958,29.0156,50.0551
2026-07-21T16:17:46.072,13.1958,29.133,50.1334
2026-07-21T16:17:46.097,13.2018,29.0743,50.0159
2026-07-21T16:17:46.097,13.21,28.996,49.7809
2026-07-21T16:17:46.128,13.249,28.8589,49.4089
2026-07-21T16:17:46.128,13.249,28.6239,49.2131
2026-07-21T16:17:46.128,13.249,28.5456,49.1544
2026-07-21T16:17:46.138,13.2647,28.4869,48.9194
2026-07-21T16:17:46.152,13.2647,28.2323,48.4103
2026-07-21T16:17:46.160,13.2647,27.9582,47.7446
2026-07-21T16:17:46.175,13.3139,27.6841,47.0984
2026-07-21T16:17:46.175,13.3144,27.5274,46.7264
2026-07-21T16:17:46.175,13.3144,27.4883,46.4718
2026-07-21T16:17:46.191,13.3144,27.4099,46.3347
2026-07-21T16:17:46.207,13.3144,27.3316,46.2368
2026-07-21T16:17:46.207,13.3305,27.2141,46.3739
2026-07-21T16:17:46.225,13.3607,27.2924,46.7264
2026-07-21T16:17:46.239,13.3607,27.3708,47.1571
2026-07-21T16:17:46.239,13.3607,27.4491,47.4313
2026-07-21T16:17:46.257,13.3773,27.547,47.5096
2026-07-21T16:17:46.257,13.3773,27.5274,47.1963
2026-07-21T16:17:46.273,13.3924,27.5274,47.2159
2026-07-21T16:17:46.303,13.4242,27.782,47.5683
2026-07-21T16:17:46.303,13.4242,28.154,48.2732
2026-07-21T16:17:46.303,13.4242,28.4869,49.1348
2026-07-21T16:17:46.320,13.4308,28.6239,49.5851
2026-07-21T16:17:46.320,13.4308,28.8393,49.4285
2026-07-21T16:17:46.335,13.4719,28.6631,48.7823
2026-07-21T16:17:46.352,13.4719,28.5456,48.3124
2026-07-21T16:17:46.352,13.4719,28.6631,48.5278
2026-07-21T16:17:46.366,13.4719,28.9176,48.9781
2026-07-21T16:17:46.383,13.4876,29.0939,49.2327
2026-07-21T16:17:46.398,13.5197,29.2309,49.3306
2026-07-21T16:17:46.398,13.5197,29.2897,49.0956
2026-07-21T16:17:46.398,13.5197,29.3288,48.9194
2026-07-21T16:17:46.414,13.5312,29.6226,48.9977
2026-07-21T16:17:46.430,13.5348,29.6226,48.939
2026-07-21T16:17:46.456,13.5663,29.6226,49.0565
2026-07-21T16:17:46.456,13.5663,29.5638,49.3306
2026-07-21T16:17:46.456,13.5663,29.5638,49.3893
2026-07-21T16:17:46.462,13.582,29.5442,49.311
2026-07-21T16:17:46.477,13.582,29.5247,49.0565
2026-07-21T16:17:46.477,13.582,29.5442,48.6844
2026-07-21T16:17:46.508,13.6315,29.4659,48.5669
2026-07-21T16:17:46.508,13.6315,29.3876,48.4495
2026-07-21T16:17:46.508,13.6315,29.4463,48.6061
2026-07-21T16:17:46.524,13.6315,29.4463,48.7823
2026-07-21T16:17:46.540,13.6769,29.3288,48.8019
2026-07-21T16:17:46.556,13.6769,29.2505,48.7627
2026-07-21T16:17:46.556,13.6769,29.2701,48.7432
2026-07-21T16:17:46.556,13.6769,29.2309,48.5865
2026-07-21T16:17:46.574,13.6926,29.1722,48.6648
2026-07-21T16:17:46.588,13.6926,29.1722,48.6453
2026-07-21T16:17:46.603,13.7319,29.1135,48.8802
2026-07-21T16:17:46.603,13.7404,29.0743,49.2523
2026-07-21T16:17:46.603,13.7404,29.0939,49.3698
2026-07-21T16:17:46.619,13.7404,28.996,49.1935
2026-07-21T16:17:46.635,13.7404,28.8981,48.8215
2026-07-21T16:17:46.635,13.788,28.996,48.6453
2026-07-21T16:17:46.674,13.788,29.0743,48.5669
2026-07-21T16:17:46.674,13.788,29.0351,48.6061
2026-07-21T16:17:46.683,13.788,29.0939,48.7823
2026-07-21T16:17:46.683,13.8037,29.1135,48.8019
2026-07-21T16:17:46.698,13.8109,29.0156,48.7627
2026-07-21T16:17:46.730,13.8509,28.8981,48.7823
2026-07-21T16:17:46.730,13.8509,28.9372,48.8019
2026-07-21T16:17:46.730,13.8509,28.9764,48.5865
2026-07-21T16:17:46.730,13.8509,29.0156,48.7236
2026-07-21T16:17:46.753,13.8666,29.1526,48.8802
2026-07-21T16:17:46.753,13.8666,29.3484,49.1544
2026-07-21T16:17:46.777,13.9081,29.2897,49.1935
2026-07-21T16:17:46.777,13.9081,29.3484,48.9977
2026-07-21T16:17:46.777,13.9112,29.2897,48.5865
2026-07-21T16:17:46.793,13.9137,29.2309,48.332
2026-07-21T16:17:46.809,13.9137,29.133,48.2341
2026-07-21T16:17:46.842,13.961,29.1526,48.3124
2026-07-21T16:17:46.843,13.961,29.2505,48.5082
2026-07-21T16:17:46.843,13.961,29.2505,48.6844
2026-07-21T16:17:46.850,13.961,29.2897,48.5278
2026-07-21T16:17:46.856,13.9768,29.2309,48.1753
2026-07-21T16:17:46.856,13.9768,29.0743,47.725
2026-07-21T16:17:46.875,14.0114,28.9764,47.4508
2026-07-21T16:17:46.887,14.0114,28.8981,47.1571
2026-07-21T16:17:46.903,14.0114,28.7218,47.255
2026-07-21T16:17:46.903,14.024,28.7806,47.4117
2026-07-21T16:17:46.903,14.0331,28.7023,47.5096
2026-07-21T16:17:46.954,14.0715,28.8197,47.49
2026-07-21T16:17:46.954,14.0715,28.8393,47.3529
2026-07-21T16:17:46.954,14.0715,28.8002,47.0201
2026-07-21T16:17:46.954,14.0715,28.7806,46.9417
2026-07-21T16:17:46.966,14.0715,28.6827,47.0005
2026-07-21T16:17:46.975,14.0873,28.761,47.1963
2026-07-21T16:17:46.982,14.1187,28.761,47.2942
2026-07-21T16:17:46.998,14.1187,28.7023,47.3334
2026-07-21T16:17:46.998,14.1187,28.7023,47.2355
2026-07-21T16:17:47.014,14.1353,28.6435,46.9613
2026-07-21T16:17:47.029,14.1353,28.6435,46.7459
2026-07-21T16:17:47.045,14.1666,28.6827,46.7459
2026-07-21T16:17:47.061,14.1666,28.8197,46.7655
2026-07-21T16:17:47.061,14.1824,28.7806,46.648
2026-07-21T16:17:47.061,14.1824,28.7218,46.5697
2026-07-21T16:17:47.077,14.1824,28.8589,46.5305
2026-07-21T16:17:47.077,14.1981,28.9764,46.4718
2026-07-21T16:17:47.109,14.2336,29.0351,46.511
2026-07-21T16:17:47.109,14.2336,29.2114,46.4718
2026-07-21T16:17:47.109,14.2336,29.3093,46.648
2026-07-21T16:17:47.125,14.2336,29.3288,46.8243
2026-07-21T16:17:47.140,14.2451,29.5051,46.9809
2026-07-21T16:17:47.156,14.2766,29.5247,47.0592
2026-07-21T16:17:47.156,14.2766,29.4072,47.0396
2026-07-21T16:17:47.172,14.2766,29.4072,46.8047
2026-07-21T16:17:47.176,14.2766,29.2309,46.4718
2026-07-21T16:17:47.187,14.2923,29.0939,46.2368
2026-07-21T16:17:47.203,14.3338,29.0351,46.2173
2026-07-21T16:17:47.203,14.3338,28.9764,46.2564
2026-07-21T16:17:47.219,14.3414,29.0547,46.276
2026-07-21T16:17:47.219,14.3414,29.0351,46.3152
2026-07-21T16:17:47.234,14.3564,29.1526,46.2956
2026-07-21T16:17:47.254,14.3882,29.133,46.0998
2026-07-21T16:17:47.267,14.3882,29.0156,45.904
2026-07-21T16:17:47.267,14.3882,28.9176,45.7865
2026-07-21T16:17:47.276,14.404,28.8197,45.7473
2026-07-21T16:17:47.284,14.404,28.761,45.8256
2026-07-21T16:17:47.299,14.4116,28.8785,46.2564
2026-07-21T16:17:47.299,14.4357,28.9568,46.3739
2026-07-21T16:17:47.315,14.4515,28.9568,46.4914
2026-07-21T16:17:47.330,14.4515,28.8785,46.3739
2026-07-21T16:17:47.330,14.4515,28.9176,46.2956
2026-07-21T16:17:47.346,14.4672,28.8393,46.0606
2026-07-21T16:17:47.354,14.4672,28.8785,46.3152
2026-07-21T16:17:47.363,14.4986,28.9176,46.2956
2026-07-21T16:17:47.378,14.4986,28.9176,46.3152
2026-07-21T16:17:47.378,14.5117,28.761,46.3739
2026-07-21T16:17:47.394,14.5143,28.8197,46.2173
2026-07-21T16:17:47.409,14.5143,28.6827,45.9823
2026-07-21T16:17:47.409,14.5614,28.6239,45.8452
2026-07-21T16:17:47.425,14.5614,28.6827,45.8061
2026-07-21T16:17:47.441,14.5614,28.6827,45.7082
2026-07-21T16:17:47.441,14.5772,28.6827,45.7473
2026-07-21T16:17:47.456,14.5772,28.761,45.7277
2026-07-21T16:17:47.456,14.5772,28.8981,45.7669
2026-07-21T16:17:47.488,14.6244,28.9176,45.7473
2026-07-21T16:17:47.504,14.6244,28.8981,45.7669
2026-07-21T16:17:47.504,14.6244,28.9176,45.9431
2026-07-21T16:17:47.504,14.6349,29.1135,46.3152
2026-07-21T16:17:47.519,14.6405,29.3876,46.9026
2026-07-21T16:17:47.519,14.6405,29.6421,47.2746
2026-07-21T16:17:47.535,14.6723,29.6421,47.1767
2026-07-21T16:17:47.535,14.6723,29.2701,46.6676
2026-07-21T16:17:47.554,14.6881,29.1526,46.2368
2026-07-21T16:17:47.567,14.6881,29.0547,45.9627
2026-07-21T16:17:47.583,14.6881,29.0156,46.0019
2026-07-21T16:17:47.583,14.7038,29.0547,46.3935
2026-07-21T16:17:47.599,14.7351,29.1526,46.4326
2026-07-21T16:17:47.614,14.7351,29.0547,46.3347
2026-07-21T16:17:47.614,14.7351,28.9372,46.1585
2026-07-21T16:17:47.630,14.7518,28.8002,45.8061
2026-07-21T16:17:47.630,14.7518,28.8002,45.8256
2026-07-21T16:17:47.646,14.7666,28.8393,46.1585
2026-07-21T16:17:47.677,14.8119,28.9764,46.5501
2026-07-21T16:17:47.677,14.814,28.996,46.8634
2026-07-21T16:17:47.677,14.814,28.9176,46.8634
2026-07-21T16:17:47.677,14.814,28.9372,46.5893
2026-07-21T16:17:47.694,14.814,28.8393,46.1781
2026-07-21T16:17:47.709,14.8297,28.761,45.904
2026-07-21T16:17:47.740,14.8612,28.8785,46.3152
2026-07-21T16:17:47.740,14.8769,29.0743,46.6284
2026-07-21T16:17:47.740,14.8769,29.1526,46.8438
2026-07-21T16:17:47.740,14.8769,29.0743,46.883
2026-07-21T16:17:47.756,14.8769,29.133,46.8047
2026-07-21T16:17:47.756,14.8769,29.0743,46.5697
2026-07-21T16:17:47.788,14.924,29.0351,46.4131
2026-07-21T16:17:47.803,14.924,29.0547,46.276
2026-07-21T16:17:47.803,14.9356,29.1526,46.4131
2026-07-21T16:17:47.803,14.9356,29.1918,46.5893
2026-07-21T16:17:47.819,14.9402,29.2701,46.6676
2026-07-21T16:17:47.819,14.9402,29.2701,46.648
2026-07-21T16:17:47.835,14.9716,29.4659,46.7851
2026-07-21T16:17:47.866,14.9874,29.7792,46.9613
2026-07-21T16:17:47.866,14.9874,29.975,47.1963
2026-07-21T16:17:47.866,14.9874,29.975,47.0592
2026-07-21T16:17:47.882,14.9874,29.6617,46.9026
2026-07-21T16:17:47.882,14.9874,29.8184,47.1571
2026-07-21T16:17:47.898,15.036,30.1121,47.5096
2026-07-21T16:17:47.898,15.036,30.2687,47.9404
2026-07-21T16:17:47.914,15.036,30.5037,48.097
2026-07-21T16:17:47.930,15.036,30.2296,47.862
2026-07-21T16:17:47.930,15.0506,29.975,47.5096
2026-07-21T16:17:47.945,15.0506,29.8184,47.4117
2026-07-21T16:17:47.978,15.0825,29.7596,47.3725
2026-07-21T16:17:47.978,15.0982,29.6226,47.3334
2026-07-21T16:17:47.978,15.0982,29.6421,47.3921
2026-07-21T16:17:47.993,15.0982,29.6813,47.3921
2026-07-21T16:17:47.993,15.1141,29.74,47.255
2026-07-21T16:17:48.009,15.1455,29.6421,47.0396
2026-07-21T16:17:48.025,15.1455,29.6226,46.7851
2026-07-21T16:17:48.025,15.1455,29.5051,46.6089
2026-07-21T16:17:48.040,15.1623,29.6813,46.8634
2026-07-21T16:17:48.040,15.1623,29.8575,47.3921
2026-07-21T16:17:48.056,15.1623,30.0338,47.7446
2026-07-21T16:17:48.056,15.1957,29.8379,47.5683
2026-07-21T16:17:48.088,15.1957,29.6226,47.1571
2026-07-21T16:17:48.088,15.1957,29.2505,46.3739
2026-07-21T16:17:48.088,15.2124,28.6239,45.2578
2026-07-21T16:17:48.104,15.2124,27.4491,43.6326
2026-07-21T16:17:48.138,15.2578,25.5106,40.7346
2026-07-21T16:17:48.138,15.2578,22.1623,36.2506
2026-07-21T16:17:48.138,15.2578,17.7762,30.6505
2026-07-21T16:17:48.151,15.2723,12.9397,24.8351
2026-07-21T16:17:48.155,15.2723,8.4558,19.5091
2026-07-21T16:17:48.183,15.3374,4.6179,14.6726
2026-07-21T16:17:48.183,15.3374,1.3284,9.7187
2026-07-21T16:17:48.183,15.3374,-1.1976,6.0375
2026-07-21T16:17:48.200,15.3518,-2.6857,3.9816
2026-07-21T16:17:48.214,15.3529,-3.0382,2.9242
2026-07-21T16:17:48.214,15.3529,-2.4703,2.6892
2026-07-21T16:17:48.214,15.3695,-2.0983,2.141
2026-07-21T16:17:48.230,15.3836,-2.0004,0.7899
2026-07-21T16:17:48.246,15.4323,-2.1374,-0.1108
2026-07-21T16:17:48.262,15.4378,-1.9612,-0.6591
2026-07-21T16:17:48.262,15.4378,-1.4913,-0.9332
2026-07-21T16:17:48.280,15.4469,-1.0801,-0.8353
2026-07-21T16:17:48.295,15.4628,-0.8451,-0.7374
2026-07-21T16:17:48.295,15.4628,-0.9234,-0.6591
2026-07-21T16:17:48.326,15.4628,-0.7864,-0.6003
2026-07-21T16:17:48.326,15.4628,-0.8843,-0.6395
2026-07-21T16:17:48.326,15.4628,-0.7668,-0.5808
2026-07-21T16:17:48.326,15.4787,-0.7276,-0.4829
2026-07-21T16:17:48.342,15.5127,-0.708,-0.4045
2026-07-21T16:17:48.358,15.5127,-0.6101,-0.385
2026-07-21T16:17:48.374,15.5127,-0.6297,-0.3654
2026-07-21T16:17:48.380,15.5127,-0.5906,-0.3654
2026-07-21T16:17:48.405,15.5262,-0.6885,-0.4437
2026-07-21T16:17:48.405,15.5262,-0.708,-0.4241
2026-07-21T16:17:48.405,15.5262,-0.708,-0.385
2026-07-21T16:17:48.421,15.5262,-0.6885,-0.4241
2026-07-21T16:17:48.421,15.5577,-0.8451,-0.4633
2026-07-21T16:17:48.455,15.5577,-0.708,-0.4241
2026-07-21T16:17:48.455,15.5577,-0.6493,-0.4045
2026-07-21T16:17:48.455,15.5734,-0.708,-0.385
2026-07-21T16:17:48.468,15.5734,-0.6885,-0.4241
2026-07-21T16:17:48.481,15.6049,-0.6493,-0.4633
2026-07-21T16:17:48.500,15.613,-0.7276,-0.3458
2026-07-21T16:17:48.500,15.613,-0.6885,-0.4633
2026-07-21T16:17:48.500,15.613,-0.708,-0.4633
2026-07-21T16:17:48.516,15.6205,-0.7276,-0.4633
2026-07-21T16:17:48.547,15.6523,-0.708,-0.385
2026-07-21T16:17:48.547,15.6523,-0.6101,-0.4437
2026-07-21T16:17:48.547,15.6523,-0.6689,-0.522
2026-07-21T16:17:48.563,15.6523,-0.708,-0.4633
2026-07-21T16:17:48.578,15.6841,-0.708,-0.4045
2026-07-21T16:17:48.595,15.6841,-0.708,-0.4829
2026-07-21T16:17:48.595,15.6841,-0.7668,-0.4829
2026-07-21T16:17:48.595,15.6998,-0.708,-0.4829
2026-07-21T16:17:48.595,15.6998,-0.708,-0.5024
2026-07-21T16:17:48.626,15.7392,-0.6689,-0.4437
2026-07-21T16:17:48.626,15.7392,-0.708,-0.5612
2026-07-21T16:17:48.642,15.7423,-0.708,-0.5024
2026-07-21T16:17:48.642,15.7634,-0.7472,-0.5612
2026-07-21T16:17:48.673,15.7791,-0.708,-0.4633
2026-07-21T16:17:48.673,15.7791,-0.7276,-0.5024
2026-07-21T16:17:48.673,15.7791,-0.6689,-0.5024
2026-07-21T16:17:48.690,15.7791,-0.7276,-0.4437
2026-07-21T16:17:48.698,15.8132,-0.708,-0.5024
2026-07-21T16:17:48.706,15.8132,-0.708,-0.522
2026-07-21T16:17:48.706,15.8132,-0.708,-0.4241
2026-07-21T16:17:48.721,15.8577,-0.6493,-0.385
2026-07-21T16:17:48.755,15.8577,-0.6493,-0.4829
2026-07-21T16:17:48.755,15.8577,-0.7472,-0.4241
2026-07-21T16:17:48.755,15.8577,-0.708,-0.4633
2026-07-21T16:17:48.768,15.8577,-0.7276,-0.3654
2026-07-21T16:17:48.784,15.8976,-0.7668,-0.5024
2026-07-21T16:17:48.784,15.8976,-0.8059,-0.4045
2026-07-21T16:17:48.800,15.8976,-0.7276,-0.4829
2026-07-21T16:17:48.800,15.9072,-0.7472,-0.522
2026-07-21T16:17:48.831,15.9367,-0.7472,-0.522
2026-07-21T16:17:48.831,15.9367,-0.7864,-0.4633
2026-07-21T16:17:48.840,15.9398,-0.7472,-0.522
2026-07-21T16:17:48.851,15.9398,-0.8059,-0.4437
2026-07-21T16:17:48.863,15.968,-0.6689,-0.5024
2026-07-21T16:17:48.863,15.968,-0.7276,-0.4633
2026-07-21T16:17:48.879,15.968,-0.7472,-0.4829
2026-07-21T16:17:48.894,15.9995,-0.7668,-0.4633
2026-07-21T16:17:48.910,16.0137,-0.708,-0.4437
2026-07-21T16:17:48.910,16.0137,-0.708,-0.522
2026-07-21T16:17:48.910,16.0155,-0.7472,-0.4437
2026-07-21T16:17:48.926,16.0474,-0.7276,-0.4829
2026-07-21T16:17:48.942,16.0474,-0.708,-0.4633
2026-07-21T16:17:48.942,16.0474,-0.7864,-0.4633
2026-07-21T16:17:48.958,16.0474,-0.7276,-0.4437
2026-07-21T16:17:48.990,16.0949,-0.6689,-0.4829
2026-07-21T16:17:48.990,16.0949,-0.8059,-0.4437
2026-07-21T16:17:48.990,16.0949,-0.7276,-0.4437
2026-07-21T16:17:48.990,16.0949,-0.6885,-0.4241
2026-07-21T16:17:49.005,16.1263,-0.7864,-0.4633
2026-07-21T16:17:49.005,16.1263,-0.6885,-0.385
2026-07-21T16:17:49.021,16.1263,-0.6493,-0.4829
2026-07-21T16:17:49.037,16.1425,-0.708,-0.6003
2026-07-21T16:17:49.069,16.1739,-0.708,-0.4241
2026-07-21T16:17:49.069,16.1739,-0.6689,-0.4633
2026-07-21T16:17:49.069,16.1739,-0.7668,-0.4241
2026-07-21T16:17:49.069,16.1739,-0.7472,-0.385
2026-07-21T16:17:49.085,16.214,-0.7276,-0.4437
2026-07-21T16:17:49.116,16.214,-0.6885,-0.4829
2026-07-21T16:17:49.116,16.221,-0.7668,-0.522
2026-07-21T16:17:49.116,16.221,-0.5318,-0.4437
2026-07-21T16:17:49.116,16.2532,-0.7276,-0.5024
2026-07-21T16:17:49.156,16.2532,-0.7472,-0.4633
2026-07-21T16:17:49.156,16.2532,-0.7276,-0.4241
2026-07-21T16:17:49.156,16.2532,-0.708,-0.4241
2026-07-21T16:17:49.179,16.284,-0.7276,-0.5024
2026-07-21T16:17:49.195,16.2997,-0.6493,-0.385
2026-07-21T16:17:49.195,16.2997,-0.7472,-0.4437
2026-07-21T16:17:49.195,16.2997,-0.708,-0.4437
2026-07-21T16:17:49.210,16.3311,-0.7668,-0.4045
2026-07-21T16:17:49.226,16.3418,-0.6689,-0.4633
2026-07-21T16:17:49.226,16.3418,-0.7276,-0.4633
2026-07-21T16:17:49.242,16.3468,-0.8059,-0.385
2026-07-21T16:17:49.242,16.3783,-0.6689,-0.4045
2026-07-21T16:17:49.273,16.3783,-0.7668,-0.4241
2026-07-21T16:17:49.273,16.3783,-0.7864,-0.5024
2026-07-21T16:17:49.273,16.3783,-0.6885,-0.4437
2026-07-21T16:17:49.289,16.3783,-0.7276,-0.4437
2026-07-21T16:17:49.305,16.4144,-0.7864,-0.5024
2026-07-21T16:17:49.305,16.4144,-0.7276,-0.4045
2026-07-21T16:17:49.321,16.4144,-0.7276,-0.385
2026-07-21T16:17:49.321,16.4432,-0.8059,-0.4437
2026-07-21T16:17:49.357,16.4432,-0.7864,-0.3066
2026-07-21T16:17:49.357,16.4578,-0.708,-0.4045
2026-07-21T16:17:49.357,16.4578,-0.7472,-0.4633
2026-07-21T16:17:49.368,16.4893,-0.8451,-0.4241
2026-07-21T16:17:49.368,16.4893,-0.6689,-0.4045
2026-07-21T16:17:49.385,16.4893,-0.7668,-0.522
2026-07-21T16:17:49.400,16.4893,-0.7864,-0.4241
2026-07-21T16:17:49.416,16.5211,-0.8059,-0.4437
2026-07-21T16:17:49.416,16.5211,-0.7668,-0.4045
2026-07-21T16:17:49.431,16.5211,-0.7668,-0.4829
2026-07-21T16:17:49.431,16.5368,-0.7668,-0.4241
2026-07-21T16:17:49.448,16.5682,-0.7668,-0.4633
2026-07-21T16:17:49.463,16.5682,-0.7668,-0.4241
2026-07-21T16:17:49.463,16.5682,-0.7472,-0.4241
2026-07-21T16:17:49.479,16.5682,-0.7276,-0.4241
2026-07-21T16:17:49.495,16.5997,-0.7864,-0.4633
2026-07-21T16:17:49.510,16.5997,-0.7668,-0.4241
2026-07-21T16:17:49.510,16.5997,-0.708,-0.3262
2026-07-21T16:17:49.510,16.6148,-0.7668,-0.385
2026-07-21T16:17:49.526,16.6463,-0.8059,-0.4241
2026-07-21T16:17:49.542,16.6463,-0.7472,-0.4241
2026-07-21T16:17:49.542,16.6463,-0.7276,-0.4241
2026-07-21T16:17:49.557,16.6463,-0.7864,-0.4241
2026-07-21T16:17:49.573,16.6777,-0.7864,-0.4829
2026-07-21T16:17:49.585,16.6777,-0.7276,-0.4829
2026-07-21T16:17:49.588,16.6935,-0.7864,-0.4829
2026-07-21T16:17:49.588,16.6935,-0.7668,-0.3262
2026-07-21T16:17:49.620,16.7248,-0.7472,-0.4633
2026-07-21T16:17:49.620,16.7248,-0.7668,-0.4437
2026-07-21T16:17:49.620,16.7248,-0.7472,-0.4241
2026-07-21T16:17:49.636,16.7581,-0.7668,-0.4045
2026-07-21T16:17:49.636,16.7581,-0.8059,-0.4241
2026-07-21T16:17:49.667,16.7581,-0.7668,-0.3654
2026-07-21T16:17:49.667,16.7581,-0.6885,-0.4437
2026-07-21T16:17:49.685,16.804,-0.7472,-0.4633
2026-07-21T16:17:49.685,16.804,-0.7668,-0.3654
2026-07-21T16:17:49.700,16.804,-0.7472,-0.4241
2026-07-21T16:17:49.700,16.804,-0.7472,-0.4241
2026-07-21T16:17:49.716,16.8433,-0.7472,-0.4437
2026-07-21T16:17:49.730,16.8433,-0.7668,-0.4045
2026-07-21T16:17:49.730,16.8433,-0.7276,-0.385
2026-07-21T16:17:49.746,16.8513,-0.7864,-0.3262
2026-07-21T16:17:49.757,16.8828,-0.7668,-0.4437
2026-07-21T16:17:49.785,16.8828,-0.708,-0.4045
2026-07-21T16:17:49.785,16.8828,-0.7276,-0.3458
2026-07-21T16:17:49.785,16.8828,-0.8059,-0.4437
2026-07-21T16:17:49.809,16.9304,-0.7472,-0.4045
2026-07-21T16:17:49.825,16.9304,-0.7472,-0.4045
2026-07-21T16:17:49.825,16.9304,-0.7668,-0.4045
2026-07-21T16:17:49.825,16.9304,-0.7276,-0.3654
2026-07-21T16:17:49.852,16.9619,-0.6885,-0.4045
2026-07-21T16:17:49.858,16.9619,-0.7472,-0.4829
2026-07-21T16:17:49.858,16.9619,-0.7668,-0.3262
2026-07-21T16:17:49.858,16.9619,-0.7472,-0.4045
2026-07-21T16:17:49.888,16.9935,-0.7276,-0.385
2026-07-21T16:17:49.888,16.9935,-0.7864,-0.4045
2026-07-21T16:17:49.904,16.9935,-0.7276,-0.4045
2026-07-21T16:17:49.904,16.9935,-0.7472,-0.4045
2026-07-21T16:17:49.920,17.0407,-0.8059,-0.4241
2026-07-21T16:17:49.936,17.0438,-0.7276,-0.4241
2026-07-21T16:17:49.936,17.0438,-0.708,-0.3654
2026-07-21T16:17:49.951,17.0438,-0.6885,-0.385
2026-07-21T16:17:49.967,17.0724,-0.7864,-0.4045
2026-07-21T16:17:49.967,17.0724,-0.708,-0.4241
2026-07-21T16:17:49.983,17.0724,-0.7472,-0.4241
2026-07-21T16:17:49.986,17.0724,-0.8255,-0.4045
2026-07-21T16:17:49.999,17.1202,-0.7276,-0.385
2026-07-21T16:17:50.015,17.1202,-0.7668,-0.3654
2026-07-21T16:17:50.015,17.1202,-0.7864,-0.4241
2026-07-21T16:17:50.032,17.1202,-0.708,-0.3654
2026-07-21T16:17:50.062,17.1675,-0.7472,-0.4437
2026-07-21T16:17:50.062,17.1675,-0.7668,-0.4045
2026-07-21T16:17:50.062,17.1675,-0.708,-0.385
2026-07-21T16:17:50.062,17.1675,-0.708,-0.4045
2026-07-21T16:17:50.078,17.1675,-0.7668,-0.3654
2026-07-21T16:17:50.110,17.2156,-0.7668,-0.4437
2026-07-21T16:17:50.110,17.2156,-0.7276,-0.3654
2026-07-21T16:17:50.110,17.2156,-0.7276,-0.4241
2026-07-21T16:17:50.110,17.2156,-0.7472,-0.3654
2026-07-21T16:17:50.141,17.2464,-0.7276,-0.3458
2026-07-21T16:17:50.141,17.2464,-0.7668,-0.4045
2026-07-21T16:17:50.141,17.2621,-0.7864,-0.3654
2026-07-21T16:17:50.158,17.2621,-0.708,-0.3262
2026-07-21T16:17:50.173,17.2936,-0.708,-0.4045
2026-07-21T16:17:50.189,17.2936,-0.7864,-0.4241
2026-07-21T16:17:50.189,17.2936,-0.7668,-0.4045
2026-07-21T16:17:50.189,17.2936,-0.7276,-0.4437
2026-07-21T16:17:50.204,17.3094,-0.7472,-0.4437
2026-07-21T16:17:50.236,17.3449,-0.7668,-0.3654
2026-07-21T16:17:50.236,17.3449,-0.6493,-0.4045
2026-07-21T16:17:50.236,17.3449,-0.6689,-0.4045
2026-07-21T16:17:50.252,17.3449,-0.6885,-0.4045
2026-07-21T16:17:50.283,17.3883,-0.6885,-0.4045
2026-07-21T16:17:50.283,17.3883,-0.7276,-0.5024
2026-07-21T16:17:50.283,17.3883,-0.7472,-0.4045
2026-07-21T16:17:50.287,17.3883,-0.6885,-0.3262
2026-07-21T16:17:50.315,17.4211,-0.7276,-0.3458
2026-07-21T16:17:50.315,17.4356,-0.7668,-0.385
2026-07-21T16:17:50.315,17.4356,-0.7276,-0.3458
2026-07-21T16:17:50.330,17.4356,-0.6885,-0.385
2026-07-21T16:17:50.330,17.4356,-0.7472,-0.4045
2026-07-21T16:17:50.363,17.467,-0.8647,-0.385
2026-07-21T16:17:50.363,17.467,-0.6885,-0.4045
2026-07-21T16:17:50.363,17.467,-0.7472,-0.4045
2026-07-21T16:17:50.378,17.467,-0.7668,-0.385
2026-07-21T16:17:50.395,17.5159,-0.7864,-0.385
2026-07-21T16:17:50.409,17.5159,-0.7864,-0.385
2026-07-21T16:17:50.409,17.5159,-0.708,-0.4045
2026-07-21T16:17:50.409,17.5159,-0.7668,-0.3458
2026-07-21T16:17:50.441,17.5457,-0.708,-0.3654
2026-07-21T16:17:50.441,17.5614,-0.708,-0.3458
2026-07-21T16:17:50.457,17.5642,-0.6885,-0.3654
2026-07-21T16:17:50.458,17.5642,-0.7472,-0.3654
2026-07-21T16:17:50.473,17.5929,-0.7472,-0.4633
2026-07-21T16:17:50.473,17.5929,-0.7276,-0.3654
2026-07-21T16:17:50.488,17.5929,-0.7276,-0.4045
2026-07-21T16:17:50.504,17.5929,-0.7472,-0.4241
2026-07-21T16:17:50.506,17.6401,-0.7472,-0.4045
2026-07-21T16:17:50.519,17.6401,-0.708,-0.3066
2026-07-21T16:17:50.535,17.6463,-0.6885,-0.4045
2026-07-21T16:17:50.535,17.6463,-0.7668,-0.4045
2026-07-21T16:17:50.551,17.6463,-0.7276,-0.1304
2026-07-21T16:17:50.567,17.6723,-0.6885,-0.385
2026-07-21T16:17:50.582,17.6723,-0.8059,-0.4045
2026-07-21T16:17:50.582,17.6723,-0.6689,-0.3066
2026-07-21T16:17:50.588,17.6879,-0.7472,-0.385
2026-07-21T16:17:50.598,17.7193,-0.7668,-0.4045
2026-07-21T16:17:50.614,17.7193,-0.7472,-0.3458
2026-07-21T16:17:50.614,17.7193,-0.8059,-0.385
2026-07-21T16:17:50.630,17.7193,-0.708,-0.4633
2026-07-21T16:17:50.630,17.7508,-0.7864,-0.3262
2026-07-21T16:17:50.661,17.7508,-0.6689,-0.4241
2026-07-21T16:17:50.661,17.7508,-0.7276,-0.385
2026-07-21T16:17:50.661,17.7666,-0.6885,-0.385
2026-07-21T16:17:50.677,17.7982,-0.7276,-0.4241
2026-07-21T16:17:50.693,17.7982,-0.7864,-0.4045
2026-07-21T16:17:50.693,17.7982,-0.6885,-0.4437
2026-07-21T16:17:50.709,17.7982,-0.7472,-0.4045
2026-07-21T16:17:50.740,17.8473,-0.7276,-0.4045
2026-07-21T16:17:50.740,17.8473,-0.7668,-0.3458
2026-07-21T16:17:50.740,17.8473,-0.6493,-0.4241
2026-07-21T16:17:50.740,17.8473,-0.6885,-0.4045
2026-07-21T16:17:50.758,17.8776,-0.7864,-0.3654
2026-07-21T16:17:50.788,17.8776,-0.7276,-0.3654
2026-07-21T16:17:50.788,17.8776,-0.7472,-0.385
2026-07-21T16:17:50.789,17.8937,-0.6885,-0.4045
2026-07-21T16:17:50.789,17.9252,-0.7864,-0.3654
2026-07-21T16:17:50.820,17.9252,-0.6297,-0.385
2026-07-21T16:17:50.820,17.9252,-0.7472,-0.385
2026-07-21T16:17:50.820,17.9252,-0.7864,-0.3066
2026-07-21T16:17:50.836,17.9723,-0.7472,-0.385
2026-07-21T16:17:50.867,17.9723,-0.7668,-0.4045
2026-07-21T16:17:50.867,17.9723,-0.7668,-0.3458
2026-07-21T16:17:50.867,17.9723,-0.708,-0.2871
2026-07-21T16:17:50.883,17.9723,-0.708,-0.4241
2026-07-21T16:17:50.899,18.0038,-0.7864,-0.4045
2026-07-21T16:17:50.914,18.0038,-0.7276,-0.3458
2026-07-21T16:17:50.914,18.0038,-0.7276,-0.3654
2026-07-21T16:17:50.914,18.0164,-0.7276,-0.4045
2026-07-21T16:17:50.946,18.0512,-0.7472,-0.3458
2026-07-21T16:17:50.946,18.0512,-0.6885,-0.385
2026-07-21T16:17:50.946,18.0512,-0.7276,-0.385
2026-07-21T16:17:50.962,18.0512,-0.7864,-0.3654
2026-07-21T16:17:50.963,18.0827,-0.6885,-0.3654
2026-07-21T16:17:50.993,18.0985,-0.6885,-0.4241
2026-07-21T16:17:50.993,18.0985,-0.7864,-0.3458
2026-07-21T16:17:50.993,18.0985,-0.7276,-0.3262
2026-07-21T16:17:51.025,18.1303,-0.6885,-0.4241
2026-07-21T16:17:51.025,18.1303,-0.8059,-0.4045
2026-07-21T16:17:51.025,18.1303,-0.708,-0.385
2026-07-21T16:17:51.041,18.1462,-0.7276,-0.2871
2026-07-21T16:17:51.041,18.178,-0.7276,-0.3066
2026-07-21T16:17:51.072,18.178,-0.7472,-0.385
2026-07-21T16:17:51.072,18.178,-0.7276,-0.4045
2026-07-21T16:17:51.072,18.178,-0.7276,-0.3458
2026-07-21T16:17:51.091,18.178,-0.7276,-0.3654
2026-07-21T16:17:51.120,18.2255,-0.7472,-0.4241
2026-07-21T16:17:51.120,18.2255,-0.6885,-0.3654
2026-07-21T16:17:51.120,18.2255,-0.8059,-0.4045
2026-07-21T16:17:51.120,18.2255,-0.7472,-0.4045
2026-07-21T16:17:51.137,18.257,-0.6689,-0.4241
2026-07-21T16:17:51.159,18.257,-0.7472,-0.4241
2026-07-21T16:17:51.159,18.257,-0.708,-0.3262
2026-07-21T16:17:51.168,18.2727,-0.7276,-0.4045
2026-07-21T16:17:51.183,18.3041,-0.7864,-0.385
2026-07-21T16:17:51.199,18.3041,-0.7472,-0.3654
2026-07-21T16:17:51.199,18.3041,-0.708,-0.385
2026-07-21T16:17:51.199,18.3041,-0.6885,-0.4045
2026-07-21T16:17:51.246,18.3355,-0.7864,-0.4045
2026-07-21T16:17:51.246,18.3492,-0.6689,-0.385
2026-07-21T16:17:51.246,18.3492,-0.7472,-0.3654
2026-07-21T16:17:51.246,18.3512,-0.7864,-0.385
2026-07-21T16:17:51.278,18.3827,-0.6689,-0.2283
2026-07-21T16:17:51.278,18.3827,-0.7472,-0.4241
2026-07-21T16:17:51.278,18.3827,-0.6297,-0.4045
2026-07-21T16:17:51.293,18.3827,-0.7276,-0.3654
2026-07-21T16:17:51.293,18.4173,-0.7472,-0.385
2026-07-21T16:17:51.325,18.4173,-0.7472,-0.385
2026-07-21T16:17:51.325,18.4173,-0.708,-0.3262
2026-07-21T16:17:51.325,18.4303,-0.7472,-0.4241
2026-07-21T16:17:51.359,18.4622,-0.7276,-0.4045
2026-07-21T16:17:51.359,18.4622,-0.7276,-0.4045
2026-07-21T16:17:51.359,18.4622,-0.7276,-0.4045
2026-07-21T16:17:51.372,18.4622,-0.6689,-0.3458
2026-07-21T16:17:51.372,18.494,-0.708,-0.3654
2026-07-21T16:17:51.392,18.494,-0.6885,-0.4241
2026-07-21T16:17:51.392,18.494,-0.6689,-0.385
2026-07-21T16:17:51.404,18.5097,-0.7864,-0.3458
2026-07-21T16:17:51.436,18.5415,-0.7276,-0.3262
2026-07-21T16:17:51.436,18.5415,-0.6885,-0.3654
2026-07-21T16:17:51.436,18.5415,-0.7864,-0.4241
2026-07-21T16:17:51.452,18.5415,-0.7472,-0.385
2026-07-21T16:17:51.469,18.5729,-0.7276,-0.4045
2026-07-21T16:17:51.469,18.5729,-0.6885,-0.385
2026-07-21T16:17:51.484,18.5729,-0.7668,-0.3066
2026-07-21T16:17:51.492,18.6205,-0.6689,-0.3654
2026-07-21T16:17:51.499,18.6205,-0.7472,-0.4045
2026-07-21T16:17:51.515,18.6205,-0.8059,-0.385
2026-07-21T16:17:51.515,18.6205,-0.708,-0.3066
2026-07-21T16:17:51.531,18.6205,-0.7276,-0.3262
2026-07-21T16:17:51.536,18.6675,-0.7668,-0.4045
2026-07-21T16:17:51.563,18.6675,-0.708,-0.3654
2026-07-21T16:17:51.563,18.6675,-0.708,-0.2871
2026-07-21T16:17:51.563,18.6675,-0.7276,-0.3654
2026-07-21T16:17:51.578,18.7173,-0.7472,-0.385
2026-07-21T16:17:51.578,18.7173,-0.6689,-0.3458
2026-07-21T16:17:51.610,18.7173,-0.7864,-0.3458
2026-07-21T16:17:51.610,18.7173,-0.6689,-0.3654
2026-07-21T16:17:51.610,18.7173,-0.7472,-0.385
2026-07-21T16:17:51.625,18.7636,-0.6885,-0.4045
2026-07-21T16:17:51.657,18.7636,-0.8059,-0.385
2026-07-21T16:17:51.657,18.7636,-0.7276,-0.3066
2026-07-21T16:17:51.659,18.7636,-0.708,-0.385
2026-07-21T16:17:51.673,18.7636,-0.7668,-0.2871
2026-07-21T16:17:51.694,18.7945,-0.6885,-0.3654
2026-07-21T16:17:51.694,18.7945,-0.6689,-0.4045
2026-07-21T16:17:51.694,18.7945,-0.7472,-0.4045
2026-07-21T16:17:51.706,18.8102,-0.6101,-0.2871
2026-07-21T16:17:51.737,18.8521,-0.7668,-0.4045
2026-07-21T16:17:51.737,18.8521,-0.7276,-0.385
2026-07-21T16:17:51.737,18.8521,-0.7472,-0.4045
2026-07-21T16:17:51.752,18.8577,-0.6885,-0.3654
2026-07-21T16:17:51.768,18.8892,-0.7864,-0.4241
2026-07-21T16:17:51.768,18.8963,-0.7276,-0.385
2026-07-21T16:17:51.784,18.8976,-0.8059,-0.4241
2026-07-21T16:17:51.784,18.8976,-0.6885,-0.385
2026-07-21T16:17:51.800,18.8976,-0.7864,-0.385
2026-07-21T16:17:51.800,18.9219,-0.6885,-0.385
2026-07-21T16:17:51.831,18.9365,-0.7472,-0.4045
2026-07-21T16:17:51.831,18.9365,-0.6689,-0.3654
2026-07-21T16:17:51.840,18.9365,-0.7472,-0.3458
2026-07-21T16:17:51.864,18.968,-0.708,-0.385
2026-07-21T16:17:51.864,18.968,-0.7472,-0.3458
2026-07-21T16:17:51.864,18.968,-0.708,-0.385
2026-07-21T16:17:51.879,18.9838,-0.7276,-0.2871
2026-07-21T16:17:51.894,19.0175,-0.6689,-0.4045
2026-07-21T16:17:51.910,19.0175,-0.7276,-0.3654
2026-07-21T16:17:51.910,19.0175,-0.6885,-0.4437
2026-07-21T16:17:51.910,19.0175,-0.7864,-0.3458
2026-07-21T16:17:51.926,19.0297,-0.7472,-0.385
2026-07-21T16:17:51.960,19.0629,-0.708,-0.385
2026-07-21T16:17:51.960,19.0629,-0.7276,-0.3654
2026-07-21T16:17:51.960,19.0629,-0.708,-0.3654
2026-07-21T16:17:51.972,19.0629,-0.7472,-0.3654
2026-07-21T16:17:51.995,19.0945,-0.7864,-0.385
2026-07-21T16:17:51.995,19.0945,-0.7276,-0.2871
2026-07-21T16:17:52.005,19.0945,-0.7276,-0.385
2026-07-21T16:17:52.005,19.1102,-0.708,-0.3458
2026-07-21T16:17:52.021,19.1416,-0.7472,-0.385
2026-07-21T16:17:52.037,19.1416,-0.7472,-0.385
2026-07-21T16:17:52.037,19.1416,-0.708,-0.3458
2026-07-21T16:17:52.052,19.1533,-0.708,-0.3262
2026-07-21T16:17:52.060,19.1891,-0.7472,-0.3654
2026-07-21T16:17:52.084,19.1891,-0.7276,-0.3654
2026-07-21T16:17:52.084,19.1891,-0.7276,-0.3262
2026-07-21T16:17:52.084,19.1959,-0.7668,-0.2675
2026-07-21T16:17:52.099,19.2222,-0.7276,-0.385
2026-07-21T16:17:52.099,19.2222,-0.6297,-0.4241
2026-07-21T16:17:52.115,19.2222,-0.7472,-0.385
2026-07-21T16:17:52.131,19.2367,-0.7668,-0.3458
2026-07-21T16:17:52.138,19.2692,-0.708,-0.4045
2026-07-21T16:17:52.147,19.2692,-0.708,-0.3654
2026-07-21T16:17:52.164,19.2692,-0.7668,-0.385
2026-07-21T16:17:52.164,19.2692,-0.6493,-0.385
2026-07-21T16:17:52.179,19.3,-0.7472,-0.385
2026-07-21T16:17:52.196,19.3158,-0.7276,-0.385
2026-07-21T16:17:52.211,19.3183,-0.7276,-0.385
2026-07-21T16:17:52.211,19.3183,-0.7668,-0.3458
2026-07-21T16:17:52.211,19.3183,-0.7472,-0.3066
2026-07-21T16:17:52.226,19.3538,-0.708,-0.3654
2026-07-21T16:17:52.242,19.3538,-0.708,-0.4241
2026-07-21T16:17:52.242,19.3538,-0.6885,-0.3654
2026-07-21T16:17:52.260,19.3633,-0.7276,-0.3654
2026-07-21T16:17:52.274,19.3948,-0.708,-0.385
2026-07-21T16:17:52.290,19.3948,-0.7668,-0.4045
2026-07-21T16:17:52.290,19.3948,-0.708,-0.3654
2026-07-21T16:17:52.296,19.3948,-0.7472,-0.4045
2026-07-21T16:17:52.305,19.4105,-0.6689,-0.385
2026-07-21T16:17:52.337,19.4419,-0.7276,-0.3262
2026-07-21T16:17:52.337,19.4419,-0.708,-0.3654
2026-07-21T16:17:52.337,19.4419,-0.7276,-0.4045
2026-07-21T16:17:52.353,19.4419,-0.7472,-0.385
2026-07-21T16:17:52.384,19.4735,-0.6885,-0.3066
2026-07-21T16:17:52.384,19.4735,-0.6885,-0.3654
2026-07-21T16:17:52.384,19.4893,-0.7864,-0.3654
2026-07-21T16:17:52.384,19.492,-0.708,-0.3654
2026-07-21T16:17:52.401,19.5207,-0.7668,-0.4045
2026-07-21T16:17:52.416,19.5207,-0.7472,-0.3458
2026-07-21T16:17:52.416,19.5207,-0.7668,-0.4045
2026-07-21T16:17:52.434,19.5207,-0.6885,-0.3458
2026-07-21T16:17:52.447,19.5546,-0.8059,-0.385
2026-07-21T16:17:52.463,19.5546,-0.6885,-0.385
2026-07-21T16:17:52.463,19.5687,-0.708,-0.385
2026-07-21T16:17:52.463,19.5687,-0.7276,-0.4045
2026-07-21T16:17:52.497,19.6002,-0.7472,-0.3458
2026-07-21T16:17:52.497,19.6002,-0.7668,-0.3654
2026-07-21T16:17:52.497,19.6002,-0.7276,-0.3458
2026-07-21T16:17:52.511,19.6002,-0.7668,-0.3066
2026-07-21T16:17:52.527,19.6478,-0.7276,-0.3262
2026-07-21T16:17:52.542,19.6478,-0.6885,-0.385
2026-07-21T16:17:52.542,19.6478,-0.7864,-0.3066
2026-07-21T16:17:52.542,19.6549,-0.6885,-0.2871
2026-07-21T16:17:52.561,19.6792,-0.7276,-0.385
2026-07-21T16:17:52.574,19.6792,-0.7472,-0.3066
2026-07-21T16:17:52.574,19.6792,-0.7864,-0.3458
2026-07-21T16:17:52.590,19.6792,-0.708,-0.3654
2026-07-21T16:17:52.606,19.7264,-0.7472,-0.385
2026-07-21T16:17:52.621,19.7264,-0.8059,-0.3654
2026-07-21T16:17:52.621,19.7264,-0.7276,-0.385
2026-07-21T16:17:52.621,19.7264,-0.708,-0.3458
2026-07-21T16:17:52.637,19.7578,-0.8059,-0.385
2026-07-21T16:17:52.661,19.7578,-0.7276,-0.2871
2026-07-21T16:17:52.661,19.7578,-0.7668,-0.3458
2026-07-21T16:17:52.669,19.7578,-0.7668,-0.3654
2026-07-21T16:17:52.700,19.8065,-0.7472,-0.3654
2026-07-21T16:17:52.700,19.8075,-0.6885,-0.3654
2026-07-21T16:17:52.700,19.8075,-0.7668,-0.2675
2026-07-21T16:17:52.700,19.8075,-0.7472,-0.3458
2026-07-21T16:17:52.716,19.8369,-0.7276,-0.3458
2026-07-21T16:17:52.733,19.8369,-0.708,-0.3066
2026-07-21T16:17:52.733,19.8369,-0.7472,-0.3654
2026-07-21T16:17:52.750,19.8557,-0.6689,-0.3654
2026-07-21T16:17:52.779,19.8847,-0.7668,-0.3458
2026-07-21T16:17:52.779,19.8847,-0.7472,-0.3654
2026-07-21T16:17:52.779,19.8847,-0.8255,-0.385
2026-07-21T16:17:52.795,19.8847,-0.7276,-0.3654
2026-07-21T16:17:52.811,19.9189,-0.7668,-0.3066
2026-07-21T16:17:52.827,19.9189,-0.708,-0.3654
2026-07-21T16:17:52.827,19.9189,-0.7864,-0.385
2026-07-21T16:17:52.827,19.9315,-0.6689,-0.4045
2026-07-21T16:17:52.861,19.9629,-0.7472,-0.3066
2026-07-21T16:17:52.861,19.9629,-0.7276,-0.3458
2026-07-21T16:17:52.861,19.9629,-0.708,-0.385
2026-07-21T16:17:52.861,19.9629,-0.7472,-0.3262
2026-07-21T16:17:52.898,19.9944,-0.7276,-0.3066
2026-07-21T16:17:52.898,19.9944,-0.7276,-0.3654
2026-07-21T16:17:52.898,20.0101,-0.708,-0.385
2026-07-21T16:17:52.905,20.0101,-0.708,-0.3458
2026-07-21T16:17:52.937,20.0417,-0.7864,-0.4045
2026-07-21T16:17:52.937,20.0563,-0.7668,-0.3654
2026-07-21T16:17:52.937,20.0574,-0.708,-0.3066
2026-07-21T16:17:52.952,20.0574,-0.7472,-0.385
2026-07-21T16:17:52.961,20.0889,-0.7472,-0.4045
2026-07-21T16:17:52.984,20.0889,-0.6885,-0.3066
2026-07-21T16:17:52.984,20.0889,-0.7472,-0.385
2026-07-21T16:17:52.984,20.0889,-0.8059,-0.3458
2026-07-21T16:17:53.000,20.1046,-0.7668,-0.3654
2026-07-21T16:17:53.031,20.1363,-0.7668,-0.4045
2026-07-21T16:17:53.031,20.1363,-0.7276,-0.3458
2026-07-21T16:17:53.031,20.1363,-0.7668,-0.3654
2026-07-21T16:17:53.031,20.1363,-0.7276,-0.4045
2026-07-21T16:17:53.063,20.1682,-0.7276,-0.3458
2026-07-21T16:17:53.078,20.1682,-0.7864,-0.385
2026-07-21T16:17:53.078,20.1682,-0.6885,-0.385
2026-07-21T16:17:53.078,20.1682,-0.7472,-0.3458
2026-07-21T16:17:53.099,20.2158,-0.7864,-0.3458
2026-07-21T16:17:53.110,20.2189,-0.6689,-0.385
2026-07-21T16:17:53.110,20.2189,-0.6689,-0.2675
2026-07-21T16:17:53.110,20.2189,-0.7864,-0.3654
2026-07-21T16:17:53.126,20.263,-0.8647,-0.3066
2026-07-21T16:17:53.142,20.263,-1.1192,-0.4633
2026-07-21T16:17:53.142,20.263,-0.9822,-0.4829
2026-07-21T16:17:53.161,20.2787,-0.943,-0.4045
2026-07-21T16:17:53.174,20.2787,-0.8843,-0.2871
2026-07-21T16:17:53.174,20.3105,-0.9234,-0.4241
2026-07-21T16:17:53.199,20.3191,-1.0213,-0.5024
2026-07-21T16:17:53.199,20.3191,-1.2171,-0.9136
2026-07-21T16:17:53.205,20.3262,-1.5696,-1.2661
2026-07-21T16:17:53.221,20.3419,-1.55,-1.2857
2026-07-21T16:17:53.238,20.3891,-1.4325,-1.2661
2026-07-21T16:17:53.253,20.3891,-1.3542,-0.8157
2026-07-21T16:17:53.253,20.3891,-0.336,0.692
2026-07-21T16:17:53.261,20.4048,2.0724,2.885
2026-07-21T16:17:53.268,20.4195,4.5983,5.0977
2026-07-21T16:17:53.284,20.4216,6.2823,7.0949
2026-07-21T16:17:53.284,20.4366,7.6921,9.4837
2026-07-21T16:17:53.315,20.469,9.611,12.93
2026-07-21T16:17:53.315,20.484,11.5495,16.3762
2026-07-21T16:17:53.315,20.484,13.4097,19.7049
2026-07-21T16:17:53.331,20.5016,15.2307,23.4252
2026-07-21T16:17:53.331,20.5016,16.6209,27.0673
2026-07-21T16:17:53.347,20.5016,18.2657,31.2576
2026-07-21T16:17:53.364,20.5197,20.2238,34.8017
2026-07-21T16:17:53.379,20.5197,22.2798,37.6996
2026-07-21T16:17:53.379,20.5313,24.277,40.813
2026-07-21T16:17:53.411,20.563,26.1959,43.8871
2026-07-21T16:17:53.411,20.563,28.3694,46.9026
2026-07-21T16:17:53.411,20.563,30.4841,49.4481
2026-07-21T16:17:53.411,20.5787,32.2072,51.2495
2026-07-21T16:17:53.426,20.5787,33.5975,52.8943
2026-07-21T16:17:53.444,20.5945,34.9289,54.2258
2026-07-21T16:17:53.444,20.5945,36.2604,54.9699
2026-07-21T16:17:53.462,20.5945,37.2786,55.4985
2026-07-21T16:17:53.473,20.5945,37.8269,55.6356
2026-07-21T16:17:53.490,20.642,37.964,55.8706
2026-07-21T16:17:53.505,20.642,38.4143,55.9097
2026-07-21T16:17:53.505,20.642,38.8647,55.7139
2026-07-21T16:17:53.505,20.6578,39.0409,55.8314
2026-07-21T16:17:53.521,20.6588,39.2759,56.0272
2026-07-21T16:17:53.537,20.6588,39.6675,56.1839
2026-07-21T16:17:53.537,20.6739,39.922,56.4188
2026-07-21T16:17:53.553,20.6739,40.157,56.6538
2026-07-21T16:17:53.562,20.7054,40.2941,56.83
2026-07-21T16:17:53.568,20.7054,40.2549,56.7321
2026-07-21T16:17:53.584,20.7211,40.1766,56.3992
2026-07-21T16:17:53.584,20.7211,40.0591,56.1251
2026-07-21T16:17:53.601,20.7211,40.0591,56.0076
2026-07-21T16:17:53.601,20.7368,40.0004,55.9489
2026-07-21T16:17:53.616,20.7368,40.0787,55.8118
2026-07-21T16:17:53.648,20.7686,39.9025,55.2831
2026-07-21T16:17:53.648,20.7686,39.8046,54.774
2026-07-21T16:17:53.648,20.7843,39.7654,54.3824
2026-07-21T16:17:53.663,20.7843,39.5304,54.167
2026-07-21T16:17:53.663,20.801,39.4129,54.167
2026-07-21T16:17:53.679,20.801,39.5304,54.3824
2026-07-21T16:17:53.695,20.8478,39.5892,54.3041
2026-07-21T16:17:53.711,20.8595,39.6675,54.1083
2026-07-21T16:17:53.711,20.8595,39.7654,54.03
2026-07-21T16:17:53.726,20.8635,39.7066,54.2454
2026-07-21T16:17:53.726,20.8635,39.7262,54.5391
2026-07-21T16:17:53.743,20.8635,39.8241,54.7936
2026-07-21T16:17:53.743,20.8793,39.8829,54.7936
2026-07-21T16:17:53.762,20.9204,39.785,54.8328
2026-07-21T16:17:53.775,20.9204,39.6675,55.0873
2026-07-21T16:17:53.775,20.9265,39.6871,55.3027
2026-07-21T16:17:53.790,20.9275,39.6087,55.1265
2026-07-21T16:17:53.802,20.9275,39.7262,55.009
2026-07-21T16:17:53.806,20.9275,39.6283,54.9307
2026-07-21T16:17:53.821,20.9425,39.7654,55.1461
2026-07-21T16:17:53.837,20.9744,39.7262,55.4006
2026-07-21T16:17:53.853,20.9744,39.7458,55.5769
2026-07-21T16:17:53.853,20.9744,39.8829,55.3419
2026-07-21T16:17:53.863,20.9901,40.0983,55.3027
2026-07-21T16:17:53.870,20.9901,40.0395,55.2048
2026-07-21T16:17:53.885,20.9901,40.0395,55.0678
2026-07-21T16:17:53.885,21.0058,40.0591,54.9503
2026-07-21T16:17:53.917,21.0531,40.0004,55.0482
2026-07-21T16:17:53.917,21.0531,39.9808,55.2244
2026-07-21T16:17:53.917,21.0531,39.8633,55.3615
2026-07-21T16:17:53.932,21.0602,39.9416,55.5573
2026-07-21T16:17:53.932,21.0693,40.157,55.851
2026-07-21T16:17:53.948,21.0693,40.1962,55.9685
2026-07-21T16:17:53.964,21.1007,40.2157,55.6943
2026-07-21T16:17:53.980,21.1007,40.3724,55.1461
2026-07-21T16:17:53.980,21.1206,40.4116,55.1852
2026-07-21T16:17:53.995,21.1206,40.4311,55.4006
2026-07-21T16:17:54.011,21.1206,40.6074,55.7922
2026-07-21T16:17:54.011,21.1206,40.8032,55.9685
2026-07-21T16:17:54.043,21.1635,40.9207,55.8314
2026-07-21T16:17:54.043,21.1635,40.9011,55.3419
2026-07-21T16:17:54.043,21.1635,40.999,54.774
2026-07-21T16:17:54.043,21.1635,40.9207,54.6761
2026-07-21T16:17:54.063,21.1793,40.9207,54.9503
2026-07-21T16:17:54.074,21.1793,41.1948,55.1265
2026-07-21T16:17:54.103,21.2273,41.4493,55.0678
2026-07-21T16:17:54.103,21.2273,41.3906,54.8132
2026-07-21T16:17:54.106,21.2273,41.4102,54.4608
2026-07-21T16:17:54.106,21.2273,41.3906,54.4608
2026-07-21T16:17:54.121,21.2424,41.4493,54.4608
2026-07-21T16:17:54.121,21.2424,41.4493,54.5195
2026-07-21T16:17:54.138,21.2743,41.5668,54.4803
2026-07-21T16:17:54.163,21.2743,41.6843,54.4608
2026-07-21T16:17:54.163,21.29,41.7626,54.4803
2026-07-21T16:17:54.169,21.29,41.8214,54.5587
2026-07-21T16:17:54.185,21.3057,41.743,54.4216
2026-07-21T16:17:54.185,21.3366,41.606,54.0496
2026-07-21T16:17:54.216,21.3366,41.5277,53.9321
2026-07-21T16:17:54.216,21.3523,41.4298,53.8537
2026-07-21T16:17:54.216,21.3523,41.4102,53.9908
2026-07-21T16:17:54.232,21.361,41.3906,54.1083
2026-07-21T16:17:54.232,21.3681,41.4493,54.167
2026-07-21T16:17:54.248,21.3681,41.4493,54.2258
2026-07-21T16:17:54.263,21.4153,41.3514,54.1083
2026-07-21T16:17:54.279,21.4153,41.3514,53.7363
2026-07-21T16:17:54.279,21.4153,41.2144,53.3446
2026-07-21T16:17:54.295,21.4209,41.136,53.2663
2026-07-21T16:17:54.303,21.4209,41.0381,53.188
2026-07-21T16:17:54.310,21.431,41.0381,53.2272
2026-07-21T16:17:54.310,21.4629,40.9794,53.4426
2026-07-21T16:17:54.326,21.4789,40.9794,53.6971
2026-07-21T16:17:54.342,21.48,40.9598,53.795
2026-07-21T16:17:54.342,21.48,40.8815,53.6384
2026-07-21T16:17:54.363,21.48,40.8032,53.3251
2026-07-21T16:17:54.373,21.4945,40.8228,53.1293
2026-07-21T16:17:54.373,21.526,40.6661,53.0314
2026-07-21T16:17:54.390,21.526,40.5486,52.9922
2026-07-21T16:17:54.405,21.5418,40.6661,53.0705
2026-07-21T16:17:54.405,21.5418,40.7444,53.0705
2026-07-21T16:17:54.422,21.5418,40.6661,53.0118
2026-07-21T16:17:54.422,21.5418,40.6074,52.8551
2026-07-21T16:17:54.468,21.5898,40.5878,52.7964
2026-07-21T16:17:54.468,21.5898,40.6074,53.0705
2026-07-21T16:17:54.468,21.5898,40.6269,53.1097
2026-07-21T16:17:54.468,21.6055,40.4899,53.1488
2026-07-21T16:17:54.484,21.6055,40.4116,52.816
2026-07-21T16:17:54.484,21.6055,40.392,52.6006
2026-07-21T16:17:54.500,21.6211,40.4311,52.3069
2026-07-21T16:17:54.532,21.6617,40.3724,52.1111
2026-07-21T16:17:54.532,21.6617,40.3528,52.1306
2026-07-21T16:17:54.532,21.6683,40.3332,52.0523
2026-07-21T16:17:54.548,21.6683,40.2745,51.7586
2026-07-21T16:17:54.548,21.6683,40.1766,51.4453
2026-07-21T16:17:54.563,21.6683,40.2157,51.367
2026-07-21T16:17:54.563,21.6997,40.1766,51.2691
2026-07-21T16:17:54.595,21.7154,40.1766,51.1516
2026-07-21T16:17:54.595,21.7154,40.1962,51.0537
2026-07-21T16:17:54.604,21.7215,40.3332,51.0341
2026-07-21T16:17:54.610,21.7215,40.2745,50.9362
2026-07-21T16:17:54.626,21.7311,40.2549,50.6425
2026-07-21T16:17:54.626,21.7629,40.1374,50.525
2026-07-21T16:17:54.642,21.7629,40.0983,50.4663
2026-07-21T16:17:54.658,21.7629,39.9025,50.5054
2026-07-21T16:17:54.664,21.7629,39.8241,50.5642
2026-07-21T16:17:54.673,21.7786,39.8046,50.29
2026-07-21T16:17:54.673,21.8105,39.8241,50.1921
2026-07-21T16:17:54.689,21.8216,39.8829,50.0551
2026-07-21T16:17:54.689,21.8262,39.8437,49.9963
2026-07-21T16:17:54.705,21.8272,39.7458,50.0551
2026-07-21T16:17:54.721,21.8272,39.7066,50.153
2026-07-21T16:17:54.738,21.8739,39.6479,50.1334
2026-07-21T16:17:54.753,21.8739,39.5696,49.7809
2026-07-21T16:17:54.753,21.8739,39.4325,49.4677
2026-07-21T16:17:54.764,21.8896,39.3542,49.2131
2026-07-21T16:17:54.769,21.8896,39.2955,49.0173
2026-07-21T16:17:54.785,21.8986,39.2171,49.0173
2026-07-21T16:17:54.785,21.922,39.1975,48.8998
2026-07-21T16:17:54.816,21.9376,39.1975,48.6061
2026-07-21T16:17:54.816,21.9376,39.2367,48.2341
2026-07-21T16:17:54.816,21.9376,39.2955,47.9599
2026-07-21T16:17:54.832,21.9533,39.4129,47.9404
2026-07-21T16:17:54.841,21.9543,39.315,48.0774
2026-07-21T16:17:54.864,21.9852,39.2955,47.9795
2026-07-21T16:17:54.864,21.9852,39.2171,47.7837
2026-07-21T16:17:54.864,21.9852,39.0801,47.5096
2026-07-21T16:17:54.880,22.0009,39.0409,47.3334
2026-07-21T16:17:54.897,22.0009,39.0605,47.5292
2026-07-21T16:17:54.897,22.048,39.178,47.6271
2026-07-21T16:17:54.927,22.048,39.1584,47.8816
2026-07-21T16:17:54.927,22.048,39.2759,48.0578
2026-07-21T16:17:54.927,22.048,39.2563,47.9404
2026-07-21T16:17:54.943,22.064,39.178,47.6075
2026-07-21T16:17:54.943,22.064,39.0605,47.118
2026-07-21T16:17:54.964,22.1114,39.1192,47.0201
2026-07-21T16:17:54.974,22.1114,38.9822,47.0396
2026-07-21T16:17:54.974,22.1225,39.0017,46.9809
2026-07-21T16:17:54.990,22.1225,38.8843,46.8438
2026-07-21T16:17:55.006,22.1271,38.8843,46.648
2026-07-21T16:17:55.006,22.1271,38.943,46.6872
2026-07-21T16:17:55.022,22.1748,39.0801,46.5697
2026-07-21T16:17:55.038,22.1748,39.0996,46.5501
2026-07-21T16:17:55.038,22.1748,39.0801,46.5697
2026-07-21T16:17:55.054,22.1748,39.0605,46.3543
2026-07-21T16:17:55.065,22.1906,39.0017,46.0019
2026-07-21T16:17:55.069,22.1906,38.9822,46.0802
2026-07-21T16:17:55.086,22.2386,39.2171,46.1193
2026-07-21T16:17:55.105,22.2386,39.3934,46.1781
2026-07-21T16:17:55.105,22.2386,39.6087,46.276
2026-07-21T16:17:55.105,22.2386,39.6479,46.0214
2026-07-21T16:17:55.117,22.2386,39.315,45.4732
2026-07-21T16:17:55.133,22.2555,39.1388,45.1207
2026-07-21T16:17:55.133,22.2635,39.1975,45.0228
2026-07-21T16:17:55.149,22.3019,39.1192,45.2774
2026-07-21T16:17:55.165,22.3019,39.1192,45.3361
2026-07-21T16:17:55.165,22.3019,39.0605,45.1795
2026-07-21T16:17:55.181,22.3019,38.9038,44.9053
2026-07-21T16:17:55.198,22.3177,38.708,44.3571
2026-07-21T16:17:55.206,22.3228,38.708,43.9459
2026-07-21T16:17:55.212,22.3647,38.7276,43.9067
2026-07-21T16:17:55.229,22.3647,38.7668,44.0242
2026-07-21T16:17:55.229,22.3647,38.8255,44.22
2026-07-21T16:17:55.244,22.3647,39.0017,44.2983
2026-07-21T16:17:55.244,22.3647,38.8843,44.0829
2026-07-21T16:17:55.260,22.3805,38.4926,43.7305
2026-07-21T16:17:55.265,22.3805,38.3752,43.2801
2026-07-21T16:17:55.291,22.4277,38.4143,43.1235
2026-07-21T16:17:55.291,22.4277,38.3752,43.1235
2026-07-21T16:17:55.307,22.4277,38.3947,43.1822
2026-07-21T16:17:55.307,22.4277,38.2773,43.1627
2026-07-21T16:17:55.323,22.4434,38.1598,42.9668
2026-07-21T16:17:55.323,22.4434,38.0619,42.7906
2026-07-21T16:17:55.338,22.4908,38.0031,42.634
2026-07-21T16:17:55.365,22.4908,37.8856,42.4969
2026-07-21T16:17:55.365,22.4908,37.6507,42.3794
2026-07-21T16:17:55.370,22.5065,37.6507,42.3403
2026-07-21T16:17:55.386,22.5065,37.6702,42.3207
2026-07-21T16:17:55.386,22.5065,37.6702,42.2424
2026-07-21T16:17:55.406,22.5541,37.7682,42.2424
2026-07-21T16:17:55.418,22.5644,37.8661,42.2424
2026-07-21T16:17:55.418,22.5644,37.6702,42.1836
2026-07-21T16:17:55.433,22.57,37.494,42.1249
2026-07-21T16:17:55.449,22.57,37.4157,42.0465
2026-07-21T16:17:55.449,22.5859,37.3961,42.0661
2026-07-21T16:17:55.481,22.633,37.494,42.1053
2026-07-21T16:17:55.481,22.633,37.6115,42.1445
2026-07-21T16:17:55.481,22.633,37.5723,42.0661
2026-07-21T16:17:55.481,22.633,37.4353,41.7333
2026-07-21T16:17:55.507,22.6488,37.2786,41.42
2026-07-21T16:17:55.512,22.6488,37.0437,41.3808
2026-07-21T16:17:55.512,22.6645,36.9849,41.3025
2026-07-21T16:17:55.528,22.6702,37.0045,41.5179
2026-07-21T16:17:55.528,22.7118,37.0632,41.6158
2026-07-21T16:17:55.566,22.7118,37.0437,41.557
2026-07-21T16:17:55.566,22.7118,36.8087,41.42
2026-07-21T16:17:55.575,22.7235,36.5346,41.1263
2026-07-21T16:17:55.575,22.7275,36.3779,40.9109
2026-07-21T16:17:55.591,22.7275,36.2409,40.813
2026-07-21T16:17:55.591,22.7275,36.2604,40.813
2026-07-21T16:17:55.612,22.7432,36.1821,40.8521
2026-07-21T16:17:55.638,22.7746,36.0255,40.8913
2026-07-21T16:17:55.638,22.7904,36.0255,40.813
2026-07-21T16:17:55.638,22.7904,36.045,40.7542
2026-07-21T16:17:55.654,22.7904,35.9863,40.4409
2026-07-21T16:17:55.670,22.7904,35.9471,40.2255
2026-07-21T16:17:55.670,22.8061,35.9471,40.1864
2026-07-21T16:17:55.685,22.8061,35.8688,40.1864
2026-07-21T16:17:55.717,22.8549,35.6926,40.2451
2026-07-21T16:17:55.717,22.8549,35.6143,40.1668
2026-07-21T16:17:55.717,22.8549,35.4968,40.0493
2026-07-21T16:17:55.717,22.8549,35.438,39.8535
2026-07-21T16:17:55.733,22.8705,35.4185,39.6773
2026-07-21T16:17:55.733,22.8705,35.3206,39.4815
2026-07-21T16:17:55.748,22.8864,35.0268,39.4227
2026-07-21T16:17:55.765,22.8991,34.9485,39.3444
2026-07-21T16:17:55.797,22.9326,34.9681,39.4227
2026-07-21T16:17:55.797,22.9326,34.9485,39.3052
2026-07-21T16:17:55.797,22.9326,34.8702,39.2465
2026-07-21T16:17:55.797,22.9326,34.8506,39.0899
2026-07-21T16:17:55.813,22.9483,34.831,39.1486
2026-07-21T16:17:55.813,22.9483,34.8702,39.2073
2026-07-21T16:17:55.829,22.9483,34.9485,39.1682
2026-07-21T16:17:55.846,22.9963,34.9289,39.0507
2026-07-21T16:17:55.875,22.9963,34.8702,38.8549
2026-07-21T16:17:55.875,22.9963,34.9289,38.6787
2026-07-21T16:17:55.875,23.012,34.9485,38.6395
2026-07-21T16:17:55.875,23.012,34.9094,38.8157
2026-07-21T16:17:55.890,23.0236,34.8506,38.8745
2026-07-21T16:17:55.906,23.0277,34.7527,38.7961
2026-07-21T16:17:55.908,23.0748,34.6352,38.7178
2026-07-21T16:17:55.923,23.0748,34.6352,38.5808
2026-07-21T16:17:55.938,23.0748,34.6157,38.4633
2026-07-21T16:17:55.938,23.0748,34.5765,38.522
2026-07-21T16:17:55.954,23.0906,34.4786,38.6787
2026-07-21T16:17:55.966,23.0906,34.4003,38.7374
2026-07-21T16:17:55.970,23.0906,34.224,38.7374
2026-07-21T16:17:55.986,23.1383,34.1066,38.8157
2026-07-21T16:17:56.008,23.1383,34.0282,38.894
2026-07-21T16:17:56.008,23.1383,34.1261,39.0115
2026-07-21T16:17:56.017,23.1383,34.1066,39.1878
2026-07-21T16:17:56.017,23.1541,34.1261,39.2661
2026-07-21T16:17:56.033,23.1541,33.9303,39.2465
2026-07-21T16:17:56.033,23.2016,33.7149,39.2073
2026-07-21T16:17:56.060,23.2016,33.5779,39.2465
2026-07-21T16:17:56.066,23.2016,33.4604,39.1094
2026-07-21T16:17:56.066,23.2016,33.3233,39.0899
2026-07-21T16:17:56.080,23.2016,33.3625,39.0899
2026-07-21T16:17:56.096,23.2173,33.4016,38.9136
2026-07-21T16:17:56.096,23.2239,33.4408,38.7766
2026-07-21T16:17:56.112,23.2487,33.2058,38.7374
2026-07-21T16:17:56.144,23.2666,33.245,38.6982
2026-07-21T16:17:56.144,23.2666,33.1471,38.8353
2026-07-21T16:17:56.144,23.2666,33.1275,39.0311
2026-07-21T16:17:56.144,23.2812,33.3233,39.3444
2026-07-21T16:17:56.166,23.2812,33.3821,39.3836
2026-07-21T16:17:56.175,23.2967,33.4212,39.2857
2026-07-21T16:17:56.191,23.3286,33.4212,39.0507
2026-07-21T16:17:56.191,23.3286,33.4995,38.9332
2026-07-21T16:17:56.209,23.3286,33.5387,39.129
2026-07-21T16:17:56.209,23.3448,33.5583,39.2465
2026-07-21T16:17:56.223,23.3448,33.7149,39.3052
2026-07-21T16:17:56.223,23.3448,33.7149,39.5011
2026-07-21T16:17:56.239,23.392,33.7149,39.6577
2026-07-21T16:17:56.271,23.392,33.8716,39.5794
2026-07-21T16:17:56.271,23.392,33.8912,39.3444
2026-07-21T16:17:56.271,23.392,33.7541,39.0703
2026-07-21T16:17:56.286,23.4077,33.6562,38.9332
2026-07-21T16:17:56.287,23.4077,33.5583,38.894
2026-07-21T16:17:56.303,23.4553,33.4995,39.0311
2026-07-21T16:17:56.318,23.4553,33.5387,39.1682
2026-07-21T16:17:56.318,23.4553,33.5191,39.1682
2026-07-21T16:17:56.334,23.4553,33.4995,38.9332
2026-07-21T16:17:56.334,23.471,33.4212,38.6395
2026-07-21T16:17:56.350,23.471,33.3429,38.3066
2026-07-21T16:17:56.366,23.471,33.2254,38.1891
2026-07-21T16:17:56.366,23.5241,33.1471,38.287
2026-07-21T16:17:56.382,23.5241,33.1275,38.3654
2026-07-21T16:17:56.382,23.5241,33.1471,38.5024
2026-07-21T16:17:56.397,23.5346,33.1863,38.522
2026-07-21T16:17:56.413,23.5346,33.2254,38.4829
2026-07-21T16:17:56.413,23.5346,33.1667,38.3262
2026-07-21T16:17:56.462,23.5821,33.1079,38.15
2026-07-21T16:17:56.462,23.5821,33.1275,38.0717
2026-07-21T16:17:56.462,23.5821,33.1471,38.0521
2026-07-21T16:17:56.462,23.5978,33.0296,38.1304
2026-07-21T16:17:56.477,23.5978,32.9904,38.287
2026-07-21T16:17:56.477,23.5978,33.0884,38.3066
2026-07-21T16:17:56.494,23.6451,33.0688,38.1891
2026-07-21T16:17:56.509,23.6451,32.9513,38.0129
2026-07-21T16:17:56.524,23.6451,32.9904,37.8171
2026-07-21T16:17:56.524,23.6451,32.9709,37.7584
2026-07-21T16:17:56.524,23.6451,32.9513,38.0325
2026-07-21T16:17:56.540,23.6608,33.1667,38.1696
2026-07-21T16:17:56.556,23.708,33.2058,38.4241
2026-07-21T16:17:56.572,23.708,33.1667,38.4241
2026-07-21T16:17:56.572,23.708,33.245,38.1891
2026-07-21T16:17:56.587,23.708,33.1471,37.915
2026-07-21T16:17:56.587,23.7243,32.9513,37.7192
2026-07-21T16:17:56.603,23.7243,32.9317,37.6605
2026-07-21T16:17:56.611,23.7556,32.9709,37.7192
2026-07-21T16:17:56.634,23.7712,32.8534,37.7975
2026-07-21T16:17:56.634,23.7712,32.7751,37.8563
2026-07-21T16:17:56.634,23.7712,32.8338,37.8367
2026-07-21T16:17:56.650,23.7712,32.6772,37.7779
2026-07-21T16:17:56.666,23.7869,32.5401,37.7388
2026-07-21T16:17:56.666,23.8245,32.4422,37.8367
2026-07-21T16:17:56.682,23.8341,32.266,38.0129
2026-07-21T16:17:56.698,23.8341,32.0702,38.3066
2026-07-21T16:17:56.698,23.8341,32.1093,38.4241
2026-07-21T16:17:56.713,23.8341,32.031,38.2087
2026-07-21T16:17:56.713,23.8508,31.9527,38.0129
2026-07-21T16:17:56.729,23.8508,31.9722,37.915
2026-07-21T16:17:56.745,23.8981,31.9527,37.8563
2026-07-21T16:17:56.745,23.8981,31.8939,37.8954
2026-07-21T16:17:56.767,23.8981,31.8352,37.7975
2026-07-21T16:17:56.776,23.8981,31.9331,37.6605
2026-07-21T16:17:56.776,23.9142,31.8352,37.5038
2026-07-21T16:17:56.793,23.9248,31.7569,37.4255
2026-07-21T16:17:56.793,23.9248,31.7764,37.2688
2026-07-21T16:17:56.811,23.9613,31.7764,37.2297
2026-07-21T16:17:56.825,23.9613,31.6198,37.3276
2026-07-21T16:17:56.825,23.9613,31.6002,37.6213
2026-07-21T16:17:56.840,23.9694,31.6002,37.6409
2026-07-21T16:17:56.840,23.9694,31.6002,37.6409
2026-07-21T16:17:56.867,23.9769,31.5219,37.543
2026-07-21T16:17:56.872,24.0094,31.4827,37.308
2026-07-21T16:17:56.888,24.025,31.3261,37.0339
2026-07-21T16:17:56.888,24.025,31.2282,37.1514
2026-07-21T16:17:56.903,24.025,31.0715,37.3472
2026-07-21T16:17:56.912,24.025,31.0128,37.5821
2026-07-21T16:17:56.919,24.0406,30.9736,37.7388
2026-07-21T16:17:56.935,24.072,31.1499,37.6996
2026-07-21T16:17:56.935,24.072,31.2086,37.4451
2026-07-21T16:17:56.952,24.072,31.1499,37.073
2026-07-21T16:17:56.967,24.0877,31.189,36.8381
2026-07-21T16:17:56.967,24.0877,31.2478,36.8772
2026-07-21T16:17:56.983,24.0877,31.3261,37.0339
2026-07-21T16:17:57.014,24.1349,31.5611,37.3472
2026-07-21T16:17:57.014,24.1349,31.6785,37.543
2026-07-21T16:17:57.014,24.1349,31.9527,37.4647
2026-07-21T16:17:57.014,24.1508,32.1093,37.4451
2026-07-21T16:17:57.030,24.1508,32.2464,37.3276
2026-07-21T16:17:57.046,24.1667,32.2268,37.2688
2026-07-21T16:17:57.061,24.1981,32.0897,37.4059
2026-07-21T16:17:57.077,24.1981,32.0506,37.2101
2026-07-21T16:17:57.077,24.1981,31.9135,37.1122
2026-07-21T16:17:57.077,24.2148,31.8743,36.9164
2026-07-21T16:17:57.093,24.2249,31.9135,36.9556
2026-07-21T16:17:57.109,24.23,31.9722,37.0143
2026-07-21T16:17:57.112,24.2624,31.8548,37.0143
2026-07-21T16:17:57.112,24.2624,31.7764,36.9556
2026-07-21T16:17:57.140,24.2705,31.7764,36.9751
2026-07-21T16:17:57.140,24.2705,31.6981,36.8772
2026-07-21T16:17:57.157,24.2771,31.7177,36.9751
2026-07-21T16:17:57.157,24.2771,31.8939,37.1318
2026-07-21T16:17:57.172,24.3096,31.9331,37.1709
2026-07-21T16:17:57.205,24.3252,32.0897,37.2101
2026-07-21T16:17:57.205,24.3252,32.0897,37.2297
2026-07-21T16:17:57.205,24.3252,32.1289,37.1122
2026-07-21T16:17:57.213,24.3252,32.031,37.0926
2026-07-21T16:17:57.219,24.3403,32.1681,37.1709
2026-07-21T16:17:57.235,24.3403,32.4226,37.4842
2026-07-21T16:17:57.252,24.3882,32.5009,37.7192
2026-07-21T16:17:57.252,24.3882,32.5988,37.7975
2026-07-21T16:17:57.267,24.3882,32.403,37.8367
2026-07-21T16:17:57.267,24.404,32.2072,37.7779
2026-07-21T16:17:57.282,24.404,32.1876,37.6017
2026-07-21T16:17:57.298,24.4197,32.1289,37.7388
2026-07-21T16:17:57.298,24.4511,32.031,38.1304
2026-07-21T16:17:57.330,24.4669,32.031,38.522
2026-07-21T16:17:57.330,24.4669,32.1485,38.6591
2026-07-21T16:17:57.330,24.471,32.3247,38.6395
2026-07-21T16:17:57.346,24.471,32.3834,38.5416
2026-07-21T16:17:57.346,24.483,32.4618,38.4045
2026-07-21T16:17:57.362,24.4988,32.1289,38.1891
2026-07-21T16:17:57.378,24.5312,32.2072,38.1891
2026-07-21T16:17:57.393,24.5312,32.2464,38.1108
2026-07-21T16:17:57.393,24.5312,32.1681,38.1891
2026-07-21T16:17:57.409,24.5467,32.0897,38.1108
2026-07-21T16:17:57.413,24.5467,32.0897,38.15
2026-07-21T16:17:57.425,24.5467,32.0897,38.15
2026-07-21T16:17:57.425,24.5631,31.9722,37.9933
2026-07-21T16:17:57.441,24.5941,31.8352,37.8758
2026-07-21T16:17:57.473,24.6099,31.7764,37.7779
2026-07-21T16:17:57.473,24.6099,31.5023,37.6213
2026-07-21T16:17:57.473,24.6099,31.3261,37.7584
2026-07-21T16:17:57.473,24.6099,31.2282,37.6996
2026-07-21T16:17:57.489,24.6255,31.189,37.6017
2026-07-21T16:17:57.506,24.6255,30.9736,37.4059
2026-07-21T16:17:57.536,24.6731,30.9345,37.1318
2026-07-21T16:17:57.536,24.6731,30.7974,36.7206
2026-07-21T16:17:57.536,24.6731,30.582,36.5639
2026-07-21T16:17:57.536,24.6731,30.4254,36.5444
2026-07-21T16:17:57.552,24.6731,30.3275,36.5248
2026-07-21T16:17:57.568,24.6888,30.1317,36.6618
2026-07-21T16:17:57.568,24.6888,29.8575,36.7989
2026-07-21T16:17:57.599,24.736,29.6421,36.7206
2026-07-21T16:17:57.599,24.736,29.5247,36.6031
2026-07-21T16:17:57.599,24.736,29.5834,36.6423
2026-07-21T16:17:57.615,24.736,29.6617,36.7402
2026-07-21T16:17:57.615,24.736,29.6421,36.7597
2026-07-21T16:17:57.631,24.7517,29.6813,36.8185
2026-07-21T16:17:57.647,24.7834,29.7205,36.8576
2026-07-21T16:17:57.668,24.7992,29.9358,36.8185
2026-07-21T16:17:57.668,24.7992,29.9358,36.7402
2026-07-21T16:17:57.678,24.7992,30.21,36.8772
2026-07-21T16:17:57.678,24.7992,30.4645,36.9164
2026-07-21T16:17:57.694,24.8149,30.6408,36.7989
2026-07-21T16:17:57.714,24.8509,30.5429,36.8968
2026-07-21T16:17:57.726,24.8509,30.582,36.8381
2026-07-21T16:17:57.726,24.8509,30.4058,36.6618
2026-07-21T16:17:57.726,24.8509,30.3666,36.5444
2026-07-21T16:17:57.741,24.862,30.3666,36.2898
2026-07-21T16:17:57.757,24.8681,30.1904,36.0548
2026-07-21T16:17:57.768,24.9106,30.0925,36.0548
2026-07-21T16:17:57.788,24.9106,30.0533,36.1527
2026-07-21T16:17:57.788,24.9106,30.0533,36.2506
2026-07-21T16:17:57.793,24.9106,30.0142,36.3681
2026-07-21T16:17:57.804,24.9262,30.0533,36.3681
2026-07-21T16:17:57.814,24.9579,30.0925,36.2506
2026-07-21T16:17:57.840,24.9579,29.9554,35.9961
2026-07-21T16:17:57.840,24.9579,30.0142,35.8786
2026-07-21T16:17:57.840,24.9725,30.0533,35.9765
2026-07-21T16:17:57.853,24.9735,30.0729,36.2115
2026-07-21T16:17:57.868,24.9735,30.0338,36.5444
2026-07-21T16:17:57.868,25.0208,30.2491,36.6423
2026-07-21T16:17:57.900,25.0264,30.3666,36.5444
2026-07-21T16:17:57.900,25.0264,30.4449,36.3877
2026-07-21T16:17:57.900,25.0264,30.3666,36.1332
2026-07-21T16:17:57.916,25.0375,30.1904,36.0157
2026-07-21T16:17:57.916,25.0375,29.975,36.1332
2026-07-21T16:17:57.931,25.0525,29.7988,36.2898
2026-07-21T16:17:57.947,25.0844,29.6813,36.4465
2026-07-21T16:17:57.963,25.0844,29.6617,36.4073
2026-07-21T16:17:57.963,25.0844,29.5834,36.2702
2026-07-21T16:17:57.980,25.1002,29.6617,36.0548
2026-07-21T16:17:57.980,25.1002,29.4659,35.8003
2026-07-21T16:17:57.995,25.1002,29.2309,35.722
2026-07-21T16:17:58.027,25.1475,29.0351,35.5849
2026-07-21T16:17:58.027,25.1475,28.6631,35.487
2026-07-21T16:17:58.027,25.1475,28.3694,35.5457
2026-07-21T16:17:58.027,25.1632,28.1932,35.4674
2026-07-21T16:17:58.042,25.1632,27.9386,35.4087
2026-07-21T16:17:58.058,25.1955,27.782,35.252
2026-07-21T16:17:58.058,25.1955,27.6253,35.115
2026-07-21T16:17:58.074,25.2105,27.6057,34.9387
2026-07-21T16:17:58.090,25.2105,27.4883,34.8996
2026-07-21T16:17:58.090,25.2105,27.3316,34.9779
2026-07-21T16:17:58.105,25.2268,27.2337,35.1345
2026-07-21T16:17:58.115,25.2268,27.1358,35.0758
2026-07-21T16:17:58.138,25.2584,27.0771,35.1541
2026-07-21T16:17:58.138,25.2736,27.1554,35.1933
2026-07-21T16:17:58.138,25.2736,27.2924,35.252
2026-07-21T16:17:58.153,25.2736,27.3708,35.4283
2026-07-21T16:17:58.169,25.2904,27.7428,35.3891
2026-07-21T16:17:58.169,25.2904,27.7036,35.2716
2026-07-21T16:17:58.201,25.338,27.6841,35.3108
2026-07-21T16:17:58.201,25.338,27.8407,35.252
2026-07-21T16:17:58.201,25.338,27.7036,35.1541
2026-07-21T16:17:58.216,25.3527,27.6645,35.115
2026-07-21T16:17:58.232,25.3527,27.4491,34.9583
2026-07-21T16:17:58.233,25.3527,27.3708,34.88
2026-07-21T16:17:58.233,25.4006,27.2337,34.8604
2026-07-21T16:17:58.280,25.4164,26.9596,34.88
2026-07-21T16:17:58.280,25.4164,26.8421,34.7821
2026-07-21T16:17:58.280,25.4164,26.8421,34.8212
2026-07-21T16:17:58.280,25.4164,26.8813,34.9387
2026-07-21T16:17:58.295,25.427,26.9987,34.8604
2026-07-21T16:17:58.295,25.4321,27.0183,34.8212
2026-07-21T16:17:58.311,25.4321,26.9596,34.6059
2026-07-21T16:17:58.343,25.4795,26.9008,34.2534
2026-07-21T16:17:58.343,25.4795,26.4701,33.7051
2026-07-21T16:17:58.343,25.4795,25.5693,32.824
2026-07-21T16:17:58.359,25.4795,24.3162,31.4338
2026-07-21T16:17:58.369,25.4952,22.828,29.3191
2026-07-21T16:17:58.374,25.511,20.8504,26.1861
2026-07-21T16:17:58.390,25.5586,17.972,22.2896
2026-07-21T16:17:58.406,25.5596,14.3104,18.021
2026-07-21T16:17:58.406,25.5596,10.0222,13.5957
2026-07-21T16:17:58.417,25.5763,6.2431,9.3075
2026-07-21T16:17:58.422,25.5906,3.2081,5.7634
2026-07-21T16:17:58.437,25.6067,0.643,2.885
2026-07-21T16:17:58.453,25.6271,-1.4325,1.1815
2026-07-21T16:17:58.453,25.6271,-1.9416,1.064
2026-07-21T16:17:58.453,25.6757,-1.5892,0.6528
2026-07-21T16:17:58.470,25.6858,-1.6479,0.1241
2026-07-21T16:17:58.485,25.6858,-1.8829,-0.3262
2026-07-21T16:17:58.485,25.7016,-1.5892,-0.6395
2026-07-21T16:17:58.549,25.7016,-1.3542,-0.6591
2026-07-21T16:17:58.549,25.7016,-1.2171,-0.6003
2026-07-21T16:17:58.565,25.7173,-1.1388,-0.6591
2026-07-21T16:17:58.565,25.7173,-1.1584,-0.6982
2026-07-21T16:17:58.565,25.7173,-1.2563,-0.6982
2026-07-21T16:17:58.569,25.7173,-1.0801,-0.5612
2026-07-21T16:17:58.569,25.7173,-0.8451,-0.6003
2026-07-21T16:17:58.580,25.727,-0.8255,-0.5612
2026-07-21T16:17:58.580,25.727,-0.8843,-0.6395
2026-07-21T16:17:58.596,25.7488,-0.8059,-0.5024
2026-07-21T16:17:58.612,25.7646,-0.8059,-0.6395
2026-07-21T16:17:58.618,25.7646,-0.8843,-0.5808
2026-07-21T16:17:58.628,25.7646,-0.8255,-0.5416
2026-07-21T16:17:58.644,25.7761,-0.8451,-0.6395
2026-07-21T16:17:58.644,25.7761,-0.9822,-0.6199
2026-07-21T16:17:58.644,25.7761,-0.8059,-0.5808
2026-07-21T16:17:58.669,25.7802,-0.8647,-0.5808
2026-07-21T16:17:58.675,25.8116,-0.8843,-0.5612
2026-07-21T16:17:58.691,25.8116,-0.943,-0.5808
2026-07-21T16:17:58.691,25.8116,-0.8255,-0.522
2026-07-21T16:17:58.707,25.8116,-0.943,-0.6003
2026-07-21T16:17:58.707,25.8272,-0.9626,-0.6199
2026-07-21T16:17:58.722,25.8272,-0.8647,-0.6395
2026-07-21T16:17:58.738,25.8587,-0.8647,-0.6395
2026-07-21T16:17:58.754,25.8587,-0.943,-0.5416
2026-07-21T16:17:58.754,25.8587,-0.8647,-0.5024
2026-07-21T16:17:58.754,25.8745,-0.9234,-0.6003
2026-07-21T16:17:58.769,25.9109,-0.8843,-0.6003
2026-07-21T16:17:58.801,25.9109,-0.9038,-0.6003
2026-07-21T16:17:58.801,25.9109,-0.8843,-0.6395
2026-07-21T16:17:58.801,25.9109,-0.9822,-0.6199
2026-07-21T16:17:58.801,25.9219,-0.8647,-0.6199
2026-07-21T16:17:58.819,25.9542,-0.8255,-0.6591
2026-07-21T16:17:58.852,25.9542,-0.943,-0.6003
2026-07-21T16:17:58.852,25.9542,-0.9038,-0.5612
2026-07-21T16:17:58.853,25.9542,-0.9626,-0.6395
2026-07-21T16:17:58.864,25.9542,-0.9234,-0.6395
2026-07-21T16:17:58.880,26.0013,-0.9626,-0.5808
2026-07-21T16:17:58.896,26.0013,-0.9626,-0.6199
2026-07-21T16:17:58.896,26.0013,-0.9234,-0.6395
2026-07-21T16:17:58.896,26.0013,-0.9234,-0.6199
2026-07-21T16:17:58.919,26.0327,-0.8843,-0.5612
2026-07-21T16:17:58.928,26.0327,-0.9234,-0.6003
2026-07-21T16:17:58.928,26.0327,-0.9234,-0.6199
2026-07-21T16:17:58.943,26.0485,-0.9234,-0.5808
2026-07-21T16:17:58.959,26.0799,-0.943,-0.6003
2026-07-21T16:17:58.975,26.0799,-0.943,-0.6003
2026-07-21T16:17:58.975,26.0799,-0.9822,-0.4829
2026-07-21T16:17:58.975,26.0799,-0.943,-0.6003
2026-07-21T16:17:58.991,26.0799,-0.9626,-0.6199
2026-07-21T16:17:59.022,26.1277,-1.0213,-0.6003
2026-07-21T16:17:59.022,26.1277,-0.8647,-0.5416
2026-07-21T16:17:59.022,26.1277,-0.943,-0.6787
2026-07-21T16:17:59.038,26.1277,-0.9626,-0.5612
2026-07-21T16:17:59.054,26.1747,-0.9038,-0.6199
2026-07-21T16:17:59.069,26.1747,-0.9822,-0.5612
2026-07-21T16:17:59.069,26.1747,-0.9822,-0.5808
2026-07-21T16:17:59.070,26.1778,-0.9234,-0.5612
2026-07-21T16:17:59.085,26.2066,-0.9822,-0.6199
2026-07-21T16:17:59.101,26.2066,-0.943,-0.6199
2026-07-21T16:17:59.101,26.2066,-0.9822,-0.6003
2026-07-21T16:17:59.117,26.2223,-0.9626,-0.5808
2026-07-21T16:17:59.133,26.2538,-1.0213,-0.6003
2026-07-21T16:17:59.149,26.2538,-0.943,-0.5612
2026-07-21T16:17:59.149,26.2538,-0.9822,-0.5808
2026-07-21T16:17:59.149,26.2538,-0.9626,-0.6199
2026-07-21T16:17:59.164,26.2538,-1.0605,-0.5808
2026-07-21T16:17:59.170,26.3014,-1.0018,-0.6395
2026-07-21T16:17:59.196,26.3014,-0.9626,-0.6591
2026-07-21T16:17:59.196,26.3014,-1.0018,-0.5612
2026-07-21T16:17:59.196,26.3014,-0.9822,-0.5808
2026-07-21T16:17:59.220,26.349,-0.943,-0.6003
2026-07-21T16:17:59.230,26.349,-1.0605,-0.6199
2026-07-21T16:17:59.230,26.349,-0.943,-0.5612
2026-07-21T16:17:59.244,26.349,-1.0018,-0.5612
2026-07-21T16:17:59.260,26.3804,-0.9234,-0.5808
2026-07-21T16:17:59.275,26.3804,-1.0213,-0.6003
2026-07-21T16:17:59.275,26.3804,-0.943,-0.5612
2026-07-21T16:17:59.275,26.3804,-1.0409,-0.5612
2026-07-21T16:17:59.291,26.3962,-1.0605,-0.5612
2026-07-21T16:17:59.308,26.4276,-0.9626,-0.6003
2026-07-21T16:17:59.323,26.4276,-0.9626,-0.6199
2026-07-21T16:17:59.323,26.4276,-1.0409,-0.5808
2026-07-21T16:17:59.338,26.4276,-0.8255,-0.5808
2026-07-21T16:17:59.354,26.4749,-0.9822,-0.6003
2026-07-21T16:17:59.370,26.4749,-0.9822,-0.5808
2026-07-21T16:17:59.370,26.4749,-1.0018,-0.5808
2026-07-21T16:17:59.370,26.479,-0.9626,-0.5808
2026-07-21T16:17:59.386,26.5068,-1.0018,-0.5808
2026-07-21T16:17:59.386,26.5068,-0.9626,-0.6003
2026-07-21T16:17:59.401,26.5068,-0.943,-0.6199
2026-07-21T16:17:59.417,26.5225,-0.9822,-0.5612
2026-07-21T16:17:59.421,26.5277,-1.0409,-0.6199
2026-07-21T16:17:59.449,26.5541,-0.9626,-0.6199
2026-07-21T16:17:59.449,26.5541,-1.0409,-0.6395
2026-07-21T16:17:59.449,26.5541,-0.9822,-0.5808
2026-07-21T16:17:59.465,26.5699,-0.943,-0.6003
2026-07-21T16:17:59.496,26.6017,-0.9626,-0.5024
2026-07-21T16:17:59.496,26.6017,-1.0605,-0.5416
2026-07-21T16:17:59.496,26.6017,-0.8843,-0.5808
2026-07-21T16:17:59.512,26.6017,-1.0018,-0.5416
2026-07-21T16:17:59.512,26.6017,-1.0213,-0.5808
2026-07-21T16:17:59.544,26.6488,-1.0213,-0.5612
2026-07-21T16:17:59.544,26.6488,-0.943,-0.5612
2026-07-21T16:17:59.544,26.6488,-1.0213,-0.5808
2026-07-21T16:17:59.544,26.6646,-1.0018,-0.6199
2026-07-21T16:17:59.570,26.6954,-1.0018,-0.6003
2026-07-21T16:17:59.591,26.6954,-0.9626,-0.6003
2026-07-21T16:17:59.591,26.6954,-1.0213,-0.6199
2026-07-21T16:17:59.591,26.7112,-1.0409,-0.5612
2026-07-21T16:17:59.607,26.7112,-1.0213,-0.5808
2026-07-21T16:17:59.622,26.7431,-1.0018,-0.5808
2026-07-21T16:17:59.638,26.7431,-1.0409,-0.6003
2026-07-21T16:17:59.638,26.7588,-1.0018,-0.522
2026-07-21T16:17:59.638,26.7588,-1.0801,-0.6395
2026-07-21T16:17:59.653,26.7588,-1.0213,-0.5612
2026-07-21T16:17:59.670,26.7902,-0.9822,-0.6199
2026-07-21T16:17:59.685,26.7902,-0.9822,-0.5808
2026-07-21T16:17:59.685,26.7902,-1.0213,-0.6591
2026-07-21T16:17:59.685,26.806,-0.943,-0.6003
2026-07-21T16:17:59.701,26.806,-1.0213,-0.5612
2026-07-21T16:17:59.717,26.8374,-1.0605,-0.5612
2026-07-21T16:17:59.732,26.8374,-1.0018,-0.6003
2026-07-21T16:17:59.732,26.8374,-1.0213,-0.4829
2026-07-21T16:17:59.748,26.8531,-1.0409,-0.6395
2026-07-21T16:17:59.748,26.8858,-0.943,-0.6003
2026-07-21T16:17:59.771,26.8858,-1.0018,-0.6003
2026-07-21T16:17:59.780,26.8858,-1.0409,-0.6199
2026-07-21T16:17:59.780,26.8858,-1.0018,-0.5808
2026-07-21T16:17:59.795,26.9008,-1.0018,-0.5612
2026-07-21T16:17:59.811,26.9485,-1.0605,-0.6199
2026-07-21T16:17:59.828,26.9485,-1.0801,-0.5808
2026-07-21T16:17:59.828,26.9485,-1.0018,-0.5612
2026-07-21T16:17:59.828,26.9485,-1.0213,-0.5808
2026-07-21T16:17:59.843,26.9485,-1.0605,-0.5808
2026-07-21T16:17:59.876,26.9974,-1.0801,-0.5416
2026-07-21T16:17:59.876,26.9974,-1.0409,-0.6199
2026-07-21T16:17:59.876,26.9974,-1.0605,-0.5612
2026-07-21T16:17:59.891,26.9974,-1.0018,-0.5612
2026-07-21T16:17:59.891,26.9974,-0.9626,-0.5612
2026-07-21T16:17:59.907,27.044,-1.0213,-0.5612
2026-07-21T16:17:59.907,27.044,-1.0409,-0.4829
2026-07-21T16:17:59.923,27.044,-0.9626,-0.5024
2026-07-21T16:17:59.940,27.044,-1.0213,-0.5416
2026-07-21T16:17:59.940,27.044,-1.0213,-0.5416
2026-07-21T16:17:59.954,27.091,-0.9822,-0.5808
2026-07-21T16:17:59.971,27.092,-1.0213,-0.6003
2026-07-21T16:17:59.971,27.092,-1.0409,-0.5024
2026-07-21T16:17:59.986,27.094,-1.0605,-0.5416
2026-07-21T16:17:59.986,27.1287,-1.0605,-0.5808
2026-07-21T16:18:00.030,27.1287,-1.0409,-0.6199
2026-07-21T16:18:00.030,27.1287,-1.0409,-0.5416
2026-07-21T16:18:00.030,27.1287,-1.0213,-0.6395
2026-07-21T16:18:00.037,27.1373,-0.9626,-0.5612
2026-07-21T16:18:00.071,27.1688,-1.0605,-0.6003
2026-07-21T16:18:00.071,27.1688,-1.0213,-0.5416
2026-07-21T16:18:00.071,27.1688,-1.0605,-0.5808
2026-07-21T16:18:00.079,27.1688,-1.0997,-0.522
2026-07-21T16:18:00.095,27.2162,-0.9626,-0.6003
2026-07-21T16:18:00.111,27.2162,-1.0409,-0.6199
2026-07-21T16:18:00.111,27.2162,-1.0409,-0.5612
2026-07-21T16:18:00.111,27.2162,-0.9822,-0.5416
2026-07-21T16:18:00.127,27.2475,-1.0213,-0.6199
2026-07-21T16:18:00.138,27.2475,-1.0997,-0.5808
2026-07-21T16:18:00.143,27.2633,-1.0409,-0.4437
2026-07-21T16:18:00.158,27.2648,-0.9822,-0.5612
2026-07-21T16:18:00.158,27.2648,-0.9626,-0.5612
2026-07-21T16:18:00.190,27.296,-1.0409,-0.5416
2026-07-21T16:18:00.190,27.296,-1.0409,-0.5024
2026-07-21T16:18:00.190,27.296,-1.0409,-0.5416
2026-07-21T16:18:00.207,27.3126,-1.0801,-0.522
2026-07-21T16:18:00.238,27.3434,-1.0018,-0.522
2026-07-21T16:18:00.238,27.3434,-1.0605,-0.5808
2026-07-21T16:18:00.238,27.3434,-1.0997,-0.5612
2026-07-21T16:18:00.254,27.3591,-0.9822,-0.6395
2026-07-21T16:18:00.255,27.3591,-1.0213,-0.5416
2026-07-21T16:18:00.286,27.3916,-1.0801,-0.5416
2026-07-21T16:18:00.286,27.3916,-1.0018,-0.5416
2026-07-21T16:18:00.286,27.3916,-1.0801,-0.6003
2026-07-21T16:18:00.301,27.3916,-1.1192,-0.6003
2026-07-21T16:18:00.301,27.3916,-1.0605,-0.5808
2026-07-21T16:18:00.334,27.4383,-1.0409,-0.5416
2026-07-21T16:18:00.334,27.4383,-1.0801,-0.6003
2026-07-21T16:18:00.334,27.4383,-1.0801,-0.522
2026-07-21T16:18:00.349,27.4383,-1.0409,-0.5416
2026-07-21T16:18:00.349,27.483,-1.0409,-0.6395
2026-07-21T16:18:00.380,27.4856,-1.1192,-0.5416
2026-07-21T16:18:00.380,27.4856,-1.0213,-0.6003
2026-07-21T16:18:00.380,27.4856,-1.0801,-0.5808
2026-07-21T16:18:00.396,27.517,-1.0605,-0.5024
2026-07-21T16:18:00.412,27.5287,-0.9822,-0.5808
2026-07-21T16:18:00.412,27.5287,-1.0605,-0.5808
2026-07-21T16:18:00.428,27.5327,-1.0997,-0.4633
2026-07-21T16:18:00.428,27.5651,-1.0213,-0.522
2026-07-21T16:18:00.459,27.5651,-1.0018,-0.5024
2026-07-21T16:18:00.459,27.5651,-1.1192,-0.6003
2026-07-21T16:18:00.459,27.5651,-1.0213,-0.5612
2026-07-21T16:18:00.475,27.5796,-1.0213,-0.522
2026-07-21T16:18:00.491,27.6115,-1.0801,-0.5416
2026-07-21T16:18:00.507,27.6115,-1.0801,-0.5024
2026-07-21T16:18:00.507,27.6115,-1.0213,-0.5416
2026-07-21T16:18:00.507,27.6115,-0.9822,-0.5612
2026-07-21T16:18:00.525,27.6589,-1.1192,-0.5612
2026-07-21T16:18:00.554,27.6589,-1.0801,-0.5416
2026-07-21T16:18:00.554,27.6589,-1.0605,-0.5416
2026-07-21T16:18:00.554,27.6589,-1.0997,-0.522
2026-07-21T16:18:00.554,27.6589,-0.9822,-0.5612
2026-07-21T16:18:00.571,27.6903,-1.0409,-0.5612
2026-07-21T16:18:00.585,27.6903,-1.0801,-0.5612
2026-07-21T16:18:00.585,27.6903,-1.0409,-0.5808
2026-07-21T16:18:00.601,27.7061,-1.0409,-0.5416
2026-07-21T16:18:00.632,27.7375,-1.0605,-0.5808
2026-07-21T16:18:00.632,27.7375,-1.0605,-0.4829
2026-07-21T16:18:00.632,27.7375,-1.0605,-0.522
2026-07-21T16:18:00.648,27.7375,-1.0213,-0.5612
2026-07-21T16:18:00.664,27.7844,-1.0801,-0.4829
2026-07-21T16:18:00.680,27.7844,-1.0605,-0.5808
2026-07-21T16:18:00.680,27.7844,-1.0018,-0.5416
2026-07-21T16:18:00.680,27.7844,-1.0605,-0.5808
2026-07-21T16:18:00.695,27.8159,-1.0213,-0.5612
2026-07-21T16:18:00.711,27.829,-1.0213,-0.5416
2026-07-21T16:18:00.727,27.8316,-1.0997,-0.5612
2026-07-21T16:18:00.727,27.8316,-1.0409,-0.5416
2026-07-21T16:18:00.727,27.8316,-0.9822,-0.522
2026-07-21T16:18:00.758,27.8631,-1.0409,-0.6003
2026-07-21T16:18:00.758,27.8631,-1.0801,-0.5612
2026-07-21T16:18:00.774,27.8631,-1.0213,-0.5416
2026-07-21T16:18:00.774,27.8631,-1.0213,-0.5024
2026-07-21T16:18:00.789,27.9109,-1.0213,-0.5024
2026-07-21T16:18:00.805,27.9109,-1.0018,-0.4829
2026-07-21T16:18:00.805,27.9109,-1.0213,-0.5808
2026-07-21T16:18:00.805,27.9109,-0.9822,-0.5808
2026-07-21T16:18:00.827,27.9428,-1.0213,-0.4829
2026-07-21T16:18:00.853,27.9595,-1.0409,-0.5808
2026-07-21T16:18:00.853,27.9595,-0.9234,-0.4829
2026-07-21T16:18:00.853,27.9595,-1.0997,-0.5808
2026-07-21T16:18:00.885,27.9913,-1.0801,-0.5612
2026-07-21T16:18:00.885,27.9913,-1.0409,-0.522
2026-07-21T16:18:00.885,27.9913,-1.0605,-0.5612
2026-07-21T16:18:00.901,27.9913,-0.9626,-0.522
2026-07-21T16:18:00.902,28.0063,-1.0213,-0.5612
2026-07-21T16:18:00.933,28.0382,-1.1192,-0.5416
2026-07-21T16:18:00.933,28.0382,-0.9822,-0.522
2026-07-21T16:18:00.933,28.0382,-1.0409,-0.5612
2026-07-21T16:18:00.949,28.0382,-1.1192,-0.5024
2026-07-21T16:18:00.964,28.0854,-0.9822,-0.522
2026-07-21T16:18:00.980,28.0854,-0.943,-0.5612
2026-07-21T16:18:00.980,28.0854,-1.0997,-0.5024
2026-07-21T16:18:00.980,28.0854,-1.0605,-0.4633
2026-07-21T16:18:01.012,28.1295,-1.0409,-0.522
2026-07-21T16:18:01.012,28.1331,-1.0997,-0.5416
2026-07-21T16:18:01.012,28.1331,-1.0213,-0.522
2026-07-21T16:18:01.028,28.1331,-1.0213,-0.522
2026-07-21T16:18:01.028,28.1646,-1.0605,-0.5808
2026-07-21T16:18:01.060,28.1646,-1.0997,-0.5416
2026-07-21T16:18:01.060,28.1646,-0.9822,-0.5024
2026-07-21T16:18:01.060,28.1646,-1.0018,-0.5612
2026-07-21T16:18:01.075,28.1803,-1.0997,-0.4829
2026-07-21T16:18:01.091,28.2117,-1.0409,-0.4829
2026-07-21T16:18:01.107,28.2117,-0.9822,-0.5612
2026-07-21T16:18:01.107,28.2117,-1.1192,-0.522
2026-07-21T16:18:01.107,28.2117,-1.0018,-0.5024
2026-07-21T16:18:01.128,28.2598,-0.9822,-0.5416
2026-07-21T16:18:01.138,28.2598,-1.1192,-0.5612
2026-07-21T16:18:01.154,28.2598,-1.0213,-0.4437
2026-07-21T16:18:01.154,28.2755,-1.0605,-0.522
2026-07-21T16:18:01.170,28.2755,-1.0605,-0.5612
2026-07-21T16:18:01.172,28.3074,-1.0605,-0.5612
2026-07-21T16:18:01.202,28.3074,-0.9626,-0.5612
2026-07-21T16:18:01.202,28.3074,-1.0605,-0.5416
2026-07-21T16:18:01.202,28.3074,-1.0801,-0.5612
2026-07-21T16:18:01.218,28.3246,-1.0018,-0.5612
2026-07-21T16:18:01.233,28.3711,-1.0801,-0.5808
2026-07-21T16:18:01.250,28.3711,-1.0997,-0.5416
2026-07-21T16:18:01.250,28.3711,-1.0018,-0.5416
2026-07-21T16:18:01.250,28.3711,-1.0801,-0.5416
2026-07-21T16:18:01.267,28.3711,-1.0018,-0.5416
2026-07-21T16:18:01.282,28.4193,-1.0213,-0.5416
2026-07-21T16:18:01.297,28.4299,-1.0213,-0.5808
2026-07-21T16:18:01.297,28.4299,-1.0409,-0.5024
2026-07-21T16:18:01.297,28.4299,-1.0605,-0.5024
2026-07-21T16:18:01.313,28.4299,-0.9234,-0.5612
2026-07-21T16:18:01.329,28.4661,-1.0018,-0.5612
2026-07-21T16:18:01.361,28.4661,-1.0409,-0.5416
2026-07-21T16:18:01.361,28.4661,-1.0409,-0.522
2026-07-21T16:18:01.361,28.4661,-1.0605,-0.522
2026-07-21T16:18:01.361,28.4818,-1.0801,-0.5416
2026-07-21T16:18:01.377,28.4875,-1.0605,-0.4633
2026-07-21T16:18:01.408,28.5143,-1.0018,-0.5808
2026-07-21T16:18:01.408,28.5143,-1.1388,-0.5808
2026-07-21T16:18:01.408,28.5143,-1.0213,-0.5024
2026-07-21T16:18:01.408,28.5143,-1.0409,-0.4633
2026-07-21T16:18:01.430,28.5299,-1.0018,-0.4829
2026-07-21T16:18:01.457,28.5627,-1.1192,-0.5024
2026-07-21T16:18:01.457,28.5627,-1.0018,-0.5416
2026-07-21T16:18:01.457,28.5773,-1.0409,-0.5416
2026-07-21T16:18:01.457,28.5773,-0.943,-0.5416
2026-07-21T16:18:01.472,28.6105,-1.0409,-0.5808
2026-07-21T16:18:01.488,28.6245,-1.0605,-0.522
2026-07-21T16:18:01.505,28.6245,-1.1388,-0.522
2026-07-21T16:18:01.505,28.6245,-1.0605,-0.5612
2026-07-21T16:18:01.519,28.6298,-1.0997,-0.5024
2026-07-21T16:18:01.519,28.6298,-1.0605,-0.5612
2026-07-21T16:18:01.553,28.6564,-1.0409,-0.5416
2026-07-21T16:18:01.553,28.6722,-1.0213,-0.5416
2026-07-21T16:18:01.553,28.6722,-1.0997,-0.5024
2026-07-21T16:18:01.567,28.6722,-1.0801,-0.4829
2026-07-21T16:18:01.582,28.704,-1.0605,-0.4241
2026-07-21T16:18:01.599,28.7197,-1.0213,-0.5612
2026-07-21T16:18:01.599,28.7197,-1.0409,-0.5024
2026-07-21T16:18:01.599,28.7197,-1.0213,-0.5024
2026-07-21T16:18:01.614,28.7197,-1.0213,-0.5416
2026-07-21T16:18:01.631,28.7512,-1.0605,-0.5024
2026-07-21T16:18:01.646,28.7669,-1.0213,-0.4829
2026-07-21T16:18:01.646,28.7669,-1.0409,-0.5024
2026-07-21T16:18:01.646,28.7669,-1.0997,-0.5416
2026-07-21T16:18:01.662,28.7669,-1.0213,-0.5612
2026-07-21T16:18:01.678,28.7986,-1.0213,-0.5024
2026-07-21T16:18:01.693,28.7986,-1.0801,-0.5416
2026-07-21T16:18:01.693,28.8143,-1.0605,-0.522
2026-07-21T16:18:01.709,28.8143,-1.0605,-0.522
2026-07-21T16:18:01.709,28.8143,-1.0605,-0.5416
2026-07-21T16:18:01.731,28.8615,-1.0801,-0.4633
2026-07-21T16:18:01.741,28.8615,-0.9822,-0.5416
2026-07-21T16:18:01.741,28.8615,-0.9038,-0.4829
2026-07-21T16:18:01.756,28.8615,-1.0997,-0.5024
2026-07-21T16:18:01.756,28.8615,-1.0213,-0.522
2026-07-21T16:18:01.788,28.9101,-1.0997,-0.4633
2026-07-21T16:18:01.788,28.9107,-1.0997,-0.4633
2026-07-21T16:18:01.788,28.9107,-1.0409,-0.522
2026-07-21T16:18:01.804,28.9107,-1.0605,-0.5024
2026-07-21T16:18:01.804,28.9399,-1.1388,-0.5416
2026-07-21T16:18:01.847,28.9556,-1.0018,-0.4633
2026-07-21T16:18:01.847,28.9556,-1.0997,-0.522
2026-07-21T16:18:01.852,28.9556,-1.0801,-0.522
2026-07-21T16:18:01.853,28.9556,-1.0801,-0.5024
2026-07-21T16:18:01.882,29.0034,-1.0213,-0.522
2026-07-21T16:18:01.882,29.0034,-1.0213,-0.5612
2026-07-21T16:18:01.882,29.0034,-1.0997,-0.522
2026-07-21T16:18:01.898,29.0034,-1.0213,-0.5612
2026-07-21T16:18:01.898,29.0034,-0.9822,-0.6003
2026-07-21T16:18:01.914,29.0352,-1.0997,-0.522
2026-07-21T16:18:01.932,29.0519,-0.943,-0.5024
2026-07-21T16:18:01.932,29.0519,-1.0801,-0.5024
2026-07-21T16:18:01.946,29.0519,-1.0605,-0.5024
2026-07-21T16:18:01.962,29.0903,-1.0605,-0.5808
2026-07-21T16:18:01.977,29.0903,-1.0801,-0.522
2026-07-21T16:18:01.977,29.0903,-1.0997,-0.5416
2026-07-21T16:18:01.977,29.0984,-1.0605,-0.4829
2026-07-21T16:18:01.994,29.0984,-1.0605,-0.5024
2026-07-21T16:18:02.025,29.1304,-1.0409,-0.5416
2026-07-21T16:18:02.032,29.1304,-1.1388,-0.522
2026-07-21T16:18:02.032,29.1304,-0.9822,-0.385
2026-07-21T16:18:02.032,29.1304,-1.0801,-0.6003
2026-07-21T16:18:02.041,29.1621,-1.1192,-0.5024
2026-07-21T16:18:02.073,29.1778,-1.0409,-0.5024
2026-07-21T16:18:02.073,29.1778,-1.0018,-0.5416
2026-07-21T16:18:02.073,29.1778,-1.0997,-0.4633
2026-07-21T16:18:02.088,29.2094,-1.0409,-0.5416
2026-07-21T16:18:02.104,29.2254,-1.0409,-0.6199
2026-07-21T16:18:02.104,29.2254,-1.0409,-0.522
2026-07-21T16:18:02.120,29.2306,-1.0213,-0.522
2026-07-21T16:18:02.120,29.2306,-1.0213,-0.4633
2026-07-21T16:18:02.138,29.2569,-1.0997,-0.5416
2026-07-21T16:18:02.152,29.2569,-1.0801,-0.522
2026-07-21T16:18:02.152,29.2569,-1.0213,-0.4633
2026-07-21T16:18:02.168,29.2727,-1.0213,-0.5612
2026-07-21T16:18:02.183,29.305,-1.0997,-0.5612
2026-07-21T16:18:02.199,29.305,-1.0801,-0.4829
2026-07-21T16:18:02.199,29.305,-1.0605,-0.5416
2026-07-21T16:18:02.199,29.305,-1.0605,-0.4829
2026-07-21T16:18:02.215,29.3206,-1.0997,-0.5024
2026-07-21T16:18:02.247,29.3534,-0.9822,-0.4829
2026-07-21T16:18:02.247,29.3534,-1.0801,-0.6003
2026-07-21T16:18:02.247,29.3534,-0.9822,-0.5024
2026-07-21T16:18:02.247,29.3534,-1.0605,-0.5024
2026-07-21T16:18:02.295,29.4001,-1.0213,-0.522
2026-07-21T16:18:02.295,29.4001,-1.0605,-0.522
2026-07-21T16:18:02.295,29.4001,-1.0409,-0.4829
2026-07-21T16:18:02.296,29.4001,-1.0213,-0.5416
2026-07-21T16:18:02.313,29.432,-1.0213,-0.4633
2026-07-21T16:18:02.313,29.432,-1.0409,-0.5416
2026-07-21T16:18:02.334,29.432,-0.9822,-0.5612
2026-07-21T16:18:02.334,29.432,-1.0801,-0.5612
2026-07-21T16:18:02.342,29.4487,-1.0018,-0.4045
2026-07-21T16:18:02.374,29.4796,-1.0409,-0.4633
2026-07-21T16:18:02.374,29.4796,-1.0605,-0.4829
2026-07-21T16:18:02.374,29.4796,-1.0801,-0.4633
2026-07-21T16:18:02.391,29.4918,-1.0018,-0.5612
2026-07-21T16:18:02.422,29.531,-1.0213,-0.4241
2026-07-21T16:18:02.422,29.531,-1.0605,-0.5024
2026-07-21T16:18:02.422,29.531,-1.0801,-0.522
2026-07-21T16:18:02.422,29.531,-1.0409,-0.4437
2026-07-21T16:18:02.438,29.5752,-1.0997,-0.5416
2026-07-21T16:18:02.438,29.5752,-1.0213,-0.5024
2026-07-21T16:18:02.473,29.5752,-1.0605,-0.6003
2026-07-21T16:18:02.473,29.5752,-1.0213,-0.522
2026-07-21T16:18:02.473,29.5752,-1.0409,-0.522
2026-07-21T16:18:02.485,29.6059,-1.0605,-0.5612
2026-07-21T16:18:02.485,29.6216,-1.0801,-0.4437
2026-07-21T16:18:02.516,29.6231,-1.0801,-0.4241
2026-07-21T16:18:02.517,29.6231,-1.0605,-0.5024
2026-07-21T16:18:02.517,29.6231,-1.0801,-0.5612
2026-07-21T16:18:02.535,29.6536,-1.0801,-0.4829
2026-07-21T16:18:02.548,29.6536,-1.0213,-0.5024
2026-07-21T16:18:02.548,29.6536,-1.0605,-0.522
2026-07-21T16:18:02.565,29.6704,-1.1584,-0.5024
2026-07-21T16:18:02.580,29.7011,-1.0409,-0.522
2026-07-21T16:18:02.596,29.7011,-0.9822,-0.5024
2026-07-21T16:18:02.596,29.7011,-1.0997,-0.522
2026-07-21T16:18:02.612,29.7011,-1.0213,-0.5024
2026-07-21T16:18:02.613,29.733,-1.0801,-0.5416
2026-07-21T16:18:02.643,29.733,-1.0997,-0.522
2026-07-21T16:18:02.643,29.733,-1.0605,-0.4829
2026-07-21T16:18:02.643,29.7487,-1.0605,-0.4633
2026-07-21T16:18:02.675,29.7802,-1.0605,-0.5808
2026-07-21T16:18:02.675,29.7802,-1.0801,-0.4633
2026-07-21T16:18:02.675,29.7802,-1.0213,-0.5024
2026-07-21T16:18:02.691,29.7802,-0.943,-0.522
2026-07-21T16:18:02.691,29.8116,-1.0801,-0.5024
2026-07-21T16:18:02.722,29.8273,-1.0213,-0.4829
2026-07-21T16:18:02.722,29.8273,-1.0605,-0.5024
2026-07-21T16:18:02.722,29.8315,-1.0997,-0.4829
2026-07-21T16:18:02.754,29.8588,-1.0018,-0.5612
2026-07-21T16:18:02.754,29.8588,-1.0605,-0.5024
2026-07-21T16:18:02.754,29.8588,-1.0409,-0.5024
2026-07-21T16:18:02.770,29.8588,-1.0409,-0.5416
2026-07-21T16:18:02.785,29.9059,-1.0801,-0.522
2026-07-21T16:18:02.801,29.9059,-1.0409,-0.4437
2026-07-21T16:18:02.801,29.9059,-1.0605,-0.4829
2026-07-21T16:18:02.801,29.9059,-1.0801,-0.4633
2026-07-21T16:18:02.817,29.9378,-1.0605,-0.522
2026-07-21T16:18:02.848,29.9378,-1.0605,-0.522
2026-07-21T16:18:02.848,29.9378,-1.0605,-0.522
2026-07-21T16:18:02.848,29.9535,-1.0605,-0.5024
2026-07-21T16:18:02.848,29.9535,-1.1388,-0.4829
2026-07-21T16:18:02.880,29.9938,-1.0213,-0.4437
2026-07-21T16:18:02.880,29.9938,-1.0409,-0.4241
2026-07-21T16:18:02.880,29.9938,-1.0605,-0.522
2026-07-21T16:18:02.896,30.0008,-1.0605,-0.5416
2026-07-21T16:18:02.911,30.0327,-1.0605,-0.5416
2026-07-21T16:18:02.927,30.0327,-1.1584,-0.5024
2026-07-21T16:18:02.936,30.0327,-1.0801,-0.4633
2026-07-21T16:18:02.936,30.0484,-1.0409,-0.5416
2026-07-21T16:18:02.943,30.0494,-1.0409,-0.5416
2026-07-21T16:18:02.960,30.0813,-1.0997,-0.5024
2026-07-21T16:18:02.975,30.0813,-1.0801,-0.4437
2026-07-21T16:18:02.975,30.0813,-1.0605,-0.5416
2026-07-21T16:18:02.991,30.0961,-1.0801,-0.5416
2026-07-21T16:18:03.007,30.1316,-1.0801,-0.5024
2026-07-21T16:18:03.007,30.1316,-1.0018,-0.4633
2026-07-21T16:18:03.023,30.1316,-1.0997,-0.5416
2026-07-21T16:18:03.023,30.1316,-1.0409,-0.4437
2026-07-21T16:18:03.038,30.1432,-1.0018,-0.5612
2026-07-21T16:18:03.054,30.1762,-1.1584,-0.4633
2026-07-21T16:18:03.074,30.1762,-1.3934,-0.7374
2026-07-21T16:18:03.074,30.1762,-1.4325,-1.0115
2026-07-21T16:18:03.085,30.1949,-1.3738,-1.0311
2026-07-21T16:18:03.085,30.2318,-1.178,-0.9332
2026-07-21T16:18:03.101,30.2318,-1.0801,-0.9528
2026-07-21T16:18:03.118,30.2384,-1.2563,-1.0899
2026-07-21T16:18:03.118,30.2384,-1.0997,0.2808
2026-07-21T16:18:03.118,30.2541,0.7214,4.1382
2026-07-21T16:18:03.137,30.2708,3.071,7.7606
2026-07-21T16:18:03.165,30.3183,5.1858,11.6376
2026-07-21T16:18:03.165,30.3183,7.1243,16.6503
2026-07-21T16:18:03.165,30.3183,8.6711,21.6826
2026-07-21T16:18:03.181,30.3351,10.7467,27.498
2026-07-21T16:18:03.181,30.3501,13.4488,33.9793
2026-07-21T16:18:03.199,30.3501,15.7202,39.9514
2026-07-21T16:18:03.213,30.3501,17.4825,46.0606
2026-07-21T16:18:03.216,30.3658,19.5385,50.2705
2026-07-21T16:18:03.245,30.3984,21.6923,53.8146
2026-07-21T16:18:03.245,30.3984,23.3371,57.1042
2026-07-21T16:18:03.245,30.4135,24.7665,60.0217
2026-07-21T16:18:03.260,30.4135,26.0784,62.2343
2026-07-21T16:18:03.277,30.4135,27.2533,63.9966
2026-07-21T16:18:03.292,30.4135,28.2323,65.2106
2026-07-21T16:18:03.292,30.4135,29.3093,66.4833
2026-07-21T16:18:03.292,30.4319,30.1904,67.5799
2026-07-21T16:18:03.308,30.4319,31.052,68.4218
2026-07-21T16:18:03.340,30.4777,31.5806,69.3225
2026-07-21T16:18:03.340,30.4777,32.1093,70.0275
2026-07-21T16:18:03.341,30.4777,32.3443,70.9086
2026-07-21T16:18:03.356,30.4959,32.6576,71.496
2026-07-21T16:18:03.356,30.4959,32.6967,71.496
2026-07-21T16:18:03.371,30.4959,32.6772,70.8694
2026-07-21T16:18:03.374,30.4959,32.5793,70.8694
2026-07-21T16:18:03.387,30.5084,32.6772,71.0457
2026-07-21T16:18:03.387,30.5399,32.8534,71.3002
2026-07-21T16:18:03.420,30.5557,33.1863,71.5548
2026-07-21T16:18:03.420,30.5557,33.3429,71.3198
2026-07-21T16:18:03.435,30.5557,33.3037,71.0065
2026-07-21T16:18:03.438,30.5557,33.2254,71.1436
2026-07-21T16:18:03.451,30.5714,33.2646,71.3198
2026-07-21T16:18:03.451,30.6032,33.3037,71.261
2026-07-21T16:18:03.466,30.619,33.2646,70.7715
2026-07-21T16:18:03.482,30.619,33.0492,70.3212
2026-07-21T16:18:03.482,30.619,32.7555,69.9883
2026-07-21T16:18:03.498,30.6347,32.7555,70.1254
2026-07-21T16:18:03.498,30.6364,32.7359,70.2624
2026-07-21T16:18:03.514,30.6364,32.873,70.5953
2026-07-21T16:18:03.538,30.6664,32.8925,70.3799
2026-07-21T16:18:03.545,30.6664,32.873,69.9883
2026-07-21T16:18:03.545,30.6664,32.9709,69.7533
2026-07-21T16:18:03.561,30.6822,32.873,69.9687
2026-07-21T16:18:03.561,30.6822,32.6772,70.4191
2026-07-21T16:18:03.579,30.6983,32.6967,70.7911
2026-07-21T16:18:03.609,30.7321,32.7163,71.124
2026-07-21T16:18:03.609,30.7321,32.7359,71.4373
2026-07-21T16:18:03.609,30.7321,32.7555,71.3589
2026-07-21T16:18:03.609,30.7461,32.8338,71.0652
2026-07-21T16:18:03.624,30.7461,32.7751,70.8107
2026-07-21T16:18:03.641,30.7461,32.6576,70.7128
2026-07-21T16:18:03.641,30.7934,32.5793,70.7128
2026-07-21T16:18:03.674,30.7969,32.4618,70.8303
2026-07-21T16:18:03.674,30.7969,32.4226,70.654
2026-07-21T16:18:03.674,30.7969,32.5009,70.5366
2026-07-21T16:18:03.688,30.7969,32.4813,70.3212
2026-07-21T16:18:03.688,30.8095,32.5401,70.2428
2026-07-21T16:18:03.720,30.8414,32.5988,70.282
2026-07-21T16:18:03.720,30.8414,32.6772,70.1841
2026-07-21T16:18:03.720,30.8414,32.638,69.91
2026-07-21T16:18:03.739,30.8571,32.3834,69.5379
2026-07-21T16:18:03.752,30.8571,32.1681,69.0484
2026-07-21T16:18:03.752,30.8571,32.0702,68.833
2026-07-21T16:18:03.767,30.9002,32.1093,68.5785
2026-07-21T16:18:03.784,30.9048,32.0506,68.0498
2026-07-21T16:18:03.784,30.9048,32.0506,67.4232
2026-07-21T16:18:03.799,30.9048,31.9722,66.777
2026-07-21T16:18:03.799,30.9205,31.8352,66.1309
2026-07-21T16:18:03.831,30.9529,31.7764,65.8176
2026-07-21T16:18:03.831,30.9529,31.6981,65.6218
2026-07-21T16:18:03.841,30.9529,31.7569,65.5043
2026-07-21T16:18:03.847,30.9529,31.7177,65.3281
2026-07-21T16:18:03.847,30.9679,31.6394,65.0539
2026-07-21T16:18:03.878,30.9994,31.659,64.8386
2026-07-21T16:18:03.878,30.9994,31.6981,64.6623
2026-07-21T16:18:03.878,31.0151,31.796,64.6819
2026-07-21T16:18:03.895,31.0151,31.796,64.6427
2026-07-21T16:18:03.910,31.0308,31.7569,64.3686
2026-07-21T16:18:03.910,31.0629,31.6002,63.9378
2026-07-21T16:18:03.942,31.0629,31.4044,63.5462
2026-07-21T16:18:03.942,31.0629,31.4631,63.3113
2026-07-21T16:18:03.942,31.0629,31.2869,62.7826
2026-07-21T16:18:03.957,31.0797,31.0911,62.0385
2026-07-21T16:18:03.975,31.0797,31.052,60.9224
2026-07-21T16:18:03.990,31.1115,30.7191,59.8846
2026-07-21T16:18:03.990,31.1115,30.6016,59.5713
2026-07-21T16:18:04.005,31.1266,30.7387,59.9042
2026-07-21T16:18:04.005,31.1327,30.7778,60.1
2026-07-21T16:18:04.022,31.1327,30.7974,60.2175
2026-07-21T16:18:04.022,31.1427,30.817,60.1979
2026-07-21T16:18:04.054,31.1742,30.954,60.1979
2026-07-21T16:18:04.054,31.1742,30.8953,60.0413
2026-07-21T16:18:04.054,31.1742,30.8366,60.0804
2026-07-21T16:18:04.069,31.1742,30.7778,59.9434
2026-07-21T16:18:04.075,31.19,30.7778,60.0608
2026-07-21T16:18:04.101,31.2216,30.7778,60.1
2026-07-21T16:18:04.116,31.2327,30.817,60.1
2026-07-21T16:18:04.116,31.2327,30.954,60.0804
2026-07-21T16:18:04.116,31.2373,30.9149,60.0804
2026-07-21T16:18:04.132,31.2469,30.8953,59.6888
2026-07-21T16:18:04.140,31.2469,30.8561,59.3168
2026-07-21T16:18:04.151,31.2692,30.6799,59.3168
2026-07-21T16:18:04.164,31.2692,30.5429,59.7476
2026-07-21T16:18:04.164,31.285,30.4645,60.0608
2026-07-21T16:18:04.179,31.285,30.4841,60.0217
2026-07-21T16:18:04.189,31.3006,30.4449,59.6888
2026-07-21T16:18:04.196,31.3331,30.4841,59.1797
2026-07-21T16:18:04.211,31.3331,30.4058,58.9839
2026-07-21T16:18:04.211,31.3331,30.2883,59.258
2026-07-21T16:18:04.227,31.3331,30.21,59.1797
2026-07-21T16:18:04.243,31.3482,30.1512,58.8664
2026-07-21T16:18:04.259,31.3801,30.0338,58.3573
2026-07-21T16:18:04.259,31.3801,30.1317,57.8678
2026-07-21T16:18:04.259,31.3801,30.0533,57.6133
2026-07-21T16:18:04.275,31.3959,29.975,57.672
2026-07-21T16:18:04.290,31.399,29.9946,57.9461
2026-07-21T16:18:04.290,31.4326,30.0338,58.1615
2026-07-21T16:18:04.322,31.4437,30.0925,58.1028
2026-07-21T16:18:04.322,31.4437,30.1121,57.9461
2026-07-21T16:18:04.322,31.4437,30.2296,57.9265
2026-07-21T16:18:04.341,31.4595,30.3275,58.2007
2026-07-21T16:18:04.341,31.4595,30.2491,58.4552
2026-07-21T16:18:04.375,31.4991,30.1512,58.6119
2026-07-21T16:18:04.375,31.4991,30.0338,58.6119
2026-07-21T16:18:04.386,31.5077,29.9946,58.5923
2026-07-21T16:18:04.386,31.5077,30.0142,58.6315
2026-07-21T16:18:04.402,31.5077,30.0729,58.7881
2026-07-21T16:18:04.402,31.5227,30.0729,58.9447
2026-07-21T16:18:04.433,31.5541,30.0925,58.9839
2026-07-21T16:18:04.433,31.5541,30.2491,58.886
2026-07-21T16:18:04.433,31.5541,30.21,58.8664
2026-07-21T16:18:04.450,31.5698,30.1708,58.6706
2026-07-21T16:18:04.450,31.5698,30.1708,58.6119
2026-07-21T16:18:04.481,31.6027,30.0729,58.5531
2026-07-21T16:18:04.481,31.6027,29.8967,58.3769
2026-07-21T16:18:04.481,31.6027,29.7596,58.0049
2026-07-21T16:18:04.496,31.6172,29.603,57.5937
2026-07-21T16:18:04.512,31.6172,29.368,57.1825
2026-07-21T16:18:04.512,31.6328,29.0547,56.7321
2026-07-21T16:18:04.528,31.6645,28.9372,56.086
2026-07-21T16:18:04.545,31.6645,28.6044,55.5573
2026-07-21T16:18:04.545,31.6645,28.3694,55.4006
2026-07-21T16:18:04.559,31.6806,28.389,55.6748
2026-07-21T16:18:04.559,31.6806,28.3302,55.9293
2026-07-21T16:18:04.575,31.6963,28.2323,56.0664
2026-07-21T16:18:04.592,31.7125,28.2323,55.9881
2026-07-21T16:18:04.607,31.7292,28.2911,55.6356
2026-07-21T16:18:04.607,31.7328,28.2715,55.244
2026-07-21T16:18:04.607,31.7328,28.154,54.8132
2026-07-21T16:18:04.623,31.7443,27.9974,54.3628
2026-07-21T16:18:04.639,31.7443,27.8603,54.0691
2026-07-21T16:18:04.642,31.7758,27.8407,54.0496
2026-07-21T16:18:04.655,31.7758,27.8407,54.1083
2026-07-21T16:18:04.671,31.7758,27.7428,54.1279
2026-07-21T16:18:04.675,31.7915,27.7036,54.2258
2026-07-21T16:18:04.686,31.8002,27.7624,54.3824
2026-07-21T16:18:04.718,31.8328,27.8015,54.2062
2026-07-21T16:18:04.718,31.8328,27.8995,54.2649
2026-07-21T16:18:04.718,31.8328,28.1148,54.3237
2026-07-21T16:18:04.718,31.8389,28.1736,54.4999
2026-07-21T16:18:04.742,31.8389,28.1736,54.637
2026-07-21T16:18:04.768,31.8703,28.2127,54.7153
2026-07-21T16:18:04.768,31.8861,28.1736,54.637
2026-07-21T16:18:04.768,31.8861,28.154,54.3824
2026-07-21T16:18:04.781,31.8881,28.2519,54.2649
2026-07-21T16:18:04.781,31.8997,28.3302,54.4999
2026-07-21T16:18:04.797,31.9328,28.4477,54.9307
2026-07-21T16:18:04.812,31.9328,28.5652,55.4985
2026-07-21T16:18:04.812,31.9328,28.7218,55.8901
2026-07-21T16:18:04.830,31.9328,28.8981,55.7922
2026-07-21T16:18:04.841,31.9328,29.0351,55.4202
2026-07-21T16:18:04.855,31.98,29.0743,55.1069
2026-07-21T16:18:04.859,31.98,29.2309,54.9699
2026-07-21T16:18:04.859,31.98,29.368,55.2244
2026-07-21T16:18:04.875,31.9958,29.5247,55.5964
2026-07-21T16:18:04.891,32.0014,29.603,56.0468
2026-07-21T16:18:04.906,32.0329,29.6421,56.2426
2026-07-21T16:18:04.906,32.0329,29.7009,56.1251
2026-07-21T16:18:04.922,32.0434,29.74,55.7922
2026-07-21T16:18:04.922,32.0434,29.74,55.7335
2026-07-21T16:18:04.944,32.0434,29.8184,55.9685
2026-07-21T16:18:04.944,32.091,29.8184,56.2818
2026-07-21T16:18:04.975,32.091,29.8184,56.2622
2026-07-21T16:18:04.975,32.091,29.7596,56.0468
2026-07-21T16:18:04.975,32.091,29.8967,55.8706
2026-07-21T16:18:04.986,32.1016,29.8575,55.6748
2026-07-21T16:18:05.001,32.1077,29.7988,55.6748
2026-07-21T16:18:05.018,32.1548,29.8379,55.5573
2026-07-21T16:18:05.018,32.1548,29.7596,55.381
2026-07-21T16:18:05.033,32.1548,29.6421,55.4202
2026-07-21T16:18:05.033,32.1548,29.74,55.479
2026-07-21T16:18:05.050,32.1705,29.6617,55.4985
2026-07-21T16:18:05.050,32.2019,29.5638,55.5181
2026-07-21T16:18:05.081,32.2019,29.5442,55.381
2026-07-21T16:18:05.081,32.2019,29.4463,55.1069
2026-07-21T16:18:05.081,32.2019,29.3876,54.8524
2026-07-21T16:18:05.097,32.2176,29.5247,54.8328
2026-07-21T16:18:05.113,32.2176,29.5247,54.9894
2026-07-21T16:18:05.113,32.249,29.4855,55.244
2026-07-21T16:18:05.144,32.2648,29.4463,55.479
2026-07-21T16:18:05.144,32.2648,29.4267,55.4398
2026-07-21T16:18:05.144,32.2648,29.3876,54.9894
2026-07-21T16:18:05.160,32.2805,29.3093,54.6957
2026-07-21T16:18:05.160,32.2805,29.3876,54.5391
2026-07-21T16:18:05.191,32.3278,29.4855,54.7349
2026-07-21T16:18:05.191,32.3278,29.2897,55.0873
2026-07-21T16:18:05.191,32.3278,29.3093,55.381
2026-07-21T16:18:05.207,32.3334,29.3484,55.4006
2026-07-21T16:18:05.223,32.3334,29.368,55.2244
2026-07-21T16:18:05.223,32.3445,29.4267,54.8328
2026-07-21T16:18:05.254,32.3752,29.5638,54.4803
2026-07-21T16:18:05.254,32.3752,29.603,54.4216
2026-07-21T16:18:05.254,32.3752,29.5051,54.7153
2026-07-21T16:18:05.270,32.392,29.4855,54.8719
2026-07-21T16:18:05.276,32.392,29.3093,54.9111
2026-07-21T16:18:05.287,32.4026,29.1918,54.8328
2026-07-21T16:18:05.302,32.4401,29.3876,54.8915
2026-07-21T16:18:05.317,32.4401,29.5638,54.7153
2026-07-21T16:18:05.317,32.4401,29.4855,54.4803
2026-07-21T16:18:05.334,32.4401,29.3093,53.9125
2026-07-21T16:18:05.334,32.4552,29.1526,53.423
2026-07-21T16:18:05.349,32.4865,29.0156,53.2859
2026-07-21T16:18:05.365,32.4865,29.0743,53.423
2026-07-21T16:18:05.365,32.4865,28.9764,53.5992
2026-07-21T16:18:05.382,32.5024,28.9176,53.6971
2026-07-21T16:18:05.382,32.503,28.7806,53.6384
2026-07-21T16:18:05.397,32.503,28.8393,53.2663
2026-07-21T16:18:05.413,32.5353,28.8197,52.9335
2026-07-21T16:18:05.429,32.5353,28.8589,52.7768
2026-07-21T16:18:05.429,32.5353,28.9568,52.6789
2026-07-21T16:18:05.429,32.5498,28.8785,52.5614
2026-07-21T16:18:05.445,32.5498,28.7023,52.581
2026-07-21T16:18:05.461,32.5971,28.6827,52.5027
2026-07-21T16:18:05.477,32.5971,28.6631,52.6202
2026-07-21T16:18:05.477,32.6032,28.761,52.6985
2026-07-21T16:18:05.492,32.6032,28.8002,52.8355
2026-07-21T16:18:05.492,32.6142,28.9176,52.7376
2026-07-21T16:18:05.508,32.6449,28.9176,52.5223
2026-07-21T16:18:05.524,32.6449,28.8197,52.3852
2026-07-21T16:18:05.524,32.6449,28.7414,52.4635
2026-07-21T16:18:05.539,32.6619,28.7023,52.5223
2026-07-21T16:18:05.545,32.67,28.6239,52.581
2026-07-21T16:18:05.556,32.6773,28.8002,52.5223
2026-07-21T16:18:05.587,32.7082,28.9568,52.3656
2026-07-21T16:18:05.587,32.7082,28.996,52.5418
2026-07-21T16:18:05.587,32.7082,29.0743,52.6789
2026-07-21T16:18:05.612,32.7239,29.1135,52.8943
2026-07-21T16:18:05.612,32.7239,29.0351,53.2272
2026-07-21T16:18:05.619,32.7563,29.2505,53.2272
2026-07-21T16:18:05.646,32.7563,29.2701,53.1097
2026-07-21T16:18:05.646,32.7563,29.3093,53.0705
2026-07-21T16:18:05.650,32.7713,29.4463,53.6188
2026-07-21T16:18:05.650,32.7713,29.5051,54.0691
2026-07-21T16:18:05.666,32.7713,29.5638,54.5782
2026-07-21T16:18:05.682,32.8039,29.6813,54.8915
2026-07-21T16:18:05.698,32.8039,29.9163,54.9503
2026-07-21T16:18:05.698,32.8039,30.0142,54.6957
2026-07-21T16:18:05.714,32.8189,29.9946,54.2845
2026-07-21T16:18:05.714,32.8189,30.0729,54.03
2026-07-21T16:18:05.729,32.8665,30.0925,53.9517
2026-07-21T16:18:05.746,32.8665,29.8575,54.0887
2026-07-21T16:18:05.746,32.8665,29.8771,54.167
2026-07-21T16:18:05.761,32.8822,29.8771,54.402
2026-07-21T16:18:05.761,32.8822,29.8184,54.3628
2026-07-21T16:18:05.793,32.9146,29.9358,54.1083
2026-07-21T16:18:05.793,32.9146,30.0729,53.7754
2026-07-21T16:18:05.793,32.9146,29.9946,53.5013
2026-07-21T16:18:05.809,32.9302,29.975,53.7167
2026-07-21T16:18:05.824,32.9343,29.8575,53.9321
2026-07-21T16:18:05.824,32.9343,29.8967,54.167
2026-07-21T16:18:05.840,32.9778,29.8575,54.3433
2026-07-21T16:18:05.857,32.9778,29.9358,54.3041
2026-07-21T16:18:05.857,32.9778,29.9554,54.2258
2026-07-21T16:18:05.872,32.9935,29.8575,54.402
2026-07-21T16:18:05.876,32.9935,29.8967,54.774
2026-07-21T16:18:05.888,33.0408,29.8379,55.4985
2026-07-21T16:18:05.904,33.0408,29.7205,55.7335
2026-07-21T16:18:05.904,33.0408,29.7009,55.5769
2026-07-21T16:18:05.920,33.0408,29.6617,54.9111
2026-07-21T16:18:05.920,33.0565,29.6226,54.402
2026-07-21T16:18:05.936,33.0565,29.5834,54.4608
2026-07-21T16:18:05.947,33.0881,29.5247,54.8328
2026-07-21T16:18:05.967,33.1049,29.4072,55.0873
2026-07-21T16:18:05.976,33.1049,29.3876,55.2048
2026-07-21T16:18:05.983,33.1049,29.4855,54.9894
2026-07-21T16:18:05.983,33.1195,29.5247,54.4999
2026-07-21T16:18:05.999,33.1195,29.5247,54.3041
2026-07-21T16:18:05.999,33.1517,29.6421,54.5391
2026-07-21T16:18:06.014,33.169,29.6813,54.7153
2026-07-21T16:18:06.030,33.169,29.5051,54.7153
2026-07-21T16:18:06.030,33.169,29.4855,54.5782
2026-07-21T16:18:06.047,33.1836,29.4072,54.4999
2026-07-21T16:18:06.062,33.1836,29.368,54.4803
2026-07-21T16:18:06.062,33.2315,29.4659,54.5195
2026-07-21T16:18:06.094,33.2341,29.5638,54.5782
2026-07-21T16:18:06.094,33.2341,29.6421,54.637
2026-07-21T16:18:06.094,33.2341,29.7596,54.637
2026-07-21T16:18:06.111,33.2341,29.7009,54.8132
2026-07-21T16:18:06.126,33.2476,29.7988,55.1069
2026-07-21T16:18:06.126,33.2491,29.8575,55.3027
2026-07-21T16:18:06.147,33.2828,29.975,55.0678
2026-07-21T16:18:06.147,33.2959,29.9554,54.8132
2026-07-21T16:18:06.158,33.2959,29.9946,54.5391
2026-07-21T16:18:06.158,33.2959,30.0729,54.6957
2026-07-21T16:18:06.176,33.3055,30.0925,54.9307
2026-07-21T16:18:06.191,33.3116,30.0338,55.2636
2026-07-21T16:18:06.191,33.3116,29.9163,55.381
2026-07-21T16:18:06.225,33.3598,29.9163,55.244
2026-07-21T16:18:06.225,33.3598,29.9554,54.6761
2026-07-21T16:18:06.225,33.3598,29.9554,54.0496
2026-07-21T16:18:06.238,33.3598,30.0142,53.7754
2026-07-21T16:18:06.254,33.3748,30.0533,53.9125
2026-07-21T16:18:06.254,33.3748,29.9163,54.1475
2026-07-21T16:18:06.287,33.4057,29.8379,54.4608
2026-07-21T16:18:06.287,33.4057,29.8379,54.6566
2026-07-21T16:18:06.287,33.4214,29.7792,54.4608
2026-07-21T16:18:06.302,33.4224,29.8184,54.2258
2026-07-21T16:18:06.302,33.4375,29.8771,54.2062
2026-07-21T16:18:06.317,33.4375,29.9358,54.402
2026-07-21T16:18:06.333,33.47,29.8575,54.5782
2026-07-21T16:18:06.348,33.4856,29.8967,54.6957
2026-07-21T16:18:06.348,33.4856,29.8575,54.3824
2026-07-21T16:18:06.365,33.4856,29.7792,53.9712
2026-07-21T16:18:06.365,33.4856,29.74,53.5796
2026-07-21T16:18:06.380,33.5011,29.74,53.3446
2026-07-21T16:18:06.395,33.5342,29.6617,53.3446
2026-07-21T16:18:06.412,33.5484,29.6421,53.423
2026-07-21T16:18:06.412,33.5484,29.603,53.3251
2026-07-21T16:18:06.412,33.5484,29.4659,53.0118
2026-07-21T16:18:06.428,33.5484,29.4463,52.7572
2026-07-21T16:18:06.443,33.5652,29.4463,52.5223
2026-07-21T16:18:06.448,33.5652,29.3288,52.4831
2026-07-21T16:18:06.476,33.6067,29.2701,52.4439
2026-07-21T16:18:06.476,33.6118,29.1526,52.3656
2026-07-21T16:18:06.476,33.6118,29.2114,52.3656
2026-07-21T16:18:06.491,33.6118,29.2309,52.346
2026-07-21T16:18:06.491,33.6292,29.2701,52.2481
2026-07-21T16:18:06.507,33.6342,29.133,52.1502
2026-07-21T16:18:06.538,33.6754,28.9176,51.8957
2026-07-21T16:18:06.538,33.6754,28.8393,51.6607
2026-07-21T16:18:06.538,33.6754,28.7023,51.3082
2026-07-21T16:18:06.554,33.6754,28.6827,51.1908
2026-07-21T16:18:06.554,33.6754,28.7023,51.0145
2026-07-21T16:18:06.576,33.6912,28.7218,50.8971
2026-07-21T16:18:06.576,33.6912,28.7023,50.7991
2026-07-21T16:18:06.602,33.723,28.8002,50.9754
2026-07-21T16:18:06.602,33.723,28.6631,50.8383
2026-07-21T16:18:06.602,33.7387,28.6044,50.8971
2026-07-21T16:18:06.618,33.7387,28.4673,50.7404
2026-07-21T16:18:06.633,33.7387,28.5065,50.6817
2026-07-21T16:18:06.633,33.7869,28.4673,50.76
2026-07-21T16:18:06.665,33.7869,28.526,50.7404
2026-07-21T16:18:06.665,33.7869,28.6239,50.8187
2026-07-21T16:18:06.665,33.7869,28.5848,50.9558
2026-07-21T16:18:06.681,33.802,28.4477,51.2495
2026-07-21T16:18:06.681,33.8076,28.4869,51.6411
2026-07-21T16:18:06.712,33.8344,28.3498,51.8173
2026-07-21T16:18:06.712,33.8344,28.2715,51.8173
2026-07-21T16:18:06.712,33.8495,28.3498,51.6215
2026-07-21T16:18:06.729,33.8495,28.3498,51.3278
2026-07-21T16:18:06.744,33.8495,28.3106,51.4257
2026-07-21T16:18:06.750,33.8495,28.1344,51.7194
2026-07-21T16:18:06.777,33.9013,28.0757,51.8761
2026-07-21T16:18:06.777,33.9013,27.9582,51.8761
2026-07-21T16:18:06.777,33.9013,27.8407,51.7194
2026-07-21T16:18:06.792,33.9079,28.0169,51.4257
2026-07-21T16:18:06.792,33.9124,28.0365,51.1908
2026-07-21T16:18:06.807,33.9124,28.0169,51.2887
2026-07-21T16:18:06.823,33.9453,28.0365,51.5041
2026-07-21T16:18:06.823,33.9453,27.8995,51.7194
2026-07-21T16:18:06.843,33.9453,27.782,51.8369
2026-07-21T16:18:06.850,33.9599,27.8603,51.8369
2026-07-21T16:18:06.870,33.9914,27.9386,51.6999
2026-07-21T16:18:06.870,33.9914,28.0757,51.4062
2026-07-21T16:18:06.887,34.0081,28.0757,51.2887
2026-07-21T16:18:06.887,34.0081,28.0561,51.2299
2026-07-21T16:18:06.902,34.0081,28.0561,51.4649
2026-07-21T16:18:06.918,34.0546,28.0365,51.6999
2026-07-21T16:18:06.918,34.0546,28.0169,51.8565
2026-07-21T16:18:06.934,34.0546,27.9974,51.7978
2026-07-21T16:18:06.934,34.0703,27.9582,51.4649
2026-07-21T16:18:06.950,34.0703,28.0169,51.0341
2026-07-21T16:18:06.964,34.0703,28.0757,50.8579
2026-07-21T16:18:06.965,34.1176,27.9778,50.8775
2026-07-21T16:18:06.997,34.1176,27.9582,51.0733
2026-07-21T16:18:06.997,34.1176,27.8603,51.3082
2026-07-21T16:18:06.997,34.1176,27.7624,51.5628
2026-07-21T16:18:07.013,34.1348,27.782,51.5041
2026-07-21T16:18:07.013,34.1348,27.7428,51.0733
2026-07-21T16:18:07.028,34.1661,27.6841,50.5838
2026-07-21T16:18:07.044,34.1812,27.7036,50.6621
2026-07-21T16:18:07.051,34.1812,27.6253,50.8775
2026-07-21T16:18:07.060,34.1812,27.547,51.2299
2026-07-21T16:18:07.060,34.198,27.4491,51.3866
2026-07-21T16:18:07.077,34.198,27.4883,51.2103
2026-07-21T16:18:07.108,34.235,27.4099,50.7796
2026-07-21T16:18:07.108,34.244,27.4099,50.4271
2026-07-21T16:18:07.108,34.244,27.4295,50.2313
2026-07-21T16:18:07.123,34.244,27.3904,50.2313
2026-07-21T16:18:07.140,34.2597,27.312,50.2313
2026-07-21T16:18:07.140,34.2597,27.2729,50.0159
2026-07-21T16:18:07.155,34.2923,27.2337,49.8005
2026-07-21T16:18:07.155,34.3094,27.175,49.4872
2026-07-21T16:18:07.177,34.3094,27.0966,49.2718
2026-07-21T16:18:07.177,34.3094,27.1162,48.9586
2026-07-21T16:18:07.186,34.3094,26.9792,48.704
2026-07-21T16:18:07.202,34.3235,26.8813,48.469
2026-07-21T16:18:07.202,34.3351,26.8421,48.3124
2026-07-21T16:18:07.234,34.3548,26.705,48.097
2026-07-21T16:18:07.234,34.3706,26.5484,47.9599
2026-07-21T16:18:07.234,34.3706,26.3917,47.7641
2026-07-21T16:18:07.252,34.3706,26.2351,47.4704
2026-07-21T16:18:07.252,34.3706,26.1372,47.4117
2026-07-21T16:18:07.266,34.3863,26.2351,47.4508
2026-07-21T16:18:07.297,34.4215,26.2155,47.6075
2026-07-21T16:18:07.297,34.4215,26.1763,47.8425
2026-07-21T16:18:07.297,34.4215,26.098,47.862
2026-07-21T16:18:07.313,34.4215,26.0589,47.7837
2026-07-21T16:18:07.313,34.4353,26.0001,47.5096
2026-07-21T16:18:07.328,34.4377,25.9414,47.255
2026-07-21T16:18:07.357,34.4752,26.0001,47.0592
2026-07-21T16:18:07.358,34.4764,26.0784,47.0788
2026-07-21T16:18:07.364,34.4832,26.0197,47.255
2026-07-21T16:18:07.364,34.4919,26.0393,47.3138
2026-07-21T16:18:07.390,34.5331,26.0589,47.2942
2026-07-21T16:18:07.406,34.5377,26.0197,47.2159
2026-07-21T16:18:07.406,34.5389,26.098,46.9417
2026-07-21T16:18:07.406,34.5426,26.0197,46.7655
2026-07-21T16:18:07.430,34.5488,25.8826,46.6872
2026-07-21T16:18:07.437,34.5488,25.9218,46.6872
2026-07-21T16:18:07.442,34.5584,25.8043,46.6284
2026-07-21T16:18:07.470,34.6004,25.7064,46.648
2026-07-21T16:18:07.471,34.601,25.7064,46.6284
2026-07-21T16:18:07.474,34.6054,25.7456,46.5893
2026-07-21T16:18:07.485,34.614,25.726,46.3739
2026-07-21T16:18:07.491,34.6233,25.7064,46.276
2026-07-21T16:18:07.501,34.6308,25.7064,46.1389
2026-07-21T16:18:07.532,34.6672,25.6281,46.041
2026-07-21T16:18:07.533,34.6672,25.4714,45.9235
2026-07-21T16:18:07.533,34.6672,25.3148,45.8061
2026-07-21T16:18:07.546,34.6829,25.0994,45.5515
2026-07-21T16:18:07.565,34.6844,24.8057,45.2578
2026-07-21T16:18:07.566,34.6844,24.6295,44.8662
2026-07-21T16:18:07.573,34.6969,24.3553,44.2788
2026-07-21T16:18:07.609,34.7355,24.0225,43.6718
2026-07-21T16:18:07.609,34.7355,24.0225,43.3389
2026-07-21T16:18:07.609,34.745,23.9246,43.3585
2026-07-21T16:18:07.609,34.745,23.9637,43.7109
2026-07-21T16:18:07.625,34.745,24.0029,44.0046
2026-07-21T16:18:07.627,34.7608,24.1204,44.1613
2026-07-21T16:18:07.643,34.7608,24.2378,44.1221
2026-07-21T16:18:07.661,34.8173,24.3358,44.3179
2026-07-21T16:18:07.678,34.8233,24.512,44.8858
2026-07-21T16:18:07.678,34.8245,24.5903,45.3361
2026-07-21T16:18:07.687,34.8245,24.5511,45.8061
2026-07-21T16:18:07.687,34.8245,24.6295,46.3543
2026-07-21T16:18:07.703,34.8373,24.8057,46.8243
2026-07-21T16:18:07.703,34.8747,25.119,47.4508
2026-07-21T16:18:07.747,34.8747,25.6281,48.1166
2026-07-21T16:18:07.747,34.8747,26.098,48.4103
2026-07-21T16:18:07.747,34.8851,26.2547,48.4103
2026-07-21T16:18:07.757,34.8862,26.333,48.1949
2026-07-21T16:18:07.766,34.8862,26.3526,48.469
2026-07-21T16:18:07.778,34.9042,26.1959,49.2523
2026-07-21T16:18:07.782,34.9077,26.0197,49.7026
2026-07-21T16:18:07.797,34.9564,26.1763,50.0942
2026-07-21T16:18:07.817,34.9564,26.6267,50.2117
2026-07-21T16:18:07.817,34.9639,26.9008,50.1334
2026-07-21T16:18:07.817,34.9639,27.175,49.9768
2026-07-21T16:18:07.828,34.9639,27.2337,49.8201
2026-07-21T16:18:07.845,34.9796,27.2141,49.9768
2026-07-21T16:18:07.855,34.9796,27.175,50.525
2026-07-21T16:18:07.894,35.0274,27.2729,50.9166
2026-07-21T16:18:07.894,35.0274,27.6645,51.3278
2026-07-21T16:18:07.895,35.0274,27.7624,51.2103
2026-07-21T16:18:07.895,35.036,27.9386,50.7796
2026-07-21T16:18:07.906,35.043,27.8603,50.5446
2026-07-21T16:18:07.906,35.043,27.782,50.6817
2026-07-21T16:18:07.922,35.043,27.8211,50.8579
2026-07-21T16:18:07.922,35.0588,27.782,51.0929
2026-07-21T16:18:07.954,35.0904,27.6645,51.0341
2026-07-21T16:18:07.954,35.0904,27.8799,50.9166
2026-07-21T16:18:07.954,35.0904,27.9778,50.5642
2026-07-21T16:18:07.978,35.0904,27.8015,50.1726
2026-07-21T16:18:07.978,35.1061,27.8407,50.153
2026-07-21T16:18:07.985,35.1123,27.8211,50.6425
2026-07-21T16:18:08.001,35.1123,27.7036,50.8579
2026-07-21T16:18:08.033,35.1545,27.6057,51.1124
2026-07-21T16:18:08.033,35.1545,27.7036,51.0733
2026-07-21T16:18:08.033,35.1545,27.782,50.7012
2026-07-21T16:18:08.033,35.1545,27.6449,50.3096
2026-07-21T16:18:08.048,35.1696,27.7232,50.2509
2026-07-21T16:18:08.064,35.1696,27.7232,50.3488
2026-07-21T16:18:08.080,35.2181,27.7428,50.8971
2026-07-21T16:18:08.080,35.2181,27.919,51.3082
2026-07-21T16:18:08.097,35.2181,27.9778,51.5432
2026-07-21T16:18:08.097,35.2181,27.8603,51.3278
2026-07-21T16:18:08.112,35.2363,27.8015,50.8775
2026-07-21T16:18:08.112,35.2363,27.6841,50.4075
2026-07-21T16:18:08.138,35.2808,27.6253,50.29
2026-07-21T16:18:08.155,35.2808,27.547,50.4467
2026-07-21T16:18:08.155,35.2808,27.5078,50.5642
2026-07-21T16:18:08.160,35.2966,27.4883,50.6425
2026-07-21T16:18:08.175,35.2966,27.4687,50.8187
2026-07-21T16:18:08.178,35.2966,27.4295,50.525
2026-07-21T16:18:08.192,35.3442,27.2924,49.918
2026-07-21T16:18:08.207,35.3442,26.9792,49.1544
2026-07-21T16:18:08.207,35.3442,26.6854,48.2928
2026-07-21T16:18:08.223,35.3442,26.333,47.49
2026-07-21T16:18:08.223,35.36,25.8043,46.8047
2026-07-21T16:18:08.239,35.36,25.1777,45.8256
2026-07-21T16:18:08.239,35.36,24.8057,45.0032
2026-07-21T16:18:08.279,35.3914,24.6686,44.592
2026-07-21T16:18:08.279,35.3914,24.7665,44.7683
2026-07-21T16:18:08.286,35.3914,25.0407,45.1795
2026-07-21T16:18:08.286,35.4071,25.2756,45.5711
2026-07-21T16:18:08.302,35.4133,25.3735,46.041
2026-07-21T16:18:08.302,35.4133,25.4323,46.2956
2026-07-21T16:18:08.334,35.4387,25.4127,46.1977
2026-07-21T16:18:08.334,35.4544,25.4714,46.2956
2026-07-21T16:18:08.334,35.4544,25.726,46.3152
2026-07-21T16:18:08.355,35.4544,25.9022,46.276
2026-07-21T16:18:08.355,35.4711,26.0393,46.276
2026-07-21T16:18:08.381,35.5019,26.1568,46.276
2026-07-21T16:18:08.381,35.5019,26.1763,46.2173
2026-07-21T16:18:08.381,35.5176,25.9218,46.0606
2026-07-21T16:18:08.397,35.5186,25.8435,46.3739
2026-07-21T16:18:08.413,35.5186,25.9805,46.648
2026-07-21T16:18:08.428,35.5498,25.9218,46.5893
2026-07-21T16:18:08.444,35.5656,25.9022,46.7459
2026-07-21T16:18:08.444,35.5656,25.8239,46.648
2026-07-21T16:18:08.456,35.5656,25.6672,46.2564
2026-07-21T16:18:08.461,35.5813,25.2169,45.4144
2026-07-21T16:18:08.461,35.6144,24.7469,44.4158
2026-07-21T16:18:08.479,35.6144,23.8071,42.9668
2026-07-21T16:18:08.492,35.6287,22.3581,40.8913
2026-07-21T16:18:08.492,35.6287,20.3804,37.9933
2026-07-21T16:18:08.508,35.6459,17.8349,34.1163
2026-07-21T16:18:08.523,35.6459,15.0153,29.5736
2026-07-21T16:18:08.539,35.7076,12.1369,24.1302
2026-07-21T16:18:08.539,35.714,9.1607,18.393
2026-07-21T16:18:08.557,35.7236,6.2235,13.3216
2026-07-21T16:18:08.557,35.7236,3.678,9.1313
2026-07-21T16:18:08.571,35.7394,1.7396,5.5872
2026-07-21T16:18:08.588,35.7551,-0.1989,2.7675
2026-07-21T16:18:08.588,35.7708,-1.5892,0.7311
2026-07-21T16:18:08.603,35.7866,-2.4899,-0.1696
2026-07-21T16:18:08.603,35.7866,-2.7249,-0.1696
2026-07-21T16:18:08.634,35.8348,-2.3724,-0.15
2026-07-21T16:18:08.634,35.8348,-2.0983,-0.4437
2026-07-21T16:18:08.634,35.8373,-2.2549,-0.8941
2026-07-21T16:18:08.656,35.8499,-2.2158,-1.1094
2026-07-21T16:18:08.656,35.8499,-1.6675,-0.9332
2026-07-21T16:18:08.682,35.8656,-1.1584,-0.8157
2026-07-21T16:18:08.682,35.8656,-1.0213,-0.7962
2026-07-21T16:18:08.682,35.8656,-1.0997,-0.6787
2026-07-21T16:18:08.713,35.8656,-1.178,-0.6982
2026-07-21T16:18:08.713,35.8813,-1.1388,-0.6003
2026-07-21T16:18:08.729,35.8813,-1.1388,-0.6003
2026-07-21T16:18:08.729,35.9148,-0.9822,-0.5808
2026-07-21T16:18:08.757,35.9148,-1.0801,-0.5612
2026-07-21T16:18:08.757,35.9148,-1.1584,-0.5612
2026-07-21T16:18:08.760,35.9289,-1.0018,-0.522
2026-07-21T16:18:08.776,35.9289,-0.9626,-0.5612
2026-07-21T16:18:08.792,35.9289,-0.9626,-0.4241
2026-07-21T16:18:08.792,35.9374,-0.8843,-0.4437
2026-07-21T16:18:08.808,35.9374,-0.8255,-0.4045
2026-07-21T16:18:08.808,35.945,-0.7472,-0.4437
2026-07-21T16:18:08.824,35.9455,-0.8255,-0.3654
2026-07-21T16:18:08.824,35.9455,-0.7864,-0.4241
2026-07-21T16:18:08.857,35.9769,-0.9234,-0.5024
2026-07-21T16:18:08.857,35.9926,-0.9822,-0.522
2026-07-21T16:18:08.857,35.9926,-1.0409,-0.5612
2026-07-21T16:18:08.871,35.9926,-1.0018,-0.5024
2026-07-21T16:18:08.880,35.9926,-1.1388,-0.522
2026-07-21T16:18:08.888,35.9926,-1.0409,-0.5416
2026-07-21T16:18:08.903,36.0244,-1.0801,-0.5612
2026-07-21T16:18:08.919,36.0375,-1.1388,-0.5416
2026-07-21T16:18:08.919,36.0375,-1.0801,-0.4829
2026-07-21T16:18:08.919,36.0401,-1.0801,-0.3654
2026-07-21T16:18:08.935,36.0401,-1.1388,-0.2675
2026-07-21T16:18:08.967,36.072,-1.1192,-0.3066
2026-07-21T16:18:08.967,36.072,-1.0997,-0.3262
2026-07-21T16:18:08.967,36.072,-1.0605,-0.4437
2026-07-21T16:18:08.982,36.072,-1.2171,-0.6591
2026-07-21T16:18:08.982,36.0877,-1.0801,-0.4633
2026-07-21T16:18:09.014,36.1191,-1.1976,-0.522
2026-07-21T16:18:09.014,36.1191,-1.1388,-0.4633
2026-07-21T16:18:09.014,36.1191,-1.0409,-0.5024
2026-07-21T16:18:09.058,36.151,-1.0605,-0.5612
2026-07-21T16:18:09.058,36.151,-1.1976,-0.522
2026-07-21T16:18:09.058,36.151,-1.0801,-0.522
2026-07-21T16:18:09.061,36.151,-1.0997,-0.5612
2026-07-21T16:18:09.080,36.1835,-1.0997,-0.5024
2026-07-21T16:18:09.093,36.1835,-1.0409,-0.4633
2026-07-21T16:18:09.093,36.1835,-1.0997,-0.5024
2026-07-21T16:18:09.093,36.1835,-1.0997,-0.5416
2026-07-21T16:18:09.126,36.2309,-1.1584,-0.5024
2026-07-21T16:18:09.126,36.2309,-1.0801,-0.522
2026-07-21T16:18:09.126,36.2309,-1.1388,-0.4633
2026-07-21T16:18:09.141,36.2626,-1.178,-0.522
2026-07-21T16:18:09.158,36.2626,-1.0801,-0.3458
2026-07-21T16:18:09.158,36.2626,-1.1584,-0.5024
2026-07-21T16:18:09.173,36.2626,-1.1584,-0.4633
2026-07-21T16:18:09.190,36.2957,-1.1584,-0.5416
2026-07-21T16:18:09.205,36.2957,-1.1192,-0.522
2026-07-21T16:18:09.205,36.3102,-1.2171,-0.5612
2026-07-21T16:18:09.205,36.3102,-1.1976,-0.5416
2026-07-21T16:18:09.220,36.3423,-1.178,-0.5024
2026-07-21T16:18:09.238,36.3423,-1.1192,-0.5416
2026-07-21T16:18:09.238,36.3423,-1.2171,-0.522
2026-07-21T16:18:09.252,36.3423,-1.1388,-0.522
2026-07-21T16:18:09.284,36.3894,-1.1192,-0.522
2026-07-21T16:18:09.284,36.3894,-1.178,-0.4633
2026-07-21T16:18:09.284,36.3894,-1.178,-0.5024
2026-07-21T16:18:09.284,36.3894,-1.0801,-0.522
2026-07-21T16:18:09.300,36.4208,-1.1976,-0.5416
2026-07-21T16:18:09.316,36.4208,-1.1388,-0.5416
2026-07-21T16:18:09.316,36.4208,-1.1388,-0.5416
2026-07-21T16:18:09.332,36.4208,-1.1976,-0.5612
2026-07-21T16:18:09.363,36.4685,-1.1388,-0.522
2026-07-21T16:18:09.363,36.4685,-1.0997,-0.5024
2026-07-21T16:18:09.363,36.4685,-1.178,-0.5612
2026-07-21T16:18:09.363,36.4685,-1.1584,-0.4829
2026-07-21T16:18:09.380,36.5005,-1.1584,-0.5612
2026-07-21T16:18:09.411,36.5005,-1.0997,-0.5808
2026-07-21T16:18:09.411,36.516,-1.2563,-0.522
2026-07-21T16:18:09.411,36.517,-1.1388,-0.5024
2026-07-21T16:18:09.411,36.5494,-1.178,-0.5416
2026-07-21T16:18:09.426,36.5494,-1.1584,-0.4829
2026-07-21T16:18:09.443,36.5494,-1.1584,-0.5416
2026-07-21T16:18:09.443,36.5494,-1.1192,-0.5808
2026-07-21T16:18:09.459,36.5645,-1.1976,-0.5612
2026-07-21T16:18:09.474,36.5958,-1.1388,-0.5612
2026-07-21T16:18:09.492,36.5958,-1.1192,-0.5024
2026-07-21T16:18:09.492,36.5958,-1.178,-0.522
2026-07-21T16:18:09.506,36.5958,-1.2367,-0.5416
2026-07-21T16:18:09.507,36.6273,-1.1192,-0.4829
2026-07-21T16:18:09.522,36.6379,-1.1584,-0.6199
2026-07-21T16:18:09.522,36.6379,-1.1388,-0.5416
2026-07-21T16:18:09.538,36.6379,-1.0997,-0.4633
2026-07-21T16:18:09.569,36.6745,-1.1976,-0.6003
2026-07-21T16:18:09.569,36.6745,-1.1976,-0.5808
2026-07-21T16:18:09.569,36.6745,-1.1388,-0.4437
2026-07-21T16:18:09.580,36.6745,-1.1388,-0.5416
2026-07-21T16:18:09.601,36.7176,-1.1976,-0.5416
2026-07-21T16:18:09.617,36.7217,-1.1192,-0.4829
2026-07-21T16:18:09.617,36.7237,-1.1192,-0.5024
2026-07-21T16:18:09.617,36.7237,-1.2171,-0.5612
2026-07-21T16:18:09.649,36.754,-1.178,-0.5416
2026-07-21T16:18:09.660,36.754,-1.1388,-0.5024
2026-07-21T16:18:09.660,36.754,-1.178,-0.5612
2026-07-21T16:18:09.666,36.754,-1.1976,-0.5612
2026-07-21T16:18:09.666,36.7697,-1.1388,-0.4829
2026-07-21T16:18:09.696,36.8012,-1.2367,-0.5612
2026-07-21T16:18:09.696,36.8012,-1.2367,-0.522
2026-07-21T16:18:09.696,36.8012,-1.1976,-0.4829
2026-07-21T16:18:09.712,36.8179,-1.1388,-0.5612
2026-07-21T16:18:09.712,36.8486,-1.2367,-0.5612
2026-07-21T16:18:09.743,36.8486,-1.1584,-0.4829
2026-07-21T16:18:09.743,36.8486,-1.2171,-0.5612
2026-07-21T16:18:09.743,36.8486,-1.1584,-0.5612
2026-07-21T16:18:09.760,36.8804,-1.2367,-0.5024
2026-07-21T16:18:09.781,36.8804,-1.1388,-0.5416
2026-07-21T16:18:09.781,36.8961,-1.2171,-0.4829
2026-07-21T16:18:09.791,36.8961,-1.1976,-0.385
2026-07-21T16:18:09.791,36.9017,-1.178,-0.5024
2026-07-21T16:18:09.823,36.9284,-1.1584,-0.5612
2026-07-21T16:18:09.823,36.9284,-1.1976,-0.5612
2026-07-21T16:18:09.823,36.9385,-1.178,-0.5416
2026-07-21T16:18:09.844,36.9441,-1.2171,-0.5024
2026-07-21T16:18:09.854,36.9764,-1.2171,-0.5612
2026-07-21T16:18:09.871,36.9764,-1.2171,-0.5416
2026-07-21T16:18:09.871,36.9764,-1.1584,-0.5024
2026-07-21T16:18:09.881,36.9764,-1.1584,-0.5416
2026-07-21T16:18:09.886,37.0187,-1.1388,-0.4633
2026-07-21T16:18:09.903,37.0187,-1.1976,-0.5612
2026-07-21T16:18:09.903,37.0237,-1.1388,-0.5416
2026-07-21T16:18:09.919,37.0237,-1.2563,-0.5024
2026-07-21T16:18:09.934,37.0645,-1.0801,-0.5024
2026-07-21T16:18:09.955,37.0645,-1.2171,-0.5416
2026-07-21T16:18:09.955,37.0645,-1.1976,-0.4829
2026-07-21T16:18:09.966,37.0711,-1.178,-0.522
2026-07-21T16:18:09.966,37.0744,-1.1584,-0.5416
2026-07-21T16:18:10.005,37.1023,-1.2563,-0.522
2026-07-21T16:18:10.005,37.1023,-1.1192,-0.4437
2026-07-21T16:18:10.007,37.1023,-1.2367,-0.522
2026-07-21T16:18:10.013,37.118,-1.178,-0.522
2026-07-21T16:18:10.029,37.1496,-1.2759,-0.522
2026-07-21T16:18:10.044,37.1496,-1.1976,-0.5416
2026-07-21T16:18:10.044,37.1496,-1.2171,-0.5416
2026-07-21T16:18:10.044,37.1496,-1.178,-0.522
2026-07-21T16:18:10.061,37.1652,-1.178,-0.522
2026-07-21T16:18:10.092,37.1968,-1.2171,-0.522
2026-07-21T16:18:10.092,37.1968,-1.2563,-0.522
2026-07-21T16:18:10.092,37.1968,-1.178,-0.522
2026-07-21T16:18:10.092,37.1968,-1.2367,-0.5416
2026-07-21T16:18:10.121,37.2413,-1.2367,-0.522
2026-07-21T16:18:10.138,37.2439,-1.178,-0.5416
2026-07-21T16:18:10.138,37.2449,-1.1976,-0.5416
2026-07-21T16:18:10.139,37.2449,-1.2759,-0.4633
2026-07-21T16:18:10.139,37.2483,-1.2367,-0.4829
2026-07-21T16:18:10.170,37.2768,-1.1192,-0.5416
2026-07-21T16:18:10.181,37.2768,-1.2171,-0.522
2026-07-21T16:18:10.186,37.2768,-1.2563,-0.5416
2026-07-21T16:18:10.190,37.2768,-1.1192,-0.522
2026-07-21T16:18:10.219,37.3236,-1.2367,-0.5024
2026-07-21T16:18:10.219,37.3236,-1.2171,-0.4437
2026-07-21T16:18:10.219,37.3236,-1.2171,-0.4633
2026-07-21T16:18:10.233,37.3545,-1.2171,-0.5416
2026-07-21T16:18:10.249,37.3545,-1.2367,-0.5612
2026-07-21T16:18:10.249,37.3545,-1.1976,-0.5416
2026-07-21T16:18:10.266,37.3545,-1.1976,-0.5024
2026-07-21T16:18:10.281,37.3858,-1.1976,-0.5024
2026-07-21T16:18:10.297,37.3858,-1.2563,-0.4829
2026-07-21T16:18:10.297,37.3858,-1.1584,-0.5024
2026-07-21T16:18:10.297,37.4019,-1.2367,-0.6003
2026-07-21T16:18:10.313,37.4334,-1.1976,-0.4829
2026-07-21T16:18:10.328,37.4334,-1.1584,-0.5416
2026-07-21T16:18:10.328,37.4392,-1.1976,-0.522
2026-07-21T16:18:10.344,37.4392,-1.2759,-0.5024
2026-07-21T16:18:10.360,37.4649,-1.1976,-0.5024
2026-07-21T16:18:10.376,37.4649,-1.2563,-0.4241
2026-07-21T16:18:10.376,37.4649,-1.1976,-0.522
2026-07-21T16:18:10.381,37.4807,-1.178,-0.5416
2026-07-21T16:18:10.391,37.512,-1.178,-0.4829
2026-07-21T16:18:10.407,37.512,-1.2171,-0.4829
2026-07-21T16:18:10.407,37.512,-1.178,-0.4241
2026-07-21T16:18:10.423,37.512,-1.178,-0.4829
2026-07-21T16:18:10.439,37.5435,-1.2171,-0.4633
2026-07-21T16:18:10.439,37.5435,-1.2563,-0.5416
2026-07-21T16:18:10.454,37.5592,-1.1584,-0.3654
2026-07-21T16:18:10.463,37.5592,-1.1584,-0.522
2026-07-21T16:18:10.471,37.5915,-1.2563,-0.4633
2026-07-21T16:18:10.486,37.5915,-1.1584,-0.5416
2026-07-21T16:18:10.486,37.5915,-1.178,-0.5416
2026-07-21T16:18:10.501,37.6061,-1.2563,-0.4633
2026-07-21T16:18:10.518,37.6222,-1.178,-0.5024
2026-07-21T16:18:10.534,37.6393,-1.178,-0.4241
2026-07-21T16:18:10.534,37.6393,-1.1976,-0.5416
2026-07-21T16:18:10.548,37.6393,-1.1584,-0.522
2026-07-21T16:18:10.548,37.6706,-1.0997,-0.5024
2026-07-21T16:18:10.564,37.6706,-1.1976,-0.4829
2026-07-21T16:18:10.564,37.6706,-1.178,-0.4045
2026-07-21T16:18:10.581,37.6706,-1.178,-0.5024
2026-07-21T16:18:10.600,37.7171,-1.1584,-0.5024
2026-07-21T16:18:10.613,37.7171,-1.2367,-0.522
2026-07-21T16:18:10.613,37.7215,-1.2171,-0.5024
2026-07-21T16:18:10.627,37.7215,-1.1388,-0.522
2026-07-21T16:18:10.644,37.7487,-1.2171,-0.5416
2026-07-21T16:18:10.644,37.7487,-1.1584,-0.4829
2026-07-21T16:18:10.644,37.7487,-1.1976,-0.5612
2026-07-21T16:18:10.668,37.7628,-1.2759,-0.5416
2026-07-21T16:18:10.691,37.796,-1.1584,-0.522
2026-07-21T16:18:10.691,37.796,-1.1584,-0.522
2026-07-21T16:18:10.691,37.796,-1.2759,-0.4829
2026-07-21T16:18:10.707,37.796,-1.1584,-0.5416
2026-07-21T16:18:10.722,37.8395,-1.178,-0.4633
2026-07-21T16:18:10.722,37.8395,-1.2759,-0.4437
2026-07-21T16:18:10.722,37.8395,-1.1976,-0.4633
2026-07-21T16:18:10.738,37.845,-1.1976,-0.522
2026-07-21T16:18:10.770,37.8744,-1.178,-0.522
2026-07-21T16:18:10.770,37.8744,-1.2563,-0.5024
2026-07-21T16:18:10.770,37.8744,-1.1976,-0.4829
2026-07-21T16:18:10.782,37.8744,-1.2171,-0.5024
2026-07-21T16:18:10.817,37.9154,-1.2759,-0.4437
2026-07-21T16:18:10.817,37.9154,-1.3542,-0.4829
2026-07-21T16:18:10.817,37.9154,-1.1976,-0.5416
2026-07-21T16:18:10.817,37.9219,-1.2955,-0.4633
2026-07-21T16:18:10.857,37.9529,-1.2171,-0.4829
2026-07-21T16:18:10.857,37.9529,-1.1976,-0.522
2026-07-21T16:18:10.858,37.9529,-1.2563,-0.4829
2026-07-21T16:18:10.864,37.9635,-1.2367,-0.4437
2026-07-21T16:18:10.879,37.9846,-1.1976,-0.4437
2026-07-21T16:18:10.895,38.0008,-1.2367,-0.522
2026-07-21T16:18:10.895,38.0029,-1.1584,-0.4829
2026-07-21T16:18:10.906,38.0029,-1.2171,-0.522
2026-07-21T16:18:10.911,38.0398,-1.2367,-0.5416
2026-07-21T16:18:10.927,38.0398,-1.2955,-0.5024
2026-07-21T16:18:10.927,38.0398,-1.2171,-0.4633
2026-07-21T16:18:10.943,38.0398,-1.2759,-0.5612
2026-07-21T16:18:10.958,38.079,-1.2955,-0.522
2026-07-21T16:18:10.974,38.079,-1.1976,-0.522
2026-07-21T16:18:10.974,38.079,-1.2171,-0.5024
2026-07-21T16:18:10.982,38.0889,-1.2367,-0.5416
2026-07-21T16:18:11.002,38.1227,-1.2171,-0.4633
2026-07-21T16:18:11.006,38.1265,-1.2171,-0.5612
2026-07-21T16:18:11.006,38.1265,-1.2171,-0.522
2026-07-21T16:18:11.031,38.1265,-1.2171,-0.5024
2026-07-21T16:18:11.031,38.1265,-1.1976,-0.4633
2026-07-21T16:18:11.053,38.1579,-1.2171,-0.5416
2026-07-21T16:18:11.053,38.1579,-1.2759,-0.4241
2026-07-21T16:18:11.069,38.1579,-1.2171,-0.5024
2026-07-21T16:18:11.069,38.1736,-1.1976,-0.5024
2026-07-21T16:18:11.084,38.2052,-1.2563,-0.5024
2026-07-21T16:18:11.100,38.2052,-1.2171,-0.5416
2026-07-21T16:18:11.100,38.2052,-1.2171,-0.5416
2026-07-21T16:18:11.116,38.2052,-1.2955,-0.4241
2026-07-21T16:18:11.132,38.2403,-1.2563,-0.4829
2026-07-21T16:18:11.147,38.2403,-1.2563,-0.5024
2026-07-21T16:18:11.147,38.2403,-1.1976,-0.5024
2026-07-21T16:18:11.147,38.2523,-1.2171,-0.4437
2026-07-21T16:18:11.182,38.2837,-1.1976,-0.522
2026-07-21T16:18:11.182,38.2837,-1.2171,-0.5024
2026-07-21T16:18:11.182,38.2837,-1.2171,-0.5416
2026-07-21T16:18:11.194,38.2922,-1.1584,-0.4633
2026-07-21T16:18:11.211,38.3233,-1.2171,-0.5416
2026-07-21T16:18:11.226,38.3311,-1.2759,-0.4633
2026-07-21T16:18:11.226,38.3311,-1.1976,-0.522
2026-07-21T16:18:11.234,38.3311,-1.1584,-0.5808
2026-07-21T16:18:11.257,38.3627,-1.2759,-0.4633
2026-07-21T16:18:11.266,38.3627,-1.178,-0.5024
2026-07-21T16:18:11.266,38.3627,-1.1584,-0.4829
2026-07-21T16:18:11.273,38.3803,-1.2759,-0.522
2026-07-21T16:18:11.289,38.4161,-1.2171,-0.4633
2026-07-21T16:18:11.305,38.4161,-1.1976,-0.5024
2026-07-21T16:18:11.305,38.4161,-1.2171,-0.5416
2026-07-21T16:18:11.305,38.4237,-1.2759,-0.5612
2026-07-21T16:18:11.323,38.4257,-1.178,-0.5024
2026-07-21T16:18:11.337,38.4631,-1.2171,-0.5024
2026-07-21T16:18:11.352,38.4631,-1.2367,-0.522
2026-07-21T16:18:11.352,38.4631,-1.178,-0.4829
2026-07-21T16:18:11.366,38.4748,-1.0801,-0.4829
2026-07-21T16:18:11.384,38.5143,-1.2563,-0.522
2026-07-21T16:18:11.399,38.5143,-1.1584,-0.5024
2026-07-21T16:18:11.399,38.5143,-1.2367,-0.5024
2026-07-21T16:18:11.405,38.5206,-1.2563,-0.5416
2026-07-21T16:18:11.417,38.524,-1.1976,-0.4829
2026-07-21T16:18:11.431,38.558,-1.1388,-0.4829
2026-07-21T16:18:11.446,38.558,-1.178,-0.4829
2026-07-21T16:18:11.446,38.558,-1.2563,-0.5024
2026-07-21T16:18:11.446,38.558,-1.2171,-0.5024
2026-07-21T16:18:11.466,38.5671,-1.1192,-0.5024
2026-07-21T16:18:11.478,38.5995,-1.2759,-0.4829
2026-07-21T16:18:11.495,38.5995,-1.1976,-0.5024
2026-07-21T16:18:11.495,38.5995,-1.1584,-0.522
2026-07-21T16:18:11.500,38.5995,-1.2759,-0.4437
2026-07-21T16:18:11.509,38.646,-1.1976,-0.522
2026-07-21T16:18:11.525,38.646,-1.2171,-0.4633
2026-07-21T16:18:11.542,38.646,-1.2171,-0.5416
2026-07-21T16:18:11.542,38.646,-1.1584,-0.522
2026-07-21T16:18:11.557,38.694,-1.2171,-0.4829
2026-07-21T16:18:11.573,38.694,-1.2171,-0.5416
2026-07-21T16:18:11.583,38.694,-1.2563,-0.4829
2026-07-21T16:18:11.583,38.694,-1.2171,-0.5024
2026-07-21T16:18:11.588,38.694,-1.2367,-0.4437
2026-07-21T16:18:11.616,38.7409,-1.2171,-0.4633
2026-07-21T16:18:11.616,38.7435,-1.178,-0.522
2026-07-21T16:18:11.635,38.7435,-1.1976,-0.5808
2026-07-21T16:18:11.635,38.7435,-1.2955,-0.5024
2026-07-21T16:18:11.636,38.7492,-1.2171,-0.4633
2026-07-21T16:18:11.667,38.7718,-1.178,-0.4633
2026-07-21T16:18:11.667,38.7718,-1.2563,-0.5612
2026-07-21T16:18:11.667,38.7879,-1.1976,-0.4829
2026-07-21T16:18:11.686,38.7879,-1.1388,-0.5024
2026-07-21T16:18:11.698,38.8252,-1.2171,-0.4829
2026-07-21T16:18:11.698,38.8252,-1.2171,-0.4045
2026-07-21T16:18:11.714,38.8252,-1.2367,-0.4045
2026-07-21T16:18:11.714,38.8252,-1.1976,-0.4437
2026-07-21T16:18:11.730,38.8252,-1.2171,-0.522
2026-07-21T16:18:11.746,38.8666,-1.1976,-0.5024
2026-07-21T16:18:11.762,38.8666,-1.2171,-0.522
2026-07-21T16:18:11.767,38.8666,-1.2759,-0.4829
2026-07-21T16:18:11.777,38.8666,-1.1976,-0.4437
2026-07-21T16:18:11.793,38.9162,-1.178,-0.5416
2026-07-21T16:18:11.809,38.9162,-1.315,-0.522
2026-07-21T16:18:11.809,38.9162,-1.2367,-0.4437
2026-07-21T16:18:11.809,38.9162,-1.1976,-0.4241
2026-07-21T16:18:11.809,38.9254,-1.1976,-0.5024
2026-07-21T16:18:11.825,38.9455,-1.1388,-0.5024
2026-07-21T16:18:11.856,38.9455,-1.1584,-0.5024
2026-07-21T16:18:11.856,38.9613,-1.2367,-0.522
2026-07-21T16:18:11.858,38.9613,-1.2563,-0.4829
2026-07-21T16:18:11.873,38.9927,-1.1388,-0.5024
2026-07-21T16:18:11.888,38.9927,-1.1976,-0.5808
2026-07-21T16:18:11.888,38.9927,-1.2955,-0.522
2026-07-21T16:18:11.904,39.0017,-1.1976,-0.4829
2026-07-21T16:18:11.919,39.0389,-1.2563,-0.5024
2026-07-21T16:18:11.935,39.0404,-1.2759,-0.5612
2026-07-21T16:18:11.935,39.0404,-1.2171,-0.4241
2026-07-21T16:18:11.944,39.0404,-1.178,-0.4829
2026-07-21T16:18:11.951,39.0776,-1.2367,-0.5416
2026-07-21T16:18:11.968,39.0776,-1.2563,-0.4829
2026-07-21T16:18:11.968,39.0776,-1.1976,-0.5024
2026-07-21T16:18:11.983,39.0818,-1.2171,-0.5808
2026-07-21T16:18:11.998,39.119,-1.2563,-0.4829
2026-07-21T16:18:12.014,39.119,-1.1976,-0.5024
2026-07-21T16:18:12.014,39.119,-1.2367,-0.5416
2026-07-21T16:18:12.024,39.119,-1.2367,-0.4045
2026-07-21T16:18:12.032,39.1505,-1.2171,-0.4633
2026-07-21T16:18:12.059,39.1505,-1.1976,-0.522
2026-07-21T16:18:12.059,39.1505,-1.2759,-0.4241
2026-07-21T16:18:12.068,39.1505,-1.1976,-0.4633
2026-07-21T16:18:12.093,39.1958,-1.2367,-0.4437
2026-07-21T16:18:12.093,39.1958,-1.1976,-0.522
2026-07-21T16:18:12.093,39.198,-1.1976,-0.4829
2026-07-21T16:18:12.093,39.2004,-1.1976,-0.4437
2026-07-21T16:18:12.124,39.2343,-1.2367,-0.4829
2026-07-21T16:18:12.124,39.2343,-1.2367,-0.4633
2026-07-21T16:18:12.137,39.2343,-1.2171,-0.4829
2026-07-21T16:18:12.145,39.2618,-1.2171,-0.5024
2026-07-21T16:18:12.156,39.2618,-1.2955,-0.4633
2026-07-21T16:18:12.172,39.2618,-1.1976,-0.5416
2026-07-21T16:18:12.176,39.2618,-1.2563,-0.5024
2026-07-21T16:18:12.183,39.2768,-1.2759,-0.5024
2026-07-21T16:18:12.204,39.2935,-1.2563,-0.4633
2026-07-21T16:18:12.204,39.3085,-1.1976,-0.522
2026-07-21T16:18:12.204,39.3095,-1.2759,-0.5416
2026-07-21T16:18:12.219,39.3409,-1.178,-0.5024
2026-07-21T16:18:12.236,39.3409,-1.2171,-0.5024
2026-07-21T16:18:12.236,39.3409,-1.1976,-0.522
2026-07-21T16:18:12.252,39.3724,-1.178,-0.4633
2026-07-21T16:18:12.269,39.3724,-1.1584,-0.4633
2026-07-21T16:18:12.283,39.3724,-1.2759,-0.4829
2026-07-21T16:18:12.283,39.3724,-1.178,-0.4829
2026-07-21T16:18:12.299,39.4042,-1.2367,-0.4633
2026-07-21T16:18:12.315,39.4042,-1.1976,-0.5024
2026-07-21T16:18:12.315,39.4198,-1.2955,-0.4633
2026-07-21T16:18:12.315,39.4209,-1.0997,-0.4829
2026-07-21T16:18:12.343,39.4515,-1.2367,-0.522
2026-07-21T16:18:12.346,39.4515,-1.315,-0.5024
2026-07-21T16:18:12.346,39.4515,-1.2563,-0.5024
2026-07-21T16:18:12.363,39.4515,-1.2171,-0.522
2026-07-21T16:18:12.378,39.4827,-1.2171,-0.4633
2026-07-21T16:18:12.383,39.4827,-1.2171,-0.5024
2026-07-21T16:18:12.394,39.4827,-1.178,-0.5024
2026-07-21T16:18:12.409,39.5141,-1.2367,-0.5024
2026-07-21T16:18:12.425,39.5141,-1.2759,-0.5024
2026-07-21T16:18:12.425,39.5141,-1.2171,-0.4633
2026-07-21T16:18:12.425,39.5559,-1.1976,-0.4633
2026-07-21T16:18:12.456,39.5559,-1.2955,-0.4633
2026-07-21T16:18:12.456,39.5559,-1.2171,-0.4633
2026-07-21T16:18:12.456,39.5613,-1.1584,-0.522
2026-07-21T16:18:12.488,39.593,-1.2367,-0.522
2026-07-21T16:18:12.488,39.593,-1.0997,-0.4829
2026-07-21T16:18:12.488,39.593,-1.2759,-0.5024
2026-07-21T16:18:12.503,39.593,-1.2563,-0.522
2026-07-21T16:18:12.521,39.6335,-1.2955,-0.4241
2026-07-21T16:18:12.535,39.6335,-1.1584,-0.5024
2026-07-21T16:18:12.535,39.6335,-1.2367,-0.4633
2026-07-21T16:18:12.535,39.6413,-1.2563,-0.5024
2026-07-21T16:18:12.551,39.6778,-1.2563,-0.5416
2026-07-21T16:18:12.571,39.6814,-1.1976,-0.4829
2026-07-21T16:18:12.576,39.6814,-1.2171,-0.4829
2026-07-21T16:18:12.586,39.6814,-1.178,-0.4045
2026-07-21T16:18:12.598,39.7201,-1.1192,-0.522
2026-07-21T16:18:12.616,39.7201,-1.2367,-0.5024
2026-07-21T16:18:12.616,39.7201,-1.1584,-0.522
2026-07-21T16:18:12.624,39.7201,-1.178,-0.4829
2026-07-21T16:18:12.646,39.7504,-1.2367,-0.5416
2026-07-21T16:18:12.646,39.7504,-1.2367,-0.522
2026-07-21T16:18:12.646,39.7504,-1.2563,-0.522
2026-07-21T16:18:12.662,39.7504,-1.1976,-0.5416
2026-07-21T16:18:12.693,39.7979,-1.2955,-0.522
2026-07-21T16:18:12.693,39.7979,-1.1584,-0.4829
2026-07-21T16:18:12.693,39.7979,-1.2367,-0.522
2026-07-21T16:18:12.693,39.7979,-1.2367,-0.522
2026-07-21T16:18:12.724,39.8414,-1.2563,-0.4633
2026-07-21T16:18:12.739,39.8434,-1.1584,-0.522
2026-07-21T16:18:12.739,39.8434,-1.2171,-0.4633
2026-07-21T16:18:12.740,39.8484,-1.1192,-0.4829
2026-07-21T16:18:12.771,39.8852,-1.2563,-0.4633
2026-07-21T16:18:12.771,39.8852,-1.2171,-0.4633
2026-07-21T16:18:12.771,39.8852,-1.2563,-0.5024
2026-07-21T16:18:12.787,39.8924,-1.178,-0.5024
2026-07-21T16:18:12.791,39.9241,-1.2367,-0.5416
2026-07-21T16:18:12.809,39.9241,-1.2759,-0.4437
2026-07-21T16:18:12.819,39.9296,-1.2563,-0.5416
2026-07-21T16:18:12.827,39.9296,-1.178,-0.522
2026-07-21T16:18:12.835,39.9296,-1.2955,-0.522
2026-07-21T16:18:12.851,39.9565,-1.178,-0.5024
2026-07-21T16:18:12.866,39.9565,-1.2563,-0.522
2026-07-21T16:18:12.866,39.9565,-1.2171,-0.4437
2026-07-21T16:18:12.872,39.9711,-1.178,-0.4241
2026-07-21T16:18:12.888,40.0026,-1.1584,-0.4829
2026-07-21T16:18:12.899,40.0026,-1.2367,-0.522
2026-07-21T16:18:12.899,40.0026,-1.2171,-0.4829
2026-07-21T16:18:12.913,40.0137,-1.2955,-0.522
2026-07-21T16:18:12.929,40.0415,-1.2367,-0.5024
2026-07-21T16:18:12.945,40.0505,-1.2563,-0.4633
2026-07-21T16:18:12.945,40.0505,-1.1388,-0.4633
2026-07-21T16:18:12.956,40.0882,-1.2367,-0.4829
2026-07-21T16:18:12.970,40.0882,-1.2171,-0.4437
2026-07-21T16:18:12.984,40.0882,-1.2955,-0.4633
2026-07-21T16:18:12.984,40.0882,-1.178,-0.4437
2026-07-21T16:18:12.993,40.0971,-1.2955,-0.4829
2026-07-21T16:18:13.008,40.1305,-1.1584,-0.4633
2026-07-21T16:18:13.023,40.1305,-1.2171,-0.5024
2026-07-21T16:18:13.023,40.1305,-1.1976,-0.5024
2026-07-21T16:18:13.030,40.1305,-1.2955,-0.4241
2026-07-21T16:18:13.071,40.1598,-1.1584,-0.5024
2026-07-21T16:18:13.071,40.1598,-1.2563,-0.5024
2026-07-21T16:18:13.071,40.1598,-1.4325,-0.4633
2026-07-21T16:18:13.073,40.1756,-1.2563,-0.4633
2026-07-21T16:18:13.086,40.2102,-1.1976,-0.522
2026-07-21T16:18:13.102,40.2102,-1.2955,-0.4437
2026-07-21T16:18:13.102,40.2102,-1.1388,-0.5024
2026-07-21T16:18:13.118,40.2102,-1.1584,-0.5416
2026-07-21T16:18:13.150,40.2417,-1.4129,-0.4633
2026-07-21T16:18:13.150,40.2417,-1.2563,-0.4829
2026-07-21T16:18:13.150,40.2417,-1.1976,-0.4633
2026-07-21T16:18:13.152,40.2546,-1.2563,-0.4829
2026-07-21T16:18:13.184,40.2902,-1.2171,-0.4437
2026-07-21T16:18:13.184,40.2902,-1.2171,-0.5024
2026-07-21T16:18:13.184,40.2902,-1.178,-0.5024
2026-07-21T16:18:13.197,40.2902,-1.2563,-0.4045
2026-07-21T16:18:13.213,40.3314,-1.2563,-0.522
2026-07-21T16:18:13.230,40.3347,-1.315,-0.522
2026-07-21T16:18:13.230,40.3347,-1.4521,-0.6199
2026-07-21T16:18:13.232,40.344,-1.5304,-0.7962
2026-07-21T16:18:13.261,40.3812,-1.6088,-1.0507
2026-07-21T16:18:13.261,40.3857,-1.5892,-1.1094
2026-07-21T16:18:13.261,40.3857,-1.4521,-1.129
2026-07-21T16:18:13.277,40.3989,-1.2367,-0.4241
2026-07-21T16:18:13.286,40.3989,-0.6689,1.3773
2026-07-21T16:18:13.304,40.4449,0.4864,3.3354
2026-07-21T16:18:13.307,40.4516,2.1508,5.3914
2026-07-21T16:18:13.307,40.4516,4.148,7.7411
2026-07-21T16:18:13.341,40.4761,5.9886,9.8949
2026-07-21T16:18:13.341,40.4802,7.5159,11.8726
2026-07-21T16:18:13.341,40.4878,8.7299,14.3006
2026-07-21T16:18:13.355,40.4942,9.6306,17.0615
2026-07-21T16:18:13.374,40.5398,10.7663,20.0769
2026-07-21T16:18:13.374,40.5398,11.8041,22.9945
2026-07-21T16:18:13.394,40.5425,12.7244,25.2463
2026-07-21T16:18:13.394,40.5558,13.7426,27.2631
2026-07-21T16:18:13.417,40.5558,14.7999,29.2212
2026-07-21T16:18:13.417,40.5558,15.6811,31.7471
2026-07-21T16:18:13.430,40.5558,17.2084,35.0758
2026-07-21T16:18:13.436,40.5715,18.5007,38.5808
2026-07-21T16:18:13.450,40.6081,19.421,41.1263
2026-07-21T16:18:13.450,40.6193,20.0084,42.4773
2026-07-21T16:18:13.482,40.6193,20.4979,43.0256
2026-07-21T16:18:13.482,40.6289,21.007,43.9263
2026-07-21T16:18:13.498,40.635,22.0252,45.7277
2026-07-21T16:18:13.498,40.6372,23.1022,47.7837
2026-07-21T16:18:13.498,40.6423,24.0225,50.1726
2026-07-21T16:18:13.514,40.6518,25.1386,52.7376
2026-07-21T16:18:13.546,40.6843,26.0001,54.9111
2026-07-21T16:18:13.546,40.6843,26.9008,56.458
2026-07-21T16:18:13.546,40.6843,27.9582,57.9657
2026-07-21T16:18:13.561,40.6991,28.9764,59.3951
2026-07-21T16:18:13.561,40.6991,29.4463,60.2175
2026-07-21T16:18:13.577,40.7138,29.4855,60.707
2026-07-21T16:18:13.584,40.7138,29.5442,61.314
2026-07-21T16:18:13.594,40.7243,30.0925,62.6063
2026-07-21T16:18:13.610,40.7638,30.6212,63.8008
2026-07-21T16:18:13.624,40.7638,31.0128,64.3099
2026-07-21T16:18:13.626,40.7638,31.0324,64.3686
2026-07-21T16:18:13.640,40.7786,30.9932,64.6819
2026-07-21T16:18:13.641,40.7847,31.3065,65.2106
2026-07-21T16:18:13.656,40.7878,31.7764,65.3281
2026-07-21T16:18:13.666,40.7946,31.796,64.8777
2026-07-21T16:18:13.684,40.8424,31.7569,64.6819
2026-07-21T16:18:13.688,40.8424,31.8548,65.3477
2026-07-21T16:18:13.688,40.8424,31.8352,66.17
2026-07-21T16:18:13.706,40.8512,31.9527,66.7379
2026-07-21T16:18:13.721,40.8551,32.031,67.0903
2026-07-21T16:18:13.730,40.8596,32.1289,66.4833
2026-07-21T16:18:13.737,40.8596,31.9722,65.6805
2026-07-21T16:18:13.750,40.9132,31.7764,65.191
2026-07-21T16:18:13.760,40.9138,31.6394,64.956
2026-07-21T16:18:13.775,40.9138,31.4631,64.819
2026-07-21T16:18:13.775,40.9189,31.3261,64.7798
2026-07-21T16:18:13.793,40.9235,31.4436,64.9952
2026-07-21T16:18:13.797,40.9235,31.5611,65.2693
2026-07-21T16:18:13.813,40.9375,31.5023,65.2106
2026-07-21T16:18:13.813,40.9424,31.5415,65.4064
2026-07-21T16:18:13.831,40.9808,31.4827,65.563
2026-07-21T16:18:13.850,40.9808,31.5023,65.8568
2026-07-21T16:18:13.850,40.9808,31.5219,66.1505
2026-07-21T16:18:13.856,40.9965,31.424,66.1113
2026-07-21T16:18:13.866,41.0031,31.3065,65.7784
2026-07-21T16:18:13.878,41.0075,31.2282,65.5239
2026-07-21T16:18:13.885,41.048,31.2282,65.2302
2026-07-21T16:18:13.914,41.0505,31.3652,65.3477
2026-07-21T16:18:13.918,41.0505,31.6002,65.5239
2026-07-21T16:18:13.918,41.0505,31.659,65.563
2026-07-21T16:18:13.923,41.0599,31.5023,65.2889
2026-07-21T16:18:13.934,41.0599,31.1694,65.2497
2026-07-21T16:18:13.945,41.0599,30.9932,65.2889
2026-07-21T16:18:13.954,41.0766,30.9345,65.4651
2026-07-21T16:18:13.970,41.107,30.9736,65.5435
2026-07-21T16:18:13.986,41.107,31.052,65.563
2026-07-21T16:18:13.986,41.107,31.052,65.8372
2026-07-21T16:18:14.002,41.1283,30.8757,66.1113
2026-07-21T16:18:14.002,41.1283,30.7191,66.2092
2026-07-21T16:18:14.019,41.1386,30.6212,65.9547
2026-07-21T16:18:14.049,41.17,30.6016,65.6022
2026-07-21T16:18:14.049,41.17,30.5037,65.4847
2026-07-21T16:18:14.049,41.17,30.582,65.4847
2026-07-21T16:18:14.049,41.1857,30.5429,65.6414
2026-07-21T16:18:14.070,41.1894,30.6995,65.8372
2026-07-21T16:18:14.077,41.1958,30.6799,66.033
2026-07-21T16:18:14.085,41.2331,30.5037,66.033
2026-07-21T16:18:14.099,41.2392,30.4254,65.9742
2026-07-21T16:18:14.099,41.2392,30.5037,65.5826
2026-07-21T16:18:14.112,41.2447,30.3666,65.3281
2026-07-21T16:18:14.132,41.249,30.2491,65.0344
2026-07-21T16:18:14.138,41.2552,30.0533,65.0148
2026-07-21T16:18:14.159,41.2962,29.9163,64.8973
2026-07-21T16:18:14.159,41.2962,29.8379,64.7994
2026-07-21T16:18:14.159,41.2962,29.8967,64.6819
2026-07-21T16:18:14.177,41.2962,29.7009,64.5644
2026-07-21T16:18:14.191,41.3155,29.6617,64.3099
2026-07-21T16:18:14.197,41.3276,29.4659,64.2707
2026-07-21T16:18:14.223,41.3752,29.3288,64.0945
2026-07-21T16:18:14.223,41.3752,29.1918,63.9966
2026-07-21T16:18:14.223,41.3752,29.1918,63.8008
2026-07-21T16:18:14.235,41.3816,29.368,63.4875
2026-07-21T16:18:14.238,41.3903,29.368,63.0959
2026-07-21T16:18:14.258,41.3903,29.3093,62.8022
2026-07-21T16:18:14.270,41.3998,29.1135,62.5868
2026-07-21T16:18:14.277,41.4084,28.8197,62.4105
2026-07-21T16:18:14.287,41.4431,28.5456,62.4105
2026-07-21T16:18:14.302,41.4535,28.4085,62.4889
2026-07-21T16:18:14.302,41.4572,28.3302,62.3322
2026-07-21T16:18:14.322,41.4635,28.1344,61.9993
2026-07-21T16:18:14.328,41.4698,27.8995,61.7448
2026-07-21T16:18:14.332,41.4698,27.7036,61.6469
2026-07-21T16:18:14.348,41.4794,27.5274,61.4902
2026-07-21T16:18:14.364,41.5197,27.2533,61.4707
2026-07-21T16:18:14.380,41.5197,27.2533,61.314
2026-07-21T16:18:14.380,41.5197,27.3316,61.314
2026-07-21T16:18:14.385,41.5197,27.2337,61.2553
2026-07-21T16:18:14.396,41.5329,27.2924,61.0986
2026-07-21T16:18:14.412,41.5432,27.2337,60.7853
2026-07-21T16:18:14.412,41.5432,27.1162,60.3937
2026-07-21T16:18:14.427,41.5808,27.0379,59.6497
2026-07-21T16:18:14.427,41.5808,26.8225,58.8077
2026-07-21T16:18:14.443,41.5808,26.568,57.9461
2026-07-21T16:18:14.462,41.5966,26.2938,57.5153
2026-07-21T16:18:14.462,41.5966,26.1372,57.0258
2026-07-21T16:18:14.478,41.5966,25.9022,56.6146
2026-07-21T16:18:14.485,41.6125,25.6477,56.2426
2026-07-21T16:18:14.492,41.6443,25.4519,55.8118
2026-07-21T16:18:14.507,41.6602,25.1777,55.244
2026-07-21T16:18:14.523,41.6622,25.0994,54.8328
2026-07-21T16:18:14.523,41.6666,25.0015,54.2258
2026-07-21T16:18:14.539,41.6666,25.0015,53.7558
2026-07-21T16:18:14.539,41.677,24.6686,53.4034
2026-07-21T16:18:14.555,41.683,24.6686,53.2467
2026-07-21T16:18:14.578,41.7271,24.649,53.3055
2026-07-21T16:18:14.586,41.7298,24.6295,53.3055
2026-07-21T16:18:14.586,41.7298,24.6295,53.3251
2026-07-21T16:18:14.586,41.7298,24.6295,53.0509
2026-07-21T16:18:14.609,41.7432,24.6295,52.7376
2026-07-21T16:18:14.619,41.7432,24.5316,52.6789
2026-07-21T16:18:14.628,41.7555,24.649,52.7572
2026-07-21T16:18:14.653,41.7869,24.5707,52.8355
2026-07-21T16:18:14.653,41.7869,24.4337,53.0314
2026-07-21T16:18:14.653,41.7869,24.4728,53.3055
2026-07-21T16:18:14.669,41.8037,24.4532,53.5405
2026-07-21T16:18:14.684,41.8099,24.5316,53.8537
2026-07-21T16:18:14.685,41.8099,24.5707,54.0691
2026-07-21T16:18:14.698,41.8218,24.6295,54.167
2026-07-21T16:18:14.698,41.85,24.6099,54.3628
2026-07-21T16:18:14.729,41.85,24.5903,54.5782
2026-07-21T16:18:14.729,41.8657,24.649,54.4803
2026-07-21T16:18:14.729,41.8657,24.5707,54.2649
2026-07-21T16:18:14.746,41.8754,24.512,54.1083
2026-07-21T16:18:14.752,41.8815,24.649,54.1279
2026-07-21T16:18:14.764,41.8815,24.7274,54.0887
2026-07-21T16:18:14.779,41.9128,24.6099,54.3824
2026-07-21T16:18:14.792,41.9285,24.6099,54.5978
2026-07-21T16:18:14.792,41.9285,24.5511,54.7936
2026-07-21T16:18:14.808,41.9373,24.4728,54.774
2026-07-21T16:18:14.818,41.9373,24.5511,54.6957
2026-07-21T16:18:14.824,41.9454,24.7274,54.4608
2026-07-21T16:18:14.855,41.9923,24.649,54.2454
2026-07-21T16:18:14.855,41.9938,24.6882,54.2845
2026-07-21T16:18:14.855,41.9938,24.6882,54.4608
2026-07-21T16:18:14.855,41.9938,24.649,54.1866
2026-07-21T16:18:14.879,41.9938,24.512,54.2062
2026-07-21T16:18:14.888,42.0079,24.5707,54.1475
2026-07-21T16:18:14.888,42.0079,24.5707,54.0887
2026-07-21T16:18:14.919,42.0555,24.6295,54.0887
2026-07-21T16:18:14.919,42.0555,24.6686,54.1083
2026-07-21T16:18:14.919,42.0555,24.5511,54.0104
2026-07-21T16:18:14.936,42.0676,24.4337,54.1083
2026-07-21T16:18:14.950,42.0712,24.4532,54.1475
2026-07-21T16:18:14.950,42.0776,24.3749,54.2062
2026-07-21T16:18:14.986,42.1183,24.3945,54.03
2026-07-21T16:18:14.986,42.1183,24.4141,53.6384
2026-07-21T16:18:14.986,42.1183,24.3553,53.3055
2026-07-21T16:18:14.998,42.1183,24.3553,53.0901
2026-07-21T16:18:15.003,42.1183,24.2378,53.188
2026-07-21T16:18:15.020,42.1343,24.2574,53.4426
2026-07-21T16:18:15.020,42.1436,24.1791,53.7754
2026-07-21T16:18:15.046,42.1812,24.1987,54.1083
2026-07-21T16:18:15.046,42.1812,24.2378,54.3433
2026-07-21T16:18:15.055,42.1834,24.3162,54.4803
2026-07-21T16:18:15.060,42.1834,24.3749,54.2845
2026-07-21T16:18:15.080,42.1971,24.3945,54.2845
2026-07-21T16:18:15.089,42.2361,24.3162,54.402
2026-07-21T16:18:15.108,42.2387,24.1791,54.7936
2026-07-21T16:18:15.108,42.2436,24.1399,54.9307
2026-07-21T16:18:15.108,42.2446,24.1791,54.5782
2026-07-21T16:18:15.126,42.2446,24.2183,54.167
2026-07-21T16:18:15.139,42.2446,24.2183,53.7558
2026-07-21T16:18:15.139,42.2921,24.1987,53.5992
2026-07-21T16:18:15.159,42.2977,24.1399,53.795
2026-07-21T16:18:15.171,42.2977,24.042,53.9908
2026-07-21T16:18:15.178,42.3081,24.0812,54.1866
2026-07-21T16:18:15.186,42.3137,24.042,54.3041
2026-07-21T16:18:15.187,42.3137,24.1204,54.2845
2026-07-21T16:18:15.203,42.3265,24.2574,53.8733
2026-07-21T16:18:15.234,42.3599,24.3553,53.56
2026-07-21T16:18:15.234,42.3599,24.3358,53.4426
2026-07-21T16:18:15.240,42.3599,24.3162,53.7558
2026-07-21T16:18:15.250,42.3716,24.1791,53.9321
2026-07-21T16:18:15.256,42.3726,24.1987,54.0887
2026-07-21T16:18:15.269,42.384,24.1008,54.1475
2026-07-21T16:18:15.281,42.4188,24.1204,53.6971
2026-07-21T16:18:15.299,42.4188,24.1399,53.0901
2026-07-21T16:18:15.299,42.4188,24.1204,52.7768
2026-07-21T16:18:15.302,42.4188,24.0812,52.6397
2026-07-21T16:18:15.315,42.4395,23.9637,52.816
2026-07-21T16:18:15.330,42.4436,23.8462,53.0118
2026-07-21T16:18:15.346,42.4659,23.8071,53.0118
2026-07-21T16:18:15.346,42.4659,23.8071,52.7376
2026-07-21T16:18:15.346,42.4659,23.8854,52.6397
2026-07-21T16:18:15.361,42.4819,24.0029,52.816
2026-07-21T16:18:15.382,42.4926,23.9833,53.2272
2026-07-21T16:18:15.386,42.4986,23.9246,53.7363
2026-07-21T16:18:15.408,42.5285,23.9246,53.9712
2026-07-21T16:18:15.408,42.5285,24.0225,53.7754
2026-07-21T16:18:15.408,42.54,24.1204,53.2859
2026-07-21T16:18:15.435,42.5485,24.1987,52.8747
2026-07-21T16:18:15.435,42.5485,24.3162,52.816
2026-07-21T16:18:15.443,42.5759,24.2183,53.1293
2026-07-21T16:18:15.471,42.5914,24.042,53.7558
2026-07-21T16:18:15.471,42.5914,23.9441,54.0691
2026-07-21T16:18:15.471,42.5914,23.8854,54.3237
2026-07-21T16:18:15.491,42.5914,23.8071,54.2454
2026-07-21T16:18:15.491,42.607,24.0812,53.8146
2026-07-21T16:18:15.518,42.6406,24.277,53.5209
2026-07-21T16:18:15.518,42.6406,24.3162,53.6384
2026-07-21T16:18:15.518,42.6437,24.2378,54.0496
2026-07-21T16:18:15.534,42.6437,24.1987,54.2845
2026-07-21T16:18:15.534,42.6552,24.0812,54.5587
2026-07-21T16:18:15.565,42.686,24.1399,54.9307
2026-07-21T16:18:15.568,42.7004,24.1791,55.0286
2026-07-21T16:18:15.568,42.7004,24.2378,54.9307
2026-07-21T16:18:15.586,42.7047,24.2574,54.9503
2026-07-21T16:18:15.597,42.7114,24.3358,54.9503
2026-07-21T16:18:15.597,42.7436,24.2378,54.9894
2026-07-21T16:18:15.628,42.7498,24.2183,55.1852
2026-07-21T16:18:15.628,42.7565,24.2378,55.3419
2026-07-21T16:18:15.628,42.7604,24.3553,55.2831
2026-07-21T16:18:15.647,42.7682,24.3553,54.9307
2026-07-21T16:18:15.654,42.7682,24.4337,54.6174
2026-07-21T16:18:15.686,42.7979,24.4728,54.5978
2026-07-21T16:18:15.686,42.8135,24.512,54.5587
2026-07-21T16:18:15.686,42.8135,24.5903,54.4999
2026-07-21T16:18:15.703,42.8201,24.7469,54.2845
2026-07-21T16:18:15.708,42.8201,25.0211,53.8146
2026-07-21T16:18:15.710,42.8283,25.5302,53.2859
2026-07-21T16:18:15.733,42.8648,25.9022,53.1684
2026-07-21T16:18:15.740,42.8648,26.1176,53.3446
2026-07-21T16:18:15.740,42.8648,26.1176,53.4621
2026-07-21T16:18:15.756,42.8754,26.1959,53.423
2026-07-21T16:18:15.762,42.8754,26.2155,53.2272
2026-07-21T16:18:15.790,42.9067,26.3134,52.816
2026-07-21T16:18:15.802,42.9223,26.333,52.3069
2026-07-21T16:18:15.802,42.9223,26.2155,51.7782
2026-07-21T16:18:15.818,42.9297,26.1372,51.6607
2026-07-21T16:18:15.818,42.9297,26.1763,51.6607
2026-07-21T16:18:15.818,42.9417,26.0001,51.5824
2026-07-21T16:18:15.849,42.9699,25.9805,51.4062
2026-07-21T16:18:15.849,42.9699,25.9414,51.4453
2026-07-21T16:18:15.849,42.9848,25.961,51.367
2026-07-21T16:18:15.872,42.9848,25.9022,51.2103
2026-07-21T16:18:15.880,42.9848,25.9414,51.1712
2026-07-21T16:18:15.886,43.0005,26.0589,51.3278
2026-07-21T16:18:15.912,43.0419,26.0001,51.5236
2026-07-21T16:18:15.912,43.0419,26.0001,51.7978
2026-07-21T16:18:15.912,43.0444,26.098,51.8761
2026-07-21T16:18:15.927,43.0476,25.961,51.8565
2026-07-21T16:18:15.927,43.0562,26.0393,51.739
2026-07-21T16:18:15.943,43.0633,26.2351,51.6999
2026-07-21T16:18:15.959,43.0948,26.2742,51.602
2026-07-21T16:18:15.974,43.0948,26.1763,51.6999
2026-07-21T16:18:15.974,43.0948,26.0589,51.8173
2026-07-21T16:18:15.990,43.1105,26.0197,51.8369
2026-07-21T16:18:16.005,43.1158,25.9414,51.8173
2026-07-21T16:18:16.005,43.1158,25.961,51.8565
2026-07-21T16:18:16.037,43.1443,26.1372,51.7586
2026-07-21T16:18:16.037,43.1443,26.1176,51.5824
2026-07-21T16:18:16.037,43.1579,26.0784,51.5628
2026-07-21T16:18:16.053,43.1579,26.1176,51.6215
2026-07-21T16:18:16.058,43.1579,26.0001,51.739
2026-07-21T16:18:16.058,43.2096,25.8826,51.9544
2026-07-21T16:18:16.086,43.2096,25.9414,51.9544
2026-07-21T16:18:16.086,43.2096,26.0001,51.974
2026-07-21T16:18:16.100,43.2213,25.9805,51.8761
2026-07-21T16:18:16.100,43.2213,26.0784,51.5628
2026-07-21T16:18:16.132,43.2685,26.1176,51.4453
2026-07-21T16:18:16.147,43.2685,26.0784,51.3082
2026-07-21T16:18:16.147,43.2685,26.0197,51.2887
2026-07-21T16:18:16.147,43.2685,25.8435,51.3082
2026-07-21T16:18:16.152,43.2847,25.6868,51.367
2026-07-21T16:18:16.172,43.291,25.491,51.4257
2026-07-21T16:18:16.178,43.2969,25.7064,51.4845
2026-07-21T16:18:16.187,43.3342,25.7456,51.3278
2026-07-21T16:18:16.195,43.3342,25.7456,51.0733
2026-07-21T16:18:16.211,43.3342,25.8239,50.8579
2026-07-21T16:18:16.211,43.3453,25.7651,50.8187
2026-07-21T16:18:16.227,43.3485,25.5693,51.0145
2026-07-21T16:18:16.239,43.3528,25.5106,51.3278
2026-07-21T16:18:16.259,43.3956,25.4519,51.4649
2026-07-21T16:18:16.259,43.3961,25.4127,51.3866
2026-07-21T16:18:16.259,43.3961,25.3735,51.0929
2026-07-21T16:18:16.276,43.4019,25.5302,50.76
2026-07-21T16:18:16.295,43.4084,25.4519,50.4663
2026-07-21T16:18:16.295,43.4148,25.3931,50.4271
2026-07-21T16:18:16.322,43.4494,25.3344,50.5054
2026-07-21T16:18:16.322,43.4563,25.1581,50.8383
2026-07-21T16:18:16.322,43.4588,24.9232,51.1516
2026-07-21T16:18:16.338,43.4588,25.0798,51.2887
2026-07-21T16:18:16.351,43.4588,25.0798,51.3866
2026-07-21T16:18:16.357,43.4701,25.3148,51.5041
2026-07-21T16:18:16.387,43.5063,25.4127,51.6607
2026-07-21T16:18:16.387,43.5063,25.4127,51.6803
2026-07-21T16:18:16.387,43.5063,25.3735,51.7586
2026-07-21T16:18:16.398,43.5142,25.4127,51.9544
2026-07-21T16:18:16.401,43.5228,25.3344,52.1894
2026-07-21T16:18:16.417,43.5537,25.354,52.3852
2026-07-21T16:18:16.433,43.5537,25.4127,52.5027
2026-07-21T16:18:16.433,43.5693,25.4714,52.209
2026-07-21T16:18:16.448,43.5693,25.4127,52.0327
2026-07-21T16:18:16.456,43.5693,25.4323,52.1698
2026-07-21T16:18:16.465,43.5878,25.491,52.4635
2026-07-21T16:18:16.486,43.6164,25.491,52.6397
2026-07-21T16:18:16.496,43.6164,25.491,52.7768
2026-07-21T16:18:16.496,43.6164,25.5106,52.581
2026-07-21T16:18:16.496,43.6164,25.5498,52.4439
2026-07-21T16:18:16.511,43.6322,25.5302,52.3069
2026-07-21T16:18:16.530,43.6448,25.5302,52.346
2026-07-21T16:18:16.543,43.6768,25.6672,52.4831
2026-07-21T16:18:16.559,43.6827,25.6477,52.6789
2026-07-21T16:18:16.559,43.6827,25.5693,52.7376
2026-07-21T16:18:16.574,43.6827,25.6477,52.6202
2026-07-21T16:18:16.579,43.6954,25.7847,52.2677
2026-07-21T16:18:16.587,43.7016,25.9414,51.9348
2026-07-21T16:18:16.610,43.7287,26.0589,51.7194
2026-07-21T16:18:16.610,43.745,26.2155,51.7194
2026-07-21T16:18:16.622,43.745,26.3722,51.9348
2026-07-21T16:18:16.625,43.7522,26.4309,52.1306
2026-07-21T16:18:16.638,43.7522,26.4505,52.0719
2026-07-21T16:18:16.644,43.7899,26.2547,52.0327
2026-07-21T16:18:16.663,43.7899,26.2938,51.9153
2026-07-21T16:18:16.671,43.7899,26.1763,51.7782
2026-07-21T16:18:16.671,43.7899,26.1176,51.6803
2026-07-21T16:18:16.694,43.806,26.0393,51.6607
2026-07-21T16:18:16.694,43.806,25.8631,51.4062
2026-07-21T16:18:16.716,43.8534,25.6281,51.1908
2026-07-21T16:18:16.721,43.8534,25.5498,51.0145
2026-07-21T16:18:16.732,43.8534,25.6085,50.9362
2026-07-21T16:18:16.732,43.8534,25.726,50.76
2026-07-21T16:18:16.748,43.8736,25.5889,50.6033
2026-07-21T16:18:16.764,43.8736,25.5498,50.3684
2026-07-21T16:18:16.766,43.9163,25.4714,50.2705
2026-07-21T16:18:16.787,43.9163,25.2952,50.1138
2026-07-21T16:18:16.787,43.9163,25.2952,50.1334
2026-07-21T16:18:16.796,43.9337,25.1973,49.9768
2026-07-21T16:18:16.816,43.9404,25.0994,50.0942
2026-07-21T16:18:16.816,43.9456,25.1777,50.2509
2026-07-21T16:18:16.827,43.9479,25.2169,50.1921
2026-07-21T16:18:16.827,43.9919,25.0994,49.918
2026-07-21T16:18:16.858,43.995,25.0602,49.6635
2026-07-21T16:18:16.858,43.995,24.9819,49.4677
2026-07-21T16:18:16.878,44.0043,24.9428,49.2914
2026-07-21T16:18:16.883,44.0043,25.0015,49.0565
2026-07-21T16:18:16.890,44.0107,25.0798,48.8802
2026-07-21T16:18:16.897,44.0107,25.1581,48.6257
2026-07-21T16:18:16.922,44.0458,25.1777,48.2537
2026-07-21T16:18:16.922,44.0458,25.256,47.7641
2026-07-21T16:18:16.922,44.0582,25.0994,47.3529
2026-07-21T16:18:16.937,44.0678,24.9036,47.0788
2026-07-21T16:18:16.946,44.0678,24.9623,46.8438
2026-07-21T16:18:16.953,44.0761,24.9232,46.6872
2026-07-21T16:18:16.969,44.1053,24.8057,46.6872
2026-07-21T16:18:16.988,44.1213,24.884,46.6872
2026-07-21T16:18:16.988,44.1213,24.7665,46.7068
2026-07-21T16:18:17.000,44.1213,24.6295,46.4326
2026-07-21T16:18:17.010,44.1297,24.5707,46.3152
2026-07-21T16:18:17.018,44.137,24.5903,46.1585
2026-07-21T16:18:17.032,44.1684,24.4728,46.0606
2026-07-21T16:18:17.032,44.1684,24.3945,46.0802
2026-07-21T16:18:17.047,44.1684,24.4337,46.0998
2026-07-21T16:18:17.047,44.1865,24.512,46.0802
2026-07-21T16:18:17.072,44.1972,24.4337,46.0998
2026-07-21T16:18:17.079,44.1998,24.5316,45.9235
2026-07-21T16:18:17.095,44.2312,24.4141,45.8256
2026-07-21T16:18:17.111,44.2462,24.3553,45.6886
2026-07-21T16:18:17.111,44.2472,24.3945,45.8256
2026-07-21T16:18:17.111,44.2557,24.3553,45.8648
2026-07-21T16:18:17.129,44.2578,24.2183,45.7865
2026-07-21T16:18:17.142,44.2633,24.1791,45.7669
2026-07-21T16:18:17.142,44.2633,24.1399,45.7473
2026-07-21T16:18:17.158,44.3005,24.1987,45.7277
2026-07-21T16:18:17.173,44.3068,24.2183,45.8452
2026-07-21T16:18:17.173,44.3107,24.3553,45.8844
2026-07-21T16:18:17.200,44.316,24.2966,45.8844
2026-07-21T16:18:17.200,44.316,24.277,45.8648
2026-07-21T16:18:17.205,44.316,24.1791,45.6102
2026-07-21T16:18:17.228,44.3628,24.1595,45.3753
2026-07-21T16:18:17.237,44.3628,24.0029,45.2774
2026-07-21T16:18:17.237,44.3628,24.0225,45.2382
2026-07-21T16:18:17.253,44.3749,24.0616,45.2382
2026-07-21T16:18:17.258,44.3787,24.0225,45.1403
2026-07-21T16:18:17.271,44.3826,23.9441,45.1011
2026-07-21T16:18:17.284,44.4213,23.8854,44.9641
2026-07-21T16:18:17.300,44.4213,23.7483,44.7879
2026-07-21T16:18:17.300,44.4213,23.7092,44.6116
2026-07-21T16:18:17.305,44.4299,23.6504,44.5529
2026-07-21T16:18:17.321,44.4387,23.6896,44.5333
2026-07-21T16:18:17.325,44.4407,23.4938,44.6508
2026-07-21T16:18:17.332,44.4678,23.4938,44.7291
2026-07-21T16:18:17.347,44.4835,23.3959,44.9249
2026-07-21T16:18:17.347,44.4835,23.4155,44.9837
2026-07-21T16:18:17.363,44.4835,23.4742,45.0228
2026-07-21T16:18:17.379,44.4835,23.5721,44.9249
2026-07-21T16:18:17.389,44.5306,23.5329,44.8466
2026-07-21T16:18:17.410,44.5306,23.6308,44.9249
2026-07-21T16:18:17.410,44.5404,23.4155,45.0816
2026-07-21T16:18:17.410,44.5434,23.3763,45.1795
2026-07-21T16:18:17.426,44.548,23.3763,45.2382
2026-07-21T16:18:17.426,44.548,23.4155,45.1403
2026-07-21T16:18:17.455,44.5777,23.3959,45.0032
2026-07-21T16:18:17.473,44.5934,23.5329,44.9445
2026-07-21T16:18:17.473,44.5934,23.3959,45.0816
2026-07-21T16:18:17.483,44.5996,23.435,45.062
2026-07-21T16:18:17.490,44.5996,23.2588,45.1207
2026-07-21T16:18:17.490,44.6094,23.2588,45.0816
2026-07-21T16:18:17.520,44.6462,23.2001,44.9053
2026-07-21T16:18:17.520,44.6462,23.1609,44.827
2026-07-21T16:18:17.520,44.6487,23.1022,44.6312
2026-07-21T16:18:17.542,44.6564,22.9455,44.4158
2026-07-21T16:18:17.552,44.6662,22.8476,44.2983
2026-07-21T16:18:17.552,44.6878,22.7105,44.1025
2026-07-21T16:18:17.583,44.7066,22.4364,43.9067
2026-07-21T16:18:17.583,44.7066,22.1623,43.5738
2026-07-21T16:18:17.591,44.7066,21.9273,43.4172
2026-07-21T16:18:17.608,44.7193,21.8686,43.4759
2026-07-21T16:18:17.612,44.7247,21.9077,43.7501
2026-07-21T16:18:17.630,44.7522,21.8098,43.9655
2026-07-21T16:18:17.630,44.7522,21.8686,44.0634
2026-07-21T16:18:17.630,44.7522,21.8294,43.9459
2026-07-21T16:18:17.649,44.77,21.7707,43.8676
2026-07-21T16:18:17.665,44.773,21.8098,43.7697
2026-07-21T16:18:17.670,44.773,21.849,43.7892
2026-07-21T16:18:17.694,44.8197,21.9665,43.9067
2026-07-21T16:18:17.694,44.8197,22.0448,43.9655
2026-07-21T16:18:17.694,44.8297,22.0252,43.8871
2026-07-21T16:18:17.712,44.8307,21.9665,43.7501
2026-07-21T16:18:17.715,44.8307,22.084,43.9459
2026-07-21T16:18:17.725,44.8779,22.2602,44.2004
2026-07-21T16:18:17.725,44.8779,22.2014,44.2788
2026-07-21T16:18:17.741,44.8844,22.1427,44.4941
2026-07-21T16:18:17.762,44.8844,22.0252,44.6508
2026-07-21T16:18:17.773,44.8937,22.0448,44.9249
2026-07-21T16:18:17.773,44.8937,21.9861,45.0816
2026-07-21T16:18:17.792,44.9093,22.1231,44.8466
2026-07-21T16:18:17.804,44.9411,22.0056,44.5137
2026-07-21T16:18:17.804,44.9411,21.9665,44.2396
2026-07-21T16:18:17.820,44.9465,21.9077,44.1025
2026-07-21T16:18:17.827,44.9496,21.8686,44.0829
2026-07-21T16:18:17.836,44.9577,21.8098,44.2396
2026-07-21T16:18:17.848,44.9577,22.0056,44.5529
2026-07-21T16:18:17.862,44.9885,22.0056,44.4158
2026-07-21T16:18:17.867,45.0015,22.0252,44.2004
2026-07-21T16:18:17.881,45.0058,21.8882,44.0634
2026-07-21T16:18:17.892,45.0058,21.7511,44.0438
2026-07-21T16:18:17.900,45.0169,21.4965,43.9263
2026-07-21T16:18:17.917,45.0514,21.4182,44.0242
2026-07-21T16:18:17.917,45.0514,21.4574,44.2004
2026-07-21T16:18:17.931,45.0514,21.4574,44.1809
2026-07-21T16:18:17.931,45.0514,21.477,44.0438
2026-07-21T16:18:17.948,45.0681,21.4965,43.9655
2026-07-21T16:18:17.959,45.074,21.4965,43.848
2026-07-21T16:18:17.989,45.1082,21.4182,43.8871
2026-07-21T16:18:17.989,45.1082,21.477,44.2592
2026-07-21T16:18:17.989,45.1082,21.4182,44.7095
2026-07-21T16:18:17.994,45.1179,21.3203,44.9249
2026-07-21T16:18:18.009,45.1179,21.3007,45.0816
2026-07-21T16:18:18.016,45.1595,21.3791,45.0228
2026-07-21T16:18:18.025,45.1615,21.4182,45.062
2026-07-21T16:18:18.041,45.1683,21.5357,45.3949
2026-07-21T16:18:18.050,45.1732,21.9077,46.0214
2026-07-21T16:18:18.067,45.1809,21.8294,46.3543
2026-07-21T16:18:18.067,45.1809,21.7315,46.3739
2026-07-21T16:18:18.092,45.2249,21.8098,46.041
2026-07-21T16:18:18.092,45.2249,21.7707,45.8844
2026-07-21T16:18:18.092,45.2249,21.7903,45.9627
2026-07-21T16:18:18.110,45.2302,21.849,46.2368
2026-07-21T16:18:18.123,45.2411,21.8686,46.2564
2026-07-21T16:18:18.130,45.2466,21.7119,46.3739
2026-07-21T16:18:18.138,45.2726,21.5749,46.1977
2026-07-21T16:18:18.151,45.2883,21.477,46.1585
2026-07-21T16:18:18.151,45.2883,21.3791,46.0606
2026-07-21T16:18:18.167,45.2883,21.2812,46.0802
2026-07-21T16:18:18.183,45.2883,21.2812,45.9235
2026-07-21T16:18:18.189,45.2883,21.242,45.8256
2026-07-21T16:18:18.215,45.3421,21.1441,46.041
2026-07-21T16:18:18.215,45.3431,21.1637,46.3935
2026-07-21T16:18:18.215,45.3453,21.2028,46.9417
2026-07-21T16:18:18.230,45.3519,21.1832,47.3334
2026-07-21T16:18:18.230,45.3604,21.2028,47.3334
