-10.171509 -20.343018 -37.36267 -40.786743 -42.196655 -13.897705 -4.2297363 -2.9205322 -6.5460205 -10.574341 -4.6325684 3.2226562 10.473633 -1.0070801 -13.796997 -9.164429 9.869385 0.20141602 19.033813 14.904785 9.265137 -8.157349 -7.7545166 3.0212402 23.968506 35.549927 36.85913 44.0094 48.339844 57.10144 53.979492 8.056641 -40.081787 -41.592407 -25.27771 -21.853638 -31.420898 -46.829224 -62.539673 -42.599487 -13.192749 -4.1290283 -26.28479 -29.104614 -31.521606 -9.567261 7.8552246 17.926025 20.343018 15.408325 19.436646 30.917358 41.4917 31.420898 44.714355 48.03772 58.20923 70.495605 98.89526 142.40112 142.40112 142.40112 142.40112 142.40112 142.40112 142.40112 142.40112 142.40112 142.40112 142.40112 142.40112 142.40112 142.40112 142.40112 142.40112 142.40112 142.40112 142.40112 142.40112 142.40112 -6.4453125 20.343018 33.83789 22.961426 -14.300537 -36.053467 -42.800903 -34.140015 -23.364258 -20.141602 -23.364258 -20.443726 -8.258057 19.839478 47.232056 39.779663 14.401245 -48.94409 -78.95508 -64.85596 -46.42639 -66.06445 -95.269775 -74.2218 -24.27063 -29.003906 -39.37683 -38.671875 -19.335938 -7.9559326 -6.8481445 3.2226562 14.602661 52.06604 102.62146 148.54431 168.4845 157.80945 126.89209 96.47827 80.26428 33.535767 -33.636475 -82.27844 -104.434204 -82.681274 -44.41223 -2.0141602 46.627808 79.35791 102.319336 135.04944 136.15723 58.20923 -55.08728 -118.73474 -123.065186 -95.773315 -84.2926 -77.041626 -64.453125 -74.12109 -67.07153 -53.57666 -61.331177 -68.38074 -63.546753 -40.88745 -30.615234 -23.162842 -9.970093 -3.1219482 -8.963013 -0.9063721 7.0495605 -0.60424805 -21.047974 -21.853638 -16.415405 -13.394165 -13.394165 -13.394165 -13.394165 -13.394165 -13.394165 -13.394165 -13.394165 -13.394165 -13.394165 -13.394165 -13.394165 -13.394165 -13.394165 -13.394165 -13.394165 -13.394165 -13.394165 -13.394165 -13.394165 -13.394165 -72.10693 -67.977905 -49.749756 -41.4917 -20.846558 -38.87329 -72.40906 -91.34216 -72.40906 -33.83789 2.0141602 26.889038 44.815063 37.261963 -2.5177002 -15.509033 -10.372925 -7.4523926 -5.4382324 8.761597 
46.829224 51.763916 33.83789 15.710449 10.977173 17.825317 25.579834 15.307617 15.408325 16.314697 7.3516846 10.372925 6.5460205 2.1148682 -12.789917 8.459473 6.1431885 8.358765 5.8410645 15.005493 15.609741 7.3516846 5.4382324 4.1290283 11.782837 11.883545 11.984253 -0.9063721 -0.9063721 8.258057 17.120361 18.127441 21.853638 27.493286 31.118774 40.182495 42.700195 53.878784 46.728516 43.40515 30.111694 28.29895 34.240723 32.730103 15.811157 13.696289 17.22107 25.680542 18.73169 8.963013 -10.272217 -9.970093 4.0283203 12.890625 39.98108 57.000732 58.007812 55.892944 66.16516 82.78198 99.49951 70.69702 46.02356 56.497192 50.656128 20.544434 4.3304443 1.9134521 21.24939 -0.20141602 -42.700195 -78.35083 -85.5011 -73.91968 -53.57666 -23.666382 13.494873 15.609741 19.335938 38.571167 82.177734 126.48926 140.28625 121.554565 97.283936 98.49243 98.291016 88.32092 53.475952 26.28479 -10.574341 -33.9386 -32.528687 -55.59082 -92.55066 -101.815796 -93.0542 -106.448364 -130.61829 -125.48218 -127.093506 -108.76465 -80.163574 -28.198242 15.811157 7.0495605 -44.311523 -58.813477 -40.48462 10.876465 55.792236 89.63013 98.39172 113.90076 108.76465 102.52075 68.07861 36.254883 17.926025 19.335938 69.28711 101.01013 94.262695 46.325684 -6.5460205 -36.95984 -50.55542 -51.05896 -58.813477 -76.43738 -119.84253 -135.35156 -105.54199 -93.45703 -97.68677 -99.298096 -98.794556 -103.427124 -112.490845 -112.08801 -98.39172 -89.730835 -79.2572 -58.511353 -43.807983 -25.479126 -23.162842 -8.761597 -10.977173 -8.761597 -14.300537 -9.164429 -3.4240723 13.494873 14.904785 14.501953 7.5531006 17.120361 17.623901 25.479126 33.233643 39.37683 30.111694 8.660889 -2.3162842 -18.22815 29.708862 23.968506 39.276123 42.297363 58.309937 64.85596 65.15808 49.246216 31.32019 33.33435 32.42798 28.500366 -5.1361084 -52.770996 -50.958252 -35.247803 -14.401245 7.6538086 17.523193 3.9276123 -14.199829 -22.76001 -25.680542 -28.097534 -12.588501 -10.372925 -22.25647 -25.378418 -27.392578 -15.811157 6.5460205 14.401245 11.178589 7.8552246 
-3121.5454 -3106.9426 -3091.8364 -3077.6367 -3063.1348 -3048.6328 -2573.593 361.13892 3299.8992 3299.8992 3299.8992 3299.8992 3299.8992 3299.8992 3299.8992 3299.8992 3299.8992 3299.8992 3299.8992 3299.8992 3299.8992 3299.8992 3299.8992 3299.8992 3294.159 3277.6428 2433.9111 3272.6074 3289.5264 -3293.756 -3277.4414 -3260.9253 -3244.9126 -3228.7993 -3212.9883 -3197.2778 -3181.668 -3166.2598 -3151.0527 -3135.9465 -3121.0417 -3105.835 -3091.5344 -3076.4282 -3062.0269 -3047.7263 -2466.2383 419.75098 3299.8992 3299.8992 3299.8992 3299.8992 3299.8992 3299.8992 3299.8992 3299.8992 3299.8992 3299.8992 3299.8992 3299.8992 3299.8992 3299.8992 3299.8992 3299.8992 3294.159 3277.7434 1581.8207 3276.233 3293.051 -3290.332 -3273.816 -3257.5012 -3241.4885 -3225.476 -3209.6648 -3193.9543 -3178.3447 -3162.9363 -3147.83 -3132.7239 -3117.819 -3103.2166 -3088.1104 -3073.9104 -3059.5093 -3045.0073 -2390.0024 597.80273 3299.8992 3299.8992 3299.8992 3299.8992 3299.8992 3299.8992 3299.8992 3299.8992 3299.8992 3299.8992 3299.8992 3299.8992 3299.8992 3299.8992 3299.8992 3299.8992 3295.0652 3278.549 835.77576 3279.2542 3296.173 -3287.21 -3270.7947 -3254.5806 -3238.4673 -3222.4548 -3206.6436 -3190.933 -3175.525 -3160.2173 -3145.0103 -3129.904 -3114.8987 -3100.4973 -3085.794 -3070.7886 -3056.488 -3042.288 -2113.2568 993.1824 3299.8992 3299.8992 3299.8992 3299.8992 3299.8992 3299.8992 3299.8992 3299.8992 3299.8992 3299.8992 3299.8992 3299.8992 3299.8992 3299.8992 3299.8992 3299.8992 3294.2595 3277.542 -392.76123 3281.067 3297.885 -3285.5986 -3269.0825 -3252.7678 -3236.7554 -3220.8435 -3205.0322 -3189.3218 -3173.9136 -3158.5051 -3143.399 -3128.2927 -3113.388 -3098.1812 -3083.5784 -3069.3787 -3054.9773 -3040.4753 -1828.4546 1190.8722 3299.8992 3299.8992 3299.8992 3299.8992 3299.8992 3299.8992 3299.8992 3299.8992 3299.8992 3299.8992 3299.8992 3299.8992 3299.8992 3299.8992 3299.8992 3299.8992 3293.9575 3277.1392 -1411.1206 3282.9802 3299.8992 -3283.5845 -3267.1692 -3250.8545 -3234.8418 -3219.0308 -3203.2195 -3187.6099 -3172.1008 -3156.7932 -3141.5862 -3126.5808 
-3157.901 -3143.7012 -3130.005 -3116.1072 -3102.31 -3089.0166 -1876.9958 831.2439 3272.708 3299.8992 3299.8992 3299.8992 3299.8992 3299.8992 3299.8992 3299.8992 3299.8992 3299.8992 3299.8992 3299.8992 3299.8992 3299.8992 3298.892 3283.9873 3269.1833 3253.9763 2250.7231 3249.1423 3265.0542 3280.664 3296.0723 -3288.5193 -3273.413 -3258.4075 -3243.5027 -3228.6987 -3213.9954 -3199.4934 -3184.9915 -3170.691 -3156.5918 -3142.2913 -3128.4941 -3114.6973 -3101.001 -3087.6067 -1111.4136 1370.1324 3299.8992 3299.8992 3299.8992 3299.8992 3299.8992 3299.8992 3299.8992 3299.8992 3299.8992 3299.8992 3299.8992 3299.8992 3299.8992 3299.8992 3293.4539 3278.65 3263.745 3248.639 1360.5652 3247.0276 3262.8386 3278.549 3293.8567 3299.8992 -3275.5278 -3260.5225 -3245.5168 -3230.8135 -3216.211 -3201.6082 -3187.207 -3172.8057 -3158.606 -3144.406 -3130.5083 -3116.7114 -3103.0151 -3089.1174 -1124.5056 1429.6509 3299.8992 3299.8992 3299.8992 3299.8992 3299.8992 3299.8992 3299.8992 3299.8992 3299.8992 3299.8992 3299.8992 3299.8992 3299.8992 3299.8992 3291.1377 3276.3335 3261.6301 3246.7253 322.97058 3247.8333 3263.6443 3279.2542 3294.7632 -3289.8284 -3274.823 -3259.7168 -3244.812 -3230.0078 -3215.4053 -3200.9033 -3186.502 -3172.1008 -3157.901 -3144.104 -3129.904 -3116.0063 -3102.31 -3088.5132 -1140.8203 1419.9829 3299.8992 3299.8992 3299.8992 3299.8992 3299.8992 3299.8992 3299.8992 3299.8992 3299.8992 3299.8992 3299.8992 3299.8992 3299.8992 3299.8992 3291.8425 3277.0386 3262.1338 3247.3296 -394.7754 3250.4517 3266.162 3281.8726 3297.2808 -3287.4114 -3272.2046 -3257.2998 -3242.395 -3227.5908 -3212.9883 -3198.3855 -3183.9844 -3169.7844 -3155.5847 -3141.7876 -3127.588 -3113.8916 -3099.994 -3056.5886 -730.03235 1812.1399 3299.8992 3299.8992 3299.8992 3299.8992 3299.8992 3299.8992 3299.8992 3299.8992 3299.8992 3299.8992 3299.8992 3299.8992 3299.8992 3299.8992 3289.8284 3275.0244 3260.2202 3245.2148 -1529.1504 3251.1565 3266.9678 3282.6782 3298.0864 -3286.7065 -3271.399 -3256.4941 -3241.5894 -3226.7852 -3212.2832 -3197.7812 -3183.3801 -3169.0796 
3181.668 3167.166 3152.8655 3138.3635 3123.761 2694.7449 818.25256 -860.3485 -2203.6926 -3242.9993 3141.7876 3157.5989 3173.108 3188.617 3203.9246 3219.2322 3234.439 3249.5452 3264.6514 3279.4556 3294.2595 -3291.0369 -3276.132 -3261.5295 -3247.1282 -3232.9285 -1788.4735 3299.8992 3299.8992 3299.8992 3299.8992 3299.8992 3297.2808 3282.5774 3267.6726 3252.8687 3238.1653 3223.462 3208.7585 3193.9543 3179.3518 3164.6484 3150.0457 3135.5437 3121.1426 2583.4624 809.39026 -916.4429 -2243.3716 3299.8992 3140.579 3156.2896 3172 3187.4084 3202.8167 3218.0237 3233.2305 3248.3367 3263.3423 3278.3477 3293.1519 -3292.1448 -3277.6428 -3262.9395 -3248.8403 -3234.5398 -1101.8463 3299.8992 3299.8992 3299.8992 3299.8992 3299.8992 3292.749 3277.8442 3263.04 3248.236 3233.432 3218.628 3203.8237 3189.2212 3174.5178 3159.915 3145.7153 3131.5154 3114.1936 2381.0393 401.72424 -1265.3961 -2629.5867 3126.9836 3142.996 3158.606 3174.2156 3189.7246 3204.9316 3220.2393 3235.3455 3250.4517 3265.457 3280.3618 3295.166 -3290.0298 -3275.2258 -3260.9253 -3246.121 -3231.72 -773.6389 3299.8992 3299.8992 3299.8992 3299.8992 3299.8992 3293.756 3278.952 3264.2485 3249.4446 3234.5398 3219.7356 3205.0322 3190.3289 3175.7263 3161.1235 3146.4202 3132.019 3114.2944 2207.1167 271.30737 -1390.1733 -2644.29 3130.1055 3146.0173 3161.7278 3177.3376 3192.7458 3208.0535 3223.2605 3238.3667 3253.473 3268.579 3283.383 3298.1873 -3287.0085 -3272.6074 -3258.307 -3243.5027 -3229.2021 -61.431885 3299.8992 3299.8992 3299.8992 3299.8992 3299.8992 3293.5547 3278.7505 3263.9465 3249.0417 3234.2375 3219.4336 3204.7302 3190.0269 3175.3235 3160.8215 3146.2188 3131.9182 3112.0789 1910.9344 60.525513 -1594.9127 -3048.4314 3135.0403 3150.8513 3166.4612 3181.9702 3197.5798 3212.7869 3227.9937 3243.0999 3258.206 3273.2117 3288.0156 3299.8992 -3282.6782 -3267.874 -3253.5735 -3238.971 -3224.8718 523.3795 3299.8992 3299.8992 3299.8992 3299.8992 3299.8992 3295.5688 3281.067 3266.0613 3251.1565 3236.2517 3221.4478 3206.543 3191.9402 
-3018.1182 -3004.019 -2990.5242 -2976.425 -2962.7288 -2949.1333 -2833.0168 -1347.171 168.18237 1808.313 2981.7627 3299.8992 3299.8992 3299.8992 3299.8992 3299.8992 3299.8992 3299.8992 3299.8992 3299.8992 3299.8992 3299.8992 3299.8992 3299.8992 3299.8992 3299.8992 3279.8584 -2893.1396 -3191.5374 -3176.0283 -3160.5193 -3145.3125 -3130.307 -3115.3015 -3100.4973 -3086.0962 -3071.4934 -3057.0923 -3042.7917 -3028.6926 -3014.5935 -3000.595 -2987.1 -2973.1018 -2959.4055 -2945.9106 -2599.777 -1083.5175 467.38586 2061.795 3158.4045 3299.8992 3299.8992 3299.8992 3299.8992 3299.8992 3299.8992 3299.8992 3299.8992 3299.8992 3299.8992 3299.8992 3299.8992 3299.8992 3299.8992 3299.8992 3055.2795 -3207.3486 -3191.4368 -3175.827 -3160.4187 -3145.2117 -3130.1055 -3115.2007 -3100.5981 -3085.8948 -3071.292 -3056.9915 -3042.691 -3028.4912 -3014.4927 -3000.595 -2986.4958 -2972.7996 -2959.4055 -2945.9106 -2350.7263 -726.30615 746.54846 2230.9844 3240.5823 3299.8992 3299.8992 3299.8992 3299.8992 3299.8992 3299.8992 3299.8992 3299.8992 3299.8992 3299.8992 3299.8992 3299.8992 3299.8992 3299.8992 3299.8992 2688.6016 -3208.8591 -3192.8467 -3177.3376 -3161.8286 -3146.823 -3131.7168 -3116.812 -3102.1086 -3087.506 -3073.0042 -3058.5022 -3044.3022 -3030.0017 -3015.9026 -3002.005 -2988.0066 -2974.3103 -2960.8154 -2947.3206 -2313.162 -696.4966 683.2031 2253.241 3299.8992 3299.8992 3299.8992 3299.8992 3299.8992 3299.8992 3299.8992 3299.8992 3299.8992 3299.8992 3299.8992 3299.8992 3299.8992 3299.8992 3299.8992 3299.8992 2141.5557 -3206.845 -3191.034 -3175.424 -3160.2173 -3145.0103 -3129.904 -3115.1 -3100.3967 -3085.6934 -3071.1914 -3056.8909 -3042.5903 -3028.4912 -3014.4927 -3000.4944 -2986.8987 -2973.001 -2959.204 -2945.7092 -2308.0261 -600.42114 938.90076 2441.6655 3299.8992 3299.8992 3299.8992 3299.8992 3299.8992 3299.8992 3299.8992 3299.8992 3299.8992 3299.8992 3299.8992 3299.8992 3299.8992 3299.8992 3299.8992 3299.8992 1765.5121 -3206.1401 -3190.2283 -3174.7192 -3159.5122 -3144.3054 -3129.2998 -3114.395 -3099.6917 -3085.089 -3070.6877 -3056.3872 -3041.986 -3027.7861 
3138.8672 3123.761 3108.8562 3093.75 3072.702 2208.3252 756.41785 -709.4879 -1291.1774 -2042.7612 -2800.9917 3103.1157 3119.934 3136.5508 3152.9663 3169.3816 3185.5957 3201.709 3217.7214 3233.7341 3249.646 3265.457 3280.664 3296.6765 -3287.7136 -3272.5066 -1767.5262 3299.8992 3299.8992 3299.8992 3287.7136 3272.5066 3257.5012 3242.2942 3226.7852 3211.679 3196.0693 3180.661 3165.1519 3149.8442 3134.6375 3119.5312 3104.0222 3089.4194 3031.4116 2115.6738 646.2433 -965.28625 -1610.1196 -2376.8096 -3224.2676 3107.144 3123.761 3140.277 3156.8938 3173.2085 3189.3218 3205.536 3221.347 3237.2588 3253.2715 3268.982 3284.2896 3299.8992 -3284.2896 -3268.982 -1277.7832 3299.8992 3299.8992 3299.8992 3288.217 3272.9094 3257.7026 3242.5964 3227.188 3211.679 3196.3713 3180.8623 3165.3533 3149.945 3134.9395 3119.7327 3104.2236 3089.8223 3023.8586 1971.3593 484.3048 -1069.9219 -1686.1542 -2450.2258 -3282.074 3110.0647 3126.8828 3143.4998 3160.0159 3176.1292 3192.343 3208.4563 3224.3682 3240.3809 3256.2927 3272.0032 3287.1094 3299.8992 -3281.4697 -3266.2627 -977.1698 3299.8992 3299.8992 3299.8992 3289.1235 3274.0173 3258.9111 3243.6035 3228.296 3212.8875 3197.3784 3181.8694 3166.3604 3150.9521 3135.846 3120.8403 3105.9355 3090.9302 2991.0278 1882.4341 460.2356 -1025.3082 -1592.6971 -2309.2346 -3082.4707 3109.7625 3126.3794 3142.996 3159.5122 3175.7263 3191.9402 3208.0535 3223.9653 3240.0786 3255.789 3271.4995 3287.4114 3299.8992 -3281.7717 -3266.565 -503.64075 3299.8992 3299.8992 3299.8992 3286.203 3270.996 3255.89 3240.5823 3225.1738 3209.7656 3194.3572 3178.8481 3163.44 3148.1323 3132.8247 3117.819 3102.5115 3087.7075 2931.5093 1768.2312 289.93835 -1168.2129 -1759.9731 -2491.4153 -3281.9731 3111.978 3128.6956 3145.0103 3161.5264 3177.841 3193.9543 3210.1685 3225.9795 3241.8914 3257.8032 3273.6145 3288.8213 3299.8992 -3279.959 -3264.5508 41.89453 3299.8992 3299.8992 3299.7986 3284.9944 3269.6868 3254.5806 3239.1724 3223.9653 3208.5571 3193.048 3177.4382 3162.03 3146.823 
-2972.5981 -2937.4512 -2669.3665 -2206.0088 -1567.8223 -1216.5527 -899.92676 -639.9994 -345.12634 25.680542 511.7981 715.5304 1607.7026 3103.0151 3299.8992 3299.8992 3299.8992 3299.8992 3299.8992 3299.8992 3299.8992 3299.8992 3299.8992 3299.8992 3299.8992 3299.8992 2049.6094 -598.20557 -2416.9922 -3124.768 -3109.7625 -3095.059 -3080.5571 -3066.0552 -3051.8555 -3037.857 -3023.6572 -3009.7595 -2995.8618 -2982.1655 -2968.4692 -2947.4211 -2570.169 -2213.864 -2040.6464 -1640.1306 -1135.1807 -769.10706 -482.39136 -18.328857 419.24744 653.09143 1693.9087 3293.3533 3299.8992 3299.8992 3299.8992 3299.8992 3299.8992 3299.8992 3299.8992 3299.8992 3299.8992 3299.8992 3299.8992 3299.8992 2042.157 -480.88074 -2241.458 -3116.7114 -3101.8066 -3087.1033 -3072.6013 -3058.0994 -3043.7988 -3029.8003 -3015.9026 -3001.8035 -2988.1072 -2974.5117 -2960.8154 -2712.8723 -2309.9395 -1878.305 -1571.5485 -1174.2554 -586.2213 -193.7622 47.03064 297.995 605.0537 837.5885 1844.165 3299.8992 3299.8992 3299.8992 3299.8992 3299.8992 3299.8992 3299.8992 3299.8992 3299.8992 3299.8992 3299.8992 3299.8992 3299.8992 1303.2623 -1211.618 -2905.6274 -3117.7185 -3102.8137 -3088.3118 -3073.8098 -3059.4084 -3045.2087 -3031.0088 -3017.0105 -3003.1128 -2989.3157 -2975.7202 -2961.923 -2804.2144 -2427.4658 -2029.2664 -1554.2267 -1058.5419 -802.94495 -531.839 -266.7755 40.686035 430.2246 797.2046 2034.906 3299.8992 3299.8992 3299.8992 3299.8992 3299.8992 3299.8992 3299.8992 3299.8992 3299.8992 3299.8992 3299.8992 3299.8992 3299.8992 1227.0264 -1276.2726 -2969.3755 -3112.7837 -3097.9797 -3083.1755 -3068.6736 -3054.373 -3040.1733 -3025.9734 -3011.975 -2998.2788 -2984.381 -2970.7854 -2915.396 -2455.7646 -1958.3679 -1487.558 -981.60095 -644.32983 -181.1737 189.23035 421.463 672.7295 1063.4766 1412.1277 2559.3933 3299.8992 3299.8992 3299.8992 3299.8992 3299.8992 3299.8992 3299.8992 3299.8992 3299.8992 3299.8992 3299.8992 3299.8992 3299.8992 1047.464 -1331.7627 -3085.391 -3136.6516 -3121.646 -3106.9426 -3092.34 -3077.9387 -3063.739 -3049.539 -3035.44 -3021.3408 -3007.443 -2993.8477 

47.634888 47.634888 47.634888 47.634888 47.634888 47.634888 47.634888 47.634888 47.634888 47.634888 47.634888 47.634888 47.634888 47.634888 8.862305 -26.184082 -55.993652 -61.834717 -49.44763 -33.636475 -20.040894 -0.9063721 2.6184082 -14.300537 -31.622314 -29.910278 -21.551514 -6.5460205 5.3375244 16.516113 26.486206 51.05896 61.029053 60.22339 61.029053 46.42639 20.544434 2.0141602 -6.6467285 -13.293457 -29.910278 -31.924438 -20.24231 -6.7474365 -5.0354004 -8.258057 4.5318604 26.184082 46.124268 47.332764 33.9386 39.578247 46.5271 38.168335 38.168335 38.168335 38.168335 38.168335 38.168335 38.168335 38.168335 38.168335 38.168335 38.168335 38.168335 38.168335 38.168335 38.168335 38.168335 38.168335 38.168335 38.168335 38.168335 38.168335 -11.682129 -41.4917 -62.539673 -58.20923 -40.283203 -35.44922 -32.83081 -20.141602 -3.8269043 3.0212402 5.8410645 6.6467285 -18.429565 -46.224976 -50.454712 -36.154175 -24.673462 -17.926025 -16.415405 -39.678955 -39.678955 -39.678955 -39.678955 -39.678955 -39.678955 -39.678955 -39.678955 -39.678955 -39.678955 -39.678955 -39.678955 -39.678955 -39.678955 -39.678955 -39.678955 -39.678955 -39.678955 -39.678955 -39.678955 -39.678955 -39.678955 -39.678955 -39.678955 -39.678955 -39.678955 -39.678955 -39.678955 -39.678955 -39.678955 -39.678955 -39.678955 -39.678955 -39.678955 -39.678955 -39.678955 -39.678955 -39.678955 -39.678955 -39.678955 -39.678955 -39.678955 -39.678955 -39.678955 -39.678955 -39.678955 -39.678955 -39.678955 -39.678955 -39.678955 -39.678955 -39.678955 -39.678955 -39.678955 -39.678955 -39.678955 -39.678955 -39.678955 -39.678955 -39.678955 -39.678955 -9.164429 -17.72461 -24.572754 -12.890625 -2.2155762 4.6325684 20.141602 22.055054 15.911865 -21.148682 -28.198242 -33.032227 -30.514526 -18.630981 -5.4382324 5.0354004 19.537354 34.94568 65.3595 50.354004 50.354004 50.354004 50.354004 50.354004 50.354004 50.354004 50.354004 50.354004 50.354004 50.354004 50.354004 50.354004 50.354004 50.354004 50.354004 50.354004 50.354004 50.354004 50.354004 50.354004 
-34.94568 -26.586914 -29.910278 -33.032227 -23.464966 -19.73877 -7.4523926 28.601074 47.93701 52.871704 35.44922 11.682129 7.5531006 19.23523 -10.372925 -67.8772 -77.041626 -51.663208 -13.293457 26.28479 41.793823 36.35559 17.019653 -8.963013 -31.32019 -33.43506 -29.80957 -35.85205 -27.694702 -31.118774 -22.961426 18.328857 35.650635 34.643555 26.486206 25.479126 8.459473 8.560181 1.0070801 -6.0424805 -11.178589 8.963013 26.687622 30.010986 24.472046 9.869385 8.056641 16.21399 21.652222 20.24231 18.73169 14.501953 2.5177002 -0.50354004 14.904785 28.198242 42.599487 57.70569 42.90161 37.161255 17.422485 39.37683 59.21631 77.545166 101.21155 104.03137 80.56641 43.304443 14.099121 3.9276123 -6.5460205 -53.778076 -75.531006 -71.30127 -72.509766 -76.638794 -62.23755 -93.759155 -98.59314 -97.18323 -104.63562 -100.40588 -62.438965 -0.80566406 45.217896 61.331177 51.05896 51.763916 56.09436 33.233643 14.199829 15.206909 15.710449 2.5177002 -16.113281 -17.623901 -23.666382 -51.260376 -76.638794 -67.37366 -56.799316 -51.260376 -51.965332 -42.599487 -26.78833 -2.1148682 4.7332764 -12.387085 -28.80249 -11.581421 28.29895 81.170654 110.17456 91.14075 28.903198 27.191162 -3.6254883 -24.572754 -57.504272 -75.32959 -63.546753 -31.521606 -27.392578 -33.9386 -51.965332 -57.70569 -40.585327 -24.874878 -8.660889 7.3516846 -8.963013 2.4169922 2.7191162 -4.6325684 15.307617 37.664795 46.325684 65.3595 69.1864 86.50818 99.60022 96.07544 85.5011 68.38074 20.343018 -38.571167 -71.502686 -90.13367 -63.64746 -32.32727 -8.459473 -14.199829 -21.350098 -39.37683 -48.641968 -60.72693 -61.12976 -42.196655 -55.792236 -77.041626 -75.4303 -55.08728 -23.968506 -12.084961 4.3304443 15.408325 20.645142 17.926025 17.72461 26.989746 40.585327 44.110107 27.996826 -11.178589 -29.708862 -27.996826 -30.31311 -29.80957 -46.224976 -18.127441 37.060547 63.546753 73.81897 86.91101 117.12341 130.8197 132.53174 109.26819 88.52234 71.90552 46.02356 31.420898 27.191162 28.903198 
-2729.489 3286.4043 3299.8992 -3280.1604 -3263.8457 -3247.7324 -3231.6191 -3215.6067 -3199.9968 -3184.3872 -3168.8782 -3153.5706 -3138.4644 -3123.4587 -3108.554 -3093.4478 -3079.3486 -3064.3433 -3050.0427 -3035.8428 -1115.0391 2053.4363 3299.8992 3299.8992 3299.8992 3299.8992 3299.8992 3299.8992 3299.8992 3299.8992 3299.8992 3299.8992 3299.8992 3299.8992 3299.8992 3299.8992 3299.8992 3299.8992 3290.4326 3273.6145 3268.881 3286.1023 3299.8992 -3280.5632 -3264.148 -3248.0347 -3231.9214 -3216.0095 -3200.299 -3184.5886 -3169.281 -3153.9734 -3138.7664 -3123.761 -3108.9568 -3094.4548 -3079.4495 -3065.2495 -3050.949 -3036.447 -929.1321 2206.8145 3299.8992 3299.8992 3299.8992 3299.8992 3299.8992 3299.8992 3299.8992 3299.8992 3299.8992 3299.8992 3299.8992 3299.8992 3299.8992 3299.8992 3299.8992 3299.8992 3288.4185 3271.1975 3269.0825 3286.203 3299.8992 -3280.3618 -3264.148 -3247.9338 -3231.9214 -3216.0095 -3200.299 -3184.6892 -3169.281 -3153.8726 -3138.7664 -3123.761 -3108.8562 -3093.8506 -3079.651 -3064.6453 -3050.3447 -3036.2456 -1281.1066 1969.1437 3299.8992 3299.8992 3299.8992 3299.8992 3299.8992 3299.8992 3299.8992 3299.8992 3299.8992 3299.8992 3299.8992 3299.8992 3299.8992 3299.8992 3299.8992 3299.8992 3291.339 3273.9165 3274.9236 3291.8425 -3291.4397 -3274.823 -3258.5083 -3242.395 -3226.3823 -3210.5713 -3194.76 -3179.251 -3163.9434 -3148.6357 -3133.5295 -3118.5242 -3103.72 -3088.7146 -3074.0112 -3059.8113 -3045.6116 -2958.2976 -379.8706 2771.4844 3299.8992 3299.8992 3299.8992 3299.8992 3299.8992 3299.8992 3299.8992 3299.8992 3299.8992 3299.8992 3299.8992 3299.8992 3299.8992 3299.8992 3299.8992 3299.8992 3288.1165 3270.6938 3274.4202 3291.5405 -3291.8425 -3275.3264 -3258.9111 -3242.7979 -3226.886 -3210.974 -3195.2637 -3179.7546 -3164.3462 -3149.1394 -3133.9324 -3118.927 -3104.1228 -3089.7217 -3075.119 -3060.315 -3046.0144 -2892.8374 -248.54736 3007.2417 3299.8992 3299.8992 3299.8992 3299.8992 3299.8992 3299.8992 3299.8992 3299.8992 3299.8992 3299.8992 3299.8992 3299.8992 
-2428.2715 3250.3508 3266.2627 3281.7717 3297.1802 -3287.4114 -3272.3052 -3257.2998 -3242.2942 -3227.6917 -3212.9883 -3198.587 -3184.1858 -3169.8853 -3155.6853 -3141.8884 -3127.7893 -3113.8916 -3100.0945 -2734.2224 -5.6396484 2366.5374 3299.8992 3299.8992 3299.8992 3299.8992 3299.8992 3299.8992 3299.8992 3299.8992 3299.8992 3299.8992 3299.8992 3299.8992 3299.8992 3297.7844 3282.8796 3268.0754 3253.2715 3238.1653 3233.2305 3249.3438 3265.0542 3280.664 3296.0723 -3288.7207 -3273.5137 -3258.609 -3243.704 -3228.9001 -3214.2974 -3199.7954 -3185.2935 -3171.0938 -3156.9946 -3143.097 -3128.897 -3115.1 -3101.303 -2690.213 12.185669 2402.893 3299.8992 3299.8992 3299.8992 3299.8992 3299.8992 3299.8992 3299.8992 3299.8992 3299.8992 3299.8992 3299.8992 3299.8992 3299.8992 3296.3745 3281.5703 3266.7664 3251.9622 3236.2517 3234.5398 3250.5522 3266.3635 3281.9731 3297.2808 -3287.4114 -3272.3052 -3257.199 -3242.395 -3227.6917 -3213.0889 -3198.4863 -3184.085 -3169.7844 -3155.6853 -3141.4856 -3127.6885 -3113.8916 -3100.1953 -2380.2336 154.6875 2524.1455 3299.8992 3299.8992 3299.8992 3299.8992 3299.8992 3299.8992 3299.8992 3299.8992 3299.8992 3299.8992 3299.8992 3299.8992 3299.8992 3295.6694 3280.3618 3265.5579 3250.8545 3234.9426 3236.1511 3252.1636 3267.874 3283.383 3298.892 -3285.901 -3270.7947 -3255.789 -3240.985 -3226.2817 -3211.5784 -3197.0764 -3182.776 -3168.576 -3154.2754 -3140.0757 -3126.2786 -3112.3809 -3098.7854 -2200.9734 454.29382 3022.6501 3299.8992 3299.8992 3299.8992 3299.8992 3299.8992 3299.8992 3299.8992 3299.8992 3299.8992 3299.8992 3299.8992 3299.8992 3299.8992 3293.756 3278.549 3264.148 3249.1423 3233.7341 3236.856 3252.6672 3268.6797 3283.8867 3299.5972 -3285.2966 -3270.291 -3255.0842 -3240.28 -3225.6775 -3211.1755 -3196.4722 -3182.1716 -3167.9717 -3153.772 -3139.8743 -3126.0771 -3111.8774 -2888.91 -2527.2673 -588.9404 1650.1007 3299.8992 3299.8992 3299.8992 3299.8992 3299.8992 3299.8992 3299.8992 3299.8992 3299.8992 3299.8992 3299.8992 3299.8992 
1304.4708 3299.8992 3299.8992 3299.8992 3299.8992 3299.8992 3293.3533 3278.4485 3263.745 3248.8403 3234.0361 3219.1313 3204.3274 3189.7246 3175.0212 3160.5193 3145.9167 3131.6162 3109.7625 1759.9731 -241.4978 -1797.4365 -3111.2732 3138.6658 3154.3762 3170.1873 3185.4949 3200.9033 3216.11 3231.4177 3246.524 3261.5295 3276.535 3291.4397 3299.8992 -3279.2542 -3264.7522 -3250.3508 -3235.9497 -3221.8506 1865.0116 3299.8992 3299.8992 3299.8992 3299.8992 3299.8992 3293.6553 3278.65 3263.9465 3248.941 3234.137 3219.2322 3204.428 3189.8254 3175.2227 3160.62 3146.3196 3131.7168 3045.108 1562.8876 -387.82654 -1947.29 -3184.1858 3141.989 3157.8003 3173.41 3188.8184 3204.126 3219.4336 3234.7412 3249.7466 3264.6514 3279.657 3294.3604 -3290.8354 -3276.0315 -3261.6301 -3247.4304 -3232.8276 -3218.527 2266.4336 3299.8992 3299.8992 3299.8992 3299.8992 3299.8992 3295.468 3280.664 3265.8599 3250.955 3236.0503 3221.1455 3206.4421 3191.6382 3177.1362 3162.5334 3147.83 3133.6304 3021.1394 1386.4471 -525.09155 -1968.8416 -3137.86 3144.3054 3160.2173 3175.827 3191.2354 3206.6436 3221.8506 3237.1582 3252.1636 3267.1692 3282.074 3296.9788 -3288.3179 -3273.6145 -3258.9111 -3244.5098 -3230.2092 -3192.4438 3144.3054 3299.8992 3299.8992 3299.8992 3299.8992 3299.8992 3294.461 3279.657 3264.7522 3249.8474 3234.9426 3220.1384 3205.3345 3190.631 3175.9277 3161.4258 3147.1252 3132.4219 2945.0042 1301.3489 -533.85315 -1917.1783 -3007.3425 3143.9026 3159.7136 3175.3235 3190.8325 3206.2407 3221.4478 3236.7554 3251.6602 3266.7664 3281.6711 3296.475 -3288.6199 -3274.0173 -3259.7168 -3245.5168 -3230.8135 -2944.4 3299.8992 3299.8992 3299.8992 3299.8992 3299.8992 3299.8992 3291.5405 3276.7363 3261.8315 3247.0276 3232.1228 3217.3186 3202.5146 3187.8113 3173.2085 3158.7065 3144.104 3129.602 2849.7344 1073.1445 -666.4856 -2146.4905 3235.8489 3144.9097 3160.7207 3176.3306 3191.8396 3207.1472 3222.4548 3237.6616 3252.6672 3267.6726 3282.5774 3297.4822 
1381.9153 -3205.3345 -3189.5232 -3174.0142 -3158.7065 -3143.4998 -3128.4941 -3113.6902 -3098.9868 -3084.2834 -3069.7815 -3055.5815 -3041.0796 -3027.0813 -3013.0828 -2999.0845 -2984.9854 -2971.4905 -2957.9956 -2944.5007 -2190.1978 -637.6831 731.6437 2342.871 3299.8992 3299.8992 3299.8992 3299.8992 3299.8992 3299.8992 3299.8992 3299.8992 3299.8992 3299.8992 3299.8992 3299.8992 3299.8992 3299.8992 3299.8992 3299.8992 662.15515 -3199.0906 -3183.1787 -3167.7703 -3152.4626 -3137.3564 -3122.4517 -3107.5469 -3092.8435 -3078.3416 -3063.8396 -3049.4385 -3035.2385 -3021.1394 -3007.141 -2993.344 -2979.2449 -2965.75 -2952.356 -2938.7603 -2238.3362 -657.32117 807.5775 2455.7646 3299.8992 3299.8992 3299.8992 3299.8992 3299.8992 3299.8992 3299.8992 3299.8992 3299.8992 3299.8992 3299.8992 3299.8992 3299.8992 3299.8992 3299.8992 3299.8992 208.56628 -3192.4438 -3176.7334 -3161.2244 -3146.0173 -3131.012 -3116.0063 -3101.1016 -3086.499 -3071.997 -3057.5957 -3043.2952 -3029.0955 -3014.9963 -3001.0986 -2987.1 -2973.706 -2959.909 -2946.3135 -2932.8186 -2164.0137 -571.61865 964.8834 2598.77 3299.8992 3299.8992 3299.8992 3299.8992 3299.8992 3299.8992 3299.8992 3299.8992 3299.8992 3299.8992 3299.8992 3299.8992 3299.8992 3299.8992 3299.8992 3299.8992 -361.23962 -3186.9048 -3171.2952 -3155.6853 -3140.579 -3125.5737 -3110.4675 -3095.8647 -3081.2622 -3066.6594 -3052.2583 -3038.0583 -3023.9592 -3009.86 -2995.9624 -2982.0647 -2968.2678 -2954.773 -2941.3787 -2914.1875 -1514.1449 269.89746 1694.513 3119.229 3299.8992 3299.8992 3299.8992 3299.8992 3299.8992 3299.8992 3299.8992 3299.8992 3299.8992 3299.8992 3299.8992 3299.8992 3299.8992 3299.8992 3299.8992 3299.8992 -1237.2986 -3191.1345 -3175.424 -3159.915 -3144.6074 -3129.602 -3114.7979 -3099.994 -3085.391 -3070.8892 -3056.488 -3042.1875 -3027.9875 -3013.7878 -2999.8901 -2986.093 -2972.1953 -2958.5999 -2945.2056 -2898.3765 -1535.7971 99.09668 1539.5233 2999.9907 3299.8992 3299.8992 3299.8992 3299.8992 3299.8992 3299.8992 3299.8992 3299.8992 3299.8992 3299.8992 
442.10815 3299.8992 3299.8992 3296.878 3281.8726 3266.7664 3251.5593 3236.3525 3221.045 3205.536 3190.1274 3174.5178 3159.2102 3143.9026 3128.7964 3113.7908 3098.886 3082.5713 2905.0232 1595.3156 84.191895 -1425.4211 -1966.7267 -2693.1335 3189.926 3113.1865 3129.904 3146.4202 3162.9363 3179.1504 3195.2637 3211.4775 3227.3894 3243.3013 3259.1125 3274.7222 3290.1306 3299.8992 -3278.65 -3263.4429 938.0951 3299.8992 3299.8992 3295.9717 3281.1675 3266.0613 3250.8545 3235.5469 3220.1384 3204.8308 3189.2212 3173.7122 3158.4045 3143.097 3128.0913 3112.985 3097.6775 3080.2551 2724.1516 1403.2654 -18.328857 -1315.6494 -1848.5962 -2591.9219 3235.5469 3112.7837 3129.5012 3145.9167 3162.332 3178.6467 3194.9614 3210.974 3226.7852 3242.7979 3258.7097 3274.4202 3289.627 3299.8992 -3279.1533 -3229.9072 1543.6523 3299.8992 3299.8992 3292.4468 3277.542 3262.3352 3247.229 3232.022 3216.7144 3201.3062 3185.797 3170.288 3154.9805 3139.7734 3124.4658 3109.6619 3094.1528 3076.0254 2618.106 1287.4512 -95.37048 -1484.3353 -2030.777 -2748.9258 3204.428 3113.4888 3130.1055 3146.521 3163.037 3179.3518 3195.5657 3211.5784 3227.4902 3243.402 3259.0117 3274.9236 3290.2312 3299.8992 -3278.65 -3097.476 1964.6118 3299.8992 3299.8992 3290.7349 3275.83 3260.623 3245.3154 3230.2092 3214.9016 3199.4934 3183.8835 3168.4753 3153.067 3137.9607 3122.653 3107.849 3092.8435 3074.1118 2484.3657 1128.6346 -130.41687 -1403.2654 -1926.7456 -2603.9062 3299.8992 3111.2732 3127.89 3144.5068 3160.922 3177.2368 3193.35 3209.3628 3225.3752 3241.388 3257.0984 3272.8088 3288.6199 3299.8992 -3280.664 -2881.961 2309.9395 3299.8992 3299.8992 3286.5051 3271.4995 3256.4941 3241.388 3226.0803 3210.7727 3195.465 3179.956 3164.5476 3149.1394 3133.9324 3118.927 3104.0222 3089.1174 3069.983 2418.6035 1097.3145 -193.86292 -1562.4847 -2061.795 -2768.3623 3094.6562 3111.4746 3128.0913 3144.6074 3160.922 3177.2368 3193.451 3209.4634 3225.476 3241.287 
935.6781 -1451.001 -3147.3267 -3132.1196 -3117.2148 -3102.5115 -3088.0095 -3073.5076 -3059.207 -3045.108 -3030.9082 -3017.0105 -3003.1128 -2989.4165 -2975.7202 -2875.9185 -2553.8542 -2038.3301 -1795.7245 -1365.1978 -938.59863 -630.83496 -387.323 95.773315 599.11194 1152.301 2531.9 3299.8992 3299.8992 3299.8992 3299.8992 3299.8992 3299.8992 3299.8992 3299.8992 3299.8992 3299.8992 3299.8992 3299.8992 3291.8425 818.6554 -1357.6447 -2925.2654 -3122.653 -3107.7483 -3093.1458 -3078.543 -3064.2424 -3050.0427 -3035.9436 -3021.8445 -3007.9468 -2994.1497 -2980.4534 -2966.858 -2821.0327 -2608.9417 -2275.5981 -1969.5465 -1520.3888 -843.5303 -354.29077 -148.24219 318.94226 937.2894 1466.4093 2895.758 3299.8992 3299.8992 3299.8992 3299.8992 3299.8992 3299.8992 3299.8992 3299.8992 3299.8992 3299.8992 3299.8992 3299.8992 3041.281 258.41675 -1881.427 -3128.595 -3113.388 -3098.584 -3083.9812 -3069.58 -3055.1787 -3040.979 -3026.9805 -3012.9822 -2999.0845 -2985.3882 -2971.7925 -2958.197 -2673.6968 -2334.4116 -1933.6945 -1432.7728 -859.845 -446.4386 -115.20996 67.07153 362.54883 779.7821 1414.6454 2855.6763 3299.8992 3299.8992 3299.8992 3299.8992 3299.8992 3299.8992 3299.8992 3299.8992 3299.8992 3299.8992 3299.8992 3299.8992 2931.0059 228.30505 -1897.0367 -3130.7097 -3115.7043 -3100.7996 -3086.0962 -3071.4934 -3057.2937 -3043.0938 -3028.9946 -3015.097 -3001.1992 -2987.3015 -2973.9075 -2960.2112 -2745.3003 -2424.3438 -2112.854 -1670.6451 -1168.2129 -813.01575 -312.59766 -177.54822 180.56946 584.9121 1357.0404 2971.0876 3299.8992 3299.8992 3299.8992 3299.8992 3299.8992 3299.8992 3299.8992 3299.8992 3299.8992 3299.8992 3299.8992 3299.8992 2568.1548 -178.95813 -2125.241 -3119.5312 -3104.5256 -3089.923 -3075.119 -3060.8184 -3046.4172 -3032.318 -3018.219 -3004.3213 -2990.5242 -2976.828 -2963.333 -2893.9453 -2666.6472 -2274.3896 -1716.7694 -1219.6747 -649.56665 -386.1145 -155.69458 209.27124 573.5321 953.2013 1697.6349 3164.6484 3299.8992 3299.8992 3299.8992 3299.8992 3299.8992 3299.8992 3299.8992 

50.354004 50.354004 50.354004 50.354004 50.354004 50.354004 50.354004 50.354004 50.354004 50.354004 50.354004 50.354004 50.354004 50.354004 50.354004 50.354004 50.354004 50.354004 50.354004 50.354004 50.354004 50.354004 50.354004 50.354004 50.354004 50.354004 50.354004 50.354004 50.354004 50.354004 50.354004 50.354004 50.354004 50.354004 50.354004 50.354004 50.354004 50.354004 50.354004 50.354004 50.354004 50.354004 50.354004 50.354004 50.354004 50.354004 50.354004 50.354004 50.354004 50.354004 50.354004 50.354004 50.354004 50.354004 50.354004 50.354004 50.354004 50.354004 50.354004 50.354004 44.613647 92.14783 121.65527 108.66394 109.87244 105.441284 71.20056 6.8481445 -52.468872 -109.26819 -106.8512 -60.22339 -18.933105 -14.501953 7.7545166 27.996826 40.283203 43.807983 7.1502686 -42.599487 -73.81897 -71.7041 -28.903198 -10.272217 -25.378418 -94.86694 -114.10217 -83.48694 -34.94568 -6.9488525 -20.24231 -35.44922 -24.169922 0.70495605 20.24231 20.947266 16.818237 23.867798 52.972412 79.660034 79.660034 79.660034 79.660034 79.660034 79.660034 79.660034 79.660034 79.660034 79.660034 79.660034 79.660034 79.660034 79.660034 79.660034 79.660034 79.660034 79.660034 79.660034 79.660034 79.660034 8.963013 -5.3375244 26.184082 48.339844 61.331177 55.993652 52.06604 19.436646 -48.44055 -93.15491 -92.55066 -97.18323 -71.90552 -9.970093 31.622314 64.35242 66.06445 57.70569 -22.055054 -138.47351 -138.47351 -138.47351 -138.47351 -138.47351 -138.47351 -138.47351 -138.47351 -138.47351 -138.47351 -138.47351 -138.47351 -138.47351 -138.47351 -138.47351 -138.47351 -138.47351 -138.47351 -138.47351 -138.47351 -138.47351 -138.47351 -138.47351 -138.47351 -138.47351 -138.47351 -138.47351 -138.47351 -138.47351 -138.47351 -138.47351 -138.47351 -138.47351 -138.47351 -138.47351 -138.47351 -138.47351 -138.47351 -138.47351 -138.47351 -138.47351 23.464966 17.120361 17.623901 32.83081 57.10144 63.14392 53.778076 65.66162 58.10852 26.28479 8.459473 -1.2084961 -21.450806 -25.177002 -16.314697 -8.862305 3.8269043 4.3304443 14.602661 -16.616821 
38.36975 21.551514 -17.623901 -56.799316 -102.319336 -106.34766 -79.76074 -50.05188 -9.768677 4.7332764 -7.1502686 -20.24231 -10.977173 -4.2297363 0 7.5531006 16.314697 -1.6113281 -22.357178 -33.33435 -15.509033 0.10070801 32.025146 30.715942 32.32727 43.807983 23.666382 -12.185669 -32.730103 -36.35559 -14.703369 1.1077881 -1.2084961 -28.903198 -22.155762 -27.29187 -16.012573 -5.1361084 1.6113281 -5.3375244 -21.954346 -38.47046 -32.93152 -25.579834 -39.37683 -39.37683 -15.206909 -21.350098 -13.998413 5.3375244 26.989746 58.20923 64.55383 49.649048 5.4382324 -43.90869 -58.309937 -61.935425 -47.03064 -25.378418 -1.2084961 7.4523926 4.6325684 11.077881 8.459473 39.074707 46.42639 47.93701 37.161255 28.80249 11.984253 -8.459473 -19.033813 -19.73877 -22.860718 -58.309937 -59.21631 -46.728516 -44.51294 -48.742676 -44.613647 -11.984253 25.076294 13.394165 -14.804077 -49.44763 -42.800903 -40.283203 -22.357178 4.8339844 15.710449 25.177002 32.528687 26.889038 31.924438 49.0448 59.61914 46.5271 43.50586 47.232056 60.12268 80.4657 77.34375 78.25012 93.0542 112.69226 71.40198 39.98108 6.9488525 -2.3162842 10.070801 4.0283203 -30.212402 -17.72461 -16.616821 -9.970093 10.775757 -9.063721 -14.804077 -35.046387 -44.110107 -50.857544 -36.657715 -52.670288 -68.58215 -64.05029 -56.396484 -70.3949 -84.79614 -81.87561 -75.531006 -58.20923 -27.191162 -15.106201 -34.34143 -42.90161 -27.191162 14.199829 33.9386 45.318604 36.95984 40.786743 52.267456 68.07861 89.12659 79.660034 58.61206 53.778076 52.871704 47.232056 63.345337 68.28003 41.793823 7.8552246 -23.364258 -32.32727 -26.184082 -34.34143 -46.829224 -62.942505 -55.288696 -58.20923 -87.01172 -79.96216 -67.67578 -55.69153 -15.206909 3.0212402 9.970093 15.106201 29.507446 22.055054 14.300537 0.60424805 -4.8339844 0 4.0283203 -13.696289 -29.406738 -28.097534 -30.31311 -26.184082 -51.461792 -39.678955 -19.23523 4.2297363 10.876465 24.77417 29.910278 30.81665 48.339844 67.77649 74.82605 69.28711 43.203735 37.564087 44.110107 67.57507 52.06604 31.32019 
3299.8992 3299.8992 3299.8992 3299.8992 3285.901 3261.3281 3274.823 3291.742 -3291.5405 -3275.0244 -3258.609 -3242.5964 -3226.5837 -3210.6719 -3195.0623 -3179.4524 -3164.0442 -3148.8372 -3133.8318 -3118.7256 -3103.9214 -3088.916 -3074.716 -3059.8113 -3045.5107 -2775.009 -181.97937 2992.035 3299.8992 3299.8992 3299.8992 3299.8992 3299.8992 3299.8992 3299.8992 3299.8992 3299.8992 3299.8992 3299.8992 3299.8992 3299.8992 3299.8992 3299.8992 3299.8992 3285.3972 2982.669 3277.6428 3294.5618 -3288.8213 -3272.3052 -3255.89 -3239.8772 -3223.8647 -3208.0535 -3192.343 -3176.9348 -3161.5264 -3146.2188 -3131.1125 -3116.1072 -3101.4038 -3087.0024 -3071.997 -3057.898 -3043.5974 -2604.4097 -25.27771 3160.7207 3299.8992 3299.8992 3299.8992 3299.8992 3299.8992 3299.8992 3299.8992 3299.8992 3299.8992 3299.8992 3299.8992 3299.8992 3299.8992 3299.8992 3299.8992 3299.8992 3285.8 2528.5767 3280.0598 3296.9788 -3286.3037 -3269.8882 -3253.5735 -3237.561 -3221.6492 -3205.838 -3190.1274 -3174.7192 -3159.3108 -3144.0032 -3128.9978 -3113.9922 -3099.0874 -3084.1826 -3070.0835 -3055.2795 -3040.979 -2357.0708 445.83435 3299.8992 3299.8992 3299.8992 3299.8992 3299.8992 3299.8992 3299.8992 3299.8992 3299.8992 3299.8992 3299.8992 3299.8992 3299.8992 3299.8992 3299.8992 3299.8992 3299.6978 3283.6853 1574.6704 3281.7717 3298.6907 -3284.6924 -3268.3777 -3252.063 -3235.8489 -3220.0378 -3204.2266 -3188.617 -3173.108 -3157.8003 -3142.5933 -3127.487 -3112.4817 -3097.7783 -3083.377 -3068.4722 -3054.373 -3040.1733 -2151.0222 627.3102 3299.8992 3299.8992 3299.8992 3299.8992 3299.8992 3299.8992 3299.8992 3299.8992 3299.8992 3299.8992 3299.8992 3299.8992 3299.8992 3299.8992 3299.8992 3299.8992 3298.6907 3282.6782 894.2871 3282.6782 3299.5972 -3283.786 -3267.3706 -3251.056 -3235.0432 -3219.1313 -3203.2195 -3187.6099 -3172.2014 -3156.7932 -3141.687 -3126.48 -3111.676 -3096.8718 -3082.5713 -3068.1702 -3053.1646 -3039.0654 -2095.0286 814.7278 3299.8992 3299.8992 3299.8992 3299.8992 3299.8992 3299.8992 3299.8992 3299.8992 3299.8992 3299.8992 3299.8992 3299.8992 3299.8992 
3299.8992 3299.8992 3292.044 3277.24 3262.2344 3069.983 3252.1636 3267.9749 3283.786 3299.1943 -3285.3972 -3270.291 -3255.2856 -3240.3809 -3225.5767 -3210.974 -3196.3713 -3182.0708 -3167.871 -3153.5706 -3139.4714 -3125.3723 -3111.676 -3098.0803 -3084.4849 -1359.9609 1582.2235 3299.8992 3299.8992 3299.8992 3299.8992 3299.8992 3299.8992 3299.8992 3299.8992 3299.8992 3299.8992 3299.8992 3299.8992 3299.8992 3299.8992 3296.475 3281.369 3266.464 3251.5593 2626.5654 3244.5098 3260.5225 3276.132 3291.742 3299.8992 -3277.7434 -3262.738 -3247.7324 -3232.9285 -3218.225 -3203.7231 -3189.3218 -3175.0212 -3160.7207 -3146.6216 -3132.5225 -3118.8262 -3105.13 -3091.4336 -1172.4426 1210.611 3299.8992 3299.8992 3299.8992 3299.8992 3299.8992 3299.8992 3299.8992 3299.8992 3299.8992 3299.8992 3299.8992 3299.8992 3299.8992 3299.8992 3291.5405 3276.3335 3261.5295 3246.6248 2151.7273 3241.9922 3257.904 3273.5137 3289.1235 3299.8992 -3280.4626 -3265.3564 -3250.3508 -3235.5469 -3220.8435 -3206.2407 -3191.8396 -3177.4382 -3163.2385 -3149.1394 -3135.443 -3121.2432 -3107.4463 -3093.8506 -1027.3224 1673.465 3299.8992 3299.8992 3299.8992 3299.8992 3299.8992 3299.8992 3299.8992 3299.8992 3299.8992 3299.8992 3299.8992 3299.8992 3299.8992 3299.8992 3285.498 3270.291 3255.5876 3240.7837 1487.0544 3238.4673 3254.2786 3269.8882 3285.498 3299.8992 -3283.8867 -3268.881 -3253.8757 -3239.0715 -3224.3682 -3209.7656 -3195.2637 -3180.9631 -3166.6626 -3152.5635 -3138.3635 -3124.5667 -3110.8704 -3097.174 -1200.3387 1418.2709 3299.8992 3299.8992 3299.8992 3299.8992 3299.8992 3299.8992 3299.8992 3299.8992 3299.8992 3299.8992 3299.8992 3299.8992 3299.8992 3299.1943 3283.9873 3269.284 3254.48 3239.5752 472.11914 3240.4814 3256.3933 3272.0032 3287.4114 3299.8992 -3281.9731 -3266.867 -3251.8616 -3237.1582 -3222.4548 -3207.852 -3193.35 -3179.1504 -3164.8499 -3150.7507 -3136.9536 -3122.8545 -3109.1582 -3094.8577 -785.7239 1810.025 3299.8992 3299.8992 3299.8992 3299.8992 3299.8992 3299.8992 3299.8992 3299.8992 3299.8992 3299.8992 3299.8992 3299.8992 3299.8992 
-3287.8142 -3273.2117 -3258.4075 -3244.0063 -3229.9072 -2703.8086 3299.8992 3299.8992 3299.8992 3299.8992 3299.8992 3299.8992 3290.332 3275.5278 3260.7239 3245.819 3230.9143 3216.0095 3201.3062 3186.7034 3172 3157.498 3143.2983 3128.6956 2709.9517 829.63257 -866.5924 -2131.8877 -3278.4485 3146.7224 3162.4329 3178.1433 3193.5515 3208.96 3224.1667 3239.273 3254.3792 3269.3848 3284.2896 3299.0935 -3286.1023 -3271.6003 -3257.199 -3242.9993 -3228.195 -2232.898 3299.8992 3299.8992 3299.8992 3299.8992 3299.8992 3299.8992 3289.224 3274.4202 3259.4146 3244.7112 3229.7058 3215.0024 3200.1982 3185.4949 3170.7915 3156.3904 3141.7876 3124.768 2409.6404 534.6588 -1100.3357 -2457.074 3134.9395 3150.65 3166.3604 3181.8694 3197.2778 3212.686 3227.893 3243.0999 3258.206 3273.1108 3288.0156 3299.8992 -3282.5774 -3267.9749 -3253.2715 -3238.7695 -3224.771 -1932.6874 3299.8992 3299.8992 3299.8992 3299.8992 3299.8992 3299.8992 3291.4397 3276.3335 3261.4287 3246.524 3231.5186 3216.7144 3201.9104 3187.3076 3172.6042 3158.1023 3143.9026 3128.3936 2518.2036 633.45337 -1084.9274 -2471.878 3136.6516 3152.5635 3168.274 3183.8835 3199.1912 3214.4988 3229.7058 3244.9126 3260.0188 3275.0244 3289.8284 3299.8992 -3280.7646 -3266.162 -3251.5593 -3237.0574 -3223.1597 -1284.9335 3299.8992 3299.8992 3299.8992 3299.8992 3299.8992 3299.8992 3290.0298 3274.9236 3260.2202 3245.3154 3230.4106 3215.6067 3200.8025 3186.099 3171.4966 3156.9946 3142.3918 3124.6672 2295.1355 487.9303 -1164.2853 -2433.5083 3136.5508 3152.5635 3168.173 3183.783 3199.0906 3214.4988 3229.8064 3244.9126 3259.9182 3275.0244 3289.8284 3299.8992 -3280.7646 -3266.162 -3251.358 -3236.9568 -3223.059 -710.5957 3299.8992 3299.8992 3299.8992 3299.8992 3299.8992 3299.8992 3287.4114 3272.6074 3257.8032 3242.7979 3227.7922 3213.1897 3198.285 3183.6821 3169.281 3154.6782 3140.4785 3123.4587 2265.9302 289.63623 -1387.1521 -2706.8298 3138.162 3154.074 3169.6838 3185.2935 3200.8025 3216.0095 3231.2163 3246.4233 3261.4287 3276.3335 3291.2383 3299.8992 
3299.8992 3299.8992 3299.8992 3299.8992 3299.8992 3299.8992 -1626.535 -3190.8325 -3175.3235 -3159.8145 -3144.6074 -3129.602 -3114.5964 -3099.6917 -3085.1897 -3070.6877 -3056.3872 -3041.986 -3027.7861 -3013.7878 -2999.8901 -2986.093 -2972.699 -2958.7004 -2945.2056 -2838.455 -1493.1976 72.10693 1599.3439 3130.9111 3299.8992 3299.8992 3299.8992 3299.8992 3299.8992 3299.8992 3299.8992 3299.8992 3299.8992 3299.8992 3299.8992 3299.8992 3299.8992 3299.8992 3299.8992 3299.8992 -2347.9065 -3188.7175 -3173.2085 -3157.8003 -3142.5933 -3127.588 -3112.683 -3097.879 -3083.2764 -3068.7744 -3054.373 -3040.0725 -3025.9734 -3011.8743 -2998.0774 -2984.1797 -2970.8862 -2956.9885 -2943.3928 -2704.01 -1205.4749 398.09875 1900.1587 3299.8992 3299.8992 3299.8992 3299.8992 3299.8992 3299.8992 3299.8992 3299.8992 3299.8992 3299.8992 3299.8992 3299.8992 3299.8992 3299.8992 3299.8992 3299.8992 3299.8992 -2867.5598 -3190.2283 -3174.6184 -3159.2102 -3144.0032 -3128.897 -3114.093 -3099.2888 -3084.7869 -3070.285 -3055.783 -3041.5833 -3027.3833 -3013.385 -2999.3865 -2985.4888 -2971.692 -2958.197 -2944.9036 -2645.1965 -1108.2916 501.22375 1865.6158 3273.5137 3299.8992 3299.8992 3299.8992 3299.8992 3299.8992 3299.8992 3299.8992 3299.8992 3299.8992 3299.8992 3299.8992 3299.8992 3299.8992 3299.8992 3299.8992 3025.47 -3205.2336 -3189.2212 -3173.7122 -3158.3037 -3143.1975 -3128.0913 -3113.2874 -3098.4832 -3083.8806 -3069.2778 -3054.9773 -3040.6768 -3026.477 -3012.5793 -2998.5808 -2984.784 -2970.7854 -2957.2905 -2943.8965 -2475.302 -790.155 860.3485 2245.5872 3299.8992 3299.8992 3299.8992 3299.8992 3299.8992 3299.8992 3299.8992 3299.8992 3299.8992 3299.8992 3299.8992 3299.8992 3299.8992 3299.8992 3299.8992 3299.8992 2775.2104 -3208.5571 -3192.6453 -3177.1362 -3161.6272 -3146.521 -3131.5154 -3116.6106 -3101.8066 -3087.2039 -3072.702 -3058.3008 -3044.0002 -3029.8003 -3015.802 -3001.8035 -2988.0066 -2974.6123 -2960.7146 -2947.1191 -2413.3667 -822.07947 769.00635 2297.8545 3299.8992 3299.8992 3299.8992 3299.8992 3299.8992 3299.8992 3299.8992 3299.8992 3299.8992 3299.8992 3299.8992 
3257.199 3272.9094 3288.7207 3299.8992 -3280.664 -2657.2815 2659.6985 3299.8992 3299.8992 3284.5916 3269.5862 3254.48 3239.3738 3224.1667 3208.7585 3193.35 3177.942 3162.5334 3147.2258 3132.019 3116.9128 3102.008 3087.2039 3069.0764 2458.383 928.93066 -421.86584 -1770.8496 -2254.8523 -2914.9932 3097.0732 3113.8916 3130.5083 3147.0244 3163.339 3179.7546 3195.6665 3211.7798 3227.7922 3243.704 3259.4146 3275.2258 3291.1377 3299.8992 -3278.3477 -2085.8643 3299.8992 3299.8992 3298.2878 3282.376 3267.3706 3252.2644 3237.2588 3221.9512 3206.6436 3191.2354 3175.827 3160.4187 3145.0103 3130.005 3114.8987 3099.994 3085.1897 3063.6382 2227.4597 780.18494 -363.85803 -1624.3195 -2052.127 -2723.648 3093.8506 3110.669 3127.3865 3144.0032 3160.1165 3176.532 3192.6453 3208.7585 3224.5696 3240.6829 3256.4941 3272.1038 3287.4114 3299.8992 -3281.2683 -1842.8558 3299.8992 3299.8992 3293.8567 3277.9448 3263.04 3248.0347 3232.9285 3217.52 3202.3132 3187.0056 3171.4966 3156.0881 3140.8813 3125.6743 3110.669 3095.8647 3080.2551 3014.0898 1943.9667 465.57312 -781.39343 -2091.2017 -2593.5332 -3224.771 3102.6123 3119.229 3135.846 3152.362 3168.4753 3184.79 3200.9033 3217.0166 3232.8276 3248.7395 3264.6514 3280.2612 3295.468 -3288.7207 -3273.413 -1343.747 3299.8992 3299.8992 3298.7915 3282.6782 3267.7734 3252.7678 3237.6616 3222.2534 3207.0464 3191.5374 3176.0283 3160.62 3145.413 3130.1055 3115.2007 3100.296 3084.7869 3001.5015 1962.1948 432.13806 -810.69946 -2141.858 -2503.8025 -3093.3472 3106.3384 3122.9553 3139.6729 3155.9875 3172.4028 3188.7175 3204.6294 3220.7427 3236.554 3252.5664 3268.2769 3283.8867 3298.993 -3285.0952 -3269.8882 -1001.4404 3299.8992 3299.8992 3299.8992 3284.491 3269.5862 3254.48 3239.273 3224.0662 3208.6577 3193.048 3177.6396 3162.1306 3147.0244 3131.8176 3116.7114 3101.8066 3086.3982 3006.7383 1949.6063 547.9523 -633.8562 -1888.4766 -2252.0325 -2870.883 3103.0151 3119.7327 3136.4502 3152.765 3169.1802 3185.4949 3201.6082 3217.52 3233.432 3249.4446 
3299.8992 3299.8992 3299.8992 3299.8992 3299.8992 2544.287 -174.62769 -2101.6753 -3126.8828 -3111.8774 -3096.9727 -3082.2693 -3067.868 -3053.5674 -3039.3677 -3025.2686 -3011.27 -2997.3723 -2983.676 -2969.9797 -2956.4849 -2607.9346 -2254.953 -1953.2318 -1602.3651 -1013.4247 -568.1946 -189.9353 118.2312 473.83118 861.4563 1656.8481 3133.9324 3299.8992 3299.8992 3299.8992 3299.8992 3299.8992 3299.8992 3299.8992 3299.8992 3299.8992 3299.8992 3299.8992 3299.8992 2296.1426 -203.02734 -1994.8242 -3125.473 -3110.4675 -3095.7642 -3081.0608 -3066.6594 -3052.359 -3038.1592 -3024.1606 -3010.1624 -2996.2646 -2982.5684 -2968.9727 -2953.5645 -2617.804 -2268.4478 -1831.9794 -1421.3928 -910.7025 -458.62427 -120.7489 112.39014 486.8225 1005.8716 1901.0651 3299.8992 3299.8992 3299.8992 3299.8992 3299.8992 3299.8992 3299.8992 3299.8992 3299.8992 3299.8992 3299.8992 3299.8992 3299.8992 2326.8584 -338.68103 -2285.8704 -3127.9907 -3112.985 -3098.1812 -3083.5784 -3069.0764 -3054.776 -3040.5762 -3026.5776 -3012.5793 -2998.7822 -2984.9854 -2971.289 -2864.1357 -2567.047 -2226.7546 -1852.121 -1406.6895 -888.1439 -466.07666 -69.992065 278.25623 618.9514 1134.7778 2079.2175 3299.8992 3299.8992 3299.8992 3299.8992 3299.8992 3299.8992 3299.8992 3299.8992 3299.8992 3299.8992 3299.8992 3299.8992 3299.8992 1951.7212 -535.8673 -2341.864 -3131.2134 -3116.1072 -3101.303 -3086.801 -3072.299 -3058.0994 -3043.7988 -3029.8003 -3015.802 -3001.9043 -2988.3086 -2974.5117 -2960.614 -2572.586 -2178.8176 -2043.4662 -1566.7145 -1021.98486 -564.16626 -298.90137 -104.13208 167.67883 840.91187 1974.884 3299.8992 3299.8992 3299.8992 3299.8992 3299.8992 3299.8992 3299.8992 3299.8992 3299.8992 3299.8992 3299.8992 3299.8992 3299.8992 1564.7003 -984.8236 -2770.7793 -3119.0276 -3104.0222 -3089.3188 -3074.716 -3060.315 -3046.115 -3032.0159 -3017.9167 -3003.9185 -2990.2222 -2976.425 -2962.8296 -2642.0745 -2332.196 -2097.5464 -1780.1147 -1299.6368 -813.62 -540.4999 -275.235 50.857544 432.33948 1072.2382 2259.8877 3299.8992 3299.8992 3299.8992 3299.8992 3299.8992 3299.8992 3299.8992 3299.8992 

-54.58374 -32.025146 16.012573 43.807983 29.708862 14.602661 9.466553 22.659302 57.806396 93.15491 79.86145 46.92993 27.191162 13.897705 33.032227 44.0094 25.881958 -1.5106201 -71.60339 -154.28467 -154.28467 -154.28467 -154.28467 -154.28467 -154.28467 -154.28467 -154.28467 -154.28467 -154.28467 -154.28467 -154.28467 -154.28467 -154.28467 -154.28467 -154.28467 -154.28467 -154.28467 -154.28467 -154.28467 -154.28467 99.70093 49.54834 -18.328857 -89.52942 -168.08167 -210.0769 -165.66467 -103.427124 -72.81189 -62.539673 -42.095947 -19.839478 4.6325684 23.565674 14.099121 -39.37683 -89.63013 -113.29651 -98.99597 -67.17224 -67.17224 -67.17224 -67.17224 -67.17224 -67.17224 -67.17224 -67.17224 -67.17224 -67.17224 -67.17224 -67.17224 -67.17224 -67.17224 -67.17224 -67.17224 -67.17224 -67.17224 -67.17224 -67.17224 -67.17224 -67.17224 -67.17224 -67.17224 -67.17224 -67.17224 -67.17224 -67.17224 -67.17224 -67.17224 -67.17224 -67.17224 -67.17224 -67.17224 -67.17224 -67.17224 -67.17224 -67.17224 -67.17224 -67.17224 -67.17224 -67.17224 -67.17224 -67.17224 -67.17224 -67.17224 -67.17224 -67.17224 -67.17224 -67.17224 -67.17224 -67.17224 -67.17224 -67.17224 -67.17224 -67.17224 -67.17224 -67.17224 -67.17224 -67.17224 -67.17224 -55.18799 -41.088867 -12.789917 2.7191162 -22.659302 -72.61047 -96.37756 -96.98181 -75.22888 -58.10852 -49.95117 -28.903198 -30.81665 -29.30603 -27.29187 -15.408325 7.9559326 38.974 64.151 78.95508 78.95508 78.95508 78.95508 78.95508 78.95508 78.95508 78.95508 78.95508 78.95508 78.95508 78.95508 78.95508 78.95508 78.95508 78.95508 78.95508 78.95508 78.95508 78.95508 78.95508 -22.457886 41.793823 102.21863 137.36572 143.3075 143.3075 129.30908 105.340576 34.94568 -48.94409 -125.7843 -180.77087 -170.19653 -141.89758 -131.42395 -140.28625 -114.80713 -65.05737 -20.443726 -9.667969 -9.667969 -9.667969 -9.667969 -9.667969 -9.667969 -9.667969 -9.667969 -9.667969 -9.667969 -9.667969 -9.667969 -9.667969 -9.667969 -9.667969 -9.667969 -9.667969 -9.667969 -9.667969 -9.667969 -9.667969 
28.097534 45.620728 56.19507 41.99524 10.876465 -28.198242 -49.649048 -72.006226 -55.792236 -33.83789 -25.479126 -46.728516 -70.69702 -103.427124 -87.91809 -49.44763 -12.084961 1.7120361 18.026733 10.473633 8.358765 16.21399 21.652222 21.24939 14.703369 21.75293 -2.3162842 -8.963013 0.20141602 18.328857 29.910278 17.72461 -11.480713 -8.056641 -22.860718 -21.652222 0.10070801 16.71753 1.6113281 -13.595581 -13.293457 -21.954346 -44.0094 -67.37366 -76.135254 -58.410645 -30.81665 -12.991333 9.869385 41.693115 57.10144 51.5625 61.431885 76.43738 84.695435 92.55066 89.93225 94.262695 110.57739 122.25952 122.25952 131.82678 152.97546 179.15955 166.0675 120.043945 80.06287 77.44446 99.19739 100.808716 79.055786 10.070801 -85.80322 -186.91406 -228.20435 -243.00842 -240.99426 -242.60559 -225.58594 -200.20752 -145.8252 -108.76465 -91.64429 -90.93933 -87.213135 -74.12109 -52.468872 -37.161255 -35.85205 -43.203735 -44.110107 -43.50586 -44.91577 -31.32019 -26.989746 -19.335938 -4.7332764 19.436646 38.168335 44.51294 38.571167 52.670288 52.06604 50.958252 44.714355 32.730103 -2.6184082 -8.358765 -7.1502686 19.436646 27.79541 26.889038 14.602661 26.687622 37.86621 18.630981 29.910278 28.701782 11.581421 -8.761597 -23.062134 -22.76001 -25.378418 -6.1431885 34.34143 62.64038 70.3949 50.454712 35.046387 41.088867 46.224976 58.813477 68.07861 62.23755 25.680542 -27.191162 -54.68445 -74.2218 -90.5365 -93.45703 -50.756836 -29.910278 -17.72461 -1.5106201 14.501953 -5.7403564 -14.401245 -6.7474365 19.033813 5.8410645 -19.839478 -43.40515 -54.281616 -41.4917 -14.904785 -0.20141602 19.839478 21.350098 24.673462 26.184082 28.399658 16.113281 12.185669 1.4099121 -8.459473 -3.9276123 18.630981 32.025146 31.420898 13.293457 -14.401245 -35.85205 -23.76709 -11.984253 0.9063721 -3.0212402 11.480713 23.062134 26.486206 -22.357178 -29.910278 -2.9205322 25.076294 36.657715 50.55542 62.23755 55.59082 62.13684 56.19507 46.224976 49.649048 41.088867 10.675049 -6.0424805 -22.357178 -42.095947 -71.09985 -80.667114 -58.007812 -25.78125 
3299.8992 3299.8992 3299.8992 3298.3887 3282.2754 -168.4845 3284.491 3299.8992 -3281.8726 -3265.5579 -3249.4446 -3233.3313 -3217.4194 -3201.6082 -3185.9985 -3170.4895 -3155.182 -3139.9749 -3124.9695 -3110.0647 -3095.2605 -3080.4565 -3066.2566 -3051.4526 -3037.152 -1691.0889 1163.681 3299.8992 3299.8992 3299.8992 3299.8992 3299.8992 3299.8992 3299.8992 3299.8992 3299.8992 3299.8992 3299.8992 3299.8992 3299.8992 3299.8992 3299.8992 3299.8992 3296.2737 3280.0598 -1449.3896 3285.3972 3299.8992 -3281.2683 -3264.7522 -3248.639 -3232.4248 -3216.6138 -3200.8025 -3185.2935 -3169.6838 -3154.4768 -3139.27 -3124.2644 -3109.3596 -3094.6562 -3079.7515 -3065.048 -3051.0498 -3036.7493 -1214.5386 1775.7843 3299.8992 3299.8992 3299.8992 3299.8992 3299.8992 3299.8992 3299.8992 3299.8992 3299.8992 3299.8992 3299.8992 3299.8992 3299.8992 3299.8992 3299.8992 3299.8992 3291.641 3275.4272 -2795.2515 3283.6853 3299.8992 -3282.8796 -3266.565 -3250.2502 -3234.2375 -3218.3257 -3202.5146 -3186.9048 -3171.4966 -3156.189 -3140.982 -3125.9766 -3111.0718 -3096.2676 -3081.2622 -3067.163 -3052.359 -3038.1592 -1026.7181 1961.6913 3299.8992 3299.8992 3299.8992 3299.8992 3299.8992 3299.8992 3299.8992 3299.8992 3299.8992 3299.8992 3299.8992 3299.8992 3299.8992 3299.8992 3299.8992 3299.8992 3288.4185 3272.0032 3266.0613 3283.081 3299.7986 -3283.5845 -3267.2698 -3251.056 -3234.9426 -3219.0308 -3203.2195 -3187.6099 -3172.2014 -3156.8938 -3141.687 -3126.6814 -3111.7766 -3096.8718 -3081.967 -3067.3645 -3053.366 -3039.0654 -1171.4355 1594.0063 3299.8992 3299.8992 3299.8992 3299.8992 3299.8992 3299.8992 3299.8992 3299.8992 3299.8992 3299.8992 3299.8992 3299.8992 3299.8992 3299.8992 3299.8992 3299.8992 3289.8284 3273.2117 3270.0896 3287.3108 3299.8992 -3279.3547 -3262.9395 -3246.7253 -3230.713 -3214.801 -3199.0906 -3183.4807 -3168.0725 -3152.8655 -3137.6587 -3122.653 -3107.849 -3093.045 -3078.6438 -3064.3433 -3049.539 -3035.2385 -983.8165 1927.2491 3299.8992 3299.8992 3299.8992 3299.8992 3299.8992 3299.8992 3299.8992 3299.8992 3299.8992 3299.8992 3299.8992 3299.8992 3299.8992 
3296.878 3281.7717 3267.0684 3252.365 3237.3596 -464.96887 3240.985 3256.7961 3272.406 3287.8142 3299.8992 -3281.5703 -3266.565 -3251.5593 -3236.7554 -3222.1526 -3207.55 -3193.1487 -3178.7476 -3164.5476 -3150.4485 -3136.7522 -3122.4517 -3108.7554 -3090.5273 -848.9685 1762.1887 3299.8992 3299.8992 3299.8992 3299.8992 3299.8992 3299.8992 3299.8992 3299.8992 3299.8992 3299.8992 3299.8992 3299.8992 3299.8992 3297.583 3282.4768 3267.7734 3253.07 3237.9639 -1211.3159 3243.402 3259.314 3274.9236 3290.332 3299.8992 -3279.2542 -3264.047 -3249.2432 -3234.439 -3219.8364 -3205.2336 -3190.8325 -3176.4312 -3162.2314 -3148.233 -3134.436 -3120.337 -3106.5398 -3016.104 -644.63196 1911.2366 3299.8992 3299.8992 3299.8992 3299.8992 3299.8992 3299.8992 3299.8992 3299.8992 3299.8992 3299.8992 3299.8992 3299.8992 3299.8992 3297.6836 3282.4768 3267.874 3253.07 3237.863 -2429.5806 3246.4233 3262.2344 3277.8442 3293.2524 3299.8992 -3276.132 -3261.2273 -3246.4233 -3231.4177 -3216.9158 -3202.3132 -3187.9119 -3173.6113 -3159.4116 -3145.413 -3131.1125 -3117.517 -3103.8208 -2569.3633 218.63708 2763.2263 3299.8992 3299.8992 3299.8992 3299.8992 3299.8992 3299.8992 3299.8992 3299.8992 3299.8992 3299.8992 3299.8992 3299.8992 3299.8992 3291.339 3276.7363 3261.5295 3246.8262 3231.6191 3227.2888 3242.9993 3258.7097 3274.3193 3289.7278 3299.8992 -3279.7576 -3264.6514 -3249.7466 -3234.9426 -3220.4407 -3205.7373 -3191.336 -3177.0354 -3162.7349 -3148.7366 -3134.9395 -3120.7397 -3107.144 -2872.6958 -342.70935 1998.2483 3299.8992 3299.8992 3299.8992 3299.8992 3299.8992 3299.8992 3299.8992 3299.8992 3299.8992 3299.8992 3299.8992 3299.8992 3299.8992 3294.9646 3280.1604 3265.0542 3250.3508 3234.8418 3232.5256 3248.941 3264.6514 3280.1604 3295.5688 -3289.1235 -3274.0173 -3258.9111 -3244.107 -3229.303 -3214.7002 -3200.0977 -3185.797 -3171.4966 -3157.2966 -3143.2983 -3129.0984 -3115.402 -3101.7058 -2404.9072 296.9879 2737.1428 3299.8992 3299.8992 3299.8992 3299.8992 3299.8992 3299.8992 3299.8992 3299.8992 3299.8992 3299.8992 3299.8992 3299.8992 3299.8992 
-3279.3547 -3264.7522 -3250.0488 -3235.7483 -3221.2463 -141.79688 3299.8992 3299.8992 3299.8992 3299.8992 3299.8992 3299.8992 3286.8071 3272.1038 3257.0984 3242.0928 3227.0874 3212.2832 3197.6807 3183.1787 3168.4753 3153.9734 3139.4714 3120.639 1987.9761 67.8772 -1438.4125 -2715.8936 3140.3777 3156.189 3172 3187.509 3202.9175 3218.225 3233.432 3248.4375 3263.5437 3278.549 3293.3533 -3291.8425 -3277.1392 -3262.6372 -3248.3367 -3233.9355 -3219.937 586.82556 3299.8992 3299.8992 3299.8992 3299.8992 3299.8992 3299.8992 3285.3972 3270.5933 3255.6885 3240.7837 3225.9795 3211.0747 3196.3713 3181.7688 3167.166 3152.664 3138.4644 3119.7327 1973.6755 -59.61914 -1683.435 -2881.8604 3141.687 3157.498 3173.2085 3188.7175 3204.126 3219.3328 3234.5398 3249.646 3264.7522 3279.657 3294.5618 -3290.7349 -3276.0315 -3261.5295 -3246.8262 -3232.5256 -3218.3257 1187.146 3299.8992 3299.8992 3299.8992 3299.8992 3299.8992 3299.6978 3284.8938 3270.0896 3255.1848 3240.3809 3225.3752 3210.6719 3195.868 3181.2651 3166.4612 3152.1606 3137.3564 3110.971 1567.3187 -388.5315 -1908.8196 -3033.9294 3146.2188 3162.1306 3177.7405 3193.35 3208.5571 3223.8647 3239.0715 3254.1777 3269.1833 3284.0881 3298.7915 -3286.4043 -3271.701 -3257.199 -3242.8984 -3228.598 -3214.7002 1959.5764 3299.8992 3299.8992 3299.8992 3299.8992 3299.8992 3299.8992 3285.5986 3270.7947 3255.789 3240.8843 3226.0803 3211.1755 3196.3713 3181.7688 3167.166 3152.664 3138.3635 3109.561 1761.383 -110.476685 -1560.0677 -2789.209 3142.2913 3158.0017 3173.6113 3189.2212 3204.6294 3219.8364 3235.0432 3250.1494 3265.155 3280.1604 3295.0652 -3290.2312 -3275.6287 -3261.026 -3246.3225 -3231.8206 -3218.1243 2428.2715 3299.8992 3299.8992 3299.8992 3299.8992 3299.8992 3295.2666 3280.4626 3265.6584 3250.8545 3235.8489 3221.1455 3206.1401 3191.336 3176.9348 3162.332 3147.83 3133.5295 2997.0703 1402.1576 -431.03027 -1967.7338 3299.8992 3145.2117 3160.922 3176.532 3191.9402 3207.3486 3222.6562 3237.7625 3252.9692 3267.9749 3282.8796 3297.6836 -3287.5122 
3299.8992 3299.8992 3299.8992 3299.8992 3299.8992 2349.6184 -3208.7585 -3192.8467 -3177.4382 -3162.1306 -3146.823 -3131.8176 -3116.9128 -3102.008 -3087.6067 -3073.0042 -3058.7036 -3044.3022 -3030.2031 -3016.104 -3002.2063 -2988.4094 -2974.9146 -2961.0168 -2947.4211 -2416.69 -983.6151 393.36548 1903.1799 3299.8992 3299.8992 3299.8992 3299.8992 3299.8992 3299.8992 3299.8992 3299.8992 3299.8992 3299.8992 3299.8992 3299.8992 3299.8992 3299.8992 3299.8992 3299.8992 1775.885 -3201.2053 -3185.4949 -3169.9858 -3154.4768 -3139.3706 -3124.4658 -3109.6619 -3094.9585 -3080.3557 -3065.8538 -3051.5532 -3037.2527 -3023.1536 -3009.1553 -2995.2576 -2981.3599 -2967.6636 -2954.1687 -2940.7744 -2348.3093 -802.0386 859.34143 2377.9175 3299.8992 3299.8992 3299.8992 3299.8992 3299.8992 3299.8992 3299.8992 3299.8992 3299.8992 3299.8992 3299.8992 3299.8992 3299.8992 3299.8992 3299.8992 3299.8992 1304.6722 -3198.6877 -3182.9773 -3167.4683 -3152.0598 -3136.9536 -3122.0488 -3107.144 -3092.4407 -3077.9387 -3063.4368 -3049.1362 -3034.9365 -3020.7366 -3006.8389 -2992.9412 -2979.0435 -2965.2466 -2951.651 -2938.5588 -1940.4419 -307.9651 1093.1854 2411.1511 3299.8992 3299.8992 3299.8992 3299.8992 3299.8992 3299.8992 3299.8992 3299.8992 3299.8992 3299.8992 3299.8992 3299.8992 3299.8992 3299.8992 3299.8992 3299.8992 520.7611 -3197.882 -3182.1716 -3166.7632 -3151.4556 -3136.3494 -3121.344 -3106.5398 -3091.8364 -3077.3345 -3062.9333 -3048.532 -3034.1309 -3020.2332 -3006.2346 -2992.337 -2978.54 -2965.1458 -2951.3489 -2937.7532 -1810.1257 -81.47278 1319.2749 2689.508 3299.8992 3299.8992 3299.8992 3299.8992 3299.8992 3299.8992 3299.8992 3299.8992 3299.8992 3299.8992 3299.8992 3299.8992 3299.8992 3299.8992 3299.8992 3299.8992 134.14307 -3199.4934 -3183.6821 -3168.4753 -3153.1677 -3138.0615 -3122.9553 -3108.1511 -3093.4478 -3078.9458 -3064.4438 -3050.0427 -3035.8428 -3021.7437 -3007.7454 -2993.8477 -2980.0505 -2966.6565 -2952.8594 -2782.3608 -1168.6157 430.32532 1739.4287 2997.4731 3299.8992 3299.8992 3299.8992 3299.8992 3299.8992 3299.8992 3299.8992 3299.8992 3299.8992 3299.8992 3299.8992 
3265.2556 3280.7646 3296.576 -3287.915 -3272.8088 -554.09546 3299.8992 3299.8992 3294.7632 3279.0527 3264.047 3248.941 3233.8347 3218.527 3203.2195 3187.7104 3172.3022 3156.8938 3141.5862 3126.3794 3111.4746 3096.5698 3080.3557 2880.3496 1679.8096 249.45374 -787.5366 -2060.2844 -2524.0447 -3150.247 3105.3313 3122.1497 3138.6658 3155.081 3171.3958 3187.7104 3203.7231 3219.8364 3235.7483 3251.4587 3267.3706 3282.8796 3298.7915 -3286.0015 -3270.5933 22.457886 3299.8992 3299.8992 3293.9575 3278.1462 3263.1409 3248.0347 3232.9285 3217.6208 3202.3132 3186.8042 3171.3958 3155.9875 3140.68 3125.6743 3110.669 3095.6633 3079.7515 2839.3616 1624.118 180.46875 -925.10376 -2168.6462 -2620.8252 -3149.4414 3107.0435 3123.761 3140.277 3156.6924 3173.108 3189.3218 3205.3345 3221.347 3237.2588 3253.1707 3268.7805 3284.491 3299.8992 -3284.3901 -3269.1833 480.3772 3299.8992 3299.8992 3293.051 3277.24 3262.2344 3247.229 3231.9214 3216.7144 3201.3062 3185.8977 3170.3887 3154.9805 3139.7734 3124.6672 3109.7625 3094.757 3077.536 2805.02 1438.0096 17.321777 -1085.3302 -2333.1023 -2766.1467 3289.627 3110.8704 3127.588 3144.0032 3160.4187 3176.7334 3192.9473 3209.0605 3225.0732 3240.8843 3256.6956 3272.406 3288.1165 3299.8992 -3280.8655 -3265.7593 777.5665 3299.8992 3299.8992 3295.0652 3279.0527 3264.047 3248.941 3233.8347 3218.4265 3203.119 3187.7104 3172.1008 3156.8938 3141.5862 3126.3794 3111.5752 3096.5698 3078.7444 2795.05 1485.5438 44.815063 -1082.8125 -2192.6147 -2626.4648 -3181.8694 3110.266 3126.9836 3143.2983 3159.915 3176.0283 3192.4438 3208.3557 3224.3682 3240.1794 3256.192 3271.6003 3287.5122 3299.8992 -3281.5703 -3262.6372 1329.0436 3299.8992 3299.8992 3291.4397 3275.4272 3260.5225 3245.4163 3230.1086 3215.0024 3199.594 3184.1858 3168.576 3153.3691 3138.0615 3123.056 3108.0505 3093.1458 3074.716 2724.2522 1325.116 -73.61755 -1142.2302 -2377.6152 -2900.0884 3095.462 3112.1794 3128.897 3145.3125 3161.9292 3178.1433 3194.2566 3210.3699 3226.3823 3242.0928 3258.1055 
3299.8992 3299.8992 3299.8992 3299.8992 3299.8992 1427.8381 -954.00696 -2653.8574 -3118.927 -3104.1228 -3089.218 -3074.716 -3060.315 -3046.115 -3031.9153 -3017.9167 -3004.1199 -2990.2222 -2976.6265 -2963.031 -2802.4016 -2423.1353 -2092.7124 -1611.8317 -1151.7975 -900.4303 -541.30554 -132.33032 241.3971 522.37244 1148.6755 2333.606 3299.8992 3299.8992 3299.8992 3299.8992 3299.8992 3299.8992 3299.8992 3299.8992 3299.8992 3299.8992 3299.8992 3299.8992 3299.8992 1190.6708 -1097.5159 -2976.9287 -3118.1213 -3103.3171 -3088.6138 -3074.0112 -3059.6099 -3045.3093 -3031.311 -3017.212 -3003.3142 -2989.4165 -2975.9216 -2962.1245 -2806.8328 -2264.3188 -1856.25 -1537.207 -981.0974 -354.39148 15.206909 268.58826 545.8374 872.03064 1348.4802 2548.7183 3299.8992 3299.8992 3299.8992 3299.8992 3299.8992 3299.8992 3299.8992 3299.8992 3299.8992 3299.8992 3299.8992 3299.8992 3299.8992 899.82605 -1395.3094 -3053.2654 -3127.9907 -3113.086 -3098.2817 -3083.7798 -3069.3787 -3055.0781 -3040.7776 -3026.88 -3012.9822 -2999.185 -2985.4888 -2971.7925 -2833.621 -2516.0889 -2149.6123 -1836.4105 -1336.3953 -783.609 -406.96106 -14.099121 293.26172 584.8114 1232.0618 2555.9692 3299.8992 3299.8992 3299.8992 3299.8992 3299.8992 3299.8992 3299.8992 3299.8992 3299.8992 3299.8992 3299.8992 3299.8992 3198.9897 646.6461 -1540.9332 -3136.0474 -3120.9412 -3106.0364 -3091.333 -3076.9316 -3062.5305 -3048.1292 -3034.2314 -3020.1323 -3006.2346 -2992.4377 -2978.7415 -2963.2324 -2639.6575 -2166.632 -1888.2751 -1464.4958 -890.96375 -499.411 50.55542 199.20044 433.8501 689.0442 1464.6973 2839.3616 3299.8992 3299.8992 3299.8992 3299.8992 3299.8992 3299.8992 3299.8992 3299.8992 3299.8992 3299.8992 3299.8992 3299.8992 3234.0361 759.4391 -1380.8075 -3085.9954 -3131.2134 -3116.3086 -3101.4038 -3086.9019 -3072.5005 -3058.2 -3043.8994 -3029.9011 -3016.0034 -3002.1057 -2988.4094 -2974.6123 -2793.8416 -2422.9338 -2100.2654 -1699.3469 -1151.4954 -522.57385 -201.81885 151.46484 345.932 630.0293 1440.5273 2913.0798 3299.8992 3299.8992 3299.8992 3299.8992 3299.8992 3299.8992 3299.8992 3299.8992 

-9.667969 -9.667969 -9.667969 -9.667969 -9.667969 -9.667969 -9.667969 -9.667969 -9.667969 -9.667969 -9.667969 -9.667969 -9.667969 -9.667969 -9.667969 -9.667969 -9.667969 -9.667969 -9.667969 -9.667969 47.03064 53.475952 50.656128 60.928345 90.93933 106.54907 77.34375 81.674194 48.742676 -29.406738 -52.267456 -40.88745 0.40283203 38.671875 58.007812 81.47278 93.65845 67.8772 16.516113 -29.80957 -29.80957 -29.80957 -29.80957 -29.80957 -29.80957 -29.80957 -29.80957 -29.80957 -29.80957 -29.80957 -29.80957 -29.80957 -29.80957 -29.80957 -29.80957 -29.80957 -29.80957 -29.80957 -29.80957 -29.80957 11.782837 36.4563 80.06287 107.25403 101.11084 52.56958 -26.184082 -95.97473 -151.36414 -178.95813 -166.47034 -139.98413 -119.4397 -81.7749 -59.820557 -42.700195 -27.493286 -36.154175 -41.4917 -34.039307 -34.039307 -34.039307 -34.039307 -34.039307 -34.039307 -34.039307 -34.039307 -34.039307 -34.039307 -34.039307 -34.039307 -34.039307 -34.039307 -34.039307 -34.039307 -34.039307 -34.039307 -34.039307 -34.039307 -34.039307 -34.039307 -34.039307 -34.039307 -34.039307 -34.039307 -34.039307 -34.039307 -34.039307 -34.039307 -34.039307 -34.039307 -34.039307 -34.039307 -34.039307 -34.039307 -34.039307 -34.039307 -34.039307 -34.039307 -34.039307 -34.039307 -34.039307 -34.039307 -34.039307 -34.039307 -34.039307 -34.039307 -34.039307 -34.039307 -34.039307 -34.039307 -34.039307 -34.039307 -34.039307 -34.039307 -34.039307 -34.039307 -34.039307 -34.039307 -34.039307 -34.039307 -34.039307 -34.039307 -34.039307 -34.039307 -34.039307 -34.039307 -34.039307 -34.039307 -34.039307 -34.039307 -34.039307 -34.039307 -34.039307 -34.039307 -34.039307 -34.039307 -34.039307 -34.039307 -34.039307 -34.039307 -34.039307 -34.039307 -34.039307 -34.039307 -34.039307 -34.039307 -34.039307 -34.039307 -34.039307 -34.039307 -34.039307 -34.039307 -34.039307 -34.039307 -34.039307 -34.039307 -34.039307 -34.039307 -34.039307 -97.18323 -54.986572 -35.751343 -25.378418 -12.286377 -11.279297 -7.5531006 14.199829 30.111694 36.053467 26.486206 7.6538086 -8.761597 7.9559326 15.710449 26.78833 33.43506 48.94409 67.977905 76.84021 76.84021 76.84021 76.84021 76.84021 76.84021 76.84021 76.84021 76.84021 76.84021 76.84021 76.84021 76.84021 76.84021 76.84021 76.84021 76.84021 76.84021 76.84021 76.84021 76.84021 
-15.710449 -40.38391 -46.5271 -50.55542 -44.714355 -39.175415 -18.22815 3.6254883 20.74585 35.95276 34.44214 45.92285 87.61597 117.82837 127.597046 123.97156 112.69226 96.07544 74.523926 72.006226 93.45703 132.1289 142.70325 116.31775 100.50659 90.43579 33.636475 11.581421 -13.394165 5.2368164 13.897705 -27.191162 -46.728516 -52.871704 -92.14783 -112.59155 -97.98889 -71.7041 -75.83313 -113.90076 -140.68909 -147.2351 -127.39563 -110.27527 -127.194214 -134.94873 -121.35315 -90.03296 -67.67578 -53.67737 -38.269043 -37.564087 -48.138428 -71.30127 -81.170654 -51.260376 -5.1361084 59.61914 72.9126 86.30676 88.220215 87.41455 94.46411 102.72217 123.87085 119.036865 111.28235 100.10376 65.25879 25.177002 3.1219482 -27.896118 -66.76941 -81.674194 -80.76782 -84.695435 -103.930664 -129.6112 -137.36572 -134.24377 -114.20288 -81.57349 -34.039307 -9.970093 -7.8552246 -1.9134521 -2.3162842 -7.4523926 -23.162842 -26.184082 -28.198242 -8.459473 -8.056641 1.9134521 32.32727 43.606567 34.44214 22.76001 52.468872 42.700195 48.94409 52.06604 56.5979 48.239136 52.06604 45.217896 48.641968 51.260376 35.147095 8.358765 4.1290283 11.883545 27.79541 31.82373 21.047974 11.480713 5.2368164 2.5177002 -14.703369 -13.192749 -12.789917 -0.30212402 16.415405 30.111694 23.76709 15.307617 7.5531006 -3.4240723 -3.3233643 1.3092041 -5.8410645 -10.675049 -3.6254883 -2.8198242 -33.535767 -91.04004 -116.519165 -105.54199 -80.76782 -69.08569 -34.44214 -6.9488525 0.40283203 3.0212402 5.9417725 6.8481445 8.157349 16.616821 46.224976 53.17383 57.20215 46.42639 53.07312 64.55383 73.61755 83.78906 85.29968 93.55774 87.41455 54.986572 53.57666 57.302856 53.57666 65.25879 108.26111 141.89758 135.45227 107.25403 93.85986 71.40198 61.73401 53.274536 33.9386 3.4240723 -42.297363 -96.276855 -120.24536 -124.4751 -133.43811 -137.76855 -143.3075 -163.65051 -148.94714 -109.16748 -111.58447 -137.46643 -157.30591 -149.7528 -111.18164 -73.516846 -42.095947 -24.27063 -2.3162842 25.177002 50.354004 54.986572 57.806396 54.382324 43.807983 31.82373 19.23523 1.2084961 -24.472046 -36.154175 -33.233643 -33.33435 -51.461792 -75.83313 -64.956665 -51.965332 -45.721436 -36.95984 -27.29187 -7.7545166 3.5247803 11.077881 20.343018 31.219482 49.54834 73.81897 
3299.8992 3299.8992 3299.8992 3290.634 3273.9165 3273.715 3290.5334 -3292.6482 -3276.132 -3259.7168 -3243.5027 -3227.5908 -3211.679 -3195.9685 -3180.4595 -3165.0513 -3149.8442 -3134.738 -3119.7327 -3104.828 -3090.1245 -3075.2197 -3061.1206 -3046.3164 -2985.6902 -549.6643 2408.5327 3299.8992 3299.8992 3299.8992 3299.8992 3299.8992 3299.8992 3299.8992 3299.8992 3299.8992 3299.8992 3299.8992 3299.8992 3299.8992 3299.8992 3299.8992 3299.8992 3289.0227 3272.0032 3274.9236 3292.044 -3291.339 -3274.7222 -3258.4075 -3242.2942 -3226.2817 -3210.4705 -3194.76 -3179.1504 -3163.742 -3148.5352 -3133.429 -3118.3228 -3103.5186 -3088.8152 -3074.5146 -3059.7107 -3045.7122 -2934.2285 -425.0885 2490.9119 3299.8992 3299.8992 3299.8992 3299.8992 3299.8992 3299.8992 3299.8992 3299.8992 3299.8992 3299.8992 3299.8992 3299.8992 3299.8992 3299.8992 3299.8992 3299.8992 3288.6199 3263.8457 3277.4414 3294.3604 -3288.8213 -3272.2046 -3255.9905 -3239.7766 -3223.764 -3208.0535 -3192.343 -3176.834 -3161.4258 -3146.2188 -3131.012 -3116.1072 -3101.303 -3086.5996 -3072.299 -3057.898 -3043.2952 -2801.294 -130.31616 2752.8533 3299.8992 3299.8992 3299.8992 3299.8992 3299.8992 3299.8992 3299.8992 3299.8992 3299.8992 3299.8992 3299.8992 3299.8992 3299.8992 3299.8992 3299.8992 3299.8992 3288.217 3074.6155 3279.0527 3295.8708 -3287.4114 -3270.996 -3254.5806 -3238.568 -3222.6562 -3206.7444 -3191.1345 -3175.525 -3160.2173 -3145.0103 -3129.904 -3114.8987 -3100.0945 -3085.391 -3070.5872 -3055.9844 -3042.288 -2591.8213 377.05078 3299.8992 3299.8992 3299.8992 3299.8992 3299.8992 3299.8992 3299.8992 3299.8992 3299.8992 3299.8992 3299.8992 3299.8992 3299.8992 3299.8992 3299.8992 3299.8992 3299.8992 3284.491 2514.3767 3279.0527 3295.9717 -3287.4114 -3270.7947 -3254.48 -3238.4673 -3222.4548 -3206.6436 -3191.034 -3175.424 -3160.1165 -3144.9097 -3129.8035 -3114.8987 -3100.0945 -3085.391 -3071.0906 -3056.79 -3041.986 -2485.4736 492.9657 3299.8992 3299.8992 3299.8992 3299.8992 3299.8992 3299.8992 3299.8992 3299.8992 3299.8992 3299.8992 3299.8992 3299.8992 3299.8992 3299.8992 3299.8992 3299.8992 3299.0935 3283.383 1811.8378 3280.1604 3296.9788 -3286.5051 -3270.0896 -3253.775 -3237.561 -3221.6492 -3205.838 -3190.2283 -3174.7192 -3159.4116 -3144.104 -3129.0984 -3114.1936 -3099.3896 
3292.5476 3277.7434 3262.6372 3247.9338 3232.3242 3232.5256 3248.8403 3264.5508 3280.1604 3295.5688 -3289.1235 -3274.118 -3259.0117 -3244.2078 -3229.4036 -3214.801 -3200.1982 -3185.797 -3171.5972 -3157.3975 -3143.399 -3129.0984 -3115.503 -3101.8066 -2233.4014 468.49365 2916.101 3299.8992 3299.8992 3299.8992 3299.8992 3299.8992 3299.8992 3299.8992 3299.8992 3299.8992 3299.8992 3299.8992 3299.8992 3299.8992 3290.332 3275.7292 3260.4216 3245.819 3226.886 3232.727 3249.0417 3264.8528 3280.2612 3295.6694 -3289.0227 -3273.9165 -3258.9111 -3244.0063 -3229.303 -3214.7002 -3200.1982 -3185.6963 -3171.4966 -3157.2966 -3143.1975 -3129.0984 -3115.402 -3101.7058 -2230.6824 230.62134 2649.829 3299.8992 3299.8992 3299.8992 3299.8992 3299.8992 3299.8992 3299.8992 3299.8992 3299.8992 3299.8992 3299.8992 3299.8992 3299.8992 3292.4468 3277.8442 3262.6372 3247.7324 3111.4746 3237.4602 3253.775 3269.3848 3284.8938 3299.8992 -3284.491 -3269.284 -3254.3792 -3239.4744 -3224.771 -3210.1685 -3195.6665 -3181.4666 -3167.0654 -3152.9663 -3138.9678 -3124.9695 -3111.2732 -3097.476 -1475.8759 1192.6849 3299.8992 3299.8992 3299.8992 3299.8992 3299.8992 3299.8992 3299.8992 3299.8992 3299.8992 3299.8992 3299.8992 3299.8992 3299.8992 3299.8992 3286.7065 3272.0032 3256.897 3241.9922 2605.5176 3235.5469 3251.2573 3266.9678 3282.5774 3297.885 -3286.8071 -3271.701 -3256.7961 -3241.8914 -3227.188 -3212.5854 -3198.184 -3183.783 -3169.583 -3155.2825 -3141.1833 -3127.6885 -3113.5894 -3099.893 -1741.8457 803.6499 3201.6082 3299.8992 3299.8992 3299.8992 3299.8992 3299.8992 3299.8992 3299.8992 3299.8992 3299.8992 3299.8992 3299.8992 3299.8992 3299.8992 3287.8142 3272.708 3258.1055 3243.2007 2126.3489 3238.87 3254.782 3270.291 3285.8 3299.8992 -3283.5845 -3268.4783 -3253.473 -3238.6687 -3223.9653 -3209.3628 -3194.9614 -3180.5603 -3166.3604 -3152.2612 -3138.263 -3124.5667 -3110.3667 -3096.7712 -1177.9816 1579.9072 3299.8992 3299.8992 3299.8992 3299.8992 3299.8992 3299.8992 3299.8992 3299.8992 3299.8992 3299.8992 3299.8992 3299.8992 3299.8992 3298.59 3283.6853 3268.579 3253.8757 3239.0715 1377.0813 3237.4602 3253.07 3268.7805 3284.2896 3299.6978 -3285.0952 -3269.8882 -3255.0842 -3240.28 -3225.5767 -3210.974 -3196.4722 -3182.1716 -3167.7703 -3153.6711 
-3272.9094 -3258.4075 -3244.2078 -3230.1086 -3185.5957 3093.3472 3299.8992 3299.8992 3299.8992 3299.8992 3299.8992 3295.2666 3280.4626 3265.5579 3250.7537 3235.8489 3221.045 3206.1401 3191.4368 3176.9348 3162.4329 3147.931 3133.2275 2919.5251 1212.9272 -604.04663 -1987.3718 -3122.2502 3145.816 3161.6272 3177.2368 3192.7458 3208.0535 3223.2605 3238.7695 3253.6743 3268.579 3283.5845 3298.2878 -3286.908 -3272.1038 -3257.7026 -3243.0999 -3228.598 -3010.4644 3299.8992 3299.8992 3299.8992 3299.8992 3299.8992 3299.8992 3293.756 3278.952 3264.148 3249.2432 3234.3384 3219.5342 3204.6294 3190.0269 3175.424 3160.7207 3146.3196 3132.019 2626.8677 829.22974 -882.605 -2279.5256 3194.1558 3151.355 3167.0654 3182.5745 3198.0835 3213.4917 3228.6987 3243.704 3258.9111 3273.9165 3288.8213 3299.8992 -3281.7717 -3267.1692 -3252.5664 -3238.3667 -3224.1667 -2592.1233 3299.8992 3299.8992 3299.8992 3299.8992 3299.8992 3299.8992 3295.3674 3280.5632 3265.7593 3250.7537 3235.8489 3221.045 3206.2407 3191.4368 3176.834 3162.332 3147.83 3131.7168 2577.3193 676.9592 -1068.8141 -2343.576 3138.7664 3154.779 3170.3887 3185.9985 3201.5076 3216.7144 3232.1228 3246.9268 3262.033 3277.24 3292.044 3299.8992 -3278.4485 -3263.9465 -3249.3438 -3235.2446 -3220.8435 -2286.2732 3299.8992 3299.8992 3299.8992 3299.8992 3299.8992 3299.8992 3296.576 3281.7717 3266.867 3252.063 3237.1582 3222.1526 3207.2478 3192.6453 3177.942 3163.5405 3149.0386 3134.5366 2635.9314 789.8529 -1062.3688 -2469.3604 3140.277 3156.3904 3172 3187.6099 3203.018 3218.4265 3233.6333 3248.7395 3263.745 3278.7505 3293.4539 -3291.641 -3277.0386 -3262.3352 -3247.8333 -3233.5327 -3219.5342 -1733.1848 3299.8992 3299.8992 3299.8992 3299.8992 3299.8992 3299.8992 3295.3674 3280.4626 3265.6584 3250.7537 3235.8489 3220.944 3206.1401 3191.4368 3176.7334 3162.2314 3147.83 3131.6162 2536.432 653.09143 -1038.8031 -2388.2903 3139.4714 3154.9805 3170.7915 3186.3005 3201.709 3216.9158 3232.2234 3247.4304 3262.4358 3277.3406 3292.3462 -3292.8496 -3278.247 -3263.6443 -3249.2432 -3234.6404 -3220.2393 -1266.0004 3299.8992 3299.8992 3299.8992 3299.8992 3299.8992 3299.8992 3292.2454 3277.4414 3262.4358 3247.531 3232.6262 3217.7214 3202.9175 3188.3147 3173.6113 
3299.8992 3299.8992 3299.8992 3299.8992 3299.8992 -661.4502 -3206.543 -3190.8325 -3175.3235 -3160.0159 -3144.9097 -3129.904 -3114.9993 -3100.296 -3085.794 -3071.1914 -3056.8909 -3042.5903 -3028.4912 -3014.4927 -3000.4944 -2986.798 -2972.9004 -2959.3047 -2945.9106 -1979.1138 -456.10657 1089.5599 2459.6924 3299.8992 3299.8992 3299.8992 3299.8992 3299.8992 3299.8992 3299.8992 3299.8992 3299.8992 3299.8992 3299.8992 3299.8992 3299.8992 3299.8992 3299.8992 3299.8992 -1074.6552 -3197.3784 -3181.668 -3166.2598 -3150.9521 -3135.9465 -3121.0417 -3106.2378 -3091.5344 -3077.0325 -3062.5305 -3048.1292 -3034.03 -3019.8303 -3005.9326 -2992.1355 -2978.2378 -2964.5415 -2950.946 -2788.6047 -1341.1285 144.01245 1517.7704 2839.563 3299.8992 3299.8992 3299.8992 3299.8992 3299.8992 3299.8992 3299.8992 3299.8992 3299.8992 3299.8992 3299.8992 3299.8992 3299.8992 3299.8992 3299.8992 3299.8992 -1533.5815 -3197.177 -3181.4666 -3166.2598 -3150.8513 -3135.745 -3120.7397 -3106.137 -3091.4336 -3076.831 -3062.4297 -3048.1292 -3034.03 -3019.8303 -3005.8318 -2991.934 -2978.1372 -2964.8438 -2950.946 -2849.9358 -1494.4061 58.007812 1464.798 2711.1602 3299.8992 3299.8992 3299.8992 3299.8992 3299.8992 3299.8992 3299.8992 3299.8992 3299.8992 3299.8992 3299.8992 3299.8992 3299.8992 3299.8992 3299.8992 3299.8992 -2266.0308 -3192.2424 -3176.7334 -3161.325 -3146.0173 -3131.012 -3116.1072 -3101.303 -3086.7004 -3072.1985 -3057.797 -3043.4966 -3029.2969 -3015.1978 -3001.1992 -2987.3015 -2973.706 -2960.0098 -2946.6155 -2666.8486 -1171.8384 309.77783 1830.9723 3153.9734 3299.8992 3299.8992 3299.8992 3299.8992 3299.8992 3299.8992 3299.8992 3299.8992 3299.8992 3299.8992 3299.8992 3299.8992 3299.8992 3299.8992 3299.8992 3299.8992 -2822.0398 -3192.1416 -3176.532 -3161.1235 -3146.0173 -3130.8105 -3115.9058 -3101.303 -3086.5996 -3071.997 -3057.5957 -3043.396 -3029.0955 -3015.097 -3001.1992 -2987.3015 -2973.6052 -2959.909 -2946.414 -2507.73 -1082.9132 433.34656 1898.7488 3109.8633 3299.8992 3299.8992 3299.8992 3299.8992 3299.8992 3299.8992 3299.8992 3299.8992 3299.8992 3299.8992 3299.8992 3299.8992 3299.8992 3299.8992 3299.8992 3031.7139 -3206.543 -3190.7317 -3175.2227 -3159.8145 -3144.5068 -3129.602 -3114.5964 -3099.893 -3085.1897 -3070.7886 -3056.3872 -3042.0867 -3027.9875 -3013.8884 -2999.8901 
3273.715 3289.4255 3299.8992 -3279.5562 -3124.8687 1774.5758 3299.8992 3299.8992 3290.7349 3274.9236 3259.9182 3244.9126 3229.605 3214.3982 3198.9897 3183.5815 3168.173 3152.664 3137.5579 3122.351 3107.4463 3092.4407 3074.414 2569.5647 1174.2554 -161.43494 -1145.1508 -2318.2983 -2719.821 3196.9756 3112.0789 3128.7964 3145.2117 3161.7278 3177.942 3194.0552 3210.1685 3226.181 3241.9922 3257.8032 3273.6145 3289.224 3299.8992 -3279.7576 -2899.0813 2319.3054 3299.8992 3299.8992 3287.8142 3272.0032 3256.9976 3241.8914 3226.6846 3211.2761 3196.0693 3180.5603 3165.1519 3149.8442 3134.6375 3119.5312 3104.6265 3089.6208 3071.5942 2519.11 1114.4348 -221.45691 -1261.0657 -2419.107 -2851.8494 3096.2676 3111.7766 3128.3936 3144.9097 3161.325 3177.6396 3193.753 3209.7656 3225.778 3241.69 3257.5012 3273.2117 3288.8213 3299.8992 -3280.0598 -2584.0667 2773.7 3299.8992 3299.8992 3284.6924 3268.7805 3253.8757 3238.7695 3223.5625 3208.255 3192.9473 3177.4382 3162.03 3146.7224 3131.5154 3116.4092 3101.6052 3086.5996 3063.8396 2187.9822 701.12915 -559.8358 -1496.3196 -2634.5215 -3020.7366 3100.4973 3117.1143 3133.6304 3150.247 3166.6626 3182.8765 3198.9897 3215.0024 3231.1157 3246.8262 3262.6372 3278.4485 3293.8567 -3290.4326 -3275.0244 -2133.0962 3299.8992 3299.8992 3299.8992 3286.6057 3270.6938 3255.6885 3240.6829 3225.476 3210.1685 3194.6594 3179.1504 3163.8428 3148.4343 3133.2275 3118.1213 3103.418 3088.4124 3068.4722 2332.498 895.89844 -325.7904 -1296.6156 -2459.793 -2827.3772 3099.4902 3113.086 3129.8035 3146.4202 3162.7349 3178.949 3195.1628 3211.1755 3227.188 3242.9993 3258.9111 3274.7222 3290.332 3299.8992 -3278.952 -1858.5663 3299.8992 3299.8992 3296.3745 3281.067 3265.155 3250.1494 3235.0432 3219.937 3204.6294 3189.2212 3173.8127 3158.5051 3143.1975 3127.9907 3112.985 3098.0803 3083.1755 3005.8318 2064.7156 601.93176 -590.7532 -1599.4446 -2723.7488 -3033.8286 3099.591 3116.51 3133.0261 3149.5422 3166.0583 3182.0708 3198.3855 3214.3982 3230.4106 3246.121 3261.9324 3277.542 3293.2524 -3291.5405 -3276.0315 -1390.7776 3299.8992 3299.8992 3296.3745 3281.2683 3265.155 3250.2502 3235.2446 3220.0378 3204.7302 3189.3218 3173.9136 3158.606 3143.2983 3128.0913 3113.086 
3299.8992 3299.8992 3299.8992 3299.8992 2861.4165 136.35864 -1823.2178 -3141.5862 -3126.3794 -3111.676 -3096.9727 -3082.3699 -3067.9688 -3053.7688 -3039.569 -3025.5706 -3011.5723 -2997.7751 -2984.1797 -2970.584 -2954.672 -2668.6614 -2418.6035 -2121.414 -1530.1575 -927.2186 -496.28906 -204.43726 135.7544 496.5912 1446.0663 3049.539 3299.8992 3299.8992 3299.8992 3299.8992 3299.8992 3299.8992 3299.8992 3299.8992 3299.8992 3299.8992 3299.8992 3299.8992 2901.3977 272.11304 -1709.1156 -3127.2856 -3112.1794 -3097.3755 -3082.7727 -3068.2708 -3053.9702 -3039.7705 -3025.6714 -3011.7737 -2997.876 -2984.2803 -2970.584 -2951.0466 -2540.863 -2243.3716 -2013.4552 -1602.4658 -1069.9219 -504.94995 -146.12732 159.82361 451.27258 807.074 1748.291 3175.0212 3299.8992 3299.8992 3299.8992 3299.8992 3299.8992 3299.8992 3299.8992 3299.8992 3299.8992 3299.8992 3299.8992 3299.8992 2513.4705 -318.338 -2220.3093 -3126.48 -3111.4746 -3096.5698 -3082.0679 -3067.6665 -3053.1646 -3039.1663 -3024.9663 -3011.0686 -2997.2717 -2983.4746 -2969.7783 -2886.5935 -2572.4854 -1994.3207 -1496.8231 -1182.6141 -828.5248 -552.0813 -269.1925 -88.220215 221.2555 508.1726 1579.2023 3165.1519 3299.8992 3299.8992 3299.8992 3299.8992 3299.8992 3299.8992 3299.8992 3299.8992 3299.8992 3299.8992 3299.8992 3299.8992 2487.6892 -143.4082 -1899.8566 -3129.602 -3114.4958 -3099.6917 -3084.9883 -3070.7886 -3056.1858 -3041.986 -3027.9875 -3013.9893 -3000.1921 -2986.3953 -2972.7996 -2957.492 -2576.715 -1963.9069 -1384.3323 -902.8473 -349.5575 176.64185 407.16248 542.61475 681.8939 947.56165 2140.0452 3299.8992 3299.8992 3299.8992 3299.8992 3299.8992 3299.8992 3299.8992 3299.8992 3299.8992 3299.8992 3299.8992 3299.8992 3299.8992 2142.865 -489.64233 -2312.6587 -3146.4202 -3131.4148 -3116.51 -3101.8066 -3087.3047 -3072.9033 -3058.6028 -3044.403 -3030.5054 -3016.5068 -3002.71 -2989.0137 -2971.1882 -2656.2744 -2174.9907 -1755.3406 -1323.9075 -999.527 -618.9514 -255.49622 17.019653 316.22314 719.96155 1924.7314 3299.8992 3299.8992 3299.8992 3299.8992 3299.8992 3299.8992 3299.8992 3299.8992 3299.8992 3299.8992 3299.8992 3299.8992 3299.8992 1673.8678 -852.8961 -2523.944 -3136.9536 -3122.1497 -3107.3455 -3092.642 -3078.1401 -3063.739 -3049.539 -3035.3394 -3021.5422 -3007.544 -2993.9482 -2980.252 -2726.5686 

76.84021 76.84021 76.84021 76.84021 76.84021 76.84021 76.84021 76.84021 76.84021 76.84021 76.84021 76.84021 76.84021 76.84021 76.84021 76.84021 76.84021 76.84021 76.84021 76.84021 76.84021 76.84021 76.84021 76.84021 76.84021 76.84021 76.84021 76.84021 76.84021 76.84021 76.84021 76.84021 76.84021 76.84021 76.84021 76.84021 76.84021 76.84021 76.84021 76.84021 76.84021 76.84021 76.84021 76.84021 76.84021 76.84021 76.84021 76.84021 76.84021 76.84021 76.84021 76.84021 76.84021 76.84021 76.84021 76.84021 76.84021 76.84021 76.84021 76.84021 -13.595581 -7.0495605 20.040894 20.343018 23.464966 51.361084 62.539673 60.827637 38.47046 33.032227 25.78125 10.372925 -23.464966 -2.9205322 8.459473 10.171509 5.6396484 17.926025 25.680542 35.147095 41.290283 25.982666 -27.090454 -30.212402 -5.8410645 9.869385 6.0424805 5.8410645 23.162842 53.274536 98.89526 95.87402 87.213135 55.993652 25.27771 34.94568 60.22339 36.4563 16.71753 23.26355 23.26355 23.26355 23.26355 23.26355 23.26355 23.26355 23.26355 23.26355 23.26355 23.26355 23.26355 23.26355 23.26355 23.26355 23.26355 23.26355 23.26355 23.26355 23.26355 23.26355 44.613647 21.24939 38.269043 72.20764 106.64978 73.71826 35.85205 41.088867 80.86853 103.125 71.30127 -8.660889 -95.16907 -131.82678 -137.1643 -109.973145 -100.808716 -77.34375 -57.10144 -52.267456 -52.267456 -52.267456 -52.267456 -52.267456 -52.267456 -52.267456 -52.267456 -52.267456 -52.267456 -52.267456 -52.267456 -52.267456 -52.267456 -52.267456 -52.267456 -52.267456 -52.267456 -52.267456 -52.267456 -52.267456 -52.267456 -52.267456 -52.267456 -52.267456 -52.267456 -52.267456 -52.267456 -52.267456 -52.267456 -52.267456 -52.267456 -52.267456 -52.267456 -52.267456 -52.267456 -52.267456 -52.267456 -52.267456 -52.267456 -52.267456 -52.267456 -52.267456 -52.267456 -52.267456 -52.267456 -52.267456 -52.267456 -52.267456 -52.267456 -52.267456 -52.267456 -52.267456 -52.267456 -52.267456 -52.267456 -52.267456 -52.267456 -52.267456 -52.267456 -52.267456 
71.40198 94.3634 48.742676 49.749756 57.10144 52.770996 49.95117 25.982666 -0.10070801 -3.7261963 -11.480713 -25.579834 -23.162842 -0.20141602 47.03064 92.14783 102.52075 119.94324 150.25635 179.7638 165.16113 118.63403 115.008545 85.5011 64.956665 44.714355 10.675049 -46.92993 -114.4043 -165.36255 -166.0675 -131.12183 -109.87244 -121.35315 -126.9928 -138.07068 -122.15881 -104.53491 -99.3988 -72.20764 -56.295776 -46.42639 -26.486206 -21.954346 -14.401245 -20.645142 -13.696289 -9.869385 -4.1290283 -2.3162842 1.1077881 -7.3516846 2.1148682 10.372925 27.896118 24.069214 29.003906 6.6467285 2.9205322 -1.0070801 28.29895 40.182495 34.744263 9.869385 1.1077881 -1.1077881 4.9346924 1.9134521 -8.358765 -47.836304 -65.76233 -41.39099 -29.910278 3.5247803 36.657715 47.53418 51.663208 49.346924 43.304443 56.295776 63.848877 42.39807 20.645142 37.36267 86.206055 101.312256 126.086426 138.67493 169.89441 201.11389 208.46558 192.05017 181.57654 151.26343 133.63953 138.87634 143.3075 141.89758 118.83545 91.8457 62.64038 -44.714355 -126.89209 -154.58679 -122.86377 -78.45154 -81.47278 -106.04553 -166.77246 -250.56152 -295.6787 -281.8817 -256.90613 -221.96045 -191.2445 -160.02502 -113.39722 -90.234375 -87.31384 -70.89844 -53.979492 -43.807983 -44.210815 -34.744263 -7.9559326 1.2084961 3.9276123 0.30212402 5.0354004 6.9488525 20.74585 -4.3304443 -25.378418 -13.796997 2.7191162 32.025146 56.09436 74.32251 55.08728 25.680542 1.1077881 -1.2084961 -3.7261963 -26.78833 -54.885864 -47.634888 -53.07312 -60.62622 -43.103027 -23.565674 -11.581421 11.380005 35.751343 23.565674 18.026733 25.177002 25.680542 5.8410645 21.551514 24.169922 6.1431885 5.5389404 13.796997 17.926025 11.279297 13.092041 12.789917 17.422485 13.192749 18.328857 25.27771 10.574341 10.574341 5.0354004 13.494873 4.5318604 7.7545166 28.701782 42.800903 54.885864 75.73242 89.12659 89.227295 95.87402 110.17456 138.17139 132.33032 90.234375 83.99048 86.91101 102.822876 112.18872 114.20288 88.62305 59.014893 55.18799 77.44446 93.35632 123.36731 130.01404 
-3084.7869 -3069.7815 -3055.8838 -3041.0796 -2089.6912 992.67883 3299.8992 3299.8992 3299.8992 3299.8992 3299.8992 3299.8992 3299.8992 3299.8992 3299.8992 3299.8992 3299.8992 3299.8992 3299.8992 3299.8992 3299.8992 3299.8992 3295.9717 3279.5562 898.3154 3279.4556 3296.475 -3286.908 -3270.4924 -3254.1777 -3238.0645 -3222.1526 -3206.2407 -3190.7317 -3175.122 -3159.8145 -3144.6074 -3129.5012 -3114.4958 -3099.7925 -3085.1897 -3070.8892 -3055.9844 -3042.0867 -1880.2185 1362.5793 3299.8992 3299.8992 3299.8992 3299.8992 3299.8992 3299.8992 3299.8992 3299.8992 3299.8992 3299.8992 3299.8992 3299.8992 3299.8992 3299.8992 3299.8992 3299.8992 3291.641 3275.83 -237.16736 3278.4485 3295.166 -3288.1165 -3271.8018 -3255.487 -3239.4744 -3223.361 -3207.55 -3191.9402 -3176.4312 -3161.2244 -3145.816 -3130.7097 -3115.9058 -3101.001 -3086.3982 -3071.3928 -3057.495 -3042.691 -1766.5192 1389.4684 3299.8992 3299.8992 3299.8992 3299.8992 3299.8992 3299.8992 3299.8992 3299.8992 3299.8992 3299.8992 3299.8992 3299.8992 3299.8992 3299.8992 3299.8992 3299.8992 3290.0298 3274.118 -1328.7415 3279.4556 3296.173 -3287.21 -3270.7947 -3254.5806 -3238.4673 -3222.4548 -3206.7444 -3191.034 -3175.525 -3160.2173 -3145.111 -3130.005 -3114.9993 -3100.296 -3085.5925 -3070.6877 -3056.1858 -3042.288 -1666.4154 1468.0206 3299.8992 3299.8992 3299.8992 3299.8992 3299.8992 3299.8992 3299.8992 3299.8992 3299.8992 3299.8992 3299.8992 3299.8992 3299.8992 3299.8992 3299.8992 3299.8992 3290.332 3273.6145 -2502.7954 3281.7717 3298.7915 -3284.5916 -3268.0754 -3251.9622 -3235.8489 -3219.8364 -3204.126 -3188.516 -3172.9065 -3157.6995 -3142.4927 -3127.3865 -3112.4817 -3097.7783 -3083.075 -3068.875 -3054.071 -3040.1733 -1420.0836 1699.7498 3299.8992 3299.8992 3299.8992 3299.8992 3299.8992 3299.8992 3299.8992 3299.8992 3299.8992 3299.8992 3299.8992 3299.8992 3299.8992 3299.8992 3299.8992 3299.8992 3289.5264 3273.413 3267.2698 3284.491 3299.8992 -3282.4768 -3266.0613 -3249.8474 -3233.8347 -3218.0237 -3202.1118 -3186.502 -3170.993 -3155.6853 -3140.579 -3125.5737 -3110.669 -3095.9656 
-3139.6729 -3126.0771 -3111.978 -3098.2817 -1131.8573 1527.1362 3299.8992 3299.8992 3299.8992 3299.8992 3299.8992 3299.8992 3299.8992 3299.8992 3299.8992 3299.8992 3299.8992 3299.8992 3299.8992 3297.2808 3282.5774 3267.874 3252.8687 3237.9639 848.36426 3237.9639 3253.5735 3269.3848 3284.8938 3299.8992 -3284.5916 -3269.5862 -3254.6814 -3239.7766 -3225.0732 -3210.4705 -3195.9685 -3181.668 -3167.3674 -3153.2683 -3139.27 -3125.5737 -3111.5752 -3097.7783 -1144.8486 1608.2062 3299.8992 3299.8992 3299.8992 3299.8992 3299.8992 3299.8992 3299.8992 3299.8992 3299.8992 3299.8992 3299.8992 3299.8992 3299.8992 3296.9788 3282.074 3266.867 3252.2644 3237.2588 -528.3142 3240.7837 3256.9976 3272.6074 3288.1165 3299.8992 -3281.4697 -3266.3635 -3251.4587 -3236.554 -3221.8506 -3207.4492 -3192.9473 -3178.5461 -3164.3462 -3150.247 -3136.3494 -3122.2502 -3108.6548 -3058.4014 -707.9773 1873.6725 3299.8992 3299.8992 3299.8992 3299.8992 3299.8992 3299.8992 3299.8992 3299.8992 3299.8992 3299.8992 3299.8992 3299.8992 3299.8992 3296.2737 3281.369 3266.7664 3251.4587 3236.554 -1250.9949 3241.9922 3258.0046 3273.816 3289.224 3299.8992 -3280.2612 -3265.3564 -3250.4517 -3235.6475 -3220.944 -3206.3416 -3191.9402 -3177.539 -3163.339 -3149.24 -3135.2417 -3121.2432 -3107.5469 -3091.9373 -912.1124 1581.015 3299.8992 3299.8992 3299.8992 3299.8992 3299.8992 3299.8992 3299.8992 3299.8992 3299.8992 3299.8992 3299.8992 3299.8992 3299.8992 3299.3958 3284.3901 3269.7876 3254.6814 3239.4744 -2281.7412 3247.4304 3263.5437 3279.1533 3294.5618 -3290.1306 -3274.9236 -3259.9182 -3245.2148 -3230.31 -3215.6067 -3201.1047 -3186.8042 -3172.4028 -3158.3037 -3144.2046 -3130.2063 -3116.2078 -3102.9143 -2728.2805 67.07153 2649.124 3299.8992 3299.8992 3299.8992 3299.8992 3299.8992 3299.8992 3299.8992 3299.8992 3299.8992 3299.8992 3299.8992 3299.8992 3299.8992 3294.159 3279.1533 3264.5508 3249.3438 3234.2375 3230.1086 3245.0134 3261.1267 3276.7363 3292.1448 3299.8992 -3277.4414 -3262.4358 -3247.4304 -3232.6262 -3218.0237 -3203.5217 -3189.1204 -3174.8198 -3160.62 -3146.4202 
3159.1094 3144.7083 3127.487 2293.6248 351.47095 -1304.9744 -2600.6836 3141.3848 3156.7932 3172.5037 3188.1133 3203.5217 3218.7285 3234.0361 3249.1423 3264.148 3279.1533 3294.159 -3291.2383 -3276.535 -3261.9324 -3247.4304 -3233.029 -3218.93 -863.57117 3299.8992 3299.8992 3299.8992 3299.8992 3299.8992 3299.8992 3292.4468 3277.542 3262.6372 3247.7324 3232.8276 3217.9229 3203.119 3188.516 3173.8127 3159.3108 3145.0103 3126.7822 2166.3298 180.46875 -1528.8483 -2869.9768 3145.3125 3161.2244 3176.9348 3192.343 3207.7515 3223.059 3238.1653 3253.372 3268.3777 3283.2825 3298.0864 -3287.21 -3272.5066 -3258.0046 -3243.5027 -3229.303 -3215.0024 116.82129 3299.8992 3299.8992 3299.8992 3299.8992 3299.8992 3299.8992 3291.742 3276.8372 3261.9324 3247.0276 3232.022 3217.1172 3202.4138 3187.8113 3173.007 3158.606 3144.2046 3123.6602 1867.9321 -131.12183 -1690.7867 -2926.8767 3148.938 3164.3462 3180.0566 3195.465 3210.8733 3226.181 3241.287 3256.5947 3271.701 3286.4043 3299.8992 -3284.0881 -3269.4854 -3254.9834 -3240.5823 -3226.0803 -3212.0818 333.84705 3299.8992 3299.8992 3299.8992 3299.8992 3299.8992 3299.8992 3294.159 3279.3547 3264.45 3249.5452 3234.6404 3219.8364 3204.9316 3190.3289 3175.6255 3161.2244 3146.7224 3127.7893 1992.1051 -4.7332764 -1513.44 -2814.688 3148.4343 3164.3462 3179.956 3195.5657 3210.8733 3226.181 3241.388 3256.4941 3271.4995 3286.4043 3299.8992 -3283.9873 -3269.4854 -3254.8828 -3240.4814 -3226.3823 -3212.0818 998.11707 3299.8992 3299.8992 3299.8992 3299.8992 3299.8992 3299.8992 3291.1377 3276.233 3261.3281 3246.4233 3231.6191 3216.6138 3201.9104 3187.1062 3172.6042 3158.2031 3143.7012 3093.3472 1674.3713 -213.60168 -1737.1124 -2988.4094 3150.348 3165.857 3181.4666 3196.9756 3212.2832 3227.5908 3242.7979 3257.8032 3272.8088 3287.8142 3299.8992 -3282.6782 -3268.0754 -3253.6743 -3239.1724 -3224.6704 -3210.5713 1923.1201 3299.8992 3299.8992 3299.8992 3299.8992 3299.8992 3299.8992 3289.9292 3275.0244 3260.1196 3245.114 3230.31 3215.4053 3200.601 3185.8977 3171.3958 
-2986.1938 -2972.3967 -2959.0027 -2945.2056 -2548.8188 -1101.947 456.5094 1811.1328 3088.211 3299.8992 3299.8992 3299.8992 3299.8992 3299.8992 3299.8992 3299.8992 3299.8992 3299.8992 3299.8992 3299.8992 3299.8992 3299.8992 3299.8992 3299.8992 2771.0815 -3202.9175 -3187.0056 -3171.4966 -3156.0881 -3140.8813 -3125.9766 -3111.0718 -3096.2676 -3081.665 -3067.2637 -3052.8625 -3038.562 -3024.463 -3010.3638 -2996.5667 -2982.669 -2968.872 -2955.78 -2941.983 -2389.9016 -921.07544 599.6155 2065.6218 3227.3894 3299.8992 3299.8992 3299.8992 3299.8992 3299.8992 3299.8992 3299.8992 3299.8992 3299.8992 3299.8992 3299.8992 3299.8992 3299.8992 3299.8992 3299.8992 2266.1316 -3200.1982 -3184.3872 -3168.8782 -3153.5706 -3138.263 -3123.3582 -3108.4534 -3093.8506 -3079.248 -3064.746 -3050.5461 -3036.2456 -3022.046 -3008.0474 -2994.1497 -2980.4534 -2966.6565 -2953.0608 -2939.6667 -2130.78 -534.5581 1017.85583 2432.4004 3299.8992 3299.8992 3299.8992 3299.8992 3299.8992 3299.8992 3299.8992 3299.8992 3299.8992 3299.8992 3299.8992 3299.8992 3299.8992 3299.8992 3299.8992 3299.8992 1803.8818 -3202.5146 -3186.7034 -3171.2952 -3155.7861 -3140.68 -3125.6743 -3110.7695 -3096.167 -3081.5642 -3067.0623 -3052.7617 -3038.4612 -3024.362 -3010.3638 -2996.466 -2982.669 -2968.9727 -2955.1758 -2941.7815 -2175.1921 -455.70374 991.9739 2549.2217 3299.8992 3299.8992 3299.8992 3299.8992 3299.8992 3299.8992 3299.8992 3299.8992 3299.8992 3299.8992 3299.8992 3299.8992 3299.8992 3299.8992 3299.8992 3299.8992 1154.5166 -3202.011 -3186.3005 -3170.7915 -3155.484 -3140.3777 -3125.473 -3110.568 -3095.8647 -3081.1614 -3066.7603 -3052.4597 -3038.2598 -3024.06 -3010.0615 -2996.0632 -2982.266 -2968.6707 -2955.2764 -2941.58 -2009.3262 -339.4867 1342.337 2771.1821 3299.8992 3299.8992 3299.8992 3299.8992 3299.8992 3299.8992 3299.8992 3299.8992 3299.8992 3299.8992 3299.8992 3299.8992 3299.8992 3299.8992 3299.8992 3299.8992 883.41064 -3204.428 -3188.617 -3173.108 -3157.901 -3142.694 -3127.6885 -3112.7837 -3098.0803 -3083.5784 -3068.9758 -3054.6753 -3040.4753 -3026.2756 -3012.277 -2998.3794 
3098.2817 3083.377 3020.4346 1943.161 410.18372 -807.77893 -1831.3751 -2898.7793 -3181.8694 3105.0293 3121.7468 3138.263 3154.779 3171.1943 3187.4084 3203.5217 3219.3328 3235.446 3251.056 3267.0684 3282.6782 3298.2878 -3286.203 -3270.996 -1025.5096 3299.8992 3299.8992 3299.0935 3283.8867 3267.874 3252.9692 3237.863 3222.6562 3207.3486 3191.8396 3176.4312 3161.023 3145.7153 3130.5083 3115.503 3100.6987 3085.6934 2982.266 1915.8691 402.93274 -773.3368 -1699.4476 -2863.33 -3223.5625 3107.4463 3124.063 3140.68 3156.9946 3173.5107 3189.624 3205.7373 3221.7498 3237.6616 3253.473 3269.284 3284.8938 3299.8992 -3284.3901 -3268.881 -393.06335 3299.8992 3299.8992 3298.2878 3282.8796 3266.867 3251.9622 3236.856 3221.5483 3206.3416 3190.8325 3175.3235 3160.0159 3144.6074 3129.5012 3114.5964 3099.6917 3084.8877 2922.4456 1817.0746 414.41345 -731.44226 -1694.3115 -2878.4363 -3201.9104 3106.7412 3123.4587 3140.0757 3156.491 3172.8057 3189.0198 3205.0322 3221.045 3236.9568 3252.8687 3268.6797 3284.3901 3299.7986 -3284.3901 -3269.284 -150.05493 3299.8992 3299.8992 3296.173 3280.966 3265.0542 3250.0488 3234.9426 3219.7356 3204.428 3189.0198 3173.5107 3158.0017 3142.8955 3127.6885 3112.5823 3097.879 3081.1614 2824.1545 1567.7216 44.0094 -1065.5914 -2014.563 -3170.1873 3154.074 3113.7908 3130.5083 3146.9238 3163.44 3179.6538 3195.767 3211.8804 3227.893 3243.704 3259.5154 3275.2258 3290.9363 3299.8992 -3277.8442 -3262.8386 611.2976 3299.8992 3299.8992 3298.59 3283.1816 3267.3706 3252.4658 3237.1582 3221.9512 3206.543 3191.034 3175.525 3160.2173 3144.9097 3129.7026 3114.5964 3099.7925 3082.5713 2799.9846 1589.2731 156.29883 -977.3712 -1919.9982 -3094.3542 3205.6365 3113.9922 3130.7097 3147.2258 3163.6414 3179.956 3196.17 3212.1826 3228.195 3244.107 3259.9182 3275.6287 3291.339 3299.8992 -3277.6428 -3262.5366 907.8827 3299.8992 3299.8992 3297.3816 3282.074 3266.162 3251.2573 3235.9497 3220.7427 3205.3345 3189.926 3174.5178 3159.1094 3143.8018 3128.595 3113.5894 
-2309.6375 -1960.2814 -1770.6482 -1260.3607 -622.07336 -151.66626 222.96753 414.51416 564.6698 929.6356 2232.1929 3299.8992 3299.8992 3299.8992 3299.8992 3299.8992 3299.8992 3299.8992 3299.8992 3299.8992 3299.8992 3299.8992 3299.8992 3299.8992 1612.6373 -806.4697 -2698.9746 -3142.8955 -3127.89 -3113.086 -3098.4832 -3083.7798 -3069.4792 -3055.2795 -3041.0796 -3027.0813 -3013.1836 -2999.286 -2985.5896 -2784.4756 -2336.4258 -1920.8038 -1486.853 -1115.4419 -746.44775 -408.7738 38.067627 379.6692 529.2206 969.516 2226.654 3299.8992 3299.8992 3299.8992 3299.8992 3299.8992 3299.8992 3299.8992 3299.8992 3299.8992 3299.8992 3299.8992 3299.8992 3299.8992 1251.5991 -1217.157 -2942.0837 -3142.2913 -3127.3865 -3112.4817 -3097.879 -3083.4778 -3069.0764 -3054.776 -3040.6768 -3026.5776 -3012.68 -2998.9836 -2985.2874 -2872.3938 -2446.4995 -2067.0317 -1730.7678 -1334.079 -870.1172 -415.52124 -173.01636 77.645874 327.80457 873.33984 2352.6396 3299.8992 3299.8992 3299.8992 3299.8992 3299.8992 3299.8992 3299.8992 3299.8992 3299.8992 3299.8992 3299.8992 3299.8992 3299.8992 1342.4377 -1034.0698 -2711.6638 -3137.4573 -3122.5525 -3107.6477 -3093.045 -3078.4424 -3064.4438 -3050.0427 -3035.9436 -3021.8445 -3008.1482 -2994.351 -2980.4534 -2895.9595 -2667.453 -2250.9246 -1860.6812 -1220.9839 -625.0946 -153.3783 -81.170654 239.38293 554.4983 1090.6677 2544.589 3299.8992 3299.8992 3299.8992 3299.8992 3299.8992 3299.8992 3299.8992 3299.8992 3299.8992 3299.8992 3299.8992 3299.8992 3299.8992 989.6576 -1309.3048 -3030.1025 -3132.9253 -3118.1213 -3103.418 -3088.7146 -3074.2126 -3059.912 -3045.7122 -3031.7139 -3017.6147 -3003.8176 -2990.1213 -2976.425 -2811.4653 -2488.7969 -2108.1206 -1605.2856 -1092.984 -789.7522 -339.4867 134.24377 354.39148 565.6769 1213.6322 2763.8306 3299.8992 3299.8992 3299.8992 3299.8992 3299.8992 3299.8992 3299.8992 3299.8992 3299.8992 3299.8992 3299.8992 3299.8992 3205.6365 578.06396 -1589.978 -3144.5068 -3129.2998 -3114.4958 -3099.893 -3085.1897 -3070.7886 -3056.488 -3042.1875 -3028.189 -3014.1907 -3000.595 -2986.798 -2973.2024 -2745.9045 

65.460205 6.8481445 -22.659302 4.3304443 43.50586 76.538086 75.027466 66.36658 55.59082 12.286377 -5.9417725 5.5389404 47.735596 63.14392 23.666382 -37.36267 -40.38391 10.372925 82.37915 176.23901 176.23901 176.23901 176.23901 176.23901 176.23901 176.23901 176.23901 176.23901 176.23901 176.23901 176.23901 176.23901 176.23901 176.23901 176.23901 176.23901 176.23901 176.23901 176.23901 176.23901 176.23901 176.23901 176.23901 176.23901 176.23901 176.23901 176.23901 176.23901 176.23901 176.23901 176.23901 176.23901 176.23901 176.23901 176.23901 176.23901 176.23901 176.23901 176.23901 176.23901 176.23901 176.23901 176.23901 176.23901 176.23901 176.23901 176.23901 176.23901 176.23901 176.23901 176.23901 176.23901 176.23901 176.23901 176.23901 176.23901 176.23901 176.23901 176.23901 176.23901 30.212402 48.339844 59.820557 91.34216 130.51758 133.13599 129.91333 114.20288 67.37366 -38.974 -102.923584 -70.79773 -41.4917 -39.578247 11.581421 13.796997 23.565674 61.12976 106.951904 93.96057 93.96057 93.96057 93.96057 93.96057 93.96057 93.96057 93.96057 93.96057 93.96057 93.96057 93.96057 93.96057 93.96057 93.96057 93.96057 93.96057 93.96057 93.96057 93.96057 93.96057 93.96057 93.96057 93.96057 93.96057 93.96057 93.96057 93.96057 93.96057 93.96057 93.96057 93.96057 93.96057 93.96057 93.96057 93.96057 93.96057 93.96057 93.96057 93.96057 93.96057 93.96057 93.96057 93.96057 93.96057 93.96057 93.96057 93.96057 93.96057 93.96057 93.96057 93.96057 93.96057 93.96057 93.96057 93.96057 93.96057 93.96057 93.96057 93.96057 93.96057 93.96057 93.96057 93.96057 93.96057 93.96057 93.96057 93.96057 93.96057 93.96057 93.96057 93.96057 93.96057 93.96057 93.96057 93.96057 93.96057 93.96057 93.96057 93.96057 93.96057 -98.0896 -101.61438 -108.966064 -115.10925 -109.06677 -81.674194 -33.83789 0.9063721 19.537354 35.44922 52.972412 78.85437 84.191895 80.76782 85.09827 89.42871 94.262695 87.716675 93.0542 92.95349 
81.674194 14.199829 -11.984253 38.87329 107.455444 120.547485 121.15173 96.780396 30.111694 -22.860718 -39.98108 -67.77649 -99.19739 -145.52307 -164.85901 -182.78503 -172.41211 -123.36731 -103.930664 -93.759155 -85.198975 -113.39722 -175.93689 -209.9762 -196.38062 -167.1753 -144.41528 -152.06909 -155.49316 -124.97864 -85.60181 -56.396484 -50.454712 -48.339844 -32.42798 -8.358765 12.689209 3.3233643 -4.2297363 -17.523193 -30.81665 -28.198242 2.1148682 -0.70495605 -10.977173 -11.782837 -7.9559326 -6.9488525 -4.5318604 -7.9559326 -5.5389404 -15.509033 -1.1077881 1.2084961 -25.78125 -1.1077881 6.0424805 4.7332764 2.6184082 8.258057 13.192749 12.991333 0.9063721 -17.422485 -10.272217 3.6254883 -0.20141602 7.2509766 11.279297 7.8552246 19.940186 36.758423 41.89453 33.43506 27.090454 43.00232 46.829224 38.974 40.182495 37.664795 26.586914 12.084961 15.509033 44.210815 58.410645 70.495605 78.35083 85.198975 106.14624 105.54199 86.10535 59.61914 58.410645 58.61206 75.73242 62.942505 52.267456 82.07703 123.46802 136.35864 121.45386 92.65137 64.25171 59.317017 94.766235 108.462524 99.09668 70.69702 27.694702 24.975586 30.31311 -24.069214 -69.79065 -111.483765 -159.92432 -195.87708 -193.15796 -168.38379 -129.20837 -79.559326 -50.857544 -39.37683 -22.961426 -6.3446045 -0.80566406 -6.4453125 -35.650635 -51.663208 -21.24939 14.602661 27.493286 10.675049 0.40283203 -8.157349 -40.786743 -53.475952 -64.453125 -73.31543 -82.681274 -92.95349 -88.42163 -90.33508 -85.60181 -93.65845 -87.81738 -86.40747 -79.055786 -63.14392 -47.53418 -36.557007 -17.623901 -1.2084961 6.1431885 27.392578 65.3595 114.30359 168.38379 175.53406 180.87158 189.43176 185.10132 140.68909 103.22571 126.48926 136.66077 139.5813 118.93616 68.481445 -12.487793 -66.36658 -121.051025 -141.89758 -159.7229 -187.61902 -204.73938 -179.56238 -126.89209 -82.37915 -60.62622 -30.413818 -12.588501 9.970093 19.436646 -1.2084961 -12.991333 -11.279297 6.5460205 14.099121 8.056641 1.5106201 -1.0070801 15.408325 21.75293 32.629395 24.27063 -6.3446045 -33.535767 -53.475952 -56.396484 -46.42639 
-3081.2622 -3066.458 -3051.956 -3038.0583 -1181.0028 1951.117 3299.8992 3299.8992 3299.8992 3299.8992 3299.8992 3299.8992 3299.8992 3299.8992 3299.8992 3299.8992 3299.8992 3299.8992 3299.8992 3299.8992 3299.8992 3299.8992 3289.5264 3272.5066 3269.1833 3286.4043 3299.8992 -3280.0598 -3263.745 -3247.531 -3231.4177 -3215.7073 -3199.8962 -3184.2864 -3168.7773 -3153.5706 -3138.3635 -3123.3582 -3108.554 -3093.75 -3079.1472 -3064.9475 -3050.1433 -3036.145 -697.40295 2484.97 3299.8992 3299.8992 3299.8992 3299.8992 3299.8992 3299.8992 3299.8992 3299.8992 3299.8992 3299.8992 3299.8992 3299.8992 3299.8992 3299.8992 3299.8992 3299.8992 3285.901 3269.5862 3269.3848 3286.3037 3299.8992 -3280.5632 -3264.148 -3247.9338 -3232.022 -3216.11 -3200.299 -3184.79 -3169.281 -3153.9734 -3138.8672 -3123.8616 -3108.9568 -3094.1528 -3079.55 -3064.746 -3050.8484 -3026.1748 -397.4945 2756.5796 3299.8992 3299.8992 3299.8992 3299.8992 3299.8992 3299.8992 3299.8992 3299.8992 3299.8992 3299.8992 3299.8992 3299.8992 3299.8992 3299.8992 3299.8992 3299.5972 3283.081 3266.6655 3268.982 3285.901 3299.8992 -3281.067 -3264.6514 -3248.538 -3232.4248 -3216.513 -3200.8025 -3185.1929 -3169.7844 -3154.4768 -3139.3706 -3124.3652 -3109.3596 -3094.6562 -3080.0537 -3065.2495 -3050.7476 -2931.0059 -465.1703 2699.176 3299.8992 3299.8992 3299.8992 3299.8992 3299.8992 3299.8992 3299.8992 3299.8992 3299.8992 3299.8992 3299.8992 3299.8992 3299.8992 3299.8992 3299.8992 3298.993 3283.2825 3262.4358 3270.996 3288.1165 3299.8992 -3278.4485 -3262.1338 -3246.0205 -3229.9072 -3214.096 -3198.3855 -3182.776 -3167.3674 -3152.0598 -3136.9536 -3121.9482 -3107.144 -3092.34 -3077.7373 -3063.5376 -3049.3376 -2714.0808 19.73877 3027.887 3299.8992 3299.8992 3299.8992 3299.8992 3299.8992 3299.8992 3299.8992 3299.8992 3299.8992 3299.8992 3299.8992 3299.8992 3299.8992 3299.8992 3299.8992 3296.9788 3280.4626 3125.3723 3271.6003 3288.5193 3299.8992 -3278.4485 -3262.1338 -3245.9197 -3230.0078 -3214.096 -3198.3855 -3182.8765 -3167.3674 -3152.2612 -3136.9536 -3121.9482 -3107.144 -3092.4407 
-3132.5225 -3118.5242 -3104.9285 -2603.7048 150.8606 2778.0303 3299.8992 3299.8992 3299.8992 3299.8992 3299.8992 3299.8992 3299.8992 3299.8992 3299.8992 3299.8992 3299.8992 3299.8992 3299.8992 3290.7349 3275.83 3261.2273 3246.121 3230.9143 3229.0007 3244.812 3260.8245 3276.3335 3291.742 3299.8992 -3277.7434 -3262.738 -3247.8333 -3233.13 -3218.4265 -3203.9246 -3189.4226 -3175.122 -3161.023 -3146.823 -3132.9253 -3118.8262 -3105.2307 -2765.744 -464.76746 2069.4487 3299.8992 3299.8992 3299.8992 3299.8992 3299.8992 3299.8992 3299.8992 3299.8992 3299.8992 3299.8992 3299.8992 3299.8992 3299.8992 3296.576 3281.6711 3267.0684 3251.7607 3236.2517 3236.856 3253.07 3268.7805 3284.1887 3299.6978 -3285.0952 -3269.989 -3254.9834 -3240.1794 -3225.3752 -3210.7727 -3196.4722 -3181.9702 -3167.7703 -3153.5706 -3139.572 -3125.473 -3112.0789 -3098.0803 -2040.445 544.12537 2977.6335 3299.8992 3299.8992 3299.8992 3299.8992 3299.8992 3299.8992 3299.8992 3299.8992 3299.8992 3299.8992 3299.8992 3299.8992 3299.8992 3293.051 3278.0457 3262.9395 3248.236 3231.8206 3235.144 3250.955 3266.867 3282.4768 3297.885 -3286.8071 -3271.701 -3256.897 -3241.8914 -3227.0874 -3212.4846 -3198.0835 -3183.5815 -3169.4824 -3155.2825 -3141.1833 -3127.2856 -3113.1865 -3099.6917 -1964.209 710.7971 3145.3125 3299.8992 3299.8992 3299.8992 3299.8992 3299.8992 3299.8992 3299.8992 3299.8992 3299.8992 3299.8992 3299.8992 3299.8992 3299.8992 3289.7278 3274.9236 3259.8174 3245.0134 3043.7988 3235.7483 3252.063 3267.572 3283.081 3298.3887 -3286.3037 -3271.1975 -3256.192 -3241.287 -3226.6846 -3212.0818 -3197.5798 -3183.1787 -3168.8782 -3154.779 -3140.68 -3126.7822 -3113.1865 -3099.2888 -1747.4854 1177.5787 3299.8992 3299.8992 3299.8992 3299.8992 3299.8992 3299.8992 3299.8992 3299.8992 3299.8992 3299.8992 3299.8992 3299.8992 3299.8992 3299.8992 3286.0015 3271.1975 3256.192 3241.4885 2720.2239 3234.3384 3250.4517 3265.9607 3281.4697 3296.878 -3288.0156 -3272.8088 -3257.8032 -3242.9993 -3228.195 -3213.5925 -3199.0906 -3184.6892 -3170.4895 -3156.3904 -3142.2913 
3156.8938 3142.3918 3075.6226 1613.8458 -226.59302 -1771.4539 -3068.4722 3149.8442 3165.6555 3181.2651 3196.7742 3212.1826 3227.3894 3242.5964 3257.6018 3272.708 3287.6128 3299.8992 -3282.9802 -3268.2769 -3253.8757 -3239.3738 -3225.2747 -3211.0747 2356.4666 3299.8992 3299.8992 3299.8992 3299.8992 3299.8992 3299.8992 3287.21 3272.3052 3257.4004 3242.4956 3227.4902 3212.7869 3197.9827 3183.2793 3168.7773 3154.1748 3139.8743 3033.1238 1469.5312 -480.2765 -1991.803 -3151.8584 3150.8513 3166.2598 3182.0708 3197.3784 3212.7869 3227.9937 3243.2007 3258.206 3273.3123 3288.0156 3299.8992 -3282.376 -3267.7734 -3253.1707 -3238.87 -3224.2676 -3210.4705 2896.5637 3299.8992 3299.8992 3299.8992 3299.8992 3299.8992 3299.8992 3286.5051 3271.701 3256.6956 3241.7908 3226.886 3212.0818 3197.2778 3182.675 3168.0725 3153.5706 3139.1692 2966.0522 1377.3834 -463.9618 -1912.3444 -3164.5476 3150.0457 3165.756 3181.4666 3196.9756 3212.2832 3227.5908 3242.697 3257.8032 3272.8088 3287.8142 3299.8992 -3282.7788 -3268.0754 -3253.775 -3239.273 -3225.0732 -3086.9019 3299.8992 3299.8992 3299.8992 3299.8992 3299.8992 3299.8992 3298.1873 3283.383 3268.4783 3253.5735 3238.7695 3223.8647 3209.0605 3194.2566 3179.6538 3165.1519 3150.7507 3136.148 2952.658 1274.9634 -525.5951 -1927.2491 -3089.7217 3148.3337 3163.742 3179.251 3194.76 3210.1685 3225.3752 3240.5823 3255.6885 3270.7947 3285.8 3299.8992 -3284.8938 -3270.1904 -3255.6885 -3241.388 -3226.6846 -2764.2334 3299.8992 3299.8992 3299.8992 3299.8992 3299.8992 3299.8992 3293.6553 3278.8513 3264.148 3249.2432 3234.2375 3219.4336 3204.6294 3190.0269 3175.6255 3160.922 3146.4202 3131.8176 2707.0312 951.7914 -707.7759 -2059.9822 -3274.2188 3148.4343 3164.2456 3179.8552 3195.2637 3210.6719 3225.879 3241.0857 3256.192 3271.1975 3286.1023 3299.8992 -3284.3901 -3269.7876 -3255.2856 -3240.7837 -3226.7852 -2341.4612 3299.8992 3299.8992 3299.8992 3299.8992 3299.8992 3299.8992 3291.0369 3276.233 3261.3281 3246.524 3231.5186 3216.8152 3202.011 3187.3076 3172.6042 3158.1023 
-2984.4817 -2970.7854 -2957.5928 -2943.7957 -1951.8219 -306.65588 1294.2993 2693.8384 3299.8992 3299.8992 3299.8992 3299.8992 3299.8992 3299.8992 3299.8992 3299.8992 3299.8992 3299.8992 3299.8992 3299.8992 3299.8992 3299.8992 3299.8992 3299.8992 295.98083 -3203.7231 -3187.9119 -3172.6042 -3157.2966 -3142.0898 -3127.0842 -3112.3809 -3097.577 -3082.974 -3068.4722 -3054.1716 -3039.972 -3025.772 -3011.6729 -2997.876 -2984.0789 -2970.3826 -2956.5857 -2838.2537 -571.41724 1582.1228 3176.0283 3299.8992 3299.8992 3299.8992 3299.8992 3299.8992 3299.8992 3299.8992 3299.8992 3299.8992 3299.8992 3299.8992 3299.8992 3299.8992 3299.8992 3299.8992 3299.8992 3299.8992 -730.7373 -3222.8577 -3207.1472 -3191.6382 -3176.3306 -3161.1235 -3146.2188 -3131.2134 -3116.51 -3101.8066 -3087.2039 -3072.8027 -3058.5022 -3044.3022 -3030.2031 -3016.104 -3002.3071 -2972.2961 -2687.393 -2403.598 -1690.2832 -4.4311523 1390.274 2488.1926 2930.0994 3299.8992 3299.8992 3299.8992 3299.8992 3299.8992 3299.8992 3299.8992 3299.8992 3299.8992 3299.8992 3299.8992 3299.8992 3299.8992 3299.8992 3299.8992 -1437.4054 -3207.4492 -3191.7388 -3176.2297 -3161.1235 -3145.9167 -3130.9111 -3116.1072 -3101.4038 -3086.801 -3072.299 -3057.9985 -3043.698 -3029.5989 -3015.4998 -3001.602 -2987.8052 -2974.008 -2960.916 -2231.1858 -386.41663 1122.7936 2505.6152 3299.8992 3299.8992 3299.8992 3299.8992 3299.8992 3299.8992 3299.8992 3299.8992 3299.8992 3299.8992 3299.8992 3299.8992 3299.8992 3299.8992 3299.8992 3299.8992 3299.8992 -1580.2094 -3223.1597 -3207.55 -3192.041 -3176.7334 -3161.6272 -3146.521 -3131.7168 -3117.0134 -3102.31 -3087.808 -3073.3062 -3058.905 -3044.705 -3030.606 -3016.6077 -3002.71 -2988.9128 -2975.6194 -2786.5906 -1236.2915 312.39624 1826.944 3232.022 3299.8992 3299.8992 3299.8992 3299.8992 3299.8992 3299.8992 3299.8992 3299.8992 3299.8992 3299.8992 3299.8992 3299.8992 3299.8992 3299.8992 3299.8992 3299.8992 -2330.7861 -3220.5413 -3204.8308 -3189.5232 -3174.115 -3158.908 -3144.0032 -3129.1992 -3114.2944 -3099.6917 -3085.1897 -3070.7886 -3056.488 -3042.288 -3028.189 -3014.1907 
3098.6846 3080.96 2651.0376 1337.503 -37.765503 -1049.9817 -1940.5426 -2958.499 -3234.8418 3114.7979 3131.4148 3148.1323 3164.447 3180.7617 3196.9756 3212.9883 3228.9001 3244.7112 3260.7239 3276.233 3291.9434 3299.8992 -3277.542 -3250.5522 1415.9546 3299.8992 3299.8992 3295.3674 3280.0598 3263.9465 3249.1423 3233.9355 3218.7285 3203.421 3187.8113 3172.4028 3156.8938 3141.8884 3126.6814 3111.5752 3096.8718 3079.651 2684.674 1323.9075 -134.84802 -1153.3081 -2072.0671 -3206.1401 3158.0017 3116.2078 3133.1267 3149.5422 3165.857 3182.1716 3198.3855 3214.2974 3230.4106 3246.121 3261.9324 3277.7434 3293.2524 -3291.1377 -3276.132 -3162.4329 1665.3076 3299.8992 3299.8992 3295.2666 3280.0598 3264.047 3249.1423 3234.0361 3218.628 3203.2195 3187.8113 3172.3022 3156.7932 3141.5862 3126.3794 3111.5752 3096.5698 3078.8452 2442.6726 987.3413 -308.0658 -1235.8887 -2066.9312 -3114.4958 3228.4973 3119.229 3136.0474 3152.664 3168.9788 3185.1929 3201.2053 3217.218 3233.2305 3249.1423 3264.8528 3280.5632 3296.2737 -3288.217 -3272.708 -2864.5386 2485.8765 3299.8992 3299.8992 3294.058 3278.65 3262.738 3247.8333 3232.727 3217.218 3201.9104 3186.502 3170.993 3155.5847 3140.3777 3125.2715 3110.3667 3095.3613 3075.9246 2329.6782 915.7379 -311.59058 -1354.2206 -2264.3188 3226.3823 3105.7341 3122.653 3139.1692 3155.7861 3172 3188.3147 3204.3274 3220.4407 3236.3525 3252.1636 3267.9749 3283.5845 3299.0935 -3285.3972 -3269.6868 -2595.8496 2813.681 3299.8992 3299.8992 3294.7632 3279.5562 3263.6443 3248.639 3233.432 3218.225 3202.716 3187.3076 3171.698 3156.491 3141.2842 3126.0771 3111.0718 3096.167 3077.3345 2297.653 799.6216 -460.63843 -1448.9868 -2290.7043 3265.7593 3108.3525 3125.171 3141.7876 3158.1023 3174.5178 3190.7317 3206.845 3222.8577 3238.7695 3254.5806 3270.3918 3286.1023 3299.8992 -3282.8796 -3267.2698 -2225.7476 3295.5688 3299.8992 3299.8992 3294.461 3279.1533 3263.2415 3248.3367 3233.029 3217.6208 3202.3132 3186.7034 3171.2952 3155.9875 3140.7805 3125.5737 3110.669 
-2209.6343 -1798.7457 -1334.6832 -844.1345 -449.86267 -88.723755 164.45618 383.29468 594.37866 1263.7848 2875.717 3299.8992 3299.8992 3299.8992 3299.8992 3299.8992 3299.8992 3299.8992 3299.8992 3299.8992 3299.8992 3299.8992 3299.8992 2972.3967 379.16565 -1791.7969 -3146.823 -3131.7168 -3116.812 -3102.1086 -3087.6067 -3073.0042 -3058.7036 -3044.5037 -3030.4045 -3016.6077 -3002.9114 -2989.1143 -2932.6172 -2475.7048 -1933.9966 -1603.5736 -1381.6132 -954.4098 -533.95386 -216.52222 53.274536 357.81555 530.9326 1227.6306 2948.0254 3299.8992 3299.8992 3299.8992 3299.8992 3299.8992 3299.8992 3299.8992 3299.8992 3299.8992 3299.8992 3299.8992 3299.8992 2838.858 140.58838 -1878.8086 -3148.3337 -3133.3281 -3118.4233 -3103.6194 -3089.0166 -3074.6155 -3060.315 -3046.115 -3032.2173 -3018.219 -3004.4219 -2990.7256 -2976.9287 -2719.519 -2223.0286 -1853.0273 -1304.8737 -731.6437 -629.32434 -268.58826 111.78589 384.50317 572.72644 1392.691 3053.2654 3299.8992 3299.8992 3299.8992 3299.8992 3299.8992 3299.8992 3299.8992 3299.8992 3299.8992 3299.8992 3299.8992 3299.8992 2870.1782 206.85425 -1836.8134 -3148.7366 -3133.6304 -3118.7256 -3103.9214 -3089.4194 -3075.119 -3060.7178 -3046.5178 -3032.4187 -3018.4204 -3004.6233 -2990.8264 -2910.1592 -2449.6216 -2001.8738 -1655.1361 -1089.4592 -561.0443 -220.34912 23.565674 249.95728 444.62585 543.1183 1393.7988 3101.9072 3299.8992 3299.8992 3299.8992 3299.8992 3299.8992 3299.8992 3299.8992 3299.8992 3299.8992 3299.8992 3299.8992 3299.8992 2586.4836 -153.57971 -2018.4906 -3154.074 -3138.9678 -3124.2644 -3109.4604 -3094.757 -3080.4565 -3066.156 -3051.7546 -3037.7563 -3023.7578 -3009.961 -2996.1638 -2982.4675 -2689.81 -2130.9814 -1611.2274 -1152.5024 -720.16296 -438.48267 -210.88257 -5.4382324 208.96912 492.865 1467.215 3283.081 3299.8992 3299.8992 3299.8992 3299.8992 3299.8992 3299.8992 3299.8992 3299.8992 3299.8992 3299.8992 3299.8992 3299.8992 2655.4688 -109.67102 -2089.6912 -3153.2683 -3138.3635 -3123.4587 -3108.7554 -3093.9514 -3079.651 -3065.2495 -3051.0498 -3036.9507 -3022.9521 -3009.1553 -2995.459 -2901.4983 -2585.5774 

91.34216 59.417725 29.910278 31.924438 28.399658 23.364258 6.0424805 8.157349 -2.7191162 -0.70495605 -17.120361 -52.972412 -31.118774 -2.2155762 27.694702 54.785156 49.44763 10.272217 5.8410645 28.500366 7.2509766 -8.157349 -22.457886 -32.42798 -8.862305 33.032227 56.900024 22.055054 -57.10144 -114.4043 -121.75598 -81.7749 -39.47754 -14.199829 3.3233643 6.8481445 3.0212402 7.2509766 11.581421 15.811157 10.977173 26.184082 29.608154 42.297363 54.0802 27.493286 2.1148682 5.4382324 37.664795 51.965332 61.12976 69.08569 55.892944 27.29187 -13.092041 -10.675049 -19.033813 -14.300537 16.314697 -3.3233643 7.6538086 30.715942 45.117188 52.166748 73.91968 70.79773 9.466553 -54.68445 -39.88037 -20.544434 -14.099121 -44.51294 -106.54907 -123.87085 -110.27527 -83.58765 -74.12109 -50.354004 -5.2368164 32.125854 45.620728 80.36499 94.66553 72.10693 21.24939 10.574341 11.178589 21.148682 27.191162 48.843384 65.25879 72.81189 103.52783 121.65527 103.62854 25.78125 -67.77649 -120.14465 -135.35156 -111.18164 -111.18164 -111.18164 -111.18164 -111.18164 -111.18164 -111.18164 -111.18164 -111.18164 -111.18164 -111.18164 -111.18164 -111.18164 -111.18164 -111.18164 -111.18164 -111.18164 -111.18164 -111.18164 -111.18164 -111.18164 -111.18164 -111.18164 -111.18164 -111.18164 -111.18164 -111.18164 -111.18164 -111.18164 -111.18164 -111.18164 -111.18164 -111.18164 -111.18164 -111.18164 -111.18164 -111.18164 -111.18164 -111.18164 -111.18164 -111.18164 46.224976 41.189575 14.199829 16.516113 45.01648 50.756836 31.420898 21.551514 26.889038 23.062134 14.199829 21.853638 25.78125 15.106201 -5.3375244 -56.497192 -57.302856 -51.461792 -33.33435 -63.24463 -102.420044 -85.60181 -41.99524 -13.293457 2.6184082 4.4311523 13.796997 24.874878 38.671875 58.813477 51.159668 40.786743 66.36658 83.58765 121.35315 145.12024 123.16589 106.04553 107.15332 108.36182 78.35083 -21.652222 -96.98181 -80.163574 -27.090454 -7.7545166 15.408325 -12.588501 -77.645874 -126.086426 -117.022705 -101.412964 -104.73633 -117.82837 -100.40588 -90.33508 -77.44446 -60.827637 -45.217896 -16.516113 8.258057 20.443726 11.279297 11.480713 45.620728 103.22571 157.91016 213.60168 272.41516 305.6488 299.4049 246.13037 148.84644 55.490112 -31.924438 -104.837036 -183.89282 -222.06116 -237.97302 -243.51196 
-38.974 -39.47754 -30.31311 -3.1219482 6.9488525 16.818237 19.134521 31.622314 22.357178 31.118774 35.34851 15.710449 -11.380005 -22.961426 -22.25647 -0.60424805 48.843384 79.96216 89.63013 103.72925 117.92908 87.01172 35.34851 17.825317 28.500366 28.198242 0.50354004 -18.127441 -36.053467 -49.0448 -53.878784 -44.41223 -40.38391 -58.813477 -67.37366 -60.12268 -42.297363 -18.530273 3.4240723 39.678955 75.83313 122.15881 129.5105 135.35156 132.33032 123.77014 82.47986 34.039307 18.73169 3.7261963 -20.645142 -41.088867 -58.10852 -70.89844 -85.40039 -97.283936 -66.26587 -32.93152 -26.889038 -29.910278 -34.94568 -48.339844 -66.56799 -71.20056 -47.836304 -36.758423 -58.914185 -66.06445 -48.843384 -32.730103 -22.055054 -15.206909 -23.364258 -14.804077 -8.258057 -5.1361084 -8.761597 -2.6184082 -2.0141602 4.3304443 9.567261 30.615234 31.118774 25.881958 35.44922 42.700195 54.986572 68.68286 105.03845 128.60413 108.966064 77.142334 63.446045 83.184814 79.45862 35.650635 -48.44055 -81.47278 -83.99048 -51.260376 -28.701782 -24.77417 -34.240723 -40.081787 -54.986572 -69.992065 -60.928345 -58.309937 -57.20215 -61.834717 -42.700195 -24.371338 -20.544434 -23.26355 -25.680542 -7.1502686 3.7261963 13.293457 37.96692 65.460205 72.61047 85.40039 85.29968 65.56091 59.71985 63.24463 67.07153 70.59631 73.21472 59.014893 33.132935 33.9386 35.34851 29.910278 19.839478 -3.7261963 -51.864624 -97.08252 -110.17456 -107.35474 -86.8103 -87.41455 -82.27844 -52.670288 -21.047974 -4.7332764 -6.9488525 -3.0212402 -16.012573 -18.832397 7.7545166 36.657715 43.606567 45.620728 27.593994 20.947266 32.528687 30.615234 2.7191162 -40.081787 -83.08411 -48.239136 -18.026733 -5.8410645 1.8127441 -4.7332764 -14.602661 -37.664795 -21.24939 -1.6113281 -2.1148682 -8.660889 -4.4311523 4.0283203 17.72461 11.682129 3.9276123 -7.4523926 -10.675049 -14.099121 -10.775757 -0.20141602 -14.501953 -15.005493 12.991333 44.0094 60.12268 57.907104 64.75525 68.17932 91.241455 99.90234 121.85669 113.1958 102.420044 85.80322 60.928345 35.247803 28.097534 37.161255 61.935425 80.26428 49.246216 5.6396484 -1.7120361 -10.473633 -16.415405 -7.4523926 1.4099121 -11.178589 -35.34851 -33.33435 -34.44214 -42.095947 -22.961426 -9.768677 -25.378418 -58.61206 -78.25012 -114.30359 
-3077.8381 -3062.9333 -3048.532 -2680.7463 171.1029 3279.959 3299.8992 3299.8992 3299.8992 3299.8992 3299.8992 3299.8992 3299.8992 3299.8992 3299.8992 3299.8992 3299.8992 3299.8992 3299.8992 3299.8992 3299.8992 3295.468 3279.657 2653.3538 3273.1108 3290.2312 -3292.9504 -3276.4343 -3260.1196 -3243.9055 -3227.9937 -3212.0818 -3196.4722 -3180.8623 -3165.454 -3150.247 -3135.0403 -3120.1355 -3105.2307 -3090.628 -3075.9246 -3061.8254 -3047.0215 -2421.6248 477.15454 3299.8992 3299.8992 3299.8992 3299.8992 3299.8992 3299.8992 3299.8992 3299.8992 3299.8992 3299.8992 3299.8992 3299.8992 3299.8992 3299.8992 3299.8992 3299.8992 3293.756 3277.6428 1898.0438 3274.7222 3291.4397 -3292.044 -3275.6287 -3259.314 -3243.0999 -3227.2888 -3211.2761 -3195.6665 -3180.0566 -3164.6484 -3149.4414 -3134.3352 -3119.3298 -3104.5256 -3089.7217 -3075.2197 -3060.4155 -3046.6187 -2115.6738 808.6853 3299.8992 3299.8992 3299.8992 3299.8992 3299.8992 3299.8992 3299.8992 3299.8992 3299.8992 3299.8992 3299.8992 3299.8992 3299.8992 3299.8992 3299.8992 3299.8992 3291.641 3275.125 1173.4497 3274.6216 3291.339 -3292.2454 -3275.83 -3259.4146 -3243.402 -3227.2888 -3211.5784 -3195.868 -3180.258 -3164.9504 -3149.6428 -3134.5366 -3119.6318 -3104.727 -3090.0237 -3075.4211 -3060.617 -3046.3164 -1960.8856 1204.7699 3299.8992 3299.8992 3299.8992 3299.8992 3299.8992 3299.8992 3299.8992 3299.8992 3299.8992 3299.8992 3299.8992 3299.8992 3299.8992 3299.8992 3299.8992 3299.8992 3288.0156 3272.3052 -38.671875 3274.3193 3291.2383 -3291.9434 -3275.4272 -3259.2131 -3243.0999 -3227.0874 -3211.2761 -3195.5657 -3179.956 -3164.749 -3149.4414 -3134.3352 -3119.3298 -3104.425 -3089.8223 -3075.2197 -3061.1206 -3046.82 -1854.8401 1148.877 3299.8992 3299.8992 3299.8992 3299.8992 3299.8992 3299.8992 3299.8992 3299.8992 3299.8992 3299.8992 3299.8992 3299.8992 3299.8992 3299.8992 3299.8992 3299.8992 3288.217 3271.8018 -1154.718 3277.0386 3293.756 -3289.8284 -3273.3123 -3257.0984 -3240.985 -3224.9724 -3209.262 -3193.5515 -3178.0425 -3162.7349 -3147.4272 -3132.5225 -3117.3157 -3102.5115 -3088.0095 -3073.2056 -3058.6028 -3044.1008 -1460.0647 1724.3225 3299.8992 3299.8992 3299.8992 3299.8992 3299.8992 3299.8992 3299.8992 3299.8992 3299.8992 3299.8992 3299.8992 3299.8992 3299.8992 3299.8992 3299.8992 
-3128.2927 -3114.7979 -3100.7996 -1490.4785 1309.4055 3299.8992 3299.8992 3299.8992 3299.8992 3299.8992 3299.8992 3299.8992 3299.8992 3299.8992 3299.8992 3299.8992 3299.8992 3299.8992 3297.7844 3282.8796 3268.0754 3253.07 3238.4673 2303.7964 3233.3313 3249.4446 3264.9536 3280.4626 3295.8708 -3288.922 -3273.715 -3258.7097 -3244.0063 -3229.2021 -3214.4988 -3200.0977 -3185.5957 -3171.3958 -3157.2966 -3143.1975 -3129.2998 -3115.7043 -3101.8066 -1484.0332 1156.0272 3299.8992 3299.8992 3299.8992 3299.8992 3299.8992 3299.8992 3299.8992 3299.8992 3299.8992 3299.8992 3299.8992 3299.8992 3299.8992 3297.885 3282.8796 3268.0754 3253.473 3238.2659 1388.1592 3236.554 3252.2644 3268.0754 3283.6853 3298.993 -3285.6995 -3270.6938 -3255.6885 -3240.985 -3226.181 -3211.5784 -3197.177 -3182.776 -3168.4753 -3154.3762 -3140.3777 -3126.48 -3112.3809 -3098.886 -1074.7559 1582.9285 3299.8992 3299.8992 3299.8992 3299.8992 3299.8992 3299.8992 3299.8992 3299.8992 3299.8992 3299.8992 3299.8992 3299.8992 3299.8992 3296.0723 3281.067 3266.2627 3251.7607 3236.1511 841.1133 3236.554 3252.063 3268.0754 3283.5845 3298.7915 -3285.901 -3270.7947 -3255.89 -3240.985 -3226.2817 -3211.679 -3197.177 -3182.776 -3168.576 -3154.3762 -3140.4785 -3126.48 -3112.4817 -3098.886 -1112.2192 1564.0961 3299.8992 3299.8992 3299.8992 3299.8992 3299.8992 3299.8992 3299.8992 3299.8992 3299.8992 3299.8992 3299.8992 3299.8992 3299.8992 3295.9717 3281.067 3266.162 3251.5593 3236.2517 -488.1317 3239.978 3255.5876 3271.4995 3287.0085 3299.8992 -3282.5774 -3267.4712 -3252.4658 -3237.6616 -3222.9583 -3208.4563 -3193.9543 -3179.6538 -3165.454 -3151.355 -3137.3564 -3123.3582 -3109.3596 -2958.9019 -390.14282 2154.6477 3299.8992 3299.8992 3299.8992 3299.8992 3299.8992 3299.8992 3299.8992 3299.8992 3299.8992 3299.8992 3299.8992 3299.8992 3299.8992 3292.4468 3277.542 3262.738 3248.236 3232.727 -915.3351 3237.6616 3253.372 3269.1833 3284.6924 3299.8992 -3284.6924 -3269.7876 -3254.782 -3239.978 -3225.2747 -3210.6719 -3196.17 -3181.9702 -3167.5688 -3153.4697 -3139.4714 -3125.5737 -3111.5752 -3094.9585 -948.66943 1738.8245 3299.8992 3299.8992 3299.8992 3299.8992 3299.8992 3299.8992 3299.8992 3299.8992 3299.8992 3299.8992 3299.8992 3299.8992 3299.8992 3295.166 3280.2612 
3143.7012 3128.3936 2488.1926 518.3441 -1100.1343 -2449.5208 3137.2559 3153.067 3168.4753 3184.085 3199.4934 3214.7002 3230.0078 3245.114 3260.1196 3275.2258 3290.0298 3299.8992 -3280.4626 -3265.8599 -3251.4587 -3236.9568 -3222.5554 -1934.5001 3299.8992 3299.8992 3299.8992 3299.8992 3299.8992 3299.8992 3293.051 3278.1462 3263.2415 3248.4375 3233.5327 3218.628 3203.9246 3189.4226 3174.5178 3160.0159 3145.6145 3130.2063 2473.4893 533.551 -1181.9092 -2488.7969 3139.6729 3155.484 3170.8923 3186.4014 3201.8096 3217.1172 3232.3242 3247.531 3262.5366 3277.542 3292.3462 -3292.8496 -3278.1462 -3263.5437 -3249.1423 -3234.8418 -3220.3398 -1386.2457 3299.8992 3299.8992 3299.8992 3299.8992 3299.8992 3299.8992 3293.051 3278.247 3263.3423 3248.4375 3233.7341 3218.628 3203.7231 3189.2212 3174.5178 3160.1165 3145.7153 3127.7893 2219.3022 379.26636 -1218.869 -2613.977 3141.7876 3157.8003 3173.7122 3189.2212 3204.6294 3219.937 3235.144 3250.2502 3265.3564 3280.2612 3295.166 -3290.1306 -3275.4272 -3261.026 -3246.4233 -3232.1228 -3218.0237 -829.63257 3299.8992 3299.8992 3299.8992 3299.8992 3299.8992 3299.8992 3292.3462 3277.6428 3262.738 3247.8333 3232.9285 3218.0237 3203.3203 3188.516 3173.9136 3159.4116 3145.111 3127.7893 2287.3809 303.0304 -1280.4016 -2447.8088 3140.68 3156.7932 3172.705 3188.3147 3203.7231 3218.93 3234.2375 3249.2432 3264.3494 3279.3547 3294.2595 -3291.1377 -3276.4343 -3261.8315 -3247.3296 -3233.029 -3218.93 -228.60718 3299.8992 3299.8992 3299.8992 3299.8992 3299.8992 3299.8992 3289.5264 3274.7222 3259.9182 3245.0134 3230.1086 3215.2039 3200.3997 3185.8977 3171.1943 3156.6924 3142.3918 3124.3652 2051.6235 123.065186 -1459.3597 -2745.1995 3142.0898 3158.3037 3174.115 3189.5232 3204.9316 3220.2393 3235.3455 3250.5522 3265.5579 3280.5632 3295.2666 -3289.8284 -3275.2258 -3260.623 -3246.222 -3231.8206 -3217.8223 309.57642 3299.8992 3299.8992 3299.8992 3299.8992 3299.8992 3299.8992 3288.4185 3273.413 3258.5083 3243.6035 3228.7993 3213.794 3199.292 3184.4878 3169.9858 3155.3833 3141.0828 3122.2502 1895.4254 -84.191895 -1633.3832 -3009.86 3145.7153 3161.4258 3176.6326 3192.2424 3207.55 3222.8577 3238.0645 3253.1707 3268.1763 3283.1816 3297.885 -3287.3108 -3272.708 -3258.1055 
-3000.293 -2986.4958 -2972.5981 -2840.3687 -1493.4998 95.87402 1727.7466 3174.3164 3299.8992 3299.8992 3299.8992 3299.8992 3299.8992 3299.8992 3299.8992 3299.8992 3299.8992 3299.8992 3299.8992 3299.8992 3299.8992 3299.8992 3299.8992 3299.8992 -2460.901 -3214.1968 -3198.4863 -3183.1787 -3167.871 -3152.765 -3137.7593 -3122.754 -3108.1511 -3093.4478 -3078.9458 -3064.6453 -3050.3447 -3036.145 -3022.1465 -3008.2488 -2994.351 -2980.6548 -2967.2607 -2627.774 -1109.3994 436.06567 2060.6873 3299.8992 3299.8992 3299.8992 3299.8992 3299.8992 3299.8992 3299.8992 3299.8992 3299.8992 3299.8992 3299.8992 3299.8992 3299.8992 3299.8992 3299.8992 3299.8992 3133.429 -3226.5837 -3211.4775 -3195.868 -3180.359 -3165.2527 -3150.0457 -3135.1409 -3120.337 -3105.6335 -3090.9302 -3076.5288 -3062.0269 -3047.9277 -3033.728 -3019.7295 -3005.8318 -2991.934 -2978.2378 -2964.8438 -2670.0713 -1420.4865 114.90784 1633.081 2964.5415 3299.8992 3299.8992 3299.8992 3299.8992 3299.8992 3299.8992 3299.8992 3299.8992 3299.8992 3299.8992 3299.8992 3299.8992 3299.8992 3299.8992 3299.8992 2811.4653 -3216.11 -3200.1982 -3184.5886 -3169.281 -3154.2754 -3138.9678 -3124.063 -3109.259 -3094.5557 -3080.0537 -3065.7532 -3051.3518 -3037.152 -3023.053 -3009.0544 -2995.0562 -2981.3599 -2967.7642 -2954.0679 -2514.679 -1052.8015 316.12244 1842.453 3184.8906 3299.8992 3299.8992 3299.8992 3299.8992 3299.8992 3299.8992 3299.8992 3299.8992 3299.8992 3299.8992 3299.8992 3299.8992 3299.8992 3299.8992 3299.8992 2523.8433 -3209.7656 -3193.8538 -3178.3447 -3163.1377 -3147.931 -3132.8247 -3117.819 -3103.0151 -3088.5132 -3073.9104 -3059.6099 -3045.4102 -3031.2102 -3017.0105 -3003.1128 -2989.3157 -2975.5188 -2961.923 -2948.2268 -1901.6693 -409.17664 993.1824 2397.7568 3299.8992 3299.8992 3299.8992 3299.8992 3299.8992 3299.8992 3299.8992 3299.8992 3299.8992 3299.8992 3299.8992 3299.8992 3299.8992 3299.8992 3299.8992 3299.8992 1975.3876 -3212.8875 -3196.9756 -3181.366 -3166.159 -3150.9521 -3135.846 -3121.0417 -3106.137 -3091.5344 -3077.133 -3062.631 -3048.23 -3034.1309 -3020.1323 -3006.134 -2992.337 -2978.54 -2964.8438 -2951.651 -2278.72 -678.772 817.95044 2224.1362 3299.8992 3299.8992 3299.8992 3299.8992 3299.8992 3299.8992 3299.8992 3299.8992 3299.8992 3299.8992 3299.8992 3299.8992 3299.8992 
3095.6633 3076.4282 2215.8782 703.3447 -632.9498 -1599.646 -2400.6775 3254.3792 3110.7695 3127.588 3144.2046 3160.7207 3176.834 3193.1487 3209.262 3225.2747 3241.0857 3256.897 3272.708 3288.5193 3299.8992 -3280.664 -3265.7593 -1931.6803 3299.8992 3299.8992 3299.8992 3295.0652 3279.959 3263.8457 3248.941 3233.7341 3218.3257 3202.8167 3187.4084 3172 3156.491 3141.2842 3126.0771 3111.2732 3095.9656 3017.3125 1937.2192 449.86267 -739.90173 -1732.1777 -2554.5593 3100.6987 3117.517 3134.2346 3150.8513 3167.2668 3183.2793 3199.4934 3215.6067 3231.6191 3247.4304 3263.2415 3279.1533 3294.5618 -3289.8284 -3274.4202 -3259.616 -1432.1686 3299.8992 3299.8992 3299.8992 3297.885 3282.5774 3266.464 3251.4587 3236.2517 3220.944 3205.3345 3189.926 3174.5178 3159.1094 3143.8018 3128.6956 3113.7908 3098.7854 3071.8962 2050.9185 578.8696 -652.08435 -1585.3455 -2433.206 3102.8137 3116.9128 3133.6304 3150.0457 3166.6626 3182.8765 3198.8892 3215.2039 3230.9143 3246.9268 3262.8386 3278.4485 3293.9575 -3290.4326 -3274.9236 -3260.1196 -1033.1635 3299.8992 3299.8992 3299.8992 3294.9646 3279.7576 3263.745 3248.639 3233.5327 3218.0237 3202.6152 3187.1062 3171.5972 3156.3904 3141.1833 3125.9766 3111.0718 3095.5627 2929.898 1786.0565 300.00916 -925.708 -1841.9495 -2651.3396 3104.5256 3121.1426 3137.7593 3154.2754 3170.691 3186.9048 3203.018 3219.0308 3235.144 3251.056 3266.867 3282.5774 3298.0864 -3286.3037 -3270.996 -3255.6885 -502.9358 3299.8992 3299.8992 3299.8992 3295.9717 3280.664 3264.7522 3249.646 3234.439 3219.0308 3203.421 3188.0127 3172.5037 3157.196 3141.989 3126.7822 3111.8774 3096.469 3014.5935 1898.4467 368.79272 -819.25964 -1766.7206 -2526.663 3107.9497 3118.927 3135.745 3152.2612 3168.576 3184.9915 3201.1047 3217.1172 3233.029 3248.941 3264.7522 3280.5632 3296.0723 -3288.4185 -3273.1108 -3257.5012 -107.958984 3299.8992 3299.8992 3299.8992 3291.9434 3276.535 3260.7239 3245.7183 3230.5115 3215.103 3199.594 3184.085 3168.7773 3153.2683 3138.162 3122.9553 3108.0505 3091.7358 2880.9539 1630.1605 154.38538 -893.68286 -1765.7135 -2499.6733 3103.8208 3118.4233 3135.1409 3151.7578 3167.9717 3184.3872 3200.601 3216.6138 3232.5256 3248.4375 3264.2485 3279.8584 3295.6694 
-2151.0222 -1758.4625 -1307.6935 -880.4901 -436.16638 -72.61047 172.81494 409.17664 556.31104 1620.0897 3299.8992 3299.8992 3299.8992 3299.8992 3299.8992 3299.8992 3299.8992 3299.8992 3299.8992 3299.8992 3299.8992 3299.8992 3299.8992 1966.2231 -553.2898 -2499.3713 -3147.83 -3132.8247 -3117.92 -3103.2166 -3088.6138 -3074.2126 -3060.0127 -3045.813 -3031.8145 -3018.0176 -3004.1199 -2990.2222 -2879.7454 -2522.232 -2165.3228 -1697.8363 -1460.669 -1130.3467 -846.5515 -497.9004 -173.6206 118.029785 415.72266 1503.6713 3272.2046 3299.8992 3299.8992 3299.8992 3299.8992 3299.8992 3299.8992 3299.8992 3299.8992 3299.8992 3299.8992 3299.8992 3299.8992 2064.4133 -613.916 -2432.2998 -3134.9395 -3120.0347 -3105.2307 -3090.628 -3076.126 -3061.7249 -3047.525 -3033.4258 -3019.3267 -3005.6304 -2991.934 -2978.2378 -2964.5415 -2701.2908 -2240.5518 -1782.1289 -1356.0333 -801.53503 -470.80994 -163.4491 58.309937 290.24048 709.89075 1915.6677 3299.8992 3299.8992 3299.8992 3299.8992 3299.8992 3299.8992 3299.8992 3299.8992 3299.8992 3299.8992 3299.8992 3299.8992 3299.8992 1850.2075 -601.0254 -2358.6821 -3131.6162 -3116.7114 -3101.9072 -3087.2039 -3072.8027 -3058.4014 -3044.3022 -3030.2031 -3016.2048 -3002.4077 -2988.6108 -2974.9146 -2842.0806 -2525.9583 -2151.123 -1796.8323 -1379.8004 -793.6798 -390.24353 -116.11633 217.93213 452.17896 846.048 2021.814 3299.8992 3299.8992 3299.8992 3299.8992 3299.8992 3299.8992 3299.8992 3299.8992 3299.8992 3299.8992 3299.8992 3299.8992 3299.8992 1372.5494 -1120.0745 -2806.7322 -3126.2786 -3111.2732 -3096.5698 -3081.967 -3067.465 -3053.2654 -3039.1663 -3025.0671 -3011.0686 -2997.2717 -2983.4746 -2969.8792 -2956.1829 -2578.8298 -2094.0215 -1744.6655 -1506.9946 -1087.0422 -747.65625 -385.30884 10.272217 342.50793 732.34863 2053.6377 3299.8992 3299.8992 3299.8992 3299.8992 3299.8992 3299.8992 3299.8992 3299.8992 3299.8992 3299.8992 3299.8992 3299.8992 3299.8992 1319.3756 -984.7229 -2720.7275 -3116.0063 -3101.303 -3086.5996 -3072.0977 -3057.5957 -3043.2952 -3029.196 -3015.1978 -3001.1992 -2987.4023 -2973.9075 -2959.909 -2596.2524 -2227.2583 -1867.63 -1532.0709 -1147.467 -597.6013 -260.93445 126.48926 338.78174 582.69653 1058.7433 2461.908 3299.8992 3299.8992 3299.8992 3299.8992 3299.8992 3299.8992 3299.8992 3299.8992 3299.8992 3299.8992 

-243.51196 -243.51196 -243.51196 -243.51196 -243.51196 -243.51196 -243.51196 -243.51196 -243.51196 -243.51196 -243.51196 -243.51196 -243.51196 -243.51196 -243.51196 -243.51196 -243.51196 -243.51196 -243.51196 -243.51196 -210.88257 -189.9353 -130.61829 -70.09277 -36.053467 3.3233643 31.018066 47.03064 66.467285 82.47986 81.27136 68.88428 63.64746 65.3595 66.26587 94.06128 64.65454 -2.7191162 -37.664795 -31.622314 -31.622314 -31.622314 -31.622314 -31.622314 -31.622314 -31.622314 -31.622314 -31.622314 -31.622314 -31.622314 -31.622314 -31.622314 -31.622314 -31.622314 -31.622314 -31.622314 -31.622314 -31.622314 -31.622314 -31.622314 49.54834 59.417725 89.328 120.7489 126.589966 138.87634 143.00537 82.681274 -18.530273 -29.30603 -29.003906 -48.239136 -98.89526 -177.3468 -143.10608 -69.08569 -32.226562 -10.272217 6.2438965 -21.047974 -21.047974 -21.047974 -21.047974 -21.047974 -21.047974 -21.047974 -21.047974 -21.047974 -21.047974 -21.047974 -21.047974 -21.047974 -21.047974 -21.047974 -21.047974 -21.047974 -21.047974 -21.047974 -21.047974 -21.047974 -21.047974 -21.047974 -21.047974 -21.047974 -21.047974 -21.047974 -21.047974 -21.047974 -21.047974 -21.047974 -21.047974 -21.047974 -21.047974 -21.047974 -21.047974 -21.047974 -21.047974 -21.047974 -21.047974 -21.047974 -21.047974 -21.047974 -21.047974 -21.047974 -21.047974 -21.047974 -21.047974 -21.047974 -21.047974 -21.047974 -21.047974 -21.047974 -21.047974 -21.047974 -21.047974 -21.047974 -21.047974 -21.047974 -21.047974 -21.047974 -34.44214 -62.23755 -34.542847 17.825317 45.41931 53.274536 48.94409 48.03772 36.758423 10.775757 -40.98816 -74.82605 -80.36499 -76.034546 -38.671875 -19.033813 -0.50354004 2.6184082 18.22815 35.650635 54.18091 78.75366 102.11792 133.74023 147.03369 134.94873 74.42322 41.693115 38.269043 -36.95984 -160.22644 -220.24841 -233.54187 -247.54028 -219.44275 -174.02344 -122.96448 -70.59631 -36.254883 -12.185669 -12.185669 -12.185669 -12.185669 -12.185669 -12.185669 -12.185669 -12.185669 -12.185669 -12.185669 -12.185669 -12.185669 -12.185669 -12.185669 -12.185669 -12.185669 -12.185669 -12.185669 -12.185669 -12.185669 -12.185669 
-95.5719 -49.850464 -23.062134 0.9063721 3.9276123 -13.998413 -21.652222 -26.586914 -24.472046 -12.185669 5.2368164 -1.9134521 13.092041 -10.272217 -62.64038 -80.163574 -94.56482 -82.27844 -45.92285 -24.371338 -22.055054 -23.565674 -38.168335 -11.178589 -2.8198242 -32.730103 -58.511353 -82.07703 -101.71509 -96.17615 -90.63721 -72.9126 -61.23047 -48.641968 -37.161255 -16.113281 -4.8339844 -11.380005 -18.530273 -9.567261 -14.602661 -11.782837 -19.436646 -7.7545166 26.989746 39.276123 54.382324 66.76941 62.338257 68.28003 72.20764 69.38782 47.43347 52.468872 63.74817 53.67737 42.700195 25.680542 -12.689209 -59.820557 -96.37756 -92.44995 -60.324097 -27.191162 -0.9063721 15.609741 40.88745 46.02356 31.924438 15.307617 12.789917 2.8198242 -3.7261963 -12.789917 -1.5106201 20.24231 25.982666 28.399658 34.140015 28.601074 26.989746 17.825317 14.904785 21.853638 37.86621 9.768677 -7.4523926 16.415405 55.792236 82.9834 113.1958 124.17297 117.92908 94.766235 72.81189 40.88745 34.542847 30.31311 20.544434 26.78833 49.44763 42.49878 27.896118 26.083374 23.162842 16.21399 11.581421 5.7403564 23.76709 11.077881 -19.436646 -32.42798 -51.05896 -68.58215 -82.177734 -114.505005 -144.01245 -159.52148 -164.95972 -148.64502 -131.92749 -110.476685 -83.78906 -53.274536 -23.364258 1.1077881 9.164429 11.682129 -11.380005 -33.132935 -36.154175 -20.040894 0.70495605 27.191162 49.0448 45.822144 32.42798 7.0495605 2.4169922 19.134521 41.4917 40.585327 41.693115 41.189575 20.343018 22.659302 7.7545166 6.2438965 6.1431885 -4.8339844 -16.516113 -20.343018 -25.78125 -17.22107 -0.9063721 -11.178589 -20.24231 -15.005493 -13.092041 -8.761597 -2.0141602 21.652222 43.00232 68.88428 104.937744 134.34448 154.08325 178.656 197.3877 183.99353 161.13281 140.7898 125.68359 97.18323 79.35791 35.44922 -1.7120361 -10.876465 -41.89453 -122.86377 -158.01086 -156.39954 -141.79688 -125.28076 -129.00696 -125.18005 -118.029785 -101.916504 -76.84021 -46.224976 -9.667969 21.148682 46.124268 39.98108 11.279297 -29.30603 -61.935425 -83.688354 -115.7135 -135.95581 
3299.8992 3285.3972 3269.4854 -2364.4226 3276.9377 3293.9575 -3289.325 -3272.9094 -3256.5947 -3240.5823 -3224.6704 -3208.7585 -3193.1487 -3177.6396 -3162.332 -3147.0244 -3131.9182 -3117.0134 -3102.2095 -3087.506 -3073.0042 -3058.8042 -3044.1008 -1360.0616 1673.2635 3299.8992 3299.8992 3299.8992 3299.8992 3299.8992 3299.8992 3299.8992 3299.8992 3299.8992 3299.8992 3299.8992 3299.8992 3299.8992 3299.8992 3299.8992 3299.8992 3285.1958 3268.7805 3262.6372 3279.7576 3296.3745 -3287.21 -3270.7947 -3254.5806 -3238.4673 -3222.6562 -3206.7444 -3191.2354 -3175.6255 -3160.2173 -3145.111 -3130.005 -3114.9993 -3100.296 -3085.6934 -3071.0906 -3056.2866 -3042.4895 -989.9597 2129.1687 3299.8992 3299.8992 3299.8992 3299.8992 3299.8992 3299.8992 3299.8992 3299.8992 3299.8992 3299.8992 3299.8992 3299.8992 3299.8992 3299.8992 3299.8992 3299.295 3283.5845 3267.0684 3263.04 3280.0598 3297.0793 -3286.203 -3269.8882 -3253.5735 -3237.4602 -3221.5483 -3205.7373 -3190.1274 -3174.6184 -3159.3108 -3144.104 -3129.0984 -3114.093 -3099.3896 -3084.6863 -3070.1843 -3055.9844 -3034.9365 -483.49915 2707.0312 3299.8992 3299.8992 3299.8992 3299.8992 3299.8992 3299.8992 3299.8992 3299.8992 3299.8992 3299.8992 3299.8992 3299.8992 3299.8992 3299.8992 3299.8992 3295.166 3279.0527 3262.1338 3261.731 3278.8513 3295.3674 -3288.1165 -3271.8018 -3255.487 -3239.4744 -3223.462 -3207.7515 -3192.041 -3176.532 -3161.1235 -3146.0173 -3131.012 -3116.1072 -3101.303 -3086.5996 -3071.997 -3057.2937 -3042.8923 -746.9513 2457.7788 3299.8992 3299.8992 3299.8992 3299.8992 3299.8992 3299.8992 3299.8992 3299.8992 3299.8992 3299.8992 3299.8992 3299.8992 3299.8992 3299.8992 3299.8992 3295.9717 3279.8584 3262.8386 3265.2556 3282.4768 3298.993 -3284.5916 -3268.1763 -3252.063 -3235.9497 -3220.0378 -3204.2266 -3188.7175 -3173.3093 -3157.901 -3142.694 -3127.7893 -3112.7837 -3098.0803 -3083.377 -3068.7744 -3054.071 -2960.614 -180.56946 2957.2905 3299.8992 3299.8992 3299.8992 3299.8992 3299.8992 3299.8992 3299.8992 3299.8992 3299.8992 3299.8992 3299.8992 3299.8992 3299.8992 3299.8992 3299.8992 
3265.457 3250.8545 3235.3455 -2444.1833 3244.107 3259.616 3275.4272 3290.9363 3299.8992 -3278.65 -3263.5437 -3248.7395 -3233.8347 -3219.2322 -3204.7302 -3190.2283 -3175.9277 -3161.7278 -3147.6287 -3133.6304 -3119.8333 -3105.835 -2779.3396 -246.33179 2157.1655 3299.8992 3299.8992 3299.8992 3299.8992 3299.8992 3299.8992 3299.8992 3299.8992 3299.8992 3299.8992 3299.8992 3299.8992 3299.8992 3294.5618 3279.7576 3264.9536 3250.2502 3234.6404 -3275.83 3245.4163 3260.9253 3276.7363 3292.2454 3299.8992 -3277.24 -3262.3352 -3247.3296 -3232.6262 -3218.0237 -3203.421 -3189.0198 -3174.7192 -3160.62 -3146.4202 -3132.4219 -3118.5242 -3104.6265 -2758.493 -237.16736 2342.3674 3299.8992 3299.8992 3299.8992 3299.8992 3299.8992 3299.8992 3299.8992 3299.8992 3299.8992 3299.8992 3299.8992 3299.8992 3299.8992 3294.7632 3279.959 3265.0542 3250.4517 3234.6404 3232.3242 3248.4375 3264.45 3279.8584 3295.166 -3289.4255 -3274.4202 -3259.314 -3244.4092 -3229.7058 -3215.103 -3200.601 -3186.2 -3171.8994 -3157.8003 -3143.6003 -3129.7026 -3115.9058 -3102.5115 -2427.365 282.08313 2735.028 3299.8992 3299.8992 3299.8992 3299.8992 3299.8992 3299.8992 3299.8992 3299.8992 3299.8992 3299.8992 3299.8992 3299.8992 3299.8992 3292.3462 3277.542 3262.6372 3247.531 3232.1228 3232.5256 3248.639 3264.5508 3279.8584 3295.3674 -3289.5264 -3274.3193 -3259.2131 -3244.5098 -3229.7058 -3215.0024 -3200.601 -3186.099 -3171.8994 -3157.6995 -3143.6003 -3129.7026 -3115.805 -3102.31 -2080.6274 723.78845 3128.595 3299.8992 3299.8992 3299.8992 3299.8992 3299.8992 3299.8992 3299.8992 3299.8992 3299.8992 3299.8992 3299.8992 3299.8992 3299.8992 3288.0156 3273.1108 3258.4075 3243.402 3225.9795 3230.5115 3246.6248 3262.6372 3277.9448 3293.3533 3299.8992 -3276.233 -3261.2273 -3246.4233 -3231.5186 -3217.0166 -3202.4138 -3188.0127 -3173.8127 -3159.613 -3145.514 -3131.5154 -3117.7185 -3104.2236 -1935.4065 891.3666 3299.8992 3299.8992 3299.8992 3299.8992 3299.8992 3299.8992 3299.8992 3299.8992 3299.8992 3299.8992 3299.8992 3299.8992 3299.8992 3298.993 3284.1887 3269.3848 
-3243.704 -3229.4036 -3215.0024 1091.5741 3299.8992 3299.8992 3299.8992 3299.8992 3299.8992 3299.8992 3288.4185 3273.6145 3258.7097 3243.805 3228.9001 3213.9954 3199.292 3184.6892 3170.0867 3155.5847 3141.2842 3122.2502 1848.0927 -141.39404 -1656.6467 -2882.2632 3145.0103 3161.023 3176.7334 3192.343 3207.7515 3223.059 3238.2659 3253.2715 3268.3777 3283.383 3298.0864 -3287.21 -3272.406 -3257.904 -3243.5027 -3229.2021 -3215.2039 1663.9984 3299.8992 3299.8992 3299.8992 3299.8992 3299.8992 3299.8992 3285.8 3271.0967 3256.192 3241.287 3226.2817 3211.4775 3196.6736 3182.0708 3167.4683 3153.067 3138.6658 3119.1284 1814.2548 -194.56787 -1708.1085 -3034.9365 3144.6074 3160.3179 3175.7263 3191.1345 3206.6436 3221.8506 3237.0574 3252.1636 3267.1692 3282.074 3296.878 -3288.3179 -3273.715 -3259.1125 -3244.7112 -3230.4106 -3216.0095 2353.6467 3299.8992 3299.8992 3299.8992 3299.8992 3299.8992 3297.583 3282.7788 3267.9749 3253.07 3238.2659 3223.361 3208.5571 3193.753 3179.1504 3164.6484 3150.1465 3135.846 3005.5298 1274.9634 -685.82153 -2108.7249 -3216.3115 3148.8372 3164.8499 3180.5603 3195.9685 3211.377 3226.6846 3241.69 3256.897 3272.0032 3286.8071 3299.8992 -3283.8867 -3269.284 -3254.5806 -3240.1794 -3225.9795 -3208.96 3022.8516 3299.8992 3299.8992 3299.8992 3299.8992 3299.8992 3299.1943 3284.491 3269.4854 3254.5806 3239.8772 3224.9724 3210.1685 3195.3643 3180.7617 3166.159 3151.7578 3137.3564 2959.607 1238.9099 -613.8153 -1984.0485 -3143.1975 3149.8442 3165.6555 3180.8623 3196.2708 3211.679 3226.886 3242.0928 3257.199 3272.2046 3287.1094 3299.8992 -3283.383 -3268.7805 -3254.1777 -3239.7766 -3225.6775 -3080.4565 3299.8992 3299.8992 3299.8992 3299.8992 3299.8992 3299.8992 3297.6836 3282.9802 3268.1763 3253.2715 3238.4673 3223.5625 3208.7585 3194.0552 3179.3518 3164.8499 3150.348 3135.846 2910.7634 1151.9989 -633.7555 -2116.681 3255.1848 3150.4485 3166.4612 3182.0708 3197.5798 3212.9883 3228.296 3243.3013 3258.5083 3273.413 3288.3179 3299.8992 -3282.1746 -3267.572 -3252.9692 
3299.8992 3299.8992 3299.8992 1627.0386 -3208.96 -3193.1487 -3177.6396 -3162.332 -3147.3267 -3132.1196 -3117.2148 -3102.5115 -3087.808 -3073.407 -3059.0056 -3044.705 -3030.606 -3016.5068 -3002.6091 -2988.7114 -2974.9146 -2961.3188 -2948.1262 -1951.8219 -442.10815 1087.6465 2459.5916 3299.8992 3299.8992 3299.8992 3299.8992 3299.8992 3299.8992 3299.8992 3299.8992 3299.8992 3299.8992 3299.8992 3299.8992 3299.8992 3299.8992 3299.8992 3299.8992 928.93066 -3207.4492 -3191.7388 -3176.2297 -3160.922 -3145.7153 -3130.7097 -3116.0063 -3101.2024 -3086.5996 -3071.997 -3057.6965 -3043.4966 -3029.2969 -3015.2983 -3001.3 -2987.4023 -2973.706 -2960.2112 -2946.414 -1887.3688 -274.63074 1163.4796 2537.6404 3299.8992 3299.8992 3299.8992 3299.8992 3299.8992 3299.8992 3299.8992 3299.8992 3299.8992 3299.8992 3299.8992 3299.8992 3299.8992 3299.8992 3299.8992 3299.8992 325.7904 -3205.9387 -3190.1274 -3174.6184 -3159.4116 -3144.3054 -3129.2998 -3114.4958 -3099.6917 -3085.089 -3070.6877 -3056.1858 -3042.0867 -3027.887 -3013.8884 -2999.9907 -2986.093 -2972.3967 -2958.8013 -2945.105 -1707.3029 -248.54736 1206.6833 2663.8274 3299.8992 3299.8992 3299.8992 3299.8992 3299.8992 3299.8992 3299.8992 3299.8992 3299.8992 3299.8992 3299.8992 3299.8992 3299.8992 3299.8992 3299.8992 3299.8992 -207.4585 -3203.7231 -3188.1133 -3172.6042 -3157.3975 -3142.1904 -3127.185 -3112.4817 -3097.6775 -3083.075 -3068.6736 -3054.373 -3040.0725 -3025.8728 -3011.8743 -2997.9766 -2984.1797 -2970.4834 -2956.787 -2943.695 -1905.0934 -323.57483 1242.7368 2578.0242 3299.8992 3299.8992 3299.8992 3299.8992 3299.8992 3299.8992 3299.8992 3299.8992 3299.8992 3299.8992 3299.8992 3299.8992 3299.8992 3299.8992 3299.8992 3299.8992 -926.6144 -3197.3784 -3181.7688 -3166.3604 -3151.0527 -3136.148 -3121.0417 -3106.3384 -3091.635 -3077.0325 -3062.631 -3048.3306 -3034.03 -3019.931 -3006.0332 -2992.1355 -2978.3386 -2964.743 -2951.1475 -2935.3362 -1914.6606 -340.9973 1307.6935 2835.6353 3299.8992 3299.8992 3299.8992 3299.8992 3299.8992 3299.8992 3299.8992 3299.8992 3299.8992 3299.8992 3299.8992 3299.8992 3299.8992 
-3288.8213 -3273.413 -3258.0046 315.41748 3299.8992 3299.8992 3299.8992 3289.325 3273.9165 3258.1055 3243.0999 3227.7922 3212.4846 3196.9756 3181.4666 3166.159 3150.7507 3135.5437 3120.5383 3105.6335 3088.8152 2869.6746 1648.288 248.34595 -775.7538 -1727.7466 -2491.3147 3157.901 3114.4958 3131.012 3147.6287 3164.1448 3180.359 3196.5728 3212.686 3228.598 3244.5098 3260.4216 3276.0315 3291.641 3299.8992 -3277.4414 -3262.4358 802.3407 3299.8992 3299.8992 3298.4893 3283.081 3267.874 3251.9622 3236.7554 3221.6492 3206.2407 3190.8325 3175.3235 3160.1165 3144.7083 3129.7026 3114.5964 3099.7925 3082.7727 2796.762 1358.4503 -99.49951 -1177.7802 -2078.311 -2810.6597 3100.9001 3117.6177 3134.1338 3150.7507 3167.166 3183.2793 3199.4934 3215.5059 3231.6191 3247.3296 3263.1409 3279.0527 3294.5618 -3290.0298 -3274.6216 -3238.7695 1527.6398 3299.8992 3299.8992 3297.4822 3281.9731 3266.7664 3250.8545 3235.8489 3220.642 3205.2336 3189.926 3174.417 3159.0088 3143.8018 3128.7964 3113.5894 3098.584 3081.0608 2728.9856 1338.1073 -33.233643 -1105.5725 -1995.7306 -2932.2144 3099.893 3116.6106 3133.2275 3149.7437 3166.159 3182.5745 3198.6877 3214.5996 3230.612 3246.4233 3262.2344 3278.1462 3293.6553 -3290.9363 -3275.4272 -3197.5798 1619.8883 3299.8992 3299.8992 3295.9717 3280.7646 3265.3564 3249.4446 3234.3384 3219.1313 3203.8237 3188.516 3173.007 3157.5989 3142.3918 3127.185 3112.2803 3097.174 3079.8523 2741.1711 1388.1592 40.686035 -1017.85583 -1880.9235 -2679.2358 3095.5627 3112.4817 3128.9978 3145.413 3161.9292 3178.3447 3194.458 3210.4705 3226.5837 3242.4956 3258.307 3274.0173 3289.627 3299.8992 -3279.4556 -2975.418 2209.03 3299.8992 3299.8992 3288.922 3273.6145 3258.307 3242.4956 3227.3894 3212.2832 3196.9756 3181.5674 3166.159 3150.7507 3135.6445 3120.5383 3105.6335 3090.628 3072.4 2570.9746 1054.715 -216.82434 -1253.1097 -2197.348 -2909.555 3096.5698 3113.2874 3129.8035 3146.4202 3162.7349 3179.251 3195.1628 3211.4775 3227.2888 3243.0999 3259.1125 3274.7222 3290.2312 
3299.8992 3299.8992 3299.8992 1238.6078 -1135.8856 -2804.8186 -3123.8616 -3108.9568 -3094.2534 -3079.651 -3065.2495 -3050.8484 -3036.6484 -3022.6501 -3008.7524 -2994.9553 -2981.3599 -2967.7642 -2946.515 -2434.1125 -1982.3364 -1617.2699 -1213.9343 -758.5327 -281.07605 57.806396 262.24365 477.9602 1003.05176 2434.7168 3299.8992 3299.8992 3299.8992 3299.8992 3299.8992 3299.8992 3299.8992 3299.8992 3299.8992 3299.8992 3299.8992 3299.8992 3299.8992 965.08484 -1399.3378 -3126.6814 -3121.344 -3106.5398 -3091.8364 -3077.234 -3062.8325 -3048.532 -3034.4329 -3020.4346 -3006.5369 -2992.7397 -2979.1443 -2965.2466 -2575.3052 -2098.2512 -1730.8685 -1602.3651 -1203.4607 -731.7444 -323.3734 33.535767 339.78882 626.70593 1313.9374 2840.57 3299.8992 3299.8992 3299.8992 3299.8992 3299.8992 3299.8992 3299.8992 3299.8992 3299.8992 3299.8992 3299.8992 3299.8992 3221.5483 584.20715 -1604.8828 -3138.8672 -3123.761 -3108.9568 -3094.2534 -3079.55 -3065.2495 -3050.949 -3036.7493 -3022.8516 -3008.7524 -2995.0562 -2981.3599 -2960.3118 -2586.786 -2167.337 -1777.6978 -1389.3677 -961.9629 -471.91772 -16.314697 615.1245 1029.2358 1317.5629 1874.2767 3299.8992 3299.8992 3299.8992 3299.8992 3299.8992 3299.8992 3299.8992 3299.8992 3299.8992 3299.8992 3299.8992 3299.8992 3299.8992 3256.3933 1250.0885 -852.09045 -2319.2046 -2812.0696 -2906.735 -3038.1592 -3103.2166 -3088.8152 -3074.414 -3054.5745 -2941.58 -2828.787 -2766.449 -2662.9211 -2619.3145 -2549.3225 -2493.3289 -2416.287 -2363.7175 -2223.23 -1928.2562 -1696.8292 -1386.5479 -1049.7803 -877.26746 -9.063721 1657.251 2630.896 3299.8992 3299.8992 3299.8992 3299.8992 3299.8992 3299.8992 3299.8992 3299.8992 3299.8992 3299.8992 3299.8992 1913.855 -962.1643 -2779.1382 -3076.126 -3061.5234 -3047.122 -3032.8215 -3018.4204 -3004.4219 -2990.625 -2976.7273 -2963.031 -2949.4353 -2936.0413 -2922.647 -2755.371 -2212.2527 -1714.151 -1289.6667 -955.5176 -460.03418 59.921265 380.27344 687.53357 1055.8228 1359.4574 2135.7146 3299.8992 3299.8992 3299.8992 3299.8992 3299.8992 3299.8992 3299.8992 3299.8992 3299.8992 3299.8992 3299.8992 

55.18799 60.72693 49.850464 39.37683 24.27063 -8.157349 -27.090454 -22.659302 -5.5389404 11.380005 10.070801 -17.422485 -53.375244 -57.403564 -40.88745 -34.94568 -19.537354 -7.3516846 0 9.869385 9.869385 9.869385 9.869385 9.869385 9.869385 9.869385 9.869385 9.869385 9.869385 9.869385 9.869385 9.869385 9.869385 9.869385 9.869385 9.869385 9.869385 9.869385 9.869385 9.869385 9.869385 9.869385 9.869385 9.869385 9.869385 9.869385 9.869385 9.869385 9.869385 9.869385 9.869385 9.869385 9.869385 9.869385 9.869385 9.869385 9.869385 9.869385 9.869385 9.869385 9.869385 9.869385 9.869385 9.869385 9.869385 9.869385 9.869385 9.869385 9.869385 9.869385 9.869385 9.869385 9.869385 9.869385 9.869385 9.869385 9.869385 9.869385 9.869385 9.869385 9.869385 9.869385 9.869385 9.869385 9.869385 9.869385 9.869385 9.869385 9.869385 9.869385 9.869385 9.869385 9.869385 9.869385 9.869385 9.869385 9.869385 9.869385 9.869385 9.869385 9.869385 9.869385 9.869385 9.869385 9.869385 9.869385 9.869385 9.869385 9.869385 9.869385 9.869385 9.869385 9.869385 9.869385 9.869385 9.869385 9.869385 9.869385 9.869385 9.869385 61.029053 69.1864 95.97473 101.11084 28.601074 -57.302856 -52.06604 -39.175415 -58.71277 -72.9126 -93.759155 -120.24536 -139.682 -118.73474 -104.53491 -87.11243 -54.483032 -18.026733 -2.9205322 3.4240723 3.4240723 3.4240723 3.4240723 3.4240723 3.4240723 3.4240723 3.4240723 3.4240723 3.4240723 3.4240723 3.4240723 3.4240723 3.4240723 3.4240723 3.4240723 3.4240723 3.4240723 3.4240723 3.4240723 3.4240723 3.4240723 3.4240723 3.4240723 3.4240723 3.4240723 3.4240723 3.4240723 3.4240723 3.4240723 3.4240723 3.4240723 3.4240723 3.4240723 3.4240723 3.4240723 3.4240723 3.4240723 3.4240723 3.4240723 3.4240723 3.1219482 19.940186 17.523193 20.947266 14.804077 13.293457 -11.984253 -16.314697 1.0070801 7.7545166 10.675049 19.940186 21.450806 10.574341 4.7332764 3.2226562 -7.3516846 -10.372925 -0.50354004 20.846558 20.846558 20.846558 20.846558 20.846558 20.846558 20.846558 20.846558 20.846558 20.846558 20.846558 20.846558 20.846558 20.846558 20.846558 20.846558 20.846558 20.846558 20.846558 20.846558 20.846558 
-116.82129 -92.14783 -74.82605 -53.57666 -49.145508 -57.70569 -58.71277 -56.900024 -55.08728 -48.03772 -35.44922 -27.090454 -15.509033 -11.480713 0.60424805 4.8339844 14.099121 20.24231 27.694702 21.652222 19.033813 19.638062 38.671875 15.911865 1.7120361 8.560181 14.501953 15.106201 20.645142 16.21399 18.429565 14.602661 13.696289 6.8481445 9.667969 28.80249 35.751343 32.42798 25.881958 41.592407 49.246216 51.05896 55.389404 79.96216 107.35474 120.95032 112.79297 91.744995 87.31384 89.227295 75.32959 42.196655 36.053467 58.511353 68.07861 67.67578 48.339844 22.961426 -7.8552246 -50.857544 -68.984985 -79.86145 -82.47986 -79.055786 -68.984985 -48.54126 -29.910278 -26.486206 -16.818237 -29.104614 -28.198242 -9.970093 -17.22107 -14.501953 -4.1290283 -9.667969 -37.765503 -37.161255 -20.846558 -3.7261963 10.574341 9.869385 -5.0354004 -19.73877 -21.148682 -29.406738 -59.21631 -72.20764 -65.460205 -51.5625 -52.670288 -77.041626 -72.81189 -43.00232 -13.998413 10.977173 30.615234 31.622314 40.686035 12.890625 12.789917 5.9417725 3.6254883 -10.473633 1.9134521 7.6538086 -1.1077881 2.4169922 2.0141602 0.10070801 1.4099121 10.876465 17.623901 18.933105 31.622314 41.592407 49.246216 54.986572 84.49402 140.08484 202.02026 247.23816 283.19092 302.22473 299.70703 285.3058 270.60242 245.224 226.19019 216.01868 182.48291 114.80713 7.2509766 -70.79773 -151.76697 -240.99426 -281.6803 -280.4718 -270.401 -246.13037 -230.62134 -239.18152 -242.50488 -230.1178 -205.44434 -158.4137 -83.88977 -29.608154 -20.443726 -37.161255 -24.069214 7.5531006 15.609741 4.8339844 -23.162842 -37.765503 -21.450806 -15.005493 -67.17224 -92.14783 -70.59631 -45.01648 -44.0094 -24.169922 -22.659302 -34.240723 -42.095947 -42.90161 -38.671875 -24.673462 -27.694702 -33.43506 -24.371338 -8.862305 -6.8481445 9.265137 23.968506 31.420898 31.219482 29.205322 31.018066 25.78125 24.874878 15.005493 -2.7191162 -2.1148682 5.1361084 10.070801 10.574341 2.3162842 1.5106201 -1.8127441 2.8198242 3.0212402 0.80566406 5.2368164 4.0283203 3.1219482 5.9417725 -0.60424805 -0.30212402 -0.60424805 -2.9205322 7.3516846 10.775757 5.6396484 6.1431885 4.2297363 2.4169922 7.2509766 14.300537 22.961426 21.75293 26.385498 29.80957 24.572754 30.917358 48.44055 43.00232 54.483032 
3293.8567 3278.247 3256.2927 3266.3635 3283.786 3299.8992 -3283.383 -3266.9678 -3250.653 -3234.8418 -3218.8293 -3202.8167 -3187.509 -3172 -3156.7932 -3141.5862 -3126.5808 -3111.676 -3096.8718 -3082.2693 -3067.566 -2831.5063 -2261.1968 186.61194 3063.9404 3299.8992 3299.8992 3299.8992 3299.8992 3299.8992 3299.8992 3299.8992 3299.8992 3299.8992 3299.8992 3299.8992 3299.8992 3299.8992 3299.8992 3299.8992 3291.641 3275.83 2758.2915 3268.579 3285.0952 3299.8992 -3281.369 -3265.0542 -3248.8403 -3232.9285 -3217.1172 -3201.2053 -3185.797 -3170.1873 -3154.9805 -3139.7734 -3124.768 -3110.0647 -3095.16 -3080.4565 -3066.0552 -3051.8555 -3007.7454 -568.2953 2739.157 3299.8992 3299.8992 3299.8992 3299.8992 3299.8992 3299.8992 3299.8992 3299.8992 3299.8992 3299.8992 3299.8992 3299.8992 3299.8992 3299.8992 3299.8992 3298.892 3283.1816 2805.2214 3276.0315 3292.9504 -3290.5334 -3274.2188 -3257.904 -3241.7908 -3225.778 -3209.967 -3194.2566 -3178.7476 -3163.339 -3148.1323 -3133.0261 -3118.1213 -3103.2166 -3088.5132 -3073.9104 -3059.5093 -3044.9065 -2234.8113 879.78516 3299.8992 3299.8992 3299.8992 3299.8992 3299.8992 3299.8992 3299.8992 3299.8992 3299.8992 3299.8992 3299.8992 3299.8992 3299.8992 3299.8992 3299.8992 3299.8992 3293.051 3276.9377 2111.1418 3272.9094 3289.7278 -3293.4539 -3276.7363 -3260.5225 -3244.4092 -3228.296 -3212.4846 -3196.7742 -3181.1646 -3165.857 -3150.5493 -3135.443 -3120.5383 -3105.6335 -3090.8293 -3076.3274 -3061.8254 -3047.8271 -2172.3723 945.34607 3299.8992 3299.8992 3299.8992 3299.8992 3299.8992 3299.8992 3299.8992 3299.8992 3299.8992 3299.8992 3299.8992 3299.8992 3299.8992 3299.8992 3299.8992 3299.8992 3289.627 3273.9165 1165.1917 3272.9094 3289.8284 -3293.6553 -3277.3406 -3261.026 -3244.9126 -3229.1016 -3213.0889 -3197.3784 -3181.8694 -3166.3604 -3151.1536 -3136.0474 -3121.1426 -3106.2378 -3091.5344 -3076.9316 -3062.4297 -3047.8271 -2152.0293 1032.5592 3299.8992 3299.8992 3299.8992 3299.8992 3299.8992 3299.8992 3299.8992 3299.8992 3299.8992 3299.8992 3299.8992 3299.8992 3299.8992 3299.8992 3299.8992 3299.8992 3288.8213 3273.1108 70.09277 3274.823 3291.641 -3291.641 -3274.9236 -3258.7097 -3242.5964 -3226.5837 -3210.7727 -3195.1628 -3179.5532 -3164.1448 -3148.938 -3133.9324 -3118.927 -3104.1228 -3089.3188 -3074.817 
3254.5806 3239.4744 3133.9324 3229.605 3245.6177 3261.5295 3276.9377 3292.3462 3299.8992 -3277.24 -3262.3352 -3247.3296 -3232.727 -3218.0237 -3203.5217 -3189.0198 -3174.7192 -3160.62 -3146.6216 -3132.6233 -3118.7256 -3105.2307 -1919.696 816.037 3217.0166 3299.8992 3299.8992 3299.8992 3299.8992 3299.8992 3299.8992 3299.8992 3299.8992 3299.8992 3299.8992 3299.8992 3299.8992 3298.892 3283.9873 3269.1833 3254.2786 3239.7766 2887.2986 3231.3171 3247.3296 3263.2415 3278.549 3293.9575 3299.8992 -3275.7292 -3260.623 -3245.819 -3231.1157 -3216.4124 -3201.8096 -3187.509 -3173.3093 -3159.0088 -3145.111 -3131.1125 -3117.2148 -3103.72 -1481.8176 1157.0343 3299.8992 3299.8992 3299.8992 3299.8992 3299.8992 3299.8992 3299.8992 3299.8992 3299.8992 3299.8992 3299.8992 3299.8992 3299.8992 3296.2737 3281.369 3266.6655 3251.7607 3237.1582 2145.3826 3232.5256 3248.3367 3263.745 3279.657 3294.9646 -3289.8284 -3274.7222 -3259.7168 -3244.9126 -3230.1086 -3215.5059 -3201.004 -3186.6028 -3172.3022 -3158.1023 -3144.104 -3130.2063 -3116.4092 -3102.411 -1430.658 1330.0507 3299.8992 3299.8992 3299.8992 3299.8992 3299.8992 3299.8992 3299.8992 3299.8992 3299.8992 3299.8992 3299.8992 3299.8992 3299.8992 3295.7703 3280.8655 3265.9607 3251.1565 3236.554 1770.2454 3233.2305 3249.1423 3264.5508 3280.4626 3295.6694 -3289.1235 -3274.0173 -3258.9111 -3244.0063 -3229.4036 -3214.801 -3200.1982 -3185.8977 -3171.4966 -3157.3975 -3143.399 -3129.5012 -3115.7043 -3101.7058 -1350.6958 1084.1217 3299.8992 3299.8992 3299.8992 3299.8992 3299.8992 3299.8992 3299.8992 3299.8992 3299.8992 3299.8992 3299.8992 3299.8992 3299.8992 3297.583 3282.7788 3267.7734 3253.07 3238.3667 650.0702 3238.3667 3254.3792 3269.6868 3285.498 3299.8992 -3283.9873 -3268.881 -3253.9763 -3239.0715 -3224.5696 -3209.8662 -3195.3643 -3180.9631 -3166.7632 -3152.765 -3138.6658 -3124.768 -3110.971 -3097.0732 -997.0093 1420.4865 3299.8992 3299.8992 3299.8992 3299.8992 3299.8992 3299.8992 3299.8992 3299.8992 3299.8992 3299.8992 3299.8992 3299.8992 3299.8992 3298.3887 3283.484 3268.579 3253.775 3238.971 -127.29492 3241.388 3257.199 3272.6074 3288.3179 3299.8992 -3281.1675 -3266.162 -3251.1565 -3236.3525 -3221.6492 -3207.1472 -3192.6453 -3178.3447 -3164.1448 -3150.0457 -3136.0474 -3122.2502 
-3238.568 -3224.469 -2723.245 3299.8992 3299.8992 3299.8992 3299.8992 3299.8992 3299.8992 3295.7703 3281.067 3266.2627 3251.358 3236.4531 3221.6492 3206.7444 3192.041 3177.4382 3162.9363 3148.5352 3134.0332 2907.0374 1077.5757 -793.5791 -2257.7727 3134.5366 3150.8513 3166.5618 3181.8694 3197.2778 3212.686 3227.893 3243.0999 3258.1055 3273.1108 3288.0156 3299.8992 -3282.4768 -3267.874 -3253.372 -3239.0715 -3224.771 -2530.49 3299.8992 3299.8992 3299.8992 3299.8992 3299.8992 3299.8992 3294.5618 3279.8584 3264.9536 3250.1494 3235.2446 3220.4407 3205.536 3190.8325 3176.2297 3161.7278 3147.4272 3132.9253 2774.5056 970.32166 -751.38245 -2196.0388 3178.7476 3149.5422 3165.5547 3181.366 3196.7742 3212.0818 3227.3894 3242.5964 3257.7026 3272.6074 3287.5122 3299.8992 -3282.9802 -3268.579 -3254.0771 -3239.5752 -3225.0732 -1894.8212 3299.8992 3299.8992 3299.8992 3299.8992 3299.8992 3299.8992 3290.4326 3275.4272 3260.7239 3245.819 3231.015 3216.11 3201.4067 3186.7034 3172.1008 3157.6995 3143.1975 3128.4941 2616.0918 551.1749 -1078.5828 -2459.6924 3135.443 3151.657 3167.2668 3182.5745 3197.9827 3213.1897 3228.598 3243.704 3258.8103 3273.715 3288.7207 3299.8992 -3281.8726 -3267.1692 -3252.7678 -3238.4673 -3224.1667 -1410.9192 3299.8992 3299.8992 3299.8992 3299.8992 3299.8992 3299.8992 3289.4255 3274.6216 3259.9182 3245.114 3229.9072 3215.3044 3200.5005 3185.8977 3171.2952 3156.6924 3142.3918 3125.9766 2499.472 467.9901 -1087.3444 -2136.923 -3056.2866 3195.6665 3165.9575 3180.1575 3195.5657 3211.0747 3226.2817 3241.388 3256.4941 3271.399 3286.3037 3299.8992 -3284.1887 -3269.5862 -3255.0842 -3240.6829 -3211.2761 -305.5481 3299.8992 3299.8992 3299.8992 3299.8992 3299.8992 3297.2808 3282.8796 3268.0754 3253.372 3238.568 3223.764 3208.8591 3194.1558 3179.5532 3164.8499 3150.0457 3114.6973 2704.6143 1164.0839 -1177.478 -2868.164 -3149.1394 -3206.9458 -3212.4846 3244.3083 3204.7302 3220.0378 3235.2446 3250.4517 3265.457 3280.3618 3295.2666 -3289.9292 -3275.4272 -3260.623 -3246.3225 -3231.9214 -3217.7214 -3203.7231 -668.29834 3299.8992 3299.8992 3299.8992 3299.8992 3299.8992 3299.8992 3299.8992 3291.0369 3276.132 3261.1267 3246.121 3231.2163 3216.3115 3201.5076 3186.8042 3172.3022 3157.8003 
3299.8992 3299.8992 3299.8992 -1359.0546 -3192.4438 -3176.7334 -3161.325 -3146.1182 -3131.012 -3116.0063 -3101.303 -3086.7004 -3072.0977 -3057.797 -3043.396 -3029.2969 -3015.1978 -3001.3 -2987.4023 -2973.6052 -2960.0098 -2946.515 -2747.5159 -1317.3615 184.39636 1609.6161 3020.0317 3299.8992 3299.8992 3299.8992 3299.8992 3299.8992 3299.8992 3299.8992 3299.8992 3299.8992 3299.8992 3299.8992 3299.8992 3299.8992 3299.8992 3299.8992 3299.8992 -2417.4956 -3191.1345 -3175.525 -3160.1165 -3145.0103 -3130.005 -3114.8987 -3100.0945 -3085.5925 -3071.0906 -3056.6895 -3042.389 -3028.189 -3014.1907 -3000.1921 -2986.3953 -2972.699 -2959.1033 -2945.407 -2696.1548 -1443.8507 146.42944 1710.5255 3041.5833 3299.8992 3299.8992 3299.8992 3299.8992 3299.8992 3299.8992 3299.8992 3299.8992 3299.8992 3299.8992 3299.8992 3299.8992 3299.8992 3299.8992 3299.8992 3299.8992 -2496.0479 -3189.3218 -3173.7122 -3158.3037 -3143.097 -3128.0913 -3113.1865 -3098.4832 -3083.7798 -3069.2778 -3054.8767 -3040.6768 -3026.477 -3012.4785 -2998.5808 -2984.5825 -2970.8862 -2957.3914 -2943.7957 -2582.8582 -1043.335 409.37805 1786.2579 3046.82 3299.8992 3299.8992 3299.8992 3299.8992 3299.8992 3299.8992 3299.8992 3299.8992 3299.8992 3299.8992 3299.8992 3299.8992 3299.8992 3299.8992 3299.8992 3121.8474 -3203.5217 -3187.4084 -3171.7986 -3156.491 -3141.2842 -3126.3794 -3111.5752 -3096.6704 -3082.0679 -3067.566 -3053.1646 -3038.864 -3024.765 -3010.7666 -2996.869 -2983.0718 -2969.275 -2955.6792 -2942.1843 -2382.852 -799.01733 818.6554 2442.0684 3299.8992 3299.8992 3299.8992 3299.8992 3299.8992 3299.8992 3299.8992 3299.8992 3299.8992 3299.8992 3299.8992 3299.8992 3299.8992 3299.8992 3299.8992 3299.8992 2888.91 -3208.8591 -3192.8467 -3177.2368 -3161.9292 -3146.6216 -3131.7168 -3116.7114 -3101.9072 -3087.4053 -3072.8027 -3058.5022 -3044.1008 -3030.0017 -3015.9026 -3001.9043 -2988.1072 -2974.411 -2960.7146 -2947.2197 -2565.9392 -1059.4482 392.4591 1867.4286 3174.8198 3299.8992 3299.8992 3299.8992 3299.8992 3299.8992 3299.8992 3299.8992 3299.8992 3299.8992 3299.8992 3299.8992 3299.8992 3299.8992 3299.8992 3299.8992 2527.4688 -3203.2195 -3187.4084 -3171.8994 -3156.5918 -3141.4856 -3126.48 -3111.676 -3096.7712 -3082.2693 -3067.6665 -3053.366 -3039.0654 -3024.9663 -3010.8672 -2996.9695 -2983.1726 -2969.4763 
3299.8992 -3278.7505 -2593.0298 2784.5764 3299.8992 3299.8992 3286.203 3270.8953 3255.5876 3239.7766 3224.771 3209.5642 3194.2566 3178.8481 3163.44 3148.233 3133.0261 3117.92 3103.0151 3088.0095 3069.0764 2283.0505 736.9812 -610.0891 -1500.1465 -2302.588 -2996.2646 3100.6987 3117.4163 3134.0332 3150.5493 3166.9646 3183.078 3199.1912 3215.3044 3231.2163 3247.0276 3262.8386 3278.4485 3294.2595 -3290.332 -3275.0244 -2337.6343 3020.5352 3299.8992 3299.8992 3288.3179 3273.0103 3257.6018 3241.8914 3226.7852 3211.679 3196.2708 3180.8623 3165.5547 3150.0457 3134.9395 3119.934 3104.9285 3090.0237 3071.5942 2450.9307 917.55066 -460.03418 -1445.3613 -2255.4565 -2972.3967 3099.6917 3116.4092 3133.0261 3149.5422 3165.9575 3182.2722 3198.3855 3214.3982 3230.31 3246.222 3262.033 3277.7434 3293.3533 -3291.2383 -3275.9307 -2006.9092 3299.8992 3299.8992 3299.8992 3285.1958 3269.7876 3254.48 3238.6687 3223.6633 3208.4563 3193.048 3177.7405 3162.2314 3146.9238 3131.8176 3116.812 3101.9072 3087.0024 3064.6453 2118.5942 624.0875 -582.4951 -1512.9364 -2130.9814 -2657.8857 3173.7122 3116.3086 3132.8247 3149.24 3165.756 3181.9702 3197.9827 3213.9954 3230.0078 3246.0205 3261.731 3277.542 3292.9504 -3291.5405 -3073.1047 -900.7324 3299.8992 3299.8992 3294.159 3278.8513 3263.5437 3248.3367 3232.4248 3217.4194 3202.3132 3187.0056 3171.4966 3156.189 3140.8813 3125.5737 3110.4675 3092.4407 2842.282 2312.4573 1214.5386 -408.06885 -1622.2046 -2483.963 -3006.5369 -3033.6272 -3135.745 3221.2463 3162.1306 3178.6467 3194.76 3210.974 3226.7852 3242.5964 3258.609 3274.3193 3290.0298 3299.8992 -3279.1533 -3263.745 -3248.639 -1711.9354 3299.8992 3299.8992 3299.8992 3299.8992 3295.166 3279.959 3263.745 3248.639 3233.2305 3217.6208 3202.011 3186.502 3170.993 3155.7861 3140.579 3125.473 3110.4675 3091.1316 2367.2424 886.5326 -298.29712 -1258.1451 -2172.7751 -2888.7085 3118.0205 3134.738 3151.1536 3167.6697 3183.9844 3200.3997 3216.3115 3232.2234 3248.236 3263.8457 3279.657 3295.2666 -3289.0227 -3273.816 -3258.4075 -580.6824 3299.8992 3299.8992 3299.8992 3293.8567 3278.549 3263.2415 3247.229 3232.2234 3216.8152 3201.3062 3185.8977 3170.4895 3155.182 3139.9749 3124.8687 3109.8633 3094.9585 
3299.8992 3299.8992 2757.8887 160.62927 -1786.3586 -3115.1 -3100.0945 -3085.2905 -3070.7886 -3056.2866 -3042.0867 -3027.887 -3013.7878 -2999.8901 -2986.093 -2972.4976 -2958.8013 -2779.7424 -2300.473 -2004.1901 -1794.7174 -1539.624 -1146.46 -676.4557 -343.2129 -71.90552 139.48059 431.83594 1263.0798 2819.1191 3299.8992 3299.8992 3299.8992 3299.8992 3299.8992 3299.8992 3299.8992 3299.8992 3299.8992 3299.8992 3299.8992 3299.8992 2644.8943 9.265137 -1872.9675 -3113.6902 -3098.7854 -3084.082 -3069.4792 -3055.1787 -3040.6768 -3026.477 -3012.4785 -2998.6816 -2984.784 -2971.289 -2957.6934 -2940.4724 -2620.3215 -2253.0396 -1760.1746 -1099.6307 -647.6532 -445.43152 -151.76697 209.47266 470.60852 771.52405 1657.7545 3283.484 3299.8992 3299.8992 3299.8992 3299.8992 3299.8992 3299.8992 3299.8992 3299.8992 3299.8992 3299.8992 3299.8992 3299.8992 2104.596 -559.5337 -2318.6003 -3115.6035 -3100.6987 -3085.9954 -3071.4934 -3056.9915 -3042.691 -3028.3904 -3014.4927 -3000.4944 -2986.8987 -2973.3032 -2959.7075 -2946.2126 -2634.9243 -2210.9436 -1781.6254 -1585.849 -1159.2499 -971.32874 -554.8004 14.703369 433.54797 855.011 1908.1146 3299.8992 3299.8992 3299.8992 3299.8992 3299.8992 3299.8992 3299.8992 3299.8992 3299.8992 3299.8992 3299.8992 3299.8992 3299.8992 2197.1465 -404.44336 -2125.3418 -3112.5823 -3097.7783 -3082.974 -3068.4722 -3053.9702 -3039.7705 -3025.6714 -3011.6729 -2997.876 -2983.9783 -2970.3826 -2956.787 -2907.6416 -2415.7837 -2075.592 -1727.6459 -1155.5237 -688.43994 -464.56604 -20.24231 243.31055 485.00977 803.04565 1804.184 3299.8992 3299.8992 3299.8992 3299.8992 3299.8992 3299.8992 3299.8992 3299.8992 3299.8992 3299.8992 3299.8992 3299.8992 3299.8992 1922.113 -560.7422 -2311.4502 -3117.4163 -3102.411 -3087.7075 -3073.3062 -3058.6028 -3044.3022 -3030.4045 -3016.3054 -3002.3071 -2988.6108 -2975.0151 -2961.4197 -2885.9893 -2495.645 -2021.6125 -1607.8033 -1256.6345 -950.07935 -639.49585 -206.25 170.49866 459.93347 907.077 2127.8594 3299.8992 3299.8992 3299.8992 3299.8992 3299.8992 3299.8992 3299.8992 3299.8992 3299.8992 3299.8992 3299.8992 3299.8992 3299.8992 1637.1094 -917.34924 -2628.8818 -3116.3086 -3101.4038 -3086.7004 -3072.1985 -3057.898 -3043.4966 -3029.2969 -3015.3992 -3001.4006 -2987.6038 -2973.9075 -2960.3118 -2793.7407 -2396.5483 -2063.7085 

-12.487793 7.4523926 13.494873 3.1219482 -1.2084961 -9.567261 -16.113281 -7.3516846 -7.8552246 -6.5460205 4.4311523 21.148682 52.468872 63.14392 57.806396 84.39331 97.787476 111.8866 96.37756 75.631714 75.631714 75.631714 75.631714 75.631714 75.631714 75.631714 75.631714 75.631714 75.631714 75.631714 75.631714 75.631714 75.631714 75.631714 75.631714 75.631714 75.631714 75.631714 75.631714 75.631714 75.631714 75.631714 75.631714 75.631714 75.631714 75.631714 75.631714 75.631714 75.631714 75.631714 75.631714 75.631714 75.631714 75.631714 75.631714 75.631714 75.631714 75.631714 75.631714 75.631714 75.631714 75.631714 75.631714 75.631714 75.631714 75.631714 75.631714 75.631714 75.631714 75.631714 75.631714 75.631714 75.631714 75.631714 75.631714 75.631714 75.631714 75.631714 75.631714 75.631714 75.631714 75.631714 75.631714 75.631714 75.631714 75.631714 75.631714 75.631714 75.631714 75.631714 75.631714 75.631714 75.631714 75.631714 75.631714 75.631714 75.631714 75.631714 75.631714 75.631714 75.631714 75.631714 75.631714 75.631714 75.631714 75.631714 75.631714 75.631714 75.631714 75.631714 75.631714 75.631714 75.631714 75.631714 75.631714 75.631714 75.631714 75.631714 75.631714 75.631714 -13.796997 -6.5460205 11.480713 27.996826 43.203735 80.4657 116.31775 95.97473 66.76941 41.693115 56.19507 82.07703 77.44446 68.481445 74.020386 62.539673 54.0802 61.6333 60.72693 48.641968 27.090454 9.063721 -12.185669 -21.652222 -17.72461 -5.7403564 1.5106201 -17.321777 -45.822144 -55.288696 -37.96692 -10.070801 -15.609741 -37.765503 -70.29419 -71.40198 -36.85913 3.2226562 17.623901 23.76709 -2.8198242 7.9559326 22.457886 17.22107 10.574341 16.918945 36.254883 30.615234 21.047974 20.443726 26.586914 42.39807 53.67737 68.38074 76.23596 48.742676 27.191162 13.494873 14.804077 17.019653 5.8410645 3.7261963 1.1077881 -8.761597 -37.36267 -40.98816 -18.429565 -2.8198242 5.7403564 24.77417 26.989746 -4.4311523 -25.579834 -26.586914 -11.279297 30.81665 44.91577 4.4311523 -62.539673 -55.892944 
59.518433 62.13684 67.474365 54.986572 52.770996 45.318604 37.36267 42.49878 46.5271 39.175415 43.807983 59.417725 49.44763 43.40515 13.998413 35.95276 63.24463 102.11792 131.12183 138.2721 171.80786 186.2091 152.1698 126.690674 99.70093 80.36499 69.992065 45.721436 -4.8339844 -32.025146 -60.72693 -88.42163 -110.27527 -126.89209 -165.46326 -214.60876 -219.03992 -208.36487 -175.23193 -125.079346 -90.83862 -72.20764 -68.88428 -78.75366 -74.12109 -74.020386 -61.834717 -60.525513 -53.17383 -49.246216 -34.84497 -26.889038 -14.300537 -3.2226562 -4.8339844 -17.523193 -17.523193 -9.567261 -21.24939 -49.95117 -51.763916 -58.309937 -47.03064 -3.3233643 35.147095 82.47986 125.88501 151.76697 170.29724 188.12256 185.30273 166.36963 154.6875 150.65918 143.50891 138.87634 109.06677 57.10144 -1.5106201 -35.549927 -45.117188 -57.10144 -89.02588 -129.81262 -149.55139 -147.1344 -140.28625 -111.08093 -87.11243 -93.15491 -86.206055 -80.76782 -89.93225 -65.460205 -42.700195 -20.544434 3.3233643 26.586914 17.422485 12.185669 30.212402 40.081787 53.17383 58.10852 24.572754 5.1361084 26.989746 56.799316 64.453125 49.246216 24.472046 20.040894 28.198242 50.152588 71.30127 70.69702 51.864624 43.304443 21.853638 -13.897705 -24.673462 -69.28711 -83.78906 -99.298096 -52.468872 -19.23523 -5.3375244 -22.558594 -63.043213 -100.10376 -99.49951 -73.11401 -73.013306 -68.58215 -66.87012 -39.47754 -33.43506 -25.579834 -22.457886 -19.537354 -7.8552246 -20.443726 -44.714355 -33.636475 -10.775757 13.897705 21.75293 6.4453125 -24.572754 -17.120361 6.0424805 34.039307 46.124268 54.382324 41.693115 34.039307 26.78833 28.097534 28.701782 50.656128 21.148682 13.192749 -9.667969 -45.318604 -77.041626 -66.36658 -41.592407 -17.120361 -2.3162842 -3.4240723 -7.5531006 0.40283203 0.9063721 0.70495605 -4.4311523 -15.811157 -21.954346 -12.185669 -5.5389404 -16.314697 2.9205322 6.8481445 22.860718 34.34143 32.125854 32.93152 34.542847 39.37683 39.98108 49.246216 51.05896 36.154175 24.673462 36.758423 30.413818 29.80957 31.32019 26.687622 16.012573 -4.1290283 
-3060.315 -3046.3164 -1642.9504 1364.4928 3299.8992 3299.8992 3299.8992 3299.8992 3299.8992 3299.8992 3299.8992 3299.8992 3299.8992 3299.8992 3299.8992 3299.8992 3299.8992 3299.8992 3299.8992 3299.8992 3286.8071 3270.3918 -908.0841 3274.823 3291.742 -3291.5405 -3275.0244 -3258.7097 -3242.4956 -3226.5837 -3210.7727 -3195.0623 -3179.5532 -3164.1448 -3149.0386 -3133.8318 -3118.927 -3104.0222 -3089.4194 -3074.817 -3060.214 -3046.3164 -1510.9222 1688.974 3299.8992 3299.8992 3299.8992 3299.8992 3299.8992 3299.8992 3299.8992 3299.8992 3299.8992 3299.8992 3299.8992 3299.8992 3299.8992 3299.8992 3299.8992 3299.8992 3284.1887 3268.3777 -2149.3103 3275.3264 3292.044 -3291.2383 -3274.6216 -3258.307 -3242.1936 -3226.181 -3210.3699 -3194.6594 -3179.251 -3163.8428 -3148.5352 -3133.5295 -3118.6248 -3103.72 -3088.916 -3074.3132 -3060.0127 -3046.0144 -1397.1222 1753.7292 3299.8992 3299.8992 3299.8992 3299.8992 3299.8992 3299.8992 3299.8992 3299.8992 3299.8992 3299.8992 3299.8992 3299.8992 3299.8992 3299.8992 3299.8992 3299.8992 3284.0881 3267.4712 3298.3887 3277.24 3294.058 -3289.224 -3272.708 -3256.3933 -3240.3809 -3224.3682 -3208.5571 -3192.8467 -3177.4382 -3162.03 -3146.823 -3131.7168 -3116.812 -3102.008 -3087.3047 -3072.702 -3058.2 -3044.3022 -1065.6921 2072.168 3299.8992 3299.8992 3299.8992 3299.8992 3299.8992 3299.8992 3299.8992 3299.8992 3299.8992 3299.8992 3299.8992 3299.8992 3299.8992 3299.8992 3299.8992 3297.9858 3282.1746 3265.9607 3261.4287 3278.952 3295.8708 -3287.8142 -3271.4995 -3255.2856 -3239.273 -3223.2605 -3207.55 -3191.9402 -3176.4312 -3161.023 -3145.816 -3130.8105 -3115.805 -3101.001 -3086.3982 -3071.7957 -3057.2937 -3040.979 -460.2356 2686.386 3299.8992 3299.8992 3299.8992 3299.8992 3299.8992 3299.8992 3299.8992 3299.8992 3299.8992 3299.8992 3299.8992 3299.8992 3299.8992 3299.8992 3299.8992 3293.756 3277.8442 3261.6301 3260.4216 3277.1392 3293.9575 -3289.325 -3272.8088 -3256.4941 -3240.4814 -3224.469 -3208.7585 -3192.9473 -3177.539 -3162.2314 -3147.0244 -3131.9182 -3117.1143 -3102.2095 -3087.6067 -3072.9033 
-3108.3525 -3090.326 -707.17163 1765.4114 3299.8992 3299.8992 3299.8992 3299.8992 3299.8992 3299.8992 3299.8992 3299.8992 3299.8992 3299.8992 3299.8992 3299.8992 3299.8992 3297.3816 3282.4768 3267.572 3252.7678 3237.9639 -1122.0886 3242.8984 3258.8103 3274.118 3289.9292 3299.8992 -3279.7576 -3264.6514 -3249.7466 -3234.8418 -3220.2393 -3205.6365 -3191.2354 -3176.9348 -3162.7349 -3148.5352 -3134.5366 -3120.7397 -3107.0435 -2992.7397 -315.01465 2261.5996 3299.8992 3299.8992 3299.8992 3299.8992 3299.8992 3299.8992 3299.8992 3299.8992 3299.8992 3299.8992 3299.8992 3299.8992 3299.8992 3293.9575 3279.0527 3264.2485 3249.4446 3234.137 -2501.0833 3242.8984 3258.7097 3274.5208 3289.8284 3299.8992 -3279.7576 -3264.6514 -3249.7466 -3234.8418 -3220.2393 -3205.7373 -3191.336 -3177.0354 -3162.7349 -3148.6357 -3134.738 -3120.8403 -3107.144 -2884.378 -73.31543 2285.971 3299.8992 3299.8992 3299.8992 3299.8992 3299.8992 3299.8992 3299.8992 3299.8992 3299.8992 3299.8992 3299.8992 3299.8992 3299.8992 3292.5476 3277.7434 3262.9395 3248.1353 3233.13 -3160.4187 3243.0999 3258.9111 3274.7222 3289.9292 3299.8992 -3279.5562 -3264.5508 -3249.646 -3234.8418 -3220.2393 -3205.6365 -3191.2354 -3176.9348 -3162.6343 -3148.5352 -3134.6375 -3120.7397 -3106.9426 -2929.3945 -236.66382 2249.817 3299.8992 3299.8992 3299.8992 3299.8992 3299.8992 3299.8992 3299.8992 3299.8992 3299.8992 3299.8992 3299.8992 3299.8992 3299.8992 3293.5547 3278.65 3263.9465 3249.0417 3233.432 3230.713 3246.7253 3262.6372 3278.3477 3293.5547 3299.8992 -3276.0315 -3260.9253 -3246.121 -3231.3171 -3216.7144 -3202.1118 -3187.7104 -3173.41 -3159.3108 -3145.2117 -3131.2134 -3117.3157 -3103.6194 -2745.0989 -42.599487 2387.686 3299.8992 3299.8992 3299.8992 3299.8992 3299.8992 3299.8992 3299.8992 3299.8992 3299.8992 3299.8992 3299.8992 3299.8992 3299.8992 3294.7632 3279.8584 3265.0542 3250.2502 3234.3384 3234.3384 3250.4517 3266.162 3281.9731 3297.0793 -3287.6128 -3272.5066 -3257.5012 -3242.5964 -3227.7922 -3213.2903 -3198.7883 -3184.4878 -3170.0867 -3155.9875 -3141.7876 -3127.9907 -3114.093 
3141.8884 2454.1533 550.47 -1061.261 -2370.9685 3149.8442 3166.0583 3181.668 3196.875 3212.2832 3227.4902 3242.7979 3257.904 3272.9094 3287.8142 3299.8992 -3282.5774 -3268.0754 -3253.2715 -3239.0715 -3224.8718 -3210.6719 505.6549 3299.8992 3299.8992 3299.8992 3299.8992 3299.8992 3299.8992 3295.0652 3280.2612 3265.155 3250.4517 3235.5469 3220.642 3205.838 3191.1345 3176.532 3161.8286 3147.3267 3128.2927 2005.8014 49.95117 -1577.3895 -2874.0051 3149.8442 3165.1519 3181.1646 3196.7742 3212.1826 3227.3894 3242.5964 3257.7026 3272.8088 3287.6128 3299.8992 -3282.9802 -3268.2769 -3253.6743 -3239.273 -3224.9724 -3210.8733 986.63635 3299.8992 3299.8992 3299.8992 3299.8992 3299.8992 3299.8992 3292.2454 3277.4414 3262.6372 3247.8333 3232.727 3217.9229 3203.018 3188.4155 3173.8127 3159.2102 3144.8088 3122.754 1824.9298 -178.95813 -1699.7498 -2988.9128 3150.1465 3166.3604 3181.8694 3197.0764 3212.4846 3227.6917 3242.9993 3257.904 3273.0103 3287.915 3299.8992 -3282.6782 -3268.0754 -3253.473 -3239.0715 -3224.771 -3210.6719 1687.9669 3299.8992 3299.8992 3299.8992 3299.8992 3299.8992 3299.8992 3290.4326 3275.5278 3260.9253 3245.7183 3231.015 3216.11 3201.2053 3186.6028 3171.8994 3157.5989 3142.7947 3120.8403 1749.7009 -108.05969 -1727.1423 -2990.5242 3148.5352 3164.749 3180.258 3195.3643 3210.6719 3226.2817 3241.287 3256.4941 3271.298 3286.203 3299.8992 -3284.1887 -3269.5862 -3255.0842 -3240.3809 -3226.0803 -3212.2832 2339.0442 3299.8992 3299.8992 3299.8992 3299.8992 3299.8992 3299.8992 3286.3037 3271.4995 3256.6956 3241.8914 3226.886 3212.1826 3197.2778 3182.776 3168.173 3153.6711 3139.27 3064.8467 1515.5548 -527.005 -1958.9722 -3086.5996 3149.4414 3165.454 3181.0637 3196.17 3211.679 3227.0874 3242.1936 3257.199 3272.1038 3287.0085 3299.8992 -3283.484 -3268.7805 -3254.2786 -3239.978 -3225.5767 -3211.5784 2884.8816 3299.8992 3299.8992 3299.8992 3299.8992 3299.8992 3299.8992 3285.3972 3270.6938 3255.6885 3240.8843 3225.9795 3211.2761 3196.4722 3181.8694 3167.2668 3152.664 3138.162 
-2955.8806 -2942.3857 -2254.4495 -759.2377 778.87573 2290.2007 3299.8992 3299.8992 3299.8992 3299.8992 3299.8992 3299.8992 3299.8992 3299.8992 3299.8992 3299.8992 3299.8992 3299.8992 3299.8992 3299.8992 3299.8992 3299.8992 1950.6134 -3202.6152 -3186.6028 -3171.0938 -3155.7861 -3140.68 -3125.6743 -3110.7695 -3095.9656 -3081.4636 -3067.0623 -3052.6611 -3038.3606 -3024.1606 -3010.263 -2996.466 -2982.5684 -2968.7712 -2955.2764 -2941.681 -2438.4429 -986.0321 622.1741 2153.842 3299.8992 3299.8992 3299.8992 3299.8992 3299.8992 3299.8992 3299.8992 3299.8992 3299.8992 3299.8992 3299.8992 3299.8992 3299.8992 3299.8992 3299.8992 3299.8992 1605.9906 -3196.9756 -3181.0637 -3165.5547 -3150.247 -3135.1409 -3120.236 -3105.4321 -3090.7288 -3076.126 -3061.624 -3047.4243 -3033.1238 -3019.0247 -3005.0261 -2991.1284 -2977.4321 -2963.6353 -2950.1404 -2936.6455 -1780.3162 -461.84692 882.7057 2194.629 3299.8992 3299.8992 3299.8992 3299.8992 3299.8992 3299.8992 3299.8992 3299.8992 3299.8992 3299.8992 3299.8992 3299.8992 3299.8992 3299.8992 3299.8992 3299.8992 1050.7874 -3195.9685 -3180.258 -3164.8499 -3149.6428 -3134.436 -3119.4304 -3104.6265 -3089.8223 -3075.3203 -3061.0198 -3046.6187 -3032.318 -3018.3196 -3004.4219 -2990.5242 -2976.7273 -2963.031 -2949.5361 -2936.0413 -1801.2634 -311.9934 1205.4749 2588.5986 3299.8992 3299.8992 3299.8992 3299.8992 3299.8992 3299.8992 3299.8992 3299.8992 3299.8992 3299.8992 3299.8992 3299.8992 3299.8992 3299.8992 3299.8992 3299.8992 469.90356 -3197.177 -3181.366 -3166.0583 -3150.8513 -3135.745 -3120.639 -3105.835 -3091.1316 -3076.6296 -3062.2283 -3047.8271 -3033.6272 -3019.528 -3005.5298 -2991.632 -2977.835 -2964.2395 -2950.5432 -2937.149 -2043.0634 -581.48804 913.42163 2350.0212 3299.8992 3299.8992 3299.8992 3299.8992 3299.8992 3299.8992 3299.8992 3299.8992 3299.8992 3299.8992 3299.8992 3299.8992 3299.8992 3299.8992 3299.8992 3299.8992 -182.18079 -3190.631 -3174.9207 -3159.5122 -3144.2046 -3129.0984 -3114.1936 -3099.4902 -3084.7869 -3070.0835 -3055.783 -3041.4824 -3027.3833 -3013.2842 -2999.286 -2985.3882 -2971.692 -2958.0962 
3049.7405 2053.134 523.1781 -665.4785 -1668.3289 -2468.9575 -3123.1567 3112.3809 3129.0984 3145.7153 3162.1306 3178.5461 3194.6594 3210.6719 3226.6846 3242.5964 3258.5083 3274.2188 3289.8284 3299.8992 -3279.2542 -3263.9465 -138.57422 3299.8992 3299.8992 3299.8992 3286.203 3270.8953 3255.487 3239.4744 3224.5696 3209.3628 3193.753 3178.3447 3163.037 3147.83 3132.5225 3117.4163 3102.6123 3085.5925 2847.2168 1498.1323 -99.09668 -1199.1302 -2107.5164 -2899.2827 3157.196 3119.4304 3135.9465 3152.5635 3168.8782 3185.1929 3201.3062 3217.3186 3233.432 3249.1423 3264.9536 3280.7646 3296.2737 -3288.217 -3272.8088 -3257.7026 319.94934 3299.8992 3299.8992 3299.8992 3290.0298 3274.6216 3259.2131 3243.3013 3228.195 3212.9883 3197.4792 3182.0708 3166.6626 3151.355 3136.148 3121.1426 3106.137 3090.628 2914.087 1737.4146 116.82129 -1028.6316 -1977.4017 -2714.685 3299.8992 3117.6177 3134.2346 3150.8513 3167.2668 3183.6821 3199.6948 3215.7073 3231.72 3247.6318 3263.4429 3279.1533 3294.7632 -3289.8284 -3274.3193 -3259.1125 678.067 3299.8992 3299.8992 3299.8992 3286.7065 3271.298 3255.89 3239.978 3224.8718 3209.6648 3194.1558 3178.6467 3163.339 3148.1323 3133.0261 3118.0205 3103.1157 3084.9883 2810.7605 1538.9191 22.155762 -1055.1178 -1924.6307 -2763.9312 3234.439 3116.6106 3133.429 3149.8442 3166.3604 3182.675 3198.8892 3214.9016 3230.713 3246.7253 3262.6372 3278.1462 3293.8567 -3290.5334 -3275.3264 -3260.0188 1135.4828 3299.8992 3299.8992 3298.6907 3283.484 3267.9749 3252.9692 3236.7554 3221.6492 3206.4421 3191.1345 3175.6255 3160.2173 3145.0103 3129.904 3114.6973 3099.893 3082.2693 2668.158 1303.8666 -196.58203 -1178.5858 -1956.8573 -2795.9563 3223.462 3117.1143 3133.9324 3150.348 3166.6626 3183.078 3199.1912 3215.2039 3231.2163 3247.0276 3262.8386 3278.65 3294.058 -3290.2312 -3274.823 -3169.0796 1780.6183 3299.8992 3299.8992 3295.9717 3280.5632 3265.2556 3249.948 3233.9355 3218.8293 3203.6223 3188.1133 3172.8057 3157.3975 3142.1904 3126.9836 3112.0789 3097.0732 3078.543 
-1629.8584 -1190.3687 -856.8237 -610.59265 -213.19885 93.65845 360.43396 715.5304 1975.0854 3299.8992 3299.8992 3299.8992 3299.8992 3299.8992 3299.8992 3299.8992 3299.8992 3299.8992 3299.8992 3299.8992 3299.8992 3299.8992 1593.1 -831.4453 -2554.5593 -3114.5964 -3099.893 -3085.089 -3070.5872 -3056.2866 -3041.986 -3027.6855 -3013.687 -2999.6887 -2986.093 -2972.3967 -2958.8013 -2752.8533 -2353.949 -1921.7102 -1527.1362 -988.8519 -605.0537 -363.5559 -65.05737 154.78821 438.68408 940.4114 2278.5186 3299.8992 3299.8992 3299.8992 3299.8992 3299.8992 3299.8992 3299.8992 3299.8992 3299.8992 3299.8992 3299.8992 3299.8992 3299.8992 1034.4727 -1324.7131 -2977.4321 -3114.8987 -3100.0945 -3085.391 -3070.8892 -3056.3872 -3042.1875 -3028.0884 -3014.0898 -3000.1921 -2986.3953 -2972.7996 -2958.9019 -2537.8418 -1953.4332 -1537.912 -1174.8596 -807.77893 -347.84546 -333.1421 -56.09436 278.86047 560.9436 1170.3278 2530.188 3299.8992 3299.8992 3299.8992 3299.8992 3299.8992 3299.8992 3299.8992 3299.8992 3299.8992 3299.8992 3299.8992 3299.8992 3217.9229 681.5918 -1603.2715 -3137.4573 -3122.351 -3107.5469 -3092.9443 -3078.3416 -3063.9404 -3049.64 -3035.44 -3021.4417 -3007.443 -2993.8477 -2980.0505 -2966.3542 -2707.434 -2347.8057 -1919.1925 -1323.5046 -839.9048 -602.1332 -306.35376 -7.4523926 200.20752 405.34973 1036.1847 2562.3137 3299.8992 3299.8992 3299.8992 3299.8992 3299.8992 3299.8992 3299.8992 3299.8992 3299.8992 3299.8992 3299.8992 3299.8992 3259.1125 806.4697 -1420.0836 -3015.097 -3123.6602 -3108.8562 -3094.1528 -3079.55 -3065.048 -3050.8484 -3036.6484 -3022.5493 -3008.6516 -2994.9553 -2981.259 -2949.1333 -2579.6355 -2204.6997 -1858.667 -1380.8075 -890.86304 -460.03418 -86.10535 243.81409 485.11047 678.067 1273.4528 2862.625 3299.8992 3299.8992 3299.8992 3299.8992 3299.8992 3299.8992 3299.8992 3299.8992 3299.8992 3299.8992 3299.8992 3299.8992 3030.0017 400.21362 -1704.1809 -3143.7012 -3128.595 -3113.6902 -3099.0874 -3084.5854 -3070.0835 -3055.783 -3041.5833 -3027.5847 -3013.385 -2999.6887 -2985.9924 -2972.3967 -2782.8643 -2391.11 -1954.0375 

10.675049 33.535767 19.134521 23.062134 86.00464 115.81421 95.87402 46.92993 -21.75293 -64.35242 -73.21472 -56.09436 -36.758423 15.509033 36.758423 60.525513 69.38782 58.007812 10.473633 -18.026733 -4.3304443 36.254883 18.630981 -28.903198 -86.8103 -112.39014 -125.28076 -106.54907 -63.446045 -25.78125 -34.140015 -6.0424805 6.0424805 -40.585327 -65.56091 -49.44763 -56.5979 -66.6687 -75.128174 -53.17383 -36.154175 -43.103027 -36.4563 -31.018066 -5.6396484 17.623901 39.37683 54.785156 57.20215 70.19348 107.35474 104.837036 106.34766 54.885864 -35.650635 -98.19031 -80.667114 -50.958252 -38.87329 -39.678955 -39.678955 -39.678955 -39.678955 -39.678955 -39.678955 -39.678955 -39.678955 -39.678955 -39.678955 -39.678955 -39.678955 -39.678955 -39.678955 -39.678955 -39.678955 -39.678955 -39.678955 -39.678955 -39.678955 -39.678955 -39.678955 -39.678955 -39.678955 -39.678955 -39.678955 -39.678955 -39.678955 -39.678955 -39.678955 -39.678955 -39.678955 -39.678955 -39.678955 -39.678955 -39.678955 -39.678955 -39.678955 -39.678955 -39.678955 -39.678955 -39.678955 -39.678955 -39.678955 -39.678955 -39.678955 -39.678955 -39.678955 -39.678955 -39.678955 -39.678955 -39.678955 -39.678955 -39.678955 -39.678955 -39.678955 -39.678955 -39.678955 -39.678955 -39.678955 -39.678955 12.890625 40.585327 42.196655 37.96692 52.166748 57.60498 59.71985 24.371338 -15.307617 -12.890625 3.1219482 6.4453125 27.896118 34.84497 49.145508 58.20923 59.317017 22.961426 -47.836304 -63.546753 -50.354004 -66.76941 -80.26428 -85.09827 -53.274536 -25.680542 -14.199829 15.106201 46.42639 76.33667 95.06836 104.333496 99.801636 79.86145 72.61047 38.47046 -27.593994 -80.4657 -110.07385 -84.49402 -84.49402 -84.49402 -84.49402 -84.49402 -84.49402 -84.49402 -84.49402 -84.49402 -84.49402 -84.49402 -84.49402 -84.49402 -84.49402 -84.49402 -84.49402 -84.49402 -84.49402 -84.49402 -84.49402 -84.49402 -35.34851 -45.217896 -20.443726 -1.7120361 11.581421 19.73877 7.2509766 -10.675049 -9.365845 -31.521606 -85.80322 -120.14465 -89.63013 -42.49878 -9.265137 -2.8198242 24.572754 32.32727 43.606567 62.338257 
-5.2368164 0.30212402 -20.74585 -37.161255 -40.182495 -13.696289 14.602661 24.572754 22.357178 17.623901 13.394165 29.104614 40.283203 50.958252 46.124268 39.578247 27.090454 21.652222 11.279297 19.134521 -16.314697 -7.6538086 22.25647 67.37366 88.92517 96.780396 85.09827 77.44446 76.638794 83.28552 70.495605 44.51294 20.040894 0.30212402 -13.796997 -15.911865 -47.232056 -96.07544 -131.32324 -137.56714 -135.04944 -116.015625 -93.55774 -75.631714 -51.864624 -33.9386 -33.43506 -16.918945 1.2084961 5.1361084 19.638062 22.860718 12.991333 16.616821 -28.601074 -23.76709 11.380005 72.40906 129.10767 160.22644 151.56555 93.759155 50.55542 -0.50354004 -72.71118 -117.92908 -129.10767 -133.63953 -120.24536 -84.79614 -48.94409 -7.9559326 24.069214 61.532593 64.55383 76.23596 93.759155 97.283936 67.977905 48.843384 41.592407 37.060547 19.839478 7.3516846 -16.113281 -21.75293 -17.019653 -9.970093 -22.457886 -49.54834 -68.78357 -76.94092 -90.13367 -94.86694 -106.64978 -100.305176 -82.78198 -61.935425 -63.446045 -70.19348 -92.14783 -91.14075 -82.681274 -80.96924 -65.25879 -35.147095 -30.514526 -34.94568 -23.666382 -9.869385 3.1219482 7.3516846 12.387085 31.924438 31.32019 31.924438 35.046387 39.175415 35.046387 26.889038 19.638062 25.579834 42.095947 54.483032 56.799316 49.850464 54.68445 62.942505 55.18799 24.371338 31.32019 44.815063 32.32727 11.480713 -7.6538086 -10.675049 -12.487793 -20.74585 -41.793823 -50.05188 -44.210815 -36.557007 -20.24231 -6.6467285 14.300537 18.933105 7.6538086 10.272217 16.71753 28.601074 47.232056 65.25879 67.17224 65.3595 48.94409 29.910278 26.586914 24.77417 18.22815 31.82373 36.95984 29.003906 5.1361084 5.1361084 10.775757 -2.5177002 -15.408325 -17.321777 -12.588501 22.860718 15.710449 10.372925 7.6538086 11.682129 -13.595581 -61.935425 -98.39172 -115.81421 -113.69934 -86.50818 -57.10144 -16.012573 4.4311523 11.984253 12.588501 12.991333 20.24231 21.148682 39.175415 46.829224 49.346924 37.46338 26.78833 36.557007 33.43506 28.399658 13.897705 18.22815 48.138428 79.45862 
-3058.6028 -3043.8994 -503.0365 2588.2964 3299.8992 3299.8992 3299.8992 3299.8992 3299.8992 3299.8992 3299.8992 3299.8992 3299.8992 3299.8992 3299.8992 3299.8992 3299.8992 3299.8992 3299.8992 3293.1519 3277.24 3260.321 3261.5295 3279.0527 3295.6694 -3287.915 -3271.701 -3255.3862 -3239.4744 -3223.462 -3207.6506 -3192.041 -3176.532 -3161.2244 -3145.9167 -3130.9111 -3116.0063 -3101.1016 -3086.5996 -3071.8962 -3057.5957 -2950.0396 -244.72046 2864.5386 3299.8992 3299.8992 3299.8992 3299.8992 3299.8992 3299.8992 3299.8992 3299.8992 3299.8992 3299.8992 3299.8992 3299.8992 3299.8992 3299.8992 3299.8992 3291.4397 3275.5278 3257.8032 3263.3423 3280.7646 3297.583 -3286.1023 -3269.7876 -3253.6743 -3237.561 -3221.8506 -3205.9387 -3190.3289 -3174.8198 -3159.5122 -3144.406 -3129.2998 -3114.395 -3099.591 -3084.8877 -3070.3857 -3055.8838 -2791.2231 84.79614 3275.2258 3299.8992 3299.8992 3299.8992 3299.8992 3299.8992 3299.8992 3299.8992 3299.8992 3299.8992 3299.8992 3299.8992 3299.8992 3299.8992 3299.8992 3299.8992 3289.9292 3273.9165 3168.4753 3264.6514 3281.1675 3297.9858 -3285.3972 -3268.982 -3252.6672 -3236.6545 -3220.7427 -3205.0322 -3189.3218 -3173.9136 -3158.606 -3143.4998 -3128.2927 -3113.388 -3098.7854 -3084.082 -3069.58 -3055.0781 -2722.4395 215.31372 3299.8992 3299.8992 3299.8992 3299.8992 3299.8992 3299.8992 3299.8992 3299.8992 3299.8992 3299.8992 3299.8992 3299.8992 3299.8992 3299.8992 3299.8992 3299.8992 3289.224 3273.2117 2756.781 3266.565 3283.8867 3299.8992 -3283.081 -3266.9678 -3250.653 -3234.6404 -3218.8293 -3203.018 -3187.6099 -3172 -3156.6924 -3141.5862 -3126.5808 -3111.676 -3096.8718 -3082.2693 -3067.6665 -3053.2654 -2431.5947 738.69324 3299.8992 3299.8992 3299.8992 3299.8992 3299.8992 3299.8992 3299.8992 3299.8992 3299.8992 3299.8992 3299.8992 3299.8992 3299.8992 3299.8992 3299.8992 3299.8992 3286.8071 3270.8953 2304.8035 3266.3635 3282.9802 3299.6978 -3283.6853 -3267.2698 -3251.056 -3235.0432 -3219.1313 -3203.421 -3187.7104 -3172.3022 -3156.9946 -3141.8884 -3126.7822 -3111.978 -3097.174 -3082.5713 -3068.0693 
-3100.3967 -2555.365 364.6637 2712.671 3299.8992 3299.8992 3299.8992 3299.8992 3299.8992 3299.8992 3299.8992 3299.8992 3299.8992 3299.8992 3299.8992 3299.8992 3299.8992 3294.159 3279.1533 3264.45 3249.646 3233.5327 3235.446 3251.4587 3267.0684 3282.7788 3298.0864 -3286.6057 -3271.6003 -3256.4941 -3241.69 -3226.886 -3212.384 -3197.7812 -3183.4807 -3169.1802 -3155.081 -3141.0828 -3127.0842 -3113.1865 -3099.4902 -2265.0237 496.38977 2719.1162 3299.8992 3299.8992 3299.8992 3299.8992 3299.8992 3299.8992 3299.8992 3299.8992 3299.8992 3299.8992 3299.8992 3299.8992 3299.8992 3293.1519 3278.247 3263.5437 3248.639 3216.7144 3237.6616 3253.775 3269.3848 3284.6924 3299.8992 -3284.491 -3269.3848 -3254.3792 -3239.5752 -3224.771 -3210.1685 -3195.6665 -3181.366 -3167.166 -3152.8655 -3139.0686 -3124.9695 -3111.1724 -3097.577 -1924.7314 974.4507 3299.7986 3299.8992 3299.8992 3299.8992 3299.8992 3299.8992 3299.8992 3299.8992 3299.8992 3299.8992 3299.8992 3299.8992 3299.8992 3299.8992 3290.0298 3275.125 3260.321 3245.4163 2884.076 3237.3596 3253.372 3269.0825 3284.3901 3299.8992 -3284.793 -3269.6868 -3254.6814 -3239.8772 -3225.2747 -3210.5713 -3196.17 -3181.668 -3167.4683 -3153.3691 -3139.3706 -3125.473 -3111.5752 -3097.9797 -1753.3264 1215.1428 3299.8992 3299.8992 3299.8992 3299.8992 3299.8992 3299.8992 3299.8992 3299.8992 3299.8992 3299.8992 3299.8992 3299.8992 3299.8992 3299.8992 3287.21 3272.406 3257.5012 3242.697 2254.7515 3237.863 3253.8757 3269.3848 3284.6924 3299.8992 -3284.3901 -3269.284 -3254.3792 -3239.5752 -3224.771 -3210.1685 -3195.767 -3181.366 -3167.166 -3152.9663 -3138.9678 -3125.07 -3111.3738 -3097.577 -1713.6475 1398.4314 3299.8992 3299.8992 3299.8992 3299.8992 3299.8992 3299.8992 3299.8992 3299.8992 3299.8992 3299.8992 3299.8992 3299.8992 3299.8992 3299.8992 3286.4043 3271.4995 3256.6956 3241.7908 1875.2838 3238.2659 3254.2786 3269.8882 3285.1958 3299.8992 -3283.9873 -3268.881 -3253.9763 -3239.1724 -3224.469 -3209.8662 -3195.3643 -3180.9631 -3166.7632 -3152.765 -3138.6658 -3124.6672 -3110.971 
2985.8916 1340.2222 -593.3716 -2034.3018 -3291.339 3151.0527 3166.3604 3182.2722 3197.7812 3213.1897 3228.4973 3243.6035 3258.7097 3273.715 3288.6199 3299.8992 -3281.9731 -3267.3706 -3252.7678 -3238.4673 -3224.1667 -3071.5942 3299.8992 3299.8992 3299.8992 3299.8992 3299.8992 3299.8992 3298.1873 3283.484 3268.6797 3253.8757 3238.971 3223.9653 3209.262 3194.458 3179.8552 3165.2527 3150.8513 3136.4502 2917.9138 1352.1057 -572.62573 -2102.179 3262.3352 3149.6428 3165.756 3181.366 3196.4722 3211.7798 3227.0874 3242.2942 3257.2998 3272.406 3287.3108 3299.8992 -3283.2825 -3268.579 -3254.1777 -3239.7766 -3225.476 -2861.618 3299.8992 3299.8992 3299.8992 3299.8992 3299.8992 3299.8992 3295.7703 3281.067 3266.3635 3251.4587 3236.554 3221.6492 3206.845 3192.1416 3177.6396 3163.1377 3148.6357 3134.1338 2845.2026 1027.8259 -798.2117 -2151.6265 -3252.8687 3149.945 3165.857 3181.366 3196.4722 3211.8804 3227.0874 3242.1936 3257.2998 3272.3052 3287.21 3299.8992 -3283.081 -3268.579 -3254.1777 -3239.6758 -3225.476 -2536.2305 3299.8992 3299.8992 3299.8992 3299.8992 3299.8992 3299.8992 3293.2524 3278.549 3263.745 3248.941 3234.137 3219.2322 3204.428 3189.8254 3175.122 3160.62 3146.2188 3131.7168 2771.7864 995.8008 -823.8922 -2216.986 3146.521 3149.24 3165.3533 3180.8623 3196.0693 3211.4775 3226.5837 3241.7908 3256.897 3271.9023 3286.8071 3299.8992 -3283.5845 -3269.1833 -3254.5806 -3240.1794 -3225.879 -2039.3372 3299.8992 3299.8992 3299.8992 3299.8992 3299.8992 3299.8992 3289.9292 3275.2258 3260.4216 3245.6177 3230.8135 3215.9087 3201.2053 3186.502 3171.8994 3157.3975 3143.097 3128.4941 2650.534 768.5028 -1095.9045 -2458.2825 3134.738 3150.7507 3165.9575 3181.8694 3197.3784 3212.7869 3227.9937 3243.0999 3258.307 3273.2117 3288.1165 3299.8992 -3282.376 -3267.7734 -3253.372 -3238.971 -3224.6704 -1561.7798 3299.8992 3299.8992 3299.8992 3299.8992 3299.8992 3299.8992 3288.5193 3273.816 3259.2131 3244.4092 3229.5044 3214.7002 3199.7954 3185.092 3170.4895 3155.9875 3141.687 3126.48 
-2944.6013 -2869.574 -1439.1174 168.98804 1642.749 2992.6392 3299.8992 3299.8992 3299.8992 3299.8992 3299.8992 3299.8992 3299.8992 3299.8992 3299.8992 3299.8992 3299.8992 3299.8992 3299.8992 3299.8992 3299.8992 3299.8992 -834.1644 -3195.2637 -3179.4524 -3164.1448 -3148.8372 -3133.731 -3118.7256 -3103.9214 -3089.3188 -3074.716 -3060.315 -3046.115 -3031.8145 -3017.7153 -3003.8176 -2989.92 -2976.123 -2962.5273 -2948.831 -2883.4717 -1565.2039 0.60424805 1476.6815 2865.5457 3299.8992 3299.8992 3299.8992 3299.8992 3299.8992 3299.8992 3299.8992 3299.8992 3299.8992 3299.8992 3299.8992 3299.8992 3299.8992 3299.8992 3299.8992 3299.8992 -1493.1976 -3193.5515 -3177.942 -3162.6343 -3147.4272 -3132.4219 -3117.3157 -3102.6123 -3088.0095 -3073.5076 -3059.0056 -3044.705 -3030.5054 -3016.4062 -3002.5085 -2988.7114 -2974.9146 -2961.1174 -2947.824 -2627.9753 -1154.6173 372.72034 1806.0974 3206.3416 3299.8992 3299.8992 3299.8992 3299.8992 3299.8992 3299.8992 3299.8992 3299.8992 3299.8992 3299.8992 3299.8992 3299.8992 3299.8992 3299.8992 3299.8992 3299.8992 -1984.2499 -3197.177 -3181.668 -3166.3604 -3151.0527 -3136.0474 -3121.0417 -3106.2378 -3091.5344 -3077.0325 -3062.631 -3048.3306 -3034.1309 -3020.0317 -3006.0332 -2992.1355 -2978.3386 -2964.743 -2951.1475 -2825.9673 -1550.6012 48.44055 1444.5557 2867.9626 3299.8992 3299.8992 3299.8992 3299.8992 3299.8992 3299.8992 3299.8992 3299.8992 3299.8992 3299.8992 3299.8992 3299.8992 3299.8992 3299.8992 3299.8992 3299.8992 -2561.0046 -3191.4368 -3175.827 -3160.3179 -3145.2117 -3130.1055 -3115.2007 -3100.3967 -3085.794 -3071.292 -3056.9915 -3042.5903 -3028.3904 -3014.392 -3000.4944 -2986.6973 -2972.9004 -2959.3047 -2945.7092 -2520.7214 -990.46326 590.65247 2058.2703 3200.601 3299.8992 3299.8992 3299.8992 3299.8992 3299.8992 3299.8992 3299.8992 3299.8992 3299.8992 3299.8992 3299.8992 3299.8992 3299.8992 3299.8992 3299.8992 3147.2258 -3208.96 -3192.6453 -3177.0354 -3161.5264 -3146.521 -3131.4148 -3116.6106 -3101.7058 -3087.2039 -3072.6013 -3058.2 -3043.8994 -3029.8003 -3015.7012 -3001.703 -2987.9058 -2974.2095 -2960.5132 
2568.3562 1247.8729 -172.91565 -1138.0005 -1903.7842 -2613.1714 -3259.9182 3113.4888 3130.2063 3146.7224 3163.037 3179.3518 3195.5657 3211.679 3227.4902 3243.5027 3259.4146 3275.125 3290.634 3299.8992 -3278.4485 -2988.208 2158.676 3299.8992 3299.8992 3290.2312 3274.9236 3259.616 3244.3083 3228.3965 3213.391 3198.0835 3182.776 3167.3674 3152.0598 3136.853 3121.7468 3106.842 3091.9373 3074.0112 2529.8857 1081.9061 -262.34436 -1328.1372 -2174.185 -2845.0012 3098.3826 3113.5894 3130.2063 3146.7224 3163.2385 3179.4524 3195.6665 3211.679 3227.5908 3243.402 3259.314 3274.9236 3290.634 3299.8992 -3278.4485 -2800.891 2479.4312 3299.8992 3299.8992 3288.217 3272.9094 3257.6018 3242.395 3226.4832 3211.4775 3196.0693 3180.8623 3165.454 3150.1465 3135.0403 3119.934 3104.9285 3089.923 3070.3857 2334.915 808.786 -504.1443 -1465.9058 -2299.9695 -3036.9507 3101.001 3117.6177 3134.2346 3150.7507 3167.166 3183.3801 3199.4934 3215.6067 3231.5186 3247.4304 3263.1409 3278.8513 3294.461 -3290.0298 -3274.7222 -2561.8103 2772.592 3299.8992 3299.8992 3290.1306 3274.823 3259.4146 3244.2078 3228.195 3213.2903 3197.882 3182.5745 3167.166 3151.7578 3136.5508 3121.646 3106.6406 3091.7358 3074.2126 2610.6536 1246.5637 -124.27368 -1223.5016 -2085.8643 -2908.7493 3094.5557 3111.4746 3127.9907 3144.6074 3161.023 3177.2368 3193.5515 3209.4634 3225.476 3241.388 3257.199 3272.9094 3288.6199 3299.8992 -3280.5632 -1989.8895 3299.8992 3299.8992 3295.5688 3280.2612 3265.0542 3249.7466 3234.439 3218.628 3203.5217 3188.3147 3172.9065 3157.5989 3142.4927 3127.2856 3112.2803 3097.476 3082.672 3063.034 2279.2236 799.7223 -569.5038 -1518.0725 -2292.92 -3019.0247 3094.4548 3111.3738 3127.9907 3144.406 3160.8215 3177.0354 3193.2495 3209.1614 3225.2747 3241.1865 3257.0984 3272.708 3288.3179 3299.8992 -3280.7646 -1717.3737 3299.8992 3299.8992 3293.2524 3278.1462 3262.8386 3247.6318 3232.4248 3216.4124 3201.4067 3186.2 3170.8923 3155.5847 3140.277 3125.2715 3110.266 3095.3613 3080.3557 3052.2583 
-1393.6981 -911.4075 -589.04114 -204.84009 152.67334 518.1427 795.49255 1434.6863 2863.1287 3299.8992 3299.8992 3299.8992 3299.8992 3299.8992 3299.8992 3299.8992 3299.8992 3299.8992 3299.8992 3299.8992 3299.8992 2691.4214 -15.811157 -1928.8605 -3141.2842 -3126.2786 -3111.3738 -3096.7712 -3082.2693 -3067.868 -3053.5674 -3039.3677 -3025.3691 -3011.4714 -2997.4731 -2983.7769 -2861.316 -2471.3745 -2061.5935 -1597.1283 -1426.6296 -982.91016 -560.03723 -170.70007 125.68359 422.6715 700.02136 1520.6909 3184.79 3299.8992 3299.8992 3299.8992 3299.8992 3299.8992 3299.8992 3299.8992 3299.8992 3299.8992 3299.8992 3299.8992 3299.8992 2288.2874 -555.10254 -2468.1519 -3137.7593 -3122.754 -3107.9497 -3093.4478 -3078.7444 -3064.5447 -3050.2441 -3036.0442 -3022.046 -3008.0474 -2994.351 -2980.6548 -2933.1206 -2583.3618 -2249.2126 -1941.5497 -1631.7719 -996.60645 -582.89795 -306.15234 1.0070801 328.61023 610.69336 1525.2228 3124.9695 3299.8992 3299.8992 3299.8992 3299.8992 3299.8992 3299.8992 3299.8992 3299.8992 3299.8992 3299.8992 3299.8992 3299.8992 2444.7876 -204.9408 -2060.1836 -3132.9253 -3117.92 -3103.2166 -3088.5132 -3074.1118 -3059.6099 -3045.3093 -3031.311 -3017.4133 -3003.5156 -2989.7185 -2976.0222 -2903.9153 -2448.1108 -1975.4883 -1610.6232 -1164.7888 -639.8987 -559.03015 -275.03357 76.7395 469.70215 779.8828 1674.0692 3237.0574 3299.8992 3299.8992 3299.8992 3299.8992 3299.8992 3299.8992 3299.8992 3299.8992 3299.8992 3299.8992 3299.8992 3299.8992 1986.969 -653.8971 -2367.041 -3132.7239 -3117.7185 -3102.9143 -3088.3118 -3073.9104 -3059.6099 -3045.2087 -3031.2102 -3017.212 -3003.2134 -2989.517 -2975.8208 -2828.787 -2401.5837 -1972.2656 -1507.901 -1158.4442 -711.09924 -474.234 -116.922 255.19409 517.33704 926.8158 1962.1948 3299.8992 3299.8992 3299.8992 3299.8992 3299.8992 3299.8992 3299.8992 3299.8992 3299.8992 3299.8992 3299.8992 3299.8992 3299.8992 2090.094 -612.204 -2501.7883 -3137.86 -3122.8545 -3108.1511 -3093.4478 -3078.9458 -3064.6453 -3050.2441 -3036.0442 -3022.046 -3008.2488 -2994.5525 -2980.8562 -2788.8062 -2395.3398 -2051.6235 -1665.4083 

84.695435 93.35632 53.17383 9.265137 13.192749 47.53418 79.96216 79.86145 20.74585 -56.19507 -83.38623 -70.79773 -20.544434 41.088867 96.57898 123.36731 111.8866 103.427124 115.31067 106.24695 33.233643 -7.2509766 -18.328857 -61.6333 -86.00464 -79.96216 -90.63721 -120.84961 -131.52466 -96.67969 -55.892944 -16.012573 20.443726 9.265137 -4.9346924 18.22815 48.138428 76.94092 54.885864 4.1290283 -8.459473 12.487793 20.645142 -23.364258 -35.95276 -11.178589 21.047974 29.608154 8.358765 -43.304443 -92.04712 -127.49634 -125.582886 -90.93933 -66.56799 -56.5979 -46.5271 -28.198242 -15.609741 0.40283203 0.40283203 0.40283203 0.40283203 0.40283203 0.40283203 0.40283203 0.40283203 0.40283203 0.40283203 0.40283203 0.40283203 0.40283203 0.40283203 0.40283203 0.40283203 0.40283203 0.40283203 0.40283203 0.40283203 0.40283203 0.40283203 0.40283203 0.40283203 0.40283203 0.40283203 0.40283203 0.40283203 0.40283203 0.40283203 0.40283203 0.40283203 0.40283203 0.40283203 0.40283203 0.40283203 0.40283203 0.40283203 0.40283203 0.40283203 0.40283203 0.40283203 0.40283203 0.40283203 0.40283203 0.40283203 0.40283203 0.40283203 0.40283203 0.40283203 0.40283203 0.40283203 0.40283203 0.40283203 0.40283203 0.40283203 0.40283203 0.40283203 0.40283203 0.40283203 0.40283203 -62.036133 -39.98108 -32.93152 -13.293457 -4.8339844 -0.9063721 -2.2155762 4.1290283 9.768677 14.703369 15.509033 13.192749 12.084961 15.106201 16.616821 22.961426 34.140015 57.806396 89.63013 107.05261 71.20056 37.564087 26.687622 5.9417725 -37.36267 -79.86145 -106.75049 -89.328 -27.593994 43.807983 100.305176 122.96448 126.28784 80.76782 16.71753 -26.184082 -39.276123 -57.302856 -64.453125 -87.213135 -102.11792 -107.35474 -89.02588 -54.58374 -15.408325 -0.40283203 2.8198242 18.22815 4.7332764 3.3233643 6.6467285 15.206909 17.825317 34.34143 54.68445 68.481445 54.986572 14.501953 -36.35559 -68.984985 -93.96057 -89.63013 -31.420898 15.811157 34.744263 71.09985 143.20679 215.71655 247.7417 200.20752 110.980225 70.89844 56.19507 67.77649 61.935425 -39.779663 -170.39795 -208.26416 -173.6206 -154.88892 -151.86768 -137.36572 -147.63794 -160.42786 -148.84644 -101.01013 -28.198242 22.457886 40.48462 37.46338 33.636475 31.521606 28.601074 38.571167 25.881958 10.473633 12.286377 23.464966 34.542847 18.73169 
112.08801 118.533325 108.966064 105.13916 115.7135 109.3689 94.3634 67.17224 16.21399 -39.37683 -69.89136 -87.41455 -134.44519 -154.38538 -116.72058 -68.28003 -30.31311 -11.178589 16.818237 43.304443 20.443726 17.22107 55.490112 65.05737 67.474365 64.35242 28.198242 -0.60424805 -5.3375244 -6.8481445 -24.169922 -42.297363 -56.900024 -59.417725 -64.35242 -66.56799 -96.8811 -99.298096 -85.40039 -79.660034 -76.538086 -77.84729 -68.58215 -50.55542 -27.996826 2.1148682 28.601074 41.592407 -3.4240723 -43.807983 -74.42322 -70.495605 -66.6687 -45.92285 -36.053467 -39.47754 -39.276123 -26.28479 -2.0141602 10.775757 13.092041 12.387085 22.055054 26.28479 36.758423 45.52002 40.182495 17.321777 6.3446045 -1.4099121 -7.9559326 -5.8410645 -6.6467285 7.7545166 2.9205322 -8.258057 -9.970093 1.2084961 17.422485 43.707275 53.878784 50.253296 48.94409 27.996826 6.0424805 -38.772583 -52.56958 -27.191162 -23.364258 -12.689209 2.7191162 -1.5106201 -14.602661 -17.22107 -7.7545166 -15.911865 -17.422485 -12.588501 -16.012573 -3.7261963 -8.459473 -21.75293 -33.43506 -35.046387 -39.47754 -42.90161 -33.032227 1.8127441 52.770996 66.87012 79.45862 82.9834 83.28552 71.7041 68.28003 60.021973 39.678955 29.910278 28.903198 33.233643 27.996826 21.450806 -15.509033 -33.83789 -36.85913 -30.615234 -14.904785 -5.3375244 1.8127441 16.415405 25.881958 25.076294 21.047974 5.4382324 11.380005 5.1361084 9.164429 6.9488525 12.387085 19.537354 1.2084961 -8.963013 -10.876465 -25.881958 -55.69153 -54.785156 -39.175415 -23.26355 -14.199829 -5.9417725 -0.70495605 -12.185669 -20.040894 -34.039307 -40.686035 -34.140015 -16.71753 22.76001 38.168335 11.178589 -19.033813 -26.28479 -34.240723 -27.090454 -10.977173 4.2297363 14.703369 15.408325 18.530273 13.998413 9.265137 9.768677 18.026733 33.032227 43.40515 40.38391 48.339844 31.118774 12.487793 27.996826 21.652222 30.413818 40.48462 46.02356 75.73242 105.23987 132.83386 175.73547 208.86841 210.37903 213.90381 219.03992 199.60327 179.46167 148.3429 106.448364 66.87012 12.487793 -43.203735 -87.61597 -148.04077 -193.35938 -249.95728 -293.76526 -310.28137 -268.38684 -203.22876 -160.83069 -131.12183 -91.744995 -84.2926 -98.291016 -89.52942 -89.93225 -84.99756 -80.76782 -80.76782 -71.40198 -28.80249 -22.961426 
-3053.5674 -2429.6814 563.7634 3299.8992 3299.8992 3299.8992 3299.8992 3299.8992 3299.8992 3299.8992 3299.8992 3299.8992 3299.8992 3299.8992 3299.8992 3299.8992 3299.8992 3299.8992 3299.8992 3287.3108 3271.399 1421.8964 3269.284 3286.6057 3299.8992 -3280.3618 -3264.2485 -3248.0347 -3231.9214 -3216.3115 -3200.5005 -3184.8906 -3169.4824 -3154.1748 -3139.0686 -3124.063 -3109.259 -3094.4548 -3079.8523 -3065.3503 -3050.949 -2145.1812 1042.3279 3299.8992 3299.8992 3299.8992 3299.8992 3299.8992 3299.8992 3299.8992 3299.8992 3299.8992 3299.8992 3299.8992 3299.8992 3299.8992 3299.8992 3299.8992 3299.8992 3285.901 3269.8882 389.9414 3271.4995 3288.0156 3299.8992 -3278.8513 -3262.3352 -3246.222 -3230.2092 -3214.3982 -3198.6877 -3183.078 -3167.5688 -3152.4626 -3137.2559 -3122.351 -3107.3455 -3092.743 -3078.1401 -3063.5376 -3049.3376 -2085.0586 1084.021 3299.8992 3299.8992 3299.8992 3299.8992 3299.8992 3299.8992 3299.8992 3299.8992 3299.8992 3299.8992 3299.8992 3299.8992 3299.8992 3299.8992 3299.8992 3299.8992 3286.8071 3270.6938 -747.45483 3274.2188 3291.5405 -3291.742 -3275.5278 -3259.314 -3243.2007 -3227.188 -3211.377 -3195.767 -3180.258 -3164.8499 -3149.6428 -3134.436 -3119.5312 -3104.6265 -3090.0237 -3075.3203 -3060.9192 -3046.7192 -1614.4501 1492.6941 3299.8992 3299.8992 3299.8992 3299.8992 3299.8992 3299.8992 3299.8992 3299.8992 3299.8992 3299.8992 3299.8992 3299.8992 3299.8992 3299.8992 3299.8992 3299.8992 3285.2966 3269.0825 -1781.9275 3275.5278 3292.749 -3290.634 -3274.3193 -3258.206 -3241.9922 -3226.0803 -3210.3699 -3194.6594 -3179.0496 -3163.742 -3148.5352 -3133.429 -3118.4233 -3103.6194 -3089.0166 -3074.3132 -3059.912 -3045.6116 -1371.2402 1748.6938 3299.8992 3299.8992 3299.8992 3299.8992 3299.8992 3299.8992 3299.8992 3299.8992 3299.8992 3299.8992 3299.8992 3299.8992 3299.8992 3299.8992 3299.8992 3299.8992 3284.1887 3267.874 -3124.063 3277.4414 3293.756 -3289.627 -3272.9094 -3256.6956 -3240.5823 -3224.6704 -3208.7585 -3193.1487 -3177.6396 -3162.2314 -3146.9238 -3132.019 -3117.0134 -3102.1086 -3087.506 -3073.0042 -3058.4014 -3044.2017 -1114.5355 2235.8184 3299.8992 3299.8992 3299.8992 3299.8992 3299.8992 3299.8992 3299.8992 3299.8992 3299.8992 3299.8992 3299.8992 3299.8992 3299.8992 3299.8992 3299.8992 3297.6836 3281.7717 
-3097.2747 -1177.0752 1642.9504 3299.8992 3299.8992 3299.8992 3299.8992 3299.8992 3299.8992 3299.8992 3299.8992 3299.8992 3299.8992 3299.8992 3299.8992 3299.8992 3297.9858 3282.9802 3268.0754 3253.2715 3238.3667 943.83545 3238.0645 3253.9763 3269.5862 3285.3972 3299.8992 -3284.2896 -3269.284 -3254.2786 -3239.3738 -3224.771 -3210.1685 -3195.6665 -3181.2651 -3167.0654 -3152.9663 -3138.9678 -3125.07 -3111.2732 -3095.5627 -757.3242 1992.4072 3299.8992 3299.8992 3299.8992 3299.8992 3299.8992 3299.8992 3299.8992 3299.8992 3299.8992 3299.8992 3299.8992 3299.8992 3299.8992 3293.6553 3278.7505 3263.9465 3249.1423 3234.3384 219.64417 3236.1511 3251.9622 3267.572 3282.7788 3298.3887 -3286.3037 -3271.298 -3256.2927 -3241.388 -3226.7852 -3212.1826 -3197.6807 -3183.2793 -3169.0796 -3155.081 -3140.8813 -3127.0842 -3113.1865 -3099.4902 -933.96606 1667.7246 3299.8992 3299.8992 3299.8992 3299.8992 3299.8992 3299.8992 3299.8992 3299.8992 3299.8992 3299.8992 3299.8992 3299.8992 3299.8992 3294.3604 3279.4556 3264.6514 3249.8474 3234.8418 -626.70593 3238.971 3254.782 3270.3918 3286.0015 3299.8992 -3283.5845 -3268.4783 -3253.5735 -3238.7695 -3224.0662 -3209.5642 -3194.9614 -3180.7617 -3166.4612 -3152.362 -3138.3635 -3124.4658 -3110.669 -3039.569 -641.4093 2279.1228 3299.8992 3299.8992 3299.8992 3299.8992 3299.8992 3299.8992 3299.8992 3299.8992 3299.8992 3299.8992 3299.8992 3299.8992 3299.8992 3292.044 3277.1392 3262.3352 3247.531 3232.4248 -1936.0107 3239.8772 3255.6885 3271.399 3287.1094 3299.8992 -3282.6782 -3267.572 -3252.7678 -3237.863 -3223.059 -3208.6577 -3194.1558 -3179.8552 -3165.5547 -3151.4556 -3137.5579 -3123.5596 -3109.7625 -2961.1174 -518.2434 2143.5698 3299.8992 3299.8992 3299.8992 3299.8992 3299.8992 3299.8992 3299.8992 3299.8992 3299.8992 3299.8992 3299.8992 3299.8992 3299.8992 3292.8496 3277.9448 3263.04 3248.236 3233.13 -2659.799 3242.1936 3258.1055 3273.715 3289.325 3299.8992 -3280.4626 -3265.3564 -3250.4517 -3235.6475 -3220.944 -3206.4421 -3192.041 -3177.6396 -3163.5405 -3149.4414 -3135.3423 -3121.4446 -3107.849 -2824.5574 -262.54578 2585.4766 3299.8992 3299.8992 3299.8992 3299.8992 3299.8992 3299.8992 3299.8992 3299.8992 3299.8992 3299.8992 3299.8992 3299.8992 3299.8992 3291.1377 3276.4343 3261.4287 3246.7253 
2511.154 546.44165 -1128.7354 -2469.9646 3134.9395 3150.8513 3166.864 3182.4736 3197.5798 3212.8875 3228.0945 3243.3013 3258.307 3273.3123 3288.217 3299.8992 -3282.2754 -3267.874 -3253.2715 -3238.7695 -3224.6704 -1093.3868 3299.8992 3299.8992 3299.8992 3299.8992 3299.8992 3299.8992 3287.3108 3272.6074 3257.904 3242.9993 3228.195 3213.391 3198.587 3183.9844 3169.3816 3154.9805 3140.579 3124.5667 2494.0337 575.8484 -1148.2727 -2601.4893 3134.5366 3150.5493 3165.857 3181.5674 3197.177 3212.384 3227.6917 3242.8984 3258.0046 3273.0103 3287.915 3299.8992 -3282.6782 -3268.0754 -3253.473 -3239.1724 -3224.9724 -436.5692 3299.8992 3299.8992 3299.8992 3299.8992 3299.8992 3298.3887 3283.6853 3268.982 3254.0771 3239.3738 3224.5696 3209.7656 3195.0623 3180.4595 3165.756 3151.4556 3137.155 3120.1355 2292.819 353.3844 -1359.8602 -2699.7803 3134.8389 3150.4485 3166.3604 3181.9702 3197.177 3212.384 3227.5908 3242.8984 3257.8032 3272.9094 3287.7136 3299.8992 -3282.8796 -3268.2769 -3253.6743 -3239.3738 -3225.0732 132.63245 3299.8992 3299.8992 3299.8992 3299.8992 3299.8992 3296.475 3281.5703 3267.0684 3252.2644 3237.4602 3222.5554 3207.852 3193.1487 3178.5461 3163.9434 3149.4414 3135.0403 3116.51 1928.9612 -16.516113 -1584.9426 -2827.6794 3137.9607 3153.6711 3169.6838 3185.092 3200.1982 3215.4053 3230.713 3246.121 3260.9253 3275.83 3290.8354 3299.8992 -3279.8584 -3265.2556 -3250.8545 -3236.4531 -3222.1526 993.4845 3299.8992 3299.8992 3299.8992 3299.8992 3299.8992 3295.8708 3281.6711 3266.9678 3252.1636 3237.3596 3222.5554 3207.852 3193.1487 3178.4453 3163.9434 3149.3408 3134.9395 3115.3015 1962.0941 14.300537 -1554.6295 -2818.0115 3137.0544 3152.9663 3168.9788 3184.4878 3199.4934 3214.9016 3230.1086 3245.2148 3260.321 3275.2258 3290.0298 3299.8992 -3280.4626 -3265.8599 -3251.358 -3237.0574 -3222.8577 1372.9523 3299.8992 3299.8992 3299.8992 3299.8992 3299.8992 3294.2595 3279.3547 3264.7522 3249.948 3235.3455 3220.5413 3205.6365 3190.8325 3176.2297 3161.6272 3147.2258 3132.7239 3108.7554 1758.8654 -173.11707 -1667.3218 -2866.6533 3138.3635 3154.2754 3169.3816 3185.2935 3200.601 3216.0095 3231.2163 3246.4233 3261.4287 3276.3335 3291.2383 3299.8992 -3279.4556 -3264.7522 -3250.2502 -3235.8489 
-2946.9177 -2510.9526 -1243.6432 276.7456 1685.852 3087.2039 3299.8992 3299.8992 3299.8992 3299.8992 3299.8992 3299.8992 3299.8992 3299.8992 3299.8992 3299.8992 3299.8992 3299.8992 3299.8992 3299.8992 3299.8992 2818.6157 -3202.5146 -3186.9048 -3171.2952 -3155.9875 -3140.7805 -3125.7751 -3110.8704 -3096.0662 -3081.5642 -3067.0623 -3052.6611 -3038.562 -3024.362 -3010.3638 -2996.3652 -2982.4675 -2968.9727 -2955.2764 -2941.7815 -2450.7292 -992.3767 482.8949 1888.7787 3251.7607 3299.8992 3299.8992 3299.8992 3299.8992 3299.8992 3299.8992 3299.8992 3299.8992 3299.8992 3299.8992 3299.8992 3299.8992 3299.8992 3299.8992 3299.8992 2609.546 -3200.5005 -3184.4878 -3168.7773 -3153.4697 -3138.3635 -3123.2573 -3108.554 -3093.6492 -3079.0466 -3064.6453 -3050.2441 -3036.145 -3021.945 -3008.0474 -2994.049 -2980.1514 -2966.5557 -2952.9602 -2939.4653 -2191.104 -679.2755 761.65466 2320.816 3299.8992 3299.8992 3299.8992 3299.8992 3299.8992 3299.8992 3299.8992 3299.8992 3299.8992 3299.8992 3299.8992 3299.8992 3299.8992 3299.8992 3299.8992 3299.8992 2309.738 -3203.2195 -3187.1062 -3171.4966 -3156.189 -3141.0828 -3125.9766 -3111.3738 -3096.469 -3081.8665 -3067.2637 -3052.9631 -3038.7634 -3024.5635 -3010.4644 -2996.6675 -2982.8704 -2969.0735 -2955.4778 -2942.0837 -2473.6907 -1090.2649 532.0404 1946.0815 3199.4934 3299.8992 3299.8992 3299.8992 3299.8992 3299.8992 3299.8992 3299.8992 3299.8992 3299.8992 3299.8992 3299.8992 3299.8992 3299.8992 3299.8992 3299.8992 1617.1692 -3194.5586 -3178.8481 -3163.5405 -3148.1323 -3133.1267 -3118.1213 -3103.3171 -3088.6138 -3074.1118 -3059.6099 -3045.3093 -3031.0088 -3016.9097 -3003.1128 -2989.215 -2975.3174 -2961.8225 -2948.2268 -2934.8328 -2204.5989 -603.6438 1017.0502 2405.8135 3299.8992 3299.8992 3299.8992 3299.8992 3299.8992 3299.8992 3299.8992 3299.8992 3299.8992 3299.8992 3299.8992 3299.8992 3299.8992 3299.8992 3299.8992 3299.8992 1059.2468 -3193.35 -3177.6396 -3162.332 -3147.0244 -3131.9182 -3116.9128 -3102.1086 -3087.506 -3072.9033 -3058.6028 -3044.2017 -3029.9011 -3015.9026 -3002.005 -2988.1072 -2974.3103 -2960.7146 -2947.1191 -2933.6243 -1965.0146 -232.93762 1327.8351 2759.5 3299.8992 3299.8992 3299.8992 3299.8992 3299.8992 3299.8992 3299.8992 3299.8992 3299.8992 3299.8992 3299.8992 3299.8992 3299.8992 3299.8992 3299.8992 
2069.046 592.6666 -705.1575 -1651.3092 -2535.8276 3296.878 3098.4832 3115.2007 3131.7168 3148.1323 3164.5476 3180.7617 3196.9756 3213.0889 3228.9001 3244.9126 3260.5225 3276.3335 3291.8425 3299.8992 -3277.1392 -1278.186 3299.8992 3299.8992 3294.3604 3279.2542 3263.9465 3248.639 3233.5327 3217.52 3202.5146 3187.207 3171.7986 3156.491 3141.2842 3126.178 3111.1724 3096.3684 3079.4495 2898.7793 1800.0549 261.7401 -938.2965 -1858.3649 -2707.1318 3206.9458 3106.2378 3122.9553 3139.4714 3155.7861 3172.2014 3188.3147 3204.5288 3220.5413 3236.3525 3252.2644 3267.9749 3283.5845 3299.1943 -3285.3972 -3270.0896 -816.2384 3299.8992 3299.8992 3298.892 3283.786 3268.4783 3253.1707 3237.863 3221.8506 3206.6436 3191.4368 3176.1292 3160.8215 3145.413 3130.4077 3115.402 3100.3967 3085.089 2960.3118 1760.9802 307.56226 -963.6749 -1876.4923 -2632.0037 3233.432 3109.6619 3126.3794 3142.694 3159.3108 3175.7263 3191.7388 3207.7515 3223.8647 3239.6758 3255.5876 3271.399 3287.0085 3299.8992 -3282.074 -3266.6655 -161.53564 3299.8992 3299.8992 3298.7915 3283.5845 3268.2769 3252.8687 3237.6616 3221.6492 3206.543 3191.1345 3175.7263 3160.5193 3145.2117 3130.005 3114.8987 3100.1953 3084.6863 2908.2458 1661.5814 150.9613 -1025.4089 -1811.4349 -2592.627 -3204.7302 3110.1653 3126.7822 3143.2983 3159.8145 3176.1292 3192.343 3208.3557 3224.3682 3240.28 3255.9905 3271.8018 3287.4114 3299.8992 -3281.5703 -3266.2627 238.37585 3299.8992 3299.8992 3297.0793 3281.7717 3266.464 3251.2573 3235.8489 3219.8364 3204.7302 3189.4226 3174.115 3158.8074 3143.6003 3128.2927 3113.4888 3098.4832 3083.075 2959.607 1726.9409 302.52686 -876.05896 -1831.3751 -2666.3452 3228.4973 3107.6477 3124.3652 3140.982 3157.2966 3173.7122 3190.0269 3206.0393 3221.9512 3237.9639 3253.775 3269.4854 3285.1958 3299.8992 -3283.8867 -3268.4783 484.40552 3299.8992 3299.8992 3293.6553 3278.3477 3262.9395 3247.7324 3232.3242 3216.4124 3201.4067 3186.099 3170.691 3155.3833 3140.277 3125.171 3110.0647 3095.3613 3079.651 2857.2876 1598.5382 167.276 -1058.4412 -1949.707 -2799.2798 3188.617 3108.4534 3125.07 3141.5862 3157.901 3174.417 3190.5303 3206.543 3222.6562 3238.568 3254.3792 3269.989 3285.6995 3299.8992 -3283.1816 
-1261.972 -730.4352 -321.25854 -77.34375 186.91406 439.18762 774.8474 1786.56 3235.5469 3299.8992 3299.8992 3299.8992 3299.8992 3299.8992 3299.8992 3299.8992 3299.8992 3299.8992 3299.8992 3299.8992 3299.8992 1863.2996 -603.4424 -2363.919 -3138.565 -3123.6602 -3108.8562 -3094.2534 -3079.651 -3065.451 -3051.0498 -3036.8499 -3022.8516 -3008.9539 -2995.1567 -2981.4604 -2898.7793 -2498.6663 -1918.4875 -1371.6431 -758.0292 -231.72913 -136.05652 69.992065 183.99353 377.05078 797.1039 2082.5408 3299.8992 3299.8992 3299.8992 3299.8992 3299.8992 3299.8992 3299.8992 3299.8992 3299.8992 3299.8992 3299.8992 3299.8992 3299.8992 1389.267 -1066.9006 -2732.5103 -3141.3848 -3126.3794 -3111.676 -3096.9727 -3082.3699 -3068.2708 -3053.9702 -3039.7705 -3025.6714 -3011.8743 -2997.9766 -2984.4817 -2711.4624 -2323.1323 -1941.5497 -1528.949 -1050.2838 -604.7516 -407.66602 -138.47351 234.24683 563.7634 1055.1178 2235.5164 3299.8992 3299.8992 3299.8992 3299.8992 3299.8992 3299.8992 3299.8992 3299.8992 3299.8992 3299.8992 3299.8992 3299.8992 3299.8992 1476.3794 -919.4641 -2746.7102 -3144.406 -3129.5012 -3114.7979 -3100.0945 -3085.5925 -3071.1914 -3056.8909 -3042.7917 -3028.6926 -3014.795 -3000.9978 -2987.201 -2850.7415 -2538.1438 -2000.3632 -1535.2936 -1192.1814 -772.229 -427.80762 -130.11475 206.95496 462.14905 913.82446 2163.8123 3299.8992 3299.8992 3299.8992 3299.8992 3299.8992 3299.8992 3299.8992 3299.8992 3299.8992 3299.8992 3299.8992 3299.8992 3299.8992 990.0604 -1304.9744 -2874.9114 -3136.853 -3121.9482 -3107.144 -3092.642 -3078.1401 -3063.739 -3049.539 -3035.5408 -3021.4417 -3007.544 -2993.8477 -2979.95 -2575.5066 -2094.0215 -1703.0731 -1218.4662 -705.661 -308.77075 30.81665 334.14917 560.23865 740.4053 1246.1609 2568.2556 3299.8992 3299.8992 3299.8992 3299.8992 3299.8992 3299.8992 3299.8992 3299.8992 3299.8992 3299.8992 3299.8992 3299.8992 3299.8992 725.2991 -1602.3651 -3161.9292 -3146.823 -3131.8176 -3117.0134 -3102.411 -3087.909 -3073.6084 -3059.3079 -3045.2087 -3031.2102 -3017.212 -3003.4148 -2989.7185 -2925.6682 -2677.2217 -2235.1135 -1617.9749 -944.7418 -410.68726 -130.41687 213.60168 437.4756 592.76733 1211.2152 2669.3665 3299.8992 3299.8992 3299.8992 3299.8992 3299.8992 3299.8992 3299.8992 3299.8992 3299.8992 3299.8992 3299.8992 3299.8992 

18.73169 18.73169 18.73169 18.73169 18.73169 18.73169 18.73169 18.73169 18.73169 18.73169 18.73169 18.73169 18.73169 18.73169 18.73169 18.73169 18.73169 18.73169 18.73169 18.73169 -11.279297 -4.9346924 -2.1148682 11.480713 18.429565 42.90161 42.800903 30.615234 23.565674 18.429565 -27.593994 -53.375244 -39.578247 -16.516113 -20.846558 -34.94568 -35.34851 -24.77417 -12.588501 -12.689209 -12.689209 -12.689209 -12.689209 -12.689209 -12.689209 -12.689209 -12.689209 -12.689209 -12.689209 -12.689209 -12.689209 -12.689209 -12.689209 -12.689209 -12.689209 -12.689209 -12.689209 -12.689209 -12.689209 -12.689209 -12.689209 -12.689209 -12.689209 -12.689209 -12.689209 -12.689209 -12.689209 -12.689209 -12.689209 -12.689209 -12.689209 -12.689209 -12.689209 -12.689209 -12.689209 -12.689209 -12.689209 -12.689209 -12.689209 -12.689209 -13.293457 -64.55383 -55.59082 -23.867798 -2.5177002 18.630981 -16.113281 -55.792236 -85.198975 -64.35242 -54.68445 -56.295776 -77.948 -70.79773 -63.74817 -18.73169 12.588501 13.897705 -37.96692 -51.663208 -31.622314 -13.696289 2.2155762 -4.2297363 -5.6396484 1.3092041 7.9559326 9.063721 14.804077 18.328857 6.3446045 6.0424805 -2.1148682 -18.630981 -31.622314 -35.650635 -29.80957 -30.615234 -29.910278 -24.472046 -14.401245 -9.567261 3.2226562 9.869385 -3.4240723 -12.387085 -22.961426 -29.80957 -26.989746 -0.60424805 -7.9559326 -6.9488525 -2.2155762 -3.6254883 4.9346924 19.436646 4.4311523 -12.487793 -40.88745 3.9276123 3.9276123 3.9276123 3.9276123 3.9276123 3.9276123 3.9276123 3.9276123 3.9276123 3.9276123 3.9276123 3.9276123 3.9276123 3.9276123 3.9276123 3.9276123 3.9276123 3.9276123 3.9276123 3.9276123 3.9276123 3.9276123 3.9276123 3.9276123 3.9276123 3.9276123 3.9276123 3.9276123 3.9276123 3.9276123 3.9276123 3.9276123 3.9276123 3.9276123 3.9276123 3.9276123 3.9276123 3.9276123 3.9276123 3.9276123 3.9276123 -7.7545166 -0.50354004 -0.10070801 -7.5531006 -9.567261 9.466553 30.31311 26.184082 10.372925 16.314697 2.9205322 -31.723022 -14.401245 -19.537354 -26.083374 -40.786743 -30.715942 -12.890625 -0.80566406 -12.387085 
-21.551514 -21.551514 -17.926025 -21.75293 -22.558594 -38.36975 -41.592407 -1.7120361 -3.6254883 -13.595581 -15.106201 -17.422485 -15.911865 6.4453125 7.3516846 -14.199829 -20.24231 -8.157349 -17.523193 10.272217 23.162842 29.507446 29.30603 26.486206 25.982666 14.602661 2.0141602 17.523193 18.530273 18.933105 18.530273 11.178589 1.7120361 1.2084961 2.7191162 2.0141602 -1.1077881 2.7191162 -2.3162842 -2.7191162 -4.8339844 -2.3162842 3.2226562 16.21399 31.622314 45.52002 46.829224 41.39099 56.69861 45.41931 59.921265 69.58923 79.055786 98.49243 111.78589 137.66785 157.50732 143.71033 92.55066 67.17224 62.64038 62.23755 72.006226 80.667114 82.37915 50.958252 15.307617 -17.120361 -41.89453 -44.110107 -27.896118 -10.473633 3.9276123 35.95276 68.68286 76.94092 48.54126 25.076294 26.385498 28.097534 -13.092041 -45.217896 -45.117188 -20.141602 6.6467285 23.867798 -3.0212402 -38.571167 -68.88428 -96.37756 -128.50342 -136.15723 -127.29492 -130.51758 -150.75989 -141.29333 -126.79138 -104.23279 -118.13049 -114.80713 -86.00464 -58.10852 -16.21399 7.7545166 16.818237 4.5318604 3.8269043 -1.5106201 -16.918945 -23.968506 -28.097534 -45.41931 -51.461792 -53.375244 -47.634888 -47.43347 -40.686035 -27.29187 -24.673462 -15.509033 -20.040894 -6.8481445 -8.761597 -3.7261963 -5.0354004 -6.9488525 -3.5247803 4.5318604 -0.10070801 11.782837 15.408325 20.141602 26.586914 24.77417 24.472046 42.700195 49.850464 57.000732 36.254883 71.60339 73.516846 74.72534 82.88269 62.036133 47.53418 33.535767 51.05896 56.295776 59.317017 47.634888 55.389404 65.86304 83.99048 111.68518 121.25244 121.85669 134.14307 143.10608 171.80786 169.693 162.03918 136.45935 91.94641 52.06604 10.675049 -28.198242 -60.424805 -91.54358 -102.21863 -111.483765 -132.0282 -150.45776 -144.01245 -122.76306 -97.283936 -71.20056 -54.68445 -42.095947 -44.91577 -71.40198 -92.85278 -88.52234 -54.18091 -15.106201 17.825317 43.606567 45.01648 16.012573 -12.487793 -50.958252 -76.135254 -102.822876 -83.688354 -96.98181 -119.74182 -142.40112 -131.22253 -105.74341 -77.041626 -63.345337 
3265.457 3260.5225 3277.6428 3294.7632 -3288.6199 -3272.3052 -3256.2927 -3240.1794 -3224.1667 -3208.4563 -3192.8467 -3177.2368 -3161.8286 -3146.7224 -3131.6162 -3116.7114 -3102.008 -3087.3047 -3072.702 -3058.2 -3044.0002 -903.1494 2275.4973 3299.8992 3299.8992 3299.8992 3299.8992 3299.8992 3299.8992 3299.8992 3299.8992 3299.8992 3299.8992 3299.8992 3299.8992 3299.8992 3299.8992 3299.8992 3296.6765 3280.664 3264.2485 3262.3352 3279.4556 3295.9717 -3287.5122 -3270.996 -3254.5806 -3238.568 -3222.6562 -3206.845 -3191.2354 -3175.6255 -3160.4187 -3145.111 -3130.1055 -3115.1 -3100.3967 -3085.6934 -3071.0906 -3056.6895 -3040.6768 -635.97107 2533.4106 3299.8992 3299.8992 3299.8992 3299.8992 3299.8992 3299.8992 3299.8992 3299.8992 3299.8992 3299.8992 3299.8992 3299.8992 3299.8992 3299.8992 3299.8992 3295.468 3279.657 3262.8386 3263.6443 3281.067 3297.3816 -3286.1023 -3269.4854 -3253.1707 -3237.1582 -3221.1455 -3205.3345 -3189.7246 -3174.2156 -3159.0088 -3143.8018 -3128.6956 -3113.7908 -3098.9868 -3084.384 -3069.7815 -3055.3801 -3006.2346 -449.76196 2747.113 3299.8992 3299.8992 3299.8992 3299.8992 3299.8992 3299.8992 3299.8992 3299.8992 3299.8992 3299.8992 3299.8992 3299.8992 3299.8992 3299.8992 3299.8992 3294.7632 3278.7505 3261.6301 3265.7593 3282.376 3299.4963 -3283.9873 -3267.7734 -3251.5593 -3235.6475 -3219.8364 -3204.0251 -3188.214 -3172.9065 -3157.5989 -3142.4927 -3127.487 -3112.4817 -3097.6775 -3082.974 -3068.573 -3054.071 -2970.584 -516.5314 2689.1052 3299.8992 3299.8992 3299.8992 3299.8992 3299.8992 3299.8992 3299.8992 3299.8992 3299.8992 3299.8992 3299.8992 3299.8992 3299.8992 3299.8992 3299.8992 3296.7773 3280.8655 3241.5894 3270.0896 3287.4114 3299.8992 -3279.7576 -3263.2415 -3246.9268 -3230.9143 -3215.0024 -3199.292 -3183.6821 -3168.274 -3153.067 -3137.86 -3122.8545 -3107.9497 -3093.2463 -3078.6438 -3064.1418 -3049.7405 -2720.6267 -139.88342 3059.1064 3299.8992 3299.8992 3299.8992 3299.8992 3299.8992 3299.8992 3299.8992 3299.8992 3299.8992 3299.8992 3299.8992 3299.8992 3299.8992 3299.8992 3299.8992 3296.9788 3280.966 
3231.4177 3227.2888 3243.704 3259.5154 3275.0244 3290.7349 3299.8992 -3278.952 -3263.9465 -3249.0417 -3234.2375 -3219.635 -3205.2336 -3190.631 -3176.4312 -3162.2314 -3148.0315 -3134.0332 -3120.236 -3106.5398 -2712.57 -309.07288 2515.988 3299.8992 3299.8992 3299.8992 3299.8992 3299.8992 3299.8992 3299.8992 3299.8992 3299.8992 3299.8992 3299.8992 3299.8992 3299.8992 3292.6482 3277.8442 3262.9395 3248.1353 3232.727 3230.8135 3247.3296 3263.04 3278.549 3293.756 3299.8992 -3275.5278 -3260.623 -3245.6177 -3230.9143 -3216.3115 -3201.709 -3187.3076 -3173.007 -3158.908 -3144.8088 -3130.9111 -3117.0134 -3103.3171 -2578.7292 42.095947 2762.4207 3299.8992 3299.8992 3299.8992 3299.8992 3299.8992 3299.8992 3299.8992 3299.8992 3299.8992 3299.8992 3299.8992 3299.8992 3299.8992 3292.6482 3277.7434 3262.9395 3248.1353 3232.2234 3234.137 3249.948 3265.6584 3281.1675 3296.475 -3288.0156 -3272.9094 -3258.0046 -3243.0999 -3228.3965 -3213.693 -3199.292 -3184.8906 -3170.59 -3156.3904 -3142.3918 -3128.4941 -3114.6973 -3100.9001 -2507.3271 234.75037 2903.6133 3299.8992 3299.8992 3299.8992 3299.8992 3299.8992 3299.8992 3299.8992 3299.8992 3299.8992 3299.8992 3299.8992 3299.8992 3299.8992 3293.3533 3278.4485 3263.5437 3248.7395 3224.6704 3237.2588 3252.9692 3268.6797 3284.2896 3299.3958 -3285.0952 -3269.989 -3255.0842 -3240.1794 -3225.3752 -3210.8733 -3196.3713 -3181.9702 -3167.7703 -3153.5706 -3139.572 -3125.6743 -3111.7766 -3098.0803 -2218.5974 605.8594 3183.5815 3299.8992 3299.8992 3299.8992 3299.8992 3299.8992 3299.8992 3299.8992 3299.8992 3299.8992 3299.8992 3299.8992 3299.8992 3299.8992 3292.2454 3277.4414 3262.5366 3247.6318 3075.7231 3238.1653 3253.8757 3269.8882 3285.3972 3299.8992 -3284.1887 -3268.982 -3254.0771 -3239.273 -3224.5696 -3209.967 -3195.465 -3181.0637 -3166.864 -3152.664 -3138.7664 -3124.768 -3110.971 -3097.3755 -1964.7125 573.8342 3173.7122 3299.8992 3299.8992 3299.8992 3299.8992 3299.8992 3299.8992 3299.8992 3299.8992 3299.8992 3299.8992 3299.8992 3299.8992 3299.8992 3292.5476 3277.6428 3262.738 3247.9338 
-3221.6492 1990.5945 3299.8992 3299.8992 3299.8992 3299.8992 3299.8992 3292.3462 3277.9448 3263.3423 3248.639 3233.8347 3218.93 3204.2266 3189.624 3175.0212 3160.4187 3146.0173 3131.6162 3105.13 1662.8906 -164.05334 -1702.8717 -2990.3228 3137.9607 3153.5706 3168.9788 3184.79 3200.299 3215.6067 3230.8135 3245.9197 3260.9253 3275.9307 3290.8354 3299.8992 -3279.7576 -3265.155 -3250.7537 -3236.3525 -3222.1526 2693.5364 3299.8992 3299.8992 3299.8992 3299.8992 3299.8992 3289.627 3274.7222 3260.1196 3245.4163 3230.612 3215.7073 3201.004 3186.4014 3171.7986 3157.2966 3142.8955 3128.4941 2944.1985 1231.1554 -558.2245 -2027.4536 -3239.6758 3141.4856 3157.2966 3173.108 3188.7175 3203.7231 3218.93 3234.137 3249.2432 3264.2485 3279.2542 3294.058 -3291.1377 -3276.6357 -3262.033 -3247.6318 -3233.13 -3164.8499 3173.3093 3299.8992 3299.8992 3299.8992 3299.8992 3299.8992 3291.0369 3276.233 3261.5295 3246.8262 3232.1228 3217.218 3202.4138 3187.8113 3173.2085 3158.606 3144.2046 3129.8035 2747.6165 1065.4907 -675.95215 -2109.5305 -3251.4587 3145.413 3161.325 3176.6326 3192.343 3207.953 3223.059 3238.2659 3253.372 3268.3777 3283.2825 3297.885 -3287.1094 -3272.5066 -3258.0046 -3243.5027 -3229.303 -2929.596 3299.8992 3299.8992 3299.8992 3299.8992 3299.8992 3299.8992 3292.044 3277.1392 3262.5366 3247.6318 3232.727 3217.9229 3203.2195 3188.516 3173.9136 3159.4116 3145.111 3130.6091 2876.825 1234.6802 -554.599 -2033.0933 -3234.6404 3144.3054 3160.1165 3175.2227 3191.034 3206.543 3221.7498 3237.0574 3252.1636 3267.1692 3281.9731 3296.7773 -3288.5193 -3273.816 -3259.2131 -3244.812 -3230.5115 -2534.1155 3299.8992 3299.8992 3299.8992 3299.8992 3299.8992 3299.8992 3287.915 3273.5137 3258.8103 3244.107 3229.2021 3214.3982 3199.7954 3185.1929 3170.4895 3155.9875 3141.687 3127.185 2740.567 874.2462 -840.2069 -2248.709 3130.005 3145.6145 3161.4258 3176.6326 3192.4438 3207.852 3223.1597 3238.2659 3253.2715 3268.2769 3283.1816 3297.9858 -3287.21 -3272.6074 -3258.0046 -3243.6035 -3229.303 
3299.8992 487.42676 -3196.3713 -3180.359 -3164.8499 -3149.5422 -3134.5366 -3119.4304 -3104.6265 -3090.0237 -3075.4211 -3061.0198 -3046.7192 -3032.4187 -3018.4204 -3004.3213 -2990.5242 -2976.7273 -2963.031 -2949.4353 -2936.0413 -2155.4534 -595.58716 962.86926 2443.579 3299.8992 3299.8992 3299.8992 3299.8992 3299.8992 3299.8992 3299.8992 3299.8992 3299.8992 3299.8992 3299.8992 3299.8992 3299.8992 3299.8992 3299.8992 3299.8992 74.523926 -3191.336 -3175.3235 -3159.915 -3144.6074 -3129.602 -3114.5964 -3099.7925 -3085.2905 -3070.5872 -3056.1858 -3041.986 -3027.6855 -3013.687 -2999.7893 -2985.8916 -2972.0947 -2958.499 -2945.0042 -2888.809 -1687.0605 -157.30591 1317.7643 2671.3806 3299.8992 3299.8992 3299.8992 3299.8992 3299.8992 3299.8992 3299.8992 3299.8992 3299.8992 3299.8992 3299.8992 3299.8992 3299.8992 3299.8992 3299.8992 3299.8992 -770.6177 -3189.926 -3174.417 -3159.1094 -3143.9026 -3128.897 -3113.8916 -3099.1882 -3084.4849 -3069.882 -3055.5815 -3041.281 -3027.0813 -3013.0828 -2999.0845 -2985.2874 -2971.3896 -2957.8948 -2944.5007 -2926.6753 -1589.2731 3.7261963 1501.7578 2893.9453 3299.8992 3299.8992 3299.8992 3299.8992 3299.8992 3299.8992 3299.8992 3299.8992 3299.8992 3299.8992 3299.8992 3299.8992 3299.8992 3299.8992 3299.8992 3299.8992 -1232.4646 -3190.3289 -3174.8198 -3159.5122 -3144.3054 -3129.2998 -3114.395 -3099.591 -3084.8877 -3070.285 -3055.9844 -3041.6838 -3027.5847 -3013.385 -2999.3865 -2985.6902 -2971.8933 -2958.197 -2944.8027 -2895.6572 -1586.7554 -106.54907 1328.6407 2842.987 3299.8992 3299.8992 3299.8992 3299.8992 3299.8992 3299.8992 3299.8992 3299.8992 3299.8992 3299.8992 3299.8992 3299.8992 3299.8992 3299.8992 3299.8992 3299.8992 -1831.073 -3187.207 -3171.2952 -3155.9875 -3140.7805 -3125.6743 -3110.7695 -3095.8647 -3081.3628 -3066.9617 -3052.5603 -3038.2598 -3024.1606 -3010.1624 -2996.1638 -2982.367 -2968.6707 -2955.075 -2941.4795 -2889.3127 -1716.3666 -156.60095 1265.3961 2665.5396 3299.8992 3299.8992 3299.8992 3299.8992 3299.8992 3299.8992 3299.8992 3299.8992 3299.8992 3299.8992 3299.8992 3299.8992 3299.8992 3299.8992 3299.8992 
-3267.874 1166.7023 3299.8992 3299.8992 3290.7349 3275.3264 3260.1196 3244.7112 3229.605 3213.5925 3198.3855 3183.2793 3167.871 3152.5635 3137.3564 3122.2502 3107.2449 3092.34 3074.3132 2651.541 1237.7014 -156.60095 -1273.5535 -2083.6487 -2871.1853 3095.059 3111.978 3128.6956 3145.111 3161.5264 3177.942 3194.0552 3210.0676 3226.181 3241.9922 3257.7026 3273.3123 3289.0227 3299.8992 -3279.8584 -3210.6719 1583.6334 3299.8992 3299.8992 3291.8425 3276.535 3261.2273 3245.9197 3230.713 3214.4988 3199.3926 3184.1858 3168.7773 3153.5706 3138.4644 3123.1567 3108.4534 3093.3472 3075.119 2638.2476 1247.6715 -125.68359 -1244.3481 -2078.6133 -2838.455 3095.7642 3112.5823 3129.4006 3145.816 3162.1306 3178.5461 3194.6594 3210.6719 3226.7852 3242.5964 3258.307 3274.118 3289.8284 3299.8992 -3279.4556 -3050.3447 1974.7833 3299.8992 3299.8992 3290.332 3274.823 3259.5154 3244.3083 3229.0007 3212.9883 3197.882 3182.675 3167.2668 3151.9592 3136.7522 3121.646 3106.842 3091.8364 3073.2056 2513.4705 1019.87 -288.1256 -1371.4417 -2318.4998 -3110.568 3099.7925 3116.51 3133.2275 3149.7437 3166.0583 3182.373 3198.4863 3214.5996 3230.5115 3246.4233 3262.1338 3277.8442 3293.4539 -3291.0369 -3275.6287 -2782.8643 2553.8542 3299.8992 3299.8992 3290.8354 3275.5278 3260.2202 3244.9126 3229.605 3213.5925 3198.4863 3183.078 3167.871 3152.5635 3137.3564 3122.2502 3107.2449 3092.4407 3074.9175 2660.8062 1226.9257 -110.17456 -1266.806 -2165.7256 -2963.2324 3096.167 3112.8845 3129.5012 3146.0173 3162.4329 3178.7476 3194.8608 3211.0747 3226.886 3242.7979 3258.7097 3274.5208 3290.0298 3299.8992 -3279.0527 -2468.051 3002.71 3299.8992 3299.8992 3284.793 3269.4854 3254.2786 3238.971 3223.6633 3207.7515 3192.6453 3177.3376 3162.1306 3146.823 3131.6162 3116.6106 3101.7058 3086.801 3065.9546 2241.8608 730.03235 -611.0962 -1567.5201 -2318.4998 -3045.813 3099.893 3116.51 3133.3281 3149.7437 3166.159 3182.373 3198.4863 3214.5996 3230.5115 3246.3225 3262.2344 3277.8442 3293.5547 -3291.1377 -3275.7292 
3154.9805 554.4983 -1481.1127 -3156.6924 -3143.1975 -3128.2927 -3113.4888 -3098.9868 -3084.4849 -3070.0835 -3055.8838 -3041.6838 -3027.5847 -3013.687 -3000.0916 -2986.1938 -2774.6062 -2305.005 -1825.3326 -1305.2765 -817.6483 -347.1405 -137.36572 45.822144 336.969 580.48096 1208.8989 2780.951 3299.8992 3299.8992 3299.8992 3299.8992 3299.8992 3299.8992 3299.8992 3299.8992 3299.8992 3299.8992 3299.8992 3299.8992 3010.5652 298.90137 -1753.3264 -3156.9946 -3141.989 -3127.0842 -3112.2803 -3097.7783 -3083.2764 -3068.9758 -3054.776 -3040.5762 -3026.477 -3012.68 -2998.883 -2984.9854 -2639.7583 -2166.7327 -1773.6694 -1343.4448 -750.17395 -600.2197 -491.45508 -255.89905 125.88501 487.72888 1221.8903 2735.733 3299.8992 3299.8992 3299.8992 3299.8992 3299.8992 3299.8992 3299.8992 3299.8992 3299.8992 3299.8992 3299.8992 3299.8992 2790.619 30.615234 -1891.9006 -3149.24 -3134.2346 -3119.4304 -3104.5256 -3090.0237 -3075.7231 -3061.322 -3047.223 -3032.9224 -3019.0247 -3005.127 -2991.5312 -2975.6194 -2681.7534 -2338.742 -1934.5001 -1227.7313 -525.5951 18.127441 172.81494 371.81396 615.2252 829.53186 1567.6208 3092.8435 3299.8992 3299.8992 3299.8992 3299.8992 3299.8992 3299.8992 3299.8992 3299.8992 3299.8992 3299.8992 3299.8992 3299.8992 2704.01 -41.290283 -1948.5992 -3156.6924 -3141.5862 -3126.6814 -3111.8774 -3097.2747 -3082.7727 -3068.4722 -3054.2725 -3040.274 -3026.1748 -3012.378 -2998.6816 -2984.1797 -2678.7322 -2078.6133 -1597.7325 -1302.1545 -831.2439 -502.73438 -224.67957 137.26501 403.13416 722.57996 1593.2007 3156.6924 3299.8992 3299.8992 3299.8992 3299.8992 3299.8992 3299.8992 3299.8992 3299.8992 3299.8992 3299.8992 3299.8992 3299.8992 2615.2861 -176.44043 -2006.3049 -3156.8938 -3141.8884 -3127.185 -3112.2803 -3097.7783 -3083.377 -3068.9758 -3054.776 -3040.6768 -3026.6785 -3012.7808 -2999.0845 -2985.2874 -2719.4182 -2388.4917 -1994.7235 -1379.8004 -893.985 -674.84436 -410.28442 -83.08411 293.46313 699.5178 1665.0055 3218.1243 3299.8992 3299.8992 3299.8992 3299.8992 3299.8992 3299.8992 3299.8992 3299.8992 3299.8992 3299.8992 3299.8992 3299.8992 

-23.666382 -14.602661 -12.689209 -10.473633 -10.876465 -11.380005 -15.307617 -9.768677 -4.7332764 -5.5389404 6.7474365 -2.5177002 6.4453125 6.6467285 17.422485 22.558594 14.300537 3.3233643 -2.3162842 -0.70495605 -0.70495605 -0.70495605 -0.70495605 -0.70495605 -0.70495605 -0.70495605 -0.70495605 -0.70495605 -0.70495605 -0.70495605 -0.70495605 -0.70495605 -0.70495605 -0.70495605 -0.70495605 -0.70495605 -0.70495605 -0.70495605 -0.70495605 -0.70495605 8.157349 16.71753 15.206909 0.50354004 -29.003906 -32.32727 -32.32727 -23.666382 -31.018066 -50.253296 -58.309937 -46.02356 -50.958252 -46.627808 -30.715942 -13.494873 -23.565674 -27.29187 -14.099121 -11.581421 -28.29895 -23.666382 11.077881 19.940186 22.659302 12.185669 14.703369 42.39807 114.20288 172.10999 158.91724 103.22571 69.08569 59.61914 45.92285 23.76709 -25.680542 -62.841797 -70.69702 -71.502686 -54.483032 -26.889038 -45.92285 -112.490845 -131.52466 -108.56323 -69.79065 -30.413818 -14.401245 -30.715942 -35.549927 6.5460205 48.239136 76.23596 73.11401 71.20056 74.42322 90.13367 102.420044 88.42163 88.42163 88.42163 88.42163 88.42163 88.42163 88.42163 88.42163 88.42163 88.42163 88.42163 88.42163 88.42163 88.42163 88.42163 88.42163 88.42163 88.42163 88.42163 88.42163 88.42163 7.3516846 13.998413 0.60424805 -16.516113 -23.968506 -41.793823 -40.585327 -19.436646 0.40283203 8.660889 27.191162 35.046387 47.634888 50.253296 37.765503 26.486206 25.177002 18.630981 -3.6254883 -62.942505 -99.09668 -81.7749 -71.90552 -61.935425 -53.07312 -26.78833 0.30212402 -2.0141602 12.387085 8.963013 13.696289 29.80957 37.765503 38.87329 31.521606 7.9559326 10.775757 12.991333 29.608154 11.782837 -33.132935 -62.13684 -57.60498 -17.825317 26.083374 44.110107 58.410645 88.32092 88.32092 70.3949 62.64038 42.095947 12.487793 -4.7332764 5.0354004 -5.7403564 -24.572754 -4.3304443 29.910278 20.947266 -18.127441 -68.17932 -82.37915 -72.71118 -29.507446 5.4382324 14.199829 15.206909 34.744263 55.69153 34.744263 2.9205322 15.609741 18.933105 -57.806396 -135.95581 -152.06909 -132.43103 -134.24377 -111.38306 
-56.09436 -45.117188 -33.33435 -24.169922 -20.645142 -20.141602 -18.832397 -8.761597 2.3162842 7.6538086 19.73877 20.141602 24.069214 17.623901 20.74585 21.551514 19.638062 21.450806 26.184082 24.874878 8.862305 27.090454 25.680542 25.479126 24.572754 21.450806 30.111694 20.141602 15.005493 18.933105 21.047974 21.350098 13.998413 0.9063721 2.8198242 7.3516846 2.5177002 -4.6325684 3.4240723 14.300537 -3.8269043 -0.9063721 7.8552246 5.6396484 8.358765 3.1219482 -1.6113281 9.567261 22.25647 38.168335 43.103027 29.003906 16.71753 11.984253 2.9205322 7.8552246 10.876465 17.120361 20.74585 25.982666 30.615234 38.87329 55.792236 45.117188 48.94409 54.0802 45.01648 54.785156 72.509766 77.948 79.156494 50.756836 82.9834 131.62537 144.11316 129.91333 124.37439 134.34448 126.28784 118.33191 143.81104 191.64734 212.89673 205.0415 174.7284 120.44678 92.34924 89.02588 76.94092 63.446045 28.399658 -18.127441 -27.896118 -37.86621 -117.526245 -213.09814 -262.64648 -299.80774 -299.90845 -279.1626 -254.58984 -234.24683 -229.11072 -237.16736 -227.80151 -196.98486 -168.28308 -140.18555 -123.16589 -111.18164 -105.944824 -99.90234 -85.29968 -60.12268 -57.10144 -55.08728 -44.815063 -31.521606 -27.191162 -31.018066 -26.687622 -22.055054 -11.380005 -13.595581 -11.077881 0.80566406 3.9276123 13.998413 18.73169 29.205322 33.737183 37.261963 44.91577 36.557007 33.132935 29.910278 29.003906 28.500366 30.81665 35.650635 28.500366 21.047974 48.54126 68.58215 76.538086 84.695435 94.06128 66.76941 52.871704 53.07312 60.525513 67.17224 61.331177 69.58923 64.151 77.948 85.60181 90.43579 95.87402 89.93225 75.027466 75.22888 62.74109 51.965332 63.24463 56.09436 11.782837 -24.069214 -32.730103 -27.090454 -21.148682 -45.620728 -96.47827 -137.56714 -123.16589 -97.38464 -62.13684 -51.864624 -33.233643 -34.039307 -27.090454 -12.185669 31.723022 57.60498 77.34375 79.45862 40.786743 21.148682 38.36975 59.317017 66.26587 83.88977 101.916504 92.85278 55.288696 43.203735 23.26355 -20.645142 -50.454712 -87.01172 
2891.1255 3273.2117 3289.9292 -3292.8496 -3276.3335 -3260.2202 -3244.3083 -3228.296 -3212.384 -3196.6736 -3181.1646 -3165.756 -3150.4485 -3135.443 -3120.337 -3105.5327 -3090.7288 -3076.2268 -3061.7249 -3047.4243 -2663.9282 80.76782 3237.4602 3299.8992 3299.8992 3299.8992 3299.8992 3299.8992 3299.8992 3299.8992 3299.8992 3299.8992 3299.8992 3299.8992 3299.8992 3299.8992 3299.8992 3299.8992 3297.4822 3281.4697 2408.432 3276.4343 3293.3533 -3290.4326 -3273.816 -3257.4004 -3241.0857 -3225.0732 -3209.262 -3193.5515 -3178.0425 -3162.6343 -3147.4272 -3132.321 -3117.4163 -3102.5115 -3087.909 -3073.3062 -3058.905 -3044.403 -2538.748 391.2506 3299.8992 3299.8992 3299.8992 3299.8992 3299.8992 3299.8992 3299.8992 3299.8992 3299.8992 3299.8992 3299.8992 3299.8992 3299.8992 3299.8992 3299.8992 3299.8992 3296.9788 3280.966 1643.3533 3278.1462 3295.5688 -3288.217 -3271.8018 -3255.3862 -3239.0715 -3223.059 -3207.2478 -3191.6382 -3176.0283 -3160.7207 -3145.514 -3130.5083 -3115.503 -3100.6987 -3085.9954 -3071.3928 -3056.9915 -3042.691 -2061.795 992.4774 3299.8992 3299.8992 3299.8992 3299.8992 3299.8992 3299.8992 3299.8992 3299.8992 3299.8992 3299.8992 3299.8992 3299.8992 3299.8992 3299.8992 3299.8992 3299.8992 3293.2524 3277.24 747.45483 3277.7434 3294.159 -3288.8213 -3272.3052 -3256.192 -3240.28 -3224.3682 -3208.5571 -3192.8467 -3177.2368 -3162.03 -3146.7224 -3131.6162 -3116.6106 -3101.8066 -3087.2039 -3072.5005 -3058.0994 -3043.8994 -2132.6934 698.2086 3299.8992 3299.8992 3299.8992 3299.8992 3299.8992 3299.8992 3299.8992 3299.8992 3299.8992 3299.8992 3299.8992 3299.8992 3299.8992 3299.8992 3299.8992 3299.8992 3294.6624 3278.65 -457.01294 3281.5703 3298.6907 -3285.0952 -3268.6797 -3252.1636 -3236.0503 -3220.0378 -3204.2266 -3188.617 -3173.108 -3157.8003 -3142.4927 -3127.487 -3112.683 -3097.7783 -3083.075 -3068.6736 -3054.1716 -3039.972 -1921.3074 1194.1956 3299.8992 3299.8992 3299.8992 3299.8992 3299.8992 3299.8992 3299.8992 3299.8992 3299.8992 3299.8992 3299.8992 3299.8992 3299.8992 3299.8992 3299.8992 3299.8992 3294.058 3277.8442 
2544.0857 3241.7908 3257.5012 3273.2117 3288.7207 3299.8992 -3280.7646 -3265.6584 -3250.7537 -3235.8489 -3221.2463 -3206.6436 -3192.1416 -3177.841 -3163.6414 -3149.4414 -3135.443 -3121.5454 -3107.849 -3094.1528 -1625.3265 1295.7092 3299.8992 3299.8992 3299.8992 3299.8992 3299.8992 3299.8992 3299.8992 3299.8992 3299.8992 3299.8992 3299.8992 3299.8992 3299.8992 3299.8992 3289.7278 3274.823 3259.9182 3245.114 2114.264 3240.28 3256.4941 3272.1038 3287.6128 3299.8992 -3281.8726 -3266.7664 -3251.7607 -3237.0574 -3222.2534 -3207.7515 -3193.2495 -3178.949 -3164.6484 -3150.65 -3136.5508 -3122.653 -3108.8562 -3095.16 -1674.6735 1135.6842 3299.8992 3299.8992 3299.8992 3299.8992 3299.8992 3299.8992 3299.8992 3299.8992 3299.8992 3299.8992 3299.8992 3299.8992 3299.8992 3299.8992 3289.325 3274.5208 3259.616 3244.7112 1231.8604 3242.9993 3259.1125 3274.823 3290.332 3299.8992 -3279.1533 -3264.148 -3249.2432 -3234.439 -3219.635 -3205.133 -3190.7317 -3176.3306 -3162.1306 -3148.1323 -3134.0332 -3120.1355 -3106.4392 -3092.743 -1225.6165 1454.5258 3299.8992 3299.8992 3299.8992 3299.8992 3299.8992 3299.8992 3299.8992 3299.8992 3299.8992 3299.8992 3299.8992 3299.8992 3299.8992 3299.8992 3288.0156 3273.2117 3258.307 3243.402 386.2152 3244.2078 3260.4216 3275.9307 3291.4397 3299.8992 -3278.0457 -3263.04 -3248.1353 -3233.2305 -3218.628 -3204.0251 -3189.7246 -3175.3235 -3161.1235 -3146.9238 -3133.0261 -3119.1284 -3105.3313 -3091.7358 -934.671 1648.4894 3299.8992 3299.8992 3299.8992 3299.8992 3299.8992 3299.8992 3299.8992 3299.8992 3299.8992 3299.8992 3299.8992 3299.8992 3299.8992 3299.8992 3286.6057 3271.8018 3256.897 3241.8914 -823.7915 3246.0205 3262.1338 3277.7434 3293.1519 3299.8992 -3276.3335 -3261.3281 -3246.4233 -3231.6191 -3216.9158 -3202.5146 -3188.1133 -3173.6113 -3159.5122 -3145.413 -3131.4148 -3117.6177 -3103.72 -2975.9216 -538.5864 2019.9005 3299.8992 3299.8992 3299.8992 3299.8992 3299.8992 3299.8992 3299.8992 3299.8992 3299.8992 3299.8992 3299.8992 3299.8992 3299.8992 3298.993 3283.8867 3269.0825 3254.2786 3239.0715 
-2208.3252 3299.8992 3299.8992 3299.8992 3299.8992 3299.8992 3299.8992 3287.4114 3272.6074 3257.7026 3243.0999 3228.296 3213.4917 3198.7883 3184.1858 3169.583 3154.9805 3140.7805 3125.8757 2641.4702 827.01416 -800.52795 -2162.3015 3175.7263 3144.8088 3160.4187 3175.9277 3191.6382 3207.0464 3222.4548 3237.561 3252.6672 3267.6726 3282.6782 3297.3816 -3287.915 -3273.3123 -3258.7097 -3244.3083 -3229.9072 -1744.0613 3299.8992 3299.8992 3299.8992 3299.8992 3299.8992 3299.5972 3284.3901 3270.0896 3255.2856 3240.5823 3225.879 3211.0747 3196.3713 3181.7688 3167.166 3152.664 3138.4644 3121.2432 2359.8906 386.1145 -1214.1357 -2610.7544 3133.9324 3150.1465 3165.857 3180.9631 3196.7742 3212.1826 3227.3894 3242.2942 3257.4004 3272.5066 3287.5122 3299.8992 -3283.1816 -3268.4783 -3253.8757 -3239.5752 -3225.3752 -1175.1617 3299.8992 3299.8992 3299.8992 3299.8992 3299.8992 3299.8992 3286.3037 3271.4995 3256.7961 3241.9922 3227.0874 3212.384 3197.6807 3183.078 3168.3745 3153.8726 3139.572 3122.1497 2266.8364 286.41357 -1283.6243 -2623.645 3136.853 3152.5635 3168.173 3184.085 3199.4934 3214.4988 3229.7058 3244.812 3259.8174 3274.823 3289.7278 3299.8992 -3280.8655 -3266.2627 -3251.7607 -3237.3596 -3223.1597 -639.29443 3299.8992 3299.8992 3299.8992 3299.8992 3299.8992 3299.8992 3286.5051 3272.2046 3257.4004 3242.697 3227.7922 3213.0889 3198.285 3183.6821 3169.1802 3154.5776 3140.277 3122.653 2239.8467 282.48596 -1361.2701 -2742.7825 3138.162 3154.3762 3169.9858 3185.2935 3200.9033 3216.3115 3231.5186 3246.6248 3261.731 3276.7363 3291.5405 3299.8992 -3279.0527 -3264.45 -3249.948 -3235.6475 -3221.347 -4.3304443 3299.8992 3299.8992 3299.8992 3299.8992 3299.8992 3299.8992 3285.3972 3271.0967 3256.2927 3241.5894 3226.7852 3211.8804 3197.2778 3182.5745 3168.0725 3153.4697 3139.27 3120.4375 1968.5394 -36.85913 -1545.7672 -2873.8037 3141.687 3157.498 3172.9065 3188.8184 3204.126 3219.1313 3234.3384 3249.3438 3264.45 3279.4556 3294.2595 -3290.9363 -3276.3335 -3261.8315 -3247.229 -3233.029 -3218.7285 
3299.8992 -2452.4414 -3179.0496 -3163.6414 -3148.4343 -3133.2275 -3118.222 -3103.5186 -3088.7146 -3074.1118 -3059.7107 -3045.3093 -3031.1096 -3017.0105 -3002.9114 -2989.1143 -2975.3174 -2961.7217 -2948.1262 -2934.6313 -2720.929 -1279.8981 245.52612 1632.8796 2953.665 3299.8992 3299.8992 3299.8992 3299.8992 3299.8992 3299.8992 3299.8992 3299.8992 3299.8992 3299.8992 3299.8992 3299.8992 3299.8992 3299.8992 3299.8992 3273.9165 -2908.9507 -3177.841 -3162.5334 -3147.1252 -3132.019 -3117.0134 -3102.31 -3087.506 -3073.0042 -3058.5022 -3044.2017 -3030.0017 -3015.9026 -3001.9043 -2988.0066 -2974.2095 -2960.5132 -2946.9177 -2933.5234 -2611.0564 -1181.9092 323.97766 1777.8992 3126.2786 3299.8992 3299.8992 3299.8992 3299.8992 3299.8992 3299.8992 3299.8992 3299.8992 3299.8992 3299.8992 3299.8992 3299.8992 3299.8992 3299.8992 3299.8992 3136.5508 -3193.5515 -3177.539 -3162.03 -3146.823 -3131.6162 -3116.7114 -3101.9072 -3087.2039 -3072.5005 -3057.9985 -3043.7988 -3029.5989 -3015.4998 -3001.4006 -2987.6038 -2973.8066 -2960.2112 -2946.6155 -2933.2214 -2318.1975 -958.6395 440.89966 1745.3705 3075.824 3299.8992 3299.8992 3299.8992 3299.8992 3299.8992 3299.8992 3299.8992 3299.8992 3299.8992 3299.8992 3299.8992 3299.8992 3299.8992 3299.8992 3299.8992 2631.2988 -3191.336 -3175.827 -3160.0159 -3144.6074 -3129.602 -3114.4958 -3099.6917 -3085.089 -3070.5872 -3056.0852 -3041.7847 -3027.5847 -3013.4856 -2999.4873 -2985.6902 -2971.8933 -2958.2976 -2944.7021 -2931.3079 -2316.5862 -838.4949 634.964 2137.1245 3299.8992 3299.8992 3299.8992 3299.8992 3299.8992 3299.8992 3299.8992 3299.8992 3299.8992 3299.8992 3299.8992 3299.8992 3299.8992 3299.8992 3299.8992 3299.8992 2084.0515 -3190.933 -3175.525 -3159.7136 -3144.3054 -3129.1992 -3114.1936 -3099.4902 -3084.7869 -3070.285 -3055.8838 -3041.5833 -3027.2827 -3013.2842 -2999.286 -2985.3882 -2971.692 -2958.0962 -2944.4 -2931.1064 -2157.8704 -648.25745 901.5381 2300.8757 3299.8992 3299.8992 3299.8992 3299.8992 3299.8992 3299.8992 3299.8992 3299.8992 3299.8992 3299.8992 3299.8992 3299.8992 3299.8992 3299.8992 3299.8992 3299.8992 
-2161.798 3253.07 3299.8992 3299.8992 3286.4043 3271.1975 3255.789 3240.4814 3225.2747 3209.262 3193.9543 3178.7476 3163.44 3148.0315 3132.9253 3117.92 3103.1157 3088.211 3066.2566 2319.8088 868.808 -498.1018 -1531.9702 -2295.5383 -3033.6272 3099.591 3116.3086 3132.9253 3149.4414 3165.6555 3181.8694 3198.184 3214.2974 3230.2092 3245.9197 3261.731 3277.542 3293.051 -3291.4397 -3275.9307 -1611.8317 3299.8992 3299.8992 3297.4822 3282.2754 3267.0684 3251.6602 3236.4531 3221.1455 3205.133 3190.2283 3174.7192 3159.5122 3144.406 3129.0984 3114.093 3099.2888 3084.2834 3038.2598 2048.6023 551.9806 -694.0796 -1763.0951 -2628.5796 3237.3596 3103.8208 3120.639 3137.2559 3153.6711 3169.8853 3186.3005 3202.3132 3218.225 3234.3384 3250.1494 3265.6584 3281.4697 3297.0793 -3287.4114 -3272.1038 -1258.3466 3299.8992 3299.8992 3299.3958 3284.1887 3268.881 3253.6743 3238.3667 3223.059 3206.9458 3191.7388 3176.6326 3161.325 3145.9167 3130.8105 3115.805 3101.001 3085.9954 3023.5564 1917.3798 296.6858 -861.3556 -1917.1783 -2664.8345 3290.634 3108.9568 3125.6743 3142.2913 3158.7065 3174.9207 3191.034 3207.3486 3223.1597 3239.0715 3255.0842 3270.6938 3286.4043 3299.8992 -3282.6782 -3267.2698 -1040.5151 3299.8992 3299.8992 3299.8992 3287.915 3272.6074 3257.2998 3241.8914 3226.5837 3210.3699 3195.3643 3180.0566 3164.8499 3149.4414 3134.3352 3119.1284 3104.3242 3089.0166 2992.5383 1861.084 384.50317 -699.0143 -1731.3721 -2591.1162 -3236.7554 3109.9639 3126.7822 3143.2983 3159.7136 3175.9277 3192.1416 3208.1543 3224.1667 3240.28 3255.9905 3271.8018 3287.3108 3299.8992 -3281.4697 -3266.464 -185.30273 3299.8992 3299.8992 3299.5972 3284.1887 3268.7805 3253.5735 3238.3667 3222.8577 3206.7444 3191.6382 3176.4312 3161.023 3145.816 3130.7097 3115.6035 3100.6987 3083.2764 2836.2395 1611.3281 166.47034 -974.14856 -1956.6559 -2767.9595 3199.1912 3113.2874 3129.904 3146.4202 3162.8357 3179.1504 3195.3643 3211.4775 3227.3894 3243.2007 3259.1125 3274.823 3290.4326 3299.8992 -3278.7505 -3263.2415 
2154.849 -557.1167 -2334.7136 -3145.6145 -3130.5083 -3115.7043 -3101.1016 -3086.7004 -3072.1985 -3057.898 -3043.698 -3029.4983 -3015.7012 -3001.8035 -2988.1072 -2970.6848 -2625.9612 -2412.7625 -2015.5701 -1694.3115 -1144.2444 -663.16223 -315.31677 52.06604 362.85095 718.3502 1851.7181 3299.8992 3299.8992 3299.8992 3299.8992 3299.8992 3299.8992 3299.8992 3299.8992 3299.8992 3299.8992 3299.8992 3299.8992 3299.8992 1929.9683 -662.9608 -2416.69 -3134.1338 -3119.1284 -3104.425 -3089.8223 -3075.3203 -3061.0198 -3046.7192 -3032.62 -3018.521 -3004.724 -2990.927 -2977.3315 -2859.8052 -2523.5413 -2272.174 -1836.3098 -1027.0203 -540.4999 -209.57336 53.475952 221.75903 430.1239 834.1644 1891.9006 3299.8992 3299.8992 3299.8992 3299.8992 3299.8992 3299.8992 3299.8992 3299.8992 3299.8992 3299.8992 3299.8992 3299.8992 3299.8992 1845.2728 -777.063 -2513.1682 -3135.443 -3120.5383 -3105.6335 -3091.1316 -3076.6296 -3062.2283 -3048.0286 -3033.8286 -3019.931 -3006.0332 -2992.337 -2978.6406 -2964.9443 -2676.1138 -2208.8286 -1842.2516 -1337.503 -771.8262 -338.68103 -55.59082 314.00757 674.2401 1065.7928 2192.514 3299.8992 3299.8992 3299.8992 3299.8992 3299.8992 3299.8992 3299.8992 3299.8992 3299.8992 3299.8992 3299.8992 3299.8992 3299.8992 1196.7133 -1342.0349 -3014.4927 -3129.4006 -3114.4958 -3099.7925 -3085.1897 -3070.7886 -3056.488 -3042.1875 -3028.189 -3014.1907 -3000.293 -2986.5967 -2972.9004 -2776.2175 -2304.0984 -1821.9086 -1359.0546 -653.7964 -136.96289 155.69458 316.12244 561.54785 837.2864 1228.3356 2327.4626 3299.8992 3299.8992 3299.8992 3299.8992 3299.8992 3299.8992 3299.8992 3299.8992 3299.8992 3299.8992 3299.8992 3299.8992 3299.8992 999.4263 -1406.7902 -2936.2427 -3140.8813 -3126.0771 -3111.1724 -3096.6704 -3082.1685 -3067.868 -3053.5674 -3039.3677 -3025.47 -3011.4714 -2997.6746 -2984.0789 -2938.6597 -2624.1484 -2248.0042 -1868.4357 -1335.5896 -832.251 -344.6228 -60.72693 397.99805 666.1835 1144.3451 2486.7827 3299.8992 3299.8992 3299.8992 3299.8992 3299.8992 3299.8992 3299.8992 3299.8992 3299.8992 3299.8992 3299.8992 3299.8992 3299.8992 

-92.65137 -49.95117 9.466553 45.318604 73.81897 71.30127 49.95117 42.90161 57.000732 60.424805 30.615234 -12.084961 -28.097534 -11.883545 31.622314 64.75525 66.26587 100.40588 121.15173 114.30359 114.30359 114.30359 114.30359 114.30359 114.30359 114.30359 114.30359 114.30359 114.30359 114.30359 114.30359 114.30359 114.30359 114.30359 114.30359 114.30359 114.30359 114.30359 114.30359 114.30359 114.30359 114.30359 114.30359 114.30359 114.30359 114.30359 114.30359 114.30359 114.30359 114.30359 114.30359 114.30359 114.30359 114.30359 114.30359 114.30359 114.30359 114.30359 114.30359 114.30359 114.30359 114.30359 114.30359 114.30359 114.30359 114.30359 114.30359 114.30359 114.30359 114.30359 114.30359 114.30359 114.30359 114.30359 114.30359 114.30359 114.30359 114.30359 114.30359 114.30359 -63.345337 -35.751343 2.1148682 -5.9417725 -34.84497 -46.92993 -26.78833 10.473633 36.35559 53.17383 52.972412 45.117188 33.233643 26.28479 22.558594 -5.6396484 -10.070801 -3.6254883 -6.0424805 -7.2509766 -13.293457 -24.472046 -18.22815 24.874878 51.361084 59.820557 65.66162 41.290283 37.161255 36.4563 32.32727 20.24231 -13.092041 -22.558594 -7.7545166 26.586914 57.20215 58.20923 31.622314 11.279297 7.2509766 -10.372925 -33.737183 -35.34851 -29.205322 -34.643555 -27.392578 -34.744263 -23.76709 -0.40283203 6.7474365 3.5247803 15.609741 9.164429 3.8269043 -20.343018 -28.198242 -40.88745 -67.77649 -72.30835 -72.30835 -72.30835 -72.30835 -72.30835 -72.30835 -72.30835 -72.30835 -72.30835 -72.30835 -72.30835 -72.30835 -72.30835 -72.30835 -72.30835 -72.30835 -72.30835 -72.30835 -72.30835 -72.30835 -72.30835 17.72461 11.782837 1.3092041 5.5389404 13.595581 4.7332764 11.883545 3.9276123 -4.6325684 8.761597 10.775757 31.924438 55.892944 51.05896 43.707275 44.714355 43.00232 41.693115 46.325684 89.42871 109.16748 87.51526 54.18091 51.5625 95.5719 141.39404 131.12183 110.27527 91.44287 32.528687 23.464966 60.324097 90.43579 100.808716 39.074707 11.178589 30.917358 45.318604 28.601074 -50.354004 -97.08252 -155.79529 -245.12329 -286.51428 -272.51587 -235.95886 -148.84644 -95.97473 -59.417725 -43.103027 -34.744263 -28.399658 -34.643555 -28.80249 -27.29187 -9.768677 -6.4453125 6.5460205 44.210815 64.75525 
-114.80713 -103.52783 -56.69861 -23.364258 18.127441 24.472046 -2.9205322 -27.694702 -50.55542 -83.48694 -117.42554 -121.15173 -107.15332 -115.7135 -112.89368 -71.20056 -37.564087 22.76001 75.73242 127.194214 182.78503 185.00061 160.22644 118.533325 57.60498 12.789917 0.60424805 -20.544434 -30.615234 -41.793823 -68.07861 -54.986572 -58.309937 -72.30835 -69.1864 -73.61755 -75.128174 -83.99048 -58.511353 -50.656128 -66.87012 -85.198975 -103.326416 -112.79297 -92.44995 -81.37207 -85.5011 -66.467285 -51.159668 -46.325684 -42.39807 -27.191162 -6.2438965 17.422485 25.78125 10.272217 4.7332764 -16.21399 -20.846558 -8.963013 15.106201 37.564087 46.829224 52.871704 46.627808 33.83789 38.168335 21.450806 32.83081 44.91577 58.71277 64.453125 51.5625 42.196655 42.700195 40.283203 46.02356 41.99524 36.85913 23.76709 5.1361084 6.9488525 3.3233643 0.70495605 -19.134521 -48.03772 -57.60498 -41.290283 -22.659302 -22.76001 -36.85913 -35.147095 -27.694702 -22.155762 -22.155762 -11.178589 -6.9488525 -5.0354004 2.6184082 20.74585 16.314697 5.2368164 -6.9488525 3.0212402 2.6184082 5.9417725 9.466553 4.9346924 11.279297 6.9488525 9.265137 23.76709 14.703369 21.652222 35.549927 45.92285 43.606567 21.450806 -31.420898 -40.88745 -9.567261 3.8269043 6.6467285 5.8410645 -10.070801 -18.73169 -15.408325 0.80566406 7.8552246 27.493286 30.514526 36.35559 39.074707 36.254883 22.25647 1.1077881 14.904785 22.25647 27.392578 29.608154 20.141602 20.74585 31.622314 37.46338 48.44055 57.403564 43.304443 37.46338 23.968506 -9.970093 -54.18091 -67.07153 -58.914185 -63.64746 -64.75525 -51.159668 -40.786743 -5.2368164 22.357178 30.81665 56.69861 91.54358 102.923584 111.38306 95.97473 53.979492 26.889038 6.2438965 -1.4099121 -13.595581 -19.033813 3.1219482 24.169922 44.41223 46.92993 66.16516 100.50659 116.61987 142.60254 160.22644 157.2052 129.5105 92.44995 46.829224 18.630981 -6.7474365 -46.325684 -76.33667 -98.49243 -128.302 -167.57812 -178.95813 -168.88733 -139.682 -126.690674 -123.66943 -118.93616 -97.787476 -99.19739 -105.6427 -83.99048 -82.37915 -86.30676 -74.92676 -86.10535 -99.801636 -69.68994 -51.260376 -47.131348 -27.996826 -9.567261 10.473633 20.24231 46.92993 54.885864 54.483032 39.47754 2.2155762 -12.286377 -17.019653 
-1532.2723 3283.9873 3299.8992 -3282.7788 -3266.3635 -3250.2502 -3234.3384 -3218.4265 -3202.6152 -3187.0056 -3171.4966 -3156.189 -3141.0828 -3125.9766 -3111.0718 -3096.2676 -3081.665 -3067.163 -3052.7617 -3038.562 -1580.0079 1488.263 3299.8992 3299.8992 3299.8992 3299.8992 3299.8992 3299.8992 3299.8992 3299.8992 3299.8992 3299.8992 3299.8992 3299.8992 3299.8992 3299.8992 3299.8992 3299.8992 3292.749 3276.4343 -2792.633 3285.1958 3299.8992 -3281.6711 -3265.2556 -3248.941 -3232.727 -3216.8152 -3201.004 -3185.2935 -3169.9858 -3154.5776 -3139.4714 -3124.4658 -3109.3596 -3094.757 -3080.1543 -3065.6523 -3051.1504 -3037.0513 -1112.8235 1818.6859 3299.8992 3299.8992 3299.8992 3299.8992 3299.8992 3299.8992 3299.8992 3299.8992 3299.8992 3299.8992 3299.8992 3299.8992 3299.8992 3299.8992 3299.8992 3299.8992 3290.2312 3273.715 3268.0754 3284.9944 3299.8992 -3281.6711 -3265.3564 -3248.941 -3232.727 -3216.8152 -3201.004 -3185.3943 -3169.8853 -3154.5776 -3139.4714 -3124.5667 -3109.561 -3094.8577 -3080.2551 -3065.6523 -3051.3518 -3036.9507 -964.3799 2121.9177 3299.8992 3299.8992 3299.8992 3299.8992 3299.8992 3299.8992 3299.8992 3299.8992 3299.8992 3299.8992 3299.8992 3299.8992 3299.8992 3299.8992 3299.8992 3299.8992 3288.0156 3271.298 3268.579 3286.1023 3299.8992 -3280.664 -3264.3494 -3248.3367 -3232.3242 -3216.513 -3200.702 -3185.092 -3169.6838 -3154.2754 -3139.1692 -3124.1638 -3109.3596 -3094.5557 -3079.8523 -3065.451 -3050.949 -3036.7493 -867.09595 2251.7302 3299.8992 3299.8992 3299.8992 3299.8992 3299.8992 3299.8992 3299.8992 3299.8992 3299.8992 3299.8992 3299.8992 3299.8992 3299.8992 3299.8992 3299.8992 3299.8992 3287.5122 3270.7947 3270.8953 3287.7136 3299.8992 -3278.952 -3262.6372 -3246.222 -3230.2092 -3214.1968 -3198.4863 -3182.9773 -3167.4683 -3152.2612 -3137.0544 -3122.1497 -3107.144 -3092.4407 -3077.8381 -3063.3362 -3048.9348 -3031.8145 -644.32983 2386.4775 3299.8992 3299.8992 3299.8992 3299.8992 3299.8992 3299.8992 3299.8992 3299.8992 3299.8992 3299.8992 3299.8992 3299.8992 3299.8992 3299.8992 3299.8992 3299.8992 3287.4114 3270.3918 3273.1108 3289.8284 -3293.4539 -3276.535 -3260.2202 -3244.2078 -3228.3965 -3212.5854 -3196.875 -3181.366 -3165.857 -3150.5493 -3135.443 -3120.4375 -3105.6335 -3090.9302 -3076.3274 -3061.7249 -3047.525 -2824.356 
-1690.0818 3246.222 3261.731 3277.3406 3292.8496 3299.8992 -3276.8372 -3261.731 -3246.9268 -3232.022 -3217.3186 -3202.8167 -3188.516 -3174.2156 -3159.915 -3145.816 -3131.9182 -3118.0205 -3104.3242 -3090.7288 -1022.6898 1727.0416 3299.8992 3299.8992 3299.8992 3299.8992 3299.8992 3299.8992 3299.8992 3299.8992 3299.8992 3299.8992 3299.8992 3299.8992 3299.8992 3299.8992 3287.6128 3272.708 3257.8032 3242.697 -2502.1912 3251.4587 3267.0684 3282.6782 3297.9858 -3286.908 -3271.399 -3256.4941 -3241.5894 -3226.886 -3212.1826 -3197.6807 -3183.2793 -3169.0796 -3154.9805 -3140.7805 -3126.9836 -3113.086 -3099.3896 -2812.3718 -108.36182 2430.2856 3299.8992 3299.8992 3299.8992 3299.8992 3299.8992 3299.8992 3299.8992 3299.8992 3299.8992 3299.8992 3299.8992 3299.8992 3299.8992 3298.993 3284.0881 3269.3848 3254.3792 3239.0715 -3235.8489 3250.0488 3265.6584 3281.1675 3296.7773 -3288.3179 -3272.9094 -3257.904 -3242.9993 -3228.296 -3213.5925 -3199.0906 -3184.79 -3170.4895 -3156.3904 -3142.2913 -3128.3936 -3114.4958 -3100.7996 -2897.9736 -566.38184 1807.7087 3299.8992 3299.8992 3299.8992 3299.8992 3299.8992 3299.8992 3299.8992 3299.8992 3299.8992 3299.8992 3299.8992 3299.8992 3299.8992 3299.8992 3288.0156 3273.1108 3258.307 3242.697 3240.7837 3256.9976 3272.6074 3288.1165 3299.8992 -3281.4697 -3266.0613 -3251.2573 -3236.3525 -3221.5483 -3206.9458 -3192.5444 -3178.244 -3163.9434 -3149.8442 -3135.846 -3121.8474 -3108.1511 -3094.4548 -2719.1162 -243.51196 2436.8315 3299.8992 3299.8992 3299.8992 3299.8992 3299.8992 3299.8992 3299.8992 3299.8992 3299.8992 3299.8992 3299.8992 3299.8992 3299.8992 3299.8992 3289.224 3274.2188 3259.314 3243.6035 3244.2078 3260.623 3276.132 3291.641 3299.8992 -3278.0457 -3262.738 -3247.8333 -3232.9285 -3218.3257 -3203.7231 -3189.2212 -3175.0212 -3160.7207 -3146.6216 -3132.6233 -3118.8262 -3104.9285 -3091.333 -2474.8992 283.19092 2741.3726 3299.8992 3299.8992 3299.8992 3299.8992 3299.8992 3299.8992 3299.8992 3299.8992 3299.8992 3299.8992 3299.8992 3299.8992 3299.8992 3299.8992 3287.8142 3272.9094 3258.0046 3238.3667 3245.0134 3261.3281 3276.8372 3292.3462 3299.8992 -3277.3406 -3262.033 -3247.1282 -3232.3242 -3217.6208 -3203.018 -3188.617 -3174.2156 -3160.1165 -3146.0173 -3132.019 -3118.1213 -3104.425 -3090.7288 -2207.62 
652.4872 3299.8992 3299.8992 3299.8992 3299.8992 3299.8992 3299.8992 3286.0015 3271.0967 3256.3933 3241.5894 3226.6846 3211.9812 3197.177 3182.5745 3167.9717 3153.4697 3139.1692 3121.2432 2242.2637 338.07678 -1205.5756 -2607.7332 3135.846 3152.1606 3167.871 3182.9773 3198.6877 3214.096 3229.303 3244.4092 3259.5154 3274.5208 3289.4255 3299.8992 -3281.067 -3266.464 -3252.1636 -3237.6616 -3223.462 1195.8069 3299.8992 3299.8992 3299.8992 3299.8992 3299.8992 3294.159 3279.0527 3264.5508 3249.8474 3235.0432 3220.3398 3205.536 3190.8325 3176.2297 3161.7278 3147.3267 3133.0261 3111.676 1712.0361 -327.40173 -1912.5458 -3274.7222 3141.4856 3156.8938 3172.6042 3188.516 3203.8237 3218.7285 3233.9355 3249.0417 3264.047 3279.1533 3293.9575 -3291.339 -3276.7363 -3262.1338 -3247.7324 -3233.3313 -3219.2322 1801.3641 3299.8992 3299.8992 3299.8992 3299.8992 3299.8992 3296.6765 3281.1675 3266.3635 3251.6602 3236.856 3221.8506 3207.2478 3192.5444 3177.841 3163.339 3149.0386 3134.6375 3111.7766 1886.261 61.73401 -1359.256 -2633.7158 3135.6445 3151.657 3167.3674 3182.4736 3198.0835 3213.5925 3228.7993 3243.9055 3258.8103 3273.816 3288.922 3299.8992 -3281.7717 -3267.0684 -3252.7678 -3238.3667 -3224.0662 2414.3738 3299.8992 3299.8992 3299.8992 3299.8992 3299.8992 3289.325 3274.0173 3259.616 3244.9126 3230.2092 3215.5059 3200.8025 3186.2 3171.4966 3156.9946 3142.694 3128.3936 3027.0813 1396.2158 -296.58508 -1767.9291 -3030.7068 3136.9536 3152.765 3168.173 3183.9844 3199.4934 3214.2974 3229.605 3244.7112 3259.7168 3274.823 3289.627 3299.8992 -3280.8655 -3266.3635 -3251.8616 -3237.561 -3206.3416 3077.9387 3299.8992 3299.8992 3299.8992 3299.8992 3299.8992 3288.0156 3272.5066 3257.6018 3242.9993 3228.195 3213.4917 3198.7883 3184.085 3169.583 3154.9805 3140.7805 3126.3794 2977.0293 1382.2174 -493.1671 -1934.0973 -3261.4287 3137.9607 3154.074 3169.6838 3184.79 3200.5005 3215.9087 3231.2163 3246.121 3261.1267 3276.233 3291.1377 3299.8992 -3279.4556 -3264.8528 -3250.4517 -3236.0503 -2986.8987 3299.8992 3299.8992 3299.8992 3299.8992 3299.8992 3299.8992 3286.3037 3270.996 3256.5947 3241.9922 3227.2888 3212.5854 3197.7812 3183.1787 3168.4753 3154.074 3139.7734 3125.2715 2785.9863 1008.7921 
1696.4264 -3192.041 -3176.1292 -3160.7207 -3145.514 -3130.5083 -3115.503 -3100.7996 -3086.0962 -3071.4934 -3056.9915 -3042.691 -3028.5918 -3014.4927 -3000.595 -2986.5967 -2972.7996 -2959.3047 -2945.7092 -2932.2144 -1827.0447 -352.67944 1108.7952 2314.9749 3299.8992 3299.8992 3299.8992 3299.8992 3299.8992 3299.8992 3299.8992 3299.8992 3299.8992 3299.8992 3299.8992 3299.8992 3299.8992 3299.8992 3299.8992 3299.8992 1171.2341 -3194.2566 -3178.7476 -3163.037 -3147.7295 -3132.6233 -3117.6177 -3102.713 -3088.1104 -3073.5076 -3059.1064 -3044.806 -3030.606 -3016.5068 -3002.6091 -2988.6108 -2974.8137 -2961.3188 -2947.7234 -2934.329 -2148.6052 -608.9813 964.17847 2494.638 3299.8992 3299.8992 3299.8992 3299.8992 3299.8992 3299.8992 3299.8992 3299.8992 3299.8992 3299.8992 3299.8992 3299.8992 3299.8992 3299.8992 3299.8992 3299.8992 717.54456 -3192.2424 -3176.9348 -3161.2244 -3145.816 -3130.7097 -3115.805 -3101.001 -3086.3982 -3071.7957 -3057.3943 -3042.9932 -3028.894 -3014.795 -3000.7964 -2986.9995 -2973.2024 -2959.607 -2946.112 -2932.6172 -2170.2576 -738.4918 765.17944 2273.9868 3299.8992 3299.8992 3299.8992 3299.8992 3299.8992 3299.8992 3299.8992 3299.8992 3299.8992 3299.8992 3299.8992 3299.8992 3299.8992 3299.8992 3299.8992 3299.8992 -122.25952 -3184.2864 -3169.0796 -3153.3691 -3137.9607 -3123.056 -3108.0505 -3093.2463 -3078.8452 -3064.1418 -3049.942 -3035.5408 -3021.4417 -3007.3425 -2993.4448 -2979.6477 -2965.9514 -2952.356 -2938.861 -2877.6306 -1464.3951 151.36414 1624.0173 2890.7227 3299.8992 3299.8992 3299.8992 3299.8992 3299.8992 3299.8992 3299.8992 3299.8992 3299.8992 3299.8992 3299.8992 3299.8992 3299.8992 3299.8992 3299.8992 3299.8992 -443.51807 -3190.7317 -3174.8198 -3159.613 -3144.406 -3129.1992 -3114.395 -3099.6917 -3085.089 -3070.285 -3055.9844 -3041.6838 -3027.5847 -3013.4856 -2999.588 -2985.6902 -2971.994 -2958.3984 -2944.8027 -2800.5889 -1278.2867 271.40808 1763.3972 3049.3376 3299.8992 3299.8992 3299.8992 3299.8992 3299.8992 3299.8992 3299.8992 3299.8992 3299.8992 3299.8992 3299.8992 3299.8992 3299.8992 3299.8992 3299.8992 3299.8992 -1422.2992 -3194.9614 -3179.4524 -3163.742 -3148.4343 -3133.429 -3118.4233 -3103.72 -3089.0166 -3074.414 -3060.0127 -3045.813 -3031.5125 -3017.514 -3003.4148 -2989.7185 -2975.8208 -2962.024 -2948.6296 -2764.2334 
184.09424 3299.8992 3299.8992 3299.8992 3285.0952 3269.6868 3254.48 3239.1724 3223.764 3207.6506 3192.4438 3177.1362 3161.8286 3146.6216 3131.4148 3116.51 3101.5044 3083.9812 2778.836 1407.6965 -67.37366 -1156.7322 -2130.5786 -2915.8997 3159.1094 3118.8262 3135.5437 3151.9592 3168.274 3184.5886 3200.8025 3216.7144 3232.727 3248.639 3264.3494 3280.0598 3295.6694 -3288.7207 -3273.413 -3258.206 488.63525 3299.8992 3299.8992 3299.8992 3288.7207 3273.3123 3258.0046 3242.697 3227.3894 3210.974 3195.868 3180.5603 3165.2527 3150.0457 3134.8389 3119.7327 3105.0293 3089.923 2936.9475 1753.2257 247.23816 -896.3013 -1885.0525 -2700.888 3294.7632 3114.4958 3131.2134 3147.83 3164.3462 3180.4595 3196.6736 3212.8875 3228.6987 3244.6106 3260.4216 3276.233 3291.9434 3299.8992 -3277.24 -3261.9324 1102.1484 3299.8992 3299.8992 3296.7773 3281.4697 3266.2627 3251.056 3235.6475 3220.3398 3204.126 3189.1204 3173.7122 3158.3037 3143.1975 3127.9907 3113.1865 3098.0803 3080.8594 2761.8164 1475.6744 17.120361 -1037.1918 -1932.2845 -2699.8809 -3239.978 3111.7766 3128.3936 3145.0103 3161.325 3177.6396 3193.8538 3209.967 3225.879 3241.7908 3257.5012 3273.413 3289.0227 3299.8992 -3280.0598 -3261.9324 1432.37 3299.8992 3299.8992 3292.5476 3277.3406 3262.1338 3246.8262 3231.5186 3216.211 3199.9968 3184.79 3169.583 3154.1748 3139.1692 3123.9624 3109.1582 3094.2534 3076.0254 2485.7756 1164.8895 -127.99988 -1167.81 -2065.3198 -2833.2183 3098.886 3113.7908 3130.6091 3147.1252 3163.5405 3179.6538 3195.767 3212.0818 3227.7922 3243.805 3259.5154 3275.2258 3291.0369 3299.8992 -3278.247 -3078.4424 1982.5378 3299.8992 3299.8992 3291.5405 3276.132 3260.9253 3245.7183 3230.31 3215.0024 3198.7883 3183.5815 3168.3745 3153.067 3138.0615 3122.754 3107.849 3093.045 3073.0042 2394.937 982.60803 -397.4945 -1436.9019 -2324.1394 -3052.1575 3102.411 3119.1284 3135.745 3152.1606 3168.6768 3184.79 3201.1047 3216.9158 3233.029 3248.941 3264.5508 3280.1604 3295.9717 -3288.5193 -3273.413 -2784.0728 2444.8882 3299.8992 3299.8992 3293.6553 3278.247 3262.9395 3247.6318 3232.2234 3216.8152 3200.8025 3185.4949 3170.1873 3154.9805 3139.7734 3124.768 3109.8633 3094.8577 3075.9246 2457.5774 995.0958 
1198.4253 -1241.8304 -2922.647 -3136.9536 -3122.0488 -3107.2449 -3092.642 -3078.241 -3063.8396 -3049.7405 -3035.44 -3021.4417 -3007.6445 -2993.8477 -2980.0505 -2764.5354 -2300.5737 -1872.9675 -1523.5107 -969.11316 -537.68005 -111.58447 99.801636 401.82495 589.5447 1101.0406 2479.4312 3299.8992 3299.8992 3299.8992 3299.8992 3299.8992 3299.8992 3299.8992 3299.8992 3299.8992 3299.8992 3299.8992 3299.8992 3243.9055 740.20386 -1514.3463 -3095.5627 -3137.4573 -3122.5525 -3107.7483 -3093.2463 -3078.7444 -3064.3433 -3050.2441 -3036.0442 -3022.046 -3008.1482 -2994.452 -2980.6548 -2816.4001 -2499.7742 -2150.2166 -1722.2076 -1073.9502 -668.19763 -327.20032 -69.08569 259.72595 535.6659 1154.8187 2618.2068 3299.8992 3299.8992 3299.8992 3299.8992 3299.8992 3299.8992 3299.8992 3299.8992 3299.8992 3299.8992 3299.8992 3299.8992 3163.5405 550.36926 -1741.5436 -3144.8088 -3129.7026 -3114.7979 -3100.0945 -3085.492 -3071.1914 -3056.79 -3042.691 -3028.6926 -3014.5935 -3000.6958 -2986.9995 -2973.3032 -2694.5435 -2408.8347 -2101.071 -1781.5247 -1320.1813 -883.1085 -434.65576 -147.2351 145.52307 459.22852 1168.9178 2674.6033 3299.8992 3299.8992 3299.8992 3299.8992 3299.8992 3299.8992 3299.8992 3299.8992 3299.8992 3299.8992 3299.8992 3299.8992 3095.16 464.1632 -1557.0465 -3087.4053 -3121.4446 -3106.6406 -3091.9373 -3077.4353 -3063.034 -3048.8342 -3034.6343 -3020.4346 -3006.6375 -2992.8406 -2979.2449 -2963.7358 -2683.3647 -2404.605 -2031.3812 -1531.9702 -1042.63 -491.95862 -100.305176 157.10449 332.73926 510.6903 1222.2931 2742.0776 3299.8992 3299.8992 3299.8992 3299.8992 3299.8992 3299.8992 3299.8992 3299.8992 3299.8992 3299.8992 3299.8992 3299.8992 2892.7368 194.66858 -1845.7764 -3133.3281 -3118.4233 -3103.5186 -3088.916 -3074.414 -3060.0127 -3045.813 -3031.613 -3017.6147 -3003.717 -2990.0208 -2976.3245 -2957.3914 -2552.948 -1961.792 -1499.1394 -1199.1302 -716.9403 -409.57947 -133.74023 83.48694 306.958 551.67847 1320.3827 2928.8909 3299.8992 3299.8992 3299.8992 3299.8992 3299.8992 3299.8992 3299.8992 3299.8992 3299.8992 3299.8992 3299.8992 3299.8992 2646.405 -172.00928 -2186.8743 -3135.0403 -3120.0347 -3105.2307 -3090.628 -3076.2268 -3061.8254 -3047.525 -3033.4258 -3019.3267 -3005.5298 -2991.7327 -2978.1372 -2964.441 -2752.5513 -2227.6611 -1771.3531 -1091.3727 -680.78613 

82.88269 103.326416 129.40979 126.589966 69.992065 10.977173 2.4169922 -7.7545166 -6.1431885 5.6396484 46.829224 90.13367 123.77014 136.35864 91.14075 17.422485 -45.721436 -76.33667 -112.69226 -159.92432 -159.92432 -159.92432 -159.92432 -159.92432 -159.92432 -159.92432 -159.92432 -159.92432 -159.92432 -159.92432 -159.92432 -159.92432 -159.92432 -159.92432 -159.92432 -159.92432 -159.92432 -159.92432 -159.92432 -159.92432 -159.92432 -159.92432 -159.92432 -159.92432 -159.92432 -159.92432 -159.92432 -159.92432 -159.92432 -159.92432 -159.92432 -159.92432 -159.92432 -159.92432 -159.92432 -159.92432 -159.92432 -159.92432 -159.92432 -159.92432 -112.89368 -105.84412 -90.5365 -65.25879 -71.30127 -75.128174 -57.806396 -19.23523 10.977173 47.735596 49.0448 26.78833 17.321777 57.907104 96.8811 101.916504 79.559326 64.453125 62.338257 104.333496 97.68677 83.28552 32.226562 -20.645142 -25.982666 -1.9134521 20.141602 45.620728 79.76074 69.68994 61.6333 44.0094 12.185669 1.6113281 -17.72461 -20.544434 -21.75293 -37.36267 -36.35559 -19.940186 20.24231 37.46338 27.090454 -19.839478 -79.2572 -120.64819 -105.74341 -64.05029 -41.4917 -24.069214 0.20141602 23.968506 26.586914 21.853638 33.9386 40.283203 37.564087 32.32727 46.728516 24.874878 -4.1290283 -0.40283203 20.443726 13.696289 10.272217 14.099121 10.876465 3.4240723 -7.0495605 -17.523193 -23.867798 -13.998413 -17.926025 -10.372925 0.60424805 3.5247803 0.80566406 -12.588501 -21.350098 -35.650635 -35.650635 -35.650635 -35.650635 -35.650635 -35.650635 -35.650635 -35.650635 -35.650635 -35.650635 -35.650635 -35.650635 -35.650635 -35.650635 -35.650635 -35.650635 -35.650635 -35.650635 -35.650635 -35.650635 -35.650635 -8.056641 -0.20141602 -10.272217 -10.372925 27.996826 32.226562 -6.6467285 -30.413818 -30.111694 -16.71753 -5.8410645 -13.897705 -25.479126 -42.095947 -31.622314 -19.940186 -9.869385 6.8481445 42.599487 48.742676 36.657715 42.90161 73.11401 108.05969 133.2367 129.40979 106.54907 74.82605 21.148682 -44.0094 -72.509766 -91.64429 -89.63013 -75.531006 -53.57666 -24.169922 -14.804077 -22.76001 -48.742676 -33.83789 
-8.358765 7.9559326 17.72461 15.408325 35.85205 47.03064 44.311523 18.328857 19.23523 14.199829 23.062134 15.811157 0.60424805 -17.825317 -21.75293 -21.24939 -19.537354 -14.501953 11.178589 15.911865 18.933105 22.860718 27.694702 26.184082 30.615234 34.744263 54.18091 62.13684 60.525513 20.040894 -8.560181 -23.76709 -36.557007 -47.735596 -48.138428 -22.860718 0 27.392578 38.772583 65.3595 99.298096 111.08093 121.85669 133.84094 133.94165 140.68909 125.18005 88.32092 29.406738 -35.147095 -67.67578 -63.24463 -66.970825 -67.27295 -68.17932 -67.67578 -87.213135 -87.51526 -77.44446 -46.627808 -21.853638 -14.501953 -18.328857 9.970093 44.110107 59.518433 58.511353 63.446045 85.09827 59.417725 5.4382324 -26.28479 -22.155762 -3.0212402 -26.28479 -58.007812 -72.81189 -85.29968 -96.57898 -89.328 -80.36499 -73.11401 -63.74817 -66.467285 -62.23755 -51.965332 -43.606567 -17.523193 5.3375244 2.5177002 8.963013 22.055054 21.853638 33.737183 37.060547 35.44922 30.010986 41.592407 40.88745 28.097534 16.012573 15.710449 7.8552246 -1.0070801 -8.862305 -22.457886 -30.31311 -38.87329 -59.71985 -49.95117 -45.41931 -35.650635 -48.239136 -50.656128 -33.43506 -23.565674 -34.34143 -27.090454 -14.804077 9.667969 7.9559326 4.3304443 -2.1148682 -4.5318604 2.6184082 11.581421 -0.70495605 -5.5389404 -4.5318604 -6.6467285 -2.2155762 6.0424805 8.761597 8.862305 6.4453125 6.9488525 -5.3375244 -12.689209 -23.464966 -18.026733 -12.387085 -25.479126 -36.35559 -22.558594 -11.682129 -1.4099121 32.025146 48.44055 52.468872 57.70569 65.460205 67.67578 84.59473 85.80322 78.149414 82.58057 76.135254 82.9834 81.87561 74.12109 29.80957 -4.0283203 -42.39807 -59.61914 -18.73169 35.95276 29.003906 -2.7191162 -9.970093 20.443726 66.16516 90.737915 63.043213 48.843384 33.032227 8.459473 -3.2226562 11.279297 39.678955 57.302856 93.45703 117.12341 112.89368 81.27136 57.000732 46.829224 48.239136 44.0094 32.42798 8.660889 -11.782837 -49.246216 -83.28552 -129.91333 -144.7174 -133.13599 -116.922 -129.91333 -145.52307 -129.6112 
-75.83313 2954.773 3299.8992 3299.8992 3299.8992 3299.8992 3299.8992 3299.8992 3299.8992 3299.8992 3299.8992 3299.8992 3299.8992 3299.8992 3299.8992 3299.8992 3299.8992 3299.4963 3283.5845 3258.4075 3272.406 3289.7278 -3293.5547 -3277.4414 -3261.026 -3244.7112 -3228.598 -3212.7869 -3197.0764 -3181.4666 -3165.9575 -3150.7507 -3135.6445 -3120.639 -3105.7341 -3091.1316 -3076.4282 -3062.0269 -3047.6257 -2739.7612 -30.81665 3060.617 3299.8992 3299.8992 3299.8992 3299.8992 3299.8992 3299.8992 3299.8992 3299.8992 3299.8992 3299.8992 3299.8992 3299.8992 3299.8992 3299.8992 3299.8992 3298.59 3282.5774 3032.1167 3274.0173 3290.7349 -3292.044 -3276.0315 -3259.7168 -3243.402 -3227.3894 -3211.4775 -3195.767 -3180.1575 -3164.749 -3149.5422 -3134.436 -3119.4304 -3104.6265 -3089.923 -3075.4211 -3060.8184 -3046.5178 -2651.8433 76.7395 3130.9111 3299.8992 3299.8992 3299.8992 3299.8992 3299.8992 3299.8992 3299.8992 3299.8992 3299.8992 3299.8992 3299.8992 3299.8992 3299.8992 3299.8992 3299.8992 3298.2878 3282.2754 2562.918 3276.4343 3293.5547 -3290.1306 -3273.2117 -3256.897 -3240.985 -3225.1738 -3209.3628 -3193.451 -3178.1433 -3162.7349 -3147.4272 -3132.321 -3117.4163 -3102.6123 -3087.909 -3073.3062 -3058.905 -3044.5037 -2390.7073 529.422 3299.8992 3299.8992 3299.8992 3299.8992 3299.8992 3299.8992 3299.8992 3299.8992 3299.8992 3299.8992 3299.8992 3299.8992 3299.8992 3299.8992 3299.8992 3299.8992 3296.576 3280.5632 1734.3933 3277.8442 3294.3604 -3288.6199 -3272.6074 -3256.192 -3239.978 -3223.8647 -3208.0535 -3192.2424 -3176.834 -3161.4258 -3146.3196 -3131.1125 -3116.2078 -3101.4038 -3086.801 -3072.0977 -3057.6965 -3043.396 -2201.9805 903.2501 3299.8992 3299.8992 3299.8992 3299.8992 3299.8992 3299.8992 3299.8992 3299.8992 3299.8992 3299.8992 3299.8992 3299.8992 3299.8992 3299.8992 3299.8992 3299.8992 3293.9575 3278.0457 1026.3153 3277.3406 3294.5618 -3289.325 -3272.406 -3256.192 -3240.1794 -3224.3682 -3208.5571 -3192.9473 -3177.3376 -3161.9292 -3146.823 -3131.7168 -3116.7114 -3101.9072 -3087.2039 -3072.702 -3058.2 -3043.8994 -2031.3812 
602.4353 3099.1882 3299.8992 3299.8992 3299.8992 3299.8992 3299.8992 3299.8992 3299.8992 3299.8992 3299.8992 3299.8992 3299.8992 3299.8992 3299.8992 3299.8992 3284.9944 3270.1904 3255.1848 3117.92 3244.9126 3260.7239 3276.6357 3292.1448 3299.8992 -3277.542 -3262.1338 -3247.229 -3232.4248 -3217.6208 -3203.119 -3188.8184 -3174.417 -3160.2173 -3146.1182 -3132.2205 -3118.3228 -3104.425 -3090.9302 -2040.1428 734.7656 3136.4502 3299.8992 3299.8992 3299.8992 3299.8992 3299.8992 3299.8992 3299.8992 3299.8992 3299.8992 3299.8992 3299.8992 3299.8992 3299.8992 3298.4893 3283.5845 3268.6797 3253.775 2554.66 3247.3296 3262.9395 3278.952 3294.461 -3290.2312 -3274.9236 -3260.0188 -3245.114 -3230.31 -3215.7073 -3201.1047 -3186.7034 -3172.3022 -3158.2031 -3144.104 -3130.2063 -3116.2078 -3102.5115 -3089.0166 -1826.0376 576.0498 2873.6023 3299.8992 3299.8992 3299.8992 3299.8992 3299.8992 3299.8992 3299.8992 3299.8992 3299.8992 3299.8992 3299.8992 3299.8992 3299.8992 3299.8992 3285.901 3270.996 3255.89 2028.6621 3251.5593 3267.2698 3283.2825 3298.59 -3286.0015 -3271.0967 -3255.6885 -3240.7837 -3226.0803 -3211.5784 -3196.7742 -3182.5745 -3168.0725 -3154.1748 -3140.0757 -3125.9766 -3112.3809 -2888.2048 -2603.8054 -507.06482 2257.1685 3299.8992 3299.8992 3299.8992 3299.8992 3299.8992 3299.8992 3299.8992 3299.8992 3299.8992 3299.8992 3299.8992 3299.8992 3299.8992 3299.8992 3289.224 3274.118 3259.2131 3244.6106 488.73596 3245.2148 3261.2273 3277.0386 3292.1448 3299.8992 -3277.542 -3262.1338 -3247.1282 -3232.5256 -3217.7214 -3203.3203 -3189.0198 -3174.5178 -3160.2173 -3146.2188 -3132.4219 -3118.222 -3104.6265 -3044.806 -1956.7566 547.4487 2747.9187 3299.8992 3299.8992 3299.8992 3299.8992 3299.8992 3299.8992 3299.8992 3299.8992 3299.8992 3299.8992 3299.8992 3299.8992 3299.8992 3299.8992 3285.498 3270.5933 3255.487 825.2014 3254.8828 3270.5933 3286.4043 3299.8992 -3282.8796 -3267.4712 -3252.6672 -3237.9639 -3223.1597 -3208.4563 -3193.8538 -3179.6538 -3165.3533 -3151.2542 -3137.155 -3123.2573 -3109.561 -3095.7642 -2903.5125 -308.2672 
-923.79456 -2353.8481 3127.89 3143.7012 3159.3108 3174.9207 3190.8325 3206.1401 3221.045 3236.1511 3251.2573 3266.3635 3281.1675 3295.9717 -3289.325 -3274.6216 -3260.0188 -3245.6177 -3231.3171 -2658.9934 3299.8992 3299.8992 3299.8992 3299.8992 3299.8992 3299.8992 3289.1235 3273.6145 3258.7097 3244.0063 3229.2021 3214.4988 3199.6948 3185.1929 3170.4895 3156.0881 3141.687 3126.9836 2693.7378 962.46643 -798.3124 -2188.8884 3129.5012 3145.514 3160.922 3176.532 3192.343 3207.7515 3222.5554 3237.863 3252.8687 3267.874 3282.7788 3297.583 -3287.6128 -3273.0103 -3258.5083 -3244.107 -3229.8064 -2237.8325 3299.8992 3299.8992 3299.8992 3299.8992 3299.8992 3299.8992 3288.217 3272.6074 3257.7026 3242.9993 3228.296 3213.4917 3198.6877 3184.085 3169.583 3154.9805 3140.68 3124.9695 2585.376 733.5571 -1025.2075 -2247.6013 3156.491 3146.7224 3162.8357 3178.3447 3193.451 3209.0605 3224.3682 3239.5752 3254.6814 3269.6868 3284.5916 3299.4963 -3285.901 -3271.298 -3256.7961 -3242.2942 -3228.0945 -1854.8401 3299.8992 3299.8992 3299.8992 3299.8992 3299.8992 3299.8992 3287.5122 3271.9023 3257.199 3242.395 3227.6917 3212.8875 3198.184 3183.5815 3169.0796 3154.5776 3140.1763 3125.3723 2668.5608 869.3115 -948.66943 -2250.9246 3129.602 3145.6145 3160.922 3176.532 3192.4438 3207.7515 3222.6562 3237.863 3252.9692 3267.9749 3282.7788 3297.583 -3287.6128 -3272.9094 -3258.5083 -3244.107 -3229.7058 -1300.6439 3299.8992 3299.8992 3299.8992 3299.8992 3299.8992 3298.3887 3283.2825 3267.9749 3253.5735 3239.0715 3224.2676 3209.5642 3194.6594 3180.1575 3165.5547 3151.0527 3136.853 3119.8333 2481.9487 547.75085 -1231.2561 -2597.2595 3131.2134 3146.9238 3162.9363 3178.5461 3193.5515 3209.1614 3224.469 3239.5752 3254.8828 3269.5862 3284.3901 3299.3958 -3285.8 -3271.298 -3256.6956 -3242.2942 -3227.9937 -822.7844 3299.8992 3299.8992 3299.8992 3299.8992 3299.8992 3297.7844 3282.5774 3267.3706 3253.07 3238.2659 3223.5625 3208.8591 3194.1558 3179.5532 3165.0513 3150.5493 3136.2488 3119.4304 2374.1912 386.1145 
-1261.7706 327.60315 1722.2076 3074.9175 3299.8992 3299.8992 3299.8992 3299.8992 3299.8992 3299.8992 3299.8992 3299.8992 3299.8992 3299.8992 3299.8992 3299.8992 3299.8992 3299.8992 3299.8992 3299.8992 -1923.8251 -3196.7742 -3181.4666 -3165.756 -3150.4485 -3135.3423 -3120.4375 -3105.6335 -3090.9302 -3076.5288 -3062.0269 -3047.7263 -3033.4258 -3019.4275 -3005.3284 -2991.5312 -2977.7344 -2964.038 -2950.5432 -2623.1414 -1031.6528 519.4519 1963.4033 3249.948 3299.8992 3299.8992 3299.8992 3299.8992 3299.8992 3299.8992 3299.8992 3299.8992 3299.8992 3299.8992 3299.8992 3299.8992 3299.8992 3299.8992 3299.8992 3299.8992 -2583.261 -3199.6948 -3183.9844 -3168.6768 -3153.5706 -3138.4644 -3123.5596 -3108.8562 -3094.052 -3079.4495 -3065.048 -3050.7476 -3036.447 -3022.4487 -3008.3496 -2994.452 -2980.7556 -2967.0593 -2953.4636 -2676.8188 -1255.9296 293.66455 1773.1659 3131.1125 3299.8992 3299.8992 3299.8992 3299.8992 3299.8992 3299.8992 3299.8992 3299.8992 3299.8992 3299.8992 3299.8992 3299.8992 3299.8992 3299.8992 3299.8992 3287.5122 -3013.9893 -3197.0764 -3181.2651 -3165.9575 -3150.8513 -3135.846 -3121.0417 -3106.137 -3091.4336 -3076.831 -3062.329 -3048.1292 -3034.03 -3019.931 -3005.8318 -2992.035 -2978.3386 -2964.6423 -2951.0466 -2547.7112 -1020.47424 481.18286 1796.6309 3039.1663 3299.8992 3299.8992 3299.8992 3299.8992 3299.8992 3299.8992 3299.8992 3299.8992 3299.8992 3299.8992 3299.8992 3299.8992 3299.8992 3299.8992 3299.8992 3063.1348 -3210.6719 -3194.76 -3179.3518 -3163.8428 -3148.5352 -3133.429 -3118.5242 -3103.72 -3089.1174 -3074.6155 -3060.214 -3045.9136 -3031.8145 -3017.7153 -3003.6162 -2989.8193 -2976.123 -2962.4268 -2948.932 -2677.826 -1215.9485 385.40955 1749.7009 3116.2078 3299.8992 3299.8992 3299.8992 3299.8992 3299.8992 3299.8992 3299.8992 3299.8992 3299.8992 3299.8992 3299.8992 3299.8992 3299.8992 3299.8992 3299.8992 2525.656 -3202.8167 -3186.9048 -3171.7986 -3156.189 -3140.982 -3125.9766 -3111.0718 -3096.2676 -3081.7656 -3067.2637 -3052.8625 -3038.562 -3024.463 -3010.5652 -2996.5667 -2982.7698 -2968.9727 -2955.4778 -2941.983 -2193.6218 
-353.88794 -1460.5682 -2450.5278 -3203.7231 3105.3313 3122.0488 3138.565 3155.081 3171.2952 3187.7104 3203.9246 3219.7356 3235.7483 3251.6602 3267.3706 3283.081 3298.59 -3285.901 -3270.5933 -2550.0273 2868.466 3299.8992 3299.8992 3293.9575 3278.7505 3263.2415 3248.1353 3232.6262 3217.1172 3201.004 3185.8977 3170.59 3155.2825 3140.1763 3124.9695 3110.1653 3095.16 3075.4211 2306.2134 793.07556 -595.28503 -1596.524 -2495.7458 -3223.5625 3109.4604 3126.178 3142.694 3159.3108 3175.424 3191.6382 3207.7515 3223.6633 3239.7766 3255.487 3271.399 3287.0085 3299.8992 -3281.8726 -3266.7664 -2161.2944 3257.904 3299.8992 3299.8992 3294.9646 3279.657 3264.5508 3249.2432 3233.6333 3218.4265 3202.1118 3186.9048 3171.5972 3156.5918 3141.1833 3126.0771 3111.3738 3096.2676 3077.4353 2388.1897 946.55457 -328.81165 -1341.1285 -2331.0881 -3090.225 3105.3313 3122.0488 3138.6658 3155.081 3171.3958 3187.8113 3203.8237 3219.8364 3235.7483 3251.6602 3267.4712 3283.081 3298.6907 -3285.901 -3270.3918 -1878.0029 3299.8992 3299.8992 3299.8992 3289.4255 3274.118 3258.9111 3243.6035 3228.195 3212.8875 3196.5728 3181.5674 3166.2598 3150.9521 3135.745 3120.7397 3105.9355 3091.0308 3069.2778 2066.7297 472.11914 -841.6168 -1789.682 -2721.8352 3272.1038 3111.676 3128.3936 3145.0103 3161.325 3177.6396 3193.753 3209.8662 3225.9795 3241.7908 3257.8032 3273.413 3289.224 3299.8992 -3279.959 -3264.6514 -1457.2449 3299.8992 3299.8992 3299.8992 3292.4468 3277.3406 3262.033 3246.6248 3231.2163 3215.7073 3199.594 3184.4878 3169.1802 3153.8726 3138.6658 3123.761 3108.7554 3093.8506 3070.8892 2159.1797 749.97253 -511.6974 -1455.3314 -2387.4846 -3142.2913 3107.2449 3124.1638 3140.68 3157.0952 3173.5107 3189.624 3205.7373 3221.7498 3237.7625 3253.473 3269.284 3284.9944 3299.8992 -3283.9873 -3268.579 -1017.453 3299.8992 3299.8992 3299.8992 3286.4043 3271.1975 3255.89 3240.6829 3225.2747 3209.967 3193.5515 3178.5461 3163.2385 3148.233 3132.8247 3117.92 3103.2166 3088.1104 3044.3022 1977.0996 429.31824 
-461.5448 -121.35315 94.56482 430.82886 833.05664 1812.2406 3229.4036 3299.8992 3299.8992 3299.8992 3299.8992 3299.8992 3299.8992 3299.8992 3299.8992 3299.8992 3299.8992 3299.8992 3299.8992 2526.764 -221.2555 -2087.5762 -3139.0686 -3124.063 -3109.259 -3094.5557 -3080.0537 -3065.6523 -3051.3518 -3037.3535 -3023.2544 -3009.2559 -2995.459 -2981.7627 -2966.5557 -2660.202 -2215.274 -1765.5121 -1224.3073 -910.5011 -674.74365 -338.1775 -180.36804 105.340576 456.4087 1413.9404 2919.7266 3299.8992 3299.8992 3299.8992 3299.8992 3299.8992 3299.8992 3299.8992 3299.8992 3299.8992 3299.8992 3299.8992 3299.8992 2129.8735 -612.5061 -2510.9526 -3126.9836 -3111.978 -3097.2747 -3082.672 -3068.2708 -3053.9702 -3039.871 -3025.772 -3011.6729 -2997.7751 -2983.9783 -2970.3826 -2882.666 -2442.4712 -1991.4001 -1556.0394 -907.9834 -405.65186 -7.1502686 232.03125 403.6377 502.23083 715.6311 1683.9386 3229.1016 3299.8992 3299.8992 3299.8992 3299.8992 3299.8992 3299.8992 3299.8992 3299.8992 3299.8992 3299.8992 3299.8992 3299.8992 2223.4314 -410.68726 -2277.5115 -3138.4644 -3123.4587 -3108.554 -3093.9514 -3079.55 -3065.149 -3050.8484 -3036.6484 -3022.6501 -3008.7524 -2994.9553 -2981.3599 -2967.6636 -2772.8943 -2294.7327 -1947.1893 -1344.4519 -845.343 -551.9806 -211.78894 114.70642 395.48035 733.65784 1798.1415 3299.8992 3299.8992 3299.8992 3299.8992 3299.8992 3299.8992 3299.8992 3299.8992 3299.8992 3299.8992 3299.8992 3299.8992 3299.8992 1655.1361 -908.58765 -2562.8174 -3128.6956 -3113.7908 -3099.0874 -3084.5854 -3070.1843 -3055.783 -3041.4824 -3027.3833 -3013.385 -2999.6887 -2985.8916 -2972.2961 -2956.1829 -2647.9155 -2319.6074 -1877.9022 -1280.0995 -748.6633 -353.98865 -76.33667 130.21545 355.49927 750.4761 1856.0486 3299.8992 3299.8992 3299.8992 3299.8992 3299.8992 3299.8992 3299.8992 3299.8992 3299.8992 3299.8992 3299.8992 3299.8992 3299.8992 1474.466 -958.5388 -2676.5166 -3121.7468 -3106.842 -3092.0378 -3077.536 -3063.034 -3048.8342 -3034.735 -3020.5352 -3006.6375 -2992.8406 -2979.2449 -2965.5486 -2750.839 -2275.5981 -1824.6277 -1391.4825 -1103.0548 -640.90576 

-36.053467 -68.78357 -69.89136 -51.763916 -9.768677 54.58374 119.4397 188.52539 232.83691 263.25073 273.52295 272.01233 245.62683 178.05176 60.72693 -109.16748 -316.42456 -368.89343 -286.8164 -200.91248 -152.87476 -156.90308 -153.479 -128.70483 -95.06836 -88.82446 -55.792236 -10.473633 16.21399 32.025146 24.975586 -1.3092041 -21.75293 -4.1290283 25.076294 53.375244 55.490112 26.687622 22.76001 31.82373 54.0802 59.820557 31.622314 -18.127441 -56.295776 -50.152588 -32.83081 -18.328857 -25.177002 -29.406738 -45.41931 -69.08569 -59.71985 -39.779663 2.3162842 41.088867 80.96924 96.57898 106.75049 71.09985 44.91577 20.141602 -1.6113281 -7.1502686 -12.991333 13.293457 16.314697 -22.558594 -20.443726 7.9559326 27.090454 29.608154 1.6113281 -15.609741 -10.775757 -0.80566406 18.933105 40.48462 44.311523 46.92993 28.29895 -13.293457 -78.75366 -136.56006 -130.719 -76.43738 -20.846558 -3.9276123 3.4240723 8.862305 14.904785 6.3446045 -4.3304443 7.2509766 -9.869385 -3.1219482 10.473633 33.83789 58.511353 56.5979 56.5979 56.5979 56.5979 56.5979 56.5979 56.5979 56.5979 56.5979 56.5979 56.5979 56.5979 56.5979 56.5979 56.5979 56.5979 56.5979 56.5979 56.5979 56.5979 56.5979 56.5979 56.5979 56.5979 56.5979 56.5979 56.5979 56.5979 56.5979 56.5979 56.5979 56.5979 56.5979 56.5979 56.5979 56.5979 56.5979 56.5979 56.5979 56.5979 56.5979 -37.564087 -53.375244 -62.438965 -55.18799 -46.728516 -15.106201 1.0070801 -21.954346 -22.055054 -10.372925 -0.70495605 24.77417 12.588501 -6.5460205 0 -4.7332764 -15.911865 -33.132935 -29.30603 -51.260376 -51.260376 -51.260376 -51.260376 -51.260376 -51.260376 -51.260376 -51.260376 -51.260376 -51.260376 -51.260376 -51.260376 -51.260376 -51.260376 -51.260376 -51.260376 -51.260376 -51.260376 -51.260376 -51.260376 -51.260376 -11.682129 -15.106201 -26.184082 -39.276123 -42.800903 -54.785156 -31.420898 -31.924438 -14.602661 -0.30212402 -0.60424805 9.164429 8.560181 9.768677 37.060547 32.730103 28.29895 20.443726 19.537354 33.636475 
-103.62854 -106.64978 -61.431885 0.40283203 77.041626 135.65369 145.62378 107.958984 100.20447 134.6466 168.98804 173.41919 168.88733 138.67493 80.36499 -24.472046 -146.53015 -220.95337 -226.99585 -196.2799 -156.29883 -144.01245 -133.84094 -112.08801 -111.18164 -119.74182 -121.554565 -127.39563 -122.46094 -103.326416 -83.08411 -73.71826 -62.841797 -45.620728 -29.507446 -20.544434 -12.588501 -11.178589 -0.70495605 11.279297 28.601074 45.822144 64.85596 77.34375 75.32959 75.73242 63.14392 65.76233 59.518433 54.382324 42.49878 29.104614 26.586914 14.199829 -1.8127441 -8.560181 -2.7191162 2.4169922 -8.459473 -35.046387 -52.06604 -68.481445 -77.545166 -67.57507 -52.166748 -38.974 -13.696289 -1.9134521 7.9559326 29.608154 39.678955 51.663208 67.17224 83.184814 101.61438 111.987305 104.73633 106.14624 101.815796 80.26428 78.552246 89.93225 71.60339 38.571167 20.947266 15.811157 -11.380005 -54.58374 -97.283936 -104.837036 -92.44995 -77.041626 -54.281616 -37.664795 -40.686035 -46.627808 -56.09436 -82.37915 -89.328 -70.29419 -52.166748 -28.903198 -4.2297363 0.70495605 -7.4523926 -12.084961 4.5318604 20.443726 26.184082 48.94409 57.504272 59.014893 57.000732 42.196655 35.147095 40.686035 38.571167 34.84497 41.4917 53.778076 46.5271 38.168335 34.140015 17.019653 21.148682 31.723022 27.29187 26.28479 25.78125 21.551514 21.652222 20.24231 21.75293 14.099121 33.535767 59.21631 47.735596 22.659302 14.099121 41.189575 51.361084 34.744263 33.9386 38.671875 41.793823 36.95984 5.8410645 -21.75293 -28.601074 -50.454712 -59.21631 -69.1864 -82.58057 -103.22571 -109.06677 -123.16589 -123.97156 -123.065186 -90.93933 -81.06995 -70.999146 -63.043213 -43.00232 -13.293457 11.581421 14.401245 -53.375244 -70.79773 -45.217896 -19.73877 -21.954346 -22.961426 -20.544434 -11.279297 -1.4099121 12.487793 16.415405 5.1361084 -18.328857 -16.314697 -11.178589 -5.5389404 0.50354004 -6.6467285 -7.3516846 -18.22815 3.4240723 13.494873 23.76709 32.125854 40.081787 67.77649 91.744995 95.16907 91.34216 71.90552 60.928345 50.354004 45.620728 61.23047 
915.8386 3299.8992 3299.8992 3299.8992 3299.8992 3299.8992 3299.8992 3299.8992 3299.8992 3299.8992 3299.8992 3299.8992 3299.8992 3299.8992 3299.8992 3299.8992 3299.8992 3292.9504 3276.9377 -8.056641 3279.0527 3296.173 -3287.6128 -3270.7947 -3254.48 -3238.568 -3222.7568 -3207.0464 -3191.336 -3175.827 -3160.4187 -3145.2117 -3130.2063 -3115.2007 -3100.3967 -3085.6934 -3071.1914 -3056.79 -3042.389 -1759.0668 1200.5402 3299.8992 3299.8992 3299.8992 3299.8992 3299.8992 3299.8992 3299.8992 3299.8992 3299.8992 3299.8992 3299.8992 3299.8992 3299.8992 3299.8992 3299.8992 3299.8992 3291.8425 3275.7292 -1447.6776 3281.369 3297.7844 -3285.1958 -3269.0825 -3252.8687 -3236.6545 -3220.642 -3204.6294 -3189.2212 -3173.6113 -3158.3037 -3143.097 -3128.0913 -3113.086 -3098.2817 -3083.5784 -3069.1772 -3054.6753 -3040.4753 -1613.7451 1451.2024 3299.8992 3299.8992 3299.8992 3299.8992 3299.8992 3299.8992 3299.8992 3299.8992 3299.8992 3299.8992 3299.8992 3299.8992 3299.8992 3299.8992 3299.8992 3299.8992 3291.2383 3274.9236 -2590.8142 3283.081 3299.8992 -3283.6853 -3266.7664 -3250.653 -3234.7412 -3218.93 -3203.2195 -3187.509 -3172 -3156.6924 -3141.5862 -3126.5808 -3111.5752 -3096.7712 -3082.1685 -3067.6665 -3053.366 -3039.0654 -1371.4417 1756.3477 3299.8992 3299.8992 3299.8992 3299.8992 3299.8992 3299.8992 3299.8992 3299.8992 3299.8992 3299.8992 3299.8992 3299.8992 3299.8992 3299.8992 3299.8992 3299.8992 3290.332 3274.0173 3267.572 3284.793 3299.8992 -3281.8726 -3265.7593 -3249.646 -3233.3313 -3217.3186 -3201.6082 -3185.8977 -3170.3887 -3155.182 -3139.9749 -3124.8687 -3110.0647 -3095.3613 -3080.7585 -3066.0552 -3051.7546 -3037.555 -1069.9219 2077.002 3299.8992 3299.8992 3299.8992 3299.8992 3299.8992 3299.8992 3299.8992 3299.8992 3299.8992 3299.8992 3299.8992 3299.8992 3299.8992 3299.8992 3299.8992 3299.8992 3288.6199 3272.1038 3268.7805 3286.1023 3299.8992 -3281.067 -3264.3494 -3248.1353 -3232.3242 -3216.513 -3200.8025 -3185.1929 -3169.7844 -3154.3762 -3139.27 -3124.2644 -3109.3596 -3094.5557 -3079.953 -3065.5518 -3051.1504 -3036.8499 -894.79065 
2481.3445 3299.8992 3299.8992 3299.8992 3299.8992 3299.8992 3299.8992 3299.8992 3299.8992 3299.8992 3299.8992 3299.8992 3299.8992 3299.8992 3299.8992 3288.8213 3274.0173 3259.0117 3244.0063 -435.0586 3247.4304 3263.4429 3278.952 3294.3604 3299.8992 -3275.0244 -3260.0188 -3245.3154 -3230.5115 -3215.9087 -3201.3062 -3187.0056 -3172.6042 -3158.5051 -3144.3054 -3130.307 -3116.51 -3102.713 -3087.6067 -854.40674 1812.7441 3299.8992 3299.8992 3299.8992 3299.8992 3299.8992 3299.8992 3299.8992 3299.8992 3299.8992 3299.8992 3299.8992 3299.8992 3299.8992 3299.8992 3288.1165 3273.3123 3258.307 3243.3013 -1166.6016 3248.7395 3264.6514 3280.0598 3295.5688 -3289.224 -3274.2188 -3259.0117 -3244.0063 -3229.303 -3214.5996 -3200.0977 -3185.797 -3171.3958 -3157.2966 -3143.097 -3129.4006 -3115.402 -3101.7058 -2931.5093 -402.22778 2041.1499 3299.8992 3299.8992 3299.8992 3299.8992 3299.8992 3299.8992 3299.8992 3299.8992 3299.8992 3299.8992 3299.8992 3299.8992 3299.8992 3299.8992 3285.6995 3270.8953 3255.89 3240.8843 -2314.6729 3248.941 3265.0542 3280.3618 3295.8708 -3288.922 -3274.118 -3258.7097 -3243.9055 -3229.1016 -3214.4988 -3199.8962 -3185.4949 -3171.2952 -3157.0952 -3142.996 -3129.0984 -3115.2007 -3101.4038 -3021.5422 -694.3817 1777.8992 3299.8992 3299.8992 3299.8992 3299.8992 3299.8992 3299.8992 3299.8992 3299.8992 3299.8992 3299.8992 3299.8992 3299.8992 3299.8992 3299.8992 3288.7207 3273.816 3258.8103 3243.5027 3245.114 3254.48 3270.4924 3285.8 3299.8992 -3283.5845 -3268.6797 -3253.372 -3238.568 -3223.764 -3209.1614 -3194.76 -3180.359 -3166.159 -3151.9592 -3137.9607 -3123.9624 -3110.1653 -3096.469 -2893.9453 -381.58264 2173.4802 3299.8992 3299.8992 3299.8992 3299.8992 3299.8992 3299.8992 3299.8992 3299.8992 3299.8992 3299.8992 3299.8992 3299.8992 3299.8992 3299.8992 3289.627 3274.823 3259.8174 3244.3083 3241.7908 3257.904 3273.816 3289.224 3299.8992 -3280.1604 -3265.3564 -3250.1494 -3235.2446 -3220.642 -3206.0393 -3191.5374 -3177.1362 -3162.9363 -3148.8372 -3134.9395 -3120.9412 -3107.144 -3093.5486 -2413.0645 352.47803 
-1322.4976 -2712.671 3133.1267 3148.938 3164.5476 3179.956 3195.767 3211.0747 3225.9795 3241.0857 3256.0913 3271.1975 3286.0015 3299.8992 -3284.3901 -3269.7876 -3255.2856 -3240.985 -3226.6846 -240.59143 3299.8992 3299.8992 3299.8992 3299.8992 3299.8992 3296.9788 3281.8726 3266.565 3252.2644 3237.561 3222.7568 3208.0535 3193.35 3178.7476 3164.2456 3149.7437 3135.5437 3118.222 2364.3218 403.03345 -1229.5441 -2547.6104 3131.012 3146.7224 3162.7349 3178.244 3193.35 3209.0605 3224.3682 3239.5752 3254.5806 3269.5862 3284.5916 3299.295 -3286.0015 -3271.399 -3256.897 -3242.4956 -3228.195 503.74146 3299.8992 3299.8992 3299.8992 3299.8992 3299.8992 3292.044 3277.6428 3262.033 3247.3296 3232.5256 3217.9229 3203.119 3188.516 3173.9136 3159.4116 3145.0103 3130.8105 3112.683 2114.6667 229.01001 -1284.9335 -2573.7944 3129.0984 3145.111 3160.4187 3175.9277 3191.8396 3207.1472 3222.052 3237.1582 3252.2644 3267.3706 3282.1746 3296.9788 -3288.3179 -3273.715 -3259.2131 -3244.7112 -3230.5115 920.4712 3299.8992 3299.8992 3299.8992 3299.8992 3299.8992 3288.7207 3274.3193 3258.7097 3244.0063 3229.303 3214.4988 3199.8962 3185.1929 3170.691 3156.0881 3141.7876 3127.487 3104.6265 1731.3721 -194.9707 -1654.129 -2870.984 3133.1267 3148.8372 3164.6484 3180.1575 3195.3643 3210.8733 3226.181 3241.287 3256.3933 3271.4995 3286.203 3299.8992 -3284.491 -3269.8882 -3255.3862 -3240.7837 -3226.4832 1690.686 3299.8992 3299.8992 3299.8992 3299.8992 3299.8992 3289.627 3274.3193 3259.1125 3244.812 3230.0078 3215.4053 3200.702 3185.9985 3171.4966 3156.9946 3142.5933 3128.1921 3041.4824 1574.3683 -324.17908 -1811.737 -3034.8357 3136.3494 3152.2612 3167.5688 3183.078 3198.7883 3214.096 3229.0007 3244.107 3259.2131 3274.2188 3289.0227 3299.8992 -3281.5703 -3266.9678 -3252.4658 -3238.0645 -3223.9653 2338.9434 3299.8992 3299.8992 3299.8992 3299.8992 3299.8992 3289.8284 3275.4272 3259.8174 3245.114 3230.31 3215.6067 3200.9033 3186.3005 3171.698 3157.196 3142.7947 3128.2927 3017.111 1368.7225 -503.54004 
-702.8412 825.1007 2252.0325 3299.8992 3299.8992 3299.8992 3299.8992 3299.8992 3299.8992 3299.8992 3299.8992 3299.8992 3299.8992 3299.8992 3299.8992 3299.8992 3299.8992 3299.8992 3299.8992 2252.8381 -3204.126 -3188.214 -3172.5037 -3157.196 -3142.1904 -3127.185 -3112.3809 -3097.577 -3083.075 -3068.573 -3054.1716 -3039.871 -3025.772 -3011.7737 -2997.7751 -2983.8774 -2970.1812 -2956.6863 -2943.1914 -2222.525 -519.1498 987.5427 2411.7554 3299.8992 3299.8992 3299.8992 3299.8992 3299.8992 3299.8992 3299.8992 3299.8992 3299.8992 3299.8992 3299.8992 3299.8992 3299.8992 3299.8992 3299.8992 3299.8992 1999.1547 -3206.0393 -3190.2283 -3174.5178 -3159.3108 -3144.2046 -3129.1992 -3114.395 -3099.591 -3085.089 -3070.4863 -3056.0852 -3041.7847 -3027.6855 -3013.5864 -2999.6887 -2985.8916 -2972.1953 -2958.499 -2945.0042 -2083.3464 -497.79968 1012.82043 2426.2573 3299.8992 3299.8992 3299.8992 3299.8992 3299.8992 3299.8992 3299.8992 3299.8992 3299.8992 3299.8992 3299.8992 3299.8992 3299.8992 3299.8992 3299.8992 3299.8992 1053.6072 -3204.0251 -3188.214 -3173.2085 -3157.5989 -3142.4927 -3127.2856 -3112.4817 -3097.7783 -3083.1755 -3068.7744 -3054.373 -3040.0725 -3025.8728 -3011.975 -2997.9766 -2984.2803 -2970.4834 -2956.8877 -2943.1914 -1757.0526 -75.631714 1271.3379 2522.4333 3299.8992 3299.8992 3299.8992 3299.8992 3299.8992 3299.8992 3299.8992 3299.8992 3299.8992 3299.8992 3299.8992 3299.8992 3299.8992 3299.8992 3299.8992 3299.8992 905.6671 -3206.9458 -3191.1345 -3175.525 -3160.2173 -3145.2117 -3130.307 -3115.402 -3100.7996 -3086.0962 -3071.4934 -3057.1929 -3042.9932 -3028.894 -3014.795 -3000.6958 -2986.8987 -2973.2024 -2959.607 -2946.112 -1995.7306 -455.2002 1072.0367 2505.011 3299.8992 3299.8992 3299.8992 3299.8992 3299.8992 3299.8992 3299.8992 3299.8992 3299.8992 3299.8992 3299.8992 3299.8992 3299.8992 3299.8992 3299.8992 3299.8992 298.1964 -3203.2195 -3187.509 -3171.7986 -3156.6924 -3141.687 -3126.7822 -3111.8774 -3097.174 -3082.5713 -3068.0693 -3053.6682 -3039.3677 -3025.2686 -3011.3708 -2997.4731 -2983.5754 -2969.8792 -2956.1829 -2940.1702 -1685.0464 
-734.7656 -1684.3414 -2592.1233 3272.1038 3108.0505 3124.768 3141.4856 3157.8003 3174.115 3190.4297 3206.4421 3222.5554 3238.3667 3254.2786 3269.989 3285.5986 3299.8992 -3283.383 -3268.0754 -454.79736 3299.8992 3299.8992 3299.295 3283.786 3268.579 3253.1707 3237.9639 3222.5554 3207.1472 3191.034 3175.827 3160.7207 3145.413 3130.307 3115.3015 3100.4973 3085.391 2961.621 1854.3365 338.98315 -877.4689 -1789.8834 -2704.6143 3207.852 3108.9568 3125.6743 3142.2913 3158.7065 3175.0212 3191.1345 3207.2478 3223.2605 3239.1724 3254.9834 3270.8953 3286.5051 3299.8992 -3282.5774 -3267.2698 -156.09741 3299.8992 3299.8992 3298.4893 3283.081 3267.6726 3252.4658 3237.2588 3221.8506 3206.4421 3190.2283 3175.0212 3159.915 3144.7083 3129.602 3114.6973 3099.7925 3084.8877 3012.8813 1918.8904 474.234 -700.3235 -1556.6437 -2404.605 -3060.0127 3102.411 3119.1284 3135.745 3152.1606 3168.4753 3184.79 3201.004 3216.8152 3232.8276 3248.639 3264.5508 3280.3618 3295.7703 -3288.7207 -3273.3123 519.2505 3299.8992 3299.8992 3289.0227 3273.6145 3258.206 3243.0999 3227.893 3212.5854 3197.0764 3181.0637 3165.9575 3150.7507 3135.5437 3120.5383 3105.7341 3090.8293 3073.1047 2701.7944 1340.5243 -114.80713 -1171.7377 -2046.7896 -2946.6155 3092.5415 3109.1582 3125.8757 3142.2913 3158.908 3175.122 3191.2354 3207.4492 3223.361 3239.273 3255.1848 3270.6938 3286.5051 3299.8992 -3282.4768 -3267.2698 917.34924 3299.8992 3299.8992 3292.1448 3277.24 3262.033 3246.7253 3231.4177 3216.0095 3200.702 3184.4878 3169.4824 3154.1748 3139.1692 3123.9624 3109.0576 3094.2534 3076.4282 2773.0957 1502.2614 88.723755 -954.7119 -1876.3916 -2796.6614 3106.6406 3107.849 3124.6672 3141.1833 3157.498 3174.0142 3190.0269 3206.1401 3222.2534 3237.9639 3253.775 3269.5862 3285.2966 3299.8992 -3283.8867 -3264.047 1406.488 3299.8992 3299.8992 3288.6199 3273.715 3258.5083 3243.3013 3227.9937 3212.686 3197.2778 3181.0637 3166.0583 3150.8513 3135.6445 3120.7397 3105.835 3090.9302 3072.4 2542.7764 1238.4064 -161.33423 
-317.53235 31.82373 254.0863 456.91223 981.1981 2094.0215 3299.8992 3299.8992 3299.8992 3299.8992 3299.8992 3299.8992 3299.8992 3299.8992 3299.8992 3299.8992 3299.8992 3299.8992 3299.8992 1631.1676 -862.6648 -2606.021 -3128.9978 -3113.9922 -3099.3896 -3084.6863 -3070.285 -3055.9844 -3041.6838 -3027.5847 -3013.4856 -2999.6887 -2986.093 -2972.3967 -2898.9807 -2514.3767 -2037.6251 -1650.9064 -1335.5896 -1008.08716 -650.2716 -377.75574 -33.33435 309.97925 795.0897 1998.7518 3299.8992 3299.8992 3299.8992 3299.8992 3299.8992 3299.8992 3299.8992 3299.8992 3299.8992 3299.8992 3299.8992 3299.8992 3299.8992 1087.4451 -1326.6266 -2948.3276 -3116.3086 -3101.6052 -3086.801 -3072.4 -3057.9985 -3043.7988 -3029.5989 -3015.6006 -3001.602 -2987.9058 -2974.109 -2960.614 -2731.8054 -2255.96 -1925.7385 -1695.8221 -1260.26 -749.6704 -328.3081 19.134521 277.04773 463.15613 945.5475 2386.7798 3299.8992 3299.8992 3299.8992 3299.8992 3299.8992 3299.8992 3299.8992 3299.8992 3299.8992 3299.8992 3299.8992 3299.8992 3257.5012 613.11035 -1690.3839 -3126.48 -3111.4746 -3096.6704 -3082.0679 -3067.6665 -3053.2654 -3039.0654 -3024.9663 -3010.968 -2997.171 -2983.2732 -2969.577 -2954.8735 -2528.1738 -2164.7185 -1874.7803 -1480.7098 -1088.6536 -664.77356 -379.9713 -127.194214 133.84094 387.323 972.73865 2373.0835 3299.8992 3299.8992 3299.8992 3299.8992 3299.8992 3299.8992 3299.8992 3299.8992 3299.8992 3299.8992 3299.8992 3299.8992 2973.2024 302.22473 -1893.9148 -3120.0347 -3105.0293 -3090.1245 -3075.6226 -3061.2212 -3046.9207 -3032.8215 -3018.8232 -3004.724 -2990.8264 -2977.2307 -2963.6353 -2934.43 -2540.7622 -2130.3772 -1790.9912 -1336.1938 -730.13306 -222.26257 53.17383 384.906 640.2008 807.2754 1412.027 2938.2568 3299.8992 3299.8992 3299.8992 3299.8992 3299.8992 3299.8992 3299.8992 3299.8992 3299.8992 3299.8992 3299.8992 3299.8992 3090.7288 456.71082 -1683.9386 -3134.3352 -3119.1284 -3104.3242 -3089.6208 -3075.3203 -3060.8184 -3046.6187 -3032.5195 -3018.4204 -3004.4219 -2990.7256 -2977.0293 -2963.5344 -2825.1616 -2504.7087 -2110.437 -1635.2966 -938.3972 -373.02246 

20.040894 -12.185669 -17.422485 -24.572754 -36.254883 -37.46338 -16.71753 -3.2226562 -1.6113281 6.3446045 23.162842 45.217896 43.40515 44.613647 32.025146 -10.272217 -44.91577 -41.290283 -18.73169 9.667969 9.667969 9.667969 9.667969 9.667969 9.667969 9.667969 9.667969 9.667969 9.667969 9.667969 9.667969 9.667969 9.667969 9.667969 9.667969 9.667969 9.667969 9.667969 9.667969 9.667969 9.667969 9.667969 9.667969 9.667969 9.667969 9.667969 9.667969 9.667969 9.667969 9.667969 9.667969 9.667969 9.667969 9.667969 9.667969 9.667969 9.667969 9.667969 9.667969 9.667969 9.667969 9.667969 9.667969 9.667969 9.667969 9.667969 9.667969 9.667969 9.667969 9.667969 9.667969 9.667969 9.667969 9.667969 9.667969 9.667969 9.667969 9.667969 9.667969 9.667969 9.667969 9.667969 9.667969 9.667969 9.667969 9.667969 9.667969 9.667969 9.667969 9.667969 9.667969 9.667969 9.667969 9.667969 9.667969 9.667969 9.667969 9.667969 9.667969 9.667969 9.667969 9.667969 9.667969 9.667969 9.667969 9.667969 9.667969 9.667969 9.667969 9.667969 9.667969 9.667969 9.667969 9.667969 9.667969 9.667969 9.667969 9.667969 9.667969 9.667969 9.667969 9.667969 9.667969 9.667969 9.667969 9.667969 9.667969 9.667969 9.667969 9.667969 9.667969 9.667969 9.667969 9.667969 9.667969 9.667969 9.667969 9.667969 9.667969 9.667969 9.667969 9.667969 9.667969 9.667969 9.667969 9.667969 9.667969 9.667969 9.667969 9.667969 9.667969 9.667969 9.667969 9.667969 9.667969 9.667969 9.667969 9.667969 9.667969 9.667969 9.667969 9.667969 9.667969 9.667969 9.667969 9.667969 9.667969 9.667969 9.667969 9.667969 9.667969 9.667969 9.667969 9.667969 9.667969 9.667969 9.667969 9.667969 9.667969 9.667969 9.667969 9.667969 9.667969 9.667969 9.667969 9.667969 9.667969 9.667969 9.667969 9.667969 9.667969 9.667969 9.667969 9.667969 9.667969 9.667969 9.667969 9.667969 9.667969 9.667969 9.667969 9.667969 9.667969 9.667969 9.667969 9.667969 9.667969 9.667969 9.667969 9.667969 9.667969 9.667969 9.667969 9.667969 9.667969 9.667969 9.667969 9.667969 9.667969 9.667969 
67.17224 82.88269 90.5365 96.37756 100.40588 95.37048 99.09668 106.14624 89.12659 69.28711 52.267456 22.76001 -3.4240723 -1.2084961 -31.219482 -79.660034 -126.690674 -138.07068 -131.32324 -118.2312 -134.74731 -156.70166 -141.29333 -93.15491 -65.56091 -35.95276 -1.3092041 30.413818 41.89453 60.021973 53.67737 31.118774 14.703369 -18.328857 -53.878784 -102.01721 -126.589966 -130.51758 -107.455444 -84.695435 -52.770996 -17.019653 -7.0495605 -5.2368164 6.3446045 20.141602 3.5247803 4.2297363 9.768677 -0.30212402 -1.9134521 -14.199829 -18.22815 -16.818237 -8.560181 -2.4169922 14.602661 -17.623901 -39.779663 -39.98108 -29.80957 -9.667969 5.5389404 20.947266 27.996826 37.564087 63.74817 81.27136 89.02588 109.77173 117.526245 128.10059 133.53882 135.8551 122.76306 94.86694 44.714355 14.602661 -12.789917 -37.36267 -53.375244 -44.51294 -31.82373 -22.961426 -31.924438 -38.571167 -39.578247 -23.565674 -28.601074 -38.269043 -44.51294 -51.5625 -34.44214 -29.003906 -21.148682 3.1219482 12.689209 30.413818 5.6396484 -19.033813 -31.723022 -45.318604 -50.354004 -41.39099 -17.523193 7.9559326 -1.4099121 -8.963013 -13.897705 -10.574341 2.5177002 18.22815 17.825317 4.2297363 -4.7332764 -18.026733 -19.73877 -22.76001 -18.630981 -22.961426 -15.609741 -10.876465 1.7120361 13.897705 22.155762 32.125854 47.332764 74.62463 68.38074 56.09436 55.993652 57.10144 52.06604 54.483032 60.424805 49.649048 58.10852 62.23755 73.21472 106.24695 115.10925 95.773315 75.32959 65.3595 53.475952 54.281616 38.067627 -1.2084961 -51.361084 -63.043213 -45.92285 -37.96692 -14.199829 20.74585 26.586914 -11.581421 -41.693115 -27.29187 -10.977173 -3.2226562 -10.775757 -30.615234 -46.829224 -55.288696 -82.07703 -90.93933 -67.77649 -56.497192 -65.460205 -79.45862 -58.20923 -41.088867 -50.253296 -78.75366 -65.05737 -28.097534 10.876465 1.2084961 -10.675049 -12.487793 -19.940186 -37.664795 -37.36267 -60.525513 -74.2218 -16.616821 36.053467 41.89453 37.261963 12.890625 7.3516846 16.314697 24.169922 41.693115 86.10535 135.15015 170.39795 176.44043 149.45068 95.47119 8.157349 -45.92285 -78.048706 -107.455444 -113.1958 -98.0896 -91.744995 -111.78589 -115.512085 -101.412964 -98.19031 -101.815796 -66.06445 -45.822144 -40.88745 -43.50586 -29.608154 -27.191162 -38.571167 -38.87329 
2222.8271 3299.8992 3299.8992 3299.8992 3299.8992 3299.8992 3299.8992 3299.8992 3299.8992 3299.8992 3299.8992 3299.8992 3299.8992 3299.8992 3299.8992 3299.8992 3299.8992 3287.6128 3270.8953 3270.291 3287.4114 3299.8992 -3278.8513 -3263.04 -3246.8262 -3230.713 -3214.7002 -3198.8892 -3183.2793 -3167.871 -3152.5635 -3137.4573 -3122.4517 -3107.5469 -3092.743 -3078.1401 -3063.739 -3049.3376 -3034.8357 -735.9741 2320.7153 3299.8992 3299.8992 3299.8992 3299.8992 3299.8992 3299.8992 3299.8992 3299.8992 3299.8992 3299.8992 3299.8992 3299.8992 3299.8992 3299.8992 3299.8992 3299.8992 3287.915 3270.8953 3273.2117 3290.2312 -3293.3533 -3276.3335 -3260.4216 -3244.2078 -3228.0945 -3212.0818 -3196.3713 -3180.8623 -3165.3533 -3150.1465 -3135.0403 -3120.0347 -3105.2307 -3090.5273 -3075.824 -3061.4226 -3047.0215 -2984.4817 -563.7634 2561.1052 3299.8992 3299.8992 3299.8992 3299.8992 3299.8992 3299.8992 3299.8992 3299.8992 3299.8992 3299.8992 3299.8992 3299.8992 3299.8992 3299.8992 3299.8992 3299.8992 3287.8142 3266.867 3275.83 3292.8496 -3290.1306 -3274.0173 -3257.4004 -3241.287 -3225.3752 -3209.6648 -3193.9543 -3178.3447 -3163.037 -3147.83 -3132.7239 -3117.7185 -3102.8137 -3088.211 -3073.6084 -3059.207 -3044.9065 -2798.2727 -58.10852 3019.8303 3299.8992 3299.8992 3299.8992 3299.8992 3299.8992 3299.8992 3299.8992 3299.8992 3299.8992 3299.8992 3299.8992 3299.8992 3299.8992 3299.8992 3299.8992 3299.8992 3285.6995 3096.2676 3276.535 3293.6553 -3289.4255 -3272.9094 -3256.9976 -3240.7837 -3224.6704 -3208.7585 -3192.9473 -3177.4382 -3162.03 -3146.823 -3131.8176 -3116.812 -3102.008 -3087.2039 -3072.6013 -3058.3008 -3043.8994 -2787.8997 -89.52942 3057.495 3299.8992 3299.8992 3299.8992 3299.8992 3299.8992 3299.8992 3299.8992 3299.8992 3299.8992 3299.8992 3299.8992 3299.8992 3299.8992 3299.8992 3299.8992 3299.8992 3286.3037 2684.4727 3279.657 3296.6765 -3286.4043 -3270.3918 -3253.6743 -3237.561 -3221.7498 -3206.1401 -3190.4297 -3174.9207 -3159.5122 -3144.3054 -3129.2998 -3114.395 -3099.591 -3084.8877 -3070.285 -3055.8838 -3041.6838 -2429.782 394.67468 3299.8992 3299.8992 3299.8992 3299.8992 3299.8992 3299.8992 3299.8992 3299.8992 3299.8992 3299.8992 3299.8992 3299.8992 3299.8992 3299.8992 3299.8992 3299.8992 3299.8992 3284.0881 2005.6 3280.2612 
2863.2292 3299.8992 3299.8992 3299.8992 3299.8992 3299.8992 3299.8992 3299.8992 3299.8992 3299.8992 3299.8992 3299.8992 3299.8992 3299.8992 3299.7986 3284.9944 3269.989 3255.1848 3239.4744 3239.978 3256.0913 3272.0032 3287.4114 3299.8992 -3282.074 -3266.6655 -3251.9622 -3237.0574 -3222.354 -3207.852 -3193.35 -3178.949 -3164.749 -3150.5493 -3136.5508 -3122.653 -3108.8562 -3095.2605 -2283.1511 335.15625 2917.511 3299.8992 3299.8992 3299.8992 3299.8992 3299.8992 3299.8992 3299.8992 3299.8992 3299.8992 3299.8992 3299.8992 3299.8992 3299.8992 3297.7844 3282.7788 3267.874 3252.9692 3234.6404 3240.1794 3256.192 3271.701 3287.5122 3299.8992 -3281.9731 -3266.6655 -3251.7607 -3237.0574 -3222.2534 -3207.6506 -3193.2495 -3178.8481 -3164.6484 -3150.5493 -3136.5508 -3122.653 -3108.9568 -3095.16 -2157.1655 567.59033 3112.7837 3299.8992 3299.8992 3299.8992 3299.8992 3299.8992 3299.8992 3299.8992 3299.8992 3299.8992 3299.8992 3299.8992 3299.8992 3299.8992 3295.6694 3280.7646 3265.9607 3250.955 3094.2534 3241.287 3257.2998 3272.708 3288.5193 3299.8992 -3280.8655 -3265.7593 -3250.955 -3236.0503 -3221.4478 -3206.845 -3192.343 -3178.0425 -3163.8428 -3149.7437 -3135.6445 -3121.7468 -3107.9497 -3094.3542 -1892.6056 944.8425 3299.8992 3299.8992 3299.8992 3299.8992 3299.8992 3299.8992 3299.8992 3299.8992 3299.8992 3299.8992 3299.8992 3299.8992 3299.8992 3299.8992 3293.1519 3278.3477 3263.4429 3248.538 2826.773 3240.4814 3256.4941 3271.9023 3287.7136 3299.8992 -3281.6711 -3266.3635 -3251.6602 -3236.856 -3222.052 -3207.55 -3193.1487 -3178.7476 -3164.5476 -3150.348 -3136.4502 -3122.4517 -3108.6548 -3095.16 -1812.0392 790.25574 3074.3132 3299.8992 3299.8992 3299.8992 3299.8992 3299.8992 3299.8992 3299.8992 3299.8992 3299.8992 3299.8992 3299.8992 3299.8992 3299.8992 3293.5547 3278.65 3263.745 3248.8403 2277.713 3243.5027 3259.4146 3274.9236 3290.8354 3299.8992 -3278.7505 -3263.5437 -3248.8403 -3233.9355 -3219.3328 -3204.8308 -3190.3289 -3175.9277 -3161.7278 -3147.6287 -3133.6304 -3119.7327 -3106.0364 -3092.4407 -1331.7627 1153.006 3299.8992 3299.8992 3299.8992 3299.8992 3299.8992 3299.8992 3299.8992 3299.8992 3299.8992 3299.8992 3299.8992 3299.8992 3299.8992 3299.8992 3291.4397 3276.535 3261.6301 3246.8262 1725.531 3243.6035 
-1929.2633 -3146.9238 3139.7734 3155.2825 3171.2952 3186.8042 3201.8096 3217.218 3232.6262 3247.8333 3262.8386 3277.8442 3292.6482 -3292.5476 -3277.9448 -3263.3423 -3248.941 -3234.5398 -3204.3274 2994.049 3299.8992 3299.8992 3299.8992 3299.8992 3299.8992 3290.7349 3275.6287 3260.321 3245.819 3231.2163 3216.3115 3201.709 3187.207 3172.5037 3158.0017 3143.7012 3129.4006 2989.618 1416.5588 -415.82336 -1863.7024 -3137.3564 3139.3706 3155.2825 3170.59 3185.9985 3201.9104 3217.1172 3231.9214 3247.0276 3262.1338 3277.0386 3291.8425 3299.8992 -3278.549 -3264.148 -3249.646 -3235.3455 -3080.8594 3299.8992 3299.8992 3299.8992 3299.8992 3299.8992 3299.8992 3288.4185 3273.9165 3258.4075 3243.6035 3228.7993 3214.1968 3199.4934 3184.8906 3170.288 3155.6853 3141.3848 3126.9836 2816.7021 1150.8911 -634.8633 -2024.4324 3299.8992 3141.4856 3157.0952 3173.108 3188.516 3203.5217 3219.0308 3234.439 3249.5452 3264.5508 3279.4556 3294.159 -3291.0369 -3276.3335 -3261.731 -3247.531 -3233.029 -2745.5017 3299.8992 3299.8992 3299.8992 3299.8992 3299.8992 3299.8992 3287.7136 3272.5066 3257.199 3242.8984 3228.195 3213.4917 3198.7883 3184.1858 3169.583 3155.182 3140.68 3126.178 2757.4858 991.77246 -789.24866 -2107.7178 -3265.3564 3142.5933 3158.4045 3173.9136 3189.4226 3204.9316 3220.1384 3234.9426 3250.2502 3265.155 3280.0598 3294.9646 -3290.332 -3275.7292 -3261.2273 -3246.524 -3232.2234 -2430.487 3299.8992 3299.8992 3299.8992 3299.8992 3299.8992 3299.8992 3286.4043 3271.9023 3256.4941 3241.69 3226.886 3212.1826 3197.4792 3182.8765 3168.3745 3153.772 3139.572 3125.07 2820.932 998.7213 -826.91345 -2256.4636 3158.1023 3142.694 3158.2031 3173.9136 3189.3218 3205.133 3220.3398 3235.2446 3250.2502 3265.2556 3280.2612 3294.9646 -3290.2312 -3275.6287 -3260.9253 -3246.524 -3232.2234 -1929.4647 3299.8992 3299.8992 3299.8992 3299.8992 3299.8992 3298.7915 3284.0881 3268.881 3253.6743 3239.3738 3224.5696 3209.967 3195.3643 3180.661 3166.0583 3151.5564 3137.4573 3122.5525 2569.867 708.58154 -972.83936 -2363.8184 3133.731 3144.0032 3159.7136 3175.2227 3190.7317 3205.6365 3221.1455 3236.3525 3251.5593 3266.464 3281.369 3296.2737 -3289.0227 -3274.3193 -3259.7168 -3245.4163 -3231.1157 -1284.5306 3299.8992 
-194.06433 1323.2025 2754.5654 3299.8992 3299.8992 3299.8992 3299.8992 3299.8992 3299.8992 3299.8992 3299.8992 3299.8992 3299.8992 3299.8992 3299.8992 3299.8992 3299.8992 3299.8992 3299.8992 -502.33154 -3201.8096 -3186.099 -3170.8923 -3155.2825 -3140.1763 -3125.171 -3110.3667 -3095.7642 -3081.0608 -3066.5588 -3052.2583 -3038.0583 -3023.8586 -3009.961 -2996.0632 -2982.266 -2968.5698 -2954.9744 -2941.278 -1782.2296 -275.03357 1202.9572 2529.181 3299.8992 3299.8992 3299.8992 3299.8992 3299.8992 3299.8992 3299.8992 3299.8992 3299.8992 3299.8992 3299.8992 3299.8992 3299.8992 3299.8992 3299.8992 3299.8992 -1090.4663 -3195.767 -3180.0566 -3165.0513 -3149.5422 -3134.3352 -3119.3298 -3104.6265 -3090.0237 -3075.4211 -3060.9192 -3046.7192 -3032.4187 -3018.4204 -3004.3213 -2990.5242 -2976.828 -2963.1316 -2949.5361 -2839.3616 -1410.1135 114.90784 1526.3306 2835.5347 3299.8992 3299.8992 3299.8992 3299.8992 3299.8992 3299.8992 3299.8992 3299.8992 3299.8992 3299.8992 3299.8992 3299.8992 3299.8992 3299.8992 3299.8992 3299.8992 -1636.1023 -3194.76 -3179.1504 -3163.742 -3148.6357 -3133.6304 -3118.6248 -3103.8208 -3089.3188 -3074.6155 -3060.214 -3045.9136 -3031.7139 -3017.6147 -3003.717 -2989.8193 -2976.123 -2962.5273 -2948.932 -2838.455 -1417.7673 41.592407 1492.2913 2881.4575 3299.8992 3299.8992 3299.8992 3299.8992 3299.8992 3299.8992 3299.8992 3299.8992 3299.8992 3299.8992 3299.8992 3299.8992 3299.8992 3299.8992 3299.8992 3299.8992 -2042.6605 -3192.343 -3176.834 -3161.1235 -3146.0173 -3131.012 -3116.2078 -3101.4038 -3086.801 -3072.1985 -3057.898 -3043.4966 -3029.4983 -3015.2983 -3001.4006 -2987.6038 -2973.706 -2960.1104 -2946.6155 -2736.6394 -1229.3427 279.56543 1702.6703 2961.5203 3299.8992 3299.8992 3299.8992 3299.8992 3299.8992 3299.8992 3299.8992 3299.8992 3299.8992 3299.8992 3299.8992 3299.8992 3299.8992 3299.8992 3299.8992 3297.2808 -3009.0544 -3189.624 -3173.9136 -3158.908 -3143.399 -3128.2927 -3113.388 -3098.6846 -3083.9812 -3069.58 -3055.0781 -3040.7776 -3026.5776 -3012.68 -2998.7822 -2984.8845 -2971.1882 -2957.5928 -2944.098 -2506.723 -1003.2532 520.25757 1914.9628 3087.7075 3299.8992 3299.8992 3299.8992 3299.8992 3299.8992 3299.8992 3299.8992 3299.8992 3299.8992 3299.8992 3299.8992 3299.8992 3299.8992 3299.8992 3299.8992 3069.6807 -3205.0322 
-1198.8281 -2103.7903 -3001.3 3094.757 3111.676 3128.1921 3144.7083 3161.1235 3177.539 3193.5515 3209.7656 3225.778 3241.69 3257.5012 3273.2117 3288.7207 3299.8992 -3280.3618 -3118.6248 1784.1431 3299.8992 3299.8992 3289.7278 3274.7222 3259.616 3244.3083 3229.0007 3213.5925 3198.184 3182.1716 3166.9646 3151.7578 3136.6516 3121.646 3106.7412 3091.7358 3074.3132 2662.1155 1302.5574 -139.37988 -1133.9722 -2035.4095 -2897.6714 3093.5486 3110.266 3126.9836 3143.4998 3159.8145 3176.1292 3192.343 3208.4563 3224.469 3240.3809 3256.192 3271.8018 3287.6128 3299.8992 -3281.4697 -2952.7588 2181.0332 3299.8992 3299.8992 3287.1094 3271.8018 3256.2927 3241.1865 3225.879 3210.4705 3195.1628 3179.0496 3163.9434 3148.7366 3133.731 3118.6248 3103.72 3088.916 3070.285 2490.6096 1061.4624 -261.23657 -1311.4197 -2177.9114 -3024.1606 3095.462 3112.1794 3128.7964 3145.3125 3161.8286 3178.0425 3194.1558 3210.269 3226.181 3242.1936 3257.904 3273.6145 3289.224 3299.8992 -3279.7576 -2617.3003 2770.8801 3299.8992 3299.8992 3285.3972 3269.8882 3254.6814 3239.4744 3224.1667 3208.8591 3193.35 3177.4382 3162.2314 3147.0244 3131.9182 3117.0134 3102.1086 3087.2039 3068.1702 2411.554 907.077 -457.8186 -1465.7043 -2301.8828 -3110.4675 3097.476 3114.1936 3130.8105 3147.4272 3163.6414 3179.956 3196.17 3212.1826 3228.195 3244.0063 3259.8174 3275.5278 3291.0369 3299.8992 -3277.9448 -2260.9954 3212.7869 3299.8992 3299.7986 3284.6924 3269.284 3254.0771 3238.7695 3223.5625 3208.1543 3192.6453 3176.6326 3161.5264 3146.3196 3131.2134 3116.3086 3101.4038 3086.499 3066.5588 2200.8728 726.50757 -496.99402 -1421.3928 -2240.3503 -3038.0583 3098.1812 3114.8987 3131.5154 3148.1323 3164.447 3180.661 3196.7742 3212.8875 3228.7993 3244.812 3260.5225 3276.3335 3291.742 3299.8992 -3277.24 -1922.4152 3299.8992 3299.8992 3298.4893 3282.7788 3267.874 3252.6672 3237.4602 3222.2534 3206.6436 3191.336 3175.2227 3160.2173 3145.111 3130.005 3114.9993 3100.1953 3085.2905 3063.739 2252.0325 833.7616 -484.2041 -1573.8647 -2449.3193 3274.9236 3099.2888 3116.1072 3132.6233 3149.24 3165.454 3181.8694 3197.882 3213.9954 3229.9072 3245.819 3261.5295 3277.24 3292.8496 -3291.8425 -3276.233 -1688.6719 3299.8992 
-155.49316 62.539673 364.26086 578.8696 1292.7887 2747.5159 3299.8992 3299.8992 3299.8992 3299.8992 3299.8992 3299.8992 3299.8992 3299.8992 3299.8992 3299.8992 3299.8992 3299.8992 3005.127 345.22705 -1784.4452 -3132.2205 -3117.3157 -3102.411 -3087.909 -3073.407 -3059.0056 -3044.806 -3030.7068 -3016.6077 -3002.8105 -2988.9128 -2975.116 -2956.8877 -2508.1328 -2116.58 -1767.8284 -1231.5582 -1021.4813 -673.23303 -367.0807 41.39099 330.9265 606.76575 1288.2568 2744.3938 3299.8992 3299.8992 3299.8992 3299.8992 3299.8992 3299.8992 3299.8992 3299.8992 3299.8992 3299.8992 3299.8992 3299.8992 2899.7864 169.7937 -1928.7598 -3131.6162 -3116.7114 -3102.008 -3087.2039 -3072.702 -3058.4014 -3044.1008 -3029.9011 -3016.2048 -3002.3071 -2988.4094 -2974.6123 -2946.9177 -2532.4036 -2042.7612 -1624.9237 -961.1572 -442.8131 -117.82837 217.02576 475.2411 711.40137 893.78357 1533.5815 3012.9822 3299.8992 3299.8992 3299.8992 3299.8992 3299.8992 3299.8992 3299.8992 3299.8992 3299.8992 3299.8992 3299.8992 3299.8992 2439.9536 -263.45215 -2193.6218 -3142.694 -3127.6885 -3112.985 -3098.3826 -3083.8806 -3069.4792 -3055.1787 -3041.0796 -3026.9805 -3012.9822 -2999.185 -2985.3882 -2971.692 -2751.947 -2410.2446 -2054.544 -1694.7144 -1245.0531 -902.44446 -479.1687 -115.7135 259.021 712.50916 1632.3761 3204.126 3299.8992 3299.8992 3299.8992 3299.8992 3299.8992 3299.8992 3299.8992 3299.8992 3299.8992 3299.8992 3299.8992 3299.8992 2233.0994 -500.6195 -2377.1118 -3128.2927 -3113.2874 -3098.584 -3084.082 -3069.58 -3055.2795 -3041.0796 -3026.9805 -3012.8813 -2998.9836 -2985.2874 -2971.591 -2830.3984 -2360.6963 -2034.906 -1639.1235 -1111.0107 -640.2008 -500.6195 -211.99036 112.490845 264.2578 580.48096 1494.104 2994.351 3299.8992 3299.8992 3299.8992 3299.8992 3299.8992 3299.8992 3299.8992 3299.8992 3299.8992 3299.8992 3299.8992 3299.8992 2250.5217 -358.72192 -2222.6257 -3129.1992 -3114.1936 -3099.591 -3084.8877 -3070.4863 -3056.0852 -3041.8853 -3027.887 -3013.7878 -2999.8901 -2986.1938 -2972.3967 -2697.3633 -2304.904 -1959.7778 -1600.1495 -1158.6456 -663.0615 -206.35071 52.56958 314.3097 557.51953 1039.8102 1966.9281 3299.8992 3299.8992 3299.8992 3299.8992 3299.8992 3299.8992 3299.8992 3299.8992 3299.8992 3299.8992 3299.8992 3299.8992 3299.8992 1905.6976 -720.4651 

9.667969 9.667969 9.667969 9.667969 9.667969 9.667969 9.667969 9.667969 9.667969 9.667969 9.667969 9.667969 9.667969 9.667969 9.667969 9.667969 9.667969 9.667969 9.667969 9.667969 9.667969 9.667969 9.667969 9.667969 9.667969 9.667969 9.667969 9.667969 9.667969 9.667969 9.667969 9.667969 9.667969 9.667969 9.667969 9.667969 9.667969 9.667969 9.667969 9.667969 9.667969 9.667969 9.667969 9.667969 9.667969 9.667969 9.667969 9.667969 9.667969 9.667969 9.667969 9.667969 9.667969 9.667969 9.667969 9.667969 9.667969 9.667969 9.667969 9.667969 9.667969 9.667969 9.667969 9.667969 9.667969 9.667969 9.667969 9.667969 9.667969 9.667969 9.667969 9.667969 9.667969 9.667969 9.667969 9.667969 9.667969 9.667969 9.667969 9.667969 9.667969 9.667969 9.667969 9.667969 9.667969 9.667969 9.667969 9.667969 9.667969 9.667969 9.667969 9.667969 9.667969 9.667969 9.667969 9.667969 9.667969 9.667969 9.667969 9.667969 9.667969 9.667969 9.667969 9.667969 9.667969 9.667969 9.667969 9.667969 9.667969 9.667969 9.667969 9.667969 9.667969 9.667969 9.667969 9.667969 9.667969 9.667969 9.667969 9.667969 9.667969 9.667969 9.667969 9.667969 9.667969 9.667969 9.667969 9.667969 9.667969 9.667969 9.667969 9.667969 9.667969 9.667969 9.667969 9.667969 9.667969 9.667969 9.667969 9.667969 9.667969 9.667969 9.667969 9.667969 9.667969 9.667969 9.667969 9.667969 9.667969 9.667969 9.667969 9.667969 9.667969 9.667969 9.667969 9.667969 9.667969 9.667969 9.667969 9.667969 9.667969 9.667969 9.667969 9.667969 9.667969 9.667969 9.667969 9.667969 9.667969 9.667969 9.667969 9.667969 9.667969 9.667969 9.667969 9.667969 9.667969 9.667969 9.667969 9.667969 9.667969 9.667969 9.667969 9.667969 9.667969 9.667969 9.667969 9.667969 9.667969 9.667969 9.667969 9.667969 9.667969 9.667969 9.667969 9.667969 9.667969 9.667969 9.667969 9.667969 
-44.311523 -38.571167 -33.83789 -25.378418 -18.429565 -5.4382324 11.279297 20.947266 21.551514 29.406738 28.701782 33.132935 24.77417 11.682129 3.6254883 3.9276123 -5.2368164 0.80566406 11.279297 16.21399 24.975586 11.380005 -2.3162842 3.7261963 16.616821 23.26355 43.103027 46.42639 38.269043 31.622314 35.85205 34.84497 29.205322 23.565674 18.026733 21.047974 34.140015 32.125854 27.694702 48.138428 65.963745 67.27295 59.518433 35.95276 30.31311 9.265137 0.9063721 -6.7474365 -16.818237 -27.392578 -42.39807 -36.657715 -26.486206 -21.24939 -20.040894 -11.984253 -5.5389404 3.9276123 -9.365845 2.1148682 15.609741 18.429565 -10.372925 -14.602661 -22.25647 -38.269043 -43.606567 -22.055054 -0.60424805 15.106201 19.134521 21.954346 20.846558 24.472046 37.765503 49.44763 68.07861 79.96216 97.18323 119.540405 118.2312 94.262695 76.7395 55.490112 48.742676 72.9126 65.66162 49.95117 31.118774 -14.099121 -28.500366 -53.475952 -51.864624 -33.43506 -26.486206 -20.141602 -8.459473 -8.963013 -1.3092041 20.443726 28.097534 42.90161 46.42639 44.110107 47.93701 39.276123 62.036133 94.86694 97.283936 71.7041 51.763916 -30.715942 -120.44678 -137.76855 -122.15881 -95.06836 -35.34851 -5.2368164 -12.286377 -38.87329 -68.38074 -95.97473 -109.67102 -122.058105 -143.20679 -146.02661 -169.18945 -180.46875 -169.7937 -148.4436 -114.001465 -79.96216 -43.00232 -6.0424805 9.869385 16.818237 18.026733 24.673462 35.247803 36.154175 14.199829 -6.0424805 -14.401245 -14.099121 -11.581421 -17.623901 -28.80249 -12.487793 2.4169922 12.185669 22.055054 33.132935 31.521606 16.516113 5.2368164 8.459473 19.940186 20.443726 19.033813 22.357178 33.33435 34.039307 25.27771 12.789917 7.3516846 8.560181 -1.6113281 5.8410645 21.350098 35.44922 54.0802 40.48462 32.42798 15.307617 4.1290283 -7.9559326 -1.4099121 2.8198242 -17.422485 -42.599487 -45.318604 -40.48462 -41.89453 -26.586914 -6.8481445 -15.509033 -15.005493 -16.516113 -7.8552246 6.5460205 3.1219482 -5.3375244 -12.487793 -18.832397 -22.055054 -28.903198 -12.689209 -6.6467285 -5.1361084 -8.660889 
3297.2808 -3285.8 -3269.6868 -3253.07 -3237.0574 -3221.1455 -3205.435 -3189.8254 -3174.3164 -3159.0088 -3143.8018 -3128.7964 -3113.7908 -3099.0874 -3084.2834 -3069.7815 -3055.3801 -3041.0796 -2092.9138 1062.973 3299.8992 3299.8992 3299.8992 3299.8992 3299.8992 3299.8992 3299.8992 3299.8992 3299.8992 3299.8992 3299.8992 3299.8992 3299.8992 3299.8992 3299.8992 3299.8992 3295.3674 3279.3547 1167.0044 3278.3477 3295.166 -3288.5193 -3272.1038 -3255.487 -3239.3738 -3223.5625 -3207.852 -3192.2424 -3176.6326 -3161.4258 -3146.1182 -3131.012 -3116.0063 -3101.303 -3086.499 -3071.8962 -3057.5957 -3043.2952 -2041.452 1039.7095 3299.8992 3299.8992 3299.8992 3299.8992 3299.8992 3299.8992 3299.8992 3299.8992 3299.8992 3299.8992 3299.8992 3299.8992 3299.8992 3299.8992 3299.8992 3299.8992 3292.6482 3276.535 52.267456 3278.549 3295.468 -3287.7136 -3271.701 -3254.8828 -3238.87 -3223.059 -3207.3486 -3191.7388 -3176.2297 -3160.8215 -3145.7153 -3130.5083 -3115.6035 -3100.9001 -3086.0962 -3071.5942 -3057.1929 -3042.7917 -1811.1328 1211.5173 3299.8992 3299.8992 3299.8992 3299.8992 3299.8992 3299.8992 3299.8992 3299.8992 3299.8992 3299.8992 3299.8992 3299.8992 3299.8992 3299.8992 3299.8992 3299.8992 3291.5405 3275.4272 -902.8473 3279.657 3296.576 -3287.1094 -3270.291 -3254.48 -3238.3667 -3222.2534 -3206.3416 -3190.631 -3175.122 -3159.8145 -3144.6074 -3129.5012 -3114.5964 -3099.7925 -3085.1897 -3070.4863 -3056.0852 -3041.7847 -1635.6995 1326.2238 3299.8992 3299.8992 3299.8992 3299.8992 3299.8992 3299.8992 3299.8992 3299.8992 3299.8992 3299.8992 3299.8992 3299.8992 3299.8992 3299.8992 3299.8992 3299.8992 3291.0369 3274.7222 -2207.1167 3282.074 3298.7915 -3284.8938 -3268.6797 -3251.9622 -3235.8489 -3220.0378 -3204.3274 -3188.8184 -3173.2085 -3157.901 -3142.7947 -3127.6885 -3112.7837 -3098.0803 -3083.377 -3068.875 -3054.4739 -3040.1733 -1310.8154 1851.2146 3299.8992 3299.8992 3299.8992 3299.8992 3299.8992 3299.8992 3299.8992 3299.8992 3299.8992 3299.8992 3299.8992 3299.8992 3299.8992 3299.8992 3299.8992 3299.8992 3288.3179 3272.1038 3265.3564 3282.376 
3259.5154 3275.4272 3290.8354 3299.8992 -3278.7505 -3263.9465 -3248.7395 -3233.9355 -3219.2322 -3204.7302 -3190.2283 -3175.9277 -3161.7278 -3147.6287 -3133.6304 -3119.8333 -3106.0364 -3092.34 -1726.236 869.41223 3242.2942 3299.8992 3299.8992 3299.8992 3299.8992 3299.8992 3299.8992 3299.8992 3299.8992 3299.8992 3299.8992 3299.8992 3299.8992 3299.8992 3294.9646 3279.959 3265.0542 3250.0488 905.96924 3249.4446 3265.457 3280.7646 3296.576 -3288.217 -3273.0103 -3258.206 -3242.9993 -3228.296 -3213.693 -3199.0906 -3184.6892 -3170.3887 -3156.3904 -3142.2913 -3128.2927 -3114.395 -3100.6987 -3087.0024 -1223.3002 1522.3022 3299.8992 3299.8992 3299.8992 3299.8992 3299.8992 3299.8992 3299.8992 3299.8992 3299.8992 3299.8992 3299.8992 3299.8992 3299.8992 3299.8992 3293.1519 3278.3477 3263.4429 3248.4375 -109.16748 3250.8545 3266.6655 3282.4768 3297.7844 -3287.0085 -3271.8018 -3256.9976 -3241.8914 -3227.188 -3212.4846 -3197.9827 -3183.5815 -3169.1802 -3155.182 -3141.0828 -3127.185 -3113.2874 -3099.591 -3056.0852 -805.46265 1293.5944 3299.8992 3299.8992 3299.8992 3299.8992 3299.8992 3299.8992 3299.8992 3299.8992 3299.8992 3299.8992 3299.8992 3299.8992 3299.8992 3299.8992 3294.058 3279.1533 3264.148 3249.1423 -917.65137 3253.775 3269.4854 3285.3972 3299.8992 -3284.0881 -3269.0825 -3254.3792 -3239.1724 -3224.469 -3209.7656 -3195.2637 -3180.8623 -3166.6626 -3152.5635 -3138.565 -3124.5667 -3110.7695 -3097.0732 -3032.721 -668.60046 1966.8274 3299.8992 3299.8992 3299.8992 3299.8992 3299.8992 3299.8992 3299.8992 3299.8992 3299.8992 3299.8992 3299.8992 3299.8992 3299.8992 3299.8992 3291.742 3276.8372 3262.033 3246.8262 -2055.8533 3254.3792 3270.0896 3286.0015 3299.8992 -3283.5845 -3268.4783 -3253.775 -3238.6687 -3223.8647 -3209.3628 -3194.8608 -3180.4595 -3166.159 -3152.0598 -3138.0615 -3124.063 -3110.266 -3096.5698 -3005.429 -644.63196 1953.9368 3299.8992 3299.8992 3299.8992 3299.8992 3299.8992 3299.8992 3299.8992 3299.8992 3299.8992 3299.8992 3299.8992 3299.8992 3299.8992 3299.8992 3292.1448 3277.24 3262.2344 3246.9268 -3284.1887 3257.4004 
3299.8992 3299.8992 3299.8992 3299.8992 3296.2737 3281.5703 3267.1692 3251.5593 3236.7554 3222.052 3207.3486 3192.6453 3178.0425 3163.5405 3149.24 3134.8389 3118.5242 2477.719 511.09314 -1218.869 -2498.8677 3128.897 3145.0103 3160.8215 3176.2297 3191.6382 3207.4492 3222.4548 3237.3596 3252.4658 3267.3706 3282.2754 3297.1802 -3288.1165 -3273.5137 -3259.0117 -3244.5098 -3230.1086 -1000.43335 3299.8992 3299.8992 3299.8992 3299.8992 3299.8992 3296.6765 3281.8726 3266.7664 3251.4587 3237.0574 3222.354 3207.6506 3192.9473 3178.3447 3163.9434 3149.4414 3135.1409 3118.222 2414.5752 520.05615 -1103.0548 -2515.8875 3129.1992 3144.9097 3160.62 3176.1292 3191.7388 3206.845 3222.2534 3237.561 3252.6672 3267.6726 3282.5774 3297.2808 -3287.915 -3273.2117 -3258.7097 -3244.3083 -3230.0078 -415.62195 3299.8992 3299.8992 3299.8992 3299.8992 3299.8992 3293.756 3278.952 3264.6514 3249.0417 3234.2375 3219.5342 3204.8308 3190.2283 3175.6255 3161.2244 3146.7224 3132.4219 3114.5964 2213.4612 282.28455 -1289.6667 -2595.6482 3129.602 3145.6145 3161.325 3176.834 3192.2424 3207.852 3223.059 3237.9639 3253.07 3267.9749 3282.7788 3297.7844 -3287.6128 -3273.0103 -3258.4075 -3244.107 -3229.7058 163.04626 3299.8992 3299.8992 3299.8992 3299.8992 3299.8992 3292.6482 3277.8442 3262.6372 3247.3296 3232.9285 3218.3257 3203.5217 3189.1204 3174.5178 3160.0159 3145.514 3131.2134 3113.2874 2058.975 95.97473 -1520.0867 -2819.6228 3132.6233 3148.233 3163.8428 3179.4524 3194.9614 3209.967 3225.3752 3240.5823 3255.6885 3270.5933 3285.5986 3299.8992 -3284.8938 -3270.291 -3255.89 -3241.388 -3227.188 880.4901 3299.8992 3299.8992 3299.8992 3299.8992 3299.8992 3292.044 3277.1392 3262.033 3246.7253 3232.3242 3217.8223 3203.018 3188.516 3173.8127 3159.3108 3145.0103 3130.7097 3111.7766 1870.6512 -33.43506 -1579.8065 -2760.608 3133.5295 3149.1394 3164.9504 3180.1575 3195.5657 3211.2761 3226.3823 3241.1865 3256.2927 3271.298 3286.203 3299.8992 -3284.3901 -3269.6868 -3255.2856 -3240.985 -3226.5837 1531.4667 3299.8992 
-3189.1204 -3173.5107 -3158.606 -3142.996 -3127.9907 -3112.985 -3098.3826 -3083.5784 -3069.3787 -3054.776 -3040.4753 -3026.477 -3012.378 -2998.3794 -2984.683 -2970.8862 -2957.2905 -2943.7957 -2360.092 -667.39197 871.12427 2247.4 3299.8992 3299.8992 3299.8992 3299.8992 3299.8992 3299.8992 3299.8992 3299.8992 3299.8992 3299.8992 3299.8992 3299.8992 3299.8992 3299.8992 3299.8992 3299.8992 2959.7075 -3210.269 -3194.3572 -3178.7476 -3163.339 -3148.1323 -3133.2275 -3118.3228 -3103.6194 -3089.0166 -3074.3132 -3060.0127 -3045.7122 -3031.5125 -3017.4133 -3003.5156 -2989.618 -2975.9216 -2962.2253 -2948.7305 -2580.6426 -1132.5623 522.67456 2109.9333 3299.8992 3299.8992 3299.8992 3299.8992 3299.8992 3299.8992 3299.8992 3299.8992 3299.8992 3299.8992 3299.8992 3299.8992 3299.8992 3299.8992 3299.8992 3299.8992 2450.7292 -3206.2407 -3190.3289 -3174.8198 -3159.3108 -3144.2046 -3129.2998 -3114.4958 -3099.6917 -3085.1897 -3070.5872 -3056.0852 -3041.8853 -3027.6855 -3013.687 -2999.7893 -2985.8916 -2972.1953 -2958.5999 -2945.105 -2166.7327 -675.4486 731.34155 2172.9766 3299.8992 3299.8992 3299.8992 3299.8992 3299.8992 3299.8992 3299.8992 3299.8992 3299.8992 3299.8992 3299.8992 3299.8992 3299.8992 3299.8992 3299.8992 3299.8992 1966.8274 -3204.6294 -3188.8184 -3173.3093 -3158.3037 -3142.8955 -3127.7893 -3112.8845 -3098.1812 -3083.5784 -3069.0764 -3054.6753 -3040.4753 -3026.3762 -3012.1765 -2998.2788 -2984.5825 -2970.7854 -2957.19 -2943.7957 -2220.5107 -678.26843 863.26904 2205.5054 3299.8992 3299.8992 3299.8992 3299.8992 3299.8992 3299.8992 3299.8992 3299.8992 3299.8992 3299.8992 3299.8992 3299.8992 3299.8992 3299.8992 3299.8992 3299.8992 1457.547 -3201.3062 -3185.3943 -3169.8853 -3154.8796 -3139.6729 -3124.4658 -3109.6619 -3095.059 -3080.3557 -3065.8538 -3051.654 -3037.2527 -3023.2544 -3009.1553 -2995.3582 -2981.4604 -2967.865 -2954.1687 -2940.7744 -2355.8623 -927.2186 600.119 2268.75 3299.8992 3299.8992 3299.8992 3299.8992 3299.8992 3299.8992 3299.8992 3299.8992 3299.8992 3299.8992 3299.8992 3299.8992 3299.8992 3299.8992 3299.8992 3299.8992 887.8418 -3193.9543 
3299.8992 3298.0864 3282.2754 3267.3706 3252.1636 3237.1582 3221.6492 3206.2407 3190.8325 3174.6184 3159.613 3144.5068 3129.5012 3114.4958 3099.6917 3084.7869 3018.8232 2016.6779 606.86646 -558.2245 -1454.0222 -2199.1606 -3024.2615 3098.3826 3115.2007 3131.7168 3148.4343 3164.749 3181.0637 3196.9756 3212.9883 3229.0007 3245.114 3260.8245 3276.535 3292.044 3299.8992 -3277.0386 -1115.0391 3299.8992 3299.8992 3294.058 3278.3477 3263.2415 3248.236 3232.8276 3217.52 3202.3132 3186.9048 3170.691 3155.6853 3140.579 3125.473 3110.568 3095.8647 3080.96 2978.54 1907.5104 415.82336 -677.16064 -1685.7513 -2527.771 3289.7278 3100.7996 3117.6177 3134.2346 3150.65 3167.0654 3183.2793 3199.3926 3215.4053 3231.4177 3247.1282 3263.04 3278.65 3294.3604 -3290.1306 -3274.9236 -702.9419 3299.8992 3299.8992 3293.756 3278.549 3263.04 3247.9338 3232.6262 3217.3186 3201.9104 3186.4014 3170.3887 3155.484 3140.1763 3125.171 3110.3667 3095.462 3080.4565 2925.4668 1881.0242 429.9225 -715.12756 -1673.8678 -2417.7979 -3162.5334 3099.994 3116.6106 3133.1267 3149.7437 3166.0583 3182.2722 3198.3855 3214.4988 3230.4106 3246.222 3262.033 3277.7434 3293.3533 -3291.2383 -3275.9307 -144.7174 3299.8992 3299.8992 3289.7278 3274.7222 3259.314 3244.0063 3228.9001 3213.5925 3198.184 3182.675 3166.6626 3151.5564 3136.5508 3121.5454 3106.5398 3091.8364 3075.2197 2920.6328 1838.6261 369.39697 -754.5044 -1659.4666 -2501.184 -3278.1462 3098.0803 3114.6973 3131.4148 3147.83 3164.1448 3180.359 3196.4722 3212.5854 3228.4973 3244.3083 3260.1196 3275.83 3291.5405 3299.8992 -3277.7434 257.51038 3299.8992 3299.8992 3285.8 3270.7947 3255.3862 3240.0786 3224.8718 3209.6648 3194.1558 3178.7476 3162.7349 3147.7295 3132.7239 3117.7185 3102.9143 3088.1104 3071.6948 2838.9587 1622.0032 168.68591 -951.58997 -1944.7723 -2797.5676 3088.3118 3101.1016 3117.6177 3134.2346 3150.65 3167.0654 3183.1787 3199.292 3215.3044 3231.2163 3247.1282 3262.9395 3278.549 3294.058 -3290.332 -3275.0244 740.7074 3299.8992 
-2539.6545 -3137.0544 -3122.0488 -3107.2449 -3092.642 -3078.1401 -3063.8396 -3049.64 -3035.5408 -3021.4417 -3007.544 -2993.7468 -2980.0505 -2966.6565 -2718.7134 -2257.2693 -1730.0629 -1064.7858 -591.0553 -485.5133 -244.11621 -26.989746 98.39172 450.3662 1564.0961 3098.0803 3299.8992 3299.8992 3299.8992 3299.8992 3299.8992 3299.8992 3299.8992 3299.8992 3299.8992 3299.8992 3299.8992 3299.8992 1692.3981 -829.43115 -2543.582 -3126.48 -3111.676 -3096.9727 -3082.4707 -3067.9688 -3053.6682 -3039.4683 -3025.3691 -3011.5723 -2997.6746 -2983.8774 -2969.9797 -2582.254 -2166.2292 -1900.4608 -1607.1991 -1002.2461 -509.2804 11.279297 235.75745 625.1953 788.04016 1081.7047 2152.1301 3299.8992 3299.8992 3299.8992 3299.8992 3299.8992 3299.8992 3299.8992 3299.8992 3299.8992 3299.8992 3299.8992 3299.8992 3299.8992 1494.6075 -941.21704 -2689.3066 -3138.6658 -3123.761 -3109.0576 -3094.4548 -3080.0537 -3065.6523 -3051.4526 -3037.3535 -3023.1536 -3009.3567 -2995.5596 -2981.8633 -2912.7776 -2500.479 -2113.4583 -1770.2454 -1238.205 -660.74524 -255.79834 42.39807 261.84082 376.0437 802.7435 2035.611 3299.8992 3299.8992 3299.8992 3299.8992 3299.8992 3299.8992 3299.8992 3299.8992 3299.8992 3299.8992 3299.8992 3299.8992 3268.982 767.1936 -1568.4265 -3141.5862 -3127.2856 -3112.5823 -3097.879 -3083.2764 -3068.9758 -3054.5745 -3040.4753 -3026.2756 -3012.4785 -2998.6816 -2984.784 -2970.8862 -2613.6748 -2146.7925 -1743.5577 -1327.2308 -906.7749 -449.45984 -127.49634 189.63318 614.7217 864.2761 1397.4243 2621.3286 3299.8992 3299.8992 3299.8992 3299.8992 3299.8992 3299.8992 3299.8992 3299.8992 3299.8992 3299.8992 3299.8992 3299.8992 3299.8992 1109.198 -1242.1326 -2951.4495 -3141.1833 -3126.2786 -3111.4746 -3096.8718 -3082.4707 -3068.1702 -3053.8696 -3039.7705 -3025.6714 -3011.7737 -2997.876 -2984.2803 -2940.3716 -2544.4885 -2042.8619 -1608.5083 -1123.9014 -661.6516 -367.48352 -60.22339 254.48914 546.0388 1044.6442 2371.0693 3299.8992 3299.8992 3299.8992 3299.8992 3299.8992 3299.8992 3299.8992 3299.8992 3299.8992 3299.8992 3299.8992 3299.8992 3148.5352 527.2064 -1617.572 

9.667969 9.667969 9.667969 9.667969 9.667969 9.667969 9.667969 9.667969 9.667969 9.667969 9.667969 9.667969 9.667969 9.667969 9.667969 9.667969 9.667969 9.667969 9.667969 9.667969 9.667969 9.667969 9.667969 9.667969 9.667969 9.667969 9.667969 9.667969 9.667969 9.667969 9.667969 9.667969 9.667969 9.667969 9.667969 9.667969 9.667969 9.667969 9.667969 9.667969 9.667969 9.667969 9.667969 9.667969 9.667969 9.667969 9.667969 9.667969 9.667969 9.667969 9.667969 9.667969 9.667969 9.667969 9.667969 9.667969 9.667969 9.667969 9.667969 9.667969 9.667969 9.667969 9.667969 9.667969 9.667969 9.667969 9.667969 9.667969 9.667969 9.667969 9.667969 9.667969 9.667969 9.667969 9.667969 9.667969 9.667969 9.667969 9.667969 9.667969 9.667969 9.667969 9.667969 9.667969 9.667969 9.667969 9.667969 9.667969 9.667969 9.667969 9.667969 9.667969 9.667969 9.667969 9.667969 9.667969 9.667969 9.667969 9.667969 9.667969 9.667969 9.667969 9.667969 9.667969 9.667969 9.667969 9.667969 9.667969 9.667969 9.667969 9.667969 9.667969 9.667969 9.667969 9.667969 9.667969 9.667969 9.667969 9.667969 9.667969 9.667969 9.667969 9.667969 9.667969 9.667969 9.667969 9.667969 9.667969 9.667969 9.667969 9.667969 9.667969 9.667969 9.667969 9.667969 9.667969 9.667969 9.667969 9.667969 9.667969 9.667969 9.667969 9.667969 9.667969 9.667969 9.667969 9.667969 9.667969 9.667969 9.667969 9.667969 9.667969 9.667969 9.667969 9.667969 9.667969 9.667969 9.667969 9.667969 9.667969 9.667969 9.667969 9.667969 9.667969 9.667969 9.667969 9.667969 9.667969 9.667969 9.667969 9.667969 9.667969 9.667969 9.667969 9.667969 9.667969 9.667969 9.667969 9.667969 9.667969 9.667969 9.667969 9.667969 9.667969 9.667969 9.667969 9.667969 9.667969 9.667969 9.667969 9.667969 9.667969 9.667969 9.667969 9.667969 9.667969 9.667969 9.667969 9.667969 9.667969 
-9.970093 -18.832397 -17.623901 -4.2297363 3.1219482 30.514526 44.0094 59.518433 58.61206 62.438965 59.417725 49.44763 50.253296 39.98108 36.254883 25.680542 41.189575 71.40198 58.410645 32.32727 26.28479 26.28479 23.968506 29.406738 50.656128 55.993652 59.21631 56.19507 45.117188 38.36975 36.758423 25.680542 16.71753 -8.963013 -41.89453 -76.638794 -88.0188 -87.11243 -77.24304 -45.822144 -24.27063 -7.9559326 10.171509 23.062134 11.883545 -4.5318604 0.9063721 16.918945 31.219482 48.54126 52.871704 46.42639 31.32019 10.876465 8.258057 39.175415 80.86853 99.298096 107.455444 112.79297 125.68359 148.14148 155.9967 160.32715 151.56555 124.37439 90.13367 34.744263 -4.6325684 -25.479126 -63.74817 -108.966064 -150.75989 -188.92822 -204.9408 -203.93372 -213.40027 -227.7008 -200.0061 -163.95264 -154.18396 -143.3075 -122.66235 -93.35632 -58.410645 -22.76001 -6.0424805 19.335938 19.73877 22.860718 38.87329 40.38391 21.853638 -3.5247803 -8.660889 -15.811157 -12.991333 -18.429565 -26.78833 -36.657715 -32.93152 -16.113281 1.8127441 15.710449 14.401245 36.053467 45.41931 45.01648 51.763916 32.226562 11.380005 3.6254883 6.4453125 -12.387085 -26.083374 -63.446045 -33.9386 -5.6396484 25.378418 40.182495 37.86621 34.744263 28.80249 9.970093 17.926025 7.5531006 6.9488525 -2.0141602 -10.473633 -15.206909 -33.233643 -32.025146 -30.413818 -25.881958 -25.982666 -23.26355 -20.040894 20.343018 37.36267 33.132935 22.25647 15.307617 29.80957 38.47046 37.261963 45.01648 54.382324 68.28003 51.05896 30.917358 25.78125 36.154175 41.4917 49.0448 38.168335 23.062134 0.30212402 -53.375244 -71.90552 -63.24463 -47.03064 -37.46338 -34.542847 -46.224976 -53.878784 -50.253296 -48.54126 -37.46338 -27.392578 -33.233643 -41.4917 -47.93701 -28.399658 -7.8552246 -8.963013 2.0141602 -1.9134521 8.560181 21.954346 37.765503 45.117188 65.25879 68.984985 73.013306 98.89526 88.11951 78.149414 58.309937 35.247803 31.82373 23.062134 -44.714355 -78.25012 -41.592407 -15.005493 -21.24939 -20.544434 -37.36267 -60.12268 -62.942505 
3299.0935 -3283.9873 -3267.4712 -3251.6602 -3235.6475 -3219.5342 -3203.6223 -3188.0127 -3172.4028 -3157.0952 -3141.8884 -3126.8828 -3112.0789 -3097.2747 -3082.5713 -3068.0693 -3053.6682 -3039.4683 -1373.4558 1663.092 3299.8992 3299.8992 3299.8992 3299.8992 3299.8992 3299.8992 3299.8992 3299.8992 3299.8992 3299.8992 3299.8992 3299.8992 3299.8992 3299.8992 3299.8992 3299.8992 3290.332 3273.816 3269.0825 3286.3037 3299.8992 -3280.664 -3264.3494 -3247.7324 -3231.6191 -3215.9087 -3200.3997 -3184.79 -3169.281 -3154.074 -3138.9678 -3123.8616 -3108.9568 -3094.1528 -3079.651 -3065.149 -3050.7476 -3034.1309 -626.2024 2526.764 3299.8992 3299.8992 3299.8992 3299.8992 3299.8992 3299.8992 3299.8992 3299.8992 3299.8992 3299.8992 3299.8992 3299.8992 3299.8992 3299.8992 3299.8992 3299.8992 3285.3972 3268.7805 3266.9678 3283.9873 3299.8992 -3282.2754 -3266.464 -3249.8474 -3233.7341 -3217.9229 -3202.3132 -3186.8042 -3171.2952 -3155.9875 -3140.8813 -3125.7751 -3110.971 -3096.167 -3081.4636 -3066.9617 -3052.5603 -2998.5808 -574.8413 2484.5671 3299.8992 3299.8992 3299.8992 3299.8992 3299.8992 3299.8992 3299.8992 3299.8992 3299.8992 3299.8992 3299.8992 3299.8992 3299.8992 3299.8992 3299.8992 3299.6978 3283.786 3266.867 3268.3777 3285.3972 3299.8992 -3281.5703 -3264.8528 -3249.0417 -3233.029 -3216.9158 -3201.1047 -3185.4949 -3169.8853 -3154.779 -3139.4714 -3124.5667 -3109.561 -3094.757 -3080.2551 -3065.6523 -3051.3518 -2984.381 -494.2749 2576.3123 3299.8992 3299.8992 3299.8992 3299.8992 3299.8992 3299.8992 3299.8992 3299.8992 3299.8992 3299.8992 3299.8992 3299.8992 3299.8992 3299.8992 3299.8992 3299.3958 3283.383 3266.162 3270.3918 3287.4114 3299.8992 -3279.0527 -3263.1409 -3246.524 -3230.4106 -3214.801 -3199.1912 -3183.6821 -3168.274 -3152.9663 -3137.7593 -3122.8545 -3107.849 -3093.2463 -3078.543 -3064.041 -3049.64 -2806.9336 -40.081787 3060.0127 3299.8992 3299.8992 3299.8992 3299.8992 3299.8992 3299.8992 3299.8992 3299.8992 3299.8992 3299.8992 3299.8992 3299.8992 3299.8992 3299.8992 3299.8992 3296.9788 3280.966 3205.6365 3270.6938 3287.8142 
3273.2117 3289.0227 3299.8992 -3280.5632 -3265.457 -3250.2502 -3235.6475 -3220.944 -3206.3416 -3191.9402 -3177.539 -3163.2385 -3149.1394 -3135.1409 -3121.2432 -3107.4463 -3093.8506 -2995.3582 -746.6492 1850.3082 3299.8992 3299.8992 3299.8992 3299.8992 3299.8992 3299.8992 3299.8992 3299.8992 3299.8992 3299.8992 3299.8992 3299.8992 3299.8992 3299.8992 3295.6694 3280.8655 3265.8599 3250.3508 3246.524 3262.738 3278.3477 3293.6553 3299.8992 -3275.4272 -3260.4216 -3245.2148 -3230.612 -3216.0095 -3201.3062 -3186.9048 -3172.6042 -3158.5051 -3144.3054 -3130.307 -3116.51 -3102.8137 -3089.1174 -2608.8408 61.331177 2689.508 3299.8992 3299.8992 3299.8992 3299.8992 3299.8992 3299.8992 3299.8992 3299.8992 3299.8992 3299.8992 3299.8992 3299.8992 3299.8992 3299.8992 3291.8425 3276.8372 3262.033 3246.3225 3245.2148 3261.3281 3277.0386 3292.4468 3299.8992 -3276.8372 -3261.8315 -3246.524 -3231.9214 -3217.3186 -3202.716 -3188.214 -3173.9136 -3159.613 -3145.6145 -3131.5154 -3117.819 -3104.0222 -3090.326 -2195.4346 452.27966 2813.7817 3299.8992 3299.8992 3299.8992 3299.8992 3299.8992 3299.8992 3299.8992 3299.8992 3299.8992 3299.8992 3299.8992 3299.8992 3299.8992 3299.8992 3287.0085 3272.1038 3257.199 3238.568 3244.2078 3260.2202 3276.0315 3291.2383 3299.8992 -3277.9448 -3262.9395 -3247.7324 -3233.13 -3218.3257 -3203.7231 -3189.4226 -3175.122 -3160.8215 -3146.7224 -3132.7239 -3118.8262 -3105.2307 -3091.4336 -2147.1953 596.4935 2996.466 3299.8992 3299.8992 3299.8992 3299.8992 3299.8992 3299.8992 3299.8992 3299.8992 3299.8992 3299.8992 3299.8992 3299.8992 3299.8992 3299.3958 3284.3901 3269.6868 3254.5806 3216.211 3243.2007 3259.1125 3274.823 3290.1306 3299.8992 -3278.952 -3263.8457 -3248.7395 -3234.2375 -3219.5342 -3204.9316 -3190.5303 -3176.1292 -3161.8286 -3147.83 -3133.731 -3119.934 -3106.137 -3092.4407 -2080.5266 520.05615 2797.3662 3299.8992 3299.8992 3299.8992 3299.8992 3299.8992 3299.8992 3299.8992 3299.8992 3299.8992 3299.8992 3299.8992 3299.8992 3299.8992 3298.892 3283.9873 3269.284 3254.2786 3042.0867 3244.812 3260.8245 
3299.8992 3299.8992 3299.8992 3299.8992 3290.0298 3275.4272 3260.9253 3245.3154 3230.5115 3215.9087 3201.1047 3186.7034 3172 3157.498 3143.097 3128.7964 3075.6226 1742.2485 -100.909424 -1693.3044 -2969.275 3134.2346 3150.247 3166.0583 3181.668 3196.9756 3211.9812 3227.4902 3242.697 3257.8032 3272.708 3287.6128 3299.8992 -3282.8796 -3268.2769 -3253.775 -3239.3738 -3225.1738 2072.6714 3299.8992 3299.8992 3299.8992 3299.8992 3299.8992 3289.1235 3274.2188 3259.8174 3244.2078 3229.4036 3214.7002 3200.0977 3185.4949 3170.8923 3156.491 3142.0898 3127.7893 3016.2048 1441.6351 -394.8761 -1842.9565 -3101.001 3137.3564 3153.1677 3168.6768 3184.3872 3199.6948 3215.3044 3230.5115 3245.3154 3260.321 3275.3264 3290.1306 3299.8992 -3280.3618 -3265.7593 -3251.358 -3237.0574 -3222.7568 2664.8345 3299.8992 3299.8992 3299.8992 3299.8992 3299.8992 3289.627 3274.9236 3260.321 3244.812 3229.9072 3215.3044 3200.601 3186.099 3171.4966 3156.8938 3142.5933 3128.0913 2991.3298 1382.6202 -432.03735 -1859.0698 -3053.7688 3138.263 3154.2754 3169.6838 3185.5957 3200.9033 3215.808 3231.2163 3246.524 3261.5295 3276.4343 3291.4397 3299.8992 -3279.2542 -3264.6514 -3250.1494 -3235.7483 -3125.2715 3299.8992 3299.8992 3299.8992 3299.8992 3299.8992 3299.8992 3288.3179 3273.5137 3258.307 3242.9993 3228.598 3213.9954 3199.292 3184.79 3170.1873 3155.6853 3141.2842 3126.9836 2897.3694 1235.2844 -679.87976 -2105.5022 3188.919 3141.4856 3157.196 3173.007 3188.0127 3203.3203 3219.0308 3234.137 3248.941 3263.9465 3278.8513 3293.6553 -3291.5405 -3276.8372 -3262.3352 -3247.9338 -3233.5327 -2839.0593 3299.8992 3299.8992 3299.8992 3299.8992 3299.8992 3299.8992 3288.0156 3273.1108 3258.609 3243.0999 3228.195 3213.5925 3198.8892 3184.2864 3169.8853 3155.2825 3140.982 3126.5808 2881.7595 1123.5992 -653.595 -1967.2302 -3102.8137 3139.9749 3155.9875 3171.5972 3187.3076 3202.6152 3217.52 3233.029 3248.236 3263.3423 3278.247 3293.051 -3292.2454 -3277.4414 -3262.9395 -3248.538 -3234.137 -2614.1785 3299.8992 3299.8992 
-3178.244 -3162.7349 -3147.3267 -3132.321 -3117.517 -3102.713 -3088.0095 -3073.5076 -3059.0056 -3044.705 -3030.5054 -3016.3054 -3002.4077 -2988.6108 -2974.8137 -2961.2183 -2947.7234 -2934.1277 -1971.9635 -478.9673 960.15015 2257.1685 3299.8992 3299.8992 3299.8992 3299.8992 3299.8992 3299.8992 3299.8992 3299.8992 3299.8992 3299.8992 3299.8992 3299.8992 3299.8992 3299.8992 3299.8992 3299.8992 547.0459 -3191.336 -3175.6255 -3160.1165 -3144.6074 -3129.7026 -3114.8987 -3100.0945 -3085.391 -3070.99 -3056.3872 -3042.0867 -3027.887 -3013.9893 -2999.8901 -2986.093 -2972.3967 -2958.7004 -2945.3064 -2761.0107 -1145.9564 487.52747 1991.803 3248.1353 3299.8992 3299.8992 3299.8992 3299.8992 3299.8992 3299.8992 3299.8992 3299.8992 3299.8992 3299.8992 3299.8992 3299.8992 3299.8992 3299.8992 3299.8992 3299.8992 -173.41919 -3203.421 -3187.7104 -3172.3022 -3157.3975 -3141.989 -3126.9836 -3111.978 -3097.2747 -3082.7727 -3068.3716 -3053.8696 -3039.6697 -3025.5706 -3011.4714 -2997.5737 -2983.676 -2970.0806 -2956.4849 -2939.9688 -1777.9999 -318.0359 1157.2357 2508.2336 3299.8992 3299.8992 3299.8992 3299.8992 3299.8992 3299.8992 3299.8992 3299.8992 3299.8992 3299.8992 3299.8992 3299.8992 3299.8992 3299.8992 3299.8992 3299.8992 -1142.9352 -3196.6736 -3180.8623 -3165.454 -3150.1465 -3135.1409 -3120.337 -3105.5327 -3090.8293 -3076.2268 -3061.8254 -3047.4243 -3033.3252 -3019.1252 -3005.3284 -2991.3298 -2977.533 -2963.9373 -2950.3418 -2780.548 -1282.3151 19.940186 1309.8083 2637.039 3299.8992 3299.8992 3299.8992 3299.8992 3299.8992 3299.8992 3299.8992 3299.8992 3299.8992 3299.8992 3299.8992 3299.8992 3299.8992 3299.8992 3299.8992 3299.8992 -1347.3724 -3195.1628 -3179.4524 -3164.0442 -3148.7366 -3133.731 -3119.0276 -3104.1228 -3089.4194 -3075.0183 -3060.5164 -3046.2158 -3032.0159 -3017.9167 -3003.9185 -2990.0208 -2976.3245 -2962.7288 -2949.1333 -2666.9495 -1065.8936 510.38818 1890.39 3028.5918 3299.8992 3299.8992 3299.8992 3299.8992 3299.8992 3299.8992 3299.8992 3299.8992 3299.8992 3299.8992 3299.8992 3299.8992 3299.8992 3299.8992 3299.8992 3299.8992 -1945.6787 -3199.3926 
3299.8992 3285.901 3270.1904 3255.2856 3240.1794 3224.9724 3209.6648 3194.3572 3178.8481 3162.7349 3147.83 3132.8247 3117.819 3102.9143 3088.211 3070.8892 2761.1113 1460.7697 60.424805 -1014.02893 -1881.9305 -2681.6528 3193.1487 3101.8066 3118.4233 3135.2417 3151.7578 3167.9717 3184.1858 3200.1982 3216.3115 3232.1228 3247.9338 3263.6443 3279.3547 3295.0652 -3289.5264 -3274.2188 1125.8148 3299.8992 3299.8992 3284.8938 3269.0825 3254.1777 3239.1724 3223.8647 3208.6577 3193.048 3177.841 3161.6272 3146.521 3131.7168 3116.7114 3101.8066 3087.1033 3069.1772 2646.9084 1342.9413 19.839478 -1093.689 -2000.5646 -2917.0073 3088.0095 3104.5256 3121.1426 3137.7593 3154.1748 3170.4895 3186.7034 3202.716 3218.8293 3234.6404 3250.4517 3266.162 3281.9731 3297.3816 -3287.0085 -3164.5476 1742.45 3299.8992 3299.1943 3283.8867 3268.1763 3253.2715 3238.1653 3222.8577 3207.7515 3192.2424 3176.9348 3160.7207 3145.7153 3130.8105 3115.805 3101.001 3086.0962 3068.4722 2677.1208 1326.3245 49.0448 -1009.5978 -1900.2594 -2773.3977 3084.5854 3101.8066 3118.6248 3135.0403 3151.5564 3167.871 3184.085 3200.0977 3216.11 3231.9214 3248.0347 3263.745 3279.2542 3294.9646 -3289.4255 -3015.1978 2074.585 3299.8992 3294.7632 3279.657 3264.45 3249.1423 3233.9355 3218.7285 3203.421 3188.0127 3172.6042 3156.5918 3141.5862 3126.48 3111.676 3096.8718 3082.0679 3062.9333 2426.7607 1039.8102 -300.31128 -1332.9712 -2284.561 -3097.174 3090.7288 3107.2449 3123.9624 3140.3777 3156.7932 3173.108 3189.2212 3205.3345 3221.2463 3237.1582 3252.9692 3268.7805 3284.3901 3299.8992 -3284.5916 -2704.2114 2567.9534 3299.8992 3296.878 3281.6711 3266.464 3251.1565 3235.9497 3220.642 3205.3345 3190.0269 3174.417 3158.3037 3143.399 3128.3936 3113.4888 3098.584 3083.7798 3065.2495 2441.3635 1041.4215 -215.31372 -1169.0186 -2071.161 -2847.3174 3088.5132 3105.13 3121.7468 3138.263 3154.779 3171.0938 3187.207 3203.2195 3219.2322 3235.144 3250.955 3266.7664 3282.376 3297.9858 -3286.6057 -2501.6875 2917.2087 3299.8992 
-3146.6216 -3131.5154 -3116.6106 -3101.9072 -3087.4053 -3073.0042 -3058.6028 -3044.5037 -3030.4045 -3016.4062 -3002.5085 -2988.8123 -2974.9146 -2656.1736 -2219.5037 -1883.0383 -1446.5698 -1033.5663 -582.3944 -302.32544 -8.258057 180.26733 291.24756 879.78516 2412.6616 3299.8992 3299.8992 3299.8992 3299.8992 3299.8992 3299.8992 3299.8992 3299.8992 3299.8992 3299.8992 3299.8992 3299.8992 3084.2834 455.90515 -1725.4303 -3140.1763 -3124.9695 -3110.266 -3095.6633 -3081.0608 -3066.6594 -3052.359 -3038.2598 -3024.06 -3010.3638 -2996.466 -2982.5684 -2920.1294 -2490.3076 -2048.3 -1743.3563 -1422.3999 -863.0676 -403.6377 -178.656 7.2509766 279.66614 534.256 1182.8156 2641.7725 3299.8992 3299.8992 3299.8992 3299.8992 3299.8992 3299.8992 3299.8992 3299.8992 3299.8992 3299.8992 3299.8992 3299.8992 3080.2551 459.73206 -1529.0497 -3092.9443 -3129.4006 -3114.4958 -3099.893 -3085.2905 -3070.8892 -3056.5886 -3042.4895 -3028.3904 -3014.4927 -3000.4944 -2986.6973 -2912.0728 -2597.5615 -2313.9678 -1898.2452 -1323.706 -896.7041 -462.35046 -60.424805 240.39001 517.2363 745.13855 1411.2213 2927.6824 3299.8992 3299.8992 3299.8992 3299.8992 3299.8992 3299.8992 3299.8992 3299.8992 3299.8992 3299.8992 3299.8992 3299.8992 2648.4192 -98.19031 -2059.9822 -3144.3054 -3129.1992 -3114.395 -3099.893 -3085.2905 -3070.8892 -3056.5886 -3042.389 -3028.2898 -3014.2913 -3000.3936 -2986.798 -2972.1953 -2671.2798 -2319.2046 -1985.1562 -1612.9395 -1008.6914 -479.1687 -250.56152 -43.50586 286.41357 491.25366 1278.186 2820.227 3299.8992 3299.8992 3299.8992 3299.8992 3299.8992 3299.8992 3299.8992 3299.8992 3299.8992 3299.8992 3299.8992 3299.8992 2652.7495 -9.265137 -1862.6953 -3138.162 -3122.9553 -3108.1511 -3093.5486 -3079.0466 -3064.5447 -3050.3447 -3036.3464 -3022.2473 -3008.1482 -2994.351 -2980.7556 -2961.8225 -2578.8298 -2128.363 -1727.3438 -1292.3859 -804.35486 -380.37415 -84.89685 189.23035 451.27258 786.3281 1414.9475 2928.488 3299.8992 3299.8992 3299.8992 3299.8992 3299.8992 3299.8992 3299.8992 3299.8992 3299.8992 3299.8992 3299.8992 3299.8992 2227.4597 -493.0664 -2333.908 

9.667969 9.667969 9.667969 9.667969 9.667969 9.667969 9.667969 9.667969 9.667969 9.667969 9.667969 9.667969 9.667969 9.667969 9.667969 9.667969 9.667969 9.667969 9.667969 9.667969 9.667969 9.667969 9.667969 9.667969 9.667969 9.667969 9.667969 9.667969 9.667969 9.667969 9.667969 9.667969 9.667969 9.667969 9.667969 9.667969 9.667969 9.667969 9.667969 9.667969 9.667969 9.667969 9.667969 9.667969 9.667969 9.667969 9.667969 9.667969 9.667969 9.667969 9.667969 9.667969 9.667969 9.667969 9.667969 9.667969 9.667969 9.667969 9.667969 9.667969 9.667969 9.667969 9.667969 9.667969 9.667969 9.667969 9.667969 9.667969 9.667969 9.667969 9.667969 9.667969 9.667969 9.667969 9.667969 9.667969 9.667969 9.667969 9.667969 9.667969 9.667969 9.667969 9.667969 9.667969 9.667969 9.667969 9.667969 9.667969 9.667969 9.667969 9.667969 9.667969 9.667969 9.667969 9.667969 9.667969 9.667969 9.667969 9.667969 9.667969 9.667969 9.667969 9.667969 9.667969 9.667969 9.667969 9.667969 9.667969 9.667969 9.667969 9.667969 9.667969 9.667969 9.667969 9.667969 9.667969 9.667969 9.667969 9.667969 9.667969 9.667969 9.667969 9.667969 9.667969 9.667969 9.667969 9.667969 9.667969 9.667969 9.667969 9.667969 9.667969 9.667969 9.667969 9.667969 9.667969 9.667969 9.667969 9.667969 9.667969 9.667969 9.667969 9.667969 9.667969 9.667969 9.667969 9.667969 9.667969 9.667969 9.667969 9.667969 9.667969 9.667969 9.667969 9.667969 9.667969 9.667969 9.667969 9.667969 9.667969 9.667969 9.667969 9.667969 9.667969 9.667969 9.667969 9.667969 9.667969 9.667969 9.667969 9.667969 9.667969 9.667969 9.667969 9.667969 9.667969 9.667969 9.667969 9.667969 9.667969 9.667969 9.667969 9.667969 9.667969 9.667969 9.667969 9.667969 9.667969 9.667969 9.667969 9.667969 9.667969 9.667969 9.667969 9.667969 9.667969 9.667969 9.667969 9.667969 9.667969 9.667969 9.667969 9.667969 9.667969 9.667969 9.667969 9.667969 9.667969 9.667969 9.667969 9.667969 9.667969 9.667969 9.667969 9.667969 9.667969 9.667969 9.667969 9.667969 9.667969 
-34.84497 -18.026733 -12.991333 -5.6396484 23.26355 38.168335 72.20764 124.97864 129.20837 118.93616 97.18323 52.670288 16.21399 -1.6113281 4.4311523 33.233643 4.7332764 18.73169 24.27063 -0.50354004 -21.652222 -43.90869 -52.06604 -48.54126 -60.021973 -88.42163 -97.98889 -76.034546 -47.332764 -10.372925 2.9205322 -7.7545166 -41.4917 -59.518433 -55.08728 -47.03064 -37.261963 -57.10144 -79.156494 -79.96216 -64.453125 -40.182495 -37.36267 -27.694702 6.3446045 34.140015 31.118774 39.578247 46.728516 48.239136 63.949585 59.61914 59.1156 86.206055 80.76782 77.142334 64.453125 56.799316 35.34851 9.869385 7.7545166 -8.660889 -29.104614 -45.822144 -54.382324 -42.800903 -36.4563 -40.585327 -52.972412 -44.110107 -24.874878 -6.6467285 -7.2509766 9.063721 -2.1148682 -39.678955 -46.728516 -31.32019 1.5106201 18.832397 34.84497 55.389404 71.40198 94.66553 120.34607 140.28625 142.30042 85.29968 59.61914 56.497192 58.71277 58.61206 38.269043 1.5106201 -21.551514 -57.302856 -82.47986 -98.59314 -122.25952 -158.61511 -150.15564 -132.0282 -85.60181 -62.942505 -57.907104 -33.9386 -31.723022 -9.063721 3.1219482 -1.3092041 -17.72461 -23.464966 -40.98816 -35.34851 -34.643555 -35.046387 -8.056641 17.019653 41.592407 48.138428 39.074707 19.638062 -13.092041 -24.069214 -23.565674 -24.472046 -32.528687 -27.493286 -4.0283203 -13.595581 -30.212402 -14.501953 -3.4240723 8.761597 22.457886 23.364258 47.93701 54.483032 42.90161 22.76001 15.811157 33.43506 51.663208 69.992065 68.07861 72.509766 81.87561 89.83154 89.52942 80.4657 47.53418 9.768677 -25.78125 -43.103027 -50.253296 -61.12976 -76.43738 -89.12659 -72.9126 -57.70569 -50.354004 -53.878784 -41.793823 -50.958252 -52.56958 -38.067627 -28.399658 -9.667969 3.2226562 17.321777 1.5106201 -20.544434 -35.650635 -41.189575 -33.233643 -15.710449 6.6467285 21.75293 17.72461 12.185669 3.0212402 8.862305 27.090454 31.723022 24.77417 14.300537 18.832397 29.30603 52.972412 50.152588 66.36658 89.12659 93.55774 98.89526 107.85828 125.582886 152.67334 149.55139 121.051025 125.7843 152.67334 159.92432 154.88892 113.29651 63.949585 -8.862305 -38.974 -47.93701 -80.36499 -152.06909 -199.9054 -200.40894 -183.08716 -139.88342 -115.91492 -110.17456 -96.276855 -107.958984 -125.88501 -124.97864 
3299.8992 -3278.7505 -3262.8386 -3246.222 -3230.31 -3214.4988 -3198.8892 -3183.3801 -3167.9717 -3152.664 -3137.5579 -3122.5525 -3107.6477 -3092.9443 -3078.3416 -3063.8396 -3049.3376 -2746.6094 -12.890625 3058.0994 3299.8992 3299.8992 3299.8992 3299.8992 3299.8992 3299.8992 3299.8992 3299.8992 3299.8992 3299.8992 3299.8992 3299.8992 3299.8992 3299.8992 3299.8992 3297.0793 3281.067 2801.9988 3274.0173 3290.9363 -3292.3462 -3276.132 -3259.9182 -3243.5027 -3227.3894 -3211.7798 -3196.17 -3180.661 -3165.2527 -3149.8442 -3134.8389 -3119.8333 -3104.9285 -3090.326 -3075.824 -3061.1206 -3046.82 -2565.033 282.18384 3265.0542 3299.8992 3299.8992 3299.8992 3299.8992 3299.8992 3299.8992 3299.8992 3299.8992 3299.8992 3299.8992 3299.8992 3299.8992 3299.8992 3299.8992 3299.8992 3296.6765 3280.5632 2268.3472 3275.7292 3292.749 -3290.634 -3273.715 -3257.4004 -3241.69 -3225.778 -3209.7656 -3193.8538 -3178.3447 -3163.037 -3147.7295 -3132.6233 -3117.6177 -3102.8137 -3088.1104 -3073.6084 -3059.207 -3044.806 -2258.8806 602.4353 3299.8992 3299.8992 3299.8992 3299.8992 3299.8992 3299.8992 3299.8992 3299.8992 3299.8992 3299.8992 3299.8992 3299.8992 3299.8992 3299.8992 3299.8992 3299.8992 3294.9646 3279.0527 1355.0262 3277.4414 3294.3604 -3289.0227 -3272.9094 -3256.2927 -3240.4814 -3224.469 -3208.5571 -3192.7458 -3177.2368 -3161.8286 -3146.7224 -3131.5154 -3116.6106 -3101.7058 -3087.1033 -3072.5005 -3058.0994 -3043.7988 -2052.127 977.87476 3299.8992 3299.8992 3299.8992 3299.8992 3299.8992 3299.8992 3299.8992 3299.8992 3299.8992 3299.8992 3299.8992 3299.8992 3299.8992 3299.8992 3299.8992 3299.8992 3292.4468 3276.4343 534.7595 3277.24 3294.058 -3289.325 -3272.6074 -3256.6956 -3240.1794 -3224.1667 -3208.5571 -3193.048 -3177.539 -3162.1306 -3146.823 -3131.8176 -3116.812 -3102.008 -3087.3047 -3072.8027 -3058.4014 -3044.0002 -1951.3184 1073.7488 3299.8992 3299.8992 3299.8992 3299.8992 3299.8992 3299.8992 3299.8992 3299.8992 3299.8992 3299.8992 3299.8992 3299.8992 3299.8992 3299.8992 3299.8992 3299.8992 3291.641 3275.5278 -437.87842 3278.65 3295.468 -3287.915 -3271.1975 -3254.8828 -3239.0715 -3223.1597 -3207.1472 -3191.4368 -3175.827 -3160.4187 -3145.3125 -3130.2063 -3115.2007 -3100.3967 -3085.794 -3071.1914 -3056.79 -3042.4895 -1729.5593 1260.26 3299.8992 
3276.535 3291.8425 3299.8992 -3277.4414 -3262.3352 -3247.6318 -3232.6262 -3217.9229 -3203.421 -3188.919 -3174.6184 -3160.4187 -3146.3196 -3132.4219 -3118.5242 -3104.727 -3091.0308 -1818.988 748.0591 3122.8545 3299.8992 3299.8992 3299.8992 3299.8992 3299.8992 3299.8992 3299.8992 3299.8992 3299.8992 3299.8992 3299.8992 3299.8992 3299.8992 3297.4822 3282.5774 3267.7734 3252.7678 2415.28 3246.9268 3262.9395 3278.65 3293.8567 3299.8992 -3275.3264 -3260.321 -3245.7183 -3230.713 -3215.9087 -3201.4067 -3187.0056 -3172.705 -3158.5051 -3144.406 -3130.4077 -3116.6106 -3102.8137 -3089.218 -1506.2897 1207.2876 3299.8992 3299.8992 3299.8992 3299.8992 3299.8992 3299.8992 3299.8992 3299.8992 3299.8992 3299.8992 3299.8992 3299.8992 3299.8992 3299.8992 3294.6624 3279.7576 3264.9536 3249.948 1840.5396 3246.222 3262.3352 3277.9448 3293.6553 3299.8992 -3276.132 -3261.026 -3246.3225 -3231.3171 -3216.6138 -3202.1118 -3187.6099 -3173.41 -3159.1094 -3145.111 -3131.1125 -3117.2148 -3103.5186 -3089.8223 -1715.4602 1040.3137 3299.8992 3299.8992 3299.8992 3299.8992 3299.8992 3299.8992 3299.8992 3299.8992 3299.8992 3299.8992 3299.8992 3299.8992 3299.8992 3299.8992 3295.7703 3280.8655 3266.0613 3251.056 1192.6849 3249.5452 3265.5579 3281.067 3296.7773 -3288.217 -3273.0103 -3257.904 -3243.2007 -3228.195 -3213.5925 -3199.0906 -3184.6892 -3170.3887 -3156.189 -3142.0898 -3128.1921 -3114.2944 -3100.5981 -3055.8838 -672.22595 2093.7195 3299.8992 3299.8992 3299.8992 3299.8992 3299.8992 3299.8992 3299.8992 3299.8992 3299.8992 3299.8992 3299.8992 3299.8992 3299.8992 3299.8992 3288.0156 3273.1108 3258.206 3243.3013 61.23047 3245.2148 3261.1267 3276.6357 3292.4468 3299.8992 -3277.3406 -3262.2344 -3247.6318 -3232.5256 -3217.8223 -3203.3203 -3188.919 -3174.6184 -3160.4187 -3146.2188 -3132.321 -3118.5242 -3104.6265 -3072.702 -841.91895 1576.2817 3299.8992 3299.8992 3299.8992 3299.8992 3299.8992 3299.8992 3299.8992 3299.8992 3299.8992 3299.8992 3299.8992 3299.8992 3299.8992 3299.8992 3287.8142 3272.9094 3258.0046 3242.9993 -752.69165 3247.0276 3262.9395 3278.65 3294.3604 3299.8992 -3275.4272 -3260.321 -3245.3154 -3230.612 -3216.11 -3201.5076 -3187.1062 -3172.8057 -3158.606 -3144.5068 -3130.6091 -3116.812 -3103.0151 -3086.3982 -954.4098 1189.7644 3274.823 
3299.8992 3299.8992 3299.8992 3299.8992 3285.6995 3270.7947 3255.6885 3240.4814 3226.0803 3211.4775 3196.7742 3182.1716 3167.5688 3153.067 3138.8672 3124.5667 2641.873 857.428 -837.2864 -2134.3047 -3269.1833 3142.1904 3157.901 3173.2085 3189.1204 3204.428 3219.3328 3234.7412 3249.948 3264.9536 3279.8584 3294.7632 -3290.5334 -3275.9307 -3261.3281 -3246.9268 -3232.6262 -2097.7478 3299.8992 3299.8992 3299.8992 3299.8992 3299.8992 3298.892 3283.8867 3269.0825 3254.5806 3238.971 3224.1667 3209.5642 3194.8608 3180.359 3165.756 3151.355 3137.0544 3122.8545 2648.7212 741.7145 -998.01636 -2347.9065 3128.3936 3143.399 3159.3108 3174.8198 3190.3289 3205.9387 3220.7427 3236.1511 3251.4587 3266.464 3281.369 3296.0723 -3289.224 -3274.5208 -3259.9182 -3245.6177 -3231.2163 -1735.9039 3299.8992 3299.8992 3299.8992 3299.8992 3299.8992 3298.4893 3283.786 3269.0825 3253.775 3238.6687 3224.2676 3209.6648 3194.8608 3180.4595 3165.857 3151.5564 3137.0544 3122.653 2665.9424 881.19507 -769.20776 -2234.3079 3160.0159 3141.0828 3156.5918 3172.3022 3187.4084 3202.8167 3218.4265 3233.6333 3248.3367 3263.4429 3278.247 3293.1519 -3292.1448 -3277.4414 -3262.8386 -3248.4375 -3234.137 -1174.054 3299.8992 3299.8992 3299.8992 3299.8992 3299.8992 3293.5547 3278.549 3263.6443 3249.2432 3233.7341 3218.8293 3204.2266 3189.7246 3175.2227 3160.62 3146.3196 3131.9182 3113.7908 2305.1055 377.4536 -1179.4922 -2489.099 3127.3865 3143.1975 3159.2102 3174.5178 3190.4297 3205.6365 3220.4407 3235.9497 3251.1565 3266.162 3281.067 3295.8708 -3289.325 -3274.7222 -3260.1196 -3245.7183 -3231.5186 -655.0049 3299.8992 3299.8992 3299.8992 3299.8992 3299.8992 3293.3533 3278.952 3264.148 3248.8403 3233.6333 3219.2322 3204.6294 3190.1274 3175.6255 3160.922 3146.6216 3132.2205 3111.978 1895.224 -23.666382 -1467.0135 -2709.2468 3134.0332 3149.7437 3165.3533 3181.0637 3196.0693 3211.4775 3226.9866 3242.1936 3256.7961 3271.8018 3286.7065 3299.8992 -3283.8867 -3269.284 -3254.782 -3240.3809 -3226.0803 32.93152 3299.8992 3299.8992 3299.8992 3299.8992 3299.8992 3296.576 3281.4697 3266.6655 3252.1636 3236.554 3221.7498 3207.1472 3192.4438 3177.841 3163.742 3149.1394 3134.738 3116.6106 2170.6604 235.45532 -1325.6195 -2618.3074 
-3183.783 -3168.3745 -3153.3691 -3137.9607 -3122.9553 -3108.252 -3093.5486 -3078.9458 -3064.5447 -3050.1433 -3035.9436 -3021.7437 -3007.7454 -2985.8916 -2720.7275 -2419.9126 -2080.1238 -843.12744 170.70007 1616.9678 2489.099 2883.5723 3299.8992 3299.8992 3299.8992 3299.8992 3299.8992 3299.8992 3299.8992 3299.8992 3299.8992 3299.8992 3299.8992 3299.8992 3299.8992 3299.8992 3299.8992 2753.0547 -3174.0142 -3208.6577 -3193.1487 -3177.6396 -3162.8357 -3147.528 -3132.5225 -3117.6177 -3102.9143 -3088.3118 -3073.9104 -3059.5093 -3045.2087 -3031.0088 -3017.111 -3003.012 -2989.3157 -2974.411 -2842.5842 -2620.12 -1439.9231 -244.11621 1294.8029 3048.532 3299.8992 3299.8992 3299.8992 3299.8992 3299.8992 3299.8992 3299.8992 3299.8992 3299.8992 3299.8992 3299.8992 3299.8992 3299.8992 3299.8992 3299.8992 3220.8435 -3111.4746 -3198.7883 -3183.1787 -3167.871 -3152.5635 -3137.5579 -3122.653 -3107.849 -3093.3472 -3078.7444 -3064.3433 -3049.942 -3035.7422 -3021.7437 -3007.6445 -2993.8477 -2979.95 -2966.455 -2952.8594 -2518.9087 -911.5082 603.5431 2002.2766 3224.1667 3299.8992 3299.8992 3299.8992 3299.8992 3299.8992 3299.8992 3299.8992 3299.8992 3299.8992 3299.8992 3299.8992 3299.8992 3299.8992 3299.8992 3299.8992 3067.566 -3215.103 -3199.292 -3183.6821 -3168.274 -3152.8655 -3137.86 -3123.056 -3108.252 -3093.6492 -3079.1472 -3064.746 -3050.3447 -3036.145 -3022.046 -3008.1482 -2994.2505 -2980.3528 -2966.757 -2953.1616 -2239.1418 -771.0205 664.0686 1927.1484 3089.8223 3299.8992 3299.8992 3299.8992 3299.8992 3299.8992 3299.8992 3299.8992 3299.8992 3299.8992 3299.8992 3299.8992 3299.8992 3299.8992 3299.8992 3299.8992 2682.3577 -3213.693 -3197.7812 -3182.1716 -3166.7632 -3151.8584 -3136.5508 -3121.5454 -3106.842 -3091.9373 -3077.536 -3063.1348 -3048.8342 -3034.735 -3020.5352 -3006.6375 -2992.7397 -2978.842 -2965.3472 -2951.7517 -2441.9678 -1032.6599 480.3772 1897.3389 3220.8435 3299.8992 3299.8992 3299.8992 3299.8992 3299.8992 3299.8992 3299.8992 3299.8992 3299.8992 3299.8992 3299.8992 3299.8992 3299.8992 3299.8992 3299.8992 2266.7358 -3207.2478 -3191.336 -3175.9277 -3160.5193 -3145.6145 -3130.4077 -3115.402 -3100.5981 -3086.0962 -3071.5942 -3057.1929 -3042.7917 -3028.6926 -3014.694 -3000.7964 -2986.8987 -2973.1018 -2959.506 -2946.0112 -2302.0842 -1138.0005 320.6543 
3293.051 3277.8442 3262.6372 3247.3296 3232.1228 3216.9158 3201.6082 3186.2 3170.691 3154.779 3139.6729 3124.8687 3110.0647 3095.16 3080.3557 3061.5234 2353.1433 911.4075 -340.9973 -1332.9712 -2241.5588 -3004.6233 3089.6208 3106.3384 3122.754 3139.3706 3155.7861 3172 3188.214 3204.3274 3220.2393 3236.0503 3251.9622 3267.6726 3283.383 3298.993 -3285.5986 -2040.9485 3299.8992 3299.8992 3290.9363 3275.6287 3259.9182 3245.114 3229.9072 3214.801 3199.3926 3184.085 3168.6768 3152.5635 3137.5579 3122.754 3107.7483 3092.9443 3078.1401 3035.037 2106.2073 649.66736 -559.03015 -1451.1017 -2237.8325 -2992.4377 3090.8293 3108.1511 3124.768 3141.1833 3157.5989 3173.9136 3190.1274 3206.1401 3222.052 3238.0645 3253.775 3269.5862 3285.1958 3299.8992 -3283.8867 -1741.1407 3299.8992 3299.8992 3290.8354 3275.5278 3259.8174 3245.0134 3229.9072 3214.7002 3199.3926 3183.8835 3168.576 3152.362 3137.5579 3122.5525 3107.7483 3092.8435 3078.0396 3046.5178 2077.7068 636.77673 -479.67224 -1418.9758 -2250.5217 -3048.0286 3090.9302 3108.0505 3124.6672 3141.0828 3157.498 3173.7122 3190.1274 3205.9387 3222.052 3237.9639 3253.8757 3269.3848 3285.0952 3299.8992 -3283.9873 -1394.5038 3299.8992 3299.8992 3288.8213 3273.5137 3257.8032 3242.9993 3227.7922 3212.5854 3197.2778 3181.8694 3166.4612 3150.4485 3135.443 3120.5383 3105.6335 3091.0308 3076.126 2962.9302 1899.9573 433.14514 -756.9214 -1706.4972 -2624.954 3207.55 3097.476 3114.1936 3130.6091 3147.0244 3163.44 3179.6538 3195.767 3211.7798 3227.6917 3243.6035 3259.4146 3275.0244 3290.7349 3299.8992 -3278.4485 -852.19116 3299.8992 3299.8992 3291.0369 3275.7292 3260.2202 3245.2148 3230.1086 3214.801 3199.4934 3184.085 3168.576 3152.4626 3137.6587 3122.653 3107.7483 3093.1458 3078.1401 3023.5564 2056.659 622.2748 -536.57227 -1490.5792 -2323.8372 -2987.201 3092.642 3109.259 3125.7751 3142.2913 3158.7065 3175.0212 3191.034 3207.1472 3223.2605 3238.971 3254.6814 3270.5933 3286.1023 3299.8992 -3282.8796 -422.06726 3299.8992 3299.5972 3284.3901 3269.1833 3253.9763 3238.7695 3223.462 3208.255 3192.8467 3177.539 3162.03 3146.1182 3131.2134 3116.4092 3101.4038 3086.801 3071.5942 2864.9414 1587.6617 187.21619 -834.46655 -1740.2344 
-3135.5437 -3120.5383 -3105.7341 -3091.1316 -3076.6296 -3062.329 -3048.0286 -3034.03 -3019.931 -3005.9326 -2992.2363 -2978.54 -2962.5273 -2562.8174 -2124.1333 -1632.5775 -1453.3173 -942.2241 -454.99878 -92.65137 186.2091 472.32056 679.57764 1540.1276 3074.716 3299.8992 3299.8992 3299.8992 3299.8992 3299.8992 3299.8992 3299.8992 3299.8992 3299.8992 3299.8992 3299.8992 3299.8992 2104.7974 -417.5354 -2177.6091 -3133.731 -3118.6248 -3103.9214 -3089.4194 -3074.9175 -3060.5164 -3046.3164 -3032.1167 -3018.1182 -3004.3213 -2990.4236 -2976.6265 -2959.506 -2618.5088 -2107.9192 -1811.3342 -1611.3281 -1172.0398 -788.8458 -466.98303 -88.11951 207.65991 477.35596 1430.4565 3006.2346 3299.8992 3299.8992 3299.8992 3299.8992 3299.8992 3299.8992 3299.8992 3299.8992 3299.8992 3299.8992 3299.8992 3299.8992 2183.4502 -451.07117 -2227.7617 -3122.351 -3107.5469 -3092.8435 -3078.3416 -3063.9404 -3049.539 -3035.3394 -3021.4417 -3007.443 -2993.6462 -2979.95 -2966.1528 -2912.0728 -2489.1997 -1977.0996 -1609.314 -1270.935 -864.57825 -400.71716 72.81189 383.79822 750.27466 1077.9785 2093.2158 3299.8992 3299.8992 3299.8992 3299.8992 3299.8992 3299.8992 3299.8992 3299.8992 3299.8992 3299.8992 3299.8992 3299.8992 3299.8992 1637.6129 -857.7301 -2582.0525 -3126.9836 -3111.8774 -3097.2747 -3082.7727 -3068.3716 -3053.9702 -3039.871 -3025.772 -3011.8743 -2998.0774 -2984.1797 -2970.4834 -2641.4702 -2259.082 -1778.2013 -1415.5518 -988.6505 -586.1206 -306.15234 10.977173 317.33093 451.07117 683.9081 1740.8386 3166.864 3299.8992 3299.8992 3299.8992 3299.8992 3299.8992 3299.8992 3299.8992 3299.8992 3299.8992 3299.8992 3299.8992 3299.8992 1365.1978 -1150.8911 -2823.5503 -3127.2856 -3112.5823 -3097.7783 -3083.2764 -3068.7744 -3054.4739 -3040.3748 -3026.2756 -3012.378 -2998.3794 -2984.5825 -2912.979 -2453.8513 -2062.1978 -1590.0787 -1288.6597 -1223.5016 -801.53503 -409.68018 -112.89368 52.368164 368.28918 816.74194 2066.9312 3299.8992 3299.8992 3299.8992 3299.8992 3299.8992 3299.8992 3299.8992 3299.8992 3299.8992 3299.8992 3299.8992 3299.8992 3299.8992 1210.1074 -1190.6708 -2952.7588 -3128.7964 -3113.9922 -3099.1882 -3084.6863 -3070.285 -3055.8838 -3041.7847 -3027.6855 -3013.7878 -2999.7893 -2985.9924 -2972.2961 -2797.6685 -2423.639 -2068.0388 -1670.5444 -1265.6982 -765.5823 -297.49146 100.909424 

9.667969 9.667969 9.667969 9.667969 9.667969 9.667969 9.667969 9.667969 9.667969 9.667969 9.667969 9.667969 9.667969 9.667969 9.667969 9.667969 9.667969 9.667969 9.667969 9.667969 9.667969 9.667969 9.667969 9.667969 9.667969 9.667969 9.667969 9.667969 9.667969 9.667969 9.667969 9.667969 9.667969 9.667969 9.667969 9.667969 9.667969 9.667969 9.667969 9.667969 9.667969 9.667969 9.667969 9.667969 9.667969 9.667969 9.667969 9.667969 9.667969 9.667969 9.667969 9.667969 9.667969 9.667969 9.667969 9.667969 9.667969 9.667969 9.667969 9.667969 9.667969 9.667969 9.667969 9.667969 9.667969 9.667969 9.667969 9.667969 9.667969 9.667969 9.667969 9.667969 9.667969 9.667969 9.667969 9.667969 9.667969 9.667969 9.667969 9.667969 9.667969 9.667969 9.667969 9.667969 9.667969 9.667969 9.667969 9.667969 9.667969 9.667969 9.667969 9.667969 9.667969 9.667969 9.667969 9.667969 9.667969 9.667969 9.667969 9.667969 9.667969 9.667969 9.667969 9.667969 9.667969 9.667969 9.667969 9.667969 9.667969 9.667969 9.667969 9.667969 9.667969 9.667969 9.667969 9.667969 9.667969 9.667969 9.667969 9.667969 9.667969 9.667969 9.667969 9.667969 9.667969 9.667969 9.667969 9.667969 9.667969 9.667969 9.667969 9.667969 9.667969 9.667969 9.667969 9.667969 9.667969 9.667969 9.667969 9.667969 9.667969 9.667969 9.667969 9.667969 9.667969 9.667969 9.667969 9.667969 9.667969 9.667969 9.667969 9.667969 9.667969 9.667969 9.667969 9.667969 9.667969 9.667969 9.667969 9.667969 9.667969 9.667969 9.667969 9.667969 9.667969 9.667969 9.667969 9.667969 9.667969 9.667969 9.667969 9.667969 9.667969 9.667969 9.667969 9.667969 9.667969 9.667969 9.667969 9.667969 9.667969 9.667969 9.667969 9.667969 9.667969 9.667969 9.667969 9.667969 9.667969 9.667969 9.667969 9.667969 9.667969 9.667969 9.667969 9.667969 9.667969 9.667969 9.667969 9.667969 
-128.50342 -114.10217 -86.8103 -47.735596 -44.110107 -34.039307 -17.120361 -8.862305 -17.72461 -20.947266 -32.32727 -14.199829 7.1502686 16.113281 24.169922 27.191162 9.869385 -16.314697 -28.399658 -13.796997 -6.0424805 -9.063721 -18.328857 -21.853638 -19.335938 -4.8339844 4.1290283 4.0283203 -3.6254883 -1.2084961 1.8127441 13.595581 15.106201 30.212402 34.039307 40.48462 42.49878 42.800903 37.86621 34.84497 27.090454 23.666382 39.47754 52.166748 55.389404 71.7041 78.45154 86.30676 98.291016 110.27527 106.448364 92.04712 81.87561 78.35083 87.31384 84.39331 70.3949 48.03772 28.701782 -2.6184082 -35.046387 -45.620728 -64.956665 -91.64429 -67.8772 -17.019653 34.94568 85.80322 125.7843 149.14856 152.47192 142.60254 125.079346 115.91492 122.86377 125.68359 101.815796 51.260376 -26.586914 -120.24536 -202.4231 -283.0902 -311.8927 -284.50012 -236.96594 -194.16504 -180.77087 -161.23352 -119.4397 -137.26501 -153.98254 -139.27917 -118.63403 -79.660034 -51.864624 -22.860718 2.9205322 6.6467285 -12.890625 -35.751343 -37.060547 -28.198242 -19.436646 -10.977173 1.9134521 7.5531006 8.963013 6.7474365 -3.6254883 -4.0283203 6.6467285 20.544434 31.723022 22.357178 7.7545166 6.8481445 11.782837 27.392578 33.636475 43.40515 25.78125 14.703369 17.825317 23.162842 0.9063721 0.9063721 -8.258057 -14.300537 -11.581421 -7.4523926 0.9063721 9.164429 13.998413 34.542847 65.963745 85.198975 67.37366 79.559326 106.34766 118.029785 97.48535 122.15881 170.39795 214.91089 227.39868 230.72205 233.74329 233.34045 215.61584 174.02344 119.64111 62.841797 -10.876465 -128.302 -227.39868 -267.7826 -265.86914 -219.34204 -171.90857 -132.0282 -113.90076 -86.709595 -63.043213 -51.5625 -53.07312 -58.410645 -96.8811 -122.96448 -97.98889 -60.62622 -25.982666 -15.609741 -19.940186 -29.003906 -31.118774 -21.047974 -38.671875 -48.239136 -45.721436 -27.996826 -19.335938 -13.998413 -10.574341 9.869385 23.062134 8.056641 -19.436646 -41.592407 -37.564087 -34.44214 -9.667969 -0.50354004 23.968506 25.680542 23.062134 16.71753 4.7332764 10.272217 16.616821 24.069214 
3299.8992 3299.8992 3299.8992 3299.8992 3299.8992 3299.8992 3299.8992 3299.8992 3299.8992 3299.8992 3299.8992 3299.8992 3299.8992 3299.8992 3299.8992 3291.1377 3274.823 -1646.6766 3280.966 3297.7844 -3285.6995 -3269.4854 -3252.8687 -3237.1582 -3221.2463 -3205.3345 -3189.5232 -3173.9136 -3158.7065 -3143.399 -3128.3936 -3113.4888 -3098.6846 -3083.9812 -3069.3787 -3055.0781 -3040.7776 -1364.6942 1559.6649 3299.8992 3299.8992 3299.8992 3299.8992 3299.8992 3299.8992 3299.8992 3299.8992 3299.8992 3299.8992 3299.8992 3299.8992 3299.8992 3299.8992 3299.8992 3299.8992 3289.224 3273.0103 -2704.9163 3281.4697 3298.2878 -3285.1958 -3268.4783 -3252.6672 -3236.1511 -3220.2393 -3204.6294 -3189.1204 -3173.6113 -3158.3037 -3143.097 -3128.0913 -3113.1865 -3098.3826 -3083.7798 -3069.1772 -3054.6753 -3040.5762 -1303.2623 1851.8188 3299.8992 3299.8992 3299.8992 3299.8992 3299.8992 3299.8992 3299.8992 3299.8992 3299.8992 3299.8992 3299.8992 3299.8992 3299.8992 3299.8992 3299.8992 3299.8992 3288.217 3271.701 3266.162 3283.383 3299.8992 -3283.2825 -3267.1692 -3250.5522 -3234.8418 -3218.93 -3203.018 -3187.3076 -3171.7986 -3156.491 -3141.1833 -3126.2786 -3111.2732 -3096.5698 -3081.967 -3067.465 -3053.064 -3038.7634 -1305.2765 1655.1361 3299.8992 3299.8992 3299.8992 3299.8992 3299.8992 3299.8992 3299.8992 3299.8992 3299.8992 3299.8992 3299.8992 3299.8992 3299.8992 3299.8992 3299.8992 3299.8992 3290.332 3273.715 3270.6938 3287.7136 3299.8992 -3278.952 -3262.3352 -3246.524 -3230.0078 -3214.1968 -3198.4863 -3183.1787 -3167.6697 -3152.362 -3137.2559 -3122.2502 -3107.3455 -3092.642 -3078.0396 -3063.4368 -3049.1362 -3034.8357 -973.1415 2158.2732 3299.8992 3299.8992 3299.8992 3299.8992 3299.8992 3299.8992 3299.8992 3299.8992 3299.8992 3299.8992 3299.8992 3299.8992 3299.8992 3299.8992 3299.8992 3299.8992 3290.1306 3273.3123 3273.6145 3290.634 -3292.749 -3276.0315 -3259.5154 -3243.0999 -3227.5908 -3211.679 -3195.767 -3180.1575 -3164.749 -3149.3408 -3134.3352 -3119.3298 -3104.425 -3089.8223 -3075.0183 -3060.617 -3046.4172 -3027.7861 -583.5022 2626.2634 3299.8992 
3299.8992 3299.8992 3299.8992 3299.8992 3299.8992 3299.8992 3299.8992 3299.8992 3299.8992 3299.8992 3299.8992 3299.8992 3299.8992 3292.5476 3277.6428 3262.8386 3247.531 -1587.4603 3253.775 3269.6868 3285.2966 3299.8992 -3283.6853 -3268.881 -3253.8757 -3238.7695 -3224.1667 -3209.6648 -3195.2637 -3180.7617 -3166.5618 -3152.4626 -3138.3635 -3124.4658 -3110.669 -3096.9727 -2694.4426 -22.055054 2591.1162 3299.8992 3299.8992 3299.8992 3299.8992 3299.8992 3299.8992 3299.8992 3299.8992 3299.8992 3299.8992 3299.8992 3299.8992 3299.8992 3299.8992 3285.2966 3270.4924 3255.5876 3240.3809 -2516.8945 3249.2432 3264.9536 3280.664 3295.8708 -3288.6199 -3273.413 -3258.5083 -3243.402 -3228.9001 -3214.1968 -3199.7954 -3185.2935 -3171.0938 -3156.7932 -3142.7947 -3128.897 -3114.9993 -3101.303 -2808.0413 -257.9132 2151.2236 3299.8992 3299.8992 3299.8992 3299.8992 3299.8992 3299.8992 3299.8992 3299.8992 3299.8992 3299.8992 3299.8992 3299.8992 3299.8992 3299.4963 3284.491 3269.6868 3254.8828 3239.3738 3265.2556 3250.3508 3266.0613 3281.6711 3296.7773 -3287.6128 -3272.5066 -3257.5012 -3242.395 -3227.893 -3213.2903 -3198.6877 -3184.2864 -3169.9858 -3155.8867 -3141.8884 -3127.89 -3114.093 -3100.3967 -2796.3591 -357.312 2130.6792 3299.8992 3299.8992 3299.8992 3299.8992 3299.8992 3299.8992 3299.8992 3299.8992 3299.8992 3299.8992 3299.8992 3299.8992 3299.8992 3299.8992 3285.901 3270.996 3255.9905 3240.5823 3238.87 3254.9834 3270.7947 3286.3037 3299.8992 -3282.8796 -3267.874 -3252.9692 -3237.7625 -3223.361 -3208.7585 -3194.3572 -3179.956 -3165.6555 -3151.5564 -3137.4573 -3123.6602 -3109.9639 -3096.167 -2431.897 223.8739 2690.213 3299.8992 3299.8992 3299.8992 3299.8992 3299.8992 3299.8992 3299.8992 3299.8992 3299.8992 3299.8992 3299.8992 3299.8992 3299.8992 3298.6907 3283.6853 3268.7805 3254.0771 3238.2659 3238.971 3254.8828 3270.6938 3286.3037 3299.8992 -3283.1816 -3267.9749 -3252.9692 -3238.0645 -3223.5625 -3208.8591 -3194.3572 -3180.0566 -3165.857 -3151.657 -3137.5579 -3123.761 -3109.8633 -3096.2676 -2315.4785 312.29553 2697.061 3299.8992 
3132.8247 3148.7366 3164.5476 3180.1575 3195.465 3210.7727 3226.2817 3241.4885 3256.192 3271.1975 3286.0015 3299.8992 -3284.491 -3269.8882 -3255.3862 -3240.985 -3226.6846 637.8845 3299.8992 3299.8992 3299.8992 3299.8992 3299.8992 3293.4539 3278.952 3264.148 3248.941 3233.6333 3219.2322 3204.6294 3190.1274 3175.424 3160.922 3146.6216 3132.2205 3110.266 1813.5498 -85.60181 -1746.6797 -3014.4927 3137.5579 3153.2683 3168.9788 3184.085 3199.8962 3215.2039 3230.1086 3245.4163 3260.623 3275.5278 3290.4326 3299.8992 -3280.1604 -3265.457 -3251.056 -3236.7554 -3222.4548 1216.452 3299.8992 3299.8992 3299.8992 3299.8992 3299.8992 3295.0652 3280.1604 3265.2556 3250.7537 3235.2446 3220.4407 3205.7373 3191.1345 3176.532 3162.1306 3147.7295 3133.2275 3109.0576 1822.7142 -92.65137 -1617.7734 -2889.3127 3137.5579 3153.3691 3169.281 3184.8906 3199.8962 3215.2039 3230.8135 3245.9197 3260.623 3275.6287 3290.5334 3299.8992 -3280.0598 -3265.457 -3250.955 -3236.6545 -3222.4548 1964.7125 3299.8992 3299.8992 3299.8992 3299.8992 3299.8992 3292.749 3278.247 3263.4429 3248.236 3232.8276 3218.527 3203.9246 3189.4226 3174.7192 3160.3179 3145.816 3131.6162 3101.7058 1676.2848 -244.11621 -1752.5208 -3007.443 3138.3635 3154.074 3169.6838 3184.9915 3200.702 3215.9087 3230.8135 3246.121 3261.4287 3276.233 3291.1377 3299.8992 -3279.3547 -3264.8528 -3250.3508 -3236.1511 -3221.7498 2710.3545 3299.8992 3299.8992 3299.8992 3299.8992 3299.8992 3290.4326 3275.7292 3261.026 3245.7183 3230.4106 3216.11 3201.4067 3187.0056 3172.5037 3157.8003 3143.6003 3129.1992 3066.8608 1579.2023 -254.69055 -1727.3438 -2952.5574 3136.5508 3152.2612 3167.7703 3183.1787 3198.4863 3213.693 3229.303 3244.4092 3259.1125 3274.0173 3289.1235 3299.8992 -3281.5703 -3266.9678 -3252.5664 -3238.2659 -3186.3005 3111.7766 3299.8992 3299.8992 3299.8992 3299.8992 3299.8992 3286.908 3272.1038 3257.0984 3242.697 3227.0874 3212.384 3197.6807 3183.1787 3168.576 3154.1748 3139.8743 3125.5737 2947.6226 1286.4441 -642.6178 -2103.7903 3282.1746 
1790.5884 3132.321 3299.8992 3299.8992 3299.8992 3299.8992 3299.8992 3299.8992 3299.8992 3299.8992 3299.8992 3299.8992 3299.8992 3299.8992 3299.8992 3299.8992 3299.8992 1848.4955 -3198.285 -3182.373 -3166.9646 -3151.657 -3136.4502 -3121.4446 -3106.7412 -3092.1387 -3077.536 -3063.1348 -3048.7334 -3034.4329 -3020.3337 -3006.436 -2992.5383 -2978.7415 -2964.9443 -2951.4495 -2937.9546 -2128.5645 -684.61304 795.694 2205.8074 3299.8992 3299.8992 3299.8992 3299.8992 3299.8992 3299.8992 3299.8992 3299.8992 3299.8992 3299.8992 3299.8992 3299.8992 3299.8992 3299.8992 3299.8992 3299.8992 1365.9027 -3195.9685 -3180.1575 -3164.6484 -3149.4414 -3134.1338 -3119.1284 -3104.5256 -3089.7217 -3075.2197 -3060.7178 -3046.5178 -3032.2173 -3018.0176 -3004.2205 -2990.2222 -2976.425 -2962.8296 -2949.4353 -2935.8398 -1813.2477 -302.12402 1168.2129 2561.609 3299.8992 3299.8992 3299.8992 3299.8992 3299.8992 3299.8992 3299.8992 3299.8992 3299.8992 3299.8992 3299.8992 3299.8992 3299.8992 3299.8992 3299.8992 3299.8992 460.2356 -3196.5728 -3180.7617 -3165.2527 -3150.0457 -3135.2417 -3119.934 -3105.0293 -3090.326 -3075.824 -3061.4226 -3047.223 -3032.8215 -3018.7224 -3004.8247 -2990.927 -2977.1301 -2963.4338 -2949.939 -2936.444 -2227.2583 -787.6373 783.8104 2284.1582 3299.8992 3299.8992 3299.8992 3299.8992 3299.8992 3299.8992 3299.8992 3299.8992 3299.8992 3299.8992 3299.8992 3299.8992 3299.8992 3299.8992 3299.8992 3299.8992 216.42151 -3189.0198 -3173.3093 -3157.8003 -3142.5933 -3127.89 -3112.7837 -3097.879 -3083.1755 -3068.7744 -3054.2725 -3040.0725 -3025.8728 -3011.7737 -2997.7751 -2983.9783 -2970.3826 -2956.6863 -2943.0908 -2929.6965 -1922.7173 -422.06726 1049.176 2441.2627 3299.8992 3299.8992 3299.8992 3299.8992 3299.8992 3299.8992 3299.8992 3299.8992 3299.8992 3299.8992 3299.8992 3299.8992 3299.8992 3299.8992 3299.8992 3299.8992 -771.1212 -3183.6821 -3167.9717 -3152.5635 -3137.3564 -3122.1497 -3107.3455 -3092.642 -3078.0396 -3063.5376 -3049.237 -3035.037 -3020.7366 -3006.8389 -2992.8406 -2979.1443 -2965.3472 -2951.8523 -2938.2568 -2924.9634 -1778.1006 -331.73218 1164.2853 
-2567.752 -3164.6484 3095.9656 3112.5823 3129.0984 3145.6145 3161.9292 3178.244 3194.2566 3210.3699 3226.2817 3242.1936 3257.904 3273.6145 3289.325 3299.8992 -3279.8584 -21.24939 3299.8992 3299.8992 3285.2966 3269.8882 3254.8828 3239.6758 3224.2676 3209.0605 3193.5515 3178.244 3162.8357 3146.823 3131.9182 3117.0134 3102.31 3087.506 3070.3857 2803.4087 1543.0481 62.74109 -1164.0839 -2161.5967 -2873.1995 3155.9875 3103.9214 3120.4375 3136.9536 3153.2683 3169.6838 3185.9985 3201.9104 3218.0237 3233.9355 3249.7466 3265.457 3281.067 3296.7773 -3287.7136 -3272.5066 586.72485 3299.8992 3299.8992 3289.224 3273.9165 3258.206 3243.402 3228.0945 3213.0889 3197.4792 3182.1716 3166.7632 3150.5493 3135.745 3120.7397 3105.835 3091.1316 3073.709 2786.8926 1487.2559 88.11951 -929.4342 -1846.0785 -2594.7417 -3269.3848 3102.411 3119.4304 3136.148 3152.664 3168.9788 3185.1929 3201.3062 3217.1172 3233.13 3249.1423 3264.7522 3280.3618 3296.0723 -3288.6199 -3273.1108 984.5215 3299.8992 3299.8992 3286.5051 3271.298 3255.487 3240.4814 3225.5767 3210.1685 3194.8608 3179.4524 3164.0442 3147.931 3133.0261 3118.222 3103.2166 3088.5132 3071.292 2861.4165 1660.675 262.04224 -842.3218 -1746.3776 -2612.4663 -3277.9448 3097.174 3114.395 3130.9111 3147.3267 3163.742 3180.0566 3196.17 3212.0818 3228.0945 3243.805 3259.8174 3275.4272 3291.1377 3299.8992 -3244.6106 1488.4644 3299.8992 3294.2595 3279.1533 3263.8457 3248.1353 3233.3313 3218.1243 3202.9175 3187.7104 3172.1008 3156.7932 3140.7805 3126.0771 3111.0718 3096.2676 3081.665 3064.3433 2690.0115 1293.4937 -108.1604 -1151.9989 -2052.5298 -2869.2717 3111.7766 3099.4902 3116.4092 3133.1267 3149.5422 3165.9575 3181.9702 3198.0835 3214.096 3230.0078 3245.9197 3261.731 3277.4414 3292.9504 -3291.5405 -3044.3022 2058.7737 3299.8992 3292.9504 3277.8442 3262.5366 3246.9268 3231.9214 3216.9158 3201.6082 3186.4014 3170.993 3155.5847 3139.572 3124.768 3109.8633 3095.16 3080.3557 3061.9263 2494.235 1038.8031 -319.64722 -1253.5126 -2149.008 
342.40723 592.1631 1020.1721 2269.8577 3299.8992 3299.8992 3299.8992 3299.8992 3299.8992 3299.8992 3299.8992 3299.8992 3299.8992 3299.8992 3299.8992 3299.8992 3299.8992 1126.5198 -1206.0791 -2789.8132 -3128.0913 -3113.2874 -3098.584 -3083.9812 -3069.58 -3055.2795 -3041.0796 -3026.9805 -3013.0828 -2999.185 -2985.3882 -2971.7925 -2913.684 -2517.1965 -2112.4512 -1707.0007 -1287.2498 -834.46655 -391.65344 -72.30835 206.55212 454.89807 1069.4183 2485.2722 3299.8992 3299.8992 3299.8992 3299.8992 3299.8992 3299.8992 3299.8992 3299.8992 3299.8992 3299.8992 3299.8992 3299.8992 3299.8992 914.83154 -1371.9452 -3063.6382 -3122.1497 -3107.2449 -3092.743 -3078.1401 -3063.739 -3049.539 -3035.44 -3021.4417 -3007.443 -2993.7468 -2979.849 -2951.8523 -2588.1958 -2202.887 -1842.6544 -1518.1732 -1154.9194 -732.44934 -288.1256 67.27295 378.96423 559.13086 1045.752 2437.2344 3299.8992 3299.8992 3299.8992 3299.8992 3299.8992 3299.8992 3299.8992 3299.8992 3299.8992 3299.8992 3299.8992 3299.8992 3070.3857 458.22144 -1635.9009 -3134.3352 -3119.229 -3104.5256 -3089.923 -3075.4211 -3061.1206 -3046.9207 -3032.8215 -3018.6218 -3004.8247 -2991.1284 -2977.3315 -2899.0813 -2539.6545 -2147.5981 -1606.192 -1163.8824 -852.8961 -411.1908 -15.509033 281.8817 559.03015 795.7947 1419.4794 2913.5833 3299.8992 3299.8992 3299.8992 3299.8992 3299.8992 3299.8992 3299.8992 3299.8992 3299.8992 3299.8992 3299.8992 3299.8992 3060.0127 471.31348 -1665.509 -3145.9167 -3130.9111 -3115.805 -3101.2024 -3086.7004 -3072.1985 -3058.0994 -3043.8994 -3029.8003 -3015.802 -3001.9043 -2988.208 -2956.5857 -2583.6638 -2178.8176 -1805.0903 -1516.6626 -1108.3923 -635.2661 -206.45142 134.94873 430.92957 663.56506 1251.297 2654.0588 3299.8992 3299.8992 3299.8992 3299.8992 3299.8992 3299.8992 3299.8992 3299.8992 3299.8992 3299.8992 3299.8992 3299.8992 2790.921 39.779663 -1996.0327 -3141.0828 -3126.0771 -3111.2732 -3096.7712 -3082.1685 -3067.7673 -3053.4668 -3039.3677 -3025.3691 -3011.3708 -2997.4731 -2983.676 -2917.0073 -2517.398 -2175.6958 -1868.1335 -1697.232 -1044.0399 -555.5054 -274.1272 40.081787 

9.667969 9.667969 9.667969 9.667969 9.667969 9.667969 9.667969 9.667969 9.667969 9.667969 9.667969 9.667969 9.667969 9.667969 9.667969 9.667969 9.667969 9.667969 9.667969 9.667969 9.667969 9.667969 9.667969 9.667969 9.667969 9.667969 9.667969 9.667969 9.667969 9.667969 9.667969 9.667969 9.667969 9.667969 9.667969 9.667969 9.667969 9.667969 9.667969 9.667969 9.667969 9.667969 9.667969 9.667969 9.667969 9.667969 9.667969 9.667969 9.667969 9.667969 9.667969 9.667969 9.667969 9.667969 9.667969 9.667969 9.667969 9.667969 9.667969 9.667969 9.667969 9.667969 9.667969 9.667969 9.667969 9.667969 9.667969 9.667969 9.667969 9.667969 9.667969 9.667969 9.667969 9.667969 9.667969 9.667969 9.667969 9.667969 9.667969 9.667969 9.667969 9.667969 9.667969 9.667969 9.667969 9.667969 9.667969 9.667969 9.667969 9.667969 9.667969 9.667969 9.667969 9.667969 9.667969 9.667969 9.667969 9.667969 9.667969 9.667969 9.667969 9.667969 9.667969 9.667969 9.667969 9.667969 9.667969 9.667969 9.667969 9.667969 9.667969 9.667969 9.667969 9.667969 9.667969 9.667969 9.667969 9.667969 9.667969 9.667969 9.667969 9.667969 9.667969 9.667969 9.667969 9.667969 9.667969 9.667969 9.667969 9.667969 9.667969 9.667969 9.667969 9.667969 9.667969 9.667969 9.667969 9.667969 9.667969 9.667969 9.667969 9.667969 9.667969 9.667969 9.667969 9.667969 9.667969 9.667969 9.667969 9.667969 9.667969 9.667969 9.667969 9.667969 9.667969 9.667969 9.667969 9.667969 9.667969 9.667969 9.667969 9.667969 9.667969 9.667969 9.667969 9.667969 9.667969 9.667969 9.667969 9.667969 9.667969 9.667969 9.667969 9.667969 9.667969 9.667969 9.667969 9.667969 9.667969 9.667969 9.667969 9.667969 9.667969 9.667969 9.667969 9.667969 9.667969 9.667969 9.667969 9.667969 9.667969 9.667969 9.667969 9.667969 9.667969 9.667969 9.667969 9.667969 9.667969 9.667969 9.667969 9.667969 9.667969 9.667969 9.667969 9.667969 9.667969 9.667969 9.667969 9.667969 9.667969 9.667969 9.667969 9.667969 9.667969 9.667969 9.667969 9.667969 9.667969 9.667969 
31.521606 29.104614 23.968506 16.113281 4.5318604 11.480713 3.0212402 -4.1290283 2.8198242 2.6184082 -0.9063721 -4.9346924 -6.2438965 -8.258057 5.6396484 9.667969 10.977173 22.860718 34.34143 49.246216 65.460205 112.79297 150.05493 195.97778 254.0863 281.8817 272.21375 256.4026 236.76453 215.61584 184.69849 139.78271 99.3988 63.949585 -23.464966 -99.09668 -155.49316 -205.64575 -220.34912 -198.6969 -156.09741 -112.994385 -82.07703 -79.96216 -80.667114 -70.69702 -60.021973 -51.864624 -65.05737 -90.93933 -145.01953 -192.95654 -208.36487 -193.05725 -160.9314 -106.04553 -61.029053 -41.592407 -25.479126 -24.472046 -16.314697 -13.595581 -2.9205322 -4.1290283 28.500366 23.062134 15.408325 26.687622 35.95276 12.286377 -9.164429 1.7120361 34.240723 19.134521 -0.70495605 -8.056641 -19.537354 -3.3233643 2.9205322 9.869385 24.169922 21.853638 17.321777 6.7474365 8.258057 2.1148682 -7.4523926 -36.758423 -21.047974 -8.862305 -6.7474365 -14.401245 -25.881958 -20.443726 -9.265137 -0.80566406 -5.3375244 1.7120361 1.7120361 3.6254883 17.523193 28.701782 34.240723 55.59082 90.737915 116.82129 171.0022 203.02734 234.24683 251.66931 256.20117 246.02966 193.56079 147.63794 111.38306 86.10535 74.523926 30.31311 -23.26355 -63.74817 -121.15173 -190.33813 -228.30505 -218.13354 -174.7284 -131.62537 -73.91968 -27.493286 -18.22815 -36.154175 -38.36975 -40.786743 -37.96692 -22.659302 -25.579834 -7.6538086 0.30212402 18.127441 37.564087 56.396484 49.246216 7.6538086 -26.385498 -30.010986 -10.574341 -15.609741 -12.689209 -27.090454 -53.17383 -72.10693 -69.28711 -48.44055 -62.036133 -34.542847 -25.78125 -18.530273 -32.32727 -44.41223 -43.807983 -50.354004 -49.44763 -56.69861 -64.453125 -61.73401 -57.000732 -55.69153 -44.110107 -33.737183 -17.321777 -12.890625 -12.487793 -15.811157 -16.21399 -0.20141602 21.853638 34.84497 41.693115 49.246216 67.57507 88.11951 97.38464 93.96057 92.34924 110.77881 133.43811 155.59387 148.54431 166.77246 173.31848 157.00378 138.87634 97.08252 22.76001 -52.56958 -114.70642 -168.18237 -194.26575 -198.89832 -169.39087 -151.66626 -138.2721 -100.305176 -69.28711 -42.49878 -35.95276 -22.76001 -8.056641 -18.22815 -7.4523926 -8.560181 -28.903198 -38.47046 -44.311523 -41.088867 -39.578247 -31.82373 -19.638062 -0.80566406 13.998413 17.825317 
3299.8992 3299.8992 3299.8992 3299.8992 3299.8992 3299.8992 3299.8992 3299.8992 3299.8992 3299.8992 3299.8992 3299.8992 3299.8992 3299.8992 3299.8992 3288.8213 3271.701 3274.9236 3291.8425 -3291.339 -3274.823 -3258.9111 -3242.7979 -3226.4832 -3210.4705 -3195.0623 -3179.5532 -3164.2456 -3149.0386 -3133.8318 -3118.8262 -3104.0222 -3089.218 -3074.6155 -3060.214 -3046.0144 -2796.6614 -109.469604 2772.0886 3299.8992 3299.8992 3299.8992 3299.8992 3299.8992 3299.8992 3299.8992 3299.8992 3299.8992 3299.8992 3299.8992 3299.8992 3299.8992 3299.8992 3299.8992 3299.8992 3285.6995 3261.5295 3274.5208 3291.4397 -3291.8425 -3275.3264 -3258.8103 -3243.0999 -3226.5837 -3210.7727 -3195.1628 -3179.7546 -3164.3462 -3149.24 -3134.0332 -3119.1284 -3104.3242 -3089.5203 -3074.9175 -3060.4155 -3046.0144 -2722.5403 2.6184082 3091.635 3299.8992 3299.8992 3299.8992 3299.8992 3299.8992 3299.8992 3299.8992 3299.8992 3299.8992 3299.8992 3299.8992 3299.8992 3299.8992 3299.8992 3299.8992 3299.8992 3284.0881 2991.8335 3275.6287 3292.5476 -3290.7349 -3274.2188 -3258.206 -3241.69 -3226.181 -3210.269 -3194.458 -3178.7476 -3163.339 -3148.1323 -3133.0261 -3117.92 -3103.1157 -3088.5132 -3073.8098 -3059.4084 -3045.108 -2571.881 401.52283 3299.8992 3299.8992 3299.8992 3299.8992 3299.8992 3299.8992 3299.8992 3299.8992 3299.8992 3299.8992 3299.8992 3299.8992 3299.8992 3299.8992 3299.8992 3299.8992 3297.1802 3281.067 2600.9856 3275.0244 3292.044 -3291.339 -3274.823 -3258.307 -3242.5964 -3226.181 -3210.3699 -3194.8608 -3179.3518 -3163.9434 -3148.7366 -3133.6304 -3118.7256 -3103.8208 -3089.1174 -3074.6155 -3060.1135 -3045.7122 -2530.188 328.00598 3299.8992 3299.8992 3299.8992 3299.8992 3299.8992 3299.8992 3299.8992 3299.8992 3299.8992 3299.8992 3299.8992 3299.8992 3299.8992 3299.8992 3299.8992 3299.8992 3297.2808 3281.2683 2061.795 3278.0457 3294.9646 -3288.3179 -3272.1038 -3256.0913 -3239.4744 -3223.6633 -3207.6506 -3192.2424 -3176.7334 -3161.4258 -3146.2188 -3131.2134 -3116.2078 -3101.5044 -3086.7004 -3072.1985 -3057.6965 -2921.338 -2464.4255 -219.34204 2412.0574 3299.8992 3299.8992 3299.8992 3299.8992 3299.8992 3299.8992 3299.8992 3299.8992 3299.8992 3299.8992 3299.8992 3299.8992 3299.8992 3299.8992 3299.8992 3299.8992 3288.7207 630.3314 3289.1235 -3293.9575 -3277.3406 
3299.8992 3299.8992 3299.8992 3299.8992 3299.8992 3299.8992 3299.8992 3299.8992 3299.8992 3299.8992 3299.8992 3299.8992 3297.6836 3282.7788 3267.9749 3253.07 3228.6987 3241.0857 3257.0984 3272.9094 3288.3179 3299.8992 -3280.966 -3265.9607 -3251.056 -3236.4531 -3221.5483 -3206.845 -3192.4438 -3178.1433 -3163.8428 -3149.6428 -3135.745 -3121.8474 -3108.0505 -3094.3542 -2130.9814 521.9696 2815.0908 3299.8992 3299.8992 3299.8992 3299.8992 3299.8992 3299.8992 3299.8992 3299.8992 3299.8992 3299.8992 3299.8992 3299.8992 3299.8992 3297.4822 3282.5774 3267.7734 3252.8687 3128.0913 3242.697 3258.609 3274.2188 3289.8284 3299.8992 -3279.5562 -3264.45 -3249.646 -3235.0432 -3220.0378 -3205.536 -3191.034 -3176.834 -3162.4329 -3148.4343 -3134.436 -3120.5383 -3106.7412 -3093.1458 -1997.7448 626.70593 2972.0947 3299.8992 3299.8992 3299.8992 3299.8992 3299.8992 3299.8992 3299.8992 3299.8992 3299.8992 3299.8992 3299.8992 3299.8992 3299.8992 3297.1802 3282.376 3267.4712 3252.4658 2681.3506 3245.2148 3261.2273 3276.8372 3292.2454 3299.8992 -3277.0386 -3262.033 -3247.1282 -3232.5256 -3217.6208 -3203.119 -3188.617 -3174.3164 -3160.1165 -3146.0173 -3132.019 -3118.222 -3104.5256 -3090.8293 -1610.2203 982.1045 3259.8174 3299.8992 3299.8992 3299.8992 3299.8992 3299.8992 3299.8992 3299.8992 3299.8992 3299.8992 3299.8992 3299.8992 3299.8992 3299.8992 3295.3674 3280.4626 3265.5579 3250.5522 2136.923 3245.9197 3261.731 3277.4414 3293.051 3299.8992 -3276.4343 -3261.5295 -3246.524 -3232.022 -3217.1172 -3202.5146 -3188.0127 -3173.7122 -3159.5122 -3145.514 -3131.5154 -3117.6177 -3103.8208 -3090.326 -1683.5358 855.5145 3215.2039 3299.8992 3299.8992 3299.8992 3299.8992 3299.8992 3299.8992 3299.8992 3299.8992 3299.8992 3299.8992 3299.8992 3299.8992 3299.8992 3296.7773 3281.8726 3266.9678 3251.9622 1496.9238 3249.4446 3265.3564 3281.067 3296.475 -3287.915 -3273.0103 -3257.904 -3243.0999 -3228.4973 -3213.5925 -3199.0906 -3184.6892 -3170.4895 -3156.189 -3142.0898 -3128.2927 -3114.395 -3100.6987 -3086.801 -999.7284 1557.4493 3299.8992 3299.8992 3299.8992 3299.8992 3299.8992 3299.8992 3299.8992 3299.8992 3299.8992 3299.8992 3299.8992 3299.8992 3299.8992 3299.8992 3292.2454 3277.3406 3262.6372 3247.531 547.9523 3248.1353 3264.047 3279.5562 
3139.1692 3154.9805 3170.7915 3186.3005 3201.8096 3217.1172 3231.9214 3247.3296 3262.4358 3277.3406 3292.2454 3299.8992 -3278.3477 -3263.8457 -3249.3438 -3235.0432 -2973.001 3299.8992 3299.8992 3299.8992 3299.8992 3299.8992 3299.8992 3287.5122 3272.708 3258.0046 3242.8984 3227.4902 3213.0889 3198.587 3184.085 3169.4824 3154.9805 3140.68 3126.0771 2777.426 1100.3357 -656.3141 -1992.2058 -3198.8892 3140.7805 3156.491 3171.8994 3187.6099 3202.5146 3217.8223 3233.432 3248.538 3263.1409 3278.1462 3292.9504 -3292.3462 -3277.7434 -3263.1409 -3248.538 -3234.3384 -2724.2522 3299.8992 3299.8992 3299.8992 3299.8992 3299.8992 3299.8992 3286.5051 3271.701 3256.7961 3241.7908 3226.4832 3212.2832 3197.5798 3183.078 3168.4753 3154.074 3139.7734 3125.473 2852.957 1133.5693 -687.03 -2213.2598 3129.0984 3141.2842 3157.196 3172.6042 3188.1133 3203.6223 3218.8293 3233.7341 3249.0417 3264.2485 3279.1533 3293.8567 -3291.339 -3276.6357 -3262.033 -3247.6318 -3233.3313 -2300.3723 3299.8992 3299.8992 3299.8992 3299.8992 3299.8992 3299.295 3284.5916 3269.6868 3254.8828 3239.978 3224.6704 3210.3699 3195.868 3181.2651 3166.6626 3152.1606 3137.9607 3122.8545 2719.0154 896.402 -804.15344 -2151.3245 3248.639 3140.982 3156.8938 3172.3022 3187.9119 3202.9175 3218.1243 3233.7341 3248.7395 3263.5437 3278.4485 3293.2524 -3292.044 -3277.3406 -3262.8386 -3248.3367 -3234.0361 -1865.0116 3299.8992 3299.8992 3299.8992 3299.8992 3299.8992 3296.475 3281.7717 3266.7664 3252.063 3237.561 3222.052 3207.2478 3192.7458 3178.1433 3163.742 3149.24 3135.0403 3120.4375 2652.8503 822.6837 -821.87805 -2181.8389 3224.2676 3139.1692 3154.9805 3170.691 3186.2 3201.5076 3216.7144 3232.3242 3247.3296 3262.033 3276.9377 3291.8425 3299.8992 -3278.8513 -3264.3494 -3249.8474 -3235.446 -1336.8988 3299.8992 3299.8992 3299.8992 3299.8992 3299.8992 3293.051 3278.247 3263.5437 3248.7395 3233.6333 3218.4265 3204.0251 3189.5232 3174.9207 3160.4187 3146.2188 3131.9182 3114.6973 2314.1692 404.8462 -1186.3403 -2427.4658 3126.7822 3142.694 3158.4045 3173.8127 3189.4226 3204.3274 3219.635 3235.2446 3250.2502 3264.8528 3279.7576 3294.5618 -3290.634 -3276.0315 -3261.5295 -3247.0276 -3232.727 -857.12585 3299.8992 3299.8992 3299.8992 
2673.4954 3299.8992 3299.8992 3299.8992 3299.8992 3299.8992 3299.8992 3299.8992 3299.8992 3299.8992 3299.8992 3299.8992 3299.8992 3299.8992 3299.8992 3299.8992 3299.8992 -1008.3893 -3180.8623 -3165.3533 -3149.8442 -3134.738 -3119.4304 -3104.828 -3090.0237 -3075.5217 -3061.0198 -3046.7192 -3032.4187 -3018.219 -3004.3213 -2990.3228 -2976.526 -2962.9302 -2949.234 -2935.8398 -2758.493 -1300.5432 332.33643 1852.0203 3135.1409 3299.8992 3299.8992 3299.8992 3299.8992 3299.8992 3299.8992 3299.8992 3299.8992 3299.8992 3299.8992 3299.8992 3299.8992 3299.8992 3299.8992 3299.8992 3299.8992 -1570.9442 -3187.0056 -3171.3958 -3155.9875 -3140.7805 -3126.178 -3110.8704 -3096.0662 -3081.4636 -3066.8608 -3052.5603 -3038.3606 -3024.2615 -3010.0615 -2996.1638 -2982.367 -2968.5698 -2954.8735 -2941.4795 -2872.293 -1513.6414 103.02429 1580.6122 2865.2434 3299.8992 3299.8992 3299.8992 3299.8992 3299.8992 3299.8992 3299.8992 3299.8992 3299.8992 3299.8992 3299.8992 3299.8992 3299.8992 3299.8992 3299.8992 3299.8992 -2310.9465 -3184.1858 -3168.576 -3153.1677 -3137.9607 -3122.9553 -3108.1511 -3093.5486 -3078.9458 -3064.4438 -3050.1433 -3035.8428 -3021.643 -3007.6445 -2993.7468 -2979.95 -2966.2537 -2952.658 -2939.163 -2588.1958 -1138.1012 332.73926 1764.505 3030.7068 3299.8992 3299.8992 3299.8992 3299.8992 3299.8992 3299.8992 3299.8992 3299.8992 3299.8992 3299.8992 3299.8992 3299.8992 3299.8992 3299.8992 3299.8992 3299.8992 -2889.0105 -3184.6892 -3169.0796 -3153.772 -3138.6658 -3123.3582 -3108.554 -3093.8506 -3079.3486 -3064.8467 -3050.5461 -3036.3464 -3022.046 -3008.0474 -2994.1497 -2980.252 -2966.5557 -2953.0608 -2939.6667 -2785.8855 -1473.2574 141.89758 1747.2839 3163.5405 3299.8992 3299.8992 3299.8992 3299.8992 3299.8992 3299.8992 3299.8992 3299.8992 3299.8992 3299.8992 3299.8992 3299.8992 3299.8992 3299.8992 3299.8992 3013.4856 -3195.868 -3179.956 -3164.447 -3149.0386 -3134.0332 -3119.1284 -3104.1228 -3089.3188 -3074.716 -3060.214 -3045.9136 -3031.7139 -3017.514 -3003.6162 -2989.8193 -2976.0222 -2962.2253 -2948.7305 -2935.2356 -2421.121 -907.17773 685.92224 2113.861 3299.8992 3299.8992 3299.8992 3299.8992 3299.8992 3299.8992 3299.8992 3299.8992 3299.8992 3299.8992 3299.8992 3299.8992 3299.8992 3299.8992 3299.8992 3299.8992 2801.4954 -3198.184 -3182.373 -3166.864 
-2991.632 3086.801 3103.72 3120.236 3136.6516 3153.1677 3169.3816 3185.5957 3201.709 3217.52 3233.5327 3249.3438 3265.155 3280.7646 3296.2737 -3288.217 -2797.3662 2342.871 3299.8992 3294.3604 3279.1533 3263.8457 3248.7395 3233.5327 3218.1243 3202.9175 3187.509 3172 3156.6924 3140.7805 3125.9766 3111.0718 3096.3684 3081.665 3063.6382 2554.257 1150.7904 -232.03125 -1274.8627 -2189.392 -3041.5833 3087.2039 3104.425 3120.8403 3137.155 3153.6711 3169.9858 3186.2 3202.2124 3218.225 3234.2375 3249.948 3265.7593 3281.369 3296.9788 -3287.7136 -2683.2642 2646.9084 3299.8992 3293.4539 3278.3477 3262.9395 3248.0347 3232.6262 3217.3186 3202.1118 3186.7034 3171.2952 3155.6853 3139.9749 3125.171 3110.3667 3095.5627 3080.658 3061.8254 2330.9875 875.354 -433.9508 -1438.211 -2273.1812 -3117.92 3091.4336 3108.4534 3125.07 3141.2842 3157.8003 3174.0142 3190.2283 3206.2407 3222.2534 3238.0645 3253.9763 3269.6868 3285.3972 3299.8992 -3283.6853 -2208.8286 3169.4824 3299.8992 3293.9575 3278.8513 3263.5437 3247.9338 3232.9285 3217.8223 3202.5146 3187.207 3171.698 3156.3904 3140.3777 3125.6743 3110.7695 3095.9656 3081.1614 3059.5093 2212.3535 729.5288 -446.4386 -1417.0624 -2277.31 -2989.0137 3092.4407 3108.9568 3125.7751 3142.2913 3158.8074 3175.122 3191.1345 3207.3486 3223.1597 3239.1724 3254.9834 3270.5933 3286.4043 3299.8992 -3282.7788 -1915.6677 3299.8992 3299.8992 3292.8496 3277.7434 3262.4358 3246.7253 3231.8206 3216.6138 3201.3062 3185.9985 3170.4895 3155.182 3139.1692 3124.4658 3109.6619 3094.8577 3079.953 3059.1064 2178.2134 704.1504 -540.9027 -1572.6562 -2404.8064 -3047.0215 3093.9514 3110.266 3127.185 3143.7012 3160.2173 3176.4312 3192.5444 3208.6577 3224.469 3240.4814 3256.2927 3271.9023 3287.6128 3299.8992 -3281.369 -1377.2827 3299.8992 3299.8992 3291.1377 3275.83 3260.5225 3244.812 3229.9072 3214.801 3199.3926 3183.9844 3168.576 3153.2683 3137.3564 3122.653 3107.849 3093.045 3078.1401 3029.9011 2031.9855 495.98694 -676.5564 -1697.0306 -2546.6033 3299.8992 3097.2747 3113.388 3130.4077 3147.0244 3163.44 3179.6538 3195.6665 3211.679 3227.5908 3243.5027 3259.314 3275.125 3290.5334 3299.8992 -3278.3477 -1027.2217 3299.8992 3299.8992 3292.044 
334.3506 561.74927 1235.788 2703.1035 3299.8992 3299.8992 3299.8992 3299.8992 3299.8992 3299.8992 3299.8992 3299.8992 3299.8992 3299.8992 3299.8992 3299.8992 2621.8323 -45.721436 -1969.1437 -3135.3423 -3120.337 -3105.5327 -3090.8293 -3076.3274 -3062.0269 -3047.6257 -3033.6272 -3019.528 -3005.7312 -2991.8335 -2978.1372 -2924.2583 -2565.7378 -2304.7026 -1798.645 -1198.526 -578.06396 -130.41687 222.96753 454.29382 801.53503 1035.2783 1698.1384 3256.897 3299.8992 3299.8992 3299.8992 3299.8992 3299.8992 3299.8992 3299.8992 3299.8992 3299.8992 3299.8992 3299.8992 3299.8992 2444.6868 -302.02332 -2245.7886 -3144.2046 -3129.2998 -3114.5964 -3099.994 -3085.391 -3070.8892 -3056.5886 -3042.4895 -2965.6494 -2823.9531 -2689.911 -2249.2126 -1723.114 -1187.7502 -773.94104 -243.41125 83.184814 467.9901 641.81213 931.44836 1170.8313 1380.2032 1463.1866 2207.9224 3299.8992 3299.8992 3299.8992 3299.8992 3299.8992 3299.8992 3299.8992 3299.8992 3299.8992 3299.8992 3299.8992 3299.8992 3171.2952 1564.0961 -1297.7234 -2828.6865 -2917.511 -3001.9043 -3081.1614 -3128.2927 -3113.6902 -3099.1882 -3052.359 -2878.4363 -2757.788 -2635.6292 -2561.8103 -2542.6758 -2569.464 -2573.9958 -2583.8652 -2565.4358 -2275.0945 -1888.5773 -1542.6453 -1305.9814 -1004.26025 -728.5217 -257.61108 772.4304 2435.2202 3299.8992 3299.8992 3299.8992 3299.8992 3299.8992 3299.8992 3299.8992 3299.8992 3299.8992 3299.8992 3299.8992 3299.8992 2169.754 -474.73755 -2333.8074 -3119.7327 -3104.727 -3090.1245 -3075.824 -3061.322 -3047.122 -3032.9224 -3018.9238 -3005.0261 -2991.3298 -2977.533 -2887.0972 -2538.1438 -2161.1938 -1952.829 -1533.4808 -901.23596 -558.6273 -272.818 152.87476 542.51404 869.61365 1118.0603 2069.6501 3299.8992 3299.8992 3299.8992 3299.8992 3299.8992 3299.8992 3299.8992 3299.8992 3299.8992 3299.8992 3299.8992 3299.8992 3299.8992 2007.4127 -470.00427 -2183.0474 -3139.4714 -3124.5667 -3109.6619 -3095.16 -3080.5571 -3066.2566 -3051.956 -3037.9578 -3023.9592 -3009.961 -2996.0632 -2865.4448 -2367.1416 -2079.419 -1513.1378 -1210.2081 -895.1935 -491.95862 -80.06287 261.33728 486.92322 689.64844 978.0762 1919.2932 3299.8992 3299.8992 3299.8992 3299.8992 3299.8992 3299.8992 3299.8992 3299.8992 3299.8992 3299.8992 3299.8992 3299.8992 3299.8992 1175.5646 -1344.0491 -2901.2969 -3148.0315 

9.667969 9.667969 9.667969 9.667969 9.667969 9.667969 9.667969 9.667969 9.667969 9.667969 9.667969 9.667969 9.667969 9.667969 9.667969 9.667969 9.667969 9.667969 9.667969 9.667969 9.667969 9.667969 9.667969 9.667969 9.667969 9.667969 9.667969 9.667969 9.667969 9.667969 9.667969 9.667969 9.667969 9.667969 9.667969 9.667969 9.667969 9.667969 9.667969 9.667969 9.667969 9.667969 9.667969 9.667969 9.667969 9.667969 9.667969 9.667969 9.667969 9.667969 9.667969 9.667969 9.667969 9.667969 9.667969 9.667969 9.667969 9.667969 9.667969 9.667969 9.667969 9.667969 9.667969 9.667969 9.667969 9.667969 9.667969 9.667969 9.667969 9.667969 9.667969 9.667969 9.667969 9.667969 9.667969 9.667969 9.667969 9.667969 9.667969 9.667969 9.667969 9.667969 9.667969 9.667969 9.667969 9.667969 9.667969 9.667969 9.667969 9.667969 9.667969 9.667969 9.667969 9.667969 9.667969 9.667969 9.667969 9.667969 9.667969 9.667969 9.667969 9.667969 9.667969 9.667969 9.667969 9.667969 9.667969 9.667969 9.667969 9.667969 9.667969 9.667969 9.667969 9.667969 9.667969 9.667969 9.667969 9.667969 9.667969 9.667969 9.667969 9.667969 9.667969 9.667969 9.667969 9.667969 9.667969 9.667969 9.667969 9.667969 9.667969 9.667969 9.667969 9.667969 9.667969 9.667969 9.667969 9.667969 9.667969 9.667969 9.667969 9.667969 9.667969 9.667969 9.667969 9.667969 9.667969 9.667969 9.667969 9.667969 9.667969 9.667969 9.667969 9.667969 9.667969 9.667969 9.667969 9.667969 9.667969 9.667969 9.667969 9.667969 9.667969 9.667969 9.667969 9.667969 9.667969 9.667969 9.667969 9.667969 9.667969 9.667969 9.667969 9.667969 9.667969 9.667969 9.667969 9.667969 9.667969 9.667969 9.667969 9.667969 9.667969 9.667969 9.667969 9.667969 9.667969 9.667969 9.667969 9.667969 9.667969 9.667969 9.667969 9.667969 9.667969 9.667969 9.667969 9.667969 9.667969 9.667969 
10.775757 -0.60424805 -19.73877 -26.083374 -36.657715 -43.90869 -31.420898 -9.365845 8.056641 14.904785 17.623901 25.27771 23.76709 13.394165 24.169922 17.120361 17.422485 14.602661 12.286377 14.099121 18.429565 32.629395 48.239136 57.60498 68.78357 75.73242 102.11792 109.16748 132.53174 166.47034 191.34521 178.75671 160.72998 166.0675 145.22095 134.24377 150.8606 172.91565 187.92114 191.1438 172.3114 119.84253 49.346924 7.6538086 -16.113281 -29.608154 -83.28552 -143.20679 -225.88806 -273.72437 -262.54578 -214.70947 -168.68591 -143.91174 -146.12732 -176.0376 -178.25317 -155.896 -134.84802 -128.302 -111.78589 -95.97473 -70.59631 -48.44055 -34.94568 -54.0802 -47.735596 -18.026733 -2.0141602 -13.092041 -24.27063 -18.026733 -29.80957 -23.867798 -9.164429 -20.141602 -22.558594 -13.696289 -19.839478 -25.881958 -21.148682 -24.371338 -31.82373 -21.853638 -9.265137 3.7261963 4.5318604 5.5389404 5.9417725 10.171509 17.623901 29.507446 29.708862 29.910278 37.86621 40.182495 34.84497 32.32727 24.169922 15.005493 2.3162842 -2.9205322 4.7332764 16.415405 37.765503 75.93384 101.412964 123.87085 132.33032 123.87085 122.76306 100.808716 79.660034 65.25879 72.40906 79.559326 85.198975 108.966064 137.66785 162.34131 131.62537 55.69153 9.265137 33.132935 54.785156 37.46338 -35.95276 -76.135254 -100.00305 -115.91492 -144.41528 -145.12024 -116.31775 -84.2926 -53.57666 -52.56958 -82.27844 -106.64978 -109.973145 -118.73474 -106.448364 -70.495605 -36.154175 -19.436646 -21.148682 -37.765503 -69.1864 -51.159668 -33.83789 -12.185669 -8.963013 4.8339844 31.420898 21.75293 -27.392578 -85.29968 -86.91101 -68.481445 -52.972412 -19.134521 -4.6325684 -4.6325684 12.689209 12.286377 4.3304443 -1.5106201 0.30212402 10.171509 10.876465 12.185669 18.026733 19.537354 33.132935 43.40515 43.50586 41.99524 35.549927 26.989746 19.537354 23.968506 30.413818 30.615234 43.203735 31.018066 35.046387 26.989746 23.565674 26.486206 22.76001 25.881958 8.358765 6.0424805 -8.358765 -7.6538086 -12.286377 -4.4311523 22.659302 52.770996 62.74109 72.509766 
-3261.026 -3244.4092 -3228.296 -3212.8875 -3197.0764 -3181.366 -3165.756 -3150.4485 -3135.2417 -3120.337 -3105.4321 -3090.628 -3076.126 -3061.624 -3047.223 -3033.023 -1716.568 1411.322 3299.8992 3299.8992 3299.8992 3299.8992 3299.8992 3299.8992 3299.8992 3299.8992 3299.8992 3299.8992 3299.8992 3299.8992 3299.8992 3299.8992 3299.8992 3299.8992 3298.7915 3282.5774 225.58594 3284.0881 3299.8992 -3282.376 -3266.0613 -3249.5452 -3233.8347 -3217.52 -3201.709 -3186.2 -3170.8923 -3155.5847 -3140.3777 -3125.2715 -3110.568 -3095.7642 -3081.0608 -3066.5588 -3052.1575 -3037.9578 -1609.5154 1576.4832 3299.8992 3299.8992 3299.8992 3299.8992 3299.8992 3299.8992 3299.8992 3299.8992 3299.8992 3299.8992 3299.8992 3299.8992 3299.8992 3299.8992 3299.8992 3299.8992 3293.4539 3277.3406 -1226.6235 3282.376 3299.0935 -3284.1887 -3267.7734 -3251.8616 -3235.446 -3219.8364 -3204.0251 -3188.214 -3172.6042 -3157.3975 -3142.0898 -3127.0842 -3112.1794 -3097.3755 -3082.7727 -3068.1702 -3053.7688 -3039.4683 -1504.9805 1414.6454 3299.8992 3299.8992 3299.8992 3299.8992 3299.8992 3299.8992 3299.8992 3299.8992 3299.8992 3299.8992 3299.8992 3299.8992 3299.8992 3299.8992 3299.8992 3299.8992 3292.2454 3276.0315 -2268.6492 3283.484 3299.8992 -3283.081 -3266.6655 -3250.7537 -3234.7412 -3218.4265 -3202.716 -3187.207 -3171.8994 -3156.491 -3141.3848 -3126.3794 -3111.4746 -3096.7712 -3082.0679 -3067.3645 -3053.1646 -3038.864 -1395.5109 1733.3862 3299.8992 3299.8992 3299.8992 3299.8992 3299.8992 3299.8992 3299.8992 3299.8992 3299.8992 3299.8992 3299.8992 3299.8992 3299.8992 3299.8992 3299.8992 3299.8992 3290.7349 3274.4202 3267.874 3285.0952 3299.8992 -3281.5703 -3265.2556 -3249.3438 -3232.8276 -3217.3186 -3201.6082 -3185.8977 -3170.288 -3154.9805 -3139.7734 -3124.768 -3109.8633 -3095.059 -3080.5571 -3066.0552 -3051.5532 -3037.3535 -972.53723 1940.5426 3299.8992 3299.8992 3299.8992 3299.8992 3299.8992 3299.8992 3299.8992 3299.8992 3299.8992 3299.8992 3299.8992 3299.8992 3299.8992 3299.8992 3299.8992 3299.8992 3289.0227 3272.5066 3268.2769 3285.498 3299.8992 -3281.1675 
3295.0652 -3289.8284 -3274.5208 -3259.4146 -3244.5098 -3229.4036 -3215.103 -3200.5005 -3186.2 -3171.7986 -3157.5989 -3143.6003 -3129.602 -3115.7043 -3102.1086 -3085.794 -955.719 1517.7704 3299.8992 3299.8992 3299.8992 3299.8992 3299.8992 3299.8992 3299.8992 3299.8992 3299.8992 3299.8992 3299.8992 3299.8992 3299.8992 3299.8992 3290.8354 3276.0315 3261.1267 3246.121 -364.96582 3249.0417 3265.0542 3280.664 3296.173 -3288.922 -3273.3123 -3258.307 -3243.5027 -3228.4973 -3214.096 -3199.594 -3185.1929 -3170.8923 -3156.6924 -3142.694 -3128.6956 -3114.7979 -3101.1016 -3087.4053 -744.4336 2110.3362 3299.8992 3299.8992 3299.8992 3299.8992 3299.8992 3299.8992 3299.8992 3299.8992 3299.8992 3299.8992 3299.8992 3299.8992 3299.8992 3299.8992 3287.7136 3273.0103 3258.1055 3242.8984 -1315.448 3248.639 3264.45 3280.0598 3295.5688 -3289.4255 -3274.0173 -3259.0117 -3244.107 -3229.2021 -3214.7002 -3200.0977 -3185.797 -3171.4966 -3157.2966 -3143.1975 -3129.2998 -3115.503 -3101.7058 -3032.5195 -679.67834 2057.3638 3299.8992 3299.8992 3299.8992 3299.8992 3299.8992 3299.8992 3299.8992 3299.8992 3299.8992 3299.8992 3299.8992 3299.8992 3299.8992 3299.8992 3287.1094 3272.3052 3257.5012 3242.1936 -2022.5189 3249.646 3265.6584 3281.1675 3296.6765 -3288.3179 -3272.9094 -3257.8032 -3242.9993 -3228.0945 -3213.4917 -3199.1912 -3184.6892 -3170.3887 -3156.2896 -3142.1904 -3128.2927 -3114.4958 -3100.7996 -2834.1248 -310.7849 1870.9534 3299.8992 3299.8992 3299.8992 3299.8992 3299.8992 3299.8992 3299.8992 3299.8992 3299.8992 3299.8992 3299.8992 3299.8992 3299.8992 3299.8992 3286.908 3272.0032 3257.0984 3241.7908 3237.0574 3252.9692 3268.6797 3284.2896 3299.6978 -3285.2966 -3269.8882 -3254.9834 -3240.0786 -3225.1738 -3210.7727 -3196.2708 -3181.8694 -3167.5688 -3153.4697 -3139.3706 -3125.473 -3111.676 -3097.879 -2834.5276 -333.74634 2169.8547 3299.8992 3299.8992 3299.8992 3299.8992 3299.8992 3299.8992 3299.8992 3299.8992 3299.8992 3299.8992 3299.8992 3299.8992 3299.8992 3299.8992 3287.915 3273.0103 3258.1055 3242.697 3238.6687 3254.782 3270.5933 3286.1023 
3299.8992 3299.8992 3293.5547 3278.7505 3263.8457 3248.941 3234.439 3218.93 3204.126 3189.7246 3175.122 3160.7207 3146.3196 3132.019 3114.6973 2302.588 361.34033 -1230.4504 -2507.1257 3127.9907 3143.8018 3159.5122 3175.2227 3190.631 3205.9387 3221.045 3236.6545 3251.6602 3266.2627 3281.1675 3296.173 -3289.224 -3274.6216 -3260.1196 -3245.7183 -3231.3171 -226.79443 3299.8992 3299.8992 3299.8992 3299.8992 3299.8992 3292.1448 3277.24 3262.8386 3248.0347 3232.8276 3217.52 3203.2195 3188.7175 3174.115 3159.7136 3145.3125 3131.012 3113.2874 2243.7744 211.48682 -1437.1033 -2717.2026 3130.005 3145.9167 3161.5264 3177.0354 3192.2424 3207.953 3223.059 3237.863 3253.2715 3268.3777 3283.2825 3297.9858 -3287.21 -3272.6074 -3258.1055 -3243.704 -3229.4036 378.4607 3299.8992 3299.8992 3299.8992 3299.8992 3299.8992 3291.5405 3276.7363 3262.1338 3247.3296 3232.022 3216.9158 3202.4138 3188.214 3173.6113 3159.2102 3145.0103 3130.8105 3116.4092 2577.9236 800.52795 -645.73975 -1762.9944 -2713.98 -3093.045 3291.1377 3165.6555 3181.2651 3196.6736 3211.9812 3226.886 3242.1936 3257.2998 3272.2046 3287.1094 3299.8992 -3283.484 -3268.881 -3254.3792 -3218.225 264.66064 3299.8992 3299.8992 3299.8992 3299.8992 3296.0723 3281.1675 3266.565 3251.5593 3236.9568 3222.4548 3206.9458 3192.5444 3178.1433 3163.5405 3149.1394 3134.9395 3120.337 2584.369 889.75525 -987.3413 -2532.1013 3173.5107 3144.7083 3160.2173 3175.525 3191.2354 3206.6436 3221.9512 3237.1582 3251.8616 3267.0684 3282.1746 3296.9788 -3288.3179 -3273.715 -3259.4146 -3244.9126 -3230.4106 -3216.3115 2104.7974 3299.8992 3299.8992 3299.8992 3299.8992 3299.8992 3298.2878 3283.383 3268.3777 3253.473 3238.971 3223.462 3208.6577 3194.0552 3179.4524 3164.9504 3150.5493 3136.148 3115.3015 1879.3121 20.74585 -1419.5801 -2639.859 3137.2559 3153.067 3168.6768 3184.5886 3199.9968 3215.0024 3230.31 3245.7183 3260.7239 3275.4272 3290.332 3299.8992 -3280.3618 -3265.7593 -3251.1565 -3236.9568 -3222.6562 2302.0842 3299.8992 3299.8992 3299.8992 
-3151.5564 -3136.3494 -3121.646 -3106.6406 -3091.7358 -3077.234 -3062.8325 -3048.4314 -3034.1309 -3020.1323 -3006.0332 -2992.1355 -2978.3386 -2964.6423 -2951.0466 -2937.6526 -2245.8892 -665.1764 774.14246 2101.1719 3299.8992 3299.8992 3299.8992 3299.8992 3299.8992 3299.8992 3299.8992 3299.8992 3299.8992 3299.8992 3299.8992 3299.8992 3299.8992 3299.8992 3299.8992 3299.8992 2305.8105 -3199.0906 -3183.2793 -3167.7703 -3152.362 -3137.2559 -3122.2502 -3107.4463 -3092.743 -3078.1401 -3063.739 -3049.539 -3035.2385 -3020.938 -3006.9397 -2993.2434 -2979.3457 -2965.6494 -2952.0537 -2938.5588 -2224.1362 -598.3063 897.7112 2290.6035 3299.8992 3299.8992 3299.8992 3299.8992 3299.8992 3299.8992 3299.8992 3299.8992 3299.8992 3299.8992 3299.8992 3299.8992 3299.8992 3299.8992 3299.8992 3299.8992 1797.1344 -3199.292 -3183.4807 -3167.9717 -3152.765 -3137.5579 -3122.4517 -3107.5469 -3093.045 -3078.4424 -3063.9404 -3049.64 -3035.44 -3021.2402 -3007.3425 -2993.4448 -2979.547 -2965.9514 -2952.356 -2938.861 -2044.7754 -574.23706 1003.05176 2460.2966 3299.8992 3299.8992 3299.8992 3299.8992 3299.8992 3299.8992 3299.8992 3299.8992 3299.8992 3299.8992 3299.8992 3299.8992 3299.8992 3299.8992 3299.8992 3299.8992 1127.9297 -3198.7883 -3183.078 -3167.5688 -3152.2612 -3137.2559 -3122.351 -3107.3455 -3092.4407 -3077.8381 -3063.5376 -3049.1362 -3034.9365 -3020.7366 -3006.9397 -2992.9412 -2979.1443 -2965.448 -2951.9531 -2938.4583 -2009.729 -329.81873 1116.6504 2494.235 3299.8992 3299.8992 3299.8992 3299.8992 3299.8992 3299.8992 3299.8992 3299.8992 3299.8992 3299.8992 3299.8992 3299.8992 3299.8992 3299.8992 3299.8992 3299.8992 863.7726 -3199.0906 -3183.2793 -3167.7703 -3152.4626 -3137.3564 -3122.754 -3107.6477 -3092.9443 -3078.241 -3063.8396 -3049.4385 -3035.3394 -3021.1394 -3007.2417 -2993.2434 -2979.4463 -2965.75 -2952.2551 -2938.7603 -1821.6064 -320.5536 1248.88 2663.8274 3299.8992 3299.8992 3299.8992 3299.8992 3299.8992 3299.8992 3299.8992 3299.8992 3299.8992 3299.8992 3299.8992 3299.8992 3299.8992 3299.8992 3299.8992 3299.8992 435.86426 -3199.8962 -3184.1858 -3168.6768 
3276.6357 3261.5295 3246.222 3230.8135 3215.7073 3200.299 3184.8906 3169.3816 3153.9734 3138.263 3123.2573 3108.554 3093.8506 3079.0466 3032.0159 2034.201 634.25903 -591.9617 -1538.7177 -2395.5413 -3054.776 3094.2534 3111.3738 3127.7893 3144.2046 3160.62 3176.7334 3192.9473 3208.96 3224.8718 3240.8843 3256.6956 3272.406 3288.0156 3299.8992 -3281.067 -707.6752 3299.8992 3299.8992 3287.7136 3272.406 3257.199 3242.0928 3226.6846 3211.4775 3196.17 3180.7617 3165.2527 3149.8442 3134.1338 3119.3298 3104.5256 3090.0237 3075.119 3060.8184 2629.486 1314.2395 203.32947 -765.8844 -1595.9198 -2297.2502 -3115.2007 3140.4785 3112.3809 3128.7964 3145.2117 3161.6272 3177.841 3193.8538 3209.967 3225.9795 3241.7908 3257.5012 3273.3123 3288.922 -3177.3376 -641.4093 3299.8992 3288.0156 3273.0103 3257.904 3242.8984 3227.893 3212.8875 3197.5798 3182.373 3167.0654 3151.657 3136.4502 3120.8403 3106.0364 3091.2322 3072.5005 2836.139 1736.1053 296.08154 -1137.8998 -2282.0435 -3069.1772 3102.008 3110.4675 3126.9836 3143.8018 3160.1165 3176.3306 3192.343 3208.4563 3224.3682 3240.28 3256.0913 3271.9023 3287.5122 3299.8992 -3281.4697 -3266.2627 -3251.1565 643.12134 3299.8992 3299.8992 3299.8992 3294.8638 3279.5562 3264.3494 3248.7395 3233.3313 3217.7214 3202.2124 3186.7034 3171.1943 3155.2825 3140.277 3125.3723 3110.568 3095.5627 3024.9663 1951.6205 507.26624 -608.17566 -1512.5336 -2287.4817 -2952.9602 3110.8704 3127.0842 3144.104 3160.5193 3176.9348 3193.1487 3209.3628 3225.2747 3241.0857 3257.0984 3272.8088 3288.4185 3299.8992 -3280.7646 -3265.2556 988.147 3299.8992 3299.8992 3294.159 3278.952 3263.6443 3247.8333 3232.9285 3217.52 3202.3132 3186.8042 3171.2952 3155.9875 3140.0757 3125.2715 3110.568 3095.5627 3078.1401 2830.197 1486.0474 52.267456 -992.0746 -1893.8141 -2632.9102 3255.9905 3108.4534 3124.5667 3141.4856 3157.901 3174.3164 3190.4297 3206.543 3222.5554 3238.3667 3254.2786 3269.989 3285.8 3299.8992 -3283.383 -3258.7097 1385.138 3299.8992 3299.8992 3289.627 
-3133.2275 -3118.3228 -3103.6194 -3089.218 -3074.9175 -3060.617 -3046.5178 -3032.4187 -3018.521 -3004.6233 -2986.4958 -2619.2139 -2201.1748 -1767.8284 -1381.311 -1048.7732 -614.7217 -309.67712 -15.106201 215.61584 477.25525 857.428 1946.9879 3292.5476 3299.8992 3299.8992 3299.8992 3299.8992 3299.8992 3299.8992 3299.8992 3299.8992 3299.8992 3299.8992 3299.8992 3299.8992 1355.3284 -1133.3679 -2846.0083 -3148.1323 -3133.1267 -3118.3228 -3103.8208 -3089.4194 -3075.0183 -3060.8184 -3046.6187 -3032.721 -3018.6218 -3004.8247 -2990.0208 -2609.3445 -2115.7744 -1601.8616 -1263.382 -658.52966 -238.8794 102.01721 293.161 437.27417 522.9767 976.76697 2145.282 3299.8992 3299.8992 3299.8992 3299.8992 3299.8992 3299.8992 3299.8992 3299.8992 3299.8992 3299.8992 3299.8992 3299.8992 3299.8992 1044.342 -1334.5825 -3096.8718 -3155.6853 -3140.7805 -3125.9766 -3111.3738 -3096.8718 -3082.4707 -3068.1702 -3054.1716 -3039.972 -3026.0742 -3012.1765 -2998.3794 -2712.1672 -2341.4612 -1987.2711 -1561.8805 -1197.4182 -768.3014 -366.37573 -12.689209 323.77625 520.7611 942.42554 2185.263 3299.8992 3299.8992 3299.8992 3299.8992 3299.8992 3299.8992 3299.8992 3299.8992 3299.8992 3299.8992 3299.8992 3299.8992 3299.8992 904.76074 -1449.0875 -3034.8357 -3148.938 -3134.0332 -3119.3298 -3104.727 -3090.225 -3075.824 -3061.5234 -3047.525 -3033.4258 -3019.528 -3005.6304 -2792.1294 -2432.7026 -2118.695 -1865.6158 -1549.997 -1334.9854 -896.6034 -586.9263 -234.95178 229.41284 470.3064 1068.6127 2354.8552 3299.8992 3299.8992 3299.8992 3299.8992 3299.8992 3299.8992 3299.8992 3299.8992 3299.8992 3299.8992 3299.8992 3299.8992 3220.944 599.5148 -1583.432 -3156.491 -3141.3848 -3126.48 -3111.8774 -3097.2747 -3082.7727 -3068.573 -3054.2725 -3040.1733 -3026.2756 -3012.277 -2998.4802 -2984.683 -2779.4402 -2386.2761 -1865.5151 -1499.3408 -1390.8783 -987.0392 -798.5138 -418.44177 25.177002 378.05786 1021.68274 2383.255 3299.8992 3299.8992 3299.8992 3299.8992 3299.8992 3299.8992 3299.8992 3299.8992 3299.8992 3299.8992 3299.8992 3299.8992 3144.406 517.2363 -1517.3676 -3074.817 -3127.588 

9.667969 9.667969 9.667969 9.667969 9.667969 9.667969 9.667969 9.667969 9.667969 9.667969 9.667969 9.667969 9.667969 9.667969 9.667969 9.667969 9.667969 9.667969 9.667969 9.667969 9.667969 9.667969 9.667969 9.667969 9.667969 9.667969 9.667969 9.667969 9.667969 9.667969 9.667969 9.667969 9.667969 9.667969 9.667969 9.667969 9.667969 9.667969 9.667969 9.667969 9.667969 9.667969 9.667969 9.667969 9.667969 9.667969 9.667969 9.667969 9.667969 9.667969 9.667969 9.667969 9.667969 9.667969 9.667969 9.667969 9.667969 9.667969 9.667969 9.667969 9.667969 9.667969 9.667969 9.667969 9.667969 9.667969 9.667969 9.667969 9.667969 9.667969 9.667969 9.667969 9.667969 9.667969 9.667969 9.667969 9.667969 9.667969 9.667969 9.667969 9.667969 9.667969 9.667969 9.667969 9.667969 9.667969 9.667969 9.667969 9.667969 9.667969 9.667969 9.667969 9.667969 9.667969 9.667969 9.667969 9.667969 9.667969 9.667969 9.667969 9.667969 9.667969 9.667969 9.667969 9.667969 9.667969 9.667969 9.667969 9.667969 9.667969 9.667969 9.667969 9.667969 9.667969 9.667969 9.667969 9.667969 9.667969 9.667969 9.667969 9.667969 9.667969 9.667969 9.667969 9.667969 9.667969 9.667969 9.667969 9.667969 9.667969 9.667969 9.667969 9.667969 9.667969 9.667969 9.667969 9.667969 9.667969 9.667969 9.667969 9.667969 9.667969 9.667969 9.667969 9.667969 9.667969 9.667969 9.667969 9.667969 9.667969 9.667969 9.667969 9.667969 9.667969 9.667969 9.667969 9.667969 9.667969 9.667969 9.667969 9.667969 9.667969 9.667969 9.667969 9.667969 9.667969 9.667969 9.667969 9.667969 9.667969 9.667969 9.667969 9.667969 9.667969 9.667969 9.667969 9.667969 9.667969 9.667969 9.667969 -71.80481 -32.83081 -37.46338 -46.124268 -46.5271 -48.44055 -38.067627 -21.148682 -21.24939 -29.507446 -9.869385 21.350098 10.574341 6.7474365 11.984253 23.364258 36.85913 44.91577 63.848877 59.21631 
77.84729 83.88977 97.787476 112.89368 123.36731 128.40271 114.80713 108.66394 140.7898 146.53015 139.682 111.8866 60.424805 -5.4382324 -63.24463 -84.79614 -64.65454 -55.490112 -55.08728 -77.041626 -102.72217 -129.71191 -160.9314 -170.70007 -158.71582 -126.086426 -110.980225 -85.5011 -63.74817 -46.829224 -34.140015 -31.622314 -8.560181 -6.4453125 -10.372925 9.265137 57.504272 93.65845 91.14075 68.88428 48.54126 33.132935 49.749756 50.756836 32.42798 19.335938 14.300537 11.279297 -11.581421 -38.974 -50.454712 -60.525513 -50.756836 -24.472046 17.22107 30.413818 28.80249 39.578247 46.224976 38.974 37.765503 18.630981 -2.8198242 -22.76001 -50.05188 -74.42322 -88.11951 -85.60181 -53.07312 -22.155762 -4.4311523 1.1077881 -10.372925 -8.862305 -15.106201 -43.606567 -42.700195 -27.694702 -32.93152 -26.28479 -3.3233643 4.5318604 26.385498 34.744263 30.615234 28.399658 18.73169 2.5177002 -3.0212402 -24.371338 -51.663208 -55.69153 -54.281616 -39.779663 -31.118774 -19.033813 -30.615234 -34.039307 -19.335938 -6.2438965 17.321777 33.535767 30.81665 27.392578 29.80957 34.34143 51.361084 69.08569 49.54834 4.5318604 15.408325 22.558594 26.083374 23.364258 22.457886 2.1148682 -34.744263 -60.928345 -69.28711 -19.436646 44.714355 74.82605 56.5979 62.438965 62.539673 45.117188 27.29187 -3.0212402 -31.32019 -45.318604 -39.47754 -21.853638 -38.067627 -57.10144 -59.820557 -36.657715 -15.509033 -31.622314 -48.742676 -73.71826 -80.163574 -71.80481 -68.58215 -67.977905 -68.38074 -63.64746 -55.59082 -30.111694 -10.372925 4.2297363 11.984253 16.415405 23.867798 22.76001 26.687622 19.436646 22.558594 19.436646 1.1077881 -8.660889 7.2509766 22.25647 40.38391 38.269043 41.99524 47.43347 54.18091 56.69861 63.24463 65.76233 83.688354 99.298096 120.44678 132.33032 136.76147 128.302 106.04553 78.45154 59.014893 27.593994 15.911865 -0.30212402 -6.0424805 -19.839478 -36.053467 -51.663208 -61.935425 -62.539673 -69.488525 -69.08569 -76.23596 -67.57507 -92.34924 -113.80005 -103.72925 -114.505005 -99.298096 -75.631714 -56.900024 -53.979492 
-3264.7522 -3248.941 -3233.13 -3216.7144 -3200.9033 -3185.5957 -3170.0867 -3154.8796 -3139.7734 -3124.6672 -3109.7625 -3095.059 -3080.5571 -3065.8538 -3051.4526 -3037.2527 -980.6946 2050.6165 3299.8992 3299.8992 3299.8992 3299.8992 3299.8992 3299.8992 3299.8992 3299.8992 3299.8992 3299.8992 3299.8992 3299.8992 3299.8992 3299.8992 3299.8992 3299.8992 3288.6199 3271.9023 3270.4924 3287.6128 3299.8992 -3279.1533 -3262.8386 -3246.222 -3230.2092 -3214.7002 -3198.9897 -3183.1787 -3167.6697 -3152.362 -3137.2559 -3122.1497 -3107.3455 -3092.642 -3078.0396 -3063.4368 -3049.1362 -3034.735 -729.93164 2336.5264 3299.8992 3299.8992 3299.8992 3299.8992 3299.8992 3299.8992 3299.8992 3299.8992 3299.8992 3299.8992 3299.8992 3299.8992 3299.8992 3299.8992 3299.8992 3299.8992 3288.1165 3271.298 3272.6074 3289.7278 -3293.6553 -3277.1392 -3260.8245 -3244.812 -3228.4973 -3212.8875 -3197.177 -3181.5674 -3165.9575 -3150.65 -3135.5437 -3120.5383 -3105.7341 -3090.9302 -3076.4282 -3061.9263 -3047.525 -2950.6438 -444.22302 2557.9834 3299.8992 3299.8992 3299.8992 3299.8992 3299.8992 3299.8992 3299.8992 3299.8992 3299.8992 3299.8992 3299.8992 3299.8992 3299.8992 3299.8992 3299.8992 3299.8992 3286.7065 3269.284 3273.816 3290.9363 -3292.3462 -3275.9307 -3259.7168 -3243.2007 -3227.5908 -3211.2761 -3195.6665 -3180.1575 -3164.8499 -3149.5422 -3134.5366 -3119.6318 -3104.6265 -3089.923 -3075.4211 -3060.9192 -3046.6187 -2820.4285 -42.095947 3006.134 3299.8992 3299.8992 3299.8992 3299.8992 3299.8992 3299.8992 3299.8992 3299.8992 3299.8992 3299.8992 3299.8992 3299.8992 3299.8992 3299.8992 3299.8992 3299.8992 3284.2896 3171.3958 3274.4202 3291.339 -3291.9434 -3275.4272 -3259.1125 -3243.2007 -3226.886 -3211.377 -3195.767 -3180.0566 -3164.5476 -3149.1394 -3134.1338 -3119.1284 -3104.2236 -3089.5203 -3074.9175 -3060.4155 -3046.2158 -2781.3538 -77.041626 3013.7878 3299.8992 3299.8992 3299.8992 3299.8992 3299.8992 3299.8992 3299.8992 3299.8992 3299.8992 3299.8992 3299.8992 3299.8992 3299.8992 3299.8992 3299.8992 3299.8992 3284.491 2807.2356 3277.4414 3294.3604 -3289.0227 -3272.5066 
3299.8992 -3283.484 -3268.0754 -3253.07 -3238.1653 -3223.764 -3208.8591 -3194.458 -3180.0566 -3165.756 -3151.657 -3137.6587 -3123.761 -3109.9639 -3096.3684 -2616.9983 -16.616821 2538.446 3299.8992 3299.8992 3299.8992 3299.8992 3299.8992 3299.8992 3299.8992 3299.8992 3299.8992 3299.8992 3299.8992 3299.8992 3299.8992 3299.8992 3285.8 3270.996 3256.192 3240.4814 3240.0786 3256.2927 3271.9023 3287.5122 3299.8992 -3282.1746 -3266.7664 -3251.7607 -3236.9568 -3222.5554 -3207.6506 -3193.1487 -3178.8481 -3164.447 -3150.5493 -3136.4502 -3122.5525 -3108.7554 -3095.059 -2656.9792 -88.11951 2569.766 3299.8992 3299.8992 3299.8992 3299.8992 3299.8992 3299.8992 3299.8992 3299.8992 3299.8992 3299.8992 3299.8992 3299.8992 3299.8992 3299.8992 3287.21 3272.406 3257.5012 3241.0857 3243.9055 3259.9182 3275.6287 3291.2383 3299.8992 -3278.0457 -3263.1409 -3248.236 -3233.3313 -3218.93 -3204.126 -3189.624 -3175.3235 -3161.1235 -3147.0244 -3133.0261 -3119.1284 -3105.3313 -3091.7358 -2114.7673 530.22766 2936.847 3299.8992 3299.8992 3299.8992 3299.8992 3299.8992 3299.8992 3299.8992 3299.8992 3299.8992 3299.8992 3299.8992 3299.8992 3299.8992 3299.3958 3284.491 3269.7876 3254.8828 3200.0977 3243.6035 3259.616 3275.2258 3290.8354 3299.8992 -3278.3477 -3263.5437 -3248.639 -3233.7341 -3219.3328 -3204.6294 -3190.1274 -3175.7263 -3161.5264 -3147.528 -3133.429 -3119.6318 -3105.835 -3092.1387 -1985.1562 812.2101 3272.9094 3299.8992 3299.8992 3299.8992 3299.8992 3299.8992 3299.8992 3299.8992 3299.8992 3299.8992 3299.8992 3299.8992 3299.8992 3299.8992 3296.3745 3281.5703 3266.6655 3251.7607 2945.105 3242.8984 3258.9111 3274.5208 3289.9292 3299.8992 -3279.1533 -3264.2485 -3249.3438 -3234.5398 -3219.7356 -3205.3345 -3190.8325 -3176.532 -3162.332 -3148.1323 -3134.2346 -3120.236 -3106.5398 -3092.8435 -1690.7867 1038.1989 3264.7522 3299.8992 3299.8992 3299.8992 3299.8992 3299.8992 3299.8992 3299.8992 3299.8992 3299.8992 3299.8992 3299.8992 3299.8992 3299.8992 3293.4539 3278.549 3263.6443 3248.7395 2474.5972 3242.7979 3258.7097 3274.4202 3289.9292 
3299.8992 3299.8992 3291.339 3276.6357 3261.5295 3246.6248 3232.2234 3216.6138 3201.9104 3187.4084 3172.9065 3158.4045 3144.104 3130.1055 3109.0576 1786.2579 -148.94714 -1669.5374 -2856.381 3134.5366 3150.247 3165.9575 3181.7688 3196.9756 3212.686 3227.893 3242.4956 3258.0046 3272.9094 3287.915 3299.8992 -3282.7788 -3268.1763 -3253.6743 -3239.1724 -3224.9724 2918.2158 3299.8992 3299.8992 3299.8992 3299.8992 3299.8992 3286.6057 3271.6003 3257.0984 3242.2942 3227.0874 3211.9812 3197.6807 3183.1787 3168.7773 3154.2754 3139.9749 3125.6743 3012.4785 1437.0026 -455.3009 -1885.556 -3090.9302 3135.745 3151.5564 3167.2668 3182.5745 3198.0835 3212.9883 3228.296 3243.704 3258.8103 3273.413 3288.217 3299.8992 -3282.2754 -3267.6726 -3253.2715 -3238.87 -3145.7153 3246.0205 3299.8992 3299.8992 3299.8992 3299.8992 3299.8992 3285.8 3271.0967 3255.9905 3241.287 3226.7852 3211.2761 3196.4722 3182.0708 3167.5688 3153.1677 3139.0686 3124.5667 2928.186 1260.26 -544.7296 -1855.4443 -3073.3062 3136.0474 3151.7578 3167.4683 3183.078 3198.587 3213.8945 3229.2021 3243.9055 3259.1125 3274.3193 3289.1235 3299.8992 -3281.4697 -3266.7664 -3252.365 -3238.0645 -2873.8037 3299.8992 3299.8992 3299.8992 3299.8992 3299.8992 3298.4893 3283.484 3268.3777 3253.9763 3239.1724 3223.9653 3208.7585 3194.5586 3180.1575 3165.5547 3151.1536 3136.9536 3122.4517 2792.2302 1008.5907 -862.7655 -2292.819 3124.8687 3140.4785 3156.2896 3171.7986 3187.1062 3202.716 3217.6208 3232.8276 3248.3367 3263.1409 3277.7434 3292.6482 -3292.6482 -3278.0457 -3263.4429 -3248.941 -3234.6404 -2559.192 3299.8992 3299.8992 3299.8992 3299.8992 3299.8992 3299.7986 3285.1958 3270.3918 3255.5876 3240.5823 3226.0803 3210.5713 3195.767 3181.366 3166.864 3152.4626 3138.162 3123.8616 2707.837 970.32166 -689.447 -2066.7297 -3177.841 3139.572 3155.2825 3170.8923 3186.6028 3201.8096 3217.4194 3232.6262 3247.3296 3262.6372 3277.7434 3292.5476 -3292.749 -3278.1462 -3263.4429 -3249.0417 -3234.6404 -2136.1174 3299.8992 3299.8992 3299.8992 3299.8992 
-3153.3691 -3138.162 -3123.056 -3108.3525 -3093.8506 -3079.248 -3064.746 -3050.5461 -3036.2456 -3022.1465 -3008.1482 -2994.2505 -2980.4534 -2966.757 -2953.1616 -2939.6667 -1849.4019 -399.9115 979.3854 2328.4697 3299.8992 3299.8992 3299.8992 3299.8992 3299.8992 3299.8992 3299.8992 3299.8992 3299.8992 3299.8992 3299.8992 3299.8992 3299.8992 3299.8992 3299.8992 3299.8992 -278.55835 -3193.9543 -3178.244 -3162.7349 -3147.6287 -3132.5225 -3117.3157 -3102.6123 -3088.1104 -3073.5076 -3059.1064 -3044.806 -3030.606 -3016.4062 -3002.6091 -2988.7114 -2974.9146 -2961.3188 -2947.7234 -2934.1277 -1718.0786 -260.83374 1185.9375 2609.7473 3299.8992 3299.8992 3299.8992 3299.8992 3299.8992 3299.8992 3299.8992 3299.8992 3299.8992 3299.8992 3299.8992 3299.8992 3299.8992 3299.8992 3299.8992 3299.8992 -894.0857 -3190.3289 -3174.7192 -3159.3108 -3144.104 -3128.9978 -3114.395 -3099.4902 -3084.6863 -3070.1843 -3055.783 -3041.4824 -3027.2827 -3013.2842 -2999.286 -2985.4888 -2971.692 -2957.9956 -2944.5007 -2717.102 -1234.7809 276.04065 1663.5956 3074.414 3299.8992 3299.8992 3299.8992 3299.8992 3299.8992 3299.8992 3299.8992 3299.8992 3299.8992 3299.8992 3299.8992 3299.8992 3299.8992 3299.8992 3299.8992 3299.8992 -1412.4298 -3194.76 -3179.251 -3163.742 -3148.5352 -3133.429 -3118.4233 -3103.72 -3089.1174 -3074.6155 -3060.1135 -3045.9136 -3031.613 -3017.6147 -3003.5156 -2989.7185 -2976.0222 -2962.326 -2948.7305 -2885.6873 -1613.1409 -122.25952 1426.831 2774.5056 3299.8992 3299.8992 3299.8992 3299.8992 3299.8992 3299.8992 3299.8992 3299.8992 3299.8992 3299.8992 3299.8992 3299.8992 3299.8992 3299.8992 3299.8992 3299.8992 -1958.1665 -3189.8254 -3174.2156 -3158.8074 -3143.6003 -3128.595 -3113.4888 -3098.6846 -3084.2834 -3069.882 -3055.3801 -3041.0796 -3026.9805 -3012.7808 -2998.7822 -2984.9854 -2971.4905 -2957.6934 -2944.1985 -2463.4185 -894.3878 446.03577 1780.014 3016.809 3299.8992 3299.8992 3299.8992 3299.8992 3299.8992 3299.8992 3299.8992 3299.8992 3299.8992 3299.8992 3299.8992 3299.8992 3299.8992 3299.8992 3299.8992 3299.8992 -2829.19 -3191.8396 -3176.2297 -3160.8215 
3274.118 3258.9111 3243.0999 3228.296 3213.0889 3197.5798 3182.0708 3166.6626 3151.4556 3135.5437 3120.7397 3106.0364 3091.2322 3073.8098 2742.0776 1366.8091 -36.85913 -1072.9431 -1940.4419 -2653.2532 3256.192 3106.137 3122.2502 3139.27 3155.6853 3172 3188.4155 3204.5288 3220.4407 3236.2517 3252.1636 3267.7734 3283.5845 3299.1943 -3285.498 -3180.359 1663.4949 3299.8992 3299.8992 3285.901 3270.6938 3255.487 3239.6758 3224.771 3209.4634 3194.2566 3178.7476 3163.339 3147.931 3132.1196 3117.4163 3102.6123 3087.909 3070.285 2651.4404 1324.411 40.283203 -1048.2697 -1961.087 -2766.8518 3183.078 3103.8208 3120.7397 3137.0544 3153.3691 3169.6838 3185.9985 3201.9104 3217.9229 3233.9355 3249.7466 3265.5579 3281.1675 3296.6765 -3287.8142 -2918.2158 2255.7585 3299.8992 3295.6694 3280.4626 3265.155 3249.7466 3234.7412 3219.5342 3204.126 3188.8184 3173.3093 3157.901 3142.5933 3126.7822 3112.1794 3097.3755 3082.672 3064.041 2543.0786 1124.2035 -162.03918 -1204.7699 -2060.083 -2855.1726 3126.8828 3102.9143 3119.7327 3135.9465 3152.4626 3168.7773 3184.9915 3201.1047 3217.0166 3232.8276 3248.7395 3264.5508 3280.1604 3295.7703 -3288.8213 -2759.6008 2505.5144 3299.8992 3293.2524 3277.9448 3262.6372 3247.4304 3232.4248 3217.0166 3201.709 3186.4014 3170.8923 3155.484 3140.277 3124.4658 3109.8633 3095.059 3080.3557 3061.5234 2432.7026 1043.5364 -408.06885 -1464.9994 -2338.2385 -3066.156 3089.923 3106.7412 3123.5596 3140.0757 3156.2896 3172.6042 3188.617 3204.7302 3220.7427 3236.6545 3252.4658 3268.1763 3283.8867 3299.3958 -3285.0952 -2461.7065 2876.724 3299.8992 3294.461 3279.3547 3264.047 3248.7395 3233.13 3218.1243 3203.018 3187.7104 3172.2014 3156.7932 3141.5862 3125.5737 3111.0718 3096.469 3081.5642 3061.7249 2294.229 864.1754 -421.86584 -1450.3967 -2287.985 -2979.7485 3091.7358 3108.4534 3125.2715 3141.4856 3157.901 3174.115 3190.3289 3206.3416 3222.2534 3238.2659 3254.0771 3269.7876 3285.3972 3299.8992 -3283.5845 -2169.2505 3281.1675 3299.8992 3293.6553 3278.549 
-3112.683 -3097.9797 -3083.4778 -3069.0764 -3054.8767 -3040.6768 -3026.5776 -3012.68 -2998.883 -2985.086 -2902.8076 -2566.2415 -2166.1284 -1745.2698 -1374.1608 -872.03064 -429.9225 -69.79065 160.02502 496.18835 727.9175 1395.6116 2846.7131 3299.8992 3299.8992 3299.8992 3299.8992 3299.8992 3299.8992 3299.8992 3299.8992 3299.8992 3299.8992 3299.8992 3299.8992 3025.3691 419.04602 -1589.3738 -3149.7437 -3134.8389 -3120.0347 -3105.2307 -3090.7288 -3076.3274 -3062.0269 -3047.8271 -3033.728 -3019.629 -3005.8318 -2992.1355 -2978.4392 -2713.3757 -2400.5767 -2054.6448 -1630.1605 -1172.3419 -712.50916 -246.4325 147.1344 567.1875 816.74194 1487.0544 2919.928 3299.8992 3299.8992 3299.8992 3299.8992 3299.8992 3299.8992 3299.8992 3299.8992 3299.8992 3299.8992 3299.8992 3299.8992 2451.233 -365.16724 -2284.561 -3140.0757 -3125.07 -3110.266 -3095.6633 -3081.1614 -3066.9617 -3052.6611 -3038.562 -3024.5635 -3010.6658 -2996.869 -2983.0718 -2791.5251 -2456.8726 -2208.6272 -1868.1335 -1402.9633 -763.5681 -281.8817 24.169922 314.4104 546.9452 743.72864 1480.2063 2993.7468 3299.8992 3299.8992 3299.8992 3299.8992 3299.8992 3299.8992 3299.8992 3299.8992 3299.8992 3299.8992 3299.8992 3299.8992 2429.1777 -247.03674 -2067.8374 -3143.6003 -3128.4941 -3113.6902 -3099.0874 -3084.6863 -3070.285 -3056.0852 -3041.8853 -3027.887 -3013.8884 -2999.9907 -2986.2944 -2736.1357 -2384.0605 -1916.8762 -1476.9836 -1047.3633 -514.7186 -178.15247 78.45154 388.83362 698.41003 844.63806 1567.8223 3088.3118 3299.8992 3299.8992 3299.8992 3299.8992 3299.8992 3299.8992 3299.8992 3299.8992 3299.8992 3299.8992 3299.8992 3299.8992 2266.8364 -397.3938 -2275.1953 -3152.4626 -3137.3564 -3122.653 -3107.9497 -3093.3472 -3078.9458 -3064.6453 -3050.5461 -3036.3464 -3022.4487 -3008.551 -2994.6533 -2975.5188 -2618.6096 -2064.6147 -1884.7504 -1552.6154 -1088.5529 -674.2401 -332.53784 60.424805 414.41345 724.1913 1634.0881 3097.174 3299.8992 3299.8992 3299.8992 3299.8992 3299.8992 3299.8992 3299.8992 3299.8992 3299.8992 3299.8992 3299.8992 3299.8992 2321.9238 -306.55518 -2176.1992 -3146.1182 -3131.012 

52.770996 48.44055 51.461792 16.918945 -19.537354 -5.3375244 -3.3233643 -31.723022 -41.99524 -30.413818 -28.701782 -28.80249 -30.615234 -31.420898 3.1219482 20.443726 8.258057 0.30212402 8.459473 21.75293 21.75293 21.75293 21.75293 21.75293 21.75293 21.75293 21.75293 21.75293 21.75293 21.75293 21.75293 21.75293 21.75293 21.75293 21.75293 21.75293 21.75293 21.75293 21.75293 21.75293 48.239136 5.8410645 -26.28479 -29.507446 -27.090454 -17.22107 1.4099121 11.178589 16.21399 -4.0283203 -13.998413 3.4240723 37.664795 45.721436 54.986572 30.514526 -3.1219482 1.1077881 23.76709 36.758423 36.758423 36.758423 36.758423 36.758423 36.758423 36.758423 36.758423 36.758423 36.758423 36.758423 36.758423 36.758423 36.758423 36.758423 36.758423 36.758423 36.758423 36.758423 36.758423 36.758423 36.758423 36.758423 36.758423 36.758423 36.758423 36.758423 36.758423 36.758423 36.758423 36.758423 36.758423 36.758423 36.758423 36.758423 36.758423 36.758423 36.758423 36.758423 36.758423 36.758423 36.758423 36.758423 36.758423 36.758423 36.758423 36.758423 36.758423 36.758423 36.758423 36.758423 36.758423 36.758423 36.758423 36.758423 36.758423 36.758423 36.758423 36.758423 36.758423 36.758423 36.758423 36.758423 36.758423 36.758423 36.758423 36.758423 36.758423 36.758423 36.758423 36.758423 36.758423 36.758423 36.758423 36.758423 36.758423 36.758423 36.758423 36.758423 36.758423 36.758423 2.4169922 64.151 110.57739 144.01245 124.77722 77.34375 27.392578 6.1431885 -44.210815 -65.963745 -33.132935 -1.9134521 -24.673462 -41.693115 -63.345337 -68.68286 -65.25879 -61.6333 -53.979492 -26.586914 -8.157349 6.0424805 33.83789 44.714355 50.253296 15.509033 -29.003906 -84.89685 -90.234375 -49.0448 -1.3092041 16.71753 -18.73169 -22.558594 36.85913 67.17224 82.9834 95.87402 98.49243 89.328 89.328 89.328 89.328 89.328 89.328 89.328 89.328 89.328 89.328 89.328 89.328 89.328 89.328 89.328 89.328 89.328 89.328 89.328 89.328 89.328 -25.378418 -75.32959 -110.980225 -113.09509 -101.312256 -75.4303 -44.41223 -9.768677 16.616821 5.9417725 -13.293457 -24.673462 9.365845 51.159668 72.40906 59.1156 20.74585 9.567261 10.675049 15.206909 
-67.8772 -66.87012 -54.0802 -39.074707 -31.420898 -27.593994 -9.365845 6.5460205 16.415405 16.21399 28.399658 37.86621 35.44922 37.261963 47.03064 56.497192 65.25879 61.834717 63.345337 57.907104 40.585327 20.343018 -32.226562 -15.710449 -3.0212402 5.3375244 -9.164429 -11.279297 -15.206909 -2.7191162 6.0424805 7.4523926 15.509033 24.572754 27.090454 25.579834 39.37683 46.5271 57.60498 55.892944 41.4917 26.083374 33.233643 62.13684 107.455444 159.52148 203.43018 238.27515 243.31055 227.6001 207.15637 190.53955 165.9668 119.64111 66.36658 14.703369 -30.212402 -64.05029 -80.06287 -109.26819 -143.3075 -191.34521 -239.18152 -257.8125 -250.15869 -209.57336 -193.86292 -134.14307 -86.709595 -80.06287 -94.766235 -113.90076 -122.058105 -98.19031 -96.37756 -119.540405 -117.62695 -116.11633 -94.16199 -75.22888 -71.20056 -46.42639 -31.219482 -21.75293 -16.918945 -21.047974 -26.586914 -20.343018 -14.099121 -11.178589 -2.6184082 6.7474365 20.846558 36.254883 42.095947 51.260376 35.046387 21.652222 31.420898 29.608154 26.385498 21.75293 7.1502686 10.876465 17.22107 26.385498 60.424805 109.26819 150.75989 177.2461 184.8999 186.81335 173.41919 148.14148 108.36182 26.184082 -25.881958 -35.549927 -36.95984 -29.910278 -33.83789 -38.269043 -32.629395 -47.332764 -67.977905 -80.4657 -75.531006 -68.984985 -81.57349 -85.40039 -66.56799 -38.772583 -15.408325 -14.804077 4.3304443 21.450806 34.240723 60.021973 82.88269 65.76233 59.820557 46.124268 13.494873 -28.601074 -53.878784 -46.829224 -54.18091 -38.571167 -27.29187 -27.79541 -43.00232 -55.08728 -56.09436 -41.189575 -35.95276 -32.93152 -25.27771 -18.933105 -20.343018 -18.127441 -31.82373 -25.076294 9.466553 25.881958 30.715942 27.79541 28.903198 24.572754 9.768677 5.8410645 8.459473 14.904785 3.7261963 3.8269043 17.623901 36.35559 42.90161 41.89453 32.528687 39.37683 90.93933 132.1289 120.44678 127.29492 132.22961 124.77722 120.84961 117.42554 139.37988 140.7898 118.63403 86.30676 42.599487 16.415405 -7.6538086 -17.523193 -21.148682 -47.836304 -74.12109 -102.62146 -132.0282 -153.17688 -153.78113 -138.2721 -107.65686 -91.8457 -64.956665 -47.03064 -33.43506 -31.82373 -72.509766 -142.30042 -138.97705 -100.6073 -49.145508 -26.586914 -60.62622 -78.35083 -76.43738 -71.20056 
-3256.192 -3240.3809 -3223.9653 -3208.7585 -3192.9473 -3177.2368 -3161.7278 -3146.4202 -3131.4148 -3116.51 -3101.6052 -3086.9019 -3072.299 -3057.898 -3043.5974 -2525.0518 356.10352 3299.8992 3299.8992 3299.8992 3299.8992 3299.8992 3299.8992 3299.8992 3299.8992 3299.8992 3299.8992 3299.8992 3299.8992 3299.8992 3299.8992 3299.8992 3299.8992 3298.6907 3282.6782 2253.241 3277.8442 3294.7632 -3288.5193 -3272.1038 -3255.789 -3239.3738 -3223.8647 -3207.55 -3191.8396 -3176.532 -3161.325 -3146.1182 -3131.012 -3116.0063 -3101.303 -3086.499 -3071.997 -3057.5957 -3043.1946 -2315.68 592.0624 3299.8992 3299.8992 3299.8992 3299.8992 3299.8992 3299.8992 3299.8992 3299.8992 3299.8992 3299.8992 3299.8992 3299.8992 3299.8992 3299.8992 3299.8992 3299.8992 3297.583 3281.4697 1577.1881 3279.1533 3296.0723 -3287.3108 -3270.8953 -3254.5806 -3238.7695 -3222.4548 -3206.9458 -3191.336 -3175.6255 -3160.2173 -3144.9097 -3129.8035 -3114.8987 -3100.0945 -3085.391 -3070.8892 -3056.3872 -3042.0867 -2159.0789 852.7954 3299.8992 3299.8992 3299.8992 3299.8992 3299.8992 3299.8992 3299.8992 3299.8992 3299.8992 3299.8992 3299.8992 3299.8992 3299.8992 3299.8992 3299.8992 3299.8992 3295.3674 3279.1533 696.5973 3279.3547 3296.173 -3287.1094 -3270.6938 -3254.48 -3238.0645 -3222.4548 -3206.2407 -3190.5303 -3175.2227 -3159.915 -3144.8088 -3129.8035 -3114.7979 -3099.994 -3085.391 -3070.6877 -3056.2866 -3041.986 -1892.7063 1180.2979 3299.8992 3299.8992 3299.8992 3299.8992 3299.8992 3299.8992 3299.8992 3299.8992 3299.8992 3299.8992 3299.8992 3299.8992 3299.8992 3299.8992 3299.8992 3299.8992 3292.8496 3276.8372 -303.53394 3279.7576 3296.576 -3286.8071 -3270.291 -3254.0771 -3238.2659 -3221.9512 -3206.543 -3190.933 -3175.2227 -3159.8145 -3144.5068 -3129.4006 -3114.4958 -3099.6917 -3085.089 -3070.4863 -3055.9844 -3041.7847 -1913.7543 1115.1398 3299.8992 3299.8992 3299.8992 3299.8992 3299.8992 3299.8992 3299.8992 3299.8992 3299.8992 3299.8992 3299.8992 3299.8992 3299.8992 3299.8992 3299.8992 3299.8992 3293.2524 3277.0386 -1408.7036 3282.6782 3299.3958 -3283.9873 -3267.572 -3251.358 -3235.6475 -3219.8364 -3203.5217 -3187.9119 -3172.6042 -3157.3975 -3142.1904 -3127.185 -3112.1794 -3097.577 -3082.7727 -3068.2708 -3053.8696 -3039.6697 -1331.1584 1819.8944 3299.8992 3299.8992 3299.8992 
3299.8992 -3279.8584 -3264.3494 -3249.5452 -3234.7412 -3219.8364 -3205.536 -3191.034 -3176.7334 -3162.6343 -3148.3337 -3134.436 -3120.4375 -3106.7412 -3092.9443 -1785.4523 926.9165 3299.8992 3299.8992 3299.8992 3299.8992 3299.8992 3299.8992 3299.8992 3299.8992 3299.8992 3299.8992 3299.8992 3299.8992 3299.8992 3299.8992 3293.9575 3279.0527 3264.2485 3249.3438 1746.3776 3245.9197 3261.8315 3277.542 3292.9504 3299.8992 -3276.7363 -3261.4287 -3246.4233 -3231.72 -3216.8152 -3202.5146 -3188.0127 -3173.6113 -3159.613 -3145.413 -3131.4148 -3117.6177 -3103.9214 -3090.225 -1335.9924 1282.5165 3299.8992 3299.8992 3299.8992 3299.8992 3299.8992 3299.8992 3299.8992 3299.8992 3299.8992 3299.8992 3299.8992 3299.8992 3299.8992 3299.8992 3292.4468 3277.542 3262.738 3247.7324 1182.8156 3246.222 3262.2344 3277.9448 3293.4539 3299.8992 -3276.4343 -3261.026 -3246.121 -3231.4177 -3216.6138 -3202.2124 -3187.8113 -3173.5107 -3159.3108 -3145.111 -3131.2134 -3117.517 -3103.6194 -3088.7146 -1035.5804 1393.2953 3299.8992 3299.8992 3299.8992 3299.8992 3299.8992 3299.8992 3299.8992 3299.8992 3299.8992 3299.8992 3299.8992 3299.8992 3299.8992 3299.8992 3290.5334 3275.7292 3260.8245 3245.819 155.79529 3247.4304 3263.4429 3279.0527 3294.461 -3290.2312 -3275.3264 -3259.9182 -3245.114 -3230.31 -3215.5059 -3201.1047 -3186.7034 -3172.4028 -3158.2031 -3144.104 -3130.2063 -3116.3086 -3102.6123 -3011.1694 -758.3313 1675.0763 3299.8992 3299.8992 3299.8992 3299.8992 3299.8992 3299.8992 3299.8992 3299.8992 3299.8992 3299.8992 3299.8992 3299.8992 3299.8992 3299.8992 3288.1165 3273.3123 3258.4075 3243.3013 -560.13794 3247.229 3263.04 3278.549 3293.9575 3299.8992 -3275.7292 -3260.321 -3245.6177 -3230.8135 -3215.9087 -3201.6082 -3187.207 -3172.9065 -3158.7065 -3144.6074 -3130.7097 -3116.812 -3103.0151 -3082.0679 -903.9551 1556.3416 3299.8992 3299.8992 3299.8992 3299.8992 3299.8992 3299.8992 3299.8992 3299.8992 3299.8992 3299.8992 3299.8992 3299.8992 3299.8992 3299.8992 3289.5264 3274.7222 3259.7168 3244.7112 -1378.6926 3250.5522 3266.3635 3281.8726 3297.3816 -3287.3108 -3272.5066 -3257.199 -3242.2942 -3227.5908 -3213.2903 -3198.3855 -3183.9844 -3169.6838 -3155.5847 -3141.4856 -3127.588 -3113.6902 -3099.994 -2914.087 -409.17664 2244.6807 3299.8992 3299.8992 3299.8992 
3299.8992 3297.0793 3282.074 3267.1692 3252.6672 3237.863 3222.6562 3207.4492 3193.2495 3178.6467 3164.2456 3149.8442 3135.6445 3121.0417 2675.308 816.3391 -926.8158 -2362.7104 3139.7734 3141.1833 3156.8938 3172.5037 3187.8113 3203.3203 3218.1243 3233.3313 3248.941 3263.9465 3278.4485 3293.2524 -3291.9434 -3277.3406 -3262.8386 -3248.3367 -3234.0361 -1601.7609 3299.8992 3299.8992 3299.8992 3299.8992 3299.8992 3295.3674 3280.7646 3265.9607 3251.1565 3236.2517 3221.6492 3206.1401 3191.4368 3177.0354 3162.5334 3148.1323 3134.0332 3118.7256 2469.3604 578.5675 -1117.2546 -2393.527 3126.6814 3142.5933 3158.3037 3173.9136 3189.624 3204.6294 3220.3398 3235.5469 3250.1494 3265.5579 3280.4626 3295.2666 -3289.9292 -3275.3264 -3260.7239 -3246.3225 -3232.022 -1164.0839 3299.8992 3299.8992 3299.8992 3299.8992 3299.8992 3295.3674 3280.3618 3265.5579 3250.8545 3236.0503 3220.8435 3205.6365 3191.336 3177.0354 3162.5334 3148.1323 3133.9324 3116.812 2334.8145 436.06567 -1167.0044 -2418.5027 3129.7026 3143.9026 3159.613 3175.2227 3190.4297 3206.0393 3220.944 3236.1511 3251.5593 3266.565 3281.067 3295.8708 -3289.325 -3274.823 -3260.2202 -3245.9197 -3231.5186 -635.76965 3299.8992 3299.8992 3299.8992 3299.8992 3299.8992 3293.6553 3279.0527 3264.3494 3249.1423 3234.3384 3219.8364 3204.428 3189.7246 3175.3235 3160.922 3146.4202 3132.2205 3114.9993 2365.0269 359.42688 -1364.3921 -2647.2107 3129.1992 3145.111 3160.8215 3176.3306 3191.9402 3207.4492 3222.2534 3237.4602 3252.9692 3267.874 3282.4768 3297.2808 -3288.1165 -3273.413 -3258.9111 -3244.4092 -3230.2092 -158.5144 3299.8992 3299.8992 3299.8992 3299.8992 3299.8992 3292.9504 3278.3477 3263.3423 3248.941 3234.137 3218.8293 3203.6223 3189.4226 3175.0212 3160.4187 3146.1182 3131.9182 3113.8916 2154.0435 143.00537 -1547.7814 -2798.1719 3132.5225 3148.3337 3164.0442 3179.6538 3194.8608 3210.0676 3225.5767 3240.7837 3255.3862 3270.6938 3285.6995 3299.8992 -3284.8938 -3270.291 -3255.6885 -3241.388 -3227.0874 626.6052 3299.8992 3299.8992 3299.8992 3299.8992 3299.8992 3293.1519 3277.9448 3263.1409 3248.4375 3233.5327 3218.8293 3203.421 3188.8184 3174.3164 3159.8145 3145.514 3131.314 3112.5823 1963.504 63.14392 -1521.7987 -2794.4458 3133.1267 3148.938 
-3145.6145 -3130.6091 -3115.402 -3100.7996 -3086.2976 -3071.6948 -3057.3943 -3043.0938 -3028.9946 -3014.8955 -3000.8972 -2987.1 -2973.3032 -2959.7075 -2946.112 -2766.1467 -1397.3236 58.410645 1510.8215 2831.4055 3299.8992 3299.8992 3299.8992 3299.8992 3299.8992 3299.8992 3299.8992 3299.8992 3299.8992 3299.8992 3299.8992 3299.8992 3299.8992 3299.8992 3299.8992 3231.3171 -2883.2703 -3185.6963 -3169.9858 -3154.779 -3139.4714 -3124.5667 -3110.0647 -3095.059 -3080.2551 -3065.8538 -3051.4526 -3037.152 -3023.1536 -3009.0544 -2995.1567 -2981.259 -2967.6636 -2954.0679 -2940.573 -2679.5378 -1165.3931 457.31506 1956.958 3212.8875 3299.8992 3299.8992 3299.8992 3299.8992 3299.8992 3299.8992 3299.8992 3299.8992 3299.8992 3299.8992 3299.8992 3299.8992 3299.8992 3299.8992 3299.8992 2941.8823 -3199.9968 -3183.9844 -3168.4753 -3153.1677 -3138.0615 -3122.9553 -3108.0505 -3093.4478 -3078.8452 -3064.4438 -3050.1433 -3035.9436 -3021.7437 -3007.7454 -2993.8477 -2979.95 -2966.2537 -2952.658 -2939.264 -2222.7263 -680.6854 934.87244 2368.5515 3299.8992 3299.8992 3299.8992 3299.8992 3299.8992 3299.8992 3299.8992 3299.8992 3299.8992 3299.8992 3299.8992 3299.8992 3299.8992 3299.8992 3299.8992 3299.8992 2572.8882 -3204.5288 -3188.617 -3173.108 -3157.8003 -3142.4927 -3127.487 -3112.4817 -3097.7783 -3083.377 -3068.7744 -3054.4739 -3040.1733 -3026.0742 -3011.975 -2998.0774 -2984.2803 -2970.584 -2956.9885 -2943.2922 -2591.7205 -1189.9658 373.72742 1894.7205 3037.2527 3299.8992 3299.8992 3299.8992 3299.8992 3299.8992 3299.8992 3299.8992 3299.8992 3299.8992 3299.8992 3299.8992 3299.8992 3299.8992 3299.8992 3299.8992 2345.288 -3197.7812 -3181.8694 -3166.3604 -3151.1536 -3135.9465 -3120.9412 -3106.3384 -3091.333 -3076.7302 -3062.329 -3047.9277 -3033.728 -3019.629 -3005.5298 -2991.632 -2977.835 -2964.2395 -2950.6438 -2937.2498 -2230.6824 -863.974 620.76416 1964.914 3120.639 3299.8992 3299.8992 3299.8992 3299.8992 3299.8992 3299.8992 3299.8992 3299.8992 3299.8992 3299.8992 3299.8992 3299.8992 3299.8992 3299.8992 3299.8992 1685.2478 -3192.7458 -3176.9348 -3161.325 -3146.1182 -3131.012 -3116.1072 -3101.6052 -3086.7004 -3071.997 -3057.5957 -3043.2952 -3029.0955 -3015.097 -3000.9978 -2987.1 -2973.5046 -2959.8083 -2946.2126 -2932.8186 -1935.8093 -401.3214 1175.8667 2632.4065 3299.8992 
3263.2415 3247.9338 3232.2234 3217.4194 3202.3132 3186.8042 3171.3958 3155.9875 3140.7805 3124.9695 3110.3667 3095.6633 3080.96 3061.2212 2333.606 850.3784 -379.46777 -1368.7225 -2184.7595 -2878.9397 3089.4194 3106.2378 3122.4517 3139.27 3155.7861 3172 3188.1133 3204.2266 3220.3398 3236.0503 3252.063 3267.7734 3283.383 3298.993 -3285.5986 -1760.6781 3299.8992 3299.8992 3289.4255 3274.3193 3258.9111 3243.704 3228.0945 3213.1897 3197.9827 3182.675 3167.166 3151.657 3136.6516 3120.639 3106.0364 3091.635 3076.6296 3041.3818 2042.7612 609.9884 -578.3661 -1606.5948 -2492.3218 -3193.451 3093.4478 3110.266 3126.3794 3143.2983 3159.613 3176.0283 3192.041 3208.255 3224.0662 3239.8772 3255.789 3271.6003 3287.21 3299.8992 -3281.8726 -1269.928 3299.8992 3299.8992 3289.9292 3274.7222 3259.4146 3244.2078 3229.0007 3213.794 3198.184 3182.776 3167.5688 3152.0598 3136.853 3121.0417 3106.5398 3091.8364 3077.0325 3033.2244 1939.4348 436.87134 -731.14014 -1589.5752 -2384.4634 -3095.3613 3094.9585 3111.5752 3128.4941 3144.7083 3161.1235 3177.539 3193.5515 3209.5642 3225.476 3241.388 3257.199 3273.0103 3288.5193 3299.8992 -3280.5632 -959.6466 3299.8992 3299.8992 3289.7278 3274.4202 3259.1125 3244.0063 3228.7993 3213.4917 3198.0835 3182.776 3167.2668 3151.9592 3136.6516 3120.8403 3106.2378 3091.635 3076.831 3032.8215 2030.1727 543.92395 -645.4376 -1622.8088 -2516.995 -3173.41 3094.4548 3111.3738 3128.0913 3144.3054 3160.7207 3176.9348 3193.1487 3209.1614 3225.0732 3240.985 3256.7961 3272.406 3288.1165 3299.8992 -3280.966 -191.54663 3299.8992 3299.8992 3284.8938 3269.7876 3254.48 3239.273 3224.1667 3208.8591 3193.451 3178.1433 3162.6343 3147.3267 3132.019 3116.4092 3101.8066 3087.2039 3070.4863 2921.7407 1906.2012 393.4662 -727.71606 -1560.2692 -2405.8135 -3052.5603 3090.8293 3107.7483 3124.4658 3140.7805 3157.196 3173.5107 3189.624 3205.6365 3221.5483 3237.4602 3253.2715 3269.0825 3284.5916 3299.8992 -3284.3901 22.659302 3299.8992 3295.6694 3280.5632 3265.2556 3250.1494 3234.8418 3219.1313 3204.3274 3189.1204 3173.7122 3158.4045 3143.097 3127.9907 3112.2803 3097.6775 3082.974 3067.2637 2858.798 1631.8726 236.3617 -818.9575 -1715.3595 -2511.154 -3164.0442 
-3116.1072 -3101.7058 -3087.1033 -3072.702 -3058.4014 -3044.3022 -3030.2031 -3016.3054 -3002.5085 -2988.7114 -2763.9312 -2461.5051 -2086.1663 -1558.5571 -1093.5883 -723.68774 -393.7683 -113.39722 106.24695 231.12488 502.13013 1598.6389 3163.2385 3299.8992 3299.8992 3299.8992 3299.8992 3299.8992 3299.8992 3299.8992 3299.8992 3299.8992 3299.8992 3299.8992 3299.8992 2139.5415 -378.15857 -2200.47 -3146.4202 -3131.4148 -3116.7114 -3102.1086 -3087.506 -3073.2056 -3059.0056 -3044.806 -3030.7068 -3016.7083 -3002.8105 -2989.0137 -2788.4033 -2416.8914 -2103.5889 -1708.1085 -1157.135 -641.51 -343.11218 -231.12488 43.90869 349.7589 824.49646 1897.0367 3299.8992 3299.8992 3299.8992 3299.8992 3299.8992 3299.8992 3299.8992 3299.8992 3299.8992 3299.8992 3299.8992 3299.8992 3299.8992 1673.3643 -949.2737 -2777.2246 -3142.0898 -3127.185 -3112.3809 -3097.577 -3083.2764 -3068.875 -3054.6753 -3040.5762 -3026.5776 -3012.68 -2998.9836 -2985.086 -2756.2773 -2379.5288 -1984.6527 -1606.6956 -1062.0667 -617.8436 -269.1925 60.72693 291.7511 477.8595 837.3871 1945.8801 3288.922 3299.8992 3299.8992 3299.8992 3299.8992 3299.8992 3299.8992 3299.8992 3299.8992 3299.8992 3299.8992 3299.8992 3299.8992 1124.0021 -1227.6306 -2883.975 -3138.4644 -3123.4587 -3108.7554 -3094.2534 -3079.8523 -3065.5518 -3051.2512 -3037.152 -3023.053 -3009.3567 -2995.5596 -2973.6052 -2457.7788 -2189.392 -1997.9462 -1688.8733 -1144.2444 -696.8994 -445.1294 -145.22095 238.37585 409.07593 772.4304 1945.9808 3166.7632 3299.8992 3299.8992 3299.8992 3299.8992 3299.8992 3299.8992 3299.8992 3299.8992 3299.8992 3299.8992 3299.8992 3299.8992 1081.3019 -1252.1027 -2818.0115 -3133.731 -3118.7256 -3104.0222 -3089.3188 -3074.9175 -3060.7178 -3046.5178 -3032.4187 -3018.4204 -3004.6233 -2990.927 -2975.8208 -2553.7537 -2167.7397 -1905.4962 -1619.989 -1117.7582 -577.0569 -34.94568 385.9131 585.41565 807.074 1316.4551 2537.2375 3299.8992 3299.8992 3299.8992 3299.8992 3299.8992 3299.8992 3299.8992 3299.8992 3299.8992 3299.8992 3299.8992 3299.8992 3280.7646 810.0952 -1603.775 -3154.3762 -3139.3706 -3124.4658 -3109.6619 -3095.059 -3080.5571 -3066.3574 -3052.1575 -3037.9578 -3024.06 -3010.1624 -2996.3652 -2982.5684 -2518.103 -2188.687 -2064.4133 -1644.8639 -973.2422 -474.83826 -224.57886 33.132935 273.92578 536.27014 

22.155762 41.89453 40.585327 48.641968 44.210815 36.254883 28.399658 48.44055 49.54834 53.475952 61.532593 57.806396 51.5625 10.473633 -16.918945 -51.663208 -51.461792 -63.74817 -87.41455 -79.35791 -79.35791 -79.35791 -79.35791 -79.35791 -79.35791 -79.35791 -79.35791 -79.35791 -79.35791 -79.35791 -79.35791 -79.35791 -79.35791 -79.35791 -79.35791 -79.35791 -79.35791 -79.35791 -79.35791 -79.35791 -79.35791 -79.35791 -79.35791 -79.35791 -79.35791 -79.35791 -79.35791 -79.35791 -79.35791 -79.35791 -79.35791 -79.35791 -79.35791 -79.35791 -79.35791 -79.35791 -79.35791 -79.35791 -79.35791 -79.35791 -19.537354 -9.365845 29.406738 53.07312 74.82605 69.79065 62.438965 69.68994 83.78906 54.18091 7.1502686 -9.063721 -34.140015 -61.73401 -80.56641 -79.76074 -50.454712 -36.35559 -14.804077 1.9134521 15.811157 20.24231 14.300537 -14.099121 -31.723022 -29.30603 -18.328857 -10.977173 -6.9488525 -7.3516846 -16.21399 2.3162842 15.408325 3.7261963 -2.6184082 20.544434 46.42639 57.302856 50.454712 39.47754 41.693115 89.227295 134.74731 151.86768 134.34448 104.73633 40.88745 19.839478 38.168335 38.36975 32.32727 -5.4382324 -37.46338 -32.83081 16.21399 26.889038 13.595581 -40.585327 -88.723755 -93.0542 -54.885864 -2.4169922 86.40747 158.01086 188.6261 195.27283 185.10132 126.89209 30.31311 -45.620728 -112.994385 -205.34363 -297.79358 -351.37024 -325.8911 -252.8778 -199.09973 -156.90308 -111.58447 -69.488525 -34.44214 -21.551514 -8.862305 -9.063721 19.23523 44.210815 30.212402 42.39807 54.68445 44.613647 -16.113281 -87.51526 -102.923584 -82.37915 -38.47046 3.4240723 28.500366 54.986572 74.32251 96.67969 103.125 99.09668 74.12109 21.853638 -19.638062 -33.636475 -25.177002 -21.148682 -16.918945 -20.947266 -47.836304 -66.56799 -67.07153 -52.267456 -43.50586 -36.95984 -41.088867 -45.117188 -40.182495 -33.737183 -27.392578 -12.286377 13.494873 18.22815 24.572754 41.89453 47.232056 39.47754 34.240723 30.615234 25.27771 17.422485 4.8339844 12.185669 18.933105 21.24939 19.436646 14.300537 26.889038 39.578247 
-47.332764 -15.509033 -4.4311523 6.7474365 20.846558 29.608154 39.779663 40.48462 43.50586 40.48462 44.613647 29.003906 11.883545 -3.7261963 -17.321777 -38.269043 -34.542847 -26.083374 -17.120361 12.084961 30.413818 34.44214 43.606567 41.89453 58.914185 76.43738 54.483032 15.408325 25.78125 52.368164 62.23755 64.85596 59.71985 61.331177 54.0802 54.885864 24.975586 19.23523 22.055054 18.429565 13.998413 8.056641 -10.675049 -24.874878 -37.46338 -39.175415 -32.42798 -26.78833 -22.055054 -22.558594 -31.32019 -29.507446 -40.283203 -46.02356 -48.54126 -42.700195 -24.472046 -11.984253 -16.516113 -34.84497 -45.620728 -55.892944 -45.41931 -41.088867 -29.708862 -31.622314 -3.2226562 13.897705 24.169922 20.645142 24.77417 19.73877 -7.7545166 -6.8481445 -7.8552246 -0.70495605 0.50354004 16.113281 28.500366 29.104614 35.95276 29.80957 10.372925 2.8198242 -4.0283203 3.0212402 -0.50354004 6.2438965 8.258057 7.7545166 6.8481445 -0.80566406 -11.178589 -7.6538086 -32.629395 -38.772583 -35.147095 -39.779663 -42.90161 -38.168335 -35.046387 -30.514526 -14.602661 6.3446045 12.185669 23.565674 30.81665 34.140015 26.586914 37.261963 50.958252 57.302856 54.0802 51.361084 52.972412 36.557007 55.69153 42.39807 36.4563 29.708862 38.974 63.74817 84.39331 89.52942 101.21155 121.85669 145.22095 154.78821 179.26025 200.0061 180.36804 163.34839 128.10059 84.89685 56.497192 53.274536 31.622314 -16.012573 -56.396484 -72.40906 -98.0896 -119.540405 -164.45618 -232.6355 -264.55994 -263.15002 -241.09497 -187.71973 -129.81262 -93.15491 -89.52942 -109.06677 -116.21704 -123.065186 -114.30359 -87.61597 -72.61047 -29.30603 7.4523926 32.528687 33.83789 26.083374 27.191162 5.7403564 -30.31311 -37.564087 -40.686035 -43.807983 -35.046387 -29.104614 -50.857544 -44.613647 -39.47754 -30.31311 -36.35559 -22.457886 -26.083374 -23.867798 -14.501953 -11.077881 -10.171509 12.387085 32.93152 36.35559 40.88745 45.620728 44.51294 27.392578 31.723022 41.592407 30.514526 18.328857 4.3304443 8.459473 10.070801 4.8339844 -1.2084961 -8.056641 11.883545 26.385498 
3299.8992 3299.8992 3299.8992 3299.8992 3299.8992 3299.8992 3299.8992 3299.8992 3299.8992 3299.8992 3299.8992 3299.8992 3299.8992 3289.0227 3272.8088 -2711.3616 3281.2683 3298.0864 -3285.2966 -3268.881 -3252.6672 -3236.2517 -3220.8435 -3204.5288 -3188.919 -3173.6113 -3158.4045 -3143.2983 -3128.2927 -3113.4888 -3098.584 -3083.8806 -3069.2778 -3054.8767 -3040.5762 -1300.8453 1726.8402 3299.8992 3299.8992 3299.8992 3299.8992 3299.8992 3299.8992 3299.8992 3299.8992 3299.8992 3299.8992 3299.8992 3299.8992 3299.8992 3299.8992 3299.8992 3299.8992 3288.7207 3272.3052 3266.3635 3283.484 3299.8992 -3283.081 -3266.7664 -3250.5522 -3234.8418 -3218.527 -3203.119 -3187.509 -3171.8994 -3156.3904 -3141.2842 -3126.178 -3111.2732 -3096.469 -3081.8665 -3067.3645 -3052.8625 -3038.6626 -1258.8501 1871.9604 3299.8992 3299.8992 3299.8992 3299.8992 3299.8992 3299.8992 3299.8992 3299.8992 3299.8992 3299.8992 3299.8992 3299.8992 3299.8992 3299.8992 3299.8992 3299.8992 3289.0227 3272.406 3269.4854 3286.6057 3299.8992 -3280.1604 -3263.745 -3247.531 -3231.1157 -3215.6067 -3199.594 -3183.9844 -3168.6768 -3153.5706 -3138.3635 -3123.3582 -3108.554 -3093.75 -3079.1472 -3064.6453 -3050.2441 -3034.3323 -677.26135 2438.5437 3299.8992 3299.8992 3299.8992 3299.8992 3299.8992 3299.8992 3299.8992 3299.8992 3299.8992 3299.8992 3299.8992 3299.8992 3299.8992 3299.8992 3299.8992 3299.8992 3286.8071 3270.0896 3269.4854 3286.5051 3299.8992 -3280.1604 -3263.745 -3247.6318 -3231.9214 -3215.6067 -3200.1982 -3184.6892 -3169.0796 -3153.5706 -3138.4644 -3123.4587 -3108.554 -3093.75 -3079.1472 -3064.6453 -3050.3447 -3033.8286 -650.1709 2471.2737 3299.8992 3299.8992 3299.8992 3299.8992 3299.8992 3299.8992 3299.8992 3299.8992 3299.8992 3299.8992 3299.8992 3299.8992 3299.8992 3299.8992 3299.8992 3299.8992 3286.1023 3269.1833 3271.701 3288.922 3299.8992 -3277.9448 -3261.6301 -3245.5168 -3229.7058 -3213.9954 -3197.882 -3182.2722 -3166.9646 -3151.8584 -3136.7522 -3121.646 -3106.9426 -3092.1387 -3077.536 -3063.034 -3048.6328 -2858.9995 -176.0376 3113.5894 3299.8992 3299.8992 3299.8992 
3299.8992 3299.8992 3299.8992 3299.8992 3299.8992 3299.8992 3299.8992 3299.8992 3299.8992 3299.8992 3299.8992 3286.203 3271.399 3256.4941 3241.1865 -2643.3838 3250.2502 3266.0613 3281.6711 3297.0793 -3287.7136 -3272.3052 -3257.5012 -3242.5964 -3227.893 -3213.4917 -3198.7883 -3184.2864 -3169.9858 -3155.8867 -3141.7876 -3127.7893 -3113.9922 -3100.296 -3035.2385 -818.8568 1596.3226 3299.8992 3299.8992 3299.8992 3299.8992 3299.8992 3299.8992 3299.8992 3299.8992 3299.8992 3299.8992 3299.8992 3299.8992 3299.8992 3299.8992 3291.339 3276.4343 3261.6301 3246.222 3248.538 3257.199 3273.0103 3288.5193 3299.8992 -3280.8655 -3265.5579 -3250.7537 -3235.8489 -3221.1455 -3206.7444 -3192.1416 -3177.7405 -3163.5405 -3149.4414 -3135.3423 -3121.4446 -3107.7483 -3094.052 -2485.4736 199.60327 2683.5662 3299.8992 3299.8992 3299.8992 3299.8992 3299.8992 3299.8992 3299.8992 3299.8992 3299.8992 3299.8992 3299.8992 3299.8992 3299.8992 3299.8992 3286.0015 3271.1975 3256.2927 3240.7837 3238.3667 3254.5806 3270.291 3285.901 3299.8992 -3283.484 -3268.0754 -3253.372 -3238.4673 -3223.764 -3209.4634 -3194.6594 -3180.359 -3166.0583 -3151.9592 -3137.9607 -3124.063 -3110.266 -3096.5698 -2689.1052 -110.77881 2394.8364 3299.8992 3299.8992 3299.8992 3299.8992 3299.8992 3299.8992 3299.8992 3299.8992 3299.8992 3299.8992 3299.8992 3299.8992 3299.8992 3299.8992 3286.7065 3272.0032 3257.0984 3241.4885 3241.388 3257.5012 3273.2117 3288.8213 3299.8992 -3280.664 -3265.3564 -3250.5522 -3235.7483 -3221.045 -3206.7444 -3191.9402 -3177.6396 -3163.5405 -3149.3408 -3135.2417 -3121.4446 -3107.6477 -3093.9514 -2409.9426 181.1737 2558.4868 3299.8992 3299.8992 3299.8992 3299.8992 3299.8992 3299.8992 3299.8992 3299.8992 3299.8992 3299.8992 3299.8992 3299.8992 3299.8992 3299.8992 3286.203 3271.399 3256.3933 3236.2517 3243.9055 3260.0188 3275.7292 3291.339 3299.8992 -3278.1462 -3262.8386 -3248.1353 -3233.3313 -3218.628 -3203.9246 -3189.624 -3175.2227 -3161.023 -3146.9238 -3133.0261 -3119.1284 -3105.3313 -3091.7358 -2301.6814 290.4419 2802.4016 3299.8992 3299.8992 3299.8992 
3164.6484 3180.1575 3195.767 3211.0747 3226.181 3241.1865 3256.6956 3271.701 3286.203 3299.8992 -3284.3901 -3269.6868 -3255.1848 -3240.8843 -3226.5837 1480.9113 3299.8992 3299.8992 3299.8992 3299.8992 3299.8992 3290.4326 3275.83 3260.9253 3246.121 3231.4177 3216.3115 3201.004 3187.0056 3172.5037 3158.0017 3143.7012 3129.4006 3108.252 1741.745 -114.10217 -1626.8372 -2929.193 3134.3352 3150.0457 3165.756 3181.4666 3196.5728 3211.7798 3227.188 3242.4956 3257.0984 3272.3052 3287.4114 3299.8992 -3283.1816 -3268.6797 -3254.1777 -3239.6758 -3225.476 1790.4877 3299.8992 3299.8992 3299.8992 3299.8992 3299.8992 3290.2312 3275.125 3260.321 3245.5168 3230.5115 3216.11 3200.601 3185.9985 3171.5972 3157.0952 3142.8955 3128.4941 3101.8066 1775.6836 -165.16113 -1665.0055 -2893.341 3133.5295 3149.3408 3164.9504 3180.5603 3196.17 3211.5784 3226.4832 3241.5894 3256.9976 3272.0032 3286.5051 3299.8992 -3283.9873 -3269.3848 -3254.8828 -3240.5823 -3226.2817 2372.7812 3299.8992 3299.8992 3299.8992 3299.8992 3299.8992 3287.3108 3272.6074 3257.6018 3243.0999 3228.296 3213.1897 3197.9827 3183.783 3169.281 3154.8796 3140.68 3126.178 2927.179 1193.9941 -633.7555 -2089.4897 -3227.4902 3140.1763 3155.8867 3171.4966 3187.1062 3202.3132 3217.52 3232.8276 3248.0347 3262.6372 3277.8442 3292.8496 -3292.4468 -3277.7434 -3263.2415 -3248.8403 -3234.439 -3216.6138 2947.522 3299.8992 3299.8992 3299.8992 3299.8992 3299.8992 3291.1377 3276.132 3261.2273 3246.222 3231.3171 3216.8152 3201.4067 3186.8042 3172.4028 3157.8003 3143.4998 3129.0984 2905.6274 1191.275 -756.31714 -2248.2056 3139.9749 3145.111 3160.8215 3176.4312 3191.8396 3207.55 3222.8577 3237.7625 3252.7678 3268.0754 3283.081 3297.583 -3287.7136 -3273.2117 -3258.7097 -3244.107 -3229.9072 -3059.912 3299.8992 3299.8992 3299.8992 3299.8992 3299.8992 3299.8992 3293.5547 3278.8513 3263.9465 3248.8403 3234.0361 3219.5342 3204.0251 3189.4226 3174.9207 3160.5193 3146.1182 3131.9182 2875.8179 1142.3309 -599.21265 -1932.7881 -3127.487 3144.8088 3160.5193 
3299.8992 3299.8992 3299.8992 3299.8992 3299.8992 3299.8992 3299.8992 3299.8992 3299.8992 3299.8992 3299.8992 3299.8992 3299.8992 3299.8992 3299.8992 1406.7902 -3197.5798 -3181.7688 -3166.2598 -3150.9521 -3135.745 -3120.9412 -3105.9355 -3091.333 -3076.9316 -3062.4297 -3048.1292 -3033.9294 -3019.7295 -3005.7312 -2991.8335 -2978.0364 -2964.441 -2950.8452 -2937.3503 -2228.064 -692.9718 876.2604 2375.5005 3299.8992 3299.8992 3299.8992 3299.8992 3299.8992 3299.8992 3299.8992 3299.8992 3299.8992 3299.8992 3299.8992 3299.8992 3299.8992 3299.8992 3299.8992 3299.8992 831.84814 -3193.6523 -3178.0425 -3162.4329 -3147.2258 -3132.1196 -3117.1143 -3102.2095 -3087.6067 -3073.0042 -3058.7036 -3044.403 -3030.304 -3016.104 -3002.1057 -2988.3086 -2974.411 -2960.916 -2947.3206 -2913.7847 -1593.1 71.7041 1400.1434 2664.9353 3299.8992 3299.8992 3299.8992 3299.8992 3299.8992 3299.8992 3299.8992 3299.8992 3299.8992 3299.8992 3299.8992 3299.8992 3299.8992 3299.8992 3299.8992 3299.8992 103.930664 -3197.4792 -3181.5674 -3166.2598 -3150.9521 -3135.9465 -3120.9412 -3106.5398 -3091.5344 -3076.831 -3062.4297 -3048.0286 -3033.9294 -3019.8303 -3005.8318 -2991.934 -2978.1372 -2964.34 -2950.8452 -2935.2356 -1622.8088 -120.64819 1442.5415 2815.0908 3299.8992 3299.8992 3299.8992 3299.8992 3299.8992 3299.8992 3299.8992 3299.8992 3299.8992 3299.8992 3299.8992 3299.8992 3299.8992 3299.8992 3299.8992 3299.8992 -296.58508 -3198.8892 -3183.1787 -3167.6697 -3152.362 -3137.2559 -3122.351 -3107.9497 -3092.8435 -3078.241 -3063.8396 -3049.4385 -3035.3394 -3021.1394 -3007.2417 -2993.2434 -2979.4463 -2965.75 -2952.2551 -2891.9312 -1585.6476 -72.006226 1305.6793 2654.5623 3299.8992 3299.8992 3299.8992 3299.8992 3299.8992 3299.8992 3299.8992 3299.8992 3299.8992 3299.8992 3299.8992 3299.8992 3299.8992 3299.8992 3299.8992 3299.8992 -959.7473 -3196.5728 -3180.8623 -3165.5547 -3150.247 -3135.1409 -3120.236 -3105.2307 -3090.5273 -3076.126 -3061.7249 -3047.525 -3033.3252 -3019.1252 -3005.127 -2991.2292 -2977.533 -2963.8367 -2950.241 -2691.1194 -1219.4733 358.62122 1802.0691 3017.111 3299.8992 
3091.4336 3108.252 3124.8687 3141.2842 3157.498 3173.8127 3189.926 3206.0393 3221.9512 3237.7625 3253.6743 3269.284 3284.9944 3299.8992 -3284.0881 550.7721 3299.8992 3293.1519 3277.9448 3262.738 3247.531 3232.2234 3216.7144 3201.9104 3186.7034 3171.2952 3155.8867 3140.68 3125.473 3109.8633 3095.059 3080.7585 3063.034 2674.2004 1308.197 -61.935425 -1121.7865 -2011.3403 -2742.1782 3292.8496 3097.2747 3113.9922 3130.2063 3147.0244 3163.339 3179.5532 3195.767 3211.7798 3227.6917 3243.402 3259.314 3275.0244 3290.7349 3299.8992 -3278.549 898.2147 3299.8992 3296.7773 3281.5703 3266.3635 3251.056 3235.9497 3220.1384 3205.2336 3190.0269 3174.6184 3159.2102 3143.7012 3128.6956 3112.985 3098.4832 3083.7798 3065.6523 2596.6553 1324.3103 -71.502686 -1114.1327 -1957.7637 -2763.6292 3269.4854 3100.3967 3117.2148 3133.3281 3150.1465 3166.6626 3182.675 3198.8892 3214.9016 3230.8135 3246.524 3262.3352 3278.0457 3293.6553 -3290.9363 -3257.8032 1420.99 3299.8992 3297.1802 3281.9731 3266.6655 3251.358 3236.2517 3220.4407 3205.7373 3190.3289 3174.9207 3159.5122 3144.2046 3129.0984 3113.1865 3098.6846 3084.082 3066.5588 2669.0642 1257.4402 -163.75122 -1193.7927 -2014.8651 -2767.859 3208.7585 3102.1086 3118.8262 3134.9395 3151.7578 3168.0725 3184.3872 3200.3997 3216.3115 3232.3242 3248.1353 3264.047 3279.657 3295.0652 -3289.5264 -3124.1638 1831.2744 3299.8992 3296.3745 3281.1675 3265.8599 3250.5522 3235.446 3219.7356 3204.7302 3189.5232 3174.0142 3158.606 3143.2983 3128.1921 3112.4817 3097.879 3083.4778 3065.8538 2703.1035 1372.7509 -6.9488525 -1086.9415 -1921.3074 -2681.0486 3250.4517 3098.6846 3115.3015 3132.019 3148.3337 3164.5476 3180.7617 3196.9756 3212.9883 3228.7993 3244.6106 3260.4216 3276.132 3291.641 3299.8992 -2900.7935 2316.2842 3299.8992 3290.4326 3275.125 3259.9182 3244.812 3229.5044 3214.4988 3199.0906 3183.6821 3168.3745 3152.8655 3137.6587 3122.4517 3106.9426 3092.4407 3077.8381 3059.3079 2384.8662 961.7615 -382.3883 -1437.1033 -2301.9836 -2982.5684 3086.801 
1039.8102 2422.7324 3299.8992 3299.8992 3299.8992 3299.8992 3299.8992 3299.8992 3299.8992 3299.8992 3299.8992 3299.8992 3299.8992 3299.8992 3299.8992 900.531 -1378.9948 -3073.709 -3140.0757 -3125.2715 -3110.3667 -3095.8647 -3081.3628 -3066.9617 -3052.8625 -3038.7634 -3024.765 -3010.8672 -2997.171 -2950.4424 -2529.2815 -2271.7712 -2021.109 -1625.528 -1040.8173 -548.75793 -207.65991 118.33191 396.78955 648.35815 1212.0209 2528.9795 3299.8992 3299.8992 3299.8992 3299.8992 3299.8992 3299.8992 3299.8992 3299.8992 3299.8992 3299.8992 3299.8992 3299.8992 2924.1577 172.91565 -1887.2681 -3149.8442 -3134.6375 -3119.8333 -3105.13 -3090.628 -3076.2268 -3061.8254 -3047.6257 -3033.728 -3019.629 -3005.8318 -2992.035 -2978.3386 -2621.9329 -2302.0842 -2059.8816 -1647.1802 -1267.3096 -791.0614 -556.9153 -246.13037 86.60889 282.48596 960.553 2568.6584 3299.8992 3299.8992 3299.8992 3299.8992 3299.8992 3299.8992 3299.8992 3299.8992 3299.8992 3299.8992 3299.8992 3299.8992 3082.2693 497.69897 -1596.8262 -3123.761 -3124.3652 -3109.561 -3094.9585 -3080.2551 -3066.0552 -3051.654 -3037.7563 -3023.5564 -3009.6587 -2995.8618 -2982.1655 -2968.3684 -2513.3696 -2116.983 -1759.671 -1475.9766 -1079.2877 -606.56433 -158.11157 183.6914 411.2915 462.35046 1108.5938 2667.9565 3299.8992 3299.8992 3299.8992 3299.8992 3299.8992 3299.8992 3299.8992 3299.8992 3299.8992 3299.8992 3299.8992 3299.8992 2767.1538 82.177734 -1930.2704 -3136.6516 -3121.646 -3106.842 -3092.1387 -3077.7373 -3063.4368 -3049.237 -3034.9365 -3020.938 -3007.0403 -2993.2434 -2979.547 -2944.098 -2462.4114 -2040.5457 -1563.1897 -1118.5638 -807.1747 -471.11206 -172.00928 102.923584 384.40247 658.0261 1375.1678 2857.1868 3299.8992 3299.8992 3299.8992 3299.8992 3299.8992 3299.8992 3299.8992 3299.8992 3299.8992 3299.8992 3299.8992 3299.8992 2601.5898 -115.008545 -2067.636 -3138.9678 -3123.8616 -3109.1582 -3094.4548 -3079.8523 -3065.5518 -3051.3518 -3037.2527 -3023.2544 -3009.1553 -2995.3582 -2981.7627 -2866.049 -2347.705 -2028.36 -1717.273 -1340.8264 -744.5343 -318.94226 -104.333496 73.91968 161.53564 438.38196 

50.354004 28.701782 -2.4169922 -15.609741 -3.8269043 -0.80566406 13.998413 8.862305 -0.10070801 -20.846558 -13.092041 -10.473633 1.8127441 9.063721 -7.4523926 -16.516113 -19.638062 -28.29895 -37.36267 -57.403564 -57.403564 -57.403564 -57.403564 -57.403564 -57.403564 -57.403564 -57.403564 -57.403564 -57.403564 -57.403564 -57.403564 -57.403564 -57.403564 -57.403564 -57.403564 -57.403564 -57.403564 -57.403564 -57.403564 -57.403564 41.693115 27.493286 0.30212402 5.3375244 13.796997 18.73169 29.003906 41.39099 55.792236 43.807983 30.615234 23.062134 -2.5177002 -3.0212402 -4.1290283 -8.963013 4.6325684 37.161255 72.81189 72.81189 49.54834 37.664795 19.638062 17.120361 26.184082 42.095947 46.627808 24.673462 8.056641 -15.005493 -13.595581 -3.8269043 21.047974 42.095947 47.53418 40.38391 30.010986 34.44214 30.715942 13.696289 6.6467285 -4.1290283 -11.782837 -0.20141602 5.5389404 11.178589 23.565674 34.643555 29.507446 7.0495605 -22.055054 -36.053467 -7.7545166 -7.7545166 -24.874878 -13.998413 5.7403564 19.839478 37.36267 57.60498 57.60498 57.60498 57.60498 57.60498 57.60498 57.60498 57.60498 57.60498 57.60498 57.60498 57.60498 57.60498 57.60498 57.60498 57.60498 57.60498 57.60498 57.60498 57.60498 57.60498 -120.44678 -128.2013 -122.15881 -106.448364 -58.71277 -0.60424805 62.841797 117.92908 60.22339 -17.623901 -34.240723 -33.535767 -50.354004 -47.232056 -48.742676 -50.656128 -55.08728 -61.431885 -58.511353 -59.417725 -59.417725 -59.417725 -59.417725 -59.417725 -59.417725 -59.417725 -59.417725 -59.417725 -59.417725 -59.417725 -59.417725 -59.417725 -59.417725 -59.417725 -59.417725 -59.417725 -59.417725 -59.417725 -59.417725 -59.417725 18.73169 3.1219482 4.2297363 -11.077881 -19.23523 -9.466553 -0.50354004 10.876465 9.970093 -5.2368164 -15.609741 -20.343018 -6.5460205 5.6396484 11.279297 25.479126 35.247803 18.026733 3.7261963 -12.588501 -12.588501 -12.588501 -12.588501 -12.588501 -12.588501 -12.588501 -12.588501 -12.588501 -12.588501 -12.588501 -12.588501 -12.588501 -12.588501 -12.588501 -12.588501 -12.588501 -12.588501 -12.588501 -12.588501 -12.588501 
27.29187 29.507446 25.881958 32.93152 41.39099 50.152588 87.61597 72.10693 60.525513 68.68286 75.83313 96.57898 111.08093 119.74182 125.68359 139.682 154.38538 142.40112 104.837036 75.531006 78.552246 101.412964 119.540405 142.40112 149.6521 148.04077 125.98572 92.85278 80.667114 71.09985 60.12268 40.585327 9.768677 -10.775757 -31.924438 -73.013306 -98.69385 -123.568726 -167.77954 -207.65991 -236.66382 -264.86206 -265.16418 -273.12012 -239.28223 -187.3169 -158.31299 -135.65369 -114.001465 -92.65137 -81.27136 -77.142334 -91.34216 -77.545166 -87.41455 -76.43738 -65.05737 -48.03772 -36.254883 -37.86621 -45.117188 -38.168335 -40.283203 -33.737183 -32.226562 -13.092041 -5.6396484 -0.40283203 -11.178589 -13.394165 -6.6467285 8.056641 35.34851 50.152588 62.23755 48.339844 39.37683 39.578247 41.088867 39.276123 39.779663 15.911865 13.293457 12.487793 24.472046 24.77417 24.472046 20.24231 10.574341 -1.6113281 -6.8481445 -7.3516846 -1.5106201 11.883545 14.401245 31.32019 26.889038 27.191162 27.996826 34.643555 33.535767 61.029053 88.11951 111.18164 132.73315 129.81262 117.42554 115.20996 111.78589 106.8512 98.89526 84.59473 65.15808 52.972412 29.910278 4.2297363 -16.818237 -32.32727 -47.53418 -51.5625 -18.73169 20.343018 34.240723 26.184082 35.549927 57.20215 67.8772 72.10693 4.3304443 -47.93701 -41.99524 17.321777 21.450806 -13.192749 -62.74109 -107.25403 -108.966064 -94.766235 -65.3595 -61.12976 -69.08569 -34.94568 -2.1148682 17.523193 11.480713 -12.286377 -39.678955 -32.125854 -17.22107 -3.2226562 0.9063721 -3.8269043 -33.9386 -59.417725 -57.504272 -49.649048 -31.118774 -13.595581 4.1290283 12.487793 10.574341 -17.321777 -20.24231 -2.7191162 -9.265137 -31.82373 -56.19507 -68.17932 -53.375244 -37.161255 -18.22815 -13.595581 1.6113281 10.171509 12.890625 9.365845 -11.178589 -38.87329 -40.88745 -50.454712 -51.361084 -45.92285 -12.991333 4.8339844 -2.6184082 -13.394165 -13.696289 -2.1148682 3.3233643 14.804077 34.542847 77.948 98.59314 121.65527 145.01953 133.63953 114.20288 93.45703 72.81189 59.417725 
3299.8992 3299.8992 3299.8992 3299.8992 3299.8992 3299.8992 3299.8992 3299.8992 3299.8992 3299.8992 3299.8992 3299.8992 3298.4893 3282.5774 3261.1267 3270.8953 3287.8142 3299.8992 -3278.8513 -3262.4358 -3246.4233 -3230.0078 -3214.5996 -3198.3855 -3182.8765 -3167.6697 -3152.4626 -3137.4573 -3122.351 -3107.5469 -3092.8435 -3078.1401 -3063.6382 -3049.3376 -2884.6802 -309.17358 2644.995 3299.8992 3299.8992 3299.8992 3299.8992 3299.8992 3299.8992 3299.8992 3299.8992 3299.8992 3299.8992 3299.8992 3299.8992 3299.8992 3299.8992 3299.8992 3299.8992 3284.491 3136.6516 3274.9236 3291.9434 -3291.4397 -3274.823 -3258.609 -3242.2942 -3226.7852 -3210.4705 -3195.1628 -3179.5532 -3164.1448 -3148.6357 -3133.5295 -3118.6248 -3103.6194 -3089.0166 -3074.5146 -3060.0127 -3045.6116 -2604.9133 284.90295 3299.8992 3299.8992 3299.8992 3299.8992 3299.8992 3299.8992 3299.8992 3299.8992 3299.8992 3299.8992 3299.8992 3299.8992 3299.8992 3299.8992 3299.8992 3299.8992 3297.3816 3281.369 2665.1367 3274.7222 3291.8425 -3291.5405 -3275.125 -3258.8103 -3242.5964 -3226.2817 -3210.974 -3194.76 -3179.251 -3163.9434 -3148.7366 -3133.8318 -3118.8262 -3104.0222 -3089.4194 -3074.6155 -3060.214 -3045.9136 -2490.509 388.83362 3299.8992 3299.8992 3299.8992 3299.8992 3299.8992 3299.8992 3299.8992 3299.8992 3299.8992 3299.8992 3299.8992 3299.8992 3299.8992 3299.8992 3299.8992 3299.8992 3296.2737 3280.2612 2231.8909 3275.7292 3292.749 -3290.634 -3274.118 -3257.904 -3241.69 -3225.476 -3209.5642 -3194.2566 -3178.7476 -3163.1377 -3147.7295 -3132.7239 -3117.7185 -3102.9143 -3088.211 -3073.6084 -3059.1064 -3044.806 -2376.4067 573.4314 3299.8992 3299.8992 3299.8992 3299.8992 3299.8992 3299.8992 3299.8992 3299.8992 3299.8992 3299.8992 3299.8992 3299.8992 3299.8992 3299.8992 3299.8992 3299.8992 3295.468 3279.3547 1195.6055 3278.1462 3295.166 -3288.3179 -3271.8018 -3255.5876 -3239.4744 -3223.2605 -3207.7515 -3191.6382 -3176.2297 -3161.023 -3145.9167 -3130.9111 -3115.9058 -3101.001 -3086.499 -3071.8962 -3057.3943 -3043.1946 -2029.6692 976.46484 3299.8992 3299.8992 3299.8992 3299.8992 
3299.8992 3299.8992 3299.8992 3299.8992 3299.8992 3299.8992 3299.8992 3299.8992 3299.8992 3299.8992 3299.8992 3286.7065 3271.8018 3256.7961 3171.3958 3245.819 3261.8315 3277.542 3293.051 3299.8992 -3276.3335 -3261.5295 -3246.3225 -3231.5186 -3216.9158 -3202.1118 -3187.9119 -3173.6113 -3159.3108 -3145.2117 -3131.314 -3117.4163 -3103.72 -3090.0237 -2264.5203 372.92175 2683.4656 3299.8992 3299.8992 3299.8992 3299.8992 3299.8992 3299.8992 3299.8992 3299.8992 3299.8992 3299.8992 3299.8992 3299.8992 3299.8992 3299.8992 3288.3179 3273.3123 3258.307 2712.0667 3250.955 3266.7664 3282.4768 3298.0864 -3286.6057 -3271.399 -3256.5947 -3241.5894 -3226.886 -3212.1826 -3197.3784 -3183.1787 -3168.9788 -3154.779 -3140.7805 -3126.7822 -3112.7837 -3099.2888 -3085.5925 -1702.9724 937.79297 3299.8992 3299.8992 3299.8992 3299.8992 3299.8992 3299.8992 3299.8992 3299.8992 3299.8992 3299.8992 3299.8992 3299.8992 3299.8992 3299.8992 3299.8992 3285.1958 3270.3918 3255.3862 2230.3801 3250.1494 3266.0613 3281.7717 3297.2808 -3287.5122 -3272.3052 -3257.5012 -3242.2942 -3227.5908 -3212.9883 -3198.285 -3183.9844 -3169.6838 -3155.484 -3141.3848 -3127.588 -3113.6902 -3099.893 -3086.3982 -1433.2764 1346.4661 3299.8992 3299.8992 3299.8992 3299.8992 3299.8992 3299.8992 3299.8992 3299.8992 3299.8992 3299.8992 3299.8992 3299.8992 3299.8992 3299.8992 3296.3745 3281.5703 3266.565 3251.7607 1862.8967 3248.0347 3264.047 3279.657 3295.0652 -3289.627 -3274.3193 -3259.5154 -3244.4092 -3229.7058 -3215.103 -3200.299 -3186.099 -3171.698 -3157.498 -3143.399 -3129.5012 -3115.7043 -3101.9072 -3088.3118 -1537.0056 942.3248 3299.8992 3299.8992 3299.8992 3299.8992 3299.8992 3299.8992 3299.8992 3299.8992 3299.8992 3299.8992 3299.8992 3299.8992 3299.8992 3299.8992 3297.1802 3282.1746 3267.3706 3252.2644 825.2014 3252.063 3267.9749 3283.5845 3298.993 -3285.6995 -3270.5933 -3255.3862 -3240.6829 -3225.879 -3211.2761 -3196.5728 -3182.373 -3168.0725 -3153.9734 -3139.8743 -3125.9766 -3112.1794 -3098.3826 -3084.7869 -1094.8975 1571.5485 3299.8992 3299.8992 3299.8992 3299.8992 
3176.3306 3191.6382 3207.1472 3222.2534 3237.9639 3252.9692 3267.4712 3282.7788 3297.583 -3287.5122 -3272.9094 -3258.4075 -3243.9055 -3229.7058 -2642.981 3299.8992 3299.8992 3299.8992 3299.8992 3299.8992 3299.8992 3290.332 3275.2258 3260.5225 3245.3154 3230.5115 3215.9087 3200.5005 3185.797 3171.2952 3157.0952 3142.694 3128.1921 2746.5088 964.682 -835.77576 -2198.053 3271.701 3145.514 3161.2244 3176.9348 3192.343 3207.953 3223.2605 3238.1653 3253.2715 3268.6797 3283.484 3297.885 -3287.3108 -3272.708 -3258.206 -3243.704 -3229.4036 -2431.897 3299.8992 3299.8992 3299.8992 3299.8992 3299.8992 3299.8992 3289.224 3274.6216 3259.9182 3244.7112 3229.8064 3215.4053 3199.8962 3185.1929 3170.8923 3156.3904 3142.0898 3127.2856 2644.1895 743.4265 -1020.2728 -2426.5593 3133.1267 3149.0386 3164.6484 3180.258 3195.767 3211.377 3226.4832 3241.7908 3256.897 3271.6003 3286.7065 3299.8992 -3283.6853 -3269.0825 -3254.48 -3240.0786 -3225.879 -1948.2971 3299.8992 3299.8992 3299.8992 3299.8992 3299.8992 3299.8992 3290.2312 3275.0244 3260.1196 3245.5168 3230.612 3215.4053 3200.1982 3186.099 3171.5972 3157.196 3142.8955 3128.4941 2716.6992 878.27454 -888.1439 -2370.0623 3132.5225 3148.3337 3164.0442 3179.6538 3195.0623 3210.269 3225.6775 3240.3809 3255.487 3270.8953 3285.8 3299.8992 -3284.9944 -3270.4924 -3255.89 -3241.4885 -3227.2888 -1779.8126 3299.8992 3299.8992 3299.8992 3299.8992 3299.8992 3299.8992 3287.915 3273.2117 3258.307 3243.704 3228.6987 3213.5925 3198.3855 3184.1858 3169.7844 3155.3833 3141.0828 3125.6743 2488.7969 655.307 -1039.508 -2400.476 3133.0261 3148.938 3164.6484 3180.258 3195.5657 3210.8733 3226.0803 3241.0857 3256.0913 3271.399 3286.4043 3299.8992 -3284.5916 -3269.8882 -3255.3862 -3240.985 -3226.6846 -921.37756 3299.8992 3299.8992 3299.8992 3299.8992 3299.8992 3299.4963 3284.6924 3269.8882 3255.0842 3240.3809 3225.5767 3210.3699 3195.1628 3181.0637 3166.6626 3152.2612 3138.0615 3121.344 2387.384 398.19946 -1348.7823 -2636.1328 3134.5366 3150.4485 3166.0583 
3299.8992 3299.8992 3299.8992 3299.8992 3299.8992 3299.8992 3299.8992 3299.8992 3299.8992 3299.8992 3299.8992 3299.8992 3299.8992 3299.8992 3299.8992 -1417.7673 -3200.8025 -3185.092 -3169.6838 -3154.3762 -3139.27 -3124.3652 -3109.3596 -3094.757 -3080.2551 -3065.8538 -3051.5532 -3037.3535 -3023.2544 -3009.1553 -2995.2576 -2981.4604 -2967.7642 -2954.1687 -2756.2773 -1333.5754 181.27441 1561.0748 2750.2349 3299.8992 3299.8992 3299.8992 3299.8992 3299.8992 3299.8992 3299.8992 3299.8992 3299.8992 3299.8992 3299.8992 3299.8992 3299.8992 3299.8992 3299.8992 3299.8992 -2258.1755 -3196.9756 -3181.2651 -3165.9575 -3150.7507 -3135.745 -3120.7397 -3106.3384 -3091.333 -3076.7302 -3062.2283 -3047.9277 -3033.728 -3019.8303 -3005.8318 -2991.8335 -2978.1372 -2964.34 -2950.8452 -2614.7827 -1010.202 505.85632 1994.7235 3299.8992 3299.8992 3299.8992 3299.8992 3299.8992 3299.8992 3299.8992 3299.8992 3299.8992 3299.8992 3299.8992 3299.8992 3299.8992 3299.8992 3299.8992 3299.8992 3299.8992 -2560.7024 -3200.1982 -3184.5886 -3169.1802 -3153.9734 -3138.8672 -3123.9624 -3109.4604 -3094.6562 -3079.953 -3065.5518 -3051.2512 -3036.8499 -3022.8516 -3008.7524 -2994.9553 -2981.1584 -2967.4622 -2953.8665 -2510.6506 -1001.4404 418.54248 1909.3231 3080.5571 3299.8992 3299.8992 3299.8992 3299.8992 3299.8992 3299.8992 3299.8992 3299.8992 3299.8992 3299.8992 3299.8992 3299.8992 3299.8992 3299.8992 3299.8992 3183.8835 -3208.255 -3198.8892 -3183.1787 -3167.871 -3152.5635 -3137.5579 -3122.653 -3107.7483 -3093.1458 -3078.6438 -3064.2424 -3049.8413 -3035.6414 -3021.643 -3007.443 -2993.6462 -2979.95 -2966.3542 -2952.7588 -2382.6506 -772.5311 650.473 2082.4402 3299.8992 3299.8992 3299.8992 3299.8992 3299.8992 3299.8992 3299.8992 3299.8992 3299.8992 3299.8992 3299.8992 3299.8992 3299.8992 3299.8992 3299.8992 3299.8992 2832.8154 -3215.5059 -3199.594 -3183.9844 -3168.576 -3153.3691 -3138.3635 -3123.3582 -3108.3525 -3093.9514 -3079.3486 -3064.9475 -3050.647 -3036.447 -3022.348 -3008.3496 -2994.452 -2980.7556 -2967.16 -2953.4636 -2442.9749 -859.44214 508.37402 1808.5144 3038.9648 3299.8992 
3103.6194 3120.236 3137.155 3153.2683 3169.583 3185.797 3201.8096 3217.8223 3233.6333 3249.5452 3265.155 3280.966 3296.475 -3288.0156 -2656.375 2623.4436 3299.8992 3293.051 3277.8442 3262.5366 3247.229 3232.1228 3217.0166 3201.5076 3186.3005 3170.7915 3155.3833 3140.1763 3124.9695 3109.3596 3094.8577 3080.1543 3061.4226 2423.941 985.9314 -310.38208 -1400.1434 -2284.9639 -2999.3865 3088.5132 3105.3313 3121.9482 3138.263 3154.8796 3171.3958 3187.3076 3203.6223 3219.5342 3235.3455 3251.1565 3266.9678 3282.5774 3298.0864 -3286.4043 -2349.7192 3087.1033 3299.8992 3292.2454 3277.0386 3261.6301 3246.4233 3231.3171 3216.11 3200.702 3185.2935 3169.7844 3154.3762 3139.0686 3123.9624 3108.4534 3093.8506 3079.248 3053.6682 2105.5022 576.65405 -657.11975 -1663.5956 -2417.4956 -3034.2314 3094.9585 3111.8774 3128.4941 3144.6074 3161.325 3177.6396 3193.6523 3209.8662 3225.778 3241.69 3257.2998 3273.1108 3288.7207 3299.8992 -3280.2612 -1917.4805 3299.8992 3299.8992 3295.3674 3280.2612 3264.9536 3249.646 3234.439 3218.8293 3203.6223 3188.4155 3172.9065 3157.6995 3142.2913 3127.0842 3111.4746 3096.9727 3082.1685 3056.9915 2226.4526 812.7136 -427.80762 -1377.9877 -2179.6233 -2804.5166 3091.5344 3108.252 3124.9695 3141.0828 3157.6995 3174.115 3190.2283 3206.2407 3222.2534 3238.2659 3253.9763 3269.6868 3285.498 3299.8992 -3283.5845 -1712.3383 3299.8992 3299.8992 3290.7349 3275.5278 3260.1196 3245.0134 3229.8064 3213.8945 3198.9897 3183.6821 3168.274 3152.8655 3137.7593 3122.653 3107.0435 3092.4407 3077.8381 3054.1716 2116.983 585.61707 -699.81995 -1596.8262 -2380.6365 -3073.709 3093.6492 3110.266 3126.9836 3143.097 3159.7136 3176.1292 3192.1416 3208.3557 3224.1667 3240.1794 3255.9905 3271.4995 3287.3108 3299.8992 -3281.8726 -1119.5709 3299.8992 3299.8992 3289.224 3274.118 3258.8103 3243.6035 3228.3965 3213.1897 3197.7812 3182.2722 3166.864 3151.4556 3136.3494 3121.0417 3105.5327 3091.0308 3075.9246 2950.241 1802.9755 345.62988 -819.25964 -1716.9708 -2547.2075 -3217.1172 3097.9797 
1177.3773 2795.6543 3299.8992 3299.8992 3299.8992 3299.8992 3299.8992 3299.8992 3299.8992 3299.8992 3299.8992 3299.8992 3299.8992 3299.8992 2513.6719 -295.88013 -2206.4116 -3136.4502 -3121.4446 -3106.6406 -3092.0378 -3077.536 -3063.2354 -3049.0356 -3034.8357 -3020.938 -3007.0403 -2993.1426 -2979.547 -2779.7424 -2080.1238 -1638.7207 -1424.5148 -1156.1279 -804.35486 -403.33557 -90.03296 263.15002 582.3944 846.7529 1622.7081 3174.8198 3299.8992 3299.8992 3299.8992 3299.8992 3299.8992 3299.8992 3299.8992 3299.8992 3299.8992 3299.8992 3299.8992 3299.8992 2116.8823 -560.7422 -2317.1904 -3143.4998 -3128.4941 -3113.6902 -3098.9868 -3084.5854 -3070.1843 -3055.8838 -3041.7847 -3027.7861 -3013.8884 -2999.9907 -2986.2944 -2585.678 -1990.4938 -1659.4666 -1540.9332 -1347.0703 -899.62463 -488.33313 -177.74963 53.475952 209.37195 440.094 1374.5636 2939.9688 3299.8992 3299.8992 3299.8992 3299.8992 3299.8992 3299.8992 3299.8992 3299.8992 3299.8992 3299.8992 3299.8992 3299.8992 2144.9797 -439.48975 -2229.373 -3143.1975 -3128.1921 -3113.388 -3098.7854 -3084.2834 -3069.983 -3055.783 -3041.6838 -3027.5847 -3013.687 -2999.7893 -2985.9924 -2775.714 -2311.9536 -2127.8594 -1852.3224 -1414.7461 -951.18713 -533.65173 -123.36731 275.93994 523.78235 842.5232 1860.9833 3299.8992 3299.8992 3299.8992 3299.8992 3299.8992 3299.8992 3299.8992 3299.8992 3299.8992 3299.8992 3299.8992 3299.8992 3299.8992 1875.6866 -663.26294 -2310.9465 -3142.5933 -3127.6885 -3112.985 -3098.3826 -3083.7798 -3069.4792 -3055.2795 -3041.1804 -3026.9805 -3013.0828 -2999.286 -2985.2874 -2702.2979 -2033.5968 -1880.8228 -1644.8639 -1402.1576 -815.63416 -322.0642 121.75598 466.07666 619.6564 855.61523 1817.3767 3299.8992 3299.8992 3299.8992 3299.8992 3299.8992 3299.8992 3299.8992 3299.8992 3299.8992 3299.8992 3299.8992 3299.8992 3299.8992 1621.8018 -928.62854 -2553.0486 -3145.111 -3130.2063 -3115.3015 -3100.6987 -3086.2976 -3071.997 -3057.6965 -3043.5974 -3029.4983 -3015.6006 -3001.8035 -2988.1072 -2963.6353 -2507.0251 -2284.6619 -1760.6781 -1164.1846 -750.07324 -391.0492 -121.9574 133.53882 310.38208 739.5996 

-5.3375244 -44.110107 -30.81665 -20.141602 -13.192749 -14.401245 0.80566406 9.265137 20.443726 28.701782 55.288696 81.47278 93.15491 91.04004 44.41223 28.399658 59.71985 105.441284 116.21704 131.32324 127.39563 129.40979 107.55615 83.99048 49.346924 0.80566406 -23.062134 -29.708862 -48.94409 -85.09827 -121.15173 -133.63953 -117.12341 -81.170654 -67.27295 -51.763916 -50.656128 -55.792236 -49.145508 -41.189575 -41.189575 -41.189575 -41.189575 -41.189575 -41.189575 -41.189575 -41.189575 -41.189575 -41.189575 -41.189575 -41.189575 -41.189575 -41.189575 -41.189575 -41.189575 -41.189575 -41.189575 -41.189575 -41.189575 -41.189575 -41.189575 -41.189575 -41.189575 -41.189575 -41.189575 -41.189575 -41.189575 -41.189575 -41.189575 -41.189575 -41.189575 -41.189575 -41.189575 -41.189575 -41.189575 -41.189575 -41.189575 -41.189575 -41.189575 -41.189575 16.918945 9.063721 -10.775757 -47.634888 -59.014893 -47.634888 -21.652222 -13.293457 -14.501953 -18.73169 1.4099121 30.413818 36.85913 38.974 52.06604 68.68286 81.47278 64.35242 16.516113 -51.260376 -72.006226 -46.42639 -37.765503 -18.127441 8.358765 23.867798 43.103027 65.76233 77.948 91.8457 87.11243 59.61914 1.3092041 -50.05188 -89.42871 -112.59155 -123.568726 -124.575806 -100.50659 -55.18799 -55.18799 -55.18799 -55.18799 -55.18799 -55.18799 -55.18799 -55.18799 -55.18799 -55.18799 -55.18799 -55.18799 -55.18799 -55.18799 -55.18799 -55.18799 -55.18799 -55.18799 -55.18799 -55.18799 -55.18799 -55.18799 -55.18799 -55.18799 -55.18799 -55.18799 -55.18799 -55.18799 -55.18799 -55.18799 -55.18799 -55.18799 -55.18799 -55.18799 -55.18799 -55.18799 -55.18799 -55.18799 -55.18799 -55.18799 -55.18799 -55.18799 -55.18799 -55.18799 -55.18799 -55.18799 -55.18799 -55.18799 -55.18799 -55.18799 -55.18799 -55.18799 -55.18799 -55.18799 -55.18799 -55.18799 -55.18799 -55.18799 -55.18799 -55.18799 -55.18799 -55.18799 -55.18799 -55.18799 -55.18799 -55.18799 -55.18799 -55.18799 -55.18799 -55.18799 -55.18799 -55.18799 -55.18799 -55.18799 -55.18799 -55.18799 -55.18799 -55.18799 -55.18799 -55.18799 -55.18799 -55.18799 -55.18799 -55.18799 -55.18799 -55.18799 -55.18799 -55.18799 -55.18799 -55.18799 -55.18799 -55.18799 -55.18799 -55.18799 -55.18799 -55.18799 -55.18799 -55.18799 -55.18799 -55.18799 -55.18799 
69.58923 33.132935 55.389404 32.730103 9.869385 -10.574341 -28.399658 -48.843384 -62.942505 -72.81189 -57.10144 -32.025146 -15.106201 -20.141602 -34.44214 -31.118774 -25.881958 -16.21399 -22.659302 -21.148682 -16.012573 0.80566406 14.300537 21.551514 20.343018 8.761597 -0.40283203 -5.1361084 -6.5460205 -21.148682 -42.196655 -39.074707 -29.507446 -14.904785 5.7403564 8.963013 -6.7474365 -17.22107 -32.32727 -32.629395 -23.162842 3.1219482 41.4917 59.518433 34.84497 -12.789917 -33.233643 -33.233643 -53.274536 -69.992065 -74.92676 -71.09985 -60.827637 -39.88037 -23.364258 -19.436646 -5.4382324 -1.6113281 5.2368164 17.523193 13.494873 24.975586 12.387085 30.010986 9.567261 -14.300537 -40.686035 -43.807983 -33.032227 -18.328857 -12.991333 -3.5247803 0 14.904785 29.205322 40.786743 37.261963 31.118774 25.27771 22.76001 24.169922 17.825317 32.93152 54.0802 65.56091 71.09985 71.90552 72.10693 53.778076 31.420898 13.897705 -18.22815 -18.22815 -46.829224 -48.641968 -30.81665 -10.272217 12.689209 27.996826 30.111694 33.43506 31.420898 25.177002 36.85913 53.67737 76.94092 127.29492 139.88342 142.40112 131.62537 127.597046 110.77881 72.81189 44.110107 3.1219482 -23.968506 -38.067627 -36.657715 -42.700195 -26.586914 -29.205322 -61.73401 -58.10852 -56.396484 -41.189575 -54.483032 -75.128174 -80.163574 -79.35791 -79.156494 -122.36023 -116.72058 -112.39014 -95.47119 -56.900024 -35.247803 -8.862305 4.1290283 -0.30212402 -28.903198 -47.232056 -45.41931 -44.210815 -30.010986 -37.060547 -24.874878 -16.918945 -15.811157 -3.6254883 27.593994 41.693115 23.062134 -0.70495605 -8.157349 -10.171509 -2.1148682 4.2297363 -1.2084961 -8.056641 3.9276123 33.737183 64.956665 91.34216 103.02429 111.18164 106.64978 91.94641 71.60339 63.043213 37.060547 11.380005 -40.98816 -75.73242 -69.68994 -48.339844 -36.85913 -41.39099 -15.106201 12.185669 15.911865 12.789917 25.680542 -1.5106201 10.473633 5.0354004 21.350098 31.219482 37.96692 27.392578 -6.0424805 -43.203735 -73.71826 -82.58057 -62.23755 -40.283203 -7.2509766 7.0495605 7.7545166 7.8552246 6.8481445 -14.199829 -65.05737 -57.907104 -3.7261963 17.422485 10.473633 31.924438 42.700195 35.85205 33.737183 36.254883 32.025146 29.104614 -6.0424805 -10.675049 -15.408325 -24.069214 -24.975586 -16.616821 -10.977173 
3299.8992 3299.8992 3299.8992 3299.8992 3299.8992 3299.8992 3299.8992 3299.8992 3299.8992 3299.8992 3299.8992 3299.8992 3293.3533 3277.24 355.09644 3278.4485 3295.3674 -3287.915 -3271.6003 -3255.2856 -3239.1724 -3222.8577 -3207.55 -3191.4368 -3175.9277 -3160.62 -3145.6145 -3130.6091 -3115.6035 -3100.9001 -3086.0962 -3071.4934 -3057.1929 -3042.8923 -2107.2144 868.9087 3299.8992 3299.8992 3299.8992 3299.8992 3299.8992 3299.8992 3299.8992 3299.8992 3299.8992 3299.8992 3299.8992 3299.8992 3299.8992 3299.8992 3299.8992 3299.8992 3294.8638 3278.65 -894.4885 3282.9802 3299.7986 -3283.5845 -3267.1692 -3250.955 -3234.8418 -3219.2322 -3203.119 -3187.8113 -3172.4028 -3156.8938 -3141.5862 -3126.48 -3111.5752 -3096.6704 -3082.1685 -3067.6665 -3053.2654 -3038.9648 -1512.6343 1457.6477 3299.8992 3299.8992 3299.8992 3299.8992 3299.8992 3299.8992 3299.8992 3299.8992 3299.8992 3299.8992 3299.8992 3299.8992 3299.8992 3299.8992 3299.8992 3299.8992 3292.044 3275.9307 -1824.0234 3282.376 3299.0935 -3284.2896 -3267.874 -3251.7607 -3235.5469 -3219.2322 -3204.0251 -3187.9119 -3172.4028 -3157.196 -3142.1904 -3127.185 -3112.3809 -3097.577 -3082.974 -3068.2708 -3053.8696 -3039.6697 -1524.9207 1450.3967 3299.8992 3299.8992 3299.8992 3299.8992 3299.8992 3299.8992 3299.8992 3299.8992 3299.8992 3299.8992 3299.8992 3299.8992 3299.8992 3299.8992 3299.8992 3299.8992 3292.1448 3275.83 -2958.8013 3284.793 3299.8992 -3281.7717 -3265.3564 -3249.2432 -3233.13 -3217.52 -3201.5076 -3186.2 -3170.691 -3155.2825 -3139.9749 -3124.8687 -3110.0647 -3095.2605 -3080.658 -3066.0552 -3051.5532 -3037.3535 -1224.3073 1946.9879 3299.8992 3299.8992 3299.8992 3299.8992 3299.8992 3299.8992 3299.8992 3299.8992 3299.8992 3299.8992 3299.8992 3299.8992 3299.8992 3299.8992 3299.8992 3299.8992 3289.9292 3273.5137 3268.3777 3285.5986 3299.8992 -3281.067 -3264.6514 -3248.538 -3232.4248 -3216.8152 -3201.2053 -3185.2935 -3169.7844 -3154.6782 -3139.572 -3124.5667 -3109.6619 -3094.8577 -3080.2551 -3065.7532 -3051.4526 -3037.0513 -1034.372 2018.1885 3299.8992 3299.8992 3299.8992 3299.8992 3299.8992 3299.8992 3299.8992 3299.8992 3299.8992 3299.8992 3299.8992 3299.8992 3299.8992 3299.8992 3299.8992 3299.8992 3289.0227 3272.5066 3269.4854 3286.5051 3299.8992 -3280.1604 -3263.8457 -3247.6318 
3299.8992 3299.8992 3299.8992 3299.8992 3299.8992 3299.8992 3299.8992 3299.8992 3299.8992 3299.8992 3294.8638 3280.0598 3265.0542 3250.0488 -172.2107 3252.6672 3268.4783 3284.1887 3299.6978 -3285.0952 -3269.989 -3254.782 -3239.978 -3225.3752 -3210.7727 -3196.5728 -3181.8694 -3167.5688 -3153.3691 -3139.3706 -3125.473 -3111.676 -3097.9797 -3084.2834 -1322.1954 1140.1154 3221.1455 3299.8992 3299.8992 3299.8992 3299.8992 3299.8992 3299.8992 3299.8992 3299.8992 3299.8992 3299.8992 3299.8992 3299.8992 3299.8992 3299.1943 3284.1887 3269.3848 3254.1777 -695.0867 3258.206 3274.0173 3289.627 3299.8992 -3279.8584 -3264.5508 -3249.4446 -3234.7412 -3220.1384 -3205.536 -3191.336 -3176.6326 -3162.5334 -3148.3337 -3134.3352 -3120.4375 -3106.5398 -3092.9443 -3031.9153 -765.8844 1779.8126 3299.8992 3299.8992 3299.8992 3299.8992 3299.8992 3299.8992 3299.8992 3299.8992 3299.8992 3299.8992 3299.8992 3299.8992 3299.8992 3299.8992 3296.9788 3282.074 3267.2698 3251.8616 -1693.103 3258.609 3274.4202 3290.0298 3299.8992 -3279.3547 -3264.148 -3249.0417 -3234.439 -3219.7356 -3205.2336 -3190.8325 -3176.2297 -3162.03 -3148.0315 -3133.9324 -3120.0347 -3106.2378 -3092.642 -2905.1238 -661.3495 1827.951 3299.8992 3299.8992 3299.8992 3299.8992 3299.8992 3299.8992 3299.8992 3299.8992 3299.8992 3299.8992 3299.8992 3299.8992 3299.8992 3299.8992 3296.173 3281.369 3266.464 3251.056 -2658.5906 3260.2202 3275.83 3291.4397 3299.8992 -3277.9448 -3262.8386 -3247.7324 -3233.029 -3218.225 -3203.8237 -3189.0198 -3174.9207 -3160.7207 -3146.6216 -3132.6233 -3118.7256 -3104.9285 -3091.333 -2749.9329 -87.11243 2528.4758 3299.8992 3299.8992 3299.8992 3299.8992 3299.8992 3299.8992 3299.8992 3299.8992 3299.8992 3299.8992 3299.8992 3299.8992 3299.8992 3299.8992 3291.339 3276.4343 3261.5295 3246.121 3242.395 3258.4075 3274.2188 3289.7278 3299.8992 -3279.657 -3264.5508 -3249.4446 -3234.7412 -3220.0378 -3205.435 -3190.8325 -3176.6326 -3162.4329 -3148.1323 -3134.2346 -3120.4375 -3106.6406 -3092.9443 -2633.7158 -50.656128 2534.2163 3299.8992 3299.8992 3299.8992 3299.8992 3299.8992 3299.8992 3299.8992 3299.8992 3299.8992 3299.8992 3299.8992 3299.8992 3299.8992 3299.8992 3289.0227 3274.2188 3259.4146 3243.9055 3241.5894 3257.7026 3273.5137 3289.0227 3299.8992 -3280.3618 
3181.668 3197.177 3212.2832 3227.5908 3242.395 3257.4004 3272.8088 3287.7136 3299.8992 -3283.1816 -3268.579 -3254.0771 -3239.7766 -3225.3752 -485.00977 3299.8992 3299.8992 3299.8992 3299.8992 3299.8992 3298.892 3284.0881 3269.3848 3254.6814 3239.5752 3224.6704 3210.269 3194.76 3180.0566 3165.6555 3151.2542 3137.155 3118.6248 2076.8005 204.03442 -1222.2931 -2410.3455 3134.2346 3150.0457 3165.756 3181.366 3196.6736 3212.2832 3227.5908 3242.4956 3257.6018 3272.8088 3287.7136 3299.8992 -3283.1816 -3268.579 -3254.0771 -3239.6758 -3225.3752 79.86145 3299.8992 3299.8992 3299.8992 3299.8992 3299.8992 3296.7773 3281.9731 3267.2698 3252.2644 3237.7625 3222.8577 3207.852 3192.6453 3178.4453 3164.1448 3149.6428 3135.5437 3117.4163 2201.9805 187.51831 -1454.1229 -2814.8894 3135.2417 3151.1536 3166.7632 3182.2722 3197.7812 3212.7869 3227.893 3243.3013 3258.4075 3273.1108 3288.217 3299.8992 -3282.2754 -3267.6726 -3253.2715 -3238.971 -3224.6704 678.8727 3299.8992 3299.8992 3299.8992 3299.8992 3299.8992 3295.468 3280.664 3265.5579 3250.7537 3235.5469 3220.7427 3206.4421 3190.933 3176.3306 3162.03 3147.7295 3133.429 3114.6973 2026.0437 163.5498 -1299.8383 -2470.6694 3131.4148 3147.2258 3162.9363 3178.5461 3193.9543 3209.4634 3224.8718 3239.5752 3254.6814 3270.0896 3284.8938 3299.295 -3285.901 -3271.298 -3256.7961 -3242.395 -3228.0945 1226.825 3299.8992 3299.8992 3299.8992 3299.8992 3299.8992 3289.8284 3274.9236 3260.321 3245.4163 3230.5115 3216.0095 3200.9033 3185.797 3171.698 3157.3975 3143.097 3128.6956 3107.4463 1801.5656 -75.22888 -1579.8065 -2887.7014 3133.0261 3148.8372 3164.447 3180.0566 3195.3643 3210.5713 3225.5767 3241.0857 3256.192 3270.6938 3285.901 3299.8992 -3284.491 -3269.8882 -3255.3862 -3240.985 -3226.7852 1844.6686 3299.8992 3299.8992 3299.8992 3299.8992 3299.8992 3288.8213 3274.0173 3258.9111 3244.3083 3229.1016 3214.2974 3199.8962 3184.5886 3169.9858 3155.5847 3141.2842 3126.9836 3083.7798 1639.325 -217.32788 -1733.5876 -2938.0554 3133.731 3149.5422 3165.2527 3180.7617 3196.17 3211.679 3226.9866 3241.7908 3256.9976 3272.2046 3287.1094 3299.8992 -3283.786 -3269.1833 -3254.782 -3240.28 -3226.0803 2437.9395 3299.8992 3299.8992 3299.8992 3299.8992 3299.8992 
3299.8992 3299.8992 3299.8992 3299.8992 3299.8992 3299.8992 3299.8992 3299.8992 3299.8992 3299.8992 3299.8992 3299.8992 3299.8992 3299.8992 2415.6829 -3209.262 -3193.35 -3177.841 -3162.5334 -3147.3267 -3132.2205 -3117.4163 -3103.0151 -3088.1104 -3073.407 -3059.1064 -3044.705 -3030.606 -3016.5068 -3002.5085 -2988.7114 -2975.0151 -2961.3188 -2947.824 -2463.5193 -963.4735 564.3677 1977.5024 3049.8413 3299.8992 3299.8992 3299.8992 3299.8992 3299.8992 3299.8992 3299.8992 3299.8992 3299.8992 3299.8992 3299.8992 3299.8992 3299.8992 3299.8992 3299.8992 2207.1167 -3203.7231 -3187.9119 -3172.3022 -3156.9946 -3141.989 -3126.8828 -3111.978 -3097.6775 -3082.7727 -3068.1702 -3053.7688 -3039.6697 -3025.47 -3011.3708 -2997.4731 -2983.676 -2969.8792 -2956.3843 -2942.688 -2374.594 -918.9606 577.96326 1975.589 3126.3794 3299.8992 3299.8992 3299.8992 3299.8992 3299.8992 3299.8992 3299.8992 3299.8992 3299.8992 3299.8992 3299.8992 3299.8992 3299.8992 3299.8992 3299.8992 1694.4122 -3197.177 -3181.5674 -3165.9575 -3150.7507 -3135.6445 -3120.5383 -3105.7341 -3090.8293 -3076.4282 -3062.1277 -3047.7263 -3033.4258 -3019.4275 -3005.3284 -2991.4307 -2977.7344 -2964.038 -2950.4424 -2937.0483 -1965.4175 -525.09155 1136.2885 2614.5813 3299.8992 3299.8992 3299.8992 3299.8992 3299.8992 3299.8992 3299.8992 3299.8992 3299.8992 3299.8992 3299.8992 3299.8992 3299.8992 3299.8992 3299.8992 3299.8992 952.69775 -3198.3855 -3182.4736 -3167.0654 -3151.7578 -3136.6516 -3121.646 -3106.842 -3091.9373 -3077.536 -3063.1348 -3048.8342 -3034.5337 -3020.5352 -3006.436 -2992.5383 -2978.842 -2965.1458 -2951.5503 -2937.9546 -1884.6497 -225.48523 1147.6685 2519.9158 3299.8992 3299.8992 3299.8992 3299.8992 3299.8992 3299.8992 3299.8992 3299.8992 3299.8992 3299.8992 3299.8992 3299.8992 3299.8992 3299.8992 3299.8992 3299.8992 389.74 -3198.0835 -3182.2722 -3166.7632 -3151.4556 -3136.4502 -3121.5454 -3106.5398 -3092.34 -3077.4353 -3062.9333 -3048.6328 -3034.4329 -3020.2332 -3006.3354 -2992.337 -2978.54 -2964.8438 -2951.3489 -2937.6526 -1747.2839 -330.32227 1273.1506 2752.249 3299.8992 3299.8992 3299.8992 3299.8992 3299.8992 3299.8992 3299.8992 3299.8992 3299.8992 3299.8992 3299.8992 3299.8992 3299.8992 3299.8992 3299.8992 3299.8992 332.23572 -3199.594 -3183.8835 -3168.274 -3153.067 -3137.9607 
3114.6973 3131.2134 3147.83 3164.1448 3180.258 3196.4722 3212.4846 3228.3965 3244.2078 3259.9182 3275.7292 3291.339 3299.8992 -3277.8442 -852.8961 3299.8992 3299.8992 3291.742 3276.4343 3261.2273 3245.9197 3230.5115 3215.4053 3200.1982 3184.6892 3169.1802 3153.772 3138.565 3123.3582 3107.849 3093.3472 3078.6438 3011.27 2018.0878 596.3928 -655.307 -1613.1409 -2459.6924 -3079.55 3095.462 3112.2803 3128.7964 3145.6145 3161.7278 3177.942 3194.0552 3210.1685 3226.0803 3241.8914 3257.7026 3273.413 3289.1235 3299.8992 -3279.959 -324.17908 3299.8992 3299.8992 3286.7065 3271.399 3256.0913 3240.8843 3225.6775 3210.5713 3195.0623 3179.6538 3164.1448 3148.938 3133.6304 3118.5242 3103.0151 3088.5132 3071.997 2847.2168 1597.934 160.62927 -963.5742 -1895.1233 -2690.918 3230.9143 3100.6987 3117.4163 3133.9324 3150.1465 3166.7632 3183.1787 3199.1912 3215.2039 3231.1157 3246.9268 3262.5366 3278.4485 3293.9575 -3290.634 -3275.125 164.95972 3299.8992 3299.8992 3288.8213 3273.6145 3258.307 3242.9993 3227.6917 3211.8804 3196.9756 3181.5674 3166.159 3150.9521 3135.5437 3120.5383 3104.9285 3090.4265 3075.119 2850.238 1615.9607 127.697754 -1026.0132 -1893.512 -2651.1382 -3205.3345 3102.1086 3118.7256 3135.443 3151.355 3168.0725 3184.2864 3200.3997 3216.3115 3232.4248 3248.236 3263.9465 3279.657 3295.2666 -3289.224 -3274.0173 501.7273 3299.8992 3299.8992 3288.217 3273.1108 3257.7026 3242.4956 3227.2888 3211.5784 3196.4722 3181.0637 3165.6555 3150.348 3135.1409 3119.934 3104.3242 3089.8223 3072.4 2762.0178 1469.0277 33.233643 -1047.6654 -1943.2617 -2768.6646 3185.8977 3104.828 3121.4446 3138.162 3154.1748 3170.7915 3187.0056 3203.2195 3219.0308 3235.0432 3251.056 3266.6655 3282.376 3297.9858 -3286.7065 -3271.298 1062.7716 3299.8992 3299.8992 3287.915 3272.6074 3257.4004 3242.1936 3226.886 3211.0747 3195.9685 3180.661 3165.2527 3150.0457 3134.738 3119.7327 3104.0222 3089.6208 3071.997 2668.46 1373.053 39.175415 -1025.9125 -1972.2656 -2697.1619 -3180.258 3104.0222 3120.7397 3137.3564 3153.3691 3170.0867 3186.3005 3202.3132 3218.4265 3234.3384 3250.1494 3265.7593 3281.4697 3297.2808 -3287.4114 -3217.1172 1564.801 3299.8992 3299.7986 3284.5916 3269.284 3253.9763 
1909.2224 3295.2666 3299.8992 3299.8992 3299.8992 3299.8992 3299.8992 3299.8992 3299.8992 3299.8992 3299.8992 3299.8992 3299.8992 3299.8992 1295.105 -1183.5205 -2809.1492 -3135.0403 -3120.1355 -3105.4321 -3090.9302 -3076.4282 -3062.1277 -3047.8271 -3033.728 -3019.931 -3006.0332 -2992.2363 -2978.54 -2895.2544 -2333.0017 -1922.113 -1498.3337 -986.3342 -493.26782 -89.83154 -9.970093 167.276 444.52515 934.0668 2173.5808 3299.8992 3299.8992 3299.8992 3299.8992 3299.8992 3299.8992 3299.8992 3299.8992 3299.8992 3299.8992 3299.8992 3299.8992 3299.8992 942.52625 -1500.7507 -3058.905 -3132.9253 -3117.92 -3103.2166 -3088.5132 -3074.3132 -3059.912 -3045.7122 -3031.613 -3017.7153 -3003.8176 -2990.2222 -2976.425 -2652.0447 -2085.7634 -1919.5953 -1699.2462 -1278.7903 -990.56396 -688.0371 -221.85974 205.94788 382.99255 929.7363 2253.9458 3299.8992 3299.8992 3299.8992 3299.8992 3299.8992 3299.8992 3299.8992 3299.8992 3299.8992 3299.8992 3299.8992 3299.8992 3299.8992 1188.6566 -1129.9438 -2767.3552 -3129.4006 -3114.4958 -3099.7925 -3085.1897 -3070.8892 -3056.5886 -3042.389 -3028.4912 -3014.392 -3000.595 -2986.798 -2973.001 -2681.4514 -2234.207 -1784.9487 -1409.61 -833.25806 -223.8739 147.33582 520.8618 805.2612 937.2894 1370.3339 2622.0337 3299.8992 3299.8992 3299.8992 3299.8992 3299.8992 3299.8992 3299.8992 3299.8992 3299.8992 3299.8992 3299.8992 3299.8992 3085.9954 466.6809 -1665.9119 -3124.1638 -3139.8743 -3125.07 -3110.266 -3095.6633 -3081.1614 -3067.0623 -3052.7617 -3038.7634 -3024.765 -3010.8672 -2996.9695 -2983.374 -2689.81 -2192.3125 -2165.4236 -1771.4539 -1325.6195 -796.3989 -333.1421 62.13684 428.51257 695.3888 1248.3765 2690.8171 3299.8992 3299.8992 3299.8992 3299.8992 3299.8992 3299.8992 3299.8992 3299.8992 3299.8992 3299.8992 3299.8992 3299.8992 3299.8992 1022.287 -1162.3718 -2868.869 -3141.687 -3126.6814 -3111.8774 -3097.2747 -3082.8735 -3068.573 -3054.373 -3040.274 -3026.3762 -3012.378 -2998.4802 -2984.784 -2759.0972 -2295.9412 -2054.6448 -1650 -1207.2876 -658.6304 -187.21619 18.73169 186.1084 414.81628 1122.1893 2625.1555 3299.8992 3299.8992 3299.8992 3299.8992 3299.8992 3299.8992 3299.8992 3299.8992 3299.8992 3299.8992 3299.8992 3299.8992 2878.7383 178.95813 -1868.0328 -3146.7224 -3131.6162 -3116.812 -3102.1086 

-55.18799 -55.18799 -55.18799 -55.18799 -55.18799 -55.18799 -55.18799 -55.18799 -55.18799 -55.18799 -55.18799 -55.18799 -55.18799 -55.18799 -55.18799 -55.18799 -55.18799 -55.18799 -55.18799 -55.18799 -55.18799 -55.18799 -55.18799 -55.18799 -55.18799 -55.18799 -55.18799 -55.18799 -55.18799 -55.18799 -55.18799 -55.18799 -55.18799 -55.18799 -55.18799 -55.18799 -55.18799 -55.18799 -55.18799 -55.18799 -55.18799 -55.18799 -55.18799 -55.18799 -55.18799 -55.18799 -55.18799 -55.18799 -55.18799 -55.18799 -55.18799 -55.18799 -55.18799 -55.18799 -55.18799 -55.18799 -55.18799 -55.18799 -55.18799 -55.18799 -55.18799 -55.18799 -55.18799 -55.18799 -55.18799 -55.18799 -55.18799 -55.18799 -55.18799 -55.18799 -55.18799 -55.18799 -55.18799 -55.18799 -55.18799 -55.18799 -55.18799 -55.18799 -55.18799 -55.18799 -55.18799 -55.18799 -55.18799 -55.18799 -55.18799 -55.18799 -55.18799 -55.18799 -55.18799 -55.18799 -55.18799 -55.18799 -55.18799 -55.18799 -55.18799 -55.18799 -55.18799 -55.18799 -55.18799 -55.18799 -55.18799 -55.18799 -55.18799 -55.18799 -55.18799 -55.18799 -55.18799 -55.18799 -55.18799 -55.18799 -55.18799 -55.18799 -55.18799 -55.18799 -55.18799 -55.18799 -55.18799 -55.18799 -55.18799 -55.18799 -55.18799 -55.18799 -55.18799 -55.18799 -55.18799 -55.18799 -55.18799 -55.18799 -55.18799 -55.18799 -55.18799 -55.18799 -55.18799 -55.18799 -55.18799 -55.18799 -55.18799 -55.18799 -55.18799 -55.18799 -23.26355 -30.917358 -58.61206 -67.474365 -12.487793 20.040894 -15.005493 -23.565674 -3.0212402 42.599487 81.37207 90.03296 80.163574 47.232056 14.703369 -15.106201 -36.35559 -32.32727 -15.911865 -38.168335 -38.168335 -38.168335 -38.168335 -38.168335 -38.168335 -38.168335 -38.168335 -38.168335 -38.168335 -38.168335 -38.168335 -38.168335 -38.168335 -38.168335 -38.168335 -38.168335 -38.168335 -38.168335 -38.168335 -38.168335 -38.168335 -38.168335 -38.168335 -38.168335 -38.168335 -38.168335 -38.168335 -38.168335 -38.168335 -38.168335 -38.168335 -38.168335 -38.168335 -38.168335 -38.168335 -38.168335 -38.168335 -38.168335 -38.168335 -38.168335 
-0.9063721 20.343018 22.457886 16.113281 5.2368164 4.4311523 14.300537 10.171509 -20.947266 -46.728516 -62.13684 -56.900024 -33.132935 7.0495605 27.191162 15.710449 10.171509 3.8269043 12.487793 36.557007 29.104614 22.860718 23.666382 31.723022 -0.40283203 3.2226562 5.9417725 -4.0283203 -23.162842 -55.18799 -85.198975 -98.59314 -84.695435 -75.531006 -57.504272 -33.33435 -10.473633 1.5106201 1.4099121 -9.567261 -17.72461 -4.6325684 1.5106201 -0.70495605 -7.2509766 -0.40283203 9.365845 4.3304443 -13.897705 -37.161255 -33.636475 -17.321777 -10.171509 9.869385 23.968506 54.785156 57.10144 53.778076 53.475952 54.885864 29.104614 11.380005 5.7403564 0.70495605 7.9559326 23.76709 34.240723 20.443726 -10.977173 -40.98816 -24.874878 -3.0212402 21.350098 37.161255 50.05188 16.012573 -10.171509 -20.846558 -5.5389404 -15.206909 -0.40283203 26.989746 49.749756 48.03772 49.850464 52.972412 65.25879 62.13684 58.813477 59.014893 58.511353 62.338257 68.17932 66.26587 51.05896 38.168335 9.869385 10.171509 17.72461 -5.9417725 -26.78833 -45.822144 -67.17224 -59.921265 -43.606567 -45.52002 -54.58374 -81.97632 -101.21155 -106.75049 -104.434204 -91.64429 -74.62463 -84.191895 -72.006226 -46.42639 -34.44214 -23.867798 -20.544434 0.20141602 33.535767 51.864624 48.339844 37.46338 26.687622 11.380005 -10.171509 -17.72461 -26.687622 -25.177002 3.3233643 34.84497 75.83313 124.37439 147.83936 144.31458 145.52307 137.76855 144.91882 176.33972 189.9353 175.23193 135.8551 63.848877 4.4311523 -39.88037 -89.52942 -123.77014 -119.4397 -91.8457 -82.27844 -101.815796 -105.441284 -106.34766 -82.681274 -68.38074 -67.977905 -57.60498 -48.54126 -44.91577 -47.93701 -46.92993 -32.629395 -30.514526 -20.846558 0.40283203 -14.703369 -32.83081 -32.226562 -38.47046 -36.4563 -22.155762 -0.40283203 18.328857 5.0354004 -15.811157 -18.026733 -31.723022 -37.96692 -53.57666 -58.309937 -47.332764 -13.897705 31.521606 64.25171 67.67578 60.12268 29.608154 24.77417 24.27063 27.090454 47.232056 76.33667 111.8866 150.9613 172.00928 175.33264 207.15637 228.10364 214.40735 
-3231.5186 -3215.3044 -3199.4934 -3184.2864 -3168.8782 -3153.3691 -3138.0615 -3123.056 -3108.252 -3093.4478 -3078.8452 -3064.3433 -3049.942 -3035.6414 -807.6782 2191.809 3299.8992 3299.8992 3299.8992 3299.8992 3299.8992 3299.8992 3299.8992 3299.8992 3299.8992 3299.8992 3299.8992 3299.8992 3299.8992 3299.8992 3299.8992 3299.8992 3288.4185 3271.6003 3271.6003 3288.6199 3299.8992 -3278.0457 -3261.731 -3245.5168 -3229.5044 -3213.8945 -3197.882 -3182.5745 -3167.2668 -3151.7578 -3136.4502 -3121.5454 -3106.6406 -3091.8364 -3077.234 -3062.732 -3048.3306 -3001.1992 -599.8169 2406.9214 3299.8992 3299.8992 3299.8992 3299.8992 3299.8992 3299.8992 3299.8992 3299.8992 3299.8992 3299.8992 3299.8992 3299.8992 3299.8992 3299.8992 3299.8992 3299.8992 3287.3108 3270.291 3273.413 3290.4326 -3292.8496 -3276.3335 -3260.0188 -3243.805 -3227.7922 -3211.679 -3196.3713 -3180.359 -3165.0513 -3149.8442 -3134.9395 -3119.934 -3105.0293 -3090.4265 -3075.7231 -3061.2212 -3046.9207 -2912.0728 -228.30505 2816.9036 3299.8992 3299.8992 3299.8992 3299.8992 3299.8992 3299.8992 3299.8992 3299.8992 3299.8992 3299.8992 3299.8992 3299.8992 3299.8992 3299.8992 3299.8992 3299.8992 3285.498 3260.4216 3274.3193 3291.2383 -3292.044 -3275.6287 -3259.2131 -3242.9993 -3226.9866 -3210.8733 -3195.0623 -3179.956 -3164.5476 -3149.1394 -3133.9324 -3118.927 -3104.1228 -3089.3188 -3074.716 -3060.315 -3045.9136 -2776.3184 -18.429565 3082.1685 3299.8992 3299.8992 3299.8992 3299.8992 3299.8992 3299.8992 3299.8992 3299.8992 3299.8992 3299.8992 3299.8992 3299.8992 3299.8992 3299.8992 3299.8992 3299.8992 3283.9873 3053.1646 3275.3264 3292.2454 -3291.0369 -3274.5208 -3258.206 -3242.0928 -3226.0803 -3210.5713 -3194.9614 -3179.1504 -3163.6414 -3148.6357 -3133.6304 -3118.6248 -3103.8208 -3089.0166 -3074.5146 -3060.0127 -3045.7122 -2621.8323 155.09033 3239.978 3299.8992 3299.8992 3299.8992 3299.8992 3299.8992 3299.8992 3299.8992 3299.8992 3299.8992 3299.8992 3299.8992 3299.8992 3299.8992 3299.8992 3299.8992 3298.6907 3282.5774 2638.2476 3276.3335 3293.3533 -3290.0298 -3273.5137 -3257.199 -3241.1865 
-3265.2556 -3250.5522 -3235.3455 -3220.642 -3206.1401 -3191.4368 -3177.2368 -3163.1377 -3148.938 -3134.9395 -3121.0417 -3107.2449 -3093.5486 -2620.6238 -67.07153 2430.3862 3299.8992 3299.8992 3299.8992 3299.8992 3299.8992 3299.8992 3299.8992 3299.8992 3299.8992 3299.8992 3299.8992 3299.8992 3299.8992 3299.8992 3288.922 3274.0173 3259.1125 3243.5027 3244.0063 3260.0188 3275.7292 3291.339 3299.8992 -3278.0457 -3262.9395 -3248.236 -3233.2305 -3218.628 -3204.0251 -3189.3218 -3175.122 -3160.922 -3146.823 -3132.9253 -3118.927 -3105.2307 -3091.5344 -2311.853 300.91553 2491.2139 3299.8992 3299.8992 3299.8992 3299.8992 3299.8992 3299.8992 3299.8992 3299.8992 3299.8992 3299.8992 3299.8992 3299.8992 3299.8992 3299.8992 3288.217 3273.3123 3258.4075 3239.273 3245.3154 3261.3281 3277.1392 3292.6482 3299.8992 -3276.8372 -3261.731 -3247.0276 -3231.9214 -3217.3186 -3202.716 -3188.0127 -3173.9136 -3159.7136 -3145.6145 -3131.7168 -3117.819 -3104.0222 -3090.4265 -2018.7927 645.84045 2983.2732 3299.8992 3299.8992 3299.8992 3299.8992 3299.8992 3299.8992 3299.8992 3299.8992 3299.8992 3299.8992 3299.8992 3299.8992 3299.8992 3299.6978 3284.793 3269.8882 3255.0842 3112.7837 3244.812 3260.8245 3276.535 3292.1448 3299.8992 -3277.4414 -3262.3352 -3247.531 -3232.2234 -3217.8223 -3203.2195 -3188.617 -3174.6184 -3160.3179 -3146.1182 -3132.2205 -3118.4233 -3104.5256 -3090.9302 -2166.934 339.88953 2691.5222 3299.8992 3299.8992 3299.8992 3299.8992 3299.8992 3299.8992 3299.8992 3299.8992 3299.8992 3299.8992 3299.8992 3299.8992 3299.8992 3299.8992 3287.21 3272.2046 3257.199 2765.8447 3249.5452 3265.3564 3281.067 3296.576 -3288.0156 -3272.9094 -3257.8032 -3243.2007 -3228.195 -3213.4917 -3198.8892 -3184.3872 -3170.288 -3156.189 -3141.989 -3128.0913 -3114.2944 -3100.3967 -3086.9019 -1855.2429 703.0426 2859.3018 3299.8992 3299.8992 3299.8992 3299.8992 3299.8992 3299.8992 3299.8992 3299.8992 3299.8992 3299.8992 3299.8992 3299.8992 3299.8992 3299.8992 3287.7136 3272.8088 3257.8032 2266.0308 3252.4658 3268.4783 3284.0881 3299.4963 -3285.1958 -3270.0896 
3287.3108 3272.5066 3257.7026 3242.8984 3228.0945 3213.4917 3198.4863 3183.2793 3169.0796 3154.8796 3140.68 3126.178 2961.5203 1245.8588 -678.26843 -2046.1853 -3205.0322 3139.6729 3155.484 3171.0938 3186.4014 3202.1118 3217.1172 3232.3242 3247.531 3262.6372 3277.1392 3292.3462 -3292.8496 -3278.247 -3263.6443 -3249.1423 -3234.8418 -3187.509 3095.2605 3299.8992 3299.8992 3299.8992 3299.8992 3299.8992 3290.332 3275.4272 3260.321 3245.6177 3230.31 3215.6067 3201.2053 3185.797 3171.1943 3156.8938 3142.5933 3128.1921 2932.6172 1261.1664 -558.2245 -1896.1304 -3084.1826 3140.0757 3155.8867 3171.4966 3187.0056 3202.3132 3217.8223 3233.13 3247.9338 3263.04 3278.3477 3293.051 -3292.5476 -3277.8442 -3263.3423 -3248.8403 -3234.439 -2956.2834 3299.8992 3299.8992 3299.8992 3299.8992 3299.8992 3299.8992 3287.8142 3272.9094 3258.206 3243.2007 3228.6987 3213.9954 3198.7883 3183.5815 3169.4824 3155.2825 3140.982 3126.48 2763.6292 1047.0612 -714.72473 -2072.3694 3275.2258 3142.4927 3158.2031 3173.8127 3189.3218 3204.7302 3219.7356 3234.8418 3250.3508 3265.2556 3279.7576 3294.8638 -3290.2312 -3275.5278 -3261.026 -3246.6248 -3232.2234 -2730.2947 3299.8992 3299.8992 3299.8992 3299.8992 3299.8992 3299.8992 3288.5193 3273.715 3258.5083 3243.6035 3228.598 3213.8945 3199.4934 3184.085 3169.4824 3155.182 3140.982 3126.6814 2846.7131 1024.5026 -757.72705 -2095.6328 -3283.081 3142.4927 3158.2031 3173.8127 3189.2212 3204.5288 3220.1384 3235.3455 3250.2502 3265.2556 3280.5632 3295.2666 -3290.2312 -3275.7292 -3261.026 -3246.6248 -3232.3242 -2374.3926 3299.8992 3299.8992 3299.8992 3299.8992 3299.8992 3299.8992 3286.1023 3271.298 3256.4941 3241.8914 3226.6846 3211.8804 3197.4792 3182.2722 3167.6697 3153.2683 3139.0686 3124.2644 2643.6858 797.5067 -898.0133 -2222.8271 3220.2393 3143.7012 3159.5122 3175.122 3190.631 3205.9387 3221.4478 3236.3525 3251.8616 3266.565 3281.369 3296.475 -3288.6199 -3274.118 -3259.5154 -3245.114 -3230.713 -1925.1343 3299.8992 3299.8992 3299.8992 3299.8992 3299.8992 3299.8992 
-3122.9553 -3108.1511 -3093.3472 -3078.8452 -3064.4438 -3050.1433 -3036.0442 -3021.945 -3007.846 -2993.8477 -2980.1514 -2966.3542 -2952.8594 -2939.264 -1739.4287 -305.24597 1132.663 2621.1272 3299.8992 3299.8992 3299.8992 3299.8992 3299.8992 3299.8992 3299.8992 3299.8992 3299.8992 3299.8992 3299.8992 3299.8992 3299.8992 3299.8992 3299.8992 3299.8992 -652.4872 -3195.6665 -3180.0566 -3164.5476 -3149.3408 -3134.2346 -3119.229 -3104.425 -3089.6208 -3075.119 -3060.8184 -3046.5178 -3032.318 -3018.3196 -3004.2205 -2990.3228 -2976.6265 -2963.031 -2949.4353 -2905.1238 -1525.1221 129.10767 1527.5391 2814.0837 3299.8992 3299.8992 3299.8992 3299.8992 3299.8992 3299.8992 3299.8992 3299.8992 3299.8992 3299.8992 3299.8992 3299.8992 3299.8992 3299.8992 3299.8992 3299.8992 -1178.6865 -3195.9685 -3180.258 -3164.8499 -3149.6428 -3134.5366 -3119.5312 -3104.727 -3090.326 -3075.5217 -3061.2212 -3046.82 -3032.5195 -3018.4204 -3004.5227 -2990.625 -2976.828 -2963.1316 -2949.6367 -2855.5754 -1515.8569 -74.42322 1526.3306 2832.614 3299.8992 3299.8992 3299.8992 3299.8992 3299.8992 3299.8992 3299.8992 3299.8992 3299.8992 3299.8992 3299.8992 3299.8992 3299.8992 3299.8992 3299.8992 3299.8992 -1838.6261 -3192.7458 -3177.1362 -3161.7278 -3146.521 -3131.4148 -3116.51 -3101.7058 -3087.506 -3072.702 -3058.0994 -3043.8994 -3029.5989 -3015.4998 -3001.703 -2987.8052 -2974.109 -2960.4126 -2946.9177 -2671.884 -1214.5386 357.51343 1768.5333 3158.908 3299.8992 3299.8992 3299.8992 3299.8992 3299.8992 3299.8992 3299.8992 3299.8992 3299.8992 3299.8992 3299.8992 3299.8992 3299.8992 3299.8992 3299.8992 3299.8992 -2364.0198 -3194.1558 -3178.4453 -3163.037 -3147.931 -3132.8247 -3117.92 -3103.0151 -3088.3118 -3073.9104 -3059.6099 -3045.3093 -3031.1096 -3017.111 -3003.1128 -2989.215 -2975.5188 -2961.8225 -2948.3276 -2320.0103 -744.93713 548.2544 1874.5789 3227.9937 3299.8992 3299.8992 3299.8992 3299.8992 3299.8992 3299.8992 3299.8992 3299.8992 3299.8992 3299.8992 3299.8992 3299.8992 3299.8992 3299.8992 3299.8992 3272.1038 -2943.695 -3197.5798 -3181.9702 -3166.6626 -3151.4556 -3136.3494 
3238.7695 3223.5625 3208.3557 3192.8467 3177.3376 3162.03 3146.6216 3131.4148 3116.3086 3100.7996 3086.2976 3067.6665 2580.542 1140.0146 -223.26965 -1249.4843 -2098.0498 -2855.2734 3136.4502 3107.0435 3123.6602 3140.0757 3156.7932 3173.007 3189.1204 3205.133 3221.1455 3237.0574 3252.7678 3268.6797 3284.2896 3299.7986 -3284.6924 -3062.329 1965.5182 3299.8992 3299.8992 3284.9944 3269.7876 3254.2786 3239.273 3223.764 3208.7585 3193.1487 3177.7405 3162.332 3146.9238 3131.7168 3116.6106 3101.1016 3086.5996 3068.573 2582.5562 1255.7281 -87.716675 -1156.2286 -2052.0264 -2855.9783 3091.8364 3105.7341 3122.2502 3138.7664 3155.484 3171.698 3187.8113 3203.8237 3219.937 3235.8489 3251.4587 3267.3706 3282.9802 3298.4893 -3286.0015 -2857.489 2302.487 3299.8992 3296.9788 3281.6711 3266.464 3251.1565 3236.0503 3220.5413 3205.435 3190.0269 3174.5178 3159.2102 3143.8018 3128.595 3113.5894 3098.1812 3083.6792 3065.6523 2520.0164 1100.235 -173.41919 -1224.1058 -2163.0066 -2893.2402 3088.211 3105.2307 3121.8474 3138.263 3154.8796 3171.1943 3187.207 3203.3203 3219.2322 3235.144 3250.955 3266.7664 3282.376 3297.885 -3286.4043 -2665.5396 2730.0933 3299.8992 3294.2595 3279.1533 3263.8457 3248.7395 3233.3313 3218.1243 3202.4138 3187.509 3172.1008 3156.5918 3141.3848 3126.178 3111.2732 3095.6633 3081.0608 3062.1277 2316.687 909.69543 -384.8053 -1319.1742 -2118.4937 -2858.2947 3089.0166 3105.9355 3122.4517 3139.0686 3155.081 3171.698 3187.9119 3203.9246 3219.937 3235.8489 3251.7607 3267.3706 3283.1816 3298.6907 -3285.901 -2256.3628 3170.59 3299.8992 3292.1448 3276.9377 3261.731 3246.4233 3231.3171 3216.0095 3200.1982 3185.1929 3169.7844 3154.3762 3139.27 3123.9624 3109.1582 3093.5486 3079.0466 3058.3008 2244.7815 825.50354 -403.8391 -1340.1215 -2189.0898 -2953.1616 3088.7146 3105.835 3122.351 3138.9678 3154.8796 3171.4966 3187.7104 3203.7231 3219.8364 3235.7483 3251.5593 3267.1692 3282.7788 3298.4893 -3286.1023 -1881.9305 3299.8992 3299.8992 3289.4255 3274.2188 3258.9111 3243.704 
-3087.6067 -3073.2056 -3058.905 -3044.705 -3030.7068 -3016.7083 -3002.9114 -2989.1143 -2900.6926 -2440.0542 -1893.4113 -1526.1292 -1127.124 -455.60303 -24.371338 251.06506 454.79736 681.4911 903.8544 1549.3927 2934.1277 3299.8992 3299.8992 3299.8992 3299.8992 3299.8992 3299.8992 3299.8992 3299.8992 3299.8992 3299.8992 3299.8992 3299.8992 2803.9124 137.96997 -1881.6284 -3162.1306 -3147.0244 -3132.1196 -3117.4163 -3102.713 -3088.4124 -3074.0112 -3059.8113 -3045.7122 -3031.7139 -3017.8162 -3004.019 -2990.2222 -2767.0532 -2178.6162 -1803.7811 -1416.7603 -1006.3751 -631.2378 -285.20508 -15.307617 177.64893 423.07434 1253.009 2894.3481 3299.8992 3299.8992 3299.8992 3299.8992 3299.8992 3299.8992 3299.8992 3299.8992 3299.8992 3299.8992 3299.8992 3299.8992 2428.775 -317.43164 -2136.5203 -3150.5493 -3135.6445 -3120.9412 -3106.2378 -3091.635 -3077.133 -3062.9333 -3048.7334 -3034.735 -3020.8374 -3006.9397 -2993.2434 -2979.4463 -2742.581 -2120.407 -1811.5356 -1361.4716 -722.27783 -255.2948 -73.21472 249.35303 291.04614 603.24097 1420.6879 2917.813 3299.8992 3299.8992 3299.8992 3299.8992 3299.8992 3299.8992 3299.8992 3299.8992 3299.8992 3299.8992 3299.8992 3299.8992 2502.7954 -209.47266 -2090.2954 -3149.3408 -3134.3352 -3119.4304 -3104.727 -3090.225 -3075.824 -3061.7249 -3047.4243 -3033.4258 -3019.528 -3005.6304 -2991.8335 -2901.2969 -2389.801 -1921.9116 -1612.1338 -1315.0452 -990.9668 -579.27246 -217.02576 115.7135 396.0846 681.5918 1638.2172 3299.0935 3299.8992 3299.8992 3299.8992 3299.8992 3299.8992 3299.8992 3299.8992 3299.8992 3299.8992 3299.8992 3299.8992 3299.8992 2226.7546 -479.87366 -2356.366 -3147.528 -3132.5225 -3117.7185 -3103.0151 -3088.5132 -3074.2126 -3060.0127 -3045.7122 -3031.8145 -3017.8162 -3004.019 -2990.1213 -2913.8855 -2438.04 -1795.5231 -1455.6335 -1107.6874 -801.93787 -385.20813 -123.46802 110.17456 329.4159 632.04346 1551.5076 2983.8774 3299.8992 3299.8992 3299.8992 3299.8992 3299.8992 3299.8992 3299.8992 3299.8992 3299.8992 3299.8992 3299.8992 3299.8992 1833.5907 -769.5099 -2471.3745 -3143.7012 -3128.6956 -3113.7908 -3099.2888 

-38.168335 -38.168335 -38.168335 -38.168335 -38.168335 -38.168335 -38.168335 -38.168335 -38.168335 -38.168335 -38.168335 -38.168335 -38.168335 -38.168335 -38.168335 -38.168335 -38.168335 -38.168335 -38.168335 -38.168335 -38.168335 -38.168335 -38.168335 -38.168335 -38.168335 -38.168335 -38.168335 -38.168335 -38.168335 -38.168335 -38.168335 -38.168335 -38.168335 -38.168335 -38.168335 -38.168335 -38.168335 -38.168335 -38.168335 -38.168335 -38.168335 -38.168335 -38.168335 -38.168335 -38.168335 -38.168335 -38.168335 -38.168335 -38.168335 -38.168335 -38.168335 -38.168335 -38.168335 -38.168335 -38.168335 -38.168335 -38.168335 -38.168335 -38.168335 -38.168335 -38.168335 -38.168335 -38.168335 -38.168335 -38.168335 -38.168335 -38.168335 -38.168335 -38.168335 -38.168335 -38.168335 -38.168335 -38.168335 -38.168335 -38.168335 -38.168335 -38.168335 -38.168335 -38.168335 -38.168335 -38.168335 -38.168335 -38.168335 -38.168335 -38.168335 -38.168335 -38.168335 -38.168335 -38.168335 -38.168335 -38.168335 -38.168335 -38.168335 -38.168335 -38.168335 -38.168335 -38.168335 -38.168335 -38.168335 -38.168335 -38.168335 -38.168335 -38.168335 -38.168335 -38.168335 -38.168335 -38.168335 -38.168335 -38.168335 -38.168335 -38.168335 -38.168335 -38.168335 -38.168335 -38.168335 -38.168335 -38.168335 -38.168335 -38.168335 -38.168335 -38.168335 -38.168335 -38.168335 -38.168335 -38.168335 -38.168335 -38.168335 -38.168335 -38.168335 -38.168335 -38.168335 -38.168335 -38.168335 -38.168335 -38.168335 -38.168335 -38.168335 -38.168335 -38.168335 -38.168335 -38.168335 -38.168335 -38.168335 -38.168335 -38.168335 -38.168335 -38.168335 -38.168335 -38.168335 -38.168335 -38.168335 -38.168335 -38.168335 -38.168335 -38.168335 -38.168335 -38.168335 -38.168335 -38.168335 -38.168335 -38.168335 -38.168335 -38.168335 -38.168335 -38.168335 -38.168335 -38.168335 -38.168335 -38.168335 -38.168335 -38.168335 -38.168335 -38.168335 -38.168335 -38.168335 -38.168335 -38.168335 -38.168335 -38.168335 -38.168335 -38.168335 -38.168335 -38.168335 -38.168335 -38.168335 -38.168335 -38.168335 -38.168335 -38.168335 -38.168335 -38.168335 -38.168335 -38.168335 -38.168335 -38.168335 -38.168335 -38.168335 -38.168335 -38.168335 -38.168335 
172.71423 112.994385 30.413818 -47.232056 -103.930664 -161.23352 -217.5293 -230.82275 -198.89832 -171.80786 -170.39795 -163.14697 -149.6521 -135.55298 -112.08801 -86.60889 -69.1864 -68.28003 -58.511353 -38.671875 -41.4917 -29.910278 -17.72461 -13.092041 -15.710449 -3.6254883 -4.2297363 -15.106201 -7.9559326 -8.258057 6.3446045 20.645142 14.099121 -4.2297363 5.3375244 -1.0070801 8.258057 20.343018 28.198242 35.751343 57.403564 56.5979 25.982666 2.1148682 -20.141602 -36.95984 -50.05188 -35.046387 -23.565674 -16.616821 -5.1361084 4.3304443 9.265137 11.380005 16.113281 19.73877 26.78833 25.680542 25.982666 27.896118 13.394165 33.9386 68.58215 86.60889 92.04712 105.74341 109.973145 120.34607 130.719 151.36414 145.8252 138.77563 119.64111 98.39172 93.55774 62.64038 6.7474365 -27.392578 -67.77649 -109.16748 -123.16589 -109.06677 -104.837036 -87.91809 -65.25879 -66.36658 -52.06604 -19.537354 6.3446045 -7.0495605 -29.507446 -41.693115 -23.867798 11.883545 36.95984 49.95117 30.212402 -2.2155762 12.084961 35.34851 14.099121 4.8339844 12.185669 26.989746 1.8127441 -13.092041 -15.710449 -3.5247803 -4.7332764 -43.40515 -66.26587 -72.71118 -88.52234 -104.53491 -90.13367 -68.481445 -50.958252 -52.871704 -57.403564 -71.09985 -54.483032 -61.6333 -55.18799 -39.678955 -36.053467 -43.90869 -37.564087 -24.27063 -12.991333 -31.018066 -36.254883 -21.047974 -8.459473 1.5106201 15.206909 31.82373 53.979492 69.08569 89.93225 111.987305 117.42554 118.63403 112.28943 101.01013 98.49243 101.11084 97.68677 87.213135 53.07312 40.081787 27.392578 35.34851 36.35559 20.141602 16.516113 -5.5389404 1.7120361 16.616821 7.7545166 -10.272217 -27.29187 -52.56958 -72.40906 -69.28711 -50.253296 -48.54126 -69.992065 -87.11243 -70.19348 -43.00232 -49.44763 -60.827637 -72.9126 -67.37366 -33.737183 -15.509033 -19.839478 -33.636475 -33.737183 -26.78833 -2.2155762 34.44214 42.800903 13.494873 -1.5106201 -2.9205322 -2.0141602 5.8410645 14.602661 14.602661 10.775757 -3.2226562 4.4311523 22.357178 45.01648 45.117188 15.509033 10.171509 12.789917 8.660889 
-3225.1738 -3209.1614 -3193.753 -3177.7405 -3162.4329 -3147.4272 -3132.5225 -3117.4163 -3102.6123 -3088.0095 -3073.407 -3058.905 -3044.6045 -2492.5232 403.8391 3299.8992 3299.8992 3299.8992 3299.8992 3299.8992 3299.8992 3299.8992 3299.8992 3299.8992 3299.8992 3299.8992 3299.8992 3299.8992 3299.8992 3299.8992 3299.8992 3297.6836 3281.7717 2059.4788 3277.6428 3294.5618 -3288.7207 -3272.2046 -3255.9905 -3239.8772 -3223.8647 -3208.4563 -3192.343 -3177.1362 -3161.8286 -3146.4202 -3131.2134 -3116.2078 -3101.4038 -3086.801 -3072.299 -3057.6965 -3043.396 -2060.1836 880.79224 3299.8992 3299.8992 3299.8992 3299.8992 3299.8992 3299.8992 3299.8992 3299.8992 3299.8992 3299.8992 3299.8992 3299.8992 3299.8992 3299.8992 3299.8992 3299.8992 3293.756 3277.6428 1183.6212 3276.6357 3293.4539 -3289.8284 -3273.413 -3257.199 -3241.0857 -3225.0732 -3208.8591 -3193.6523 -3177.6396 -3162.4329 -3147.3267 -3132.321 -3117.3157 -3102.5115 -3087.808 -3073.3062 -3058.8042 -3044.6045 -2217.1875 753.1952 3299.8992 3299.8992 3299.8992 3299.8992 3299.8992 3299.8992 3299.8992 3299.8992 3299.8992 3299.8992 3299.8992 3299.8992 3299.8992 3299.8992 3299.8992 3299.8992 3294.461 3278.3477 170.19653 3280.0598 3296.9788 -3286.5051 -3270.0896 -3253.775 -3237.7625 -3221.7498 -3206.2407 -3190.2283 -3175.0212 -3159.8145 -3144.406 -3129.2998 -3114.2944 -3099.4902 -3084.7869 -3070.1843 -3055.783 -3041.4824 -1878.305 1225.3143 3299.8992 3299.8992 3299.8992 3299.8992 3299.8992 3299.8992 3299.8992 3299.8992 3299.8992 3299.8992 3299.8992 3299.8992 3299.8992 3299.8992 3299.8992 3299.8992 3292.6482 3276.535 -677.26135 3280.3618 3297.1802 -3286.1023 -3269.6868 -3253.473 -3237.3596 -3221.347 -3205.9387 -3190.4297 -3174.417 -3159.2102 -3144.104 -3129.1992 -3114.2944 -3099.4902 -3084.6863 -3070.1843 -3055.783 -3041.4824 -1501.2543 1606.4941 3299.8992 3299.8992 3299.8992 3299.8992 3299.8992 3299.8992 3299.8992 3299.8992 3299.8992 3299.8992 3299.8992 3299.8992 3299.8992 3299.8992 3299.8992 3299.8992 3289.325 3273.0103 -1868.4357 3279.657 3296.3745 -3287.0085 -3270.4924 -3254.2786 -3238.1653 
-3254.8828 -3239.978 -3225.2747 -3210.7727 -3196.17 -3181.9702 -3167.4683 -3153.2683 -3139.27 -3125.3723 -3111.5752 -3097.879 -3084.2834 -1775.3815 858.6365 3299.8992 3299.8992 3299.8992 3299.8992 3299.8992 3299.8992 3299.8992 3299.8992 3299.8992 3299.8992 3299.8992 3299.8992 3299.8992 3299.8992 3299.8992 3287.8142 3272.8088 3257.8032 1777.4963 3254.2786 3270.1904 3285.8 3299.8992 -3283.383 -3268.2769 -3253.2715 -3238.1653 -3223.5625 -3208.96 -3194.458 -3180.258 -3165.857 -3151.657 -3137.6587 -3123.761 -3109.8633 -3096.167 -3082.5713 -1114.2334 1521.0938 3299.8992 3299.8992 3299.8992 3299.8992 3299.8992 3299.8992 3299.8992 3299.8992 3299.8992 3299.8992 3299.8992 3299.8992 3299.8992 3299.8992 3296.7773 3282.074 3267.3706 3252.2644 1546.4722 3250.955 3266.867 3282.6782 3298.0864 -3286.7065 -3271.4995 -3256.5947 -3241.7908 -3227.0874 -3212.0818 -3197.5798 -3182.9773 -3168.8782 -3154.9805 -3140.68 -3126.9836 -3113.1865 -3099.1882 -2825.7659 -1172.644 1076.2665 2943.7957 3299.8992 3299.8992 3299.8992 3299.8992 3299.8992 3299.8992 3299.8992 3299.8992 3299.8992 3299.8992 3299.8992 3299.8992 3299.8992 3297.583 3282.4768 3267.874 3252.7678 -656.5155 3257.199 3272.8088 3288.4185 3299.8992 -3280.7646 -3265.6584 -3250.955 -3236.0503 -3221.045 -3206.4421 -3192.041 -3177.942 -3163.339 -3149.3408 -3135.1409 -3121.344 -3107.5469 -3093.9514 -3080.3557 -1262.2742 1261.2671 3299.8992 3299.8992 3299.8992 3299.8992 3299.8992 3299.8992 3299.8992 3299.8992 3299.8992 3299.8992 3299.8992 3299.8992 3299.8992 3299.8992 3299.8992 3286.203 3271.4995 3255.9905 -728.72314 3260.321 3276.0315 3291.641 3299.8992 -3277.6428 -3262.5366 -3247.6318 -3232.6262 -3218.0237 -3203.421 -3189.1204 -3174.417 -3160.4187 -3146.4202 -3132.321 -3118.4233 -3104.6265 -3091.0308 -2881.3567 -253.9856 2330.081 3299.8992 3299.8992 3299.8992 3299.8992 3299.8992 3299.8992 3299.8992 3299.8992 3299.8992 3299.8992 3299.8992 3299.8992 3299.8992 3299.8992 3293.6553 3278.7505 3263.9465 3248.639 -1806.9031 3255.5876 3271.399 3287.0085 3299.8992 -3282.2754 -3267.2698 
3285.1958 3270.3918 3255.1848 3240.1794 3225.6775 3210.974 3195.868 3180.7617 3166.6626 3152.2612 3138.162 3121.8474 2473.892 520.459 -1182.8156 -2534.015 3132.5225 3148.3337 3163.9434 3179.5532 3194.9614 3210.3699 3225.476 3240.5823 3255.6885 3270.5933 3285.6995 3299.8992 -3285.0952 -3270.5933 -3256.0913 -3241.4885 -3227.188 -1433.2764 3299.8992 3299.8992 3299.8992 3299.8992 3299.8992 3299.8992 3286.3037 3271.399 3256.6956 3241.7908 3226.7852 3212.0818 3197.4792 3182.2722 3167.6697 3153.2683 3139.0686 3120.9412 2206.311 164.6576 -1486.3495 -2759.198 3138.6658 3154.4768 3170.1873 3185.6963 3201.2053 3216.3115 3231.8206 3246.9268 3262.1338 3276.9377 3291.641 3299.8992 -3278.549 -3263.9465 -3249.646 -3235.144 -3221.045 -922.9889 3299.8992 3299.8992 3299.8992 3299.8992 3299.8992 3299.8992 3290.2312 3275.3264 3260.2202 3245.2148 3230.612 3215.808 3200.702 3185.4949 3171.2952 3157.196 3142.8955 3124.9695 2237.732 280.67322 -1360.5652 -2559.9976 3140.0757 3155.8867 3171.5972 3187.207 3202.6152 3217.8223 3233.2305 3248.3367 3263.1409 3278.0457 3292.749 -3292.2454 -3277.4414 -3262.9395 -3248.4375 -3234.137 -3219.937 -333.84705 3299.8992 3299.8992 3299.8992 3299.8992 3299.8992 3299.8992 3288.922 3274.118 3259.0117 3244.2078 3229.0007 3214.096 3199.8962 3184.4878 3169.9858 3155.484 3141.3848 3123.9624 2228.1646 338.4796 -1234.2773 -2555.8684 3137.86 3153.6711 3169.4824 3184.9915 3200.5005 3215.7073 3231.2163 3246.3225 3261.3281 3276.535 3291.0369 3299.8992 -3279.1533 -3264.6514 -3250.0488 -3235.7483 -3221.5483 26.385498 3299.8992 3299.8992 3299.8992 3299.8992 3299.8992 3299.8992 3285.901 3270.996 3255.89 3240.985 3226.0803 3211.4775 3196.3713 3181.2651 3167.166 3152.8655 3138.6658 3120.4375 2078.4119 166.16821 -1310.614 -2588.4978 3137.4573 3153.2683 3168.9788 3184.5886 3199.9968 3215.3044 3230.612 3245.7183 3260.623 3275.6287 3290.2312 3299.8992 -3280.0598 -3265.3564 -3250.955 -3236.554 -3222.354 629.9286 3299.8992 3299.8992 3299.8992 3299.8992 3299.8992 3297.4822 
-3121.344 -3106.6406 -3091.7358 -3077.234 -3062.9333 -3048.7334 -3034.5337 -3020.5352 -3006.3354 -2992.5383 -2978.842 -2965.0452 -2951.5503 -2811.3647 -1447.879 198.09265 1738.623 3081.665 3299.8992 3299.8992 3299.8992 3299.8992 3299.8992 3299.8992 3299.8992 3299.8992 3299.8992 3299.8992 3299.8992 3299.8992 3299.8992 3299.8992 3299.8992 3136.2488 -3205.2336 -3191.7388 -3176.3306 -3160.922 -3145.7153 -3130.6091 -3115.6035 -3100.9001 -3086.7004 -3071.7957 -3057.3943 -3042.9932 -3028.894 -3014.795 -3000.8972 -2986.9995 -2973.3032 -2959.7075 -2946.2126 -2640.0603 -1165.8966 329.6173 1778.302 2991.0278 3299.8992 3299.8992 3299.8992 3299.8992 3299.8992 3299.8992 3299.8992 3299.8992 3299.8992 3299.8992 3299.8992 3299.8992 3299.8992 3299.8992 3299.8992 2818.0115 -3201.9104 -3186.099 -3170.4895 -3155.182 -3139.9749 -3125.07 -3110.1653 -3095.3613 -3081.1614 -3066.3574 -3051.956 -3037.7563 -3023.6572 -3009.558 -2995.761 -2981.7627 -2968.167 -2954.37 -2940.8752 -2110.739 -465.77454 997.3114 2267.1387 3299.8992 3299.8992 3299.8992 3299.8992 3299.8992 3299.8992 3299.8992 3299.8992 3299.8992 3299.8992 3299.8992 3299.8992 3299.8992 3299.8992 3299.8992 3299.8992 2376.9104 -3206.2407 -3190.3289 -3174.8198 -3159.5122 -3144.3054 -3129.1992 -3114.4958 -3099.6917 -3084.8877 -3070.4863 -3056.1858 -3041.986 -3027.7861 -3013.7878 -2999.6887 -2985.8916 -2972.2961 -2958.7004 -2945.105 -2147.4976 -602.536 874.64905 2163.7114 3282.376 3299.8992 3299.8992 3299.8992 3299.8992 3299.8992 3299.8992 3299.8992 3299.8992 3299.8992 3299.8992 3299.8992 3299.8992 3299.8992 3299.8992 3299.8992 1955.9509 -3205.2336 -3189.5232 -3173.9136 -3158.606 -3143.4998 -3128.4941 -3113.6902 -3098.886 -3084.082 -3069.58 -3055.2795 -3041.1804 -3026.9805 -3013.0828 -2998.883 -2985.086 -2971.4905 -2957.8948 -2944.2993 -2210.6414 -732.8522 636.0718 2026.7487 3263.1409 3299.8992 3299.8992 3299.8992 3299.8992 3299.8992 3299.8992 3299.8992 3299.8992 3299.8992 3299.8992 3299.8992 3299.8992 3299.8992 3299.8992 3299.8992 1493.7012 -3199.8962 -3184.1858 -3168.6768 -3153.3691 -3138.263 -3123.2573 
3228.4973 3213.2903 3197.4792 3182.4736 3167.0654 3151.8584 3136.5508 3121.4446 3106.5398 3090.9302 3076.5288 3054.9773 2124.8381 648.25745 -613.5132 -1578.0945 -2357.776 -3003.012 3090.9302 3107.849 3124.4658 3140.982 3157.498 3173.6113 3189.7246 3205.7373 3221.6492 3237.561 3253.372 3269.1833 3284.793 3299.8992 -3284.1887 -1432.6721 3299.8992 3299.8992 3288.7207 3273.6145 3258.206 3242.9993 3227.893 3212.5854 3197.2778 3181.8694 3166.2598 3150.9521 3135.846 3120.5383 3105.6335 3090.225 3075.3203 2985.9924 1978.8116 533.85315 -630.63354 -1548.0835 -2380.7373 -3140.982 3092.642 3109.4604 3126.0771 3142.5933 3159.3108 3175.3235 3191.4368 3207.3486 3223.361 3239.273 3255.0842 3270.7947 3286.5051 3299.8992 -3282.5774 -1293.1915 3299.8992 3299.8992 3289.4255 3274.2188 3259.0117 3243.805 3228.4973 3213.0889 3197.9827 3182.5745 3167.0654 3151.7578 3136.4502 3121.2432 3106.3384 3090.9302 3076.3274 3037.2527 2008.5205 631.74133 -472.21985 -1430.0537 -2241.9617 -2982.266 3089.7217 3106.7412 3123.1567 3139.7734 3156.2896 3172.2014 3188.516 3204.7302 3220.642 3236.4531 3252.365 3268.1763 3283.786 3299.1943 -3285.2966 -846.1487 3299.8992 3299.5972 3284.2896 3269.0825 3253.8757 3238.6687 3223.5625 3208.255 3192.8467 3177.4382 3162.1306 3146.823 3131.7168 3116.51 3101.5044 3086.1968 3071.3928 2990.2222 1888.678 402.3285 -750.37537 -1700.0519 -2463.3179 -3077.234 3091.2322 3107.9497 3124.4658 3141.0828 3157.8003 3173.9136 3189.7246 3205.9387 3221.8506 3237.7625 3253.5735 3269.284 3284.9944 3299.8992 -3284.0881 -389.23645 3299.8992 3298.1873 3282.9802 3267.7734 3252.5664 3237.3596 3222.1526 3206.9458 3191.1345 3176.2297 3160.8215 3145.6145 3130.5083 3115.3015 3100.3967 3084.8877 3068.875 2914.4897 1809.4208 404.74548 -729.5288 -1634.3903 -2468.9575 -3092.34 3090.326 3107.144 3123.9624 3140.3777 3156.2896 3173.007 3189.1204 3205.2336 3221.1455 3236.856 3252.8687 3268.4783 3284.0881 3299.5972 -3284.793 127.29492 3299.8992 3294.6624 3279.5562 3264.148 3248.941 3233.9355 
-3084.6863 -3070.285 -3056.1858 -3041.986 -3027.887 -3013.9893 -3000.1921 -2986.3953 -2923.5535 -2534.7197 -1957.4615 -1648.7915 -1316.6565 -694.5831 -208.36487 204.33655 454.99878 688.1378 925.20447 1858.0627 3299.8992 3299.8992 3299.8992 3299.8992 3299.8992 3299.8992 3299.8992 3299.8992 3299.8992 3299.8992 3299.8992 3299.8992 3299.8992 1903.9856 -619.55566 -2291.7114 -3149.0386 -3134.2346 -3119.3298 -3104.6265 -3090.1245 -3075.7231 -3061.5234 -3047.4243 -3033.4258 -3019.4275 -3005.5298 -2991.7327 -2778.7354 -2366.336 -1883.4412 -1587.0575 -1157.4371 -671.521 -401.72424 -323.172 -29.708862 147.73865 545.7367 1613.9465 2975.3174 3299.8992 3299.8992 3299.8992 3299.8992 3299.8992 3299.8992 3299.8992 3299.8992 3299.8992 3299.8992 3299.8992 3299.8992 1451.6052 -1091.0706 -2729.187 -3138.4644 -3123.4587 -3108.7554 -3094.1528 -3079.651 -3065.3503 -3051.1504 -3037.0513 -3023.053 -3009.0544 -2995.2576 -2981.5613 -2597.763 -2178.3142 -1889.8865 -1743.2556 -1432.9742 -1182.0099 -798.01025 -197.28699 173.6206 407.06177 867.09595 1981.9336 3299.8992 3299.8992 3299.8992 3299.8992 3299.8992 3299.8992 3299.8992 3299.8992 3299.8992 3299.8992 3299.8992 3299.8992 3299.8992 1471.6461 -1003.5553 -2637.5427 -3133.2275 -3118.222 -3103.5186 -3088.916 -3074.414 -3060.214 -3046.115 -3032.0159 -3018.0176 -3004.2205 -2990.4236 -2959.204 -2594.943 -2235.0127 -1876.6937 -1473.2574 -885.022 -455.60303 -129.5105 206.45142 487.52747 716.43677 1135.9863 2298.9624 3299.8992 3299.8992 3299.8992 3299.8992 3299.8992 3299.8992 3299.8992 3299.8992 3299.8992 3299.8992 3299.8992 3299.8992 3299.8992 897.10693 -1557.3486 -3142.996 -3137.7593 -3122.754 -3108.0505 -3093.5486 -3079.0466 -3064.6453 -3050.4456 -3036.3464 -3022.4487 -3008.551 -2994.8547 -2981.1584 -2715.1885 -2300.5737 -1781.3232 -1483.429 -1144.8486 -583.09937 -186.1084 152.47192 445.3308 656.2134 1150.7904 2428.775 3299.8992 3299.8992 3299.8992 3299.8992 3299.8992 3299.8992 3299.8992 3299.8992 3299.8992 3299.8992 3299.8992 3299.8992 3299.8992 1083.0139 -1167.5079 -2569.9675 -3144.3054 -3129.2998 -3114.5964 -3099.893 

-38.168335 -38.168335 -38.168335 -38.168335 -38.168335 -38.168335 -38.168335 -38.168335 -38.168335 -38.168335 -38.168335 -38.168335 -38.168335 -38.168335 -38.168335 -38.168335 -38.168335 -38.168335 -38.168335 -38.168335 -38.168335 -38.168335 -38.168335 -38.168335 -38.168335 -38.168335 -38.168335 -38.168335 -38.168335 -38.168335 -38.168335 -38.168335 -38.168335 -38.168335 -38.168335 -38.168335 -38.168335 -38.168335 -38.168335 -38.168335 -38.168335 -38.168335 -38.168335 -38.168335 -38.168335 -38.168335 -38.168335 -38.168335 -38.168335 -38.168335 -38.168335 -38.168335 -38.168335 -38.168335 -38.168335 -38.168335 -38.168335 -38.168335 -38.168335 -38.168335 -38.168335 -38.168335 -38.168335 -38.168335 -38.168335 -38.168335 -38.168335 -38.168335 -38.168335 -38.168335 -38.168335 -38.168335 -38.168335 -38.168335 -38.168335 -38.168335 -38.168335 -38.168335 -38.168335 -38.168335 -38.168335 -38.168335 -38.168335 -38.168335 -38.168335 -38.168335 -38.168335 -38.168335 -38.168335 -38.168335 -38.168335 -38.168335 -38.168335 -38.168335 -38.168335 -38.168335 -38.168335 -38.168335 -38.168335 -38.168335 -38.168335 -38.168335 -38.168335 -38.168335 -38.168335 -38.168335 -38.168335 -38.168335 -38.168335 -38.168335 -38.168335 -38.168335 -38.168335 -38.168335 -38.168335 -38.168335 -38.168335 -38.168335 -38.168335 -38.168335 -38.168335 -38.168335 -38.168335 -38.168335 -38.168335 -38.168335 -38.168335 -38.168335 -38.168335 -38.168335 -38.168335 -38.168335 -38.168335 -38.168335 -38.168335 -38.168335 -38.168335 -38.168335 -38.168335 -38.168335 -38.168335 -38.168335 -38.168335 -38.168335 -38.168335 -38.168335 -38.168335 -38.168335 -38.168335 -38.168335 -38.168335 -38.168335 -38.168335 -38.168335 -38.168335 -38.168335 -38.168335 -38.168335 -38.168335 -38.168335 -38.168335 -38.168335 -38.168335 -38.168335 -38.168335 -38.168335 -38.168335 -38.168335 -38.168335 -38.168335 -38.168335 -38.168335 -38.168335 -38.168335 -38.168335 -38.168335 -38.168335 -38.168335 -38.168335 -38.168335 -38.168335 -38.168335 -38.168335 -38.168335 -38.168335 -38.168335 -38.168335 -38.168335 -38.168335 -38.168335 -38.168335 -38.168335 -38.168335 -38.168335 -38.168335 -38.168335 -38.168335 -38.168335 -38.168335 -38.168335 -38.168335 -38.168335 -38.168335 -38.168335 -38.168335 -38.168335 -38.168335 -38.168335 -38.168335 -38.168335 -38.168335 -38.168335 -38.168335 -38.168335 -38.168335 -38.168335 -38.168335 -38.168335 -38.168335 -38.168335 
2.4169922 -8.258057 -10.272217 -10.775757 -17.120361 -12.789917 0.10070801 17.422485 38.067627 48.641968 52.468872 62.64038 83.38623 89.83154 70.09277 37.161255 9.970093 6.2438965 0.70495605 -15.206909 -54.68445 -79.660034 -82.177734 -86.40747 -95.37048 -85.80322 -67.07153 -27.493286 -7.6538086 -12.588501 30.413818 46.92993 56.799316 59.417725 22.155762 -22.457886 -13.394165 0.30212402 13.595581 25.982666 82.9834 104.13208 130.51758 109.06677 57.907104 12.286377 -9.466553 -17.523193 -32.125854 -35.34851 -48.44055 -72.509766 -63.345337 -28.198242 4.5318604 14.703369 13.192749 -1.4099121 17.422485 24.371338 -5.5389404 -31.420898 -60.62622 -27.493286 12.286377 36.254883 44.311523 39.074707 25.579834 1.1077881 -32.42798 -27.191162 -23.464966 -42.49878 -80.36499 -113.1958 -102.11792 -90.03296 -101.01013 -95.773315 -59.61914 -15.710449 -7.8552246 -2.7191162 -20.544434 -12.689209 -11.883545 -24.472046 -14.804077 -6.7474365 -23.666382 -52.468872 -64.35242 -70.999146 -50.253296 -22.055054 -6.1431885 11.984253 35.549927 40.88745 39.074707 45.92285 16.516113 43.103027 46.224976 70.3949 84.59473 78.85437 48.742676 22.055054 -6.1431885 -58.410645 -52.06604 -70.69702 -61.431885 -54.0802 -50.756836 -38.974 -13.293457 20.343018 52.06604 49.246216 38.671875 40.38391 41.088867 38.168335 22.76001 26.385498 26.486206 34.44214 52.972412 53.475952 40.283203 12.487793 13.293457 35.34851 44.613647 41.793823 60.72693 83.184814 98.69385 98.0896 113.80005 130.8197 136.25793 129.10767 97.787476 54.785156 10.675049 0.40283203 -8.560181 -16.616821 -39.37683 -54.281616 -68.07861 -94.06128 -89.227295 -59.317017 -13.998413 -5.6396484 -9.667969 -40.081787 -87.51526 -103.22571 -130.8197 -111.58447 -52.770996 -19.436646 -6.9488525 -11.883545 -21.652222 -58.007812 -67.474365 -53.475952 -58.71277 -53.57666 -34.84497 -31.521606 -9.768677 4.5318604 3.1219482 5.4382324 5.5389404 11.883545 -10.675049 -44.613647 -55.18799 -46.829224 -44.613647 -40.786743 -37.060547 -34.643555 -42.800903 -23.666382 1.5106201 6.3446045 3.3233643 -0.10070801 5.3375244 35.85205 51.663208 56.396484 73.91968 99.09668 145.52307 176.84326 175.13123 172.3114 188.82751 206.45142 232.7362 265.76843 267.07764 207.96204 135.65369 79.96216 8.761597 -45.117188 -73.81897 -96.8811 
-3222.2534 -3206.1401 -3190.4297 -3175.2227 -3159.915 -3144.6074 -3129.4006 -3114.395 -3099.591 -3084.9883 -3070.3857 -3055.9844 -3041.6838 -1476.2787 1498.4344 3299.8992 3299.8992 3299.8992 3299.8992 3299.8992 3299.8992 3299.8992 3299.8992 3299.8992 3299.8992 3299.8992 3299.8992 3299.8992 3299.8992 3299.8992 3299.8992 3289.4255 3273.1108 -2938.3574 3282.1746 3298.993 -3284.491 -3267.9749 -3251.7607 -3235.7483 -3219.8364 -3204.3274 -3188.3147 -3173.2085 -3158.0017 -3142.5933 -3127.3865 -3112.4817 -3097.577 -3082.974 -3068.573 -3053.9702 -3039.7705 -1248.2758 1702.3682 3299.8992 3299.8992 3299.8992 3299.8992 3299.8992 3299.8992 3299.8992 3299.8992 3299.8992 3299.8992 3299.8992 3299.8992 3299.8992 3299.8992 3299.8992 3299.8992 3288.8213 3272.406 3267.1692 3284.491 3299.8992 -3282.2754 -3265.7593 -3249.646 -3233.6333 -3217.7214 -3201.6082 -3186.502 -3170.4895 -3155.182 -3140.1763 -3125.3723 -3110.4675 -3095.7642 -3081.1614 -3066.458 -3052.057 -3037.7563 -739.1968 2450.3264 3299.8992 3299.8992 3299.8992 3299.8992 3299.8992 3299.8992 3299.8992 3299.8992 3299.8992 3299.8992 3299.8992 3299.8992 3299.8992 3299.8992 3299.8992 3299.8992 3284.9944 3268.3777 3266.565 3283.5845 3299.8992 -3283.081 -3266.867 -3250.4517 -3234.5398 -3218.527 -3202.4138 -3186.8042 -3171.7986 -3156.3904 -3141.0828 -3125.9766 -3110.8704 -3096.2676 -3081.5642 -3067.0623 -3052.6611 -3037.857 -780.48706 2270.16 3299.8992 3299.8992 3299.8992 3299.8992 3299.8992 3299.8992 3299.8992 3299.8992 3299.8992 3299.8992 3299.8992 3299.8992 3299.8992 3299.8992 3299.8992 3299.8992 3285.1958 3268.4783 3268.579 3285.8 3299.8992 -3280.966 -3264.6514 -3248.538 -3232.4248 -3216.513 -3201.1047 -3185.6963 -3169.7844 -3154.4768 -3139.4714 -3124.5667 -3109.6619 -3094.8577 -3080.2551 -3065.7532 -3051.4526 -3004.9255 -462.9547 2747.8179 3299.8992 3299.8992 3299.8992 3299.8992 3299.8992 3299.8992 3299.8992 3299.8992 3299.8992 3299.8992 3299.8992 3299.8992 3299.8992 3299.8992 3299.8992 3298.892 3282.8796 3266.0613 3268.881 3285.6995 3299.8992 -3280.966 -3264.5508 -3248.4375 -3232.4248 -3216.4124 -3200.3997 -3184.79 -3169.6838 -3154.3762 -3139.0686 -3123.9624 -3109.0576 -3094.2534 -3079.7515 -3065.149 -3050.7476 -3031.7139 -683.9081 2484.0637 3299.8992 3299.8992 3299.8992 3299.8992 3299.8992 
-3252.1636 -3237.561 -3222.5554 -3207.953 -3193.5515 -3178.949 -3164.9504 -3150.8513 -3136.7522 -3122.754 -3109.0576 -3095.3613 -2755.371 -66.06445 2514.5781 3299.8992 3299.8992 3299.8992 3299.8992 3299.8992 3299.8992 3299.8992 3299.8992 3299.8992 3299.8992 3299.8992 3299.8992 3299.8992 3299.8992 3287.5122 3272.708 3257.8032 3242.5964 -2820.932 3252.1636 3267.874 3283.484 3298.993 -3285.8 -3270.6938 -3255.5876 -3241.0857 -3225.778 -3211.377 -3196.9756 -3182.373 -3168.173 -3153.9734 -3140.0757 -3126.178 -3112.2803 -3098.584 -2744.998 -293.86597 1965.7196 3299.8992 3299.8992 3299.8992 3299.8992 3299.8992 3299.8992 3299.8992 3299.8992 3299.8992 3299.8992 3299.8992 3299.8992 3299.8992 3299.8992 3287.8142 3273.0103 3258.1055 3242.7979 3238.568 3254.782 3270.3918 3286.0015 3299.8992 -3283.383 -3268.1763 -3253.1707 -3238.6687 -3223.5625 -3208.96 -3194.5586 -3180.0566 -3165.857 -3151.7578 -3137.6587 -3123.8616 -3110.0647 -3096.3684 -2617.9045 -182.88574 2239.041 3299.8992 3299.8992 3299.8992 3299.8992 3299.8992 3299.8992 3299.8992 3299.8992 3299.8992 3299.8992 3299.8992 3299.8992 3299.8992 3299.8992 3287.6128 3272.8088 3257.904 3242.2942 3240.985 3257.0984 3272.9094 3288.3179 3299.8992 -3280.966 -3265.8599 -3250.955 -3236.3525 -3221.2463 -3206.7444 -3192.343 -3177.841 -3163.742 -3149.6428 -3135.6445 -3121.7468 -3107.9497 -3094.2534 -2624.5513 -19.537354 2455.8655 3299.8992 3299.8992 3299.8992 3299.8992 3299.8992 3299.8992 3299.8992 3299.8992 3299.8992 3299.8992 3299.8992 3299.8992 3299.8992 3299.8992 3288.0156 3273.1108 3258.206 3242.395 3243.5027 3259.4146 3275.3264 3290.9363 3299.8992 -3278.549 -3263.5437 -3248.538 -3233.9355 -3219.0308 -3204.428 -3190.0269 -3175.525 -3161.5264 -3147.3267 -3133.3281 -3119.5312 -3105.7341 -3092.0378 -2235.8184 437.4756 2858.2947 3299.8992 3299.8992 3299.8992 3299.8992 3299.8992 3299.8992 3299.8992 3299.8992 3299.8992 3299.8992 3299.8992 3299.8992 3299.8992 3299.8992 3285.2966 3270.4924 3255.6885 3235.8489 3242.7979 3258.9111 3274.7222 3290.2312 3299.8992 -3279.2542 -3264.148 -3249.1423 -3234.137 -3219.635 -3205.133 -3190.631 -3176.532 -3162.03 -3147.931 -3133.9324 -3120.1355 -3106.2378 -3092.743 -2169.1497 441.70532 2839.2607 3299.8992 3299.8992 3299.8992 3299.8992 3299.8992 
3282.8796 3268.0754 3252.8687 3237.9639 3223.059 3208.1543 3193.8538 3178.5461 3164.0442 3149.6428 3135.443 3115.6035 1774.3744 -162.34131 -1689.9811 -2860.913 3140.3777 3156.0881 3171.7986 3187.3076 3203.018 3217.9229 3233.432 3248.538 3263.4429 3278.3477 3293.4539 -3291.742 -3277.3406 -3262.8386 -3248.4375 -3234.0361 -3219.8364 1347.4731 3299.8992 3299.8992 3299.8992 3299.8992 3299.8992 3297.4822 3282.7788 3267.7734 3252.9692 3238.1653 3223.462 3208.6577 3193.6523 3178.4453 3164.447 3150.247 3135.9465 3114.5964 1855.0415 -32.528687 -1541.7389 -2856.079 3139.27 3155.081 3170.7915 3186.3005 3201.709 3217.0166 3232.022 3246.9268 3262.3352 3277.3406 3291.742 3299.8992 -3278.3477 -3263.8457 -3249.4446 -3234.9426 -3220.8435 1871.1548 3299.8992 3299.8992 3299.8992 3299.8992 3299.8992 3294.461 3279.7576 3264.8528 3249.8474 3235.0432 3219.937 3205.133 3190.8325 3175.424 3161.023 3146.6216 3132.321 3056.1858 1454.425 -469.1986 -1951.3184 -3079.1472 3142.694 3158.5051 3174.3164 3189.7246 3205.0322 3220.2393 3235.6475 3250.5522 3265.9607 3280.966 3295.2666 -3289.7278 -3274.9236 -3260.321 -3245.9197 -3231.6191 -3217.4194 2584.1675 3299.8992 3299.8992 3299.8992 3299.8992 3299.8992 3295.166 3280.1604 3265.5579 3250.4517 3235.446 3220.8435 3206.0393 3191.034 3175.9277 3161.9292 3147.7295 3133.3281 2980.252 1411.1206 -371.81396 -1774.4751 -2974.3103 3142.4927 3158.3037 3173.9136 3189.4226 3204.9316 3220.1384 3235.144 3250.0488 3265.457 3280.4626 3294.7632 -3290.2312 -3275.4272 -3260.8245 -3246.4233 -3232.022 -3174.2156 3093.75 3299.8992 3299.8992 3299.8992 3299.8992 3299.8992 3292.9504 3277.9448 3263.2415 3248.0347 3233.3313 3218.1243 3203.3203 3189.2212 3173.8127 3159.2102 3145.3125 3130.7097 2985.6902 1314.8438 -459.83276 -1918.9911 -3086.7004 3141.8884 3157.5989 3173.2085 3188.8184 3204.2266 3219.4336 3234.8418 3250.0488 3264.7522 3279.5562 3294.8638 -3290.332 -3276.132 -3261.5295 -3247.1282 -3232.727 -2975.7202 3299.8992 3299.8992 3299.8992 3299.8992 3299.8992 3299.8992 3289.9292 3275.0244 3260.2202 3245.5168 3230.5115 3215.9087 3201.2053 3186.2 3170.993 3157.0952 3142.8955 3128.3936 2862.323 1148.3734 -588.4369 -2002.3773 -3195.9685 3142.2913 3158.0017 3173.7122 3189.2212 
-3108.4534 -3093.6492 -3079.3486 -3064.6453 -3050.2441 -3035.9436 -3021.8445 -3007.9468 -2993.9482 -2980.1514 -2966.455 -2952.8594 -2939.3645 -1866.6229 -247.03674 1170.932 2500.5798 3299.8992 3299.8992 3299.8992 3299.8992 3299.8992 3299.8992 3299.8992 3299.8992 3299.8992 3299.8992 3299.8992 3299.8992 3299.8992 3299.8992 3299.8992 3299.8992 758.73413 -3201.004 -3185.1929 -3169.7844 -3154.3762 -3139.27 -3124.3652 -3109.4604 -3094.757 -3080.5571 -3065.8538 -3051.4526 -3037.152 -3023.053 -3009.0544 -2995.2576 -2981.4604 -2967.7642 -2954.0679 -2940.573 -1942.9596 -308.56934 1083.2153 2465.0298 3299.8992 3299.8992 3299.8992 3299.8992 3299.8992 3299.8992 3299.8992 3299.8992 3299.8992 3299.8992 3299.8992 3299.8992 3299.8992 3299.8992 3299.8992 3299.8992 568.6981 -3200.1982 -3184.5886 -3168.9788 -3153.772 -3138.6658 -3123.6602 -3108.7554 -3094.2534 -3079.3486 -3064.9475 -3050.647 -3036.447 -3022.348 -3008.3496 -2994.5525 -2980.6548 -2967.0593 -2953.4636 -2915.396 -1569.9371 99.801636 1518.9789 2724.5544 3299.8992 3299.8992 3299.8992 3299.8992 3299.8992 3299.8992 3299.8992 3299.8992 3299.8992 3299.8992 3299.8992 3299.8992 3299.8992 3299.8992 3299.8992 3299.8992 -23.464966 -3203.8237 -3188.0127 -3172.5037 -3157.2966 -3142.1904 -3127.2856 -3112.3809 -3097.6775 -3082.8735 -3068.573 -3054.2725 -3040.0725 -3025.772 -3011.8743 -2997.7751 -2984.0789 -2970.3826 -2956.8877 -2890.4204 -1586.0504 -179.7638 1197.821 2583.4624 3299.8992 3299.8992 3299.8992 3299.8992 3299.8992 3299.8992 3299.8992 3299.8992 3299.8992 3299.8992 3299.8992 3299.8992 3299.8992 3299.8992 3299.8992 3299.8992 -520.459 -3201.2053 -3185.5957 -3170.0867 -3154.779 -3139.6729 -3124.6672 -3109.9639 -3095.2605 -3080.96 -3066.2566 -3051.8555 -3037.6555 -3023.4558 -3009.558 -2995.6604 -2981.8633 -2968.0664 -2954.5715 -2905.6274 -1670.5444 -177.2461 1328.6407 2756.781 3299.8992 3299.8992 3299.8992 3299.8992 3299.8992 3299.8992 3299.8992 3299.8992 3299.8992 3299.8992 3299.8992 3299.8992 3299.8992 3299.8992 3299.8992 3299.8992 -1131.7566 -3198.0835 -3182.2722 -3166.9646 -3151.7578 -3136.6516 -3121.7468 -3106.9426 -3092.2393 -3077.536 -3063.1348 -3048.9348 -3034.735 -3020.7366 -3006.7383 -2992.8406 -2978.9429 -2965.3472 -2951.8523 -2721.7346 -1245.5566 213.40027 1607.7026 2852.8564 3299.8992 3299.8992 3299.8992 
3218.7285 3203.5217 3187.6099 3172.6042 3157.2966 3142.0898 3126.8828 3111.8774 3097.0732 3081.5642 3065.3503 2893.2402 1678.5004 245.12329 -872.03064 -1785.7544 -2600.5828 -3214.096 3091.1316 3108.0505 3124.5667 3141.0828 3156.9946 3173.5107 3189.7246 3205.9387 3221.7498 3237.561 3253.5735 3269.284 3284.6924 3299.8992 -3284.1887 507.87048 3299.8992 3293.1519 3277.9448 3262.738 3247.531 3232.4248 3217.3186 3202.1118 3186.099 3171.1943 3155.8867 3140.579 3125.3723 3110.3667 3095.5627 3080.1543 3063.1348 2783.9722 1403.5675 -81.27136 -1103.3569 -1929.1626 -2677.0203 3270.8953 3095.6633 3112.3809 3129.0984 3145.6145 3161.9292 3178.1433 3194.1558 3210.1685 3226.0803 3241.9922 3257.7026 3273.413 3289.1235 3299.8992 -3280.1604 1029.9408 3299.8992 3294.5618 3279.4556 3264.148 3248.941 3233.7341 3218.527 3203.2195 3187.4084 3172.5037 3157.2966 3141.989 3126.8828 3111.676 3096.8718 3081.3628 3063.9404 2621.53 1207.489 -87.51526 -1152.8046 -2044.574 -2816.098 3147.931 3100.4973 3117.1143 3133.8318 3150.247 3166.7632 3182.675 3198.6877 3214.7002 3230.612 3246.524 3262.1338 3277.8442 3293.5547 -3291.0369 -3217.9229 1609.2133 3299.8992 3295.8708 3280.8655 3265.6584 3250.3508 3235.144 3219.937 3204.5288 3189.4226 3173.6113 3158.5051 3143.1975 3127.89 3112.8845 3097.9797 3082.672 3065.451 2742.682 1450.3967 30.917358 -1062.2681 -1977.7039 -2772.7935 3154.9805 3098.3826 3114.9993 3131.7168 3148.1323 3164.6484 3180.8623 3196.7742 3212.7869 3228.7993 3244.5098 3260.321 3276.0315 3291.641 3299.8992 -3093.2463 1784.3445 3299.8992 3292.8496 3277.6428 3262.5366 3247.229 3232.022 3216.8152 3201.6082 3186.3005 3170.8923 3155.3833 3140.0757 3124.9695 3109.9639 3095.059 3079.55 3060.617 2463.922 1083.4167 -183.99353 -1225.415 -2061.2915 -2820.0256 3156.9946 3101.001 3117.517 3134.1338 3150.5493 3167.0654 3183.1787 3199.292 3215.3044 3231.1157 3246.9268 3262.6372 3278.4485 3294.058 -3290.634 -2800.7903 2496.1487 3299.8992 3291.641 3276.4343 3261.2273 3245.9197 3230.713 3215.6067 3200.1982 3184.4878 3169.281 3154.074 3138.7664 3123.761 3108.7554 3093.9514 3078.3416 3060.1135 2454.657 1003.15247 -316.8274 -1272.5464 -2079.2175 -2846.3103 3084.5854 3101.303 3117.92 
-3085.391 -3071.0906 -3056.79 -3042.691 -3028.7932 -3014.8955 -3000.8972 -2987.201 -2619.818 -2187.0757 -1734.7961 -1323.706 -900.93384 -663.8672 -408.37097 51.461792 372.61963 615.52734 1101.4435 2487.1855 3299.8992 3299.8992 3299.8992 3299.8992 3299.8992 3299.8992 3299.8992 3299.8992 3299.8992 3299.8992 3299.8992 3299.8992 3290.332 832.8552 -1410.1135 -2992.1355 -3146.6216 -3131.6162 -3116.9128 -3102.31 -3087.808 -3073.5076 -3059.3079 -3045.108 -3031.1096 -3017.212 -3003.4148 -2989.7185 -2847.5188 -2478.6255 -1980.1208 -1636.908 -1060.3546 -575.8484 -159.21936 15.811157 255.09338 552.48413 1197.2168 2735.2295 3299.8992 3299.8992 3299.8992 3299.8992 3299.8992 3299.8992 3299.8992 3299.8992 3299.8992 3299.8992 3299.8992 3299.8992 2919.223 239.88647 -1863.1989 -3153.9734 -3138.8672 -3124.063 -3109.259 -3094.6562 -3080.2551 -3065.9546 -3051.7546 -3037.6555 -3023.7578 -3009.7595 -2996.0632 -2982.1655 -2641.3696 -2189.0898 -1771.8567 -1425.3204 -944.2383 -519.95544 -52.670288 319.3451 363.4552 589.34326 1247.4701 2729.2876 3299.8992 3299.8992 3299.8992 3299.8992 3299.8992 3299.8992 3299.8992 3299.8992 3299.8992 3299.8992 3299.8992 3299.8992 3004.6233 384.30176 -1676.3855 -3155.7861 -3140.68 -3125.6743 -3111.0718 -3096.469 -3081.8665 -3067.6665 -3053.8696 -3039.4683 -3025.5706 -3011.6729 -2997.876 -2983.9783 -2643.283 -2268.9514 -1628.0457 -1305.8807 -912.9181 -651.3794 -412.09717 -115.7135 169.18945 518.74695 1391.0797 2943.7957 3299.8992 3299.8992 3299.8992 3299.8992 3299.8992 3299.8992 3299.8992 3299.8992 3299.8992 3299.8992 3299.8992 3299.8992 2569.5647 -187.21619 -2244.983 -3147.528 -3132.321 -3117.6177 -3102.9143 -3088.4124 -3074.2126 -3059.8113 -3045.6116 -3031.613 -3017.8162 -3003.9185 -2990.1213 -2920.8342 -2583.3618 -2078.1096 -1823.7213 -1591.7908 -886.8347 -355.59998 40.585327 347.2412 547.348 762.2589 1448.4833 2906.9365 3299.8992 3299.8992 3299.8992 3299.8992 3299.8992 3299.8992 3299.8992 3299.8992 3299.8992 3299.8992 3299.8992 3299.8992 2726.1658 -9.567261 -1850.2075 -3151.355 -3136.2488 -3121.344 -3106.6406 -3092.0378 -3077.6367 -3063.4368 -3049.237 -3035.2385 -3021.2402 -3007.3425 -2993.5454 -2977.3315 -2770.4773 -2313.9678 -1734.8969 -1391.0797 -984.11865 -535.7666 -96.17615 265.4663 617.7429 874.44763 1628.8513 3085.5925 

-38.168335 -38.168335 -38.168335 -38.168335 -38.168335 -38.168335 -38.168335 -38.168335 -38.168335 -38.168335 -38.168335 -38.168335 -38.168335 -38.168335 -38.168335 -38.168335 -38.168335 -38.168335 -38.168335 -38.168335 -38.168335 -38.168335 -38.168335 -38.168335 -38.168335 -38.168335 -38.168335 -38.168335 -38.168335 -38.168335 -38.168335 -38.168335 -38.168335 -38.168335 -38.168335 -38.168335 -38.168335 -38.168335 -38.168335 -38.168335 -38.168335 -38.168335 -38.168335 -38.168335 -38.168335 -38.168335 -38.168335 -38.168335 -38.168335 -38.168335 -38.168335 -38.168335 -38.168335 -38.168335 -38.168335 -38.168335 -38.168335 -38.168335 -38.168335 -38.168335 -38.168335 -38.168335 -38.168335 -38.168335 -38.168335 -38.168335 -38.168335 -38.168335 -38.168335 -38.168335 -38.168335 -38.168335 -38.168335 -38.168335 -38.168335 -38.168335 -38.168335 -38.168335 -38.168335 -38.168335 -38.168335 -38.168335 -38.168335 -38.168335 -38.168335 -38.168335 -38.168335 -38.168335 -38.168335 -38.168335 -38.168335 -38.168335 -38.168335 -38.168335 -38.168335 -38.168335 -38.168335 -38.168335 -38.168335 -38.168335 -38.168335 -38.168335 -38.168335 -38.168335 -38.168335 -38.168335 -38.168335 -38.168335 -38.168335 -38.168335 -38.168335 -38.168335 -38.168335 -38.168335 -38.168335 -38.168335 -38.168335 -38.168335 -38.168335 -38.168335 -38.168335 -38.168335 -38.168335 -38.168335 -38.168335 -38.168335 -38.168335 -38.168335 -38.168335 -38.168335 -38.168335 -38.168335 -38.168335 -38.168335 -38.168335 -38.168335 -38.168335 -38.168335 -38.168335 -38.168335 -38.168335 -38.168335 -38.168335 -38.168335 -38.168335 -38.168335 -38.168335 -38.168335 -38.168335 -38.168335 -38.168335 -38.168335 -38.168335 -38.168335 -38.168335 -38.168335 -38.168335 -38.168335 -38.168335 -38.168335 -38.168335 -38.168335 -38.168335 -38.168335 -38.168335 -38.168335 -38.168335 -38.168335 -38.168335 -38.168335 -38.168335 -38.168335 -38.168335 -38.168335 -38.168335 -38.168335 -38.168335 -38.168335 -38.168335 -38.168335 -38.168335 -38.168335 -38.168335 -38.168335 -38.168335 -38.168335 -38.168335 -38.168335 -38.168335 -38.168335 -38.168335 -38.168335 -38.168335 -38.168335 -38.168335 -38.168335 -38.168335 -38.168335 -38.168335 -38.168335 
-125.38147 -163.85193 -177.95105 -191.94946 -174.42627 -176.54114 -199.40186 -232.13196 -239.38293 -224.47815 -201.71814 -185.20203 -139.27917 -115.61279 -100.50659 -90.13367 -64.151 -40.88745 -48.94409 -37.664795 -14.501953 0.80566406 5.1361084 10.574341 10.272217 17.523193 31.32019 48.94409 48.94409 45.822144 32.226562 26.989746 38.269043 36.35559 41.693115 34.140015 24.673462 29.608154 24.169922 42.90161 43.40515 40.38391 24.673462 8.660889 5.3375244 -3.5247803 -12.991333 2.5177002 24.169922 26.083374 38.067627 50.55542 59.21631 57.000732 59.61914 62.942505 61.12976 53.878784 62.23755 63.848877 67.07153 65.15808 60.525513 43.50586 28.399658 20.947266 -0.50354004 -5.5389404 -27.593994 -39.47754 -28.29895 -29.608154 -26.28479 -16.314697 -25.177002 -31.420898 -29.003906 -3.9276123 33.132935 40.88745 15.811157 -0.70495605 -20.141602 4.4311523 17.825317 -24.77417 -75.027466 -121.45386 -123.36731 -90.03296 -62.841797 -30.917358 -19.134521 2.9205322 8.761597 34.140015 47.43347 50.354004 51.663208 48.94409 41.89453 36.35559 28.601074 11.178589 -8.963013 -10.977173 -4.3304443 -6.0424805 -8.258057 -12.991333 -10.171509 -11.178589 -2.3162842 17.019653 22.558594 26.687622 5.4382324 -18.73169 -25.78125 -36.053467 -29.708862 -23.666382 -29.104614 -47.53418 -39.175415 -44.714355 -61.73401 -70.89844 -94.86694 -80.26428 -69.28711 -67.77649 -67.57507 -37.96692 -12.991333 35.046387 88.42163 127.194214 136.86218 132.73315 139.78271 157.10449 192.05017 224.07532 242.30347 256.604 247.43958 193.86292 134.44519 107.25403 93.15491 31.622314 -17.825317 -12.991333 -19.033813 -71.502686 -133.74023 -189.63318 -220.1477 -228.40576 -235.75745 -229.61426 -226.3916 -194.36646 -151.66626 -119.74182 -97.88818 -78.25012 -55.288696 -51.663208 -66.16516 -57.20215 -51.663208 -43.103027 -35.95276 -33.636475 -28.701782 -31.924438 -29.30603 -17.926025 -23.565674 -17.321777 11.077881 22.860718 38.47046 48.843384 46.42639 33.43506 40.48462 41.592407 25.177002 18.127441 32.629395 51.864624 71.30127 65.56091 49.850464 31.521606 23.666382 -0.80566406 
3299.8992 3299.8992 3299.8992 3299.8992 3299.8992 3299.8992 3299.8992 3299.8992 3299.8992 3299.8992 3299.8992 3285.498 3260.5225 3274.3193 3291.339 -3291.9434 -3275.5278 -3259.1125 -3242.9993 -3226.9866 -3211.1755 -3195.767 -3179.7546 -3164.8499 -3149.5422 -3134.3352 -3119.1284 -3104.3242 -3089.6208 -3074.9175 -3060.4155 -3046.115 -2795.352 -71.40198 3057.2937 3299.8992 3299.8992 3299.8992 3299.8992 3299.8992 3299.8992 3299.8992 3299.8992 3299.8992 3299.8992 3299.8992 3299.8992 3299.8992 3299.8992 3299.8992 3299.8992 3284.0881 3059.4084 3275.3264 3292.2454 -3291.0369 -3274.6216 -3258.206 -3242.0928 -3226.0803 -3210.1685 -3194.2566 -3179.1504 -3163.339 -3148.1323 -3133.1267 -3118.4233 -3103.5186 -3088.8152 -3074.1118 -3059.7107 -3045.4102 -2558.084 267.6819 3166.864 3299.8992 3299.8992 3299.8992 3299.8992 3299.8992 3299.8992 3299.8992 3299.8992 3299.8992 3299.8992 3299.8992 3299.8992 3299.8992 3299.8992 3299.8992 3298.2878 3282.376 2578.8298 3276.132 3293.051 -3290.2312 -3273.816 -3257.4004 -3241.287 -3225.3752 -3209.5642 -3193.451 -3177.942 -3162.9363 -3147.7295 -3132.4219 -3117.3157 -3102.411 -3087.808 -3073.2056 -3058.8042 -3044.403 -2469.2595 423.9807 3299.8992 3299.8992 3299.8992 3299.8992 3299.8992 3299.8992 3299.8992 3299.8992 3299.8992 3299.8992 3299.8992 3299.8992 3299.8992 3299.8992 3299.8992 3299.8992 3297.2808 3281.1675 1992.6086 3277.6428 3294.5618 -3288.8213 -3272.406 -3256.192 -3239.978 -3223.9653 -3208.255 -3192.1416 -3177.1362 -3161.325 -3146.2188 -3131.2134 -3116.3086 -3101.6052 -3086.9019 -3072.299 -3057.797 -3043.5974 -2349.3164 576.0498 3299.8992 3299.8992 3299.8992 3299.8992 3299.8992 3299.8992 3299.8992 3299.8992 3299.8992 3299.8992 3299.8992 3299.8992 3299.8992 3299.8992 3299.8992 3299.8992 3296.576 3280.5632 1200.0366 3279.4556 3296.2737 -3287.0085 -3270.5933 -3254.2786 -3238.2659 -3222.354 -3206.4421 -3190.5303 -3174.9207 -3160.0159 -3144.8088 -3129.602 -3114.4958 -3099.591 -3084.9883 -3070.3857 -3055.9844 -3041.5833 -1874.881 1108.0902 3299.8992 3299.8992 3299.8992 3299.8992 3299.8992 3299.8992 
3299.8992 3299.8992 3299.8992 3299.8992 3299.8992 3299.8992 3299.8992 3299.8992 3299.1943 3284.2896 3269.5862 3254.5806 3140.7805 3244.2078 3260.2202 3275.9307 3291.4397 3299.8992 -3277.9448 -3262.9395 -3247.9338 -3232.9285 -3218.527 -3203.9246 -3189.5232 -3175.3235 -3160.922 -3146.9238 -3132.9253 -3119.0276 -3105.13 -3091.5344 -1821.6064 742.52014 3037.7563 3299.8992 3299.8992 3299.8992 3299.8992 3299.8992 3299.8992 3299.8992 3299.8992 3299.8992 3299.8992 3299.8992 3299.8992 3299.8992 3296.9788 3282.2754 3267.3706 3252.365 2674.9053 3245.4163 3261.3281 3276.9377 3292.4468 3299.8992 -3277.0386 -3261.9324 -3246.9268 -3231.9214 -3217.4194 -3203.018 -3188.516 -3174.5178 -3160.0159 -3145.9167 -3131.8176 -3118.1213 -3104.3242 -3090.7288 -1230.249 1509.1095 3299.8992 3299.8992 3299.8992 3299.8992 3299.8992 3299.8992 3299.8992 3299.8992 3299.8992 3299.8992 3299.8992 3299.8992 3299.8992 3299.8992 3290.5334 3275.83 3260.9253 3246.222 2133.5999 3241.388 3257.4004 3273.1108 3288.6199 3299.8992 -3280.8655 -3265.7593 -3250.8545 -3235.7483 -3221.347 -3206.7444 -3192.2424 -3177.7405 -3163.742 -3149.6428 -3135.6445 -3121.7468 -3108.0505 -3094.3542 -1563.4918 1079.187 3299.8992 3299.8992 3299.8992 3299.8992 3299.8992 3299.8992 3299.8992 3299.8992 3299.8992 3299.8992 3299.8992 3299.8992 3299.8992 3299.8992 3290.5334 3275.83 3261.026 3246.121 1578.9001 3243.5027 3259.4146 3275.125 3290.634 3299.8992 -3278.8513 -3263.745 -3248.941 -3233.7341 -3219.3328 -3204.8308 -3190.3289 -3175.827 -3161.8286 -3147.7295 -3133.6304 -3119.934 -3106.137 -3092.4407 -1246.5637 1350.6958 3299.8992 3299.8992 3299.8992 3299.8992 3299.8992 3299.8992 3299.8992 3299.8992 3299.8992 3299.8992 3299.8992 3299.8992 3299.8992 3299.8992 3289.5264 3274.7222 3259.9182 3245.0134 787.2345 3244.9126 3260.8245 3276.3335 3291.9434 3299.8992 -3277.6428 -3262.5366 -3247.6318 -3233.029 -3218.1243 -3203.6223 -3189.2212 -3174.7192 -3160.62 -3146.6216 -3132.6233 -3118.8262 -3105.0293 -3091.2322 -1051.593 1593.2007 3299.8992 3299.8992 3299.8992 3299.8992 3299.8992 3299.8992 
3204.5288 3219.8364 3234.7412 3250.1494 3265.155 3280.0598 3294.461 -3290.5334 -3275.83 -3261.1267 -3246.7253 -3232.4248 -2680.6458 3299.8992 3299.8992 3299.8992 3299.8992 3299.8992 3299.8992 3287.915 3273.1108 3258.307 3243.0999 3228.0945 3213.693 3198.9897 3184.085 3168.8782 3154.8796 3140.68 3126.3794 2711.261 830.9418 -895.4956 -2241.2566 3245.6177 3145.111 3160.8215 3176.4312 3191.9402 3207.2478 3222.5554 3237.561 3252.7678 3267.3706 3282.376 3297.4822 -3287.8142 -3273.5137 -3259.0117 -3244.5098 -3230.31 -2230.8838 3299.8992 3299.8992 3299.8992 3299.8992 3299.8992 3299.8992 3287.3108 3272.406 3257.5012 3242.8984 3228.0945 3212.9883 3198.285 3184.085 3168.6768 3154.1748 3140.0757 3125.8757 2742.279 929.7363 -814.8285 -2270.2605 3166.0583 3144.0032 3159.7136 3175.2227 3190.8325 3206.1401 3221.347 3236.7554 3251.5593 3267.0684 3281.9731 3296.3745 -3288.7207 -3273.9165 -3259.314 -3244.9126 -3230.5115 -1840.1367 3299.8992 3299.8992 3299.8992 3299.8992 3299.8992 3299.8992 3285.0952 3270.291 3255.3862 3240.3809 3225.2747 3210.8733 3196.17 3181.1646 3166.159 3152.0598 3137.9607 3121.8474 2447.9094 503.84216 -1116.1469 -2364.7246 3197.4792 3146.4202 3162.2314 3177.841 3193.451 3208.6577 3223.9653 3239.0715 3254.1777 3269.1833 3284.0881 3298.59 -3286.5051 -3271.701 -3257.199 -3242.8984 -3228.4973 -1506.6925 3299.8992 3299.8992 3299.8992 3299.8992 3299.8992 3299.8992 3285.3972 3270.5933 3255.6885 3240.5823 3225.879 3210.7727 3196.0693 3181.7688 3166.4612 3151.9592 3137.7593 3120.236 2287.1794 373.22388 -1349.1852 -2640.3625 3135.0403 3150.8513 3166.6626 3182.0708 3197.5798 3212.8875 3228.0945 3243.402 3258.307 3273.5137 3288.5193 3299.8992 -3282.1746 -3267.3706 -3252.9692 -3238.568 -3224.2676 -894.2871 3299.8992 3299.8992 3299.8992 3299.8992 3299.8992 3299.8992 3287.21 3272.0032 3257.2998 3242.0928 3227.0874 3212.5854 3197.9827 3182.8765 3167.871 3153.772 3139.6729 3123.5596 2341.5618 475.5432 -1086.3373 -2344.7844 3166.7632 3148.938 3164.749 3180.0566 3195.6665 
3299.8992 3299.8992 3299.8992 3299.8992 3299.8992 3299.8992 3299.8992 3299.8992 3299.8992 3299.8992 3299.8992 3299.8992 3299.8992 -1960.8856 -3197.5798 -3181.9702 -3166.5618 -3151.355 -3136.2488 -3121.4446 -3106.4392 -3091.8364 -3077.133 -3062.8325 -3048.532 -3034.3323 -3020.2332 -3006.436 -2992.4377 -2978.6406 -2964.9443 -2951.4495 -2921.237 -1655.9418 -130.01404 1404.5746 2891.226 3299.8992 3299.8992 3299.8992 3299.8992 3299.8992 3299.8992 3299.8992 3299.8992 3299.8992 3299.8992 3299.8992 3299.8992 3299.8992 3299.8992 3299.8992 3299.8992 -2362.8113 -3190.933 -3175.3235 -3160.0159 -3144.7083 -3129.7026 -3114.6973 -3099.994 -3085.391 -3071.0906 -3056.488 -3042.0867 -3027.887 -3013.8884 -2999.8901 -2986.1938 -2972.3967 -2958.7004 -2945.2056 -2675.5095 -1188.5559 393.26477 1748.6938 3042.5903 3299.8992 3299.8992 3299.8992 3299.8992 3299.8992 3299.8992 3299.8992 3299.8992 3299.8992 3299.8992 3299.8992 3299.8992 3299.8992 3299.8992 3299.8992 3299.8992 -2681.4514 -3190.631 -3175.122 -3159.7136 -3144.5068 -3129.2998 -3114.4958 -3099.7925 -3085.089 -3070.99 -3056.2866 -3041.986 -3027.887 -3013.7878 -2999.7893 -2985.9924 -2972.1953 -2958.5999 -2945.0042 -2598.9714 -1227.6306 222.6654 1601.7609 2819.8242 3299.8992 3299.8992 3299.8992 3299.8992 3299.8992 3299.8992 3299.8992 3299.8992 3299.8992 3299.8992 3299.8992 3299.8992 3299.8992 3299.8992 3299.8992 3167.3674 -3138.9678 -3186.2 -3170.691 -3155.2825 -3140.1763 -3125.07 -3110.266 -3095.462 -3080.8594 -3066.156 -3051.956 -3037.7563 -3023.6572 -3009.558 -2995.6604 -2981.964 -2968.167 -2954.672 -2941.0767 -2551.2358 -978.3783 519.5526 1939.7369 3225.9795 3299.8992 3299.8992 3299.8992 3299.8992 3299.8992 3299.8992 3299.8992 3299.8992 3299.8992 3299.8992 3299.8992 3299.8992 3299.8992 3299.8992 3299.8992 2866.6533 -3201.4067 -3185.4949 -3169.8853 -3154.6782 -3139.4714 -3124.4658 -3109.6619 -3094.9585 -3080.3557 -3065.5518 -3051.4526 -3037.152 -3023.053 -3009.0544 -2995.1567 -2981.3599 -2967.6636 -2953.9673 -2940.4724 -2319.2046 -826.1078 809.7931 2291.7114 3299.8992 3299.8992 3299.8992 3299.8992 
3134.436 3151.0527 3166.9646 3183.5815 3199.4934 3215.7073 3231.5186 3247.229 3263.1409 3278.65 3294.2595 -3290.332 -2543.1792 2807.2356 3299.8992 3289.9292 3274.7222 3259.4146 3244.2078 3229.1016 3213.9954 3198.6877 3182.776 3167.7703 3152.4626 3137.155 3122.2502 3107.144 3092.34 3076.831 3057.2937 2340.2527 954.10767 -366.77856 -1380.8075 -2180.0261 -2832.4126 3084.8877 3101.7058 3118.4233 3134.9395 3151.4556 3167.2668 3183.8835 3199.8962 3215.9087 3231.9214 3247.7324 3263.4429 3279.0527 3294.6624 -3289.9292 -2247.9033 3277.1392 3299.8992 3287.915 3272.708 3257.5012 3242.2942 3227.188 3212.0818 3196.5728 3180.661 3165.6555 3150.4485 3135.2417 3120.0347 3105.0293 3090.326 3074.6155 3029.2969 2082.843 671.6217 -577.76184 -1652.3163 -2486.5813 -3198.9897 3091.8364 3108.4534 3125.171 3141.7876 3158.1023 3173.9136 3190.4297 3206.543 3222.354 3238.3667 3254.3792 3269.989 3285.498 3299.8992 -3283.383 -1975.0854 3299.8992 3299.8992 3292.8496 3277.542 3262.3352 3247.1282 3232.022 3216.7144 3201.3062 3185.9985 3170.3887 3154.9805 3139.6729 3124.5667 3109.561 3094.6562 3079.248 3053.9702 2222.525 755.10864 -504.4464 -1361.2701 -2154.95 -2877.7312 3089.8223 3106.7412 3123.3582 3139.8743 3156.2896 3172.705 3188.8184 3204.8308 3220.7427 3236.7554 3252.4658 3268.2769 3283.9873 3299.4963 -3285.0952 -1408.6029 3299.8992 3299.8992 3287.5122 3272.3052 3256.897 3241.7908 3226.6846 3211.377 3196.0693 3180.8623 3165.2527 3149.945 3134.6375 3119.6318 3104.5256 3089.6208 3074.1118 2994.049 1970.2515 469.0979 -731.34155 -1586.4532 -2347.8057 -3093.6492 3092.1387 3108.9568 3125.6743 3142.0898 3158.4045 3174.9207 3191.034 3206.845 3222.8577 3238.7695 3254.6814 3270.291 3285.901 3299.8992 -3283.081 -1147.2656 3299.8992 3299.8992 3288.217 3273.0103 3257.8032 3242.4956 3227.2888 3212.0818 3196.6736 3181.4666 3165.857 3150.5493 3135.2417 3120.236 3105.13 3090.326 3074.716 2882.1624 1700.354 262.04224 -873.33984 -1851.7181 -2543.0786 -3177.2368 3098.7854 3115.503 3132.1196 
3299.8992 3299.8992 3299.8992 3299.8992 3299.8992 3299.8992 3299.8992 3299.8992 3299.8992 3299.8992 3299.8992 3299.8992 2417.7979 -328.4088 -2178.8176 -3149.6428 -3134.436 -3119.5312 -3104.9285 -3090.4265 -3075.9246 -3061.7249 -3047.525 -3033.4258 -3019.528 -3005.6304 -2991.934 -2978.2378 -2834.729 -2424.646 -1813.0463 -1372.6501 -1116.1469 -789.04724 -509.78394 -198.59619 132.43103 436.66992 1331.2592 2881.3567 3299.8992 3299.8992 3299.8992 3299.8992 3299.8992 3299.8992 3299.8992 3299.8992 3299.8992 3299.8992 3299.8992 3299.8992 2365.631 -307.66296 -2167.8406 -3135.1409 -3120.1355 -3105.3313 -3090.7288 -3076.2268 -3061.8254 -3047.6257 -3033.5266 -3019.528 -3005.7312 -2991.934 -2976.526 -2590.7134 -2179.1199 -1776.4893 -1499.7437 -1190.0665 -579.17175 -148.04077 305.04456 317.53235 378.96423 646.7468 1607.2998 3170.7915 3299.8992 3299.8992 3299.8992 3299.8992 3299.8992 3299.8992 3299.8992 3299.8992 3299.8992 3299.8992 3299.8992 3299.8992 1883.5419 -748.2605 -2542.575 -3140.982 -3126.0771 -3111.0718 -3096.5698 -3081.967 -3067.6665 -3053.4668 -3039.3677 -3025.2686 -3011.4714 -2997.7751 -2983.8774 -2777.124 -2505.6152 -2092.4102 -1705.6915 -1402.359 -902.54517 -392.05627 -41.89453 281.47888 619.9585 989.15405 1944.1681 3299.8992 3299.8992 3299.8992 3299.8992 3299.8992 3299.8992 3299.8992 3299.8992 3299.8992 3299.8992 3299.8992 3299.8992 3299.8992 2012.4481 -605.55725 -2381.543 -3143.4998 -3128.3936 -3113.5894 -3098.9868 -3084.4849 -3070.1843 -3055.8838 -3041.7847 -3027.887 -3013.8884 -3000.0916 -2986.2944 -2710.153 -2267.9443 -1764.4043 -1146.2585 -837.4878 -336.76758 -8.459473 267.37976 546.1395 686.9293 921.7804 1951.2177 3299.8992 3299.8992 3299.8992 3299.8992 3299.8992 3299.8992 3299.8992 3299.8992 3299.8992 3299.8992 3299.8992 3299.8992 3299.8992 1477.2858 -1067.807 -2668.6614 -3153.3691 -3138.3635 -3123.5596 -3108.8562 -3094.3542 -3079.953 -3065.7532 -3051.5532 -3037.555 -3023.6572 -3009.7595 -2996.0632 -2832.1106 -2432.6018 -1880.9235 -1498.938 -1277.7832 -792.0685 -398.6023 -121.25244 141.99829 338.2782 704.5532 1897.1375 3299.8992 

-38.168335 -38.168335 -38.168335 -38.168335 -38.168335 -38.168335 -38.168335 -38.168335 -38.168335 -38.168335 -38.168335 -38.168335 -38.168335 -38.168335 -38.168335 -38.168335 -38.168335 -38.168335 -38.168335 -38.168335 -38.168335 -38.168335 -38.168335 -38.168335 -38.168335 -38.168335 -38.168335 -38.168335 -38.168335 -38.168335 -38.168335 -38.168335 -38.168335 -38.168335 -38.168335 -38.168335 -38.168335 -38.168335 -38.168335 -38.168335 -38.168335 -38.168335 -38.168335 -38.168335 -38.168335 -38.168335 -38.168335 -38.168335 -38.168335 -38.168335 -38.168335 -38.168335 -38.168335 -38.168335 -38.168335 -38.168335 -38.168335 -38.168335 -38.168335 -38.168335 -38.168335 -38.168335 -38.168335 -38.168335 -38.168335 -38.168335 -38.168335 -38.168335 -38.168335 -38.168335 -38.168335 -38.168335 -38.168335 -38.168335 -38.168335 -38.168335 -38.168335 -38.168335 -38.168335 -38.168335 -38.168335 -38.168335 -38.168335 -38.168335 -38.168335 -38.168335 -38.168335 -38.168335 -38.168335 -38.168335 -38.168335 -38.168335 -38.168335 -38.168335 -38.168335 -38.168335 -38.168335 -38.168335 -38.168335 -38.168335 -38.168335 -38.168335 -38.168335 -38.168335 -38.168335 -38.168335 -38.168335 -38.168335 -38.168335 -38.168335 -38.168335 -38.168335 -38.168335 -38.168335 -38.168335 -38.168335 -38.168335 -38.168335 -38.168335 -38.168335 -38.168335 -38.168335 -38.168335 -38.168335 -38.168335 -38.168335 -38.168335 -38.168335 -38.168335 -38.168335 -38.168335 -38.168335 -38.168335 -38.168335 -38.168335 -38.168335 -38.168335 -38.168335 -38.168335 -38.168335 -38.168335 -38.168335 -38.168335 -38.168335 -38.168335 -38.168335 -38.168335 -38.168335 -38.168335 -38.168335 -38.168335 -38.168335 -38.168335 -38.168335 -38.168335 -38.168335 -38.168335 -38.168335 -38.168335 -38.168335 -38.168335 -38.168335 -38.168335 -38.168335 -38.168335 -38.168335 -38.168335 -38.168335 -38.168335 -38.168335 -38.168335 -38.168335 -38.168335 -38.168335 -38.168335 -38.168335 -38.168335 -38.168335 -38.168335 -38.168335 -38.168335 -38.168335 -38.168335 -38.168335 -38.168335 -38.168335 -38.168335 -38.168335 -38.168335 -38.168335 -38.168335 -38.168335 -38.168335 -38.168335 -38.168335 -38.168335 -38.168335 -38.168335 -38.168335 -38.168335 
5.7403564 -5.7403564 -16.012573 -30.715942 -31.118774 -24.673462 -21.954346 -11.984253 -4.9346924 -4.4311523 -25.78125 -15.106201 -0.60424805 10.171509 12.084961 26.083374 38.168335 36.35559 44.311523 76.43738 83.88977 86.00464 86.206055 80.56641 68.38074 22.155762 9.667969 17.422485 16.415405 28.701782 24.069214 7.6538086 -11.984253 -6.9488525 19.537354 22.155762 1.5106201 -17.523193 -38.47046 -78.45154 -103.829956 -84.79614 -30.212402 -12.789917 0 -12.387085 -15.710449 -4.7332764 4.7332764 13.293457 18.026733 7.5531006 6.5460205 22.659302 22.961426 16.918945 6.5460205 -8.258057 -35.751343 -18.22815 -5.8410645 -7.3516846 -4.8339844 27.29187 43.203735 41.89453 35.751343 32.025146 28.601074 -1.4099121 -31.924438 -34.84497 -41.89453 -43.90869 -30.81665 -11.480713 1.7120361 -7.9559326 -14.904785 -36.35559 -43.40515 -77.948 -77.24304 -74.12109 -62.338257 -47.93701 -36.95984 -46.728516 -44.0094 -33.9386 -27.996826 -31.420898 -31.622314 -24.27063 -11.178589 2.3162842 1.9134521 -15.811157 -19.73877 0.20141602 5.4382324 24.472046 30.212402 35.85205 52.468872 62.74109 67.8772 62.74109 70.09277 68.58215 81.7749 123.568726 162.03918 189.23035 204.73938 204.43726 168.28308 169.49158 185.70557 172.81494 156.60095 123.065186 111.28235 107.455444 115.20996 89.83154 26.184082 -48.94409 -89.328 -163.4491 -207.05566 -203.63159 -201.91956 -188.42468 -172.41211 -176.0376 -191.04309 -185.30273 -164.85901 -144.81812 -93.0542 -41.39099 -32.528687 -44.41223 -45.01648 -19.23523 -3.9276123 24.371338 4.6325684 -3.5247803 2.5177002 19.73877 13.092041 5.9417725 13.494873 0.80566406 -31.521606 -54.986572 -52.468872 -41.39099 -27.896118 -27.694702 -41.592407 -54.281616 -62.13684 -56.19507 -42.095947 -38.571167 -15.509033 0.60424805 1.9134521 10.775757 14.300537 16.113281 8.761597 6.7474365 -7.0495605 -52.06604 -89.83154 -55.389404 -22.457886 10.272217 15.911865 26.889038 46.325684 65.963745 94.96765 129.81262 161.53564 195.37354 229.51355 252.17285 263.55286 248.64807 222.26257 186.2091 132.1289 95.67261 63.848877 22.860718 
3299.8992 3299.8992 3299.8992 3299.8992 3299.8992 3299.8992 3299.8992 3299.8992 3299.8992 3299.8992 3293.3533 3277.24 283.79517 3278.65 3295.5688 -3287.8142 -3271.4995 -3255.1848 -3238.971 -3223.059 -3207.2478 -3191.9402 -3176.532 -3160.7207 -3145.514 -3130.7097 -3115.805 -3101.001 -3086.2976 -3071.6948 -3057.2937 -3042.9932 -1980.0201 1067.0013 3299.8992 3299.8992 3299.8992 3299.8992 3299.8992 3299.8992 3299.8992 3299.8992 3299.8992 3299.8992 3299.8992 3299.8992 3299.8992 3299.8992 3299.8992 3299.8992 3292.8496 3276.8372 -611.59973 3280.3618 3297.1802 -3286.203 -3269.6868 -3253.5735 -3237.4602 -3221.4478 -3205.7373 -3189.7246 -3174.6184 -3158.908 -3143.7012 -3128.6956 -3113.9922 -3099.2888 -3084.6863 -3070.0835 -3055.5815 -3041.3818 -1724.5239 1298.2269 3299.8992 3299.8992 3299.8992 3299.8992 3299.8992 3299.8992 3299.8992 3299.8992 3299.8992 3299.8992 3299.8992 3299.8992 3299.8992 3299.8992 3299.8992 3299.8992 3292.2454 3276.0315 -1677.3926 3282.2754 3299.0935 -3284.3901 -3267.9749 -3251.7607 -3235.6475 -3219.7356 -3203.9246 -3188.617 -3172.8057 -3157.6995 -3142.5933 -3127.3865 -3112.2803 -3097.577 -3082.7727 -3068.2708 -3053.8696 -3039.6697 -1455.4321 1543.2495 3299.8992 3299.8992 3299.8992 3299.8992 3299.8992 3299.8992 3299.8992 3299.8992 3299.8992 3299.8992 3299.8992 3299.8992 3299.8992 3299.8992 3299.8992 3299.8992 3291.0369 3274.823 -3056.0852 3283.9873 3299.8992 -3282.4768 -3266.3635 -3249.948 -3233.9355 -3218.0237 -3202.3132 -3186.9048 -3171.5972 -3155.8867 -3140.68 -3125.8757 -3110.971 -3096.2676 -3081.5642 -3067.0623 -3052.6611 -3038.3606 -1050.6866 1983.2428 3299.8992 3299.8992 3299.8992 3299.8992 3299.8992 3299.8992 3299.8992 3299.8992 3299.8992 3299.8992 3299.8992 3299.8992 3299.8992 3299.8992 3299.8992 3299.8992 3288.1165 3271.6003 3266.565 3283.786 3299.8992 -3282.8796 -3266.565 -3250.3508 -3234.137 -3218.4265 -3202.6152 -3186.7034 -3171.1943 -3156.189 -3141.0828 -3125.7751 -3110.8704 -3095.9656 -3081.2622 -3066.8608 -3052.4597 -3038.1592 -928.3264 2202.7861 3299.8992 3299.8992 3299.8992 3299.8992 3299.8992 3299.8992 
3299.8992 3299.8992 3299.8992 3299.8992 3299.8992 3299.8992 3299.8992 3299.8992 3288.217 3273.5137 3258.7097 3243.704 166.47034 3245.4163 3261.3281 3276.9377 3292.4468 3299.8992 -3277.0386 -3262.033 -3247.1282 -3232.5256 -3217.6208 -3203.119 -3188.7175 -3174.2156 -3160.2173 -3146.1182 -3132.1196 -3118.222 -3104.425 -3090.8293 -1002.74963 1538.8184 3299.8992 3299.8992 3299.8992 3299.8992 3299.8992 3299.8992 3299.8992 3299.8992 3299.8992 3299.8992 3299.8992 3299.8992 3299.8992 3299.8992 3288.8213 3274.118 3259.314 3244.3083 -824.6979 3248.7395 3264.5508 3280.1604 3295.5688 -3289.1235 -3273.9165 -3258.8103 -3244.107 -3229.5044 -3214.2974 -3199.9968 -3185.6963 -3171.1943 -3157.196 -3143.097 -3129.1992 -3115.402 -3101.6052 -2859.5032 -526.30005 1957.3608 3299.8992 3299.8992 3299.8992 3299.8992 3299.8992 3299.8992 3299.8992 3299.8992 3299.8992 3299.8992 3299.8992 3299.8992 3299.8992 3299.8992 3285.901 3271.1975 3256.4941 3241.287 -1819.0887 3248.3367 3264.2485 3279.7576 3295.2666 -3289.4255 -3274.3193 -3259.2131 -3244.3083 -3229.9072 -3215.0024 -3200.3997 -3185.9985 -3171.4966 -3157.498 -3143.4998 -3129.602 -3115.7043 -3102.008 -2996.5667 -612.204 1964.1083 3299.8992 3299.8992 3299.8992 3299.8992 3299.8992 3299.8992 3299.8992 3299.8992 3299.8992 3299.8992 3299.8992 3299.8992 3299.8992 3299.8992 3286.6057 3271.8018 3257.0984 3241.8914 -2459.491 3250.4517 3266.3635 3281.8726 3297.3816 -3287.4114 -3272.3052 -3257.2998 -3242.395 -3227.893 -3212.9883 -3198.3855 -3183.9844 -3169.583 -3155.5847 -3141.4856 -3127.588 -3113.7908 -3100.1953 -2824.4568 -296.18225 2100.064 3299.8992 3299.8992 3299.8992 3299.8992 3299.8992 3299.8992 3299.8992 3299.8992 3299.8992 3299.8992 3299.8992 3299.8992 3299.8992 3299.8992 3285.5986 3270.8953 3256.0913 3240.7837 3236.4531 3252.5664 3268.3777 3283.9873 3299.3958 -3285.2966 -3270.291 -3255.2856 -3240.3809 -3225.476 -3211.0747 -3196.6736 -3182.1716 -3168.0725 -3153.772 -3139.6729 -3125.7751 -3111.978 -3098.2817 -2791.7266 -315.31677 2164.0137 3299.8992 3299.8992 3299.8992 3299.8992 3299.8992 3299.8992 
3211.0747 3226.2817 3241.287 3256.4941 3271.0967 3286.0015 3299.8992 -3284.1887 -3269.8882 -3255.3862 -3240.985 -3226.6846 -527.3071 3299.8992 3299.8992 3299.8992 3299.8992 3299.8992 3297.885 3283.081 3268.1763 3253.372 3238.6687 3223.6633 3208.7585 3194.0552 3179.7546 3164.447 3150.0457 3135.9465 3117.2148 2081.735 103.930664 -1541.0339 -2679.0344 3136.5508 3152.362 3168.0725 3183.4807 3198.8892 3214.2974 3229.4036 3244.812 3259.8174 3274.9236 3289.8284 3299.8992 -3280.7646 -3266.0613 -3251.6602 -3237.2588 -3223.059 321.9635 3299.8992 3299.8992 3299.8992 3299.8992 3299.8992 3298.2878 3283.484 3268.4783 3253.6743 3238.6687 3223.764 3208.96 3194.2566 3179.3518 3164.3462 3150.4485 3136.2488 3117.7185 1960.3821 54.58374 -1516.5619 -2774.3042 3138.162 3153.9734 3169.583 3185.1929 3200.601 3215.9087 3231.015 3245.9197 3261.2273 3275.83 3290.8354 3299.8992 -3279.4556 -3265.3564 -3250.7537 -3236.3525 -3222.1526 723.98987 3299.8992 3299.8992 3299.8992 3299.8992 3299.8992 3297.4822 3282.6782 3267.7734 3252.8687 3238.0645 3223.361 3208.3557 3193.5515 3179.251 3164.0442 3149.5422 3135.443 3116.2078 1943.0603 94.16199 -1381.9153 -2656.2744 3136.0474 3151.8584 3167.4683 3183.078 3198.587 3213.9954 3229.0007 3244.4092 3259.4146 3274.2188 3289.0227 3299.8992 -3281.1675 -3266.867 -3252.365 -3237.863 -3223.764 1286.6455 3299.8992 3299.8992 3299.8992 3299.8992 3299.8992 3293.9575 3279.1533 3264.3494 3249.4446 3234.7412 3219.7356 3205.2336 3190.631 3175.6255 3160.62 3146.823 3132.4219 3099.1882 1716.9708 -178.656 -1617.1692 -2839.865 3137.7593 3153.5706 3169.281 3184.6892 3200.1982 3215.5059 3230.612 3245.6177 3260.5225 3275.83 3290.634 3299.8992 -3280.0598 -3265.2556 -3250.8545 -3236.4531 -3222.2534 1900.058 3299.8992 3299.8992 3299.8992 3299.8992 3299.8992 3293.051 3278.1462 3263.3423 3248.538 3233.2305 3218.527 3203.9246 3189.3218 3174.3164 3159.3108 3145.514 3131.2134 3075.2197 1638.8214 -250.15869 -1765.3107 -2991.2292 3138.4644 3154.1748 3169.9858 3185.4949 3200.8025 
3299.8992 3299.8992 3299.8992 3299.8992 3299.8992 3299.8992 3299.8992 3299.8992 3299.8992 3299.8992 3299.8992 3299.8992 2408.3313 -3202.6152 -3186.6028 -3171.1943 -3155.9875 -3140.8813 -3125.7751 -3110.8704 -3096.2676 -3081.5642 -3067.3645 -3052.7617 -3038.3606 -3024.2615 -3010.1624 -2996.2646 -2982.5684 -2968.6707 -2955.1758 -2941.58 -2255.7585 -640.70435 796.70105 2269.1528 3299.8992 3299.8992 3299.8992 3299.8992 3299.8992 3299.8992 3299.8992 3299.8992 3299.8992 3299.8992 3299.8992 3299.8992 3299.8992 3299.8992 3299.8992 3299.8992 2121.817 -3203.5217 -3187.6099 -3172.1008 -3156.6924 -3141.687 -3126.5808 -3111.7766 -3096.9727 -3082.3699 -3068.2708 -3053.6682 -3039.2668 -3025.0671 -3011.1694 -2997.171 -2983.4746 -2969.577 -2956.082 -2942.5872 -1918.689 -325.08545 1139.4104 2462.7136 3299.8992 3299.8992 3299.8992 3299.8992 3299.8992 3299.8992 3299.8992 3299.8992 3299.8992 3299.8992 3299.8992 3299.8992 3299.8992 3299.8992 3299.8992 3299.8992 1460.4675 -3206.1401 -3190.3289 -3174.9207 -3159.613 -3144.3054 -3129.4006 -3114.5964 -3099.6917 -3085.089 -3070.4863 -3056.1858 -3042.0867 -3027.7861 -3013.8884 -2999.9907 -2986.093 -2972.3967 -2958.8013 -2945.3064 -2098.654 -440.59753 1014.43176 2442.1692 3299.8992 3299.8992 3299.8992 3299.8992 3299.8992 3299.8992 3299.8992 3299.8992 3299.8992 3299.8992 3299.8992 3299.8992 3299.8992 3299.8992 3299.8992 3299.8992 1078.482 -3205.0322 -3189.2212 -3173.7122 -3158.5051 -3143.2983 -3128.2927 -3113.4888 -3098.6846 -3083.9812 -3069.882 -3055.1787 -3040.979 -3026.88 -3012.8813 -2998.7822 -2985.086 -2971.289 -2957.5928 -2944.098 -2072.7722 -562.85706 996.0022 2482.4524 3299.8992 3299.8992 3299.8992 3299.8992 3299.8992 3299.8992 3299.8992 3299.8992 3299.8992 3299.8992 3299.8992 3299.8992 3299.8992 3299.8992 3299.8992 3299.8992 571.51794 -3201.709 -3185.8977 -3170.4895 -3155.182 -3139.9749 -3124.9695 -3110.1653 -3095.462 -3080.8594 -3066.7603 -3052.2583 -3037.857 -3023.7578 -3009.6587 -2995.761 -2982.0647 -2968.3684 -2954.773 -2941.1772 -1877.8015 -341.9037 1079.3884 2611.4592 3299.8992 3299.8992 3299.8992 3299.8992 
3148.5352 3164.9504 3181.2651 3197.2778 3213.1897 3229.1016 3245.0134 3260.8245 3276.4343 3292.1448 3299.8992 -3277.1392 -752.0874 3299.8992 3299.8992 3291.8425 3276.6357 3261.3281 3246.121 3230.8135 3215.6067 3200.0977 3184.2864 3169.1802 3153.8726 3138.7664 3123.5596 3108.6548 3093.8506 3078.241 3032.5195 2007.8156 604.14734 -506.8634 -1473.056 -2387.8875 -3072.0977 3093.8506 3110.669 3127.487 3143.9026 3160.3179 3176.1292 3192.6453 3208.5571 3224.6704 3240.5823 3256.2927 3272.1038 3287.6128 3299.8992 -3281.4697 -213.09814 3299.8992 3299.8992 3284.8938 3269.6868 3254.2786 3239.1724 3223.8647 3208.5571 3193.35 3177.4382 3162.2314 3147.1252 3131.9182 3117.0134 3101.9072 3087.0024 3068.875 2809.1492 1584.6405 150.35706 -945.4468 -1807.4066 -2558.084 -3248.4375 3097.577 3114.2944 3131.012 3147.528 3163.742 3179.5532 3196.0693 3211.9812 3227.893 3243.805 3259.7168 3275.4272 3290.9363 3299.8992 -3278.1462 176.44043 3299.8992 3299.8992 3285.6995 3270.4924 3255.2856 3240.0786 3224.771 3209.4634 3194.2566 3178.244 3163.2385 3147.931 3132.9253 3117.7185 3102.8137 3088.0095 3071.292 2953.1616 1797.3358 261.84082 -844.63806 -1758.8654 -2558.4868 -3162.6343 3095.3613 3112.0789 3128.7964 3145.111 3161.7278 3177.539 3193.8538 3209.967 3225.778 3241.8914 3257.6018 3273.3123 3288.8213 3299.8992 -3280.1604 612.6068 3299.8992 3296.878 3281.4697 3266.3635 3251.056 3235.8489 3220.7427 3205.435 3190.1274 3174.7192 3159.2102 3144.0032 3128.7964 3113.7908 3098.7854 3083.9812 3066.156 2819.522 1548.6877 110.6781 -974.35 -1890.9943 -2819.0186 3117.2148 3097.577 3114.2944 3130.8105 3147.3267 3163.6414 3179.5532 3195.9685 3212.0818 3228.0945 3243.9055 3259.7168 3275.3264 3290.8354 3299.8992 -3278.1462 1192.4835 3299.8992 3295.6694 3280.4626 3265.2556 3249.948 3234.7412 3219.7356 3204.3274 3189.0198 3173.108 3158.1023 3142.8955 3127.6885 3112.7837 3097.6775 3083.075 3064.9475 2711.1602 1407.3944 -39.779663 -1125.2106 -1970.4529 -2760.0037 3195.6665 3098.7854 3115.6035 3132.2205 
3299.8992 3299.8992 3299.8992 3299.8992 3299.8992 3299.8992 3299.8992 3299.8992 3299.8992 3299.8992 3299.8992 3299.8992 1302.2552 -1111.2122 -2864.4377 -3146.2188 -3131.1125 -3116.3086 -3101.7058 -3087.3047 -3072.9033 -3058.6028 -3044.5037 -3030.4045 -3016.6077 -3002.6091 -2988.9128 -2870.581 -2475.1006 -1966.3239 -1303.363 -833.25806 -412.19788 -54.18091 149.34998 363.95874 626.80664 1053.2043 2181.5369 3299.8992 3299.8992 3299.8992 3299.8992 3299.8992 3299.8992 3299.8992 3299.8992 3299.8992 3299.8992 3299.8992 3299.8992 3299.8992 1042.3279 -1387.3535 -3065.3503 -3147.528 -3132.7239 -3117.92 -3103.2166 -3088.8152 -3074.414 -3060.1135 -3046.0144 -3032.0159 -3018.1182 -3004.2205 -2990.4236 -2739.6606 -2424.948 -1911.8408 -1391.8854 -1016.0431 -665.98206 -161.53564 151.06201 355.70068 519.1498 918.1549 2199.8657 3299.8992 3299.8992 3299.8992 3299.8992 3299.8992 3299.8992 3299.8992 3299.8992 3299.8992 3299.8992 3299.8992 3299.8992 3299.8992 1057.4341 -1276.474 -2928.488 -3147.2258 -3132.321 -3117.517 -3102.9143 -3088.4124 -3074.1118 -3059.8113 -3045.7122 -3031.7139 -3017.7153 -3003.9185 -2989.517 -2585.0737 -2393.225 -2258.7798 -1532.1716 -985.9314 -587.5305 -318.74084 45.52002 318.338 524.0845 1025.9125 2313.9678 3299.8992 3299.8992 3299.8992 3299.8992 3299.8992 3299.8992 3299.8992 3299.8992 3299.8992 3299.8992 3299.8992 3299.8992 3285.8 860.75134 -1373.4558 -2982.7698 -3143.8018 -3128.897 -3114.1936 -3099.591 -3085.089 -3070.6877 -3056.488 -3042.4895 -3028.4912 -3014.5935 -3000.6958 -2986.9995 -2702.0964 -2252.7373 -1639.5264 -1130.3467 -786.83167 -370.20264 -68.58215 137.1643 356.50635 544.5282 1163.8824 2634.8235 3299.8992 3299.8992 3299.8992 3299.8992 3299.8992 3299.8992 3299.8992 3299.8992 3299.8992 3299.8992 3299.8992 3299.8992 3202.2124 729.3274 -1301.1475 -3066.9617 -3150.4485 -3135.5437 -3120.7397 -3106.0364 -3091.5344 -3077.234 -3063.034 -3048.9348 -3034.9365 -3020.938 -3007.0403 -2961.1174 -2528.6772 -2116.0767 -1726.8402 -1161.1633 -856.723 -525.9979 -233.74329 60.021973 346.63696 532.84607 1126.3184 2609.6465 3299.8992 

-38.168335 -38.168335 -38.168335 -38.168335 -38.168335 -38.168335 -38.168335 -38.168335 -38.168335 -38.168335 -38.168335 -38.168335 -38.168335 -38.168335 -38.168335 -38.168335 -38.168335 -38.168335 -38.168335 -38.168335 -38.168335 -38.168335 -38.168335 -38.168335 -38.168335 -38.168335 -38.168335 -38.168335 -38.168335 -38.168335 -38.168335 -38.168335 -38.168335 -38.168335 -38.168335 -38.168335 -38.168335 -38.168335 -38.168335 -38.168335 -38.168335 -38.168335 -38.168335 -38.168335 -38.168335 -38.168335 -38.168335 -38.168335 -38.168335 -38.168335 -38.168335 -38.168335 -38.168335 -38.168335 -38.168335 -38.168335 -38.168335 -38.168335 -38.168335 -38.168335 -38.168335 -38.168335 -38.168335 -38.168335 -38.168335 -38.168335 -38.168335 -38.168335 -38.168335 -38.168335 -38.168335 -38.168335 -38.168335 -38.168335 -38.168335 -38.168335 -38.168335 -38.168335 -38.168335 -38.168335 -38.168335 -38.168335 -38.168335 -38.168335 -38.168335 -38.168335 -38.168335 -38.168335 -38.168335 -38.168335 -38.168335 -38.168335 -38.168335 -38.168335 -38.168335 -38.168335 -38.168335 -38.168335 -38.168335 -38.168335 -38.168335 -38.168335 -38.168335 -38.168335 -38.168335 -38.168335 -38.168335 -38.168335 -38.168335 -38.168335 -38.168335 -38.168335 -38.168335 -38.168335 -38.168335 -38.168335 -38.168335 -38.168335 -38.168335 -38.168335 -38.168335 -38.168335 -38.168335 -38.168335 -38.168335 -38.168335 -38.168335 -38.168335 -38.168335 -38.168335 -38.168335 -38.168335 -38.168335 -38.168335 -38.168335 -38.168335 -38.168335 -38.168335 -38.168335 -38.168335 -38.168335 -38.168335 -38.168335 -38.168335 -38.168335 -38.168335 -38.168335 -38.168335 -38.168335 -38.168335 -38.168335 -38.168335 -38.168335 -38.168335 -38.168335 -38.168335 -38.168335 -38.168335 -38.168335 -38.168335 -38.168335 -38.168335 -38.168335 -38.168335 -38.168335 -38.168335 -38.168335 -38.168335 -38.168335 -38.168335 -38.168335 -38.168335 -38.168335 -38.168335 -38.168335 -38.168335 -38.168335 -38.168335 -38.168335 -38.168335 -38.168335 -38.168335 -38.168335 -38.168335 -38.168335 -38.168335 -38.168335 -38.168335 -38.168335 -38.168335 -38.168335 -38.168335 -38.168335 -38.168335 -38.168335 -38.168335 -38.168335 -38.168335 -38.168335 -38.168335 -38.168335 -38.168335 -38.168335 -38.168335 -38.168335 -38.168335 -38.168335 -38.168335 -38.168335 -38.168335 -38.168335 -38.168335 -38.168335 -38.168335 -38.168335 -38.168335 -38.168335 -38.168335 -38.168335 -38.168335 
-43.304443 -129.10767 -200.10681 -251.5686 -268.89038 -248.9502 -212.29248 -150.25635 -128.60413 -123.77014 -106.75049 -107.05261 -90.5365 -76.034546 -54.885864 -29.205322 -8.258057 17.825317 37.664795 44.0094 40.686035 22.055054 1.5106201 -0.70495605 -6.1431885 -4.3304443 6.9488525 17.22107 28.80249 48.239136 55.892944 45.822144 15.408325 -9.265137 -19.940186 -26.28479 -14.099121 5.1361084 0.60424805 -31.723022 -50.354004 -46.92993 -49.0448 -47.93701 -39.37683 -35.147095 -36.35559 -31.219482 -33.132935 -25.982666 -5.2368164 5.0354004 9.869385 10.675049 18.328857 24.874878 27.694702 31.924438 25.579834 42.49878 62.64038 66.26587 72.40906 71.502686 80.56641 105.13916 129.10767 117.12341 113.09509 122.25952 125.28076 142.80396 140.99121 138.87634 148.54431 131.72607 98.89526 73.31543 87.11243 110.476685 110.6781 91.8457 77.44446 42.095947 -16.616821 -119.33899 -196.98486 -260.02808 -280.4718 -242.10205 -208.36487 -178.95813 -116.21704 -81.674194 -79.660034 -108.26111 -152.47192 -182.98645 -173.11707 -149.85352 -110.87952 -84.89685 -57.806396 -22.155762 8.056641 33.032227 51.5625 63.043213 79.660034 62.539673 25.479126 10.372925 25.579834 34.44214 31.521606 46.02356 37.96692 24.77417 18.530273 11.984253 12.689209 28.399658 66.16516 84.09119 109.57031 93.15491 82.681274 59.21631 26.889038 -12.487793 -38.269043 -67.37366 -72.9126 -63.043213 -53.475952 -51.05896 -60.22339 -71.90552 -63.64746 -66.56799 -40.686035 -19.537354 0.30212402 -0.80566406 5.4382324 2.0141602 -8.258057 -13.897705 -31.924438 -29.507446 -4.7332764 15.408325 10.574341 3.5247803 8.358765 31.219482 65.86304 90.93933 87.01172 92.14783 96.276855 86.10535 81.97632 73.71826 62.338257 36.95984 12.084961 -12.588501 -52.468872 -79.96216 -108.05969 -132.93457 -142.80396 -150.15564 -136.05652 -98.291016 -59.71985 -38.47046 -16.314697 -11.682129 -4.4311523 0.80566406 5.0354004 8.660889 21.047974 24.673462 24.673462 25.78125 22.155762 21.148682 24.371338 27.493286 22.961426 31.219482 -2.9205322 -16.012573 -5.6396484 3.2226562 -6.2438965 5.9417725 5.6396484 -13.796997 2.1148682 2.8198242 -4.2297363 -15.509033 -9.567261 -0.60424805 -3.8269043 -4.3304443 -3.3233643 -13.998413 -15.307617 -8.258057 -11.682129 -8.761597 -8.258057 -11.883545 0.80566406 12.084961 
3299.8992 3299.8992 3299.8992 3299.8992 3299.8992 3299.8992 3299.8992 3299.8992 3299.8992 3299.8992 3286.7065 3269.989 3267.3706 3284.5916 3299.8992 -3282.1746 -3265.6584 -3249.5452 -3233.5327 -3217.6208 -3201.8096 -3186.502 -3171.1943 -3155.484 -3140.3777 -3125.3723 -3110.669 -3095.9656 -3081.2622 -3066.7603 -3052.359 -3037.9578 -824.39575 2322.4272 3299.8992 3299.8992 3299.8992 3299.8992 3299.8992 3299.8992 3299.8992 3299.8992 3299.8992 3299.8992 3299.8992 3299.8992 3299.8992 3299.8992 3299.8992 3299.8992 3285.5986 3268.7805 3269.0825 3286.203 3299.8992 -3280.5632 -3264.148 -3248.0347 -3231.9214 -3216.0095 -3200.299 -3184.3872 -3169.3816 -3153.772 -3138.565 -3123.761 -3108.8562 -3094.1528 -3079.55 -3065.149 -3050.647 -2986.6973 -507.66907 2491.0125 3299.8992 3299.8992 3299.8992 3299.8992 3299.8992 3299.8992 3299.8992 3299.8992 3299.8992 3299.8992 3299.8992 3299.8992 3299.8992 3299.8992 3299.8992 3299.8992 3285.0952 3267.9749 3270.8953 3287.915 3299.8992 -3278.8513 -3262.5366 -3246.4233 -3230.31 -3214.4988 -3198.7883 -3183.4807 -3167.5688 -3152.765 -3137.5579 -3122.351 -3107.4463 -3092.642 -3078.0396 -3063.5376 -3049.237 -2912.7776 -329.6173 2789.511 3299.8992 3299.8992 3299.8992 3299.8992 3299.8992 3299.8992 3299.8992 3299.8992 3299.8992 3299.8992 3299.8992 3299.8992 3299.8992 3299.8992 3299.8992 3299.5972 3283.6853 3262.4358 3271.8018 3288.922 3299.8992 -3277.9448 -3261.5295 -3245.3154 -3229.303 -3213.4917 -3197.6807 -3181.8694 -3166.864 -3151.2542 -3136.0474 -3121.344 -3106.5398 -3091.8364 -3077.133 -3062.732 -3048.3306 -2740.265 -10.977173 3073.1047 3299.8992 3299.8992 3299.8992 3299.8992 3299.8992 3299.8992 3299.8992 3299.8992 3299.8992 3299.8992 3299.8992 3299.8992 3299.8992 3299.8992 3299.8992 3297.6836 3281.6711 3070.8892 3272.8088 3289.8284 -3293.5547 -3277.0386 -3260.7239 -3244.5098 -3228.598 -3212.686 -3196.9756 -3181.0637 -3166.159 -3150.4485 -3135.2417 -3120.4375 -3105.7341 -3091.1316 -3076.4282 -3062.0269 -3047.6257 -2721.8352 -50.253296 2924.5605 3299.8992 3299.8992 3299.8992 3299.8992 3299.8992 3299.8992 3299.8992 3299.8992 3299.8992 3299.8992 3299.8992 3299.8992 3299.8992 3299.8992 3299.8992 3299.1943 3283.383 2778.6345 3276.3335 3293.2524 -3290.0298 -3273.6145 -3257.2998 -3241.1865 -3225.1738 -3209.4634 
3299.8992 3299.8992 3299.8992 3299.8992 3299.8992 3299.8992 3299.8992 3299.8992 3287.21 3272.5066 3257.6018 3242.1936 3240.28 3256.4941 3272.3052 3287.8142 3299.8992 -3281.5703 -3266.464 -3251.4587 -3236.6545 -3221.7498 -3207.3486 -3192.9473 -3178.5461 -3164.5476 -3150.1465 -3136.148 -3122.1497 -3108.554 -3094.8577 -2644.7937 -183.28857 2156.8633 3299.8992 3299.8992 3299.8992 3299.8992 3299.8992 3299.8992 3299.8992 3299.8992 3299.8992 3299.8992 3299.8992 3299.8992 3299.8992 3299.8992 3289.4255 3274.7222 3259.8174 3244.2078 3244.4092 3260.5225 3276.3335 3291.8425 3299.8992 -3277.542 -3262.5366 -3247.531 -3232.727 -3217.8223 -3203.5217 -3189.1204 -3174.6184 -3160.7207 -3146.4202 -3132.4219 -3118.6248 -3104.828 -3091.0308 -2480.2368 134.6466 2645.8008 3299.8992 3299.8992 3299.8992 3299.8992 3299.8992 3299.8992 3299.8992 3299.8992 3299.8992 3299.8992 3299.8992 3299.8992 3299.8992 3299.8992 3289.0227 3274.2188 3259.2131 3239.4744 3246.3225 3262.2344 3277.9448 3293.5547 3299.8992 -3275.83 -3260.8245 -3245.9197 -3231.1157 -3216.211 -3202.1118 -3187.4084 -3173.108 -3159.1094 -3144.8088 -3130.8105 -3116.9128 -3103.2166 -3089.6208 -1940.5426 617.6422 2736.438 3299.8992 3299.8992 3299.8992 3299.8992 3299.8992 3299.8992 3299.8992 3299.8992 3299.8992 3299.8992 3299.8992 3299.8992 3299.8992 3299.8992 3285.901 3271.298 3256.2927 3128.595 3246.0205 3262.1338 3277.7434 3293.2524 3299.8992 -3276.132 -3261.1267 -3246.0205 -3231.4177 -3217.0166 -3202.1118 -3187.7104 -3173.41 -3159.5122 -3145.111 -3131.1125 -3117.2148 -3103.5186 -3089.923 -2219.6045 353.2837 2909.0515 3299.8992 3299.8992 3299.8992 3299.8992 3299.8992 3299.8992 3299.8992 3299.8992 3299.8992 3299.8992 3299.8992 3299.8992 3299.8992 3299.8992 3287.3108 3272.406 3257.5012 2815.393 3249.5452 3265.457 3281.1675 3296.6765 -3287.915 -3272.8088 -3257.7026 -3242.7979 -3228.0945 -3213.5925 -3198.7883 -3184.3872 -3170.1873 -3155.6853 -3141.8884 -3127.9907 -3114.093 -3100.296 -3086.7004 -2009.8297 625.0946 2986.1938 3299.8992 3299.8992 3299.8992 3299.8992 3299.8992 3299.8992 3299.8992 3299.8992 3299.8992 3299.8992 3299.8992 3299.8992 3299.8992 3299.8992 3288.0156 3273.2117 3258.206 2295.236 3252.9692 3268.982 3284.5916 3299.8992 -3284.5916 -3269.4854 -3254.48 -3239.6758 
3216.11 3231.2163 3246.3225 3261.4287 3276.132 3290.8354 3299.8992 -3279.4556 -3265.0542 -3250.653 -3236.3525 -3222.052 2318.097 3299.8992 3299.8992 3299.8992 3299.8992 3299.8992 3291.742 3276.8372 3262.033 3247.1282 3232.4248 3217.3186 3202.6152 3188.0127 3173.7122 3158.5051 3144.104 3130.005 3053.2654 1526.3306 -338.78174 -1828.8574 -2894.8516 3138.0615 3153.8726 3169.4824 3184.9915 3200.3997 3215.7073 3230.8135 3246.222 3261.026 3276.4343 3291.2383 3299.8992 -3279.5562 -3264.8528 -3250.3508 -3235.9497 -3197.0764 3025.3691 3299.8992 3299.8992 3299.8992 3299.8992 3299.8992 3289.4255 3274.5208 3259.8174 3244.9126 3229.8064 3215.103 3200.0977 3185.4949 3171.1943 3155.9875 3141.687 3127.3865 2951.1475 1260.6628 -651.3794 -2050.6165 -3255.487 3140.982 3156.7932 3172.4028 3187.7104 3203.2195 3218.4265 3233.7341 3249.0417 3264.148 3278.952 3293.6553 -3291.2383 -3276.7363 -3262.4358 -3248.0347 -3233.6333 -2959.506 3299.8992 3299.8992 3299.8992 3299.8992 3299.8992 3299.8992 3289.0227 3274.118 3259.4146 3244.5098 3229.7058 3215.2039 3199.9968 3185.3943 3171.1943 3155.9875 3141.5862 3127.3865 2851.547 1166.6016 -626.3031 -2052.0264 -3282.2754 3141.8884 3157.6995 3173.3093 3188.8184 3204.126 3219.635 3234.6404 3249.8474 3264.6514 3279.959 3294.7632 -3290.7349 -3275.9307 -3261.2273 -3246.8262 -3232.4248 -2747.9187 3299.8992 3299.8992 3299.8992 3299.8992 3299.8992 3299.8992 3288.3179 3273.5137 3258.609 3243.805 3228.598 3213.8945 3198.8892 3184.2864 3169.9858 3154.779 3140.4785 3126.178 2901.1963 1177.3773 -531.13403 -1960.3821 -3139.572 3139.27 3155.081 3170.691 3186.099 3201.5076 3216.8152 3231.9214 3247.3296 3262.5366 3277.0386 3291.9434 -3292.9504 -3278.3477 -3264.148 -3249.646 -3235.2446 -2371.875 3299.8992 3299.8992 3299.8992 3299.8992 3299.8992 3297.9858 3283.383 3268.3777 3253.473 3238.6687 3223.9653 3208.96 3194.6594 3180.0566 3165.0513 3150.1465 3136.4502 3122.1497 2790.921 960.15015 -834.26514 -2270.2605 3124.9695 3140.4785 3156.3904 3171.8994 3187.4084 3202.716 3217.9229 3233.2305 3248.1353 3263.04 3278.247 3293.051 -3292.6482 -3277.6428 -3263.04 -3248.4375 -3234.137 -2088.986 3299.8992 3299.8992 3299.8992 3299.8992 3299.8992 3297.583 3282.5774 3267.7734 
3299.8992 3299.8992 3299.8992 3299.8992 3299.8992 3299.8992 3299.8992 3299.8992 3299.8992 3299.8992 3299.8992 3299.8992 -68.38074 -3198.6877 -3182.8765 -3167.4683 -3152.2612 -3137.155 -3122.2502 -3107.3455 -3092.642 -3078.1401 -3063.5376 -3049.237 -3035.2385 -3021.1394 -3007.0403 -2993.2434 -2979.4463 -2965.6494 -2952.1545 -2841.4763 -1376.3763 169.18945 1522.1008 2891.4275 3299.8992 3299.8992 3299.8992 3299.8992 3299.8992 3299.8992 3299.8992 3299.8992 3299.8992 3299.8992 3299.8992 3299.8992 3299.8992 3299.8992 3299.8992 3299.8992 -610.49194 -3202.4138 -3186.6028 -3171.1943 -3155.8867 -3140.7805 -3125.7751 -3110.8704 -3096.2676 -3081.5642 -3067.0623 -3052.6611 -3038.6626 -3024.463 -3010.4644 -2996.5667 -2982.8704 -2969.174 -2955.5786 -2940.0696 -1720.3949 119.23828 1650.3021 3160.0159 3299.8992 3299.8992 3299.8992 3299.8992 3299.8992 3299.8992 3299.8992 3299.8992 3299.8992 3299.8992 3299.8992 3299.8992 3299.8992 3299.8992 3299.8992 3299.8992 -1013.7268 -3203.2195 -3187.509 -3172.1008 -3156.7932 -3141.687 -3126.7822 -3111.7766 -3097.174 -3082.672 -3067.868 -3053.7688 -3039.569 -3025.47 -3011.4714 -2997.5737 -2983.7769 -2970.0806 -2956.4849 -2889.212 -1543.8538 62.036133 1461.3739 2767.2546 3299.8992 3299.8992 3299.8992 3299.8992 3299.8992 3299.8992 3299.8992 3299.8992 3299.8992 3299.8992 3299.8992 3299.8992 3299.8992 3299.8992 3299.8992 3299.8992 -1835.4034 -3198.9897 -3183.2793 -3167.9717 -3152.664 -3137.5579 -3122.653 -3107.7483 -3093.1458 -3078.543 -3064.4438 -3049.942 -3035.6414 -3021.5422 -3007.544 -2993.6462 -2979.95 -2966.0522 -2952.5574 -2939.163 -1901.2665 -153.3783 1455.835 2807.3364 3299.8992 3299.8992 3299.8992 3299.8992 3299.8992 3299.8992 3299.8992 3299.8992 3299.8992 3299.8992 3299.8992 3299.8992 3299.8992 3299.8992 3299.8992 3299.8992 -1998.6511 -3190.1274 -3174.417 -3159.1094 -3143.8018 -3128.897 -3113.9922 -3099.1882 -3084.4849 -3069.983 -3055.5815 -3041.3818 -3027.2827 -3013.2842 -2999.3865 -2985.4888 -2966.757 -2824.7588 -2607.8337 -1817.5781 -303.93677 1201.5472 2040.0421 2823.9531 3299.8992 3299.8992 3299.8992 3299.8992 3299.8992 3299.8992 3299.8992 3299.8992 3299.8992 3299.8992 3299.8992 3299.8992 3299.8992 3299.8992 3299.8992 2971.3896 -3204.2266 -3195.465 -3179.8552 -3164.5476 -3149.3408 -3134.3352 -3119.4304 -3104.5256 
3148.6357 3164.9504 3181.2651 3197.2778 3213.0889 3229.1016 3244.9126 3260.623 3276.3335 3292.044 3299.8992 -3238.87 1469.4305 3299.8992 3295.166 3279.959 3264.7522 3249.5452 3234.3384 3219.1313 3203.9246 3188.516 3173.108 3157.6995 3142.3918 3127.185 3112.1794 3097.2747 3082.4707 3063.9404 2691.3208 1399.942 17.926025 -1138.6047 -2010.7361 -2874.3071 3082.8735 3099.4902 3116.1072 3132.7239 3149.24 3165.454 3182.0708 3197.882 3213.8945 3229.8064 3245.6177 3261.3281 3277.0386 3292.6482 -3291.9434 -3080.1543 1974.4812 3299.8992 3293.2524 3278.1462 3262.738 3247.531 3232.4248 3217.1172 3201.9104 3186.6028 3171.3958 3155.6853 3140.4785 3125.3723 3110.3667 3095.3613 3080.4565 3062.0269 2548.6174 1136.9934 -289.03198 -1349.7894 -2209.03 -2975.2166 3086.5996 3103.418 3120.0347 3136.5508 3152.9663 3169.281 3185.092 3201.5076 3217.7214 3233.5327 3249.2432 3265.0542 3280.7646 3296.173 -3288.217 -2810.3577 2384.3628 3299.8992 3294.2595 3279.1533 3263.745 3248.639 3233.432 3218.1243 3202.8167 3187.509 3171.4966 3156.5918 3141.3848 3126.178 3111.2732 3096.469 3081.5642 3062.4297 2500.6804 1168.1122 -194.36646 -1253.6133 -2157.8704 -2969.9797 3086.499 3103.1157 3119.934 3136.5508 3152.765 3169.0796 3184.9915 3201.3062 3217.52 3233.2305 3249.2432 3264.8528 3280.5632 3296.0723 -3288.4185 -2734.6252 2455.4626 3299.8992 3293.4539 3278.4485 3263.1409 3248.0347 3232.727 3217.52 3202.2124 3186.9048 3170.7915 3155.7861 3140.68 3125.473 3110.7695 3095.5627 3080.8594 3060.5164 2280.13 854.70886 -306.55518 -1282.3151 -2178.8176 -2948.932 3089.1174 3105.9355 3122.4517 3138.9678 3155.484 3171.698 3188.1133 3204.0251 3219.8364 3235.8489 3251.5593 3267.3706 3282.9802 3298.59 -3286.0015 -2203.0884 3269.5862 3299.8992 3291.641 3276.3335 3261.026 3245.819 3230.612 3215.4053 3200.0977 3184.5886 3168.8782 3153.8726 3138.6658 3123.5596 3108.554 3093.75 3078.9458 3059.5093 2408.13 1042.5293 -152.1698 -1145.3522 -2088.7847 -2810.962 3082.8735 3099.893 3116.4092 3133.0261 3149.4414 3165.857 3182.373 3198.285 3214.1968 3230.0078 3245.819 3261.6301 3277.3406 3292.8496 -3291.641 -2043.4662 3299.8992 3299.8992 3285.0952 3269.8882 3254.782 3239.4744 3224.3682 3209.1614 
3299.8992 3299.8992 3299.8992 3299.8992 3299.8992 3299.8992 3299.8992 3299.8992 3299.8992 3299.8992 3299.8992 2950.8452 313.50403 -1788.977 -3164.2456 -3149.1394 -3134.2346 -3119.4304 -3104.828 -3090.326 -3075.9246 -3061.9263 -3047.8271 -3033.6272 -3019.7295 -3005.9326 -2871.6887 -2421.222 -2113.4583 -1798.3429 -1289.9689 -881.5979 -471.91772 -258.11462 52.06604 349.05396 616.333 1263.1805 2748.9258 3299.8992 3299.8992 3299.8992 3299.8992 3299.8992 3299.8992 3299.8992 3299.8992 3299.8992 3299.8992 3299.8992 3299.8992 2828.5857 116.82129 -1934.5001 -3162.7349 -3147.528 -3133.0261 -3118.0205 -3103.418 -3089.0166 -3074.6155 -3060.5164 -3046.2158 -3032.2173 -3018.3196 -3004.5227 -2848.9287 -2392.9229 -2019.397 -1406.9916 -861.05347 -550.06714 -215.0116 242.40417 449.96338 713.2141 869.81506 1537.912 3049.1362 3299.8992 3299.8992 3299.8992 3299.8992 3299.8992 3299.8992 3299.8992 3299.8992 3299.8992 3299.8992 3299.8992 3299.8992 2508.0322 -285.80933 -2168.6462 -3172.3022 -3157.196 -3142.3918 -3127.588 -3112.985 -3098.4832 -3084.082 -3069.882 -3055.8838 -3041.7847 -3027.7861 -3013.9893 -2975.8208 -2708.5417 -2341.3604 -1755.3406 -1210.611 -733.255 -266.97693 147.94006 253.17993 444.72656 627.2095 1414.3433 2959.3047 3299.8992 3299.8992 3299.8992 3299.8992 3299.8992 3299.8992 3299.8992 3299.8992 3299.8992 3299.8992 3299.8992 3299.8992 2300.6743 -475.84534 -2458.9873 -3166.5618 -3151.355 -3136.5508 -3121.8474 -3107.4463 -3092.9443 -3078.543 -3064.3433 -3050.2441 -3036.3464 -3022.348 -3008.4502 -2994.351 -2700.888 -2413.2659 -1905.5969 -1380.4047 -890.4602 -492.46216 -121.35315 229.21143 499.81384 829.33044 1706.1951 3250.1494 3299.8992 3299.8992 3299.8992 3299.8992 3299.8992 3299.8992 3299.8992 3299.8992 3299.8992 3299.8992 3299.8992 3299.8992 2319.0032 -345.12634 -2258.2764 -3162.1306 -3147.1252 -3132.321 -3117.517 -3103.0151 -3088.5132 -3074.2126 -3060.0127 -3045.9136 -3032.0159 -3018.0176 -3004.2205 -2750.4363 -2434.9182 -2178.2134 -2065.1184 -1559.3628 -1159.3506 -733.5571 -322.16492 20.544434 254.18701 506.05774 1497.1252 3048.7334 3299.8992 3299.8992 3299.8992 3299.8992 3299.8992 3299.8992 3299.8992 3299.8992 3299.8992 3299.8992 3299.8992 3299.8992 2388.8945 -216.92505 -2059.1765 -3153.8726 -3138.7664 -3123.8616 -3109.259 -3094.6562 -3080.3557 

-38.168335 -38.168335 -38.168335 -38.168335 -38.168335 -38.168335 -38.168335 -38.168335 -38.168335 -38.168335 -38.168335 -38.168335 -38.168335 -38.168335 -38.168335 -38.168335 -38.168335 -38.168335 -38.168335 -38.168335 -38.168335 -38.168335 -38.168335 -38.168335 -38.168335 -38.168335 -38.168335 -38.168335 -38.168335 -38.168335 -38.168335 -38.168335 -38.168335 -38.168335 -38.168335 -38.168335 -38.168335 -38.168335 -38.168335 -38.168335 -38.168335 -38.168335 -38.168335 -38.168335 -38.168335 -38.168335 -38.168335 -38.168335 -38.168335 -38.168335 -38.168335 -38.168335 -38.168335 -38.168335 -38.168335 -38.168335 -38.168335 -38.168335 -38.168335 -38.168335 -38.168335 -38.168335 -38.168335 -38.168335 -38.168335 -38.168335 -38.168335 -38.168335 -38.168335 -38.168335 -38.168335 -38.168335 -38.168335 -38.168335 -38.168335 -38.168335 -38.168335 -38.168335 -38.168335 -38.168335 -38.168335 -38.168335 -38.168335 -38.168335 -38.168335 -38.168335 -38.168335 -38.168335 -38.168335 -38.168335 -38.168335 -38.168335 -38.168335 -38.168335 -38.168335 -38.168335 -38.168335 -38.168335 -38.168335 -38.168335 -38.168335 -38.168335 -38.168335 -38.168335 -38.168335 -38.168335 -38.168335 -38.168335 -38.168335 -38.168335 -38.168335 -38.168335 -38.168335 -38.168335 -38.168335 -38.168335 -38.168335 -38.168335 -38.168335 -38.168335 -38.168335 -38.168335 -38.168335 -38.168335 -38.168335 -38.168335 -38.168335 -38.168335 -38.168335 -38.168335 -38.168335 -38.168335 -38.168335 -38.168335 -38.168335 -38.168335 -38.168335 -38.168335 -38.168335 -38.168335 -38.168335 -38.168335 -38.168335 -38.168335 -38.168335 -38.168335 -38.168335 -38.168335 -38.168335 -38.168335 -38.168335 -38.168335 -38.168335 -38.168335 -38.168335 -38.168335 -38.168335 -38.168335 -38.168335 -38.168335 -38.168335 -38.168335 -38.168335 -38.168335 -38.168335 -38.168335 -38.168335 -38.168335 -38.168335 -38.168335 -38.168335 -38.168335 -38.168335 -38.168335 -38.168335 -38.168335 -38.168335 -38.168335 -38.168335 -38.168335 -38.168335 -38.168335 -38.168335 -38.168335 -38.168335 -38.168335 -38.168335 -38.168335 -38.168335 -38.168335 -38.168335 -38.168335 -38.168335 -38.168335 -38.168335 -38.168335 -38.168335 -38.168335 -38.168335 -38.168335 
19.73877 54.281616 50.454712 72.40906 107.05261 159.32007 216.3208 261.6394 294.2688 328.81165 345.62988 331.73218 291.54968 259.52454 215.81726 116.21704 0.20141602 -62.438965 -115.512085 -130.719 -147.53723 -137.26501 -165.16113 -168.4845 -199.9054 -188.42468 -189.23035 -221.3562 -234.24683 -194.06433 -134.34448 -76.135254 -41.592407 -18.73169 -22.155762 -36.4563 -50.756836 -42.599487 -15.609741 5.2368164 0 -20.645142 -35.751343 -40.585327 -42.90161 -70.3949 -102.319336 -97.48535 -75.83313 -50.958252 -40.38391 -19.23523 3.0212402 2.6184082 -7.7545166 -15.710449 -16.314697 -18.832397 -13.595581 -6.8481445 -4.3304443 -11.782837 -19.134521 -13.192749 -18.832397 -33.9386 -33.233643 -19.436646 -7.3516846 -4.1290283 7.4523926 -0.60424805 12.185669 16.314697 23.76709 27.493286 38.571167 47.332764 72.509766 83.58765 80.163574 78.652954 85.90393 83.28552 88.62305 121.554565 154.6875 201.01318 223.06824 220.44983 216.01868 210.78186 194.06433 181.87866 124.77722 6.4453125 -118.33191 -139.07776 -129.81262 -137.66785 -158.61511 -147.63794 -143.10608 -149.14856 -165.86609 -185.70557 -153.27759 -96.07544 -46.627808 -32.125854 -28.500366 -31.924438 -13.595581 -11.984253 -8.862305 0.30212402 -8.358765 -44.311523 -37.664795 -32.226562 -33.83789 -31.82373 -47.03064 -62.942505 -55.892944 -51.864624 -38.067627 -16.918945 -6.1431885 -8.157349 -5.6396484 -3.5247803 2.3162842 -3.1219482 -14.703369 -16.71753 5.2368164 7.8552246 -16.314697 -23.062134 -20.443726 -11.077881 -10.272217 -2.4169922 -6.2438965 -23.968506 -19.23523 -34.643555 -29.205322 -18.429565 -22.659302 -19.537354 -5.5389404 -4.8339844 -4.6325684 -3.9276123 -2.8198242 -3.1219482 8.258057 15.408325 17.825317 24.27063 22.860718 27.392578 23.26355 28.198242 27.896118 21.450806 21.24939 20.74585 24.77417 24.874878 23.26355 23.464966 23.76709 25.076294 41.189575 51.461792 32.32727 33.636475 26.989746 27.79541 21.350098 18.73169 16.21399 15.609741 17.926025 24.371338 22.457886 24.069214 40.283203 86.30676 136.25793 155.39246 176.54114 201.01318 210.78186 233.44116 271.30737 339.6881 
-3193.753 -3178.4453 -3162.6343 -3147.83 -3132.7239 -3117.6177 -3102.713 -3087.909 -3073.3062 -3058.8042 -3044.5037 -2580.2397 366.57715 3299.8992 3299.8992 3299.8992 3299.8992 3299.8992 3299.8992 3299.8992 3299.8992 3299.8992 3299.8992 3299.8992 3299.8992 3299.8992 3299.8992 3299.8992 3299.8992 3297.6836 3281.6711 1932.6874 3278.1462 3294.9646 -3288.4185 -3272.0032 -3255.6885 -3239.4744 -3223.5625 -3207.7515 -3192.1416 -3176.2297 -3161.325 -3145.6145 -3130.6091 -3115.7043 -3101.1016 -3086.3982 -3071.8962 -3057.3943 -3043.1946 -2188.385 644.9341 3299.8992 3299.8992 3299.8992 3299.8992 3299.8992 3299.8992 3299.8992 3299.8992 3299.8992 3299.8992 3299.8992 3299.8992 3299.8992 3299.8992 3299.8992 3299.8992 3296.0723 3280.0598 1359.7595 3278.549 3295.468 -3287.915 -3271.4995 -3255.1848 -3239.0715 -3223.1597 -3207.3486 -3191.5374 -3176.4312 -3160.62 -3145.816 -3130.9111 -3115.7043 -3100.6987 -3085.9954 -3071.3928 -3056.9915 -3042.7917 -1998.5504 958.94165 3299.8992 3299.8992 3299.8992 3299.8992 3299.8992 3299.8992 3299.8992 3299.8992 3299.8992 3299.8992 3299.8992 3299.8992 3299.8992 3299.8992 3299.8992 3299.8992 3293.9575 3277.9448 458.9264 3278.952 3295.7703 -3287.6128 -3271.0967 -3254.8828 -3238.7695 -3222.8577 -3207.0464 -3191.336 -3176.1292 -3160.922 -3145.2117 -3130.307 -3115.503 -3100.6987 -3086.0962 -3071.4934 -3057.0923 -3042.7917 -2097.7478 803.5492 3299.8992 3299.8992 3299.8992 3299.8992 3299.8992 3299.8992 3299.8992 3299.8992 3299.8992 3299.8992 3299.8992 3299.8992 3299.8992 3299.8992 3299.8992 3299.8992 3295.2666 3279.1533 -669.4061 3282.9802 3299.7986 -3283.5845 -3267.1692 -3250.8545 -3234.8418 -3218.93 -3203.119 -3187.6099 -3172.4028 -3156.6924 -3141.8884 -3126.7822 -3111.7766 -3096.7712 -3082.1685 -3067.566 -3053.1646 -3038.9648 -1927.7527 1130.3467 3299.8992 3299.8992 3299.8992 3299.8992 3299.8992 3299.8992 3299.8992 3299.8992 3299.8992 3299.8992 3299.8992 3299.8992 3299.8992 3299.8992 3299.8992 3299.8992 3295.8708 3279.7576 -1763.6993 3286.1023 3299.8992 -3280.4626 -3264.148 -3247.9338 -3231.8206 -3215.9087 -3200.0977 
-3224.8718 -3210.4705 -3195.6665 -3181.366 -3167.0654 -3152.765 -3138.7664 -3124.768 -3111.1724 -3097.3755 -3083.7798 -1748.4924 1044.342 3237.863 3299.8992 3299.8992 3299.8992 3299.8992 3299.8992 3299.8992 3299.8992 3299.8992 3299.8992 3299.8992 3299.8992 3299.8992 3299.8992 3299.8992 3287.21 3272.406 3257.4004 1626.3336 3254.48 3270.3918 3286.1023 3299.8992 -3283.1816 -3267.9749 -3253.1707 -3238.0645 -3223.462 -3209.0605 -3194.3572 -3179.8552 -3165.6555 -3151.2542 -3137.5579 -3123.5596 -3109.6619 -3096.0662 -3082.4707 -1270.2301 1345.3583 3299.8992 3299.8992 3299.8992 3299.8992 3299.8992 3299.8992 3299.8992 3299.8992 3299.8992 3299.8992 3299.8992 3299.8992 3299.8992 3299.8992 3298.892 3284.0881 3269.3848 3254.48 1103.8605 3253.2715 3269.1833 3284.793 3299.8992 -3284.3901 -3269.284 -3254.2786 -3239.3738 -3224.6704 -3210.269 -3195.5657 -3181.1646 -3166.7632 -3152.4626 -3138.565 -3124.6672 -3110.8704 -3097.0732 -3083.6792 -1545.163 1090.8691 3299.8992 3299.8992 3299.8992 3299.8992 3299.8992 3299.8992 3299.8992 3299.8992 3299.8992 3299.8992 3299.8992 3299.8992 3299.8992 3299.8992 3299.8992 3285.498 3270.6938 3255.487 -20.947266 3257.8032 3273.6145 3289.1235 3299.8992 -3280.1604 -3264.9536 -3250.0488 -3235.2446 -3220.3398 -3206.1401 -3191.336 -3176.9348 -3162.7349 -3148.8372 -3134.5366 -3120.7397 -3106.9426 -3093.3472 -3077.0325 -845.64514 1680.4138 3299.8992 3299.8992 3299.8992 3299.8992 3299.8992 3299.8992 3299.8992 3299.8992 3299.8992 3299.8992 3299.8992 3299.8992 3299.8992 3299.8992 3297.3816 3282.6782 3267.7734 3252.7678 -656.4148 3256.5947 3272.406 3288.0156 3299.8992 -3281.1675 -3266.0613 -3251.056 -3236.2517 -3221.5483 -3206.7444 -3192.343 -3178.1433 -3163.8428 -3149.945 -3135.6445 -3121.7468 -3107.9497 -3094.2534 -3080.658 -1210.5103 1353.9185 3299.8992 3299.8992 3299.8992 3299.8992 3299.8992 3299.8992 3299.8992 3299.8992 3299.8992 3299.8992 3299.8992 3299.8992 3299.8992 3299.8992 3299.8992 3285.3972 3270.4924 3255.3862 -1664.8041 3261.9324 3277.7434 3293.2524 3299.8992 -3276.132 -3260.9253 -3246.0205 -3231.1157 
3252.8687 3238.2659 3223.1597 3208.255 3193.8538 3179.251 3164.3462 3149.4414 3135.6445 3121.4446 2622.8394 757.1228 -994.693 -2364.0198 3126.6814 3142.3918 3158.2031 3173.8127 3189.2212 3204.5288 3219.937 3235.144 3249.948 3265.155 3279.7576 3294.461 -3290.4326 -3275.7292 -3261.5295 -3247.1282 -3232.727 -1461.1725 3299.8992 3299.8992 3299.8992 3299.8992 3299.8992 3296.0723 3281.1675 3266.3635 3251.5593 3236.7554 3221.9512 3207.2478 3192.4438 3177.7405 3163.5405 3148.4343 3134.1338 3118.7256 2417.9993 540.19775 -1172.5433 -2553.4514 3128.7964 3144.6074 3160.4187 3175.9277 3191.336 3206.7444 3222.052 3237.0574 3252.4658 3267.4712 3282.4768 3297.2808 -3288.3179 -3273.5137 -3258.8103 -3244.3083 -3230.1086 -997.3114 3299.8992 3299.8992 3299.8992 3299.8992 3299.8992 3296.475 3281.6711 3266.867 3251.9622 3237.0574 3222.052 3207.2478 3192.7458 3178.1433 3163.2385 3148.233 3134.436 3117.7185 2318.9026 334.04846 -1345.5597 -2693.637 3132.1196 3148.1323 3163.742 3179.3518 3194.6594 3209.967 3225.2747 3240.3809 3255.3862 3270.4924 3284.9944 3299.7986 -3285.1958 -3270.5933 -3256.3933 -3241.9922 -3227.6917 -228.9093 3299.8992 3299.8992 3299.8992 3299.8992 3299.8992 3295.7703 3280.966 3266.162 3251.358 3236.4531 3221.7498 3207.0464 3192.2424 3177.4382 3163.2385 3148.1323 3133.731 3115.402 1944.873 53.878784 -1562.5854 -2776.3184 3136.2488 3152.0598 3167.6697 3183.1787 3198.587 3213.8945 3229.303 3244.3083 3259.5154 3274.5208 3289.5264 3299.8992 -3281.369 -3266.565 -3251.8616 -3237.561 -3223.2605 -3.3233643 3299.8992 3299.8992 3299.8992 3299.8992 3299.8992 3299.1943 3284.3901 3269.5862 3254.6814 3239.8772 3224.6704 3209.6648 3195.3643 3180.661 3165.756 3150.8513 3136.9536 3118.4233 1852.4231 -108.1604 -1686.7584 -2885.7878 3141.5862 3157.0952 3172.8057 3188.516 3203.9246 3219.2322 3234.3384 3249.5452 3264.3494 3279.4556 3293.9575 -3291.339 -3276.3335 -3261.731 -3247.531 -3233.3313 -3219.1313 745.23926 3299.8992 3299.8992 3299.8992 3299.8992 3299.8992 3299.8992 3285.8 3270.8953 
-3089.923 -3075.4211 -3060.8184 -3046.6187 -3032.62 -3018.6218 -3004.5227 -2990.8264 -2976.9287 -2963.333 -2949.8381 -1783.2367 0.10070801 1671.1487 3148.8372 3299.8992 3299.8992 3299.8992 3299.8992 3299.8992 3299.8992 3299.8992 3299.8992 3299.8992 3299.8992 3299.8992 3299.8992 3299.8992 3299.8992 3299.8992 3299.8992 3250.4517 -2685.6812 -3216.8152 -3201.1047 -3185.5957 -3170.3887 -3155.2825 -3140.277 -3125.5737 -3110.669 -3096.0662 -3081.8665 -3067.2637 -3052.7617 -3038.6626 -3024.5635 -3010.5652 -2996.768 -2983.1726 -2969.3755 -2053.7383 -297.49146 1052.8015 2364.4226 3299.8992 3299.8992 3299.8992 3299.8992 3299.8992 3299.8992 3299.8992 3299.8992 3299.8992 3299.8992 3299.8992 3299.8992 3299.8992 3299.8992 3299.8992 3299.8992 2848.8281 -3236.7554 -3220.8435 -3205.133 -3189.7246 -3174.5178 -3159.4116 -3144.406 -3129.5012 -3114.7979 -3100.1953 -3085.9954 -3071.3928 -3056.8909 -3042.7917 -3028.5918 -3014.5935 -3000.7964 -2987.1 -2973.3032 -2578.3264 -1045.4498 469.60144 1793.0054 2963.9373 3299.8992 3299.8992 3299.8992 3299.8992 3299.8992 3299.8992 3299.8992 3299.8992 3299.8992 3299.8992 3299.8992 3299.8992 3299.8992 3299.8992 3299.8992 2508.435 -3226.6846 -3210.7727 -3195.0623 -3179.6538 -3164.5476 -3149.4414 -3134.5366 -3119.6318 -3104.9285 -3090.4265 -3075.824 -3061.5234 -3047.4243 -3033.2244 -3019.1252 -3005.3284 -2991.4307 -2977.6335 -2964.038 -2548.9197 -962.1643 541.50696 1941.1469 3222.354 3299.8992 3299.8992 3299.8992 3299.8992 3299.8992 3299.8992 3299.8992 3299.8992 3299.8992 3299.8992 3299.8992 3299.8992 3299.8992 3299.8992 3299.8992 2101.7761 -3218.0237 -3202.2124 -3186.6028 -3171.2952 -3156.0881 -3140.982 -3125.9766 -3111.2732 -3096.6704 -3082.1685 -3067.465 -3053.2654 -3039.1663 -3025.0671 -3010.968 -2997.2717 -2983.4746 -2969.6777 -2956.082 -2207.0159 -689.5477 791.1621 2218.8994 3299.8992 3299.8992 3299.8992 3299.8992 3299.8992 3299.8992 3299.8992 3299.8992 3299.8992 3299.8992 3299.8992 3299.8992 3299.8992 3299.8992 3299.8992 3299.8992 1449.3896 -3212.384 -3196.6736 -3181.0637 -3165.857 -3150.65 -3135.6445 -3120.7397 -3105.9355 
3193.8538 3178.4453 3163.2385 3147.83 3132.5225 3117.4163 3102.5115 3087.7075 3072.9033 3045.3093 2104.898 649.8688 -571.71936 -1590.5823 -2431.2927 -3244.107 3088.916 3105.7341 3122.351 3138.8672 3155.182 3171.4966 3188.0127 3203.8237 3219.7356 3235.6475 3251.358 3267.2698 3282.7788 3298.2878 -3286.203 -1615.3564 3299.8992 3299.8992 3287.6128 3272.406 3257.199 3241.9922 3226.7852 3211.5784 3196.2708 3180.8623 3165.5547 3150.0457 3134.8389 3119.7327 3104.828 3089.923 3075.119 3000.7964 1934.0973 581.68945 -562.85706 -1570.6421 -2386.679 -3014.694 3090.7288 3107.6477 3124.2644 3140.68 3157.0952 3173.2085 3189.1204 3205.536 3221.5483 3237.561 3253.1707 3268.982 3284.5916 3299.8992 -3284.3901 -1194.7998 3299.8992 3299.8992 3287.1094 3271.9023 3256.5947 3241.388 3226.181 3210.974 3195.6665 3180.258 3164.8499 3149.4414 3134.1338 3119.1284 3104.1228 3089.218 3074.5146 3011.7737 1980.5237 542.71545 -611.1969 -1592.0929 -2359.9915 -3029.9011 3090.628 3107.3455 3124.063 3140.4785 3156.8938 3173.2085 3189.0198 3205.3345 3221.2463 3237.3596 3253.2715 3268.881 3284.491 3299.8992 -3284.491 -758.6334 3299.8992 3299.6978 3284.491 3269.3848 3253.9763 3238.87 3223.8647 3208.5571 3193.048 3177.6396 3161.7278 3146.823 3131.8176 3116.7114 3101.7058 3086.9019 3071.7957 2967.3613 1759.5703 277.8534 -890.4602 -1782.1289 -2599.2737 -3289.224 3095.2605 3112.0789 3128.595 3144.9097 3161.325 3177.7405 3193.451 3209.7656 3225.5767 3241.69 3257.4004 3273.0103 3288.8213 3299.8992 -3280.3618 -309.77783 3299.8992 3299.8992 3286.203 3270.996 3255.6885 3240.4814 3225.2747 3210.1685 3194.6594 3179.3518 3163.339 3148.4343 3133.3281 3118.1213 3103.3171 3088.4124 3071.7957 2863.632 1682.8308 268.28613 -870.82214 -1718.28 -2489.9048 -3137.9607 3096.167 3112.985 3129.5012 3145.816 3162.332 3178.5461 3194.1558 3210.6719 3226.5837 3242.4956 3258.4075 3274.0173 3289.627 3299.8992 -3279.4556 76.43738 3299.8992 3299.8992 3285.0952 3269.8882 3254.6814 3239.4744 3224.1667 3209.0605 
-3065.9546 -3051.5532 -3037.6555 -3023.7578 -3009.86 -2996.0632 -2854.2664 -2466.5405 -2095.1294 -1735.2997 -1222.2931 -710.8978 -339.08386 -87.61597 118.63403 307.46155 661.3495 1650.705 3160.8215 3299.8992 3299.8992 3299.8992 3299.8992 3299.8992 3299.8992 3299.8992 3299.8992 3299.8992 3299.8992 3299.8992 3299.8992 1959.1736 -568.1946 -2315.277 -3150.7507 -3135.846 -3121.0417 -3106.3384 -3091.7358 -3077.4353 -3063.1348 -3049.0356 -3034.9365 -3021.0388 -3007.141 -2993.344 -2909.555 -2646.3042 -2268.5486 -1946.9879 -1426.0254 -856.92444 -350.66528 -160.02502 199.40186 583.905 942.9291 1984.4513 3299.8992 3299.8992 3299.8992 3299.8992 3299.8992 3299.8992 3299.8992 3299.8992 3299.8992 3299.8992 3299.8992 3299.8992 3299.8992 1915.1642 -630.93567 -2479.3303 -3148.3337 -3133.429 -3118.5242 -3104.0222 -3089.4194 -3075.0183 -3060.7178 -3046.7192 -3032.5195 -3018.6218 -3004.724 -2991.0278 -2780.548 -2540.3594 -2293.222 -1900.1587 -1339.3158 -928.125 -559.433 -296.18225 -8.358765 355.19714 733.255 1848.8983 3299.8992 3299.8992 3299.8992 3299.8992 3299.8992 3299.8992 3299.8992 3299.8992 3299.8992 3299.8992 3299.8992 3299.8992 3299.8992 1322.3969 -1169.5221 -2880.9539 -3134.738 -3119.8333 -3105.13 -3090.5273 -3076.0254 -3061.7249 -3047.525 -3033.5266 -3019.528 -3005.7312 -2991.8335 -2978.1372 -2771.4844 -2424.7466 -1984.4513 -1626.1322 -1046.6583 -835.77576 -513.91296 -147.94006 166.57104 426.09558 836.2793 2014.1602 3299.8992 3299.8992 3299.8992 3299.8992 3299.8992 3299.8992 3299.8992 3299.8992 3299.8992 3299.8992 3299.8992 3299.8992 3299.8992 904.2572 -1428.5431 -3140.277 -3125.5737 -3110.669 -3095.9656 -3081.4636 -3067.0623 -3052.7617 -3038.6626 -3024.6643 -3010.7666 -2996.9695 -2983.2732 -2959.4055 -2585.376 -2135.614 -1748.3917 -1407.3944 -916.745 -540.09705 -368.5913 -81.57349 248.44666 502.23083 927.52075 2182.141 3278.4485 3299.8992 3299.8992 3299.8992 3299.8992 3299.8992 3299.8992 3299.8992 3299.8992 3299.8992 3299.8992 3299.8992 3299.8992 1144.043 -1149.3805 -2782.6628 -3129.904 -3115.1 -3100.3967 -3085.6934 -3071.292 -3056.9915 

-38.168335 -38.168335 -38.168335 -38.168335 -38.168335 -38.168335 -38.168335 -38.168335 -38.168335 -38.168335 -38.168335 -38.168335 -38.168335 -38.168335 -38.168335 -38.168335 -38.168335 -38.168335 -38.168335 -38.168335 -38.168335 -38.168335 -38.168335 -38.168335 -38.168335 -38.168335 -38.168335 -38.168335 -38.168335 -38.168335 -38.168335 -38.168335 -38.168335 -38.168335 -38.168335 -38.168335 -38.168335 -38.168335 -38.168335 -38.168335 -38.168335 -38.168335 -38.168335 -38.168335 -38.168335 -38.168335 -38.168335 -38.168335 -38.168335 -38.168335 -38.168335 -38.168335 -38.168335 -38.168335 -38.168335 -38.168335 -38.168335 -38.168335 -38.168335 -38.168335 -38.168335 -38.168335 -38.168335 -38.168335 -38.168335 -38.168335 -38.168335 -38.168335 -38.168335 -38.168335 -38.168335 -38.168335 -38.168335 -38.168335 -38.168335 -38.168335 -38.168335 -38.168335 -38.168335 -38.168335 -38.168335 -38.168335 -38.168335 -38.168335 -38.168335 -38.168335 -38.168335 -38.168335 -38.168335 -38.168335 -38.168335 -38.168335 -38.168335 -38.168335 -38.168335 -38.168335 -38.168335 -38.168335 -38.168335 -38.168335 -38.168335 -38.168335 -38.168335 -38.168335 -38.168335 -38.168335 -38.168335 -38.168335 -38.168335 -38.168335 -38.168335 -38.168335 -38.168335 -38.168335 -38.168335 -38.168335 -38.168335 -38.168335 -38.168335 -38.168335 -38.168335 -38.168335 -38.168335 -38.168335 -38.168335 -38.168335 -38.168335 -38.168335 -38.168335 -38.168335 -38.168335 -38.168335 -38.168335 -38.168335 -38.168335 -38.168335 -38.168335 -38.168335 -38.168335 -38.168335 -38.168335 -38.168335 -38.168335 -38.168335 -38.168335 -38.168335 -38.168335 -38.168335 -38.168335 -38.168335 -38.168335 -38.168335 -38.168335 -38.168335 -38.168335 -38.168335 -38.168335 -38.168335 -38.168335 -38.168335 -38.168335 -38.168335 -38.168335 -38.168335 -38.168335 -38.168335 -38.168335 -38.168335 -38.168335 -38.168335 -38.168335 -38.168335 -38.168335 -38.168335 -38.168335 -38.168335 -38.168335 -38.168335 -38.168335 -38.168335 -38.168335 -38.168335 -38.168335 -38.168335 -38.168335 -38.168335 -38.168335 -38.168335 -38.168335 -38.168335 -38.168335 -38.168335 -38.168335 -38.168335 -38.168335 -38.168335 -38.168335 -38.168335 -38.168335 -38.168335 -38.168335 -38.168335 -38.168335 -38.168335 -38.168335 -38.168335 -38.168335 -38.168335 -38.168335 -38.168335 -38.168335 -38.168335 -38.168335 -38.168335 -38.168335 -38.168335 -38.168335 -38.168335 -38.168335 -38.168335 
391.1499 418.6432 429.72107 435.26 400.91858 327.0996 213.60168 113.1958 6.5460205 -82.177734 -116.922 -154.38538 -218.7378 -324.88403 -424.18213 -485.3119 -482.49207 -454.1931 -410.88867 -338.58032 -313.80615 -287.9242 -220.44983 -166.47034 -158.31299 -160.02502 -151.96838 -126.79138 -121.051025 -122.46094 -123.16589 -105.84412 -96.17615 -109.973145 -113.1958 -94.262695 -72.81189 -57.504272 -28.601074 -12.890625 -6.6467285 -2.1148682 3.7261963 10.272217 13.192749 14.602661 21.24939 23.666382 24.169922 23.968506 27.493286 26.184082 39.88037 48.138428 42.800903 38.067627 30.715942 33.9386 27.191162 24.874878 23.76709 30.81665 30.212402 34.542847 41.89453 39.074707 33.9386 14.401245 11.480713 15.609741 -1.3092041 -9.164429 1.9134521 10.574341 18.630981 28.701782 40.182495 48.339844 61.6333 64.75525 53.778076 44.91577 35.549927 19.537354 24.975586 22.76001 21.24939 45.620728 38.47046 47.232056 71.502686 52.670288 24.169922 3.8269043 0.60424805 -9.567261 -9.869385 1.2084961 -0.10070801 12.991333 5.2368164 18.22815 10.473633 26.385498 28.399658 27.896118 8.963013 4.2297363 -2.8198242 -15.005493 -16.918945 -22.25647 -20.141602 -10.070801 13.595581 36.254883 28.399658 -6.9488525 -36.4563 -40.88745 -42.095947 -34.744263 -28.903198 -10.675049 -11.883545 -21.047974 -23.162842 -40.585327 10.171509 16.314697 20.947266 -1.6113281 -12.789917 -28.601074 -27.79541 -10.272217 -1.9134521 3.9276123 0.9063721 3.0212402 1.6113281 8.258057 9.265137 5.1361084 -2.5177002 -3.4240723 -7.8552246 -15.206909 -10.675049 -24.874878 -18.630981 -16.21399 -15.307617 -15.106201 -9.970093 -5.7403564 10.473633 22.76001 40.38391 67.17224 82.78198 89.52942 95.47119 121.45386 180.56946 240.89355 301.7212 328.61023 344.4214 361.13892 364.36157 300.31128 232.6355 192.55371 176.0376 163.4491 158.11157 135.45227 73.013306 19.73877 -63.848877 -166.57104 -228.50647 -266.37268 -245.82825 -189.23035 -150.9613 -186.30981 -159.6222 -135.04944 -124.575806 -130.719 -155.49316 -167.276 -164.95972 -137.1643 -121.75598 -102.72217 -88.11951 -79.45862 -85.80322 -105.54199 -153.479 -181.37512 -184.29565 -171.0022 -174.22485 -200.20752 -212.4939 -162.1399 -77.041626 -22.055054 -3.6254883 -6.8481445 -22.457886 -13.796997 -9.164429 -28.80249 -49.649048 -24.069214 
-3184.5886 -3169.3816 -3153.6711 -3138.8672 -3123.9624 -3108.9568 -3093.9514 -3079.3486 -3064.8467 -3050.3447 -3036.2456 -1636.3037 1316.2537 3299.8992 3299.8992 3299.8992 3299.8992 3299.8992 3299.8992 3299.8992 3299.8992 3299.8992 3299.8992 3299.8992 3299.8992 3299.8992 3299.8992 3299.8992 3299.8992 3295.8708 3279.5562 -2788.3025 3288.217 3299.8992 -3278.3477 -3261.9324 -3245.7183 -3229.7058 -3213.8945 -3198.0835 -3182.5745 -3166.7632 -3151.9592 -3136.4502 -3121.344 -3106.6406 -3092.0378 -3077.4353 -3062.9333 -3048.6328 -3034.3323 -1255.9296 1744.0613 3299.8992 3299.8992 3299.8992 3299.8992 3299.8992 3299.8992 3299.8992 3299.8992 3299.8992 3299.8992 3299.8992 3299.8992 3299.8992 3299.8992 3299.8992 3299.8992 3294.159 3277.6428 3272.406 3289.5264 -3293.6553 -3277.1392 -3260.7239 -3244.6106 -3228.598 -3212.5854 -3196.875 -3181.366 -3166.2598 -3150.5493 -3135.745 -3120.7397 -3105.7341 -3090.9302 -3076.2268 -3061.7249 -3047.4243 -3033.1238 -825 2342.0654 3299.8992 3299.8992 3299.8992 3299.8992 3299.8992 3299.8992 3299.8992 3299.8992 3299.8992 3299.8992 3299.8992 3299.8992 3299.8992 3299.8992 3299.8992 3299.8992 3290.0298 3273.3123 3270.7947 3287.915 3299.8992 -3278.65 -3262.4358 -3246.121 -3230.2092 -3214.2974 -3198.587 -3182.9773 -3167.871 -3152.1606 -3137.2559 -3122.351 -3107.3455 -3092.5415 -3077.8381 -3063.4368 -3049.0356 -3033.9294 -560.8429 2565.9392 3299.8992 3299.8992 3299.8992 3299.8992 3299.8992 3299.8992 3299.8992 3299.8992 3299.8992 3299.8992 3299.8992 3299.8992 3299.8992 3299.8992 3299.8992 3299.8992 3286.3037 3269.5862 3269.1833 3286.3037 3299.8992 -3280.4626 -3264.047 -3247.8333 -3231.8206 -3216.0095 -3200.299 -3184.6892 -3168.8782 -3153.3691 -3138.7664 -3123.761 -3108.6548 -3093.6492 -3079.0466 -3064.6453 -3050.1433 -3035.8428 -809.6924 2216.281 3299.8992 3299.8992 3299.8992 3299.8992 3299.8992 3299.8992 3299.8992 3299.8992 3299.8992 3299.8992 3299.8992 3299.8992 3299.8992 3299.8992 3299.8992 3299.8992 3287.8142 3270.8953 3273.413 3290.4326 -3292.8496 -3276.233 -3260.0188 -3243.9055 -3227.893 -3211.8804 -3196.17 -3180.7617 -3165.6555 -3150.348 -3134.8389 -3119.8333 -3105.13 -3090.628 -3076.0254 -3061.5234 -3047.223 -2928.8909 -384.30176 2645.8008 3299.8992 3299.8992 3299.8992 3299.8992 3299.8992 3299.8992 3299.8992 
-3216.513 -3201.8096 -3187.509 -3173.2085 -3158.908 -3145.111 -3130.9111 -3117.0134 -3103.2166 -3089.7217 -2997.2717 -524.2859 1990.091 3299.8992 3299.8992 3299.8992 3299.8992 3299.8992 3299.8992 3299.8992 3299.8992 3299.8992 3299.8992 3299.8992 3299.8992 3299.8992 3299.8992 3297.583 3282.8796 3268.0754 3252.7678 -2918.0144 3262.5366 3278.247 3293.8567 3299.8992 -3275.6287 -3260.4216 -3245.5168 -3230.713 -3216.0095 -3201.3062 -3187.0056 -3172.705 -3158.4045 -3144.6074 -3130.4077 -3116.4092 -3102.713 -3089.218 -2939.6667 -689.64844 1749.8016 3299.8992 3299.8992 3299.8992 3299.8992 3299.8992 3299.8992 3299.8992 3299.8992 3299.8992 3299.8992 3299.8992 3299.8992 3299.8992 3299.8992 3299.8992 3285.0952 3270.1904 3254.8828 3250.0488 3266.0613 3281.7717 3297.3816 -3287.3108 -3272.1038 -3256.9976 -3242.0928 -3227.2888 -3212.686 -3197.882 -3183.783 -3169.3816 -3155.182 -3141.3848 -3127.0842 -3113.2874 -3099.591 -3085.9954 -2675.1067 -107.85828 2591.0156 3299.8992 3299.8992 3299.8992 3299.8992 3299.8992 3299.8992 3299.8992 3299.8992 3299.8992 3299.8992 3299.8992 3299.8992 3299.8992 3299.8992 3295.5688 3280.7646 3265.9607 3250.3508 3248.7395 3264.7522 3280.5632 3296.0723 -3288.5193 -3273.3123 -3258.307 -3243.3013 -3228.4973 -3213.8945 -3199.1912 -3184.79 -3170.691 -3156.491 -3142.4927 -3128.3936 -3114.4958 -3100.7996 -3087.1033 -2714.8865 -169.59229 2357.776 3299.8992 3299.8992 3299.8992 3299.8992 3299.8992 3299.8992 3299.8992 3299.8992 3299.8992 3299.8992 3299.8992 3299.8992 3299.8992 3299.8992 3295.8708 3281.067 3266.2627 3250.653 3250.1494 3266.3635 3282.074 3297.583 -3287.0085 -3271.701 -3256.7961 -3241.8914 -3227.0874 -3212.384 -3197.6807 -3183.3801 -3169.1802 -3155.081 -3140.68 -3126.8828 -3113.1865 -3099.3896 -3085.6934 -2589.0015 72.20764 2589.9077 3299.8992 3299.8992 3299.8992 3299.8992 3299.8992 3299.8992 3299.8992 3299.8992 3299.8992 3299.8992 3299.8992 3299.8992 3299.8992 3299.8992 3294.6624 3279.959 3265.0542 3245.4163 3252.2644 3268.1763 3283.8867 3299.4963 -3285.1958 -3269.989 -3254.9834 -3239.978 -3225.2747 -3210.6719 -3196.3713 -3181.7688 -3167.3674 -3153.1677 -3138.9678 -3125.2715 -3111.5752 -3097.6775 -3084.1826 -2259.4849 314.10828 2759.198 3299.8992 3299.8992 3299.8992 3299.8992 3299.8992 3299.8992 3299.8992 
3255.89 3240.985 3226.2817 3211.377 3196.5728 3181.8694 3167.6697 3152.4626 3138.263 3120.1355 2014.3616 103.52783 -1469.4305 -2775.714 3139.27 3155.182 3170.8923 3186.4014 3201.9104 3217.218 3232.3242 3247.531 3262.738 3277.542 3292.749 -3292.5476 -3278.3477 -3263.4429 -3248.8403 -3234.439 -3220.3398 1265.2954 3299.8992 3299.8992 3299.8992 3299.8992 3299.8992 3297.2808 3282.4768 3267.572 3252.7678 3237.863 3222.7568 3207.852 3193.451 3178.7476 3163.8428 3148.938 3135.1409 3115.7043 1887.1674 -7.3516846 -1525.2228 -2840.2678 3138.263 3154.1748 3169.7844 3185.3943 3200.8025 3216.0095 3231.2163 3246.4233 3261.2273 3276.4343 3290.9363 3299.8992 -3279.3547 -3264.7522 -3250.5522 -3236.2517 -3222.052 1734.9976 3299.8992 3299.8992 3299.8992 3299.8992 3299.8992 3294.159 3279.3547 3264.3494 3249.4446 3234.5398 3219.8364 3205.0322 3190.2283 3175.525 3161.4258 3146.2188 3132.019 3072.9033 1620.694 -215.1123 -1733.0841 -2899.4841 3138.7664 3154.5776 3170.1873 3185.797 3201.1047 3216.4124 3231.6191 3246.6248 3261.9324 3277.0386 3291.4397 3299.8992 -3278.65 -3264.148 -3249.948 -3235.5469 -3221.347 2367.9473 3299.8992 3299.8992 3299.8992 3299.8992 3299.8992 3292.1448 3277.3406 3262.4358 3247.6318 3232.727 3217.7214 3202.8167 3188.4155 3173.9136 3159.613 3144.6074 3130.2063 3064.746 1579.9072 -230.31921 -1725.531 -2951.9531 3137.5579 3153.3691 3168.9788 3184.5886 3199.8962 3215.103 3230.31 3245.5168 3260.623 3275.3264 3290.332 3299.8992 -3279.7576 -3265.2556 -3251.1565 -3236.7554 -3218.527 2903.4119 3299.8992 3299.8992 3299.8992 3299.8992 3299.8992 3288.922 3274.118 3259.2131 3244.4092 3229.5044 3214.4988 3199.6948 3185.2935 3170.59 3156.491 3141.5862 3127.185 3032.318 1408.2001 -447.7478 -1987.4725 3293.4539 3138.9678 3154.6782 3170.3887 3185.8977 3201.2053 3216.513 3231.6191 3246.7253 3262.033 3276.9377 3291.641 3299.8992 -3278.549 -3264.047 -3249.8474 -3235.5469 -3052.7617 3299.8992 3299.8992 3299.8992 3299.8992 3299.8992 3299.8992 3288.0156 3273.0103 3258.1055 3243.2007 3228.4973 3213.794 3198.8892 3184.5886 3169.9858 3155.081 3140.277 3126.178 2874.3071 1108.3923 -669.60754 -2153.2378 3203.018 3142.1904 3158.0017 3173.6113 3189.2212 3204.5288 3219.7356 
-3091.333 -3076.7302 -3062.732 -3048.23 -3033.9294 -3019.8303 -3005.9326 -2991.934 -2978.3386 -2964.5415 -2951.1475 -1889.3829 -273.72437 1059.2468 2351.6326 3299.8992 3299.8992 3299.8992 3299.8992 3299.8992 3299.8992 3299.8992 3299.8992 3299.8992 3299.8992 3299.8992 3299.8992 3299.8992 3299.8992 3299.8992 3299.8992 1252.6062 -3212.384 -3196.5728 -3180.9631 -3165.756 -3150.5493 -3135.5437 -3120.639 -3105.835 -3091.2322 -3076.7302 -3062.732 -3048.23 -3033.8286 -3019.8303 -3005.9326 -2991.934 -2978.3386 -2964.5415 -2951.0466 -1966.4246 -253.07922 1299.0326 2781.5552 3299.8992 3299.8992 3299.8992 3299.8992 3299.8992 3299.8992 3299.8992 3299.8992 3299.8992 3299.8992 3299.8992 3299.8992 3299.8992 3299.8992 3299.8992 3299.8992 309.57642 -3210.974 -3195.2637 -3179.7546 -3164.5476 -3149.3408 -3134.3352 -3119.5312 -3104.727 -3090.1245 -3075.6226 -3061.0198 -3046.9207 -3032.721 -3018.7224 -3004.8247 -2991.0278 -2977.1301 -2963.5344 -2949.6367 -1878.0029 -331.73218 1153.7109 2553.8542 3299.8992 3299.8992 3299.8992 3299.8992 3299.8992 3299.8992 3299.8992 3299.8992 3299.8992 3299.8992 3299.8992 3299.8992 3299.8992 3299.8992 3299.8992 3299.8992 36.657715 -3207.55 -3191.8396 -3176.4312 -3161.023 -3146.0173 -3130.9111 -3116.1072 -3101.303 -3086.801 -3072.299 -3057.6965 -3043.5974 -3029.4983 -3015.4998 -3001.5015 -2987.8052 -2974.008 -2960.3118 -2946.6155 -1797.3358 -300.00916 1216.6534 2700.586 3299.8992 3299.8992 3299.8992 3299.8992 3299.8992 3299.8992 3299.8992 3299.8992 3299.8992 3299.8992 3299.8992 3299.8992 3299.8992 3299.8992 3299.8992 3299.8992 -238.47656 -3204.8308 -3189.0198 -3173.6113 -3158.2031 -3143.1975 -3128.1921 -3113.388 -3098.6846 -3084.082 -3069.58 -3055.5815 -3041.0796 -3026.88 -3012.8813 -2998.883 -2985.086 -2971.4905 -2957.7942 -2861.1145 -1344.8547 249.75586 1671.4508 2991.8335 3299.8992 3299.8992 3299.8992 3299.8992 3299.8992 3299.8992 3299.8992 3299.8992 3299.8992 3299.8992 3299.8992 3299.8992 3299.8992 3299.8992 3299.8992 3299.8992 -1153.2074 -3206.543 -3190.933 -3175.424 -3160.2173 -3145.111 -3130.1055 -3115.3015 -3100.4973 -3085.9954 -3071.4934 -3057.3943 -3042.9932 -3028.5918 -3014.5935 -3000.6958 -2986.8987 -2973.3032 -2959.607 -2850.54 -1409.1064 294.4702 1748.6938 3010.0615 3299.8992 3299.8992 3299.8992 3299.8992 3299.8992 
3193.5515 3178.244 3162.1306 3147.3267 3132.1196 3117.2148 3102.2095 3087.3047 3070.6877 2881.256 1597.0276 265.4663 -747.45483 -1646.878 -2564.8315 -3187.4084 3095.16 3111.978 3128.4941 3144.9097 3161.325 3177.539 3193.8538 3209.7656 3225.5767 3241.388 3257.199 3272.8088 3288.5193 3299.8992 -3280.5632 606.56433 3299.8992 3296.2737 3281.067 3265.8599 3250.5522 3235.446 3220.3398 3204.9316 3189.7246 3174.2156 3158.908 3143.4998 3128.2927 3113.2874 3098.3826 3083.5784 3067.2637 2871.6887 1617.9749 76.638794 -1101.1414 -1949.5056 -2683.1633 -3225.5767 3096.0662 3112.5823 3129.2998 3145.6145 3162.03 3178.244 3194.5586 3210.5713 3226.3823 3242.2942 3258.1055 3273.715 3289.325 3299.8992 -3279.8584 904.1565 3299.8992 3295.5688 3280.3618 3265.0542 3249.8474 3234.8418 3219.4336 3204.3274 3188.919 3173.41 3158.2031 3142.8955 3127.588 3112.5823 3097.7783 3082.8735 3065.149 2743.4875 1441.1316 42.095947 -1056.3263 -1915.4663 -2755.673 3211.2761 3097.3755 3114.093 3130.6091 3147.1252 3163.44 3179.6538 3195.9685 3211.9812 3227.6917 3243.6035 3259.4146 3275.125 3290.7349 3299.8992 -3253.5735 1421.4935 3299.8992 3294.159 3279.0527 3263.8457 3248.639 3233.3313 3218.3257 3202.9175 3187.509 3172 3156.6924 3141.2842 3126.2786 3111.3738 3096.3684 3081.4636 3063.739 2654.7637 1204.3671 -165.66467 -1201.4465 -2017.1814 -2648.0164 -3274.3193 3098.886 3115.503 3132.2205 3148.5352 3164.9504 3181.1646 3197.4792 3213.1897 3229.1016 3245.0134 3260.9253 3276.535 3292.044 3299.8992 -3095.6633 1859.1705 3299.8992 3293.2524 3277.9448 3262.6372 3247.531 3232.3242 3217.1172 3201.9104 3186.6028 3170.993 3155.6853 3140.0757 3125.2715 3110.266 3095.3613 3080.4565 3062.329 2645.9014 1215.2435 -164.05334 -1261.972 -2152.4321 -2905.6274 3084.082 3100.9001 3117.517 3134.0332 3150.5493 3166.864 3182.9773 3198.8892 3215.2039 3231.1157 3247.0276 3262.6372 3278.4485 3293.9575 -3290.634 -2903.1096 2310.2417 3299.8992 3292.5476 3277.4414 3262.1338 3246.8262 3231.72 3216.513 3201.3062 3185.8977 3170.4895 3154.4768 3139.6729 3124.6672 3109.6619 3094.757 3079.7515 3061.7249 2558.084 1104.8676 -210.68115 -1169.3207 -2078.9153 -2790.7195 3169.6838 3099.6917 3116.3086 3132.8247 3149.3408 
-3042.7917 -3028.7932 -3014.8955 -3000.9978 -2987.3015 -2973.4038 -2617.6025 -2287.8845 -2095.3308 -1624.7223 -1005.67017 -550.9735 -158.21228 56.09436 275.73853 492.76428 985.42786 2353.6467 3299.8992 3299.8992 3299.8992 3299.8992 3299.8992 3299.8992 3299.8992 3299.8992 3299.8992 3299.8992 3299.8992 3299.8992 3272.2046 750.07324 -1591.6901 -3142.7947 -3127.7893 -3112.8845 -3098.2817 -3083.6792 -3069.3787 -3054.9773 -3040.8782 -3026.779 -3012.8813 -2998.9836 -2985.1868 -2953.9673 -2539.3523 -2103.7903 -1767.2241 -1537.912 -1080.5969 -852.8961 -474.1333 15.206909 347.74475 640.70435 1288.0554 2662.9211 3299.8992 3299.8992 3299.8992 3299.8992 3299.8992 3299.8992 3299.8992 3299.8992 3299.8992 3299.8992 3299.8992 3299.8992 3251.8616 753.3966 -1565.1031 -3144.8088 -3129.7026 -3114.8987 -3100.0945 -3085.8948 -3071.292 -3056.9915 -3042.7917 -3028.6926 -3014.795 -3000.9978 -2987.3015 -2973.6052 -2684.5732 -2276.5044 -1831.6772 -1347.4731 -726.30615 -398.40088 -132.53174 126.9928 420.75806 682.09534 1313.8367 2712.973 3299.8992 3299.8992 3299.8992 3299.8992 3299.8992 3299.8992 3299.8992 3299.8992 3299.8992 3299.8992 3299.8992 3299.8992 3104.6265 442.7124 -1702.771 -3148.7366 -3133.6304 -3118.7256 -3104.0222 -3089.4194 -3075.2197 -3060.8184 -3046.7192 -3032.5195 -3018.9238 -3005.127 -2990.927 -2977.0293 -2633.8164 -2270.462 -2002.7802 -1601.0559 -1023.7976 -522.171 -120.44678 161.53564 395.0775 494.67773 1093.9911 2598.8708 3299.8992 3299.8992 3299.8992 3299.8992 3299.8992 3299.8992 3299.8992 3299.8992 3299.8992 3299.8992 3299.8992 3299.8992 2903.009 258.21533 -1749.2981 -3144.9097 -3129.8035 -3114.8987 -3100.1953 -3085.6934 -3071.292 -3057.0923 -3042.8923 -3028.7932 -3014.9963 -3001.0986 -2987.503 -2814.5874 -2377.1118 -2047.1924 -1530.1575 -1167.81 -794.7876 -440.79895 -131.62537 28.29895 233.74329 486.21826 1152.9053 2744.0918 3299.8992 3299.8992 3299.8992 3299.8992 3299.8992 3299.8992 3299.8992 3299.8992 3299.8992 3299.8992 3299.8992 3299.8992 2843.8933 128.2013 -1900.2594 -3147.2258 -3132.2205 -3117.3157 -3102.713 -3088.1104 -3073.8098 -3059.5093 -3045.3093 -3031.2102 -3017.3125 -3003.5156 -2989.7185 -2851.3457 -2561.911 -2184.961 -1657.1503 -1250.592 -573.1293 -266.27197 -47.735596 171.20361 405.34973 552.182 1352.5085 2864.74 3299.8992 3299.8992 

-38.168335 -38.168335 -38.168335 -38.168335 -38.168335 -38.168335 -38.168335 -38.168335 -38.168335 -38.168335 -38.168335 -38.168335 -38.168335 -38.168335 -38.168335 -38.168335 -38.168335 -38.168335 -38.168335 -38.168335 -38.168335 -38.168335 -38.168335 -38.168335 -38.168335 -38.168335 -38.168335 -38.168335 -38.168335 -38.168335 -38.168335 -38.168335 -38.168335 -38.168335 -38.168335 -38.168335 -38.168335 -38.168335 -38.168335 -38.168335 -38.168335 -38.168335 -38.168335 -38.168335 -38.168335 -38.168335 -38.168335 -38.168335 -38.168335 -38.168335 -38.168335 -38.168335 -38.168335 -38.168335 -38.168335 -38.168335 -38.168335 -38.168335 -38.168335 -38.168335 -38.168335 -38.168335 -38.168335 -38.168335 -38.168335 -38.168335 -38.168335 -38.168335 -38.168335 -38.168335 -38.168335 -38.168335 -38.168335 -38.168335 -38.168335 -38.168335 -38.168335 -38.168335 -38.168335 -38.168335 -38.168335 -38.168335 -38.168335 -38.168335 -38.168335 -38.168335 -38.168335 -38.168335 -38.168335 -38.168335 -38.168335 -38.168335 -38.168335 -38.168335 -38.168335 -38.168335 -38.168335 -38.168335 -38.168335 -38.168335 -38.168335 -38.168335 -38.168335 -38.168335 -38.168335 -38.168335 -38.168335 -38.168335 -38.168335 -38.168335 -38.168335 -38.168335 -38.168335 -38.168335 -38.168335 -38.168335 -38.168335 -38.168335 -38.168335 -38.168335 -38.168335 -38.168335 -38.168335 -38.168335 -38.168335 -38.168335 -38.168335 -38.168335 -38.168335 -38.168335 -38.168335 -38.168335 -38.168335 -38.168335 -38.168335 -38.168335 -38.168335 -38.168335 -38.168335 -38.168335 -38.168335 -38.168335 -38.168335 -38.168335 -38.168335 -38.168335 -38.168335 -38.168335 -38.168335 -38.168335 -38.168335 -38.168335 -38.168335 -38.168335 -38.168335 -38.168335 -38.168335 -38.168335 -38.168335 -38.168335 -38.168335 -38.168335 -38.168335 -38.168335 -38.168335 -38.168335 -38.168335 -38.168335 -38.168335 -38.168335 -38.168335 -38.168335 -38.168335 -38.168335 -38.168335 -38.168335 -38.168335 -38.168335 -38.168335 -38.168335 -38.168335 -38.168335 -38.168335 -38.168335 -38.168335 -38.168335 -38.168335 -38.168335 -38.168335 -38.168335 -38.168335 -38.168335 -38.168335 -38.168335 -38.168335 -38.168335 -38.168335 -38.168335 -38.168335 -38.168335 
-30.917358 -14.904785 0.70495605 16.918945 16.516113 10.876465 -3.1219482 -29.003906 -50.354004 -45.318604 -27.79541 -6.0424805 7.9559326 12.991333 15.005493 7.8552246 12.588501 20.947266 25.479126 39.47754 30.111694 47.735596 50.454712 53.67737 49.145508 49.850464 51.05896 37.261963 17.72461 19.033813 20.141602 21.350098 17.22107 31.521606 35.44922 26.083374 32.629395 21.148682 21.853638 7.6538086 -5.1361084 5.7403564 21.350098 19.940186 11.279297 9.667969 -2.8198242 5.4382324 16.818237 9.365845 -7.0495605 -20.040894 -16.415405 -4.6325684 -6.6467285 -18.127441 -20.947266 -14.300537 -4.6325684 5.0354004 5.8410645 20.846558 24.77417 35.247803 44.210815 41.693115 31.018066 32.226562 47.43347 65.56091 78.048706 79.86145 69.08569 56.19507 -5.4382324 -37.664795 -28.601074 -17.422485 -12.789917 -17.623901 -20.645142 -18.73169 0.70495605 -1.1077881 -5.0354004 -1.4099121 4.5318604 2.3162842 10.070801 29.80957 34.84497 34.140015 33.737183 26.78833 40.283203 73.71826 109.3689 169.89441 214.30664 252.07214 271.91162 288.83057 274.2279 248.64807 212.89673 176.64185 147.03369 128.80554 95.5719 102.72217 80.26428 30.615234 -63.64746 -149.14856 -187.71973 -154.28467 -68.38074 18.73169 55.288696 49.649048 -8.761597 -49.54834 -75.22888 -131.42395 -143.20679 -168.4845 -233.64258 -298.29712 -301.21765 -290.94543 -298.39783 -328.81165 -329.6173 -255.89905 -221.15479 -214.20593 -205.44434 -155.896 -104.837036 -68.78357 -49.95117 -53.475952 -48.239136 -32.93152 -2.8198242 16.71753 9.768677 -3.8269043 -12.588501 -6.1431885 11.279297 4.1290283 1.9134521 15.005493 39.678955 65.66162 82.27844 75.027466 76.7395 78.95508 73.91968 57.10144 42.49878 44.815063 30.31311 9.768677 8.761597 7.0495605 8.660889 17.019653 1.8127441 -3.0212402 2.3162842 20.74585 49.346924 67.27295 66.56799 78.85437 91.241455 118.83545 152.47192 175.73547 147.73865 136.56006 110.07385 87.01172 65.3595 36.557007 3.9276123 -35.549927 -68.28003 -99.3988 -117.32483 -131.22253 -144.51599 -122.76306 -98.49243 -87.716675 -73.71826 -46.124268 
3299.8992 3299.8992 3299.8992 3299.8992 3299.8992 3299.8992 3299.8992 3299.8992 3299.8992 3286.5051 3265.8599 3274.4202 3291.339 -3291.8425 -3275.3264 -3259.0117 -3242.9993 -3226.9866 -3211.0747 -3195.2637 -3179.7546 -3164.1448 -3149.24 -3133.731 -3118.8262 -3104.1228 -3089.5203 -3074.817 -3060.315 -3046.115 -2827.9814 -174.92981 2901.9011 3299.8992 3299.8992 3299.8992 3299.8992 3299.8992 3299.8992 3299.8992 3299.8992 3299.8992 3299.8992 3299.8992 3299.8992 3299.8992 3299.8992 3299.8992 3299.8992 3285.6995 3111.2732 3276.535 3293.5547 -3289.7278 -3273.3123 -3256.9976 -3240.8843 -3224.8718 -3209.0605 -3193.451 -3177.841 -3162.7349 -3147.1252 -3132.4219 -3117.517 -3102.6123 -3087.6067 -3073.1047 -3058.6028 -3044.2017 -2527.1667 374.6338 3299.8992 3299.8992 3299.8992 3299.8992 3299.8992 3299.8992 3299.8992 3299.8992 3299.8992 3299.8992 3299.8992 3299.8992 3299.8992 3299.8992 3299.8992 3299.8992 3298.0864 3282.074 2752.3499 3275.3264 3292.3462 -3290.9363 -3274.6216 -3258.307 -3242.0928 -3226.181 -3210.269 -3194.5586 -3179.0496 -3164.0442 -3148.233 -3133.429 -3118.3228 -3103.72 -3089.1174 -3074.5146 -3059.912 -2904.6204 -2026.8494 830.0354 3299.8992 3299.8992 3299.8992 3299.8992 3299.8992 3299.8992 3299.8992 3299.8992 3299.8992 3299.8992 3299.8992 3299.8992 3299.8992 3299.8992 3299.8992 3299.8992 3294.6624 3278.7505 1983.4442 3274.4202 3291.4397 -3291.9434 -3275.5278 -3259.2131 -3242.9993 -3226.9866 -3211.377 -3195.3643 -3179.956 -3164.8499 -3149.3408 -3134.5366 -3119.3298 -3104.425 -3090.0237 -3075.3203 -3060.9192 -2735.33 -2344.4824 -70.89844 2975.8208 3299.8992 3299.8992 3299.8992 3299.8992 3299.8992 3299.8992 3299.8992 3299.8992 3299.8992 3299.8992 3299.8992 3299.8992 3299.8992 3299.8992 3299.8992 3299.8992 3287.1094 1542.1417 3284.491 3299.8992 -3281.9731 -3265.5579 -3249.3438 -3233.2305 -3217.3186 -3201.5076 -3185.8977 -3170.4895 -3155.484 -3140.3777 -3124.9695 -3110.1653 -3095.3613 -3080.8594 -3066.458 -3051.956 -3037.6555 -1872.2626 1226.12 3299.8992 3299.8992 3299.8992 3299.8992 3299.8992 3299.8992 3299.8992 3299.8992 
3299.8992 3299.8992 3299.8992 3299.8992 3299.8992 3299.8992 3299.8992 3293.3533 3278.549 3263.745 3048.6328 3254.1777 3270.0896 3285.8 3299.8992 -3283.383 -3268.2769 -3253.1707 -3238.2659 -3223.5625 -3208.96 -3194.6594 -3179.956 -3165.756 -3151.657 -3137.3564 -3123.6602 -3109.7625 -3096.167 -3082.5713 -2210.2385 319.2444 2699.176 3299.8992 3299.8992 3299.8992 3299.8992 3299.8992 3299.8992 3299.8992 3299.8992 3299.8992 3299.8992 3299.8992 3299.8992 3299.8992 3299.8992 3294.9646 3280.1604 3265.3564 2940.573 3256.4941 3272.406 3288.1165 3299.8992 -3280.966 -3265.8599 -3250.955 -3236.0503 -3221.2463 -3206.6436 -3192.4438 -3177.841 -3163.5405 -3149.3408 -3135.2417 -3121.4446 -3107.7483 -3093.9514 -3080.3557 -1606.5948 1053.6072 3200.8025 3299.8992 3299.8992 3299.8992 3299.8992 3299.8992 3299.8992 3299.8992 3299.8992 3299.8992 3299.8992 3299.8992 3299.8992 3299.8992 3299.8992 3289.9292 3275.125 3260.1196 2355.7617 3254.48 3270.3918 3286.203 3299.8992 -3283.1816 -3267.9749 -3252.9692 -3238.0645 -3223.361 -3208.7585 -3194.458 -3179.7546 -3165.5547 -3151.355 -3137.5579 -3123.4587 -3109.561 -3095.9656 -3082.2693 -1594.3085 1041.5222 3299.8992 3299.8992 3299.8992 3299.8992 3299.8992 3299.8992 3299.8992 3299.8992 3299.8992 3299.8992 3299.8992 3299.8992 3299.8992 3299.8992 3299.8992 3287.6128 3272.8088 3258.0046 1739.9323 3254.782 3270.6938 3286.3037 3299.8992 -3282.8796 -3267.7734 -3252.6672 -3237.863 -3223.1597 -3208.5571 -3193.8538 -3179.6538 -3165.3533 -3151.2542 -3137.4573 -3123.2573 -3109.4604 -3095.8647 -3082.1685 -1335.791 1381.8146 3299.8992 3299.8992 3299.8992 3299.8992 3299.8992 3299.8992 3299.8992 3299.8992 3299.8992 3299.8992 3299.8992 3299.8992 3299.8992 3299.8992 3298.6907 3283.9873 3269.3848 3254.3792 997.2107 3253.775 3269.6868 3285.2966 3299.8992 -3284.0881 -3268.881 -3253.775 -3238.971 -3224.1667 -3209.5642 -3194.8608 -3180.661 -3166.3604 -3152.2612 -3138.565 -3124.2644 -3110.4675 -3096.8718 -3083.1755 -1319.6777 1164.0839 3299.8992 3299.8992 3299.8992 3299.8992 3299.8992 3299.8992 3299.8992 3299.8992 
3234.8418 3249.948 3264.9536 3279.5562 3294.7632 -3290.4326 -3276.233 -3261.4287 -3246.8262 -3232.4248 -2764.032 3299.8992 3299.8992 3299.8992 3299.8992 3299.8992 3299.8992 3288.5193 3273.715 3258.9111 3243.9055 3229.1016 3213.8945 3199.3926 3184.4878 3169.7844 3155.7861 3140.68 3126.3794 2899.4841 1093.9911 -649.9695 -2097.1436 -3280.2612 3141.4856 3157.196 3172.9065 3188.3147 3203.7231 3218.93 3234.137 3249.2432 3264.45 3279.4556 3294.2595 -3291.0369 -3276.233 -3261.731 -3247.6318 -3233.3313 -2442.0684 3299.8992 3299.8992 3299.8992 3299.8992 3299.8992 3299.8992 3285.5986 3270.8953 3255.9905 3241.287 3226.181 3211.5784 3196.5728 3182.373 3167.7703 3152.8655 3138.162 3123.8616 2701.1902 726.10474 -1082.1075 -2429.782 3130.1055 3146.1182 3161.8286 3177.4382 3192.8467 3208.255 3223.462 3238.6687 3253.6743 3268.579 3283.2825 3298.4893 -3286.8071 -3272.6074 -3257.904 -3243.3013 -3228.9001 -1913.9557 3299.8992 3299.8992 3299.8992 3299.8992 3299.8992 3299.8992 3286.908 3272.2046 3257.4004 3242.395 3227.4902 3212.384 3197.882 3183.2793 3168.7773 3153.772 3139.1692 3124.9695 2611.963 697.20154 -1005.0659 -2327.9663 3131.012 3146.521 3162.2314 3177.841 3193.35 3208.7585 3223.8647 3239.0715 3254.2786 3269.0825 3283.9873 3298.4893 -3286.8071 -3271.8018 -3257.2998 -3243.3013 -3228.9001 -1634.0881 3299.8992 3299.8992 3299.8992 3299.8992 3299.8992 3299.8992 3285.8 3270.7947 3255.9905 3241.1865 3226.2817 3211.5784 3196.7742 3182.1716 3167.4683 3153.2683 3138.263 3122.1497 2539.7551 626.1017 -1165.4938 -2532.605 3131.8176 3147.931 3163.6414 3179.0496 3194.458 3209.8662 3225.1738 3240.28 3255.2856 3270.4924 3285.1958 3299.8992 -3284.8938 -3270.6938 -3255.89 -3241.388 -3227.0874 -1062.3688 3299.8992 3299.8992 3299.8992 3299.8992 3299.8992 3299.5972 3284.9944 3270.1904 3255.2856 3240.4814 3225.5767 3210.4705 3195.767 3181.366 3166.864 3151.8584 3137.155 3119.934 2364.2212 386.31592 -1229.7455 -2584.369 3133.8318 3149.6428 3165.454 3181.0637 3196.3713 3211.5784 3226.886 
3299.8992 3299.8992 3299.8992 3299.8992 3299.8992 3299.8992 3299.8992 3299.8992 3299.8992 3299.8992 3299.8992 -1677.2919 -3206.3416 -3190.7317 -3175.3235 -3160.1165 -3145.0103 -3130.005 -3115.2007 -3100.5981 -3085.8948 -3071.292 -3056.79 -3042.5903 -3028.5918 -3014.5935 -3000.595 -2986.8987 -2973.1018 -2959.506 -2810.559 -1239.917 292.35535 1587.0575 2952.0537 3299.8992 3299.8992 3299.8992 3299.8992 3299.8992 3299.8992 3299.8992 3299.8992 3299.8992 3299.8992 3299.8992 3299.8992 3299.8992 3299.8992 3299.8992 3299.8992 -2166.5312 -3204.3274 -3188.617 -3173.3093 -3158.0017 -3142.8955 -3127.89 -3113.1865 -3098.4832 -3083.8806 -3069.4792 -3055.2795 -3040.8782 -3026.6785 -3012.5793 -2998.5808 -2984.8845 -2971.1882 -2957.492 -2904.016 -1616.8671 -93.55774 1430.9601 2772.592 3299.8992 3299.8992 3299.8992 3299.8992 3299.8992 3299.8992 3299.8992 3299.8992 3299.8992 3299.8992 3299.8992 3299.8992 3299.8992 3299.8992 3299.8992 3299.8992 -2752.954 -3194.6594 -3178.949 -3163.6414 -3148.3337 -3133.3281 -3118.4233 -3103.6194 -3088.916 -3074.414 -3060.1135 -3046.2158 -3031.613 -3017.514 -3003.6162 -2989.7185 -2975.9216 -2962.326 -2948.7305 -2422.6318 -740.4053 807.98035 2166.3298 3299.8992 3299.8992 3299.8992 3299.8992 3299.8992 3299.8992 3299.8992 3299.8992 3299.8992 3299.8992 3299.8992 3299.8992 3299.8992 3299.8992 3299.8992 3299.8992 3131.7168 -3121.0417 -3199.3926 -3183.6821 -3168.3745 -3153.1677 -3138.0615 -3123.1567 -3108.3525 -3093.6492 -3079.1472 -3064.6453 -3050.2441 -3036.2456 -3022.1465 -3008.2488 -2994.452 -2980.5542 -2966.858 -2953.1616 -2491.1133 -874.1455 784.9182 2103.8909 3164.447 3299.8992 3299.8992 3299.8992 3299.8992 3299.8992 3299.8992 3299.8992 3299.8992 3299.8992 3299.8992 3299.8992 3299.8992 3299.8992 3299.8992 3299.8992 2812.8752 -3214.801 -3198.8892 -3183.1787 -3167.7703 -3152.5635 -3137.6587 -3122.653 -3107.849 -3093.1458 -3078.6438 -3064.2424 -3049.7405 -3035.6414 -3021.643 -3007.6445 -2993.8477 -2980.1514 -2966.3542 -2952.8594 -2211.7493 -578.3661 914.93225 2160.6902 3299.8992 3299.8992 3299.8992 3299.8992 3299.8992 3299.8992 
3165.6555 3181.8694 3198.184 3214.096 3229.8064 3245.7183 3261.5295 3277.1392 3292.749 -3291.8425 -2575.1038 2648.3184 3299.8992 3288.922 3273.9165 3258.5083 3243.3013 3228.195 3213.0889 3197.6807 3182.373 3166.9646 3151.1536 3136.3494 3121.2432 3106.3384 3091.5344 3076.831 3059.1064 2693.637 1346.7682 18.429565 -1037.796 -1883.0383 -2644.6929 3296.2737 3091.333 3108.0505 3124.6672 3140.982 3157.3975 3173.6113 3189.4226 3205.7373 3221.6492 3237.4602 3253.372 3269.0825 3284.793 3299.8992 -2390.6067 3017.7153 3294.461 3279.5562 3264.2485 3249.0417 3233.9355 3218.7285 3203.7231 3188.516 3173.108 3157.901 3142.5933 3127.185 3112.2803 3097.3755 3082.5713 3067.566 3045.0073 2282.7483 678.9734 -668.49976 -1673.8678 -2488.6963 -3221.347 3083.5784 3100.1953 3116.9128 3133.429 3149.8442 3165.9575 3182.2722 3198.6877 3214.2974 3230.2092 3246.121 3261.8315 3277.4414 3293.051 -3291.5405 -2001.2695 3299.8992 3299.8992 3284.9944 3269.7876 3254.5806 3239.4744 3224.3682 3209.1614 3193.8538 3178.5461 3163.1377 3147.7295 3132.321 3117.4163 3102.5115 3087.808 3071.8962 3048.3306 2151.526 695.7916 -564.4684 -1557.9529 -2321.1182 -2993.2434 3085.9954 3102.8137 3119.4304 3135.9465 3152.362 3168.576 3184.79 3201.1047 3217.0166 3232.6262 3248.639 3264.3494 3279.959 3295.468 -3289.0227 -1650 3299.8992 3299.8992 3285.1958 3270.0896 3254.782 3239.6758 3224.469 3209.3628 3193.9543 3178.6467 3163.037 3147.931 3132.6233 3117.517 3102.6123 3087.808 3072.8027 3047.0215 2179.2205 581.3873 -640.1001 -1589.3738 -2400.879 -3094.757 3088.211 3105.0293 3121.5454 3138.0615 3154.5776 3170.7915 3186.9048 3202.8167 3218.93 3234.8418 3250.653 3266.565 3281.9731 3297.6836 -3287.0085 -1162.4725 3299.8992 3299.5972 3284.5916 3269.3848 3254.0771 3238.971 3223.764 3208.5571 3193.1487 3177.841 3162.4329 3146.521 3131.8176 3116.7114 3101.9072 3087.1033 3072.0977 3026.9805 2107.8186 649.76807 -469.1986 -1392.1875 -2287.1794 -3026.3762 3084.8877 3101.7058 3118.3228 3134.9395 3151.355 
3299.8992 3299.8992 3299.8992 3299.8992 3299.8992 3299.8992 3299.8992 3299.8992 3299.8992 3299.8992 3116.9128 1060.4553 -754.9072 -2409.0361 -2673.1934 -2686.4868 -2790.4175 -2925.9705 -2917.0073 -2859.201 -2720.6267 -2652.649 -2567.752 -2510.0464 -2439.45 -2210.8428 -1881.7291 -1535.8978 -1285.0342 -946.8567 -338.78174 147.2351 318.0359 257.10754 204.43726 188.92822 850.98267 2179.4219 3011.975 3299.8992 3299.8992 3299.8992 3299.8992 3299.8992 3299.8992 3299.8992 3299.8992 3299.8992 3299.8992 3299.8992 1396.3165 -1542.9474 -2813.278 -2990.8264 -3120.337 -3116.9128 -3102.6123 -3088.211 -3073.8098 -3059.6099 -3045.5107 -3031.5125 -3017.514 -3003.717 -2990.0208 -2976.425 -2737.1428 -2268.4478 -1650.6042 -1057.3334 -607.1686 -256.10046 39.678955 391.65344 820.166 1180.1971 2161.4958 3299.8992 3299.8992 3299.8992 3299.8992 3299.8992 3299.8992 3299.8992 3299.8992 3299.8992 3299.8992 3299.8992 3299.8992 3299.8992 2395.642 -228.8086 -2017.6849 -3159.7136 -3144.6074 -3129.7026 -3114.8987 -3100.3967 -3085.8948 -3071.6948 -3057.495 -3043.396 -3029.2969 -3015.4998 -2998.6816 -2612.5671 -2237.0269 -1840.741 -1507.8003 -1027.8259 -350.56458 -86.50818 273.22083 489.74304 716.5375 1121.3837 2153.1372 3299.8992 3299.8992 3299.8992 3299.8992 3299.8992 3299.8992 3299.8992 3299.8992 3299.8992 3299.8992 3299.8992 3299.8992 3299.8992 2166.632 -308.2672 -2280.7341 -3175.9277 -3161.023 -3146.1182 -3131.4148 -3116.7114 -3102.2095 -3087.909 -3073.709 -3059.5093 -3045.5107 -3031.613 -3017.7153 -2734.2224 -2320.816 -2018.4906 -1785.8551 -1366.507 -838.39417 -482.29065 -199.9054 63.949585 357.61414 658.0261 1661.2793 3128.4941 3299.8992 3299.8992 3299.8992 3299.8992 3299.8992 3299.8992 3299.8992 3299.8992 3299.8992 3299.8992 3299.8992 3299.8992 1637.1094 -1005.26733 -2728.079 -3164.3462 -3149.3408 -3134.5366 -3119.8333 -3105.3313 -3090.8293 -3076.6296 -3062.4297 -3048.23 -3034.3323 -3020.4346 -3006.5369 -2853.3599 -2359.9915 -1932.2845 -1657.6538 -1188.6566 -874.54834 -710.7971 -416.4276 12.991333 372.1161 757.4249 1821.0022 3299.8992 3299.8992 3299.8992 

-38.168335 -38.168335 -38.168335 -38.168335 -38.168335 -38.168335 -38.168335 -38.168335 -38.168335 -38.168335 -38.168335 -38.168335 -38.168335 -38.168335 -38.168335 -38.168335 -38.168335 -38.168335 -38.168335 -38.168335 -38.168335 -38.168335 -38.168335 -38.168335 -38.168335 -38.168335 -38.168335 -38.168335 -38.168335 -38.168335 -38.168335 -38.168335 -38.168335 -38.168335 -38.168335 -38.168335 -38.168335 -38.168335 -38.168335 -38.168335 -38.168335 -38.168335 -38.168335 -38.168335 -38.168335 -38.168335 -38.168335 -38.168335 -38.168335 -38.168335 -38.168335 -38.168335 -38.168335 -38.168335 -38.168335 -38.168335 -38.168335 -38.168335 -38.168335 -38.168335 -38.168335 -38.168335 -38.168335 -38.168335 -38.168335 -38.168335 -38.168335 -38.168335 -38.168335 -38.168335 -38.168335 -38.168335 -38.168335 -38.168335 -38.168335 -38.168335 -38.168335 -38.168335 -38.168335 -38.168335 -38.168335 -38.168335 -38.168335 -38.168335 -38.168335 -38.168335 -38.168335 -38.168335 -38.168335 -38.168335 -38.168335 -38.168335 -38.168335 -38.168335 -38.168335 -38.168335 -38.168335 -38.168335 -38.168335 -38.168335 -38.168335 -38.168335 -38.168335 -38.168335 -38.168335 -38.168335 -38.168335 -38.168335 -38.168335 -38.168335 -38.168335 -38.168335 -38.168335 -38.168335 -38.168335 -38.168335 -38.168335 -38.168335 -38.168335 -38.168335 -38.168335 -38.168335 -38.168335 -38.168335 -38.168335 -38.168335 -38.168335 -38.168335 -38.168335 -38.168335 -38.168335 -38.168335 -38.168335 -38.168335 -38.168335 -38.168335 -38.168335 -38.168335 -38.168335 -38.168335 -38.168335 -38.168335 -38.168335 -38.168335 -38.168335 -38.168335 -38.168335 -38.168335 -38.168335 -38.168335 -38.168335 -38.168335 -38.168335 -38.168335 -38.168335 -38.168335 -38.168335 -38.168335 -38.168335 -38.168335 -38.168335 -38.168335 -38.168335 -38.168335 -38.168335 -38.168335 -38.168335 -38.168335 -38.168335 -38.168335 -38.168335 -38.168335 -38.168335 -38.168335 -38.168335 -38.168335 -38.168335 -38.168335 -38.168335 -38.168335 -38.168335 -38.168335 -38.168335 -38.168335 -38.168335 -38.168335 -38.168335 -38.168335 -38.168335 -38.168335 -38.168335 -38.168335 -38.168335 -38.168335 -38.168335 -38.168335 -38.168335 -38.168335 -38.168335 -38.168335 
-39.276123 -34.84497 -27.896118 -6.7474365 16.415405 27.191162 27.694702 29.80957 16.012573 -8.157349 -59.71985 -65.25879 -52.166748 -54.483032 -50.756836 -49.246216 -53.778076 -40.686035 -38.269043 -32.025146 -13.595581 8.660889 23.062134 28.80249 44.51294 47.131348 58.410645 56.295776 51.5625 67.977905 70.19348 56.5979 35.247803 13.998413 7.0495605 15.206909 27.896118 26.586914 28.80249 29.104614 23.76709 0.9063721 -2.8198242 21.148682 39.37683 27.29187 14.401245 20.74585 37.564087 31.82373 25.881958 38.671875 25.479126 -10.272217 -44.210815 -63.24463 -69.488525 -45.117188 -15.106201 4.8339844 1.0070801 21.450806 32.93152 39.074707 58.410645 45.217896 16.415405 7.9559326 7.6538086 1.0070801 -20.947266 -46.42639 -72.9126 -64.956665 -47.43347 -28.399658 4.4311523 18.22815 19.537354 -13.595581 -28.500366 -17.120361 2.9205322 28.29895 44.110107 47.735596 68.07861 62.942505 43.90869 11.682129 -17.623901 -25.076294 -20.846558 1.5106201 7.6538086 -5.1361084 -21.450806 -28.097534 -37.46338 -15.206909 -4.6325684 -24.472046 -22.357178 -3.6254883 2.3162842 4.7332764 5.1361084 13.696289 16.314697 9.365845 -4.0283203 -4.9346924 -11.380005 -19.436646 -14.199829 -7.2509766 3.3233643 -6.4453125 -0.60424805 5.2368164 -17.825317 -40.585327 -38.571167 -39.98108 -69.1864 -22.457886 -17.825317 -11.178589 -1.4099121 2.3162842 2.7191162 10.272217 16.21399 20.544434 27.29187 41.793823 56.900024 81.37207 78.85437 81.7749 59.1156 38.571167 22.860718 8.258057 -5.2368164 -22.055054 -18.530273 -1.9134521 18.630981 51.159668 83.38623 99.90234 116.015625 121.25244 105.23987 76.538086 71.7041 79.35791 67.17224 53.878784 48.641968 26.78833 20.343018 4.8339844 -7.5531006 -9.164429 -6.2438965 6.3446045 -23.26355 -82.88269 -103.22571 -96.07544 -86.91101 -77.545166 -57.20215 -29.80957 -18.328857 -25.881958 -44.51294 -72.61047 -66.26587 -32.629395 -8.862305 1.5106201 9.869385 10.574341 -2.8198242 -23.364258 -56.69861 -67.37366 -61.532593 -44.41223 -35.650635 -24.472046 -37.96692 -100.20447 -128.70483 -127.49634 -87.51526 -58.410645 
3299.8992 3299.8992 3299.8992 3299.8992 3299.8992 3299.8992 3299.8992 3299.8992 3296.173 3280.1604 588.8397 3280.7646 3297.6836 -3285.901 -3269.284 -3253.07 -3237.0574 -3221.1455 -3205.2336 -3189.624 -3174.115 -3158.4045 -3143.6003 -3128.1921 -3113.1865 -3098.584 -3083.9812 -3069.4792 -3055.1787 -3040.7776 -1686.3556 1465.1001 3299.8992 3299.8992 3299.8992 3299.8992 3299.8992 3299.8992 3299.8992 3299.8992 3299.8992 3299.8992 3299.8992 3299.8992 3299.8992 3299.8992 3299.8992 3299.8992 3291.5405 3275.5278 -679.3762 3279.3547 3296.173 -3287.1094 -3270.6938 -3254.48 -3238.3667 -3222.354 -3206.6436 -3190.933 -3175.424 -3160.4187 -3144.8088 -3130.2063 -3115.1 -3100.1953 -3085.492 -3070.7886 -3056.3872 -3042.0867 -1564.3982 1534.8907 3299.8992 3299.8992 3299.8992 3299.8992 3299.8992 3299.8992 3299.8992 3299.8992 3299.8992 3299.8992 3299.8992 3299.8992 3299.8992 3299.8992 3299.8992 3299.8992 3288.8213 3272.708 -1696.3257 3278.8513 3295.6694 -3287.7136 -3271.298 -3254.9834 -3238.87 -3222.9583 -3207.1472 -3191.5374 -3176.1292 -3160.4187 -3145.6145 -3130.005 -3115.1 -3100.4973 -3085.8948 -3071.3928 -3056.9915 -3042.691 -1678.1982 1445.5627 3299.8992 3299.8992 3299.8992 3299.8992 3299.8992 3299.8992 3299.8992 3299.8992 3299.8992 3299.8992 3299.8992 3299.8992 3299.8992 3299.8992 3299.8992 3299.8992 3289.627 3273.2117 -2794.2444 3282.1746 3298.993 -3284.491 -3268.1763 -3251.8616 -3235.7483 -3219.8364 -3204.0251 -3188.4155 -3173.108 -3157.2966 -3142.0898 -3127.3865 -3112.3809 -3097.577 -3082.7727 -3068.1702 -3053.7688 -3039.569 -1251.297 1822.7142 3299.8992 3299.8992 3299.8992 3299.8992 3299.8992 3299.8992 3299.8992 3299.8992 3299.8992 3299.8992 3299.8992 3299.8992 3299.8992 3299.8992 3299.8992 3299.8992 3288.7207 3272.3052 3266.7664 3283.9873 3299.8992 -3282.6782 -3266.3635 -3250.0488 -3234.0361 -3218.1243 -3202.4138 -3186.8042 -3171.2952 -3156.2896 -3141.2842 -3125.7751 -3110.971 -3096.2676 -3081.7656 -3067.163 -3052.8625 -3038.6626 -971.1273 2169.049 3299.8992 3299.8992 3299.8992 3299.8992 3299.8992 3299.8992 3299.8992 3299.8992 
3299.8992 3299.8992 3299.8992 3299.8992 3299.8992 3299.8992 3299.1943 3284.5916 3269.8882 3254.8828 386.92017 3256.0913 3271.9023 3287.4114 3299.8992 -3281.7717 -3266.6655 -3251.6602 -3236.7554 -3222.052 -3207.4492 -3192.7458 -3178.5461 -3164.3462 -3150.247 -3136.4502 -3122.2502 -3108.554 -3094.757 -3081.1614 -1122.1893 1403.064 3299.8992 3299.8992 3299.8992 3299.8992 3299.8992 3299.8992 3299.8992 3299.8992 3299.8992 3299.8992 3299.8992 3299.8992 3299.8992 3299.8992 3298.3887 3283.6853 3269.0825 3253.9763 -812.6129 3258.307 3274.2188 3289.8284 3299.8992 -3279.4556 -3264.5508 -3249.4446 -3234.6404 -3219.937 -3205.2336 -3190.5303 -3176.6326 -3162.332 -3148.1323 -3134.3352 -3120.1355 -3106.4392 -3092.743 -3079.0466 -956.7261 1642.5476 3299.8992 3299.8992 3299.8992 3299.8992 3299.8992 3299.8992 3299.8992 3299.8992 3299.8992 3299.8992 3299.8992 3299.8992 3299.8992 3299.8992 3298.59 3283.9873 3269.284 3254.1777 -1990.7959 3261.5295 3277.3406 3292.8496 3299.8992 -3276.535 -3261.3281 -3246.4233 -3231.5186 -3216.9158 -3202.3132 -3187.7104 -3173.5107 -3159.3108 -3145.3125 -3131.5154 -3117.4163 -3103.6194 -3089.923 -2950.8452 -674.0387 1936.1115 3299.8992 3299.8992 3299.8992 3299.8992 3299.8992 3299.8992 3299.8992 3299.8992 3299.8992 3299.8992 3299.8992 3299.8992 3299.8992 3299.8992 3297.6836 3283.081 3268.2769 3253.07 -2707.6355 3262.3352 3278.1462 3293.756 3299.8992 -3275.7292 -3260.5225 -3245.6177 -3230.8135 -3216.11 -3201.6082 -3187.4084 -3172.8057 -3158.606 -3144.5068 -3130.8105 -3116.7114 -3102.9143 -3089.3188 -2670.2727 -84.695435 2429.782 3299.8992 3299.8992 3299.8992 3299.8992 3299.8992 3299.8992 3299.8992 3299.8992 3299.8992 3299.8992 3299.8992 3299.8992 3299.8992 3299.8992 3292.749 3278.1462 3263.3423 3248.0347 3251.4587 3259.2131 3275.0244 3290.634 3299.8992 -3278.7505 -3263.745 -3248.639 -3233.8347 -3219.1313 -3204.5288 -3190.4297 -3175.827 -3161.6272 -3147.4272 -3133.2275 -3119.5312 -3105.835 -3092.0378 -2745.5017 -414.01062 1982.6385 3299.8992 3299.8992 3299.8992 3299.8992 3299.8992 3299.8992 3299.8992 3299.8992 
3242.0928 3257.199 3272.0032 3287.0085 3299.8992 -3283.786 -3268.881 -3254.3792 -3240.3809 -3226.0803 -514.0137 3299.8992 3299.8992 3299.8992 3299.8992 3299.8992 3298.3887 3283.6853 3268.7805 3253.8757 3238.971 3224.0662 3209.5642 3194.6594 3180.359 3165.857 3150.8513 3136.148 3119.229 2376.6082 242.30347 -1405.1788 -2740.3655 3135.0403 3150.9521 3166.5618 3182.1716 3197.6807 3212.686 3227.893 3243.2007 3258.206 3273.1108 3288.0156 3299.8992 -3282.7788 -3267.7734 -3253.473 -3239.0715 -3214.4988 863.26904 3299.8992 3299.8992 3299.8992 3299.8992 3299.8992 3294.8638 3280.1604 3265.457 3250.4517 3235.7483 3220.8435 3206.2407 3191.6382 3176.7334 3162.332 3148.1323 3132.8247 2941.681 2348.5107 501.12305 -1133.3679 -2356.0637 -3277.4414 3282.8796 3157.6995 3173.41 3188.8184 3204.2266 3219.4336 3234.5398 3249.646 3264.9536 3279.8584 3294.6624 -3290.5334 -3276.132 -3261.4287 -3246.8262 -3074.2126 20.544434 3299.8992 3299.8992 3299.8992 3299.8992 3299.8992 3291.0369 3276.233 3261.4287 3246.7253 3231.9214 3217.0166 3202.011 3187.207 3172.6042 3158.0017 3144.104 3128.9978 3111.4746 2234.6099 337.57324 -1246.463 -2419.107 3134.6375 3140.579 3156.491 3172 3187.509 3202.9175 3218.1243 3233.2305 3248.4375 3263.5437 3278.3477 3293.4539 -3291.8425 -3277.542 -3262.738 -3248.236 -3233.8347 1403.4668 3299.8992 3299.8992 3299.8992 3299.8992 3298.3887 3283.6853 3268.881 3254.0771 3239.3738 3224.5696 3209.6648 3194.8608 3180.0566 3165.756 3151.2542 3136.5508 3121.9482 3103.1157 1930.2704 -115.91492 -1712.5397 -2981.6619 3127.2856 3142.996 3158.8074 3174.3164 3189.8254 3205.0322 3220.2393 3235.3455 3250.4517 3265.3564 3280.1604 3294.9646 -3290.2312 -3275.4272 -3260.9253 -3246.8262 -3232.6262 1800.7599 3299.8992 3299.8992 3299.8992 3299.8992 3298.0864 3283.2825 3268.7805 3253.6743 3238.87 3224.0662 3209.3628 3194.76 3180.0566 3165.3533 3150.9521 3136.9536 3121.9482 3076.2268 1711.2305 -243.31055 -1658.4595 -2931.912 3128.2927 3144.104 3159.613 3175.2227 3190.631 3206.0393 3221.2463 
3299.8992 3299.8992 3299.8992 3299.8992 3299.8992 3299.8992 3299.8992 3299.8992 3299.8992 3299.8992 2408.7341 -3215.2039 -3199.292 -3183.6821 -3168.274 -3153.1677 -3138.0615 -3123.056 -3108.3525 -3093.75 -3079.1472 -3064.746 -3050.647 -3036.145 -3022.046 -3008.1482 -2994.1497 -2980.3528 -2966.757 -2953.1616 -2308.429 -794.18335 678.9734 2090.094 3210.3699 3299.8992 3299.8992 3299.8992 3299.8992 3299.8992 3299.8992 3299.8992 3299.8992 3299.8992 3299.8992 3299.8992 3299.8992 3299.8992 3299.8992 3299.8992 1912.5458 -3209.7656 -3193.753 -3178.244 -3162.9363 -3147.7295 -3132.7239 -3117.819 -3103.0151 -3088.4124 -3073.9104 -3059.5093 -3045.7122 -3031.2102 -3017.111 -3003.1128 -2989.3157 -2975.5188 -2961.923 -2948.3276 -2340.6555 -756.41785 701.9348 2116.278 3299.8992 3299.8992 3299.8992 3299.8992 3299.8992 3299.8992 3299.8992 3299.8992 3299.8992 3299.8992 3299.8992 3299.8992 3299.8992 3299.8992 3299.8992 3299.8992 1586.2518 -3204.5288 -3188.7175 -3173.2085 -3157.901 -3142.694 -3127.7893 -3112.8845 -3098.0803 -3083.5784 -3069.0764 -3054.6753 -3040.1733 -3026.1748 -3012.277 -2998.3794 -2984.5825 -2970.8862 -2957.2905 -2943.695 -2104.6965 -439.18762 960.553 2284.9639 3299.8992 3299.8992 3299.8992 3299.8992 3299.8992 3299.8992 3299.8992 3299.8992 3299.8992 3299.8992 3299.8992 3299.8992 3299.8992 3299.8992 3299.8992 3299.8992 1175.9674 -3202.6152 -3186.9048 -3171.3958 -3156.0881 -3140.982 -3125.9766 -3111.1724 -3096.469 -3081.7656 -3067.3645 -3052.9631 -3038.4612 -3024.463 -3010.6658 -2996.6675 -2982.8704 -2969.174 -2955.6792 -2941.983 -2151.828 -650.67444 908.48694 2403.296 3299.8992 3299.8992 3299.8992 3299.8992 3299.8992 3299.8992 3299.8992 3299.8992 3299.8992 3299.8992 3299.8992 3299.8992 3299.8992 3299.8992 3299.8992 3299.8992 405.75256 -3196.9756 -3181.1646 -3165.6555 -3150.348 -3135.2417 -3120.337 -3105.5327 -3090.8293 -3076.2268 -3061.9263 -3047.525 -3033.6272 -3019.3267 -3005.2275 -2991.3298 -2977.6335 -2963.9373 -2950.3418 -2936.847 -1989.7888 -242.50488 1352.9114 2797.2656 3299.8992 3299.8992 3299.8992 3299.8992 3299.8992 3299.8992 
3167.5688 3183.8835 3199.4934 3215.808 3231.8206 3247.7324 3263.4429 3278.952 3294.5618 -3236.1511 -205.14221 3299.8992 3291.5405 3276.535 3261.5295 3246.4233 3231.3171 3216.11 3201.004 3185.6963 3170.3887 3155.081 3139.27 3124.4658 3109.7625 3094.5557 3079.651 3063.034 2845.706 2421.3225 1201.1444 -70.999146 -983.5144 -1998.4497 -3218.1243 3228.3965 3088.6138 3105.2307 3121.646 3138.162 3154.6782 3170.8923 3186.9048 3203.119 3218.93 3234.6404 3250.5522 3266.2627 3281.8726 -2987.7043 -576.3519 3297.583 3282.4768 3267.572 3252.4658 3237.4602 3222.4548 3207.3486 3192.1416 3177.0354 3161.7278 3146.4202 3131.314 3116.0063 3101.001 3086.1968 3071.4934 3053.2654 2847.6196 1701.8646 250.05798 -804.657 -1647.9858 -2349.8198 -2957.8948 3076.9316 3093.75 3110.3667 3126.8828 3143.1975 3159.613 3175.7263 3192.1416 3207.852 3223.8647 3239.5752 3255.3862 3271.0967 3286.6057 3299.8992 238.57727 3296.173 3281.1675 3266.0613 3250.8545 3235.7483 3220.642 3205.6365 3190.4297 3175.2227 3160.0159 3144.5068 3129.5012 3114.2944 3099.3896 3084.5854 3069.882 3052.359 2866.6533 1704.483 161.13281 -1005.46875 -1855.2429 -2585.0737 -3174.417 3079.953 3096.6704 3113.1865 3129.8035 3146.2188 3162.5334 3178.6467 3194.9614 3210.6719 3226.4832 3242.4956 3258.1055 3273.9165 3289.4255 3299.8992 611.1969 3296.878 3281.8726 3266.7664 3251.5593 3236.554 3221.4478 3206.2407 3191.1345 3175.827 3160.5193 3145.2117 3130.2063 3114.8987 3099.994 3085.1897 3070.5872 3052.4597 2838.2537 1588.1653 164.6576 -958.136 -1919.7968 -2651.3396 -3235.9497 3081.8665 3098.584 3115.3015 3131.7168 3148.0315 3164.3462 3180.5603 3196.7742 3212.686 3228.4973 3244.3083 3260.1196 3275.7292 3291.2383 3299.8992 870.82214 3297.3816 3282.2754 3267.0684 3251.9622 3236.856 3221.7498 3206.543 3191.4368 3176.2297 3160.8215 3145.514 3130.005 3115.2007 3100.296 3085.492 3070.6877 3051.654 2653.1523 1328.1372 -120.24536 -1176.9745 -2022.9218 -2831.7078 3073.9104 3088.8152 3105.4321 3122.1497 3138.4644 3154.8796 
3299.8992 3299.8992 3299.8992 3299.8992 3299.8992 3299.8992 3299.8992 3299.8992 3299.8992 3299.8992 1700.5554 -870.0165 -2628.0762 -3156.2896 -3141.2842 -3126.48 -3111.8774 -3097.2747 -3082.8735 -3068.573 -3054.373 -3040.3748 -3026.2756 -3012.5793 -2998.4802 -2619.0125 -2177.005 -1731.9763 -1443.4479 -965.8905 -462.14905 -187.61902 -104.63562 189.33105 487.52747 985.12573 2180.2275 3299.8992 3299.8992 3299.8992 3299.8992 3299.8992 3299.8992 3299.8992 3299.8992 3299.8992 3299.8992 3299.8992 3299.8992 3299.8992 1696.5271 -751.48315 -2441.6655 -3164.3462 -3149.24 -3134.436 -3119.6318 -3105.13 -3090.7288 -3076.3274 -3062.1277 -3048.0286 -3034.03 -3020.1323 -3006.3354 -2817.4072 -2245.4863 -1797.1344 -1493.6005 -1070.0226 -430.52673 -251.87073 -20.544434 342.91077 620.0592 997.11 2235.0127 3299.8992 3299.8992 3299.8992 3299.8992 3299.8992 3299.8992 3299.8992 3299.8992 3299.8992 3299.8992 3299.8992 3299.8992 3299.8992 1313.4338 -1118.2617 -2859.1003 -3165.5547 -3150.65 -3135.745 -3121.1426 -3106.4392 -3092.0378 -3077.7373 -3063.5376 -3049.539 -3035.5408 -3021.4417 -3007.7454 -2792.0288 -2299.4658 -1949.6063 -1696.1243 -1228.6377 -600.119 -377.1515 -200.50964 28.399658 307.36084 854.40674 2135.5132 3299.8992 3299.8992 3299.8992 3299.8992 3299.8992 3299.8992 3299.8992 3299.8992 3299.8992 3299.8992 3299.8992 3299.8992 3299.8992 1069.7205 -1341.7328 -3033.9294 -3155.484 -3140.579 -3125.5737 -3111.0718 -3096.5698 -3082.0679 -3067.868 -3053.6682 -3039.6697 -3025.772 -3011.975 -2998.178 -2713.98 -2305.005 -2107.2144 -1737.5153 -1192.6849 -497.59827 -175.63477 132.0282 453.58887 742.3187 1237.1979 2606.1218 3299.8992 3299.8992 3299.8992 3299.8992 3299.8992 3299.8992 3299.8992 3299.8992 3299.8992 3299.8992 3299.8992 3299.8992 3250.653 972.94006 -1310.1105 -2986.2944 -3156.3904 -3141.3848 -3126.6814 -3111.8774 -3097.476 -3083.075 -3068.875 -3054.6753 -3040.4753 -3026.5776 -3012.7808 -2998.9836 -2646.6064 -2295.8403 -2031.4819 -1720.9991 -1287.2498 -696.8994 -437.4756 -187.71973 10.070801 289.2334 988.95264 2513.8733 3299.8992 3299.8992 3299.8992 

-38.168335 -38.168335 -38.168335 -38.168335 -38.168335 -38.168335 -38.168335 -38.168335 -38.168335 -38.168335 -38.168335 -38.168335 -38.168335 -38.168335 -38.168335 -38.168335 -38.168335 -38.168335 -38.168335 -38.168335 -38.168335 -38.168335 -38.168335 -38.168335 -38.168335 -38.168335 -38.168335 -38.168335 -38.168335 -38.168335 -38.168335 -38.168335 -38.168335 -38.168335 -38.168335 -38.168335 -38.168335 -38.168335 -38.168335 -38.168335 -38.168335 -38.168335 -38.168335 -38.168335 -38.168335 -38.168335 -38.168335 -38.168335 -38.168335 -38.168335 -38.168335 -38.168335 -38.168335 -38.168335 -38.168335 -38.168335 -38.168335 -38.168335 -38.168335 -38.168335 -38.168335 -38.168335 -38.168335 -38.168335 -38.168335 -38.168335 -38.168335 -38.168335 -38.168335 -38.168335 -38.168335 -38.168335 -38.168335 -38.168335 -38.168335 -38.168335 -38.168335 -38.168335 -38.168335 -38.168335 -38.168335 -38.168335 -38.168335 -38.168335 -38.168335 -38.168335 -38.168335 -38.168335 -38.168335 -38.168335 -38.168335 -38.168335 -38.168335 -38.168335 -38.168335 -38.168335 -38.168335 -38.168335 -38.168335 -38.168335 -38.168335 -38.168335 -38.168335 -38.168335 -38.168335 -38.168335 -38.168335 -38.168335 -38.168335 -38.168335 -38.168335 -38.168335 -38.168335 -38.168335 -38.168335 -38.168335 -38.168335 -38.168335 -38.168335 -38.168335 -38.168335 -38.168335 -38.168335 -38.168335 -38.168335 -38.168335 -38.168335 -38.168335 -38.168335 -38.168335 -38.168335 -38.168335 -38.168335 -38.168335 -38.168335 -38.168335 -38.168335 -38.168335 -38.168335 -38.168335 -38.168335 -38.168335 -38.168335 -38.168335 -38.168335 -38.168335 -38.168335 -38.168335 -38.168335 -38.168335 -38.168335 -38.168335 -38.168335 -38.168335 -38.168335 -38.168335 -38.168335 -38.168335 -38.168335 -38.168335 -38.168335 -38.168335 -38.168335 -38.168335 -38.168335 -38.168335 -38.168335 -38.168335 -38.168335 -38.168335 -38.168335 -38.168335 -38.168335 -38.168335 -38.168335 -38.168335 -38.168335 -38.168335 -38.168335 -38.168335 -38.168335 -38.168335 -38.168335 -38.168335 -38.168335 -38.168335 -38.168335 -38.168335 -38.168335 -38.168335 -38.168335 -38.168335 -38.168335 -38.168335 -38.168335 -38.168335 -38.168335 -38.168335 -38.168335 -38.168335 -38.168335 -38.168335 -38.168335 -38.168335 -38.168335 -38.168335 -38.168335 -38.168335 -38.168335 -38.168335 -38.168335 -38.168335 -38.168335 -38.168335 -38.168335 -38.168335 -38.168335 -38.168335 -38.168335 -38.168335 
-41.290283 -32.226562 -42.095947 -61.73401 -50.354004 -31.82373 -32.32727 -39.47754 -21.75293 -22.055054 -17.72461 -4.7332764 10.171509 24.069214 43.807983 56.497192 53.17383 43.304443 20.443726 9.063721 -4.7332764 4.4311523 -9.667969 -55.792236 -59.921265 -46.92993 -12.084961 17.120361 23.565674 29.104614 22.457886 17.523193 7.3516846 10.171509 31.118774 42.49878 36.053467 -32.226562 -3.8269043 0.30212402 20.645142 32.730103 40.88745 40.283203 29.910278 18.026733 5.5389404 -1.8127441 -2.7191162 6.0424805 15.206909 23.364258 13.092041 2.9205322 -7.4523926 -7.9559326 5.5389404 29.708862 33.43506 49.54834 65.25879 59.921265 54.483032 62.23755 62.338257 41.4917 24.572754 -10.876465 -1.6113281 -17.523193 -30.413818 -29.507446 -47.634888 -54.58374 -63.043213 -57.70569 -43.304443 -26.28479 -33.737183 -43.203735 -38.571167 -32.629395 -31.622314 -24.472046 -4.5318604 28.80249 68.58215 58.914185 38.772583 23.162842 4.5318604 -10.775757 -14.804077 16.616821 36.95984 36.35559 41.793823 52.267456 56.497192 75.027466 82.681274 85.702515 70.999146 74.12109 73.61755 57.302856 64.35242 25.378418 12.689209 4.5318604 -34.44214 -33.535767 -1.0070801 40.38391 53.375244 48.339844 13.293457 -19.335938 -47.131348 -29.608154 2.7191162 23.162842 28.097534 0.10070801 19.638062 69.28711 65.15808 72.006226 85.198975 55.288696 77.645874 99.60022 70.79773 19.940186 -3.8269043 -8.056641 -11.178589 -40.88745 -100.50659 -153.27759 -156.60095 -135.7544 -117.72766 -107.455444 -95.47119 -64.55383 -29.205322 -2.4169922 25.177002 52.670288 64.65454 44.613647 24.77417 -16.918945 -44.0094 -49.850464 -58.10852 -58.20923 -71.20056 -83.88977 -103.829956 -129.40979 -130.11475 -121.9574 -107.65686 -96.47827 -72.10693 -46.5271 -20.443726 -42.297363 -32.42798 -11.279297 15.811157 25.78125 22.357178 19.839478 20.846558 19.839478 13.494873 10.876465 6.4453125 10.473633 36.557007 64.65454 62.942505 41.592407 35.85205 47.53418 68.17932 55.389404 14.602661 5.5389404 9.265137 -4.8339844 -12.789917 -25.78125 -37.161255 -69.28711 -80.667114 -72.509766 -28.601074 -10.070801 7.3516846 9.970093 13.192749 34.140015 51.159668 44.110107 9.063721 -17.019653 -33.83789 -33.83789 -27.392578 -14.199829 -4.1290283 -0.9063721 -5.5389404 4.4311523 2.4169922 12.689209 
3299.8992 3299.8992 3299.8992 3299.8992 3299.8992 3299.8992 3299.8992 3299.8992 3286.7065 3270.1904 3267.3706 3284.491 3299.8992 -3282.074 -3265.7593 -3249.5452 -3233.5327 -3217.52 -3201.9104 -3186.3005 -3170.7915 -3155.182 -3139.9749 -3125.07 -3110.1653 -3095.5627 -3081.0608 -3066.458 -3052.057 -3036.145 -791.9678 2396.5483 3299.8992 3299.8992 3299.8992 3299.8992 3299.8992 3299.8992 3299.8992 3299.8992 3299.8992 3299.8992 3299.8992 3299.8992 3299.8992 3299.8992 3299.8992 3299.8992 3285.498 3268.881 3268.3777 3285.498 3299.8992 -3281.1675 -3264.8528 -3248.639 -3232.5256 -3216.7144 -3200.9033 -3185.2935 -3169.8853 -3154.9805 -3139.27 -3124.768 -3109.8633 -3094.9585 -3080.2551 -3065.5518 -3051.2512 -3002.5085 -524.6887 2567.45 3299.8992 3299.8992 3299.8992 3299.8992 3299.8992 3299.8992 3299.8992 3299.8992 3299.8992 3299.8992 3299.8992 3299.8992 3299.8992 3299.8992 3299.8992 3299.8992 3283.8867 3266.867 3269.8882 3286.8071 3299.8992 -3280.0598 -3263.6443 -3247.3296 -3231.3171 -3215.5059 -3199.6948 -3184.1858 -3168.6768 -3153.772 -3138.6658 -3123.2573 -3108.4534 -3093.8506 -3079.3486 -3064.8467 -3050.4456 -2852.2522 -183.79211 2844.9004 3299.8992 3299.8992 3299.8992 3299.8992 3299.8992 3299.8992 3299.8992 3299.8992 3299.8992 3299.8992 3299.8992 3299.8992 3299.8992 3299.8992 3299.8992 3297.3816 3281.4697 3261.1267 3269.8882 3287.0085 3299.8992 -3279.8584 -3263.5437 -3247.229 -3231.2163 -3215.4053 -3199.594 -3184.085 -3168.7773 -3153.067 -3137.86 -3123.2573 -3108.252 -3093.3472 -3078.6438 -3064.1418 -3049.7405 -2834.2253 -196.98486 2844.397 3299.8992 3299.8992 3299.8992 3299.8992 3299.8992 3299.8992 3299.8992 3299.8992 3299.8992 3299.8992 3299.8992 3299.8992 3299.8992 3299.8992 3299.8992 3298.0864 3282.1746 3138.3635 3272.9094 3289.9292 -3293.4539 -3276.9377 -3260.623 -3244.4092 -3228.3965 -3212.5854 -3196.875 -3181.2651 -3165.857 -3150.9521 -3135.9465 -3120.5383 -3105.7341 -3091.1316 -3076.5288 -3062.1277 -3047.8271 -2739.0564 -14.703369 3102.411 3299.8992 3299.8992 3299.8992 3299.8992 3299.8992 3299.8992 3299.8992 3299.8992 3299.8992 3299.8992 3299.8992 3299.8992 3299.8992 3299.8992 3299.8992 3297.9858 3282.074 2803.711 3275.0244 3291.9434 -3291.339 -3274.7222 -3258.5083 -3242.395 -3226.3823 -3210.5713 -3194.8608 -3179.3518 
3299.8992 3299.8992 3299.8992 3299.8992 3299.8992 3299.8992 3294.058 3279.3547 3264.6514 3249.2432 3246.9268 3263.1409 3278.8513 3294.2595 3299.8992 -3275.125 -3260.0188 -3245.114 -3230.2092 -3215.6067 -3201.1047 -3186.9048 -3172.1008 -3158.0017 -3144.0032 -3129.8035 -3116.1072 -3102.411 -3088.7146 -2756.4788 -185.80627 2440.5579 3299.8992 3299.8992 3299.8992 3299.8992 3299.8992 3299.8992 3299.8992 3299.8992 3299.8992 3299.8992 3299.8992 3299.8992 3299.8992 3299.8992 3293.756 3279.1533 3264.45 3248.7395 3249.646 3265.8599 3281.369 3296.878 -3287.7136 -3272.5066 -3257.5012 -3242.5964 -3227.6917 -3213.0889 -3198.4863 -3184.2864 -3169.8853 -3155.6853 -3141.5862 -3127.3865 -3113.7908 -3100.0945 -3086.3982 -2375.3997 235.2539 2608.136 3299.8992 3299.8992 3299.8992 3299.8992 3299.8992 3299.8992 3299.8992 3299.8992 3299.8992 3299.8992 3299.8992 3299.8992 3299.8992 3299.8992 3292.2454 3277.7434 3262.9395 3245.7183 3249.4446 3265.5579 3281.2683 3296.7773 -3288.0156 -3272.708 -3257.7026 -3242.7979 -3227.9937 -3213.391 -3198.7883 -3184.5886 -3169.8853 -3155.8867 -3141.7876 -3127.588 -3114.093 -3100.296 -3086.7004 -2228.8696 217.5293 2423.639 3299.8992 3299.8992 3299.8992 3299.8992 3299.8992 3299.8992 3299.8992 3299.8992 3299.8992 3299.8992 3299.8992 3299.8992 3299.8992 3299.8992 3292.2454 3277.6428 3262.9395 3124.4658 3252.8687 3268.881 3284.5916 3299.8992 -3284.6924 -3269.3848 -3254.3792 -3239.4744 -3224.6704 -3210.0676 -3195.5657 -3181.0637 -3166.9646 -3152.765 -3138.6658 -3125.07 -3110.971 -3097.2747 -3083.5784 -1820.4987 825.40283 3177.4382 3299.8992 3299.8992 3299.8992 3299.8992 3299.8992 3299.8992 3299.8992 3299.8992 3299.8992 3299.8992 3299.8992 3299.8992 3299.8992 3299.8992 3288.3179 3273.715 3258.9111 2851.8494 3250.8545 3266.9678 3282.6782 3298.0864 -3286.5051 -3271.399 -3256.3933 -3241.4885 -3226.7852 -3212.0818 -3197.5798 -3182.9773 -3168.8782 -3154.6782 -3140.579 -3126.9836 -3112.7837 -3099.1882 -3085.492 -1840.8417 737.9883 3102.31 3299.8992 3299.8992 3299.8992 3299.8992 3299.8992 3299.8992 3299.8992 3299.8992 3299.8992 3299.8992 3299.8992 3299.8992 3299.8992 3299.8992 3287.21 3272.708 3257.8032 2383.0535 3252.365 3268.2769 3283.8867 3299.3958 -3285.2966 -3270.0896 -3255.0842 -3240.0786 -3225.3752 -3210.8733 
3236.3525 3251.4587 3266.6655 3281.2683 3296.0723 -3289.224 -3274.118 -3259.7168 -3245.6177 -3231.3171 2445.6938 3299.8992 3299.8992 3299.8992 3299.8992 3296.878 3282.1746 3267.4712 3252.5664 3237.863 3222.9583 3208.255 3193.35 3178.6467 3164.2456 3149.8442 3135.9465 3120.9412 2974.008 1573.8647 -374.43237 -1841.1438 -3115.6035 3130.5083 3146.2188 3161.9292 3177.4382 3192.8467 3208.0535 3223.462 3238.568 3253.5735 3268.7805 3283.383 3298.4893 -3286.8071 -3272.5066 -3257.8032 -3243.2007 -3189.5232 3132.7239 3299.8992 3299.8992 3299.8992 3299.8992 3296.576 3281.8726 3267.1692 3252.365 3237.4602 3222.6562 3207.953 3193.048 3178.4453 3163.742 3149.24 3135.2417 3120.1355 2896.06 1294.8029 -633.5541 -2080.3252 -3205.6365 3133.9324 3149.6428 3165.3533 3180.7617 3196.17 3211.4775 3226.6846 3241.7908 3256.7961 3272.1038 3286.7065 3299.8992 -3283.8867 -3268.982 -3254.48 -3240.4814 -3066.156 3299.8992 3299.8992 3299.8992 3299.8992 3299.8992 3297.9858 3283.2825 3268.4783 3253.5735 3238.7695 3223.8647 3209.1614 3194.6594 3179.956 3165.5547 3151.1536 3136.4502 3121.646 2920.6328 1287.6526 -561.74927 -1990.6952 -3197.177 3135.0403 3150.7507 3166.3604 3181.9702 3197.3784 3212.5854 3227.7922 3242.8984 3258.0046 3272.708 3287.6128 3299.8992 -3282.7788 -3268.579 -3253.775 -3239.3738 -2827.6794 3299.8992 3299.8992 3299.8992 3299.8992 3299.8992 3296.878 3282.074 3267.3706 3252.5664 3237.6616 3222.8577 3208.0535 3193.1487 3178.6467 3163.742 3149.3408 3135.443 3120.236 2736.6394 1068.2098 -833.35876 -2177.8105 3223.8647 3137.4573 3153.2683 3168.9788 3184.3872 3199.7954 3215.103 3230.2092 3245.3154 3260.4216 3275.6287 3290.332 3299.8992 -3280.4626 -3265.457 -3251.056 -3237.0574 -2458.2825 3299.8992 3299.8992 3299.8992 3299.8992 3299.8992 3296.7773 3281.9731 3267.2698 3252.4658 3237.863 3222.7568 3207.953 3193.35 3178.4453 3164.3462 3149.8442 3135.2417 3120.4375 2701.7944 943.73474 -907.37915 -2290.805 3134.6375 3139.9749 3155.6853 3171.2952 3186.8042 3202.1118 3217.3186 3232.5256 3247.6318 3262.6372 3277.4414 3292.044 -3292.8496 -3278.1462 -3263.9465 -3249.3438 -3234.8418 -2042.4591 3299.8992 3299.8992 3299.8992 3299.8992 3299.8992 3296.6765 3281.8726 3267.0684 3252.2644 3237.4602 
3299.8992 3299.8992 3299.8992 3299.8992 3299.8992 3299.8992 3299.8992 3299.8992 3299.8992 3299.8992 61.12976 -3197.3784 -3181.668 -3166.159 -3150.9521 -3135.6445 -3120.8403 -3106.0364 -3091.333 -3076.6296 -3062.329 -3048.0286 -3034.03 -3019.8303 -3005.7312 -2991.8335 -2978.0364 -2964.441 -2950.7446 -2836.2395 -1344.9554 219.24133 1469.9341 2696.8596 3299.8992 3299.8992 3299.8992 3299.8992 3299.8992 3299.8992 3299.8992 3299.8992 3299.8992 3299.8992 3299.8992 3299.8992 3299.8992 3299.8992 3299.8992 3299.8992 -628.7201 -3199.9968 -3184.2864 -3168.8782 -3153.5706 -3138.565 -3123.4587 -3108.6548 -3094.052 -3079.4495 -3064.9475 -3050.647 -3036.3464 -3022.348 -3008.4502 -2994.452 -2980.6548 -2967.0593 -2953.363 -2939.8682 -2068.8445 -465.77454 1143.9423 2554.5593 3299.8992 3299.8992 3299.8992 3299.8992 3299.8992 3299.8992 3299.8992 3299.8992 3299.8992 3299.8992 3299.8992 3299.8992 3299.8992 3299.8992 3299.8992 3299.8992 -1047.3633 -3191.6382 -3176.0283 -3160.62 -3145.3125 -3130.307 -3115.402 -3100.5981 -3085.8948 -3071.4934 -3056.9915 -3042.7917 -3028.3904 -3014.392 -3000.4944 -2986.6973 -2973.001 -2959.3047 -2945.8098 -2897.7722 -1604.9835 85.40039 1606.3934 3046.3164 3299.8992 3299.8992 3299.8992 3299.8992 3299.8992 3299.8992 3299.8992 3299.8992 3299.8992 3299.8992 3299.8992 3299.8992 3299.8992 3299.8992 3299.8992 3299.8992 -1398.1293 -3192.343 -3176.7334 -3161.2244 -3146.1182 -3131.012 -3116.1072 -3101.303 -3086.801 -3072.1985 -3057.6965 -3043.4966 -3029.5989 -3015.2983 -3001.3 -2987.503 -2973.6052 -2959.909 -2946.515 -2758.191 -1452.3102 280.87463 1703.6774 3033.4258 3299.8992 3299.8992 3299.8992 3299.8992 3299.8992 3299.8992 3299.8992 3299.8992 3299.8992 3299.8992 3299.8992 3299.8992 3299.8992 3299.8992 3299.8992 3299.8992 -2279.425 -3191.6382 -3176.1292 -3160.8215 -3145.413 -3130.4077 -3115.6035 -3100.7996 -3086.0962 -3071.5942 -3057.1929 -3042.7917 -3028.4912 -3014.4927 -3000.7964 -2986.9995 -2973.2024 -2959.607 -2946.112 -2544.7905 -1385.7422 47.93701 1456.6406 2781.7566 3299.8992 3299.8992 3299.8992 3299.8992 3299.8992 3299.8992 3299.8992 3299.8992 3299.8992 3299.8992 3299.8992 3299.8992 3299.8992 3299.8992 3299.8992 3299.8992 -2710.9587 -3187.207 -3171.5972 -3156.189 -3141.0828 -3126.0771 -3111.1724 -3096.3684 -3081.7656 -3067.2637 
3171.1943 3187.3076 3202.8167 3219.2322 3235.0432 3250.955 3266.464 3282.376 3297.885 -3276.7363 1415.9546 3299.8992 3285.8 3270.7947 3255.487 3240.3809 3225.1738 3210.1685 3194.9614 3179.6538 3164.2456 3149.0386 3133.2275 3118.4233 3103.5186 3088.7146 3073.9104 3055.5815 2725.1587 1453.8208 -9.970093 -1063.678 -1988.681 -2838.858 3173.9136 3089.6208 3106.3384 3122.9553 3139.3706 3155.7861 3171.8994 3188.214 3203.8237 3220.0378 3236.0503 3251.6602 3267.4712 3283.081 3298.6907 -3133.6304 1762.8937 3299.8992 3284.5916 3269.5862 3254.2786 3239.1724 3224.1667 3209.0605 3193.8538 3178.4453 3163.1377 3147.83 3132.019 3117.4163 3102.411 3087.7075 3072.8027 3051.7546 2566.1406 1118.2617 -343.515 -1323.1018 -2125.3418 -2902.7068 3098.6846 3094.6562 3111.3738 3127.9907 3144.3054 3160.62 3176.834 3193.048 3208.7585 3224.8718 3240.8843 3256.6956 3272.406 3287.915 3299.8992 -2873.401 2306.314 3299.8992 3286.4043 3271.399 3255.9905 3240.985 3225.6775 3210.6719 3195.3643 3180.0566 3164.6484 3149.3408 3133.5295 3118.927 3104.1228 3089.218 3074.5146 3054.2725 2566.5435 1117.3553 -381.38123 -1389.8712 -2224.8413 -2969.3755 3080.96 3097.7783 3114.2944 3131.1125 3147.3267 3163.5405 3180.0566 3196.0693 3211.7798 3227.893 3243.805 3259.7168 3275.3264 3290.8354 3299.8992 -2683.4656 2655.1665 3299.8992 3287.3108 3272.3052 3257.0984 3241.8914 3226.7852 3211.5784 3196.3713 3180.8623 3165.5547 3150.247 3135.0403 3119.8333 3104.828 3090.0237 3075.2197 3031.311 2492.0195 1095.6024 -313.80615 -1339.1144 -2198.5564 -2947.3206 3081.5642 3098.3826 3114.8987 3131.5154 3148.0315 3164.3462 3180.5603 3196.5728 3212.686 3228.598 3244.3083 3260.0188 3275.7292 3291.4397 3299.8992 -2278.6194 3224.8718 3299.8992 3284.8938 3269.6868 3254.5806 3239.3738 3224.2676 3209.0605 3193.8538 3178.4453 3163.037 3147.6287 3132.6233 3117.4163 3102.5115 3087.6067 3072.8027 3051.7546 2510.852 1180.1971 -254.0863 -1210.1074 -2077.1025 -2904.016 3077.133 3093.9514 3110.669 3127.185 3143.6003 3159.8145 3176.1292 3192.2424 3208.5571 3224.3682 3239.978 3255.89 3271.4995 3287.1094 3299.8992 -1995.6299 3299.8992 3294.058 3278.952 3263.8457 3248.7395 3233.6333 3218.527 3203.3203 3188.214 3172.8057 
3299.8992 3299.8992 3299.8992 3299.8992 3299.8992 3299.8992 3299.8992 3299.8992 3299.8992 2900.7935 348.5504 -1726.9409 -3157.2966 -3142.1904 -3127.3865 -3112.683 -3098.0803 -3083.5784 -3069.2778 -3055.0781 -3040.8782 -3026.88 -3013.385 -2999.286 -2943.997 -2564.026 -2138.1316 -1699.5483 -1408.3008 -989.05334 -380.17273 -243.81409 -36.557007 239.88647 435.0586 1076.2665 2677.0203 3299.8992 3299.8992 3299.8992 3299.8992 3299.8992 3299.8992 3299.8992 3299.8992 3299.8992 3299.8992 3299.8992 3299.8992 2912.979 290.5426 -1881.2256 -3154.3762 -3139.27 -3124.3652 -3109.561 -3095.059 -3080.658 -3066.3574 -3052.1575 -3038.0583 -3024.06 -3010.263 -2996.466 -2982.669 -2707.0312 -2300.8757 -2099.9634 -1714.6545 -1103.7598 -634.8633 -429.9225 -235.1532 125.48218 391.55273 1139.6118 2572.3845 3299.8992 3299.8992 3299.8992 3299.8992 3299.8992 3299.8992 3299.8992 3299.8992 3299.8992 3299.8992 3299.8992 3299.8992 2850.54 354.19006 -1720.7977 -3143.6003 -3128.4941 -3113.6902 -3098.9868 -3084.4849 -3070.0835 -3055.783 -3041.5833 -3027.5847 -3013.7878 -2999.8901 -2986.093 -2769.3694 -2323.1323 -1990.7959 -1705.4901 -1344.4519 -885.5255 -433.54797 -270.70312 102.822876 433.44727 694.78455 1466.51 2952.8594 3299.8992 3299.8992 3299.8992 3299.8992 3299.8992 3299.8992 3299.8992 3299.8992 3299.8992 3299.8992 3299.8992 3299.8992 2548.114 6.6467285 -2145.282 -3145.9167 -3130.9111 -3116.0063 -3101.303 -3086.801 -3072.4 -3057.9985 -3043.8994 -3029.9011 -3016.0034 -3002.2063 -2988.51 -2915.1946 -2517.096 -2102.7832 -1766.8213 -1403.064 -770.7184 -172.71423 27.392578 254.69055 503.33862 753.3966 1660.4736 3203.8237 3299.8992 3299.8992 3299.8992 3299.8992 3299.8992 3299.8992 3299.8992 3299.8992 3299.8992 3299.8992 3299.8992 3299.8992 2295.1355 -323.2727 -2257.1685 -3148.4343 -3133.3281 -3118.6248 -3103.72 -3089.3188 -3075.0183 -3060.7178 -3046.5178 -3032.5195 -3018.521 -3004.724 -2990.927 -2839.3616 -2404.5044 -1897.0367 -1471.8475 -1101.6449 -562.4542 -160.9314 -93.65845 -27.896118 202.92664 528.91846 1485.7452 3104.2236 3299.8992 3299.8992 3299.8992 3299.8992 3299.8992 3299.8992 3299.8992 3299.8992 3299.8992 3299.8992 3299.8992 3299.8992 2150.116 -419.44885 -2227.359 -3149.6428 -3134.5366 -3119.8333 -3105.0293 -3090.5273 -3076.126 -3061.8254 -3047.7263 

-38.168335 -38.168335 -38.168335 -38.168335 -38.168335 -38.168335 -38.168335 -38.168335 -38.168335 -38.168335 -38.168335 -38.168335 -38.168335 -38.168335 -38.168335 -38.168335 -38.168335 -38.168335 -38.168335 -38.168335 -38.168335 -38.168335 -38.168335 -38.168335 -38.168335 -38.168335 -38.168335 -38.168335 -38.168335 -38.168335 -38.168335 -38.168335 -38.168335 -38.168335 -38.168335 -38.168335 -38.168335 -38.168335 -38.168335 -38.168335 -38.168335 -38.168335 -38.168335 -38.168335 -38.168335 -38.168335 -38.168335 -38.168335 -38.168335 -38.168335 -38.168335 -38.168335 -38.168335 -38.168335 -38.168335 -38.168335 -38.168335 -38.168335 -38.168335 -38.168335 -38.168335 -38.168335 -38.168335 -38.168335 -38.168335 -38.168335 -38.168335 -38.168335 -38.168335 -38.168335 -38.168335 -38.168335 -38.168335 -38.168335 -38.168335 -38.168335 -38.168335 -38.168335 -38.168335 -38.168335 -38.168335 -38.168335 -38.168335 -38.168335 -38.168335 -38.168335 -38.168335 -38.168335 -38.168335 -38.168335 -38.168335 -38.168335 -38.168335 -38.168335 -38.168335 -38.168335 -38.168335 -38.168335 -38.168335 -38.168335 -38.168335 -38.168335 -38.168335 -38.168335 -38.168335 -38.168335 -38.168335 -38.168335 -38.168335 -38.168335 -38.168335 -38.168335 -38.168335 -38.168335 -38.168335 -38.168335 -38.168335 -38.168335 -38.168335 -38.168335 -38.168335 -38.168335 -38.168335 -38.168335 -38.168335 -38.168335 -38.168335 -38.168335 -38.168335 -38.168335 -38.168335 -38.168335 -38.168335 -38.168335 -38.168335 -38.168335 -38.168335 -38.168335 -38.168335 -38.168335 -38.168335 -38.168335 -38.168335 -38.168335 -38.168335 -38.168335 -38.168335 -38.168335 -38.168335 -38.168335 -38.168335 -38.168335 -38.168335 -38.168335 -38.168335 -38.168335 -38.168335 -38.168335 -38.168335 -38.168335 -38.168335 -38.168335 -38.168335 -38.168335 -38.168335 -38.168335 -38.168335 -38.168335 -38.168335 -38.168335 -38.168335 -38.168335 -38.168335 -38.168335 -38.168335 -38.168335 -38.168335 -38.168335 -38.168335 -38.168335 -38.168335 -38.168335 -38.168335 -38.168335 -38.168335 -38.168335 -38.168335 -38.168335 -38.168335 -38.168335 -38.168335 -38.168335 -38.168335 -38.168335 -38.168335 -38.168335 -38.168335 -38.168335 -38.168335 -38.168335 
27.996826 55.993652 71.09985 84.39331 100.305176 106.448364 110.17456 99.09668 85.5011 80.86853 77.645874 62.74109 31.32019 -10.574341 -63.446045 -102.11792 -116.41846 -97.38464 -56.799316 -23.968506 4.7332764 17.825317 13.394165 19.335938 6.4453125 -13.897705 1.5106201 13.494873 -13.796997 -50.354004 -64.65454 -77.142334 -57.403564 -31.420898 -29.507446 -27.996826 -23.062134 -16.516113 1.7120361 12.185669 28.903198 35.549927 34.44214 35.247803 28.399658 31.118774 33.737183 35.85205 34.643555 41.99524 36.053467 37.060547 37.564087 41.793823 49.246216 69.89136 60.424805 52.368164 17.422485 -4.0283203 -8.660889 1.7120361 10.574341 -11.279297 -20.443726 -29.608154 -59.417725 -67.8772 -37.060547 -4.5318604 28.601074 33.33435 19.033813 29.507446 50.253296 70.19348 80.667114 71.20056 55.792236 27.29187 -20.141602 -79.660034 -92.44995 -79.35791 -89.02588 -111.28235 -122.36023 -115.20996 -87.91809 -65.66162 -60.22339 -41.693115 -18.328857 -11.077881 9.768677 24.874878 3.9276123 -7.9559326 -35.85205 -41.39099 -27.896118 -3.4240723 18.73169 10.775757 -5.6396484 -3.7261963 7.7545166 33.132935 34.34143 2.6184082 -11.984253 -10.574341 3.8269043 26.28479 37.161255 42.599487 35.650635 42.297363 39.276123 31.622314 38.671875 41.290283 39.074707 27.79541 12.588501 -2.8198242 -26.486206 -16.113281 7.0495605 7.8552246 -2.3162842 6.2438965 27.493286 28.701782 21.047974 10.775757 -13.092041 -2.7191162 24.371338 36.557007 47.232056 34.542847 5.9417725 -6.4453125 -23.26355 -20.343018 17.019653 37.564087 41.99524 45.620728 35.247803 10.372925 -32.528687 -47.93701 -60.021973 -67.37366 -60.424805 -53.475952 -51.5625 -61.73401 -63.546753 -69.79065 -73.41614 -66.06445 -34.94568 -15.005493 10.574341 17.22107 19.134521 14.199829 29.507446 53.274536 68.88428 58.10852 40.081787 29.608154 16.71753 22.961426 10.675049 -4.8339844 -22.961426 -31.420898 -16.314697 -17.019653 -26.486206 -67.07153 -55.892944 -33.132935 -19.638062 -14.300537 1.7120361 7.7545166 4.9346924 1.0070801 -9.365845 -31.32019 -40.585327 -46.92993 -49.346924 -35.147095 
-3164.0442 -3148.3337 -3133.6304 -3118.3228 -3103.418 -3088.916 -3074.414 -3060.0127 -3045.7122 -2475.6042 382.1869 3299.8992 3299.8992 3299.8992 3299.8992 3299.8992 3299.8992 3299.8992 3299.8992 3299.8992 3299.8992 3299.8992 3299.8992 3299.8992 3299.8992 3299.8992 3299.8992 3296.576 3280.664 2139.9443 3276.535 3293.4539 -3289.9292 -3273.5137 -3257.199 -3241.0857 -3225.0732 -3209.3628 -3193.5515 -3178.0425 -3162.6343 -3147.7295 -3132.321 -3117.7185 -3102.8137 -3088.1104 -3073.3062 -3058.8042 -3044.403 -2172.4731 770.21484 3299.8992 3299.8992 3299.8992 3299.8992 3299.8992 3299.8992 3299.8992 3299.8992 3299.8992 3299.8992 3299.8992 3299.8992 3299.8992 3299.8992 3299.8992 3299.8992 3293.8567 3277.9448 1505.1819 3276.0315 3292.8496 -3290.4326 -3273.9165 -3257.7026 -3241.4885 -3225.5767 -3209.8662 -3194.0552 -3178.4453 -3163.2385 -3148.233 -3133.3281 -3118.0205 -3103.1157 -3088.6138 -3074.0112 -3059.6099 -3045.3093 -2037.5244 943.5333 3299.8992 3299.8992 3299.8992 3299.8992 3299.8992 3299.8992 3299.8992 3299.8992 3299.8992 3299.8992 3299.8992 3299.8992 3299.8992 3299.8992 3299.8992 3299.8992 3291.742 3275.7292 489.44092 3276.7363 3293.6553 -3289.7278 -3273.413 -3256.9976 -3240.8843 -3224.8718 -3209.1614 -3193.451 -3177.942 -3162.5334 -3147.7295 -3132.1196 -3117.517 -3102.713 -3087.909 -3073.2056 -3058.6028 -3044.5037 -1872.0612 1155.7251 3299.8992 3299.8992 3299.8992 3299.8992 3299.8992 3299.8992 3299.8992 3299.8992 3299.8992 3299.8992 3299.8992 3299.8992 3299.8992 3299.8992 3299.8992 3299.8992 3290.5334 3274.4202 -246.13037 3277.3406 3294.159 -3289.224 -3272.708 -3256.3933 -3240.3809 -3224.469 -3208.6577 -3192.9473 -3177.3376 -3162.03 -3147.1252 -3132.2205 -3116.812 -3102.008 -3087.4053 -3072.9033 -3058.6028 -3044.3022 -1654.0283 1367.3126 3299.8992 3299.8992 3299.8992 3299.8992 3299.8992 3299.8992 3299.8992 3299.8992 3299.8992 3299.8992 3299.8992 3299.8992 3299.8992 3299.8992 3299.8992 3299.8992 3288.217 3272.2046 -1511.6272 3278.1462 3294.9646 -3288.4185 -3272.0032 -3255.789 -3239.7766 -3223.764 -3207.953 -3192.343 -3176.7334 
-3196.2708 -3181.668 -3167.5688 -3153.4697 -3139.3706 -3125.6743 -3111.5752 -3097.9797 -3084.2834 -1481.9183 1229.9469 3299.8992 3299.8992 3299.8992 3299.8992 3299.8992 3299.8992 3299.8992 3299.8992 3299.8992 3299.8992 3299.8992 3299.8992 3299.8992 3299.8992 3298.6907 3283.2825 3268.6797 3253.8757 1650.4028 3251.1565 3267.0684 3282.7788 3298.1873 -3286.5051 -3271.399 -3256.3933 -3241.388 -3226.6846 -3211.9812 -3197.4792 -3182.8765 -3168.7773 -3154.5776 -3140.68 -3126.9836 -3112.8845 -3099.0874 -3085.492 -1738.3209 742.0166 3055.481 3299.8992 3299.8992 3299.8992 3299.8992 3299.8992 3299.8992 3299.8992 3299.8992 3299.8992 3299.8992 3299.8992 3299.8992 3299.8992 3299.8992 3287.0085 3272.406 3257.5012 1146.2585 3256.4941 3272.3052 3287.915 3299.8992 -3281.369 -3266.2627 -3251.2573 -3236.3525 -3221.7498 -3207.0464 -3192.5444 -3177.942 -3163.8428 -3149.7437 -3135.745 -3122.1497 -3107.9497 -3094.2534 -3080.8594 -1497.5281 1085.3302 3299.8992 3299.8992 3299.8992 3299.8992 3299.8992 3299.8992 3299.8992 3299.8992 3299.8992 3299.8992 3299.8992 3299.8992 3299.8992 3299.8992 3299.8992 3287.21 3272.708 3257.7026 111.483765 3259.7168 3275.6287 3291.2383 3299.8992 -3278.1462 -3263.04 -3248.0347 -3233.2305 -3218.527 -3203.9246 -3189.5232 -3174.9207 -3160.8215 -3146.7224 -3132.7239 -3118.6248 -3105.13 -3091.4336 -3074.9175 -903.2501 1712.6404 3299.8992 3299.8992 3299.8992 3299.8992 3299.8992 3299.8992 3299.8992 3299.8992 3299.8992 3299.8992 3299.8992 3299.8992 3299.8992 3299.8992 3299.6978 3283.8867 3269.284 3254.3792 -227.29797 3257.2998 3273.1108 3288.7207 3299.8992 -3280.5632 -3265.3564 -3250.3508 -3235.6475 -3220.7427 -3206.2407 -3191.7388 -3177.6396 -3163.1377 -3149.0386 -3135.0403 -3120.9412 -3107.3455 -3093.6492 -3064.2424 -902.34375 1662.085 3299.8992 3299.8992 3299.8992 3299.8992 3299.8992 3299.8992 3299.8992 3299.8992 3299.8992 3299.8992 3299.8992 3299.8992 3299.8992 3299.8992 3298.0864 3282.1746 3267.572 3252.6672 -1537.207 3259.1125 3274.823 3290.5334 3299.8992 -3278.8513 -3263.745 -3248.8403 -3233.9355 -3219.2322 -3204.6294 
3222.5554 3207.7515 3192.8467 3178.3447 3163.5405 3149.0386 3135.1409 3119.7327 2570.2698 718.95447 -1156.9336 -2516.4917 3127.2856 3143.097 3158.908 3174.417 3189.8254 3205.2336 3220.4407 3235.6475 3250.7537 3265.6584 3280.8655 3295.3674 -3289.8284 -3275.2258 -3260.321 -3246.0205 -3232.1228 -1559.3628 3299.8992 3299.8992 3299.8992 3299.8992 3299.8992 3297.2808 3282.5774 3267.6726 3252.8687 3237.9639 3223.1597 3208.255 3193.753 3179.0496 3164.749 3150.348 3135.745 3119.934 2543.3806 689.1449 -1050.0824 -2436.1267 3127.89 3143.6003 3159.4116 3175.122 3190.5303 3205.838 3221.1455 3236.2517 3251.4587 3266.3635 3281.1675 3295.7703 -3289.1235 -3274.5208 -3260.321 -3245.6177 -3231.2163 -884.51843 3299.8992 3299.8992 3299.8992 3299.8992 3299.8992 3294.8638 3280.1604 3265.2556 3250.4517 3235.6475 3220.7427 3206.0393 3191.034 3176.6326 3161.7278 3147.3267 3133.429 3116.1072 2484.3657 701.7334 -1063.0737 -2453.952 3125.3723 3141.1833 3156.9946 3172.4028 3188.214 3203.5217 3218.7285 3233.8347 3248.941 3263.8457 3279.0527 3293.9575 -3291.5405 -3276.9377 -3262.033 -3247.6318 -3233.6333 -424.8871 3299.8992 3299.8992 3299.8992 3299.8992 3299.8992 3290.7349 3275.9307 3261.2273 3246.3225 3231.5186 3216.6138 3201.9104 3187.3076 3172.705 3158.1023 3143.6003 3129.8035 3110.971 2149.008 255.79834 -1448.4833 -2748.523 3128.6956 3144.6074 3160.3179 3175.827 3191.2354 3206.6436 3221.8506 3237.0574 3252.063 3267.0684 3282.1746 3296.878 -3288.1165 -3273.413 -3259.4146 -3244.7112 -3230.31 34.643555 3299.8992 3299.8992 3299.8992 3299.8992 3299.8992 3292.2454 3277.4414 3262.5366 3247.7324 3232.8276 3218.0237 3203.3203 3188.4155 3173.8127 3159.1094 3144.7083 3130.8105 3112.1794 2120.6084 392.15698 -1269.6259 -2658.1877 3127.9907 3143.9026 3159.5122 3175.122 3190.631 3205.838 3221.1455 3236.2517 3251.358 3266.3635 3281.5703 3296.475 -3289.325 -3274.6216 -3259.7168 -3245.3154 -3231.3171 557.2174 3299.8992 3299.8992 3299.8992 3299.8992 3299.8992 3289.224 3274.3193 3259.616 3244.7112 3229.9072 
-3052.8625 -3038.6626 -3024.362 -3010.3638 -2996.5667 -2982.669 -2969.0735 -2955.4778 -2941.983 -2397.354 -1091.5741 324.2798 1693.6066 2994.049 3299.8992 3299.8992 3299.8992 3299.8992 3299.8992 3299.8992 3299.8992 3299.8992 3299.8992 3299.8992 3299.8992 3299.8992 3299.8992 3299.8992 3299.8992 3210.5713 -3193.5515 -3186.2 -3170.59 -3155.2825 -3140.0757 -3124.9695 -3110.266 -3095.462 -3080.8594 -3066.3574 -3051.956 -3037.7563 -3023.8586 -3009.558 -2995.5596 -2981.7627 -2968.0664 -2954.4707 -2940.9758 -2520.1172 -1156.2286 436.16638 1965.1154 3299.8992 3299.8992 3299.8992 3299.8992 3299.8992 3299.8992 3299.8992 3299.8992 3299.8992 3299.8992 3299.8992 3299.8992 3299.8992 3299.8992 3299.8992 3299.8992 2909.253 -3200.601 -3184.79 -3169.1802 -3153.8726 -3138.565 -3123.761 -3108.8562 -3094.1528 -3079.4495 -3065.149 -3050.647 -3036.3464 -3022.6501 -3008.3496 -2994.351 -2980.5542 -2966.858 -2953.363 -2939.7673 -2121.515 -704.2511 797.406 2207.0159 3299.8992 3299.8992 3299.8992 3299.8992 3299.8992 3299.8992 3299.8992 3299.8992 3299.8992 3299.8992 3299.8992 3299.8992 3299.8992 3299.8992 3299.8992 3299.8992 2743.8904 -3204.7302 -3188.8184 -3173.2085 -3157.901 -3142.694 -3127.7893 -3112.8845 -3098.1812 -3083.5784 -3068.9758 -3054.5745 -3040.3748 -3026.0742 -3012.277 -2998.3794 -2984.5825 -2970.8862 -2957.2905 -2943.5942 -2116.4795 -746.1456 894.99207 2239.746 3299.8992 3299.8992 3299.8992 3299.8992 3299.8992 3299.8992 3299.8992 3299.8992 3299.8992 3299.8992 3299.8992 3299.8992 3299.8992 3299.8992 3299.8992 3299.8992 2191.9097 -3205.0322 -3189.2212 -3173.7122 -3158.3037 -3143.1975 -3128.2927 -3113.2874 -3098.584 -3083.9812 -3069.3787 -3055.0781 -3040.7776 -3026.5776 -3012.5793 -2998.6816 -2984.9854 -2971.289 -2957.5928 -2944.098 -1880.5206 -583.3008 898.0133 2255.4565 3260.1196 3299.8992 3299.8992 3299.8992 3299.8992 3299.8992 3299.8992 3299.8992 3299.8992 3299.8992 3299.8992 3299.8992 3299.8992 3299.8992 3299.8992 3299.8992 1717.0715 -3204.6294 -3188.7175 -3173.3093 -3158.0017 -3142.7947 -3127.7893 -3112.985 -3098.3826 -3083.6792 -3069.0764 
3157.3975 3142.0898 3126.9836 3111.978 3096.9727 3082.1685 3067.2637 2934.732 2215.3748 848.6664 -378.15857 -1310.7147 -2226.8555 -2972.2961 3077.0325 3093.9514 3110.669 3127.185 3143.6003 3159.915 3176.1292 3192.2424 3208.3557 3224.1667 3240.0786 3255.89 3271.4995 3287.1094 3299.8992 -1633.3832 3299.8992 3291.9434 3276.7363 3261.731 3246.6248 3231.4177 3216.3115 3201.1047 3185.9985 3170.691 3155.182 3139.9749 3124.4658 3109.6619 3094.8577 3080.1543 3065.5518 2883.673 2181.8389 699.71924 -560.23865 -1445.2606 -2259.1826 -2958.499 3077.8381 3094.5557 3111.3738 3127.89 3144.2046 3160.62 3176.7334 3192.8467 3208.5571 3224.771 3240.6829 3256.3933 3272.1038 3287.6128 3299.8992 -1218.7683 3299.8992 3290.0298 3274.9236 3259.7168 3244.812 3229.5044 3214.5996 3199.3926 3184.1858 3168.7773 3153.4697 3138.263 3122.653 3107.9497 3093.1458 3078.543 3063.4368 2796.1577 1969.1437 471.81702 -800.0244 -1694.4122 -2532.1013 -3229.5044 3083.5784 3100.5981 3117.0134 3133.6304 3150.1465 3166.159 3182.4736 3198.4863 3213.9954 3230.2092 3246.121 3261.9324 3277.542 3293.051 -3291.4397 -770.9198 3299.8992 3292.6482 3277.6428 3262.5366 3247.229 3232.2234 3217.0166 3201.8096 3186.7034 3171.2952 3155.8867 3140.579 3125.473 3110.4675 3095.3613 3080.658 3064.4438 2621.53 1743.2556 398.19946 -770.51697 -1690.3839 -2501.184 -3206.9458 3087.7075 3104.425 3121.0417 3137.4573 3153.8726 3170.1873 3186.3005 3202.4138 3218.628 3234.2375 3250.1494 3265.8599 3281.4697 3296.9788 -3287.6128 -467.58728 3299.8992 3294.7632 3279.7576 3264.6514 3249.4446 3234.2375 3219.1313 3203.8237 3188.7175 3173.3093 3157.901 3142.4927 3127.3865 3112.3809 3097.3755 3082.672 3067.465 2737.9485 1882.9376 508.57544 -771.8262 -1704.483 -2474.7986 -3150.5493 3087.7075 3104.6265 3121.1426 3137.6587 3154.074 3170.288 3186.6028 3202.5146 3218.7285 3234.2375 3250.1494 3265.9607 3281.5703 3297.1802 -3287.5122 158.91724 3299.8992 3291.5405 3276.4343 3261.3281 3246.121 3231.015 3215.9087 3200.601 3185.3943 3169.9858 
-3033.6272 -3019.629 -3005.8318 -2992.1355 -2893.643 -2551.2358 -2150.8208 -1594.3085 -1266.1011 -659.83887 -164.95972 -73.61755 149.04785 337.67395 636.3739 1660.8765 3144.406 3299.8992 3299.8992 3299.8992 3299.8992 3299.8992 3299.8992 3299.8992 3299.8992 3299.8992 3299.8992 3299.8992 3299.8992 1913.0493 -648.6603 -2598.0652 -3146.3196 -3131.314 -3116.51 -3101.8066 -3087.4053 -3073.0042 -3058.8042 -3044.5037 -3030.5054 -3016.6077 -3002.9114 -2989.1143 -2761.917 -2428.9763 -2010.8368 -1721.402 -1347.4731 -776.8616 -131.92749 148.74573 425.1892 616.4337 905.5664 1842.1509 3299.8992 3299.8992 3299.8992 3299.8992 3299.8992 3299.8992 3299.8992 3299.8992 3299.8992 3299.8992 3299.8992 3299.8992 3299.8992 1428.3417 -893.68286 -2618.7102 -3146.3196 -3131.314 -3116.51 -3101.9072 -3087.4053 -3073.0042 -3058.8042 -3044.705 -3030.606 -3016.6077 -3002.9114 -2989.1143 -2774.4048 -2311.853 -1867.7307 -1397.3236 -979.6875 -316.62598 175.33264 343.3136 445.63293 594.4794 912.51526 1968.7408 3208.8591 3299.8992 3299.8992 3299.8992 3299.8992 3299.8992 3299.8992 3299.8992 3299.8992 3299.8992 3299.8992 3299.8992 3299.8992 1591.1865 -961.9629 -2827.1758 -3153.8726 -3138.8672 -3124.1638 -3109.4604 -3094.8577 -3080.5571 -3066.3574 -3052.1575 -3037.9578 -3024.1606 -3010.263 -2996.466 -2840.7715 -2366.4368 -1910.6323 -1708.1085 -1428.1403 -882.5043 -260.73303 117.022705 460.73914 677.46277 1093.9911 2305.2063 3299.8992 3299.8992 3299.8992 3299.8992 3299.8992 3299.8992 3299.8992 3299.8992 3299.8992 3299.8992 3299.8992 3299.8992 3299.8992 1208.0933 -1042.0258 -2771.3835 -3153.4697 -3138.4644 -3123.6602 -3108.9568 -3094.5557 -3080.3557 -3065.9546 -3051.8555 -3037.7563 -3023.5564 -3009.961 -2996.0632 -2765.1396 -2327.5635 -2050.717 -1751.1108 -1352.3071 -817.3462 -276.34277 -72.81189 151.26343 402.02637 947.2595 2372.177 3299.8992 3299.8992 3299.8992 3299.8992 3299.8992 3299.8992 3299.8992 3299.8992 3299.8992 3299.8992 3299.8992 3299.8992 3299.8992 1129.4403 -1063.7787 -2841.1743 -3149.0386 -3134.0332 -3119.229 -3104.5256 -3090.1245 -3075.7231 -3061.5234 -3047.3235 

-38.168335 -38.168335 -38.168335 -38.168335 -38.168335 -38.168335 -38.168335 -38.168335 -38.168335 -38.168335 -38.168335 -38.168335 -38.168335 -38.168335 -38.168335 -38.168335 -38.168335 -38.168335 -38.168335 -38.168335 -38.168335 -38.168335 -38.168335 -38.168335 -38.168335 -38.168335 -38.168335 -38.168335 -38.168335 -38.168335 -38.168335 -38.168335 -38.168335 -38.168335 -38.168335 -38.168335 -38.168335 -38.168335 -38.168335 -38.168335 -38.168335 -38.168335 -38.168335 -38.168335 -38.168335 -38.168335 -38.168335 -38.168335 -38.168335 -38.168335 -38.168335 -38.168335 -38.168335 -38.168335 -38.168335 -38.168335 -38.168335 -38.168335 -38.168335 -38.168335 -38.168335 -38.168335 -38.168335 -38.168335 -38.168335 -38.168335 -38.168335 -38.168335 -38.168335 -38.168335 -38.168335 -38.168335 -38.168335 -38.168335 -38.168335 -38.168335 -38.168335 -38.168335 -38.168335 -38.168335 -38.168335 -38.168335 -38.168335 -38.168335 -38.168335 -38.168335 -38.168335 -38.168335 -38.168335 -38.168335 -38.168335 -38.168335 -38.168335 -38.168335 -38.168335 -38.168335 -38.168335 -38.168335 -38.168335 -38.168335 -38.168335 -38.168335 -38.168335 -38.168335 -38.168335 -38.168335 -38.168335 -38.168335 -38.168335 -38.168335 -38.168335 -38.168335 -38.168335 -38.168335 -38.168335 -38.168335 -38.168335 -38.168335 -38.168335 -38.168335 -38.168335 -38.168335 -38.168335 -38.168335 -38.168335 -38.168335 -38.168335 -38.168335 -38.168335 -38.168335 -38.168335 -38.168335 -38.168335 -38.168335 -38.168335 -38.168335 -38.168335 -38.168335 -38.168335 -38.168335 -38.168335 -38.168335 -38.168335 -38.168335 -38.168335 -38.168335 -38.168335 -38.168335 -38.168335 -38.168335 -38.168335 -38.168335 -38.168335 -38.168335 -38.168335 -38.168335 -38.168335 -38.168335 -38.168335 -38.168335 -38.168335 -38.168335 -38.168335 -38.168335 -38.168335 -38.168335 -38.168335 -38.168335 -38.168335 -38.168335 -38.168335 -38.168335 -38.168335 -38.168335 -38.168335 -38.168335 -38.168335 -38.168335 -38.168335 -38.168335 -38.168335 -38.168335 -38.168335 -38.168335 -38.168335 -38.168335 -38.168335 -38.168335 -38.168335 -38.168335 -38.168335 -38.168335 -38.168335 -38.168335 -38.168335 -38.168335 -38.168335 -38.168335 -38.168335 -38.168335 
-20.544434 -6.4453125 5.5389404 7.7545166 33.636475 22.961426 -2.2155762 -16.415405 -4.1290283 -0.30212402 23.968506 49.0448 59.317017 56.497192 78.048706 81.7749 46.42639 18.530273 -0.9063721 -12.689209 -7.4523926 16.818237 41.290283 52.06604 24.472046 -0.40283203 -0.9063721 -1.1077881 -15.911865 -23.565674 -20.443726 -32.528687 -41.89453 -61.12976 -75.4303 -73.61755 -39.175415 -13.595581 4.4311523 21.75293 32.125854 34.140015 32.42798 3.0212402 -44.91577 -69.79065 -39.98108 -15.408325 2.5177002 6.6467285 1.0070801 1.1077881 1.8127441 1.1077881 -11.077881 -23.26355 -31.018066 -44.51294 -86.50818 -101.916504 -72.10693 -14.804077 6.1431885 18.832397 33.33435 39.175415 30.81665 26.586914 20.846558 13.897705 -3.6254883 -17.623901 -20.645142 -6.3446045 3.2226562 13.293457 17.120361 48.44055 86.60889 93.96057 92.04712 109.26819 135.55298 167.88025 168.78662 164.45618 177.85034 206.35071 203.63159 198.39478 203.43018 181.77795 129.30908 61.73401 -7.5531006 -68.88428 -102.01721 -93.35632 -64.35242 -60.021973 -84.191895 -124.4751 -167.276 -192.55371 -176.23901 -188.82751 -182.48291 -192.15088 -219.74487 -243.61267 -225.1831 -181.67725 -147.53723 -131.42395 -129.5105 -116.519165 -77.142334 -41.088867 -9.466553 2.8198242 22.76001 30.010986 24.673462 23.565674 29.205322 25.881958 -4.5318604 -17.22107 -2.5177002 -16.918945 -19.73877 -25.378418 -19.638062 -7.0495605 15.408325 31.521606 34.744263 33.9386 34.94568 23.565674 17.623901 17.825317 17.926025 22.457886 21.75293 24.77417 9.365845 6.3446045 1.6113281 14.300537 21.148682 23.565674 27.694702 36.053467 36.35559 38.671875 58.71277 48.03772 51.159668 60.021973 87.11243 104.63562 123.46802 134.24377 128.40271 162.1399 164.35547 180.87158 175.83618 167.77954 128.80554 112.994385 97.68677 76.135254 61.23047 45.41931 -22.558594 -19.537354 -35.247803 -90.737915 -166.36963 -192.65442 -171.70715 -135.55298 -110.37598 -74.62463 -42.800903 -59.417725 -73.91968 -89.12659 -93.96057 -106.8512 -116.922 -99.70093 -63.345337 -31.219482 -17.321777 -3.2226562 -25.479126 -18.73169 
-3161.4258 -3145.9167 -3131.314 -3115.805 -3101.1016 -3086.499 -3072.1985 -3057.6965 -3043.4966 -1537.912 1574.6704 3299.8992 3299.8992 3299.8992 3299.8992 3299.8992 3299.8992 3299.8992 3299.8992 3299.8992 3299.8992 3299.8992 3299.8992 3299.8992 3299.8992 3299.8992 3299.8992 3287.8142 3271.701 -2683.7676 3280.2612 3297.1802 -3286.3037 -3269.989 -3253.6743 -3237.561 -3221.5483 -3205.838 -3190.2283 -3174.6184 -3159.3108 -3144.5068 -3128.9978 -3114.4958 -3099.6917 -3084.7869 -3070.1843 -3055.783 -3041.3818 -1170.1263 1856.5521 3299.8992 3299.8992 3299.8992 3299.8992 3299.8992 3299.8992 3299.8992 3299.8992 3299.8992 3299.8992 3299.8992 3299.8992 3299.8992 3299.8992 3299.8992 3299.8992 3286.0015 3269.6868 3263.6443 3280.7646 3297.6836 -3285.6995 -3269.3848 -3253.1707 -3237.0574 -3221.1455 -3205.3345 -3189.7246 -3174.3164 -3158.908 -3143.2983 -3128.7964 -3113.4888 -3098.584 -3084.1826 -3069.6807 -3055.3801 -3041.0796 -1025.2075 2063.809 3299.8992 3299.8992 3299.8992 3299.8992 3299.8992 3299.8992 3299.8992 3299.8992 3299.8992 3299.8992 3299.8992 3299.8992 3299.8992 3299.8992 3299.8992 3299.8992 3284.8938 3268.4783 3265.0542 3282.2754 3299.0935 -3284.2896 -3268.0754 -3251.7607 -3235.8489 -3219.8364 -3204.0251 -3188.4155 -3172.9065 -3157.5989 -3142.0898 -3126.9836 -3112.5823 -3097.6775 -3082.974 -3068.2708 -3053.7688 -3039.3677 -672.6288 2360.2935 3299.8992 3299.8992 3299.8992 3299.8992 3299.8992 3299.8992 3299.8992 3299.8992 3299.8992 3299.8992 3299.8992 3299.8992 3299.8992 3299.8992 3299.8992 3299.0935 3283.2825 3266.7664 3266.3635 3283.383 3299.8992 -3283.2825 -3266.9678 -3250.653 -3234.7412 -3218.7285 -3202.9175 -3187.3076 -3171.8994 -3156.491 -3141.687 -3126.8828 -3111.4746 -3096.6704 -3082.1685 -3067.7673 -3053.4668 -3036.145 -616.5344 2481.7473 3299.8992 3299.8992 3299.8992 3299.8992 3299.8992 3299.8992 3299.8992 3299.8992 3299.8992 3299.8992 3299.8992 3299.8992 3299.8992 3299.8992 3299.8992 3298.6907 3282.6782 3265.9607 3268.3777 3285.3972 3299.8992 -3281.2683 -3265.0542 -3248.8403 -3232.727 -3216.9158 -3201.2053 -3185.5957 -3170.0867 
-3190.2283 -3176.0283 -3161.6272 -3147.528 -3133.5295 -3119.4304 -3105.835 -3092.2393 -2868.567 -435.96497 2013.5559 3299.8992 3299.8992 3299.8992 3299.8992 3299.8992 3299.8992 3299.8992 3299.8992 3299.8992 3299.8992 3299.8992 3299.8992 3299.8992 3299.8992 3294.9646 3279.0527 3264.45 3249.3438 -2592.929 3258.4075 3274.3193 3289.9292 3299.8992 -3279.4556 -3264.45 -3249.4446 -3234.5398 -3219.8364 -3205.2336 -3190.7317 -3176.7334 -3162.2314 -3148.1323 -3134.1338 -3120.0347 -3106.4392 -3092.743 -2790.7195 -387.12158 2057.1624 3299.8992 3299.8992 3299.8992 3299.8992 3299.8992 3299.8992 3299.8992 3299.8992 3299.8992 3299.8992 3299.8992 3299.8992 3299.8992 3299.8992 3293.5547 3277.7434 3263.2415 3248.0347 3253.6743 3259.1125 3274.9236 3290.4326 3299.8992 -3278.8513 -3263.745 -3248.8403 -3233.9355 -3219.2322 -3204.6294 -3190.2283 -3176.1292 -3161.6272 -3147.528 -3133.5295 -3119.5312 -3105.835 -3092.1387 -2512.8662 202.62451 2583.4624 3299.8992 3299.8992 3299.8992 3299.8992 3299.8992 3299.8992 3299.8992 3299.8992 3299.8992 3299.8992 3299.8992 3299.8992 3299.8992 3299.8992 3288.4185 3272.6074 3258.1055 3242.8984 3240.6829 3256.897 3272.6074 3288.217 3299.8992 -3281.1675 -3266.0613 -3251.1565 -3236.2517 -3221.5483 -3206.9458 -3192.5444 -3178.3447 -3163.8428 -3149.7437 -3135.6445 -3122.1497 -3108.0505 -3094.3542 -2401.9866 163.34839 2429.9834 3299.8992 3299.8992 3299.8992 3299.8992 3299.8992 3299.8992 3299.8992 3299.8992 3299.8992 3299.8992 3299.8992 3299.8992 3299.8992 3299.8992 3286.3037 3270.996 3256.4941 3241.0857 3240.3809 3256.4941 3272.2046 3287.915 3299.8992 -3281.4697 -3266.464 -3251.4587 -3236.6545 -3221.9512 -3207.2478 -3192.9473 -3178.3447 -3164.2456 -3150.1465 -3136.148 -3122.4517 -3108.554 -3094.757 -2514.7795 -33.233643 2332.8003 3299.8992 3299.8992 3299.8992 3299.8992 3299.8992 3299.8992 3299.8992 3299.8992 3299.8992 3299.8992 3299.8992 3299.8992 3299.8992 3299.8992 3287.4114 3272.0032 3257.5012 3239.0715 3245.0134 3261.026 3276.8372 3292.2454 3299.8992 -3277.0386 -3262.033 -3247.0276 -3232.2234 -3217.6208 -3203.119 
3215.103 3200.3997 3185.8977 3171.3958 3156.491 3142.1904 3128.1921 3108.9568 1925.4364 56.5979 -1684.3414 -2971.692 3131.314 3147.1252 3162.8357 3178.4453 3193.753 3209.0605 3224.3682 3239.3738 3254.6814 3269.3848 3284.5916 3299.3958 -3285.8 -3271.298 -3256.9976 -3242.395 -3227.9937 1092.7826 3299.8992 3299.8992 3299.8992 3299.8992 3299.8992 3290.332 3275.6287 3260.7239 3245.7183 3230.8135 3216.211 3201.4067 3186.6028 3171.7986 3157.498 3143.097 3128.6956 3110.0647 1991.4001 240.99426 -1401.1505 -2749.53 3128.9978 3144.9097 3160.5193 3176.1292 3191.5374 3206.845 3222.052 3237.2588 3252.365 3267.2698 3282.1746 3296.878 -3288.6199 -3274.0173 -3259.1125 -3244.7112 -3230.713 1945.6787 3299.8992 3299.8992 3299.8992 3299.8992 3299.1943 3284.5916 3269.7876 3254.8828 3240.0786 3225.3752 3210.5713 3195.868 3181.366 3166.6626 3152.0598 3137.7593 3123.761 3067.465 1549.7955 -185.70557 -1786.4594 -3086.9019 3131.2134 3146.9238 3162.6343 3178.1433 3193.5515 3208.8591 3224.0662 3239.1724 3254.2786 3269.284 3284.2896 3298.7915 -3286.4043 -3271.8018 -3256.897 -3242.4956 -3228.598 2326.5564 3299.8992 3299.8992 3299.8992 3299.8992 3299.8992 3285.1958 3270.3918 3255.5876 3240.7837 3226.0803 3211.1755 3196.3713 3181.8694 3167.166 3152.9663 3138.6658 3123.9624 3020.2332 1461.4746 -301.21765 -1823.822 -3081.5642 3133.3281 3149.1394 3164.8499 3180.359 3195.767 3210.974 3226.2817 3241.388 3256.4941 3271.399 3286.1023 3299.8992 -3284.5916 -3270.0896 -3255.1848 -3240.7837 -3223.059 3118.7256 3299.8992 3299.8992 3299.8992 3299.8992 3298.6907 3284.0881 3269.284 3254.48 3239.5752 3224.771 3209.967 3195.2637 3180.8623 3166.2598 3151.5564 3137.155 3123.1567 2946.817 1336.1938 -350.56458 -1876.6937 -3080.3557 3133.2275 3149.0386 3164.6484 3180.1575 3195.5657 3210.7727 3226.0803 3241.1865 3256.2927 3271.1975 3286.3037 3299.8992 -3284.491 -3269.8882 -3254.9834 -3240.6829 -3051.2512 3299.8992 3299.8992 3299.8992 3299.8992 3299.8992 3296.878 3282.1746 3267.3706 3252.4658 3237.7625 3222.9583 
-3054.776 -3040.4753 -3026.477 -3012.378 -2998.2788 -2984.4817 -2970.7854 -2957.089 -2943.5942 -1904.5898 -748.2605 724.79553 2309.5366 3299.8992 3299.8992 3299.8992 3299.8992 3299.8992 3299.8992 3299.8992 3299.8992 3299.8992 3299.8992 3299.8992 3299.8992 3299.8992 3299.8992 3299.8992 3299.8992 1532.7759 -3202.9175 -3187.0056 -3171.4966 -3156.189 -3141.2842 -3126.178 -3111.2732 -3096.5698 -3081.967 -3067.465 -3053.1646 -3038.864 -3025.1677 -3010.8672 -2996.869 -2982.8704 -2969.174 -2955.6792 -2942.2852 -1915.7684 -551.9806 1134.4757 2603.2012 3299.8992 3299.8992 3299.8992 3299.8992 3299.8992 3299.8992 3299.8992 3299.8992 3299.8992 3299.8992 3299.8992 3299.8992 3299.8992 3299.8992 3299.8992 3299.8992 574.03564 -3201.3062 -3185.4949 -3169.9858 -3154.6782 -3139.572 -3124.6672 -3109.8633 -3095.059 -3080.4565 -3066.0552 -3051.7546 -3037.555 -3023.7578 -3009.558 -2995.459 -2981.5613 -2967.9656 -2954.2693 -2940.8752 -1951.0162 -584.5093 1078.9856 2574.0967 3299.8992 3299.8992 3299.8992 3299.8992 3299.8992 3299.8992 3299.8992 3299.8992 3299.8992 3299.8992 3299.8992 3299.8992 3299.8992 3299.8992 3299.8992 3299.8992 331.73218 -3198.4863 -3182.675 -3167.2668 -3151.9592 -3136.853 -3121.9482 -3107.0435 -3092.4407 -3077.8381 -3063.3362 -3049.1362 -3034.8357 -3020.5352 -3006.7383 -2992.9412 -2979.0435 -2965.3472 -2951.8523 -2938.0554 -1629.5563 -275.235 1177.0752 2545.5962 3299.8992 3299.8992 3299.8992 3299.8992 3299.8992 3299.8992 3299.8992 3299.8992 3299.8992 3299.8992 3299.8992 3299.8992 3299.8992 3299.8992 3299.8992 3299.8992 -477.8595 -3195.868 -3180.0566 -3164.6484 -3149.4414 -3134.436 -3119.4304 -3104.6265 -3089.923 -3075.3203 -3060.8184 -3046.6187 -3032.4187 -3018.6218 -3004.3213 -2990.4236 -2976.6265 -2963.031 -2949.4353 -2906.5337 -1432.1686 -76.23596 1416.7603 2726.3672 3299.8992 3299.8992 3299.8992 3299.8992 3299.8992 3299.8992 3299.8992 3299.8992 3299.8992 3299.8992 3299.8992 3299.8992 3299.8992 3299.8992 3299.8992 3299.8992 -860.65063 -3196.0693 -3180.359 -3164.9504 -3149.6428 -3134.5366 -3119.6318 -3104.828 -3090.225 -3075.6226 -3061.1206 
3154.6782 3139.3706 3124.2644 3109.259 3094.3542 3079.651 3064.2424 2754.364 1924.9329 474.33472 -758.83484 -1711.2305 -2586.9873 3299.8992 3085.6934 3102.6123 3119.1284 3135.6445 3152.0598 3168.274 3184.3872 3200.5005 3216.7144 3232.4248 3248.236 3263.9465 3279.5562 3295.166 -3289.5264 449.66125 3299.8992 3288.0156 3272.9094 3257.8032 3242.697 3227.5908 3212.384 3197.177 3181.8694 3166.5618 3151.1536 3135.9465 3120.4375 3105.835 3091.0308 3076.3274 3060.214 2612.1643 1703.1738 269.39392 -943.3319 -1874.6796 -2657.785 -3231.1157 3086.9019 3103.72 3120.5383 3136.853 3153.1677 3169.583 3185.6963 3201.709 3217.218 3233.432 3249.2432 3265.0542 3280.8655 3296.173 -3288.217 1020.2728 3299.8992 3286.3037 3271.1975 3255.89 3240.8843 3225.778 3210.7727 3195.465 3180.0566 3164.749 3149.4414 3134.3352 3118.4233 3104.0222 3089.218 3074.5146 3056.8909 2328.8726 1270.3308 -100.10376 -1225.9186 -2055.9539 -2776.9226 3246.8262 3093.75 3110.568 3127.0842 3143.399 3159.7136 3176.1292 3192.1416 3208.0535 3223.6633 3240.0786 3255.789 3271.298 3287.1094 3299.8992 -3277.24 1477.5879 3299.8992 3290.1306 3275.0244 3259.8174 3244.6106 3229.5044 3214.3982 3199.1912 3183.783 3168.3745 3153.067 3137.7593 3122.1497 3107.5469 3092.743 3077.9387 3060.214 2424.5452 1346.6675 -55.490112 -1165.3931 -2088.7847 -2856.1797 3099.6917 3096.7712 3113.388 3129.8035 3146.4202 3162.6343 3179.0496 3194.9614 3211.0747 3226.6846 3242.7979 3258.609 3274.2188 3289.8284 3299.8992 -3187.1062 1688.7726 3299.8992 3291.641 3276.4343 3261.2273 3246.121 3230.8135 3215.7073 3200.601 3185.2935 3169.8853 3154.3762 3139.1692 3123.5596 3108.8562 3094.052 3079.3486 3061.7249 2341.864 1246.1609 -84.09119 -1279.6967 -2126.1475 -2842.0806 3194.1558 3099.2888 3116.1072 3132.6233 3149.1394 3165.2527 3181.4666 3197.5798 3213.693 3229.1016 3245.3154 3261.1267 3276.7363 3292.5476 -3292.1448 -2900.2898 2410.0432 3299.8992 3290.2312 3275.125 3259.9182 3244.812 3229.7058 3214.4988 3199.1912 3183.8835 3168.4753 
-3033.3252 -3019.4275 -3005.7312 -2991.7327 -2744.696 -2266.333 -1862.1918 -1366.7084 -808.786 -214.91089 92.55066 242.60559 431.83594 551.8799 972.2351 2135.5132 3226.9866 3299.8992 3299.8992 3299.8992 3299.8992 3299.8992 3299.8992 3299.8992 3299.8992 3299.8992 3299.8992 3299.8992 3299.8992 950.4822 -1192.5842 -2921.8413 -3153.067 -3138.0615 -3123.2573 -3108.554 -3093.9514 -3079.8523 -3065.5518 -3051.3518 -3037.3535 -3023.2544 -3009.4573 -2995.761 -2779.541 -2274.893 -1754.3335 -1356.6376 -1053.305 -619.9585 -117.526245 187.4176 423.17505 736.47766 1332.4677 2693.637 3299.8992 3299.8992 3299.8992 3299.8992 3299.8992 3299.8992 3299.8992 3299.8992 3299.8992 3299.8992 3299.8992 3299.8992 2977.9358 295.6787 -1705.9937 -3166.4612 -3151.355 -3136.3494 -3121.5454 -3106.9426 -3092.5415 -3078.241 -3063.8396 -3049.7405 -3035.7422 -3021.945 -3008.0474 -2916.101 -2442.1692 -2149.8137 -1750.9094 -1420.285 -1152.6031 -779.27856 -279.76685 -142.099 118.029785 248.14453 896.8048 2447.708 3299.8992 3299.8992 3299.8992 3299.8992 3299.8992 3299.8992 3299.8992 3299.8992 3299.8992 3299.8992 3299.8992 3299.8992 3081.665 506.56128 -1512.9364 -3157.0952 -3145.111 -3130.1055 -3115.402 -3100.9001 -3086.3982 -3071.997 -3057.797 -3043.5974 -3029.4983 -3015.802 -3001.9043 -2969.8792 -2562.1123 -2200.3691 -1833.2886 -1457.2449 -999.6277 -445.73364 164.15405 454.0924 753.2959 954.9133 1541.0339 2942.4866 3299.8992 3299.8992 3299.8992 3299.8992 3299.8992 3299.8992 3299.8992 3299.8992 3299.8992 3299.8992 3299.8992 3299.8992 2877.9326 142.50183 -1836.3098 -3166.0583 -3151.0527 -3136.148 -3121.344 -3106.7412 -3092.2393 -3077.9387 -3063.739 -3049.4385 -3035.44 -3021.3408 -3007.7454 -2988.1072 -2698.471 -2348.7122 -1872.7661 -1580.5115 -1203.6621 -788.8458 -323.67554 -110.17456 94.86694 324.2798 1040.918 2765.341 3299.8992 3299.8992 3299.8992 3299.8992 3299.8992 3299.8992 3299.8992 3299.8992 3299.8992 3299.8992 3299.8992 3299.8992 2522.232 -301.11694 -2107.013 -3149.4414 -3134.436 -3119.5312 -3104.828 -3090.326 -3075.9246 -3061.7249 -3047.6257 -3033.3252 

-38.168335 -38.168335 -38.168335 -38.168335 -38.168335 -38.168335 -38.168335 -38.168335 -38.168335 -38.168335 -38.168335 -38.168335 -38.168335 -38.168335 -38.168335 -38.168335 -38.168335 -38.168335 -38.168335 -38.168335 -38.168335 -38.168335 -38.168335 -38.168335 -38.168335 -38.168335 -38.168335 -38.168335 -38.168335 -38.168335 -38.168335 -38.168335 -38.168335 -38.168335 -38.168335 -38.168335 -38.168335 -38.168335 -38.168335 -38.168335 -38.168335 -38.168335 -38.168335 -38.168335 -38.168335 -38.168335 -38.168335 -38.168335 -38.168335 -38.168335 -38.168335 -38.168335 -38.168335 -38.168335 -38.168335 -38.168335 -38.168335 -38.168335 -38.168335 -38.168335 -38.168335 -38.168335 -38.168335 -38.168335 -38.168335 -38.168335 -38.168335 -38.168335 -38.168335 -38.168335 -38.168335 -38.168335 -38.168335 -38.168335 -38.168335 -38.168335 -38.168335 -38.168335 -38.168335 -38.168335 -38.168335 -38.168335 -38.168335 -38.168335 -38.168335 -38.168335 -38.168335 -38.168335 -38.168335 -38.168335 -38.168335 -38.168335 -38.168335 -38.168335 -38.168335 -38.168335 -38.168335 -38.168335 -38.168335 -38.168335 -38.168335 -38.168335 -38.168335 -38.168335 -38.168335 -38.168335 -38.168335 -38.168335 -38.168335 -38.168335 -38.168335 -38.168335 -38.168335 -38.168335 -38.168335 -38.168335 -38.168335 -38.168335 -38.168335 -38.168335 -38.168335 -38.168335 -38.168335 -38.168335 -38.168335 -38.168335 -38.168335 -38.168335 -38.168335 -38.168335 -38.168335 -38.168335 -38.168335 -38.168335 -38.168335 -38.168335 -38.168335 -38.168335 -38.168335 -38.168335 -38.168335 -38.168335 -38.168335 -38.168335 -38.168335 -38.168335 -38.168335 -38.168335 -38.168335 -38.168335 -38.168335 -38.168335 -38.168335 -38.168335 -38.168335 -38.168335 -38.168335 -38.168335 -38.168335 -38.168335 -38.168335 -38.168335 -38.168335 -38.168335 -38.168335 -38.168335 -38.168335 -38.168335 -38.168335 -38.168335 -38.168335 -38.168335 -38.168335 -38.168335 -38.168335 -38.168335 -38.168335 -38.168335 -38.168335 -38.168335 -38.168335 -38.168335 -38.168335 -38.168335 -38.168335 -38.168335 -38.168335 -38.168335 -38.168335 -38.168335 -38.168335 -38.168335 -38.168335 -38.168335 -38.168335 -38.168335 -38.168335 -38.168335 -38.168335 -38.168335 -38.168335 -38.168335 -38.168335 -38.168335 -38.168335 -38.168335 -38.168335 -38.168335 -38.168335 -38.168335 -38.168335 -38.168335 -38.168335 -38.168335 -38.168335 -38.168335 -38.168335 -38.168335 -38.168335 -38.168335 
-26.083374 -25.076294 -11.380005 6.9488525 6.0424805 9.869385 -14.703369 -20.947266 -47.232056 -57.403564 -35.44922 -0.50354004 27.29187 43.707275 37.564087 25.680542 2.9205322 -4.3304443 -18.429565 -25.076294 -32.42798 -33.83789 -38.772583 -32.83081 -20.74585 -9.164429 3.7261963 6.7474365 -6.9488525 -15.206909 -8.157349 -13.897705 -6.5460205 -0.30212402 -0.80566406 5.2368164 6.0424805 4.9346924 15.106201 22.457886 21.148682 20.141602 25.378418 41.189575 47.53418 52.670288 47.232056 39.074707 63.14392 56.09436 69.488525 114.30359 145.42236 174.62769 194.87 212.39319 213.09814 218.03284 234.54895 242.90771 259.021 229.91638 170.09583 147.94006 128.302 86.40747 18.127441 -60.021973 -123.97156 -167.47742 -165.9668 -142.70325 -142.90466 -158.91724 -162.84485 -141.89758 -157.00378 -153.3783 -143.50891 -129.00696 -128.40271 -133.2367 -96.07544 -53.475952 -32.83081 -32.730103 -30.81665 -46.224976 -61.73401 -80.26428 -95.47119 -104.837036 -127.093506 -121.051025 -94.3634 -88.92517 -84.695435 -81.170654 -87.31384 -91.64429 -78.45154 -61.935425 -44.91577 -26.184082 -19.134521 -30.212402 -28.701782 -25.177002 -29.910278 -23.666382 -18.630981 -14.501953 -9.164429 -0.30212402 0.70495605 3.6254883 16.918945 32.125854 48.339844 43.90869 32.125854 16.918945 4.6325684 6.2438965 26.083374 32.730103 36.35559 48.44055 59.317017 61.12976 59.014893 58.813477 44.714355 38.067627 30.615234 29.80957 41.4917 52.972412 68.68286 71.30127 96.37756 122.25952 143.81104 147.03369 123.2666 67.17224 -19.73877 -26.989746 -27.593994 -18.328857 -23.062134 -23.867798 -37.664795 -60.62622 -80.163574 -35.85205 2.1148682 3.5247803 -7.6538086 36.154175 77.545166 90.33508 67.977905 49.749756 29.80957 13.696289 24.975586 36.4563 49.246216 58.511353 33.636475 32.125854 30.212402 23.464966 20.74585 13.897705 22.457886 29.205322 -9.667969 -39.88037 -78.35083 -103.72925 -120.84961 -115.10925 -94.262695 -80.4657 -88.42163 -91.94641 -94.262695 -71.20056 -67.27295 -72.10693 -79.559326 -72.81189 -54.281616 -37.36267 -26.486206 -35.44922 -36.254883 -32.83081 -35.95276 -26.687622 -18.026733 -6.7474365 -2.8198242 5.7403564 2.9205322 6.4453125 16.314697 20.846558 15.911865 15.408325 6.5460205 6.3446045 7.3516846 0 6.5460205 2.0141602 19.638062 14.703369 
-3154.8796 -3139.27 -3124.6672 -3109.4604 -3094.6562 -3080.2551 -3065.7532 -3051.4526 -2889.6147 -144.91882 2914.1875 3299.8992 3299.8992 3299.8992 3299.8992 3299.8992 3299.8992 3299.8992 3299.8992 3299.8992 3299.8992 3299.8992 3299.8992 3299.8992 3299.8992 3299.8992 3296.3745 3280.5632 3260.9253 3268.2769 3285.3972 3299.8992 -3281.4697 -3265.0542 -3248.8403 -3232.8276 -3216.9158 -3201.1047 -3185.5957 -3170.1873 -3154.779 -3140.0757 -3124.6672 -3110.0647 -3095.3613 -3080.4565 -3065.8538 -3051.4526 -2899.585 -287.62207 2762.622 3299.8992 3299.8992 3299.8992 3299.8992 3299.8992 3299.8992 3299.8992 3299.8992 3299.8992 3299.8992 3299.8992 3299.8992 3299.8992 3299.8992 3299.8992 3297.1802 3281.369 3175.9277 3271.9023 3288.8213 3299.8992 -3278.0457 -3261.6301 -3245.4163 -3229.5044 -3213.5925 -3197.882 -3182.373 -3166.864 -3151.5564 -3136.7522 -3121.7468 -3106.6406 -3091.9373 -3077.536 -3063.1348 -3048.6328 -2718.0083 144.01245 3277.3406 3299.8992 3299.8992 3299.8992 3299.8992 3299.8992 3299.8992 3299.8992 3299.8992 3299.8992 3299.8992 3299.8992 3299.8992 3299.8992 3299.8992 3299.8992 3295.468 3279.7576 2812.0696 3272.6074 3289.627 -3293.6553 -3277.1392 -3260.8245 -3244.6106 -3228.6987 -3212.8875 -3197.177 -3181.5674 -3166.159 -3150.9521 -3135.5437 -3120.337 -3106.0364 -3091.333 -3076.4282 -3061.8254 -3047.525 -2542.8772 371.20972 3299.8992 3299.8992 3299.8992 3299.8992 3299.8992 3299.8992 3299.8992 3299.8992 3299.8992 3299.8992 3299.8992 3299.8992 3299.8992 3299.8992 3299.8992 3299.8992 3294.461 3278.65 2237.8325 3274.4202 3291.2383 -3292.044 -3275.6287 -3259.314 -3243.0999 -3227.188 -3211.377 -3195.6665 -3180.0566 -3164.6484 -3149.4414 -3134.6375 -3119.229 -3104.828 -3090.0237 -3075.3203 -3060.7178 -3046.4172 -2513.1682 346.13342 3299.8992 3299.8992 3299.8992 3299.8992 3299.8992 3299.8992 3299.8992 3299.8992 3299.8992 3299.8992 3299.8992 3299.8992 3299.8992 3299.8992 3299.8992 3299.8992 3295.7703 3279.8584 1535.6964 3277.7434 3294.6624 -3288.7207 -3272.2046 -3255.89 -3239.8772 -3223.8647 -3208.0535 -3192.343 -3176.834 -3161.5264 -3146.2188 -3130.8105 -3116.3086 -3101.1016 -3086.3982 -3071.8962 -3057.6965 -3043.396 -2207.62 881.2958 3299.8992 3299.8992 3299.8992 3299.8992 3299.8992 3299.8992 3299.8992 3299.8992 3299.8992 3299.8992 
-3188.617 -3174.115 -3159.915 -3146.0173 -3132.1196 -3118.4233 -3104.3242 -3090.7288 -2128.2622 661.1481 3074.1118 3299.8992 3299.8992 3299.8992 3299.8992 3299.8992 3299.8992 3299.8992 3299.8992 3299.8992 3299.8992 3299.8992 3299.8992 3299.8992 3299.5972 3284.3901 3269.0825 3254.48 3180.8623 3243.805 3259.8174 3275.5278 3291.0369 3299.8992 -3278.3477 -3263.2415 -3248.3367 -3233.5327 -3218.8293 -3204.2266 -3189.8254 -3175.3235 -3161.1235 -3147.1252 -3133.2275 -3119.5312 -3105.5327 -3091.9373 -2095.23 632.7484 3110.266 3299.8992 3299.8992 3299.8992 3299.8992 3299.8992 3299.8992 3299.8992 3299.8992 3299.8992 3299.8992 3299.8992 3299.8992 3299.8992 3298.2878 3283.081 3267.874 3253.2715 2894.9524 3245.114 3261.1267 3276.8372 3292.3462 3299.8992 -3277.1392 -3261.9324 -3247.0276 -3232.3242 -3217.6208 -3203.018 -3188.516 -3174.115 -3160.1165 -3146.0173 -3132.019 -3118.5242 -3104.425 -3090.8293 -2058.1694 504.54712 2809.4512 3299.8992 3299.8992 3299.8992 3299.8992 3299.8992 3299.8992 3299.8992 3299.8992 3299.8992 3299.8992 3299.8992 3299.8992 3299.8992 3299.8992 3285.901 3270.0896 3255.3862 2331.3904 3250.1494 3266.0613 3281.6711 3297.1802 -3287.4114 -3272.3052 -3257.199 -3242.2942 -3227.5908 -3212.8875 -3198.3855 -3183.9844 -3169.8853 -3155.484 -3141.4856 -3127.588 -3113.4888 -3099.893 -3086.3982 -1849.3011 730.5359 3111.1724 3299.8992 3299.8992 3299.8992 3299.8992 3299.8992 3299.8992 3299.8992 3299.8992 3299.8992 3299.8992 3299.8992 3299.8992 3299.8992 3299.8992 3287.3108 3271.4995 3256.5947 1947.29 3253.07 3269.0825 3284.793 3299.8992 -3284.491 -3269.284 -3254.2786 -3239.4744 -3224.6704 -3210.0676 -3195.5657 -3181.1646 -3167.0654 -3152.664 -3138.6658 -3124.6672 -3110.669 -3097.174 -3083.6792 -1137.6984 1586.1511 3299.8992 3299.8992 3299.8992 3299.8992 3299.8992 3299.8992 3299.8992 3299.8992 3299.8992 3299.8992 3299.8992 3299.8992 3299.8992 3299.8992 3295.9717 3281.2683 3265.6584 3250.8545 1144.6472 3250.0488 3265.9607 3281.6711 3297.0793 -3287.6128 -3272.5066 -3257.4004 -3242.4956 -3227.7922 -3213.0889 -3198.587 -3184.1858 -3170.1873 -3155.7861 -3141.5862 -3127.7893 -3113.6902 -3100.0945 -3086.499 -1462.381 1154.5166 3299.8992 3299.8992 3299.8992 3299.8992 3299.8992 3299.8992 3299.8992 3299.8992 3299.8992 3299.8992 
3208.1543 3193.35 3178.6467 3164.0442 3149.945 3135.5437 3121.4446 2899.887 1194.0948 -533.551 -2006.5063 -3273.6145 3134.3352 3150.1465 3165.6555 3181.2651 3196.6736 3211.9812 3227.0874 3242.2942 3257.2998 3272.2046 3287.3108 3299.8992 -3282.9802 -3268.579 -3254.48 -3239.6758 -2838.7573 3299.8992 3299.8992 3299.8992 3299.8992 3299.8992 3296.173 3281.4697 3266.6655 3251.9622 3237.0574 3222.2534 3207.4492 3192.8467 3177.942 3163.5405 3148.7366 3134.5366 3120.5383 2897.3694 1136.4899 -750.6775 -2279.5256 3120.7397 3136.6516 3152.4626 3167.9717 3183.4807 3198.7883 3213.9954 3229.303 3244.4092 3259.4146 3274.4202 3289.4255 3299.8992 -3281.067 -3266.464 -3252.365 -3237.7625 -2415.8843 3299.8992 3299.8992 3299.8992 3299.8992 3299.8992 3295.5688 3280.8655 3266.162 3251.358 3236.4531 3221.7498 3206.9458 3192.1416 3177.3376 3162.7349 3148.5352 3134.2346 3119.4304 2685.2783 846.2494 -856.01807 -2375.299 3123.5596 3139.4714 3155.182 3170.7915 3186.3005 3201.6082 3216.9158 3232.022 3247.1282 3262.2344 3277.0386 3291.742 3299.8992 -3278.7505 -3264.148 -3250.1494 -3235.446 -2016.7786 3299.8992 3299.8992 3299.8992 3299.8992 3299.8992 3295.6694 3280.8655 3266.162 3251.358 3236.4531 3221.6492 3206.845 3192.1416 3177.3376 3162.7349 3148.1323 3133.9324 3119.6318 2631.0974 825.3021 -772.229 -2245.5872 3150.8513 3138.0615 3153.8726 3169.4824 3184.9915 3200.299 3215.6067 3230.8135 3245.9197 3260.9253 3275.7292 3290.8354 3299.8992 -3279.7576 -3265.3564 -3250.5522 -3236.2517 -1640.6342 3299.8992 3299.8992 3299.8992 3299.8992 3299.8992 3292.749 3278.0457 3263.2415 3248.4375 3233.6333 3218.7285 3203.9246 3189.4226 3174.9207 3160.3179 3145.9167 3131.8176 3113.9922 2402.893 470.2057 -1118.2617 -2601.0864 3126.5808 3142.3918 3158.0017 3173.7122 3189.2212 3204.5288 3219.8364 3234.8418 3250.0488 3265.0542 3279.959 3294.5618 -3290.7349 -3275.9307 -3261.3281 -3247.3296 -3232.727 -1061.7645 3299.8992 3299.8992 3299.8992 3299.8992 3299.8992 3294.2595 3279.4556 3264.6514 3249.8474 3234.9426 3220.1384 3205.435 3190.7317 3175.827 3161.325 3146.6216 3132.4219 3116.1072 2415.6829 527.81067 -1110.91 -2561.7095 3126.6814 3142.4927 3158.3037 3173.8127 3189.2212 3204.6294 3219.937 3235.0432 3250.1494 
-3046.82 -3032.721 -3019.0247 -3004.724 -2990.7256 -2977.0293 -2963.2324 -2949.6367 -2652.7495 -1127.7283 226.79443 1716.7694 2980.4534 3299.8992 3299.8992 3299.8992 3299.8992 3299.8992 3299.8992 3299.8992 3299.8992 3299.8992 3299.8992 3299.8992 3299.8992 3299.8992 3299.8992 3299.8992 3299.8992 -1240.3198 -3200.702 -3184.8906 -3169.4824 -3154.1748 -3139.0686 -3124.1638 -3109.3596 -3094.757 -3080.1543 -3065.5518 -3051.3518 -3036.9507 -3022.8516 -3008.9539 -2995.1567 -2981.3599 -2967.6636 -2954.2693 -2855.374 -1326.5259 42.700195 1511.8286 2912.0728 3299.8992 3299.8992 3299.8992 3299.8992 3299.8992 3299.8992 3299.8992 3299.8992 3299.8992 3299.8992 3299.8992 3299.8992 3299.8992 3299.8992 3299.8992 3299.8992 -2136.0168 -3197.5798 -3181.8694 -3166.4612 -3151.2542 -3136.2488 -3121.2432 -3106.3384 -3091.7358 -3077.234 -3062.8325 -3048.532 -3034.2314 -3020.0317 -3006.134 -2992.337 -2978.54 -2964.8438 -2951.4495 -2898.6785 -1496.4203 -165.56396 1308.4991 2751.1414 3299.8992 3299.8992 3299.8992 3299.8992 3299.8992 3299.8992 3299.8992 3299.8992 3299.8992 3299.8992 3299.8992 3299.8992 3299.8992 3299.8992 3299.8992 3299.8992 -2731.2012 -3188.919 -3173.3093 -3157.901 -3142.7947 -3127.6885 -3112.7837 -3098.0803 -3083.4778 -3068.9758 -3054.5745 -3040.3748 -3026.1748 -3012.4785 -2998.2788 -2984.381 -2970.584 -2957.089 -2943.4937 -2729.2876 -1142.633 202.5238 1760.8795 3253.07 3299.8992 3299.8992 3299.8992 3299.8992 3299.8992 3299.8992 3299.8992 3299.8992 3299.8992 3299.8992 3299.8992 3299.8992 3299.8992 3299.8992 3299.8992 3216.8152 -2975.9216 -3188.1133 -3172.6042 -3157.196 -3141.989 -3126.9836 -3112.0789 -3097.3755 -3082.7727 -3068.1702 -3053.8696 -3039.569 -3025.3691 -3011.6729 -2997.4731 -2983.5754 -2969.9797 -2956.2834 -2942.7886 -2368.9543 -715.7318 513.3087 1914.2578 3221.5483 3299.8992 3299.8992 3299.8992 3299.8992 3299.8992 3299.8992 3299.8992 3299.8992 3299.8992 3299.8992 3299.8992 3299.8992 3299.8992 3299.8992 3299.8992 2939.8682 -3205.838 -3189.926 -3174.417 -3159.0088 -3143.9026 -3128.7964 -3114.093 -3099.1882 -3084.6863 -3070.0835 -3055.6824 -3041.4824 -3027.3833 -3012.9822 -2999.185 -2985.4888 -2971.7925 -2958.197 -2944.7021 -2530.5908 -1009.7992 243.00842 1691.391 3022.5493 3299.8992 3299.8992 3299.8992 3299.8992 3299.8992 3299.8992 3299.8992 
3153.067 3137.86 3122.754 3107.6477 3092.743 3078.1401 3059.5093 2012.146 1005.1666 -150.75989 -1228.3356 -2122.7234 -2861.1145 3088.211 3101.4038 3118.0205 3134.5366 3150.9521 3167.2668 3183.4807 3199.594 3215.5059 3231.72 3247.3296 3262.9395 3278.7505 3294.159 -3290.332 -2646.3042 2719.3176 3299.8992 3290.2312 3275.0244 3259.7168 3244.7112 3229.605 3214.3982 3199.0906 3183.783 3168.3745 3152.9663 3137.6587 3122.653 3107.6477 3092.642 3077.9387 3057.1929 1966.2231 805.0598 -435.96497 -1493.4998 -2244.7815 -2895.3552 3089.4194 3105.9355 3122.5525 3139.1692 3155.5847 3171.7986 3188.0127 3204.0251 3219.937 3236.1511 3251.8616 3267.4712 3283.1816 3298.6907 -3285.901 -2326.2542 3101.6052 3299.8992 3292.1448 3277.0386 3261.8315 3246.7253 3231.4177 3216.3115 3200.9033 3185.5957 3170.0867 3154.6782 3139.4714 3124.3652 3109.4604 3094.5557 3079.651 3058.0994 1822.2107 673.53516 -491.95862 -1564.9017 -2391.3115 -3111.4746 3094.9585 3111.7766 3128.3936 3144.9097 3161.2244 3177.4382 3193.6523 3209.6648 3225.5767 3240.985 3257.2998 3273.1108 3288.7207 3299.8992 -3280.3618 -2046.3867 3299.8992 3299.8992 3295.7703 3280.664 3265.457 3250.2502 3235.0432 3219.8364 3204.428 3188.919 3173.5107 3158.1023 3142.8955 3127.185 3112.4817 3097.6775 3082.974 3039.6697 1801.2634 686.5265 -481.6864 -1581.6193 -2404.8064 -3239.0715 3099.0874 3116.0063 3132.6233 3149.0386 3165.5547 3181.5674 3197.5798 3213.8945 3229.8064 3245.2148 3261.3281 3277.1392 3292.6482 -3291.8425 -3276.535 -1524.4171 3299.8992 3299.8992 3296.0723 3280.966 3265.7593 3250.4517 3235.144 3219.937 3204.6294 3189.2212 3173.7122 3158.4045 3143.1975 3127.3865 3112.683 3097.9797 3083.1755 3063.739 1912.7472 786.42883 -408.5724 -1452.3102 -2326.4556 -3017.9167 3095.8647 3112.4817 3129.2998 3145.7153 3161.9292 3178.3447 3194.3572 3210.5713 3226.4832 3241.9922 3258.1055 3273.715 3289.4255 3299.8992 -3279.5562 -1211.0138 3299.8992 3299.8992 3291.2383 3276.132 3260.9253 3245.7183 3230.612 3215.3044 3199.9968 3184.5886 3169.1802 3153.5706 3138.565 3122.754 3108.252 3093.4478 3078.7444 3035.6414 1732.6813 609.38416 -466.98303 -1443.045 -2276.001 -2993.5454 3093.2463 3109.9639 3126.7822 3143.1975 3159.613 3175.9277 3192.1416 
-3019.4275 -3005.5298 -2992.1355 -2975.418 -2698.3704 -2287.1794 -1762.8937 -1295.2057 -714.72473 -320.755 83.99048 252.8778 453.79028 637.8845 1455.13 3046.5178 3299.8992 3299.8992 3299.8992 3299.8992 3299.8992 3299.8992 3299.8992 3299.8992 3299.8992 3299.8992 3299.8992 3299.8992 2449.3193 -261.7401 -1998.349 -3150.348 -3135.3423 -3120.5383 -3105.835 -3091.2322 -3076.9316 -3062.631 -3048.3306 -3034.5337 -3020.4346 -3006.436 -2992.8406 -2917.9138 -2568.1548 -2228.7688 -2090.6982 -1750.4059 -1223.5016 -613.6139 11.682129 219.24133 409.17664 601.4282 1483.2275 3000.4944 3299.8992 3299.8992 3299.8992 3299.8992 3299.8992 3299.8992 3299.8992 3299.8992 3299.8992 3299.8992 3299.8992 3299.8992 1946.7865 -745.33997 -2344.3816 -3138.0615 -3123.1567 -3108.4534 -3093.75 -3079.248 -3064.8467 -3050.7476 -3036.5479 -3022.6501 -3008.6516 -2994.8547 -2981.1584 -2755.673 -2430.5876 -2071.2615 -1453.9215 -1005.1666 -671.01746 -242.00134 280.16968 451.97754 716.43677 909.3933 1744.7662 3271.9023 3299.8992 3299.8992 3299.8992 3299.8992 3299.8992 3299.8992 3299.8992 3299.8992 3299.8992 3299.8992 3299.8992 3299.8992 2356.668 -358.82263 -2071.7651 -3151.1536 -3136.148 -3121.2432 -3106.5398 -3091.9373 -3077.4353 -3063.2354 -3049.1362 -3034.9365 -3020.938 -3007.2417 -2993.5454 -2977.2307 -2676.1138 -2241.8608 -2036.618 -1600.7538 -1172.3419 -678.1677 -83.48694 204.13513 487.62817 840.1062 1804.8889 3286.5051 3299.8992 3299.8992 3299.8992 3299.8992 3299.8992 3299.8992 3299.8992 3299.8992 3299.8992 3299.8992 3299.8992 3299.8992 1887.5702 -740.9088 -2368.35 -3142.0898 -3126.9836 -3112.1794 -3097.577 -3083.1755 -3068.7744 -3054.4739 -3040.274 -3026.3762 -3012.277 -2998.6816 -2984.8845 -2776.016 -2434.4146 -2103.488 -1668.5303 -1270.8344 -838.29346 -471.41418 -22.155762 214.60876 473.73047 814.0228 1880.4199 3220.1384 3299.8992 3299.8992 3299.8992 3299.8992 3299.8992 3299.8992 3299.8992 3299.8992 3299.8992 3299.8992 3299.8992 3299.8992 1640.0299 -820.9717 -2501.7883 -3139.27 -3124.2644 -3109.4604 -3094.8577 -3080.3557 -3065.9546 -3051.7546 -3037.6555 -3023.6572 -3009.7595 -2995.9624 -2982.367 -2678.7322 -2336.2244 -2044.4733 -1749.0967 -1326.828 -784.9182 -476.7517 16.616821 264.35852 389.33716 779.7821 1903.8849 3299.8992 3299.8992 3299.8992 3299.8992 3299.8992 

-38.168335 -38.168335 -38.168335 -38.168335 -38.168335 -38.168335 -38.168335 -38.168335 -38.168335 -38.168335 -38.168335 -38.168335 -38.168335 -38.168335 -38.168335 -38.168335 -38.168335 -38.168335 -38.168335 -38.168335 -38.168335 -38.168335 -38.168335 -38.168335 -38.168335 -38.168335 -38.168335 -38.168335 -38.168335 -38.168335 -38.168335 -38.168335 -38.168335 -38.168335 -38.168335 -38.168335 -38.168335 -38.168335 -38.168335 -38.168335 -38.168335 -38.168335 -38.168335 -38.168335 -38.168335 -38.168335 -38.168335 -38.168335 -38.168335 -38.168335 -38.168335 -38.168335 -38.168335 -38.168335 -38.168335 -38.168335 -38.168335 -38.168335 -38.168335 -38.168335 -38.168335 -38.168335 -38.168335 -38.168335 -38.168335 -38.168335 -38.168335 -38.168335 -38.168335 -38.168335 -38.168335 -38.168335 -38.168335 -38.168335 -38.168335 -38.168335 -38.168335 -38.168335 -38.168335 -38.168335 -38.168335 -38.168335 -38.168335 -38.168335 -38.168335 -38.168335 -38.168335 -38.168335 -38.168335 -38.168335 -38.168335 -38.168335 -38.168335 -38.168335 -38.168335 -38.168335 -38.168335 -38.168335 -38.168335 -38.168335 -38.168335 -38.168335 -38.168335 -38.168335 -38.168335 -38.168335 -38.168335 -38.168335 -38.168335 -38.168335 -38.168335 -38.168335 -38.168335 -38.168335 -38.168335 -38.168335 -38.168335 -38.168335 -38.168335 -38.168335 -38.168335 -38.168335 -38.168335 -38.168335 -38.168335 -38.168335 -38.168335 -38.168335 -38.168335 -38.168335 -38.168335 -38.168335 -38.168335 -38.168335 -38.168335 -38.168335 -38.168335 -38.168335 -38.168335 -38.168335 -38.168335 -38.168335 -38.168335 -38.168335 -38.168335 -38.168335 -38.168335 -38.168335 -38.168335 -38.168335 -38.168335 -38.168335 -38.168335 -38.168335 -38.168335 -38.168335 -38.168335 -38.168335 -38.168335 -38.168335 -38.168335 -38.168335 -38.168335 -38.168335 -38.168335 -38.168335 -38.168335 -38.168335 -38.168335 -38.168335 -38.168335 -38.168335 -38.168335 -38.168335 -38.168335 -38.168335 -38.168335 -38.168335 -38.168335 -38.168335 -38.168335 -38.168335 -38.168335 -38.168335 -38.168335 -38.168335 -38.168335 -38.168335 -38.168335 -38.168335 -38.168335 -38.168335 -38.168335 -38.168335 -38.168335 -38.168335 -38.168335 -38.168335 -38.168335 -38.168335 
4.7332764 5.8410645 -5.6396484 -6.3446045 -4.8339844 -2.5177002 1.1077881 -3.8269043 -5.2368164 1.6113281 4.4311523 15.005493 24.069214 30.715942 33.636475 51.260376 56.19507 65.15808 84.2926 87.716675 109.67102 121.051025 123.2666 112.490845 108.36182 107.15332 108.966064 126.48926 121.051025 110.07385 121.35315 136.45935 130.01404 111.58447 106.24695 86.40747 70.59631 39.88037 30.615234 20.846558 26.083374 7.4523926 -20.040894 19.335938 -1.0070801 -44.210815 -82.27844 -85.29968 -72.9126 -56.295776 -65.460205 -79.76074 -93.35632 -116.519165 -135.35156 -145.52307 -179.96521 -165.86609 -103.930664 -61.23047 -85.80322 -118.533325 -130.41687 -129.5105 -142.099 -142.30042 -150.05493 -129.30908 -104.434204 -92.95349 -86.60889 -66.06445 -42.49878 -42.49878 -23.867798 -32.226562 -22.558594 -21.350098 -7.8552246 -3.5247803 14.401245 13.696289 -8.358765 -19.537354 2.4169922 8.157349 -2.5177002 -5.5389404 -6.7474365 3.0212402 0.40283203 4.8339844 9.265137 5.6396484 7.6538086 20.24231 19.335938 19.73877 15.206909 21.047974 22.860718 39.175415 27.593994 32.32727 31.924438 28.701782 28.701782 28.601074 28.80249 30.917358 33.535767 34.44214 23.364258 25.78125 32.32727 7.1502686 11.682129 13.796997 9.265137 3.2226562 8.258057 4.2297363 3.3233643 5.8410645 4.6325684 12.185669 7.8552246 -4.5318604 -19.940186 -20.645142 -17.623901 -7.8552246 0.80566406 2.5177002 2.4169922 18.127441 18.328857 18.933105 18.127441 17.422485 21.24939 22.558594 16.314697 19.839478 6.1431885 8.963013 12.487793 12.084961 4.5318604 15.206909 3.8269043 -0.20141602 -10.272217 -6.6467285 -0.70495605 0.10070801 -0.70495605 -3.4240723 5.3375244 15.005493 24.572754 32.32727 4.7332764 22.659302 -2.4169922 -3.8269043 11.480713 6.8481445 19.134521 47.131348 66.16516 76.538086 79.559326 81.87561 81.06995 91.64429 111.78589 117.72766 102.01721 96.57898 96.17615 92.65137 84.39331 47.332764 27.392578 7.1502686 -4.3304443 -22.155762 -64.35242 -94.3634 -79.45862 -76.538086 -104.63562 -109.06677 -99.60022 -86.8103 -80.667114 -93.255615 -61.73401 -28.29895 
3299.8992 3299.8992 3299.8992 3299.8992 3299.8992 3299.8992 3294.461 3278.549 676.2543 3279.1533 3296.0723 -3287.4114 -3270.8953 -3254.6814 -3238.568 -3222.5554 -3206.845 -3191.1345 -3175.6255 -3160.2173 -3145.0103 -3130.307 -3114.8987 -3100.5981 -3085.794 -3071.1914 -3056.5886 -3042.288 -2057.5652 938.0951 3299.8992 3299.8992 3299.8992 3299.8992 3299.8992 3299.8992 3299.8992 3299.8992 3299.8992 3299.8992 3299.8992 3299.8992 3299.8992 3299.8992 3299.8992 3299.8992 3293.8567 3277.8442 -437.87842 3281.1675 3298.0864 -3285.3972 -3268.881 -3252.6672 -3236.554 -3220.642 -3204.8308 -3189.2212 -3173.6113 -3158.4045 -3143.1975 -3127.89 -3113.2874 -3098.0803 -3083.377 -3068.9758 -3054.8767 -3040.4753 -1707.3029 1334.5825 3299.8992 3299.8992 3299.8992 3299.8992 3299.8992 3299.8992 3299.8992 3299.8992 3299.8992 3299.8992 3299.8992 3299.8992 3299.8992 3299.8992 3299.8992 3299.8992 3292.3462 3276.233 -1338.4094 3281.7717 3298.59 -3284.793 -3268.3777 -3252.1636 -3236.0503 -3220.1384 -3204.428 -3188.8184 -3173.3093 -3157.901 -3142.7947 -3127.3865 -3112.8845 -3097.6775 -3082.974 -3068.573 -3054.1716 -3039.972 -1498.6359 1611.8317 3299.8992 3299.8992 3299.8992 3299.8992 3299.8992 3299.8992 3299.8992 3299.8992 3299.8992 3299.8992 3299.8992 3299.8992 3299.8992 3299.8992 3299.8992 3299.8992 3290.332 3274.3193 -2800.3875 3283.2825 3299.8992 -3283.383 -3266.867 -3250.7537 -3234.6404 -3218.7285 -3203.018 -3187.4084 -3171.8994 -3156.491 -3141.2842 -3126.6814 -3111.8774 -3096.6704 -3081.967 -3067.6665 -3053.366 -3039.0654 -1188.3545 1880.722 3299.8992 3299.8992 3299.8992 3299.8992 3299.8992 3299.8992 3299.8992 3299.8992 3299.8992 3299.8992 3299.8992 3299.8992 3299.8992 3299.8992 3299.8992 3299.8992 3288.4185 3272.1038 3266.162 3283.2825 3299.8992 -3283.383 -3266.9678 -3250.7537 -3234.7412 -3218.8293 -3203.018 -3187.509 -3171.8994 -3156.5918 -3141.3848 -3126.0771 -3111.676 -3096.3684 -3081.665 -3067.3645 -3053.064 -3038.864 -1156.0272 1914.7614 3299.8992 3299.8992 3299.8992 3299.8992 3299.8992 3299.8992 3299.8992 3299.8992 3299.8992 3299.8992 
3299.8992 3299.8992 3299.8992 3299.8992 3297.583 3282.7788 3266.9678 3252.2644 303.93677 3253.8757 3269.7876 3285.3972 3299.8992 -3283.8867 -3268.6797 -3253.6743 -3238.87 -3224.0662 -3209.4634 -3194.9614 -3180.5603 -3166.5618 -3152.1606 -3138.263 -3124.1638 -3110.266 -3096.7712 -3083.075 -1201.9501 1412.1277 3299.8992 3299.8992 3299.8992 3299.8992 3299.8992 3299.8992 3299.8992 3299.8992 3299.8992 3299.8992 3299.8992 3299.8992 3299.8992 3299.8992 3297.6836 3283.081 3267.1692 3252.365 -579.9774 3256.4941 3272.2046 3287.915 3299.8992 -3281.369 -3266.2627 -3251.2573 -3236.4531 -3221.6492 -3207.1472 -3192.5444 -3178.244 -3164.2456 -3149.8442 -3135.846 -3121.9482 -3107.9497 -3094.4548 -3080.7585 -1216.7542 1291.1774 3299.8992 3299.8992 3299.8992 3299.8992 3299.8992 3299.8992 3299.8992 3299.8992 3299.8992 3299.8992 3299.8992 3299.8992 3299.8992 3299.8992 3299.8992 3285.498 3270.0896 3255.0842 -1413.739 3261.4287 3277.1392 3292.749 3299.8992 -3276.6357 -3261.5295 -3246.524 -3231.8206 -3216.9158 -3202.5146 -3188.1133 -3173.6113 -3159.3108 -3145.3125 -3131.314 -3117.517 -3103.9214 -3090.1245 -3076.6296 -1023.6969 1603.6743 3299.8992 3299.8992 3299.8992 3299.8992 3299.8992 3299.8992 3299.8992 3299.8992 3299.8992 3299.8992 3299.8992 3299.8992 3299.8992 3299.8992 3299.8992 3287.21 3271.8018 3256.7961 -2415.6829 3265.7593 3281.4697 3297.0793 -3287.6128 -3272.406 -3257.2998 -3242.4956 -3227.6917 -3212.8875 -3198.3855 -3183.8835 -3169.6838 -3155.2825 -3141.3848 -3127.3865 -3113.5894 -3100.0945 -3086.1968 -2779.9438 -232.03125 2244.0764 3299.8992 3299.8992 3299.8992 3299.8992 3299.8992 3299.8992 3299.8992 3299.8992 3299.8992 3299.8992 3299.8992 3299.8992 3299.8992 3299.8992 3298.0864 3283.081 3267.572 3252.4658 3252.1636 3263.8457 3279.657 3295.0652 -3289.5264 -3274.3193 -3259.2131 -3244.2078 -3229.5044 -3214.9016 -3200.1982 -3185.797 -3171.4966 -3156.9946 -3143.097 -3129.1992 -3115.402 -3101.9072 -3088.0095 -2715.4907 -51.965332 2481.6467 3299.8992 3299.8992 3299.8992 3299.8992 3299.8992 3299.8992 3299.8992 3299.8992 3299.8992 3299.8992 
3265.0542 3280.0598 3295.0652 -3290.2312 -3275.6287 -3261.1267 -3246.524 -3232.1228 -611.70044 3299.8992 3299.8992 3299.8992 3299.8992 3299.8992 3292.4468 3277.6428 3262.9395 3248.0347 3233.2305 3218.4265 3203.5217 3188.919 3174.417 3159.8145 3145.514 3131.1125 3113.6902 2197.4487 312.39624 -1173.6511 -2523.4404 3127.2856 3143.097 3158.908 3174.3164 3189.926 3205.133 3220.5413 3235.7483 3250.7537 3265.6584 3280.5632 3295.5688 -3289.627 -3275.0244 -3260.4216 -3246.4233 -3231.8206 -85.198975 3299.8992 3299.8992 3299.8992 3299.8992 3299.8992 3291.2383 3276.535 3261.6301 3246.8262 3231.9214 3217.218 3202.4138 3187.7104 3172.9065 3158.3037 3143.8018 3129.5012 3111.0718 2025.6409 136.86218 -1264.0869 -2619.0125 3128.3936 3144.3054 3160.0159 3175.525 3191.2354 3206.543 3221.8506 3236.856 3251.8616 3266.867 3281.7717 3296.7773 -3288.5193 -3273.9165 -3259.5154 -3244.7112 -3230.5115 445.93506 3299.8992 3299.8992 3299.8992 3299.8992 3299.8992 3290.2312 3275.2258 3260.4216 3245.5168 3230.713 3215.9087 3201.2053 3186.502 3171.5972 3157.498 3143.1975 3128.595 3110.3667 1986.1633 50.857544 -1503.5706 -2919.6257 3130.8105 3146.6216 3162.332 3177.841 3193.35 3208.6577 3223.764 3239.0715 3254.0771 3268.982 3283.8867 3298.892 -3286.6057 -3271.701 -3257.0984 -3243.0999 -3228.4973 1152.301 3299.8992 3299.8992 3299.8992 3299.8992 3299.8992 3289.627 3274.9236 3260.1196 3245.3154 3230.5115 3215.6067 3200.9033 3186.3005 3171.2952 3156.8938 3142.694 3128.4941 3108.0505 1786.7615 -138.97705 -1695.7214 -3162.1306 3134.3352 3150.0457 3165.756 3181.2651 3196.6736 3211.9812 3227.0874 3242.2942 3257.2998 3272.3052 3287.21 3299.8992 -3283.6853 -3268.7805 -3254.3792 -3240.28 -3225.778 1727.243 3299.8992 3299.8992 3299.8992 3299.8992 3299.8992 3290.332 3275.6287 3260.7239 3245.9197 3231.1157 3216.11 3201.4067 3186.8042 3171.8994 3157.3975 3142.996 3128.6956 3109.3596 1828.656 -119.84253 -1532.0709 -2871.4873 3132.2205 3148.0315 3163.6414 3179.251 3194.5586 3210.0676 3225.0732 3240.1794 3255.2856 
3299.8992 3299.8992 3299.8992 3299.8992 3299.8992 3299.8992 3299.8992 3299.8992 2728.18 -3201.4067 -3185.5957 -3169.9858 -3154.779 -3139.4714 -3124.4658 -3109.561 -3094.8577 -3080.2551 -3065.7532 -3051.3518 -3037.2527 -3023.1536 -3008.9539 -2995.1567 -2981.4604 -2967.5627 -2954.1687 -2940.573 -2393.225 -775.55237 517.43774 1887.6709 3081.3628 3299.8992 3299.8992 3299.8992 3299.8992 3299.8992 3299.8992 3299.8992 3299.8992 3299.8992 3299.8992 3299.8992 3299.8992 3299.8992 3299.8992 3299.8992 2175.8972 -3197.6807 -3181.9702 -3166.4612 -3151.0527 -3135.9465 -3120.9412 -3106.2378 -3091.5344 -3076.831 -3062.329 -3048.0286 -3033.8286 -3019.7295 -3006.0332 -2991.934 -2978.0364 -2964.441 -2950.8452 -2937.3503 -2253.4424 -617.5415 685.318 2186.0686 3299.8992 3299.8992 3299.8992 3299.8992 3299.8992 3299.8992 3299.8992 3299.8992 3299.8992 3299.8992 3299.8992 3299.8992 3299.8992 3299.8992 3299.8992 3299.8992 1547.6807 -3195.5657 -3179.8552 -3164.447 -3149.1394 -3134.0332 -3119.1284 -3104.2236 -3089.5203 -3074.9175 -3060.617 -3046.2158 -3032.0159 -3017.8162 -3004.2205 -2990.1213 -2976.3245 -2962.6282 -2948.932 -2935.5376 -2172.4731 -646.94824 503.2379 1908.1146 3079.8523 3299.8992 3299.8992 3299.8992 3299.8992 3299.8992 3299.8992 3299.8992 3299.8992 3299.8992 3299.8992 3299.8992 3299.8992 3299.8992 3299.8992 3299.8992 1171.1334 -3189.7246 -3174.0142 -3158.5051 -3143.1975 -3128.1921 -3113.2874 -3098.4832 -3083.8806 -3069.2778 -3054.8767 -3040.5762 -3026.3762 -3012.378 -2998.178 -2984.381 -2970.7854 -2957.19 -2943.5942 -2930.2002 -1889.9872 -185.80627 1164.2853 2599.3743 3299.8992 3299.8992 3299.8992 3299.8992 3299.8992 3299.8992 3299.8992 3299.8992 3299.8992 3299.8992 3299.8992 3299.8992 3299.8992 3299.8992 3299.8992 3299.8992 728.62244 -3193.35 -3177.4382 -3162.03 -3146.7224 -3131.6162 -3116.7114 -3101.9072 -3087.3047 -3072.6013 -3058.2 -3043.8994 -3029.6997 -3015.6006 -3001.602 -2987.8052 -2974.109 -2960.5132 -2947.0183 -2933.4229 -1905.7983 -177.85034 1142.7338 2505.1116 3299.8992 3299.8992 3299.8992 3299.8992 3299.8992 3299.8992 3299.8992 3299.8992 
3208.0535 3224.0662 3240.1794 3255.89 3271.4995 3287.0085 3299.8992 -3281.9731 -920.5719 3299.8992 3299.8992 3287.4114 3272.3052 3256.9976 3241.9922 3226.7852 3211.4775 3196.17 3180.8623 3165.454 3150.0457 3134.738 3119.229 3104.727 3089.923 3075.119 3049.4385 1721.2006 633.8562 -455.2002 -1582.9285 -2430.9905 -3193.9543 3092.1387 3108.8562 3125.473 3141.8884 3158.4045 3174.7192 3190.8325 3206.845 3222.9583 3238.971 3254.5806 3270.1904 3285.8 3299.8992 -3283.1816 -419.54956 3299.8992 3298.3887 3283.383 3268.3777 3253.07 3238.0645 3222.8577 3207.55 3192.2424 3176.9348 3161.4258 3146.1182 3131.012 3116.0063 3101.001 3086.1968 3071.292 2999.7893 1528.244 422.77222 -711.5021 -1712.1368 -2459.793 -3106.6406 3092.0378 3108.8562 3125.473 3141.8884 3158.3037 3174.6184 3190.7317 3206.7444 3222.7568 3238.87 3254.3792 3270.1904 3285.6995 3299.8992 -3283.2825 -53.07312 3299.8992 3296.576 3281.369 3266.3635 3251.1565 3236.0503 3220.8435 3205.6365 3190.2283 3174.9207 3159.613 3144.2046 3128.9978 3114.093 3098.886 3084.384 3067.3645 2875.717 1286.9476 128.302 -899.4232 -1860.379 -2739.157 3212.4846 3097.476 3114.093 3130.7097 3147.0244 3163.6414 3179.7546 3195.767 3211.8804 3227.7922 3244.0063 3259.4146 3275.125 3290.8354 3299.8992 -3278.4485 517.43774 3299.8992 3298.4893 3283.484 3268.2769 3253.07 3237.9639 3222.6562 3207.4492 3192.041 3176.7334 3161.325 3146.0173 3130.7097 3115.3015 3100.6987 3085.8948 3068.4722 2717.2026 1040.5151 -42.49878 -1039.3066 -1998.8525 -2802.8044 3169.1802 3103.3171 3120.0347 3136.5508 3153.1677 3169.4824 3185.4949 3201.6082 3217.8223 3233.6333 3249.0417 3265.155 3280.8655 3296.475 -3288.217 -3272.708 921.37756 3299.8992 3299.8992 3286.8071 3271.4995 3256.3933 3241.287 3225.9795 3210.6719 3195.2637 3179.7546 3164.3462 3149.1394 3133.8318 3118.222 3103.72 3089.0166 3072.299 2847.9216 1327.3315 326.39465 -610.69336 -1556.4423 -2324.945 -2982.9712 3094.4548 3111.3738 3127.9907 3144.406 3160.8215 3177.1362 3193.2495 
3299.8992 3299.8992 3299.8992 3299.8992 3299.8992 3299.8992 3299.8992 3299.8992 1358.4503 -1052.1973 -2637.3413 -3135.5437 -3120.4375 -3105.7341 -3091.2322 -3076.7302 -3062.5305 -3048.3306 -3034.1309 -3020.2332 -3006.436 -2992.4377 -2979.0435 -2709.851 -2288.6902 -1817.6788 -1345.6604 -891.568 -430.62744 -48.843384 228.8086 296.38367 451.474 927.42004 2055.1482 3299.8992 3299.8992 3299.8992 3299.8992 3299.8992 3299.8992 3299.8992 3299.8992 3299.8992 3299.8992 3299.8992 3299.8992 3299.8992 1025.6104 -1272.8485 -2726.2664 -3139.1692 -3124.1638 -3109.561 -3094.757 -3080.3557 -3066.0552 -3051.7546 -3037.7563 -3023.7578 -3009.86 -2996.1638 -2982.4675 -2897.9736 -2512.8662 -2149.008 -1732.8827 -1247.2687 -666.2842 -197.18628 185.20203 348.14758 433.9508 809.08813 2180.5298 3299.8992 3299.8992 3299.8992 3299.8992 3299.8992 3299.8992 3299.8992 3299.8992 3299.8992 3299.8992 3299.8992 3299.8992 3299.8992 952.3956 -1368.3197 -2844.4976 -3134.0332 -3119.1284 -3104.3242 -3089.8223 -3075.2197 -3060.9192 -3046.82 -3032.721 -3018.7224 -3004.8247 -2991.2292 -2977.0293 -2685.077 -2288.4888 -1853.833 -1460.1654 -1026.1139 -476.14746 -50.55542 328.50952 552.9877 652.18506 1128.1311 2410.2446 3299.8992 3299.8992 3299.8992 3299.8992 3299.8992 3299.8992 3299.8992 3299.8992 3299.8992 3299.8992 3299.8992 3299.8992 3217.6208 680.3833 -1592.4957 -2994.5525 -3137.6587 -3122.8545 -3108.0505 -3093.4478 -3079.0466 -3064.8467 -3050.5461 -3036.5479 -3022.2473 -3008.4502 -2994.8547 -2981.0576 -2770.3765 -2378.119 -1886.4624 -1589.4745 -1146.46 -590.7532 -160.32715 198.89832 426.69983 700.92773 1353.1128 2918.3167 3299.8992 3299.8992 3299.8992 3299.8992 3299.8992 3299.8992 3299.8992 3299.8992 3299.8992 3299.8992 3299.8992 3299.8992 3197.882 609.18274 -1533.9844 -2940.271 -3140.3777 -3125.473 -3110.7695 -3096.167 -3081.5642 -3067.465 -3053.366 -3039.0654 -3025.2686 -3011.3708 -2997.4731 -2983.676 -2613.4734 -2214.871 -1930.1697 -1463.6902 -822.3816 -478.76587 -196.1792 152.37122 335.45837 520.9625 1055.6213 2528.4758 3299.8992 3299.8992 3299.8992 3299.8992 3299.8992 

-38.168335 -38.168335 -38.168335 -38.168335 -38.168335 -38.168335 -38.168335 -38.168335 -38.168335 -38.168335 -38.168335 -38.168335 -38.168335 -38.168335 -38.168335 -38.168335 -38.168335 -38.168335 -38.168335 -38.168335 -38.168335 -38.168335 -38.168335 -38.168335 -38.168335 -38.168335 -38.168335 -38.168335 -38.168335 -38.168335 -38.168335 -38.168335 -38.168335 -38.168335 -38.168335 -38.168335 -38.168335 -38.168335 -38.168335 -38.168335 -38.168335 -38.168335 -38.168335 -38.168335 -38.168335 -38.168335 -38.168335 -38.168335 -38.168335 -38.168335 -38.168335 -38.168335 -38.168335 -38.168335 -38.168335 -38.168335 -38.168335 -38.168335 -38.168335 -38.168335 -38.168335 -38.168335 -38.168335 -38.168335 -38.168335 -38.168335 -38.168335 -38.168335 -38.168335 -38.168335 -38.168335 -38.168335 -38.168335 -38.168335 -38.168335 -38.168335 -38.168335 -38.168335 -38.168335 -38.168335 -38.168335 -38.168335 -38.168335 -38.168335 -38.168335 -38.168335 -38.168335 -38.168335 -38.168335 -38.168335 -38.168335 -38.168335 -38.168335 -38.168335 -38.168335 -38.168335 -38.168335 -38.168335 -38.168335 -38.168335 -38.168335 -38.168335 -38.168335 -38.168335 -38.168335 -38.168335 -38.168335 -38.168335 -38.168335 -38.168335 -38.168335 -38.168335 -38.168335 -38.168335 -38.168335 -38.168335 -38.168335 -38.168335 -38.168335 -38.168335 -38.168335 -38.168335 -38.168335 -38.168335 -38.168335 -38.168335 -38.168335 -38.168335 -38.168335 -38.168335 -38.168335 -38.168335 -38.168335 -38.168335 -38.168335 -38.168335 -38.168335 -38.168335 -38.168335 -38.168335 -38.168335 -38.168335 -38.168335 -38.168335 -38.168335 -38.168335 -38.168335 -38.168335 -38.168335 -38.168335 -38.168335 -38.168335 -38.168335 -38.168335 -38.168335 -38.168335 -38.168335 -38.168335 -38.168335 -38.168335 -38.168335 -38.168335 -38.168335 -38.168335 -38.168335 -38.168335 -38.168335 -38.168335 -38.168335 -38.168335 -38.168335 -38.168335 -38.168335 -38.168335 -38.168335 -38.168335 -38.168335 -38.168335 -38.168335 -38.168335 -38.168335 -38.168335 -38.168335 -38.168335 -38.168335 -38.168335 -38.168335 -38.168335 -38.168335 -38.168335 -38.168335 -38.168335 -38.168335 -38.168335 -38.168335 -38.168335 -38.168335 -38.168335 -38.168335 -38.168335 
-11.883545 -7.6538086 -5.5389404 1.1077881 26.989746 60.22339 84.89685 75.73242 58.61206 65.963745 75.4303 102.52075 133.53882 138.57422 115.008545 82.27844 52.670288 48.742676 41.39099 19.839478 24.371338 12.890625 -16.516113 -54.382324 -105.74341 -128.2013 -123.46802 -118.43262 -133.74023 -150.45776 -155.49316 -132.53174 -121.45386 -101.61438 -74.523926 -87.51526 -87.11243 -89.52942 -62.539673 -41.39099 -36.4563 -26.385498 -25.479126 -35.650635 -38.772583 -44.714355 -36.254883 -35.650635 -39.074707 -34.643555 -33.737183 -32.528687 -28.198242 -41.592407 -52.368164 -23.666382 -3.7261963 20.24231 41.189575 56.900024 61.331177 64.05029 62.942505 53.375244 39.074707 30.111694 31.219482 19.638062 -5.9417725 -25.479126 -20.544434 -5.0354004 10.574341 25.680542 43.203735 68.984985 50.55542 42.599487 59.71985 55.490112 44.51294 20.74585 0.9063721 1.2084961 30.615234 12.084961 12.286377 -9.768677 -2.8198242 0.30212402 -10.775757 -25.78125 -26.184082 -32.528687 -34.34143 -36.657715 -23.76709 -27.191162 -30.715942 -29.507446 -15.811157 12.084961 27.896118 25.881958 25.680542 55.993652 87.716675 95.5719 89.52942 92.14783 81.87561 64.75525 48.94409 38.974 9.265137 -32.32727 -59.61914 -78.35083 -92.14783 -93.759155 -61.23047 -42.700195 -10.876465 10.775757 28.601074 22.357178 -14.300537 2.0141602 0.70495605 34.44214 46.325684 67.37366 98.291016 96.37756 82.37915 42.700195 26.78833 4.4311523 -14.099121 -58.410645 -69.79065 -53.475952 -48.138428 -58.007812 -34.039307 2.3162842 19.73877 54.281616 65.66162 65.460205 42.39807 -5.2368164 -53.979492 -44.0094 -52.267456 -55.18799 -36.35559 -27.996826 -12.689209 -5.1361084 3.8269043 33.33435 56.5979 72.20764 47.836304 19.335938 4.2297363 -33.132935 -42.49878 -40.283203 -60.62622 -96.57898 -114.90784 -108.56323 -80.96924 -47.735596 -27.090454 -1.2084961 9.768677 0.20141602 -5.9417725 1.2084961 6.1431885 3.9276123 9.970093 -0.10070801 18.127441 40.081787 38.974 9.667969 -9.164429 -11.782837 -3.9276123 6.7474365 -8.862305 -9.164429 14.904785 39.175415 70.59631 64.05029 
3299.8992 3299.8992 3299.8992 3299.8992 3299.8992 3299.8992 3288.5193 3272.1038 3268.579 3285.6995 3299.8992 -3280.966 -3264.5508 -3248.4375 -3232.3242 -3216.513 -3200.702 -3185.092 -3169.583 -3154.3762 -3139.27 -3124.5667 -3109.259 -3094.8577 -3080.2551 -3065.451 -3051.0498 -3036.6484 -814.8285 2366.6382 3299.8992 3299.8992 3299.8992 3299.8992 3299.8992 3299.8992 3299.8992 3299.8992 3299.8992 3299.8992 3299.8992 3299.8992 3299.8992 3299.8992 3299.8992 3299.8992 3286.3037 3269.6868 3268.982 3285.901 3299.8992 -3280.7646 -3264.2485 -3248.1353 -3232.022 -3216.211 -3200.299 -3184.8906 -3169.3816 -3154.1748 -3139.0686 -3123.6602 -3109.259 -3094.052 -3079.4495 -3065.149 -3050.8484 -3034.8357 -750.5768 2327.5635 3299.8992 3299.8992 3299.8992 3299.8992 3299.8992 3299.8992 3299.8992 3299.8992 3299.8992 3299.8992 3299.8992 3299.8992 3299.8992 3299.8992 3299.8992 3299.8992 3286.5051 3269.7876 3272.1038 3289.0227 -3294.159 -3277.6428 -3261.3281 -3245.114 -3229.2021 -3213.1897 -3197.4792 -3181.9702 -3166.5618 -3151.355 -3136.2488 -3121.4446 -3106.137 -3091.8364 -3077.133 -3062.5305 -3048.1292 -2963.6353 -374.23096 2740.567 3299.8992 3299.8992 3299.8992 3299.8992 3299.8992 3299.8992 3299.8992 3299.8992 3299.8992 3299.8992 3299.8992 3299.8992 3299.8992 3299.8992 3299.8992 3299.8992 3285.1958 3265.9607 3273.1108 3290.1306 -3293.1519 -3276.6357 -3260.321 -3244.107 -3228.0945 -3212.2832 -3196.5728 -3181.0637 -3165.5547 -3150.348 -3135.1409 -3120.5383 -3105.7341 -3090.628 -3076.0254 -3061.7249 -3047.4243 -2911.569 -274.93286 2789.8132 3299.8992 3299.8992 3299.8992 3299.8992 3299.8992 3299.8992 3299.8992 3299.8992 3299.8992 3299.8992 3299.8992 3299.8992 3299.8992 3299.8992 3299.8992 3299.8992 3284.9944 3160.4187 3275.3264 3292.2454 -3291.0369 -3274.5208 -3258.206 -3242.0928 -3225.9795 -3210.269 -3194.458 -3178.949 -3163.6414 -3148.3337 -3133.2275 -3117.92 -3103.5186 -3088.4124 -3073.8098 -3059.4084 -3045.4102 -2559.494 290.3412 3286.908 3299.8992 3299.8992 3299.8992 3299.8992 3299.8992 3299.8992 3299.8992 3299.8992 3299.8992 3299.8992 
3299.8992 3299.8992 3299.8992 3299.8992 3294.461 3279.4556 3263.9465 3248.8403 3245.9197 3262.033 3277.8442 3293.3533 3299.8992 -3276.0315 -3260.9253 -3246.0205 -3231.2163 -3216.513 -3201.9104 -3187.509 -3173.2085 -3158.8074 -3144.8088 -3130.9111 -3117.1143 -3103.5186 -3089.6208 -2678.5308 116.31775 2684.3718 3299.8992 3299.8992 3299.8992 3299.8992 3299.8992 3299.8992 3299.8992 3299.8992 3299.8992 3299.8992 3299.8992 3299.8992 3299.8992 3299.8992 3291.339 3276.132 3260.7239 3245.4163 3246.0205 3262.1338 3277.7434 3293.3533 3299.8992 -3276.132 -3261.026 -3246.0205 -3231.2163 -3216.6138 -3202.011 -3187.509 -3173.2085 -3158.8074 -3145.0103 -3131.012 -3117.1143 -3103.6194 -3089.7217 -2309.9395 281.781 2771.8872 3299.8992 3299.8992 3299.8992 3299.8992 3299.8992 3299.8992 3299.8992 3299.8992 3299.8992 3299.8992 3299.8992 3299.8992 3299.8992 3299.8992 3288.8213 3274.2188 3258.307 3242.8984 3245.114 3261.1267 3276.8372 3292.5476 3299.8992 -3276.9377 -3261.9324 -3246.9268 -3232.2234 -3217.52 -3202.8167 -3188.516 -3174.115 -3160.2173 -3145.816 -3131.9182 -3117.92 -3104.5256 -3090.5273 -2459.6924 105.13916 2490.1062 3299.8992 3299.8992 3299.8992 3299.8992 3299.8992 3299.8992 3299.8992 3299.8992 3299.8992 3299.8992 3299.8992 3299.8992 3299.8992 3299.8992 3290.332 3275.6287 3259.7168 3136.6516 3250.1494 3266.162 3281.8726 3297.3816 -3287.3108 -3272.1038 -3257.0984 -3242.0928 -3227.2888 -3212.686 -3198.0835 -3183.783 -3169.4824 -3155.484 -3141.1833 -3127.2856 -3113.5894 -3099.591 -3086.0962 -2003.4851 622.07336 2934.5305 3299.8992 3299.8992 3299.8992 3299.8992 3299.8992 3299.8992 3299.8992 3299.8992 3299.8992 3299.8992 3299.8992 3299.8992 3299.8992 3299.8992 3289.0227 3274.118 3258.307 2833.8225 3250.7537 3266.6655 3282.376 3297.7844 -3286.8071 -3271.701 -3256.6956 -3241.7908 -3226.886 -3212.384 -3197.7812 -3183.3801 -3169.0796 -3155.081 -3140.8813 -3126.8828 -3113.086 -3099.0874 -3085.794 -1947.7936 790.155 3235.8489 3299.8992 3299.8992 3299.8992 3299.8992 3299.8992 3299.8992 3299.8992 3299.8992 3299.8992 3299.8992 
3270.3918 3285.1958 3299.8992 -3284.9944 -3270.5933 -3256.192 -3241.388 -3227.2888 2295.337 3299.8992 3299.8992 3299.8992 3299.8992 3299.8992 3286.5051 3271.4995 3256.7961 3241.8914 3227.0874 3212.2832 3197.5798 3182.8765 3168.4753 3153.8726 3139.572 3125.5737 3060.1135 1596.9269 -323.87695 -1735.8032 -3144.104 3133.5295 3149.3408 3165.0513 3180.4595 3195.868 3211.2761 3226.3823 3241.5894 3256.5947 3271.6003 3286.4043 3299.8992 -3284.2896 -3269.8882 -3255.3862 -3240.5823 -3192.041 3082.1685 3299.8992 3299.8992 3299.8992 3299.8992 3299.0935 3284.3901 3269.5862 3254.6814 3239.8772 3225.1738 3210.269 3195.465 3180.9631 3166.5618 3151.657 3137.5579 3123.2573 2984.381 1394.5038 -478.16162 -1874.0753 -3134.436 3133.731 3149.4414 3165.1519 3180.661 3196.0693 3211.377 3226.5837 3241.69 3256.7961 3271.701 3286.6057 3299.8992 -3283.9873 -3269.0825 -3254.5806 -3240.4814 -3099.994 3299.8992 3299.8992 3299.8992 3299.8992 3299.8992 3298.4893 3283.786 3268.982 3254.0771 3239.3738 3224.5696 3209.7656 3195.0623 3180.359 3165.5547 3151.0527 3136.9536 3122.754 2950.8452 1298.9319 -509.1797 -1876.9958 -3225.778 3134.2346 3150.1465 3165.6555 3181.2651 3196.5728 3211.679 3226.886 3242.1936 3257.2998 3272.2046 3287.1094 3299.8992 -3283.5845 -3269.284 -3254.782 -3239.978 -2852.3528 3299.8992 3299.8992 3299.8992 3299.8992 3299.8992 3296.0723 3281.1675 3266.565 3251.7607 3236.9568 3222.052 3207.2478 3192.5444 3177.942 3163.44 3149.0386 3134.6375 3120.236 2766.449 954.2084 -797.7081 -2068.744 3271.298 3136.7522 3152.4626 3168.173 3183.5815 3198.9897 3214.1968 3229.4036 3244.6106 3259.616 3274.5208 3289.325 3299.8992 -3281.1675 -3266.2627 -3251.7607 -3237.863 -2463.6199 3299.8992 3299.8992 3299.8992 3299.8992 3299.8992 3296.7773 3281.9731 3267.0684 3252.063 3237.4602 3222.6562 3207.852 3193.048 3178.5461 3163.8428 3149.1394 3135.2417 3120.8403 2699.7803 852.3926 -909.69543 -2092.9138 3217.218 3138.6658 3154.4768 3170.0867 3185.5957 3200.9033 3216.211 3231.4177 3246.524 3261.5295 
3299.8992 3299.8992 3299.8992 3299.8992 3299.8992 3299.8992 3299.8992 3299.8992 249.45374 -3193.6523 -3177.942 -3162.5334 -3147.2258 -3132.2205 -3117.2148 -3102.31 -3087.808 -3073.1047 -3058.8042 -3044.5037 -3030.304 -3016.2048 -3002.6091 -2988.51 -2974.5117 -2961.0168 -2947.4211 -2922.4456 -1567.4194 98.99597 1328.4393 2830.197 3299.8992 3299.8992 3299.8992 3299.8992 3299.8992 3299.8992 3299.8992 3299.8992 3299.8992 3299.8992 3299.8992 3299.8992 3299.8992 3299.8992 3299.8992 3299.8992 -367.88635 -3196.6736 -3180.8623 -3165.5547 -3150.247 -3135.1409 -3120.1355 -3105.3313 -3090.628 -3076.126 -3061.624 -3047.3235 -3033.1238 -3019.0247 -3004.9255 -2991.2292 -2977.533 -2963.8367 -2950.1404 -2936.746 -2024.5331 -435.26 818.6554 2218.698 3299.8992 3299.8992 3299.8992 3299.8992 3299.8992 3299.8992 3299.8992 3299.8992 3299.8992 3299.8992 3299.8992 3299.8992 3299.8992 3299.8992 3299.8992 3299.8992 -801.2329 -3187.3076 -3171.698 -3156.3904 -3141.0828 -3126.0771 -3111.1724 -3096.3684 -3081.7656 -3067.2637 -3052.8625 -3038.562 -3024.463 -3010.4644 -2996.2646 -2982.5684 -2968.9727 -2955.2764 -2941.7815 -2717.102 -1386.4471 250.15869 1473.9624 2831.9092 3299.8992 3299.8992 3299.8992 3299.8992 3299.8992 3299.8992 3299.8992 3299.8992 3299.8992 3299.8992 3299.8992 3299.8992 3299.8992 3299.8992 3299.8992 3299.8992 -1349.6887 -3189.926 -3174.3164 -3158.908 -3143.7012 -3128.595 -3113.6902 -3098.9868 -3084.384 -3069.7815 -3055.3801 -3041.0796 -3026.88 -3012.8813 -2999.286 -2985.1868 -2971.3896 -2957.7942 -2944.1985 -2813.9832 -1483.3282 162.54272 1245.0531 2563.925 3299.8992 3299.8992 3299.8992 3299.8992 3299.8992 3299.8992 3299.8992 3299.8992 3299.8992 3299.8992 3299.8992 3299.8992 3299.8992 3299.8992 3299.8992 3299.8992 -1787.3657 -3186.9048 -3171.1943 -3155.8867 -3140.68 -3125.6743 -3110.7695 -3095.9656 -3081.3628 -3066.8608 -3052.4597 -3038.1592 -3024.06 -3010.0615 -2996.3652 -2982.367 -2968.5698 -2954.9744 -2941.4795 -2720.4253 -1307.5928 275.4364 1504.3762 2804.4158 3299.8992 3299.8992 3299.8992 3299.8992 3299.8992 3299.8992 3299.8992 3299.8992 
3209.262 3225.2747 3240.6829 3256.7961 3272.6074 3288.3179 3299.8992 -3280.8655 1244.4489 3299.8992 3292.2454 3277.24 3262.033 3246.9268 3231.72 3216.6138 3201.4067 3186.099 3170.59 3155.182 3139.8743 3124.8687 3109.1582 3094.757 3080.1543 3061.8254 2631.8022 1004.9652 -55.08728 -1003.656 -1972.1649 -2820.63 3140.4785 3098.0803 3114.8987 3131.4148 3147.83 3164.1448 3180.359 3196.4722 3212.384 3228.3965 3244.5098 3260.1196 3275.6287 3291.2383 3299.8992 -3164.9504 1944.9738 3299.8992 3291.742 3276.6357 3261.4287 3246.222 3231.2163 3215.9087 3200.8025 3185.2935 3169.9858 3154.4768 3139.3706 3124.063 3109.259 3094.1528 3079.55 3061.8254 2642.8801 896.5027 -117.72766 -1014.12964 -1922.2137 -2678.4302 3257.4004 3096.9727 3113.6902 3130.307 3146.6216 3163.1377 3179.251 3195.3643 3211.377 3227.2888 3243.402 3259.0117 3274.6216 3290.2312 3299.8992 -3086.9019 2142.16 3299.8992 3289.627 3274.6216 3259.4146 3244.3083 3229.2021 3213.9954 3198.6877 3183.4807 3167.9717 3152.5635 3137.3564 3122.1497 3107.4463 3092.4407 3077.536 3059.6099 2600.885 917.7521 -81.37207 -1045.8527 -2030.5756 -2848.7273 3080.2551 3097.174 3113.7908 3130.4077 3146.823 3163.1377 3179.4524 3195.465 3211.4775 3227.3894 3243.5027 3259.1125 3274.7222 3290.2312 3299.8992 -2849.1301 2637.6433 3299.8992 3287.1094 3272.0032 3256.897 3241.69 3226.5837 3211.5784 3196.2708 3180.7617 3165.5547 3150.1465 3134.8389 3119.7327 3105.0293 3090.1245 3075.2197 3056.9915 2377.2124 635.97107 -279.364 -1213.7329 -2181.134 -2939.7673 3083.2764 3100.1953 3116.7114 3133.3281 3149.7437 3165.9575 3182.1716 3198.3855 3214.2974 3230.2092 3246.222 3261.8315 3277.542 3292.9504 -3291.5405 -2505.5144 3047.8271 3299.8992 3287.3108 3272.3052 3256.9976 3242.0928 3226.886 3211.679 3196.3713 3181.0637 3165.6555 3150.247 3135.1409 3119.8333 3104.6265 3090.0237 3075.3203 3052.6611 2127.658 289.03198 -571.2158 -1455.9357 -2347.6042 -3087.506 3090.7288 3107.5469 3124.063 3140.68 3156.8938 3173.2085 3189.4226 3205.536 
3299.8992 3299.8992 3299.8992 3299.8992 3299.8992 3299.8992 3299.8992 3000.7964 306.958 -1778.4027 -3146.7224 -3137.7593 -3122.9553 -3108.0505 -3093.6492 -3079.1472 -3064.9475 -3050.647 -3036.5479 -3022.5493 -3008.7524 -2994.9553 -2861.4165 -2518.0022 -2158.5754 -1725.8331 -1300.7446 -896.09985 -458.62427 -103.02429 340.49377 516.02783 698.61145 1249.3835 2653.7566 3299.8992 3299.8992 3299.8992 3299.8992 3299.8992 3299.8992 3299.8992 3299.8992 3299.8992 3299.8992 3299.8992 3299.8992 2877.4292 151.76697 -1911.0352 -3155.2825 -3140.0757 -3125.07 -3110.568 -3095.8647 -3081.4636 -3067.2637 -3053.064 -3039.0654 -3024.9663 -3011.1694 -2997.2717 -2935.9404 -2566.8457 -2169.5525 -1761.4838 -1325.3174 -881.7993 -520.9625 -105.340576 442.00745 627.4109 808.5846 1619.1833 3145.9167 3299.8992 3299.8992 3299.8992 3299.8992 3299.8992 3299.8992 3299.8992 3299.8992 3299.8992 3299.8992 3299.8992 3299.8992 2732.7117 -95.37048 -2037.5244 -3158.8074 -3144.0032 -3129.0984 -3114.395 -3099.7925 -3085.2905 -3070.99 -3056.79 -3042.691 -3028.7932 -3014.795 -3000.8972 -2987.201 -2880.7524 -2542.6758 -2401.5837 -1901.3672 -1537.5092 -1027.3224 -508.97827 111.483765 444.1223 788.443 1540.9332 3073.0042 3299.8992 3299.8992 3299.8992 3299.8992 3299.8992 3299.8992 3299.8992 3299.8992 3299.8992 3299.8992 3299.8992 3299.8992 2742.0776 -12.789917 -1885.8582 -3145.816 -3130.7097 -3115.805 -3101.2024 -3086.5996 -3072.1985 -3057.9985 -3043.7988 -3029.6997 -3015.9026 -3002.005 -2988.3086 -2947.6226 -2556.674 -2158.7769 -1676.7883 -1262.8784 -938.0951 -570.6116 -209.37195 287.31995 502.73438 608.9813 1497.0245 3086.1968 3299.8992 3299.8992 3299.8992 3299.8992 3299.8992 3299.8992 3299.8992 3299.8992 3299.8992 3299.8992 3299.8992 3299.8992 2219.705 -649.9695 -2502.3926 -3140.68 -3125.5737 -3110.7695 -3096.167 -3081.7656 -3067.163 -3053.064 -3038.9648 -3024.9663 -3010.968 -2997.3723 -2983.5754 -2912.0728 -2594.8425 -2196.1394 -2020.1019 -1612.5366 -1093.1854 -706.6681 -220.44983 223.47107 452.17896 744.93713 1704.1809 3199.7954 3299.8992 3299.8992 3299.8992 3299.8992 3299.8992 

-38.168335 -38.168335 -38.168335 -38.168335 -38.168335 -38.168335 -38.168335 -38.168335 -38.168335 -38.168335 -38.168335 -38.168335 -38.168335 -38.168335 -38.168335 -38.168335 -38.168335 -38.168335 -38.168335 -38.168335 -38.168335 -38.168335 -38.168335 -38.168335 -38.168335 -38.168335 -38.168335 -38.168335 -38.168335 -38.168335 -38.168335 -38.168335 -38.168335 -38.168335 -38.168335 -38.168335 -38.168335 -38.168335 -38.168335 -38.168335 -38.168335 -38.168335 -38.168335 -38.168335 -38.168335 -38.168335 -38.168335 -38.168335 -38.168335 -38.168335 -38.168335 -38.168335 -38.168335 -38.168335 -38.168335 -38.168335 -38.168335 -38.168335 -38.168335 -38.168335 -38.168335 -38.168335 -38.168335 -38.168335 -38.168335 -38.168335 -38.168335 -38.168335 -38.168335 -38.168335 -38.168335 -38.168335 -38.168335 -38.168335 -38.168335 -38.168335 -38.168335 -38.168335 -38.168335 -38.168335 -38.168335 -38.168335 -38.168335 -38.168335 -38.168335 -38.168335 -38.168335 -38.168335 -38.168335 -38.168335 -38.168335 -38.168335 -38.168335 -38.168335 -38.168335 -38.168335 -38.168335 -38.168335 -38.168335 -38.168335 -38.168335 -38.168335 -38.168335 -38.168335 -38.168335 -38.168335 -38.168335 -38.168335 -38.168335 -38.168335 -38.168335 -38.168335 -38.168335 -38.168335 -38.168335 -38.168335 -38.168335 -38.168335 -38.168335 -38.168335 -38.168335 -38.168335 -38.168335 -38.168335 -38.168335 -38.168335 -38.168335 -38.168335 -38.168335 -38.168335 -38.168335 -38.168335 -38.168335 -38.168335 -38.168335 -38.168335 -38.168335 -38.168335 -38.168335 -38.168335 -38.168335 -38.168335 -38.168335 -38.168335 -38.168335 -38.168335 -38.168335 -38.168335 -38.168335 -38.168335 -38.168335 -38.168335 -38.168335 -38.168335 -38.168335 -38.168335 -38.168335 -38.168335 -38.168335 -38.168335 -38.168335 -38.168335 -38.168335 -38.168335 -38.168335 -38.168335 -38.168335 -38.168335 -38.168335 -38.168335 -38.168335 -38.168335 -38.168335 -38.168335 -38.168335 -38.168335 -38.168335 -38.168335 -38.168335 -38.168335 -38.168335 -38.168335 -38.168335 -38.168335 -38.168335 -38.168335 -38.168335 -38.168335 -38.168335 -38.168335 -38.168335 -38.168335 -38.168335 -38.168335 -38.168335 -38.168335 -38.168335 -38.168335 -38.168335 -38.168335 -38.168335 -38.168335 -38.168335 -38.168335 -38.168335 -38.168335 -38.168335 -38.168335 -38.168335 -38.168335 -38.168335 -38.168335 -38.168335 -38.168335 -38.168335 -38.168335 -38.168335 -38.168335 -38.168335 -38.168335 
62.338257 51.5625 54.0802 58.71277 88.92517 110.980225 123.87085 118.43262 101.51367 77.84729 50.55542 61.23047 56.5979 46.124268 57.403564 59.71985 48.239136 23.364258 -19.73877 -37.765503 -52.368164 -84.89685 -116.922 -157.00378 -176.33972 -153.3783 -130.8197 -90.737915 -65.86304 -46.627808 -38.269043 -36.95984 -46.42639 -46.124268 -54.281616 -68.38074 -78.95508 -78.25012 -69.89136 -43.606567 -21.652222 -10.675049 2.4169922 10.675049 15.609741 10.876465 7.1502686 2.4169922 -2.2155762 -18.530273 -15.509033 -24.371338 -12.588501 -10.876465 -9.063721 -8.560181 -31.018066 -39.88037 -38.269043 -26.385498 -10.977173 2.7191162 2.6184082 7.5531006 7.9559326 19.134521 31.420898 25.680542 4.6325684 15.408325 18.026733 22.25647 31.219482 39.175415 29.910278 44.51294 58.10852 79.2572 93.96057 118.43262 145.9259 155.79529 138.2721 111.08093 118.13049 114.30359 88.220215 72.9126 55.08728 50.354004 40.88745 2.9205322 -18.22815 -2.4169922 5.7403564 -14.501953 -40.786743 -84.79614 -139.07776 -161.23352 -159.11865 -152.1698 -139.27917 -129.40979 -109.26819 -72.81189 -47.131348 -39.47754 -43.40515 -27.694702 -20.846558 -21.853638 -9.466553 5.6396484 -5.9417725 -14.804077 -27.090454 -23.867798 -27.593994 -38.36975 -34.84497 -35.751343 -33.43506 -27.593994 -17.72461 -18.026733 -17.523193 -28.500366 -28.097534 -19.940186 -17.019653 -1.2084961 -7.3516846 -5.8410645 2.6184082 3.6254883 14.904785 16.113281 18.73169 23.666382 21.652222 30.010986 36.557007 31.622314 42.297363 50.05188 70.69702 92.752075 87.11243 100.909424 102.822876 95.773315 90.737915 78.652954 60.928345 46.325684 35.751343 37.060547 34.44214 33.535767 31.521606 22.860718 23.062134 24.874878 27.29187 34.744263 49.346924 48.239136 11.581421 -57.60498 -94.16199 -66.36658 -35.44922 -35.247803 -61.12976 -68.17932 -64.25171 -58.511353 -66.970825 -71.60339 -24.27063 11.178589 23.968506 28.29895 43.00232 33.9386 32.226562 35.650635 15.811157 6.1431885 -16.516113 -21.148682 4.6325684 25.27771 3.3233643 -19.73877 -51.461792 -59.317017 -69.488525 -53.878784 -47.43347 -45.318604 -55.288696 -62.74109 -77.34375 -91.744995 -101.71509 -102.62146 -86.60889 -52.670288 -24.069214 11.682129 17.422485 16.012573 34.44214 51.260376 62.438965 65.963745 74.72534 89.02588 
3299.8992 3299.8992 3299.8992 3299.8992 3299.8992 3297.583 3281.7717 2847.0154 3274.9236 3291.9434 -3291.4397 -3275.0244 -3258.7097 -3242.4956 -3226.4832 -3210.6719 -3194.9614 -3179.4524 -3164.0442 -3148.8372 -3133.731 -3118.927 -3103.8208 -3089.5203 -3074.817 -3060.214 -3045.813 -2430.9905 485.81543 3299.8992 3299.8992 3299.8992 3299.8992 3299.8992 3299.8992 3299.8992 3299.8992 3299.8992 3299.8992 3299.8992 3299.8992 3299.8992 3299.8992 3299.8992 3299.8992 3295.2666 3279.5562 2285.8704 3275.125 3292.044 -3291.339 -3274.823 -3258.5083 -3242.395 -3226.3823 -3210.5713 -3194.9614 -3179.3518 -3163.9434 -3148.8372 -3133.6304 -3119.0276 -3104.2236 -3089.1174 -3074.5146 -3060.214 -3046.0144 -2440.7593 511.49597 3299.8992 3299.8992 3299.8992 3299.8992 3299.8992 3299.8992 3299.8992 3299.8992 3299.8992 3299.8992 3299.8992 3299.8992 3299.8992 3299.8992 3299.8992 3299.8992 3294.6624 3278.7505 1593.9056 3276.7363 3293.6553 -3289.7278 -3273.3123 -3256.9976 -3240.985 -3224.8718 -3209.0605 -3193.35 -3177.942 -3162.5334 -3147.2258 -3132.2205 -3117.0134 -3102.1086 -3087.7075 -3073.1047 -3058.5022 -3044.2017 -2259.082 787.93945 3299.8992 3299.8992 3299.8992 3299.8992 3299.8992 3299.8992 3299.8992 3299.8992 3299.8992 3299.8992 3299.8992 3299.8992 3299.8992 3299.8992 3299.8992 3299.8992 3293.6553 3277.9448 627.2095 3278.7505 3295.6694 -3287.7136 -3271.1975 -3255.0842 -3238.87 -3222.9583 -3207.1472 -3191.4368 -3175.9277 -3160.62 -3145.413 -3130.2063 -3115.805 -3101.001 -3085.9954 -3071.292 -3057.0923 -3042.7917 -2020.7062 987.3413 3299.8992 3299.8992 3299.8992 3299.8992 3299.8992 3299.8992 3299.8992 3299.8992 3299.8992 3299.8992 3299.8992 3299.8992 3299.8992 3299.8992 3299.8992 3299.8992 3292.8496 3276.8372 -247.13745 3279.959 3296.7773 -3286.5051 -3270.0896 -3253.8757 -3237.7625 -3221.8506 -3206.0393 -3190.4297 -3174.8198 -3159.5122 -3144.2046 -3129.2998 -3113.9922 -3099.591 -3084.4849 -3069.983 -3055.6824 -3041.5833 -1773.1659 1273.0499 3299.8992 3299.8992 3299.8992 3299.8992 3299.8992 3299.8992 3299.8992 3299.8992 3299.8992 3299.8992 3299.8992 3299.8992 3299.8992 3299.8992 3299.8992 3299.8992 3291.641 3275.6287 -1328.1372 3281.4697 3298.3887 -3285.0952 -3268.6797 -3252.365 -3236.4531 -3220.3398 -3204.6294 -3188.919 -3173.41 -3158.2031 -3142.8955 
3299.8992 3299.8992 3299.8992 3299.8992 3287.5122 3272.9094 3256.7961 2494.7388 3251.358 3267.3706 3282.9802 3298.4893 -3286.3037 -3270.996 -3256.0913 -3241.1865 -3226.3823 -3211.7798 -3197.177 -3182.776 -3168.4753 -3154.5776 -3140.277 -3126.48 -3112.4817 -3099.0874 -2990.1213 -1250.4913 1598.3368 3299.8992 3299.8992 3299.8992 3299.8992 3299.8992 3299.8992 3299.8992 3299.8992 3299.8992 3299.8992 3299.8992 3299.8992 3299.8992 3299.8992 3296.475 3281.4697 3266.464 3251.1565 1795.3217 3248.236 3264.047 3279.959 3295.166 -3289.5264 -3274.118 -3259.314 -3244.2078 -3229.605 -3215.0024 -3200.0977 -3185.8977 -3171.698 -3157.2966 -3143.1975 -3129.5012 -3115.6035 -3061.9263 -2790.0146 -2303.4941 -69.992065 2165.4236 3299.8992 3299.8992 3299.8992 3299.8992 3299.8992 3299.8992 3299.8992 3299.8992 3299.8992 3299.8992 3299.8992 3299.8992 3299.8992 3299.8992 3296.7773 3281.9731 3265.9607 1208.9996 3264.7522 3280.664 3296.2737 -3288.3179 -3273.1108 -3258.1055 -3243.0999 -3228.296 -3213.5925 -3198.9897 -3184.5886 -3170.288 -3156.0881 -3142.1904 -3127.9907 -3114.1936 -3100.296 -3087.0024 -3073.3062 -1370.2332 1408.5022 3299.8992 3299.8992 3299.8992 3299.8992 3299.8992 3299.8992 3299.8992 3299.8992 3299.8992 3299.8992 3299.8992 3299.8992 3299.8992 3299.8992 3299.8992 3293.1519 3277.9448 3262.2344 393.36548 3263.9465 3279.7576 3295.3674 -3289.1235 -3274.0173 -3258.9111 -3244.0063 -3229.2021 -3214.3982 -3199.8962 -3185.3943 -3171.0938 -3156.8938 -3142.5933 -3128.7964 -3114.8987 -3101.1016 -3087.808 -3048.6328 -808.8867 1754.837 3299.8992 3299.8992 3299.8992 3299.8992 3299.8992 3299.8992 3299.8992 3299.8992 3299.8992 3299.8992 3299.8992 3299.8992 3299.8992 3299.8992 3299.8992 3287.6128 3272.5066 3256.7961 -698.0072 3261.5295 3277.3406 3292.9504 3299.8992 -3276.4343 -3261.2273 -3246.3225 -3231.5186 -3216.7144 -3202.2124 -3187.7104 -3173.41 -3159.2102 -3144.9097 -3131.1125 -3117.2148 -3103.5186 -3090.1245 -2996.1638 -381.98547 2271.7712 3299.8992 3299.8992 3299.8992 3299.8992 3299.8992 3299.8992 3299.8992 3299.8992 3299.8992 3299.8992 3299.8992 3299.8992 3299.8992 3299.8992 3296.0723 3281.2683 3266.162 3250.4517 -1286.9476 3256.7961 3272.5066 3288.3179 3299.8992 -3281.1675 -3266.0613 -3251.056 -3236.1511 -3221.5483 -3206.845 -3192.4438 -3177.942 
3276.4343 3291.2383 3299.8992 -3279.2542 -3265.155 -3250.5522 -3235.9497 -2159.9854 3299.8992 3299.8992 3299.8992 3299.8992 3299.8992 3295.6694 3280.966 3266.162 3251.358 3236.4531 3221.6492 3206.7444 3192.041 3177.6396 3163.037 3148.8372 3134.1338 3119.229 2609.9487 749.1669 -969.6167 -2324.6428 3124.4658 3140.3777 3156.189 3171.698 3187.207 3202.6152 3217.9229 3233.029 3248.1353 3263.1409 3277.9448 3292.8496 -3292.1448 -3277.542 -3262.8386 -3248.4375 -3234.439 -1675.9827 3299.8992 3299.8992 3299.8992 3299.8992 3299.8992 3295.6694 3280.8655 3266.162 3251.358 3236.554 3221.6492 3206.845 3192.1416 3177.539 3162.7349 3148.1323 3134.2346 3119.5312 2633.7158 705.2582 -1092.1783 -2391.7144 3125.7751 3141.687 3157.3975 3173.007 3188.4155 3203.7231 3219.1313 3234.2375 3249.3438 3264.45 3279.2542 3294.058 -3291.2383 -3276.7363 -3262.3352 -3247.9338 -3233.13 -1138.1012 3299.8992 3299.8992 3299.8992 3299.8992 3299.8992 3293.5547 3278.952 3264.2485 3249.3438 3234.439 3219.5342 3204.8308 3190.3289 3175.424 3161.023 3146.7224 3132.2205 3115.7043 2401.9866 376.54724 -1375.1678 -2679.5378 3129.0984 3145.0103 3160.7207 3176.1292 3191.7388 3207.0464 3222.1526 3237.4602 3252.5664 3267.3706 3282.376 3297.0793 -3287.915 -3273.3123 -3258.9111 -3244.6106 -3229.9072 -572.72644 3299.8992 3299.8992 3299.8992 3299.8992 3299.8992 3294.5618 3279.8584 3265.0542 3250.3508 3235.3455 3220.4407 3205.6365 3191.034 3176.4312 3162.1306 3147.7295 3133.1267 3115.7043 2320.816 329.5166 -1319.3756 -2512.8662 3129.0984 3145.0103 3160.62 3176.2297 3191.7388 3207.0464 3222.2534 3237.4602 3252.4658 3267.572 3282.376 3297.2808 -3287.7136 -3273.3123 -3258.5083 -3244.107 -3230.2092 -195.07141 3299.8992 3299.8992 3299.8992 3299.8992 3299.8992 3293.4539 3278.65 3263.9465 3249.0417 3234.2375 3219.3328 3204.6294 3190.0269 3175.3235 3160.5193 3146.1182 3131.7168 3114.2944 2201.9805 274.2279 -1353.6163 -2510.852 3128.897 3144.9097 3160.5193 3176.0283 3191.5374 3206.845 3222.052 3237.2588 3252.365 3267.3706 3282.1746 3296.9788 -3288.0156 -3273.5137 -3258.8103 -3244.4092 -3230.0078 443.9209 3299.8992 3299.8992 3299.8992 3299.8992 3299.8992 3290.5334 3275.6287 3260.9253 3246.0205 3231.2163 3216.3115 3201.6082 
3299.8992 3299.8992 3299.8992 3299.8992 3299.8992 3299.8992 3299.8992 3299.8992 -2765.2405 -3184.1858 -3168.576 -3153.2683 -3138.0615 -3123.056 -3108.1511 -3093.4478 -3078.8452 -3064.3433 -3049.942 -3035.7422 -3021.643 -3007.6445 -2993.5454 -2979.849 -2966.2537 -2952.658 -2939.163 -2453.7505 -860.3485 850.57983 2003.5858 3237.561 3299.8992 3299.8992 3299.8992 3299.8992 3299.8992 3299.8992 3299.8992 3299.8992 3299.8992 3299.8992 3299.8992 3299.8992 3299.8992 3299.8992 3299.8992 3244.4092 -2908.85 -3190.3289 -3174.6184 -3159.3108 -3144.2046 -3129.0984 -3114.1936 -3099.4902 -3084.8877 -3070.285 -3055.8838 -3041.6838 -3027.4841 -3013.385 -2999.286 -2985.5896 -2971.8933 -2958.3984 -2944.7021 -2640.0603 -1214.8407 579.4739 1890.5914 3299.8992 3299.8992 3299.8992 3299.8992 3299.8992 3299.8992 3299.8992 3299.8992 3299.8992 3299.8992 3299.8992 3299.8992 3299.8992 3299.8992 3299.8992 3299.8992 2943.997 -3204.5288 -3188.617 -3173.007 -3157.5989 -3142.4927 -3127.487 -3112.4817 -3097.7783 -3083.1755 -3068.7744 -3054.373 -3040.0725 -3025.8728 -3011.975 -2998.2788 -2984.1797 -2970.3826 -2956.787 -2943.2922 -2420.2148 -889.55383 925.9094 2129.672 3299.8992 3299.8992 3299.8992 3299.8992 3299.8992 3299.8992 3299.8992 3299.8992 3299.8992 3299.8992 3299.8992 3299.8992 3299.8992 3299.8992 3299.8992 3299.8992 2566.1406 -3205.133 -3189.1204 -3173.5107 -3158.3037 -3143.097 -3128.0913 -3113.1865 -3098.4832 -3083.7798 -3069.2778 -3054.9773 -3040.6768 -3026.5776 -3012.4785 -2998.4802 -2984.784 -2971.1882 -2957.492 -2943.997 -2469.461 -990.8661 528.0121 1722.1069 3068.875 3299.8992 3299.8992 3299.8992 3299.8992 3299.8992 3299.8992 3299.8992 3299.8992 3299.8992 3299.8992 3299.8992 3299.8992 3299.8992 3299.8992 3299.8992 2144.7783 -3198.3855 -3182.5745 -3167.0654 -3151.7578 -3136.6516 -3121.5454 -3106.7412 -3092.0378 -3077.4353 -3063.1348 -3048.6328 -3034.4329 -3020.4346 -3006.2346 -2992.2363 -2978.54 -2964.9443 -2951.4495 -2937.9546 -2140.0452 -569.9066 1194.397 2336.023 3299.8992 3299.8992 3299.8992 3299.8992 3299.8992 3299.8992 3299.8992 3299.8992 3299.8992 3299.8992 3299.8992 3299.8992 3299.8992 3299.8992 3299.8992 3299.8992 1894.0155 -3201.9104 -3185.9985 -3170.4895 -3155.182 -3140.0757 -3125.07 -3110.1653 -3095.5627 -3080.8594 -3066.3574 -3051.956 -3037.7563 
3221.4478 3237.4602 3252.7678 3268.982 3284.491 3299.8992 -3284.3901 -2296.0417 3299.8992 3299.8992 3292.5476 3277.3406 3262.3352 3247.229 3232.022 3216.7144 3201.4067 3186.099 3170.691 3155.081 3139.9749 3124.768 3109.259 3094.8577 3080.0537 3061.4226 2294.4304 463.05542 -445.53223 -1349.0845 -2251.9316 -3022.6501 3091.635 3108.554 3125.2715 3141.687 3158.0017 3174.5178 3190.631 3206.543 3222.6562 3238.568 3253.8757 3269.989 3285.8 3299.8992 -3283.383 -1907.6111 3299.8992 3299.8992 3291.1377 3276.132 3260.9253 3245.819 3230.713 3215.5059 3200.0977 3184.6892 3169.3816 3153.8726 3138.6658 3123.4587 3107.9497 3093.6492 3078.8452 3056.8909 2157.669 338.68103 -555.5054 -1438.8153 -2394.3328 -3081.3628 3093.8506 3110.669 3127.2856 3143.9026 3160.1165 3176.532 3192.5444 3208.6577 3224.469 3240.4814 3255.89 3271.9023 3287.7136 3299.8992 -3281.5703 -1474.5667 3299.8992 3299.8992 3290.5334 3275.5278 3260.4216 3245.114 3229.9072 3214.7002 3199.3926 3184.085 3168.6768 3153.1677 3137.9607 3122.8545 3107.849 3092.9443 3078.241 3050.8484 2027.1515 293.46313 -622.1741 -1545.5658 -2477.0142 -3186.8042 3096.0662 3112.683 3129.4006 3145.9167 3162.1306 3178.4453 3194.5586 3210.6719 3226.5837 3242.4956 3258.4075 3274.118 3289.627 3299.8992 -3279.657 -1105.5725 3299.8992 3299.8992 3290.4326 3275.3264 3260.2202 3245.114 3229.8064 3214.7002 3199.3926 3183.8835 3168.3745 3152.9663 3137.9607 3122.754 3107.7483 3092.8435 3077.9387 3007.6445 1883.7433 137.1643 -667.6941 -1567.6208 -2482.6538 -3231.9214 3097.879 3114.6973 3131.314 3147.7295 3164.0442 3180.258 3196.4722 3212.4846 3228.3965 3244.2078 3260.4216 3275.9307 3291.339 3299.8992 -3277.7434 -753.2959 3299.8992 3299.8992 3290.332 3275.2258 3260.1196 3244.9126 3229.605 3214.3982 3198.9897 3183.6821 3168.173 3152.765 3137.6587 3122.4517 3107.7483 3092.743 3077.7373 2969.8792 1771.4539 17.523193 -713.91907 -1526.1292 -2424.2432 -3164.0442 3098.6846 3115.402 3132.019 3148.4343 3164.8499 3180.9631 3197.2778 3213.1897 3229.1016 3245.0134 3261.026 3276.6357 3292.044 3299.8992 -3277.0386 -476.651 3299.8992 3299.8992 3289.8284 3274.6216 3259.314 3244.3083 3229.0007 3213.794 3198.3855 3183.078 3167.4683 3152.0598 
3299.8992 3299.8992 3299.8992 3299.8992 3299.8992 3299.8992 3299.8992 1963.504 -766.69006 -2482.4524 -3131.8176 -3116.7114 -3102.1086 -3087.4053 -3073.0042 -3058.6028 -3044.403 -3030.304 -3016.4062 -3002.4077 -2988.7114 -2975.0151 -2726.2664 -2427.4658 -2130.3772 -1729.9622 -1251.297 -927.0172 -581.3873 -237.46948 155.9967 324.17908 601.83105 1581.5186 3217.9229 3299.8992 3299.8992 3299.8992 3299.8992 3299.8992 3299.8992 3299.8992 3299.8992 3299.8992 3299.8992 3299.8992 3299.8992 2213.6626 -364.8651 -2132.8948 -3132.4219 -3117.4163 -3102.6123 -3088.0095 -3073.5076 -3059.1064 -3044.9065 -3030.8074 -3016.809 -3003.012 -2989.215 -2975.6194 -2727.5757 -2241.8608 -1894.9219 -1428.9459 -988.04626 -560.7422 -278.96118 -33.132935 462.24976 611.0962 850.68054 1878.9093 3183.1787 3299.8992 3299.8992 3299.8992 3299.8992 3299.8992 3299.8992 3299.8992 3299.8992 3299.8992 3299.8992 3299.8992 3299.8992 1810.3271 -806.67114 -2534.9211 -3139.27 -3124.3652 -3109.561 -3094.9585 -3080.3557 -3066.156 -3051.8555 -3037.7563 -3023.6572 -3009.86 -2996.0632 -2982.367 -2664.2302 -2170.6604 -1762.3901 -1406.488 -1086.5387 -695.99304 -387.62512 60.424805 527.3071 734.6649 1129.8431 2194.528 3299.8992 3299.8992 3299.8992 3299.8992 3299.8992 3299.8992 3299.8992 3299.8992 3299.8992 3299.8992 3299.8992 3299.8992 3299.8992 1501.6571 -1010.40344 -2716.4978 -3146.823 -3131.8176 -3117.0134 -3102.411 -3087.909 -3073.6084 -3059.4084 -3045.2087 -3031.2102 -3017.3125 -3003.3142 -2989.7185 -2832.614 -2507.0251 -2176.9043 -1933.0902 -1515.0513 -1037.8967 -696.29517 -415.0177 108.462524 402.83203 1010.40344 2157.669 3299.8992 3299.8992 3299.8992 3299.8992 3299.8992 3299.8992 3299.8992 3299.8992 3299.8992 3299.8992 3299.8992 3299.8992 3299.8992 1205.777 -1308.197 -2931.3079 -3132.9253 -3118.1213 -3103.418 -3088.8152 -3074.3132 -3060.1135 -3045.9136 -3031.8145 -3017.9167 -3004.019 -2990.2222 -2922.647 -2334.8145 -2060.4858 -1796.1273 -1295.9106 -658.6304 -341.9037 -148.74573 48.742676 349.7589 473.42834 878.27454 2136.3188 3299.8992 3299.8992 3299.8992 3299.8992 3299.8992 3299.8992 3299.8992 3299.8992 3299.8992 3299.8992 3299.8992 3299.8992 3299.8992 882.20215 -1476.9836 -3142.3918 -3138.162 -3123.2573 -3108.4534 -3094.052 -3079.55 -3065.3503 -3051.0498 -3037.0513 -3023.053 -3009.1553 

-38.168335 -38.168335 -38.168335 -38.168335 -38.168335 -38.168335 -38.168335 -38.168335 -38.168335 -38.168335 -38.168335 -38.168335 -38.168335 -38.168335 -38.168335 -38.168335 -38.168335 -38.168335 -38.168335 -38.168335 -38.168335 -38.168335 -38.168335 -38.168335 -38.168335 -38.168335 -38.168335 -38.168335 -38.168335 -38.168335 -38.168335 -38.168335 -38.168335 -38.168335 -38.168335 -38.168335 -38.168335 -38.168335 -38.168335 -38.168335 -38.168335 -38.168335 -38.168335 -38.168335 -38.168335 -38.168335 -38.168335 -38.168335 -38.168335 -38.168335 -38.168335 -38.168335 -38.168335 -38.168335 -38.168335 -38.168335 -38.168335 -38.168335 -38.168335 -38.168335 -38.168335 -38.168335 -38.168335 -38.168335 -38.168335 -38.168335 -38.168335 -38.168335 -38.168335 -38.168335 -38.168335 -38.168335 -38.168335 -38.168335 -38.168335 -38.168335 -38.168335 -38.168335 -38.168335 -38.168335 -38.168335 -38.168335 -38.168335 -38.168335 -38.168335 -38.168335 -38.168335 -38.168335 -38.168335 -38.168335 -38.168335 -38.168335 -38.168335 -38.168335 -38.168335 -38.168335 -38.168335 -38.168335 -38.168335 -38.168335 -38.168335 -38.168335 -38.168335 -38.168335 -38.168335 -38.168335 -38.168335 -38.168335 -38.168335 -38.168335 -38.168335 -38.168335 -38.168335 -38.168335 -38.168335 -38.168335 -38.168335 -38.168335 -38.168335 -38.168335 -38.168335 -38.168335 -38.168335 -38.168335 -38.168335 -38.168335 -38.168335 -38.168335 -38.168335 -38.168335 -38.168335 -38.168335 -38.168335 -38.168335 -38.168335 -38.168335 -38.168335 -38.168335 -38.168335 -38.168335 -38.168335 -38.168335 -38.168335 -38.168335 -38.168335 -38.168335 -38.168335 -38.168335 -38.168335 -38.168335 -38.168335 -38.168335 -38.168335 -38.168335 -38.168335 -38.168335 -38.168335 -38.168335 -38.168335 -38.168335 -38.168335 -38.168335 -38.168335 -38.168335 -38.168335 -38.168335 -38.168335 -38.168335 -38.168335 -38.168335 -38.168335 -38.168335 -38.168335 -38.168335 -38.168335 -38.168335 -38.168335 -38.168335 -38.168335 -38.168335 -38.168335 -38.168335 -38.168335 -38.168335 -38.168335 -38.168335 -38.168335 -38.168335 -38.168335 -38.168335 -38.168335 -38.168335 -38.168335 -38.168335 -38.168335 -38.168335 -38.168335 -38.168335 -38.168335 -38.168335 
144.81812 180.26733 214.40735 239.28223 249.25232 240.49072 213.8031 199.70398 206.35071 175.03052 90.83862 20.343018 1.1077881 5.5389404 -16.918945 -54.785156 -117.72766 -162.64343 -173.6206 -210.78186 -243.71338 -254.0863 -220.95337 -212.5946 -192.453 -171.1029 -141.89758 -95.97473 -53.17383 -47.03064 -54.0802 -53.375244 -49.749756 -38.168335 -13.796997 -11.077881 8.963013 24.371338 12.286377 -6.6467285 -24.27063 -48.339844 -22.659302 1.9134521 21.148682 32.93152 50.55542 54.281616 27.191162 5.1361084 6.5460205 7.8552246 22.860718 54.785156 60.12268 60.22339 32.730103 29.708862 13.092041 -1.9134521 -12.991333 -20.343018 -14.804077 -32.629395 -34.643555 -25.680542 -37.161255 -37.060547 -33.43506 -27.896118 -30.111694 -35.247803 -38.671875 -31.219482 -18.328857 -7.0495605 4.0283203 1.6113281 8.157349 16.415405 18.933105 10.876465 17.523193 13.595581 12.487793 12.487793 20.947266 17.623901 24.874878 23.867798 25.78125 30.514526 35.34851 26.28479 10.372925 6.6467285 7.4523926 7.3516846 21.350098 35.046387 36.657715 30.514526 33.33435 27.493286 46.5271 69.488525 61.834717 47.836304 43.00232 45.822144 72.20764 119.64111 139.88342 153.17688 164.95972 126.589966 76.84021 -17.926025 -49.649048 -45.721436 -40.182495 -32.42798 -29.507446 -22.357178 3.0212402 -0.20141602 -15.206909 -42.599487 -40.98816 -5.6396484 33.032227 50.454712 62.841797 88.82446 109.57031 124.37439 125.38147 108.56323 80.163574 75.631714 42.90161 -15.710449 -62.841797 -121.051025 -130.41687 -150.45776 -176.64185 -218.23425 -240.2893 -217.42859 -187.82043 -169.59229 -150.65918 -135.8551 -109.77173 -92.65137 -84.89685 -83.78906 -69.79065 -40.88745 -7.0495605 16.818237 9.667969 -2.7191162 21.75293 51.663208 61.12976 68.88428 74.92676 66.6687 72.006226 64.75525 70.3949 73.013306 66.467285 80.4657 79.559326 63.043213 55.892944 70.29419 78.45154 66.36658 32.32727 16.012573 -27.996826 -52.56958 -73.31543 -76.84021 -64.55383 -57.10144 -54.281616 -58.410645 -70.3949 -71.90552 -76.23596 -53.57666 -49.145508 -46.42639 -46.5271 -37.564087 
-3127.89 -3113.2874 -3098.584 -3083.4778 -3068.9758 -3054.6753 -3040.3748 -1750.003 1264.5905 3299.8992 3299.8992 3299.8992 3299.8992 3299.8992 3299.8992 3299.8992 3299.8992 3299.8992 3299.8992 3299.8992 3299.8992 3299.8992 3299.8992 3299.8992 3299.8992 3292.4468 3276.4343 -2613.977 3284.8938 3299.8992 -3281.5703 -3265.2556 -3249.0417 -3233.029 -3217.1172 -3201.3062 -3185.797 -3170.288 -3154.9805 -3139.7734 -3124.768 -3110.1653 -3095.5627 -3080.4565 -3065.8538 -3051.654 -3037.454 -1286.3434 1772.4609 3299.8992 3299.8992 3299.8992 3299.8992 3299.8992 3299.8992 3299.8992 3299.8992 3299.8992 3299.8992 3299.8992 3299.8992 3299.8992 3299.8992 3299.8992 3299.8992 3290.8354 3274.3193 3268.1763 3285.498 3299.8992 -3281.2683 -3264.9536 -3248.538 -3232.5256 -3216.7144 -3200.9033 -3185.2935 -3169.8853 -3154.5776 -3139.3706 -3124.4658 -3109.1582 -3094.3542 -3080.0537 -3065.451 -3051.0498 -3036.6484 -1259.4543 1810.3271 3299.8992 3299.8992 3299.8992 3299.8992 3299.8992 3299.8992 3299.8992 3299.8992 3299.8992 3299.8992 3299.8992 3299.8992 3299.8992 3299.8992 3299.8992 3299.8992 3290.8354 3274.5208 3271.0967 3288.3179 3299.8992 -3278.3477 -3262.033 -3245.819 -3229.7058 -3213.8945 -3198.285 -3182.675 -3167.2668 -3151.9592 -3136.6516 -3121.646 -3107.0435 -3092.5415 -3077.536 -3062.9333 -3048.7334 -3034.6343 -984.11865 2141.6565 3299.8992 3299.8992 3299.8992 3299.8992 3299.8992 3299.8992 3299.8992 3299.8992 3299.8992 3299.8992 3299.8992 3299.8992 3299.8992 3299.8992 3299.8992 3299.8992 3290.0298 3273.3123 3272.8088 3289.9292 -3293.2524 -3276.8372 -3260.4216 -3244.2078 -3228.296 -3212.2832 -3196.5728 -3181.0637 -3165.6555 -3150.348 -3135.3423 -3120.236 -3105.0293 -3090.8293 -3075.7231 -3061.2212 -3047.223 -3033.023 -917.24854 2186.1694 3299.8992 3299.8992 3299.8992 3299.8992 3299.8992 3299.8992 3299.8992 3299.8992 3299.8992 3299.8992 3299.8992 3299.8992 3299.8992 3299.8992 3299.8992 3299.8992 3290.8354 3274.2188 3276.132 3293.1519 -3290.0298 -3273.6145 -3257.199 -3241.1865 -3225.0732 -3209.262 -3193.5515 -3177.942 -3162.6343 -3147.3267 -3132.2205 
-3163.742 -3149.4414 -3135.6445 -3121.7468 -3107.9497 -3094.4548 -3077.6367 -926.01013 1629.0527 3299.8992 3299.8992 3299.8992 3299.8992 3299.8992 3299.8992 3299.8992 3299.8992 3299.8992 3299.8992 3299.8992 3299.8992 3299.8992 3299.8992 3297.3816 3282.4768 3267.3706 3251.5593 -2528.073 3261.026 3276.8372 3292.3462 3299.8992 -3277.0386 -3261.9324 -3246.9268 -3232.1228 -3217.4194 -3202.9175 -3188.516 -3174.2156 -3159.915 -3145.514 -3131.6162 -3117.92 -3104.2236 -3090.8293 -2941.278 -598.9105 1910.1288 3299.8992 3299.8992 3299.8992 3299.8992 3299.8992 3299.8992 3299.8992 3299.8992 3299.8992 3299.8992 3299.8992 3299.8992 3299.8992 3299.8992 3297.6836 3282.8796 3268.0754 3251.8616 -2946.112 3262.5366 3278.247 3293.756 3299.8992 -3275.5278 -3260.5225 -3245.5168 -3230.8135 -3216.0095 -3201.5076 -3187.1062 -3172.705 -3158.5051 -3144.7083 -3130.5083 -3116.6106 -3102.8137 -3089.5203 -2785.5835 -273.12012 2231.79 3299.8992 3299.8992 3299.8992 3299.8992 3299.8992 3299.8992 3299.8992 3299.8992 3299.8992 3299.8992 3299.8992 3299.8992 3299.8992 3299.8992 3295.468 3280.4626 3265.7593 3249.3438 3247.531 3263.745 3279.4556 3294.9646 -3289.7278 -3274.5208 -3259.4146 -3244.4092 -3229.605 -3215.0024 -3200.3997 -3185.9985 -3171.698 -3157.498 -3143.7012 -3129.4006 -3115.503 -3101.9072 -3088.0095 -2586.383 126.086426 2700.0823 3299.8992 3299.8992 3299.8992 3299.8992 3299.8992 3299.8992 3299.8992 3299.8992 3299.8992 3299.8992 3299.8992 3299.8992 3299.8992 3299.8992 3292.1448 3277.3406 3262.5366 3245.9197 3246.7253 3262.738 3278.4485 3294.058 3299.8992 -3275.4272 -3260.321 -3245.4163 -3230.612 -3216.0095 -3201.3062 -3186.9048 -3172.705 -3158.5051 -3144.5068 -3130.4077 -3116.51 -3102.713 -3088.916 -2427.7678 77.948 2614.279 3299.8992 3299.8992 3299.8992 3299.8992 3299.8992 3299.8992 3299.8992 3299.8992 3299.8992 3299.8992 3299.8992 3299.8992 3299.8992 3299.8992 3291.2383 3276.3335 3261.6301 3244.812 3246.8262 3262.8386 3278.65 3294.058 3299.8992 -3275.3264 -3260.2202 -3245.3154 -3230.5115 -3215.808 -3201.3062 -3186.8042 -3172.5037 
3187.0056 3172.4028 3157.5989 3143.1975 3129.0984 3074.9175 1628.6499 -312.59766 -1760.5774 -2908.6487 3135.846 3151.657 3167.2668 3182.776 3198.184 3213.5925 3228.6987 3243.805 3258.9111 3273.816 3288.7207 3299.8992 -3281.6711 -3267.0684 -3252.365 -3238.0645 -3224.1667 1028.833 3299.8992 3299.8992 3299.8992 3299.8992 3299.8992 3294.7632 3279.959 3265.155 3250.3508 3235.446 3220.642 3205.7373 3191.034 3176.4312 3161.7278 3147.3267 3133.2275 3114.4958 1968.338 89.93225 -1486.4502 -2504.2053 3132.8247 3148.6357 3164.447 3180.0566 3195.465 3210.7727 3225.9795 3241.0857 3256.2927 3271.1975 3286.1023 3299.8992 -3284.5916 -3269.7876 -3255.6885 -3241.287 -3226.6846 1500.3479 3299.8992 3299.8992 3299.8992 3299.8992 3299.8992 3289.9292 3275.0244 3260.2202 3245.3154 3230.4106 3215.6067 3200.8025 3186.3005 3171.5972 3157.2966 3142.996 3128.3936 3095.5627 1728.0487 -195.37354 -1698.3398 -2942.2852 3134.0332 3149.8442 3165.5547 3181.1646 3196.4722 3211.7798 3226.886 3242.0928 3257.199 3272.1038 3287.0085 3299.8992 -3283.2825 -3268.6797 -3254.1777 -3239.6758 -3225.879 2517.4988 3299.8992 3299.8992 3299.8992 3299.8992 3299.8992 3287.7136 3272.9094 3258.1055 3243.3013 3228.3965 3213.5925 3198.8892 3184.2864 3169.583 3154.779 3140.4785 3126.3794 3008.0474 1492.4927 -324.4812 -1765.21 -2805.5237 3133.8318 3149.7437 3165.3533 3180.8623 3196.2708 3211.5784 3226.6846 3241.8914 3256.897 3272.0032 3286.8071 3299.8992 -3283.8867 -3269.284 -3254.9834 -3240.6829 -3226.0803 2783.5693 3299.8992 3299.8992 3299.8992 3299.8992 3299.8992 3285.8 3270.8953 3256.0913 3241.287 3226.4832 3211.5784 3196.875 3182.2722 3167.5688 3153.2683 3139.1692 3124.5667 3043.0938 1440.628 -529.2206 -2126.3489 -3208.1543 3136.2488 3151.9592 3167.6697 3183.1787 3198.587 3213.794 3229.0007 3244.2078 3259.2131 3274.118 3289.0227 3299.8992 -3281.369 -3266.867 -3252.5664 -3237.9639 -3071.4934 3299.8992 3299.8992 3299.8992 3299.8992 3299.8992 3299.8992 3285.2966 3270.5933 3255.5876 3240.8843 3225.9795 3211.2761 3196.4722 
-3023.6572 -3009.6587 -2995.9624 -2981.964 -2968.0664 -2954.5715 -2941.0767 -2043.4662 -590.24963 1023.3948 2218.698 3299.8992 3299.8992 3299.8992 3299.8992 3299.8992 3299.8992 3299.8992 3299.8992 3299.8992 3299.8992 3299.8992 3299.8992 3299.8992 3299.8992 3299.8992 3299.8992 1310.9161 -3200.3997 -3184.5886 -3169.0796 -3153.772 -3138.565 -3123.6602 -3108.7554 -3094.1528 -3079.55 -3065.149 -3050.7476 -3036.447 -3022.348 -3008.3496 -2994.8547 -2980.7556 -2966.9585 -2953.363 -2939.8682 -1886.8652 -321.05713 1286.3434 2477.6184 3299.8992 3299.8992 3299.8992 3299.8992 3299.8992 3299.8992 3299.8992 3299.8992 3299.8992 3299.8992 3299.8992 3299.8992 3299.8992 3299.8992 3299.8992 3299.8992 633.7555 -3201.1047 -3185.2935 -3169.7844 -3154.5776 -3139.3706 -3124.3652 -3109.561 -3094.8577 -3080.2551 -3065.6523 -3051.5532 -3037.2527 -3023.1536 -3009.0544 -2994.9553 -2981.259 -2967.7642 -2954.1687 -2940.6738 -1906.2012 -393.96973 1234.0759 2527.8716 3299.8992 3299.8992 3299.8992 3299.8992 3299.8992 3299.8992 3299.8992 3299.8992 3299.8992 3299.8992 3299.8992 3299.8992 3299.8992 3299.8992 3299.8992 3299.8992 243.51196 -3199.292 -3183.5815 -3168.173 -3152.8655 -3137.7593 -3122.754 -3107.9497 -3093.3472 -3078.6438 -3064.2424 -3050.0427 -3035.6414 -3021.643 -3007.544 -2993.5454 -2979.849 -2966.3542 -2952.7588 -2919.4243 -1750.5066 -335.7605 1364.4928 2599.878 3299.8992 3299.8992 3299.8992 3299.8992 3299.8992 3299.8992 3299.8992 3299.8992 3299.8992 3299.8992 3299.8992 3299.8992 3299.8992 3299.8992 3299.8992 3299.8992 -101.412964 -3198.6877 -3182.9773 -3167.4683 -3152.362 -3137.2559 -3122.2502 -3107.3455 -3092.743 -3078.1401 -3063.6382 -3049.4385 -3035.2385 -3021.0388 -3007.141 -2993.4448 -2979.4463 -2965.6494 -2952.0537 -2936.3433 -1720.0928 -167.47742 1579.6051 2814.1846 3299.8992 3299.8992 3299.8992 3299.8992 3299.8992 3299.8992 3299.8992 3299.8992 3299.8992 3299.8992 3299.8992 3299.8992 3299.8992 3299.8992 3299.8992 3299.8992 -651.4801 -3198.587 -3183.1787 -3167.5688 -3152.362 -3137.2559 -3122.2502 -3107.4463 -3092.743 -3078.1401 -3063.8396 -3049.4385 -3035.2385 
3136.9536 3121.7468 3106.9426 3091.8364 3077.133 3009.2559 1907.5104 112.994385 -588.9404 -1419.6808 -2336.2244 -3045.4102 3094.757 3111.5752 3128.0913 3144.6074 3161.023 3177.3376 3193.35 3209.4634 3225.3752 3241.287 3256.7961 3272.8088 3288.4185 3299.8992 -3280.664 101.916504 3299.8992 3298.0864 3283.1816 3268.1763 3252.9692 3237.7625 3222.7568 3207.55 3192.1416 3176.6326 3161.2244 3146.1182 3130.8105 3115.7043 3100.296 3085.8948 3070.8892 2916.6045 1642.8497 -128.302 -807.2754 -1654.6326 -2599.5757 -3148.6357 3095.462 3112.0789 3128.6956 3145.2117 3161.6272 3177.841 3193.9543 3209.967 3225.9795 3241.7908 3257.199 3273.2117 3288.922 3299.8992 -3280.2612 436.16638 3299.8992 3296.7773 3281.7717 3266.7664 3251.6602 3236.554 3221.347 3206.0393 3190.7317 3175.2227 3159.915 3144.6074 3129.4006 3114.2944 3098.9868 3084.384 3066.6594 2611.56 1243.4418 -477.9602 -1180.9021 -1968.1366 -2820.8313 3232.6262 3104.1228 3120.7397 3137.2559 3153.772 3169.9858 3186.3005 3202.2124 3218.3257 3234.2375 3250.0488 3265.3564 3281.369 3296.9788 -3287.4114 -3259.8174 1084.2224 3299.8992 3299.8992 3286.5051 3271.298 3256.192 3240.985 3225.6775 3210.5713 3194.9614 3179.5532 3164.1448 3148.8372 3133.731 3118.6248 3103.6194 3088.8152 3071.7957 2801.4954 1499.0387 -268.9911 -1089.0564 -1882.7362 -2784.375 3214.9016 3104.1228 3120.7397 3137.3564 3153.772 3170.1873 3186.3005 3202.4138 3218.3257 3234.3384 3250.1494 3266.162 3281.7717 3297.0793 -3287.4114 -3180.258 1368.7225 3299.8992 3299.8992 3285.0952 3269.989 3254.782 3239.5752 3224.3682 3209.1614 3193.6523 3178.244 3162.9363 3147.4272 3132.321 3117.2148 3102.31 3087.506 3069.6807 2577.7222 1243.5425 -421.463 -1194.4977 -2033.2947 -2861.5173 3160.62 3107.5469 3124.2644 3140.7805 3157.0952 3173.5107 3189.624 3205.7373 3221.6492 3237.561 3253.372 3269.1833 3284.793 3299.8992 -3284.1887 -2939.7673 1883.5419 3299.8992 3299.8992 3285.2966 3270.0896 3254.9834 3239.8772 3224.5696 3209.262 3193.8538 3178.3447 3162.9363 3147.6287 
-2995.3582 -2981.4604 -2720.929 -2388.9954 -1971.9635 -1542.2424 -1038.0981 -633.35266 -343.81714 84.2926 495.4834 677.05994 1105.7739 2428.372 3299.8992 3299.8992 3299.8992 3299.8992 3299.8992 3299.8992 3299.8992 3299.8992 3299.8992 3299.8992 3299.8992 3299.8992 3250.2502 645.3369 -1702.9724 -3150.348 -3135.1409 -3120.236 -3105.4321 -3090.9302 -3076.4282 -3062.2283 -3047.9277 -3033.8286 -3019.931 -3006.134 -2992.2363 -2978.6406 -2589.203 -2095.3308 -1701.2604 -1496.8231 -1202.5543 -660.0403 -311.9934 -159.01794 99.90234 158.31299 682.49817 2018.692 3244.4092 3299.8992 3299.8992 3299.8992 3299.8992 3299.8992 3299.8992 3299.8992 3299.8992 3299.8992 3299.8992 3299.8992 3111.2732 499.3103 -1753.4271 -3139.0686 -3124.063 -3109.259 -3094.5557 -3079.953 -3065.5518 -3051.2512 -3037.152 -3023.2544 -3009.3567 -2995.5596 -2981.7627 -2968.2678 -2606.1218 -2187.277 -1869.342 -1339.2151 -766.0858 -369.19556 -36.4563 153.07617 537.2772 755.7129 1261.1664 2616.1926 3299.8992 3299.8992 3299.8992 3299.8992 3299.8992 3299.8992 3299.8992 3299.8992 3299.8992 3299.8992 3299.8992 3299.8992 3104.727 458.72498 -1726.6388 -3144.6074 -3129.4006 -3114.6973 -3099.994 -3085.391 -3071.0906 -3056.6895 -3042.5903 -3028.4912 -3014.5935 -3000.7964 -2987.1 -2973.4038 -2613.977 -2192.514 -1766.217 -1360.1624 -732.1472 -352.98157 -11.782837 310.88562 624.8932 724.89624 1329.6478 2828.888 3299.8992 3299.8992 3299.8992 3299.8992 3299.8992 3299.8992 3299.8992 3299.8992 3299.8992 3299.8992 3299.8992 3299.8992 3093.8506 441.5039 -1689.4775 -3152.8655 -3137.6587 -3122.8545 -3108.0505 -3093.5486 -3079.1472 -3064.8467 -3050.647 -3036.5479 -3022.6501 -3008.6516 -2994.8547 -2974.2095 -2451.535 -2012.4481 -1719.5892 -1147.0642 -596.3928 -311.38916 -97.38464 188.82751 559.03015 583.5022 1252.8076 2688.7024 3299.8992 3299.8992 3299.8992 3299.8992 3299.8992 3299.8992 3299.8992 3299.8992 3299.8992 3299.8992 3299.8992 3299.8992 2751.1414 -9.063721 -2051.724 -3154.9805 -3139.7734 -3124.8687 -3110.0647 -3095.5627 -3081.1614 -3066.9617 -3052.7617 -3038.6626 -3024.6643 -3010.8672 

-38.168335 -38.168335 -38.168335 -38.168335 -38.168335 -38.168335 -38.168335 -38.168335 -38.168335 -38.168335 -38.168335 -38.168335 -38.168335 -38.168335 -38.168335 -38.168335 -38.168335 -38.168335 -38.168335 -38.168335 -38.168335 -38.168335 -38.168335 -38.168335 -38.168335 -38.168335 -38.168335 -38.168335 -38.168335 -38.168335 -38.168335 -38.168335 -38.168335 -38.168335 -38.168335 -38.168335 -38.168335 -38.168335 -38.168335 -38.168335 -38.168335 -38.168335 -38.168335 -38.168335 -38.168335 -38.168335 -38.168335 -38.168335 -38.168335 -38.168335 -38.168335 -38.168335 -38.168335 -38.168335 -38.168335 -38.168335 -38.168335 -38.168335 -38.168335 -38.168335 -38.168335 -38.168335 -38.168335 -38.168335 -38.168335 -38.168335 -38.168335 -38.168335 -38.168335 -38.168335 -38.168335 -38.168335 -38.168335 -38.168335 -38.168335 -38.168335 -38.168335 -38.168335 -38.168335 -38.168335 -38.168335 -38.168335 -38.168335 -38.168335 -38.168335 -38.168335 -38.168335 -38.168335 -38.168335 -38.168335 -38.168335 -38.168335 -38.168335 -38.168335 -38.168335 -38.168335 -38.168335 -38.168335 -38.168335 -38.168335 -38.168335 -38.168335 -38.168335 -38.168335 -38.168335 -38.168335 -38.168335 -38.168335 -38.168335 -38.168335 -38.168335 -38.168335 -38.168335 -38.168335 -38.168335 -38.168335 -38.168335 -38.168335 -38.168335 -38.168335 -38.168335 -38.168335 -38.168335 -38.168335 -38.168335 -38.168335 -38.168335 -38.168335 -38.168335 -38.168335 -38.168335 -38.168335 -38.168335 -38.168335 -38.168335 -38.168335 -38.168335 -38.168335 -38.168335 -38.168335 -38.168335 -38.168335 -38.168335 -38.168335 -38.168335 -38.168335 -38.168335 -38.168335 -38.168335 -38.168335 -38.168335 -38.168335 -38.168335 -38.168335 -38.168335 -38.168335 -38.168335 -38.168335 -38.168335 -38.168335 -38.168335 -38.168335 -38.168335 -38.168335 -38.168335 -38.168335 -38.168335 -38.168335 -38.168335 -38.168335 -38.168335 -38.168335 -38.168335 -38.168335 -38.168335 -38.168335 -38.168335 -38.168335 -38.168335 -38.168335 -38.168335 -38.168335 -38.168335 -38.168335 -38.168335 -38.168335 -38.168335 -38.168335 -38.168335 -38.168335 -38.168335 -38.168335 -38.168335 -38.168335 -38.168335 -38.168335 -38.168335 -38.168335 -38.168335 -38.168335 
-35.046387 -15.710449 5.9417725 -2.9205322 -1.4099121 -10.372925 7.5531006 12.387085 16.71753 25.881958 46.5271 51.05896 54.58374 44.110107 42.39807 44.41223 56.799316 45.117188 29.608154 26.687622 33.43506 42.49878 56.19507 60.021973 45.41931 35.147095 28.198242 23.364258 12.286377 11.581421 21.350098 23.364258 42.49878 40.88745 66.36658 101.21155 128.10059 139.17847 138.07068 109.26819 107.455444 98.291016 76.33667 7.2509766 -21.450806 -41.793823 -99.90234 -133.63953 -83.99048 -74.42322 -93.45703 -106.64978 -119.13757 -114.90784 -124.87793 -115.41138 -104.434204 -75.531006 -61.935425 -63.64746 -77.645874 -96.780396 -120.64819 -118.93616 -99.3988 -83.58765 -53.878784 -13.696289 0.9063721 5.9417725 4.8339844 -2.2155762 -13.595581 -13.394165 -10.675049 1.5106201 10.372925 23.867798 24.874878 10.473633 -19.033813 -30.917358 -25.680542 -4.1290283 12.387085 15.509033 14.099121 7.5531006 6.2438965 10.171509 6.2438965 11.077881 14.300537 16.818237 18.328857 24.874878 23.867798 28.198242 29.708862 34.542847 35.247803 33.132935 33.737183 17.72461 20.846558 37.161255 18.630981 3.2226562 9.667969 16.21399 24.673462 29.30603 36.35559 58.511353 69.08569 75.027466 82.47986 89.328 78.35083 75.128174 61.331177 46.124268 29.003906 17.72461 5.5389404 -24.069214 8.358765 -8.862305 -33.132935 -29.507446 -21.24939 -26.184082 -23.565674 -41.189575 -54.483032 -73.21472 -75.22888 -75.22888 -68.78357 -57.403564 -44.210815 -32.528687 -47.03064 -45.52002 -38.269043 -55.59082 -70.3949 -57.60498 -35.44922 -7.9559326 9.667969 26.486206 18.127441 9.063721 -13.796997 -22.558594 -9.063721 15.509033 26.385498 25.680542 40.48462 64.35242 64.75525 52.267456 31.521606 38.47046 30.413818 12.387085 -2.6184082 -3.4240723 -4.3304443 18.530273 35.247803 26.989746 19.033813 30.715942 33.33435 62.23755 76.7395 89.12659 79.660034 61.935425 46.829224 37.765503 19.436646 33.737183 55.490112 61.73401 57.10144 61.23047 90.13367 89.12659 81.87561 91.8457 87.213135 96.17615 69.89136 7.1502686 -25.27771 -40.48462 
-3117.3157 -3102.8137 -3087.7075 -3073.5076 -3059.0056 -3044.5037 -2957.19 -371.81396 2697.4639 3299.8992 3299.8992 3299.8992 3299.8992 3299.8992 3299.8992 3299.8992 3299.8992 3299.8992 3299.8992 3299.8992 3299.8992 3299.8992 3299.8992 3299.8992 3299.8992 3288.5193 3268.881 3276.535 3293.5547 -3289.7278 -3273.1108 -3256.897 -3240.7837 -3224.8718 -3208.8591 -3193.1487 -3177.7405 -3162.332 -3147.1252 -3131.9182 -3116.9128 -3102.411 -3087.909 -3072.9033 -3058.4014 -3044.3022 -2857.0862 -198.29407 2894.046 3299.8992 3299.8992 3299.8992 3299.8992 3299.8992 3299.8992 3299.8992 3299.8992 3299.8992 3299.8992 3299.8992 3299.8992 3299.8992 3299.8992 3299.8992 3299.8992 3286.908 3216.513 3276.8372 3293.8567 -3289.4255 -3272.9094 -3256.5947 -3240.4814 -3224.5696 -3208.6577 -3193.048 -3177.4382 -3162.1306 -3146.823 -3131.7168 -3116.812 -3101.6052 -3086.9019 -3072.6013 -3058.2 -3043.698 -2723.245 82.177734 3114.395 3299.8992 3299.8992 3299.8992 3299.8992 3299.8992 3299.8992 3299.8992 3299.8992 3299.8992 3299.8992 3299.8992 3299.8992 3299.8992 3299.8992 3299.8992 3299.8992 3284.9944 2845.6055 3278.0457 3295.0652 -3288.3179 -3271.8018 -3255.487 -3239.3738 -3223.361 -3207.6506 -3191.9402 -3176.3306 -3161.023 -3145.816 -3130.7097 -3115.805 -3101.2024 -3086.7004 -3071.6948 -3057.2937 -3042.9932 -2643.283 197.28699 3299.8992 3299.8992 3299.8992 3299.8992 3299.8992 3299.8992 3299.8992 3299.8992 3299.8992 3299.8992 3299.8992 3299.8992 3299.8992 3299.8992 3299.8992 3299.8992 3299.8992 3284.0881 2303.9978 3279.657 3296.576 -3286.908 -3270.291 -3253.9763 -3237.863 -3222.052 -3206.2407 -3190.5303 -3175.0212 -3159.7136 -3144.5068 -3129.4006 -3114.4958 -3099.2888 -3084.9883 -3070.0835 -3055.5815 -3041.3818 -2404.0007 596.2921 3299.8992 3299.8992 3299.8992 3299.8992 3299.8992 3299.8992 3299.8992 3299.8992 3299.8992 3299.8992 3299.8992 3299.8992 3299.8992 3299.8992 3299.8992 3299.8992 3298.4893 3282.074 1517.8711 3280.5632 3297.4822 -3285.901 -3269.3848 -3253.1707 -3237.0574 -3221.1455 -3205.3345 -3189.7246 -3174.115 -3158.908 -3143.6003 -3128.4941 
-3158.3037 -3144.5068 -3130.2063 -3116.4092 -3102.6123 -3088.916 -2163.3086 492.9657 2867.0562 3299.8992 3299.8992 3299.8992 3299.8992 3299.8992 3299.8992 3299.8992 3299.8992 3299.8992 3299.8992 3299.8992 3299.8992 3299.8992 3299.8992 3287.7136 3272.708 3258.0046 3179.5532 3246.8262 3263.04 3278.549 3294.159 3299.8992 -3275.4272 -3260.321 -3245.3154 -3230.612 -3215.9087 -3201.3062 -3186.9048 -3172.705 -3158.4045 -3144.5068 -3130.307 -3116.51 -3102.713 -3089.0166 -1706.9 717.041 2987.3015 3299.8992 3299.8992 3299.8992 3299.8992 3299.8992 3299.8992 3299.8992 3299.8992 3299.8992 3299.8992 3299.8992 3299.8992 3299.8992 3299.0935 3284.0881 3269.3848 3254.6814 2924.2583 3245.819 3261.731 3277.4414 3292.9504 3299.8992 -3276.4343 -3261.4287 -3246.524 -3231.72 -3217.0166 -3202.4138 -3188.0127 -3173.7122 -3159.613 -3145.7153 -3131.4148 -3117.6177 -3103.8208 -3090.4265 -1580.8136 1015.8417 3299.8992 3299.8992 3299.8992 3299.8992 3299.8992 3299.8992 3299.8992 3299.8992 3299.8992 3299.8992 3299.8992 3299.8992 3299.8992 3299.8992 3295.3674 3280.4626 3265.6584 3250.5522 2432.8032 3244.6106 3260.7239 3276.233 3291.8425 3299.8992 -3277.542 -3262.6372 -3247.531 -3232.8276 -3218.0237 -3203.5217 -3189.1204 -3174.8198 -3160.62 -3146.3196 -3132.6233 -3118.7256 -3104.9285 -3091.4336 -1727.4445 793.8812 3095.3613 3299.8992 3299.8992 3299.8992 3299.8992 3299.8992 3299.8992 3299.8992 3299.8992 3299.8992 3299.8992 3299.8992 3299.8992 3299.8992 3296.3745 3281.6711 3266.7664 3251.5593 2007.2113 3247.6318 3263.5437 3279.1533 3294.6624 -3290.0298 -3274.823 -3259.8174 -3244.812 -3230.1086 -3215.4053 -3200.9033 -3186.502 -3172.1008 -3158.0017 -3143.6003 -3130.005 -3116.1072 -3102.31 -3089.0166 -1657.0496 793.277 3036.3464 3299.8992 3299.8992 3299.8992 3299.8992 3299.8992 3299.8992 3299.8992 3299.8992 3299.8992 3299.8992 3299.8992 3299.8992 3299.8992 3298.7915 3283.8867 3269.0825 3253.6743 1171.3348 3252.6672 3268.579 3284.1887 3299.6978 -3285.0952 -3269.8882 -3254.8828 -3240.0786 -3225.3752 -3210.5713 -3196.0693 -3181.7688 -3167.3674 
3181.8694 3167.2668 3152.8655 3138.6658 3124.1638 2916.9067 1203.5614 -643.32275 -2032.7911 -3161.1235 3137.5579 3153.3691 3168.9788 3184.4878 3199.8962 3215.103 3230.31 3245.5168 3260.623 3275.4272 3290.2312 3299.8992 -3280.5632 -3265.9607 -3251.5593 -3237.2588 -2838.455 3299.8992 3299.8992 3299.8992 3299.8992 3299.8992 3299.0935 3284.3901 3269.5862 3254.782 3239.978 3224.9724 3210.3699 3195.5657 3180.9631 3166.2598 3151.9592 3137.7593 3123.1567 2910.26 1191.7786 -563.7634 -1951.3184 -3085.794 3135.443 3151.2542 3166.864 3182.4736 3197.7812 3213.1897 3228.296 3243.5027 3258.5083 3273.413 3288.3179 3299.8992 -3282.074 -3267.6726 -3252.8687 -3238.4673 -2449.5208 3299.8992 3299.8992 3299.8992 3299.8992 3299.8992 3295.2666 3280.5632 3265.7593 3251.056 3236.0503 3221.2463 3206.4421 3191.7388 3177.2368 3162.7349 3148.0315 3133.731 3119.5312 2765.744 959.5459 -665.4785 -2087.5762 -3124.2644 3134.8389 3150.5493 3166.0583 3181.668 3196.9756 3212.2832 3227.4902 3242.4956 3257.7026 3272.6074 3287.5122 3299.8992 -3283.1816 -3268.6797 -3253.9763 -3239.6758 -2181.6375 3299.8992 3299.8992 3299.8992 3299.8992 3299.8992 3292.8496 3278.1462 3263.3423 3248.538 3233.8347 3218.8293 3204.126 3189.4226 3174.8198 3160.2173 3145.514 3131.4148 3116.812 2686.4868 763.5681 -1035.8826 -2336.4258 3261.6301 3136.9536 3152.664 3168.274 3183.6821 3199.1912 3214.3982 3229.5044 3244.6106 3259.7168 3274.6216 3289.5264 3299.8992 -3280.8655 -3266.3635 -3252.063 -3237.7625 -1710.6262 3299.8992 3299.8992 3299.8992 3299.8992 3299.8992 3292.044 3277.24 3262.4358 3247.6318 3232.8276 3218.0237 3203.3203 3188.617 3173.9136 3159.3108 3145.2117 3130.6091 3114.395 2476.712 499.51172 -1163.5803 -2422.531 3224.6704 3139.7734 3155.484 3171.1943 3186.6028 3201.9104 3217.1172 3232.3242 3247.4304 3262.4358 3277.4414 3292.2454 -3293.051 -3278.549 -3263.9465 -3249.7466 -3235.3455 -1174.7589 3299.8992 3299.8992 3299.8992 3299.8992 3299.8992 3291.9434 3277.3406 3262.4358 3247.6318 3232.8276 3218.0237 3203.2195 3188.617 
-3021.1394 -3007.141 -2993.5454 -2979.547 -2965.8508 -2952.2551 -2730.597 -1174.8596 415.72266 1773.6694 2868.0632 3299.8992 3299.8992 3299.8992 3299.8992 3299.8992 3299.8992 3299.8992 3299.8992 3299.8992 3299.8992 3299.8992 3299.8992 3299.8992 3299.8992 3299.8992 3299.8992 -1424.3134 -3202.011 -3186.3005 -3170.993 -3155.6853 -3140.579 -3125.5737 -3110.8704 -3096.167 -3081.5642 -3067.0623 -3052.7617 -3038.562 -3024.362 -3010.3638 -2996.466 -2982.669 -2969.0735 -2955.4778 -2804.6172 -1510.7208 -22.860718 1542.6453 2635.1257 3299.8992 3299.8992 3299.8992 3299.8992 3299.8992 3299.8992 3299.8992 3299.8992 3299.8992 3299.8992 3299.8992 3299.8992 3299.8992 3299.8992 3299.8992 3299.8992 -1762.088 -3197.9827 -3182.2722 -3166.9646 -3151.657 -3136.6516 -3121.646 -3106.842 -3092.2393 -3077.536 -3063.1348 -3048.8342 -3034.735 -3020.5352 -3006.5369 -2992.5383 -2978.842 -2965.3472 -2951.7517 -2878.4363 -1419.3787 202.92664 1814.859 2913.3818 3299.8992 3299.8992 3299.8992 3299.8992 3299.8992 3299.8992 3299.8992 3299.8992 3299.8992 3299.8992 3299.8992 3299.8992 3299.8992 3299.8992 3299.8992 3299.8992 -2542.575 -3194.6594 -3179.0496 -3163.6414 -3148.4343 -3133.5295 -3118.5242 -3103.72 -3089.0166 -3074.5146 -3060.0127 -3045.813 -3031.613 -3017.6147 -3003.6162 -2989.92 -2976.0222 -2962.326 -2948.6296 -2636.032 -1117.9596 485.614 1989.2853 3061.9263 3299.8992 3299.8992 3299.8992 3299.8992 3299.8992 3299.8992 3299.8992 3299.8992 3299.8992 3299.8992 3299.8992 3299.8992 3299.8992 3299.8992 3299.8992 3227.6917 -3085.089 -3194.5586 -3178.949 -3163.44 -3148.233 -3133.3281 -3118.3228 -3103.5186 -3089.0166 -3074.3132 -3060.0127 -3045.7122 -3031.5125 -3017.4133 -3003.5156 -2989.92 -2976.0222 -2962.1245 -2948.7305 -2402.6917 -861.557 541.0034 2131.787 3219.2322 3299.8992 3299.8992 3299.8992 3299.8992 3299.8992 3299.8992 3299.8992 3299.8992 3299.8992 3299.8992 3299.8992 3299.8992 3299.8992 3299.8992 3299.8992 2969.275 -3211.5784 -3195.6665 -3180.0566 -3164.6484 -3149.4414 -3134.436 -3119.5312 -3104.727 -3090.0237 -3075.5217 -3061.1206 -3046.82 -3032.62 
3132.4219 3117.3157 3102.6123 3087.506 3069.3787 2516.7937 1145.05 -525.5951 -1261.1664 -2008.4198 -2841.7786 3092.4407 3109.3596 3125.8757 3142.3918 3158.908 3175.122 3191.336 3207.3486 3223.2605 3239.273 3255.0842 3271.0967 3286.4043 3299.8992 -3282.5774 -2839.0593 1934.6008 3299.8992 3299.8992 3286.1023 3271.0967 3255.789 3240.6829 3225.476 3210.1685 3194.6594 3179.1504 3163.8428 3148.4343 3133.2275 3118.1213 3102.9143 3088.3118 3070.5872 2570.6726 1186.9446 -517.1356 -1212.4237 -1960.7849 -2744.3938 3157.3975 3108.1511 3124.8687 3141.4856 3157.901 3174.115 3190.4297 3206.4421 3222.2534 3238.3667 3254.1777 3269.4854 3285.3972 3299.8992 -3283.484 -2420.4163 2547.9126 3299.8992 3296.475 3281.6711 3266.464 3251.2573 3236.1511 3220.8435 3205.536 3190.2283 3174.7192 3159.2102 3144.2046 3128.897 3113.8916 3098.4832 3083.9812 3063.3362 2193.521 765.7837 -820.2667 -1414.1418 -2112.4512 -2916.0002 3095.6633 3112.2803 3129.0984 3145.514 3161.8286 3178.1433 3194.2566 3210.269 3226.2817 3242.0928 3258.1055 3273.413 3289.325 3299.8992 -3279.8584 -2162.7043 2861.8193 3299.8992 3298.3887 3283.484 3268.2769 3253.1707 3237.9639 3222.6562 3207.3486 3191.9402 3176.4312 3161.1235 3145.816 3130.5083 3115.6035 3100.1953 3085.5925 3067.163 2334.1094 941.11633 -583.5022 -1291.3788 -2118.1914 -3059.0056 3094.8577 3111.7766 3128.2927 3144.8088 3161.325 3177.539 3193.5515 3209.6648 3225.778 3241.4885 3257.4004 3272.8088 3288.7207 3299.8992 -3280.3618 -1724.2218 3299.8992 3299.8992 3294.461 3279.5562 3264.5508 3249.3438 3234.137 3219.0308 3203.7231 3188.214 3172.8057 3157.498 3142.0898 3126.8828 3112.0789 3096.5698 3082.0679 3062.631 2240.9546 768.90564 -743.93005 -1334.2804 -2090.1946 -2845.404 3092.1387 3109.1582 3125.6743 3142.1904 3158.606 3175.0212 3191.1345 3207.1472 3223.2605 3238.971 3254.8828 3270.8953 3286.203 3299.8992 -3282.8796 -1413.6383 3299.8992 3299.8992 3290.5334 3275.5278 3260.4216 3245.3154 3230.1086 3214.801 3199.594 3184.085 3168.6768 3153.2683 3138.162 
-2996.9695 -2980.957 -2608.136 -2223.9348 -1868.2343 -1365.9027 -794.5862 -298.49854 10.775757 249.0509 741.21094 832.8552 1503.5706 2900.894 3299.8992 3299.8992 3299.8992 3299.8992 3299.8992 3299.8992 3299.8992 3299.8992 3299.8992 3299.8992 3299.8992 3299.8992 2445.5933 -255.39551 -2176.0986 -3154.779 -3139.572 -3124.768 -3109.9639 -3095.462 -3080.96 -3066.6594 -3052.5603 -3038.3606 -3024.362 -3010.5652 -2996.869 -2979.4463 -2482.4524 -2062.1978 -1561.0748 -1128.9368 -753.2959 -382.08618 -112.39014 227.7008 602.2339 656.8176 1391.1804 2924.057 3299.8992 3299.8992 3299.8992 3299.8992 3299.8992 3299.8992 3299.8992 3299.8992 3299.8992 3299.8992 3299.8992 3299.8992 2154.3457 -541.7084 -2424.646 -3151.7578 -3136.6516 -3122.0488 -3107.2449 -3092.642 -3078.241 -3063.9404 -3049.8413 -3035.7422 -3021.8445 -3007.9468 -2994.1497 -2975.5188 -2504.6082 -2073.578 -1743.8599 -1339.8193 -807.98035 -406.45752 -162.1399 212.99744 653.9978 787.2345 1645.166 3211.2761 3299.8992 3299.8992 3299.8992 3299.8992 3299.8992 3299.8992 3299.8992 3299.8992 3299.8992 3299.8992 3299.8992 3299.8992 2270.7642 -353.78723 -2263.211 -3152.2612 -3137.155 -3122.351 -3107.6477 -3093.1458 -3078.7444 -3064.4438 -3050.1433 -3036.145 -3022.2473 -3008.4502 -2994.452 -2866.6533 -2299.6672 -1834.7992 -1361.4716 -908.78906 -216.52222 82.9834 232.83691 499.00818 916.4429 1120.3766 1869.6442 3191.336 3299.8992 3299.8992 3299.8992 3299.8992 3299.8992 3299.8992 3299.8992 3299.8992 3299.8992 3299.8992 3299.8992 3299.8992 1834.4971 -779.48 -2572.6868 -3163.742 -3148.6357 -3133.9324 -3119.229 -3104.6265 -3090.1245 -3075.7231 -3061.7249 -3047.525 -3033.5266 -3019.7295 -3005.8318 -2800.0854 -2327.2612 -1921.3074 -1568.5272 -1203.9642 -898.2147 -492.9657 -141.49475 181.37512 660.84595 1012.619 2010.6354 3299.8992 3299.8992 3299.8992 3299.8992 3299.8992 3299.8992 3299.8992 3299.8992 3299.8992 3299.8992 3299.8992 3299.8992 3299.8992 1651.712 -943.2312 -2776.9226 -3161.1235 -3146.1182 -3131.2134 -3116.51 -3101.9072 -3087.506 -3073.2056 -3059.0056 -3044.806 -3030.8074 -3017.0105 

-38.168335 -38.168335 -38.168335 -38.168335 -38.168335 -38.168335 -38.168335 -38.168335 -38.168335 -38.168335 
43.304443 30.715942 23.867798 7.7545166 4.4311523 -1.4099121 -17.019653 -23.162842 -18.22815 -14.703369 
3299.8992 3299.8992 3299.8992 3299.8992 3294.2595 3277.0386 3273.9165 3291.1377 -3292.2454 -3275.6287 
3299.8992 3299.8992 3290.9363 3276.132 3261.3281 3246.0205 3242.0928 3258.307 3274.0173 3289.5264 
3296.173 -3289.1235 -3274.2188 -3259.7168 -3245.114 -3231.015 2134.7075 3299.8992 3299.8992 3299.8992 
3299.8992 3299.8992 3299.8992 3299.8992 3299.8992 3299.8992 140.28625 -3211.8804 -3196.17 -3180.661 
3250.4517 3266.162 3281.5703 3297.4822 -3287.1094 -3271.8018 1106.2775 3299.8992 3299.8992 3286.908 
3299.8992 3299.8992 3299.8992 3299.8992 3299.8992 2919.928 307.15942 -1736.6089 -3170.8923 -3155.5847 

