9.970093 9.970093 9.970093 9.970093 9.970093 9.970093 9.970093 9.970093 9.970093 9.970093 9.970093 9.970093 9.970093 9.970093 9.970093 9.970093 9.970093 9.970093 9.970093 9.970093 -33.032227 -29.003906 -28.80249 -13.595581 3.5247803 40.182495 114.505005 163.75122 166.87317 160.02502 161.13281 137.76855 111.987305 116.519165 110.27527 23.162842 -109.67102 -206.25 -181.87866 -99.49951 -89.328 -53.17383 -7.1502686 9.466553 29.205322 69.68994 3.2226562 -141.49475 -220.1477 -252.47498 -260.63232 -191.74805 -68.88428 2.2155762 31.018066 51.260376 71.40198 115.41138 110.77881 60.324097 48.843384 19.638062 8.862305 0 -69.28711 -138.3728 -136.45935 -124.575806 -118.2312 -82.37915 -17.019653 33.737183 65.86304 85.90393 84.39331 53.778076 23.666382 -2.0141602 -9.265137 21.652222 27.79541 -3.5247803 -60.324097 -30.715942 28.399658 74.42322 55.69153 49.749756 77.545166 84.59473 58.309937 26.889038 -5.7403564 -47.03064 -69.992065 -25.378418 39.37683 59.71985 14.703369 -108.86536 -149.6521 -125.48218 -57.403564 -16.616821 -35.85205 -67.17224 -81.37207 -131.72607 -170.80078 -127.697754 -76.034546 -79.055786 -100.6073 -80.163574 -37.664795 -8.459473 50.454712 126.79138 225.68665 302.62756 286.21216 252.07214 242.7063 223.7732 196.38062 204.63867 105.54199 -43.304443 -149.14856 -221.96045 -240.99426 -146.42944 -60.525513 -89.63013 -143.3075 -138.3728 -109.67102 -78.85437 -93.759155 -119.84253 -100.10376 -66.87012 -37.664795 -15.408325 -23.464966 -33.233643 16.113281 29.608154 22.860718 -12.789917 -46.829224 -71.20056 -96.98181 -99.70093 -56.295776 -34.44214 14.501953 64.453125 105.84412 132.73315 138.3728 127.89917 106.64978 102.01721 144.01245 233.03833 245.62683 241.90063 215.51514 129.71191 40.786743 14.904785 6.3446045 -8.963013 -49.246216 -58.813477 -34.94568 -16.314697 -54.483032 -125.582886 -119.94324 -124.97864 -128.90625 -127.194214 -144.6167 -139.27917 -74.82605 -70.69702 -72.509766 -50.756836 -53.274536 -28.29895 -26.083374 9.768677 66.36658 58.410645 49.95117 55.18799 88.62305 122.058105 
-103.52783 -79.2572 -49.95117 -50.857544 -76.23596 -109.3689 -83.99048 -36.154175 -51.965332 -55.08728 -24.874878 14.904785 21.350098 61.12976 82.681274 108.05969 158.11157 175.83618 135.7544 130.8197 108.05969 86.00464 45.620728 8.761597 12.387085 22.25647 0.80566406 -0.50354004 10.272217 20.947266 30.917358 106.34766 202.5238 187.01477 55.792236 -6.5460205 -50.958252 -82.47986 -140.7898 -193.46008 -205.0415 -209.9762 -210.37903 -181.073 -154.6875 -181.27441 -134.34448 -46.5271 -16.113281 7.9559326 41.793823 60.72693 43.40515 63.848877 103.62854 135.7544 171.40503 152.47192 113.29651 129.00696 73.31543 44.311523 28.903198 5.2368164 15.005493 29.30603 -19.537354 -56.295776 -45.92285 -68.78357 -76.638794 -69.488525 -56.19507 -52.06604 -74.523926 -57.907104 -42.297363 -52.871704 -56.19507 -50.756836 -13.293457 10.574341 21.853638 26.586914 25.479126 -5.7403564 15.911865 16.818237 -33.83789 -83.688354 -87.716675 -66.467285 -66.970825 -47.735596 11.480713 27.593994 63.24463 110.27527 157.60803 210.47974 163.34839 122.66235 71.80481 31.82373 21.853638 21.450806 -14.501953 -52.56958 -79.96216 -90.83862 -60.12268 -16.415405 23.666382 -21.75293 -75.631714 -74.72534 -55.69153 -37.161255 -37.765503 -55.08728 -84.49402 -123.97156 -146.22803 -138.47351 -117.32483 -130.719 -76.7395 -13.897705 -3.7261963 4.1290283 61.12976 93.85986 103.52783 124.37439 186.91406 195.07141 193.05725 138.57422 101.21155 91.8457 31.118774 0 -10.876465 -11.279297 29.608154 72.40906 25.27771 -32.42798 -88.0188 -103.02429 -57.000732 9.970093 58.61206 47.53418 0 9.567261 5.6396484 5.5389404 -15.408325 -49.54834 -36.254883 -30.615234 -15.710449 -1.8127441 -25.479126 -66.76941 -13.595581 17.019653 -0.10070801 -8.157349 -7.8552246 -33.535767 -61.029053 -44.0094 -0.40283203 -0.10070801 15.005493 48.138428 95.37048 110.980225 63.043213 25.479126 -2.4169922 -29.406738 -33.233643 -9.768677 -33.9386 -41.4917 -54.382324 -41.4917 -32.32727 -16.818237 40.182495 23.76709 -43.707275 -80.06287 -76.84021 -58.813477 -44.110107 -18.530273 
2964.038 2949.4353 2934.9333 2825.5645 2908.2458 2897.3694 2885.5864 2873.3 2860.6108 2847.4182 2834.3262 2821.2341 2808.0413 2794.9492 2782.0586 2769.2688 2756.4788 2743.991 2731.4026 -620.56274 2742.581 2764.2334 2785.2812 2804.6172 2823.8525 2842.5842 2861.1145 2879.141 2896.8657 2914.4897 2931.912 2949.1333 2966.2537 2983.2732 3000.0916 -2264.6208 44.51294 2856.784 2993.5454 2979.0435 2961.7217 2946.7163 2930.4016 2684.0698 2908.85 2896.06 2884.2773 2871.7896 2858.9995 2845.9075 2832.8154 2819.6228 2806.5308 2793.4387 2780.4473 2767.758 2754.9683 2742.4805 2729.7913 -2385.269 2744.4946 2766.5496 2786.6912 2806.9336 2825.8667 2844.4976 2862.4236 2880.551 2898.2756 2915.8997 2933.322 2950.4424 2967.5627 2984.5825 3001.3 -2024.5331 608.5785 3003.717 2989.92 2975.6194 2960.7146 2945.3064 2929.495 2804.718 2905.1238 2892.4346 2880.4504 2868.164 2855.374 2842.282 2829.19 2815.9973 2802.9053 2789.8132 2776.9226 2764.2334 2751.5442 2739.0564 2726.3672 2775.714 2743.991 2765.442 2786.3892 2805.725 2824.8596 2843.5913 2861.9202 2880.0476 2897.7722 2915.396 2932.8186 2949.939 2967.0593 2984.0789 3000.7964 -1980.0201 451.3733 3003.8176 2990.0208 2975.5188 2959.4055 2944.9036 2929.0923 2664.633 2905.3252 2892.7368 2880.8533 2868.3655 2855.5754 2842.4834 2829.2908 2816.098 2803.0059 2790.0146 2777.0232 2764.2334 2751.6448 2739.2578 2726.3672 2723.9502 2747.415 2768.7651 2789.0076 2808.9478 2827.9814 2846.4111 2864.6392 2882.4646 2900.1892 2917.813 2935.1348 2952.356 2969.4763 2986.3953 3003.2134 -1854.0344 673.63586 3003.9185 2990.3228 2975.8208 2959.607 2945.3064 2929.0923 2777.426 2905.6274 2892.7368 2880.551 2867.9626 2855.072 2841.98 2828.888 2815.5945 2802.603 2789.511 2776.6204 2763.8306 2751.242 2738.6536 2725.763 2726.77 2750.0334 2771.7864 2791.5251 2811.6667 2830.4993 2848.9287 2867.0562 2884.9822 2902.7068 2920.23 2937.4512 2954.773 2971.692 2988.7114 3005.429 -1631.8726 1110.2051 3002.6091 2988.8123 2974.109 
340.09094 -2570.169 -2558.1848 -2546.3013 -2534.5183 -2523.239 -2511.4563 -2500.0762 -2488.7969 -2477.5176 -855.4138 3299.8992 3299.8992 1822.2107 135.35156 -1995.4285 -2330.081 -1730.0629 -1482.8247 -2471.2737 -2460.1958 -2448.9165 -2438.1409 -2427.4658 -2416.7908 -2406.4177 -2395.5413 -2385.269 -1506.0883 3299.8992 3299.8992 3299.8992 3299.8992 3299.8992 3299.8992 3299.8992 3299.8992 3299.8992 3299.8992 3299.8992 55.993652 -2575.4058 -2563.4216 -2551.6387 -2539.9565 -2528.5767 -2516.8945 -2505.2124 -2494.0337 -2482.7544 -488.73596 3299.8992 3299.8992 1595.4163 -53.57666 -1827.1454 -2063.3057 -1279.0924 -1172.0398 -2483.4595 -2472.1802 -2460.901 -2449.9236 -2439.148 -2428.372 -2417.9993 -2407.1228 -2396.6492 -1249.4843 3299.8992 3299.8992 3299.8992 3299.8992 3299.8992 3299.8992 3299.8992 3299.8992 3299.8992 3299.8992 3299.8992 -2.3162842 -2586.4836 -2574.701 -2562.7166 -2551.0344 -2539.6545 -2527.771 -2516.3909 -2505.011 -2493.8323 -569.6045 3299.8992 3299.8992 715.329 -826.4099 -2323.8372 -2465.9363 -1727.7466 -1807.1045 -2475.7048 -2464.5264 -2453.247 -2442.6726 -2431.897 -2421.121 -2410.8489 -2399.9724 -2389.5996 -473.22693 3299.8992 3299.8992 3299.8992 3299.8992 3299.8992 3299.8992 3299.8992 3299.8992 3299.8992 3299.8992 3299.8992 -418.44177 -2581.7505 -2569.867 -2557.8826 -2546.2004 -2534.8206 -2523.0376 -2511.6577 -2500.2776 -2488.9983 71.80481 3299.8992 3299.8992 477.15454 -1272.2443 -2509.7441 -2494.638 -1802.5726 -1914.1571 -2469.5618 -2458.484 -2447.3052 -2436.6301 -2426.056 -2415.28 -2405.0078 -2394.1313 -2383.96 22.457886 3299.8992 3299.8992 3299.8992 3299.8992 3299.8992 3299.8992 3299.8992 3299.8992 3299.8992 3299.8992 3299.8992 -1081.4026 -2575.003 -2563.1194 -2551.4373 -2539.6545 -2528.2744 -2516.4917 -2505.1116 -2493.8323 -2436.026 542.61475 3299.8992 3102.6123 328.61023 -1480.307 -2503.601 -2491.1133 -1916.4734 -2444.0825 -2461.8071 -2450.83 -2439.7522 -2429.0771 -2418.402 -2407.9285 -2397.5554 -2386.9812 -2376.6082 1033.4656 3299.8992 3299.8992 3299.8992 3299.8992 3299.8992 3299.8992 3299.8992 3299.8992 3299.8992 3299.8992 3299.8992 
89.93225 525.09155 883.1085 1090.3656 986.0321 -485.614 3299.8992 -3281.067 -3266.3635 -3251.6602 -3237.0574 -3222.6562 -3208.4563 -3194.458 -3180.4595 -3166.7632 -3152.9663 -3139.6729 -3126.3794 -1436.7004 3299.8992 3299.8992 3299.8992 3299.8992 3299.8992 3299.8992 3299.8992 3299.8992 3299.8992 3299.8992 3299.8992 3299.8992 3296.3745 2531.3965 212.4939 -1015.1367 -1287.854 -1501.0529 -1538.617 -679.1748 271.20667 677.16064 898.9197 1016.84875 940.7135 -621.67053 3298.1873 -3286.203 -3271.0967 -3256.2927 -3241.69 -3227.188 -3212.8875 -3198.8892 -3184.9915 -3171.1943 -3157.5989 -3144.0032 -3130.6091 -1087.4451 3299.8992 3299.8992 3299.8992 3299.8992 3299.8992 3299.8992 3299.8992 3299.8992 3299.8992 3299.8992 3299.8992 3299.8992 3290.4326 2413.568 61.12976 -1117.7582 -1512.03 -1678.8025 -1717.6758 -892.9779 35.44922 454.99878 862.06055 1064.1815 887.13684 -827.6184 3299.8992 -3283.6853 -3269.0825 -3254.3792 -3239.7766 -3225.3752 -3211.1755 -3197.177 -3183.1787 -3169.4824 -3155.6853 -3142.3918 -3128.9978 -627.00806 3299.8992 3299.8992 3299.8992 3299.8992 3299.8992 3299.8992 3299.8992 3299.8992 3299.8992 3299.8992 3299.8992 3299.8992 3289.8284 2236.1206 73.91968 -964.98413 -1302.6581 -1468.222 -1464.4958 -772.1283 19.638062 322.26562 563.86414 701.9348 312.29553 -1600.351 -3293.051 -3277.6428 -3262.6372 -3247.9338 -3233.3313 -3219.3328 -3205.133 -3191.034 -3177.2368 -3163.44 -3149.8442 -3136.4502 -3123.2573 -95.06836 3299.8992 3299.8992 3299.8992 3299.8992 3299.8992 3299.8992 3299.8992 3299.8992 3299.8992 3299.8992 3299.8992 3299.8992 3292.9504 2016.98 -194.06433 -1243.5425 -1583.432 -1781.9275 -1735.199 -751.48315 77.44446 466.37878 825.9064 1006.4758 613.5132 -1586.8561 -3287.21 -3272.2046 -3257.6018 -3242.8984 -3228.3965 -3214.1968 -3199.9968 -3186.2 -3172.4028 -3158.7065 -3145.111 -3131.8176 -3118.6248 696.09375 3299.8992 3299.8992 3299.8992 3299.8992 3299.8992 3299.8992 3299.8992 3299.8992 3299.8992 3299.8992 3299.8992 3299.8992 3294.159 1961.4899 40.786743 -934.4696 -1299.3347 -1535.2936 -1463.4888 -456.71082 
-1903.8849 -3113.4888 -3098.6846 -3083.4778 -3068.573 -3053.9702 -3039.6697 -3025.3691 -3011.27 -2997.2717 -2983.4746 -2969.8792 -2956.2834 -2942.8894 -2929.495 -2916.403 -2903.4119 -2890.5212 -2877.7312 -2863.632 -2017.1814 -1190.8722 255.39551 2110.6384 3299.8992 3299.8992 3299.8992 3299.8992 3299.8992 3299.8992 3299.8992 3299.8992 3299.8992 3299.8992 3299.8992 3299.8992 3299.8992 3299.8992 3299.8992 3299.8992 -2216.8853 -3105.0293 -3089.7217 -3074.817 -3060.315 -3045.9136 -3031.5125 -3017.3125 -3003.3142 -2989.3157 -2975.5188 -2961.923 -2948.4282 -2935.1348 -2921.9421 -2908.7493 -2895.758 -2882.968 -2870.2788 -2626.1626 -1440.9302 -418.44177 943.73474 2804.6172 3299.8992 3299.8992 3299.8992 3299.8992 3299.8992 3299.8992 3299.8992 3299.8992 3299.8992 3299.8992 3299.8992 3299.8992 3299.8992 3299.8992 3299.8992 3268.881 -2757.3853 -3108.252 -3092.8435 -3078.0396 -3063.5376 -3049.0356 -3034.5337 -3020.4346 -3006.436 -2992.337 -2978.6406 -2964.9443 -2951.5503 -2938.0554 -2924.762 -2911.7705 -2898.7793 -2885.8887 -2873.1995 -2431.897 -1410.7178 -300.6134 1043.335 2770.276 3299.8992 3299.8992 3299.8992 3299.8992 3299.8992 3299.8992 3299.8992 3299.8992 3299.8992 3299.8992 3299.8992 3299.8992 3299.8992 3299.8992 3299.8992 3230.8135 -2852.655 -3112.2803 -3096.8718 -3081.967 -3067.465 -3052.8625 -3038.4612 -3024.362 -3010.0615 -2996.2646 -2982.266 -2968.6707 -2955.1758 -2941.681 -2928.488 -2915.396 -2902.304 -2889.5142 -2876.724 -2533.612 -1855.7465 -670.0104 827.2156 2801.8982 3299.8992 3299.8992 3299.8992 3299.8992 3299.8992 3299.8992 3299.8992 3299.8992 3299.8992 3299.8992 3299.8992 3299.8992 3299.8992 3299.8992 3299.8992 2680.4443 -3121.4446 -3105.9355 -3091.333 -3076.0254 -3061.2212 -3046.82 -3032.4187 -3018.219 -3004.3213 -2990.3228 -2976.6265 -2962.9302 -2949.4353 -2936.0413 -2922.8484 -2909.7563 -2896.8657 -2884.076 -2871.286 -2358.078 -1633.2825 -358.21838 1202.1515 3255.2856 3299.8992 3299.8992 3299.8992 3299.8992 3299.8992 3299.8992 3299.8992 3299.8992 3299.8992 3299.8992 3299.8992 3299.8992 3299.8992 3299.8992 3299.8992 2440.0542 
370.50476 845.84656 1288.6597 1644.1589 1778.9062 1018.8629 -641.51 -2627.371 3216.0095 3232.5256 3248.639 3264.6514 3280.2612 3295.9717 -3288.6199 -3273.2117 -3257.904 -3242.8984 -3227.7922 -1666.919 2754.1626 3299.8992 3299.8992 3299.8992 3299.8992 3299.8992 3286.6057 3271.0967 3255.6885 3239.4744 3224.0662 3208.6577 3187.4084 1024.8047 -1114.3341 -1964.3097 -1940.6433 -1869.5435 -1674.8749 -653.19214 471.31348 951.18713 1356.2347 1646.6766 1682.0251 836.38 -883.1085 -3130.6091 3220.2393 3236.4531 3252.7678 3268.579 3284.3901 3299.8992 -3284.491 -3269.284 -3254.0771 -3239.0715 -3223.8647 -1259.2529 3233.2305 3299.8992 3299.8992 3299.8992 3299.8992 3299.8992 3287.1094 3271.6003 3256.192 3239.8772 3224.469 3209.1614 3140.68 678.26843 -1289.3646 -1999.1547 -2127.0537 -1991.6016 -1674.2706 -464.86816 565.47546 1059.6497 1392.2882 1722.6105 1802.3712 951.8921 -720.7672 -3226.7852 3220.944 3237.2588 3253.372 3269.1833 3285.0952 3299.8992 -3283.9873 -3268.6797 -3253.473 -3238.3667 -3223.361 -1009.19495 3299.8992 3299.8992 3299.8992 3299.8992 3299.8992 3299.8992 3286.3037 3270.8953 3255.3862 3239.0715 3223.764 3208.3557 3133.2275 750.7782 -1192.4835 -1889.1815 -1829.4617 -1752.2186 -1439.621 -435.36072 493.97278 960.9558 1392.3889 1631.369 1556.0394 612.00256 -986.0321 3204.6294 3221.2463 3237.4602 3253.775 3269.4854 3285.2966 3299.8992 -3283.786 -3268.2769 -3253.07 -3238.0645 -3223.1597 -444.62585 3299.8992 3299.8992 3299.8992 3299.8992 3299.8992 3297.9858 3282.6782 3267.1692 3251.8616 3235.446 3220.1384 3204.7302 3017.4133 566.48254 -1183.3191 -1761.9873 -1720.9991 -1617.9749 -1324.2096 -246.13037 627.2095 1077.475 1515.3534 1812.3413 1730.9692 650.67444 -953.70483 3196.2708 3212.8875 3229.0007 3245.2148 3261.2273 3276.9377 3292.749 -3291.8425 -3276.535 -3261.2273 -3246.121 -3231.015 -149.85352 3299.8992 3299.8992 3299.8992 3299.8992 3299.8992 3288.3179 3272.9094 3257.5012 3242.1936 3225.879 3210.6719 3195.2637 2782.3608 92.34924 -1575.7782 -2025.238 -2039.6393 -1938.8306 -1620.3918 -525.7965 
697.40295 -1697.8363 -2993.042 -2979.0435 -2965.0452 -2951.5503 -2938.0554 -2924.762 -2911.67 -2898.477 -2885.5864 -2872.6958 -2860.1074 -2847.4182 -2834.8296 -2822.3418 -2809.9548 -2797.6685 -2785.382 -2666.5466 -2000.766 -1405.2795 -777.2644 13.897705 1107.3853 3207.0464 3299.8992 3299.8992 3299.8992 3299.8992 3299.8992 3299.8992 3299.8992 3299.8992 3299.8992 3299.8992 3299.8992 3299.8992 3299.8992 3243.6035 475.14038 -2061.2915 -2986.093 -2972.0947 -2958.3984 -2944.9036 -2931.5093 -2918.2158 -2905.1238 -2892.0317 -2879.0405 -2866.3513 -2853.5613 -2840.973 -2828.5857 -2816.1987 -2803.8115 -2791.5251 -2779.2388 -2474.7986 -1696.7285 -1166.2994 -541.8091 211.99036 1399.7406 3299.8992 3299.8992 3299.8992 3299.8992 3299.8992 3299.8992 3299.8992 3299.8992 3299.8992 3299.8992 3299.8992 3299.8992 3299.8992 3299.8992 2971.591 150.25635 -2231.0852 -2984.0789 -2970.282 -2956.4849 -2942.99 -2929.596 -2916.3025 -2903.311 -2890.219 -2877.2278 -2864.5386 -2851.8494 -2839.1602 -2826.8738 -2814.2852 -2801.9988 -2789.8132 -2777.3254 -2462.915 -1783.3374 -1138.3026 -575.647 310.07996 1586.2518 3299.8992 3299.8992 3299.8992 3299.8992 3299.8992 3299.8992 3299.8992 3299.8992 3299.8992 3299.8992 3299.8992 3299.8992 3299.8992 3299.8992 3105.5327 412.09717 -1980.0201 -2986.6973 -2972.699 -2959.0027 -2945.407 -2932.013 -2918.7195 -2905.5266 -2892.636 -2879.6448 -2866.8547 -2854.065 -2841.4763 -2828.9885 -2816.5007 -2804.2144 -2791.928 -2779.7424 -2363.3147 -1783.6395 -1151.7975 -482.69348 378.96423 1733.2855 3299.8992 3299.8992 3299.8992 3299.8992 3299.8992 3299.8992 3299.8992 3299.8992 3299.8992 3299.8992 3299.8992 3299.8992 3299.8992 3299.8992 2607.431 -270.5017 -2712.268 -2982.7698 -2968.9727 -2955.1758 -2941.58 -2928.2866 -2915.094 -2901.9011 -2889.0105 -2876.1199 -2863.2292 -2850.6409 -2837.9517 -2825.6653 -2813.1775 -2800.891 -2788.7053 -2776.419 -2131.6863 -1472.3511 -822.4823 -261.6394 586.52344 2118.1914 3299.8992 3299.8992 3299.8992 3299.8992 3299.8992 3299.8992 3299.8992 3299.8992 3299.8992 3299.8992 3299.8992 3299.8992 3299.8992 3299.8992 2519.6135 

122.058105 122.058105 122.058105 122.058105 122.058105 122.058105 122.058105 122.058105 122.058105 122.058105 122.058105 122.058105 122.058105 122.058105 122.058105 122.058105 122.058105 122.058105 -7.1502686 42.90161 76.638794 57.302856 -48.742676 -179.46167 -204.63867 -155.9967 -47.836304 6.5460205 -13.192749 -92.85278 -138.97705 -96.17615 -46.224976 -19.033813 15.509033 13.696289 -2.7191162 -12.286377 -28.198242 -55.288696 -92.34924 -96.07544 -53.07312 8.560181 -68.28003 -109.57031 -24.874878 79.2572 122.25952 151.16272 158.61511 142.1997 117.12341 125.28076 116.922 106.75049 71.7041 50.05188 8.358765 -81.37207 -168.88733 -183.48999 -120.44678 -86.8103 -54.0802 -46.5271 0.10070801 78.552246 121.051025 129.91333 92.95349 108.462524 146.22803 199.80469 218.8385 213.8031 174.62769 45.117188 -97.98889 -171.30432 -202.02026 -245.42542 -247.03674 -163.85193 -125.7843 -122.36023 -151.56555 -175.23193 -140.48767 -86.50818 -62.438965 -86.91101 -80.56641 -56.799316 -28.198242 8.862305 8.560181 -6.7474365 -54.0802 -49.0448 -15.509033 -45.217896 -132.93457 -175.63477 -141.79688 -72.9126 15.509033 59.71985 48.742676 50.05188 47.836304 73.71826 76.23596 60.72693 90.737915 95.97473 101.61438 69.38782 32.125854 17.422485 29.910278 51.864624 119.64111 195.77637 180.16663 180.77087 204.13513 214.20593 210.88257 209.9762 183.08716 123.36731 90.5365 68.68286 4.7332764 -40.88745 -99.60022 -101.21155 -32.528687 27.090454 41.088867 21.954346 8.963013 -2.9205322 -4.8339844 -18.73169 39.578247 61.73401 14.401245 -90.43579 -229.91638 -308.67004 -371.41113 -408.06885 -336.969 -202.32239 -69.28711 -34.240723 -35.650635 -25.579834 6.9488525 39.88037 111.483765 173.41919 153.27759 130.01404 111.483765 99.298096 113.497925 127.39563 93.85986 40.88745 13.394165 3.2226562 -4.7332764 31.622314 58.914185 158.31299 220.85266 221.15479 147.1344 33.636475 -24.27063 -5.4382324 10.473633 -51.05896 -94.86694 -128.50342 -166.16821 -222.5647 -245.52612 -192.95654 -137.66785 -110.476685 -90.43579 -40.585327 41.89453 84.695435 104.63562 90.83862 31.420898 -6.5460205 16.113281 13.092041 -11.380005 41.290283 51.663208 -29.80957 -103.427124 -122.76306 -95.67261 -79.055786 -76.43738 -63.043213 -37.46338 -47.93701 -119.64111 -143.3075 
103.62854 108.66394 47.232056 -9.869385 80.96924 174.7284 195.47424 210.98328 240.69214 184.39636 75.4303 30.111694 32.93152 -57.000732 -110.77881 -134.94873 -105.74341 -86.91101 -99.3988 -90.63721 -87.716675 -74.62463 -42.196655 -1.1077881 -62.036133 -166.0675 -235.35461 -241.59851 -223.26965 -170.09583 -91.8457 -90.83862 -108.86536 -112.18872 -77.84729 -29.003906 21.853638 19.638062 26.184082 23.666382 24.975586 32.730103 24.27063 9.265137 105.23987 155.9967 158.11157 124.17297 80.667114 47.735596 39.37683 46.728516 61.6333 43.304443 56.295776 64.75525 104.73633 110.07385 75.531006 35.147095 20.443726 18.22815 25.78125 45.92285 6.0424805 -9.869385 -62.942505 -70.09277 -26.28479 6.1431885 -2.3162842 -49.649048 -66.76941 -47.634888 -31.32019 -37.46338 -70.09277 -70.999146 -58.71277 -55.18799 -59.417725 -60.72693 -70.19348 -105.03845 -105.23987 -97.787476 -61.12976 -9.063721 43.90869 62.64038 96.17615 160.22644 181.47583 169.08875 163.04626 136.96289 125.98572 89.730835 54.382324 66.26587 60.424805 43.606567 27.392578 19.436646 -17.321777 -12.588501 -44.311523 -57.10144 -37.060547 -6.9488525 9.869385 -27.79541 -49.0448 -23.76709 -24.069214 -16.314697 -27.593994 -9.466553 -12.789917 -44.613647 -64.25171 -74.92676 -112.69226 -109.57031 -25.982666 -0.10070801 -24.874878 -35.44922 -23.565674 -36.053467 -6.7474365 28.198242 47.43347 39.276123 35.751343 22.558594 42.800903 9.265137 -17.72461 -9.970093 8.660889 15.509033 24.27063 61.73401 52.06604 29.608154 -58.813477 -110.6781 -142.80396 -190.84167 -179.05884 -184.7992 -169.99512 -138.67493 -106.04553 -69.08569 -57.000732 -46.124268 -49.246216 -35.147095 -11.380005 5.7403564 0.70495605 17.422485 91.94641 136.15723 156.19812 192.25159 190.94238 158.01086 167.276 192.453 172.61353 146.53015 142.099 102.923584 103.22571 39.37683 2.8198242 -9.365845 -17.321777 12.991333 48.339844 52.56958 5.5389404 1.6113281 -9.365845 -13.595581 15.710449 39.074707 26.083374 -43.103027 -80.36499 -68.481445 -53.778076 -58.914185 -56.396484 -34.44214 -11.581421 11.077881 -8.963013 -53.07312 -113.80005 -127.79846 -95.06836 -99.09668 -94.06128 -70.999146 -50.55542 -49.44763 -22.25647 22.76001 56.900024 83.688354 86.206055 72.9126 91.64429 47.332764 
2927.9846 2732.8125 2904.016 2891.327 2879.242 2866.6533 2853.7627 2840.6707 2827.6794 2814.4866 2801.3945 2788.202 2775.4119 2762.622 2749.9329 2737.445 2724.4536 2729.187 2752.249 2773.1963 2793.8416 2812.8752 2831.8083 2850.4395 2868.7683 2886.795 2904.419 2921.9421 2939.264 2956.3843 2973.5046 2990.4236 3056.3872 -1419.3787 1419.278 3000.9978 2987.1 2972.4976 2957.9956 2942.1843 2925.3662 2667.453 2902.4048 2889.7156 2877.4292 2864.8406 2851.95 2838.858 2825.7659 2812.5732 2799.4812 2786.3892 2773.4985 2760.8093 2748.2207 2735.6323 2722.3389 2730.597 2753.357 2774.8076 2794.6472 2814.4866 2833.319 2851.7485 2869.6746 2887.6006 2905.1238 2922.8484 2940.0696 2957.2905 2974.3103 2991.1284 3224.6704 -937.69226 1935.7086 2996.869 2982.9712 2968.167 2951.8523 2937.0483 2882.7666 2393.7285 2899.9878 2887.2986 2875.0122 2862.4236 2849.6338 2836.5417 2823.3489 2810.1562 2797.1648 2784.0728 2771.283 2758.5938 2746.0051 2733.4167 2719.2168 2731.5032 2754.2632 2775.8147 2795.8557 2814.8894 2833.722 2852.4536 2870.6816 2888.6077 2906.2317 2923.8555 2941.0767 2958.2976 2975.3174 2992.1355 3225.1738 -1114.8376 1585.9497 2999.8901 2985.8916 2970.3826 2956.5857 2940.573 2922.647 2680.3435 2901.2969 2888.91 2876.6235 2864.1357 2851.1443 2838.0522 2824.8596 2811.6667 2798.5747 2785.5835 2772.6929 2760.0037 2747.415 2734.8267 2528.1738 2736.3372 2758.7952 2779.2388 2799.6826 2818.515 2837.3474 2855.8777 2874.1057 2892.0317 2909.7563 2927.179 2944.5007 2961.621 2978.54 2995.3582 -3136.2488 -908.0841 2428.07 2997.9766 2983.7769 2968.5698 2954.0679 2938.0554 2915.396 2678.3293 2900.0884 2887.5 2874.9114 2862.323 2849.4324 2836.2395 2823.1475 2809.9548 2796.8628 2783.8713 2771.0815 2758.3923 2745.7031 2733.2153 1882.132 2737.747 2760.0037 2781.253 2800.6897 2820.3276 2839.0593 2857.2876 2875.1128 2893.0388 2910.6628 2928.0852 2945.407 2962.5273 2979.547 2996.3652 -2779.541 -393.06335 2522.8362 2994.8547 2980.7556 2963.5344 2949.234 2934.8328 2875.1128 2781.253 2897.3694 2884.7808 2872.293 2859.7046 2846.7131 2833.621 2820.4285 2807.3364 2794.345 2781.253 2768.4631 2755.774 2743.2861 2730.6975 896.9055 2738.4521 
-2557.5806 -2545.8984 -2534.1155 -2522.7356 -2511.0535 -2499.7742 -2488.394 -2372.5798 740.8081 3299.8992 2510.0464 -15.408325 -1818.1824 -2492.8252 -2430.9905 -1746.6797 -2463.6199 -2452.4414 -2441.464 -2430.3862 -2419.812 -2409.2375 -2398.764 -2388.0889 -2378.018 -2367.7458 1570.34 3299.8992 3299.8992 3299.8992 3299.8992 3299.8992 3299.8992 3299.8992 3299.8992 3299.8992 3299.8992 3299.8992 -1966.8274 -2561.8103 -2549.524 -2537.8418 -2526.1597 -2514.4775 -2503.0974 -2491.919 -2480.6396 -2141.6565 1206.0791 3299.8992 2641.9739 316.9281 -1744.2627 -2040.3442 -2297.9553 -1780.8197 -2462.915 -2451.9377 -2440.8599 -2430.2856 -2419.2078 -2408.6333 -2398.1597 -2387.384 -2377.3132 -2367.041 2291.812 3299.8992 3299.8992 3299.8992 3299.8992 3299.8992 3299.8992 3299.8992 3299.8992 3299.8992 3299.8992 3046.9207 -2571.7803 -2559.7961 -2547.6104 -2535.8276 -2524.1455 -2512.4634 -2501.3855 -2489.9048 -2478.6255 -1907.6111 1743.7592 3299.8992 2225.8484 -100.10376 -2081.433 -2310.5437 -2273.886 -1519.986 -2459.6924 -2448.5137 -2437.5366 -2426.9622 -2416.0857 -2405.5115 -2394.937 -2384.3628 -2374.1912 -2364.0198 3245.819 3299.8992 3299.8992 3299.8992 3299.8992 3299.8992 3299.8992 3299.8992 3299.8992 3299.8992 3299.8992 2591.6199 -2568.6584 -2556.674 -2544.4885 -2532.7056 -2521.1243 -2509.5427 -2498.2634 -2486.8835 -2475.7048 -1703.5767 2137.2253 3299.8992 2102.7832 -39.175415 -2192.3125 -2485.8765 -2014.2609 -1448.0804 -2458.8867 -2447.8088 -2436.8315 -2426.2573 -2415.28 -2404.7058 -2394.2322 -2383.6577 -2373.4863 -2363.214 3299.8992 3299.8992 3299.8992 3299.8992 3299.8992 3299.8992 3299.8992 3299.8992 3299.8992 3299.8992 3299.8992 2187.8813 -2568.3562 -2556.372 -2544.1863 -2532.5042 -2520.9229 -2509.2407 -2498.062 -2486.6821 -2475.4028 -1482.8247 2387.8875 3299.8992 1601.1566 -465.271 -2493.3289 -2481.7473 -2295.1355 -1865.5151 -2451.132 -2440.155 -2429.2786 -2418.704 -2407.8276 -2397.354 -2386.7798 -2376.3062 -2366.2354 -2285.8704 3299.8992 3299.8992 3299.8992 3299.8992 3299.8992 3299.8992 3299.8992 3299.8992 3299.8992 3299.8992 3299.8992 1278.891 -2559.494 -2547.5098 -2535.324 -2523.8433 -2512.262 -2500.5798 -2489.4011 -2478.0212 -2466.9434 -1203.9642 2937.149 3299.8992 1926.5442 -69.68994 -2074.6855 -2200.3691 -1618.6798 -1247.168 -2458.786 -2447.5066 
906.06995 943.4326 216.62292 -2140.0452 -3290.634 -3275.125 -3260.2202 -3245.5168 -3231.015 -3216.8152 -3202.6152 -3188.8184 -3174.8198 -3161.1235 -3147.528 -3134.2346 -3120.9412 1177.7802 3299.8992 3299.8992 3299.8992 3299.8992 3299.8992 3299.8992 3299.8992 3299.8992 3299.8992 3299.8992 3299.8992 3299.8992 3288.922 1534.79 -510.89172 -1236.795 -1538.7177 -1793.3075 -1671.8536 -784.31396 -11.883545 380.17273 766.7908 947.8638 256.604 -2335.7207 -3280.8655 -3265.6584 -3250.653 -3236.1511 -3221.7498 -3207.55 -3193.451 -3179.5532 -3165.857 -3152.1606 -3138.9678 -3125.473 -3112.2803 1721.402 3299.8992 3299.8992 3299.8992 3299.8992 3299.8992 3299.8992 3299.8992 3299.8992 3299.8992 3299.8992 3299.8992 3299.8992 3292.2454 1377.3834 -512.8052 -1261.972 -1523.6115 -1655.539 -1535.5957 -506.56128 92.85278 472.42126 745.03784 835.2722 78.552246 -2602.7983 -3275.125 -3259.9182 -3245.114 -3230.612 -3216.4124 -3202.1118 -3188.0127 -3174.115 -3160.5193 -3146.9238 -3133.5295 -3120.236 -3005.429 2586.5845 3299.8992 3299.8992 3299.8992 3299.8992 3299.8992 3299.8992 3299.8992 3299.8992 3299.8992 3299.8992 3299.8992 3299.8992 3291.1377 1161.5662 -536.16943 -1157.4371 -1437.0026 -1648.4894 -1440.2252 -402.12708 150.55847 461.94763 749.06616 861.6577 -68.88428 -2925.1648 -3271.701 -3256.897 -3242.4956 -3227.893 -3213.5925 -3199.594 -3185.5957 -3171.698 -3158.1023 -3144.3054 -3131.1125 -3117.92 -2848.2239 2895.4558 3299.8992 3299.8992 3299.8992 3299.8992 3299.8992 3299.8992 3299.8992 3299.8992 3299.8992 3299.8992 3299.8992 3299.8992 3264.5508 1091.4734 -609.5856 -1187.4481 -1617.4713 -1727.3438 -1316.3544 -193.96362 334.14917 617.1387 845.1416 897.40906 -117.62695 -3044.5037 -3272.1038 -3256.7961 -3241.9922 -3227.5908 -3213.1897 -3198.9897 -3185.092 -3171.2952 -3157.5989 -3143.9026 -3130.7097 -3117.4163 -2408.029 3299.8992 3299.8992 3299.8992 3299.8992 3299.8992 3299.8992 3299.8992 3299.8992 3299.8992 3299.8992 3299.8992 3299.8992 3299.8992 3095.7642 582.89795 -939.00146 -1336.0931 -1649.6979 -1813.2477 -1194.4977 -146.63086 296.28296 475.94604 685.5194 734.2621 -458.22144 -3280.8655 -3265.3564 -3250.5522 -3236.2517 -3221.8506 -3207.55 -3193.451 -3179.6538 -3165.857 -3152.1606 -3138.6658 -3125.3723 -3112.1794 -2048.8037 3299.8992 
-3091.1316 -3076.0254 -3061.2212 -3046.7192 -3032.4187 -3018.1182 -3004.1199 -2990.2222 -2976.425 -2962.9302 -2949.3347 -2936.0413 -2922.8484 -2909.6558 -2896.6643 -2883.7737 -2871.1853 -2137.326 -1462.381 -111.18164 1507.6996 3299.8992 3299.8992 3299.8992 3299.8992 3299.8992 3299.8992 3299.8992 3299.8992 3299.8992 3299.8992 3299.8992 3299.8992 3299.8992 3299.8992 3299.8992 3299.8992 1836.8134 -3122.0488 -3106.5398 -3091.2322 -3076.5288 -3062.0269 -3047.4243 -3033.1238 -3019.0247 -3004.9255 -2991.0278 -2977.3315 -2963.5344 -2950.0396 -2936.847 -2923.5535 -2910.4614 -2897.5708 -2884.7808 -2871.991 -1868.1335 -1095.8038 263.04932 1842.9565 3299.8992 3299.8992 3299.8992 3299.8992 3299.8992 3299.8992 3299.8992 3299.8992 3299.8992 3299.8992 3299.8992 3299.8992 3299.8992 3299.8992 3299.8992 3299.8992 1160.7605 -3125.473 -3109.9639 -3095.2605 -3080.1543 -3065.451 -3050.8484 -3036.5479 -3022.348 -3008.2488 -2994.2505 -2980.4534 -2966.9585 -2953.363 -2939.9688 -2926.6753 -2913.5833 -2900.592 -2887.802 -2875.0122 -1709.1156 -1022.3877 203.43018 1865.0116 3299.8992 3299.8992 3299.8992 3299.8992 3299.8992 3299.8992 3299.8992 3299.8992 3299.8992 3299.8992 3299.8992 3299.8992 3299.8992 3299.8992 3299.8992 3299.8992 645.94116 -3126.48 -3111.0718 -3096.2676 -3081.1614 -3066.458 -3051.956 -3037.555 -3023.355 -3009.3567 -2995.459 -2981.5613 -2967.9656 -2954.4707 -2940.9758 -2927.8838 -2914.6912 -2901.6997 -2888.91 -2876.1199 -1955.3467 -1367.8162 1.1077881 1750.3052 3299.8992 3299.8992 3299.8992 3299.8992 3299.8992 3299.8992 3299.8992 3299.8992 3299.8992 3299.8992 3299.8992 3299.8992 3299.8992 3299.8992 3299.8992 3299.8992 61.834717 -3121.646 -3106.2378 -3091.5344 -3076.5288 -3061.7249 -3047.3235 -3032.9224 -3018.7224 -3004.9255 -2990.8264 -2977.1301 -2963.5344 -2949.939 -2936.6455 -2923.4526 -2910.3606 -2897.3694 -2884.6802 -2871.8901 -1934.7015 -1069.8212 393.36548 2126.1475 3299.8992 3299.8992 3299.8992 3299.8992 3299.8992 3299.8992 3299.8992 3299.8992 3299.8992 3299.8992 3299.8992 3299.8992 3299.8992 3299.8992 3299.8992 3299.8992 -802.1393 -3118.7256 -3103.418 -3088.211 -3073.6084 -3058.905 -3044.6045 -3030.2031 -3016.2048 -3002.2063 -2988.208 -2974.5117 -2961.0168 -2947.522 -2934.2285 -2921.0356 -2907.9436 -2895.053 -2882.1624 -2869.4731 -2051.825 
1339.1144 1633.9874 1476.0773 214.50806 -1259.6558 3208.0535 3224.5696 3240.8843 3256.897 3272.8088 3288.4185 3299.8992 -3280.5632 -3265.3564 -3250.1494 -3235.144 -3220.0378 244.61975 3299.8992 3299.8992 3299.8992 3299.8992 3299.8992 3296.475 3281.067 3265.6584 3250.0488 3233.7341 3218.527 3203.119 2708.9446 72.81189 -1394.6045 -1717.273 -1730.4657 -1635.498 -1290.7745 -167.07458 604.44946 1097.4152 1506.0883 1704.5837 1385.5408 4.6325684 -1418.9758 3207.852 3224.2676 3240.5823 3256.6956 3272.406 3288.1165 3299.8992 -3280.8655 -3265.5579 -3250.3508 -3235.3455 -3131.7168 685.92224 3299.8992 3299.8992 3299.8992 3299.8992 3299.8992 3293.3533 3278.1462 3262.5366 3246.9268 3230.612 3215.5059 3199.8962 2351.6326 -367.88635 -1697.6349 -1891.095 -1790.2863 -1616.3635 -1155.7251 9.063721 692.7704 1056.0242 1398.6328 1652.0142 1327.6337 -132.33032 -1407.0923 3211.0747 3227.5908 3243.805 3259.8174 3275.6287 3291.2383 3299.8992 -3277.7434 -3262.4358 -3247.3296 -3232.3242 -2945.3064 1130.9509 3299.8992 3299.8992 3299.8992 3299.8992 3299.8992 3293.5547 3278.1462 3262.6372 3247.0276 3230.713 3215.5059 3199.9968 2264.4194 -304.03748 -1524.6185 -1781.9275 -1751.2115 -1543.5516 -979.4861 108.76465 812.2101 1193.0878 1661.5814 1895.8282 1469.0277 11.883545 -1345.7611 3203.018 3219.5342 3235.8489 3251.8616 3267.7734 3283.5845 3299.1943 -3285.3972 -3270.0896 -3254.8828 -3239.7766 -2650.7354 1705.3894 3299.8992 3299.8992 3299.8992 3299.8992 3297.9858 3282.6782 3267.4712 3251.8616 3236.3525 3219.937 3204.9316 3189.4226 1889.0808 -712.0056 -1950.1099 -2095.23 -2120.3064 -1894.7205 -1207.2876 -21.954346 581.3873 994.29016 1383.728 1707.9071 1274.3591 -353.08228 -1675.6805 3213.1897 3229.605 3245.7183 3261.6301 3277.4414 3293.1519 -3291.2383 -3275.83 -3260.8245 -3245.6177 -3230.4106 -2419.107 1882.3334 3299.8992 3299.8992 3299.8992 3299.8992 3299.8992 3290.0298 3274.5208 3259.1125 3243.6035 3227.188 3212.0818 3196.4722 1753.9307 -663.46436 -1620.4926 -1764.7064 -1680.1117 -1450.1953 -649.8688 431.5338 845.4437 1180.1971 1497.7295 1621.3989 1041.8243 -624.0875 -2123.932 3210.269 3226.7852 3242.8984 3259.0117 3274.823 3290.332 3299.8992 -3278.549 -3263.3423 -3248.236 -3233.2305 -2039.2365 2354.8552 
-2988.3086 -2974.2095 -2960.5132 -2946.9177 -2933.7249 -2920.5322 -2907.3394 -2894.2473 -2881.3567 -2868.466 -2855.8777 -2843.289 -2830.8013 -2818.3135 -2805.9265 -2793.6401 -2781.4543 -2153.3386 -1574.5697 -840.3076 -128.50342 726.50757 2262.2039 3299.8992 3299.8992 3299.8992 3299.8992 3299.8992 3299.8992 3299.8992 3299.8992 3299.8992 3299.8992 3299.8992 3299.8992 3299.8992 3299.8992 2220.3093 -460.2356 -2839.9658 -2990.4236 -2976.526 -2962.8296 -2949.3347 -2935.8398 -2922.647 -2909.4543 -2896.3623 -2883.3708 -2870.7825 -2858.0933 -2845.404 -2832.9163 -2820.4285 -2808.0413 -2795.8557 -2783.5693 -1920.8038 -1359.3567 -697.9065 121.15173 1087.3444 2742.0776 3299.8992 3299.8992 3299.8992 3299.8992 3299.8992 3299.8992 3299.8992 3299.8992 3299.8992 3299.8992 3299.8992 3299.8992 3299.8992 3299.8992 1763.8 -905.365 -3008.7524 -2994.452 -2980.6548 -2966.9585 -2953.363 -2940.0696 -2926.6753 -2913.5833 -2900.6926 -2887.7014 -2874.9114 -2862.1216 -2849.4324 -2836.9446 -2824.5574 -2812.271 -2799.9846 -2787.6982 -2175.3936 -1632.6782 -991.87317 -275.13428 603.8452 2356.7688 3299.8992 3299.8992 3299.8992 3299.8992 3299.8992 3299.8992 3299.8992 3299.8992 3299.8992 3299.8992 3299.8992 3299.8992 3299.8992 3299.8992 1499.5422 -1167.4072 -3001.0986 -2986.8987 -2973.1018 -2959.4055 -2945.9106 -2932.5164 -2919.3237 -2906.1309 -2893.341 -2880.3496 -2867.459 -2854.8706 -2842.282 -2829.7942 -2817.4072 -2805.1208 -2792.7336 -2780.3467 -1975.3876 -1457.1442 -786.73096 28.601074 1005.0659 2773.9014 3299.8992 3299.8992 3299.8992 3299.8992 3299.8992 3299.8992 3299.8992 3299.8992 3299.8992 3299.8992 3299.8992 3299.8992 3299.8992 3299.8992 1097.6166 -1514.3463 -2997.5737 -2983.676 -2969.7783 -2956.1829 -2942.688 -2929.3945 -2916.2017 -2903.1096 -2890.1184 -2877.2278 -2864.3372 -2851.7485 -2839.1602 -2826.6724 -2814.2852 -2801.8982 -2789.6118 -2777.6274 -2214.2668 -1658.0566 -811.60583 56.900024 1062.7716 2986.798 3299.8992 3299.8992 3299.8992 3299.8992 3299.8992 3299.8992 3299.8992 3299.8992 3299.8992 3299.8992 3299.8992 3299.8992 3299.8992 3299.8992 1205.4749 -1285.9406 -2995.2576 -2981.3599 -2967.5627 -2953.9673 -2940.6738 -2926.9775 -2913.7847 -2900.7935 -2887.9028 -2874.9114 -2862.2222 -2849.6338 -2837.0452 -2824.4568 -2812.0696 -2799.7832 -2787.4968 -2729.5898 -1918.8904 

-126.690674 -66.87012 2.6184082 35.247803 32.32727 36.053467 51.260376 23.968506 38.269043 78.45154 62.338257 10.675049 -33.132935 -22.558594 16.21399 46.224976 49.44763 60.72693 134.04236 166.57104 137.66785 115.31067 148.64502 166.87317 185.80627 108.56323 -17.926025 -29.910278 -15.106201 -57.60498 -66.467285 -69.08569 -136.86218 -221.85974 -231.3263 -177.04468 -127.39563 -73.61755 -55.792236 -12.387085 27.191162 55.389404 73.81897 46.5271 2.2155762 6.4453125 31.82373 24.975586 29.003906 8.459473 -10.473633 -36.154175 -38.772583 -33.9386 -46.42639 -51.05896 -6.1431885 49.44763 114.4043 126.38855 102.21863 73.11401 54.68445 44.41223 69.38782 111.68518 122.36023 137.0636 157.70874 174.32556 192.55371 200.30823 151.36414 77.948 -11.380005 -116.922 -163.95264 -168.5852 -183.99353 -149.45068 -132.1289 -139.682 -180.97229 -200.50964 -193.56079 -152.1698 -119.036865 -72.30835 -25.177002 0.10070801 14.401245 15.811157 46.728516 82.88269 101.312256 119.13757 155.9967 199.70398 234.34753 183.5907 99.3988 45.52002 46.42639 34.140015 4.3304443 -71.502686 -101.412964 -54.0802 -29.30603 -23.968506 -11.480713 18.832397 11.682129 -28.097534 -34.140015 -16.314697 50.756836 82.9834 38.47046 12.789917 -17.72461 -6.4453125 21.75293 28.903198 -28.601074 -28.500366 -23.867798 -16.314697 0.60424805 5.3375244 -17.623901 -95.16907 -188.02185 -279.96826 -257.51038 -133.84094 -122.561646 -208.16345 -198.29407 -125.582886 -38.772583 6.6467285 33.032227 79.559326 132.0282 115.10925 84.2926 78.552246 115.41138 154.88892 203.53088 223.47107 162.2406 70.09277 36.35559 -4.3304443 -28.097534 -97.68677 -100.50659 -27.996826 -9.970093 -30.010986 -66.56799 -102.923584 -155.896 -175.83618 -174.32556 -115.008545 -57.10144 -83.184814 -127.49634 -158.4137 -156.50024 -74.62463 -4.3304443 45.01648 49.0448 77.44446 152.77405 193.15796 231.427 286.615 329.21448 385.0067 424.38354 375.74158 296.8872 227.7008 144.6167 80.76782 26.083374 -53.475952 -167.47742 -300.00916 -332.53784 -299.70703 -234.75037 -195.17212 -172.00928 -119.13757 
18.328857 -9.164429 -44.51294 -56.19507 -30.111694 -13.696289 -27.896118 0.30212402 22.76001 32.32727 53.57666 78.45154 59.317017 -37.96692 -100.40588 -115.10925 -110.980225 -104.73633 -96.98181 -36.154175 -20.947266 -28.399658 -36.154175 -14.099121 -29.608154 4.7332764 45.92285 30.615234 35.549927 72.006226 83.99048 61.029053 68.07861 67.37366 53.67737 57.907104 60.827637 32.730103 20.141602 -56.396484 -122.25952 -178.35388 -205.94788 -189.63318 -129.81262 -99.19739 -79.76074 -41.89453 -31.32019 31.521606 151.16272 228.50647 218.43567 149.24927 123.065186 97.283936 51.361084 25.680542 -16.012573 -29.708862 -58.511353 -94.46411 -133.74023 -157.2052 -189.43176 -142.40112 -66.87012 -20.443726 45.620728 128.90625 154.38538 105.6427 88.62305 103.930664 94.766235 104.23279 102.52075 119.94324 166.97388 97.18323 51.159668 28.097534 38.571167 36.254883 33.636475 0.20141602 -24.874878 -52.267456 -67.67578 -55.288696 -16.21399 5.1361084 -28.399658 -96.47827 -138.67493 -159.82361 -146.93298 -145.9259 -161.13281 -139.17847 -132.93457 -131.42395 -110.77881 -69.28711 -37.765503 33.535767 65.05737 49.145508 58.309937 97.18323 100.6073 92.04712 130.41687 185.50415 188.32397 165.06042 135.04944 118.73474 144.11316 108.462524 124.87793 119.4397 46.5271 -11.782837 -35.650635 -87.716675 -122.058105 -128.10059 -111.08093 -74.523926 -31.018066 13.293457 12.286377 -25.177002 -48.44055 -39.578247 -9.567261 -3.4240723 -36.657715 -47.93701 -84.695435 -104.937744 -122.25952 -149.85352 -191.54663 -128.50342 -74.020386 -47.131348 -16.71753 7.4523926 12.689209 -5.6396484 -3.2226562 33.132935 42.095947 87.41455 88.92517 93.45703 99.90234 61.12976 57.302856 23.464966 -46.42639 -75.93384 -52.468872 -72.20764 -64.151 -70.3949 -62.438965 -42.90161 10.070801 57.806396 66.36658 53.375244 66.26587 54.986572 37.86621 -7.1502686 -47.43347 -40.786743 -46.42639 -52.871704 -31.924438 -17.623901 -47.836304 -12.084961 40.283203 58.813477 81.37207 71.30127 47.332764 40.182495 68.07861 88.62305 73.31543 45.217896 4.4311523 10.977173 47.53418 38.36975 
2760.507 2781.6558 2801.6968 2820.529 2839.3616 2857.791 2875.9185 2893.8445 2911.3677 2928.7903 2946.112 2963.1316 2980.252 2997.0703 -2499.7742 -103.02429 2978.1372 2991.7327 2977.4321 2961.2183 2946.3135 2931.1064 2822.4426 2807.5378 2894.2473 2881.8604 2869.6746 2856.9854 2843.9941 2830.902 2817.81 2804.6172 2791.626 2778.7354 2765.9453 2753.256 2740.567 2728.079 -583.09937 2739.6606 2761.7156 2782.1594 2801.7974 2821.4355 2840.1672 2858.3953 2876.2207 2894.046 2911.67 2929.0923 2946.414 2963.4338 2980.4534 2997.2717 -2086.3677 407.86743 3000.9978 2987.1 2972.699 2957.089 2941.58 2926.8767 2503.7017 2900.6926 2891.9312 2879.3425 2866.8547 2854.2664 2841.275 2828.2837 2815.0908 2801.9988 2788.9067 2776.016 2763.2263 2750.6377 2738.0493 2725.4607 -2029.8706 2739.9626 2761.917 2782.965 2802.301 2822.0398 2840.6707 2858.798 2876.724 2894.4487 2912.0728 2929.3945 2946.817 2963.8367 2980.8562 2997.6746 -1953.836 503.84216 3000.1921 2986.5967 2972.0947 2955.2764 2941.0767 2926.7761 2785.2812 2901.599 2889.5142 2876.9255 2864.74 2852.0508 2839.0593 2825.9673 2812.8752 2799.6826 2786.6912 2773.9014 2761.1113 2748.523 2735.9343 2723.4465 2763.5283 2741.272 2763.2263 2783.4685 2803.711 2822.4426 2841.1743 2859.5032 2877.7312 2895.5566 2913.1804 2930.603 2947.824 2964.8438 2981.8633 2998.6816 -1816.4703 610.39124 2999.6887 2985.8916 2971.3896 2956.787 2941.4795 2925.6682 2781.3538 2900.894 2888.6077 2876.0193 2863.733 2850.9429 2837.9517 2824.8596 2811.7676 2798.5747 2785.5835 2772.6929 2760.1042 2747.415 2734.9272 2722.3389 2719.3176 2743.1853 2765.039 2785.1807 2804.8186 2824.356 2842.8862 2861.1145 2878.9397 2896.6643 2914.2883 2931.7107 2948.932 2966.0522 2982.9712 2999.6887 -1885.3546 720.9686 3000.4944 2986.798 2972.2961 2955.6792 2941.1772 2926.1719 2563.4216 2903.009 2890.924 2878.134 2865.6462 2852.7556 2839.7644 2826.6724 2813.4795 2800.3875 2787.2954 2774.5056 2761.8164 2749.1272 2736.5386 2723.7488 2724.2522 2747.7173 
-2436.5295 -2425.955 -2414.8772 -2404.303 -2393.8293 -2383.1543 -2372.9827 -2055.9539 3299.8992 3299.8992 3299.8992 3299.8992 3299.8992 3299.8992 3299.8992 3299.8992 3299.8992 3299.8992 3299.8992 910.6018 -2565.6372 -2553.8542 -2541.7693 -2529.9866 -2518.5059 -2506.8237 -2495.645 -2484.2651 -2473.0864 -961.8622 3160.4187 3299.8992 1799.9542 -7.2509766 -2229.2725 -2487.7898 -1906.1005 -1574.3683 -2461.1023 -2450.0244 -2439.148 -2428.473 -2417.395 -2406.8206 -2396.347 -2385.6719 -2375.3997 -1610.1196 3299.8992 3299.8992 3299.8992 3299.8992 3299.8992 3299.8992 3299.8992 3299.8992 3299.8992 3299.8992 3299.8992 127.697754 -2567.349 -2555.5664 -2543.3806 -2531.6985 -2520.1172 -2508.435 -2497.2563 -2485.977 -2474.7986 -757.52563 3299.8992 3299.8992 1292.1844 -548.3551 -2487.9912 -2486.38 -1484.9396 -1194.6991 -2463.6199 -2452.4414 -2441.464 -2430.89 -2419.812 -2409.2375 -2398.764 -2387.9883 -2377.9175 -1208.7982 3299.8992 3299.8992 3299.8992 3299.8992 3299.8992 3299.8992 3299.8992 3299.8992 3299.8992 3299.8992 3299.8992 -432.94373 -2568.2556 -2556.372 -2544.287 -2532.5042 -2521.0234 -2509.7441 -2498.062 -2486.8835 -2475.6042 -535.16235 3299.8992 3299.8992 774.7467 -848.36426 -2383.0535 -2445.996 -1724.5239 -1719.2871 -2459.2896 -2448.2117 -2437.3352 -2426.2573 -2415.7837 -2405.2092 -2394.7356 -2384.5642 -2373.8892 -684.1095 3299.8992 3299.8992 3299.8992 3299.8992 3299.8992 3299.8992 3299.8992 3299.8992 3299.8992 3299.8992 3299.8992 -396.1853 -2567.1477 -2554.8613 -2543.1792 -2531.497 -2519.9158 -2508.737 -2497.1558 -2485.7756 -2474.5972 -29.708862 3299.8992 3299.8992 496.6919 -928.3264 -2194.7295 -2338.44 -1895.6268 -2217.4895 -2457.4768 -2446.399 -2435.5225 -2424.4446 -2413.971 -2403.4973 -2392.9229 -2382.7515 -2372.2778 90.93933 3299.8992 3299.8992 3299.8992 3299.8992 3299.8992 3299.8992 3299.8992 3299.8992 3299.8992 3299.8992 3299.8992 -941.51917 -2565.5364 -2553.25 -2541.7693 -2529.9866 -2518.5059 -2507.2266 -2495.645 -2484.3657 -2463.5193 361.84387 3299.8992 3217.0166 407.4646 -1252.4048 -2438.2415 -2484.0637 -1756.247 -2037.1216 -2455.4626 -2444.3848 
3299.8992 3299.8992 3299.8992 3299.8992 3299.8992 3299.8992 3299.8992 3299.8992 3299.8992 3299.8992 3299.8992 3299.8992 2870.1782 373.02246 -1003.7567 -1419.278 -1792.804 -1872.6654 -1060.4553 -12.286377 351.47095 488.33313 837.8906 880.89294 -553.4912 -3275.9307 -3261.1267 -3246.121 -3231.3171 -3216.9158 -3202.716 -3188.7175 -3174.8198 -3161.1235 -3147.4272 -3134.0332 -3120.7397 -3107.7483 -1638.9221 3299.8992 3299.8992 3299.8992 3299.8992 3299.8992 3299.8992 3299.8992 3299.8992 3299.8992 3299.8992 3299.8992 3299.8992 3299.8992 2688.2996 202.4231 -1127.124 -1441.7358 -1636.8073 -1633.6853 -684.91516 255.19409 608.07495 741.7145 998.2178 821.87805 -803.3478 -3278.4485 -3262.9395 -3248.0347 -3233.8347 -3219.3328 -3205.133 -3191.1345 -3177.1362 -3163.44 -3149.7437 -3136.4502 -3122.9553 -3109.561 -1184.4269 3299.8992 3299.8992 3299.8992 3299.8992 3299.8992 3299.8992 3299.8992 3299.8992 3299.8992 3299.8992 3299.8992 3299.8992 3299.8992 2360.9985 58.813477 -1189.8651 -1520.6909 -1669.9402 -1613.2416 -618.04504 374.9359 788.3423 1052.298 1287.149 1074.353 -898.51685 -3284.1887 -3269.4854 -3254.2786 -3239.4744 -3224.9724 -3210.6719 -3196.5728 -3182.5745 -3168.6768 -3155.182 -3141.5862 -3128.2927 -3114.9993 -578.4668 3299.8992 3299.8992 3299.8992 3299.8992 3299.8992 3299.8992 3299.8992 3299.8992 3299.8992 3299.8992 3299.8992 3299.8992 3299.8992 2287.1794 29.205322 -1112.7228 -1486.6516 -1846.9849 -1879.01 -964.5813 16.415405 295.77942 425.39062 742.41943 443.8202 -1356.9397 -3275.125 -3259.616 -3244.9126 -3230.713 -3216.4124 -3202.2124 -3188.1133 -3174.2156 -3160.62 -3146.9238 -3133.6304 -3120.236 -3107.2449 99.90234 3299.8992 3299.8992 3299.8992 3299.8992 3299.8992 3299.8992 3299.8992 3299.8992 3299.8992 3299.8992 3299.8992 3299.8992 3299.8992 2114.4653 -111.483765 -1194.6991 -1569.4336 -1678.9032 -1558.255 -696.4966 109.3689 315.7196 486.92322 746.9513 375.13733 -1817.7795 -3269.8882 -3254.48 -3239.8772 -3225.778 -3211.377 -3197.2778 -3183.2793 -3169.4824 -3155.5847 -3142.0898 -3128.6956 -3115.6035 -3102.5115 686.9293 3299.8992 
-1127.7283 367.2821 2260.8948 3299.8992 3299.8992 3299.8992 3299.8992 3299.8992 3299.8992 3299.8992 3299.8992 3299.8992 3299.8992 3299.8992 3299.8992 3299.8992 3299.8992 3299.8992 3299.8992 -1314.2395 -3114.1936 -3098.886 -3083.7798 -3069.1772 -3054.5745 -3040.274 -3025.9734 -3011.8743 -2997.876 -2984.0789 -2970.3826 -2956.6863 -2943.3928 -2930.0994 -2916.9067 -2903.9153 -2891.1255 -2878.2349 -2865.4448 -1944.6716 -1116.8518 340.6952 2310.745 3299.8992 3299.8992 3299.8992 3299.8992 3299.8992 3299.8992 3299.8992 3299.8992 3299.8992 3299.8992 3299.8992 3299.8992 3299.8992 3299.8992 3299.8992 3299.8992 -2072.6714 -3108.252 -3092.9443 -3078.4424 -3063.5376 -3048.7334 -3034.3323 -3020.2332 -3006.134 -2992.1355 -2978.4392 -2964.743 -2951.248 -2937.7532 -2924.6611 -2911.4685 -2898.578 -2885.6873 -2872.998 -2705.6213 -1744.7662 -754.4037 517.0349 2362.9119 3299.8992 3299.8992 3299.8992 3299.8992 3299.8992 3299.8992 3299.8992 3299.8992 3299.8992 3299.8992 3299.8992 3299.8992 3299.8992 3299.8992 3299.8992 3299.8992 -2548.5168 -3104.727 -3089.7217 -3075.119 -3060.1135 -3045.5107 -3031.2102 -3016.9097 -3002.9114 -2989.0137 -2975.2166 -2961.5203 -2948.1262 -2934.732 -2921.64 -2908.4473 -2895.5566 -2882.666 -2869.9768 -2750.839 -1917.4805 -891.9708 639.798 2628.5796 3299.8992 3299.8992 3299.8992 3299.8992 3299.8992 3299.8992 3299.8992 3299.8992 3299.8992 3299.8992 3299.8992 3299.8992 3299.8992 3299.8992 3299.8992 3163.9434 -2999.8901 -3100.5981 -3085.391 -3070.3857 -3055.9844 -3041.4824 -3027.182 -3012.8813 -2999.0845 -2985.086 -2971.3896 -2957.7942 -2944.4 -2931.0059 -2917.813 -2904.721 -2891.8303 -2879.0405 -2866.3513 -2381.7444 -1551.2054 -305.04456 1219.8761 3173.3093 3299.8992 3299.8992 3299.8992 3299.8992 3299.8992 3299.8992 3299.8992 3299.8992 3299.8992 3299.8992 3299.8992 3299.8992 3299.8992 3299.8992 3299.8992 2777.426 -3119.229 -3103.72 -3088.7146 -3073.5076 -3059.0056 -3044.6045 -3030.2031 -3016.0034 -3002.005 -2988.1072 -2974.411 -2960.7146 -2947.3206 -2933.8257 -2920.7336 -2907.7422 -2894.6501 -2881.8604 -2869.0703 -2209.8357 -1246.7651 
3299.8992 3299.8992 3299.8992 3299.8992 3299.5972 3284.0881 3268.7805 3253.2715 3237.7625 3221.4478 3206.1401 3188.0127 1430.3558 -806.1676 -1723.2147 -1799.5514 -1735.0983 -1500.8514 -415.72266 770.11414 1152.4017 1336.6974 1633.4839 1795.5231 1152.5024 -650.0702 -2358.2793 3202.011 3218.4265 3234.6404 3250.653 3266.565 3282.2754 3297.9858 -3286.5051 -3271.399 -3255.9905 -3240.8843 -1593.5028 2905.728 3299.8992 3299.8992 3299.8992 3299.8992 3288.3179 3273.1108 3257.7026 3242.2942 3226.7852 3210.5713 3195.2637 3174.7192 1057.0312 -1118.2617 -1901.1658 -1926.6449 -1752.8229 -1479.8035 -526.40076 412.19788 872.937 1245.8588 1718.28 1850.2075 1030.2429 -647.4518 -2562.5151 3200.3997 3216.8152 3233.029 3249.1423 3264.9536 3280.7646 3296.2737 -3288.3179 -3273.0103 -3257.8032 -3242.5964 -1259.1522 3218.628 3299.8992 3299.8992 3299.8992 3299.8992 3284.3901 3269.0825 3253.8757 3238.4673 3222.8577 3206.7444 3191.4368 3162.332 783.5083 -1228.7384 -1954.7424 -1975.6897 -1860.0769 -1581.3171 -513.81226 533.2489 1019.06433 1294.0979 1543.3502 1569.8364 625.59814 -1089.7614 -3180.7617 3206.4421 3222.8577 3239.0715 3255.0842 3270.7947 3286.5051 3299.8992 -3282.5774 -3267.3706 -3252.1636 -3237.1582 -949.97864 3299.8992 3299.8992 3299.8992 3299.8992 3299.8992 3287.8142 3272.5066 3257.199 3241.7908 3226.0803 3209.967 3194.6594 3085.089 521.26465 -1386.2457 -2051.825 -2025.8423 -1880.4199 -1659.7687 -588.13477 344.01855 816.2384 1119.5709 1450.7996 1426.4282 518.042 -1031.6528 -3278.7505 3217.52 3233.8347 3249.8474 3265.8599 3281.5703 3297.1802 -3287.4114 -3272.1038 -3256.7961 -3241.7908 -3226.7852 -538.2843 3299.8992 3299.8992 3299.8992 3299.8992 3299.8992 3294.9646 3279.657 3264.2485 3248.639 3233.029 3216.8152 3201.6082 2975.7202 399.20654 -1348.883 -1918.689 -1978.6102 -1733.2855 -1361.0687 -201.61743 619.0521 1105.1697 1355.6305 1678.6011 1687.1613 575.0427 -981.60095 3198.0835 3214.9016 3231.1157 3247.229 3263.2415 3279.1533 3294.5618 -3289.9292 -3274.4202 -3259.314 -3244.2078 -3229.1016 -344.11926 3299.8992 
-1417.4652 -751.886 100.20447 1153.9124 3110.971 3299.8992 3299.8992 3299.8992 3299.8992 3299.8992 3299.8992 3299.8992 3299.8992 3299.8992 3299.8992 3299.8992 3299.8992 3299.8992 3299.8992 790.55786 -1648.1873 -2992.5383 -2978.6406 -2964.8438 -2951.248 -2937.854 -2924.6611 -2911.4685 -2898.175 -2885.4858 -2872.4944 -2859.8052 -2847.0154 -2834.5276 -2822.2412 -2809.7534 -2797.3662 -2785.2812 -2632.306 -1818.7866 -1193.2892 -433.44727 364.563 1524.6185 3299.8992 3299.8992 3299.8992 3299.8992 3299.8992 3299.8992 3299.8992 3299.8992 3299.8992 3299.8992 3299.8992 3299.8992 3299.8992 3299.8992 3234.439 433.8501 -1998.349 -2993.2434 -2979.2449 -2965.448 -2951.8523 -2938.4583 -2925.1648 -2911.972 -2898.9807 -2885.9893 -2872.998 -2860.4094 -2847.7202 -2835.2324 -2822.7446 -2810.2568 -2798.0713 -2785.9863 -2522.1313 -1797.4365 -1126.4191 -483.0963 264.96277 1436.9019 3299.8992 3299.8992 3299.8992 3299.8992 3299.8992 3299.8992 3299.8992 3299.8992 3299.8992 3299.8992 3299.8992 3299.8992 3299.8992 3299.8992 3080.7585 210.88257 -2243.7744 -2991.1284 -2977.1301 -2963.5344 -2949.939 -2936.444 -2923.2512 -2909.9578 -2896.9666 -2884.076 -2871.286 -2858.5967 -2845.9075 -2833.4197 -2820.932 -2808.444 -2796.1577 -2783.9722 -2605.1147 -1927.5513 -1218.1641 -368.3899 541.0034 1878.5065 3299.8992 3299.8992 3299.8992 3299.8992 3299.8992 3299.8992 3299.8992 3299.8992 3299.8992 3299.8992 3299.8992 3299.8992 3299.8992 3299.8992 2972.699 209.67407 -2249.414 -2992.035 -2978.1372 -2964.441 -2950.8452 -2937.3503 -2924.057 -2910.9648 -2897.9736 -2884.9822 -2871.991 -2859.4023 -2846.7131 -2834.2253 -2821.7375 -2809.3506 -2797.0642 -2784.7778 -2394.7356 -1768.9362 -1171.5363 -397.89734 518.94836 1819.5923 3299.8992 3299.8992 3299.8992 3299.8992 3299.8992 3299.8992 3299.8992 3299.8992 3299.8992 3299.8992 3299.8992 3299.8992 3299.8992 3299.8992 2720.2239 -72.10693 -2498.062 -2990.625 -2976.828 -2963.1316 -2949.6367 -2936.1418 -2922.9492 -2909.8572 -2896.7651 -2883.975 -2870.984 -2858.1938 -2845.706 -2833.2183 -2820.7305 -2808.444 -2796.0571 -2783.8713 -2020.7062 -1417.3645 

-100.6073 -80.26428 -51.5625 -41.793823 -55.389404 -60.525513 -83.48694 -72.509766 -70.09277 -122.15881 -157.91016 -172.41211 -129.91333 -57.10144 -13.092041 4.9346924 23.565674 77.545166 131.82678 174.62769 209.17053 232.23267 256.604 265.16418 281.98242 246.33179 224.07532 212.99744 146.22803 59.518433 6.9488525 -62.13684 -132.1289 -182.98645 -194.76929 -194.26575 -219.84558 -263.15002 -303.83606 -253.58276 -205.84717 -157.30591 -93.65845 -64.85596 -63.848877 -1.1077881 88.723755 121.65527 117.92908 114.10217 85.09827 24.77417 12.689209 29.507446 45.721436 21.047974 -38.36975 -62.13684 -44.0094 -0.30212402 32.93152 43.40515 48.239136 89.42871 159.42078 138.2721 117.62695 96.98181 69.08569 74.2218 82.177734 46.728516 -13.394165 -49.850464 5.8410645 0.30212402 6.7474365 -40.98816 -51.159668 1.5106201 42.196655 71.09985 94.766235 76.7395 32.83081 20.040894 -33.132935 -106.04553 -175.93689 -220.34912 -206.65283 -203.22876 -162.1399 -104.837036 -66.36658 -22.961426 -16.616821 4.4311523 15.408325 33.636475 59.518433 18.22815 -21.652222 -15.005493 3.0212402 1.3092041 51.965332 103.829956 149.7528 177.14539 203.53088 237.36877 220.95337 200.50964 188.22327 196.38062 244.11621 212.09106 140.18555 43.103027 -42.297363 -103.72925 -119.84253 -170.09583 -226.3916 -253.9856 -309.57642 -308.77075 -269.0918 -232.33337 -169.7937 -142.80396 -104.434204 -75.83313 -52.871704 -59.71985 -65.3595 -45.92285 3.8269043 83.48694 132.93457 66.467285 20.443726 71.80481 172.3114 222.16187 270.70312 313.50403 282.18384 202.62451 119.036865 19.839478 -88.723755 -171.80786 -202.32239 -207.35779 -228.70789 -293.36243 -328.3081 -293.0603 -220.34912 -135.25085 -79.86145 -68.481445 -51.461792 57.70569 118.73474 121.25244 92.85278 53.778076 34.84497 18.832397 61.6333 74.32251 69.28711 58.20923 -18.429565 -112.69226 -138.97705 -116.015625 -94.06128 -68.78357 -38.269043 45.217896 97.68677 84.191895 95.16907 122.76306 143.71033 150.05493 151.16272 132.22961 102.72217 69.38782 11.380005 -36.758423 -37.060547 -81.97632 -87.51526 -77.44446 
55.59082 60.021973 42.90161 39.98108 55.389404 16.21399 8.157349 2.5177002 19.033813 55.59082 88.42163 110.07385 51.864624 -76.33667 -171.60645 -227.80151 -212.5946 -195.97778 -159.01794 -70.495605 -32.226562 -50.354004 -45.01648 -37.564087 -13.796997 71.09985 92.95349 26.184082 -22.659302 -59.014893 -41.89453 10.876465 92.44995 124.575806 104.63562 101.21155 109.67102 130.11475 137.96997 95.97473 77.44446 51.05896 33.032227 15.911865 6.7474365 -64.151 -105.23987 -125.88501 -113.1958 -93.35632 -57.806396 -33.83789 -61.532593 -116.61987 -119.036865 -101.71509 -82.07703 -72.40906 -64.151 -44.311523 -39.47754 -21.047974 20.141602 35.85205 -11.581421 3.5247803 0.70495605 -14.099121 -20.947266 -5.3375244 -14.401245 6.3446045 67.17224 113.39722 69.1864 61.532593 44.51294 77.44446 97.88818 87.716675 79.559326 69.28711 38.47046 52.670288 74.42322 32.125854 -34.84497 -103.62854 -97.283936 -24.27063 2.2155762 -10.473633 -99.801636 -151.46484 -129.91333 -103.829956 -70.09277 -60.827637 -52.368164 -43.707275 -21.24939 19.940186 56.396484 27.996826 -33.83789 -29.205322 -20.74585 1.2084961 27.79541 58.61206 86.709595 134.6466 144.31458 124.87793 153.3783 200.20752 201.41602 244.82117 216.72363 129.81262 13.897705 -95.773315 -120.64819 -66.26587 -43.40515 -118.13049 -149.95422 -180.06592 -169.693 -125.18005 -78.25012 -25.881958 -33.233643 -37.564087 -7.9559326 -17.019653 -52.56958 -85.80322 -84.39331 -61.834717 -42.700195 -19.335938 -5.0354004 -44.41223 -65.05737 13.696289 50.253296 53.274536 45.52002 13.092041 -25.378418 -29.507446 18.429565 46.42639 40.786743 45.217896 16.113281 41.39099 16.012573 -3.2226562 -4.6325684 -23.968506 -47.93701 -28.097534 -8.056641 -12.387085 22.457886 31.723022 13.897705 15.811157 28.097534 79.45862 54.18091 28.80249 19.134521 -20.645142 -91.744995 -158.71582 -145.01953 -102.923584 -62.438965 -31.924438 -34.240723 -50.152588 -55.59082 -5.1361084 15.005493 46.02356 86.50818 98.19031 93.96057 125.38147 150.75989 146.53015 133.03528 86.91101 45.52002 52.871704 -50.152588 -149.55139 
2769.2688 2789.9138 2809.4512 2828.1829 2846.7131 2865.1428 2883.1694 2900.9949 2918.4172 2935.8398 2953.1616 2970.0806 2986.9995 3003.9185 -1650.9064 1037.3932 3001.4006 2987.503 2973.001 2957.7942 2943.5942 2926.6753 2499.2705 2903.311 2891.226 2878.5369 2866.2505 2853.5613 2840.4692 2827.3772 2814.1846 2801.0925 2788.101 2775.3113 2762.4207 2749.832 2737.2437 2724.2522 2727.9785 2751.1414 2772.4915 2792.5322 2812.3718 2830.902 2849.4324 2867.7612 2885.7878 2903.5125 2921.1365 2938.4583 2955.5786 2972.4976 2989.517 3029.8003 -1347.3724 1449.4904 3000.0916 2986.1938 2971.591 2957.19 2942.2852 2925.4668 2601.7913 2901.6997 2889.5142 2876.6235 2864.035 2851.1443 2838.0522 2824.9602 2811.8682 2798.6755 2785.785 2772.8943 2760.1042 2747.5159 2735.028 2721.7346 2729.5898 2752.3499 2773.599 2794.1436 2813.278 2832.614 2850.9429 2868.9697 2886.795 2904.5195 2921.9421 2939.264 2956.4849 2973.5046 2990.4236 3143.7012 -1225.5157 1886.966 2997.6746 2983.676 2969.174 2954.5715 2939.7673 2923.654 2704.5134 2899.3835 2887.1978 2874.2065 2861.618 2848.6267 2835.5347 2822.5432 2809.3506 2796.3591 2783.368 2770.4773 2757.788 2745.1995 2732.8125 2719.1162 2730.2947 2753.1555 2774.4048 2794.8486 2814.2852 2832.7148 2851.245 2869.574 2887.6006 2905.2246 2922.7478 2940.0696 2957.2905 2974.3103 2991.2292 3294.9646 -988.5498 1796.5302 2997.0703 2983.1726 2966.6565 2952.356 2936.9475 2917.7124 2292.7185 2899.9878 2888.1042 2875.3142 2862.9272 2850.238 2837.146 2824.054 2810.7605 2797.6685 2784.7778 2771.8872 2759.0972 2746.5088 2734.021 2630.6946 2734.6252 2757.083 2778.131 2797.8699 2817.105 2836.2395 2854.7698 2872.6958 2890.4204 2908.0444 2925.4668 2942.7886 2959.909 2977.0293 2993.8477 -3211.2761 -957.63245 2031.4819 2998.2788 2984.2803 2969.577 2953.9673 2938.7603 2923.1506 2619.818 2900.592 2888.7085 2875.6165 2862.9272 2849.8352 2836.8438 2823.7517 2810.4583 2797.3662 2784.4756 2771.6858 2758.8958 2746.3074 2733.7188 2037.4237 2737.747 2760.1042 
-2433.609 -2422.531 -2412.0574 -2401.6846 -2391.11 -2380.9387 -2370.465 619.55566 3299.8992 3299.8992 3299.8992 3299.8992 3299.8992 3299.8992 3299.8992 3299.8992 3299.8992 3299.8992 3299.8992 -1400.9491 -2563.8245 -2551.6387 -2539.9565 -2528.2744 -2516.7937 -2505.5144 -2493.933 -2482.6538 -2369.0552 697.40295 3299.8992 2847.4182 197.3877 -1498.1323 -2276.7058 -2345.993 -1625.2258 -2343.274 -2452.3406 -2441.162 -2430.3862 -2419.4092 -2408.9355 -2398.462 -2387.8875 -2377.8167 -2367.4438 1492.0898 3299.8992 3299.8992 3299.8992 3299.8992 3299.8992 3299.8992 3299.8992 3299.8992 3299.8992 3299.8992 3299.8992 -2246.292 -2559.9976 -2547.8118 -2536.2305 -2524.5483 -2512.9668 -2501.9897 -2490.3076 -2479.0283 -2248.2056 1034.5734 3299.8992 2411.3525 -38.571167 -1618.7805 -2313.162 -2475.2014 -2113.0554 -2454.7576 -2443.7805 -2432.7026 -2422.0276 -2411.1511 -2400.778 -2390.2039 -2379.9316 -2369.8608 -2359.2864 2022.3175 3299.8992 3299.8992 3299.8992 3299.8992 3299.8992 3299.8992 3299.8992 3299.8992 3299.8992 3299.8992 3052.057 -2564.1265 -2551.941 -2539.7551 -2528.1738 -2516.5923 -2505.011 -2493.933 -2482.3516 -2471.173 -1962.497 1594.107 3299.8992 2566.342 314.91394 -2090.1946 -2482.251 -2357.5745 -1769.1376 -2452.542 -2441.3635 -2430.487 -2419.7112 -2408.8347 -2398.5625 -2387.9883 -2377.6152 -2367.6453 -2357.0708 2929.9988 3299.8992 3299.8992 3299.8992 3299.8992 3299.8992 3299.8992 3299.8992 3299.8992 3299.8992 3299.8992 2802.4016 -2563.3208 -2551.1353 -2538.9495 -2527.3682 -2515.8875 -2504.306 -2493.228 -2481.7473 -2470.5688 -1813.0463 1989.0839 3299.8992 2064.8162 -174.7284 -2259.8877 -2372.4792 -2225.3447 -1540.8325 -2451.0315 -2439.8528 -2429.0771 -2418.2007 -2407.3242 -2396.9512 -2386.5784 -2376.1047 -2366.1345 -2355.7617 3299.8992 3299.8992 3299.8992 3299.8992 3299.8992 3299.8992 3299.8992 3299.8992 3299.8992 3299.8992 3299.8992 2120.8098 -2559.9976 -2547.9126 -2535.8276 -2524.347 -2512.6648 -2501.3855 -2489.7034 -2478.726 -2467.4468 -1489.27 2532.3027 3299.8992 2154.547 19.839478 -2174.9907 -2285.1653 -2004.3915 -1593.5028 -2453.4485 -2442.3706 -2431.3933 
3299.8992 3299.8992 3299.8992 3299.8992 3299.8992 3299.8992 3299.8992 3299.8992 3299.8992 3299.8992 3299.8992 3299.8992 1819.5923 -211.68823 -1132.0587 -1401.0498 -1670.7458 -1694.3115 -697.50366 193.35938 543.82324 737.78687 1044.8456 524.7894 -1751.0101 -3270.5933 -3255.9905 -3240.985 -3226.3823 -3212.0818 -3197.9827 -3183.8835 -3170.0867 -3156.491 -3142.8955 -3129.4006 -3116.2078 -3103.1157 1077.1729 3299.8992 3299.8992 3299.8992 3299.8992 3299.8992 3299.8992 3299.8992 3299.8992 3299.8992 3299.8992 3299.8992 3299.8992 3299.8992 1748.3917 -145.01953 -991.3696 -1239.917 -1454.8279 -1398.8342 -340.6952 400.91858 636.77673 741.1102 1080.899 417.23328 -2168.2434 -3278.0457 -3262.6372 -3247.8333 -3233.6333 -3219.2322 -3205.0322 -3190.933 -3177.0354 -3163.339 -3149.7437 -3136.148 -3122.9553 -3109.7625 1484.9396 3299.8992 3299.8992 3299.8992 3299.8992 3299.8992 3299.8992 3299.8992 3299.8992 3299.8992 3299.8992 3299.8992 3299.8992 3296.7773 1461.9781 -407.66602 -1118.6646 -1413.8397 -1584.7412 -1494.7083 -533.85315 65.76233 200.91248 390.64636 655.91125 -94.262695 -2697.4639 -3268.1763 -3253.6743 -3238.7695 -3224.1667 -3209.8662 -3195.767 -3181.8694 -3167.9717 -3154.3762 -3140.8813 -3127.7893 -3114.395 -3049.7405 2384.967 3299.8992 3299.8992 3299.8992 3299.8992 3299.8992 3299.8992 3299.8992 3299.8992 3299.8992 3299.8992 3299.8992 3299.8992 3297.885 1134.8785 -620.46204 -1310.1105 -1680.011 -1824.0234 -1536.5021 -433.24585 156.19812 475.14038 736.8805 1101.3428 265.66772 -2511.9597 -3266.162 -3250.8545 -3236.2517 -3222.052 -3207.852 -3193.8538 -3179.7546 -3165.9575 -3152.362 -3138.7664 -3125.5737 -3112.1794 -2836.441 3055.9844 3299.8992 3299.8992 3299.8992 3299.8992 3299.8992 3299.8992 3299.8992 3299.8992 3299.8992 3299.8992 3299.8992 3299.8992 3238.7695 870.1172 -821.67664 -1441.2323 -1740.4358 -1880.3192 -1445.2606 -334.85413 289.4348 520.6604 752.1881 949.97864 -32.025146 -3032.9224 -3260.7239 -3245.5168 -3230.9143 -3216.8152 -3202.716 -3188.4155 -3174.7192 -3160.922 -3147.4272 -3133.9324 -3120.4375 -3107.3455 -2562.1123 3299.8992 3299.8992 
23.464966 1532.1716 3299.8992 3299.8992 3299.8992 3299.8992 3299.8992 3299.8992 3299.8992 3299.8992 3299.8992 3299.8992 3299.8992 3299.8992 3299.8992 3299.8992 3299.8992 3299.8992 2318.097 -3124.2644 -3108.7554 -3093.6492 -3079.1472 -3064.1418 -3049.539 -3035.138 -3020.938 -3006.8389 -2993.042 -2979.1443 -2965.6494 -2952.0537 -2938.6597 -2925.4668 -2912.4756 -2899.3835 -2886.493 -2873.8037 -1990.9973 -1377.2827 -64.453125 1513.0371 3299.8992 3299.8992 3299.8992 3299.8992 3299.8992 3299.8992 3299.8992 3299.8992 3299.8992 3299.8992 3299.8992 3299.8992 3299.8992 3299.8992 3299.8992 3299.8992 1939.5355 -3126.0771 -3110.568 -3095.3613 -3080.96 -3065.9546 -3051.4526 -3037.152 -3022.7507 -3008.7524 -2994.8547 -2981.0576 -2967.2607 -2953.7659 -2940.4724 -2927.179 -2914.087 -2901.0955 -2888.2048 -2875.5156 -1996.8384 -1149.884 104.13208 1691.6931 3299.8992 3299.8992 3299.8992 3299.8992 3299.8992 3299.8992 3299.8992 3299.8992 3299.8992 3299.8992 3299.8992 3299.8992 3299.8992 3299.8992 3299.8992 3299.8992 1519.1803 -3128.4941 -3113.086 -3097.879 -3082.8735 -3068.3716 -3053.9702 -3039.569 -3025.3691 -3011.27 -2997.2717 -2983.5754 -2969.8792 -2956.2834 -2942.99 -2929.6965 -2916.403 -2903.4119 -2890.6218 -2877.832 -1918.3868 -1213.2294 220.95337 1937.9242 3299.8992 3299.8992 3299.8992 3299.8992 3299.8992 3299.8992 3299.8992 3299.8992 3299.8992 3299.8992 3299.8992 3299.8992 3299.8992 3299.8992 3299.8992 3299.8992 810.39734 -3129.4006 -3113.8916 -3098.9868 -3083.8806 -3069.2778 -3054.776 -3040.4753 -3026.2756 -3012.1765 -2998.178 -2984.4817 -2970.7854 -2957.089 -2943.7957 -2930.4016 -2917.3096 -2904.318 -2891.5283 -2878.7383 -1868.0328 -1123.7 272.21375 2007.4127 3299.8992 3299.8992 3299.8992 3299.8992 3299.8992 3299.8992 3299.8992 3299.8992 3299.8992 3299.8992 3299.8992 3299.8992 3299.8992 3299.8992 3299.8992 3299.8992 158.81653 -3128.0913 -3112.683 -3097.6775 -3083.075 -3068.0693 -3053.4668 -3039.1663 -3024.9663 -3010.968 -2997.0703 -2983.0718 -2969.577 -2955.9814 -2942.5872 -2929.2937 -2916.2017 -2903.311 -2890.4204 -2877.6306 -1814.0533 -1199.5331 
3299.8992 3299.8992 3299.8992 3299.8992 3291.4397 3276.132 3260.7239 3245.2148 3229.5044 3213.391 3198.0835 2877.9326 261.5387 -1401.0498 -1958.2672 -1939.2334 -1902.5757 -1557.1472 -444.32373 459.53064 948.468 1259.7565 1577.591 1343.2434 59.71985 -1394.5038 3208.6577 3225.2747 3241.388 3257.4004 3273.2117 3289.0227 3299.8992 -3280.2612 -3264.8528 -3249.646 -3234.6404 -3219.4336 297.59216 3299.8992 3299.8992 3299.8992 3299.8992 3299.8992 3296.6765 3281.1675 3265.8599 3250.3508 3234.7412 3218.4265 3203.119 2782.0586 150.25635 -1289.2639 -1747.4854 -1739.328 -1587.561 -1197.2168 8.358765 752.69165 1146.8628 1397.2229 1706.5979 1509.4116 203.53088 -1198.0225 3201.004 3217.8223 3234.0361 3250.0488 3265.9607 3281.8726 3297.4822 -3287.3108 -3271.701 -3256.5947 -3241.4885 -3169.7844 535.3638 3299.8992 3299.8992 3299.8992 3299.8992 3299.8992 3288.3179 3272.9094 3257.7026 3242.1936 3226.4832 3210.269 3194.9614 2561.8103 -112.08801 -1571.347 -1882.2327 -1794.516 -1613.6444 -1182.8156 13.595581 727.61536 1088.855 1434.9884 1750.2045 1329.6478 -220.047 -1629.8584 3203.7231 3220.3398 3236.6545 3252.5664 3268.579 3284.1887 3299.8992 -3284.8938 -3269.3848 -3254.1777 -3239.273 -2967.0593 1002.6489 3299.8992 3299.8992 3299.8992 3299.8992 3299.8992 3287.4114 3272.0032 3256.4941 3240.985 3225.476 3209.262 3193.8538 2133.5999 -535.5652 -1818.5852 -2049.408 -1952.3254 -1799.0479 -1294.5007 -224.98169 466.07666 995.39795 1442.8436 1826.8433 1429.248 -171.1029 -1497.9309 3211.8804 3228.3965 3244.5098 3260.623 3276.3335 3292.044 3299.8992 -3277.0386 -3261.731 -3246.524 -3231.72 -2835.5347 1227.4292 3299.8992 3299.8992 3299.8992 3299.8992 3299.8992 3293.2524 3277.8442 3262.3352 3246.8262 3231.1157 3215.0024 3199.594 2139.6423 -372.51892 -1583.9355 -1743.457 -1736.6089 -1561.4777 -966.39404 162.94556 756.41785 1136.3892 1453.3173 1769.1376 1346.7682 -242.10205 -1704.9866 3208.8591 3225.3752 3241.5894 3257.6018 3273.5137 3289.1235 3299.8992 -3279.959 -3264.5508 -3249.4446 -3234.439 -2469.8638 1947.29 3299.8992 
-841.6168 -134.44519 731.8451 2237.0269 3299.8992 3299.8992 3299.8992 3299.8992 3299.8992 3299.8992 3299.8992 3299.8992 3299.8992 3299.8992 3299.8992 3299.8992 3299.8992 3299.8992 2273.886 -543.4204 -2869.6746 -2993.4448 -2979.547 -2965.75 -2952.356 -2938.861 -2925.5676 -2912.3748 -2899.2827 -2886.5935 -2873.703 -2860.913 -2848.3245 -2835.8367 -2823.3489 -2811.0625 -2798.7761 -2786.5906 -2421.8262 -1884.9518 -1146.2585 -246.23108 687.9364 2258.5784 3299.8992 3299.8992 3299.8992 3299.8992 3299.8992 3299.8992 3299.8992 3299.8992 3299.8992 3299.8992 3299.8992 3299.8992 3299.8992 3299.8992 2190.097 -502.53296 -2842.6848 -2990.625 -2976.7273 -2963.031 -2949.5361 -2936.2427 -2922.8484 -2909.7563 -2896.7651 -2883.8745 -2870.984 -2858.1938 -2845.5046 -2833.0168 -2820.529 -2808.2427 -2795.9563 -2783.7708 -2300.3723 -1665.4083 -1018.6615 -298.49854 563.86414 2190.4998 3299.8992 3299.8992 3299.8992 3299.8992 3299.8992 3299.8992 3299.8992 3299.8992 3299.8992 3299.8992 3299.8992 3299.8992 3299.8992 3299.8992 1910.1288 -655.81055 -2961.5203 -2986.6973 -2972.9004 -2959.3047 -2945.7092 -2932.315 -2919.1223 -2905.9294 -2893.0388 -2880.1482 -2867.2576 -2854.6692 -2842.0806 -2829.5928 -2817.105 -2804.8186 -2792.5322 -2780.2458 -2014.8651 -1483.3282 -769.6106 36.557007 879.3823 2602.4963 3299.8992 3299.8992 3299.8992 3299.8992 3299.8992 3299.8992 3299.8992 3299.8992 3299.8992 3299.8992 3299.8992 3299.8992 3299.8992 3299.8992 1894.7205 -686.7279 -3002.5085 -2990.7256 -2976.828 -2963.1316 -2949.6367 -2936.3433 -2923.0498 -2909.8572 -2896.9666 -2883.975 -2871.0845 -2858.3953 -2845.807 -2833.2183 -2820.8313 -2808.444 -2796.1577 -2781.4543 -1823.2178 -1312.2253 -644.0277 172.2107 984.7229 2658.9934 3299.8992 3299.8992 3299.8992 3299.8992 3299.8992 3299.8992 3299.8992 3299.8992 3299.8992 3299.8992 3299.8992 3299.8992 3299.8992 3299.8992 1224.2065 -1231.2561 -3005.0261 -2990.8264 -2976.9287 -2963.333 -2949.7375 -2936.444 -2923.2512 -2910.0586 -2897.168 -2884.1765 -2871.3867 -2858.5967 -2845.9075 -2833.4197 -2821.0327 -2808.6455 -2796.3591 -2639.3555 -1648.9929 -1192.0807 

-78.652954 -79.055786 -90.63721 -84.99756 -87.213135 -66.36658 -69.38782 0.70495605 61.431885 60.62622 29.406738 -45.822144 -43.606567 -17.926025 -1.6113281 36.657715 82.78198 131.22253 129.5105 116.41846 137.96997 139.27917 133.53882 133.2367 134.74731 112.39014 99.49951 55.892944 62.942505 46.224976 2.8198242 -71.90552 -153.3783 -181.1737 -154.28467 -131.22253 -114.4043 -153.57971 -149.24927 -142.1997 -131.32324 -103.125 -61.029053 -13.595581 9.567261 40.88745 15.005493 11.984253 74.82605 124.77722 129.71191 80.26428 29.003906 -7.7545166 -21.450806 -40.48462 -100.00305 -101.01013 -62.539673 -9.365845 -21.954346 -37.96692 -44.110107 -10.574341 15.710449 22.055054 67.07153 76.538086 35.85205 1.0070801 1.3092041 -0.80566406 2.6184082 30.81665 65.15808 79.35791 84.99756 29.80957 5.3375244 7.9559326 10.473633 0.70495605 2.5177002 -25.579834 -27.694702 -5.7403564 7.3516846 43.50586 76.43738 72.9126 58.511353 49.145508 58.410645 69.28711 78.35083 60.424805 6.1431885 -39.779663 -66.26587 -35.046387 -25.27771 -73.013306 -112.79297 -66.76941 -16.314697 -8.258057 -16.516113 -46.124268 -65.963745 -91.44287 -86.40747 -67.8772 -40.182495 -15.408325 -16.918945 -12.991333 -13.696289 -47.53418 -42.90161 -39.47754 -52.368164 -56.69861 -69.89136 -66.76941 -31.018066 -6.6467285 4.7332764 76.94092 176.0376 216.42151 211.1847 197.4884 213.7024 203.22876 120.84961 4.5318604 -67.37366 -122.25952 -167.98096 -187.01477 -190.33813 -174.92981 -111.78589 -45.52002 -50.656128 -70.69702 -26.687622 30.715942 42.095947 60.62622 91.34216 98.0896 82.681274 83.184814 91.04004 69.38782 -26.083374 -138.47351 -152.77405 -133.13599 -66.467285 -26.184082 -43.606567 -69.08569 -11.581421 71.09985 136.15723 180.16663 180.36804 153.88184 117.022705 83.08411 64.25171 6.5460205 -81.37207 -172.3114 -198.99902 -142.70325 -69.1864 -39.88037 -51.965332 -44.613647 -0.50354004 78.95508 107.35474 122.46094 127.697754 119.33899 92.14783 35.147095 8.157349 -11.279297 -37.060547 -29.507446 -12.689209 -10.977173 -44.41223 -63.64746 -32.32727 -45.117188 -75.93384 -164.15405 -253.58276 -251.77002 -136.56006 -66.87012 -46.627808 -35.650635 -9.265137 -4.9346924 1.4099121 9.970093 -4.8339844 -21.75293 -13.595581 28.80249 78.95508 93.85986 51.260376 18.73169 
-190.43884 -183.79211 -137.86926 -61.834717 -30.212402 -43.707275 -28.80249 -12.487793 37.86621 102.62146 148.3429 151.96838 71.502686 18.630981 15.106201 10.876465 27.593994 36.557007 80.06287 99.49951 87.11243 44.815063 11.782837 -33.636475 -60.021973 -42.800903 -57.403564 -58.410645 -81.57349 -87.41455 -79.2572 -23.968506 32.42798 59.921265 78.149414 98.69385 104.13208 152.97546 110.57739 70.19348 51.361084 40.786743 51.965332 58.410645 38.067627 -14.199829 -7.7545166 -8.258057 -16.516113 -26.687622 -74.72534 -108.66394 -149.45068 -155.39246 -152.87476 -142.70325 -129.40979 -104.333496 -57.403564 -48.742676 -50.354004 -51.864624 -43.90869 -64.35242 -39.578247 26.385498 28.399658 21.954346 17.120361 0.40283203 -37.564087 -17.825317 32.125854 47.03064 40.786743 33.032227 40.686035 82.9834 38.269043 19.73877 28.29895 57.20215 69.38782 76.638794 63.446045 50.857544 52.670288 65.15808 87.61597 123.46802 148.74573 119.84253 31.118774 -24.069214 -48.44055 -57.000732 -65.460205 -73.11401 -89.52942 -137.1643 -141.39404 -127.597046 -124.97864 -179.15955 -163.14697 -133.74023 -125.68359 -92.752075 -58.71277 -32.125854 -16.918945 16.21399 9.265137 12.890625 49.246216 39.175415 44.41223 79.2572 22.055054 -14.904785 -36.35559 3.1219482 79.45862 164.05334 167.1753 131.22253 118.63403 120.14465 138.2721 137.96997 135.95581 105.23987 48.03772 26.486206 46.5271 72.61047 52.468872 16.21399 -21.450806 -37.96692 -67.67578 -104.23279 -168.88733 -208.46558 -163.95264 -100.305176 -111.28235 -130.719 -101.916504 -72.006226 -36.657715 32.025146 96.8811 111.38306 119.13757 113.90076 110.87952 136.15723 84.695435 62.13684 59.21631 50.354004 42.297363 50.55542 4.1290283 -28.198242 -40.081787 -44.41223 -38.571167 -16.616821 -25.177002 -84.89685 -129.00696 -141.69617 -127.99988 -117.022705 -112.994385 -102.62146 -71.80481 -49.346924 -30.615234 -12.890625 -16.616821 -52.267456 -11.782837 15.408325 24.069214 14.501953 -1.9134521 -21.652222 -42.39807 -26.184082 27.29187 78.45154 137.1643 162.84485 188.02185 211.99036 168.68591 159.42078 160.32715 153.88184 147.83936 117.022705 47.93701 17.523193 3.8269043 -6.2438965 -22.558594 -14.501953 9.567261 -14.602661 -79.2572 -100.808716 -107.55615 -109.973145 -121.65527 -132.83386 -134.24377 -131.52466 
2780.85 2801.0925 2819.9248 2839.0593 2857.489 2875.415 2893.0388 2910.6628 2928.0852 2945.407 2962.5273 2979.547 2996.3652 -2785.8855 -496.7926 2571.6797 2995.1567 2981.0576 2966.2537 2951.651 2935.3362 2918.0144 2689.1052 2897.47 2885.5864 2872.5952 2860.208 2847.3174 2834.2253 2821.0327 2807.9407 2794.9492 2781.958 2769.0674 2756.4788 2743.7896 2731.3018 1112.6221 2738.5527 2760.7085 2781.5552 2801.0925 2820.7305 2839.0593 2857.489 2875.6165 2893.643 2911.267 2928.7903 2945.9106 2963.031 2980.0505 2996.869 -2691.7236 -243.10913 2630.4932 2993.8477 2979.6477 2962.5273 2947.7234 2932.6172 2817.6086 2795.05 2896.5637 2884.5793 2871.6887 2859.201 2846.3103 2833.2183 2820.0256 2806.9336 2793.9421 2781.0515 2768.0603 2755.5725 2742.8833 2730.2947 -186.51123 2740.7683 2762.8235 2783.4685 2803.0059 2822.0398 2841.0735 2859.5032 2877.3284 2894.9524 2912.677 2930.0994 2947.3206 2964.34 2981.3599 2998.178 -2265.8293 203.43018 2930.4016 2990.3228 2975.8208 2958.9019 2944.2993 2929.495 2827.478 2905.3252 2893.4417 2881.4575 2868.3655 2855.6763 2842.5842 2829.4922 2816.4001 2803.308 2790.3167 2777.426 2764.6362 2752.0476 2739.4592 2726.8706 -1736.206 2740.6677 2762.622 2783.267 2803.4087 2822.644 2840.973 2859.3018 2877.4292 2895.4558 2912.979 2930.5022 2947.6226 2964.8438 2981.6619 2998.4802 -1976.7975 508.27332 3001.0986 2987.3015 2972.7996 2955.9814 2941.3787 2926.5747 2754.8674 2903.009 2890.4204 2878.3354 2865.4448 2852.8564 2839.9658 2826.9744 2813.8823 2800.7903 2787.6982 2774.9084 2762.1184 2749.53 2736.9414 2724.353 3261.9324 2741.3726 2763.2263 2783.9722 2803.4087 2822.946 2841.1743 2859.5032 2877.7312 2895.5566 2913.1804 2930.603 2947.824 2964.9443 2981.8633 2998.6816 -1987.3718 453.68958 3001.5015 2987.8052 2973.3032 2956.787 2942.3857 2927.7832 2809.7534 2902.8076 2890.924 2878.7383 2865.5457 2852.7556 2839.7644 2826.6724 2813.5803 2800.3875 2787.4968 2774.6062 2761.8164 2749.2278 2736.6394 2724.0508 2720.1233 2744.0918 2765.744 2786.1877 2806.2285 2824.9602 2843.8933 2862.2222 2879.9468 2897.7722 2915.2954 2932.6172 2949.939 2966.9585 2983.8774 3000.6958 -1624.6216 919.86694 2998.9836 2985.2874 2970.8862 2954.37 2939.9688 
-2420.6177 -2410.144 -2399.3682 -2388.794 -2378.5217 -2367.9473 -2305.307 3299.8992 3299.8992 3299.8992 3299.8992 3299.8992 3299.8992 3299.8992 3299.8992 3299.8992 3299.8992 3299.8992 1382.9224 -2561.206 -2549.121 -2537.439 -2525.5554 -2513.9739 -2502.3926 -2491.0125 -2479.834 -2468.6553 -1472.3511 2641.873 3299.8992 1787.3657 -51.763916 -2024.4324 -2180.9326 -1521.2952 -1142.3309 -2458.2825 -2447.0032 -2436.026 -2425.2502 -2414.7766 -2403.7993 -2393.3257 -2382.852 -2372.3784 -2120.6084 3299.8992 3299.8992 3299.8992 3299.8992 3299.8992 3299.8992 3299.8992 3299.8992 3299.8992 3299.8992 3299.8992 605.2551 -2563.3208 -2551.2358 -2539.6545 -2527.6702 -2516.2903 -2504.7087 -2493.228 -2482.1501 -2470.8708 -854.2053 3299.8992 3299.8992 1990.8966 115.008545 -2085.7634 -2239.9475 -1585.9497 -1318.3685 -2466.1377 -2454.959 -2443.881 -2433.0046 -2422.531 -2411.554 -2400.9795 -2390.5059 -2379.9316 -1840.9424 3299.8992 3299.8992 3299.8992 3299.8992 3299.8992 3299.8992 3299.8992 3299.8992 3299.8992 3299.8992 3299.8992 415.92407 -2570.9746 -2558.8896 -2547.2075 -2535.2234 -2523.6418 -2512.1611 -2500.5798 -2489.6025 -2478.3232 -776.45874 3299.8992 3299.8992 1604.1779 -108.1604 -2118.1914 -2290.3015 -1780.5176 -1593.3014 -2469.058 -2457.9802 -2447.0032 -2436.026 -2425.5522 -2414.5752 -2404.0007 -2393.527 -2382.953 -1304.1687 3299.8992 3299.8992 3299.8992 3299.8992 3299.8992 3299.8992 3299.8992 3299.8992 3299.8992 3299.8992 3299.8992 -647.5525 -2571.4783 -2559.5947 -2547.9126 -2536.029 -2524.4475 -2513.0676 -2501.3855 -2490.3076 -2479.0283 -447.34497 3299.8992 3299.8992 1200.7416 -253.78418 -1955.0446 -2169.6533 -1398.6328 -1418.2709 -2473.1873 -2462.0085 -2450.83 -2439.9536 -2429.3792 -2418.402 -2407.8276 -2397.354 -2386.679 -863.47046 3299.8992 3299.8992 3299.8992 3299.8992 3299.8992 3299.8992 3299.8992 3299.8992 3299.8992 3299.8992 3299.8992 -663.16223 -2576.5137 -2564.4287 -2552.8472 -2540.9636 -2529.3823 -2517.8008 -2506.32 -2495.1416 -2483.8623 -111.28235 3299.8992 3299.8992 897.9126 -443.71948 -2084.3535 -2446.298 -1730.8685 -1951.4191 -2473.1873 -2461.908 -2451.0315 -2440.155 -2429.5806 -2418.6035 -2408.029 -2397.4548 -2386.8804 -239.68506 3299.8992 3299.8992 3299.8992 3299.8992 3299.8992 3299.8992 3299.8992 3299.8992 3299.8992 3299.8992 3299.8992 -1246.8658 -2576.715 
3299.8992 3299.8992 3299.8992 3299.8992 3299.8992 3299.8992 3299.8992 3299.8992 3299.8992 3299.8992 3299.8992 3215.9087 916.04004 -634.964 -1122.29 -1518.8782 -1623.0103 -1113.5284 -114.4043 390.84778 499.1089 577.66113 814.12354 -306.7566 -3273.715 -3262.4358 -3247.229 -3232.6262 -3218.527 -3204.2266 -3190.1274 -3176.3306 -3162.5334 -3148.938 -3135.443 -3122.1497 -3108.9568 -2197.9521 3299.8992 3299.8992 3299.8992 3299.8992 3299.8992 3299.8992 3299.8992 3299.8992 3299.8992 3299.8992 3299.8992 3299.8992 3299.8992 2959.8083 518.042 -799.01733 -1174.2554 -1376.7792 -1521.8994 -895.0928 151.76697 557.72095 710.1929 883.8135 1000.33264 -416.02478 -3283.5845 -3268.3777 -3253.775 -3238.87 -3224.1667 -3209.8662 -3195.868 -3181.8694 -3168.0725 -3154.3762 -3140.8813 -3127.3865 -3114.1936 -1808.6151 3299.8992 3299.8992 3299.8992 3299.8992 3299.8992 3299.8992 3299.8992 3299.8992 3299.8992 3299.8992 3299.8992 3299.8992 3299.8992 2832.4126 368.79272 -1030.8472 -1498.6359 -1751.413 -1850.9125 -996.2036 83.78906 452.07825 580.7831 718.3502 702.7405 -735.8734 -3278.7505 -3263.5437 -3249.1423 -3234.2375 -3219.7356 -3205.435 -3191.336 -3177.539 -3163.742 -3150.1465 -3136.6516 -3123.3582 -3110.1653 -1127.6276 3299.8992 3299.8992 3299.8992 3299.8992 3299.8992 3299.8992 3299.8992 3299.8992 3299.8992 3299.8992 3299.8992 3299.8992 3299.8992 2670.6755 437.677 -774.8474 -1192.7856 -1498.0316 -1536.2 -607.87354 293.46313 712.912 874.85046 1023.8983 923.79456 -788.04016 -3290.0298 -3274.7222 -3260.2202 -3245.2148 -3230.5115 -3216.211 -3202.011 -3187.9119 -3174.2156 -3160.4187 -3146.823 -3133.6304 -3120.236 -1030.1422 3299.8992 3299.8992 3299.8992 3299.8992 3299.8992 3299.8992 3299.8992 3299.8992 3299.8992 3299.8992 3299.8992 3299.8992 3299.8992 2277.8137 9.164429 -1134.4757 -1394.7052 -1615.3564 -1674.1699 -783.8104 61.935425 428.8147 597.3999 785.32104 642.4164 -1222.3938 -3284.491 -3269.3848 -3254.1777 -3239.4744 -3225.3752 -3211.0747 -3197.0764 -3183.1787 -3169.1802 -3155.6853 -3142.0898 -3128.6956 -3115.503 -235.65674 3299.8992 3299.8992 3299.8992 3299.8992 3299.8992 3299.8992 3299.8992 3299.8992 3299.8992 3299.8992 3299.8992 3299.8992 3299.8992 2085.562 -35.34851 -960.9558 -1227.3285 -1399.6399 -1328.6407 -449.057 292.55676 604.44946 
180.87158 2063.1042 3299.8992 3299.8992 3299.8992 3299.8992 3299.8992 3299.8992 3299.8992 3299.8992 3299.8992 3299.8992 3299.8992 3299.8992 3299.8992 3299.8992 3299.8992 3299.8992 -403.7384 -3124.768 -3109.3596 -3094.4548 -3079.8523 -3064.9475 -3050.4456 -3036.145 -3021.945 -3007.846 -2993.9482 -2980.252 -2966.455 -2952.8594 -2939.6667 -2926.3733 -2913.3818 -2900.3906 -2887.5 -2874.8108 -1701.7639 -912.21313 602.4353 2519.2107 3299.8992 3299.8992 3299.8992 3299.8992 3299.8992 3299.8992 3299.8992 3299.8992 3299.8992 3299.8992 3299.8992 3299.8992 3299.8992 3299.8992 3299.8992 3299.8992 -1193.1885 -3124.4658 -3109.1582 -3094.1528 -3079.248 -3064.746 -3050.2441 -3036.0442 -3021.8445 -3007.846 -2993.8477 -2980.1514 -2966.5557 -2953.0608 -2939.7673 -2926.3733 -2913.3818 -2900.3906 -2887.6006 -2867.9626 -1839.2303 -849.2706 561.44714 2459.9944 3299.8992 3299.8992 3299.8992 3299.8992 3299.8992 3299.8992 3299.8992 3299.8992 3299.8992 3299.8992 3299.8992 3299.8992 3299.8992 3299.8992 3299.8992 3299.8992 -2152.4321 -3119.934 -3104.727 -3089.7217 -3074.716 -3060.315 -3045.813 -3031.613 -3017.6147 -3003.5156 -2989.618 -2975.8208 -2962.2253 -2948.831 -2935.437 -2922.4456 -2909.253 -2896.3623 -2883.5723 -2866.5527 -1981.0272 -1032.6599 477.45667 2404.605 3299.8992 3299.8992 3299.8992 3299.8992 3299.8992 3299.8992 3299.8992 3299.8992 3299.8992 3299.8992 3299.8992 3299.8992 3299.8992 3299.8992 3299.8992 3299.8992 -2691.8242 -3111.7766 -3096.5698 -3081.665 -3066.6594 -3052.1575 -3037.9578 -3023.7578 -3009.558 -2995.6604 -2981.8633 -2968.2678 -2954.672 -2941.278 -2927.9846 -2914.8926 -2901.8005 -2889.0105 -2876.2207 -2647.714 -1683.435 -630.4321 818.5547 2798.3733 3299.8992 3299.8992 3299.8992 3299.8992 3299.8992 3299.8992 3299.8992 3299.8992 3299.8992 3299.8992 3299.8992 3299.8992 3299.8992 3299.8992 3299.8992 3102.31 -3053.2654 -3109.7625 -3094.5557 -3079.7515 -3065.3503 -3050.647 -3036.0442 -3021.945 -3007.846 -2993.9482 -2980.0505 -2966.455 -2952.8594 -2939.4653 -2926.1719 -2913.0798 -2900.0884 -2887.2986 -2874.5085 -2372.0764 -1434.082 -379.36707 1042.2272 3002.005 3299.8992 3299.8992 3299.8992 3299.8992 3299.8992 3299.8992 3299.8992 3299.8992 3299.8992 3299.8992 3299.8992 3299.8992 3299.8992 3299.8992 3299.8992 2883.5723 -3126.5808 -3110.8704 
3299.8992 3299.8992 3299.8992 3299.8992 3286.1023 3270.6938 3255.2856 3239.6758 3223.9653 3207.7515 3192.4438 1707.4036 -827.11487 -1918.0847 -2062.5 -1937.6221 -1712.2375 -929.7363 163.75122 810.39734 1243.039 1534.3872 1834.4971 1225.9186 -464.0625 -1957.3608 3211.5784 3228.0945 3244.2078 3260.2202 3276.132 3291.742 3299.8992 -3277.3406 -3262.033 -3246.9268 -3231.8206 -2054.242 2428.1707 3299.8992 3299.8992 3299.8992 3299.8992 3299.8992 3285.1958 3269.7876 3254.48 3238.7695 3223.1597 3206.845 3188.919 1428.1403 -932.35474 -1973.0713 -2049.408 -1884.9518 -1665.7104 -743.82935 325.28687 827.2156 1250.592 1663.4949 1890.7928 1216.2506 -519.754 -2214.0654 3210.974 3227.3894 3243.5027 3259.5154 3275.4272 3291.1377 3299.8992 -3277.9448 -3262.6372 -3247.6318 -3232.5256 -1773.6694 2719.1162 3299.8992 3299.8992 3299.8992 3299.8992 3297.7844 3282.6782 3267.2698 3251.8616 3236.2517 3220.4407 3204.3274 3184.9915 1132.3608 -1168.4143 -2017.8864 -2048.1995 -1976.6968 -1744.5648 -756.9214 269.59534 805.36194 1175.9674 1540.6311 1730.4657 954.00696 -805.1605 -2597.9644 3217.8223 3234.0361 3250.3508 3266.162 3281.9731 3297.4822 -3286.8071 -3271.399 -3256.2927 -3241.1865 -3226.181 -1301.2482 3240.4814 3299.8992 3299.8992 3299.8992 3299.8992 3299.8992 3285.0952 3269.8882 3254.2786 3238.6687 3223.059 3206.7444 3180.1575 864.57825 -1179.9957 -1932.486 -1902.6764 -1881.6284 -1738.5223 -686.8286 346.0327 849.0692 1203.36 1542.9474 1782.1289 958.74023 -826.6113 -2986.8987 3220.2393 3236.6545 3252.7678 3268.579 3284.3901 3299.8992 -3284.491 -3269.1833 -3253.9763 -3238.87 -3223.764 -1059.8511 3299.8992 3299.8992 3299.8992 3299.8992 3299.8992 3299.8992 3286.203 3270.7947 3255.1848 3239.3738 3223.8647 3207.6506 3128.7964 690.0513 -1248.4772 -1939.4348 -1941.9525 -1816.9739 -1552.9175 -447.7478 536.9751 977.97546 1283.3221 1599.4446 1646.6766 707.6752 -900.3296 -3125.7751 3220.4407 3236.856 3253.1707 3268.982 3284.793 3299.8992 -3284.1887 -3268.881 -3253.6743 -3238.568 -3223.462 -727.41394 3299.8992 3299.8992 3299.8992 3299.8992 3299.8992 3299.3958 3284.0881 3268.6797 3253.07 3237.4602 3221.9512 3205.536 3031.9153 429.21753 -1353.1128 -2011.1389 -2036.1145 -1833.2886 -1499.3408 -328.2074 657.01904 1056.1249 
-519.0491 228.10364 1086.7401 2871.991 3299.8992 3299.8992 3299.8992 3299.8992 3299.8992 3299.8992 3299.8992 3299.8992 3299.8992 3299.8992 3299.8992 3299.8992 3299.8992 3299.8992 804.25415 -1624.2188 -3004.2205 -2990.1213 -2976.3245 -2962.7288 -2949.234 -2935.739 -2922.5464 -2909.555 -2896.5637 -2883.673 -2870.883 -2858.0933 -2845.5046 -2832.9163 -2820.529 -2808.2427 -2795.9563 -2754.7668 -1980.6244 -1495.7153 -738.79395 152.97546 1106.8817 3059.3079 3299.8992 3299.8992 3299.8992 3299.8992 3299.8992 3299.8992 3299.8992 3299.8992 3299.8992 3299.8992 3299.8992 3299.8992 3299.8992 3299.8992 909.69543 -1576.886 -3000.8972 -2986.798 -2973.1018 -2959.4055 -2945.9106 -2932.315 -2919.3237 -2906.1309 -2893.341 -2880.551 -2867.6604 -2854.9712 -2842.3828 -2829.7942 -2817.4072 -2805.1208 -2792.7336 -2645.1965 -1833.5907 -1201.4465 -584.5093 374.23096 1554.3274 3299.8992 3299.8992 3299.8992 3299.8992 3299.8992 3299.8992 3299.8992 3299.8992 3299.8992 3299.8992 3299.8992 3299.8992 3299.8992 3299.8992 3181.366 291.44897 -2167.8406 -2998.3794 -2984.2803 -2970.4834 -2956.9885 -2943.3928 -2930.0994 -2916.9067 -2903.8147 -2890.924 -2878.2349 -2865.4448 -2852.5542 -2840.1672 -2827.5786 -2815.1917 -2802.8044 -2790.619 -2646.8079 -1854.7394 -1323.3032 -599.41406 378.5614 1509.3109 3299.8992 3299.8992 3299.8992 3299.8992 3299.8992 3299.8992 3299.8992 3299.8992 3299.8992 3299.8992 3299.8992 3299.8992 3299.8992 3299.8992 3163.037 424.58496 -2099.2583 -2996.2646 -2982.266 -2968.5698 -2954.9744 -2941.58 -2928.186 -2915.094 -2902.002 -2889.0105 -2876.1199 -2863.33 -2850.6409 -2838.2537 -2825.6653 -2813.379 -2800.9917 -2788.8062 -2501.9897 -1811.737 -1257.6416 -503.0365 423.88 1668.7317 3299.8992 3299.8992 3299.8992 3299.8992 3299.8992 3299.8992 3299.8992 3299.8992 3299.8992 3299.8992 3299.8992 3299.8992 3299.8992 3299.8992 2871.286 62.64038 -2197.2473 -2994.1497 -2980.1514 -2966.455 -2952.8594 -2939.4653 -2926.1719 -2912.979 -2900.0884 -2887.0972 -2874.1057 -2861.4165 -2848.7273 -2836.2395 -2823.7517 -2811.264 -2798.9775 -2786.792 -2216.0796 -1549.292 -997.2107 -318.74084 516.6321 1842.9565 3299.8992 3299.8992 3299.8992 3299.8992 3299.8992 3299.8992 3299.8992 3299.8992 3299.8992 3299.8992 3299.8992 3299.8992 3299.8992 3299.8992 2838.2537 -30.514526 -2395.1384 

11.883545 -8.761597 -30.81665 7.2509766 26.687622 46.124268 83.58765 63.043213 40.48462 39.88037 54.785156 43.707275 36.053467 70.59631 68.984985 12.789917 -83.08411 -148.84644 -121.051025 -92.752075 -73.61755 -85.29968 -100.40588 -89.42871 -1.4099121 62.64038 38.772583 -7.2509766 0.50354004 8.056641 7.3516846 56.69861 118.43262 132.43103 96.47827 43.304443 42.39807 78.149414 86.00464 100.10376 120.34607 109.57031 67.57507 53.67737 21.551514 28.500366 61.431885 53.07312 9.164429 -54.382324 -91.54358 -92.248535 -104.63562 -71.502686 -51.159668 -35.147095 -63.043213 -106.64978 -101.51367 -94.56482 -68.07861 -54.885864 -70.999146 -68.07861 21.853638 69.992065 90.234375 127.093506 143.20679 122.96448 135.55298 159.32007 157.40662 109.26819 96.57898 88.723755 49.0448 5.7403564 -29.608154 -77.24304 -77.24304 -77.24304 -77.24304 -77.24304 -77.24304 -77.24304 -77.24304 -77.24304 -77.24304 -77.24304 -77.24304 -77.24304 -77.24304 -77.24304 -77.24304 -77.24304 -77.24304 -77.24304 -77.24304 -77.24304 76.135254 80.667114 67.67578 35.147095 48.138428 39.98108 44.0094 18.127441 -23.364258 -68.38074 -95.67261 -65.460205 -75.128174 -134.94873 -120.95032 -61.431885 28.198242 67.27295 36.35559 5.9417725 -60.424805 -162.44202 -190.43884 -155.69458 -132.53174 -32.629395 71.90552 99.298096 85.60181 50.756836 11.380005 -15.408325 -22.558594 27.79541 24.77417 -1.2084961 -50.656128 -37.96692 57.806396 125.582886 221.65833 285.00366 237.57019 154.78821 147.1344 120.95032 83.78906 47.735596 -19.537354 -108.56323 -187.01477 -191.64734 -180.77087 -193.25867 -185.00061 -165.46326 -87.11243 -43.40515 -15.408325 5.5389404 17.321777 62.13684 108.36182 97.68677 -4.2297363 -24.673462 -8.862305 4.0283203 36.557007 81.27136 85.90393 39.37683 -34.84497 -55.18799 -30.615234 4.0283203 0.80566406 31.924438 67.17224 67.77649 30.615234 -55.993652 -151.36414 -168.88733 -117.022705 -91.04004 -35.247803 10.876465 9.768677 12.890625 -5.2368164 -29.708862 -31.219482 -8.761597 34.240723 68.984985 60.324097 16.616821 6.1431885 38.47046 
-124.77722 -96.47827 -101.61438 -134.74731 -86.709595 -34.44214 -24.069214 -4.6325684 18.630981 20.040894 -7.6538086 3.5247803 43.103027 12.185669 -18.026733 -17.523193 26.586914 49.95117 -5.4382324 -33.83789 -3.3233643 6.9488525 5.3375244 15.307617 -40.48462 -72.509766 -73.61755 -22.558594 54.483032 113.90076 155.39246 128.10059 101.21155 84.99756 86.91101 72.20764 36.758423 -0.50354004 -3.9276123 -19.638062 -47.53418 -55.69153 -64.35242 -112.994385 -101.815796 -88.82446 -68.38074 -23.76709 20.24231 42.297363 74.92676 88.11951 109.67102 82.88269 85.40039 75.93384 128.80554 156.29883 95.269775 35.85205 -25.982666 -88.92517 -89.52942 -42.095947 -73.91968 -80.4657 -99.60022 -103.02429 -83.48694 -61.431885 -21.652222 -4.5318604 -7.6538086 -5.7403564 9.970093 30.31311 28.29895 43.707275 64.956665 53.979492 11.480713 3.8269043 -10.977173 -35.650635 -13.595581 -28.80249 -82.58057 -79.559326 -49.0448 12.487793 57.20215 71.90552 52.468872 -0.70495605 -26.889038 -26.78833 11.077881 18.630981 -13.595581 -2.3162842 15.106201 15.005493 24.472046 40.48462 -13.696289 -38.269043 -63.24463 -41.99524 3.8269043 55.892944 83.184814 29.910278 -48.44055 -67.37366 -67.07153 -29.406738 -27.493286 -56.19507 -95.16907 -124.37439 -140.7898 -126.28784 -120.547485 -118.43262 -41.290283 -28.601074 -34.44214 23.062134 76.638794 116.519165 129.40979 152.27051 217.22717 213.8031 211.68823 185.30273 129.10767 47.332764 -16.71753 -23.867798 -44.714355 -79.156494 -100.70801 -104.434204 -138.47351 -128.10059 -107.05261 -54.382324 4.8339844 42.39807 59.61914 19.335938 -9.869385 -44.613647 -74.12109 -78.652954 -83.78906 -71.90552 -80.667114 -90.234375 -84.09119 -62.942505 -54.281616 -42.095947 26.083374 51.361084 57.504272 79.559326 123.87085 161.73706 164.05334 155.896 146.22803 129.81262 108.1604 89.02588 118.029785 71.90552 6.2438965 -37.261963 -53.07312 -31.924438 -3.3233643 8.963013 -51.361084 -78.652954 -92.95349 -76.034546 -27.191162 5.5389404 16.113281 -42.095947 -81.06995 -89.227295 -91.241455 -95.87402 -108.86536 -75.4303 -7.7545166 13.595581 
2924.8625 2777.124 2900.9949 2888.507 2876.3213 2863.33 2850.6409 2837.7502 2824.5574 2811.5662 2798.474 2785.5835 2772.6929 2759.9028 2747.3145 2734.8267 2721.936 2722.0366 2745.6023 2767.3552 2787.799 2807.135 2826.471 2844.7998 2862.9272 2881.0547 2898.88 2916.504 2933.9263 2951.1475 2968.2678 2985.1868 3001.9043 -1512.3322 995.9015 2999.0845 2985.2874 2970.7854 2956.2834 2941.8823 2925.3662 2862.2222 2900.592 2887.9028 2875.5156 2862.5244 2849.9358 2836.8438 2823.7517 2810.6597 2797.5676 2784.677 2771.7864 2759.0972 2746.5088 2733.9202 2720.929 2724.2522 2747.5159 2769.0674 2789.511 2808.7463 2828.0823 2846.3103 2864.5386 2882.666 2900.3906 2918.0144 2935.5376 2952.5574 2969.6777 2986.5967 3065.451 -1081.7047 1614.4501 2995.0562 2981.1584 2966.6565 2952.0537 2935.8398 2920.23 2646.707 2896.3623 2884.6802 2872.4944 2859.1003 2846.3103 2833.2183 2820.227 2807.2356 2794.1436 2781.253 2768.3623 2755.673 2743.0847 2730.6975 2717.505 2724.2522 2747.5159 2769.0674 2789.4104 2809.2498 2828.3843 2846.5117 2864.74 2882.7666 2900.592 2918.2158 2935.437 2952.658 2969.7783 2986.5967 3136.853 -1113.8306 1539.2212 2995.0562 2981.259 2966.6565 2951.651 2935.739 2920.23 2711.3616 2896.7651 2884.378 2871.991 2858.899 2846.2097 2833.319 2820.227 2807.135 2794.1436 2781.1523 2768.3623 2755.673 2743.0847 2730.496 2717.0012 2727.6763 2750.7385 2771.9878 2792.2302 2811.3647 2830.7007 2848.8281 2867.0562 2885.083 2902.8076 2920.4314 2937.7532 2954.9744 2971.994 2988.9128 3291.5405 -919.2627 1796.1273 2994.754 2980.8562 2965.9514 2950.6438 2935.3362 2919.3237 2538.748 2896.9666 2884.5793 2872.293 2859.201 2846.5117 2833.5205 2820.4285 2807.437 2794.2444 2781.5552 2768.5637 2755.9753 2743.2861 2730.7983 2699.5789 2730.899 2753.5583 2774.8076 2794.7478 2813.9832 2832.7148 2851.547 2869.6746 2887.5 2905.0232 2922.4456 2939.7673 2956.8877 2973.9075 2990.8264 -3118.8262 -695.2881 2340.3533 2992.7397 2978.54 2963.9373 2948.0254 2932.9192 
-2564.6301 -2553.0486 -2541.0645 -2529.483 -2518.0022 -2506.421 -2495.4436 -2482.553 149.34998 3299.8992 3131.9182 137.76855 -1057.0312 -2327.5635 -2367.4438 -1739.4287 -2035.1074 -2466.2383 -2455.1604 -2444.0825 -2433.307 -2422.8333 -2411.9568 -2401.3823 -2390.9087 -2380.3345 526.09863 3299.8992 3299.8992 3299.8992 3299.8992 3299.8992 3299.8992 3299.8992 3299.8992 3299.8992 3299.8992 3299.8992 -1464.1937 -2572.183 -2560.0981 -2548.6174 -2536.6333 -2525.0518 -2513.6719 -2501.9897 -2490.9119 -2388.693 669.50684 3299.8992 2793.2373 -15.710449 -1191.4764 -2369.5586 -2420.2148 -1865.1123 -2470.8708 -2459.9944 -2449.118 -2438.1409 -2427.2644 -2416.8914 -2405.9143 -2395.5413 -2385.0676 -2375.0977 1231.3568 3299.8992 3299.8992 3299.8992 3299.8992 3299.8992 3299.8992 3299.8992 3299.8992 3299.8992 3299.8992 3299.8992 -1831.2744 -2567.752 -2555.7678 -2543.6829 -2532.3027 -2520.7214 -2509.3413 -2498.2634 -2486.5813 -2251.0254 971.32874 3299.8992 2595.7488 1.6113281 -1580.1086 -2324.6428 -2427.1636 -1739.1266 -2465.9363 -2454.7576 -2443.6797 -2432.8032 -2422.1282 -2411.2517 -2400.879 -2390.4053 -2380.0322 -2370.0623 2108.9263 3299.8992 3299.8992 3299.8992 3299.8992 3299.8992 3299.8992 3299.8992 3299.8992 3299.8992 3299.8992 3208.6577 -2531.195 -2562.7166 -2550.7324 -2538.748 -2527.2673 -2515.686 -2504.306 -2493.228 -2481.6467 -2099.5605 1505.484 3299.8992 2233.6028 -160.52856 -2040.0421 -2486.078 -2451.132 -1779.6112 -2458.383 -2447.3052 -2436.3281 -2425.5522 -2414.8772 -2404.1016 -2393.7285 -2383.3557 -2372.9827 -2363.1133 2667.3523 3299.8992 3299.8992 3299.8992 3299.8992 3299.8992 3299.8992 3299.8992 3299.8992 3299.8992 3299.8992 2776.016 -2567.5505 -2555.365 -2543.28 -2531.2957 -2520.0164 -2508.5356 -2497.1558 -2486.078 -2474.4963 -1909.6252 1756.1462 3299.8992 1950.3113 -351.67236 -2248.0042 -2476.007 -2384.967 -1922.0123 -2448.3123 -2437.3352 -2426.5593 -2415.7837 -2405.1086 -2394.3328 -2384.0605 -2373.7883 -2363.617 -2353.7476 3299.8992 3299.8992 3299.8992 3299.8992 3299.8992 3299.8992 3299.8992 3299.8992 3299.8992 3299.8992 3299.8992 2473.1873 -2560.4004 -2548.114 
793.07556 955.21545 664.57214 -1445.5627 -3289.7278 -3274.5208 -3259.9182 -3244.9126 -3230.2092 -3216.0095 -3201.9104 -3188.0127 -3174.3164 -3160.5193 -3146.7224 -3133.3281 -3120.0347 421.86584 3299.8992 3299.8992 3299.8992 3299.8992 3299.8992 3299.8992 3299.8992 3299.8992 3299.8992 3299.8992 3299.8992 3299.8992 3293.3533 1885.1532 -172.3114 -1270.6329 -1502.4628 -1615.4572 -1548.587 -597.1985 157.70874 440.094 702.8412 823.8922 379.56848 -1880.1178 -3285.2966 -3270.1904 -3254.9834 -3240.3809 -3226.2817 -3211.9812 -3197.9827 -3184.085 -3170.288 -3156.6924 -3143.097 -3129.602 -3116.4092 1009.19495 3299.8992 3299.8992 3299.8992 3299.8992 3299.8992 3299.8992 3299.8992 3299.8992 3299.8992 3299.8992 3299.8992 3299.8992 3294.7632 1560.3699 -431.03027 -1300.1404 -1640.2313 -1848.5962 -1717.6758 -730.03235 -50.756836 271.6095 470.4071 701.02844 233.44116 -2292.6177 -3272.2046 -3257.199 -3242.8984 -3228.0945 -3213.693 -3199.594 -3185.5957 -3171.7986 -3158.1023 -3144.5068 -3131.1125 -3117.92 -3104.828 1512.6343 3299.8992 3299.8992 3299.8992 3299.8992 3299.8992 3299.8992 3299.8992 3299.8992 3299.8992 3299.8992 3299.8992 3299.8992 3299.8992 1460.1654 -431.93665 -1135.4828 -1354.422 -1501.1536 -1373.2544 -339.386 252.67639 526.8036 806.77185 1001.0376 320.25146 -2347.9065 -3275.2258 -3260.1196 -3245.0134 -3230.5115 -3216.4124 -3202.3132 -3188.214 -3174.3164 -3160.7207 -3147.0244 -3133.6304 -3120.1355 -3104.727 2029.7699 3299.8992 3299.8992 3299.8992 3299.8992 3299.8992 3299.8992 3299.8992 3299.8992 3299.8992 3299.8992 3299.8992 3299.8992 3295.2666 1264.1876 -457.21436 -1158.7463 -1501.2543 -1643.0511 -1408.5022 -352.67944 263.85498 506.46057 644.43054 827.2156 158.5144 -2619.6167 -3272.9094 -3257.904 -3243.5027 -3228.7993 -3214.2974 -3200.0977 -3186.2 -3172.5037 -3158.606 -3145.0103 -3131.7168 -3118.4233 -2934.027 2868.164 3299.8992 3299.8992 3299.8992 3299.8992 3299.8992 3299.8992 3299.8992 3299.8992 3299.8992 3299.8992 3299.8992 3299.8992 3259.9182 940.5121 -704.85535 -1324.9146 -1566.2109 -1819.0887 -1539.7247 -425.1892 145.9259 395.9839 
-3095.7642 -3080.8594 -3066.0552 -3051.5532 -3037.3535 -3023.2544 -3009.0544 -2995.1567 -2981.4604 -2967.6636 -2954.1687 -2940.6738 -2927.481 -2914.2883 -2901.2969 -2888.4062 -2875.717 -2351.0283 -1621.9025 -325.18616 1199.5331 3254.3792 3299.8992 3299.8992 3299.8992 3299.8992 3299.8992 3299.8992 3299.8992 3299.8992 3299.8992 3299.8992 3299.8992 3299.8992 3299.8992 3299.8992 3299.8992 2468.5547 -3125.8757 -3110.1653 -3095.16 -3080.2551 -3065.2495 -3050.949 -3036.5479 -3022.4487 -3008.3496 -2994.452 -2980.6548 -2966.9585 -2953.4636 -2940.0696 -2926.8767 -2913.5833 -2900.6926 -2888.0034 -2875.1128 -2003.7872 -1151.1932 100.6073 1562.9883 3299.8992 3299.8992 3299.8992 3299.8992 3299.8992 3299.8992 3299.8992 3299.8992 3299.8992 3299.8992 3299.8992 3299.8992 3299.8992 3299.8992 3299.8992 3299.8992 2065.6218 -3130.307 -3114.6973 -3099.6917 -3084.6863 -3069.882 -3055.3801 -3041.1804 -3026.88 -3012.8813 -2998.9836 -2985.086 -2971.289 -2957.7942 -2944.4 -2931.1064 -2918.0144 -2904.9224 -2892.0317 -2879.242 -2024.7345 -1452.6123 -151.46484 1535.1929 3299.8992 3299.8992 3299.8992 3299.8992 3299.8992 3299.8992 3299.8992 3299.8992 3299.8992 3299.8992 3299.8992 3299.8992 3299.8992 3299.8992 3299.8992 3299.8992 1486.853 -3128.1921 -3112.7837 -3097.6775 -3082.7727 -3068.3716 -3053.5674 -3039.1663 -3024.8657 -3010.7666 -2996.869 -2983.2732 -2969.3755 -2955.8806 -2942.4866 -2929.2937 -2916.0002 -2903.1096 -2890.219 -2877.4292 -2025.0366 -1320.5841 71.90552 1796.7316 3299.8992 3299.8992 3299.8992 3299.8992 3299.8992 3299.8992 3299.8992 3299.8992 3299.8992 3299.8992 3299.8992 3299.8992 3299.8992 3299.8992 3299.8992 3299.8992 935.8795 -3126.7822 -3111.2732 -3096.2676 -3081.2622 -3067.0623 -3052.359 -3037.7563 -3023.6572 -3009.558 -2995.6604 -2981.964 -2968.2678 -2954.5715 -2941.3787 -2927.9846 -2914.9932 -2901.9011 -2889.1113 -2876.3213 -1848.8983 -1283.2214 72.10693 1782.3303 3299.8992 3299.8992 3299.8992 3299.8992 3299.8992 3299.8992 3299.8992 3299.8992 3299.8992 3299.8992 3299.8992 3299.8992 3299.8992 3299.8992 3299.8992 3299.8992 379.8706 -3124.063 -3108.8562 
1288.3575 1597.934 1561.377 542.51404 -956.1218 3206.3416 3221.9512 3238.3667 3254.48 3270.291 3286.203 3299.8992 -3282.7788 -3267.4712 -3252.365 -3237.2588 -3222.2534 -232.23267 3299.8992 3299.8992 3299.8992 3299.8992 3299.8992 3297.583 3281.9731 3266.565 3251.056 3235.3455 3219.635 3203.5217 2943.1914 296.8872 -1412.1277 -2062.5 -2062.2986 -1879.01 -1473.3582 -340.59448 475.94604 1002.4475 1353.6163 1675.6805 1663.9984 518.74695 -1090.9698 3207.0464 3223.6633 3239.978 3255.9905 3271.9023 3287.7136 3299.8992 -3281.369 -3266.0613 -3250.7537 -3235.7483 -3220.7427 200.50964 3299.8992 3299.8992 3299.8992 3299.8992 3299.8992 3296.0723 3280.5632 3265.155 3249.7466 3233.9355 3218.3257 3202.1118 2710.6567 13.293457 -1474.9695 -1986.5662 -1945.578 -1759.5703 -1384.5337 -236.56311 595.8893 935.376 1268.8202 1656.7474 1589.6759 276.6449 -1268.5181 3209.6648 3226.0803 3242.4956 3258.4075 3274.3193 3290.0298 3299.8992 -3278.952 -3263.745 -3248.538 -3233.432 -3165.0513 530.8319 3299.8992 3299.8992 3299.8992 3299.8992 3299.8992 3295.9717 3280.664 3265.3564 3249.646 3233.9355 3218.3257 3202.1118 2485.5742 -267.48047 -1725.8331 -2111.6455 -2020.8069 -1808.5144 -1373.053 -248.64807 550.47 1154.718 1549.6948 1870.2484 1540.0269 99.09668 -1274.8627 3212.7869 3229.303 3245.5168 3261.6301 3277.3406 3293.051 -3291.339 -3275.9307 -3260.7239 -3245.5168 -3230.5115 -2991.2292 994.693 3299.8992 3299.8992 3299.8992 3299.8992 3299.8992 3295.9717 3280.4626 3265.155 3249.5452 3233.8347 3218.3257 3202.011 2312.6587 -304.3396 -1583.9355 -1844.9707 -1796.933 -1662.1857 -1222.5952 -124.17297 579.5746 981.70166 1258.7494 1585.6476 1251.8005 -240.59143 -1560.4706 3216.9158 3233.3313 3249.5452 3265.5579 3281.2683 3297.0793 -3287.4114 -3272.2046 -3256.897 -3241.69 -3226.7852 -2788.4033 1370.4346 3299.8992 3299.8992 3299.8992 3299.8992 3299.8992 3296.9788 3281.7717 3266.3635 3250.7537 3235.0432 3219.4336 3202.9175 2097.0427 -537.78076 -1701.2604 -1854.8401 -1739.5294 -1494.104 -872.03064 96.98181 720.2637 1079.7913 
-2996.5667 -2982.5684 -2968.7712 -2955.2764 -2941.8823 -2928.5889 -2915.396 -2902.304 -2889.4133 -2876.5227 -2863.8335 -2851.1443 -2838.455 -2825.9673 -2813.5803 -2801.294 -2789.1082 -2255.0537 -1732.077 -1054.8157 -312.29553 595.28503 1877.298 3299.8992 3299.8992 3299.8992 3299.8992 3299.8992 3299.8992 3299.8992 3299.8992 3299.8992 3299.8992 3299.8992 3299.8992 3299.8992 3299.8992 2573.0896 -174.12415 -2550.9338 -2995.9624 -2981.8633 -2968.2678 -2954.672 -2941.0767 -2927.8838 -2914.5903 -2901.599 -2888.91 -2876.0193 -2863.2292 -2850.4395 -2837.9517 -2825.5645 -2813.0767 -2800.6897 -2788.504 -2283.1511 -1637.2101 -930.6427 -221.65833 682.49817 2087.0728 3299.8992 3299.8992 3299.8992 3299.8992 3299.8992 3299.8992 3299.8992 3299.8992 3299.8992 3299.8992 3299.8992 3299.8992 3299.8992 3299.8992 2110.739 -669.0033 -2982.367 -2992.7397 -2978.842 -2965.2466 -2951.7517 -2938.156 -2924.9634 -2911.8713 -2898.7793 -2885.9893 -2873.3 -2860.4094 -2847.7202 -2835.2324 -2822.644 -2810.4583 -2798.1719 -2785.8855 -1956.7566 -1430.5573 -753.90015 49.246216 1004.05884 2586.1816 3299.8992 3299.8992 3299.8992 3299.8992 3299.8992 3299.8992 3299.8992 3299.8992 3299.8992 3299.8992 3299.8992 3299.8992 3299.8992 3299.8992 2039.5386 -644.32983 -3008.7524 -2997.5737 -2983.676 -2969.8792 -2956.3843 -2942.8894 -2929.7974 -2916.504 -2903.6133 -2890.6218 -2877.832 -2864.9414 -2852.2522 -2839.6636 -2827.3772 -2814.8894 -2802.603 -2789.4104 -1856.0486 -1359.8602 -756.015 33.83789 840.91187 2510.147 3299.8992 3299.8992 3299.8992 3299.8992 3299.8992 3299.8992 3299.8992 3299.8992 3299.8992 3299.8992 3299.8992 3299.8992 3299.8992 3299.8992 1697.937 -769.7113 -3013.4856 -2999.286 -2985.3882 -2971.7925 -2958.197 -2944.8027 -2931.5093 -2918.3167 -2905.2246 -2892.334 -2879.4434 -2866.6533 -2854.065 -2841.5771 -2829.0894 -2816.7021 -2804.4158 -2789.7124 -1828.656 -1364.5935 -715.9332 73.31543 1020.47424 2738.7542 3299.8992 3299.8992 3299.8992 3299.8992 3299.8992 3299.8992 3299.8992 3299.8992 3299.8992 3299.8992 3299.8992 3299.8992 3299.8992 3299.8992 1276.7761 -1369.6289 -3011.27 

77.74658 124.27368 168.08167 177.2461 119.23828 65.15808 17.72461 6.2438965 24.169922 40.585327 3.0212402 -78.048706 -142.1997 -141.99829 -105.84412 -63.14392 -55.490112 -43.203735 -15.609741 -2.6184082 22.25647 33.737183 27.392578 10.473633 31.018066 22.659302 16.113281 -4.2297363 -33.535767 7.2509766 26.889038 65.05737 97.98889 144.81812 181.87866 186.1084 155.9967 75.531006 22.357178 18.630981 51.5625 94.56482 120.44678 133.03528 127.29492 121.9574 50.454712 -75.027466 -161.73706 -183.28857 -192.55371 -192.453 -168.4845 -139.88342 -92.14783 -53.979492 -90.93933 -96.780396 -87.81738 -69.58923 -71.30127 -107.05261 -106.75049 -116.015625 -117.32483 -116.41846 -94.06128 -65.66162 -48.44055 -73.61755 -144.51599 -155.69458 -145.01953 -76.135254 60.62622 153.98254 216.42151 216.82434 221.3562 266.6748 289.03198 269.39392 254.89197 168.98804 5.9417725 -65.66162 -94.46411 -84.79614 -61.6333 -37.261963 -54.986572 -69.28711 -70.79773 -58.309937 -59.820557 -72.006226 -129.00696 -88.52234 -61.73401 -62.036133 -80.96924 -129.6112 -165.06042 -144.21387 -71.502686 -14.099121 33.233643 52.972412 51.864624 38.87329 17.926025 38.974 37.664795 32.226562 34.542847 35.650635 19.839478 -32.93152 -89.63013 -112.08801 -120.44678 -101.01013 -9.466553 65.3595 93.759155 98.59314 85.5011 90.03296 129.6112 154.38538 77.84729 -35.549927 -68.28003 -32.83081 -2.5177002 -9.667969 -59.417725 -66.16516 -48.742676 -27.79541 -6.3446045 24.572754 59.61914 110.476685 166.47034 197.68982 219.74487 245.42542 241.09497 189.43176 89.730835 50.958252 62.338257 84.09119 56.09436 -1.8127441 -54.58374 -80.667114 -95.06836 -131.22253 -133.3374 -105.03845 -54.18091 -47.131348 -61.331177 -55.792236 -73.71826 -104.333496 -85.90393 10.473633 70.79773 88.82446 69.58923 22.860718 -1.9134521 -5.6396484 -21.75293 -7.0495605 -53.979492 -79.055786 -83.28552 -112.69226 -130.41687 -125.582886 -130.11475 -102.420044 -70.19348 -81.170654 -144.7174 -189.63318 -152.06909 -73.61755 -38.47046 -10.171509 23.968506 42.800903 51.260376 51.260376 76.23596 90.63721 
16.818237 25.881958 -4.7332764 -7.1502686 53.778076 69.38782 90.5365 105.13916 93.255615 38.269043 42.599487 100.305176 119.13757 107.15332 85.702515 67.27295 81.87561 9.164429 -71.09985 -110.980225 -148.54431 -171.60645 -121.554565 -59.21631 -69.28711 -58.914185 -35.147095 -2.0141602 10.876465 14.401245 38.36975 -17.019653 -47.332764 -24.371338 -2.1148682 -35.95276 -83.58765 -42.39807 12.789917 26.687622 4.4311523 2.0141602 -40.88745 -89.93225 -83.688354 -77.948 -34.643555 12.890625 68.38074 88.82446 100.909424 112.18872 119.540405 107.55615 107.85828 111.483765 155.19104 108.76465 60.021973 20.74585 3.0212402 -6.4453125 -24.975586 -54.0802 -87.91809 -97.18323 -90.13367 -63.64746 -13.494873 42.90161 69.488525 24.371338 5.7403564 -8.963013 -26.385498 -49.0448 -85.40039 -78.35083 -78.75366 -79.76074 -83.08411 -83.184814 -126.9928 -111.987305 -55.59082 -42.095947 -38.168335 -14.501953 -8.560181 -12.789917 21.450806 52.56958 81.97632 108.05969 116.61987 88.11951 82.78198 14.804077 -10.473633 -8.560181 -38.671875 -68.07861 -62.23755 -59.014893 -73.71826 -36.758423 -3.3233643 40.88745 74.2218 101.01013 81.47278 23.867798 1.2084961 -18.328857 -40.182495 -52.670288 -61.73401 -26.184082 -3.1219482 -31.219482 -24.975586 -42.095947 -89.93225 -68.68286 -14.804077 7.3516846 16.918945 12.487793 17.523193 29.104614 88.723755 161.0321 159.7229 138.07068 121.65527 114.10217 146.32874 96.47827 48.44055 -5.1361084 -26.385498 10.574341 60.827637 76.135254 81.37207 91.64429 89.63013 73.013306 69.79065 51.864624 -2.2155762 -68.481445 -96.37756 -101.916504 -116.61987 -153.78113 -178.35388 -161.53564 -172.41211 -186.41052 -202.92664 -209.67407 -202.32239 -125.68359 -59.317017 -35.44922 -15.710449 27.996826 56.09436 66.467285 120.14465 146.73157 123.46802 121.85669 107.25403 90.93933 116.82129 80.4657 64.65454 48.239136 39.98108 34.542847 27.694702 -28.80249 -73.516846 -89.93225 -84.09119 -38.974 18.22815 39.276123 -21.350098 -73.11401 -80.36499 -38.671875 -13.394165 -6.7474365 -27.191162 -30.615234 -45.217896 -43.90869 
2915.2954 2730.496 2894.4487 2882.7666 2870.2788 2856.9854 2843.9941 2831.0027 2817.9106 2804.8186 2791.8274 2779.0374 2766.1467 2753.5583 2740.8691 2728.482 2229.776 2731.906 2754.5654 2775.5127 2795.6543 2815.2922 2834.1248 2852.2522 2870.3796 2888.507 2906.2317 2923.755 2941.0767 2958.2976 2975.116 2992.035 -2926.9775 -685.318 2351.9348 2993.042 2979.0435 2963.1316 2947.522 2933.322 2916.9067 2871.6887 2895.053 2882.5652 2870.0774 2856.9854 2844.0947 2831.204 2818.112 2805.02 2792.0288 2779.0374 2766.3481 2753.659 2741.0706 2728.5828 1346.9696 2735.2295 2757.6873 2778.534 2798.5747 2817.5078 2836.7432 2854.8706 2872.8972 2890.8232 2908.5479 2926.1719 2943.3928 2960.5132 2977.533 2994.351 -2512.3625 -182.98645 2855.2734 2989.7185 2975.6194 2960.614 2944.5007 2929.6965 2913.5833 2903.8147 2891.327 2879.6448 2867.157 2853.662 2840.6707 2827.6794 2814.688 2801.596 2788.6047 2775.714 2763.025 2750.3357 2737.848 2725.36 141.89758 2735.33 2757.788 2778.433 2798.474 2818.112 2836.441 2855.2734 2873.3 2891.0247 2908.5479 2925.8696 2943.1914 2960.3118 2977.3315 2994.1497 -2292.2148 87.41455 2884.378 2987.3015 2973.1018 2956.8877 2941.7815 2927.179 2822.4426 2902.6062 2890.4204 2878.0334 2865.5457 2852.4536 2839.6636 2826.6724 2813.5803 2800.5889 2787.4968 2774.707 2761.917 2749.3286 2736.74 2724.2522 -1378.1891 2737.6465 2759.7014 2780.6487 2800.4883 2819.4214 2838.455 2856.381 2874.6094 2892.636 2910.26 2927.7832 2945.0042 2962.1245 2979.0435 2995.9624 -2058.4717 340.19165 2999.7893 2986.093 2971.692 2954.0679 2939.6667 2924.9634 2723.9502 2901.3977 2889.4133 2877.0264 2864.6392 2851.4465 2838.6565 2825.5645 2812.5732 2799.4812 2786.5906 2773.7 2760.91 2748.3215 2735.8337 2723.346 -2834.5276 2739.3584 2761.4136 2782.0586 2801.9988 2820.7305 2839.3616 2858.0933 2876.2207 2893.744 2911.267 2928.6895 2946.0112 2963.031 2979.95 2996.869 -1782.5317 687.33215 2997.5737 2983.8774 2969.4763 2954.2693 2938.7603 2923.755 
-2536.2305 -2524.347 -2512.9668 -2501.587 -2490.1062 -2479.0283 -2467.5476 -1728.1494 2092.511 3299.8992 1852.0203 -248.14453 -1902.475 -2109.43 -1670.9473 -1286.2427 -2452.7434 -2441.565 -2430.6885 -2419.9126 -2409.2375 -2398.361 -2388.0889 -2377.8167 -2367.5444 -2357.4736 3299.8992 3299.8992 3299.8992 3299.8992 3299.8992 3299.8992 3299.8992 3299.8992 3299.8992 3299.8992 3299.8992 1779.9133 -2561.7095 -2549.524 -2537.6404 -2525.656 -2514.4775 -2502.7954 -2491.516 -2480.136 -2468.9575 -1061.0596 3239.5752 3299.8992 2255.8594 376.54724 -1533.783 -1378.1891 -1156.8329 -717.8467 -2214.7705 -2455.966 -2444.989 -2433.9111 -2423.0347 -2412.561 -2402.188 -2153.1372 -2126.0466 -1854.1351 3299.8992 3299.8992 3299.8992 3299.8992 3299.8992 3299.8992 3299.8992 3299.8992 3299.8992 3299.8992 3299.8992 480.07507 -2572.6868 -2560.8032 -2548.7183 -2537.3381 -2525.8574 -2514.0747 -2502.7954 -2491.1133 -2339.8499 -1777.6978 1787.0636 3299.8992 489.44092 -1352.005 -2127.5574 -2145.1812 -2130.1758 -2220.3093 -2433.0046 -2422.4304 -2411.554 -2400.9795 -2390.7073 -2380.3345 -2369.8608 -2359.6892 -2349.6184 -1930.1697 3299.8992 3299.8992 3299.8992 3299.8992 3299.8992 3299.8992 3299.8992 3299.8992 3299.8992 3299.8992 3299.8992 876.7639 -2546.4019 -2534.317 -2522.5342 -2510.7512 -2499.3713 -2488.092 -2476.8127 -2465.332 -2454.4556 -567.69104 3299.8992 3299.8992 1856.25 20.040894 -1952.4261 -2140.1458 -1338.3087 -1136.792 -2454.1533 -2442.874 -2431.9976 -2421.121 -2410.446 -2400.1738 -2389.1968 -2378.8237 -2368.6523 -1300.946 3299.8992 3299.8992 3299.8992 3299.8992 3299.8992 3299.8992 3299.8992 3299.8992 3299.8992 3299.8992 3299.8992 -111.28235 -2561.3066 -2549.3225 -2537.439 -2526.0588 -2514.2761 -2502.7954 -2491.4153 -2480.0354 -2468.9575 -701.532 3299.8992 3299.8992 1565.9088 -45.721436 -1970.755 -2188.7878 -1876.0895 -1858.9691 -2459.9944 -2448.816 -2437.9395 -2427.063 -2416.388 -2406.015 -2395.0378 -2384.6648 -2374.3926 -934.0668 3299.8992 3299.8992 3299.8992 3299.8992 3299.8992 3299.8992 3299.8992 3299.8992 3299.8992 3299.8992 3299.8992 -658.52966 -2565.6372 -2553.6528 
618.24646 765.07874 -119.64111 -3022.8516 -3264.8528 -3249.948 -3234.9426 -3220.5413 -3206.7444 -3192.5444 -3178.6467 -3164.8499 -3151.2542 -3137.6587 -3124.3652 -3111.0718 -2623.1414 3299.8992 3299.8992 3299.8992 3299.8992 3299.8992 3299.8992 3299.8992 3299.8992 3299.8992 3299.8992 3299.8992 3299.8992 3299.8992 3128.4941 697.30225 -900.531 -1401.654 -1623.7152 -1683.9386 -1170.8313 -69.68994 449.56055 743.93005 907.27844 997.11 -83.78906 -3208.7585 -3265.3564 -3250.4517 -3236.1511 -3221.4478 -3207.0464 -3192.9473 -3179.0496 -3165.2527 -3151.5564 -3138.0615 -3124.768 -3111.4746 -2206.5125 3299.8992 3299.8992 3299.8992 3299.8992 3299.8992 3299.8992 3299.8992 3299.8992 3299.8992 3299.8992 3299.8992 3299.8992 3299.8992 3067.6665 673.53516 -884.82056 -1369.0247 -1670.6451 -1744.4641 -1244.3481 -212.99744 242.90771 518.042 671.521 656.3141 -542.2119 -3275.4272 -3259.7168 -3244.9126 -3230.713 -3216.11 -3201.709 -3187.7104 -3173.9136 -3160.0159 -3146.4202 -3133.0261 -3119.6318 -3106.5398 -1912.6465 3299.8992 3299.8992 3299.8992 3299.8992 3299.8992 3299.8992 3299.8992 3299.8992 3299.8992 3299.8992 3299.8992 3299.8992 3299.8992 2970.9868 639.8987 -754.8065 -1141.5253 -1456.5399 -1597.229 -921.17615 -36.154175 382.1869 672.5281 956.32324 851.3855 -582.99866 -3280.2612 -3264.9536 -3249.948 -3235.6475 -3220.944 -3206.6436 -3192.5444 -3178.6467 -3164.8499 -3151.2542 -3137.9607 -3124.3652 -3111.0718 -1359.7595 3299.8992 3299.8992 3299.8992 3299.8992 3299.8992 3299.8992 3299.8992 3299.8992 3299.8992 3299.8992 3299.8992 3299.8992 3299.8992 2525.9583 219.14062 -1036.9904 -1362.0758 -1609.0118 -1631.5704 -618.14575 435.66284 777.76794 896.5027 982.4066 706.4667 -863.8733 -3285.0952 -3270.0896 -3255.2856 -3240.1794 -3225.778 -3211.679 -3197.5798 -3183.5815 -3169.583 -3156.0881 -3142.5933 -3129.2998 -3116.0063 -753.2959 3299.8992 3299.8992 3299.8992 3299.8992 3299.8992 3299.8992 3299.8992 3299.8992 3299.8992 3299.8992 3299.8992 3299.8992 3299.8992 2398.764 37.060547 -1274.4598 -1623.8159 -1777.0935 -1759.9731 -836.2793 -20.74585 336.16333 485.71472 
-3093.75 -3078.9458 -3064.1418 -3049.64 -3035.5408 -3021.3408 -3007.2417 -2993.4448 -2979.547 -2965.9514 -2952.4565 -2939.0625 -2925.8696 -2912.7776 -2899.7864 -2886.795 -2874.2065 -1720.5963 -1008.49 311.28845 2082.2388 3299.8992 3299.8992 3299.8992 3299.8992 3299.8992 3299.8992 3299.8992 3299.8992 3299.8992 3299.8992 3299.8992 3299.8992 3299.8992 3299.8992 3299.8992 3299.8992 -292.75818 -3123.9624 -3108.554 -3093.5486 -3078.6438 -3063.9404 -3049.4385 -3035.2385 -3021.1394 -3007.0403 -2993.1426 -2979.3457 -2965.75 -2952.1545 -2938.861 -2925.6682 -2912.5762 -2899.585 -2886.795 -2874.0051 -1752.0172 -973.7457 433.24585 2202.9875 3299.8992 3299.8992 3299.8992 3299.8992 3299.8992 3299.8992 3299.8992 3299.8992 3299.8992 3299.8992 3299.8992 3299.8992 3299.8992 3299.8992 3299.8992 3299.8992 -936.38306 -3121.8474 -3106.5398 -3091.4336 -3076.7302 -3062.4297 -3047.7263 -3033.3252 -3019.1252 -3005.127 -2991.2292 -2977.533 -2963.9373 -2950.3418 -2937.0483 -2923.8555 -2910.7634 -2897.7722 -2884.9822 -2870.3796 -1647.4823 -959.2438 445.3308 2334.8145 3299.8992 3299.8992 3299.8992 3299.8992 3299.8992 3299.8992 3299.8992 3299.8992 3299.8992 3299.8992 3299.8992 3299.8992 3299.8992 3299.8992 3299.8992 3299.8992 -1819.3909 -3118.1213 -3102.9143 -3087.909 -3073.2056 -3058.905 -3044.3022 -3029.9011 -3015.7012 -3001.8035 -2987.8052 -2974.2095 -2960.5132 -2947.1191 -2933.7249 -2920.6328 -2907.5408 -2894.5496 -2881.8604 -2857.9924 -2007.9163 -1044.4427 398.6023 2334.2102 3299.8992 3299.8992 3299.8992 3299.8992 3299.8992 3299.8992 3299.8992 3299.8992 3299.8992 3299.8992 3299.8992 3299.8992 3299.8992 3299.8992 3299.8992 3299.8992 -2609.7473 -3110.0647 -3094.8577 -3079.8523 -3065.2495 -3050.4456 -3036.145 -3021.945 -3007.9468 -2994.049 -2980.3528 -2966.6565 -2953.0608 -2939.6667 -2926.4739 -2913.2812 -2900.1892 -2887.3992 -2874.71 -2653.0518 -1679.7089 -745.7428 656.7169 2628.5796 3299.8992 3299.8992 3299.8992 3299.8992 3299.8992 3299.8992 3299.8992 3299.8992 3299.8992 3299.8992 3299.8992 3299.8992 3299.8992 3299.8992 3299.8992 3227.3894 -2908.3464 -3107.4463 -3092.2393 
1343.2434 1570.8435 1162.1704 -390.0421 -1707.0007 3217.7214 3234.0361 3250.2502 3266.2627 3281.9731 3297.583 -3286.8071 -3271.4995 -3256.192 -3241.0857 -3226.181 -2594.641 1608.1055 3299.8992 3299.8992 3299.8992 3299.8992 3299.8992 3295.8708 3280.5632 3265.2556 3249.3438 3233.7341 3218.225 3201.709 1933.2916 -534.7595 -1606.4941 -1754.6356 -1727.948 -1560.2692 -887.9425 277.14844 874.9512 1262.1735 1511.6272 1707.4036 1154.2145 -486.6211 -1994.7235 3214.3982 3230.9143 3247.0276 3263.04 3278.8513 3294.5618 -3290.0298 -3274.6216 -3259.1125 -3244.107 -3229.1016 -2176.0986 2321.823 3299.8992 3299.8992 3299.8992 3299.8992 3299.8992 3288.7207 3273.413 3258.0046 3242.2942 3226.6846 3211.1755 3193.048 1475.5737 -910.90393 -1916.3727 -2129.1687 -2158.9783 -1939.1327 -1119.873 21.75293 672.22595 1119.9738 1470.0348 1672.3572 1119.6716 -578.2654 -2153.0364 3223.8647 3240.0786 3256.3933 3272.3052 3287.8142 3299.8992 -3281.067 -3265.6584 -3250.5522 -3235.3455 -3220.3398 -1962.1948 2483.3586 3299.8992 3299.8992 3299.8992 3299.8992 3299.8992 3295.5688 3280.2612 3264.7522 3249.0417 3233.3313 3217.7214 3198.0835 1382.5195 -940.20996 -1859.372 -1927.7527 -1893.4113 -1718.7836 -813.21716 357.91626 964.4806 1371.2402 1655.1361 1691.5924 968.0054 -741.9159 -2524.8503 3223.6633 3239.978 3256.192 3272.1038 3287.8142 3299.8992 -3280.966 -3265.7593 -3250.5522 -3235.446 -3220.4407 -1513.6414 2945.0042 3299.8992 3299.8992 3299.8992 3299.8992 3299.8992 3292.5476 3277.0386 3261.5295 3245.9197 3230.0078 3214.4988 3193.2495 1048.6725 -1078.3813 -1939.1327 -1976.1932 -1960.3821 -1657.0496 -620.1599 402.3285 853.9032 1198.0225 1505.7861 1544.5587 837.3871 -857.8308 -2814.4866 3227.0874 3243.3013 3259.4146 3275.2258 3291.0369 3299.8992 -3277.9448 -3262.6372 -3247.3296 -3232.3242 -3217.4194 -1125.412 3299.8992 3299.8992 3299.8992 3299.8992 3299.8992 3299.8992 3292.5476 3277.0386 3261.5295 3245.9197 3230.1086 3214.5996 3142.694 721.7743 -1276.0712 -1976.3947 -1922.0123 -1679.306 -1440.4266 -335.15625 627.9144 1072.9431 1384.6344 
-2997.171 -2983.2732 -2969.577 -2956.082 -2942.7886 -2929.495 -2916.403 -2903.311 -2890.4204 -2877.5298 -2864.74 -2852.1514 -2839.6636 -2827.1758 -2814.7888 -2802.5024 -2787.8997 -2030.3741 -1467.8192 -716.5375 141.09192 1126.9226 2884.7808 3299.8992 3299.8992 3299.8992 3299.8992 3299.8992 3299.8992 3299.8992 3299.8992 3299.8992 3299.8992 3299.8992 3299.8992 3299.8992 3299.8992 985.42786 -1540.7318 -3007.2417 -2993.1426 -2979.2449 -2965.6494 -2952.1545 -2938.7603 -2925.5676 -2912.4756 -2899.3835 -2886.5935 -2873.703 -2861.0137 -2848.3245 -2835.736 -2823.2483 -2810.861 -2798.5747 -2617.6025 -1714.7552 -1109.903 -474.63684 303.1311 1275.769 3141.4856 3299.8992 3299.8992 3299.8992 3299.8992 3299.8992 3299.8992 3299.8992 3299.8992 3299.8992 3299.8992 3299.8992 3299.8992 3299.8992 3299.8992 846.7529 -1680.716 -3008.2488 -2994.1497 -2980.3528 -2966.6565 -2953.1616 -2939.8682 -2926.5747 -2913.4827 -2900.4912 -2887.6006 -2874.8108 -2862.0208 -2849.231 -2836.8438 -2824.4568 -2811.969 -2799.884 -2591.9219 -1635.5988 -1118.3624 -417.73682 526.9043 1540.329 3299.8992 3299.8992 3299.8992 3299.8992 3299.8992 3299.8992 3299.8992 3299.8992 3299.8992 3299.8992 3299.8992 3299.8992 3299.8992 3299.8992 3299.8992 493.46924 -1905.9998 -3009.1553 -2995.0562 -2981.259 -2967.7642 -2954.2693 -2940.9758 -2927.6824 -2914.5903 -2901.599 -2888.809 -2875.9185 -2863.1287 -2850.4395 -2837.8508 -2825.4639 -2813.0767 -2800.7903 -2567.752 -1816.4703 -1203.2593 -497.59827 247.03674 1429.3488 3299.8992 3299.8992 3299.8992 3299.8992 3299.8992 3299.8992 3299.8992 3299.8992 3299.8992 3299.8992 3299.8992 3299.8992 3299.8992 3299.8992 2939.0625 -20.141602 -2192.111 -3002.71 -2988.51 -2974.8137 -2961.3188 -2947.9248 -2934.5305 -2921.237 -2908.2458 -2895.1538 -2882.3638 -2869.7754 -2856.9854 -2844.2961 -2831.8083 -2819.6228 -2807.2356 -2794.7478 -2478.2227 -1728.1494 -1122.5922 -368.79272 480.4779 1717.8772 3299.8992 3299.8992 3299.8992 3299.8992 3299.8992 3299.8992 3299.8992 3299.8992 3299.8992 3299.8992 3299.8992 3299.8992 3299.8992 3299.8992 2914.087 -43.606567 -2470.8708 -3000.1921 

67.27295 57.000732 76.23596 40.98816 -12.286377 -48.843384 -41.189575 -33.535767 -16.314697 11.883545 33.636475 57.20215 94.96765 100.6073 95.5719 83.58765 70.999146 106.448364 99.298096 72.509766 27.996826 -36.4563 -79.45862 -79.559326 -77.142334 -81.06995 -117.42554 -176.44043 -205.0415 -204.23584 -165.36255 -115.512085 -80.4657 -29.30603 63.446045 141.69617 169.59229 132.83386 104.63562 105.6427 95.5719 89.227295 106.75049 71.7041 9.063721 -37.564087 -62.64038 -54.483032 -13.796997 24.27063 0 -43.50586 -29.205322 -15.811157 8.459473 5.9417725 -1.6113281 43.103027 65.963745 57.000732 55.288696 48.44055 10.876465 -1.4099121 5.1361084 25.177002 21.652222 -10.977173 18.026733 69.1864 135.15015 196.38062 227.29797 247.54028 179.15955 99.49951 50.05188 -35.85205 -147.2351 -243.71338 -268.78967 -221.3562 -117.92908 -70.09277 -52.972412 -2.6184082 66.16516 141.19263 217.93213 248.24524 256.7047 232.13196 184.69849 38.87329 -96.276855 -178.05176 -254.48914 -284.0973 -350.46387 -383.29468 -334.4513 -270.09888 -219.24133 -129.00696 -73.31543 -14.099121 31.118774 55.18799 34.542847 1.3092041 -2.0141602 24.069214 58.71277 66.36658 16.314697 -23.968506 -16.918945 12.991333 54.0802 94.766235 120.84961 153.57971 215.81726 222.06116 209.27124 194.46716 154.08325 107.85828 23.062134 -60.424805 -110.37598 -122.86377 -87.11243 -64.956665 -62.64038 -102.420044 -161.0321 -164.6576 -149.6521 -113.90076 -88.11951 -82.681274 -100.50659 -96.37756 -129.00696 -139.98413 -126.086426 -113.80005 -81.57349 -53.475952 -20.24231 12.689209 30.81665 35.247803 7.8552246 26.586914 31.82373 12.789917 20.947266 53.274536 112.18872 175.83618 208.56628 170.80078 152.67334 174.02344 172.41211 175.43335 188.6261 164.6576 52.06604 -121.9574 -190.33813 -128.10059 -28.097534 -27.392578 -37.86621 -44.41223 -56.497192 -41.89453 -6.5460205 -5.2368164 -34.744263 -33.636475 -33.83789 24.069214 89.52942 131.32324 129.71191 89.52942 64.65454 40.081787 25.78125 78.048706 165.16113 210.98328 190.84167 148.84644 110.37598 103.62854 89.12659 102.319336 133.63953 95.773315 9.063721 -27.896118 12.185669 75.83313 94.96765 64.65454 -6.6467285 -137.86926 -293.56384 -458.22144 -526.7029 -464.96887 -322.46704 -212.69531 -185.60486 -156.50024 
-37.060547 -49.95117 -73.11401 -22.155762 17.825317 12.890625 9.768677 40.38391 45.721436 33.43506 62.438965 101.11084 96.780396 111.78589 107.455444 104.13208 121.35315 84.2926 75.22888 50.253296 34.94568 22.961426 35.85205 4.4311523 -21.047974 -50.253296 -62.438965 -32.32727 14.804077 17.120361 -58.511353 -156.50024 -161.43494 -130.11475 -135.04944 -165.36255 -153.479 -114.80713 -88.42163 -63.14392 -39.074707 -40.283203 -60.62622 -6.8481445 28.903198 21.350098 18.429565 25.78125 22.961426 -5.1361084 11.077881 81.7749 94.06128 65.66162 21.652222 63.24463 127.697754 96.67969 70.495605 91.94641 95.269775 60.12268 59.417725 45.117188 70.09277 67.8772 72.9126 79.96216 67.977905 61.029053 6.0424805 -44.51294 -68.88428 -110.37598 -118.73474 -131.82678 -136.96289 -115.20996 -107.85828 -73.61755 -9.567261 7.8552246 -41.39099 -11.984253 15.408325 22.457886 38.87329 49.0448 49.95117 46.02356 29.30603 34.44214 -7.2509766 -31.924438 -31.32019 5.0354004 21.047974 -23.565674 -38.87329 -32.528687 2.4169922 47.232056 74.020386 5.5389404 -30.010986 -37.86621 -12.387085 8.862305 33.132935 58.61206 18.026733 -43.304443 -79.559326 -101.815796 -75.93384 -37.261963 -3.6254883 19.940186 29.507446 -9.567261 -53.475952 -78.048706 -97.08252 -38.269043 -1.8127441 56.19507 107.35474 132.22961 158.11157 166.57104 170.90149 166.26892 117.22412 98.49243 65.66162 46.728516 49.0448 21.853638 34.84497 40.88745 39.175415 41.189575 24.874878 -50.656128 -95.37048 -152.27051 -183.6914 -167.98096 -141.49475 -142.70325 -181.77795 -184.7992 -177.95105 -169.89441 -139.17847 -105.23987 -65.15808 -4.5318604 31.118774 28.399658 0.10070801 -83.688354 -154.58679 -99.3988 -36.95984 -15.307617 1.4099121 27.392578 24.371338 53.274536 129.71191 187.51831 194.66858 195.07141 175.73547 176.64185 127.597046 70.999146 20.443726 -47.634888 -89.93225 -65.56091 -13.595581 -24.975586 -22.961426 -2.8198242 36.657715 95.269775 127.194214 153.57971 109.26819 52.267456 9.365845 -19.537354 -56.09436 -98.99597 -94.3634 -45.92285 -11.380005 -22.76001 -39.47754 -67.977905 -74.82605 -35.95276 -32.42798 -13.494873 22.155762 31.018066 4.1290283 3.8269043 26.989746 18.630981 4.0283203 12.689209 -4.4311523 37.664795 36.557007 13.394165 22.155762 59.921265 
2828.787 2899.3835 2886.5935 2874.8108 2862.323 2848.8281 2835.736 2822.8455 2809.6526 2796.5605 2783.7708 2770.8801 2758.191 2745.6023 2733.1145 2720.5261 2716.095 2740.265 2762.1184 2782.8643 2802.603 2822.0398 2840.3687 2859.1003 2877.0264 2894.6501 2912.1733 2929.495 2946.7163 2963.8367 2980.7556 2997.5737 -1719.1864 891.568 2996.466 2982.669 2968.3684 2953.7659 2939.566 2922.9492 2901.9011 2898.175 2885.6873 2872.998 2860.3088 2847.116 2834.3262 2821.3347 2808.2427 2795.2515 2782.26 2769.5708 2756.781 2744.0918 2731.7046 2719.1162 2717.807 2741.7754 2763.6292 2784.2742 2803.9124 2822.7446 2841.8792 2859.6038 2877.7312 2895.5566 2913.2812 2930.8044 2947.9248 2965.0452 2981.964 2998.7822 -1627.945 992.3767 2996.3652 2982.5684 2968.0664 2951.5503 2936.444 2921.5393 2638.449 2898.175 2885.7878 2873.9043 2861.316 2847.7202 2834.729 2821.7375 2808.6455 2795.6543 2782.7637 2769.9736 2757.2844 2744.5952 2732.2083 2719.2168 2721.5332 2745.0989 2766.6504 2787.094 2806.8328 2826.1687 2844.397 2863.0278 2880.9539 2898.477 2916.0002 2933.2214 2950.5432 2967.5627 2984.5825 3004.3213 -1498.3337 1084.021 2997.4731 2983.7769 2969.275 2953.7659 2938.156 2922.0427 2762.4207 2899.4841 2886.6943 2874.8108 2862.1216 2848.526 2835.5347 2822.4426 2809.3506 2796.3591 2783.368 2770.4773 2757.788 2745.3003 2732.7117 2719.6196 2725.2593 2748.523 2769.9736 2790.3167 2809.854 2829.0894 2847.7202 2865.5457 2883.4717 2901.3977 2919.0215 2936.444 2953.665 2970.6848 2987.6038 3103.1157 -1304.2694 1448.1812 2997.3723 2983.5754 2968.9727 2953.8665 2937.854 2922.4456 2741.3726 2898.7793 2886.8958 2874.0051 2861.618 2848.123 2835.1318 2822.1404 2809.1492 2796.0571 2783.1665 2770.3765 2757.6873 2744.998 2732.5103 2719.1162 2728.3813 2751.3428 2772.6929 2792.935 2812.4724 2831.1035 2850.0366 2867.6604 2885.5864 2903.4119 2921.1365 2938.4583 2955.6792 2972.5981 2989.618 3257.6018 -1022.3877 1752.0172 2996.1638 2982.266 2967.5627 2952.356 2936.6455 2920.4314 2725.8635 2897.5708 2885.1836 2873.1995 2860.5103 2846.814 2833.8225 2820.7305 2807.7393 2794.7478 2781.7566 2768.9666 2756.2773 2743.689 2731.2012 2712.3687 2730.194 2753.0547 2774.2034 2794.345 
-2541.6687 -2530.2886 -2518.5059 -2507.1257 -2495.645 -2484.2651 -2473.0864 -283.89587 3299.8992 3299.8992 838.09204 -635.0647 -2326.355 -2437.1338 -1756.9519 -1807.2052 -2460.2966 -2449.2188 -2438.2415 -2427.365 -2416.69 -2406.4177 -2395.4407 -2385.0676 -2374.6948 -286.7157 3299.8992 3299.8992 3299.8992 3299.8992 3299.8992 3299.8992 3299.8992 3299.8992 3299.8992 3299.8992 3299.8992 -794.4855 -2567.2485 -2555.365 -2543.4814 -2532.0007 -2520.2178 -2508.838 -2497.3572 -2485.977 -2475 3.5247803 3299.8992 3123.6602 -75.32959 -1364.1907 -2492.0195 -2445.996 -1844.2657 -2242.9688 -2451.233 -2440.0542 -2429.2786 -2418.6035 -2408.029 -2397.5554 -2386.9812 -2376.709 -2366.4368 376.1444 3299.8992 3299.8992 3299.8992 3299.8992 3299.8992 3299.8992 3299.8992 3299.8992 3299.8992 3299.8992 3299.8992 -1191.7786 -2560.6018 -2548.5168 -2536.734 -2525.354 -2513.571 -2502.1912 -2490.811 -2479.3303 -2463.7207 340.6952 3299.8992 3111.2732 212.19177 -879.9866 -2074.9878 -2122.824 -1699.0448 -2290.805 -2454.7576 -2443.6797 -2432.7026 -2421.9268 -2411.3525 -2400.879 -2390.2039 -2379.8308 -2369.5586 1027.2217 3299.8992 3299.8992 3299.8992 3299.8992 3299.8992 3299.8992 3299.8992 3299.8992 3299.8992 3299.8992 3299.8992 -1676.7883 -2563.1194 -2551.1353 -2539.2517 -2528.073 -2516.1895 -2504.8096 -2493.4294 -2481.9487 -2303.6956 884.61914 3299.8992 2726.5686 -74.42322 -1331.9641 -2392.0166 -2294.5312 -1764.7064 -2462.915 -2452.24 -2441.0613 -2430.2856 -2419.5098 -2408.9355 -2398.5625 -2387.8875 -2377.5146 -2367.2424 1715.0574 3299.8992 3299.8992 3299.8992 3299.8992 3299.8992 3299.8992 3299.8992 3299.8992 3299.8992 3299.8992 3298.59 -2569.0613 -2558.9905 -2547.2075 -2535.324 -2524.0447 -2512.1611 -2500.8818 -2489.502 -2478.424 -2174.9907 1026.1139 3299.8992 2283.3525 -443.61877 -1941.1469 -2481.4453 -2468.3533 -2053.839 -2449.6216 -2438.5437 -2427.7678 -2417.0928 -2406.4177 -2395.8435 -2385.269 -2374.9968 -2364.8254 -2354.6538 2456.2683 3299.8992 3299.8992 3299.8992 3299.8992 3299.8992 3299.8992 3299.8992 3299.8992 3299.8992 3299.8992 2715.4907 -2559.192 -2547.006 -2535.1226 -2523.4404 -2512.0605 -2500.2776 -2488.9983 -2477.719 -2466.339 -1857.4585 1803.2776 3299.8992 2062.9028 -258.41675 -1973.0713 -2285.971 -2370.868 -1765.1093 -2444.7876 -2433.7097 -2422.8333 -2412.0574 -2401.5837 
676.05286 448.65417 -1277.7832 -3275.9307 -3260.7239 -3245.9197 -3231.72 -3217.0166 -3202.716 -3188.8184 -3174.7192 -3161.2244 -3147.528 -3134.0332 -3120.7397 -3107.6477 -300.6134 3299.8992 3299.8992 3299.8992 3299.8992 3299.8992 3299.8992 3299.8992 3299.8992 3299.8992 3299.8992 3299.8992 3299.8992 3299.8992 2266.4336 152.87476 -919.6655 -1307.19 -1488.9679 -1512.9364 -594.37866 159.52148 463.45825 677.7649 887.7411 476.34888 -1394.9066 -3279.2542 -3264.3494 -3249.5452 -3234.5398 -3220.2393 -3206.1401 -3192.1416 -3178.3447 -3164.447 -3150.8513 -3137.155 -3124.063 -3110.8704 160.83069 3299.8992 3299.8992 3299.8992 3299.8992 3299.8992 3299.8992 3299.8992 3299.8992 3299.8992 3299.8992 3299.8992 3299.8992 3299.8992 1945.2759 -162.84485 -1206.0791 -1453.3173 -1678.3997 -1655.9418 -661.1481 108.462524 473.62976 584.40857 789.04724 314.71252 -1828.2532 -3274.0173 -3258.5083 -3243.805 -3229.7058 -3215.103 -3200.8025 -3186.6028 -3172.8057 -3159.1094 -3145.514 -3132.2205 -3118.8262 -3105.7341 753.3966 3299.8992 3299.8992 3299.8992 3299.8992 3299.8992 3299.8992 3299.8992 3299.8992 3299.8992 3299.8992 3299.8992 3299.8992 3299.8992 1726.1353 -269.49463 -1177.7802 -1567.7216 -1789.2792 -1679.1046 -615.62805 187.21619 556.71387 776.45874 818.8568 289.4348 -1978.006 -3270.0896 -3255.3862 -3240.6829 -3225.778 -3211.5784 -3197.6807 -3183.783 -3169.8853 -3156.189 -3142.694 -3129.0984 -3115.9058 -3102.8137 1409.4086 3299.8992 3299.8992 3299.8992 3299.8992 3299.8992 3299.8992 3299.8992 3299.8992 3299.8992 3299.8992 3299.8992 3299.8992 3299.8992 1447.7783 -443.8202 -1225.9186 -1484.436 -1476.7822 -1274.4598 -190.23743 493.1671 868.30444 963.0707 1118.6646 347.84546 -2063.809 -3278.1462 -3262.738 -3247.8333 -3233.5327 -3218.93 -3204.5288 -3190.5303 -3176.7334 -3162.9363 -3149.24 -3135.745 -3122.4517 -3109.4604 1684.5428 3299.8992 3299.8992 3299.8992 3299.8992 3299.8992 3299.8992 3299.8992 3299.8992 3299.8992 3299.8992 3299.8992 3299.8992 3294.058 1270.2301 -457.31506 -1192.8864 -1503.3691 -1625.6287 -1371.1395 -290.13977 357.61414 549.5636 681.08826 728.2196 -141.49475 -2730.2947 -3272.9094 -3258.206 -3243.402 -3228.598 -3214.3982 -3200.3997 -3186.4014 -3172.4028 -3158.7065 -3145.3125 -3131.9182 -3118.6248 -2984.9854 2550.3296 3299.8992 3299.8992 3299.8992 
-3077.3345 -3062.631 -3047.9277 -3033.6272 -3019.528 -3005.5298 -2991.632 -2977.9358 -2964.1387 -2950.6438 -2937.3503 -2924.1577 -2910.9648 -2897.9736 -2885.1836 -2872.3938 -2515.0818 -1747.6868 -698.2086 774.14246 2724.0508 3299.8992 3299.8992 3299.8992 3299.8992 3299.8992 3299.8992 3299.8992 3299.8992 3299.8992 3299.8992 3299.8992 3299.8992 3299.8992 3299.8992 3299.8992 2823.6511 -3118.7256 -3103.2166 -3088.1104 -3073.2056 -3058.6028 -3044.3022 -3029.8003 -3015.4998 -3001.3 -2987.6038 -2973.8066 -2960.2112 -2946.817 -2933.5234 -2920.1294 -2907.138 -2894.1467 -2881.256 -2868.6675 -2346.698 -1453.0151 -109.77173 1401.1505 3299.8992 3299.8992 3299.8992 3299.8992 3299.8992 3299.8992 3299.8992 3299.8992 3299.8992 3299.8992 3299.8992 3299.8992 3299.8992 3299.8992 3299.8992 3299.8992 2692.5293 -3123.5596 -3108.1511 -3092.9443 -3078.0396 -3063.4368 -3049.3376 -3034.6343 -3020.2332 -3006.3354 -2992.337 -2978.6406 -2964.9443 -2951.3489 -2938.0554 -2924.8625 -2911.67 -2898.6785 -2885.8887 -2873.1995 -2109.027 -1312.326 -85.198975 1436.1969 3299.8992 3299.8992 3299.8992 3299.8992 3299.8992 3299.8992 3299.8992 3299.8992 3299.8992 3299.8992 3299.8992 3299.8992 3299.8992 3299.8992 3299.8992 3299.8992 2268.9514 -3126.9836 -3111.4746 -3096.3684 -3081.4636 -3066.7603 -3052.057 -3037.857 -3023.6572 -3009.6587 -2995.6604 -2982.0647 -2968.2678 -2954.672 -2941.3787 -2928.0852 -2914.8926 -2902.002 -2889.0105 -2876.2207 -2146.8933 -1507.196 -146.73157 1660.0708 3299.8992 3299.8992 3299.8992 3299.8992 3299.8992 3299.8992 3299.8992 3299.8992 3299.8992 3299.8992 3299.8992 3299.8992 3299.8992 3299.8992 3299.8992 3299.8992 1804.9896 -3127.185 -3111.676 -3096.5698 -3081.7656 -3066.9617 -3052.2583 -3038.0583 -3023.9592 -3009.86 -2995.8618 -2982.0647 -2968.4692 -2954.8735 -2941.58 -2928.3875 -2915.094 -2902.1025 -2889.212 -2876.5227 -1728.5522 -1049.7803 258.71887 1890.6921 3299.8992 3299.8992 3299.8992 3299.8992 3299.8992 3299.8992 3299.8992 3299.8992 3299.8992 3299.8992 3299.8992 3299.8992 3299.8992 3299.8992 3299.8992 3299.8992 967.60254 -3130.307 -3114.8987 -3099.6917 -3084.8877 -3070.1843 -3055.481 -3041.3818 -3027.2827 -3013.1836 -2999.185 -2985.3882 -2971.692 -2958.0962 -2944.6013 -2931.4087 -2918.3167 -2905.3252 -2892.4346 -2879.544 -1714.9567 -1048.0682 308.1665 2061.493 
1662.2864 1667.8253 866.5924 -765.9851 -3033.3252 3221.5483 3237.9639 3254.0771 3269.989 3285.8 3299.8992 -3283.081 -3267.6726 -3252.4658 -3237.3596 -3222.4548 -799.31946 3299.8992 3299.8992 3299.8992 3299.8992 3299.8992 3299.8992 3285.5986 3270.1904 3254.5806 3238.971 3223.361 3207.7515 3065.2495 592.1631 -1189.7644 -1821.6064 -1834.2957 -1732.8827 -1434.082 -494.3756 340.9973 708.3801 985.12573 1341.8335 1347.5739 401.12 -1075.9644 3211.9812 3228.195 3244.5098 3260.623 3276.4343 3292.044 3299.8992 -3276.8372 -3261.6301 -3246.4233 -3231.4177 -3216.513 -391.65344 3299.8992 3299.8992 3299.8992 3299.8992 3299.8992 3299.8992 3288.8213 3273.1108 3257.6018 3241.9922 3226.181 3210.6719 2970.3826 422.3694 -1271.4386 -1768.7347 -1739.0259 -1704.3823 -1358.3496 -251.77002 596.4935 977.87476 1332.8705 1615.5579 1426.0254 357.71484 -1215.5457 3210.0676 3226.5837 3242.9993 3259.1125 3274.9236 3290.634 3299.8992 -3278.3477 -3263.04 -3247.8333 -3232.8276 -3218.0237 -65.15808 3299.8992 3299.8992 3299.8992 3299.8992 3299.8992 3299.8992 3285.0952 3269.6868 3254.2786 3238.568 3222.8577 3207.2478 2925.769 359.32617 -1236.9965 -1689.4775 -1643.5547 -1546.2708 -1254.8218 -149.34998 615.42664 1055.722 1325.7202 1604.2786 1407.4951 226.89514 -1099.3286 3204.428 3220.944 3237.2588 3253.473 3269.3848 3285.0952 3299.8992 -3283.786 -3268.3777 -3253.372 -3238.1653 -3196.7742 410.18372 3299.8992 3299.8992 3299.8992 3299.8992 3299.8992 3291.9434 3276.9377 3261.6301 3246.121 3230.31 3214.801 3199.1912 2572.284 -178.75671 -1621.8018 -1949.0021 -1856.4514 -1631.7719 -1142.0288 -23.26355 688.33923 1128.2318 1462.6831 1711.6333 1429.7516 214.60876 -1044.9463 3202.3132 3218.8293 3235.2446 3251.2573 3267.3706 3282.9802 3298.59 -3285.6995 -3270.5933 -3255.1848 -3240.1794 -3063.6382 717.24243 3299.8992 3299.8992 3299.8992 3299.8992 3299.8992 3287.915 3272.8088 3257.5012 3242.0928 3226.3823 3210.7727 3195.1628 2453.549 -119.33899 -1422.9034 -1707.1014 -1734.3933 -1698.9441 -1246.0602 -59.820557 587.4298 929.6356 1239.0106 1514.9506 1183.3191 -123.16589 -1335.6903 3205.536 3221.9512 3238.1653 3254.3792 3270.0896 3285.8 3299.8992 -3283.1816 -3267.874 -3252.7678 -3237.561 -2918.518 1069.519 3299.8992 3299.8992 3299.8992 
-2986.1938 -2972.4976 -2958.9019 -2945.5078 -2932.1135 -2919.0215 -2905.9294 -2893.0388 -2880.1482 -2867.459 -2854.6692 -2841.98 -2829.4922 -2817.105 -2804.8186 -2792.5322 -2445.1904 -1808.9172 -1174.9603 -488.53455 372.4182 1786.9629 3299.8992 3299.8992 3299.8992 3299.8992 3299.8992 3299.8992 3299.8992 3299.8992 3299.8992 3299.8992 3299.8992 3299.8992 3299.8992 3299.8992 2836.3403 92.34924 -2350.6255 -2998.3794 -2984.1797 -2970.4834 -2956.9885 -2943.4937 -2930.2002 -2917.1082 -2903.9153 -2891.0247 -2878.134 -2865.4448 -2852.655 -2840.0664 -2827.6794 -2815.393 -2803.0059 -2790.7195 -2374.9968 -1791.6962 -1072.5403 -448.25134 529.3213 1947.5922 3299.8992 3299.8992 3299.8992 3299.8992 3299.8992 3299.8992 3299.8992 3299.8992 3299.8992 3299.8992 3299.8992 3299.8992 3299.8992 3299.8992 2671.1792 -6.4453125 -2420.0134 -2997.876 -2983.8774 -2970.0806 -2956.5857 -2943.0908 -2929.898 -2916.7053 -2903.5125 -2890.6218 -2877.832 -2865.042 -2852.3528 -2839.9658 -2827.2766 -2814.8894 -2802.603 -2790.3167 -2139.743 -1603.8757 -946.45386 -268.89038 629.1229 2073.6785 3299.8992 3299.8992 3299.8992 3299.8992 3299.8992 3299.8992 3299.8992 3299.8992 3299.8992 3299.8992 3299.8992 3299.8992 3299.8992 3299.8992 2291.9128 -420.35522 -2722.1375 -2997.0703 -2983.1726 -2969.4763 -2955.78 -2942.4866 -2929.0923 -2915.8997 -2902.9082 -2889.917 -2877.127 -2864.4377 -2851.648 -2839.1602 -2826.5715 -2814.2852 -2801.9988 -2789.8132 -2053.9397 -1570.8435 -942.1234 -139.682 803.952 2449.118 3299.8992 3299.8992 3299.8992 3299.8992 3299.8992 3299.8992 3299.8992 3299.8992 3299.8992 3299.8992 3299.8992 3299.8992 3299.8992 3299.8992 2047.8973 -609.48486 -2770.6787 -2998.2788 -2984.381 -2970.4834 -2956.9885 -2943.5942 -2930.3008 -2917.1082 -2903.9153 -2891.226 -2878.3354 -2865.6462 -2852.8564 -2840.2678 -2827.78 -2815.393 -2803.0059 -2790.8203 -2073.88 -1584.5398 -977.2705 -167.77954 788.5437 2484.97 3299.8992 3299.8992 3299.8992 3299.8992 3299.8992 3299.8992 3299.8992 3299.8992 3299.8992 3299.8992 3299.8992 3299.8992 3299.8992 3299.8992 1684.9457 -943.63403 -3008.853 -2994.754 -2980.8562 -2967.0593 -2953.665 -2940.1702 -2926.8767 -2913.7847 -2900.6926 -2887.9028 -2875.1128 -2862.323 -2849.7344 -2837.0452 -2824.5574 -2812.1704 -2799.884 -2787.6982 -2054.544 -1527.1362 -844.1345 -101.312256 

-106.64978 -38.168335 -17.825317 3.4240723 -14.602661 19.839478 41.592407 18.630981 -30.010986 -68.17932 -38.87329 23.867798 73.71826 94.766235 93.65845 105.84412 113.29651 121.85669 141.79688 159.92432 159.92432 159.92432 159.92432 159.92432 159.92432 159.92432 159.92432 159.92432 159.92432 159.92432 159.92432 159.92432 159.92432 159.92432 159.92432 159.92432 159.92432 159.92432 159.92432 159.92432 -48.54126 -66.16516 -104.434204 -112.59155 -111.8866 -40.98816 21.047974 16.71753 0.20141602 -11.682129 64.85596 125.68359 153.88184 167.67883 158.21228 141.29333 73.91968 14.300537 15.106201 27.694702 38.671875 64.453125 53.375244 -17.72461 -23.464966 -28.29895 -53.878784 -50.55542 -8.761597 5.4382324 -21.652222 -33.636475 -27.996826 -41.189575 -54.885864 -98.0896 -109.3689 -107.15332 -98.59314 -59.014893 -36.557007 -46.728516 -48.94409 0.9063721 4.7332764 13.796997 2.0141602 -19.033813 -23.867798 -9.667969 42.90161 121.85669 173.41919 204.53796 245.02258 303.53394 326.7975 324.4812 279.46472 191.54663 56.396484 -29.507446 -3.3233643 46.224976 67.977905 33.032227 -51.864624 -98.69385 -121.45386 -140.68909 -59.014893 -10.775757 -21.350098 -83.99048 -161.83777 -271.91162 -281.27747 -243.71338 -165.86609 -111.18164 -96.8811 -103.427124 -94.06128 -68.984985 -58.10852 -27.694702 -16.71753 -58.914185 -115.61279 -153.27759 -104.837036 -55.288696 -22.860718 6.6467285 36.758423 59.317017 39.47754 44.91577 88.42163 131.82678 174.22485 256.20117 302.22473 255.09338 212.39319 172.91565 134.04236 153.07617 208.7677 232.83691 235.2539 199.40186 170.59937 141.99829 98.99597 6.9488525 -72.30835 -180.16663 -248.9502 -284.90295 -328.2074 -367.98706 -332.94067 -238.27515 -169.18945 -137.86926 -159.7229 -184.49707 -234.04541 -294.4702 -251.36719 -175.73547 -122.66235 -74.2218 -12.185669 23.867798 35.147095 55.288696 66.06445 92.34924 118.43262 134.74731 114.60571 89.42871 87.11243 77.041626 85.90393 107.85828 120.84961 92.85278 57.302856 45.620728 33.83789 44.51294 96.8811 138.07068 180.46875 188.82751 201.81885 194.46716 
60.72693 73.81897 90.83862 55.69153 64.35242 60.827637 65.76233 50.958252 43.90869 44.613647 7.4523926 -34.84497 -73.11401 -105.84412 -127.597046 -160.42786 -156.09741 -138.67493 -108.36182 -89.42871 -83.88977 -110.476685 -126.086426 -60.324097 -36.95984 -20.343018 -6.4453125 16.918945 -2.8198242 16.314697 53.57666 92.85278 106.75049 113.39722 57.504272 76.638794 35.44922 -18.630981 -56.69861 -87.716675 -126.18713 -118.73474 -77.948 -49.246216 -8.963013 -16.71753 -19.134521 24.169922 80.26428 137.46643 85.80322 49.749756 54.885864 42.196655 26.28479 10.876465 -7.6538086 -13.897705 -18.630981 7.1502686 30.615234 19.839478 -6.1431885 11.279297 1.4099121 3.8269043 4.9346924 21.652222 27.996826 69.992065 85.40039 66.6687 31.219482 14.501953 -2.7191162 40.283203 21.551514 -11.380005 -27.090454 -44.51294 -44.0094 -28.097534 -38.067627 -76.23596 -69.1864 -59.014893 -13.595581 40.98816 60.424805 64.453125 12.789917 -4.1290283 1.3092041 -2.1148682 -0.70495605 0.10070801 22.055054 30.917358 26.989746 5.4382324 -19.335938 -61.935425 -71.40198 -25.982666 -41.088867 -40.182495 -23.364258 -17.120361 -41.693115 -16.616821 23.162842 48.138428 32.226562 52.670288 50.656128 94.262695 71.80481 18.026733 -33.43506 -61.935425 -33.132935 -9.970093 -25.27771 -41.693115 -22.860718 -26.687622 -20.141602 20.040894 47.735596 76.135254 25.881958 -49.749756 -67.77649 -38.269043 -27.79541 -26.687622 0.80566406 22.659302 42.39807 35.650635 17.22107 -26.687622 -19.537354 7.6538086 -1.8127441 15.609741 23.76709 0 -51.663208 -41.290283 -11.984253 7.2509766 19.73877 42.39807 75.83313 143.60962 138.57422 145.22095 121.554565 116.31775 145.42236 198.29407 187.92114 80.163574 -55.490112 -158.81653 -161.73706 -126.18713 -98.794556 -110.37598 -144.6167 -137.36572 -106.8512 -88.42163 -96.8811 -99.298096 -74.42322 -68.58215 -58.914185 -37.161255 -19.537354 -49.850464 -32.528687 33.83789 67.77649 77.645874 42.095947 1.9134521 -48.03772 -6.0424805 14.602661 -6.7474365 17.926025 43.90869 50.354004 41.592407 -15.811157 -24.069214 -8.963013 18.127441 
2813.7817 2832.9163 2850.9429 2869.574 2887.5 2904.9224 2922.2441 2939.566 2956.6863 2973.8066 2990.7256 -3146.4202 -678.067 2342.5688 2992.5383 2978.54 2964.038 2949.6367 2933.4229 2917.1082 2715.5913 2894.5496 2881.961 2869.876 2857.3882 2843.692 2830.5999 2817.5078 2804.5166 2791.5251 2778.6345 2765.8447 2753.1555 2740.6677 2728.079 2483.963 2730.194 2752.954 2774.1028 2794.2444 2813.681 2832.9163 2851.3457 2869.0703 2887.0972 2904.8218 2922.5464 2939.7673 2956.8877 2973.9075 2990.8264 -3003.9185 -669.80896 2326.7578 2992.1355 2978.0364 2961.0168 2947.2197 2932.315 2914.087 2691.3208 2894.2473 2882.4646 2869.574 2857.0862 2843.5913 2830.7007 2817.7092 2804.718 2791.5251 2778.836 2765.9453 2753.256 2740.7683 2728.2805 1742.7521 2733.6182 2756.1768 2777.2246 2797.1648 2816.6016 2835.1318 2853.3599 2871.8901 2889.6147 2907.3394 2924.5605 2941.8823 2959.0027 2976.0222 2992.8406 -2771.0815 -245.92896 2542.575 2990.4236 2976.526 2961.621 2946.414 2931.0059 2914.9932 2901.6997 2892.9382 2880.4504 2868.2646 2855.5754 2841.7786 2828.888 2815.796 2802.7039 2789.6118 2776.8218 2764.1326 2751.3428 2738.855 2726.3672 717.34314 2734.9272 2757.2844 2778.2317 2798.1719 2817.6086 2836.6423 2854.5684 2873.0986 2890.924 2908.4473 2925.769 2943.0908 2960.1104 2977.0293 2993.9482 -2542.0715 -281.47888 2723.5474 2990.3228 2976.123 2959.0027 2944.5007 2929.898 2830.8013 2905.2246 2893.1396 2881.0547 2868.164 2855.5754 2841.98 2829.0894 2816.1987 2803.2073 2790.1152 2777.3254 2764.5354 2751.8462 2739.3584 2726.77 -603.4424 2738.3513 2760.507 2781.253 2801.0925 2820.3276 2838.7573 2857.489 2875.2136 2893.0388 2910.7634 2928.2866 2945.6084 2962.7288 2979.7485 2996.5667 -2339.2456 52.670288 2931.2073 2989.7185 2975.3174 2958.0962 2943.3928 2928.9917 2718.4111 2905.1238 2892.5354 2880.8533 2867.8618 2855.1726 2841.6777 2828.787 2815.695 2802.7039 2789.7124 2776.9226 2764.1326 2751.5442 2738.9556 2726.3672 -2593.7346 2741.8762 2763.7297 2784.375 2804.1138 
-2391.0095 -2380.838 -2370.1628 -2360.092 -2349.9207 3299.8992 3299.8992 3299.8992 3299.8992 3299.8992 3299.8992 3299.8992 3299.8992 3299.8992 3299.8992 3299.8992 2880.6519 -2558.6882 -2546.5027 -2534.6191 -2522.937 -2511.154 -2499.7742 -2488.4949 -2477.3162 -2466.2383 -1734.7961 2028.0579 3299.8992 2028.0579 -96.67969 -1685.1471 -2055.7524 -2219.5037 -1672.2565 -2449.2188 -2438.2415 -2427.2644 -2416.4885 -2405.8135 -2395.1384 -2384.5642 -2374.3926 -2364.1204 -2353.949 3299.8992 3299.8992 3299.8992 3299.8992 3299.8992 3299.8992 3299.8992 3299.8992 3299.8992 3299.8992 3299.8992 1915.567 -2559.091 -2547.006 -2535.1226 -2523.4404 -2511.557 -2500.3784 -2488.9983 -2477.719 -2466.8425 -1627.1393 2376.3062 3299.8992 1814.9597 -400.71716 -2241.7603 -2244.0764 -2148.2024 -1740.6372 -2445.4924 -2434.4146 -2423.639 -2412.863 -2402.188 -2391.7144 -2381.1401 -2370.868 -2360.6963 -2287.2803 3299.8992 3299.8992 3299.8992 3299.8992 3299.8992 3299.8992 3299.8992 3299.8992 3299.8992 3299.8992 3299.8992 1539.4226 -2555.9692 -2543.8843 -2532.1013 -2520.3186 -2508.6365 -2497.3572 -2486.078 -2474.6978 -2463.922 -988.6505 3275.5278 3299.8992 1518.2739 -562.0514 -2311.7522 -2204.196 -1642.0441 -1384.3323 -2450.7292 -2439.45 -2428.5735 -2417.697 -2407.1228 -2396.5483 -2385.7727 -2375.702 -2365.4297 -1947.5922 3299.8992 3299.8992 3299.8992 3299.8992 3299.8992 3299.8992 3299.8992 3299.8992 3299.8992 3299.8992 3299.8992 711.5021 -2558.9905 -2546.9055 -2535.022 -2523.4404 -2511.6577 -2500.3784 -2489.099 -2477.8198 -2466.8425 -877.16675 3280.8655 3299.8992 1807.0038 107.25403 -2011.6425 -2034.201 -1713.446 -1564.801 -2459.1887 -2448.0103 -2437.1338 -2426.2573 -2415.4814 -2404.8064 -2394.1313 -2383.96 -2373.4863 -1672.055 3299.8992 3299.8992 3299.8992 3299.8992 3299.8992 3299.8992 3299.8992 3299.8992 3299.8992 3299.8992 3299.8992 -267.984 -2562.918 -2550.9338 -2539.151 -2527.4688 -2515.686 -2504.4067 -2493.1274 -2481.8481 -2470.9717 -512.50305 3299.8992 3299.8992 1738.7238 105.340576 -1816.0675 -1982.7393 -1399.5392 -1576.6846 -2469.2595 -2457.9802 -2447.0032 -2435.9253 -2425.2502 
3299.8992 3299.8992 3299.8992 3299.8992 3299.8992 3299.8992 3299.8992 3299.8992 3299.8992 3293.9575 1299.1333 -393.16406 -1074.2523 -1327.3315 -1530.661 -1410.4156 -380.27344 92.752075 306.25305 457.11365 607.4707 -264.2578 -2969.3755 -3268.881 -3253.6743 -3238.971 -3224.9724 -3210.269 -3196.0693 -3182.1716 -3168.274 -3154.6782 -3141.1833 -3127.588 -3114.4958 -2751.3428 3140.0757 3299.8992 3299.8992 3299.8992 3299.8992 3299.8992 3299.8992 3299.8992 3299.8992 3299.8992 3299.8992 3299.8992 3299.8992 3184.085 771.62476 -888.34534 -1409.8114 -1710.1227 -1687.8662 -1208.4961 -74.32251 419.24744 666.8884 829.129 908.2855 -155.69458 -2968.2678 -3267.0684 -3252.4658 -3237.863 -3222.9583 -3208.6577 -3194.8608 -3180.9631 -3167.166 -3153.4697 -3140.0757 -3126.6814 -3113.4888 -2401.7852 3299.8992 3299.8992 3299.8992 3299.8992 3299.8992 3299.8992 3299.8992 3299.8992 3299.8992 3299.8992 3299.8992 3299.8992 3299.8992 3185.1929 872.23206 -640.5029 -1203.2593 -1602.2644 -1695.7214 -1214.3372 -257.40967 195.47424 451.27258 672.6288 740.10315 -477.55737 -3279.657 -3264.7522 -3249.5452 -3234.8418 -3220.7427 -3206.3416 -3192.041 -3178.244 -3164.447 -3150.7507 -3137.2559 -3123.8616 -3110.669 -2001.7731 3299.8992 3299.8992 3299.8992 3299.8992 3299.8992 3299.8992 3299.8992 3299.8992 3299.8992 3299.8992 3299.8992 3299.8992 3299.8992 2921.9421 447.14355 -945.4468 -1405.9845 -1667.3218 -1777.1942 -948.97156 -28.29895 400.61646 683.8074 836.0779 740.10315 -555.40466 -3278.4485 -3263.2415 -3248.7395 -3234.137 -3219.1313 -3205.0322 -3191.336 -3177.4382 -3163.6414 -3149.945 -3136.4502 -3123.1567 -3109.9639 -1637.3108 3299.8992 3299.8992 3299.8992 3299.8992 3299.8992 3299.8992 3299.8992 3299.8992 3299.8992 3299.8992 3299.8992 3299.8992 3299.8992 2817.2058 452.48108 -760.849 -1145.6543 -1440.9302 -1573.8647 -758.93555 265.2649 571.71936 710.495 852.594 680.78613 -865.3839 -3283.6853 -3268.6797 -3253.372 -3238.6687 -3224.6704 -3210.0676 -3195.767 -3181.8694 -3168.0725 -3154.2754 -3140.8813 -3127.487 -3114.1936 -943.4326 3299.8992 3299.8992 3299.8992 3299.8992 
3299.8992 3299.8992 3299.8992 3299.8992 3299.8992 3299.8992 3299.8992 3299.8992 3299.8992 3299.8992 3299.8992 3299.8992 3299.8992 3299.8992 3299.8992 3299.8992 463.45825 -3131.7168 -3116.2078 -3101.001 -3086.2976 -3071.4934 -3057.3943 -3042.691 -3028.4912 -3014.392 -3000.3936 -2986.5967 -2973.001 -2959.506 -2945.9106 -2932.6172 -2919.4243 -2906.433 -2893.341 -2880.8533 -1596.9269 -1011.0077 304.3396 2039.8407 3299.8992 3299.8992 3299.8992 3299.8992 3299.8992 3299.8992 3299.8992 3299.8992 3299.8992 3299.8992 3299.8992 3299.8992 3299.8992 3299.8992 3299.8992 3299.8992 -137.1643 -3130.8105 -3115.402 -3100.296 -3085.492 -3070.7886 -3056.1858 -3041.986 -3027.7861 -3013.687 -2999.6887 -2985.9924 -2972.2961 -2958.8013 -2945.407 -2932.013 -2918.921 -2905.9294 -2893.0388 -2880.249 -1693.5059 -1006.073 369.39697 2225.3447 3299.8992 3299.8992 3299.8992 3299.8992 3299.8992 3299.8992 3299.8992 3299.8992 3299.8992 3299.8992 3299.8992 3299.8992 3299.8992 3299.8992 3299.8992 3299.8992 -752.2888 -3128.6956 -3113.388 -3098.3826 -3083.4778 -3068.9758 -3054.2725 -3039.972 -3025.772 -3011.6729 -2997.876 -2984.0789 -2970.4834 -2956.8877 -2943.3928 -2930.0994 -2917.1082 -2904.016 -2891.226 -2878.134 -1587.561 -910.199 451.474 2299.063 3299.8992 3299.8992 3299.8992 3299.8992 3299.8992 3299.8992 3299.8992 3299.8992 3299.8992 3299.8992 3299.8992 3299.8992 3299.8992 3299.8992 3299.8992 3299.8992 -1273.7549 -3126.6814 -3111.4746 -3096.5698 -3081.5642 -3066.9617 -3052.6611 -3038.0583 -3023.8586 -3009.86 -2995.9624 -2982.0647 -2968.5698 -2954.9744 -2941.58 -2928.2866 -2915.1946 -2902.2034 -2889.3127 -2864.8406 -1880.5206 -1083.6182 320.05005 2306.7168 3299.8992 3299.8992 3299.8992 3299.8992 3299.8992 3299.8992 3299.8992 3299.8992 3299.8992 3299.8992 3299.8992 3299.8992 3299.8992 3299.8992 3299.8992 3299.8992 -2299.2644 -3117.92 -3102.8137 -3087.808 -3073.0042 -3058.5022 -3044.403 -3029.9011 -3015.6006 -3001.703 -2987.8052 -2974.109 -2960.614 -2947.0183 -2933.6243 -2920.5322 -2907.4402 -2894.5496 -2881.7595 -2775.2104 -1700.354 -783.10547 634.964 2580.844 
3299.8992 3299.8992 3288.6199 3273.2117 3257.6018 3242.0928 3226.3823 3210.8733 3195.1628 2301.6814 -404.8462 -1643.9575 -1951.6205 -2056.1553 -1927.1484 -1391.684 -189.63318 504.94995 934.87244 1316.8579 1652.3163 1288.6597 -144.31458 -1416.7603 3213.1897 3229.7058 3245.9197 3261.9324 3277.7434 3293.4539 -3291.0369 -3275.7292 -3260.4216 -3245.3154 -3230.2092 -2672.992 1470.7397 3299.8992 3299.8992 3299.8992 3299.8992 3299.8992 3292.749 3277.1392 3261.9324 3246.4233 3230.612 3215.103 3199.1912 1901.1658 -642.3157 -1721.0999 -1937.2192 -1945.578 -1653.9276 -1000.23193 206.25 855.1117 1256.5338 1636.908 1875.2838 1397.7264 -146.32874 -1528.7476 3209.4634 3225.9795 3242.2942 3258.206 3274.118 3289.8284 3299.8992 -3279.0527 -3263.8457 -3248.7395 -3233.6333 -2315.1763 2006.4056 3299.8992 3299.8992 3299.8992 3299.8992 3299.8992 3286.203 3270.5933 3255.1848 3239.6758 3223.9653 3208.3557 3192.5444 1737.0117 -750.27466 -1791.1926 -1848.1934 -1732.782 -1456.5399 -679.1748 371.31042 863.57117 1115.5426 1443.5486 1672.6593 1150.9918 -382.99255 -1945.0745 3206.543 3222.9583 3239.3738 3255.3862 3271.1975 3286.908 3299.8992 -3281.9731 -3266.7664 -3251.5593 -3236.4531 -2089.9932 2282.5469 3299.8992 3299.8992 3299.8992 3299.8992 3296.576 3281.4697 3265.8599 3250.653 3234.9426 3219.3328 3203.6223 3184.4878 1327.9358 -1026.7181 -1943.0603 -1991.7023 -1911.8408 -1654.6326 -760.34546 239.18152 733.65784 1104.2633 1474.0631 1642.1448 1005.67017 -497.49756 -2083.9507 3211.679 3227.9937 3244.107 3260.1196 3276.0315 3291.641 3299.8992 -3277.4414 -3262.2344 -3246.8262 -3231.8206 -1867.4286 2511.6577 3299.8992 3299.8992 3299.8992 3299.8992 3299.4963 3283.5845 3268.579 3253.2715 3237.561 3222.052 3206.4421 3186.502 1150.589 -1106.9824 -1912.7472 -1952.6276 -1908.4167 -1683.435 -597.702 508.1726 1056.427 1410.1135 1745.7733 1742.8528 969.9188 -616.2323 -2525.9583 3210.8733 3227.4902 3243.6035 3259.616 3275.4272 3291.0369 3299.8992 -3277.9448 -3262.6372 -3247.531 -3232.5256 -1031.1493 3299.8992 3299.8992 3299.8992 3299.8992 
818.3533 2569.3633 3299.8992 3299.8992 3299.8992 3299.8992 3299.8992 3299.8992 3299.8992 3299.8992 3299.8992 3299.8992 3299.8992 3299.8992 3299.8992 3299.8992 1520.6909 -1108.8959 -3006.134 -2992.035 -2978.0364 -2964.34 -2950.8452 -2937.4512 -2924.2583 -2911.0657 -2898.0742 -2885.1836 -2872.4944 -2859.7046 -2846.9146 -2834.5276 -2822.0398 -2809.6526 -2797.467 -2781.6558 -1868.5364 -1249.1821 -546.64307 207.4585 1150.589 3010.7666 3299.8992 3299.8992 3299.8992 3299.8992 3299.8992 3299.8992 3299.8992 3299.8992 3299.8992 3299.8992 3299.8992 3299.8992 3299.8992 3299.8992 1372.2473 -1152.301 -3009.86 -2995.5596 -2981.6619 -2968.0664 -2954.5715 -2941.1772 -2927.8838 -2914.7917 -2901.8005 -2888.91 -2876.1199 -2863.33 -2850.54 -2838.0522 -2825.6653 -2813.1775 -2800.891 -2763.8306 -1877.3987 -1360.3638 -563.3606 204.13513 1250.3906 3146.3196 3299.8992 3299.8992 3299.8992 3299.8992 3299.8992 3299.8992 3299.8992 3299.8992 3299.8992 3299.8992 3299.8992 3299.8992 3299.8992 3299.8992 732.44934 -1755.6427 -3006.6375 -2992.6392 -2978.6406 -2965.0452 -2951.5503 -2938.2568 -2924.9634 -2911.972 -2898.9807 -2886.09 -2873.1995 -2860.4094 -2847.821 -2835.3333 -2823.0469 -2810.6597 -2798.3733 -2694.8455 -1762.793 -1313.031 -654.50134 208.06274 1257.9437 3236.3525 3299.8992 3299.8992 3299.8992 3299.8992 3299.8992 3299.8992 3299.8992 3299.8992 3299.8992 3299.8992 3299.8992 3299.8992 3299.8992 3299.8992 689.447 -1687.0605 -3004.9255 -2990.8264 -2977.1301 -2963.333 -2949.8381 -2936.5447 -2923.352 -2910.26 -2897.2686 -2884.378 -2871.5881 -2858.899 -2846.2097 -2833.621 -2821.2341 -2808.9478 -2796.762 -2778.433 -2182.2417 -1606.2927 -887.5397 -6.5460205 1232.9681 3299.8992 3299.8992 3299.8992 3299.8992 3299.8992 3299.8992 3299.8992 3299.8992 3299.8992 3299.8992 3299.8992 3299.8992 3299.8992 3299.8992 3157.2966 270.80383 -2133.9019 -2993.7468 -2979.6477 -2965.8508 -2952.356 -2938.9617 -2925.6682 -2912.5762 -2899.4841 -2886.493 -2873.8037 -2861.1145 -2848.4253 -2835.736 -2823.1475 -2810.7605 -2798.474 -2786.1877 -2670.3735 -2067.9382 -1516.7633 -697.20154 295.27588 

146.93298 112.18872 92.04712 50.55542 -49.44763 -133.74023 -161.93848 -194.76929 -271.30737 -306.45447 -253.48206 -165.46326 -85.60181 -24.169922 32.226562 89.42871 97.58606 88.52234 69.89136 17.019653 -25.982666 20.846558 47.634888 30.917358 30.615234 54.0802 91.14075 123.568726 148.64502 141.79688 84.2926 25.479126 -11.178589 -50.152588 -91.8457 -128.302 -114.70642 -115.41138 -100.00305 -63.74817 -55.389404 -80.36499 -67.474365 -51.864624 -48.138428 -56.799316 -48.742676 -46.92993 -80.26428 -79.559326 -28.29895 17.019653 32.226562 -8.761597 -42.700195 31.622314 66.16516 87.51526 93.255615 60.525513 60.525513 60.525513 60.525513 60.525513 60.525513 60.525513 60.525513 60.525513 60.525513 60.525513 60.525513 60.525513 60.525513 60.525513 60.525513 60.525513 60.525513 60.525513 60.525513 60.525513 -18.530273 5.8410645 42.196655 20.040894 -12.387085 -17.72461 -12.487793 -48.94409 -151.16272 -237.6709 -267.27905 -289.03198 -255.59692 -144.21387 -30.615234 54.986572 117.42554 173.41919 215.91797 244.51904 263.04932 278.0548 246.02966 226.08948 192.25159 111.8866 59.61914 -12.387085 -51.663208 -33.83789 9.466553 69.79065 66.06445 26.385498 -1.8127441 11.178589 75.73242 75.93384 88.0188 80.163574 -7.0495605 -99.19739 -152.67334 -253.17993 -327.20032 -345.02563 -305.85022 -235.1532 -194.26575 -150.35706 -95.97473 -76.43738 -44.110107 -17.422485 -18.832397 -35.85205 -26.687622 52.972412 114.80713 137.0636 153.479 165.26184 90.83862 6.4453125 -47.634888 -52.468872 -38.168335 -25.78125 20.74585 39.779663 14.602661 1.9134521 -13.796997 -8.056641 -14.904785 -24.77417 -33.83789 -60.424805 -86.00464 -78.25012 -64.65454 -53.17383 -9.970093 7.2509766 44.41223 79.156494 80.96924 51.965332 8.459473 20.947266 74.32251 104.837036 98.291016 103.326416 129.6112 110.27527 58.410645 51.361084 24.472046 -29.608154 -56.900024 -30.715942 -51.965332 -44.110107 31.622314 80.667114 83.48694 75.128174 79.2572 93.85986 95.5719 116.21704 96.37756 56.19507 -8.660889 -34.140015 -15.609741 12.286377 15.509033 2.4169922 
65.86304 86.8103 55.288696 13.192749 -7.0495605 -38.571167 -50.354004 -29.80957 -7.0495605 -42.095947 -77.44446 -65.963745 -50.55542 -40.38391 -39.276123 -38.772583 1.4099121 15.509033 -1.6113281 -8.660889 -20.24231 -63.64746 -31.723022 29.205322 60.324097 62.539673 59.921265 64.25171 59.71985 86.8103 109.973145 99.70093 75.32959 52.770996 49.44763 83.28552 47.93701 52.670288 67.37366 89.02588 83.184814 58.813477 3.6254883 -23.062134 -73.516846 -78.25012 -101.61438 -129.10767 -167.1753 -219.14062 -271.20667 -258.81958 -196.1792 -133.74023 -90.83862 -99.70093 -47.332764 35.549927 90.43579 105.84412 114.505005 70.69702 87.11243 97.58606 93.96057 114.001465 141.69617 162.34131 153.3783 144.11316 166.47034 175.93689 162.03918 144.21387 128.80554 90.03296 -5.5389404 -29.003906 -48.94409 -75.83313 -64.25171 -79.559326 -147.2351 -169.18945 -173.72131 -165.16113 -156.19812 -110.6781 -71.90552 -98.19031 -135.25085 -121.25244 -66.26587 -17.321777 -23.062134 -54.281616 -38.87329 -15.106201 6.0424805 38.772583 34.744263 -1.2084961 37.46338 58.309937 59.921265 93.15491 110.87952 94.66553 65.56091 62.13684 96.67969 106.24695 103.829956 74.92676 93.255615 101.815796 59.317017 29.406738 -26.184082 -76.94092 -90.93933 -88.92517 -131.12183 -132.83386 -125.98572 -98.39172 -52.166748 16.113281 71.7041 37.060547 -22.961426 -87.01172 -103.427124 -79.76074 -64.453125 -28.601074 15.710449 18.832397 18.933105 36.254883 19.839478 -22.558594 17.523193 33.132935 33.43506 35.95276 31.219482 23.162842 28.903198 65.56091 102.822876 94.46411 60.021973 13.092041 22.155762 48.138428 41.693115 65.963745 64.151 8.560181 -37.86621 -78.75366 -135.45227 -136.45935 -171.70715 -180.77087 -119.13757 -39.678955 26.28479 44.815063 53.979492 70.59631 79.76074 103.22571 100.50659 99.49951 110.6781 79.45862 53.67737 46.124268 14.401245 -37.664795 -30.413818 -42.599487 -65.963745 -94.86694 -102.62146 -83.688354 -51.461792 -30.917358 26.486206 40.98816 43.40515 33.233643 42.196655 15.307617 -41.592407 -73.31543 -92.752075 -72.40906 
2823.2483 2841.5771 2859.8052 2878.3354 2896.06 2913.5833 2930.8044 2947.9248 2965.0452 2982.0647 2998.9836 -1867.2272 649.66736 2999.9907 2986.1938 2971.7925 2954.773 2940.0696 2923.5535 2573.1902 2902.5054 2890.7227 2878.2349 2866.15 2853.3599 2839.6636 2826.6724 2813.5803 2800.5889 2787.5977 2774.8076 2762.0178 2749.4292 2736.8408 2724.1516 2718.9148 2742.279 2764.1326 2784.677 2804.5166 2823.6511 2842.4834 2860.913 2878.5369 2896.3623 2914.087 2931.61 2948.831 2965.9514 2982.8704 2999.588 -1568.0237 910.2997 2997.6746 2984.1797 2969.6777 2954.773 2939.8682 2924.057 2844.4976 2899.3835 2886.6943 2874.8108 2861.8193 2848.9287 2835.5347 2822.644 2809.6526 2796.6614 2783.67 2770.8801 2758.191 2745.6023 2733.2153 2720.4253 2717.9077 2741.8762 2763.7297 2784.2742 2804.1138 2823.2483 2841.5771 2860.208 2878.134 2895.6572 2913.3818 2930.905 2948.1262 2965.2466 2982.0647 2998.9836 -1513.7421 1100.4364 2995.5596 2981.8633 2967.3613 2952.1545 2936.6455 2921.5393 2795.05 2897.2686 2884.6802 2872.1924 2860.0066 2847.0154 2833.319 2820.227 2807.2356 2794.2444 2781.3538 2768.5637 2755.774 2743.2861 2730.7983 2718.0083 2719.2168 2743.0847 2764.7368 2785.1807 2804.9194 2824.054 2842.987 2860.8123 2879.242 2896.9666 2914.389 2931.7107 2948.7305 2965.9514 2982.8704 3001.1992 -1294.9036 1295.8099 2994.049 2980.252 2965.5486 2949.1333 2934.027 2916.504 2520.1172 2896.463 2884.7808 2871.991 2859.906 2846.9146 2833.1177 2820.0256 2807.135 2794.1436 2781.253 2768.4631 2755.673 2743.1853 2730.6975 2717.7063 2721.7346 2745.3003 2766.9524 2787.2954 2807.0342 2826.068 2845.0012 2863.33 2880.8533 2898.578 2916.3025 2933.7249 2951.0466 2968.0664 2984.9854 3055.8838 -1133.4686 1562.9883 2993.9482 2980.1514 2965.3472 2950.6438 2935.739 2919.223 2751.6448 2895.6572 2883.3708 2871.0845 2858.0933 2845.2026 2831.7078 2818.7163 2805.8257 2792.8345 2779.9438 2767.2546 2754.5654 2741.9768 2729.5898 2716.2964 2724.1516 2747.5159 2769.0674 2789.4104 2808.9478 
-2414.4744 -2403.598 -2393.3257 -2382.953 -1187.7502 3299.8992 3299.8992 3299.8992 3299.8992 3299.8992 3299.8992 3299.8992 3299.8992 3299.8992 3299.8992 3299.8992 -356.40564 -2573.0896 -2561.1052 -2549.2217 -2537.5396 -2525.656 -2514.4775 -2503.0974 -2491.7175 -2480.841 -331.73218 3299.8992 3299.8992 1121.4844 -420.1538 -2201.3762 -2306.4148 -1399.5392 -1458.4534 -2472.2808 -2461.0015 -2450.0244 -2439.047 -2428.2715 -2417.4956 -2406.72 -2396.4478 -2386.0747 -679.77905 3299.8992 3299.8992 3299.8992 3299.8992 3299.8992 3299.8992 3299.8992 3299.8992 3299.8992 3299.8992 3299.8992 -1000.53406 -2575.2043 -2563.2202 -2551.4373 -2539.6545 -2528.3752 -2516.5923 -2505.2124 -2494.0337 -2482.553 116.11633 3299.8992 3299.8992 640.3015 -781.39343 -2381.6436 -2358.6821 -1602.9694 -1815.1611 -2470.6694 -2459.5916 -2448.5137 -2437.5366 -2426.7607 -2416.287 -2405.9143 -2395.1384 -2384.7656 54.483032 3299.8992 3299.8992 3299.8992 3299.8992 3299.8992 3299.8992 3299.8992 3299.8992 3299.8992 3299.8992 3299.8992 -1222.5952 -2575.5066 -2563.5222 -2551.6387 -2540.0574 -2528.6772 -2516.995 -2505.5144 -2494.336 -2481.244 211.1847 3299.8992 3181.668 125.68359 -1165.3931 -2464.9292 -2373.3855 -1789.2792 -2356.1646 -2463.4185 -2452.3406 -2441.464 -2430.5876 -2419.9126 -2409.2375 -2399.0662 -2388.2903 -2377.9175 721.37146 3299.8992 3299.8992 3299.8992 3299.8992 3299.8992 3299.8992 3299.8992 3299.8992 3299.8992 3299.8992 3299.8992 -1716.4673 -2569.5647 -2557.5806 -2545.7976 -2534.1155 -2522.8362 -2511.0535 -2499.6733 -2488.394 -2394.0308 681.4911 3299.8992 3128.0913 219.84558 -968.5089 -2275.7996 -2318.4998 -1506.0883 -2197.7507 -2464.8284 -2453.7505 -2442.6726 -2431.7961 -2421.121 -2410.3455 -2400.2747 -2389.3982 -2379.126 1450.6989 3299.8992 3299.8992 3299.8992 3299.8992 3299.8992 3299.8992 3299.8992 3299.8992 3299.8992 3299.8992 3299.8992 -2123.6296 -2570.5718 -2558.4868 -2546.704 -2535.022 -2523.7427 -2511.9597 -2500.5798 -2489.4011 -2209.8357 1178.5858 3299.8992 2702.0964 -106.64978 -1508.9081 -2412.4602 -2257.3699 -1663.092 -2471.3745 -2460.0952 -2449.118 -2438.2415 -2427.4658 -2416.7908 
3299.8992 3299.8992 3299.8992 3299.8992 3299.8992 3299.8992 3299.8992 3299.8992 3299.8992 2541.165 170.09583 -1108.9966 -1506.9946 -1695.4193 -1747.4854 -778.3722 149.85352 537.3779 739.801 910.4004 730.4352 -966.8976 -3283.6853 -3268.3777 -3253.8757 -3239.273 -3224.2676 -3210.0676 -3196.3713 -3182.373 -3168.4753 -3154.8796 -3141.3848 -3127.9907 -3114.7979 -766.0858 3299.8992 3299.8992 3299.8992 3299.8992 3299.8992 3299.8992 3299.8992 3299.8992 3299.8992 3299.8992 3299.8992 3299.8992 3299.8992 2230.5815 -53.778076 -1164.8895 -1488.8672 -1694.4122 -1689.3768 -710.495 182.68433 575.24414 737.58545 929.0314 553.2898 -1468.4235 -3279.657 -3264.5508 -3249.646 -3234.9426 -3220.8435 -3206.4421 -3192.2424 -3178.3447 -3164.5476 -3150.9521 -3137.3564 -3124.063 -3110.8704 -223.37036 3299.8992 3299.8992 3299.8992 3299.8992 3299.8992 3299.8992 3299.8992 3299.8992 3299.8992 3299.8992 3299.8992 3299.8992 3299.8992 2023.1232 -191.34521 -1239.3127 -1605.1849 -1847.5891 -1762.6923 -778.07007 43.40515 495.4834 742.41943 882.40356 453.79028 -1604.9835 -3272.708 -3257.6018 -3243.2007 -3228.598 -3213.8945 -3199.7954 -3186.099 -3172.3022 -3158.3037 -3144.8088 -3131.5154 -3118.222 -3105.13 625.69885 3299.8992 3299.8992 3299.8992 3299.8992 3299.8992 3299.8992 3299.8992 3299.8992 3299.8992 3299.8992 3299.8992 3299.8992 3299.8992 1854.7394 -224.67957 -1208.4961 -1450.296 -1687.6648 -1588.8702 -567.69104 228.10364 569.00024 787.4359 913.2202 373.526 -1933.7952 -3272.5066 -3257.6018 -3242.395 -3227.9937 -3213.9954 -3199.4934 -3185.3943 -3171.7986 -3158.0017 -3144.3054 -3130.8105 -3117.517 -3104.3242 1125.1099 3299.8992 3299.8992 3299.8992 3299.8992 3299.8992 3299.8992 3299.8992 3299.8992 3299.8992 3299.8992 3299.8992 3299.8992 3299.8992 1685.3485 -370.10193 -1310.3119 -1566.3116 -1841.6473 -1736.3068 -746.54846 -5.2368164 314.91394 509.98535 737.2833 209.77478 -2291.2078 -3263.04 -3247.9338 -3233.6333 -3219.2322 -3204.6294 -3190.5303 -3176.9348 -3163.2385 -3149.5422 -3136.0474 -3122.653 -3109.561 -3096.469 1781.7261 3299.8992 3299.8992 3299.8992 3299.8992 
3299.8992 3299.8992 3299.8992 3299.8992 3299.8992 3299.8992 3299.8992 3299.8992 3299.8992 3299.8992 3299.8992 3299.8992 3299.8992 3299.8992 3299.8992 3188.7175 -3023.8586 -3112.683 -3097.577 -3082.5713 -3067.7673 -3053.366 -3038.7634 -3024.6643 -3010.5652 -2996.6675 -2982.8704 -2969.174 -2955.6792 -2942.3857 -2928.8909 -2915.8997 -2902.7068 -2889.917 -2877.2278 -2564.026 -1474.7681 -355.39856 1011.3098 2853.7627 3299.8992 3299.8992 3299.8992 3299.8992 3299.8992 3299.8992 3299.8992 3299.8992 3299.8992 3299.8992 3299.8992 3299.8992 3299.8992 3299.8992 3299.8992 2958.7004 -3128.0913 -3112.5823 -3097.476 -3082.5713 -3067.868 -3053.2654 -3038.7634 -3024.5635 -3010.5652 -2996.5667 -2982.7698 -2969.174 -2955.4778 -2942.2852 -2928.8909 -2915.6982 -2902.8076 -2889.917 -2877.2278 -2291.9128 -1478.6957 -419.34814 1158.4442 3122.1497 3299.8992 3299.8992 3299.8992 3299.8992 3299.8992 3299.8992 3299.8992 3299.8992 3299.8992 3299.8992 3299.8992 3299.8992 3299.8992 3299.8992 3299.8992 2683.4656 -3128.4941 -3112.985 -3097.879 -3082.974 -3068.2708 -3053.7688 -3039.569 -3025.0671 -3010.968 -2996.9695 -2983.1726 -2969.4763 -2955.9814 -2942.4866 -2929.495 -2916.101 -2903.009 -2890.219 -2877.4292 -2259.8877 -1492.0898 -284.2987 1195.3033 3053.4668 3299.8992 3299.8992 3299.8992 3299.8992 3299.8992 3299.8992 3299.8992 3299.8992 3299.8992 3299.8992 3299.8992 3299.8992 3299.8992 3299.8992 3299.8992 2467.8496 -3128.0913 -3112.5823 -3097.3755 -3082.4707 -3067.868 -3053.2654 -3039.1663 -3024.765 -3010.5652 -2996.6675 -2982.8704 -2969.174 -2955.6792 -2942.2852 -2928.8909 -2915.7988 -2902.8076 -2889.8162 -2877.2278 -2007.8156 -1309.909 -52.972412 1532.7759 3299.8992 3299.8992 3299.8992 3299.8992 3299.8992 3299.8992 3299.8992 3299.8992 3299.8992 3299.8992 3299.8992 3299.8992 3299.8992 3299.8992 3299.8992 3299.8992 1833.6914 -3129.602 -3114.093 -3098.9868 -3084.082 -3069.4792 -3054.776 -3040.7776 -3026.3762 -3012.0757 -2998.178 -2984.4817 -2970.6848 -2957.089 -2943.7957 -2930.603 -2917.3096 -2904.318 -2891.4275 -2878.6377 -2077.1025 -1460.3668 -236.4624 1466.7114 3299.8992 
3299.8992 3292.6482 3276.6357 3261.731 3246.3225 3230.713 3215.103 3199.4934 3148.7366 852.594 -1221.3867 -1909.6252 -1892.9077 -1774.9786 -1582.8278 -492.865 532.2418 1035.7819 1320.6848 1664.502 1721.402 853.29895 -656.6162 -2750.6377 3206.3416 3222.8577 3239.273 3255.1848 3271.0967 3286.6057 3299.8992 -3282.2754 -3267.0684 -3251.7607 -3236.554 -1112.0178 3135.745 3299.8992 3299.8992 3299.8992 3299.8992 3289.7278 3273.9165 3258.8103 3243.402 3227.893 3212.4846 3196.5728 3095.5627 730.23376 -1219.574 -2052.832 -2126.5503 -1949.6063 -1570.7428 -553.99475 323.97766 794.8883 1165.8966 1507.5989 1438.4125 477.65808 -955.11475 -3284.0881 3216.8152 3233.2305 3249.3438 3265.2556 3280.966 3296.576 -3287.915 -3272.5066 -3257.199 -3242.2942 -3227.188 -516.22925 3299.8992 3299.8992 3299.8992 3299.8992 3299.8992 3294.461 3279.0527 3263.6443 3248.236 3232.6262 3216.9158 3201.3062 2983.0718 435.66284 -1383.8287 -2020.3033 -2057.8674 -1941.3483 -1554.8309 -414.01062 478.76587 933.86536 1314.8438 1743.2556 1769.7418 649.46594 -872.8363 3200.9033 3217.4194 3233.8347 3249.948 3265.8599 3281.5703 3297.2808 -3287.21 -3271.9023 -3256.6956 -3241.5894 -3226.5837 -302.52686 3299.8992 3299.8992 3299.8992 3299.8992 3299.8992 3293.6553 3278.4485 3262.9395 3247.3296 3231.72 3216.11 3200.5005 2898.3765 257.7118 -1475.9766 -1988.4796 -1959.9792 -1800.7599 -1328.6407 -278.55835 491.15295 942.1234 1307.5928 1578.7994 1381.7139 207.05566 -1159.1492 3205.9387 3222.5554 3238.7695 3254.9834 3270.7947 3286.5051 3299.8992 -3282.376 -3267.1692 -3251.8616 -3236.856 -3217.0166 274.53003 3299.8992 3299.8992 3299.8992 3299.8992 3299.8992 3294.3604 3279.0527 3263.5437 3248.1353 3232.4248 3216.8152 3201.1047 2622.8394 -78.35083 -1602.6672 -2074.887 -2041.0492 -1956.8573 -1490.6799 -298.49854 414.11133 846.7529 1257.3395 1623.7152 1475.6744 257.20825 -1061.6638 3212.686 3229.1016 3245.3154 3261.4287 3277.3406 3292.9504 -3291.5405 -3276.0315 -3260.8245 -3245.6177 -3230.612 -3120.9412 670.2118 3299.8992 3299.8992 3299.8992 3299.8992 
1580.5115 3299.8992 3299.8992 3299.8992 3299.8992 3299.8992 3299.8992 3299.8992 3299.8992 3299.8992 3299.8992 3299.8992 3299.8992 3299.8992 3299.8992 3039.871 255.39551 -2216.3818 -2988.7114 -2974.8137 -2960.916 -2947.522 -2934.1277 -2920.935 -2907.7422 -2894.6501 -2881.8604 -2868.869 -2856.1797 -2843.692 -2831.0027 -2818.515 -2806.2285 -2793.9421 -2781.6558 -2554.4585 -1936.9171 -1219.2719 -617.03796 256.30188 1681.3202 3299.8992 3299.8992 3299.8992 3299.8992 3299.8992 3299.8992 3299.8992 3299.8992 3299.8992 3299.8992 3299.8992 3299.8992 3299.8992 3299.8992 2917.3096 151.46484 -2254.1472 -2986.798 -2972.7996 -2959.1033 -2945.5078 -2932.1135 -2918.921 -2905.728 -2892.7368 -2879.8462 -2866.9556 -2854.367 -2841.6777 -2829.19 -2816.6016 -2804.2144 -2791.928 -2779.7424 -2309.5366 -1704.6844 -1092.279 -311.8927 645.0348 2045.3796 3299.8992 3299.8992 3299.8992 3299.8992 3299.8992 3299.8992 3299.8992 3299.8992 3299.8992 3299.8992 3299.8992 3299.8992 3299.8992 3299.8992 2582.4553 -197.99194 -2584.9731 -2988.0066 -2974.008 -2960.3118 -2946.6155 -2933.322 -2920.1294 -2907.0374 -2893.9453 -2881.0547 -2868.2646 -2855.5754 -2842.7856 -2830.197 -2817.9106 -2805.4229 -2793.1365 -2781.0515 -2066.629 -1490.3778 -884.2163 -161.73706 659.73816 2028.6621 3299.8992 3299.8992 3299.8992 3299.8992 3299.8992 3299.8992 3299.8992 3299.8992 3299.8992 3299.8992 3299.8992 3299.8992 3299.8992 3299.8992 2544.589 -281.6803 -2686.9902 -2991.632 -2977.7344 -2963.8367 -2950.3418 -2936.9475 -2923.755 -2910.562 -2897.5708 -2884.5793 -2871.6887 -2858.9995 -2846.3103 -2833.8225 -2821.3347 -2809.0483 -2796.8628 -2784.4756 -2419.6106 -1857.6599 -1110.4065 -289.3341 607.6721 2098.5535 3299.8992 3299.8992 3299.8992 3299.8992 3299.8992 3299.8992 3299.8992 3299.8992 3299.8992 3299.8992 3299.8992 3299.8992 3299.8992 3299.8992 1967.4316 -798.01025 -2998.9836 -2984.8845 -2970.8862 -2957.2905 -2943.7957 -2930.4016 -2917.3096 -2904.2175 -2891.226 -2878.3354 -2865.5457 -2852.7556 -2840.2678 -2827.5786 -2815.1917 -2802.8044 -2790.518 -2778.6345 -1903.8849 -1393.6981 -844.43665 -159.11865 676.8585 

-47.735596 -124.97864 -143.91174 -149.7528 -96.780396 -111.38306 -151.76697 -181.87866 -214.60876 -165.76538 -85.5011 -70.59631 -67.27295 -83.184814 -95.97473 -48.339844 19.033813 80.26428 124.575806 186.71265 249.95728 277.9541 227.7008 210.88257 197.68982 186.71265 195.27283 203.93372 198.39478 168.68591 112.89368 51.461792 30.111694 49.44763 21.24939 3.1219482 -28.097534 -71.80481 -103.72925 -173.82202 -219.34204 -235.35461 -193.6615 -168.88733 -102.52075 -13.394165 6.6467285 -57.20215 -191.34521 -239.38293 -186.1084 -106.14624 -81.7749 -77.948 -46.325684 -19.940186 -41.793823 -50.354004 -53.778076 -83.88977 -61.23047 6.5460205 -2.1148682 15.307617 45.01648 49.145508 6.9488525 -42.095947 -97.98889 -97.08252 -29.910278 55.892944 97.787476 86.206055 -4.0283203 -60.928345 -17.623901 -7.6538086 -8.660889 -3.9276123 -17.926025 -44.815063 -15.005493 1.7120361 16.415405 27.191162 55.18799 91.44287 105.74341 141.19263 149.34998 90.5365 56.5979 57.504272 64.35242 22.25647 -40.48462 -67.474365 -64.453125 -33.233643 12.487793 59.1156 77.24304 100.10376 88.92517 79.156494 67.27295 57.504272 16.21399 -59.21631 -142.50183 -176.94397 -184.49707 -136.15723 -123.16589 -99.60022 -129.6112 -147.73865 -109.26819 -60.72693 -13.796997 31.32019 109.77173 161.93848 205.44434 199.50256 150.15564 115.512085 78.95508 54.18091 -10.272217 -34.039307 -9.768677 -25.076294 -130.719 -195.17212 -133.53882 -67.57507 -23.464966 3.8269043 25.680542 45.52002 38.571167 39.578247 2.2155762 9.970093 113.497925 190.84167 191.84875 138.2721 92.85278 101.815796 130.8197 114.001465 57.60498 42.196655 38.571167 32.32727 -10.574341 -88.82446 -162.64343 -140.7898 -84.191895 -66.970825 -62.841797 -68.481445 -70.89844 -69.89136 -90.93933 -87.213135 -106.34766 -103.326416 -35.650635 70.79773 115.20996 60.021973 51.05896 75.4303 106.951904 112.59155 91.34216 36.154175 15.609741 32.730103 29.104614 49.44763 74.32251 84.89685 9.265137 -84.39331 -125.582886 -120.84961 -101.815796 -129.91333 -161.53564 -131.02112 -110.17456 -103.72925 -80.36499 -73.41614 -59.1156 -35.549927 -7.1502686 -10.977173 8.761597 31.622314 32.125854 -19.436646 -58.20923 -30.715942 -17.523193 -26.989746 -5.1361084 20.544434 36.557007 13.092041 -18.73169 -1.8127441 53.07312 111.28235 
-34.039307 -31.32019 -75.027466 -77.34375 -72.40906 -16.918945 22.659302 54.382324 85.29968 71.80481 4.5318604 -15.609741 -18.530273 -11.581421 0.80566406 -6.8481445 4.1290283 -17.623901 -45.822144 -36.154175 -27.79541 -13.192749 72.71118 100.305176 93.35632 94.96765 123.36731 112.28943 135.55298 170.80078 187.3169 137.96997 73.013306 -3.0212402 -10.473633 -23.364258 -21.954346 -38.571167 -44.815063 -55.993652 -39.88037 -31.018066 -85.5011 -95.37048 -108.36182 -111.483765 -81.97632 -49.649048 -31.018066 -52.670288 -81.674194 -108.86536 -118.2312 -86.709595 -80.4657 -53.274536 2.4169922 42.90161 43.203735 19.033813 -35.549927 -52.871704 19.134521 6.9488525 -52.871704 -91.54358 -93.255615 -91.94641 -73.516846 -7.9559326 80.56641 70.89844 25.076294 -8.862305 33.33435 65.25879 67.8772 79.055786 95.06836 86.60889 84.89685 50.05188 -42.095947 -70.3949 -82.177734 -41.592407 38.47046 86.50818 104.23279 46.5271 35.247803 64.35242 85.60181 99.09668 53.878784 41.088867 34.542847 0.9063721 -68.88428 -116.519165 -165.16113 -201.51672 -139.5813 -82.47986 -28.701782 -1.6113281 3.2226562 -20.846558 2.2155762 34.94568 30.715942 20.24231 49.346924 89.42871 161.13281 125.7843 103.02429 105.74341 102.72217 102.52075 134.5459 137.66785 76.034546 44.41223 -14.602661 -43.807983 -35.34851 -16.516113 -19.940186 -93.255615 -122.25952 -103.326416 -95.773315 -103.930664 -108.76465 -88.32092 -77.041626 -48.239136 -30.81665 -28.500366 -52.06604 -45.01648 5.2368164 0.30212402 5.6396484 16.21399 15.911865 10.372925 47.332764 108.76465 123.16589 82.37915 38.168335 11.782837 44.41223 12.789917 -12.890625 2.2155762 31.924438 63.14392 65.15808 41.4917 10.070801 -4.5318604 -29.205322 -10.574341 16.113281 -6.4453125 -42.90161 -109.57031 -137.66785 -107.75757 -72.006226 -80.667114 -125.079346 -139.682 -94.56482 -38.87329 -13.696289 -37.564087 -83.58765 -71.40198 -50.152588 -51.763916 -24.069214 15.005493 44.91577 32.025146 55.389404 78.75366 93.65845 102.319336 91.241455 87.41455 124.37439 78.95508 57.302856 60.22339 49.145508 46.42639 19.23523 -69.68994 -188.32397 -205.54504 -163.24768 -87.01172 -32.730103 -14.804077 -0.40283203 -7.6538086 -2.2155762 36.154175 76.638794 101.01013 107.05261 118.029785 98.69385 51.361084 13.897705 -34.542847 
2827.8809 2846.109 2864.74 2882.2632 2900.0884 2917.7124 2935.0342 2952.4565 2969.577 2986.4958 3208.3557 -975.35706 1700.4547 2993.1426 2979.3457 2964.5415 2949.8381 2933.7249 2916.7053 2526.9653 2895.3552 2883.0688 2870.4802 2858.2947 2845.3032 2831.607 2818.515 2805.5237 2792.5322 2779.6416 2766.8518 2754.1626 2741.6748 2729.0862 2715.4907 2726.8706 2749.9329 2771.1821 2791.5251 2810.962 2829.895 2848.7273 2866.452 2884.9822 2902.6062 2919.8271 2937.0483 2954.1687 2971.289 2988.1072 3288.8213 -909.69543 1942.5568 2993.344 2979.3457 2964.2395 2948.7305 2933.8257 2918.2158 2695.752 2895.053 2883.3708 2870.883 2857.791 2844.9004 2831.305 2818.515 2805.6243 2792.4316 2779.6416 2766.8518 2754.1626 2741.6748 2729.187 2600.4822 2730.194 2753.0547 2774.2034 2794.345 2813.7817 2832.7148 2850.8423 2869.3726 2886.8958 2904.721 2922.1436 2939.6667 2956.787 2973.8066 2990.625 -3019.7295 -542.1112 2142.7642 2991.934 2978.1372 2962.9302 2947.6226 2932.8186 2916.2017 2789.7124 2894.046 2881.7595 2869.6746 2856.482 2843.4905 2829.9956 2817.105 2804.1138 2791.1223 2778.3325 2765.5425 2752.8533 2740.3655 2727.777 2045.1782 2732.2083 2754.8674 2775.9155 2795.9563 2815.2922 2834.1248 2852.2522 2870.6816 2888.3057 2905.9294 2923.5535 2940.9758 2958.0962 2975.2166 2992.035 -2885.6873 -627.3102 2421.121 2992.5383 2978.4392 2963.7358 2948.7305 2933.322 2915.6982 2865.8477 2894.5496 2882.2632 2869.4731 2857.1868 2844.1956 2830.3984 2817.2058 2804.3152 2791.2231 2778.433 2765.744 2752.954 2740.4663 2727.777 1124.2035 2735.1287 2757.5867 2778.433 2798.474 2817.81 2836.5417 2855.2734 2872.8972 2891.226 2908.7493 2926.071 2943.1914 2960.3118 2977.2307 2994.1497 -2775.714 -469.0979 2509.2407 2992.9412 2978.842 2962.4268 2947.4211 2932.5164 2854.065 2753.7598 2895.758 2884.076 2871.4873 2858.3953 2845.404 2831.8083 2819.0186 2806.027 2793.036 2780.1453 2767.3552 2754.7668 2742.1782 2729.489 -196.48132 2740.0635 2762.1184 2782.7637 2802.7039 2821.939 2840.6707 2858.6975 2877.0264 2894.4487 2912.0728 2929.6965 2947.0183 2964.2395 2981.1584 2997.9766 -2316.5862 3.5247803 2815.8965 2991.632 2977.2307 2960.0098 2945.5078 2930.4016 2776.2175 2907.0374 
-2406.1157 -2395.8435 -2385.1685 -2374.8962 2269.4548 3299.8992 3299.8992 3299.8992 3299.8992 3299.8992 3299.8992 3299.8992 3299.8992 3299.8992 3299.8992 3131.4148 -2579.2327 -2567.047 -2555.0627 -2543.28 -2531.598 -2520.3186 -2508.737 -2497.3572 -2486.078 -2037.7258 1574.6704 3299.8992 2184.961 -268.9911 -1918.5883 -2474.5972 -2273.7854 -1629.657 -2464.4255 -2453.3477 -2442.2698 -2431.3933 -2420.6177 -2410.0432 -2399.5696 -2389.1968 -2378.6223 -2368.451 2849.8352 3299.8992 3299.8992 3299.8992 3299.8992 3299.8992 3299.8992 3299.8992 3299.8992 3299.8992 3299.8992 2724.655 -2572.8882 -2560.6018 -2548.7183 -2536.9353 -2525.354 -2513.9739 -2502.3926 -2491.1133 -2479.834 -1748.291 2063.2048 3299.8992 1907.7118 -457.9193 -1970.2515 -2337.7349 -2288.5894 -1842.2516 -2457.376 -2446.298 -2435.321 -2424.646 -2413.87 -2403.296 -2392.8223 -2382.55 -2372.0764 -2361.9048 3299.8992 3299.8992 3299.8992 3299.8992 3299.8992 3299.8992 3299.8992 3299.8992 3299.8992 3299.8992 3299.8992 2408.2305 -2567.349 -2555.0627 -2543.1792 -2531.497 -2519.815 -2508.6365 -2496.9543 -2485.675 -2474.4963 -1579.8065 2338.9434 3299.8992 1700.5554 -324.5819 -1932.2845 -2187.7808 -1836.7126 -1211.8195 -2459.491 -2448.2117 -2437.2344 -2426.4587 -2415.7837 -2405.1086 -2394.5342 -2384.3628 -2373.6877 -2316.2842 3299.8992 3299.8992 3299.8992 3299.8992 3299.8992 3299.8992 3299.8992 3299.8992 3299.8992 3299.8992 3299.8992 1633.1818 -2567.752 -2555.667 -2543.6829 -2532.1013 -2520.52 -2508.838 -2497.6592 -2486.2793 -2475.1006 -1362.0758 2923.755 3299.8992 1413.034 -680.2826 -2492.221 -2480.5388 -2259.384 -1931.2775 -2449.823 -2438.8457 -2427.9692 -2417.2942 -2406.6191 -2395.944 -2385.6719 -2374.9968 -2364.926 -2195.8374 3299.8992 3299.8992 3299.8992 3299.8992 3299.8992 3299.8992 3299.8992 3299.8992 3299.8992 3299.8992 3299.8992 1354.9255 -2559.494 -2547.3083 -2535.5254 -2523.8433 -2512.262 -2500.5798 -2489.4011 -2478.2227 -2467.044 -914.83154 3299.8992 3299.8992 1522.0001 -340.49377 -2371.0693 -2479.0283 -1954.8431 -1746.7804 -2450.5278 -2439.5508 -2428.5735 -2417.7979 -2407.1228 -2396.6492 -2386.1755 -2375.601 -2365.4297 -1848.3948 3299.8992 3299.8992 3299.8992 3299.8992 3299.8992 3299.8992 3299.8992 3299.8992 3299.8992 3299.8992 3299.8992 107.85828 -2556.674 -2544.69 -2532.8064 -2521.3257 
3299.8992 3299.8992 3299.8992 3299.8992 3299.8992 3299.8992 3299.8992 3299.8992 3299.8992 1420.4865 -512.40234 -1359.9609 -1555.7373 -1627.3407 -1409.9121 -429.11682 236.16028 514.7186 768.6035 1007.2815 199.60327 -2513.4705 -3262.8386 -3248.1353 -3233.029 -3218.7285 -3204.8308 -3190.4297 -3176.4312 -3162.6343 -3149.0386 -3135.443 -3122.0488 -3108.9568 -3064.8467 2245.6877 3299.8992 3299.8992 3299.8992 3299.8992 3299.8992 3299.8992 3299.8992 3299.8992 3299.8992 3299.8992 3299.8992 3299.8992 3299.8992 1389.0656 -381.48193 -1061.5631 -1349.4873 -1564.4989 -1383.6273 -328.91235 253.17993 499.00818 615.0238 729.5288 -214.10522 -2969.0735 -3262.1338 -3247.229 -3232.9285 -3218.527 -3203.8237 -3189.8254 -3176.2297 -3162.4329 -3148.5352 -3135.1409 -3122.0488 -3108.8562 -2841.7786 2948.3276 3299.8992 3299.8992 3299.8992 3299.8992 3299.8992 3299.8992 3299.8992 3299.8992 3299.8992 3299.8992 3299.8992 3299.8992 3255.1848 1049.2767 -634.35974 -1272.345 -1536.6028 -1510.318 -1074.353 -52.770996 502.9358 749.97253 836.5814 983.01086 -13.998413 -2841.3757 -3268.1763 -3253.372 -3238.2659 -3223.8647 -3209.967 -3195.465 -3181.366 -3167.5688 -3153.9734 -3140.277 -3126.9836 -3113.6902 -2600.2808 3292.3462 3299.8992 3299.8992 3299.8992 3299.8992 3299.8992 3299.8992 3299.8992 3299.8992 3299.8992 3299.8992 3299.8992 3299.8992 3093.8506 705.4596 -917.44995 -1306.9885 -1591.2872 -1707.4036 -1226.6235 -247.23816 232.53479 472.11914 702.1362 771.8262 -375.74158 -3273.6145 -3261.731 -3246.7253 -3232.5256 -3218.0237 -3203.421 -3189.4226 -3175.9277 -3162.1306 -3148.4343 -3135.0403 -3121.646 -3108.4534 -2251.4282 3299.8992 3299.8992 3299.8992 3299.8992 3299.8992 3299.8992 3299.8992 3299.8992 3299.8992 3299.8992 3299.8992 3299.8992 3299.8992 3005.2275 728.2196 -914.0259 -1378.0884 -1634.9945 -1707.4036 -1100.3357 -114.505005 274.0265 460.73914 533.95386 593.7744 -657.22046 -3271.298 -3255.9905 -3241.388 -3226.4832 -3212.0818 -3198.285 -3183.9844 -3170.0867 -3156.3904 -3142.694 -3129.2998 -3116.3086 -3103.0151 -1703.1738 3299.8992 3299.8992 3299.8992 3299.8992 3299.8992 3299.8992 3299.8992 3299.8992 3299.8992 3299.8992 3299.8992 3299.8992 3299.8992 2917.511 611.90186 -919.4641 -1377.4841 -1564.1968 -1602.3651 -721.37146 153.479 465.67383 617.3401 813.01575 813.7207 
3299.8992 3299.8992 3299.8992 3299.8992 3299.8992 3299.8992 3299.8992 3299.8992 3299.8992 3299.8992 3299.8992 3299.8992 3299.8992 3299.8992 3299.8992 1373.9594 -3126.48 -3110.971 -3095.8647 -3080.96 -3066.3574 -3051.8555 -3037.2527 -3023.1536 -3009.2559 -2995.2576 -2981.5613 -2967.9656 -2954.37 -2940.8752 -2927.7832 -2914.5903 -2901.4983 -2888.7085 -2875.9185 -1681.8237 -1102.7527 301.9226 1812.3413 3299.8992 3299.8992 3299.8992 3299.8992 3299.8992 3299.8992 3299.8992 3299.8992 3299.8992 3299.8992 3299.8992 3299.8992 3299.8992 3299.8992 3299.8992 3299.8992 775.6531 -3128.595 -3113.086 -3097.9797 -3083.075 -3068.4722 -3053.9702 -3039.4683 -3025.2686 -3011.3708 -2997.3723 -2983.5754 -2969.8792 -2956.3843 -2942.8894 -2929.6965 -2916.6045 -2903.5125 -2890.7227 -2877.9326 -1551.6083 -998.01636 308.0658 2068.4417 3299.8992 3299.8992 3299.8992 3299.8992 3299.8992 3299.8992 3299.8992 3299.8992 3299.8992 3299.8992 3299.8992 3299.8992 3299.8992 3299.8992 3299.8992 3299.8992 -60.22339 -3128.6956 -3113.388 -3098.2817 -3083.377 -3068.7744 -3054.1716 -3040.274 -3025.6714 -3011.5723 -2997.6746 -2983.8774 -2970.1812 -2956.8877 -2943.3928 -2929.898 -2916.806 -2903.9153 -2891.0247 -2878.134 -1756.7505 -1147.8699 199.40186 1997.2412 3299.8992 3299.8992 3299.8992 3299.8992 3299.8992 3299.8992 3299.8992 3299.8992 3299.8992 3299.8992 3299.8992 3299.8992 3299.8992 3299.8992 3299.8992 3299.8992 -707.9773 -3124.6672 -3109.3596 -3094.2534 -3079.4495 -3064.8467 -3050.3447 -3036.447 -3021.945 -3007.7454 -2993.8477 -2980.1514 -2966.455 -2953.1616 -2939.6667 -2926.3733 -2913.2812 -2900.0884 -2747.8179 -2314.3706 -1474.6674 -450.76904 922.0825 2611.862 3299.8992 3299.8992 3299.8992 3299.8992 3299.8992 3299.8992 3299.8992 3299.8992 3299.8992 3299.8992 3299.8992 3299.8992 3299.8992 3299.8992 3299.8992 3299.8992 -235.55603 -3126.2786 -3110.8704 -3095.7642 -3080.96 -3066.2566 -3051.956 -3037.3535 -3023.2544 -3009.2559 -2995.3582 -2981.5613 -2967.9656 -2954.37 -2940.9758 -2927.6824 -2914.6912 -2901.6997 -2880.0476 -2556.9763 -2155.957 -2039.8407 -1007.2815 294.87305 2688.4001 3299.8992 3299.8992 3299.8992 3299.8992 3299.8992 3299.8992 3299.8992 3299.8992 3299.8992 3299.8992 3299.8992 3299.8992 3299.8992 3299.8992 3299.8992 -1733.8898 -3094.757 -3079.55 -3064.746 -3050.0427 
3299.8992 3297.885 3282.6782 3267.1692 3251.5593 3235.8489 3220.2393 3204.3274 2503.1982 -219.84558 -1688.4705 -2076.9011 -1953.6346 -1779.2084 -1333.7769 -149.34998 494.2749 949.6765 1365.9027 1627.0386 1338.208 32.125854 -1239.6149 3217.1172 3233.6333 3250.0488 3265.8599 3281.6711 3297.3816 -3287.1094 -3271.8018 -3256.4941 -3241.1865 -3226.3823 -2981.6619 970.9259 3299.8992 3299.8992 3299.8992 3299.8992 3299.8992 3299.8992 3284.6924 3269.1833 3253.473 3237.7625 3222.2534 3206.543 2421.9268 -155.29175 -1406.3873 -1738.0188 -1776.1871 -1627.4414 -1116.449 88.220215 692.7704 1123.0957 1523.5107 1857.6599 1436.499 23.364258 -1317.7643 3209.4634 3226.181 3242.2942 3258.307 3274.2188 3290.0298 3299.8992 -3279.0527 -3263.5437 -3248.4375 -3233.432 -2679.84 1608.5083 3299.8992 3299.8992 3299.8992 3299.8992 3299.8992 3289.224 3273.413 3258.206 3242.7979 3227.188 3211.4775 3195.6665 1962.5977 -620.9656 -1827.1454 -2031.0791 -1973.3734 -1829.5624 -1140.6189 103.427124 805.2612 1146.2585 1526.3306 1800.5585 1293.5944 -292.15393 -1580.6122 3211.2761 3227.7922 3244.107 3260.2202 3275.83 3291.742 3299.8992 -3277.542 -3262.033 -3247.0276 -3231.9214 -2465.1306 1725.7324 3299.8992 3299.8992 3299.8992 3299.8992 3299.8992 3289.4255 3273.413 3258.307 3242.7979 3227.2888 3211.679 3195.3643 1727.4445 -666.08276 -1644.7632 -1749.1974 -1827.5482 -1606.192 -1007.2815 178.95813 728.3203 1077.7771 1425.2197 1618.277 1156.8329 -353.3844 -1776.7914 3211.9812 3228.195 3244.5098 3260.5225 3276.3335 3291.9434 3299.8992 -3277.0386 -3261.731 -3246.524 -3231.5186 -2222.7263 2136.0168 3299.8992 3299.8992 3299.8992 3299.8992 3299.8992 3287.3108 3272.0032 3256.3933 3240.7837 3225.1738 3209.5642 3190.5303 1527.3376 -743.1244 -1779.2084 -1924.6307 -1924.2279 -1726.6388 -842.6239 302.22473 771.72546 1096.7102 1411.0199 1498.938 848.16284 -809.28955 -2362.4084 3218.7285 3235.144 3251.2573 3267.2698 3282.9802 3298.59 -3286.0015 -3270.5933 -3255.2856 -3240.0786 -3225.1738 -1833.49 2540.9636 3299.8992 3299.8992 3299.8992 3299.8992 3299.8992 3290.5334 3274.9236 3259.4146 3243.704 3228.0945 3212.4846 3191.1345 1361.4716 -820.2667 -1747.7875 -1815.4633 -1849.2004 -1598.941 -612.204 391.55273 860.1471 1200.238 1556.9458 1661.8835 
2355.1575 3299.8992 3299.8992 3299.8992 3299.8992 3299.8992 3299.8992 3299.8992 3299.8992 3299.8992 3299.8992 3299.8992 3299.8992 3299.8992 3299.8992 1618.8812 -1084.726 -2997.4731 -2983.2732 -2969.3755 -2955.6792 -2942.1843 -2928.9917 -2915.7988 -2902.8076 -2889.8162 -2876.9255 -2864.1357 -2851.547 -2838.858 -2826.2695 -2813.7817 -2801.596 -2789.3096 -2777.124 -2124.5361 -1578.6987 -738.4918 -52.06604 844.2352 2603.302 3299.8992 3299.8992 3299.8992 3299.8992 3299.8992 3299.8992 3299.8992 3299.8992 3299.8992 3299.8992 3299.8992 3299.8992 3299.8992 3299.8992 1594.5099 -951.9928 -2997.5737 -2983.374 -2969.7783 -2956.1829 -2942.4866 -2929.193 -2916.0002 -2902.9082 -2890.0176 -2877.0264 -2864.2363 -2851.4465 -2839.0593 -2826.5715 -2813.8823 -2801.4954 -2789.3096 -2732.3088 -1773.3673 -1268.6188 -545.13245 253.28064 1278.891 3014.392 3299.8992 3299.8992 3299.8992 3299.8992 3299.8992 3299.8992 3299.8992 3299.8992 3299.8992 3299.8992 3299.8992 3299.8992 3299.8992 3299.8992 1344.9554 -1247.5708 -3002.8105 -2988.8123 -2974.9146 -2961.3188 -2947.6226 -2934.43 -2921.1365 -2908.0444 -2895.1538 -2882.2632 -2869.3726 -2856.6833 -2843.9941 -2831.5063 -2819.1191 -2806.6313 -2794.345 -2778.9368 -1977.5024 -1560.9741 -889.95667 27.493286 1114.2334 2941.0767 3299.8992 3299.8992 3299.8992 3299.8992 3299.8992 3299.8992 3299.8992 3299.8992 3299.8992 3299.8992 3299.8992 3299.8992 3299.8992 3299.8992 913.52234 -1529.6539 -2998.3794 -2984.381 -2970.584 -2956.787 -2943.4937 -2930.2002 -2917.0073 -2903.8147 -2891.0247 -2878.0334 -2865.2434 -2852.5542 -2839.9658 -2827.3772 -2814.9902 -2802.7039 -2790.518 -2633.9172 -1798.1415 -1291.2781 -639.1937 184.59778 1232.8674 3150.7507 3299.8992 3299.8992 3299.8992 3299.8992 3299.8992 3299.8992 3299.8992 3299.8992 3299.8992 3299.8992 3299.8992 3299.8992 3299.8992 3299.8992 830.3375 -1628.8513 -2998.4802 -2984.381 -2970.584 -2957.089 -2943.695 -2930.2002 -2917.0073 -2903.9153 -2891.0247 -2878.2349 -2865.4448 -2852.7556 -2840.0664 -2827.5786 -2815.1917 -2802.8044 -2790.518 -2639.859 -1902.7771 -1495.4132 -838.39417 6.8481445 1107.9895 3163.8428 3299.8992 3299.8992 3299.8992 3299.8992 3299.8992 3299.8992 3299.8992 3299.8992 3299.8992 3299.8992 3299.8992 3299.8992 3299.8992 3096.9727 48.44055 -2322.6287 -2987.3015 -2973.3032 -2959.607 

170.19653 176.74255 149.24927 154.78821 148.24219 117.72766 79.660034 88.723755 106.04553 112.69226 86.40747 44.110107 27.896118 3.5247803 -78.652954 -111.58447 -130.61829 -140.18555 -130.51758 -155.29175 -191.34521 -199.9054 -229.31213 -240.99426 -197.89124 -131.42395 -70.59631 -48.239136 -32.226562 -14.703369 -12.185669 23.464966 78.048706 132.0282 187.61902 221.05408 305.04456 371.91467 388.6322 362.95166 335.05554 267.07764 171.40503 55.59082 -76.638794 -153.17688 -142.50183 -126.9928 -134.5459 -121.45386 -100.70801 -107.25403 -119.13757 -131.92749 -134.5459 -101.312256 -104.333496 -130.11475 -174.42627 -259.1217 -259.1217 -259.1217 -259.1217 -259.1217 -259.1217 -259.1217 -259.1217 -259.1217 -259.1217 -259.1217 -259.1217 -259.1217 -259.1217 -259.1217 -259.1217 -259.1217 -259.1217 -259.1217 -259.1217 -259.1217 -259.1217 -259.1217 -259.1217 -259.1217 -259.1217 -259.1217 -259.1217 -259.1217 -259.1217 -259.1217 -259.1217 -259.1217 -259.1217 -259.1217 -259.1217 -259.1217 -259.1217 -259.1217 -259.1217 -259.1217 -288.62915 -336.8683 -332.43713 -198.99902 -65.76233 -63.74817 -111.38306 -133.13599 -126.38855 -115.61279 -82.9834 -23.76709 44.0094 92.04712 105.340576 102.822876 70.69702 18.127441 -5.4382324 5.7403564 72.71118 77.041626 88.52234 83.38623 45.318604 29.507446 45.41931 74.020386 89.63013 98.89526 80.86853 31.82373 12.487793 -10.070801 -38.671875 4.0283203 30.31311 35.247803 60.021973 43.707275 4.8339844 33.233643 48.742676 25.78125 -5.0354004 -22.558594 -47.43347 -88.52234 -79.156494 -82.78198 -108.76465 -95.87402 -36.4563 31.219482 77.645874 80.56641 75.32959 93.255615 101.51367 119.036865 103.829956 9.063721 -15.106201 38.571167 128.60413 207.65991 250.76294 231.93054 163.85193 71.7041 3.3233643 -67.27295 -154.6875 -265.06348 -360.63538 -362.0453 -326.19324 -231.62842 -135.55298 -81.97632 -93.65845 -59.518433 -13.394165 2.5177002 26.184082 27.694702 4.2297363 -53.475952 -64.65454 -26.184082 16.71753 78.35083 137.66785 167.47742 196.98486 188.92822 176.44043 192.15088 184.49707 142.1997 
-93.85986 -76.33667 -36.4563 -48.239136 -59.921265 -23.666382 17.523193 8.056641 -9.063721 5.9417725 61.834717 111.987305 135.35156 126.48926 130.21545 61.73401 58.410645 51.260376 29.608154 41.088867 76.23596 67.17224 35.247803 4.8339844 -17.422485 -26.486206 -18.22815 -9.265137 -35.44922 -75.93384 -81.674194 -73.516846 -62.23755 -43.103027 -24.673462 -19.033813 -66.76941 -112.994385 -137.36572 -125.68359 -108.56323 -14.703369 24.975586 -13.595581 -50.958252 -32.528687 17.825317 43.807983 62.23755 72.61047 65.3595 65.963745 69.488525 79.156494 137.46643 90.93933 64.05029 52.368164 25.076294 0.30212402 -29.80957 -106.04553 -104.937744 -72.71118 -49.346924 -23.565674 11.984253 23.867798 -33.737183 -94.66553 -93.55774 -71.90552 -60.525513 -74.523926 -96.8811 -92.95349 -103.62854 -106.448364 -71.7041 -43.304443 -53.274536 -18.026733 3.6254883 16.314697 53.07312 92.752075 109.57031 76.94092 75.22888 92.65137 90.5365 95.5719 106.8512 132.1289 164.7583 129.71191 75.93384 46.325684 56.19507 101.916504 123.36731 49.649048 -19.436646 -71.90552 -114.10217 -98.59314 -43.203735 -6.6467285 -35.147095 -85.702515 -137.66785 -167.98096 -157.40662 -136.15723 -99.801636 -49.749756 -8.459473 -2.0141602 -28.399658 -74.523926 -121.85669 -69.28711 -38.269043 -56.295776 -45.620728 -20.040894 4.3304443 40.98816 131.52466 234.85107 263.25073 245.62683 173.5199 136.45935 107.85828 30.514526 10.070801 0.9063721 -39.37683 -54.483032 -10.473633 -35.95276 -62.13684 -77.74658 -64.65454 -52.368164 -31.118774 10.574341 2.0141602 -19.335938 -25.378418 0.80566406 7.1502686 -8.862305 14.501953 32.32727 10.675049 -17.422485 -23.26355 -42.39807 -61.331177 -0.20141602 -18.026733 -86.10535 -94.3634 -50.253296 -19.73877 -16.516113 -4.4311523 36.657715 29.910278 19.537354 -3.7261963 32.528687 67.77649 39.578247 32.226562 6.5460205 -18.328857 -25.78125 -15.106201 -36.154175 -36.154175 -23.162842 -12.991333 2.4169922 21.24939 63.24463 66.76941 82.177734 80.26428 85.80322 68.88428 16.516113 -3.8269043 -2.7191162 -47.03064 -94.3634 -102.62146 -100.50659 
2894.751 2882.4646 2869.6746 2857.3882 2844.2961 2830.3984 2817.3064 2804.4158 2791.4246 2778.534 2765.744 2753.1555 2740.4663 2727.9785 -1661.5814 2741.574 2763.4277 2784.0728 2803.9124 2822.946 2841.6777 2860.3088 2877.9326 2896.161 2913.7847 2931.0059 2948.1262 2965.1458 2982.1655 2998.883 -2083.9507 351.9745 3002.9114 2989.3157 2974.9146 2957.7942 2943.2922 2927.7832 2775.009 2904.721 2892.2332 2880.551 2868.0632 2854.8706 2841.6777 2828.2837 2815.393 2802.4016 2789.4104 2776.5198 2763.8306 2751.242 2738.6536 2725.9644 3299.8992 2742.8833 2764.7368 2785.2812 2805.02 2824.1545 2842.8862 2860.8123 2879.242 2896.5637 2914.1875 2931.7107 2949.1333 2966.1528 2983.1726 2999.9907 -1884.9518 589.9475 3001.4006 2987.503 2973.1018 2956.5857 2941.3787 2925.064 2578.125 2903.6133 2891.4275 2879.141 2866.7542 2853.7627 2840.57 2827.0752 2814.0837 2801.193 2788.202 2775.5127 2762.7227 2750.1343 2737.5457 2724.8564 2720.6267 2744.4946 2766.2476 2786.792 2806.43 2825.6653 2844.1956 2862.2222 2880.0476 2898.2756 2915.7988 2933.02 2950.0396 2967.16 2984.0789 3000.8972 -1963.7054 583.3008 3002.8105 2989.0137 2974.3103 2958.2976 2943.3928 2928.488 2759.6008 2904.1167 2891.8303 2879.6448 2866.6533 2854.065 2841.0735 2827.0752 2814.1846 2801.0925 2788.101 2775.3113 2762.622 2750.0334 2737.3442 2724.5544 2724.0508 2747.6165 2769.0674 2789.511 2809.0483 2827.9814 2846.6125 2865.2434 2882.666 2900.894 2918.4172 2935.6384 2952.7588 2969.7783 2986.5967 3004.1199 -1228.2349 1403.3661 2997.171 2983.374 2968.7712 2954.4707 2939.3645 2923.1506 2738.9556 2898.578 2886.493 2874.408 2861.8193 2848.526 2835.5347 2822.0398 2809.1492 2796.2585 2783.368 2770.4773 2757.8887 2745.3003 2732.8125 2719.821 2722.6409 2746.2065 2767.859 2788.202 2807.8398 2826.773 2845.5046 2863.4307 2881.659 2899.1821 2916.6045 2933.9263 2951.4495 2968.4692 2985.4888 3005.5298 -1629.5563 1112.1185 2999.185 2985.2874 2970.7854 2955.9814 2939.6667 2924.1577 2704.312 2900.592 
-2509.7441 -2498.062 -2486.8835 -2475.6042 -2464.5264 -509.1797 3299.8992 3299.8992 2014.8651 258.41675 -1724.9268 -1890.8936 -1295.2057 -1268.5181 -2467.6482 -2456.4697 -2445.0896 -2434.314 -2423.538 -2412.863 -2402.188 -2391.4124 -2381.3416 -1562.2833 3299.8992 3299.8992 3299.8992 3299.8992 3299.8992 3299.8992 3299.8992 3299.8992 3299.8992 3299.8992 3299.8992 -242.90771 -2570.4712 -2558.3862 -2546.6033 -2534.9211 -2523.3398 -2511.6577 -2500.479 -2489.1997 -2477.9204 -123.77014 3299.8992 3299.8992 1483.1268 -219.03992 -2509.0393 -2497.76 -1970.1508 -2028.7628 -2467.9504 -2456.8726 -2445.6938 -2435.0188 -2424.2432 -2413.568 -2402.893 -2392.218 -2382.0464 -1102.5513 3299.8992 3299.8992 3299.8992 3299.8992 3299.8992 3299.8992 3299.8992 3299.8992 3299.8992 3299.8992 3299.8992 -762.4603 -2571.176 -2559.091 -2547.3083 -2535.6262 -2524.0447 -2512.3625 -2500.8818 -2489.804 -2478.6255 6.2438965 3299.8992 3299.8992 1302.1545 -92.248535 -1968.8416 -2146.692 -1436.3983 -1597.1283 -2477.417 -2466.1377 -2455.1604 -2443.982 -2433.206 -2422.4304 -2411.856 -2401.181 -2390.808 -657.4219 3299.8992 3299.8992 3299.8992 3299.8992 3299.8992 3299.8992 3299.8992 3299.8992 3299.8992 3299.8992 3299.8992 -1299.8383 -2577.8228 -2565.8386 -2553.955 -2542.273 -2530.6914 -2519.0093 -2507.73 -2496.5515 -2482.9558 333.94775 3299.8992 3299.8992 688.43994 -608.6792 -2078.009 -2138.5344 -1494.4061 -1940.4419 -2478.3232 -2467.1448 -2456.067 -2445.0896 -2434.314 -2423.538 -2412.9639 -2402.0874 -2391.9158 -8.358765 3299.8992 3299.8992 3299.8992 3299.8992 3299.8992 3299.8992 3299.8992 3299.8992 3299.8992 3299.8992 3299.8992 -1728.2501 -2579.3335 -2567.349 -2555.5664 -2543.8843 -2532.3027 -2520.6206 -2509.3413 -2498.1628 -2390.0024 829.7333 3299.8992 3027.2827 44.714355 -1066.5985 -2511.557 -2282.6477 -1360.7666 -2083.5479 -2473.993 -2462.915 -2451.8372 -2440.9607 -2430.1848 -2419.4092 -2408.8347 -2398.1597 -2387.9883 772.93396 3299.8992 3299.8992 3299.8992 3299.8992 3299.8992 3299.8992 3299.8992 3299.8992 3299.8992 3299.8992 3299.8992 -1898.9502 -2577.9236 -2565.8386 -2554.0557 -2542.3735 
-676.355 -3276.233 -3260.8245 -3245.7183 -3231.5186 -3217.0166 -3202.5146 -3188.4155 -3174.9207 -3161.1235 -3147.528 -3134.0332 -3120.7397 -3107.4463 -1389.4684 3299.8992 3299.8992 3299.8992 3299.8992 3299.8992 3299.8992 3299.8992 3299.8992 3299.8992 3299.8992 3299.8992 3299.8992 3299.8992 2423.0347 121.25244 -1163.2782 -1460.2661 -1695.3186 -1710.6262 -787.2345 209.37195 649.8688 873.33984 1027.3224 836.78284 -827.2156 -3277.0386 -3261.6301 -3247.1282 -3232.1228 -3217.6208 -3203.8237 -3189.4226 -3175.424 -3161.8286 -3148.0315 -3134.5366 -3121.2432 -3107.9497 -674.1394 3299.8992 3299.8992 3299.8992 3299.8992 3299.8992 3299.8992 3299.8992 3299.8992 3299.8992 3299.8992 3299.8992 3299.8992 3299.8992 2225.8484 76.94092 -1162.8754 -1450.1953 -1713.0432 -1728.2501 -663.56506 292.15393 677.9663 735.9741 877.6703 641.3086 -1141.5253 -3277.7434 -3262.4358 -3247.8333 -3233.029 -3218.628 -3204.0251 -3190.0269 -3176.4312 -3162.6343 -3149.0386 -3135.5437 -3122.2502 -3108.7554 -246.83533 3299.8992 3299.8992 3299.8992 3299.8992 3299.8992 3299.8992 3299.8992 3299.8992 3299.8992 3299.8992 3299.8992 3299.8992 3299.8992 2047.2931 5.3375244 -1075.3601 -1353.2135 -1683.5358 -1605.487 -604.24805 300.31128 632.547 828.12195 1015.74097 615.62805 -1364.6942 -3280.2612 -3265.0542 -3250.3508 -3235.3455 -3220.944 -3207.0464 -3192.7458 -3178.6467 -3164.9504 -3151.2542 -3137.6587 -3124.3652 -3111.2732 452.17896 3299.8992 3299.8992 3299.8992 3299.8992 3299.8992 3299.8992 3299.8992 3299.8992 3299.8992 3299.8992 3299.8992 3299.8992 3299.8992 1905.6976 -27.493286 -1182.2113 -1497.1252 -1658.6609 -1640.0299 -649.8688 152.06909 416.02478 623.08044 725.2991 313.0005 -1827.5482 -3275.9307 -3261.026 -3246.121 -3231.9214 -3217.52 -3202.9175 -3189.0198 -3175.424 -3161.5264 -3147.931 -3134.5366 -3121.344 -3108.1511 826.5106 3299.8992 3299.8992 3299.8992 3299.8992 3299.8992 3299.8992 3299.8992 3299.8992 3299.8992 3299.8992 3299.8992 3299.8992 3299.8992 1820.9015 -83.38623 -1053.1036 -1423.407 -1636.1023 -1498.4344 -504.3457 199.20044 376.44653 515.9271 780.18494 236.4624 
-3035.6414 -3021.3408 -3006.9397 -2993.1426 -2979.3457 -2965.75 -2952.1545 -2938.6597 -2925.3662 -2912.2742 -2899.2827 -2886.392 -2873.5015 -2860.913 -2722.1375 -1563.794 -697.0001 739.7003 2675.5095 3299.8992 3299.8992 3299.8992 3299.8992 3299.8992 3299.8992 3299.8992 3299.8992 3299.8992 3299.8992 3299.8992 3299.8992 3299.8992 3299.8992 3299.8992 3299.8992 -2710.7573 -3096.2676 -3081.0608 -3066.2566 -3051.654 -3037.152 -3022.8516 -3008.9539 -2994.754 -2980.7556 -2967.0593 -2953.5645 -2939.9688 -2926.7761 -2913.8855 -2900.592 -2887.7014 -2874.9114 -2862.2222 -2669.8699 -1669.0338 -868.0023 516.6321 2459.9944 3299.8992 3299.8992 3299.8992 3299.8992 3299.8992 3299.8992 3299.8992 3299.8992 3299.8992 3299.8992 3299.8992 3299.8992 3299.8992 3299.8992 3299.8992 3142.3918 -3097.2747 -3093.045 -3077.8381 -3063.034 -3048.4314 -3033.9294 -3019.629 -3005.8318 -2991.5312 -2977.835 -2964.1387 -2950.6438 -2937.149 -2923.8555 -2910.8643 -2897.7722 -2884.8816 -2872.0916 -2859.5032 -2423.4375 -1617.572 -668.8019 755.7129 2764.7368 3299.8992 3299.8992 3299.8992 3299.8992 3299.8992 3299.8992 3299.8992 3299.8992 3299.8992 3299.8992 3299.8992 3299.8992 3299.8992 3299.8992 3299.8992 2721.5332 -3106.6406 -3091.2322 -3076.2268 -3061.322 -3046.7192 -3032.4187 -3018.1182 -3003.717 -2990.0208 -2976.2236 -2962.5273 -2949.0325 -2935.739 -2922.345 -2909.253 -2896.2615 -2883.3708 -2870.581 -2858.0933 -2225.5461 -1378.4912 -394.37256 1086.7401 3127.487 3299.8992 3299.8992 3299.8992 3299.8992 3299.8992 3299.8992 3299.8992 3299.8992 3299.8992 3299.8992 3299.8992 3299.8992 3299.8992 3299.8992 3299.8992 2401.2817 -3109.1582 -3093.6492 -3078.6438 -3063.739 -3049.1362 -3034.735 -3020.4346 -3006.134 -2992.337 -2978.54 -2964.8438 -2951.3489 -2937.9546 -2924.6611 -2911.4685 -2898.477 -2885.6873 -2872.8972 -2860.208 -2003.4851 -1232.3639 -232.6355 1323.8068 3248.538 3299.8992 3299.8992 3299.8992 3299.8992 3299.8992 3299.8992 3299.8992 3299.8992 3299.8992 3299.8992 3299.8992 3299.8992 3299.8992 3299.8992 3299.8992 2122.2197 -3112.5823 -3097.2747 -3082.2693 -3067.3645 -3052.7617 
943.73474 -703.64685 -2485.2722 3216.7144 3232.9285 3249.1423 3265.155 3280.8655 3296.475 -3287.915 -3272.5066 -3257.2998 -3242.0928 -3227.0874 -1287.5519 3061.322 3299.8992 3299.8992 3299.8992 3299.8992 3299.8992 3284.5916 3269.1833 3253.775 3238.0645 3222.5554 3206.9458 3171.8994 1182.4127 -888.64746 -1743.457 -1698.3398 -1554.2267 -1271.4386 -264.45923 657.01904 1016.4459 1266.5039 1509.4116 1554.7302 725.3998 -853.6011 -2806.6313 3208.3557 3224.6704 3241.0857 3256.9976 3272.8088 3288.5193 3299.8992 -3280.5632 -3265.155 -3250.0488 -3234.9426 -880.4901 3299.8992 3299.8992 3299.8992 3299.8992 3299.8992 3289.5264 3273.9165 3258.8103 3243.2007 3227.5908 3212.0818 3196.4722 2983.5754 654.60205 -1254.2175 -1988.7817 -2021.3104 -1981.2286 -1727.6459 -536.47156 438.38196 868.808 1205.2734 1580.8136 1528.8483 714.3219 -782.2998 -3105.5327 3213.1897 3229.605 3245.7183 3261.731 3277.4414 3293.051 -3291.4397 -3276.0315 -3260.623 -3245.5168 -3230.612 -552.78625 3299.8992 3299.8992 3299.8992 3299.8992 3299.8992 3291.4397 3275.9307 3260.623 3245.0134 3229.605 3213.9954 3198.285 2936.3433 632.7484 -1147.9706 -1846.8842 -1887.5702 -1798.8464 -1497.9309 -435.56213 370.40405 779.27856 1220.581 1600.7538 1469.9341 393.96973 -1112.6221 3199.4934 3216.4124 3232.727 3248.8403 3264.7522 3280.664 3296.2737 -3288.3179 -3273.0103 -3257.7026 -3242.5964 -3227.4902 -201.71814 3299.8992 3299.8992 3299.8992 3299.8992 3299.8992 3292.044 3276.8372 3260.8245 3245.7183 3230.2092 3214.5996 3199.0906 2695.2483 200.81177 -1433.4778 -2098.5535 -2021.5118 -1795.6238 -1475.473 -305.14526 572.525 1036.1847 1293.2922 1550.3998 1455.6335 297.995 -1196.5118 3204.7302 3221.6492 3238.0645 3254.1777 3270.0896 3285.8 3299.8992 -3283.2825 -3267.7734 -3252.6672 -3237.4602 -3222.6562 -3.4240723 3299.8992 3299.8992 3299.8992 3299.8992 3299.8992 3295.6694 3280.1604 3264.2485 3249.1423 3233.432 3217.8223 3202.2124 2470.5688 -50.253296 -1542.9474 -2041.8549 -2044.2719 -1804.5868 -1315.6494 -205.14221 607.37 1049.176 1471.4447 1842.8558 1600.0488 
-2946.112 -2932.5164 -2919.3237 -2906.2317 -2893.1396 -2880.3496 -2867.459 -2854.7698 -2842.282 -2829.5928 -2817.105 -2804.8186 -2792.3308 -2780.2458 -2458.5845 -1568.8293 -973.645 -279.0619 555.30396 1697.4335 3299.8992 3299.8992 3299.8992 3299.8992 3299.8992 3299.8992 3299.8992 3299.8992 3299.8992 3299.8992 3299.8992 3299.8992 3299.8992 3299.8992 3135.443 222.26257 -2333.8074 -2991.0278 -2977.0293 -2963.333 -2949.6367 -2936.3433 -2923.0498 -2909.9578 -2896.8657 -2883.975 -2871.1853 -2858.496 -2845.807 -2833.319 -2820.63 -2808.3435 -2795.9563 -2783.7708 -2448.413 -1772.9645 -1206.2805 -447.44568 464.1632 1704.3823 3299.8992 3299.8992 3299.8992 3299.8992 3299.8992 3299.8992 3299.8992 3299.8992 3299.8992 3299.8992 3299.8992 3299.8992 3299.8992 3299.8992 2876.6235 41.189575 -2230.1787 -2990.4236 -2976.425 -2962.7288 -2949.1333 -2935.739 -2922.7478 -2909.4543 -2896.463 -2883.4717 -2870.6816 -2857.9924 -2845.3032 -2832.8154 -2820.227 -2807.7393 -2795.5535 -2783.267 -2286.676 -1560.5713 -1087.2437 -418.03894 472.9248 1877.298 3299.8992 3299.8992 3299.8992 3299.8992 3299.8992 3299.8992 3299.8992 3299.8992 3299.8992 3299.8992 3299.8992 3299.8992 3299.8992 3299.8992 2614.5813 -249.0509 -2539.4531 -2989.92 -2976.0222 -2962.326 -2948.7305 -2935.2356 -2922.0427 -2908.9507 -2895.9595 -2882.968 -2870.1782 -2857.489 -2844.9004 -2832.312 -2819.7234 -2807.3364 -2795.05 -2782.8643 -2271.7712 -1662.3871 -1098.2208 -426.59912 446.4386 1928.3569 3299.8992 3299.8992 3299.8992 3299.8992 3299.8992 3299.8992 3299.8992 3299.8992 3299.8992 3299.8992 3299.8992 3299.8992 3299.8992 3299.8992 2541.0645 -250.05798 -2642.4773 -2988.8123 -2974.9146 -2961.1174 -2947.7234 -2934.2285 -2921.1365 -2907.843 -2894.8516 -2881.961 -2869.1711 -2856.482 -2843.7927 -2831.204 -2818.8171 -2806.3293 -2794.043 -2781.8572 -2281.9426 -1722.2076 -1127.7283 -362.3474 628.7201 2206.7139 3299.8992 3299.8992 3299.8992 3299.8992 3299.8992 3299.8992 3299.8992 3299.8992 3299.8992 3299.8992 3299.8992 3299.8992 3299.8992 3299.8992 2160.9924 -539.7949 -2818.3135 -2986.798 -2972.9004 -2959.204 

134.74731 91.94641 58.410645 50.857544 29.608154 -34.643555 -122.66235 -161.73706 -166.87317 -184.49707 -180.16663 -154.08325 -115.512085 -102.319336 -94.66553 -42.599487 11.984253 44.210815 87.01172 117.12341 96.47827 95.5719 136.05652 198.89832 199.20044 119.64111 56.19507 -26.184082 -88.723755 -155.39246 -230.31921 -263.04932 -250.86365 -212.39319 -206.65283 -223.57178 -215.91797 -136.76147 -47.43347 60.928345 148.04077 154.88892 168.88733 224.07532 237.26807 229.11072 194.16504 148.74573 91.44287 3.1219482 -64.151 -118.533325 -122.25952 -164.05334 -184.19495 -131.92749 -44.0094 33.032227 98.39172 98.49243 45.721436 42.49878 119.540405 186.1084 209.06982 184.7992 149.95422 115.61279 93.0542 33.83789 -19.940186 -59.417725 -105.03845 -126.9928 -130.61829 -123.97156 -103.52783 -119.23828 -165.76538 -208.7677 -193.35938 -185.10132 -148.54431 -88.42163 -36.4563 11.581421 26.687622 15.811157 -14.401245 -46.92993 -40.081787 -32.32727 -5.5389404 20.443726 57.907104 85.90393 81.674194 80.26428 84.09119 58.309937 46.02356 62.23755 37.765503 2.6184082 -38.974 -65.15808 -16.21399 -7.2509766 -16.415405 -14.904785 -3.7261963 -17.623901 -23.76709 32.42798 30.010986 -27.896118 -56.19507 -53.274536 -30.514526 24.371338 96.276855 94.06128 109.3689 127.99988 142.90466 167.47742 204.9408 243.51196 265.06348 242.10205 187.71973 75.128174 -29.003906 -90.43579 -104.837036 -141.09192 -185.90698 -204.23584 -200.81177 -229.61426 -281.17676 -264.0564 -180.26733 -83.08411 -48.138428 -89.12659 -160.62927 -174.8291 -114.001465 -28.903198 22.155762 45.52002 46.325684 116.922 230.92346 302.42615 307.76367 262.24365 207.05566 209.9762 173.21777 73.21472 7.7545166 -56.5979 -129.81262 -193.96362 -194.76929 -183.99353 -190.33813 -173.5199 -110.57739 -67.37366 -40.38391 -63.848877 -51.663208 -52.871704 -20.24231 64.65454 110.17456 169.7937 216.72363 253.58276 256.20117 278.35693 300.00916 235.75745 167.37671 65.460205 -11.279297 -137.86926 -284.90295 -379.26636 -396.68884 -308.56934 -248.9502 -214.50806 -193.96362 -190.53955 -184.69849 -149.34998 -71.40198 -33.636475 -8.963013 -26.083374 -48.03772 -16.616821 43.707275 66.06445 54.68445 71.30127 106.951904 109.57031 132.22961 146.12732 199.60327 222.46399 234.85107 245.42542 224.47815 189.12964 
-128.60413 -91.744995 -46.02356 -33.43506 -16.918945 16.415405 19.940186 25.680542 38.36975 58.914185 46.627808 36.053467 28.097534 53.475952 65.05737 26.184082 11.782837 20.645142 23.565674 44.210815 55.59082 -7.8552246 -34.542847 -51.763916 -40.98816 -18.22815 4.4311523 14.501953 -23.666382 -56.69861 -60.928345 -72.81189 -72.9126 -95.5719 -92.04712 -71.30127 -64.25171 -78.95508 -77.34375 -92.85278 -130.01404 -86.10535 -58.20923 -14.401245 42.599487 92.248535 97.48535 58.007812 58.813477 92.65137 116.72058 172.00928 218.8385 225.88806 167.47742 61.23047 20.443726 45.822144 72.71118 70.495605 59.014893 -6.7474365 -75.32959 -152.27051 -141.39404 -71.7041 -10.574341 14.401245 -12.487793 -23.666382 -34.84497 -51.663208 -72.40906 -86.60889 -69.58923 -50.857544 -73.41614 -110.6781 -123.97156 -101.21155 -49.649048 45.822144 82.88269 93.759155 117.12341 118.533325 134.84802 173.72131 185.90698 167.37671 135.8551 110.6781 85.702515 96.57898 32.125854 -46.92993 -48.843384 -61.73401 -89.730835 -102.822876 -105.74341 -119.13757 -106.951904 -107.65686 -106.8512 -81.87561 -48.94409 -42.196655 -78.95508 -92.95349 -67.07153 -52.267456 -49.246216 -54.18091 -32.629395 2.3162842 28.601074 27.996826 28.500366 -14.401245 -62.23755 -25.177002 -4.0283203 23.867798 51.361084 44.815063 3.1219482 -6.4453125 -18.429565 -10.171509 -9.768677 3.0212402 30.81665 96.47827 94.66553 91.744995 105.944824 92.752075 76.43738 51.5625 2.9205322 -64.25171 -79.76074 -98.59314 -67.77649 -29.910278 -6.1431885 14.099121 -12.991333 -21.853638 9.466553 23.162842 5.3375244 -32.730103 -47.634888 -58.71277 -52.06604 -60.12268 -87.31384 -137.36572 -133.13599 -54.986572 2.5177002 45.52002 106.64978 144.01245 140.68909 201.3153 284.198 326.39465 300.6134 275.13428 234.54895 246.23108 174.42627 94.16199 -4.6325684 -95.06836 -109.77173 -68.984985 -88.32092 -127.697754 -151.66626 -186.00769 -167.88025 -102.420044 -44.0094 -18.429565 -50.253296 -74.32251 -88.52234 -119.84253 -147.33582 -148.04077 -99.801636 -69.68994 -63.74817 -64.35242 -64.85596 -83.688354 -65.25879 0.20141602 4.5318604 21.047974 62.036133 69.488525 37.46338 25.881958 2.7191162 -36.85913 -61.935425 -69.38782 -99.19739 -68.58215 -80.36499 -86.50818 -91.44287 -50.958252 20.74585 94.86694 
2888.507 2875.8179 2863.5315 2850.1372 2837.0452 2823.5503 2810.559 2797.5676 2784.7778 2771.9878 2759.2986 2746.7102 2734.2224 2720.929 2727.1729 2750.3357 2771.6858 2791.928 2811.5662 2830.4993 2848.9287 2866.8547 2884.7808 2902.8076 2920.3308 2937.4512 2954.5715 2971.591 2988.4094 3106.6406 -1177.1759 1703.0731 2996.768 2982.8704 2968.2678 2953.8665 2938.861 2922.2441 2759.9028 2898.2756 2886.09 2873.8037 2860.7117 2848.123 2834.9304 2821.1333 2808.0413 2795.1506 2782.26 2769.4702 2756.781 2744.2932 2731.8054 2718.3105 2727.9785 2751.0405 2772.29 2792.5322 2812.0696 2830.902 2849.4324 2867.9626 2885.9893 2903.2104 2920.7336 2938.2568 2955.4778 2972.5981 2989.517 3178.0425 -1181.4056 1772.4609 2997.0703 2983.0718 2968.5698 2953.0608 2937.0483 2920.4314 2705.8228 2898.6785 2886.5935 2873.9043 2861.5173 2848.123 2835.031 2821.4355 2808.6455 2795.6543 2782.8643 2769.9736 2757.2844 2744.7966 2732.2083 2709.0454 2731.7046 2754.4646 2775.6133 2795.6543 2814.9902 2833.8225 2852.3528 2870.2788 2888.4062 2905.8289 2923.2512 2940.6738 2958.0962 2975.0151 2991.934 3280.1604 -1024.8047 1822.6135 2998.178 2984.1797 2968.3684 2953.5645 2938.5588 2923.4526 2802.8044 2899.7864 2887.7014 2874.8108 2862.1216 2849.3315 2836.2395 2822.2412 2809.2498 2796.2585 2783.368 2770.578 2757.8887 2745.3003 2732.7117 2317.3918 2735.5315 2757.8887 2778.836 2798.877 2818.112 2836.9446 2855.2734 2873.8037 2891.226 2909.253 2926.6753 2943.7957 2960.7146 2977.7344 2994.5525 -3021.1394 -687.9364 2168.042 2996.5667 2982.5684 2967.16 2951.3489 2936.746 2913.7847 2619.6167 2899.0813 2887.0972 2874.9114 2861.7188 2849.0295 2835.8367 2821.939 2808.9478 2795.9563 2783.0657 2770.3765 2757.6873 2745.0989 2732.5103 1676.4862 2737.848 2760.1042 2780.951 2800.7903 2820.1262 2838.858 2857.1868 2875.6165 2893.643 2910.7634 2928.186 2945.7092 2962.8296 2979.95 2996.6675 -2904.6204 -571.82007 2144.0735 2997.6746 2983.676 2966.858 2951.9531 2937.4512 2917.0073 2832.312 2900.0884 2888.0034 2875.3142 2862.625 2849.231 2836.038 2822.4426 2809.552 2796.6614 2783.8713 2770.9807 2758.2915 2745.7031 2733.2153 409.9823 2741.9768 2763.9312 2784.677 2804.5166 2823.6511 2842.282 
-2530.7922 -2519.11 -2507.9314 -2496.652 -2161.4958 1246.1609 3299.8992 2599.3743 -357.51343 -1462.2803 -2506.8237 -2465.7349 -1973.4741 -2475.302 -2464.1235 -2453.1462 -2442.1692 -2431.2927 -2420.7183 -2410.0432 -2399.5696 -2389.3982 -2378.8237 1545.5658 3299.8992 3299.8992 3299.8992 3299.8992 3299.8992 3299.8992 3299.8992 3299.8992 3299.8992 3299.8992 3273.413 -2439.2485 -2569.3633 -2557.2783 -2545.4956 -2533.8135 -2522.3328 -2511.154 -2499.472 -2488.1926 -1811.9385 1925.4364 3299.8992 2574.0967 8.761597 -1434.5856 -2392.9229 -2302.6885 -1766.1163 -2474.0935 -2462.8142 -2451.7363 -2440.8599 -2429.9834 -2419.4092 -2408.5327 -2398.059 -2387.9883 -2377.4138 2202.887 3299.8992 3299.8992 3299.8992 3299.8992 3299.8992 3299.8992 3299.8992 3299.8992 3299.8992 3299.8992 2818.4143 -2579.3335 -2567.047 -2555.1636 -2543.3806 -2531.6985 -2520.1172 -2509.0393 -2497.2563 -2486.078 -1829.0588 1937.4207 3299.8992 2353.4453 -68.984985 -1298.3276 -1941.6504 -1640.2313 -1291.3788 -2478.5247 -2467.1448 -2455.966 -2444.989 -2434.0117 -2423.3367 -2412.7625 -2402.0874 -2392.0166 -2381.3416 2991.5312 3299.8992 3299.8992 3299.8992 3299.8992 3299.8992 3299.8992 3299.8992 3299.8992 3299.8992 3299.8992 2604.309 -2584.4695 -2572.284 -2560.199 -2548.5168 -2536.8347 -2525.354 -2514.0747 -2502.3926 -2491.2139 -1531.4667 2431.192 3299.8992 2164.0137 5.7403564 -1883.0383 -2504.4067 -2470.5688 -1924.2279 -2472.6836 -2461.5051 -2450.4272 -2439.6514 -2428.775 -2418.0999 -2407.5256 -2397.052 -2386.8804 -2376.3062 3299.8992 3299.8992 3299.8992 3299.8992 3299.8992 3299.8992 3299.8992 3299.8992 3299.8992 3299.8992 3299.8992 1925.5371 -2578.9307 -2566.7449 -2554.8613 -2543.0786 -2531.497 -2519.9158 -2508.737 -2497.1558 -2485.977 -1384.6344 2761.917 3299.8992 1626.0315 -482.7942 -2277.9143 -2477.3162 -2157.7698 -1594.7113 -2464.9292 -2453.8513 -2442.874 -2431.897 -2421.222 -2410.5469 -2399.9724 -2389.5996 -2379.428 -2246.1914 3299.8992 3299.8992 3299.8992 3299.8992 3299.8992 3299.8992 3299.8992 3299.8992 3299.8992 3299.8992 3299.8992 1344.2505 -2572.0825 -2559.8967 -2548.0132 -2536.331 -2524.649 -2513.1682 -2501.9897 -2490.509 -2479.2297 -1209.3018 3172.4028 3299.8992 1661.38 -302.32544 -2146.7925 -2281.842 -2139.441 -1914.2578 -2461.4043 -2450.2258 -2439.3494 -2428.372 -2417.697 -2407.1228 -2396.6492 
-2047.8973 -3274.823 -3259.616 -3245.0134 -3230.1086 -3215.7073 -3201.9104 -3187.6099 -3173.6113 -3160.0159 -3146.4202 -3132.9253 -3119.6318 -3106.4392 1522.403 3299.8992 3299.8992 3299.8992 3299.8992 3299.8992 3299.8992 3299.8992 3299.8992 3299.8992 3299.8992 3299.8992 3299.8992 3299.8992 1439.3188 -307.76367 -1221.3867 -1581.1157 -1713.8489 -1571.2463 -554.599 54.483032 375.03662 646.4447 845.94727 293.96667 -2152.835 -3270.996 -3256.0913 -3241.1865 -3226.9866 -3212.686 -3198.184 -3184.2864 -3170.7915 -3157.0952 -3143.4998 -3130.005 -3116.812 -3103.418 1966.626 3299.8992 3299.8992 3299.8992 3299.8992 3299.8992 3299.8992 3299.8992 3299.8992 3299.8992 3299.8992 3299.8992 3299.8992 3299.1943 1424.2126 -198.39478 -1125.7141 -1537.8113 -1716.6687 -1439.0167 -288.42773 340.29236 618.14575 750.17395 933.86536 100.305176 -2575.5066 -3273.3123 -3258.0046 -3243.402 -3228.7993 -3214.1968 -3200.5005 -3186.2 -3172.2014 -3158.606 -3145.0103 -3131.5154 -3118.222 -3000.0916 2364.8254 3299.8992 3299.8992 3299.8992 3299.8992 3299.8992 3299.8992 3299.8992 3299.8992 3299.8992 3299.8992 3299.8992 3299.8992 3271.9023 1004.6631 -491.8579 -1139.7125 -1346.9696 -1612.738 -1302.5574 -308.56934 172.10999 378.6621 622.97974 757.4249 -351.0681 -3214.3982 -3267.1692 -3252.4658 -3237.561 -3223.462 -3209.262 -3194.8608 -3180.8623 -3167.4683 -3153.6711 -3140.277 -3126.8828 -3113.5894 -2690.1123 3246.6248 3299.8992 3299.8992 3299.8992 3299.8992 3299.8992 3299.8992 3299.8992 3299.8992 3299.8992 3299.8992 3299.8992 3299.8992 3228.7993 961.66077 -566.2811 -1243.1396 -1618.7805 -1636.6058 -1121.1823 -91.744995 304.3396 449.96338 634.35974 819.56177 -282.18384 -3233.029 -3266.867 -3251.7607 -3237.2588 -3222.354 -3208.255 -3194.5586 -3180.258 -3166.2598 -3152.664 -3138.9678 -3125.9766 -3112.683 -2434.7168 3299.8992 3299.8992 3299.8992 3299.8992 3299.8992 3299.8992 3299.8992 3299.8992 3299.8992 3299.8992 3299.8992 3299.8992 3299.8992 3084.1826 671.9238 -733.255 -1260.1593 -1507.5989 -1542.041 -1098.3215 -178.35388 264.86206 508.97827 722.1771 761.55396 -452.5818 -3279.4556 -3264.3494 -3249.646 -3234.8418 -3220.7427 -3206.4421 -3192.041 -3178.1433 -3164.749 -3151.0527 -3137.5579 -3124.1638 -3110.971 -1978.6102 3299.8992 3299.8992 3299.8992 3299.8992 3299.8992 3299.8992 
-3038.2598 -3023.9592 -3010.1624 -2995.9624 -2982.0647 -2968.2678 -2954.773 -2941.278 -2927.9846 -2914.8926 -2901.9011 -2889.0105 -2876.0193 -2863.5315 -1753.3264 -1220.0775 126.086426 1677.9968 3299.8992 3299.8992 3299.8992 3299.8992 3299.8992 3299.8992 3299.8992 3299.8992 3299.8992 3299.8992 3299.8992 3299.8992 3299.8992 3299.8992 3299.8992 3299.8992 1519.8853 -3118.0205 -3102.6123 -3087.6067 -3072.8027 -3058.0994 -3043.698 -3029.2969 -3015.6006 -3001.1992 -2987.3015 -2973.5046 -2960.0098 -2946.515 -2933.322 -2919.928 -2906.9365 -2893.9453 -2881.1553 -2868.567 -1956.8573 -1336.9995 -33.83789 1646.878 3299.8992 3299.8992 3299.8992 3299.8992 3299.8992 3299.8992 3299.8992 3299.8992 3299.8992 3299.8992 3299.8992 3299.8992 3299.8992 3299.8992 3299.8992 3299.8992 1061.5631 -3117.92 -3102.6123 -3087.6067 -3072.8027 -3058.2 -3043.5974 -3029.3975 -3014.9963 -3001.1992 -2987.3015 -2973.6052 -2960.1104 -2946.515 -2933.2214 -2919.928 -2907.0374 -2894.046 -2881.1553 -2868.466 -1922.2137 -1388.8641 -57.302856 1732.3792 3299.8992 3299.8992 3299.8992 3299.8992 3299.8992 3299.8992 3299.8992 3299.8992 3299.8992 3299.8992 3299.8992 3299.8992 3299.8992 3299.8992 3299.8992 3299.8992 329.81873 -3115.1 -3099.893 -3084.7869 -3069.983 -3055.3801 -3040.979 -3026.6785 -3012.378 -2998.4802 -2984.683 -2971.0876 -2957.3914 -2943.8965 -2930.7036 -2917.511 -2904.419 -2891.629 -2878.7383 -2866.049 -1863.0981 -1383.6273 -111.08093 1725.4303 3299.8992 3299.8992 3299.8992 3299.8992 3299.8992 3299.8992 3299.8992 3299.8992 3299.8992 3299.8992 3299.8992 3299.8992 3299.8992 3299.8992 3299.8992 3299.8992 81.87561 -3111.5752 -3096.167 -3081.1614 -3066.458 -3051.8555 -3037.454 -3023.1536 -3009.3567 -2995.0562 -2981.1584 -2967.5627 -2953.9673 -2940.573 -2927.3804 -2914.087 -2901.0955 -2888.2048 -2875.415 -2862.8264 -1757.254 -1128.5339 313.0005 2179.3213 3299.8992 3299.8992 3299.8992 3299.8992 3299.8992 3299.8992 3299.8992 3299.8992 3299.8992 3299.8992 3299.8992 3299.8992 3299.8992 3299.8992 3299.8992 3299.8992 -787.1338 -3110.568 -3095.3613 -3080.3557 -3065.6523 -3051.0498 -3036.7493 -3022.4487 -3008.7524 -2994.5525 -2980.5542 -2966.9585 -2953.363 -2940.0696 -2926.6753 -2913.5833 -2900.592 -2887.7014 -2874.8108 -2861.0137 -1523.2086 -684.3109 848.26355 2558.5876 3299.8992 3299.8992 
388.5315 -920.2698 3204.7302 3221.5483 3238.0645 3254.1777 3269.989 3285.901 3299.8992 -3283.1816 -3267.7734 -3252.5664 -3237.2588 -3162.332 515.4236 3299.8992 3299.8992 3299.8992 3299.8992 3299.8992 3292.2454 3276.9377 3261.026 3245.819 3230.31 3214.7002 3199.0906 2468.9575 24.069214 -1311.5204 -1751.0101 -1737.9181 -1573.5626 -1125.1099 88.42163 879.2816 1314.9445 1615.0543 1813.147 1456.842 127.093506 -1286.0413 3195.868 3212.686 3229.2021 3245.2148 3261.3281 3277.1392 3292.6482 -3291.742 -3276.535 -3261.1267 -3245.9197 -3056.8909 807.5775 3299.8992 3299.8992 3299.8992 3299.8992 3297.583 3282.1746 3266.867 3251.4587 3235.8489 3220.2393 3204.7302 3189.0198 2093.0144 -339.5874 -1576.7853 -1935.7086 -1898.6481 -1745.2698 -1238.205 -110.77881 488.73596 955.9204 1290.6738 1623.0103 1362.5793 -5.1361084 -1353.717 3202.9175 3219.2322 3235.446 3251.5593 3267.4712 3283.1816 3298.6907 -3285.6995 -3270.3918 -3255.1848 -3240.0786 -2911.569 1054.9164 3299.8992 3299.8992 3299.8992 3299.8992 3299.8992 3286.1023 3270.5933 3255.3862 3239.7766 3224.0662 3208.5571 3192.8467 1804.5868 -482.29065 -1504.0741 -1840.4388 -1838.1226 -1697.1313 -1135.08 58.10852 709.68933 1132.1594 1478.7964 1727.0416 1330.3528 -211.2854 -1550.6012 3205.2336 3221.6492 3237.7625 3253.9763 3269.6868 3285.498 3299.8992 -3283.484 -3268.2769 -3252.9692 -3237.863 -2565.5364 1633.5846 3299.8992 3299.8992 3299.8992 3299.8992 3299.7986 3284.3901 3268.982 3253.5735 3237.9639 3222.2534 3206.7444 3191.034 1626.2329 -501.828 -1475.6744 -1697.8363 -1652.2156 -1507.8003 -872.6349 226.99585 778.2715 1135.5835 1448.8861 1722.2076 1252.9083 -291.24756 -1712.7411 3201.2053 3217.52 3233.8347 3250.0488 3265.8599 3281.6711 3297.1802 -3287.3108 -3272.0032 -3256.7961 -3241.4885 -2361.4014 1968.9423 3299.8992 3299.8992 3299.8992 3299.8992 3293.9575 3278.65 3263.1409 3247.4304 3232.1228 3216.7144 3201.1047 3185.1929 1251.1963 -881.9 -1770.2454 -1890.8936 -1722.5098 -1539.2212 -841.6168 283.0902 819.15894 1162.9761 1484.8389 1728.2501 1213.1287 -476.24817 -2067.2332 3203.6223 3220.3398 3236.554 3252.6672 3268.579 3284.2896 3299.8992 -3284.793 -3269.4854 -3254.1777 -3238.971 -1901.5686 2520.822 3299.8992 3299.8992 3299.8992 3299.8992 3292.5476 
-2945.6084 -2932.4158 -2919.0215 -2905.9294 -2893.0388 -2880.0476 -2867.2576 -2854.6692 -2841.98 -2829.2908 -2816.9036 -2804.6172 -2792.3308 -2780.0444 -2066.4275 -1548.9899 -796.49963 -113.1958 775.6531 2298.3582 3299.8992 3299.8992 3299.8992 3299.8992 3299.8992 3299.8992 3299.8992 3299.8992 3299.8992 3299.8992 3299.8992 3299.8992 3299.8992 3299.8992 2009.9304 -739.3982 -3002.005 -2987.8052 -2974.008 -2960.5132 -2946.9177 -2933.5234 -2920.3308 -2907.0374 -2894.1467 -2881.256 -2868.466 -2855.6763 -2843.1885 -2830.4993 -2818.0115 -2805.8257 -2793.5393 -2781.253 -2063.6077 -1532.6752 -854.9103 17.321777 927.8229 2662.619 3299.8992 3299.8992 3299.8992 3299.8992 3299.8992 3299.8992 3299.8992 3299.8992 3299.8992 3299.8992 3299.8992 3299.8992 3299.8992 3299.8992 1866.0187 -748.0591 -3000.293 -2990.8264 -2976.9287 -2963.2324 -2949.6367 -2936.3433 -2922.9492 -2909.9578 -2896.8657 -2883.975 -2871.1853 -2858.496 -2845.9075 -2833.319 -2820.8313 -2808.3435 -2796.1577 -2783.7708 -2018.5913 -1568.6279 -918.2556 -84.49402 897.8119 2639.7583 3299.8992 3299.8992 3299.8992 3299.8992 3299.8992 3299.8992 3299.8992 3299.8992 3299.8992 3299.8992 3299.8992 3299.8992 3299.8992 3299.8992 1262.3749 -1314.0381 -3000.3936 -2986.2944 -2972.3967 -2958.8013 -2945.3064 -2932.1135 -2918.82 -2905.728 -2892.7368 -2879.9468 -2867.157 -2854.4678 -2841.7786 -2829.3914 -2816.803 -2804.4158 -2792.1294 -2757.6873 -1864.508 -1431.8665 -700.3235 22.357178 971.63086 2824.7588 3299.8992 3299.8992 3299.8992 3299.8992 3299.8992 3299.8992 3299.8992 3299.8992 3299.8992 3299.8992 3299.8992 3299.8992 3299.8992 3299.8992 1009.29565 -1563.4918 -2997.2717 -2983.1726 -2969.3755 -2955.78 -2942.3857 -2928.9917 -2915.8997 -2902.8076 -2889.7156 -2876.825 -2864.035 -2851.4465 -2838.858 -2826.471 -2813.8823 -2801.4954 -2789.3096 -2750.6377 -1945.6787 -1424.8169 -732.9529 134.04236 1268.1152 3242.9993 3299.8992 3299.8992 3299.8992 3299.8992 3299.8992 3299.8992 3299.8992 3299.8992 3299.8992 3299.8992 3299.8992 3299.8992 3299.8992 3299.8992 926.01013 -1536.2 -2996.9695 -2982.7698 -2969.0735 -2955.3772 -2941.8823 -2928.6895 -2915.4968 -2902.5054 -2889.4133 -2876.6235 -2863.8335 -2851.1443 -2838.556 -2821.3347 -2694.5435 -2486.7827 -2322.7295 -1649.295 -399.00513 375.23804 1184.729 1787.7686 2827.2766 3299.8992 

152.37122 107.455444 -30.212402 -212.39319 -291.54968 -244.31763 -159.21936 -90.93933 -3.3233643 53.17383 38.87329 20.141602 31.420898 103.52783 145.72449 150.8606 125.98572 38.671875 -98.89526 -171.80786 -156.70166 -121.25244 -48.239136 -21.75293 -48.54126 -7.9559326 81.37207 129.10767 121.051025 103.72925 96.8811 74.72534 74.82605 12.185669 -45.01648 -148.4436 -209.77478 -240.08789 -253.9856 -274.53003 -268.48755 -211.08398 -168.18237 -130.21545 -106.54907 -132.53174 -164.45618 -132.0282 -68.78357 -35.85205 12.387085 88.723755 157.00378 195.07141 200.40894 207.5592 200.20752 185.80627 188.12256 232.33337 246.13037 175.53406 89.12659 4.0283203 -45.822144 -62.13684 -48.239136 -52.468872 -55.792236 -64.35242 -57.10144 -49.246216 -47.03064 -91.54358 -83.58765 -81.7749 -47.232056 0.70495605 26.687622 27.493286 39.98108 62.23755 87.41455 144.81812 172.3114 122.66235 44.0094 -15.509033 -36.557007 -57.302856 -73.61755 -89.02588 -57.504272 -37.36267 -81.06995 -78.95508 -24.975586 32.32727 92.85278 125.68359 69.28711 22.961426 -5.1361084 -36.657715 4.2297363 86.206055 128.40271 82.88269 4.8339844 -50.05188 -104.73633 -132.22961 -148.54431 -151.96838 -95.269775 -65.05737 -49.749756 -28.500366 -17.926025 -22.155762 -1.3092041 27.493286 56.295776 85.09827 106.24695 105.13916 70.999146 72.30835 87.213135 89.227295 106.951904 107.65686 70.09277 24.874878 -38.772583 -43.00232 4.8339844 28.29895 -4.8339844 -12.890625 -4.3304443 44.613647 75.027466 27.29187 17.321777 13.293457 -35.046387 -87.41455 -104.333496 -100.808716 -86.91101 -55.18799 -55.69153 -94.56482 -106.75049 -93.35632 -90.03296 -75.73242 -87.31384 -86.50818 -8.056641 44.613647 88.82446 113.39722 73.21472 34.34143 -20.443726 -17.019653 42.90161 109.26819 154.08325 96.37756 -24.874878 -118.2312 -98.19031 -10.070801 27.392578 13.998413 -22.558594 -11.581421 -4.2297363 2.7191162 12.689209 -2.3162842 -43.103027 -77.74658 -18.328857 69.1864 123.77014 156.39954 156.60095 132.0282 98.89526 19.436646 -11.380005 -17.825317 -60.22339 -155.69458 -302.02332 -391.95557 
113.90076 84.59473 55.792236 31.82373 39.37683 56.799316 75.22888 91.8457 87.91809 81.97632 94.3634 95.5719 71.60339 39.276123 18.630981 -15.609741 -45.92285 -36.657715 -34.34143 -94.86694 -107.25403 -85.5011 -67.77649 -54.18091 -46.829224 -22.457886 -19.033813 35.247803 68.78357 92.65137 106.04553 113.497925 122.46094 187.11548 164.25476 155.69458 139.5813 105.944824 98.69385 112.994385 75.93384 -39.98108 -156.09741 -215.21301 -206.25 -160.32715 -107.85828 -94.16199 -138.17139 -156.09741 -138.2721 -130.61829 -79.35791 -48.339844 21.551514 47.03064 71.20056 81.06995 52.06604 -18.127441 -21.551514 2.3162842 -5.9417725 -7.4523926 12.588501 37.664795 47.232056 74.12109 93.0542 98.794556 108.86536 89.328 58.007812 73.41614 31.82373 12.991333 -2.0141602 -22.860718 -21.75293 0.80566406 0.10070801 20.544434 39.37683 38.067627 45.92285 84.2926 102.52075 55.59082 -12.084961 -47.93701 -77.34375 -119.23828 -168.68591 -178.25317 -113.497925 -87.11243 -109.26819 -138.57422 -176.74255 -232.33337 -219.54346 -176.1383 -108.26111 -58.309937 -21.75293 18.630981 54.18091 101.21155 116.61987 98.0896 102.319336 114.4043 162.64343 187.11548 113.09509 97.18323 75.027466 56.396484 60.021973 76.135254 47.634888 26.889038 36.4563 65.05737 81.7749 90.13367 98.19031 54.785156 -27.493286 -67.77649 -63.949585 -55.792236 -76.33667 -95.87402 -81.37207 -75.22888 -76.33667 -86.50818 -95.87402 -139.5813 -111.18164 -33.535767 41.4917 105.6427 158.61511 170.09583 128.80554 117.32483 104.937744 66.26587 62.64038 19.335938 -62.036133 -144.21387 -245.72754 -240.89355 -196.1792 -151.66626 -74.92676 0.80566406 -35.44922 -48.742676 -48.843384 -24.472046 36.758423 102.11792 135.45227 88.32092 26.083374 6.3446045 16.616821 2.9205322 -33.636475 -72.20764 -61.331177 -36.35559 -17.120361 0.9063721 -5.8410645 -16.71753 46.627808 84.99756 82.27844 88.82446 99.19739 109.16748 128.50342 145.32166 154.48608 148.3429 139.78271 128.40271 116.11633 96.8811 7.5531006 -68.07861 -121.45386 -116.21704 -64.65454 -30.81665 
2860.7117 2878.4363 2896.06 2914.087 2931.5093 2948.6296 2965.5486 2982.4675 2999.286 -2525.656 -107.455444 2681.552 2994.9553 2980.7556 2964.9443 2949.8381 2935.1348 2912.979 2909.7563 2897.2686 2885.083 2872.7966 2859.6038 2846.814 2833.621 2819.8242 2806.6313 2793.6401 2780.85 2768.161 2755.5725 2742.8833 2730.2947 -878.67737 2742.1782 2764.1326 2784.677 2804.5166 2823.6511 2842.3828 2860.6108 2878.9397 2896.3623 2914.389 2931.7107 2948.831 2965.75 2982.7698 2999.588 -2265.9302 267.48047 3004.5227 2990.8264 2976.3245 2959.607 2945.105 2930.5022 2856.5825 2905.6274 2893.1396 2881.0547 2868.6675 2855.9783 2842.3828 2829.2908 2815.695 2802.9053 2789.9138 2777.2246 2764.5354 2751.8462 2739.4592 2726.77 -2645.0957 2742.3796 2764.2334 2784.8784 2804.718 2823.7517 2842.4834 2860.8123 2878.4363 2896.6643 2913.7847 2931.4087 2948.6296 2965.6494 2982.4675 -3245.2148 -564.06555 2260.492 2987.8052 2974.3103 2960.3118 2945.7092 2931.912 2918.0144 2904.2175 2892.1326 2879.7454 2867.6604 2855.5754 2842.7856 2829.4922 2816.803 2803.2073 2790.0146 2777.124 2764.6362 2752.1484 2739.4592 2726.9714 2714.3828 2710.7573 2735.1287 2757.3853 2778.3325 2798.1719 2817.3064 2836.139 2854.4678 2872.7966 2890.219 2908.145 2925.4668 2942.7886 2960.1104 2976.9287 -3163.44 -2374.9968 -5.6396484 2817.6086 2991.3298 2977.0293 2925.4668 2783.4685 2309.3352 1661.0779 2870.883 2909.0515 2897.0671 2884.378 2871.0845 2858.496 2845.3032 2831.204 2818.0115 2805.02 2792.0288 2779.1382 2766.3481 2753.659 2740.6677 2737.445 2760.205 2781.1523 2801.193 2820.529 2839.4622 2857.8918 2876.0193 2894.2473 2911.972 2929.0923 2946.3135 2963.6353 2980.7556 2997.6746 3016.9097 -1180.9021 1538.5162 3007.2417 2993.344 2978.842 2964.2395 2949.7375 2933.322 2910.0586 2908.145 2895.6572 2883.2703 2870.2788 2857.5896 2843.9941 2830.902 2817.2058 2804.3152 2791.4246 2778.7354 2766.0461 2753.357 2740.7683 2727.777 2729.0862 2752.1484 2773.4985 2793.8416 2813.278 2832.2112 2850.7415 
-2386.2761 -2376.1047 -1991.7023 3299.8992 3299.8992 3299.8992 3299.8992 3299.8992 3299.8992 3299.8992 3299.8992 3299.8992 3299.8992 3299.8992 718.4509 -2568.1548 -2555.8684 -2543.9849 -2532.3027 -2520.822 -2509.3413 -2497.76 -2486.5813 -2475.5034 -861.2549 3299.8992 3299.8992 1748.0896 -24.572754 -2154.2449 -2236.2212 -2079.1167 -1901.0651 -2462.5122 -2451.4343 -2440.457 -2429.5806 -2418.805 -2408.2305 -2397.7568 -2387.1826 -2376.6082 -1404.776 3299.8992 3299.8992 3299.8992 3299.8992 3299.8992 3299.8992 3299.8992 3299.8992 3299.8992 3299.8992 3299.8992 -116.015625 -2568.0542 -2555.9692 -2544.1863 -2532.5042 -2520.9229 -2509.4421 -2497.9614 -2486.8835 -2475.7048 -545.636 3299.8992 3299.8992 1618.9819 -142.1997 -2036.5173 -2085.8643 -1534.9915 -1561.8805 -2469.9646 -2458.786 -2447.708 -2436.8315 -2425.955 -2415.28 -2404.7058 -2394.2322 -2383.5571 -1024.704 3299.8992 3299.8992 3299.8992 3299.8992 3299.8992 3299.8992 3299.8992 3299.8992 3299.8992 3299.8992 3299.8992 -595.99 -2573.593 -2561.508 -2549.6245 -2537.9424 -2526.4617 -2514.8804 -2503.8025 -2492.221 -2480.9417 -214.10522 3299.8992 3299.8992 1137.497 -482.39136 -2335.2173 -2341.7632 -1501.7578 -1575.9796 -2471.475 -2460.1958 -2449.2188 -2438.3423 -2427.5664 -2416.8914 -2406.1157 -2395.642 -2385.0676 -227.09656 3299.8992 3299.8992 3299.8992 3299.8992 3299.8992 3299.8992 3299.8992 3299.8992 3299.8992 3299.8992 3299.8992 -1068.8141 -2576.1108 -2564.026 -2552.1423 -2540.4602 -2528.9795 -2517.398 -2505.9172 -2494.638 -2483.4595 -108.05969 3299.8992 3299.8992 253.88489 -960.553 -2435.4216 -2298.3582 -1694.6136 -1996.7377 -2465.332 -2454.2542 -2443.2769 -2432.5012 -2421.7253 -2411.1511 -2400.5767 -2390.103 -2379.428 177.85034 3299.8992 3299.8992 3299.8992 3299.8992 3299.8992 3299.8992 3299.8992 3299.8992 3299.8992 3299.8992 3299.8992 -1371.7438 -2570.874 -2558.8896 -2547.107 -2535.324 -2523.7427 -2512.262 -2500.7812 -2489.7034 -2461.6057 411.1908 3299.8992 3299.8992 476.85242 -739.4989 -2318.9026 -2421.121 -1862.3932 -2469.7632 -2464.7278 -2453.65 -2442.6726 -2431.897 -2421.121 -2410.446 -2399.9724 
3299.8992 3299.8992 3299.8992 3299.8992 3299.8992 3299.8992 3299.8992 2876.0193 399.60938 -881.7993 -1401.3519 -1585.5469 -1618.6798 -970.9259 -6.5460205 417.5354 776.8616 1052.4994 1013.5254 -462.854 -3282.6782 -3267.4712 -3252.365 -3237.863 -3223.059 -3208.6577 -3194.9614 -3180.7617 -3166.864 -3153.1677 -3139.8743 -3126.3794 -3113.1865 -1504.2755 3299.8992 3299.8992 3299.8992 3299.8992 3299.8992 3299.8992 3299.8992 3299.8992 3299.8992 3299.8992 3299.8992 3299.8992 3299.8992 2569.1619 116.519165 -1021.58203 -1420.0836 -1685.5499 -1806.0974 -896.09985 116.519165 515.3229 733.85925 803.2471 593.573 -993.08167 -3277.6428 -3262.3352 -3247.7324 -3233.13 -3218.93 -3204.7302 -3190.2283 -3176.3306 -3163.037 -3149.24 -3135.846 -3122.351 -3109.3596 -934.4696 3299.8992 3299.8992 3299.8992 3299.8992 3299.8992 3299.8992 3299.8992 3299.8992 3299.8992 3299.8992 3299.8992 3299.8992 3299.8992 2355.8623 62.841797 -991.9739 -1433.8806 -1684.0393 -1735.5011 -765.07874 110.57739 509.4818 704.3518 898.3154 695.99304 -1061.4624 -3277.24 -3262.033 -3246.9268 -3232.3242 -3217.7214 -3203.5217 -3189.8254 -3175.7263 -3161.8286 -3148.233 -3134.738 -3121.344 -3108.3525 -484.2041 3299.8992 3299.8992 3299.8992 3299.8992 3299.8992 3299.8992 3299.8992 3299.8992 3299.8992 3299.8992 3299.8992 3299.8992 3299.8992 2100.064 -155.29175 -1274.2584 -1644.6625 -1897.0367 -1889.5844 -904.0558 87.213135 451.87683 627.10876 852.2919 558.1238 -1350.7965 -3268.6797 -3253.6743 -3239.0715 -3224.469 -3210.3699 -3196.2708 -3181.9702 -3168.173 -3154.8796 -3141.2842 -3127.588 -3114.4958 -3101.4038 95.97473 3299.8992 3299.8992 3299.8992 3299.8992 3299.8992 3299.8992 3299.8992 3299.8992 3299.8992 3299.8992 3299.8992 3299.8992 3299.8992 2009.5276 -28.903198 -1002.5482 -1584.137 -1751.2115 -1679.9103 -622.7783 153.479 506.9641 723.78845 948.468 542.51404 -1571.6492 -3269.4854 -3254.5806 -3239.4744 -3225.1738 -3210.4705 -3196.3713 -3182.675 -3168.576 -3154.779 -3141.2842 -3127.89 -3114.5964 -3101.5044 705.1575 3299.8992 3299.8992 3299.8992 3299.8992 3299.8992 3299.8992 
3299.8992 3299.8992 3299.8992 3299.8992 3299.8992 3299.8992 3299.8992 3299.8992 3299.8992 3299.8992 3299.8992 3299.8992 3299.8992 3299.8992 -1953.3325 -3112.683 -3097.3755 -3082.4707 -3067.7673 -3053.064 -3038.7634 -3024.463 -3010.8672 -2996.5667 -2982.5684 -2968.9727 -2955.3772 -2941.8823 -2928.6895 -2915.4968 -2902.5054 -2889.6147 -2876.724 -2696.3562 -1465.4022 -730.13306 630.83496 2488.4949 3299.8992 3299.8992 3299.8992 3299.8992 3299.8992 3299.8992 3299.8992 3299.8992 3299.8992 3299.8992 3299.8992 3299.8992 3299.8992 3299.8992 3299.8992 3299.8992 -2465.4326 -3111.4746 -3096.2676 -3081.3628 -3066.5588 -3052.057 -3037.6555 -3023.4558 -3009.0544 -2995.2576 -2981.5613 -2967.9656 -2954.37 -2940.9758 -2927.7832 -2914.4897 -2901.4983 -2888.6077 -2875.9185 -2761.8164 -1781.2225 -724.4934 732.75146 2654.2603 3299.8992 3299.8992 3299.8992 3299.8992 3299.8992 3299.8992 3299.8992 3299.8992 3299.8992 3299.8992 3299.8992 3299.8992 3299.8992 3299.8992 3299.8992 3202.9175 -2823.4497 -3108.252 -3093.045 -3078.1401 -3063.4368 -3049.0356 -3034.6343 -3020.4346 -3006.6375 -2992.4377 -2978.54 -2964.9443 -2951.3489 -2938.0554 -2924.8625 -2911.569 -2898.578 -2885.8887 -2872.998 -2719.9219 -2043.1641 -917.55066 565.7776 2528.778 3299.8992 3299.8992 3299.8992 3299.8992 3299.8992 3299.8992 3299.8992 3299.8992 3299.8992 3299.8992 3299.8992 3299.8992 3299.8992 3299.8992 3299.8992 2874.2065 -3115.1 -3099.591 -3084.4849 -3069.6807 -3055.0781 -3040.5762 -3026.3762 -3012.0757 -2998.3794 -2984.2803 -2970.584 -2956.8877 -2943.4937 -2930.0994 -2916.9067 -2903.9153 -2891.0247 -2878.134 -2865.5457 -2530.49 -1819.0887 -617.6422 1015.9424 3021.5422 3299.8992 3299.8992 3299.8992 3299.8992 3299.8992 3299.8992 3299.8992 3299.8992 3299.8992 3299.8992 3299.8992 3299.8992 3299.8992 3299.8992 3299.8992 2489.9048 -3111.8774 -3096.469 -3081.2622 -3066.5588 -3051.8555 -3037.454 -3023.1536 -3009.0544 -2994.9553 -2981.1584 -2967.5627 -2954.1687 -2940.6738 -2927.481 -2914.087 -2901.1963 -2888.2048 -2875.5156 -2862.8264 -2107.1135 -1307.9956 81.47278 1518.8782 3274.3193 3299.8992 3299.8992 
3277.24 3261.9324 3246.0205 3230.8135 3215.2039 3199.6948 3180.661 1003.5553 -936.28235 -1787.7686 -1884.7504 -1755.4413 -1489.975 -670.2118 303.73535 731.44226 1036.2854 1356.7383 1464.1937 819.8639 -785.1196 -2478.2227 3210.3699 3227.188 3243.402 3259.2131 3275.125 3290.9363 3299.8992 -3278.3477 -3262.9395 -3247.8333 -3232.8276 -1582.1228 2903.2104 3299.8992 3299.8992 3299.8992 3299.8992 3296.3745 3280.966 3265.6584 3249.646 3234.3384 3218.8293 3203.2195 3181.7688 676.355 -1079.892 -1754.3335 -1857.0557 -1857.3578 -1616.6656 -515.5243 565.17334 1108.6945 1355.2277 1573.6633 1554.9316 707.37305 -896.20056 -2735.9343 3212.2832 3228.9001 3245.0134 3261.2273 3276.8372 3292.5476 -3291.8425 -3276.535 -3261.1267 -3246.121 -3230.9143 -1297.522 3065.6523 3299.8992 3299.8992 3299.8992 3299.8992 3296.173 3280.966 3265.5579 3249.646 3234.3384 3218.7285 3203.119 3146.7224 474.43542 -1151.5961 -1783.9417 -1937.8235 -1838.6261 -1566.3116 -527.40784 386.2152 862.8662 1258.4473 1560.8734 1624.7223 707.7759 -1014.43176 -3138.7664 3217.9229 3234.439 3250.5522 3266.565 3282.4768 3298.0864 -3286.4043 -3271.1975 -3255.9905 -3240.6829 -3225.778 -748.4619 3299.8992 3299.8992 3299.8992 3299.8992 3299.8992 3297.4822 3282.074 3266.6655 3251.2573 3235.5469 3219.8364 3204.2266 3004.2205 48.94409 -1430.4565 -2006.4056 -2064.5142 -1972.0642 -1689.9811 -543.6218 470.3064 1015.9424 1319.1742 1650.705 1599.646 627.5116 -973.2422 3242.7979 3225.0732 3241.287 3257.4004 3273.3123 3289.0227 3299.8992 -3279.959 -3264.6514 -3249.5452 -3234.439 -3219.4336 -521.26465 3299.8992 3299.8992 3299.8992 3299.8992 3299.8992 3299.8992 3286.6057 3271.0967 3255.6885 3239.978 3224.2676 3208.5571 2992.8406 -0.80566406 -1350.0916 -1814.0533 -1858.2642 -1751.5137 -1388.3606 -190.43884 740.506 1215.0421 1441.333 1667.1204 1581.5186 458.42285 -1113.0249 3206.2407 3223.059 3239.3738 3255.2856 3271.298 3287.1094 3299.8992 -3281.9731 -3266.6655 -3251.1565 -3179.251 -2751.6448 787.6373 3299.8992 3299.8992 3299.8992 3299.8992 3299.8992 3293.2524 
3299.8992 3299.8992 3299.8992 3299.8992 3299.8992 3299.8992 3299.8992 3299.8992 3299.8992 3299.8992 3299.8992 3299.8992 3299.8992 2995.1567 362.85095 -2355.258 -2871.0845 -3002.5085 -2993.2434 -2979.547 -2966.0522 -2952.658 -2939.3645 -2926.2725 -2816.2993 -2737.3442 -2830.4993 -2872.998 -2794.4458 -2698.6724 -2669.5679 -2612.8691 -2581.2468 -2479.0283 -2480.841 -2458.5845 -2077.002 -1151.294 93.55774 2342.166 3299.8992 3299.8992 3299.8992 3299.8992 3299.8992 3299.8992 3299.8992 3299.8992 3299.8992 3299.8992 3299.8992 3299.8992 3299.8992 3219.2322 484.0027 -1735.7025 -2988.0066 -2974.008 -2960.1104 -2946.515 -2933.322 -2920.0286 -2906.9365 -2893.9453 -2880.9539 -2868.0632 -2855.4749 -2842.7856 -2830.2979 -2817.7092 -2805.4229 -2793.036 -2780.85 -2385.0676 -1676.9897 -1074.4537 -370.50476 461.94763 1706.5979 3299.8992 3299.8992 3299.8992 3299.8992 3299.8992 3299.8992 3299.8992 3299.8992 3299.8992 3299.8992 3299.8992 3299.8992 3299.8992 3299.8992 3017.6147 354.39148 -1970.9564 -2992.5383 -2978.54 -2964.8438 -2951.248 -2937.854 -2924.4597 -2911.3677 -2898.2756 -2885.385 -2872.4944 -2859.8052 -2847.116 -2834.5276 -2822.1404 -2809.552 -2797.2656 -2785.0798 -2433.206 -1788.0707 -1267.2089 -574.13635 334.24988 1669.2352 3299.8992 3299.8992 3299.8992 3299.8992 3299.8992 3299.8992 3299.8992 3299.8992 3299.8992 3299.8992 3299.8992 3299.8992 3299.8992 3299.8992 2640.9668 -208.16345 -2502.6946 -2987.201 -2973.3032 -2959.607 -2946.112 -2932.9192 -2919.4243 -2906.433 -2893.5425 -2880.551 -2867.6604 -2854.9712 -2842.3828 -2829.895 -2817.3064 -2804.9194 -2792.633 -2780.4473 -2255.7585 -1643.3533 -960.15015 -276.5442 584.61 1932.5867 3299.8992 3299.8992 3299.8992 3299.8992 3299.8992 3299.8992 3299.8992 3299.8992 3299.8992 3299.8992 3299.8992 3299.8992 3299.8992 3299.8992 2494.8394 -254.89197 -2610.4521 -2988.3086 -2974.411 -2960.614 -2947.1191 -2933.7249 -2920.4314 -2907.3394 -2894.3481 -2881.4575 -2868.6675 -2855.9783 -2843.289 -2830.8013 -2818.3135 -2805.9265 -2793.4387 -2781.4543 -2137.6282 -1614.7522 -947.2595 -201.01318 588.5376 2010.5347 3299.8992 

-362.75024 -304.94385 -225.98877 -147.73865 -103.326416 -117.526245 -115.41138 -76.638794 -42.700195 -33.83789 -23.464966 1.3092041 40.081787 71.20056 75.128174 99.90234 125.68359 122.15881 133.3374 148.64502 115.41138 110.77881 142.30042 116.41846 68.38074 68.07861 99.09668 92.65137 71.60339 62.539673 45.721436 48.339844 6.1431885 3.8269043 30.715942 38.974 28.500366 10.876465 8.358765 13.293457 38.067627 4.8339844 -23.162842 2.7191162 51.763916 72.61047 31.219482 -26.586914 -76.135254 -86.30676 -46.728516 10.272217 59.014893 69.28711 36.4563 -23.565674 -86.50818 -116.72058 -75.027466 -11.279297 -22.76001 -40.48462 -64.85596 -68.17932 -44.41223 -4.1290283 8.258057 -3.3233643 -34.643555 -32.83081 -27.392578 -0.80566406 13.998413 29.205322 32.125854 31.924438 80.163574 131.22253 138.87634 142.60254 219.34204 233.03833 149.45068 -7.0495605 -100.909424 -164.95972 -183.08716 -128.90625 -80.76782 -69.79065 -91.14075 -140.38696 -138.57422 -53.07312 35.549927 66.56799 95.87402 126.086426 157.00378 158.91724 122.46094 175.93689 249.35303 282.8888 272.01233 248.9502 195.57495 72.61047 -30.413818 -28.701782 -56.396484 -81.06995 -160.72998 -227.49939 -256.5033 -237.7716 -240.39001 -296.28296 -367.1814 -372.4182 -289.2334 -223.47107 -172.00928 -188.52539 -214.20593 -186.61194 -153.78113 -76.135254 36.154175 99.09668 115.20996 117.32483 159.7229 164.55688 118.533325 63.74817 79.660034 115.91492 138.97705 126.690674 62.13684 82.88269 114.10217 113.1958 109.16748 105.84412 93.15491 74.32251 95.269775 114.60571 86.50818 31.521606 -74.82605 -98.19031 -77.84729 -28.701782 28.903198 49.0448 -5.5389404 -68.481445 -61.73401 -38.36975 -2.1148682 -8.862305 -76.034546 -143.20679 -157.60803 -86.00464 -24.673462 -24.069214 -32.730103 -26.78833 -10.876465 -16.113281 -10.272217 -12.185669 -18.026733 -13.192749 32.32727 40.182495 -21.148682 -44.815063 -35.44922 -26.586914 -6.9488525 22.25647 29.406738 13.192749 4.9346924 46.627808 62.841797 69.1864 26.486206 26.385498 41.99524 53.979492 48.03772 18.530273 -36.154175 -72.006226 
-54.483032 -75.93384 -116.015625 -125.98572 -92.65137 -31.924438 3.9276123 -34.039307 -71.09985 -71.80481 -67.07153 -78.85437 -116.41846 -137.1643 -117.82837 -98.19031 -70.09277 -23.565674 -29.205322 -47.03064 26.385498 49.54834 38.168335 70.59631 100.70801 82.07703 69.1864 106.34766 129.00696 121.45386 128.40271 124.575806 135.45227 106.75049 67.07153 69.38782 77.74658 43.50586 25.378418 34.140015 -49.346924 -128.70483 -166.16821 -144.7174 -112.39014 -105.74341 -125.88501 -180.26733 -199.9054 -194.87 -170.59937 -119.13757 -80.36499 -48.54126 -17.72461 -24.874878 -40.585327 -22.055054 -9.567261 -5.3375244 69.08569 65.66162 38.269043 57.806396 78.95508 51.5625 53.57666 74.2218 111.28235 136.56006 146.73157 137.56714 142.50183 94.56482 29.507446 22.659302 -19.335938 -44.815063 -28.29895 32.125854 13.595581 26.78833 16.71753 21.853638 37.46338 48.742676 69.08569 8.660889 -54.18091 -90.63721 -108.26111 -102.21863 -99.09668 -81.170654 -39.779663 4.4311523 8.258057 4.2297363 -13.092041 -34.039307 13.293457 1.5106201 -13.092041 2.9205322 23.162842 -0.40283203 -2.3162842 21.047974 55.993652 53.375244 58.20923 57.000732 91.64429 94.06128 71.40198 44.0094 2.9205322 -7.6538086 -1.2084961 -13.595581 -67.27295 -70.29419 -87.31384 -78.45154 -56.69861 -82.177734 -97.58606 -135.04944 -148.24219 -124.27368 -93.85986 -44.815063 -22.155762 10.675049 71.502686 104.434204 63.74817 20.141602 -41.088867 -61.834717 5.6396484 12.487793 6.8481445 18.832397 35.247803 47.836304 124.575806 186.91406 179.56238 133.63953 117.526245 105.23987 141.19263 94.46411 55.08728 39.074707 4.9346924 -9.869385 -13.998413 -28.601074 -62.23755 -35.650635 -15.005493 26.28479 45.217896 12.890625 -28.500366 -111.38306 -144.91882 -147.73865 -155.39246 -160.32715 -146.32874 -103.52783 -63.546753 -49.54834 -45.117188 -16.113281 -10.675049 31.018066 116.82129 124.575806 110.17456 109.16748 93.65845 32.730103 -22.357178 -83.48694 -101.71509 -116.31775 -74.72534 -26.486206 48.54126 55.288696 44.311523 61.73401 92.55066 114.001465 152.06909 132.22961 
2868.9697 2886.493 2904.721 2921.8413 2939.163 2956.4849 2973.6052 2990.625 3019.931 -1152.0996 1485.0403 3000.0916 2986.1938 2971.692 2957.2905 2942.2852 2926.071 2771.8872 2901.2969 2889.1113 2876.724 2863.8335 2851.1443 2837.6494 2824.5574 2811.0625 2798.1719 2785.382 2772.592 2759.9028 2747.3145 2734.8267 2721.7346 2726.9714 2750.0334 2771.3835 2791.7266 2811.264 2830.197 2848.7273 2867.0562 2884.5793 2902.2034 2920.1294 2937.5518 2954.5715 2971.3896 2988.208 3064.8467 -1134.4757 1545.7672 2997.2717 2983.4746 2968.872 2954.773 2940.4724 2922.9492 2822.4426 2898.7793 2886.5935 2874.0051 2861.618 2848.123 2835.4338 2822.2412 2808.444 2795.453 2782.5623 2769.873 2757.1838 2744.4946 2732.2083 2718.9148 2727.2734 2750.3357 2771.6858 2791.928 2811.3647 2830.2979 2848.9287 2867.157 2885.385 2903.1096 2920.23 2937.6526 2954.9744 2972.0947 2988.9128 3194.458 -1180.3986 1570.0378 2997.3723 2983.4746 2968.7712 2954.2693 2938.5588 2922.8484 2780.3467 2898.9807 2886.795 2874.2065 2861.316 2848.526 2835.031 2821.939 2808.3435 2795.5535 2782.7637 2769.9736 2757.2844 2744.7966 2732.2083 2716.9006 2730.6975 2753.5583 2774.707 2794.8486 2814.1846 2833.1177 2851.648 2869.6746 2887.3992 2905.426 2922.5464 2939.7673 2957.19 2974.3103 2991.2292 -3209.0605 -810.69946 2069.3481 2995.0562 2981.0576 2965.6494 2951.0466 2935.3362 2919.3237 2749.3286 2896.7651 2884.7808 2872.293 2859.3018 2846.109 2833.319 2820.1262 2806.3293 2793.338 2780.548 2767.758 2755.1697 2742.682 2730.0933 2523.239 2731.906 2754.5654 2775.714 2795.755 2815.2922 2833.9233 2852.4536 2870.581 2888.7085 2906.0303 2923.9563 2941.1772 2958.197 2975.0151 2991.934 -3112.3809 -576.0498 2293.222 2993.4448 2979.6477 2965.0452 2950.7446 2934.732 2918.3167 2905.728 2895.3552 2883.1694 2870.6816 2858.0933 2845.0012 2831.5063 2818.4143 2804.8186 2792.1294 2779.3396 2766.6504 2754.0618 2741.3726 2728.9856 1911.6394 2733.8196 2756.2773 2777.3254 2797.3662 2816.803 2835.5347 2853.964 
-2389.3982 -2378.8237 952.8992 3299.8992 3299.8992 3299.8992 3299.8992 3299.8992 3299.8992 3299.8992 3299.8992 3299.8992 3299.8992 3299.8992 -1600.0488 -2571.9817 -2559.9976 -2548.2146 -2536.5325 -2524.9512 -2513.4705 -2501.889 -2490.811 -2433.7097 545.23315 3299.8992 2672.589 -522.37244 -1615.9607 -2495.343 -2463.4185 -1893.6127 -2465.1306 -2454.0527 -2443.0754 -2432.2998 -2421.524 -2410.8489 -2400.3752 -2389.9016 -2379.5288 -2368.9543 1724.3225 3299.8992 3299.8992 3299.8992 3299.8992 3299.8992 3299.8992 3299.8992 3299.8992 3299.8992 3299.8992 3299.8992 -2218.396 -2562.4146 -2550.3296 -2538.6475 -2526.9653 -2515.4846 -2504.1045 -2492.4224 -2481.4453 -2196.0388 1220.0775 3299.8992 2551.7395 -382.58972 -1280.8044 -2233.0994 -2089.6912 -1532.373 -2466.1377 -2454.959 -2443.982 -2433.0046 -2422.229 -2411.6545 -2400.9795 -2390.5059 -2380.0322 -2369.6594 2530.7922 3299.8992 3299.8992 3299.8992 3299.8992 3299.8992 3299.8992 3299.8992 3299.8992 3299.8992 3299.8992 3154.2754 -2568.457 -2563.8245 -2551.84 -2540.0574 -2528.4758 -2516.8945 -2505.5144 -2494.4365 -2482.8552 -2043.9697 1571.347 3299.8992 2155.957 -727.71606 -2128.2622 -2486.38 -2474.8992 -1994.5221 -2454.8584 -2443.7805 -2432.8032 -2422.1282 -2411.4531 -2400.778 -2390.4053 -2379.9316 -2369.5586 -2359.1858 3299.8992 3299.8992 3299.8992 3299.8992 3299.8992 3299.8992 3299.8992 3299.8992 3299.8992 3299.8992 3299.8992 2569.3633 -2564.8315 -2552.6458 -2540.7622 -2528.9795 -2517.4988 -2506.018 -2494.5374 -2483.56 -2472.0793 -1794.6167 2175.293 3299.8992 2324.5422 -265.4663 -1518.4753 -2078.2104 -1838.6261 -1427.8381 -2461.1023 -2449.823 -2438.8457 -2427.9692 -2417.1936 -2406.5186 -2395.944 -2385.5713 -2375.1982 -2364.7246 3299.8992 3299.8992 3299.8992 3299.8992 3299.8992 3299.8992 3299.8992 3299.8992 3299.8992 3299.8992 3299.8992 2137.9302 -2570.169 -2558.084 -2546.2004 -2534.4177 -2522.8362 -2511.255 -2499.9756 -2488.8977 -2477.3162 -1591.7908 2384.3628 3299.8992 1702.771 -769.10706 -2230.5815 -2482.3516 -1992.5079 -1486.6516 -2455.3618 -2444.284 -2433.307 -2422.531 -2411.856 -2401.2817 -2390.7073 -2380.3345 
3299.8992 3299.8992 3299.8992 3299.8992 3299.8992 3299.8992 3299.8992 1833.8928 -239.78577 -1097.3145 -1566.0095 -1887.2681 -1895.4254 -869.61365 -71.40198 379.6692 650.97656 908.2855 386.81946 -1909.8267 -3263.2415 -3248.1353 -3233.432 -3219.0308 -3204.5288 -3190.631 -3176.9348 -3162.9363 -3149.3408 -3135.846 -3122.4517 -3108.6548 -2637.3413 2260.794 3299.8992 3299.8992 3299.8992 3299.8992 3299.8992 3299.8992 3299.8992 3299.8992 3299.8992 3299.8992 3299.8992 3299.8992 3299.8992 1984.8541 353.08228 -531.43616 -1034.1705 -1272.0428 -1192.5842 -414.71558 -84.695435 -136.76147 -239.78577 -172.61353 -1048.4711 -3113.5894 -3177.539 -3242.9993 -3228.598 -3213.9954 -3200.299 -3185.9985 -3172.1008 -3158.5051 -3144.9097 -3131.5154 -3118.1213 -3104.9285 -2717.3035 1102.7527 3299.8992 3299.8992 3299.8992 3299.8992 3299.8992 3299.8992 3299.8992 3299.8992 3299.8992 3299.8992 3299.8992 3299.8992 3299.8992 1251.6998 -483.90198 -1016.74805 -1398.9349 -1442.5415 -1174.8596 -136.45935 524.7894 762.0575 899.62463 1087.5458 398.40088 -2245.5872 -3265.3564 -3250.2502 -3235.6475 -3221.1455 -3207.0464 -3192.9473 -3178.6467 -3164.8499 -3151.5564 -3137.9607 -3124.5667 -3111.3738 -3024.362 2633.8164 3299.8992 3299.8992 3299.8992 3299.8992 3299.8992 3299.8992 3299.8992 3299.8992 3299.8992 3299.8992 3299.8992 3299.8992 3299.8992 1402.5604 -266.17126 -858.9386 -1254.419 -1491.5863 -1257.4402 -228.8086 365.36865 602.6367 838.39417 958.3374 -43.90869 -2827.2766 -3273.2117 -3258.5083 -3243.402 -3229.1016 -3214.3982 -3200.1982 -3186.6028 -3172.5037 -3158.606 -3145.111 -3131.6162 -3118.3228 -2889.8162 2876.1199 3299.8992 3299.8992 3299.8992 3299.8992 3299.8992 3299.8992 3299.8992 3299.8992 3299.8992 3299.8992 3299.8992 3299.8992 3286.4043 1143.8416 -437.27417 -889.2517 -1387.857 -1507.5989 -1194.9005 -211.58752 219.94629 386.41663 676.4557 793.6798 -373.72742 -3284.1887 -3272.5066 -3257.5012 -3242.9993 -3228.4973 -3213.8945 -3199.7954 -3186.099 -3172.1008 -3158.2031 -3144.6074 -3131.4148 -3118.0205 -2546.6033 3299.8992 3299.8992 3299.8992 3299.8992 3299.8992 3299.8992 3299.8992 
3299.8992 3299.8992 3299.8992 3299.8992 3299.8992 3299.8992 3299.8992 3299.8992 3299.8992 3299.8992 3299.8992 3299.8992 3299.8992 2260.6934 -3117.7185 -3102.2095 -3087.1033 -3072.1985 -3057.5957 -3043.0938 -3028.7932 -3014.5935 -3000.293 -2986.6973 -2973.001 -2959.4055 -2946.0112 -2932.7178 -2919.4243 -2906.3323 -2893.4417 -2880.551 -2867.8618 -2190.4998 -1491.8884 -143.10608 1431.7657 3299.8992 3299.8992 3299.8992 3299.8992 3299.8992 3299.8992 3299.8992 3299.8992 3299.8992 3299.8992 3299.8992 3299.8992 3299.8992 3299.8992 3299.8992 3299.8992 1754.6356 -3117.4163 -3102.008 -3087.0024 -3072.0977 -3057.495 -3042.9932 -3028.6926 -3014.4927 -3000.7964 -2986.6973 -2972.9004 -2959.3047 -2945.9106 -2932.5164 -2919.3237 -2906.433 -2893.2402 -2880.551 -2867.7612 -1938.327 -1210.9131 49.44763 1653.7262 3299.8992 3299.8992 3299.8992 3299.8992 3299.8992 3299.8992 3299.8992 3299.8992 3299.8992 3299.8992 3299.8992 3299.8992 3299.8992 3299.8992 3299.8992 3299.8992 1173.4497 -3118.7256 -3103.5186 -3088.4124 -3073.6084 -3058.905 -3044.403 -3030.2031 -3016.0034 -3002.3071 -2988.208 -2974.411 -2960.8154 -2947.3206 -2934.027 -2920.8342 -2907.6416 -2894.6501 -2881.8604 -2869.1711 -1849.9054 -1195.5048 186.81335 1857.1564 3299.8992 3299.8992 3299.8992 3299.8992 3299.8992 3299.8992 3299.8992 3299.8992 3299.8992 3299.8992 3299.8992 3299.8992 3299.8992 3299.8992 3299.8992 3299.8992 739.1968 -3119.8333 -3104.425 -3089.3188 -3074.5146 -3060.0127 -3045.5107 -3031.2102 -3016.9097 -3003.3142 -2989.215 -2975.3174 -2961.8225 -2948.3276 -2935.0342 -2921.7407 -2908.7493 -2895.8586 -2882.8674 -2870.1782 -1820.2972 -1163.2782 206.75354 1999.9603 3299.8992 3299.8992 3299.8992 3299.8992 3299.8992 3299.8992 3299.8992 3299.8992 3299.8992 3299.8992 3299.8992 3299.8992 3299.8992 3299.8992 3299.8992 3299.8992 226.08948 -3120.4375 -3105.13 -3089.923 -3075.2197 -3060.7178 -3046.2158 -3031.8145 -3017.7153 -3003.4148 -2989.618 -2976.0222 -2962.326 -2948.932 -2935.739 -2922.4456 -2909.253 -2896.3623 -2883.4717 -2870.7825 -1799.9542 -1073.6481 260.02808 2057.1624 3299.8992 3299.8992 3299.8992 
3277.8442 3262.5366 3247.0276 3231.3171 3215.7073 3199.7954 2764.032 166.77246 -868.7073 -1285.437 -1281.9122 -1250.4913 -1057.9376 -113.497925 442.20886 739.90173 873.64197 904.2572 445.3308 -893.78357 -2404.0007 3268.881 3235.3455 3251.358 3267.2698 3283.081 3298.59 -3285.901 -3270.5933 -3255.1848 -3236.3525 -3175.122 -2863.2292 -378.5614 3299.8992 3299.8992 3299.8992 3299.8992 3299.8992 3299.8992 3296.0723 3280.4626 3264.8528 3249.2432 3233.432 3217.7214 2610.553 -335.8612 -1274.5605 -1603.1708 -1481.1127 -1312.1246 -839.30054 323.2727 998.01636 1390.1733 1748.3917 2080.3252 1789.682 453.58887 -977.3712 3202.011 3218.4265 3235.0432 3251.358 3267.2698 3283.1816 3298.6907 -3285.8 -3270.5933 -3255.2856 -3239.978 -3046.0144 952.9999 3299.8992 3299.8992 3299.8992 3299.8992 3299.8992 3287.21 3271.701 3256.3933 3240.3809 3224.9724 3209.4634 3193.9543 2423.538 -615.0238 -1591.8915 -1842.453 -1912.9486 -1788.6749 -1365.4999 -196.48132 590.8539 979.6875 1276.474 1579.4037 1321.994 -76.538086 -1389.9719 3208.96 3225.0732 3241.69 3257.6018 3273.5137 3289.224 3299.8992 -3279.657 -3264.45 -3249.2432 -3234.2375 -2871.1853 1319.0735 3299.8992 3299.8992 3299.8992 3299.8992 3299.8992 3290.5334 3274.9236 3259.616 3243.402 3228.0945 3212.686 3196.875 2112.9546 -780.48706 -1607.5012 -1804.9896 -1814.5569 -1722.2076 -1164.8895 37.765503 753.3966 1139.1083 1417.6666 1752.9236 1365.9027 -192.3523 -1511.9293 3209.4634 3225.476 3242.1936 3258.206 3274.0173 3289.7278 3299.8992 -3279.1533 -3263.9465 -3248.7395 -3233.6333 -2700.6865 1565.1031 3299.8992 3299.8992 3299.8992 3299.8992 3299.8992 3289.224 3273.9165 3258.5083 3242.395 3226.9866 3211.4775 3195.767 2077.4048 -804.45557 -1580.4108 -1802.8748 -1855.545 -1706.9 -1185.6354 -112.18872 588.3362 1021.58203 1381.2103 1625.0244 1105.7739 -556.61316 -1927.7527 3216.9158 3232.9285 3249.5452 3265.457 3281.1675 3296.7773 -3287.7136 -3272.3052 -3256.9976 -3241.7908 -3226.886 -2460.0952 1855.6458 3299.8992 3299.8992 3299.8992 3299.8992 3299.8992 3293.756 
3299.8992 3299.8992 3299.8992 3299.8992 3299.8992 3299.8992 3299.8992 3299.8992 3299.8992 3299.8992 3299.8992 3299.8992 3299.8992 2197.2473 -562.75635 -2876.5227 -2987.3015 -2973.4038 -2959.8083 -2946.3135 -2932.8186 -2919.5251 -2906.433 -2893.5425 -2880.6519 -2867.8618 -2855.1726 -2842.4834 -2829.895 -2817.5078 -2804.9194 -2792.633 -2780.4473 -2283.4534 -1795.0195 -1186.9446 -342.0044 618.5486 2216.6838 3299.8992 3299.8992 3299.8992 3299.8992 3299.8992 3299.8992 3299.8992 3299.8992 3299.8992 3299.8992 3299.8992 3299.8992 3299.8992 3299.8992 2096.0356 -529.92554 -2889.5142 -2984.683 -2970.584 -2956.8877 -2943.3928 -2930.0994 -2916.9067 -2903.8147 -2890.7227 -2877.832 -2865.042 -2852.3528 -2839.7644 -2827.2766 -2814.7888 -2802.4016 -2790.216 -2777.9297 -2253.1401 -1775.6836 -1056.8298 -142.099 829.834 2531.195 3299.8992 3299.8992 3299.8992 3299.8992 3299.8992 3299.8992 3299.8992 3299.8992 3299.8992 3299.8992 3299.8992 3299.8992 3299.8992 3299.8992 1872.2626 -805.66406 -2994.1497 -2983.4746 -2969.577 -2955.9814 -2942.4866 -2929.0923 -2915.8997 -2902.7068 -2889.8162 -2876.9255 -2864.2363 -2851.4465 -2838.858 -2826.2695 -2813.7817 -2801.294 -2789.209 -2776.8218 -2021.5118 -1530.3589 -831.94885 -126.690674 790.155 2464.5264 3299.8992 3299.8992 3299.8992 3299.8992 3299.8992 3299.8992 3299.8992 3299.8992 3299.8992 3299.8992 3299.8992 3299.8992 3299.8992 3299.8992 1419.1772 -1262.4756 -2993.9482 -2979.95 -2966.1528 -2952.4565 -2938.9617 -2925.5676 -2912.2742 -2899.4841 -2886.5935 -2873.703 -2860.913 -2848.2239 -2835.6353 -2823.1475 -2810.6597 -2798.1719 -2786.087 -2772.29 -1949.9084 -1448.584 -674.1394 204.73938 1249.6857 3062.4297 3299.8992 3299.8992 3299.8992 3299.8992 3299.8992 3299.8992 3299.8992 3299.8992 3299.8992 3299.8992 3299.8992 3299.8992 3299.8992 3299.8992 1101.2421 -1393.4967 -2995.459 -2981.4604 -2967.6636 -2953.9673 -2940.573 -2927.179 -2913.986 -2901.0955 -2888.0034 -2875.2136 -2862.5244 -2849.8352 -2837.2466 -2824.6582 -2812.271 -2799.884 -2787.4968 -2698.9746 -1822.815 -1325.9216 -691.15906 199.20044 1240.2191 3128.7964 3299.8992 

-53.57666 -34.643555 -19.23523 -41.592407 -84.191895 -133.2367 -168.38379 -128.50342 -87.81738 -31.118774 18.933105 47.43347 81.57349 74.020386 67.37366 77.44446 119.13757 134.44519 130.41687 112.490845 112.490845 112.490845 112.490845 112.490845 112.490845 112.490845 112.490845 112.490845 112.490845 112.490845 112.490845 112.490845 112.490845 112.490845 112.490845 112.490845 112.490845 112.490845 112.490845 112.490845 112.490845 112.490845 112.490845 112.490845 112.490845 112.490845 112.490845 112.490845 112.490845 112.490845 112.490845 112.490845 112.490845 112.490845 112.490845 112.490845 112.490845 112.490845 112.490845 112.490845 26.083374 -58.410645 -80.26428 -90.93933 -77.84729 -38.87329 -47.93701 -118.533325 -186.71265 -181.37512 -129.20837 -63.74817 -27.896118 43.00232 81.47278 72.61047 35.247803 -36.254883 -104.53491 -139.88342 -117.32483 -82.58057 -44.311523 -23.464966 -41.290283 -97.38464 -151.96838 -144.81812 -87.91809 -25.378418 -4.6325684 12.588501 19.73877 -42.297363 -91.94641 -105.03845 -30.715942 55.59082 130.8197 149.45068 146.12732 159.01794 182.68433 190.94238 157.2052 164.95972 124.072266 32.025146 -52.871704 -77.24304 -103.52783 -149.95422 -222.6654 -171.90857 -111.987305 -74.32251 -34.240723 -21.551514 -34.643555 7.1502686 -4.0283203 -28.903198 13.394165 83.38623 106.64978 80.56641 45.01648 3.2226562 -33.535767 -14.703369 28.701782 38.36975 29.507446 -7.0495605 -22.961426 -10.775757 2.3162842 28.80249 75.531006 87.11243 87.11243 87.11243 87.11243 87.11243 87.11243 87.11243 87.11243 87.11243 87.11243 87.11243 87.11243 87.11243 87.11243 87.11243 87.11243 87.11243 87.11243 87.11243 87.11243 87.11243 -31.521606 -39.175415 -52.267456 -86.206055 -105.441284 -102.62146 -54.58374 -13.796997 4.5318604 -1.1077881 0.30212402 2.7191162 -27.896118 -103.427124 -143.71033 -96.98181 -8.963013 99.298096 180.46875 178.45459 136.56006 112.28943 60.62622 7.8552246 -27.79541 -11.077881 -5.7403564 -9.970093 -56.09436 -128.70483 -178.85742 -195.97778 -217.73071 -173.72131 -173.5199 -158.5144 -117.82837 -123.065186 -81.674194 41.793823 106.75049 99.19739 83.88977 69.58923 62.036133 35.147095 42.39807 30.514526 -61.935425 -171.20361 -189.23035 -96.276855 2.1148682 41.89453 42.90161 53.375244 70.19348 82.37915 101.11084 87.11243 
10.272217 -66.36658 -98.19031 -81.87561 -11.480713 46.627808 50.354004 -15.408325 -75.22888 -117.022705 -152.37122 -152.06909 -119.74182 -73.71826 -43.203735 -30.212402 -27.392578 -35.34851 -84.39331 -96.98181 -56.799316 -38.87329 -21.24939 7.3516846 62.64038 90.234375 122.25952 128.80554 85.09827 41.592407 55.792236 45.117188 89.42871 81.37207 74.12109 80.163574 59.518433 50.55542 39.779663 29.205322 24.874878 32.730103 6.9488525 -2.2155762 12.588501 18.832397 3.8269043 -54.986572 -53.07312 -36.95984 -53.274536 -124.17297 -166.16821 -144.91882 -117.12341 -86.00464 -49.246216 -39.074707 -66.16516 -25.881958 33.43506 17.825317 2.4169922 3.7261963 11.380005 -8.056641 20.947266 63.74817 95.06836 105.6427 116.922 129.91333 160.02502 108.86536 56.396484 23.76709 -5.0354004 -2.9205322 8.258057 -3.3233643 -46.829224 -60.22339 -73.31543 -64.85596 -19.436646 18.026733 52.166748 51.5625 66.87012 45.318604 47.93701 49.145508 37.161255 62.942505 106.64978 141.69617 131.02112 40.686035 -76.538086 -93.15491 -60.021973 -108.76465 -184.7992 -209.57336 -188.82751 -192.65442 -145.72449 -78.95508 -46.92993 -39.578247 -20.343018 23.76709 115.7135 115.81421 111.28235 72.40906 36.557007 46.42639 81.37207 46.325684 22.860718 13.394165 -35.44922 -70.89844 -47.232056 -6.3446045 -38.36975 -115.81421 -142.60254 -125.582886 -107.25403 -111.8866 -107.75757 -75.531006 -36.95984 -2.5177002 30.715942 57.504272 54.382324 91.8457 88.92517 68.28003 70.495605 102.21863 107.455444 43.40515 68.88428 89.227295 29.406738 -18.933105 5.6396484 25.27771 35.147095 2.5177002 23.364258 40.88745 44.714355 35.34851 38.47046 -6.6467285 -17.422485 5.6396484 24.572754 46.92993 74.82605 87.716675 42.095947 -40.88745 -71.09985 -71.40198 -77.84729 -98.0896 -105.6427 -71.20056 -58.914185 -32.32727 -22.558594 -31.924438 -67.474365 -21.047974 7.4523926 -8.056641 -6.9488525 12.588501 10.473633 -5.2368164 16.314697 25.378418 26.889038 39.074707 52.871704 59.71985 82.07703 44.51294 43.606567 30.010986 20.24231 54.0802 80.163574 35.046387 11.480713 19.335938 33.33435 41.793823 50.55542 71.09985 39.276123 -0.10070801 -17.72461 -58.309937 -102.62146 -139.37988 -138.67493 -95.67261 -50.857544 -21.853638 -10.876465 -30.212402 -71.90552 -34.643555 
2871.991 2889.6147 2907.6416 2924.762 2941.983 2959.3047 2976.425 2993.344 -2882.0618 -449.66125 2336.5264 2993.042 2978.9429 2962.8296 2947.824 2933.322 2916.2017 2837.7502 2895.2544 2883.1694 2870.6816 2857.6904 2844.7998 2831.4055 2818.3135 2804.718 2791.928 2779.1382 2766.449 2753.8604 2741.272 2728.7842 1028.5309 2736.3372 2758.7952 2779.6416 2799.5818 2818.9177 2837.6494 2856.079 2874.1057 2891.629 2909.6558 2926.6753 2943.997 2961.2183 2978.3386 2995.1567 -2734.4238 -363.95874 2580.7434 2993.5454 2979.3457 2964.8438 2949.5361 2934.5305 2917.9138 2908.0444 2895.5566 2883.3708 2870.7825 2857.791 2844.4976 2831.607 2818.4143 2804.6172 2791.626 2778.836 2766.1467 2753.5583 2741.0706 2728.3813 -448.9563 2739.5598 2761.7156 2782.4614 2802.301 2821.4355 2840.2678 2858.496 2876.5227 2894.6501 2911.8713 2929.6965 2947.0183 2963.8367 2980.6548 2997.4731 -2208.3252 172.10999 3002.8105 2989.215 2975.0151 2960.2112 2944.8027 2929.495 2912.7776 2904.016 2891.5283 2879.4434 2866.7542 2854.065 2841.0735 2827.5786 2814.4866 2800.9917 2788.101 2775.4119 2762.8235 2750.2349 2737.6465 2725.0579 -1832.5836 2739.3584 2761.4136 2782.1594 2801.9988 2821.2341 2839.865 2858.2947 2876.3213 2893.744 2911.7705 2928.7903 2946.112 2963.333 2980.4534 2997.2717 -2235.1135 203.7323 3002.6091 2988.9128 2974.5117 2957.3914 2942.5872 2927.481 2663.626 2904.721 2892.5354 2880.4504 2867.9626 2854.8706 2841.4763 2828.787 2815.695 2801.9988 2788.9067 2776.117 2763.4277 2750.839 2738.3513 2725.763 2722.943 2743.4875 2765.341 2785.785 2805.6243 2824.7588 2843.1885 2861.618 2879.544 2897.7722 2914.7917 2932.6172 2949.8381 2966.757 2983.5754 3000.293 -1617.3706 942.62695 2998.4802 2984.5825 2970.282 2953.665 2938.861 2923.654 2714.8865 2900.1892 2888.0034 2875.717 2863.2292 2850.54 2837.0452 2824.2554 2811.1633 2797.467 2784.5764 2771.6858 2759.198 2746.6094 2734.1216 2721.4324 2718.512 2742.4805 2764.2334 2784.7778 2804.6172 2823.6511 2842.3828 2860.6108 2878.6377 2896.7651 2914.389 2931.4087 2948.6296 2965.8508 2982.9712 2999.7893 -1456.6406 1117.6575 2995.9624 2982.1655 2967.7642 2950.5432 2936.444 2921.8413 2788.6047 2897.5708 2885.1836 2872.8972 
-2369.9614 -2301.178 3299.8992 3299.8992 3299.8992 3299.8992 3299.8992 3299.8992 3299.8992 3299.8992 3299.8992 3299.8992 3299.8992 1732.2784 -2565.2344 -2553.1494 -2541.3665 -2529.5837 -2518.103 -2506.6223 -2495.1416 -2484.1643 -2472.7844 -1374.3622 2828.2837 3299.8992 1678.6011 -330.52368 -2218.5974 -2479.7332 -2103.488 -1705.3894 -2452.542 -2441.464 -2430.5876 -2419.812 -2409.137 -2398.5625 -2388.0889 -2377.716 -2367.4438 -2056.4575 3299.8992 3299.8992 3299.8992 3299.8992 3299.8992 3299.8992 3299.8992 3299.8992 3299.8992 3299.8992 3299.8992 1048.8739 -2561.609 -2549.423 -2537.741 -2526.0588 -2514.4775 -2502.9968 -2491.6167 -2480.6396 -2469.159 -1079.5898 3299.8992 3299.8992 1807.608 -115.61279 -1932.9895 -2064.1113 -1996.3348 -1822.4121 -2457.074 -2445.7947 -2434.8174 -2424.1423 -2413.3667 -2402.6917 -2392.218 -2381.845 -2371.4722 -1658.4595 3299.8992 3299.8992 3299.8992 3299.8992 3299.8992 3299.8992 3299.8992 3299.8992 3299.8992 3299.8992 3299.8992 482.9956 -2565.335 -2553.25 -2541.4673 -2529.7852 -2518.2036 -2506.723 -2495.4436 -2484.3657 -2472.7844 -808.9874 3299.8992 3299.8992 1277.179 -688.33923 -2493.8323 -2482.1501 -2185.4644 -2143.0664 -2451.0315 -2439.9536 -2429.0771 -2418.402 -2407.727 -2397.2534 -2386.679 -2376.3062 -2366.034 -1196.4111 3299.8992 3299.8992 3299.8992 3299.8992 3299.8992 3299.8992 3299.8992 3299.8992 3299.8992 3299.8992 3299.8992 -257.7118 -2559.091 -2547.107 -2535.2234 -2523.5413 -2511.9597 -2500.5798 -2489.1997 -2478.1218 -2466.742 -293.76526 3299.8992 3299.8992 1582.4249 -262.04224 -2485.5742 -2480.0354 -2170.0562 -2423.941 -2453.247 -2442.1692 -2431.2927 -2420.4163 -2409.8418 -2399.2676 -2388.693 -2378.3203 -2367.9473 -819.15894 3299.8992 3299.8992 3299.8992 3299.8992 3299.8992 3299.8992 3299.8992 3299.8992 3299.8992 3299.8992 3299.8992 -833.25806 -2559.7961 -2547.8118 -2535.9282 -2524.4475 -2512.8662 -2501.3855 -2490.0054 -2478.9275 -2467.6482 -254.89197 3299.8992 3299.8992 1286.6455 -387.02087 -2308.1267 -2369.3572 -1805.5939 -2044.9768 -2456.1675 -2445.0896 -2434.1125 -2423.4375 -2412.6616 -2401.9866 -2391.4124 -2381.1401 -2370.767 23.666382 3299.8992 3299.8992 3299.8992 3299.8992 3299.8992 3299.8992 3299.8992 3299.8992 3299.8992 3299.8992 3299.8992 -1286.2427 -2562.8174 -2550.833 -2538.9495 -2527.3682 -2515.8875 -2504.4067 
3299.8992 3299.8992 3299.8992 3299.8992 3299.8992 3299.8992 3142.694 797.5067 -692.6697 -1194.4977 -1580.9143 -1778.302 -1317.9657 -277.9541 252.07214 451.474 670.71533 720.7672 -551.9806 -3281.8726 -3266.565 -3251.7607 -3236.856 -3222.354 -3208.255 -3194.2566 -3179.956 -3166.159 -3152.8655 -3139.3706 -3125.9766 -3112.7837 -2191.0034 3299.8992 3299.8992 3299.8992 3299.8992 3299.8992 3299.8992 3299.8992 3299.8992 3299.8992 3299.8992 3299.8992 3299.8992 3299.8992 2975.9216 601.52893 -869.9158 -1232.2632 -1593.7042 -1623.4131 -999.22485 -67.27295 413.20496 607.6721 730.7373 614.7217 -749.8718 -3279.0527 -3263.8457 -3248.941 -3234.2375 -3220.0378 -3205.6365 -3191.4368 -3177.3376 -3163.5405 -3150.247 -3136.7522 -3123.2573 -3110.1653 -1643.3533 3299.8992 3299.8992 3299.8992 3299.8992 3299.8992 3299.8992 3299.8992 3299.8992 3299.8992 3299.8992 3299.8992 3299.8992 3299.8992 2827.478 482.8949 -793.7805 -1085.733 -1460.669 -1614.3494 -1045.2484 -72.006226 264.66064 437.87842 685.1166 595.48645 -938.0951 -3277.1392 -3262.033 -3247.229 -3232.4248 -3217.9229 -3204.0251 -3189.926 -3175.7263 -3161.9292 -3148.6357 -3135.1409 -3121.8474 -3108.6548 -1214.74 3299.8992 3299.8992 3299.8992 3299.8992 3299.8992 3299.8992 3299.8992 3299.8992 3299.8992 3299.8992 3299.8992 3299.8992 3299.8992 2626.062 321.45996 -925.4059 -1201.7487 -1561.2762 -1563.4918 -686.3251 224.47815 577.1576 773.5382 972.3358 793.8812 -954.00696 -3282.6782 -3267.4712 -3252.5664 -3238.0645 -3223.5625 -3209.3628 -3195.1628 -3180.9631 -3167.166 -3153.9734 -3140.3777 -3126.8828 -3113.6902 -455.4016 3299.8992 3299.8992 3299.8992 3299.8992 3299.8992 3299.8992 3299.8992 3299.8992 3299.8992 3299.8992 3299.8992 3299.8992 3299.8992 2254.248 -66.87012 -1208.8989 -1377.6855 -1713.0432 -1682.6294 -638.4888 368.99414 672.8302 804.05273 933.96606 657.4219 -1249.6857 -3283.9873 -3268.6797 -3253.8757 -3239.0715 -3224.6704 -3210.0676 -3195.9685 -3182.4736 -3168.3745 -3154.4768 -3140.8813 -3127.588 -3114.2944 -147.94006 3299.8992 3299.8992 3299.8992 3299.8992 3299.8992 3299.8992 3299.8992 3299.8992 3299.8992 3299.8992 3299.8992 3299.8992 3299.8992 1872.7661 -376.44653 -1420.6879 -1621.8018 -1959.0729 -1933.1909 -918.9606 -25.177002 497.79968 746.1456 863.47046 371.20972 -1755.4413 -3270.8953 
3299.8992 3299.8992 3299.8992 3299.8992 3299.8992 3299.8992 3299.8992 3299.8992 3299.8992 3299.8992 3299.8992 3299.8992 3299.8992 -482.49207 -3118.5242 -3103.3171 -3088.3118 -3073.407 -3058.905 -3044.403 -3030.1025 -3016.0034 -3002.2063 -2988.1072 -2974.3103 -2960.7146 -2947.3206 -2934.027 -2920.8342 -2907.6416 -2894.751 -2881.961 -2868.869 -1678.7018 -886.9354 515.3229 2406.2163 3299.8992 3299.8992 3299.8992 3299.8992 3299.8992 3299.8992 3299.8992 3299.8992 3299.8992 3299.8992 3299.8992 3299.8992 3299.8992 3299.8992 3299.8992 3299.8992 -1152.301 -3118.7256 -3103.418 -3088.5132 -3073.709 -3059.1064 -3044.705 -3030.4045 -3016.2048 -3002.5085 -2988.4094 -2974.5117 -2960.916 -2947.4211 -2934.1277 -2920.935 -2907.843 -2894.9524 -2882.0618 -2869.0703 -1819.1895 -943.3319 586.4227 2493.228 3299.8992 3299.8992 3299.8992 3299.8992 3299.8992 3299.8992 3299.8992 3299.8992 3299.8992 3299.8992 3299.8992 3299.8992 3299.8992 3299.8992 3299.8992 3299.8992 -1842.2516 -3115.9058 -3100.6987 -3085.794 -3070.99 -3056.488 -3042.0867 -3027.7861 -3013.5864 -3000.0916 -2985.8916 -2972.0947 -2958.5999 -2945.105 -2931.8115 -2918.7195 -2905.6274 -2892.636 -2879.8462 -2748.12 -1792.6025 -835.47363 588.6383 2488.5955 3299.8992 3299.8992 3299.8992 3299.8992 3299.8992 3299.8992 3299.8992 3299.8992 3299.8992 3299.8992 3299.8992 3299.8992 3299.8992 3299.8992 3299.8992 3299.8992 -2764.4348 -3111.0718 -3095.8647 -3080.96 -3066.2566 -3051.654 -3037.3535 -3023.1536 -3009.0544 -2994.8547 -2981.0576 -2967.6636 -2954.0679 -2940.6738 -2927.3804 -2914.2883 -2901.2969 -2888.4062 -2875.6165 -2754.5654 -1964.209 -862.8662 624.49036 2620.9258 3299.8992 3299.8992 3299.8992 3299.8992 3299.8992 3299.8992 3299.8992 3299.8992 3299.8992 3299.8992 3299.8992 3299.8992 3299.8992 3299.8992 3299.8992 3008.551 -3119.5312 -3103.9214 -3088.916 -3073.9104 -3059.3079 -3044.705 -3030.4045 -3016.2048 -3002.2063 -2988.1072 -2974.5117 -2960.916 -2947.4211 -2934.1277 -2920.935 -2907.843 -2894.8516 -2882.0618 -2869.3726 -2519.11 -1749.2981 -462.9547 1128.6346 3015.6006 3299.8992 3299.8992 3299.8992 3299.8992 3299.8992 3299.8992 3299.8992 3299.8992 3299.8992 3299.8992 3299.8992 3299.8992 3299.8992 3299.8992 3299.8992 2676.9194 -3118.1213 -3102.6123 -3087.6067 -3072.6013 -3057.9985 -3043.4966 -3029.196 
3278.3477 3262.9395 3247.1282 3231.4177 3215.7073 3199.8962 1638.7207 -1165.2924 -1825.3326 -1951.6205 -2033.3954 -1724.7253 -939.3036 255.19409 909.3933 1267.1082 1511.6272 1656.7474 1027.7252 -639.8987 -2007.6141 3222.354 3239.0715 3254.9834 3270.7947 3286.7065 3299.8992 -3282.2754 -3266.9678 -3251.6602 -3236.4531 -3221.5483 -1956.3538 2496.4507 3299.8992 3299.8992 3299.8992 3299.8992 3299.8992 3294.461 3279.0527 3263.5437 3247.9338 3232.1228 3216.513 3197.2778 1276.6754 -1378.5919 -1901.77 -1857.8613 -1747.2839 -1458.3527 -678.9734 376.34583 944.5404 1251.3977 1525.1221 1628.4485 923.89526 -807.6782 -2406.9214 3224.3682 3240.985 3256.9976 3272.8088 3288.5193 3299.8992 -3280.3618 -3265.0542 -3249.8474 -3234.6404 -3219.7356 -1706.0944 2805.02 3299.8992 3299.8992 3299.8992 3299.8992 3299.8992 3294.461 3279.0527 3263.4429 3247.7324 3232.1228 3216.3115 3196.7742 1265.6982 -1226.4221 -1738.4216 -1743.9606 -1817.5781 -1547.1771 -546.7438 427.5055 918.55774 1246.5637 1550.1984 1691.7938 955.31616 -756.41785 -2513.0676 3221.347 3237.9639 3254.0771 3269.8882 3285.5986 3299.8992 -3283.1816 -3267.874 -3252.6672 -3237.4602 -3222.4548 -1515.2527 2914.9932 3299.8992 3299.8992 3299.8992 3299.8992 3299.8992 3290.5334 3275.125 3259.616 3244.0063 3228.195 3212.5854 3186.502 936.08093 -1520.7916 -1921.2067 -1846.9849 -1924.0265 -1725.531 -719.86084 314.61182 844.0338 1189.3616 1494.7083 1611.2274 809.18884 -937.59155 -2955.8806 3229.0007 3244.9126 3261.5295 3277.3406 3293.051 -3291.339 -3276.0315 -3260.623 -3245.5168 -3230.31 -3215.4053 -920.16907 3299.8992 3299.8992 3299.8992 3299.8992 3299.8992 3299.8992 3292.9504 3277.542 3262.033 3246.3225 3230.612 3214.9016 3098.6846 585.51636 -1658.8623 -1930.9753 -1831.6772 -1855.2429 -1585.6476 -346.0327 620.9656 1107.1838 1375.0671 1674.2706 1613.7451 651.2787 -1007.98645 3273.5137 3228.7993 3244.812 3261.2273 3277.24 3292.9504 -3291.5405 -3276.132 -3260.7239 -3245.5168 -3230.5115 -3215.6067 -683.1024 3299.8992 3299.8992 3299.8992 3299.8992 3299.8992 3299.8992 3291.5405 3276.0315 3260.5225 3244.3083 3228.7993 3213.391 2991.632 334.95483 -1688.4705 -1836.5112 -1742.1478 -1725.4303 -1439.3188 -199.30115 767.0929 1230.249 1478.6957 1751.9165 1693.9087 579.07104 -986.2335 
3299.8992 3299.8992 3299.8992 3299.8992 3299.8992 3299.8992 3299.8992 3299.8992 3299.8992 3299.8992 3299.8992 3299.8992 3299.8992 712.40845 -1774.0723 -2994.351 -2980.1514 -2966.2537 -2952.658 -2939.3645 -2925.8696 -2912.7776 -2899.7864 -2886.8958 -2874.0051 -2861.316 -2848.6267 -2836.038 -2823.5503 -2811.1633 -2798.6755 -2786.4897 -2559.9976 -1670.2423 -1215.6464 -575.647 276.6449 1384.8358 3299.8992 3299.8992 3299.8992 3299.8992 3299.8992 3299.8992 3299.8992 3299.8992 3299.8992 3299.8992 3299.8992 3299.8992 3299.8992 3299.8992 3299.8992 611.90186 -1893.3105 -2995.2576 -2981.259 -2967.4622 -2953.7659 -2940.4724 -2926.9775 -2913.7847 -2900.6926 -2887.802 -2875.1128 -2862.2222 -2849.6338 -2837.0452 -2824.6582 -2811.969 -2799.6826 -2787.3962 -2524.0447 -1636.5051 -1095.0989 -398.09875 379.36707 1584.8419 3299.8992 3299.8992 3299.8992 3299.8992 3299.8992 3299.8992 3299.8992 3299.8992 3299.8992 3299.8992 3299.8992 3299.8992 3299.8992 3299.8992 3299.8992 554.2969 -2003.9886 -2998.4802 -2984.4817 -2970.6848 -2956.9885 -2943.4937 -2930.2002 -2917.0073 -2903.9153 -2891.0247 -2878.134 -2865.4448 -2852.655 -2839.9658 -2827.478 -2815.1917 -2802.7039 -2790.4175 -2515.5852 -1818.0817 -1354.2206 -668.39905 125.68359 1375.47 3299.8992 3299.8992 3299.8992 3299.8992 3299.8992 3299.8992 3299.8992 3299.8992 3299.8992 3299.8992 3299.8992 3299.8992 3299.8992 3299.8992 3050.2441 170.80078 -2240.5518 -2992.5383 -2978.54 -2964.9443 -2951.248 -2937.854 -2924.5605 -2911.4685 -2898.2756 -2885.385 -2872.5952 -2859.906 -2847.2168 -2834.6282 -2822.1404 -2809.7534 -2797.3662 -2785.2812 -2520.52 -1856.1493 -1193.8934 -505.7556 263.04932 1639.2242 3299.8992 3299.8992 3299.8992 3299.8992 3299.8992 3299.8992 3299.8992 3299.8992 3299.8992 3299.8992 3299.8992 3299.8992 3299.8992 3299.8992 2730.3955 -214.20593 -2667.3523 -2986.9995 -2973.1018 -2959.4055 -2945.8098 -2932.4158 -2919.223 -2906.1309 -2893.0388 -2880.1482 -2867.2576 -2854.6692 -2842.0806 -2829.4922 -2817.105 -2804.6172 -2792.2302 -2780.1453 -2684.4727 -2191.2048 -1432.7728 -600.72327 276.14136 1722.5098 3299.8992 3299.8992 3299.8992 3299.8992 3299.8992 3299.8992 3299.8992 3299.8992 3299.8992 3299.8992 3299.8992 3299.8992 3299.8992 3299.8992 2698.2695 -111.483765 -2446.399 -2980.5542 -2966.6565 -2952.9602 -2939.3645 -2926.071 

90.5365 97.58606 70.29419 13.494873 -64.35242 -105.441284 -145.8252 -167.67883 -120.14465 -60.72693 -22.961426 -36.657715 -10.272217 83.58765 117.22412 104.837036 87.213135 45.117188 -8.358765 -29.507446 -71.90552 -63.546753 -56.799316 -51.864624 -32.125854 -12.185669 85.198975 152.77405 146.22803 110.77881 118.13049 147.1344 149.34998 121.25244 93.65845 52.770996 -34.34143 -46.829224 23.565674 1.3092041 -26.586914 -1.3092041 40.38391 74.82605 107.35474 130.31616 139.5813 124.77722 114.20288 79.76074 82.88269 104.13208 72.509766 47.53418 16.71753 9.567261 -19.940186 -72.61047 -145.42236 -132.33032 -161.73706 -226.89514 -323.77625 -387.02087 -404.9469 -368.4906 -265.66772 -159.32007 -98.49243 -42.90161 21.551514 90.5365 147.63794 150.8606 153.479 168.78662 161.13281 180.67017 232.43408 190.53955 115.7135 4.7332764 -93.15491 -63.446045 18.328857 72.509766 75.93384 44.91577 46.42639 27.79541 -7.7545166 -106.951904 -226.59302 -269.69604 -253.28064 -201.2146 -114.70642 -53.274536 -26.889038 0 21.350098 72.30835 71.90552 23.565674 -42.700195 -104.837036 -76.43738 -33.737183 7.0495605 13.293457 -10.977173 29.30603 95.16907 118.33191 111.483765 97.58606 61.331177 34.744263 29.708862 2.6184082 13.092041 23.26355 -11.380005 -38.168335 -18.832397 18.73169 48.641968 62.438965 62.64038 43.00232 34.94568 -25.177002 -96.276855 -121.45386 -106.448364 -88.723755 -129.71191 -163.24768 -175.03052 -148.14148 -123.97156 -58.410645 -2.5177002 20.141602 40.182495 19.134521 60.62622 73.013306 30.615234 33.83789 45.721436 80.4657 91.14075 93.15491 94.56482 99.19739 101.11084 143.4082 172.81494 147.94006 130.21545 111.08093 91.54358 104.434204 132.0282 135.65369 112.59155 46.42639 19.638062 27.493286 42.800903 -3.5247803 -39.175415 -42.39807 -78.75366 -163.34839 -236.26099 -251.66931 -192.75513 -33.535767 139.27917 292.8589 359.6283 350.26245 325.28687 244.51904 213.50098 142.099 37.765503 -106.24695 -280.3711 -434.9579 -545.23315 -543.82324 -417.73682 -286.41357 -149.7528 23.062134 129.91333 101.11084 
-9.063721 -24.77417 -53.475952 -78.75366 -112.18872 -144.21387 -87.81738 -9.667969 39.47754 44.41223 31.723022 61.6333 110.87952 115.31067 109.77173 110.57739 78.35083 50.857544 34.039307 -15.509033 -28.500366 -23.76709 5.7403564 47.53418 66.6687 69.68994 50.454712 20.645142 8.761597 -64.75525 -139.88342 -212.09106 -247.54028 -235.05249 -176.74255 -100.808716 -66.06445 -85.60181 -95.773315 17.623901 96.276855 84.59473 60.22339 25.076294 -13.796997 -4.8339844 60.72693 118.2312 137.1643 144.91882 131.92749 135.45227 155.9967 136.66077 125.48218 106.75049 101.71509 93.55774 82.37915 26.184082 -16.012573 -51.864624 -67.27295 -55.892944 -31.521606 -14.804077 -57.20215 -89.83154 -95.773315 -108.462524 -90.43579 -61.431885 -40.081787 -19.940186 -8.258057 -10.775757 -17.120361 -48.54126 -94.96765 -57.20215 -64.956665 -74.92676 -46.829224 -21.652222 -26.78833 0.60424805 47.43347 87.716675 86.40747 80.56641 74.62463 91.34216 76.638794 25.076294 15.005493 27.996826 39.276123 66.970825 101.412964 54.58374 34.542847 3.1219482 11.077881 31.219482 18.530273 23.666382 -55.792236 -94.16199 -96.67969 -104.73633 -101.312256 -99.90234 -140.8905 -160.12573 -145.72449 -88.723755 -25.579834 -5.1361084 -13.293457 24.77417 16.516113 19.537354 45.822144 68.07861 60.525513 67.37366 67.07153 73.11401 53.67737 43.304443 46.124268 83.28552 61.532593 37.86621 37.86621 17.422485 -28.399658 -37.36267 4.3304443 -12.789917 -36.657715 -82.681274 -65.66162 -1.7120361 36.85913 63.74817 20.343018 -21.75293 -38.974 -63.949585 -65.3595 -60.928345 -12.185669 19.23523 18.026733 -7.1502686 16.415405 3.9276123 -25.680542 -6.1431885 -7.7545166 -22.457886 -30.31311 -8.358765 -20.846558 -31.219482 -23.565674 14.199829 10.372925 4.1290283 17.120361 97.58606 133.3374 119.4397 96.276855 84.695435 92.95349 86.709595 63.043213 6.7474365 -29.910278 -86.8103 -96.780396 -60.22339 -36.85913 -13.293457 -82.37915 -165.16113 -180.46875 -151.16272 -109.06677 -78.75366 -21.551514 15.206909 20.846558 14.401245 9.365845 -20.645142 -14.401245 67.57507 
2860.4094 2847.2168 2834.3262 2820.8313 2807.8398 2794.2444 2781.5552 2768.9666 2756.2773 2743.7896 2731.3018 2718.6125 2719.1162 2742.8833 2764.7368 2785.2812 2805.02 2824.054 2842.6848 2861.0137 2878.9397 2896.3623 2914.2883 2931.3079 2948.6296 2965.8508 2982.8704 2999.8901 -1408.3008 1164.386 2995.2576 2981.4604 2966.9585 2951.3489 2935.8398 2920.6328 2687.494 2897.0671 2884.9822 2872.4944 2860.0066 2846.814 2833.5205 2820.8313 2807.6384 2793.8416 2781.0515 2768.2617 2755.774 2743.1853 2730.7983 2717.807 2721.6338 2745.1995 2766.751 2787.1948 2806.8328 2825.8667 2844.4976 2862.7258 2880.7524 2898.6785 2915.8997 2933.6243 2950.8452 2967.6636 2984.4817 3043.698 -1288.559 1375.0671 2994.9553 2981.1584 2966.6565 2952.0537 2935.5376 2920.0286 2636.737 2896.8657 2884.7808 2872.293 2859.7046 2847.0154 2833.9233 2820.529 2807.3364 2793.8416 2781.253 2768.4631 2755.8745 2743.3867 2730.9998 2717.807 2725.2593 2748.422 2769.9736 2790.3167 2809.7534 2828.787 2847.3174 2865.5457 2883.4717 2900.9949 2918.82 2935.739 2952.8594 2970.0806 2987.201 3127.9907 -1155.3223 1697.6349 2995.0562 2981.259 2966.6565 2952.4565 2937.7532 2920.8342 2859.8052 2896.7651 2884.4788 2871.8901 2859.201 2846.0083 2833.1177 2819.6228 2806.5308 2793.036 2780.3467 2767.5566 2755.1697 2742.581 2730.0933 2716.4978 2727.6763 2750.7385 2772.0886 2792.3308 2811.7676 2830.7007 2849.231 2867.459 2885.385 2902.6062 2920.5322 2937.6526 2954.773 2971.8933 2988.9128 -3148.6357 -796.70105 1946.1823 2992.8406 2978.9429 2964.34 2950.1404 2935.0342 2918.7195 2861.9202 2894.6501 2882.4646 2869.876 2857.0862 2843.7927 2830.4993 2817.7092 2804.718 2790.8203 2778.0303 2765.341 2752.8533 2740.3655 2727.8777 2651.9438 2728.482 2751.3428 2772.6929 2792.8345 2812.271 2831.204 2849.7344 2867.8618 2885.6873 2903.7139 2921.338 2938.2568 2955.3772 2972.5981 2989.7185 -3146.4202 -823.6908 1895.0226 2993.7468 2979.7485 2963.8367 2948.4282 2933.6243 2909.9578 2649.9297 2895.9595 2884.076 2871.5881 
-2493.0266 -2482.0496 -2470.468 207.05566 3299.8992 3299.8992 1012.3169 -469.80286 -2106.7107 -2177.9114 -1629.0527 -2173.0774 -2463.8213 -2452.542 -2441.6655 -2430.789 -2419.9126 -2409.439 -2398.8647 -2388.2903 -2377.9175 535.16235 3299.8992 3299.8992 3299.8992 3299.8992 3299.8992 3299.8992 3299.8992 3299.8992 3299.8992 3299.8992 3299.8992 -1566.9159 -2569.766 -2557.782 -2545.999 -2534.317 -2522.7356 -2511.3555 -2499.9756 -2488.4949 -2415.985 628.9215 3299.8992 3223.462 89.42871 -1238.8092 -2500.479 -2413.1653 -1625.3265 -2285.7695 -2460.901 -2449.7222 -2438.745 -2427.9692 -2417.2942 -2406.6191 -2396.2463 -2385.6719 -2375.3997 1349.6887 3299.8992 3299.8992 3299.8992 3299.8992 3299.8992 3299.8992 3299.8992 3299.8992 3299.8992 3299.8992 3299.8992 -2043.0634 -2567.752 -2555.7678 -2543.9849 -2532.4036 -2520.822 -2509.3413 -2497.9614 -2486.4807 -2320.514 823.7915 3299.8992 2584.8723 -535.8673 -1729.0558 -2491.919 -2405.2092 -1657.8552 -2463.1165 -2452.0386 -2441.0613 -2430.1848 -2419.5098 -2408.8347 -2398.361 -2387.7869 -2377.4138 -2367.1416 2149.8137 3299.8992 3299.8992 3299.8992 3299.8992 3299.8992 3299.8992 3299.8992 3299.8992 3299.8992 3299.8992 3055.783 -2571.3774 -2559.091 -2547.2075 -2535.4248 -2523.7427 -2512.3625 -2500.9827 -2489.502 -2478.1218 -2125.6438 1285.2356 3299.8992 2252.234 -571.2158 -1640.2313 -2484.7686 -2243.7744 -1692.4988 -2455.8655 -2444.6868 -2433.8103 -2422.9338 -2412.2588 -2401.6846 -2391.211 -2380.7373 -2370.3643 -2360.1929 2850.238 3299.8992 3299.8992 3299.8992 3299.8992 3299.8992 3299.8992 3299.8992 3299.8992 3299.8992 3299.8992 2824.7588 -2566.1406 -2553.8542 -2541.9707 -2530.188 -2518.6064 -2507.1257 -2495.645 -2484.3657 -2472.885 -1969.043 1714.9567 3299.8992 2074.887 -522.37244 -1818.2831 -2479.7332 -2182.846 -1855.1422 -2450.0244 -2439.047 -2428.07 -2417.395 -2406.72 -2396.045 -2385.6719 -2375.299 -2364.926 -2354.8552 3299.8992 3299.8992 3299.8992 3299.8992 3299.8992 3299.8992 3299.8992 3299.8992 3299.8992 3299.8992 3299.8992 2255.5571 -2560.7024 -2548.6174 -2536.734 -2524.9512 -2513.3696 -2501.9897 -2490.6096 
-3255.89 -3241.0857 -3226.7852 -3212.384 -3198.4863 -3184.4878 -3170.3887 -3156.5918 -3143.4998 -3130.005 -3116.812 -3103.5186 553.6926 3299.8992 3299.8992 3299.8992 3299.8992 3299.8992 3299.8992 3299.8992 3299.8992 3299.8992 3299.8992 3299.8992 3299.8992 3299.8992 1944.2688 -117.32483 -1206.9855 -1389.5691 -1659.8694 -1595.6177 -590.7532 95.97473 432.03735 690.4541 785.22034 289.03198 -2042.3584 -3269.0825 -3254.0771 -3239.3738 -3224.5696 -3210.1685 -3196.3713 -3182.373 -3168.173 -3154.4768 -3141.3848 -3127.9907 -3114.6973 -3101.5044 1158.847 3299.8992 3299.8992 3299.8992 3299.8992 3299.8992 3299.8992 3299.8992 3299.8992 3299.8992 3299.8992 3299.8992 3299.8992 3299.8992 1691.2903 -214.91089 -1111.8164 -1273.9563 -1612.1338 -1570.9442 -602.0325 46.728516 476.95312 740.30457 929.0314 221.96045 -2332.0952 -3268.1763 -3253.1707 -3238.3667 -3224.0662 -3209.8662 -3195.465 -3181.366 -3167.9717 -3154.074 -3140.4785 -3126.8828 -3113.6902 -3100.5981 1504.2755 3299.8992 3299.8992 3299.8992 3299.8992 3299.8992 3299.8992 3299.8992 3299.8992 3299.8992 3299.8992 3299.8992 3299.8992 3299.8992 1298.9319 -406.3568 -1137.1948 -1324.1089 -1656.9489 -1483.2275 -506.05774 87.01172 393.06335 641.0065 772.0276 2.0141602 -2601.2878 -3263.5437 -3248.639 -3233.9355 -3219.1313 -3204.8308 -3191.1345 -3177.2368 -3163.037 -3149.4414 -3136.2488 -3122.8545 -3109.6619 -3079.248 2306.8176 3299.8992 3299.8992 3299.8992 3299.8992 3299.8992 3299.8992 3299.8992 3299.8992 3299.8992 3299.8992 3299.8992 3299.8992 3299.8992 1095.3003 -537.68005 -1197.5189 -1359.6588 -1482.019 -1275.1648 -185.70557 469.80286 681.8939 738.4918 873.23914 105.6427 -2543.582 -3267.6726 -3252.5664 -3237.7625 -3223.462 -3209.262 -3194.9614 -3180.8623 -3167.4683 -3153.5706 -3139.7734 -3126.3794 -3113.086 -2958.499 2632.4065 3299.8992 3299.8992 3299.8992 3299.8992 3299.8992 3299.8992 3299.8992 3299.8992 3299.8992 3299.8992 3299.8992 3299.8992 3278.3477 1003.2532 -543.82324 -1178.6865 -1470.2362 -1750.8087 -1331.8634 -240.99426 316.52527 514.1144 757.52563 911.5082 -86.709595 -3116.0063 -3266.464 
-3015.097 -3000.9978 -2987.3015 -2973.5046 -2959.7075 -2946.2126 -2932.9192 -2919.6257 -2906.5337 -2893.643 -2880.8533 -2868.164 -2224.7405 -1293.0908 -91.94641 1410.1135 3252.8687 3299.8992 3299.8992 3299.8992 3299.8992 3299.8992 3299.8992 3299.8992 3299.8992 3299.8992 3299.8992 3299.8992 3299.8992 3299.8992 3299.8992 3299.8992 2292.4163 -3121.646 -3106.137 -3091.0308 -3076.126 -3061.4226 -3046.9207 -3032.62 -3018.521 -3004.3213 -2990.927 -2976.9287 -2963.2324 -2949.6367 -2936.2427 -2923.0498 -2909.9578 -2896.8657 -2884.076 -2871.3867 -2005.8014 -1220.2789 117.022705 1719.69 3299.8992 3299.8992 3299.8992 3299.8992 3299.8992 3299.8992 3299.8992 3299.8992 3299.8992 3299.8992 3299.8992 3299.8992 3299.8992 3299.8992 3299.8992 3299.8992 2050.0122 -3127.2856 -3111.7766 -3096.6704 -3081.7656 -3067.0623 -3052.5603 -3038.1592 -3023.9592 -3009.86 -2995.8618 -2982.1655 -2968.5698 -2955.1758 -2941.58 -2928.3875 -2915.2954 -2902.304 -2889.3127 -2876.5227 -2298.2573 -1623.111 -144.01245 1585.3455 3299.8992 3299.8992 3299.8992 3299.8992 3299.8992 3299.8992 3299.8992 3299.8992 3299.8992 3299.8992 3299.8992 3299.8992 3299.8992 3299.8992 3299.8992 3299.8992 1353.4149 -3123.5596 -3108.1511 -3093.1458 -3078.241 -3063.6382 -3049.1362 -3034.735 -3020.5352 -3006.6375 -2992.4377 -2978.7415 -2965.2466 -2951.7517 -2938.3574 -2925.1648 -2911.972 -2898.9807 -2886.09 -2873.401 -1957.5623 -1245.1538 182.88574 1864.6088 3299.8992 3299.8992 3299.8992 3299.8992 3299.8992 3299.8992 3299.8992 3299.8992 3299.8992 3299.8992 3299.8992 3299.8992 3299.8992 3299.8992 3299.8992 3299.8992 901.23596 -3124.5667 -3109.1582 -3094.052 -3079.1472 -3064.4438 -3050.0427 -3035.6414 -3021.4417 -3007.443 -2993.8477 -2979.7485 -2966.0522 -2952.5574 -2939.163 -2925.9705 -2912.7776 -2899.7864 -2886.9963 -2874.2065 -1993.1122 -1354.1199 166.87317 1869.2413 3299.8992 3299.8992 3299.8992 3299.8992 3299.8992 3299.8992 3299.8992 3299.8992 3299.8992 3299.8992 3299.8992 3299.8992 3299.8992 3299.8992 3299.8992 3299.8992 444.1223 -3122.1497 -3106.842 -3091.7358 -3076.9316 -3062.2283 -3047.8271 -3033.4258 
3207.852 3224.469 3240.3809 3256.7961 3272.708 3288.5193 3299.8992 -3280.4626 -3264.9536 -3249.8474 -3234.7412 -3219.7356 -305.24597 3299.8992 3299.8992 3299.8992 3299.8992 3299.8992 3299.8992 3285.0952 3269.6868 3254.1777 3237.9639 3222.5554 3207.0464 2806.3293 111.987305 -1890.0879 -2118.4937 -2007.1106 -1957.8644 -1643.8568 -487.12463 417.23328 956.42395 1335.791 1631.9733 1518.2739 318.0359 -1210.9131 3218.527 3235.144 3250.955 3267.2698 3283.1816 3298.6907 -3285.498 -3270.3918 -3254.8828 -3239.7766 -3224.9724 -3210.0676 177.2461 3299.8992 3299.8992 3299.8992 3299.8992 3299.8992 3299.8992 3291.339 3275.9307 3260.2202 3244.4092 3228.6987 3212.9883 2726.9714 54.885864 -1670.1416 -1854.3365 -1780.5176 -1744.6655 -1389.3677 -218.8385 592.2638 1052.7008 1348.4802 1617.9749 1398.9349 109.16748 -1237.3993 3219.5342 3236.1511 3251.9622 3268.2769 3284.3901 3299.8992 -3284.491 -3269.284 -3253.8757 -3238.87 -3223.8647 -3145.6145 642.9199 3299.8992 3299.8992 3299.8992 3299.8992 3299.8992 3299.8992 3289.5264 3273.9165 3258.307 3242.5964 3226.7852 3211.0747 2491.4153 -262.9486 -1921.106 -1873.5718 -1811.9385 -1777.9999 -1385.8429 -230.01709 533.85315 1010.1013 1403.064 1744.4641 1547.1771 148.3429 -1253.8147 3221.2463 3237.6616 3254.1777 3270.0896 3285.901 3299.8992 -3282.9802 -3267.572 -3252.365 -3237.2588 -3222.1526 -2951.5503 1085.2295 3299.8992 3299.8992 3299.8992 3299.8992 3299.8992 3299.8992 3288.0156 3272.5066 3256.6956 3241.1865 3225.476 3209.6648 2226.4526 -523.98376 -2023.0225 -1958.1665 -1828.0518 -1680.6152 -1207.7911 -103.930664 585.31494 1103.4576 1461.9781 1733.4869 1389.8712 -115.512085 -1371.2402 3223.2605 3239.6758 3256.0913 3272.0032 3287.7136 3299.8992 -3281.067 -3265.6584 -3250.5522 -3235.3455 -3220.3398 -2832.7148 1247.4701 3299.8992 3299.8992 3299.8992 3299.8992 3299.8992 3299.8992 3288.6199 3273.1108 3257.2998 3241.69 3225.879 3210.0676 1875.4852 -799.6216 -2159.0789 -2038.028 -1931.6803 -1824.3256 -1217.7612 -12.286377 586.2213 1054.8157 1483.9325 1741.9464 1267.6117 -294.2688 -1636.203 
-2912.7776 -2899.7864 -2886.795 -2874.0051 -2861.316 -2848.526 -2835.9375 -2823.4497 -2811.0625 -2798.6755 -2786.2883 -2774.002 -2272.879 -1652.7191 -969.11316 -200.0061 784.21326 2322.2258 3299.8992 3299.8992 3299.8992 3299.8992 3299.8992 3299.8992 3299.8992 3299.8992 3299.8992 3299.8992 3299.8992 3299.8992 3299.8992 3299.8992 2579.434 -116.41846 -2508.0322 -2986.798 -2972.699 -2959.1033 -2945.6084 -2932.315 -2918.921 -2905.728 -2892.9382 -2880.0476 -2867.2576 -2854.5684 -2841.7786 -2829.2908 -2816.803 -2804.5166 -2792.0288 -2779.7424 -2081.9365 -1504.0741 -830.63965 -84.59473 754.00085 2221.9207 3299.8992 3299.8992 3299.8992 3299.8992 3299.8992 3299.8992 3299.8992 3299.8992 3299.8992 3299.8992 3299.8992 3299.8992 3299.8992 3299.8992 2006.8085 -853.7018 -2967.9656 -2986.8987 -2973.001 -2959.204 -2945.7092 -2932.4158 -2919.1223 -2905.9294 -2893.0388 -2880.1482 -2867.3584 -2854.6692 -2841.98 -2829.4922 -2817.0044 -2804.5166 -2792.3308 -2780.0444 -2210.8428 -1772.8638 -1106.9824 -315.41748 668.60046 2332.3975 3299.8992 3299.8992 3299.8992 3299.8992 3299.8992 3299.8992 3299.8992 3299.8992 3299.8992 3299.8992 3299.8992 3299.8992 3299.8992 3299.8992 1927.0477 -749.2676 -2997.7751 -2983.5754 -2969.6777 -2956.082 -2942.4866 -2929.193 -2915.8997 -2902.8076 -2889.917 -2877.0264 -2864.1357 -2851.547 -2838.9587 -2826.2695 -2813.8823 -2801.596 -2789.209 -2769.6716 -1909.021 -1457.0435 -858.9386 -148.64502 783.7097 2456.8726 3299.8992 3299.8992 3299.8992 3299.8992 3299.8992 3299.8992 3299.8992 3299.8992 3299.8992 3299.8992 3299.8992 3299.8992 3299.8992 3299.8992 1726.4374 -902.34375 -2998.5808 -2984.4817 -2970.584 -2956.8877 -2943.3928 -2929.9988 -2916.806 -2903.6133 -2890.7227 -2877.832 -2864.9414 -2852.2522 -2839.563 -2827.2766 -2814.688 -2802.4016 -2790.1152 -2777.8289 -1974.6826 -1438.7146 -597.80273 175.43335 1033.1635 2732.5103 3299.8992 3299.8992 3299.8992 3299.8992 3299.8992 3299.8992 3299.8992 3299.8992 3299.8992 3299.8992 3299.8992 3299.8992 3299.8992 3299.8992 1603.775 -994.4916 -3002.2063 -2988.0066 -2974.109 -2960.5132 -2946.9177 -2933.6243 

83.184814 81.97632 59.518433 17.321777 -67.57507 -155.79529 -142.40112 -104.63562 -50.05188 -2.2155762 -0.10070801 -120.7489 -180.06592 -160.72998 -124.4751 -85.5011 -68.38074 -73.21472 -58.61206 -13.192749 21.75293 68.28003 97.38464 85.29968 70.79773 30.615234 47.735596 72.9126 78.95508 76.034546 76.43738 106.24695 96.780396 48.742676 -17.019653 -78.75366 -106.24695 -43.40515 -1.7120361 -14.199829 2.2155762 1.6113281 16.918945 40.081787 62.13684 57.907104 38.772583 28.097534 22.558594 4.5318604 -21.853638 -84.99756 -89.42871 -82.07703 -78.75366 -53.475952 -64.453125 -83.08411 -62.23755 0.60424805 24.975586 39.98108 63.546753 88.723755 96.276855 78.35083 99.298096 131.52466 145.22095 140.28625 122.96448 109.57031 101.61438 121.35315 83.99048 10.272217 -12.789917 -13.092041 -29.406738 -31.924438 -31.924438 -31.924438 -31.924438 -31.924438 -31.924438 -31.924438 -31.924438 -31.924438 -31.924438 -31.924438 -31.924438 -31.924438 -31.924438 -31.924438 -31.924438 -31.924438 -31.924438 -31.924438 -31.924438 -31.924438 -72.006226 2.2155762 23.76709 0.9063721 -24.169922 -36.4563 -16.314697 -17.22107 4.7332764 40.88745 69.1864 92.04712 79.96216 107.05261 178.45459 206.95496 144.91882 108.26111 71.09985 -23.062134 -84.191895 -112.59155 -144.31458 -228.10364 -345.7306 -415.21912 -379.6692 -317.12952 -252.37427 -182.2815 -164.6576 -156.09741 -64.55383 -12.487793 -13.092041 -25.378418 -18.328857 -8.056641 -2.1148682 -5.7403564 3.8269043 9.667969 6.6467285 -10.372925 -5.1361084 8.761597 50.958252 61.12976 33.9386 11.380005 20.040894 48.339844 65.76233 58.10852 36.85913 13.595581 15.408325 68.07861 55.288696 32.025146 85.80322 124.87793 113.39722 81.674194 50.756836 -6.3446045 -60.424805 -76.33667 -63.848877 -49.95117 -44.210815 -82.58057 -75.83313 -53.07312 -40.585327 -19.940186 -30.615234 -61.12976 -46.627808 -18.73169 -23.565674 -32.125854 -72.40906 -109.469604 -117.42554 -79.660034 -17.422485 41.793823 96.8811 112.18872 113.29651 76.538086 32.730103 6.4453125 15.811157 43.103027 76.135254 107.958984 57.20215 35.751343 
101.916504 123.97156 153.07617 142.60254 85.29968 83.688354 78.35083 80.56641 57.10144 23.867798 10.574341 51.5625 36.4563 25.378418 33.9386 56.799316 54.0802 26.083374 -21.652222 -104.53491 -124.97864 -146.63086 -107.15332 -38.87329 -13.696289 11.380005 -23.162842 -51.361084 -60.62622 -43.90869 17.321777 60.324097 76.23596 28.29895 -26.586914 -52.871704 -85.90393 -153.27759 -157.91016 -78.85437 -51.260376 -15.509033 12.387085 13.595581 -9.667969 12.286377 60.324097 100.808716 104.837036 84.191895 26.687622 30.111694 -15.408325 -32.32727 -41.290283 -48.339844 -24.069214 5.6396484 -28.903198 -92.04712 -66.467285 -14.904785 24.874878 36.95984 22.961426 2.1148682 -26.889038 -42.39807 -93.759155 -123.065186 -126.589966 -126.79138 -95.16907 -54.281616 3.8269043 66.36658 89.12659 58.511353 58.10852 60.324097 -5.6396484 -24.874878 19.940186 58.511353 55.288696 81.57349 118.029785 150.45776 146.53015 132.93457 106.8512 93.96057 13.595581 -25.982666 -35.44922 -38.269043 -42.599487 -19.73877 -21.148682 -39.074707 -40.283203 -53.274536 -29.104614 20.947266 58.61206 59.1156 -12.487793 -23.76709 -29.003906 -29.80957 -66.6687 -102.62146 -86.50818 -27.996826 0 -28.29895 -55.59082 -96.98181 -79.76074 -22.155762 -18.328857 -34.94568 -52.267456 -38.067627 1.6113281 98.69385 176.44043 207.05566 196.07849 176.94397 169.18945 208.86841 148.14148 81.87561 44.815063 9.365845 -44.311523 -62.539673 -100.00305 -146.02661 -150.45776 -124.17297 -92.55066 -52.670288 -8.761597 40.98816 78.552246 78.652954 54.483032 7.1502686 -29.104614 -65.460205 -54.785156 -40.48462 -18.328857 -13.394165 -38.772583 -89.328 -82.47986 -74.72534 -105.84412 -120.64819 -73.31543 -15.911865 -1.3092041 58.511353 111.18164 122.86377 116.922 83.78906 61.12976 70.495605 10.473633 -24.27063 -24.77417 -33.33435 -54.58374 -79.660034 -110.87952 -87.213135 -5.3375244 79.660034 111.38306 94.86694 53.57666 -7.4523926 -65.460205 -44.91577 -40.283203 -43.103027 -98.291016 -124.97864 -106.24695 -79.660034 -57.000732 -40.182495 -35.34851 -37.96692 29.80957 74.020386 
2858.899 2845.6055 2832.7148 2819.22 2806.128 2792.7336 2779.9438 2767.2546 2754.7668 2742.279 2729.7913 2206.5125 2733.2153 2755.8745 2777.0232 2796.9634 2816.2993 2835.1318 2853.5613 2871.6887 2889.5142 2906.9365 2924.762 2941.681 2958.8013 2976.0222 2993.042 -2811.1633 -220.1477 2874.5085 2989.92 2975.9216 2961.2183 2947.0183 2932.4158 2915.2954 2902.5054 2891.7297 2879.7454 2867.157 2854.2664 2840.973 2827.6794 2814.8894 2801.7974 2788.101 2775.3113 2762.5212 2750.1343 2737.5457 2725.0579 1332.5684 2732.1074 2754.7668 2775.9155 2795.8557 2815.1917 2834.024 2852.5542 2870.581 2888.4062 2906.433 2923.352 2941.1772 2958.2976 2975.2166 2991.934 -2669.0642 -264.0564 2597.2595 2989.215 2975.0151 2960.4126 2945.7092 2929.898 2911.7705 2903.8147 2891.5283 2879.4434 2866.9556 2854.065 2841.275 2827.78 2814.8894 2801.7974 2788.101 2775.4119 2762.7227 2750.1343 2737.6465 2725.1587 205.0415 2735.1287 2757.3853 2778.433 2798.3733 2817.6086 2836.3403 2854.6692 2872.8972 2890.7227 2908.7493 2925.769 2943.3928 2960.5132 2977.3315 2994.049 -2536.8347 -185.60486 2626.4648 2990.2222 2976.0222 2960.5132 2945.407 2930.7036 2914.4897 2905.2246 2892.5354 2880.249 2867.6604 2854.7698 2841.98 2828.888 2815.2922 2802.2002 2788.8062 2776.117 2763.5283 2751.0405 2738.5527 2726.065 -1288.2568 2739.0564 2761.2122 2781.8572 2801.8982 2821.1333 2839.7644 2858.0933 2876.1199 2893.9453 2911.267 2929.0923 2945.9106 2963.031 2980.1514 2997.0703 -2104.9988 385.30884 3000.3936 2986.6973 2972.3967 2955.4778 2940.6738 2926.071 2857.1868 2901.6997 2889.4133 2877.2278 2864.6392 2851.8494 2838.455 2825.1616 2812.271 2799.2798 2785.5835 2772.7935 2760.205 2747.7173 2735.2295 2722.6409 -3019.629 2739.157 2761.1113 2781.958 2801.6968 2820.932 2839.6636 2857.9924 2876.0193 2893.8445 2911.7705 2928.7903 2946.414 2963.5344 2980.3528 2996.9695 -2038.1287 529.1199 2999.3865 2985.6902 2971.0876 2954.2693 2939.7673 2925.4668 2873.0986 2900.7935 2888.507 2876.2207 2863.5315 
-2479.2297 -2467.8496 -1607.4005 2342.9717 3299.8992 2073.88 -288.83057 -1526.6327 -2347.2014 -2107.1135 -1521.698 -2453.7505 -2442.572 -2431.5947 -2420.819 -2410.0432 -2399.5696 -2388.9954 -2378.5217 -2368.2495 -2353.6467 3299.8992 3299.8992 3299.8992 3299.8992 3299.8992 3299.8992 3299.8992 3299.8992 3299.8992 3299.8992 3299.8992 1782.2296 -2563.0188 -2550.9338 -2539.0503 -2527.3682 -2515.686 -2504.2053 -2492.926 -2481.546 -2470.166 -1636.908 2389.7002 3299.8992 1517.8711 -596.3928 -2191.5068 -2474.8992 -2302.0842 -1779.7119 -2444.6868 -2433.7097 -2422.8333 -2412.0574 -2401.4832 -2391.0095 -2380.6365 -2370.1628 -2359.9915 -2183.3496 3299.8992 3299.8992 3299.8992 3299.8992 3299.8992 3299.8992 3299.8992 3299.8992 3299.8992 3299.8992 3299.8992 1306.0822 -2555.0627 -2542.8772 -2531.195 -2519.412 -2507.9314 -2496.4507 -2485.1714 -2473.7915 -2463.0156 -1134.8785 3144.3054 3299.8992 1592.0929 -297.29004 -2121.9177 -2359.3872 -1991.6016 -1701.6632 -2446.0967 -2435.0188 -2424.1423 -2413.3667 -2402.7922 -2392.218 -2381.7444 -2371.4722 -2361.099 -1869.7449 3299.8992 3299.8992 3299.8992 3299.8992 3299.8992 3299.8992 3299.8992 3299.8992 3299.8992 3299.8992 3299.8992 658.32825 -2555.5664 -2543.3806 -2531.598 -2519.9158 -2508.3342 -2496.9543 -2485.675 -2474.3958 -2463.5193 -954.4098 3299.8992 3299.8992 1451.1017 -448.75488 -2484.7686 -2473.1873 -2175.293 -2021.5118 -2442.572 -2431.5947 -2420.6177 -2409.9426 -2399.469 -2388.8945 -2378.5217 -2368.1487 -2357.8765 -1360.7666 3299.8992 3299.8992 3299.8992 3299.8992 3299.8992 3299.8992 3299.8992 3299.8992 3299.8992 3299.8992 3299.8992 252.57568 -2553.25 -2541.3665 -2529.5837 -2517.8008 -2506.32 -2494.8394 -2483.56 -2472.2808 -2461.5051 -682.39746 3299.8992 3299.8992 1347.0703 -314.00757 -2011.441 -1901.4679 -1543.5516 -1689.1754 -2451.8372 -2440.7593 -2429.782 -2418.9055 -2408.3313 -2397.6562 -2387.1826 -2376.8096 -2366.4368 -934.97314 3299.8992 3299.8992 3299.8992 3299.8992 3299.8992 3299.8992 3299.8992 3299.8992 3299.8992 3299.8992 3299.8992 -846.85364 -2557.3792 -2545.3948 -2533.612 -2522.0305 -2510.4492 -2498.9685 -2487.6892 
-3251.4587 -3236.856 -3222.052 -3207.6506 -3193.9543 -3179.956 -3165.857 -3152.1606 -3138.8672 -3125.6743 -3112.3809 -2641.7725 3299.8992 3299.8992 3299.8992 3299.8992 3299.8992 3299.8992 3299.8992 3299.8992 3299.8992 3299.8992 3299.8992 3299.8992 3299.8992 3224.9724 951.9928 -476.7517 -1121.0815 -1440.8295 -1657.8552 -1256.4331 -93.55774 374.23096 615.0238 861.6577 916.24146 -337.0697 -3279.7576 -3269.1833 -3254.1777 -3239.4744 -3225.1738 -3210.7727 -3196.5728 -3182.4736 -3169.1802 -3155.182 -3141.4856 -3127.9907 -3114.7979 -2288.1865 3299.8992 3299.8992 3299.8992 3299.8992 3299.8992 3299.8992 3299.8992 3299.8992 3299.8992 3299.8992 3299.8992 3299.8992 3299.8992 3081.5642 745.5414 -638.8916 -1169.22 -1489.4714 -1701.2604 -1221.286 -239.28223 182.48291 405.0476 609.08203 639.39514 -786.42883 -3279.0527 -3263.8457 -3249.0417 -3234.3384 -3219.7356 -3205.536 -3191.6382 -3177.7405 -3163.6414 -3149.945 -3136.853 -3123.4587 -3110.266 -1953.6346 3299.8992 3299.8992 3299.8992 3299.8992 3299.8992 3299.8992 3299.8992 3299.8992 3299.8992 3299.8992 3299.8992 3299.8992 3299.8992 2859.1003 374.02954 -980.896 -1450.1953 -1651.8127 -1770.6482 -1082.0068 -88.52234 346.63696 541.0034 696.4966 618.6493 -868.0023 -3272.2046 -3257.0984 -3242.395 -3227.6917 -3213.0889 -3199.0906 -3184.6892 -3170.8923 -3157.498 -3143.7012 -3130.1055 -3116.812 -3103.72 -1409.2072 3299.8992 3299.8992 3299.8992 3299.8992 3299.8992 3299.8992 3299.8992 3299.8992 3299.8992 3299.8992 3299.8992 3299.8992 3299.8992 2639.7583 234.34753 -928.125 -1306.9885 -1641.742 -1746.7804 -998.7213 -57.000732 260.53162 438.68408 606.4636 426.297 -1178.888 -3265.457 -3250.4517 -3235.6475 -3221.1455 -3206.7444 -3192.8467 -3178.4453 -3164.6484 -3151.355 -3137.5579 -3124.063 -3110.7695 -3097.7783 -831.1432 3299.8992 3299.8992 3299.8992 3299.8992 3299.8992 3299.8992 3299.8992 3299.8992 3299.8992 3299.8992 3299.8992 3299.8992 3299.8992 2386.679 222.6654 -870.6207 -1193.1885 -1367.3126 -1511.6272 -652.3865 213.50098 566.0797 728.2196 960.25085 634.46045 -1281.7108 -3271.0967 -3255.9905 
-3019.3267 -3005.2275 -2991.7327 -2977.7344 -2964.038 -2950.5432 -2937.149 -2923.9563 -2910.9648 -2897.8728 -2885.083 -2872.293 -1666.8182 -905.2643 525.09155 2303.0913 3299.8992 3299.8992 3299.8992 3299.8992 3299.8992 3299.8992 3299.8992 3299.8992 3299.8992 3299.8992 3299.8992 3299.8992 3299.8992 3299.8992 3299.8992 3299.8992 -131.22253 -3125.473 -3110.0647 -3094.9585 -3080.2551 -3065.5518 -3051.0498 -3036.7493 -3022.5493 -3008.4502 -2994.452 -2980.8562 -2967.3613 -2953.7659 -2940.3716 -2927.2795 -2913.986 -2900.9949 -2888.1042 -2875.415 -1645.871 -800.0244 590.8539 2372.9827 3299.8992 3299.8992 3299.8992 3299.8992 3299.8992 3299.8992 3299.8992 3299.8992 3299.8992 3299.8992 3299.8992 3299.8992 3299.8992 3299.8992 3299.8992 3299.8992 -1011.4105 -3125.5737 -3110.3667 -3095.3613 -3080.5571 -3065.8538 -3051.3518 -3037.0513 -3022.8516 -3008.853 -2994.754 -2980.957 -2967.4622 -2953.8665 -2940.573 -2927.3804 -2914.1875 -2901.1963 -2888.507 -2799.0784 -1543.8538 -666.08276 879.1809 2627.8748 3299.8992 3299.8992 3299.8992 3299.8992 3299.8992 3299.8992 3299.8992 3299.8992 3299.8992 3299.8992 3299.8992 3299.8992 3299.8992 3299.8992 3299.8992 3299.8992 -1960.8856 -3126.178 -3110.8704 -3095.8647 -3080.96 -3066.3574 -3051.956 -3037.6555 -3023.4558 -3009.3567 -2995.761 -2981.6619 -2967.9656 -2954.4707 -2941.1772 -2927.8838 -2914.6912 -2901.8005 -2888.809 -2832.9163 -1734.6954 -688.54065 826.71204 2675.409 3299.8992 3299.8992 3299.8992 3299.8992 3299.8992 3299.8992 3299.8992 3299.8992 3299.8992 3299.8992 3299.8992 3299.8992 3299.8992 3299.8992 3299.8992 3299.8992 -2427.4658 -3123.4587 -3108.0505 -3093.1458 -3078.4424 -3063.8396 -3049.3376 -3035.138 -3020.938 -3006.8389 -2993.344 -2979.3457 -2965.6494 -2952.1545 -2938.7603 -2925.5676 -2912.3748 -2899.4841 -2886.5935 -2831.5063 -2135.3118 -1162.9761 440.49683 2321.0173 3299.8992 3299.8992 3299.8992 3299.8992 3299.8992 3299.8992 3299.8992 3299.8992 3299.8992 3299.8992 3299.8992 3299.8992 3299.8992 3299.8992 3299.8992 3179.8552 -2998.178 -3111.8774 -3096.7712 -3081.7656 -3067.0623 -3052.5603 -3038.1592 -3023.9592 
3231.4177 3247.8333 3264.2485 3279.959 3295.5688 -3288.8213 -3273.413 -3258.0046 -3242.7979 -3227.7922 -3212.8875 -2508.9385 1782.0282 3299.8992 3299.8992 3299.8992 3299.8992 3299.8992 3299.8992 3292.2454 3276.7363 3260.9253 3244.7112 3229.5044 3213.693 1791.1926 -747.052 -2047.4945 -1946.7865 -1846.8842 -1707.9071 -1041.2201 186.2091 802.94495 1115.9454 1452.3102 1744.6655 1269.8273 -376.95007 -1879.715 3232.1228 3248.639 3264.8528 3280.5632 3296.2737 -3288.1165 -3272.708 -3257.2998 -3242.1936 -3227.0874 -3212.1826 -2300.3723 2115.6738 3299.8992 3299.8992 3299.8992 3299.8992 3299.8992 3299.8992 3290.8354 3275.4272 3259.616 3243.5027 3228.0945 3211.9812 1504.8798 -977.0691 -2334.3108 -2072.3694 -1887.973 -1688.8733 -971.53015 138.17139 682.49817 1003.8574 1374.3622 1629.3549 1039.9109 -622.879 -2181.6375 3240.6829 3257.0984 3272.708 3288.922 3299.8992 -3279.8584 -3264.45 -3249.1423 -3234.137 -3219.1313 -3204.3274 -1875.8881 2523.1384 3299.8992 3299.8992 3299.8992 3299.8992 3299.8992 3299.8992 3295.468 3279.8584 3264.148 3247.8333 3232.4248 3213.1897 1248.3765 -1040.213 -2191.104 -1924.8322 -1871.6583 -1571.4478 -741.0095 242.807 739.1968 1169.6228 1549.7955 1624.5209 968.1061 -629.1229 -2334.5122 3242.395 3258.609 3274.2188 3290.4326 3299.8992 -3278.4485 -3262.9395 -3247.6318 -3232.5256 -3217.6208 -3202.9175 -1637.6129 2770.8801 3299.8992 3299.8992 3299.8992 3299.8992 3299.8992 3299.8992 3295.2666 3279.5562 3263.8457 3247.4304 3232.022 3204.2266 900.02747 -1259.2529 -2321.1182 -1960.4828 -1813.5498 -1488.7665 -534.6588 466.37878 864.8804 1198.0225 1519.281 1646.0724 882.40356 -833.4595 -2784.1736 3245.0134 3261.3281 3277.542 3293.2524 -3291.2383 -3275.7292 -3260.2202 -3245.114 -3230.0078 -3215.103 -3200.3997 -1078.0792 3299.8992 3299.8992 3299.8992 3299.8992 3299.8992 3299.8992 3299.8992 3293.6553 3278.1462 3262.3352 3246.6248 3230.8135 3167.871 773.7396 -1218.5669 -2224.942 -1895.4254 -1755.8441 -1543.9545 -491.8579 472.62268 1019.06433 1338.6108 1617.4713 1572.757 685.82153 -978.0762 -3109.1582 
-2920.4314 -2907.3394 -2894.3481 -2881.4575 -2868.6675 -2855.9783 -2843.39 -2830.8013 -2818.4143 -2805.9265 -2793.4387 -2780.2458 -2078.9153 -1484.6375 -670.5139 169.89441 1145.4529 2935.1348 3299.8992 3299.8992 3299.8992 3299.8992 3299.8992 3299.8992 3299.8992 3299.8992 3299.8992 3299.8992 3299.8992 3299.8992 3299.8992 3299.8992 1306.3843 -1243.3411 -3002.71 -2988.6108 -2974.8137 -2961.2183 -2947.6226 -2934.329 -2921.0356 -2907.9436 -2895.053 -2882.1624 -2869.2717 -2856.5825 -2843.9941 -2831.4055 -2819.0186 -2806.6313 -2794.2444 -2640.7654 -1660.2722 -1193.8934 -518.042 370.10193 1340.3229 3201.4067 3299.8992 3299.8992 3299.8992 3299.8992 3299.8992 3299.8992 3299.8992 3299.8992 3299.8992 3299.8992 3299.8992 3299.8992 3299.8992 3299.8992 1011.4105 -1582.5256 -3006.0332 -2991.934 -2978.1372 -2964.441 -2950.946 -2937.5518 -2924.4597 -2911.267 -2898.3765 -2885.4858 -2872.5952 -2860.0066 -2847.3174 -2834.729 -2822.2412 -2809.9548 -2797.5676 -2600.885 -1870.2484 -1436.1969 -794.38477 11.984253 1127.2247 3160.5193 3299.8992 3299.8992 3299.8992 3299.8992 3299.8992 3299.8992 3299.8992 3299.8992 3299.8992 3299.8992 3299.8992 3299.8992 3299.8992 3299.8992 401.52283 -2053.2349 -2998.2788 -2984.381 -2970.584 -2956.8877 -2943.3928 -2930.0994 -2917.0073 -2903.8147 -2890.924 -2878.0334 -2865.3442 -2852.7556 -2840.0664 -2827.478 -2815.1917 -2802.8044 -2790.4175 -2600.7842 -1889.7858 -1251.8005 -492.9657 410.58655 1610.8246 3299.8992 3299.8992 3299.8992 3299.8992 3299.8992 3299.8992 3299.8992 3299.8992 3299.8992 3299.8992 3299.8992 3299.8992 3299.8992 3299.8992 3026.2756 43.103027 -2344.583 -2994.6533 -2980.6548 -2966.9585 -2953.363 -2939.7673 -2926.5747 -2913.3818 -2900.2898 -2887.3992 -2874.71 -2861.9202 -2849.1301 -2836.6423 -2824.1545 -2811.7676 -2799.2798 -2787.094 -2599.9785 -1895.4254 -1267.4103 -446.84143 355.19714 1516.2598 3299.8992 3299.8992 3299.8992 3299.8992 3299.8992 3299.8992 3299.8992 3299.8992 3299.8992 3299.8992 3299.8992 3299.8992 3299.8992 3299.8992 2939.163 115.81421 -2277.411 -2991.1284 -2977.1301 -2963.333 -2949.7375 -2936.3433 -2923.0498 

59.317017 72.40906 66.76941 68.58215 113.59863 94.56482 36.35559 28.601074 31.018066 2.6184082 -54.18091 -118.83545 -73.91968 -17.523193 45.52002 86.206055 116.519165 160.62927 213.19885 251.87073 297.49146 306.45447 282.48596 274.0265 230.01709 132.63245 42.39807 -14.401245 -39.276123 -92.65137 -173.82202 -216.62292 -240.79285 -182.68433 -125.68359 -103.930664 -52.871704 22.76001 8.560181 -56.69861 -116.61987 -178.85742 -177.85034 -135.35156 -72.40906 -135.15015 -239.78577 -307.86438 -305.4474 -252.27356 -206.95496 -160.32715 -76.33667 -38.47046 -26.083374 -14.602661 -20.141602 -23.565674 39.074707 93.759155 93.759155 93.759155 93.759155 93.759155 93.759155 93.759155 93.759155 93.759155 93.759155 93.759155 93.759155 93.759155 93.759155 93.759155 93.759155 93.759155 93.759155 93.759155 93.759155 93.759155 -22.860718 -17.623901 -24.069214 -35.34851 -18.933105 11.178589 36.95984 90.03296 119.036865 110.87952 66.76941 18.630981 9.164429 -38.671875 -57.10144 -28.701782 -9.063721 -30.31311 -44.41223 -99.90234 -117.12341 -70.89844 -17.321777 3.2226562 4.0283203 36.053467 64.75525 73.61755 79.055786 78.45154 107.55615 115.31067 90.93933 84.49402 96.780396 85.198975 32.93152 -8.056641 -35.85205 -4.0283203 37.36267 74.32251 103.02429 87.61597 90.83862 125.079346 100.40588 57.302856 63.24463 81.37207 58.61206 24.27063 26.989746 5.3375244 -44.91577 -105.23987 -168.18237 -216.72363 -189.12964 -169.99512 -112.18872 -63.848877 -56.19507 -57.907104 -54.58374 12.084961 57.504272 41.088867 16.113281 12.890625 -26.687622 -113.69934 -137.0636 -109.973145 -92.04712 -74.72534 -10.574341 53.17383 -10.171509 -74.2218 -74.2218 -74.2218 -74.2218 -74.2218 -74.2218 -74.2218 -74.2218 -74.2218 -74.2218 -74.2218 -74.2218 -74.2218 -74.2218 -74.2218 -74.2218 -74.2218 -74.2218 -74.2218 -74.2218 -74.2218 2.1148682 -50.656128 -94.06128 -100.10376 -90.03296 -64.151 -45.217896 -27.191162 20.74585 58.914185 52.770996 13.998413 9.667969 31.521606 79.86145 114.90784 149.55139 188.7268 152.37122 103.326416 42.599487 -14.199829 -26.687622 20.443726 52.368164 14.804077 -55.69153 -60.827637 4.7332764 40.88745 -12.789917 -50.05188 -50.958252 -59.1156 -84.2926 -78.95508 -68.481445 -106.951904 -170.70007 -242.40417 
63.345337 68.28003 80.56641 92.04712 89.83154 123.2666 143.4082 134.24377 90.5365 63.043213 39.276123 35.34851 -22.055054 -38.571167 -64.25171 -80.26428 -53.274536 -35.95276 -54.986572 -47.836304 -32.730103 13.796997 50.857544 16.918945 -51.461792 -111.483765 -141.79688 -124.87793 -112.69226 -83.184814 -93.65845 -74.32251 3.1219482 71.80481 96.47827 78.149414 7.6538086 -114.60571 -131.92749 -81.06995 30.413818 129.20837 136.56006 79.86145 12.487793 28.80249 52.06604 67.37366 95.97473 107.25403 140.18555 180.87158 97.18323 52.770996 58.813477 38.36975 7.0495605 -55.892944 -123.97156 -131.82678 -113.497925 -66.87012 -19.23523 40.585327 68.28003 -2.6184082 -98.59314 -140.48767 -154.38538 -139.88342 -140.08484 -134.94873 -104.23279 -84.89685 -66.06445 -34.94568 -10.977173 -13.796997 43.50586 66.970825 49.0448 55.08728 71.502686 96.47827 85.198975 107.25403 104.53491 46.02356 1.7120361 -8.660889 33.032227 62.74109 11.682129 3.7261963 19.638062 28.601074 70.3949 117.32483 89.02588 77.545166 62.942505 58.10852 77.74658 99.09668 91.14075 20.74585 -24.069214 -61.331177 -106.64978 -142.80396 -170.59937 -162.94556 -109.16748 -90.83862 -93.45703 -102.923584 -119.74182 -99.90234 -10.473633 17.22107 13.796997 35.34851 58.61206 64.75525 70.3949 100.6073 121.65527 115.31067 100.20447 77.24304 95.5719 115.20996 68.38074 18.429565 -2.3162842 -16.415405 -36.254883 -76.33667 -159.42078 -114.80713 -35.650635 5.5389404 22.25647 49.44763 63.446045 -2.2155762 -54.986572 -50.857544 -65.56091 -63.74817 -56.5979 -33.233643 -54.18091 -110.17456 -121.051025 -96.780396 -105.74341 -94.46411 9.970093 57.403564 78.652954 68.07861 27.090454 -40.686035 -28.701782 41.290283 101.412964 123.36731 94.66553 42.095947 58.007812 51.763916 20.24231 26.78833 15.911865 17.019653 59.1156 121.65527 130.01404 131.92749 86.709595 69.28711 91.44287 89.328 52.368164 -40.283203 -121.45386 -170.49866 -185.70557 -179.46167 -186.2091 -162.2406 -123.36731 -75.83313 -50.354004 -33.535767 -36.053467 -88.92517 -56.295776 -34.44214 -6.1431885 29.608154 56.799316 73.41614 109.57031 147.03369 158.31299 134.04236 107.85828 106.75049 132.22961 108.26111 68.28003 65.05737 59.61914 45.92285 20.645142 -34.643555 -112.18872 -108.05969 
2850.6409 2837.7502 2824.6582 2811.0625 2798.0713 2784.5764 2772.0886 2759.5 2747.0122 2734.5244 2721.936 2717.807 2741.8762 2763.7297 2784.375 2804.1138 2823.2483 2841.98 2860.208 2878.2349 2896.06 2913.2812 2931.0059 2947.824 2965.0452 2982.0647 2998.9836 -1518.9789 1071.5332 2995.6604 2981.964 2967.4622 2950.6438 2936.444 2921.4385 2725.662 2897.5708 2885.385 2873.0986 2860.5103 2847.6196 2834.3262 2821.4355 2807.9407 2795.05 2781.5552 2768.9666 2756.4788 2743.991 2731.604 2718.814 2717.505 2741.574 2763.327 2783.9722 2803.711 2822.8455 2841.4763 2859.8052 2877.7312 2895.5566 2912.8784 2930.0994 2947.824 2964.8438 2981.5613 2998.3794 -1543.4509 1064.0808 2995.2576 2981.4604 2966.858 2952.658 2938.0554 2921.4385 2806.027 2896.7651 2884.378 2872.0916 2859.5032 2846.5117 2833.722 2820.0256 2807.3364 2794.345 2780.7495 2767.859 2755.2703 2742.8833 2730.3955 2717.7063 2719.7205 2743.3867 2765.2405 2785.785 2805.5237 2824.5574 2843.0876 2861.4165 2879.4434 2897.0671 2915.094 2932.013 2949.6367 2966.6565 2983.4746 3034.735 -1264.1876 1521.3959 2993.042 2979.1443 2964.743 2950.4424 2935.9404 2919.223 2857.8918 2894.5496 2882.3638 2869.876 2857.1868 2844.1956 2831.4055 2818.213 2804.718 2791.626 2778.433 2765.9453 2753.357 2740.8691 2728.5828 2715.4907 2721.231 2744.7966 2766.3481 2786.792 2806.43 2825.4639 2843.9941 2862.323 2880.3496 2898.0742 2915.2954 2933.02 2949.939 2967.0593 2983.9783 3108.1511 -1039.508 1681.0181 2991.8335 2977.9358 2963.4338 2948.932 2932.6172 2916.7053 2796.762 2893.4417 2881.4575 2868.869 2856.2805 2843.1885 2829.895 2817.0044 2803.5095 2790.518 2777.2246 2764.7368 2752.249 2739.6606 2727.3743 2714.0808 2723.245 2746.7102 2768.2617 2788.6047 2808.142 2827.1758 2845.6055 2863.9343 2881.8604 2899.585 2916.9067 2934.027 2951.7517 2968.6707 2985.4888 3084.4849 -1051.2909 1673.6664 2993.344 2979.4463 2964.6423 2950.1404 2934.5305 2918.518 2755.673 2895.1538 2882.8674 2870.3796 2857.6904 2844.699 2831.8083 2818.3135 2805.4229 2792.4316 2778.836 2766.0461 2753.5583 2741.1711 2728.6833 2712.1672 2727.4749 2750.4363 2771.8872 2792.1294 2811.5662 2830.3984 2848.9287 2867.157 2884.9822 
-2476.41 -2465.5334 -221.85974 3299.8992 3299.8992 1565.506 -51.965332 -2137.8296 -2134.0027 -1228.1342 -1601.1566 -2462.6128 -2451.3335 -2440.3564 -2429.3792 -2418.704 -2407.9285 -2397.354 -2386.9812 -2376.6082 -407.3639 3299.8992 3299.8992 3299.8992 3299.8992 3299.8992 3299.8992 3299.8992 3299.8992 3299.8992 3299.8992 3299.8992 -1032.8613 -2567.6514 -2555.7678 -2543.8843 -2532.2021 -2520.7214 -2509.2407 -2497.8606 -2486.6821 -2475.7048 -12.991333 3299.8992 3299.8992 669.4061 -742.52014 -2495.343 -2383.8591 -1885.7574 -2224.942 -2458.5845 -2447.5066 -2436.6301 -2425.7537 -2415.0786 -2404.605 -2394.0308 -2383.5571 -2373.285 301.11694 3299.8992 3299.8992 3299.8992 3299.8992 3299.8992 3299.8992 3299.8992 3299.8992 3299.8992 3299.8992 3299.8992 -1505.0812 -2564.7307 -2552.8472 -2541.0645 -2529.2815 -2517.8008 -2506.421 -2495.1416 -2483.8623 -2417.2942 356.80847 3299.8992 3263.9465 400.1129 -793.07556 -2497.76 -2321.2188 -1533.2794 -2208.023 -2458.9873 -2447.8088 -2436.9324 -2425.955 -2415.28 -2404.7058 -2394.2322 -2383.7585 -2373.4863 954.2084 3299.8992 3299.8992 3299.8992 3299.8992 3299.8992 3299.8992 3299.8992 3299.8992 3299.8992 3299.8992 3299.8992 -1714.7552 -2566.2415 -2554.257 -2542.4744 -2530.8928 -2519.3115 -2507.8308 -2496.4507 -2485.1714 -2311.2488 548.75793 3299.8992 2664.0288 -409.27734 -1530.8624 -2490.6096 -2477.417 -1959.375 -2459.793 -2448.5137 -2437.6372 -2426.8616 -2415.985 -2405.4106 -2394.937 -2384.3628 -2374.0906 -2363.919 1865.0116 3299.8992 3299.8992 3299.8992 3299.8992 3299.8992 3299.8992 3299.8992 3299.8992 3299.8992 3299.8992 3299.8992 -2229.9773 -2557.9834 -2545.8984 -2534.2163 -2522.6348 -2511.0535 -2499.6733 -2488.394 -2477.1147 -2168.9482 1002.74963 3299.8992 2484.2651 -410.18372 -1237.5 -2486.2793 -2386.377 -1809.7229 -2456.067 -2444.989 -2434.0117 -2423.236 -2412.561 -2401.886 -2391.3115 -2380.9387 -2370.5657 -2360.3943 2426.7607 3299.8992 3299.8992 3299.8992 3299.8992 3299.8992 3299.8992 3299.8992 3299.8992 3299.8992 3299.8992 3105.5327 -2565.1335 -2554.9622 -2543.1792 -2531.2957 -2519.7144 -2508.2336 -2496.8535 -2485.4736 -2474.295 -1952.7283 1482.9254 3299.8992 2137.5273 -804.05273 -1864.4073 -2479.129 -2379.7302 -1633.8867 -2450.0244 -2438.8457 -2427.9692 -2417.2942 -2406.72 -2396.045 -2385.5713 -2375.1982 -2364.926 -2354.7546 
-3241.1865 -3226.6846 -3212.4846 -3198.4863 -3184.085 -3170.288 -3156.7932 -3142.996 -3129.2998 -3116.0063 -3102.9143 -134.6466 3299.8992 3299.8992 3299.8992 3299.8992 3299.8992 3299.8992 3299.8992 3299.8992 3299.8992 3299.8992 3299.8992 3299.8992 3299.8992 1902.2736 -468.89648 -1455.3314 -1752.0172 -1819.3909 -1792.099 -704.4525 224.57886 540.29846 692.569 903.8544 525.5951 -1454.0222 -3264.6514 -3249.7466 -3234.9426 -3220.5413 -3205.9387 -3191.7388 -3178.1433 -3164.3462 -3150.1465 -3136.853 -3123.6602 -3110.4675 -3097.3755 89.12659 3299.8992 3299.8992 3299.8992 3299.8992 3299.8992 3299.8992 3299.8992 3299.8992 3299.8992 3299.8992 3299.8992 3299.8992 3299.8992 1996.2341 -15.408325 -997.6135 -1325.9216 -1414.3433 -1476.9836 -451.3733 348.95325 650.5737 742.62085 897.7112 463.76038 -1763.9008 -3269.6868 -3254.6814 -3239.7766 -3225.2747 -3210.8733 -3196.9756 -3182.675 -3168.8782 -3155.5847 -3141.687 -3128.0913 -3115.1 -3101.7058 662.9608 3299.8992 3299.8992 3299.8992 3299.8992 3299.8992 3299.8992 3299.8992 3299.8992 3299.8992 3299.8992 3299.8992 3299.8992 3299.8992 1796.0266 -211.08398 -1064.7858 -1383.3252 -1545.9686 -1550.7019 -654.0985 52.06604 428.8147 702.23694 899.5239 313.60474 -2061.493 -3268.3777 -3253.473 -3238.6687 -3224.1667 -3209.5642 -3195.3643 -3181.668 -3167.871 -3153.8726 -3140.3777 -3127.185 -3113.9922 -3100.9001 1406.3873 3299.8992 3299.8992 3299.8992 3299.8992 3299.8992 3299.8992 3299.8992 3299.8992 3299.8992 3299.8992 3299.8992 3299.8992 3299.8992 1395.7123 -496.5912 -1328.4393 -1639.325 -1614.5508 -1487.1552 -423.6786 202.12097 434.0515 545.33386 660.141 -42.095947 -2675.409 -3260.4216 -3245.4163 -3230.9143 -3216.4124 -3202.3132 -3188.4155 -3174.2156 -3160.4187 -3147.2258 -3133.5295 -3119.934 -3106.7412 -3093.6492 2036.3159 3299.8992 3299.8992 3299.8992 3299.8992 3299.8992 3299.8992 3299.8992 3299.8992 3299.8992 3299.8992 3299.8992 3299.8992 3299.8992 1344.754 -391.35132 -1323.5046 -1693.7073 -1701.5625 -1512.6343 -463.25684 115.61279 398.90442 653.7964 847.6593 24.975586 -2656.5764 -3256.5947 -3241.69 -3227.0874 -3212.7869 -3198.6877 -3184.5886 -3170.993 -3157.2966 -3143.2983 -3129.904 -3116.9128 -3103.72 -2997.876 2574.4995 3299.8992 3299.8992 3299.8992 3299.8992 3299.8992 3299.8992 3299.8992 3299.8992 
-3009.86 -2995.8618 -2982.0647 -2968.4692 -2954.9744 -2941.681 -2928.2866 -2915.1946 -2902.2034 -2889.3127 -2876.5227 -2792.4316 -2019.2963 -797.3053 790.0543 2725.662 3299.8992 3299.8992 3299.8992 3299.8992 3299.8992 3299.8992 3299.8992 3299.8992 3299.8992 3299.8992 3299.8992 3299.8992 3299.8992 3299.8992 3299.8992 2951.8523 -3121.4446 -3105.7341 -3090.7288 -3075.824 -3061.1206 -3046.7192 -3032.318 -3018.1182 -3004.1199 -2990.2222 -2976.123 -2962.6282 -2949.234 -2935.9404 -2922.647 -2909.555 -2896.5637 -2883.7737 -2871.0845 -2312.2559 -1517.7704 -266.5741 1332.8705 3295.7703 3299.8992 3299.8992 3299.8992 3299.8992 3299.8992 3299.8992 3299.8992 3299.8992 3299.8992 3299.8992 3299.8992 3299.8992 3299.8992 3299.8992 3299.8992 2463.6199 -3122.754 -3107.3455 -3092.2393 -3077.234 -3062.631 -3048.1292 -3033.728 -3019.629 -3005.5298 -2991.632 -2977.6335 -2964.1387 -2950.6438 -2937.3503 -2924.1577 -2911.0657 -2897.9736 -2885.083 -2872.3938 -2134.204 -1212.6251 33.9386 1644.6625 3299.8992 3299.8992 3299.8992 3299.8992 3299.8992 3299.8992 3299.8992 3299.8992 3299.8992 3299.8992 3299.8992 3299.8992 3299.8992 3299.8992 3299.8992 3299.8992 2133.3984 -3126.9836 -3111.4746 -3096.3684 -3081.5642 -3066.8608 -3052.359 -3037.9578 -3023.7578 -3009.7595 -2995.6604 -2982.1655 -2968.3684 -2954.773 -2941.278 -2927.9846 -2914.8926 -2901.9011 -2889.0105 -2876.3213 -2104.3945 -1416.7603 -15.408325 1627.6428 3299.8992 3299.8992 3299.8992 3299.8992 3299.8992 3299.8992 3299.8992 3299.8992 3299.8992 3299.8992 3299.8992 3299.8992 3299.8992 3299.8992 3299.8992 3299.8992 1636.5051 -3127.487 -3112.0789 -3097.0732 -3082.0679 -3067.3645 -3052.7617 -3038.4612 -3024.2615 -3010.263 -2996.3652 -2982.7698 -2968.7712 -2955.2764 -2941.681 -2928.488 -2915.4968 -2902.4048 -2889.4133 -2876.724 -2080.9294 -1422.9034 -13.897705 1626.4343 3299.8992 3299.8992 3299.8992 3299.8992 3299.8992 3299.8992 3299.8992 3299.8992 3299.8992 3299.8992 3299.8992 3299.8992 3299.8992 3299.8992 3299.8992 3299.8992 1210.0067 -3125.7751 -3110.3667 -3095.2605 -3080.3557 -3065.7532 -3051.2512 -3036.9507 -3022.6501 -3008.6516 -2994.754 -2980.7556 -2967.16 -2953.7659 -2940.3716 -2927.0781 -2913.986 -2900.9949 -2888.2048 -2875.3142 -1910.2295 -1073.2452 449.25842 2284.3596 3299.8992 3299.8992 3299.8992 3299.8992 3299.8992 
3244.2078 3260.5225 3276.7363 3292.3462 -3292.044 -3276.4343 -3261.1267 -3245.819 -3230.8135 -3215.808 -3201.1047 -562.4542 3299.8992 3299.8992 3299.8992 3299.8992 3299.8992 3299.8992 3299.8992 3289.224 3273.5137 3257.7026 3242.0928 3226.2817 3005.5298 403.23486 -1372.8516 -2269.757 -1923.6237 -1795.8252 -1553.421 -360.63538 534.256 1059.4482 1443.045 1859.2712 1791.7969 657.32117 -947.56165 3224.0662 3240.0786 3256.2927 3272.6074 3288.4185 3299.8992 -3280.5632 -3265.155 -3249.7466 -3234.7412 -3219.7356 -3204.9316 -421.66443 3299.8992 3299.8992 3299.8992 3299.8992 3299.8992 3299.8992 3299.8992 3284.8938 3269.284 3253.372 3237.7625 3221.7498 2947.522 292.9596 -1350.1923 -2270.2605 -1929.1626 -1727.1423 -1429.6509 -350.66528 457.9193 998.2178 1468.7256 1705.5908 1581.8207 482.69348 -1073.346 3223.2605 3239.8772 3256.0913 3272.406 3288.217 3299.8992 -3280.7646 -3265.2556 -3250.0488 -3234.8418 -3220.0378 -3205.133 -27.79541 3299.8992 3299.8992 3299.8992 3299.8992 3299.8992 3299.8992 3297.2808 3281.6711 3266.162 3250.3508 3234.137 3218.8293 2855.5754 256.90613 -1258.2458 -2074.4841 -1753.0243 -1484.6375 -1154.5166 -75.83313 668.19763 1046.2555 1352.005 1663.2935 1498.5352 217.63 -1219.1711 3218.225 3234.6404 3250.955 3266.7664 3282.8796 3298.59 -3285.901 -3270.4924 -3255.0842 -3239.8772 -3225.0732 -3208.1543 442.10815 3299.8992 3299.8992 3299.8992 3299.8992 3299.8992 3299.8992 3289.7278 3274.2188 3258.7097 3242.8984 3226.5837 3211.1755 2573.1902 -201.2146 -1664.4012 -2379.126 -1970.4529 -1821.8079 -1422.8027 -275.73853 415.82336 854.306 1225.3143 1536.0992 1269.1223 -42.800903 -1389.267 3229.0007 3245.5168 3261.8315 3277.4414 3293.4539 -3290.9363 -3275.5278 -3260.2202 -3244.7112 -3229.8064 -3215.0024 -3038.9648 882.605 3299.8992 3299.8992 3299.8992 3299.8992 3299.8992 3299.8992 3296.3745 3280.8655 3265.0542 3249.2432 3233.13 3217.7214 2491.3147 -193.35938 -1491.5863 -2266.0308 -1854.538 -1706.1951 -1331.4606 -172.2107 468.89648 931.7505 1351.3 1620.4926 1378.7933 -31.82373 -1374.8657 3230.9143 3247.3296 3263.4429 3279.0527 3295.166 -3289.224 -3273.816 -3258.307 -3243.3013 -3228.0945 -3213.2903 -2930.2002 1134.1736 3299.8992 3299.8992 3299.8992 3299.8992 3299.8992 3299.8992 3296.3745 3280.8655 
-2909.8572 -2896.9666 -2883.975 -2871.1853 -2858.5967 -2845.9075 -2833.319 -2820.8313 -2808.444 -2795.9563 -2783.67 -2471.173 -1851.2146 -1211.5173 -436.5692 434.55505 1766.1163 3299.8992 3299.8992 3299.8992 3299.8992 3299.8992 3299.8992 3299.8992 3299.8992 3299.8992 3299.8992 3299.8992 3299.8992 3299.8992 3299.8992 2873.1995 76.135254 -2345.0867 -2990.1213 -2976.2236 -2962.4268 -2948.932 -2935.437 -2922.345 -2909.253 -2896.161 -2883.3708 -2870.3796 -2857.791 -2845.1018 -2832.5134 -2820.0256 -2807.6384 -2795.2515 -2782.8643 -2379.3274 -1831.1737 -1094.5953 -310.7849 620.0592 2028.6621 3299.8992 3299.8992 3299.8992 3299.8992 3299.8992 3299.8992 3299.8992 3299.8992 3299.8992 3299.8992 3299.8992 3299.8992 3299.8992 3299.8992 2572.6868 -231.02417 -2644.1895 -2989.517 -2975.5188 -2961.8225 -2948.2268 -2934.8328 -2921.64 -2908.4473 -2895.4558 -2883.0688 -2869.7754 -2857.0862 -2844.397 -2832.0098 -2819.522 -2807.135 -2794.8486 -2782.4614 -2263.7146 -1658.963 -899.92676 -84.49402 781.49414 2284.1582 3299.8992 3299.8992 3299.8992 3299.8992 3299.8992 3299.8992 3299.8992 3299.8992 3299.8992 3299.8992 3299.8992 3299.8992 3299.8992 3299.8992 2362.6099 -505.25208 -2846.7131 -2991.3298 -2977.4321 -2963.8367 -2950.241 -2936.746 -2923.4526 -2910.3606 -2897.3694 -2884.5793 -2871.6887 -2858.798 -2846.3103 -2833.8225 -2821.3347 -2808.847 -2796.5605 -2784.2742 -2168.4448 -1644.5618 -941.11633 -141.59546 756.51855 2360.1929 3299.8992 3299.8992 3299.8992 3299.8992 3299.8992 3299.8992 3299.8992 3299.8992 3299.8992 3299.8992 3299.8992 3299.8992 3299.8992 3299.8992 2075.894 -669.80896 -3000.595 -2991.3298 -2977.2307 -2963.6353 -2950.1404 -2936.746 -2923.4526 -2910.3606 -2897.2686 -2884.4788 -2871.5881 -2858.6975 -2846.3103 -2833.722 -2821.2341 -2808.7463 -2796.5605 -2784.0728 -2144.0735 -1598.7396 -842.22107 -94.3634 753.1952 2424.4446 3299.8992 3299.8992 3299.8992 3299.8992 3299.8992 3299.8992 3299.8992 3299.8992 3299.8992 3299.8992 3299.8992 3299.8992 3299.8992 3299.8992 1627.5421 -1144.2444 -3001.3 -2987.4023 -2973.6052 -2959.8083 -2946.414 -2933.02 -2919.8271 -2906.6345 -2893.5425 -2880.8533 -2867.9626 -2855.2734 -2842.6848 -2830.0964 -2817.81 -2805.3223 -2793.036 -2778.534 -1860.379 -1364.1907 -669.90967 198.19336 1113.327 2739.9626 3299.8992 3299.8992 3299.8992 

-168.4845 -59.014893 12.789917 51.361084 40.98816 39.074707 42.196655 54.58374 97.98889 144.11316 167.37671 168.08167 176.64185 180.46875 137.0636 83.58765 98.39172 162.64343 161.23352 198.7976 198.7976 198.7976 198.7976 198.7976 198.7976 198.7976 198.7976 198.7976 198.7976 198.7976 198.7976 198.7976 198.7976 198.7976 198.7976 198.7976 198.7976 198.7976 198.7976 198.7976 198.7976 198.7976 198.7976 198.7976 198.7976 198.7976 198.7976 198.7976 198.7976 198.7976 198.7976 198.7976 198.7976 198.7976 198.7976 198.7976 198.7976 198.7976 198.7976 198.7976 97.68677 93.85986 126.38855 198.49548 211.58752 194.76929 183.99353 195.47424 192.65442 153.27759 72.30835 12.588501 -40.585327 -142.90466 -178.5553 -138.87634 -97.18323 -82.9834 -29.708862 39.37683 110.980225 139.78271 114.30359 63.14392 1.4099121 -51.763916 -118.63403 -153.68042 -174.12415 -164.15405 -123.87085 -67.8772 -18.429565 -8.459473 -42.90161 -87.716675 -119.4397 -139.88342 -179.26025 -152.27051 -103.02429 -81.06995 -30.514526 33.33435 40.88745 21.652222 -5.1361084 43.807983 70.09277 68.481445 17.926025 23.062134 24.673462 16.314697 11.480713 -19.436646 -15.206909 28.903198 74.523926 54.68445 54.68445 54.68445 54.68445 54.68445 54.68445 54.68445 54.68445 54.68445 54.68445 54.68445 54.68445 54.68445 54.68445 54.68445 54.68445 54.68445 54.68445 54.68445 54.68445 54.68445 23.464966 -11.178589 -30.111694 19.436646 18.127441 -46.02356 -65.56091 -40.283203 -20.544434 8.459473 -16.516113 -24.169922 -40.48462 -42.800903 -28.80249 -19.23523 -17.825317 -25.378418 -65.76233 -98.794556 -98.794556 -98.794556 -98.794556 -98.794556 -98.794556 -98.794556 -98.794556 -98.794556 -98.794556 -98.794556 -98.794556 -98.794556 -98.794556 -98.794556 -98.794556 -98.794556 -98.794556 -98.794556 -98.794556 -98.794556 142.40112 112.994385 102.72217 118.33191 97.38464 28.399658 -94.96765 -221.2555 -312.29553 -304.03748 -272.51587 -174.22485 -112.69226 -57.907104 0.10070801 33.83789 44.91577 73.81897 105.84412 111.78589 
-111.08093 -88.11951 -51.763916 -37.664795 -63.043213 -125.68359 -160.02502 -170.09583 -160.9314 -134.24377 -109.06677 -60.72693 -25.479126 20.141602 98.49243 143.81104 82.9834 3.6254883 14.602661 11.581421 2.3162842 36.254883 58.813477 36.758423 19.537354 42.90161 74.62463 78.95508 75.631714 55.792236 72.61047 38.571167 0.40283203 -24.77417 -47.735596 -85.60181 -94.66553 -71.7041 -78.75366 -65.76233 -48.94409 -19.537354 -6.4453125 2.1148682 21.853638 -47.634888 -86.206055 -44.41223 39.074707 61.6333 -8.258057 -55.69153 -20.846558 26.083374 29.205322 -4.9346924 -61.935425 -76.538086 -17.422485 3.0212402 21.551514 68.78357 87.91809 71.09985 79.156494 85.90393 102.62146 111.38306 110.980225 85.5011 85.29968 55.993652 49.44763 54.483032 28.701782 26.989746 54.58374 59.820557 33.535767 33.233643 3.6254883 -5.4382324 3.9276123 15.710449 18.933105 -51.5625 -97.88818 -130.51758 -162.84485 -157.30591 -151.26343 -121.45386 -150.8606 -190.64026 -181.37512 -153.17688 -144.41528 -102.319336 -18.429565 20.343018 32.730103 25.982666 37.36267 27.996826 61.935425 67.37366 108.05969 84.79614 36.154175 34.744263 81.37207 62.942505 82.27844 120.547485 122.25952 82.88269 57.000732 80.163574 90.33508 108.76465 54.382324 0.9063721 7.6538086 1.4099121 -26.989746 -49.95117 -64.85596 -107.455444 -152.1698 -178.35388 -200.20752 -163.5498 -99.49951 -34.84497 -27.694702 -55.08728 -91.94641 -70.89844 4.7332764 61.532593 104.03137 146.02661 153.78113 126.589966 130.31616 155.9967 158.31299 173.6206 164.35547 120.44678 143.00537 106.04553 88.220215 58.10852 20.040894 -13.897705 -41.088867 -72.40906 -112.08801 -143.20679 -148.74573 -124.97864 -68.07861 -16.314697 -19.134521 -58.813477 -50.756836 -46.829224 -62.64038 -60.928345 -61.935425 -66.06445 -110.27527 -146.42944 -137.26501 -113.59863 -118.73474 -68.58215 -10.372925 18.026733 50.857544 88.92517 121.554565 88.52234 105.84412 118.73474 103.829956 78.45154 60.22339 35.046387 37.060547 -14.099121 -19.537354 -28.500366 -47.53418 -46.224976 -33.636475 -38.671875 -38.571167 -21.148682 
2902.7068 2920.6328 2937.9546 2954.672 2971.7925 2988.8123 3278.8513 -641.2079 2134.3047 2992.337 2978.3386 2963.8367 2949.5361 2934.43 2917.6116 2724.353 2894.1467 2882.1624 2869.574 2856.9854 2843.7927 2830.3984 2817.6086 2804.2144 2791.1223 2777.7283 2765.341 2752.7527 2740.3655 2727.777 2526.0588 2729.8918 2752.6519 2773.9014 2794.043 2813.4795 2832.312 2850.7415 2868.869 2886.8958 2904.6204 2921.64 2939.3645 2956.3843 2973.2024 2990.3228 -3170.1873 -567.79175 2258.6792 2992.035 2978.1372 2962.7288 2947.4211 2932.4158 2916.101 2776.8218 2894.3481 2882.2632 2869.876 2857.0862 2843.9941 2830.5999 2817.7092 2804.4158 2791.2231 2777.9297 2765.442 2752.8533 2740.4663 2727.8777 1728.1494 2733.5173 2756.076 2777.124 2797.0642 2816.4001 2835.3333 2853.662 2871.8901 2889.7156 2907.3394 2924.4597 2941.681 2959.204 2976.2236 2992.9412 -2945.6084 -269.1925 2762.7227 2990.8264 2976.7273 2962.024 2945.8098 2930.5022 2882.4646 2758.493 2893.2402 2881.256 2868.869 2855.9783 2842.987 2830.197 2816.9036 2803.5095 2790.4175 2777.0232 2764.6362 2752.1484 2739.6606 2727.1729 854.1046 2735.431 2757.8887 2778.836 2798.877 2818.0115 2836.7432 2855.2734 2873.3 2891.226 2908.9507 2925.9705 2943.0908 2960.7146 2977.533 2994.452 -2812.1704 -208.36487 2796.46 2991.1284 2977.1301 2962.5273 2948.0254 2932.1135 2915.396 2905.8289 2893.341 2881.256 2868.6675 2855.7769 2842.5842 2829.7942 2816.1987 2803.5095 2790.4175 2776.8218 2764.032 2751.5442 2739.0564 2726.6692 -277.04773 2737.5457 2759.7014 2780.6487 2800.4883 2819.7234 2838.556 2856.784 2874.9114 2892.7368 2910.4614 2928.0852 2944.9036 2962.5273 2979.4463 2996.0632 -2630.896 29.406738 2981.8633 2990.5242 2976.3245 2960.1104 2945.2056 2930.603 2910.9648 2905.3252 2892.8374 2880.6519 2868.164 2855.2734 2842.1814 2829.19 2815.4937 2803.0059 2789.9138 2776.3184 2763.6292 2751.1414 2738.6536 2726.065 -2002.3773 2740.4663 2762.5212 2783.267 2803.0059 2822.2412 2840.872 2859.201 2877.2278 2895.053 
3299.8992 3299.8992 3299.8992 3299.8992 3299.8992 3299.8992 3299.8992 3299.8992 3299.8992 3299.8992 3299.8992 2648.7212 -2561.7095 -2549.3225 -2537.439 -2525.7568 -2514.1753 -2502.7954 -2491.3147 -2480.0354 -2468.756 -1712.3383 1912.5458 3299.8992 1696.6278 -1030.9479 -2027.7557 -2472.0793 -2368.1487 -1762.2894 -2442.1692 -2431.0913 -2420.3154 -2409.6404 -2399.0662 -2388.391 -2378.119 -2367.7458 -2357.4736 -2347.5037 3299.8992 3299.8992 3299.8992 3299.8992 3299.8992 3299.8992 3299.8992 3299.8992 3299.8992 3299.8992 3299.8992 2135.8154 -2554.257 -2542.0715 -2530.2886 -2518.6064 -2506.9243 -2495.5444 -2484.1643 -2472.885 -2461.8071 -1238.6078 2570.9746 3299.8992 1764.1022 -785.22034 -2030.777 -2470.5688 -2296.9482 -2014.8651 -2439.3494 -2428.372 -2417.4956 -2406.9214 -2396.1455 -2385.7727 -2375.3997 -2365.0269 -2354.8552 -2250.824 3299.8992 3299.8992 3299.8992 3299.8992 3299.8992 3299.8992 3299.8992 3299.8992 3299.8992 3299.8992 3299.8992 1923.4222 -2553.3508 -2541.165 -2529.2815 -2517.8008 -2506.018 -2494.638 -2483.3586 -2472.0793 -2460.901 -1349.9908 2577.118 3299.8992 1323.0011 -825.70496 -2116.3787 -2423.8403 -2214.3677 -1793.6096 -2436.026 -2425.0488 -2414.273 -2403.4973 -2393.0237 -2382.55 -2372.0764 -2361.8042 -2351.6326 -1962.6984 3299.8992 3299.8992 3299.8992 3299.8992 3299.8992 3299.8992 3299.8992 3299.8992 3299.8992 3299.8992 3299.8992 645.94116 -2546.5027 -2534.4177 -2522.6348 -2511.0535 -2499.472 -2488.092 -2476.712 -2465.5334 -2454.3547 -900.2289 3277.24 3299.8992 1355.3284 -495.4834 -2272.7783 -2450.2258 -1980.6244 -1562.0819 -2436.3281 -2425.3508 -2414.4744 -2403.7993 -2393.225 -2382.6506 -2372.2778 -2362.1062 -2351.9348 -1631.8726 3299.8992 3299.8992 3299.8992 3299.8992 3299.8992 3299.8992 3299.8992 3299.8992 3299.8992 3299.8992 3299.8992 749.6704 -2548.7183 -2536.8347 -2525.0518 -2513.269 -2501.7883 -2490.4082 -2479.0283 -2467.9504 -2456.7717 -627.5116 3299.8992 3299.8992 1203.7628 -534.3567 -2143.2678 -2191.3054 -1603.4729 -1635.0952 -2442.4712 -2431.4941 -2420.6177 -2409.8418 -2399.2676 -2388.5925 -2378.2195 -2367.8467 -2357.5745 -1161.8683 
3299.8992 3299.8992 3299.8992 3299.8992 3299.8992 1105.9753 -511.09314 -1333.7769 -1557.9529 -1458.1512 -1272.5464 -177.2461 344.7235 578.5675 782.1991 853.39966 -31.924438 -2911.7705 -3259.314 -3244.2078 -3229.5044 -3215.103 -3201.004 -3187.207 -3173.007 -3159.2102 -3145.9167 -3132.1196 -3118.7256 -3105.4321 -2860.913 2921.7407 3299.8992 3299.8992 3299.8992 3299.8992 3299.8992 3299.8992 3299.8992 3299.8992 3299.8992 3299.8992 3299.8992 3299.8992 3276.9377 935.8795 -575.34485 -1209.5032 -1416.3574 -1452.8137 -1243.4418 -256.4026 214.91089 456.20728 686.12366 803.8513 -291.44897 -3247.3296 -3258.1055 -3243.2007 -3228.6987 -3214.1968 -3199.9968 -3186.2 -3172.1008 -3158.3037 -3145.0103 -3131.314 -3117.92 -3104.727 -2482.553 3299.8992 3299.8992 3299.8992 3299.8992 3299.8992 3299.8992 3299.8992 3299.8992 3299.8992 3299.8992 3299.8992 3299.8992 3299.8992 3105.4321 618.75 -829.43115 -1407.898 -1661.2793 -1696.4264 -1342.9413 -260.53162 198.89832 440.69824 635.87036 650.77515 -576.9562 -3265.5579 -3250.4517 -3235.7483 -3221.045 -3206.845 -3192.9473 -3179.1504 -3164.8499 -3151.2542 -3138.162 -3124.3652 -3111.0718 -3097.879 -2187.5793 3299.8992 3299.8992 3299.8992 3299.8992 3299.8992 3299.8992 3299.8992 3299.8992 3299.8992 3299.8992 3299.8992 3299.8992 3299.8992 3024.1606 719.76013 -637.2803 -1184.8297 -1554.5288 -1559.5642 -1112.32 -132.73315 290.13977 360.13184 512.70447 438.58337 -985.32715 -3261.731 -3246.8262 -3232.022 -3217.6208 -3203.421 -3189.1204 -3175.525 -3161.5264 -3147.6287 -3134.0332 -3120.7397 -3107.7483 -3094.6562 -1599.3439 3299.8992 3299.8992 3299.8992 3299.8992 3299.8992 3299.8992 3299.8992 3299.8992 3299.8992 3299.8992 3299.8992 3299.8992 3299.8992 2838.6565 426.90125 -927.52075 -1390.1733 -1590.8844 -1559.967 -1027.2217 -131.12183 250.05798 453.18604 690.4541 672.5281 -919.86694 -3259.314 -3244.4092 -3229.605 -3215.2039 -3200.9033 -3187.0056 -3172.9065 -3159.2102 -3145.514 -3132.321 -3118.7256 -3105.4321 -3092.34 -1178.9886 3299.8992 3299.8992 3299.8992 3299.8992 3299.8992 3299.8992 3299.8992 3299.8992 3299.8992 
3299.8992 3299.8992 3299.8992 3299.8992 3299.8992 3299.8992 3299.8992 3299.8992 3299.8992 3299.8992 3299.8992 633.25195 -3129.2998 -3113.8916 -3098.886 -3083.9812 -3069.2778 -3054.6753 -3040.3748 -3026.2756 -3012.0757 -2998.178 -2984.683 -2970.584 -2956.9885 -2943.695 -2930.4016 -2917.2087 -2904.2175 -2891.226 -2878.6377 -1945.1752 -1320.282 40.38391 1726.3367 3299.8992 3299.8992 3299.8992 3299.8992 3299.8992 3299.8992 3299.8992 3299.8992 3299.8992 3299.8992 3299.8992 3299.8992 3299.8992 3299.8992 3299.8992 3299.8992 34.643555 -3123.8616 -3108.554 -3093.3472 -3078.6438 -3063.9404 -3049.4385 -3035.138 -3021.0388 -3006.9397 -2993.042 -2979.6477 -2965.75 -2952.1545 -2938.861 -2925.5676 -2912.4756 -2899.4841 -2886.6943 -2873.8037 -1799.1486 -1012.92114 331.9336 2075.2898 3299.8992 3299.8992 3299.8992 3299.8992 3299.8992 3299.8992 3299.8992 3299.8992 3299.8992 3299.8992 3299.8992 3299.8992 3299.8992 3299.8992 3299.8992 3299.8992 -349.25537 -3122.9553 -3107.6477 -3092.642 -3077.7373 -3063.1348 -3048.7334 -3034.4329 -3020.2332 -3006.134 -2992.2363 -2978.842 -2965.0452 -2951.4495 -2938.156 -2924.8625 -2911.67 -2898.7793 -2885.8887 -2873.1995 -1894.3176 -1121.5851 323.97766 2162.503 3299.8992 3299.8992 3299.8992 3299.8992 3299.8992 3299.8992 3299.8992 3299.8992 3299.8992 3299.8992 3299.8992 3299.8992 3299.8992 3299.8992 3299.8992 3299.8992 -1016.4459 -3119.1284 -3103.72 -3088.6138 -3073.9104 -3059.4084 -3044.9065 -3030.606 -3016.5068 -3002.4077 -2988.6108 -2974.7131 -2961.3188 -2947.9248 -2934.5305 -2921.338 -2908.3464 -2895.3552 -2882.4646 -2867.6604 -1917.5812 -1041.6229 513.81226 2390.6067 3299.8992 3299.8992 3299.8992 3299.8992 3299.8992 3299.8992 3299.8992 3299.8992 3299.8992 3299.8992 3299.8992 3299.8992 3299.8992 3299.8992 3299.8992 3299.8992 -2069.9524 -3113.6902 -3098.3826 -3083.4778 -3068.7744 -3054.1716 -3039.871 -3025.5706 -3011.3708 -2997.4731 -2983.5754 -2969.7783 -2956.2834 -2942.8894 -2929.6965 -2916.504 -2903.5125 -2890.6218 -2877.832 -2766.0461 -1567.4194 -484.50623 963.6749 2844.4976 3299.8992 3299.8992 3299.8992 3299.8992 3299.8992 
3265.155 3249.4446 3233.13 3217.6208 2183.0474 -550.5707 -1721.2006 -2411.9568 -1986.1633 -1798.3429 -1240.0177 -18.933105 725.09766 1093.1854 1458.7555 1740.7379 1328.7415 -197.58911 -1509.0088 3234.439 3250.8545 3267.0684 3282.5774 3298.59 -3285.6995 -3270.3918 -3254.8828 -3239.8772 -3224.771 -3210.0676 -2717.404 1519.6838 3299.8992 3299.8992 3299.8992 3299.8992 3299.8992 3299.8992 3297.1802 3281.4697 3265.8599 3250.0488 3233.9355 3218.225 1970.1508 -642.6178 -1685.9528 -2271.7712 -1845.7764 -1619.5862 -1109.7015 28.198242 545.23315 975.7599 1390.3748 1660.3729 1097.7173 -438.28125 -1854.4373 3239.1724 3255.5876 3271.8018 3287.3108 3299.8992 -3281.1675 -3265.7593 -3250.3508 -3235.144 -3220.1384 -3205.3345 -2409.2375 1899.2523 3299.8992 3299.8992 3299.8992 3299.8992 3299.8992 3299.8992 3298.7915 3283.2825 3267.4712 3251.6602 3235.8489 3219.8364 1728.7537 -757.3242 -1774.8779 -2261.2976 -1897.3389 -1652.3163 -1070.4254 58.71277 698.2086 1132.0587 1568.4265 1835.1013 1232.1625 -476.5503 -1929.364 3239.8772 3256.192 3272.3052 3288.5193 3299.8992 -3280.4626 -3265.155 -3249.7466 -3234.6404 -3219.7356 -3204.8308 -2007.9163 2393.8293 3299.8992 3299.8992 3299.8992 3299.8992 3299.8992 3299.8992 3295.8708 3280.3618 3264.6514 3248.7395 3233.13 3215.5059 1546.9757 -805.36194 -1649.3958 -2149.2095 -1806.9031 -1535.3943 -827.417 249.45374 795.39185 1219.0704 1527.5391 1651.6113 976.8677 -658.8318 -2198.4558 3237.4602 3253.6743 3269.8882 3286.1023 3299.8992 -3282.8796 -3267.4712 -3252.1636 -3236.856 -3222.052 -3207.1472 -1747.2839 2776.016 3299.8992 3299.8992 3299.8992 3299.8992 3299.8992 3299.8992 3291.4397 3275.83 3260.0188 3244.2078 3228.598 3208.96 1234.4788 -1045.4498 -1919.8975 -2281.137 -1810.2264 -1523.41 -702.0355 339.08386 873.1384 1266.9067 1535.6964 1645.871 901.5381 -813.8214 -2709.3474 3238.971 3255.1848 3271.1975 3287.21 3299.8992 -3281.6711 -3266.2627 -3250.955 -3235.7483 -3220.8435 -3206.0393 -1344.8547 3209.0605 3299.8992 3299.8992 3299.8992 3299.8992 3299.8992 3299.8992 3289.627 3274.0173 
3299.8992 3299.8992 3299.8992 3299.8992 3299.8992 3299.8992 3299.8992 3299.8992 3299.8992 3299.8992 3299.8992 1706.3965 -997.6135 -3006.3354 -2992.2363 -2978.2378 -2964.6423 -2951.0466 -2937.6526 -2924.4597 -2911.267 -2898.3765 -2885.385 -2872.5952 -2859.906 -2847.3174 -2834.729 -2822.2412 -2809.9548 -2797.467 -2725.5615 -1833.3893 -1460.3668 -757.4249 65.56091 1048.9746 2828.9885 3299.8992 3299.8992 3299.8992 3299.8992 3299.8992 3299.8992 3299.8992 3299.8992 3299.8992 3299.8992 3299.8992 3299.8992 3299.8992 3299.8992 1258.2458 -1420.3857 -3005.0261 -2990.927 -2977.0293 -2963.333 -2949.8381 -2936.5447 -2923.352 -2910.1592 -2897.2686 -2884.076 -2871.4873 -2858.798 -2846.2097 -2833.5205 -2821.1333 -2808.6455 -2796.46 -2780.4473 -2026.0437 -1455.2307 -741.7145 84.09119 1103.2562 2996.6675 3299.8992 3299.8992 3299.8992 3299.8992 3299.8992 3299.8992 3299.8992 3299.8992 3299.8992 3299.8992 3299.8992 3299.8992 3299.8992 3299.8992 856.6223 -1712.1368 -3000.1921 -2986.1938 -2972.3967 -2958.7004 -2945.2056 -2931.912 -2918.6187 -2905.5266 -2892.5354 -2879.7454 -2866.8547 -2854.2664 -2841.5771 -2829.0894 -2816.7021 -2804.3152 -2791.928 -2713.3757 -1852.6245 -1341.5314 -661.5509 196.1792 1298.0255 3284.3901 3299.8992 3299.8992 3299.8992 3299.8992 3299.8992 3299.8992 3299.8992 3299.8992 3299.8992 3299.8992 3299.8992 3299.8992 3299.8992 3299.8992 864.37683 -1573.8647 -3000.3936 -2986.1938 -2972.4976 -2958.9019 -2945.407 -2932.013 -2918.82 -2905.728 -2892.8374 -2879.7454 -2867.157 -2854.4678 -2841.6777 -2829.2908 -2816.9036 -2804.4158 -2792.2302 -2591.8213 -1901.0651 -1348.5809 -435.66284 363.4552 1475.8759 3299.8992 3299.8992 3299.8992 3299.8992 3299.8992 3299.8992 3299.8992 3299.8992 3299.8992 3299.8992 3299.8992 3299.8992 3299.8992 3299.8992 3299.8992 550.06714 -1944.2688 -2999.4873 -2985.4888 -2971.692 -2958.0962 -2944.6013 -2931.3079 -2918.2158 -2905.0232 -2892.0317 -2879.141 -2866.3513 -2853.7627 -2841.1743 -2828.5857 -2816.1987 -2803.711 -2791.626 -2614.1785 -2021.6125 -1315.5487 -587.93335 199.60327 1519.8853 3299.8992 3299.8992 3299.8992 3299.8992 

111.18164 93.15491 57.907104 43.103027 70.89844 101.916504 58.61206 49.649048 80.163574 130.01404 160.62927 148.24219 168.78662 193.05725 151.96838 37.060547 -81.7749 -178.95813 -185.10132 -192.453 -230.1178 -201.41602 -135.15015 -144.31458 -171.50574 -158.21228 -121.35315 -98.59314 -118.33191 -130.8197 -147.73865 -87.91809 -40.48462 8.056641 67.07153 86.50818 65.963745 72.9126 58.511353 23.565674 8.056641 8.459473 8.459473 14.401245 54.281616 97.38464 68.17932 18.22815 -7.6538086 6.2438965 29.205322 64.453125 126.589966 169.29016 178.25317 195.97778 224.57886 228.60718 242.20276 223.47107 142.099 -11.883545 -148.04077 -213.7024 -233.34045 -216.01868 -177.95105 -201.61743 -193.96362 -131.02112 -97.18323 -77.44446 -102.319336 -109.3689 -121.35315 -150.45776 -191.54663 -227.09656 -263.75427 -215.31372 -215.31372 -215.31372 -215.31372 -215.31372 -215.31372 -215.31372 -215.31372 -215.31372 -215.31372 -215.31372 -215.31372 -215.31372 -215.31372 -215.31372 -215.31372 -215.31372 -215.31372 -215.31372 -215.31372 -215.31372 83.38623 99.09668 128.40271 152.77405 122.46094 83.78906 65.86304 46.5271 67.07153 69.488525 45.52002 66.6687 65.66162 51.965332 30.010986 4.1290283 -39.47754 -56.69861 -57.504272 -18.22815 70.3949 138.87634 158.91724 138.3728 134.44519 101.11084 69.38782 48.03772 33.33435 -8.560181 -82.27844 -177.3468 -162.84485 -91.44287 -41.290283 -0.80566406 27.79541 -46.92993 -118.73474 -123.2666 -115.10925 -86.206055 -53.475952 -16.616821 -8.761597 34.44214 95.773315 138.3728 134.5459 74.82605 -7.9559326 -62.539673 -135.95581 -211.78894 -257.51038 -240.2893 -222.6654 -204.13513 -198.99902 -184.7992 -154.88892 -94.96765 -50.454712 -5.0354004 91.04004 192.3523 268.9911 334.04846 363.75732 401.2207 399.20654 319.84863 238.27515 163.34839 89.730835 66.76941 77.34375 -6.0424805 -118.13049 -210.58044 -247.33887 -252.37427 -211.88965 -194.76929 -254.48914 -289.63623 -239.08081 -190.53955 -142.099 -78.552246 -4.0283203 88.220215 114.60571 66.467285 43.40515 23.968506 9.164429 30.212402 11.782837 -47.93701 
7.5531006 34.44214 60.12268 97.787476 54.382324 -39.276123 -65.76233 -65.66162 -55.389404 -62.64038 -51.05896 -45.318604 -52.670288 -116.11633 -141.79688 -121.25244 -111.8866 -73.71826 -50.454712 -35.95276 -18.22815 -13.796997 7.6538086 48.843384 119.84253 157.30591 143.10608 118.43262 129.00696 131.22253 129.71191 70.999146 70.29419 66.6687 79.35791 103.52783 113.80005 51.763916 9.063721 -22.961426 -47.93701 -46.92993 11.682129 93.65845 70.09277 14.703369 -14.300537 -36.95984 -42.800903 -40.182495 7.9559326 67.27295 57.10144 22.055054 -12.789917 -87.51526 -178.35388 -183.28857 -154.48608 -133.84094 -97.18323 -37.46338 -17.019653 -51.965332 -21.350098 32.32727 69.89136 99.90234 78.95508 56.19507 62.23755 39.175415 15.307617 -7.1502686 -33.636475 -50.05188 -43.606567 -75.631714 -84.49402 -85.90393 -62.74109 -12.084961 55.288696 82.9834 39.175415 -13.595581 -19.436646 -22.155762 -20.443726 -47.836304 -45.721436 -18.933105 -7.9559326 -4.4311523 12.890625 5.7403564 -41.088867 -29.205322 -24.371338 -28.601074 -2.9205322 10.372925 14.099121 4.4311523 59.21631 110.6781 119.13757 132.22961 109.87244 113.39722 121.9574 89.93225 91.744995 107.15332 110.27527 60.021973 5.7403564 -52.56958 -25.982666 -12.387085 -11.480713 -12.487793 8.862305 49.44763 22.357178 -42.700195 -73.21472 -81.87561 -69.79065 -73.11401 -58.511353 -43.00232 -39.276123 -85.5011 -141.99829 -197.08557 -253.48206 -192.453 -135.65369 -97.98889 -42.196655 16.314697 29.608154 16.918945 20.544434 10.171509 -0.60424805 14.602661 50.152588 93.45703 112.89368 52.972412 38.067627 40.786743 58.10852 89.730835 103.326416 47.93701 -15.710449 -75.73242 -55.892944 -0.9063721 64.35242 100.909424 39.678955 -23.062134 -36.053467 -34.44214 -4.3304443 0.40283203 -6.4453125 -38.974 -60.324097 -53.07312 -45.92285 -87.61597 -120.043945 -65.05737 -32.32727 -1.4099121 29.708862 63.446045 62.23755 52.56958 80.06287 88.92517 81.87561 85.29968 81.97632 112.79297 102.21863 23.968506 -22.659302 -9.667969 21.551514 49.54834 50.152588 -1.0070801 -41.89453 -91.744995 
2912.5762 2930.4016 2947.1191 2964.6423 2981.7627 2998.2788 -2520.9229 149.55139 3004.724 2991.2292 2976.828 2960.614 2945.8098 2931.3079 2874.8108 2906.3323 2893.9453 2881.659 2869.0703 2856.1797 2842.987 2830.0964 2816.9036 2803.4087 2790.4175 2777.124 2764.6362 2752.0476 2739.6606 2727.072 2843.1885 2744.4946 2766.3481 2786.8926 2806.5308 2825.6653 2844.1956 2862.5244 2880.6519 2898.2756 2915.8997 2933.02 2950.6438 2967.2607 2984.1797 3001.1992 -1893.1091 706.9702 3002.1057 2988.51 2973.9075 2956.9885 2942.5872 2928.0852 2838.9587 2903.7139 2891.226 2879.0405 2866.452 2853.5613 2840.2678 2826.9744 2813.9832 2800.4883 2787.4968 2774.3042 2761.8164 2749.3286 2736.9414 2724.2522 2721.1304 2744.8975 2766.6504 2787.1948 2806.8328 2825.8667 2844.4976 2862.8264 2880.7524 2898.477 2916.101 2933.1206 2950.241 2967.7642 2984.683 3001.4006 -1535.495 1175.8667 2997.3723 2983.5754 2968.9727 2952.658 2937.854 2922.647 2512.564 2899.9878 2887.802 2875.6165 2863.1287 2850.238 2837.146 2824.2554 2810.7605 2797.9705 2784.9792 2771.4844 2758.7952 2746.408 2733.9202 2721.1304 2721.0295 2744.696 2766.449 2786.8926 2806.6313 2825.6653 2844.2961 2862.5244 2880.551 2898.2756 2915.7988 2933.5234 2950.7446 2967.4622 2984.381 3001.3 -1810.4279 956.8268 3000.0916 2986.2944 2971.692 2955.6792 2940.573 2925.5676 2766.5496 2901.599 2889.3127 2876.9255 2864.2363 2851.3457 2838.2537 2824.7588 2811.7676 2798.3733 2785.4827 2772.1892 2759.7014 2747.2136 2734.8267 2721.8352 2725.2593 2748.7244 2770.175 2790.518 2810.0554 2829.0894 2847.6196 2865.8477 2883.7737 2901.4983 2919.0215 2936.0413 2953.665 2970.3826 2987.201 3011.975 -1564.801 1189.9658 3000.293 2986.4958 2971.8933 2956.4849 2941.1772 2925.5676 2604.1077 2902.304 2890.1184 2877.6306 2865.042 2852.0508 2838.858 2825.4639 2812.0696 2799.3804 2786.3892 2772.8943 2760.1042 2747.7173 2735.2295 2722.0366 2728.6833 2751.6448 2772.9949 2793.338 2812.7747 2831.7078 2850.1372 2868.3655 2886.392 2903.9153 
3299.8992 3299.8992 3299.8992 3299.8992 3299.8992 3299.8992 3299.8992 3299.8992 3299.8992 3299.8992 3299.8992 -455.60303 -2550.7324 -2538.748 -2527.066 -2515.2832 -2503.903 -2492.4224 -2481.143 -2469.8638 -2458.786 -361.23962 3299.8992 3299.8992 1336.2946 -226.3916 -2248.6084 -2120.0042 -1597.229 -1653.3234 -2448.816 -2437.738 -2426.8616 -2416.0857 -2405.4106 -2394.7356 -2384.262 -2373.8892 -2363.617 -631.6406 3299.8992 3299.8992 3299.8992 3299.8992 3299.8992 3299.8992 3299.8992 3299.8992 3299.8992 3299.8992 3299.8992 -1208.194 -2554.5593 -2542.6758 -2530.8928 -2519.3115 -2507.73 -2496.35 -2484.97 -2473.7915 -2462.7136 -102.923584 3299.8992 3299.8992 1166.5009 -427.80762 -2490.4082 -2431.4941 -1898.0438 -2177.2063 -2449.4202 -2438.3423 -2427.4658 -2416.69 -2406.015 -2395.4407 -2384.967 -2374.594 -2364.3218 45.92285 3299.8992 3299.8992 3299.8992 3299.8992 3299.8992 3299.8992 3299.8992 3299.8992 3299.8992 3299.8992 3299.8992 -1461.3739 -2556.674 -2544.69 -2532.8064 -2521.2249 -2509.6436 -2498.3643 -2487.085 -2475.7048 -2464.627 234.44824 3299.8992 3299.8992 522.77527 -942.1234 -2488.5955 -2462.1094 -1660.0708 -2077.002 -2449.0173 -2438.04 -2427.063 -2416.388 -2405.713 -2395.1384 -2384.6648 -2374.1912 -2363.919 649.2645 3299.8992 3299.8992 3299.8992 3299.8992 3299.8992 3299.8992 3299.8992 3299.8992 3299.8992 3299.8992 3299.8992 -1582.5256 -2557.2783 -2545.2942 -2533.612 -2521.93 -2510.4492 -2498.9685 -2487.5884 -2476.41 -2378.5217 703.0426 3299.8992 3193.1487 339.5874 -934.0668 -2491.0125 -2479.3303 -1809.2194 -2456.5703 -2449.823 -2438.745 -2427.8687 -2417.1936 -2406.5186 -2395.944 -2385.4705 -2375.0977 -2364.8254 1248.3765 3299.8992 3299.8992 3299.8992 3299.8992 3299.8992 3299.8992 3299.8992 3299.8992 3299.8992 3299.8992 3299.8992 -2166.7327 -2557.5806 -2545.5962 -2533.8135 -2522.3328 -2510.7512 -2499.3713 -2487.9912 -2476.8127 -2262.808 1018.9636 3299.8992 2292.819 -578.6682 -1398.6328 -2483.0566 -2467.1448 -1697.4335 -2453.7505 -2442.572 -2431.5947 -2420.819 -2410.0432 -2399.469 -2388.9954 -2378.5217 -2368.2495 -2357.9773 2070.053 
3299.8992 3299.8992 3299.8992 3299.8992 2566.04 159.6222 -1032.5592 -1429.6509 -1674.7742 -1616.4642 -808.3832 100.00305 502.43225 696.5973 824.29504 641.1072 -1067.102 -3260.2202 -3245.3154 -3230.5115 -3215.808 -3201.8096 -3187.509 -3173.6113 -3159.915 -3146.3196 -3132.4219 -3119.1284 -3106.3384 -3092.8435 -731.34155 3299.8992 3299.8992 3299.8992 3299.8992 3299.8992 3299.8992 3299.8992 3299.8992 3299.8992 3299.8992 3299.8992 3299.8992 3299.8992 2469.461 219.14062 -894.68994 -1252.6062 -1594.812 -1414.2426 -416.93115 394.7754 546.24023 665.1764 853.39966 572.2229 -1299.939 -3266.867 -3251.7607 -3236.9568 -3222.354 -3208.0535 -3194.0552 -3180.359 -3166.159 -3152.362 -3139.27 -3125.5737 -3112.0789 -3098.9868 -123.065186 3299.8992 3299.8992 3299.8992 3299.8992 3299.8992 3299.8992 3299.8992 3299.8992 3299.8992 3299.8992 3299.8992 3299.8992 3299.8992 1996.3348 -220.24841 -1339.4165 -1671.7529 -1826.239 -1642.5476 -671.3196 150.55847 397.69592 633.15125 812.5122 448.8556 -1682.9315 -3260.7239 -3245.6177 -3231.015 -3216.513 -3202.3132 -3188.0127 -3174.115 -3160.5193 -3146.9238 -3132.9253 -3119.6318 -3106.9426 -3093.6492 559.7351 3299.8992 3299.8992 3299.8992 3299.8992 3299.8992 3299.8992 3299.8992 3299.8992 3299.8992 3299.8992 3299.8992 3299.8992 3299.8992 1902.5757 -108.36182 -1138.2019 -1476.6815 -1595.517 -1473.1567 -601.93176 27.29187 333.04138 552.48413 648.35815 180.67017 -2155.8562 -3256.6956 -3241.9922 -3227.3894 -3212.9883 -3198.7883 -3184.4878 -3170.7915 -3156.7932 -3143.097 -3130.1055 -3116.51 -3103.1157 -3090.1245 1102.4506 3299.8992 3299.8992 3299.8992 3299.8992 3299.8992 3299.8992 3299.8992 3299.8992 3299.8992 3299.8992 3299.8992 3299.8992 3299.8992 1759.5703 -244.0155 -1160.7605 -1495.2118 -1643.454 -1378.2898 -442.41028 202.5238 491.45508 771.62476 906.3721 310.4828 -2211.0442 -3259.5154 -3244.6106 -3229.9072 -3215.4053 -3201.2053 -3186.9048 -3173.007 -3159.4116 -3145.7153 -3131.9182 -3118.6248 -3105.7341 -3092.4407 1729.8615 3299.8992 3299.8992 3299.8992 3299.8992 3299.8992 3299.8992 3299.8992 3299.8992 3299.8992 
3299.8992 3299.8992 3299.8992 3299.8992 3299.8992 3299.8992 3299.8992 3299.8992 3299.8992 3299.8992 3299.8992 -2434.314 -3115.9058 -3100.5981 -3085.794 -3070.99 -3056.2866 -3041.986 -3027.6855 -3013.5864 -2999.588 -2985.791 -2972.4976 -2958.5999 -2945.105 -2931.7107 -2918.6187 -2905.5266 -2892.7368 -2879.8462 -2687.5945 -1941.5497 -911.6089 533.85315 2593.5332 3299.8992 3299.8992 3299.8992 3299.8992 3299.8992 3299.8992 3299.8992 3299.8992 3299.8992 3299.8992 3299.8992 3299.8992 3299.8992 3299.8992 3299.8992 3068.0693 -3123.4587 -3107.849 -3092.743 -3077.7373 -3063.1348 -3048.6328 -3034.3323 -3020.1323 -3006.0332 -2992.035 -2978.2378 -2965.0452 -2951.248 -2937.7532 -2924.5605 -2911.4685 -2898.477 -2885.6873 -2872.6958 -2520.52 -1537.0056 -461.34338 1041.0187 3064.6453 3299.8992 3299.8992 3299.8992 3299.8992 3299.8992 3299.8992 3299.8992 3299.8992 3299.8992 3299.8992 3299.8992 3299.8992 3299.8992 3299.8992 3299.8992 2598.0652 -3121.7468 -3106.2378 -3091.1316 -3076.3274 -3061.624 -3047.122 -3032.8215 -3018.6218 -3004.5227 -2990.625 -2976.9287 -2963.031 -2949.8381 -2936.444 -2923.1506 -2910.1592 -2897.0671 -2884.2773 -2871.5881 -2428.1707 -1633.786 -373.12317 1161.6669 3141.0828 3299.8992 3299.8992 3299.8992 3299.8992 3299.8992 3299.8992 3299.8992 3299.8992 3299.8992 3299.8992 3299.8992 3299.8992 3299.8992 3299.8992 3299.8992 2256.8665 -3119.7327 -3104.3242 -3089.218 -3074.3132 -3059.8113 -3045.108 -3030.9082 -3016.7083 -3002.71 -2988.8123 -2975.0151 -2961.2183 -2947.824 -2934.6313 -2921.338 -2908.3464 -2895.4558 -2882.4646 -2869.7754 -2405.1086 -1579.0009 -255.79834 1514.2456 3299.8992 3299.8992 3299.8992 3299.8992 3299.8992 3299.8992 3299.8992 3299.8992 3299.8992 3299.8992 3299.8992 3299.8992 3299.8992 3299.8992 3299.8992 3299.8992 2120.7092 -3120.0347 -3104.727 -3089.5203 -3074.716 -3060.0127 -3045.5107 -3031.311 -3017.0105 -3003.012 -2989.215 -2975.3174 -2962.024 -2948.4282 -2935.0342 -2921.7407 -2908.5479 -2895.5566 -2882.7666 -2870.2788 -2020.404 -1385.138 -78.95508 1595.3156 3299.8992 3299.8992 3299.8992 3299.8992 3299.8992 3299.8992 
3258.1055 3242.2942 3226.181 3175.3235 819.0582 -1312.8296 -1979.4159 -2265.628 -1815.0604 -1516.4612 -629.32434 356.0028 884.317 1290.5731 1651.9135 1723.9197 924.3988 -755.8136 -2834.6282 3239.273 3255.5876 3271.6003 3287.6128 3299.8992 -3281.2683 -3265.9607 -3250.653 -3235.446 -3220.5413 -3205.7373 -1027.7252 3299.8992 3299.8992 3299.8992 3299.8992 3299.8992 3299.8992 3299.8992 3288.0156 3272.406 3256.6956 3240.8843 3224.5696 3088.916 571.41724 -1337.503 -1995.3278 -2350.122 -1811.8378 -1312.9303 -233.9447 676.9592 1059.6497 1320.5841 1600.351 1597.8333 627.2095 -970.32166 -3268.1763 3238.87 3255.0842 3271.298 3286.7065 3299.8992 -3281.5703 -3266.3635 -3250.8545 -3235.6475 -3220.7427 -3206.0393 -630.83496 3299.8992 3299.8992 3299.8992 3299.8992 3299.8992 3299.8992 3299.8992 3284.8938 3269.1833 3253.5735 3237.7625 3221.5483 2914.389 258.01392 -1386.7493 -1833.0872 -2086.8713 -1639.0228 -1255.6274 -173.92273 686.12366 1056.6284 1304.4708 1649.8993 1629.1534 531.6376 -1028.7323 3219.0308 3235.7483 3252.063 3268.1763 3283.5845 3299.6978 -3284.793 -3269.4854 -3253.9763 -3238.971 -3223.764 -3209.0605 -354.29077 3299.8992 3299.8992 3299.8992 3299.8992 3299.8992 3299.8992 3295.7703 3280.1604 3264.6514 3248.7395 3233.13 3217.218 2823.9531 208.26416 -1389.7705 -1909.1217 -2228.8696 -1614.6515 -1161.4655 -110.476685 619.45496 1047.7661 1358.3496 1641.3391 1447.6776 305.04456 -1214.3372 3219.4336 3236.1511 3252.4658 3268.4783 3284.491 3299.8992 -3284.491 -3269.0825 -3253.775 -3238.568 -3223.6633 -3208.7585 80.4657 3299.8992 3299.8992 3299.8992 3299.8992 3299.8992 3299.8992 3293.051 3277.6428 3262.033 3246.121 3230.4106 3214.801 2693.7378 -40.283203 -1585.3455 -2095.935 -2315.579 -1838.2233 -1428.0396 -332.43713 467.688 952.2949 1233.371 1527.4384 1294.4 7.0495605 -1399.5392 3230.2092 3246.7253 3262.8386 3278.7505 3294.7632 -3289.8284 -3274.4202 -3258.9111 -3243.805 -3228.6987 -3213.8945 -3108.7554 730.13306 3299.8992 3299.8992 3299.8992 3299.8992 3299.8992 3299.8992 3298.3887 3282.8796 3267.2698 
3299.8992 3299.8992 3299.8992 3299.8992 3299.8992 3299.8992 3299.8992 3299.8992 3299.8992 3299.8992 3075.5217 98.69385 -2347.9065 -2993.2434 -2979.2449 -2965.448 -2951.8523 -2938.3574 -2925.064 -2911.972 -2898.9807 -2886.09 -2873.3 -2860.5103 -2848.0225 -2835.3333 -2822.946 -2810.4583 -2798.0713 -2785.8855 -2342.5688 -1660.3729 -1171.9391 -504.54712 403.6377 1729.2572 3299.8992 3299.8992 3299.8992 3299.8992 3299.8992 3299.8992 3299.8992 3299.8992 3299.8992 3299.8992 3299.8992 3299.8992 3299.8992 3299.8992 2975.3174 150.8606 -2314.4714 -2993.9482 -2980.0505 -2966.2537 -2952.5574 -2939.163 -2925.8696 -2912.8784 -2899.585 -2886.795 -2873.9043 -2861.215 -2848.6267 -2835.9375 -2823.5503 -2811.0625 -2798.6755 -2786.4897 -2560.7024 -2007.312 -1354.5227 -644.0277 269.39392 1732.2784 3299.8992 3299.8992 3299.8992 3299.8992 3299.8992 3299.8992 3299.8992 3299.8992 3299.8992 3299.8992 3299.8992 3299.8992 3299.8992 3299.8992 2560.199 -334.14917 -2707.837 -2985.4888 -2971.591 -2957.9956 -2944.4 -2931.0059 -2917.7124 -2904.6204 -2891.629 -2878.839 -2865.6462 -2853.2593 -2840.6707 -2828.0823 -2815.695 -2803.308 -2791.0217 -2778.7354 -2058.0688 -1499.2401 -913.3209 -177.54822 717.8467 2247.9033 3299.8992 3299.8992 3299.8992 3299.8992 3299.8992 3299.8992 3299.8992 3299.8992 3299.8992 3299.8992 3299.8992 3299.8992 3299.8992 3299.8992 2546.2004 -243.41125 -2627.774 -2991.2292 -2977.2307 -2963.5344 -2950.0396 -2936.5447 -2923.1506 -2910.1592 -2897.0671 -2884.076 -2871.3867 -2858.5967 -2846.0083 -2833.4197 -2821.0327 -2808.545 -2796.2585 -2784.0728 -2092.4102 -1623.7152 -992.4774 -86.206055 733.95996 2210.5408 3299.8992 3299.8992 3299.8992 3299.8992 3299.8992 3299.8992 3299.8992 3299.8992 3299.8992 3299.8992 3299.8992 3299.8992 3299.8992 3299.8992 2079.318 -788.5437 -3003.717 -2989.618 -2975.6194 -2962.024 -2948.6296 -2935.1348 -2921.9421 -2908.85 -2895.758 -2882.7666 -2870.0774 -2857.489 -2844.699 -2832.2112 -2819.8242 -2807.3364 -2795.1506 -2782.8643 -1998.6511 -1679.1046 -1114.6362 -221.45691 832.5531 2465.634 3299.8992 3299.8992 3299.8992 3299.8992 

-130.719 -186.71265 -227.80151 -219.44275 -147.33582 -58.61206 3.1219482 41.4917 44.91577 70.59631 87.81738 91.34216 91.44287 68.28003 36.657715 37.261963 89.328 93.55774 93.15491 105.340576 110.77881 169.18945 244.51904 251.26648 236.3617 214.30664 209.27124 179.96521 134.34448 55.288696 3.1219482 1.4099121 -27.191162 -120.14465 -258.41675 -365.06653 -367.3828 -285.00366 -233.54187 -227.09656 -244.92188 -205.0415 -93.55774 11.480713 110.476685 178.95813 181.47583 173.92273 176.74255 183.08716 147.73865 89.328 10.070801 -46.325684 -71.90552 -75.73242 -65.15808 -109.26819 -91.94641 -47.131348 -15.206909 -11.178589 -3.3233643 -27.493286 -27.493286 -18.026733 -15.811157 -13.293457 7.2509766 2.1148682 55.288696 111.8866 133.13599 122.058105 97.58606 60.324097 34.84497 35.549927 -7.3516846 -54.58374 -146.02661 -234.24683 -234.34753 -200.91248 -117.92908 -82.37915 -88.11951 -76.33667 -35.751343 38.974 98.59314 165.86609 223.26965 255.89905 245.82825 229.31213 263.55286 277.65198 293.161 245.3247 115.7135 8.258057 -35.95276 -59.518433 -69.79065 -92.04712 -70.495605 -43.103027 -23.062134 -92.55066 -138.47351 -159.11865 -136.15723 -137.86926 -145.12024 -153.479 -157.2052 -129.81262 -106.54907 -110.07385 -126.89209 -176.1383 -219.64417 -218.43567 -160.42786 -85.198975 -45.117188 23.666382 85.198975 114.001465 85.80322 60.22339 61.935425 54.483032 69.38782 102.72217 91.64429 34.240723 27.593994 31.018066 51.159668 94.66553 129.81262 110.17456 88.62305 68.17932 49.0448 15.609741 1.6113281 -65.76233 -82.9834 -77.545166 -64.35242 -56.09436 -36.053467 -15.408325 17.120361 56.5979 77.84729 142.80396 125.38147 39.074707 -16.918945 -95.16907 -88.723755 -24.069214 24.27063 55.993652 118.533325 206.85425 185.30273 89.730835 2.6184082 -44.110107 -54.483032 -51.159668 -64.151 -60.62622 19.335938 106.04553 115.61279 101.815796 97.08252 35.85205 -71.502686 -147.2351 -140.48767 -113.39722 -103.930664 -141.29333 -140.08484 -114.001465 -97.58606 -83.48694 -70.59631 -77.84729 -58.61206 -1.5106201 15.911865 34.542847 7.5531006 -25.982666 -22.155762 1.7120361 47.836304 44.91577 35.44922 31.924438 30.81665 42.700195 57.504272 62.74109 45.318604 37.46338 72.81189 159.11865 177.44751 144.31458 150.15564 173.82202 
-106.75049 -57.504272 -13.796997 23.565674 -25.378418 -97.18323 -122.96448 -134.74731 -104.23279 -63.546753 -28.198242 -3.9276123 6.5460205 33.032227 121.85669 176.74255 138.07068 104.03137 75.83313 68.58215 76.638794 90.43579 62.64038 2.4169922 -38.36975 -59.61914 -54.382324 -15.005493 10.876465 14.904785 -32.025146 -65.66162 -71.09985 -49.44763 -5.3375244 35.247803 78.85437 56.396484 58.410645 21.75293 2.6184082 -2.5177002 -7.8552246 -7.2509766 -65.15808 -100.20447 -94.3634 -86.206055 -85.90393 -94.766235 -80.56641 -49.749756 -28.601074 -25.78125 -19.134521 -68.07861 -125.7843 -82.58057 -22.961426 39.98108 81.06995 100.70801 95.97473 118.73474 141.19263 157.30591 139.98413 123.16589 74.12109 53.475952 36.95984 25.378418 14.804077 1.6113281 6.6467285 17.321777 -3.7261963 -35.650635 -30.413818 -48.641968 -35.44922 8.862305 16.012573 15.609741 -36.85913 -52.468872 -57.000732 -88.220215 -89.52942 -90.13367 -106.54907 -120.24536 -123.97156 -117.22412 -115.31067 -148.54431 -155.9967 -58.511353 -0.80566406 10.675049 23.666382 10.775757 -10.070801 10.070801 43.40515 80.86853 80.4657 108.05969 167.88025 225.58594 174.42627 103.22571 68.88428 54.18091 52.468872 60.827637 63.546753 5.9417725 -27.090454 -59.1156 -58.410645 -26.989746 -4.5318604 -5.4382324 -42.49878 -69.488525 -72.40906 -69.89136 -60.928345 -64.05029 -35.549927 -27.896118 -16.71753 -13.092041 -35.147095 -86.50818 -95.06836 -43.203735 -23.968506 -9.063721 13.998413 33.132935 22.357178 40.686035 80.86853 123.77014 105.944824 81.170654 43.40515 53.57666 12.387085 -9.365845 -24.77417 -14.300537 12.991333 35.85205 -5.0354004 -57.302856 -28.601074 -2.1148682 21.350098 35.549927 35.147095 26.28479 9.466553 17.623901 44.714355 -8.560181 -82.37915 -115.20996 -89.93225 -58.71277 -47.836304 -36.657715 -21.450806 -41.290283 -58.813477 -49.145508 -69.992065 -74.12109 -10.171509 42.90161 20.040894 39.074707 61.23047 57.504272 45.318604 58.20923 69.68994 89.730835 42.800903 26.184082 32.125854 44.311523 58.007812 73.31543 39.678955 -16.71753 -50.656128 -65.05737 -31.82373 16.012573 11.380005 -20.24231 -49.346924 -25.378418 0.50354004 -6.1431885 -20.443726 -42.196655 -57.403564 -61.6333 -30.413818 14.804077 37.36267 23.464966 44.613647 84.695435 74.12109 38.47046 
2921.5393 2939.163 2955.78 2973.3032 2990.2222 3154.3762 -1307.5928 1506.0883 2999.3865 2985.5896 2970.9868 2956.3843 2940.271 2924.1577 2726.5686 2901.0955 2888.91 2876.422 2863.733 2850.7415 2837.448 2824.6582 2810.962 2798.2727 2785.2812 2771.7864 2759.0972 2746.6094 2734.2224 2720.7275 2730.6975 2753.659 2774.707 2794.9492 2814.2852 2833.319 2851.7485 2869.876 2887.7014 2905.5266 2923.0498 2940.6738 2957.8948 2974.5117 2991.4307 3210.1685 -1161.7676 1683.1329 2999.588 2985.5896 2970.8862 2954.4707 2939.4653 2922.0427 2657.785 2901.2969 2889.212 2876.825 2864.035 2851.0437 2837.8508 2824.4568 2811.5662 2797.9705 2785.0798 2771.7864 2759.3994 2747.0122 2734.5244 2700.2837 2734.5244 2757.083 2778.131 2798.1719 2817.5078 2836.3403 2854.8706 2872.8972 2890.8232 2908.3464 2925.8696 2942.8894 2960.4126 2977.0293 2993.9482 -3123.3582 -900.6317 2286.8774 2997.5737 2983.5754 2968.9727 2954.4707 2938.9617 2922.5464 2905.9294 2899.2827 2887.0972 2874.5085 2861.618 2848.6267 2835.3333 2821.939 2808.545 2795.8557 2783.0657 2769.4702 2756.8816 2744.3938 2731.906 2261.0962 2735.028 2757.5867 2778.534 2798.474 2817.7092 2836.6423 2855.072 2873.1995 2891.0247 2908.6487 2926.071 2943.695 2960.4126 2977.835 2994.6533 -2894.1467 -671.01746 2483.0566 2995.1567 2981.259 2965.5486 2950.241 2936.1418 2919.928 2868.7683 2897.0671 2884.9822 2872.3938 2859.6038 2846.4111 2833.319 2820.4285 2807.3364 2793.9421 2781.0515 2767.758 2755.2703 2742.984 2730.597 1489.27 2736.74 2758.9966 2779.9438 2799.884 2819.22 2837.9517 2856.2805 2874.408 2892.2332 2909.9578 2927.2795 2944.2993 2962.024 2978.54 2995.3582 -2839.3616 -385.71167 2520.3186 2994.2505 2980.1514 2964.038 2948.932 2934.2285 2917.1082 2904.721 2896.7651 2884.6802 2872.1924 2859.201 2846.2097 2832.9163 2819.6228 2806.7322 2793.338 2780.3467 2767.1538 2754.7668 2742.279 2729.8918 458.42285 2738.9556 2761.2122 2782.0586 2801.7974 2821.0327 2839.7644 2858.0933 2876.2207 2893.9453 2911.67 2929.0923 2946.0112 2962.9302 2980.4534 2997.2717 -2608.2366 -199.9054 2840.1672 2992.9412 2978.9429 2964.34 2949.3347 2933.322 2915.8997 2907.843 2895.3552 2883.1694 2870.581 2857.6904 2844.4976 
3299.8992 3299.8992 3299.8992 3299.8992 3299.8992 3299.8992 3299.8992 3299.8992 3299.8992 3299.8992 3299.8992 -1599.8474 -2554.5593 -2542.6758 -2530.6914 -2519.3115 -2507.6294 -2496.4507 -2485.0708 -2387.686 -1324.1089 2366.5374 3299.8992 2756.6802 -169.59229 -1160.6598 -2193.7224 -2004.4922 -1466.9128 -2347.8057 -2457.1746 -2445.8953 -2435.1196 -2424.3438 -2413.2659 -2402.9937 -2392.52 -2308.1267 -2222.9277 1805.191 3299.8992 3299.8992 3299.8992 3299.8992 3299.8992 3299.8992 3299.8992 3299.8992 3299.8992 3299.8992 2604.9133 -2437.4358 -2558.4868 -2546.704 -2535.1226 -2523.3398 -2512.0605 -2500.5798 -2488.9983 -2478.0212 -2120.5078 1117.1539 3299.8992 1227.4292 -1452.2095 -2168.9482 -2468.6553 -2455.2612 -1802.5726 -2438.5437 -2427.6672 -2416.8914 -2406.2163 -2395.7427 -2385.1685 -2374.8962 -2364.624 -2354.4524 -2344.3816 3299.8992 3299.8992 3299.8992 3299.8992 3299.8992 3299.8992 3299.8992 3299.8992 3299.8992 3299.8992 3299.8992 2508.2336 -2553.7537 -2541.6687 -2529.6843 -2518.103 -2506.421 -2495.0408 -2483.7615 -2472.3816 -2461.3037 -1458.0505 2573.6938 3299.8992 1808.2123 -888.9496 -1824.1241 -2470.7703 -2235.315 -1579.8065 -2441.9678 -2430.89 -2420.0134 -2409.3384 -2398.764 -2388.1897 -2377.716 -2367.5444 -2357.2722 -2347 3299.8992 3299.8992 3299.8992 3299.8992 3299.8992 3299.8992 3299.8992 3299.8992 3299.8992 3299.8992 3299.8992 2018.1885 -2554.0557 -2541.9707 -2530.0872 -2518.3044 -2506.9243 -2495.4436 -2484.0637 -2472.7844 -2461.6057 -1182.0099 2993.9482 3299.8992 1633.9874 -828.02124 -1903.0792 -2471.7773 -2289.7979 -1762.6923 -2441.565 -2430.5876 -2419.7112 -2408.9355 -2398.361 -2387.8875 -2377.5146 -2367.1416 -2356.8694 -2220.9136 3299.8992 3299.8992 3299.8992 3299.8992 3299.8992 3299.8992 3299.8992 3299.8992 3299.8992 3299.8992 3299.8992 1483.2275 -2553.0486 -2540.9636 -2529.08 -2517.398 -2505.9172 -2494.5374 -2483.1572 -2471.878 -2460.6995 -1011.61194 3282.5774 3299.8992 1167.6086 -942.1234 -2471.9788 -2466.0369 -2271.469 -1659.668 -2436.5295 -2425.4517 -2414.6758 -2404.0007 -2393.527 -2382.953 -2372.6807 -2362.3076 -2352.1362 -1854.9408 3299.8992 3299.8992 3299.8992 3299.8992 3299.8992 3299.8992 3299.8992 3299.8992 3299.8992 3299.8992 3299.8992 657.11975 -2547.9126 -2535.8276 -2524.0447 -2512.3625 -2500.8818 -2489.4011 -2478.1218 -2466.8425 -2455.7646 
3299.8992 3299.8992 3299.8992 3299.8992 1366.1041 -516.32996 -1268.7195 -1475.473 -1603.2715 -1397.8271 -523.1781 106.64978 343.01147 463.35754 614.11743 -69.79065 -2589.6057 -3253.07 -3238.0645 -3223.764 -3209.262 -3195.0623 -3181.1646 -3167.3674 -3153.4697 -3139.9749 -3126.8828 -3113.2874 -3100.0945 -3065.3503 2265.5273 3299.8992 3299.8992 3299.8992 3299.8992 3299.8992 3299.8992 3299.8992 3299.8992 3299.8992 3299.8992 3299.8992 3299.8992 3299.8992 1017.1509 -658.22754 -1400.3448 -1654.7333 -1802.9755 -1372.4487 -376.1444 114.90784 418.03894 649.2645 865.68604 10.171509 -2797.9705 -3248.236 -3233.432 -3218.8293 -3204.5288 -3190.3289 -3176.7334 -3162.6343 -3149.3408 -3135.745 -3122.0488 -3108.8562 -3096.0662 -2932.1135 2659.1948 3299.8992 3299.8992 3299.8992 3299.8992 3299.8992 3299.8992 3299.8992 3299.8992 3299.8992 3299.8992 3299.8992 3299.8992 3284.3901 883.61206 -731.7444 -1384.7351 -1631.369 -1749.8016 -1289.2639 -182.78503 442.20886 745.7428 900.8331 1005.26733 102.72217 -2741.8762 -3251.5593 -3236.6545 -3221.9512 -3207.55 -3193.5515 -3179.5532 -3165.9575 -3151.8584 -3138.3635 -3125.2715 -3111.676 -3098.4832 -2591.8213 3299.8992 3299.8992 3299.8992 3299.8992 3299.8992 3299.8992 3299.8992 3299.8992 3299.8992 3299.8992 3299.8992 3299.8992 3299.8992 3203.9246 795.694 -628.31726 -1088.3514 -1339.7186 -1488.4644 -1063.7787 -229.61426 173.72131 396.38672 575.8484 701.4313 -347.94617 -3267.0684 -3251.9622 -3237.1582 -3222.6562 -3208.1543 -3193.9543 -3180.258 -3166.2598 -3152.765 -3139.3706 -3125.473 -3112.1794 -3099.4902 -2350.2227 3299.8992 3299.8992 3299.8992 3299.8992 3299.8992 3299.8992 3299.8992 3299.8992 3299.8992 3299.8992 3299.8992 3299.8992 3299.8992 3057.1929 623.08044 -827.7191 -1325.5188 -1533.1787 -1683.2336 -1133.4686 -282.9895 153.57971 422.6715 596.3928 613.6139 -653.6957 -3261.2273 -3246.222 -3231.72 -3216.9158 -3202.716 -3188.617 -3174.8198 -3161.2244 -3147.2258 -3133.731 -3120.639 -3107.144 -3093.9514 -1967.633 3299.8992 3299.8992 3299.8992 3299.8992 3299.8992 3299.8992 3299.8992 3299.8992 3299.8992 3299.8992 3299.8992 3299.8992 3299.8992 2966.6565 630.2307 -657.4219 -1146.1578 -1459.1583 -1551.4069 -847.76 -3.2226562 343.91785 543.6218 679.87976 593.9758 -726.40686 -3264.7522 -3249.646 -3234.8418 -3220.3398 
3299.8992 3299.8992 3299.8992 3299.8992 3299.8992 3299.8992 3299.8992 3299.8992 3299.8992 3299.8992 1533.783 -3121.2432 -3105.7341 -3090.7288 -3075.7231 -3061.2212 -3046.6187 -3032.318 -3018.1182 -3004.2205 -2990.3228 -2976.526 -2963.2324 -2949.4353 -2936.0413 -2922.8484 -2909.6558 -2896.7651 -2883.8745 -2871.1853 -1888.5773 -1129.8431 262.14294 1949.2035 3299.8992 3299.8992 3299.8992 3299.8992 3299.8992 3299.8992 3299.8992 3299.8992 3299.8992 3299.8992 3299.8992 3299.8992 3299.8992 3299.8992 3299.8992 3299.8992 770.7184 -3123.3582 -3108.0505 -3093.045 -3078.1401 -3063.5376 -3049.0356 -3034.735 -3020.5352 -3006.3354 -2992.6392 -2978.7415 -2965.0452 -2951.651 -2938.4583 -2925.064 -2912.0728 -2899.0813 -2886.09 -2873.401 -1946.1823 -1387.4542 -10.171509 1735.6018 3299.8992 3299.8992 3299.8992 3299.8992 3299.8992 3299.8992 3299.8992 3299.8992 3299.8992 3299.8992 3299.8992 3299.8992 3299.8992 3299.8992 3299.8992 3299.8992 210.17761 -3119.4304 -3104.1228 -3088.916 -3074.2126 -3059.6099 -3045.108 -3030.8074 -3016.7083 -3002.71 -2988.9128 -2975.116 -2961.2183 -2947.9248 -2934.732 -2921.4385 -2908.3464 -2895.4558 -2882.5652 -2869.876 -1963.9069 -1171.3348 284.70154 2154.0435 3299.8992 3299.8992 3299.8992 3299.8992 3299.8992 3299.8992 3299.8992 3299.8992 3299.8992 3299.8992 3299.8992 3299.8992 3299.8992 3299.8992 3299.8992 3299.8992 -284.198 -3118.1213 -3102.713 -3087.808 -3073.0042 -3058.3008 -3043.7988 -3029.5989 -3015.4998 -3001.4006 -2987.503 -2973.9075 -2960.1104 -2946.817 -2933.5234 -2920.4314 -2907.3394 -2894.3481 -2881.558 -2868.869 -1750.3052 -998.7213 455.90515 2306.7168 3299.8992 3299.8992 3299.8992 3299.8992 3299.8992 3299.8992 3299.8992 3299.8992 3299.8992 3299.8992 3299.8992 3299.8992 3299.8992 3299.8992 3299.8992 3299.8992 -733.5571 -3118.222 -3103.0151 -3088.0095 -3073.1047 -3058.6028 -3044.2017 -3029.9011 -3015.6006 -3001.703 -2987.9058 -2974.008 -2960.8154 -2947.1191 -2933.7249 -2920.5322 -2907.5408 -2894.5496 -2881.8604 -2764.334 -1533.783 -782.80334 664.47144 2481.3445 3299.8992 3299.8992 3299.8992 3299.8992 3299.8992 3299.8992 3299.8992 3299.8992 3299.8992 3299.8992 3299.8992 3299.8992 3299.8992 3299.8992 3299.8992 3299.8992 -1700.4547 -3118.8262 -3103.5186 -3088.6138 -3073.8098 -3059.207 -3044.806 -3030.5054 -3016.3054 -3002.3071 
3251.4587 3235.6475 3219.937 2653.7566 3.4240723 -1347.2717 -1783.7402 -2098.1506 -1636.908 -1113.6292 -117.32483 676.05286 1090.0635 1386.6486 1682.9315 1422.3999 5.5389404 -1400.0427 3225.1738 3241.5894 3257.8032 3273.715 3289.9292 3299.8992 -3279.2542 -3263.745 -3248.538 -3233.432 -3218.527 -3030.0017 881.2958 3299.8992 3299.8992 3299.8992 3299.8992 3299.8992 3299.8992 3293.051 3277.4414 3261.8315 3245.9197 3230.2092 3214.4988 2346.8994 -291.44897 -1476.2787 -1829.6631 -2143.7712 -1628.0457 -1004.36096 87.51526 753.1952 1195.7062 1514.0442 1719.3878 1378.5919 -122.76306 -1519.6838 3222.052 3238.6687 3254.8828 3270.8953 3287.0085 3299.8992 -3282.074 -3266.6655 -3251.358 -3236.2517 -3221.2463 -2769.4702 1378.7933 3299.8992 3299.8992 3299.8992 3299.8992 3299.8992 3299.8992 3287.0085 3271.4995 3255.6885 3239.8772 3224.1667 3208.4563 2010.5347 -724.79553 -1778.8055 -1903.0792 -2153.842 -1613.6444 -983.8165 197.08557 788.14087 1097.5159 1373.2544 1628.6499 1249.6857 -332.73926 -1882.9376 3225.6775 3242.2942 3258.307 3274.3193 3289.8284 3299.8992 -3278.7505 -3263.4429 -3248.1353 -3232.8276 -3218.0237 -2542.9778 1685.7513 3299.8992 3299.8992 3299.8992 3299.8992 3299.8992 3299.8992 3287.915 3272.3052 3256.4941 3240.8843 3225.1738 3209.0605 1730.0629 -786.83167 -1751.6144 -1841.9495 -2027.5543 -1462.5824 -759.03625 304.03748 969.6167 1309.3048 1551.004 1797.3358 1279.4952 -378.36 -1793.4082 3220.944 3237.3596 3253.6743 3269.6868 3285.1958 3299.8992 -3283.2825 -3267.9749 -3252.6672 -3237.4602 -3222.4548 -2187.4785 2187.8813 3299.8992 3299.8992 3299.8992 3299.8992 3299.8992 3295.6694 3280.2612 3264.8528 3249.1423 3233.3313 3217.7214 3199.1912 1560.2692 -909.99756 -1816.571 -1926.7456 -2175.0916 -1709.9213 -937.1887 128.90625 647.3511 1006.77795 1349.3866 1584.0363 1097.3145 -489.0381 -2136.3188 3227.0874 3243.704 3259.7168 3275.7292 3291.0369 3299.8992 -3277.4414 -3262.1338 -3246.9268 -3231.8206 -3216.8152 -1961.087 2422.531 3299.8992 3299.8992 3299.8992 3299.8992 3299.8992 3299.295 3283.8867 3268.3777 3252.5664 3236.856 3221.2463 3202.1118 1316.7572 -964.5813 -1766.8213 -1898.346 -2162.201 -1615.4572 -763.76953 248.9502 726.30615 1130.9509 1513.3392 1598.941 915.03296 -899.0204 -2700.586 3232.8276 3249.2432 
3299.8992 3299.8992 3299.8992 3299.8992 3299.8992 3299.8992 3299.8992 3299.8992 3299.8992 3299.8992 2143.9727 -628.9215 -2997.171 -2990.7256 -2976.7273 -2963.031 -2949.4353 -2936.1418 -2922.7478 -2909.6558 -2896.6643 -2883.8745 -2871.0845 -2858.3953 -2845.6055 -2833.0168 -2820.63 -2808.142 -2795.8557 -2781.3538 -1727.6459 -1303.9673 -791.86707 -73.41614 908.1848 2614.279 3299.8992 3299.8992 3299.8992 3299.8992 3299.8992 3299.8992 3299.8992 3299.8992 3299.8992 3299.8992 3299.8992 3299.8992 3299.8992 3299.8992 1549.1913 -1241.8304 -3005.127 -2990.927 -2977.0293 -2963.333 -2949.8381 -2936.3433 -2923.1506 -2910.0586 -2896.9666 -2884.2773 -2871.4873 -2858.899 -2846.3103 -2833.621 -2821.2341 -2808.7463 -2796.46 -2784.1736 -1838.7268 -1477.3865 -886.02905 -87.81738 901.13525 2688.9038 3299.8992 3299.8992 3299.8992 3299.8992 3299.8992 3299.8992 3299.8992 3299.8992 3299.8992 3299.8992 3299.8992 3299.8992 3299.8992 3299.8992 1820.4987 -823.08655 -3008.0474 -2993.8477 -2979.849 -2966.2537 -2952.7588 -2939.3645 -2926.1719 -2912.8784 -2899.887 -2886.8958 -2874.2065 -2861.4165 -2848.8281 -2836.3403 -2823.8525 -2811.4653 -2798.9775 -2786.5906 -1999.5575 -1633.4839 -1010.1013 -148.04077 796.70105 2666.9495 3299.8992 3299.8992 3299.8992 3299.8992 3299.8992 3299.8992 3299.8992 3299.8992 3299.8992 3299.8992 3299.8992 3299.8992 3299.8992 3299.8992 1333.9783 -1332.6691 -3002.3071 -2988.208 -2974.3103 -2960.8154 -2947.2197 -2933.8257 -2920.6328 -2907.6416 -2894.6501 -2881.7595 -2868.869 -2856.2805 -2843.5913 -2831.1035 -2818.6157 -2806.2285 -2794.043 -2781.3538 -1967.4316 -1558.0536 -761.55396 100.00305 1059.0454 2997.876 3299.8992 3299.8992 3299.8992 3299.8992 3299.8992 3299.8992 3299.8992 3299.8992 3299.8992 3299.8992 3299.8992 3299.8992 3299.8992 3299.8992 1027.0203 -1585.7483 -2999.185 -2985.086 -2971.3896 -2957.5928 -2944.098 -2930.905 -2917.6116 -2904.5195 -2891.5283 -2878.6377 -2865.9485 -2853.1584 -2840.57 -2828.0823 -2815.5945 -2803.308 -2791.1223 -2668.0571 -1788.5742 -1358.0475 -638.8916 235.05249 1360.1624 3299.8992 3299.8992 3299.8992 3299.8992 3299.8992 3299.8992 3299.8992 3299.8992 3299.8992 3299.8992 3299.8992 3299.8992 3299.8992 3299.8992 3299.8992 559.6344 -1842.453 -2997.6746 -2983.5754 -2969.7783 -2956.082 -2942.5872 -2929.193 -2916.101 -2903.009 

183.89282 170.49866 138.3728 77.545166 -15.307617 -67.57507 -130.8197 -255.69763 -333.84705 -371.31042 -313.50403 -256.4026 -207.05566 -164.6576 -109.67102 -20.74585 23.76709 22.961426 -17.623901 -13.595581 -6.5460205 -57.60498 -142.70325 -149.7528 -59.1156 39.175415 95.97473 100.40588 92.44995 83.88977 91.744995 110.77881 89.63013 57.60498 69.79065 114.505005 100.50659 52.670288 47.232056 73.11401 103.22571 111.38306 117.62695 95.16907 63.949585 50.354004 47.93701 18.832397 18.530273 -25.479126 -17.321777 -2.6184082 -13.293457 6.6467285 22.659302 8.258057 0.70495605 5.6396484 14.501953 21.350098 -22.76001 -77.142334 -92.248535 -144.21387 -231.52771 -277.34985 -210.47974 -137.66785 -111.8866 -108.966064 -93.255615 -30.212402 21.954346 54.68445 100.10376 166.57104 190.43884 184.59778 187.11548 211.48682 211.48682 211.48682 211.48682 211.48682 211.48682 211.48682 211.48682 211.48682 211.48682 211.48682 211.48682 211.48682 211.48682 211.48682 211.48682 211.48682 211.48682 211.48682 211.48682 211.48682 -141.39404 -40.283203 61.431885 60.324097 47.93701 100.40588 128.40271 79.96216 28.601074 -68.28003 -118.2312 -58.007812 12.387085 10.977173 -41.693115 -45.721436 -61.029053 -43.40515 -20.947266 9.063721 19.033813 32.730103 65.15808 29.910278 -25.378418 -48.339844 -68.28003 -61.029053 -38.974 -66.06445 -93.45703 -161.83777 -188.42468 -207.35779 -214.60876 -228.8086 -180.26733 -123.97156 -82.37915 -52.871704 -14.602661 -30.010986 -60.62622 -30.413818 33.636475 70.999146 80.96924 94.96765 129.30908 155.39246 156.60095 150.05493 125.582886 120.7489 128.302 112.490845 15.408325 -64.151 -95.87402 -82.27844 -35.95276 -1.0070801 41.290283 32.42798 18.026733 59.1156 103.22571 137.26501 124.37439 100.20447 107.65686 92.85278 53.67737 9.164429 -19.537354 -26.989746 25.27771 54.382324 59.014893 52.972412 38.47046 2.1148682 -12.185669 28.399658 57.10144 62.438965 49.0448 1.0070801 -52.368164 -59.921265 -69.89136 -56.799316 -14.300537 34.542847 79.660034 114.505005 105.23987 104.53491 85.198975 21.24939 
2.7191162 -24.169922 -45.822144 -1.2084961 47.232056 49.649048 2.2155762 4.4311523 33.9386 72.81189 -10.876465 -73.61755 -83.58765 -97.58606 -101.815796 -82.177734 -91.44287 -120.34607 -99.19739 -77.041626 -25.982666 76.538086 170.09583 149.95422 87.11243 47.634888 20.343018 -11.581421 -49.346924 -75.027466 -117.62695 -141.99829 -146.32874 -149.85352 -151.06201 -184.49707 -136.66077 -55.59082 -3.7261963 51.864624 89.730835 105.13916 83.184814 116.41846 137.86926 140.38696 111.483765 128.10059 155.09033 239.18152 248.24524 201.41602 137.0636 73.11401 53.375244 60.22339 43.90869 -3.0212402 -56.5979 -100.50659 -97.48535 -59.71985 -37.765503 -67.977905 -125.079346 -127.093506 -132.0282 -128.40271 -124.575806 -91.54358 -79.45862 -72.30835 -59.21631 -37.161255 -22.558594 -58.71277 -31.924438 10.272217 17.321777 31.219482 73.91968 116.21704 111.78589 132.22961 131.52466 113.90076 112.39014 90.63721 51.159668 43.103027 -20.544434 -32.32727 -36.557007 -38.87329 -11.480713 37.46338 10.876465 -33.43506 -58.10852 -51.864624 -35.046387 -20.343018 -33.9386 -74.82605 -81.37207 -101.51367 -137.76855 -132.53174 -77.041626 -22.860718 8.560181 18.933105 -11.077881 -55.59082 -83.38623 -56.900024 36.758423 75.83313 24.371338 -20.343018 -46.224976 -72.006226 -109.57031 -80.4657 -9.768677 23.666382 75.32959 121.25244 133.2367 158.01086 137.66785 161.0321 161.63635 131.72607 105.944824 80.36499 9.164429 -20.443726 -25.378418 -25.378418 -65.05737 -80.667114 -87.61597 -137.36572 -178.05176 -178.656 -157.80945 -135.8551 -137.1643 -133.3374 -63.546753 21.954346 68.984985 81.27136 73.61755 43.90869 94.766235 134.44519 148.04077 129.71191 101.21155 59.518433 44.91577 80.26428 136.35864 145.52307 111.58447 63.74817 44.815063 37.96692 -11.682129 -26.586914 -34.643555 -36.35559 -18.530273 -7.6538086 -79.156494 -90.737915 -104.837036 -90.93933 -58.20923 17.926025 82.27844 79.156494 44.815063 4.8339844 -46.728516 -87.01172 -119.13757 -124.17297 -73.516846 -36.35559 -27.29187 -36.4563 -75.531006 -127.697754 -90.33508 -66.56799 -41.793823 12.487793 
2831.4055 2818.4143 2804.9194 2792.1294 2779.1382 2765.744 2753.1555 2740.6677 2728.18 -905.2643 2740.3655 2762.5212 2783.1665 2803.0059 2822.2412 2840.872 2859.201 2877.3284 2895.053 2912.677 2930.0994 2947.6226 2964.8438 2981.4604 2998.2788 -2236.7249 107.25403 3003.8176 2990.3228 2976.0222 2959.0027 2944.7021 2930.2002 2853.3599 2905.5266 2893.1396 2880.9539 2868.3655 2855.5754 2842.3828 2829.2908 2815.796 2803.0059 2789.6118 2776.7212 2763.5283 2751.1414 2738.7542 2726.2664 -2617.9045 2741.9768 2763.9312 2784.4756 2804.3152 2823.5503 2841.98 2860.4094 2878.5369 2896.2615 2913.8855 2931.2073 2948.1262 2965.6494 2982.266 2999.0845 -1909.021 399.9115 3001.5015 2987.8052 2973.2024 2955.6792 2941.278 2925.5676 2566.5435 2904.2175 2892.1326 2880.0476 2867.5598 2854.7698 2841.6777 2828.3843 2814.9902 2801.6968 2789.1082 2776.2175 2762.8235 2750.1343 2737.747 2725.1587 2719.9219 2743.8904 2765.744 2786.1877 2805.9265 2825.061 2843.5913 2862.0208 2879.9468 2897.7722 2915.396 2932.7178 2950.241 2966.858 2984.2803 3000.9978 -1686.8591 621.0663 3000.4944 2986.798 2972.1953 2955.3772 2940.7744 2925.5676 2654.663 2902.6062 2890.5212 2878.2349 2865.747 2852.8564 2839.7644 2826.5715 2813.681 2800.0854 2787.3962 2774.6062 2761.2122 2748.6235 2736.2366 2723.5474 2721.4324 2745.1995 2766.8518 2787.3962 2806.9336 2826.068 2844.699 2863.0278 2880.9539 2898.6785 2916.2017 2933.5234 2951.1475 2968.2678 2984.8845 3001.703 -1463.0859 983.313 2998.6816 2984.9854 2970.3826 2953.5645 2939.163 2923.755 2637.7441 2900.894 2888.809 2876.5227 2863.9343 2850.9429 2837.8508 2824.7588 2811.264 2798.474 2785.0798 2772.29 2759.198 2746.8108 2734.4238 2721.6338 2722.8423 2746.3074 2767.9595 2788.504 2808.0413 2827.0752 2845.6055 2863.9343 2881.7595 2899.585 2917.2087 2934.5305 2951.4495 2968.9727 2985.4888 3004.1199 -1259.8572 1141.9281 2997.2717 2983.4746 2969.0735 2954.1687 2938.0554 2923.0498 2762.4207 2898.9807 2886.6943 2874.408 2861.7188 2848.7273 2835.6353 
-800.9308 3299.8992 3299.8992 1005.46875 -909.2926 -2473.2878 -2461.1023 -2199.6643 -2075.3906 -2431.3933 -2420.5168 -2409.9426 -2399.1667 -2388.693 -2378.2195 -2367.8467 -2357.5745 -2347.5037 -1502.0599 3299.8992 3299.8992 3299.8992 3299.8992 3299.8992 3299.8992 3299.8992 3299.8992 3299.8992 3299.8992 3299.8992 248.9502 -2543.4814 -2531.2957 -2519.6135 -2508.0322 -2496.5515 -2485.0708 -2473.7915 -2462.6128 -2451.535 -449.45984 3299.8992 3299.8992 1374.5636 -410.98938 -2029.9713 -2134.506 -2067.1326 -2145.282 -2438.04 -2427.063 -2416.287 -2405.5115 -2394.8364 -2384.3628 -2373.9897 -2363.617 -2353.5461 -1121.5851 3299.8992 3299.8992 3299.8992 3299.8992 3299.8992 3299.8992 3299.8992 3299.8992 3299.8992 3299.8992 3299.8992 -666.2842 -2546.3013 -2534.2163 -2522.4333 -2510.852 -2499.472 -2487.9912 -2476.712 -2465.5334 -2454.3547 -123.46802 3299.8992 3299.8992 1198.7274 -537.2772 -2418.6035 -2358.1787 -1801.6663 -2083.0444 -2442.0684 -2430.89 -2420.114 -2409.439 -2398.764 -2388.2903 -2377.8167 -2367.343 -2357.1716 -554.4983 3299.8992 3299.8992 3299.8992 3299.8992 3299.8992 3299.8992 3299.8992 3299.8992 3299.8992 3299.8992 3299.8992 -920.06836 -2550.3296 -2538.3452 -2526.663 -2515.0818 -2503.601 -2492.1204 -2480.841 -2469.5618 -2458.383 278.55835 3299.8992 3299.8992 937.8937 -749.469 -2339.6484 -2243.0693 -1218.3655 -1626.6357 -2452.542 -2441.464 -2430.487 -2419.6106 -2408.9355 -2398.361 -2387.7869 -2377.3132 -2367.041 -22.457886 3299.8992 3299.8992 3299.8992 3299.8992 3299.8992 3299.8992 3299.8992 3299.8992 3299.8992 3299.8992 3299.8992 -1620.7947 -2558.1848 -2546.2004 -2534.317 -2522.8362 -2511.255 -2499.8748 -2488.4949 -2477.3162 -2430.2856 493.77136 3299.8992 3299.8992 516.22925 -608.7799 -2316.687 -2147.0947 -1731.4728 -2371.0693 -2455.1604 -2444.0825 -2433.1055 -2422.229 -2411.6545 -2400.9795 -2390.4053 -2380.0322 -2369.76 380.67627 3299.8992 3299.8992 3299.8992 3299.8992 3299.8992 3299.8992 3299.8992 3299.8992 3299.8992 3299.8992 3299.8992 -1895.3247 -2560.0981 -2548.114 -2536.2305 -2524.649 -2513.269 -2501.7883 -2490.509 -2479.129 -2304.602 
-3205.9387 -3191.8396 -3177.6396 -3163.742 -3150.348 -3136.7522 -3123.056 -3109.7625 -3097.174 -1481.6162 3299.8992 3299.8992 3299.8992 3299.8992 3299.8992 3299.8992 3299.8992 3299.8992 3299.8992 3299.8992 3299.8992 3299.8992 3299.8992 2746.5088 346.0327 -815.73486 -1251.1963 -1504.0741 -1561.377 -644.1284 195.17212 534.8602 637.8845 794.7876 732.0465 -790.9607 -3270.4924 -3255.487 -3240.5823 -3225.879 -3211.5784 -3197.3784 -3183.078 -3169.4824 -3155.3833 -3141.687 -3128.6956 -3115.1 -3101.7058 -840.3076 3299.8992 3299.8992 3299.8992 3299.8992 3299.8992 3299.8992 3299.8992 3299.8992 3299.8992 3299.8992 3299.8992 3299.8992 3299.8992 2168.9482 -246.4325 -1326.0223 -1649.6979 -1842.2516 -1774.2737 -617.1387 255.99976 643.42346 816.1377 996.405 789.5508 -902.948 -3269.0825 -3253.8757 -3239.0715 -3224.469 -3210.0676 -3195.9685 -3182.0708 -3168.0725 -3154.8796 -3141.1833 -3127.3865 -3114.093 -3101.303 -149.95422 3299.8992 3299.8992 3299.8992 3299.8992 3299.8992 3299.8992 3299.8992 3299.8992 3299.8992 3299.8992 3299.8992 3299.8992 3299.8992 2199.463 -39.98108 -1125.2106 -1500.8514 -1771.3531 -1822.9156 -741.8152 12.588501 373.82812 561.145 760.14404 429.51965 -1551.4069 -3264.2485 -3249.2432 -3234.5398 -3220.1384 -3205.7373 -3191.6382 -3177.4382 -3163.6414 -3149.945 -3136.3494 -3123.3582 -3109.8633 -3096.6704 253.88489 3299.8992 3299.8992 3299.8992 3299.8992 3299.8992 3299.8992 3299.8992 3299.8992 3299.8992 3299.8992 3299.8992 3299.8992 3299.8992 1848.1934 -259.92737 -1229.1412 -1504.9805 -1611.2274 -1592.6971 -569.7052 123.97156 509.98535 720.3644 949.5758 473.83118 -1585.9497 -3264.2485 -3249.2432 -3234.5398 -3220.0378 -3205.7373 -3191.6382 -3177.4382 -3163.6414 -3150.1465 -3136.6516 -3122.8545 -3109.561 -3096.8718 628.01514 3299.8992 3299.8992 3299.8992 3299.8992 3299.8992 3299.8992 3299.8992 3299.8992 3299.8992 3299.8992 3299.8992 3299.8992 3299.8992 1818.5852 -143.91174 -1118.161 -1415.2496 -1568.93 -1417.0624 -257.20825 444.32373 674.54224 745.7428 882.8064 406.55823 -1841.0431 -3269.5862 -3254.3792 -3239.5752 -3225.0732 
-2988.51 -2974.8137 -2961.0168 -2947.7234 -2934.5305 -2921.338 -2908.3464 -2895.3552 -2882.4646 -2737.0422 -1684.3414 -786.63025 684.71375 2613.977 3299.8992 3299.8992 3299.8992 3299.8992 3299.8992 3299.8992 3299.8992 3299.8992 3299.8992 3299.8992 3299.8992 3299.8992 3299.8992 3299.8992 3299.8992 3299.8992 -2173.6816 -3117.2148 -3101.9072 -3087.0024 -3072.299 -3057.6965 -3043.2952 -3028.9946 -3014.8955 -3000.8972 -2987.1 -2973.4038 -2959.506 -2946.2126 -2933.02 -2919.8271 -2906.735 -2893.9453 -2881.0547 -2791.0217 -1941.7511 -960.15015 449.86267 2329.779 3299.8992 3299.8992 3299.8992 3299.8992 3299.8992 3299.8992 3299.8992 3299.8992 3299.8992 3299.8992 3299.8992 3299.8992 3299.8992 3299.8992 3299.8992 3186.7034 -3123.056 -3107.7483 -3092.5415 -3077.7373 -3063.1348 -3048.532 -3034.2314 -3020.0317 -3005.8318 -2991.934 -2978.2378 -2964.5415 -2951.3489 -2937.5518 -2924.2583 -2911.267 -2898.2756 -2885.385 -2872.6958 -2626.9683 -1964.6118 -853.50037 699.81995 2667.6543 3299.8992 3299.8992 3299.8992 3299.8992 3299.8992 3299.8992 3299.8992 3299.8992 3299.8992 3299.8992 3299.8992 3299.8992 3299.8992 3299.8992 3299.8992 2869.7754 -3116.1072 -3100.6987 -3085.5925 -3070.6877 -3056.0852 -3041.5833 -3027.2827 -3013.1836 -2999.185 -2985.2874 -2971.4905 -2957.8948 -2944.8027 -2931.2073 -2918.0144 -2904.9224 -2891.9312 -2879.242 -2866.452 -2413.87 -1689.7797 -688.54065 973.84644 2824.1545 3299.8992 3299.8992 3299.8992 3299.8992 3299.8992 3299.8992 3299.8992 3299.8992 3299.8992 3299.8992 3299.8992 3299.8992 3299.8992 3299.8992 3299.8992 2577.5208 -3113.086 -3097.577 -3082.5713 -3067.6665 -3053.1646 -3038.6626 -3024.362 -3010.263 -2996.2646 -2982.367 -2968.7712 -2955.1758 -2941.983 -2928.2866 -2915.094 -2902.002 -2889.1113 -2876.3213 -2863.733 -2201.0742 -1721.8048 -624.9939 953.5034 3093.5486 3299.8992 3299.8992 3299.8992 3299.8992 3299.8992 3299.8992 3299.8992 3299.8992 3299.8992 3299.8992 3299.8992 3299.8992 3299.8992 3299.8992 3299.8992 2221.5178 -3109.6619 -3094.1528 -3079.248 -3064.5447 -3049.8413 -3035.44 -3021.1394 -3006.9397 -2993.042 -2979.2449 
3265.5579 3281.369 3297.1802 -3287.5122 -3272.0032 -3256.6956 -3241.5894 -3226.5837 -3211.5784 -1707.7057 2610.553 3299.8992 3299.8992 3299.8992 3299.8992 3299.8992 3299.8992 3287.3108 3271.701 3255.89 3240.1794 3224.3682 3203.018 1052.7008 -1226.7242 -1978.5095 -2018.5913 -2144.4763 -1417.3645 -419.44885 554.4983 1096.8109 1338.913 1653.3234 1718.3807 971.8323 -689.447 -2612.3657 3230.9143 3247.3296 3263.4429 3279.3547 3295.2666 -3289.325 -3273.816 -3258.5083 -3243.3013 -3228.195 -3213.391 -931.04553 3299.8992 3299.8992 3299.8992 3299.8992 3299.8992 3299.8992 3295.166 3279.657 3264.047 3248.3367 3232.727 3216.9158 3149.0386 828.5248 -1249.0814 -2016.1743 -2039.5386 -2240.451 -1487.7594 -222.26257 744.1315 1158.847 1426.0254 1659.7687 1700.8575 875.5554 -737.78687 -2916.806 3224.8718 3241.287 3257.5012 3273.413 3289.5264 3299.8992 -3279.7576 -3264.3494 -3249.0417 -3234.0361 -3219.0308 -721.17004 3299.8992 3299.8992 3299.8992 3299.8992 3299.8992 3299.8992 3288.5193 3273.0103 3257.5012 3241.69 3226.0803 3210.3699 2980.3528 379.36707 -1413.2355 -2055.0476 -2046.286 -2164.92 -1506.3904 -308.87146 520.9625 955.21545 1337.7045 1631.4697 1520.4895 517.63916 -1092.5812 3214.096 3230.713 3246.9268 3263.1409 3279.0527 3294.9646 -3289.7278 -3274.3193 -3258.9111 -3243.704 -3228.6987 -3213.8945 -382.08618 3299.8992 3299.8992 3299.8992 3299.8992 3299.8992 3299.8992 3291.1377 3275.7292 3260.1196 3244.3083 3228.598 3212.8875 2893.2402 271.8109 -1493.2983 -2051.1199 -2047.4945 -2215.274 -1438.211 -171.90857 597.3999 1055.6213 1453.2166 1783.0353 1687.6648 526.19934 -972.73865 3213.8945 3230.4106 3246.9268 3263.04 3278.952 3294.8638 -3289.7278 -3274.5208 -3259.1125 -3243.9055 -3228.9001 -3213.9954 -204.63867 3299.8992 3299.8992 3299.8992 3299.8992 3299.8992 3299.8992 3289.9292 3274.4202 3258.9111 3243.2007 3227.3894 3211.679 2759.7014 92.44995 -1460.7697 -2029.2664 -1991.5009 -2140.448 -1294.7021 -74.020386 621.97266 995.9015 1351.6022 1728.2501 1605.7892 481.08215 -967.70325 3214.2974 3230.8135 3247.1282 
-2890.1184 -2877.3284 -2864.5386 -2851.8494 -2839.2607 -2826.8738 -2814.386 -2801.9988 -2789.7124 -2463.1165 -1475.2716 -1082.5104 -423.88 345.12634 1510.7208 3299.8992 3299.8992 3299.8992 3299.8992 3299.8992 3299.8992 3299.8992 3299.8992 3299.8992 3299.8992 3299.8992 3299.8992 3299.8992 3299.8992 3092.642 298.80066 -2193.9238 -2998.4802 -2984.5825 -2970.6848 -2956.9885 -2943.5942 -2930.2002 -2917.1082 -2904.016 -2891.0247 -2878.2349 -2865.6462 -2852.8564 -2840.3687 -2827.78 -2815.393 -2803.1067 -2790.7195 -2350.525 -1371.5424 -927.9236 -370.20264 387.72583 1545.0623 3299.8992 3299.8992 3299.8992 3299.8992 3299.8992 3299.8992 3299.8992 3299.8992 3299.8992 3299.8992 3299.8992 3299.8992 3299.8992 3299.8992 2850.1372 59.820557 -2333.908 -2998.9836 -2984.9854 -2971.3896 -2957.6934 -2944.1985 -2930.905 -2917.7124 -2904.5195 -2891.5283 -2878.839 -2866.15 -2853.4607 -2840.7715 -2828.3843 -2815.9973 -2803.5095 -2791.2231 -2339.2456 -1491.3849 -939.2029 -264.96277 554.3976 1892.7063 3299.8992 3299.8992 3299.8992 3299.8992 3299.8992 3299.8992 3299.8992 3299.8992 3299.8992 3299.8992 3299.8992 3299.8992 3299.8992 3299.8992 2572.7874 -181.97937 -2606.021 -2999.286 -2985.2874 -2971.4905 -2957.9956 -2944.5007 -2931.3079 -2918.2158 -2905.0232 -2892.1326 -2879.242 -2866.452 -2853.964 -2841.275 -2828.787 -2816.2993 -2804.013 -2791.7266 -2277.713 -1446.167 -975.25635 -240.08789 585.31494 2044.6747 3299.8992 3299.8992 3299.8992 3299.8992 3299.8992 3299.8992 3299.8992 3299.8992 3299.8992 3299.8992 3299.8992 3299.8992 3299.8992 3299.8992 2569.766 -60.324097 -2458.383 -3002.2063 -2988.3086 -2974.6123 -2960.916 -2947.6226 -2934.2285 -2921.0356 -2907.9436 -2894.9524 -2882.0618 -2869.2717 -2856.5825 -2843.9941 -2831.5063 -2819.1191 -2806.6313 -2794.4458 -2198.9592 -1499.0387 -932.55615 -173.5199 752.49023 2212.152 3299.8992 3299.8992 3299.8992 3299.8992 3299.8992 3299.8992 3299.8992 3299.8992 3299.8992 3299.8992 3299.8992 3299.8992 3299.8992 3299.8992 2406.8206 -199.30115 -2688.1987 -3004.724 -2990.7256 -2977.0293 -2963.333 -2949.8381 -2936.6455 -2923.4526 -2910.26 

-60.22339 -108.36182 -138.3728 -148.74573 -159.92432 -167.1753 -196.88416 -212.89673 -224.78027 -190.74097 -102.319336 -33.9386 -32.528687 -43.40515 -44.613647 -20.040894 64.453125 105.54199 133.63953 125.7843 93.255615 54.58374 35.85205 61.23047 83.28552 91.54358 83.58765 54.18091 19.335938 -44.0094 -138.97705 -163.4491 -139.98413 -134.34448 -131.02112 -98.99597 -44.0094 29.708862 73.81897 64.151 33.9386 61.12976 108.86536 142.30042 148.74573 153.479 124.4751 48.339844 -3.7261963 2.6184082 14.904785 24.572754 74.72534 141.99829 115.10925 2.6184082 -16.918945 0.10070801 23.76709 19.23523 0.60424805 -23.867798 -126.48926 -251.66931 -298.90137 -253.78418 -101.71509 43.103027 98.69385 80.86853 65.460205 89.227295 115.31067 79.96216 70.495605 73.41614 -11.682129 -47.634888 -75.631714 -121.35315 -160.62927 -173.92273 -177.85034 -152.06909 -108.1604 -16.314697 89.63013 159.11865 136.35864 112.28943 109.57031 72.40906 29.708862 -3.3233643 -75.4303 -170.09583 -195.07141 -213.50098 -174.7284 -124.97864 -124.97864 -124.97864 -124.97864 -124.97864 -124.97864 -124.97864 -124.97864 -124.97864 -124.97864 -124.97864 -124.97864 -124.97864 -124.97864 -124.97864 -124.97864 -124.97864 -124.97864 -124.97864 -124.97864 -124.97864 13.796997 59.21631 13.998413 -94.16199 -168.5852 -169.29016 -138.57422 -96.780396 -107.25403 -93.255615 -63.64746 -34.140015 -16.71753 -27.593994 -99.49951 -165.9668 -169.39087 -186.51123 -155.69458 -116.922 -103.62854 -73.81897 -13.494873 81.47278 150.55847 201.3153 264.1571 316.9281 355.8014 325.99182 283.39233 255.2948 237.26807 258.81958 253.17993 126.48926 -45.217896 -168.38379 -279.96826 -327.0996 -300.412 -243.9148 -191.1438 -105.74341 -65.25879 -59.417725 -87.11243 -140.58838 -212.79602 -218.93921 -187.82043 -152.47192 -104.937744 -68.481445 -39.074707 -15.005493 31.521606 55.490112 97.88818 98.49243 50.55542 45.117188 52.368164 78.048706 84.49402 54.68445 45.721436 19.638062 10.473633 16.415405 48.339844 55.59082 73.21472 120.7489 171.70715 178.656 133.43811 133.74023 145.12024 130.92041 123.97156 169.49158 181.073 119.64111 28.500366 -35.44922 -86.00464 -114.001465 -161.53564 -162.03918 -180.77087 -228.10364 -280.3711 -295.4773 -263.04932 -182.78503 -71.40198 14.099121 82.681274 113.69934 
7.9559326 -22.357178 -41.793823 19.537354 71.40198 108.1604 92.34924 51.965332 68.984985 63.14392 -23.666382 -74.32251 -90.03296 -74.92676 -32.42798 29.205322 4.6325684 -21.350098 -45.318604 -50.253296 -22.457886 35.85205 69.38782 36.657715 -0.80566406 -8.963013 0.20141602 17.623901 34.94568 41.088867 67.27295 76.7395 57.403564 45.822144 -3.1219482 -33.535767 3.5247803 -3.1219482 -48.239136 -77.74658 -77.545166 -88.42163 -99.09668 -50.55542 21.24939 54.986572 105.441284 172.10999 247.7417 260.02808 224.98169 210.0769 174.02344 135.45227 112.28943 97.98889 19.73877 -19.033813 -69.28711 -77.84729 -75.531006 -84.89685 -130.41687 -221.2555 -279.96826 -298.69995 -289.3341 -268.28613 -265.4663 -244.11621 -187.11548 -113.90076 -38.671875 23.464966 63.949585 79.96216 144.21387 190.53955 213.7024 218.93921 191.54663 130.11475 94.56482 89.328 79.660034 56.09436 34.542847 26.486206 65.460205 62.539673 19.73877 23.76709 25.881958 29.205322 29.205322 -12.286377 -111.8866 -131.32324 -153.17688 -173.21777 -130.11475 -86.91101 -49.95117 -86.60889 -89.63013 -63.345337 -54.483032 -57.000732 -52.56958 1.2084961 45.620728 50.656128 52.267456 35.751343 -14.199829 -48.94409 -11.380005 -26.889038 -26.586914 37.161255 104.23279 89.12659 89.02588 81.37207 82.681274 74.92676 72.20764 55.59082 89.52942 74.82605 58.007812 50.05188 38.571167 34.643555 37.36267 58.10852 21.75293 2.8198242 -25.479126 -8.660889 39.074707 56.295776 72.509766 13.998413 -54.483032 -72.509766 -50.454712 -45.117188 -76.94092 -57.806396 -33.83789 -41.290283 -63.64746 -96.57898 -147.94006 -151.36414 -96.17615 -66.56799 -73.11401 -49.54834 -11.380005 15.408325 61.73401 100.00305 86.206055 52.468872 52.770996 54.18091 91.04004 62.539673 40.585327 32.025146 31.32019 44.311523 56.19507 48.44055 6.1431885 -7.7545166 -27.79541 -29.608154 -17.22107 -25.378418 -46.124268 -101.916504 -95.269775 -73.21472 -103.326416 -133.03528 -151.56555 -96.07544 -23.26355 -4.3304443 -17.120361 -20.74585 -43.50586 -47.03064 9.869385 11.480713 15.811157 47.735596 96.98181 114.4043 155.39246 171.50574 186.61194 193.6615 194.26575 173.92273 188.92822 150.15564 109.16748 81.06995 27.593994 -7.8552246 -22.457886 -67.77649 -137.46643 -180.06592 -217.83142 -191.34521 
2822.4426 2809.0483 2795.8557 2783.1665 2770.3765 2756.8816 2744.3938 2732.2083 2719.1162 2723.7488 2747.113 2768.6646 2789.0076 2808.545 2827.5786 2846.3103 2864.4377 2882.3638 2900.0884 2917.6116 2934.9333 2952.5574 2969.174 2986.4958 3124.5667 -1046.759 1466.2079 2994.5525 2980.7556 2966.3542 2951.8523 2935.437 2920.3308 2755.0688 2896.3623 2884.076 2871.6887 2859.1003 2846.109 2833.0168 2819.8242 2807.0342 2793.8416 2780.548 2767.859 2754.7668 2742.3796 2730.194 2717.0012 2725.1587 2748.422 2769.873 2790.216 2809.6526 2828.6865 2847.2168 2865.4448 2883.3708 2901.0955 2918.6187 2935.9404 2952.9602 2970.282 2986.798 3148.3337 -1172.5433 1424.7162 2996.2646 2982.367 2967.7642 2952.8594 2936.847 2921.0356 2739.3584 2897.9736 2885.7878 2873.401 2860.7117 2847.7202 2834.5276 2821.3347 2807.8398 2795.1506 2781.8572 2769.0674 2756.076 2743.5881 2731.2012 2717.2026 2729.489 2752.3499 2773.7 2793.7407 2813.278 2832.2112 2850.54 2868.869 2886.795 2904.419 2921.9421 2939.264 2956.1829 2973.001 2990.3228 -3240.8843 -857.3273 1935.91 2994.5525 2980.6548 2966.0522 2950.241 2935.2356 2918.7195 2580.4412 2896.9666 2884.8816 2872.3938 2859.8052 2846.7131 2833.5205 2820.3276 2807.5378 2794.043 2781.3538 2768.6646 2755.2703 2742.7825 2730.3955 2598.1658 2731.5032 2754.1626 2775.3113 2795.453 2814.7888 2833.621 2852.1514 2870.2788 2888.2048 2905.8289 2923.2512 2940.573 2958.197 2974.7131 2991.934 -3104.727 -693.2739 1956.6559 2994.8547 2980.957 2965.448 2951.3489 2935.8398 2919.928 2861.7188 2896.8657 2884.6802 2872.1924 2859.4023 2846.3103 2833.1177 2819.9248 2807.0342 2794.043 2780.7495 2767.9595 2754.8674 2742.581 2730.194 2062.1978 2734.4238 2756.781 2777.9297 2797.8699 2817.3064 2836.139 2854.4678 2872.5952 2890.4204 2908.145 2925.5676 2942.8894 2959.7075 2977.0293 2993.5454 -2845.807 -372.72034 2282.2449 2992.9412 2979.1443 2964.038 2948.4282 2933.2214 2915.7988 2835.8367 2895.4558 2883.3708 2870.7825 2858.0933 2845.0012 2831.9092 2818.7163 2805.2214 2792.5322 2779.2388 2766.449 2753.357 2741.0706 2728.6833 1163.8824 2736.0352 2758.3923 2779.3396 2799.3804 2818.6157 2837.3474 2855.7769 2873.8037 2891.7297 2909.4543 2926.7761 
790.65857 3299.8992 2982.1655 -15.509033 -1161.1633 -2491.3147 -2479.834 -2021.5118 -2459.8938 -2448.715 -2437.738 -2426.9622 -2416.0857 -2405.5115 -2394.937 -2384.5642 -2374.0906 -2363.8184 1165.3931 3299.8992 3299.8992 3299.8992 3299.8992 3299.8992 3299.8992 3299.8992 3299.8992 3299.8992 3299.8992 3299.8992 -2162.4023 -2556.2712 -2544.3877 -2532.605 -2520.9229 -2509.5427 -2498.062 -2486.6821 -2475.5034 -1996.8384 1568.8293 3299.8992 2747.8179 -217.73071 -1220.0775 -2442.6726 -2262.1033 -1510.6201 -2433.8103 -2452.7434 -2441.6655 -2430.789 -2420.0134 -2409.3384 -2398.764 -2388.0889 -2377.8167 -2367.4438 1763.4979 3299.8992 3299.8992 3299.8992 3299.8992 3299.8992 3299.8992 3299.8992 3299.8992 3299.8992 3299.8992 2977.7344 -2570.169 -2557.9834 -2545.999 -2534.317 -2522.6348 -2511.0535 -2499.6733 -2488.394 -2477.2156 -1793.0054 1996.2341 3299.8992 2550.833 -324.2798 -1241.0248 -2394.1313 -2130.1758 -1540.9332 -2465.634 -2454.3547 -2443.2769 -2432.2998 -2421.524 -2410.8489 -2400.2747 -2389.9016 -2379.428 -2369.0552 2589.3035 3299.8992 3299.8992 3299.8992 3299.8992 3299.8992 3299.8992 3299.8992 3299.8992 3299.8992 3299.8992 2777.2246 -2572.6868 -2560.4004 -2548.5168 -2536.8347 -2525.1526 -2513.6719 -2502.1912 -2490.9119 -2479.6326 -1755.542 2036.8195 3299.8992 1907.6111 -989.35547 -2024.0295 -2484.97 -2446.0967 -1899.5544 -2453.4485 -2442.4712 -2431.5947 -2420.819 -2410.144 -2399.469 -2388.9954 -2378.6223 -2368.35 -2358.078 3299.8992 3299.8992 3299.8992 3299.8992 3299.8992 3299.8992 3299.8992 3299.8992 3299.8992 3299.8992 3299.8992 2373.587 -2563.4216 -2551.3367 -2539.3523 -2527.6702 -2516.0889 -2504.6082 -2493.3289 -2481.9487 -2470.6694 -1373.7579 2779.541 3299.8992 1921.106 -615.62805 -1937.6221 -2475.7048 -2106.3079 -1766.922 -2452.7434 -2441.464 -2430.6885 -2419.812 -2409.137 -2398.5625 -2388.0889 -2377.716 -2367.343 -2357.1716 3299.8992 3299.8992 3299.8992 3299.8992 3299.8992 3299.8992 3299.8992 3299.8992 3299.8992 3299.8992 3299.8992 2022.5189 -2562.1123 -2550.0273 -2538.1438 -2526.4617 -2514.981 -2503.5002 -2492.1204 -2480.7402 -2469.5618 -1059.9518 3235.8489 3299.8992 1528.949 -666.5863 -2206.7139 -2479.129 -2331.6924 -1952.5269 -2448.0103 -2437.033 -2426.056 -2415.28 -2404.7058 -2394.0308 -2383.5571 -2373.285 -2363.0127 -2267.4407 3299.8992 3299.8992 
-3210.6719 -3196.5728 -3182.675 -3168.9788 -3154.9805 -3141.4856 -3128.2927 -3114.7979 -3101.5044 1114.5355 3299.8992 3299.8992 3299.8992 3299.8992 3299.8992 3299.8992 3299.8992 3299.8992 3299.8992 3299.8992 3299.8992 3299.8992 3299.8992 1412.3291 -521.8689 -1363.8885 -1727.8473 -1843.8629 -1674.0692 -486.41968 172.71423 467.8894 679.57764 928.52783 359.5276 -2203.5918 -3263.3423 -3248.3367 -3233.6333 -3219.2322 -3204.9316 -3190.8325 -3176.532 -3162.6343 -3149.3408 -3135.9465 -3122.1497 -3108.9568 -3096.2676 1933.493 3299.8992 3299.8992 3299.8992 3299.8992 3299.8992 3299.8992 3299.8992 3299.8992 3299.8992 3299.8992 3299.8992 3299.8992 3299.8992 1426.5289 -288.22632 -952.2949 -1265.1947 -1418.7744 -1280.3009 -209.37195 271.5088 544.8303 640.5029 744.8364 -32.025146 -2653.7566 -3267.2698 -3252.365 -3237.6616 -3223.1597 -3208.8591 -3194.76 -3180.5603 -3166.864 -3152.765 -3139.27 -3126.3794 -3112.7837 -3063.9404 2308.0261 3299.8992 3299.8992 3299.8992 3299.8992 3299.8992 3299.8992 3299.8992 3299.8992 3299.8992 3299.8992 3299.8992 3299.8992 3296.9788 1033.1635 -695.0867 -1432.4707 -1716.8701 -1927.5513 -1707.8064 -563.4613 24.673462 303.43323 557.72095 780.28564 -23.26355 -2811.3647 -3255.3862 -3240.5823 -3225.9795 -3211.679 -3197.4792 -3183.3801 -3169.583 -3155.9875 -3142.2913 -3128.7964 -3115.9058 -3102.411 -2807.437 2959.506 3299.8992 3299.8992 3299.8992 3299.8992 3299.8992 3299.8992 3299.8992 3299.8992 3299.8992 3299.8992 3299.8992 3299.8992 3256.4941 921.9818 -705.7617 -1251.8005 -1502.5635 -1527.5391 -1171.8384 -21.350098 392.76123 579.4739 792.1692 956.22253 81.57349 -2733.9202 -3261.3281 -3246.4233 -3231.72 -3217.3186 -3203.018 -3188.919 -3174.8198 -3160.922 -3147.2258 -3133.6304 -3120.7397 -3107.144 -2554.5593 3299.8992 3299.8992 3299.8992 3299.8992 3299.8992 3299.8992 3299.8992 3299.8992 3299.8992 3299.8992 3299.8992 3299.8992 3299.8992 3214.096 903.8544 -516.32996 -1144.2444 -1517.2668 -1605.3864 -1221.0846 -126.589966 217.22717 362.146 579.8767 661.5509 -511.9995 -3274.2188 -3259.0117 -3244.2078 -3229.5044 -3215.103 -3200.9033 -3186.8042 -3173.108 -3159.3108 -3145.9167 -3132.4219 -3118.8262 -3105.6335 -2243.7744 3299.8992 3299.8992 3299.8992 3299.8992 3299.8992 3299.8992 3299.8992 3299.8992 3299.8992 3299.8992 3299.8992 
-2965.5486 -2952.0537 -2938.3574 -2925.1648 -2912.1733 -2899.0813 -2886.1907 -2873.5015 -2860.8123 -1979.4159 -1399.3378 -192.3523 1420.5872 3299.8992 3299.8992 3299.8992 3299.8992 3299.8992 3299.8992 3299.8992 3299.8992 3299.8992 3299.8992 3299.8992 3299.8992 3299.8992 3299.8992 3299.8992 3299.8992 1736.911 -3111.676 -3096.167 -3081.1614 -3066.3574 -3051.7546 -3037.3535 -3023.053 -3009.0544 -2994.9553 -2981.259 -2967.4622 -2953.8665 -2940.7744 -2927.179 -2913.986 -2900.894 -2888.0034 -2875.1128 -2862.625 -1667.7246 -1211.7188 66.26587 1714.0503 3299.8992 3299.8992 3299.8992 3299.8992 3299.8992 3299.8992 3299.8992 3299.8992 3299.8992 3299.8992 3299.8992 3299.8992 3299.8992 3299.8992 3299.8992 3299.8992 1144.1437 -3115.1 -3099.7925 -3084.5854 -3069.882 -3055.2795 -3040.7776 -3026.5776 -3012.4785 -2998.3794 -2984.4817 -2970.7854 -2957.19 -2943.997 -2930.603 -2917.3096 -2904.318 -2891.4275 -2878.5369 -2865.8477 -1466.6107 -1131.958 27.191162 1867.5293 3299.8992 3299.8992 3299.8992 3299.8992 3299.8992 3299.8992 3299.8992 3299.8992 3299.8992 3299.8992 3299.8992 3299.8992 3299.8992 3299.8992 3299.8992 3299.8992 844.7388 -3118.4233 -3103.1157 -3088.1104 -3073.3062 -3058.7036 -3044.2017 -3029.9011 -3015.802 -3001.8035 -2987.9058 -2974.109 -2960.614 -2947.4211 -2933.9263 -2920.5322 -2907.5408 -2894.5496 -2881.7595 -2869.0703 -1487.4573 -1258.3466 48.339844 1982.4371 3299.8992 3299.8992 3299.8992 3299.8992 3299.8992 3299.8992 3299.8992 3299.8992 3299.8992 3299.8992 3299.8992 3299.8992 3299.8992 3299.8992 3299.8992 3299.8992 156.70166 -3119.229 -3103.8208 -3088.8152 -3074.1118 -3059.4084 -3045.108 -3030.7068 -3016.6077 -3002.5085 -2988.6108 -2974.9146 -2961.4197 -2947.7234 -2934.5305 -2921.338 -2908.145 -2895.2544 -2882.3638 -2869.6746 -1716.2659 -1356.9397 44.613647 2024.9359 3299.8992 3299.8992 3299.8992 3299.8992 3299.8992 3299.8992 3299.8992 3299.8992 3299.8992 3299.8992 3299.8992 3299.8992 3299.8992 3299.8992 3299.8992 3299.8992 -272.61658 -3116.9128 -3101.6052 -3086.499 -3071.7957 -3057.0923 -3042.691 -3028.3904 -3014.392 -3000.1921 -2986.3953 -2972.7996 -2959.1033 -2946.0112 -2932.4158 -2919.1223 -2906.0303 -2893.1396 -2880.3496 -2865.8477 -1273.7549 -959.2438 363.95874 2181.5369 3299.8992 3299.8992 3299.8992 3299.8992 3299.8992 3299.8992 3299.8992 
3263.3423 3279.2542 3294.5618 -3289.5264 -3274.0173 -3258.7097 -3243.5027 -3228.3965 -3213.2903 213.40027 3299.8992 3299.8992 3299.8992 3299.8992 3299.8992 3299.8992 3287.5122 3272.1038 3256.3933 3240.7837 3224.9724 3209.262 2532.8064 -195.57495 -1611.731 -2049.6094 -2044.2719 -2075.1892 -1202.8564 -24.572754 651.178 1037.5946 1338.8123 1718.8843 1603.6743 315.7196 -1103.659 3216.6138 3233.13 3249.4446 3265.457 3281.4697 3296.6765 -3287.4114 -3271.9023 -3256.6956 -3241.4885 -3226.4832 -3144.8088 489.84375 3299.8992 3299.8992 3299.8992 3299.8992 3299.8992 3299.8992 3287.6128 3272.2046 3256.5947 3240.6829 3225.1738 3209.3628 2485.3728 -211.58752 -1511.7279 -1925.235 -1897.641 -2142.9656 -1344.2505 -159.6222 516.22925 1009.29565 1406.488 1712.439 1480.1056 128.90625 -1280.4016 3220.2393 3236.7554 3252.8687 3268.982 3284.793 3299.8992 -3283.9873 -3268.579 -3253.372 -3238.2659 -3223.2605 -2934.732 1111.2122 3299.8992 3299.8992 3299.8992 3299.8992 3299.8992 3299.8992 3286.5051 3270.996 3255.3862 3239.5752 3223.9653 3208.1543 2279.9285 -326.49536 -1564.3982 -1905.1941 -1861.6882 -1993.0115 -1034.5734 172.91565 709.5886 1082.6111 1471.1426 1777.4963 1320.4834 -180.36804 -1489.6729 3218.4265 3235.0432 3251.2573 3267.3706 3283.081 3298.892 -3285.8 -3270.291 -3254.8828 -3239.7766 -3224.771 -2747.5159 1413.034 3299.8992 3299.8992 3299.8992 3299.8992 3299.8992 3298.3887 3282.9802 3267.4712 3251.8616 3236.1511 3220.4407 3204.5288 2051.5227 -650.0702 -1764.505 -1974.4812 -1847.5891 -1984.7534 -1057.6355 151.06201 695.7916 1080.4962 1463.7909 1671.8536 1230.3497 -316.12244 -1720.4956 3221.9512 3238.3667 3254.48 3270.4924 3286.203 3299.8992 -3282.1746 -3267.1692 -3251.8616 -3236.6545 -3221.7498 -2492.926 1774.8779 3299.8992 3299.8992 3299.8992 3299.8992 3299.8992 3298.892 3283.484 3268.0754 3252.2644 3236.554 3220.8435 3205.0322 1665.2069 -786.9324 -1698.7427 -1801.767 -1726.6388 -1885.9589 -914.328 321.15784 849.9756 1181.0028 1529.7546 1767.8284 1232.4646 -287.8235 -1773.1659 3219.2322 3235.6475 3251.9622 3267.9749 3283.786 3299.5972 -3284.9944 -3269.5862 -3254.2786 -3239.1724 -3224.1667 -2178.2134 2170.1567 3299.8992 3299.8992 3299.8992 3299.8992 3299.8992 3293.8567 3278.4485 3262.8386 3247.1282 3231.4177 
-2897.2686 -2884.4788 -2871.5881 -2858.9995 -2846.3103 -2833.8225 -2821.3347 -2808.9478 -2796.5605 -2023.3246 -1342.0349 -850.88196 -69.488525 850.0763 2357.776 3299.8992 3299.8992 3299.8992 3299.8992 3299.8992 3299.8992 3299.8992 3299.8992 3299.8992 3299.8992 3299.8992 3299.8992 3299.8992 3299.8992 2134.7075 -342.40723 -2757.8887 -3008.1482 -2994.2505 -2980.4534 -2966.9585 -2953.363 -2940.0696 -2926.8767 -2913.684 -2900.7935 -2888.0034 -2875.0122 -2862.4236 -2849.8352 -2837.2466 -2824.7588 -2812.3718 -2799.884 -2204.6997 -1614.0472 -1021.3806 -286.8164 711.5021 2481.8481 3299.8992 3299.8992 3299.8992 3299.8992 3299.8992 3299.8992 3299.8992 3299.8992 3299.8992 3299.8992 3299.8992 3299.8992 3299.8992 3299.8992 1852.2217 -704.65393 -3018.6218 -3004.4219 -2990.4236 -2976.828 -2963.2324 -2949.8381 -2936.444 -2923.352 -2910.3606 -2897.2686 -2884.378 -2871.6887 -2858.899 -2846.4111 -2833.9233 -2821.3347 -2808.847 -2796.5605 -1948.8007 -1268.3167 -771.62476 -20.947266 824.49646 2490.4082 3299.8992 3299.8992 3299.8992 3299.8992 3299.8992 3299.8992 3299.8992 3299.8992 3299.8992 3299.8992 3299.8992 3299.8992 3299.8992 3299.8992 1590.4816 -920.874 -3017.9167 -3003.5156 -2989.618 -2975.9216 -2962.326 -2948.831 -2935.5376 -2922.4456 -2909.3535 -2896.3623 -2883.673 -2871.1853 -2858.496 -2845.6055 -2833.2183 -2820.7305 -2808.3435 -2795.453 -1982.9407 -1425.3204 -784.4147 95.773315 958.136 2738.15 3299.8992 3299.8992 3299.8992 3299.8992 3299.8992 3299.8992 3299.8992 3299.8992 3299.8992 3299.8992 3299.8992 3299.8992 3299.8992 3299.8992 1386.85 -1042.2272 -3016.4062 -3002.3071 -2988.4094 -2974.6123 -2961.0168 -2947.7234 -2934.329 -2921.237 -2908.145 -2895.2544 -2882.4646 -2869.7754 -2857.0862 -2844.4976 -2832.0098 -2819.6228 -2807.2356 -2673.8982 -1622.2046 -1033.3649 -588.5376 114.4043 1133.2672 3081.5642 3299.8992 3299.8992 3299.8992 3299.8992 3299.8992 3299.8992 3299.8992 3299.8992 3299.8992 3299.8992 3299.8992 3299.8992 3299.8992 3299.8992 1158.5449 -1253.9154 -3019.3267 -3005.0261 -2991.1284 -2977.4321 -2963.9373 -2950.4424 -2937.149 -2923.9563 -2910.8643 -2898.0742 -2885.083 -2872.3938 -2859.8052 -2847.116 -2834.6282 -2822.2412 -2809.854 -2654.663 -1741.04 -1130.9509 -531.839 328.50952 1454.425 3299.8992 3299.8992 3299.8992 3299.8992 3299.8992 3299.8992 

111.987305 94.766235 74.42322 102.01721 95.47119 78.552246 54.18091 38.671875 18.530273 2.5177002 7.3516846 68.88428 115.512085 143.60962 172.51282 172.91565 153.3783 155.29175 114.505005 56.5979 16.21399 19.839478 45.41931 43.103027 4.9346924 -63.446045 -68.78357 -20.343018 -59.71985 -94.86694 -131.72607 -171.0022 -214.91089 -274.0265 -322.76917 -258.31604 -160.9314 -108.86536 -101.815796 -122.66235 -85.90393 -24.169922 20.141602 72.509766 107.05261 126.9928 129.10767 131.52466 148.24219 122.25952 88.0188 33.233643 -16.21399 -53.57666 -34.039307 -46.627808 -90.5365 -64.151 0.50354004 91.34216 141.09192 156.39954 118.73474 75.631714 2.9205322 -30.31311 -4.9346924 -13.293457 -63.24463 -68.28003 -95.269775 -111.28235 -120.547485 -139.5813 -177.2461 -188.42468 -152.77405 -117.42554 -104.03137 -72.30835 -55.490112 -74.32251 -85.40039 -34.542847 10.574341 51.260376 88.92517 149.45068 196.88416 193.96362 192.95654 199.30115 186.41052 167.1753 187.71973 164.15405 115.512085 74.42322 94.16199 148.14148 204.03442 247.94312 225.48523 109.87244 -18.530273 -90.83862 -85.09827 -110.57739 -271.6095 -378.15857 -394.57397 -323.77625 -255.49622 -250.3601 -255.69763 -196.1792 -119.84253 -74.72534 -10.171509 45.822144 74.92676 81.06995 88.62305 115.81421 148.14148 159.7229 163.04626 145.72449 90.33508 34.643555 -8.157349 23.968506 71.30127 116.11633 152.06909 152.27051 158.91724 141.99829 127.99988 118.2312 130.31616 133.84094 89.227295 -25.579834 -170.09583 -275.235 -262.24365 -246.73462 -264.35852 -211.38611 -140.38696 -72.81189 6.6467285 38.067627 27.694702 21.350098 -3.5247803 -5.7403564 -23.867798 -81.06995 -127.29492 -153.479 -123.2666 -66.76941 -26.586914 1.6113281 6.9488525 -13.192749 -79.2572 -63.848877 9.567261 55.892944 84.09119 91.744995 87.716675 67.474365 77.142334 92.55066 113.1958 171.40503 217.22717 228.10364 167.1753 96.37756 -7.0495605 -100.40588 -161.33423 -178.5553 -216.82434 -231.02417 -261.438 -258.11462 -211.48682 -147.03369 -107.25403 -57.806396 -29.406738 79.96216 163.34839 174.52698 
-133.2367 -88.220215 -54.0802 -108.966064 -118.83545 -104.73633 -89.52942 -88.82446 -100.40588 -71.90552 -59.61914 -78.149414 -82.9834 -73.013306 -101.71509 -82.47986 -18.933105 1.1077881 27.694702 67.474365 95.773315 98.0896 163.5498 224.27673 215.71655 183.38928 164.85901 136.35864 161.63635 103.829956 72.61047 32.42798 -27.996826 -79.86145 -87.716675 -78.552246 -99.19739 -78.85437 -61.431885 -35.549927 -44.0094 -69.28711 -72.10693 -108.36182 -102.72217 -64.25171 -46.728516 -40.686035 -80.667114 -87.11243 -84.59473 -78.85437 -44.613647 -12.185669 -10.775757 5.9417725 22.659302 -1.3092041 7.8552246 26.083374 36.95984 -0.60424805 25.378418 74.42322 113.69934 134.04236 116.72058 86.40747 117.526245 86.60889 114.70642 135.25085 106.951904 49.44763 32.93152 10.775757 -28.601074 -51.361084 -25.881958 13.796997 45.117188 87.31384 90.93933 34.744263 -2.5177002 -14.199829 -18.026733 -51.461792 -88.723755 -87.91809 -90.5365 -103.829956 -90.737915 -83.688354 -119.84253 -112.08801 -106.75049 -116.61987 -73.31543 -18.530273 2.3162842 -10.876465 30.514526 73.21472 93.35632 90.83862 78.75366 75.32959 129.6112 82.177734 48.94409 33.33435 20.24231 17.422485 38.671875 25.378418 27.593994 32.629395 22.659302 -0.20141602 18.630981 48.641968 11.984253 -73.11401 -118.029785 -139.682 -146.22803 -165.06042 -156.09741 -121.15173 -90.83862 -65.460205 -12.588501 0.70495605 -34.039307 -0.30212402 31.521606 47.131348 57.302856 52.166748 26.083374 -7.7545166 -11.782837 -35.147095 -51.461792 -20.74585 -6.5460205 5.9417725 42.297363 -2.7191162 -6.1431885 31.32019 82.9834 120.14465 125.88501 56.09436 11.984253 -10.775757 -14.199829 25.579834 47.836304 47.93701 6.9488525 -34.039307 -40.786743 -20.846558 4.8339844 -29.608154 -67.8772 -88.52234 -68.68286 -47.735596 -41.99524 -66.970825 -90.93933 -46.728516 -29.003906 -15.509033 44.210815 118.13049 178.05176 178.15247 227.19727 253.88489 209.77478 136.15723 92.34924 62.64038 22.558594 -52.468872 -74.82605 -72.81189 -64.35242 -18.22815 37.36267 41.088867 21.954346 -1.3092041 -12.084961 -7.6538086 
2944.098 2960.916 2977.7344 2995.0562 -2622.638 -78.552246 2757.5867 2990.3228 2976.123 2960.1104 2944.8027 2930.2002 2847.6196 2850.7415 2893.2402 2881.0547 2868.567 2855.8777 2842.7856 2829.6936 2816.5007 2803.61 2790.619 2777.3254 2764.6362 2751.6448 2739.3584 2726.8706 -101.61438 2737.5457 2759.8022 2780.6487 2800.4883 2819.8242 2838.455 2856.8848 2874.9114 2892.8374 2910.4614 2927.8838 2945.105 2961.923 2979.2449 2995.8618 -2357.373 146.22803 2997.0703 2988.6108 2974.411 2959.204 2943.1914 2928.8909 2887.0972 2903.7139 2891.327 2879.242 2866.7542 2853.8635 2840.7715 2827.6794 2814.4866 2801.193 2788.4033 2775.2104 2762.4207 2749.4292 2737.1428 2724.7559 -1529.0497 2738.5527 2760.608 2781.5552 2801.294 2820.529 2839.2607 2857.6904 2875.717 2893.5425 2911.1663 2928.5889 2945.8098 2962.6282 2979.95 2996.3652 -2711.9658 223.47107 3003.8176 2990.3228 2975.9216 2958.7004 2944.2993 2929.596 2758.09 2905.9294 2893.5425 2881.4575 2868.9697 2856.079 2842.987 2829.895 2816.6016 2803.308 2790.0146 2777.426 2764.7368 2751.4434 2738.855 2726.4678 -2991.8335 2742.7825 2764.5354 2785.0798 2805.02 2824.1545 2842.8862 2861.0137 2879.0405 2896.8657 2914.389 2931.8115 2949.1333 2966.455 2983.0718 3000.1921 -2479.0283 437.87842 3004.6233 2991.0278 2976.7273 2961.1174 2945.3064 2931.1064 2884.2773 2906.2317 2893.744 2881.4575 2868.7683 2855.7769 2842.5842 2829.3914 2816.4001 2803.4087 2790.3167 2777.124 2764.334 2751.4434 2739.0564 2726.4678 2722.6409 2746.408 2768.0603 2788.504 2808.0413 2827.2766 2845.9075 2864.035 2882.0618 2899.7864 2917.4102 2934.732 2951.9531 2968.6707 2985.9924 3002.4077 -2085.562 855.4138 3003.4148 2989.7185 2975.2166 2958.5999 2943.8965 2928.488 2683.8684 2905.2246 2892.9382 2880.6519 2868.2646 2855.2734 2842.0806 2828.9885 2815.695 2802.603 2789.209 2776.6204 2763.9312 2750.6377 2737.9485 2725.36 2724.353 2747.8179 2769.4702 2789.7124 2809.4512 2828.3843 2847.0154 2865.2434 2883.1694 2900.894 2918.4172 2935.8398 
3299.8992 3299.8992 3299.8992 3299.8992 3299.8992 3299.8992 3299.8992 3299.8992 3299.8992 1053.6072 -2555.5664 -2543.582 -2531.7993 -2520.0164 -2508.5356 -2497.055 -2485.675 -2474.4963 -2463.217 -846.6522 3299.8992 3299.8992 1741.4429 -314.91394 -2042.4591 -1929.2633 -1349.588 -1294.7021 -2457.2754 -2446.0967 -2434.9182 -2424.1423 -2413.4673 -2402.7922 -2392.218 -2381.7444 -2371.3713 -1995.6299 3299.8992 3299.8992 3299.8992 3299.8992 3299.8992 3299.8992 3299.8992 3299.8992 3299.8992 3299.8992 3299.8992 867.8009 -2564.1265 -2552.1423 -2540.3594 -2528.5767 -2516.995 -2505.5144 -2494.235 -2482.9558 -2471.6765 -513.0066 3299.8992 3299.8992 1705.893 -157.70874 -2301.48 -2381.1401 -1911.2366 -1975.7904 -2460.2966 -2449.0173 -2438.1409 -2427.2644 -2416.4885 -2405.9143 -2395.2393 -2384.8662 -2374.4934 -1631.7719 3299.8992 3299.8992 3299.8992 3299.8992 3299.8992 3299.8992 3299.8992 3299.8992 3299.8992 3299.8992 3299.8992 -202.4231 -2564.4287 -2552.3438 -2540.4602 -2528.8787 -2517.2974 -2505.7158 -2494.5374 -2483.258 -2472.0793 -173.11707 3299.8992 3299.8992 1505.9875 -419.44885 -2500.5798 -2339.5476 -1702.6703 -1874.5789 -2461.7065 -2450.5278 -2439.5508 -2428.5735 -2417.8984 -2407.3242 -2396.7498 -2386.2761 -2375.9033 -1201.4465 3299.8992 3299.8992 3299.8992 3299.8992 3299.8992 3299.8992 3299.8992 3299.8992 3299.8992 3299.8992 3299.8992 -1006.57654 -2564.026 -2552.1423 -2540.2588 -2528.5767 -2516.995 -2505.5144 -2494.235 -2482.9558 -2470.468 316.72668 3299.8992 3299.8992 1511.8286 -441.10107 -2504.306 -2260.089 -1622.0032 -1874.7803 -2466.641 -2455.4626 -2444.3848 -2433.5083 -2422.6318 -2412.0574 -2401.3823 -2391.0095 -2380.536 -580.48096 3299.8992 3299.8992 3299.8992 3299.8992 3299.8992 3299.8992 3299.8992 3299.8992 3299.8992 3299.8992 3299.8992 -905.06287 -2570.6726 -2558.6882 -2546.9055 -2535.1226 -2523.7427 -2512.1611 -2500.8818 -2489.502 -2448.715 588.03406 3299.8992 3299.8992 1256.7352 -481.5857 -2512.7654 -2292.2148 -1528.1433 -2001.1688 -2474.295 -2463.1165 -2452.0386 -2441.0613 -2430.1848 -2419.5098 -2408.8347 -2398.361 -2387.8875 35.44922 3299.8992 3299.8992 
3299.8992 3299.8992 2986.5967 528.3142 -890.3595 -1378.0884 -1664.4012 -1699.2462 -1103.3569 -15.206909 291.6504 474.73755 674.3408 740.4053 -480.67932 -3271.8018 -3256.4941 -3241.69 -3227.0874 -3212.686 -3198.587 -3184.3872 -3170.3887 -3156.8938 -3142.8955 -3129.5012 -3116.6106 -3103.1157 -1844.87 3299.8992 3299.8992 3299.8992 3299.8992 3299.8992 3299.8992 3299.8992 3299.8992 3299.8992 3299.8992 3299.8992 3299.8992 3299.8992 2862.4236 504.245 -743.5272 -1186.2396 -1560.7727 -1625.0244 -953.5034 102.21863 449.66125 619.25354 712.8113 648.056 -663.56506 -3273.715 -3258.7097 -3243.704 -3229.1016 -3214.7002 -3200.5005 -3186.4014 -3172.705 -3158.908 -3145.514 -3132.1196 -3118.3228 -3105.13 -1423.3063 3299.8992 3299.8992 3299.8992 3299.8992 3299.8992 3299.8992 3299.8992 3299.8992 3299.8992 3299.8992 3299.8992 3299.8992 3299.8992 2498.062 89.227295 -914.0259 -1489.7736 -1768.0298 -1639.9292 -702.7405 287.52136 526.9043 763.1653 947.46094 780.58777 -708.58154 -3276.233 -3261.2273 -3246.3225 -3231.6191 -3217.3186 -3203.018 -3188.8184 -3174.8198 -3161.2244 -3147.2258 -3133.6304 -3120.8403 -3107.3455 -904.96216 3299.8992 3299.8992 3299.8992 3299.8992 3299.8992 3299.8992 3299.8992 3299.8992 3299.8992 3299.8992 3299.8992 3299.8992 3299.8992 2299.1638 207.65991 -750.6775 -1285.6384 -1524.115 -1479.9042 -497.79968 435.66284 619.8578 713.3148 797.90955 472.9248 -1280.4016 -3280.1604 -3264.9536 -3250.0488 -3235.3455 -3220.944 -3206.6436 -3192.6453 -3178.7476 -3164.9504 -3151.4556 -3137.9607 -3124.2644 -3111.0718 -259.92737 3299.8992 3299.8992 3299.8992 3299.8992 3299.8992 3299.8992 3299.8992 3299.8992 3299.8992 3299.8992 3299.8992 3299.8992 3299.8992 2003.5858 -33.233643 -1032.4585 -1438.3118 -1671.7529 -1655.9418 -656.91833 279.56543 428.714 468.79578 619.7571 389.8407 -1452.2095 -3275.7292 -3260.7239 -3246.0205 -3231.4177 -3216.9158 -3202.716 -3188.8184 -3174.6184 -3161.1235 -3147.0244 -3133.6304 -3120.639 -3107.2449 176.23901 3299.8992 3299.8992 3299.8992 3299.8992 3299.8992 3299.8992 3299.8992 3299.8992 3299.8992 3299.8992 3299.8992 
3299.8992 3299.8992 3299.8992 3299.8992 3299.8992 3299.8992 3299.8992 3299.8992 3299.8992 -1252.5055 -3116.7114 -3101.4038 -3086.3982 -3071.6948 -3057.0923 -3042.691 -3028.2898 -3014.2913 -3000.1921 -2986.3953 -2972.699 -2959.1033 -2946.0112 -2932.4158 -2919.223 -2906.1309 -2893.1396 -2880.3496 -2816.1987 -1356.5369 -899.62463 438.8855 2359.3872 3299.8992 3299.8992 3299.8992 3299.8992 3299.8992 3299.8992 3299.8992 3299.8992 3299.8992 3299.8992 3299.8992 3299.8992 3299.8992 3299.8992 3299.8992 3299.8992 -1554.6295 -3116.7114 -3101.4038 -3086.499 -3071.6948 -3057.1929 -3042.691 -3028.3904 -3014.2913 -3000.3936 -2986.3953 -2972.7996 -2959.1033 -2946.0112 -2932.6172 -2919.223 -2906.1309 -2893.2402 -2880.4504 -2738.2507 -1363.6871 -896.20056 477.65808 2461.908 3299.8992 3299.8992 3299.8992 3299.8992 3299.8992 3299.8992 3299.8992 3299.8992 3299.8992 3299.8992 3299.8992 3299.8992 3299.8992 3299.8992 3299.8992 3297.583 -2696.4568 -3113.086 -3097.879 -3082.974 -3068.1702 -3053.7688 -3039.2668 -3024.9663 -3010.968 -2997.0703 -2983.1726 -2969.4763 -2955.9814 -2942.2852 -2929.0923 -2916.2017 -2903.009 -2890.1184 -2877.4292 -2710.6567 -1699.4476 -1054.5135 536.16943 2495.9473 3299.8992 3299.8992 3299.8992 3299.8992 3299.8992 3299.8992 3299.8992 3299.8992 3299.8992 3299.8992 3299.8992 3299.8992 3299.8992 3299.8992 3299.8992 3064.4438 -3121.5454 -3105.9355 -3090.8293 -3075.824 -3061.2212 -3046.7192 -3032.4187 -3018.3196 -3004.2205 -2990.2222 -2976.425 -2962.9302 -2949.3347 -2935.739 -2922.647 -2909.6558 -2896.7651 -2883.8745 -2871.1853 -2494.336 -1546.5729 -937.69226 477.7588 2629.2847 3299.8992 3299.8992 3299.8992 3299.8992 3299.8992 3299.8992 3299.8992 3299.8992 3299.8992 3299.8992 3299.8992 3299.8992 3299.8992 3299.8992 3299.8992 2816.4001 -3116.6106 -3101.1016 -3085.9954 -3071.1914 -3056.488 -3041.986 -3027.6855 -3013.5864 -2999.4873 -2985.5896 -2971.8933 -2958.499 -2944.8027 -2931.8115 -2918.3167 -2905.1238 -2892.2332 -2879.4434 -2866.7542 -2432.7026 -1473.9624 -765.8844 821.1731 2829.6936 3299.8992 3299.8992 3299.8992 3299.8992 3299.8992 3299.8992 3299.8992 
3215.7073 3198.6877 1442.038 -955.01404 -1828.2532 -1899.6552 -1881.8298 -2035.1074 -860.65063 288.32703 811.90796 1140.5182 1522.6044 1733.2855 1133.9722 -446.13647 -2102.8838 3221.6492 3238.1653 3254.3792 3270.3918 3286.1023 3299.8992 -3282.5774 -3267.3706 -3252.1636 -3236.856 -3221.8506 -1850.5096 2473.0864 3299.8992 3299.8992 3299.8992 3299.8992 3299.8992 3293.4539 3278.1462 3262.6372 3246.9268 3231.2163 3215.6067 3196.17 1251.1963 -935.4767 -1835.5042 -1985.3577 -1847.7905 -1920.8038 -724.79553 429.31824 898.51685 1303.1616 1587.3596 1692.5995 1059.9518 -491.95862 -2393.628 3221.045 3237.4602 3253.775 3269.6868 3285.498 3299.8992 -3283.2825 -3267.9749 -3252.5664 -3237.4602 -3222.5554 -1467.7185 2929.0923 3299.8992 3299.8992 3299.8992 3299.8992 3299.8992 3290.0298 3274.5208 3259.0117 3243.3013 3227.5908 3211.9812 3186.8042 799.5209 -1320.6848 -1972.8699 -2110.8398 -1981.8329 -2008.017 -660.2417 394.07043 805.56335 1187.3474 1569.9371 1760.1746 1058.9447 -491.5558 -2547.2075 3225.0732 3241.287 3257.4004 3273.5137 3289.325 3299.8992 -3279.657 -3264.2485 -3248.941 -3233.9355 -3218.93 -1087.143 3243.704 3299.8992 3299.8992 3299.8992 3299.8992 3299.8992 3290.8354 3275.3264 3259.8174 3244.0063 3228.3965 3212.686 3080.1543 526.7029 -1330.8563 -2011.9446 -2150.7202 -2078.2104 -2014.563 -500.11597 508.97827 864.2761 1293.0908 1713.6475 1669.1345 784.4147 -698.41003 -3121.0417 3230.2092 3246.4233 3262.5366 3278.65 3294.2595 -3290.5334 -3274.7222 -3259.314 -3244.2078 -3229.2021 -3214.1968 -425.49133 3299.8992 3299.8992 3299.8992 3299.8992 3299.8992 3299.8992 3290.8354 3275.3264 3259.7168 3244.0063 3228.3965 3212.5854 2986.4958 323.172 -1261.2671 -1830.2673 -1925.8392 -1718.3807 -1711.029 -151.76697 734.3628 1121.4844 1439.5203 1755.4413 1708.3099 787.1338 -757.82776 3219.0308 3221.9512 3238.3667 3254.48 3270.5933 3286.3037 3299.8992 -3282.376 -3267.1692 -3251.9622 -3236.7554 -3221.8506 -311.18774 3299.8992 3299.8992 3299.8992 3299.8992 3299.8992 3298.0864 3282.6782 3267.2698 3251.7607 3236.0503 3220.3398 
3299.8992 3299.8992 3299.8992 3299.8992 3299.8992 3299.8992 3299.8992 3299.8992 3299.8992 555.7068 -1759.4696 -3018.0176 -3003.9185 -2989.92 -2976.3245 -2962.7288 -2949.3347 -2936.0413 -2922.8484 -2909.9578 -2896.9666 -2884.1765 -2871.286 -2858.6975 -2846.2097 -2833.621 -2821.2341 -2808.847 -2738.2507 -2014.8651 -1361.5723 -763.76953 169.99512 1377.5848 3299.8992 3299.8992 3299.8992 3299.8992 3299.8992 3299.8992 3299.8992 3299.8992 3299.8992 3299.8992 3299.8992 3299.8992 3299.8992 3299.8992 3282.7788 481.7871 -1833.7921 -3011.8743 -2997.876 -2984.0789 -2970.3826 -2956.787 -2943.4937 -2930.3008 -2917.1082 -2904.016 -2891.1255 -2878.3354 -2865.5457 -2852.957 -2840.4692 -2827.9814 -2815.2922 -2803.2073 -2626.062 -1811.0321 -1244.2474 -664.27 177.95105 1474.6674 3299.8992 3299.8992 3299.8992 3299.8992 3299.8992 3299.8992 3299.8992 3299.8992 3299.8992 3299.8992 3299.8992 3299.8992 3299.8992 3299.8992 3071.3928 247.7417 -2054.544 -3006.6375 -2992.5383 -2978.842 -2965.1458 -2951.7517 -2938.4583 -2925.1648 -2912.0728 -2899.0813 -2886.1907 -2873.3 -2860.7117 -2848.123 -2835.5347 -2823.1475 -2810.6597 -2798.2727 -2554.66 -1923.9258 -1292.5873 -558.2245 307.56226 1608.1055 3299.8992 3299.8992 3299.8992 3299.8992 3299.8992 3299.8992 3299.8992 3299.8992 3299.8992 3299.8992 3299.8992 3299.8992 3299.8992 3299.8992 2821.7375 -44.0094 -2299.1638 -3000.6958 -2986.6973 -2972.9004 -2959.3047 -2946.0112 -2932.8186 -2919.4243 -2906.3323 -2893.341 -2880.3496 -2867.7612 -2855.072 -2842.5842 -2829.9956 -2817.6086 -2805.3223 -2792.935 -2248.407 -1569.0308 -887.23755 -233.9447 654.1992 1962.0941 3299.8992 3299.8992 3299.8992 3299.8992 3299.8992 3299.8992 3299.8992 3299.8992 3299.8992 3299.8992 3299.8992 3299.8992 3299.8992 3299.8992 2596.353 -89.93225 -2300.2715 -3003.5156 -2989.3157 -2975.7202 -2962.1245 -2948.6296 -2935.3362 -2922.1436 -2908.9507 -2895.9595 -2883.0688 -2870.3796 -2857.791 -2845.1018 -2832.5134 -2820.1262 -2807.8398 -2795.6543 -2350.525 -1705.7922 -993.3838 -325.99182 510.38818 1968.8416 3299.8992 3299.8992 3299.8992 3299.8992 3299.8992 3299.8992 

107.55615 -16.314697 -78.149414 -28.198242 24.77417 70.79773 87.51526 77.545166 95.97473 114.001465 116.11633 113.39722 116.21704 141.19263 169.18945 112.59155 31.82373 2.3162842 1.2084961 0.20141602 -42.599487 -93.45703 -109.3689 -71.502686 -9.667969 13.897705 36.053467 65.460205 70.79773 85.90393 39.37683 -5.1361084 -19.940186 -56.799316 -146.12732 -196.98486 -190.74097 -81.37207 -10.070801 -14.904785 -36.35559 -40.283203 -2.8198242 26.78833 31.018066 64.75525 91.54358 91.744995 58.511353 22.558594 21.350098 32.629395 62.438965 67.57507 60.62622 17.72461 0.9063721 9.567261 25.27771 45.41931 48.239136 22.558594 -7.4523926 -52.267456 -85.702515 -114.30359 -102.319336 -103.52783 -113.09509 -68.58215 -55.69153 -32.025146 22.76001 0.50354004 -61.834717 -56.799316 -49.44763 -6.6467285 47.332764 61.029053 35.046387 -14.703369 -20.040894 45.41931 125.68359 188.52539 214.00452 204.9408 142.1997 76.538086 20.645142 -8.459473 4.9346924 27.996826 40.88745 -40.98816 -145.72449 -265.66772 -340.19165 -310.5835 -228.10364 -149.55139 -97.88818 -59.921265 -13.595581 -1.7120361 2.6184082 -13.998413 -7.0495605 31.018066 38.36975 25.27771 -12.991333 -41.99524 -42.39807 14.401245 5.3375244 -31.622314 -50.756836 -6.1431885 85.60181 134.34448 177.04468 210.88257 217.42859 205.84717 187.11548 129.91333 36.35559 -66.16516 -138.2721 -183.89282 -144.81812 -53.878784 37.46338 73.81897 81.37207 56.19507 28.097534 47.03064 10.272217 -73.91968 -93.35632 -59.21631 -24.472046 -4.9346924 3.6254883 -25.479126 -27.493286 -17.120361 -21.350098 -60.827637 -108.76465 -143.50891 -148.04077 -72.81189 -3.7261963 88.220215 150.45776 160.32715 132.93457 110.77881 138.07068 134.14307 103.52783 65.460205 31.219482 -19.839478 -87.01172 -133.84094 -127.89917 -81.97632 -51.5625 -25.982666 -22.155762 -65.15808 -69.08569 -35.95276 -45.92285 -30.615234 21.652222 26.385498 -18.530273 -78.048706 -70.19348 -57.302856 -15.710449 -31.82373 -31.82373 -26.385498 -6.6467285 4.5318604 9.768677 -9.970093 -16.818237 25.78125 33.233643 41.89453 52.267456 53.274536 
26.184082 68.58215 31.521606 -52.368164 -104.73633 -123.568726 -109.06677 -109.16748 -105.340576 -95.269775 -107.05261 -104.434204 -91.14075 -117.92908 -136.56006 -52.770996 9.365845 18.530273 31.723022 62.841797 70.495605 61.029053 78.552246 101.412964 89.227295 82.78198 68.38074 118.029785 146.73157 71.40198 -15.408325 -72.006226 -62.036133 1.9134521 73.21472 58.309937 8.761597 -81.37207 -103.326416 -56.396484 7.6538086 40.182495 6.7474365 -25.982666 -43.40515 -59.1156 -44.110107 -28.399658 -6.8481445 13.092041 -41.99524 -83.184814 -85.09827 -106.04553 -171.1029 -125.079346 -81.57349 -87.81738 -112.994385 -105.23987 -44.41223 41.290283 81.674194 70.3949 60.22339 79.055786 92.95349 124.37439 118.533325 82.58057 74.523926 98.69385 86.91101 64.05029 52.166748 5.2368164 -5.5389404 -12.387085 -3.3233643 37.060547 76.638794 107.05261 59.518433 7.2509766 10.372925 12.387085 -2.6184082 -45.217896 -67.77649 -75.4303 -73.41614 -76.33667 -93.255615 -112.89368 -113.59863 -65.460205 -74.82605 -92.34924 -75.22888 -50.756836 -52.770996 -1.5106201 51.965332 87.716675 103.125 154.78821 185.20203 200.30823 147.1344 59.417725 41.99524 60.62622 74.82605 71.20056 34.44214 -33.9386 -32.226562 -86.50818 -118.73474 -115.20996 -87.51526 -56.295776 -84.89685 -104.23279 -71.09985 -45.41931 -76.638794 -125.18005 -110.17456 -43.203735 -7.6538086 -2.7191162 -2.3162842 -46.42639 -97.98889 -98.39172 -107.75757 -78.95508 -56.5979 -4.3304443 24.77417 87.01172 139.78271 164.15405 168.88733 194.56787 148.94714 110.07385 74.32251 48.138428 35.751343 18.22815 11.682129 14.804077 2.8198242 -39.779663 -44.0094 -60.827637 -47.131348 -39.47754 -44.311523 -39.175415 -92.44995 -146.93298 -140.28625 -130.21545 -145.22095 -170.90149 -112.490845 -8.761597 55.792236 60.424805 60.72693 63.848877 75.93384 127.597046 128.50342 110.77881 123.36731 111.28235 75.73242 75.531006 81.47278 97.58606 88.42163 87.81738 74.2218 113.39722 88.32092 60.72693 45.01648 19.73877 6.6467285 15.609741 14.501953 -28.500366 -14.804077 -0.30212402 4.0283203 19.134521 
2952.9602 2970.4834 2986.8987 3004.1199 -2089.5903 988.04626 3003.8176 2990.2222 2975.5188 2959.1033 2944.2993 2929.2937 2708.4412 2905.8289 2893.5425 2881.1553 2868.567 2855.6763 2842.4834 2829.19 2815.9973 2803.1067 2789.7124 2777.124 2764.4348 2751.1414 2738.5527 2725.763 2727.777 2751.0405 2772.29 2792.5322 2812.1704 2831.1035 2849.6338 2867.7612 2885.7878 2903.5125 2920.935 2938.3574 2955.5786 2972.9004 2989.4165 3006.5369 -1639.4257 1348.6816 3002.005 2988.3086 2973.9075 2959.4055 2943.7957 2927.5818 2712.57 2903.8147 2891.5283 2879.141 2866.3513 2853.4607 2840.2678 2827.0752 2813.8823 2800.9917 2788.101 2774.8076 2762.2192 2749.1272 2736.74 2723.7488 2729.7913 2752.6519 2774.1028 2794.2444 2813.5803 2832.614 2851.0437 2869.2717 2887.1978 2904.9224 2922.4456 2939.6667 2956.8877 2973.6052 2990.927 3007.3425 -1563.4918 1466.8121 3002.2063 2988.51 2973.9075 2959.204 2943.5942 2927.6824 2713.4766 2904.2175 2891.9312 2879.4434 2866.7542 2853.7627 2840.57 2827.478 2814.1846 2800.7903 2788.0005 2774.8076 2762.1184 2749.1272 2736.9414 2723.5474 2732.7117 2755.4717 2776.6204 2796.762 2816.1987 2835.031 2853.3599 2871.5881 2889.5142 2907.138 2924.6611 2942.0837 2959.1033 2975.8208 2992.6392 3009.961 -1470.9412 1537.5092 3003.3142 2989.517 2974.411 2959.1033 2943.997 2928.2866 2911.267 2905.1238 2892.7368 2880.1482 2867.459 2854.367 2841.1743 2827.8809 2814.5874 2801.7974 2788.3025 2775.714 2763.1255 2749.832 2737.3442 2719.0154 2736.2366 2758.5938 2779.6416 2799.5818 2819.0186 2837.7502 2856.1797 2874.3071 2892.1326 2909.8572 2927.2795 2944.5007 2961.7217 2979.0435 2995.9624 3126.3794 -967.50183 2147.7996 3000.6958 2986.798 2971.7925 2957.19 2941.4795 2924.4597 2653.656 2902.9082 2890.7227 2878.2349 2865.4448 2852.5542 2839.2607 2826.1687 2812.976 2799.5818 2786.792 2773.599 2760.91 2747.9187 2735.6323 2470.3674 2737.6465 2760.0037 2780.85 2800.891 2820.1262 2838.7573 2857.2876 2875.3142 2893.1396 2910.8643 2928.186 2945.5078 
3299.8992 3299.8992 3299.8992 3299.8992 3299.8992 3299.8992 3299.8992 3299.8992 3299.8992 -1765.7135 -2576.01 -2564.1265 -2552.243 -2540.5608 -2528.9795 -2517.5994 -2506.2195 -2494.9402 -2347.2014 830.74036 3299.8992 3299.8992 436.87134 -1201.648 -2511.0535 -2371.6736 -1392.7917 -2005.1971 -2473.0864 -2461.908 -2450.83 -2439.9536 -2429.0771 -2418.5027 -2407.8276 -2397.2534 -2386.8804 536.9751 3299.8992 3299.8992 3299.8992 3299.8992 3299.8992 3299.8992 3299.8992 3299.8992 3299.8992 3299.8992 3299.8992 -2116.3787 -2574.9023 -2562.918 -2551.1353 -2539.3523 -2527.8716 -2516.4917 -2505.011 -2493.7317 -2065.219 1473.9624 3299.8992 3004.3213 -222.36328 -1553.0182 -2507.0251 -2300.171 -1748.5931 -2477.6184 -2466.4397 -2455.2612 -2444.3848 -2433.609 -2422.8333 -2412.1582 -2401.5837 -2391.11 -2380.7373 1405.1788 3299.8992 3299.8992 3299.8992 3299.8992 3299.8992 3299.8992 3299.8992 3299.8992 3299.8992 3299.8992 3209.3628 -2582.0525 -2569.9675 -2557.9834 -2546.2004 -2534.5183 -2522.937 -2511.557 -2500.177 -2488.9983 -1864.4073 1789.9841 3299.8992 2956.1829 -167.37671 -1693.6066 -2504.004 -2257.974 -1554.6295 -2475.8057 -2464.5264 -2453.4485 -2442.4712 -2431.5947 -2420.9197 -2410.2446 -2399.771 -2389.2974 -2378.9246 2122.3206 3299.8992 3299.8992 3299.8992 3299.8992 3299.8992 3299.8992 3299.8992 3299.8992 3299.8992 3299.8992 2843.289 -2580.7434 -2568.457 -2556.4727 -2544.589 -2533.0078 -2521.6277 -2510.147 -2498.767 -2487.387 -1671.5515 2194.7295 3299.8992 2822.3418 -26.184082 -1627.7435 -2421.9268 -2015.0665 -1658.7616 -2476.8127 -2465.5334 -2454.3547 -2443.4783 -2432.6018 -2421.8262 -2411.1511 -2400.6775 -2390.103 -2379.7302 2708.5417 3299.8992 3299.8992 3299.8992 3299.8992 3299.8992 3299.8992 3299.8992 3299.8992 3299.8992 3299.8992 2481.8481 -2581.2468 -2569.0613 -2557.077 -2545.2942 -2533.7126 -2522.232 -2510.7512 -2499.3713 -2488.1926 -1506.6925 2478.0212 3299.8992 2379.2266 -470.2057 -2242.3645 -2498.8677 -2423.0347 -2156.5613 -2466.641 -2455.4626 -2444.5862 -2433.7097 -2422.8333 -2412.1582 -2401.6846 -2391.11 -2380.7373 -2370.465 3299.8992 3299.8992 3299.8992 
3299.8992 3299.8992 1798.5443 -121.15173 -1028.2288 -1445.8649 -1553.8239 -1556.3416 -514.81934 418.54248 545.9381 632.8491 851.5869 432.33948 -1709.1156 -3275.9307 -3260.9253 -3246.0205 -3231.5186 -3217.0166 -3202.9175 -3188.8184 -3175.0212 -3161.1235 -3147.931 -3134.436 -3120.639 -3107.5469 801.4343 3299.8992 3299.8992 3299.8992 3299.8992 3299.8992 3299.8992 3299.8992 3299.8992 3299.8992 3299.8992 3299.8992 3299.8992 3299.8992 1580.9143 -139.27917 -965.18555 -1379.599 -1473.761 -1379.1962 -371.31042 489.0381 647.9553 726.004 857.428 348.2483 -1934.903 -3280.4626 -3265.3564 -3250.4517 -3235.8489 -3221.347 -3207.1472 -3193.048 -3178.8481 -3165.3533 -3151.2542 -3137.7593 -3124.768 -3111.1724 1287.0483 3299.8992 3299.8992 3299.8992 3299.8992 3299.8992 3299.8992 3299.8992 3299.8992 3299.8992 3299.8992 3299.8992 3299.8992 3296.6765 1426.831 -242.10205 -1086.6394 -1471.1426 -1560.8734 -1319.8792 -339.88953 459.93347 632.8491 849.2706 955.4169 228.8086 -2225.4456 -3282.7788 -3267.572 -3252.8687 -3238.0645 -3223.8647 -3209.3628 -3195.3643 -3181.5674 -3167.5688 -3154.2754 -3140.68 -3126.9836 -3113.7908 1810.2264 3299.8992 3299.8992 3299.8992 3299.8992 3299.8992 3299.8992 3299.8992 3299.8992 3299.8992 3299.8992 3299.8992 3299.8992 3289.325 1052.4994 -460.03418 -1264.4897 -1680.3131 -1787.3657 -1441.1316 -303.43323 434.55505 523.4802 678.67126 698.81287 -16.113281 -2591.1162 -3276.4343 -3261.4287 -3246.6248 -3232.022 -3217.6208 -3203.5217 -3189.4226 -3175.3235 -3161.8286 -3147.83 -3134.3352 -3121.4446 -2978.842 2548.0132 3299.8992 3299.8992 3299.8992 3299.8992 3299.8992 3299.8992 3299.8992 3299.8992 3299.8992 3299.8992 3299.8992 3299.8992 3271.6003 836.38 -538.98926 -1248.7793 -1617.2699 -1757.5562 -1442.038 -400.21362 332.63855 487.32605 639.69727 675.0458 -157.2052 -2780.951 -3269.3848 -3254.48 -3239.7766 -3225.2747 -3211.0747 -3196.875 -3182.8765 -3169.1802 -3155.2825 -3142.0898 -3128.7964 -3114.9993 -2795.6543 2892.1326 3299.8992 3299.8992 3299.8992 3299.8992 3299.8992 3299.8992 3299.8992 3299.8992 3299.8992 3299.8992 3299.8992 
3299.8992 3299.8992 3299.8992 3299.8992 3299.8992 3299.8992 3299.8992 3299.8992 2429.8828 -3113.2874 -3097.6775 -3082.7727 -3067.868 -3053.366 -3038.864 -3024.5635 -3010.4644 -2996.466 -2982.5684 -2968.9727 -2955.2764 -2941.8823 -2928.7903 -2915.396 -2902.304 -2889.4133 -2876.6235 -2863.9343 -1970.755 -1162.7747 -306.45447 1327.3315 3299.8992 3299.8992 3299.8992 3299.8992 3299.8992 3299.8992 3299.8992 3299.8992 3299.8992 3299.8992 3299.8992 3299.8992 3299.8992 3299.8992 3299.8992 3299.8992 2015.4694 -3117.1143 -3101.7058 -3086.499 -3071.7957 -3057.0923 -3042.5903 -3028.3904 -3014.1907 -3000.1921 -2986.2944 -2972.5981 -2959.0027 -2945.6084 -2932.013 -2918.921 -2905.728 -2892.9382 -2880.1482 -2867.5598 -2105.5022 -1280.0995 -272.7173 1523.0072 3299.8992 3299.8992 3299.8992 3299.8992 3299.8992 3299.8992 3299.8992 3299.8992 3299.8992 3299.8992 3299.8992 3299.8992 3299.8992 3299.8992 3299.8992 3299.8992 2620.9258 -3124.063 -3109.1582 -3093.9514 -3078.9458 -3064.2424 -3049.942 -3035.44 -3021.3408 -3007.2417 -2993.344 -2979.547 -2965.9514 -2952.356 -2938.7603 -2925.5676 -2912.5762 -2899.585 -2734.6252 -2395.5413 -459.53064 -363.75732 -372.61963 1092.5812 2727.9785 3299.8992 3299.8992 3299.8992 3299.8992 3299.8992 3299.8992 3299.8992 3299.8992 3299.8992 3299.8992 3299.8992 3299.8992 3299.8992 3299.8992 3299.8992 -707.47375 -3118.927 -3103.72 -3088.8152 -3074.0112 -3059.5093 -3044.9065 -3030.8074 -3016.6077 -3002.5085 -2988.7114 -2975.0151 -2961.4197 -2948.0254 -2935.0342 -2921.5393 -2908.2458 -2895.4558 -2882.666 -2869.876 -1740.033 -961.45935 210.47974 2272.3755 3299.8992 3299.8992 3299.8992 3299.8992 3299.8992 3299.8992 3299.8992 3299.8992 3299.8992 3299.8992 3299.8992 3299.8992 3299.8992 3299.8992 3299.8992 3299.8992 837.8906 -3126.2786 -3110.7695 -3095.8647 -3080.8594 -3066.2566 -3051.7546 -3037.3535 -3023.1536 -3009.1553 -2995.2576 -2981.4604 -2967.865 -2954.1687 -2941.1772 -2927.6824 -2914.4897 -2901.4983 -2888.6077 -2875.8179 -1335.5896 -760.44617 243.9148 2070.758 3299.8992 3299.8992 3299.8992 3299.8992 3299.8992 3299.8992 3299.8992 3299.8992 
3204.7302 2972.7996 395.9839 -1199.231 -1624.6216 -1702.3682 -1570.8435 -1681.8237 -185.00061 708.48083 1002.5482 1326.9287 1633.5846 1574.1669 490.6494 -990.0604 3200.3997 3217.0166 3233.432 3249.646 3265.5579 3281.2683 3297.2808 -3287.3108 -3272.1038 -3256.7961 -3241.5894 -3226.5837 7.7545166 3299.8992 3299.8992 3299.8992 3299.8992 3299.8992 3291.339 3275.9307 3260.4216 3244.9126 3229.303 3213.693 3198.0835 2675.1067 -177.64893 -1512.8357 -1987.1704 -2099.1577 -1967.1295 -1875.5859 -366.37573 463.45825 832.8552 1177.0752 1528.949 1390.3748 218.03284 -1129.8431 3212.9883 3229.7058 3245.819 3261.9324 3277.7434 3293.4539 -3290.634 -3275.6287 -3260.0188 -3245.0134 -3230.0078 -3215.103 260.73303 3299.8992 3299.8992 3299.8992 3299.8992 3299.8992 3299.8992 3285.3972 3269.8882 3254.2786 3238.568 3222.8577 3207.2478 2604.4097 -140.58838 -1342.1356 -1801.3641 -1912.3444 -1750.8087 -1631.5704 -149.45068 703.949 1048.2697 1393.0939 1772.6624 1604.7821 331.9336 -1035.5804 3211.0747 3227.5908 3244.0063 3260.0188 3275.9307 3291.641 3299.8992 -3277.24 -3261.8315 -3246.8262 -3231.72 -3108.3525 891.568 3299.8992 3299.8992 3299.8992 3299.8992 3299.8992 3295.3674 3280.0598 3264.45 3248.8403 3233.3313 3217.52 3201.9104 2376.8096 -410.68726 -1442.2394 -1828.9581 -1844.87 -1627.4414 -1478.7964 -34.744263 678.1677 1022.89124 1379.4983 1671.6522 1371.6431 4.2297363 -1386.2457 3212.2832 3228.9001 3245.2148 3261.1267 3276.9377 3292.8496 -3291.9434 -3276.233 -3260.9253 -3245.7183 -3230.713 -2966.5557 1149.884 3299.8992 3299.8992 3299.8992 3299.8992 3299.8992 3294.5618 3279.1533 3263.745 3248.1353 3232.4248 3216.6138 3201.004 2219.1008 -474.0326 -1517.0654 -1828.0518 -1880.8228 -1764.2029 -1569.1315 -9.265137 784.4147 1069.8212 1429.8523 1702.2675 1316.3544 -126.38855 -1456.5399 3213.9954 3230.4106 3246.7253 3262.5366 3278.549 3294.2595 -3290.5334 -3274.823 -3259.314 -3244.2078 -3229.303 -2768.5637 1527.0355 3299.8992 3299.8992 3299.8992 3299.8992 3299.8992 3293.6553 3278.1462 3262.738 3247.1282 3231.4177 3215.7073 
3299.8992 3299.8992 3299.8992 3299.8992 3299.8992 3299.8992 3299.8992 3299.8992 2444.7876 -386.61804 -2665.741 -3000.8972 -2986.8987 -2973.2024 -2959.607 -2946.0112 -2932.8186 -2919.5251 -2906.5337 -2893.744 -2880.8533 -2868.0632 -2855.2734 -2842.6848 -2830.2979 -2817.81 -2805.4229 -2793.1365 -2142.5627 -1643.1519 -970.01953 -283.59375 631.3385 2144.8792 3299.8992 3299.8992 3299.8992 3299.8992 3299.8992 3299.8992 3299.8992 3299.8992 3299.8992 3299.8992 3299.8992 3299.8992 3299.8992 3299.8992 2121.3135 -627.2095 -2871.7896 -2998.5808 -2984.5825 -2970.7854 -2957.19 -2943.7957 -2930.603 -2917.511 -2904.318 -2891.4275 -2878.6377 -2865.8477 -2853.0579 -2840.4692 -2827.9814 -2815.695 -2803.4087 -2790.921 -2117.99 -1568.0237 -769.20776 -117.82837 649.36523 2297.653 3299.8992 3299.8992 3299.8992 3299.8992 3299.8992 3299.8992 3299.8992 3299.8992 3299.8992 3299.8992 3299.8992 3299.8992 3299.8992 3299.8992 2010.9375 -602.1332 -2742.8833 -2999.0845 -2985.086 -2971.4905 -2957.8948 -2944.4 -2931.1064 -2918.0144 -2904.9224 -2892.0317 -2879.141 -2866.3513 -2853.662 -2841.0735 -2828.6865 -2816.1987 -2803.61 -2791.3237 -1816.6718 -1305.0751 -530.9326 340.7959 1016.54663 2568.457 3299.8992 3299.8992 3299.8992 3299.8992 3299.8992 3299.8992 3299.8992 3299.8992 3299.8992 3299.8992 3299.8992 3299.8992 3299.8992 3299.8992 1741.9464 -870.0165 -3018.4204 -3004.1199 -2990.1213 -2976.3245 -2962.8296 -2949.4353 -2936.2427 -2923.0498 -2909.7563 -2896.9666 -2883.975 -2871.1853 -2858.6975 -2846.0083 -2833.5205 -2821.1333 -2808.7463 -2794.8486 -1928.3569 -1444.2535 -632.547 153.479 1047.0612 2791.1223 3299.8992 3299.8992 3299.8992 3299.8992 3299.8992 3299.8992 3299.8992 3299.8992 3299.8992 3299.8992 3299.8992 3299.8992 3299.8992 3299.8992 1189.1602 -1431.9672 -3015.3992 -3001.0986 -2987.3015 -2973.6052 -2960.1104 -2946.817 -2933.5234 -2920.3308 -2907.138 -2894.3481 -2881.558 -2868.6675 -2856.079 -2843.5913 -2831.1035 -2818.6157 -2806.3293 -2794.043 -2197.6501 -1762.9944 -909.494 -141.79688 880.99365 2827.2766 3299.8992 3299.8992 3299.8992 3299.8992 3299.8992 3299.8992 

67.474365 70.59631 105.03845 129.71191 164.6576 204.43726 195.97778 210.88257 169.89441 117.32483 121.75598 124.37439 65.05737 -15.710449 -63.043213 -153.88184 -181.27441 -175.13123 -137.76855 -73.516846 -25.378418 -51.663208 -112.69226 -112.89368 -62.539673 -28.601074 -0.70495605 -34.44214 -21.450806 -7.9559326 -26.385498 -63.848877 -88.62305 -93.759155 -81.170654 -56.69861 -45.620728 -42.700195 -40.98816 -61.834717 -45.117188 -28.29895 10.675049 24.371338 17.321777 42.800903 68.38074 93.65845 86.00464 65.3595 51.663208 57.806396 74.72534 126.79138 134.5459 37.564087 -42.49878 -9.768677 58.007812 104.53491 141.59546 98.69385 32.025146 6.1431885 13.494873 -15.509033 -61.532593 -159.11865 -188.82751 -204.33655 -222.16187 -192.3523 -138.17139 -102.319336 -88.42163 -26.385498 52.871704 128.50342 177.2461 166.47034 123.77014 75.32959 67.07153 29.507446 -19.839478 -31.521606 -31.82373 -54.68445 -146.53015 -204.43726 -156.29883 -79.86145 -10.876465 83.28552 122.46094 107.55615 105.23987 59.71985 1.2084961 6.3446045 48.339844 28.29895 -7.4523926 -15.307617 -7.3516846 -34.84497 -40.081787 -53.57666 -18.530273 10.070801 32.025146 33.737183 37.664795 58.309937 72.20764 37.261963 -29.708862 -69.79065 -68.984985 -32.32727 -23.364258 -5.4382324 48.742676 54.885864 43.707275 50.354004 79.35791 67.17224 47.836304 43.90869 4.3304443 -32.629395 -58.410645 -57.907104 -79.660034 -109.16748 -84.49402 -45.117188 -1.7120361 27.593994 71.502686 72.40906 47.332764 52.166748 42.297363 19.839478 16.314697 -20.141602 -22.055054 -38.571167 -57.806396 -103.930664 -147.53723 -178.05176 -151.96838 -151.36414 -135.55298 -74.523926 -24.069214 -5.3375244 14.904785 70.09277 127.29492 96.780396 3.6254883 -72.006226 -58.10852 1.3092041 23.062134 59.317017 98.49243 148.94714 182.68433 216.2201 204.03442 177.14539 151.56555 98.89526 45.620728 33.737183 122.15881 166.36963 131.72607 50.55542 -29.205322 -42.800903 -35.751343 -103.72925 -158.31299 -227.90222 -216.92505 -158.01086 -123.46802 -126.18713 -126.086426 -123.87085 -100.305176 -50.857544 -15.609741 -4.7332764 -25.680542 -20.645142 11.380005 17.019653 31.622314 67.17224 120.44678 158.11157 168.38379 157.70874 158.71582 132.83386 104.73633 127.39563 89.227295 58.71277 36.4563 -12.991333 -77.24304 -123.16589 
24.975586 49.749756 1.8127441 -46.92993 -75.531006 -112.89368 -152.1698 -176.94397 -146.42944 -109.06677 -102.72217 -96.8811 -100.909424 -141.19263 -138.47351 -45.117188 15.005493 34.643555 52.770996 54.281616 27.191162 8.862305 36.35559 93.55774 84.191895 33.9386 -3.6254883 -23.867798 -107.85828 -143.20679 -143.91174 -108.966064 -36.758423 7.2509766 3.8269043 -24.975586 -9.970093 -7.2509766 0.40283203 18.832397 39.98108 51.260376 24.371338 45.41931 92.248535 81.87561 46.829224 23.26355 6.5460205 -18.630981 -17.019653 12.588501 7.2509766 -57.000732 -86.91101 -41.088867 0.60424805 10.473633 -32.025146 -68.38074 -104.23279 -62.036133 26.889038 77.34375 96.67969 129.20837 156.50024 206.14929 168.28308 165.36255 165.16113 153.07617 134.74731 136.76147 68.88428 -34.542847 -81.47278 -107.05261 -127.194214 -126.690674 -132.73315 -142.90466 -163.04626 -149.95422 -127.79846 -125.98572 -146.53015 -171.30432 -138.3728 -82.681274 -16.918945 48.641968 58.511353 4.0283203 5.3375244 53.274536 62.438965 106.14624 139.5813 136.66077 103.326416 137.86926 152.57263 143.3075 101.51367 59.61914 32.528687 54.58374 13.394165 8.258057 -9.063721 -14.099121 -1.2084961 3.4240723 14.300537 -0.20141602 -13.192749 -35.046387 -30.715942 -8.056641 13.998413 -15.307617 -92.04712 -114.4043 -114.90784 -142.80396 -171.80786 -144.6167 -99.90234 -78.652954 -62.841797 -51.864624 -46.42639 -71.7041 -58.20923 -41.99524 -41.99524 -47.131348 -52.871704 -44.0094 -56.69861 -2.8198242 83.88977 125.28076 150.25635 171.20361 190.23743 209.47266 135.45227 87.61597 53.07312 42.39807 33.9386 44.91577 6.3446045 -24.371338 -36.95984 -50.857544 -22.860718 27.191162 53.17383 -0.20141602 -70.09277 -103.62854 -105.84412 -98.69385 -119.13757 -124.575806 -101.312256 -88.42163 -36.053467 -1.5106201 -12.689209 -84.191895 -83.688354 -50.857544 -15.005493 50.354004 123.97156 158.11157 143.4082 158.31299 186.41052 174.02344 147.33582 115.61279 98.69385 105.03845 50.253296 27.79541 -27.996826 -76.23596 -75.4303 -45.620728 -61.12976 -69.488525 -69.79065 -62.64038 -13.293457 51.663208 130.51758 156.90308 140.58838 117.42554 9.466553 -70.69702 -108.56323 -117.22412 -98.69385 -98.0896 -115.41138 -97.787476 -94.16199 -117.42554 -64.85596 -19.537354 -12.789917 -11.279297 5.2368164 27.493286 
2962.7288 2979.3457 2996.0632 3099.2888 -1052.298 2057.2632 3001.9043 2988.0066 2971.4905 2957.7942 2942.688 2925.8696 2740.164 2904.1167 2892.0317 2879.4434 2866.6533 2853.662 2840.3687 2827.1758 2813.9832 2801.0925 2787.5977 2775.1099 2762.4207 2749.2278 2736.438 1809.7229 2741.3726 2763.5283 2784.1736 2804.1138 2823.3489 2841.98 2860.4094 2878.3354 2896.161 2913.7847 2931.2073 2948.4282 2965.5486 2982.9712 2999.286 -3205.0322 -413.30566 2850.4395 2998.3794 2984.2803 2969.6777 2954.672 2939.163 2922.5464 2912.2742 2900.2898 2888.1042 2875.6165 2862.8264 2849.6338 2836.441 2823.3489 2810.0554 2797.2656 2784.2742 2771.1821 2758.493 2745.5017 2733.014 784.01184 2741.3726 2763.5283 2784.1736 2803.9124 2823.2483 2841.98 2860.208 2878.3354 2896.161 2913.7847 2931.2073 2948.3276 2965.5486 2982.266 2999.4873 -3124.768 -280.4718 2888.4062 2996.9695 2982.9712 2967.4622 2953.4636 2937.149 2913.684 2912.0728 2899.585 2887.5 2874.8108 2861.9202 2848.9287 2835.6353 2822.4426 2809.2498 2795.9563 2783.267 2770.0745 2757.4858 2744.3938 2732.1074 -492.865 2743.3867 2765.341 2785.8855 2805.8257 2824.8596 2843.39 2861.8193 2879.9468 2897.6714 2915.2954 2932.7178 2949.8381 2967.0593 2983.676 3000.3936 -2953.0608 -167.1753 2868.2646 2997.171 2982.8704 2965.8508 2951.651 2936.746 2853.5613 2912.1733 2899.6855 2887.7014 2875.0122 2862.2222 2849.0295 2835.8367 2822.644 2809.4512 2796.5605 2783.267 2770.7793 2758.09 2744.7966 2732.2083 -1911.0352 2746.3074 2768.0603 2788.504 2808.142 2827.2766 2845.807 2864.1357 2882.0618 2899.887 2917.511 2934.732 2951.9531 2969.174 2986.3953 3002.8105 -2586.2822 286.7157 3008.551 2994.9553 2980.5542 2963.7358 2949.3347 2934.027 2779.7424 2910.3606 2898.0742 2885.6873 2873.3 2860.4094 2847.2168 2833.9233 2820.7305 2807.7393 2794.8486 2781.958 2768.866 2756.1768 2743.1853 2730.6975 2865.4448 2748.2207 2769.873 2790.216 2809.854 2828.888 2847.4182 2865.747 2883.7737 2901.4983 2919.0215 2936.444 2953.665 2970.6848 2987.201 3004.5227 -2237.4297 644.43054 3006.0332 2992.5383 2978.0364 2962.024 2947.2197 2931.8115 2770.8801 2907.7422 2895.4558 2883.2703 2870.6816 2857.6904 2844.4976 2831.4055 2818.213 
3299.8992 3299.8992 3299.8992 3299.8992 3299.8992 3299.8992 3299.8992 3299.8992 1962.5977 -2572.9888 -2560.9038 -2548.9197 -2537.2375 -2525.5554 -2514.0747 -2502.6946 -2491.3147 -2480.0354 -1115.9454 3056.8909 3299.8992 1961.792 -632.6477 -2500.8818 -2489.3005 -2012.9517 -1640.6342 -2461.3037 -2450.125 -2439.148 -2428.372 -2417.697 -2406.9214 -2396.4478 -2385.974 -2375.601 -2361.8042 3299.8992 3299.8992 3299.8992 3299.8992 3299.8992 3299.8992 3299.8992 3299.8992 3299.8992 3299.8992 3299.8992 1578.0945 -2568.2556 -2556.0698 -2544.1863 -2532.5042 -2520.9229 -2509.4421 -2498.062 -2486.6821 -2475.5034 -892.37366 3299.8992 3299.8992 1925.6378 -301.31836 -2499.8748 -2488.2935 -2071.5637 -1740.3351 -2459.3901 -2448.1108 -2437.2344 -2426.358 -2415.6829 -2405.0078 -2394.5342 -2384.0605 -2373.6877 -2162.4023 3299.8992 3299.8992 3299.8992 3299.8992 3299.8992 3299.8992 3299.8992 3299.8992 3299.8992 3299.8992 3299.8992 684.0088 -2564.7307 -2552.7466 -2540.863 -2529.181 -2517.5994 -2506.1187 -2494.7388 -2483.4595 -2472.2808 -490.14587 3299.8992 3299.8992 1993.0115 -380.17273 -2265.4265 -2213.864 -2128.2622 -1887.0667 -2461.1023 -2449.9236 -2438.9465 -2428.07 -2417.395 -2406.72 -2396.1455 -2385.6719 -2375.3997 -1952.0233 3299.8992 3299.8992 3299.8992 3299.8992 3299.8992 3299.8992 3299.8992 3299.8992 3299.8992 3299.8992 3299.8992 206.45142 -2565.1335 -2553.0486 -2541.165 -2529.483 -2518.0022 -2506.421 -2495.0408 -2483.8623 -2472.6836 -181.67725 3299.8992 3299.8992 1671.7529 -797.80884 -2500.3784 -2452.7434 -1601.8616 -1682.0251 -2462.5122 -2451.3335 -2440.3564 -2429.5806 -2418.805 -2408.029 -2397.4548 -2386.9812 -2376.6082 -1322.7997 3299.8992 3299.8992 3299.8992 3299.8992 3299.8992 3299.8992 3299.8992 3299.8992 3299.8992 3299.8992 3299.8992 -583.5022 -2566.2415 -2554.1565 -2542.4744 -2530.6914 -2519.0093 -2507.6294 -2496.2493 -2484.97 -2473.7915 66.87012 3299.8992 3299.8992 1823.0164 -354.99573 -2407.6262 -2089.6912 -1452.5116 -1625.8301 -2471.0723 -2459.8938 -2448.816 -2437.8386 -2426.9622 -2416.388 -2405.713 -2395.1384 -2384.7656 -1021.4813 3299.8992 3299.8992 3299.8992 3299.8992 3299.8992 3299.8992 3299.8992 3299.8992 3299.8992 3299.8992 3299.8992 -899.62463 -2573.0896 -2561.1052 -2549.3225 -2537.5396 -2525.9583 -2514.5781 -2503.0974 -2491.818 -2478.827 396.89026 3299.8992 
3299.8992 3262.6372 1019.06433 -335.9619 -1052.6001 -1411.4227 -1544.8608 -1091.272 -32.83081 447.6471 501.828 660.3424 754.4037 -266.97693 -2998.883 -3273.1108 -3258.1055 -3243.402 -3228.7993 -3214.4988 -3200.3997 -3186.3005 -3172.2014 -3158.5051 -3144.8088 -3131.314 -3118.4233 -2460.2966 3299.8992 3299.8992 3299.8992 3299.8992 3299.8992 3299.8992 3299.8992 3299.8992 3299.8992 3299.8992 3299.8992 3299.8992 3299.8992 3077.9387 668.49976 -566.48254 -1217.8619 -1481.4148 -1686.557 -1207.489 -182.48291 392.05627 553.6926 737.8876 790.7593 -357.41272 -3286.7065 -3271.4995 -3256.3933 -3241.5894 -3227.188 -3212.8875 -3198.6877 -3184.6892 -3170.993 -3157.196 -3144.0032 -3130.5083 -3116.9128 -2059.9822 3299.8992 3299.8992 3299.8992 3299.8992 3299.8992 3299.8992 3299.8992 3299.8992 3299.8992 3299.8992 3299.8992 3299.8992 3299.8992 2915.094 415.52124 -831.94885 -1358.0475 -1630.6641 -1698.9441 -1086.9415 -21.551514 549.4629 692.569 793.07556 671.7224 -596.4935 -3284.6924 -3269.4854 -3254.2786 -3239.5752 -3225.2747 -3210.974 -3196.875 -3182.8765 -3168.7773 -3155.182 -3141.8884 -3128.3936 -3114.7979 -1671.4508 3299.8992 3299.8992 3299.8992 3299.8992 3299.8992 3299.8992 3299.8992 3299.8992 3299.8992 3299.8992 3299.8992 3299.8992 3299.8992 2784.4756 397.99805 -665.5792 -1211.4166 -1519.986 -1557.7515 -699.0143 168.4845 601.3275 703.0426 852.2919 795.8954 -633.7555 -3289.8284 -3274.5208 -3259.5154 -3244.7112 -3230.2092 -3215.808 -3201.709 -3187.509 -3173.8127 -3160.1165 -3146.7224 -3133.3281 -3119.5312 -1162.674 3299.8992 3299.8992 3299.8992 3299.8992 3299.8992 3299.8992 3299.8992 3299.8992 3299.8992 3299.8992 3299.8992 3299.8992 3299.8992 2596.051 338.07678 -708.48083 -1259.2529 -1548.0835 -1616.6656 -822.4823 81.7749 520.3583 587.1277 763.76953 595.8893 -972.94006 -3290.4326 -3275.3264 -3260.321 -3245.5168 -3231.015 -3216.6138 -3202.3132 -3188.516 -3174.5178 -3160.7207 -3147.1252 -3133.5295 -3120.5383 -566.8854 3299.8992 3299.8992 3299.8992 3299.8992 3299.8992 3299.8992 3299.8992 3299.8992 3299.8992 3299.8992 3299.8992 3299.8992 3297.7844 2250.824 51.864624 -1100.235 -1615.5579 -1845.4742 -1873.6725 -822.4823 127.093506 514.6179 563.96484 749.1669 467.688 -1233.4717 -3282.9802 -3267.874 -3252.9692 -3238.2659 -3223.9653 -3209.6648 
3299.8992 3299.8992 3299.8992 3299.8992 3299.8992 3299.8992 3299.8992 3299.8992 -14.099121 -3129.5012 -3114.1936 -3099.0874 -3084.1826 -3069.58 -3054.9773 -3040.7776 -3026.477 -3012.378 -2998.4802 -2984.784 -2970.9868 -2957.492 -2943.8965 -2930.7036 -2917.6116 -2904.721 -2891.8303 -2879.0405 -1650.705 -1053.1036 37.86621 2060.385 3299.8992 3299.8992 3299.8992 3299.8992 3299.8992 3299.8992 3299.8992 3299.8992 3299.8992 3299.8992 3299.8992 3299.8992 3299.8992 3299.8992 3299.8992 3299.8992 -618.5486 -3126.0771 -3110.669 -3095.6633 -3080.8594 -3066.2566 -3051.7546 -3037.3535 -3023.1536 -3009.1553 -2995.2576 -2981.4604 -2967.865 -2954.2693 -2940.7744 -2927.6824 -2914.5903 -2901.599 -2888.809 -2868.3655 -1501.0529 -726.004 379.16565 2306.012 3299.8992 3299.8992 3299.8992 3299.8992 3299.8992 3299.8992 3299.8992 3299.8992 3299.8992 3299.8992 3299.8992 3299.8992 3299.8992 3299.8992 3299.8992 3299.8992 -1361.1694 -3125.473 -3110.0647 -3094.9585 -3080.2551 -3065.6523 -3051.2512 -3036.8499 -3022.7507 -3008.551 -2994.754 -2980.957 -2967.3613 -2953.8665 -2940.573 -2927.2795 -2914.087 -2901.0955 -2888.1042 -2783.9722 -1576.7853 -833.6609 366.37573 2472.7844 3299.8992 3299.8992 3299.8992 3299.8992 3299.8992 3299.8992 3299.8992 3299.8992 3299.8992 3299.8992 3299.8992 3299.8992 3299.8992 3299.8992 3299.8992 3299.8992 -2572.284 -3119.8333 -3104.425 -3089.4194 -3074.716 -3060.1135 -3045.7122 -3031.4116 -3017.3125 -3003.3142 -2989.4165 -2975.7202 -2962.1245 -2948.6296 -2935.739 -2922.2441 -2909.0515 -2896.161 -2883.3708 -2704.7148 -1552.5146 -699.3164 515.7257 2561.7095 3299.8992 3299.8992 3299.8992 3299.8992 3299.8992 3299.8992 3299.8992 3299.8992 3299.8992 3299.8992 3299.8992 3299.8992 3299.8992 3299.8992 3299.8992 3238.971 -3009.4573 -3115.2007 -3100.0945 -3085.1897 -3070.3857 -3055.783 -3041.4824 -3027.182 -3013.0828 -2999.0845 -2985.2874 -2971.591 -2957.9956 -2944.5007 -2931.1064 -2918.1152 -2905.1238 -2892.334 -2879.4434 -2656.073 -1711.029 -730.5359 517.8406 2600.18 3299.8992 3299.8992 3299.8992 3299.8992 3299.8992 3299.8992 3299.8992 3299.8992 3299.8992 3299.8992 3299.8992 3299.8992 3299.8992 3299.8992 3299.8992 3026.9805 -3124.6672 -3109.1582 -3094.052 -3079.1472 -3064.4438 -3049.8413 -3035.5408 -3021.2402 -3007.2417 -2993.2434 -2979.547 -2965.9514 
3199.8962 1814.4562 -790.35645 -1701.7639 -1984.7534 -2020.6055 -1802.9755 -1491.8884 116.21704 766.69006 1130.4474 1533.4808 1760.6781 1318.3685 -251.97144 -1766.1163 3218.8293 3235.2446 3251.4587 3267.572 3283.383 3298.892 -3285.6995 -3270.0896 -3254.6814 -3239.4744 -3224.771 -2516.3909 1985.257 3299.8992 3299.8992 3299.8992 3299.8992 3299.8992 3295.2666 3279.8584 3264.2485 3248.639 3232.9285 3217.218 3199.1912 1460.8704 -1067.4042 -1882.5348 -2183.4502 -2147.7996 -1871.0541 -1359.6588 189.9353 854.1046 1176.7731 1522.8058 1754.9377 1209.201 -356.20422 -1943.5638 3226.4832 3242.8984 3259.1125 3275.125 3290.8354 3299.8992 -3277.9448 -3262.6372 -3247.3296 -3232.3242 -3217.52 -2264.0166 2331.189 3299.8992 3299.8992 3299.8992 3299.8992 3299.8992 3299.8992 3284.6924 3268.982 3253.2715 3237.561 3221.9512 3205.0322 1602.4658 -765.48157 -1549.6948 -1820.0958 -1770.6482 -1508.5052 -966.0919 490.95154 1057.132 1268.216 1584.9426 1694.9158 1047.3633 -474.83826 -2147.3967 3219.5342 3236.0503 3252.1636 3268.1763 3284.0881 3299.6978 -3284.3901 -3269.3848 -3254.0771 -3238.87 -3223.8647 -1917.7826 2674.2004 3299.8992 3299.8992 3299.8992 3299.8992 3299.8992 3291.1377 3275.7292 3260.1196 3244.5098 3228.7993 3213.1897 3193.35 1185.2325 -984.21936 -1693.5059 -1831.4758 -1704.483 -1399.6399 -806.1676 508.67615 1048.2697 1286.7462 1552.6154 1569.9371 829.834 -790.45715 -2793.7407 3218.7285 3235.2446 3251.358 3267.3706 3283.1816 3298.7915 -3285.2966 -3270.0896 -3254.8828 -3239.7766 -3224.8718 -1721.7041 2921.8413 3299.8992 3299.8992 3299.8992 3299.8992 3299.8992 3288.7207 3273.2117 3257.8032 3242.0928 3226.3823 3210.6719 3158.606 815.63416 -1224.6094 -1878.2043 -1961.4899 -1831.1737 -1499.7437 -686.7279 653.6957 1123.7 1355.9326 1631.7719 1736.0046 948.1659 -624.7925 -2816.803 3217.52 3234.137 3250.2502 3266.2627 3282.074 3297.7844 -3286.4043 -3271.1975 -3256.0913 -3240.8843 -3225.9795 -1146.2585 3299.8992 3299.8992 3299.8992 3299.8992 3299.8992 3299.0935 3283.5845 3268.2769 3252.7678 3237.0574 3221.347 3205.7373 3075.2197 491.45508 -1430.5573 -2034.8053 -2057.5652 -1949.707 -1667.8253 -873.8434 501.6266 1049.6796 1329.5471 1583.6334 1508.2031 674.4415 -830.0354 -3236.554 3224.771 3241.0857 3257.2998 3273.2117 
3299.8992 3299.8992 3299.8992 3299.8992 3299.8992 3299.8992 3299.8992 3299.8992 1142.2302 -1272.4457 -3008.4502 -2994.351 -2980.5542 -2966.757 -2953.2622 -2939.8682 -2926.5747 -2913.4827 -2900.4912 -2887.5 -2874.71 -2862.1216 -2849.4324 -2836.9446 -2824.4568 -2812.0696 -2799.7832 -2680.4443 -1728.8544 -1298.4283 -444.82727 426.297 1462.0789 3292.2454 3299.8992 3299.8992 3299.8992 3299.8992 3299.8992 3299.8992 3299.8992 3299.8992 3299.8992 3299.8992 3299.8992 3299.8992 3299.8992 3299.8992 970.7245 -1611.5295 -3011.7737 -2997.6746 -2983.8774 -2970.1812 -2956.6863 -2943.2922 -2929.9988 -2916.806 -2903.8147 -2890.924 -2878.134 -2865.2434 -2852.655 -2840.0664 -2827.6794 -2815.1917 -2802.9053 -2588.5986 -1681.9244 -1197.3175 -378.4607 387.62512 1364.4928 3299.8992 3299.8992 3299.8992 3299.8992 3299.8992 3299.8992 3299.8992 3299.8992 3299.8992 3299.8992 3299.8992 3299.8992 3299.8992 3299.8992 3299.8992 668.39905 -1861.9904 -3012.5793 -2998.5808 -2984.683 -2971.0876 -2957.5928 -2944.098 -2930.8044 -2917.6116 -2904.6204 -2891.629 -2878.839 -2866.2505 -2853.662 -2841.0735 -2828.485 -2816.1987 -2803.8115 -2729.7913 -2052.127 -1552.9175 -527.005 339.4867 1420.6879 3299.8992 3299.8992 3299.8992 3299.8992 3299.8992 3299.8992 3299.8992 3299.8992 3299.8992 3299.8992 3299.8992 3299.8992 3299.8992 3299.8992 3230.2092 490.95154 -1943.7653 -3007.6445 -2993.5454 -2979.7485 -2966.1528 -2952.658 -2939.3645 -2926.071 -2912.979 -2899.887 -2886.9963 -2874.2065 -2861.5173 -2848.9287 -2836.3403 -2823.8525 -2811.4653 -2799.179 -2673.4954 -2009.5276 -1438.6139 -498.2025 433.54797 1718.1793 3299.8992 3299.8992 3299.8992 3299.8992 3299.8992 3299.8992 3299.8992 3299.8992 3299.8992 3299.8992 3299.8992 3299.8992 3299.8992 3299.8992 2968.167 -21.853638 -2304.5012 -3001.9043 -2987.8052 -2974.008 -2960.3118 -2946.9177 -2933.7249 -2920.6328 -2907.5408 -2894.3481 -2881.3567 -2868.6675 -2856.079 -2843.4905 -2831.0027 -2818.6157 -2806.2285 -2793.9421 -2422.8333 -1690.9882 -1260.0586 -376.0437 470.5078 1803.5797 3299.8992 3299.8992 3299.8992 3299.8992 3299.8992 3299.8992 3299.8992 3299.8992 3299.8992 3299.8992 3299.8992 3299.8992 3299.8992 3299.8992 2860.7117 6.8481445 -2373.184 -3000.595 -2986.4958 -2972.7996 -2959.0027 -2945.8098 -2932.5164 -2919.223 -2906.2317 -2893.2402 -2880.3496 

-130.92041 -162.1399 -180.87158 -163.14697 -100.00305 -53.375244 -44.41223 -79.86145 -40.786743 -32.025146 -77.34375 -152.57263 -190.64026 -186.61194 -129.81262 -55.993652 -25.982666 -17.825317 -40.686035 -73.91968 -104.23279 -80.96924 -6.0424805 56.799316 102.01721 134.04236 162.03918 185.30273 203.32947 234.44824 265.3656 265.56702 280.97534 268.28613 183.48999 110.87952 44.210815 -20.947266 -70.79773 -123.46802 -146.32874 -131.92749 -96.07544 -7.1502686 49.44763 77.34375 46.224976 14.703369 24.371338 -59.417725 -198.59619 -283.0902 -256.20117 -187.61902 -74.92676 6.7474365 33.032227 59.71985 77.34375 55.490112 14.703369 -11.077881 -23.062134 -62.23755 -106.448364 -141.79688 -161.43494 -121.35315 -74.92676 -16.918945 31.82373 75.73242 94.262695 106.8512 38.36975 -30.111694 -44.110107 -24.77417 17.825317 55.59082 53.274536 35.247803 25.177002 72.71118 76.7395 69.79065 10.775757 -42.49878 -36.254883 -24.472046 -7.3516846 -0.80566406 -17.120361 -36.053467 -3.6254883 62.036133 125.7843 166.36963 173.6206 155.19104 121.554565 152.37122 192.65442 196.38062 135.95581 70.999146 11.682129 -67.67578 -134.04236 -152.37122 -150.05493 -141.59546 -100.305176 -59.921265 -71.20056 -43.103027 17.72461 30.715942 -19.134521 -60.525513 -69.1864 -70.59631 -74.32251 -44.91577 -27.79541 -17.523193 -49.850464 -117.82837 -164.85901 -186.00769 -154.88892 -84.39331 -37.96692 -6.4453125 39.98108 59.1156 90.93933 100.40588 60.424805 11.581421 -13.394165 -4.8339844 -22.961426 -60.525513 -92.248535 -78.95508 -28.500366 -7.3516846 2.0141602 44.110107 106.64978 168.08167 232.03125 284.198 244.0155 182.68433 160.72998 140.99121 119.036865 120.44678 106.14624 49.346924 -48.54126 -104.23279 -133.84094 -100.305176 -79.559326 -80.4657 -63.949585 -68.481445 -88.42163 -92.14783 -100.20447 -138.57422 -143.81104 -167.1753 -171.80786 -93.96057 -11.380005 15.106201 -14.602661 -53.17383 -117.82837 -179.8645 -161.23352 -68.17932 6.9488525 20.645142 -10.574341 -31.219482 -39.578247 -23.26355 48.54126 122.058105 95.06836 56.09436 32.42798 33.43506 78.149414 123.36731 
21.450806 53.878784 103.52783 126.589966 116.922 83.28552 75.027466 106.04553 74.82605 74.82605 68.17932 36.85913 24.069214 -2.4169922 -78.45154 -133.3374 -123.97156 -76.94092 -42.196655 -7.7545166 5.9417725 -49.145508 -128.302 -167.276 -139.27917 -90.43579 -71.80481 -44.91577 -13.796997 -29.003906 -67.07153 -115.41138 -141.09192 -125.7843 -45.01648 2.9205322 24.169922 55.288696 77.24304 79.35791 93.65845 186.41052 217.93213 148.3429 94.46411 60.021973 33.9386 -3.4240723 -56.69861 -54.483032 -13.998413 21.24939 40.38391 39.276123 -14.300537 -24.069214 -30.010986 -30.413818 -22.860718 16.314697 61.23047 38.47046 4.4311523 -8.560181 -49.54834 -74.92676 -80.96924 -93.35632 -78.95508 -76.7395 -109.77173 -132.63245 -138.57422 -130.31616 -23.464966 49.749756 86.709595 106.64978 113.59863 107.35474 128.70483 173.21777 183.79211 155.9967 112.89368 66.26587 67.67578 73.31543 30.010986 3.6254883 -5.3375244 -36.154175 -50.454712 -44.613647 -80.06287 -84.59473 -88.62305 -78.45154 -58.20923 -16.516113 18.127441 -18.22815 -46.5271 -38.87329 -19.23523 -11.782837 -19.638062 -22.961426 -10.775757 -13.696289 -3.7261963 23.565674 34.744263 46.829224 88.11951 51.763916 -9.567261 -72.20764 -131.02112 -123.97156 -106.34766 -90.33508 -22.961426 34.84497 52.267456 40.182495 74.92676 137.36572 154.58679 150.9613 119.540405 84.39331 62.438965 38.772583 -32.629395 -43.50586 -52.267456 -93.96057 -62.036133 -7.9559326 9.970093 -44.210815 -50.354004 -5.6396484 -68.17932 -148.3429 -185.70557 -185.20203 -161.13281 -107.25403 -54.885864 -6.3446045 -11.380005 -13.998413 79.35791 112.18872 82.9834 70.89844 81.674194 74.82605 69.08569 62.438965 68.984985 16.314697 -11.279297 -24.975586 38.269043 67.67578 67.07153 70.999146 52.871704 23.76709 7.1502686 9.970093 -21.148682 -15.307617 -31.82373 -33.132935 -9.567261 13.897705 35.650635 -10.876465 -75.027466 -86.709595 -62.13684 -50.756836 -56.69861 -45.41931 -28.500366 -22.055054 -11.077881 -7.9559326 -15.609741 -26.28479 7.4523926 10.070801 -24.572754 -68.17932 -124.67651 -165.06042 
2805.1208 2791.7266 2778.7354 2766.1467 2753.659 2740.3655 2727.777 2724.5544 2748.0193 2769.5708 2790.1152 2809.6526 2828.5857 2847.2168 2865.5457 2883.4717 2901.0955 2918.7195 2936.1418 2953.363 2970.3826 2987.7043 3004.019 -1888.7787 977.3712 3002.9114 2989.1143 2974.7131 2959.1033 2943.695 2927.6824 2593.4326 2905.3252 2893.0388 2880.7524 2868.3655 2855.374 2842.1814 2829.0894 2815.8965 2802.7039 2789.9138 2776.6204 2764.2334 2751.5442 2738.3513 2725.4607 2726.065 2749.3286 2770.7793 2791.2231 2810.6597 2829.7942 2848.3245 2866.5527 2884.4788 2902.2034 2919.7266 2937.0483 2954.1687 2971.1882 2988.51 3005.429 -2013.0524 959.6466 3004.4219 2990.7256 2976.425 2961.0168 2946.2126 2930.5022 2699.5789 2906.433 2894.1467 2881.659 2869.0703 2856.1797 2842.8862 2829.6936 2816.6016 2803.308 2790.1152 2777.5269 2764.334 2751.7456 2738.7542 2725.9644 2729.5898 2752.5513 2773.9014 2794.043 2813.5803 2832.5134 2850.9429 2869.2717 2887.0972 2904.8218 2922.345 2939.7673 2956.8877 2974.008 2990.5242 3007.6445 -1688.269 1394.101 3002.8105 2989.215 2974.7131 2959.204 2945.8098 2928.6895 2797.3662 2904.721 2892.334 2879.9468 2867.3584 2854.2664 2841.0735 2827.8809 2814.688 2801.596 2788.3025 2775.2104 2762.8235 2750.1343 2737.0422 2723.8494 2730.6975 2753.5583 2774.8076 2794.9492 2814.386 2833.319 2851.8494 2869.876 2887.9028 2905.728 2923.0498 2940.3716 2957.5928 2974.5117 2991.7327 3008.1482 -1571.9513 1489.7736 3002.8105 2988.9128 2974.5117 2958.9019 2943.3928 2926.5747 2602.597 2904.8218 2892.7368 2880.3496 2867.6604 2854.7698 2841.4763 2828.2837 2815.0908 2801.9988 2789.209 2776.3184 2763.2263 2750.537 2737.5457 2724.4536 2734.7258 2757.2844 2778.3325 2798.3733 2817.81 2836.5417 2855.072 2873.1995 2891.0247 2908.7493 2926.1719 2943.4937 2960.7146 2977.6335 2994.1497 3055.783 -1161.3647 1859.2712 3001.4006 2987.6038 2973.1018 2958.9019 2944.5007 2926.5747 2767.2546 2903.5125 2891.327 2878.7383 2866.049 2853.0579 2839.7644 2826.5715 2813.278 
3299.8992 1470.8405 -684.0088 -2512.564 -2451.132 -1997.9462 -2441.6655 -2470.166 -2458.8867 -2447.9094 -2437.033 -2426.1565 -2415.5823 -2405.0078 -2394.4336 -2383.96 -407.16248 3299.8992 3299.8992 3299.8992 3299.8992 3299.8992 3299.8992 3299.8992 3299.8992 3299.8992 3299.8992 3299.8992 -1279.7974 -2573.0896 -2561.0046 -2549.3225 -2537.5396 -2526.0588 -2514.4775 -2503.1982 -2491.818 -2417.9993 634.66187 3299.8992 3299.8992 1191.98 -724.79553 -2435.623 -2128.9673 -1256.2317 -1749.0967 -2477.719 -2466.339 -2455.3618 -2444.284 -2433.5083 -2422.7324 -2412.0574 -2401.4832 -2391.0095 95.97473 3299.8992 3299.8992 3299.8992 3299.8992 3299.8992 3299.8992 3299.8992 3299.8992 3299.8992 3299.8992 3299.8992 -1848.0927 -2578.5278 -2566.5435 -2554.66 -2542.9778 -2531.3965 -2520.0164 -2508.6365 -2497.3572 -2217.7917 1023.5962 3299.8992 3299.8992 652.6886 -976.56555 -2517.096 -2183.853 -1345.6604 -1997.5433 -2480.4382 -2469.058 -2457.9802 -2447.1038 -2436.1267 -2425.4517 -2414.7766 -2404.2021 -2393.628 758.3313 3299.8992 3299.8992 3299.8992 3299.8992 3299.8992 3299.8992 3299.8992 3299.8992 3299.8992 3299.8992 3299.8992 -1981.43 -2582.1533 -2570.169 -2558.3862 -2546.6033 -2535.022 -2523.6418 -2512.3625 -2500.8818 -2039.5386 1420.99 3299.8992 2847.7202 -132.83386 -1716.568 -2512.9668 -2471.3745 -1862.0911 -2482.4524 -2471.0723 -2459.9944 -2449.0173 -2438.1409 -2427.4658 -2416.69 -2406.1157 -2395.642 -2385.269 1513.0371 3299.8992 3299.8992 3299.8992 3299.8992 3299.8992 3299.8992 3299.8992 3299.8992 3299.8992 3299.8992 3208.7585 -2586.4836 -2574.298 -2562.4146 -2550.531 -2538.8489 -2527.3682 -2515.988 -2504.5073 -2493.3289 -1891.4978 1758.3618 3299.8992 2621.228 -183.08716 -2054.8462 -2503.2988 -2392.4194 -1774.9786 -2473.59 -2462.4114 -2451.233 -2440.457 -2429.5806 -2418.805 -2408.2305 -2397.6562 -2387.2832 -2376.8096 2245.5872 3299.8992 3299.8992 3299.8992 3299.8992 3299.8992 3299.8992 3299.8992 3299.8992 3299.8992 3299.8992 2716.6992 -2578.9307 -2566.6443 -2554.5593 -2542.8772 -2531.2957 -2519.7144 -2508.3342 -2496.9543 -2485.675 -1574.6704 2306.314 3299.8992 
-3195.5657 -3181.4666 -3167.9717 -3154.074 -3140.8813 -3127.487 -3113.8916 -17.019653 3299.8992 3299.8992 3299.8992 3299.8992 3299.8992 3299.8992 3299.8992 3299.8992 3299.8992 3299.8992 3299.8992 3299.8992 3299.8992 2047.0917 108.462524 -987.84485 -1414.7461 -1608.1055 -1583.9355 -586.2213 195.67566 569.6045 550.5707 746.24634 399.71008 -1515.5548 -3283.081 -3267.874 -3252.9692 -3238.3667 -3223.6633 -3209.6648 -3195.5657 -3181.5674 -3167.5688 -3153.9734 -3140.68 -3127.185 -3113.4888 338.98315 3299.8992 3299.8992 3299.8992 3299.8992 3299.8992 3299.8992 3299.8992 3299.8992 3299.8992 3299.8992 3299.8992 3299.8992 3299.6978 1986.3647 144.41528 -886.8347 -1429.6509 -1803.479 -1733.8898 -612.6068 147.53723 530.4291 633.05054 757.2235 211.08398 -1930.9753 -3279.7576 -3264.7522 -3249.646 -3235.0432 -3220.642 -3206.4421 -3192.343 -3178.5461 -3164.749 -3151.0527 -3137.9607 -3124.4658 -3110.971 811.80725 3299.8992 3299.8992 3299.8992 3299.8992 3299.8992 3299.8992 3299.8992 3299.8992 3299.8992 3299.8992 3299.8992 3299.8992 3299.8992 1804.8889 134.14307 -890.96375 -1453.418 -1685.7513 -1672.3572 -627.4109 71.90552 494.57703 606.86646 801.73645 334.552 -1888.0737 -3279.5562 -3264.45 -3249.646 -3234.8418 -3220.5413 -3206.4421 -3192.2424 -3178.4453 -3164.3462 -3150.7507 -3137.0544 -3123.6602 -3110.971 1339.8193 3299.8992 3299.8992 3299.8992 3299.8992 3299.8992 3299.8992 3299.8992 3299.8992 3299.8992 3299.8992 3299.8992 3299.8992 3294.9646 1323.4039 -358.21838 -1057.5348 -1387.5549 -1439.0167 -1239.7156 -168.98804 419.44885 621.0663 737.1826 952.0935 274.73145 -2240.451 -3282.8796 -3267.7734 -3253.07 -3238.2659 -3223.764 -3209.5642 -3195.2637 -3181.4666 -3167.7703 -3153.9734 -3140.7805 -3127.2856 -3110.568 2008.1177 3299.8992 3299.8992 3299.8992 3299.8992 3299.8992 3299.8992 3299.8992 3299.8992 3299.8992 3299.8992 3299.8992 3299.8992 3286.7065 1115.6433 -393.86902 -1294.5007 -1713.6475 -1847.992 -1518.4753 -446.74072 102.923584 357.81555 446.03577 527.81067 -317.73376 -2954.773 -3269.7876 -3254.8828 -3240.1794 -3225.6775 -3211.377 -3197.2778 
-2952.4565 -2939.0625 -2925.5676 -2912.5762 -2899.6855 -2886.795 -2874.0051 -2595.4468 -1776.8921 -789.9536 508.47473 2626.062 3299.8992 3299.8992 3299.8992 3299.8992 3299.8992 3299.8992 3299.8992 3299.8992 3299.8992 3299.8992 3299.8992 3299.8992 3299.8992 3299.8992 3299.8992 2647.815 -3116.7114 -3101.2024 -3086.1968 -3071.292 -3056.6895 -3042.1875 -3027.7861 -3013.687 -2999.7893 -2985.791 -2972.0947 -2958.499 -2945.105 -2931.7107 -2918.82 -2905.3252 -2892.4346 -2879.6448 -2866.9556 -1947.4915 -1119.3695 14.904785 1362.68 3299.8992 3299.8992 3299.8992 3299.8992 3299.8992 3299.8992 3299.8992 3299.8992 3299.8992 3299.8992 3299.8992 3299.8992 3299.8992 3299.8992 3299.8992 3299.8992 2359.9915 -3122.9553 -3107.5469 -3092.4407 -3077.4353 -3062.8325 -3048.3306 -3033.9294 -3019.8303 -3005.7312 -2991.8335 -2978.0364 -2964.441 -2950.946 -2937.4512 -2924.5605 -2911.267 -2898.175 -2885.385 -2872.5952 -1913.5529 -1211.618 -97.38464 1330.1514 3299.8992 3299.8992 3299.8992 3299.8992 3299.8992 3299.8992 3299.8992 3299.8992 3299.8992 3299.8992 3299.8992 3299.8992 3299.8992 3299.8992 3299.8992 3299.8992 1925.0336 -3125.473 -3109.9639 -3094.9585 -3080.0537 -3065.3503 -3050.8484 -3036.447 -3022.1465 -3008.2488 -2994.2505 -2980.4534 -2966.858 -2953.2622 -2939.9688 -2926.5747 -2913.4827 -2900.592 -2887.802 -2875.0122 -2011.0382 -1358.2489 -103.52783 1402.4597 3299.8992 3299.8992 3299.8992 3299.8992 3299.8992 3299.8992 3299.8992 3299.8992 3299.8992 3299.8992 3299.8992 3299.8992 3299.8992 3299.8992 3299.8992 3299.8992 1499.8444 -3124.5667 -3109.0576 -3093.9514 -3079.1472 -3064.4438 -3049.942 -3035.6414 -3021.4417 -3007.3425 -2993.5454 -2979.547 -2966.0522 -2952.5574 -2939.0625 -2925.6682 -2912.677 -2899.7864 -2886.8958 -2874.2065 -1747.9889 -1388.562 -47.131348 1524.7192 3299.8992 3299.8992 3299.8992 3299.8992 3299.8992 3299.8992 3299.8992 3299.8992 3299.8992 3299.8992 3299.8992 3299.8992 3299.8992 3299.8992 3299.8992 3299.8992 1093.9911 -3123.8616 -3108.4534 -3093.3472 -3078.4424 -3063.9404 -3049.3376 -3035.037 -3020.7366 -3006.7383 -2992.8406 -2979.0435 -2965.448 
3289.0227 3299.8992 -3279.959 -3264.5508 -3249.2432 -3234.137 -3219.3328 -893.28 3299.8992 3299.8992 3299.8992 3299.8992 3299.8992 3299.8992 3288.5193 3272.9094 3257.4004 3241.7908 3225.9795 3210.3699 2871.0845 132.93457 -1607.0984 -2101.071 -2053.2349 -1862.5946 -1514.5477 -641.0065 651.4801 1153.4088 1413.739 1709.2163 1626.7365 624.9939 -840.2069 3212.4846 3229.303 3245.5168 3261.5295 3277.6428 3293.3533 -3291.1377 -3276.0315 -3260.4216 -3245.0134 -3230.0078 -3215.103 -547.1466 3299.8992 3299.8992 3299.8992 3299.8992 3299.8992 3299.8992 3290.634 3274.9236 3259.4146 3243.6035 3227.9937 3212.2832 2905.9294 318.53943 -1117.3553 -1650.2014 -1797.9401 -1715.863 -1295.8099 -502.73438 745.7428 1307.19 1502.4628 1757.6569 1672.1558 531.0333 -919.162 3205.2336 3221.7498 3238.0645 3254.48 3270.291 3286.0015 3299.8992 -3283.1816 -3267.4712 -3252.2644 -3236.9568 -3221.8506 -390.74707 3299.8992 3299.8992 3299.8992 3299.8992 3299.8992 3297.885 3282.4768 3267.1692 3251.5593 3235.8489 3220.0378 3204.5288 2700.183 -65.66162 -1401.8555 -1889.2822 -1930.4718 -1728.7537 -1297.6227 -539.6942 602.4353 1072.641 1399.942 1741.9464 1537.207 344.4214 -1019.16504 3208.4563 3225.0732 3241.287 3257.4004 3273.413 3289.1235 3299.8992 -3279.657 -3264.3494 -3249.1423 -3234.0361 -3142.7947 226.3916 3299.8992 3299.8992 3299.8992 3299.8992 3299.8992 3296.6765 3281.369 3265.8599 3250.2502 3234.5398 3218.8293 3203.2195 2516.7937 -204.03442 -1596.524 -1960.3821 -1894.2169 -1788.7756 -1280.3009 -398.6023 639.1937 1085.4309 1352.9114 1675.177 1363.385 -52.670288 -1376.7792 3215.103 3231.5186 3247.7324 3263.8457 3279.657 3295.3674 -3289.1235 -3273.413 -3258.4075 -3243.2007 -3228.195 -3016.2048 517.0349 3299.8992 3299.8992 3299.8992 3299.8992 3299.8992 3299.8992 3285.0952 3269.5862 3254.0771 3238.2659 3222.6562 3206.845 2291.6106 -419.14673 -1532.2723 -1964.209 -1960.2814 -1757.8583 -1177.6794 -344.32068 664.3707 1131.8573 1405.8838 1648.288 1302.2552 -149.04785 -1518.8782 3220.944 3237.3596 3253.6743 3269.5862 3285.498 
-2867.6604 -2854.7698 -2842.3828 -2829.7942 -2817.4072 -2805.1208 -2792.7336 -2189.4927 -1550.6012 -972.63794 -193.25867 635.1654 1931.9824 3299.8992 3299.8992 3299.8992 3299.8992 3299.8992 3299.8992 3299.8992 3299.8992 3299.8992 3299.8992 3299.8992 3299.8992 3299.8992 3299.8992 2513.571 -320.8557 -2707.736 -3000.293 -2986.2944 -2972.4976 -2958.9019 -2945.407 -2932.2144 -2919.0215 -2905.9294 -2892.9382 -2880.0476 -2867.459 -2854.6692 -2842.1814 -2829.7942 -2817.2058 -2804.8186 -2792.633 -2235.7178 -1712.5397 -1085.8337 -195.87708 620.3613 1974.5819 3299.8992 3299.8992 3299.8992 3299.8992 3299.8992 3299.8992 3299.8992 3299.8992 3299.8992 3299.8992 3299.8992 3299.8992 3299.8992 3299.8992 2572.586 -209.9762 -2567.047 -3000.4944 -2986.4958 -2972.699 -2959.0027 -2945.6084 -2932.2144 -2919.223 -2906.1309 -2893.2402 -2880.4504 -2867.5598 -2854.6692 -2842.282 -2829.7942 -2817.3064 -2805.02 -2792.633 -2023.9288 -1604.1779 -1096.0052 -33.636475 656.4148 2116.4795 3299.8992 3299.8992 3299.8992 3299.8992 3299.8992 3299.8992 3299.8992 3299.8992 3299.8992 3299.8992 3299.8992 3299.8992 3299.8992 3299.8992 2159.9854 -584.7107 -2905.6274 -2998.9836 -2985.086 -2971.3896 -2957.6934 -2944.1985 -2931.1064 -2917.9138 -2904.8218 -2891.9312 -2878.9397 -2866.3513 -2853.662 -2841.0735 -2828.5857 -2816.098 -2803.8115 -2791.5251 -2156.6619 -1595.1141 -842.01965 38.571167 726.004 2257.974 3299.8992 3299.8992 3299.8992 3299.8992 3299.8992 3299.8992 3299.8992 3299.8992 3299.8992 3299.8992 3299.8992 3299.8992 3299.8992 3299.8992 2528.3752 147.1344 -2074.1821 -2873.0986 -2938.7603 -2977.533 -2964.5415 -2951.0466 -2885.9893 -2715.2893 -2606.8267 -2511.4563 -2600.3813 -2723.648 -2776.7212 -2653.0518 -2592.7275 -2483.3586 -2393.628 -2233.8042 -1087.3444 -679.67834 -5.3375244 884.51843 1474.3652 3111.3738 3299.8992 3299.8992 3299.8992 3299.8992 3299.8992 3299.8992 3299.8992 3299.8992 3299.8992 3299.8992 3299.8992 3299.8992 3299.8992 3299.8992 606.56433 -2080.3252 -2577.7222 -2800.2869 -2989.215 -2983.374 -2969.7783 -2956.3843 -2943.0908 -2929.898 -2916.806 -2903.9153 -2891.0247 

134.94873 127.39563 86.206055 67.57507 50.756836 66.26587 60.22339 33.9386 43.807983 42.39807 5.5389404 -8.560181 18.026733 94.262695 233.44116 337.67395 376.44653 318.94226 249.35303 130.31616 -28.903198 -136.45935 -207.25708 -240.79285 -282.58667 -296.8872 -272.31445 -245.92896 -219.74487 -169.08875 -107.35474 -35.95276 24.371338 77.24304 79.559326 106.24695 113.497925 81.37207 46.728516 38.571167 24.77417 15.005493 6.7474365 18.429565 -0.20141602 -49.346924 -167.07458 -185.90698 -117.526245 -76.7395 -89.02588 -94.16199 -67.977905 -33.43506 7.7545166 -10.574341 -63.345337 -120.34607 -139.48059 -84.59473 13.998413 169.08875 235.75745 235.05249 205.34363 180.77087 183.89282 149.55139 103.829956 61.935425 -14.602661 -132.63245 -242.7063 -305.95093 -292.55676 -184.19495 -73.61755 2.9205322 39.578247 80.56641 80.56641 80.56641 80.56641 80.56641 80.56641 80.56641 80.56641 80.56641 80.56641 80.56641 80.56641 80.56641 80.56641 80.56641 80.56641 80.56641 80.56641 80.56641 80.56641 80.56641 -145.01953 -43.50586 25.076294 26.586914 -2.3162842 -39.47754 -68.68286 -54.885864 -19.940186 -7.2509766 -6.3446045 3.8269043 -1.7120361 1.2084961 5.9417725 34.643555 41.290283 45.41931 54.58374 111.18164 107.455444 14.199829 -51.361084 -74.12109 -67.57507 -52.770996 -76.84021 -51.260376 -53.07312 -61.12976 -60.928345 -37.261963 1.8127441 69.79065 144.81812 179.15955 214.81018 221.65833 144.81812 55.18799 69.08569 136.25793 110.6781 56.69861 21.954346 16.71753 -16.71753 -101.412964 -143.10608 -135.04944 -116.72058 -93.759155 -34.44214 -21.24939 -43.606567 -44.815063 -53.17383 -75.027466 -46.42639 15.811157 22.860718 -5.8410645 -36.557007 -55.08728 -57.806396 -19.23523 21.450806 72.10693 38.067627 -22.155762 -60.62622 -88.52234 -66.87012 -3.5247803 46.728516 34.44214 -1.9134521 -8.862305 -11.682129 -36.4563 -33.636475 -26.586914 -53.778076 -69.58923 -44.0094 32.125854 85.198975 79.660034 68.58215 89.730835 149.34998 225.1831 270.5017 212.29248 101.815796 71.20056 101.51367 147.03369 186.51123 208.36487 
-135.35156 -59.518433 35.44922 100.50659 121.554565 103.326416 131.62537 114.60571 81.170654 66.87012 66.467285 62.23755 79.156494 92.04712 86.206055 117.92908 119.036865 119.84253 128.40271 111.987305 72.30835 -5.8410645 -62.338257 -84.79614 -80.4657 -75.128174 -96.8811 -119.84253 -143.91174 -129.00696 -67.17224 -48.138428 -93.45703 -117.526245 -66.26587 -101.11084 -129.81262 -94.66553 -67.37366 -67.977905 -24.77417 77.34375 141.39404 129.71191 106.24695 84.59473 108.86536 57.000732 34.140015 58.813477 76.84021 54.281616 61.73401 77.041626 17.22107 -14.804077 -14.703369 4.0283203 35.147095 44.210815 70.69702 29.205322 -55.490112 -102.52075 -113.90076 -132.22961 -139.5813 -103.72925 -70.69702 -61.12976 -59.71985 -31.420898 -14.401245 -24.673462 10.775757 4.4311523 -22.558594 -37.060547 -35.85205 -38.47046 7.3516846 68.17932 112.69226 121.9574 123.065186 123.2666 136.15723 81.37207 42.90161 16.314697 11.380005 10.574341 -13.092041 -60.72693 -110.57739 -79.559326 -61.935425 -97.18323 -104.53491 -128.70483 -138.97705 -139.48059 -108.26111 -77.545166 -72.81189 -64.25171 -69.28711 -21.047974 17.422485 66.16516 84.59473 76.7395 51.159668 54.986572 68.58215 71.90552 84.39331 112.28943 132.73315 116.519165 104.434204 95.06836 90.737915 85.60181 64.55383 49.0448 53.67737 0.9063721 -46.627808 -70.09277 -57.10144 -14.904785 -15.106201 -54.281616 -81.97632 -75.128174 -62.841797 -34.44214 30.212402 96.276855 88.11951 24.371338 -3.1219482 -22.055054 -18.933105 -12.991333 2.3162842 56.5979 81.57349 48.843384 -4.4311523 -63.446045 -113.69934 -91.34216 -41.89453 -44.815063 -59.21631 -56.497192 -36.85913 -13.796997 61.6333 116.11633 129.30908 164.25476 189.02893 180.56946 182.08008 78.652954 30.81665 8.157349 -18.328857 -22.25647 -15.609741 -41.4917 -72.61047 -82.177734 -77.44446 -58.61206 -15.206909 21.954346 0.10070801 -79.86145 -122.76306 -130.11475 -117.12341 -102.01721 -86.30676 -52.06604 -38.47046 -47.43347 -55.08728 -74.72534 -83.78906 -26.889038 -5.8410645 -40.48462 -77.545166 -76.538086 -60.62622 -52.972412 
2800.186 2786.9934 2774.4048 2761.2122 2748.6235 2735.733 2659.6985 2736.3372 2758.7952 2779.7424 2799.7832 2819.22 2837.9517 2856.2805 2874.408 2892.2332 2909.9578 2927.3804 2944.7021 2961.8225 2978.842 2995.3582 -2390.3044 579.776 2999.4873 2985.1868 2971.289 2955.075 2940.4724 2925.8696 2901.9011 2422.531 2889.6147 2878.134 2866.049 2853.5613 2840.6707 2827.6794 2814.5874 2801.596 2788.6047 2775.9155 2762.7227 2750.4363 2737.5457 2724.7559 1856.0486 2731.4026 2754.0618 2775.2104 2795.05 2814.688 2833.5205 2851.95 2870.0774 2887.9028 2905.6274 2923.1506 2940.4724 2957.5928 2974.6123 -3287.1094 -2586.0808 112.69226 2968.872 2984.784 2971.3896 2836.7432 2814.0837 2719.821 2643.1824 2764.8376 2894.4487 2882.7666 2870.3796 2857.8918 2844.9004 2831.7078 2818.515 2805.4229 2792.3308 2779.1382 2766.5496 2753.7598 2741.272 2728.079 959.9487 2736.2366 2758.5938 2779.541 2799.5818 2818.7163 2837.448 2855.8777 2874.0051 2891.8303 2909.4543 2927.0781 2944.098 2961.2183 2978.3386 2995.459 -3209.6648 -342.40723 2744.3938 2994.351 2980.4534 2965.8508 2951.8523 2937.4512 2920.3308 2909.6558 2897.0671 2884.6802 2871.991 2859.1003 2845.9075 2832.7148 2819.522 2806.3293 2793.338 2780.1453 2767.0532 2754.7668 2742.0776 2728.9856 473.52905 2738.2507 2760.4065 2781.253 2801.0925 2820.4285 2839.0593 2857.5896 2875.5156 2893.341 2911.0657 2928.488 2945.6084 2962.8296 2979.849 2996.9695 -2458.484 552.48413 3001.0986 2986.6973 2972.4976 2957.7942 2942.1843 2927.3804 2909.6558 2901.8005 2889.5142 2877.4292 2864.8406 2852.0508 2838.9587 2825.7659 2812.6738 2799.5818 2786.4897 2773.9014 2760.608 2748.422 2735.9343 2722.7417 -1041.1194 2735.9343 2758.191 2779.0374 2798.9775 2818.213 2837.0452 2855.374 2873.5015 2891.4275 2909.0515 2926.3733 2943.5942 2960.7146 2977.835 2994.9553 -2294.229 768.2007 2996.5667 2982.266 2968.2678 2951.4495 2937.0483 2922.2441 2666.4458 2595.7488 2887.1978 2875.2136 2863.0278 2850.238 2837.146 2824.054 2811.0625 2797.8699 
2467.3462 -143.71033 -2118.2922 -2498.3643 -2367.4438 -1650.1007 -2469.159 -2457.9802 -2446.9023 -2435.9253 -2425.1494 -2414.5752 -2404.0007 -2393.4265 -2382.953 -1979.6173 3299.8992 3299.8992 3299.8992 3299.8992 3299.8992 3299.8992 3299.8992 3299.8992 3299.8992 3299.8992 3299.8992 2677.725 -2585.678 -2573.291 -2561.4075 -2549.6245 -2538.1438 -2526.4617 -2515.0818 -2503.7017 -2492.4224 -792.87415 3299.8992 3299.8992 2345.0867 -244.11621 -1983.0414 -2500.479 -2077.4048 -1663.1927 -2482.6538 -2471.2737 -2460.1958 -2449.2188 -2438.3423 -2427.5664 -2416.8914 -2406.3171 -2395.7427 -2385.3699 3299.8992 3299.8992 3299.8992 3299.8992 3299.8992 3299.8992 3299.8992 3299.8992 3299.8992 3299.8992 3299.8992 1735.8032 -2584.4695 -2572.3845 -2560.4004 -2548.6174 -2537.1367 -2525.5554 -2514.0747 -2502.594 -2491.4153 -1108.1909 3112.2803 3299.8992 1921.2067 -266.97693 -2178.9185 -2250.119 -1935.8093 -1652.3163 -2476.9133 -2465.8354 -2454.7576 -2443.7805 -2432.904 -2422.229 -2411.554 -2401.0803 -2390.5059 -2363.3147 3299.8992 3299.8992 3299.8992 3299.8992 3299.8992 3299.8992 3299.8992 3299.8992 3299.8992 3299.8992 3299.8992 1427.4353 -2581.1462 -2569.0613 -2557.1777 -2545.3948 -2533.8135 -2522.3328 -2510.852 -2499.472 -2488.2935 -826.4099 3299.8992 3299.8992 1662.9913 -377.95715 -2388.1897 -2304.8035 -2027.8564 -1966.3239 -2471.6765 -2460.498 -2449.4202 -2438.6443 -2427.7678 -2416.9922 -2406.5186 -2395.944 -2385.4705 -2147.5981 3299.8992 3299.8992 3299.8992 3299.8992 3299.8992 3299.8992 3299.8992 3299.8992 3299.8992 3299.8992 3299.8992 328.1067 -2573.4924 -2561.4075 -2549.524 -2537.8418 -2526.2603 -2514.8804 -2503.3997 -2492.0195 -2480.841 -254.79126 3299.8992 3299.8992 2062.1978 137.46643 -2038.6322 -1878.7079 -1362.4786 -1462.7838 -2482.1501 -2470.7703 -2459.5916 -2448.5137 -2437.5366 -2426.8616 -2416.1865 -2405.713 -2395.1384 -1924.6307 3299.8992 3299.8992 3299.8992 3299.8992 3299.8992 3299.8992 3299.8992 3299.8992 3299.8992 3299.8992 3299.8992 -342.1051 -2580.7434 -2568.6584 -2556.775 -2545.0928 -2533.4106 -2521.93 -2510.4492 -2499.17 -2487.8906 236.96594 3299.8992 3299.8992 
-3183.3801 -3169.583 -3155.6853 -3142.0898 -3128.4941 -3115.2007 -2935.0342 2585.5774 3299.8992 3299.8992 3299.8992 3299.8992 3299.8992 3299.8992 3299.8992 3299.8992 3299.8992 3299.8992 3299.8992 3299.8992 3191.9402 741.0095 -857.7301 -1484.6375 -1736.911 -1642.6483 -1320.8862 -325.18616 154.38538 487.12463 673.33374 885.6262 946.45386 -1583.3313 -3272.5066 -3257.5012 -3242.5964 -3227.9937 -3213.5925 -3199.4934 -3185.3943 -3171.4966 -3158.1023 -3144.2046 -3131.2134 -3117.92 -2509.2407 3299.8992 3299.8992 3299.8992 3299.8992 3299.8992 3299.8992 3299.8992 3299.8992 3299.8992 3299.8992 3299.8992 3299.8992 3299.8992 3245.0134 1019.87 -559.5337 -1314.5416 -1666.919 -1751.413 -1320.4834 -273.82507 251.5686 479.2694 523.4802 660.4431 -483.29773 -3280.5632 -3268.881 -3253.8757 -3239.1724 -3224.6704 -3210.3699 -3196.3713 -3182.2722 -3168.576 -3154.5776 -3140.982 -3127.89 -3114.5964 -2238.4368 3299.8992 3299.8992 3299.8992 3299.8992 3299.8992 3299.8992 3299.8992 3299.8992 3299.8992 3299.8992 3299.8992 3299.8992 3299.8992 3025.47 638.28735 -851.3855 -1566.3116 -1892.4042 -1864.9109 -1257.1381 -125.18005 387.5244 772.83325 913.0188 926.7151 -318.0359 -3279.1533 -3266.162 -3251.2573 -3236.554 -3222.052 -3207.7515 -3193.753 -3179.7546 -3165.9575 -3152.1606 -3138.6658 -3124.9695 -3111.7766 -2002.8809 3299.8992 3299.8992 3299.8992 3299.8992 3299.8992 3299.8992 3299.8992 3299.8992 3299.8992 3299.8992 3299.8992 3299.8992 3299.8992 2853.662 392.2577 -1023.09265 -1568.8293 -1857.962 -1749.2981 -979.28467 33.9386 466.17737 897.20764 1026.5167 923.49243 -459.73206 -3280.7646 -3265.457 -3250.5522 -3235.7483 -3221.4478 -3207.0464 -3192.9473 -3178.949 -3165.2527 -3151.355 -3138.0615 -3124.2644 -3111.0718 -1412.8326 3299.8992 3299.8992 3299.8992 3299.8992 3299.8992 3299.8992 3299.8992 3299.8992 3299.8992 3299.8992 3299.8992 3299.8992 3299.8992 2851.7485 562.95776 -802.0386 -1185.2325 -1248.7793 -1226.9257 -317.63306 641.4093 970.7245 1393.6981 1659.3658 1896.4325 700.02136 -1974.884 -3238.0645 -3280.664 -3265.5579 -3250.7537 -3236.3525 -3221.9512 
-2952.0537 -2938.5588 -2925.6682 -2912.2742 -2899.1821 -2886.392 -2873.6023 -1723.0133 -1229.9469 122.76306 1378.4912 2727.5757 3299.8992 3299.8992 3299.8992 3299.8992 3299.8992 3299.8992 3299.8992 3299.8992 3299.8992 3299.8992 3299.8992 3299.8992 3299.8992 3299.8992 3299.8992 528.0121 -3118.7256 -3103.5186 -3088.4124 -3073.6084 -3058.905 -3044.6045 -3030.2031 -3016.0034 -3002.005 -2988.208 -2974.411 -2960.916 -2947.4211 -2934.027 -2921.1365 -2907.843 -2894.8516 -2882.0618 -2869.2717 -2631.6008 -1216.3513 630.73425 2409.8418 3299.8992 3299.8992 3299.8992 3299.8992 3299.8992 3299.8992 3299.8992 3299.8992 3299.8992 3299.8992 3299.8992 3299.8992 3299.8992 3299.8992 3299.8992 3299.8992 -390.9485 -3117.517 -3102.2095 -3087.1033 -3072.4 -3057.797 -3043.2952 -3029.0955 -3014.9963 -3000.9978 -2986.9995 -2973.2024 -2959.7075 -2946.3135 -2932.9192 -2919.7266 -2906.735 -2893.8445 -2881.0547 -2868.3655 -1590.3809 -1104.1626 372.3175 2130.5786 3299.8992 3299.8992 3299.8992 3299.8992 3299.8992 3299.8992 3299.8992 3299.8992 3299.8992 3299.8992 3299.8992 3299.8992 3299.8992 3299.8992 3299.8992 3299.8992 -890.2588 -3116.6106 -3101.303 -3086.2976 -3071.5942 -3056.8909 -3042.4895 -3028.189 -3014.0898 -3000.1921 -2986.2944 -2972.4976 -2959.0027 -2945.6084 -2932.2144 -2918.82 -2905.8289 -2893.0388 -2880.249 -2867.459 -1870.6512 -1349.8901 106.64978 1748.1903 3299.8992 3299.8992 3299.8992 3299.8992 3299.8992 3299.8992 3299.8992 3299.8992 3299.8992 3299.8992 3299.8992 3299.8992 3299.8992 3299.8992 3299.8992 3299.8992 -1644.461 -3107.4463 -3092.1387 -3077.3345 -3062.631 -3047.9277 -3033.728 -3019.4275 -3005.429 -2991.3298 -2977.6335 -2964.038 -2950.5432 -2937.149 -2923.8555 -2910.4614 -2897.6714 -2884.8816 -2872.1924 -2783.267 -1461.1725 -826.81274 698.3093 2545.2942 3299.8992 3299.8992 3299.8992 3299.8992 3299.8992 3299.8992 3299.8992 3299.8992 3299.8992 3299.8992 3299.8992 3299.8992 3299.8992 3299.8992 3299.8992 3299.8992 -2976.526 -3105.4321 -3090.225 -3075.3203 -3060.7178 -3046.2158 -3031.8145 -3017.7153 -3003.6162 -2989.7185 -2975.9216 -2962.326 -2948.831 
3299.8992 -3283.383 -3267.7734 -3252.6672 -3237.4602 -3222.5554 -2816.1987 838.797 3299.8992 3299.8992 3299.8992 3299.8992 3299.8992 3299.8992 3288.4185 3272.8088 3256.9976 3241.0857 3225.3752 3209.4634 1737.9181 -981.50024 -2088.4827 -2287.3809 -2223.23 -1920.1996 -1182.8156 -258.41675 801.2329 1301.7517 1572.2534 1759.0668 1937.6221 545.13245 -1499.8444 3225.2747 3241.69 3257.904 3274.0173 3289.8284 3299.8992 -3279.0527 -3263.4429 -3248.236 -3233.2305 -3218.225 -2431.2927 1822.7142 3299.8992 3299.8992 3299.8992 3299.8992 3299.8992 3299.8992 3286.7065 3271.1975 3255.3862 3239.6758 3224.0662 3208.255 2009.6283 -440.49683 -1521.3959 -1850.3082 -1888.2751 -1654.9347 -916.4429 -61.331177 888.0432 1362.2772 1618.0756 1729.1565 1163.8824 -423.7793 -1815.6647 3220.0378 3236.554 3252.6672 3268.881 3284.6924 3299.8992 -3284.1887 -3268.6797 -3253.372 -3238.3667 -3223.361 -2107.5164 1812.5427 3299.8992 3299.8992 3299.8992 3299.8992 3299.8992 3295.9717 3280.5632 3265.155 3249.4446 3233.6333 3218.0237 3201.709 1500.7507 -856.2195 -1888.8794 -2018.4906 -1949.707 -1673.2635 -916.8457 -116.41846 767.1936 1216.6534 1450.7996 1650.705 1094.696 -517.73987 -2099.057 3225.879 3242.4956 3258.5083 3274.5208 3290.2312 3299.8992 -3278.549 -3263.6443 -3248.0347 -3232.9285 -3217.9229 -1875.2838 2101.2725 3299.8992 3299.8992 3299.8992 3299.8992 3299.8992 3299.295 3283.786 3268.3777 3252.6672 3236.9568 3221.1455 3202.4138 1440.7288 -799.11804 -1560.9741 -1521.0938 -1320.9869 -888.54675 109.67102 910.199 1853.5309 2367.343 2627.1697 2848.526 2186.1694 634.56116 -1140.1154 -3248.7395 3198.0835 3214.4988 3230.9143 3247.0276 3262.9395 3278.7505 3293.9575 -3287.6128 -3153.9734 -2943.5942 -1057.3334 2940.1702 3299.8992 3299.8992 3298.1873 3283.1816 3267.874 3252.6672 3237.4602 3222.052 3206.4421 3191.034 3175.2227 2734.021 84.49402 -2252.3345 -2949.3347 -2935.3362 -2868.164 -2771.8872 -1889.0808 -1102.2491 -83.28552 541.20483 905.1636 964.2792 194.26575 -1388.0585 3299.8992 3271.1975 3287.21 3299.8992 -3281.7717 -3266.3635 
-2878.2349 -2865.6462 -2852.957 -2840.4692 -2827.9814 -2815.695 -2803.5095 -2073.9807 -1519.8853 -841.1133 86.8103 684.0088 2134.204 3299.8992 3299.8992 3299.8992 3299.8992 3299.8992 3299.8992 3299.8992 3299.8992 3299.8992 3299.8992 3299.8992 3299.8992 3299.8992 3299.8992 1814.5569 -821.1731 -3022.7507 -3008.2488 -2994.351 -2980.5542 -2966.9585 -2953.4636 -2940.0696 -2927.0781 -2913.986 -2900.894 -2888.1042 -2875.2136 -2862.5244 -2850.1372 -2837.5488 -2824.9602 -2812.6738 -2752.4504 -2108.9263 -1318.4692 -461.94763 549.16077 1491.4856 3227.188 3299.8992 3299.8992 3299.8992 3299.8992 3299.8992 3299.8992 3299.8992 3299.8992 3299.8992 3299.8992 3299.8992 3299.8992 3299.8992 3299.8992 1051.6937 -1462.8845 -3023.5564 -3009.3567 -2995.2576 -2981.5613 -2967.9656 -2954.5715 -2941.1772 -2928.0852 -2914.9932 -2902.1025 -2889.1113 -2876.3213 -2863.632 -2851.245 -2838.6565 -2826.1687 -2813.8823 -2701.9958 -1830.7709 -1346.7682 -613.4125 499.00818 1398.7335 3247.229 3299.8992 3299.8992 3299.8992 3299.8992 3299.8992 3299.8992 3299.8992 3299.8992 3299.8992 3299.8992 3299.8992 3299.8992 3299.8992 3299.8992 938.1958 -1558.8593 -3023.1536 -3008.9539 -2994.9553 -2981.3599 -2967.7642 -2954.4707 -2940.9758 -2927.6824 -2914.6912 -2901.599 -2888.809 -2876.0193 -2863.4307 -2850.9429 -2838.455 -2825.9673 -2813.5803 -2558.084 -1635.0952 -1289.9689 -647.5525 347.84546 1445.0592 3299.8992 3299.8992 3299.8992 3299.8992 3299.8992 3299.8992 3299.8992 3299.8992 3299.8992 3299.8992 3299.8992 3299.8992 3299.8992 3299.8992 3242.2942 441.00037 -2034.1003 -3018.6218 -3004.5227 -2990.625 -2976.9287 -2963.5344 -2950.241 -2936.847 -2923.5535 -2910.562 -2897.6714 -2884.8816 -2872.0916 -2859.4023 -2846.814 -2834.2253 -2821.939 -2809.552 -2602.9998 -1757.8583 -1306.2836 -634.56116 445.43152 1621.1975 3299.8992 3299.8992 3299.8992 3299.8992 3299.8992 3299.8992 3299.8992 3299.8992 3299.8992 3299.8992 3299.8992 3299.8992 3299.8992 3299.8992 3122.351 180.06592 -2222.0215 -3013.5864 -2999.3865 -2985.6902 -2971.994 -2958.499 -2945.105 -2931.8115 -2918.6187 -2905.5266 -2892.8374 -2880.0476 

147.73865 18.73169 -90.43579 -154.78821 -194.06433 -246.23108 -284.80225 -203.63159 -131.92749 -103.02429 -92.65137 -122.76306 -166.67175 -149.7528 -118.2312 -76.84021 -59.417725 -14.703369 17.422485 43.50586 72.71118 95.47119 113.09509 117.526245 89.02588 34.542847 -11.782837 -73.013306 -101.815796 -84.79614 -48.54126 -3.8269043 35.44922 -2.9205322 -34.744263 -19.23523 16.21399 45.117188 77.645874 104.333496 45.52002 -19.638062 -32.32727 -64.85596 -122.86377 -155.69458 -164.35547 -71.80481 9.365845 43.203735 68.68286 61.12976 20.544434 15.106201 -0.80566406 20.24231 58.007812 70.3949 24.371338 -40.585327 -93.45703 -84.99756 -49.649048 -8.056641 24.069214 63.64746 85.60181 96.8811 81.674194 15.509033 -66.16516 -75.73242 -21.652222 18.630981 43.606567 56.799316 9.265137 -24.77417 -25.680542 13.796997 48.44055 30.615234 3.3233643 -21.551514 -15.307617 -11.682129 -19.335938 -5.9417725 -36.758423 -87.716675 -123.065186 -120.64819 -108.56323 -51.361084 -22.155762 -22.961426 -36.557007 -47.332764 -66.36658 -90.43579 -61.431885 4.2297363 46.627808 50.55542 21.24939 37.96692 113.497925 165.86609 189.33105 195.97778 197.28699 205.54504 229.61426 197.28699 175.63477 184.19495 141.19263 36.85913 -118.43262 -218.7378 -244.82117 -211.99036 -152.37122 -122.96448 -111.58447 -128.40271 -161.83777 -168.68591 -167.67883 -98.69385 -64.55383 -97.08252 -127.79846 -50.354004 21.853638 79.559326 113.80005 154.98962 173.01636 164.6576 179.8645 197.08557 214.70947 242.60559 238.37585 227.39868 175.13123 73.013306 -20.040894 -64.75525 -30.917358 34.240723 112.69226 91.241455 19.335938 -67.474365 -109.973145 -83.184814 -48.239136 -17.120361 -26.28479 -114.80713 -199.70398 -280.87463 -327.20032 -350.9674 -299.80774 -168.18237 -77.041626 -38.671875 -27.392578 -26.28479 -23.666382 37.161255 11.581421 -30.514526 -15.911865 -21.853638 -75.32959 -99.801636 -63.949585 -15.106201 -12.286377 -32.125854 -16.314697 49.145508 108.86536 135.45227 127.194214 112.08801 107.75757 107.25403 109.973145 69.08569 53.979492 71.09985 63.74817 54.986572 26.989746 -4.8339844 -17.523193 -25.680542 -25.177002 -54.281616 -71.20056 -125.68359 -148.94714 -118.029785 -92.95349 -86.60889 -102.923584 -132.1289 -151.96838 -97.38464 -60.62622 -31.723022 -16.113281 -11.984253 7.1502686 17.422485 
-27.694702 -23.464966 -27.191162 -21.24939 20.645142 70.59631 137.0636 116.72058 124.17297 123.16589 99.801636 103.930664 121.051025 85.80322 42.196655 -8.660889 -63.345337 -67.07153 -33.032227 -3.3233643 -38.067627 -69.28711 -56.497192 -68.88428 -73.71826 -43.103027 -37.664795 -27.694702 -71.7041 -104.23279 -78.35083 -18.22815 10.272217 68.984985 84.191895 53.878784 35.34851 28.701782 25.78125 15.106201 52.267456 98.99597 111.68518 119.13757 100.00305 102.72217 141.29333 116.72058 115.512085 115.10925 92.95349 63.24463 33.43506 -45.41931 -94.3634 -106.34766 -73.31543 -8.761597 46.5271 52.368164 -18.832397 -97.38464 -120.14465 -83.184814 -57.10144 -95.87402 -141.19263 -121.75598 -105.23987 -92.85278 -64.75525 -42.599487 -55.59082 -4.0283203 50.756836 52.770996 28.80249 16.415405 19.73877 18.22815 48.54126 65.56091 77.545166 109.469604 78.85437 66.467285 76.135254 30.111694 1.1077881 -16.516113 -10.272217 -6.2438965 -1.6113281 -42.297363 -41.088867 -24.371338 -18.127441 -12.689209 14.501953 22.76001 -47.232056 -113.497925 -124.575806 -123.16589 -97.787476 -97.88818 -87.01172 -55.69153 -51.763916 -52.56958 -73.31543 -108.86536 -200.40894 -185.10132 -153.479 -119.4397 -63.64746 -15.911865 31.018066 79.45862 152.27051 197.3877 225.88806 228.50647 210.0769 200.61035 193.7622 145.32166 116.519165 76.538086 61.834717 67.37366 56.69861 -22.76001 -34.84497 -35.046387 -18.630981 2.0141602 35.046387 49.749756 -4.3304443 -55.993652 -62.23755 -59.014893 -47.735596 -57.806396 -45.721436 -31.018066 -35.046387 -34.744263 -6.6467285 14.099121 5.7403564 72.40906 77.948 38.571167 17.019653 6.0424805 -5.6396484 7.5531006 19.73877 45.117188 39.578247 12.789917 3.5247803 80.26428 130.31616 104.03137 80.06287 58.309937 20.544434 7.4523926 0.40283203 -54.483032 -45.41931 -20.24231 -21.047974 -24.169922 -22.659302 -15.106201 -64.956665 -94.86694 -96.37756 -94.86694 -86.8103 -83.184814 -94.66553 -109.77173 -87.716675 -65.15808 -28.29895 -15.911865 -35.44922 4.6325684 22.25647 10.876465 22.76001 16.616821 1.5106201 -4.2297363 -11.682129 -13.897705 -37.765503 -52.871704 -61.431885 -5.4382324 24.874878 4.2297363 -18.22815 -10.675049 6.0424805 25.378418 26.78833 -26.989746 -32.93152 -34.84497 -9.063721 39.47754 74.92676 97.58606 
2784.8784 2771.7864 2759.3994 2746.3074 2733.9202 2720.8281 -3273.413 2738.4521 2760.608 2781.3538 2801.193 2820.3276 2839.0593 2857.489 2875.415 2893.341 2910.9648 2928.3875 2945.6084 2962.7288 2979.7485 2996.2646 -1468.3228 1495.1111 2990.927 2976.526 2962.4268 2945.0042 2930.3008 2915.2954 2567.6514 2893.5425 2881.4575 2869.3726 2857.0862 2844.2961 2831.4055 2818.3135 2805.2214 2791.928 2779.1382 2766.0461 2753.1555 2741.0706 2728.5828 2715.2893 2711.4624 2735.9343 2758.191 2778.9368 2798.7761 2818.112 2836.7432 2855.1726 2873.1995 2891.0247 2908.6487 2926.071 2943.2922 2960.5132 2977.4321 2994.5525 -1244.751 1820.7001 2986.3953 2971.994 2957.492 2942.99 2927.179 2911.569 2751.8462 2887.802 2875.6165 2863.5315 2851.0437 2838.153 2825.1616 2812.0696 2799.0784 2785.9863 2773.1963 2760.608 2747.5159 2735.431 2722.943 2709.6497 2709.4482 2734.021 2756.2773 2777.2246 2796.9634 2816.2993 2835.1318 2853.4607 2871.4873 2889.4133 2907.0374 2924.3591 2941.681 2958.8013 2975.7202 2992.9412 -1568.8293 1470.8405 2987.7043 2973.4038 2959.204 2944.5007 2928.5889 2913.0798 2569.5647 2890.3198 2878.3354 2866.049 2853.5613 2840.7715 2827.78 2814.688 2801.596 2788.6047 2775.714 2762.7227 2750.2349 2737.2437 2724.9573 2711.6638 2714.987 2739.0564 2761.1113 2781.6558 2801.3945 2820.63 2839.3616 2857.5896 2875.6165 2893.4417 2910.9648 2928.3875 2945.7092 2962.8296 2979.6477 3049.64 -1011.61194 2044.9768 2985.5896 2971.1882 2956.8877 2942.4866 2926.8767 2911.1663 2695.0469 2887.2986 2875.2136 2862.9272 2850.4395 2837.6494 2824.4568 2811.3647 2798.3733 2785.382 2772.4915 2760.0037 2746.9116 2734.8267 2722.4395 2708.7432 2714.8865 2738.9556 2760.8093 2781.5552 2801.193 2820.4285 2839.2607 2857.3882 2875.415 2893.2402 2910.6628 2928.186 2945.3064 2962.4268 2979.3457 3090.225 -929.1321 2019.5984 2985.2874 2970.7854 2956.082 2940.3716 2925.6682 2909.3535 2622.3357 2887.0972 2875.1128 2862.8264 2850.4395 2837.448 2824.4568 2811.3647 2798.2727 2785.2812 2772.29 2760.0037 2747.3145 2734.4238 2722.0366 2708.4412 2718.3105 2741.9768 2763.7297 2784.2742 2803.9124 2822.946 2841.5771 2859.8052 2877.832 2895.6572 2913.1804 2930.603 2947.824 2964.743 
1615.3564 -129.6112 -2293.5242 -2071.3623 -1451.5045 -1736.7096 -2485.4736 -2474.1943 -2463.0156 -2452.0386 -2441.0613 -2430.2856 -2419.6106 -2409.0361 -2398.462 -561.2457 3299.8992 3299.8992 3299.8992 3299.8992 3299.8992 3299.8992 3299.8992 3299.8992 3299.8992 3299.8992 3299.8992 -840.0055 -2587.8936 -2575.8086 -2564.026 -2552.243 -2540.6616 -2529.08 -2517.7002 -2506.32 -2495.1416 178.25317 3299.8992 3299.8992 2014.9658 373.3246 -1675.882 -1384.2316 -670.71533 -1186.7432 -2509.3413 -2497.8606 -2486.38 -2475.2014 -2464.1235 -2453.1462 -2442.2698 -2431.5947 -2420.7183 -271.20667 3299.8992 3299.8992 3299.8992 3299.8992 3299.8992 3299.8992 3299.8992 3299.8992 3299.8992 3299.8992 3299.8992 -1179.0894 -2606.8267 -2594.641 -2582.7576 -2571.0754 -2559.3933 -2547.9126 -2536.432 -2525.0518 -2429.2786 726.004 3299.8992 3299.8992 1290.6738 -144.31458 -2345.288 -2231.9915 -1630.7648 -2113.0554 -2511.255 -2499.6733 -2488.4949 -2477.3162 -2466.339 -2455.3618 -2444.5862 -2433.8103 -2423.1353 -475.5432 3299.8992 3299.8992 3299.8992 3299.8992 3299.8992 3299.8992 3299.8992 3299.8992 3299.8992 3299.8992 3299.8992 -1910.2295 -2605.2153 -2593.2312 -2581.3477 -2569.5647 -2557.9834 -2546.4019 -2535.1226 -2523.7427 -2446.9023 587.6312 3299.8992 3299.8992 581.68945 -671.8231 -2530.5908 -2300.6743 -1334.1797 -1921.106 -2503.5002 -2492.3218 -2481.143 -2469.9646 -2459.0881 -2448.2117 -2437.4358 -2426.6602 -2416.1865 1244.8517 3299.8992 3299.8992 3299.8992 3299.8992 3299.8992 3299.8992 3299.8992 3299.8992 3299.8992 3299.8992 3299.8992 -1648.9929 -2605.6182 -2593.5332 -2581.851 -2569.9675 -2558.4868 -2546.9055 -2535.5254 -2524.0447 -2191.9097 1153.2074 3299.8992 3299.8992 447.8485 -729.4281 -2264.1174 -2057.4646 -1529.1504 -2492.8252 -2506.6223 -2495.2422 -2484.1643 -2472.9858 -2462.1094 -2451.132 -2440.3564 -2429.5806 -2419.0063 1724.1211 3299.8992 3299.8992 3299.8992 3299.8992 3299.8992 3299.8992 3299.8992 3299.8992 3299.8992 3299.8992 3299.8992 -2093.0144 -2607.7332 -2595.6482 -2583.8652 -2572.0825 -2560.501 -2549.0203 -2537.5396 -2526.1597 -2017.2821 1508.606 3299.8992 2696.3562 -183.5907 -1224.1058 -2539.9565 -2473.7915 -1992.1051 -2508.435 -2496.753 -2485.5742 -2474.5972 -2463.6199 -2452.7434 -2441.867 -2431.192 -2420.6177 -2409.9426 2160.2874 3299.8992 3299.8992 3299.8992 3299.8992 
-3207.6506 -3193.753 -3179.5532 -3165.6555 -3152.1606 -3029.3975 -191.94946 3299.8992 3299.8992 3299.8992 3299.8992 3299.8992 3299.8992 3299.8992 3299.8992 3299.8992 3299.8992 3299.8992 3292.9504 3273.5137 1396.6187 -1255.5267 -2673.6968 -2927.9846 -2897.9736 -2823.4497 -2074.2827 -1218.7683 -896.20056 -500.31738 -219.34204 -271.5088 -1875.3845 -3023.6572 -3212.686 -3198.587 -3184.4878 -3170.59 -3156.9946 -3143.399 -3129.8035 -3116.7114 -3103.6194 -3090.8293 -3077.7373 -3065.2495 -248.04382 3299.8992 3299.8992 3299.8992 3299.8992 3299.8992 3299.8992 3299.8992 3299.8992 3299.8992 3299.8992 3299.8992 3299.8992 3299.8992 2412.4602 343.01147 -794.18335 -1338.3087 -1574.1669 -1458.6548 -434.9579 484.90906 847.3572 1034.0698 1154.1138 927.2186 -810.29663 -3252.063 -3236.9568 -3222.4548 -3207.953 -3193.451 -3179.5532 -3165.5547 -3151.8584 -3138.263 -3124.9695 -3111.4746 -3098.6846 -3085.794 436.77063 3299.8992 3299.8992 3299.8992 3299.8992 3299.8992 3299.8992 3299.8992 3299.8992 3299.8992 3299.8992 3299.8992 3299.8992 3299.8992 2249.6155 166.67175 -1007.98645 -1541.9403 -1692.1967 -1561.7798 -458.12073 392.15698 746.54846 1033.5663 1135.6842 799.42017 -1241.9312 -3266.162 -3251.056 -3236.3525 -3221.7498 -3207.3486 -3193.2495 -3179.251 -3165.1519 -3151.657 -3137.86 -3124.6672 -3111.0718 -3097.9797 677.46277 3299.8992 3299.8992 3299.8992 3299.8992 3299.8992 3299.8992 3299.8992 3299.8992 3299.8992 3299.8992 3299.8992 3299.8992 3299.8992 1858.2642 -98.19031 -1171.7377 -1636.3037 -1791.9983 -1641.5405 -700.02136 82.07703 325.6897 599.21265 807.5775 388.6322 -1669.7388 -3263.04 -3247.8333 -3233.029 -3218.628 -3204.3274 -3190.2283 -3176.3306 -3162.5334 -3148.7366 -3135.443 -3122.351 -3108.554 -3095.5627 1423.2056 3299.8992 3299.8992 3299.8992 3299.8992 3299.8992 3299.8992 3299.8992 3299.8992 3299.8992 3299.8992 3299.8992 3299.8992 3299.8992 1515.8569 -264.1571 -1286.9476 -1663.3942 -1729.5593 -1543.6523 -481.38428 282.08313 653.49426 994.39087 1104.6661 551.57776 -1860.6812 -3268.1763 -3253.1707 -3238.3667 -3223.8647 -3209.4634 -3195.2637 -3181.2651 -3167.4683 -3153.8726 -3139.9749 -3126.3794 -3113.5894 -3100.3967 1829.9652 3299.8992 3299.8992 3299.8992 3299.8992 3299.8992 3299.8992 3299.8992 3299.8992 3299.8992 3299.8992 3299.8992 3299.8992 3299.8992 
-2935.437 -2922.0427 -2909.4543 -2896.161 -2883.2703 -2870.4802 -2767.5566 -1921.6095 -635.76965 975.6592 2401.181 3299.8992 3299.8992 3299.8992 3299.8992 3299.8992 3299.8992 3299.8992 3299.8992 3299.8992 3299.8992 3299.8992 3299.8992 3299.8992 3299.8992 3299.8992 3215.7073 -2994.2505 -3102.411 -3087.4053 -3072.5005 -3057.797 -3043.2952 -3028.894 -3014.694 -3000.6958 -2986.8987 -2973.1018 -2959.506 -2946.0112 -2932.7178 -2919.5251 -2906.735 -2893.4417 -2880.6519 -2867.9626 -2827.9814 -2292.819 -952.2949 700.1221 2433.4075 3299.8992 3299.8992 3299.8992 3299.8992 3299.8992 3299.8992 3299.8992 3299.8992 3299.8992 3299.8992 3299.8992 3299.8992 3299.8992 3299.8992 3299.8992 2844.5984 -3108.6548 -3093.1458 -3078.0396 -3063.2354 -3048.6328 -3034.2314 -3019.931 -3005.8318 -2991.934 -2978.1372 -2964.34 -2950.7446 -2937.4512 -2924.1577 -2910.9648 -2897.8728 -2884.8816 -2872.293 -2859.7046 -2298.056 -1453.2166 -336.26404 1443.4479 3299.8992 3299.8992 3299.8992 3299.8992 3299.8992 3299.8992 3299.8992 3299.8992 3299.8992 3299.8992 3299.8992 3299.8992 3299.8992 3299.8992 3299.8992 3299.8992 2401.886 -3112.3809 -3096.8718 -3081.8665 -3066.9617 -3052.359 -3037.857 -3023.7578 -3009.558 -2995.5596 -2981.6619 -2967.9656 -2954.4707 -2941.0767 -2927.6824 -2914.4897 -2901.1963 -2888.507 -2875.717 -2863.0278 -2447.9094 -1671.7529 -374.7345 1317.9657 2817.6086 3299.8992 3299.8992 3299.8992 3299.8992 3299.8992 3299.8992 3299.8992 3299.8992 3299.8992 3299.8992 3299.8992 3299.8992 3299.8992 3299.8992 3299.8992 2057.0618 -3109.3596 -3093.9514 -3079.1472 -3064.2424 -3049.539 -3035.138 -3020.938 -3006.8389 -2992.8406 -2978.9429 -2965.3472 -2951.7517 -2938.3574 -2925.064 -2911.972 -2899.2827 -2886.09 -2873.1995 -2860.5103 -2228.8696 -1402.7618 -47.332764 1607.904 3237.561 3299.8992 3299.8992 3299.8992 3299.8992 3299.8992 3299.8992 3299.8992 3299.8992 3299.8992 3299.8992 3299.8992 3299.8992 3299.8992 3299.8992 3299.8992 1825.534 -3111.978 -3096.8718 -3081.5642 -3066.7603 -3052.1575 -3037.7563 -3023.355 -3009.3567 -2995.459 -2981.5613 -2967.865 -2954.2693 -2940.8752 -2927.5818 -2914.389 -2901.6997 -2888.507 -2875.6165 -2863.0278 -1848.8983 -1212.323 45.117188 1769.1376 3299.8992 3299.8992 3299.8992 3299.8992 3299.8992 3299.8992 3299.8992 3299.8992 3299.8992 3299.8992 
-3251.1565 -3235.9497 -3221.4478 -3206.4421 -3191.7388 -3177.539 -1116.8518 3000.0916 3299.8992 3299.8992 3299.8992 3299.8992 3299.8992 3299.8992 3299.8992 3299.8992 3285.6995 3269.6868 3253.775 3227.6917 1006.87866 -1001.54114 -1690.4846 -1814.7583 -1644.2596 -1215.9485 -22.155762 602.4353 1406.9916 1767.1234 1961.1877 1942.2546 1231.0547 -245.52612 -2704.4128 3241.5894 3257.904 3274.0173 3289.9292 3299.8992 -3278.7505 -3263.3423 -3247.7324 -3232.6262 -3217.8223 -3203.018 -487.8296 3299.8992 3299.8992 3299.8992 3299.8992 3299.8992 3299.8992 3299.8992 3288.0156 3272.406 3256.4941 3240.7837 3224.8718 3012.4785 452.98462 -1372.4487 -2067.9382 -2147.699 -2007.5134 -1661.8835 -440.89966 256.10046 1108.1909 1420.5872 1624.4202 1652.417 798.5138 -656.8176 3227.0874 3241.4885 3257.7026 3273.9165 3289.8284 3299.8992 -3279.0527 -3263.6443 -3248.1353 -3233.13 -3218.3257 -3203.421 -140.7898 3299.8992 3299.8992 3299.8992 3299.8992 3299.8992 3299.8992 3299.8992 3284.793 3269.1833 3253.473 3237.6616 3221.9512 3021.5422 458.72498 -1394.9066 -2166.2292 -2272.577 -2061.8958 -1629.4556 -420.35522 176.84326 997.91565 1410.315 1729.5593 1661.6821 616.2323 -929.93774 3226.5837 3243.2007 3259.4146 3275.5278 3291.339 3299.8992 -3277.6428 -3262.1338 -3246.6248 -3231.72 -3216.7144 -3202.1118 -221.15479 3299.8992 3299.8992 3299.8992 3299.8992 3299.8992 3299.8992 3299.8992 3287.21 3271.4995 3255.5876 3239.8772 3224.0662 2819.4214 87.61597 -1459.5612 -2076.0955 -2144.174 -1982.5378 -1581.015 -401.42212 94.3634 910.6018 1353.6163 1546.17 1524.3164 499.3103 -789.8529 3233.3313 3249.8474 3266.0613 3281.9731 3297.885 -3286.5051 -3270.996 -3255.6885 -3240.6829 -3225.3752 -3210.4705 -3195.6665 351.87378 3299.8992 3299.8992 3299.8992 3299.8992 3299.8992 3299.8992 3299.8992 3289.5264 3273.715 3257.8032 3241.9922 3226.3823 2683.0627 -85.60181 -1538.1134 -2080.6274 -2106.8115 -1861.8896 -1375.2686 -239.48364 168.08167 965.7898 1408.6029 1690.1825 1488.1622 306.958 -960.8551 3235.7483 3252.365 3268.3777 3284.5916 3299.8992 -3284.2896 -3268.881 -3253.473 -3238.568 -3223.2605 -3208.255 -3074.817 822.1802 3299.8992 3299.8992 3299.8992 3299.8992 3299.8992 3299.8992 3299.8992 3288.1165 3272.5066 3256.5947 3240.7837 3225.0732 2470.6694 
-2867.2576 -2854.5684 -2842.0806 -2829.6936 -2817.2058 -2804.9194 -2602.6978 -1894.519 -1231.6589 -472.62268 469.50073 1578.7994 3299.8992 3299.8992 3299.8992 3299.8992 3299.8992 3299.8992 3299.8992 3299.8992 3299.8992 3299.8992 3299.8992 3299.8992 3299.8992 3299.8992 2884.4788 -209.47266 -2675.308 -3005.429 -2991.4307 -2977.533 -2963.8367 -2950.5432 -2937.2498 -2923.9563 -2910.9648 -2897.7722 -2884.9822 -2872.1924 -2859.6038 -2846.9146 -2834.5276 -2822.0398 -2809.6526 -2797.3662 -2581.4482 -1964.4104 -1213.6322 -435.96497 617.1387 1745.2698 3299.8992 3299.8992 3299.8992 3299.8992 3299.8992 3299.8992 3299.8992 3299.8992 3299.8992 3299.8992 3299.8992 3299.8992 3299.8992 3299.8992 2734.2224 -134.24377 -2603.7048 -3000.1921 -2986.093 -2972.1953 -2958.5999 -2945.105 -2931.8115 -2918.7195 -2905.6274 -2892.7368 -2879.7454 -2866.9556 -2854.4678 -2841.7786 -2829.2908 -2817.0044 -2804.6172 -2792.3308 -2281.4392 -1674.9756 -1107.2845 -324.3805 743.2251 2037.4237 3299.8992 3299.8992 3299.8992 3299.8992 3299.8992 3299.8992 3299.8992 3299.8992 3299.8992 3299.8992 3299.8992 3299.8992 3299.8992 3299.8992 2373.587 -492.26074 -2918.4172 -2997.3723 -2983.374 -2969.3755 -2955.8806 -2942.4866 -2929.2937 -2916.101 -2903.009 -2890.1184 -2877.2278 -2864.5386 -2851.8494 -2839.2607 -2826.773 -2814.386 -2801.9988 -2789.8132 -2315.7805 -1673.3643 -889.151 -143.91174 806.1676 2184.7595 3299.8992 3299.8992 3299.8992 3299.8992 3299.8992 3299.8992 3299.8992 3299.8992 3299.8992 3299.8992 3299.8992 3299.8992 3299.8992 3299.8992 2210.7422 -650.97656 -3006.9397 -2995.6604 -2981.5613 -2967.9656 -2954.2693 -2940.8752 -2927.6824 -2914.5903 -2901.4983 -2888.7085 -2875.8179 -2863.0278 -2850.3386 -2837.7502 -2825.2625 -2812.7747 -2800.3875 -2788.202 -2399.8718 -1862.8967 -1151.6968 -285.5072 743.6279 2127.1545 3299.8992 3299.8992 3299.8992 3299.8992 3299.8992 3299.8992 3299.8992 3299.8992 3299.8992 3299.8992 3299.8992 3299.8992 3299.8992 3299.8992 1940.4419 -763.266 -3003.5156 -2989.3157 -2975.418 -2961.7217 -2948.1262 -2934.8328 -2921.64 -2908.5479 -2895.4558 -2882.666 -2869.7754 -2857.0862 -2844.397 -2831.9092 -2819.4214 -2807.0342 -2794.7478 -2782.4614 -2118.997 -1657.251 -1099.9329 -328.91235 786.1267 2338.9434 3299.8992 3299.8992 3299.8992 3299.8992 3299.8992 3299.8992 3299.8992 3299.8992 

67.77649 111.28235 127.49634 119.64111 153.27759 176.23901 134.94873 62.74109 -12.387085 -22.558594 39.074707 141.79688 228.60718 213.60168 197.18628 170.70007 144.11316 108.966064 77.34375 62.539673 60.72693 33.737183 8.963013 -16.21399 -75.73242 -169.18945 -162.03918 -108.66394 -74.020386 -66.56799 -83.48694 -149.7528 -213.09814 -155.39246 -90.83862 -34.84497 -32.93152 -19.839478 -1.9134521 -16.516113 -3.8269043 26.78833 55.993652 104.53491 98.59314 62.942505 6.6467285 -33.636475 -9.063721 41.99524 74.12109 95.37048 66.36658 -7.9559326 -31.723022 -23.162842 15.106201 87.01172 148.14148 164.15405 104.13208 13.998413 7.1502686 19.73877 24.069214 -13.394165 2.2155762 22.961426 -15.106201 -68.38074 -138.97705 -202.02026 -192.55371 -106.24695 -79.76074 -76.84021 -98.0896 -104.837036 -76.135254 -79.96216 -70.79773 -66.76941 -97.88818 -111.8866 -82.47986 4.4311523 75.4303 144.7174 177.04468 173.6206 142.099 124.67651 92.34924 7.2509766 5.4382324 9.970093 -37.161255 -78.75366 -33.032227 35.751343 35.751343 35.751343 35.751343 35.751343 35.751343 35.751343 35.751343 35.751343 35.751343 35.751343 35.751343 35.751343 35.751343 35.751343 35.751343 35.751343 35.751343 35.751343 35.751343 35.751343 -19.839478 18.73169 49.649048 81.27136 85.5011 115.512085 113.90076 105.944824 129.81262 134.84802 59.61914 -23.867798 -88.62305 -108.56323 -70.19348 5.6396484 65.15808 114.60571 136.15723 137.66785 127.597046 79.35791 74.32251 82.07703 94.66553 58.20923 79.2572 86.30676 64.35242 21.652222 -31.723022 -79.76074 -94.46411 -61.029053 -43.606567 -48.742676 -84.39331 -134.94873 -159.21936 -146.73157 -68.38074 24.975586 103.125 126.48926 102.319336 96.17615 61.532593 51.361084 81.27136 85.702515 77.041626 44.210815 -55.18799 -152.47192 -174.8291 -190.74097 -167.57812 -134.74731 -132.33032 -156.70166 -168.08167 -111.28235 -38.067627 -8.459473 34.34143 46.829224 91.64429 101.71509 71.09985 45.620728 25.27771 -5.8410645 -11.279297 49.145508 111.58447 136.76147 122.76306 76.84021 -10.171509 -87.31384 
55.892944 30.715942 35.549927 27.593994 -35.247803 -113.90076 -133.03528 -116.519165 -83.48694 -63.64746 -70.79773 -89.83154 -92.55066 -29.406738 26.586914 82.37915 151.46484 180.87158 155.49316 151.26343 164.55688 181.27441 168.98804 136.96289 91.54358 103.22571 96.780396 60.424805 17.523193 0.50354004 19.73877 40.686035 61.23047 -14.602661 -55.389404 -71.90552 -54.986572 -42.095947 -28.29895 -12.487793 -65.76233 -104.03137 -95.16907 -81.97632 -69.1864 -76.135254 -58.20923 3.2226562 37.161255 48.239136 49.649048 18.22815 -33.43506 -43.606567 -101.412964 -121.45386 -77.44446 -35.549927 -41.088867 -56.09436 -44.714355 -12.689209 12.689209 25.579834 16.818237 67.67578 50.958252 25.378418 6.9488525 -1.1077881 15.408325 33.233643 12.084961 -49.54834 -64.151 -86.91101 -73.21472 -25.680542 15.408325 61.834717 43.40515 5.9417725 -4.4311523 -6.2438965 -51.159668 -98.89526 -104.73633 -107.85828 -106.8512 -86.50818 -57.000732 -58.61206 -31.32019 11.279297 13.092041 19.638062 27.79541 39.37683 34.84497 51.965332 86.8103 129.5105 123.77014 128.40271 133.63953 157.50732 116.61987 82.37915 64.05029 66.467285 39.175415 1.7120361 -17.422485 -64.453125 -80.76782 -87.41455 -47.43347 10.171509 39.074707 35.147095 -17.019653 -45.41931 -77.84729 -102.923584 -126.48926 -154.88892 -134.04236 -99.3988 -72.81189 -41.088867 -10.977173 17.623901 107.25403 198.7976 169.7937 119.036865 97.58606 96.47827 73.013306 78.552246 56.497192 53.17383 24.673462 30.010986 31.219482 55.18799 22.76001 14.904785 18.429565 -7.1502686 -15.811157 -5.7403564 -21.551514 -41.793823 -17.019653 -33.032227 -38.974 -38.269043 -24.77417 -12.991333 -58.007812 -118.43262 -156.09741 -160.22644 -139.48059 -116.82129 -70.19348 -52.368164 -29.80957 4.4311523 56.295776 64.65454 107.25403 163.4491 190.03601 187.11548 155.79529 95.47119 7.5531006 -18.933105 -30.615234 -51.461792 -65.963745 -33.83789 -23.76709 7.3516846 -34.744263 -32.83081 -8.963013 -2.4169922 16.113281 33.43506 43.807983 34.744263 17.825317 22.155762 55.389404 72.81189 66.970825 27.694702 
2981.7627 3245.819 -570.7123 2486.8835 2983.374 2969.0735 2954.773 2940.6738 2924.1577 2907.7422 2555.5664 2885.7878 2873.8037 2861.618 2849.0295 2836.139 2823.1475 2810.0554 2796.9634 2783.9722 2771.0815 2757.9895 2745.6023 2732.8125 2720.4253 2704.01 2720.3247 2743.7896 2765.341 2785.8855 2805.5237 2824.5574 2843.0876 2861.316 2879.3425 2896.9666 2914.5903 2931.912 2949.1333 2966.2537 2983.1726 -3136.2488 -151.66626 2893.2402 2980.957 2966.455 2951.7517 2937.6526 2922.8484 2906.1309 2714.5842 2882.666 2870.6816 2858.3953 2845.706 2832.7148 2819.7234 2806.5308 2793.6401 2780.548 2767.758 2755.2703 2742.1782 2730.194 2717.807 2434.616 2720.929 2744.3938 2765.9453 2786.1877 2805.8257 2824.8596 2843.39 2861.7188 2879.544 2897.2686 2914.7917 2932.2144 2949.4353 2966.455 2983.4746 -2966.0522 36.557007 2989.517 2979.547 2965.1458 2950.8452 2936.746 2922.0427 2904.721 2656.2744 2881.8604 2869.876 2857.5896 2845.0012 2832.0098 2819.0186 2805.8257 2792.7336 2779.843 2766.9524 2754.0618 2741.7754 2728.9856 2716.5984 1921.3074 2722.7417 2746.0051 2767.3552 2787.6982 2807.3364 2826.2695 2844.7998 2863.0278 2880.9539 2898.6785 2916.2017 2933.5234 2950.7446 2967.7642 2984.683 -2947.9248 69.992065 2993.7468 2980.1514 2965.75 2951.248 2936.847 2921.5393 2905.426 2893.9453 2882.666 2870.581 2858.0933 2845.3032 2832.312 2819.22 2806.027 2793.036 2780.1453 2767.2546 2754.364 2741.4734 2729.3884 2717.102 1047.7661 2725.2593 2748.2207 2769.6716 2789.8132 2809.3506 2828.2837 2846.7131 2864.9414 2882.7666 2900.4912 2918.0144 2935.3362 2952.4565 2969.577 2986.3953 -2469.6624 613.8153 2990.7256 2976.9287 2962.4268 2946.9177 2930.905 2916.0002 2804.718 2620.9258 2880.1482 2868.164 2855.9783 2843.1885 2830.3984 2817.3064 2804.3152 2791.1223 2778.2317 2765.341 2752.954 2740.4663 2727.5757 2715.2893 -446.64 2727.6763 2750.537 2771.6858 2791.928 2811.264 2830.197 2848.7273 2866.8547 2884.6802 2902.4048 2919.928 2937.0483 2954.2693 2971.289 
3299.8992 3299.8992 3299.8992 3299.8992 3299.8992 3299.8992 3176.834 -2608.8408 -2598.468 -2586.5845 -2574.701 -2562.918 -2551.3367 -2539.7551 -2528.4758 -2516.995 -1623.9166 1995.3278 3299.8992 2457.8796 -254.18701 -1369.1254 -2432.2998 -2181.5369 -1669.2352 -2503.5002 -2491.919 -2480.5388 -2469.461 -2458.5845 -2447.6074 -2436.9324 -2426.1565 -2415.5823 -2405.1086 3299.8992 3299.8992 3299.8992 3299.8992 3299.8992 3299.8992 3299.8992 3299.8992 3299.8992 3299.8992 3299.8992 2776.2175 -2608.2366 -2595.9502 -2583.8652 -2572.183 -2560.2996 -2548.8188 -2537.3381 -2525.8574 -2514.5781 -1568.0237 2394.7356 3299.8992 2116.58 -665.88135 -1705.7922 -2337.5334 -2031.784 -1481.7169 -2499.17 -2487.4878 -2476.309 -2465.2312 -2454.3547 -2443.4783 -2432.6018 -2422.0276 -2411.4531 -2400.9795 3299.8992 3299.8992 3299.8992 3299.8992 3299.8992 3299.8992 3299.8992 3299.8992 3299.8992 3299.8992 3299.8992 2131.787 -2602.8992 -2590.6128 -2578.7292 -2566.9463 -2555.1636 -2543.582 -2532.2021 -2520.7214 -2509.4421 -1150.0854 2748.7244 3299.8992 1782.0282 -460.2356 -1612.8387 -2168.8477 -1861.1847 -1687.9669 -2496.2493 -2484.668 -2473.4893 -2462.4114 -2451.4343 -2440.6584 -2429.8828 -2419.3083 -2408.6333 -2366.2354 3299.8992 3299.8992 3299.8992 3299.8992 3299.8992 3299.8992 3299.8992 3299.8992 3299.8992 3299.8992 3299.8992 1874.5789 -2600.0793 -2587.8936 -2575.9094 -2564.2273 -2552.4443 -2540.9636 -2529.483 -2518.103 -2506.723 -1005.0659 3277.542 3299.8992 1970.3522 -76.135254 -1926.6449 -2248.3062 -1833.2886 -1664.3005 -2496.35 -2484.668 -2473.6907 -2462.4114 -2451.535 -2440.7593 -2429.9834 -2419.4092 -2408.7341 -1971.8628 3299.8992 3299.8992 3299.8992 3299.8992 3299.8992 3299.8992 3299.8992 3299.8992 3299.8992 3299.8992 3299.8992 1220.1782 -2600.2808 -2587.9944 -2576.1108 -2564.328 -2552.6458 -2541.0645 -2529.5837 -2518.2036 -2507.0251 -691.4612 3299.8992 3299.8992 1739.4287 -217.02576 -1897.4396 -2000.8667 -1946.9879 -1808.2123 -2496.35 -2485.2722 -2473.993 -2463.0156 -2452.1392 -2441.162 -2430.487 -2419.812 -2409.2375 -1561.1755 3299.8992 3299.8992 3299.8992 3299.8992 3299.8992 
1288.6597 -407.4646 -1272.8485 -1607.5012 -1625.7294 -1444.2535 -540.9027 85.198975 360.8368 590.55176 594.8822 -38.772583 -2453.3477 -3261.2273 -3246.524 -3231.72 -3217.218 -3203.018 -3188.919 -3175.0212 -3161.325 -3147.6287 -3134.2346 -3121.1426 -3107.5469 -3001.703 2616.1926 3299.8992 3299.8992 3299.8992 3299.8992 3299.8992 3299.8992 3299.8992 3299.8992 3299.8992 3299.8992 3299.8992 3299.8992 3297.6836 903.55225 -702.1362 -1623.5138 -2007.0099 -2241.9617 -1975.6897 -859.845 -196.78345 166.57104 599.0112 768.3014 146.42944 -2313.8672 -3246.0205 -3231.2163 -3216.6138 -3202.3132 -3188.3147 -3174.417 -3160.5193 -3146.9238 -3133.3281 -3119.8333 -3106.4392 -3093.75 -2779.7424 3248.4375 3299.8992 3299.8992 3299.8992 3299.8992 3299.8992 3299.8992 3299.8992 3299.8992 3299.8992 3299.8992 3299.8992 3299.8992 3245.5168 892.47437 -709.3872 -1487.8601 -1758.2611 -1727.7466 -1464.093 -458.52356 137.0636 368.5913 652.9907 692.16614 -132.83386 -2789.8132 -3241.1865 -3226.3823 -3212.0818 -3197.7812 -3183.5815 -3169.583 -3155.8867 -3142.1904 -3128.7964 -3115.6035 -3102.411 -3089.218 -2580.3406 3299.8992 3299.8992 3299.8992 3299.8992 3299.8992 3299.8992 3299.8992 3299.8992 3299.8992 3299.8992 3299.8992 3299.8992 3299.8992 3192.9473 751.28174 -696.09375 -1452.008 -1855.7465 -1891.3971 -1466.8121 -337.87537 260.93445 578.2654 888.74817 841.6168 -252.7771 -3084.384 -3238.568 -3223.9653 -3209.4634 -3195.2637 -3181.1646 -3167.3674 -3153.5706 -3139.8743 -3126.3794 -3113.2874 -3100.1953 -3087.1033 -1970.755 3299.8992 3299.8992 3299.8992 3299.8992 3299.8992 3299.8992 3299.8992 3299.8992 3299.8992 3299.8992 3299.8992 3299.8992 3299.8992 2902.2034 373.92883 -1052.4994 -1652.417 -1948.7 -1859.6741 -1271.9421 -193.86292 332.33643 511.09314 719.1559 778.2715 -281.37817 -2993.8477 -3235.144 -3220.3398 -3205.9387 -3191.7388 -3177.7405 -3163.9434 -3150.0457 -3136.5508 -3123.056 -3109.9639 -3096.9727 -3083.6792 -1707.5043 3299.8992 3299.8992 3299.8992 3299.8992 3299.8992 3299.8992 3299.8992 3299.8992 3299.8992 3299.8992 3299.8992 3299.8992 3299.8992 2905.6274 
3299.8992 3299.8992 3299.8992 3299.8992 3299.8992 3299.8992 1341.4307 -3115.3015 -3099.7925 -3084.7869 -3069.983 -3055.3801 -3040.979 -3026.5776 -3012.4785 -2998.4802 -2984.683 -2970.9868 -2957.2905 -2943.997 -2930.603 -2917.4102 -2904.1167 -2891.327 -2878.6377 -2865.9485 -1815.1611 -971.32874 301.21765 1898.2452 3299.8992 3299.8992 3299.8992 3299.8992 3299.8992 3299.8992 3299.8992 3299.8992 3299.8992 3299.8992 3299.8992 3299.8992 3299.8992 3299.8992 3299.8992 3299.8992 558.0231 -3118.222 -3102.8137 -3087.808 -3073.0042 -3058.4014 -3043.7988 -3029.4983 -3015.4998 -3001.5015 -2987.6038 -2973.9075 -2960.2112 -2946.817 -2933.4229 -2920.23 -2907.0374 -2894.1467 -2881.4575 -2868.6675 -2400.778 -1337.2009 107.55615 1944.6716 3299.8992 3299.8992 3299.8992 3299.8992 3299.8992 3299.8992 3299.8992 3299.8992 3299.8992 3299.8992 3299.8992 3299.8992 3299.8992 3299.8992 3299.8992 3299.8992 148.4436 -3113.5894 -3098.4832 -3083.2764 -3068.573 -3053.8696 -3039.4683 -3025.2686 -3011.0686 -2997.171 -2983.2732 -2969.577 -2956.082 -2942.5872 -2929.2937 -2916.101 -2903.5125 -2890.3198 -2877.3284 -2864.74 -1598.4375 -930.23987 278.86047 2109.329 3299.8992 3299.8992 3299.8992 3299.8992 3299.8992 3299.8992 3299.8992 3299.8992 3299.8992 3299.8992 3299.8992 3299.8992 3299.8992 3299.8992 3299.8992 3299.8992 -391.45203 -3115.2007 -3099.893 -3084.8877 -3070.0835 -3055.5815 -3041.0796 -3026.779 -3012.68 -2998.7822 -2984.8845 -2971.1882 -2957.5928 -2944.098 -2930.8044 -2917.6116 -2905.0232 -2891.8303 -2878.9397 -2862.1216 -1492.5934 -951.58997 318.338 2050.0122 3299.8992 3299.8992 3299.8992 3299.8992 3299.8992 3299.8992 3299.8992 3299.8992 3299.8992 3299.8992 3299.8992 3299.8992 3299.8992 3299.8992 3299.8992 3299.8992 -1131.5552 -3113.7908 -3098.584 -3083.5784 -3068.7744 -3054.2725 -3039.7705 -3025.47 -3011.4714 -2997.4731 -2983.5754 -2969.8792 -2956.3843 -2942.8894 -2929.596 -2916.403 -2903.7139 -2890.6218 -2877.7312 -2859.1003 -2068.9453 -819.46106 628.5187 2372.177 3299.8992 3299.8992 3299.8992 3299.8992 3299.8992 3299.8992 3299.8992 3299.8992 3299.8992 3299.8992 
-166.0675 -1437.7075 -1885.0525 -1935.91 -1814.6576 -1445.3613 -270.09888 209.37195 1118.866 1612.1338 1818.0817 1627.945 378.96423 -957.1289 3230.4106 3247.0276 3263.3423 3279.3547 3295.166 -3289.224 -3273.6145 -3258.307 -3243.402 -3228.0945 -3213.1897 -2932.2144 1059.9518 3299.8992 3299.8992 3299.8992 3299.8992 3299.8992 3299.8992 3297.2808 3281.6711 3266.0613 3250.2502 3234.439 3218.628 2245.4863 -479.97437 -1616.8671 -2015.8722 -1984.9548 -1732.6813 -1201.4465 -42.39807 297.59216 964.2792 1320.4834 1459.5612 1263.2812 35.147095 -1366.507 3235.0432 3251.5593 3267.6726 3283.5845 3299.3958 -3284.9944 -3269.3848 -3254.1777 -3239.3738 -3223.8647 -3209.0605 -2647.5127 1753.125 3299.8992 3299.8992 3299.8992 3299.8992 3299.8992 3299.8992 3296.9788 3281.369 3265.6584 3249.948 3234.137 3218.225 1977.8046 -627.9144 -1670.5444 -1908.9203 -1949.2035 -1780.4169 -1177.8809 -62.438965 286.11145 1070.4254 1571.5485 1737.1124 1411.2213 -44.714355 -1526.7334 3233.9355 3250.3508 3266.565 3282.4768 3298.2878 -3286.1023 -3270.5933 -3255.3862 -3239.7766 -3225.1738 -3210.1685 -2345.993 2024.231 3299.8992 3299.8992 3299.8992 3299.8992 3299.8992 3299.8992 3293.4539 3278.0457 3262.3352 3246.524 3230.713 3214.9016 1722.1069 -870.2179 -1850.1068 -2253.241 -2189.694 -1894.1162 -1225.5157 -89.52942 221.96045 966.1926 1421.5942 1527.0355 1006.57654 -491.6565 -2082.843 3246.7253 3263.04 3279.0527 3294.8638 -3289.5264 -3274.0173 -3258.609 -3243.402 -3228.0945 -3213.2903 -3198.587 -2097.0427 2233.5022 3299.8992 3299.8992 3299.8992 3299.8992 3299.8992 3299.8992 3299.8992 3287.4114 3271.6003 3255.789 3239.978 3222.1526 1623.6145 -762.1582 -1754.3335 -2045.0775 -1971.5607 -1725.2289 -959.4452 272.01233 617.3401 1396.2158 1723.7183 1891.7999 1406.3873 -43.50586 -2027.0508 3238.0645 3254.48 3270.6938 3286.6057 3299.8992 -3282.074 -3266.565 -3251.2573 -3235.8489 -3220.944 -3206.2407 -1781.8268 2679.6387 3299.8992 3299.8992 3299.8992 3299.8992 3299.8992 3299.8992 3292.749 3277.24 3261.4287 3245.6177 3229.8064 3210.5713 1260.6628 
3299.8992 3299.8992 3299.8992 3299.8992 3299.8992 3299.8992 1923.6237 -770.7184 -3001.5015 -2987.201 -2973.2024 -2959.506 -2946.0112 -2932.6172 -2919.4243 -2906.3323 -2893.2402 -2880.3496 -2867.459 -2854.9712 -2842.282 -2829.7942 -2817.4072 -2804.9194 -2792.633 -2778.534 -1894.8212 -1317.0593 -548.5565 258.31604 1295.3064 2794.043 3299.8992 3299.8992 3299.8992 3299.8992 3299.8992 3299.8992 3299.8992 3299.8992 3299.8992 3299.8992 3299.8992 3299.8992 3299.8992 3299.8992 1437.6068 -1222.1924 -3005.6304 -2991.4307 -2977.533 -2963.8367 -2950.3418 -2937.0483 -2923.654 -2910.562 -2897.6714 -2884.6802 -2871.8901 -2859.201 -2846.5117 -2834.024 -2821.4355 -2809.1492 -2796.8628 -2767.3552 -1939.7369 -1291.5802 -697.0001 103.22571 1111.1115 2792.0288 3299.8992 3299.8992 3299.8992 3299.8992 3299.8992 3299.8992 3299.8992 3299.8992 3299.8992 3299.8992 3299.8992 3299.8992 3299.8992 3299.8992 1365.4999 -1263.382 -3006.436 -2992.1355 -2978.2378 -2964.5415 -2950.946 -2937.5518 -2924.2583 -2911.1663 -2898.175 -2885.385 -2872.3938 -2859.7046 -2847.116 -2834.6282 -2822.1404 -2809.854 -2797.5676 -2767.758 -1901.77 -1376.6785 -711.30066 113.497925 1320.3827 3058.4014 3299.8992 3299.8992 3299.8992 3299.8992 3299.8992 3299.8992 3299.8992 3299.8992 3299.8992 3299.8992 3299.8992 3299.8992 3299.8992 3299.8992 1094.3939 -1391.3818 -3006.3354 -2992.337 -2978.4392 -2964.6423 -2951.0466 -2937.6526 -2924.4597 -2911.3677 -2898.3765 -2885.4858 -2872.5952 -2859.906 -2847.3174 -2834.8296 -2822.4426 -2810.0554 -2797.5676 -2682.7605 -1822.3114 -1399.1364 -752.89307 171.30432 1296.112 3057.797 3299.8992 3299.8992 3299.8992 3299.8992 3299.8992 3299.8992 3299.8992 3299.8992 3299.8992 3299.8992 3299.8992 3299.8992 3299.8992 3299.8992 659.43604 -1794.0125 -3002.4077 -2988.3086 -2974.411 -2960.7146 -2947.0183 -2933.8257 -2920.5322 -2907.4402 -2894.5496 -2881.558 -2868.7683 -2856.079 -2843.4905 -2831.0027 -2818.6157 -2806.3293 -2794.043 -2694.1406 -2007.1106 -1337.8052 -677.6642 183.89282 1429.5502 3299.8992 3299.8992 3299.8992 3299.8992 3299.8992 3299.8992 3299.8992 3299.8992 3299.8992 

-64.05029 -4.1290283 64.65454 111.78589 71.20056 -58.309937 -154.48608 -117.42554 -69.992065 -24.975586 46.124268 115.512085 130.11475 80.86853 26.184082 -26.385498 -30.81665 6.4453125 12.789917 -22.155762 4.1290283 63.546753 96.17615 103.427124 95.16907 51.864624 60.021973 25.881958 -91.34216 -181.37512 -216.52222 -220.55054 -179.96521 -173.01636 -171.80786 -168.78662 -137.56714 -122.15881 -121.25244 -114.80713 -74.523926 -38.47046 -17.523193 -10.574341 0.20141602 -13.696289 -19.73877 20.947266 46.829224 43.40515 80.86853 151.76697 147.53723 96.47827 59.014893 27.29187 33.9386 77.645874 122.058105 117.526245 117.526245 117.526245 117.526245 117.526245 117.526245 117.526245 117.526245 117.526245 117.526245 117.526245 117.526245 117.526245 117.526245 117.526245 117.526245 117.526245 117.526245 117.526245 117.526245 117.526245 47.332764 -11.279297 -67.57507 -201.71814 -299.5056 -264.86206 -183.28857 -50.55542 76.638794 169.39087 206.35071 173.21777 62.23755 19.23523 32.42798 11.279297 -40.48462 -44.51294 -26.586914 -49.54834 -64.25171 -36.95984 -18.73169 -40.88745 -94.96765 -145.12024 -107.05261 -59.921265 -35.95276 -50.05188 -90.234375 -93.85986 -35.247803 4.3304443 8.660889 21.450806 61.12976 111.08093 155.39246 142.40112 123.87085 82.37915 5.0354004 -49.44763 -79.559326 -87.61597 -89.52942 -29.910278 43.40515 69.79065 84.49402 114.001465 68.481445 31.420898 32.32727 26.78833 -2.4169922 -52.670288 -101.11084 -112.79297 -101.61438 -79.35791 -63.74817 -48.44055 -76.94092 -115.008545 -109.973145 -125.88501 -135.65369 -124.67651 -120.95032 -134.14307 -99.19739 -77.44446 -48.03772 -8.761597 5.1361084 23.364258 20.846558 19.940186 85.198975 117.526245 109.57031 109.469604 125.68359 141.69617 139.37988 114.80713 80.36499 64.453125 77.645874 107.15332 47.93701 4.5318604 -9.768677 -4.6325684 4.0283203 -31.82373 -50.857544 -34.542847 -11.480713 21.350098 38.87329 47.43347 43.40515 27.493286 50.55542 34.84497 3.3233643 -52.972412 -94.3634 -99.49951 -51.461792 -44.0094 -63.14392 -106.34766 -138.2721 -127.697754 -130.61829 -98.59314 
-24.572754 -50.958252 -53.07312 -50.857544 -51.159668 -73.21472 -71.20056 -66.76941 -43.807983 -32.528687 -56.799316 -142.70325 -153.68042 -102.923584 -79.76074 -28.701782 -3.8269043 -16.012573 -55.59082 -62.23755 -10.171509 33.132935 60.525513 69.28711 58.511353 70.29419 10.372925 12.890625 25.78125 54.58374 70.3949 66.56799 18.530273 3.1219482 -10.775757 -19.73877 -13.595581 26.687622 58.511353 35.247803 -21.450806 -46.124268 -62.942505 -69.68994 -64.05029 -56.09436 -21.75293 -9.063721 -9.970093 -24.975586 -78.652954 -128.60413 -102.11792 -62.13684 -62.438965 -2.5177002 17.926025 -7.4523926 -46.325684 37.564087 143.3075 180.87158 154.28467 126.89209 136.15723 169.89441 109.973145 86.91101 75.93384 66.36658 73.21472 92.34924 63.24463 22.558594 -16.415405 -28.80249 8.660889 59.1156 87.61597 68.78357 28.29895 26.486206 23.364258 34.140015 10.876465 -12.286377 -11.984253 -39.98108 -71.502686 -110.37598 -141.29333 -171.70715 -134.5459 -105.441284 -101.916504 -93.759155 -57.000732 -20.544434 -40.38391 -30.615234 5.4382324 50.152588 64.956665 45.721436 33.132935 49.145508 26.889038 32.629395 7.3516846 -29.30603 -24.371338 38.067627 29.104614 0.30212402 12.991333 43.606567 41.4917 66.06445 72.509766 10.775757 -67.07153 -83.688354 -84.79614 -85.60181 -82.177734 -87.61597 -82.47986 -87.81738 -94.766235 -82.88269 -101.815796 -158.01086 -103.62854 -58.309937 -65.05737 -53.67737 1.3092041 20.343018 8.862305 45.01648 100.6073 134.6466 157.60803 158.61511 151.16272 154.98962 66.6687 24.572754 3.1219482 -10.775757 12.487793 44.110107 2.7191162 -42.49878 -68.78357 -40.88745 56.900024 129.10767 122.058105 66.6687 -3.2226562 -51.763916 -73.31543 -81.97632 -86.60889 -76.84021 -48.94409 -27.694702 -10.574341 -31.622314 -75.4303 -93.35632 1.7120361 50.05188 61.029053 60.525513 29.003906 -1.4099121 -20.544434 32.83081 80.56641 62.841797 63.043213 82.78198 142.40112 160.42786 107.958984 95.37048 87.41455 62.036133 41.99524 42.196655 -16.21399 -61.532593 -112.994385 -137.0636 -116.21704 -57.000732 -3.8269043 -13.696289 
2988.208 -2369.1558 699.2157 2990.8264 2977.0293 2962.6282 2948.2268 2933.9263 2917.813 2870.2788 2886.795 2880.3496 2868.2646 2855.8777 2843.0876 2830.0964 2817.0044 2803.9124 2791.0217 2777.9297 2765.1396 2752.1484 2739.862 2727.1729 2714.685 -1554.7302 2729.489 2752.249 2773.1963 2793.4387 2812.7747 2831.607 2850.0366 2868.164 2885.9893 2903.7139 2921.1365 2938.4583 2955.5786 2972.5981 2989.517 -2286.7766 841.7175 2991.0278 2977.2307 2962.326 2945.407 2931.912 2916.3025 2832.2112 2892.1326 2879.9468 2867.9626 2855.4749 2842.6848 2829.5928 2816.6016 2803.5095 2790.4175 2777.426 2764.6362 2752.249 2739.157 2727.1729 2714.5842 3018.7224 2732.611 2754.8674 2775.9155 2795.9563 2815.2922 2834.024 2852.4536 2870.4802 2888.3057 2906.0303 2923.4526 2940.6738 2957.7942 2974.8137 2991.632 -1679.0039 1430.4565 2987.8052 2973.8066 2958.9019 2941.983 2927.6824 2912.2742 2706.2256 2889.7156 2877.6306 2865.5457 2853.2593 2840.4692 2827.5786 2814.4866 2801.4954 2788.3025 2775.4119 2762.622 2750.2349 2737.6465 2724.9573 2712.3687 2708.9446 2733.8196 2756.076 2777.124 2796.9634 2816.2993 2835.031 2853.3599 2871.3867 2889.3127 2906.836 2924.3591 2941.681 2958.7004 2975.8208 2992.7397 -1391.9861 1657.6538 2985.3882 2971.591 2956.787 2941.1772 2926.5747 2911.4685 2690.6157 2887.802 2875.717 2863.5315 2851.1443 2838.2537 2825.363 2812.271 2799.2798 2786.1877 2773.297 2760.507 2747.6165 2735.2295 2722.5403 2709.9517 2708.9446 2733.8196 2756.1768 2776.9226 2796.8628 2816.1987 2834.9304 2853.3599 2871.3867 2889.212 2906.836 2924.2583 2941.4795 2958.7004 2975.6194 2992.5383 -1683.9386 1442.6422 2988.1072 2974.2095 2958.3984 2941.8823 2927.3804 2908.2458 2437.2344 2890.7227 2878.839 2866.6533 2854.1655 2841.3757 2828.2837 2815.1917 2802.0996 2789.0076 2776.117 2763.327 2750.839 2737.848 2725.8635 2712.8723 2715.8936 2739.862 2761.615 2782.26 2801.9988 2821.1333 2839.7644 2858.1938 2876.1199 2893.9453 2911.4685 2928.9917 2946.112 2963.1316 2980.1514 
3299.8992 3299.8992 3299.8992 3299.8992 3299.8992 3299.8992 664.87427 -2600.2808 -2588.095 -2576.3123 -2564.5293 -2552.8472 -2541.2659 -2529.7852 -2518.405 -2507.1257 -191.94946 3299.8992 3299.8992 1405.2795 -501.32446 -2533.3098 -2521.1243 -1902.7771 -1879.6143 -2492.1204 -2480.9417 -2469.8638 -2458.786 -2447.9094 -2437.1338 -2426.4587 -2415.8843 -2405.31 -1719.69 3299.8992 3299.8992 3299.8992 3299.8992 3299.8992 3299.8992 3299.8992 3299.8992 3299.8992 3299.8992 3299.8992 -188.6261 -2591.519 -2579.535 -2567.6514 -2555.9692 -2544.287 -2532.7056 -2521.3257 -2509.9456 -2498.5657 -318.53943 3299.8992 3299.8992 1395.4102 -429.41895 -2421.6248 -2335.62 -1938.6292 -2262.808 -2484.3657 -2473.2878 -2462.21 -2451.3335 -2440.3564 -2429.6814 -2418.9055 -2408.3313 -2397.8577 -615.9302 3299.8992 3299.8992 3299.8992 3299.8992 3299.8992 3299.8992 3299.8992 3299.8992 3299.8992 3299.8992 3299.8992 -822.4823 -2587.2893 -2575.3052 -2563.4216 -2551.6387 -2540.0574 -2528.4758 -2517.096 -2505.8167 -2494.4365 434.85718 3299.8992 3299.8992 1831.1737 139.88342 -1943.3624 -1961.5906 -1689.1754 -2128.8665 -2496.35 -2485.1714 -2473.892 -2463.0156 -2451.8372 -2441.162 -2430.3862 -2419.7112 -2409.0361 -173.11707 3299.8992 3299.8992 3299.8992 3299.8992 3299.8992 3299.8992 3299.8992 3299.8992 3299.8992 3299.8992 3299.8992 -666.4856 -2599.5757 -2587.4907 -2575.708 -2563.8245 -2552.3438 -2540.6616 -2529.2815 -2517.8008 -2355.7617 961.56006 3299.8992 3299.8992 1292.2852 -131.52466 -1962.1948 -2003.5858 -1175.6653 -1649.0936 -2510.852 -2499.5728 -2488.2935 -2477.2156 -2466.1377 -2455.1604 -2444.284 -2433.609 -2422.9338 -188.02185 3299.8992 3299.8992 3299.8992 3299.8992 3299.8992 3299.8992 3299.8992 3299.8992 3299.8992 3299.8992 3299.8992 -1843.5608 -2606.5247 -2594.5403 -2582.5562 -2570.874 -2559.2925 -2547.7112 -2536.331 -2524.8503 -2412.0574 539.6942 3299.8992 2989.4165 -101.51367 -1241.3269 -2534.6191 -2462.3108 -1828.4546 -2503.903 -2492.3218 -2481.244 -2470.2666 -2459.2896 -2448.413 -2437.5366 -2426.9622 -2416.388 -2405.8135 1243.7439 3299.8992 3299.8992 3299.8992 3299.8992 3299.8992 
558.6273 -698.0072 -1395.5109 -1753.0243 -1740.4358 -1138.3026 -132.33032 349.85962 553.5919 863.47046 783.8104 -452.6825 -3254.2786 -3239.273 -3224.5696 -3210.0676 -3195.6665 -3181.7688 -3167.871 -3154.074 -3140.4785 -3126.9836 -3113.4888 -3100.1953 -3087.4053 -1222.4945 3299.8992 3299.8992 3299.8992 3299.8992 3299.8992 3299.8992 3299.8992 3299.8992 3299.8992 3299.8992 3299.8992 3299.8992 3299.8992 2658.2886 188.32397 -1082.2083 -1711.3312 -1945.8801 -1759.5703 -907.9834 162.94556 507.36694 650.473 900.2289 673.43445 -855.61523 -3253.372 -3238.4673 -3223.6633 -3209.4634 -3195.0623 -3180.9631 -3166.9646 -3153.2683 -3139.6729 -3126.178 -3113.086 -3100.0945 -3086.7004 -671.521 3299.8992 3299.8992 3299.8992 3299.8992 3299.8992 3299.8992 3299.8992 3299.8992 3299.8992 3299.8992 3299.8992 3299.8992 3299.8992 2369.6594 67.17224 -1063.5773 -1585.3455 -1766.1163 -1535.7971 -502.43225 346.53625 667.9962 810.29663 1051.2909 821.97876 -784.21326 -3262.738 -3247.6318 -3232.727 -3218.225 -3203.9246 -3189.7246 -3175.7263 -3161.8286 -3148.1323 -3134.6375 -3121.344 -3108.0505 -3095.2605 74.523926 3299.8992 3299.8992 3299.8992 3299.8992 3299.8992 3299.8992 3299.8992 3299.8992 3299.8992 3299.8992 3299.8992 3299.8992 3299.8992 2128.9673 -103.52783 -1172.9462 -1635.9009 -1802.5726 -1811.3342 -867.4988 43.00232 474.43542 754.10156 1064.685 740.10315 -1057.7362 -3264.047 -3248.941 -3233.9355 -3219.3328 -3205.133 -3190.8325 -3176.9348 -3163.2385 -3149.4414 -3135.9465 -3122.653 -3109.6619 -3096.2676 121.65527 3299.8992 3299.8992 3299.8992 3299.8992 3299.8992 3299.8992 3299.8992 3299.8992 3299.8992 3299.8992 3299.8992 3299.8992 3299.8992 1959.6771 -144.31458 -1248.4772 -1761.7859 -1975.0854 -1639.5264 -560.7422 275.3357 617.8436 761.65466 1063.8794 485.614 -1677.594 -3262.6372 -3247.7324 -3233.029 -3218.4265 -3204.126 -3190.1274 -3176.0283 -3162.332 -3148.6357 -3135.1409 -3121.5454 -3108.0505 -3095.3613 931.24695 3299.8992 3299.8992 3299.8992 3299.8992 3299.8992 3299.8992 3299.8992 3299.8992 3299.8992 3299.8992 3299.8992 3299.8992 3299.8992 1752.9236 
3299.8992 3299.8992 3299.8992 3299.8992 3299.8992 3299.8992 -1785.2509 -3111.3738 -3096.0662 -3081.0608 -3066.3574 -3051.8555 -3037.454 -3023.2544 -3009.1553 -2995.1567 -2981.3599 -2967.7642 -2954.1687 -2940.6738 -2927.481 -2914.389 -2901.0955 -2888.3057 -2875.6165 -2799.4812 -1679.0039 -990.8661 405.14832 2626.1626 3299.8992 3299.8992 3299.8992 3299.8992 3299.8992 3299.8992 3299.8992 3299.8992 3299.8992 3299.8992 3299.8992 3299.8992 3299.8992 3299.8992 3299.8992 3299.8992 -2530.49 -3107.5469 -3092.2393 -3077.3345 -3062.631 -3048.23 -3033.8286 -3019.629 -3005.5298 -2991.5312 -2977.835 -2964.2395 -2950.6438 -2937.3503 -2923.9563 -2910.8643 -2898.175 -2885.083 -2872.0916 -2816.6016 -2083.4473 -753.0945 751.48315 2680.8472 3299.8992 3299.8992 3299.8992 3299.8992 3299.8992 3299.8992 3299.8992 3299.8992 3299.8992 3299.8992 3299.8992 3299.8992 3299.8992 3299.8992 3299.8992 3157.901 -3112.7837 -3102.5115 -3087.4053 -3072.6013 -3057.9985 -3043.396 -3029.0955 -3014.9963 -3000.7964 -2986.9995 -2973.2024 -2959.506 -2946.112 -2932.8186 -2919.5251 -2906.5337 -2893.8445 -2880.7524 -2867.8618 -2804.4158 -2192.514 -818.5547 711.8042 2614.8833 3299.8992 3299.8992 3299.8992 3299.8992 3299.8992 3299.8992 3299.8992 3299.8992 3299.8992 3299.8992 3299.8992 3299.8992 3299.8992 3299.8992 3299.8992 2923.0498 -3111.2732 -3095.6633 -3080.658 -3065.7532 -3051.1504 -3036.6484 -3022.4487 -3008.2488 -2994.2505 -2980.4534 -2966.757 -2953.1616 -2939.8682 -2926.5747 -2913.3818 -2900.3906 -2887.802 -2874.6094 -2861.9202 -2058.7737 -1215.5457 -338.58032 1022.6898 3157.3975 3299.8992 3299.8992 3299.8992 3299.8992 3299.8992 3299.8992 3299.8992 3299.8992 3299.8992 3299.8992 3299.8992 3299.8992 3299.8992 3299.8992 3299.8992 2408.13 -3114.1936 -3098.6846 -3083.5784 -3068.7744 -3054.1716 -3039.6697 -3025.3691 -3011.27 -2997.3723 -2983.4746 -2969.6777 -2956.1829 -2942.688 -2929.2937 -2916.2017 -2903.1096 -2890.0176 -2877.2278 -2864.6392 -2234.207 -1486.9537 -140.68909 1290.5731 3272.1038 3299.8992 3299.8992 3299.8992 3299.8992 3299.8992 3299.8992 3299.8992 3299.8992 3299.8992 3299.8992 
-952.59705 -1806.7017 -2012.6495 -1839.4318 -1540.6311 -682.09534 379.46777 570.9137 1222.7966 1673.2635 1807.5073 1227.3285 -326.7975 -2372.9827 3232.8276 3249.2432 3265.3564 3281.369 3297.0793 -3287.21 -3271.8018 -3256.3933 -3240.985 -3225.9795 -3211.1755 -1340.5243 3046.4172 3299.8992 3299.8992 3299.8992 3299.8992 3299.8992 3299.8992 3284.6924 3269.0825 3253.473 3237.6616 3221.8506 3195.767 917.1478 -1217.9626 -2052.5298 -2275.4973 -2185.263 -1835.4034 -772.229 294.97375 486.92322 1226.12 1597.1283 1600.7538 853.7018 -697.8058 -2724.5544 3240.7837 3256.9976 3273.1108 3288.922 3299.8992 -3279.7576 -3264.2485 -3249.0417 -3234.3384 -3219.0308 -3204.126 -878.7781 3299.8992 3299.8992 3299.8992 3299.8992 3299.8992 3299.8992 3299.8992 3288.217 3272.6074 3256.7961 3240.985 3225.2747 3147.931 643.927 -1326.7273 -2034.7046 -2210.2385 -2098.4526 -1694.4122 -521.36536 503.0365 634.66187 1350.3937 1755.6427 1694.6136 884.61914 -575.14343 -3255.789 3240.5823 3256.897 3273.0103 3288.922 3299.8992 -3279.959 -3264.3494 -3249.1423 -3234.2375 -3219.0308 -3204.2266 -628.5187 3299.8992 3299.8992 3299.8992 3299.8992 3299.8992 3299.8992 3299.8992 3286.4043 3270.8953 3254.9834 3239.1724 3223.5625 3037.3535 441.80603 -1359.9609 -2008.8226 -2078.1096 -1881.8298 -1529.8553 -394.37256 536.9751 704.2511 1391.2811 1845.8771 1801.767 995.29724 -436.97205 3221.8506 3234.8418 3251.056 3267.4712 3283.383 3298.892 -3285.498 -3269.8882 -3254.5806 -3239.7766 -3224.469 -3209.5642 -434.15222 3299.8992 3299.8992 3299.8992 3299.8992 3299.8992 3299.8992 3295.7703 3280.2612 3264.7522 3248.941 3233.3313 3217.52 2953.5645 316.12244 -1356.839 -1836.1084 -2045.3796 -2024.6338 -1658.6609 -435.96497 521.36536 657.724 1321.5912 1680.1117 1456.9427 401.42212 -1062.2681 3223.9653 3240.4814 3256.7961 3272.6074 3288.7207 3299.8992 -3280.1604 -3264.8528 -3249.4446 -3234.137 -3219.2322 -3204.5288 121.75598 3299.8992 3299.8992 3299.8992 3299.8992 3299.8992 3299.8992 3296.7773 3281.369 3265.6584 3249.948 3234.2375 3218.527 2866.452 269.0918 
3299.8992 3299.8992 3299.8992 3299.8992 3299.8992 3293.8567 450.86975 -1900.1587 -2998.2788 -2984.1797 -2970.282 -2956.787 -2943.2922 -2929.898 -2916.7053 -2903.7139 -2890.7227 -2877.832 -2865.1428 -2852.3528 -2839.7644 -2827.3772 -2814.8894 -2802.5024 -2790.3167 -2545.7976 -1750.4059 -1356.9397 -677.9663 318.94226 1696.9299 3299.8992 3299.8992 3299.8992 3299.8992 3299.8992 3299.8992 3299.8992 3299.8992 3299.8992 3299.8992 3299.8992 3299.8992 3299.8992 3299.8992 3051.0498 144.81812 -2309.0332 -2994.8547 -2980.957 -2967.0593 -2953.5645 -2940.0696 -2926.7761 -2913.5833 -2900.4912 -2887.6006 -2874.8108 -2862.0208 -2849.4324 -2836.8438 -2824.356 -2811.8682 -2799.5818 -2787.2954 -2433.4075 -1844.3665 -1198.4253 -529.01917 322.86987 1609.2133 3299.8992 3299.8992 3299.8992 3299.8992 3299.8992 3299.8992 3299.8992 3299.8992 3299.8992 3299.8992 3299.8992 3299.8992 3299.8992 3299.8992 2737.2437 -244.0155 -2585.1746 -2988.9128 -2974.9146 -2961.1174 -2947.522 -2934.2285 -2920.935 -2907.7422 -2894.8516 -2881.8604 -2869.0703 -2856.381 -2843.692 -2831.1035 -2818.7163 -2806.3293 -2794.043 -2781.8572 -2333.0017 -1579.0009 -937.59155 -332.33643 542.51404 2078.6133 3299.8992 3299.8992 3299.8992 3299.8992 3299.8992 3299.8992 3299.8992 3299.8992 3299.8992 3299.8992 3299.8992 3299.8992 3299.8992 3299.8992 2574.1973 -346.0327 -2761.8164 -2989.517 -2975.5188 -2961.7217 -2948.0254 -2934.8328 -2921.5393 -2908.3464 -2895.3552 -2882.3638 -2869.574 -2856.9854 -2844.1956 -2831.7078 -2819.1191 -2806.8328 -2794.5464 -2782.1594 -2072.8728 -1508.3038 -1003.4546 -342.40723 636.676 2195.5352 3299.8992 3299.8992 3299.8992 3299.8992 3299.8992 3299.8992 3299.8992 3299.8992 3299.8992 3299.8992 3299.8992 3299.8992 3299.8992 3299.8992 2505.5144 -214.00452 -2543.7834 -2992.9412 -2979.2449 -2965.2466 -2951.651 -2938.2568 -2924.9634 -2911.67 -2898.6785 -2885.6873 -2872.8972 -2860.1074 -2847.5188 -2834.9304 -2822.5432 -2810.2568 -2797.8699 -2785.684 -2296.344 -1772.2595 -1079.4891 -344.5221 582.69653 2146.289 3299.8992 3299.8992 3299.8992 3299.8992 3299.8992 3299.8992 3299.8992 3299.8992 3299.8992 

-54.0802 -8.358765 0.80566406 7.6538086 31.32019 41.189575 58.007812 71.20056 76.23596 125.7843 215.81726 282.68738 257.51038 227.90222 204.9408 135.25085 74.62463 54.483032 77.645874 75.128174 8.459473 -88.32092 -163.34839 -188.02185 -198.7976 -147.53723 -58.61206 -38.671875 -63.848877 -117.42554 -176.94397 -198.09265 -99.49951 -34.140015 -7.7545166 5.9417725 10.272217 26.385498 60.12268 113.29651 134.84802 120.44678 86.60889 66.87012 95.06836 128.2013 123.66943 54.483032 -28.29895 -109.77173 -98.794556 4.5318604 26.586914 46.829224 10.675049 -58.914185 -74.523926 -38.772583 -34.240723 -81.57349 -106.448364 -93.96057 -96.780396 -101.916504 -145.8252 -167.88025 -148.94714 -144.51599 -133.53882 -123.46802 -108.86536 -91.34216 -44.0094 -24.069214 -2.8198242 -2.0141602 -3.5247803 1.0070801 -5.3375244 32.629395 70.69702 75.531006 89.42871 100.50659 119.13757 111.18164 96.98181 83.88977 35.34851 -8.358765 19.335938 61.73401 25.78125 15.408325 25.27771 26.989746 54.281616 98.69385 124.27368 121.554565 105.13916 99.19739 116.72058 126.48926 28.399658 -67.17224 -55.08728 -15.911865 -39.47754 -94.86694 -154.48608 -212.19177 -183.99353 -130.11475 -118.33191 -123.2666 -102.21863 -59.61914 -51.05896 2.7191162 69.89136 122.86377 173.31848 157.2052 111.38306 47.735596 -11.480713 -58.20923 -88.62305 -47.53418 94.766235 193.15796 151.56555 100.909424 72.71118 34.744263 3.7261963 -14.300537 -25.479126 -67.07153 -175.83618 -258.21533 -259.32312 -175.53406 -142.1997 -98.39172 -60.324097 -51.663208 -40.48462 -40.786743 -54.986572 -62.539673 -40.38391 -19.73877 11.984253 78.25012 126.48926 139.48059 120.95032 184.69849 234.34753 243.31055 234.34753 172.61353 182.58362 218.03284 129.5105 -35.147095 -125.18005 -123.97156 -102.52075 -64.75525 -63.546753 -75.22888 -91.34216 -126.9928 -123.46802 -53.17383 -3.7261963 3.8269043 -7.1502686 -19.537354 -28.29895 8.963013 -26.486206 -67.8772 -99.19739 -146.73157 -125.88501 -117.72766 -117.62695 -111.78589 -60.72693 -20.443726 3.7261963 -8.358765 -19.23523 -26.28479 -27.29187 21.24939 60.72693 100.808716 111.38306 122.15881 144.81812 134.14307 133.63953 118.93616 97.68677 77.84729 95.97473 84.99756 27.392578 6.3446045 0.60424805 0.9063721 22.457886 60.72693 69.79065 55.08728 
-37.765503 -46.728516 -25.076294 28.903198 -2.1148682 -40.585327 -33.737183 -27.694702 -3.4240723 -4.3304443 -54.483032 -103.52783 -87.11243 -121.85669 -114.20288 -36.557007 9.567261 7.1502686 5.4382324 29.910278 54.382324 60.324097 72.509766 67.17224 63.546753 36.053467 -16.012573 -20.544434 3.3233643 17.22107 55.892944 73.516846 37.261963 34.84497 23.76709 6.7474365 -0.60424805 0 -24.27063 -113.09509 -147.2351 -131.72607 -102.62146 -73.91968 -65.15808 -57.403564 -45.217896 5.7403564 76.638794 117.022705 76.7395 29.708862 70.495605 71.40198 65.76233 59.014893 84.191895 57.806396 27.392578 28.399658 55.892944 40.48462 43.00232 28.500366 34.744263 23.364258 -27.593994 -32.93152 -11.682129 0.70495605 24.874878 59.71985 38.772583 37.161255 22.357178 6.2438965 13.192749 9.567261 -15.106201 -93.255615 -141.49475 -121.75598 -119.036865 -137.56714 -179.56238 -172.3114 -135.55298 -108.76465 -83.38623 -68.38074 -74.82605 -83.184814 -16.21399 25.076294 51.461792 78.25012 75.631714 50.656128 50.253296 91.744995 114.70642 79.055786 78.652954 106.04553 186.2091 211.1847 188.7268 180.97229 135.7544 75.93384 32.025146 12.789917 -64.151 -119.33899 -172.71423 -186.91406 -135.04944 -94.46411 -58.71277 -76.7395 -60.324097 -12.588501 -16.616821 -55.892944 -84.49402 -65.963745 -31.420898 -11.480713 -13.092041 -19.134521 -81.27136 -141.49475 -74.523926 -4.6325684 57.302856 72.509766 53.475952 38.269043 65.25879 119.036865 149.95422 132.1289 80.4657 -8.358765 -23.76709 -35.751343 -16.918945 -13.998413 -10.473633 8.862305 3.2226562 -1.9134521 -5.6396484 33.737183 45.721436 50.354004 32.32727 -0.70495605 -23.968506 -106.04553 -144.41528 -124.37439 -89.93225 -59.21631 -19.335938 23.968506 60.424805 85.90393 92.55066 110.6781 112.994385 89.730835 92.248535 56.396484 -2.5177002 -44.51294 -65.05737 -91.44287 -50.55542 -9.970093 29.608154 26.385498 33.132935 41.189575 88.723755 64.75525 41.793823 33.43506 14.501953 -11.077881 -23.76709 -37.765503 -62.841797 -69.992065 -92.34924 -74.523926 -5.8410645 55.08728 101.412964 59.21631 -17.523193 -47.735596 -26.687622 -13.696289 -39.074707 -62.338257 -67.07153 -59.417725 -91.04004 -162.84485 -209.17053 -183.6914 -125.88501 -137.56714 -100.909424 -41.39099 -14.602661 -45.92285 -41.592407 16.314697 
3092.5415 -1019.5679 2110.5376 2985.8916 2972.0947 2957.089 2942.99 2927.3804 2912.3748 2808.3435 2887.802 2875.6165 2863.1287 2850.6409 2837.8508 2824.7588 2811.6667 2798.5747 2785.5835 2772.6929 2759.9028 2747.0122 2734.8267 2721.936 2709.0454 2715.6921 2739.7612 2761.7156 2782.26 2801.9988 2821.1333 2839.865 2858.1938 2876.1199 2893.9453 2911.4685 2928.7903 2946.112 2963.2324 2980.0505 3156.0881 -799.31946 2363.214 2983.7769 2969.8792 2954.672 2938.6597 2924.1577 2908.6487 2659.3962 2885.4858 2873.401 2861.215 2848.6267 2835.736 2822.7446 2809.7534 2796.5605 2783.67 2770.7793 2757.8887 2745.6023 2732.7117 2720.5261 2707.434 2716.7998 2740.3655 2762.2192 2782.7637 2802.603 2821.637 2840.2678 2858.496 2876.5227 2894.2473 2911.8713 2929.193 2946.414 2963.5344 2980.4534 3141.687 -942.42554 2211.0442 2985.6902 2971.7925 2956.4849 2942.0837 2926.9775 2911.0657 2672.2869 2887.3992 2875.3142 2862.9272 2850.4395 2837.448 2824.356 2811.264 2798.1719 2785.1807 2772.29 2759.6008 2747.113 2734.2224 2722.1375 2701.4922 2722.238 2745.401 2766.9524 2787.1948 2806.8328 2825.7659 2844.397 2862.625 2880.551 2898.2756 2915.7988 2933.1206 2950.3418 2967.4622 2984.381 -2932.5164 -73.91968 2944.6013 2980.957 2967.0593 2952.1545 2938.156 2924.057 2907.4402 2774.707 2883.1694 2871.0845 2858.798 2846.109 2833.2183 2820.1262 2807.0342 2793.9421 2781.0515 2768.0603 2755.371 2742.581 2730.3955 2717.6055 2459.491 2720.6267 2744.1924 2765.8447 2786.1877 2805.8257 2824.8596 2843.39 2861.618 2879.6448 2897.3694 2914.8926 2932.2144 2949.3347 2966.455 2983.374 -2935.437 -47.332764 2902.7068 2979.7485 2965.75 2949.0325 2933.8257 2919.0215 2865.4448 2706.2256 2882.1624 2870.2788 2857.9924 2845.3032 2832.312 2819.3206 2806.128 2793.036 2780.1453 2767.2546 2754.5654 2742.279 2729.3884 2717.2026 1818.0817 2722.943 2746.106 2767.456 2787.799 2807.3364 2826.2695 2844.7998 2863.0278 2880.9539 2898.578 2916.3025 2933.5234 2950.7446 2967.865 2984.683 -3113.5894 -425.59204 2803.61 2984.1797 2970.282 2954.773 2938.7603 2924.5605 2907.4402 2662.9211 2886.2915 2874.408 2862.1216 2849.4324 2836.441 2823.3489 2810.1562 2797.0642 2784.0728 2771.283 
3299.8992 3299.8992 3299.8992 3299.8992 3299.8992 3299.8992 -1389.0656 -2597.763 -2585.678 -2573.8953 -2562.1123 -2550.4302 -2539.0503 -2527.5696 -2516.0889 -2010.8368 1389.0656 3299.8992 3099.2888 79.86145 -986.0321 -2219.3022 -2253.9458 -1681.2195 -2506.32 -2494.638 -2483.56 -2472.4822 -2461.4043 -2450.5278 -2439.6514 -2428.9763 -2418.3013 -2407.8276 1922.113 3299.8992 3299.8992 3299.8992 3299.8992 3299.8992 3299.8992 3299.8992 3299.8992 3299.8992 3299.8992 3299.8992 -2141.757 -2598.3672 -2586.383 -2574.6 -2562.918 -2551.2358 -2539.7551 -2528.1738 -2516.8945 -1908.316 1815.2618 3299.8992 2868.2646 -38.47046 -1384.6344 -2364.3218 -2294.3298 -1784.0424 -2504.004 -2492.926 -2481.4453 -2470.2666 -2459.2896 -2448.413 -2437.6372 -2426.8616 -2416.388 -2405.713 1710.7269 3299.8992 3299.8992 3299.8992 3299.8992 3299.8992 3299.8992 3299.8992 3299.8992 3299.8992 3299.8992 2804.013 -2603.604 -2591.3176 -2579.3335 -2567.5505 -2555.8684 -2544.287 -2532.7056 -2521.3257 -2509.9456 -1471.2433 2326.355 3299.8992 2848.7273 295.6787 -1075.4608 -2063.91 -2089.389 -1763.1958 -2505.1116 -2493.933 -2482.3516 -2471.2737 -2460.2966 -2449.3193 -2438.5437 -2427.7678 -2417.1936 -2406.72 3299.8992 3299.8992 3299.8992 3299.8992 3299.8992 3299.8992 3299.8992 3299.8992 3299.8992 3299.8992 3299.8992 2721.231 -2610.0493 -2597.6624 -2585.678 -2573.8953 -2562.1123 -2550.531 -2539.151 -2527.6702 -2516.1895 -1642.4469 2265.1245 3299.8992 1949.3042 -590.7532 -2054.3425 -2347.8057 -2128.2622 -1679.2053 -2495.4436 -2484.3657 -2472.885 -2461.8071 -2451.0315 -2440.0542 -2429.48 -2418.805 -2408.2305 -2397.9583 3299.8992 3299.8992 3299.8992 3299.8992 3299.8992 3299.8992 3299.8992 3299.8992 3299.8992 3299.8992 3299.8992 2084.3535 -2599.777 -2587.4907 -2575.6072 -2563.7236 -2552.0415 -2540.5608 -2529.08 -2517.7002 -2506.32 -1087.5458 3245.114 3299.8992 2220.3093 -5.3375244 -1604.9835 -1861.3861 -1858.0627 -1669.0338 -2500.177 -2488.8977 -2477.417 -2466.339 -2455.3618 -2444.4854 -2433.7097 -2423.1353 -2412.3596 -2401.9866 3299.8992 3299.8992 3299.8992 3299.8992 3299.8992 3299.8992 3299.8992 3299.8992 3299.8992 3299.8992 3299.8992 1795.5231 -2601.892 -2589.7063 -2577.7222 -2565.9392 -2554.1565 -2542.575 -2531.195 -2519.7144 -2508.435 -1124.8077 3120.9412 3299.8992 1566.1102 -500.92163 
-199.70398 -1193.1885 -1712.2375 -1858.8684 -1584.4391 -562.1521 99.09668 414.31274 541.40625 830.0354 434.55505 -1655.2368 -3260.8245 -3245.819 -3231.015 -3216.6138 -3202.4138 -3188.214 -3174.3164 -3160.5193 -3146.9238 -3133.3281 -3120.1355 -3107.144 -3093.75 1376.3763 3299.8992 3299.8992 3299.8992 3299.8992 3299.8992 3299.8992 3299.8992 3299.8992 3299.8992 3299.8992 3299.8992 3299.8992 3299.8992 1352.6093 -401.42212 -1314.4409 -1781.9275 -1846.4813 -1605.487 -566.0797 70.69702 377.4536 589.444 976.36414 407.5653 -1981.2286 -3257.199 -3242.1936 -3227.4902 -3212.9883 -3198.8892 -3184.79 -3170.8923 -3157.0952 -3143.6003 -3130.1055 -3116.51 -3103.1157 -3090.4265 2013.6566 3299.8992 3299.8992 3299.8992 3299.8992 3299.8992 3299.8992 3299.8992 3299.8992 3299.8992 3299.8992 3299.8992 3299.8992 3299.8992 1324.9146 -484.80835 -1335.8917 -1784.4452 -1825.3326 -1560.8734 -452.7832 158.5144 500.11597 620.0592 939.6057 307.86438 -2056.0547 -3255.9905 -3240.985 -3226.6846 -3212.1826 -3198.0835 -3183.8835 -3169.9858 -3156.189 -3142.4927 -3129.0984 -3115.805 -3102.9143 -2951.3489 2798.877 3299.8992 3299.8992 3299.8992 3299.8992 3299.8992 3299.8992 3299.8992 3299.8992 3299.8992 3299.8992 3299.8992 3299.8992 3299.8992 1119.873 -507.9712 -1279.596 -1663.2935 -1775.7843 -1451.9073 -385.81238 266.7755 569.6045 670.5139 933.0597 173.11707 -2364.0198 -3258.1055 -3243.0999 -3228.598 -3213.9954 -3199.6948 -3185.5957 -3171.7986 -3158.1023 -3144.104 -3131.012 -3117.4163 -3104.0222 -2667.453 3299.8992 3299.8992 3299.8992 3299.8992 3299.8992 3299.8992 3299.8992 3299.8992 3299.8992 3299.8992 3299.8992 3299.8992 3299.8992 3176.4312 697.7051 -837.8906 -1523.3093 -1839.2303 -1878.0029 -1428.4424 -328.50952 255.59692 550.7721 714.82544 821.1731 -367.1814 -3228.7993 -3250.0488 -3235.2446 -3220.5413 -3206.2407 -3192.041 -3178.244 -3164.447 -3150.65 -3137.0544 -3123.5596 -3110.568 -3097.577 -2381.543 3299.8992 3299.8992 3299.8992 3299.8992 3299.8992 3299.8992 3299.8992 3299.8992 3299.8992 3299.8992 3299.8992 3299.8992 3299.8992 3144.406 796.90247 -601.93176 -1200.5402 -1620.5933 -1563.5925 -1098.0194 7.4523926 480.5786 738.89465 996.2036 1214.6393 107.15332 -2717.3035 -3261.8315 -3246.8262 -3232.1228 -3217.6208 -3203.3203 -3189.3218 -3175.3235 -3161.2244 
3299.8992 3299.8992 3299.8992 3299.8992 3299.8992 2165.8264 -3116.1072 -3100.6987 -3085.492 -3070.6877 -3056.0852 -3041.4824 -3027.2827 -3013.0828 -2999.0845 -2985.1868 -2971.591 -2957.9956 -2944.6013 -2931.2073 -2918.0144 -2904.9224 -2892.2332 -2879.0405 -2866.3513 -2270.3613 -1518.8782 -7.5531006 1543.0481 3299.8992 3299.8992 3299.8992 3299.8992 3299.8992 3299.8992 3299.8992 3299.8992 3299.8992 3299.8992 3299.8992 3299.8992 3299.8992 3299.8992 3299.8992 3299.8992 1633.2825 -3116.6106 -3101.303 -3086.0962 -3071.292 -3056.6895 -3042.288 -3027.9875 -3013.7878 -2999.7893 -2985.8916 -2972.1953 -2958.5999 -2945.105 -2931.8115 -2918.6187 -2905.5266 -2893.0388 -2879.8462 -2867.157 -1543.3502 -1008.18787 145.52307 1867.9321 3299.8992 3299.8992 3299.8992 3299.8992 3299.8992 3299.8992 3299.8992 3299.8992 3299.8992 3299.8992 3299.8992 3299.8992 3299.8992 3299.8992 3299.8992 3299.8992 754.303 -3120.4375 -3105.13 -3090.1245 -3075.2197 -3060.617 -3046.115 -3031.8145 -3017.7153 -3003.717 -2989.7185 -2976.0222 -2962.4268 -2948.932 -2935.5376 -2922.345 -2909.3535 -2896.6643 -2883.5723 -2870.7825 -2188.687 -1244.751 278.96118 1792.5018 3299.8992 3299.8992 3299.8992 3299.8992 3299.8992 3299.8992 3299.8992 3299.8992 3299.8992 3299.8992 3299.8992 3299.8992 3299.8992 3299.8992 3299.8992 3299.8992 600.824 -3119.934 -3104.6265 -3089.6208 -3074.6155 -3060.0127 -3045.6116 -3031.311 -3017.0105 -3003.1128 -2989.215 -2975.5188 -2961.923 -2948.3276 -2935.1348 -2921.9421 -2908.7493 -2895.5566 -2882.8674 -2870.1782 -2079.2175 -1240.9241 266.17126 1838.0219 3299.8992 3299.8992 3299.8992 3299.8992 3299.8992 3299.8992 3299.8992 3299.8992 3299.8992 3299.8992 3299.8992 3299.8992 3299.8992 3299.8992 3299.8992 3299.8992 148.04077 -3118.0205 -3102.713 -3087.7075 -3072.9033 -3058.2 -3043.7988 -3029.4983 -3015.3992 -3001.4006 -2987.503 -2973.8066 -2960.3118 -2946.7163 -2933.4229 -2920.23 -2907.138 -2893.9453 -2881.1553 -2868.6675 -1484.1339 -992.88025 281.5796 1995.5292 3299.8992 3299.8992 3299.8992 3299.8992 3299.8992 3299.8992 3299.8992 3299.8992 3299.8992 3299.8992 3299.8992 3299.8992 3299.8992 3299.8992 3299.8992 3299.8992 -863.26904 -3117.1143 -3101.8066 -3087.0024 -3072.1985 -3057.495 -3042.9932 -3028.7932 -3014.5935 -3000.6958 -2986.798 -2973.1018 -2959.506 -2946.112 -2932.7178 
-1269.4244 -1813.9526 -1935.6079 -1783.6395 -1353.0121 -260.73303 483.0963 583.6029 1263.5834 1625.4272 1488.7665 490.6494 -873.9441 3221.5483 3238.0645 3254.2786 3270.4924 3286.4043 3299.8992 -3282.376 -3266.9678 -3251.7607 -3236.3525 -3221.5483 -3149.0386 587.027 3299.8992 3299.8992 3299.8992 3299.8992 3299.8992 3299.8992 3291.742 3276.233 3260.623 3244.812 3229.1016 3213.2903 2501.2847 -217.73071 -1644.3604 -2060.9893 -2010.9375 -1817.981 -1432.4707 -303.33252 464.76746 592.0624 1332.7698 1717.9779 1640.0299 462.55188 -808.3832 3222.7568 3239.273 3255.5876 3271.6003 3287.5122 3299.8992 -3281.2683 -3265.7593 -3250.653 -3235.144 -3220.2393 -3091.333 617.94434 3299.8992 3299.8992 3299.8992 3299.8992 3299.8992 3299.8992 3292.3462 3276.9377 3261.3281 3245.6177 3229.8064 3214.1968 2466.5405 -256.604 -1571.2463 -1962.497 -1991.6016 -1784.7473 -1243.5425 -151.56555 498.80676 598.6084 1349.2859 1697.5342 1544.3573 327.20032 -1226.12 3224.8718 3241.388 3257.6018 3273.6145 3289.5264 3299.8992 -3279.4556 -3263.9465 -3248.7395 -3233.2305 -3218.527 -2666.5466 1758.4625 3299.8992 3299.8992 3299.8992 3299.8992 3299.8992 3299.8992 3287.4114 3271.9023 3256.192 3240.3809 3224.6704 3208.96 2086.0657 -552.9877 -1724.3225 -2088.5833 -2162.7043 -1950.6134 -1333.8776 -156.60095 514.2151 599.41406 1320.1813 1698.642 1374.3622 35.046387 -1508.8074 3230.1086 3246.6248 3262.8386 3278.7505 3294.5618 -3289.7278 -3274.3193 -3259.1125 -3243.805 -3228.9001 -3213.8945 -2687.8967 1606.3934 3299.8992 3299.8992 3299.8992 3299.8992 3299.8992 3299.8992 3292.749 3277.3406 3261.6301 3245.7183 3230.0078 3214.1968 1843.0573 -795.49255 -1850.4089 -2111.2427 -2091.403 -1896.0297 -1219.7754 -3.7261963 674.64294 817.6483 1436.8011 1701.7639 1202.8564 -336.16333 -1747.0825 3238.2659 3254.5806 3270.5933 3286.5051 3299.8992 -3282.074 -3266.6655 -3251.4587 -3236.1511 -3221.5483 -3206.3416 -2292.819 1982.7393 3299.8992 3299.8992 3299.8992 3299.8992 3299.8992 3299.8992 3296.7773 3281.369 3265.6584 3249.8474 3234.2375 3218.225 1938.9313 -419.04602 -1573.764 -1887.7716 -1921.106 -1749.8016 -1146.9635 1.4099121 534.5581 556.1096 1316.5558 1676.1841 1265.8997 -142.30042 -1830.9723 3237.2588 3253.473 3269.8882 3285.6995 3299.8992 -3283.081 -3267.4712 
3299.8992 3299.8992 3299.8992 3299.8992 3299.8992 2047.8973 -759.3384 -3001.9043 -2987.503 -2973.8066 -2960.0098 -2946.414 -2933.02 -2919.7266 -2906.735 -2893.744 -2880.8533 -2867.9626 -2855.374 -2842.6848 -2830.197 -2817.6086 -2805.3223 -2793.036 -2780.85 -2057.4646 -1462.381 -846.7529 -177.74963 686.3251 2329.074 3299.8992 3299.8992 3299.8992 3299.8992 3299.8992 3299.8992 3299.8992 3299.8992 3299.8992 3299.8992 3299.8992 3299.8992 3299.8992 3299.8992 1968.7408 -747.3541 -3002.4077 -2988.1072 -2974.2095 -2960.4126 -2947.0183 -2933.5234 -2920.5322 -2907.3394 -2894.2473 -2881.3567 -2868.6675 -2855.8777 -2843.1885 -2830.5999 -2818.3135 -2805.8257 -2793.5393 -2781.3538 -2095.3308 -1604.6814 -1028.128 -193.35938 591.2567 2459.793 3299.8992 3299.8992 3299.8992 3299.8992 3299.8992 3299.8992 3299.8992 3299.8992 3299.8992 3299.8992 3299.8992 3299.8992 3299.8992 3299.8992 1718.6829 -965.5884 -2999.0845 -2984.8845 -2970.8862 -2957.19 -2943.695 -2930.2002 -2917.1082 -2904.016 -2891.1255 -2878.134 -2865.3442 -2852.5542 -2839.9658 -2827.3772 -2815.0908 -2802.603 -2790.3167 -2678.0273 -1766.217 -1049.6796 -339.6881 311.38916 1171.2341 2861.9202 3299.8992 3299.8992 3299.8992 3299.8992 3299.8992 3299.8992 3299.8992 3299.8992 3299.8992 3299.8992 3299.8992 3299.8992 3299.8992 3299.8992 1456.7413 -1078.1799 -3007.141 -2992.9412 -2978.9429 -2965.2466 -2951.7517 -2938.2568 -2925.064 -2911.8713 -2898.9807 -2885.8887 -2873.0986 -2860.4094 -2847.821 -2835.2324 -2822.8455 -2810.3577 -2798.0713 -2782.965 -1943.9667 -1357.0404 -643.0206 95.47119 1059.3475 2972.3967 3299.8992 3299.8992 3299.8992 3299.8992 3299.8992 3299.8992 3299.8992 3299.8992 3299.8992 3299.8992 3299.8992 3299.8992 3299.8992 3299.8992 1230.3497 -1290.271 -3007.0403 -2992.9412 -2979.0435 -2965.2466 -2951.651 -2938.156 -2924.8625 -2912.0728 -2898.88 -2886.09 -2873.0986 -2860.4094 -2847.821 -2835.2324 -2822.7446 -2810.3577 -2798.1719 -2602.194 -1551.3062 -1175.3632 -515.3229 252.17285 1238.4064 3299.8992 3299.8992 3299.8992 3299.8992 3299.8992 3299.8992 3299.8992 3299.8992 3299.8992 3299.8992 3299.8992 3299.8992 3299.8992 3299.8992 3299.8992 817.5476 -1597.229 -3009.3567 -2995.2576 -2981.5613 -2967.6636 -2954.0679 -2940.7744 -2927.481 -2914.2883 -2901.2969 -2888.4062 -2875.6165 -2862.8264 -2850.238 

55.08728 55.08728 55.08728 55.08728 55.08728 55.08728 55.08728 55.08728 55.08728 55.08728 55.08728 55.08728 55.08728 55.08728 55.08728 55.08728 55.08728 55.08728 55.08728 55.08728 117.42554 90.03296 23.565674 -5.1361084 -0.20141602 -65.66162 -77.84729 -46.5271 -13.998413 11.380005 24.27063 14.602661 -24.572754 -12.387085 -20.040894 -46.224976 -97.68677 -86.8103 -67.8772 -54.18091 -19.940186 11.178589 9.063721 -0.60424805 -46.829224 -1.4099121 47.131348 58.007812 45.41931 50.857544 75.22888 101.61438 103.326416 75.93384 37.86621 -20.141602 -84.99756 -176.0376 -243.81409 -216.2201 -149.14856 -79.35791 -35.650635 -21.75293 -20.846558 -12.387085 20.74585 46.728516 68.481445 86.206055 120.043945 109.3689 110.57739 146.93298 142.40112 101.71509 90.33508 105.74341 57.20215 -26.486206 -58.914185 -47.131348 -35.147095 -28.29895 -57.907104 -22.558594 -2.9205322 -3.0212402 28.903198 31.219482 0.60424805 3.1219482 31.118774 64.05029 65.460205 50.656128 6.4453125 -35.751343 -39.074707 -3.5247803 -3.5247803 -3.5247803 -3.5247803 -3.5247803 -3.5247803 -3.5247803 -3.5247803 -3.5247803 -3.5247803 -3.5247803 -3.5247803 -3.5247803 -3.5247803 -3.5247803 -3.5247803 -3.5247803 -3.5247803 -3.5247803 -3.5247803 -3.5247803 50.05188 67.8772 76.638794 34.039307 -60.928345 -102.420044 -150.35706 -145.9259 -106.64978 -85.60181 -86.10535 -29.205322 47.332764 152.37122 243.00842 292.35535 299.80774 285.70862 282.8888 286.11145 242.807 131.12183 -72.9126 -254.0863 -323.67554 -352.37732 -349.15466 -315.8203 -252.47498 -145.62378 -22.860718 28.500366 32.83081 34.44214 -5.8410645 -50.958252 -68.38074 -36.85913 -9.265137 -3.5247803 -21.047974 -32.42798 23.464966 92.65137 107.958984 104.63562 43.90869 19.23523 2.1148682 -54.986572 -93.35632 -42.800903 -31.018066 -67.8772 -101.312256 -181.67725 -253.48206 -263.85498 -191.44592 -98.49243 -40.182495 -48.843384 -83.08411 -83.184814 -47.131348 -12.185669 38.36975 71.20056 80.06287 56.799316 45.41931 -5.1361084 -20.24231 -9.970093 2.1148682 19.940186 72.40906 152.87476 172.61353 181.1737 
113.1958 157.91016 174.32556 167.77954 198.39478 178.656 185.30273 197.99194 196.1792 178.95813 169.18945 131.82678 65.66162 31.82373 14.904785 18.22815 26.28479 10.171509 -56.396484 -172.00928 -269.69604 -304.74243 -305.85022 -307.15942 -300.81482 -242.60559 -176.64185 -75.93384 24.572754 108.966064 145.01953 186.41052 190.53955 114.505005 38.067627 -6.7474365 -19.033813 -20.846558 3.7261963 45.41931 49.346924 41.89453 34.744263 46.124268 93.15491 54.483032 25.27771 29.205322 45.217896 64.05029 68.58215 25.378418 -6.5460205 -1.6113281 -4.2297363 5.6396484 44.41223 67.27295 44.210815 -28.903198 -61.331177 -70.999146 -85.29968 -100.40588 -125.38147 -110.476685 -79.96216 -42.700195 -25.479126 -10.977173 9.063721 44.41223 63.64746 34.744263 17.019653 55.18799 108.56323 94.96765 115.512085 146.93298 163.04626 118.33191 38.87329 -8.258057 19.23523 -17.926025 -48.843384 -68.88428 -60.928345 -28.29895 -11.581421 -20.846558 -30.212402 -17.120361 1.6113281 12.387085 37.261963 66.76941 23.76709 -60.928345 -107.75757 -123.97156 -101.815796 -94.96765 -101.815796 -77.645874 -61.935425 -43.203735 -25.27771 -24.77417 -63.24463 -28.097534 5.2368164 1.6113281 -5.9417725 -2.0141602 9.466553 -1.1077881 46.5271 79.96216 54.986572 13.192749 -23.76709 -23.666382 18.22815 -20.443726 -20.24231 -21.24939 -43.304443 -44.210815 14.401245 4.9346924 1.6113281 4.5318604 80.76782 139.98413 137.96997 109.26819 46.92993 -31.32019 -61.6333 -60.22339 -59.014893 -70.999146 -61.331177 -27.593994 -13.494873 -14.904785 -14.602661 -54.483032 -106.04553 -69.488525 -39.276123 -48.641968 -46.92993 -24.673462 0.40283203 16.616821 40.283203 55.18799 106.448364 144.91882 144.31458 125.18005 119.74182 39.47754 29.205322 30.514526 62.036133 122.561646 158.01086 65.05737 -30.615234 -89.227295 -96.17615 -84.39331 -66.970825 -58.410645 -96.17615 -145.42236 -158.81653 -108.56323 -38.571167 -46.02356 -54.885864 -0.30212402 36.85913 47.232056 84.191895 68.58215 31.219482 30.917358 8.157349 4.1290283 35.247803 71.60339 89.02588 70.89844 68.481445 51.361084 
2758.493 2746.2065 2733.6182 2720.7275 643.32275 2730.194 2752.954 2774.1028 2794.1436 2813.5803 2832.4126 2850.8423 2869.0703 2886.8958 2904.6204 2922.0427 2939.264 2956.4849 2973.5046 2990.2222 -2409.8418 523.58093 2994.351 2980.1514 2966.0522 2951.1475 2935.5376 2920.8342 2892.2332 2638.147 2883.4717 2871.4873 2859.1003 2846.4111 2833.5205 2820.3276 2807.2356 2794.2444 2781.1523 2768.3623 2755.673 2742.8833 2730.597 2717.807 -473.0255 2730.0933 2752.7527 2773.9014 2794.043 2813.379 2832.1106 2850.6409 2868.869 2886.6943 2904.419 2921.7407 2939.0625 2956.2834 2973.3032 2990.1213 -2413.3667 519.754 2993.8477 2980.4534 2966.2537 2950.7446 2935.0342 2920.0286 2887.802 2895.4558 2883.0688 2870.984 2858.3953 2845.706 2832.5134 2819.522 2806.3293 2793.338 2780.3467 2767.456 2754.8674 2742.4805 2729.5898 2717.404 -1922.4152 2732.4097 2754.666 2775.714 2795.755 2814.9902 2833.722 2852.2522 2870.2788 2888.2048 2905.8289 2923.1506 2940.573 2957.6934 2974.7131 2991.632 -2361.502 524.588 2995.761 2981.5613 2967.3613 2950.241 2935.8398 2921.237 2744.3938 2897.47 2885.1836 2873.0986 2860.7117 2847.9216 2834.9304 2821.7375 2808.7463 2795.6543 2782.6628 2769.7722 2756.9824 2744.1924 2731.906 2719.2168 2716.5984 2737.6465 2759.9028 2780.6487 2800.4883 2819.8242 2838.455 2856.784 2874.8108 2892.636 2910.26 2927.6824 2944.9036 2962.024 2978.9429 2995.8618 -1660.4736 1333.8776 2992.035 2977.6335 2963.2324 2948.529 2932.5164 2917.6116 2811.0625 2893.2402 2881.0547 2868.7683 2856.381 2843.5913 2830.4993 2817.4072 2804.4158 2791.3237 2778.433 2765.5425 2752.8533 2740.0635 2727.4749 2715.088 2712.7715 2737.0422 2758.9966 2779.7424 2799.5818 2818.8171 2837.5488 2855.8777 2874.0051 2891.7297 2909.3535 2926.7761 2943.997 2961.1174 2978.1372 2994.9553 -1303.363 1750.2045 2987.201 2973.706 2959.3047 2943.695 2927.481 2912.0728 2642.6787 2889.4133 2877.2278 2865.1428 2852.655 2839.9658 2826.8738 2813.7817 2800.6897 2787.6982 2774.707 2762.0178 
-2159.1797 -2154.3457 -2067.2332 -2004.6936 -2489.099 -2478.2227 -2466.9434 -2455.8655 -2444.989 -2434.2131 -2423.538 -2412.9639 -2402.3894 -1912.6465 3299.8992 3299.8992 3299.8992 3299.8992 3299.8992 3299.8992 3299.8992 3299.8992 3299.8992 3299.8992 3299.8992 1399.4385 -2595.7488 -2583.5632 -2571.5789 -2559.8967 -2548.2146 -2536.734 -2525.1526 -2513.8733 -2502.4932 -586.4227 3299.8992 3299.8992 1607.5012 -313.80615 -1926.2421 -1823.3185 -1733.3862 -1832.5836 -2493.1274 -2482.1501 -2470.7703 -2459.6924 -2448.816 -2437.9395 -2427.1636 -2416.4885 -2406.015 -1617.4713 3299.8992 3299.8992 3299.8992 3299.8992 3299.8992 3299.8992 3299.8992 3299.8992 3299.8992 3299.8992 3299.8992 698.81287 -2597.36 -2585.2751 -2573.291 -2561.508 -2549.9268 -2538.3452 -2526.8645 -2515.4846 -2504.2053 -423.7793 3299.8992 3299.8992 1450.4974 -299.70703 -2049.8108 -1828.8574 -1542.6453 -1714.3524 -2497.055 -2485.4736 -2474.3958 -2463.4185 -2452.4414 -2441.6655 -2430.9905 -2420.2148 -2409.439 -1677.594 3299.8992 3299.8992 3299.8992 3299.8992 3299.8992 3299.8992 3299.8992 3299.8992 3299.8992 3299.8992 3299.8992 -422.77222 -2594.7417 -2582.6567 -2570.7732 -2559.091 -2547.3083 -2535.8276 -2524.5483 -2513.0676 -2501.7883 -205.54504 3299.8992 3299.8992 1653.9276 -31.521606 -1823.5199 -1563.794 -1023.09265 -1411.2213 -2505.1116 -2493.933 -2482.4524 -2471.2737 -2460.1958 -2449.3193 -2438.4429 -2427.7678 -2417.0928 -465.4724 3299.8992 3299.8992 3299.8992 3299.8992 3299.8992 3299.8992 3299.8992 3299.8992 3299.8992 3299.8992 3299.8992 -731.8451 -2605.2153 -2593.1304 -2581.2468 -2569.464 -2557.9834 -2546.4019 -2534.9211 -2523.4404 -2501.184 289.63623 3299.8992 3299.8992 1527.0355 -105.13916 -1985.0555 -1811.9385 -1595.8191 -2100.769 -2511.8591 -2500.2776 -2489.3005 -2478.1218 -2467.044 -2456.067 -2445.291 -2434.5154 -2423.8403 -106.8512 3299.8992 3299.8992 3299.8992 3299.8992 3299.8992 3299.8992 3299.8992 3299.8992 3299.8992 3299.8992 3299.8992 -1163.5803 -2610.6536 -2598.5686 -2586.685 -2574.9023 -2563.2202 -2551.84 -2540.2588 -2528.8787 -2419.107 760.5469 3299.8992 3299.8992 822.07947 -679.77905 
-3147.83 -3134.3352 -3120.7397 -3107.3455 -2048.8037 3299.8992 3299.8992 3299.8992 3299.8992 3299.8992 3299.8992 3299.8992 3299.8992 3299.8992 3299.8992 3299.8992 3299.8992 3299.8992 2951.7517 560.7422 -883.1085 -1477.2858 -1746.4783 -1659.0637 -1041.6229 -54.986572 353.78723 618.9514 844.8395 894.4885 -416.1255 -3255.1848 -3261.5295 -3246.6248 -3231.6191 -3217.218 -3203.2195 -3189.1204 -3175.2227 -3161.5264 -3147.83 -3134.3352 -3120.7397 -3107.7483 -1652.6184 3299.8992 3299.8992 3299.8992 3299.8992 3299.8992 3299.8992 3299.8992 3299.8992 3299.8992 3299.8992 3299.8992 3299.8992 3299.8992 2783.1665 388.33008 -830.74036 -1425.6226 -1666.6168 -1548.0835 -817.84973 92.248535 479.068 742.52014 947.2595 776.8616 -795.7947 -3278.7505 -3263.5437 -3248.538 -3233.9355 -3219.3328 -3205.2336 -3191.1345 -3177.2368 -3163.339 -3149.6428 -3136.148 -3122.653 -3109.3596 -1160.7605 3299.8992 3299.8992 3299.8992 3299.8992 3299.8992 3299.8992 3299.8992 3299.8992 3299.8992 3299.8992 3299.8992 3299.8992 3299.8992 2772.7935 519.85474 -728.0182 -1314.0381 -1736.8103 -1653.122 -773.94104 67.474365 423.7793 733.75854 996.0022 985.22644 -465.77454 -3208.96 -3271.701 -3256.7961 -3242.0928 -3227.4902 -3212.8875 -3198.9897 -3184.8906 -3171.0938 -3157.3975 -3143.7012 -3130.307 -3116.812 -431.03027 3299.8992 3299.8992 3299.8992 3299.8992 3299.8992 3299.8992 3299.8992 3299.8992 3299.8992 3299.8992 3299.8992 3299.8992 3299.8992 2189.795 -122.25952 -1146.0571 -1570.2393 -1925.1343 -1879.5135 -879.3823 -71.90552 382.79114 587.5305 779.8828 675.4486 -1061.8652 -3279.657 -3264.45 -3249.5452 -3234.9426 -3220.5413 -3206.3416 -3192.1416 -3178.244 -3164.447 -3150.8513 -3137.3564 -3123.6602 -3110.3667 128.10059 3299.8992 3299.8992 3299.8992 3299.8992 3299.8992 3299.8992 3299.8992 3299.8992 3299.8992 3299.8992 3299.8992 3299.8992 3299.8992 1980.423 -191.44592 -1248.2758 -1704.5837 -1946.1823 -1825.2319 -973.1415 -223.8739 185.20203 327.90527 506.7627 366.0736 -1530.0568 -3265.3564 -3250.3508 -3235.6475 -3221.1455 -3206.845 -3192.7458 -3178.8481 -3165.0513 -3151.2542 
-2919.6257 -2906.5337 -2893.9453 -2880.8533 -2868.0632 -1948.5992 -820.46814 701.22986 2503.3997 3299.8992 3299.8992 3299.8992 3299.8992 3299.8992 3299.8992 3299.8992 3299.8992 3299.8992 3299.8992 3299.8992 3299.8992 3299.8992 3299.8992 3299.8992 3299.8992 -1199.1302 -3118.1213 -3102.713 -3087.7075 -3073.0042 -3058.4014 -3044.0002 -3029.6997 -3015.4998 -3001.5015 -2987.8052 -2973.9075 -2960.3118 -2946.817 -2933.5234 -2920.4314 -2907.3394 -2894.5496 -2881.558 -2665.8416 -1452.9144 -487.32605 849.47205 2452.542 3299.8992 3299.8992 3299.8992 3299.8992 3299.8992 3299.8992 3299.8992 3299.8992 3299.8992 3299.8992 3299.8992 3299.8992 3299.8992 3299.8992 3299.8992 3299.8992 -1990.8966 -3120.337 -3105.2307 -3090.1245 -3075.4211 -3060.7178 -3046.3164 -3032.0159 -3017.9167 -3003.8176 -2990.0208 -2976.3245 -2962.7288 -2949.234 -2935.8398 -2922.647 -2909.555 -2896.3623 -2883.673 -2729.2876 -1590.5823 -862.26196 543.6218 2509.3413 3299.8992 3299.8992 3299.8992 3299.8992 3299.8992 3299.8992 3299.8992 3299.8992 3299.8992 3299.8992 3299.8992 3299.8992 3299.8992 3299.8992 3299.8992 3276.7363 -2822.3418 -3115.2007 -3099.893 -3085.089 -3070.285 -3055.783 -3041.3818 -3027.0813 -3012.9822 -2999.0845 -2985.1868 -2971.591 -2957.9956 -2944.5007 -2931.3079 -2918.0144 -2905.1238 -2891.9312 -2879.242 -2776.7212 -2105.0994 -793.1763 668.60046 2417.7979 3299.8992 3299.8992 3299.8992 3299.8992 3299.8992 3299.8992 3299.8992 3299.8992 3299.8992 3299.8992 3299.8992 3299.8992 3299.8992 3299.8992 3299.8992 2918.6187 -3121.2432 -3105.7341 -3090.628 -3075.824 -3061.0198 -3046.6187 -3032.2173 -3018.1182 -3004.019 -2990.1213 -2976.3245 -2962.7288 -2949.234 -2935.8398 -2922.647 -2909.555 -2896.463 -2884.076 -2870.984 -2634.9243 -1906.9061 -616.93726 782.80334 2579.535 3299.8992 3299.8992 3299.8992 3299.8992 3299.8992 3299.8992 3299.8992 3299.8992 3299.8992 3299.8992 3299.8992 3299.8992 3299.8992 3299.8992 3299.8992 2728.5828 -3115.9058 -3100.3967 -3085.2905 -3070.4863 -3055.783 -3041.281 -3026.9805 -3012.7808 -2998.7822 -2984.8845 -2971.1882 -2957.6934 -2944.1985 -2930.8044 -2917.6116 
-3252.365 -3237.1582 -3222.4548 -3207.2478 -1921.3074 2641.1682 3299.8992 3299.8992 3299.8992 3299.8992 3299.8992 3299.8992 3292.4468 3276.8372 3261.026 3245.4163 3229.605 3210.5713 1290.976 -1063.3759 -1909.9274 -2030.777 -2076.4983 -1709.4177 -861.05347 231.82983 799.01733 738.79395 1419.7815 1627.0386 1068.0084 -420.65735 -2418.805 3241.287 3257.6018 3273.816 3289.7278 3299.8992 -3279.1533 -3263.745 -3248.4375 -3233.13 -3218.527 -3203.3203 -1601.1566 2872.293 3299.8992 3299.8992 3299.8992 3299.8992 3299.8992 3299.8992 3294.058 3278.4485 3262.738 3246.9268 3231.1157 3211.679 1316.7572 -849.1699 -1661.2793 -1880.8228 -1897.5403 -1541.4368 -653.19214 365.8722 815.33203 813.8214 1410.4156 1580.31 772.63184 -821.67664 -2757.6873 3241.1865 3257.5012 3273.5137 3289.5264 3299.8992 -3279.3547 -3263.8457 -3248.538 -3233.5327 -3218.225 -3203.5217 -1213.6322 3085.9954 3299.8992 3299.8992 3299.8992 3299.8992 3299.8992 3299.8992 3291.339 3275.6287 3259.9182 3244.2078 3228.3965 3177.7405 872.4335 -1181.607 -1916.1713 -2072.9736 -1965.921 -1585.3455 -464.56604 556.61316 1066.1957 1054.6143 1688.5712 1796.4294 1113.0249 -449.86267 -2846.5117 3235.446 3251.8616 3267.9749 3283.8867 3299.6978 -3284.6924 -3269.1833 -3253.8757 -3238.7695 -3223.462 -3208.96 -900.7324 3299.8992 3299.8992 3299.8992 3299.8992 3299.8992 3299.8992 3299.4963 3284.0881 3268.4783 3252.7678 3236.9568 3221.2463 3094.6562 628.8208 -1320.9869 -2016.4764 -2158.1726 -2107.4158 -1592.0929 -482.9956 444.32373 975.7599 1039.2059 1686.2549 1788.1714 916.5436 -594.8822 -3239.1724 3235.9497 3252.2644 3268.4783 3284.3901 3299.8992 -3284.2896 -3268.881 -3253.5735 -3238.4673 -3223.1597 -3208.5571 -526.6022 3299.8992 3299.8992 3299.8992 3299.8992 3299.8992 3299.8992 3296.9788 3281.5703 3265.9607 3250.2502 3234.5398 3218.8293 2982.7698 355.59998 -1475.6744 -2183.7524 -2273.3826 -2135.614 -1671.7529 -449.76196 425.79346 934.3689 947.2595 1615.7593 1765.1093 793.5791 -672.7295 3224.1667 3240.7837 3257.0984 3272.9094 3288.8213 3299.8992 -3280.0598 -3264.5508 
-2837.8508 -2825.1616 -2812.8752 -2800.5889 -2722.1375 -2075.3906 -1418.6737 -661.3495 143.60962 1229.3427 3265.0542 3299.8992 3299.8992 3299.8992 3299.8992 3299.8992 3299.8992 3299.8992 3299.8992 3299.8992 3299.8992 3299.8992 3299.8992 3299.8992 3299.8992 773.5382 -1694.1101 -3005.6304 -2991.632 -2977.6335 -2963.8367 -2950.4424 -2937.0483 -2923.755 -2910.6628 -2897.6714 -2884.7808 -2871.991 -2859.3018 -2846.6125 -2834.024 -2821.7375 -2809.2498 -2797.0642 -2550.833 -1702.066 -1126.7212 -420.0531 337.87537 1360.4645 3299.8992 3299.8992 3299.8992 3299.8992 3299.8992 3299.8992 3299.8992 3299.8992 3299.8992 3299.8992 3299.8992 3299.8992 3299.8992 3299.8992 3264.45 426.59912 -2065.924 -3004.6233 -2990.625 -2976.6265 -2963.031 -2949.5361 -2936.1418 -2922.9492 -2909.8572 -2896.8657 -2883.975 -2871.1853 -2858.496 -2845.9075 -2833.319 -2820.932 -2808.545 -2796.2585 -2467.5476 -1705.7922 -1191.5771 -501.828 397.89734 1642.0441 3299.8992 3299.8992 3299.8992 3299.8992 3299.8992 3299.8992 3299.8992 3299.8992 3299.8992 3299.8992 3299.8992 3299.8992 3299.8992 3299.8992 3083.075 211.68823 -2241.9617 -3003.4148 -2989.3157 -2975.5188 -2961.8225 -2948.3276 -2935.0342 -2921.8413 -2908.6487 -2895.6572 -2882.7666 -2870.0774 -2857.2876 -2844.7998 -2832.312 -2819.8242 -2807.3364 -2795.05 -2505.5144 -1952.9297 -1302.2552 -570.7123 268.48755 1538.8184 3299.8992 3299.8992 3299.8992 3299.8992 3299.8992 3299.8992 3299.8992 3299.8992 3299.8992 3299.8992 3299.8992 3299.8992 3299.8992 3299.8992 2770.276 -53.979492 -2455.966 -2996.466 -2982.367 -2968.5698 -2954.9744 -2941.58 -2928.186 -2915.1946 -2902.002 -2889.1113 -2876.2207 -2863.5315 -2850.8423 -2838.2537 -2825.7659 -2813.278 -2800.9917 -2788.7053 -2150.9216 -1572.6562 -865.5853 -154.28467 636.0718 2012.4481 3299.8992 3299.8992 3299.8992 3299.8992 3299.8992 3299.8992 3299.8992 3299.8992 3299.8992 3299.8992 3299.8992 3299.8992 3299.8992 3299.8992 2569.2627 -275.5371 -2639.7583 -2998.7822 -2984.784 -2970.9868 -2957.2905 -2943.7957 -2930.5022 -2917.3096 -2904.2175 -2891.226 -2878.4363 -2865.747 -2853.0579 -2840.4692 

184.7992 169.59229 157.10449 124.67651 72.61047 93.96057 100.50659 58.007812 -12.084961 -136.25793 -186.00769 -137.66785 -116.015625 -141.39404 -146.32874 -130.92041 -134.34448 -163.5498 -167.37671 -115.61279 -61.12976 -17.926025 14.804077 47.131348 78.048706 81.37207 77.24304 60.324097 53.57666 62.23755 123.87085 128.70483 121.75598 117.92908 106.34766 88.82446 52.166748 9.365845 -37.46338 -57.403564 -40.686035 -14.199829 -7.9559326 -0.60424805 16.415405 41.89453 33.535767 20.343018 29.406738 45.117188 67.8772 107.455444 134.34448 147.83936 81.06995 15.005493 -20.24231 -39.98108 -51.965332 -47.232056 -38.571167 -60.324097 -97.08252 -116.11633 -137.0636 -129.6112 -83.78906 -44.311523 -26.184082 16.21399 51.159668 29.003906 -2.1148682 -9.365845 -10.775757 21.954346 65.15808 67.67578 76.135254 105.6427 144.01245 116.41846 86.206055 50.05188 38.168335 50.253296 93.45703 143.10608 117.62695 15.307617 -133.03528 -162.34131 -173.31848 -203.02734 -256.10046 -225.38452 -171.20361 -194.56787 -211.58752 -160.22644 -160.22644 -160.22644 -160.22644 -160.22644 -160.22644 -160.22644 -160.22644 -160.22644 -160.22644 -160.22644 -160.22644 -160.22644 -160.22644 -160.22644 -160.22644 -160.22644 -160.22644 -160.22644 -160.22644 -160.22644 -61.532593 -61.029053 -28.701782 -52.972412 -77.84729 -88.82446 -92.34924 -125.28076 -132.53174 -148.4436 -163.5498 -80.06287 -40.283203 -34.34143 19.134521 76.135254 89.328 37.46338 57.302856 65.66162 61.935425 63.74817 39.37683 50.454712 52.770996 49.749756 42.39807 36.657715 30.917358 89.730835 163.14697 161.93848 159.01794 166.87317 144.11316 131.42395 148.94714 129.6112 91.8457 72.81189 69.79065 52.468872 19.134521 -31.420898 -3.5247803 30.413818 23.062134 61.6333 56.396484 10.070801 -20.443726 32.226562 37.96692 47.53418 41.4917 -39.98108 -156.80237 -268.48755 -285.4065 -235.65674 -162.74414 -103.22571 -69.992065 -43.807983 -51.05896 -85.80322 -77.84729 -53.07312 -20.141602 8.963013 12.991333 -46.829224 -51.159668 -3.5247803 53.778076 111.483765 157.40662 180.26733 171.40503 154.58679 
26.28479 18.933105 14.602661 55.792236 88.62305 29.30603 -10.171509 -29.003906 -52.770996 -69.992065 -73.71826 -113.39722 -103.72925 -93.96057 -73.41614 -51.965332 -13.998413 -4.2297363 -37.765503 -102.11792 -128.302 -132.0282 -136.45935 -101.01013 -68.58215 -42.90161 -19.033813 16.012573 23.968506 29.507446 -28.701782 -31.420898 -19.839478 23.76709 64.453125 64.85596 36.254883 25.479126 52.56958 66.87012 70.19348 97.48535 114.001465 144.7174 150.45776 110.27527 91.241455 101.21155 94.46411 82.681274 86.10535 34.744263 -1.3092041 -27.593994 -17.019653 -4.9346924 10.070801 7.5531006 -47.03064 -62.23755 -48.742676 -26.78833 -31.622314 -38.47046 -0.80566406 17.825317 -15.710449 -50.05188 -72.9126 -93.85986 -101.312256 -25.479126 -0.80566406 1.2084961 -14.602661 -31.32019 -69.38782 -105.944824 -75.128174 -37.36267 -5.5389404 7.2509766 -14.501953 22.659302 74.020386 63.24463 21.551514 -21.954346 -41.99524 -6.7474365 31.622314 27.79541 39.276123 34.94568 48.742676 70.89844 80.26428 76.94092 13.192749 -51.864624 -83.38623 -81.170654 -57.60498 -39.678955 -28.097534 3.8269043 19.23523 -3.9276123 -39.779663 -71.90552 -89.12659 -62.74109 -55.59082 -13.293457 12.789917 12.689209 -3.0212402 4.4311523 20.74585 56.295776 49.850464 45.620728 39.578247 76.638794 77.84729 54.382324 49.850464 62.338257 71.502686 55.59082 18.530273 -73.71826 -125.38147 -160.52856 -164.85901 -144.7174 -90.5365 -10.977173 -10.977173 -28.097534 -8.963013 20.141602 -10.574341 -35.34851 20.141602 67.57507 100.6073 66.87012 -28.601074 -103.930664 -122.66235 -60.525513 -1.8127441 43.606567 66.467285 64.85596 38.772583 20.040894 68.58215 130.21545 107.958984 72.40906 41.088867 70.69702 63.848877 33.9386 27.996826 17.72461 -7.8552246 1.6113281 21.652222 5.1361084 19.638062 15.408325 20.24231 16.616821 10.070801 29.507446 42.90161 45.721436 61.834717 59.417725 53.274536 32.125854 7.8552246 -8.056641 -32.629395 -46.728516 -43.203735 -58.61206 -86.709595 -41.99524 -77.44446 -131.32324 -173.41919 -174.32556 -172.10999 -141.79688 -128.70483 -101.01013 
2749.3286 2737.0422 2724.1516 2711.7644 2712.268 2736.5386 2758.3923 2779.3396 2799.0784 2818.3135 2836.9446 2855.374 2873.3 2891.1255 2908.7493 2926.1719 2943.3928 2960.614 2977.4321 2994.452 -1335.4889 1685.4492 2987.503 2973.2024 2958.8013 2941.58 2926.6753 2910.9648 2537.1367 2889.8162 2877.832 2865.6462 2853.2593 2840.3687 2827.3772 2814.1846 2801.193 2788.202 2775.3113 2762.5212 2749.832 2737.0422 2724.8564 2711.563 2715.4907 2739.6606 2761.7156 2782.3608 2802.2002 2821.2341 2839.9658 2858.2947 2876.3213 2894.046 2911.67 2929.0923 2946.2126 2963.2324 2980.252 3033.2244 -1243.4418 1766.217 2988.208 2974.7131 2960.3118 2945.3064 2928.9917 2913.4827 2640.2617 2890.219 2878.134 2865.9485 2853.4607 2840.57 2827.478 2814.386 2801.193 2788.202 2775.3113 2762.622 2749.9329 2737.6465 2724.655 2711.9658 2719.6196 2743.0847 2764.6362 2785.1807 2804.9194 2823.7517 2842.5842 2860.7117 2878.7383 2896.5637 2913.986 2931.3079 2948.529 2965.6494 2982.5684 -3292.2454 -617.5415 2365.8325 2984.683 2971.0876 2956.6863 2941.681 2924.8625 2909.0515 2622.537 2886.6943 2874.71 2862.4236 2849.9358 2837.0452 2824.054 2810.7605 2797.769 2784.7778 2771.9878 2759.0972 2746.5088 2734.323 2721.3318 2708.4412 2719.0154 2742.3796 2763.9312 2784.4756 2804.3152 2823.2483 2841.7786 2860.0066 2878.0334 2895.758 2913.3818 2930.7036 2947.9248 2964.9443 2981.964 3147.0244 -1066.095 1913.6536 2988.9128 2974.6123 2959.4055 2944.2993 2928.7903 2910.0586 2453.549 2891.327 2879.4434 2867.157 2854.5684 2841.6777 2828.5857 2815.4937 2802.4016 2789.3096 2776.5198 2763.6292 2751.0405 2738.15 2725.9644 2647.3113 2726.5686 2749.6306 2771.0815 2791.4246 2810.861 2829.7942 2848.3245 2866.452 2884.4788 2902.1025 2919.6257 2936.9475 2954.1687 2971.1882 2988.1072 -2998.9836 -192.05017 2872.6958 2985.4888 2971.7925 2957.2905 2942.2852 2926.7761 2910.6628 2543.3806 2887.7014 2875.717 2863.33 2850.8423 2837.9517 2824.7588 2811.6667 2798.5747 2785.5835 2772.6929 2759.9028 
-2397.7568 -2060.385 -1540.8325 -2205.8074 -2509.9456 -2498.3643 -2487.387 -2476.309 -2465.332 -2454.4556 -2443.6797 -2432.904 -2422.229 728.1189 3299.8992 3299.8992 3299.8992 3299.8992 3299.8992 3299.8992 3299.8992 3299.8992 3299.8992 3299.8992 3299.8992 -1371.7438 -2610.9558 -2598.8708 -2586.9873 -2575.2043 -2563.5222 -2552.0415 -2540.5608 -2529.08 -2196.0388 1206.1798 3299.8992 3299.8992 738.1897 -446.84143 -2018.692 -1848.7976 -1575.8789 -2528.073 -2516.4917 -2504.8096 -2493.7317 -2482.553 -2471.576 -2460.5986 -2449.7222 -2439.047 -2428.2715 1308.7006 3299.8992 3299.8992 3299.8992 3299.8992 3299.8992 3299.8992 3299.8992 3299.8992 3299.8992 3299.8992 3299.8992 -1719.9921 -2616.7969 -2604.712 -2592.8284 -2581.0454 -2569.3633 -2557.8826 -2546.4019 -2534.9211 -2015.6708 1487.558 3299.8992 3015.6006 -75.531006 -1165.2924 -2366.1345 -2009.4269 -1688.5712 -2524.0447 -2512.4634 -2500.8818 -2490.0054 -2478.9275 -2467.8496 -2456.9731 -2446.0967 -2435.4216 -2424.7466 2193.8232 3299.8992 3299.8992 3299.8992 3299.8992 3299.8992 3299.8992 3299.8992 3299.8992 3299.8992 3299.8992 3253.5735 -2428.1707 -2612.8691 -2600.7842 -2589.0015 -2577.3193 -2565.5364 -2554.1565 -2542.4744 -2531.195 -1795.7245 1806.8024 3299.8992 2530.2886 -202.62451 -1183.1177 -1920.7031 -1703.1738 -1402.8625 -2523.8433 -2512.3625 -2501.2847 -2489.804 -2478.726 -2467.6482 -2456.7717 -2445.996 -2435.2202 -2424.646 1878.9093 3299.8992 3299.8992 3299.8992 3299.8992 3299.8992 3299.8992 3299.8992 3299.8992 3299.8992 3299.8992 2714.5842 -2620.4224 -2608.2366 -2596.2524 -2584.4695 -2572.7874 -2561.1052 -2549.524 -2538.1438 -2526.663 -1598.1354 2175.293 3299.8992 2169.9553 -459.42993 -1605.1849 -2073.3765 -1685.7513 -1546.6736 -2513.7725 -2502.2917 -2490.9119 -2479.834 -2468.8567 -2457.9802 -2447.1038 -2436.4287 -2425.7537 -2415.1794 3299.8992 3299.8992 3299.8992 3299.8992 3299.8992 3299.8992 3299.8992 3299.8992 3299.8992 3299.8992 3299.8992 2649.5269 -2617.804 -2605.5176 -2593.5332 -2581.6497 -2570.0684 -2558.3862 -2546.9055 -2535.4248 -2524.0447 -1315.5487 2748.7244 3299.8992 2341.159 -59.71985 -1768.0298 
-3137.9607 -3124.4658 -3111.2732 -3098.3826 698.0072 3299.8992 3299.8992 3299.8992 3299.8992 3299.8992 3299.8992 3299.8992 3299.8992 3299.8992 3299.8992 3299.8992 3299.8992 3299.8992 1944.6716 -52.871704 -1040.0116 -1419.7815 -1513.0371 -1473.056 -470.91064 278.86047 621.87195 738.4918 870.0165 679.3762 -1439.4196 -3274.2188 -3259.314 -3244.5098 -3229.8064 -3215.4053 -3201.3062 -3187.1062 -3173.3093 -3159.5122 -3145.816 -3132.4219 -3118.8262 -3105.5327 1105.9753 3299.8992 3299.8992 3299.8992 3299.8992 3299.8992 3299.8992 3299.8992 3299.8992 3299.8992 3299.8992 3299.8992 3299.8992 3299.8992 1587.3596 -336.969 -1181.0028 -1544.458 -1678.6011 -1527.8412 -623.18115 94.766235 402.4292 712.7106 966.8976 650.67444 -1628.7506 -3275.0244 -3259.9182 -3245.114 -3230.5115 -3216.11 -3201.9104 -3187.8113 -3173.9136 -3160.2173 -3146.6216 -3133.1267 -3119.5312 -3106.6406 1803.5797 3299.8992 3299.8992 3299.8992 3299.8992 3299.8992 3299.8992 3299.8992 3299.8992 3299.8992 3299.8992 3299.8992 3299.8992 3297.2808 1214.74 -568.1946 -1490.8813 -1857.7606 -2053.2349 -1902.0721 -834.56726 -108.76465 313.70544 575.44556 878.37524 437.677 -2067.2332 -3263.04 -3248.1353 -3233.3313 -3218.93 -3204.6294 -3190.5303 -3176.6326 -3162.8357 -3149.1394 -3135.745 -3122.351 -3108.9568 -3064.5447 2109.6313 3299.8992 3299.8992 3299.8992 3299.8992 3299.8992 3299.8992 3299.8992 3299.8992 3299.8992 3299.8992 3299.8992 3299.8992 3299.8992 1404.2725 -282.48596 -1104.4647 -1489.1693 -1610.4218 -1387.9578 -335.9619 310.07996 710.99854 831.0425 934.1675 410.38513 -2177.5085 -3270.7947 -3255.6885 -3240.985 -3226.3823 -3211.9812 -3197.882 -3183.5815 -3169.7844 -3156.189 -3142.694 -3129.1992 -3115.7043 -2872.8972 3003.2134 3299.8992 3299.8992 3299.8992 3299.8992 3299.8992 3299.8992 3299.8992 3299.8992 3299.8992 3299.8992 3299.8992 3299.8992 3199.594 696.7987 -900.6317 -1662.9913 -1978.5095 -2053.2349 -1747.8882 -647.4518 -72.61047 266.5741 533.3496 816.74194 162.03918 -2462.0085 -3255.9905 -3240.985 -3226.3823 -3212.0818 -3197.882 -3183.8835 -3169.8853 -3156.189 -3142.694 
-2904.5195 -2891.629 -2879.141 -2866.2505 -2300.5737 -1723.4161 -586.62415 971.73157 2819.522 3299.8992 3299.8992 3299.8992 3299.8992 3299.8992 3299.8992 3299.8992 3299.8992 3299.8992 3299.8992 3299.8992 3299.8992 3299.8992 3299.8992 3299.8992 2437.5366 -3112.985 -3097.3755 -3082.4707 -3067.566 -3053.064 -3038.6626 -3024.2615 -3010.1624 -2996.0632 -2982.266 -2968.5698 -2954.9744 -2941.58 -2928.2866 -2915.094 -2902.002 -2889.1113 -2876.2207 -2863.5315 -2475.9062 -1804.6875 -473.42834 1206.8848 2926.7761 3299.8992 3299.8992 3299.8992 3299.8992 3299.8992 3299.8992 3299.8992 3299.8992 3299.8992 3299.8992 3299.8992 3299.8992 3299.8992 3299.8992 3299.8992 2146.994 -3109.7625 -3094.3542 -3079.3486 -3064.5447 -3049.8413 -3035.3394 -3021.2402 -3007.0403 -2993.042 -2979.2449 -2965.6494 -2952.0537 -2938.6597 -2925.2654 -2912.2742 -2899.1821 -2886.2915 -2873.3 -2860.7117 -2121.515 -1446.6705 -74.82605 1488.8672 3291.339 3299.8992 3299.8992 3299.8992 3299.8992 3299.8992 3299.8992 3299.8992 3299.8992 3299.8992 3299.8992 3299.8992 3299.8992 3299.8992 3299.8992 3299.8992 1411.8256 -3109.4604 -3093.9514 -3079.0466 -3064.2424 -3049.7405 -3035.2385 -3020.938 -3006.8389 -2992.9412 -2979.0435 -2965.448 -2951.8523 -2938.4583 -2925.1648 -2912.0728 -2899.0813 -2886.09 -2873.6023 -2860.913 -1687.1613 -1174.4568 -124.77722 1563.089 3299.8992 3299.8992 3299.8992 3299.8992 3299.8992 3299.8992 3299.8992 3299.8992 3299.8992 3299.8992 3299.8992 3299.8992 3299.8992 3299.8992 3299.8992 3299.8992 797.2046 -3110.7695 -3095.462 -3080.4565 -3065.6523 -3051.0498 -3036.6484 -3022.348 -3008.3496 -2994.351 -2980.4534 -2966.757 -2953.2622 -2939.8682 -2926.5747 -2913.4827 -2900.4912 -2887.3992 -2875.0122 -2862.1216 -2139.441 -1264.6912 128.60413 1802.3712 3299.8992 3299.8992 3299.8992 3299.8992 3299.8992 3299.8992 3299.8992 3299.8992 3299.8992 3299.8992 3299.8992 3299.8992 3299.8992 3299.8992 3299.8992 3299.8992 329.91943 -3109.259 -3093.9514 -3079.0466 -3064.2424 -3049.64 -3035.138 -3020.938 -3006.8389 -2992.9412 -2979.1443 -2965.448 -2951.8523 -2938.4583 -2925.2654 -2912.0728 
-3249.0417 -3234.0361 -3218.93 -3204.2266 -266.37268 3299.8992 3299.8992 3299.8992 3299.8992 3299.8992 3299.8992 3299.4963 3284.0881 3268.4783 3252.6672 3236.9568 3221.045 2742.682 -34.039307 -1670.5444 -2054.6448 -2022.821 -1831.073 -1426.2268 -271.5088 604.6509 1017.6544 1057.7362 1743.0542 1778.9062 754.303 -737.1826 3223.6633 3240.28 3256.3933 3272.708 3288.4185 3299.8992 -3280.1604 -3264.9536 -3249.4446 -3234.3384 -3219.7356 -3204.6294 15.811157 3299.8992 3299.8992 3299.8992 3299.8992 3299.8992 3299.8992 3297.3816 3281.8726 3266.2627 3250.4517 3234.7412 3219.1313 2787.5977 139.98413 -1420.6879 -1872.0612 -1880.6213 -1919.696 -1521.8994 -432.13806 388.33008 769.20776 775.45166 1390.5762 1471.6461 444.52515 -835.67505 3229.2021 3245.9197 3262.1338 3278.0457 3293.756 -3290.4326 -3274.9236 -3259.5154 -3244.2078 -3229.2021 -3214.7002 -3185.2935 519.3512 3299.8992 3299.8992 3299.8992 3299.8992 3299.8992 3299.8992 3299.0935 3283.6853 3267.9749 3252.063 3236.4531 3220.642 2482.6538 -220.65125 -1529.1504 -1845.575 -1748.3917 -1719.5892 -1277.2797 -169.693 519.95544 987.84485 943.73474 1582.9285 1522.403 212.29248 -1173.0469 3229.8064 3246.4233 3262.5366 3278.549 3294.2595 -3290.0298 -3274.5208 -3259.2131 -3243.805 -3228.9001 -3213.5925 -3002.1057 799.823 3299.8992 3299.8992 3299.8992 3299.8992 3299.8992 3299.8992 3297.4822 3282.074 3266.2627 3250.5522 3234.8418 3219.0308 2441.162 -271.00525 -1529.0497 -1876.593 -1853.4302 -1773.3673 -1248.4772 -93.0542 566.9861 978.0762 978.2776 1601.6602 1489.5721 91.64429 -1377.9877 3230.713 3247.229 3263.3423 3279.3547 3295.166 -3289.0227 -3273.816 -3258.307 -3242.8984 -3227.893 -3212.7869 -2773.599 1437.9089 3299.8992 3299.8992 3299.8992 3299.8992 3299.8992 3299.8992 3294.461 3278.8513 3263.2415 3247.3296 3231.72 3215.808 1948.9014 -623.18115 -1591.4886 -1790.8905 -1777.7985 -1604.9835 -1076.4679 71.09985 707.8766 1067.3035 1078.482 1812.2406 1657.6538 241.19568 -1313.5345 3224.1667 3240.7837 3256.9976 3273.0103 3288.922 3299.8992 -3279.959 -3264.45 
-2827.8809 -2815.4937 -2803.2073 -2790.921 -2334.2102 -1838.2233 -1155.0201 -387.5244 398.8037 1869.8456 3299.8992 3299.8992 3299.8992 3299.8992 3299.8992 3299.8992 3299.8992 3299.8992 3299.8992 3299.8992 3299.8992 3299.8992 3299.8992 3299.8992 2413.6687 -445.53223 -2782.0586 -2993.5454 -2979.547 -2965.9514 -2952.2551 -2938.6597 -2925.5676 -2912.3748 -2899.3835 -2886.392 -2873.703 -2860.7117 -2848.0225 -2835.6353 -2823.0469 -2810.559 -2798.3733 -2786.087 -2232.797 -1718.985 -976.8677 -131.82678 593.17017 2082.138 3299.8992 3299.8992 3299.8992 3299.8992 3299.8992 3299.8992 3299.8992 3299.8992 3299.8992 3299.8992 3299.8992 3299.8992 3299.8992 3299.8992 2059.7808 -712.40845 -2950.7446 -2990.625 -2976.6265 -2962.9302 -2949.234 -2935.739 -2922.5464 -2909.3535 -2896.3623 -2883.4717 -2870.6816 -2857.8918 -2845.2026 -2832.7148 -2820.1262 -2807.8398 -2795.6543 -2783.267 -2056.3567 -1483.5297 -843.32886 -138.57422 685.82153 2298.6602 3299.8992 3299.8992 3299.8992 3299.8992 3299.8992 3299.8992 3299.8992 3299.8992 3299.8992 3299.8992 3299.8992 3299.8992 3299.8992 3299.8992 1796.3287 -960.7544 -3002.9114 -2988.8123 -2974.8137 -2961.1174 -2947.522 -2934.2285 -2921.0356 -2907.843 -2894.8516 -2881.961 -2869.1711 -2856.482 -2843.7927 -2831.204 -2818.7163 -2806.43 -2793.9421 -2781.8572 -1952.7283 -1475.5737 -776.0559 19.940186 893.0786 2682.7605 3299.8992 3299.8992 3299.8992 3299.8992 3299.8992 3299.8992 3299.8992 3299.8992 3299.8992 3299.8992 3299.8992 3299.8992 3299.8992 3299.8992 1587.6617 -1089.0564 -3003.4148 -2989.215 -2975.2166 -2961.621 -2947.9248 -2934.732 -2921.4385 -2908.2458 -2895.2544 -2882.3638 -2869.574 -2856.8848 -2844.1956 -2831.607 -2819.22 -2806.8328 -2794.5464 -2755.2703 -1928.3569 -1330.8563 -659.43604 150.9613 944.6411 2594.3389 3299.8992 3299.8992 3299.8992 3299.8992 3299.8992 3299.8992 3299.8992 3299.8992 3299.8992 3299.8992 3299.8992 3299.8992 3299.8992 3299.8992 1574.2676 -1043.335 -3005.8318 -2991.632 -2977.835 -2963.9373 -2950.3418 -2937.0483 -2923.755 -2910.7634 -2897.7722 -2884.7808 -2871.8901 -2859.3018 -2846.6125 -2834.024 

158.61511 119.13757 64.55383 -22.457886 -64.75525 -74.12109 -76.43738 -70.3949 -98.291016 -156.70166 -196.48132 -170.09583 -172.51282 -180.06592 -167.67883 -151.76697 -103.72925 -77.34375 -0.10070801 60.928345 71.09985 85.702515 88.0188 88.82446 99.09668 118.533325 145.12024 192.05017 232.03125 260.53162 231.62842 168.4845 117.22412 94.3634 89.227295 81.87561 46.5271 -9.567261 -80.76782 -125.7843 -150.8606 -125.68359 -67.17224 -54.986572 -23.364258 -32.629395 -77.34375 -90.43579 -91.44287 -140.18555 -148.3429 -148.94714 -199.09973 -186.51123 -131.32324 -107.65686 -111.483765 -105.84412 -57.907104 -32.32727 -52.06604 -54.281616 -46.5271 -17.321777 -9.265137 -10.171509 11.077881 40.182495 54.58374 76.638794 115.31067 116.41846 159.42078 200.71106 201.61743 226.79443 274.3286 261.23657 190.43884 115.41138 74.82605 42.196655 17.120361 -63.345337 -122.36023 -168.98804 -182.48291 -195.67566 -192.3523 -129.71191 -4.8339844 116.82129 167.77954 189.9353 175.33264 123.2666 86.40747 94.96765 171.60645 216.52222 189.23035 102.319336 -9.365845 -81.06995 -110.27527 -118.63403 -63.446045 -21.450806 -55.59082 -104.434204 -149.55139 -168.78662 -131.12183 -108.36182 -81.06995 -38.571167 18.22815 19.335938 -0.20141602 -31.018066 -75.32959 -74.020386 -11.279297 -14.300537 -4.5318604 -5.4382324 17.825317 15.106201 -13.595581 -73.31543 -29.708862 64.05029 126.89209 168.38379 154.28467 131.82678 54.58374 -41.39099 -98.49243 -104.23279 -83.08411 -71.30127 -86.10535 -121.85669 -175.33264 -186.91406 -149.95422 -112.89368 -94.86694 -37.261963 -21.75293 -27.191162 -4.8339844 14.602661 28.601074 46.02356 68.58215 49.246216 -19.436646 -64.65454 -68.17932 -36.053467 30.81665 91.14075 183.5907 200.50964 230.62134 238.27515 218.8385 159.32007 101.71509 18.933105 -47.735596 -90.83862 -132.43103 -169.89441 -168.98804 -171.30432 -132.93457 -108.1604 -107.55615 -122.96448 -91.241455 -27.593994 -18.429565 1.9134521 43.90869 69.28711 93.96057 135.8551 151.86768 138.97705 156.19812 171.60645 178.45459 173.82202 159.82361 85.40039 25.378418 -11.782837 -32.125854 -54.0802 -102.822876 -211.38611 -246.4325 -248.14453 -188.7268 -109.06677 -49.0448 10.372925 82.37915 108.966064 68.38074 29.406738 -2.8198242 -78.75366 -180.06592 -210.27832 -182.48291 -174.12415 
-56.799316 7.6538086 76.23596 129.81262 89.328 45.52002 51.260376 62.64038 83.48694 107.25403 83.58765 10.675049 -15.206909 -40.48462 -26.385498 9.365845 23.565674 34.542847 -1.0070801 -22.357178 -24.77417 -36.254883 -48.94409 -74.523926 -50.656128 -32.226562 -37.564087 -58.61206 -69.58923 -97.68677 -87.213135 -24.874878 -8.056641 48.94409 59.21631 62.13684 64.65454 98.89526 144.41528 199.9054 218.33496 180.87158 122.25952 129.71191 107.455444 79.86145 42.90161 -28.500366 -78.048706 -78.75366 -88.11951 -145.32166 -148.84644 -141.49475 -119.74182 -47.131348 1.6113281 17.22107 -16.516113 -46.728516 -55.08728 -91.14075 -96.17615 -98.49243 -70.999146 -59.317017 -47.332764 -42.700195 -26.184082 -27.79541 -21.24939 14.904785 37.261963 41.290283 30.212402 34.542847 0.40283203 -16.314697 6.9488525 41.99524 62.438965 90.737915 91.44287 137.86926 109.16748 86.91101 76.135254 78.048706 86.206055 89.730835 44.613647 -27.996826 -69.992065 -86.10535 -57.10144 -9.567261 5.8410645 -29.205322 -106.951904 -139.98413 -148.54431 -125.28076 -67.977905 -12.689209 65.460205 120.95032 112.490845 65.460205 7.3516846 -87.51526 -84.695435 -46.5271 -59.61914 -53.375244 -15.206909 0.20141602 -21.350098 -1.5106201 57.302856 106.8512 115.61279 100.808716 89.52942 147.53723 112.08801 103.62854 89.42871 50.253296 38.87329 46.02356 3.1219482 -50.656128 -63.14392 -72.9126 -62.942505 -50.454712 -41.89453 -67.77649 -94.766235 -69.38782 -30.010986 -18.026733 -36.95984 -57.70569 -31.018066 -19.940186 -5.4382324 -4.7332764 -0.9063721 -33.535767 -12.185669 19.73877 32.629395 29.80957 14.804077 -6.6467285 2.0141602 83.08411 172.00928 173.01636 125.28076 45.117188 -38.47046 -72.20764 -138.47351 -157.2052 -177.14539 -160.72998 -122.96448 -86.8103 -89.730835 -71.09985 -34.140015 -19.638062 2.7191162 37.86621 64.75525 75.631714 63.24463 45.92285 55.892944 77.041626 69.79065 49.145508 49.850464 44.311523 35.44922 -13.998413 -59.61914 -109.57031 -78.552246 -43.606567 -71.60339 -83.58765 -40.98816 2.7191162 7.7545166 72.81189 116.21704 106.24695 96.67969 88.92517 96.98181 136.15723 104.73633 101.01013 74.92676 61.23047 75.027466 87.716675 35.147095 -0.10070801 -42.599487 -75.73242 -79.96216 -40.081787 0.80566406 -25.076294 -83.99048 -97.48535 
2747.3145 2735.028 2722.1375 2296.9482 2726.1658 2749.1272 2770.276 2790.4175 2809.9548 2828.888 2847.3174 2865.5457 2883.5723 2901.2969 2918.7195 2936.0413 2953.2622 2970.282 2987.201 -2998.2788 -183.5907 2871.0845 2984.4817 2970.8862 2956.2834 2941.0767 2924.5605 2908.5479 2895.5566 2886.6943 2874.71 2862.323 2849.533 2836.6423 2823.4497 2810.3577 2797.1648 2784.1736 2771.283 2758.493 2745.9045 2733.7188 2721.231 1463.7909 2727.777 2750.839 2772.1892 2792.3308 2811.8682 2830.7007 2849.231 2867.3584 2885.2844 2903.009 2920.4314 2937.7532 2954.8735 2971.7925 2988.7114 -3119.5312 -253.78418 2895.4558 2987.1 2972.699 2958.197 2942.99 2927.0781 2910.26 2881.7595 2889.1113 2877.127 2864.6392 2851.8494 2838.858 2825.8667 2812.6738 2799.4812 2786.5906 2773.7 2760.91 2748.2207 2735.431 2722.7417 74.82605 2733.6182 2755.8745 2776.9226 2796.762 2816.098 2834.9304 2853.2593 2871.4873 2889.212 2906.836 2924.3591 2941.681 2958.8013 2975.7202 2992.6392 -2243.9758 613.5132 2995.761 2981.5613 2967.865 2953.2622 2938.3574 2922.9492 2903.009 2891.9312 2884.2773 2872.293 2859.906 2847.116 2834.2253 2821.0327 2807.9407 2794.8486 2781.8572 2769.0674 2756.2773 2743.689 2731.5032 2719.0154 -1126.117 2732.0068 2754.666 2775.9155 2795.8557 2815.2922 2834.024 2852.4536 2870.581 2888.4062 2906.1309 2923.5535 2940.7744 2957.9956 2974.9146 2991.7327 -2202.887 721.9757 2993.6462 2980.0505 2965.3472 2950.946 2934.8328 2919.8271 2833.2183 2895.1538 2883.0688 2870.883 2858.496 2845.706 2832.614 2819.522 2806.43 2793.338 2780.3467 2767.5566 2754.8674 2742.279 2729.489 2717.2026 -2749.53 2733.5173 2756.1768 2777.2246 2797.1648 2816.5007 2835.2324 2853.662 2871.7896 2889.5142 2907.138 2924.5605 2941.983 2959.0027 2976.0222 2992.9412 -1697.6349 1211.9202 2989.517 2975.3174 2961.4197 2947.0183 2931.912 2914.7917 2798.474 2890.924 2878.9397 2866.8547 2854.5684 2841.6777 2828.787 2815.695 2802.603 2789.6118 2776.6204 2763.8306 2751.1414 2738.5527 2726.4678 2713.3757 2709.7502 2734.4238 2756.5796 2777.3254 2797.2656 2816.5007 2835.2324 2853.662 2871.6887 2889.6147 2907.138 2924.5605 2941.8823 2958.9019 2975.9216 2992.8406 -1260.5621 
-2010.3333 -1602.1637 -1560.4706 -2516.0889 -2504.7087 -2493.228 -2482.251 -2471.2737 -2460.2966 -2449.4202 -2438.5437 -2427.9692 -2414.978 3299.8992 3299.8992 3299.8992 3299.8992 3299.8992 3299.8992 3299.8992 3299.8992 3299.8992 3299.8992 3299.8992 1929.2633 -2617.1997 -2604.8125 -2592.8284 -2581.0454 -2569.2627 -2557.6812 -2546.2004 -2534.7197 -2523.4404 -1061.8652 3178.244 3299.8992 1735.199 -448.9563 -2098.0498 -2093.2158 -1757.0526 -1790.6891 -2509.0393 -2497.6592 -2486.6821 -2475.4028 -2464.325 -2453.4485 -2442.7734 -2431.9976 -2421.3225 -2410.3455 3299.8992 3299.8992 3299.8992 3299.8992 3299.8992 3299.8992 3299.8992 3299.8992 3299.8992 3299.8992 3299.8992 1243.039 -2607.6323 -2595.2454 -2583.3618 -2571.4783 -2559.7961 -2548.3154 -2536.734 -2525.2532 -2513.9739 -871.3257 3299.8992 3299.8992 1884.6497 -97.58606 -1981.1279 -1819.4916 -1595.7184 -1880.1178 -2505.9172 -2494.5374 -2483.56 -2472.1802 -2461.3037 -2450.4272 -2439.5508 -2428.8757 -2418.3013 -1612.6373 3299.8992 3299.8992 3299.8992 3299.8992 3299.8992 3299.8992 3299.8992 3299.8992 3299.8992 3299.8992 3299.8992 848.36426 -2609.445 -2597.058 -2584.9731 -2573.291 -2561.609 -2549.9268 -2538.5466 -2527.066 -2515.686 -577.66113 3299.8992 3299.8992 1541.5375 -415.31982 -2261.1968 -1960.6842 -1251.3977 -1506.189 -2508.5356 -2497.1558 -2486.078 -2474.7986 -2463.8213 -2452.8442 -2441.9678 -2431.3933 -2420.7183 -1535.3943 3299.8992 3299.8992 3299.8992 3299.8992 3299.8992 3299.8992 3299.8992 3299.8992 3299.8992 3299.8992 3299.8992 440.69824 -2609.9487 -2597.461 -2585.5774 -2573.8953 -2562.2131 -2550.531 -2539.0503 -2527.6702 -2516.2903 -305.95093 3299.8992 3299.8992 1771.9574 -127.99988 -2043.1641 -1843.2587 -1511.6272 -2093.921 -2511.6577 -2500.3784 -2488.8977 -2478.0212 -2467.044 -2456.2683 -2445.0896 -2329.4768 -2230.0781 -51.864624 3299.8992 3299.8992 3299.8992 3299.8992 3299.8992 3299.8992 3299.8992 3299.8992 3299.8992 3299.8992 3299.8992 -318.84155 -2613.0706 -2601.0864 -2589.3035 -2577.3193 -2565.9392 -2554.1565 -2542.7764 -2531.497 -2280.6335 75.631714 3299.8992 3299.8992 964.682 -837.5885 -2251.5288 -2183.7524 -1750.1038 -2280.0293 -2504.5073 -2493.228 -2481.8481 -2470.9717 -2460.3972 -2449.2188 -2438.745 -2247.299 -2212.9578 -527.81067 3299.8992 3299.8992 3299.8992 3299.8992 3299.8992 3299.8992 3299.8992 
-3129.0984 -3115.9058 -3102.8137 -2654.8645 3299.8992 3299.8992 3299.8992 3299.8992 3299.8992 3299.8992 3299.8992 3299.8992 3299.8992 3299.8992 3299.8992 3299.8992 3299.8992 3206.0393 967.099 -594.9829 -1319.8792 -1664.7034 -1827.5482 -1417.868 -387.82654 134.74731 443.8202 699.3164 770.8191 -148.64502 -3063.4368 -3253.473 -3238.6687 -3223.9653 -3209.5642 -3195.465 -3181.4666 -3167.5688 -3153.8726 -3140.277 -3126.9836 -3113.5894 -3100.1953 -2288.8916 3299.8992 3299.8992 3299.8992 3299.8992 3299.8992 3299.8992 3299.8992 3299.8992 3299.8992 3299.8992 3299.8992 3299.8992 3299.8992 3082.4707 675.95215 -676.7578 -1334.4818 -1613.5437 -1701.3611 -1262.2742 -183.5907 262.24365 508.47473 783.91113 978.3783 33.032227 -2838.858 -3256.2927 -3241.287 -3226.7852 -3212.2832 -3198.0835 -3183.9844 -3170.1873 -3156.491 -3142.7947 -3129.2998 -3115.9058 -3103.0151 -1760.7788 3299.8992 3299.8992 3299.8992 3299.8992 3299.8992 3299.8992 3299.8992 3299.8992 3299.8992 3299.8992 3299.8992 3299.8992 3299.8992 2775.1099 327.90527 -1042.1265 -1560.9741 -1672.9614 -1522.9065 -994.29016 -9.063721 378.5614 569.30237 781.192 799.21875 -393.6676 -3271.701 -3256.3933 -3241.69 -3226.9866 -3212.5854 -3198.3855 -3184.3872 -3170.4895 -3156.6924 -3143.097 -3129.4006 -3116.3086 -3102.9143 -1473.9624 3299.8992 3299.8992 3299.8992 3299.8992 3299.8992 3299.8992 3299.8992 3299.8992 3299.8992 3299.8992 3299.8992 3299.8992 3299.8992 2760.4065 377.1515 -932.55615 -1502.6642 -1763.9008 -1752.42 -904.1565 -4.7332764 446.5393 617.5415 825.3021 656.8176 -787.3352 -3269.989 -3254.782 -3239.978 -3225.476 -3210.974 -3197.0764 -3182.8765 -3168.9788 -3155.182 -3141.5862 -3128.1921 -3114.7979 -3101.8066 -920.3705 3299.8992 3299.8992 3299.8992 3299.8992 3299.8992 3299.8992 3299.8992 3299.8992 3299.8992 3299.8992 3299.8992 3299.8992 3299.8992 2503.0974 197.99194 -1045.9534 -1578.4973 -1759.2682 -1747.6868 -787.3352 128.50342 444.92798 701.7334 957.83386 938.4979 -443.11523 -3275.125 -3260.1196 -3245.114 -3230.5115 -3216.0095 -3201.8096 -3187.7104 -3174.0142 -3160.0159 -3146.4202 -3132.9253 -3119.6318 -3106.137 -202.92664 3299.8992 3299.8992 3299.8992 3299.8992 3299.8992 3299.8992 3299.8992 3299.8992 3299.8992 3299.8992 3299.8992 3299.8992 3299.8992 1995.5292 -276.6449 -1325.3174 
-2899.0813 -2886.09 -2873.1995 -2860.6108 -1705.6915 -1009.7992 268.48755 1908.0139 3299.8992 3299.8992 3299.8992 3299.8992 3299.8992 3299.8992 3299.8992 3299.8992 3299.8992 3299.8992 3299.8992 3299.8992 3299.8992 3299.8992 3299.8992 3299.8992 -322.36633 -3109.561 -3094.3542 -3079.3486 -3064.6453 -3050.0427 -3035.6414 -3021.4417 -3007.2417 -2993.344 -2979.6477 -2965.9514 -2952.2551 -2938.861 -2925.769 -2912.5762 -2899.585 -2886.5935 -2873.703 -2861.0137 -1539.1205 -1037.6953 237.87231 2277.411 3299.8992 3299.8992 3299.8992 3299.8992 3299.8992 3299.8992 3299.8992 3299.8992 3299.8992 3299.8992 3299.8992 3299.8992 3299.8992 3299.8992 3299.8992 3299.8992 -1086.8408 -3109.7625 -3094.5557 -3079.651 -3064.8467 -3050.2441 -3035.8428 -3021.643 -3007.544 -2993.5454 -2979.849 -2966.1528 -2952.658 -2939.264 -2925.9705 -2912.8784 -2899.7864 -2886.8958 -2874.5085 -2859.3018 -1827.5482 -533.2489 870.2179 2619.0125 3299.8992 3299.8992 3299.8992 3299.8992 3299.8992 3299.8992 3299.8992 3299.8992 3299.8992 3299.8992 3299.8992 3299.8992 3299.8992 3299.8992 3299.8992 3299.8992 -1585.144 -3113.1865 -3097.879 -3082.8735 -3068.2708 -3053.5674 -3039.1663 -3024.8657 -3010.8672 -2996.869 -2983.0718 -2969.3755 -2955.8806 -2942.2852 -2929.0923 -2915.8997 -2902.9082 -2890.0176 -2877.6306 -2733.014 -1760.1746 -764.3738 605.55725 2394.8364 3299.8992 3299.8992 3299.8992 3299.8992 3299.8992 3299.8992 3299.8992 3299.8992 3299.8992 3299.8992 3299.8992 3299.8992 3299.8992 3299.8992 3299.8992 3299.8992 -2221.6187 -3110.8704 -3095.5627 -3080.658 -3065.9546 -3051.3518 -3037.0513 -3022.8516 -3008.6516 -2994.754 -2980.957 -2967.2607 -2953.7659 -2940.271 -2926.9775 -2913.8855 -2900.894 -2888.0034 -2875.1128 -2815.1917 -1847.6898 -1066.7999 316.9281 2067.1326 3299.8992 3299.8992 3299.8992 3299.8992 3299.8992 3299.8992 3299.8992 3299.8992 3299.8992 3299.8992 3299.8992 3299.8992 3299.8992 3299.8992 3299.8992 3148.233 -3053.6682 -3100.4973 -3085.391 -3070.3857 -3055.783 -3041.281 -3026.88 -3012.7808 -2998.7822 -2984.8845 -2971.0876 -2957.6934 -2944.098 -2930.7036 -2917.7124 -2904.5195 -2891.5283 -2878.7383 -2865.8477 -2762.0178 -2061.09 -633.35266 871.12427 2582.4553 3299.8992 3299.8992 3299.8992 3299.8992 3299.8992 3299.8992 3299.8992 3299.8992 3299.8992 3299.8992 3299.8992 3299.8992 
-3249.1423 -3234.0361 -3218.7285 -2476.41 1962.2955 3299.8992 3299.8992 3299.8992 3299.8992 3299.8992 3299.8992 3285.3972 3269.8882 3254.0771 3238.4673 3222.6562 3206.845 1811.6364 -763.1653 -1798.645 -2083.5479 -2111.0413 -1984.3506 -1327.533 -149.14856 563.6627 1041.5222 1073.346 1657.8552 1279.0924 -309.17358 -1828.3539 3233.432 3249.7466 3265.9607 3281.8726 3297.583 -3286.8071 -3271.298 -3255.9905 -3240.7837 -3225.6775 -3210.6719 -2223.4314 2092.2087 3299.8992 3299.8992 3299.8992 3299.8992 3299.8992 3299.8992 3291.742 3276.233 3260.5225 3244.7112 3229.1016 3213.1897 1819.3909 -480.78003 -1508.5052 -1909.5245 -1892.2028 -1752.5208 -996.2036 218.03284 835.0708 1220.3796 1218.869 1785.553 1493.7012 -59.820557 -1911.7401 3225.2747 3241.7908 3257.904 3274.0173 3289.8284 3299.8992 -3278.952 -3263.6443 -3248.3367 -3233.13 -3218.0237 -1914.3585 2569.464 3299.8992 3299.8992 3299.8992 3299.8992 3299.8992 3297.0793 3281.7717 3266.2627 3250.5522 3234.8418 3219.1313 3199.6948 1211.1145 -1127.6276 -1998.349 -2175.0916 -2107.013 -1756.9519 -817.2455 278.35693 803.3478 1203.1586 1120.578 1634.8938 1185.9375 -380.8777 -2388.8945 3231.4177 3247.9338 3263.9465 3279.959 3295.6694 -3288.8213 -3273.3123 -3257.904 -3242.7979 -3227.4902 -3213.0889 -1548.8892 2927.5818 3299.8992 3299.8992 3299.8992 3299.8992 3299.8992 3299.7986 3284.3901 3268.982 3253.2715 3237.561 3221.7498 3200.9033 1116.449 -1081.5033 -1879.01 -2142.3613 -2162.503 -1912.4451 -875.4547 200.10681 804.657 1230.1483 1172.4426 1670.1416 1043.7378 -633.15125 -2688.803 3237.3596 3253.8757 3269.7876 3285.901 3299.8992 -3282.9802 -3267.572 -3252.365 -3237.1582 -3221.9512 -3207.4492 -1113.6292 3279.0527 3299.8992 3299.8992 3299.8992 3299.8992 3299.8992 3299.8992 3286.908 3271.399 3255.6885 3239.8772 3224.0662 3153.5706 712.20703 -1260.1593 -1953.2318 -2015.1672 -1883.0383 -1558.96 -475.4425 495.6848 1014.9353 1480.4077 1396.7194 1774.5758 1137.8998 -439.59045 -3049.1362 3232.2234 3248.4375 3264.7522 3280.5632 3296.475 -3287.915 -3272.406 -3257.0984 -3242.0928 -3226.7852 -3212.2832 -800.7294 3299.8992 3299.8992 3299.8992 3299.8992 3299.8992 3299.8992 3294.9646 3279.657 3264.2485 3248.4375 3232.6262 3217.0166 3011.975 390.84778 -1465.805 -2021.0083 
-2821.637 -2809.1492 -2796.9634 -2698.169 -1801.767 -1330.7556 -699.115 114.20288 1050.1831 2775.8147 3299.8992 3299.8992 3299.8992 3299.8992 3299.8992 3299.8992 3299.8992 3299.8992 3299.8992 3299.8992 3299.8992 3299.8992 3299.8992 3299.8992 1112.8235 -1393.8995 -3004.8247 -2990.625 -2976.7273 -2963.1316 -2949.5361 -2936.1418 -2922.8484 -2909.6558 -2896.5637 -2883.7737 -2870.883 -2858.1938 -2845.5046 -2833.1177 -2820.63 -2808.2427 -2795.9563 -2525.656 -1534.79 -1086.1359 -394.37256 543.219 1382.3181 3270.7947 3299.8992 3299.8992 3299.8992 3299.8992 3299.8992 3299.8992 3299.8992 3299.8992 3299.8992 3299.8992 3299.8992 3299.8992 3299.8992 3299.8992 663.6658 -1906.4026 -3007.3425 -2993.2434 -2979.2449 -2965.6494 -2952.0537 -2938.6597 -2925.2654 -2912.1733 -2899.1821 -2886.2915 -2873.401 -2860.913 -2848.2239 -2835.6353 -2823.2483 -2810.7605 -2798.5747 -2737.0422 -2012.5488 -1420.99 -658.7311 178.05176 1117.9596 3072.5005 3299.8992 3299.8992 3299.8992 3299.8992 3299.8992 3299.8992 3299.8992 3299.8992 3299.8992 3299.8992 3299.8992 3299.8992 3299.8992 3299.8992 736.27625 -1720.4956 -3002.6091 -2988.6108 -2974.8137 -2961.1174 -2947.522 -2934.1277 -2920.935 -2907.7422 -2894.751 -2881.8604 -2869.0703 -2856.381 -2843.692 -2831.204 -2818.9177 -2806.43 -2794.1436 -2661.4104 -2013.2538 -1391.0797 -648.761 167.57812 1287.9547 3299.8992 3299.8992 3299.8992 3299.8992 3299.8992 3299.8992 3299.8992 3299.8992 3299.8992 3299.8992 3299.8992 3299.8992 3299.8992 3299.8992 3218.0237 396.1853 -1993.9178 -2996.869 -2982.8704 -2969.174 -2955.4778 -2941.983 -2928.5889 -2915.396 -2902.304 -2889.3127 -2876.5227 -2863.8335 -2851.1443 -2838.556 -2826.068 -2813.4795 -2801.193 -2789.1082 -2550.6316 -1778.302 -1311.0168 -570.813 194.87 1287.6526 3299.8992 3299.8992 3299.8992 3299.8992 3299.8992 3299.8992 3299.8992 3299.8992 3299.8992 3299.8992 3299.8992 3299.8992 3299.8992 3299.8992 2897.6714 43.304443 -2282.849 -2990.1213 -2976.123 -2962.326 -2948.7305 -2935.2356 -2922.0427 -2908.85 -2895.8586 -2882.8674 -2870.0774 -2857.2876 -2844.5984 -2832.1106 -2819.6228 -2807.2356 -2794.9492 -2782.7637 -2425.2502 -1767.2241 -1047.0612 -334.85413 403.93982 1726.1353 3299.8992 3299.8992 3299.8992 3299.8992 3299.8992 3299.8992 3299.8992 3299.8992 3299.8992 3299.8992 3299.8992 

-179.7638 -169.89441 -141.59546 -78.85437 -7.2509766 23.76709 60.827637 86.91101 84.191895 118.33191 125.38147 124.97864 122.46094 106.14624 121.9574 156.50024 216.01868 201.41602 181.37512 160.9314 160.9314 160.9314 160.9314 160.9314 160.9314 160.9314 160.9314 160.9314 160.9314 160.9314 160.9314 160.9314 160.9314 160.9314 160.9314 160.9314 160.9314 160.9314 160.9314 160.9314 -81.87561 -87.01172 -89.730835 -59.417725 -46.728516 -36.95984 -41.290283 -61.532593 -60.22339 -0.50354004 3.7261963 -24.77417 13.998413 59.820557 73.21472 75.83313 93.45703 84.2926 72.20764 72.81189 72.81189 72.81189 72.81189 72.81189 72.81189 72.81189 72.81189 72.81189 72.81189 72.81189 72.81189 72.81189 72.81189 72.81189 72.81189 72.81189 72.81189 72.81189 72.81189 72.81189 -25.479126 -17.019653 37.060547 106.54907 139.682 136.45935 129.71191 129.91333 126.18713 127.89917 68.17932 -4.8339844 -76.538086 -120.24536 -91.04004 -21.954346 31.622314 92.04712 158.71582 188.22327 203.43018 255.79834 272.9187 253.48206 234.04541 177.54822 70.29419 -83.184814 -276.7456 -417.83752 -403.23486 -291.24756 -245.52612 -256.10046 -267.48047 -263.45215 -239.08081 -145.62378 -45.318604 -16.71753 -8.963013 -21.853638 -9.869385 53.878784 127.597046 184.39636 216.3208 222.86682 238.37585 255.69763 233.844 207.96204 153.68042 48.339844 -59.014893 -90.33508 -107.65686 -161.0321 -189.73389 -144.81812 -146.63086 -163.95264 -185.50415 -167.98096 -127.49634 -112.89368 -117.82837 -111.08093 -53.17383 -4.5318604 18.127441 -6.2438965 -1.8127441 14.199829 33.032227 -9.265137 -61.73401 -44.613647 15.408325 46.224976 42.095947 32.528687 29.003906 38.772583 55.59082 67.37366 52.166748 39.98108 57.907104 98.59314 84.39331 85.90393 76.034546 29.30603 -11.480713 -10.473633 -18.026733 -34.744263 -46.325684 -18.429565 11.782837 20.343018 0.50354004 -9.063721 -3.9276123 38.36975 39.37683 7.1502686 -34.140015 -64.453125 -14.501953 27.493286 63.949585 71.20056 49.346924 7.9559326 -29.406738 -13.897705 -35.44922 -46.42639 
-106.34766 -109.67102 -108.05969 -118.83545 -102.822876 -81.674194 -61.331177 -33.132935 -33.43506 -70.89844 -47.332764 -16.616821 9.768677 63.24463 98.49243 94.16199 78.149414 102.319336 122.25952 115.81421 117.22412 120.7489 95.06836 80.86853 21.853638 34.140015 37.261963 -1.9134521 -27.29187 -23.867798 -43.606567 -35.046387 -30.413818 -9.164429 -2.8198242 3.6254883 -5.3375244 -77.84729 -136.56006 -168.68591 -197.58911 -195.37354 -191.2445 -178.95813 -138.97705 -76.84021 -1.9134521 20.947266 11.077881 -65.25879 -82.177734 -57.302856 -57.504272 -56.295776 -67.17224 -48.239136 -8.157349 58.309937 100.70801 99.90234 110.6781 124.17297 127.697754 126.28784 71.502686 54.68445 53.07312 75.32959 132.43103 163.24768 103.930664 74.020386 28.399658 -19.436646 -29.406738 21.551514 96.780396 122.15881 104.53491 87.81738 76.538086 75.531006 36.254883 -11.178589 -56.497192 -121.75598 -190.43884 -218.33496 -216.01868 -227.29797 -147.2351 -103.930664 -83.88977 -37.161255 -5.2368164 8.761597 39.779663 85.198975 109.973145 120.64819 106.24695 81.27136 76.94092 75.4303 27.896118 7.4523926 -17.321777 -38.067627 -38.974 -31.018066 -63.74817 -66.970825 -51.663208 -6.5460205 45.41931 91.34216 103.829956 10.070801 -58.410645 -44.110107 -23.968506 -6.4453125 -13.696289 -10.171509 10.675049 7.6538086 1.3092041 15.408325 2.1148682 -5.3375244 27.79541 34.140015 21.148682 30.715942 38.168335 20.74585 29.205322 41.290283 24.673462 -39.678955 -56.295776 -57.70569 -34.140015 -36.95984 -65.76233 -54.986572 -39.88037 -24.069214 -10.272217 36.657715 28.701782 21.954346 -4.0283203 16.21399 39.779663 46.92993 63.24463 20.24231 -10.272217 -9.164429 -0.50354004 -19.638062 -55.892944 -85.198975 -119.23828 -145.42236 -138.77563 -130.01404 -127.39563 -148.84644 -109.57031 -63.446045 9.768677 103.02429 174.8291 144.7174 125.582886 172.10999 195.97778 168.78662 188.7268 162.74414 186.30981 175.73547 131.82678 72.30835 17.72461 -7.6538086 -7.1502686 0.9063721 -74.2218 -120.95032 -162.1399 -164.6576 -139.17847 -118.43262 -88.723755 -132.0282 -172.51282 -169.59229 
1738.5223 2985.4888 2971.289 2957.3914 2942.5872 2926.8767 2910.6628 2706.8298 2886.9963 2874.8108 2862.7258 2850.238 2837.448 2824.5574 2811.4653 2798.474 2785.4827 2772.4915 2759.7014 2747.113 2734.6252 2722.4395 2709.7502 2708.139 2732.8125 2755.2703 2776.419 2796.3591 2815.695 2834.4268 2852.8564 2870.984 2888.7085 2906.3323 2923.755 2941.0767 2958.0962 2975.2166 2992.035 -1531.366 1455.3314 2986.6973 2973.2024 2958.2976 2941.8823 2926.9775 2912.1733 2667.05 2888.809 2876.724 2864.4377 2851.95 2839.0593 2826.068 2813.0767 2799.884 2786.8926 2774.002 2761.2122 2748.523 2735.9343 2723.346 2710.8582 2711.9658 2736.3372 2758.5938 2779.4402 2799.2798 2818.515 2837.2466 2855.5754 2873.5015 2891.4275 2909.0515 2926.3733 2943.695 2960.8154 2977.7344 2994.6533 -1483.7311 1551.9104 2988.6108 2974.5117 2960.4126 2945.5078 2929.193 2913.3818 2700.888 2890.219 2878.134 2865.9485 2853.3599 2840.57 2827.5786 2814.4866 2801.294 2788.202 2775.3113 2762.622 2749.832 2737.445 2725.1587 2711.563 2718.2097 2741.9768 2763.6292 2783.9722 2803.711 2822.8455 2841.3757 2859.7046 2877.6306 2895.4558 2912.979 2930.5022 2947.6226 2964.5415 2981.6619 3165.5547 -867.09595 2209.5337 2986.4958 2971.994 2957.8948 2943.695 2926.4739 2910.8643 2746.5088 2887.7014 2875.6165 2863.33 2850.7415 2837.9517 2824.8596 2811.6667 2798.5747 2785.684 2772.7935 2760.0037 2747.3145 2734.9272 2722.6409 2709.5488 2717.807 2741.574 2763.5283 2784.1736 2803.8115 2823.0469 2841.5771 2859.906 2877.9326 2895.6572 2913.1804 2930.5022 2947.824 2964.8438 2981.7627 3218.527 -721.9757 2297.653 2984.8845 2971.1882 2956.3843 2942.0837 2925.769 2909.6558 2661.0076 2886.795 2874.9114 2862.5244 2850.0366 2837.146 2824.1545 2810.962 2797.8699 2784.8784 2771.9878 2759.2986 2746.6094 2734.1216 2721.4324 2707.0312 2720.5261 2743.991 2765.744 2786.2883 2805.8257 2824.9602 2843.4905 2861.8193 2879.7454 2897.47 2914.9932 2932.5164 2949.5361 2966.757 2983.5754 -3201.9104 -493.77136 
3299.8992 3299.8992 3299.8992 3299.8992 -1271.0358 -2602.295 -2589.9077 -2578.0242 -2566.342 -2554.66 -2543.1792 -2531.6985 -2520.3186 -2414.1724 764.3738 3299.8992 3299.8992 1473.5596 132.43103 -1535.1929 -1360.968 -614.9231 -1472.2504 -2523.4404 -2511.8591 -2500.2776 -2489.099 -2478.1218 -2467.044 -2456.1675 -2445.291 -2434.5154 247.54028 3299.8992 3299.8992 3299.8992 3299.8992 3299.8992 3299.8992 3299.8992 3299.8992 3299.8992 3299.8992 3299.8992 -1228.7384 -2620.9258 -2609.0422 -2597.1587 -2585.2751 -2573.6938 -2562.1123 -2550.6316 -2539.151 -2394.0308 715.4297 3299.8992 3299.8992 400.41504 -1021.68274 -2554.1565 -2270.2605 -1532.1716 -2347.2014 -2514.8804 -2503.601 -2492.1204 -2481.143 -2470.166 -2459.2896 -2448.5137 -2437.738 -2427.063 1211.618 3299.8992 3299.8992 3299.8992 3299.8992 3299.8992 3299.8992 3299.8992 3299.8992 3299.8992 3299.8992 3299.8992 -1987.0697 -2613.977 -2602.0935 -2590.3105 -2578.427 -2566.8457 -2555.365 -2543.7834 -2532.4036 -2167.4377 1312.326 3299.8992 3299.8992 456.20728 -839.30054 -2285.3667 -2050.6165 -1353.2135 -2527.4688 -2515.988 -2504.6082 -2493.228 -2482.1501 -2471.2737 -2460.2966 -2449.5208 -2438.745 -2428.07 2006.8085 3299.8992 3299.8992 3299.8992 3299.8992 3299.8992 3299.8992 3299.8992 3299.8992 3299.8992 3299.8992 3299.8992 -1758.0597 -2618.4082 -2606.3232 -2594.5403 -2582.6567 -2571.176 -2559.5947 -2548.0132 -2536.5325 -1974.5819 1473.9624 3299.8992 2917.6116 86.50818 -959.7473 -1861.9904 -1577.8931 -1226.3214 -2532.8064 -2521.3257 -2509.845 -2498.3643 -2487.4878 -2476.41 -2465.4326 -2454.5562 -2443.881 -2433.206 2295.0347 3299.8992 3299.8992 3299.8992 3299.8992 3299.8992 3299.8992 3299.8992 3299.8992 3299.8992 3299.8992 3143.7012 -2618.9116 -2619.7173 -2607.7332 -2595.9502 -2584.268 -2572.586 -2561.0046 -2549.524 -2538.1438 -1688.5712 1930.9753 3299.8992 2834.024 169.89441 -1018.9636 -1874.3774 -1798.645 -1226.9257 -2535.5254 -2523.944 -2512.6648 -2501.0833 -2490.1062 -2479.129 -2468.051 -2457.1746 -2446.4995 -2435.8245 3027.5847 3299.8992 3299.8992 3299.8992 3299.8992 3299.8992 3299.8992 3299.8992 
-1684.7443 -1809.018 -1797.4365 -821.97876 57.60498 404.14124 570.20874 752.1881 405.95398 -1156.8329 -3267.1692 -3252.1636 -3237.3596 -3222.8577 -3208.4563 -3194.458 -3180.359 -3166.5618 -3152.765 -3139.1692 -3125.7751 -3112.5823 -3099.6917 257.40967 3299.8992 3299.8992 3299.8992 3299.8992 3299.8992 3299.8992 3299.8992 3299.8992 3299.8992 3299.8992 3299.8992 3299.8992 3299.8992 1983.9478 -132.43103 -1064.685 -1476.9836 -1684.2407 -1710.1227 -731.54297 173.11707 523.88306 709.1858 886.8347 485.4126 -1469.2291 -3267.7734 -3252.9692 -3238.1653 -3223.5625 -3209.262 -3195.0623 -3181.0637 -3167.166 -3153.5706 -3139.9749 -3126.5808 -3113.1865 -3099.994 546.7438 3299.8992 3299.8992 3299.8992 3299.8992 3299.8992 3299.8992 3299.8992 3299.8992 3299.8992 3299.8992 3299.8992 3299.8992 3299.8992 1736.206 -188.02185 -1152.301 -1618.5791 -1760.2753 -1646.5759 -649.46594 -21.047974 284.70154 543.5211 878.1738 610.1898 -1309.8083 -3266.3635 -3251.2573 -3236.4531 -3221.8506 -3207.6506 -3193.451 -3179.5532 -3165.6555 -3151.9592 -3138.3635 -3124.9695 -3111.7766 -3098.7854 1453.0151 3299.8992 3299.8992 3299.8992 3299.8992 3299.8992 3299.8992 3299.8992 3299.8992 3299.8992 3299.8992 3299.8992 3299.8992 3299.8992 1654.129 -294.67163 -1287.4512 -1736.5082 -1819.7937 -1647.3816 -638.7909 134.6466 494.0735 588.03406 750.17395 307.66296 -1822.11 -3263.9465 -3248.941 -3234.2375 -3219.7356 -3205.435 -3191.336 -3177.3376 -3163.2385 -3149.7437 -3136.3494 -3122.8545 -3109.7625 -3096.469 1787.7686 3299.8992 3299.8992 3299.8992 3299.8992 3299.8992 3299.8992 3299.8992 3299.8992 3299.8992 3299.8992 3299.8992 3299.8992 3299.8992 1524.2157 -179.96521 -1009.5978 -1402.7618 -1620.3918 -1468.0206 -402.73132 267.48047 595.28503 768.3014 928.0243 374.23096 -1937.2192 -3270.3918 -3255.5876 -3240.5823 -3225.9795 -3211.679 -3197.4792 -3183.3801 -3169.583 -3155.8867 -3142.1904 -3128.6956 -3115.503 -3037.0513 2525.0518 3299.8992 3299.8992 3299.8992 3299.8992 3299.8992 3299.8992 3299.8992 3299.8992 3299.8992 3299.8992 3299.8992 3299.8992 3295.9717 1157.2357 -507.66907 -1286.9476 
3299.8992 3299.8992 3299.8992 2979.95 -3111.5752 -3096.0662 -3080.96 -3066.2566 -3051.5532 -3037.152 -3022.7507 -3008.6516 -2994.6533 -2980.8562 -2967.0593 -2953.5645 -2940.1702 -2926.8767 -2913.684 -2900.6926 -2887.7014 -2875.0122 -2862.5244 -2354.956 -1633.9874 -515.8264 942.62695 2911.0657 3299.8992 3299.8992 3299.8992 3299.8992 3299.8992 3299.8992 3299.8992 3299.8992 3299.8992 3299.8992 3299.8992 3299.8992 3299.8992 3299.8992 3299.8992 2647.3113 -3111.0718 -3095.6633 -3080.5571 -3065.6523 -3051.0498 -3036.5479 -3022.348 -3008.2488 -2994.2505 -2980.4534 -2966.757 -2953.0608 -2939.7673 -2926.4739 -2913.2812 -2900.3906 -2887.2986 -2874.5085 -2862.2222 -1924.6307 -1254.7211 -326.49536 1198.526 3143.4998 3299.8992 3299.8992 3299.8992 3299.8992 3299.8992 3299.8992 3299.8992 3299.8992 3299.8992 3299.8992 3299.8992 3299.8992 3299.8992 3299.8992 3299.8992 2077.4048 -3113.086 -3097.6775 -3082.5713 -3067.7673 -3053.2654 -3038.7634 -3024.463 -3010.263 -2996.2646 -2982.4675 -2968.7712 -2955.1758 -2941.7815 -2928.488 -2915.2954 -2902.2034 -2889.3127 -2876.5227 -2863.733 -2566.1406 -1723.2147 -306.958 1267.6117 3097.7783 3299.8992 3299.8992 3299.8992 3299.8992 3299.8992 3299.8992 3299.8992 3299.8992 3299.8992 3299.8992 3299.8992 3299.8992 3299.8992 3299.8992 3299.8992 1875.4852 -3109.6619 -3094.2534 -3079.3486 -3064.5447 -3049.8413 -3035.44 -3021.2402 -3007.141 -2993.042 -2979.3457 -2965.5486 -2951.9531 -2938.7603 -2925.2654 -2912.1733 -2899.2827 -2886.2915 -2873.5015 -2860.7117 -1964.209 -1382.1167 -48.742676 1501.5564 3299.8992 3299.8992 3299.8992 3299.8992 3299.8992 3299.8992 3299.8992 3299.8992 3299.8992 3299.8992 3299.8992 3299.8992 3299.8992 3299.8992 3299.8992 3299.8992 1297.7234 -3110.0647 -3094.8577 -3079.7515 -3065.048 -3050.4456 -3035.9436 -3021.7437 -3007.6445 -2993.6462 -2979.7485 -2966.1528 -2952.658 -2939.163 -2925.8696 -2912.7776 -2899.7864 -2886.795 -2874.0051 -2861.7188 -2020.2026 -1322.1954 30.31311 1543.753 3299.8992 3299.8992 3299.8992 3299.8992 3299.8992 3299.8992 3299.8992 3299.8992 3299.8992 3299.8992 3299.8992 3299.8992 3299.8992 
-2043.5669 -1899.8566 -1590.5823 -419.65027 497.69897 925.9094 1263.6841 1289.6667 1539.0198 758.432 -841.3147 3220.2393 3236.9568 3253.1707 3269.3848 3285.1958 3299.8992 -3283.484 -3268.0754 -3252.7678 -3237.561 -3222.5554 -3208.1543 -469.50073 3299.8992 3299.8992 3299.8992 3299.8992 3299.8992 3299.8992 3297.1802 3281.9731 3266.3635 3250.653 3234.9426 3219.0308 2928.0852 236.26099 -1484.3353 -2004.5929 -2146.591 -1989.9902 -1647.9858 -400.31433 547.75085 1053.6072 1459.7626 1485.0403 1854.6387 981.2988 -617.03796 3217.9229 3234.439 3250.8545 3267.0684 3282.9802 3298.6907 -3285.8 -3270.3918 -3255.1848 -3239.978 -3224.771 -3209.6648 -100.909424 3299.8992 3299.8992 3299.8992 3299.8992 3299.8992 3299.8992 3292.8496 3277.542 3261.9324 3246.222 3230.4106 3214.801 2784.375 105.441284 -1410.7178 -1894.0155 -1934.5001 -1739.4287 -1372.8516 -203.83301 651.98364 1078.7842 1444.8578 1487.3566 1770.9503 736.27625 -705.3589 3212.5854 3229.2021 3245.5168 3261.731 3277.542 3293.3533 -3290.9363 -3275.5278 -3260.1196 -3244.9126 -3229.8064 -3211.1755 414.61487 3299.8992 3299.8992 3299.8992 3299.8992 3299.8992 3299.6978 3284.5916 3269.0825 3253.6743 3237.9639 3222.2534 3206.543 2543.4814 -161.83777 -1552.7161 -2004.895 -2082.2388 -1903.5828 -1439.7217 -318.53943 396.89026 832.04956 1234.5795 1350.293 1598.3368 592.6666 -787.2345 3216.6138 3233.3313 3249.5452 3265.6584 3281.5703 3297.2808 -3287.21 -3271.701 -3256.2927 -3241.1865 -3226.181 -3108.4534 698.51074 3299.8992 3299.8992 3299.8992 3299.8992 3299.8992 3299.8992 3286.203 3270.7947 3255.2856 3239.4744 3223.9653 3208.255 2521.527 -140.7898 -1381.5125 -1802.0691 -1763.8 -1527.4384 -1164.386 -144.81812 558.82874 914.328 1183.8226 1134.375 1304.6722 156.60095 -1281.8115 3217.8223 3234.439 3250.4517 3266.7664 3282.5774 3298.0864 -3286.203 -3270.8953 -3255.5876 -3240.28 -3225.1738 -2883.2703 1249.8871 3299.8992 3299.8992 3299.8992 3299.8992 3299.8992 3298.6907 3283.484 3268.2769 3252.6672 3236.856 3221.1455 3205.435 2267.1387 -378.4607 -1568.7286 -1854.538 
3299.8992 3299.8992 3299.8992 2561.3066 -350.26245 -2696.2554 -2986.4958 -2972.4976 -2958.7004 -2945.2056 -2931.8115 -2918.6187 -2905.426 -2892.4346 -2879.4434 -2866.6533 -2853.964 -2841.275 -2828.6865 -2816.1987 -2803.9124 -2791.7266 -2779.4402 -2115.7744 -1487.6587 -808.4839 34.44214 855.4138 2082.138 3299.8992 3299.8992 3299.8992 3299.8992 3299.8992 3299.8992 3299.8992 3299.8992 3299.8992 3299.8992 3299.8992 3299.8992 3299.8992 3299.8992 2632.8093 -127.29492 -2480.7402 -2993.9482 -2979.849 -2966.1528 -2952.4565 -2938.9617 -2925.769 -2912.5762 -2899.3835 -2886.5935 -2873.8037 -2860.913 -2848.4253 -2835.8367 -2823.3489 -2810.861 -2798.5747 -2786.3892 -2189.1907 -1664.502 -1015.9424 -279.66614 544.931 1819.3909 3299.8992 3299.8992 3299.8992 3299.8992 3299.8992 3299.8992 3299.8992 3299.8992 3299.8992 3299.8992 3299.8992 3299.8992 3299.8992 3299.8992 2226.5532 -562.95776 -2982.8704 -2989.517 -2975.5188 -2961.7217 -2948.3276 -2934.9333 -2921.5393 -2908.4473 -2895.5566 -2882.5652 -2869.7754 -2857.0862 -2844.397 -2831.9092 -2819.4214 -2807.0342 -2794.5464 -2782.26 -1896.936 -1224.3073 -513.1073 206.04858 915.4358 2273.9868 3299.8992 3299.8992 3299.8992 3299.8992 3299.8992 3299.8992 3299.8992 3299.8992 3299.8992 3299.8992 3299.8992 3299.8992 3299.8992 3299.8992 1996.5363 -756.31714 -3008.9539 -2994.8547 -2980.8562 -2967.16 -2953.5645 -2940.1702 -2926.6753 -2913.5833 -2900.4912 -2887.5 -2874.9114 -2862.0208 -2849.533 -2836.9446 -2824.356 -2811.969 -2799.5818 -2787.3962 -2282.2449 -1673.2635 -841.81824 -27.392578 860.4492 2430.5876 3299.8992 3299.8992 3299.8992 3299.8992 3299.8992 3299.8992 3299.8992 3299.8992 3299.8992 3299.8992 3299.8992 3299.8992 3299.8992 3299.8992 1829.361 -860.75134 -3007.0403 -2992.7397 -2979.0435 -2965.1458 -2951.651 -2938.156 -2924.762 -2911.569 -2898.578 -2885.6873 -2872.7966 -2860.1074 -2847.4182 -2834.9304 -2822.3418 -2809.9548 -2797.769 -2785.5835 -2137.9302 -1619.989 -1024.9054 -203.93372 730.3345 2363.214 3299.8992 3299.8992 3299.8992 3299.8992 3299.8992 3299.8992 3299.8992 3299.8992 3299.8992 3299.8992 3299.8992 

12.084961 57.20215 62.036133 51.05896 46.728516 84.191895 136.15723 132.73315 108.76465 65.460205 -15.609741 -48.54126 -49.145508 -52.267456 -22.457886 25.579834 14.099121 -79.2572 -151.56555 -123.87085 -75.128174 -44.210815 -92.95349 -75.027466 -22.357178 30.212402 78.149414 131.32324 141.99829 115.008545 129.30908 101.71509 74.523926 55.08728 70.19348 115.81421 116.61987 103.829956 44.210815 -59.61914 -130.21545 -106.04553 -72.81189 -111.987305 -143.71033 -121.9574 -68.58215 -36.657715 -22.558594 -25.479126 -89.63013 -106.54907 -98.39172 -71.90552 -34.44214 9.667969 46.325684 14.804077 -67.67578 -124.072266 -158.11157 -136.66077 -117.62695 -76.94092 -51.864624 -28.500366 -28.903198 -38.671875 -27.593994 1.3092041 49.649048 45.217896 50.958252 67.27295 54.68445 47.232056 36.657715 45.620728 41.290283 21.148682 -9.365845 -22.76001 -12.588501 3.3233643 -7.8552246 -34.34143 -70.495605 -121.35315 -112.08801 -93.45703 -65.05737 9.768677 49.145508 48.138428 50.857544 65.963745 48.54126 31.521606 24.472046 24.169922 39.779663 83.88977 78.35083 65.963745 37.060547 9.567261 5.8410645 4.8339844 2.4169922 8.056641 34.94568 29.507446 58.007812 89.02588 64.55383 11.480713 -53.07312 -32.42798 9.567261 20.24231 4.1290283 -8.358765 9.063721 0.20141602 7.0495605 28.198242 57.10144 104.434204 180.16663 223.37036 199.70398 193.46008 210.58044 217.73071 241.29639 263.15002 226.49231 154.28467 74.020386 2.9205322 -24.069214 -27.896118 -70.495605 -25.479126 13.998413 43.103027 77.34375 60.525513 12.084961 -40.585327 -99.70093 -164.6576 -162.94556 -151.46484 -173.6206 -245.52612 -286.31287 -256.80542 -200.40894 -146.22803 -165.06042 -177.04468 -160.62927 -143.50891 -153.27759 -171.1029 -153.98254 -73.91968 18.429565 46.124268 26.78833 26.28479 -7.8552246 -60.525513 -56.396484 5.0354004 36.95984 15.710449 -3.7261963 3.6254883 24.975586 35.650635 9.365845 61.12976 94.766235 90.83862 57.000732 39.578247 64.55383 92.04712 59.518433 -7.0495605 -65.76233 -101.916504 -143.20679 -157.50732 -92.55066 -9.164429 6.8481445 -3.1219482 -1.2084961 17.019653 19.335938 -21.450806 -10.876465 12.890625 25.78125 46.92993 104.23279 119.74182 93.85986 86.40747 115.512085 120.24536 81.57349 62.438965 41.99524 0.80566406 -7.4523926 29.80957 
-136.45935 -104.03137 -89.83154 -62.942505 -26.889038 6.9488525 22.055054 8.358765 -28.903198 -64.956665 -16.516113 4.6325684 8.157349 29.910278 44.41223 27.191162 57.20215 97.88818 137.66785 142.099 149.24927 143.10608 168.98804 132.63245 70.69702 7.6538086 -24.371338 -15.408325 8.056641 29.003906 -22.860718 -22.055054 -38.067627 -32.226562 -21.148682 -30.715942 -25.680542 -39.779663 -37.86621 -11.984253 36.154175 62.13684 63.848877 68.17932 44.110107 3.9276123 -33.535767 -74.92676 -133.13599 -185.00061 -156.19812 -159.21936 -160.02502 -111.28235 -61.532593 -64.65454 -56.396484 -18.530273 33.737183 94.16199 154.98962 167.77954 186.51123 172.2107 153.68042 123.2666 72.30835 46.829224 41.99524 23.666382 3.1219482 18.328857 -5.7403564 -43.707275 -29.205322 -16.113281 -22.055054 -82.37915 -142.80396 -161.53564 -146.93298 -143.60962 -133.2367 -88.0188 -78.25012 -89.227295 -98.59314 -111.58447 -166.26892 -167.37671 -105.340576 -65.56091 -25.881958 19.638062 81.170654 110.87952 182.58362 262.44507 280.67322 269.59534 228.00293 181.77795 174.92981 140.68909 116.922 90.93933 32.629395 -50.656128 -93.35632 -113.59863 -133.03528 -111.18164 -95.87402 -59.21631 -18.630981 7.9559326 30.514526 10.977173 4.1290283 4.5318604 2.5177002 -18.73169 -65.460205 -69.488525 -69.89136 -80.76782 -98.291016 -118.63403 -145.9259 -110.27527 -53.67737 -36.95984 -8.761597 25.27771 40.686035 19.436646 47.634888 81.7749 107.65686 118.2312 136.76147 139.37988 184.7992 156.60095 124.17297 106.14624 83.184814 86.50818 68.78357 20.947266 -25.982666 -24.27063 -19.73877 5.6396484 35.95276 55.993652 58.914185 1.9134521 -55.792236 -97.18323 -108.76465 -134.94873 -192.453 -205.44434 -167.276 -103.125 -55.892944 -46.124268 -67.77649 -55.792236 -53.778076 -58.410645 -27.392578 4.4311523 -3.4240723 -50.756836 -42.095947 2.3162842 31.32019 56.799316 83.88977 67.27295 78.25012 22.457886 44.51294 89.227295 97.38464 55.490112 24.169922 -28.29895 -56.5979 -78.75366 -117.62695 -132.63245 -99.49951 -44.210815 -23.565674 -71.09985 -68.68286 -41.4917 11.782837 53.778076 66.6687 68.58215 56.295776 66.467285 81.06995 48.138428 -16.918945 -5.8410645 17.825317 17.120361 15.509033 27.392578 45.92285 19.839478 32.42798 74.12109 86.00464 82.78198 
2548.6174 2984.0789 2969.8792 2955.6792 2941.58 2924.6611 2908.85 2760.1042 2885.7878 2873.8037 2861.4165 2848.7273 2835.8367 2822.7446 2809.6526 2796.5605 2783.67 2770.6787 2757.9895 2745.401 2732.913 2720.7275 2566.6443 2722.7417 2746.0051 2767.456 2787.4968 2807.135 2826.068 2844.7998 2862.9272 2880.7524 2898.578 2916.101 2933.4229 2950.6438 2967.7642 2984.5825 -3125.5737 -354.89502 2583.966 2984.4817 2970.4834 2955.5786 2940.3716 2924.3591 2865.747 2587.793 2886.8958 2875.1128 2862.7258 2850.1372 2837.146 2824.054 2811.0625 2797.8699 2784.8784 2772.0886 2759.2986 2746.6094 2734.2224 2721.3318 1981.2286 2726.3672 2749.3286 2770.7793 2791.2231 2810.559 2829.6936 2848.123 2866.2505 2884.1765 2901.8005 2919.3237 2936.6455 2953.8665 2970.8862 2987.8052 -2878.5369 -28.903198 2993.344 2983.5754 2969.7783 2954.8735 2940.573 2925.1648 2906.3323 2663.324 2886.09 2874.0051 2861.7188 2849.0295 2836.139 2823.1475 2809.854 2796.8628 2783.7708 2770.8801 2758.191 2745.5017 2733.1145 2720.3247 965.18555 2728.9856 2751.8462 2772.7935 2792.8345 2812.1704 2831.1035 2849.533 2867.5598 2885.4858 2903.2104 2920.8342 2938.0554 2955.075 2972.1953 2989.1143 -2732.4097 148.04077 2997.0703 2983.7769 2969.174 2954.9744 2939.9688 2923.1506 2826.37 2640.1611 2886.2915 2874.408 2862.1216 2849.3315 2836.441 2823.3489 2810.2568 2797.0642 2784.0728 2771.283 2758.493 2745.8037 2733.316 2721.0295 -218.7378 2732.0068 2754.5654 2775.714 2795.8557 2815.1917 2834.1248 2852.4536 2870.581 2888.4062 2906.0303 2923.5535 2940.7744 2957.9956 2974.9146 2991.934 -2376.004 564.8712 2995.761 2981.7627 2967.865 2952.4565 2937.2498 2921.338 2732.7117 2896.463 2885.1836 2873.3 2860.913 2848.2239 2835.2324 2822.0398 2809.0483 2795.9563 2782.965 2770.0745 2757.3853 2744.696 2732.2083 2719.519 -1646.4752 2733.6182 2756.076 2777.2246 2797.1648 2816.6016 2835.4338 2853.662 2871.7896 2889.7156 2907.3394 2924.762 2942.0837 2959.204 2976.0222 2993.042 -1986.264 1047.7661 2992.337 2978.2378 2964.038 2946.9177 2931.8115 2915.8997 2524.4475 2894.6501 2882.7666 2870.883 2858.496 2845.706 2832.7148 2819.6228 2806.5308 2793.5393 2780.548 2767.758 2754.8674 2742.279 
3299.8992 3299.8992 3299.8992 2938.6597 -2635.8306 -2623.2422 -2611.4592 -2599.475 -2587.793 -2576.1108 -2564.5293 -2553.1494 -2541.7693 -1578.6987 2126.9531 3299.8992 2073.88 -503.64075 -2013.2538 -2549.6245 -2330.6853 -1965.8203 -2518.0022 -2506.8237 -2495.5444 -2484.3657 -2473.4893 -2462.5122 -2451.8372 -2441.0613 -2430.3862 -2419.812 3299.8992 3299.8992 3299.8992 3299.8992 3299.8992 3299.8992 3299.8992 3299.8992 3299.8992 3299.8992 3299.8992 2469.9646 -2621.53 -2609.0422 -2597.1587 -2585.376 -2573.593 -2561.911 -2550.4302 -2538.9495 -2527.4688 -1273.7549 2583.6638 3299.8992 1730.1636 -630.63354 -2105.5022 -2396.1455 -1938.1256 -1473.8617 -2508.737 -2497.4578 -2486.1785 -2475 -2464.1235 -2453.3477 -2442.572 -2431.7961 -2421.3225 -2365.631 3299.8992 3299.8992 3299.8992 3299.8992 3299.8992 3299.8992 3299.8992 3299.8992 3299.8992 3299.8992 3299.8992 1854.3365 -2611.56 -2599.5757 -2587.2893 -2575.5066 -2563.623 -2552.1423 -2540.5608 -2529.181 -2517.9016 -723.68774 3299.8992 3299.8992 1888.8794 -159.7229 -2065.6218 -2028.9642 -1472.5525 -1283.4229 -2511.557 -2500.177 -2488.7969 -2477.6184 -2466.641 -2455.8655 -2445.0896 -2434.314 -2423.7395 -2160.791 3299.8992 3299.8992 3299.8992 3299.8992 3299.8992 3299.8992 3299.8992 3299.8992 3299.8992 3299.8992 3299.8992 1289.2639 -2612.5671 -2600.5828 -2588.1958 -2576.5137 -2564.7307 -2553.25 -2541.6687 -2530.188 -2518.9087 -546.9452 3299.8992 3299.8992 1650.4028 -259.021 -2059.378 -2029.1656 -1795.1202 -1716.568 -2509.6436 -2498.2634 -2487.085 -2476.1077 -2464.9292 -2454.0527 -2443.2769 -2432.5012 -2421.8262 -1780.8197 3299.8992 3299.8992 3299.8992 3299.8992 3299.8992 3299.8992 3299.8992 3299.8992 3299.8992 3299.8992 3299.8992 643.42346 -2610.6536 -2598.77 -2586.4836 -2574.6 -2563.0188 -2551.4373 -2539.856 -2528.3752 -2517.1965 -109.16748 3299.8992 3299.8992 1815.9668 -6.9488525 -1942.6575 -1746.6797 -1253.714 -1419.6808 -2518.7073 -2507.2266 -2495.8464 -2484.97 -2473.59 -2462.7136 -2451.8372 -2440.9607 -2430.3862 -1245.4559 3299.8992 3299.8992 3299.8992 3299.8992 3299.8992 3299.8992 3299.8992 3299.8992 3299.8992 3299.8992 3299.8992 -353.78723 -2615.9912 -2604.0068 -2591.8213 -2580.0383 -2568.5576 -2556.8755 -2545.3948 -2533.914 -2522.6348 -135.95581 3299.8992 3299.8992 1688.6719 -31.82373 -2291.51 -2147.5981 
-1694.0094 -1811.0321 -1543.9545 -510.89172 9.667969 267.27905 514.1144 702.1362 76.135254 -2391.211 -3263.6443 -3248.7395 -3234.0361 -3219.5342 -3205.3345 -3191.2354 -3177.3376 -3163.44 -3149.7437 -3136.3494 -3122.8545 -3109.6619 -2838.3545 3098.584 3299.8992 3299.8992 3299.8992 3299.8992 3299.8992 3299.8992 3299.8992 3299.8992 3299.8992 3299.8992 3299.8992 3299.8992 3229.4036 788.2416 -843.8324 -1566.8152 -1835.8063 -1918.4875 -1570.8435 -467.08374 53.878784 345.42847 680.484 889.55383 110.476685 -2420.3154 -3255.89 -3240.985 -3226.5837 -3211.9812 -3197.7812 -3183.783 -3169.7844 -3156.0881 -3142.694 -3129.0984 -3115.805 -3102.5115 -2511.6577 3299.8992 3299.8992 3299.8992 3299.8992 3299.8992 3299.8992 3299.8992 3299.8992 3299.8992 3299.8992 3299.8992 3299.8992 3299.8992 3204.9316 971.933 -582.5958 -1272.345 -1637.0087 -1708.5114 -1368.0176 -349.6582 182.98645 391.45203 596.0907 649.1638 -394.9768 -3068.573 -3253.473 -3238.7695 -3223.9653 -3209.6648 -3195.5657 -3181.4666 -3167.7703 -3153.8726 -3140.277 -3126.7822 -3113.6902 -3100.3967 -2125.0396 3299.8992 3299.8992 3299.8992 3299.8992 3299.8992 3299.8992 3299.8992 3299.8992 3299.8992 3299.8992 3299.8992 3299.8992 3299.8992 2932.7178 414.31274 -951.18713 -1429.3488 -1696.7285 -1572.2534 -1073.6481 -50.857544 393.4662 608.07495 758.432 857.6294 -275.3357 -3016.0034 -3254.2786 -3239.4744 -3225.0732 -3210.4705 -3196.2708 -3182.1716 -3168.3745 -3154.6782 -3140.982 -3127.588 -3114.4958 -3101.1016 -1769.0369 3299.8992 3299.8992 3299.8992 3299.8992 3299.8992 3299.8992 3299.8992 3299.8992 3299.8992 3299.8992 3299.8992 3299.8992 3299.8992 2863.733 517.8406 -746.24634 -1376.7792 -1620.3918 -1558.6578 -843.42957 135.65369 548.95935 704.1504 805.46265 754.303 -530.4291 -3239.978 -3260.4216 -3245.5168 -3230.8135 -3216.3115 -3202.1118 -3188.0127 -3174.115 -3160.4187 -3146.6216 -3133.1267 -3119.8333 -3106.6406 -1259.7565 3299.8992 3299.8992 3299.8992 3299.8992 3299.8992 3299.8992 3299.8992 3299.8992 3299.8992 3299.8992 3299.8992 3299.8992 3299.8992 2437.2344 -18.127441 -1167.6086 -1597.1283 -1707.3029 -1620.1904 -1195.1019 1.3092041 417.83752 630.4321 825.1007 603.4424 -961.56006 -3268.1763 -3253.07 -3238.2659 -3223.6633 -3209.3628 -3195.1628 -3181.1646 -3167.3674 -3153.6711 -3140.0757 -3126.6814 
3299.8992 3299.8992 3299.8992 930.9448 -3109.561 -3094.1528 -3079.248 -3064.4438 -3049.7405 -3035.44 -3021.1394 -3007.0403 -2993.042 -2979.3457 -2965.6494 -2952.0537 -2938.6597 -2925.3662 -2912.2742 -2899.1821 -2886.2915 -2873.5015 -2861.316 -2023.3246 -1307.2906 27.79541 1720.8984 3299.8992 3299.8992 3299.8992 3299.8992 3299.8992 3299.8992 3299.8992 3299.8992 3299.8992 3299.8992 3299.8992 3299.8992 3299.8992 3299.8992 3299.8992 3299.8992 239.68506 -3107.2449 -3091.9373 -3077.0325 -3062.2283 -3047.7263 -3033.3252 -3018.9238 -3004.9255 -2991.0278 -2977.2307 -2963.5344 -2950.0396 -2936.6455 -2923.4526 -2910.26 -2897.2686 -2884.378 -2871.5881 -2858.798 -2054.4434 -1174.2554 308.0658 2030.6763 3299.8992 3299.8992 3299.8992 3299.8992 3299.8992 3299.8992 3299.8992 3299.8992 3299.8992 3299.8992 3299.8992 3299.8992 3299.8992 3299.8992 3299.8992 3299.8992 -311.8927 -3106.9426 -3091.7358 -3076.7302 -3062.0269 -3047.3235 -3032.9224 -3018.8232 -3004.8247 -2990.7256 -2977.0293 -2963.2324 -2949.7375 -2936.444 -2923.1506 -2910.0586 -2897.0671 -2884.1765 -2871.4873 -2856.6833 -1829.7638 -1054.01 317.53235 2202.182 3299.8992 3299.8992 3299.8992 3299.8992 3299.8992 3299.8992 3299.8992 3299.8992 3299.8992 3299.8992 3299.8992 3299.8992 3299.8992 3299.8992 3299.8992 3299.8992 -865.2832 -3106.7412 -3091.4336 -3076.5288 -3061.8254 -3047.3235 -3032.9224 -3018.6218 -3004.5227 -2990.7256 -2976.7273 -2963.2324 -2949.7375 -2936.3433 -2922.9492 -2909.9578 -2896.8657 -2883.975 -2871.286 -2856.079 -1723.2147 -900.2289 500.6195 2259.4849 3299.8992 3299.8992 3299.8992 3299.8992 3299.8992 3299.8992 3299.8992 3299.8992 3299.8992 3299.8992 3299.8992 3299.8992 3299.8992 3299.8992 3299.8992 3299.8992 -1932.5867 -3104.828 -3089.6208 -3074.817 -3060.0127 -3045.5107 -3031.2102 -3017.0105 -3002.9114 -2988.9128 -2975.3174 -2961.7217 -2948.1262 -2934.732 -2921.4385 -2908.3464 -2895.4558 -2882.666 -2869.7754 -2791.2231 -2015.3687 -777.66724 701.8341 2520.7214 3299.8992 3299.8992 3299.8992 3299.8992 3299.8992 3299.8992 3299.8992 3299.8992 3299.8992 3299.8992 3299.8992 3299.8992 3299.8992 3299.8992 3299.8992 3299.8992 -2896.2615 -3101.2024 -3086.0962 -3071.1914 -3056.5886 -3042.1875 -3027.887 -3013.4856 -2999.588 -2985.6902 -2971.8933 -2958.2976 -2944.9036 -2931.5093 -2918.3167 -2905.2246 -2892.2332 
-1797.638 -1602.1637 -1121.4844 -51.260376 450.46692 819.36035 1205.6763 1203.36 1307.4921 53.67737 -1462.6831 3220.4407 3236.9568 3253.07 3269.284 3285.0952 3299.8992 -3283.6853 -3268.3777 -3252.8687 -3237.7625 -3222.8577 -2545.0928 1778.6041 3299.8992 3299.8992 3299.8992 3299.8992 3299.8992 3297.4822 3282.2754 3266.9678 3251.358 3235.5469 3220.0378 3204.2266 1895.7275 -704.3518 -1762.1887 -1962.2955 -1931.2775 -1674.472 -1103.3569 20.544434 665.1764 1041.925 1348.883 1296.112 1318.3685 -0.40283203 -1641.037 3222.2534 3238.7695 3254.9834 3271.0967 3287.1094 3299.8992 -3281.9731 -3266.464 -3251.358 -3236.0503 -3220.944 -2438.4429 1836.9141 3299.8992 3299.8992 3299.8992 3299.8992 3299.8992 3298.59 3283.484 3268.0754 3252.4658 3236.7554 3220.944 3205.2336 1840.1367 -678.26843 -1685.5499 -1847.287 -1857.2571 -1655.2368 -1035.2783 109.77173 694.0796 1128.7354 1530.7617 1517.569 1468.8263 46.92993 -1750.2045 3218.8293 3235.2446 3251.5593 3267.4712 3283.383 3298.993 -3285.3972 -3269.989 -3254.6814 -3239.4744 -3224.2676 -2087.8784 2393.3257 3299.8992 3299.8992 3299.8992 3299.8992 3299.8992 3291.9434 3276.9377 3261.5295 3246.0205 3230.2092 3214.5996 3196.2708 1449.6918 -980.896 -1919.1925 -2146.289 -1986.264 -1664.6027 -926.01013 114.80713 684.71375 1023.6969 1381.6132 1441.4337 1334.3811 -82.37915 -1979.4159 3221.9512 3238.3667 3254.5806 3270.6938 3286.5051 3299.8992 -3282.2754 -3266.867 -3251.6602 -3236.554 -3221.5483 -1740.8386 2692.63 3299.8992 3299.8992 3299.8992 3299.8992 3299.8992 3292.3462 3277.1392 3261.731 3246.121 3230.4106 3214.7002 3194.6594 1097.3145 -1185.7361 -2067.0317 -2277.008 -2101.1719 -1794.4153 -924.7009 109.16748 672.12524 1053.2043 1466.4093 1307.6935 1151.5961 -221.3562 -2382.6506 3230.713 3247.1282 3263.2415 3279.2542 3294.9646 -3289.4255 -3273.9165 -3258.609 -3243.3013 -3228.296 -3213.391 -1372.9523 3118.4233 3299.8992 3299.8992 3299.8992 3299.8992 3299.8992 3297.3816 3282.1746 3266.7664 3251.056 3235.3455 3219.635 3197.3784 1051.3916 -1077.8778 -1871.2555 -2070.2544 -2029.6692 -1650.4028 -949.07227 281.17676 780.48706 1038.0981 1357.7454 1029.538 725.7019 -723.98987 -2950.7446 3239.8772 3256.192 3272.2046 3288.1165 3299.8992 -3280.7646 -3265.2556 -3249.948 -3234.9426 
3299.8992 3299.8992 3299.8992 1512.2314 -1151.3947 -3000.9978 -2986.798 -2972.9004 -2959.204 -2945.7092 -2932.2144 -2919.0215 -2905.9294 -2892.9382 -2880.0476 -2867.2576 -2854.4678 -2841.7786 -2829.2908 -2816.9036 -2804.5166 -2792.3308 -2779.9438 -2058.5723 -1561.5784 -877.771 88.11951 933.4625 2690.918 3299.8992 3299.8992 3299.8992 3299.8992 3299.8992 3299.8992 3299.8992 3299.8992 3299.8992 3299.8992 3299.8992 3299.8992 3299.8992 3299.8992 1257.0374 -1305.5786 -2998.0774 -2983.8774 -2970.1812 -2956.4849 -2942.8894 -2929.495 -2916.403 -2903.2104 -2890.1184 -2877.2278 -2864.4377 -2851.8494 -2839.1602 -2826.6724 -2814.2852 -2801.7974 -2789.6118 -2775.714 -2113.156 -1553.6224 -801.83716 -34.643555 972.53723 2760.7085 3299.8992 3299.8992 3299.8992 3299.8992 3299.8992 3299.8992 3299.8992 3299.8992 3299.8992 3299.8992 3299.8992 3299.8992 3299.8992 3299.8992 1171.637 -1385.0372 -2994.6533 -2980.5542 -2966.6565 -2953.0608 -2939.566 -2926.1719 -2912.8784 -2899.7864 -2886.9963 -2874.1057 -2861.316 -2848.6267 -2836.139 -2823.5503 -2811.1633 -2798.6755 -2786.3892 -2716.4978 -1987.9761 -1408.7036 -753.3966 64.956665 1099.0265 3040.5762 3299.8992 3299.8992 3299.8992 3299.8992 3299.8992 3299.8992 3299.8992 3299.8992 3299.8992 3299.8992 3299.8992 3299.8992 3299.8992 3299.8992 748.3612 -1714.5538 -2990.7256 -2976.6265 -2962.8296 -2949.234 -2935.739 -2922.345 -2909.152 -2896.06 -2883.0688 -2870.1782 -2857.489 -2844.7998 -2832.312 -2819.8242 -2807.3364 -2795.05 -2782.7637 -2519.0093 -1723.2147 -1270.1294 -608.9813 255.99976 1388.6627 3299.8992 3299.8992 3299.8992 3299.8992 3299.8992 3299.8992 3299.8992 3299.8992 3299.8992 3299.8992 3299.8992 3299.8992 3299.8992 3299.8992 3123.4587 278.25623 -2107.7178 -2988.3086 -2974.2095 -2960.4126 -2946.9177 -2933.4229 -2920.0286 -2906.836 -2893.744 -2880.8533 -2867.9626 -2855.2734 -2842.5842 -2830.0964 -2817.6086 -2805.2214 -2792.8345 -2780.6487 -2515.686 -1845.1721 -1163.9832 -454.0924 422.6715 1558.7585 3299.8992 3299.8992 3299.8992 3299.8992 3299.8992 3299.8992 3299.8992 3299.8992 3299.8992 3299.8992 3299.8992 3299.8992 3299.8992 3299.8992 3053.7688 -46.42639 -2479.0283 -2985.4888 -2971.591 -2957.8948 -2944.2993 -2930.8044 -2917.511 -2904.318 -2891.226 -2878.3354 -2865.6462 -2852.8564 -2840.1672 -2827.5786 -2815.1917 -2802.8044 

97.283936 151.46484 121.9574 121.75598 112.89368 95.67261 50.454712 26.385498 -2.9205322 -8.258057 -52.267456 -153.3783 -262.14294 -288.22632 -262.64648 -234.34753 -174.22485 -129.20837 -85.5011 -63.949585 -77.24304 -72.71118 -52.267456 -11.178589 51.05896 75.83313 75.531006 93.0542 155.39246 168.5852 162.34131 158.61511 125.88501 91.64429 44.613647 28.399658 -12.789917 -49.95117 -36.4563 -13.494873 -34.34143 -46.627808 -52.368164 11.984253 34.643555 51.965332 78.75366 55.389404 10.574341 11.279297 21.148682 14.602661 11.480713 28.097534 -8.560181 -51.361084 -29.608154 55.288696 127.49634 230.2185 237.97302 166.0675 123.66943 91.8457 48.742676 -15.509033 -59.61914 -47.232056 -6.6467285 -61.834717 -112.08801 -136.96289 -136.25793 -144.6167 -158.81653 -160.62927 -157.70874 -155.79529 -133.13599 -110.57739 -79.45862 -67.07153 -69.68994 -50.756836 -35.34851 -33.33435 -45.318604 -68.984985 -96.37756 -66.16516 -43.90869 -20.947266 21.551514 71.09985 87.11243 90.234375 78.35083 83.99048 78.75366 62.539673 42.90161 42.599487 46.42639 72.006226 66.970825 46.92993 11.279297 37.261963 92.95349 63.949585 59.71985 36.053467 -7.3516846 -55.892944 -42.90161 62.74109 151.76697 202.12097 218.93921 175.33264 128.90625 85.5011 24.371338 -55.288696 -130.719 -176.44043 -238.67798 -289.83765 -306.35376 -256.80542 -191.2445 -87.61597 7.2509766 67.474365 53.878784 13.494873 0.10070801 -1.3092041 -6.7474365 -1.5106201 10.070801 42.700195 29.708862 -9.768677 -30.111694 -25.27771 -11.380005 27.493286 73.31543 59.317017 41.693115 24.371338 8.862305 -3.6254883 18.026733 54.0802 52.670288 -14.501953 -44.91577 10.372925 60.62622 32.125854 -1.9134521 18.832397 1.8127441 -9.970093 15.710449 32.629395 16.415405 8.761597 -50.756836 -93.55774 -107.65686 -82.47986 -68.481445 -50.656128 -17.321777 14.703369 13.494873 40.38391 122.25952 235.85815 260.12878 202.22168 149.45068 97.68677 34.94568 24.27063 52.166748 12.084961 -28.097534 -61.331177 -85.29968 -75.027466 -34.84497 -10.675049 -25.78125 -51.05896 -72.509766 -76.94092 
82.177734 89.63013 132.43103 83.99048 39.276123 6.8481445 -15.609741 -21.148682 -13.394165 -69.68994 -92.248535 -131.62537 -171.0022 -202.22168 -175.33264 -125.38147 -109.87244 -113.69934 -120.34607 -110.57739 -57.504272 -7.6538086 47.735596 68.38074 34.44214 23.26355 32.025146 50.55542 34.240723 84.99756 117.022705 106.54907 102.420044 127.89917 141.09192 116.922 109.06677 118.029785 120.84961 104.837036 86.10535 88.11951 97.68677 61.029053 41.088867 -21.853638 -104.63562 -120.84961 -90.03296 -133.74023 -182.3822 -169.49158 -113.29651 -59.317017 -23.666382 11.178589 -13.293457 -79.96216 -97.08252 -72.61047 -22.558594 10.775757 -0.20141602 10.775757 -22.155762 -38.36975 -51.5625 -70.495605 -68.07861 -16.516113 -18.832397 -58.61206 -34.94568 23.364258 78.95508 90.234375 92.752075 70.999146 10.473633 -10.574341 -15.509033 18.73169 105.441284 101.71509 74.020386 43.707275 25.378418 27.392578 45.117188 -1.8127441 -23.565674 -32.83081 -36.154175 -29.205322 3.4240723 36.35559 -1.6113281 -36.758423 -17.825317 12.387085 30.514526 21.75293 -6.2438965 -24.472046 -29.910278 2.3162842 12.789917 -7.6538086 -55.892944 -23.26355 -15.106201 -33.535767 -52.871704 -75.631714 -70.09277 -61.834717 -24.673462 5.5389404 -2.5177002 6.9488525 18.22815 44.210815 59.014893 33.535767 40.686035 39.47754 28.80249 30.111694 44.714355 -4.6325684 -6.8481445 8.862305 44.0094 88.723755 143.10608 173.31848 100.50659 -5.7403564 -77.74658 -126.086426 -155.29175 -192.3523 -192.85583 -154.38538 -134.14307 -116.015625 -99.60022 -121.85669 -140.38696 -76.034546 -49.145508 -30.615234 32.93152 70.09277 45.52002 12.487793 28.903198 57.10144 34.744263 44.613647 83.184814 153.07617 165.06042 120.95032 159.01794 189.12964 178.35388 158.91724 125.7843 35.44922 -13.696289 -55.288696 -59.61914 -41.189575 -5.6396484 18.026733 -41.189575 -100.00305 -98.39172 -95.269775 -102.319336 -117.22412 -119.540405 -74.42322 -42.196655 -24.069214 -13.796997 -18.22815 -33.737183 18.127441 26.486206 -10.473633 4.0283203 17.321777 -19.73877 -34.240723 -23.565674 15.307617 18.73169 22.558594 
2729.8918 2717.505 -3245.5168 2735.028 2757.2844 2778.131 2797.8699 2817.105 2835.9375 2854.1655 2872.293 2890.0176 2907.7422 2925.064 2942.4866 2959.506 2976.526 2993.344 -1909.9274 1069.4183 2992.1355 2978.54 2964.1387 2945.9106 2931.2073 2914.5903 2440.8599 2895.6572 2883.5723 2871.5881 2859.3018 2846.4111 2833.4197 2820.227 2807.2356 2794.043 2781.0515 2768.2617 2755.5725 2742.984 2730.496 2717.6055 2714.0808 2738.0493 2760.1042 2780.951 2800.891 2820.227 2838.858 2857.1868 2875.2136 2893.1396 2910.6628 2928.0852 2945.3064 2962.4268 2979.3457 2996.2646 -1857.3578 1130.0446 2994.351 2980.3528 2965.9514 2948.4282 2933.9263 2917.0073 2391.9158 2897.47 2885.4858 2873.3 2860.913 2848.0225 2835.031 2821.8384 2808.7463 2795.6543 2782.6628 2769.7722 2757.1838 2744.5952 2732.0068 2718.9148 2717.9077 2742.3796 2764.1326 2784.5764 2804.2144 2823.2483 2841.98 2860.1074 2878.134 2895.9595 2913.4827 2930.905 2948.2268 2965.2466 2982.1655 2998.9836 -1496.9238 1275.8698 2994.6533 2981.1584 2966.2537 2949.7375 2935.0342 2914.389 2243.6736 2898.7793 2886.8958 2874.8108 2862.4236 2849.4324 2836.3403 2823.3489 2810.0554 2796.9634 2783.9722 2771.1821 2758.3923 2745.9045 2733.316 2720.5261 2722.4395 2746.408 2767.9595 2788.3025 2807.7393 2826.773 2845.404 2863.632 2881.659 2899.2827 2916.9067 2934.2285 2951.4495 2968.4692 2985.4888 3003.3142 -1503.3691 1056.6284 2998.7822 2985.2874 2970.6848 2954.672 2939.264 2923.9563 2534.7197 2901.1963 2889.1113 2876.9255 2864.3372 2851.4465 2838.2537 2825.1616 2811.8682 2798.877 2785.8855 2772.9949 2760.205 2747.6165 2735.028 2721.5332 2727.777 2750.537 2771.8872 2792.4316 2812.0696 2830.902 2849.533 2867.5598 2885.5864 2903.311 2920.8342 2938.156 2955.3772 2972.3967 2989.3157 3079.3486 -1357.544 1493.6005 2999.286 2985.1868 2970.8862 2955.8806 2939.8682 2923.654 2446.8018 2901.599 2889.6147 2877.3284 2864.6392 2851.648 2838.556 2825.363 2812.271 2799.0784 2786.087 2773.1963 2760.4065 2747.8179 
-1426.9318 -1696.225 -2518.6064 -2507.2266 -2495.9473 -2485.0708 -2473.7915 -2462.915 -2451.8372 -2441.162 -2430.3862 -1363.5864 3299.8992 3299.8992 3299.8992 3299.8992 3299.8992 3299.8992 3299.8992 3299.8992 3299.8992 3299.8992 3299.8992 -917.1478 -2612.8691 -2600.9856 -2588.6992 -2577.017 -2565.4358 -2553.7537 -2542.273 -2530.8928 -2519.513 129.71191 3299.8992 3299.8992 1603.2715 70.19348 -1771.1517 -1628.1464 -1175.8667 -1700.0519 -2524.246 -2512.7654 -2501.3855 -2490.509 -2479.129 -2468.1519 -2457.376 -2446.399 -2435.7239 -821.87805 3299.8992 3299.8992 3299.8992 3299.8992 3299.8992 3299.8992 3299.8992 3299.8992 3299.8992 3299.8992 3299.8992 -1097.6166 -2618.7102 -2606.8267 -2594.641 -2582.8582 -2571.176 -2559.6953 -2548.114 -2536.734 -2502.0903 493.77136 3299.8992 3299.8992 1019.7693 -444.22302 -2296.4446 -2025.0366 -1315.9515 -1976.3947 -2521.527 -2510.147 -2498.8677 -2487.9912 -2476.712 -2465.7349 -2454.8584 -2444.0825 -2433.4075 -384.8053 3299.8992 3299.8992 3299.8992 3299.8992 3299.8992 3299.8992 3299.8992 3299.8992 3299.8992 3299.8992 3299.8992 -1495.816 -2616.8975 -2605.014 -2592.8284 -2581.1462 -2569.464 -2557.782 -2546.3013 -2534.9211 -2366.7388 900.93384 3299.8992 3170.288 270.90454 -862.26196 -2310.745 -2317.996 -1627.3407 -2358.078 -2511.7583 -2500.479 -2489.3005 -2478.5247 -2467.2454 -2456.369 -2445.5933 -2434.8174 -2424.1423 408.7738 3299.8992 3299.8992 3299.8992 3299.8992 3299.8992 3299.8992 3299.8992 3299.8992 3299.8992 3299.8992 3299.8992 -1878.8086 -2609.2437 -2597.461 -2585.376 -2573.4924 -2561.911 -2550.3296 -2538.8489 -2527.3682 -2084.6558 1430.5573 3299.8992 3121.646 34.34143 -1143.338 -2479.3303 -2427.5664 -1786.9629 -2514.7795 -2503.601 -2492.3218 -2481.143 -2470.3674 -2459.1887 -2448.413 -2437.6372 -2426.9622 -2416.388 1140.0146 3299.8992 3299.8992 3299.8992 3299.8992 3299.8992 3299.8992 3299.8992 3299.8992 3299.8992 3299.8992 3299.8992 -2001.8738 -2603.8054 -2591.6199 -2580.0383 -2568.2556 -2556.5735 -2545.0928 -2533.612 -2522.0305 -1937.0178 1709.6191 3299.8992 2879.242 137.46643 -1009.29565 -2096.237 -2246.1914 
-3113.2874 -3100.1953 -763.5681 3299.8992 3299.8992 3299.8992 3299.8992 3299.8992 3299.8992 3299.8992 3299.8992 3299.8992 3299.8992 3299.8992 3299.8992 3299.8992 2442.0684 137.56714 -1011.91406 -1554.6295 -1759.5703 -1699.8505 -668.29834 269.0918 616.1316 803.2471 1037.9974 775.6531 -991.67175 -3273.1108 -3258.0046 -3243.2007 -3228.4973 -3214.096 -3199.8962 -3185.797 -3171.8994 -3158.2031 -3144.3054 -3131.012 -3117.7185 -3104.5256 -147.53723 3299.8992 3299.8992 3299.8992 3299.8992 3299.8992 3299.8992 3299.8992 3299.8992 3299.8992 3299.8992 3299.8992 3299.8992 3299.8992 2271.469 211.78894 -899.0204 -1421.4935 -1611.8317 -1530.8624 -611.1969 203.63159 473.32764 610.0891 664.67285 262.7472 -1706.4972 -3272.1038 -3256.897 -3242.0928 -3227.5908 -3213.391 -3199.0906 -3184.8906 -3171.0938 -3157.2966 -3143.8018 -3130.2063 -3116.812 -3103.8208 328.2074 3299.8992 3299.8992 3299.8992 3299.8992 3299.8992 3299.8992 3299.8992 3299.8992 3299.8992 3299.8992 3299.8992 3299.8992 3299.8992 2138.333 130.11475 -892.9779 -1381.1096 -1636.6058 -1560.4706 -663.36365 116.31775 470.10498 681.6925 958.94165 564.9719 -1525.7263 -3276.9377 -3261.731 -3246.9268 -3232.3242 -3217.9229 -3203.6223 -3189.5232 -3175.525 -3161.6272 -3148.0315 -3134.6375 -3121.344 -3108.1511 655.70984 3299.8992 3299.8992 3299.8992 3299.8992 3299.8992 3299.8992 3299.8992 3299.8992 3299.8992 3299.8992 3299.8992 3299.8992 3299.8992 1688.4705 -275.4364 -1250.9949 -1472.5525 -1616.2628 -1481.012 -623.08044 83.99048 418.8446 668.9026 842.12036 328.4088 -1973.5748 -3272.406 -3257.5012 -3242.7979 -3228.0945 -3213.5925 -3199.4934 -3185.4949 -3171.4966 -3157.8003 -3144.2046 -3130.6091 -3117.3157 -3104.1228 1378.7933 3299.8992 3299.8992 3299.8992 3299.8992 3299.8992 3299.8992 3299.8992 3299.8992 3299.8992 3299.8992 3299.8992 3299.8992 3299.8992 1452.008 -453.891 -1215.8478 -1560.8734 -1796.0266 -1644.461 -624.0875 97.68677 389.33716 663.7665 884.0149 219.44275 -2241.8608 -3267.0684 -3252.063 -3237.3596 -3222.8577 -3208.4563 -3194.3572 -3180.359 -3166.5618 -3152.8655 -3139.3706 -3125.7751 
-2879.4434 -2866.7542 -2768.0603 -1804.0833 -1005.7709 529.6234 2653.4546 3299.8992 3299.8992 3299.8992 3299.8992 3299.8992 3299.8992 3299.8992 3299.8992 3299.8992 3299.8992 3299.8992 3299.8992 3299.8992 3299.8992 3299.8992 2900.4912 -3109.6619 -3094.3542 -3079.248 -3064.4438 -3049.7405 -3035.3394 -3021.0388 -3006.9397 -2993.042 -2979.1443 -2965.5486 -2951.9531 -2938.3574 -2925.1648 -2911.972 -2899.0813 -2886.09 -2873.3 -2860.7117 -2348.9136 -1439.621 -644.53125 794.989 2755.9753 3299.8992 3299.8992 3299.8992 3299.8992 3299.8992 3299.8992 3299.8992 3299.8992 3299.8992 3299.8992 3299.8992 3299.8992 3299.8992 3299.8992 3299.8992 2834.729 -3109.6619 -3094.2534 -3079.248 -3064.3433 -3049.7405 -3035.3394 -3021.0388 -3006.9397 -2992.9412 -2979.1443 -2965.5486 -2951.8523 -2938.4583 -2925.2654 -2911.972 -2898.9807 -2885.9893 -2873.3 -2860.6108 -2199.5635 -1300.1404 -452.6825 1037.2925 3141.687 3299.8992 3299.8992 3299.8992 3299.8992 3299.8992 3299.8992 3299.8992 3299.8992 3299.8992 3299.8992 3299.8992 3299.8992 3299.8992 3299.8992 3299.8992 2486.1785 -3112.1794 -3096.6704 -3081.5642 -3066.8608 -3052.2583 -3037.857 -3023.355 -3009.2559 -2995.2576 -2981.6619 -2967.7642 -2954.1687 -2940.7744 -2927.481 -2914.389 -2901.1963 -2888.4062 -2875.5156 -2862.8264 -1951.8219 -1328.3386 -398.09875 1084.1217 3133.1267 3299.8992 3299.8992 3299.8992 3299.8992 3299.8992 3299.8992 3299.8992 3299.8992 3299.8992 3299.8992 3299.8992 3299.8992 3299.8992 3299.8992 3299.8992 1945.4773 -3111.7766 -3096.3684 -3081.3628 -3066.5588 -3051.7546 -3037.3535 -3023.053 -3009.0544 -2995.0562 -2981.259 -2967.5627 -2953.9673 -2940.4724 -2927.179 -2914.087 -2900.9949 -2888.2048 -2875.3142 -2862.7258 -1757.0526 -1189.8651 -167.07458 1341.1285 3299.8992 3299.8992 3299.8992 3299.8992 3299.8992 3299.8992 3299.8992 3299.8992 3299.8992 3299.8992 3299.8992 3299.8992 3299.8992 3299.8992 3299.8992 3299.8992 1569.5343 -3113.8916 -3098.584 -3083.6792 -3068.7744 -3054.1716 -3039.6697 -3025.5706 -3011.3708 -2997.2717 -2983.4746 -2969.7783 -2956.1829 -2942.688 -2929.3945 -2916.3025 -2903.2104 -2890.3198 
-3219.8364 -3205.0322 -866.1896 3299.8992 3299.8992 3299.8992 3299.8992 3299.8992 3299.8992 3299.8992 3287.0085 3271.4995 3255.789 3240.1794 3224.2676 3063.1348 516.8335 -1436.7004 -2027.2522 -2198.8586 -1992.7094 -1583.0292 -425.0885 586.2213 1139.209 1455.5328 1719.1864 1402.5604 932.254 -618.24646 -3095.462 3237.4602 3253.775 3269.8882 3285.901 3299.8992 -3282.8796 -3267.4712 -3252.063 -3236.9568 -3221.9512 -3207.0464 -636.97815 3299.8992 3299.8992 3299.8992 3299.8992 3299.8992 3299.8992 3298.892 3283.6853 3268.3777 3252.5664 3236.9568 3221.1455 3042.9932 494.77844 -1332.6691 -1949.8077 -2059.7808 -1932.486 -1560.5713 -423.57788 439.69116 834.1644 1146.0571 1480.8105 1134.8785 636.87744 -733.4564 3232.6262 3241.287 3257.5012 3273.715 3289.627 3299.8992 -3279.3547 -3263.745 -3248.538 -3233.432 -3218.3257 -3203.5217 -283.69446 3299.8992 3299.8992 3299.8992 3299.8992 3299.8992 3299.8992 3299.6978 3284.491 3268.982 3253.2715 3237.561 3221.8506 2959.909 390.44495 -1291.2781 -1852.2217 -1867.8314 -1762.4908 -1476.9836 -353.4851 525.09155 920.2698 1292.5873 1691.1896 1348.1781 671.9238 -757.52563 3220.3398 3236.9568 3253.372 3269.4854 3285.3972 3299.8992 -3283.1816 -3267.7734 -3252.5664 -3237.3596 -3222.354 -3207.3486 -94.262695 3299.8992 3299.8992 3299.8992 3299.8992 3299.8992 3299.8992 3294.7632 3279.657 3264.148 3248.538 3232.8276 3217.1172 2853.964 137.66785 -1403.8696 -1944.873 -1954.9438 -1850.6104 -1436.5997 -301.01624 578.06396 1094.7968 1454.1229 1694.2108 1155.1208 285.10437 -1017.0502 3222.052 3238.4673 3254.8828 3270.8953 3286.6057 3299.8992 -3281.9731 -3266.565 -3251.1565 -3236.0503 -3221.045 -3157.3975 539.4928 3299.8992 3299.8992 3299.8992 3299.8992 3299.8992 3299.8992 3291.8425 3276.535 3261.026 3245.5168 3229.8064 3214.096 2706.1248 31.924438 -1371.2402 -1711.2305 -1773.5687 -1705.893 -1331.7627 -304.74243 395.78247 842.3218 1215.0421 1472.4518 869.9158 -105.340576 -1372.1466 3226.7852 3243.2007 3259.616 3275.4272 3291.339 3299.8992 -3277.4414 -3262.1338 -3246.8262 -3231.8206 
-2790.619 -2778.3325 -2520.822 -1779.9133 -1298.8312 -541.0034 475.74463 1721.6034 3299.8992 3299.8992 3299.8992 3299.8992 3299.8992 3299.8992 3299.8992 3299.8992 3299.8992 3299.8992 3299.8992 3299.8992 3299.8992 3299.8992 2856.381 34.84497 -2363.4155 -2984.1797 -2970.282 -2956.4849 -2942.8894 -2929.3945 -2916.2017 -2903.1096 -2890.0176 -2877.127 -2864.2363 -2851.648 -2838.9587 -2826.5715 -2813.9832 -2801.6968 -2789.4104 -2777.2246 -2408.3313 -1758.7646 -1212.1216 -424.58496 575.24414 2027.7557 3299.8992 3299.8992 3299.8992 3299.8992 3299.8992 3299.8992 3299.8992 3299.8992 3299.8992 3299.8992 3299.8992 3299.8992 3299.8992 3299.8992 2719.4182 -39.98108 -2457.6782 -2985.4888 -2971.3896 -2957.6934 -2944.098 -2930.7036 -2917.4102 -2904.2175 -2891.226 -2878.3354 -2865.5457 -2852.7556 -2840.0664 -2827.5786 -2815.0908 -2802.7039 -2790.4175 -2778.433 -2145.6848 -1480.307 -893.0786 -253.17993 594.9829 2072.0671 3299.8992 3299.8992 3299.8992 3299.8992 3299.8992 3299.8992 3299.8992 3299.8992 3299.8992 3299.8992 3299.8992 3299.8992 3299.8992 3299.8992 2483.4595 -332.63855 -2636.6362 -2988.4094 -2974.411 -2960.7146 -2947.1191 -2933.5234 -2920.3308 -2907.138 -2894.2473 -2881.256 -2868.466 -2855.6763 -2842.987 -2830.3984 -2817.9106 -2805.6243 -2793.2373 -2781.1523 -1957.663 -1487.3566 -952.49634 -220.047 675.4486 2112.2498 3299.8992 3299.8992 3299.8992 3299.8992 3299.8992 3299.8992 3299.8992 3299.8992 3299.8992 3299.8992 3299.8992 3299.8992 3299.8992 3299.8992 2215.1733 -508.67615 -2836.9446 -2989.7185 -2975.8208 -2962.1245 -2948.529 -2935.1348 -2921.7407 -2908.5479 -2895.4558 -2882.7666 -2869.9768 -2857.1868 -2844.5984 -2832.0098 -2819.4214 -2807.0342 -2794.8486 -2782.4614 -1989.9902 -1484.6375 -843.7317 -51.260376 929.3335 2550.833 3299.8992 3299.8992 3299.8992 3299.8992 3299.8992 3299.8992 3299.8992 3299.8992 3299.8992 3299.8992 3299.8992 3299.8992 3299.8992 3299.8992 2014.3616 -665.67993 -2937.0483 -2993.1426 -2979.2449 -2965.5486 -2951.8523 -2938.5588 -2925.064 -2911.8713 -2898.7793 -2885.8887 -2873.0986 -2860.4094 -2847.7202 -2835.1318 -2822.5432 -2810.2568 

-59.61914 -54.58374 -48.641968 -16.314697 -8.660889 -61.834717 -98.794556 -122.76306 -158.11157 -154.28467 -163.4491 -134.6466 -92.55066 -58.309937 -44.41223 -51.864624 -32.83081 -7.1502686 8.963013 27.392578 27.392578 27.392578 27.392578 27.392578 27.392578 27.392578 27.392578 27.392578 27.392578 27.392578 27.392578 27.392578 27.392578 27.392578 27.392578 27.392578 27.392578 27.392578 27.392578 27.392578 100.305176 17.321777 1.0070801 44.41223 63.64746 21.853638 -34.44214 -66.16516 -100.909424 -81.27136 -101.01013 -108.66394 -90.43579 -73.013306 -91.8457 -97.38464 -23.666382 17.120361 26.586914 20.947266 82.58057 153.27759 157.60803 81.674194 -10.473633 -34.34143 -45.41931 -125.079346 -193.46008 -215.21301 -145.42236 -58.410645 15.206909 65.15808 84.39331 64.25171 25.982666 -14.401245 -34.542847 -35.650635 -4.8339844 -15.509033 -18.530273 -12.185669 -14.300537 10.070801 39.47754 20.343018 -14.199829 20.443726 30.111694 34.039307 32.93152 -6.2438965 -33.33435 -49.95117 -31.622314 -40.283203 -78.149414 -66.467285 -29.910278 34.744263 55.59082 42.90161 26.385498 2.6184082 -34.84497 -48.339844 -53.475952 -60.424805 -29.608154 -24.27063 -43.90869 -24.27063 19.134521 45.217896 60.62622 55.18799 49.0448 69.28711 94.06128 60.424805 41.189575 13.092041 -7.1502686 14.904785 12.286377 -0.10070801 10.171509 11.581421 -13.293457 -27.996826 -53.67737 -100.70801 -150.45776 -162.74414 -92.95349 -22.155762 21.75293 42.196655 76.638794 130.31616 133.63953 153.07617 151.66626 98.49243 70.09277 124.77722 196.07849 193.56079 147.83936 38.168335 -48.843384 -79.76074 -110.27527 -147.73865 -119.84253 -56.497192 -52.368164 -69.992065 -101.412964 -178.25317 -150.75989 -112.08801 -96.07544 -98.49243 -96.37756 -94.3634 -105.441284 -82.177734 -52.06604 -32.528687 -11.984253 -32.83081 -58.71277 -77.24304 -73.81897 -65.05737 -69.08569 -55.389404 -10.171509 29.205322 41.99524 40.283203 18.328857 23.666382 36.85913 67.977905 82.58057 57.806396 33.535767 30.010986 53.375244 87.81738 131.72607 138.47351 122.66235 89.93225 43.606567 -21.047974 
17.623901 74.42322 111.58447 118.533325 149.95422 189.53247 195.67566 187.61902 164.35547 74.020386 24.77417 -29.80957 -67.27295 -92.85278 -106.34766 -108.36182 -137.46643 -127.99988 -100.70801 -101.412964 -115.81421 -110.17456 -66.06445 11.984253 57.907104 35.85205 1.9134521 -52.770996 -69.992065 -52.267456 -84.99756 -97.283936 -78.25012 -36.557007 -3.8269043 45.52002 86.50818 114.4043 85.60181 83.184814 95.269775 170.49866 177.04468 143.71033 98.49243 57.504272 34.44214 15.911865 12.387085 -35.147095 -56.799316 -83.58765 -81.87561 -58.007812 -38.974 -15.408325 -56.799316 -102.420044 -135.65369 -127.89917 -111.78589 -114.001465 -77.44446 -35.549927 -29.608154 -45.01648 -60.525513 -73.013306 -82.27844 -39.779663 -67.17224 -74.72534 -29.205322 9.567261 26.385498 66.76941 135.55298 177.04468 155.79529 120.24536 85.29968 106.8512 79.156494 3.9276123 -26.78833 -20.343018 -14.401245 3.3233643 -0.10070801 -65.460205 -93.759155 -99.90234 -62.64038 -27.493286 -23.76709 -24.371338 -76.94092 -116.015625 -125.18005 -111.28235 -71.09985 -16.314697 41.290283 9.970093 -37.564087 -43.606567 -7.9559326 35.95276 75.22888 131.22253 155.09033 175.63477 161.83777 113.80005 52.670288 38.571167 81.57349 116.015625 118.029785 82.07703 26.989746 43.00232 36.254883 37.664795 33.83789 24.77417 7.9559326 -2.6184082 -5.7403564 -23.364258 -33.43506 -40.585327 -23.464966 30.413818 57.000732 57.70569 1.0070801 -46.92993 -64.25171 -85.5011 -109.3689 -140.68909 -124.575806 -90.03296 -57.10144 -15.609741 33.233643 9.567261 4.2297363 35.147095 49.54834 66.06445 105.84412 118.43262 82.37915 60.324097 74.020386 67.77649 24.169922 -0.30212402 -8.963013 37.36267 -3.6254883 -37.36267 -46.627808 -57.000732 -53.878784 -61.6333 -63.546753 -70.89844 -65.460205 -82.681274 -88.82446 -63.24463 -44.714355 -27.191162 -68.58215 -101.21155 -111.483765 -105.54199 -141.79688 -176.74255 -201.3153 -181.37512 -125.28076 -78.048706 -75.631714 -85.29968 -21.75293 61.029053 100.808716 107.455444 133.63953 157.50732 136.35864 135.35156 155.59387 120.7489 64.25171 29.708862 
2735.33 2721.5332 2730.7983 2754.0618 2775.3113 2795.2515 2814.5874 2833.4197 2851.95 2869.9768 2888.0034 2905.728 2923.1506 2940.3716 2957.6934 2974.6123 2991.5312 3198.4863 -1254.9225 1383.6273 3001.1992 2987.503 2971.994 2956.5857 2942.1843 2925.4668 2633.7158 2903.009 2890.924 2878.5369 2865.9485 2852.8564 2839.7644 2826.471 2813.278 2800.186 2787.094 2774.3042 2761.615 2748.825 2736.2366 2718.814 2735.33 2757.4858 2778.534 2798.6755 2818.112 2836.9446 2855.374 2873.5015 2891.4275 2908.9507 2926.4739 2943.7957 2960.916 2977.9358 2994.8547 3260.321 -856.92444 2002.5787 2999.6887 2985.4888 2970.6848 2954.773 2939.8682 2922.7478 2578.7292 2901.599 2889.7156 2877.3284 2864.5386 2851.648 2838.3545 2825.2625 2812.0696 2798.9775 2785.8855 2773.0957 2760.3057 2747.7173 2735.1287 2449.4202 2737.0422 2758.9966 2779.9438 2800.0854 2819.4214 2838.2537 2856.6833 2874.8108 2892.636 2910.3606 2927.7832 2945.0042 2962.2253 2979.2449 2995.9624 -3065.149 -498.30322 2295.639 2996.9695 2982.669 2967.0593 2952.356 2937.2498 2911.67 2620.7244 2899.0813 2887.2986 2874.71 2862.1216 2849.0295 2835.9375 2822.7446 2809.4512 2796.46 2783.368 2770.6787 2757.8887 2745.1995 2732.7117 1765.7135 2737.5457 2760.3057 2781.1523 2800.891 2820.0256 2838.7573 2857.0862 2875.2136 2893.0388 2910.6628 2928.0852 2945.3064 2962.5273 2979.547 2996.3652 -2963.7358 -690.7562 2390.7073 2997.6746 2983.7769 2968.872 2953.8665 2938.5588 2921.64 2906.836 2899.887 2887.802 2875.2136 2862.5244 2849.4324 2836.139 2823.1475 2809.9548 2796.762 2783.8713 2770.8801 2758.2915 2745.6023 2733.014 729.02527 2741.1711 2762.8235 2783.67 2803.61 2822.946 2841.5771 2859.906 2878.0334 2895.758 2913.4827 2930.905 2948.1262 2965.2466 2982.1655 2998.9836 -2657.1807 -225.38452 2632.0037 2995.761 2981.3599 2965.448 2949.6367 2935.2356 2858.9995 2744.3938 2898.88 2886.795 2874.408 2861.7188 2848.526 2835.4338 2822.2412 2809.0483 2795.9563 2782.965 2770.175 2757.4858 2744.7966 
-1725.3296 -2512.9668 -2501.184 -2490.0054 -2478.9275 -2467.749 -2457.074 -2446.0967 -2435.321 -2424.7466 -2414.0715 1778.302 3299.8992 3299.8992 3299.8992 3299.8992 3299.8992 3299.8992 3299.8992 3299.8992 3299.8992 3299.8992 2898.0742 -2612.265 -2599.9785 -2587.6921 -2576.01 -2564.2273 -2552.7466 -2541.0645 -2529.6843 -2518.3044 -1648.6908 2190.3992 3299.8992 2672.4883 -111.8866 -1283.725 -2334.0088 -2463.217 -2182.6445 -2504.1045 -2492.6238 -2481.4453 -2470.468 -2459.1887 -2448.6145 -2437.738 -2427.063 -2416.388 -2406.015 2567.9534 3299.8992 3299.8992 3299.8992 3299.8992 3299.8992 3299.8992 3299.8992 3299.8992 3299.8992 3299.8992 2778.3325 -2606.4238 -2594.1375 -2581.952 -2570.2698 -2558.4868 -2546.9055 -2535.324 -2523.944 -2512.564 -1469.0277 2559.494 3299.8992 2328.4697 -112.79297 -1749.1974 -2382.1472 -2246.8962 -1513.2385 -2499.2705 -2487.6892 -2476.5105 -2465.5334 -2454.4556 -2443.7805 -2433.0046 -2422.3296 -2411.856 -2401.3823 3299.8992 3299.8992 3299.8992 3299.8992 3299.8992 3299.8992 3299.8992 3299.8992 3299.8992 3299.8992 3299.8992 1900.3601 -2599.878 -2587.6921 -2575.5066 -2563.8245 -2552.1423 -2540.5608 -2529.08 -2517.7002 -2506.32 -1358.2489 2871.5881 3299.8992 1964.5111 -45.318604 -1632.4768 -1952.3254 -1708.3099 -1283.2214 -2498.8677 -2487.2864 -2476.1077 -2464.9292 -2453.8513 -2443.2769 -2432.4004 -2421.7253 -2411.2517 -2400.778 3299.8992 3299.8992 3299.8992 3299.8992 3299.8992 3299.8992 3299.8992 3299.8992 3299.8992 3299.8992 3299.8992 1537.207 -2598.8708 -2586.685 -2574.4995 -2562.918 -2551.1353 -2539.6545 -2528.073 -2516.693 -2505.313 -862.4634 3299.8992 3299.8992 1818.6859 -137.66785 -1951.7212 -2256.8665 -1835.5042 -1418.9758 -2496.4507 -2484.7686 -2473.59 -2462.6128 -2451.4343 -2440.8599 -2430.0842 -2419.5098 -2408.8347 -2294.5312 3299.8992 3299.8992 3299.8992 3299.8992 3299.8992 3299.8992 3299.8992 3299.8992 3299.8992 3299.8992 3299.8992 1031.3507 -2596.7559 -2584.5703 -2572.3845 -2560.8032 -2549.121 -2537.5396 -2526.0588 -2514.679 -2503.2988 -666.08276 3299.8992 3299.8992 1869.9463 -4.4311523 -2049.1057 -2277.411 -2253.241 
-3112.5823 -3099.4902 1955.0446 3299.8992 3299.8992 3299.8992 3299.8992 3299.8992 3299.8992 3299.8992 3299.8992 3299.8992 3299.8992 3299.8992 3299.8992 3299.8992 1349.588 -373.72742 -1075.058 -1381.1096 -1532.0709 -1367.1112 -476.5503 96.67969 379.56848 580.9845 760.7483 40.88745 -2587.2893 -3265.2556 -3250.2502 -3235.5469 -3221.045 -3206.7444 -3192.6453 -3178.7476 -3164.8499 -3151.1536 -3137.6587 -3124.1638 -3110.971 -2962.5273 2589.4043 3299.8992 3299.8992 3299.8992 3299.8992 3299.8992 3299.8992 3299.8992 3299.8992 3299.8992 3299.8992 3299.8992 3299.8992 3297.0793 1162.7747 -451.27258 -1135.6842 -1445.7642 -1568.4265 -1220.4803 -307.46155 237.87231 511.8988 774.14246 908.0841 126.589966 -2603.604 -3269.1833 -3254.1777 -3239.3738 -3224.8718 -3210.4705 -3196.2708 -3182.2722 -3168.4753 -3154.779 -3141.1833 -3127.6885 -3114.395 -2729.0862 3195.6665 3299.8992 3299.8992 3299.8992 3299.8992 3299.8992 3299.8992 3299.8992 3299.8992 3299.8992 3299.8992 3299.8992 3299.8992 3226.2817 874.3469 -732.9529 -1333.6761 -1523.8129 -1684.14 -1350.5951 -303.73535 212.09106 436.2671 724.6948 822.88513 -219.64417 -3107.0435 -3264.5508 -3249.646 -3234.9426 -3220.5413 -3206.1401 -3192.041 -3178.1433 -3164.1448 -3150.65 -3137.155 -3123.761 -3110.4675 -2486.38 3299.8992 3299.8992 3299.8992 3299.8992 3299.8992 3299.8992 3299.8992 3299.8992 3299.8992 3299.8992 3299.8992 3299.8992 3299.8992 3116.0063 699.92065 -758.5327 -1247.9736 -1473.5596 -1488.4644 -974.35 -95.269775 365.8722 546.0388 803.7506 851.2848 -378.15857 -3275.83 -3266.3635 -3251.4587 -3236.6545 -3222.1526 -3207.953 -3193.753 -3179.5532 -3165.9575 -3152.362 -3138.7664 -3125.473 -3112.0789 -1956.253 3299.8992 3299.8992 3299.8992 3299.8992 3299.8992 3299.8992 3299.8992 3299.8992 3299.8992 3299.8992 3299.8992 3299.8992 3299.8992 2914.2883 455.60303 -999.7284 -1523.6115 -1799.8535 -1898.0438 -1245.6573 -373.4253 -23.364258 260.83374 396.78955 427.6062 -753.1952 -3266.162 -3251.1565 -3236.3525 -3221.9512 -3207.6506 -3193.5515 -3179.4524 -3165.6555 -3151.9592 -3138.3635 -3124.9695 -3111.676 
-2877.4292 -2864.74 -1626.1322 -1106.5796 71.7041 1771.6553 3299.8992 3299.8992 3299.8992 3299.8992 3299.8992 3299.8992 3299.8992 3299.8992 3299.8992 3299.8992 3299.8992 3299.8992 3299.8992 3299.8992 3299.8992 3299.8992 693.1732 -3116.4092 -3101.1016 -3086.0962 -3071.292 -3056.79 -3042.288 -3027.9875 -3013.8884 -2999.8901 -2985.9924 -2972.2961 -2958.5999 -2945.3064 -2931.8115 -2918.7195 -2905.5266 -2892.7368 -2879.9468 -2867.2576 -1833.1879 -1308.5999 -66.6687 1645.9717 3299.8992 3299.8992 3299.8992 3299.8992 3299.8992 3299.8992 3299.8992 3299.8992 3299.8992 3299.8992 3299.8992 3299.8992 3299.8992 3299.8992 3299.8992 3299.8992 672.32666 -3115.6035 -3100.3967 -3085.2905 -3070.5872 -3056.0852 -3041.4824 -3027.182 -3013.0828 -2999.0845 -2985.1868 -2971.3896 -2957.9956 -2944.5007 -2931.2073 -2918.0144 -2904.9224 -2892.0317 -2879.0405 -2866.452 -1662.9913 -1261.1664 47.03064 1919.8975 3299.8992 3299.8992 3299.8992 3299.8992 3299.8992 3299.8992 3299.8992 3299.8992 3299.8992 3299.8992 3299.8992 3299.8992 3299.8992 3299.8992 3299.8992 3299.8992 -76.84021 -3114.8987 -3099.4902 -3084.4849 -3069.7815 -3055.0781 -3040.5762 -3026.3762 -3012.277 -2998.2788 -2984.4817 -2970.7854 -2957.089 -2943.695 -2930.4016 -2917.3096 -2904.1167 -2891.226 -2878.4363 -2865.5457 -1319.9799 -817.3462 494.87915 2336.4258 3299.8992 3299.8992 3299.8992 3299.8992 3299.8992 3299.8992 3299.8992 3299.8992 3299.8992 3299.8992 3299.8992 3299.8992 3299.8992 3299.8992 3299.8992 3299.8992 -768.7042 -3118.7256 -3103.6194 -3088.6138 -3073.8098 -3059.3079 -3044.806 -3030.5054 -3016.3054 -3002.3071 -2988.4094 -2974.7131 -2961.1174 -2947.6226 -2934.329 -2921.1365 -2907.9436 -2895.053 -2882.3638 -2865.9485 -1435.8948 -928.3264 363.3545 2304.2998 3299.8992 3299.8992 3299.8992 3299.8992 3299.8992 3299.8992 3299.8992 3299.8992 3299.8992 3299.8992 3299.8992 3299.8992 3299.8992 3299.8992 3299.8992 3299.8992 -1344.3512 -3118.1213 -3103.0151 -3088.0095 -3073.3062 -3058.6028 -3044.3022 -3029.9011 -3015.802 -3001.703 -2987.9058 -2974.2095 -2960.614 -2947.1191 -2933.9263 -2920.6328 -2907.6416 -2894.6501 
-3216.7144 -3038.3606 789.8529 3299.8992 3299.8992 3299.8992 3299.8992 3299.8992 3299.8992 3294.058 3278.8513 3263.3423 3247.6318 3232.022 3216.211 2381.2407 -389.03503 -1684.5428 -1956.4545 -1823.1171 -1589.4745 -1131.4545 -90.234375 577.4597 982.91016 1335.2875 1668.8324 988.04626 -53.375244 -1301.2482 3228.6987 3245.3154 3261.4287 3277.542 3293.3533 -3291.0369 -3275.5278 -3260.1196 -3244.9126 -3229.8064 -3214.9016 -2904.016 1109.8022 3299.8992 3299.8992 3299.8992 3299.8992 3299.8992 3299.8992 3293.9575 3278.8513 3263.2415 3247.531 3231.8206 3216.0095 2145.282 -536.7737 -1742.8528 -2051.9255 -2005.8014 -1860.4797 -1237.5 -36.053467 670.91675 1030.545 1452.8137 1822.3114 1130.0446 9.667969 -1342.9413 3231.015 3247.6318 3263.745 3279.8584 3295.5688 -3288.8213 -3273.2117 -3258.0046 -3242.697 -3227.5908 -3212.7869 -2646.0022 1446.2677 3299.8992 3299.8992 3299.8992 3299.8992 3299.8992 3299.8992 3293.5547 3278.3477 3262.738 3247.0276 3231.4177 3215.5059 1955.6488 -620.46204 -1780.719 -2029.7699 -1828.2532 -1561.9812 -862.26196 331.73218 937.79297 1212.9272 1424.4141 1550.2991 775.45166 -293.26172 -1672.3572 3230.31 3246.7253 3262.9395 3278.8513 3294.6624 -3289.7278 -3274.118 -3258.8103 -3243.6035 -3228.598 -3213.4917 -2373.7883 1844.9707 3299.8992 3299.8992 3299.8992 3299.8992 3299.8992 3299.8992 3290.0298 3274.9236 3259.314 3243.704 3227.893 3212.1826 1804.4861 -591.9617 -1594.9127 -1807.9102 -1865.1123 -1647.4823 -961.35864 133.53882 740.9088 1150.6897 1562.4847 1807.9102 1049.7803 -127.99988 -1668.9331 3224.771 3241.1865 3257.6018 3273.6145 3289.5264 3299.8992 -3279.4556 -3263.9465 -3248.7395 -3233.7341 -3218.7285 -1985.3577 2368.753 3299.8992 3299.8992 3299.8992 3299.8992 3299.8992 3297.7844 3281.5703 3266.3635 3250.8545 3235.144 3219.5342 3201.4067 1456.842 -818.7561 -1737.0117 -1895.7275 -1878.9093 -1649.7986 -822.98584 253.58276 871.8292 1294.2993 1638.3179 1876.2909 1023.4955 -246.83533 -2031.4819 3219.5342 3236.1511 3252.365 3268.2769 3284.3901 3299.8992 -3284.6924 -3269.1833 -3253.6743 -3238.4673 
-2798.0713 -2785.684 -2319.406 -1869.0399 -1216.5527 -267.984 730.7373 2375.299 3299.8992 3299.8992 3299.8992 3299.8992 3299.8992 3299.8992 3299.8992 3299.8992 3299.8992 3299.8992 3299.8992 3299.8992 3299.8992 3299.8992 1837.8204 -843.32886 -3001.602 -2987.503 -2973.5046 -2959.8083 -2946.3135 -2932.9192 -2919.6257 -2906.433 -2893.4417 -2880.3496 -2867.6604 -2854.8706 -2842.282 -2829.6936 -2817.3064 -2805.02 -2792.633 -2780.4473 -1973.4741 -1485.7452 -832.04956 -8.660889 949.4751 2814.0837 3299.8992 3299.8992 3299.8992 3299.8992 3299.8992 3299.8992 3299.8992 3299.8992 3299.8992 3299.8992 3299.8992 3299.8992 3299.8992 3299.8992 1288.559 -1386.5479 -2999.185 -2985.1868 -2971.289 -2957.6934 -2944.098 -2930.7036 -2917.4102 -2904.2175 -2891.226 -2878.5369 -2865.747 -2852.957 -2840.1672 -2827.6794 -2815.1917 -2802.8044 -2790.518 -2734.021 -1786.1572 -1455.13 -841.7175 8.560181 1036.1847 2839.7644 3299.8992 3299.8992 3299.8992 3299.8992 3299.8992 3299.8992 3299.8992 3299.8992 3299.8992 3299.8992 3299.8992 3299.8992 3299.8992 3299.8992 1374.6643 -1040.5151 -3001.602 -2987.3015 -2973.5046 -2959.8083 -2946.3135 -2932.8186 -2919.5251 -2906.433 -2893.341 -2880.4504 -2867.7612 -2855.072 -2842.3828 -2829.895 -2817.4072 -2805.1208 -2792.7336 -2780.3467 -1965.0146 -1470.3369 -682.49817 156.29883 1170.227 3051.3518 3299.8992 3299.8992 3299.8992 3299.8992 3299.8992 3299.8992 3299.8992 3299.8992 3299.8992 3299.8992 3299.8992 3299.8992 3299.8992 3299.8992 913.82446 -1574.2676 -2999.0845 -2984.9854 -2971.0876 -2957.492 -2943.8965 -2930.5022 -2917.2087 -2904.2175 -2891.226 -2878.3354 -2865.5457 -2852.8564 -2840.1672 -2827.8809 -2815.2922 -2802.9053 -2790.7195 -2623.0408 -1562.2833 -1064.7858 -380.07202 565.37476 1669.3359 3299.8992 3299.8992 3299.8992 3299.8992 3299.8992 3299.8992 3299.8992 3299.8992 3299.8992 3299.8992 3299.8992 3299.8992 3299.8992 3299.8992 3299.8992 631.3385 -1833.49 -3004.5227 -2990.4236 -2976.7273 -2962.8296 -2949.4353 -2936.1418 -2922.8484 -2909.555 -2896.5637 -2883.673 -2870.7825 -2858.0933 -2845.5046 -2833.0168 -2820.529 -2808.142 

-86.709595 -165.76538 -131.52466 -68.68286 -23.867798 13.998413 38.269043 46.02356 99.19739 137.26501 141.19263 161.43494 151.66626 107.55615 34.140015 -24.069214 -10.876465 15.307617 6.2438965 -73.013306 -158.61511 -172.71423 -137.36572 -49.0448 51.461792 80.86853 73.11401 67.67578 8.459473 -62.64038 -69.68994 -76.43738 -93.96057 -115.31067 -102.822876 -114.505005 -121.45386 -99.90234 -87.91809 -44.210815 -2.5177002 -20.947266 -17.926025 -29.80957 -5.8410645 14.300537 13.595581 14.099121 39.47754 45.92285 11.581421 3.2226562 6.5460205 -12.286377 -11.984253 35.650635 86.40747 78.552246 80.76782 71.90552 60.021973 79.35791 94.16199 84.695435 86.50818 89.63013 91.8457 115.008545 99.298096 79.156494 76.33667 42.196655 -9.567261 -63.64746 -107.85828 -104.53491 -59.317017 -5.6396484 49.145508 89.12659 75.531006 2.0141602 -23.666382 -53.274536 -81.7749 -118.73474 -193.15796 -258.41675 -221.65833 -147.94006 -96.780396 -45.822144 -36.657715 -66.87012 -107.455444 -108.05969 -58.410645 -54.58374 -46.325684 -32.32727 14.199829 53.979492 69.38782 115.41138 154.58679 153.98254 154.78821 177.04468 158.61511 174.92981 208.46558 215.21301 219.84558 233.844 193.96362 117.42554 65.460205 28.29895 -24.77417 -101.815796 -210.47974 -291.24756 -277.8534 -281.37817 -254.48914 -215.0116 -178.85742 -182.58362 -136.45935 -98.39172 -88.52234 -82.78198 -71.80481 -73.61755 -55.59082 4.2297363 51.864624 59.61914 64.25171 71.7041 77.74658 78.048706 20.846558 -15.609741 -28.198242 34.240723 153.27759 239.98718 234.85107 245.12329 290.3412 289.2334 269.2932 241.4978 193.35938 110.27527 -5.4382324 -88.92517 -132.83386 -132.53174 -84.79614 -3.0212402 48.339844 13.293457 -49.95117 -64.85596 -56.799316 -65.05737 -62.539673 -128.10059 -191.1438 -201.41602 -198.7976 -187.92114 -178.45459 -125.48218 -114.20288 -150.8606 -115.008545 -26.184082 36.254883 87.61597 121.85669 115.41138 71.30127 41.592407 89.42871 164.05334 159.42078 133.43811 116.922 87.716675 54.885864 19.436646 36.85913 85.702515 129.5105 111.18164 30.615234 25.177002 31.118774 -30.31311 -141.89758 -203.83301 -186.41052 -143.10608 -145.9259 -154.08325 -121.25244 -95.16907 -72.40906 -82.07703 -110.07385 -157.10449 -175.03052 -166.0675 -169.693 -181.97937 -140.48767 -39.175415 
17.72461 81.57349 59.61914 33.9386 32.42798 50.656128 60.525513 57.806396 35.85205 -6.9488525 -25.982666 -23.062134 14.703369 37.96692 18.429565 -12.387085 -69.992065 -72.006226 -47.43347 -13.796997 5.5389404 0.70495605 5.1361084 -13.897705 -16.21399 8.560181 -8.660889 -70.59631 -40.98816 6.3446045 29.003906 70.19348 69.28711 58.813477 37.261963 70.29419 124.072266 132.83386 129.00696 99.801636 73.516846 69.28711 0 -26.486206 -33.233643 -40.585327 -19.134521 14.703369 -2.3162842 -5.1361084 -11.077881 -17.926025 -3.5247803 47.43347 94.16199 78.149414 5.9417725 -33.33435 -38.067627 -16.918945 -28.701782 -56.5979 -50.857544 -94.96765 -107.25403 -80.86853 -60.827637 -70.69702 -34.84497 -22.76001 -69.38782 -90.93933 -67.977905 -40.585327 -41.793823 3.5247803 40.182495 44.91577 40.283203 74.92676 86.50818 83.78906 -21.75293 -47.43347 -49.0448 -73.41614 -110.476685 -129.00696 -154.38538 -176.1383 -155.09033 -127.49634 -110.980225 -93.85986 -90.83862 -153.3783 -161.33423 -93.55774 -28.701782 0.10070801 3.5247803 -3.2226562 40.585327 83.58765 116.922 142.50183 81.27136 34.44214 9.063721 -24.874878 -38.168335 -14.804077 23.666382 52.06604 42.095947 59.1156 73.91968 75.027466 105.54199 157.2052 221.55762 220.65125 156.39954 125.98572 112.69226 112.490845 122.86377 123.065186 83.184814 67.8772 44.714355 11.480713 -2.8198242 32.83081 69.1864 -4.6325684 -100.909424 -128.90625 -116.72058 -87.41455 -66.6687 -49.54834 -9.970093 5.2368164 -4.5318604 -16.21399 -18.73169 -22.457886 34.039307 60.525513 43.203735 59.61914 69.488525 70.09277 63.345337 63.64746 67.77649 33.233643 5.9417725 -4.5318604 -19.537354 -30.413818 -76.43738 -82.47986 -43.50586 -5.9417725 -8.358765 -18.832397 -66.87012 -88.220215 -107.958984 -102.62146 -95.87402 -61.73401 -30.615234 -41.99524 -73.11401 -72.61047 -58.007812 -24.673462 -18.429565 -13.796997 2.4169922 2.5177002 -20.141602 -20.343018 -24.874878 -64.65454 -16.415405 9.667969 6.3446045 20.846558 24.874878 14.703369 13.796997 39.074707 50.958252 38.47046 29.205322 -15.509033 -18.630981 -6.6467285 -30.917358 -23.26355 9.768677 25.579834 7.0495605 -10.272217 -66.87012 -27.896118 12.084961 -2.6184082 -30.514526 2.0141602 60.827637 68.68286 81.674194 84.59473 73.41614 77.74658 
2732.1074 -577.4597 2743.3867 2764.9382 2785.5835 2805.4229 2824.6582 2843.39 2861.7188 2879.7454 2897.5708 2915.094 2932.5164 2949.8381 2966.858 2983.7769 3000.595 -2589.7063 -105.23987 3008.7524 2995.2576 2980.6548 2965.3472 2951.248 2934.8328 2855.1726 2909.9578 2897.6714 2885.5864 2872.998 2860.3088 2847.2168 2834.024 2820.7305 2807.6384 2794.5464 2781.6558 2768.7651 2755.9753 2743.3867 2730.6975 -2312.86 2745.1995 2767.456 2787.8997 2807.437 2826.471 2845.0012 2863.2292 2881.3567 2899.0813 2916.6045 2934.027 2951.3489 2968.3684 2985.2874 3002.005 -1867.9321 623.08044 3003.1128 2989.3157 2975.2166 2958.3984 2943.2922 2928.186 2760.3057 2905.2246 2892.9382 2880.9539 2868.567 2855.6763 2842.5842 2829.4922 2816.2993 2803.2073 2790.0146 2777.2246 2764.4348 2751.7456 2739.157 2726.4678 2768.2617 2744.2932 2765.6433 2786.1877 2806.128 2825.2625 2843.9941 2862.323 2880.249 2898.0742 2915.5974 2932.9192 2950.241 2967.3613 2984.2803 3001.0986 -1807.7087 617.3401 3002.005 2988.3086 2973.5046 2957.6934 2942.4866 2927.481 2710.556 2903.6133 2891.327 2879.242 2866.7542 2853.8635 2840.872 2827.5786 2814.5874 2801.294 2788.4033 2775.4119 2762.622 2750.0334 2737.445 2724.5544 2722.238 2745.5017 2767.5566 2788.101 2807.437 2826.5715 2845.0012 2863.33 2881.3567 2899.0813 2916.6045 2934.027 2951.1475 2968.2678 2985.2874 3002.1057 -1645.7703 912.8174 3000.293 2986.5967 2972.2961 2956.4849 2941.1772 2926.2725 2777.5269 2901.6997 2889.5142 2877.127 2864.74 2851.8494 2838.6565 2825.4639 2812.271 2799.179 2786.1877 2773.297 2760.507 2747.9187 2735.431 2722.4395 2723.4465 2746.5088 2768.4631 2788.9067 2808.3435 2827.2766 2845.807 2864.1357 2882.0618 2899.887 2917.2087 2934.6313 2951.9531 2968.9727 2985.8916 3002.71 -1605.3864 971.32874 3000.293 2986.4958 2972.0947 2955.5786 2940.6738 2925.5676 2695.0469 2902.1025 2890.0176 2877.7312 2865.2434 2852.1514 2839.0593 2826.068 2812.6738 2799.6826 2786.6912 2773.8005 2761.0107 2748.422 2735.8337 2722.7417 2726.3672 2750.0334 2771.0815 2791.3237 2810.962 2830.0964 2848.7273 2866.8547 2884.8816 2902.6062 2920.1294 2937.4512 2954.672 2971.692 2988.6108 3030.1025 -1336.9995 1285.0342 2999.7893 
-1925.4364 -2492.0195 -2480.4382 -2469.2595 -2458.383 -2447.2046 -2436.6301 -2425.955 -2415.28 -2404.8064 -1927.7527 3299.8992 3299.8992 3299.8992 3299.8992 3299.8992 3299.8992 3299.8992 3299.8992 3299.8992 3299.8992 3299.8992 266.5741 -2592.3247 -2580.2397 -2568.2556 -2556.5735 -2544.8914 -2533.4106 -2521.93 -2510.5498 -2499.2705 -150.8606 3299.8992 3299.8992 1906.4026 93.65845 -1784.2438 -1990.4938 -1492.6941 -1576.7853 -2500.6804 -2488.7969 -2477.719 -2466.5405 -2455.7646 -2444.5862 -2433.9111 -2423.236 -2412.6616 -1723.6176 3299.8992 3299.8992 3299.8992 3299.8992 3299.8992 3299.8992 3299.8992 3299.8992 3299.8992 3299.8992 3299.8992 -269.99817 -2597.6624 -2585.4766 -2573.3916 -2561.8103 -2550.1282 -2538.6475 -2527.1667 -2515.7866 -2504.5073 -78.048706 3299.8992 3299.8992 1593.8049 -58.914185 -1843.2587 -1870.752 -1194.9005 -1402.8625 -2506.32 -2494.5374 -2483.258 -2472.2808 -2461.6057 -2450.3264 -2439.5508 -2428.8757 -2418.2007 -1020.9778 3299.8992 3299.8992 3299.8992 3299.8992 3299.8992 3299.8992 3299.8992 3299.8992 3299.8992 3299.8992 3299.8992 -829.63257 -2603.9062 -2591.8213 -2580.1392 -2568.1548 -2556.4727 -2544.8914 -2533.4106 -2521.93 -2506.9243 488.23242 3299.8992 3299.8992 1236.5936 -414.01062 -2471.2737 -2469.5618 -1712.439 -1997.5433 -2503.3997 -2492.221 -2481.0425 -2470.0652 -2459.3901 -2448.2117 -2437.4358 -2426.7607 -2416.0857 -689.3463 3299.8992 3299.8992 3299.8992 3299.8992 3299.8992 3299.8992 3299.8992 3299.8992 3299.8992 3299.8992 3299.8992 -898.0133 -2602.3955 -2590.21 -2578.5278 -2566.6443 -2555.0627 -2543.3806 -2531.7993 -2520.52 -2463.0156 474.33472 3299.8992 3036.9507 -29.003906 -1195.5048 -2518.5059 -2348.108 -1839.5325 -2375.601 -2489.099 -2478.0212 -2467.044 -2456.067 -2445.4924 -2434.4146 -2423.7395 -2413.1653 -2402.6917 202.5238 3299.8992 3299.8992 3299.8992 3299.8992 3299.8992 3299.8992 3299.8992 3299.8992 3299.8992 3299.8992 3299.8992 -1847.4884 -2589.8071 -2577.7222 -2566.1406 -2554.1565 -2542.575 -2530.9937 -2519.513 -2508.2336 -2189.795 1238.0035 3299.8992 3253.1707 313.60474 -732.55005 -2009.4269 -2099.2583 -1311.0168 -2039.2365 -2493.4294 -2482.3516 -2471.2737 -2460.1958 -2449.6216 -2438.4429 -2427.7678 -2417.0928 -2406.6191 665.3778 3299.8992 3299.8992 3299.8992 3299.8992 3299.8992 3299.8992 3299.8992 3299.8992 3299.8992 
-3098.584 -1642.4469 3299.8992 3299.8992 3299.8992 3299.8992 3299.8992 3299.8992 3299.8992 3299.8992 3299.8992 3299.8992 3299.8992 3299.8992 3299.8992 2880.7524 478.56445 -873.54126 -1356.9397 -1723.4161 -1582.9285 -738.89465 126.589966 358.5205 536.7737 715.9332 606.56433 -839.1998 -3267.874 -3252.7678 -3237.863 -3223.361 -3209.0605 -3194.5586 -3180.7617 -3166.9646 -3153.1677 -3139.572 -3126.178 -3112.8845 -3099.7925 -1026.9196 3299.8992 3299.8992 3299.8992 3299.8992 3299.8992 3299.8992 3299.8992 3299.8992 3299.8992 3299.8992 3299.8992 3299.8992 3299.8992 2444.284 6.1431885 -1197.821 -1509.3109 -1723.819 -1701.4618 -775.25024 98.0896 500.92163 750.07324 903.2501 782.1991 -929.5349 -3267.572 -3252.4658 -3237.561 -3223.2605 -3208.8591 -3194.5586 -3180.5603 -3166.6626 -3152.8655 -3139.3706 -3125.8757 -3112.683 -3099.4902 -639.8987 3299.8992 3299.8992 3299.8992 3299.8992 3299.8992 3299.8992 3299.8992 3299.8992 3299.8992 3299.8992 3299.8992 3299.8992 3299.8992 2246.8962 21.148682 -1040.1123 -1375.2686 -1553.0182 -1518.6768 -545.9381 161.13281 589.9475 774.7467 896.20056 608.8806 -1155.423 -3271.9023 -3256.7961 -3241.9922 -3227.2888 -3212.8875 -3198.6877 -3184.6892 -3170.691 -3156.9946 -3143.399 -3129.904 -3116.51 -3103.3171 107.65686 3299.8992 3299.8992 3299.8992 3299.8992 3299.8992 3299.8992 3299.8992 3299.8992 3299.8992 3299.8992 3299.8992 3299.8992 3299.8992 2057.0618 -53.274536 -1096.6095 -1371.0388 -1581.015 -1615.9607 -742.1173 -62.338257 204.43726 421.86584 621.3684 276.5442 -1637.915 -3265.457 -3250.4517 -3235.7483 -3221.2463 -3206.9458 -3192.8467 -3178.8481 -3165.0513 -3151.355 -3137.86 -3124.3652 -3111.2732 -3097.9797 444.0216 3299.8992 3299.8992 3299.8992 3299.8992 3299.8992 3299.8992 3299.8992 3299.8992 3299.8992 3299.8992 3299.8992 3299.8992 3299.8992 1890.7928 -166.97388 -1107.8888 -1425.5219 -1581.5186 -1498.6359 -530.9326 149.55139 389.33716 530.12695 810.0952 375.54016 -1814.7583 -3265.457 -3250.4517 -3235.8489 -3221.2463 -3207.0464 -3192.8467 -3178.8481 -3165.0513 -3151.355 -3137.7593 -3124.3652 -3111.0718 -3097.7783 897.7112 3299.8992 3299.8992 3299.8992 3299.8992 3299.8992 3299.8992 3299.8992 3299.8992 3299.8992 3299.8992 3299.8992 3299.8992 3299.8992 1647.9858 -340.49377 -1314.2395 -1510.9222 -1535.5957 
-2881.7595 -2795.6543 -1551.1047 -991.77246 351.26953 2438.3423 3299.8992 3299.8992 3299.8992 3299.8992 3299.8992 3299.8992 3299.8992 3299.8992 3299.8992 3299.8992 3299.8992 3299.8992 3299.8992 3299.8992 3299.8992 3299.8992 -2209.4329 -3114.395 -3099.0874 -3084.082 -3069.3787 -3054.8767 -3040.3748 -3026.1748 -3011.975 -2998.178 -2984.1797 -2970.6848 -2956.9885 -2943.5942 -2930.3008 -2917.1082 -2904.1167 -2891.226 -2878.3354 -2774.8076 -1690.8875 -696.8994 1637.1094 3299.8992 3299.8992 3299.8992 3299.8992 3299.8992 3299.8992 3299.8992 3299.8992 3299.8992 3299.8992 3299.8992 3299.8992 3299.8992 3299.8992 3299.8992 3299.8992 3299.8992 -1744.7662 -3121.344 -3106.0364 -3091.0308 -3076.2268 -3061.624 -3047.3235 -3032.9224 -3018.7224 -3004.724 -2990.8264 -2977.1301 -2963.4338 -2950.0396 -2936.6455 -2923.5535 -2910.4614 -2897.47 -2832.614 -2444.284 -2437.3352 -2290.2007 -1627.24 -21.954346 3299.8992 3299.8992 3299.8992 3299.8992 3299.8992 3299.8992 3299.8992 3299.8992 3299.8992 3299.8992 3299.8992 3299.8992 3299.8992 3299.8992 3299.8992 2265.628 -3087.7075 -3072.5005 -3057.6965 -3042.9932 -3028.4912 -3014.2913 -3000.0916 -2986.093 -2972.1953 -2958.5999 -2945.105 -2931.7107 -2918.4172 -2905.3252 -2892.334 -2879.4434 -2866.5527 -2854.065 -2841.4763 -1749.0967 -625.3967 266.4734 1790.7898 3299.8992 3299.8992 3299.8992 3299.8992 3299.8992 3299.8992 3299.8992 3299.8992 3299.8992 3299.8992 3299.8992 3299.8992 3299.8992 3299.8992 3299.8992 3299.8992 2819.4214 -3108.3525 -3092.9443 -3077.9387 -3063.1348 -3048.532 -3034.1309 -3019.8303 -3005.7312 -2991.8335 -2977.9358 -2964.2395 -2950.7446 -2937.3503 -2924.057 -2910.8643 -2897.7722 -2884.9822 -2872.1924 -2859.5032 -2093.2158 -1131.958 -143.81104 1394.6045 3299.8992 3299.8992 3299.8992 3299.8992 3299.8992 3299.8992 3299.8992 3299.8992 3299.8992 3299.8992 3299.8992 3299.8992 3299.8992 3299.8992 3299.8992 3299.8992 2182.2417 -3113.7908 -3098.584 -3083.377 -3068.6736 -3053.9702 -3039.6697 -3025.2686 -3011.1694 -2997.171 -2983.374 -2969.577 -2956.082 -2942.5872 -2929.2937 -2916.101 -2903.009 -2890.1184 -2877.2278 -2864.5386 -1925.7385 -1238.0035 -290.03906 1311.0168 3299.8992 3299.8992 3299.8992 3299.8992 3299.8992 3299.8992 3299.8992 3299.8992 3299.8992 3299.8992 3299.8992 3299.8992 3299.8992 3299.8992 3299.8992 
-3223.462 -1769.4397 2519.9158 3299.8992 3299.8992 3299.8992 3299.8992 3299.8992 3291.641 3275.3264 3260.321 3244.6106 3229.1016 3213.391 3194.5586 1299.939 -898.114 -1743.0542 -1870.5505 -1943.7653 -1819.8944 -942.82837 3.6254883 489.0381 842.01965 1189.6637 1381.1096 468.09082 -704.1504 -2472.2808 3231.9214 3248.236 3264.45 3280.3618 3296.0723 -3288.3179 -3272.708 -3257.4004 -3242.2942 -3227.2888 -3212.384 -1432.9742 2869.0703 3299.8992 3299.8992 3299.8992 3299.8992 3299.8992 3299.8992 3283.5845 3268.3777 3252.7678 3237.1582 3221.5483 3191.1345 956.62537 -1160.3577 -1844.4672 -1884.2468 -1924.53 -1681.723 -554.3976 361.94458 816.74194 1140.0146 1428.7445 1604.7821 505.6549 -747.75696 -2908.2458 3235.9497 3252.2644 3268.3777 3284.2896 3299.8992 -3284.3901 -3268.982 -3253.6743 -3238.4673 -3223.462 -3208.5571 -774.5453 3299.8992 3299.8992 3299.8992 3299.8992 3299.8992 3299.8992 3298.4893 3282.4768 3267.1692 3251.5593 3235.8489 3220.2393 3075.119 472.42126 -1494.0033 -2113.4583 -1984.8541 -1790.4877 -1466.0065 -323.3734 551.1749 1013.7268 1309.6069 1652.7191 1589.8773 341.09802 -826.0071 3265.5579 3236.554 3252.7678 3268.881 3284.793 3299.8992 -3283.8867 -3268.4783 -3253.07 -3237.9639 -3222.9583 -3208.0535 -575.8484 3299.8992 3299.8992 3299.8992 3299.8992 3299.8992 3299.8992 3297.9858 3281.7717 3266.464 3250.8545 3235.144 3219.4336 2965.5486 305.4474 -1364.4928 -1933.0902 -1969.043 -1833.9935 -1486.3495 -350.26245 463.86108 900.7324 1207.0862 1467.9199 1390.8783 84.695435 -1072.641 3225.778 3242.395 3258.609 3274.7222 3290.4326 3299.8992 -3278.247 -3262.9395 -3247.531 -3232.5256 -3217.52 -3202.716 -224.78027 3299.8992 3299.8992 3299.8992 3299.8992 3299.8992 3299.8992 3299.8992 3284.5916 3269.1833 3253.5735 3237.863 3222.1526 2847.116 170.09583 -1417.4652 -1919.7968 -1847.287 -1665.509 -1239.5142 -110.87952 688.1378 1203.8635 1601.5594 1956.1523 1787.5671 321.05713 -808.786 3215.2039 3231.9214 3248.236 3264.45 3280.3618 3296.0723 -3288.217 -3272.8088 -3257.4004 -3242.1936 -3227.0874 -3210.7727 180.36804 3299.8992 3299.8992 3299.8992 3299.8992 3299.8992 3299.8992 3288.922 3272.6074 3257.2998 3241.7908 3226.2817 3210.6719 2728.079 54.0802 -1338.5101 -1865.3137 -1852.8259 -1757.3547 
-2795.8557 -2573.4924 -1631.8726 -1152.0996 -571.1151 283.89587 1344.4519 3299.8992 3299.8992 3299.8992 3299.8992 3299.8992 3299.8992 3299.8992 3299.8992 3299.8992 3299.8992 3299.8992 3299.8992 3299.8992 3299.8992 3121.9482 107.55615 -2263.916 -2999.7893 -2985.791 -2972.0947 -2958.3984 -2944.9036 -2931.61 -2918.3167 -2905.1238 -2892.1326 -2879.3425 -2866.452 -2853.7627 -2841.1743 -2828.6865 -2816.4001 -2804.013 -2791.626 -2563.7236 -1647.9858 -1047.1619 -370.9076 528.91846 1880.8228 3299.8992 3299.8992 3299.8992 3299.8992 3299.8992 3299.8992 3299.8992 3299.8992 3299.8992 3299.8992 3299.8992 3299.8992 3299.8992 3299.8992 2935.1348 5.7403564 -2381.2407 -2999.7893 -2985.9924 -2972.1953 -2958.5999 -2945.0042 -2931.7107 -2918.518 -2905.3252 -2892.5354 -2879.4434 -2866.7542 -2854.065 -2841.4763 -2828.888 -2816.5007 -2804.2144 -2791.928 -2444.6868 -1669.7388 -1206.8848 -504.1443 289.03198 1665.0055 3299.8992 3299.8992 3299.8992 3299.8992 3299.8992 3299.8992 3299.8992 3299.8992 3299.8992 3299.8992 3299.8992 3299.8992 3299.8992 3299.8992 2772.1892 -237.36877 -2579.2327 -2994.9553 -2980.957 -2967.2607 -2953.665 -2940.271 -2926.7761 -2913.4827 -2900.6926 -2887.6006 -2874.71 -2862.1216 -2849.4324 -2836.8438 -2824.356 -2811.8682 -2799.5818 -2787.3962 -2296.0417 -1694.0094 -1197.2168 -564.16626 406.65894 1963.6047 3299.8992 3299.8992 3299.8992 3299.8992 3299.8992 3299.8992 3299.8992 3299.8992 3299.8992 3299.8992 3299.8992 3299.8992 3299.8992 3299.8992 2673.8982 -136.35864 -2414.8772 -2993.9482 -2979.95 -2966.1528 -2952.658 -2939.0625 -2925.769 -2912.4756 -2899.4841 -2886.5935 -2873.703 -2860.913 -2848.2239 -2835.6353 -2823.2483 -2810.861 -2798.474 -2786.1877 -2276.303 -1591.8915 -1060.9589 -329.81873 541.50696 1929.9683 3299.8992 3299.8992 3299.8992 3299.8992 3299.8992 3299.8992 3299.8992 3299.8992 3299.8992 3299.8992 3299.8992 3299.8992 3299.8992 3299.8992 2323.1323 -508.97827 -2830.197 -2991.0278 -2977.0293 -2963.2324 -2949.8381 -2936.444 -2923.0498 -2909.8572 -2896.8657 -2883.7737 -2870.984 -2858.2947 -2845.6055 -2833.0168 -2820.63 -2808.2427 -2795.9563 -2783.4685 -2031.3812 -1445.7642 -898.51685 -97.68677 822.4823 2353.5461 3299.8992 3299.8992 3299.8992 3299.8992 3299.8992 3299.8992 3299.8992 3299.8992 3299.8992 3299.8992 3299.8992 3299.8992 3299.8992 

58.10852 122.15881 135.15015 112.08801 89.63013 57.302856 54.785156 82.07703 54.986572 46.325684 56.900024 63.74817 90.03296 128.60413 100.00305 57.10144 9.365845 7.2509766 10.876465 8.761597 -33.737183 -38.974 -4.5318604 -2.6184082 -24.169922 -35.95276 -57.20215 -67.977905 -12.387085 -0.60424805 22.76001 28.399658 34.240723 8.459473 -56.799316 -45.41931 4.9346924 50.55542 81.27136 106.75049 129.10767 104.937744 62.942505 42.599487 44.714355 18.630981 -9.869385 7.5531006 17.825317 42.095947 95.87402 106.951904 100.305176 117.42554 132.0282 127.79846 69.28711 35.85205 -6.4453125 -45.92285 -97.58606 -100.808716 -90.03296 -73.013306 -64.55383 -57.70569 -45.117188 -30.715942 18.127441 -7.3516846 -68.58215 -78.149414 -75.128174 -81.06995 -101.11084 -99.801636 -114.20288 -134.5459 -69.38782 22.860718 108.05969 179.36096 223.97461 246.02966 238.27515 194.76929 201.91956 224.37744 141.19263 50.152588 -11.480713 -18.22815 -16.415405 -41.793823 -115.61279 -198.09265 -239.98718 -242.40417 -238.77869 -214.10522 -185.70557 -153.57971 -147.63794 -169.39087 -160.9314 -146.63086 -150.25635 -162.84485 -117.32483 -111.78589 -69.58923 0.40283203 26.28479 8.358765 -37.161255 -62.13684 -48.03772 -14.300537 40.48462 86.40747 102.420044 57.806396 12.387085 -16.415405 -5.0354004 32.83081 70.69702 95.37048 89.63013 112.490845 126.18713 121.75598 129.40979 142.1997 122.66235 91.8457 29.507446 8.157349 65.76233 167.67883 209.77478 269.69604 311.18774 276.34277 235.65674 179.26025 55.792236 -38.772583 -59.820557 -100.305176 -156.39954 -170.39795 -187.21619 -243.00842 -259.92737 -209.17053 -143.4082 -83.38623 -53.57666 -29.910278 1.2084961 -3.2226562 -5.1361084 -24.169922 -37.36267 -54.382324 -47.93701 -89.93225 -153.88184 -94.3634 -11.077881 39.175415 52.468872 39.276123 -9.365845 -39.779663 -32.528687 18.832397 59.417725 78.048706 69.38782 57.907104 12.588501 -25.479126 -45.217896 -82.177734 -147.2351 -173.72131 -126.48926 -77.44446 -11.380005 30.010986 17.22107 -25.378418 -46.92993 5.0354004 31.32019 27.493286 31.118774 24.472046 
64.65454 38.36975 25.177002 1.5106201 -39.88037 -79.055786 -106.34766 -120.7489 -65.3595 -48.94409 -58.410645 -55.389404 -45.117188 -54.885864 -4.4311523 42.49878 54.885864 54.281616 34.643555 14.199829 44.91577 61.73401 34.542847 38.269043 46.92993 45.217896 53.07312 64.85596 9.265137 -2.3162842 -29.910278 -49.145508 -70.999146 -59.1156 -12.689209 -32.528687 -61.23047 -97.88818 -79.76074 -32.32727 1.1077881 59.317017 99.49951 102.72217 80.86853 66.6687 45.52002 24.371338 74.523926 84.39331 65.76233 72.9126 74.2218 34.039307 25.881958 49.346924 97.58606 89.730835 70.999146 36.758423 37.060547 12.890625 -24.572754 -40.98816 -41.088867 -39.779663 -30.514526 -26.889038 -72.71118 -84.89685 -81.87561 -89.328 -53.878784 -19.537354 6.0424805 -24.975586 -63.345337 -87.716675 -103.125 -75.128174 -68.984985 -86.709595 -108.36182 -107.85828 -88.0188 -68.07861 -72.9126 -63.345337 26.486206 47.93701 -8.258057 -59.21631 -74.32251 -75.83313 -23.867798 73.21472 134.04236 134.34448 112.59155 114.001465 150.45776 106.64978 37.564087 12.487793 -16.616821 -42.39807 -33.83789 -33.43506 -84.49402 -70.59631 -89.02588 -96.276855 -69.992065 -58.410645 -34.542847 -37.86621 -33.032227 -24.673462 -41.693115 -103.72925 -176.1383 -178.25317 -126.690674 -78.45154 -51.663208 -43.00232 -61.12976 -41.693115 59.820557 131.02112 195.17212 213.40027 181.87866 130.719 144.6167 186.61194 225.78735 248.54736 239.48364 199.50256 196.38062 153.98254 86.10535 49.850464 65.460205 93.15491 107.65686 45.721436 -67.977905 -121.85669 -145.12024 -149.85352 -117.022705 -75.531006 -48.239136 -71.90552 -97.283936 -111.58447 -130.11475 -142.30042 -146.93298 -109.469604 -75.531006 -48.54126 -19.23523 -8.963013 -21.853638 -4.0283203 46.92993 30.413818 15.911865 33.636475 58.813477 62.539673 58.511353 47.53418 32.025146 -8.963013 -16.616821 0.70495605 73.31543 79.35791 80.76782 80.06287 42.297363 -15.509033 -25.27771 -37.46338 -87.31384 -97.787476 -108.05969 -103.125 -51.5625 6.9488525 33.535767 -4.4311523 -37.161255 -55.389404 -73.013306 -81.47278 
2985.8916 2971.1882 2956.2834 2940.6738 2925.1648 2758.5938 2900.6926 2888.6077 2876.2207 2863.632 2850.54 2837.5488 2824.356 2811.264 2798.0713 2785.0798 2772.1892 2759.5 2746.9116 2734.2224 2720.8281 2728.8848 2751.5442 2773.297 2793.4387 2812.7747 2831.607 2850.0366 2868.3655 2886.09 2903.9153 2921.338 2938.6597 2955.8806 2972.9004 2989.8193 3149.945 -1247.9736 1580.5115 2998.5808 2984.683 2970.282 2954.9744 2939.3645 2923.654 2642.8801 2900.2898 2888.1042 2875.9185 2863.1287 2850.238 2837.146 2823.8525 2810.7605 2797.6685 2784.677 2771.8872 2759.0972 2746.5088 2733.8196 2720.1233 2731.5032 2754.364 2775.2104 2795.2515 2814.8894 2833.8225 2852.2522 2870.4802 2888.3057 2906.1309 2923.5535 2940.8752 2957.9956 2975.0151 2991.934 3291.0369 -1101.6449 1626.2329 2999.185 2985.3882 2969.9797 2956.1829 2939.7673 2923.755 2821.637 2900.592 2888.4062 2876.0193 2863.33 2850.238 2837.0452 2823.8525 2810.7605 2797.5676 2784.677 2771.7864 2759.0972 2746.5088 2733.8196 2649.829 2733.8196 2756.1768 2777.7283 2797.769 2816.9036 2835.6353 2853.964 2872.1924 2890.0176 2907.6416 2925.1648 2942.4866 2959.7075 2976.6265 2993.5454 -3121.2432 -711.6028 2085.8643 2996.3652 2982.4675 2967.9656 2953.363 2937.5518 2921.237 2818.7163 2897.7722 2885.7878 2873.401 2860.7117 2847.7202 2834.5276 2821.3347 2808.142 2794.9492 2782.0586 2769.168 2756.4788 2743.991 2731.4026 2170.0562 2735.1287 2757.083 2778.534 2798.474 2817.7092 2836.3403 2854.6692 2872.7966 2890.7227 2908.2458 2925.8696 2943.0908 2960.3118 2977.2307 2994.2505 -3069.2778 -708.3801 2159.1797 2996.5667 2982.5684 2966.3542 2953.363 2937.6526 2921.237 2909.3535 2898.3765 2886.2915 2873.8037 2861.0137 2847.9216 2834.8296 2821.5361 2808.444 2795.352 2782.4614 2769.5708 2756.8816 2744.1924 2731.7046 1341.2292 2737.747 2760.3057 2780.85 2800.891 2820.227 2839.0593 2857.489 2875.5156 2893.2402 2910.9648 2928.488 2945.7092 2962.7288 2979.7485 2996.6675 -2908.0444 -468.9972 2380.435 2996.2646 
3299.8992 3299.8992 -2076.3977 -2592.929 -2580.9448 -2569.2627 -2557.3792 -2545.7976 -2534.2163 -2522.8362 -2511.3555 -2105.7036 1415.9546 3299.8992 2899.2827 -122.46094 -1301.7517 -2526.0588 -2514.0747 -1834.5978 -2495.343 -2483.8623 -2472.9858 -2461.908 -2450.9307 -2440.3564 -2429.3792 -2418.704 -2408.13 -2397.7568 1419.6808 3299.8992 3299.8992 3299.8992 3299.8992 3299.8992 3299.8992 3299.8992 3299.8992 3299.8992 3299.8992 3154.5776 -2547.409 -2585.7788 -2573.7944 -2562.3137 -2550.2288 -2538.6475 -2527.1667 -2515.7866 -2504.4067 -1870.5505 1862.9974 3299.8992 2691.0186 51.864624 -1173.6511 -2204.8003 -1808.9172 -1137.8998 -2410.0432 -2487.4878 -2476.5105 -2465.4326 -2454.4556 -2443.7805 -2432.8032 -2422.0276 -2411.4531 -2400.9795 2177.6091 3299.8992 3299.8992 3299.8992 3299.8992 3299.8992 3299.8992 3299.8992 3299.8992 3299.8992 3299.8992 2649.0234 -2600.2808 -2587.8936 -2575.9094 -2564.4287 -2552.3438 -2540.7622 -2529.2815 -2517.8008 -2506.5215 -1614.7522 2302.6885 3299.8992 2237.5305 -330.52368 -1726.0345 -2373.7883 -2221.6187 -1588.266 -2490.7104 -2479.2297 -2468.3533 -2457.376 -2446.4995 -2435.4216 -2424.948 -2414.3738 -2403.9001 -2393.3257 2776.8218 3299.8992 3299.8992 3299.8992 3299.8992 3299.8992 3299.8992 3299.8992 3299.8992 3299.8992 3299.8992 2431.7961 -2594.0369 -2581.851 -2569.867 -2557.8826 -2546.4019 -2534.8206 -2523.239 -2511.9597 -2500.5798 -1393.4967 2694.0398 3299.8992 2153.9429 -168.4845 -1656.9489 -2170.761 -1974.4812 -1583.3313 -2488.9983 -2477.9204 -2466.4397 -2455.4626 -2444.5862 -2433.5083 -2423.0347 -2412.4602 -2401.886 -2391.513 3299.8992 3299.8992 3299.8992 3299.8992 3299.8992 3299.8992 3299.8992 3299.8992 3299.8992 3299.8992 3299.8992 1412.7319 -2589.0015 -2576.8157 -2564.9321 -2552.948 -2541.4673 -2529.8857 -2518.5059 -2507.1257 -2495.7458 -1048.4711 3299.8992 3299.8992 2129.5715 14.703369 -1636.6058 -1834.6985 -1642.8497 -1316.6565 -2492.5232 -2481.4453 -2469.9646 -2458.9873 -2448.0103 -2436.9324 -2426.4587 -2415.7837 -2405.2092 -2394.7356 3299.8992 3299.8992 3299.8992 3299.8992 3299.8992 3299.8992 3299.8992 3299.8992 3299.8992 3299.8992 
-1293.0908 -242.20276 322.76917 617.2394 780.7892 968.3075 352.67944 -1956.1523 -3268.579 -3253.5735 -3238.6687 -3224.0662 -3209.7656 -3195.5657 -3181.668 -3167.7703 -3154.1748 -3140.4785 -3127.0842 -3113.5894 -3100.5981 1572.9584 3299.8992 3299.8992 3299.8992 3299.8992 3299.8992 3299.8992 3299.8992 3299.8992 3299.8992 3299.8992 3299.8992 3299.8992 3299.8992 1277.2797 -445.93506 -1236.6943 -1556.9458 -1768.5333 -1559.7656 -532.1411 7.2509766 268.28613 566.1804 784.11255 149.45068 -2334.2102 -3261.8315 -3246.7253 -3232.1228 -3217.7214 -3203.421 -3189.2212 -3175.424 -3161.6272 -3147.931 -3134.2346 -3120.8403 -3107.7483 -3086.1968 2120.5078 3299.8992 3299.8992 3299.8992 3299.8992 3299.8992 3299.8992 3299.8992 3299.8992 3299.8992 3299.8992 3299.8992 3299.8992 3299.8992 1294.8029 -360.43396 -1031.7535 -1394.6045 -1584.0363 -1253.009 -161.13281 367.78564 530.32837 702.8412 760.24475 -148.04077 -2693.335 -3263.8457 -3248.8403 -3234.137 -3219.7356 -3205.2336 -3191.2354 -3177.2368 -3163.44 -3149.7437 -3136.2488 -3122.8545 -3109.6619 -2909.0515 2594.3389 3299.8992 3299.8992 3299.8992 3299.8992 3299.8992 3299.8992 3299.8992 3299.8992 3299.8992 3299.8992 3299.8992 3299.8992 3262.8386 859.34143 -803.4485 -1366.6077 -1576.4832 -1717.3737 -1363.2843 -268.38684 214.50806 439.89258 641.2079 851.3855 -93.65845 -2841.6777 -3258.8103 -3243.9055 -3229.2021 -3214.801 -3200.601 -3186.502 -3172.705 -3158.908 -3145.2117 -3131.7168 -3118.3228 -3105.13 -2642.1753 3187.6099 3299.8992 3299.8992 3299.8992 3299.8992 3299.8992 3299.8992 3299.8992 3299.8992 3299.8992 3299.8992 3299.8992 3299.8992 3237.7625 978.98254 -503.64075 -992.3767 -1248.6786 -1383.3252 -887.23755 158.71582 534.96094 692.8711 812.00867 826.0071 -278.45764 -3135.3423 -3268.1763 -3253.1707 -3238.3667 -3223.9653 -3209.5642 -3195.465 -3181.4666 -3167.5688 -3153.772 -3140.277 -3126.8828 -3113.5894 -2270.462 3299.8992 3299.8992 3299.8992 3299.8992 3299.8992 3299.8992 3299.8992 3299.8992 3299.8992 3299.8992 3299.8992 3299.8992 3299.8992 3103.0151 722.27783 -669.2047 -1197.6196 -1480.2063 -1628.7506 
3299.8992 1844.3665 -3116.1072 -3100.296 -3085.1897 -3070.3857 -3055.783 -3041.281 -3027.0813 -3012.9822 -2998.9836 -2984.9854 -2971.289 -2957.6934 -2944.1985 -2930.905 -2917.7124 -2904.721 -2891.7297 -2878.9397 -2866.2505 -2036.618 -1445.1599 -339.5874 1404.4739 3299.8992 3299.8992 3299.8992 3299.8992 3299.8992 3299.8992 3299.8992 3299.8992 3299.8992 3299.8992 3299.8992 3299.8992 3299.8992 3299.8992 3299.8992 3299.8992 1366.0034 -3114.1936 -3098.886 -3083.8806 -3069.0764 -3054.5745 -3040.0725 -3025.772 -3011.6729 -2997.5737 -2983.7769 -2970.0806 -2956.4849 -2943.0908 -2929.7974 -2916.6045 -2903.5125 -2890.5212 -2877.832 -2865.1428 -1684.9457 -1237.6007 -98.69385 1654.3304 3299.8992 3299.8992 3299.8992 3299.8992 3299.8992 3299.8992 3299.8992 3299.8992 3299.8992 3299.8992 3299.8992 3299.8992 3299.8992 3299.8992 3299.8992 3299.8992 734.4635 -3114.4958 -3099.3896 -3084.384 -3069.6807 -3055.0781 -3040.6768 -3026.2756 -3012.0757 -2998.178 -2984.2803 -2970.6848 -2956.9885 -2943.5942 -2930.3008 -2917.1082 -2904.1167 -2891.1255 -2878.3354 -2865.6462 -1405.1788 -831.2439 354.5929 2081.2317 3299.8992 3299.8992 3299.8992 3299.8992 3299.8992 3299.8992 3299.8992 3299.8992 3299.8992 3299.8992 3299.8992 3299.8992 3299.8992 3299.8992 3299.8992 3299.8992 -64.55383 -3118.8262 -3103.6194 -3088.7146 -3073.9104 -3059.3079 -3044.806 -3030.5054 -3016.3054 -3002.3071 -2988.51 -2974.7131 -2961.1174 -2947.6226 -2934.329 -2921.1365 -2908.0444 -2895.1538 -2882.2632 -2869.4731 -1362.4786 -946.756 256.10046 2044.574 3299.8992 3299.8992 3299.8992 3299.8992 3299.8992 3299.8992 3299.8992 3299.8992 3299.8992 3299.8992 3299.8992 3299.8992 3299.8992 3299.8992 3299.8992 3299.8992 -590.9546 -3120.1355 -3104.6265 -3089.4194 -3074.6155 -3060.1135 -3045.6116 -3031.311 -3017.212 -3003.2134 -2989.3157 -2975.5188 -2961.923 -2948.529 -2935.1348 -2921.9421 -2908.7493 -2895.8586 -2882.968 -2869.9768 -1459.8633 -915.5365 329.3152 2368.5515 3299.8992 3299.8992 3299.8992 3299.8992 3299.8992 3299.8992 3299.8992 3299.8992 3299.8992 3299.8992 3299.8992 3299.8992 3299.8992 3299.8992 3299.8992 
-1384.9365 -239.48364 468.59436 954.8126 1280.4016 1564.9017 1305.78 -187.51831 -1175.9674 3219.4336 3235.9497 3252.1636 3268.1763 3284.0881 3299.7986 -3284.5916 -3269.1833 -3253.8757 -3238.7695 -3223.6633 -3111.978 581.68945 3299.8992 3299.8992 3299.8992 3299.8992 3299.8992 3299.8992 3289.5264 3273.3123 3257.904 3242.395 3226.6846 3211.1755 2448.2117 -270.90454 -1628.7506 -2027.7557 -2124.5361 -1953.7354 -1458.6548 -243.9148 488.93738 1025.6104 1361.9751 1633.4839 1427.2339 -177.95105 -1155.6244 3226.0803 3242.5964 3259.0117 3275.0244 3290.634 3299.8992 -3278.1462 -3262.6372 -3247.3296 -3232.3242 -3217.4194 -2982.669 920.97473 3299.8992 3299.8992 3299.8992 3299.8992 3299.8992 3299.8992 3293.4539 3277.24 3261.9324 3246.222 3230.5115 3214.7002 2392.8223 -295.4773 -1525.3235 -1759.9731 -1752.8229 -1647.8851 -1146.7621 -27.593994 580.27954 1021.1792 1336.7981 1578.0945 1343.3441 -328.50952 -1311.319 3225.0732 3241.4885 3257.8032 3273.715 3289.5264 3299.8992 -3279.0527 -3263.8457 -3248.3367 -3233.3313 -3218.3257 -2772.3906 1274.5605 3299.8992 3299.8992 3299.8992 3299.8992 3299.8992 3299.8992 3290.0298 3273.715 3258.307 3242.5964 3227.0874 3211.377 2071.9666 -486.21826 -1648.7915 -1970.6543 -1881.7291 -1665.8112 -1069.7205 52.06604 604.14734 995.7001 1421.9971 1739.328 1288.9618 -564.8712 -1575.2747 3227.188 3243.704 3259.9182 3275.83 3291.742 3299.8992 -3277.1392 -3261.731 -3246.524 -3231.3171 -3216.513 -2649.5269 1400.8484 3299.8992 3299.8992 3299.8992 3299.8992 3299.8992 3299.8992 3290.7349 3274.6216 3259.2131 3243.6035 3227.9937 3212.1826 1845.7764 -654.40063 -1676.4862 -1809.2194 -1675.4791 -1484.436 -738.69324 428.10974 931.14624 1237.7014 1609.7168 1850.8118 1438.0096 -444.62585 -1670.1416 3219.2322 3235.7483 3252.063 3268.1763 3284.0881 3299.6978 -3284.6924 -3269.284 -3253.9763 -3238.7695 -3223.764 -2242.6665 1891.5985 3299.8992 3299.8992 3299.8992 3299.8992 3299.8992 3295.5688 3280.0598 3264.047 3248.639 3233.029 3217.4194 3201.6082 1759.1675 -608.9813 -1532.2723 -1642.8497 -1608.4076 -1450.296 
3299.8992 2074.0813 -641.7114 -2917.0073 -2993.2434 -2979.3457 -2965.5486 -2952.0537 -2938.5588 -2925.2654 -2912.0728 -2899.0813 -2886.1907 -2873.401 -2860.5103 -2847.9216 -2835.3333 -2822.946 -2810.4583 -2797.9705 -2785.785 -2060.7878 -1495.1111 -831.6467 -7.9559326 882.20215 2432.904 3299.8992 3299.8992 3299.8992 3299.8992 3299.8992 3299.8992 3299.8992 3299.8992 3299.8992 3299.8992 3299.8992 3299.8992 3299.8992 3299.8992 1798.1415 -845.54443 -3007.7454 -2993.5454 -2979.547 -2965.75 -2952.4565 -2938.861 -2925.5676 -2912.2742 -2899.2827 -2886.2915 -2873.3 -2860.913 -2848.2239 -2835.5347 -2822.946 -2810.7605 -2798.3733 -2785.8855 -1778.1006 -1239.6149 -727.31323 9.365845 1004.4617 2670.9778 3299.8992 3299.8992 3299.8992 3299.8992 3299.8992 3299.8992 3299.8992 3299.8992 3299.8992 3299.8992 3299.8992 3299.8992 3299.8992 3299.8992 1502.8656 -1239.0106 -3008.551 -2994.2505 -2980.4534 -2966.6565 -2953.1616 -2939.7673 -2926.5747 -2913.2812 -2900.0884 -2887.1978 -2874.5085 -2861.7188 -2849.1301 -2836.441 -2823.9531 -2811.4653 -2799.179 -2786.8926 -2097.2441 -1538.617 -826.91345 8.660889 1060.8582 2899.0813 3299.8992 3299.8992 3299.8992 3299.8992 3299.8992 3299.8992 3299.8992 3299.8992 3299.8992 3299.8992 3299.8992 3299.8992 3299.8992 3299.8992 1183.3191 -1392.5903 -3004.8247 -2990.625 -2976.7273 -2963.1316 -2949.5361 -2936.1418 -2922.8484 -2909.7563 -2896.5637 -2883.7737 -2870.984 -2858.2947 -2845.6055 -2833.1177 -2820.529 -2808.0413 -2795.8557 -2780.951 -1841.9495 -1304.9744 -725.7019 33.737183 1053.2043 2910.3606 3299.8992 3299.8992 3299.8992 3299.8992 3299.8992 3299.8992 3299.8992 3299.8992 3299.8992 3299.8992 3299.8992 3299.8992 3299.8992 3299.8992 1182.8156 -1443.4479 -3004.019 -2989.92 -2976.0222 -2962.4268 -2948.831 -2935.437 -2922.1436 -2908.9507 -2895.9595 -2883.0688 -2870.2788 -2857.5896 -2844.9004 -2832.4126 -2819.9248 -2807.5378 -2795.2515 -2717.404 -1865.4144 -1341.5314 -598.407 339.88953 1353.6163 3282.7788 3299.8992 3299.8992 3299.8992 3299.8992 3299.8992 3299.8992 3299.8992 3299.8992 3299.8992 3299.8992 3299.8992 3299.8992 3299.8992 

15.106201 -26.184082 -55.59082 -66.970825 -46.325684 -8.258057 67.07153 107.455444 123.77014 139.37988 123.065186 94.56482 56.5979 61.029053 53.979492 35.751343 24.572754 35.046387 39.175415 52.166748 16.616821 -5.8410645 -49.246216 -133.43811 -176.64185 -183.79211 -183.28857 -159.52148 -100.808716 -80.4657 -59.61914 -33.33435 -36.154175 -47.53418 -45.822144 21.853638 86.60889 137.26501 161.33423 178.75671 201.71814 235.35461 246.5332 260.3302 213.60168 153.98254 143.60962 103.52783 -32.42798 -87.716675 -78.048706 -92.55066 -118.83545 -145.01953 -154.08325 -130.11475 -104.434204 -66.36658 -74.32251 -76.33667 -106.04553 -69.58923 -39.678955 -7.1502686 21.047974 51.5625 53.778076 62.942505 48.94409 -23.666382 -57.806396 -105.03845 -168.5852 -210.17761 -213.40027 -165.56396 -121.9574 -64.85596 20.846558 129.40979 179.8645 165.36255 212.89673 278.86047 260.12878 217.12646 215.31372 133.53882 54.785156 67.977905 83.99048 5.9417725 -127.89917 -216.42151 -231.12488 -187.82043 -40.786743 85.60181 158.81653 175.83618 120.14465 82.58057 26.78833 -4.8339844 -28.097534 -93.45703 -197.79053 -268.78967 -251.5686 -200.10681 -131.92749 -69.488525 -53.778076 -55.69153 -25.076294 7.5531006 -2.2155762 -32.125854 -28.399658 6.5460205 13.494873 -21.551514 -35.147095 -70.89844 -82.78198 1.9134521 134.84802 211.58752 252.67639 278.45764 245.52612 211.1847 182.78503 177.85034 132.0282 29.406738 -91.54358 -191.34521 -198.09265 -159.11865 -133.3374 -63.446045 -23.565674 6.4453125 20.645142 -6.0424805 -44.110107 -12.185669 19.638062 33.83789 30.413818 29.003906 -1.2084961 -46.02356 -42.90161 -8.862305 -28.500366 -54.885864 -74.62463 -41.793823 15.609741 35.650635 19.335938 -4.3304443 -42.599487 -44.110107 -22.357178 -36.4563 -30.413818 6.6467285 37.96692 77.44446 116.519165 132.53174 106.14624 58.61206 83.48694 162.44202 223.47107 240.1886 226.2909 211.99036 161.23352 115.10925 60.72693 -53.878784 -145.9259 -143.50891 -139.98413 -119.33899 -108.36182 -142.099 -243.00842 -353.78723 -393.6676 -353.18298 -282.38525 -203.93372 -141.49475 -83.08411 
-76.84021 -37.564087 -15.911865 -5.8410645 4.1290283 13.595581 -17.623901 -70.79773 -129.40979 -191.04309 -194.36646 -150.35706 -80.667114 -64.25171 -27.090454 9.365845 40.585327 101.312256 168.88733 185.20203 215.91797 150.65918 120.84961 102.62146 98.794556 130.31616 170.09583 152.67334 99.3988 83.48694 60.525513 43.90869 26.385498 -74.82605 -123.77014 -154.88892 -121.65527 -89.730835 -38.87329 29.003906 87.61597 102.319336 81.47278 64.35242 37.060547 2.8198242 -110.17456 -125.582886 -102.72217 -113.1958 -85.90393 -57.907104 -36.557007 -28.198242 27.996826 57.60498 31.521606 -40.88745 -39.779663 -28.903198 43.807983 5.0354004 -27.392578 -43.00232 -46.325684 -8.459473 32.42798 14.602661 -16.012573 -34.34143 -33.43506 12.387085 84.49402 95.773315 36.154175 -46.627808 -104.73633 -115.20996 -80.667114 -89.12659 -71.30127 0.80566406 24.77417 11.782837 -0.80566406 4.6325684 -34.744263 34.84497 122.76306 137.0636 145.62378 168.88733 154.88892 94.46411 92.248535 100.305176 65.460205 53.475952 52.166748 18.832397 41.592407 -18.22815 -45.92285 -52.871704 -63.64746 -58.410645 -40.686035 -44.91577 -79.86145 -122.25952 -113.1958 -77.545166 -45.318604 -11.077881 -14.401245 -64.453125 -105.6427 -122.36023 -32.32727 22.055054 14.099121 11.782837 18.630981 32.93152 20.846558 -2.8198242 -43.707275 -36.85913 -28.500366 3.5247803 37.86621 42.90161 20.947266 -13.293457 26.486206 82.177734 104.937744 135.45227 138.87634 123.66943 141.09192 69.08569 36.557007 17.623901 -8.157349 5.3375244 48.239136 31.723022 6.3446045 -0.40283203 -11.178589 -11.178589 10.372925 19.436646 -12.588501 -64.55383 -81.37207 -85.09827 -87.81738 -123.46802 -133.63953 -89.93225 -98.291016 -148.74573 -162.94556 -189.63318 -214.81018 -153.27759 -83.88977 -55.892944 -28.601074 23.867798 43.90869 35.85205 69.488525 112.79297 154.6875 185.20203 158.4137 122.15881 119.036865 107.75757 97.787476 93.35632 90.234375 112.39014 105.6427 8.258057 -41.290283 -56.5979 -55.288696 -54.785156 -33.535767 -12.286377 -83.88977 -147.33582 -168.78662 -166.16821 -152.27051 -148.14148 
2982.1655 2964.9443 2951.0466 2935.739 2857.5896 2776.419 2898.2756 2886.392 2874.1057 2861.316 2848.3245 2835.031 2821.8384 2808.7463 2795.755 2782.7637 2769.873 2757.1838 2744.5952 2731.906 226.59302 2740.8691 2762.8235 2783.9722 2803.8115 2822.7446 2841.4763 2859.7046 2877.832 2895.5566 2913.2812 2930.603 2947.824 2964.9443 2981.8633 2998.7822 -2609.848 -211.68823 2771.7864 2994.8547 2980.5542 2963.7358 2948.932 2934.5305 2866.049 2909.253 2896.8657 2884.7808 2872.3938 2859.6038 2846.5117 2833.319 2820.227 2807.0342 2793.9421 2781.0515 2768.161 2755.371 2742.7825 2730.194 -994.8944 2742.682 2764.6362 2784.9792 2804.718 2823.9531 2842.8862 2861.1145 2879.141 2896.9666 2914.4897 2931.912 2949.234 2966.3542 2983.2732 3000.0916 -2375.702 69.488525 2904.016 2993.2434 2978.842 2961.3188 2947.4211 2932.5164 2857.9924 2907.5408 2895.3552 2883.1694 2870.7825 2857.9924 2844.9004 2831.7078 2818.515 2805.4229 2792.2302 2779.3396 2766.449 2753.9612 2741.272 2728.5828 -3066.9617 2744.5952 2766.751 2786.6912 2806.5308 2825.7659 2844.5984 2862.9272 2880.8533 2898.6785 2916.2017 2933.6243 2950.8452 2967.865 2984.8845 3001.703 -1890.9943 601.83105 3003.1128 2989.3157 2974.8137 2957.2905 2942.8894 2928.186 2760.7085 2903.8147 2891.327 2879.3425 2867.0562 2854.1655 2840.973 2827.8809 2814.688 2801.6968 2788.6047 2775.714 2762.924 2750.2349 2737.747 2724.9573 2720.2239 2744.3938 2765.744 2786.6912 2806.3293 2825.4639 2843.7927 2862.0208 2880.0476 2897.8728 2915.396 2932.9192 2950.0396 2967.16 2984.0789 3000.7964 -1954.9438 813.8214 3001.0986 2987.3015 2972.699 2956.3843 2941.58 2926.8767 2751.1414 2902.1025 2889.8162 2877.5298 2865.1428 2852.3528 2839.2607 2826.068 2812.8752 2799.6826 2786.792 2773.8005 2761.1113 2748.422 2735.9343 2723.1445 2721.5332 2745.5017 2767.2546 2787.3962 2807.0342 2826.2695 2845.0012 2863.33 2881.256 2899.0813 2916.6045 2933.9263 2951.248 2968.2678 2985.1868 3002.005 -1571.4478 964.7827 2999.3865 2985.4888 
3299.8992 1444.0521 -2593.7346 -2581.549 -2569.6655 -2557.6812 -2546.2004 -2534.6191 -2523.1384 -2511.6577 -2500.3784 -577.2583 3299.8992 3299.8992 1707.3029 -209.47266 -2049.9114 -2347.1008 -2046.3867 -1772.7631 -2488.6963 -2477.6184 -2466.2383 -2455.2612 -2444.3848 -2433.4075 -2422.9338 -2412.2588 -2401.7852 -2172.6746 3299.8992 3299.8992 3299.8992 3299.8992 3299.8992 3299.8992 3299.8992 3299.8992 3299.8992 3299.8992 3299.8992 494.3756 -2589.0015 -2576.8157 -2565.033 -2553.0486 -2541.5679 -2530.188 -2518.5059 -2507.1257 -2495.9473 -371.0083 3299.8992 3299.8992 1939.8376 104.63562 -1921.106 -2114.9688 -1720.3949 -1624.4202 -2493.228 -2482.0496 -2470.5688 -2459.5916 -2448.6145 -2437.5366 -2427.063 -2416.388 -2405.9143 -1879.01 3299.8992 3299.8992 3299.8992 3299.8992 3299.8992 3299.8992 3299.8992 3299.8992 3299.8992 3299.8992 3299.8992 -391.65344 -2590.21 -2578.125 -2566.2415 -2554.358 -2542.8772 -2531.2957 -2519.9158 -2508.435 -2497.1558 73.013306 3299.8992 3299.8992 1910.2295 224.78027 -1929.6661 -1925.6378 -1497.7295 -1737.1124 -2499.7742 -2488.5955 -2477.0142 -2465.9363 -2455.0598 -2443.982 -2433.4075 -2422.6318 -2412.0574 -1433.5785 3299.8992 3299.8992 3299.8992 3299.8992 3299.8992 3299.8992 3299.8992 3299.8992 3299.8992 3299.8992 3299.8992 -746.6492 -2596.5544 -2584.5703 -2572.6868 -2560.7024 -2549.2217 -2537.6404 -2526.1597 -2514.7795 -2503.5002 155.09033 3299.8992 3299.8992 1843.158 235.05249 -1751.7151 -1801.767 -1099.4293 -1357.6447 -2511.255 -2499.9756 -2488.394 -2477.1147 -2466.1377 -2455.0598 -2444.3848 -2433.609 -2423.0347 -1020.67566 3299.8992 3299.8992 3299.8992 3299.8992 3299.8992 3299.8992 3299.8992 3299.8992 3299.8992 3299.8992 3299.8992 -1340.4236 -2605.6182 -2593.5332 -2581.6497 -2569.5647 -2558.084 -2546.704 -2535.1226 -2523.7427 -2464.8284 542.51404 3299.8992 3299.8992 1122.4915 -470.2057 -2504.306 -2478.1218 -1679.0039 -2025.238 -2505.2124 -2494.1345 -2482.6538 -2471.6765 -2460.5986 -2450.0244 -2438.9465 -2428.2715 -2417.697 -384.10034 3299.8992 3299.8992 3299.8992 3299.8992 3299.8992 3299.8992 3299.8992 3299.8992 3299.8992 3299.8992 
-1209.5032 -263.75427 181.073 387.5244 665.67993 760.849 -456.4087 -3279.959 -3265.0542 -3250.0488 -3235.446 -3220.8435 -3206.6436 -3192.4438 -3178.5461 -3164.749 -3151.0527 -3137.5579 -3124.3652 -3110.971 -1828.2532 3299.8992 3299.8992 3299.8992 3299.8992 3299.8992 3299.8992 3299.8992 3299.8992 3299.8992 3299.8992 3299.8992 3299.8992 3299.8992 2763.327 322.0642 -1079.3884 -1533.783 -1825.3326 -1864.1052 -1105.5725 -29.708862 296.9879 408.7738 613.11035 515.4236 -835.47363 -3269.8882 -3254.5806 -3239.8772 -3225.2747 -3210.8733 -3196.6736 -3182.8765 -3168.8782 -3155.182 -3141.4856 -3127.9907 -3114.7979 -3101.6052 -1462.8845 3299.8992 3299.8992 3299.8992 3299.8992 3299.8992 3299.8992 3299.8992 3299.8992 3299.8992 3299.8992 3299.8992 3299.8992 3299.8992 2696.759 384.40247 -863.57117 -1308.8013 -1485.4431 -1493.2983 -704.4525 236.76453 507.56836 700.1221 797.80884 710.1929 -838.09204 -3274.7222 -3259.9182 -3245.0134 -3230.31 -3215.9087 -3201.6082 -3187.509 -3173.7122 -3159.8145 -3146.3196 -3132.7239 -3119.3298 -3106.2378 -779.6814 3299.8992 3299.8992 3299.8992 3299.8992 3299.8992 3299.8992 3299.8992 3299.8992 3299.8992 3299.8992 3299.8992 3299.8992 3299.8992 2367.4438 119.036865 -978.98254 -1239.917 -1488.3636 -1544.8608 -595.58716 283.19092 515.12146 609.48486 814.42566 449.66125 -1138.6047 -3277.1392 -3261.8315 -3246.9268 -3232.3242 -3217.8223 -3203.6223 -3189.5232 -3175.6255 -3161.7278 -3148.0315 -3134.6375 -3121.2432 -3108.0505 -487.8296 3299.8992 3299.8992 3299.8992 3299.8992 3299.8992 3299.8992 3299.8992 3299.8992 3299.8992 3299.8992 3299.8992 3299.8992 3299.8992 2220.5107 48.03772 -1054.3121 -1428.8452 -1657.1503 -1608.609 -616.1316 98.59314 253.38135 364.26086 575.7477 279.0619 -1530.8624 -3270.3918 -3255.5876 -3240.7837 -3226.2817 -3211.8804 -3197.6807 -3183.5815 -3169.7844 -3156.0881 -3142.4927 -3128.9978 -3115.7043 -3102.31 86.50818 3299.8992 3299.8992 3299.8992 3299.8992 3299.8992 3299.8992 3299.8992 3299.8992 3299.8992 3299.8992 3299.8992 3299.8992 3299.8992 1833.8928 -225.28381 -1168.1122 -1434.9884 -1651.8127 -1636.3037 
3299.8992 -912.51526 -3121.1426 -3105.4321 -3090.4265 -3075.6226 -3061.0198 -3046.5178 -3032.2173 -3018.1182 -3004.019 -2990.2222 -2976.3245 -2962.8296 -2949.3347 -2936.0413 -2922.8484 -2909.7563 -2896.7651 -2883.8745 -2867.6604 -1630.3619 -1117.6575 185.10132 2152.2307 3299.8992 3299.8992 3299.8992 3299.8992 3299.8992 3299.8992 3299.8992 3299.8992 3299.8992 3299.8992 3299.8992 3299.8992 3299.8992 3299.8992 3299.8992 3299.8992 -2042.0563 -3113.8916 -3098.886 -3083.8806 -3069.1772 -3054.6753 -3040.1733 -3026.0742 -3011.8743 -2997.7751 -2984.0789 -2970.3826 -2956.787 -2943.3928 -2929.9988 -2916.9067 -2903.7139 -2891.0247 -2878.134 -2744.3938 -1540.329 -963.87634 467.48657 2585.4766 3299.8992 3299.8992 3299.8992 3299.8992 3299.8992 3299.8992 3299.8992 3299.8992 3299.8992 3299.8992 3299.8992 3299.8992 3299.8992 3299.8992 3299.8992 3299.8992 -2754.9683 -3110.266 -3094.8577 -3079.7515 -3065.149 -3050.5461 -3036.2456 -3022.046 -3007.9468 -2993.9482 -2980.252 -2966.5557 -2952.9602 -2939.566 -2926.3733 -2913.1804 -2900.2898 -2887.2986 -2874.5085 -2665.5396 -1693.103 -1017.2516 550.06714 2622.4365 3299.8992 3299.8992 3299.8992 3299.8992 3299.8992 3299.8992 3299.8992 3299.8992 3299.8992 3299.8992 3299.8992 3299.8992 3299.8992 3299.8992 3299.8992 3046.3164 -3119.229 -3104.0222 -3088.6138 -3073.6084 -3059.0056 -3044.5037 -3030.1025 -3016.104 -3001.9043 -2988.1072 -2974.3103 -2960.7146 -2947.2197 -2933.8257 -2920.6328 -2907.5408 -2894.5496 -2881.8604 -2868.9697 -2521.4263 -1501.2543 -689.95056 831.4453 2917.7124 3299.8992 3299.8992 3299.8992 3299.8992 3299.8992 3299.8992 3299.8992 3299.8992 3299.8992 3299.8992 3299.8992 3299.8992 3299.8992 3299.8992 3299.8992 2897.0671 -3118.0205 -3102.8137 -3087.506 -3072.5005 -3057.898 -3043.2952 -3029.196 -3014.8955 -3000.7964 -2986.9995 -2973.2024 -2959.7075 -2946.2126 -2932.8186 -2919.5251 -2906.5337 -2893.5425 -2880.7524 -2867.9626 -2192.0105 -1272.1436 -466.4795 984.32007 3085.9954 3299.8992 3299.8992 3299.8992 3299.8992 3299.8992 3299.8992 3299.8992 3299.8992 3299.8992 3299.8992 3299.8992 3299.8992 3299.8992 3299.8992 3299.8992 
-804.7577 238.37585 730.9387 1029.0344 1367.1112 1496.4203 991.1682 -860.75134 -2129.37 3219.2322 3235.7483 3251.9622 3267.9749 3283.8867 3299.4963 -3284.793 -3269.4854 -3254.1777 -3238.971 -3223.9653 -1942.5568 2360.1929 3299.8992 3299.8992 3299.8992 3299.8992 3299.8992 3292.4468 3276.8372 3260.7239 3245.3154 3229.9072 3214.2974 3194.76 1288.9618 -967.4011 -1699.2462 -1695.0165 -1624.2188 -1428.3417 -526.30005 531.6376 981.70166 1371.5424 1757.6569 1903.3813 1192.6849 -721.7743 -2328.4697 3210.7727 3227.3894 3243.704 3259.7168 3275.6287 3291.4397 3299.8992 -3277.542 -3262.2344 -3247.0276 -3231.8206 -1698.0377 2693.5364 3299.8992 3299.8992 3299.8992 3299.8992 3298.0864 3282.5774 3267.1692 3251.056 3235.6475 3220.2393 3204.7302 3184.085 1128.7354 -970.6238 -1721.3013 -1728.1494 -1671.048 -1435.0891 -504.94995 390.84778 777.96936 1066.9006 1349.6887 1474.0631 774.646 -1136.4899 -2863.2292 3215.7073 3232.1228 3248.4375 3264.2485 3280.2612 3295.7703 -3288.5193 -3273.0103 -3257.904 -3242.697 -3227.4902 -1067.6056 3299.8992 3299.8992 3299.8992 3299.8992 3299.8992 3297.583 3282.1746 3266.6655 3250.5522 3235.2446 3219.7356 3204.126 3133.5295 793.3777 -1175.3632 -1916.4734 -1972.8699 -1818.4845 -1543.6523 -333.1421 667.39197 1019.26575 1321.2891 1499.2401 1390.4755 577.96326 -1205.072 -3152.5635 3218.4265 3234.8418 3251.1565 3267.0684 3282.7788 3298.4893 -3286.0015 -3270.3918 -3255.2856 -3240.0786 -3225.0732 -791.9678 3299.8992 3299.8992 3299.8992 3299.8992 3299.8992 3298.4893 3283.081 3267.572 3251.4587 3236.0503 3220.5413 3205.0322 2998.2788 494.3756 -1372.5494 -1960.8856 -1972.1649 -1868.8385 -1553.9246 -349.5575 566.48254 968.7103 1213.5315 1467.9199 1341.7328 442.41028 -1289.9689 3209.5642 3225.879 3242.2942 3258.4075 3274.3193 3290.1306 3299.8992 -3278.8513 -3263.4429 -3248.0347 -3233.13 -3218.0237 -483.70056 3299.8992 3299.8992 3299.8992 3299.8992 3299.8992 3299.8992 3287.8142 3272.3052 3255.89 3240.5823 3225.1738 3209.6648 2984.2803 450.46692 -1200.5402 -1730.365 -1750.6073 -1683.1329 -1456.2378 
3299.8992 726.20544 -1872.5647 -3002.4077 -2988.4094 -2974.6123 -2960.8154 -2947.3206 -2933.9263 -2920.7336 -2907.5408 -2894.6501 -2881.558 -2868.869 -2856.1797 -2843.692 -2831.0027 -2818.7163 -2806.2285 -2793.9421 -2701.895 -1828.4546 -1314.743 -600.72327 318.53943 1411.2213 3299.8992 3299.8992 3299.8992 3299.8992 3299.8992 3299.8992 3299.8992 3299.8992 3299.8992 3299.8992 3299.8992 3299.8992 3299.8992 3299.8992 3299.8992 864.57825 -1584.4391 -3004.2205 -2990.0208 -2976.2236 -2962.4268 -2949.0325 -2935.5376 -2922.345 -2909.152 -2896.06 -2883.1694 -2870.2788 -2857.5896 -2845.0012 -2832.4126 -2820.0256 -2807.5378 -2795.352 -2683.5662 -1915.4663 -1359.4574 -482.29065 523.3795 1685.4492 3299.8992 3299.8992 3299.8992 3299.8992 3299.8992 3299.8992 3299.8992 3299.8992 3299.8992 3299.8992 3299.8992 3299.8992 3299.8992 3299.8992 3029.9011 184.7992 -2234.1064 -3000.6958 -2986.798 -2972.9004 -2959.204 -2945.8098 -2932.5164 -2919.223 -2906.1309 -2893.0388 -2880.1482 -2867.3584 -2854.6692 -2841.98 -2829.6936 -2817.2058 -2804.9194 -2792.5322 -2470.8708 -1685.6506 -1129.0375 -68.58215 1032.0557 2567.1477 3299.8992 3299.8992 3299.8992 3299.8992 3299.8992 3299.8992 3299.8992 3299.8992 3299.8992 3299.8992 3299.8992 3299.8992 3299.8992 3299.8992 3267.0684 1025.9125 -1544.6594 -2665.1367 -2799.9846 -2979.1443 -2972.0947 -2958.499 -2945.105 -2932.013 -2918.82 -2838.6565 -2807.0342 -2880.551 -2867.7612 -2855.1726 -2842.5842 -2774.9084 -2660.907 -2521.4263 -2353.949 -2281.5398 -2174.8901 -1644.9646 -669.4061 730.3345 3151.8584 3299.8992 3299.8992 3299.8992 3299.8992 3299.8992 3299.8992 3299.8992 3299.8992 3299.8992 3299.8992 3299.8992 3299.8992 3299.8992 1854.2358 -1351.6022 -2983.8774 -2969.8792 -2956.082 -2942.3857 -2928.8909 -2915.5974 -2902.4048 -2889.5142 -2876.5227 -2863.632 -2850.9429 -2838.153 -2825.7659 -2813.278 -2800.891 -2788.504 -2776.3184 -2764.1326 -1785.4523 -1020.77637 -391.45203 441.5039 1341.1285 2624.0479 3299.8992 3299.8992 3299.8992 3299.8992 3299.8992 3299.8992 3299.8992 3299.8992 3299.8992 3299.8992 3299.8992 3299.8992 3299.8992 3299.8992 

-43.807983 -21.652222 -4.1290283 3.3233643 -1.7120361 25.076294 90.5365 87.81738 82.07703 90.83862 89.52942 71.90552 34.44214 43.40515 45.822144 49.850464 58.10852 25.680542 -16.616821 -12.084961 -4.6325684 31.521606 -23.162842 -43.90869 7.0495605 -0.9063721 -66.76941 -89.328 -67.17224 -38.36975 -0.50354004 16.113281 15.811157 34.84497 146.12732 256.7047 293.0603 330.42297 357.71484 376.64795 376.64795 376.64795 376.64795 376.64795 376.64795 376.64795 376.64795 376.64795 376.64795 376.64795 376.64795 376.64795 376.64795 376.64795 376.64795 376.64795 376.64795 376.64795 376.64795 376.64795 -124.97864 -92.85278 -82.88269 -100.909424 -118.93616 -148.4436 -155.79529 -79.156494 -31.521606 -5.4382324 12.689209 24.77417 40.98816 42.49878 66.16516 60.021973 21.24939 25.177002 60.12268 92.95349 108.76465 111.38306 139.5813 164.25476 185.40344 210.78186 223.37036 184.29565 151.26343 113.90076 34.643555 0 -31.118774 -95.773315 -160.12573 -201.2146 -145.22095 -71.502686 -0.80566406 28.399658 48.843384 62.438965 28.601074 -3.8269043 1.2084961 12.689209 -30.81665 -64.956665 -72.61047 -57.504272 -66.87012 -82.78198 -62.942505 -14.904785 21.450806 36.154175 24.472046 8.963013 -18.328857 -39.175415 -80.36499 -89.83154 -44.613647 12.789917 77.74658 164.15405 221.55762 168.38379 116.21704 90.83862 97.98889 149.6521 152.37122 84.191895 63.64746 90.43579 79.35791 5.0354004 -56.497192 -84.2926 -84.2926 -84.2926 -84.2926 -84.2926 -84.2926 -84.2926 -84.2926 -84.2926 -84.2926 -84.2926 -84.2926 -84.2926 -84.2926 -84.2926 -84.2926 -84.2926 -84.2926 -84.2926 -84.2926 -84.2926 45.01648 62.942505 94.3634 104.434204 72.9126 11.178589 -12.991333 -34.542847 1.0070801 13.394165 -0.20141602 42.800903 85.198975 92.34924 93.45703 83.688354 88.42163 116.61987 152.06909 103.125 43.00232 7.3516846 45.318604 82.9834 70.69702 21.652222 -49.850464 -107.15332 -145.22095 -109.16748 -91.14075 -106.24695 -84.2926 -64.05029 22.558594 93.0542 113.09509 130.21545 164.25476 190.13672 159.11865 141.39404 123.568726 134.04236 121.9574 112.18872 73.31543 -0.60424805 -42.196655 -56.5979 -58.007812 -43.606567 11.984253 48.94409 65.3595 67.67578 78.25012 50.354004 54.483032 18.832397 
-139.27917 -100.6073 -71.60339 -37.060547 10.876465 14.501953 -30.212402 23.867798 86.30676 136.05652 151.86768 118.13049 94.06128 66.467285 80.26428 111.483765 99.19739 82.37915 53.57666 71.09985 67.8772 5.3375244 1.6113281 20.846558 4.8339844 -2.2155762 16.415405 13.092041 23.867798 14.804077 10.171509 26.586914 -16.818237 -93.65845 -175.83618 -196.1792 -165.06042 -134.14307 -101.61438 -78.652954 -46.325684 -19.839478 -46.02356 -84.191895 -78.552246 -66.76941 -73.71826 -12.991333 60.827637 101.61438 128.10059 161.43494 140.58838 120.44678 93.85986 85.5011 71.40198 49.346924 32.93152 36.557007 4.5318604 -30.514526 -25.78125 -32.83081 -41.4917 -38.269043 -4.6325684 -39.37683 -37.161255 -30.81665 -30.31311 -23.464966 -2.2155762 10.675049 -40.786743 -58.61206 -36.254883 -26.687622 -31.924438 -33.535767 -8.258057 26.78833 32.83081 30.111694 45.318604 35.85205 15.710449 27.29187 -3.4240723 -34.039307 -48.339844 -56.69861 -70.3949 -57.20215 -18.832397 24.572754 33.636475 55.69153 65.56091 132.93457 153.07617 107.15332 68.984985 38.671875 16.415405 33.636475 52.871704 12.185669 -13.192749 -32.83081 -21.24939 11.178589 22.659302 3.4240723 -67.27295 -106.04553 -110.27527 -100.70801 -80.86853 -74.92676 -51.5625 -32.629395 -39.074707 -45.217896 -33.233643 -35.247803 -16.616821 53.274536 83.08411 97.98889 104.333496 108.26111 91.241455 57.70569 -12.789917 -30.212402 -43.304443 -25.881958 17.422485 90.234375 94.766235 11.984253 -23.565674 7.8552246 64.25171 54.0802 4.2297363 -79.660034 -106.24695 -107.25403 -110.37598 -106.24695 -93.45703 -62.13684 -61.029053 -92.752075 -91.44287 -62.036133 -54.986572 -60.525513 -25.479126 36.95984 83.99048 98.0896 89.52942 30.615234 -12.789917 30.514526 96.17615 161.23352 188.02185 186.71265 134.34448 121.554565 99.60022 73.61755 16.314697 -16.012573 -44.613647 2.6184082 6.7474365 -16.918945 -60.324097 -103.829956 -140.7898 -148.4436 -136.15723 -154.88892 -139.48059 -187.92114 -208.86841 -170.29724 -140.28625 -93.55774 -92.95349 -82.9834 -42.599487 -8.056641 20.645142 -8.963013 -10.574341 -39.578247 -36.85913 -16.415405 11.380005 26.889038 38.269043 74.42322 48.843384 16.415405 29.708862 80.667114 67.977905 73.71826 73.61755 79.76074 74.523926 106.14624 96.780396 139.37988 
2970.7854 2953.8665 2939.7673 2916.9067 2699.7803 2900.2898 2888.1042 2875.9185 2863.5315 2850.6409 2837.6494 2824.5574 2811.264 2798.1719 2785.1807 2772.29 2759.5 2747.0122 2734.4238 2721.7346 2723.346 2747.113 2768.3623 2789.1082 2808.444 2827.5786 2846.3103 2864.5386 2882.5652 2900.2898 2917.7124 2935.2356 2952.2551 2969.3755 2986.2944 -3247.8333 -2022.6196 205.74646 2495.1416 2990.7256 2538.3452 2238.5376 2281.9426 2191.3054 1565.3046 2928.6895 2917.0073 2904.8218 2892.334 2879.3425 2866.2505 2852.957 2839.563 2826.2695 2813.0767 2799.9846 2786.8926 2773.9014 2761.2122 2747.6165 2752.954 2774.2034 2794.6472 2814.688 2833.8225 2852.1514 2870.2788 2888.3057 2906.2317 2923.654 2940.9758 2958.2976 2975.3174 2992.337 3009.1553 3245.3154 -704.75464 2026.2451 3013.1836 2999.185 2984.683 2970.4834 2956.2834 2939.7673 2924.3591 2913.8855 2901.6997 2889.212 2876.422 2863.4307 2850.238 2836.9446 2823.6511 2810.4583 2797.3662 2784.4756 2771.585 2758.8958 2746.3074 2732.7117 2740.7683 2762.8235 2784.0728 2803.5095 2822.8455 2841.7786 2860.208 2878.3354 2896.161 2913.8855 2931.2073 2948.529 2965.6494 2982.7698 2999.4873 -3250.3508 -807.87964 1987.4725 3003.6162 2989.7185 2974.9146 2958.499 2943.7957 2927.5818 2634.622 2904.6204 2892.636 2880.551 2867.8618 2855.072 2841.7786 2828.5857 2815.393 2802.2002 2789.209 2776.419 2763.6292 2750.94 2738.2507 2722.0366 2736.3372 2758.493 2779.4402 2799.7832 2819.1191 2837.8508 2856.079 2874.1057 2892.0317 2909.6558 2927.179 2944.5007 2961.621 2978.54 2995.5596 3275.2258 -1237.2986 1784.3445 3003.1128 2989.1143 2973.4038 2959.204 2945.3064 2928.8909 2915.1946 2904.318 2892.1326 2879.544 2866.8547 2853.7627 2840.57 2827.3772 2814.1846 2800.9917 2788.0005 2775.1099 2762.4207 2749.7314 2737.0422 2481.7473 2738.4521 2761.1113 2782.0586 2801.596 2820.932 2839.7644 2858.2947 2876.3213 2894.2473 2911.8713 2929.3945 2946.515 2963.6353 2980.7556 2997.4731 -3108.8562 -574.23706 2346.1943 2998.7822 2984.784 2967.4622 2952.9602 2938.9617 2922.345 2773.3977 2899.9878 2888.1042 2875.8179 2863.1287 2850.1372 2837.0452 2823.7517 2810.6597 2797.5676 2784.5764 2771.7864 2758.9966 2746.408 2733.8196 1893.0084 
3299.8992 -1681.723 -2601.6907 -2589.6057 -2577.7222 -2566.2415 -2554.257 -2542.6758 -2531.2957 -2520.0164 -2375.5005 886.23047 3299.8992 3299.8992 572.0215 -712.50916 -2427.365 -2282.5469 -1637.1094 -2214.4683 -2499.7742 -2488.1926 -2477.2156 -2466.339 -2455.3618 -2444.7876 -2433.8103 -2423.236 -2412.561 326.9989 3299.8992 3299.8992 3299.8992 3299.8992 3299.8992 3299.8992 3299.8992 3299.8992 3299.8992 3299.8992 3299.8992 -2025.5402 -2598.1658 -2586.2822 -2574.3987 -2562.918 -2550.9338 -2539.3523 -2527.9724 -2516.5923 -2180.6304 1271.7407 3299.8992 3170.8923 220.75195 -830.9418 -2324.7437 -2304.1992 -1553.2196 -2450.0244 -2496.652 -2485.2722 -2474.295 -2463.3179 -2452.3406 -2441.867 -2430.789 -2420.2148 -2409.6404 780.0842 3299.8992 3299.8992 3299.8992 3299.8992 3299.8992 3299.8992 3299.8992 3299.8992 3299.8992 3299.8992 3254.0771 -2443.881 -2594.641 -2582.5562 -2570.7732 -2559.2925 -2547.409 -2535.7268 -2524.4475 -2512.9668 -1973.4741 1595.8191 3299.8992 2792.4316 -320.755 -1397.0215 -2526.764 -2430.89 -1869.7449 -2496.0479 -2484.668 -2473.3887 -2462.6128 -2451.6357 -2440.7593 -2430.2856 -2419.4092 -2408.6333 -2398.1597 1843.8629 3299.8992 3299.8992 3299.8992 3299.8992 3299.8992 3299.8992 3299.8992 3299.8992 3299.8992 3299.8992 2893.2402 -2597.5615 -2585.376 -2573.3916 -2561.609 -2550.2288 -2538.2446 -2526.764 -2515.3838 -2504.004 -1718.3807 2103.8909 3299.8992 2541.165 -88.52234 -1447.879 -2474.6978 -2128.363 -1245.9595 -2493.7317 -2482.1501 -2470.8708 -2459.9944 -2449.118 -2438.3423 -2427.8687 -2416.8914 -2406.4177 -2395.8435 2433.4075 3299.8992 3299.8992 3299.8992 3299.8992 3299.8992 3299.8992 3299.8992 3299.8992 3299.8992 3299.8992 2424.7466 -2594.3389 -2582.3547 -2570.3704 -2558.5876 -2547.2075 -2535.4248 -2523.8433 -2512.3625 -2500.9827 -1485.4431 2570.0684 3299.8992 1985.4584 -371.91467 -1551.3062 -2393.3257 -2202.5847 -1890.1886 -2483.963 -2472.6836 -2461.5051 -2450.6287 -2439.9536 -2429.1777 -2418.704 -2407.8276 -2397.354 -2387.0818 3065.5518 3299.8992 3299.8992 3299.8992 3299.8992 3299.8992 3299.8992 3299.8992 3299.8992 3299.8992 3299.8992 2172.876 -2586.8865 -2574.9023 -2563.0188 -2551.1353 -2539.6545 -2527.8716 -2516.4917 -2505.011 -2493.7317 -1157.84 3114.6973 3299.8992 2231.2866 32.629395 -1392.2882 -1939.7369 -1825.9369 -1547.0764 -2488.5955 
-644.2291 200.91248 474.73755 807.3761 1002.4475 565.47546 -1504.4769 -3270.1904 -3255.487 -3240.6829 -3226.0803 -3211.4775 -3197.2778 -3183.4807 -3169.583 -3155.8867 -3142.2913 -3128.7964 -3115.2007 -3102.2095 754.2023 3299.8992 3299.8992 3299.8992 3299.8992 3299.8992 3299.8992 3299.8992 3299.8992 3299.8992 3299.8992 3299.8992 3299.8992 3299.8992 1656.3446 -326.19324 -1186.441 -1578.598 -1763.9008 -1620.1904 -571.2158 180.36804 458.72498 575.647 771.32263 225.0824 -2038.3301 -3264.7522 -3250.1494 -3235.3455 -3220.8435 -3206.543 -3192.343 -3178.4453 -3164.6484 -3151.0527 -3137.4573 -3123.9624 -3110.669 -3097.577 1320.6848 3299.8992 3299.8992 3299.8992 3299.8992 3299.8992 3299.8992 3299.8992 3299.8992 3299.8992 3299.8992 3299.8992 3299.8992 3299.8992 1462.8845 -427.00195 -1299.5361 -1590.5823 -1647.8851 -1368.6218 -388.93433 297.79358 546.24023 617.1387 725.7019 37.96692 -2412.561 -3261.5295 -3246.4233 -3231.72 -3217.218 -3203.018 -3188.919 -3174.9207 -3161.2244 -3147.528 -3133.9324 -3120.5383 -3107.3455 -3094.2534 1719.7906 3299.8992 3299.8992 3299.8992 3299.8992 3299.8992 3299.8992 3299.8992 3299.8992 3299.8992 3299.8992 3299.8992 3299.8992 3299.8992 1184.3262 -526.09863 -1363.4857 -1708.7128 -1882.9376 -1635.2966 -472.9248 112.28943 362.95166 515.22217 727.31323 -45.318604 -2569.464 -3251.8616 -3237.3596 -3222.8577 -3208.4563 -3194.2566 -3180.258 -3166.3604 -3152.5635 -3139.0686 -3125.5737 -3112.2803 -3099.1882 -2986.9995 2373.6877 3299.8992 3299.8992 3299.8992 3299.8992 3299.8992 3299.8992 3299.8992 3299.8992 3299.8992 3299.8992 3299.8992 3299.8992 3299.8992 2077.2034 643.927 13.796997 -415.31982 -552.2827 -309.87854 723.68774 1105.6732 1235.5865 1269.5251 1386.85 495.4834 -2130.4778 -3204.6294 -3278.952 -3263.9465 -3249.1423 -3234.439 -3219.937 -3205.536 -3191.5374 -3177.6396 -3163.742 -3150.0457 -3136.6516 -2735.33 1872.7661 3299.8992 3299.8992 3299.8992 3299.8992 3299.8992 3299.8992 3299.8992 3299.8992 3299.8992 3299.8992 3299.8992 3298.2878 2864.4377 45.620728 -1513.2385 -2262.2039 -2607.431 -2858.5967 -2496.4507 -1328.6407 -779.3793 -624.38965 -262.54578 89.730835 -688.8428 -3193.451 -3226.0803 -3211.9812 -3197.7812 -3183.783 -3169.8853 -3156.189 -3142.4927 -3129.0984 -3115.805 -3102.6123 -3089.6208 -3076.831 -2313.8672 
2456.1675 -3118.7256 -3103.1157 -3088.0095 -3073.3062 -3058.6028 -3044.2017 -3030.0017 -3015.7012 -3001.703 -2987.8052 -2974.008 -2960.4126 -2947.0183 -2933.6243 -2920.3308 -2907.3394 -2894.3481 -2881.558 -2868.869 -2144.9797 -1327.1301 -213.60168 1487.6587 3299.8992 3299.8992 3299.8992 3299.8992 3299.8992 3299.8992 3299.8992 3299.8992 3299.8992 3299.8992 3299.8992 3299.8992 3299.8992 3299.8992 3299.8992 3299.8992 2203.189 -3122.4517 -3106.6406 -3091.7358 -3076.9316 -3062.329 -3047.8271 -3033.5266 -3019.226 -3005.2275 -2991.3298 -2977.533 -2963.9373 -2950.3418 -2937.0483 -2923.755 -2910.6628 -2897.6714 -2884.8816 -2872.0916 -1873.0682 -1245.0531 -181.47583 1414.9475 3299.8992 3299.8992 3299.8992 3299.8992 3299.8992 3299.8992 3299.8992 3299.8992 3299.8992 3299.8992 3299.8992 3299.8992 3299.8992 3299.8992 3299.8992 3299.8992 1522.5037 -3122.8545 -3107.6477 -3092.2393 -3077.3345 -3062.631 -3048.1292 -3033.8286 -3019.629 -3005.6304 -2991.7327 -2977.9358 -2964.2395 -2950.8452 -2937.5518 -2924.2583 -2911.0657 -2898.175 -2885.2844 -2872.5952 -1799.6521 -1140.1154 50.958252 1607.7026 3299.8992 3299.8992 3299.8992 3299.8992 3299.8992 3299.8992 3299.8992 3299.8992 3299.8992 3299.8992 3299.8992 3299.8992 3299.8992 3299.8992 3299.8992 3299.8992 1170.5292 -3124.1638 -3109.0576 -3093.75 -3078.6438 -3064.041 -3049.539 -3035.3394 -3021.1394 -3006.9397 -2993.042 -2979.3457 -2965.75 -2952.2551 -2938.7603 -2925.5676 -2912.4756 -2899.3835 -2886.493 -2873.8037 -1634.3903 -1209.3018 -61.73401 1661.5814 3299.8992 3299.8992 3299.8992 3299.8992 3299.8992 3299.8992 3299.8992 3299.8992 3299.8992 3299.8992 3299.8992 3299.8992 3299.8992 3299.8992 3299.8992 3299.8992 489.44092 -3122.754 -3107.2449 -3092.34 -3077.4353 -3062.732 -3048.3306 -3034.03 -3019.8303 -3005.8318 -2991.8335 -2978.0364 -2964.5415 -2951.0466 -2937.6526 -2924.4597 -2911.267 -2898.3765 -2885.4858 -2872.7966 -1378.6926 -821.87805 456.81152 2304.8035 3299.8992 3299.8992 3299.8992 3299.8992 3299.8992 3299.8992 3299.8992 3299.8992 3299.8992 3299.8992 3299.8992 3299.8992 3299.8992 3299.8992 3299.8992 3299.8992 94.3634 -3128.1921 -3112.683 -3097.7783 -3082.974 -3068.2708 -3053.8696 -3039.4683 -3025.2686 -3011.1694 -2997.2717 -2983.4746 -2969.7783 -2956.1829 -2942.8894 -2929.6965 -2916.504 -2903.4119 -2890.5212 -2877.7312 
-404.24194 355.19714 693.67676 1037.2925 1412.5305 1307.4921 240.39001 -1454.2236 3216.513 3233.029 3249.4446 3265.3564 3281.2683 3296.9788 -3287.3108 -3272.1038 -3256.5947 -3241.388 -3226.3823 -3211.679 3.8269043 3299.8992 3299.8992 3299.8992 3299.8992 3299.8992 3299.8992 3290.7349 3275.3264 3259.0117 3243.6035 3228.0945 3212.4846 2849.231 172.71423 -1366.1041 -1891.7999 -1837.0148 -1550.5005 -1144.9493 -30.81665 748.96545 1056.0242 1322.0947 1601.1566 1369.2261 173.21777 -1559.4635 3215.103 3231.72 3248.0347 3264.047 3280.0598 3295.6694 -3288.7207 -3273.2117 -3257.904 -3242.7979 -3227.6917 -3189.1204 321.66138 3299.8992 3299.8992 3299.8992 3299.8992 3299.8992 3299.8992 3287.4114 3271.8018 3255.5876 3240.28 3224.6704 3209.1614 2681.552 -27.694702 -1424.7162 -1881.1249 -1857.5592 -1702.771 -1214.5386 -145.22095 614.621 1035.5804 1376.3763 1716.9708 1517.0654 272.51587 -1438.6139 3213.693 3230.31 3246.7253 3262.738 3278.65 3294.2595 -3290.0298 -3274.5208 -3259.2131 -3244.0063 -3228.7993 -3007.544 832.5531 3299.8992 3299.8992 3299.8992 3299.8992 3299.8992 3298.1873 3282.6782 3267.1692 3251.056 3235.5469 3220.1384 3204.5288 2936.3433 778.87573 -454.1931 -726.9104 -816.3391 -651.5808 -162.1399 927.9236 1588.7695 1794.3146 2118.2922 2249.414 1947.8943 569.00024 -1112.9242 3233.5327 3189.624 3206.1401 3222.354 3238.568 3254.5806 3270.3918 3286.203 3299.8992 -3282.8796 -3216.8152 -2785.1807 243.61267 3299.8992 3299.8992 3299.8992 3295.468 3280.2612 3265.0542 3249.646 3234.439 3218.527 3203.2195 3187.7104 3168.4753 1483.429 -1443.5486 -2803.2073 -3040.5762 -3124.1638 -2924.1577 -2411.6545 -1329.1443 -593.8751 -168.18237 429.21753 928.62854 865.68604 -351.47095 -1875.8881 3257.199 3273.413 3289.224 3299.8992 -3279.7576 -3264.3494 -3249.0417 -3234.0361 -3219.0308 -3204.2266 -3189.624 -2333.3037 1933.0902 3299.8992 3299.8992 3299.8992 3299.8992 3299.8992 3299.8992 3299.8992 3297.885 3281.369 3265.7593 3250.0488 3234.3384 2241.9617 -228.20435 -1232.0618 -1406.6895 -1371.341 -1250.592 -748.5626 259.2224 809.39026 1100.235 1379.2969 1622.2046 1210.2081 -184.49707 -1941.5497 3236.2517 3252.5664 3268.6797 3284.6924 3299.8992 -3283.8867 -3268.4783 -3253.07 -3237.9639 -3222.7568 -3207.953 -2469.6624 
2634.2192 -21.75293 -2486.6821 -2992.1355 -2978.1372 -2964.34 -2950.5432 -2937.4512 -2924.057 -2910.7634 -2897.6714 -2884.8816 -2871.991 -2859.3018 -2846.6125 -2834.024 -2821.5361 -2809.1492 -2796.762 -2784.4756 -1954.9438 -1357.3425 -709.4879 70.495605 882.605 2402.7922 3299.8992 3299.8992 3299.8992 3299.8992 3299.8992 3299.8992 3299.8992 3299.8992 3299.8992 3299.8992 3299.8992 3299.8992 3299.8992 3299.8992 2342.5688 -470.00427 -2883.7737 -2998.5808 -2984.784 -2970.8862 -2957.3914 -2943.8965 -2930.603 -2917.2087 -2904.1167 -2891.1255 -2878.3354 -2865.6462 -2852.957 -2840.2678 -2827.78 -2815.2922 -2803.0059 -2790.7195 -2021.9147 -1565.3046 -930.3406 -115.7135 924.2981 2468.5547 3299.8992 3299.8992 3299.8992 3299.8992 3299.8992 3299.8992 3299.8992 3299.8992 3299.8992 3299.8992 3299.8992 3299.8992 3299.8992 3299.8992 2011.5417 -691.7633 -3013.2842 -2998.883 -2984.9854 -2971.1882 -2957.7942 -2944.2993 -2931.0059 -2917.7124 -2904.5195 -2891.7297 -2878.839 -2866.049 -2853.3599 -2840.6707 -2828.3843 -2815.8965 -2803.61 -2786.6912 -1769.9432 -1280.3009 -683.30383 68.58215 964.4806 2609.2437 3299.8992 3299.8992 3299.8992 3299.8992 3299.8992 3299.8992 3299.8992 3299.8992 3299.8992 3299.8992 3299.8992 3299.8992 3299.8992 3299.8992 1868.2343 -789.04724 -3017.6147 -3003.4148 -2989.4165 -2975.6194 -2961.923 -2948.4282 -2935.2356 -2922.1436 -2908.9507 -2895.8586 -2882.968 -2870.1782 -2857.489 -2844.7998 -2832.4126 -2820.0256 -2807.6384 -2795.2515 -2048.9043 -1664.8041 -942.52625 -62.942505 972.94006 2721.4324 3299.8992 3299.8992 3299.8992 3299.8992 3299.8992 3299.8992 3299.8992 3299.8992 3299.8992 3299.8992 3299.8992 3299.8992 3299.8992 3299.8992 1470.0348 -1121.283 -3013.687 -2999.0845 -2985.2874 -2971.591 -2957.9956 -2944.6013 -2931.2073 -2918.1152 -2904.9224 -2891.9312 -2879.242 -2866.3513 -2853.7627 -2841.1743 -2828.6865 -2816.2993 -2803.9124 -2789.0076 -1871.759 -1488.6658 -737.68616 138.67493 1011.4105 2860.208 3299.8992 3299.8992 3299.8992 3299.8992 3299.8992 3299.8992 3299.8992 3299.8992 3299.8992 3299.8992 3299.8992 3299.8992 3299.8992 3299.8992 1064.5844 -1580.6122 -3009.1553 -2995.1567 -2981.1584 -2967.4622 -2953.8665 -2940.573 -2927.2795 -2914.1875 -2900.894 -2888.0034 -2875.1128 -2862.4236 -2849.8352 -2837.146 -2824.7588 -2812.271 -2799.9846 -2662.8203 

