wall_time,elapsed_s,F1_N,F2_N
2026-07-22T15:35:15.555,0.0,18.5283,10.3796
2026-07-22T15:35:15.566,0.0063,18.5283,10.7124
2026-07-22T15:35:15.572,0.0083,18.5675,10.7516
2026-07-22T15:35:15.583,0.0143,18.6262,10.7712
2026-07-22T15:35:15.591,0.0365,18.7045,10.7516
2026-07-22T15:35:15.607,0.0479,18.7241,10.7908
2026-07-22T15:35:15.612,0.0479,18.7045,10.8495
2026-07-22T15:35:15.630,0.0548,18.7241,10.8299
2026-07-22T15:35:15.633,0.0554,18.6849,10.8103
2026-07-22T15:35:15.643,0.0795,18.822,10.8299
2026-07-22T15:35:15.652,0.0824,18.8612,10.8887
2026-07-22T15:35:15.664,0.0824,18.8416,10.8691
2026-07-22T15:35:15.669,0.0932,18.8416,10.8495
2026-07-22T15:35:15.681,0.1092,18.8024,10.9082
2026-07-22T15:35:15.687,0.1241,18.8416,10.8887
2026-07-22T15:35:15.704,0.1298,18.9003,10.8887
2026-07-22T15:35:15.720,0.1321,18.7828,10.9082
2026-07-22T15:35:15.728,0.1554,18.8612,10.9082
2026-07-22T15:35:15.730,0.1554,18.9003,11.0257
2026-07-22T15:35:15.745,0.1554,18.8807,10.967
2026-07-22T15:35:15.753,0.1735,18.8807,11.0061
2026-07-22T15:35:15.760,0.2029,18.9003,10.967
2026-07-22T15:35:15.760,0.2029,18.9199,10.9866
2026-07-22T15:35:15.777,0.2134,18.9003,11.0257
2026-07-22T15:35:15.777,0.2134,18.9003,11.0061
2026-07-22T15:35:15.807,0.2408,18.9787,11.0453
2026-07-22T15:35:15.808,0.2408,18.9199,11.0453
2026-07-22T15:35:15.824,0.2506,19.0374,11.0453
2026-07-22T15:35:15.835,0.2525,19.0374,11.0649
2026-07-22T15:35:15.840,0.2559,19.0178,11.0453
2026-07-22T15:35:15.856,0.2864,18.9199,11.0453
2026-07-22T15:35:15.862,0.2864,18.9199,11.0649
2026-07-22T15:35:15.874,0.3021,18.8807,11.0649
2026-07-22T15:35:15.881,0.3279,18.9199,11.0649
2026-07-22T15:35:15.889,0.3357,18.8612,11.0649
2026-07-22T15:35:15.908,0.3362,18.8024,10.9866
2026-07-22T15:35:15.923,0.346,18.8416,10.967
2026-07-22T15:35:15.923,0.346,18.822,10.967
2026-07-22T15:35:15.938,0.362,18.7633,11.0453
2026-07-22T15:35:15.946,0.3816,18.7828,10.9866
2026-07-22T15:35:15.952,0.3816,18.7828,10.9866
2026-07-22T15:35:15.966,0.3816,18.7437,11.0257
2026-07-22T15:35:15.967,0.3937,18.7241,10.9278
2026-07-22T15:35:15.983,0.4201,18.7045,10.967
2026-07-22T15:35:15.983,0.4231,18.6262,10.9082
2026-07-22T15:35:16.003,0.4261,18.6654,11.0257
2026-07-22T15:35:16.003,0.4304,18.6849,10.8887
2026-07-22T15:35:16.025,0.4595,18.7241,10.967
2026-07-22T15:35:16.037,0.4617,18.7045,10.967
2026-07-22T15:35:16.046,0.4617,18.8024,11.0061
2026-07-22T15:35:16.057,0.4759,18.7241,10.9866
2026-07-22T15:35:16.065,0.5002,18.6849,11.0061
2026-07-22T15:35:16.068,0.5049,18.7045,10.9866
2026-07-22T15:35:16.083,0.5098,18.7437,10.967
2026-07-22T15:35:16.083,0.5098,18.7045,10.9278
2026-07-22T15:35:16.115,0.5293,18.7045,10.967
2026-07-22T15:35:16.115,0.5293,18.7633,10.967
2026-07-22T15:35:16.131,0.547,18.7828,10.9278
2026-07-22T15:35:16.131,0.547,18.7241,10.9474
2026-07-22T15:35:16.146,0.5765,18.7828,10.9866
2026-07-22T15:35:16.151,0.5765,18.7437,10.9474
2026-07-22T15:35:16.168,0.5934,18.6654,10.9866
2026-07-22T15:35:16.178,0.5994,18.7045,10.9866
2026-07-22T15:35:16.184,0.6249,18.7437,10.967
2026-07-22T15:35:16.188,0.6282,18.7437,10.8887
2026-07-22T15:35:16.215,0.6349,18.8024,11.0061
2026-07-22T15:35:16.215,0.6401,18.7633,10.967
2026-07-22T15:35:16.223,0.6464,18.7241,11.0257
2026-07-22T15:35:16.241,0.6717,18.6849,11.0649
2026-07-22T15:35:16.241,0.6744,18.8416,11.1041
2026-07-22T15:35:16.256,0.6787,18.9003,11.0257
2026-07-22T15:35:16.261,0.6787,18.8612,11.0257
2026-07-22T15:35:16.277,0.7153,18.8807,11.0257
2026-07-22T15:35:16.279,0.7193,18.8612,11.0453
2026-07-22T15:35:16.296,0.725,18.822,11.0649
2026-07-22T15:35:16.300,0.725,18.8612,11.1041
2026-07-22T15:35:16.313,0.7307,18.822,11.0453
2026-07-22T15:35:16.325,0.7578,18.8416,11.0257
2026-07-22T15:35:16.333,0.7578,18.7633,11.0257
2026-07-22T15:35:16.343,0.7669,18.7241,11.0453
2026-07-22T15:35:16.355,0.7731,18.6262,11.0649
2026-07-22T15:35:16.361,0.7988,18.587,11.0649
2026-07-22T15:35:16.379,0.8048,18.587,11.0453
2026-07-22T15:35:16.388,0.8083,18.6458,11.0649
2026-07-22T15:35:16.394,0.8103,18.5087,11.0453
2026-07-22T15:35:16.404,0.8315,18.587,11.0845
2026-07-22T15:35:16.404,0.8355,18.45,11.0453
2026-07-22T15:35:16.429,0.8417,18.5087,11.0649
2026-07-22T15:35:16.431,0.8462,18.5479,11.0649
2026-07-22T15:35:16.438,0.8723,18.5283,11.0257
2026-07-22T15:35:16.452,0.8763,18.5479,11.0453
2026-07-22T15:35:16.463,0.8779,18.587,11.0453
2026-07-22T15:35:16.472,0.8842,18.587,11.0649
2026-07-22T15:35:16.483,0.9105,18.5479,11.0649
2026-07-22T15:35:16.493,0.9156,18.5087,11.1236
2026-07-22T15:35:16.505,0.9187,18.5675,11.0845
2026-07-22T15:35:16.515,0.9501,18.5283,11.0845
2026-07-22T15:35:16.515,0.9551,18.6066,11.1041
2026-07-22T15:35:16.532,0.9603,18.587,11.0845
2026-07-22T15:35:16.540,0.9641,18.5479,11.1432
2026-07-22T15:35:16.555,0.9922,18.45,11.0649
2026-07-22T15:35:16.562,0.9944,18.3912,11.1041
2026-07-22T15:35:16.576,0.997,18.3716,11.0257
2026-07-22T15:35:16.582,0.997,18.3325,11.0453
2026-07-22T15:35:16.599,1.0195,18.4304,11.0061
2026-07-22T15:35:16.599,1.0339,18.3521,11.0649
2026-07-22T15:35:16.618,1.0394,18.3521,11.0257
2026-07-22T15:35:16.628,1.0419,18.5087,11.0649
2026-07-22T15:35:16.641,1.0698,18.5479,11.0845
2026-07-22T15:35:16.641,1.0729,18.5087,11.1041
2026-07-22T15:35:16.641,1.0749,18.4891,11.0649
2026-07-22T15:35:16.663,1.0823,18.5087,11.0845
2026-07-22T15:35:16.675,1.1107,18.4696,11.0649
2026-07-22T15:35:16.684,1.1143,18.4696,11.1432
2026-07-22T15:35:16.696,1.1214,18.4696,11.1432
2026-07-22T15:35:16.696,1.1264,18.5675,11.202
2026-07-22T15:35:16.719,1.1544,18.6458,11.1628
2026-07-22T15:35:16.719,1.1544,18.6654,11.1628
2026-07-22T15:35:16.743,1.1653,18.6066,11.1824
2026-07-22T15:35:16.743,1.1696,18.6262,11.202
2026-07-22T15:35:16.767,1.1932,18.5479,11.2803
2026-07-22T15:35:16.767,1.1932,18.5479,11.202
2026-07-22T15:35:16.776,1.1932,18.6066,11.1628
2026-07-22T15:35:16.786,1.2083,18.6458,11.1824
2026-07-22T15:35:16.794,1.2111,18.6262,11.1432
2026-07-22T15:35:16.803,1.243,18.5479,11.1432
2026-07-22T15:35:16.814,1.243,18.6066,11.202
2026-07-22T15:35:16.814,1.2476,18.6066,11.1628
2026-07-22T15:35:16.832,1.2561,18.6066,11.1628
2026-07-22T15:35:16.845,1.2894,18.5479,11.1824
2026-07-22T15:35:16.845,1.295,18.5283,11.1432
2026-07-22T15:35:16.864,1.2987,18.5087,11.1628
2026-07-22T15:35:16.877,1.3033,18.5479,11.1628
2026-07-22T15:35:16.881,1.3033,18.6262,11.202
2026-07-22T15:35:16.893,1.3348,18.6654,11.2803
2026-07-22T15:35:16.893,1.3348,18.6849,11.2411
2026-07-22T15:35:16.920,1.3465,18.6849,11.2607
2026-07-22T15:35:16.925,1.3465,18.6458,11.2215
2026-07-22T15:35:16.934,1.3785,18.6458,11.2607
2026-07-22T15:35:16.940,1.3853,18.6849,11.202
2026-07-22T15:35:16.940,1.3895,18.7241,11.2411
2026-07-22T15:35:16.968,1.3895,18.7828,11.2411
2026-07-22T15:35:16.972,1.3991,18.7241,11.1824
2026-07-22T15:35:16.983,1.431,18.7045,11.1824
2026-07-22T15:35:16.987,1.438,18.6066,11.202
2026-07-22T15:35:17.003,1.443,18.7045,11.202
2026-07-22T15:35:17.020,1.447,18.6849,11.1628
2026-07-22T15:35:17.025,1.4522,18.7241,11.1432
2026-07-22T15:35:17.034,1.4827,18.6654,11.0845
2026-07-22T15:35:17.034,1.4827,18.6849,11.2803
2026-07-22T15:35:17.063,1.4888,18.587,11.1628
2026-07-22T15:35:17.068,1.494,18.5479,11.1628
2026-07-22T15:35:17.073,1.4988,18.6066,11.2215
2026-07-22T15:35:17.084,1.5125,18.5479,11.1824
2026-07-22T15:35:17.086,1.5303,18.6066,11.2607
2026-07-22T15:35:17.104,1.5358,18.6066,11.1432
2026-07-22T15:35:17.115,1.5446,18.587,11.1824
2026-07-22T15:35:17.123,1.5502,18.4891,11.1628
2026-07-22T15:35:17.134,1.5757,18.45,11.1628
2026-07-22T15:35:17.134,1.5797,18.4696,11.1432
2026-07-22T15:35:17.157,1.5824,18.45,11.0649
2026-07-22T15:35:17.166,1.5869,18.45,11.1628
2026-07-22T15:35:17.171,1.5892,18.4304,11.0649
2026-07-22T15:35:17.191,1.6124,18.45,11.0649
2026-07-22T15:35:17.196,1.6124,18.3716,11.1041
2026-07-22T15:35:17.208,1.6284,18.3912,11.1236
2026-07-22T15:35:17.210,1.637,18.4108,11.0257
2026-07-22T15:35:17.217,1.6653,18.4304,11.1236
2026-07-22T15:35:17.234,1.6653,18.4304,11.1236
2026-07-22T15:35:17.234,1.6653,18.3521,11.0845
2026-07-22T15:35:17.254,1.6794,18.2542,11.0453
2026-07-22T15:35:17.264,1.7058,18.2933,11.0453
2026-07-22T15:35:17.264,1.7078,18.3129,11.0257
2026-07-22T15:35:17.286,1.7158,18.3325,11.0453
2026-07-22T15:35:17.297,1.7158,18.3912,11.0061
2026-07-22T15:35:17.303,1.7241,18.3521,11.0453
2026-07-22T15:35:17.310,1.7443,18.3716,11.0845
2026-07-22T15:35:17.329,1.7617,18.3325,11.0649
2026-07-22T15:35:17.337,1.7617,18.4696,11.0845
2026-07-22T15:35:17.345,1.7743,18.5283,11.1628
2026-07-22T15:35:17.357,1.8058,18.4696,11.1432
2026-07-22T15:35:17.366,1.8086,18.5087,11.1628
2026-07-22T15:35:17.366,1.8154,18.5283,11.1432
2026-07-22T15:35:17.383,1.8198,18.5087,11.202
2026-07-22T15:35:17.398,1.8288,18.5479,11.202
2026-07-22T15:35:17.406,1.8619,18.5675,11.1824
2026-07-22T15:35:17.411,1.8689,18.6262,11.2215
2026-07-22T15:35:17.422,1.8777,18.6262,11.2215
2026-07-22T15:35:17.443,1.8844,18.7241,11.202
2026-07-22T15:35:17.450,1.8877,18.6849,11.202
2026-07-22T15:35:17.454,1.8877,18.7241,11.2215
2026-07-22T15:35:17.474,1.9157,18.7633,11.2803
2026-07-22T15:35:17.474,1.9157,18.7045,11.2215
2026-07-22T15:35:17.490,1.9313,18.7828,11.2607
2026-07-22T15:35:17.493,1.9352,18.822,11.2607
2026-07-22T15:35:17.506,1.9352,18.7828,11.2411
2026-07-22T15:35:17.509,1.9422,18.7633,11.2999
2026-07-22T15:35:17.525,1.9778,18.822,11.202
2026-07-22T15:35:17.537,1.9788,18.822,11.2803
2026-07-22T15:35:17.537,1.9853,18.8612,11.2803
2026-07-22T15:35:17.556,1.9937,18.9395,11.339
2026-07-22T15:35:17.563,1.9937,18.9003,11.2411
2026-07-22T15:35:17.577,2.025,18.8612,11.2803
2026-07-22T15:35:17.583,2.0386,18.9591,11.3194
2026-07-22T15:35:17.583,2.0409,18.8807,11.2803
2026-07-22T15:35:17.606,2.0409,18.8807,11.2607
2026-07-22T15:35:17.615,2.0524,18.822,11.2411
2026-07-22T15:35:17.626,2.0599,18.8807,11.2411
2026-07-22T15:35:17.635,2.0905,18.6458,11.2607
2026-07-22T15:35:17.646,2.0945,18.9003,11.2411
2026-07-22T15:35:17.646,2.1026,18.8807,11.3194
2026-07-22T15:35:17.662,2.1082,18.8612,11.2607
2026-07-22T15:35:17.674,2.1124,18.7633,11.1824
2026-07-22T15:35:17.684,2.1457,18.7241,11.1824
2026-07-22T15:35:17.694,2.1538,18.7437,11.1824
2026-07-22T15:35:17.694,2.1557,18.7633,11.2411
2026-07-22T15:35:17.716,2.1557,18.7241,11.2411
2026-07-22T15:35:17.729,2.1684,18.7828,11.3586
2026-07-22T15:35:17.740,2.1684,18.7241,11.2803
2026-07-22T15:35:17.748,2.2035,18.7437,11.2607
2026-07-22T15:35:17.760,2.2098,18.7045,11.2803
2026-07-22T15:35:17.760,2.2098,18.7045,11.2215
2026-07-22T15:35:17.777,2.2153,18.6849,11.1628
2026-07-22T15:35:17.777,2.2153,18.6066,11.1628
2026-07-22T15:35:17.793,2.2582,18.6066,11.1432
2026-07-22T15:35:17.805,2.2655,18.5283,11.1628
2026-07-22T15:35:17.805,2.2655,18.5087,11.1432
2026-07-22T15:35:17.825,2.2746,18.5675,11.1824
2026-07-22T15:35:17.836,2.2799,18.5087,11.1824
2026-07-22T15:35:17.849,2.2821,18.587,11.202
2026-07-22T15:35:17.852,2.2854,18.5479,11.1824
2026-07-22T15:35:17.868,2.3174,18.5087,11.2411
2026-07-22T15:35:17.868,2.3174,18.5283,11.2607
2026-07-22T15:35:17.887,2.3253,18.6458,11.4173
2026-07-22T15:35:17.896,2.3253,18.6458,11.3586
2026-07-22T15:35:17.907,2.3373,18.6262,11.3586
2026-07-22T15:35:17.911,2.364,18.6066,11.3194
2026-07-22T15:35:17.933,2.3729,18.5675,11.2999
2026-07-22T15:35:17.933,2.3729,18.5675,11.2803
2026-07-22T15:35:17.947,2.3729,18.5283,11.3586
2026-07-22T15:35:17.956,2.3729,18.5479,11.339
2026-07-22T15:35:17.963,2.394,18.587,11.2607
2026-07-22T15:35:17.978,2.4302,18.5675,11.2411
2026-07-22T15:35:17.985,2.4302,18.5283,11.339
2026-07-22T15:35:17.994,2.4375,18.5675,11.3586
2026-07-22T15:35:17.994,2.4375,18.5087,11.3978
2026-07-22T15:35:18.015,2.4375,18.5283,11.3586
2026-07-22T15:35:18.041,2.4827,18.4891,11.339
2026-07-22T15:35:18.041,2.4827,18.4696,11.2411
2026-07-22T15:35:18.049,2.4923,18.587,11.2999
2026-07-22T15:35:18.059,2.4984,18.4696,11.2607
2026-07-22T15:35:18.059,2.4994,18.4891,11.2803
2026-07-22T15:35:18.079,2.5352,18.5087,11.2411
2026-07-22T15:35:18.088,2.5352,18.5087,11.0845
2026-07-22T15:35:18.088,2.5352,18.4304,11.1432
2026-07-22T15:35:18.104,2.5459,18.45,11.202
2026-07-22T15:35:18.113,2.5459,18.45,11.0649
2026-07-22T15:35:18.121,2.557,18.4108,11.1432
2026-07-22T15:35:18.151,2.5924,18.4696,11.1236
2026-07-22T15:35:18.151,2.5944,18.45,11.1236
2026-07-22T15:35:18.156,2.5969,18.4696,11.1824
2026-07-22T15:35:18.156,2.5969,18.4696,11.2215
2026-07-22T15:35:18.178,2.5969,18.4696,11.2215
2026-07-22T15:35:18.185,2.613,18.5087,11.2411
2026-07-22T15:35:18.207,2.645,18.5087,11.2607
2026-07-22T15:35:18.207,2.645,18.5087,11.2999
2026-07-22T15:35:18.213,2.645,18.4696,11.2999
2026-07-22T15:35:18.218,2.6649,18.4696,11.2607
2026-07-22T15:35:18.234,2.6649,18.4891,11.2803
2026-07-22T15:35:18.245,2.6992,18.4891,11.2411
2026-07-22T15:35:18.251,2.7042,18.5675,11.2803
2026-07-22T15:35:18.266,2.7092,18.4891,11.2411
2026-07-22T15:35:18.266,2.7138,18.587,11.2607
2026-07-22T15:35:18.283,2.7177,18.4891,11.2607
2026-07-22T15:35:18.300,2.7532,18.5087,11.2999
2026-07-22T15:35:18.314,2.7618,18.5087,11.2411
2026-07-22T15:35:18.324,2.7652,18.5479,11.2607
2026-07-22T15:35:18.325,2.7652,18.5675,11.2215
2026-07-22T15:35:18.335,2.7713,18.5675,11.2607
2026-07-22T15:35:18.339,2.777,18.5283,11.2803
2026-07-22T15:35:18.368,2.8055,18.4891,11.2999
2026-07-22T15:35:18.368,2.8086,18.5087,11.2803
2026-07-22T15:35:18.374,2.8136,18.5283,11.2803
2026-07-22T15:35:18.386,2.8155,18.5479,11.202
2026-07-22T15:35:18.392,2.8183,18.5283,11.202
2026-07-22T15:35:18.405,2.8515,18.587,11.2215
2026-07-22T15:35:18.417,2.857,18.4891,11.2803
2026-07-22T15:35:18.427,2.8619,18.5087,11.339
2026-07-22T15:35:18.435,2.8654,18.5087,11.3194
2026-07-22T15:35:18.447,2.8699,18.5087,11.2803
2026-07-22T15:35:18.454,2.8926,18.4891,11.2999
2026-07-22T15:35:18.464,2.9057,18.4891,11.2411
2026-07-22T15:35:18.478,2.9158,18.4696,11.2607
2026-07-22T15:35:18.487,2.9158,18.4696,11.2803
2026-07-22T15:35:18.496,2.9215,18.4304,11.3586
2026-07-22T15:35:18.502,2.9533,18.45,11.2999
2026-07-22T15:35:18.514,2.9533,18.3912,11.202
2026-07-22T15:35:18.514,2.9622,18.4108,11.2607
2026-07-22T15:35:18.537,2.9683,18.3325,11.2215
2026-07-22T15:35:18.543,2.9725,18.3325,11.2215
2026-07-22T15:35:18.543,3.0041,18.3521,11.2411
2026-07-22T15:35:18.560,3.0041,18.2933,11.2411
2026-07-22T15:35:18.560,3.0157,18.3129,11.2607
2026-07-22T15:35:18.590,3.0229,18.2737,11.2215
2026-07-22T15:35:18.594,3.0273,18.2933,11.2215
2026-07-22T15:35:18.609,3.0559,18.2933,11.2999
2026-07-22T15:35:18.623,3.0662,18.2542,11.1628
2026-07-22T15:35:18.625,3.0701,18.215,11.2803
2026-07-22T15:35:18.644,3.0733,18.2933,11.1824
2026-07-22T15:35:18.644,3.0733,18.2737,11.2215
2026-07-22T15:35:18.657,3.0825,18.215,11.202
2026-07-22T15:35:18.664,3.1125,18.215,11.1628
2026-07-22T15:35:18.676,3.114,18.2737,11.1628
2026-07-22T15:35:18.691,3.1259,18.3325,11.2411
2026-07-22T15:35:18.698,3.1296,18.3716,11.2215
2026-07-22T15:35:18.706,3.1363,18.2933,11.2607
2026-07-22T15:35:18.716,3.1573,18.2737,11.1628
2026-07-22T15:35:18.719,3.1573,18.2346,11.1432
2026-07-22T15:35:18.734,3.1708,18.2542,11.1432
2026-07-22T15:35:18.747,3.1782,18.2346,11.2607
2026-07-22T15:35:18.757,3.1801,18.3129,11.2411
2026-07-22T15:35:18.778,3.2049,18.4108,11.2607
2026-07-22T15:35:18.778,3.2115,18.3912,11.202
2026-07-22T15:35:18.794,3.221,18.3716,11.1628
2026-07-22T15:35:18.799,3.221,18.3716,11.2607
2026-07-22T15:35:18.801,3.2523,18.3521,11.202
2026-07-22T15:35:18.813,3.2523,18.4108,11.1824
2026-07-22T15:35:18.826,3.2622,18.3912,11.2215
2026-07-22T15:35:18.842,3.2684,18.3716,11.1236
2026-07-22T15:35:18.842,3.2684,18.3912,11.1236
2026-07-22T15:35:18.860,3.302,18.5087,11.1236
2026-07-22T15:35:18.874,3.309,18.3912,11.1628
2026-07-22T15:35:18.874,3.309,18.4108,11.202
2026-07-22T15:35:18.888,3.3159,18.3521,11.202
2026-07-22T15:35:18.890,3.3194,18.4696,11.2803
2026-07-22T15:35:18.906,3.3518,18.45,11.2215
2026-07-22T15:35:18.921,3.3542,18.5283,11.1824
2026-07-22T15:35:18.930,3.3587,18.4891,11.2215
2026-07-22T15:35:18.930,3.3587,18.4891,11.2215
2026-07-22T15:35:18.943,3.3792,18.3912,11.2411
2026-07-22T15:35:18.953,3.397,18.4696,11.3194
2026-07-22T15:35:18.953,3.397,18.5087,11.2215
2026-07-22T15:35:18.988,3.4073,18.5479,11.2215
2026-07-22T15:35:18.988,3.4108,18.5675,11.3194
2026-07-22T15:35:18.996,3.4384,18.6066,11.4369
2026-07-22T15:35:19.000,3.4423,18.6458,11.3978
2026-07-22T15:35:19.018,3.4423,18.6066,11.339
2026-07-22T15:35:19.032,3.4543,18.587,11.3194
2026-07-22T15:35:19.035,3.4583,18.5087,11.3194
2026-07-22T15:35:19.043,3.487,18.4696,11.2607
2026-07-22T15:35:19.048,3.4901,18.5675,11.2803
2026-07-22T15:35:19.074,3.4967,18.3912,11.2803
2026-07-22T15:35:19.076,3.4967,18.4696,11.3782
2026-07-22T15:35:19.089,3.5302,18.5087,11.3586
2026-07-22T15:35:19.095,3.5335,18.5087,11.3978
2026-07-22T15:35:19.108,3.5384,18.5087,11.4369
2026-07-22T15:35:19.118,3.5384,18.5675,11.3978
2026-07-22T15:35:19.127,3.5521,18.5675,11.4369
2026-07-22T15:35:19.135,3.5708,18.6458,11.4565
2026-07-22T15:35:19.142,3.5838,18.6066,11.4369
2026-07-22T15:35:19.160,3.5862,18.6654,11.4761
2026-07-22T15:35:19.171,3.5982,18.6654,11.4173
2026-07-22T15:35:19.173,3.6157,18.6458,11.4369
2026-07-22T15:35:19.192,3.6316,18.5087,11.3782
2026-07-22T15:35:19.192,3.6316,18.45,11.3782
2026-07-22T15:35:19.207,3.6316,18.5087,11.2803
2026-07-22T15:35:19.216,3.6428,18.45,11.2999
2026-07-22T15:35:19.221,3.6488,18.4108,11.3586
2026-07-22T15:35:19.237,3.6682,18.45,11.339
2026-07-22T15:35:19.237,3.6866,18.45,11.4369
2026-07-22T15:35:19.264,3.6916,18.4696,11.3586
2026-07-22T15:35:19.269,3.6981,18.4304,11.3782
2026-07-22T15:35:19.272,3.7242,18.45,11.4173
2026-07-22T15:35:19.289,3.7293,18.3325,11.3194
2026-07-22T15:35:19.300,3.7345,18.3325,11.3586
2026-07-22T15:35:19.312,3.7345,18.3129,11.3586
2026-07-22T15:35:19.319,3.742,18.2933,11.3586
2026-07-22T15:35:19.329,3.7686,18.2737,11.2999
2026-07-22T15:35:19.335,3.7738,18.3521,11.3194
2026-07-22T15:35:19.335,3.7738,18.2933,11.3194
2026-07-22T15:35:19.356,3.7823,18.2542,11.3194
2026-07-22T15:35:19.363,3.7823,18.2737,11.3782
2026-07-22T15:35:19.377,3.8203,18.2542,11.339
2026-07-22T15:35:19.382,3.8223,18.2346,11.339
2026-07-22T15:35:19.398,3.8293,18.1954,11.4173
2026-07-22T15:35:19.404,3.8303,18.2933,11.339
2026-07-22T15:35:19.416,3.8614,18.2933,11.4565
2026-07-22T15:35:19.434,3.8614,18.2737,11.4173
2026-07-22T15:35:19.434,3.8614,18.2346,11.3978
2026-07-22T15:35:19.450,3.878,18.1171,11.339
2026-07-22T15:35:19.451,3.882,18.1563,11.4173
2026-07-22T15:35:19.469,3.9143,18.1171,11.3782
2026-07-22T15:35:19.469,3.9143,18.1367,11.2999
2026-07-22T15:35:19.483,3.9143,18.1171,11.2803
2026-07-22T15:35:19.499,3.9143,18.1367,11.3194
2026-07-22T15:35:19.508,3.9302,18.0975,11.3194
2026-07-22T15:35:19.514,3.9459,18.1367,11.4565
2026-07-22T15:35:19.529,3.9613,18.1758,11.3782
2026-07-22T15:35:19.535,3.9694,18.1563,11.4565
2026-07-22T15:35:19.535,3.9736,18.1563,11.3782
2026-07-22T15:35:19.555,3.993,18.0975,11.4565
2026-07-22T15:35:19.563,4.0091,18.0975,11.4173
2026-07-22T15:35:19.567,4.0187,17.98,11.4369
2026-07-22T15:35:19.582,4.0187,18.0584,11.4957
2026-07-22T15:35:19.603,4.0264,18.1171,11.4565
2026-07-22T15:35:19.603,4.0264,18.0779,11.4761
2026-07-22T15:35:19.614,4.0405,18.0584,11.4565
2026-07-22T15:35:19.630,4.0627,18.1954,11.4565
2026-07-22T15:35:19.640,4.0655,18.0584,11.4369
2026-07-22T15:35:19.646,4.0678,18.0779,11.4565
2026-07-22T15:35:19.657,4.0938,18.0975,11.4957
2026-07-22T15:35:19.662,4.1015,18.1171,11.5348
2026-07-22T15:35:19.683,4.1036,18.1367,11.4369
2026-07-22T15:35:19.689,4.1095,18.0975,11.4957
2026-07-22T15:35:19.693,4.1324,18.1758,11.4957
2026-07-22T15:35:19.703,4.1367,18.0388,11.4761
2026-07-22T15:35:19.715,4.1413,18.0388,11.5348
2026-07-22T15:35:19.725,4.1413,18.0584,11.5152
2026-07-22T15:35:19.740,4.17,18.0975,11.4761
2026-07-22T15:35:19.740,4.17,18.1367,11.5348
2026-07-22T15:35:19.758,4.1789,18.1758,11.5544
2026-07-22T15:35:19.763,4.1821,18.0975,11.574
2026-07-22T15:35:19.776,4.2095,18.0779,11.5348
2026-07-22T15:35:19.776,4.2095,18.0975,11.5348
2026-07-22T15:35:19.791,4.2151,18.0584,11.5152
2026-07-22T15:35:19.803,4.2151,17.9605,11.4761
2026-07-22T15:35:19.808,4.2541,17.9605,11.4369
2026-07-22T15:35:19.819,4.2541,17.9017,11.4173
2026-07-22T15:35:19.836,4.2604,17.9409,11.3586
2026-07-22T15:35:19.848,4.2661,17.9605,11.3978
2026-07-22T15:35:19.857,4.292,17.9605,11.339
2026-07-22T15:35:19.866,4.292,17.9409,11.4173
2026-07-22T15:35:19.875,4.292,17.9605,11.3782
2026-07-22T15:35:19.890,4.3104,17.9213,11.4173
2026-07-22T15:35:19.897,4.3234,17.98,11.3782
2026-07-22T15:35:19.900,4.3234,17.9605,11.3978
2026-07-22T15:35:19.913,4.3424,17.9213,11.3978
2026-07-22T15:35:19.913,4.3424,17.9017,11.3978
2026-07-22T15:35:19.941,4.3748,17.9409,11.3978
2026-07-22T15:35:19.945,4.3777,17.9605,11.4173
2026-07-22T15:35:19.945,4.3842,17.8821,11.4369
2026-07-22T15:35:19.972,4.3907,17.9213,11.4565
2026-07-22T15:35:19.972,4.3907,17.9017,11.339
2026-07-22T15:35:19.984,4.4183,17.8821,11.3978
2026-07-22T15:35:19.992,4.4216,17.8821,11.4369
2026-07-22T15:35:20.008,4.4263,17.8625,11.4173
2026-07-22T15:35:20.012,4.4314,17.9605,11.4565
2026-07-22T15:35:20.031,4.4498,17.98,11.4173
2026-07-22T15:35:20.040,4.4498,18.0192,11.4369
2026-07-22T15:35:20.043,4.4498,17.9409,11.4565
2026-07-22T15:35:20.055,4.4898,17.843,11.4369
2026-07-22T15:35:20.061,4.493,17.8038,11.4173
2026-07-22T15:35:20.071,4.497,17.8625,11.4369
2026-07-22T15:35:20.092,4.506,17.8234,11.3782
2026-07-22T15:35:20.099,4.5288,17.9409,11.4565
2026-07-22T15:35:20.105,4.5288,17.98,11.4565
2026-07-22T15:35:20.118,4.5387,17.9605,11.4565
2026-07-22T15:35:20.127,4.5387,17.9017,11.4761
2026-07-22T15:35:20.134,4.5659,17.9605,11.4565
2026-07-22T15:35:20.139,4.5711,17.8821,11.4369
2026-07-22T15:35:20.150,4.5761,17.98,11.5152
2026-07-22T15:35:20.166,4.5822,17.9605,11.4957
2026-07-22T15:35:20.181,4.6071,18.0192,11.5152
2026-07-22T15:35:20.187,4.6148,17.98,11.5152
2026-07-22T15:35:20.197,4.6192,18.0779,11.5348
2026-07-22T15:35:20.212,4.6433,18.0388,11.6132
2026-07-22T15:35:20.217,4.6468,18.0388,11.574
2026-07-22T15:35:20.217,4.6468,18.0975,11.6132
2026-07-22T15:35:20.236,4.6541,18.0388,11.6132
2026-07-22T15:35:20.244,4.6608,17.98,11.6132
2026-07-22T15:35:20.260,4.687,17.9605,11.6719
2026-07-22T15:35:20.264,4.687,18.0388,11.6719
2026-07-22T15:35:20.280,4.687,17.98,11.7111
2026-07-22T15:35:20.285,4.7023,18.0584,11.6132
2026-07-22T15:35:20.293,4.7208,18.0779,11.6523
2026-07-22T15:35:20.307,4.7208,17.98,11.5936
2026-07-22T15:35:20.308,4.7349,17.9605,11.574
2026-07-22T15:35:20.331,4.7604,17.8821,11.574
2026-07-22T15:35:20.339,4.7646,17.9409,11.574
2026-07-22T15:35:20.342,4.7666,17.8821,11.574
2026-07-22T15:35:20.356,4.7718,17.9996,11.5936
2026-07-22T15:35:20.370,4.7954,18.1563,11.6132
2026-07-22T15:35:20.370,4.7984,18.1954,11.6132
2026-07-22T15:35:20.388,4.7984,18.215,11.6132
2026-07-22T15:35:20.393,4.811,18.1758,11.6915
2026-07-22T15:35:20.407,4.835,18.1171,11.6915
2026-07-22T15:35:20.418,4.839,18.1563,11.5936
2026-07-22T15:35:20.420,4.845,18.0975,11.5936
2026-07-22T15:35:20.440,4.8665,18.1171,11.5348
2026-07-22T15:35:20.448,4.8721,18.0779,11.574
2026-07-22T15:35:20.463,4.8797,18.0192,11.4957
2026-07-22T15:35:20.468,4.8853,18.0388,11.4761
2026-07-22T15:35:20.473,4.9079,17.9605,11.5152
2026-07-22T15:35:20.485,4.9152,17.9213,11.5152
2026-07-22T15:35:20.501,4.9152,17.9605,11.5348
2026-07-22T15:35:20.508,4.9152,17.98,11.4957
2026-07-22T15:35:20.515,4.9472,17.9996,11.574
2026-07-22T15:35:20.529,4.9503,18.0192,11.574
2026-07-22T15:35:20.536,4.9573,18.0388,11.6523
2026-07-22T15:35:20.536,4.9791,18.0975,11.5936
2026-07-22T15:35:20.563,4.9791,18.0779,11.6132
2026-07-22T15:35:20.568,4.9948,18.1171,11.5936
2026-07-22T15:35:20.585,5.0039,18.1758,11.6523
2026-07-22T15:35:20.585,5.0039,18.1954,11.6327
2026-07-22T15:35:20.600,5.0309,18.1954,11.6915
2026-07-22T15:35:20.600,5.0309,18.215,11.6915
2026-07-22T15:35:20.616,5.0309,18.1563,11.6327
2026-07-22T15:35:20.625,5.046,18.2737,11.6327
2026-07-22T15:35:31.797,16.2264,16.8443,12.9055
2026-07-22T15:35:31.807,16.2299,16.7269,12.8467
2026-07-22T15:35:31.820,16.2345,16.7073,12.9251
2026-07-22T15:35:31.822,16.2387,16.7856,12.9055
2026-07-22T15:35:31.842,16.2651,16.7856,12.9642
2026-07-22T15:35:31.843,16.2651,16.8248,12.9446
2026-07-22T15:35:31.851,16.271,16.6681,12.9446
2026-07-22T15:35:31.860,16.277,16.629,12.8467
2026-07-22T15:35:31.871,16.2929,16.5506,12.8859
2026-07-22T15:35:31.886,16.3123,16.5311,12.788
2026-07-22T15:35:31.892,16.3133,16.5115,12.8272
2026-07-22T15:35:31.910,16.345,16.5702,12.788
2026-07-22T15:35:31.914,16.3484,16.5115,12.8076
2026-07-22T15:35:31.914,16.3484,16.4332,12.8663
2026-07-22T15:35:31.934,16.3539,16.3744,12.8076
2026-07-22T15:35:31.943,16.3576,16.3352,12.8467
2026-07-22T15:35:31.952,16.3863,16.3157,12.7488
2026-07-22T15:35:31.952,16.3888,16.2373,12.788
2026-07-22T15:35:31.975,16.3943,16.2373,12.8272
2026-07-22T15:35:31.982,16.3995,16.3744,12.8272
2026-07-22T15:35:31.998,16.4239,16.3157,12.788
2026-07-22T15:35:32.007,16.4267,16.2373,12.8663
2026-07-22T15:35:32.015,16.4267,16.2961,12.8272
2026-07-22T15:35:32.021,16.4614,16.2373,12.8663
2026-07-22T15:35:32.031,16.4645,16.2569,12.8272
2026-07-22T15:35:32.045,16.4739,16.2961,12.8076
2026-07-22T15:35:32.057,16.4739,16.3157,12.8076
2026-07-22T15:35:32.061,16.4872,16.2765,12.8859
2026-07-22T15:35:32.070,16.5029,16.3548,12.8663
2026-07-22T15:35:32.086,16.5029,16.2961,12.9055
2026-07-22T15:35:32.095,16.5188,16.2961,12.9642
2026-07-22T15:35:32.095,16.5223,16.3352,12.9251
2026-07-22T15:35:32.115,16.5498,16.3157,12.8859
2026-07-22T15:35:32.124,16.5557,16.2961,12.9838
2026-07-22T15:35:32.138,16.5634,16.3157,12.9838
2026-07-22T15:35:32.144,16.5655,16.2569,13.0425
2026-07-22T15:35:32.155,16.5826,16.2765,13.0034
2026-07-22T15:35:32.158,16.5969,16.2961,13.0621
2026-07-22T15:35:32.177,16.603,16.3157,13.023
2026-07-22T15:35:32.185,16.603,16.4136,13.1405
2026-07-22T15:35:32.192,16.6082,16.4527,13.1209
2026-07-22T15:35:32.204,16.6319,16.7856,13.1992
2026-07-22T15:35:32.218,16.6319,16.5702,13.2579
2026-07-22T15:35:32.224,16.6319,16.6485,13.2971
2026-07-22T15:35:32.232,16.6488,16.5898,13.2579
2026-07-22T15:35:32.250,16.6773,16.5898,13.3363
2026-07-22T15:35:32.253,16.6783,16.5115,13.3558
2026-07-22T15:35:32.266,16.688,16.5506,13.3558
2026-07-22T15:35:32.270,16.6904,16.5702,13.4146
2026-07-22T15:35:32.289,16.7078,16.6485,13.3558
2026-07-22T15:35:32.300,16.7078,16.7269,13.3754
2026-07-22T15:35:32.309,16.7211,16.7269,13.3558
2026-07-22T15:35:32.313,16.7268,16.5898,13.3558
2026-07-22T15:35:32.320,16.7473,16.6094,13.3167
2026-07-22T15:35:32.329,16.7556,16.6877,13.3558
2026-07-22T15:35:32.342,16.7556,16.7464,13.3167
2026-07-22T15:35:32.355,16.7921,16.7269,13.3558
2026-07-22T15:35:32.361,16.7947,16.7269,13.3558
2026-07-22T15:35:32.377,16.803,16.6681,13.3558
2026-07-22T15:35:32.377,16.803,16.6877,13.395
2026-07-22T15:35:32.394,16.8341,16.7073,13.3754
2026-07-22T15:35:32.398,16.8376,16.7464,13.3363
2026-07-22T15:35:32.413,16.8409,16.5898,13.3363
2026-07-22T15:35:32.424,16.8468,16.5506,13.2188
2026-07-22T15:35:32.432,16.8498,16.5115,13.3167
2026-07-22T15:35:32.448,16.8657,16.4723,13.2775
2026-07-22T15:35:32.459,16.8814,16.5506,13.3363
2026-07-22T15:35:32.462,16.8814,16.5115,13.2971
2026-07-22T15:35:32.474,16.8922,16.5702,13.3558
2026-07-22T15:35:32.481,16.9177,16.6094,13.2579
2026-07-22T15:35:32.487,16.9215,16.6485,13.3363
2026-07-22T15:35:32.503,16.9287,16.5506,13.3167
2026-07-22T15:35:32.513,16.9447,16.5115,13.2971
2026-07-22T15:35:32.523,16.9447,16.5115,13.2384
2026-07-22T15:35:32.534,16.9606,16.4332,13.2971
2026-07-22T15:35:32.543,16.9606,16.4723,13.2775
2026-07-22T15:35:32.550,16.9606,16.4136,13.2971
2026-07-22T15:35:32.566,16.9974,16.2961,13.3558
2026-07-22T15:35:32.566,16.9974,16.4723,13.395
2026-07-22T15:35:32.582,17.0072,16.4919,13.3558
2026-07-22T15:35:32.582,17.0119,16.4527,13.3754
2026-07-22T15:35:32.614,17.0393,16.4332,13.2775
2026-07-22T15:35:32.614,17.0393,16.3744,13.2579
2026-07-22T15:35:32.628,17.0393,16.3744,13.2579
2026-07-22T15:35:32.635,17.0552,16.2569,13.2188
2026-07-22T15:35:32.643,17.0708,16.2961,13.2775
2026-07-22T15:35:32.661,17.0868,16.3157,13.2971
2026-07-22T15:35:32.661,17.0868,16.3157,13.2971
2026-07-22T15:35:32.676,17.0868,16.3157,13.2579
2026-07-22T15:35:32.684,17.1218,16.3157,13.3167
2026-07-22T15:35:32.692,17.1273,16.2178,13.2384
2026-07-22T15:35:32.708,17.1347,16.2569,13.2579
2026-07-22T15:35:32.708,17.1347,16.2569,13.3167
2026-07-22T15:35:32.725,17.1633,16.2569,13.2775
2026-07-22T15:35:32.725,17.1685,16.2765,13.3558
2026-07-22T15:35:32.743,17.1733,16.2765,13.2971
2026-07-22T15:35:32.756,17.1733,16.2178,13.2971
2026-07-22T15:35:32.767,17.2038,16.3157,13.395
2026-07-22T15:35:32.772,17.2088,16.2961,13.2971
2026-07-22T15:35:32.784,17.2128,16.3157,13.2775
2026-07-22T15:35:32.795,17.2171,16.2765,13.2775
2026-07-22T15:35:32.801,17.2236,16.3352,13.3167
2026-07-22T15:35:32.821,17.2481,16.2961,13.2971
2026-07-22T15:35:32.822,17.2554,16.3157,13.3167
2026-07-22T15:35:32.838,17.2647,16.2765,13.3167
2026-07-22T15:35:32.844,17.2675,16.2178,13.395
2026-07-22T15:35:32.852,17.2954,16.159,13.3363
2026-07-22T15:35:32.852,17.2954,16.159,13.2971
2026-07-22T15:35:32.877,17.3057,16.1982,13.3363
2026-07-22T15:35:32.886,17.3105,16.2373,13.3754
2026-07-22T15:35:32.889,17.3135,16.3352,13.4733
2026-07-22T15:35:32.899,17.3456,16.3157,13.4342
2026-07-22T15:35:32.899,17.3474,16.159,13.3754
2026-07-22T15:35:32.927,17.3513,16.1982,13.4146
2026-07-22T15:35:32.934,17.3601,16.1982,13.395
2026-07-22T15:35:32.946,17.3862,16.1786,13.4146
2026-07-22T15:35:32.956,17.3862,16.2178,13.4146
2026-07-22T15:35:32.967,17.394,16.2765,13.4733
2026-07-22T15:35:32.973,17.394,16.2373,13.4342
2026-07-22T15:35:32.983,17.394,16.2373,13.3754
2026-07-22T15:35:32.999,17.4293,16.1394,13.395
2026-07-22T15:35:32.999,17.4332,16.1394,13.395
2026-07-22T15:35:33.015,17.4395,16.1982,13.3754
2026-07-22T15:35:33.015,17.4416,16.2765,13.4146
2026-07-22T15:35:33.044,17.4619,16.1786,13.4537
2026-07-22T15:35:33.046,17.4706,16.1982,13.4929
2026-07-22T15:35:33.063,17.4727,16.2569,13.5516
2026-07-22T15:35:33.063,17.4727,16.2373,13.4342
2026-07-22T15:35:33.073,17.4932,16.2373,13.4733
2026-07-22T15:35:33.083,17.5051,16.3352,13.4537
2026-07-22T15:35:33.094,17.5132,16.2178,13.5516
2026-07-22T15:35:33.106,17.5438,16.1394,13.3363
2026-07-22T15:35:33.114,17.5438,16.1199,13.395
2026-07-22T15:35:33.130,17.557,16.1003,13.3558
2026-07-22T15:35:33.139,17.557,16.1199,13.395
2026-07-22T15:35:33.149,17.5886,16.159,13.4342
2026-07-22T15:35:33.149,17.5886,16.1786,13.4342
2026-07-22T15:35:33.165,17.5936,16.0807,13.4146
2026-07-22T15:35:33.178,17.5977,16.0611,13.395
2026-07-22T15:35:33.178,17.6053,16.0611,13.4537
2026-07-22T15:35:33.194,17.6357,16.0611,13.4537
2026-07-22T15:35:33.194,17.6357,16.1786,13.4929
2026-07-22T15:35:33.219,17.6458,16.1982,13.5125
2026-07-22T15:35:33.226,17.6482,16.1786,13.4342
2026-07-22T15:35:33.237,17.6673,16.159,13.4733
2026-07-22T15:35:33.249,17.6794,16.1394,13.5712
2026-07-22T15:35:33.257,17.685,16.1394,13.63
2026-07-22T15:35:33.267,17.6873,16.1786,13.5125
2026-07-22T15:35:33.273,17.6873,16.2178,13.4733
2026-07-22T15:35:33.288,17.7243,16.2178,13.395
2026-07-22T15:35:33.288,17.7243,16.1982,13.4342
2026-07-22T15:35:33.308,17.7338,16.1982,13.4342
2026-07-22T15:35:33.308,17.7421,16.1199,13.5712
2026-07-22T15:35:33.321,17.7617,16.1786,13.5712
2026-07-22T15:35:33.336,17.7775,16.2178,13.5321
2026-07-22T15:35:33.345,17.7775,16.1394,13.4929
2026-07-22T15:35:33.355,17.7878,16.2569,13.4929
2026-07-22T15:35:33.363,17.7905,16.2178,13.4537
2026-07-22T15:35:33.375,17.8093,16.1199,13.4733
2026-07-22T15:35:33.383,17.8093,16.1982,13.5321
2026-07-22T15:35:33.399,17.8274,16.159,13.4146
2026-07-22T15:35:33.409,17.8274,16.1982,13.4733
2026-07-22T15:35:33.415,17.8328,16.159,13.4929
2026-07-22T15:35:33.423,17.8589,16.2961,13.4537
2026-07-22T15:35:33.430,17.8631,16.1982,13.5516
2026-07-22T15:35:33.449,17.8724,16.2373,13.6104
2026-07-22T15:35:33.454,17.8724,16.2961,13.5908
2026-07-22T15:35:33.465,17.8881,16.3157,13.5321
2026-07-22T15:35:33.465,17.9035,16.2373,13.4733
2026-07-22T15:35:33.484,17.9119,16.3157,13.5125
2026-07-22T15:35:33.494,17.9119,16.2961,13.5125
2026-07-22T15:35:33.509,17.9384,16.3744,13.6104
2026-07-22T15:35:33.509,17.9384,16.3352,13.6496
2026-07-22T15:35:33.525,17.9518,16.4527,13.63
2026-07-22T15:35:33.533,17.9551,16.3157,13.6104
2026-07-22T15:35:33.542,17.9551,16.3352,13.63
2026-07-22T15:35:33.560,17.9825,16.2569,13.6104
2026-07-22T15:35:33.560,17.9911,16.2569,13.6496
2026-07-22T15:35:33.576,17.9986,16.2569,13.6104
2026-07-22T15:35:33.576,17.9996,16.1199,13.5712
2026-07-22T15:35:33.590,18.0256,16.1982,13.5712
2026-07-22T15:35:33.612,18.0347,16.2765,13.6104
2026-07-22T15:35:33.612,18.0378,16.159,13.4537
2026-07-22T15:35:33.625,18.0415,16.1982,13.5125
2026-07-22T15:35:33.636,18.0708,16.2178,13.5321
2026-07-22T15:35:33.658,18.0729,16.2765,13.5712
2026-07-22T15:35:33.659,18.0729,16.2178,13.5125
2026-07-22T15:35:33.663,18.0973,16.3352,13.5712
2026-07-22T15:35:33.669,18.1008,16.1786,13.6104
2026-07-22T15:35:33.679,18.1035,16.159,13.5321
2026-07-22T15:35:33.694,18.1035,16.159,13.4733
2026-07-22T15:35:33.699,18.1334,16.2178,13.5125
2026-07-22T15:35:33.715,18.1334,16.159,13.5516
2026-07-22T15:35:33.725,18.1415,16.2178,13.5125
2026-07-22T15:35:33.731,18.1573,16.159,13.4929
2026-07-22T15:35:33.749,18.1573,16.1786,13.4929
2026-07-22T15:35:33.755,18.1751,16.0415,13.4733
2026-07-22T15:35:33.765,18.1791,16.022,13.4342
2026-07-22T15:35:33.765,18.2045,16.0024,13.4342
2026-07-22T15:35:33.778,18.2045,16.0415,13.4146
2026-07-22T15:35:33.796,18.2224,16.0611,13.4342
2026-07-22T15:35:33.808,18.2278,16.0611,13.4146
2026-07-22T15:35:33.816,18.2499,16.022,13.4929
2026-07-22T15:35:33.826,18.2517,16.1003,13.4342
2026-07-22T15:35:33.826,18.2599,16.022,13.4146
2026-07-22T15:35:33.844,18.2621,15.9632,13.4537
2026-07-22T15:35:33.857,18.2833,15.8261,13.395
2026-07-22T15:35:33.857,18.2833,15.8457,13.2971
2026-07-22T15:35:33.873,18.2993,15.7087,13.3558
2026-07-22T15:35:33.883,18.2993,15.7674,13.2971
2026-07-22T15:35:33.889,18.3377,15.7674,13.2775
2026-07-22T15:35:33.904,18.3416,15.7674,13.2971
2026-07-22T15:35:33.904,18.3446,15.8261,13.2775
2026-07-22T15:35:33.920,18.3478,15.8066,13.2775
2026-07-22T15:35:33.941,18.3779,15.8066,13.2971
2026-07-22T15:35:33.954,18.3779,15.8457,13.3167
2026-07-22T15:35:33.954,18.3779,15.8066,13.3363
2026-07-22T15:35:33.965,18.3779,15.9241,13.3167
2026-07-22T15:35:33.976,18.3937,15.8653,13.3167
2026-07-22T15:35:33.983,18.4111,15.9828,13.3167
2026-07-22T15:35:33.983,18.4278,15.8261,13.3167
2026-07-22T15:35:33.999,18.4362,15.8653,13.2775
2026-07-22T15:35:34.015,18.4402,15.8457,13.3167
2026-07-22T15:35:34.026,18.4688,15.9241,13.3754
2026-07-22T15:35:34.032,18.4738,15.9045,13.3363
2026-07-22T15:35:34.047,18.4764,15.9436,13.4146
2026-07-22T15:35:34.056,18.4807,15.9632,13.3363
2026-07-22T15:35:34.063,18.488,15.9045,13.3754
2026-07-22T15:35:34.086,18.5115,15.9436,13.4146
2026-07-22T15:35:34.086,18.5115,15.9828,13.4342
2026-07-22T15:35:34.098,18.5115,16.0415,13.4146
2026-07-22T15:35:34.102,18.5278,16.0024,13.4146
2026-07-22T15:35:34.117,18.5543,16.0611,13.4537
2026-07-22T15:35:34.119,18.5543,16.1786,13.4733
2026-07-22T15:35:34.133,18.5598,16.1394,13.4733
2026-07-22T15:35:34.133,18.566,16.1199,13.5125
2026-07-22T15:35:34.149,18.5699,16.2373,13.4342
2026-07-22T15:35:34.169,18.5993,16.1199,13.4342
2026-07-22T15:35:34.175,18.602,16.1003,13.4146
2026-07-22T15:35:34.187,18.602,16.1003,13.395
2026-07-22T15:35:34.191,18.6279,16.022,13.395
2026-07-22T15:35:34.201,18.639,16.0611,13.395
2026-07-22T15:35:34.223,18.6433,16.1003,13.3754
2026-07-22T15:35:34.230,18.6433,16.0807,13.5908
2026-07-22T15:35:34.235,18.6503,16.1003,13.4146
2026-07-22T15:35:34.242,18.6824,16.159,13.4733
2026-07-22T15:35:34.249,18.6824,16.1982,13.4733
2026-07-22T15:35:34.264,18.6906,16.2569,13.5125
2026-07-22T15:35:34.271,18.7074,16.2765,13.4929
2026-07-22T15:35:34.282,18.7235,16.2569,13.5516
2026-07-22T15:35:34.304,18.7331,16.2961,13.4733
2026-07-22T15:35:34.304,18.7331,16.2569,13.5125
2026-07-22T15:35:34.320,18.7382,16.159,13.5125
2026-07-22T15:35:34.329,18.7682,16.2178,13.4537
2026-07-22T15:35:34.329,18.7709,16.2373,13.4342
2026-07-22T15:35:34.345,18.7709,16.3548,13.5125
2026-07-22T15:35:34.354,18.7709,16.4332,13.5125
2026-07-22T15:35:34.370,18.8101,16.4332,13.5321
2026-07-22T15:35:34.375,18.8101,16.4527,13.5516
2026-07-22T15:35:34.375,18.8174,16.394,13.5712
2026-07-22T15:35:34.392,18.8214,16.3157,13.5516
2026-07-22T15:35:34.409,18.8285,16.394,13.5516
2026-07-22T15:35:34.417,18.8488,16.3548,13.5125
2026-07-22T15:35:34.423,18.8578,16.3744,13.63
2026-07-22T15:35:34.431,18.8578,16.3157,13.4929
2026-07-22T15:35:34.443,18.8662,16.3548,13.5125
2026-07-22T15:35:34.459,18.8971,16.4332,13.4537
2026-07-22T15:35:34.470,18.8971,16.3548,13.4929
2026-07-22T15:35:34.479,18.9098,16.2961,13.4537
2026-07-22T15:35:34.485,18.9127,16.3157,13.3754
2026-07-22T15:35:34.487,18.9195,16.2765,13.4146
2026-07-22T15:35:34.502,18.9459,16.2373,13.395
2026-07-22T15:35:34.502,18.9459,16.2373,13.4146
2026-07-22T15:35:34.518,18.9459,16.2961,13.4537
2026-07-22T15:35:34.534,18.96,16.2961,13.3754
2026-07-22T15:35:34.550,18.9897,16.2961,13.395
2026-07-22T15:35:34.550,18.9918,16.1982,13.3558
2026-07-22T15:35:34.550,18.9918,16.2765,13.3363
2026-07-22T15:35:34.580,19.0011,16.2569,13.395
2026-07-22T15:35:34.587,19.009,16.2961,13.4342
2026-07-22T15:35:34.593,19.0386,16.2961,13.4537
2026-07-22T15:35:34.597,19.0386,16.3548,13.4537
2026-07-22T15:35:34.622,19.0386,16.4136,13.4929
2026-07-22T15:35:34.622,19.0386,16.3352,13.4929
2026-07-22T15:35:34.639,19.0806,16.3352,13.5516
2026-07-22T15:35:34.651,19.0858,16.3352,13.4537
2026-07-22T15:35:34.651,19.0858,16.3352,13.4733
2026-07-22T15:35:34.676,19.0946,16.3548,13.4342
2026-07-22T15:35:34.676,19.0946,16.3352,13.4733
2026-07-22T15:35:34.692,19.1254,16.2569,13.395
2026-07-22T15:35:34.692,19.1254,16.2961,13.4733
2026-07-22T15:35:34.707,19.1295,16.2765,13.3754
2026-07-22T15:35:34.716,19.1333,16.2765,13.395
2026-07-22T15:35:34.730,19.1628,16.2961,13.4733
2026-07-22T15:35:34.738,19.1714,16.2765,13.4146
2026-07-22T15:35:34.747,19.1714,16.2961,13.4537
2026-07-22T15:35:34.755,19.1813,16.2178,13.4146
2026-07-22T15:35:34.763,19.1813,16.2178,13.4342
2026-07-22T15:35:34.772,19.2098,16.1786,13.4146
2026-07-22T15:35:34.784,19.2123,16.2373,13.4146
2026-07-22T15:35:34.793,19.2139,16.2178,13.3754
2026-07-22T15:35:34.802,19.2186,16.1394,13.4342
2026-07-22T15:35:34.815,19.2467,16.0807,13.4146
2026-07-22T15:35:34.818,19.2467,16.0807,13.3754
2026-07-22T15:35:34.835,19.2552,16.1199,13.4342
2026-07-22T15:35:34.844,19.2861,16.2569,13.4146
2026-07-22T15:35:34.854,19.293,16.1394,13.395
2026-07-22T15:35:34.868,19.2937,16.1394,13.395
2026-07-22T15:35:34.882,19.2937,16.1003,13.395
2026-07-22T15:35:34.887,19.2937,16.159,13.3754
2026-07-22T15:35:34.898,19.3273,16.1003,13.4146
2026-07-22T15:35:34.898,19.3303,16.159,13.4537
2026-07-22T15:35:34.915,19.3328,16.1786,13.4342
2026-07-22T15:35:34.915,19.3394,16.1394,13.5908
2026-07-22T15:35:34.934,19.3559,16.1982,13.4342
2026-07-22T15:35:34.934,19.3559,16.0611,13.4929
2026-07-22T15:35:34.961,19.3713,16.022,13.4537
2026-07-22T15:35:34.961,19.3974,16.0024,13.4929
2026-07-22T15:35:34.977,19.4051,16.0024,13.4537
2026-07-22T15:35:34.977,19.4051,15.9632,13.4537
2026-07-22T15:35:34.992,19.4358,15.9241,13.395
2026-07-22T15:35:35.003,19.4402,15.9828,13.4537
2026-07-22T15:35:35.008,19.4432,15.8849,13.4146
2026-07-22T15:35:35.026,19.4533,15.9045,13.3558
2026-07-22T15:35:35.026,19.4583,15.9045,13.4733
2026-07-22T15:35:35.052,19.4836,15.8261,13.4929
2026-07-22T15:35:35.052,19.4874,15.8066,13.4342
2026-07-22T15:35:35.072,19.4951,15.8261,13.4537
2026-07-22T15:35:35.079,19.4951,15.8849,13.4146
2026-07-22T15:35:35.085,19.5297,15.8457,13.4146
2026-07-22T15:35:35.100,19.5312,15.8457,13.4146
2026-07-22T15:35:35.109,19.5312,15.8261,13.3558
2026-07-22T15:35:35.116,19.5405,15.787,13.4537
2026-07-22T15:35:35.124,19.5449,15.8261,13.4342
2026-07-22T15:35:35.132,19.571,15.8653,13.4537
2026-07-22T15:35:35.132,19.574,15.8849,13.395
2026-07-22T15:35:35.152,19.5807,15.8849,13.4929
2026-07-22T15:35:35.166,19.583,15.9045,13.4537
2026-07-22T15:35:35.185,19.6114,15.9045,13.4342
2026-07-22T15:35:35.185,19.6114,15.8653,13.4733
2026-07-22T15:35:35.199,19.6182,15.8849,13.4342
2026-07-22T15:35:35.204,19.6182,15.9241,13.4537
2026-07-22T15:35:35.217,19.647,15.8066,13.4733
2026-07-22T15:35:35.217,19.6516,15.9045,13.4733
2026-07-22T15:35:35.237,19.6516,15.7478,13.4342
2026-07-22T15:35:35.248,19.6623,15.7087,13.4146
2026-07-22T15:35:35.255,19.6864,15.7478,13.4733
2026-07-22T15:35:35.264,19.6886,15.7478,13.4733
2026-07-22T15:35:35.280,19.695,15.7087,13.4733
2026-07-22T15:35:35.284,19.7075,15.7282,13.3558
2026-07-22T15:35:35.300,19.732,15.6695,13.3167
2026-07-22T15:35:35.310,19.7377,15.6303,13.3754
2026-07-22T15:35:35.316,19.7422,15.5324,13.3167
2026-07-22T15:35:35.329,19.7447,15.6303,13.4146
2026-07-22T15:35:35.336,19.7579,15.6303,13.4146
2026-07-22T15:35:35.348,19.7736,15.787,13.4537
2026-07-22T15:35:35.353,19.7785,15.787,13.4342
2026-07-22T15:35:35.366,19.7785,15.787,13.4342
2026-07-22T15:35:35.377,19.8049,15.8066,13.4342
2026-07-22T15:35:35.379,19.8137,15.8066,13.4342
2026-07-22T15:35:35.400,19.8209,15.8261,13.4342
2026-07-22T15:35:35.400,19.8263,15.8261,13.5321
2026-07-22T15:35:35.412,19.8527,15.8849,13.5321
2026-07-22T15:35:35.426,19.8576,15.9828,13.5321
2026-07-22T15:35:35.442,19.8576,15.9241,13.5712
2026-07-22T15:35:35.442,19.8662,15.9045,13.6104
2026-07-22T15:35:35.458,19.8906,15.9632,13.5516
2026-07-22T15:35:35.458,19.8932,15.9241,13.5516
2026-07-22T15:35:35.479,19.8999,15.8849,13.5712
2026-07-22T15:35:35.487,19.8999,15.8849,13.5712
2026-07-22T15:35:35.499,19.9273,15.9436,13.5712
2026-07-22T15:35:35.505,19.9298,15.9045,13.5516
2026-07-22T15:35:35.514,19.9376,15.9632,13.5321
2026-07-22T15:35:35.525,19.9428,15.9436,13.6496
2026-07-22T15:35:35.534,19.9634,15.9828,13.5321
2026-07-22T15:35:35.549,19.972,16.022,13.5712
2026-07-22T15:35:35.564,19.9793,16.022,13.6496
2026-07-22T15:35:35.564,19.9805,16.159,13.5712
2026-07-22T15:35:35.574,19.9951,16.1394,13.6104
2026-07-22T15:35:35.585,20.0112,16.159,13.6691
2026-07-22T15:35:35.599,20.0184,16.1003,13.6691
2026-07-22T15:35:35.605,20.0211,16.159,13.6496
2026-07-22T15:35:35.616,20.043,16.159,13.7083
2026-07-22T15:35:35.616,20.0467,16.3352,13.6691
2026-07-22T15:35:35.640,20.0537,16.3157,13.7475
2026-07-22T15:35:35.642,20.0809,16.3548,13.6887
2026-07-22T15:35:35.654,20.0851,16.2569,13.7475
2026-07-22T15:35:35.668,20.0904,16.2178,13.63
2026-07-22T15:35:35.675,20.0934,16.1199,13.5908
2026-07-22T15:35:35.689,20.1186,16.1199,13.5908
2026-07-22T15:35:35.696,20.1247,16.1394,13.5712
2026-07-22T15:35:35.712,20.1299,16.1982,13.63
2026-07-22T15:35:35.715,20.1334,16.1786,13.6691
2026-07-22T15:35:35.731,20.162,16.1394,13.63
2026-07-22T15:35:35.731,20.1642,16.159,13.6691
2026-07-22T15:35:35.751,20.1696,16.1394,13.63
2026-07-22T15:35:35.758,20.1756,16.1199,13.5516
2026-07-22T15:35:35.769,20.2003,16.0611,13.5321
2026-07-22T15:35:35.775,20.2013,16.0611,13.5516
2026-07-22T15:35:35.791,20.2013,16.1003,13.5712
2026-07-22T15:35:35.797,20.2013,16.1394,13.6104
2026-07-22T15:35:35.807,20.2338,16.1394,13.6104
2026-07-22T15:35:35.807,20.2338,16.159,13.63
2026-07-22T15:35:35.823,20.2489,16.1003,13.5321
2026-07-22T15:35:35.836,20.2565,16.0611,13.5125
2026-07-22T15:35:35.843,20.2825,15.9241,13.4146
2026-07-22T15:35:35.855,20.2825,15.9241,13.4537
2026-07-22T15:35:35.870,20.2825,15.9436,13.4342
2026-07-22T15:35:35.878,20.2825,15.9828,13.5125
2026-07-22T15:35:35.886,20.3121,16.0807,13.5908
2026-07-22T15:35:35.886,20.3121,16.1394,13.5321
2026-07-22T15:35:35.904,20.3303,16.159,13.5321
2026-07-22T15:35:35.918,20.3368,16.1394,13.5125
2026-07-22T15:35:35.925,20.3623,16.0415,13.4733
2026-07-22T15:35:35.933,20.3679,16.1199,13.5516
2026-07-22T15:35:35.951,20.3777,16.1199,13.767
2026-07-22T15:35:35.958,20.3777,16.1786,13.5712
2026-07-22T15:35:35.965,20.4003,16.1786,13.5125
2026-07-22T15:35:35.981,20.4025,16.1982,13.5712
2026-07-22T15:35:35.984,20.4069,16.1982,13.5516
2026-07-22T15:35:35.999,20.4069,16.1394,13.5712
2026-07-22T15:35:36.012,20.4365,16.1982,13.6496
2026-07-22T15:35:36.012,20.4365,16.2961,13.6104
2026-07-22T15:35:36.028,20.4432,16.2373,13.5908
2026-07-22T15:35:36.028,20.4673,16.1786,13.5908
2026-07-22T15:35:36.052,20.4753,16.159,13.5516
2026-07-22T15:35:36.058,20.4775,16.1394,13.6496
2026-07-22T15:35:36.064,20.4823,16.2765,13.6496
2026-07-22T15:35:36.076,20.5012,16.2961,13.5712
2026-07-22T15:35:36.093,20.5012,16.3548,13.5908
2026-07-22T15:35:36.096,20.5169,16.2961,13.6496
2026-07-22T15:35:36.107,20.5234,16.2765,13.6691
2026-07-22T15:35:36.122,20.5535,16.1786,13.63
2026-07-22T15:35:36.122,20.5585,16.3352,13.7279
2026-07-22T15:35:36.138,20.5625,16.4136,13.63
2026-07-22T15:35:36.145,20.5691,16.4527,13.7083
2026-07-22T15:35:36.156,20.5806,16.5115,13.6104
2026-07-22T15:35:36.156,20.5962,16.4136,13.6104
2026-07-22T15:35:36.179,20.6038,16.4332,13.63
2026-07-22T15:35:36.190,20.6038,16.4332,13.6887
2026-07-22T15:35:36.198,20.6352,16.4527,13.6887
2026-07-22T15:35:36.202,20.6352,16.4723,13.7083
2026-07-22T15:35:36.225,20.6451,16.4723,13.6887
2026-07-22T15:35:36.225,20.6451,16.5115,13.6691
2026-07-22T15:35:36.233,20.6451,16.4919,13.6691
2026-07-22T15:35:36.252,20.6794,16.394,13.7475
2026-07-22T15:35:36.256,20.6858,16.394,13.63
2026-07-22T15:35:36.266,20.6898,16.3548,13.6691
2026-07-22T15:35:36.266,20.7124,16.3548,13.7083
2026-07-22T15:35:36.294,20.7124,16.3548,13.5908
2026-07-22T15:35:36.300,20.7124,16.394,13.6104
2026-07-22T15:35:36.311,20.7306,16.2961,13.6691
2026-07-22T15:35:36.317,20.7331,16.2961,13.5908
2026-07-22T15:35:36.324,20.7447,16.3157,13.63
2026-07-22T15:35:36.334,20.7632,16.2178,13.6691
2026-07-22T15:35:36.334,20.7674,16.2569,13.6691
2026-07-22T15:35:36.357,20.7768,16.1786,13.5516
2026-07-22T15:35:36.366,20.7959,16.1199,13.5712
2026-07-22T15:35:36.366,20.7959,16.1394,13.5712
2026-07-22T15:35:36.394,20.8119,16.1786,13.6496
2026-07-22T15:35:36.398,20.8129,16.2373,13.5908
2026-07-22T15:35:36.401,20.8429,16.2373,13.6496
2026-07-22T15:35:36.417,20.8473,16.2178,13.6691
2026-07-22T15:35:36.417,20.8473,16.2178,13.63
2026-07-22T15:35:36.434,20.8587,16.2765,13.5908
2026-07-22T15:35:36.450,20.8841,16.2961,13.6691
2026-07-22T15:35:36.457,20.8841,16.2765,13.63
2026-07-22T15:35:36.468,20.8924,16.159,13.6887
2026-07-22T15:35:36.468,20.8958,16.159,13.767
2026-07-22T15:35:36.491,20.9248,16.1394,13.6104
2026-07-22T15:35:36.496,20.9306,16.0807,13.6104
2026-07-22T15:35:36.505,20.9364,16.1394,13.63
2026-07-22T15:35:36.521,20.9384,16.2178,13.5712
2026-07-22T15:35:36.523,20.9384,16.1394,13.6104
2026-07-22T15:35:36.527,20.9634,16.1394,13.6691
2026-07-22T15:35:36.552,20.9695,16.0611,13.5712
2026-07-22T15:35:36.560,20.9722,16.0024,13.5516
2026-07-22T15:35:36.560,20.9953,15.9828,13.6691
2026-07-22T15:35:36.575,21.0029,16.1786,13.6496
2026-07-22T15:35:36.591,21.0078,16.1786,13.6887
2026-07-22T15:35:36.593,21.0078,16.2765,13.6691
2026-07-22T15:35:36.608,21.0328,16.2765,13.6691
2026-07-22T15:35:36.608,21.0365,16.2765,13.7279
2026-07-22T15:35:36.629,21.0405,16.2961,13.6691
2026-07-22T15:35:36.629,21.0654,16.3548,13.6887
2026-07-22T15:35:36.638,21.072,16.3157,13.6691
2026-07-22T15:35:36.658,21.0811,16.2373,13.6104
2026-07-22T15:35:36.667,21.1078,16.2961,13.6104
2026-07-22T15:35:36.682,21.1121,16.2765,13.6496
2026-07-22T15:35:36.686,21.1121,16.2961,13.7083
2026-07-22T15:35:36.704,21.1218,16.3548,13.7866
2026-07-22T15:35:36.707,21.1253,16.3548,13.7279
2026-07-22T15:35:36.717,21.1444,16.394,13.63
2026-07-22T15:35:36.717,21.1554,16.3548,13.63
2026-07-22T15:35:36.743,21.1593,16.2961,13.6104
2026-07-22T15:35:36.747,21.1644,16.2373,13.6691
2026-07-22T15:35:36.766,21.1927,16.3744,13.6104
2026-07-22T15:35:36.766,21.1947,16.4136,13.6104
2026-07-22T15:35:36.777,21.1978,16.3744,13.5125
2026-07-22T15:35:36.788,21.2068,16.4136,13.5321
2026-07-22T15:35:36.796,21.2386,16.3352,13.4537
2026-07-22T15:35:36.809,21.2406,16.3157,13.4537
2026-07-22T15:35:36.819,21.2406,16.2961,13.5321
2026-07-22T15:35:36.828,21.2527,16.3744,13.5712
2026-07-22T15:35:46.517,30.9459,17.4122,12.3768
2026-07-22T15:35:46.517,30.9459,17.373,12.4551
2026-07-22T15:35:46.517,30.9459,17.3534,12.416
2026-07-22T15:35:46.532,30.9596,17.3143,12.5726
2026-07-22T15:35:46.548,30.9905,17.3143,12.4355
2026-07-22T15:35:46.564,30.9905,17.373,12.553
2026-07-22T15:35:46.567,30.9905,17.3926,12.5334
2026-07-22T15:35:46.581,31.0068,17.3534,12.5922
2026-07-22T15:35:46.599,31.0388,17.4318,12.553
2026-07-22T15:35:46.599,31.0388,17.4709,12.6118
2026-07-22T15:35:46.612,31.046,17.5101,12.553
2026-07-22T15:35:46.612,31.046,17.5493,12.6118
2026-07-22T15:35:46.628,31.0542,17.4514,12.5139
2026-07-22T15:35:46.628,31.0852,17.4514,12.5139
2026-07-22T15:35:46.644,31.0852,17.373,12.5334
2026-07-22T15:35:46.660,31.0852,17.373,12.5334
2026-07-22T15:35:46.675,31.0852,17.2947,12.553
2026-07-22T15:35:46.682,31.1011,17.2751,12.5922
2026-07-22T15:35:46.699,31.1169,17.2555,12.553
2026-07-22T15:35:46.699,31.1169,17.1576,12.5726
2026-07-22T15:35:46.706,31.1328,17.1381,12.6118
2026-07-22T15:35:46.722,31.1328,17.1968,12.6314
2026-07-22T15:35:46.722,31.1645,17.1968,12.6314
2026-07-22T15:35:46.738,31.1645,17.2947,12.6509
2026-07-22T15:35:46.738,31.1787,17.3926,12.6118
2026-07-22T15:35:46.754,31.1867,17.2947,12.6314
2026-07-22T15:35:46.770,31.2121,17.2164,12.7097
2026-07-22T15:35:46.786,31.2121,17.2164,12.5334
2026-07-22T15:35:46.786,31.2121,17.1185,12.6118
2026-07-22T15:35:46.800,31.2279,17.0989,12.5726
2026-07-22T15:35:46.808,31.2279,17.0793,12.5726
2026-07-22T15:35:46.818,31.2466,17.0989,12.553
2026-07-22T15:35:46.833,31.2602,17.1185,12.5334
2026-07-22T15:35:46.849,31.2602,17.0793,12.4355
2026-07-22T15:35:46.849,31.2602,16.9618,12.4747
2026-07-22T15:35:46.849,31.2916,16.9423,12.5139
2026-07-22T15:35:46.868,31.2916,17.001,12.5334
2026-07-22T15:35:46.881,31.3074,16.9618,12.4943
2026-07-22T15:35:46.881,31.3074,16.9031,12.4747
2026-07-22T15:35:46.900,31.3394,16.9227,12.4551
2026-07-22T15:35:46.913,31.3394,16.9423,12.5334
2026-07-22T15:35:46.913,31.3394,16.8639,12.4355
2026-07-22T15:35:46.929,31.3465,16.8639,12.4943
2026-07-22T15:35:46.945,31.3709,16.8248,12.5334
2026-07-22T15:35:46.945,31.3795,16.8639,12.4943
2026-07-22T15:35:46.968,31.3873,16.9814,12.4943
2026-07-22T15:35:46.968,31.3873,16.9423,12.553
2026-07-22T15:35:46.976,31.4027,17.0206,12.5139
2026-07-22T15:35:46.992,31.4188,16.9814,12.553
2026-07-22T15:35:47.001,31.4188,17.001,12.553
2026-07-22T15:35:47.008,31.4188,16.9814,12.4943
2026-07-22T15:35:47.024,31.4503,16.9423,12.5334
2026-07-22T15:35:47.024,31.4503,16.9618,12.5334
2026-07-22T15:35:47.040,31.4665,16.9814,12.5334
2026-07-22T15:35:47.040,31.4665,16.9423,12.5726
2026-07-22T15:35:47.056,31.4983,16.9814,12.6509
2026-07-22T15:35:47.071,31.4983,16.9227,12.6118
2026-07-22T15:35:47.071,31.4983,16.9031,12.6705
2026-07-22T15:35:47.088,31.4983,16.9031,12.6901
2026-07-22T15:35:47.103,31.5299,16.9423,12.7293
2026-07-22T15:35:47.103,31.5299,16.9423,12.8467
2026-07-22T15:35:47.120,31.5469,17.001,12.788
2026-07-22T15:35:47.120,31.5629,17.0597,12.6901
2026-07-22T15:35:47.135,31.5775,17.0597,12.7488
2026-07-22T15:35:47.151,31.5807,17.1185,12.7684
2026-07-22T15:35:47.167,31.5807,17.0989,12.788
2026-07-22T15:35:47.168,31.5807,17.0597,12.7488
2026-07-22T15:35:47.168,31.6091,17.001,12.8663
2026-07-22T15:35:47.184,31.6091,16.9618,12.7097
2026-07-22T15:35:47.202,31.6249,16.9227,12.8076
2026-07-22T15:35:47.214,31.6249,16.9423,12.7293
2026-07-22T15:35:47.214,31.6606,16.8835,12.7097
2026-07-22T15:35:47.230,31.6654,16.8443,12.8076
2026-07-22T15:35:47.230,31.6729,17.0206,12.788
2026-07-22T15:35:47.246,31.6729,16.9618,12.8663
2026-07-22T15:35:47.263,31.7059,16.9031,12.9055
2026-07-22T15:35:47.268,31.7059,16.9423,12.8076
2026-07-22T15:35:47.285,31.7059,16.9031,12.7293
2026-07-22T15:35:47.294,31.7059,16.8639,12.7684
2026-07-22T15:35:47.302,31.7215,16.8639,12.8272
2026-07-22T15:35:47.310,31.7469,16.8835,12.8272
2026-07-22T15:35:47.310,31.7546,16.8835,12.8467
2026-07-22T15:35:47.327,31.7596,16.9031,12.8272
2026-07-22T15:35:47.342,31.7626,16.8248,12.8663
2026-07-22T15:35:47.358,31.7813,16.7856,12.7293
2026-07-22T15:35:47.358,31.7813,16.7073,12.7488
2026-07-22T15:35:47.384,31.7955,16.7856,12.7293
2026-07-22T15:35:47.385,31.7955,16.6877,12.7488
2026-07-22T15:35:47.397,31.8274,16.7073,12.7684
2026-07-22T15:35:47.403,31.8274,16.6485,12.8272
2026-07-22T15:35:47.403,31.8274,16.7269,12.8272
2026-07-22T15:35:47.417,31.8274,16.6094,12.7488
2026-07-22T15:35:47.433,31.8676,16.7464,12.8076
2026-07-22T15:35:47.433,31.8736,16.766,12.8076
2026-07-22T15:35:47.449,31.8766,16.7464,12.788
2026-07-22T15:35:47.464,31.8822,16.7073,12.8663
2026-07-22T15:35:47.468,31.8985,16.6877,12.9055
2026-07-22T15:35:47.486,31.8985,16.6485,12.8467
2026-07-22T15:35:47.497,31.9124,16.7464,12.8663
2026-07-22T15:35:47.503,31.9124,16.7464,12.9251
2026-07-22T15:35:47.520,31.9473,16.8639,12.8859
2026-07-22T15:35:47.520,31.9473,16.766,12.8467
2026-07-22T15:35:47.534,31.9473,16.7856,12.9055
2026-07-22T15:35:47.534,31.9599,16.7856,12.9642
2026-07-22T15:35:47.549,31.9824,16.7269,12.9446
2026-07-22T15:35:47.549,31.9824,16.7073,12.8272
2026-07-22T15:35:47.568,31.9965,16.7269,12.9251
2026-07-22T15:35:47.581,31.9965,16.6877,12.8467
2026-07-22T15:35:47.581,32.0294,16.6485,12.8467
2026-07-22T15:35:47.604,32.0294,16.6094,12.8467
2026-07-22T15:35:47.618,32.0441,16.5898,12.8467
2026-07-22T15:35:47.618,32.0473,16.6877,12.8467
2026-07-22T15:35:47.634,32.0773,16.7269,12.8663
2026-07-22T15:35:47.634,32.0773,16.6681,12.8272
2026-07-22T15:35:47.651,32.0828,16.6877,12.8859
2026-07-22T15:35:47.651,32.0828,16.6094,12.8076
2026-07-22T15:35:47.669,32.092,16.6094,12.8663
2026-07-22T15:35:47.682,32.1084,16.6681,12.9251
2026-07-22T15:35:47.682,32.1084,16.7073,12.8859
2026-07-22T15:35:47.704,32.1238,16.7073,12.9251
2026-07-22T15:35:47.713,32.1396,16.9031,12.9838
2026-07-22T15:35:47.716,32.1564,16.7464,12.9446
2026-07-22T15:35:47.730,32.1663,16.766,13.023
2026-07-22T15:35:47.730,32.1714,16.7269,13.023
2026-07-22T15:35:47.745,32.1797,16.7464,12.9838
2026-07-22T15:35:47.761,32.1834,16.7464,12.9251
2026-07-22T15:35:47.778,32.2048,16.7856,12.9446
2026-07-22T15:35:47.778,32.22,16.8443,12.9251
2026-07-22T15:35:47.793,32.22,16.7269,12.8663
2026-07-22T15:35:47.805,32.22,16.6094,12.8859
2026-07-22T15:35:47.809,32.2513,16.6485,12.9642
2026-07-22T15:35:47.826,32.2513,16.5506,12.9446
2026-07-22T15:35:47.826,32.2513,16.6485,12.9642
2026-07-22T15:35:47.841,32.2671,16.5311,12.9838
2026-07-22T15:35:47.857,32.2989,16.5702,12.9251
2026-07-22T15:35:47.872,32.2989,16.4332,12.9055
2026-07-22T15:35:47.872,32.3148,16.4527,12.9055
2026-07-22T15:35:47.872,32.3148,16.4332,12.9642
2026-07-22T15:35:47.888,32.3148,16.5311,12.9642
2026-07-22T15:35:47.905,32.3479,16.5311,12.8859
2026-07-22T15:35:47.920,32.3479,16.5311,12.9055
2026-07-22T15:35:47.920,32.3625,16.5115,12.9251
2026-07-22T15:35:47.936,32.3625,16.5898,12.9055
2026-07-22T15:35:47.936,32.3783,16.4527,12.9642
2026-07-22T15:35:47.952,32.411,16.4136,12.8859
2026-07-22T15:35:47.969,32.4175,16.4136,12.9838
2026-07-22T15:35:47.969,32.4175,16.394,12.9446
2026-07-22T15:35:47.984,32.4257,16.4332,12.9446
2026-07-22T15:35:47.999,32.4257,16.4136,12.9642
2026-07-22T15:35:48.005,32.4573,16.4136,13.0034
2026-07-22T15:35:48.015,32.4685,16.3548,12.9055
2026-07-22T15:35:48.015,32.4685,16.2765,12.9251
2026-07-22T15:35:48.039,32.4731,16.2961,12.9055
2026-07-22T15:35:48.039,32.4731,16.2178,12.8272
2026-07-22T15:35:48.047,32.4849,16.2178,12.8467
2026-07-22T15:35:48.063,32.5048,16.2569,12.8859
2026-07-22T15:35:48.078,32.5205,16.3157,12.8272
2026-07-22T15:35:48.078,32.5205,16.2765,12.9446
2026-07-22T15:35:48.094,32.5205,16.2178,12.9251
2026-07-22T15:35:48.094,32.5205,16.2373,12.9446
2026-07-22T15:35:48.110,32.5708,16.1394,12.9446
2026-07-22T15:35:48.126,32.5708,16.1199,12.8467
2026-07-22T15:35:48.142,32.5839,16.159,12.8076
2026-07-22T15:35:48.142,32.5854,16.1394,12.9055
2026-07-22T15:35:48.142,32.5854,16.2765,12.9251
2026-07-22T15:35:48.174,32.6197,16.2765,12.9838
2026-07-22T15:35:48.174,32.6197,16.3352,12.9838
2026-07-22T15:35:48.174,32.6318,16.3744,12.9642
2026-07-22T15:35:48.192,32.6318,16.3548,12.9251
2026-07-22T15:35:48.205,32.6318,16.394,12.9446
2026-07-22T15:35:48.207,32.6497,16.3744,12.9446
2026-07-22T15:35:48.237,32.6856,16.394,12.9838
2026-07-22T15:35:48.241,32.6856,16.5115,13.0817
2026-07-22T15:35:48.241,32.6856,16.4919,13.0034
2026-07-22T15:35:48.253,32.6947,16.5702,13.0425
2026-07-22T15:35:48.253,32.6947,16.5898,13.0817
2026-07-22T15:35:48.271,32.7274,16.6485,13.0425
2026-07-22T15:35:48.271,32.7274,16.629,13.0621
2026-07-22T15:35:48.300,32.7432,16.6877,13.0817
2026-07-22T15:35:48.300,32.7432,16.6485,13.1405
2026-07-22T15:35:48.316,32.7488,16.766,13.1405
2026-07-22T15:35:48.316,32.7488,16.5898,13.0817
2026-07-22T15:35:48.348,32.7901,16.6877,13.0817
2026-07-22T15:35:48.349,32.7901,16.6681,13.1209
2026-07-22T15:35:48.349,32.7901,16.8052,13.1209
2026-07-22T15:35:48.370,32.8064,16.7073,13.1992
2026-07-22T15:35:48.370,32.8064,16.8052,13.16
2026-07-22T15:35:48.380,32.8064,16.8835,13.1992
2026-07-22T15:35:48.396,32.8379,17.0989,13.2384
2026-07-22T15:35:48.407,32.8537,17.0206,13.3167
2026-07-22T15:35:48.411,32.8537,17.1576,13.2384
2026-07-22T15:35:48.428,32.8537,17.1381,13.3363
2026-07-22T15:35:48.428,32.8733,17.2164,13.2775
2026-07-22T15:35:48.443,32.8976,17.0989,13.2775
2026-07-22T15:35:48.459,32.8976,17.1381,13.2775
2026-07-22T15:35:48.459,32.8976,17.1381,13.3167
2026-07-22T15:35:48.475,32.8976,17.2947,13.3558
2026-07-22T15:35:48.475,32.9135,17.2751,13.3167
2026-07-22T15:35:48.494,32.9135,17.1772,13.3167
2026-07-22T15:35:48.505,32.9494,17.2751,13.3363
2026-07-22T15:35:48.515,32.9494,17.2947,13.3363
2026-07-22T15:35:48.519,32.9494,17.3534,13.3558
2026-07-22T15:35:48.535,32.9616,17.3143,13.3363
2026-07-22T15:35:48.535,32.9616,17.373,13.3754
2026-07-22T15:35:48.559,32.9948,17.2751,13.3167
2026-07-22T15:35:48.559,32.9959,17.2751,13.3558
2026-07-22T15:35:48.583,33.0041,17.1772,13.2971
2026-07-22T15:35:48.583,33.0051,17.0989,13.2188
2026-07-22T15:35:48.599,33.0309,17.1185,13.2579
2026-07-22T15:35:48.611,33.0461,17.1381,13.2775
2026-07-22T15:35:48.616,33.0499,17.0402,13.1796
2026-07-22T15:35:48.628,33.0499,17.001,13.2188
2026-07-22T15:35:48.635,33.0795,17.0597,13.2384
2026-07-22T15:35:48.652,33.0876,17.0206,13.2775
2026-07-22T15:35:48.652,33.0949,17.0793,13.2775
2026-07-22T15:35:48.667,33.1029,17.0206,13.1992
2026-07-22T15:35:48.671,33.1029,16.9618,13.2579
2026-07-22T15:35:48.683,33.1029,16.8835,13.2188
2026-07-22T15:35:48.683,33.1373,16.9423,13.2384
2026-07-22T15:35:48.701,33.1439,16.8443,13.2384
2026-07-22T15:35:48.716,33.147,16.8052,13.1796
2026-07-22T15:35:48.724,33.147,16.8835,13.1796
2026-07-22T15:35:48.724,33.1557,16.9227,13.2579
2026-07-22T15:35:48.736,33.188,16.9423,13.2775
2026-07-22T15:35:48.752,33.188,17.0206,13.2579
2026-07-22T15:35:48.765,33.1967,16.9423,13.2775
2026-07-22T15:35:48.777,33.2069,16.9227,13.2579
2026-07-22T15:35:48.782,33.2369,16.9423,13.2579
2026-07-22T15:35:48.800,33.2428,16.9618,13.2775
2026-07-22T15:35:48.800,33.2439,16.9423,13.2971
2026-07-22T15:35:48.818,33.2517,16.9423,13.2775
2026-07-22T15:35:48.832,33.2591,17.001,13.3167
2026-07-22T15:35:48.832,33.2591,16.9423,13.2775
2026-07-22T15:35:48.853,33.2882,16.8443,13.3167
2026-07-22T15:35:48.853,33.2882,16.8443,13.2384
2026-07-22T15:35:48.873,33.2971,16.8052,13.3167
2026-07-22T15:35:48.873,33.2971,16.8248,13.3558
2026-07-22T15:35:48.888,33.3323,16.8248,13.3363
2026-07-22T15:35:48.894,33.3374,16.9227,13.3363
2026-07-22T15:35:48.909,33.3438,16.8835,13.3558
2026-07-22T15:35:48.918,33.3474,16.9227,13.3754
2026-07-22T15:35:48.918,33.3474,16.9031,13.395
2026-07-22T15:35:48.938,33.3872,16.9031,13.3754
2026-07-22T15:35:48.948,33.3889,17.0402,13.4146
2026-07-22T15:35:48.959,33.3889,17.0989,13.4146
2026-07-22T15:35:48.969,33.3969,17.0597,13.395
2026-07-22T15:35:48.973,33.3969,17.0402,13.3363
2026-07-22T15:35:48.989,33.4272,17.0206,13.3754
2026-07-22T15:35:48.998,33.4272,16.9618,13.4146
2026-07-22T15:35:49.008,33.4371,16.9423,13.4146
2026-07-22T15:35:49.010,33.4423,17.0793,13.4537
2026-07-22T15:35:49.024,33.4703,16.9814,13.4929
2026-07-22T15:35:49.040,33.4769,17.0206,13.5516
2026-07-22T15:35:49.040,33.483,17.0597,13.5125
2026-07-22T15:35:49.058,33.4893,16.9618,13.5516
2026-07-22T15:35:49.068,33.4893,16.9423,13.4733
2026-07-22T15:35:49.078,33.5222,17.001,13.5125
2026-07-22T15:35:49.091,33.5273,16.9423,13.5712
2026-07-22T15:35:49.091,33.5305,17.0989,13.5516
2026-07-22T15:35:49.104,33.5305,16.9814,13.4929
2026-07-22T15:35:49.110,33.5419,16.9814,13.5516
2026-07-22T15:35:49.120,33.5672,16.9618,13.4929
2026-07-22T15:35:49.138,33.572,17.001,13.5712
2026-07-22T15:35:49.143,33.5772,16.9618,13.5321
2026-07-22T15:35:49.152,33.5783,16.9814,13.5321
2026-07-22T15:35:49.165,33.587,16.9618,13.5125
2026-07-22T15:35:49.173,33.6102,16.9814,13.5125
2026-07-22T15:35:49.183,33.6168,16.9031,13.5321
2026-07-22T15:35:49.193,33.622,16.9031,13.5125
2026-07-22T15:35:49.200,33.6272,16.9618,13.5712
2026-07-22T15:35:49.218,33.6472,16.9618,13.4733
2026-07-22T15:35:49.231,33.658,16.9031,13.4733
2026-07-22T15:35:49.231,33.6672,16.9227,13.4929
2026-07-22T15:35:49.248,33.6672,16.9227,13.5125
2026-07-22T15:35:49.253,33.6754,16.9227,13.5321
2026-07-22T15:35:49.263,33.7019,16.9031,13.4929
2026-07-22T15:35:49.268,33.707,16.9031,13.5125
2026-07-22T15:35:49.288,33.7168,16.8248,13.4733
2026-07-22T15:35:49.297,33.7168,16.9031,13.4733
2026-07-22T15:35:49.318,33.7548,16.8639,13.5125
2026-07-22T15:35:49.318,33.7569,16.9227,13.4929
2026-07-22T15:35:49.328,33.7569,17.0402,13.6104
2026-07-22T15:35:49.338,33.7621,17.0402,13.4733
2026-07-22T15:35:49.348,33.7704,16.9227,13.4929
2026-07-22T15:35:49.359,33.7904,16.8835,13.4342
2026-07-22T15:35:49.368,33.7971,16.8835,13.4733
2026-07-22T15:35:49.378,33.7971,16.7464,13.4929
2026-07-22T15:35:49.392,33.807,16.8248,13.4733
2026-07-22T15:35:49.392,33.8357,16.9423,13.5321
2026-07-22T15:35:49.412,33.842,16.9031,13.4733
2026-07-22T15:35:49.418,33.8441,16.9227,13.4537
2026-07-22T15:35:49.428,33.8506,16.8835,13.4537
2026-07-22T15:35:49.433,33.8568,16.8443,13.4733
2026-07-22T15:35:49.440,33.8819,16.8052,13.4733
2026-07-22T15:35:49.456,33.8871,16.8052,13.4929
2026-07-22T15:35:49.465,33.8907,16.8052,13.4146
2026-07-22T15:35:49.472,33.8907,16.8052,13.4342
2026-07-22T15:35:49.488,33.9218,16.7073,13.4537
2026-07-22T15:35:49.493,33.9218,16.7073,13.395
2026-07-22T15:35:49.508,33.9311,16.6681,13.4537
2026-07-22T15:35:49.518,33.9311,16.7073,13.4537
2026-07-22T15:35:49.528,33.9568,16.6485,13.4146
2026-07-22T15:35:49.538,33.9631,16.6681,13.4342
2026-07-22T15:35:49.543,33.9718,16.629,13.4146
2026-07-22T15:35:49.552,33.979,16.6681,13.4733
2026-07-22T15:35:49.565,34.007,16.6094,13.4342
2026-07-22T15:35:49.573,34.0116,16.6681,13.4342
2026-07-22T15:35:49.588,34.0192,16.4919,13.4146
2026-07-22T15:35:49.600,34.0241,16.4332,13.3754
2026-07-22T15:35:49.600,34.0485,16.3352,13.3363
2026-07-22T15:35:49.623,34.0572,16.3548,13.3167
2026-07-22T15:35:49.624,34.0572,16.2961,13.3167
2026-07-22T15:35:49.640,34.0657,16.2765,13.395
2026-07-22T15:35:49.645,34.0688,16.3352,13.3558
2026-07-22T15:35:49.658,34.0969,16.3548,13.3167
2026-07-22T15:35:49.670,34.0969,16.3548,13.3363
2026-07-22T15:35:49.675,34.1022,16.3157,13.3754
2026-07-22T15:35:49.689,34.1112,16.2961,13.3167
2026-07-22T15:35:49.700,34.1376,16.2765,13.2971
2026-07-22T15:35:49.713,34.1442,16.2961,13.3558
2026-07-22T15:35:49.713,34.1442,16.2569,13.3558
2026-07-22T15:35:49.723,34.1518,16.2765,13.3754
2026-07-22T15:35:49.734,34.1518,16.3157,13.3558
2026-07-22T15:35:49.746,34.1795,16.1786,13.3167
2026-07-22T15:35:49.755,34.1871,16.1003,13.3167
2026-07-22T15:35:49.769,34.1933,16.159,13.3167
2026-07-22T15:35:49.773,34.1971,16.1982,13.3558
2026-07-22T15:35:49.793,34.229,16.2373,13.3558
2026-07-22T15:35:49.798,34.23,16.1982,13.395
2026-07-22T15:35:49.801,34.23,16.159,13.3363
2026-07-22T15:35:49.818,34.2368,16.1003,13.395
2026-07-22T15:35:49.828,34.2669,16.1003,13.3167
2026-07-22T15:35:49.838,34.2669,16.1394,13.4146
2026-07-22T15:35:49.851,34.2669,16.1199,13.2775
2026-07-22T15:35:49.858,34.2789,16.2373,13.3558
2026-07-22T15:35:49.868,34.307,16.2373,13.5125
2026-07-22T15:35:49.883,34.3107,16.2373,13.3558
2026-07-22T15:35:49.888,34.3107,16.1982,13.395
2026-07-22T15:35:49.888,34.3168,16.2569,13.4146
2026-07-22T15:35:49.900,34.3468,16.2569,13.395
2026-07-22T15:35:49.923,34.3519,16.3548,13.4146
2026-07-22T15:35:49.928,34.3571,16.394,13.4733
2026-07-22T15:35:49.932,34.3592,16.3548,13.5321
2026-07-22T15:35:49.943,34.372,16.3744,13.5712
2026-07-22T15:35:49.954,34.3982,16.5311,13.6496
2026-07-22T15:35:49.965,34.3982,16.5702,13.6496
2026-07-22T15:35:49.973,34.4069,16.5898,13.5908
2026-07-22T15:35:49.988,34.4121,16.5311,13.5516
2026-07-22T15:35:50.003,34.4389,16.5702,13.5908
2026-07-22T15:35:50.003,34.4389,16.5311,13.5908
2026-07-22T15:35:50.016,34.4472,16.5115,13.63
2026-07-22T15:35:50.028,34.4518,16.5506,13.6691
2026-07-22T15:35:50.033,34.4571,16.6094,13.6104
2026-07-22T15:35:50.053,34.4767,16.6094,13.63
2026-07-22T15:35:50.053,34.4818,16.629,13.5516
2026-07-22T15:35:50.066,34.4869,16.5506,13.5908
2026-07-22T15:35:50.078,34.4942,16.4527,13.5908
2026-07-22T15:35:50.088,34.5188,16.5898,13.6104
2026-07-22T15:35:50.092,34.5188,16.5898,13.5712
2026-07-22T15:35:50.108,34.527,16.5898,13.6496
2026-07-22T15:35:50.115,34.527,16.5311,13.5908
2026-07-22T15:35:50.128,34.5618,16.5115,13.63
2026-07-22T15:35:50.138,34.5669,16.4332,13.63
2026-07-22T15:35:50.148,34.5669,16.5311,13.6104
2026-07-22T15:35:50.153,34.572,16.5115,13.5908
2026-07-22T15:35:50.166,34.5969,16.4919,13.63
2026-07-22T15:35:50.172,34.6021,16.5115,13.5712
2026-07-22T15:35:50.183,34.6071,16.4332,13.5908
2026-07-22T15:35:50.193,34.6135,16.4136,13.63
2026-07-22T15:35:50.205,34.6287,16.394,13.6104
2026-07-22T15:35:50.216,34.642,16.3352,13.5321
2026-07-22T15:35:50.228,34.6473,16.2765,13.5908
2026-07-22T15:35:50.235,34.6521,16.2373,13.5516
2026-07-22T15:35:50.250,34.6772,16.159,13.5125
2026-07-22T15:35:50.250,34.6818,16.1199,13.4733
2026-07-22T15:35:50.269,34.687,16.1199,13.4537
2026-07-22T15:35:50.273,34.6922,16.159,13.5321
2026-07-22T15:35:50.282,34.717,16.1786,13.5125
2026-07-22T15:35:50.293,34.717,16.159,13.4929
2026-07-22T15:35:50.308,34.7268,16.159,13.5321
2026-07-22T15:35:50.317,34.737,16.1394,13.4733
2026-07-22T15:35:50.323,34.7571,16.0611,13.4733
2026-07-22T15:35:50.332,34.7622,16.0024,13.4537
2026-07-22T15:35:50.346,34.7669,16.0024,13.5516
2026-07-22T15:35:50.358,34.7769,16.0807,13.4537
2026-07-22T15:35:50.366,34.7972,16.0415,13.5125
2026-07-22T15:35:50.368,34.8054,16.0611,13.4733
2026-07-22T15:35:50.383,34.807,16.0611,13.4537
2026-07-22T15:35:50.398,34.8123,15.9828,13.4929
2026-07-22T15:35:50.403,34.8319,16.0611,13.4929
2026-07-22T15:35:50.411,34.837,16.0415,13.4733
2026-07-22T15:35:50.427,34.837,15.9828,13.5125
2026-07-22T15:35:50.433,34.847,15.9436,13.4929
2026-07-22T15:35:50.448,34.8691,15.9632,13.4929
2026-07-22T15:35:50.453,34.8801,16.0024,13.4929
2026-07-22T15:35:50.466,34.8859,15.9632,13.5321
2026-07-22T15:35:50.478,34.9007,16.0024,13.4733
2026-07-22T15:35:50.488,34.9166,15.9828,13.4537
2026-07-22T15:35:50.505,34.9166,15.9045,13.4733
2026-07-22T15:35:50.507,34.9166,15.9045,13.4342
2026-07-22T15:35:50.522,34.9488,15.9045,13.4537
2026-07-22T15:35:50.522,34.9488,15.9828,13.4342
2026-07-22T15:35:50.538,34.9488,15.9045,13.4537
2026-07-22T15:35:50.538,34.9488,15.9632,13.4146
2026-07-22T15:35:50.566,34.9802,15.9436,13.4733
2026-07-22T15:35:50.566,34.9802,15.9436,13.5125
2026-07-22T15:35:50.570,34.996,15.9436,13.4733
2026-07-22T15:35:50.586,34.9971,15.9436,13.5321
2026-07-22T15:35:50.586,35.0277,16.022,13.5516
2026-07-22T15:35:50.601,35.0277,16.0611,13.5712
2026-07-22T15:35:50.617,35.0277,16.0807,13.5712
2026-07-22T15:35:50.618,35.0277,16.0807,13.5321
2026-07-22T15:35:50.633,35.0604,16.1199,13.5908
2026-07-22T15:35:50.641,35.0604,16.0807,13.5321
2026-07-22T15:35:50.649,35.0766,16.0415,13.5908
2026-07-22T15:35:50.666,35.0974,16.0611,13.63
2026-07-22T15:35:50.681,35.1075,15.9436,13.6691
2026-07-22T15:35:50.682,35.1096,15.9828,13.5712
2026-07-22T15:35:50.698,35.1096,15.9828,13.63
2026-07-22T15:35:50.698,35.1096,15.9632,13.5516
2026-07-22T15:35:50.719,35.144,15.9241,13.63
2026-07-22T15:35:50.729,35.1477,15.9828,13.6691
2026-07-22T15:35:50.731,35.1477,16.022,13.6104
2026-07-22T15:35:50.752,35.1793,16.0611,13.6691
2026-07-22T15:35:50.760,35.1793,16.1982,13.7279
2026-07-22T15:35:50.769,35.1793,16.2178,13.767
2026-07-22T15:35:50.769,35.1793,16.1786,13.7279
2026-07-22T15:35:50.785,35.2108,16.2178,13.7475
2026-07-22T15:35:50.785,35.2108,16.1982,13.7083
2026-07-22T15:35:50.800,35.2108,16.2765,13.767
2026-07-22T15:35:50.819,35.2566,16.1982,13.7279
2026-07-22T15:35:50.832,35.2606,16.2961,13.767
2026-07-22T15:35:50.832,35.2644,16.3157,13.8062
2026-07-22T15:35:50.832,35.2644,16.4136,13.8454
2026-07-22T15:35:50.861,35.2796,16.4919,13.8258
2026-07-22T15:35:50.873,35.298,16.4527,13.8062
2026-07-22T15:35:50.878,35.298,16.4332,13.8454
2026-07-22T15:35:50.885,35.298,16.3548,13.767
2026-07-22T15:35:50.886,35.3274,16.3744,13.8454
2026-07-22T15:35:50.901,35.3274,16.3157,13.8454
2026-07-22T15:35:50.918,35.3437,16.3352,13.8454
2026-07-22T15:35:50.919,35.3474,16.394,13.8454
2026-07-22T15:35:50.933,35.3484,16.3157,13.8649
2026-07-22T15:35:50.949,35.3644,16.4332,13.8062
2026-07-22T15:35:50.949,35.3802,16.3352,13.8062
2026-07-22T15:35:50.969,35.3802,16.3157,13.8649
2026-07-22T15:35:50.970,35.3802,16.3548,13.8845
2026-07-22T15:35:50.986,35.4126,16.3352,13.8649
2026-07-22T15:35:50.986,35.4126,16.4136,13.8062
2026-07-22T15:35:51.001,35.4282,16.3352,13.7475
2026-07-22T15:35:51.017,35.4282,16.3157,13.7475
2026-07-22T15:35:51.034,35.4602,16.3157,13.8062
2026-07-22T15:35:51.034,35.4602,16.2961,13.7083
2026-07-22T15:35:51.034,35.4602,16.2569,13.7083
2026-07-22T15:35:51.049,35.4602,16.1982,13.7083
2026-07-22T15:35:51.073,35.4988,16.159,13.6887
2026-07-22T15:35:51.073,35.4988,16.1199,13.6691
2026-07-22T15:35:51.081,35.5078,16.1786,13.7083
2026-07-22T15:35:51.097,35.5236,16.1786,13.7279
2026-07-22T15:35:51.098,35.5236,16.1786,13.7083
2026-07-22T15:35:51.113,35.5394,16.1394,13.6887
2026-07-22T15:35:51.120,35.5465,16.1199,13.7279
2026-07-22T15:35:51.129,35.5709,16.1394,13.6104
2026-07-22T15:35:51.145,35.5709,16.0611,13.6104
2026-07-22T15:35:51.145,35.5872,15.9436,13.6104
2026-07-22T15:35:51.168,35.5882,15.9241,13.5321
2026-07-22T15:35:51.168,35.6024,15.9045,13.5516
2026-07-22T15:35:51.192,35.6182,15.8457,13.5516
2026-07-22T15:35:51.192,35.6182,15.8457,13.4929
2026-07-22T15:35:51.209,35.6182,15.787,13.4537
2026-07-22T15:35:51.220,35.6497,15.7478,13.4537
2026-07-22T15:35:51.224,35.6497,15.7282,13.5516
2026-07-22T15:35:51.239,35.6497,15.7674,13.5516
2026-07-22T15:35:51.239,35.6675,15.787,13.6496
2026-07-22T15:35:51.256,35.6816,15.8261,13.5321
2026-07-22T15:35:51.271,35.6999,15.8066,13.5712
2026-07-22T15:35:51.271,35.6999,15.8066,13.63
2026-07-22T15:35:51.287,35.6999,15.8066,13.6496
2026-07-22T15:35:51.289,35.6999,15.8849,13.5908
2026-07-22T15:35:51.303,35.7302,15.787,13.5712
2026-07-22T15:35:51.303,35.7455,15.8261,13.5908
2026-07-22T15:35:51.321,35.7466,15.8261,13.63
2026-07-22T15:35:51.335,35.7466,15.8457,13.63
2026-07-22T15:35:51.351,35.7777,15.8653,13.6887
2026-07-22T15:35:51.351,35.7777,15.8849,13.6887
2026-07-22T15:35:51.368,35.7946,15.9632,13.6887
2026-07-22T15:35:51.368,35.8001,15.8457,13.7083
2026-07-22T15:35:51.383,35.8253,15.9045,13.6691
2026-07-22T15:35:51.399,35.8253,15.8849,13.7475
2026-07-22T15:35:51.399,35.8411,15.9241,13.63
2026-07-22T15:35:51.416,35.8411,15.9241,13.6887
2026-07-22T15:35:51.421,35.8468,15.9436,13.6887
2026-07-22T15:35:51.431,35.8745,15.9828,13.6496
2026-07-22T15:35:51.446,35.8745,15.8066,13.7083
2026-07-22T15:35:51.446,35.8745,15.7674,13.7083
2026-07-22T15:35:51.462,35.8886,15.8849,13.7475
2026-07-22T15:35:51.468,35.9045,15.9241,13.7475
2026-07-22T15:35:51.478,35.9203,15.9436,13.767
2026-07-22T15:35:51.496,35.9203,15.8457,13.7083
2026-07-22T15:35:51.510,35.9203,16.022,13.7279
2026-07-22T15:35:51.510,35.9361,16.0024,13.7866
2026-07-22T15:35:51.526,35.9677,16.022,13.7475
2026-07-22T15:35:51.526,35.9677,15.9241,13.7866
2026-07-22T15:35:51.542,35.9677,16.0415,13.8062
2026-07-22T15:35:51.557,35.9836,16.0024,13.767
2026-07-22T15:35:51.569,36.0008,16.0024,13.7475
2026-07-22T15:35:51.573,36.0008,15.9632,13.7279
2026-07-22T15:35:51.589,36.0158,15.9828,13.7866
2026-07-22T15:35:51.589,36.0158,15.9241,13.8062
2026-07-22T15:35:51.605,36.0158,15.9045,13.8845
2026-07-22T15:35:51.622,36.0476,15.9436,13.8062
2026-07-22T15:35:51.622,36.0476,16.0415,13.8258
2026-07-22T15:35:51.637,36.0623,16.0611,13.7866
2026-07-22T15:35:51.637,36.0639,15.9828,13.8845
2026-07-22T15:36:02.366,46.8012,13.6918,15.5097
2026-07-22T15:36:02.375,46.8012,13.6135,15.5489
2026-07-22T15:36:02.375,46.8012,13.5939,15.5097
2026-07-22T15:36:02.392,46.8171,13.5744,15.6076
2026-07-22T15:36:02.392,46.8454,13.5939,15.5685
2026-07-22T15:36:02.407,46.8491,13.5939,15.6272
2026-07-22T15:36:02.422,46.8491,13.7506,15.6076
2026-07-22T15:36:02.422,46.8491,13.7898,15.686
2026-07-22T15:36:02.438,46.866,13.8093,15.6664
2026-07-22T15:36:02.454,46.8816,13.8289,15.7055
2026-07-22T15:36:02.454,46.8816,13.9268,15.6664
2026-07-22T15:36:02.470,46.8972,13.9268,15.6664
2026-07-22T15:36:02.470,46.8972,13.8485,15.686
2026-07-22T15:36:02.487,46.9299,13.8877,15.6664
2026-07-22T15:36:02.503,46.9299,14.0639,15.6664
2026-07-22T15:36:02.503,46.9299,13.9268,15.6272
2026-07-22T15:36:02.518,46.9457,13.9268,15.6272
2026-07-22T15:36:02.518,46.9659,13.9072,15.6272
2026-07-22T15:36:02.535,46.9766,13.9072,15.6468
2026-07-22T15:36:02.551,46.9766,13.8681,15.6272
2026-07-22T15:36:02.551,46.9766,13.966,15.588
2026-07-22T15:36:02.567,47.0092,13.8485,15.6272
2026-07-22T15:36:02.582,47.0092,13.9072,15.7055
2026-07-22T15:36:02.598,47.0092,14.0051,15.8034
2026-07-22T15:36:02.598,47.0243,14.0247,15.823
2026-07-22T15:36:02.613,47.0461,14.1422,15.8622
2026-07-22T15:36:02.613,47.0461,14.1422,15.8426
2026-07-22T15:36:02.646,47.0563,14.1226,15.7643
2026-07-22T15:36:02.648,47.0563,14.0247,15.7055
2026-07-22T15:36:02.648,47.072,14.103,15.6468
2026-07-22T15:36:02.662,47.0886,14.103,15.8622
2026-07-22T15:36:02.667,47.0886,14.1618,15.8034
2026-07-22T15:36:02.677,47.0942,14.1618,15.8034
2026-07-22T15:36:02.693,47.1198,14.103,15.7055
2026-07-22T15:36:02.693,47.1198,14.0247,15.7251
2026-07-22T15:36:02.715,47.1356,14.0051,15.686
2026-07-22T15:36:02.725,47.1662,13.9464,15.7055
2026-07-22T15:36:02.725,47.1689,13.8877,15.686
2026-07-22T15:36:02.741,47.1689,13.8877,15.6664
2026-07-22T15:36:02.757,47.1689,13.9072,15.6468
2026-07-22T15:36:02.757,47.1689,13.8877,15.5293
2026-07-22T15:36:02.773,47.1987,13.8289,15.588
2026-07-22T15:36:02.773,47.1987,13.8485,15.5097
2026-07-22T15:36:02.790,47.1987,13.8093,15.5685
2026-07-22T15:36:02.804,47.2308,13.9072,15.588
2026-07-22T15:36:02.820,47.2472,13.7898,15.5685
2026-07-22T15:36:02.820,47.2524,13.8093,15.5097
2026-07-22T15:36:02.837,47.2571,13.7506,15.4706
2026-07-22T15:36:02.837,47.2792,13.8093,15.4706
2026-07-22T15:36:02.852,47.2792,13.7702,15.5097
2026-07-22T15:36:02.852,47.2792,13.7506,15.5097
2026-07-22T15:36:02.878,47.2949,13.7114,15.5489
2026-07-22T15:36:02.887,47.3105,13.7506,15.4901
2026-07-22T15:36:02.899,47.3263,13.5939,15.4706
2026-07-22T15:36:02.900,47.3263,13.5939,15.4314
2026-07-22T15:36:02.916,47.3422,13.5548,15.5685
2026-07-22T15:36:02.916,47.3662,13.6331,15.5097
2026-07-22T15:36:02.932,47.3758,13.6135,15.4706
2026-07-22T15:36:02.932,47.3758,13.6527,15.451
2026-07-22T15:36:02.947,47.3758,13.6527,15.4706
2026-07-22T15:36:02.947,47.3758,13.5939,15.4901
2026-07-22T15:36:02.969,47.4058,13.6135,15.4706
2026-07-22T15:36:02.987,47.4058,13.5939,15.588
2026-07-22T15:36:02.995,47.4259,13.5548,15.5097
2026-07-22T15:36:02.997,47.4289,13.6331,15.6468
2026-07-22T15:36:03.011,47.4477,13.6527,15.5685
2026-07-22T15:36:03.027,47.4477,13.6527,15.6272
2026-07-22T15:36:03.027,47.4624,13.6527,15.6076
2026-07-22T15:36:03.049,47.4665,13.6331,15.588
2026-07-22T15:36:03.053,47.4665,13.6918,15.5489
2026-07-22T15:36:03.069,47.494,13.6723,15.6468
2026-07-22T15:36:03.069,47.494,13.6331,15.6076
2026-07-22T15:36:03.084,47.5097,13.6723,15.6272
2026-07-22T15:36:03.088,47.5097,13.7114,15.6468
2026-07-22T15:36:03.099,47.5425,13.731,15.6468
2026-07-22T15:36:03.099,47.5465,13.6723,15.7055
2026-07-22T15:36:03.115,47.5515,13.731,15.6664
2026-07-22T15:36:03.131,47.5575,13.6918,15.686
2026-07-22T15:36:03.152,47.5815,13.7114,15.686
2026-07-22T15:36:03.158,47.5815,13.7114,15.8426
2026-07-22T15:36:03.167,47.5815,13.8093,15.7447
2026-07-22T15:36:03.173,47.5815,13.731,15.7643
2026-07-22T15:36:03.184,47.6131,13.7114,15.8034
2026-07-22T15:36:03.195,47.6131,13.731,15.7839
2026-07-22T15:36:03.203,47.6131,13.7506,15.823
2026-07-22T15:36:03.203,47.6288,13.8093,15.8426
2026-07-22T15:36:03.218,47.6517,13.7702,15.8034
2026-07-22T15:36:03.234,47.6517,13.7114,15.8034
2026-07-22T15:36:03.234,47.6658,13.7114,15.7251
2026-07-22T15:36:03.256,47.6669,13.6331,15.7643
2026-07-22T15:36:03.257,47.6827,13.731,15.7643
2026-07-22T15:36:03.273,47.6985,13.8093,15.9013
2026-07-22T15:36:03.287,47.6985,13.9268,15.8034
2026-07-22T15:36:03.288,47.7304,13.8681,15.9013
2026-07-22T15:36:03.304,47.7304,13.8877,15.8622
2026-07-22T15:36:03.304,47.7462,13.8093,15.8426
2026-07-22T15:36:03.320,47.7488,13.6723,15.7839
2026-07-22T15:36:03.335,47.763,13.6723,15.7643
2026-07-22T15:36:03.337,47.7941,13.6331,15.7251
2026-07-22T15:36:03.352,47.7941,13.5744,15.686
2026-07-22T15:36:03.383,47.8098,13.6135,15.686
2026-07-22T15:36:03.383,47.8098,13.731,15.7447
2026-07-22T15:36:03.384,47.8098,13.8681,15.8426
2026-07-22T15:36:03.388,47.8416,13.7898,15.8034
2026-07-22T15:36:03.399,47.8416,13.7702,15.7643
2026-07-22T15:36:03.415,47.8493,13.7898,15.8426
2026-07-22T15:36:03.431,47.8574,13.731,15.7839
2026-07-22T15:36:03.431,47.8574,13.7506,15.7839
2026-07-22T15:36:03.447,47.889,13.7506,15.7447
2026-07-22T15:36:03.447,47.889,13.6331,15.7055
2026-07-22T15:36:03.463,47.889,13.5744,15.6468
2026-07-22T15:36:03.479,47.889,13.496,15.6272
2026-07-22T15:36:03.479,47.9049,13.5156,15.6468
2026-07-22T15:36:03.494,47.9206,13.5352,15.6664
2026-07-22T15:36:03.494,47.9365,13.5744,15.686
2026-07-22T15:36:03.510,47.9386,13.5939,15.6468
2026-07-22T15:36:03.526,47.9386,13.5548,15.6664
2026-07-22T15:36:03.526,47.9678,13.5548,15.6272
2026-07-22T15:36:03.542,47.9678,13.5156,15.7251
2026-07-22T15:36:03.558,47.984,13.5548,15.7447
2026-07-22T15:36:03.560,47.984,13.5744,15.7251
2026-07-22T15:36:03.571,48.0173,13.5939,15.7839
2026-07-22T15:36:03.589,48.0173,13.6135,15.686
2026-07-22T15:36:03.589,48.0173,13.4569,15.6076
2026-07-22T15:36:03.605,48.0325,13.5156,15.7251
2026-07-22T15:36:03.605,48.0325,13.4177,15.7251
2026-07-22T15:36:03.621,48.068,13.4177,15.686
2026-07-22T15:36:03.621,48.068,13.3981,15.6664
2026-07-22T15:36:03.638,48.068,13.3981,15.7251
2026-07-22T15:36:03.654,48.0797,13.5156,15.686
2026-07-22T15:36:03.654,48.0955,13.4373,15.6664
2026-07-22T15:36:03.671,48.1113,13.4177,15.8034
2026-07-22T15:36:03.685,48.1113,13.4373,15.7839
2026-07-22T15:36:03.689,48.1113,13.4373,15.8818
2026-07-22T15:36:03.701,48.1282,13.5352,15.8426
2026-07-22T15:36:03.717,48.1505,13.496,15.8034
2026-07-22T15:36:03.717,48.1505,13.6331,15.8426
2026-07-22T15:36:03.732,48.1591,13.5352,15.8034
2026-07-22T15:36:03.732,48.1684,13.5939,15.8426
2026-07-22T15:36:03.749,48.1684,13.4569,15.8818
2026-07-22T15:36:03.764,48.193,13.5156,15.8818
2026-07-22T15:36:03.772,48.2071,13.4177,15.6272
2026-07-22T15:36:03.780,48.2071,13.4373,15.8034
2026-07-22T15:36:03.790,48.2071,13.4765,15.8426
2026-07-22T15:36:03.798,48.2395,13.4569,15.823
2026-07-22T15:36:03.814,48.2395,13.4765,15.8818
2026-07-22T15:36:03.828,48.2511,13.496,15.9013
2026-07-22T15:36:03.828,48.2547,13.5548,15.9601
2026-07-22T15:36:03.844,48.2867,13.5548,15.9797
2026-07-22T15:36:03.844,48.2867,13.4765,15.9601
2026-07-22T15:36:03.861,48.2867,13.496,15.9405
2026-07-22T15:36:03.872,48.2867,13.3981,16.1559
2026-07-22T15:36:03.892,48.3349,13.3394,15.8818
2026-07-22T15:36:03.892,48.3349,13.4177,15.9405
2026-07-22T15:36:03.908,48.3349,13.4177,16.0188
2026-07-22T15:36:03.908,48.3349,13.4569,15.9013
2026-07-22T15:36:03.925,48.3514,13.4569,15.9992
2026-07-22T15:36:03.941,48.3686,13.4373,15.9797
2026-07-22T15:36:03.941,48.3686,13.496,15.9405
2026-07-22T15:36:03.941,48.3828,13.4569,15.9797
2026-07-22T15:36:03.956,48.3828,13.5939,16.1363
2026-07-22T15:36:03.973,48.3828,13.6331,16.1363
2026-07-22T15:36:03.990,48.4143,13.6527,16.1363
2026-07-22T15:36:03.990,48.4143,13.5939,16.1167
2026-07-22T15:36:04.004,48.4301,13.5352,15.9209
2026-07-22T15:36:04.004,48.4301,13.4373,15.9601
2026-07-22T15:36:04.020,48.4617,13.4177,15.9405
2026-07-22T15:36:04.036,48.4689,13.3981,15.9209
2026-07-22T15:36:04.036,48.4775,13.3394,15.9797
2026-07-22T15:36:04.051,48.4775,13.3394,15.9797
2026-07-22T15:36:04.067,48.509,13.2611,16.0384
2026-07-22T15:36:04.073,48.509,13.2415,15.9209
2026-07-22T15:36:04.083,48.509,13.2023,15.9797
2026-07-22T15:36:04.099,48.5248,13.2023,15.9013
2026-07-22T15:36:04.099,48.5248,13.1632,15.9797
2026-07-22T15:36:04.114,48.5555,13.124,15.8818
2026-07-22T15:36:04.114,48.5605,13.2023,15.9601
2026-07-22T15:36:04.130,48.5693,13.1827,15.9209
2026-07-22T15:36:04.146,48.5693,13.2807,15.9405
2026-07-22T15:36:04.146,48.604,13.1632,15.9601
2026-07-22T15:36:04.163,48.6108,13.2807,16.1559
2026-07-22T15:36:04.181,48.6144,13.2023,16.058
2026-07-22T15:36:04.186,48.6198,13.1827,16.0384
2026-07-22T15:36:04.190,48.6198,13.0653,15.9405
2026-07-22T15:36:04.202,48.6533,12.9674,15.9013
2026-07-22T15:36:04.218,48.6604,12.9282,15.823
2026-07-22T15:36:04.225,48.6668,12.8695,15.823
2026-07-22T15:36:04.236,48.6721,12.9478,15.9209
2026-07-22T15:36:04.241,48.6764,13.0261,15.9405
2026-07-22T15:36:04.268,48.6961,13.0457,15.9601
2026-07-22T15:36:04.268,48.7122,13.0457,15.9405
2026-07-22T15:36:04.280,48.7122,13.0457,15.8622
2026-07-22T15:36:04.288,48.7122,12.9674,15.8622
2026-07-22T15:36:04.302,48.7284,12.9086,15.8426
2026-07-22T15:36:04.302,48.7532,12.9869,15.8622
2026-07-22T15:36:04.317,48.7617,13.0261,15.9209
2026-07-22T15:36:04.317,48.7627,13.0653,15.8818
2026-07-22T15:36:04.333,48.7695,13.0065,15.9013
2026-07-22T15:36:04.350,48.7695,13.0457,15.9013
2026-07-22T15:36:04.350,48.7976,13.0848,15.8818
2026-07-22T15:36:04.374,48.7976,12.9869,15.8622
2026-07-22T15:36:04.374,48.813,12.9674,15.8622
2026-07-22T15:36:04.391,48.813,12.9674,15.8034
2026-07-22T15:36:04.391,48.813,13.0261,15.8818
2026-07-22T15:36:04.402,48.8534,13.0065,15.8034
2026-07-22T15:36:04.419,48.8534,12.9478,15.8622
2026-07-22T15:36:04.419,48.8606,12.9674,15.9013
2026-07-22T15:36:04.434,48.8606,13.0065,15.9209
2026-07-22T15:36:04.434,48.8697,13.0261,15.9209
2026-07-22T15:36:04.450,48.8934,13.0653,15.9992
2026-07-22T15:36:04.466,48.8934,13.0848,15.9405
2026-07-22T15:36:04.475,48.9081,13.124,15.9797
2026-07-22T15:36:04.482,48.9081,13.0457,15.9797
2026-07-22T15:36:04.498,48.9239,13.0457,15.9992
2026-07-22T15:36:04.498,48.9239,13.1044,16.0384
2026-07-22T15:36:04.515,48.9578,13.1436,16.0776
2026-07-22T15:36:04.515,48.9578,13.2219,16.0776
2026-07-22T15:36:04.529,48.9578,13.2807,16.0776
2026-07-22T15:36:04.545,48.9716,13.1436,16.058
2026-07-22T15:36:04.545,48.9874,13.1827,15.9797
2026-07-22T15:36:04.561,48.9874,13.124,16.0188
2026-07-22T15:36:04.579,49.0031,13.124,16.0776
2026-07-22T15:36:04.579,49.0031,13.2807,16.0776
2026-07-22T15:36:04.593,49.0031,13.2023,16.1363
2026-07-22T15:36:04.609,49.0348,13.3002,16.1755
2026-07-22T15:36:04.609,49.0348,13.2611,16.2146
2026-07-22T15:36:04.624,49.0505,13.3786,16.1755
2026-07-22T15:36:04.624,49.0542,13.3198,16.1951
2026-07-22T15:36:04.640,49.0831,13.3394,16.1951
2026-07-22T15:36:04.640,49.0831,13.3394,16.1559
2026-07-22T15:36:04.656,49.0831,13.3981,16.1755
2026-07-22T15:36:04.675,49.0979,13.3981,16.1559
2026-07-22T15:36:04.675,49.1138,13.4373,16.2146
2026-07-22T15:36:04.704,49.1298,13.3198,16.2146
2026-07-22T15:36:04.704,49.1298,13.496,16.2146
2026-07-22T15:36:04.719,49.1298,13.496,16.1951
2026-07-22T15:36:04.719,49.1298,13.5939,16.1755
2026-07-22T15:36:04.735,49.1702,13.5156,16.2146
2026-07-22T15:36:04.735,49.1702,13.5352,16.1951
2026-07-22T15:36:04.751,49.1774,13.4765,16.1363
2026-07-22T15:36:04.751,49.1774,13.3981,16.2146
2026-07-22T15:36:04.776,49.2138,13.3786,16.1559
2026-07-22T15:36:04.783,49.2138,13.3981,16.2146
2026-07-22T15:36:04.791,49.2138,13.3394,16.1167
2026-07-22T15:36:04.799,49.226,13.3981,16.1167
2026-07-22T15:36:04.816,49.2411,13.4569,16.0971
2026-07-22T15:36:04.816,49.2411,13.5744,16.1755
2026-07-22T15:36:04.835,49.2569,13.6135,16.1559
2026-07-22T15:36:04.846,49.2569,13.5352,16.1363
2026-07-22T15:36:04.847,49.2726,13.4569,16.1755
2026-07-22T15:36:04.862,49.2884,13.3394,16.1951
2026-07-22T15:36:04.876,49.2884,13.3198,16.0384
2026-07-22T15:36:04.878,49.2954,13.359,16.1363
2026-07-22T15:36:04.894,49.322,13.3198,16.1755
2026-07-22T15:36:04.894,49.322,13.4177,16.0776
2026-07-22T15:36:04.917,49.3361,13.359,16.1167
2026-07-22T15:36:04.917,49.3555,13.4177,16.1755
2026-07-22T15:36:04.941,49.3555,13.3981,16.1167
2026-07-22T15:36:04.943,49.3709,13.3394,16.058
2026-07-22T15:36:04.943,49.3709,13.359,16.058
2026-07-22T15:36:04.957,49.4016,13.4373,16.0971
2026-07-22T15:36:04.977,49.4016,13.3002,16.0971
2026-07-22T15:36:04.992,49.4016,13.3786,16.2146
2026-07-22T15:36:04.992,49.4016,13.3394,16.1559
2026-07-22T15:36:05.013,49.4312,13.3786,16.1951
2026-07-22T15:36:05.013,49.4312,13.3786,16.1755
2026-07-22T15:36:05.023,49.447,13.3981,16.1755
2026-07-22T15:36:05.036,49.447,13.359,16.1951
2026-07-22T15:36:05.036,49.479,13.3786,16.1755
2026-07-22T15:36:05.052,49.479,13.4177,16.2538
2026-07-22T15:36:05.068,49.479,13.4569,16.2342
2026-07-22T15:36:05.068,49.4951,13.4765,16.2342
2026-07-22T15:36:05.084,49.5109,13.5156,16.2146
2026-07-22T15:36:05.092,49.5267,13.4569,16.1755
2026-07-22T15:36:05.100,49.5267,13.4765,16.1559
2026-07-22T15:36:05.100,49.5267,13.4569,16.1559
2026-07-22T15:36:05.132,49.5583,13.4177,16.2342
2026-07-22T15:36:05.132,49.5583,13.3981,16.1363
2026-07-22T15:36:05.148,49.5741,13.3981,16.0776
2026-07-22T15:36:05.148,49.5741,13.3786,16.1167
2026-07-22T15:36:05.164,49.59,13.3981,16.1363
2026-07-22T15:36:05.177,49.59,13.3198,16.1559
2026-07-22T15:36:05.192,49.606,13.3002,16.1755
2026-07-22T15:36:05.195,49.606,13.2415,16.2146
2026-07-22T15:36:05.195,49.6377,13.3394,16.1363
2026-07-22T15:36:05.211,49.6377,13.3198,16.1755
2026-07-22T15:36:05.227,49.6377,13.3981,16.1755
2026-07-22T15:36:05.227,49.659,13.5548,16.2538
2026-07-22T15:36:05.244,49.6812,13.3981,16.2146
2026-07-22T15:36:05.244,49.6812,13.4177,16.1559
2026-07-22T15:36:05.259,49.6812,13.4569,16.0384
2026-07-22T15:36:05.280,49.6963,13.2807,16.0188
2026-07-22T15:36:05.289,49.7131,13.3786,16.0188
2026-07-22T15:36:05.298,49.7131,13.359,16.0776
2026-07-22T15:36:05.302,49.7302,13.4177,16.0971
2026-07-22T15:36:05.302,49.7313,13.359,16.0384
2026-07-22T15:36:05.317,49.761,13.3002,16.1363
2026-07-22T15:36:05.334,49.764,13.1632,16.0776
2026-07-22T15:36:05.349,49.7744,13.1632,16.058
2026-07-22T15:36:05.355,49.7801,13.0261,16.058
2026-07-22T15:36:05.365,49.7977,13.1044,16.0188
2026-07-22T15:36:05.365,49.7977,13.0261,15.9797
2026-07-22T15:36:05.388,49.7977,13.0457,16.0384
2026-07-22T15:36:05.398,49.7977,13.1044,16.0188
2026-07-22T15:36:05.410,49.8296,13.0653,16.0776
2026-07-22T15:36:05.419,49.8296,13.0653,16.0384
2026-07-22T15:36:05.419,49.8454,13.0457,16.0384
2026-07-22T15:36:05.435,49.8454,13.124,15.9601
2026-07-22T15:36:05.451,49.8817,13.1827,16.1167
2026-07-22T15:36:05.451,49.8817,13.2219,16.0971
2026-07-22T15:36:05.467,49.8817,13.2219,16.0971
2026-07-22T15:36:05.467,49.8817,13.1827,16.0776
2026-07-22T15:36:05.482,49.9143,13.1044,16.0971
2026-07-22T15:36:05.492,49.9143,13.1436,16.0188
2026-07-22T15:36:05.503,49.9143,13.0653,16.0188
2026-07-22T15:36:05.503,49.9295,12.9674,15.9013
2026-07-22T15:36:05.535,49.9586,12.9282,15.9405
2026-07-22T15:36:05.535,49.9586,12.8695,15.8622
2026-07-22T15:36:05.535,49.9612,12.8499,15.9601
2026-07-22T15:36:05.551,49.9714,12.8303,16.0776
2026-07-22T15:36:05.551,49.994,12.9478,15.9992
2026-07-22T15:36:05.580,49.994,13.0065,16.058
2026-07-22T15:36:05.582,49.994,13.0653,16.0776
2026-07-22T15:36:05.593,50.0091,13.0653,16.0971
2026-07-22T15:36:05.607,50.0249,13.0653,16.0971
2026-07-22T15:36:05.615,50.0249,12.9674,16.1363
2026-07-22T15:36:05.615,50.0407,13.1044,16.1755
2026-07-22T15:36:05.630,50.0407,13.2611,16.2538
2026-07-22T15:36:05.646,50.0591,13.3002,16.293
2026-07-22T15:36:05.646,50.0717,13.3786,16.2538
2026-07-22T15:36:05.662,50.0717,13.3981,16.2146
2026-07-22T15:36:05.680,50.1044,13.3002,16.2342
2026-07-22T15:36:05.680,50.1044,13.3198,16.1951
2026-07-22T15:36:05.693,50.1044,13.359,16.1951
2026-07-22T15:36:05.693,50.1353,13.4373,16.2538
2026-07-22T15:36:05.709,50.1353,13.496,16.2734
2026-07-22T15:36:05.709,50.1353,13.6331,16.2734
2026-07-22T15:36:05.726,50.1511,13.4765,16.293
2026-07-22T15:36:05.741,50.1598,13.5352,16.3125
2026-07-22T15:36:05.756,50.1832,13.5352,16.3321
2026-07-22T15:36:05.756,50.1832,13.5548,16.3909
2026-07-22T15:36:05.772,50.1832,13.5548,16.4104
2026-07-22T15:36:05.789,50.2148,13.5744,16.43
2026-07-22T15:36:05.793,50.2148,13.5548,16.43
2026-07-22T15:36:05.804,50.2148,13.5744,16.43
2026-07-22T15:36:05.820,50.2307,13.5744,16.4104
2026-07-22T15:36:05.821,50.2625,13.6135,16.4692
2026-07-22T15:36:05.836,50.2625,13.6723,16.3713
2026-07-22T15:36:05.836,50.2625,13.731,16.4496
2026-07-22T15:36:05.852,50.2721,13.7898,16.4104
2026-07-22T15:36:05.870,50.2945,13.7898,16.5279
2026-07-22T15:36:05.870,50.2945,13.8681,16.4496
2026-07-22T15:36:05.884,50.3102,13.8093,16.3713
2026-07-22T15:36:05.893,50.3102,13.6723,16.3125
2026-07-22T15:36:05.900,50.3427,13.6331,16.3321
2026-07-22T15:36:05.916,50.3427,13.6918,16.3713
2026-07-22T15:36:05.916,50.3427,13.7114,16.3909
2026-07-22T15:36:05.931,50.3427,13.7114,16.3909
2026-07-22T15:36:05.949,50.3748,13.7506,16.4104
2026-07-22T15:36:05.949,50.3748,13.6918,16.3909
2026-07-22T15:36:05.964,50.3902,13.6135,16.3321
2026-07-22T15:36:05.964,50.3902,13.5939,16.3125
2026-07-22T15:36:05.982,50.4232,13.5939,16.3321
2026-07-22T15:36:05.996,50.4232,13.5352,16.3125
2026-07-22T15:36:06.011,50.4232,13.6723,16.3125
2026-07-22T15:36:06.011,50.4383,13.6135,16.2342
2026-07-22T15:36:06.027,50.4607,13.5939,16.293
2026-07-22T15:36:06.027,50.4725,13.5156,16.2342
2026-07-22T15:36:06.044,50.4725,13.5548,16.1951
2026-07-22T15:36:06.044,50.4725,13.5156,16.1755
2026-07-22T15:36:06.059,50.5014,13.5548,16.1559
2026-07-22T15:36:06.082,50.5014,13.496,16.2146
2026-07-22T15:36:06.082,50.5014,13.5156,16.1951
2026-07-22T15:36:06.094,50.5172,13.5156,16.1951
2026-07-22T15:36:06.094,50.5172,13.4373,16.2342
2026-07-22T15:36:06.107,50.5489,13.4177,16.2538
2026-07-22T15:36:06.123,50.5489,13.5156,16.2342
2026-07-22T15:36:06.138,50.5611,13.4177,16.2538
2026-07-22T15:36:06.138,50.5611,13.4373,16.3517
2026-07-22T15:36:06.154,50.5805,13.4177,16.2342
2026-07-22T15:36:06.154,50.5805,13.3981,16.2342
2026-07-22T15:36:06.170,50.5805,13.3786,16.2146
2026-07-22T15:36:06.186,50.6121,13.359,16.1755
2026-07-22T15:36:06.194,50.6212,13.3394,16.2734
2026-07-22T15:36:06.202,50.6283,13.2219,16.2538
2026-07-22T15:36:06.202,50.6283,13.4177,16.3125
2026-07-22T15:36:06.218,50.6615,13.3981,16.3321
2026-07-22T15:36:06.233,50.6615,13.4373,16.2342
2026-07-22T15:36:06.249,50.6615,13.4569,16.2538
2026-07-22T15:36:06.249,50.6731,13.4569,16.293
2026-07-22T15:36:06.265,50.692,13.4373,16.293
2026-07-22T15:36:06.266,50.692,13.3981,16.3321
2026-07-22T15:36:06.283,50.7083,13.3786,16.3517
2026-07-22T15:36:06.294,50.7083,13.3981,16.2734
2026-07-22T15:36:06.297,50.7241,13.3198,16.2538
2026-07-22T15:36:06.313,50.7425,13.3198,16.2538
2026-07-22T15:36:06.313,50.7425,13.359,16.2538
2026-07-22T15:36:06.329,50.7425,13.2611,16.293
2026-07-22T15:36:06.345,50.7772,13.2611,16.2734
2026-07-22T15:36:06.345,50.7782,13.359,16.2734
2026-07-22T15:36:06.364,50.7875,13.3786,16.3125
2026-07-22T15:36:06.364,50.7945,13.3981,16.3517
2026-07-22T15:36:06.385,50.8233,13.4765,16.293
2026-07-22T15:36:06.396,50.8291,13.5156,16.3909
2026-07-22T15:36:06.409,50.8358,13.5156,16.3517
2026-07-22T15:36:06.416,50.8378,13.4373,16.3909
2026-07-22T15:36:06.428,50.8675,13.3981,16.3517
2026-07-22T15:36:06.434,50.8705,13.3002,16.3125
2026-07-22T15:36:06.450,50.8761,13.2415,16.2538
2026-07-22T15:36:06.459,50.8802,13.2023,16.3321
2026-07-22T15:36:06.474,50.9132,13.2219,16.4104
2026-07-22T15:36:06.483,50.9188,13.3198,16.293
2026-07-22T15:36:06.491,50.9209,13.2219,16.2734
2026-07-22T15:36:06.500,50.9249,13.1436,16.3517
2026-07-22T15:36:06.506,50.9269,13.2023,16.293
2026-07-22T15:36:06.529,50.9615,13.2023,16.293
2026-07-22T15:36:06.529,50.9615,13.2415,16.3713
2026-07-22T15:36:06.539,50.9657,13.3394,16.3321
2026-07-22T15:36:06.546,50.9657,13.3002,16.3321
2026-07-22T15:36:06.560,51.0014,13.2611,16.3713
2026-07-22T15:36:06.575,51.0014,13.1436,16.3713
2026-07-22T15:36:06.575,51.011,13.0848,16.2342
2026-07-22T15:36:06.587,51.0187,13.1044,16.2734
2026-07-22T15:36:06.596,51.022,13.0457,16.2538
2026-07-22T15:36:06.608,51.057,13.0261,16.2146
2026-07-22T15:36:06.622,51.0631,13.0065,16.1559
2026-07-22T15:36:06.623,51.0692,12.9282,16.2342
2026-07-22T15:36:06.640,51.0758,12.9478,16.1363
2026-07-22T15:36:06.645,51.0812,12.9086,16.0776
2026-07-22T15:36:06.671,51.12,12.9674,16.1755
2026-07-22T15:36:06.672,51.12,12.9869,16.2146
2026-07-22T15:36:06.683,51.1252,13.124,16.2146
2026-07-22T15:36:06.688,51.1292,13.0848,16.293
2026-07-22T15:36:06.697,51.1333,13.1436,16.3321
2026-07-22T15:36:06.706,51.1682,13.1044,16.3125
2026-07-22T15:36:06.718,51.1734,13.0653,16.2146
2026-07-22T15:36:06.732,51.1785,13.0457,16.1755
2026-07-22T15:36:06.746,51.1795,13.0065,16.1559
2026-07-22T15:36:06.754,51.1868,13.0261,16.1755
2026-07-22T15:36:06.760,51.1868,12.9086,16.2146
2026-07-22T15:36:06.774,51.2328,13.0065,16.1559
2026-07-22T15:36:06.785,51.2369,13.0065,16.2538
2026-07-22T15:36:06.785,51.2385,12.9478,16.1951
2026-07-22T15:36:06.801,51.2423,12.8695,16.1363
2026-07-22T15:36:06.808,51.2485,12.8695,16.1755
2026-07-22T15:36:06.818,51.2485,12.8695,16.1755
2026-07-22T15:36:06.827,51.2844,12.889,16.2342
2026-07-22T15:36:06.848,51.2844,12.9869,16.2538
2026-07-22T15:36:06.848,51.2844,13.0653,16.2538
2026-07-22T15:36:06.859,51.2966,13.0261,16.3125
2026-07-22T15:36:06.864,51.2966,13.0065,16.2538
2026-07-22T15:36:06.875,51.2966,12.9478,16.2342
2026-07-22T15:36:06.900,51.344,12.9674,16.2734
2026-07-22T15:36:06.902,51.344,13.0848,16.293
2026-07-22T15:36:06.906,51.344,13.0653,16.3125
2026-07-22T15:36:06.906,51.344,13.1436,16.4104
2026-07-22T15:36:06.918,51.364,13.2023,16.3909
2026-07-22T15:36:06.936,51.3924,13.124,16.2734
2026-07-22T15:36:06.949,51.4081,13.0653,16.293
2026-07-22T15:36:06.949,51.4081,13.1827,16.3321
2026-07-22T15:36:06.965,51.4081,13.1827,16.3517
2026-07-22T15:36:06.965,51.4081,13.2611,16.3909
2026-07-22T15:36:06.985,51.424,13.2023,16.4496
2026-07-22T15:36:06.997,51.424,13.2219,16.3321
2026-07-22T15:36:07.014,51.4648,13.124,16.3125
2026-07-22T15:36:07.014,51.4745,13.1632,16.3321
2026-07-22T15:36:07.029,51.4745,13.2023,16.3713
2026-07-22T15:36:07.029,51.4745,13.3198,16.4104
2026-07-22T15:36:07.045,51.4877,13.2611,16.3909
2026-07-22T15:36:07.045,51.4877,13.2415,16.3909
2026-07-22T15:36:07.077,51.5197,13.124,16.3125
2026-07-22T15:36:07.077,51.5197,13.1436,16.2342
2026-07-22T15:36:07.086,51.5355,13.1436,16.2538
2026-07-22T15:36:07.096,51.5355,13.2611,16.3713
2026-07-22T15:36:07.109,51.5355,13.4177,16.3909
2026-07-22T15:36:07.109,51.5513,13.4765,16.4496
2026-07-22T15:36:07.125,51.5839,13.4569,16.3909
2026-07-22T15:36:07.141,51.5839,13.4373,16.4104
2026-07-22T15:36:07.141,51.5839,13.3786,16.2734
2026-07-22T15:36:07.157,51.599,13.4373,16.2342
2026-07-22T15:36:07.157,51.599,13.4569,16.2734
2026-07-22T15:36:07.172,51.6148,13.4765,16.3321
2026-07-22T15:36:07.188,51.6561,13.5352,16.3321
2026-07-22T15:36:07.204,51.6561,13.4373,16.293
2026-07-22T15:36:07.205,51.6658,13.4569,16.2342
2026-07-22T15:36:07.205,51.6658,13.3198,16.2538
2026-07-22T15:36:07.236,51.6749,13.359,16.1755
2026-07-22T15:36:07.236,51.6786,13.3786,16.1559
2026-07-22T15:36:07.236,51.6786,13.3002,16.1363
2026-07-22T15:36:07.272,51.7101,13.3394,16.1755
2026-07-22T15:36:07.273,51.7101,13.3394,16.2538
2026-07-22T15:36:07.277,51.7101,13.3198,16.1951
2026-07-22T15:36:07.287,51.7259,13.3394,16.1755
2026-07-22T15:36:07.300,51.7259,13.3198,16.1951
2026-07-22T15:36:07.300,51.7259,13.3198,16.1559
2026-07-22T15:36:07.331,51.7664,13.2219,16.1363
2026-07-22T15:36:07.331,51.7664,13.1632,16.1755
2026-07-22T15:36:07.331,51.7664,13.2611,16.1559
2026-07-22T15:36:07.347,51.7752,13.1827,16.1559
2026-07-22T15:36:07.347,51.7752,13.1827,16.1167
2026-07-22T15:36:07.363,51.8055,13.1827,16.0971
2026-07-22T15:36:07.379,51.8055,13.2219,16.0384
2026-07-22T15:36:07.388,51.8055,13.0848,16.058
2026-07-22T15:36:07.396,51.8213,13.0848,16.058
2026-07-22T15:36:07.396,51.8213,13.0457,16.0971
2026-07-22T15:36:07.412,51.853,13.1044,16.0971
2026-07-22T15:36:07.427,51.853,13.124,16.1559
2026-07-22T15:36:07.427,51.8667,13.2415,16.1363
2026-07-22T15:36:07.442,51.8754,13.2023,16.1755
2026-07-22T15:36:17.397,61.8402,10.8722,19.4455
2026-07-22T15:36:17.414,61.8402,10.7743,19.3671
2026-07-22T15:36:17.414,61.8402,10.7156,19.3867
2026-07-22T15:36:17.430,61.8561,10.7352,19.4063
2026-07-22T15:36:17.430,61.8561,10.7547,19.3671
2026-07-22T15:36:17.461,61.8928,10.7547,19.3671
2026-07-22T15:36:17.461,61.8928,10.8135,19.3671
2026-07-22T15:36:17.461,61.9038,10.7156,19.2888
2026-07-22T15:36:17.477,61.909,10.6568,19.2105
2026-07-22T15:36:17.495,61.939,10.6372,19.3476
2026-07-22T15:36:17.495,61.941,10.696,19.2496
2026-07-22T15:36:17.514,61.945,10.7156,19.3084
2026-07-22T15:36:17.525,61.947,10.696,19.3084
2026-07-22T15:36:17.530,61.9513,10.696,19.2692
2026-07-22T15:36:17.541,61.9643,10.6177,19.2496
2026-07-22T15:36:17.541,61.9803,10.5981,19.2301
2026-07-22T15:36:17.566,61.9809,10.6372,19.328
2026-07-22T15:36:17.573,61.9809,10.6177,19.328
2026-07-22T15:36:17.585,62.0119,10.7156,19.3671
2026-07-22T15:36:17.585,62.0119,10.6568,19.3671
2026-07-22T15:36:17.602,62.0119,10.6764,19.4063
2026-07-22T15:36:17.602,62.0278,10.5785,19.4455
2026-07-22T15:36:17.618,62.0571,10.6177,19.4063
2026-07-22T15:36:17.633,62.0647,10.5589,19.4063
2026-07-22T15:36:17.633,62.068,10.5589,19.4455
2026-07-22T15:36:17.649,62.0944,10.5589,19.3476
2026-07-22T15:36:17.671,62.0978,10.6372,19.3867
2026-07-22T15:36:17.678,62.0978,10.6177,19.328
2026-07-22T15:36:17.688,62.1099,10.5393,19.3671
2026-07-22T15:36:17.693,62.113,10.6372,19.3476
2026-07-22T15:36:17.702,62.1298,10.696,19.4063
2026-07-22T15:36:17.702,62.1298,10.6372,19.4846
2026-07-22T15:36:17.719,62.1449,10.6568,19.4455
2026-07-22T15:36:17.734,62.1449,10.6568,19.3867
2026-07-22T15:36:17.734,62.1812,10.7352,19.3476
2026-07-22T15:36:17.751,62.1812,10.5589,19.2888
2026-07-22T15:36:17.766,62.1936,10.6372,19.2888
2026-07-22T15:36:17.766,62.1973,10.696,19.3671
2026-07-22T15:36:17.766,62.1973,10.6568,19.4063
2026-07-22T15:36:17.786,62.2293,10.6764,19.4846
2026-07-22T15:36:17.786,62.2293,10.6177,19.4259
2026-07-22T15:36:17.815,62.2293,10.6372,19.4259
2026-07-22T15:36:17.819,62.2293,10.7352,19.4259
2026-07-22T15:36:17.834,62.261,10.5981,19.4846
2026-07-22T15:36:17.834,62.261,10.6568,19.4063
2026-07-22T15:36:17.851,62.261,10.6568,19.4455
2026-07-22T15:36:17.851,62.2769,10.6372,19.4259
2026-07-22T15:36:17.866,62.2938,10.6568,19.465
2026-07-22T15:36:17.882,62.3088,10.6568,19.4063
2026-07-22T15:36:17.882,62.3109,10.5981,19.4063
2026-07-22T15:36:17.898,62.3412,10.5785,19.4063
2026-07-22T15:36:17.915,62.3412,10.5785,19.4259
2026-07-22T15:36:17.930,62.3412,10.5589,19.5238
2026-07-22T15:36:17.932,62.3412,10.5198,19.3671
2026-07-22T15:36:17.946,62.3756,10.5589,19.3867
2026-07-22T15:36:17.946,62.3814,10.5198,19.328
2026-07-22T15:36:17.962,62.3814,10.4806,19.3671
2026-07-22T15:36:17.962,62.3901,10.461,19.3476
2026-07-22T15:36:17.978,62.4115,10.5198,19.4063
2026-07-22T15:36:17.996,62.4201,10.461,19.3476
2026-07-22T15:36:18.003,62.4201,10.4806,19.3867
2026-07-22T15:36:18.015,62.4201,10.5198,19.328
2026-07-22T15:36:18.026,62.4517,10.461,19.3476
2026-07-22T15:36:18.033,62.4517,10.4414,19.2888
2026-07-22T15:36:18.041,62.4675,10.4414,19.2692
2026-07-22T15:36:18.041,62.4675,10.3631,19.328
2026-07-22T15:36:18.057,62.4944,10.4023,19.328
2026-07-22T15:36:18.073,62.4995,10.3827,19.328
2026-07-22T15:36:18.073,62.4995,10.3631,19.3476
2026-07-22T15:36:18.089,62.5122,10.3631,19.328
2026-07-22T15:36:18.105,62.5312,10.3631,19.2496
2026-07-22T15:36:18.109,62.5312,10.2652,19.2692
2026-07-22T15:36:18.121,62.5312,10.324,19.3867
2026-07-22T15:36:18.133,62.547,10.3044,19.3476
2026-07-22T15:36:18.137,62.5628,10.3435,19.2692
2026-07-22T15:36:18.152,62.5791,10.2848,19.2888
2026-07-22T15:36:18.152,62.5791,10.3435,19.2692
2026-07-22T15:36:18.168,62.5948,10.4219,19.2888
2026-07-22T15:36:18.184,62.6128,10.324,19.2888
2026-07-22T15:36:18.184,62.6197,10.3044,19.3476
2026-07-22T15:36:18.200,62.6197,10.3435,19.3084
2026-07-22T15:36:18.216,62.6427,10.324,19.328
2026-07-22T15:36:18.216,62.6427,10.324,19.2888
2026-07-22T15:36:18.241,62.6586,10.2652,19.3084
2026-07-22T15:36:18.241,62.6586,10.2848,19.2888
2026-07-22T15:36:18.248,62.6744,10.2848,19.2692
2026-07-22T15:36:18.264,62.6902,10.2456,19.2888
2026-07-22T15:36:18.264,62.6902,10.2456,19.3476
2026-07-22T15:36:18.280,62.6948,10.3044,19.2888
2026-07-22T15:36:18.280,62.713,10.2652,19.3671
2026-07-22T15:36:18.296,62.7217,10.3435,19.3671
2026-07-22T15:36:18.311,62.7217,10.324,19.4063
2026-07-22T15:36:18.316,62.7535,10.4023,19.4063
2026-07-22T15:36:18.334,62.7535,10.2848,19.3476
2026-07-22T15:36:18.343,62.7535,10.3044,19.465
2026-07-22T15:36:18.343,62.7692,10.3631,19.3867
2026-07-22T15:36:18.359,62.7952,10.3631,19.4259
2026-07-22T15:36:18.375,62.7952,10.3827,19.4063
2026-07-22T15:36:18.375,62.8008,10.3435,19.4063
2026-07-22T15:36:18.390,62.8008,10.324,19.328
2026-07-22T15:36:18.390,62.8323,10.2848,19.3084
2026-07-22T15:36:18.406,62.8323,10.1673,19.2692
2026-07-22T15:36:18.422,62.8323,10.089,19.2888
2026-07-22T15:36:18.422,62.8481,10.2065,19.328
2026-07-22T15:36:18.438,62.8643,10.1477,19.3084
2026-07-22T15:36:18.453,62.8643,10.1673,19.328
2026-07-22T15:36:18.453,62.8643,10.1281,19.2888
2026-07-22T15:36:18.469,62.8953,10.0498,19.2888
2026-07-22T15:36:18.485,62.8953,10.0694,19.328
2026-07-22T15:36:18.485,62.9111,10.0498,19.2105
2026-07-22T15:36:18.501,62.9138,10.0694,19.1909
2026-07-22T15:36:18.516,62.9432,10.0302,19.1713
2026-07-22T15:36:18.516,62.9432,9.9911,19.1517
2026-07-22T15:36:18.535,62.9432,10.0107,19.1713
2026-07-22T15:36:18.535,62.9589,10.0694,19.1909
2026-07-22T15:36:18.559,62.9746,10.0498,19.2888
2026-07-22T15:36:18.564,62.9746,10.089,19.2692
2026-07-22T15:36:18.564,62.9905,10.0498,19.328
2026-07-22T15:36:18.580,63.014,10.1281,19.3084
2026-07-22T15:36:18.596,63.014,10.0498,19.2692
2026-07-22T15:36:18.596,63.0257,10.1281,19.3084
2026-07-22T15:36:18.612,63.0282,10.0694,19.2692
2026-07-22T15:36:18.617,63.0544,10.1477,19.3671
2026-07-22T15:36:18.627,63.0583,10.089,19.3671
2026-07-22T15:36:18.646,63.0666,10.1673,19.2888
2026-07-22T15:36:18.652,63.0959,10.0498,19.2692
2026-07-22T15:36:18.660,63.0959,10.1281,19.2888
2026-07-22T15:36:18.675,63.0959,10.0302,19.328
2026-07-22T15:36:18.683,63.0959,10.089,19.4455
2026-07-22T15:36:18.695,63.1274,10.089,19.4063
2026-07-22T15:36:18.702,63.1274,10.1086,19.3867
2026-07-22T15:36:18.717,63.1274,10.1086,19.3867
2026-07-22T15:36:18.717,63.1433,10.1673,19.465
2026-07-22T15:36:18.735,63.1745,10.1281,19.4259
2026-07-22T15:36:18.749,63.1772,10.2065,19.4259
2026-07-22T15:36:18.749,63.1781,10.2065,19.465
2026-07-22T15:36:18.764,63.186,10.2652,19.5434
2026-07-22T15:36:18.764,63.1888,10.2848,19.5434
2026-07-22T15:36:18.791,63.2145,10.4023,19.5629
2026-07-22T15:36:18.795,63.2145,10.3827,19.6804
2026-07-22T15:36:18.806,63.2145,10.4219,19.6608
2026-07-22T15:36:18.819,63.2454,10.4219,19.6608
2026-07-22T15:36:18.819,63.2454,10.461,19.5825
2026-07-22T15:36:18.836,63.2613,10.4414,19.5825
2026-07-22T15:36:18.836,63.2613,10.4414,19.6021
2026-07-22T15:36:18.851,63.2816,10.461,19.7392
2026-07-22T15:36:18.867,63.2816,10.461,19.7587
2026-07-22T15:36:18.867,63.2978,10.4806,19.7587
2026-07-22T15:36:18.882,63.2978,10.5589,19.7979
2026-07-22T15:36:18.899,63.3298,10.4806,19.6413
2026-07-22T15:36:18.903,63.3298,10.5198,19.7196
2026-07-22T15:36:18.917,63.3456,10.5198,19.6217
2026-07-22T15:36:18.919,63.3456,10.4806,19.7
2026-07-22T15:36:18.919,63.3456,10.5785,19.7783
2026-07-22T15:36:18.951,63.3773,10.5785,19.7392
2026-07-22T15:36:18.951,63.3773,10.4806,19.7196
2026-07-22T15:36:18.967,63.3773,10.4414,19.7392
2026-07-22T15:36:18.967,63.3773,10.4219,19.6608
2026-07-22T15:36:18.983,63.4157,10.4023,19.6804
2026-07-22T15:36:18.983,63.4157,10.4023,19.7
2026-07-22T15:36:18.998,63.4248,10.4806,19.7196
2026-07-22T15:36:19.014,63.4248,10.5002,19.6804
2026-07-22T15:36:19.017,63.4405,10.461,19.6413
2026-07-22T15:36:19.030,63.4575,10.461,19.5434
2026-07-22T15:36:19.037,63.4575,10.5002,19.5825
2026-07-22T15:36:19.046,63.4903,10.5002,19.6608
2026-07-22T15:36:19.062,63.496,10.461,19.6021
2026-07-22T15:36:19.078,63.496,10.461,19.6413
2026-07-22T15:36:19.079,63.5064,10.4023,19.5825
2026-07-22T15:36:19.094,63.5207,10.3631,19.5042
2026-07-22T15:36:19.111,63.5365,10.3631,19.5238
2026-07-22T15:36:19.111,63.5365,10.461,19.5042
2026-07-22T15:36:19.128,63.5365,10.4023,19.5825
2026-07-22T15:36:19.128,63.568,10.4414,19.6217
2026-07-22T15:36:19.142,63.568,10.4023,19.6217
2026-07-22T15:36:19.142,63.568,10.4023,19.6804
2026-07-22T15:36:19.158,63.5839,10.4414,19.6413
2026-07-22T15:36:19.173,63.6166,10.4219,19.6413
2026-07-22T15:36:19.189,63.6166,10.4219,19.5825
2026-07-22T15:36:19.189,63.6166,10.3631,19.5042
2026-07-22T15:36:19.205,63.6166,10.4023,19.465
2026-07-22T15:36:19.205,63.6476,10.324,19.465
2026-07-22T15:36:19.221,63.6655,10.3044,19.3476
2026-07-22T15:36:19.221,63.6692,10.2652,19.328
2026-07-22T15:36:19.238,63.6692,10.2848,19.3476
2026-07-22T15:36:19.253,63.6794,10.3827,19.3476
2026-07-22T15:36:19.253,63.6963,10.2456,19.3671
2026-07-22T15:36:19.269,63.711,10.2652,19.4063
2026-07-22T15:36:19.290,63.7172,10.2652,19.465
2026-07-22T15:36:19.290,63.7172,10.2261,19.465
2026-07-22T15:36:19.301,63.7268,10.2652,19.4455
2026-07-22T15:36:19.301,63.7426,10.3044,19.3671
2026-07-22T15:36:19.317,63.7426,10.2261,19.3671
2026-07-22T15:36:19.338,63.7583,10.1673,19.3867
2026-07-22T15:36:19.348,63.7583,10.2065,19.3476
2026-07-22T15:36:19.348,63.7901,10.1869,19.4455
2026-07-22T15:36:19.364,63.7901,10.2065,19.4259
2026-07-22T15:36:19.364,63.7963,10.2065,19.3671
2026-07-22T15:36:19.380,63.806,10.2652,19.3084
2026-07-22T15:36:19.395,63.8218,10.3044,19.3084
2026-07-22T15:36:19.395,63.8218,10.1869,19.2692
2026-07-22T15:36:19.418,63.8379,10.1869,19.2692
2026-07-22T15:36:19.427,63.8379,10.1281,19.2692
2026-07-22T15:36:19.427,63.8696,10.1673,19.3084
2026-07-22T15:36:19.443,63.8696,10.2848,19.2888
2026-07-22T15:36:19.443,63.8696,10.1869,19.3084
2026-07-22T15:36:19.459,63.8696,10.1477,19.3084
2026-07-22T15:36:19.475,63.9046,10.1086,19.1713
2026-07-22T15:36:19.475,63.9046,10.1086,19.4063
2026-07-22T15:36:19.491,63.9184,10.1477,19.4455
2026-07-22T15:36:19.491,63.933,10.2261,19.5629
2026-07-22T15:36:19.522,63.9488,10.2652,19.4259
2026-07-22T15:36:19.526,63.9488,10.2652,19.4846
2026-07-22T15:36:19.540,63.9488,10.2456,19.465
2026-07-22T15:36:19.540,63.9488,10.1869,19.4846
2026-07-22T15:36:19.554,63.9805,10.1477,19.4846
2026-07-22T15:36:19.554,63.9805,10.2065,19.4846
2026-07-22T15:36:19.570,63.9968,10.2848,19.4455
2026-07-22T15:36:19.570,63.9968,10.2261,19.465
2026-07-22T15:36:19.602,64.0283,10.2848,19.4455
2026-07-22T15:36:19.602,64.0283,10.2261,19.5238
2026-07-22T15:36:19.618,64.0283,10.2261,19.5042
2026-07-22T15:36:19.618,64.0283,10.2261,19.465
2026-07-22T15:36:19.634,64.061,10.2261,19.5825
2026-07-22T15:36:19.640,64.0676,10.1869,19.4259
2026-07-22T15:36:19.649,64.0754,10.1869,19.4259
2026-07-22T15:36:19.665,64.0969,10.1477,19.4846
2026-07-22T15:36:19.665,64.1071,10.2652,19.4846
2026-07-22T15:36:19.698,64.1071,10.1477,19.5042
2026-07-22T15:36:19.700,64.1189,10.1869,19.4846
2026-07-22T15:36:19.700,64.1389,10.1477,19.4455
2026-07-22T15:36:19.718,64.1389,10.1673,19.4846
2026-07-22T15:36:19.718,64.1389,10.1673,19.4846
2026-07-22T15:36:19.728,64.1548,10.1086,19.5629
2026-07-22T15:36:19.740,64.1813,10.2652,19.4846
2026-07-22T15:36:19.760,64.1875,10.089,19.5042
2026-07-22T15:36:19.760,64.1911,10.1086,19.4846
2026-07-22T15:36:19.776,64.1931,10.0498,19.465
2026-07-22T15:36:19.776,64.2193,10.1281,19.3867
2026-07-22T15:36:19.799,64.2193,9.9715,19.4259
2026-07-22T15:36:19.811,64.2294,10.0107,19.3476
2026-07-22T15:36:19.814,64.2294,10.0107,19.3084
2026-07-22T15:36:19.819,64.2611,9.9323,19.2301
2026-07-22T15:36:19.835,64.2611,9.9323,19.328
2026-07-22T15:36:19.840,64.2611,9.9519,19.3084
2026-07-22T15:36:19.851,64.2611,9.8932,19.3671
2026-07-22T15:36:19.866,64.302,9.9911,19.4259
2026-07-22T15:36:19.866,64.302,10.0107,19.3671
2026-07-22T15:36:19.882,64.3081,10.0302,19.4259
2026-07-22T15:36:19.898,64.3112,9.9715,19.3867
2026-07-22T15:36:19.906,64.33,9.9519,19.4455
2026-07-22T15:36:19.916,64.33,9.9715,19.465
2026-07-22T15:36:19.927,64.33,10.0302,19.4846
2026-07-22T15:36:19.936,64.3616,9.9911,19.4846
2026-07-22T15:36:19.951,64.3616,10.0498,19.5238
2026-07-22T15:36:19.951,64.3785,10.089,19.4846
2026-07-22T15:36:19.951,64.3832,10.0694,19.4846
2026-07-22T15:36:19.967,64.3988,9.9519,19.4846
2026-07-22T15:36:19.983,64.4148,9.9911,19.5238
2026-07-22T15:36:19.983,64.4205,10.0302,19.6608
2026-07-22T15:36:20.007,64.4205,10.0302,19.6608
2026-07-22T15:36:20.017,64.4463,10.0302,19.6413
2026-07-22T15:36:20.020,64.4463,9.9323,19.6413
2026-07-22T15:36:20.036,64.4622,9.9519,19.6608
2026-07-22T15:36:20.042,64.4622,9.8736,19.7196
2026-07-22T15:36:20.052,64.4946,9.9323,19.7979
2026-07-22T15:36:20.067,64.5027,9.8736,19.7392
2026-07-22T15:36:20.067,64.5079,9.9519,19.6804
2026-07-22T15:36:20.083,64.5139,9.9128,19.6021
2026-07-22T15:36:20.083,64.523,9.8344,19.5434
2026-07-22T15:36:20.100,64.5472,9.7365,19.4259
2026-07-22T15:36:20.116,64.5472,9.7365,19.4063
2026-07-22T15:36:20.129,64.5573,9.717,19.3671
2026-07-22T15:36:20.142,64.5573,9.6778,19.4259
2026-07-22T15:36:20.144,64.5573,9.6582,19.4063
2026-07-22T15:36:20.152,64.5892,9.7365,19.465
2026-07-22T15:36:20.163,64.5978,9.6386,19.4259
2026-07-22T15:36:20.168,64.5978,9.7365,19.5042
2026-07-22T15:36:20.178,64.605,9.6386,19.4455
2026-07-22T15:36:20.195,64.6359,9.717,19.4846
2026-07-22T15:36:20.195,64.6359,9.6582,19.5042
2026-07-22T15:36:20.210,64.6359,9.717,19.4259
2026-07-22T15:36:20.226,64.6516,9.6778,19.3671
2026-07-22T15:36:20.226,64.6743,9.6582,19.3084
2026-07-22T15:36:20.242,64.6842,9.6582,19.3476
2026-07-22T15:36:20.257,64.6842,9.717,19.4455
2026-07-22T15:36:20.257,64.6842,9.6582,19.5238
2026-07-22T15:36:20.273,64.6998,9.7953,19.5238
2026-07-22T15:36:20.273,64.7216,9.8149,19.6021
2026-07-22T15:36:20.295,64.7319,9.8149,19.6217
2026-07-22T15:36:20.305,64.7319,9.9128,19.7196
2026-07-22T15:36:20.305,64.7319,9.8149,19.6608
2026-07-22T15:36:20.321,64.763,9.7953,19.6217
2026-07-22T15:36:20.343,64.7791,9.7365,19.6021
2026-07-22T15:36:20.343,64.7791,9.6778,19.6608
2026-07-22T15:36:20.353,64.7791,9.6582,19.5825
2026-07-22T15:36:20.353,64.7791,9.6974,19.5629
2026-07-22T15:36:20.369,64.8219,9.6974,19.5825
2026-07-22T15:36:20.384,64.8219,9.6974,19.5825
2026-07-22T15:36:20.384,64.8275,9.6582,19.5434
2026-07-22T15:36:20.400,64.8275,9.6778,19.5238
2026-07-22T15:36:20.400,64.8275,9.6582,19.5629
2026-07-22T15:36:20.419,64.859,9.6974,19.465
2026-07-22T15:36:20.432,64.859,9.6778,19.465
2026-07-22T15:36:20.443,64.8749,9.717,19.5238
2026-07-22T15:36:20.449,64.8749,9.717,19.4846
2026-07-22T15:36:20.464,64.9085,9.7757,19.6217
2026-07-22T15:36:20.480,64.9085,9.8344,19.5629
2026-07-22T15:36:20.480,64.9085,9.7757,19.5434
2026-07-22T15:36:20.496,64.9221,9.7757,19.5434
2026-07-22T15:36:20.496,64.9221,9.7365,19.5238
2026-07-22T15:36:20.520,64.9537,9.8149,19.5629
2026-07-22T15:36:20.528,64.9537,9.8344,19.6804
2026-07-22T15:36:20.530,64.9537,9.8736,19.6608
2026-07-22T15:36:20.543,64.9695,9.8736,19.6804
2026-07-22T15:36:20.543,64.9695,9.9128,19.6608
2026-07-22T15:36:20.559,65.0223,9.9323,19.6804
2026-07-22T15:36:20.559,65.0357,9.7757,19.6804
2026-07-22T15:36:20.591,65.0397,9.8736,19.6608
2026-07-22T15:36:20.591,65.0397,9.8149,19.6413
2026-07-22T15:36:20.591,65.0645,9.8736,19.6608
2026-07-22T15:36:20.634,65.0814,9.854,19.7392
2026-07-22T15:36:20.643,65.0814,9.8932,19.7783
2026-07-22T15:36:20.643,65.0814,9.9519,19.7979
2026-07-22T15:36:20.643,65.0814,9.9128,19.7587
2026-07-22T15:36:20.657,65.0814,9.8932,19.8371
2026-07-22T15:36:20.661,65.0986,9.9128,19.7587
2026-07-22T15:36:20.670,65.1281,9.9911,19.7979
2026-07-22T15:36:20.686,65.1281,9.9323,19.8567
2026-07-22T15:36:20.686,65.1281,10.0498,19.9154
2026-07-22T15:36:20.703,65.1281,10.0107,19.8762
2026-07-22T15:36:20.703,65.144,10.089,19.935
2026-07-22T15:36:20.733,65.1759,10.089,19.9154
2026-07-22T15:36:20.744,65.1759,10.0498,20.0329
2026-07-22T15:36:20.744,65.1759,10.1281,19.9741
2026-07-22T15:36:20.749,65.1759,10.2261,19.9937
2026-07-22T15:36:20.765,65.1759,10.2652,20.072
2026-07-22T15:36:20.765,65.2229,10.324,20.1112
2026-07-22T15:36:20.781,65.2229,10.2065,20.0916
2026-07-22T15:36:20.797,65.2229,10.2652,20.2287
2026-07-22T15:36:20.797,65.2387,10.2456,20.2091
2026-07-22T15:36:20.813,65.2387,10.324,20.2678
2026-07-22T15:36:20.829,65.2705,10.2848,20.2483
2026-07-22T15:36:20.829,65.2705,10.3631,20.2091
2026-07-22T15:36:20.844,65.2705,10.2261,20.1895
2026-07-22T15:36:20.860,65.2909,10.2848,20.2678
2026-07-22T15:36:20.860,65.2919,10.3044,20.2483
2026-07-22T15:36:20.876,65.3232,10.3044,20.1112
2026-07-22T15:36:20.876,65.3232,10.2652,20.2091
2026-07-22T15:36:20.892,65.3298,10.324,20.1895
2026-07-22T15:36:20.892,65.3298,10.324,20.2287
2026-07-22T15:36:20.916,65.3455,10.3827,20.2678
2026-07-22T15:36:20.935,65.3613,10.4219,20.3266
2026-07-22T15:36:20.936,65.3771,10.4414,20.307
2026-07-22T15:36:20.951,65.3771,10.4414,20.3658
2026-07-22T15:36:20.951,65.3771,10.5589,20.2874
2026-07-22T15:36:20.951,65.3929,10.5198,20.3266
2026-07-22T15:36:20.967,65.422,10.6177,20.4049
2026-07-22T15:36:20.982,65.4247,10.6177,20.3658
2026-07-22T15:36:20.982,65.4297,10.6177,20.3658
2026-07-22T15:36:20.998,65.4377,10.5002,20.3462
2026-07-22T15:36:21.017,65.4417,10.5002,20.3266
2026-07-22T15:36:21.020,65.4637,10.4806,20.2874
2026-07-22T15:36:21.040,65.4637,10.461,20.3658
2026-07-22T15:36:21.051,65.4796,10.4219,20.2678
2026-07-22T15:36:21.058,65.4796,10.461,20.2874
2026-07-22T15:36:21.066,65.5157,10.4414,20.2287
2026-07-22T15:36:21.085,65.5157,10.4414,20.2678
2026-07-22T15:36:21.085,65.524,10.3827,20.2678
2026-07-22T15:36:21.085,65.524,10.4023,20.2678
2026-07-22T15:36:21.101,65.5314,10.4414,20.2483
2026-07-22T15:36:21.120,65.5633,10.324,20.2091
2026-07-22T15:36:21.120,65.5633,10.2848,20.1895
2026-07-22T15:36:21.136,65.5633,10.2261,20.1504
2026-07-22T15:36:21.145,65.5633,10.2456,20.1699
2026-07-22T15:36:21.153,65.5791,10.2065,20.1112
2026-07-22T15:36:21.169,65.5995,10.1869,20.072
2026-07-22T15:36:21.169,65.5995,10.3435,20.072
2026-07-22T15:36:21.184,65.6106,10.2652,20.072
2026-07-22T15:36:21.184,65.6106,10.2456,20.0916
2026-07-22T15:36:21.200,65.6243,10.2652,20.1308
2026-07-22T15:36:21.200,65.6421,10.2848,20.2287
2026-07-22T15:36:21.221,65.6579,10.2848,20.1895
2026-07-22T15:36:21.232,65.6579,10.2456,20.0916
2026-07-22T15:36:21.245,65.6737,10.1086,20.0525
2026-07-22T15:36:21.248,65.6896,10.1673,20.0525
2026-07-22T15:36:21.263,65.6896,10.1086,20.0525
2026-07-22T15:36:21.279,65.6997,10.1086,20.0329
2026-07-22T15:36:21.279,65.7248,10.0107,20.0525
2026-07-22T15:36:21.295,65.7374,10.0694,19.9741
2026-07-22T15:36:21.295,65.7374,10.0694,19.9741
2026-07-22T15:36:21.321,65.7374,10.0498,19.9937
2026-07-22T15:36:21.321,65.7374,9.7365,19.9154
2026-07-22T15:36:21.328,65.77,10.0302,19.8762
2026-07-22T15:36:21.346,65.7851,9.9323,19.8958
2026-07-22T15:36:21.359,65.7851,10.0302,20.0133
2026-07-22T15:36:21.359,65.7851,10.0107,19.9154
2026-07-22T15:36:21.374,65.7851,10.0498,19.9937
2026-07-22T15:36:21.374,65.8252,10.0498,19.935
2026-07-22T15:36:21.391,65.8252,10.0107,19.935
2026-07-22T15:36:21.406,65.8323,9.9323,19.8958
2026-07-22T15:36:21.406,65.8323,9.8932,19.7979
2026-07-22T15:36:21.422,65.864,9.8736,19.8762
2026-07-22T15:36:21.439,65.864,9.9715,19.7587
2026-07-22T15:36:21.446,65.864,9.8736,19.8958
2026-07-22T15:36:21.453,65.864,9.9519,19.7783
2026-07-22T15:36:21.469,65.9001,9.8932,19.7979
2026-07-22T15:36:21.469,65.9001,9.9128,19.7979
2026-07-22T15:36:21.469,65.9122,9.854,19.7783
2026-07-22T15:36:21.485,65.9122,9.8932,19.7783
2026-07-22T15:36:21.501,65.9437,9.8932,19.8371
2026-07-22T15:36:21.521,65.9437,9.9911,19.8175
2026-07-22T15:36:21.521,65.9596,9.9519,19.8958
2026-07-22T15:36:21.533,65.9596,9.9911,19.9546
2026-07-22T15:36:21.549,65.9757,9.8932,19.8958
2026-07-22T15:36:21.550,65.9917,9.8736,19.9154
2026-07-22T15:36:21.565,65.9917,9.854,19.8958
2026-07-22T15:36:21.565,66.0003,9.8932,19.8762
2026-07-22T15:36:21.581,66.0075,9.8932,19.9154
2026-07-22T15:36:21.581,66.0264,9.854,19.9154
2026-07-22T15:36:21.597,66.039,9.8736,19.8762
2026-07-22T15:36:21.613,66.039,10.1673,19.8958
2026-07-22T15:36:21.629,66.039,9.8932,19.8371
2026-07-22T15:36:21.629,66.0778,9.9519,19.935
2026-07-22T15:36:21.648,66.0778,9.9128,19.8958
2026-07-22T15:36:21.660,66.0869,9.9128,19.935
2026-07-22T15:36:21.660,66.0869,9.9323,19.9741
2026-07-22T15:36:21.676,66.0869,9.9323,19.935
2026-07-22T15:36:21.692,66.1186,9.9128,19.9154
2026-07-22T15:36:21.696,66.1186,9.854,19.9546
2026-07-22T15:36:21.708,66.1267,9.9911,19.9937
2026-07-22T15:36:21.708,66.1267,9.9911,19.9154
2026-07-22T15:36:21.725,66.1501,9.9519,19.9937
2026-07-22T15:36:21.740,66.1501,9.9323,19.9154
2026-07-22T15:36:21.748,66.1658,9.9128,19.9154
2026-07-22T15:36:21.748,66.1818,9.8736,19.8567
2026-07-22T15:36:21.771,66.2008,9.9128,19.8762
2026-07-22T15:36:21.771,66.2008,9.8932,19.8371
2026-07-22T15:36:21.787,66.2008,9.9911,19.8958
2026-07-22T15:36:21.787,66.2008,9.9323,19.935
2026-07-22T15:36:21.803,66.2291,9.9715,19.9937
2026-07-22T15:36:21.803,66.2291,9.9715,20.0525
2026-07-22T15:36:21.822,66.2449,10.0107,20.0133
2026-07-22T15:36:21.835,66.2765,9.9323,20.0525
2026-07-22T15:36:21.850,66.2765,9.854,19.9546
2026-07-22T15:36:21.850,66.2765,9.9323,19.9546
2026-07-22T15:36:21.866,66.2924,9.8932,20.0329
2026-07-22T15:36:21.866,66.2924,9.9519,20.0525
2026-07-22T15:36:21.882,66.3083,9.9323,20.1112
2026-07-22T15:36:21.898,66.3275,9.8736,20.072
2026-07-22T15:36:21.914,66.3275,9.854,20.0329
2026-07-22T15:36:21.914,66.3275,9.854,19.8762
2026-07-22T15:36:21.929,66.3558,9.7953,19.8567
2026-07-22T15:36:21.929,66.3558,9.7561,19.8762
2026-07-22T15:36:21.949,66.372,9.7757,19.8958
2026-07-22T15:36:21.949,66.372,9.8149,20.2483
2026-07-22T15:36:21.961,66.4014,9.717,19.8762
2026-07-22T15:36:21.977,66.4052,9.6778,19.7979
2026-07-22T15:36:21.977,66.4094,9.6778,19.7392
2026-07-22T15:36:21.993,66.4134,9.717,19.8371
2026-07-22T15:36:22.009,66.4311,9.7757,19.8567
2026-07-22T15:36:22.009,66.4311,9.7365,19.8958
2026-07-22T15:36:22.031,66.447,9.7561,19.9546
2026-07-22T15:36:22.037,66.447,9.7953,19.8762
2026-07-22T15:36:22.052,66.4632,9.6974,19.7979
2026-07-22T15:36:22.052,66.479,9.7365,19.7783
2026-07-22T15:36:22.068,66.479,9.6582,19.7979
2026-07-22T15:36:22.068,66.511,9.6974,19.7587
2026-07-22T15:36:22.084,66.5157,9.619,19.8175
2026-07-22T15:36:22.100,66.5216,9.6386,19.8371
2026-07-22T15:36:22.100,66.5256,9.619,19.8371
2026-07-22T15:36:22.116,66.5487,9.6386,19.7392
2026-07-22T15:36:22.123,66.5487,9.5603,19.7587
2026-07-22T15:36:22.142,66.5487,9.5995,19.7196
2026-07-22T15:36:22.147,66.5487,9.5211,19.7392
2026-07-22T15:36:22.157,66.5817,9.4624,19.7392
2026-07-22T15:36:22.168,66.5817,9.5211,19.7783
2026-07-22T15:36:22.170,66.5948,9.5799,19.7392
2026-07-22T15:36:22.185,66.5948,9.5995,19.7783
2026-07-22T15:36:22.203,66.6273,9.5407,19.7196
2026-07-22T15:36:22.203,66.6319,9.619,19.7783
2026-07-22T15:36:22.216,66.6319,9.5016,19.7783
2026-07-22T15:36:22.223,66.6639,9.482,19.7979
2026-07-22T15:36:22.241,66.6639,9.5016,19.8567
2026-07-22T15:36:22.241,66.6639,9.5211,19.7783
2026-07-22T15:36:22.253,66.6639,9.5603,19.7196
2026-07-22T15:36:22.269,66.7019,9.482,19.7196
2026-07-22T15:36:22.269,66.7019,9.5995,19.7587
2026-07-22T15:36:22.285,66.7019,9.5016,19.7783
2026-07-22T15:36:22.285,66.7114,9.5995,19.7196
2026-07-22T15:36:22.301,66.7293,9.482,19.7587
2026-07-22T15:36:22.317,66.7293,9.5211,19.6804
2026-07-22T15:36:22.323,66.7434,9.482,19.7392
2026-07-22T15:36:22.333,66.7434,9.482,19.7392
2026-07-22T15:36:22.350,66.7749,9.5799,19.7783
2026-07-22T15:36:22.350,66.7749,9.5407,19.7587
2026-07-22T15:36:22.365,66.7749,9.4428,19.7587
2026-07-22T15:36:22.365,66.7918,9.5211,19.7783
2026-07-22T15:36:22.380,66.8068,9.482,19.7392
2026-07-22T15:36:22.396,66.8227,9.482,19.8175
2026-07-22T15:36:22.396,66.8227,9.5407,19.7979
2026-07-22T15:36:22.413,66.8386,9.619,19.8175
2026-07-22T15:36:22.428,66.8545,9.5603,19.7783
2026-07-22T15:36:22.428,66.8545,9.5016,19.7979
2026-07-22T15:36:22.451,66.8545,9.5603,19.7587
2026-07-22T15:36:22.451,66.8545,9.4624,19.7587
2026-07-22T15:36:22.460,66.8864,9.5211,19.7783
2026-07-22T15:36:22.476,66.8864,9.5799,19.8175
2026-07-22T15:36:22.476,66.9022,9.5799,19.7783
