wall_time,elapsed_s,F1_N,F2_N
2026-07-22T15:46:49.764,0.001,34.2712,23.5966
2026-07-22T15:46:49.764,0.005,34.2125,23.6749
2026-07-22T15:46:49.764,0.0074,34.1929,23.7141
2026-07-22T15:46:49.775,0.0123,34.0167,23.6553
2026-07-22T15:46:49.792,0.0199,33.8992,23.6162
2026-07-22T15:46:49.792,0.0226,33.6642,23.5574
2026-07-22T15:46:49.810,0.0287,33.6251,23.5378
2026-07-22T15:46:49.814,0.0316,33.6446,23.5378
2026-07-22T15:46:49.849,0.0886,33.723,23.5183
2026-07-22T15:46:49.849,0.0941,33.5859,23.5378
2026-07-22T15:46:49.849,0.0951,33.5076,23.4987
2026-07-22T15:46:49.849,0.0974,33.5663,23.5378
2026-07-22T15:46:49.870,0.1044,33.7425,23.6945
2026-07-22T15:46:49.871,0.1095,33.9775,23.812
2026-07-22T15:46:49.877,0.115,34.2712,23.9099
2026-07-22T15:46:49.890,0.1241,34.1537,24.0665
2026-07-22T15:46:49.902,0.1312,34.3104,24.0861
2026-07-22T15:46:49.907,0.1391,34.33,24.1448
2026-07-22T15:46:49.940,0.1861,34.3691,24.2427
2026-07-22T15:46:49.940,0.1899,34.4475,24.3211
2026-07-22T15:46:49.940,0.1899,34.5845,24.4386
2026-07-22T15:46:49.940,0.2021,34.6433,24.5365
2026-07-22T15:46:49.966,0.2142,34.7607,24.6148
2026-07-22T15:46:49.973,0.2204,34.7803,24.5952
2026-07-22T15:46:49.984,0.2228,34.6041,24.5952
2026-07-22T15:46:49.994,0.2228,34.3691,24.4386
2026-07-22T15:46:50.006,0.234,34.2908,24.419
2026-07-22T15:46:50.006,0.234,34.3495,24.3994
2026-07-22T15:46:50.027,0.2905,34.2908,24.3406
2026-07-22T15:46:50.041,0.2945,34.3887,24.4777
2026-07-22T15:46:50.041,0.2945,34.4083,24.4777
2026-07-22T15:46:50.041,0.2965,34.4866,24.556
2026-07-22T15:46:50.060,0.302,34.5258,24.4973
2026-07-22T15:46:50.072,0.3106,34.6237,24.5756
2026-07-22T15:46:50.084,0.3137,34.8586,24.7518
2026-07-22T15:46:50.090,0.318,34.937,24.9672
2026-07-22T15:46:50.093,0.323,34.9566,25.1435
2026-07-22T15:46:50.113,0.3398,34.8782,25.0456
2026-07-22T15:46:50.113,0.3968,34.7216,25.1435
2026-07-22T15:46:50.124,0.4058,34.6433,25.1826
2026-07-22T15:46:50.140,0.4109,34.8195,25.1043
2026-07-22T15:46:50.140,0.4129,34.5649,25.0064
2026-07-22T15:46:50.168,0.4256,34.5062,25.0064
2026-07-22T15:46:50.168,0.4297,34.33,24.8889
2026-07-22T15:46:50.181,0.4337,34.2125,24.8497
2026-07-22T15:46:50.195,0.4417,34.2516,24.8106
2026-07-22T15:46:50.212,0.4457,34.1733,24.7518
2026-07-22T15:46:50.212,0.4477,34.2516,24.7714
2026-07-22T15:46:50.253,0.4941,34.4475,24.8693
2026-07-22T15:46:50.261,0.5025,34.5649,25.1043
2026-07-22T15:46:50.261,0.504,34.7412,25.2218
2026-07-22T15:46:50.261,0.504,34.8195,25.398
2026-07-22T15:46:50.261,0.504,34.8586,25.4372
2026-07-22T15:46:50.287,0.5108,34.8195,25.4959
2026-07-22T15:46:50.294,0.5108,34.7803,25.5155
2026-07-22T15:46:50.302,0.5216,34.7412,25.5547
2026-07-22T15:46:50.314,0.5236,34.6628,25.4959
2026-07-22T15:46:50.316,0.5236,34.6041,25.4176
2026-07-22T15:46:50.318,0.5236,34.5454,25.4959
2026-07-22T15:46:50.339,0.5791,34.6041,25.3588
2026-07-22T15:46:50.360,0.5848,34.6041,25.2414
2026-07-22T15:46:50.361,0.5868,34.467,25.1826
2026-07-22T15:46:50.361,0.5868,34.3691,25.1043
2026-07-22T15:46:50.364,0.5957,34.2908,25.1826
2026-07-22T15:46:50.381,0.6055,34.467,25.1826
2026-07-22T15:46:50.381,0.6131,34.6041,25.2805
2026-07-22T15:46:50.401,0.6266,34.7803,25.3784
2026-07-22T15:46:50.422,0.6762,34.7412,25.398
2026-07-22T15:46:50.441,0.6819,34.6237,25.5547
2026-07-22T15:46:50.441,0.6859,34.6041,25.6134
2026-07-22T15:46:50.441,0.6879,34.5649,25.6917
2026-07-22T15:46:50.457,0.6951,34.4866,25.6917
2026-07-22T15:46:50.462,0.7053,34.4475,25.7309
2026-07-22T15:46:50.477,0.7112,34.3887,25.7113
2026-07-22T15:46:50.477,0.713,34.4279,25.6526
2026-07-22T15:46:50.491,0.715,34.3495,25.5547
2026-07-22T15:46:50.499,0.7226,34.33,25.4372
2026-07-22T15:46:50.539,0.7821,34.2125,25.4176
2026-07-22T15:46:50.541,0.7864,34.1733,25.5938
2026-07-22T15:46:50.541,0.7884,34.3691,25.7309
2026-07-22T15:46:50.541,0.7922,34.467,25.7505
2026-07-22T15:46:50.554,0.8006,34.4279,25.77
2026-07-22T15:46:50.563,0.8046,34.3887,25.8679
2026-07-22T15:46:50.575,0.8081,34.2908,25.8288
2026-07-22T15:46:50.581,0.8112,34.2712,25.9071
2026-07-22T15:46:50.596,0.8152,34.2516,25.9854
2026-07-22T15:46:50.599,0.8223,34.4083,26.0638
2026-07-22T15:46:50.642,0.8785,34.467,26.1029
2026-07-22T15:46:50.646,0.8825,34.5062,26.1421
2026-07-22T15:46:50.646,0.8865,34.467,26.1225
2026-07-22T15:46:50.646,0.8865,34.3887,25.9463
2026-07-22T15:46:50.656,0.8885,34.2516,25.9071
2026-07-22T15:46:50.658,0.8925,34.1733,25.9267
2026-07-22T15:46:50.685,0.8994,34.2321,25.9659
2026-07-22T15:46:50.689,0.9024,34.3495,26.0442
2026-07-22T15:46:50.693,0.9103,34.4083,26.24
2026-07-22T15:46:50.709,0.9559,34.5454,26.3575
2026-07-22T15:46:50.709,0.9559,34.4279,26.4945
2026-07-22T15:46:50.732,0.9638,34.4279,26.5141
2026-07-22T15:46:50.732,0.9652,34.4475,26.5533
2026-07-22T15:46:50.745,0.9698,34.4866,26.6316
2026-07-22T15:46:50.745,0.9698,34.5649,26.612
2026-07-22T15:46:50.762,0.9794,34.6237,26.6708
2026-07-22T15:46:50.780,0.985,34.6628,26.7295
2026-07-22T15:46:50.781,0.9882,34.5845,26.7687
2026-07-22T15:46:50.807,1.0404,34.4866,26.8078
2026-07-22T15:46:50.807,1.0404,34.5062,26.7687
2026-07-22T15:46:50.819,1.0444,34.5649,26.8666
2026-07-22T15:46:50.819,1.0444,34.6433,26.8861
2026-07-22T15:46:50.840,1.0485,34.6237,26.8861
2026-07-22T15:46:50.840,1.0485,34.5062,26.8078
2026-07-22T15:46:50.858,1.0604,34.3691,26.7295
2026-07-22T15:46:50.862,1.0604,34.3887,26.7491
2026-07-22T15:46:50.900,1.1073,34.2908,26.6316
2026-07-22T15:46:50.900,1.1084,34.2125,26.5141
2026-07-22T15:46:50.900,1.1115,34.1537,26.3966
2026-07-22T15:46:50.900,1.1129,34.0558,26.377
2026-07-22T15:46:50.918,1.1189,34.0754,26.4162
2026-07-22T15:46:50.918,1.124,34.1146,26.4945
2026-07-22T15:46:50.929,1.1305,33.9971,26.4162
2026-07-22T15:46:50.946,1.1759,33.9188,26.2987
2026-07-22T15:46:50.971,1.179,33.7817,26.2596
2026-07-22T15:46:50.971,1.179,33.6838,26.1617
2026-07-22T15:46:50.971,1.179,33.6251,26.1421
2026-07-22T15:46:50.983,1.191,33.6642,26.1421
2026-07-22T15:46:50.989,1.191,33.7621,26.2008
2026-07-22T15:46:50.994,1.1991,33.7621,26.1812
2026-07-22T15:46:51.021,1.2538,33.8013,26.2008
2026-07-22T15:46:51.025,1.2573,33.7034,26.1812
2026-07-22T15:46:51.025,1.2573,33.6055,26.1421
2026-07-22T15:46:51.025,1.2573,33.5272,26.1029
2026-07-22T15:46:51.049,1.2726,33.488,26.1812
2026-07-22T15:46:51.061,1.2831,33.5076,26.1421
2026-07-22T15:46:51.069,1.2883,33.4293,26.1617
2026-07-22T15:46:51.079,1.2989,33.4097,26.005
2026-07-22T15:46:51.092,1.3412,33.3901,25.9854
2026-07-22T15:46:51.119,1.3469,33.3509,25.8288
2026-07-22T15:46:51.119,1.3469,33.3118,25.77
2026-07-22T15:46:51.120,1.3469,33.1355,25.6721
2026-07-22T15:46:51.127,1.3573,33.0376,25.6134
2026-07-22T15:46:51.145,1.3573,32.9593,25.6526
2026-07-22T15:46:51.153,1.3759,33.0964,25.6134
2026-07-22T15:46:51.158,1.381,33.1355,25.6721
2026-07-22T15:46:51.169,1.3923,33.1747,25.7309
2026-07-22T15:46:51.182,1.4359,33.0768,25.77
2026-07-22T15:46:51.195,1.4412,32.9202,25.6526
2026-07-22T15:46:51.195,1.4432,32.881,25.6721
2026-07-22T15:46:51.211,1.4452,32.8614,25.77
2026-07-22T15:46:51.217,1.4516,32.9006,25.7505
2026-07-22T15:46:51.227,1.4636,32.9789,25.8679
2026-07-22T15:46:51.227,1.4736,32.9202,25.8875
2026-07-22T15:46:51.249,1.4813,32.9593,25.9267
2026-07-22T15:46:51.262,1.4878,32.9006,25.9659
2026-07-22T15:46:51.262,1.5306,32.9202,25.9854
2026-07-22T15:46:51.296,1.5404,32.9789,26.005
2026-07-22T15:46:51.296,1.5404,33.0572,26.0638
2026-07-22T15:46:51.296,1.5404,33.0768,26.1812
2026-07-22T15:46:51.313,1.5459,33.1355,26.1617
2026-07-22T15:46:51.315,1.5547,33.1551,26.1617
2026-07-22T15:46:51.337,1.5617,33.1747,26.1812
2026-07-22T15:46:51.344,1.5617,33.2139,26.2987
2026-07-22T15:46:51.358,1.5694,33.2922,26.2987
2026-07-22T15:46:51.358,1.5694,33.253,26.3379
2026-07-22T15:46:51.369,1.6129,33.2139,26.4945
2026-07-22T15:46:51.396,1.615,33.2922,26.612
2026-07-22T15:46:51.396,1.615,33.1747,26.7295
2026-07-22T15:46:51.401,1.6263,33.2726,26.7687
2026-07-22T15:46:51.405,1.6321,33.4684,26.7491
2026-07-22T15:46:51.416,1.6321,33.5272,26.8274
2026-07-22T15:46:51.432,1.6512,33.6055,26.7687
2026-07-22T15:46:51.439,1.6582,33.6251,26.7295
2026-07-22T15:46:51.448,1.6602,33.5272,26.612
2026-07-22T15:46:51.459,1.7036,33.2726,26.5533
2026-07-22T15:46:51.479,1.7093,33.1551,26.6316
2026-07-22T15:46:51.479,1.7131,33.1747,26.7882
2026-07-22T15:46:51.485,1.7167,33.1551,26.8078
2026-07-22T15:46:51.509,1.7293,33.1943,26.7295
2026-07-22T15:46:51.513,1.7317,33.1747,26.8078
2026-07-22T15:46:51.525,1.7352,33.1747,26.7687
2026-07-22T15:46:51.530,1.7406,33.1747,26.8274
2026-07-22T15:46:51.558,1.7843,33.2139,26.7491
2026-07-22T15:46:51.558,1.7858,33.0964,26.6903
2026-07-22T15:46:51.558,1.7858,33.1355,26.6512
2026-07-22T15:46:51.558,1.7898,33.2139,26.6903
2026-07-22T15:46:51.587,1.7958,33.3705,26.7491
2026-07-22T15:46:51.589,1.8021,33.4293,26.7882
2026-07-22T15:46:51.602,1.8041,33.4684,26.9057
2026-07-22T15:46:51.611,1.8081,33.3705,26.9253
2026-07-22T15:46:51.621,1.8557,33.4097,26.9449
2026-07-22T15:46:51.646,1.8613,33.4097,27.0036
2026-07-22T15:46:51.646,1.8613,33.4293,26.9449
2026-07-22T15:46:51.648,1.8655,33.488,26.984
2026-07-22T15:46:51.666,1.8687,33.3313,26.984
2026-07-22T15:46:51.678,1.8687,33.3509,26.9057
2026-07-22T15:46:51.678,1.8687,33.1747,26.847
2026-07-22T15:46:51.684,1.9131,33.1355,26.6512
2026-07-22T15:46:51.700,1.9215,33.116,26.6903
2026-07-22T15:46:51.715,1.9244,33.2334,26.7099
2026-07-22T15:46:51.715,1.9282,33.3509,26.6903
2026-07-22T15:46:51.731,1.9326,33.3118,26.6316
2026-07-22T15:46:51.739,1.9405,33.1747,26.5924
2026-07-22T15:46:51.752,1.9436,33.0376,26.5337
2026-07-22T15:46:51.783,1.992,32.9202,26.6316
2026-07-22T15:46:51.783,1.992,32.8614,26.612
2026-07-22T15:46:51.783,1.992,32.9006,26.5337
2026-07-22T15:46:51.783,1.9994,33.0376,26.5533
2026-07-22T15:46:51.803,2.0132,33.0181,26.5729
2026-07-22T15:46:51.810,2.0179,33.0768,26.4358
2026-07-22T15:46:51.814,2.0232,33.0768,26.4554
2026-07-22T15:46:51.835,2.0535,32.9789,26.4162
2026-07-22T15:46:51.842,2.0535,32.9202,26.3379
2026-07-22T15:46:51.842,2.0535,32.7831,26.3575
2026-07-22T15:46:51.862,2.0729,32.9006,26.3379
2026-07-22T15:46:51.869,2.0753,32.9593,26.4162
2026-07-22T15:46:51.883,2.0853,33.0376,26.5337
2026-07-22T15:46:51.893,2.0853,33.0181,26.5729
2026-07-22T15:46:51.906,2.1289,32.9789,26.6316
2026-07-22T15:46:51.921,2.1304,32.8614,26.5141
2026-07-22T15:46:51.921,2.1304,32.7243,26.4749
2026-07-22T15:46:51.924,2.1304,32.6069,26.4358
2026-07-22T15:46:51.945,2.146,32.6656,26.4554
2026-07-22T15:46:51.945,2.146,32.5481,26.4162
2026-07-22T15:46:51.955,2.1575,32.5481,26.4358
2026-07-22T15:46:51.968,2.1932,32.509,26.377
2026-07-22T15:46:51.984,2.1932,32.3719,26.1225
2026-07-22T15:46:51.984,2.1978,32.2348,26.1029
2026-07-22T15:46:52.000,2.1978,32.2152,26.0833
2026-07-22T15:46:52.000,2.1978,32.2152,26.0833
2026-07-22T15:46:52.016,2.2115,32.2152,26.1225
2026-07-22T15:46:52.031,2.2224,32.2544,26.1421
2026-07-22T15:46:52.048,2.2537,32.1565,26.24
2026-07-22T15:46:52.048,2.2537,32.1565,26.24
2026-07-22T15:46:52.063,2.259,32.0978,26.2596
2026-07-22T15:46:52.068,2.2673,32.0782,26.2204
2026-07-22T15:46:52.081,2.2761,32.2152,26.3379
2026-07-22T15:46:52.091,2.2829,32.2152,26.377
2026-07-22T15:46:52.111,2.3227,32.2348,26.3183
2026-07-22T15:46:52.111,2.3237,32.274,26.3575
2026-07-22T15:46:52.119,2.3311,32.2544,26.3183
2026-07-22T15:46:52.129,2.3351,32.1761,26.3183
2026-07-22T15:46:52.142,2.3371,32.1369,26.2987
2026-07-22T15:46:52.153,2.3461,32.039,26.2596
2026-07-22T15:46:52.158,2.3521,32.0978,26.2791
2026-07-22T15:46:52.170,2.3842,32.0782,26.2596
2026-07-22T15:46:52.183,2.3884,32.1173,26.4749
2026-07-22T15:46:52.192,2.3981,32.1761,26.3575
2026-07-22T15:46:52.201,2.4043,32.1565,26.3575
2026-07-22T15:46:52.215,2.4043,32.2348,26.3966
2026-07-22T15:46:52.222,2.4137,32.2544,26.4162
2026-07-22T15:46:52.243,2.4565,32.3523,26.4358
2026-07-22T15:46:52.243,2.4565,32.3327,26.5141
2026-07-22T15:46:52.243,2.4609,32.3131,26.4554
2026-07-22T15:46:52.258,2.4649,32.2348,26.2791
2026-07-22T15:46:52.268,2.4677,32.1761,26.2204
2026-07-22T15:46:52.274,2.4725,32.0978,26.1812
2026-07-22T15:46:52.289,2.4763,32.2152,26.1617
2026-07-22T15:46:52.300,2.5057,32.2936,26.1812
2026-07-22T15:46:52.311,2.5119,32.4111,26.3966
2026-07-22T15:46:52.327,2.5139,32.3915,26.4162
2026-07-22T15:46:52.327,2.5197,32.3719,26.4945
2026-07-22T15:46:52.341,2.5212,32.3327,26.4749
2026-07-22T15:46:52.346,2.5306,32.3523,26.5337
2026-07-22T15:46:52.374,2.5606,32.3915,26.6708
2026-07-22T15:46:52.374,2.567,32.4698,26.847
2026-07-22T15:46:52.376,2.567,32.5481,26.9449
2026-07-22T15:46:52.391,2.567,32.5285,26.984
2026-07-22T15:46:52.397,2.583,32.4306,26.847
2026-07-22T15:46:52.421,2.6209,32.274,26.7295
2026-07-22T15:46:52.421,2.6209,32.2544,26.6512
2026-07-22T15:46:52.431,2.6209,32.274,26.5533
2026-07-22T15:46:52.437,2.637,32.2152,26.5924
2026-07-22T15:46:52.453,2.6423,32.2152,26.6316
2026-07-22T15:46:52.453,2.6518,32.2544,26.7295
2026-07-22T15:46:52.469,2.6907,32.3523,26.7687
2026-07-22T15:46:52.485,2.6944,32.5873,26.8666
2026-07-22T15:46:52.491,2.6944,32.6069,26.9253
2026-07-22T15:46:52.502,2.7101,32.6069,26.9645
2026-07-22T15:46:52.507,2.7142,32.5873,26.984
2026-07-22T15:46:52.522,2.7188,32.6069,27.1015
2026-07-22T15:46:52.522,2.7427,32.7635,27.1603
2026-07-22T15:46:52.549,2.7594,32.881,27.1799
2026-07-22T15:46:52.555,2.7627,32.9985,27.2582
2026-07-22T15:46:52.559,2.7659,32.881,27.2386
2026-07-22T15:46:52.564,2.7705,32.8222,27.2582
2026-07-22T15:46:52.564,2.7735,32.6852,27.1799
2026-07-22T15:46:52.589,2.7797,32.7635,27.1603
2026-07-22T15:46:52.602,2.8163,32.6852,27.082
2026-07-22T15:46:52.613,2.8207,32.7831,27.1015
2026-07-22T15:46:52.613,2.824,32.881,27.219
2026-07-22T15:46:52.633,2.83,33.0181,27.2386
2026-07-22T15:46:52.640,2.8383,32.9985,27.3757
2026-07-22T15:46:52.650,2.8426,32.8418,27.3952
2026-07-22T15:46:52.659,2.8767,32.6656,27.3365
2026-07-22T15:46:52.659,2.8767,32.6264,27.1799
2026-07-22T15:46:52.676,2.8767,32.6069,27.1407
2026-07-22T15:46:52.686,2.8837,32.7048,27.1603
2026-07-22T15:46:52.700,2.8886,32.7439,27.1994
2026-07-22T15:46:52.713,2.895,32.7439,27.1799
2026-07-22T15:46:52.722,2.9332,32.6656,27.1407
2026-07-22T15:46:52.738,2.9385,32.7048,27.1211
2026-07-22T15:46:52.738,2.9385,32.7243,27.0624
2026-07-22T15:46:52.747,2.9385,32.8027,27.1799
2026-07-22T15:46:52.759,2.9471,32.9006,27.2778
2026-07-22T15:46:52.771,2.9471,33.0572,27.3757
2026-07-22T15:46:52.786,2.994,32.9985,27.5127
2026-07-22T15:46:52.786,2.9971,32.9593,27.5127
2026-07-22T15:46:52.786,2.9971,32.7831,27.5127
2026-07-22T15:46:52.809,2.9971,32.8027,27.4736
2026-07-22T15:46:52.817,3.0106,32.8027,27.5127
2026-07-22T15:46:52.831,3.0175,32.7831,27.5323
2026-07-22T15:46:52.841,3.0414,32.7831,27.5127
2026-07-22T15:46:52.848,3.0414,32.646,27.4931
2026-07-22T15:46:52.861,3.061,32.6069,27.3365
2026-07-22T15:46:52.867,3.061,32.5285,27.2778
2026-07-22T15:46:52.881,3.0731,32.4306,27.082
2026-07-22T15:46:52.887,3.0798,32.4698,27.1407
2026-07-22T15:46:52.911,3.1102,32.4502,27.2386
2026-07-22T15:46:52.911,3.1102,32.509,27.2778
2026-07-22T15:46:52.911,3.1151,32.4894,27.4148
2026-07-22T15:46:52.931,3.1205,32.509,27.2778
2026-07-22T15:46:52.940,3.1315,32.4111,27.2778
2026-07-22T15:46:52.952,3.1379,32.3131,27.2582
2026-07-22T15:46:52.959,3.1681,32.2544,27.1211
2026-07-22T15:46:52.975,3.1705,32.1369,27.1407
2026-07-22T15:46:52.980,3.1759,32.3327,27.0428
2026-07-22T15:46:52.991,3.1837,32.039,27.1211
2026-07-22T15:46:53.001,3.1837,32.1173,27.1015
2026-07-22T15:46:53.008,3.1837,32.2152,27.0232
2026-07-22T15:46:53.024,3.2246,32.2152,27.0624
2026-07-22T15:46:53.024,3.2246,32.1957,27.0428
2026-07-22T15:46:53.040,3.2297,32.1173,27.0036
2026-07-22T15:46:53.054,3.2363,32.1957,27.0036
2026-07-22T15:46:53.054,3.2363,32.1565,27.0232
2026-07-22T15:46:53.075,3.2626,32.1369,26.9645
2026-07-22T15:46:53.088,3.2755,32.0586,26.9449
2026-07-22T15:46:53.088,3.2803,31.9999,26.9645
2026-07-22T15:46:53.100,3.2803,31.9215,26.9057
2026-07-22T15:46:53.106,3.2903,31.7257,26.847
2026-07-22T15:46:53.125,3.3154,31.6278,26.6903
2026-07-22T15:46:53.133,3.3154,31.4908,26.6512
2026-07-22T15:46:53.150,3.3328,31.5103,26.7295
2026-07-22T15:46:53.150,3.3348,31.5691,26.7491
2026-07-22T15:46:53.160,3.3401,31.5887,26.8274
2026-07-22T15:46:53.185,3.3709,31.6278,26.7882
2026-07-22T15:46:53.185,3.3724,31.5495,26.8078
2026-07-22T15:46:53.185,3.3764,31.4908,26.7687
2026-07-22T15:46:53.205,3.3812,31.432,26.8274
2026-07-22T15:46:53.210,3.3856,31.4516,26.847
2026-07-22T15:46:53.225,3.4153,31.432,26.7882
2026-07-22T15:46:53.227,3.4198,31.432,26.8274
2026-07-22T15:46:53.242,3.4198,31.5299,26.8274
2026-07-22T15:46:53.251,3.4298,31.6278,26.8666
2026-07-22T15:46:53.258,3.4377,31.667,26.9253
2026-07-22T15:46:53.275,3.4734,31.7845,26.8666
2026-07-22T15:46:53.275,3.4739,31.8236,26.8861
2026-07-22T15:46:53.290,3.4783,31.8236,26.8078
2026-07-22T15:46:53.300,3.4892,31.8628,26.7687
2026-07-22T15:46:53.314,3.4933,31.7257,26.6903
2026-07-22T15:46:53.323,3.5207,31.7257,26.7491
2026-07-22T15:46:53.336,3.5284,31.6866,26.7882
2026-07-22T15:46:53.344,3.5323,31.667,26.9253
2026-07-22T15:46:53.348,3.5323,31.6278,26.9253
2026-07-22T15:46:53.363,3.5367,31.6278,26.8666
2026-07-22T15:46:53.385,3.5748,31.5299,26.9057
2026-07-22T15:46:53.385,3.5748,31.5691,26.9253
2026-07-22T15:46:53.385,3.5748,31.6082,27.0232
2026-07-22T15:46:53.402,3.5748,31.6278,27.0036
2026-07-22T15:46:53.407,3.5888,31.7257,26.984
2026-07-22T15:46:53.422,3.6201,31.7649,27.0232
2026-07-22T15:46:53.427,3.6201,31.9607,26.984
2026-07-22T15:46:53.427,3.6201,32.1369,27.1015
2026-07-22T15:46:53.445,3.6303,32.2152,27.1407
2026-07-22T15:46:53.459,3.642,32.1957,27.1799
2026-07-22T15:46:53.476,3.6768,32.2152,27.3169
2026-07-22T15:46:53.490,3.6818,32.1957,27.3757
2026-07-22T15:46:53.490,3.6836,32.2152,27.4931
2026-07-22T15:46:53.500,3.6894,32.2936,27.5911
2026-07-22T15:46:53.512,3.6951,32.4111,27.689
2026-07-22T15:46:53.512,3.7155,32.5677,27.8652
2026-07-22T15:46:53.539,3.7313,32.509,27.9239
2026-07-22T15:46:53.539,3.7333,32.4111,27.8848
2026-07-22T15:46:53.552,3.7388,32.2936,27.8652
2026-07-22T15:46:53.563,3.7508,32.1761,27.7281
2026-07-22T15:46:53.569,3.7551,32.0586,27.5519
2026-07-22T15:46:53.585,3.7853,31.9803,27.4344
2026-07-22T15:46:53.585,3.7853,32.0194,27.3169
2026-07-22T15:46:53.603,3.7882,32.039,27.2582
2026-07-22T15:46:53.617,3.7947,32.0978,27.3169
2026-07-22T15:46:53.617,3.7947,32.1957,27.4148
2026-07-22T15:46:53.649,3.8268,32.3523,27.4344
2026-07-22T15:46:53.649,3.8268,32.3131,27.5519
2026-07-22T15:46:53.655,3.8394,32.3719,27.5323
2026-07-22T15:46:53.658,3.8394,32.2544,27.6694
2026-07-22T15:46:53.665,3.8478,32.2544,27.7477
2026-07-22T15:46:53.696,3.8783,32.2544,27.7673
2026-07-22T15:46:53.696,3.8783,32.1369,27.689
2026-07-22T15:46:53.697,3.8839,32.0586,27.7085
2026-07-22T15:46:53.718,3.8884,32.0782,27.6302
2026-07-22T15:46:53.718,3.8884,32.0782,27.6302
2026-07-22T15:46:53.731,3.9229,32.1173,27.6302
2026-07-22T15:46:53.743,3.9229,32.1369,27.4931
2026-07-22T15:46:53.748,3.9229,32.1369,27.5519
2026-07-22T15:46:53.758,3.9378,32.1565,27.4148
2026-07-22T15:46:53.786,3.9692,32.1957,27.4344
2026-07-22T15:46:53.786,3.9692,32.0782,27.454
2026-07-22T15:46:53.793,3.9692,32.1565,27.454
2026-07-22T15:46:53.793,3.9772,31.9607,27.4931
2026-07-22T15:46:53.808,3.9841,32.0586,27.5127
2026-07-22T15:46:53.821,4.0161,32.0586,27.5127
2026-07-22T15:46:53.821,4.0161,32.039,27.5519
2026-07-22T15:46:53.839,4.0215,32.0194,27.5323
2026-07-22T15:46:53.853,4.0299,32.0194,27.5323
2026-07-22T15:46:53.854,4.0299,31.9803,27.5323
2026-07-22T15:46:53.884,4.0616,31.8628,27.5127
2026-07-22T15:46:53.884,4.0616,31.7649,27.4931
2026-07-22T15:46:53.886,4.0759,31.8236,27.5323
2026-07-22T15:46:53.900,4.0776,32.0194,27.5519
2026-07-22T15:46:53.908,4.0871,32.0586,27.7477
2026-07-22T15:46:53.921,4.1162,32.0586,27.6302
2026-07-22T15:46:53.921,4.1162,32.0978,27.5519
2026-07-22T15:46:53.946,4.1249,31.8236,27.6302
2026-07-22T15:46:53.948,4.1288,31.7453,27.7281
2026-07-22T15:46:53.957,4.1337,31.804,27.7869
2026-07-22T15:46:53.980,4.1624,31.9411,27.8456
2026-07-22T15:46:53.980,4.1624,31.9803,27.9043
2026-07-22T15:46:53.992,4.1707,31.9411,27.7673
2026-07-22T15:46:53.999,4.1722,31.9607,27.7281
2026-07-22T15:46:54.015,4.2084,31.9607,27.5715
2026-07-22T15:46:54.026,4.2084,32.0194,27.4736
2026-07-22T15:46:54.032,4.2161,32.039,27.5323
2026-07-22T15:46:54.042,4.2196,32.1565,27.5911
2026-07-22T15:46:54.049,4.226,32.274,27.7085
2026-07-22T15:46:54.062,4.2565,32.2544,27.7673
2026-07-22T15:46:54.074,4.2627,32.2348,27.7477
2026-07-22T15:46:54.078,4.2668,32.1369,27.9435
2026-07-22T15:46:54.090,4.2668,32.1957,27.9827
2026-07-22T15:46:54.100,4.2776,32.3327,28.0806
2026-07-22T15:46:54.121,4.3051,32.4894,28.1197
2026-07-22T15:46:54.121,4.3051,32.5285,28.1981
2026-07-22T15:46:54.133,4.3181,32.5285,28.1981
2026-07-22T15:46:54.137,4.3216,32.4698,28.1785
2026-07-22T15:46:54.148,4.33,32.3915,28.0414
2026-07-22T15:46:54.168,4.3548,32.274,27.9043
2026-07-22T15:46:54.168,4.3548,32.1173,27.8064
2026-07-22T15:46:54.175,4.362,32.0978,27.7869
2026-07-22T15:46:54.192,4.371,32.2152,27.8848
2026-07-22T15:46:54.200,4.3779,32.274,27.9631
2026-07-22T15:46:54.216,4.4037,32.3131,27.9827
2026-07-22T15:46:54.216,4.4081,32.2152,27.9043
2026-07-22T15:46:54.232,4.4118,31.9999,27.826
2026-07-22T15:46:54.241,4.4215,31.8432,27.6302
2026-07-22T15:46:54.250,4.4215,31.8236,27.6106
2026-07-22T15:46:54.265,4.4522,31.8824,27.689
2026-07-22T15:46:54.265,4.4522,32.039,27.6694
2026-07-22T15:46:54.282,4.4604,31.9999,27.7673
2026-07-22T15:46:54.291,4.4694,32.0586,27.7869
2026-07-22T15:46:54.312,4.4892,31.902,27.6302
2026-07-22T15:46:54.316,4.4892,31.804,27.5127
2026-07-22T15:46:54.321,4.5033,31.7845,27.4344
2026-07-22T15:46:54.339,4.5051,31.8432,27.4931
2026-07-22T15:46:54.342,4.5087,31.9999,27.5519
2026-07-22T15:46:54.359,4.5393,32.0194,27.4344
2026-07-22T15:46:54.359,4.5414,31.9999,27.4931
2026-07-22T15:46:54.373,4.5441,31.8236,27.4931
2026-07-22T15:46:54.379,4.5541,31.6866,27.4148
2026-07-22T15:46:54.390,4.5808,31.5691,27.2973
2026-07-22T15:46:54.390,4.5828,31.5495,27.3169
2026-07-22T15:46:54.414,4.5907,31.5691,27.2778
2026-07-22T15:46:54.423,4.5956,31.5691,27.3169
2026-07-22T15:46:54.434,4.6231,31.6474,27.3952
2026-07-22T15:46:54.446,4.6306,31.667,27.3169
2026-07-22T15:46:54.450,4.633,31.6866,27.3169
2026-07-22T15:46:54.462,4.6376,31.7061,27.3169
2026-07-22T15:46:54.471,4.6396,31.7453,27.2582
2026-07-22T15:46:54.486,4.6706,31.7257,27.219
2026-07-22T15:46:54.486,4.6716,31.667,27.1799
2026-07-22T15:46:54.501,4.6746,31.5887,27.1994
2026-07-22T15:46:54.510,4.6746,31.5495,27.1211
2026-07-22T15:46:54.522,4.7101,31.4908,27.219
2026-07-22T15:46:54.525,4.7101,31.5495,27.2973
2026-07-22T15:46:54.541,4.7164,31.6082,27.2778
2026-07-22T15:46:54.545,4.7213,31.6474,27.2778
2026-07-22T15:46:54.576,4.7551,31.5887,27.3365
2026-07-22T15:46:54.576,4.7551,31.6474,27.4344
2026-07-22T15:46:54.580,4.7609,31.667,27.3561
2026-07-22T15:46:54.591,4.7609,31.6474,27.3169
2026-07-22T15:46:54.610,4.7852,31.7061,27.3757
2026-07-22T15:46:54.610,4.7852,31.7061,27.2778
2026-07-22T15:46:54.623,4.8018,31.6278,27.3365
2026-07-22T15:46:54.631,4.8039,31.4908,27.2973
2026-07-22T15:46:54.647,4.8404,31.4124,27.219
2026-07-22T15:46:54.655,4.8404,31.2362,27.2386
2026-07-22T15:46:54.655,4.8404,31.197,27.1407
2026-07-22T15:46:54.674,4.8541,31.1579,27.0624
2026-07-22T15:46:54.686,4.8541,31.1383,27.0232
2026-07-22T15:46:54.694,4.8786,31.0991,26.984
2026-07-22T15:46:54.702,4.8786,31.0796,27.082
2026-07-22T15:46:54.710,4.8943,31.2166,27.1211
2026-07-22T15:46:54.724,4.8986,31.3341,27.1211
2026-07-22T15:46:54.733,4.9337,31.3929,27.1015
2026-07-22T15:46:54.749,4.9337,31.3733,27.1603
2026-07-22T15:46:54.749,4.9337,31.2949,27.219
2026-07-22T15:46:54.763,4.9425,31.197,27.2973
2026-07-22T15:46:54.769,4.9445,31.0796,27.3169
2026-07-22T15:46:54.784,4.9783,31.0012,27.1994
2026-07-22T15:46:54.799,4.9841,30.9621,27.1994
2026-07-22T15:46:54.803,4.9841,30.9621,27.219
2026-07-22T15:46:54.814,4.9917,31.0404,27.1407
2026-07-22T15:46:54.814,4.9961,31.06,27.3169
2026-07-22T15:46:54.843,5.0269,31.2166,27.2973
2026-07-22T15:46:54.843,5.0269,31.2166,27.3561
2026-07-22T15:46:54.848,5.0269,31.2362,27.2973
2026-07-22T15:46:54.862,5.0411,31.2362,27.2973
2026-07-22T15:47:07.833,18.0242,35.4265,22.6175
2026-07-22T15:47:07.846,18.0334,35.2698,22.6763
2026-07-22T15:47:07.846,18.0438,35.2111,22.5784
2026-07-22T15:47:07.861,18.0712,35.1524,22.5392
2026-07-22T15:47:07.877,18.0759,35.1328,22.4413
2026-07-22T15:47:07.884,18.0759,35.1719,22.5001
2026-07-22T15:47:07.892,18.0887,35.0936,22.4609
2026-07-22T15:47:07.914,18.0955,35.1524,22.5392
2026-07-22T15:47:07.914,18.0955,35.2503,22.6763
2026-07-22T15:47:07.922,18.1239,35.3482,22.6371
2026-07-22T15:47:07.926,18.1279,35.5048,22.7154
2026-07-22T15:47:07.941,18.1345,35.6027,22.6959
2026-07-22T15:47:07.946,18.1397,35.7789,22.7154
2026-07-22T15:47:07.962,18.1397,35.681,22.7546
2026-07-22T15:47:07.978,18.1779,35.5636,22.6959
2026-07-22T15:47:07.978,18.1779,35.4069,22.7938
2026-07-22T15:47:07.978,18.1779,35.5244,22.9113
2026-07-22T15:47:07.998,18.1873,35.6615,23.0287
2026-07-22T15:47:08.010,18.1926,35.7985,23.1266
2026-07-22T15:47:08.020,18.1976,35.9356,23.1071
2026-07-22T15:47:08.041,18.2356,35.8964,23.1266
2026-07-22T15:47:08.041,18.2356,35.8964,23.1462
2026-07-22T15:47:08.048,18.2395,35.9748,23.1658
2026-07-22T15:47:08.063,18.2482,36.0335,23.1658
2026-07-22T15:47:08.068,18.2549,36.1901,23.2245
2026-07-22T15:47:08.089,18.2857,36.3272,23.205
2026-07-22T15:47:08.089,18.2889,36.3664,23.205
2026-07-22T15:47:08.102,18.2909,36.2489,23.2245
2026-07-22T15:47:08.109,18.3024,36.0531,23.1266
2026-07-22T15:47:08.120,18.3024,35.9356,23.1071
2026-07-22T15:47:08.129,18.3371,35.7202,23.0483
2026-07-22T15:47:08.136,18.3451,35.7594,23.0483
2026-07-22T15:47:08.136,18.3451,35.8377,23.0287
2026-07-22T15:47:08.163,18.3524,35.8573,23.0483
2026-07-22T15:47:08.172,18.3524,35.8573,22.9896
2026-07-22T15:47:08.172,18.3524,35.8377,23.0092
2026-07-22T15:47:08.202,18.3934,35.8573,23.1071
2026-07-22T15:47:08.202,18.3934,35.8181,23.0679
2026-07-22T15:47:08.215,18.3934,35.7594,23.0679
2026-07-22T15:47:08.222,18.4008,35.8181,23.1658
2026-07-22T15:47:08.222,18.4008,35.916,23.3812
2026-07-22T15:47:08.247,18.4353,35.9552,23.4399
2026-07-22T15:47:08.247,18.4414,35.8964,23.4008
2026-07-22T15:47:08.262,18.4414,35.7594,23.342
2026-07-22T15:47:08.271,18.4506,35.7006,23.2637
2026-07-22T15:47:08.279,18.4572,35.5831,23.1071
2026-07-22T15:47:08.302,18.473,35.4461,22.97
2026-07-22T15:47:08.302,18.473,35.309,22.8917
2026-07-22T15:47:08.305,18.4887,35.1328,22.6959
2026-07-22T15:47:08.311,18.4938,34.9174,22.6175
2026-07-22T15:47:08.327,18.5296,34.8978,22.5588
2026-07-22T15:47:08.337,18.5344,34.9566,22.6567
2026-07-22T15:47:08.343,18.5364,34.9566,22.6567
2026-07-22T15:47:08.364,18.5364,35.0153,22.7154
2026-07-22T15:47:08.364,18.5521,34.9761,22.7742
2026-07-22T15:47:08.385,18.5794,34.937,22.6763
2026-07-22T15:47:08.390,18.5856,34.7607,22.7546
2026-07-22T15:47:08.400,18.59,34.7607,22.735
2026-07-22T15:47:08.406,18.5943,34.8195,22.9308
2026-07-22T15:47:08.426,18.606,34.9761,22.9896
2026-07-22T15:47:08.438,18.6295,34.9566,22.97
2026-07-22T15:47:08.438,18.6313,35.1915,23.0875
2026-07-22T15:47:08.449,18.6351,35.1915,23.0287
2026-07-22T15:47:08.464,18.6415,35.1328,23.0679
2026-07-22T15:47:08.470,18.6478,35.1328,23.0287
2026-07-22T15:47:08.476,18.6783,35.2111,23.0875
2026-07-22T15:47:08.486,18.6806,35.3286,23.1266
2026-07-22T15:47:08.499,18.6838,35.5244,23.1854
2026-07-22T15:47:08.518,18.6993,35.6027,23.205
2026-07-22T15:47:08.522,18.7013,35.7202,23.2245
2026-07-22T15:47:08.533,18.7357,35.6419,23.1658
2026-07-22T15:47:08.533,18.7357,35.4852,23.0679
2026-07-22T15:47:08.551,18.7387,35.5831,23.1266
2026-07-22T15:47:08.559,18.7421,35.7202,23.342
2026-07-22T15:47:08.571,18.7421,36.1901,23.5378
2026-07-22T15:47:08.596,18.7815,36.5622,23.6945
2026-07-22T15:47:08.596,18.7872,36.993,23.8903
2026-07-22T15:47:08.606,18.7915,37.3062,23.8511
2026-07-22T15:47:08.609,18.7952,37.2671,23.812
2026-07-22T15:47:08.612,18.8013,37.13,23.8903
2026-07-22T15:47:08.628,18.8296,36.993,23.7728
2026-07-22T15:47:08.643,18.8328,36.8755,23.7728
2026-07-22T15:47:08.643,18.8357,36.8755,23.8903
2026-07-22T15:47:08.659,18.8367,36.7776,23.9099
2026-07-22T15:47:08.671,18.8476,36.6013,23.7336
2026-07-22T15:47:08.686,18.874,36.3076,23.7532
2026-07-22T15:47:08.693,18.874,36.1314,23.5378
2026-07-22T15:47:08.700,18.881,35.7202,23.4204
2026-07-22T15:47:08.707,18.8863,35.3873,23.342
2026-07-22T15:47:08.720,18.8997,34.9957,23.2245
2026-07-22T15:47:08.738,18.9309,34.7999,23.1658
2026-07-22T15:47:08.738,18.9329,34.6041,23.0679
2026-07-22T15:47:08.744,18.9386,34.5258,23.0483
2026-07-22T15:47:08.756,18.9486,34.5258,23.0092
2026-07-22T15:47:08.770,18.9543,34.4083,23.0092
2026-07-22T15:47:08.785,18.9849,34.1929,23.0092
2026-07-22T15:47:08.785,18.9876,34.1537,22.97
2026-07-22T15:47:08.803,18.9946,33.9971,22.9308
2026-07-22T15:47:08.809,19.0029,34.0754,23.0287
2026-07-22T15:47:08.819,19.0116,34.1929,23.1266
2026-07-22T15:47:08.832,19.0467,34.3495,23.0875
2026-07-22T15:47:08.848,19.0467,34.3691,23.0679
2026-07-22T15:47:08.848,19.0514,34.3495,23.0875
2026-07-22T15:47:08.873,19.0598,34.4279,23.0875
2026-07-22T15:47:08.875,19.0598,34.5649,23.1658
2026-07-22T15:47:08.881,19.0655,34.5845,23.205
2026-07-22T15:47:08.895,19.0957,34.6824,23.2833
2026-07-22T15:47:08.909,19.1022,34.7412,23.3812
2026-07-22T15:47:08.909,19.1052,34.7216,23.4204
2026-07-22T15:47:08.921,19.1118,34.6628,23.4008
2026-07-22T15:47:08.930,19.1168,34.5454,23.3616
2026-07-22T15:47:08.940,19.1239,34.4475,23.2637
2026-07-22T15:47:08.949,19.1533,34.4866,23.2441
2026-07-22T15:47:08.956,19.1576,34.5454,23.2833
2026-07-22T15:47:08.972,19.1654,34.6628,23.4008
2026-07-22T15:47:08.982,19.1654,34.5258,23.342
2026-07-22T15:47:08.993,19.1794,34.5062,23.3812
2026-07-22T15:47:09.004,19.204,34.4866,23.3812
2026-07-22T15:47:09.012,19.2149,34.4083,23.4595
2026-07-22T15:47:09.012,19.2149,34.3887,23.3224
2026-07-22T15:47:09.035,19.225,34.3495,23.3029
2026-07-22T15:47:09.043,19.225,34.3691,23.2637
2026-07-22T15:47:09.049,19.2331,34.467,23.4008
2026-07-22T15:47:09.060,19.2561,34.5258,23.4204
2026-07-22T15:47:09.074,19.2672,34.5845,23.5183
2026-07-22T15:47:09.074,19.272,34.5845,23.5574
2026-07-22T15:47:09.094,19.2752,34.6041,23.5378
2026-07-22T15:47:09.105,19.29,34.6237,23.4399
2026-07-22T15:47:09.110,19.3193,34.5258,23.3224
2026-07-22T15:47:09.126,19.3209,34.3691,23.2833
2026-07-22T15:47:09.126,19.3265,34.2516,23.3224
2026-07-22T15:47:09.140,19.335,34.3691,23.3812
2026-07-22T15:47:09.145,19.3372,34.5258,23.4595
2026-07-22T15:47:09.160,19.3511,34.6041,23.5183
2026-07-22T15:47:09.175,19.3779,34.6433,23.4399
2026-07-22T15:47:09.175,19.3779,34.5845,23.4204
2026-07-22T15:47:09.191,19.3825,34.5649,23.4204
2026-07-22T15:47:09.196,19.3825,34.5062,23.3616
2026-07-22T15:47:09.207,19.3907,34.4866,23.4204
2026-07-22T15:47:09.221,19.3985,34.6237,23.4987
2026-07-22T15:47:09.237,19.4274,34.7216,23.6162
2026-07-22T15:47:09.237,19.4274,34.7999,23.577
2026-07-22T15:47:09.252,19.4353,34.7999,23.4791
2026-07-22T15:47:09.261,19.4461,34.6433,23.3812
2026-07-22T15:47:09.271,19.4489,34.6041,23.3616
2026-07-22T15:47:09.271,19.4795,34.6628,23.4399
2026-07-22T15:47:09.285,19.4834,34.8391,23.577
2026-07-22T15:47:09.314,19.4894,34.9174,23.577
2026-07-22T15:47:09.316,19.4894,34.7999,23.6357
2026-07-22T15:47:09.319,19.4977,34.6237,23.5574
2026-07-22T15:47:09.332,19.525,34.4279,23.4204
2026-07-22T15:47:09.332,19.525,34.2321,23.3812
2026-07-22T15:47:09.349,19.5335,34.1146,23.3812
2026-07-22T15:47:09.359,19.537,34.2321,23.3812
2026-07-22T15:47:09.370,19.5697,34.4279,23.6162
2026-07-22T15:47:09.379,19.5721,34.6237,23.5966
2026-07-22T15:47:09.379,19.5721,34.8391,23.7141
2026-07-22T15:47:09.395,19.5833,34.7216,23.7924
2026-07-22T15:47:09.415,19.588,34.7412,23.7532
2026-07-22T15:47:09.426,19.6215,34.7607,23.7924
2026-07-22T15:47:09.426,19.6215,34.7607,23.7924
2026-07-22T15:47:09.440,19.6215,34.7803,23.7728
2026-07-22T15:47:09.449,19.6352,34.8782,23.8707
2026-07-22T15:47:09.458,19.639,34.8391,23.9099
2026-07-22T15:47:09.476,19.6687,34.6628,23.812
2026-07-22T15:47:09.476,19.6687,34.6041,23.7336
2026-07-22T15:47:09.491,19.6765,34.6237,23.7924
2026-07-22T15:47:09.503,19.6825,34.6237,23.7141
2026-07-22T15:47:09.509,19.6956,34.6824,23.7532
2026-07-22T15:47:09.523,19.7261,34.7216,23.7924
2026-07-22T15:47:09.523,19.7261,34.7999,23.7924
2026-07-22T15:47:09.539,19.7359,34.7803,23.8315
2026-07-22T15:47:09.552,19.746,34.8195,23.8315
2026-07-22T15:47:09.566,19.749,34.8195,23.8903
2026-07-22T15:47:09.584,19.7887,34.9174,23.9099
2026-07-22T15:47:09.584,19.7887,34.9174,24.0078
2026-07-22T15:47:09.596,19.7932,34.9566,24.0861
2026-07-22T15:47:09.602,19.7932,35.0153,24.184
2026-07-22T15:47:09.614,19.7992,34.937,24.1057
2026-07-22T15:47:09.625,19.7992,34.8195,24.0274
2026-07-22T15:47:09.627,19.836,34.7216,23.8511
2026-07-22T15:47:09.649,19.8388,34.5062,23.7141
2026-07-22T15:47:09.649,19.8406,34.5454,23.7336
2026-07-22T15:47:09.663,19.8503,34.5258,23.7924
2026-07-22T15:47:09.669,19.8567,34.702,23.7532
2026-07-22T15:47:09.696,19.8995,34.7607,23.8707
2026-07-22T15:47:09.696,19.8995,34.8586,23.8707
2026-07-22T15:47:09.696,19.8995,34.9174,23.9295
2026-07-22T15:47:09.711,19.9106,34.8195,23.812
2026-07-22T15:47:09.720,19.9106,34.6433,23.7336
2026-07-22T15:47:09.731,19.9197,34.5845,23.6357
2026-07-22T15:47:09.738,19.9513,34.3691,23.5966
2026-07-22T15:47:09.758,19.9638,34.2908,23.5183
2026-07-22T15:47:09.758,19.9651,34.2516,23.4595
2026-07-22T15:47:09.774,19.9671,34.2321,23.4987
2026-07-22T15:47:09.781,19.9753,34.1733,23.4791
2026-07-22T15:47:09.790,19.9829,34.1733,23.5183
2026-07-22T15:47:09.797,20.0145,34.1929,23.4987
2026-07-22T15:47:09.809,20.0199,34.5062,23.6162
2026-07-22T15:47:09.821,20.0199,34.6433,23.5966
2026-07-22T15:47:09.821,20.0305,34.7216,23.577
2026-07-22T15:47:09.837,20.0373,34.6433,23.5966
2026-07-22T15:47:09.856,20.0399,34.6433,23.5966
2026-07-22T15:47:09.870,20.0762,34.6628,23.6749
2026-07-22T15:47:09.870,20.0782,34.6824,23.6553
2026-07-22T15:47:09.884,20.0782,34.5258,23.7141
2026-07-22T15:47:09.890,20.0782,34.4083,23.5378
2026-07-22T15:47:09.904,20.0782,34.0558,23.4008
2026-07-22T15:47:09.910,20.0965,33.8404,23.1462
2026-07-22T15:47:09.919,20.1003,33.6642,22.9896
2026-07-22T15:47:09.932,20.1353,33.5859,22.9504
2026-07-22T15:47:09.932,20.1353,33.5467,22.9113
2026-07-22T15:47:09.948,20.1409,33.723,23.0287
2026-07-22T15:47:09.964,20.1482,33.8992,23.1071
2026-07-22T15:47:09.970,20.1508,34.1929,23.2637
2026-07-22T15:47:09.999,20.1831,34.3691,23.3616
2026-07-22T15:47:10.000,20.1831,34.5062,23.4204
2026-07-22T15:47:10.004,20.1831,34.4866,23.4791
2026-07-22T15:47:10.011,20.1927,34.5258,23.4399
2026-07-22T15:47:10.021,20.1958,34.3495,23.577
2026-07-22T15:47:10.032,20.2325,34.2908,23.5966
2026-07-22T15:47:10.042,20.2371,34.2712,23.6357
2026-07-22T15:47:10.053,20.2408,34.3691,23.8511
2026-07-22T15:47:10.058,20.2469,34.4083,23.8511
2026-07-22T15:47:10.073,20.2575,34.2908,23.8315
2026-07-22T15:47:10.081,20.2883,34.1146,23.6357
2026-07-22T15:47:10.096,20.2883,33.7817,23.6162
2026-07-22T15:47:10.102,20.2973,33.5663,23.4008
2026-07-22T15:47:10.114,20.3042,33.3901,23.5183
2026-07-22T15:47:10.126,20.3042,33.4293,23.6553
2026-07-22T15:47:10.130,20.339,33.3901,23.8511
2026-07-22T15:47:10.142,20.341,33.3509,24.0274
2026-07-22T15:47:10.142,20.341,33.3509,24.184
2026-07-22T15:47:10.158,20.3487,33.2922,24.2232
2026-07-22T15:47:10.169,20.3487,33.3509,24.3994
2026-07-22T15:47:10.181,20.3608,33.3509,24.3994
2026-07-22T15:47:10.204,20.3887,33.6055,24.4777
2026-07-22T15:47:10.204,20.3887,33.6838,24.5169
2026-07-22T15:47:10.210,20.4015,33.8209,24.6539
2026-07-22T15:47:10.219,20.4064,33.9579,24.7714
2026-07-22T15:47:10.231,20.4064,34.1146,25.0456
2026-07-22T15:47:10.243,20.4419,34.4475,25.2022
2026-07-22T15:47:10.243,20.4419,34.6628,25.2805
2026-07-22T15:47:10.259,20.4498,34.7607,25.2805
2026-07-22T15:47:10.271,20.4522,34.8586,25.2218
2026-07-22T15:47:10.276,20.4657,34.7607,25.1826
2026-07-22T15:47:10.290,20.4962,34.7803,25.163
2026-07-22T15:47:10.306,20.4996,34.8195,25.3001
2026-07-22T15:47:10.312,20.5021,34.937,25.2609
2026-07-22T15:47:10.322,20.5095,34.7999,25.3393
2026-07-22T15:47:10.322,20.5095,34.7999,25.2218
2026-07-22T15:47:10.354,20.5467,34.6824,25.2218
2026-07-22T15:47:10.354,20.5467,34.5845,25.0456
2026-07-22T15:47:10.354,20.5467,34.5454,25.0651
2026-07-22T15:47:10.370,20.5467,34.4279,25.0456
2026-07-22T15:47:10.379,20.5643,34.4866,25.0651
2026-07-22T15:47:10.405,20.5945,34.4866,25.0456
2026-07-22T15:47:10.405,20.5945,34.5062,24.9281
2026-07-22T15:47:10.405,20.5945,34.5258,24.8693
2026-07-22T15:47:10.417,20.6011,34.3887,24.7714
2026-07-22T15:47:10.427,20.6022,34.3495,24.6931
2026-07-22T15:47:10.438,20.6263,34.3691,24.791
2026-07-22T15:47:10.448,20.6366,34.4475,24.8497
2026-07-22T15:47:10.448,20.6366,34.5649,24.9868
2026-07-22T15:47:10.472,20.644,34.702,25.1435
2026-07-22T15:47:10.496,20.6816,34.7607,25.1826
2026-07-22T15:47:10.496,20.6847,34.5454,25.1043
2026-07-22T15:47:10.507,20.6895,34.3495,25.0064
2026-07-22T15:47:10.507,20.6922,34.3104,24.8889
2026-07-22T15:47:10.523,20.7006,34.2321,24.8106
2026-07-22T15:47:10.543,20.7209,34.3691,24.8497
2026-07-22T15:47:10.543,20.7349,34.4083,24.8693
2026-07-22T15:47:10.555,20.7367,34.5454,24.8106
2026-07-22T15:47:10.562,20.7403,34.3495,24.7323
2026-07-22T15:47:10.571,20.7495,34.095,24.6148
2026-07-22T15:47:10.591,20.7831,33.9384,24.4581
2026-07-22T15:47:10.591,20.7831,33.9579,24.4386
2026-07-22T15:47:10.591,20.7941,33.9384,24.3798
2026-07-22T15:47:10.610,20.8027,33.9188,24.4777
2026-07-22T15:47:10.619,20.8027,33.9971,24.4777
2026-07-22T15:47:10.647,20.838,33.9971,24.3602
2026-07-22T15:47:10.647,20.838,33.8796,24.3015
2026-07-22T15:47:10.653,20.8471,34.0167,24.2623
2026-07-22T15:47:10.669,20.8471,34.095,24.3798
2026-07-22T15:47:10.673,20.8471,34.3104,24.3994
2026-07-22T15:47:10.680,20.8647,34.4083,24.419
2026-07-22T15:47:10.689,20.9013,34.3104,24.3406
2026-07-22T15:47:10.705,20.9033,34.1733,24.2036
2026-07-22T15:47:10.708,20.9093,33.9971,24.184
2026-07-22T15:47:10.717,20.9169,33.9775,24.1644
2026-07-22T15:47:10.731,20.9274,33.9775,24.2623
2026-07-22T15:47:10.746,20.9656,34.0167,24.2036
2026-07-22T15:47:10.764,20.9709,33.9579,24.2036
2026-07-22T15:47:10.764,20.9721,33.8404,24.1448
2026-07-22T15:47:10.784,20.9765,33.6838,24.1057
2026-07-22T15:47:10.784,20.9765,33.488,23.9295
2026-07-22T15:47:10.799,20.9848,33.3901,23.9295
2026-07-22T15:47:10.801,20.9877,33.3901,24.0274
2026-07-22T15:47:10.830,21.0195,33.4097,24.1057
2026-07-22T15:47:10.831,21.0195,33.4488,24.1644
2026-07-22T15:47:10.834,21.0272,33.4097,24.2232
2026-07-22T15:47:10.841,21.0354,33.4097,24.2427
2026-07-22T15:47:10.846,21.0422,33.3313,24.2036
2026-07-22T15:47:10.860,21.0671,33.3705,24.2427
2026-07-22T15:47:10.874,21.0809,33.5076,24.2819
2026-07-22T15:47:10.874,21.0809,33.5663,24.3406
2026-07-22T15:47:10.889,21.0829,33.6251,24.3015
2026-07-22T15:47:10.905,21.0942,33.6446,24.3602
2026-07-22T15:47:10.912,21.0988,33.6838,24.3015
2026-07-22T15:47:10.921,21.1304,33.5859,24.3211
2026-07-22T15:47:10.929,21.1376,33.488,24.2819
2026-07-22T15:47:10.937,21.1376,33.5076,24.3015
2026-07-22T15:47:10.951,21.1484,33.6055,24.4386
2026-07-22T15:47:10.964,21.1541,33.6838,24.5169
2026-07-22T15:47:10.969,21.1582,33.8013,24.6344
2026-07-22T15:47:10.985,21.1901,33.8209,24.6931
2026-07-22T15:47:11.000,21.1942,33.7425,24.6148
2026-07-22T15:47:11.000,21.1942,33.723,24.7518
2026-07-22T15:47:11.018,21.2043,33.7621,24.6344
2026-07-22T15:47:11.018,21.2043,33.6055,24.6735
2026-07-22T15:47:11.030,21.2103,33.6446,24.7323
2026-07-22T15:47:11.048,21.245,33.6838,24.8106
2026-07-22T15:47:11.048,21.246,33.8013,24.7323
2026-07-22T15:47:11.064,21.251,33.7817,24.7323
2026-07-22T15:47:11.071,21.253,33.7817,24.6735
2026-07-22T15:47:11.080,21.2576,33.723,24.556
2026-07-22T15:47:11.107,21.2931,33.6838,24.6931
2026-07-22T15:47:11.107,21.2931,33.7817,24.6931
2026-07-22T15:47:11.115,21.2988,33.86,24.7518
2026-07-22T15:47:11.121,21.2988,33.8404,24.7518
2026-07-22T15:47:11.128,21.3105,33.8404,24.791
2026-07-22T15:47:11.143,21.3428,33.86,24.8106
2026-07-22T15:47:11.147,21.3462,33.8796,24.9085
2026-07-22T15:47:11.163,21.3532,33.9971,25.0064
2026-07-22T15:47:11.169,21.3575,34.0754,24.9672
2026-07-22T15:47:11.182,21.3642,34.0754,24.9672
2026-07-22T15:47:11.192,21.3918,33.9971,24.9085
2026-07-22T15:47:11.192,21.3918,33.8992,24.9281
2026-07-22T15:47:11.216,21.3997,33.8209,24.8693
2026-07-22T15:47:11.222,21.402,33.6642,24.791
2026-07-22T15:47:11.232,21.4071,33.6055,24.791
2026-07-22T15:47:11.244,21.4418,33.5859,24.6735
2026-07-22T15:47:11.247,21.4443,33.7034,24.6735
2026-07-22T15:47:11.262,21.4443,33.6642,24.6344
2026-07-22T15:47:11.272,21.4538,33.6642,24.6735
2026-07-22T15:47:11.281,21.4568,33.5859,24.7323
2026-07-22T15:47:11.292,21.4884,33.6251,24.7127
2026-07-22T15:47:11.306,21.4884,33.7034,24.7714
2026-07-22T15:47:11.314,21.4884,33.723,24.791
2026-07-22T15:47:11.319,21.5008,33.8013,24.9085
2026-07-22T15:47:11.327,21.5096,33.8796,24.9868
2026-07-22T15:47:11.345,21.5362,34.0558,25.0064
2026-07-22T15:47:11.345,21.5362,34.2516,25.0456
2026-07-22T15:47:11.358,21.5436,34.33,25.1435
2026-07-22T15:47:11.374,21.5508,34.3887,25.163
2026-07-22T15:47:11.383,21.5533,34.4279,25.2609
2026-07-22T15:47:11.394,21.5888,34.5454,25.2414
2026-07-22T15:47:11.405,21.5888,34.5649,25.2022
2026-07-22T15:47:11.414,21.5888,34.6041,25.3001
2026-07-22T15:47:11.423,21.5979,34.6237,25.3393
2026-07-22T15:47:11.439,21.6294,34.5258,25.3001
2026-07-22T15:47:11.439,21.6294,34.3691,25.2022
2026-07-22T15:47:11.452,21.6364,34.1537,25.1043
2026-07-22T15:47:11.459,21.6364,34.095,24.9477
2026-07-22T15:47:11.468,21.6451,34.0754,25.0064
2026-07-22T15:47:11.484,21.6764,33.9971,25.163
2026-07-22T15:47:11.484,21.6838,33.9775,25.0064
2026-07-22T15:47:11.499,21.6838,33.8992,24.9868
2026-07-22T15:47:11.506,21.6944,33.8992,24.8889
2026-07-22T15:47:11.515,21.6996,33.8013,24.9085
2026-07-22T15:47:11.531,21.7363,33.8404,24.9281
2026-07-22T15:47:11.531,21.7363,33.9188,24.8693
2026-07-22T15:47:11.554,21.742,33.8992,24.8693
2026-07-22T15:47:11.564,21.742,33.9579,24.9477
2026-07-22T15:47:11.570,21.742,34.0754,25.0847
2026-07-22T15:47:11.601,21.7902,34.0754,25.1043
2026-07-22T15:47:11.601,21.7922,34.1146,25.2022
2026-07-22T15:47:11.606,21.7922,34.1146,25.2609
2026-07-22T15:47:11.612,21.7998,34.0558,25.2022
2026-07-22T15:47:11.612,21.8067,33.9971,25.0651
2026-07-22T15:47:11.629,21.8161,34.0363,24.9672
2026-07-22T15:47:11.645,21.8434,33.9971,24.8693
2026-07-22T15:47:11.657,21.8481,33.86,24.7714
2026-07-22T15:47:11.670,21.8527,33.8992,24.7323
2026-07-22T15:47:11.677,21.8527,33.8013,24.6148
2026-07-22T15:47:11.677,21.8527,33.7034,24.5952
2026-07-22T15:47:11.706,21.8921,33.5663,24.3994
2026-07-22T15:47:11.706,21.8921,33.5859,24.3798
2026-07-22T15:47:11.713,21.8972,33.4684,24.419
2026-07-22T15:47:11.723,21.9006,33.5272,24.4973
2026-07-22T15:47:11.729,21.913,33.6055,24.5756
2026-07-22T15:47:11.741,21.9492,33.6251,24.6539
2026-07-22T15:47:11.751,21.9492,33.6251,24.7323
2026-07-22T15:47:11.762,21.96,33.6055,24.6735
2026-07-22T15:47:11.777,21.96,33.6642,24.7518
2026-07-22T15:47:11.783,21.96,33.7425,24.7714
2026-07-22T15:47:11.814,21.9993,33.7034,24.9085
2026-07-22T15:47:11.814,21.9993,33.5663,24.7127
2026-07-22T15:47:11.814,21.9993,33.6055,24.6735
2026-07-22T15:47:11.819,22.011,33.6055,24.6148
2026-07-22T15:47:11.830,22.0175,33.6446,24.6539
2026-07-22T15:47:11.830,22.0289,33.7621,24.5952
2026-07-22T15:47:11.863,22.0618,33.723,24.6148
2026-07-22T15:47:11.863,22.0618,33.5859,24.5365
2026-07-22T15:47:11.869,22.0703,33.488,24.3015
2026-07-22T15:47:11.887,22.0703,33.3313,24.1644
2026-07-22T15:47:11.899,22.0801,33.3509,23.949
2026-07-22T15:47:11.912,22.1076,33.3901,23.949
2026-07-22T15:47:11.912,22.1076,33.5859,24.0078
2026-07-22T15:47:11.912,22.1076,33.8404,24.2036
2026-07-22T15:47:11.932,22.1178,33.9579,24.2232
2026-07-22T15:47:11.940,22.1254,33.9775,24.3015
2026-07-22T15:47:11.950,22.1254,33.9579,24.4581
2026-07-22T15:47:11.964,22.1647,33.9775,24.5756
2026-07-22T15:47:11.978,22.167,34.0167,24.6539
2026-07-22T15:47:11.978,22.1725,34.095,24.791
2026-07-22T15:47:11.995,22.1725,34.2321,24.9281
2026-07-22T15:47:11.995,22.1817,34.2321,25.0456
2026-07-22T15:47:12.014,22.2135,34.1733,25.026
2026-07-22T15:47:12.020,22.2135,34.1146,25.0456
2026-07-22T15:47:12.035,22.2135,33.9188,24.7323
2026-07-22T15:47:12.042,22.2292,33.8404,24.8106
2026-07-22T15:47:12.052,22.2368,33.8796,24.7714
2026-07-22T15:47:12.057,22.2764,33.9971,24.8693
2026-07-22T15:47:12.078,22.2764,33.9971,24.9085
2026-07-22T15:47:12.078,22.2764,33.9579,24.8693
2026-07-22T15:47:12.083,22.2764,33.7817,24.8106
2026-07-22T15:47:12.099,22.2932,33.5859,24.7323
2026-07-22T15:47:12.107,22.2932,33.5076,24.6344
2026-07-22T15:47:12.115,22.3319,33.5076,24.6931
2026-07-22T15:47:12.131,22.337,33.5663,24.6931
2026-07-22T15:47:12.131,22.34,33.5859,24.8497
2026-07-22T15:47:12.146,22.3416,33.5859,24.8889
2026-07-22T15:47:12.163,22.3416,33.6446,24.8693
2026-07-22T15:47:12.163,22.3416,33.5663,24.8497
2026-07-22T15:47:12.179,22.3825,33.5467,24.791
2026-07-22T15:47:12.199,22.3875,33.3901,24.8497
2026-07-22T15:47:12.201,22.392,33.5272,24.8889
2026-07-22T15:47:12.212,22.392,33.5663,24.8497
2026-07-22T15:47:12.212,22.392,33.723,24.9868
2026-07-22T15:47:12.238,22.4237,33.7621,25.026
2026-07-22T15:47:12.248,22.4237,33.723,25.0847
2026-07-22T15:47:12.254,22.4398,33.6446,25.0064
2026-07-22T15:47:12.262,22.4398,33.6446,25.0651
2026-07-22T15:47:12.262,22.4398,33.6251,24.9477
2026-07-22T15:47:12.294,22.4806,33.5663,24.9477
2026-07-22T15:47:12.294,22.4816,33.5859,24.9281
2026-07-22T15:47:12.294,22.4886,33.5663,24.9085
2026-07-22T15:47:12.310,22.4941,33.4293,24.8693
2026-07-22T15:47:12.326,22.5041,33.3901,24.791
2026-07-22T15:47:12.346,22.5232,33.3313,24.7323
2026-07-22T15:47:12.346,22.5232,33.4293,24.7518
2026-07-22T15:47:12.356,22.5391,33.5076,24.791
2026-07-22T15:47:12.364,22.5391,33.5663,24.8497
2026-07-22T15:47:12.373,22.5391,33.6446,24.8889
2026-07-22T15:47:12.379,22.5707,33.5467,24.8693
2026-07-22T15:47:12.393,22.5707,33.4684,24.791
2026-07-22T15:47:12.409,22.5911,33.4097,24.7518
2026-07-22T15:47:12.409,22.5944,33.4293,24.7518
2026-07-22T15:47:12.409,22.5944,33.4293,24.791
2026-07-22T15:47:12.441,22.6231,33.5272,24.791
2026-07-22T15:47:12.441,22.6231,33.6838,24.9085
2026-07-22T15:47:12.441,22.6231,33.7425,24.8889
2026-07-22T15:47:12.464,22.6377,33.7425,24.8889
2026-07-22T15:47:12.479,22.6707,33.5467,24.9672
2026-07-22T15:47:12.479,22.6707,33.6055,24.9868
2026-07-22T15:47:12.479,22.6707,33.5467,24.9868
2026-07-22T15:47:12.493,22.6707,33.3901,25.0064
2026-07-22T15:47:12.509,22.6864,33.3901,25.1239
2026-07-22T15:47:12.525,22.7179,33.3118,25.1043
2026-07-22T15:47:12.525,22.7179,33.4097,25.1043
2026-07-22T15:47:12.541,22.7179,33.5859,25.0064
2026-07-22T15:47:12.556,22.7336,33.5272,24.8693
2026-07-22T15:47:12.556,22.7493,33.3901,24.8106
2026-07-22T15:47:12.580,22.765,33.3509,24.791
2026-07-22T15:47:12.580,22.765,33.3705,24.7518
2026-07-22T15:47:12.588,22.765,33.4488,24.8889
2026-07-22T15:47:12.604,22.7807,33.5859,24.8889
2026-07-22T15:47:12.608,22.8123,33.5859,25.0064
2026-07-22T15:47:12.619,22.8281,33.6251,25.026
2026-07-22T15:47:12.619,22.8281,33.5272,25.0456
2026-07-22T15:47:12.635,22.8377,33.488,25.0847
2026-07-22T15:47:12.651,22.8453,33.5076,25.1043
2026-07-22T15:47:12.667,22.8453,33.488,25.3197
2026-07-22T15:47:12.670,22.8756,33.5859,25.3001
2026-07-22T15:47:12.682,22.8756,33.5859,25.3784
2026-07-22T15:47:12.682,22.8756,33.5663,25.3588
2026-07-22T15:47:12.698,22.8756,33.488,25.2609
2026-07-22T15:47:12.715,22.8921,33.3705,25.2022
2026-07-22T15:47:12.715,22.8921,33.488,25.2218
2026-07-22T15:47:12.731,22.9249,33.5076,25.2022
2026-07-22T15:47:12.731,22.9249,33.5467,25.2805
2026-07-22T15:47:12.746,22.9399,33.488,25.1435
2026-07-22T15:47:12.762,22.9399,33.488,25.1239
2026-07-22T15:47:12.762,22.9557,33.3313,25.163
2026-07-22T15:47:12.781,22.9736,33.5076,25.2022
2026-07-22T15:47:12.795,22.9736,33.3705,25.1826
2026-07-22T15:47:12.795,22.9876,33.4097,25.2414
2026-07-22T15:47:12.810,22.9876,33.4293,25.2609
2026-07-22T15:47:12.810,23.0037,33.4488,25.3001
2026-07-22T15:47:12.835,23.0351,33.5272,25.3197
2026-07-22T15:47:12.844,23.0382,33.5663,25.3393
2026-07-22T15:47:12.844,23.0382,33.5859,25.3393
2026-07-22T15:47:12.858,23.0382,33.7425,25.4763
2026-07-22T15:47:12.858,23.0508,33.9579,25.633
2026-07-22T15:47:12.874,23.0518,34.095,25.8092
2026-07-22T15:47:12.889,23.0905,34.1733,25.9463
2026-07-22T15:47:12.889,23.0905,34.1342,26.0246
2026-07-22T15:47:12.908,23.0991,33.9384,25.9854
2026-07-22T15:47:12.922,23.0991,33.7621,25.8484
2026-07-22T15:47:22.428,32.6043,29.4935,29.0792
2026-07-22T15:47:22.428,32.6043,29.5131,29.0792
2026-07-22T15:47:22.428,32.6265,29.5523,29.1184
2026-07-22T15:47:22.443,32.6275,29.5523,29.2163
2026-07-22T15:47:22.459,32.6408,29.5327,29.1967
2026-07-22T15:47:22.474,32.6724,29.4544,29.0792
2026-07-22T15:47:22.474,32.6724,29.239,29.0009
2026-07-22T15:47:22.496,32.6724,28.9844,28.8051
2026-07-22T15:47:22.497,32.6724,28.7495,28.6484
2026-07-22T15:47:22.511,32.6881,28.6515,28.4722
2026-07-22T15:47:22.527,32.7196,28.7495,28.4722
2026-07-22T15:47:22.527,32.7196,28.7495,28.4918
2026-07-22T15:47:22.542,32.7196,28.9648,28.5897
2026-07-22T15:47:22.542,32.7353,28.9453,28.5505
2026-07-22T15:47:22.558,32.7353,28.9648,28.4918
2026-07-22T15:47:22.558,32.767,28.8865,28.4918
2026-07-22T15:47:22.590,32.7826,28.7886,28.4918
2026-07-22T15:47:22.590,32.7826,28.8278,28.6288
2026-07-22T15:47:22.590,32.7826,28.7299,28.7267
2026-07-22T15:47:22.605,32.7826,28.7495,28.7072
2026-07-22T15:47:22.620,32.8312,28.6907,28.7659
2026-07-22T15:47:22.637,32.8312,28.5928,28.7072
2026-07-22T15:47:22.637,32.8312,28.6515,28.8051
2026-07-22T15:47:22.637,32.8312,28.5732,28.7855
2026-07-22T15:47:22.653,32.8481,28.5732,28.8442
2026-07-22T15:47:22.669,32.8506,28.5732,28.8442
2026-07-22T15:47:22.684,32.8777,28.5145,28.7659
2026-07-22T15:47:22.684,32.8777,28.4949,28.7267
2026-07-22T15:47:22.701,32.8935,28.397,28.5309
2026-07-22T15:47:22.701,32.8935,28.2208,28.2764
2026-07-22T15:47:22.718,32.8935,28.1229,28.2176
2026-07-22T15:47:22.721,32.9408,27.79,28.1393
2026-07-22T15:47:22.748,32.9419,27.6138,28.1785
2026-07-22T15:47:22.748,32.9484,27.4767,28.2176
2026-07-22T15:47:22.748,32.9509,27.4375,28.3547
2026-07-22T15:47:22.763,32.9575,27.5159,28.668
2026-07-22T15:47:22.779,32.9674,27.6725,29.0204
2026-07-22T15:47:22.795,32.9878,27.79,29.3925
2026-07-22T15:47:22.795,32.9878,27.9075,29.7254
2026-07-22T15:47:22.795,32.9878,28.0641,29.9799
2026-07-22T15:47:22.821,33.0035,28.0837,29.882
2026-07-22T15:47:22.827,33.0035,28.1229,29.8624
2026-07-22T15:47:22.838,33.0035,28.1229,29.9799
2026-07-22T15:47:22.858,33.0353,28.1816,29.9799
2026-07-22T15:47:22.858,33.0489,28.1816,29.9407
2026-07-22T15:47:22.858,33.0509,28.1229,29.8624
2026-07-22T15:47:22.873,33.0509,28.1424,29.882
2026-07-22T15:47:22.890,33.0824,28.1816,29.8428
2026-07-22T15:47:22.905,33.0824,28.1424,29.9799
2026-07-22T15:47:22.905,33.0981,28.0837,30.0582
2026-07-22T15:47:22.921,33.0981,28.0445,30.0582
2026-07-22T15:47:22.921,33.0981,28.025,30.0778
2026-07-22T15:47:22.952,33.1306,27.9271,30.117
2026-07-22T15:47:22.952,33.1306,28.025,30.2736
2026-07-22T15:47:22.952,33.1306,28.1033,30.3519
2026-07-22T15:47:22.968,33.1512,28.1424,30.5086
2026-07-22T15:47:22.968,33.1512,28.2404,30.6457
2026-07-22T15:47:22.984,33.1775,28.4166,30.6652
2026-07-22T15:47:23.001,33.1775,28.2795,30.6848
2026-07-22T15:47:23.001,33.1932,28.2795,30.8415
2026-07-22T15:47:23.019,33.1932,28.2795,30.724
2026-07-22T15:47:23.032,33.2247,28.4753,30.6848
2026-07-22T15:47:23.047,33.2247,28.2795,30.6457
2026-07-22T15:47:23.047,33.2404,28.2991,30.6848
2026-07-22T15:47:23.047,33.2404,28.3578,30.6848
2026-07-22T15:47:23.063,33.2511,28.4362,30.8219
2026-07-22T15:47:23.095,33.2721,28.4166,30.9589
2026-07-22T15:47:23.095,33.2721,28.4753,31.0568
2026-07-22T15:47:23.095,33.2878,28.3774,31.0568
2026-07-22T15:47:23.110,33.2878,28.2012,30.8023
2026-07-22T15:47:23.121,33.2878,28.0641,30.6261
2026-07-22T15:47:23.126,33.3037,27.9466,30.4694
2026-07-22T15:47:23.142,33.3194,28.0445,30.5869
2026-07-22T15:47:23.142,33.3194,28.162,30.7436
2026-07-22T15:47:23.158,33.3351,28.3578,30.7827
2026-07-22T15:47:23.158,33.3351,28.3774,30.861
2026-07-22T15:47:23.174,33.3513,28.4166,30.7631
2026-07-22T15:47:23.189,33.3671,28.3383,30.6652
2026-07-22T15:47:23.189,33.3671,28.2012,30.5477
2026-07-22T15:47:23.205,33.3828,28.162,30.5673
2026-07-22T15:47:23.221,33.3828,28.162,30.5673
2026-07-22T15:47:23.221,33.4147,28.162,30.5282
2026-07-22T15:47:23.237,33.4147,28.2012,30.5477
2026-07-22T15:47:23.253,33.4304,28.1424,30.4498
2026-07-22T15:47:23.253,33.4304,28.162,30.4303
2026-07-22T15:47:23.253,33.4461,28.1033,30.4694
2026-07-22T15:47:23.285,33.4775,28.1229,30.3911
2026-07-22T15:47:23.285,33.4775,28.1424,30.4107
2026-07-22T15:47:23.300,33.4775,28.0837,30.1953
2026-07-22T15:47:23.316,33.4775,27.9662,30.1757
2026-07-22T15:47:23.321,33.5091,27.8879,30.1757
2026-07-22T15:47:23.332,33.5091,28.0445,30.1561
2026-07-22T15:47:23.348,33.5274,28.025,30.0778
2026-07-22T15:47:23.348,33.5315,27.79,29.9212
2026-07-22T15:47:23.348,33.5375,27.6725,29.7449
2026-07-22T15:47:23.379,33.5576,27.4963,29.5687
2026-07-22T15:47:23.379,33.5576,27.4375,29.4904
2026-07-22T15:47:23.379,33.5733,27.418,29.6079
2026-07-22T15:47:23.400,33.5733,27.4375,29.7645
2026-07-22T15:47:23.411,33.6046,27.4571,29.7645
2026-07-22T15:47:23.428,33.6046,27.5159,29.7841
2026-07-22T15:47:23.428,33.6046,27.5746,29.6666
2026-07-22T15:47:23.443,33.6046,27.555,29.5491
2026-07-22T15:47:23.443,33.6214,27.4767,29.4904
2026-07-22T15:47:23.459,33.6637,27.4767,29.4512
2026-07-22T15:47:23.475,33.6657,27.555,29.51
2026-07-22T15:47:23.475,33.6707,27.555,29.5491
2026-07-22T15:47:23.475,33.6745,27.4571,29.647
2026-07-22T15:47:23.491,33.6745,27.418,29.647
2026-07-22T15:47:23.514,33.7054,27.3201,29.7254
2026-07-22T15:47:23.528,33.7054,27.3005,29.7058
2026-07-22T15:47:23.531,33.7212,27.3005,29.6862
2026-07-22T15:47:23.540,33.7212,27.3201,29.7058
2026-07-22T15:47:23.544,33.7212,27.3005,29.7254
2026-07-22T15:47:23.575,33.7576,27.2809,29.6862
2026-07-22T15:47:23.575,33.7576,27.3788,29.6862
2026-07-22T15:47:23.575,33.7576,27.418,29.7254
2026-07-22T15:47:23.591,33.7576,27.4571,29.7058
2026-07-22T15:47:23.591,33.7734,27.5159,29.8233
2026-07-22T15:47:23.607,33.8055,27.6529,29.9212
2026-07-22T15:47:23.627,33.8055,27.7117,29.882
2026-07-22T15:47:23.628,33.8055,27.5746,29.9407
2026-07-22T15:47:23.628,33.8213,27.5942,29.9995
2026-07-22T15:47:23.643,33.8213,27.555,30.0191
2026-07-22T15:47:23.660,33.8542,27.7117,30.0974
2026-07-22T15:47:23.660,33.8542,27.9858,30.3519
2026-07-22T15:47:23.675,33.8693,28.0641,30.5673
2026-07-22T15:47:23.691,33.8693,28.2991,30.8219
2026-07-22T15:47:23.691,33.9004,28.4166,30.9002
2026-07-22T15:47:23.722,33.9004,28.2991,30.9198
2026-07-22T15:47:23.722,33.9004,28.2208,30.861
2026-07-22T15:47:23.724,33.9004,28.1033,30.724
2026-07-22T15:47:23.739,33.9161,28.0641,30.7436
2026-07-22T15:47:23.739,33.9518,28.0641,30.7827
2026-07-22T15:47:23.770,33.9518,28.0641,30.7631
2026-07-22T15:47:23.770,33.9518,27.9271,30.7044
2026-07-22T15:47:23.770,33.9644,27.8879,30.7044
2026-07-22T15:47:23.786,33.9644,27.7704,30.5869
2026-07-22T15:47:23.802,33.9953,27.8487,30.5673
2026-07-22T15:47:23.818,33.9953,27.9466,30.5869
2026-07-22T15:47:23.818,33.9953,28.0641,30.5869
2026-07-22T15:47:23.834,34.011,28.025,30.5086
2026-07-22T15:47:23.834,34.011,27.9662,30.5282
2026-07-22T15:47:23.865,34.0425,27.8879,30.3911
2026-07-22T15:47:23.865,34.0425,27.7704,30.2736
2026-07-22T15:47:23.865,34.0521,27.5746,30.2345
2026-07-22T15:47:23.865,34.0582,27.555,30.0778
2026-07-22T15:47:23.881,34.0582,27.4963,30.0974
2026-07-22T15:47:23.897,34.0907,27.5159,30.0386
2026-07-22T15:47:23.912,34.0907,27.6725,30.0191
2026-07-22T15:47:23.912,34.0907,27.79,30.117
2026-07-22T15:47:23.928,34.1063,27.8292,30.2149
2026-07-22T15:47:23.928,34.1377,27.9075,30.254
2026-07-22T15:47:23.944,34.1377,27.8292,30.254
2026-07-22T15:47:23.960,34.1377,27.8292,30.2345
2026-07-22T15:47:23.961,34.1534,27.7313,30.2149
2026-07-22T15:47:23.976,34.1534,27.7117,30.2345
2026-07-22T15:47:23.992,34.1854,27.6138,30.1757
2026-07-22T15:47:23.992,34.1854,27.5942,30.1366
2026-07-22T15:47:24.008,34.1854,27.5159,30.0386
2026-07-22T15:47:24.008,34.2012,27.5354,29.9995
2026-07-22T15:47:24.023,34.2012,27.4571,30.0191
2026-07-22T15:47:24.040,34.2354,27.5159,30.0974
2026-07-22T15:47:24.040,34.2354,27.5942,30.2149
2026-07-22T15:47:24.055,34.2354,27.6921,30.3128
2026-07-22T15:47:24.071,34.249,27.6921,30.4498
2026-07-22T15:47:24.071,34.2526,27.6529,30.5477
2026-07-22T15:47:24.087,34.2817,27.6921,30.6848
2026-07-22T15:47:24.087,34.2817,27.8096,30.861
2026-07-22T15:47:24.105,34.2963,27.7117,30.9589
2026-07-22T15:47:24.119,34.2963,27.6921,31.0177
2026-07-22T15:47:24.135,34.3279,27.6921,31.0177
2026-07-22T15:47:24.135,34.3279,27.6725,30.9198
2026-07-22T15:47:24.135,34.3279,27.6725,30.7044
2026-07-22T15:47:24.152,34.3279,27.6138,30.5673
2026-07-22T15:47:24.166,34.3279,27.6138,30.489
2026-07-22T15:47:24.182,34.3703,27.6725,30.4303
2026-07-22T15:47:24.182,34.371,27.7508,30.4303
2026-07-22T15:47:24.198,34.3755,27.7117,30.5086
2026-07-22T15:47:24.198,34.3755,27.7313,30.5086
2026-07-22T15:47:24.230,34.4072,27.7117,30.6457
2026-07-22T15:47:24.230,34.4072,27.8096,30.7631
2026-07-22T15:47:24.230,34.4072,27.8096,30.8806
2026-07-22T15:47:24.245,34.4245,27.8292,30.9002
2026-07-22T15:47:24.245,34.4245,27.7508,30.8023
2026-07-22T15:47:24.277,34.4549,27.6138,30.8023
2026-07-22T15:47:24.277,34.4549,27.6725,30.8415
2026-07-22T15:47:24.293,34.4706,27.6333,30.8219
2026-07-22T15:47:24.294,34.4706,27.7313,30.8806
2026-07-22T15:47:24.325,34.5024,27.6529,30.9198
2026-07-22T15:47:24.325,34.5024,27.5942,31.0373
2026-07-22T15:47:24.325,34.5024,27.6921,31.0373
2026-07-22T15:47:24.341,34.5181,27.6921,30.9394
2026-07-22T15:47:24.341,34.5535,27.5746,30.7827
2026-07-22T15:47:24.357,34.5535,27.418,30.7044
2026-07-22T15:47:24.357,34.5535,27.3984,30.6065
2026-07-22T15:47:24.372,34.5535,27.2417,30.5477
2026-07-22T15:47:24.388,34.566,27.2417,30.5477
2026-07-22T15:47:24.404,34.5991,27.2613,30.489
2026-07-22T15:47:24.404,34.5991,27.2026,30.489
2026-07-22T15:47:24.404,34.5991,27.3592,30.5477
2026-07-22T15:47:24.436,34.6146,27.3592,30.5477
2026-07-22T15:47:24.436,34.6146,27.4571,30.6261
2026-07-22T15:47:24.452,34.6536,27.5746,30.7827
2026-07-22T15:47:24.452,34.6547,27.4963,30.861
2026-07-22T15:47:24.469,34.6629,27.4963,30.9981
2026-07-22T15:47:24.484,34.6679,27.5942,31.0373
2026-07-22T15:47:24.485,34.6719,27.6529,31.0764
2026-07-22T15:47:24.500,34.69,27.6725,31.0373
2026-07-22T15:47:24.516,34.7057,27.6138,31.1352
2026-07-22T15:47:24.524,34.7057,27.6138,31.1548
2026-07-22T15:47:24.532,34.7057,27.555,31.1352
2026-07-22T15:47:24.542,34.7221,27.5159,31.0568
2026-07-22T15:47:24.544,34.7583,27.5159,31.0177
2026-07-22T15:47:24.560,34.7628,27.418,31.0373
2026-07-22T15:47:24.560,34.7668,27.418,31.0568
2026-07-22T15:47:24.576,34.7728,27.418,31.0568
2026-07-22T15:47:24.592,34.7795,27.3201,31.0764
2026-07-22T15:47:24.592,34.7875,27.3396,31.0764
2026-07-22T15:47:24.608,34.8076,27.3788,31.0568
2026-07-22T15:47:24.624,34.8076,27.4375,30.9785
2026-07-22T15:47:24.634,34.8222,27.5159,31.0177
2026-07-22T15:47:24.643,34.8222,27.5746,31.1548
2026-07-22T15:47:24.654,34.838,27.6725,31.1939
2026-07-22T15:47:24.678,34.8723,27.8096,31.3114
2026-07-22T15:47:24.678,34.8743,27.6921,31.4876
2026-07-22T15:47:24.678,34.8743,27.6529,31.4289
2026-07-22T15:47:24.692,34.8743,27.5942,31.468
2026-07-22T15:47:24.692,34.8903,27.4963,31.4876
2026-07-22T15:47:24.708,34.8903,27.555,31.4485
2026-07-22T15:47:24.724,34.9217,27.6333,31.4485
2026-07-22T15:47:24.725,34.9217,27.555,31.5855
2026-07-22T15:47:24.742,34.9375,27.5746,31.5659
2026-07-22T15:47:24.744,34.9375,27.6921,31.6051
2026-07-22T15:47:24.760,34.9375,27.6529,31.6443
2026-07-22T15:47:24.760,34.9553,27.5746,31.6247
2026-07-22T15:47:24.776,34.976,27.4963,31.6834
2026-07-22T15:47:24.792,34.9851,27.4571,31.7813
2026-07-22T15:47:24.792,34.9851,27.5354,31.8205
2026-07-22T15:47:24.807,35.0013,27.5159,31.8009
2026-07-22T15:47:24.825,35.0013,27.4963,31.7422
2026-07-22T15:47:24.846,35.0325,27.4375,31.6639
2026-07-22T15:47:24.846,35.0325,27.3788,31.6443
2026-07-22T15:47:24.846,35.0325,27.3005,31.5464
2026-07-22T15:47:24.855,35.0483,27.2809,31.5072
2026-07-22T15:47:24.871,35.0555,27.2417,31.6443
2026-07-22T15:47:24.871,35.0555,27.3005,31.6639
2026-07-22T15:47:24.903,35.0848,27.3005,31.6639
2026-07-22T15:47:24.903,35.0848,27.3984,31.8401
2026-07-22T15:47:24.903,35.0958,27.5159,31.8401
2026-07-22T15:47:24.918,35.0958,27.418,31.9771
2026-07-22T15:47:24.925,35.0958,27.3396,32.0163
2026-07-22T15:47:24.942,35.1285,27.3201,32.1338
2026-07-22T15:47:24.950,35.1285,27.2026,32.4667
2026-07-22T15:47:24.955,35.1435,27.1634,32.0359
2026-07-22T15:47:24.966,35.1541,27.1242,31.9771
2026-07-22T15:47:24.966,35.1557,27.0068,31.938
2026-07-22T15:47:24.998,35.1749,26.9872,31.7813
2026-07-22T15:47:24.998,35.1907,26.9872,31.6247
2026-07-22T15:47:25.014,35.1917,26.948,31.6834
2026-07-22T15:47:25.024,35.1917,26.9872,31.6834
2026-07-22T15:47:25.029,35.2064,26.9284,31.8009
2026-07-22T15:47:25.029,35.2222,26.9676,31.8597
2026-07-22T15:47:25.045,35.2379,26.9872,31.9184
2026-07-22T15:47:25.062,35.2379,27.0068,32.0555
2026-07-22T15:47:25.062,35.2548,26.9872,32.1338
2026-07-22T15:47:25.076,35.2698,26.9872,32.1338
2026-07-22T15:47:25.092,35.2856,27.0263,32.2121
2026-07-22T15:47:25.092,35.2856,27.0459,32.0946
2026-07-22T15:47:25.108,35.2856,26.9284,32.0163
2026-07-22T15:47:25.108,35.2856,26.9284,31.9184
2026-07-22T15:47:25.126,35.3329,26.811,31.8401
2026-07-22T15:47:25.140,35.3329,26.8305,31.7813
2026-07-22T15:47:25.140,35.3329,26.7131,31.7422
2026-07-22T15:47:25.156,35.3329,26.8501,31.703
2026-07-22T15:47:25.171,35.3566,26.7718,31.703
2026-07-22T15:47:25.187,35.3804,26.7914,31.6834
2026-07-22T15:47:25.187,35.3804,26.7718,31.5855
2026-07-22T15:47:25.187,35.3804,26.7718,31.6443
2026-07-22T15:47:25.203,35.3804,26.7326,31.7618
2026-07-22T15:47:25.225,35.3961,26.7326,31.8009
2026-07-22T15:47:25.227,35.3961,26.7326,31.8009
2026-07-22T15:47:25.250,35.4278,26.7131,31.7618
2026-07-22T15:47:25.250,35.4278,26.576,31.6834
2026-07-22T15:47:25.250,35.4445,26.5172,31.3701
2026-07-22T15:47:25.266,35.4546,26.3802,31.2722
2026-07-22T15:47:25.282,35.4749,26.4977,31.2331
2026-07-22T15:47:25.298,35.4749,26.4977,31.2918
2026-07-22T15:47:25.298,35.4749,26.5368,31.2331
2026-07-22T15:47:25.298,35.4906,26.5956,31.3114
2026-07-22T15:47:25.315,35.4906,26.6347,31.468
2026-07-22T15:47:25.329,35.5221,26.7718,31.6443
2026-07-22T15:47:25.345,35.5221,26.6739,31.7813
2026-07-22T15:47:25.345,35.5379,26.6347,31.7618
2026-07-22T15:47:25.361,35.5379,26.4977,31.8205
2026-07-22T15:47:25.361,35.5547,26.4977,31.8009
2026-07-22T15:47:25.376,35.5703,26.4977,31.8009
2026-07-22T15:47:25.392,35.5858,26.5172,31.6443
2026-07-22T15:47:25.408,35.5858,26.5368,31.5659
2026-07-22T15:47:25.408,35.5858,26.4389,31.3897
2026-07-22T15:47:25.408,35.6016,26.3998,31.3114
2026-07-22T15:47:25.428,35.6342,26.3802,31.3114
2026-07-22T15:47:25.440,35.6342,26.3802,31.3114
2026-07-22T15:47:25.440,35.6342,26.4389,31.5072
2026-07-22T15:47:25.456,35.6497,26.576,31.6834
2026-07-22T15:47:25.472,35.658,26.7522,31.9576
2026-07-22T15:47:25.473,35.667,26.8501,32.1925
2026-07-22T15:47:25.488,35.6976,26.8893,32.4471
2026-07-22T15:47:25.488,35.6976,26.8697,32.6429
2026-07-22T15:47:25.504,35.7133,26.8305,32.6429
2026-07-22T15:47:25.520,35.7133,26.811,32.6037
2026-07-22T15:47:25.528,35.7291,26.8305,32.545
2026-07-22T15:47:25.537,35.7548,26.9284,32.4862
2026-07-22T15:47:25.537,35.7626,26.9089,32.4667
2026-07-22T15:47:25.552,35.7646,26.9872,32.4667
2026-07-22T15:47:25.568,35.7687,26.8305,32.5058
2026-07-22T15:47:25.583,35.7717,26.7326,32.5058
2026-07-22T15:47:25.583,35.7755,26.6935,32.545
2026-07-22T15:47:25.599,35.7845,26.7914,32.78
2026-07-22T15:47:25.599,35.8068,26.948,32.8583
2026-07-22T15:47:25.616,35.8068,26.948,32.9758
2026-07-22T15:47:25.631,35.8068,26.948,32.8974
2026-07-22T15:47:25.641,35.8225,26.9089,32.6625
2026-07-22T15:47:25.655,35.8225,26.6151,32.5646
2026-07-22T15:47:25.661,35.8588,26.6543,32.4862
2026-07-22T15:47:25.661,35.8588,26.7718,32.5058
2026-07-22T15:47:25.677,35.8588,26.7718,32.6233
2026-07-22T15:47:25.693,35.8588,26.7522,32.6625
2026-07-22T15:47:25.693,35.8738,26.7131,32.6625
2026-07-22T15:47:25.710,35.9061,26.6935,32.5841
2026-07-22T15:47:25.710,35.9076,26.7131,32.6233
2026-07-22T15:47:25.729,35.9076,26.8305,32.78
2026-07-22T15:47:25.742,35.9076,26.9284,32.9953
2026-07-22T15:47:25.770,35.9392,27.1047,33.152
2026-07-22T15:47:25.770,35.9392,27.2026,33.2499
2026-07-22T15:47:25.770,35.9392,27.2026,33.3086
2026-07-22T15:47:25.778,35.9555,27.0655,33.2499
2026-07-22T15:47:25.778,35.9591,26.8305,33.3086
2026-07-22T15:47:25.809,35.991,26.7914,33.1912
2026-07-22T15:47:25.809,35.991,26.7718,33.0737
2026-07-22T15:47:25.809,35.991,26.7718,33.0541
2026-07-22T15:47:25.829,35.991,26.7914,32.9366
2026-07-22T15:47:25.857,36.0236,26.7718,32.9562
2026-07-22T15:47:25.857,36.0236,26.8501,32.9758
2026-07-22T15:47:25.861,36.0386,26.8893,32.9366
2026-07-22T15:47:25.861,36.0386,26.811,32.8974
2026-07-22T15:47:25.894,36.0718,26.8893,32.8974
2026-07-22T15:47:25.894,36.0718,26.811,32.9953
2026-07-22T15:47:25.894,36.0718,26.7914,32.9953
2026-07-22T15:47:25.909,36.0868,26.7522,32.9953
2026-07-22T15:47:25.909,36.0868,26.7131,32.917
2026-07-22T15:47:25.929,36.1184,26.6739,32.78
2026-07-22T15:47:25.942,36.1184,26.6739,32.6233
2026-07-22T15:47:25.942,36.1352,26.6347,32.6233
2026-07-22T15:47:25.957,36.1352,26.6739,32.6625
2026-07-22T15:47:25.957,36.1659,26.6739,32.6429
2026-07-22T15:47:25.988,36.1659,26.6347,32.6233
2026-07-22T15:47:25.988,36.1816,26.7131,32.6821
2026-07-22T15:47:25.988,36.1816,26.7718,32.8387
2026-07-22T15:47:26.005,36.1973,26.7914,32.9366
2026-07-22T15:47:26.020,36.2141,26.7326,32.9758
2026-07-22T15:47:26.036,36.2291,26.5956,32.8583
2026-07-22T15:47:26.036,36.2291,26.5368,32.8583
2026-07-22T15:47:26.052,36.2291,26.576,32.78
2026-07-22T15:47:26.052,36.2449,26.576,32.6821
2026-07-22T15:47:26.067,36.2758,26.5956,32.6037
2026-07-22T15:47:26.084,36.2758,26.5172,32.6429
2026-07-22T15:47:26.084,36.2758,26.5368,32.4471
2026-07-22T15:47:26.099,36.2758,26.4389,32.31
2026-07-22T15:47:26.099,36.2758,26.3802,32.2121
2026-07-22T15:47:26.115,36.2925,26.3802,32.1534
2026-07-22T15:47:26.130,36.3231,26.3802,32.0946
2026-07-22T15:47:26.146,36.3231,26.4193,32.1338
2026-07-22T15:47:26.146,36.3231,26.4781,32.1534
2026-07-22T15:47:26.162,36.3388,26.4585,32.1925
2026-07-22T15:47:26.162,36.3713,26.3802,32.2317
2026-07-22T15:47:26.193,36.3783,26.3802,32.173
2026-07-22T15:47:26.193,36.3783,26.3606,32.1925
2026-07-22T15:47:26.193,36.3783,26.2823,32.173
2026-07-22T15:47:26.209,36.3863,26.2235,32.0946
2026-07-22T15:47:26.231,36.4178,26.2235,32.0359
2026-07-22T15:47:26.231,36.4178,26.2235,31.9967
2026-07-22T15:47:26.248,36.4178,26.2431,31.9576
2026-07-22T15:47:26.248,36.4336,26.2431,32.0555
2026-07-22T15:47:26.256,36.4336,26.2627,32.0359
2026-07-22T15:47:26.288,36.465,26.2627,32.0359
2026-07-22T15:47:26.288,36.465,26.2627,32.0555
2026-07-22T15:47:26.288,36.465,26.2235,32.1534
2026-07-22T15:47:26.304,36.4807,26.2823,32.0555
2026-07-22T15:47:26.304,36.4807,26.3802,32.173
2026-07-22T15:47:26.335,36.5122,26.3214,32.0946
2026-07-22T15:47:26.335,36.5122,26.3606,32.1142
2026-07-22T15:47:26.335,36.5122,26.341,32.1925
2026-07-22T15:47:26.351,36.5279,26.3998,32.2709
2026-07-22T15:47:26.351,36.5279,26.2431,32.2317
2026-07-22T15:47:26.382,36.5611,26.341,32.2709
2026-07-22T15:47:26.382,36.5611,26.3998,32.2513
2026-07-22T15:47:26.382,36.5611,26.3214,32.2513
2026-07-22T15:47:26.398,36.5756,26.3019,32.2513
2026-07-22T15:47:26.414,36.6072,26.3214,32.2709
2026-07-22T15:47:26.430,36.6072,26.3214,32.3296
2026-07-22T15:47:26.430,36.6072,26.341,32.31
2026-07-22T15:47:26.431,36.6072,26.2235,32.2904
2026-07-22T15:47:26.446,36.6235,26.204,32.0946
2026-07-22T15:47:26.462,36.6566,26.0669,31.9967
2026-07-22T15:47:26.462,36.6566,26.0277,31.8988
2026-07-22T15:47:26.477,36.6616,25.969,31.8792
2026-07-22T15:47:26.477,36.6616,26.1256,31.9184
2026-07-22T15:47:26.493,36.7029,26.106,32.075
2026-07-22T15:47:26.509,36.7029,26.2431,32.2513
2026-07-22T15:47:26.509,36.7029,26.3998,32.4275
2026-07-22T15:47:26.532,36.7187,26.4977,32.6037
2026-07-22T15:47:26.532,36.724,26.5172,32.7995
2026-07-22T15:47:26.557,36.7504,26.6347,33.0737
2026-07-22T15:47:26.559,36.7565,26.6739,33.2499
2026-07-22T15:47:26.573,36.762,26.6151,33.2107
2026-07-22T15:47:26.573,36.7671,26.4977,33.1324
2026-07-22T15:47:26.594,36.7671,26.3998,32.9953
2026-07-22T15:47:26.605,36.7978,26.2627,32.9366
2026-07-22T15:47:26.605,36.7978,26.2823,32.7995
2026-07-22T15:47:26.620,36.8136,26.3019,32.7604
2026-07-22T15:47:26.632,36.8136,26.204,32.7016
2026-07-22T15:47:26.637,36.8136,26.1452,32.4862
2026-07-22T15:47:26.652,36.8293,26.0865,32.2709
2026-07-22T15:47:26.668,36.8567,26.0473,32.173
2026-07-22T15:47:26.668,36.8567,26.1256,32.0946
2026-07-22T15:47:26.684,36.8623,26.1256,32.2121
2026-07-22T15:47:26.684,36.8623,26.1256,32.2904
2026-07-22T15:47:26.699,36.8803,26.1256,32.3492
2026-07-22T15:47:26.715,36.9079,26.1256,32.3883
2026-07-22T15:47:26.715,36.9079,26.1256,32.4471
2026-07-22T15:47:26.732,36.923,26.1256,32.3883
2026-07-22T15:47:26.732,36.9245,26.0277,32.3883
2026-07-22T15:47:26.753,36.939,26.0473,32.4275
2026-07-22T15:47:26.773,36.9567,26.1256,32.4079
2026-07-22T15:47:26.773,36.9567,26.2431,32.3883
2026-07-22T15:47:26.778,36.9628,26.2235,32.4471
2026-07-22T15:47:26.778,36.9628,26.2431,32.4471
2026-07-22T15:47:26.809,36.9996,26.2823,32.6037
2026-07-22T15:47:26.809,37.0026,26.341,32.5646
2026-07-22T15:47:26.825,37.0099,26.3214,32.6037
2026-07-22T15:47:26.827,37.0139,26.341,32.5646
2026-07-22T15:47:26.841,37.0199,26.2627,32.4275
2026-07-22T15:47:26.861,37.0411,26.1256,32.2904
2026-07-22T15:47:26.865,37.0411,26.0865,32.1925
2026-07-22T15:47:26.873,37.0557,26.0669,32.1142
2026-07-22T15:47:26.880,37.0567,25.9886,31.9967
2026-07-22T15:47:26.892,37.0631,25.9102,32.0555
2026-07-22T15:47:26.894,37.0874,25.9102,32.0946
2026-07-22T15:47:26.911,37.0874,25.9494,32.0555
2026-07-22T15:47:26.926,37.1083,25.9102,32.1534
2026-07-22T15:47:26.933,37.1083,25.9494,32.2121
2026-07-22T15:47:26.942,37.1411,26.0081,32.2904
2026-07-22T15:47:26.957,37.1411,26.0081,32.3688
2026-07-22T15:47:26.957,37.1411,25.9886,32.31
2026-07-22T15:47:26.975,37.1567,25.9494,32.2904
2026-07-22T15:47:26.978,37.1567,25.9886,32.4079
2026-07-22T15:47:26.994,37.1879,25.969,32.4667
2026-07-22T15:47:26.994,37.1879,26.106,32.5254
2026-07-22T15:47:27.011,37.1879,26.1452,32.5841
2026-07-22T15:47:27.011,37.1879,26.1844,32.5058
2026-07-22T15:47:27.027,37.2037,26.0473,32.4667
2026-07-22T15:47:27.042,37.2194,25.969,32.2904
2026-07-22T15:47:27.042,37.2194,25.8515,31.9771
2026-07-22T15:47:27.058,37.2362,25.7536,31.7813
2026-07-22T15:47:27.074,37.2517,25.8319,31.5855
2026-07-22T15:47:27.074,37.2669,25.7144,31.5072
2026-07-22T15:47:27.089,37.2826,25.8515,31.468
2026-07-22T15:47:27.089,37.2826,25.8711,31.3506
2026-07-22T15:47:27.106,37.2826,25.9102,31.2918
2026-07-22T15:47:27.122,37.2983,25.9886,31.331
2026-07-22T15:47:27.134,37.3143,25.969,31.4289
2026-07-22T15:47:27.137,37.3301,26.1452,31.4093
2026-07-22T15:47:27.137,37.3301,26.106,31.3897
2026-07-22T15:47:27.153,37.3301,26.0081,31.3506
2026-07-22T15:47:27.169,37.3458,25.9298,31.331
2026-07-22T15:47:27.184,37.3641,25.8907,31.331
2026-07-22T15:47:27.184,37.3777,25.9298,31.4485
2026-07-22T15:47:27.200,37.3777,25.8319,31.4289
2026-07-22T15:47:27.216,37.3777,25.8907,31.5268
2026-07-22T15:47:27.227,37.4092,25.7536,31.468
2026-07-22T15:47:27.234,37.4092,25.8319,31.3701
2026-07-22T15:47:27.234,37.4092,25.8123,31.4093
2026-07-22T15:47:27.248,37.425,25.8319,31.468
2026-07-22T15:47:27.263,37.4573,25.7928,31.468
2026-07-22T15:47:27.263,37.4573,25.8319,31.5659
2026-07-22T15:47:27.279,37.4644,25.6753,31.5659
2026-07-22T15:47:27.295,37.473,25.6949,31.5072
2026-07-22T15:47:27.295,37.4887,25.6557,31.5464
2026-07-22T15:47:27.312,37.5044,25.6557,31.4876
2026-07-22T15:47:27.312,37.5044,25.5969,31.4093
2026-07-22T15:47:27.327,37.5044,25.6949,31.468
2026-07-22T15:47:27.343,37.5202,25.6361,31.3506
2026-07-22T15:47:27.343,37.5516,25.5969,31.3701
2026-07-22T15:47:27.359,37.5572,25.5969,31.5072
2026-07-22T15:47:27.359,37.5572,25.6557,31.5268
2026-07-22T15:47:27.374,37.5648,25.6949,31.6639
2026-07-22T15:47:27.390,37.5673,25.7536,31.7422
2026-07-22T15:47:27.390,37.5832,25.7732,31.8792
2026-07-22T15:47:27.406,37.599,25.6949,31.9576
2026-07-22T15:47:27.406,37.599,25.7144,31.8988
2026-07-22T15:47:27.437,37.599,25.6949,31.7422
2026-07-22T15:47:27.437,37.599,25.5969,31.703
2026-07-22T15:47:27.453,37.6311,25.6949,31.5855
2026-07-22T15:47:27.453,37.6311,25.7536,31.5855
2026-07-22T15:47:27.469,37.6478,25.8123,31.7226
2026-07-22T15:47:27.469,37.6478,25.8515,31.8205
2026-07-22T15:47:27.486,37.6796,25.8123,31.8205
2026-07-22T15:47:27.501,37.6796,25.6949,31.6834
2026-07-22T15:47:27.501,37.6796,25.6557,31.6639
2026-07-22T15:47:27.518,37.6947,25.6165,31.6639
2026-07-22T15:47:37.991,48.1806,23.4431,33.6219
2026-07-22T15:47:37.991,48.1861,23.678,33.8373
2026-07-22T15:47:38.007,48.207,23.7955,33.9156
2026-07-22T15:47:38.025,48.2228,23.7368,34.0135
2026-07-22T15:47:38.029,48.2228,23.7172,34.0723
2026-07-22T15:47:38.039,48.2228,23.8347,34.366
2026-07-22T15:47:38.050,48.2228,24.0696,34.6401
2026-07-22T15:47:38.058,48.2385,23.9913,34.973
2026-07-22T15:47:38.061,48.2751,23.9913,35.0709
2026-07-22T15:47:38.077,48.2751,23.678,35.1101
2026-07-22T15:47:38.093,48.2875,23.5214,34.8947
2026-07-22T15:47:38.093,48.2911,23.2864,34.6989
2026-07-22T15:47:38.108,48.2911,23.1689,34.4443
2026-07-22T15:47:38.108,48.3239,23.0906,34.3856
2026-07-22T15:47:38.141,48.339,23.1298,34.5031
2026-07-22T15:47:38.141,48.339,23.3256,34.738
2026-07-22T15:47:38.145,48.339,23.4431,34.8947
2026-07-22T15:47:38.161,48.339,23.4039,34.8555
2026-07-22T15:47:38.161,48.3547,23.2864,34.6793
2026-07-22T15:47:38.177,48.3874,23.0123,34.4443
2026-07-22T15:47:38.194,48.3874,22.934,34.2877
2026-07-22T15:47:38.194,48.3874,22.9144,34.2485
2026-07-22T15:47:38.209,48.3874,22.8556,34.2681
2026-07-22T15:47:38.209,48.4065,22.7773,34.4835
2026-07-22T15:47:38.225,48.4065,22.7969,34.5422
2026-07-22T15:47:38.251,48.4333,22.7969,34.6205
2026-07-22T15:47:38.251,48.4333,22.8361,34.6793
2026-07-22T15:47:38.257,48.4333,22.8556,34.601
2026-07-22T15:47:38.257,48.449,22.7773,34.5226
2026-07-22T15:47:38.276,48.449,22.8556,34.601
2026-07-22T15:47:38.288,48.4805,22.8556,34.6205
2026-07-22T15:47:38.303,48.4965,22.7969,34.6401
2026-07-22T15:47:38.303,48.4965,22.699,34.601
2026-07-22T15:47:38.319,48.5121,22.5619,34.5814
2026-07-22T15:47:38.319,48.5131,22.5423,34.601
2026-07-22T15:47:38.350,48.5596,22.5228,34.7184
2026-07-22T15:47:38.350,48.5596,22.6403,34.8359
2026-07-22T15:47:38.350,48.5596,22.6794,34.8164
2026-07-22T15:47:38.366,48.5753,22.6207,34.8164
2026-07-22T15:47:38.377,48.5753,22.6403,34.7576
2026-07-22T15:47:38.383,48.5753,22.5423,34.6597
2026-07-22T15:47:38.398,48.6073,22.4053,34.5814
2026-07-22T15:47:38.414,48.6073,22.3661,34.6401
2026-07-22T15:47:38.414,48.6073,22.4053,34.7576
2026-07-22T15:47:38.430,48.6073,22.4444,34.8751
2026-07-22T15:47:38.440,48.6229,22.4836,35.0122
2026-07-22T15:47:38.445,48.6229,22.4836,34.9926
2026-07-22T15:47:38.477,48.6546,22.3857,35.0122
2026-07-22T15:47:38.477,48.6546,22.3465,34.9534
2026-07-22T15:47:38.477,48.6707,22.2486,34.8751
2026-07-22T15:47:38.477,48.6707,22.3465,34.8947
2026-07-22T15:47:38.493,48.6707,22.5228,35.0122
2026-07-22T15:47:38.509,48.6894,22.6011,35.1688
2026-07-22T15:47:38.525,48.7191,22.8361,35.3842
2026-07-22T15:47:38.525,48.7191,22.7969,35.3255
2026-07-22T15:47:38.541,48.7191,22.6207,35.208
2026-07-22T15:47:38.541,48.7191,22.4836,35.0905
2026-07-22T15:47:38.559,48.7348,22.4249,35.0513
2026-07-22T15:47:38.559,48.7663,22.5619,35.2275
2026-07-22T15:47:38.578,48.7699,22.5423,35.3842
2026-07-22T15:47:38.589,48.7699,22.6011,35.4038
2026-07-22T15:47:38.589,48.7819,22.5032,35.3255
2026-07-22T15:47:38.605,48.8133,22.3857,35.208
2026-07-22T15:47:38.620,48.8133,22.2682,34.973
2026-07-22T15:47:38.620,48.8133,22.2682,34.9926
2026-07-22T15:47:38.640,48.829,22.3074,35.1101
2026-07-22T15:47:38.640,48.829,22.4249,35.1884
2026-07-22T15:47:38.652,48.8699,22.5423,35.4038
2026-07-22T15:47:38.668,48.8699,22.6403,35.5408
2026-07-22T15:47:38.683,48.877,22.6403,35.6387
2026-07-22T15:47:38.683,48.878,22.5619,35.3255
2026-07-22T15:47:38.699,48.878,22.3857,35.0905
2026-07-22T15:47:38.699,48.878,22.2095,34.8164
2026-07-22T15:47:38.716,48.9091,22.2291,34.7772
2026-07-22T15:47:38.731,48.9264,22.2095,34.8751
2026-07-22T15:47:38.740,48.9264,22.2291,35.0122
2026-07-22T15:47:38.748,48.9264,22.327,35.2471
2026-07-22T15:47:38.748,48.941,22.3857,35.2275
2026-07-22T15:47:38.779,48.98,22.2682,35.1884
2026-07-22T15:47:38.779,48.98,22.2095,35.0513
2026-07-22T15:47:38.779,48.98,22.1507,34.8555
2026-07-22T15:47:38.796,48.9894,22.0333,34.738
2026-07-22T15:47:38.811,48.9894,22.0724,34.8359
2026-07-22T15:47:38.811,48.9894,22.0137,34.8751
2026-07-22T15:47:38.840,49.0201,22.092,34.8555
2026-07-22T15:47:38.840,49.0201,22.1703,34.973
2026-07-22T15:47:38.849,49.0359,22.1899,35.0317
2026-07-22T15:47:38.859,49.0359,22.2291,35.3255
2026-07-22T15:47:38.859,49.0527,22.2291,35.3255
2026-07-22T15:47:38.879,49.0701,22.2682,35.4625
2026-07-22T15:47:38.890,49.0837,22.1899,35.5213
2026-07-22T15:47:38.890,49.0837,22.2291,35.58
2026-07-22T15:47:38.906,49.0837,22.1703,35.3646
2026-07-22T15:47:38.923,49.0995,22.0724,35.2667
2026-07-22T15:47:38.923,49.1152,22.0333,35.1101
2026-07-22T15:47:38.940,49.1309,22.0137,35.2863
2026-07-22T15:47:38.940,49.1309,22.1899,35.4038
2026-07-22T15:47:38.954,49.1309,22.1312,35.2471
2026-07-22T15:47:38.970,49.1477,22.0528,35.0317
2026-07-22T15:47:38.979,49.1757,21.9353,34.8751
2026-07-22T15:47:38.985,49.1787,21.8962,34.7184
2026-07-22T15:47:38.985,49.1857,21.857,34.8555
2026-07-22T15:47:39.001,49.1923,21.9941,35.0905
2026-07-22T15:47:39.018,49.1933,22.1116,35.2863
2026-07-22T15:47:39.040,49.2223,22.1312,35.3255
2026-07-22T15:47:39.041,49.2223,22.092,35.1688
2026-07-22T15:47:39.049,49.2223,22.092,35.1101
2026-07-22T15:47:39.061,49.2381,22.0528,35.0513
2026-07-22T15:47:39.063,49.2736,22.0724,35.208
2026-07-22T15:47:39.080,49.2827,22.1116,35.3255
2026-07-22T15:47:39.080,49.2827,22.1703,35.5604
2026-07-22T15:47:39.092,49.2897,22.2291,35.6779
2026-07-22T15:47:39.108,49.295,22.2291,35.6583
2026-07-22T15:47:39.108,49.3229,22.2095,35.58
2026-07-22T15:47:39.142,49.3229,22.1312,35.5604
2026-07-22T15:47:39.142,49.3229,22.0333,35.5996
2026-07-22T15:47:39.152,49.3229,22.0333,35.5604
2026-07-22T15:47:39.160,49.3386,21.9941,35.5408
2026-07-22T15:47:39.172,49.3386,21.9941,35.5996
2026-07-22T15:47:39.193,49.3705,21.9549,35.4821
2026-07-22T15:47:39.193,49.3705,21.9745,35.5017
2026-07-22T15:47:39.193,49.3909,21.9549,35.4429
2026-07-22T15:47:39.209,49.3909,21.8179,35.3255
2026-07-22T15:47:39.209,49.3909,21.72,35.3255
2026-07-22T15:47:39.225,49.4227,21.8374,35.3646
2026-07-22T15:47:39.240,49.4227,21.8766,35.6192
2026-07-22T15:47:39.240,49.4384,22.0333,35.8346
2026-07-22T15:47:39.261,49.4384,22.1507,35.9325
2026-07-22T15:47:39.261,49.4384,22.092,35.8933
2026-07-22T15:47:39.280,49.4705,22.0528,35.7954
2026-07-22T15:47:39.293,49.4705,21.9941,35.5996
2026-07-22T15:47:39.293,49.4865,21.9158,35.5213
2026-07-22T15:47:39.308,49.4865,21.8766,35.4821
2026-07-22T15:47:39.308,49.5021,21.7983,35.5408
2026-07-22T15:47:39.340,49.5341,21.72,35.3842
2026-07-22T15:47:39.340,49.5341,21.6612,35.1492
2026-07-22T15:47:39.340,49.5341,21.5829,35.0122
2026-07-22T15:47:39.357,49.5496,21.485,34.9143
2026-07-22T15:47:39.357,49.5496,21.5633,35.0513
2026-07-22T15:47:39.381,49.5812,21.7004,35.1296
2026-07-22T15:47:39.388,49.5812,21.8374,35.1688
2026-07-22T15:47:39.388,49.5812,21.7787,35.2667
2026-07-22T15:47:39.404,49.5969,21.6221,35.1296
2026-07-22T15:47:39.420,49.5969,21.4458,34.9338
2026-07-22T15:47:39.420,49.611,21.2304,34.6793
2026-07-22T15:47:39.451,49.6447,21.1913,34.4443
2026-07-22T15:47:39.451,49.6447,21.0542,34.1898
2026-07-22T15:47:39.451,49.6447,21.0934,34.1702
2026-07-22T15:47:39.467,49.6604,21.1521,34.2289
2026-07-22T15:47:39.481,49.6661,21.2892,34.4835
2026-07-22T15:47:39.499,49.692,21.25,34.5226
2026-07-22T15:47:39.499,49.692,21.2696,34.5031
2026-07-22T15:47:39.515,49.692,21.3283,34.6793
2026-07-22T15:47:39.515,49.692,21.25,34.6205
2026-07-22T15:47:39.530,49.7113,21.3675,34.738
2026-07-22T15:47:39.541,49.7395,21.3675,34.9143
2026-07-22T15:47:39.546,49.7395,21.4458,34.9338
2026-07-22T15:47:39.562,49.7395,21.3088,34.9338
2026-07-22T15:47:39.562,49.7552,21.2109,34.7968
2026-07-22T15:47:39.581,49.771,21.0542,34.6205
2026-07-22T15:47:39.581,49.8025,20.9759,34.5031
2026-07-22T15:47:39.609,49.8116,20.9955,34.5618
2026-07-22T15:47:39.609,49.8116,20.9955,34.6989
2026-07-22T15:47:39.609,49.8182,21.0934,34.8751
2026-07-22T15:47:39.625,49.8182,21.2304,35.1492
2026-07-22T15:47:39.641,49.8182,21.3871,35.208
2026-07-22T15:47:39.641,49.8501,21.4067,35.2863
2026-07-22T15:47:39.657,49.8501,21.4654,35.3059
2026-07-22T15:47:39.657,49.8501,21.6221,35.2471
2026-07-22T15:47:39.672,49.8709,21.6416,35.2275
2026-07-22T15:47:39.688,49.8709,21.6221,35.1688
2026-07-22T15:47:39.688,49.8818,21.4262,35.0709
2026-07-22T15:47:39.712,49.9142,21.3479,34.973
2026-07-22T15:47:39.720,49.9142,21.1913,34.9926
2026-07-22T15:47:39.720,49.9142,21.2304,35.0317
2026-07-22T15:47:39.741,49.9296,21.1913,35.208
2026-07-22T15:47:39.752,49.9296,21.2304,35.4038
2026-07-22T15:47:39.769,49.9746,21.3088,35.3646
2026-07-22T15:47:39.769,49.9746,21.5242,35.3842
2026-07-22T15:47:39.784,49.9776,21.3479,35.3646
2026-07-22T15:47:39.784,49.9776,21.2892,35.345
2026-07-22T15:47:39.800,49.9937,21.2109,35.2275
2026-07-22T15:47:39.800,49.9937,21.25,35.2275
2026-07-22T15:47:39.817,50.0251,21.1913,35.1688
2026-07-22T15:47:39.831,50.0251,21.25,35.1492
2026-07-22T15:47:39.831,50.0251,21.25,35.1296
2026-07-22T15:47:39.848,50.0408,21.25,35.0122
2026-07-22T15:47:39.848,50.0408,21.2304,35.0513
2026-07-22T15:47:39.864,50.0568,21.1717,35.0317
2026-07-22T15:47:39.883,50.0882,21.1521,35.0122
2026-07-22T15:47:39.895,50.0882,21.1521,35.1296
2026-07-22T15:47:39.895,50.0882,21.2892,35.1688
2026-07-22T15:47:39.895,50.1051,21.4067,35.2667
2026-07-22T15:47:39.911,50.1051,21.4067,35.5604
2026-07-22T15:47:39.927,50.1132,21.5046,35.58
2026-07-22T15:47:39.942,50.1355,21.3283,35.5996
2026-07-22T15:47:39.944,50.1512,21.1717,35.5604
2026-07-22T15:47:39.958,50.1512,21.0934,35.3059
2026-07-22T15:47:39.958,50.1512,21.0738,35.1492
2026-07-22T15:47:39.983,50.1681,20.9955,34.8555
2026-07-22T15:47:39.990,50.1716,20.8976,34.738
2026-07-22T15:47:39.990,50.1984,20.9367,34.601
2026-07-22T15:47:40.005,50.2151,21.0151,34.6989
2026-07-22T15:47:40.005,50.2151,21.0934,34.9143
2026-07-22T15:47:40.038,50.2307,21.3283,35.1492
2026-07-22T15:47:40.038,50.2307,21.4458,35.5017
2026-07-22T15:47:40.053,50.2623,21.6025,35.6387
2026-07-22T15:47:40.068,50.2719,21.72,35.815
2026-07-22T15:47:40.068,50.2719,21.7395,35.815
2026-07-22T15:47:40.085,50.284,21.7004,35.7758
2026-07-22T15:47:40.085,50.2913,21.6808,35.7171
2026-07-22T15:47:40.101,50.2995,21.6612,35.6583
2026-07-22T15:47:40.101,50.3065,21.5046,35.5213
2026-07-22T15:47:40.132,50.3233,21.4262,35.4625
2026-07-22T15:47:40.132,50.339,21.3479,35.4821
2026-07-22T15:47:40.142,50.3456,21.4458,35.4234
2026-07-22T15:47:40.154,50.3466,21.4067,35.3059
2026-07-22T15:47:40.168,50.3551,21.3675,35.2863
2026-07-22T15:47:40.177,50.3551,21.3088,35.2863
2026-07-22T15:47:40.178,50.3551,21.2109,35.3646
2026-07-22T15:47:40.193,50.3962,21.2696,35.5213
2026-07-22T15:47:40.193,50.3972,21.25,35.4429
2026-07-22T15:47:40.214,50.4032,21.1913,35.5408
2026-07-22T15:47:40.217,50.4101,21.2696,35.5408
2026-07-22T15:47:40.225,50.4192,21.25,35.5996
2026-07-22T15:47:40.259,50.4559,21.1521,35.5604
2026-07-22T15:47:40.260,50.4559,21.1521,35.3646
2026-07-22T15:47:40.266,50.4559,21.0151,35.1101
2026-07-22T15:47:40.269,50.4559,20.9955,34.9143
2026-07-22T15:47:40.284,50.4722,20.9171,34.6597
2026-07-22T15:47:40.295,50.4722,20.9955,34.738
2026-07-22T15:47:40.295,50.5081,21.0738,35.0122
2026-07-22T15:47:40.310,50.5081,21.1913,35.1101
2026-07-22T15:47:40.310,50.5143,21.2109,35.2863
2026-07-22T15:47:40.326,50.5239,21.2696,35.4234
2026-07-22T15:47:40.342,50.5239,21.4067,35.6975
2026-07-22T15:47:40.342,50.5239,21.4654,35.9129
2026-07-22T15:47:40.375,50.5561,21.5046,36.1674
2026-07-22T15:47:40.375,50.5561,21.4654,36.2653
2026-07-22T15:47:40.378,50.5725,21.4067,36.2457
2026-07-22T15:47:40.394,50.5725,21.3675,36.0304
2026-07-22T15:47:40.394,50.5725,21.25,35.6779
2026-07-22T15:47:40.410,50.6187,21.2304,35.58
2026-07-22T15:47:40.410,50.6187,21.4067,35.58
2026-07-22T15:47:40.426,50.6187,21.4067,35.7171
2026-07-22T15:47:40.442,50.6344,21.5242,35.8346
2026-07-22T15:47:40.442,50.6344,21.5437,35.9912
2026-07-22T15:47:40.457,50.6344,21.5633,36.2457
2026-07-22T15:47:40.473,50.6725,21.6221,36.3045
2026-07-22T15:47:40.485,50.6725,21.6612,36.3828
2026-07-22T15:47:40.489,50.6725,21.6808,36.3632
2026-07-22T15:47:40.489,50.6896,21.7591,36.5003
2026-07-22T15:47:40.504,50.6896,21.6221,36.3632
2026-07-22T15:47:40.520,50.7305,21.6025,36.2066
2026-07-22T15:47:40.536,50.7305,21.485,36.2262
2026-07-22T15:47:40.543,50.7305,21.5437,36.1283
2026-07-22T15:47:40.552,50.7305,21.6025,36.2457
2026-07-22T15:47:40.560,50.7467,21.6612,36.3828
2026-07-22T15:47:40.568,50.7779,21.7004,36.4807
2026-07-22T15:47:40.585,50.7779,21.6612,36.5395
2026-07-22T15:47:40.585,50.7779,21.5829,36.6178
2026-07-22T15:47:40.601,50.7937,21.6221,36.6961
2026-07-22T15:47:40.601,50.7937,21.6025,36.6961
2026-07-22T15:47:40.617,50.7937,21.6612,36.8528
2026-07-22T15:47:40.617,50.8094,21.72,36.8332
2026-07-22T15:47:40.648,50.8251,21.8374,37.029
2026-07-22T15:47:40.648,50.8408,21.8179,37.1465
2026-07-22T15:47:40.664,50.8408,21.8179,37.1856
2026-07-22T15:47:40.664,50.8408,21.7983,37.1269
2026-07-22T15:47:40.679,50.8894,21.7787,37.0094
2026-07-22T15:47:40.695,50.8894,21.7591,36.9311
2026-07-22T15:47:40.695,50.8894,21.8766,37.0681
2026-07-22T15:47:40.711,50.8894,21.9549,37.1073
2026-07-22T15:47:40.711,50.9045,21.9158,37.166
2026-07-22T15:47:40.726,50.9045,21.8766,37.2639
2026-07-22T15:47:40.743,50.9363,21.8179,37.3031
2026-07-22T15:47:40.758,50.9363,21.7591,37.4206
2026-07-22T15:47:40.759,50.9521,21.857,37.4206
2026-07-22T15:47:40.759,50.9521,21.8962,37.3619
2026-07-22T15:47:40.774,50.9688,21.8962,37.4989
2026-07-22T15:47:40.806,51.0005,21.9353,37.5185
2026-07-22T15:47:40.806,51.0005,21.8179,37.4793
2026-07-22T15:47:40.806,51.0005,21.857,37.401
2026-07-22T15:47:40.822,51.0005,21.8766,37.2444
2026-07-22T15:47:40.822,51.016,21.7591,36.9898
2026-07-22T15:47:40.844,51.016,21.7983,36.9898
2026-07-22T15:47:40.853,51.0465,21.8962,37.1465
2026-07-22T15:47:40.857,51.0465,21.9549,37.3619
2026-07-22T15:47:40.870,51.0622,21.857,37.3814
2026-07-22T15:47:40.870,51.0622,21.7395,37.3031
2026-07-22T15:47:40.886,51.0731,21.5829,36.9115
2026-07-22T15:47:40.901,51.0947,21.5046,36.5199
2026-07-22T15:47:40.916,51.0947,21.4654,36.2262
2026-07-22T15:47:40.916,51.0947,21.4262,36.2457
2026-07-22T15:47:40.932,51.1103,21.5829,36.2653
2026-07-22T15:47:40.932,51.1165,21.5437,36.4416
2026-07-22T15:47:40.948,51.1421,21.5046,36.559
2026-07-22T15:47:40.965,51.1421,21.3871,36.2262
2026-07-22T15:47:40.965,51.1421,21.1717,36.0108
2026-07-22T15:47:40.986,51.1578,21.0151,35.6387
2026-07-22T15:47:40.986,51.1578,20.8584,35.4429
2026-07-22T15:47:41.012,51.1898,20.878,35.3842
2026-07-22T15:47:41.012,51.2048,20.9563,35.345
2026-07-22T15:47:41.012,51.2048,20.878,35.345
2026-07-22T15:47:41.028,51.2048,20.878,35.3059
2026-07-22T15:47:41.028,51.2169,20.8192,35.2275
2026-07-22T15:47:41.060,51.2523,20.7409,35.1688
2026-07-22T15:47:41.060,51.2523,20.7801,35.1688
2026-07-22T15:47:41.060,51.2523,20.6039,35.0513
2026-07-22T15:47:41.075,51.268,20.6234,35.1492
2026-07-22T15:47:41.090,51.268,20.5451,35.2667
2026-07-22T15:47:41.090,51.3006,20.6822,35.3842
2026-07-22T15:47:41.107,51.3006,20.6626,35.4821
2026-07-22T15:47:41.122,51.3006,20.7801,35.5604
2026-07-22T15:47:41.122,51.3006,20.7213,35.5604
2026-07-22T15:47:41.138,51.3172,20.7801,35.58
2026-07-22T15:47:41.154,51.3477,20.8388,35.6387
2026-07-22T15:47:41.154,51.3477,20.878,35.7171
2026-07-22T15:47:41.171,51.3477,20.9563,35.815
2026-07-22T15:47:41.171,51.3477,20.9367,36.187
2026-07-22T15:47:41.187,51.3635,21.0346,36.4611
2026-07-22T15:47:41.202,51.4008,21.113,36.8136
2026-07-22T15:47:41.202,51.4008,21.0542,37.0486
2026-07-22T15:47:41.218,51.4058,21.0542,37.0486
2026-07-22T15:47:41.218,51.4176,20.9759,37.029
2026-07-22T15:47:41.233,51.4221,20.9955,36.9898
2026-07-22T15:47:41.249,51.4402,21.0151,36.9507
2026-07-22T15:47:41.249,51.4402,20.9367,36.8332
2026-07-22T15:47:41.275,51.4559,20.878,36.7548
2026-07-22T15:47:41.287,51.4559,20.878,36.7157
2026-07-22T15:47:41.293,51.4716,20.8388,36.7744
2026-07-22T15:47:41.310,51.5032,20.9171,36.9702
2026-07-22T15:47:41.310,51.5038,20.9759,37.166
2026-07-22T15:47:41.310,51.5109,21.0151,37.401
2026-07-22T15:47:41.326,51.5149,21.0346,37.5185
2026-07-22T15:47:41.343,51.5248,21.0738,37.5381
2026-07-22T15:47:41.354,51.5563,21.0151,37.3814
2026-07-22T15:47:41.361,51.5563,21.0151,37.3227
2026-07-22T15:47:41.373,51.5563,20.878,37.3031
2026-07-22T15:47:41.385,51.5732,20.9367,37.2835
2026-07-22T15:47:41.393,51.5732,20.9171,37.3423
2026-07-22T15:47:41.411,51.6039,20.9955,37.2444
2026-07-22T15:47:41.411,51.6039,20.8192,37.029
2026-07-22T15:47:41.411,51.6039,20.7605,36.7157
2026-07-22T15:47:41.426,51.6185,20.7801,36.4807
2026-07-22T15:47:41.443,51.6253,20.7605,36.3632
2026-07-22T15:47:41.443,51.6253,20.6626,36.3045
2026-07-22T15:47:41.458,51.6569,20.643,36.3241
2026-07-22T15:47:41.474,51.6569,20.643,36.3828
2026-07-22T15:47:41.474,51.6569,20.7213,36.5786
2026-07-22T15:47:41.495,51.6732,20.7605,36.7157
2026-07-22T15:47:41.495,51.6732,20.7997,36.8332
2026-07-22T15:47:41.511,51.7043,20.7409,36.7353
2026-07-22T15:47:41.527,51.7043,20.6626,36.7548
2026-07-22T15:47:41.527,51.7043,20.6234,36.5786
2026-07-22T15:47:41.543,51.72,20.5451,36.5786
2026-07-22T15:47:41.543,51.7525,20.5255,36.6178
2026-07-22T15:47:41.559,51.7525,20.4472,36.3828
2026-07-22T15:47:41.559,51.7525,20.4668,36.2457
2026-07-22T15:47:41.574,51.7681,20.408,36.0304
2026-07-22T15:47:41.590,51.7681,20.2906,35.952
2026-07-22T15:47:41.590,51.7994,20.271,35.8933
2026-07-22T15:47:41.622,51.7994,20.2514,36.0499
2026-07-22T15:47:41.622,51.7994,20.2906,36.0695
2026-07-22T15:47:41.622,51.8192,20.2514,36.187
2026-07-22T15:47:41.638,51.8192,20.2514,36.1478
2026-07-22T15:47:41.654,51.8624,20.1927,36.1283
2026-07-22T15:47:41.669,51.8624,20.1927,36.1283
2026-07-22T15:47:41.669,51.8624,20.1927,35.9912
2026-07-22T15:47:41.685,51.8731,20.2318,35.9325
2026-07-22T15:47:41.689,51.8782,20.0948,35.8346
2026-07-22T15:47:41.701,51.8782,20.036,35.6975
2026-07-22T15:47:41.717,51.9111,19.9577,35.7562
2026-07-22T15:47:41.717,51.9111,20.0556,35.6583
2026-07-22T15:47:41.732,51.9197,20.0164,35.7171
2026-07-22T15:47:41.743,51.9197,19.9969,35.7366
2026-07-22T15:47:41.748,51.9263,19.9773,35.7954
2026-07-22T15:47:41.764,51.958,20.0164,35.7562
2026-07-22T15:47:41.781,51.958,20.0556,35.7954
2026-07-22T15:47:41.781,51.958,20.1339,35.8933
2026-07-22T15:47:41.790,51.9731,20.2318,36.0499
2026-07-22T15:47:41.796,51.9731,20.1927,36.3632
2026-07-22T15:47:41.828,52.006,20.3297,36.4611
2026-07-22T15:47:41.828,52.02,20.2906,36.559
2026-07-22T15:47:41.828,52.02,20.2318,36.6178
2026-07-22T15:47:41.843,52.02,20.3101,36.559
2026-07-22T15:47:41.843,52.036,20.2122,36.5199
2026-07-22T15:47:41.860,52.0735,20.271,36.5395
2026-07-22T15:47:41.876,52.0735,20.2318,36.5199
2026-07-22T15:47:41.876,52.0735,20.271,36.422
2026-07-22T15:47:41.890,52.0835,20.3493,36.3437
2026-07-22T15:47:41.890,52.0835,20.2514,36.3241
2026-07-22T15:47:41.906,52.0992,20.2514,36.2653
2026-07-22T15:47:41.938,52.1313,20.3101,36.187
2026-07-22T15:47:41.938,52.1313,20.2906,36.0891
2026-07-22T15:47:41.938,52.1313,20.3885,35.952
2026-07-22T15:47:41.953,52.147,20.3101,35.952
2026-07-22T15:47:41.953,52.147,20.3101,36.0499
2026-07-22T15:47:41.969,52.1789,20.2906,36.1674
2026-07-22T15:47:41.991,52.1789,20.2906,36.1478
2026-07-22T15:47:41.991,52.1789,20.2318,36.0695
2026-07-22T15:47:42.001,52.1946,20.2318,36.0108
2026-07-22T15:47:42.001,52.1946,20.2318,36.0695
2026-07-22T15:47:42.017,52.2104,20.3101,36.187
2026-07-22T15:47:42.034,52.2421,20.1731,36.2066
2026-07-22T15:47:42.049,52.2421,20.1927,36.3241
2026-07-22T15:47:42.049,52.2421,20.2318,36.4416
2026-07-22T15:47:42.049,52.2421,20.1927,36.3437
2026-07-22T15:47:42.065,52.2588,20.1731,36.2653
2026-07-22T15:47:42.080,52.2588,20.1731,36.0891
2026-07-22T15:47:42.096,52.305,20.0556,36.0695
2026-07-22T15:47:42.096,52.3063,20.2122,36.0108
2026-07-22T15:47:42.112,52.3063,20.2122,35.9912
2026-07-22T15:47:42.112,52.3063,20.0948,36.0108
2026-07-22T15:47:42.144,52.3209,20.1535,35.8933
2026-07-22T15:47:42.144,52.3214,20.0164,35.952
2026-07-22T15:47:42.159,52.3375,20.0556,35.9325
2026-07-22T15:47:42.159,52.353,20.036,35.8737
2026-07-22T15:47:42.176,52.353,20.0164,35.9129
2026-07-22T15:47:42.176,52.353,20.0556,35.9129
2026-07-22T15:47:42.192,52.371,20.0164,35.952
2026-07-22T15:47:42.207,52.3846,20.1143,36.0304
2026-07-22T15:47:42.207,52.4003,20.1731,36.0695
2026-07-22T15:47:42.223,52.4003,20.2122,36.0695
2026-07-22T15:47:42.223,52.4003,20.2122,36.0499
2026-07-22T15:47:42.244,52.4478,20.1731,36.0891
2026-07-22T15:47:42.244,52.4478,20.2514,36.1087
2026-07-22T15:47:42.255,52.4478,20.3297,36.2262
2026-07-22T15:47:42.270,52.4635,20.408,36.422
2026-07-22T15:47:42.270,52.4635,20.408,36.559
2026-07-22T15:47:42.292,52.4951,20.3101,36.5395
2026-07-22T15:47:42.303,52.4951,20.3297,36.3632
2026-07-22T15:47:42.303,52.4951,20.2318,36.2066
2026-07-22T15:47:42.318,52.5114,20.1143,36.0695
2026-07-22T15:47:42.333,52.5209,20.0948,36.1478
2026-07-22T15:47:42.333,52.5257,20.2514,36.0891
2026-07-22T15:47:42.349,52.5412,20.1927,36.0891
2026-07-22T15:47:42.349,52.5412,20.1927,36.0108
2026-07-22T15:47:42.365,52.5563,20.271,36.0304
2026-07-22T15:47:42.386,52.5563,20.3101,36.1087
2026-07-22T15:47:42.392,52.5563,20.3493,36.1087
2026-07-22T15:47:42.406,52.6038,20.3493,36.1087
2026-07-22T15:47:42.411,52.6048,20.3297,36.1478
2026-07-22T15:47:42.411,52.6048,20.408,36.3045
2026-07-22T15:47:42.426,52.6212,20.3101,36.3437
2026-07-22T15:47:42.443,52.6253,20.3297,36.4611
2026-07-22T15:47:42.458,52.6565,20.3101,36.559
2026-07-22T15:47:42.458,52.6575,20.3297,36.7744
2026-07-22T15:47:42.458,52.658,20.408,36.8528
2026-07-22T15:47:42.494,52.658,20.4276,36.9311
2026-07-22T15:47:42.497,52.6735,20.4668,36.8919
2026-07-22T15:47:42.510,52.6892,20.5255,36.7353
2026-07-22T15:47:42.520,52.7049,20.4864,36.7157
2026-07-22T15:47:42.525,52.7049,20.4864,36.8528
2026-07-22T15:47:42.528,52.7049,20.5451,36.8332
2026-07-22T15:47:42.543,52.723,20.6234,36.794
2026-07-22T15:47:42.543,52.742,20.4472,36.6765
2026-07-22T15:47:42.559,52.742,20.3297,36.4611
2026-07-22T15:47:42.559,52.7578,20.2318,36.3241
2026-07-22T15:47:42.575,52.7578,20.1731,36.3045
2026-07-22T15:47:42.593,52.7747,20.2318,36.3828
2026-07-22T15:47:42.607,52.8053,20.271,36.5003
2026-07-22T15:47:42.612,52.8053,20.408,36.5199
2026-07-22T15:47:42.612,52.8053,20.408,36.7548
2026-07-22T15:47:42.628,52.8235,20.506,37.0094
2026-07-22T15:47:42.645,52.8235,20.5843,37.166
2026-07-22T15:47:42.645,52.8235,20.4864,37.2639
2026-07-22T15:47:42.675,52.8537,20.506,37.2639
2026-07-22T15:47:42.675,52.8537,20.4864,37.2444
2026-07-22T15:47:42.675,52.8537,20.4668,37.2444
2026-07-22T15:47:42.693,52.8687,20.4864,37.166
2026-07-22T15:47:42.693,52.8738,20.4668,37.166
2026-07-22T15:47:42.724,52.9004,20.5255,37.1269
2026-07-22T15:47:42.724,52.9004,20.4276,37.029
2026-07-22T15:47:42.724,52.9004,20.3689,36.9311
2026-07-22T15:47:42.739,52.9161,20.271,36.8919
2026-07-22T15:47:42.744,52.9479,20.1535,36.794
2026-07-22T15:47:42.770,52.9479,20.0752,36.8136
2026-07-22T15:47:42.770,52.9479,20.1143,36.9115
2026-07-22T15:47:42.786,52.9648,20.2514,36.9507
2026-07-22T15:47:42.794,52.9648,20.2318,37.1269
2026-07-22T15:47:42.803,52.9951,20.2514,37.1465
2026-07-22T15:47:42.803,52.9951,20.1339,37.166
2026-07-22T15:47:42.818,52.9951,20.1339,37.1856
2026-07-22T15:47:42.834,53.0119,20.1731,37.1073
2026-07-22T15:47:42.835,53.0212,20.1535,37.1073
2026-07-22T15:47:42.849,53.0422,20.0948,37.1465
2026-07-22T15:47:42.849,53.0422,20.036,37.166
2026-07-22T15:47:42.865,53.0422,20.1535,37.2248
2026-07-22T15:47:42.882,53.0579,20.2514,37.3227
2026-07-22T15:47:42.891,53.0579,20.2514,37.4989
2026-07-22T15:47:42.912,53.0899,20.271,37.5577
2026-07-22T15:47:42.912,53.0899,20.3101,37.773
2026-07-22T15:47:42.928,53.1057,20.2318,37.9493
2026-07-22T15:47:42.928,53.1057,20.2514,37.9101
2026-07-22T15:47:42.944,53.1378,20.1927,37.8905
2026-07-22T15:47:42.960,53.1378,20.0752,37.8122
2026-07-22T15:47:42.960,53.1378,20.0164,37.6556
2026-07-22T15:47:42.960,53.1534,19.9577,37.5772
2026-07-22T15:47:42.976,53.1534,20.0164,37.3619
2026-07-22T15:47:43.008,53.2011,20.036,37.3227
2026-07-22T15:47:43.008,53.2011,20.0164,37.3814
2026-07-22T15:47:43.008,53.2011,20.1143,37.5185
2026-07-22T15:47:43.023,53.2011,20.1535,37.7535
2026-07-22T15:47:43.023,53.217,20.271,37.9101
2026-07-22T15:47:43.039,53.217,20.271,37.8514
2026-07-22T15:47:43.055,53.2484,20.1927,37.7143
2026-07-22T15:47:43.055,53.2484,20.1731,37.5381
2026-07-22T15:47:43.071,53.2484,20.0752,37.3619
2026-07-22T15:47:43.071,53.2643,19.8794,37.3227
2026-07-22T15:47:43.087,53.2743,19.9381,37.3423
2026-07-22T15:47:43.103,53.296,19.9185,37.4402
2026-07-22T15:47:43.103,53.296,19.9185,37.5577
2026-07-22T15:47:43.118,53.296,19.9185,37.7143
2026-07-22T15:47:43.134,53.313,19.8794,37.7339
2026-07-22T15:47:43.144,53.313,19.8206,37.7339
2026-07-22T15:47:53.109,63.3037,24.2263,32.31
2026-07-22T15:47:53.109,63.3037,24.3438,32.3688
2026-07-22T15:47:53.130,63.3037,24.3829,32.4275
2026-07-22T15:47:53.158,63.3341,24.4025,32.4667
2026-07-22T15:47:53.158,63.3341,24.4417,32.3883
2026-07-22T15:47:53.158,63.3499,24.2067,32.4079
2026-07-22T15:47:53.158,63.3499,24.2263,32.3296
2026-07-22T15:47:53.174,63.36,24.3046,32.3883
2026-07-22T15:47:53.188,63.3657,24.4025,32.3883
2026-07-22T15:47:53.188,63.3988,24.3438,32.3688
2026-07-22T15:47:53.204,63.3988,24.4025,32.3492
2026-07-22T15:47:53.220,63.4129,24.3634,32.3883
2026-07-22T15:47:53.230,63.4129,24.5396,32.6625
2026-07-22T15:47:53.236,63.4129,24.7746,32.7016
2026-07-22T15:47:53.258,63.4444,24.892,32.8974
2026-07-22T15:47:53.258,63.4444,24.8529,32.917
2026-07-22T15:47:53.269,63.4601,24.5983,32.7016
2026-07-22T15:47:53.269,63.4601,24.3438,32.5646
2026-07-22T15:47:53.283,63.4601,24.1871,32.4079
2026-07-22T15:47:53.299,63.493,24.1871,32.4862
2026-07-22T15:47:53.314,63.5075,24.3242,32.5841
2026-07-22T15:47:53.314,63.5132,24.5004,32.6233
2026-07-22T15:47:53.330,63.5154,24.5787,32.7016
2026-07-22T15:47:53.330,63.5235,24.6179,32.6821
2026-07-22T15:47:53.346,63.5551,24.5396,32.545
2026-07-22T15:47:53.363,63.5607,24.3438,32.4862
2026-07-22T15:47:53.363,63.5607,24.3634,32.5058
2026-07-22T15:47:53.385,63.5708,24.3634,32.6037
2026-07-22T15:47:53.385,63.5708,24.4613,32.78
2026-07-22T15:47:53.393,63.5708,24.5983,32.9953
2026-07-22T15:47:53.409,63.6034,24.6962,33.0345
2026-07-22T15:47:53.425,63.6034,24.755,33.0541
2026-07-22T15:47:53.431,63.6034,24.7158,33.0149
2026-07-22T15:47:53.441,63.6195,24.5983,33.0932
2026-07-22T15:47:53.441,63.6195,24.6767,33.1716
2026-07-22T15:47:53.473,63.6611,24.5787,33.3282
2026-07-22T15:47:53.473,63.6611,24.7158,33.3478
2026-07-22T15:47:53.473,63.6667,24.8137,33.3282
2026-07-22T15:47:53.489,63.6667,24.7941,33.2499
2026-07-22T15:47:53.489,63.6834,24.7354,33.1716
2026-07-22T15:47:53.521,63.7121,24.6571,33.0737
2026-07-22T15:47:53.521,63.7131,24.6375,33.0737
2026-07-22T15:47:53.531,63.7191,24.6179,33.1128
2026-07-22T15:47:53.537,63.7247,24.755,33.2891
2026-07-22T15:47:53.537,63.7247,24.7941,33.387
2026-07-22T15:47:53.559,63.7559,24.892,33.4849
2026-07-22T15:47:53.577,63.7614,24.755,33.3674
2026-07-22T15:47:53.582,63.7614,24.5396,33.2499
2026-07-22T15:47:53.589,63.7719,24.3829,33.2303
2026-07-22T15:47:53.595,63.7719,24.4025,33.3478
2026-07-22T15:47:53.610,63.8088,24.6767,33.524
2026-07-22T15:47:53.610,63.8102,24.8333,33.6219
2026-07-22T15:47:53.631,63.8172,25.0291,33.7198
2026-07-22T15:47:53.631,63.8218,24.892,33.6415
2026-07-22T15:47:53.642,63.8247,24.7354,33.4849
2026-07-22T15:47:53.659,63.8413,24.6571,33.5044
2026-07-22T15:47:53.659,63.8413,24.5983,33.4849
2026-07-22T15:47:53.683,63.8617,24.5787,33.4457
2026-07-22T15:47:53.692,63.8617,24.5787,33.4849
2026-07-22T15:47:53.711,63.8885,24.5983,33.4457
2026-07-22T15:47:53.711,63.8885,24.6767,33.5632
2026-07-22T15:47:53.711,63.8885,24.8137,33.6023
2026-07-22T15:47:53.732,63.9042,24.7941,33.4849
2026-07-22T15:47:53.732,63.9369,24.7158,33.3478
2026-07-22T15:47:53.758,63.9405,24.6179,33.387
2026-07-22T15:47:53.758,63.9405,24.5396,33.2303
2026-07-22T15:47:53.758,63.9405,24.4221,33.2695
2026-07-22T15:47:53.774,63.9795,24.4025,33.3086
2026-07-22T15:47:53.795,63.9886,24.3634,33.3674
2026-07-22T15:47:53.795,63.9886,24.4025,33.4457
2026-07-22T15:47:53.810,63.9886,24.5983,33.4653
2026-07-22T15:47:53.810,63.9886,24.5592,33.4653
2026-07-22T15:47:53.826,64.0199,24.5396,33.4261
2026-07-22T15:47:53.832,64.0358,24.3829,33.2891
2026-07-22T15:47:53.849,64.0358,24.3242,33.2499
2026-07-22T15:47:53.859,64.0358,24.2263,33.2303
2026-07-22T15:47:53.859,64.0525,24.1088,33.1128
2026-07-22T15:47:53.874,64.0672,24.148,33.152
2026-07-22T15:47:53.890,64.084,24.0892,33.2107
2026-07-22T15:47:53.890,64.0885,24.1088,33.2499
2026-07-22T15:47:53.906,64.0885,24.148,33.3086
2026-07-22T15:47:53.906,64.0986,24.1088,33.3086
2026-07-22T15:47:53.922,64.101,24.148,33.4457
2026-07-22T15:47:53.937,64.1306,24.3634,33.4457
2026-07-22T15:47:53.937,64.1306,24.3634,33.5436
2026-07-22T15:47:53.959,64.1464,24.3046,33.5632
2026-07-22T15:47:53.971,64.1464,24.1871,33.4653
2026-07-22T15:47:53.971,64.1464,24.0109,33.4849
2026-07-22T15:47:53.985,64.1782,24.0892,33.524
2026-07-22T15:47:53.985,64.1782,24.1088,33.524
2026-07-22T15:47:54.016,64.1949,24.0892,33.4849
2026-07-22T15:47:54.016,64.1949,24.1676,33.6023
2026-07-22T15:47:54.032,64.226,24.148,33.5828
2026-07-22T15:47:54.048,64.226,24.1871,33.6415
2026-07-22T15:47:54.048,64.226,24.1871,33.6219
2026-07-22T15:47:54.065,64.226,24.1284,33.5632
2026-07-22T15:47:54.065,64.2428,24.2067,33.5632
2026-07-22T15:47:54.083,64.2635,24.2655,33.524
2026-07-22T15:47:54.083,64.2735,24.1284,33.4653
2026-07-22T15:47:54.096,64.2735,24.0501,33.4261
2026-07-22T15:47:54.096,64.2891,24.1284,33.4457
2026-07-22T15:47:54.113,64.3049,24.148,33.5044
2026-07-22T15:47:54.133,64.3217,24.148,33.5828
2026-07-22T15:47:54.133,64.3217,24.148,33.6415
2026-07-22T15:47:54.143,64.3363,24.0696,33.4457
2026-07-22T15:47:54.143,64.3363,23.913,33.2499
2026-07-22T15:47:54.159,64.371,23.8151,33.2499
2026-07-22T15:47:54.175,64.371,23.9522,33.3478
2026-07-22T15:47:54.192,64.371,24.0305,33.524
2026-07-22T15:47:54.192,64.371,24.1088,33.7786
2026-07-22T15:47:54.206,64.3836,24.1871,33.8177
2026-07-22T15:47:54.222,64.415,24.148,33.7982
2026-07-22T15:47:54.238,64.415,24.0892,33.7394
2026-07-22T15:47:54.241,64.415,23.9522,33.5828
2026-07-22T15:47:54.241,64.415,23.8738,33.5436
2026-07-22T15:47:54.259,64.4308,23.8347,33.4065
2026-07-22T15:47:54.259,64.4624,23.8738,33.4261
2026-07-22T15:47:54.269,64.464,23.9522,33.4457
2026-07-22T15:47:54.285,64.464,24.0305,33.4457
2026-07-22T15:47:54.301,64.4785,24.1088,33.4849
2026-07-22T15:47:54.317,64.5106,24.285,33.6807
2026-07-22T15:47:54.317,64.5106,24.3438,33.7394
2026-07-22T15:47:54.317,64.5106,24.5592,33.7982
2026-07-22T15:47:54.334,64.5106,24.5004,33.759
2026-07-22T15:47:54.348,64.5266,24.5787,33.9352
2026-07-22T15:47:54.359,64.5575,24.6375,33.9744
2026-07-22T15:47:54.366,64.5641,24.6571,34.2093
2026-07-22T15:47:54.381,64.5641,24.5983,34.1506
2026-07-22T15:47:54.381,64.5732,24.4808,34.0135
2026-07-22T15:47:54.397,64.5732,24.4417,34.0331
2026-07-22T15:47:54.412,64.6057,24.4417,33.9744
2026-07-22T15:47:54.412,64.6207,24.5983,34.0919
2026-07-22T15:47:54.427,64.6218,24.6375,34.2093
2026-07-22T15:47:54.443,64.6218,24.7158,34.3073
2026-07-22T15:47:54.443,64.6218,24.7158,34.3073
2026-07-22T15:47:54.476,64.6687,24.6571,34.2485
2026-07-22T15:47:54.476,64.6687,24.5983,34.1702
2026-07-22T15:47:54.476,64.6687,24.5396,34.0919
2026-07-22T15:47:54.491,64.6687,24.5396,34.1898
2026-07-22T15:47:54.492,64.6687,24.5396,34.3268
2026-07-22T15:47:54.507,64.6845,24.6375,34.4052
2026-07-22T15:47:54.507,64.7175,24.5787,34.4639
2026-07-22T15:47:54.534,64.7175,24.5592,34.4443
2026-07-22T15:47:54.539,64.7175,24.6179,34.4835
2026-07-22T15:47:54.539,64.7325,24.4808,34.3856
2026-07-22T15:47:54.554,64.7325,24.52,34.4835
2026-07-22T15:47:54.571,64.7802,24.6571,34.5618
2026-07-22T15:47:54.571,64.7802,24.8529,34.7184
2026-07-22T15:47:54.587,64.7898,25.0487,34.8359
2026-07-22T15:47:54.602,64.7959,25.1858,35.0513
2026-07-22T15:47:54.602,64.7959,25.2641,35.1688
2026-07-22T15:47:54.618,64.8388,25.2445,35.0513
2026-07-22T15:47:54.635,64.8413,24.9312,34.8555
2026-07-22T15:47:54.635,64.8413,24.6375,34.7184
2026-07-22T15:47:54.650,64.8413,24.5787,34.5814
2026-07-22T15:47:54.660,64.8413,24.5004,34.5226
2026-07-22T15:47:54.666,64.8582,24.5787,34.4639
2026-07-22T15:47:54.688,64.8899,24.3829,34.4247
2026-07-22T15:47:54.703,64.8899,24.3438,34.3268
2026-07-22T15:47:54.703,64.8899,24.1871,34.2093
2026-07-22T15:47:54.710,64.8899,24.1676,34.1702
2026-07-22T15:47:54.711,64.9055,24.1284,34.1898
2026-07-22T15:47:54.728,64.9055,24.1284,34.131
2026-07-22T15:47:54.743,64.9485,24.0109,34.3464
2026-07-22T15:47:54.743,64.9495,24.148,34.1898
2026-07-22T15:47:54.760,64.9555,24.0892,34.1898
2026-07-22T15:47:54.760,64.958,24.0696,34.1702
2026-07-22T15:47:54.775,64.9658,24.0305,34.0331
2026-07-22T15:47:54.775,64.9658,23.8738,34.0135
2026-07-22T15:47:54.813,64.9993,23.7955,33.9352
2026-07-22T15:47:54.813,64.9993,23.7564,33.8569
2026-07-22T15:47:54.823,65.0067,23.6193,33.759
2026-07-22T15:47:54.828,65.0067,23.5997,33.759
2026-07-22T15:47:54.836,65.0217,23.5605,33.7982
2026-07-22T15:47:54.845,65.0422,23.6585,33.8177
2026-07-22T15:47:54.860,65.0422,23.6585,33.7198
2026-07-22T15:47:54.869,65.058,23.7368,33.5828
2026-07-22T15:47:54.877,65.0661,23.8151,33.7198
2026-07-22T15:47:54.892,65.0747,23.6585,33.6807
2026-07-22T15:47:54.892,65.1068,23.678,33.7394
2026-07-22T15:47:54.912,65.1068,23.6585,33.6611
2026-07-22T15:47:54.912,65.1068,23.5018,33.5436
2026-07-22T15:47:54.928,65.1213,23.2864,33.3674
2026-07-22T15:47:54.945,65.1213,23.1298,33.2891
2026-07-22T15:47:54.945,65.1321,23.1689,33.1912
2026-07-22T15:47:54.961,65.1531,23.1689,33.1912
2026-07-22T15:47:54.976,65.1531,23.2081,33.0932
2026-07-22T15:47:54.977,65.1688,23.1885,33.152
2026-07-22T15:47:54.977,65.1688,23.2473,32.9953
2026-07-22T15:47:55.002,65.1688,23.1298,32.8779
2026-07-22T15:47:55.007,65.2003,23.0319,32.8974
2026-07-22T15:47:55.023,65.2003,23.0514,32.8583
2026-07-22T15:47:55.023,65.217,22.9731,32.9758
2026-07-22T15:47:55.039,65.217,23.1298,33.0345
2026-07-22T15:47:55.054,65.2326,23.1494,32.9758
2026-07-22T15:47:55.070,65.2481,23.0123,32.9953
2026-07-22T15:47:55.070,65.2481,23.0123,32.9758
2026-07-22T15:47:55.070,65.2669,22.934,32.9758
2026-07-22T15:47:55.087,65.2669,23.0123,33.0345
2026-07-22T15:47:55.103,65.2819,23.0319,33.0541
2026-07-22T15:47:55.118,65.3117,22.9731,32.9758
2026-07-22T15:47:55.118,65.3117,22.8165,32.917
2026-07-22T15:47:55.118,65.3117,22.9144,32.9366
2026-07-22T15:47:55.137,65.3117,22.934,32.9953
2026-07-22T15:47:55.152,65.3275,23.071,33.1912
2026-07-22T15:47:55.166,65.3593,23.071,33.2107
2026-07-22T15:47:55.166,65.3673,23.0514,33.2303
2026-07-22T15:47:55.182,65.3673,23.0319,33.1912
2026-07-22T15:47:55.182,65.3753,23.0319,33.1912
2026-07-22T15:47:55.197,65.3763,23.0123,33.1128
2026-07-22T15:47:55.229,65.4082,23.0319,33.152
2026-07-22T15:47:55.229,65.4082,22.9535,33.2107
2026-07-22T15:47:55.229,65.4082,23.0319,33.2303
2026-07-22T15:47:55.237,65.4232,22.9927,33.2107
2026-07-22T15:47:55.246,65.4389,22.9927,33.0737
2026-07-22T15:47:55.246,65.455,22.9144,32.9953
2026-07-22T15:47:55.278,65.4707,22.9535,33.0932
2026-07-22T15:47:55.278,65.4707,23.0319,33.1324
2026-07-22T15:47:55.293,65.4707,23.306,33.4457
2026-07-22T15:47:55.293,65.4863,23.5997,33.759
2026-07-22T15:47:55.309,65.4905,23.7759,34.0919
2026-07-22T15:47:55.325,65.5179,23.8347,34.2289
2026-07-22T15:47:55.325,65.5179,23.8151,34.3464
2026-07-22T15:47:55.341,65.5179,23.6585,34.3268
2026-07-22T15:47:55.341,65.5347,23.6389,34.2877
2026-07-22T15:47:55.360,65.5347,23.678,34.3856
2026-07-22T15:47:55.374,65.5681,23.9326,34.4247
2026-07-22T15:47:55.374,65.5681,23.9326,34.4443
2026-07-22T15:47:55.388,65.5816,23.8347,34.3464
2026-07-22T15:47:55.388,65.5816,23.7368,34.2681
2026-07-22T15:47:55.405,65.5975,23.6193,34.0135
2026-07-22T15:47:55.420,65.6132,23.541,33.8961
2026-07-22T15:47:55.438,65.6289,23.5605,33.7982
2026-07-22T15:47:55.438,65.63,23.5801,33.8961
2026-07-22T15:47:55.452,65.63,23.6585,34.0527
2026-07-22T15:47:55.460,65.63,23.678,34.1114
2026-07-22T15:47:55.483,65.6682,23.7368,34.0919
2026-07-22T15:47:55.483,65.6682,23.678,33.994
2026-07-22T15:47:55.483,65.6682,23.541,33.9548
2026-07-22T15:47:55.500,65.6767,23.3647,33.8177
2026-07-22T15:47:55.500,65.6767,23.3843,33.8569
2026-07-22T15:47:55.516,65.7081,23.541,33.9156
2026-07-22T15:47:55.531,65.7081,23.6976,34.1114
2026-07-22T15:47:55.547,65.7244,23.8934,34.3268
2026-07-22T15:47:55.547,65.7244,23.9522,34.3464
2026-07-22T15:47:55.562,65.756,23.8738,34.2485
2026-07-22T15:47:55.578,65.756,23.7172,34.1702
2026-07-22T15:47:55.578,65.756,23.4822,34.0919
2026-07-22T15:47:55.594,65.7716,23.3843,33.8961
2026-07-22T15:47:55.594,65.7716,23.3452,33.8765
2026-07-22T15:47:55.610,65.8033,23.4431,33.7786
2026-07-22T15:47:55.626,65.8033,23.5018,33.8569
2026-07-22T15:47:55.626,65.819,23.5997,33.7786
2026-07-22T15:47:55.642,65.819,23.5605,33.7394
2026-07-22T15:47:55.642,65.8506,23.4235,33.6611
2026-07-22T15:47:55.661,65.8506,23.3647,33.6023
2026-07-22T15:47:55.661,65.8506,23.2864,33.5828
2026-07-22T15:47:55.673,65.8689,23.2277,33.6219
2026-07-22T15:47:55.689,65.8689,23.1885,33.7198
2026-07-22T15:47:55.705,65.8985,23.2081,33.7786
2026-07-22T15:47:55.705,65.8985,23.1885,33.7982
2026-07-22T15:47:55.721,65.9153,23.0514,33.7198
2026-07-22T15:47:55.721,65.9153,23.1102,33.6415
2026-07-22T15:47:55.739,65.9317,22.9927,33.6415
2026-07-22T15:47:55.753,65.9414,23.1298,33.6415
2026-07-22T15:47:55.761,65.9693,23.071,33.6415
2026-07-22T15:47:55.768,65.9751,23.0123,33.524
2026-07-22T15:47:55.768,65.984,22.9927,33.524
2026-07-22T15:47:55.785,65.9897,22.934,33.5436
2026-07-22T15:47:55.800,65.9912,22.9535,33.6611
2026-07-22T15:47:55.813,65.9912,22.8752,33.6807
2026-07-22T15:47:55.828,66.0214,22.8361,33.6611
2026-07-22T15:47:55.828,66.0214,22.8752,33.759
2026-07-22T15:47:55.839,66.0395,22.8556,33.7982
2026-07-22T15:47:55.849,66.0433,22.9927,33.8765
2026-07-22T15:47:55.861,66.0515,23.0319,33.7198
2026-07-22T15:47:55.861,66.0581,23.0123,33.6807
2026-07-22T15:47:55.876,66.0914,22.8165,33.6219
2026-07-22T15:47:55.891,66.0914,22.8556,33.4653
2026-07-22T15:47:55.891,66.0914,22.8361,33.5436
2026-07-22T15:47:55.912,66.107,23.0906,33.7003
2026-07-22T15:47:55.921,66.107,23.2081,33.8961
2026-07-22T15:47:55.932,66.107,23.2668,34.0331
2026-07-22T15:47:55.945,66.1381,23.3647,34.131
2026-07-22T15:47:55.945,66.1567,23.306,34.131
2026-07-22T15:47:55.960,66.1587,23.1689,34.0919
2026-07-22T15:47:55.961,66.1587,23.0906,34.0723
2026-07-22T15:47:55.977,66.17,23.1298,34.1898
2026-07-22T15:47:55.992,66.207,23.1494,34.2093
2026-07-22T15:47:56.008,66.2081,23.0319,34.2877
2026-07-22T15:47:56.008,66.2081,22.9731,34.1114
2026-07-22T15:47:56.008,66.2081,22.7969,33.994
2026-07-22T15:47:56.029,66.2211,22.7186,33.8177
2026-07-22T15:47:56.040,66.2211,22.6794,33.6807
2026-07-22T15:47:56.045,66.238,22.7186,33.6807
2026-07-22T15:47:56.074,66.2536,22.8361,33.7198
2026-07-22T15:47:56.074,66.2691,22.9731,33.8569
2026-07-22T15:47:56.078,66.2706,23.0514,33.9744
2026-07-22T15:47:56.091,66.2706,23.0319,33.9548
2026-07-22T15:47:56.091,66.2857,22.8948,33.7786
2026-07-22T15:47:56.124,66.3178,22.6598,33.759
2026-07-22T15:47:56.124,66.3178,22.5619,33.7982
2026-07-22T15:47:56.124,66.3178,22.7382,33.7394
2026-07-22T15:47:56.141,66.333,22.8948,33.8177
2026-07-22T15:47:56.141,66.333,22.9144,33.8765
2026-07-22T15:47:56.161,66.333,23.0123,33.8961
2026-07-22T15:47:56.188,66.3711,22.7577,33.9352
2026-07-22T15:47:56.188,66.3711,22.7577,33.7786
2026-07-22T15:47:56.188,66.3802,22.6598,33.6807
2026-07-22T15:47:56.203,66.3802,22.6598,33.759
2026-07-22T15:47:56.203,66.3968,22.699,33.759
2026-07-22T15:47:56.234,66.428,22.7382,33.7982
2026-07-22T15:47:56.234,66.428,22.7577,33.7786
2026-07-22T15:47:56.241,66.428,22.6011,33.7198
2026-07-22T15:47:56.250,66.4437,22.5423,33.524
2026-07-22T15:47:56.261,66.4437,22.4836,33.4065
2026-07-22T15:47:56.267,66.4437,22.6403,33.4261
2026-07-22T15:47:56.282,66.4756,22.7773,33.5436
2026-07-22T15:47:56.285,66.4756,23.0514,33.7394
2026-07-22T15:47:56.298,66.4912,23.0319,33.9352
2026-07-22T15:47:56.314,66.4912,22.9927,33.8961
2026-07-22T15:47:56.314,66.4912,22.8752,33.9156
2026-07-22T15:47:56.330,66.5227,22.7969,33.8373
2026-07-22T15:47:56.346,66.5227,22.9144,34.0527
2026-07-22T15:47:56.346,66.5384,23.1298,34.2485
2026-07-22T15:47:56.361,66.5384,23.2277,34.5422
2026-07-22T15:47:56.361,66.5384,23.3647,34.6597
2026-07-22T15:47:56.393,66.5867,23.2473,34.6597
2026-07-22T15:47:56.393,66.5867,23.1102,34.4247
2026-07-22T15:47:56.393,66.5913,22.9927,34.3464
2026-07-22T15:47:56.408,66.5913,22.8361,34.2877
2026-07-22T15:47:56.424,66.6024,22.8752,34.2485
2026-07-22T15:47:56.425,66.6339,22.9535,34.2485
2026-07-22T15:47:56.442,66.6349,22.7969,34.2485
2026-07-22T15:47:56.442,66.6349,22.7186,34.1898
2026-07-22T15:47:56.461,66.6349,22.7382,34.1898
2026-07-22T15:47:56.472,66.6505,22.8165,34.2485
2026-07-22T15:47:56.472,66.6505,22.8361,34.2681
2026-07-22T15:47:56.488,66.6912,22.8948,34.4443
2026-07-22T15:47:56.488,66.6912,22.9144,34.601
2026-07-22T15:47:56.505,66.7016,22.8948,34.5618
2026-07-22T15:47:56.520,66.7047,22.7773,34.5031
2026-07-22T15:47:56.535,66.729,22.699,34.4052
2026-07-22T15:47:56.552,66.729,22.6598,34.4639
2026-07-22T15:47:56.552,66.729,22.6403,34.3856
2026-07-22T15:47:56.561,66.7452,22.699,34.4247
2026-07-22T15:47:56.572,66.7452,22.8165,34.366
2026-07-22T15:47:56.575,66.7765,22.7382,34.2485
2026-07-22T15:47:56.599,66.7765,22.6207,34.2289
2026-07-22T15:47:56.599,66.7765,22.6011,34.1114
2026-07-22T15:47:56.599,66.7926,22.6207,34.1506
2026-07-22T15:47:56.615,66.7926,22.7186,34.2681
2026-07-22T15:47:56.631,66.8093,22.7577,34.2093
2026-07-22T15:47:56.631,66.8244,22.699,34.131
2026-07-22T15:47:56.646,66.8401,22.6011,34.0919
2026-07-22T15:47:56.646,66.8401,22.464,33.9548
2026-07-22T15:47:56.663,66.8401,22.3857,33.8961
2026-07-22T15:47:56.679,66.8559,22.4053,34.0723
2026-07-22T15:47:56.694,66.8731,22.4444,34.1114
2026-07-22T15:47:56.694,66.8877,22.6794,34.1898
2026-07-22T15:47:56.710,66.8918,22.7186,34.2681
2026-07-22T15:47:56.710,66.8918,22.8556,34.4835
2026-07-22T15:47:56.726,66.9043,22.934,34.5422
2026-07-22T15:47:56.743,66.9195,22.9731,34.5618
2026-07-22T15:47:56.743,66.9195,22.8556,34.5422
2026-07-22T15:47:56.762,66.9373,22.8556,34.5422
2026-07-22T15:47:56.774,66.9373,22.8361,34.6205
2026-07-22T15:47:56.789,66.9795,22.8361,34.6401
2026-07-22T15:47:56.789,66.9795,22.934,34.6401
2026-07-22T15:47:56.789,66.983,22.7969,34.5422
2026-07-22T15:47:56.807,66.9991,22.6207,34.4835
2026-07-22T15:47:56.807,66.9991,22.5032,34.2877
2026-07-22T15:47:56.837,67.0307,22.4249,34.2681
2026-07-22T15:47:56.837,67.0307,22.3465,34.2877
2026-07-22T15:47:56.853,67.0307,22.4249,34.2093
2026-07-22T15:47:56.862,67.0497,22.2878,34.1702
2026-07-22T15:47:56.869,67.0557,22.3857,33.9744
2026-07-22T15:47:56.885,67.0747,22.327,33.994
2026-07-22T15:47:56.885,67.0923,22.2682,33.8569
2026-07-22T15:47:56.901,67.0923,22.2291,33.8961
2026-07-22T15:47:56.916,67.0923,22.2486,33.8177
2026-07-22T15:47:56.924,67.1077,22.3465,33.994
2026-07-22T15:47:56.931,67.1077,22.4249,34.0527
2026-07-22T15:47:56.945,67.1384,22.5423,34.1114
2026-07-22T15:47:56.945,67.1545,22.6011,34.1702
2026-07-22T15:47:56.962,67.1636,22.6011,34.2093
2026-07-22T15:47:56.962,67.1686,22.5228,34.2681
2026-07-22T15:47:56.978,67.1746,22.4444,34.1702
2026-07-22T15:47:56.992,67.1859,22.327,34.1506
2026-07-22T15:47:56.992,67.2082,22.2878,34.0135
2026-07-22T15:47:57.008,67.2082,22.3074,33.9744
2026-07-22T15:47:57.008,67.2226,22.2682,33.9744
2026-07-22T15:47:57.038,67.2226,22.3661,33.8765
2026-07-22T15:47:57.047,67.2226,22.327,33.9156
2026-07-22T15:47:57.054,67.2391,22.4053,33.9744
2026-07-22T15:47:57.078,67.2733,22.3857,33.994
2026-07-22T15:47:57.078,67.2748,22.464,34.0527
2026-07-22T15:47:57.078,67.2758,22.5815,34.131
2026-07-22T15:47:57.093,67.2758,22.6011,34.1898
2026-07-22T15:47:57.093,67.2758,22.4249,34.2093
2026-07-22T15:47:57.109,67.2758,22.327,34.2485
2026-07-22T15:47:57.125,67.3237,22.327,34.1702
2026-07-22T15:47:57.125,67.3237,22.3661,34.1114
2026-07-22T15:47:57.143,67.3394,22.4053,34.2093
2026-07-22T15:47:57.146,67.3404,22.5619,34.366
2026-07-22T15:47:57.163,67.3554,22.6403,34.5226
2026-07-22T15:47:57.163,67.3753,22.7186,34.6597
2026-07-22T15:47:57.178,67.3753,22.7186,34.6205
2026-07-22T15:47:57.194,67.3873,22.6403,34.5422
2026-07-22T15:47:57.194,67.393,22.4444,34.5031
2026-07-22T15:47:57.210,67.393,22.4053,34.4835
2026-07-22T15:47:57.210,67.403,22.464,34.5618
2026-07-22T15:47:57.225,67.4345,22.6794,34.6597
2026-07-22T15:47:57.245,67.4345,22.7969,34.7772
2026-07-22T15:47:57.245,67.4345,22.7969,34.7772
2026-07-22T15:47:57.263,67.4503,22.7969,34.738
2026-07-22T15:47:57.263,67.4503,22.7577,34.601
2026-07-22T15:47:57.273,67.4827,22.5619,34.5422
2026-07-22T15:47:57.290,67.4827,22.5815,34.6793
2026-07-22T15:47:57.290,67.4933,22.5619,34.601
2026-07-22T15:47:57.305,67.4979,22.6207,34.7772
2026-07-22T15:47:57.320,67.4979,22.6207,34.7576
2026-07-22T15:47:57.320,67.5319,22.5815,34.7772
2026-07-22T15:47:57.353,67.5454,22.5815,34.8164
2026-07-22T15:47:57.353,67.5454,22.4836,34.8359
2026-07-22T15:47:57.363,67.5454,22.4836,34.7772
2026-07-22T15:47:57.368,67.5454,22.5423,34.7968
2026-07-22T15:47:57.368,67.5612,22.5815,34.7968
2026-07-22T15:47:57.402,67.594,22.6011,34.738
2026-07-22T15:47:57.402,67.594,22.5815,34.9143
2026-07-22T15:47:57.415,67.594,22.6403,35.0513
2026-07-22T15:47:57.415,67.6095,22.5619,34.9534
2026-07-22T15:47:57.431,67.6095,22.5228,34.8164
2026-07-22T15:47:57.431,67.641,22.3857,34.6989
2026-07-22T15:47:57.448,67.641,22.2486,34.5226
2026-07-22T15:47:57.464,67.6567,22.2095,34.3856
2026-07-22T15:47:57.464,67.6567,22.2095,34.366
2026-07-22T15:47:57.479,67.6567,22.1507,34.4052
2026-07-22T15:47:57.495,67.6936,22.092,34.4443
2026-07-22T15:47:57.511,67.7047,22.1703,34.4247
2026-07-22T15:47:57.511,67.7047,22.1116,34.3073
2026-07-22T15:47:57.511,67.7047,22.1312,34.2093
2026-07-22T15:47:57.527,67.7204,22.0724,34.0527
2026-07-22T15:47:57.543,67.7204,22.092,34.0723
2026-07-22T15:47:57.546,67.7523,22.2486,34.0919
2026-07-22T15:47:57.564,67.7523,22.327,34.2485
2026-07-22T15:47:57.575,67.7523,22.2291,34.1114
2026-07-22T15:47:57.575,67.769,22.2878,34.0723
2026-07-22T15:47:57.590,67.769,22.2095,33.9548
2026-07-22T15:47:57.606,67.7997,22.2878,33.9744
2026-07-22T15:47:57.622,67.8155,22.2291,34.0135
2026-07-22T15:47:57.622,67.8155,22.2486,34.131
2026-07-22T15:47:57.622,67.8155,22.2291,34.3268
2026-07-22T15:47:57.639,67.8155,22.2095,34.366
2026-07-22T15:47:57.647,67.8317,22.1507,34.2877
2026-07-22T15:47:57.670,67.8631,22.0724,34.131
2026-07-22T15:47:57.670,67.8631,21.9353,34.0135
2026-07-22T15:47:57.670,67.8631,21.8766,33.9548
2026-07-22T15:47:57.685,67.8789,21.8374,33.9352
2026-07-22T15:47:57.701,67.8789,21.9353,33.9352
2026-07-22T15:47:57.719,67.9118,21.9158,33.8373
2026-07-22T15:47:57.733,67.9118,21.8962,33.7982
2026-07-22T15:47:57.733,67.9118,21.7787,33.7982
2026-07-22T15:47:57.733,67.9274,21.7787,33.7394
2026-07-22T15:47:57.749,67.9274,21.7591,33.6611
2026-07-22T15:47:57.749,67.9274,21.5829,33.6023
2026-07-22T15:47:57.782,67.9595,21.5829,33.6023
2026-07-22T15:47:57.782,67.9595,21.5046,33.6807
2026-07-22T15:47:57.782,67.9777,21.5437,33.7003
2026-07-22T15:47:57.797,67.986,21.5829,33.6807
2026-07-22T15:47:57.797,67.9906,21.5633,33.6807
2026-07-22T15:47:57.829,68.0224,21.5829,33.759
2026-07-22T15:47:57.829,68.0224,21.5829,33.8373
2026-07-22T15:47:57.848,68.0224,21.6416,33.7982
2026-07-22T15:47:57.848,68.0224,21.6808,33.9352
2026-07-22T15:47:57.861,68.0385,21.7395,33.994
2026-07-22T15:47:57.877,68.0745,21.7983,34.0135
2026-07-22T15:47:57.877,68.0755,21.8374,34.0919
2026-07-22T15:47:57.892,68.0782,21.7787,34.0527
2026-07-22T15:47:57.892,68.0782,21.7591,34.131
2026-07-22T15:47:57.908,68.0863,21.7787,34.1506
2026-07-22T15:47:57.924,68.1183,21.8374,34.2485
2026-07-22T15:47:57.924,68.1183,21.9158,34.2877
2026-07-22T15:47:57.943,68.1183,22.0724,34.3856
2026-07-22T15:47:57.948,68.1334,21.857,34.366
2026-07-22T15:47:57.956,68.1334,21.8374,34.4247
2026-07-22T15:47:57.972,68.1703,21.8179,34.5618
2026-07-22T15:47:57.972,68.1748,22.0137,34.6597
2026-07-22T15:47:57.988,68.1834,22.1703,34.8164
2026-07-22T15:47:58.003,68.1894,22.3074,35.0317
2026-07-22T15:47:58.003,68.1946,22.2095,35.0317
2026-07-22T15:47:58.037,68.2233,22.2682,35.0905
2026-07-22T15:47:58.037,68.2233,22.2291,35.0905
2026-07-22T15:47:58.043,68.2233,22.2878,35.1296
2026-07-22T15:47:58.053,68.2233,22.3857,35.1884
2026-07-22T15:47:58.061,68.2401,22.3465,35.3842
2026-07-22T15:47:58.078,68.2738,22.4249,35.4429
2026-07-22T15:47:58.078,68.2777,22.4444,35.4821
2026-07-22T15:47:58.093,68.2842,22.2878,35.4038
2026-07-22T15:47:58.093,68.2936,22.2486,35.4038
2026-07-22T15:47:58.110,68.3036,22.1899,35.4234
