wall_time,elapsed_s,F1_N,F2_N
2026-07-22T15:44:13.058,0.0,23.4039,20.6986
2026-07-22T15:44:13.059,0.0157,23.2864,20.5811
2026-07-22T15:44:13.074,0.0157,23.2864,20.4441
2026-07-22T15:44:13.074,0.0316,23.3452,20.4637
2026-07-22T15:44:13.091,0.058,23.2473,20.4832
2026-07-22T15:44:13.105,0.0618,23.3843,20.6007
2026-07-22T15:44:13.105,0.0649,23.3452,20.6007
2026-07-22T15:44:13.121,0.068,23.3647,20.6203
2026-07-22T15:44:13.121,0.0714,23.3452,20.5616
2026-07-22T15:44:13.149,0.0904,23.3647,20.6007
2026-07-22T15:44:13.157,0.0904,23.2864,20.6203
2026-07-22T15:44:13.166,0.1064,23.1298,20.6203
2026-07-22T15:44:13.177,0.1064,22.9927,20.5811
2026-07-22T15:44:13.177,0.1343,23.0514,20.5811
2026-07-22T15:44:13.196,0.1343,22.9535,20.6007
2026-07-22T15:44:13.196,0.1343,22.9927,20.5616
2026-07-22T15:44:13.219,0.1526,23.0123,20.6007
2026-07-22T15:44:13.226,0.1704,23.0514,20.6986
2026-07-22T15:44:13.226,0.1704,23.0123,20.7574
2026-07-22T15:44:13.240,0.1833,23.0514,20.8161
2026-07-22T15:44:13.257,0.1901,23.0319,20.7574
2026-07-22T15:44:13.260,0.2137,23.0319,20.8749
2026-07-22T15:44:13.276,0.2192,23.0906,20.8944
2026-07-22T15:44:13.289,0.2219,23.1102,20.7769
2026-07-22T15:44:13.296,0.2219,23.1298,20.8749
2026-07-22T15:44:13.307,0.2501,23.2081,20.8553
2026-07-22T15:44:13.307,0.2501,23.071,20.8161
2026-07-22T15:44:13.327,0.2501,23.071,20.8357
2026-07-22T15:44:13.327,0.2667,23.071,20.7965
2026-07-22T15:44:13.340,0.2906,23.2081,20.8749
2026-07-22T15:44:13.355,0.2983,23.3452,20.9532
2026-07-22T15:44:13.355,0.2983,23.4235,21.0511
2026-07-22T15:44:13.372,0.3149,23.4626,21.0511
2026-07-22T15:44:13.372,0.3319,23.3256,21.0119
2026-07-22T15:44:13.396,0.3319,23.2277,21.0511
2026-07-22T15:44:13.403,0.3418,23.2864,21.0315
2026-07-22T15:44:13.403,0.3445,23.2277,21.0315
2026-07-22T15:44:13.420,0.3637,23.4039,21.2077
2026-07-22T15:44:13.437,0.3637,23.3647,21.1098
2026-07-22T15:44:13.447,0.3776,23.4626,21.149
2026-07-22T15:44:13.460,0.3959,23.4822,21.2469
2026-07-22T15:44:13.468,0.4092,23.5605,21.2469
2026-07-22T15:44:13.469,0.4122,23.5997,21.2469
2026-07-22T15:44:13.483,0.4122,23.5997,21.4427
2026-07-22T15:44:13.496,0.4412,23.6976,21.521
2026-07-22T15:44:13.501,0.4433,23.6976,21.5406
2026-07-22T15:44:13.517,0.4464,23.5214,21.521
2026-07-22T15:44:13.517,0.4464,23.3843,21.4231
2026-07-22T15:44:13.531,0.4725,23.2668,21.3056
2026-07-22T15:44:13.547,0.4725,23.2668,21.2469
2026-07-22T15:44:13.552,0.4846,23.2473,21.2665
2026-07-22T15:44:13.568,0.5042,23.2864,21.2665
2026-07-22T15:44:13.578,0.5042,23.306,21.2077
2026-07-22T15:44:13.578,0.5163,23.2668,21.1686
2026-07-22T15:44:13.594,0.5207,23.4039,21.2469
2026-07-22T15:44:13.609,0.5487,23.5214,21.3644
2026-07-22T15:44:13.609,0.5496,23.5214,21.4035
2026-07-22T15:44:13.626,0.5528,23.4431,21.4231
2026-07-22T15:44:13.626,0.5751,23.3452,21.4035
2026-07-22T15:44:13.647,0.5751,23.4431,21.5014
2026-07-22T15:44:13.658,0.5852,23.3452,21.5406
2026-07-22T15:44:13.666,0.6001,23.4822,21.5014
2026-07-22T15:44:13.680,0.6162,23.4235,21.4427
2026-07-22T15:44:13.680,0.6162,23.3647,21.3056
2026-07-22T15:44:13.696,0.6162,23.2081,21.1881
2026-07-22T15:44:13.705,0.6456,23.1102,21.149
2026-07-22T15:44:13.705,0.6516,22.9535,21.0511
2026-07-22T15:44:13.721,0.6516,22.8556,21.0902
2026-07-22T15:44:13.737,0.6815,22.7773,21.149
2026-07-22T15:44:13.748,0.6829,22.8165,21.0707
2026-07-22T15:44:13.757,0.6906,22.8165,21.149
2026-07-22T15:44:13.757,0.6935,22.7969,21.0902
2026-07-22T15:44:13.775,0.7135,22.7969,21.1098
2026-07-22T15:44:13.788,0.7135,22.7969,21.1686
2026-07-22T15:44:13.796,0.7135,22.8361,21.1686
2026-07-22T15:44:13.817,0.7424,22.9535,21.0511
2026-07-22T15:44:13.817,0.7424,22.9535,21.0902
2026-07-22T15:44:13.819,0.7593,23.0319,21.286
2026-07-22T15:44:13.832,0.7593,23.0906,21.3644
2026-07-22T15:44:13.848,0.786,23.2081,21.4231
2026-07-22T15:44:13.848,0.7911,23.0514,21.3644
2026-07-22T15:44:13.864,0.7911,22.8948,21.3448
2026-07-22T15:44:13.864,0.8141,22.7773,21.3448
2026-07-22T15:44:13.879,0.8141,22.7382,21.3252
2026-07-22T15:44:13.896,0.8233,22.7969,21.286
2026-07-22T15:44:13.909,0.8375,22.8361,21.3644
2026-07-22T15:44:13.919,0.8535,22.8361,21.2665
2026-07-22T15:44:13.929,0.8535,22.7773,21.2469
2026-07-22T15:44:13.929,0.8694,22.699,21.2273
2026-07-22T15:44:13.943,0.8913,22.7382,21.2273
2026-07-22T15:44:13.943,0.8913,22.7773,21.3252
2026-07-22T15:44:13.959,0.8913,22.7773,21.286
2026-07-22T15:44:13.975,0.9236,22.8165,21.3448
2026-07-22T15:44:13.975,0.9243,22.8752,21.5014
2026-07-22T15:44:13.991,0.9243,22.9927,21.4231
2026-07-22T15:44:14.007,0.9514,23.0906,21.4819
2026-07-22T15:44:14.023,0.9514,23.0123,21.521
2026-07-22T15:44:14.023,0.9514,23.071,21.5993
2026-07-22T15:44:14.039,0.9665,22.9731,21.5602
2026-07-22T15:44:14.046,0.9915,22.9927,21.5798
2026-07-22T15:44:14.057,0.996,22.9144,21.6777
2026-07-22T15:44:14.057,0.9968,22.9731,21.6189
2026-07-22T15:44:14.072,1.0276,23.0123,21.7364
2026-07-22T15:44:14.085,1.0276,23.1102,21.7951
2026-07-22T15:44:14.097,1.0276,23.1885,21.7951
2026-07-22T15:44:14.102,1.0439,23.1494,21.7364
2026-07-22T15:44:14.102,1.0661,23.0319,21.6972
2026-07-22T15:44:14.117,1.0701,22.9144,21.6581
2026-07-22T15:44:14.133,1.0701,22.9927,21.5014
2026-07-22T15:44:14.133,1.0701,22.9144,21.5798
2026-07-22T15:44:14.158,1.1007,22.9535,21.5798
2026-07-22T15:44:14.168,1.1007,23.0319,21.7168
2026-07-22T15:44:14.175,1.1007,23.071,21.7756
2026-07-22T15:44:14.175,1.1353,23.1689,21.8147
2026-07-22T15:44:14.192,1.1361,23.2864,21.9518
2026-07-22T15:44:14.197,1.1361,23.306,22.0105
2026-07-22T15:44:14.206,1.1492,23.2473,22.1084
2026-07-22T15:44:14.222,1.1743,23.306,22.128
2026-07-22T15:44:14.239,1.1773,23.306,22.3042
2026-07-22T15:44:14.241,1.1805,23.4431,22.3042
2026-07-22T15:44:14.256,1.1874,23.5605,22.3826
2026-07-22T15:44:14.268,1.2048,23.6389,22.5001
2026-07-22T15:44:14.277,1.2048,23.6193,22.5001
2026-07-22T15:44:14.286,1.2181,23.541,22.4609
2026-07-22T15:44:14.293,1.2215,23.4039,22.363
2026-07-22T15:44:14.310,1.2351,23.3647,22.3434
2026-07-22T15:44:14.310,1.2497,23.3452,22.2651
2026-07-22T15:44:14.327,1.2497,23.4039,22.3434
2026-07-22T15:44:14.340,1.2782,23.6193,22.4217
2026-07-22T15:44:14.340,1.2787,23.7564,22.4022
2026-07-22T15:44:14.355,1.2817,23.6976,22.4022
2026-07-22T15:44:14.377,1.3045,23.6193,22.3238
2026-07-22T15:44:14.378,1.3045,23.3843,22.2259
2026-07-22T15:44:14.387,1.3045,23.4039,22.128
2026-07-22T15:44:14.399,1.3391,23.4626,22.0497
2026-07-22T15:44:14.410,1.3391,23.5997,22.1672
2026-07-22T15:44:14.410,1.3508,23.6389,22.2063
2026-07-22T15:44:14.425,1.3554,23.7759,22.2651
2026-07-22T15:44:14.425,1.3789,23.7955,22.3434
2026-07-22T15:44:14.444,1.383,23.8347,22.3826
2026-07-22T15:44:14.456,1.3886,23.8543,22.3826
2026-07-22T15:44:14.461,1.4165,23.7564,22.3042
2026-07-22T15:44:14.476,1.4165,23.7172,22.3238
2026-07-22T15:44:14.488,1.4165,23.6585,22.3434
2026-07-22T15:44:14.497,1.4165,23.7368,22.2455
2026-07-22T15:44:14.504,1.4469,23.5997,22.3042
2026-07-22T15:44:14.518,1.4469,23.5997,22.1868
2026-07-22T15:44:14.522,1.4469,23.5997,22.128
2026-07-22T15:44:14.522,1.4668,23.5801,22.0497
2026-07-22T15:44:14.552,1.492,23.6389,22.0889
2026-07-22T15:44:14.552,1.494,23.678,22.1476
2026-07-22T15:44:14.568,1.494,23.6976,22.1476
2026-07-22T15:44:14.573,1.5259,23.5605,22.2847
2026-07-22T15:44:14.584,1.5259,23.5997,22.2259
2026-07-22T15:44:14.597,1.535,23.5997,22.3434
2026-07-22T15:44:14.599,1.535,23.6389,22.363
2026-07-22T15:44:14.617,1.558,23.6193,22.363
2026-07-22T15:44:14.617,1.558,23.4822,22.3042
2026-07-22T15:44:14.631,1.558,23.3647,22.2063
2026-07-22T15:44:14.647,1.574,23.3256,22.0105
2026-07-22T15:44:14.663,1.6002,23.2081,21.9322
2026-07-22T15:44:14.663,1.6022,23.1689,21.8931
2026-07-22T15:44:14.663,1.6052,23.0319,21.8931
2026-07-22T15:44:14.679,1.6377,23.0123,21.8735
2026-07-22T15:44:14.701,1.6377,22.8948,21.8539
2026-07-22T15:44:14.707,1.6377,22.7969,21.8735
2026-07-22T15:44:14.716,1.6377,22.7969,21.7364
2026-07-22T15:44:14.726,1.6684,22.7382,21.7168
2026-07-22T15:44:14.726,1.6684,22.699,21.6972
2026-07-22T15:44:14.743,1.6852,22.6207,21.5993
2026-07-22T15:44:14.743,1.6902,22.5815,21.6189
2026-07-22T15:44:14.759,1.7162,22.5032,21.521
2026-07-22T15:44:14.774,1.7162,22.4249,21.5014
2026-07-22T15:44:14.774,1.7162,22.4053,21.4035
2026-07-22T15:44:14.798,1.7162,22.3857,21.3448
2026-07-22T15:44:14.807,1.7545,22.3857,21.384
2026-07-22T15:44:14.807,1.7545,22.4444,21.4231
2026-07-22T15:44:14.821,1.7545,22.3661,21.521
2026-07-22T15:44:14.821,1.7655,22.2291,21.5602
2026-07-22T15:44:14.856,1.7925,22.2291,21.5602
2026-07-22T15:44:14.856,1.7925,22.2291,21.4231
2026-07-22T15:44:14.860,1.7991,22.2095,21.4035
2026-07-22T15:44:14.871,1.8274,22.1899,21.3252
2026-07-22T15:44:14.890,1.8345,22.2291,21.3056
2026-07-22T15:44:14.898,1.8399,22.2095,21.3644
2026-07-22T15:44:14.906,1.8425,22.1899,21.5014
2026-07-22T15:44:14.918,1.8585,22.0724,21.5406
2026-07-22T15:44:14.918,1.8585,22.0528,21.5602
2026-07-22T15:44:14.940,1.8743,21.9745,21.5406
2026-07-22T15:44:14.945,1.8743,21.9549,21.6385
2026-07-22T15:44:14.948,1.9059,22.0137,21.6777
2026-07-22T15:44:14.964,1.9059,21.9745,21.7364
2026-07-22T15:44:14.979,1.9059,21.9941,21.7756
2026-07-22T15:44:14.979,1.9059,21.9549,21.756
2026-07-22T15:44:14.979,1.939,22.0137,21.7951
2026-07-22T15:44:15.004,1.939,22.0333,21.7951
2026-07-22T15:44:15.011,1.9533,22.1116,21.8147
2026-07-22T15:44:15.028,1.9541,22.0724,21.8539
2026-07-22T15:44:15.028,1.9718,22.1507,21.991
2026-07-22T15:44:15.044,1.9852,22.3074,22.0889
2026-07-22T15:44:15.044,1.9907,22.327,22.1084
2026-07-22T15:44:15.059,2.018,22.4053,22.128
2026-07-22T15:44:15.077,2.021,22.3857,22.2259
2026-07-22T15:44:15.077,2.021,22.4249,22.3042
2026-07-22T15:44:15.096,2.021,22.3857,22.3434
2026-07-22T15:44:15.106,2.0547,22.4053,22.3826
2026-07-22T15:44:15.119,2.0547,22.5032,22.4022
2026-07-22T15:44:15.126,2.0646,22.5619,22.4022
2026-07-22T15:44:15.138,2.0658,22.5619,22.4217
2026-07-22T15:44:15.155,2.0936,22.4836,22.363
2026-07-22T15:44:15.160,2.0966,22.4444,22.3042
2026-07-22T15:44:15.160,2.0966,22.327,22.3434
2026-07-22T15:44:15.171,2.0966,22.4836,22.4217
2026-07-22T15:44:15.186,2.1319,22.5423,22.5001
2026-07-22T15:44:15.186,2.1329,22.5815,22.6567
2026-07-22T15:44:15.202,2.1382,22.5815,22.6371
2026-07-22T15:44:15.219,2.1647,22.4836,22.6567
2026-07-22T15:44:15.231,2.1677,22.5032,22.5784
2026-07-22T15:44:15.237,2.17,22.2486,22.4413
2026-07-22T15:44:15.243,2.1777,22.327,22.363
2026-07-22T15:44:15.266,2.2027,22.2878,22.3434
2026-07-22T15:44:15.266,2.2027,22.1899,22.3826
2026-07-22T15:44:15.281,2.2027,22.2095,22.3238
2026-07-22T15:44:15.290,2.2346,22.1116,22.1868
2026-07-22T15:44:15.299,2.2346,22.0528,22.128
2026-07-22T15:44:15.308,2.2346,22.0333,21.9322
2026-07-22T15:44:15.308,2.2346,21.9941,21.9322
2026-07-22T15:44:15.330,2.2727,21.9745,21.9714
2026-07-22T15:44:15.339,2.2727,21.8962,21.9714
2026-07-22T15:44:15.340,2.2789,21.8766,21.991
2026-07-22T15:44:15.340,2.2819,21.8766,22.0889
2026-07-22T15:44:15.372,2.3034,21.7004,22.2063
2026-07-22T15:44:15.377,2.3127,21.7395,22.128
2026-07-22T15:44:15.387,2.3187,21.7395,22.1672
2026-07-22T15:44:15.396,2.3448,21.8179,22.128
2026-07-22T15:44:15.409,2.3506,21.7395,22.0889
2026-07-22T15:44:15.409,2.3506,21.6808,22.0889
2026-07-22T15:44:15.428,2.3739,21.7004,21.9714
2026-07-22T15:44:15.440,2.3831,21.6416,21.9714
2026-07-22T15:44:15.440,2.3838,21.6808,21.9518
2026-07-22T15:44:15.457,2.3878,21.7395,21.9126
2026-07-22T15:44:15.479,2.4039,21.7787,21.8343
2026-07-22T15:44:15.479,2.4039,21.7983,21.8343
2026-07-22T15:44:15.488,2.4039,21.7591,21.9322
2026-07-22T15:44:15.497,2.4355,21.8179,21.9126
2026-07-22T15:44:15.499,2.4355,21.857,21.9518
2026-07-22T15:44:15.509,2.4522,21.9353,22.0301
2026-07-22T15:44:15.526,2.4522,21.8962,22.0693
2026-07-22T15:44:15.526,2.4834,21.9158,22.1868
2026-07-22T15:44:15.541,2.4834,21.9158,22.2063
2026-07-22T15:44:15.557,2.4924,22.0137,22.2651
2026-07-22T15:44:15.567,2.4944,22.0724,22.2847
2026-07-22T15:44:15.585,2.515,22.1312,22.4413
2026-07-22T15:44:15.588,2.515,22.2486,22.4609
2026-07-22T15:44:15.598,2.515,22.2291,22.4805
2026-07-22T15:44:15.605,2.5474,22.1507,22.5196
2026-07-22T15:44:15.620,2.5474,22.1312,22.4217
2026-07-22T15:44:15.620,2.5617,22.1116,22.4805
2026-07-22T15:44:15.636,2.5827,22.1899,22.5001
2026-07-22T15:44:15.653,2.5926,22.327,22.5588
2026-07-22T15:44:15.653,2.5952,22.3661,22.6175
2026-07-22T15:44:15.653,2.5993,22.327,22.6371
2026-07-22T15:44:15.668,2.6252,22.327,22.6567
2026-07-22T15:44:15.688,2.6286,22.2486,22.6371
2026-07-22T15:44:15.700,2.6286,22.2291,22.6175
2026-07-22T15:44:15.704,2.6435,22.2291,22.6371
2026-07-22T15:44:15.717,2.659,22.2291,22.598
2026-07-22T15:44:15.717,2.659,22.1312,22.4413
2026-07-22T15:44:15.734,2.6737,22.1312,22.4805
2026-07-22T15:44:15.749,2.6742,22.1899,22.5196
2026-07-22T15:44:15.764,2.7041,22.3465,22.598
2026-07-22T15:44:15.764,2.7041,22.4249,22.6371
2026-07-22T15:44:15.778,2.7041,22.3661,22.6763
2026-07-22T15:44:15.779,2.7364,22.3465,22.735
2026-07-22T15:44:15.800,2.7396,22.1899,22.6959
2026-07-22T15:44:15.809,2.7396,22.1312,22.598
2026-07-22T15:44:15.809,2.7396,21.9549,22.5588
2026-07-22T15:44:15.826,2.7678,21.9158,22.4609
2026-07-22T15:44:15.831,2.7678,21.8962,22.4217
2026-07-22T15:44:15.845,2.7678,21.9353,22.3826
2026-07-22T15:44:15.857,2.7995,21.9353,22.363
2026-07-22T15:44:15.873,2.7995,21.9353,22.2847
2026-07-22T15:44:15.873,2.7995,21.857,22.3042
2026-07-22T15:44:15.873,2.8175,21.7983,22.3042
2026-07-22T15:44:15.905,2.8377,21.7787,22.2455
2026-07-22T15:44:15.905,2.8377,21.7591,22.1672
2026-07-22T15:44:15.918,2.8473,21.7983,22.2063
2026-07-22T15:44:15.930,2.8788,21.7591,22.2259
2026-07-22T15:44:15.943,2.8788,21.72,22.2063
2026-07-22T15:44:15.943,2.8788,21.72,22.128
2026-07-22T15:44:15.952,2.8788,21.6612,22.0497
2026-07-22T15:44:15.968,2.912,21.6025,22.0105
2026-07-22T15:44:15.968,2.912,21.5437,21.9126
2026-07-22T15:44:15.984,2.9259,21.5437,21.8735
2026-07-22T15:44:16.001,2.9259,21.5046,21.9518
2026-07-22T15:44:16.008,2.9577,21.5633,22.0105
2026-07-22T15:44:16.017,2.9577,21.5829,22.0301
2026-07-22T15:44:16.017,2.9577,21.6416,22.0301
2026-07-22T15:44:16.031,2.9737,21.6808,22.1084
2026-07-22T15:44:16.048,2.9956,21.7591,22.0497
2026-07-22T15:44:16.058,3.007,21.7004,22.0301
2026-07-22T15:44:16.063,3.007,21.6221,21.9714
2026-07-22T15:44:16.079,3.007,21.6612,22.0301
2026-07-22T15:44:16.079,3.0381,21.6221,22.0693
2026-07-22T15:44:16.096,3.0381,21.6808,22.0693
2026-07-22T15:44:16.109,3.0381,21.6612,22.1476
2026-07-22T15:44:16.112,3.0381,21.7787,22.1476
2026-07-22T15:44:16.127,3.0699,21.8179,22.2259
2026-07-22T15:44:16.127,3.0699,21.7787,22.4022
2026-07-22T15:44:16.143,3.0847,21.8766,22.4022
2026-07-22T15:44:16.159,3.095,21.7983,22.4413
2026-07-22T15:44:16.159,3.117,21.857,22.5001
2026-07-22T15:44:16.175,3.117,21.8962,22.5196
2026-07-22T15:44:16.175,3.117,21.8179,22.4413
2026-07-22T15:44:16.200,3.1358,21.7395,22.4217
2026-07-22T15:44:16.206,3.1482,21.72,22.4805
2026-07-22T15:44:16.206,3.1482,21.6612,22.4609
2026-07-22T15:44:16.222,3.1641,21.6416,22.4413
2026-07-22T15:44:16.239,3.1712,21.6025,22.5588
2026-07-22T15:44:16.253,3.1968,21.6416,22.5588
2026-07-22T15:44:16.253,3.1968,21.6221,22.5196
2026-07-22T15:44:16.253,3.2119,21.7004,22.5392
2026-07-22T15:44:16.276,3.2119,21.7395,22.5392
2026-07-22T15:44:16.285,3.228,21.6416,22.6175
2026-07-22T15:44:16.302,3.2438,21.7787,22.6763
2026-07-22T15:44:16.302,3.2487,21.7983,22.6763
2026-07-22T15:44:16.317,3.2527,21.857,22.735
2026-07-22T15:44:16.317,3.2816,21.857,22.8133
2026-07-22T15:44:16.333,3.2889,21.7787,22.7742
2026-07-22T15:44:16.333,3.2922,21.7591,22.8525
2026-07-22T15:44:16.364,3.2995,21.8374,22.7546
2026-07-22T15:44:16.365,3.3186,21.8374,22.7938
2026-07-22T15:44:16.384,3.3186,22.0333,22.7546
2026-07-22T15:44:16.387,3.3186,22.0333,22.7546
2026-07-22T15:44:16.401,3.3343,22.0724,22.8917
2026-07-22T15:44:16.407,3.352,21.9941,22.8133
2026-07-22T15:44:16.409,3.3677,21.9745,22.7938
2026-07-22T15:44:16.424,3.3726,21.9353,22.7938
2026-07-22T15:44:16.424,3.3771,21.8962,22.9113
2026-07-22T15:44:16.440,3.4072,22.0528,23.0092
2026-07-22T15:44:16.455,3.4092,22.1312,22.9896
2026-07-22T15:44:16.457,3.4127,22.0528,23.0483
2026-07-22T15:44:16.475,3.4169,22.1703,23.0875
2026-07-22T15:44:16.489,3.438,22.1703,23.2245
2026-07-22T15:44:16.509,3.4479,22.3465,23.1854
2026-07-22T15:44:16.509,3.4479,22.2878,23.1266
2026-07-22T15:44:16.517,3.4525,22.3661,23.1266
2026-07-22T15:44:16.526,3.4525,22.327,22.9896
2026-07-22T15:44:16.543,3.4871,22.3074,23.0679
2026-07-22T15:44:16.543,3.4871,22.3857,23.0287
2026-07-22T15:44:16.558,3.4958,22.3857,23.1071
2026-07-22T15:44:16.558,3.5002,22.3661,22.9896
2026-07-22T15:44:16.574,3.5256,22.2878,22.8525
2026-07-22T15:44:16.589,3.5256,22.1116,22.735
2026-07-22T15:44:16.592,3.5336,21.9353,22.6175
2026-07-22T15:44:16.608,3.5391,21.7591,22.4805
2026-07-22T15:44:16.610,3.5544,21.7395,22.4413
2026-07-22T15:44:16.627,3.568,21.6416,22.4609
2026-07-22T15:44:16.639,3.568,21.4458,22.4022
2026-07-22T15:44:16.644,3.5965,21.2696,22.4609
2026-07-22T15:44:16.644,3.6,21.25,22.4805
2026-07-22T15:44:16.660,3.6,21.2892,22.5196
2026-07-22T15:44:16.673,3.6,21.3479,22.598
2026-07-22T15:44:16.690,3.638,21.1521,22.6959
2026-07-22T15:44:16.702,3.6439,21.1521,22.7154
2026-07-22T15:44:16.705,3.6459,21.0738,22.6763
2026-07-22T15:44:16.705,3.6529,21.0738,22.5784
2026-07-22T15:44:16.722,3.6804,21.0738,22.6371
2026-07-22T15:44:16.739,3.6841,21.2109,22.6959
2026-07-22T15:44:16.749,3.6911,21.1913,22.6567
2026-07-22T15:44:16.755,3.6933,21.3479,22.6567
2026-07-22T15:44:16.769,3.7203,21.5046,22.735
2026-07-22T15:44:16.776,3.7243,21.4262,22.6763
2026-07-22T15:44:16.793,3.7304,21.3283,22.6567
2026-07-22T15:44:16.798,3.7364,21.3283,22.6175
2026-07-22T15:44:16.807,3.7581,21.2304,22.5196
2026-07-22T15:44:16.823,3.7748,21.1913,22.598
2026-07-22T15:44:16.829,3.7748,21.25,22.735
2026-07-22T15:44:16.842,3.7748,21.2696,22.7154
2026-07-22T15:44:16.842,3.7748,21.25,22.7938
2026-07-22T15:44:16.863,3.8077,21.2892,22.8917
2026-07-22T15:44:16.863,3.8077,21.3088,22.9308
2026-07-22T15:44:16.880,3.8218,21.5046,23.0287
2026-07-22T15:44:16.880,3.8218,21.4262,23.1266
2026-07-22T15:44:16.902,3.8542,21.5242,23.1658
2026-07-22T15:44:16.913,3.8542,21.5437,23.0875
2026-07-22T15:44:16.913,3.8542,21.6416,23.1658
2026-07-22T15:44:16.927,3.869,21.6808,23.1854
2026-07-22T15:44:16.927,3.869,21.72,23.1658
2026-07-22T15:44:16.944,3.9007,21.6416,23.0483
2026-07-22T15:44:16.959,3.9007,21.6221,23.1266
2026-07-22T15:44:16.974,3.9165,21.6221,23.0875
2026-07-22T15:44:16.974,3.9165,21.6612,23.1266
2026-07-22T15:44:16.990,3.9479,21.72,23.2637
2026-07-22T15:44:17.006,3.9479,21.7591,23.205
2026-07-22T15:44:17.006,3.9479,21.7983,23.2637
2026-07-22T15:44:17.022,3.9479,21.7983,23.205
2026-07-22T15:44:17.022,3.9644,21.7591,23.2245
2026-07-22T15:44:17.038,3.9977,21.7395,23.205
2026-07-22T15:44:17.038,3.9998,21.6416,23.1854
2026-07-22T15:44:17.053,4.0038,21.6612,23.1462
2026-07-22T15:44:17.053,4.0078,21.6416,23.1071
2026-07-22T15:44:17.070,4.033,21.5046,23.0092
2026-07-22T15:44:17.085,4.043,21.5242,22.97
2026-07-22T15:44:17.085,4.043,21.5242,22.9308
2026-07-22T15:44:17.109,4.043,21.4262,22.8917
2026-07-22T15:44:17.117,4.043,21.4458,22.8525
2026-07-22T15:44:17.138,4.08,21.4458,22.8525
2026-07-22T15:44:17.138,4.08,21.5437,22.8525
2026-07-22T15:44:17.148,4.091,21.6025,22.9308
2026-07-22T15:44:17.148,4.091,21.7004,22.9308
2026-07-22T15:44:17.165,4.1229,21.5046,22.9504
2026-07-22T15:44:17.180,4.1229,21.4262,22.9308
2026-07-22T15:44:17.185,4.1229,21.4067,22.8133
2026-07-22T15:44:17.196,4.1386,21.3479,22.8525
2026-07-22T15:44:17.203,4.1702,21.2892,22.6959
2026-07-22T15:44:17.218,4.1702,21.25,22.6567
2026-07-22T15:44:17.228,4.1702,21.2892,22.6567
2026-07-22T15:44:17.244,4.1861,21.2304,22.5588
2026-07-22T15:44:17.244,4.1861,21.0934,22.4217
2026-07-22T15:44:17.253,4.2185,20.9759,22.3238
2026-07-22T15:44:17.260,4.2185,20.9759,22.2455
2026-07-22T15:44:17.275,4.2269,20.8584,22.2259
2026-07-22T15:44:17.291,4.2311,20.8976,22.2651
2026-07-22T15:44:17.291,4.2337,20.9367,22.3042
2026-07-22T15:44:17.307,4.2545,20.9759,22.3238
2026-07-22T15:44:17.307,4.2545,20.9759,22.363
2026-07-22T15:44:17.331,4.265,20.9171,22.3434
2026-07-22T15:44:17.336,4.265,20.6822,22.3434
2026-07-22T15:44:17.345,4.2987,20.5843,22.363
2026-07-22T15:44:17.360,4.2987,20.6039,22.4022
2026-07-22T15:44:17.370,4.3071,20.643,22.4217
2026-07-22T15:44:17.370,4.3126,20.7213,22.4217
2026-07-22T15:44:17.386,4.3342,20.5647,22.598
2026-07-22T15:44:17.386,4.3342,20.4864,22.4805
2026-07-22T15:44:17.412,4.3451,20.3885,22.4022
2026-07-22T15:44:17.418,4.3451,20.3885,22.3238
2026-07-22T15:44:17.429,4.3769,20.3297,22.2455
2026-07-22T15:44:17.439,4.3769,20.2122,22.2259
2026-07-22T15:44:17.439,4.3769,20.0556,22.2063
2026-07-22T15:44:17.458,4.4166,20.0752,22.1476
2026-07-22T15:44:17.466,4.4201,19.8989,22.2651
2026-07-22T15:44:17.466,4.4201,19.9185,22.2259
2026-07-22T15:44:17.482,4.4272,19.9773,22.363
2026-07-22T15:44:17.482,4.459,20.1339,22.4413
2026-07-22T15:44:17.517,4.459,20.1927,22.598
2026-07-22T15:44:17.518,4.459,20.2514,22.6175
2026-07-22T15:44:17.525,4.4672,20.3101,22.7154
2026-07-22T15:44:17.532,4.4726,20.3689,22.7938
2026-07-22T15:44:17.542,4.508,20.3689,22.8329
2026-07-22T15:44:17.564,4.512,20.3885,22.8133
2026-07-22T15:44:17.564,4.5151,20.5255,22.8917
2026-07-22T15:44:17.578,4.52,20.4472,22.8525
2026-07-22T15:44:17.588,4.5386,20.4276,22.8721
2026-07-22T15:44:17.605,4.5533,20.4864,22.8917
2026-07-22T15:44:17.616,4.5533,20.4864,22.9308
2026-07-22T15:44:17.620,4.5533,20.6039,23.0287
2026-07-22T15:44:17.628,4.5533,20.7018,23.0483
2026-07-22T15:44:17.638,4.5906,20.7997,23.1658
2026-07-22T15:44:17.644,4.5942,20.8584,23.2637
2026-07-22T15:44:17.659,4.5998,20.878,23.2441
2026-07-22T15:44:17.659,4.5998,20.7997,23.4204
2026-07-22T15:44:17.675,4.6259,20.7605,23.3224
2026-07-22T15:44:17.692,4.6259,20.8388,23.4204
2026-07-22T15:44:17.703,4.6367,21.0151,23.4987
2026-07-22T15:44:17.705,4.6367,21.1325,23.5574
2026-07-22T15:44:17.731,4.6682,21.2696,23.7728
2026-07-22T15:44:17.731,4.6682,21.3283,23.9099
2026-07-22T15:44:17.731,4.6682,21.2304,23.8707
2026-07-22T15:44:17.742,4.6682,21.2892,23.949
2026-07-22T15:44:17.759,4.7002,21.3871,23.9882
2026-07-22T15:44:17.773,4.7002,21.4262,24.1644
2026-07-22T15:44:17.773,4.7162,21.5633,24.1644
2026-07-22T15:44:17.773,4.7162,21.6416,24.3015
2026-07-22T15:44:17.801,4.7484,21.5829,24.2232
2026-07-22T15:44:17.805,4.7484,21.5242,24.0274
2026-07-22T15:44:17.805,4.7484,21.4458,23.9882
2026-07-22T15:44:17.821,4.7647,21.485,23.9686
2026-07-22T15:44:17.837,4.7825,21.5437,23.9882
2026-07-22T15:44:17.854,4.7984,21.6612,23.9882
2026-07-22T15:44:17.854,4.8006,21.6612,24.0665
2026-07-22T15:44:17.869,4.8006,21.6808,23.949
2026-07-22T15:44:17.870,4.8307,21.6025,23.8707
2026-07-22T15:44:17.888,4.8307,21.5242,23.812
2026-07-22T15:44:17.888,4.8422,21.4654,23.6553
2026-07-22T15:44:17.906,4.845,21.4067,23.577
2026-07-22T15:44:17.918,4.8702,21.2892,23.577
2026-07-22T15:44:17.918,4.8759,21.2892,23.4987
2026-07-22T15:44:17.936,4.8787,21.2696,23.7141
2026-07-22T15:44:17.950,4.8827,21.4262,23.6162
2026-07-22T15:44:17.955,4.9075,21.5046,23.6357
2026-07-22T15:44:17.975,4.9075,21.6025,23.7336
2026-07-22T15:44:17.975,4.9075,21.6416,23.7924
2026-07-22T15:44:17.990,4.9075,21.5437,23.7728
2026-07-22T15:44:18.001,4.9409,21.5437,23.7728
2026-07-22T15:44:18.006,4.9465,21.4458,23.6945
2026-07-22T15:44:18.013,4.9526,21.3675,23.577
2026-07-22T15:44:18.029,4.9711,21.3479,23.5966
2026-07-22T15:44:18.046,4.9711,21.4654,23.6945
2026-07-22T15:44:18.046,4.9881,21.4458,23.7728
2026-07-22T15:44:18.058,4.9881,21.4654,23.812
2026-07-22T15:44:18.066,5.0196,21.4262,23.8707
2026-07-22T15:44:18.076,5.0196,21.3283,23.7728
2026-07-22T15:44:18.076,5.0196,21.2696,23.7532
2026-07-22T15:44:18.093,5.0353,21.2892,23.8511
2026-07-22T15:44:18.108,5.0619,21.3088,23.812
2026-07-22T15:44:18.108,5.0619,21.3088,23.8707
2026-07-22T15:44:18.125,5.0661,21.4458,23.8511
2026-07-22T15:44:18.141,5.0687,21.3871,23.8707
2026-07-22T15:44:27.898,14.8506,18.1563,25.8679
2026-07-22T15:44:27.907,14.8511,17.9605,25.7505
2026-07-22T15:44:27.918,14.8511,17.8625,25.7113
2026-07-22T15:44:27.923,14.8511,17.7842,25.6526
2026-07-22T15:44:27.938,14.8862,17.7451,25.6134
2026-07-22T15:44:27.951,14.8862,17.8038,25.5547
2026-07-22T15:44:27.956,14.8986,17.7646,25.5938
2026-07-22T15:44:27.956,14.9029,17.7842,25.5547
2026-07-22T15:44:27.970,14.9133,17.7255,25.6134
2026-07-22T15:44:27.991,14.9286,17.6863,25.5155
2026-07-22T15:44:27.991,14.9286,17.6472,25.4176
2026-07-22T15:44:28.006,14.9387,17.5688,25.4176
2026-07-22T15:44:28.018,14.9626,17.6276,25.4372
2026-07-22T15:44:28.018,14.9626,17.5688,25.3784
2026-07-22T15:44:28.034,14.9764,17.4905,25.398
2026-07-22T15:44:28.044,14.9764,17.5101,25.4176
2026-07-22T15:44:28.050,15.0086,17.4318,25.3001
2026-07-22T15:44:28.068,15.0127,17.3926,25.3197
2026-07-22T15:44:28.068,15.0127,17.4122,25.3197
2026-07-22T15:44:28.082,15.0127,17.4122,25.3001
2026-07-22T15:44:28.097,15.039,17.3143,25.3393
2026-07-22T15:44:28.101,15.039,17.3143,25.3784
2026-07-22T15:44:28.114,15.039,17.373,25.3393
2026-07-22T15:44:28.118,15.0547,17.3534,25.4568
2026-07-22T15:44:28.131,15.0715,17.3534,25.4176
2026-07-22T15:44:28.144,15.0715,17.3339,25.4176
2026-07-22T15:44:28.144,15.0869,17.3534,25.4176
2026-07-22T15:44:28.160,15.0869,17.2555,25.3393
2026-07-22T15:44:28.160,15.1131,17.2164,25.3393
2026-07-22T15:44:28.177,15.1193,17.1381,25.2414
2026-07-22T15:44:28.192,15.121,17.1381,25.2022
2026-07-22T15:44:28.192,15.1397,17.0989,25.2609
2026-07-22T15:44:28.209,15.1525,17.1381,25.2022
2026-07-22T15:44:28.226,15.1525,17.0989,25.2414
2026-07-22T15:44:28.226,15.1525,17.0989,25.163
2026-07-22T15:44:28.241,15.1831,17.0206,25.1826
2026-07-22T15:44:28.257,15.1831,17.1381,25.1435
2026-07-22T15:44:28.258,15.1831,17.1576,25.2218
2026-07-22T15:44:28.272,15.2146,17.1968,25.3001
2026-07-22T15:44:28.272,15.2146,17.2164,25.3197
2026-07-22T15:44:28.288,15.2307,17.236,25.3588
2026-07-22T15:44:28.304,15.2476,17.1381,25.2609
2026-07-22T15:44:28.320,15.2627,17.1185,25.3001
2026-07-22T15:44:28.320,15.2633,17.0597,25.2022
2026-07-22T15:44:28.320,15.2633,17.0597,25.2805
2026-07-22T15:44:28.345,15.2944,17.1381,25.4176
2026-07-22T15:44:28.353,15.2944,17.2555,25.4763
2026-07-22T15:44:28.353,15.2944,17.236,25.5938
2026-07-22T15:44:28.376,15.2944,17.3339,25.7113
2026-07-22T15:44:28.384,15.3262,17.373,25.77
2026-07-22T15:44:28.395,15.3421,17.4318,25.9463
2026-07-22T15:44:28.400,15.3426,17.4318,26.005
2026-07-22T15:44:28.416,15.3426,17.5297,26.0442
2026-07-22T15:44:28.419,15.3753,17.5297,26.0638
2026-07-22T15:44:28.431,15.3753,17.4318,26.1029
2026-07-22T15:44:28.447,15.3753,17.6472,26.1812
2026-07-22T15:44:28.448,15.39,17.7255,26.3575
2026-07-22T15:44:28.463,15.4138,17.843,26.4945
2026-07-22T15:44:28.463,15.4138,17.9213,26.5337
2026-07-22T15:44:28.480,15.4221,17.8625,26.5729
2026-07-22T15:44:28.480,15.4259,17.8625,26.4945
2026-07-22T15:44:28.495,15.454,17.843,26.5729
2026-07-22T15:44:28.511,15.4552,17.9213,26.7491
2026-07-22T15:44:28.527,15.4552,17.9213,26.7882
2026-07-22T15:44:28.531,15.4699,17.9017,26.7491
2026-07-22T15:44:28.546,15.4957,17.843,26.8274
2026-07-22T15:44:28.546,15.4998,17.8234,26.7491
2026-07-22T15:44:28.560,15.5026,17.7842,26.7491
2026-07-22T15:44:28.575,15.5055,17.9017,26.7687
2026-07-22T15:44:28.591,15.5337,17.8234,26.6903
2026-07-22T15:44:28.591,15.5359,17.8038,26.7491
2026-07-22T15:44:28.605,15.5412,17.8234,26.8078
2026-07-22T15:44:28.619,15.5656,17.843,26.8666
2026-07-22T15:44:28.633,15.572,17.9409,26.8666
2026-07-22T15:44:28.633,15.572,17.8821,26.8078
2026-07-22T15:44:28.646,15.5791,17.7842,26.7491
2026-07-22T15:44:28.655,15.6035,17.6667,26.6316
2026-07-22T15:44:28.671,15.6035,17.5884,26.5924
2026-07-22T15:44:28.677,15.6142,17.6472,26.5533
2026-07-22T15:44:28.684,15.6187,17.6472,26.5729
2026-07-22T15:44:28.696,15.6419,17.6276,26.6512
2026-07-22T15:44:28.708,15.6506,17.6472,26.6903
2026-07-22T15:44:28.709,15.6538,17.6667,26.6708
2026-07-22T15:44:28.724,15.6538,17.608,26.6316
2026-07-22T15:44:28.724,15.6827,17.5493,26.6708
2026-07-22T15:44:28.740,15.6865,17.4122,26.5924
2026-07-22T15:44:28.759,15.6935,17.3339,26.5924
2026-07-22T15:44:28.759,15.6974,17.373,26.6512
2026-07-22T15:44:28.772,15.7202,17.4709,26.612
2026-07-22T15:44:28.772,15.7202,17.5101,26.6316
2026-07-22T15:44:28.798,15.7202,17.5101,26.5729
2026-07-22T15:44:28.805,15.7202,17.4905,26.5924
2026-07-22T15:44:28.813,15.7512,17.4318,26.5533
2026-07-22T15:44:28.825,15.7512,17.4905,26.4749
2026-07-22T15:44:28.825,15.7679,17.4122,26.4554
2026-07-22T15:44:28.848,15.783,17.373,26.4554
2026-07-22T15:44:28.856,15.783,17.2751,26.4358
2026-07-22T15:44:28.856,15.7988,17.3339,26.4945
2026-07-22T15:44:28.873,15.8031,17.3339,26.5337
2026-07-22T15:44:28.888,15.824,17.3339,26.5337
2026-07-22T15:44:28.888,15.824,17.3926,26.5337
2026-07-22T15:44:28.907,15.8355,17.3339,26.5729
2026-07-22T15:44:28.908,15.8671,17.3534,26.5533
2026-07-22T15:44:28.929,15.8671,17.3143,26.5533
2026-07-22T15:44:28.929,15.8671,17.2751,26.3966
2026-07-22T15:44:28.948,15.8671,17.236,26.4358
2026-07-22T15:44:28.957,15.9016,17.3143,26.5337
2026-07-22T15:44:28.957,15.9016,17.3926,26.5729
2026-07-22T15:44:28.972,15.9016,17.4514,26.6708
2026-07-22T15:44:28.972,15.916,17.4318,26.7882
2026-07-22T15:44:28.995,15.943,17.3339,26.8274
2026-07-22T15:44:29.007,15.9466,17.2751,26.8078
2026-07-22T15:44:29.007,15.9466,17.3143,26.847
2026-07-22T15:44:29.021,15.9786,17.2947,26.9057
2026-07-22T15:44:29.041,15.9786,17.3926,26.9645
2026-07-22T15:44:29.041,15.9786,17.373,27.0232
2026-07-22T15:44:29.052,15.9786,17.3926,27.0624
2026-07-22T15:44:29.068,16.0151,17.4514,27.0036
2026-07-22T15:44:29.068,16.0151,17.3339,26.847
2026-07-22T15:44:29.084,16.027,17.2947,26.8666
2026-07-22T15:44:29.100,16.027,17.373,26.847
2026-07-22T15:44:29.100,16.0582,17.3339,26.9449
2026-07-22T15:44:29.120,16.0582,17.3534,27.0428
2026-07-22T15:44:29.120,16.0582,17.4514,27.1211
2026-07-22T15:44:29.132,16.0582,17.4709,27.2973
2026-07-22T15:44:29.148,16.0909,17.4709,27.1015
2026-07-22T15:44:29.148,16.0909,17.3534,27.1211
2026-07-22T15:44:29.163,16.0909,17.3926,27.1211
2026-07-22T15:44:29.163,16.0909,17.4318,27.1211
2026-07-22T15:44:29.196,16.1221,17.373,27.1407
2026-07-22T15:44:29.196,16.1221,17.3926,27.1799
2026-07-22T15:44:29.196,16.1368,17.4122,27.1799
2026-07-22T15:44:29.220,16.1685,17.4318,27.1603
2026-07-22T15:44:29.227,16.1696,17.4318,27.1994
2026-07-22T15:44:29.227,16.1696,17.4514,27.1603
2026-07-22T15:44:29.249,16.177,17.4318,27.1603
2026-07-22T15:44:29.258,16.2003,17.373,27.1799
2026-07-22T15:44:29.269,16.2003,17.3143,27.082
2026-07-22T15:44:29.275,16.2003,17.2555,26.9253
2026-07-22T15:44:29.282,16.2003,17.2751,26.8861
2026-07-22T15:44:29.290,16.2319,17.2751,26.847
2026-07-22T15:44:29.305,16.2319,17.3143,26.9057
2026-07-22T15:44:29.305,16.2443,17.1968,26.8861
2026-07-22T15:44:29.321,16.2714,17.2164,26.9449
2026-07-22T15:44:29.337,16.28,17.1772,26.8666
2026-07-22T15:44:29.349,16.28,17.1576,26.8274
2026-07-22T15:44:29.353,16.28,17.0989,26.7687
2026-07-22T15:44:29.374,16.3116,17.0597,26.7882
2026-07-22T15:44:29.374,16.3116,17.1381,26.7687
2026-07-22T15:44:29.385,16.3156,17.0597,26.7491
2026-07-22T15:44:29.385,16.3156,17.001,26.7491
2026-07-22T15:44:29.406,16.3445,16.9814,26.847
2026-07-22T15:44:29.406,16.3445,17.0793,26.8274
2026-07-22T15:44:29.421,16.3616,17.0989,26.7882
2026-07-22T15:44:29.433,16.3891,17.0402,26.7687
2026-07-22T15:44:29.450,16.394,17.0402,26.7882
2026-07-22T15:44:29.450,16.3992,16.9423,26.7882
2026-07-22T15:44:29.467,16.4006,16.9618,26.8861
2026-07-22T15:44:29.480,16.4251,16.9423,26.8078
2026-07-22T15:44:29.490,16.4251,16.9814,26.847
2026-07-22T15:44:29.499,16.4251,16.9227,26.7295
2026-07-22T15:44:29.508,16.4251,16.9031,26.7099
2026-07-22T15:44:29.519,16.4547,16.9031,26.7099
2026-07-22T15:44:29.528,16.4547,16.9227,26.6512
2026-07-22T15:44:29.530,16.4694,16.8835,26.6903
2026-07-22T15:44:29.550,16.4977,16.9031,26.7295
2026-07-22T15:44:29.560,16.5054,16.8835,26.7491
2026-07-22T15:44:29.560,16.5054,16.766,26.7295
2026-07-22T15:44:29.575,16.5054,16.8443,26.7099
2026-07-22T15:44:29.575,16.5339,16.766,26.7295
2026-07-22T15:44:29.593,16.5339,16.766,26.7099
2026-07-22T15:44:29.606,16.5453,16.7073,26.7099
2026-07-22T15:44:29.611,16.5511,16.7269,26.7295
2026-07-22T15:44:29.622,16.5681,16.766,26.6903
2026-07-22T15:44:29.639,16.5805,16.6877,26.5924
2026-07-22T15:44:29.639,16.5805,16.7464,26.5924
2026-07-22T15:44:29.661,16.5805,16.7269,26.6316
2026-07-22T15:44:29.664,16.6142,16.7269,26.6512
2026-07-22T15:44:29.673,16.6156,16.8052,26.7295
2026-07-22T15:44:29.686,16.6236,16.7856,26.8274
2026-07-22T15:44:29.686,16.6292,16.7073,26.7491
2026-07-22T15:44:29.703,16.653,16.7073,26.7687
2026-07-22T15:44:29.703,16.653,16.5898,26.6512
2026-07-22T15:44:29.729,16.6595,16.6094,26.5924
2026-07-22T15:44:29.736,16.6595,16.5898,26.4945
2026-07-22T15:44:29.756,16.693,16.5898,26.4749
2026-07-22T15:44:29.756,16.6939,16.6485,26.4749
2026-07-22T15:44:29.765,16.698,16.6485,26.4162
2026-07-22T15:44:29.780,16.7228,16.6485,26.4945
2026-07-22T15:44:29.787,16.7228,16.7269,26.4749
2026-07-22T15:44:29.798,16.7228,16.766,26.5729
2026-07-22T15:44:29.805,16.7228,16.766,26.612
2026-07-22T15:44:29.817,16.7526,16.766,26.7491
2026-07-22T15:44:29.827,16.7526,16.8443,26.8078
2026-07-22T15:44:29.828,16.7683,16.8052,26.7491
2026-07-22T15:44:29.841,16.7974,16.8248,26.7687
2026-07-22T15:44:29.858,16.8025,16.8052,26.7491
2026-07-22T15:44:29.858,16.8093,16.8443,26.7882
2026-07-22T15:44:29.877,16.8133,16.8248,26.7687
2026-07-22T15:44:29.886,16.8395,16.9423,26.8861
2026-07-22T15:44:29.895,16.8395,16.8248,26.9645
2026-07-22T15:44:29.907,16.8466,16.8835,26.9449
2026-07-22T15:44:29.914,16.8466,16.9031,26.984
2026-07-22T15:44:29.928,16.8734,16.8443,27.0232
2026-07-22T15:44:29.939,16.881,16.8248,26.9057
2026-07-22T15:44:29.952,16.884,16.766,26.847
2026-07-22T15:44:29.952,16.884,16.7073,26.8274
2026-07-22T15:44:29.968,16.9206,16.6485,26.8078
2026-07-22T15:44:29.979,16.9251,16.7073,26.7882
2026-07-22T15:44:29.989,16.9291,16.7464,26.9253
2026-07-22T15:44:29.998,16.9347,16.7464,26.9449
2026-07-22T15:44:30.005,16.9526,16.7464,27.0232
2026-07-22T15:44:30.020,16.9526,16.8443,27.082
2026-07-22T15:44:30.026,16.9684,16.7073,27.082
2026-07-22T15:44:30.038,16.9684,16.766,27.0232
2026-07-22T15:44:30.050,17.0002,16.8052,27.0232
2026-07-22T15:44:30.058,17.0002,16.7464,27.0428
2026-07-22T15:44:30.058,17.0002,16.8052,27.0232
2026-07-22T15:44:30.074,17.0002,16.7464,27.0624
2026-07-22T15:44:30.102,17.0326,16.7856,27.1015
2026-07-22T15:44:30.102,17.0326,16.7464,27.0232
2026-07-22T15:44:30.105,17.0326,16.7269,27.1015
2026-07-22T15:44:30.105,17.0492,16.7073,27.0428
2026-07-22T15:44:30.121,17.0788,16.6681,26.9645
2026-07-22T15:44:30.138,17.0788,16.5898,26.8861
2026-07-22T15:44:30.138,17.0788,16.5311,26.847
2026-07-22T15:44:30.154,17.0788,16.5311,26.7882
2026-07-22T15:44:30.154,17.1163,16.5898,26.8274
2026-07-22T15:44:30.168,17.1163,16.5898,26.8861
2026-07-22T15:44:30.184,17.1247,16.6485,26.8861
2026-07-22T15:44:30.184,17.1285,16.5311,26.8274
2026-07-22T15:44:30.201,17.1547,16.5506,26.6903
2026-07-22T15:44:30.218,17.1583,16.394,26.6708
2026-07-22T15:44:30.230,17.1583,16.4723,26.7295
2026-07-22T15:44:30.236,17.1583,16.4723,26.7882
2026-07-22T15:44:30.255,17.1911,16.629,26.8666
2026-07-22T15:44:30.256,17.1911,16.4723,26.9449
2026-07-22T15:44:30.264,17.1911,16.5702,26.984
2026-07-22T15:44:30.264,17.208,16.5506,26.9449
2026-07-22T15:44:30.295,17.2235,16.6681,26.9645
2026-07-22T15:44:30.296,17.237,16.6681,26.9253
2026-07-22T15:44:30.296,17.237,16.6681,27.082
2026-07-22T15:44:30.315,17.2688,16.6681,27.082
2026-07-22T15:44:30.325,17.2688,16.6094,27.0624
2026-07-22T15:44:30.329,17.2688,16.5506,26.9449
2026-07-22T15:44:30.349,17.2688,16.4527,26.8861
2026-07-22T15:44:30.358,17.3005,16.394,26.9057
2026-07-22T15:44:30.358,17.3005,16.4723,26.9253
2026-07-22T15:44:30.374,17.3005,16.5311,27.0232
2026-07-22T15:44:30.374,17.3194,16.6094,27.1994
2026-07-22T15:44:30.391,17.3502,16.629,27.4344
2026-07-22T15:44:30.406,17.3515,16.6877,27.3561
2026-07-22T15:44:30.406,17.36,16.6877,27.3757
2026-07-22T15:44:30.426,17.3648,16.7073,27.454
2026-07-22T15:44:30.437,17.381,16.8052,27.3365
2026-07-22T15:44:30.450,17.3951,16.7464,27.3365
2026-07-22T15:44:30.465,17.3951,16.8443,27.3561
2026-07-22T15:44:30.470,17.3951,16.9031,27.4344
2026-07-22T15:44:30.470,17.4264,16.9227,27.5127
2026-07-22T15:44:30.486,17.4264,16.9618,27.5323
2026-07-22T15:44:30.486,17.4264,16.9423,27.6106
2026-07-22T15:44:30.500,17.4264,16.9618,27.6694
2026-07-22T15:44:30.522,17.4707,17.0793,27.7477
2026-07-22T15:44:30.532,17.4743,17.1576,27.826
2026-07-22T15:44:30.532,17.4763,17.2751,27.9043
2026-07-22T15:44:30.548,17.4831,17.2947,27.9827
2026-07-22T15:44:30.554,17.506,17.236,27.9239
2026-07-22T15:44:30.567,17.506,17.2164,27.9239
2026-07-22T15:44:30.579,17.5173,17.2164,27.9239
2026-07-22T15:44:30.586,17.5219,17.1381,27.9043
2026-07-22T15:44:30.596,17.5377,17.1576,27.826
2026-07-22T15:44:30.596,17.549,17.1968,27.9435
2026-07-22T15:44:30.622,17.5539,17.1576,28.0806
2026-07-22T15:44:30.628,17.5596,17.1968,28.061
2026-07-22T15:44:30.628,17.5856,17.1381,28.0022
2026-07-22T15:44:30.643,17.5856,17.1576,27.9827
2026-07-22T15:44:30.659,17.5856,17.0989,27.8848
2026-07-22T15:44:30.665,17.5856,17.0989,27.8848
2026-07-22T15:44:30.684,17.6188,17.1185,27.8848
2026-07-22T15:44:30.684,17.6188,17.0989,27.8848
2026-07-22T15:44:30.691,17.6188,16.9618,27.8456
2026-07-22T15:44:30.691,17.6392,16.8639,27.6694
2026-07-22T15:44:30.723,17.6514,16.7073,27.5323
2026-07-22T15:44:30.724,17.6655,16.7269,27.3952
2026-07-22T15:44:30.738,17.6655,16.6485,27.3169
2026-07-22T15:44:30.746,17.6655,16.629,27.3561
2026-07-22T15:44:30.757,17.6974,16.6681,27.3757
2026-07-22T15:44:30.771,17.6974,16.7073,27.3952
2026-07-22T15:44:30.771,17.6974,16.6094,27.4148
2026-07-22T15:44:30.787,17.7302,16.5311,27.2778
2026-07-22T15:44:30.803,17.7302,16.4919,27.1015
2026-07-22T15:44:30.803,17.7449,16.394,26.9253
2026-07-22T15:44:30.818,17.7501,16.2961,26.7491
2026-07-22T15:44:30.823,17.7636,16.3352,26.7491
2026-07-22T15:44:30.835,17.7769,16.2961,26.7491
2026-07-22T15:44:30.835,17.7769,16.2569,26.7882
2026-07-22T15:44:30.855,17.7769,16.2373,26.847
2026-07-22T15:44:30.866,17.8089,16.2373,26.7491
2026-07-22T15:44:30.869,17.8164,16.1786,26.7882
2026-07-22T15:44:30.882,17.818,16.2765,26.8078
2026-07-22T15:44:30.898,17.837,16.1394,26.7882
2026-07-22T15:44:30.898,17.837,16.1786,26.7882
2026-07-22T15:44:30.922,17.8525,16.1394,26.8861
2026-07-22T15:44:30.927,17.8525,16.2373,26.8861
2026-07-22T15:44:30.937,17.8692,16.2373,26.9253
2026-07-22T15:44:30.942,17.8692,16.2569,26.984
2026-07-22T15:44:30.958,17.8844,16.3352,26.9645
2026-07-22T15:44:30.974,17.903,16.2961,26.9645
2026-07-22T15:44:30.974,17.903,16.2178,26.8861
2026-07-22T15:44:30.990,17.9188,16.2178,26.7882
2026-07-22T15:44:30.990,17.942,16.1394,26.8274
2026-07-22T15:44:31.008,17.9478,16.2765,26.7882
2026-07-22T15:44:31.008,17.9515,16.3157,27.1211
2026-07-22T15:44:31.025,17.9536,16.4919,27.2386
2026-07-22T15:44:31.038,17.9689,16.6681,27.4148
2026-07-22T15:44:31.046,17.9689,16.7073,27.689
2026-07-22T15:44:31.059,17.9849,16.7073,27.6302
2026-07-22T15:44:31.064,18.0027,16.6094,27.689
2026-07-22T15:44:31.074,18.0027,16.5898,27.6694
2026-07-22T15:44:31.087,18.0177,16.629,27.6694
2026-07-22T15:44:31.090,18.0373,16.5506,27.7085
2026-07-22T15:44:31.108,18.0513,16.6877,27.6694
2026-07-22T15:44:31.108,18.0532,16.6877,27.7477
2026-07-22T15:44:31.123,18.0532,16.6877,27.7869
2026-07-22T15:44:31.138,18.085,16.7464,28.0806
2026-07-22T15:44:31.142,18.085,16.8248,27.8652
2026-07-22T15:44:31.158,18.085,16.8248,27.9239
2026-07-22T15:44:31.158,18.085,16.8052,28.0414
2026-07-22T15:44:31.174,18.118,16.8052,27.9827
2026-07-22T15:44:31.190,18.118,16.8052,28.1002
2026-07-22T15:44:31.190,18.118,16.8443,28.0806
2026-07-22T15:44:31.190,18.1517,16.8052,28.0218
2026-07-22T15:44:31.206,18.1517,16.766,27.9827
2026-07-22T15:44:31.223,18.1645,16.8248,27.9631
2026-07-22T15:44:31.238,18.1673,16.7073,27.9435
2026-07-22T15:44:31.254,18.1811,16.7464,27.9827
2026-07-22T15:44:31.257,18.1962,16.7073,27.9435
2026-07-22T15:44:31.257,18.1962,16.766,28.061
2026-07-22T15:44:31.272,18.2183,16.8052,28.1002
2026-07-22T15:44:31.286,18.2279,16.8835,28.1393
2026-07-22T15:44:31.286,18.2279,16.8639,28.1197
2026-07-22T15:44:31.301,18.2279,16.9227,28.0022
2026-07-22T15:44:31.318,18.2597,16.8052,27.9435
2026-07-22T15:44:31.323,18.2597,16.766,28.0414
2026-07-22T15:44:31.333,18.2597,16.7856,28.061
2026-07-22T15:44:31.349,18.2914,16.8052,28.1002
2026-07-22T15:44:31.365,18.2914,16.8443,28.1785
2026-07-22T15:44:31.365,18.3072,16.9227,28.0806
2026-07-22T15:44:31.365,18.3072,16.9031,28.1589
2026-07-22T15:44:31.381,18.3233,16.9227,28.1589
2026-07-22T15:44:31.397,18.3401,16.9227,28.2568
2026-07-22T15:44:31.397,18.3401,16.9814,28.3939
2026-07-22T15:44:31.419,18.3401,16.9814,28.3939
2026-07-22T15:44:31.428,18.3714,16.9423,28.433
2026-07-22T15:44:31.428,18.3714,16.9227,28.4134
2026-07-22T15:44:31.445,18.3872,16.9814,28.3155
2026-07-22T15:44:31.445,18.3872,16.8835,28.2568
2026-07-22T15:44:31.461,18.4041,16.766,28.2764
2026-07-22T15:44:31.461,18.4188,16.7464,28.2764
2026-07-22T15:44:31.477,18.4188,16.8443,28.1589
2026-07-22T15:44:31.492,18.4188,16.766,28.1002
2026-07-22T15:44:31.509,18.4528,16.7269,27.9239
2026-07-22T15:44:31.509,18.4528,16.6485,27.7869
2026-07-22T15:44:31.524,18.4528,16.5115,27.7085
2026-07-22T15:44:31.540,18.4676,16.4919,27.6498
2026-07-22T15:44:31.540,18.4823,16.6485,27.7281
2026-07-22T15:44:31.558,18.4981,16.6485,27.7477
2026-07-22T15:44:31.558,18.4981,16.7269,27.8456
2026-07-22T15:44:31.573,18.4981,16.6877,27.8456
2026-07-22T15:44:31.573,18.53,16.7073,27.7673
2026-07-22T15:44:31.587,18.53,16.6094,27.7281
2026-07-22T15:44:31.603,18.53,16.5506,27.6694
2026-07-22T15:44:31.619,18.5536,16.4527,27.6302
2026-07-22T15:44:31.624,18.5628,16.3744,27.5911
2026-07-22T15:44:31.635,18.5667,16.3744,27.5519
2026-07-22T15:44:31.651,18.5811,16.3744,27.5519
2026-07-22T15:44:31.659,18.5937,16.2569,27.5715
2026-07-22T15:44:31.672,18.5937,16.3157,27.5127
2026-07-22T15:44:31.672,18.5937,16.2373,27.454
2026-07-22T15:44:31.686,18.6257,16.2569,27.3757
2026-07-22T15:44:31.686,18.6257,16.3352,27.4736
2026-07-22T15:44:31.699,18.6257,16.394,27.3561
2026-07-22T15:44:31.724,18.6595,16.3352,27.3169
2026-07-22T15:44:31.724,18.6595,16.2961,27.2582
2026-07-22T15:44:31.731,18.6595,16.2373,27.2582
2026-07-22T15:44:31.747,18.6917,16.3157,27.1211
2026-07-22T15:44:31.759,18.6917,16.2569,27.219
2026-07-22T15:44:31.765,18.6917,16.3744,27.1799
2026-07-22T15:44:31.765,18.7206,16.3157,27.2973
2026-07-22T15:44:31.785,18.7206,16.3352,27.2778
2026-07-22T15:44:31.797,18.7206,16.3352,27.1994
2026-07-22T15:44:31.797,18.7369,16.2373,27.1211
2026-07-22T15:44:31.818,18.7549,16.1982,27.1603
2026-07-22T15:44:31.826,18.7549,16.1982,27.1994
2026-07-22T15:44:31.826,18.7679,16.3157,27.3365
2026-07-22T15:44:31.842,18.7996,16.3157,27.3169
2026-07-22T15:44:31.860,18.7996,16.2961,27.2973
2026-07-22T15:44:31.860,18.7996,16.1982,27.1799
2026-07-22T15:44:31.873,18.8155,16.1199,27.1015
2026-07-22T15:44:31.889,18.8311,16.1786,27.0428
2026-07-22T15:44:31.889,18.8311,16.1199,27.0624
2026-07-22T15:44:31.905,18.8478,16.159,26.984
2026-07-22T15:44:31.921,18.8547,16.159,27.0624
2026-07-22T15:44:31.924,18.8785,16.2373,27.1603
2026-07-22T15:44:31.936,18.8785,16.3548,27.3757
2026-07-22T15:44:31.936,18.8785,16.4723,27.3757
2026-07-22T15:44:31.960,18.8785,16.4136,27.5127
2026-07-22T15:44:31.968,18.9192,16.4136,27.4931
2026-07-22T15:44:31.968,18.9192,16.3352,27.4344
2026-07-22T15:44:31.984,18.9282,16.3744,27.4736
2026-07-22T15:44:31.984,18.9319,16.394,27.4148
2026-07-22T15:44:32.005,18.955,16.4332,27.4736
2026-07-22T15:44:32.015,18.955,16.4527,27.4736
2026-07-22T15:44:32.032,18.955,16.4527,27.3757
2026-07-22T15:44:32.038,18.9692,16.4332,27.3365
2026-07-22T15:44:32.059,19.0007,16.5311,27.2973
2026-07-22T15:44:32.059,19.0018,16.4527,27.2582
2026-07-22T15:44:32.060,19.0071,16.4332,27.219
2026-07-22T15:44:32.074,19.0082,16.4136,27.2778
2026-07-22T15:44:32.074,19.0359,16.4332,27.3561
2026-07-22T15:44:32.091,19.0407,16.4527,27.3561
2026-07-22T15:44:32.107,19.0427,16.4527,27.3757
2026-07-22T15:44:32.113,19.0457,16.4527,27.3169
2026-07-22T15:44:32.125,19.0702,16.394,27.2778
2026-07-22T15:44:32.141,19.0702,16.394,27.1994
2026-07-22T15:44:32.148,19.0702,16.4136,27.1211
2026-07-22T15:44:32.161,19.1015,16.3548,27.1994
2026-07-22T15:44:32.172,19.1015,16.3548,27.1603
2026-07-22T15:44:32.175,19.1015,16.4332,27.2973
2026-07-22T15:44:32.175,19.1176,16.4919,27.3561
2026-07-22T15:44:32.191,19.1358,16.5702,27.3757
2026-07-22T15:44:32.207,19.1358,16.6094,27.4736
2026-07-22T15:44:32.207,19.1495,16.5898,27.4736
2026-07-22T15:44:32.226,19.1693,16.5311,27.5519
2026-07-22T15:44:32.241,19.1693,16.5898,27.689
2026-07-22T15:44:32.241,19.1693,16.5898,27.7085
2026-07-22T15:44:32.258,19.1855,16.6681,27.7085
2026-07-22T15:44:32.261,19.201,16.5702,27.6302
2026-07-22T15:44:32.274,19.2128,16.4723,27.5911
2026-07-22T15:44:32.274,19.2197,16.3548,27.4736
2026-07-22T15:44:32.291,19.2425,16.3352,27.3561
2026-07-22T15:44:32.306,19.2509,16.3548,27.3169
2026-07-22T15:44:32.318,19.2556,16.4136,27.3169
2026-07-22T15:44:32.325,19.2556,16.4723,27.3952
2026-07-22T15:44:32.348,19.2808,16.4919,27.4736
2026-07-22T15:44:32.348,19.2808,16.6094,27.5911
2026-07-22T15:44:32.356,19.2808,16.6485,27.7477
2026-07-22T15:44:32.370,19.3124,16.6681,27.7869
2026-07-22T15:44:32.386,19.32,16.5702,27.9239
2026-07-22T15:44:32.386,19.32,16.5898,27.9827
2026-07-22T15:44:32.402,19.3281,16.6094,28.0218
2026-07-22T15:44:32.402,19.351,16.5311,28.0022
2026-07-22T15:44:32.418,19.3562,16.5898,28.1002
2026-07-22T15:44:32.425,19.363,16.5702,28.1002
2026-07-22T15:44:32.433,19.3941,16.5702,28.1197
2026-07-22T15:44:32.450,19.4007,16.629,28.1981
2026-07-22T15:44:32.461,19.4053,16.6094,28.061
2026-07-22T15:44:32.468,19.4085,16.5898,27.9827
2026-07-22T15:44:32.483,19.4356,16.5311,27.9435
2026-07-22T15:44:32.495,19.4395,16.629,27.9043
2026-07-22T15:44:32.499,19.4395,16.5702,27.8848
2026-07-22T15:44:32.508,19.4395,16.5898,27.8456
2026-07-22T15:44:32.517,19.4395,16.5506,27.9239
2026-07-22T15:44:32.525,19.4723,16.5115,27.8064
2026-07-22T15:44:32.539,19.4723,16.5898,27.8064
2026-07-22T15:44:32.545,19.488,16.5898,27.8652
2026-07-22T15:44:32.545,19.488,16.6094,27.9043
2026-07-22T15:44:32.562,19.52,16.6681,27.8652
2026-07-22T15:44:32.577,19.52,16.6094,27.9435
2026-07-22T15:44:32.577,19.52,16.5898,27.8064
2026-07-22T15:44:32.593,19.5349,16.6094,27.7281
2026-07-22T15:44:32.605,19.5667,16.5115,27.7477
2026-07-22T15:44:32.625,19.5667,16.4527,27.6694
2026-07-22T15:44:32.625,19.5667,16.4919,27.7869
2026-07-22T15:44:32.640,19.5667,16.4919,27.7869
2026-07-22T15:44:32.640,19.6103,16.5898,27.8064
2026-07-22T15:44:32.664,19.6155,16.5506,27.8652
2026-07-22T15:44:32.664,19.62,16.5702,27.689
2026-07-22T15:44:32.672,19.62,16.5115,27.6694
2026-07-22T15:44:32.689,19.62,16.4723,27.6498
2026-07-22T15:44:32.689,19.6572,16.3744,27.5323
2026-07-22T15:44:32.708,19.6619,16.4136,27.6302
2026-07-22T15:44:32.715,19.6619,16.4723,27.7085
2026-07-22T15:44:32.725,19.6619,16.5506,27.8848
2026-07-22T15:44:32.735,19.6952,16.6877,27.9239
2026-07-22T15:44:32.751,19.6952,16.7269,27.9239
2026-07-22T15:44:32.751,19.6952,16.6094,27.8064
2026-07-22T15:44:32.767,19.6952,16.4723,27.5519
2026-07-22T15:44:32.767,19.7095,16.3744,27.3365
2026-07-22T15:44:32.785,19.7252,16.2961,27.2778
2026-07-22T15:44:32.800,19.7409,16.3352,27.2973
2026-07-22T15:44:32.800,19.7409,16.394,27.3952
2026-07-22T15:44:32.815,19.7756,16.4136,27.454
2026-07-22T15:44:32.825,19.7756,16.3157,27.4931
2026-07-22T15:44:32.830,19.7756,16.3157,27.4148
2026-07-22T15:44:32.846,19.7886,16.2961,27.4736
2026-07-22T15:44:32.862,19.8047,16.2961,27.4148
2026-07-22T15:44:32.878,19.8047,16.3548,27.454
2026-07-22T15:44:32.878,19.8047,16.3744,27.6302
2026-07-22T15:44:32.881,19.8206,16.4919,27.6498
2026-07-22T15:44:32.894,19.8206,16.394,27.689
2026-07-22T15:44:32.894,19.8364,16.4527,27.6106
2026-07-22T15:44:32.910,19.8525,16.3352,27.6498
2026-07-22T15:44:32.926,19.858,16.3548,27.5715
2026-07-22T15:44:32.942,19.8842,16.3744,27.5519
2026-07-22T15:44:32.942,19.8842,16.4919,27.689
2026-07-22T15:44:32.958,19.8842,16.6485,27.7477
2026-07-22T15:44:32.963,19.8842,16.5702,27.7477
2026-07-22T15:44:32.974,19.9207,16.5506,27.7281
2026-07-22T15:44:32.974,19.9207,16.4527,27.7869
2026-07-22T15:44:32.989,19.9207,16.3744,27.5911
2026-07-22T15:44:46.870,33.8139,13.7506,30.0974
2026-07-22T15:44:46.886,33.8139,13.8289,30.1366
2026-07-22T15:44:46.886,33.8464,13.7506,30.2736
2026-07-22T15:44:46.904,33.8464,13.8093,30.3519
2026-07-22T15:44:46.904,33.8464,13.8289,30.3715
2026-07-22T15:44:46.919,33.8642,13.8093,30.4694
2026-07-22T15:44:46.942,33.8876,13.8289,30.3715
2026-07-22T15:44:46.952,33.8938,13.8093,30.2736
2026-07-22T15:44:46.952,33.8987,13.7702,30.2736
2026-07-22T15:44:46.968,33.9007,13.7114,30.2149
2026-07-22T15:44:46.969,33.9261,13.7114,30.254
2026-07-22T15:44:46.982,33.9261,13.6918,30.2736
2026-07-22T15:44:47.000,33.9261,13.6918,30.2932
2026-07-22T15:44:47.006,33.9367,13.6135,30.1561
2026-07-22T15:44:47.019,33.9584,13.6331,30.0778
2026-07-22T15:44:47.024,33.9584,13.6527,30.0778
2026-07-22T15:44:47.031,33.9584,13.6527,30.0582
2026-07-22T15:44:47.064,33.9889,13.5939,30.0386
2026-07-22T15:44:47.064,33.9899,13.5939,30.117
2026-07-22T15:44:47.064,33.9922,13.6918,30.1757
2026-07-22T15:44:47.078,34.0172,13.5939,30.0386
2026-07-22T15:44:47.078,34.0208,13.4765,29.8624
2026-07-22T15:44:47.097,34.0208,13.4765,29.882
2026-07-22T15:44:47.116,34.0526,13.5548,29.8428
2026-07-22T15:44:47.116,34.0526,13.5744,29.9212
2026-07-22T15:44:47.126,34.0526,13.7114,30.0974
2026-07-22T15:44:47.126,34.0843,13.7702,30.2149
2026-07-22T15:44:47.145,34.0843,13.8093,30.2736
2026-07-22T15:44:47.158,34.0843,13.8093,30.3324
2026-07-22T15:44:47.158,34.0843,13.8681,30.2932
2026-07-22T15:44:47.174,34.1163,13.8681,30.3715
2026-07-22T15:44:47.174,34.1163,13.9464,30.4694
2026-07-22T15:44:47.189,34.1163,13.9464,30.6848
2026-07-22T15:44:47.206,34.148,14.103,30.8415
2026-07-22T15:44:47.206,34.148,14.1814,30.9981
2026-07-22T15:44:47.222,34.1534,14.1814,31.0373
2026-07-22T15:44:47.237,34.1798,14.0639,30.8415
2026-07-22T15:44:47.248,34.1798,14.0051,30.7044
2026-07-22T15:44:47.259,34.1798,13.9464,30.6065
2026-07-22T15:44:47.269,34.2151,13.9464,30.5869
2026-07-22T15:44:47.269,34.2151,13.966,30.6261
2026-07-22T15:44:47.285,34.2285,13.966,30.6261
2026-07-22T15:44:47.285,34.2285,13.9072,30.6065
2026-07-22T15:44:47.301,34.2563,13.966,30.5086
2026-07-22T15:44:47.317,34.2592,13.7898,30.3519
2026-07-22T15:44:47.320,34.2592,13.8877,30.2932
2026-07-22T15:44:47.334,34.2592,13.8485,30.3715
2026-07-22T15:44:47.349,34.2913,13.8877,30.489
2026-07-22T15:44:47.355,34.2913,13.9268,30.5086
2026-07-22T15:44:47.364,34.2913,13.966,30.5673
2026-07-22T15:44:47.378,34.3063,14.0443,30.4694
2026-07-22T15:44:47.380,34.3249,13.9268,30.4498
2026-07-22T15:44:47.396,34.3249,13.9072,30.4107
2026-07-22T15:44:47.396,34.3369,13.9268,30.4107
2026-07-22T15:44:47.411,34.3593,13.8877,30.5282
2026-07-22T15:44:47.430,34.3593,13.9268,30.4694
2026-07-22T15:44:47.430,34.3729,13.7898,30.3715
2026-07-22T15:44:47.444,34.4018,13.7702,30.254
2026-07-22T15:44:47.465,34.4018,13.6527,30.0974
2026-07-22T15:44:47.465,34.4018,13.5744,29.9016
2026-07-22T15:44:47.478,34.4018,13.4569,29.8037
2026-07-22T15:44:47.478,34.4159,13.5352,29.8624
2026-07-22T15:44:47.498,34.4371,13.4765,29.9603
2026-07-22T15:44:47.506,34.4371,13.5939,30.0582
2026-07-22T15:44:47.507,34.4371,13.6135,30.117
2026-07-22T15:44:47.522,34.4646,13.6331,30.117
2026-07-22T15:44:47.539,34.4689,13.5939,30.117
2026-07-22T15:44:47.542,34.4689,13.5744,29.9212
2026-07-22T15:44:47.555,34.5008,13.496,29.8624
2026-07-22T15:44:47.570,34.5008,13.5548,29.7645
2026-07-22T15:44:47.574,34.5008,13.496,29.8037
2026-07-22T15:44:47.587,34.5283,13.6331,29.9212
2026-07-22T15:44:47.602,34.5283,13.5939,30.0386
2026-07-22T15:44:47.606,34.5374,13.6331,30.1366
2026-07-22T15:44:47.606,34.5441,13.6918,30.0582
2026-07-22T15:44:47.631,34.5666,13.5744,30.0191
2026-07-22T15:44:47.633,34.5698,13.5156,29.7645
2026-07-22T15:44:47.649,34.5739,13.3981,29.647
2026-07-22T15:44:47.649,34.5943,13.5548,29.6862
2026-07-22T15:44:47.666,34.5943,13.6331,29.9212
2026-07-22T15:44:47.681,34.6054,13.6527,30.1953
2026-07-22T15:44:47.691,34.6289,13.7114,30.254
2026-07-22T15:44:47.700,34.6289,13.5939,30.2736
2026-07-22T15:44:47.708,34.6375,13.6723,30.1561
2026-07-22T15:44:47.724,34.6504,13.6135,30.0191
2026-07-22T15:44:47.724,34.6677,13.6331,30.0386
2026-07-22T15:44:47.740,34.6707,13.5744,29.9407
2026-07-22T15:44:47.743,34.6989,13.5939,30.1561
2026-07-22T15:44:47.756,34.7009,13.7114,30.254
2026-07-22T15:44:47.756,34.7063,13.7702,30.4107
2026-07-22T15:44:47.781,34.7063,13.7898,30.4498
2026-07-22T15:44:47.789,34.7362,13.8093,30.4107
2026-07-22T15:44:47.800,34.7377,13.6918,30.4107
2026-07-22T15:44:47.811,34.7377,13.6918,30.3128
2026-07-22T15:44:47.811,34.7377,13.7114,30.2736
2026-07-22T15:44:47.830,34.7732,13.7702,30.3324
2026-07-22T15:44:47.840,34.7752,13.8289,30.5673
2026-07-22T15:44:47.843,34.7792,13.9464,30.6652
2026-07-22T15:44:47.856,34.8024,14.0051,30.7827
2026-07-22T15:44:47.871,34.8024,13.9856,30.7631
2026-07-22T15:44:47.880,34.8024,13.8877,30.5869
2026-07-22T15:44:47.887,34.8024,13.8289,30.3911
2026-07-22T15:44:47.892,34.8357,13.7114,30.3324
2026-07-22T15:44:47.908,34.8378,13.8485,30.3128
2026-07-22T15:44:47.908,34.8378,13.7702,30.3324
2026-07-22T15:44:47.924,34.8685,13.8093,30.489
2026-07-22T15:44:47.924,34.8685,13.8485,30.5282
2026-07-22T15:44:47.943,34.8685,13.9464,30.6848
2026-07-22T15:44:47.958,34.9036,14.0443,30.6652
2026-07-22T15:44:47.971,34.9072,14.1618,30.7827
2026-07-22T15:44:47.974,34.9128,14.2597,30.8415
2026-07-22T15:44:47.987,34.9158,14.2597,30.8219
2026-07-22T15:44:47.987,34.9378,14.103,30.8023
2026-07-22T15:44:48.004,34.9413,14.2205,30.724
2026-07-22T15:44:48.021,34.9484,14.1814,30.724
2026-07-22T15:44:48.023,34.9739,14.1422,30.5869
2026-07-22T15:44:48.035,34.976,14.0835,30.4694
2026-07-22T15:44:48.052,34.976,14.0835,30.3715
2026-07-22T15:44:48.054,35.0079,14.0639,30.254
2026-07-22T15:44:48.068,35.0089,14.0443,30.0974
2026-07-22T15:44:48.081,35.0128,13.8877,30.0778
2026-07-22T15:44:48.081,35.0186,13.966,30.117
2026-07-22T15:44:48.097,35.0397,13.9268,30.117
2026-07-22T15:44:48.097,35.0397,13.9072,30.0974
2026-07-22T15:44:48.114,35.0397,13.8289,30.1561
2026-07-22T15:44:48.124,35.071,13.8877,30.1757
2026-07-22T15:44:48.145,35.071,13.7702,30.1953
2026-07-22T15:44:48.145,35.071,13.7702,30.2345
2026-07-22T15:44:48.145,35.0874,13.8093,30.254
2026-07-22T15:44:48.176,35.1027,13.8681,30.1953
2026-07-22T15:44:48.176,35.1027,13.9268,30.1757
2026-07-22T15:44:48.176,35.1027,13.8877,30.2736
2026-07-22T15:44:48.193,35.1383,13.9268,30.2932
2026-07-22T15:44:48.208,35.1506,13.8877,30.2149
2026-07-22T15:44:48.208,35.1506,13.7898,30.2149
2026-07-22T15:44:48.224,35.1506,13.8289,29.9603
2026-07-22T15:44:48.234,35.1822,13.731,29.8624
2026-07-22T15:44:48.243,35.1822,13.6527,29.7841
2026-07-22T15:44:48.256,35.1914,13.6527,29.7058
2026-07-22T15:44:48.256,35.1979,13.6135,29.7058
2026-07-22T15:44:48.272,35.2197,13.5939,29.7841
2026-07-22T15:44:48.287,35.2297,13.5744,29.882
2026-07-22T15:44:48.297,35.2297,13.5156,29.882
2026-07-22T15:44:48.303,35.2464,13.6135,29.9212
2026-07-22T15:44:48.319,35.2464,13.5352,29.8624
2026-07-22T15:44:48.325,35.2617,13.6918,29.8037
2026-07-22T15:44:48.335,35.2617,13.5744,29.9016
2026-07-22T15:44:48.352,35.2931,13.7114,29.9407
2026-07-22T15:44:48.352,35.2931,13.731,30.1757
2026-07-22T15:44:48.367,35.2993,13.8877,30.1953
2026-07-22T15:44:48.367,35.32,13.7898,30.1366
2026-07-22T15:44:48.383,35.3252,13.7898,30.2345
2026-07-22T15:44:48.398,35.3252,13.9072,30.0974
2026-07-22T15:44:48.405,35.3252,13.7506,30.0778
2026-07-22T15:44:48.415,35.3618,13.731,30.0778
2026-07-22T15:44:48.425,35.3639,13.8485,30.2149
2026-07-22T15:44:48.430,35.3639,13.8485,30.3519
2026-07-22T15:44:48.446,35.3894,13.966,30.489
2026-07-22T15:44:48.463,35.3894,13.966,30.4498
2026-07-22T15:44:48.469,35.3894,13.966,30.4694
2026-07-22T15:44:48.478,35.4064,13.9072,30.3715
2026-07-22T15:44:48.494,35.4295,13.8093,30.2932
2026-07-22T15:44:48.495,35.4361,13.8093,30.2345
2026-07-22T15:44:48.509,35.4394,13.9464,30.4107
2026-07-22T15:44:48.526,35.4548,14.0051,30.5086
2026-07-22T15:44:48.526,35.4548,14.103,30.6457
2026-07-22T15:44:48.535,35.469,14.0835,30.8023
2026-07-22T15:44:48.545,35.469,14.2009,30.9785
2026-07-22T15:44:48.560,35.4843,14.1618,31.0764
2026-07-22T15:44:48.560,35.5002,14.2597,31.1352
2026-07-22T15:44:48.574,35.5047,14.2205,31.2331
2026-07-22T15:44:48.574,35.5333,14.1422,31.0568
2026-07-22T15:44:48.590,35.5389,14.1814,31.0568
2026-07-22T15:44:48.610,35.5494,14.103,31.096
2026-07-22T15:44:48.610,35.55,14.0247,30.9198
2026-07-22T15:44:48.634,35.5634,14.103,30.8415
2026-07-22T15:44:48.634,35.5634,13.9268,30.7631
2026-07-22T15:44:48.653,35.5792,14.0443,30.6652
2026-07-22T15:44:48.655,35.5792,13.9856,30.5086
2026-07-22T15:44:48.669,35.6124,13.9072,30.3519
2026-07-22T15:44:48.669,35.6124,13.8485,30.1561
2026-07-22T15:44:48.684,35.6124,13.8485,30.2149
2026-07-22T15:44:48.701,35.6428,13.8093,30.0386
2026-07-22T15:44:48.701,35.6428,13.731,30.0582
2026-07-22T15:44:48.718,35.6524,13.731,30.1366
2026-07-22T15:44:48.726,35.6585,13.7898,30.1757
2026-07-22T15:44:48.744,35.6829,13.7506,30.2736
2026-07-22T15:44:48.748,35.6872,13.8681,30.2345
2026-07-22T15:44:48.758,35.6926,13.9072,30.1561
2026-07-22T15:44:48.783,35.716,13.6331,29.9799
2026-07-22T15:44:48.783,35.7195,13.6135,29.9799
2026-07-22T15:44:48.791,35.7216,13.6918,30.0974
2026-07-22T15:44:48.798,35.7216,13.7702,30.2932
2026-07-22T15:44:48.809,35.7517,13.8289,30.4303
2026-07-22T15:44:48.819,35.7517,13.8877,30.4303
2026-07-22T15:44:48.827,35.7517,13.8485,30.3128
2026-07-22T15:44:48.840,35.7877,13.7114,30.1366
2026-07-22T15:44:48.844,35.7897,13.6723,30.0582
2026-07-22T15:44:48.857,35.795,13.5548,29.9016
2026-07-22T15:44:48.872,35.8222,13.7114,29.9799
2026-07-22T15:44:48.875,35.8222,13.6527,30.0191
2026-07-22T15:44:48.888,35.8222,13.7114,29.9995
2026-07-22T15:44:48.903,35.8222,13.6135,29.9799
2026-07-22T15:44:48.907,35.851,13.6918,29.8624
2026-07-22T15:44:48.926,35.851,13.6918,29.7841
2026-07-22T15:44:48.927,35.851,13.6918,29.8037
2026-07-22T15:44:48.927,35.8681,13.6723,29.8037
2026-07-22T15:44:48.944,35.8926,13.7898,29.9799
2026-07-22T15:44:48.956,35.8989,13.8093,30.0386
2026-07-22T15:44:48.956,35.9036,13.9072,30.0974
2026-07-22T15:44:48.973,35.9036,13.7898,30.1953
2026-07-22T15:44:48.988,35.936,13.8485,30.1366
2026-07-22T15:44:48.998,35.9392,13.9268,30.3128
2026-07-22T15:44:49.009,35.9392,13.9856,30.4498
2026-07-22T15:44:49.009,35.9392,14.0835,30.5282
2026-07-22T15:44:49.028,35.9705,14.0247,30.489
2026-07-22T15:44:49.041,35.9728,13.9856,30.5673
2026-07-22T15:44:49.044,35.9748,13.966,30.4303
2026-07-22T15:44:49.069,35.9986,14.0051,30.3519
2026-07-22T15:44:49.072,35.9986,13.9268,30.4107
2026-07-22T15:44:49.078,35.9986,13.966,30.4694
2026-07-22T15:44:49.092,36.0393,13.9856,30.5477
2026-07-22T15:44:49.104,36.0393,14.0051,30.5673
2026-07-22T15:44:49.104,36.0495,14.0247,30.4107
2026-07-22T15:44:49.119,36.0495,14.0443,30.3128
2026-07-22T15:44:49.136,36.0786,13.966,30.2345
2026-07-22T15:44:49.136,36.0786,13.9464,30.254
2026-07-22T15:44:49.151,36.0786,13.966,30.2345
2026-07-22T15:44:49.155,36.0936,14.0443,30.2932
2026-07-22T15:44:49.168,36.1105,14.0051,30.4107
2026-07-22T15:44:49.179,36.1237,14.1422,30.5282
2026-07-22T15:44:49.184,36.1255,14.2009,30.7044
2026-07-22T15:44:49.199,36.1255,14.2401,30.7631
2026-07-22T15:44:49.199,36.1415,14.2009,30.7827
2026-07-22T15:44:49.216,36.159,14.2793,30.7436
2026-07-22T15:44:49.231,36.1615,14.2009,30.7044
2026-07-22T15:44:49.231,36.1652,14.2009,30.6065
2026-07-22T15:44:49.247,36.1897,14.1618,30.4694
2026-07-22T15:44:49.247,36.1897,14.1226,30.5282
2026-07-22T15:44:49.270,36.1897,14.0051,30.1757
2026-07-22T15:44:49.279,36.2242,13.9072,30.0386
2026-07-22T15:44:49.279,36.2242,13.966,30.0386
2026-07-22T15:44:49.295,36.2242,13.9268,29.882
2026-07-22T15:44:49.311,36.2537,13.9856,29.882
2026-07-22T15:44:49.311,36.2537,13.9464,29.882
2026-07-22T15:44:49.329,36.2537,13.9856,29.9603
2026-07-22T15:44:49.329,36.2537,13.966,30.0191
2026-07-22T15:44:49.345,36.2853,14.0835,30.0778
2026-07-22T15:44:49.359,36.2853,13.9856,30.0778
2026-07-22T15:44:49.359,36.2853,14.0051,30.0778
2026-07-22T15:44:49.376,36.3169,13.9464,30.1953
2026-07-22T15:44:49.390,36.3246,14.0639,30.2932
2026-07-22T15:44:49.406,36.3328,14.103,30.2736
2026-07-22T15:44:49.406,36.3486,14.103,30.2932
2026-07-22T15:44:49.422,36.3486,14.0835,30.2932
2026-07-22T15:44:49.430,36.3486,14.0051,30.2736
2026-07-22T15:44:49.438,36.3645,14.0835,30.2932
2026-07-22T15:44:49.446,36.3853,14.0835,30.254
2026-07-22T15:44:49.454,36.3853,14.103,30.1953
2026-07-22T15:44:49.470,36.3853,14.0051,30.2149
2026-07-22T15:44:49.470,36.4126,13.9268,30.0974
2026-07-22T15:44:49.485,36.4126,13.966,30.0191
2026-07-22T15:44:49.490,36.4254,13.8681,30.0582
2026-07-22T15:44:49.518,36.4447,13.9464,30.0386
2026-07-22T15:44:49.518,36.4447,13.8093,30.0386
2026-07-22T15:44:49.531,36.4447,13.8289,30.1366
2026-07-22T15:44:49.537,36.4833,13.8485,30.0191
2026-07-22T15:44:49.550,36.4853,13.9072,29.9799
2026-07-22T15:44:49.550,36.4858,13.8877,29.9995
2026-07-22T15:44:49.566,36.5085,13.8485,29.9212
2026-07-22T15:44:49.582,36.5085,13.7702,29.9995
2026-07-22T15:44:49.588,36.5085,13.8093,30.0582
2026-07-22T15:44:49.598,36.5407,13.8681,30.1953
2026-07-22T15:44:49.598,36.5407,13.9072,30.2345
2026-07-22T15:44:49.614,36.5407,13.8681,30.117
2026-07-22T15:44:49.631,36.5407,13.7898,30.0582
2026-07-22T15:44:49.631,36.5724,13.8289,29.9603
2026-07-22T15:44:49.646,36.5724,13.7898,29.9016
2026-07-22T15:44:49.646,36.6062,13.7702,30.0582
2026-07-22T15:44:49.662,36.6098,13.8485,30.1366
2026-07-22T15:44:49.662,36.6122,13.8289,30.1561
2026-07-22T15:44:49.678,36.6122,13.9072,30.117
2026-07-22T15:44:49.694,36.6408,13.8485,29.9799
2026-07-22T15:44:49.710,36.6408,13.8093,29.8624
2026-07-22T15:44:49.717,36.6408,13.6527,29.7449
2026-07-22T15:44:49.732,36.6686,13.6527,29.7841
2026-07-22T15:44:49.742,36.6686,13.7702,29.882
2026-07-22T15:44:49.746,36.6686,13.8093,29.9603
2026-07-22T15:44:49.758,36.7008,13.8093,30.0191
2026-07-22T15:44:49.758,36.7071,13.8681,29.9799
2026-07-22T15:44:49.774,36.7113,13.7702,30.0191
2026-07-22T15:44:49.774,36.7132,13.6918,29.882
2026-07-22T15:44:49.792,36.7358,13.5352,29.8428
2026-07-22T15:44:49.816,36.741,13.6331,29.7841
2026-07-22T15:44:49.820,36.741,13.6723,29.8037
2026-07-22T15:44:49.838,36.7647,13.731,29.8428
2026-07-22T15:44:49.841,36.7647,13.8485,29.8624
2026-07-22T15:44:49.846,36.7647,13.731,29.8624
2026-07-22T15:44:49.854,36.8002,13.7702,29.8233
2026-07-22T15:44:49.869,36.8023,13.6918,29.7254
2026-07-22T15:44:49.870,36.809,13.5548,29.6666
2026-07-22T15:44:49.886,36.8359,13.5939,29.7058
2026-07-22T15:44:49.901,36.8409,13.6135,29.7645
2026-07-22T15:44:49.915,36.8409,13.6331,29.7254
2026-07-22T15:44:49.918,36.8474,13.6331,29.7058
2026-07-22T15:44:49.938,36.8674,13.6331,29.6275
2026-07-22T15:44:49.941,36.8674,13.6135,29.7841
2026-07-22T15:44:49.957,36.8674,13.6527,29.7254
2026-07-22T15:44:49.960,36.9066,13.5939,29.647
2026-07-22T15:44:49.973,36.9097,13.5744,29.6666
2026-07-22T15:44:49.973,36.9137,13.6723,29.7841
2026-07-22T15:44:49.989,36.9261,13.7702,29.7841
2026-07-22T15:44:50.004,36.9526,13.7702,29.9407
2026-07-22T15:44:50.015,36.9537,13.7898,29.882
2026-07-22T15:44:50.022,36.9537,13.7506,29.8428
2026-07-22T15:44:50.031,36.9537,13.6527,29.6275
2026-07-22T15:44:50.041,36.986,13.6527,29.5295
2026-07-22T15:44:50.046,36.9929,13.7506,29.4904
2026-07-22T15:44:50.059,37.001,13.6918,29.6666
2026-07-22T15:44:50.059,37.0049,13.7506,29.7645
2026-07-22T15:44:50.073,37.0279,13.7114,29.9995
2026-07-22T15:44:50.091,37.0279,13.6918,29.9995
2026-07-22T15:44:50.098,37.034,13.7506,29.9799
2026-07-22T15:44:50.111,37.0412,13.7114,29.9603
2026-07-22T15:44:50.130,37.0536,13.6135,29.8624
2026-07-22T15:44:50.130,37.0536,13.6135,29.8233
2026-07-22T15:44:50.139,37.0695,13.6723,29.8233
2026-07-22T15:44:50.146,37.0705,13.7702,29.8037
2026-07-22T15:44:50.159,37.0877,13.7114,29.882
2026-07-22T15:44:50.159,37.1014,13.7114,29.9603
2026-07-22T15:44:50.176,37.1014,13.7702,29.9016
2026-07-22T15:44:50.193,37.1342,13.6723,29.8233
2026-07-22T15:44:50.193,37.136,13.6527,29.8037
2026-07-22T15:44:50.207,37.1412,13.5939,29.7645
2026-07-22T15:44:50.207,37.1648,13.6135,29.8037
2026-07-22T15:44:50.233,37.1648,13.7114,29.9603
2026-07-22T15:44:50.241,37.1648,13.8093,30.0974
2026-07-22T15:44:50.246,37.1648,13.8681,30.1757
2026-07-22T15:44:50.254,37.1965,13.8093,30.1953
2026-07-22T15:44:50.270,37.2036,13.731,30.0778
2026-07-22T15:44:50.270,37.2095,13.6331,29.9603
2026-07-22T15:44:50.286,37.2286,13.6135,29.8428
2026-07-22T15:44:50.302,37.2286,13.6527,29.8233
2026-07-22T15:44:50.309,37.2441,13.6331,29.8624
2026-07-22T15:44:50.318,37.2606,13.6331,29.9603
2026-07-22T15:44:50.334,37.2606,13.6527,29.9603
2026-07-22T15:44:50.334,37.2758,13.6527,29.882
2026-07-22T15:44:50.347,37.2758,13.5744,29.6666
2026-07-22T15:44:50.349,37.2925,13.6135,29.647
2026-07-22T15:44:50.366,37.3081,13.5744,29.6275
2026-07-22T15:44:50.366,37.3081,13.731,29.8037
2026-07-22T15:44:50.381,37.3292,13.6527,29.9016
2026-07-22T15:44:50.398,37.3416,13.7702,29.882
2026-07-22T15:44:50.398,37.3416,13.6723,29.8624
2026-07-22T15:44:50.413,37.3416,13.5548,29.7058
2026-07-22T15:44:50.429,37.3763,13.5548,29.6275
2026-07-22T15:44:50.434,37.3783,13.4765,29.4708
2026-07-22T15:44:50.447,37.3783,13.5156,29.4316
2026-07-22T15:44:50.447,37.3783,13.5744,29.5687
2026-07-22T15:44:50.461,37.4067,13.4765,29.7058
2026-07-22T15:44:50.483,37.4067,13.5939,29.7645
2026-07-22T15:44:50.483,37.4193,13.5744,29.7449
2026-07-22T15:44:50.493,37.4416,13.5548,29.5687
2026-07-22T15:44:50.512,37.4416,13.5352,29.5491
2026-07-22T15:44:50.512,37.4512,13.4373,29.4316
2026-07-22T15:44:50.524,37.4711,13.3981,29.3729
2026-07-22T15:44:50.542,37.4711,13.4177,29.4512
2026-07-22T15:44:50.547,37.4841,13.4765,29.4904
2026-07-22T15:44:50.556,37.4841,13.4765,29.5295
2026-07-22T15:44:50.576,37.5003,13.4765,29.4708
2026-07-22T15:44:50.576,37.5159,13.4765,29.4121
2026-07-22T15:44:50.589,37.5159,13.4569,29.3142
2026-07-22T15:44:50.604,37.5482,13.4765,29.275
2026-07-22T15:44:50.606,37.5531,13.4373,29.275
2026-07-22T15:44:50.620,37.5573,13.5156,29.4121
2026-07-22T15:44:50.621,37.5622,13.496,29.4904
2026-07-22T15:44:50.641,37.5778,13.5352,29.6275
2026-07-22T15:44:50.650,37.5778,13.496,29.6275
2026-07-22T15:44:50.660,37.5936,13.4569,29.6666
2026-07-22T15:44:50.668,37.5936,13.4373,29.6275
2026-07-22T15:44:50.683,37.6095,13.496,29.5491
2026-07-22T15:44:50.683,37.6253,13.496,29.647
2026-07-22T15:44:50.699,37.6308,13.5939,29.6862
2026-07-22T15:44:50.699,37.6571,13.5744,29.7058
2026-07-22T15:44:50.715,37.6614,13.5352,29.7449
2026-07-22T15:44:50.736,37.6644,13.5548,29.7645
2026-07-22T15:44:50.740,37.6644,13.5939,29.647
2026-07-22T15:44:50.747,37.6925,13.5156,29.7254
2026-07-22T15:44:50.747,37.6925,13.5744,29.7449
2026-07-22T15:44:50.770,37.7045,13.5352,29.8233
2026-07-22T15:44:50.779,37.7312,13.6331,29.8428
2026-07-22T15:44:50.794,37.736,13.5939,29.8428
2026-07-22T15:44:50.798,37.7419,13.6331,29.9016
2026-07-22T15:44:50.810,37.7419,13.7898,30.0191
2026-07-22T15:44:50.810,37.7686,13.7506,30.2149
2026-07-22T15:44:50.825,37.7686,13.8485,30.4107
2026-07-22T15:44:50.836,37.7686,13.9072,30.5086
2026-07-22T15:44:50.847,37.7842,13.8877,30.4694
2026-07-22T15:44:50.858,37.8013,13.9268,30.5086
2026-07-22T15:44:50.874,37.8013,13.8093,30.4303
2026-07-22T15:44:50.874,37.8013,13.8681,30.4694
2026-07-22T15:44:50.889,37.8178,13.8289,30.489
2026-07-22T15:44:50.907,37.8422,13.7898,30.3128
2026-07-22T15:44:50.907,37.846,13.7506,30.1953
2026-07-22T15:44:50.919,37.8505,13.7506,30.0778
2026-07-22T15:44:50.924,37.8661,13.8093,30.1757
2026-07-22T15:44:50.937,37.8781,13.8681,30.1953
2026-07-22T15:44:50.956,37.8788,13.8289,30.3324
2026-07-22T15:44:50.958,37.8788,13.9268,30.4107
2026-07-22T15:44:50.971,37.91,13.8289,30.4107
2026-07-22T15:44:50.971,37.9145,13.8485,30.4303
2026-07-22T15:44:50.984,37.9194,13.7898,30.2736
2026-07-22T15:44:51.007,37.9424,13.6723,30.117
2026-07-22T15:44:51.007,37.9424,13.5352,29.9407
2026-07-22T15:44:51.021,37.9424,13.5156,29.8428
2026-07-22T15:44:51.028,37.972,13.4765,29.8624
2026-07-22T15:44:51.043,37.9843,13.496,29.8428
2026-07-22T15:44:51.048,37.9878,13.4569,29.6666
2026-07-22T15:44:51.062,37.9935,13.496,29.6666
2026-07-22T15:44:51.070,38.0168,13.496,29.6079
2026-07-22T15:44:51.077,38.0258,13.5156,29.5295
2026-07-22T15:44:51.097,38.0288,13.496,29.5295
2026-07-22T15:44:51.097,38.0318,13.5156,29.5687
2026-07-22T15:44:51.112,38.0621,13.4569,29.5687
2026-07-22T15:44:51.117,38.0621,13.4569,29.6862
2026-07-22T15:44:51.134,38.0662,13.5352,29.7254
2026-07-22T15:44:51.141,38.0704,13.5939,29.7645
2026-07-22T15:44:51.158,38.087,13.6331,29.8624
2026-07-22T15:44:51.165,38.087,13.6331,29.8428
2026-07-22T15:44:51.171,38.087,13.5352,29.882
2026-07-22T15:44:51.192,38.1317,13.6331,29.9212
2026-07-22T15:44:51.192,38.1339,13.5939,29.9407
2026-07-22T15:44:51.192,38.1369,13.5939,29.882
2026-07-22T15:44:51.208,38.1379,13.731,29.8624
2026-07-22T15:44:51.224,38.1678,13.731,29.882
2026-07-22T15:44:51.224,38.1696,13.6331,29.8428
2026-07-22T15:44:51.241,38.1756,13.5939,29.7841
2026-07-22T15:44:51.248,38.2011,13.5744,29.6666
2026-07-22T15:44:51.259,38.2031,13.5352,29.7254
2026-07-22T15:44:51.275,38.2072,13.6331,29.8233
2026-07-22T15:44:51.281,38.2092,13.7114,29.8428
2026-07-22T15:44:51.291,38.2369,13.7898,29.9016
2026-07-22T15:44:51.304,38.2389,13.7702,29.9212
2026-07-22T15:44:51.312,38.2444,13.7506,30.0191
2026-07-22T15:44:51.316,38.2724,13.7506,29.882
2026-07-22T15:44:51.338,38.2764,13.7506,29.8233
2026-07-22T15:44:51.342,38.2802,13.8289,29.8233
2026-07-22T15:44:51.350,38.2802,13.9464,29.7645
2026-07-22T15:44:51.362,38.3034,13.9856,29.9016
2026-07-22T15:44:51.371,38.3123,14.1422,30.0582
2026-07-22T15:44:51.382,38.3123,14.2401,30.254
2026-07-22T15:44:51.389,38.3196,14.2205,30.2149
2026-07-22T15:44:51.401,38.3428,14.3184,30.0386
2026-07-22T15:44:51.409,38.3428,14.1814,29.9799
2026-07-22T15:44:51.418,38.3428,14.3772,30.0386
2026-07-22T15:44:51.425,38.3585,14.3184,30.117
2026-07-22T15:44:51.438,38.3742,14.3576,30.1561
2026-07-22T15:44:51.448,38.3901,14.3576,30.1561
2026-07-22T15:44:51.448,38.3926,14.2793,30.0386
2026-07-22T15:44:51.471,38.4239,14.2009,29.9212
2026-07-22T15:44:51.479,38.4259,14.1422,29.7058
2026-07-22T15:44:51.479,38.428,14.0639,29.5491
2026-07-22T15:44:51.498,38.432,14.0639,29.647
2026-07-22T15:44:51.516,38.4614,14.0443,29.7645
2026-07-22T15:44:51.516,38.4634,14.103,29.8624
2026-07-22T15:44:51.531,38.4675,14.1422,29.9212
2026-07-22T15:44:51.540,38.4696,14.0247,29.8037
2026-07-22T15:44:51.552,38.4887,14.0443,29.8037
2026-07-22T15:44:51.560,38.4887,14.0051,29.7254
2026-07-22T15:44:51.571,38.5014,13.9464,29.7841
2026-07-22T15:44:51.586,38.5264,14.0639,29.9212
2026-07-22T15:44:51.594,38.529,14.0835,29.8624
2026-07-22T15:44:51.594,38.5331,14.103,29.9016
2026-07-22T15:44:51.610,38.5336,14.0639,29.8624
2026-07-22T15:44:51.620,38.5636,14.1226,29.7645
2026-07-22T15:44:51.629,38.5636,14.0443,29.7254
2026-07-22T15:44:51.639,38.5636,14.1618,29.7449
2026-07-22T15:44:51.653,38.5982,14.103,29.9016
2026-07-22T15:44:51.653,38.5982,14.0443,30.0191
2026-07-22T15:44:51.669,38.5982,14.1226,30.0778
2026-07-22T15:44:51.669,38.6118,14.0835,29.9212
2026-07-22T15:44:51.701,38.6336,14.0051,29.8428
2026-07-22T15:44:51.701,38.6336,14.0247,29.647
2026-07-22T15:44:51.703,38.6432,13.966,29.6079
2026-07-22T15:44:51.721,38.6593,13.9856,29.6275
2026-07-22T15:44:51.733,38.675,14.0247,29.7058
2026-07-22T15:44:51.739,38.675,14.0247,29.7058
2026-07-22T15:44:51.748,38.675,14.0051,29.7058
2026-07-22T15:44:51.765,38.7089,14.0639,29.6275
2026-07-22T15:44:51.765,38.7089,14.0443,29.5687
2026-07-22T15:44:51.780,38.7089,14.0051,29.4512
2026-07-22T15:44:51.789,38.7089,13.8289,29.3142
2026-07-22T15:44:51.800,38.7434,13.8289,29.2554
2026-07-22T15:44:51.802,38.7434,13.7898,29.2358
2026-07-22T15:44:51.814,38.7578,13.8485,29.4121
2026-07-22T15:44:51.838,38.7863,13.8681,29.4121
2026-07-22T15:44:51.845,38.7863,13.9072,29.4904
2026-07-22T15:44:51.849,38.7897,13.8485,29.4708
2026-07-22T15:44:51.866,38.7897,13.7898,29.3533
2026-07-22T15:44:51.868,38.8194,13.6918,29.2358
2026-07-22T15:44:51.886,38.8194,13.7114,29.0792
2026-07-22T15:44:51.892,38.8194,13.5939,29.0596
2026-07-22T15:44:51.895,38.8344,13.7114,29.1379
2026-07-22T15:44:51.907,38.8606,13.9856,29.2946
2026-07-22T15:44:51.925,38.8654,13.9072,29.4316
2026-07-22T15:44:51.925,38.8654,14.0051,29.4904
2026-07-22T15:44:51.940,38.8654,13.9268,29.5295
2026-07-22T15:44:51.949,38.8981,13.8093,29.51
2026-07-22T15:44:51.955,38.8996,13.9268,29.51
2026-07-22T15:44:51.971,38.8996,13.8877,29.5295
2026-07-22T15:44:51.971,38.8996,14.0051,29.6666
2026-07-22T15:45:01.886,48.8477,16.5311,27.5127
2026-07-22T15:45:01.904,48.8517,16.5115,27.4931
2026-07-22T15:45:01.908,48.8573,16.5115,27.4931
2026-07-22T15:45:01.915,48.8593,16.5506,27.4736
2026-07-22T15:45:01.927,48.8868,16.5115,27.5715
2026-07-22T15:45:01.936,48.8941,16.5702,27.5519
2026-07-22T15:45:01.947,48.8961,16.5898,27.689
2026-07-22T15:45:01.960,48.9033,16.7464,27.6694
2026-07-22T15:45:01.971,48.9033,16.6877,27.6694
2026-07-22T15:45:01.978,48.9385,16.6681,27.7477
2026-07-22T15:45:01.992,48.9405,16.6877,27.7477
2026-07-22T15:45:01.999,48.9486,16.6877,27.7869
2026-07-22T15:45:02.008,48.9503,16.5898,27.826
2026-07-22T15:45:02.024,48.9733,16.4919,27.8064
2026-07-22T15:45:02.024,48.9733,16.4527,27.826
2026-07-22T15:45:02.037,48.982,16.3548,27.7085
2026-07-22T15:45:02.050,48.9868,16.3157,27.7477
2026-07-22T15:45:02.058,48.9888,16.2178,27.689
2026-07-22T15:45:02.061,49.0191,16.1786,27.5323
2026-07-22T15:45:02.078,49.0191,16.1394,27.4736
2026-07-22T15:45:02.088,49.0191,16.1199,27.4736
2026-07-22T15:45:02.096,49.0296,16.1199,27.2778
2026-07-22T15:45:02.106,49.0637,16.022,27.1799
2026-07-22T15:45:02.119,49.0677,16.0415,27.2386
2026-07-22T15:45:02.135,49.0718,15.9828,27.2582
2026-07-22T15:45:02.135,49.0758,15.9828,27.2386
2026-07-22T15:45:02.151,49.1101,15.8849,27.219
2026-07-22T15:45:02.161,49.1111,15.8261,27.1799
2026-07-22T15:45:02.169,49.1171,15.7674,27.1799
2026-07-22T15:45:02.177,49.1207,15.7674,27.082
2026-07-22T15:45:02.183,49.1511,15.8849,27.1799
2026-07-22T15:45:02.207,49.1554,15.9632,27.3757
2026-07-22T15:45:02.207,49.1554,16.0024,27.4931
2026-07-22T15:45:02.218,49.1554,15.9045,27.5911
2026-07-22T15:45:02.226,49.1671,15.9045,27.5127
2026-07-22T15:45:02.242,49.198,15.9045,27.5323
2026-07-22T15:45:02.242,49.2003,15.9436,27.7085
2026-07-22T15:45:02.261,49.2038,16.0024,27.7281
2026-07-22T15:45:02.272,49.2108,16.1003,27.7477
2026-07-22T15:45:02.272,49.2118,15.9632,27.7085
2026-07-22T15:45:02.293,49.2384,15.9045,27.6498
2026-07-22T15:45:02.293,49.2384,15.9241,27.6498
2026-07-22T15:45:02.316,49.2473,15.9632,27.6302
2026-07-22T15:45:02.318,49.2553,15.9241,27.6106
2026-07-22T15:45:02.337,49.2743,15.8261,27.5127
2026-07-22T15:45:02.340,49.2743,15.8849,27.5323
2026-07-22T15:45:02.350,49.2856,15.8849,27.6694
2026-07-22T15:45:02.359,49.2856,16.022,27.7281
2026-07-22T15:45:02.379,49.3219,16.022,27.826
2026-07-22T15:45:02.379,49.3219,16.0415,27.689
2026-07-22T15:45:02.379,49.3219,16.022,27.7085
2026-07-22T15:45:02.391,49.3219,15.9828,27.7085
2026-07-22T15:45:02.407,49.3582,16.0611,27.7085
2026-07-22T15:45:02.421,49.3582,15.8261,27.7673
2026-07-22T15:45:02.427,49.3582,15.9241,27.8456
2026-07-22T15:45:02.427,49.3698,15.9436,28.0022
2026-07-22T15:45:02.447,49.402,16.0611,28.1393
2026-07-22T15:45:02.459,49.402,16.1003,28.2176
2026-07-22T15:45:02.463,49.402,16.0807,28.3155
2026-07-22T15:45:02.475,49.4212,16.2569,28.3743
2026-07-22T15:45:02.491,49.4499,16.159,28.3939
2026-07-22T15:45:02.507,49.4555,16.0807,28.3351
2026-07-22T15:45:02.507,49.4596,16.0611,28.3155
2026-07-22T15:45:02.507,49.4636,15.9828,28.2372
2026-07-22T15:45:02.526,49.4656,16.0415,28.296
2026-07-22T15:45:02.539,49.4979,16.1199,28.2372
2026-07-22T15:45:02.548,49.4979,16.022,28.1393
2026-07-22T15:45:02.565,49.4979,16.0415,28.1197
2026-07-22T15:45:02.569,49.4979,16.0611,28.1589
2026-07-22T15:45:02.580,49.5392,16.1003,28.1589
2026-07-22T15:45:02.589,49.5472,16.0807,28.1981
2026-07-22T15:45:02.589,49.5472,16.0611,28.2372
2026-07-22T15:45:02.603,49.5512,16.1199,28.2764
2026-07-22T15:45:02.603,49.5532,16.0807,28.433
2026-07-22T15:45:02.619,49.5837,16.1394,28.5505
2026-07-22T15:45:02.641,49.5926,16.1786,28.8051
2026-07-22T15:45:02.650,49.5942,16.1394,28.6876
2026-07-22T15:45:02.656,49.5942,16.2373,28.7072
2026-07-22T15:45:02.669,49.6326,16.0611,28.5505
2026-07-22T15:45:02.669,49.6367,16.159,28.5113
2026-07-22T15:45:02.689,49.6422,16.0024,28.5113
2026-07-22T15:45:02.698,49.6462,16.1003,28.5309
2026-07-22T15:45:02.699,49.6503,16.0611,28.6288
2026-07-22T15:45:02.733,49.6788,16.1003,28.6484
2026-07-22T15:45:02.733,49.6788,16.0807,28.5897
2026-07-22T15:45:02.742,49.6829,16.0415,28.5309
2026-07-22T15:45:02.745,49.6869,16.1003,28.4918
2026-07-22T15:45:02.757,49.7183,15.9828,28.4722
2026-07-22T15:45:02.780,49.7183,15.9241,28.5113
2026-07-22T15:45:02.780,49.7183,15.9828,28.6288
2026-07-22T15:45:02.792,49.7342,16.0415,28.5897
2026-07-22T15:45:02.792,49.7342,16.0415,28.5505
2026-07-22T15:45:02.808,49.7662,15.9436,28.5505
2026-07-22T15:45:02.823,49.7735,15.9436,28.433
2026-07-22T15:45:02.823,49.7761,15.8849,28.3743
2026-07-22T15:45:02.839,49.7862,15.787,28.1002
2026-07-22T15:45:02.839,49.8132,15.787,28.0806
2026-07-22T15:45:02.871,49.8241,15.8261,28.0806
2026-07-22T15:45:02.871,49.8261,15.8457,28.1589
2026-07-22T15:45:02.879,49.8292,15.8457,28.1002
2026-07-22T15:45:02.889,49.8292,15.787,28.1002
2026-07-22T15:45:02.891,49.8611,15.8653,28.1197
2026-07-22T15:45:02.918,49.8611,15.6891,28.1393
2026-07-22T15:45:02.918,49.8611,15.7087,28.2372
2026-07-22T15:45:02.929,49.8611,15.7478,28.296
2026-07-22T15:45:02.934,49.8764,15.6891,28.2176
2026-07-22T15:45:02.951,49.9094,15.7087,28.1197
2026-07-22T15:45:02.966,49.9094,15.6108,28.061
2026-07-22T15:45:02.966,49.9094,15.6499,27.9043
2026-07-22T15:45:02.966,49.9241,15.6303,27.7477
2026-07-22T15:45:02.982,49.9331,15.5324,27.7673
2026-07-22T15:45:02.998,49.9577,15.4737,27.7085
2026-07-22T15:45:02.998,49.9577,15.4541,27.7281
2026-07-22T15:45:03.015,49.9577,15.4345,27.7477
2026-07-22T15:45:03.029,49.9739,15.5129,27.7477
2026-07-22T15:45:03.038,49.9768,15.5324,27.7085
2026-07-22T15:45:03.062,50.0118,15.4933,27.7477
2026-07-22T15:45:03.063,50.0118,15.4737,27.7869
2026-07-22T15:45:03.063,50.0159,15.4933,27.8064
2026-07-22T15:45:03.082,50.0194,15.4737,27.8064
2026-07-22T15:45:03.082,50.0194,15.4541,27.7673
2026-07-22T15:45:03.109,50.0559,15.4345,27.7281
2026-07-22T15:45:03.109,50.0559,15.3954,27.7673
2026-07-22T15:45:03.121,50.0559,15.4737,27.7085
2026-07-22T15:45:03.125,50.0677,15.4933,27.9631
2026-07-22T15:45:03.140,50.0858,15.5912,27.9239
2026-07-22T15:45:03.151,50.0981,15.552,28.0022
2026-07-22T15:45:03.161,50.0981,15.5716,27.9435
2026-07-22T15:45:03.161,50.0981,15.552,27.9043
2026-07-22T15:45:03.182,50.1298,15.5324,27.9239
2026-07-22T15:45:03.191,50.1298,15.5716,27.9631
2026-07-22T15:45:03.191,50.1454,15.5912,28.1785
2026-07-22T15:45:03.203,50.1454,15.552,28.2568
2026-07-22T15:45:03.219,50.1559,15.6108,28.2372
2026-07-22T15:45:03.219,50.1888,15.5912,28.2176
2026-07-22T15:45:03.235,50.1955,15.5716,28.1393
2026-07-22T15:45:03.235,50.1996,15.5716,28.0806
2026-07-22T15:45:03.261,50.2016,15.415,28.0806
2026-07-22T15:45:03.267,50.2341,15.5129,28.1589
2026-07-22T15:45:03.283,50.2374,15.5324,28.1981
2026-07-22T15:45:03.286,50.238,15.5324,28.3155
2026-07-22T15:45:03.299,50.2421,15.6108,28.4526
2026-07-22T15:45:03.307,50.2481,15.6695,28.5309
2026-07-22T15:45:03.322,50.2781,15.7478,28.6093
2026-07-22T15:45:03.334,50.2781,15.8066,28.7267
2026-07-22T15:45:03.339,50.2781,15.787,28.7659
2026-07-22T15:45:03.349,50.2849,15.7478,28.7659
2026-07-22T15:45:03.361,50.3206,15.7282,28.7267
2026-07-22T15:45:03.375,50.3247,15.7087,28.7267
2026-07-22T15:45:03.383,50.3277,15.8261,28.8246
2026-07-22T15:45:03.383,50.3319,15.7478,28.7267
2026-07-22T15:45:03.398,50.3373,15.7282,28.7072
2026-07-22T15:45:03.406,50.3722,15.7478,28.6093
2026-07-22T15:45:03.420,50.3762,15.6891,28.5113
2026-07-22T15:45:03.432,50.3823,15.5912,28.3547
2026-07-22T15:45:03.440,50.3858,15.5912,28.3155
2026-07-22T15:45:03.447,50.4179,15.6108,28.296
2026-07-22T15:45:03.465,50.42,15.552,28.296
2026-07-22T15:45:03.470,50.424,15.6695,28.296
2026-07-22T15:45:03.481,50.428,15.5324,28.2568
2026-07-22T15:45:03.489,50.4332,15.5129,28.2372
2026-07-22T15:45:03.503,50.461,15.3758,28.1393
2026-07-22T15:45:03.520,50.465,15.3758,28.061
2026-07-22T15:45:03.520,50.4671,15.3562,27.9827
2026-07-22T15:45:03.529,50.4719,15.317,27.9631
2026-07-22T15:45:03.538,50.476,15.2975,27.9043
2026-07-22T15:45:03.552,50.4987,15.2975,27.8652
2026-07-22T15:45:03.561,50.4987,15.3366,27.9239
2026-07-22T15:45:03.570,50.5134,15.3562,28.0218
2026-07-22T15:45:03.579,50.5134,15.3562,28.0022
2026-07-22T15:45:03.586,50.5452,15.3758,28.1002
2026-07-22T15:45:03.604,50.5538,15.3562,28.0806
2026-07-22T15:45:03.604,50.5538,15.317,28.0806
2026-07-22T15:45:03.619,50.5612,15.2975,28.0806
2026-07-22T15:45:03.619,50.5632,15.2583,28.1002
2026-07-22T15:45:03.640,50.6,15.2975,28.0218
2026-07-22T15:45:03.650,50.6021,15.2583,28.061
2026-07-22T15:45:03.659,50.6021,15.2387,27.9827
2026-07-22T15:45:03.668,50.6021,15.18,28.061
2026-07-22T15:45:03.676,50.6289,15.2387,28.0806
2026-07-22T15:45:03.698,50.6429,15.2779,27.9827
2026-07-22T15:45:03.698,50.6429,15.3954,28.0218
2026-07-22T15:45:03.707,50.6514,15.4345,27.9631
2026-07-22T15:45:03.716,50.6569,15.4345,27.8652
2026-07-22T15:45:03.734,50.6895,15.3366,27.7085
2026-07-22T15:45:03.734,50.6895,15.2975,27.5323
2026-07-22T15:45:03.748,50.6938,15.2583,27.454
2026-07-22T15:45:03.757,50.6978,15.2779,27.3169
2026-07-22T15:45:03.771,50.7321,15.3366,27.082
2026-07-22T15:45:03.786,50.7362,15.317,27.0232
2026-07-22T15:45:03.786,50.7362,15.3758,26.9449
2026-07-22T15:45:03.801,50.7362,15.3758,27.0428
2026-07-22T15:45:03.803,50.7756,15.4933,27.1994
2026-07-22T15:45:03.832,50.7834,15.4933,27.3169
2026-07-22T15:45:03.832,50.7859,15.4933,27.3365
2026-07-22T15:45:03.841,50.792,15.5716,27.3757
2026-07-22T15:45:03.841,50.794,15.552,27.4148
2026-07-22T15:45:03.873,50.8278,15.6108,27.4931
2026-07-22T15:45:03.879,50.8298,15.6108,27.5127
2026-07-22T15:45:03.879,50.8298,15.5716,27.6498
2026-07-22T15:45:03.889,50.8336,15.6108,27.7673
2026-07-22T15:45:03.899,50.8417,15.7087,27.9043
2026-07-22T15:45:03.911,50.8641,15.7087,28.0414
2026-07-22T15:45:03.927,50.8799,15.8066,28.1785
2026-07-22T15:45:03.931,50.8799,15.7478,28.2372
2026-07-22T15:45:03.939,50.8893,15.7478,28.3155
2026-07-22T15:45:03.947,50.895,15.7478,28.3939
2026-07-22T15:45:03.957,50.9264,15.8653,28.4722
2026-07-22T15:45:03.969,50.9264,15.9045,28.433
2026-07-22T15:45:03.969,50.9264,15.9045,28.433
2026-07-22T15:45:03.985,50.9264,15.8849,28.4722
2026-07-22T15:45:04.000,50.9424,15.8849,28.4918
2026-07-22T15:45:04.017,50.9803,15.8849,28.5113
2026-07-22T15:45:04.017,50.9803,15.9045,28.4722
2026-07-22T15:45:04.030,50.9803,15.8849,28.4918
2026-07-22T15:45:04.032,50.9884,15.9828,28.5309
2026-07-22T15:45:04.048,50.9902,15.9241,28.6484
2026-07-22T15:45:04.064,51.0228,16.1199,28.7267
2026-07-22T15:45:04.079,51.0307,16.1786,28.7463
2026-07-22T15:45:04.079,51.033,16.1982,28.8051
2026-07-22T15:45:04.085,51.038,16.4332,28.903
2026-07-22T15:45:04.095,51.0427,16.3352,29.0596
2026-07-22T15:45:04.117,51.0807,16.4332,29.1184
2026-07-22T15:45:04.128,51.0807,16.394,29.0792
2026-07-22T15:45:04.128,51.0807,16.2961,29.0988
2026-07-22T15:45:04.138,51.0863,16.2569,28.9813
2026-07-22T15:45:04.150,51.0863,16.159,28.9421
2026-07-22T15:45:04.162,51.1245,16.2178,28.8246
2026-07-22T15:45:04.175,51.1357,16.1394,28.6876
2026-07-22T15:45:04.175,51.1357,16.0807,28.5505
2026-07-22T15:45:04.186,51.1357,16.1003,28.5113
2026-07-22T15:45:04.191,51.1357,16.0024,28.4918
2026-07-22T15:45:04.207,51.1822,16.022,28.5309
2026-07-22T15:45:04.224,51.1863,16.022,28.5505
2026-07-22T15:45:04.230,51.1883,15.9632,28.5309
2026-07-22T15:45:04.241,51.1883,15.9436,28.5701
2026-07-22T15:45:04.241,51.1985,15.9436,28.6484
2026-07-22T15:45:04.255,51.1985,15.9436,28.4722
2026-07-22T15:45:04.272,51.2312,15.8261,28.4526
2026-07-22T15:45:04.272,51.2333,15.8653,28.3351
2026-07-22T15:45:04.291,51.2353,15.787,28.3351
2026-07-22T15:45:04.304,51.2353,15.787,28.5505
2026-07-22T15:45:04.304,51.247,15.8653,28.433
2026-07-22T15:45:04.331,51.2769,15.787,28.3743
2026-07-22T15:45:04.331,51.2769,15.7674,28.3743
2026-07-22T15:45:04.340,51.2817,15.8261,28.3743
2026-07-22T15:45:04.340,51.2817,15.8653,28.3939
2026-07-22T15:45:04.354,51.3225,15.8653,28.4722
2026-07-22T15:45:04.370,51.3268,15.7674,28.6288
2026-07-22T15:45:04.370,51.3268,15.8261,28.5897
2026-07-22T15:45:04.387,51.3349,15.6891,28.5897
2026-07-22T15:45:04.387,51.3374,15.7478,28.5113
2026-07-22T15:45:04.423,51.3572,15.6499,28.4918
2026-07-22T15:45:04.423,51.3572,15.6108,28.2764
2026-07-22T15:45:04.431,51.3712,15.6108,28.2764
2026-07-22T15:45:04.439,51.3712,15.552,28.3547
2026-07-22T15:45:04.462,51.4089,15.6303,28.2764
2026-07-22T15:45:04.462,51.4089,15.5912,28.296
2026-07-22T15:45:04.462,51.4109,15.5912,28.2176
2026-07-22T15:45:04.476,51.4175,15.5912,28.1589
2026-07-22T15:45:04.487,51.4175,15.5129,28.1197
2026-07-22T15:45:04.506,51.4512,15.4541,28.061
2026-07-22T15:45:04.506,51.4522,15.3954,28.0806
2026-07-22T15:45:04.523,51.4609,15.3758,28.0806
2026-07-22T15:45:04.523,51.4874,15.3366,28.1197
2026-07-22T15:45:04.550,51.4937,15.3562,28.1393
2026-07-22T15:45:04.550,51.4964,15.3954,28.1393
2026-07-22T15:45:04.557,51.4964,15.3562,28.1002
2026-07-22T15:45:04.571,51.5066,15.3954,28.0806
2026-07-22T15:45:04.577,51.5192,15.2975,28.0806
2026-07-22T15:45:04.588,51.535,15.3366,28.0414
2026-07-22T15:45:04.599,51.5391,15.3366,28.0022
2026-07-22T15:45:04.612,51.5446,15.3366,27.9827
2026-07-22T15:45:04.622,51.5738,15.3366,27.9239
2026-07-22T15:45:04.624,51.5767,15.2975,27.9435
2026-07-22T15:45:04.624,51.5767,15.317,27.9827
2026-07-22T15:45:04.644,51.5828,15.3758,28.0218
2026-07-22T15:45:04.663,51.6134,15.4345,28.061
2026-07-22T15:45:04.663,51.6134,15.4345,28.0806
2026-07-22T15:45:04.679,51.6188,15.3562,28.1002
2026-07-22T15:45:04.688,51.6188,15.4541,28.1002
2026-07-22T15:45:04.693,51.654,15.3758,28.0806
2026-07-22T15:45:04.708,51.6578,15.415,28.0806
2026-07-22T15:45:04.719,51.6615,15.3366,27.9435
2026-07-22T15:45:04.724,51.6659,15.317,27.9631
2026-07-22T15:45:04.736,51.671,15.3366,28.0218
2026-07-22T15:45:04.755,51.6991,15.3954,27.9827
2026-07-22T15:45:04.755,51.6991,15.4345,28.0022
2026-07-22T15:45:04.771,51.709,15.3758,28.1002
2026-07-22T15:45:04.776,51.713,15.3758,28.2372
2026-07-22T15:45:04.788,51.7407,15.415,28.1981
2026-07-22T15:45:04.788,51.7407,15.3758,28.0806
2026-07-22T15:45:04.811,51.7449,15.3758,28.1002
2026-07-22T15:45:04.821,51.7505,15.415,28.2176
2026-07-22T15:45:04.828,51.775,15.3758,28.1393
2026-07-22T15:45:04.834,51.7768,15.4541,28.2372
2026-07-22T15:45:04.846,51.7768,15.5912,28.3351
2026-07-22T15:45:04.867,51.8109,15.6303,28.296
2026-07-22T15:45:04.867,51.8109,15.7282,28.3939
2026-07-22T15:45:04.880,51.8178,15.6695,28.3155
2026-07-22T15:45:04.888,51.825,15.7478,28.3743
2026-07-22T15:45:04.902,51.8426,15.7674,28.3743
2026-07-22T15:45:04.913,51.8426,15.7674,28.3743
2026-07-22T15:45:04.916,51.8559,15.7674,28.3939
2026-07-22T15:45:04.930,51.8619,15.7478,28.4134
2026-07-22T15:45:04.931,51.8904,15.7674,28.433
2026-07-22T15:45:04.948,51.8904,15.7282,28.4722
2026-07-22T15:45:04.967,51.8961,15.6499,28.3547
2026-07-22T15:45:04.967,51.8961,15.6108,28.3155
2026-07-22T15:45:04.977,51.9291,15.5716,28.2568
2026-07-22T15:45:04.996,51.9351,15.552,28.1393
2026-07-22T15:45:05.001,51.9351,15.5324,28.061
2026-07-22T15:45:05.001,51.9351,15.552,27.9631
2026-07-22T15:45:05.026,51.9666,15.4541,27.9043
2026-07-22T15:45:05.026,51.9746,15.4933,27.9043
2026-07-22T15:45:05.040,51.9746,15.4541,27.9239
2026-07-22T15:45:05.052,51.9746,15.3758,28.0414
2026-07-22T15:45:05.063,52.0074,15.3758,28.061
2026-07-22T15:45:05.063,52.0074,15.4345,28.0806
2026-07-22T15:45:05.080,52.014,15.415,28.1197
2026-07-22T15:45:05.089,52.0453,15.6499,28.1393
2026-07-22T15:45:05.095,52.0453,15.5716,28.2176
2026-07-22T15:45:05.113,52.0528,15.5716,28.2764
2026-07-22T15:45:05.121,52.0614,15.5324,28.2764
2026-07-22T15:45:05.135,52.0899,15.552,28.1981
2026-07-22T15:45:05.135,52.093,15.552,28.1197
2026-07-22T15:45:05.150,52.0958,15.5324,28.1002
2026-07-22T15:45:05.158,52.0958,15.4737,27.9827
2026-07-22T15:45:05.167,52.0958,15.3954,27.9827
2026-07-22T15:45:05.179,52.1295,15.3954,27.8456
2026-07-22T15:45:05.189,52.1295,15.3758,27.9043
2026-07-22T15:45:05.201,52.1365,15.3758,27.8652
2026-07-22T15:45:05.201,52.1409,15.4345,27.7281
2026-07-22T15:45:05.215,52.1581,15.3366,27.8652
2026-07-22T15:45:05.230,52.1727,15.415,27.9631
2026-07-22T15:45:05.242,52.1759,15.2975,27.9435
2026-07-22T15:45:05.246,52.1759,15.3366,27.9827
2026-07-22T15:45:05.262,52.2067,15.3562,27.9435
2026-07-22T15:45:05.263,52.2098,15.2975,27.9239
2026-07-22T15:45:05.281,52.2142,15.3758,27.9827
2026-07-22T15:45:05.297,52.2389,15.3954,27.9435
2026-07-22T15:45:05.297,52.242,15.4541,27.9043
2026-07-22T15:45:05.312,52.2455,15.3954,27.8848
2026-07-22T15:45:05.319,52.252,15.3366,27.8456
2026-07-22T15:45:05.330,52.279,15.5129,27.8848
2026-07-22T15:45:05.330,52.279,15.415,27.9043
2026-07-22T15:45:05.351,52.2849,15.5129,27.9631
2026-07-22T15:45:05.357,52.2849,15.6303,27.9827
2026-07-22T15:45:05.370,52.2999,15.5129,28.0414
2026-07-22T15:45:05.373,52.3184,15.4933,28.1393
2026-07-22T15:45:05.390,52.3184,15.5912,28.1981
2026-07-22T15:45:05.404,52.3472,15.552,28.0806
2026-07-22T15:45:05.405,52.3509,15.5129,28.061
2026-07-22T15:45:05.421,52.3582,15.3954,27.9827
2026-07-22T15:45:05.424,52.363,15.415,27.9043
2026-07-22T15:45:05.441,52.3834,15.3562,27.8456
2026-07-22T15:45:05.441,52.3855,15.4541,27.7477
2026-07-22T15:45:05.456,52.3855,15.3758,27.8456
2026-07-22T15:45:05.468,52.3952,15.4541,27.8848
2026-07-22T15:45:05.468,52.4104,15.4541,28.0022
2026-07-22T15:45:05.491,52.4282,15.5129,28.0806
2026-07-22T15:45:05.500,52.4282,15.5324,28.1393
2026-07-22T15:45:05.511,52.4581,15.4345,28.0806
2026-07-22T15:45:05.516,52.4614,15.2779,27.9827
2026-07-22T15:45:05.531,52.4664,15.2975,28.0022
2026-07-22T15:45:05.533,52.4708,15.2779,27.9239
2026-07-22T15:45:05.559,52.4959,15.317,28.0022
2026-07-22T15:45:05.565,52.5026,15.415,27.9631
2026-07-22T15:45:05.571,52.5049,15.4933,28.0218
2026-07-22T15:45:05.585,52.5351,15.4345,28.0414
2026-07-22T15:45:05.591,52.5351,15.4345,28.061
2026-07-22T15:45:05.601,52.5351,15.4737,28.1393
2026-07-22T15:45:05.610,52.545,15.5716,28.2176
2026-07-22T15:45:05.618,52.5511,15.4737,28.2568
2026-07-22T15:45:05.625,52.5777,15.552,28.3351
2026-07-22T15:45:05.640,52.5818,15.6108,28.433
2026-07-22T15:45:05.650,52.5858,15.5912,28.5309
2026-07-22T15:45:05.675,52.6184,15.5716,28.5309
2026-07-22T15:45:05.676,52.6184,15.5324,28.5113
2026-07-22T15:45:05.687,52.6234,15.5716,28.5309
2026-07-22T15:45:05.691,52.6234,15.5912,28.5701
2026-07-22T15:45:05.703,52.6508,15.6303,28.6484
2026-07-22T15:45:05.708,52.6583,15.6108,28.7072
2026-07-22T15:45:05.724,52.6583,15.5716,28.7855
2026-07-22T15:45:05.729,52.6673,15.6695,28.8638
2026-07-22T15:45:05.741,52.6976,15.6891,28.8246
2026-07-22T15:45:05.756,52.6976,15.6695,28.903
2026-07-22T15:45:05.756,52.7019,15.7282,28.8834
2026-07-22T15:45:05.772,52.7103,15.7087,28.9421
2026-07-22T15:45:05.783,52.7411,15.6695,28.8834
2026-07-22T15:45:05.791,52.743,15.6108,28.8246
2026-07-22T15:45:05.791,52.743,15.6108,28.8638
2026-07-22T15:45:05.816,52.7518,15.5912,28.903
2026-07-22T15:45:05.816,52.7543,15.6108,28.903
2026-07-22T15:45:05.823,52.7866,15.6499,28.9617
2026-07-22T15:45:05.839,52.7885,15.6695,28.903
2026-07-22T15:45:05.852,52.7885,15.5912,28.8834
2026-07-22T15:45:05.859,52.7959,15.4933,28.8442
2026-07-22T15:45:05.870,52.8285,15.552,28.8638
2026-07-22T15:45:05.885,52.8345,15.6108,28.9225
2026-07-22T15:45:05.894,52.8345,15.6108,28.8246
2026-07-22T15:45:05.901,52.8444,15.5716,28.9225
2026-07-22T15:45:05.901,52.8444,15.6108,28.8442
2026-07-22T15:45:05.919,52.8745,15.5324,28.8246
2026-07-22T15:45:05.919,52.8786,15.5912,28.8246
2026-07-22T15:45:05.940,52.8842,15.5129,28.8051
2026-07-22T15:45:05.950,52.887,15.4737,28.8442
2026-07-22T15:45:05.950,52.8903,15.415,28.7072
2026-07-22T15:45:05.964,52.9222,15.4541,28.6288
2026-07-22T15:45:05.980,52.9222,15.4345,28.6093
2026-07-22T15:45:05.989,52.9302,15.415,28.5897
2026-07-22T15:45:05.995,52.9334,15.415,28.668
2026-07-22T15:45:06.001,52.9559,15.415,28.7072
2026-07-22T15:45:06.013,52.9609,15.3758,28.7463
2026-07-22T15:45:06.035,52.9659,15.415,28.668
2026-07-22T15:45:06.039,52.97,15.3758,28.6093
2026-07-22T15:45:06.045,52.9958,15.3758,28.5897
2026-07-22T15:45:06.061,52.9986,15.3954,28.5505
2026-07-22T15:45:06.074,53.002,15.317,28.4918
2026-07-22T15:45:06.075,53.0309,15.2387,28.433
2026-07-22T15:45:06.092,53.0383,15.2191,28.4134
2026-07-22T15:45:06.101,53.0404,15.1996,28.3939
2026-07-22T15:45:06.107,53.0414,15.2191,28.296
2026-07-22T15:45:06.123,53.0652,15.1604,28.3351
2026-07-22T15:45:06.126,53.0741,15.1996,28.3743
2026-07-22T15:45:06.136,53.0765,15.1408,28.433
2026-07-22T15:45:06.147,53.081,15.18,28.5309
2026-07-22T15:45:06.159,53.1069,15.1604,28.5897
2026-07-22T15:45:06.170,53.1097,15.2191,28.6288
2026-07-22T15:45:06.182,53.1157,15.2779,28.6093
2026-07-22T15:45:06.196,53.1462,15.2975,28.668
2026-07-22T15:45:06.202,53.1485,15.2191,28.6093
2026-07-22T15:45:06.212,53.1511,15.1408,28.5701
2026-07-22T15:45:06.221,53.1511,15.1408,28.5505
2026-07-22T15:45:06.221,53.1598,15.1604,28.4918
2026-07-22T15:45:06.241,53.1877,15.1996,28.5309
2026-07-22T15:45:06.254,53.1937,15.1996,28.5505
2026-07-22T15:45:06.256,53.1995,15.18,28.6093
2026-07-22T15:45:06.274,53.2096,15.2191,28.668
2026-07-22T15:45:06.281,53.2266,15.1604,28.6876
2026-07-22T15:45:06.299,53.2266,15.2583,28.7659
2026-07-22T15:45:06.305,53.234,15.3366,28.8834
2026-07-22T15:45:06.315,53.2591,15.317,29.0792
2026-07-22T15:45:06.315,53.2591,15.3562,29.3337
2026-07-22T15:45:06.332,53.2665,15.4737,29.4708
2026-07-22T15:45:06.339,53.2729,15.4345,29.51
2026-07-22T15:45:06.360,53.3056,15.4737,29.51
2026-07-22T15:45:06.360,53.3056,15.3562,29.6275
2026-07-22T15:45:06.372,53.3142,15.3758,29.5295
2026-07-22T15:45:06.378,53.3184,15.3562,29.5295
2026-07-22T15:45:06.393,53.3473,15.317,29.3533
2026-07-22T15:45:06.393,53.3491,15.3366,29.3142
2026-07-22T15:45:06.411,53.3516,15.18,29.275
2026-07-22T15:45:06.424,53.3594,15.2191,29.2554
2026-07-22T15:45:06.434,53.3847,15.1212,29.275
2026-07-22T15:45:06.438,53.3883,15.1408,29.1967
2026-07-22T15:45:06.438,53.3883,15.1604,29.1575
2026-07-22T15:45:06.461,53.3951,15.0429,29.1575
2026-07-22T15:45:06.474,53.4206,15.0821,29.0596
2026-07-22T15:45:06.486,53.4242,15.1212,29.0596
2026-07-22T15:45:06.494,53.4283,15.0821,29.0204
2026-07-22T15:45:06.500,53.4283,15.1212,29.0204
2026-07-22T15:45:06.512,53.4646,15.1604,29.0204
2026-07-22T15:45:06.518,53.4671,15.1017,29.0596
2026-07-22T15:45:06.529,53.4724,15.1017,28.9617
2026-07-22T15:45:06.534,53.4754,15.0233,29.0204
2026-07-22T15:45:06.551,53.5003,15.1017,29.04
2026-07-22T15:45:06.551,53.5064,15.0821,29.0204
2026-07-22T15:45:06.572,53.5064,15.0625,28.9617
2026-07-22T15:45:06.582,53.5143,15.0233,28.9225
2026-07-22T15:45:06.592,53.5379,14.945,28.8442
2026-07-22T15:45:06.596,53.5379,14.8667,28.7659
2026-07-22T15:45:06.612,53.5464,14.945,28.7463
2026-07-22T15:45:06.619,53.5536,14.8863,28.6484
2026-07-22T15:45:06.628,53.5767,14.7884,28.5701
2026-07-22T15:45:06.641,53.5817,14.71,28.4526
2026-07-22T15:45:06.652,53.5847,14.6709,28.3351
2026-07-22T15:45:06.667,53.6119,14.6317,28.2764
2026-07-22T15:45:06.677,53.6174,14.6709,28.1785
2026-07-22T15:45:06.678,53.6174,14.6709,28.296
2026-07-22T15:45:06.692,53.6209,14.7492,28.2176
2026-07-22T15:45:06.705,53.6485,14.6709,28.3155
2026-07-22T15:45:06.710,53.6514,14.7884,28.3939
2026-07-22T15:45:06.723,53.6524,14.7492,28.4722
2026-07-22T15:45:06.732,53.6596,14.7688,28.4526
2026-07-22T15:45:06.742,53.6902,14.7492,28.4526
2026-07-22T15:45:06.742,53.6933,14.6709,28.4722
2026-07-22T15:45:06.765,53.6992,14.6905,28.4134
2026-07-22T15:45:06.765,53.7028,14.6905,28.3547
2026-07-22T15:45:06.790,53.7333,14.6513,28.296
2026-07-22T15:45:06.790,53.7343,14.6317,28.2372
2026-07-22T15:45:06.802,53.7363,14.6121,28.1589
2026-07-22T15:45:06.809,53.769,14.6905,28.1785
2026-07-22T15:45:06.826,53.7713,14.6317,28.1981
2026-07-22T15:45:06.826,53.7713,14.6905,28.296
2026-07-22T15:45:06.839,53.7713,14.6709,28.1785
2026-07-22T15:45:06.856,53.8105,14.6121,28.1785
2026-07-22T15:45:06.856,53.8105,14.6121,28.1589
2026-07-22T15:45:06.872,53.8105,14.6513,28.1393
2026-07-22T15:45:06.876,53.8216,14.7492,28.3155
2026-07-22T15:45:06.890,53.8281,14.7296,28.3743
2026-07-22T15:45:06.899,53.8575,14.71,28.3939
2026-07-22T15:45:06.909,53.86,14.7296,28.4134
2026-07-22T15:45:06.916,53.8678,14.71,28.4134
2026-07-22T15:45:06.929,53.8678,14.6905,28.3155
2026-07-22T15:45:54.130,101.1355,17.843,26.0246
2026-07-22T15:45:54.162,101.1355,17.7451,26.1812
2026-07-22T15:45:54.162,101.1355,17.7842,26.1225
2026-07-22T15:45:54.162,101.1355,17.7255,26.0833
2026-07-22T15:45:54.178,101.1512,17.7059,26.0246
2026-07-22T15:45:54.178,101.1512,17.6863,26.0638
2026-07-22T15:45:54.194,101.1711,17.6667,26.1225
2026-07-22T15:45:54.209,101.1711,17.7842,26.1421
2026-07-22T15:45:54.241,101.214,17.8234,26.2204
2026-07-22T15:45:54.241,101.214,17.8625,26.3379
2026-07-22T15:45:54.241,101.214,17.9017,26.2987
2026-07-22T15:45:54.241,101.2301,17.8821,26.377
2026-07-22T15:45:54.256,101.2301,17.9996,26.3379
2026-07-22T15:45:54.276,101.2301,18.0192,26.3966
2026-07-22T15:45:54.276,101.246,17.9017,26.4945
2026-07-22T15:45:54.288,101.2939,17.9213,26.612
2026-07-22T15:45:54.319,101.2944,17.9017,26.5924
2026-07-22T15:45:54.319,101.2944,17.9996,26.4945
2026-07-22T15:45:54.319,101.2944,17.9996,26.4749
2026-07-22T15:45:54.319,101.3101,18.0192,26.4162
2026-07-22T15:45:54.335,101.3101,17.9409,26.4358
2026-07-22T15:45:54.351,101.3101,17.9409,26.612
2026-07-22T15:45:54.351,101.359,18.0779,26.6708
2026-07-22T15:45:54.384,101.359,18.0779,26.6903
2026-07-22T15:45:54.384,101.3715,18.0779,26.612
2026-07-22T15:45:54.384,101.3733,17.9996,26.5729
2026-07-22T15:45:54.400,101.3738,17.98,26.5729
2026-07-22T15:45:54.415,101.3738,17.98,26.6316
2026-07-22T15:45:54.431,101.3893,18.0584,26.6512
2026-07-22T15:45:54.432,101.3893,18.0584,26.6512
2026-07-22T15:45:54.432,101.4372,18.1171,26.6512
2026-07-22T15:45:54.464,101.4372,18.0779,26.6316
2026-07-22T15:45:54.464,101.4372,18.2346,26.5729
2026-07-22T15:45:54.464,101.453,18.0975,26.5533
2026-07-22T15:45:54.479,101.453,18.1563,26.5337
2026-07-22T15:45:54.479,101.453,17.9213,26.4945
2026-07-22T15:45:54.495,101.453,17.9409,26.5141
2026-07-22T15:45:54.515,101.5099,17.9409,26.612
2026-07-22T15:45:54.527,101.5159,17.9409,26.6512
2026-07-22T15:45:54.527,101.5159,17.9213,26.6316
2026-07-22T15:45:54.542,101.5159,17.8821,26.6316
2026-07-22T15:45:54.558,101.5316,17.9409,26.5729
2026-07-22T15:45:54.558,101.5316,17.9017,26.4945
2026-07-22T15:45:54.558,101.5316,17.843,26.5729
2026-07-22T15:45:54.577,101.5788,17.9213,26.5141
2026-07-22T15:45:54.605,101.5788,17.8625,26.5337
2026-07-22T15:45:54.605,101.5788,17.9213,26.5141
2026-07-22T15:45:54.605,101.5788,17.9996,26.4749
2026-07-22T15:45:54.621,101.5945,17.9996,26.4945
2026-07-22T15:45:54.621,101.5945,17.9213,26.4554
2026-07-22T15:45:54.637,101.6102,17.8821,26.5533
2026-07-22T15:45:54.637,101.6417,17.9409,26.4945
2026-07-22T15:45:54.653,101.6579,18.0388,26.5337
2026-07-22T15:45:54.677,101.6624,17.9409,26.5729
2026-07-22T15:45:54.677,101.6634,18.0388,26.5337
2026-07-22T15:45:54.684,101.6704,17.8625,26.4749
2026-07-22T15:45:54.700,101.677,17.8038,26.4162
2026-07-22T15:45:54.715,101.679,17.7451,26.3575
2026-07-22T15:45:54.715,101.683,17.7646,26.2987
2026-07-22T15:45:54.731,101.7184,17.6863,26.24
2026-07-22T15:45:54.747,101.7184,17.6667,26.2008
2026-07-22T15:45:54.747,101.7184,17.7255,26.2596
2026-07-22T15:45:54.767,101.7184,17.7451,26.2791
2026-07-22T15:45:54.777,101.7341,17.7255,26.2596
2026-07-22T15:45:54.785,101.7341,17.7842,26.3966
2026-07-22T15:45:54.793,101.7502,17.8821,26.3379
2026-07-22T15:45:54.795,101.7909,17.843,26.4358
2026-07-22T15:45:54.815,101.7939,17.7646,26.2791
2026-07-22T15:45:54.815,101.7949,17.8038,26.2204
2026-07-22T15:45:54.824,101.8019,17.5884,26.2204
2026-07-22T15:45:54.839,101.8058,17.7059,26.2008
2026-07-22T15:45:54.839,101.8104,17.7255,26.1617
2026-07-22T15:45:54.864,101.847,17.7451,26.2008
2026-07-22T15:45:54.888,101.847,17.7059,26.1421
2026-07-22T15:45:54.889,101.853,17.6472,26.1225
2026-07-22T15:45:54.895,101.853,17.6667,26.1029
2026-07-22T15:45:54.909,101.853,17.7451,26.1617
2026-07-22T15:45:54.911,101.8687,17.6276,26.1617
2026-07-22T15:45:54.943,101.9104,17.6667,26.2204
2026-07-22T15:45:54.943,101.9104,17.6667,26.3379
2026-07-22T15:45:54.943,101.9104,17.6863,26.1812
2026-07-22T15:45:54.952,101.9209,17.6667,26.2204
2026-07-22T15:45:54.958,101.9209,17.7255,26.1421
2026-07-22T15:45:54.979,101.9209,17.7451,26.2008
2026-07-22T15:45:54.979,101.9742,17.7451,26.2987
2026-07-22T15:45:55.010,101.9742,17.7646,26.3966
2026-07-22T15:45:55.010,101.9742,17.7842,26.4162
2026-07-22T15:45:55.010,101.9842,17.8038,26.377
2026-07-22T15:45:55.016,101.9842,17.7451,26.3379
2026-07-22T15:45:55.026,102.0,17.7059,26.3379
2026-07-22T15:45:55.042,102.0,17.7646,26.3379
2026-07-22T15:45:55.058,102.0314,17.7451,26.3379
2026-07-22T15:45:55.073,102.0472,17.7842,26.3575
2026-07-22T15:45:55.073,102.0472,17.7059,26.3379
2026-07-22T15:45:55.079,102.0472,17.843,26.2791
2026-07-22T15:45:55.089,102.0472,17.6863,26.24
2026-07-22T15:45:55.105,102.063,17.6667,26.24
2026-07-22T15:45:55.105,102.063,17.6863,26.24
2026-07-22T15:45:55.137,102.1106,17.6472,26.2204
2026-07-22T15:45:55.137,102.1106,17.7059,26.24
2026-07-22T15:45:55.137,102.1106,17.6863,26.1617
2026-07-22T15:45:55.152,102.1266,17.6667,26.1029
2026-07-22T15:45:55.152,102.1266,17.5688,26.0246
2026-07-22T15:45:55.168,102.1266,17.4318,25.9267
2026-07-22T15:45:55.201,102.1899,17.4318,25.8679
2026-07-22T15:45:55.201,102.1899,17.3143,25.6917
2026-07-22T15:45:55.201,102.1899,17.3143,25.77
2026-07-22T15:45:55.201,102.1899,17.1772,25.5938
2026-07-22T15:45:55.216,102.2057,17.1772,25.633
2026-07-22T15:45:55.232,102.2107,17.1576,25.6134
2026-07-22T15:45:55.232,102.2107,17.2164,25.5938
2026-07-22T15:45:55.248,102.2535,17.1968,25.6134
2026-07-22T15:45:55.263,102.2535,17.0989,25.633
2026-07-22T15:45:55.280,102.2693,17.0793,25.6134
2026-07-22T15:45:55.280,102.2693,17.0793,25.5155
2026-07-22T15:45:55.280,102.2754,17.1185,25.4176
2026-07-22T15:45:55.295,102.2754,17.1576,25.3197
2026-07-22T15:45:55.311,102.2854,17.1185,25.3784
2026-07-22T15:45:55.327,102.2854,17.1968,25.398
2026-07-22T15:45:55.327,102.3334,17.1576,25.4176
2026-07-22T15:45:55.359,102.3334,17.1968,25.5351
2026-07-22T15:45:55.359,102.3334,17.0989,25.5155
2026-07-22T15:45:55.359,102.3334,17.0793,25.5351
2026-07-22T15:45:55.374,102.3495,17.0402,25.5351
2026-07-22T15:45:55.381,102.3495,17.1576,25.5351
2026-07-22T15:45:55.391,102.3495,17.0989,25.5547
2026-07-22T15:45:55.391,102.365,17.0402,25.5547
2026-07-22T15:45:55.416,102.3974,17.0793,25.4959
2026-07-22T15:45:55.423,102.3974,17.0989,25.5155
2026-07-22T15:45:55.423,102.4124,17.1381,25.5742
2026-07-22T15:45:55.439,102.4124,17.1968,25.6526
2026-07-22T15:45:55.455,102.4281,17.3534,25.77
2026-07-22T15:45:55.455,102.4281,17.2947,25.8679
2026-07-22T15:45:55.471,102.4281,17.4122,25.8679
2026-07-22T15:45:55.503,102.4758,17.3534,25.8288
2026-07-22T15:45:55.503,102.4758,17.3339,25.8875
2026-07-22T15:45:55.503,102.4758,17.3339,25.9463
2026-07-22T15:45:55.518,102.4911,17.4318,26.1225
2026-07-22T15:45:55.518,102.5069,17.4318,26.2791
2026-07-22T15:45:55.533,102.5069,17.5101,26.3183
2026-07-22T15:45:55.533,102.5109,17.4905,26.3966
2026-07-22T15:45:55.581,102.5548,17.5101,26.3966
2026-07-22T15:45:55.581,102.5548,17.4905,26.5337
2026-07-22T15:45:55.581,102.5548,17.5688,26.5337
2026-07-22T15:45:55.581,102.5548,17.6276,26.6903
2026-07-22T15:45:55.596,102.5706,17.6863,26.7687
2026-07-22T15:45:55.596,102.5706,17.6863,26.7099
2026-07-22T15:45:55.596,102.5706,17.608,26.7882
2026-07-22T15:45:55.616,102.5762,17.6276,26.7295
2026-07-22T15:45:55.644,102.6338,17.6863,26.7687
2026-07-22T15:45:55.653,102.6338,17.6863,26.7491
2026-07-22T15:45:55.653,102.6338,17.7059,26.8078
2026-07-22T15:45:55.660,102.6338,17.6863,26.8274
2026-07-22T15:45:55.660,102.6338,17.6472,26.9449
2026-07-22T15:45:55.681,102.6495,17.6863,26.8666
2026-07-22T15:45:55.691,102.6981,17.608,26.847
2026-07-22T15:45:55.694,102.6981,17.5101,26.8274
2026-07-22T15:45:55.723,102.6981,17.4905,26.7295
2026-07-22T15:45:55.723,102.6981,17.5884,26.7687
2026-07-22T15:45:55.723,102.7126,17.6472,26.7882
2026-07-22T15:45:55.739,102.7189,17.6667,26.8274
2026-07-22T15:45:55.755,102.7263,17.6472,26.8861
2026-07-22T15:45:55.755,102.7309,17.6667,26.8666
2026-07-22T15:45:55.782,102.776,17.6472,26.847
2026-07-22T15:45:55.803,102.7839,17.6472,26.8274
2026-07-22T15:45:55.803,102.7869,17.7059,26.7491
2026-07-22T15:45:55.803,102.7891,17.608,26.7687
2026-07-22T15:45:55.803,102.7961,17.5493,26.7099
2026-07-22T15:45:55.824,102.8031,17.6276,26.7687
2026-07-22T15:45:55.836,102.8047,17.5297,26.6903
2026-07-22T15:45:55.836,102.8514,17.6863,26.7491
2026-07-22T15:45:55.865,102.8514,17.5101,26.7295
2026-07-22T15:45:55.865,102.8514,17.5493,26.7491
2026-07-22T15:45:55.865,102.8514,17.608,26.7882
2026-07-22T15:45:55.884,102.8671,17.5297,26.9057
2026-07-22T15:45:55.900,102.8671,17.5101,26.7687
2026-07-22T15:45:55.910,102.8772,17.373,26.8078
2026-07-22T15:45:55.917,102.8828,17.4318,26.7295
2026-07-22T15:45:55.941,102.9225,17.5297,26.612
2026-07-22T15:45:55.941,102.9225,17.5101,26.5533
2026-07-22T15:45:55.941,102.9225,17.5101,26.6512
2026-07-22T15:45:55.941,102.9225,17.4905,26.7295
2026-07-22T15:45:55.957,102.9383,17.608,26.7687
2026-07-22T15:45:55.972,102.9383,17.5884,26.8078
2026-07-22T15:45:55.982,102.9383,17.6276,26.847
2026-07-22T15:45:55.991,102.9383,17.6276,26.8274
2026-07-22T15:45:56.022,102.9859,17.6472,26.847
2026-07-22T15:45:56.023,102.9859,17.6276,26.8274
2026-07-22T15:45:56.023,102.9859,17.6472,26.8861
2026-07-22T15:45:56.028,103.0051,17.5884,26.8274
2026-07-22T15:45:56.028,103.0061,17.5884,26.9057
2026-07-22T15:45:56.044,103.0114,17.5688,27.0232
2026-07-22T15:45:56.059,103.0535,17.7646,27.1603
2026-07-22T15:45:56.083,103.0535,17.7842,27.1407
2026-07-22T15:45:56.083,103.0535,17.6276,27.1015
2026-07-22T15:45:56.091,103.0535,17.608,27.0036
2026-07-22T15:45:56.091,103.0692,17.4905,27.0036
2026-07-22T15:45:56.117,103.0692,17.5884,26.9449
2026-07-22T15:45:56.117,103.0779,17.5688,27.0428
2026-07-22T15:45:56.127,103.1166,17.5688,27.219
2026-07-22T15:45:56.143,103.1166,17.5101,26.9645
2026-07-22T15:45:56.143,103.1166,17.4905,26.9645
2026-07-22T15:45:56.159,103.1166,17.5493,26.8666
2026-07-22T15:45:56.174,103.1357,17.5297,26.8861
2026-07-22T15:45:56.183,103.1357,17.4514,26.7882
2026-07-22T15:45:56.206,103.1799,17.4709,26.7687
2026-07-22T15:45:56.217,103.1799,17.4318,26.7882
2026-07-22T15:45:56.217,103.1799,17.4905,26.8274
2026-07-22T15:45:56.222,103.1799,17.5884,26.8078
2026-07-22T15:45:56.222,103.1957,17.5101,26.7295
2026-07-22T15:45:56.241,103.1957,17.4122,26.7295
2026-07-22T15:45:56.253,103.1957,17.373,26.7295
2026-07-22T15:45:56.253,103.2432,17.3534,26.6708
2026-07-22T15:45:56.269,103.2432,17.3339,26.6512
2026-07-22T15:45:56.269,103.2432,17.5688,26.5337
2026-07-22T15:45:56.285,103.2589,17.2947,26.4749
2026-07-22T15:45:56.301,103.2589,17.3143,26.3575
2026-07-22T15:45:56.301,103.2589,17.2555,26.2008
2026-07-22T15:45:56.317,103.3062,17.1968,26.1617
2026-07-22T15:45:56.333,103.3119,17.1576,25.9854
2026-07-22T15:45:56.333,103.3119,17.0989,25.9463
2026-07-22T15:45:56.348,103.3119,17.0597,25.9659
2026-07-22T15:45:56.364,103.3224,17.0793,26.0246
2026-07-22T15:45:56.364,103.3229,17.0793,26.0246
2026-07-22T15:45:56.384,103.3538,17.0793,26.005
2026-07-22T15:45:56.396,103.3538,17.0402,26.0246
2026-07-22T15:45:56.396,103.3695,17.0206,25.9463
2026-07-22T15:45:56.411,103.3705,16.9031,25.9267
2026-07-22T15:45:56.417,103.3791,16.9227,25.9071
2026-07-22T15:45:56.428,103.386,16.9227,25.9463
2026-07-22T15:45:56.459,103.4183,16.9227,26.0638
2026-07-22T15:45:56.459,103.4183,17.001,25.9267
2026-07-22T15:45:56.459,103.4183,16.9227,25.9267
2026-07-22T15:45:56.476,103.4339,16.9814,25.9267
2026-07-22T15:45:56.484,103.4339,16.9618,25.8875
2026-07-22T15:45:56.491,103.4339,16.9227,25.9267
2026-07-22T15:45:56.491,103.4652,17.001,25.9267
2026-07-22T15:45:56.522,103.481,17.001,26.005
2026-07-22T15:45:56.524,103.481,17.0597,26.0442
2026-07-22T15:45:56.524,103.481,17.1576,26.1617
2026-07-22T15:45:56.539,103.481,17.1185,26.2204
2026-07-22T15:45:56.555,103.528,17.1576,26.3575
2026-07-22T15:45:56.570,103.528,17.1185,26.3183
2026-07-22T15:45:56.570,103.528,17.1968,26.3575
2026-07-22T15:45:56.586,103.5437,17.1576,26.4358
2026-07-22T15:45:56.586,103.5437,17.2751,26.5141
2026-07-22T15:45:56.602,103.5437,17.236,26.4945
2026-07-22T15:45:56.617,103.5913,17.2555,26.4945
2026-07-22T15:45:56.617,103.5913,17.2555,26.4554
2026-07-22T15:45:56.633,103.5913,17.1772,26.4749
2026-07-22T15:45:56.633,103.5913,17.1381,26.4554
2026-07-22T15:45:56.649,103.5913,17.2555,26.4554
2026-07-22T15:45:56.649,103.639,17.3143,26.4162
2026-07-22T15:45:56.665,103.639,17.3534,26.4162
2026-07-22T15:45:56.685,103.639,17.3534,26.4554
2026-07-22T15:45:56.697,103.639,17.5101,26.612
2026-07-22T15:45:56.697,103.6548,17.4709,26.6512
2026-07-22T15:45:56.712,103.6548,17.5101,26.7882
2026-07-22T15:45:56.717,103.7037,17.5297,26.7882
2026-07-22T15:45:56.744,103.7037,17.4905,26.8274
2026-07-22T15:45:56.744,103.7037,17.5688,26.8666
2026-07-22T15:45:56.744,103.7122,17.6667,26.9057
2026-07-22T15:45:56.760,103.7122,17.608,26.9449
2026-07-22T15:45:56.760,103.7493,17.7451,27.0232
2026-07-22T15:45:56.776,103.7651,17.6667,27.0232
2026-07-22T15:45:56.791,103.7651,17.5884,26.984
2026-07-22T15:45:56.791,103.7651,17.7255,27.0232
2026-07-22T15:45:56.809,103.7807,17.6863,26.9253
2026-07-22T15:45:56.823,103.7807,17.7059,26.8861
2026-07-22T15:45:56.823,103.8125,17.5493,26.7491
2026-07-22T15:45:56.839,103.8283,17.4709,26.6708
2026-07-22T15:45:56.854,103.8283,17.4514,26.5924
2026-07-22T15:45:56.854,103.8283,17.4122,26.5729
2026-07-22T15:45:56.870,103.844,17.4318,26.6316
2026-07-22T15:45:56.886,103.844,17.4709,26.5729
2026-07-22T15:45:56.886,103.8608,17.5688,26.5729
2026-07-22T15:45:56.902,103.8974,17.5101,26.6316
2026-07-22T15:45:56.918,103.9024,17.5101,26.6512
2026-07-22T15:45:56.918,103.9034,17.4318,26.6316
2026-07-22T15:45:56.933,103.908,17.3926,26.6316
2026-07-22T15:45:56.933,103.911,17.4122,26.6512
2026-07-22T15:45:56.949,103.9185,17.5101,26.7687
2026-07-22T15:45:56.965,103.9214,17.4709,26.7295
2026-07-22T15:45:56.966,103.9519,17.4514,26.6708
2026-07-22T15:45:56.997,103.9519,17.3534,26.5533
2026-07-22T15:45:56.998,103.9519,17.373,26.5924
2026-07-22T15:45:57.005,103.9677,17.4122,26.5533
2026-07-22T15:45:57.015,103.9677,17.3534,26.4945
2026-07-22T15:45:57.026,103.9677,17.3143,26.5337
2026-07-22T15:45:57.027,103.9814,17.4514,26.4749
2026-07-22T15:45:57.043,104.0204,17.3926,26.5337
2026-07-22T15:45:57.057,104.0237,17.4905,26.5533
2026-07-22T15:45:57.057,104.0297,17.4709,26.5729
2026-07-22T15:45:57.073,104.0357,17.4318,26.6512
2026-07-22T15:45:57.087,104.04,17.4122,26.5533
2026-07-22T15:45:57.089,104.0871,17.4709,26.5533
2026-07-22T15:45:57.089,104.0871,17.4514,26.5141
2026-07-22T15:45:57.121,104.0871,17.4709,26.4554
2026-07-22T15:45:57.123,104.0871,17.3534,26.5141
2026-07-22T15:45:57.134,104.103,17.373,26.5141
2026-07-22T15:45:57.145,104.1126,17.4122,26.4945
2026-07-22T15:45:57.145,104.1126,17.373,26.4554
2026-07-22T15:45:57.160,104.1401,17.373,26.3575
2026-07-22T15:45:57.187,104.1401,17.3339,26.3379
2026-07-22T15:45:57.187,104.1562,17.3339,26.3575
2026-07-22T15:45:57.187,104.1562,17.3339,26.4162
2026-07-22T15:45:57.192,104.1562,17.3339,26.3183
2026-07-22T15:45:57.208,104.1562,17.373,26.3183
2026-07-22T15:45:57.224,104.2026,17.3143,26.3183
2026-07-22T15:45:57.245,104.2026,17.3339,26.3379
2026-07-22T15:45:57.245,104.2026,17.3339,26.377
2026-07-22T15:45:57.245,104.2026,17.2947,26.2791
2026-07-22T15:45:57.261,104.2127,17.2555,26.3183
2026-07-22T15:45:57.276,104.2183,17.2947,26.2987
2026-07-22T15:45:57.276,104.2507,17.5688,26.2596
2026-07-22T15:45:57.292,104.2507,17.3143,26.24
2026-07-22T15:45:57.292,104.2507,17.2555,26.24
2026-07-22T15:45:57.308,104.2657,17.3143,26.3575
2026-07-22T15:45:57.323,104.2657,17.2947,26.3379
2026-07-22T15:45:57.336,104.313,17.3143,26.3379
2026-07-22T15:45:57.356,104.3156,17.3143,26.2987
2026-07-22T15:45:57.356,104.3156,17.373,26.2987
2026-07-22T15:45:57.356,104.3156,17.2947,26.2596
2026-07-22T15:45:57.371,104.3156,17.4318,26.2987
2026-07-22T15:45:57.371,104.3292,17.373,26.3966
2026-07-22T15:45:57.388,104.3615,17.3534,26.3379
2026-07-22T15:45:57.403,104.3615,17.3534,26.377
2026-07-22T15:45:57.403,104.3775,17.3339,26.3379
2026-07-22T15:45:57.421,104.383,17.4318,26.3183
2026-07-22T15:45:57.434,104.383,17.3534,26.2987
2026-07-22T15:45:57.450,104.4132,17.3534,26.2791
2026-07-22T15:45:57.467,104.4252,17.3926,26.24
2026-07-22T15:45:57.467,104.4258,17.3534,26.3183
2026-07-22T15:45:57.467,104.4258,17.373,26.2008
2026-07-22T15:45:57.483,104.4258,17.3143,26.1225
2026-07-22T15:45:57.488,104.4418,17.3534,26.1225
2026-07-22T15:45:57.499,104.4835,17.3143,26.0442
2026-07-22T15:45:57.518,104.489,17.1772,26.1029
2026-07-22T15:45:57.518,104.489,17.2947,26.1225
2026-07-22T15:45:57.531,104.489,17.3143,26.0833
2026-07-22T15:45:57.547,104.489,17.3143,26.0442
2026-07-22T15:45:57.547,104.5048,17.3143,26.005
2026-07-22T15:45:57.563,104.5361,17.4514,25.9854
2026-07-22T15:45:57.579,104.5361,17.4122,26.0638
2026-07-22T15:45:57.579,104.5361,17.3926,26.0442
2026-07-22T15:45:57.594,104.5519,17.3926,26.1812
2026-07-22T15:45:57.594,104.5519,17.373,26.24
2026-07-22T15:45:57.610,104.5519,17.4318,26.4162
2026-07-22T15:45:57.626,104.5994,17.3926,26.3379
2026-07-22T15:45:57.641,104.5994,17.4318,26.4162
2026-07-22T15:45:57.641,104.61,17.4905,26.5141
2026-07-22T15:45:57.641,104.616,17.4709,26.5924
2026-07-22T15:45:57.657,104.616,17.4905,26.612
2026-07-22T15:45:57.673,104.616,17.4514,26.5141
2026-07-22T15:45:57.689,104.6624,17.3339,26.4358
2026-07-22T15:45:57.689,104.6624,17.3143,26.2987
2026-07-22T15:45:57.689,104.6624,17.3143,26.2204
2026-07-22T15:45:57.715,104.6624,17.4318,26.2008
2026-07-22T15:45:57.721,104.6782,17.3339,26.1812
2026-07-22T15:45:57.721,104.6843,17.3926,26.2987
2026-07-22T15:45:57.752,104.7255,17.4514,26.3183
2026-07-22T15:45:57.752,104.7255,17.3143,26.3966
2026-07-22T15:45:57.752,104.7255,17.4122,26.4749
2026-07-22T15:45:57.783,104.7255,17.5493,26.5141
2026-07-22T15:45:57.783,104.7255,17.6472,26.4945
2026-07-22T15:45:57.790,104.7255,17.608,26.5729
2026-07-22T15:45:57.799,104.7726,17.4905,26.5924
2026-07-22T15:45:57.823,104.7726,17.5884,26.5533
2026-07-22T15:45:57.823,104.7726,17.5688,26.5924
2026-07-22T15:45:57.831,104.7883,17.6667,26.6708
2026-07-22T15:45:57.831,104.7883,17.7451,26.6512
2026-07-22T15:45:57.846,104.8354,17.6667,26.6903
2026-07-22T15:45:57.862,104.8354,17.6667,26.6316
2026-07-22T15:45:57.862,104.8354,17.608,26.5729
2026-07-22T15:45:57.878,104.8354,17.5688,26.5533
2026-07-22T15:45:57.894,104.8512,17.5493,26.5729
2026-07-22T15:45:57.894,104.8512,17.5101,26.5729
2026-07-22T15:45:57.919,104.8852,17.7059,26.5533
2026-07-22T15:45:57.925,104.8852,17.6276,26.5533
2026-07-22T15:45:57.925,104.8852,17.6472,26.5729
2026-07-22T15:45:57.941,104.8987,17.6863,26.6512
2026-07-22T15:45:57.941,104.8987,17.6472,26.7295
2026-07-22T15:45:57.956,104.8987,17.7059,26.7295
2026-07-22T15:45:57.990,104.9305,17.7255,26.8078
2026-07-22T15:45:57.990,104.9305,17.7646,26.6708
2026-07-22T15:45:57.990,104.9463,17.6667,26.5337
2026-07-22T15:45:57.990,104.9463,17.6667,26.5141
2026-07-22T15:45:58.004,104.9463,17.7646,26.4945
2026-07-22T15:45:58.020,104.9855,17.6276,26.4749
2026-07-22T15:45:58.036,104.9936,17.6667,26.4162
2026-07-22T15:45:58.036,104.9936,17.6667,26.5924
2026-07-22T15:45:58.051,104.9936,17.7842,26.5924
2026-07-22T15:45:58.051,104.9936,17.8038,26.6903
2026-07-22T15:45:58.083,105.0381,17.8625,26.7491
2026-07-22T15:45:58.091,105.0381,17.8038,26.7687
2026-07-22T15:45:58.099,105.0381,17.7646,26.8274
2026-07-22T15:45:58.099,105.0381,17.8625,26.7687
2026-07-22T15:45:58.123,105.0858,17.9605,26.8666
2026-07-22T15:45:58.137,105.0858,17.9409,26.8861
2026-07-22T15:45:58.137,105.0858,18.0388,26.984
2026-07-22T15:45:58.143,105.0858,17.9017,27.0428
2026-07-22T15:45:58.143,105.1008,17.9213,26.9253
2026-07-22T15:45:58.158,105.138,17.843,26.9253
2026-07-22T15:45:58.174,105.1442,17.7646,26.7295
2026-07-22T15:45:58.174,105.1442,17.7059,26.6512
2026-07-22T15:45:58.191,105.1502,17.6863,26.5533
2026-07-22T15:45:58.191,105.1522,17.8038,26.5141
2026-07-22T15:45:58.219,105.1876,17.7451,26.4554
2026-07-22T15:45:58.239,105.1876,17.7059,26.5729
2026-07-22T15:45:58.239,105.1876,17.7059,26.5141
2026-07-22T15:45:58.254,105.1876,17.6863,26.5533
2026-07-22T15:45:58.255,105.1876,17.6863,26.5533
2026-07-22T15:45:58.260,105.2379,17.6276,26.5337
2026-07-22T15:45:58.276,105.2379,17.6667,26.4554
2026-07-22T15:45:58.276,105.2379,17.5688,26.3575
2026-07-22T15:45:58.293,105.2379,17.5101,26.2791
2026-07-22T15:45:58.293,105.2379,17.5297,26.2204
2026-07-22T15:45:58.319,105.2854,17.4514,26.0833
2026-07-22T15:45:58.323,105.2864,17.4318,25.9854
2026-07-22T15:45:58.323,105.2864,17.4514,26.0246
2026-07-22T15:45:58.343,105.2864,17.3926,26.0638
2026-07-22T15:45:58.343,105.2864,17.4122,26.0833
2026-07-22T15:45:58.359,105.3181,17.3534,26.1029
2026-07-22T15:45:58.375,105.3181,17.3339,26.0246
2026-07-22T15:45:58.375,105.3333,17.2164,25.9854
2026-07-22T15:45:58.392,105.3333,17.2751,25.9463
2026-07-22T15:45:58.392,105.3333,17.2947,25.9659
2026-07-22T15:45:58.407,105.3658,17.236,25.9854
2026-07-22T15:45:58.423,105.3658,17.2555,26.0246
2026-07-22T15:45:58.423,105.3813,17.2555,26.0833
2026-07-22T15:45:58.439,105.3813,17.236,26.005
2026-07-22T15:45:58.454,105.4147,17.236,25.9659
2026-07-22T15:45:58.471,105.4291,17.1968,25.9463
2026-07-22T15:45:58.471,105.4291,17.3143,25.9463
2026-07-22T15:45:58.471,105.4312,17.1968,25.9854
2026-07-22T15:45:58.492,105.4312,17.2947,26.0833
2026-07-22T15:45:58.502,105.4613,17.3143,26.0442
2026-07-22T15:45:58.520,105.4774,17.3143,26.0638
2026-07-22T15:45:58.520,105.4774,17.236,25.9463
2026-07-22T15:45:58.536,105.4774,17.2164,25.9659
2026-07-22T15:45:58.536,105.4874,17.2751,25.9854
2026-07-22T15:45:58.550,105.5148,17.3143,26.005
2026-07-22T15:45:58.567,105.5248,17.2555,26.0833
2026-07-22T15:45:58.567,105.5248,17.3534,26.1812
2026-07-22T15:45:58.583,105.5248,17.2751,26.1225
2026-07-22T15:45:58.593,105.5408,17.3926,26.1812
2026-07-22T15:45:58.598,105.5722,17.4709,26.1225
2026-07-22T15:45:58.620,105.5722,17.4709,26.2204
2026-07-22T15:45:58.630,105.5878,17.4905,26.377
2026-07-22T15:45:58.630,105.5878,17.5688,26.5141
2026-07-22T15:45:58.646,105.5878,17.5884,26.6903
2026-07-22T15:45:58.646,105.6196,17.6472,26.7491
2026-07-22T15:45:58.677,105.6196,17.5493,26.7491
2026-07-22T15:45:58.677,105.6196,17.5688,26.6316
2026-07-22T15:45:58.677,105.6353,17.4709,26.5729
2026-07-22T15:45:58.693,105.6353,17.4514,26.6512
2026-07-22T15:45:58.693,105.6511,17.4905,26.6903
2026-07-22T15:45:58.725,105.6826,17.5493,26.7687
2026-07-22T15:45:58.725,105.6826,17.5493,26.8078
2026-07-22T15:45:58.725,105.6882,17.6472,26.8666
2026-07-22T15:45:58.740,105.6882,17.6276,26.8861
2026-07-22T15:45:58.756,105.6982,17.6863,26.8666
2026-07-22T15:45:58.756,105.7295,17.6472,26.8274
2026-07-22T15:45:58.772,105.7295,17.608,26.9253
2026-07-22T15:45:58.772,105.7295,17.608,26.8861
2026-07-22T15:45:58.793,105.7295,17.5493,26.984
2026-07-22T15:45:58.803,105.7452,17.4905,26.9645
2026-07-22T15:45:58.820,105.7767,17.4709,26.9253
2026-07-22T15:45:58.835,105.7767,17.4514,26.9057
2026-07-22T15:45:58.835,105.7767,17.4318,26.8861
2026-07-22T15:45:58.835,105.7924,17.4514,26.8078
2026-07-22T15:45:58.850,105.7924,17.373,26.8078
2026-07-22T15:45:58.866,105.8238,17.3926,26.6316
2026-07-22T15:45:58.882,105.8238,17.3534,26.612
2026-07-22T15:45:58.882,105.8238,17.3534,26.6903
2026-07-22T15:45:58.898,105.8395,17.4122,26.8078
2026-07-22T15:45:58.898,105.8395,17.3339,26.7687
2026-07-22T15:45:58.920,105.871,17.3534,26.7295
2026-07-22T15:45:58.929,105.8887,17.2751,26.5533
2026-07-22T15:45:58.929,105.8887,17.2555,26.5729
2026-07-22T15:45:58.945,105.8887,17.2164,26.4945
2026-07-22T15:45:58.945,105.8887,17.236,26.4749
2026-07-22T15:45:58.960,105.9341,17.1968,26.4554
2026-07-22T15:45:58.976,105.9341,17.1576,26.4945
2026-07-22T15:45:58.976,105.9341,17.1772,26.4554
2026-07-22T15:45:58.994,105.9341,17.2164,26.4162
2026-07-22T15:45:58.994,105.9498,17.236,26.3966
2026-07-22T15:45:59.008,105.9889,17.236,26.3966
2026-07-22T15:45:59.024,105.9889,17.1968,26.4162
2026-07-22T15:45:59.024,105.9889,17.1772,26.4162
2026-07-22T15:45:59.039,105.997,17.1968,26.3966
2026-07-22T15:45:59.055,105.997,17.1381,26.377
2026-07-22T15:45:59.055,105.997,17.1381,26.2596
2026-07-22T15:45:59.071,106.044,17.1968,26.2987
2026-07-22T15:45:59.087,106.044,17.2751,26.2987
2026-07-22T15:45:59.094,106.044,17.1772,26.3183
2026-07-22T15:45:59.102,106.044,17.1576,26.2204
2026-07-22T15:45:59.102,106.0597,17.1381,26.24
2026-07-22T15:45:59.120,106.0912,17.1576,26.3183
2026-07-22T15:45:59.133,106.0912,17.1576,26.2596
2026-07-22T15:45:59.149,106.0912,17.1185,26.3379
2026-07-22T15:45:59.149,106.0912,17.1576,26.3966
2026-07-22T15:45:59.165,106.1069,17.1381,26.3575
2026-07-22T15:45:59.181,106.1412,17.1381,26.2987
2026-07-22T15:45:59.181,106.1432,17.1381,26.24
2026-07-22T15:45:59.194,106.1462,17.0793,26.1029
2026-07-22T15:45:59.196,106.1522,17.0989,26.0246
2026-07-22T15:45:59.212,106.1548,17.001,25.9659
2026-07-22T15:45:59.229,106.186,17.0402,26.1029
2026-07-22T15:45:59.241,106.1896,17.001,25.9854
2026-07-22T15:45:59.248,106.1896,17.001,26.0442
2026-07-22T15:45:59.257,106.1896,17.0793,26.1225
2026-07-22T15:45:59.260,106.1896,17.0402,26.2596
