wall_time,elapsed_s,F1_N,F2_N
2026-07-23T15:59:06.965,7.9457,-2.3464,0.1582
2026-07-23T15:59:06.988,7.9772,-2.1897,0.1582
2026-07-23T15:59:06.988,7.9772,-2.3464,0.1778
2026-07-23T15:59:07.012,7.9931,-2.4051,0.1191
2026-07-23T15:59:07.018,7.9931,-2.268,0.1191
2026-07-23T15:59:07.018,8.0076,-2.4051,0.0995
2026-07-23T15:59:07.041,8.0238,-2.2289,0.1191
2026-07-23T15:59:07.044,8.0238,-2.4247,0.0995
2026-07-23T15:59:07.044,8.0238,-2.3659,0.1974
2026-07-23T15:59:07.075,8.0571,-2.3268,0.1386
2026-07-23T15:59:07.075,8.0571,-2.268,0.0995
2026-07-23T15:59:07.075,8.0571,-2.3268,0.1191
2026-07-23T15:59:07.108,8.0868,-2.3659,0.1191
2026-07-23T15:59:07.108,8.0868,-2.3855,0.1582
2026-07-23T15:59:07.108,8.091,-2.268,0.1386
2026-07-23T15:59:07.122,8.1079,-2.4051,0.1386
2026-07-23T15:59:07.122,8.1079,-2.268,0.1386
2026-07-23T15:59:07.143,8.1413,-2.3659,0.1191
2026-07-23T15:59:07.159,8.1447,-2.2876,0.1191
2026-07-23T15:59:07.159,8.1447,-2.3464,0.1191
2026-07-23T15:59:07.174,8.1757,-2.4051,0.1582
2026-07-23T15:59:07.189,8.1757,-2.4247,0.1386
2026-07-23T15:59:07.196,8.1757,-2.4247,0.1191
2026-07-23T15:59:07.210,8.2054,-2.3268,0.1191
2026-07-23T15:59:07.217,8.2076,-2.3072,0.0995
2026-07-23T15:59:07.217,8.2081,-2.4051,0.1582
2026-07-23T15:59:07.232,8.2281,-2.3464,0.1386
2026-07-23T15:59:07.252,8.238,-2.4443,0.1582
2026-07-23T15:59:07.257,8.238,-2.3072,0.1778
2026-07-23T15:59:07.270,8.2609,-2.2289,0.1386
2026-07-23T15:59:07.279,8.2609,-2.3268,0.1386
2026-07-23T15:59:07.279,8.2609,-2.2485,0.1582
2026-07-23T15:59:07.289,8.2914,-2.3855,0.1778
2026-07-23T15:59:07.312,8.2914,-2.3072,0.1778
2026-07-23T15:59:07.312,8.3008,-2.268,0.217
2026-07-23T15:59:07.330,8.3239,-2.3268,0.1778
2026-07-23T15:59:07.342,8.3239,-2.2876,0.1582
2026-07-23T15:59:07.342,8.3239,-2.3464,0.0799
2026-07-23T15:59:07.352,8.3239,-2.2876,0.1974
2026-07-23T15:59:07.375,8.3571,-2.2876,0.0407
2026-07-23T15:59:07.375,8.3571,-2.3464,0.1778
2026-07-23T15:59:07.375,8.3571,-2.3464,0.1582
2026-07-23T15:59:07.393,8.3856,-2.3855,0.0995
2026-07-23T15:59:07.405,8.3902,-2.3464,0.1191
2026-07-23T15:59:07.408,8.3941,-2.3072,0.0603
2026-07-23T15:59:07.436,8.4172,-2.4247,0.1778
2026-07-23T15:59:07.436,8.4172,-2.2289,0.0995
2026-07-23T15:59:07.445,8.423,-2.503,0.1191
2026-07-23T15:59:07.452,8.4525,-2.3464,0.1582
2026-07-23T15:59:07.468,8.4525,-2.3659,0.0799
2026-07-23T15:59:07.474,8.457,-2.3464,0.0603
2026-07-23T15:59:07.489,8.4804,-2.3072,0.0799
2026-07-23T15:59:07.501,8.4804,-2.3855,0.0995
2026-07-23T15:59:07.508,8.4905,-2.3855,0.1191
2026-07-23T15:59:07.516,8.5118,-2.3855,0.0603
2026-07-23T15:59:07.531,8.5176,-2.4051,0.1191
2026-07-23T15:59:07.531,8.5176,-2.2876,0.1191
2026-07-23T15:59:07.541,8.5234,-2.4247,0.0407
2026-07-23T15:59:07.563,8.5491,-2.3464,0.1191
2026-07-23T15:59:07.563,8.5491,-2.3072,0.0799
2026-07-23T15:59:07.574,8.5747,-2.3855,0.0995
2026-07-23T15:59:07.594,8.5747,-2.3464,0.1386
2026-07-23T15:59:07.594,8.5747,-2.4247,0.1582
2026-07-23T15:59:07.602,8.5747,-2.4051,0.0799
2026-07-23T15:59:07.625,8.6095,-2.3072,0.0603
2026-07-23T15:59:07.625,8.6095,-2.4051,0.1386
2026-07-23T15:59:07.625,8.6095,-2.268,0.1191
2026-07-23T15:59:07.657,8.6385,-2.3855,0.0603
2026-07-23T15:59:07.657,8.6385,-2.3268,0.1582
2026-07-23T15:59:07.660,8.657,-2.3268,0.1191
2026-07-23T15:59:07.685,8.657,-2.3855,0.1386
2026-07-23T15:59:07.685,8.67,-2.3072,0.0995
2026-07-23T15:59:07.693,8.6981,-2.3072,0.0995
2026-07-23T15:59:07.708,8.6981,-2.2485,0.1191
2026-07-23T15:59:07.708,8.6981,-2.3268,0.0995
2026-07-23T15:59:07.724,8.7016,-2.4443,0.1974
2026-07-23T15:59:07.741,8.7238,-2.3268,0.1191
2026-07-23T15:59:07.741,8.7238,-2.3855,0.1582
2026-07-23T15:59:07.752,8.7484,-2.2485,0.1191
2026-07-23T15:59:07.775,8.7593,-2.4051,0.0995
2026-07-23T15:59:07.775,8.7593,-2.3464,0.1386
2026-07-23T15:59:07.785,8.7641,-2.3268,0.0603
2026-07-23T15:59:07.799,8.7903,-2.4247,0.1778
2026-07-23T15:59:07.799,8.7903,-2.268,0.1191
2026-07-23T15:59:07.815,8.7956,-2.3464,0.0799
2026-07-23T15:59:07.831,8.8117,-2.4051,0.0603
2026-07-23T15:59:07.831,8.8235,-2.2876,0.1191
2026-07-23T15:59:07.846,8.8235,-2.3659,0.1191
2026-07-23T15:59:07.852,8.8429,-2.3072,0.1386
2026-07-23T15:59:07.863,8.8429,-2.3855,0.1191
2026-07-23T15:59:07.874,8.8568,-2.3659,0.1191
2026-07-23T15:59:07.894,8.8844,-2.2485,0.0799
2026-07-23T15:59:07.894,8.8844,-2.4247,0.0799
2026-07-23T15:59:07.894,8.8844,-2.268,0.1582
2026-07-23T15:59:07.910,8.9137,-2.3268,0.0603
2026-07-23T15:59:07.925,8.9137,-2.3464,0.1582
2026-07-23T15:59:07.935,8.9137,-2.3268,0.1191
2026-07-23T15:59:07.948,8.9389,-2.3855,0.0995
2026-07-23T15:59:07.961,8.9389,-2.2876,0.1191
2026-07-23T15:59:07.965,8.9505,-2.3659,0.1191
2026-07-23T15:59:07.978,8.969,-2.3659,0.1386
2026-07-23T15:59:07.990,8.969,-2.2876,0.1582
2026-07-23T15:59:07.990,8.969,-2.3659,0.0995
2026-07-23T15:59:08.008,9.0108,-2.2876,0.1778
2026-07-23T15:59:08.020,9.0108,-2.3659,0.1386
2026-07-23T15:59:08.020,9.0108,-2.3464,0.1582
2026-07-23T15:59:08.020,9.039,-2.268,0.0995
2026-07-23T15:59:08.051,9.039,-2.3268,0.1386
2026-07-23T15:59:08.051,9.039,-2.3072,0.217
2026-07-23T15:59:08.062,9.0473,-2.3268,0.1191
2026-07-23T15:59:08.076,9.0631,-2.3268,0.1386
2026-07-23T15:59:08.085,9.0788,-2.2876,0.1386
2026-07-23T15:59:08.098,9.0788,-2.3659,0.1778
2026-07-23T15:59:08.108,9.0947,-2.2876,0.1582
2026-07-23T15:59:08.114,9.0947,-2.2876,0.1191
2026-07-23T15:59:08.130,9.0947,-2.2876,0.1778
2026-07-23T15:59:08.130,9.1349,-2.268,0.1191
2026-07-23T15:59:08.146,9.1349,-2.3855,0.1191
2026-07-23T15:59:08.146,9.1349,-2.3072,0.217
2026-07-23T15:59:08.169,9.1663,-2.3072,0.0995
2026-07-23T15:59:08.177,9.1663,-2.3659,0.1191
2026-07-23T15:59:08.186,9.1663,-2.2485,0.0995
2026-07-23T15:59:08.197,9.1904,-2.3659,0.1191
2026-07-23T15:59:08.209,9.1904,-2.3072,0.1582
2026-07-23T15:59:08.217,9.1904,-2.3268,0.0799
2026-07-23T15:59:08.227,9.2239,-2.4247,0.1778
2026-07-23T15:59:08.241,9.2239,-2.268,0.1386
2026-07-23T15:59:08.241,9.2239,-2.3659,0.0799
2026-07-23T15:59:08.241,9.2239,-2.2876,0.1582
2026-07-23T15:59:08.262,9.26,-2.3268,0.1386
2026-07-23T15:59:08.275,9.26,-2.3659,0.1582
2026-07-23T15:59:08.275,9.2656,-2.268,0.0995
2026-07-23T15:59:08.304,9.2904,-2.3268,0.1191
2026-07-23T15:59:08.304,9.2904,-2.2289,0.1582
2026-07-23T15:59:08.316,9.2904,-2.3659,0.0995
2026-07-23T15:59:08.328,9.3158,-2.3072,0.1386
2026-07-23T15:59:08.337,9.3158,-2.2289,0.2561
2026-07-23T15:59:08.341,9.3237,-2.3464,0.1778
2026-07-23T15:59:08.356,9.3475,-2.2289,0.1582
2026-07-23T15:59:08.367,9.3475,-2.3268,0.1191
2026-07-23T15:59:08.374,9.3475,-2.3268,0.1582
2026-07-23T15:59:08.383,9.3789,-2.268,0.1191
2026-07-23T15:59:08.398,9.3816,-2.268,0.0799
2026-07-23T15:59:08.408,9.3816,-2.2093,0.1778
2026-07-23T15:59:08.414,9.3947,-2.3855,0.0995
2026-07-23T15:59:08.414,9.3947,-2.2876,0.2365
2026-07-23T15:59:08.436,9.4266,-2.2876,0.1582
2026-07-23T15:59:08.446,9.4351,-2.3072,0.1191
2026-07-23T15:59:08.446,9.4351,-2.2485,0.1778
2026-07-23T15:59:08.463,9.4582,-2.2876,0.1974
2026-07-23T15:59:08.477,9.464,-2.3464,0.1778
2026-07-23T15:59:08.486,9.464,-2.2093,0.1386
2026-07-23T15:59:08.509,9.4906,-2.3072,0.1582
2026-07-23T15:59:08.509,9.4906,-2.268,0.1778
2026-07-23T15:59:08.515,9.4906,-2.3464,0.1778
2026-07-23T15:59:08.527,9.5123,-2.2093,0.1778
2026-07-23T15:59:08.540,9.5211,-2.1897,0.1582
2026-07-23T15:59:08.541,9.5238,-2.3464,0.1778
2026-07-23T15:59:08.541,9.5392,-2.2093,0.1778
2026-07-23T15:59:08.563,9.5392,-2.3268,0.1386
2026-07-23T15:59:08.575,9.5529,-2.3464,0.1974
2026-07-23T15:59:08.588,9.5764,-2.2289,0.1386
2026-07-23T15:59:08.590,9.5764,-2.3268,0.1582
2026-07-23T15:59:08.604,9.5844,-2.1897,0.217
2026-07-23T15:59:08.626,9.6001,-2.4051,0.1582
2026-07-23T15:59:08.626,9.6001,-2.2876,0.1386
2026-07-23T15:59:08.635,9.6158,-2.2485,0.1191
2026-07-23T15:59:08.647,9.6393,-2.3464,0.1582
2026-07-23T15:59:08.651,9.6393,-2.2876,0.1191
2026-07-23T15:59:08.667,9.6393,-2.3072,0.1582
2026-07-23T15:59:08.686,9.6629,-2.268,0.1778
2026-07-23T15:59:08.686,9.6629,-2.2289,0.0995
2026-07-23T15:59:08.690,9.674,-2.2485,0.1582
2026-07-23T15:59:08.714,9.7002,-2.2485,0.217
2026-07-23T15:59:08.714,9.7002,-2.4051,0.1191
2026-07-23T15:59:08.728,9.7002,-2.2876,0.1778
2026-07-23T15:59:08.745,9.7282,-2.268,0.1191
2026-07-23T15:59:08.745,9.7282,-2.3464,0.1582
2026-07-23T15:59:08.757,9.7282,-2.2876,0.1778
2026-07-23T15:59:08.777,9.7422,-2.3464,0.1974
2026-07-23T15:59:08.777,9.7579,-2.3072,0.1778
2026-07-23T15:59:08.779,9.7605,-2.3268,0.0995
2026-07-23T15:59:08.793,9.7883,-2.3659,0.1191
2026-07-23T15:59:08.793,9.7883,-2.3072,0.1191
2026-07-23T15:59:08.824,9.8133,-2.4051,0.0995
2026-07-23T15:59:08.824,9.82,-2.2876,0.1778
2026-07-23T15:59:08.839,9.82,-2.3464,0.1582
2026-07-23T15:59:08.841,9.844,-2.3659,0.1386
2026-07-23T15:59:08.864,9.8514,-2.3464,0.1191
2026-07-23T15:59:08.864,9.8514,-2.3464,0.1582
2026-07-23T15:59:08.874,9.8544,-2.3268,0.1386
2026-07-23T15:59:08.886,9.867,-2.2876,0.1191
2026-07-23T15:59:08.895,9.867,-2.4247,0.1778
2026-07-23T15:59:08.905,9.8838,-2.1897,0.0995
2026-07-23T15:59:08.918,9.8988,-2.3659,0.0603
2026-07-23T15:59:08.918,9.8988,-2.268,0.1778
2026-07-23T15:59:08.936,9.9137,-2.3464,0.0995
2026-07-23T15:59:08.950,9.9399,-2.3659,0.1778
2026-07-23T15:59:08.950,9.9399,-2.268,0.1386
2026-07-23T15:59:08.964,9.9428,-2.3464,0.1386
2026-07-23T15:59:08.981,9.9691,-2.3268,0.1778
2026-07-23T15:59:08.981,9.9691,-2.3464,0.0603
2026-07-23T15:59:08.997,9.9992,-2.4051,0.1974
2026-07-23T15:59:09.012,9.9992,-2.2485,0.0995
2026-07-23T15:59:09.012,9.9992,-2.4051,0.1582
2026-07-23T15:59:09.025,9.9992,-2.268,0.0995
2026-07-23T15:59:09.044,10.0308,-2.4051,0.1191
2026-07-23T15:59:09.044,10.0308,-2.3464,0.1778
2026-07-23T15:59:09.050,10.0308,-2.2876,0.0799
2026-07-23T15:59:09.076,10.0593,-2.3268,0.1191
2026-07-23T15:59:09.076,10.0614,-2.268,0.1974
2026-07-23T15:59:09.082,10.0724,-2.3072,0.1582
2026-07-23T15:59:09.107,10.0881,-2.3464,0.1386
2026-07-23T15:59:09.108,10.0881,-2.2876,0.1974
2026-07-23T15:59:09.112,10.0913,-2.3659,0.1582
2026-07-23T15:59:09.123,10.1143,-2.2876,0.1582
2026-07-23T15:59:09.123,10.1143,-2.4051,0.1191
2026-07-23T15:59:09.147,10.1402,-2.3268,0.1778
2026-07-23T15:59:09.155,10.1402,-2.2876,0.1191
2026-07-23T15:59:09.165,10.1402,-2.3268,0.1778
2026-07-23T15:59:09.175,10.1777,-2.3072,0.217
2026-07-23T15:59:09.191,10.1777,-2.3659,0.0995
2026-07-23T15:59:09.191,10.1777,-2.3268,0.1582
2026-07-23T15:59:09.208,10.1993,-2.2485,0.1191
2026-07-23T15:59:09.218,10.2145,-2.3072,0.1582
2026-07-23T15:59:09.218,10.2145,-2.2289,0.2365
2026-07-23T15:59:09.234,10.2166,-2.4443,0.1582
2026-07-23T15:59:09.250,10.2403,-2.3268,0.1582
2026-07-23T15:59:09.250,10.2403,-2.268,0.1386
2026-07-23T15:59:09.267,10.2461,-2.3659,0.1778
2026-07-23T15:59:09.277,10.2619,-2.2485,0.1191
2026-07-23T15:59:09.291,10.2619,-2.3268,0.1778
2026-07-23T15:59:09.297,10.279,-2.2876,0.1974
2026-07-23T15:59:09.297,10.3028,-2.2876,0.1191
2026-07-23T15:59:09.313,10.3081,-2.3268,0.2365
2026-07-23T15:59:09.313,10.3081,-2.1897,0.1191
2026-07-23T15:59:09.354,10.3259,-2.3855,0.217
2026-07-23T15:59:09.354,10.3259,-2.1701,0.1974
2026-07-23T15:59:09.358,10.3403,-2.3464,0.1974
2026-07-23T15:59:09.375,10.3574,-2.2289,0.1974
2026-07-23T15:59:09.377,10.3574,-2.2485,0.1582
2026-07-23T15:59:09.377,10.3716,-2.2876,0.1582
2026-07-23T15:59:09.393,10.3733,-2.268,0.2365
2026-07-23T15:59:09.408,10.3989,-2.2485,0.1386
2026-07-23T15:59:09.408,10.3989,-2.3072,0.1191
2026-07-23T15:59:09.424,10.4279,-2.1506,0.1386
2026-07-23T15:59:09.441,10.4279,-2.3268,0.0995
2026-07-23T15:59:09.450,10.4279,-2.0135,0.1974
2026-07-23T15:59:09.456,10.4279,-2.3855,0.1386
2026-07-23T15:59:09.475,10.4572,-2.2485,0.1778
2026-07-23T15:59:09.475,10.4572,-2.268,0.0995
2026-07-23T15:59:09.479,10.4572,-2.2485,0.0995
2026-07-23T15:59:09.503,10.4905,-2.2876,0.0995
2026-07-23T15:59:09.503,10.4905,-2.2485,0.0603
2026-07-23T15:59:09.523,10.5257,-2.3268,0.1582
2026-07-23T15:59:09.541,10.5257,-2.1897,0.0603
2026-07-23T15:59:09.541,10.5257,-2.3268,0.0995
2026-07-23T15:59:09.549,10.5319,-2.1897,0.1582
2026-07-23T15:59:09.562,10.5572,-2.3464,0.0407
2026-07-23T15:59:09.575,10.5572,-2.2876,0.1191
2026-07-23T15:59:09.577,10.5572,-2.1701,0.0799
2026-07-23T15:59:09.592,10.5797,-2.2289,0.0799
2026-07-23T15:59:09.596,10.5797,-2.2876,0.0995
2026-07-23T15:59:09.608,10.5935,-2.3268,0.1582
2026-07-23T15:59:09.614,10.5951,-2.3268,0.0995
2026-07-23T15:59:09.630,10.6163,-2.1506,0.0407
2026-07-23T15:59:09.630,10.624,-2.3855,0.1582
2026-07-23T15:59:09.646,10.6266,-2.2093,0.1191
2026-07-23T15:59:09.646,10.657,-2.4051,0.0799
2026-07-23T15:59:09.667,10.6585,-2.3072,0.1778
2026-07-23T15:59:09.677,10.6585,-2.3464,0.0603
2026-07-23T15:59:09.693,10.6865,-2.2289,0.1191
2026-07-23T15:59:09.693,10.6865,-2.2876,0.0995
2026-07-23T15:59:09.706,10.6865,-2.3268,0.0603
2026-07-23T15:59:09.709,10.7166,-2.3268,0.1582
2026-07-23T15:59:09.729,10.72,-2.3072,0.0995
2026-07-23T15:59:09.729,10.7224,-2.4638,0.1582
2026-07-23T15:59:09.757,10.7409,-2.2876,0.0211
2026-07-23T15:59:09.757,10.7409,-2.4247,0.0603
2026-07-23T15:59:09.771,10.7409,-2.268,0.1582
2026-07-23T15:59:09.775,10.7537,-2.3464,0.0603
2026-07-23T15:59:09.792,10.7811,-2.2876,0.1386
2026-07-23T15:59:09.792,10.7811,-2.3659,0.0211
2026-07-23T15:59:09.812,10.8034,-2.3072,0.0799
2026-07-23T15:59:09.820,10.8142,-2.3072,0.1386
2026-07-23T15:59:09.820,10.8142,-2.3268,0.0407
2026-07-23T15:59:09.837,10.8167,-2.4638,0.0995
2026-07-23T15:59:09.841,10.845,-2.268,0.0016
2026-07-23T15:59:09.854,10.8485,-2.4834,0.0603
2026-07-23T15:59:09.865,10.8485,-2.2876,0.0799
2026-07-23T15:59:09.875,10.88,-2.4834,0.0407
2026-07-23T15:59:09.892,10.88,-2.4247,0.0799
2026-07-23T15:59:09.896,10.88,-2.4051,0.0016
2026-07-23T15:59:09.899,10.9134,-2.4247,0.0016
2026-07-23T15:59:09.915,10.9134,-2.3659,0.0995
2026-07-23T15:59:09.915,10.917,-2.4247,0.0407
2026-07-23T15:59:09.937,10.92,-2.503,0.0799
2026-07-23T15:59:09.946,10.9469,-2.3268,0.0407
2026-07-23T15:59:09.962,10.9469,-2.4834,0.0016
2026-07-23T15:59:09.968,10.9469,-2.2485,0.0799
2026-07-23T15:59:09.980,10.9744,-2.4443,0.0016
2026-07-23T15:59:09.994,10.9744,-2.3072,0.0799
2026-07-23T15:59:09.998,10.9744,-2.3659,-0.018
2026-07-23T15:59:09.998,10.9744,-2.3268,0.0995
2026-07-23T15:59:10.010,11.0119,-2.4443,0.0603
2026-07-23T15:59:10.025,11.0119,-2.3855,0.0407
2026-07-23T15:59:10.025,11.0175,-2.4247,0.0603
2026-07-23T15:59:10.045,11.0412,-2.3268,0.0603
2026-07-23T15:59:10.057,11.0412,-2.5226,0.0016
2026-07-23T15:59:10.068,11.0493,-2.2485,0.0407
2026-07-23T15:59:10.075,11.0694,-2.4834,0.0995
2026-07-23T15:59:10.092,11.0694,-2.3464,0.0016
2026-07-23T15:59:10.092,11.081,-2.4051,0.0603
2026-07-23T15:59:10.108,11.1009,-2.4443,0.1386
2026-07-23T15:59:10.120,11.1009,-2.3464,0.2561
2026-07-23T15:59:10.120,11.1009,-2.3659,0.0603
2026-07-23T15:59:10.141,11.137,-2.4247,0.1778
2026-07-23T15:59:10.152,11.137,-2.2876,0.0211
2026-07-23T15:59:10.152,11.1414,-2.4443,0.1191
2026-07-23T15:59:10.168,11.1637,-2.3072,0.0995
2026-07-23T15:59:10.183,11.1637,-2.503,0.0407
2026-07-23T15:59:10.183,11.1706,-2.3464,0.1386
2026-07-23T15:59:10.201,11.1995,-2.3855,0.0799
2026-07-23T15:59:10.214,11.1995,-2.3659,0.0799
2026-07-23T15:59:10.214,11.2025,-2.4051,0.0603
2026-07-23T15:59:10.234,11.227,-2.3464,0.0995
2026-07-23T15:59:10.247,11.227,-2.503,0.1191
2026-07-23T15:59:10.249,11.227,-2.3072,0.0995
2026-07-23T15:59:10.262,11.2589,-2.4638,0.1582
2026-07-23T15:59:10.275,11.2621,-2.2485,0.1386
2026-07-23T15:59:10.275,11.2621,-2.4051,0.0603
2026-07-23T15:59:10.296,11.2916,-2.2876,0.2757
2026-07-23T15:59:10.296,11.2916,-2.4834,0.0995
2026-07-23T15:59:10.312,11.2916,-2.3659,0.0799
2026-07-23T15:59:10.316,11.2916,-2.4443,0.1386
2026-07-23T15:59:10.336,11.324,-2.4247,0.0407
2026-07-23T15:59:10.336,11.324,-2.3072,0.1582
2026-07-23T15:59:10.342,11.324,-2.4247,0.1191
2026-07-23T15:59:10.374,11.3572,-2.5618,0.1582
2026-07-23T15:59:10.375,11.3572,-2.3268,0.0211
2026-07-23T15:59:10.375,11.3572,-2.5813,0.0995
2026-07-23T15:59:10.375,11.4006,-2.4051,0.1582
2026-07-23T15:59:10.408,11.4006,-2.4834,0.0603
2026-07-23T15:59:10.408,11.4006,-2.4247,0.1386
2026-07-23T15:59:10.420,11.4069,-2.4247,0.1191
2026-07-23T15:59:10.420,11.4375,-2.4247,0.0995
2026-07-23T15:59:10.441,11.4421,-2.4247,0.1582
2026-07-23T15:59:10.441,11.4421,-2.4051,0.0603
2026-07-23T15:59:10.458,11.4421,-2.5422,0.0995
2026-07-23T15:59:10.470,11.4708,-2.1701,0.1191
2026-07-23T15:59:10.483,11.4807,-2.503,0.1778
2026-07-23T15:59:10.488,11.4807,-2.3072,0.1386
2026-07-23T15:59:10.499,11.4847,-2.503,0.1582
2026-07-23T15:59:10.508,11.5144,-2.3855,0.2365
2026-07-23T15:59:10.522,11.5144,-2.3268,0.1778
2026-07-23T15:59:10.522,11.5144,-2.3855,0.2561
2026-07-23T15:59:10.536,11.5214,-2.4247,0.2561
2026-07-23T15:59:10.548,11.5422,-2.4051,0.1974
2026-07-23T15:59:10.563,11.5542,-2.4638,0.2365
2026-07-23T15:59:10.565,11.5542,-2.3464,0.2365
2026-07-23T15:59:10.577,11.5734,-2.4834,0.2757
2026-07-23T15:59:10.593,11.5894,-2.2876,0.2561
2026-07-23T15:59:10.593,11.5894,-2.4247,0.217
2026-07-23T15:59:10.608,11.5945,-2.3268,0.2757
2026-07-23T15:59:10.624,11.6212,-2.3268,0.2365
2026-07-23T15:59:10.624,11.6239,-2.2876,0.3344
2026-07-23T15:59:10.624,11.6239,-2.3072,0.2561
2026-07-23T15:59:10.647,11.6239,-2.3072,0.2757
2026-07-23T15:59:10.656,11.6575,-2.3268,0.354
2026-07-23T15:59:10.656,11.6575,-2.1897,0.2953
2026-07-23T15:59:10.675,11.6634,-2.3855,0.3344
2026-07-23T15:59:10.693,11.6906,-2.131,0.3149
2026-07-23T15:59:10.705,11.6906,-2.3072,0.3932
2026-07-23T15:59:10.705,11.6906,-2.1897,0.3736
2026-07-23T15:59:10.714,11.7239,-2.2289,0.2757
2026-07-23T15:59:10.741,11.7239,-2.1897,0.3736
2026-07-23T15:59:10.741,11.7323,-2.1701,0.2757
2026-07-23T15:59:10.741,11.7323,-2.1701,0.354
2026-07-23T15:59:10.752,11.7638,-2.2093,0.3736
2026-07-23T15:59:10.775,11.7638,-2.1114,0.2953
2026-07-23T15:59:10.775,11.7638,-2.2485,0.3344
2026-07-23T15:59:10.783,11.7638,-2.1114,0.4519
2026-07-23T15:59:10.794,11.7951,-2.2093,0.354
2026-07-23T15:59:10.808,11.8043,-1.9547,0.4519
2026-07-23T15:59:10.815,11.8043,-2.131,0.3932
2026-07-23T15:59:10.832,11.8265,-1.9352,0.3932
2026-07-23T15:59:10.846,11.8429,-2.0331,0.3736
2026-07-23T15:59:10.846,11.8429,-2.0331,0.4128
2026-07-23T15:59:10.855,11.8463,-2.0722,0.4715
2026-07-23T15:59:10.869,11.8739,-1.9547,0.3736
2026-07-23T15:59:10.877,11.8739,-2.131,0.4911
2026-07-23T15:59:10.877,11.8739,-1.9547,0.3736
2026-07-23T15:59:10.897,11.8832,-2.1897,0.4323
2026-07-23T15:59:10.909,11.9055,-1.9939,0.3932
2026-07-23T15:59:10.925,11.9216,-2.1701,0.3932
2026-07-23T15:59:10.925,11.9241,-2.0722,0.354
2026-07-23T15:59:10.939,11.9282,-2.0527,0.3149
2026-07-23T15:59:10.956,11.9575,-2.1701,0.3149
2026-07-23T15:59:10.956,11.9575,-2.131,0.3344
2026-07-23T15:59:10.956,11.9617,-2.1506,0.2953
2026-07-23T15:59:10.979,11.9644,-2.1506,0.2561
2026-07-23T15:59:10.988,11.9907,-2.1114,0.2757
2026-07-23T15:59:11.004,11.9907,-2.3072,0.2365
2026-07-23T15:59:11.008,12.0001,-2.0331,0.1582
2026-07-23T15:59:11.015,12.004,-2.3072,0.1386
2026-07-23T15:59:11.026,12.035,-2.1506,0.1974
2026-07-23T15:59:11.041,12.035,-2.2289,0.1778
2026-07-23T15:59:11.051,12.043,-2.1897,0.1191
2026-07-23T15:59:11.055,12.043,-2.268,0.0799
2026-07-23T15:59:11.067,12.064,-2.268,0.1191
2026-07-23T15:59:11.082,12.064,-2.2876,0.1191
2026-07-23T15:59:11.086,12.064,-2.131,0.0016
2026-07-23T15:59:11.098,12.1053,-2.2876,0.0995
2026-07-23T15:59:11.108,12.1053,-2.2093,0.0407
2026-07-23T15:59:11.115,12.1103,-2.3659,0.0799
2026-07-23T15:59:11.129,12.1184,-2.1897,0.0211
2026-07-23T15:59:11.147,12.1431,-2.3268,0.0603
2026-07-23T15:59:11.147,12.1431,-2.2289,-0.018
2026-07-23T15:59:11.156,12.1431,-2.3072,0.0407
2026-07-23T15:59:11.169,12.1572,-2.3072,0.0016
2026-07-23T15:59:11.194,12.1887,-2.3072,0.0603
2026-07-23T15:59:11.194,12.1908,-2.2876,0.0016
2026-07-23T15:59:11.194,12.1908,-2.3855,-0.018
2026-07-23T15:59:11.210,12.2006,-2.1897,-0.0768
2026-07-23T15:59:11.210,12.2242,-2.3855,-0.018
2026-07-23T15:59:11.231,12.2242,-2.268,0.0016
2026-07-23T15:59:11.240,12.2242,-2.3464,-0.0768
2026-07-23T15:59:11.251,12.2359,-2.3464,0.0211
2026-07-23T15:59:11.255,12.265,-2.3268,-0.0963
2026-07-23T15:59:11.272,12.2673,-2.2876,-0.0572
2026-07-23T15:59:11.275,12.2673,-2.3464,-0.0572
2026-07-23T15:59:11.287,12.2716,-2.268,-0.0963
2026-07-23T15:59:11.302,12.301,-2.3268,-0.0768
2026-07-23T15:59:11.308,12.3021,-2.2485,-0.0572
2026-07-23T15:59:11.318,12.3052,-2.4443,-0.0963
2026-07-23T15:59:11.322,12.3314,-2.2289,-0.0768
2026-07-23T15:59:11.341,12.3381,-2.4051,-0.0768
2026-07-23T15:59:11.352,12.3401,-2.3268,-0.018
2026-07-23T15:59:11.360,12.3464,-2.2876,-0.1355
2026-07-23T15:59:11.368,12.3646,-2.3268,-0.0768
2026-07-23T15:59:11.381,12.3646,-2.3659,-0.0572
2026-07-23T15:59:11.389,12.3749,-2.3268,-0.0768
2026-07-23T15:59:11.398,12.3803,-2.4247,-0.0572
2026-07-23T15:59:11.415,12.3936,-2.1897,-0.1355
2026-07-23T15:59:11.415,12.4093,-2.4247,-0.0963
2026-07-23T15:59:11.426,12.4093,-2.2289,-0.1355
2026-07-23T15:59:11.439,12.4434,-2.4247,-0.1355
2026-07-23T15:59:11.444,12.4434,-2.268,-0.0572
2026-07-23T15:59:11.460,12.4434,-2.2876,-0.0963
2026-07-23T15:59:11.460,12.4434,-2.3464,-0.1159
2026-07-23T15:59:11.481,12.4813,-2.2485,-0.1159
2026-07-23T15:59:11.481,12.4813,-2.2876,-0.1747
2026-07-23T15:59:11.494,12.4878,-2.2876,-0.1747
2026-07-23T15:59:11.508,12.4908,-2.1506,-0.0768
2026-07-23T15:59:11.508,12.5135,-2.3072,-0.1355
2026-07-23T15:59:11.532,12.5223,-2.1114,-0.0963
2026-07-23T15:59:11.539,12.5239,-2.3464,-0.1551
2026-07-23T15:59:11.552,12.5508,-2.1506,-0.1159
2026-07-23T15:59:11.564,12.5551,-2.1897,-0.1551
2026-07-23T15:59:11.575,12.5576,-2.0722,-0.1159
2026-07-23T15:59:11.575,12.5576,-2.1701,-0.1355
2026-07-23T15:59:11.588,12.5905,-2.0918,-0.1942
2026-07-23T15:59:11.594,12.5936,-2.131,-0.2138
2026-07-23T15:59:11.606,12.5969,-2.0331,-0.1747
2026-07-23T15:59:11.618,12.6227,-2.1506,-0.1747
2026-07-23T15:59:11.636,12.6263,-1.8764,-0.1551
2026-07-23T15:59:11.641,12.6263,-2.131,-0.1942
2026-07-23T15:59:11.651,12.632,-1.9743,-0.2138
2026-07-23T15:59:11.665,12.6574,-2.0722,-0.1942
2026-07-23T15:59:11.665,12.6574,-1.9939,-0.1551
2026-07-23T15:59:11.677,12.6616,-1.9939,-0.2138
2026-07-23T15:59:11.694,12.6906,-1.9547,-0.1159
2026-07-23T15:59:11.697,12.6933,-2.0135,-0.1551
2026-07-23T15:59:11.708,12.6933,-1.9156,-0.2138
2026-07-23T15:59:11.712,12.6996,-2.131,-0.1747
2026-07-23T15:59:11.731,12.731,-1.8764,-0.1942
2026-07-23T15:59:11.731,12.733,-2.0331,-0.2138
2026-07-23T15:59:11.750,12.7384,-1.8764,-0.2334
2026-07-23T15:59:11.760,12.7658,-2.0331,-0.2138
2026-07-23T15:59:11.775,12.7703,-1.8373,-0.1747
2026-07-23T15:59:11.789,12.7734,-1.9156,-0.253
2026-07-23T15:59:11.789,12.7734,-1.896,-0.2138
2026-07-23T15:59:11.808,12.7905,-1.9547,-0.1159
2026-07-23T15:59:11.808,12.8055,-1.8373,-0.2726
2026-07-23T15:59:11.821,12.8055,-1.8764,-0.2334
2026-07-23T15:59:11.824,12.8055,-1.7198,-0.2921
2026-07-23T15:59:11.841,12.8391,-1.9156,-0.1551
2026-07-23T15:59:11.841,12.8434,-1.661,-0.2334
2026-07-23T15:59:11.856,12.8473,-1.8373,-0.2726
2026-07-23T15:59:11.872,12.8679,-1.661,0.0603
2026-07-23T15:59:11.875,12.8679,-1.6806,-0.2726
2026-07-23T15:59:11.890,12.8679,-1.6219,-0.1942
2026-07-23T15:59:11.898,12.883,-1.6219,-0.2726
2026-07-23T15:59:11.908,12.9026,-1.6023,-0.253
2026-07-23T15:59:11.919,12.9026,-1.661,-0.2138
2026-07-23T15:59:11.919,12.9154,-1.4261,-0.2921
2026-07-23T15:59:11.935,12.9315,-1.6023,-0.2726
2026-07-23T15:59:11.947,12.9437,-1.4065,-0.3313
2026-07-23T15:59:11.953,12.9519,-1.4261,-0.39
2026-07-23T15:59:11.971,12.955,-1.3282,-0.3705
2026-07-23T15:59:11.982,12.9847,-1.4456,-0.4488
2026-07-23T15:59:11.982,12.9847,-1.3477,-0.4488
2026-07-23T15:59:12.003,12.9927,-1.3282,-0.4488
2026-07-23T15:59:12.008,12.9945,-1.2694,-0.4292
2026-07-23T15:59:12.023,13.0241,-1.289,-0.3705
2026-07-23T15:59:12.035,13.0276,-1.2107,-0.5271
2026-07-23T15:59:12.035,13.0276,-1.3477,-0.488
2026-07-23T15:59:12.050,13.0276,-1.0736,-0.5271
2026-07-23T15:59:12.057,13.0573,-1.3282,-0.5467
2026-07-23T15:59:12.077,13.0573,-1.1324,-0.4096
2026-07-23T15:59:12.078,13.0656,-1.289,-0.5271
2026-07-23T15:59:12.078,13.0907,-1.1715,-0.488
2026-07-23T15:59:12.095,13.0974,-1.2498,-0.5467
2026-07-23T15:59:12.108,13.1011,-1.1519,-0.5467
2026-07-23T15:59:12.116,13.1047,-1.2107,-0.488
2026-07-23T15:59:12.125,13.1246,-1.1715,-0.5075
2026-07-23T15:59:12.139,13.1246,-1.3086,-0.4096
2026-07-23T15:59:12.152,13.1365,-1.1128,-0.5075
2026-07-23T15:59:12.156,13.1574,-1.2498,-0.4684
2026-07-23T15:59:12.171,13.1679,-0.9953,-0.4096
2026-07-23T15:59:12.175,13.1679,-1.2694,-0.488
2026-07-23T15:59:12.187,13.1679,-1.1715,-0.4096
2026-07-23T15:59:12.203,13.1996,-1.1911,-0.4488
2026-07-23T15:59:12.208,13.2055,-1.1911,-0.39
2026-07-23T15:59:12.219,13.2082,-1.1911,-0.4684
2026-07-23T15:59:12.232,13.2311,-1.2107,-0.4292
2026-07-23T15:59:12.242,13.2411,-1.2498,-0.39
2026-07-23T15:59:12.250,13.2444,-1.0736,-0.4096
2026-07-23T15:59:12.261,13.2472,-1.2694,-0.3705
2026-07-23T15:59:12.266,13.2644,-1.0736,-0.4096
2026-07-23T15:59:12.282,13.273,-1.3086,-0.39
2026-07-23T15:59:12.292,13.279,-1.1324,-0.3117
2026-07-23T15:59:12.298,13.279,-1.2107,-0.3509
2026-07-23T15:59:12.315,13.3061,-1.1519,-0.39
2026-07-23T15:59:12.315,13.3103,-1.0932,-0.3117
2026-07-23T15:59:12.330,13.3103,-1.1911,-0.2726
2026-07-23T15:59:12.341,13.343,-1.1911,-0.2921
2026-07-23T15:59:12.346,13.348,-1.1128,-0.253
2026-07-23T15:59:12.361,13.348,-1.1911,-0.1355
2026-07-23T15:59:12.361,13.3559,-0.9953,-0.2726
2026-07-23T15:59:12.379,13.3824,-1.0932,-0.2334
2026-07-23T15:59:12.379,13.3843,-0.9365,-0.1747
2026-07-23T15:59:12.399,13.3892,-1.2107,-0.2921
2026-07-23T15:59:12.409,13.3908,-1.0345,-0.1942
2026-07-23T15:59:12.424,13.4203,-1.0736,-0.2138
2026-07-23T15:59:12.432,13.4259,-1.1128,-0.2334
2026-07-23T15:59:12.440,13.4312,-1.054,-0.2138
2026-07-23T15:59:12.455,13.4574,-1.0345,-0.2138
2026-07-23T15:59:12.455,13.4574,-1.1519,-0.1942
2026-07-23T15:59:12.455,13.4649,-0.9365,-0.2726
2026-07-23T15:59:12.482,13.4675,-1.0932,-0.253
2026-07-23T15:59:12.487,13.4675,-0.9365,-0.253
2026-07-23T15:59:12.502,13.4994,-1.1911,-0.2921
2026-07-23T15:59:12.508,13.5042,-1.0345,-0.2334
2026-07-23T15:59:12.518,13.5106,-1.054,-0.2726
2026-07-23T15:59:12.534,13.5303,-1.0149,-0.3509
2026-07-23T15:59:12.542,13.5303,-0.9757,-0.1942
2026-07-23T15:59:12.550,13.5445,-1.0736,-0.2138
2026-07-23T15:59:12.561,13.5462,-1.1715,-0.2334
2026-07-23T15:59:12.575,13.5619,-0.9561,-0.3117
2026-07-23T15:59:12.581,13.5619,-1.1324,-0.2334
2026-07-23T15:59:12.595,13.5779,-0.8778,-0.2726
2026-07-23T15:59:12.597,13.5779,-1.0932,-0.3313
2026-07-23T15:59:12.613,13.6096,-0.9561,-0.2334
2026-07-23T15:59:12.613,13.6096,-1.0345,-0.3705
2026-07-23T15:59:12.629,13.6096,-0.9561,-0.2726
2026-07-23T15:59:12.644,13.6415,-0.8582,-0.2138
2026-07-23T15:59:12.649,13.6447,-0.917,-0.2726
2026-07-23T15:59:12.660,13.6447,-0.8974,-0.2334
2026-07-23T15:59:12.660,13.6447,-0.8582,-0.3117
2026-07-23T15:59:12.677,13.6801,-0.9757,-0.253
2026-07-23T15:59:12.677,13.6816,-0.7799,-0.253
2026-07-23T15:59:12.696,13.6854,-0.9757,-0.2138
2026-07-23T15:59:12.713,13.7043,-0.7995,-0.1942
2026-07-23T15:59:12.724,13.7153,-0.8778,-0.2726
2026-07-23T15:59:12.731,13.7176,-0.7799,-0.1942
2026-07-23T15:59:12.736,13.7196,-0.8582,-0.253
2026-07-23T15:59:12.755,13.7451,-0.7603,-0.2138
2026-07-23T15:59:12.764,13.7509,-0.7995,-0.2138
2026-07-23T15:59:12.770,13.756,-0.8191,-0.1159
2026-07-23T15:59:12.778,13.7667,-0.8386,-0.1551
2026-07-23T15:59:12.788,13.7844,-0.6428,-0.253
2026-07-23T15:59:12.807,13.7888,-0.8974,-0.1942
2026-07-23T15:59:12.816,13.8138,-0.682,-0.1747
2026-07-23T15:59:12.817,13.8189,-0.8778,-0.2334
2026-07-23T15:59:12.817,13.8189,-0.7995,-0.1747
2026-07-23T15:59:12.842,13.827,-0.8582,-0.2726
2026-07-23T15:59:12.849,13.8483,-0.7799,-0.2334
2026-07-23T15:59:12.857,13.8483,-0.7799,-0.2138
2026-07-23T15:59:12.870,13.8566,-0.7799,-0.1942
2026-07-23T15:59:12.880,13.8814,-0.7995,-0.1747
2026-07-23T15:59:12.896,13.8862,-0.6233,-0.2138
2026-07-23T15:59:12.899,13.8901,-0.917,-0.1159
2026-07-23T15:59:12.910,13.8957,-0.6428,-0.1747
2026-07-23T15:59:12.912,13.9191,-0.8778,-0.1942
2026-07-23T15:59:12.928,13.9217,-0.7016,-0.1747
2026-07-23T15:59:12.937,13.9276,-0.7603,-0.253
2026-07-23T15:59:12.947,13.9452,-0.7212,-0.1942
2026-07-23T15:59:12.959,13.9572,-0.7603,-0.1747
2026-07-23T15:59:12.972,13.9592,-0.7407,-0.1942
2026-07-23T15:59:12.983,13.9592,-0.7799,-0.1942
2026-07-23T15:59:12.996,13.9909,-0.7016,-0.2138
2026-07-23T15:59:12.996,13.9909,-0.8582,-0.1355
2026-07-23T15:59:13.010,13.9969,-0.6624,-0.2138
2026-07-23T15:59:13.028,14.0309,-0.8191,-0.1942
2026-07-23T15:59:13.028,14.0309,-0.6624,-0.0963
2026-07-23T15:59:13.042,14.0351,-0.8191,-0.1747
2026-07-23T15:59:13.048,14.0406,-0.7407,-0.1355
2026-07-23T15:59:13.062,14.0699,-0.7407,-0.1355
2026-07-23T15:59:13.075,14.072,-0.7407,-0.1747
2026-07-23T15:59:13.086,14.0751,-0.7016,-0.1551
2026-07-23T15:59:13.091,14.0762,-0.7407,-0.1355
2026-07-23T15:59:13.102,14.1042,-0.7016,-0.1747
2026-07-23T15:59:13.108,14.1042,-0.6233,-0.1747
2026-07-23T15:59:13.122,14.1138,-0.7407,-0.0572
2026-07-23T15:59:13.127,14.1164,-0.5841,-0.1355
2026-07-23T15:59:13.138,14.1443,-0.8386,-0.1551
2026-07-23T15:59:13.150,14.1488,-0.5841,0.0016
2026-07-23T15:59:13.167,14.1515,-0.6624,-0.1355
2026-07-23T15:59:13.167,14.1551,-0.6037,-0.1159
2026-07-23T15:59:13.180,14.179,-0.5841,-0.1355
2026-07-23T15:59:13.180,14.1819,-0.6233,-0.1942
2026-07-23T15:59:13.200,14.186,-0.682,-0.0963
2026-07-23T15:59:13.214,14.2142,-0.447,-0.1551
2026-07-23T15:59:13.214,14.2142,-0.7016,-0.0963
2026-07-23T15:59:13.230,14.2142,-0.5645,-0.1551
2026-07-23T15:59:13.241,14.2212,-0.7016,-0.1355
2026-07-23T15:59:13.251,14.2455,-0.5254,-0.0963
2026-07-23T15:59:13.259,14.2538,-0.6233,-0.1551
2026-07-23T15:59:13.272,14.2566,-0.5645,0.0211
2026-07-23T15:59:13.285,14.2882,-0.6037,-0.0768
2026-07-23T15:59:13.296,14.2882,-0.5254,-0.1159
2026-07-23T15:59:13.296,14.2882,-0.5449,0.0016
2026-07-23T15:59:13.310,14.2948,-0.5254,-0.0963
2026-07-23T15:59:13.323,14.3262,-0.7212,-0.0376
2026-07-23T15:59:13.323,14.3292,-0.4862,-0.0963
2026-07-23T15:59:13.339,14.3328,-0.6428,-0.1159
2026-07-23T15:59:13.350,14.3359,-0.4666,-0.0572
2026-07-23T15:59:13.358,14.3641,-0.5449,-0.0768
2026-07-23T15:59:13.358,14.3667,-0.447,-0.018
2026-07-23T15:59:13.384,14.3692,-0.5449,-0.0376
2026-07-23T15:59:13.387,14.375,-0.4862,0.0211
2026-07-23T15:59:13.408,14.3995,-0.5449,0.0603
2026-07-23T15:59:13.415,14.3995,-0.4862,-0.018
2026-07-23T15:59:13.420,14.4066,-0.5841,0.0603
2026-07-23T15:59:13.434,14.4322,-0.3687,0.0799
2026-07-23T15:59:13.441,14.4322,-0.4274,0.0995
2026-07-23T15:59:13.450,14.4322,-0.3295,0.1386
2026-07-23T15:59:13.457,14.4417,-0.6037,0.1386
2026-07-23T15:59:13.482,14.4697,-0.4079,0.1778
2026-07-23T15:59:13.482,14.4697,-0.4079,0.0995
2026-07-23T15:59:13.492,14.4775,-0.447,0.1582
2026-07-23T15:59:13.499,14.4822,-0.4666,0.1582
2026-07-23T15:59:13.512,14.4933,-0.3883,0.1386
2026-07-23T15:59:13.521,14.5089,-0.5254,0.1974
2026-07-23T15:59:13.528,14.5157,-0.3883,0.1191
2026-07-23T15:59:13.542,14.5398,-0.5645,0.0995
2026-07-23T15:59:13.544,14.5398,-0.3883,0.1191
2026-07-23T15:59:13.560,14.546,-0.5841,0.1191
2026-07-23T15:59:13.570,14.546,-0.4274,0.1974
2026-07-23T15:59:13.591,14.5712,-0.5645,0.0603
2026-07-23T15:59:13.591,14.5712,-0.5254,0.1974
2026-07-23T15:59:13.597,14.591,-0.4666,0.0211
2026-07-23T15:59:13.608,14.6031,-0.5645,0.0016
2026-07-23T15:59:13.608,14.6184,-0.5058,0.1386
2026-07-23T15:59:13.622,14.6184,-0.5645,0.0603
2026-07-23T15:59:13.644,14.624,-0.6037,0.0799
2026-07-23T15:59:13.650,14.6501,-0.4862,0.0211
2026-07-23T15:59:13.654,14.6501,-0.682,0.0603
2026-07-23T15:59:13.669,14.6501,-0.5449,0.0799
2026-07-23T15:59:13.681,14.6827,-0.6233,0.0407
2026-07-23T15:59:13.697,14.6885,-0.6037,0.0799
2026-07-23T15:59:13.701,14.691,-0.6428,0.0211
2026-07-23T15:59:13.709,14.691,-0.682,0.0603
2026-07-23T15:59:13.717,14.714,-0.682,0.0799
2026-07-23T15:59:13.734,14.7275,-0.682,0.0603
2026-07-23T15:59:13.742,14.7307,-0.7407,0.0603
2026-07-23T15:59:13.748,14.7349,-0.5645,0.0211
2026-07-23T15:59:13.765,14.7609,-0.7995,0.0211
2026-07-23T15:59:13.765,14.7609,-0.6624,-0.018
2026-07-23T15:59:13.781,14.766,-0.8191,0.0016
2026-07-23T15:59:13.797,14.7909,-0.7799,0.0995
2026-07-23T15:59:13.797,14.7909,-0.7995,0.0407
2026-07-23T15:59:13.812,14.7973,-0.8191,0.0799
2026-07-23T15:59:13.817,14.7973,-0.8386,0.0407
2026-07-23T15:59:13.842,14.8309,-0.7799,0.1582
2026-07-23T15:59:13.842,14.8309,-0.7799,0.0995
2026-07-23T15:59:13.848,14.8309,-0.7799,0.0799
2026-07-23T15:59:13.858,14.8649,-0.8778,0.1582
2026-07-23T15:59:13.873,14.8649,-0.7016,0.1191
2026-07-23T15:59:13.882,14.8696,-0.8582,0.0995
2026-07-23T15:59:13.889,14.8696,-0.7016,0.0799
2026-07-23T15:59:13.908,14.8911,-0.8582,0.0799
2026-07-23T15:59:13.908,14.8911,-0.7603,0.1386
2026-07-23T15:59:13.920,14.9072,-0.7995,0.0407
2026-07-23T15:59:13.920,14.9346,-0.7603,0.1386
2026-07-23T15:59:13.942,14.9425,-0.7603,0.0799
2026-07-23T15:59:13.942,14.9425,-0.8386,0.0407
2026-07-23T15:59:13.964,14.9486,-0.8582,0.1386
2026-07-23T15:59:13.968,14.9745,-0.6428,0.0603
2026-07-23T15:59:13.984,14.9786,-0.8974,0.0407
2026-07-23T15:59:13.993,14.9823,-0.7016,0.1191
2026-07-23T15:59:13.999,14.9823,-0.8191,0.0995
2026-07-23T15:59:14.015,15.0163,-0.7407,0.0995
2026-07-23T15:59:14.015,15.0211,-0.7799,0.1191
2026-07-23T15:59:14.033,15.0262,-0.7212,0.0995
2026-07-23T15:59:14.033,15.033,-0.682,0.1386
2026-07-23T15:59:14.047,15.0578,-0.7799,-0.0768
2026-07-23T15:59:14.063,15.0596,-0.7212,0.1778
2026-07-23T15:59:14.072,15.0596,-0.7016,0.1191
2026-07-23T15:59:14.084,15.0699,-0.7016,0.1778
2026-07-23T15:59:14.097,15.0941,-0.5645,0.0995
2026-07-23T15:59:14.097,15.0941,-0.6428,0.1778
2026-07-23T15:59:14.110,15.0995,-0.4862,0.217
2026-07-23T15:59:14.121,15.1066,-0.5841,0.1582
2026-07-23T15:59:14.126,15.1317,-0.5058,0.2365
2026-07-23T15:59:14.142,15.1379,-0.4274,0.1974
2026-07-23T15:59:14.150,15.1379,-0.4862,0.2757
2026-07-23T15:59:14.159,15.1432,-0.4274,0.2953
2026-07-23T15:59:14.175,15.1717,-0.3883,0.2365
2026-07-23T15:59:14.183,15.1717,-0.4862,0.3344
2026-07-23T15:59:14.194,15.1832,-0.3883,0.3149
2026-07-23T15:59:14.205,15.2011,-0.5058,0.3932
2026-07-23T15:59:14.208,15.2011,-0.2708,0.3344
2026-07-23T15:59:14.223,15.2161,-0.4862,0.354
2026-07-23T15:59:14.234,15.2186,-0.3687,0.3932
2026-07-23T15:59:14.242,15.2493,-0.3295,0.3932
2026-07-23T15:59:14.252,15.2493,-0.4274,0.4323
2026-07-23T15:59:14.252,15.2578,-0.4274,0.4715
2026-07-23T15:59:14.272,15.265,-0.4274,0.3736
2026-07-23T15:59:14.279,15.2908,-0.447,0.5498
2026-07-23T15:59:14.286,15.2928,-0.4079,0.4128
2026-07-23T15:59:14.300,15.2967,-0.3491,0.4323
2026-07-23T15:59:14.316,15.3008,-0.2904,0.4323
2026-07-23T15:59:14.317,15.3044,-0.3883,0.5498
2026-07-23T15:59:14.331,15.3324,-0.2708,0.4715
2026-07-23T15:59:14.348,15.3324,-0.4274,0.4519
2026-07-23T15:59:14.355,15.3324,-0.3883,0.5498
2026-07-23T15:59:14.363,15.364,-0.3295,0.5107
2026-07-23T15:59:14.375,15.3693,-0.4274,0.4911
2026-07-23T15:59:14.383,15.3713,-0.3295,0.5302
2026-07-23T15:59:14.383,15.3762,-0.447,0.4715
2026-07-23T15:59:14.400,15.396,-0.4666,0.5107
2026-07-23T15:59:14.408,15.4076,-0.31,0.4715
2026-07-23T15:59:14.427,15.419,-0.5449,0.4323
2026-07-23T15:59:14.430,15.4214,-0.3883,0.5107
2026-07-23T15:59:14.447,15.4486,-0.5645,0.4715
2026-07-23T15:59:14.447,15.4486,-0.4666,0.5498
2026-07-23T15:59:14.470,15.4549,-0.3295,0.4323
2026-07-23T15:59:14.472,15.4576,-0.4274,0.5694
2026-07-23T15:59:14.475,15.4804,-0.4274,0.5302
2026-07-23T15:59:14.490,15.4804,-0.4862,0.5694
2026-07-23T15:59:14.499,15.4864,-0.447,0.5694
2026-07-23T15:59:14.508,15.5022,-0.3687,0.5302
2026-07-23T15:59:14.508,15.5183,-0.4862,0.6282
2026-07-23T15:59:14.531,15.5243,-0.2708,0.5694
2026-07-23T15:59:14.542,15.5315,-0.4079,0.5302
2026-07-23T15:59:14.553,15.5583,-0.3295,0.5498
2026-07-23T15:59:14.553,15.5583,-0.3883,0.589
2026-07-23T15:59:14.569,15.5676,-0.4079,0.5694
2026-07-23T15:59:14.585,15.5676,-0.3687,0.5302
2026-07-23T15:59:14.600,15.5909,-0.3295,0.589
2026-07-23T15:59:14.600,15.597,-0.31,0.5694
2026-07-23T15:59:14.618,15.597,-0.3295,0.5302
2026-07-23T15:59:14.618,15.6003,-0.4079,0.589
2026-07-23T15:59:14.632,15.6287,-0.3491,0.5498
2026-07-23T15:59:14.642,15.6332,-0.447,0.5302
2026-07-23T15:59:14.651,15.6332,-0.3295,0.5302
2026-07-23T15:59:14.663,15.66,-0.5058,0.4715
2026-07-23T15:59:14.667,15.66,-0.3687,0.5498
2026-07-23T15:59:14.684,15.6713,-0.4079,0.4911
2026-07-23T15:59:14.684,15.6758,-0.3883,0.5694
2026-07-23T15:59:14.697,15.6976,-0.31,0.5498
2026-07-23T15:59:14.711,15.6976,-0.3687,0.5107
2026-07-23T15:59:14.722,15.6976,-0.31,0.5302
2026-07-23T15:59:14.736,15.7335,-0.2121,0.4911
2026-07-23T15:59:14.742,15.7387,-0.3295,0.4715
2026-07-23T15:59:14.748,15.7422,-0.2121,0.589
2026-07-23T15:59:14.762,15.7467,-0.2904,0.5302
2026-07-23T15:59:14.774,15.7722,-0.2512,0.5694
2026-07-23T15:59:14.776,15.7779,-0.2904,0.5107
2026-07-23T15:59:14.790,15.7846,-0.2708,0.4911
2026-07-23T15:59:14.797,15.7864,-0.2121,0.5107
2026-07-23T15:59:14.808,15.8087,-0.3491,0.5302
2026-07-23T15:59:14.823,15.8182,-0.31,0.5694
2026-07-23T15:59:14.835,15.8213,-0.2708,0.4715
2026-07-23T15:59:14.844,15.8243,-0.3491,0.5498
2026-07-23T15:59:14.853,15.8506,-0.2121,0.5107
2026-07-23T15:59:14.860,15.8506,-0.3295,0.5107
2026-07-23T15:59:14.872,15.8598,-0.1533,0.5107
2026-07-23T15:59:14.878,15.8814,-0.3687,0.4519
2026-07-23T15:59:14.898,15.8814,-0.3295,0.5498
2026-07-23T15:59:14.901,15.8974,-0.2121,0.4715
2026-07-23T15:59:14.911,15.8974,-0.1142,0.5107
2026-07-23T15:59:14.916,15.9282,-0.2316,0.4911
2026-07-23T15:59:14.932,15.9326,-0.31,0.4519
2026-07-23T15:59:14.932,15.9341,-0.2121,0.5107
2026-07-23T15:59:14.948,15.9341,-0.2121,0.4715
2026-07-23T15:59:14.964,15.9606,-0.2708,0.4323
2026-07-23T15:59:14.964,15.9715,-0.2121,0.4911
2026-07-23T15:59:14.985,15.9735,-0.1337,0.4715
2026-07-23T15:59:14.993,15.9777,-0.1533,0.5302
2026-07-23T15:59:15.011,15.9909,-0.1729,0.5302
2026-07-23T15:59:15.011,15.9909,-0.2121,0.5107
2026-07-23T15:59:15.011,16.0069,-0.1533,0.4715
2026-07-23T15:59:15.028,16.0146,-0.2512,0.4911
2026-07-23T15:59:15.028,16.0382,-0.1533,0.589
2026-07-23T15:59:15.042,16.0492,-0.1533,0.4519
2026-07-23T15:59:15.065,16.0564,-0.1925,0.4911
2026-07-23T15:59:15.070,16.0699,-0.0554,0.4911
2026-07-23T15:59:15.089,16.0858,-0.1729,0.4323
2026-07-23T15:59:15.089,16.0858,0.0229,0.5498
2026-07-23T15:59:15.100,16.091,-0.1142,0.5694
2026-07-23T15:59:15.107,16.091,-0.0946,0.5498
2026-07-23T15:59:15.121,16.1208,0.0229,0.4519
2026-07-23T15:59:15.121,16.1234,0.0033,0.5302
2026-07-23T15:59:15.142,16.1244,0.0425,0.5107
2026-07-23T15:59:15.142,16.1491,-0.0163,0.5107
2026-07-23T15:59:15.156,16.1578,0.0033,0.5694
2026-07-23T15:59:15.174,16.164,0.0621,0.5302
2026-07-23T15:59:15.184,16.165,0.0229,0.6086
2026-07-23T15:59:15.186,16.1909,0.0817,0.4911
2026-07-23T15:59:15.200,16.1983,0.0229,0.4911
2026-07-23T15:59:15.216,16.1983,0.0817,0.5694
2026-07-23T15:59:15.220,16.2055,0.0425,0.5498
2026-07-23T15:59:15.235,16.2281,0.0425,0.6477
2026-07-23T15:59:15.242,16.2351,0.1208,0.6282
2026-07-23T15:59:15.249,16.2351,0.0621,0.5694
2026-07-23T15:59:15.263,16.2676,0.1404,0.6477
2026-07-23T15:59:15.263,16.2758,0.1404,0.7065
2026-07-23T15:59:15.286,16.2818,0.1012,0.6282
2026-07-23T15:59:15.286,16.2859,0.1991,0.589
2026-07-23T15:59:15.304,16.309,0.0817,0.5694
2026-07-23T15:59:15.311,16.3146,0.2187,0.6869
2026-07-23T15:59:15.318,16.3146,0.16,0.5498
2026-07-23T15:59:15.337,16.3242,0.1796,0.6673
2026-07-23T15:59:15.346,16.3475,0.16,0.5694
2026-07-23T15:59:15.358,16.3507,0.1796,0.589
2026-07-23T15:59:15.363,16.3538,0.1796,0.6673
2026-07-23T15:59:15.375,16.3577,0.1796,0.6477
2026-07-23T15:59:15.383,16.3807,0.1404,0.6869
2026-07-23T15:59:15.389,16.3855,0.2579,0.6282
2026-07-23T15:59:15.402,16.3855,0.1991,0.6282
2026-07-23T15:59:15.409,16.4105,0.3362,0.7456
2026-07-23T15:59:15.420,16.4172,0.2579,0.6869
2026-07-23T15:59:15.431,16.4199,0.2579,0.7065
2026-07-23T15:59:15.436,16.4243,0.2383,0.7065
2026-07-23T15:59:15.454,16.4476,0.1796,0.6477
2026-07-23T15:59:15.468,16.4541,0.2383,0.6869
2026-07-23T15:59:15.471,16.4579,0.1991,0.7456
2026-07-23T15:59:15.487,16.4793,0.3166,0.7456
2026-07-23T15:59:15.487,16.4908,0.2579,0.6673
2026-07-23T15:59:15.505,16.495,0.2383,0.7652
2026-07-23T15:59:15.514,16.495,0.2579,0.7456
2026-07-23T15:59:15.530,16.5265,0.1991,0.7065
2026-07-23T15:59:15.530,16.5285,0.297,0.7848
2026-07-23T15:59:15.546,16.5285,0.2775,0.7456
2026-07-23T15:59:15.546,16.5363,0.3166,0.824
2026-07-23T15:59:15.562,16.5594,0.3754,0.7848
2026-07-23T15:59:15.568,16.5664,0.3949,0.8827
2026-07-23T15:59:15.579,16.57,0.4145,0.8435
2026-07-23T15:59:15.587,16.5973,0.3362,0.7652
2026-07-23T15:59:15.598,16.6014,0.3166,0.824
2026-07-23T15:59:15.610,16.6071,0.4145,0.7848
2026-07-23T15:59:15.621,16.6071,0.3362,0.8631
2026-07-23T15:59:15.642,16.6367,0.4145,0.8435
2026-07-23T15:59:15.642,16.643,0.3754,0.8827
2026-07-23T15:59:15.652,16.643,0.3754,1.0002
2026-07-23T15:59:15.658,16.6478,0.4928,0.9414
2026-07-23T15:59:15.675,16.6682,0.3949,0.9414
2026-07-23T15:59:15.675,16.677,0.5908,0.9414
2026-07-23T15:59:15.688,16.677,0.3754,0.9219
2026-07-23T15:59:15.699,16.7063,0.4733,1.0002
2026-07-23T15:59:15.719,16.7116,0.4341,1.0198
2026-07-23T15:59:15.719,16.7116,0.3558,1.0002
2026-07-23T15:59:15.728,16.7157,0.4341,0.961
2026-07-23T15:59:15.751,16.7485,0.4145,0.9806
2026-07-23T15:59:15.751,16.7485,0.4341,1.0393
2026-07-23T15:59:15.767,16.7485,0.4537,0.9806
2026-07-23T15:59:15.771,16.7575,0.3754,1.0589
2026-07-23T15:59:15.788,16.7821,0.4928,1.0002
2026-07-23T15:59:15.788,16.7821,0.3362,1.0393
2026-07-23T15:59:15.799,16.7821,0.5712,1.0393
2026-07-23T15:59:15.808,16.7821,0.4145,1.0002
2026-07-23T15:59:15.819,16.8109,0.4928,1.0981
2026-07-23T15:59:15.833,16.8109,0.4733,1.0589
2026-07-23T15:59:15.842,16.8425,0.4145,1.0785
2026-07-23T15:59:15.848,16.8481,0.4733,1.1177
2026-07-23T15:59:15.862,16.8513,0.4145,1.0981
2026-07-23T15:59:15.875,16.8576,0.4733,1.1764
2026-07-23T15:59:15.893,16.8742,0.5516,1.1568
2026-07-23T15:59:15.893,16.8742,0.4928,1.196
2026-07-23T15:59:15.902,16.8902,0.5712,1.1373
2026-07-23T15:59:15.925,16.9062,0.4145,1.1373
2026-07-23T15:59:15.925,16.9218,0.4928,1.1764
2026-07-23T15:59:15.925,16.9245,0.4537,1.1764
2026-07-23T15:59:15.941,16.9265,0.4733,1.196
2026-07-23T15:59:15.952,16.9532,0.5124,1.1764
2026-07-23T15:59:15.957,16.9577,0.4928,1.1568
2026-07-23T15:59:15.973,16.9654,0.5124,1.2156
2026-07-23T15:59:15.977,16.9847,0.4537,1.1764
2026-07-23T15:59:15.999,16.9908,0.4733,1.2352
2026-07-23T15:59:16.008,16.9908,0.5712,1.2547
2026-07-23T15:59:16.016,17.0003,0.4145,1.2156
2026-07-23T15:59:16.035,17.0244,0.5908,1.2547
2026-07-23T15:59:16.035,17.0244,0.4341,1.196
2026-07-23T15:59:16.042,17.0322,0.5124,1.2352
2026-07-23T15:59:16.051,17.0381,0.5516,1.2352
2026-07-23T15:59:16.071,17.0621,0.4928,1.2547
2026-07-23T15:59:16.071,17.0646,0.5124,1.2939
2026-07-23T15:59:16.075,17.0646,0.4733,1.2352
2026-07-23T15:59:16.089,17.0646,0.4733,1.2939
2026-07-23T15:59:16.099,17.0965,0.5712,1.2743
2026-07-23T15:59:16.115,17.0965,0.4928,1.3135
2026-07-23T15:59:16.115,17.1046,0.6495,1.2352
2026-07-23T15:59:16.131,17.1278,0.4928,1.3135
2026-07-23T15:59:16.142,17.1278,0.5712,1.3722
2026-07-23T15:59:16.153,17.1386,0.5124,1.2547
2026-07-23T15:59:16.163,17.1595,0.4928,1.3526
2026-07-23T15:59:16.175,17.1595,0.5908,1.3331
2026-07-23T15:59:16.179,17.1595,0.5712,1.2743
2026-07-23T15:59:16.189,17.1595,0.5908,1.3135
2026-07-23T15:59:16.199,17.2016,0.532,1.3722
2026-07-23T15:59:16.210,17.2039,0.4928,1.3918
2026-07-23T15:59:16.210,17.2088,0.5908,1.3722
2026-07-23T15:59:16.236,17.2389,0.4537,1.3331
2026-07-23T15:59:16.246,17.2389,0.6691,1.3135
2026-07-23T15:59:16.252,17.2389,0.5124,1.3526
2026-07-23T15:59:16.262,17.2489,0.5908,1.3526
2026-07-23T15:59:16.273,17.2696,0.6299,1.3331
2026-07-23T15:59:16.278,17.2696,0.5908,1.3526
2026-07-23T15:59:16.290,17.2873,0.6691,1.3526
2026-07-23T15:59:16.300,17.2873,0.5712,1.3526
2026-07-23T15:59:16.320,17.3104,0.6103,1.3526
2026-07-23T15:59:16.320,17.3104,0.7474,1.3526
2026-07-23T15:59:16.338,17.3104,0.5712,1.3918
2026-07-23T15:59:16.342,17.3393,0.7082,1.4701
2026-07-23T15:59:16.352,17.3393,0.5712,1.3918
2026-07-23T15:59:16.361,17.3475,0.6691,1.431
2026-07-23T15:59:16.370,17.3521,0.6495,1.3722
2026-07-23T15:59:16.384,17.3647,0.6299,1.4505
2026-07-23T15:59:16.390,17.3825,0.6887,1.4505
2026-07-23T15:59:16.403,17.3873,0.6103,1.3722
2026-07-23T15:59:16.408,17.4125,0.6887,1.4897
2026-07-23T15:59:16.415,17.4173,0.7082,1.4897
2026-07-23T15:59:16.438,17.4173,0.5908,1.4701
2026-07-23T15:59:16.438,17.4243,0.7278,1.4897
2026-07-23T15:59:16.448,17.4514,0.6103,1.5289
2026-07-23T15:59:16.463,17.4514,0.8061,1.5093
2026-07-23T15:59:16.475,17.4601,0.6103,1.5289
2026-07-23T15:59:16.479,17.4883,0.7278,1.5876
2026-07-23T15:59:16.495,17.4919,0.6887,1.6072
2026-07-23T15:59:16.502,17.4919,0.7082,1.5876
2026-07-23T15:59:16.514,17.4919,0.7474,1.5876
2026-07-23T15:59:16.514,17.5243,0.7866,1.6072
2026-07-23T15:59:16.528,17.5294,0.7082,1.7051
2026-07-23T15:59:16.543,17.5294,0.8061,1.6464
2026-07-23T15:59:16.543,17.539,0.6299,1.6855
2026-07-23T15:59:16.558,17.5634,0.8061,1.6072
2026-07-23T15:59:16.574,17.5634,0.6495,1.6855
2026-07-23T15:59:16.580,17.5705,0.8061,1.7247
2026-07-23T15:59:16.591,17.5705,0.7866,1.7247
2026-07-23T15:59:16.611,17.5911,0.8061,1.7247
2026-07-23T15:59:16.614,17.5911,0.8257,1.7051
2026-07-23T15:59:16.621,17.6071,0.8061,1.8226
2026-07-23T15:59:16.621,17.6343,0.8453,1.803
2026-07-23T15:59:16.642,17.637,0.8453,1.6659
2026-07-23T15:59:16.658,17.6404,0.7866,1.7638
2026-07-23T15:59:16.658,17.6404,0.9628,1.7247
2026-07-23T15:59:16.675,17.6651,0.7866,1.7638
2026-07-23T15:59:16.685,17.6651,0.9432,1.6855
2026-07-23T15:59:16.691,17.6651,0.8061,1.6464
2026-07-23T15:59:16.700,17.7006,0.8061,1.6855
2026-07-23T15:59:16.709,17.7006,0.8257,1.7247
2026-07-23T15:59:16.716,17.7006,0.8257,1.7443
2026-07-23T15:59:16.736,17.7285,0.8649,1.7638
2026-07-23T15:59:16.748,17.7367,0.8257,1.7443
2026-07-23T15:59:16.751,17.7367,0.8649,1.803
2026-07-23T15:59:16.763,17.7442,0.9432,1.7247
2026-07-23T15:59:16.763,17.769,0.8453,1.7638
2026-07-23T15:59:16.779,17.7731,1.0215,1.7443
2026-07-23T15:59:16.795,17.7776,0.8845,1.7834
2026-07-23T15:59:16.800,17.8071,1.0215,1.803
2026-07-23T15:59:16.815,17.8107,0.9432,1.8226
2026-07-23T15:59:16.820,17.8147,0.9236,1.8813
2026-07-23T15:59:16.835,17.8233,0.9628,1.7638
2026-07-23T15:59:16.842,17.8413,0.9824,1.7834
2026-07-23T15:59:16.842,17.8525,1.0019,1.7834
2026-07-23T15:59:16.861,17.8549,1.0019,1.7051
2026-07-23T15:59:16.874,17.8597,0.9236,1.7638
2026-07-23T15:59:16.875,17.8708,1.0803,1.803
2026-07-23T15:59:16.892,17.8852,0.8845,1.7638
2026-07-23T15:59:16.903,17.8872,1.0607,1.7638
2026-07-23T15:59:16.910,17.8872,0.9824,1.7247
2026-07-23T15:59:16.922,17.9187,1.0215,1.7638
2026-07-23T15:59:16.936,17.9236,1.0411,1.6855
2026-07-23T15:59:16.945,17.9286,0.9824,1.7443
2026-07-23T15:59:16.953,17.9499,1.0607,1.7638
2026-07-23T15:59:16.955,17.9499,1.0803,1.7051
2026-07-23T15:59:16.974,17.9577,1.0411,1.7834
2026-07-23T15:59:16.979,17.9577,1.0999,1.6268
2026-07-23T15:59:16.992,17.9872,1.0215,1.6464
2026-07-23T15:59:17.001,17.9895,1.2173,1.6464
2026-07-23T15:59:17.009,17.9982,0.9432,1.6072
2026-07-23T15:59:17.016,18.0214,1.0999,1.6659
2026-07-23T15:59:17.038,18.0245,1.0019,1.6268
2026-07-23T15:59:17.049,18.0265,1.0999,1.6855
2026-07-23T15:59:17.049,18.05,1.139,1.6855
2026-07-23T15:59:17.064,18.0613,1.1194,1.6268
2026-07-23T15:59:17.072,18.0613,1.2173,1.7834
2026-07-23T15:59:17.082,18.0913,1.0999,1.7051
2026-07-23T15:59:17.095,18.0924,1.1782,1.8422
2026-07-23T15:59:17.109,18.0924,1.2957,1.7247
2026-07-23T15:59:17.112,18.1014,1.1194,1.7834
2026-07-23T15:59:17.127,18.1244,1.2957,1.7443
2026-07-23T15:59:17.127,18.1334,1.1194,1.7834
2026-07-23T15:59:17.127,18.1357,1.3936,1.803
2026-07-23T15:59:17.154,18.1379,1.2761,1.7834
2026-07-23T15:59:17.163,18.1594,1.3152,1.8617
2026-07-23T15:59:17.175,18.1686,1.374,1.7834
2026-07-23T15:59:17.184,18.1716,1.4131,1.7834
2026-07-23T15:59:17.196,18.1912,1.4327,1.9009
2026-07-23T15:59:17.210,18.202,1.5502,1.803
2026-07-23T15:59:17.210,18.2035,1.4719,1.8226
2026-07-23T15:59:17.222,18.2035,1.6285,1.8226
2026-07-23T15:59:17.222,18.2349,1.4131,1.8617
2026-07-23T15:59:17.242,18.2426,1.6285,1.8226
2026-07-23T15:59:17.253,18.2426,1.4915,1.8813
2026-07-23T15:59:17.254,18.2426,1.5698,1.9009
2026-07-23T15:59:17.270,18.2769,1.5502,1.8422
2026-07-23T15:59:17.286,18.2769,1.5306,2.038
2026-07-23T15:59:17.286,18.2818,1.609,2.0184
2026-07-23T15:59:17.309,18.3135,1.5698,1.9205
2026-07-23T15:59:17.321,18.3135,1.5306,2.0184
2026-07-23T15:59:17.321,18.3135,1.609,1.9009
2026-07-23T15:59:17.333,18.3245,1.5306,1.9205
2026-07-23T15:59:17.342,18.3245,1.7852,1.9009
2026-07-23T15:59:17.348,18.353,1.5306,1.9205
2026-07-23T15:59:17.364,18.3564,1.6873,1.9401
2026-07-23T15:59:17.375,18.3609,1.5894,1.9596
2026-07-23T15:59:17.380,18.3768,1.6873,1.9792
2026-07-23T15:59:17.396,18.3768,1.6481,1.9401
2026-07-23T15:59:17.404,18.3971,1.7069,1.9792
2026-07-23T15:59:17.412,18.3993,1.6873,1.9596
2026-07-23T15:59:17.412,18.4245,1.7069,1.9596
2026-07-23T15:59:17.428,18.4245,1.6285,1.9401
2026-07-23T15:59:17.443,18.4245,1.8048,1.9401
2026-07-23T15:59:17.450,18.4363,1.6285,1.9988
2026-07-23T15:59:17.459,18.4579,1.8439,1.9792
2026-07-23T15:59:17.475,18.4655,1.609,1.9596
2026-07-23T15:59:17.487,18.4655,1.8635,1.9988
2026-07-23T15:59:17.494,18.4912,1.746,1.9792
2026-07-23T15:59:17.501,18.4912,1.6481,1.9401
2026-07-23T15:59:17.516,18.5028,1.746,1.9792
2026-07-23T15:59:17.522,18.5066,1.7069,1.9988
2026-07-23T15:59:17.542,18.5343,1.6481,2.038
2026-07-23T15:59:17.542,18.5343,1.8048,1.9596
2026-07-23T15:59:17.557,18.5417,1.609,1.9988
2026-07-23T15:59:17.557,18.5686,1.746,1.9401
2026-07-23T15:59:17.575,18.5686,1.5894,1.9792
2026-07-23T15:59:17.585,18.5686,1.6873,2.0184
2026-07-23T15:59:17.592,18.5801,1.5698,1.9792
2026-07-23T15:59:17.606,18.6034,1.6677,2.0184
2026-07-23T15:59:17.617,18.6034,1.6677,1.9792
2026-07-23T15:59:17.619,18.6152,1.6873,1.9988
2026-07-23T15:59:17.633,18.6152,1.6873,2.0771
2026-07-23T15:59:17.642,18.649,1.746,1.9596
2026-07-23T15:59:17.648,18.6505,1.6285,2.0575
2026-07-23T15:59:17.654,18.6505,1.8048,2.0575
2026-07-23T15:59:17.666,18.6579,1.6285,2.0184
2026-07-23T15:59:17.680,18.6764,1.7852,2.038
2026-07-23T15:59:17.680,18.6868,1.609,1.9792
2026-07-23T15:59:17.701,18.6868,1.746,1.9596
2026-07-23T15:59:17.712,18.7083,1.746,1.9596
2026-07-23T15:59:17.727,18.724,1.6873,2.0184
2026-07-23T15:59:17.738,18.724,1.7264,1.9596
2026-07-23T15:59:17.743,18.7321,1.7852,1.9792
2026-07-23T15:59:17.743,18.7321,1.6677,1.9988
2026-07-23T15:59:17.759,18.7598,1.7656,1.9596
2026-07-23T15:59:17.775,18.7598,1.5698,1.9205
2026-07-23T15:59:17.783,18.7711,1.7656,1.9596
2026-07-23T15:59:17.791,18.7912,1.5306,1.8813
2026-07-23T15:59:17.801,18.7912,1.746,1.9205
2026-07-23T15:59:17.811,18.7912,1.6677,1.9009
2026-07-23T15:59:17.822,18.8183,1.7264,1.9792
2026-07-23T15:59:17.838,18.8243,1.7656,1.9009
2026-07-23T15:59:17.838,18.8243,1.7264,1.9596
2026-07-23T15:59:17.853,18.8343,1.746,1.9988
2026-07-23T15:59:17.863,18.8596,1.7852,1.9401
2026-07-23T15:59:17.875,18.866,1.7656,1.9792
2026-07-23T15:59:17.885,18.8701,1.8831,1.9205
2026-07-23T15:59:17.895,18.894,1.7264,1.9792
2026-07-23T15:59:17.904,18.8976,2.0006,2.038
2026-07-23T15:59:17.915,18.8976,1.7852,2.038
2026-07-23T15:59:17.921,18.8976,1.9418,2.0967
2026-07-23T15:59:17.933,18.9292,1.8635,2.0771
2026-07-23T15:59:17.945,18.9292,1.9222,2.0771
2026-07-23T15:59:17.948,18.9373,1.9222,2.0967
2026-07-23T15:59:17.980,18.9651,1.9222,2.0184
2026-07-23T15:59:17.980,18.9679,1.9222,2.2142
2026-07-23T15:59:17.980,18.9679,2.0397,2.1163
2026-07-23T15:59:17.988,18.9679,1.8439,2.2142
2026-07-23T15:59:18.009,18.9922,2.0397,2.1555
2026-07-23T15:59:18.016,19.0034,1.8635,2.175
2026-07-23T15:59:18.019,19.0101,2.0397,2.2338
2026-07-23T15:59:18.030,19.0402,1.9222,2.1946
2026-07-23T15:59:18.043,19.0455,2.0201,2.2534
2026-07-23T15:59:18.054,19.0507,1.981,2.175
2026-07-23T15:59:18.064,19.056,2.0006,2.1946
2026-07-23T15:59:18.078,19.0717,1.981,2.2729
2026-07-23T15:59:18.078,19.0717,1.9222,2.2729
2026-07-23T15:59:18.091,19.0892,1.8635,2.2534
2026-07-23T15:59:18.105,19.0912,2.1964,2.2925
2026-07-23T15:59:18.113,19.1263,1.8831,2.2925
2026-07-23T15:59:18.122,19.1295,2.1376,2.3708
2026-07-23T15:59:18.122,19.1347,1.9222,2.2925
2026-07-23T15:59:18.142,19.1347,2.0593,2.3121
2026-07-23T15:59:18.142,19.1457,2.0006,2.2729
2026-07-23T15:59:18.170,19.1743,2.0201,2.3708
2026-07-23T15:59:18.176,19.1743,2.0006,2.3513
2026-07-23T15:59:18.186,19.1818,2.0789,2.3708
2026-07-23T15:59:18.196,19.1876,2.0201,2.3904
2026-07-23T15:59:18.206,19.2195,2.1376,2.41
2026-07-23T15:59:18.218,19.2229,1.9418,2.3513
2026-07-23T15:59:18.222,19.2249,2.1768,2.4492
2026-07-23T15:59:18.238,19.229,1.9222,2.4296
2026-07-23T15:59:18.242,19.229,2.1376,2.41
2026-07-23T15:59:18.251,19.2617,1.9418,2.3904
2026-07-23T15:59:18.263,19.2654,2.0397,2.4883
2026-07-23T15:59:18.276,19.2654,1.981,2.3513
2026-07-23T15:59:18.280,19.2706,1.9418,2.3708
2026-07-23T15:59:18.302,19.3069,1.9614,2.41
2026-07-23T15:59:18.302,19.3069,1.9614,2.41
2026-07-23T15:59:18.312,19.3069,1.9614,2.5275
2026-07-23T15:59:18.326,19.3132,2.1572,2.4296
2026-07-23T15:59:18.338,19.346,1.9418,2.4687
2026-07-23T15:59:18.342,19.351,2.1768,2.4492
2026-07-23T15:59:18.342,19.3541,1.9222,2.4296
2026-07-23T15:59:18.364,19.361,2.1768,2.4687
2026-07-23T15:59:18.375,19.3855,2.0789,2.5079
2026-07-23T15:59:18.389,19.3961,2.1768,2.5079
2026-07-23T15:59:18.397,19.3961,2.0201,2.5471
2026-07-23T15:59:18.402,19.4012,2.0593,2.5471
2026-07-23T15:59:18.412,19.4012,2.0397,2.4883
2026-07-23T15:59:18.436,19.4376,2.0789,2.4883
2026-07-23T15:59:18.436,19.441,1.981,2.4492
2026-07-23T15:59:18.445,19.4438,2.1768,2.3708
2026-07-23T15:59:18.452,19.4485,1.9222,2.4296
2026-07-23T15:59:18.462,19.4652,2.1181,2.4687
2026-07-23T15:59:18.484,19.4803,1.9027,2.41
2026-07-23T15:59:18.484,19.4803,2.0201,2.4492
2026-07-23T15:59:18.495,19.4882,2.0397,2.4296
2026-07-23T15:59:18.504,19.4913,2.1181,2.5275
2026-07-23T15:59:18.509,19.5118,2.0985,2.5275
2026-07-23T15:59:18.516,19.5118,2.0201,2.5079
2026-07-23T15:59:18.531,19.5244,2.0397,2.5275
2026-07-23T15:59:18.542,19.5327,2.1181,2.5471
2026-07-23T15:59:18.547,19.5627,1.9027,2.4883
2026-07-23T15:59:18.563,19.5627,2.216,2.4296
2026-07-23T15:59:18.579,19.5627,2.0006,2.4883
2026-07-23T15:59:18.584,19.5757,2.0985,2.5471
2026-07-23T15:59:18.595,19.6044,1.981,2.5079
2026-07-23T15:59:18.602,19.6071,2.0789,2.5666
2026-07-23T15:59:18.613,19.6071,2.0006,2.5666
2026-07-23T15:59:18.626,19.6071,2.0006,2.4883
2026-07-23T15:59:18.626,19.6071,1.9614,2.5471
2026-07-23T15:59:18.642,19.6514,2.0006,2.4492
2026-07-23T15:59:18.658,19.6546,1.9614,2.5666
2026-07-23T15:59:18.658,19.6578,2.0789,2.5079
2026-07-23T15:59:18.658,19.6578,1.9222,2.5079
2026-07-23T15:59:18.690,19.6912,2.0593,2.5275
2026-07-23T15:59:18.697,19.6912,1.8831,2.4883
2026-07-23T15:59:18.709,19.6912,2.0397,2.5471
2026-07-23T15:59:18.709,19.701,2.0201,2.4883
2026-07-23T15:59:18.723,19.7184,2.1181,2.5862
2026-07-23T15:59:18.723,19.7184,2.0397,2.5862
2026-07-23T15:59:18.742,19.7295,2.0593,2.5666
2026-07-23T15:59:18.754,19.7341,1.9418,2.5666
2026-07-23T15:59:18.754,19.7581,2.0593,2.645
2026-07-23T15:59:18.769,19.7657,1.9222,2.5666
2026-07-23T15:59:18.785,19.7713,2.1964,2.5471
2026-07-23T15:59:18.785,19.7995,1.9222,2.7625
2026-07-23T15:59:18.809,19.8059,2.0789,2.5862
2026-07-23T15:59:18.817,19.8059,2.0201,2.6254
2026-07-23T15:59:18.825,19.8132,1.981,2.5862
2026-07-23T15:59:18.833,19.8289,2.0201,2.6254
2026-07-23T15:59:18.848,19.8446,2.353,2.5862
2026-07-23T15:59:18.857,19.848,2.0985,2.7233
2026-07-23T15:59:18.864,19.8516,2.1572,2.5666
2026-07-23T15:59:18.880,19.8766,2.0789,2.6645
2026-07-23T15:59:18.880,19.8766,2.2747,2.7037
2026-07-23T15:59:18.893,19.8766,2.0985,2.6254
2026-07-23T15:59:18.902,19.8904,2.3139,2.7233
2026-07-23T15:59:18.911,19.913,2.1181,2.7429
2026-07-23T15:59:18.911,19.913,2.3334,2.782
2026-07-23T15:59:18.941,19.9244,2.1768,2.7429
2026-07-23T15:59:18.943,19.9518,2.2551,2.8408
2026-07-23T15:59:18.959,19.9553,2.216,2.8799
2026-07-23T15:59:18.964,19.9582,2.3139,2.8604
2026-07-23T15:59:18.975,19.9618,2.2551,2.8408
2026-07-23T15:59:18.975,19.9911,2.4118,2.7625
2026-07-23T15:59:18.999,19.9933,2.2943,2.8604
2026-07-23T15:59:19.006,19.9957,2.5488,2.7625
2026-07-23T15:59:19.013,20.0005,2.2943,2.8408
2026-07-23T15:59:19.037,20.0244,2.5292,2.9387
2026-07-23T15:59:19.037,20.0345,2.4118,2.8604
2026-07-23T15:59:19.046,20.0388,2.5292,2.8995
2026-07-23T15:59:19.055,20.0427,2.5097,2.9778
2026-07-23T15:59:19.055,20.0703,2.5684,2.9974
2026-07-23T15:59:19.075,20.0728,2.4901,3.017
2026-07-23T15:59:19.085,20.0728,2.5292,2.9974
2026-07-23T15:59:19.096,20.0819,2.4118,3.0562
2026-07-23T15:59:19.103,20.1051,2.6076,2.9778
2026-07-23T15:59:19.114,20.1051,2.353,2.9387
2026-07-23T15:59:19.124,20.1132,2.588,2.9583
2026-07-23T15:59:19.133,20.1289,2.353,2.8995
2026-07-23T15:59:19.153,20.1487,2.5292,2.9583
2026-07-23T15:59:19.156,20.152,2.4313,2.8995
2026-07-23T15:59:19.164,20.158,2.4901,2.9583
2026-07-23T15:59:19.173,20.178,2.4509,3.0757
2026-07-23T15:59:19.180,20.1817,2.4901,2.9974
2026-07-23T15:59:19.198,20.1817,2.5097,2.9778
2026-07-23T15:59:19.207,20.1883,2.5684,2.9583
2026-07-23T15:59:19.211,20.2147,2.5292,3.0953
2026-07-23T15:59:19.227,20.2171,2.6076,3.017
2026-07-23T15:59:19.232,20.2199,2.5097,3.0562
2026-07-23T15:59:19.242,20.2228,2.7642,3.0757
2026-07-23T15:59:19.257,20.2494,2.4901,3.0562
2026-07-23T15:59:19.265,20.2544,2.6076,3.0953
2026-07-23T15:59:19.276,20.258,2.5684,3.0562
2026-07-23T15:59:19.281,20.2884,2.5684,3.1541
2026-07-23T15:59:19.290,20.2931,2.5488,3.1345
2026-07-23T15:59:19.305,20.2931,2.5488,3.1149
2026-07-23T15:59:19.315,20.3247,2.4118,3.1345
2026-07-23T15:59:19.323,20.332,2.5488,3.0366
2026-07-23T15:59:19.323,20.3337,2.4313,3.0953
2026-07-23T15:59:19.344,20.3337,2.588,3.1149
2026-07-23T15:59:19.353,20.3337,2.4313,3.1345
2026-07-23T15:59:19.369,20.3673,2.588,3.1345
2026-07-23T15:59:19.369,20.3673,2.4313,3.1345
2026-07-23T15:59:19.384,20.3713,2.5097,3.1149
2026-07-23T15:59:19.384,20.3769,2.4509,3.0757
2026-07-23T15:59:19.409,20.397,2.4705,3.0757
2026-07-23T15:59:19.409,20.4042,2.5292,3.1932
2026-07-23T15:59:19.426,20.4042,2.5488,3.1149
2026-07-23T15:59:19.432,20.4287,2.3922,3.1932
2026-07-23T15:59:19.448,20.4385,2.7055,3.1736
2026-07-23T15:59:19.455,20.442,2.4118,3.2128
2026-07-23T15:59:19.464,20.4443,2.588,3.1345
2026-07-23T15:59:19.479,20.4602,2.3922,3.0953
2026-07-23T15:59:19.479,20.478,2.6467,3.252
2026-07-23T15:59:19.497,20.4837,2.5292,3.1736
2026-07-23T15:59:19.511,20.514,2.6272,3.2128
2026-07-23T15:59:19.511,20.514,2.6076,3.2128
2026-07-23T15:59:19.511,20.514,2.588,3.2716
2026-07-23T15:59:19.534,20.5222,2.5488,3.2911
2026-07-23T15:59:19.543,20.5506,2.6076,3.252
2026-07-23T15:59:19.558,20.5532,2.5488,3.252
2026-07-23T15:59:19.565,20.558,2.7055,3.2911
2026-07-23T15:59:19.576,20.563,2.4313,3.2324
2026-07-23T15:59:19.576,20.5934,2.6859,3.2911
2026-07-23T15:59:19.590,20.5999,2.5292,3.252
2026-07-23T15:59:19.601,20.6026,2.6076,3.252
2026-07-23T15:59:19.615,20.6056,2.6272,3.2716
2026-07-23T15:59:19.627,20.6334,2.6663,3.2716
2026-07-23T15:59:19.638,20.6334,2.6076,3.3107
2026-07-23T15:59:19.644,20.6334,2.6272,3.3499
2026-07-23T15:59:19.656,20.6471,2.4901,3.3303
2026-07-23T15:59:19.669,20.6747,2.7055,3.252
2026-07-23T15:59:19.676,20.6747,2.6076,3.3107
2026-07-23T15:59:19.684,20.6747,2.7838,3.3107
2026-07-23T15:59:19.684,20.6806,2.5684,3.2128
2026-07-23T15:59:19.709,20.7123,2.8034,3.2716
2026-07-23T15:59:19.716,20.7123,2.5684,3.2324
2026-07-23T15:59:19.725,20.7123,2.6467,3.3499
2026-07-23T15:59:19.731,20.7123,2.6663,3.2324
2026-07-23T15:59:19.747,20.7491,2.588,3.3107
2026-07-23T15:59:19.747,20.7531,2.6076,3.3499
2026-07-23T15:59:19.763,20.7572,2.7642,3.3303
2026-07-23T15:59:19.775,20.7598,2.5488,3.3499
2026-07-23T15:59:19.782,20.7759,2.823,3.2911
2026-07-23T15:59:19.795,20.7913,2.6076,3.3499
2026-07-23T15:59:19.804,20.7961,2.7251,3.389
2026-07-23T15:59:19.811,20.8247,2.5488,3.2911
2026-07-23T15:59:19.827,20.8247,2.6663,3.389
2026-07-23T15:59:19.827,20.8247,2.5684,3.3499
2026-07-23T15:59:19.847,20.8352,2.588,3.3107
2026-07-23T15:59:19.859,20.8581,2.5292,3.3695
2026-07-23T15:59:19.875,20.8581,2.6076,3.2911
2026-07-23T15:59:19.875,20.8581,2.4901,3.2911
2026-07-23T15:59:19.886,20.8704,2.6663,3.2716
2026-07-23T15:59:19.897,20.9025,2.4313,3.2716
2026-07-23T15:59:19.909,20.9025,2.6272,3.2911
2026-07-23T15:59:19.909,20.9109,2.4509,3.2128
2026-07-23T15:59:19.921,20.9185,2.588,3.2911
2026-07-23T15:59:19.937,20.9392,2.5488,3.252
2026-07-23T15:59:19.948,20.9392,2.588,3.3107
2026-07-23T15:59:19.953,20.9534,2.588,3.3303
2026-07-23T15:59:19.962,20.9534,2.6076,3.3303
2026-07-23T15:59:19.990,20.9843,2.5292,3.4282
2026-07-23T15:59:19.990,20.9843,2.6859,3.4674
2026-07-23T15:59:19.990,20.9843,2.5097,3.4478
2026-07-23T15:59:20.004,20.9843,2.7838,3.4478
2026-07-23T15:59:20.017,21.0157,2.588,3.5261
2026-07-23T15:59:20.017,21.0157,2.8034,3.624
2026-07-23T15:59:20.035,21.0249,2.7055,3.5653
2026-07-23T15:59:20.049,21.0583,2.7642,3.624
2026-07-23T15:59:20.049,21.0583,2.7251,3.6044
2026-07-23T15:59:20.065,21.0645,2.7251,3.5261
2026-07-23T15:59:20.081,21.0645,2.7055,3.624
2026-07-23T15:59:20.088,21.0931,2.8425,3.5261
2026-07-23T15:59:20.096,21.0931,2.6076,3.5848
2026-07-23T15:59:20.109,21.0931,2.7446,3.5457
2026-07-23T15:59:20.115,21.1061,2.5684,3.5457
2026-07-23T15:59:20.115,21.1089,2.7446,3.6044
2026-07-23T15:59:20.142,21.141,2.588,3.5848
2026-07-23T15:59:20.142,21.141,2.7251,3.6044
2026-07-23T15:59:20.160,21.1517,2.7446,3.5848
2026-07-23T15:59:20.160,21.1537,2.8425,3.6632
2026-07-23T15:59:20.176,21.1758,2.7838,3.6632
2026-07-23T15:59:20.176,21.1758,2.7251,3.6827
2026-07-23T15:59:20.192,21.1885,2.7055,3.7415
2026-07-23T15:59:20.204,21.1895,2.8425,3.6827
2026-07-23T15:59:20.209,21.2042,2.7055,3.8002
2026-07-23T15:59:20.223,21.22,2.9209,3.6827
2026-07-23T15:59:20.240,21.2269,2.7642,3.8002
2026-07-23T15:59:20.242,21.2541,2.8817,3.8002
2026-07-23T15:59:20.255,21.26,2.823,3.7807
2026-07-23T15:59:20.255,21.265,2.96,3.8394
2026-07-23T15:59:20.280,21.2696,2.9404,3.7611
2026-07-23T15:59:20.289,21.2914,2.8621,3.7611
2026-07-23T15:59:20.304,21.3066,2.8425,3.8002
2026-07-23T15:59:20.304,21.3066,2.8425,3.7415
2026-07-23T15:59:20.318,21.3144,2.7446,3.8002
2026-07-23T15:59:20.324,21.3144,2.9209,3.7611
2026-07-23T15:59:20.342,21.3304,2.7446,3.7807
2026-07-23T15:59:20.342,21.3463,2.96,3.8002
2026-07-23T15:59:20.357,21.3562,2.7642,3.7023
2026-07-23T15:59:20.365,21.362,2.9013,3.8394
2026-07-23T15:59:20.376,21.3864,2.9404,3.7219
2026-07-23T15:59:20.381,21.3864,2.9013,3.7415
2026-07-23T15:59:20.381,21.3914,2.9013,3.8394
2026-07-23T15:59:20.413,21.3936,2.9013,3.6632
2026-07-23T15:59:20.413,21.3982,2.9404,3.8198
2026-07-23T15:59:20.433,21.4246,3.0971,3.859
2026-07-23T15:59:20.437,21.4246,2.96,3.8786
2026-07-23T15:59:20.444,21.4335,3.2342,3.8198
2026-07-23T15:59:20.460,21.4599,2.9992,3.8786
2026-07-23T15:59:20.461,21.462,3.1754,3.9373
2026-07-23T15:59:20.475,21.464,3.0579,3.859
2026-07-23T15:59:20.484,21.464,3.195,3.9177
2026-07-23T15:59:20.505,21.4912,3.1167,3.8981
2026-07-23T15:59:20.507,21.4912,3.195,3.8198
2026-07-23T15:59:20.515,21.5032,3.0775,3.8981
2026-07-23T15:59:20.525,21.5281,3.1558,3.9373
2026-07-23T15:59:20.538,21.5346,3.0383,3.9373
2026-07-23T15:59:20.542,21.5346,3.1558,3.9569
2026-07-23T15:59:20.556,21.5423,3.0383,3.9373
2026-07-23T15:59:20.574,21.5666,3.2342,3.996
2026-07-23T15:59:20.576,21.5666,3.1754,3.9569
2026-07-23T15:59:20.585,21.5781,3.2146,3.9569
2026-07-23T15:59:20.593,21.5827,3.1558,3.9373
2026-07-23T15:59:20.609,21.6141,3.2342,3.996
2026-07-23T15:59:20.609,21.6141,3.195,4.0548
2026-07-23T15:59:20.629,21.6141,3.2537,4.0352
2026-07-23T15:59:20.634,21.6247,3.195,4.0352
2026-07-23T15:59:20.644,21.6534,3.3908,3.9569
2026-07-23T15:59:20.657,21.6555,3.0775,4.0744
2026-07-23T15:59:20.665,21.6581,3.2537,4.0156
2026-07-23T15:59:20.676,21.6612,3.0579,3.9373
2026-07-23T15:59:20.696,21.6914,3.2537,4.0548
2026-07-23T15:59:20.699,21.693,3.195,3.9373
2026-07-23T15:59:20.706,21.6935,3.2146,3.996
2026-07-23T15:59:20.716,21.6935,3.2537,3.9569
2026-07-23T15:59:20.728,21.7248,3.2537,3.8981
2026-07-23T15:59:20.728,21.7248,3.2342,3.9569
2026-07-23T15:59:20.744,21.732,3.2733,3.9569
2026-07-23T15:59:20.744,21.7381,3.0775,4.0352
2026-07-23T15:59:20.773,21.7581,3.2537,3.8981
2026-07-23T15:59:20.773,21.7581,3.0188,3.8786
2026-07-23T15:59:20.789,21.7733,3.2342,3.9569
2026-07-23T15:59:20.791,21.7913,3.1754,3.9373
2026-07-23T15:59:20.809,21.804,3.2342,3.8981
2026-07-23T15:59:20.809,21.804,3.1558,3.9177
2026-07-23T15:59:20.826,21.804,3.1167,3.9373
2026-07-23T15:59:20.826,21.8394,3.1167,3.9569
2026-07-23T15:59:20.842,21.8434,3.0579,3.859
2026-07-23T15:59:20.855,21.8434,2.9796,3.8786
2026-07-23T15:59:20.855,21.8547,3.0971,3.8394
2026-07-23T15:59:20.876,21.8835,2.9013,3.9177
2026-07-23T15:59:20.887,21.8855,3.1167,3.8981
2026-07-23T15:59:20.894,21.8914,2.96,3.8786
2026-07-23T15:59:20.905,21.8914,3.0971,3.9177
2026-07-23T15:59:20.910,21.925,3.0188,3.8981
2026-07-23T15:59:20.919,21.9301,3.0971,3.996
2026-07-23T15:59:20.936,21.9301,3.1167,3.9373
2026-07-23T15:59:20.949,21.9405,3.0579,3.9373
2026-07-23T15:59:20.949,21.9614,3.1167,3.9569
2026-07-23T15:59:20.965,21.9614,3.2146,3.9765
2026-07-23T15:59:20.981,21.9726,3.0775,4.0352
2026-07-23T15:59:20.991,21.9772,3.2342,3.9177
2026-07-23T15:59:21.009,21.9932,2.96,3.9373
2026-07-23T15:59:21.009,21.9932,3.1754,3.8981
2026-07-23T15:59:21.012,22.0081,2.9209,3.9373
2026-07-23T15:59:21.023,22.0111,3.0971,4.0156
2026-07-23T15:59:21.033,22.0397,3.0971,3.9373
2026-07-23T15:59:21.044,22.0407,3.195,4.0156
2026-07-23T15:59:21.059,22.0407,3.1558,4.0352
2026-07-23T15:59:21.062,22.0535,3.1558,4.0352
2026-07-23T15:59:21.076,22.0721,3.2342,4.0548
2026-07-23T15:59:21.078,22.0827,3.3321,4.0352
2026-07-23T15:59:21.091,22.0827,3.1558,4.1135
2026-07-23T15:59:21.104,22.0888,3.2929,4.1135
2026-07-23T15:59:21.109,22.1072,3.195,4.1331
2026-07-23T15:59:21.123,22.1072,3.3125,4.1918
2026-07-23T15:59:21.140,22.1193,3.3125,4.0744
2026-07-23T15:59:21.142,22.1489,3.3321,4.1918
2026-07-23T15:59:21.158,22.1534,3.2733,4.1135
2026-07-23T15:59:21.158,22.1534,3.2537,4.1135
2026-07-23T15:59:21.175,22.1623,3.2929,4.2114
2026-07-23T15:59:21.186,22.1914,3.3125,4.1918
2026-07-23T15:59:21.186,22.1914,3.2537,4.1918
2026-07-23T15:59:21.204,22.1988,3.4691,4.1331
2026-07-23T15:59:21.213,22.1988,3.2733,4.1723
2026-07-23T15:59:21.234,22.2323,3.4691,4.1331
2026-07-23T15:59:21.234,22.2376,3.2342,4.1135
2026-07-23T15:59:21.249,22.2376,3.3321,4.1527
2026-07-23T15:59:21.250,22.2376,3.3125,4.0548
2026-07-23T15:59:21.267,22.2613,3.3125,4.1527
2026-07-23T15:59:21.276,22.2693,3.4104,4.1723
2026-07-23T15:59:21.288,22.2743,3.3125,4.1135
2026-07-23T15:59:21.296,22.277,3.2733,4.1331
2026-07-23T15:59:21.312,22.3052,3.3125,4.0939
2026-07-23T15:59:21.312,22.3052,3.1754,4.1723
2026-07-23T15:59:21.328,22.3176,3.3908,4.1331
2026-07-23T15:59:21.328,22.3422,3.2929,4.1527
2026-07-23T15:59:21.344,22.3482,3.4887,4.2114
2026-07-23T15:59:21.356,22.3539,3.3712,4.2506
2026-07-23T15:59:21.364,22.356,3.5279,4.3289
2026-07-23T15:59:21.379,22.3721,3.4887,4.2702
2026-07-23T15:59:21.379,22.3839,3.4691,4.3093
2026-07-23T15:59:21.399,22.3839,3.4887,4.3289
2026-07-23T15:59:21.409,22.3877,3.4495,4.2506
2026-07-23T15:59:21.409,22.4035,3.3712,4.2702
2026-07-23T15:59:21.423,22.4035,3.5083,4.3093
2026-07-23T15:59:21.439,22.4035,3.2146,4.1918
2026-07-23T15:59:21.454,22.4409,3.4104,4.2506
2026-07-23T15:59:21.454,22.4409,3.2929,4.1723
2026-07-23T15:59:21.454,22.4409,3.3516,4.2506
2026-07-23T15:59:21.470,22.4696,3.2733,4.1918
2026-07-23T15:59:21.487,22.4742,3.2929,4.231
2026-07-23T15:59:21.492,22.4742,3.3125,4.2702
2026-07-23T15:59:21.509,22.5004,3.3516,4.231
2026-07-23T15:59:21.517,22.5032,3.3516,4.2506
2026-07-23T15:59:21.525,22.5032,3.4887,4.231
2026-07-23T15:59:21.534,22.5324,3.4104,4.2702
2026-07-23T15:59:21.542,22.5344,3.6062,4.3093
2026-07-23T15:59:21.554,22.5364,3.3908,4.3093
2026-07-23T15:59:21.554,22.5582,3.5279,4.3681
2026-07-23T15:59:21.576,22.566,3.4495,4.3485
2026-07-23T15:59:21.587,22.566,3.4691,4.4072
2026-07-23T15:59:21.598,22.5934,3.5474,4.3289
2026-07-23T15:59:21.609,22.5934,3.4887,4.3289
2026-07-23T15:59:21.617,22.5964,3.4495,4.3877
2026-07-23T15:59:21.628,22.6248,3.5279,4.3289
2026-07-23T15:59:21.628,22.6248,3.4495,4.3877
2026-07-23T15:59:21.647,22.6248,3.5866,4.4072
2026-07-23T15:59:21.647,22.6248,3.43,4.3877
2026-07-23T15:59:21.660,22.6585,3.7433,4.4856
2026-07-23T15:59:21.676,22.6585,3.5083,4.4464
2026-07-23T15:59:21.689,22.6721,3.6062,4.5051
2026-07-23T15:59:21.707,22.6964,3.5279,4.466
2026-07-23T15:59:21.707,22.6964,3.6454,4.5247
2026-07-23T15:59:21.709,22.6964,3.4887,4.4464
2026-07-23T15:59:21.723,22.7034,3.5279,4.4268
2026-07-23T15:59:21.742,22.7328,3.4887,4.5443
2026-07-23T15:59:21.742,22.7328,3.7041,4.4072
2026-07-23T15:59:21.754,22.7419,3.5474,4.5443
2026-07-23T15:59:21.754,22.7668,3.6454,4.5443
2026-07-23T15:59:21.776,22.7707,3.4887,4.5639
2026-07-23T15:59:21.793,22.775,3.5083,4.466
2026-07-23T15:59:21.795,22.7795,3.4104,4.466
2026-07-23T15:59:21.805,22.8052,3.3321,4.466
2026-07-23T15:59:21.809,22.8052,3.43,4.3485
2026-07-23T15:59:21.826,22.814,3.43,4.3681
2026-07-23T15:59:21.833,22.8297,3.4495,4.4072
2026-07-23T15:59:21.849,22.8455,3.4691,4.3681
2026-07-23T15:59:21.856,22.8521,3.3712,4.3877
2026-07-23T15:59:21.867,22.8546,3.5474,4.466
2026-07-23T15:59:21.876,22.8773,3.3908,4.3289
2026-07-23T15:59:21.880,22.8773,3.6062,4.3681
2026-07-23T15:59:21.896,22.8773,3.3321,4.3485
2026-07-23T15:59:21.905,22.8861,3.4104,4.4268
2026-07-23T15:59:21.913,22.9149,3.5083,4.3681
2026-07-23T15:59:21.928,22.9149,3.43,4.3681
2026-07-23T15:59:21.937,22.925,3.43,4.466
2026-07-23T15:59:21.944,22.9415,3.3908,4.3485
2026-07-23T15:59:21.960,22.9572,3.4495,4.4268
2026-07-23T15:59:21.966,22.9592,3.4691,4.3289
2026-07-23T15:59:21.966,22.9649,3.3516,4.3681
2026-07-23T15:59:21.992,22.9959,3.4887,4.3681
2026-07-23T15:59:21.992,23.0011,3.3321,4.3485
2026-07-23T15:59:22.016,23.0046,3.5083,4.3877
2026-07-23T15:59:22.020,23.0077,3.3125,4.3681
2026-07-23T15:59:22.039,23.036,3.3908,4.4856
2026-07-23T15:59:22.043,23.036,3.3712,4.3681
2026-07-23T15:59:22.047,23.036,3.3321,4.466
2026-07-23T15:59:22.055,23.036,3.3712,4.466
2026-07-23T15:59:22.076,23.0755,3.3516,4.4072
2026-07-23T15:59:22.076,23.0755,3.2537,4.4072
2026-07-23T15:59:22.087,23.0755,3.3321,4.4464
2026-07-23T15:59:22.087,23.0834,3.1754,4.4072
2026-07-23T15:59:22.105,23.1153,3.3712,4.4268
2026-07-23T15:59:22.118,23.1153,3.195,4.4856
2026-07-23T15:59:22.126,23.1249,3.2733,4.5051
2026-07-23T15:59:22.134,23.1312,3.2929,4.466
2026-07-23T15:59:22.150,23.1597,3.2537,4.466
2026-07-23T15:59:22.159,23.1628,3.3516,4.4464
2026-07-23T15:59:22.166,23.1628,3.2929,4.3877
2026-07-23T15:59:22.176,23.1628,3.2929,4.4464
2026-07-23T15:59:22.182,23.2025,3.3516,4.4464
2026-07-23T15:59:22.182,23.2031,3.2537,4.4856
2026-07-23T15:59:22.209,23.2053,3.3125,4.4464
2026-07-23T15:59:22.214,23.2102,3.1558,4.4268
2026-07-23T15:59:22.228,23.2102,3.3516,4.4464
2026-07-23T15:59:22.229,23.2335,3.2342,4.3877
2026-07-23T15:59:22.248,23.2424,3.2733,4.4856
2026-07-23T15:59:22.261,23.2547,3.3125,4.3289
2026-07-23T15:59:22.261,23.26,3.2342,4.4856
2026-07-23T15:59:22.284,23.2833,3.3125,4.3877
2026-07-23T15:59:22.284,23.2833,3.2342,4.3681
2026-07-23T15:59:22.309,23.2915,3.195,4.4072
2026-07-23T15:59:22.311,23.2915,3.3321,4.3681
2026-07-23T15:59:22.311,23.325,3.195,4.466
2026-07-23T15:59:22.326,23.325,3.3125,4.4856
2026-07-23T15:59:22.334,23.3354,3.2342,4.5443
2026-07-23T15:59:22.342,23.3374,3.3516,4.5247
2026-07-23T15:59:22.357,23.3605,3.3125,4.5051
2026-07-23T15:59:22.368,23.3605,3.2929,4.5639
2026-07-23T15:59:22.376,23.3689,3.4104,4.5443
2026-07-23T15:59:22.388,23.3727,3.4495,4.5835
2026-07-23T15:59:22.388,23.4023,3.4691,4.6422
2026-07-23T15:59:22.411,23.4054,3.5474,4.6814
2026-07-23T15:59:22.411,23.4054,3.4887,4.6814
2026-07-23T15:59:22.423,23.4162,3.6062,4.6226
2026-07-23T15:59:22.442,23.4478,3.4495,4.7205
2026-07-23T15:59:22.442,23.4478,3.7041,4.7009
2026-07-23T15:59:22.456,23.4527,3.4495,4.7009
2026-07-23T15:59:22.467,23.4547,3.6062,4.7989
2026-07-23T15:59:22.476,23.4836,3.6649,4.7009
2026-07-23T15:59:22.483,23.4836,3.6258,4.7793
2026-07-23T15:59:22.499,23.4913,3.6454,4.8772
2026-07-23T15:59:22.505,23.4935,3.5866,4.8576
2026-07-23T15:59:22.515,23.5107,3.7628,4.8968
2026-07-23T15:59:22.530,23.5107,3.7824,4.8772
2026-07-23T15:59:22.534,23.5268,3.7628,4.9555
2026-07-23T15:59:22.546,23.5327,3.8999,4.9555
2026-07-23T15:59:22.546,23.5582,3.8216,4.9947
2026-07-23T15:59:22.561,23.5612,3.8803,5.0534
2026-07-23T15:59:22.580,23.5669,3.8803,4.9359
2026-07-23T15:59:22.593,23.5915,3.8999,5.0338
2026-07-23T15:59:22.593,23.5915,4.0565,5.0142
2026-07-23T15:59:22.606,23.5915,3.9391,5.0926
2026-07-23T15:59:22.618,23.6028,4.1349,5.1513
2026-07-23T15:59:22.626,23.6249,3.9978,5.1317
2026-07-23T15:59:22.641,23.6249,4.0761,5.2296
2026-07-23T15:59:22.642,23.6375,4.1153,5.1121
2026-07-23T15:59:22.657,23.6407,4.037,5.1513
2026-07-23T15:59:22.673,23.6641,4.1544,5.1317
2026-07-23T15:59:22.676,23.6715,4.0761,5.073
2026-07-23T15:59:22.676,23.6774,4.1936,5.21
2026-07-23T15:59:22.709,23.7012,4.2132,5.1709
2026-07-23T15:59:22.712,23.7012,4.1349,5.2296
2026-07-23T15:59:22.715,23.7012,4.2132,5.1317
2026-07-23T15:59:22.728,23.7012,4.0565,5.1905
2026-07-23T15:59:22.734,23.7382,4.1349,5.21
2026-07-23T15:59:22.752,23.7382,4.174,5.1905
2026-07-23T15:59:22.752,23.7494,4.0761,5.2884
2026-07-23T15:59:22.752,23.7553,4.174,5.1905
2026-07-23T15:59:22.785,23.7895,4.0957,5.1709
2026-07-23T15:59:22.785,23.7916,4.1544,5.1905
2026-07-23T15:59:22.789,23.7959,4.0565,5.1121
2026-07-23T15:59:22.806,23.7985,4.0957,5.2296
2026-07-23T15:59:22.815,23.8301,4.1153,5.1513
2026-07-23T15:59:22.831,23.8301,4.0761,5.1709
2026-07-23T15:59:22.838,23.837,4.1544,5.1317
2026-07-23T15:59:22.849,23.8415,4.0565,5.2296
2026-07-23T15:59:22.852,23.8621,4.1153,5.1905
2026-07-23T15:59:22.876,23.8749,4.1349,5.1709
2026-07-23T15:59:22.876,23.8749,4.037,5.2296
2026-07-23T15:59:22.892,23.8749,4.2132,5.2688
2026-07-23T15:59:22.894,23.8749,3.9978,5.21
2026-07-23T15:59:22.913,23.9163,4.1349,5.21
2026-07-23T15:59:22.913,23.9163,4.0957,5.1513
2026-07-23T15:59:22.926,23.9221,4.0761,5.1905
2026-07-23T15:59:22.926,23.925,4.174,5.2296
2026-07-23T15:59:22.943,23.958,4.0957,5.445
2026-07-23T15:59:22.957,23.9608,4.1544,5.2884
2026-07-23T15:59:22.967,23.9623,4.0957,5.21
2026-07-23T15:59:22.976,23.9675,4.0957,5.2296
2026-07-23T15:59:22.989,23.9918,4.1153,5.0926
2026-07-23T15:59:23.004,23.9918,4.0174,5.21
2026-07-23T15:59:23.009,24.004,4.174,5.2492
2026-07-23T15:59:23.020,24.0148,4.0565,5.1317
2026-07-23T15:59:23.036,24.0445,4.0957,5.2296
2026-07-23T15:59:23.043,24.0445,4.1544,5.1121
2026-07-23T15:59:23.043,24.0489,4.0957,5.2296
2026-07-23T15:59:23.066,24.0489,4.0565,5.1709
2026-07-23T15:59:23.070,24.0551,4.0957,5.1513
2026-07-23T15:59:23.084,24.0804,4.1153,5.2884
2026-07-23T15:59:23.084,24.0804,4.1349,5.1709
2026-07-23T15:59:23.100,24.085,4.0565,5.2296
2026-07-23T15:59:23.106,24.085,4.0761,5.2296
2026-07-23T15:59:23.118,24.1125,4.0565,5.21
2026-07-23T15:59:23.118,24.1125,4.1544,5.2884
2026-07-23T15:59:23.136,24.1125,4.1349,5.1905
2026-07-23T15:59:23.151,24.1433,4.1349,5.2688
2026-07-23T15:59:23.151,24.1433,4.1544,5.2296
2026-07-23T15:59:23.163,24.1513,4.1349,5.2688
2026-07-23T15:59:23.180,24.1794,4.174,5.308
2026-07-23T15:59:23.180,24.1794,4.174,5.2884
2026-07-23T15:59:23.194,24.1794,4.1153,5.308
2026-07-23T15:59:23.210,24.1926,4.2719,5.2884
2026-07-23T15:59:23.218,24.2063,4.1153,5.2884
2026-07-23T15:59:23.226,24.222,4.2915,5.4254
2026-07-23T15:59:23.230,24.2249,4.1544,5.3667
2026-07-23T15:59:23.246,24.253,4.2328,5.4059
2026-07-23T15:59:23.257,24.258,4.2915,5.2688
2026-07-23T15:59:23.257,24.2631,4.1936,5.308
2026-07-23T15:59:23.276,24.2689,4.2132,5.308
2026-07-23T15:59:23.290,24.2916,4.0957,5.2688
2026-07-23T15:59:23.290,24.2964,4.2524,5.3471
2026-07-23T15:59:23.309,24.3007,4.174,5.308
2026-07-23T15:59:23.321,24.3007,4.0565,5.3471
2026-07-23T15:59:23.327,24.325,4.1544,5.3275
2026-07-23T15:59:23.335,24.3325,4.1153,5.2884
2026-07-23T15:59:23.347,24.3325,4.0957,5.3275
2026-07-23T15:59:23.351,24.3325,4.037,5.3667
2026-07-23T15:59:23.376,24.3635,3.9978,5.3863
2026-07-23T15:59:23.376,24.3726,4.2328,5.2688
2026-07-23T15:59:23.383,24.3773,4.0174,5.2492
2026-07-23T15:59:23.383,24.3793,4.1153,5.2884
2026-07-23T15:59:23.414,24.4014,4.037,5.1513
2026-07-23T15:59:23.414,24.4014,4.0565,5.3471
2026-07-23T15:59:23.430,24.4107,4.0761,5.3275
2026-07-23T15:59:23.430,24.4351,4.037,5.2884
2026-07-23T15:59:23.446,24.4351,4.0957,5.3667
2026-07-23T15:59:23.452,24.4351,4.037,5.4059
2026-07-23T15:59:23.461,24.464,4.1349,5.445
2026-07-23T15:59:23.477,24.4742,4.0957,5.4254
2026-07-23T15:59:23.486,24.4742,4.0761,5.445
2026-07-23T15:59:23.494,24.4742,4.1349,5.4254
2026-07-23T15:59:23.506,24.4915,3.9978,5.3471
2026-07-23T15:59:23.515,24.5067,4.1544,5.445
2026-07-23T15:59:23.525,24.5107,4.0761,5.3863
2026-07-23T15:59:23.541,24.5372,4.174,5.5233
2026-07-23T15:59:23.542,24.5372,4.1936,5.4254
2026-07-23T15:59:23.557,24.5372,4.0957,5.4254
2026-07-23T15:59:23.568,24.5372,4.2719,5.5233
2026-07-23T15:59:23.574,24.5722,4.0761,5.3275
2026-07-23T15:59:23.588,24.5763,4.037,5.3471
2026-07-23T15:59:23.588,24.5819,4.174,5.3471
2026-07-23T15:59:23.609,24.6098,4.1153,5.3667
2026-07-23T15:59:23.620,24.6098,4.1936,5.4254
2026-07-23T15:59:23.633,24.6098,4.0957,5.308
2026-07-23T15:59:23.636,24.6189,4.1936,5.4059
2026-07-23T15:59:23.642,24.634,4.2524,5.3275
2026-07-23T15:59:23.661,24.6467,4.1544,5.3471
2026-07-23T15:59:23.661,24.6484,4.2328,5.2688
2026-07-23T15:59:23.685,24.6742,4.3111,5.2884
2026-07-23T15:59:23.685,24.6742,4.2915,5.3863
2026-07-23T15:59:23.702,24.6804,4.3111,5.4254
2026-07-23T15:59:23.709,24.7016,4.2132,5.4842
2026-07-23T15:59:23.715,24.7016,4.3698,5.445
2026-07-23T15:59:23.731,24.7123,4.2915,5.4059
2026-07-23T15:59:23.734,24.7374,4.4482,5.5038
2026-07-23T15:59:23.747,24.7442,4.409,5.5038
2026-07-23T15:59:23.752,24.7442,4.409,5.5038
2026-07-23T15:59:23.763,24.7442,4.4677,5.5429
2026-07-23T15:59:23.778,24.7766,4.409,5.445
2026-07-23T15:59:23.794,24.7795,4.4677,5.5038
2026-07-23T15:59:23.795,24.7843,4.3111,5.4059
2026-07-23T15:59:23.809,24.806,4.4482,5.445
2026-07-23T15:59:23.816,24.8102,4.5069,5.4646
2026-07-23T15:59:23.827,24.8143,4.5069,5.5038
2026-07-23T15:59:23.837,24.8218,4.5656,5.5233
2026-07-23T15:59:23.843,24.8492,4.4677,5.5429
2026-07-23T15:59:23.857,24.8517,4.5265,5.6212
2026-07-23T15:59:23.869,24.8555,4.4677,5.445
2026-07-23T15:59:23.881,24.8702,4.4286,5.5233
2026-07-23T15:59:23.888,24.8869,4.5265,5.4059
2026-07-23T15:59:23.902,24.8916,4.4286,5.5233
2026-07-23T15:59:23.908,24.8916,4.4482,5.5429
2026-07-23T15:59:23.920,24.9172,4.4677,5.5038
2026-07-23T15:59:23.921,24.9172,4.3894,5.5625
2026-07-23T15:59:23.942,24.925,4.5461,5.5233
2026-07-23T15:59:23.942,24.925,4.4286,5.4842
2026-07-23T15:59:23.953,24.9554,4.6244,5.5429
2026-07-23T15:59:23.968,24.9583,4.6048,5.5625
2026-07-23T15:59:23.976,24.9633,4.6831,5.6604
2026-07-23T15:59:23.983,24.9955,4.7223,5.7583
2026-07-23T15:59:23.998,24.9955,4.7615,5.6408
2026-07-23T15:59:24.006,25.0019,4.8006,5.6996
2026-07-23T15:59:24.019,25.0019,4.644,5.7191
2026-07-23T15:59:24.030,25.0311,4.6244,5.6604
2026-07-23T15:59:24.036,25.0311,4.644,5.6212
2026-07-23T15:59:24.046,25.0373,4.5656,5.6408
2026-07-23T15:59:24.053,25.0662,4.7027,5.5625
2026-07-23T15:59:24.080,25.0688,4.5656,5.68
2026-07-23T15:59:24.080,25.0688,4.6635,5.6017
2026-07-23T15:59:24.088,25.0744,4.6244,5.6212
2026-07-23T15:59:24.094,25.106,4.7419,5.6212
2026-07-23T15:59:24.109,25.1105,4.6244,5.6017
2026-07-23T15:59:24.120,25.1105,4.5656,5.6017
2026-07-23T15:59:24.129,25.1218,4.6048,5.7387
2026-07-23T15:59:24.143,25.1385,4.5265,5.6408
2026-07-23T15:59:24.143,25.1533,4.5656,5.5821
2026-07-23T15:59:24.157,25.1553,4.6831,5.5233
2026-07-23T15:59:24.161,25.1605,4.4873,5.5625
2026-07-23T15:59:24.189,25.1979,4.5852,5.5821
2026-07-23T15:59:24.189,25.1979,4.4677,5.5625
2026-07-23T15:59:24.189,25.2005,4.5461,5.6408
2026-07-23T15:59:24.211,25.2072,4.644,5.5821
2026-07-23T15:59:24.217,25.2358,4.6048,5.6604
2026-07-23T15:59:24.235,25.2482,4.6635,5.6212
2026-07-23T15:59:24.235,25.2482,4.6244,5.5821
2026-07-23T15:59:24.249,25.2583,4.5852,5.6017
2026-07-23T15:59:24.258,25.2686,4.5656,5.6408
2026-07-23T15:59:24.276,25.2917,4.409,5.4842
2026-07-23T15:59:24.276,25.2917,4.5461,5.445
2026-07-23T15:59:24.287,25.2958,4.4286,5.445
2026-07-23T15:59:24.287,25.3032,4.644,5.4646
2026-07-23T15:59:24.309,25.3061,4.4482,5.445
2026-07-23T15:59:24.319,25.3117,4.5069,5.4646
2026-07-23T15:59:24.331,25.3277,4.4286,5.3275
2026-07-23T15:59:24.343,25.3415,4.2719,5.3275
2026-07-23T15:59:24.347,25.3435,4.1349,5.2884
2026-07-23T15:59:24.362,25.3509,4.0761,5.1317
2026-07-23T15:59:24.362,25.3509,4.0174,5.1317
2026-07-23T15:59:24.378,25.3829,4.1349,5.0926
2026-07-23T15:59:24.392,25.3852,4.0761,5.1513
2026-07-23T15:59:24.402,25.3852,4.2132,5.2688
2026-07-23T15:59:24.418,25.4065,4.0174,5.2296
2026-07-23T15:59:24.418,25.4065,4.1153,5.1513
2026-07-23T15:59:24.426,25.4065,4.1936,5.21
2026-07-23T15:59:24.436,25.4065,4.2132,5.1905
2026-07-23T15:59:24.457,25.4484,4.1936,5.0926
2026-07-23T15:59:24.457,25.451,4.174,5.0534
2026-07-23T15:59:24.473,25.4537,4.1544,5.1905
2026-07-23T15:59:24.476,25.4786,4.2524,5.1513
2026-07-23T15:59:24.489,25.4859,4.0565,5.1709
2026-07-23T15:59:24.499,25.4859,4.174,5.1709
2026-07-23T15:59:24.509,25.5063,3.9978,5.1317
2026-07-23T15:59:24.520,25.5151,4.174,5.21
2026-07-23T15:59:24.520,25.5173,4.0761,5.1513
2026-07-23T15:59:24.537,25.5173,4.2132,5.308
2026-07-23T15:59:24.543,25.5482,4.2524,5.1709
2026-07-23T15:59:24.557,25.5482,4.2328,5.2296
2026-07-23T15:59:24.568,25.5558,4.2328,5.2492
2026-07-23T15:59:24.583,25.5812,4.2719,5.21
2026-07-23T15:59:24.588,25.5812,4.1936,5.3667
2026-07-23T15:59:24.599,25.5812,4.3698,5.2492
2026-07-23T15:59:24.609,25.5919,4.3111,5.2884
2026-07-23T15:59:24.620,25.611,4.4286,5.3471
2026-07-23T15:59:24.620,25.611,4.2328,5.2296
2026-07-23T15:59:24.643,25.6251,4.2719,5.2884
2026-07-23T15:59:24.646,25.6459,4.2132,5.2296
2026-07-23T15:59:24.662,25.6545,4.2524,5.2688
2026-07-23T15:59:24.662,25.656,4.2915,5.21
2026-07-23T15:59:24.678,25.6585,4.2524,5.21
2026-07-23T15:59:24.678,25.6746,4.174,5.2296
2026-07-23T15:59:24.697,25.6903,4.2328,5.21
2026-07-23T15:59:24.707,25.6946,4.1349,5.2688
2026-07-23T15:59:24.719,25.7218,4.3894,5.21
2026-07-23T15:59:24.725,25.7251,4.2132,5.308
2026-07-23T15:59:24.725,25.7273,4.4286,5.445
2026-07-23T15:59:24.745,25.7273,4.2524,5.3863
2026-07-23T15:59:24.757,25.7584,4.5656,5.4254
2026-07-23T15:59:24.757,25.7584,4.4677,5.4059
2026-07-23T15:59:24.778,25.7584,4.3698,5.4254
2026-07-23T15:59:24.788,25.7916,4.409,5.4646
2026-07-23T15:59:24.804,25.7916,4.3503,5.445
2026-07-23T15:59:24.809,25.7916,4.3698,5.5429
2026-07-23T15:59:24.809,25.8006,4.4873,5.445
2026-07-23T15:59:24.835,25.8251,4.3698,5.445
2026-07-23T15:59:24.835,25.8251,4.5656,5.4842
2026-07-23T15:59:24.842,25.8319,4.3894,5.5038
2026-07-23T15:59:24.855,25.8612,4.4873,5.5429
2026-07-23T15:59:24.870,25.8657,4.409,5.4842
2026-07-23T15:59:24.876,25.869,4.4482,5.6604
2026-07-23T15:59:24.888,25.869,4.4286,5.5625
2026-07-23T15:59:24.907,25.9031,4.4677,5.6017
2026-07-23T15:59:24.907,25.9031,4.5069,5.68
2026-07-23T15:59:24.920,25.9086,4.5461,5.68
2026-07-23T15:59:24.920,25.9112,4.5265,5.7387
2026-07-23T15:59:24.943,25.9374,4.6635,5.7387
2026-07-23T15:59:24.946,25.9444,4.5461,5.8562
2026-07-23T15:59:24.962,25.9497,4.7223,5.8171
2026-07-23T15:59:24.962,25.974,4.5852,5.9345
2026-07-23T15:59:24.976,25.9773,4.7027,5.9933
2026-07-23T15:59:24.988,25.9861,4.7223,5.9345
2026-07-23T15:59:25.000,25.9901,4.7419,5.9541
2026-07-23T15:59:25.020,26.0191,4.7615,6.0324
2026-07-23T15:59:25.020,26.0219,4.781,6.052
2026-07-23T15:59:25.028,26.0219,4.781,6.052
2026-07-23T15:59:25.042,26.0279,4.8202,6.0129
2026-07-23T15:59:25.058,26.0583,4.7223,6.0324
2026-07-23T15:59:25.058,26.0583,4.9573,6.0129
2026-07-23T15:59:25.068,26.0623,4.7027,6.0912
2026-07-23T15:59:25.079,26.0628,4.8594,6.1303
2026-07-23T15:59:25.088,26.0916,4.7027,6.1695
2026-07-23T15:59:25.088,26.0916,4.8789,6.2087
2026-07-23T15:59:25.109,26.0983,4.8985,6.1695
2026-07-23T15:59:25.120,26.101,4.9964,6.1303
2026-07-23T15:59:25.136,26.1271,5.0356,6.1695
2026-07-23T15:59:25.136,26.1271,4.9768,6.1499
2026-07-23T15:59:25.149,26.1351,4.9768,6.2282
2026-07-23T15:59:25.152,26.1585,5.0356,6.1499
2026-07-23T15:59:25.176,26.1648,4.8789,6.1499
2026-07-23T15:59:25.178,26.1648,5.0747,6.1108
2026-07-23T15:59:25.186,26.17,4.9377,6.1891
2026-07-23T15:59:25.207,26.2009,5.0356,6.2087
2026-07-23T15:59:25.209,26.2032,4.9964,6.2282
2026-07-23T15:59:25.216,26.2072,5.016,6.3066
2026-07-23T15:59:25.231,26.2328,5.0356,6.2478
2026-07-23T15:59:25.231,26.2328,4.9573,6.287
2026-07-23T15:59:25.251,26.2365,4.9964,6.2478
2026-07-23T15:59:25.261,26.2431,4.8985,6.1695
2026-07-23T15:59:25.268,26.2703,4.8594,6.1891
2026-07-23T15:59:25.279,26.2733,4.9964,6.1108
2026-07-23T15:59:25.287,26.2743,4.8006,6.2674
2026-07-23T15:59:25.303,26.3061,4.9573,6.1499
2026-07-23T15:59:25.309,26.3081,4.8006,6.0912
2026-07-23T15:59:25.309,26.3107,4.9181,6.0912
2026-07-23T15:59:25.329,26.3107,4.8594,6.0912
2026-07-23T15:59:25.329,26.3405,4.8985,6.0912
2026-07-23T15:59:25.343,26.3405,4.8398,6.1108
2026-07-23T15:59:25.359,26.3491,4.8789,6.0716
2026-07-23T15:59:25.369,26.3537,4.781,6.1695
2026-07-23T15:59:25.388,26.3771,4.8006,6.0324
2026-07-23T15:59:25.391,26.3771,4.6831,6.052
2026-07-23T15:59:25.400,26.3859,4.6831,6.0129
2026-07-23T15:59:25.404,26.3859,4.5852,6.0324
2026-07-23T15:59:25.422,26.4183,4.8398,5.9933
2026-07-23T15:59:25.428,26.4183,4.6048,6.0324
2026-07-23T15:59:25.437,26.4253,4.8006,6.0912
2026-07-23T15:59:25.454,26.4472,4.6831,5.9541
2026-07-23T15:59:25.454,26.4472,4.781,6.052
2026-07-23T15:59:25.469,26.4516,4.8789,6.052
2026-07-23T15:59:25.482,26.4786,4.8398,6.052
2026-07-23T15:59:25.482,26.4786,4.8789,6.1303
2026-07-23T15:59:25.498,26.4868,4.9573,6.1499
2026-07-23T15:59:25.507,26.5102,4.8398,6.2087
2026-07-23T15:59:25.522,26.5138,4.9573,6.1499
2026-07-23T15:59:25.529,26.5138,4.8985,6.1695
2026-07-23T15:59:25.538,26.5138,5.0552,6.1891
2026-07-23T15:59:25.549,26.5497,4.8594,6.1108
2026-07-23T15:59:25.549,26.5497,4.9768,6.1891
2026-07-23T15:59:25.565,26.5566,4.9181,6.287
2026-07-23T15:59:25.583,26.5753,4.9181,6.2087
2026-07-23T15:59:25.594,26.5902,4.8985,6.1695
2026-07-23T15:59:25.601,26.5917,5.016,6.1303
2026-07-23T15:59:25.607,26.5946,4.9768,6.2282
2026-07-23T15:59:25.626,26.6253,5.0356,6.1891
2026-07-23T15:59:25.626,26.6253,4.9573,6.2087
2026-07-23T15:59:25.643,26.6253,5.1335,6.2087
2026-07-23T15:59:25.645,26.6367,5.0356,6.1891
2026-07-23T15:59:25.663,26.6586,5.1726,6.2087
2026-07-23T15:59:25.672,26.668,4.9768,6.1499
2026-07-23T15:59:25.676,26.668,5.0747,6.2087
2026-07-23T15:59:25.688,26.672,4.9964,6.1499
2026-07-23T15:59:25.705,26.6997,4.9964,6.1695
2026-07-23T15:59:25.709,26.6997,4.9964,6.2478
2026-07-23T15:59:25.719,26.6997,4.9768,6.2087
2026-07-23T15:59:25.723,26.7317,4.9573,6.2674
2026-07-23T15:59:25.735,26.7374,5.1335,6.1891
2026-07-23T15:59:25.750,26.7374,5.0356,6.287
2026-07-23T15:59:25.750,26.7428,5.2901,6.3066
2026-07-23T15:59:25.767,26.7634,5.1139,6.3262
2026-07-23T15:59:25.776,26.7634,5.2901,6.3457
2026-07-23T15:59:25.788,26.7721,5.016,6.287
2026-07-23T15:59:25.799,26.796,5.1531,6.3066
2026-07-23T15:59:25.809,26.796,5.251,6.2478
2026-07-23T15:59:25.823,26.796,5.2118,6.3457
2026-07-23T15:59:25.823,26.796,5.1531,6.287
2026-07-23T15:59:25.845,26.8272,5.1922,6.3262
2026-07-23T15:59:25.847,26.8387,5.0943,6.3066
2026-07-23T15:59:25.847,26.8387,5.1335,6.287
2026-07-23T15:59:25.877,26.8642,4.9768,6.2478
2026-07-23T15:59:25.878,26.8642,5.1139,6.1891
2026-07-23T15:59:25.889,26.8642,5.016,6.1891
2026-07-23T15:59:25.893,26.8918,5.1335,6.2674
2026-07-23T15:59:25.913,26.8998,4.9181,6.1303
2026-07-23T15:59:25.915,26.9039,4.9768,6.2282
2026-07-23T15:59:25.924,26.9252,4.8789,6.1303
2026-07-23T15:59:25.943,26.9325,4.9181,6.1499
2026-07-23T15:59:25.953,26.9367,4.9573,6.1499
2026-07-23T15:59:25.958,26.9584,4.9964,6.2087
2026-07-23T15:59:25.976,26.9584,4.8202,6.2674
2026-07-23T15:59:25.976,26.9584,5.0552,6.1891
2026-07-23T15:59:25.990,26.9681,4.9181,6.2087
2026-07-23T15:59:25.996,26.9919,5.0356,6.2282
2026-07-23T15:59:26.009,26.9991,4.9181,6.1108
2026-07-23T15:59:26.019,27.0043,5.0747,6.1891
2026-07-23T15:59:26.028,27.0319,4.9377,6.2087
2026-07-23T15:59:26.038,27.0339,4.8985,6.1891
2026-07-23T15:59:26.050,27.0339,4.9964,6.2478
2026-07-23T15:59:26.055,27.0662,4.8789,6.1891
2026-07-23T15:59:26.066,27.0707,4.781,6.2478
2026-07-23T15:59:26.085,27.0732,4.8985,6.1891
2026-07-23T15:59:26.092,27.0765,4.8006,6.2674
2026-07-23T15:59:26.097,27.094,5.016,6.2087
2026-07-23T15:59:26.113,27.094,4.8006,6.1891
2026-07-23T15:59:26.124,27.094,5.016,6.287
2026-07-23T15:59:26.127,27.1098,4.7419,6.1499
2026-07-23T15:59:26.129,27.1251,4.8985,6.2674
2026-07-23T15:59:26.145,27.1251,4.8202,6.2087
2026-07-23T15:59:26.163,27.1488,4.8398,6.2282
2026-07-23T15:59:26.176,27.1738,4.8594,6.2087
2026-07-23T15:59:26.176,27.1738,4.8789,6.1891
2026-07-23T15:59:26.176,27.1738,4.8594,6.287
2026-07-23T15:59:26.200,27.1738,4.8985,6.2282
2026-07-23T15:59:26.209,27.2044,4.8398,6.287
2026-07-23T15:59:26.209,27.2044,5.016,6.2478
2026-07-23T15:59:26.225,27.2161,4.8006,6.2674
2026-07-23T15:59:26.242,27.2378,4.9573,6.3457
2026-07-23T15:59:26.247,27.2378,4.781,6.2674
2026-07-23T15:59:26.255,27.2465,4.9573,6.3262
2026-07-23T15:59:26.271,27.2795,4.9768,6.3262
2026-07-23T15:59:26.287,27.2832,4.9964,6.287
2026-07-23T15:59:26.287,27.2832,5.016,6.3457
2026-07-23T15:59:26.297,27.2917,5.0943,6.3653
2026-07-23T15:59:26.309,27.3211,4.8985,6.4241
2026-07-23T15:59:26.325,27.325,5.016,6.4045
2026-07-23T15:59:26.330,27.3279,4.8594,6.4828
2026-07-23T15:59:26.343,27.3307,5.0747,6.5024
2026-07-23T15:59:26.350,27.3616,4.9377,6.5024
2026-07-23T15:59:26.350,27.362,5.0943,6.5415
2026-07-23T15:59:26.376,27.363,4.8789,6.4436
2026-07-23T15:59:26.379,27.3687,5.0356,6.4828
2026-07-23T15:59:26.381,27.3934,4.7419,6.4632
2026-07-23T15:59:26.397,27.3934,5.0552,6.4632
2026-07-23T15:59:26.410,27.4044,5.1335,6.6394
2026-07-23T15:59:26.420,27.4093,5.1922,6.4828
2026-07-23T15:59:26.434,27.4252,5.0552,6.5415
2026-07-23T15:59:26.444,27.4401,5.1139,6.4828
2026-07-23T15:59:26.444,27.4401,4.9181,6.5024
2026-07-23T15:59:26.460,27.4411,5.0747,6.4828
2026-07-23T15:59:26.460,27.4692,4.8985,6.4436
2026-07-23T15:59:26.476,27.4744,5.0943,6.5024
2026-07-23T15:59:26.476,27.4782,4.9768,6.4632
2026-07-23T15:59:26.497,27.5046,5.0356,6.5415
2026-07-23T15:59:26.509,27.5087,4.9768,6.4632
2026-07-23T15:59:26.520,27.5087,5.016,6.4632
2026-07-23T15:59:26.529,27.5167,5.016,6.5024
2026-07-23T15:59:26.543,27.536,5.0552,6.4241
2026-07-23T15:59:26.555,27.536,4.9768,6.4828
2026-07-23T15:59:26.559,27.552,5.1726,6.4436
2026-07-23T15:59:26.571,27.552,5.016,6.5415
2026-07-23T15:59:26.580,27.5822,5.1139,6.522
2026-07-23T15:59:26.587,27.5847,4.9573,6.5415
2026-07-23T15:59:26.603,27.5917,5.1335,6.6003
2026-07-23T15:59:26.609,27.6152,4.9377,6.522
2026-07-23T15:59:26.626,27.6152,5.016,6.522
2026-07-23T15:59:26.633,27.6252,4.9377,6.4632
2026-07-23T15:59:26.645,27.6322,4.9964,6.4828
2026-07-23T15:59:26.645,27.6322,4.9377,6.4632
2026-07-23T15:59:26.666,27.6646,5.0747,6.5024
2026-07-23T15:59:26.666,27.6646,4.9768,6.4828
2026-07-23T15:59:26.683,27.6646,5.1335,6.4632
2026-07-23T15:59:26.683,27.6964,4.9181,6.4632
2026-07-23T15:59:26.706,27.6964,5.0747,6.5415
2026-07-23T15:59:26.714,27.7049,4.8594,6.522
2026-07-23T15:59:26.715,27.7107,5.0356,6.5611
2026-07-23T15:59:26.746,27.7384,4.9964,6.5415
2026-07-23T15:59:26.746,27.7406,5.0552,6.5415
2026-07-23T15:59:26.747,27.7426,5.1335,6.5807
2026-07-23T15:59:26.762,27.7468,5.1922,6.6003
2026-07-23T15:59:26.762,27.7587,5.2118,6.6394
2026-07-23T15:59:26.778,27.7755,5.2118,6.7569
2026-07-23T15:59:26.791,27.7801,5.0943,6.6982
2026-07-23T15:59:26.798,27.7837,5.3489,6.7178
2026-07-23T15:59:26.809,27.8117,5.1922,6.7765
2026-07-23T15:59:26.809,27.8117,5.5055,6.8157
2026-07-23T15:59:26.831,27.8181,5.4272,6.8157
2026-07-23T15:59:26.843,27.8377,5.6622,6.9332
2026-07-23T15:59:26.856,27.8377,5.5643,6.8744
2026-07-23T15:59:26.862,27.8534,5.7601,6.894
2026-07-23T15:59:26.869,27.8581,5.6817,6.9527
2026-07-23T15:59:26.876,27.8759,5.6034,6.8548
2026-07-23T15:59:26.888,27.8886,5.4076,6.894
2026-07-23T15:59:26.904,27.8919,5.5643,6.8353
2026-07-23T15:59:26.909,27.8919,5.4076,6.9332
2026-07-23T15:59:26.927,27.925,5.5838,6.9332
2026-07-23T15:59:26.927,27.925,5.388,6.9723
2026-07-23T15:59:26.943,27.9323,5.6622,6.9332
2026-07-23T15:59:26.952,27.9346,5.4468,6.8548
2026-07-23T15:59:26.956,27.9588,5.6426,6.9527
2026-07-23T15:59:26.967,27.9645,5.6034,6.894
2026-07-23T15:59:26.983,27.9645,5.623,6.894
2026-07-23T15:59:26.985,27.9645,5.5838,6.9527
2026-07-23T15:59:26.999,27.9959,5.5055,6.894
2026-07-23T15:59:27.015,27.9959,5.4468,6.8548
2026-07-23T15:59:27.015,28.0045,5.5447,6.9332
2026-07-23T15:59:27.031,28.0326,5.388,6.8744
2026-07-23T15:59:27.047,28.0326,5.6817,6.894
2026-07-23T15:59:27.057,28.0326,5.4859,6.894
2026-07-23T15:59:27.064,28.0635,5.6817,6.9136
2026-07-23T15:59:27.078,28.0635,5.5055,6.8744
2026-07-23T15:59:27.078,28.0635,5.5838,6.9136
2026-07-23T15:59:27.090,28.077,5.5251,6.8353
2026-07-23T15:59:27.109,28.1018,5.5447,6.7961
2026-07-23T15:59:27.109,28.1056,5.388,6.7569
2026-07-23T15:59:27.114,28.1056,5.3489,6.7373
2026-07-23T15:59:27.128,28.1369,5.251,6.6786
2026-07-23T15:59:27.143,28.1369,5.3685,6.6786
2026-07-23T15:59:27.153,28.1453,5.0552,6.6199
2026-07-23T15:59:27.156,28.1453,5.2314,6.6199
2026-07-23T15:59:27.172,28.1773,5.0552,6.6786
2026-07-23T15:59:27.176,28.1773,5.2901,6.7569
2026-07-23T15:59:27.188,28.1844,5.1335,6.6786
2026-07-23T15:59:27.196,28.1881,5.3293,6.6394
2026-07-23T15:59:27.210,28.2155,5.251,6.6003
2026-07-23T15:59:27.219,28.2165,5.2314,6.6199
2026-07-23T15:59:27.228,28.2223,5.2901,6.6003
2026-07-23T15:59:27.239,28.2274,5.2706,6.659
2026-07-23T15:59:27.251,28.2482,5.2901,6.7373
2026-07-23T15:59:27.251,28.2482,5.5643,6.7178
2026-07-23T15:59:27.273,28.2584,5.3489,6.8157
2026-07-23T15:59:27.278,28.2584,5.5055,6.7569
2026-07-23T15:59:27.299,28.2878,5.3293,6.7373
2026-07-23T15:59:27.299,28.2878,5.5447,6.7373
2026-07-23T15:59:27.309,28.2958,5.3097,6.7569
2026-07-23T15:59:27.315,28.3224,5.3293,6.659
2026-07-23T15:59:27.331,28.3251,5.3097,6.6003
2026-07-23T15:59:27.339,28.3286,5.2314,6.522
2026-07-23T15:59:27.347,28.3286,5.1335,6.5611
2026-07-23T15:59:27.362,28.3588,4.9573,6.4436
2026-07-23T15:59:27.362,28.3588,4.7615,6.3457
2026-07-23T15:59:27.379,28.364,4.9181,6.2087
2026-07-23T15:59:27.394,28.4029,4.7615,6.3457
2026-07-23T15:59:27.394,28.4074,5.0747,6.3262
2026-07-23T15:59:27.410,28.4092,4.8789,6.4436
2026-07-23T15:59:27.425,28.4427,5.1922,6.4828
2026-07-23T15:59:27.441,28.4473,5.1139,6.5611
2026-07-23T15:59:27.441,28.4473,5.2314,6.6003
2026-07-23T15:59:27.460,28.453,5.1922,6.5611
2026-07-23T15:59:27.460,28.453,5.2118,6.6394
2026-07-23T15:59:27.476,28.4847,5.1531,6.5024
2026-07-23T15:59:27.488,28.4889,5.251,6.6394
2026-07-23T15:59:27.488,28.4889,5.0356,6.6199
2026-07-23T15:59:27.498,28.4921,5.2314,6.6394
2026-07-23T15:59:27.509,28.5265,5.0552,6.659
2026-07-23T15:59:27.529,28.532,5.2901,6.6982
2026-07-23T15:59:27.529,28.532,5.1139,6.7178
2026-07-23T15:59:27.543,28.532,5.3685,6.8353
2026-07-23T15:59:27.550,28.532,5.2118,6.8548
2026-07-23T15:59:27.567,28.5725,5.3293,6.9136
2026-07-23T15:59:27.567,28.5785,5.2314,6.894
2026-07-23T15:59:27.583,28.5806,5.2314,6.8744
2026-07-23T15:59:27.583,28.5806,5.251,6.9332
2026-07-23T15:59:27.614,28.6163,5.2706,6.8744
2026-07-23T15:59:27.614,28.6163,5.1922,7.0115
2026-07-23T15:59:27.614,28.6163,5.388,6.9136
2026-07-23T15:59:27.631,28.6163,5.2314,7.0506
2026-07-23T15:59:27.631,28.6163,5.4859,7.1094
2026-07-23T15:59:27.662,28.6588,5.2901,7.0702
2026-07-23T15:59:27.662,28.6588,5.5447,7.1681
2026-07-23T15:59:27.667,28.6686,5.4664,7.129
2026-07-23T15:59:27.689,28.7039,5.5447,7.1877
2026-07-23T15:59:27.692,28.7039,5.5447,7.1681
2026-07-23T15:59:27.692,28.7039,5.5447,7.2073
2026-07-23T15:59:27.710,28.7039,5.4859,7.1681
2026-07-23T15:59:27.719,28.7142,5.5447,7.1877
2026-07-23T15:59:27.730,28.7393,5.4076,7.3052
2026-07-23T15:59:27.748,28.7393,5.6622,7.2856
2026-07-23T15:59:27.748,28.7393,5.5838,7.4031
2026-07-23T15:59:27.755,28.7515,5.8384,7.501
2026-07-23T15:59:27.768,28.7587,5.6817,7.4423
2026-07-23T15:59:27.776,28.7921,5.8188,7.4814
2026-07-23T15:59:27.790,28.7995,5.7992,7.4618
2026-07-23T15:59:27.802,28.8051,5.8384,7.4227
2026-07-23T15:59:27.809,28.8069,5.8384,7.4423
2026-07-23T15:59:27.834,28.831,5.9559,7.5402
2026-07-23T15:59:27.843,28.8478,5.8971,7.5989
2026-07-23T15:59:27.843,28.8478,5.995,7.5793
2026-07-23T15:59:27.850,28.853,5.858,7.6381
2026-07-23T15:59:27.862,28.8579,6.0342,7.5597
2026-07-23T15:59:27.874,28.8897,5.8776,7.6576
2026-07-23T15:59:27.882,28.8922,6.1125,7.736
2026-07-23T15:59:27.882,28.894,5.8971,7.6576
2026-07-23T15:59:27.899,28.894,5.9559,7.6381
2026-07-23T15:59:27.910,28.9062,5.9755,7.5597
2026-07-23T15:59:27.930,28.9355,6.0146,7.6772
2026-07-23T15:59:27.930,28.9355,6.1908,7.7164
2026-07-23T15:59:27.943,28.9355,6.0538,7.6772
2026-07-23T15:59:27.957,28.943,6.1125,7.7555
2026-07-23T15:59:27.957,28.943,6.23,7.7164
2026-07-23T15:59:27.976,28.9801,6.0734,7.7947
2026-07-23T15:59:27.976,28.9801,6.2888,7.7555
2026-07-23T15:59:27.986,28.9888,6.0538,7.8339
2026-07-23T15:59:27.999,28.9919,6.1908,7.8535
2026-07-23T15:59:28.024,29.0311,6.0342,7.7751
2026-07-23T15:59:28.024,29.0311,6.1908,7.873
2026-07-23T15:59:28.031,29.0387,6.23,7.8535
2026-07-23T15:59:28.043,29.0407,6.2692,7.873
2026-07-23T15:59:28.043,29.0804,6.2104,7.8535
2026-07-23T15:59:28.061,29.0828,6.1321,7.7751
2026-07-23T15:59:28.074,29.0838,6.0146,7.7947
2026-07-23T15:59:28.082,29.092,6.1517,7.7751
2026-07-23T15:59:28.092,29.092,5.995,7.8535
2026-07-23T15:59:28.101,29.092,6.2104,7.873
2026-07-23T15:59:28.119,29.1318,6.1125,7.9318
2026-07-23T15:59:28.124,29.1364,6.2692,7.9514
2026-07-23T15:59:28.131,29.139,6.1908,7.9318
2026-07-23T15:59:28.143,29.139,6.2888,8.0101
2026-07-23T15:59:28.151,29.1477,6.3867,8.1276
2026-07-23T15:59:28.176,29.181,6.4258,8.0688
2026-07-23T15:59:28.176,29.181,6.4258,8.1667
2026-07-23T15:59:28.182,29.181,6.3671,8.2255
2026-07-23T15:59:28.190,29.1922,6.2496,8.2451
2026-07-23T15:59:28.198,29.1963,6.3671,8.2059
2026-07-23T15:59:28.210,29.2267,6.1713,8.2451
2026-07-23T15:59:28.214,29.2267,6.3867,8.1863
2026-07-23T15:59:28.232,29.2267,6.1321,8.1276
2026-07-23T15:59:28.247,29.2423,6.2692,8.1276
2026-07-23T15:59:28.252,29.2423,6.0146,8.0101
2026-07-23T15:59:28.276,29.2715,6.0929,7.9905
2026-07-23T15:59:28.276,29.2715,6.0734,7.9709
2026-07-23T15:59:28.277,29.2783,6.0734,7.9514
2026-07-23T15:59:28.293,29.2815,6.1713,7.9709
2026-07-23T15:59:28.293,29.3056,6.0342,7.9318
2026-07-23T15:59:28.310,29.3056,6.0929,7.9905
2026-07-23T15:59:28.322,29.3174,6.1517,7.9122
2026-07-23T15:59:28.332,29.3232,5.9363,7.9122
2026-07-23T15:59:28.332,29.3394,6.23,7.8339
2026-07-23T15:59:28.356,29.3552,6.0342,7.8339
2026-07-23T15:59:28.356,29.3577,6.1908,7.873
2026-07-23T15:59:28.372,29.3598,5.8971,7.8143
2026-07-23T15:59:28.376,29.3903,5.9755,7.8143
2026-07-23T15:59:28.390,29.3918,5.9167,7.7555
2026-07-23T15:59:28.400,29.398,5.9167,7.873
2026-07-23T15:59:28.411,29.4038,5.9167,7.7947
2026-07-23T15:59:28.419,29.4335,5.8971,7.8143
2026-07-23T15:59:28.435,29.4335,5.9167,7.8535
2026-07-23T15:59:28.441,29.4335,6.0342,7.736
2026-07-23T15:59:28.455,29.4485,5.8971,7.9122
2026-07-23T15:59:28.458,29.4632,5.995,7.7947
2026-07-23T15:59:28.476,29.4824,5.7992,7.7947
2026-07-23T15:59:28.484,29.4824,5.9363,7.7947
2026-07-23T15:59:28.484,29.4824,5.7992,7.8143
2026-07-23T15:59:28.506,29.4974,5.995,7.8339
2026-07-23T15:59:28.514,29.5099,5.995,7.8143
2026-07-23T15:59:28.514,29.5252,5.995,7.8339
2026-07-23T15:59:28.533,29.5286,6.0146,7.8926
2026-07-23T15:59:28.545,29.5321,5.9559,7.8339
2026-07-23T15:59:28.548,29.5601,5.8188,7.7164
2026-07-23T15:59:28.561,29.5601,5.9167,7.6772
2026-07-23T15:59:28.561,29.5601,5.623,7.5597
2026-07-23T15:59:28.583,29.5733,5.7013,7.5402
2026-07-23T15:59:28.587,29.5757,5.4859,7.501
2026-07-23T15:59:28.607,29.6036,5.4859,7.5206
2026-07-23T15:59:28.611,29.607,5.388,7.4031
2026-07-23T15:59:28.624,29.607,5.5251,7.5402
2026-07-23T15:59:28.636,29.6373,5.5643,7.4814
2026-07-23T15:59:28.643,29.6373,5.5055,7.4814
2026-07-23T15:59:28.654,29.6373,5.5643,7.5402
2026-07-23T15:59:28.658,29.6373,5.5251,7.4618
2026-07-23T15:59:28.676,29.6743,5.5251,7.8339
2026-07-23T15:59:28.676,29.6743,5.5643,7.4423
2026-07-23T15:59:28.688,29.682,5.4468,7.4618
2026-07-23T15:59:28.701,29.684,5.5251,7.4618
2026-07-23T15:59:28.711,29.7145,5.4272,7.4031
2026-07-23T15:59:28.717,29.7193,5.5643,7.5402
2026-07-23T15:59:28.735,29.7255,5.3293,7.4618
2026-07-23T15:59:28.753,29.7456,5.4468,7.4814
2026-07-23T15:59:28.753,29.7456,5.4664,7.5402
2026-07-23T15:59:28.765,29.7586,5.4664,7.5206
2026-07-23T15:59:28.770,29.7616,5.4272,7.5402
2026-07-23T15:59:28.786,29.7832,5.5251,7.5597
2026-07-23T15:59:28.796,29.7935,5.4859,7.6381
2026-07-23T15:59:28.796,29.7935,5.6426,7.5989
2026-07-23T15:59:28.811,29.8028,5.5838,7.736
2026-07-23T15:59:28.816,29.8286,5.7209,7.5989
2026-07-23T15:59:28.834,29.832,5.5447,7.6576
2026-07-23T15:59:28.834,29.8377,5.7601,7.6968
2026-07-23T15:59:28.857,29.8412,5.7405,7.7164
2026-07-23T15:59:28.857,29.8676,5.7405,7.7164
2026-07-23T15:59:28.876,29.8731,5.7601,7.7164
2026-07-23T15:59:28.883,29.8741,5.8384,7.7751
2026-07-23T15:59:28.892,29.8741,5.7209,7.8339
2026-07-23T15:59:28.892,29.9071,5.7209,7.7164
2026-07-23T15:59:28.911,29.9139,5.7209,7.873
2026-07-23T15:59:28.924,29.9139,5.8776,7.8339
2026-07-23T15:59:28.925,29.9203,5.8384,7.8143
2026-07-23T15:59:28.955,29.9511,5.8188,7.9709
2026-07-23T15:59:28.955,29.9511,5.7013,7.8339
2026-07-23T15:59:28.965,29.9566,5.8384,7.873
2026-07-23T15:59:28.971,29.9601,5.7992,7.8143
2026-07-23T15:59:28.987,29.9836,5.8188,7.873
2026-07-23T15:59:28.987,29.9836,5.8188,7.7751
2026-07-23T15:59:29.002,29.9922,5.8188,7.8535
2026-07-23T15:59:29.011,29.9985,5.7601,7.8926
2026-07-23T15:59:29.018,30.0142,5.7992,7.9122
2026-07-23T15:59:29.033,30.0255,5.7405,8.0101
2026-07-23T15:59:29.043,30.0301,5.9167,7.9514
2026-07-23T15:59:29.049,30.0586,5.8188,7.9905
2026-07-23T15:59:29.065,30.0619,5.9363,8.0297
2026-07-23T15:59:29.065,30.0629,5.7013,7.9514
2026-07-23T15:59:29.081,30.0629,5.7992,7.9514
2026-07-23T15:59:29.089,30.0936,5.7013,7.9905
2026-07-23T15:59:29.098,30.0936,5.6817,7.9905
2026-07-23T15:59:29.113,30.1005,5.6817,7.9514
2026-07-23T15:59:29.114,30.108,5.7601,7.9514
2026-07-23T15:59:29.135,30.1254,5.7797,8.0884
2026-07-23T15:59:29.143,30.1349,5.7405,8.0297
2026-07-23T15:59:29.151,30.1349,5.7405,8.1667
2026-07-23T15:59:29.167,30.1604,5.8776,8.0297
2026-07-23T15:59:29.176,30.1697,5.7013,8.1276
2026-07-23T15:59:29.186,30.1697,5.8188,8.0688
2026-07-23T15:59:29.192,30.173,5.6622,8.0101
2026-07-23T15:59:29.210,30.1993,5.7992,8.0493
2026-07-23T15:59:29.211,30.1993,5.7209,7.9514
2026-07-23T15:59:29.220,30.2046,5.623,8.0493
2026-07-23T15:59:29.245,30.2288,5.6426,8.0101
2026-07-23T15:59:29.245,30.2288,5.623,7.9709
2026-07-23T15:59:29.250,30.2363,5.5838,8.0493
2026-07-23T15:59:29.255,30.2411,5.6034,7.9514
2026-07-23T15:59:29.280,30.2604,5.5838,8.0297
2026-07-23T15:59:29.280,30.2679,5.7405,7.9709
2026-07-23T15:59:29.292,30.2679,5.5643,8.0688
2026-07-23T15:59:29.303,30.2962,5.623,8.0297
2026-07-23T15:59:29.311,30.2962,5.5251,7.9905
2026-07-23T15:59:29.319,30.2998,5.6034,7.9709
2026-07-23T15:59:29.335,30.3255,5.6426,7.9709
2026-07-23T15:59:29.343,30.3255,5.5838,8.0884
2026-07-23T15:59:29.351,30.3321,5.5838,8.0493
2026-07-23T15:59:29.351,30.3586,5.5643,8.0688
2026-07-23T15:59:29.367,30.3606,5.5838,8.108
2026-07-23T15:59:29.383,30.3634,5.623,8.0297
2026-07-23T15:59:29.383,30.3922,5.4859,8.0101
2026-07-23T15:59:29.398,30.3949,5.6622,7.9905
2026-07-23T15:59:29.414,30.3949,5.4859,7.9905
2026-07-23T15:59:29.419,30.4299,5.6817,7.9905
2026-07-23T15:59:29.436,30.4299,5.5055,7.873
2026-07-23T15:59:29.436,30.4377,5.5838,7.9318
2026-07-23T15:59:29.446,30.4377,5.6034,7.9514
2026-07-23T15:59:29.466,30.4609,5.6426,8.0101
2026-07-23T15:59:29.477,30.4609,5.6622,7.9709
2026-07-23T15:59:29.481,30.4738,5.5643,7.9905
2026-07-23T15:59:29.489,30.4738,5.5838,7.9905
2026-07-23T15:59:29.503,30.5054,5.623,7.9514
2026-07-23T15:59:29.512,30.5054,5.5447,8.0297
2026-07-23T15:59:29.525,30.5054,5.7013,8.0493
2026-07-23T15:59:29.525,30.537,5.6034,8.108
2026-07-23T15:59:29.543,30.5448,5.7209,8.1276
2026-07-23T15:59:29.543,30.5448,5.623,8.0884
2026-07-23T15:59:29.556,30.5527,5.7209,8.1863
2026-07-23T15:59:29.576,30.5854,5.7013,8.0101
2026-07-23T15:59:29.588,30.5854,5.6426,8.0688
2026-07-23T15:59:29.596,30.5912,5.623,7.9905
2026-07-23T15:59:29.596,30.5922,5.6034,8.0297
2026-07-23T15:59:29.612,30.6189,5.623,8.108
2026-07-23T15:59:29.625,30.6253,5.623,8.2059
2026-07-23T15:59:29.636,30.6284,5.6426,8.343
2026-07-23T15:59:29.643,30.6319,5.7992,8.3626
2026-07-23T15:59:29.651,30.6607,5.7209,8.4409
2026-07-23T15:59:29.651,30.6633,5.7797,8.48
2026-07-23T15:59:29.670,30.6633,5.6034,8.4017
2026-07-23T15:59:29.683,30.6633,5.6817,8.4017
2026-07-23T15:59:29.683,30.7,5.6426,8.3626
2026-07-23T15:59:29.699,30.7,5.623,8.48
2026-07-23T15:59:29.714,30.7,5.6817,8.4996
2026-07-23T15:59:29.714,30.7119,5.6817,8.5779
2026-07-23T15:59:29.732,30.7385,5.7405,8.5779
2026-07-23T15:59:29.743,30.7385,5.6817,8.5779
2026-07-23T15:59:29.751,30.7426,5.6622,8.6367
2026-07-23T15:59:29.763,30.7426,5.7797,8.6171
2026-07-23T15:59:29.763,30.7743,5.7209,8.6367
2026-07-23T15:59:29.777,30.7743,5.8776,8.6171
2026-07-23T15:59:29.793,30.7834,5.6817,8.6171
2026-07-23T15:59:29.793,30.7861,5.858,8.6758
2026-07-23T15:59:29.811,30.8078,5.7013,8.6171
2026-07-23T15:59:29.825,30.8078,5.6426,8.6367
2026-07-23T15:59:29.834,30.8218,5.7013,8.6954
2026-07-23T15:59:29.856,30.8379,5.6817,8.6367
2026-07-23T15:59:29.856,30.8379,5.6817,8.6367
2026-07-23T15:59:29.859,30.8379,5.7405,8.6563
2026-07-23T15:59:29.876,30.8538,5.7797,8.7542
2026-07-23T15:59:29.876,30.8697,5.7797,8.6758
2026-07-23T15:59:29.889,30.8867,5.7013,8.6563
2026-07-23T15:59:29.889,30.8867,5.7797,8.6758
2026-07-23T15:59:29.912,30.8941,5.6622,8.5388
2026-07-23T15:59:29.920,30.9177,5.7601,8.5975
2026-07-23T15:59:29.920,30.9254,5.7797,8.5584
2026-07-23T15:59:29.945,30.9276,5.7405,8.6367
2026-07-23T15:59:29.959,30.9588,5.7797,8.5975
2026-07-23T15:59:29.959,30.9588,5.5838,8.6367
2026-07-23T15:59:29.975,30.9608,5.7601,8.6758
2026-07-23T15:59:29.985,30.9672,5.7013,8.5975
2026-07-23T15:59:30.001,30.987,5.6817,8.5975
2026-07-23T15:59:30.001,30.987,5.7992,8.4605
2026-07-23T15:59:30.012,30.9918,5.6817,8.4409
2026-07-23T15:59:30.018,31.0198,5.7013,8.4213
2026-07-23T15:59:30.032,31.0255,5.6817,8.4017
2026-07-23T15:59:30.043,31.0282,5.7992,8.48
2026-07-23T15:59:30.049,31.0438,5.7601,8.5192
2026-07-23T15:59:30.063,31.0438,5.7797,8.5779
2026-07-23T15:59:30.073,31.0609,5.9363,8.5779
2026-07-23T15:59:30.084,31.0609,5.8776,8.5388
2026-07-23T15:59:30.084,31.0874,5.9363,8.5192
2026-07-23T15:59:30.095,31.0929,5.858,8.4605
2026-07-23T15:59:30.112,31.0955,5.9167,8.5584
2026-07-23T15:59:30.127,31.1225,6.0342,8.5975
2026-07-23T15:59:30.127,31.1247,5.995,8.6758
2026-07-23T15:59:30.144,31.1277,6.1908,8.5975
2026-07-23T15:59:30.146,31.1277,6.0342,8.6758
2026-07-23T15:59:30.159,31.1611,6.0538,8.7346
2026-07-23T15:59:30.169,31.1611,6.1321,8.7542
2026-07-23T15:59:30.178,31.17,6.0342,8.8129
2026-07-23T15:59:30.189,31.2,6.1517,8.7933
2026-07-23T15:59:30.205,31.2021,6.0929,8.9304
2026-07-23T15:59:30.212,31.2021,6.0929,8.8129
2026-07-23T15:59:30.221,31.2021,6.0342,8.7737
2026-07-23T15:59:30.221,31.234,6.1321,8.8717
2026-07-23T15:59:30.245,31.238,6.1908,8.7933
2026-07-23T15:59:30.253,31.2421,6.1321,8.8129
2026-07-23T15:59:30.253,31.2486,6.3475,8.715
2026-07-23T15:59:30.276,31.2788,6.2692,8.7737
2026-07-23T15:59:30.276,31.2816,6.3867,8.7346
2026-07-23T15:59:30.293,31.2878,6.3279,8.8325
2026-07-23T15:59:30.301,31.2923,6.3867,8.8717
2026-07-23T15:59:30.316,31.3133,6.5433,8.8717
2026-07-23T15:59:30.316,31.3133,6.4454,8.9304
2026-07-23T15:59:30.334,31.3285,6.6216,8.95
2026-07-23T15:59:30.343,31.3324,6.5825,8.9696
2026-07-23T15:59:30.353,31.3672,6.6608,9.0479
2026-07-23T15:59:30.364,31.376,6.7783,9.0675
2026-07-23T15:59:30.379,31.3834,6.7391,9.1262
2026-07-23T15:59:30.383,31.3884,6.8762,9.1066
2026-07-23T15:59:30.391,31.3922,6.7783,9.2241
2026-07-23T15:59:30.418,31.4276,6.837,9.2828
2026-07-23T15:59:30.418,31.4307,6.8566,9.322
2026-07-23T15:59:30.418,31.4307,6.837,9.4395
2026-07-23T15:59:30.434,31.4398,6.9741,9.4003
2026-07-23T15:59:30.439,31.4425,6.7979,9.3612
2026-07-23T15:59:30.443,31.4716,6.9153,9.4591
2026-07-23T15:59:30.460,31.4716,6.7979,9.4003
2026-07-23T15:59:30.478,31.4716,6.8174,9.4591
2026-07-23T15:59:30.481,31.4806,6.8566,9.322
2026-07-23T15:59:30.493,31.4806,6.7979,9.3416
2026-07-23T15:59:30.512,31.5191,6.9153,9.2437
2026-07-23T15:59:30.522,31.5246,6.8174,9.2633
2026-07-23T15:59:30.522,31.5256,6.8762,9.4003
2026-07-23T15:59:30.531,31.5338,6.8762,9.3612
2026-07-23T15:59:30.543,31.5617,6.8566,9.3808
2026-07-23T15:59:30.554,31.5702,6.8566,9.2633
2026-07-23T15:59:30.554,31.5702,6.7783,9.2828
2026-07-23T15:59:30.570,31.5702,6.8566,9.3612
2026-07-23T15:59:30.586,31.582,6.7391,9.3416
2026-07-23T15:59:30.586,31.5976,6.9545,9.4199
2026-07-23T15:59:30.601,31.5976,6.9741,9.4003
2026-07-23T15:59:30.621,31.6133,7.0132,9.5178
2026-07-23T15:59:30.621,31.6173,7.0328,9.4395
2026-07-23T15:59:30.633,31.6173,6.9741,9.4199
2026-07-23T15:59:30.643,31.6446,7.0916,9.4787
2026-07-23T15:59:30.648,31.6591,7.0132,9.3416
2026-07-23T15:59:30.648,31.6591,6.8958,9.4003
2026-07-23T15:59:30.676,31.6617,7.0132,9.3416
2026-07-23T15:59:30.684,31.6922,6.7783,9.2828
2026-07-23T15:59:30.695,31.7011,6.9153,9.3416
2026-07-23T15:59:30.695,31.7011,6.8174,9.3024
2026-07-23T15:59:30.712,31.7093,6.8958,9.3808
2026-07-23T15:59:30.740,31.7394,6.837,9.3024
2026-07-23T15:59:30.740,31.7404,6.8174,9.322
2026-07-23T15:59:30.743,31.7444,6.7979,9.1849
2026-07-23T15:59:30.752,31.7465,6.6999,9.1458
2026-07-23T15:59:30.760,31.7767,6.7587,9.1262
2026-07-23T15:59:30.776,31.7767,6.9153,9.0283
2026-07-23T15:59:30.776,31.7767,6.6999,9.0479
2026-07-23T15:59:30.802,31.7897,6.7783,9.1849
2026-07-23T15:59:30.802,31.7897,6.6608,9.1066
2026-07-23T15:59:30.822,31.8178,6.8174,9.1654
2026-07-23T15:59:30.822,31.8178,6.6804,9.1458
2026-07-23T15:59:30.827,31.826,6.7195,9.1654
2026-07-23T15:59:30.843,31.8289,6.7783,9.1458
2026-07-23T15:59:30.853,31.8586,6.7587,9.2241
2026-07-23T15:59:30.853,31.8617,6.8566,9.2241
2026-07-23T15:59:30.877,31.8677,6.837,9.2241
2026-07-23T15:59:30.884,31.8677,6.8174,9.2437
2026-07-23T15:59:30.884,31.8963,6.837,9.1262
2026-07-23T15:59:30.900,31.8963,6.7195,9.1654
2026-07-23T15:59:30.918,31.9094,6.9153,9.1458
2026-07-23T15:59:30.918,31.9121,6.7979,9.2633
2026-07-23T15:59:30.931,31.9288,6.8958,9.2633
2026-07-23T15:59:30.947,31.9437,6.7587,9.1849
2026-07-23T15:59:30.960,31.947,6.7979,9.3024
2026-07-23T15:59:30.965,31.9512,6.8762,9.2633
2026-07-23T15:59:30.980,31.9755,6.837,9.2437
2026-07-23T15:59:30.980,31.9755,6.8762,9.1654
2026-07-23T15:59:30.994,31.9864,6.8566,9.322
2026-07-23T15:59:31.002,31.9928,6.9349,9.2828
2026-07-23T15:59:31.026,32.0277,7.072,9.2045
2026-07-23T15:59:31.026,32.0277,6.9937,9.2437
2026-07-23T15:59:31.026,32.0277,7.1307,9.2045
2026-07-23T15:59:31.044,32.0364,6.9349,9.2241
2026-07-23T15:59:31.047,32.0621,7.1111,9.2045
2026-07-23T15:59:31.058,32.0701,7.0328,9.2437
2026-07-23T15:59:31.078,32.0701,6.9153,9.2633
2026-07-23T15:59:31.089,32.0765,7.0132,9.2045
2026-07-23T15:59:31.089,32.0765,6.9349,9.2045
2026-07-23T15:59:31.110,32.1027,6.9545,9.2437
2026-07-23T15:59:31.110,32.1027,6.9153,9.2241
2026-07-23T15:59:31.121,32.1133,6.9545,9.4199
2026-07-23T15:59:31.132,32.118,6.9937,9.3808
2026-07-23T15:59:31.143,32.1337,6.9153,9.5178
2026-07-23T15:59:31.153,32.1494,7.0524,9.4591
2026-07-23T15:59:31.164,32.1494,6.9545,9.4787
2026-07-23T15:59:31.169,32.1494,7.1307,9.4982
2026-07-23T15:59:31.177,32.1812,7.1111,9.4591
2026-07-23T15:59:31.185,32.1852,7.1307,9.4982
2026-07-23T15:59:31.200,32.1852,7.1699,9.4395
2026-07-23T15:59:31.217,32.2151,7.1503,9.557
2026-07-23T15:59:31.217,32.2151,7.2482,9.557
2026-07-23T15:59:31.232,32.2151,7.2286,9.4395
2026-07-23T15:59:31.243,32.2255,7.1895,9.4591
2026-07-23T15:59:31.263,32.2445,7.2286,9.3808
2026-07-23T15:59:31.266,32.2587,7.0524,9.2633
2026-07-23T15:59:31.276,32.2625,7.209,9.2633
2026-07-23T15:59:31.289,32.2849,7.072,9.322
2026-07-23T15:59:31.289,32.2925,7.2482,9.2828
2026-07-23T15:59:31.295,32.2941,7.1895,9.2633
2026-07-23T15:59:31.313,32.3,7.1895,9.3024
2026-07-23T15:59:31.327,32.3267,7.2678,9.2633
2026-07-23T15:59:31.336,32.3267,7.2482,9.2828
2026-07-23T15:59:31.345,32.3329,7.2482,9.4003
2026-07-23T15:59:31.354,32.3357,7.1895,9.2633
2026-07-23T15:59:31.359,32.3669,7.1503,9.2633
2026-07-23T15:59:31.375,32.3714,7.2286,9.2437
2026-07-23T15:59:31.387,32.374,7.0916,9.1262
2026-07-23T15:59:31.391,32.374,7.1699,9.2437
2026-07-23T15:59:31.410,32.4033,7.072,9.1849
2026-07-23T15:59:31.415,32.4067,7.1111,9.322
2026-07-23T15:59:31.425,32.4101,7.1111,9.2241
2026-07-23T15:59:31.438,32.4348,7.0916,9.2633
2026-07-23T15:59:31.443,32.4425,7.0916,9.2045
2026-07-23T15:59:31.454,32.4447,7.072,9.1654
2026-07-23T15:59:31.466,32.454,7.0132,9.2045
2026-07-23T15:59:31.470,32.4662,6.9937,9.1066
2026-07-23T15:59:31.476,32.4662,7.0132,9.1066
2026-07-23T15:59:31.493,32.4842,7.1699,9.1066
2026-07-23T15:59:31.505,32.4897,7.0916,9.0675
2026-07-23T15:59:31.514,32.5139,7.2874,9.1262
2026-07-23T15:59:31.517,32.516,7.2286,9.1849
2026-07-23T15:59:31.535,32.516,7.307,9.2828
2026-07-23T15:59:31.543,32.5257,7.2874,9.2437
2026-07-23T15:59:31.549,32.5494,7.3657,9.4787
2026-07-23T15:59:31.567,32.5494,7.2678,9.3808
2026-07-23T15:59:31.574,32.5494,7.2286,9.3808
2026-07-23T15:59:31.586,32.5769,7.1895,9.4199
2026-07-23T15:59:31.586,32.5769,7.2482,9.3024
2026-07-23T15:59:31.600,32.5769,7.0524,9.3612
2026-07-23T15:59:31.613,32.6077,7.1699,9.2828
2026-07-23T15:59:31.613,32.6184,6.9741,9.2633
2026-07-23T15:59:31.628,32.6202,7.1503,9.2241
2026-07-23T15:59:31.643,32.6394,6.9545,9.1654
2026-07-23T15:59:31.659,32.6394,7.1307,9.1654
2026-07-23T15:59:31.659,32.6509,7.1307,9.1066
2026-07-23T15:59:31.674,32.6549,7.1111,9.087
2026-07-23T15:59:31.676,32.6706,7.1503,9.1066
2026-07-23T15:59:31.690,32.6863,7.1307,9.0675
2026-07-23T15:59:31.706,32.6928,7.1111,9.1849
2026-07-23T15:59:31.716,32.7031,7.1307,9.1262
2026-07-23T15:59:31.721,32.7191,7.0524,9.1458
2026-07-23T15:59:31.737,32.7191,7.2874,9.1458
2026-07-23T15:59:31.744,32.7255,7.1307,9.2828
2026-07-23T15:59:31.754,32.7494,7.2678,9.1654
2026-07-23T15:59:31.754,32.7515,6.9741,9.0675
2026-07-23T15:59:31.776,32.7556,6.9741,9.1654
2026-07-23T15:59:31.786,32.7812,6.8958,9.1262
2026-07-23T15:59:31.794,32.7854,6.9545,9.1262
2026-07-23T15:59:31.805,32.7854,6.9153,9.1654
2026-07-23T15:59:31.818,32.8127,6.9741,9.1849
2026-07-23T15:59:31.818,32.8127,7.0328,9.2828
2026-07-23T15:59:31.836,32.8272,7.0328,9.2828
2026-07-23T15:59:31.844,32.8287,6.9741,9.3416
2026-07-23T15:59:31.848,32.8443,7.209,9.2241
2026-07-23T15:59:31.864,32.8547,7.0328,9.2045
2026-07-23T15:59:31.864,32.8601,7.1503,9.1458
2026-07-23T15:59:31.879,32.885,6.9741,9.1066
2026-07-23T15:59:31.895,32.885,7.0328,9.1066
2026-07-23T15:59:31.895,32.8936,6.837,9.1262
2026-07-23T15:59:31.917,32.9,6.7587,9.0087
2026-07-23T15:59:31.920,32.9235,6.7195,9.0675
2026-07-23T15:59:31.927,32.9275,6.602,9.0087
2026-07-23T15:59:31.946,32.9314,6.602,9.0675
2026-07-23T15:59:31.951,32.9396,6.602,9.0675
2026-07-23T15:59:31.965,32.963,6.5041,9.1262
2026-07-23T15:59:31.978,32.963,6.7195,9.1458
2026-07-23T15:59:31.982,32.9711,6.5237,9.0479
2026-07-23T15:59:31.990,32.994,6.6999,9.1262
2026-07-23T15:59:32.010,33.0031,6.4846,9.1066
2026-07-23T15:59:32.014,33.0065,6.7195,9.2241
2026-07-23T15:59:32.022,33.0105,6.6804,9.1458
2026-07-23T15:59:32.022,33.0377,6.7195,9.2045
2026-07-23T15:59:32.045,33.0377,6.7783,9.2045
2026-07-23T15:59:32.054,33.0377,6.7391,9.1849
2026-07-23T15:59:32.061,33.0377,6.7783,9.3024
2026-07-23T15:59:32.077,33.0662,6.9153,9.2437
2026-07-23T15:59:32.077,33.0776,6.7587,9.322
2026-07-23T15:59:32.089,33.0823,6.9545,9.1654
2026-07-23T15:59:32.101,33.0823,6.6804,9.2437
2026-07-23T15:59:32.110,33.0979,6.8762,9.3024
2026-07-23T15:59:32.117,33.0979,6.7195,9.2633
2026-07-23T15:59:32.133,33.1137,6.8174,9.322
2026-07-23T15:59:32.145,33.1305,6.8566,9.4199
2026-07-23T15:59:32.149,33.1305,6.9741,9.557
2026-07-23T15:59:32.165,33.1452,6.9545,9.7136
2026-07-23T15:59:32.176,33.1634,6.9349,9.7332
2026-07-23T15:59:32.181,33.1766,6.9937,9.8703
2026-07-23T15:59:32.196,33.182,7.209,9.8703
2026-07-23T15:59:32.201,33.182,7.1503,9.8703
2026-07-23T15:59:32.214,33.2086,7.444,9.9094
2026-07-23T15:59:32.214,33.2086,7.2678,9.9094
2026-07-23T15:59:32.233,33.2245,7.4244,9.9682
2026-07-23T15:59:32.245,33.2529,7.2286,9.9486
2026-07-23T15:59:32.259,33.2558,7.2874,9.9486
2026-07-23T15:59:32.259,33.2588,7.2874,9.9878
2026-07-23T15:59:32.275,33.2635,7.3265,10.0269
2026-07-23T15:59:32.278,33.2896,7.3853,10.0857
2026-07-23T15:59:32.295,33.2923,7.3853,10.1052
2026-07-23T15:59:32.304,33.295,7.3461,10.2031
2026-07-23T15:59:32.318,33.3031,7.4244,10.0465
2026-07-23T15:59:32.322,33.3344,7.2286,10.0857
2026-07-23T15:59:32.337,33.3344,7.4049,10.0661
2026-07-23T15:59:32.346,33.3344,7.2678,10.0269
2026-07-23T15:59:32.355,33.3504,7.4636,10.164
2026-07-23T15:59:32.360,33.376,7.4636,9.9878
2026-07-23T15:59:32.373,33.3837,7.5223,10.2619
2026-07-23T15:59:32.385,33.3837,7.5223,10.301
2026-07-23T15:59:32.385,33.3837,7.5615,10.3794
2026-07-23T15:59:32.401,33.3954,7.6202,10.3598
2026-07-23T15:59:32.420,33.4269,7.679,10.3402
2026-07-23T15:59:32.420,33.4269,7.5419,10.399
2026-07-23T15:59:32.434,33.4354,7.6986,10.301
2026-07-23T15:59:32.449,33.4404,7.444,10.3402
2026-07-23T15:59:32.449,33.4404,7.6202,10.3794
2026-07-23T15:59:32.473,33.4755,7.4244,10.2227
2026-07-23T15:59:32.473,33.4755,7.6202,10.2227
2026-07-23T15:59:32.491,33.4773,7.5419,10.164
2026-07-23T15:59:32.491,33.4841,7.5615,10.2619
2026-07-23T15:59:32.506,33.5112,7.5615,10.4381
2026-07-23T15:59:32.514,33.5112,7.5419,10.3598
2026-07-23T15:59:32.528,33.5172,7.6007,10.4185
2026-07-23T15:59:32.535,33.5172,7.6398,10.3598
2026-07-23T15:59:32.547,33.5475,7.6398,10.5164
2026-07-23T15:59:32.547,33.5475,7.7965,10.3794
2026-07-23T15:59:32.562,33.5475,7.5615,10.399
2026-07-23T15:59:32.568,33.5776,7.679,10.3598
2026-07-23T15:59:32.591,33.5776,7.444,10.2815
2026-07-23T15:59:32.598,33.5863,7.6202,10.3794
2026-07-23T15:59:32.607,33.588,7.6202,10.5164
2026-07-23T15:59:32.614,33.6197,7.5811,10.5164
2026-07-23T15:59:32.628,33.6197,7.5615,10.4773
2026-07-23T15:59:32.628,33.626,7.6398,10.4381
2026-07-23T15:59:32.647,33.6511,7.5028,10.4381
2026-07-23T15:59:32.654,33.6563,7.6202,10.399
2026-07-23T15:59:32.671,33.6563,7.4832,10.4381
2026-07-23T15:59:32.677,33.6638,7.7181,10.3598
2026-07-23T15:59:32.686,33.688,7.5615,10.4381
2026-07-23T15:59:32.686,33.688,7.679,10.4577
2026-07-23T15:59:32.707,33.6926,7.444,10.4381
2026-07-23T15:59:32.715,33.6926,7.6398,10.4969
2026-07-23T15:59:32.733,33.7141,7.5615,10.536
2026-07-23T15:59:32.733,33.7141,7.6202,10.5164
2026-07-23T15:59:32.743,33.7258,7.6007,10.5752
2026-07-23T15:59:32.754,33.7461,7.679,10.5948
2026-07-23T15:59:32.765,33.7592,7.6594,10.536
2026-07-23T15:59:32.777,33.7638,7.6594,10.536
2026-07-23T15:59:32.782,33.7867,7.5811,10.6339
2026-07-23T15:59:32.797,33.7942,7.8748,10.6339
2026-07-23T15:59:32.797,33.7971,7.6398,10.5948
2026-07-23T15:59:32.815,33.8006,7.8552,10.7122
2026-07-23T15:59:32.815,33.8282,7.6398,10.6927
2026-07-23T15:59:32.828,33.8282,7.8552,10.6731
2026-07-23T15:59:32.845,33.8328,7.7181,10.6143
2026-07-23T15:59:32.851,33.84,7.6398,10.5948
2026-07-23T15:59:32.861,33.864,7.5615,10.5164
2026-07-23T15:59:32.861,33.864,7.6007,10.4773
2026-07-23T15:59:32.884,33.8723,7.4832,10.536
2026-07-23T15:59:32.891,33.8975,7.4832,10.4185
2026-07-23T15:59:32.910,33.8975,7.4049,10.536
2026-07-23T15:59:32.915,33.9034,7.444,10.4381
2026-07-23T15:59:32.923,33.9034,7.2286,10.4773
2026-07-23T15:59:32.923,33.9291,7.4244,10.4969
2026-07-23T15:59:32.943,33.9324,7.1307,10.3598
2026-07-23T15:59:32.954,33.9396,7.1699,10.3598
2026-07-23T15:59:32.970,33.9643,7.0328,10.3206
2026-07-23T15:59:32.977,33.9665,6.8958,10.3598
2026-07-23T15:59:32.983,33.9696,6.8174,10.3598
2026-07-23T15:59:32.990,33.9696,6.6999,10.3402
2026-07-23T15:59:33.010,33.995,6.5629,10.3598
2026-07-23T15:59:33.017,33.9978,6.5629,10.3206
2026-07-23T15:59:33.020,34.0036,6.3083,10.3598
2026-07-23T15:59:33.035,34.0366,6.4846,10.2031
2026-07-23T15:59:33.046,34.0406,6.2888,10.2423
2026-07-23T15:59:33.054,34.0471,6.5041,10.301
2026-07-23T15:59:33.066,34.0644,6.2888,10.301
2026-07-23T15:59:33.077,34.0644,6.5041,10.2031
2026-07-23T15:59:33.086,34.077,6.5041,10.2619
2026-07-23T15:59:33.096,34.0826,6.6216,10.2815
2026-07-23T15:59:33.098,34.1098,6.5629,10.399
2026-07-23T15:59:33.115,34.1119,6.6999,10.4773
2026-07-23T15:59:33.128,34.116,6.6608,10.6143
2026-07-23T15:59:33.133,34.116,6.7587,10.771
2026-07-23T15:59:33.143,34.1429,6.6216,10.8297
2026-07-23T15:59:33.149,34.1491,6.8762,10.8689
2026-07-23T15:59:33.167,34.1491,6.6804,10.8689
2026-07-23T15:59:33.167,34.1557,7.0132,10.8689
2026-07-23T15:59:33.191,34.1816,6.8174,11.0255
2026-07-23T15:59:33.194,34.1816,7.0328,11.1039
2026-07-23T15:59:33.208,34.1875,7.0916,11.1626
2026-07-23T15:59:33.218,34.2042,7.1503,11.143
2026-07-23T15:59:33.222,34.2202,7.1699,11.0843
2026-07-23T15:59:33.232,34.2202,7.1895,11.0647
2026-07-23T15:59:33.238,34.2257,7.1503,11.1626
2026-07-23T15:59:33.255,34.2534,7.1503,11.0647
2026-07-23T15:59:33.255,34.2534,6.9937,11.143
2026-07-23T15:59:33.271,34.259,7.1503,11.1626
2026-07-23T15:59:33.286,34.287,7.0328,11.1234
2026-07-23T15:59:33.296,34.2924,7.307,11.1234
2026-07-23T15:59:33.304,34.2992,7.1895,11.1234
2026-07-23T15:59:33.315,34.3034,7.444,11.2018
2026-07-23T15:59:33.317,34.3325,7.3853,11.2018
2026-07-23T15:59:33.333,34.3325,7.3657,11.2605
2026-07-23T15:59:33.343,34.3325,7.3461,11.2997
2026-07-23T15:59:33.354,34.3421,7.5028,11.3388
2026-07-23T15:59:33.381,34.3759,7.5028,11.4563
2026-07-23T15:59:33.381,34.3774,7.6202,11.3976
2026-07-23T15:59:33.383,34.3829,7.5811,11.4955
2026-07-23T15:59:33.393,34.3872,7.8748,11.4563
2026-07-23T15:59:33.399,34.4122,7.7769,11.4563
2026-07-23T15:59:33.421,34.4122,7.9923,11.613
2026-07-23T15:59:33.421,34.4213,7.9727,11.6325
2026-07-23T15:59:33.438,34.4297,8.0902,11.6913
2026-07-23T15:59:33.444,34.4613,8.1098,11.5738
2026-07-23T15:59:33.460,34.4613,8.1293,11.7109
2026-07-23T15:59:33.463,34.4651,8.0706,11.613
2026-07-23T15:59:33.483,34.4743,7.9727,11.613
2026-07-23T15:59:33.483,34.4743,7.9923,11.7892
2026-07-23T15:59:33.505,34.5064,8.2077,11.7304
2026-07-23T15:59:33.507,34.5064,8.1489,11.8283
2026-07-23T15:59:33.512,34.5064,8.4035,11.8088
2026-07-23T15:59:33.525,34.5145,8.1881,11.7696
2026-07-23T15:59:33.539,34.545,8.3839,11.8088
2026-07-23T15:59:33.546,34.5476,8.2077,11.7109
2026-07-23T15:59:33.555,34.5513,8.2272,11.75
2026-07-23T15:59:33.565,34.5513,8.2272,11.6325
2026-07-23T15:59:33.571,34.579,8.3839,11.7304
2026-07-23T15:59:33.588,34.5847,8.4035,11.6913
2026-07-23T15:59:33.596,34.5847,8.4622,11.7696
2026-07-23T15:59:33.602,34.5924,8.3643,11.9067
2026-07-23T15:59:33.618,34.6228,8.4622,11.8675
2026-07-23T15:59:33.618,34.6255,8.3643,11.9262
2026-07-23T15:59:33.636,34.6297,8.5797,11.8479
2026-07-23T15:59:33.650,34.635,8.286,11.8088
2026-07-23T15:59:33.651,34.6622,8.5014,11.7304
2026-07-23T15:59:33.665,34.6651,8.4818,11.6717
2026-07-23T15:59:33.676,34.6651,8.5993,11.6717
2026-07-23T15:59:33.686,34.6651,8.5797,11.5934
2026-07-23T15:59:33.697,34.7003,8.5405,11.6325
2026-07-23T15:59:33.697,34.7064,8.4231,11.5346
2026-07-23T15:59:33.716,34.7084,8.4622,11.4955
2026-07-23T15:59:33.729,34.7101,8.4818,11.6913
2026-07-23T15:59:33.729,34.7331,8.6776,11.6717
2026-07-23T15:59:33.744,34.7331,8.4231,11.7109
2026-07-23T15:59:33.759,34.7459,8.658,11.7304
2026-07-23T15:59:33.761,34.7651,8.4426,11.7304
2026-07-23T15:59:33.777,34.7755,8.658,11.6913
2026-07-23T15:59:33.784,34.7755,8.5014,11.7304
2026-07-23T15:59:33.797,34.7755,8.7363,11.8088
2026-07-23T15:59:33.801,34.8051,8.5993,11.7109
2026-07-23T15:59:33.816,34.8051,8.5993,11.7892
2026-07-23T15:59:33.826,34.8051,8.5993,11.75
2026-07-23T15:59:33.826,34.8224,8.6776,11.8283
2026-07-23T15:59:33.851,34.837,8.6776,11.8283
2026-07-23T15:59:33.851,34.837,8.7559,11.8088
2026-07-23T15:59:33.872,34.8528,8.6384,11.8283
2026-07-23T15:59:33.873,34.8528,8.893,11.8283
2026-07-23T15:59:33.888,34.8712,8.7559,11.8283
2026-07-23T15:59:33.888,34.8843,9.0105,11.8479
2026-07-23T15:59:33.904,34.8843,8.7559,11.8088
2026-07-23T15:59:33.916,34.9126,8.8734,11.9067
2026-07-23T15:59:33.922,34.9158,8.8147,11.7892
2026-07-23T15:59:33.935,34.9158,8.8538,11.8283
2026-07-23T15:59:33.943,34.9258,8.6972,11.7892
2026-07-23T15:59:33.951,34.9543,8.7559,11.6717
2026-07-23T15:59:33.963,34.9543,8.6776,11.75
2026-07-23T15:59:33.977,34.9592,8.7363,11.7304
2026-07-23T15:59:33.988,34.9787,8.6972,11.7696
2026-07-23T15:59:33.988,34.9787,8.8147,11.7109
2026-07-23T15:59:34.000,34.9881,8.521,11.75
2026-07-23T15:59:34.020,35.0111,8.8343,11.7696
2026-07-23T15:59:34.030,35.0166,8.5797,11.7892
2026-07-23T15:59:34.030,35.0208,8.6776,11.9067
2026-07-23T15:59:34.045,35.0426,8.6384,11.8283
2026-07-23T15:59:34.052,35.0426,8.5601,11.9067
2026-07-23T15:59:34.067,35.0426,8.4622,11.7696
2026-07-23T15:59:34.077,35.0593,8.521,11.8088
2026-07-23T15:59:34.092,35.0795,8.5405,11.9262
2026-07-23T15:59:34.093,35.0795,8.7168,11.9067
2026-07-23T15:59:34.093,35.0927,8.521,11.9067
2026-07-23T15:59:34.117,35.1172,8.6972,11.8088
2026-07-23T15:59:34.130,35.1257,8.4818,11.75
2026-07-23T15:59:34.130,35.1257,8.5797,11.7304
2026-07-23T15:59:34.143,35.1315,8.4622,11.7696
2026-07-23T15:59:34.156,35.153,8.5993,11.8675
2026-07-23T15:59:34.156,35.153,8.6189,11.8871
2026-07-23T15:59:34.176,35.1656,8.6189,11.8871
2026-07-23T15:59:34.182,35.171,8.5993,11.9458
2026-07-23T15:59:34.192,35.1984,8.6384,11.9067
2026-07-23T15:59:34.204,35.2035,8.5601,12.0046
2026-07-23T15:59:34.216,35.2094,8.6972,11.9458
2026-07-23T15:59:34.222,35.2364,8.3839,12.0046
2026-07-23T15:59:34.236,35.2364,8.5601,11.7109
2026-07-23T15:59:34.254,35.2466,8.3447,11.9654
2026-07-23T15:59:34.260,35.2481,8.521,12.0046
2026-07-23T15:59:34.263,35.2718,8.4035,11.8675
2026-07-23T15:59:34.275,35.2718,8.4818,11.7892
2026-07-23T15:59:34.287,35.278,8.3839,11.8283
2026-07-23T15:59:34.297,35.283,8.3839,11.8675
2026-07-23T15:59:34.299,35.288,8.2077,11.8088
2026-07-23T15:59:34.316,35.3143,8.0902,11.7109
2026-07-23T15:59:34.323,35.3143,7.9923,11.613
2026-07-23T15:59:34.339,35.3143,8.051,11.6325
2026-07-23T15:59:34.349,35.3432,7.8161,11.6325
2026-07-23T15:59:34.361,35.3432,8.1098,11.5934
2026-07-23T15:59:34.365,35.3432,7.914,11.5738
2026-07-23T15:59:34.381,35.377,8.1489,11.6913
2026-07-23T15:59:34.392,35.377,7.9727,11.6913
2026-07-23T15:59:34.392,35.3835,8.1489,11.7109
2026-07-23T15:59:34.410,35.4133,8.0706,11.6521
2026-07-23T15:59:34.424,35.4133,8.0902,11.6521
2026-07-23T15:59:34.428,35.4202,7.9531,11.6717
2026-07-23T15:59:34.439,35.4259,7.9727,11.6717
2026-07-23T15:59:34.443,35.436,8.0706,11.7304
2026-07-23T15:59:34.457,35.436,8.1881,11.7304
2026-07-23T15:59:34.464,35.4548,8.1489,11.8283
2026-07-23T15:59:34.477,35.4594,8.286,11.8088
2026-07-23T15:59:34.477,35.4952,8.1489,11.7696
2026-07-23T15:59:34.487,35.4992,8.3447,11.8283
2026-07-23T15:59:34.506,35.5048,8.3056,11.75
2026-07-23T15:59:34.518,35.5048,8.4818,11.9067
2026-07-23T15:59:34.534,35.5346,8.4818,11.8479
2026-07-23T15:59:34.534,35.5381,8.4818,11.9654
2026-07-23T15:59:34.556,35.5405,8.5797,12.1221
2026-07-23T15:59:34.556,35.5405,8.6776,12.1416
2026-07-23T15:59:34.568,35.576,8.5993,12.1612
2026-07-23T15:59:34.581,35.5781,8.6384,12.1221
2026-07-23T15:59:34.585,35.5781,8.5014,12.2395
2026-07-23T15:59:34.591,35.5857,8.6776,12.1221
2026-07-23T15:59:34.605,35.6149,8.521,12.1808
2026-07-23T15:59:34.617,35.6149,8.7755,12.1612
2026-07-23T15:59:34.629,35.6217,8.521,12.1808
2026-07-23T15:59:34.636,35.6217,8.7951,12.3179
2026-07-23T15:59:34.645,35.6412,8.7559,12.2787
2026-07-23T15:59:34.654,35.6566,8.893,12.3766
2026-07-23T15:59:34.666,35.6621,9.0105,12.357
2026-07-23T15:59:34.677,35.6658,9.128,12.3962
2026-07-23T15:59:34.677,35.6926,9.1867,12.4353
2026-07-23T15:59:34.692,35.7013,9.265,12.357
2026-07-23T15:59:34.707,35.7033,9.2063,12.4158
2026-07-23T15:59:34.717,35.7074,9.4217,12.3766
2026-07-23T15:59:34.729,35.7351,9.3629,12.3962
2026-07-23T15:59:34.739,35.7381,9.8133,12.5724
2026-07-23T15:59:34.743,35.7381,9.735,12.5528
2026-07-23T15:59:34.754,35.7381,9.9895,12.6312
2026-07-23T15:59:34.777,35.7659,9.9895,12.5137
2026-07-23T15:59:34.777,35.7659,9.9699,12.5528
2026-07-23T15:59:34.786,35.7799,9.9308,12.6312
2026-07-23T15:59:34.789,35.7853,9.872,12.4941
2026-07-23T15:59:34.802,35.8136,9.9112,12.6507
2026-07-23T15:59:34.817,35.8141,9.9895,12.6116
2026-07-23T15:59:34.817,35.8183,9.9308,12.6116
2026-07-23T15:59:34.836,35.8183,10.1853,12.5528
2026-07-23T15:59:34.848,35.8478,10.2049,12.5724
2026-07-23T15:59:34.855,35.8478,10.479,12.6899
2026-07-23T15:59:34.865,35.8478,10.4399,12.6312
2026-07-23T15:59:34.880,35.8764,10.5769,12.7291
2026-07-23T15:59:34.881,35.8859,10.5182,12.6507
2026-07-23T15:59:34.899,35.8879,10.4007,12.6899
2026-07-23T15:59:34.910,35.8926,10.2636,12.5528
2026-07-23T15:59:34.927,35.9138,10.2049,12.5137
2026-07-23T15:59:34.927,35.9243,10.2245,12.5724
2026-07-23T15:59:34.927,35.9243,10.4595,12.6899
2026-07-23T15:59:34.945,35.9278,10.4203,12.6507
2026-07-23T15:59:34.965,35.9592,10.6748,12.6116
2026-07-23T15:59:34.965,35.9638,10.4986,12.592
2026-07-23T15:59:34.975,35.9663,10.7923,12.6703
2026-07-23T15:59:34.987,35.9715,10.6748,12.5528
2026-07-23T15:59:34.991,35.9971,10.6553,12.6116
2026-07-23T15:59:35.006,36.0036,10.6748,12.6116
2026-07-23T15:59:35.022,36.0066,10.5574,12.5528
2026-07-23T15:59:35.022,36.0066,10.4399,12.6116
2026-07-23T15:59:35.047,36.0364,10.5182,12.5724
2026-07-23T15:59:35.047,36.0364,10.4595,12.5333
2026-07-23T15:59:35.057,36.0451,10.6357,12.5333
2026-07-23T15:59:35.057,36.0472,10.4595,12.5333
2026-07-23T15:59:35.077,36.0679,10.714,12.6507
2026-07-23T15:59:35.087,36.0679,10.6161,12.827
2026-07-23T15:59:35.096,36.0805,10.7532,12.9444
2026-07-23T15:59:35.102,36.1107,10.6161,12.9836
2026-07-23T15:59:35.117,36.1137,10.5378,13.0228
2026-07-23T15:59:35.119,36.1137,10.2636,13.0424
2026-07-23T15:59:35.136,36.1227,10.0287,12.9053
2026-07-23T15:59:35.156,36.1451,9.7937,12.964
2026-07-23T15:59:35.156,36.1451,9.6958,12.9053
2026-07-23T15:59:35.164,36.1451,9.5587,12.827
2026-07-23T15:59:35.175,36.1608,9.7937,12.7486
2026-07-23T15:59:35.180,36.1766,9.7154,12.9053
2026-07-23T15:59:35.196,36.1766,10.0483,13.0032
2026-07-23T15:59:35.212,36.1766,9.9308,13.0228
2026-07-23T15:59:35.217,36.2148,9.9895,13.0815
2026-07-23T15:59:35.227,36.2179,9.9699,13.0619
2026-07-23T15:59:35.227,36.2237,9.9504,13.0815
2026-07-23T15:59:35.243,36.2277,9.9308,13.0815
2026-07-23T15:59:35.264,36.2544,9.9699,13.0032
2026-07-23T15:59:35.272,36.2574,9.9504,12.9444
2026-07-23T15:59:35.275,36.2594,9.9112,12.8465
2026-07-23T15:59:35.298,36.2891,9.8329,12.8074
2026-07-23T15:59:35.298,36.2891,9.9112,12.7095
2026-07-23T15:59:35.308,36.2925,9.735,12.7095
2026-07-23T15:59:35.314,36.3187,9.9699,12.6703
2026-07-23T15:59:35.325,36.3197,9.6762,12.6703
2026-07-23T15:59:35.340,36.3197,9.8133,12.592
2026-07-23T15:59:35.343,36.3309,9.6958,12.4941
2026-07-23T15:59:35.356,36.3622,9.6566,12.5528
2026-07-23T15:59:35.356,36.3678,9.6566,12.4941
2026-07-23T15:59:35.384,36.3765,9.5979,12.4549
2026-07-23T15:59:35.386,36.3765,9.5392,12.4941
2026-07-23T15:59:35.410,36.4088,9.4804,12.357
2026-07-23T15:59:35.413,36.4088,9.3042,12.3179
2026-07-23T15:59:35.418,36.4088,9.4217,12.1612
2026-07-23T15:59:35.427,36.4183,9.1867,12.0829
2026-07-23T15:59:35.438,36.4459,9.3238,12.0829
2026-07-23T15:59:35.449,36.4544,9.128,11.9458
2026-07-23T15:59:35.460,36.4559,9.265,12.0046
2026-07-23T15:59:35.469,36.4655,9.2259,11.985
2026-07-23T15:59:35.469,36.498,9.265,12.1221
2026-07-23T15:59:35.484,36.498,9.2846,12.1025
2026-07-23T15:59:35.484,36.498,9.3629,12.1612
2026-07-23T15:59:35.510,36.5093,9.265,12.1612
2026-07-23T15:59:35.518,36.5093,9.4217,12.1612
2026-07-23T15:59:35.528,36.5258,9.4413,12.1221
2026-07-23T15:59:35.541,36.5412,9.6958,12.1416
2026-07-23T15:59:35.549,36.5412,9.5392,12.2004
2026-07-23T15:59:35.560,36.5412,9.8525,12.2591
2026-07-23T15:59:35.560,36.5728,9.7545,12.3179
2026-07-23T15:59:35.577,36.5728,9.8916,12.4353
2026-07-23T15:59:35.590,36.5809,9.7741,12.3766
2026-07-23T15:59:35.592,36.5809,9.6566,12.5724
2026-07-23T15:59:35.610,36.6064,9.6762,12.5333
2026-07-23T15:59:35.618,36.6064,9.6371,12.5528
2026-07-23T15:59:35.624,36.6202,9.6371,12.592
2026-07-23T15:59:35.632,36.6257,9.6958,12.4549
2026-07-23T15:59:35.643,36.6518,9.6958,12.4941
2026-07-23T15:59:35.657,36.6552,9.872,12.6116
2026-07-23T15:59:35.657,36.6552,9.8329,12.6507
2026-07-23T15:59:35.674,36.6632,10.0287,12.7486
2026-07-23T15:59:35.687,36.6924,10.0091,12.7486
2026-07-23T15:59:35.687,36.6956,10.107,12.7682
2026-07-23T15:59:35.706,36.7009,10.1266,12.592
2026-07-23T15:59:35.720,36.7068,10.107,12.592
2026-07-23T15:59:35.720,36.7305,10.1462,12.6312
2026-07-23T15:59:35.734,36.7381,10.1853,12.7095
2026-07-23T15:59:35.746,36.7381,10.2441,12.6507
2026-07-23T15:59:35.758,36.7478,10.107,12.6312
2026-07-23T15:59:35.766,36.7727,9.9895,12.6507
2026-07-23T15:59:35.777,36.7777,10.0874,12.5724
2026-07-23T15:59:35.789,36.7777,9.8916,12.6703
2026-07-23T15:59:35.799,36.7777,10.0483,12.7878
2026-07-23T15:59:35.799,36.8103,9.9699,12.8857
2026-07-23T15:59:35.818,36.8103,10.1853,13.1011
2026-07-23T15:59:35.828,36.8103,10.1266,13.2186
2026-07-23T15:59:35.828,36.8258,10.1853,13.2382
2026-07-23T15:59:35.844,36.8568,10.2636,13.0619
2026-07-23T15:59:35.860,36.8594,10.2049,12.9249
2026-07-23T15:59:35.861,36.8643,10.1853,12.8465
2026-07-23T15:59:35.879,36.8673,10.0678,12.7682
2026-07-23T15:59:35.882,36.8928,10.0874,12.8074
2026-07-23T15:59:35.901,36.8928,10.1462,12.7486
2026-07-23T15:59:35.901,36.8928,10.0483,12.7682
2026-07-23T15:59:35.918,36.9045,10.1266,12.7291
2026-07-23T15:59:35.924,36.926,10.0091,12.7095
2026-07-23T15:59:35.940,36.934,10.1853,12.6507
2026-07-23T15:59:35.944,36.936,9.9895,12.6312
2026-07-23T15:59:35.955,36.9593,10.0287,12.7682
2026-07-23T15:59:35.966,36.9675,10.0091,12.6703
2026-07-23T15:59:35.971,36.9716,9.9504,12.592
2026-07-23T15:59:35.987,36.9716,9.9895,12.6116
2026-07-23T15:59:35.987,36.9785,9.9895,12.6507
2026-07-23T15:59:36.010,37.0078,10.0678,12.7095
2026-07-23T15:59:36.018,37.0078,10.0678,12.4353
2026-07-23T15:59:36.029,37.0185,9.9308,12.7682
2026-07-23T15:59:36.043,37.0457,9.9504,12.592
2026-07-23T15:59:36.049,37.0457,9.7154,12.592
2026-07-23T15:59:36.059,37.0457,9.6566,12.5528
2026-07-23T15:59:36.065,37.0457,9.4608,12.5137
2026-07-23T15:59:36.081,37.0815,9.4217,12.4745
2026-07-23T15:59:36.081,37.0815,9.3042,12.4353
2026-07-23T15:59:36.097,37.0815,9.128,12.6116
2026-07-23T15:59:36.097,37.0815,9.0496,12.7291
2026-07-23T15:59:36.118,37.1111,9.0105,12.8465
2026-07-23T15:59:36.118,37.1111,9.0888,13.1207
2026-07-23T15:59:36.132,37.1111,9.2454,13.1207
2026-07-23T15:59:36.145,37.1511,9.128,13.199
2026-07-23T15:59:36.159,37.1559,9.3238,13.2186
2026-07-23T15:59:36.162,37.1592,9.2846,13.2969
2026-07-23T15:59:36.177,37.1592,9.265,13.2773
2026-07-23T15:59:36.177,37.1873,9.3238,13.199
2026-07-23T15:59:36.191,37.1908,9.3238,13.4535
2026-07-23T15:59:36.210,37.1928,9.4608,13.4927
2026-07-23T15:59:36.216,37.201,9.3629,13.6689
2026-07-23T15:59:36.225,37.2262,9.3629,13.6298
2026-07-23T15:59:36.238,37.2262,9.265,13.5515
2026-07-23T15:59:36.251,37.2347,9.3434,13.4927
2026-07-23T15:59:36.261,37.2594,9.4413,13.3361
2026-07-23T15:59:36.270,37.2639,9.3825,13.4731
2026-07-23T15:59:36.277,37.2639,9.5979,13.4731
2026-07-23T15:59:36.289,37.2697,9.4804,13.5319
2026-07-23T15:59:36.289,37.295,9.5587,13.4927
2026-07-23T15:59:36.301,37.2995,9.4804,13.4144
2026-07-23T15:59:36.320,37.3042,9.5783,13.571
2026-07-23T15:59:36.325,37.3042,9.735,13.6689
2026-07-23T15:59:36.333,37.3318,9.7937,13.8452
2026-07-23T15:59:36.355,37.3318,9.9308,13.8843
2026-07-23T15:59:36.355,37.3318,9.9112,13.8843
2026-07-23T15:59:36.365,37.3614,9.9308,13.9039
2026-07-23T15:59:36.377,37.3614,9.9112,13.9235
2026-07-23T15:59:36.383,37.3719,9.9308,14.0018
2026-07-23T15:59:36.404,37.3927,10.107,14.0018
2026-07-23T15:59:36.410,37.4033,10.1266,14.1193
2026-07-23T15:59:36.412,37.4033,10.1657,14.2172
2026-07-23T15:59:36.425,37.4095,10.1462,14.1976
2026-07-23T15:59:36.443,37.4259,10.2636,14.3347
2026-07-23T15:59:36.443,37.4259,10.2832,14.2564
2026-07-23T15:59:36.459,37.4455,10.2636,14.2955
2026-07-23T15:59:36.466,37.4717,10.2636,14.1389
2026-07-23T15:59:36.477,37.4755,10.2441,13.9235
2026-07-23T15:59:36.477,37.4755,10.3224,13.9431
2026-07-23T15:59:36.496,37.485,10.3224,13.8647
2026-07-23T15:59:36.508,37.519,10.2636,13.8452
2026-07-23T15:59:36.519,37.5216,10.3028,13.8452
2026-07-23T15:59:36.526,37.5262,10.1657,13.8256
2026-07-23T15:59:36.538,37.5349,10.1657,13.7864
2026-07-23T15:59:36.561,37.5594,9.9895,13.7668
2026-07-23T15:59:36.566,37.5594,10.0483,13.8256
2026-07-23T15:59:36.570,37.5663,10.0287,13.7864
2026-07-23T15:59:36.577,37.5683,9.9699,13.806
2026-07-23T15:59:36.586,37.5729,10.0678,13.8452
2026-07-23T15:59:36.591,37.5947,10.1266,13.8256
2026-07-23T15:59:36.601,37.6002,10.3028,13.9431
2026-07-23T15:59:36.619,37.6002,10.2636,14.0214
2026-07-23T15:59:36.624,37.6103,10.3224,14.1193
2026-07-23T15:59:36.633,37.6295,10.2832,14.1585
2026-07-23T15:59:36.651,37.6295,10.0874,14.2759
2026-07-23T15:59:36.661,37.6451,10.1657,14.3738
2026-07-23T15:59:36.665,37.6684,10.0874,14.3151
2026-07-23T15:59:36.677,37.6767,10.1657,14.413
2026-07-23T15:59:36.680,37.68,10.0874,14.2564
2026-07-23T15:59:36.696,37.68,9.9504,14.1976
2026-07-23T15:59:36.716,37.7109,9.8916,14.0801
2026-07-23T15:59:36.716,37.7109,9.6958,14.0018
2026-07-23T15:59:36.727,37.7169,9.7937,14.0801
2026-07-23T15:59:36.738,37.7169,9.7154,14.0214
2026-07-23T15:59:36.743,37.7425,9.9308,14.0801
2026-07-23T15:59:36.743,37.7425,10.0483,14.1193
2026-07-23T15:59:36.768,37.7492,10.1657,14.1976
2026-07-23T15:59:36.777,37.7765,10.1853,14.1585
2026-07-23T15:59:36.791,37.7765,10.0483,14.178
2026-07-23T15:59:36.793,37.787,10.107,14.3347
2026-07-23T15:59:36.806,37.7906,9.9699,14.2759
2026-07-23T15:59:36.822,37.8112,10.0483,14.4717
2026-07-23T15:59:36.827,37.818,10.2049,14.5305
2026-07-23T15:59:36.838,37.8228,10.3028,14.5501
2026-07-23T15:59:36.843,37.8497,10.3811,14.5697
2026-07-23T15:59:36.854,37.8497,10.479,14.7263
2026-07-23T15:59:36.869,37.8497,10.5965,14.8046
2026-07-23T15:59:36.877,37.8596,10.5378,14.7459
2026-07-23T15:59:36.885,37.8838,10.5182,14.8046
2026-07-23T15:59:36.885,37.8838,10.7923,14.8242
2026-07-23T15:59:36.910,37.8925,10.9098,14.8046
2026-07-23T15:59:36.925,37.9159,11.0469,14.9221
2026-07-23T15:59:36.932,37.9259,11.086,14.9025
2026-07-23T15:59:36.935,37.9286,11.0665,14.8634
2026-07-23T15:59:36.950,37.9286,10.9881,14.7459
2026-07-23T15:59:36.967,37.9605,10.8119,14.7655
2026-07-23T15:59:36.967,37.9605,11.0077,14.6871
2026-07-23T15:59:36.977,37.9687,10.9294,14.7263
2026-07-23T15:59:36.979,37.9687,11.1644,14.8634
2026-07-23T15:59:37.004,38.0,11.2623,14.8829
2026-07-23T15:59:37.011,38.0,11.2427,15.02
2026-07-23T15:59:37.019,38.0076,11.4581,15.0396
2026-07-23T15:59:37.027,38.026,11.4972,15.0004
2026-07-23T15:59:37.027,38.0387,11.6343,15.02
2026-07-23T15:59:37.044,38.0412,11.4972,15.02
2026-07-23T15:59:37.051,38.0412,11.6343,15.0396
2026-07-23T15:59:37.063,38.0755,11.7909,15.02
2026-07-23T15:59:37.077,38.0794,11.9672,15.1767
2026-07-23T15:59:37.089,38.0829,12.2413,15.1962
2026-07-23T15:59:37.101,38.0876,12.3,15.2354
2026-07-23T15:59:37.110,38.1096,12.5938,15.3137
2026-07-23T15:59:37.121,38.1141,12.6133,15.3529
2026-07-23T15:59:37.134,38.1205,12.7504,15.4312
2026-07-23T15:59:37.138,38.1205,12.9266,15.392
2026-07-23T15:59:37.146,38.1496,12.9462,15.392
2026-07-23T15:59:37.153,38.1496,13.1616,15.4312
2026-07-23T15:59:37.169,38.1496,13.3182,15.4508
2026-07-23T15:59:37.177,38.1829,13.5924,15.5879
2026-07-23T15:59:37.196,38.1849,13.8469,15.7445
2026-07-23T15:59:37.199,38.1849,13.8078,15.999
2026-07-23T15:59:37.200,38.1927,13.9448,16.0186
2026-07-23T15:59:37.220,38.2141,13.8273,16.1949
2026-07-23T15:59:37.232,38.2141,14.0036,16.1753
2026-07-23T15:59:37.236,38.2141,13.9448,16.1165
2026-07-23T15:59:37.254,38.2495,14.1602,16.1949
2026-07-23T15:59:37.265,38.2495,14.356,16.2928
2026-07-23T15:59:37.265,38.2495,14.2581,16.469
2026-07-23T15:59:37.279,38.2592,14.2581,16.4102
2026-07-23T15:59:37.294,38.2874,14.0819,16.2732
2026-07-23T15:59:37.300,38.2914,14.2385,16.2732
2026-07-23T15:59:37.300,38.2928,14.2777,16.234
2026-07-23T15:59:37.320,38.3238,14.3952,16.3711
2026-07-23T15:59:37.326,38.3259,14.6889,16.4886
2026-07-23T15:59:37.338,38.3259,14.4931,16.5473
2026-07-23T15:59:37.352,38.3329,14.6497,16.6061
2026-07-23T15:59:37.360,38.3614,14.4148,16.5081
2026-07-23T15:59:37.364,38.3648,14.6302,16.5473
2026-07-23T15:59:37.375,38.3691,14.4735,16.4494
2026-07-23T15:59:37.389,38.3747,14.4539,16.4494
2026-07-23T15:59:37.389,38.3927,14.4343,16.4102
2026-07-23T15:59:37.405,38.4029,14.3364,16.3907
2026-07-23T15:59:37.425,38.4029,14.4539,16.4494
2026-07-23T15:59:37.425,38.4029,14.2777,16.469
2026-07-23T15:59:37.437,38.436,14.2777,16.4494
2026-07-23T15:59:37.444,38.436,14.1798,16.4298
2026-07-23T15:59:37.454,38.4451,13.984,16.4886
2026-07-23T15:59:37.469,38.4692,14.0623,16.469
2026-07-23T15:59:37.477,38.4692,13.9252,16.469
2026-07-23T15:59:37.487,38.4809,14.0427,16.4298
2026-07-23T15:59:37.496,38.4809,14.0036,16.3123
2026-07-23T15:59:37.510,38.5137,13.8469,16.2536
2026-07-23T15:59:37.520,38.5137,13.612,16.097
2026-07-23T15:59:37.532,38.526,13.4945,15.9403
2026-07-23T15:59:37.532,38.5327,13.4357,15.9599
2026-07-23T15:59:37.551,38.5604,13.377,15.999
2026-07-23T15:59:37.564,38.5641,13.3574,16.0382
2026-07-23T15:59:37.564,38.5693,13.4749,16.0382
2026-07-23T15:59:37.583,38.5712,13.4161,16.1949
2026-07-23T15:59:37.586,38.5986,13.3966,16.1361
2026-07-23T15:59:37.595,38.5997,13.0833,16.0774
2026-07-23T15:59:37.595,38.5997,13.0637,15.999
2026-07-23T15:59:37.615,38.6078,12.7896,15.9011
2026-07-23T15:59:37.627,38.6395,12.7308,15.8816
2026-07-23T15:59:37.646,38.6395,12.6721,15.8032
2026-07-23T15:59:37.646,38.6395,12.5546,15.8816
2026-07-23T15:59:37.665,38.6499,12.6917,15.8228
2026-07-23T15:59:37.665,38.6735,12.6133,15.7641
2026-07-23T15:59:37.677,38.6735,12.6329,15.7837
2026-07-23T15:59:37.677,38.6735,12.77,15.7445
2026-07-23T15:59:37.701,38.6735,12.7896,15.9207
2026-07-23T15:59:37.710,38.714,12.9658,16.0578
2026-07-23T15:59:37.722,38.7164,12.7896,16.1557
2026-07-23T15:59:37.724,38.7184,12.9462,16.1557
2026-07-23T15:59:37.738,38.7184,12.7112,16.1361
2026-07-23T15:59:37.744,38.7344,12.8483,16.2144
2026-07-23T15:59:37.754,38.7513,12.9658,16.1753
2026-07-23T15:59:37.769,38.7553,13.0637,16.2928
2026-07-23T15:59:37.769,38.7553,13.1029,16.3123
2026-07-23T15:59:37.785,38.7817,13.1224,16.2928
2026-07-23T15:59:37.785,38.7817,13.005,16.4886
2026-07-23T15:59:37.810,38.7904,13.1029,16.5277
2026-07-23T15:59:37.817,38.8162,13.0245,16.6061
2026-07-23T15:59:37.820,38.8199,13.1812,16.6061
2026-07-23T15:59:37.843,38.8261,13.0637,16.6648
2026-07-23T15:59:37.848,38.8445,13.2008,16.7627
2026-07-23T15:59:37.848,38.8445,13.0833,16.7823
2026-07-23T15:59:37.867,38.8596,13.1224,16.8214
2026-07-23T15:59:37.880,38.8612,13.1812,16.7823
2026-07-23T15:59:37.895,38.8768,13.1616,16.9781
2026-07-23T15:59:37.895,38.8927,13.2595,16.9781
2026-07-23T15:59:37.909,38.8979,13.3378,17.1152
2026-07-23T15:59:37.912,38.9259,13.3378,17.1935
2026-07-23T15:59:37.928,38.9283,13.3378,17.1347
2026-07-23T15:59:37.928,38.9283,13.0833,17.1543
2026-07-23T15:59:37.949,38.9283,13.2008,17.0368
2026-07-23T15:59:37.960,38.9667,13.0637,17.0368
2026-07-23T15:59:37.968,38.9667,13.2203,17.0368
2026-07-23T15:59:37.979,38.9719,13.2203,17.1739
2026-07-23T15:59:37.979,38.9719,13.3378,17.2718
2026-07-23T15:59:37.991,39.0035,13.2595,17.3697
2026-07-23T15:59:38.010,39.0087,13.2203,17.4284
2026-07-23T15:59:38.021,39.0151,13.2987,17.4284
2026-07-23T15:59:38.028,39.0151,13.2791,17.448
2026-07-23T15:59:38.039,39.0423,13.2791,17.5263
2026-07-23T15:59:38.044,39.0423,13.142,17.5851
2026-07-23T15:59:38.059,39.0507,13.005,17.6243
2026-07-23T15:59:38.066,39.0507,13.0245,17.5068
2026-07-23T15:59:38.077,39.0702,12.9266,17.5263
2026-07-23T15:59:38.086,39.0821,13.1029,17.3501
2026-07-23T15:59:38.093,39.086,12.9854,17.3305
2026-07-23T15:59:38.101,39.093,13.0637,17.311
2026-07-23T15:59:38.121,39.1153,12.7896,17.1935
2026-07-23T15:59:38.121,39.1153,12.9658,17.2326
2026-07-23T15:59:38.137,39.1153,12.8483,17.2131
2026-07-23T15:59:38.151,39.1508,12.8287,17.4284
2026-07-23T15:59:38.164,39.1536,12.8875,17.3305
2026-07-23T15:59:38.166,39.1536,12.907,17.4089
2026-07-23T15:59:38.178,39.1611,12.9658,17.4284
2026-07-23T15:59:38.197,39.1768,13.0637,17.2914
2026-07-23T15:59:38.202,39.1866,12.907,17.3305
2026-07-23T15:59:38.212,39.1866,12.9266,17.1739
2026-07-23T15:59:38.221,39.2156,12.7308,17.1543
2026-07-23T15:59:38.228,39.2156,12.8091,17.0956
2026-07-23T15:59:38.237,39.2156,12.535,17.0172
2026-07-23T15:59:38.249,39.2508,12.5742,17.1152
2026-07-23T15:59:38.260,39.2564,12.4175,17.0956
2026-07-23T15:59:38.266,39.2594,12.4371,17.0956
2026-07-23T15:59:38.277,39.2651,12.4567,16.9781
2026-07-23T15:59:38.291,39.2924,12.5742,16.9977
2026-07-23T15:59:38.291,39.2924,12.4763,17.0564
2026-07-23T15:59:38.307,39.2996,12.4959,16.9585
2026-07-23T15:59:38.316,39.3055,12.3392,16.9193
2026-07-23T15:59:38.323,39.3302,12.3784,16.8998
2026-07-23T15:59:38.339,39.3343,12.163,16.8998
2026-07-23T15:59:38.343,39.3382,12.5154,16.8606
2026-07-23T15:59:38.356,39.3408,12.3784,16.9389
2026-07-23T15:59:38.367,39.3668,12.6721,17.1739
2026-07-23T15:59:38.381,39.3701,12.6721,17.2522
2026-07-23T15:59:38.389,39.3701,12.7308,17.311
2026-07-23T15:59:38.392,39.3983,12.7308,17.1739
2026-07-23T15:59:38.410,39.4053,12.6133,17.2522
2026-07-23T15:59:38.421,39.4053,12.7504,17.3893
2026-07-23T15:59:38.427,39.4297,12.7504,17.448
2026-07-23T15:59:38.435,39.4297,12.7112,17.5459
2026-07-23T15:59:38.449,39.4419,12.8483,17.6047
2026-07-23T15:59:38.456,39.4419,12.5546,17.6243
2026-07-23T15:59:38.468,39.4702,12.8287,17.5851
2026-07-23T15:59:38.480,39.4702,12.7308,17.6438
2026-07-23T15:59:38.493,39.4702,12.8875,17.8005
2026-07-23T15:59:38.499,39.4772,12.77,17.8005
2026-07-23T15:59:38.514,39.5052,12.8091,18.0159
2026-07-23T15:59:38.514,39.5052,12.8287,18.0159
2026-07-23T15:59:38.528,39.5167,12.8679,18.055
2026-07-23T15:59:38.543,39.5426,12.8875,17.8592
2026-07-23T15:59:38.552,39.5426,12.8091,17.6634
2026-07-23T15:59:38.561,39.5426,12.8679,17.7026
2026-07-23T15:59:38.568,39.5556,12.9854,17.7417
2026-07-23T15:59:38.577,39.5806,12.7896,17.8005
2026-07-23T15:59:38.591,39.5845,12.8287,17.8005
2026-07-23T15:59:38.593,39.5875,12.5546,17.683
2026-07-23T15:59:38.606,39.5875,12.8091,17.6047
2026-07-23T15:59:38.627,39.617,12.7112,17.448
2026-07-23T15:59:38.631,39.617,12.8875,17.448
2026-07-23T15:59:38.638,39.6191,12.9854,17.3893
2026-07-23T15:59:38.654,39.6352,13.0833,17.311
2026-07-23T15:59:38.654,39.6511,13.2399,17.2326
2026-07-23T15:59:38.670,39.6511,13.1224,17.1739
2026-07-23T15:59:38.677,39.6707,13.0637,17.1739
2026-07-23T15:59:38.686,39.6829,13.1812,17.0956
2026-07-23T15:59:38.702,39.6829,12.9658,17.1543
2026-07-23T15:59:38.708,39.6928,13.142,17.0564
2026-07-23T15:59:38.721,39.7172,13.0833,17.0172
2026-07-23T15:59:38.721,39.7172,13.2987,17.1935
2026-07-23T15:59:38.744,39.7259,13.1616,17.2718
2026-07-23T15:59:38.744,39.7547,13.2791,17.4284
2026-07-23T15:59:38.766,39.7618,13.2399,17.4089
2026-07-23T15:59:38.768,39.7651,13.3182,17.5655
2026-07-23T15:59:38.781,39.7706,13.2203,17.448
2026-07-23T15:59:38.782,39.7949,13.2008,17.3305
2026-07-23T15:59:38.797,39.7994,13.1616,17.2914
2026-07-23T15:59:38.810,39.7994,13.005,17.1543
2026-07-23T15:59:38.821,39.8086,12.8287,17.1739
2026-07-23T15:59:38.831,39.8345,12.9854,17.1543
2026-07-23T15:59:38.844,39.8402,12.907,17.2131
2026-07-23T15:59:38.850,39.8402,13.142,17.1739
2026-07-23T15:59:38.859,39.8402,13.005,17.2131
2026-07-23T15:59:38.868,39.8762,13.2203,17.3501
2026-07-23T15:59:38.884,39.8762,13.142,17.4676
2026-07-23T15:59:38.885,39.8762,13.2399,17.6047
2026-07-23T15:59:38.891,39.8829,13.1616,17.5851
2026-07-23T15:59:38.910,39.9042,13.1812,17.7026
2026-07-23T15:59:38.923,39.9042,13.2399,17.7809
2026-07-23T15:59:38.927,39.9188,13.1616,17.7026
2026-07-23T15:59:38.943,39.9345,13.1029,17.7026
2026-07-23T15:59:38.955,39.9345,13.2008,17.6438
2026-07-23T15:59:38.955,39.9515,12.907,17.5655
2026-07-23T15:59:38.970,39.9515,13.1812,17.448
2026-07-23T15:59:38.977,39.9823,12.8875,17.5459
2026-07-23T15:59:38.985,39.9823,13.0441,17.6634
2026-07-23T15:59:38.985,39.9823,12.8091,17.918
2026-07-23T15:59:39.011,39.9947,13.0441,18.1529
2026-07-23T15:59:39.017,40.0223,13.005,18.1921
2026-07-23T15:59:39.021,40.0261,13.0441,18.2704
2026-07-23T15:59:39.033,40.0299,13.0441,18.3683
2026-07-23T15:59:39.049,40.0299,12.9854,18.3096
2026-07-23T15:59:39.057,40.0617,12.907,18.3683
2026-07-23T15:59:39.069,40.0617,13.005,18.1334
2026-07-23T15:59:39.081,40.0617,12.77,18.055
2026-07-23T15:59:39.081,40.0929,12.907,17.8984
2026-07-23T15:59:39.099,40.0971,12.5938,17.9375
2026-07-23T15:59:39.099,40.0971,12.7308,18.055
2026-07-23T15:59:39.122,40.0971,12.5154,18.1529
2026-07-23T15:59:39.130,40.1265,12.7112,18.3879
2026-07-23T15:59:39.144,40.1265,12.6525,18.3096
2026-07-23T15:59:39.148,40.1265,12.7308,18.3487
2026-07-23T15:59:39.148,40.1265,12.7308,18.3487
2026-07-23T15:59:39.177,40.1682,12.8287,18.2117
2026-07-23T15:59:39.177,40.1682,12.6721,18.3487
2026-07-23T15:59:39.177,40.1725,12.6329,18.5445
2026-07-23T15:59:39.207,40.204,12.4959,18.7599
2026-07-23T15:59:39.210,40.2066,12.6525,18.6033
2026-07-23T15:59:39.219,40.2099,12.3392,18.6816
2026-07-23T15:59:39.228,40.2099,12.5742,18.8187
2026-07-23T15:59:39.244,40.2432,12.5742,18.7795
2026-07-23T15:59:39.244,40.2432,12.8483,18.9166
2026-07-23T15:59:39.261,40.2517,12.6721,18.8578
2026-07-23T15:59:39.268,40.255,12.77,19.2103
2026-07-23T15:59:39.277,40.2836,12.6917,19.269
2026-07-23T15:59:39.289,40.2836,12.7308,19.6019
2026-07-23T15:59:39.294,40.2932,12.7504,19.7977
2026-07-23T15:59:39.306,40.2932,12.7504,19.8369
2026-07-23T15:59:39.322,40.3191,12.6133,19.739
2026-07-23T15:59:39.322,40.326,12.77,19.5823
2026-07-23T15:59:39.334,40.3281,12.5742,19.4453
2026-07-23T15:59:39.350,40.3594,12.77,19.3278
2026-07-23T15:59:39.350,40.3594,12.6329,19.4257
2026-07-23T15:59:39.370,40.3629,12.7896,19.5627
2026-07-23T15:59:39.379,40.3629,12.6133,19.5627
2026-07-23T15:59:39.386,40.3947,12.7308,19.5627
2026-07-23T15:59:39.398,40.3947,12.7308,19.4453
2026-07-23T15:59:39.398,40.3947,12.6917,19.3082
2026-07-23T15:59:39.414,40.4031,12.6917,19.3082
2026-07-23T15:59:39.431,40.426,12.7112,19.3474
2026-07-23T15:59:39.444,40.426,12.7308,19.4061
2026-07-23T15:59:39.445,40.426,12.907,19.5432
2026-07-23T15:59:39.454,40.4676,12.7112,19.6019
2026-07-23T15:59:39.477,40.4737,12.907,19.5627
2026-07-23T15:59:39.477,40.477,12.7504,19.5627
2026-07-23T15:59:39.477,40.477,12.8287,19.5432
2026-07-23T15:59:39.495,40.505,12.5938,19.4844
2026-07-23T15:59:39.511,40.505,12.77,19.6411
2026-07-23T15:59:39.525,40.5166,12.7504,19.6606
2026-07-23T15:59:39.528,40.5209,12.6721,19.7194
2026-07-23T15:59:39.544,40.5524,12.5546,19.7586
2026-07-23T15:59:39.553,40.5524,12.4763,19.739
2026-07-23T15:59:39.556,40.5596,12.3196,19.8565
2026-07-23T15:59:39.577,40.5596,12.4371,19.9935
2026-07-23T15:59:39.577,40.5881,12.3,20.1306
2026-07-23T15:59:39.595,40.593,12.4567,20.0718
2026-07-23T15:59:39.595,40.593,12.2021,19.9739
2026-07-23T15:59:39.603,40.6001,12.3392,19.9544
2026-07-23T15:59:39.622,40.6337,12.0847,19.8956
2026-07-23T15:59:39.622,40.6337,12.163,19.876
2026-07-23T15:59:39.639,40.6404,12.0651,19.8956
2026-07-23T15:59:39.651,40.6473,12.1042,19.9544
2026-07-23T15:59:39.664,40.6714,12.0063,19.8565
2026-07-23T15:59:39.678,40.6751,12.0063,19.876
2026-07-23T15:59:39.678,40.6751,11.9476,19.9152
2026-07-23T15:59:39.691,40.6788,11.9672,19.8956
2026-07-23T15:59:39.698,40.6788,11.8889,19.9739
2026-07-23T15:59:39.720,40.7108,12.1238,19.8173
2026-07-23T15:59:39.720,40.7108,11.9868,19.9935
2026-07-23T15:59:39.730,40.7208,12.1434,20.0131
2026-07-23T15:59:39.730,40.742,11.9868,19.9935
2026-07-23T15:59:39.745,40.7524,12.1042,20.0523
2026-07-23T15:59:39.762,40.7556,11.8497,20.0327
2026-07-23T15:59:39.772,40.7596,11.8889,20.0523
2026-07-23T15:59:39.777,40.7733,11.8105,19.876
2026-07-23T15:59:39.793,40.7858,11.8301,19.8173
2026-07-23T15:59:39.803,40.7893,11.8301,19.9152
2026-07-23T15:59:39.811,40.7913,11.8497,20.0327
2026-07-23T15:59:39.822,40.8062,11.8105,20.1502
2026-07-23T15:59:39.824,40.8062,12.0063,20.1502
2026-07-23T15:59:39.837,40.8213,11.7909,20.1502
2026-07-23T15:59:39.845,40.8497,11.9672,20.1502
2026-07-23T15:59:39.857,40.8497,11.7714,20.1502
2026-07-23T15:59:39.872,40.8567,12.0259,20.3264
2026-07-23T15:59:39.888,40.8847,11.7909,20.2872
2026-07-23T15:59:39.888,40.89,11.9868,20.3656
2026-07-23T15:59:39.901,40.8929,11.8889,20.2481
2026-07-23T15:59:39.910,40.9218,11.928,20.1306
2026-07-23T15:59:39.922,40.9263,11.8497,19.9739
2026-07-23T15:59:39.928,40.9263,11.8301,19.876
2026-07-23T15:59:39.944,40.9334,11.7909,19.8173
2026-07-23T15:59:39.949,40.9365,11.9084,19.7194
2026-07-23T15:59:39.970,40.964,11.7126,19.8369
2026-07-23T15:59:39.970,40.964,11.928,19.7781
2026-07-23T15:59:39.983,40.964,11.7518,20.0131
2026-07-23T15:59:39.988,40.9717,11.9672,20.0914
2026-07-23T15:59:40.000,40.9959,11.9084,20.0914
2026-07-23T15:59:40.015,40.9959,11.9868,20.111
2026-07-23T15:59:40.015,41.0028,11.8105,20.0718
2026-07-23T15:59:40.031,41.03,11.9868,20.1502
2026-07-23T15:59:40.044,41.03,11.9084,19.9935
2026-07-23T15:59:40.047,41.03,11.8105,19.9544
2026-07-23T15:59:40.054,41.0596,11.7322,20.0327
2026-07-23T15:59:40.073,41.0719,11.8693,19.8956
2026-07-23T15:59:40.081,41.0719,11.7322,20.0131
2026-07-23T15:59:40.081,41.0756,12.163,20.2285
2026-07-23T15:59:40.101,41.1074,11.9868,20.3851
2026-07-23T15:59:40.110,41.1099,12.2413,20.4243
2026-07-23T15:59:40.123,41.1099,12.0063,20.4243
2026-07-23T15:59:40.126,41.1205,12.1434,20.5418
2026-07-23T15:59:40.144,41.1493,12.1826,20.6593
2026-07-23T15:59:40.144,41.1538,12.3,20.7376
2026-07-23T15:59:40.161,41.1538,12.3,20.7768
2026-07-23T15:59:40.161,41.1596,12.3392,20.8159
2026-07-23T15:59:40.189,41.1915,12.3784,20.9726
2026-07-23T15:59:40.189,41.1953,12.4567,21.09
2026-07-23T15:59:40.200,41.1953,12.3979,21.2859
2026-07-23T15:59:40.210,41.2001,12.6133,21.2467
2026-07-23T15:59:40.216,41.2263,12.3979,21.2075
2026-07-23T15:59:40.236,41.232,12.5546,21.0705
2026-07-23T15:59:40.236,41.2354,12.3784,20.953
2026-07-23T15:59:40.251,41.2395,12.6329,20.9138
2026-07-23T15:59:40.265,41.2633,12.5546,20.9334
2026-07-23T15:59:40.277,41.2723,12.8091,21.0705
2026-07-23T15:59:40.282,41.2723,12.8287,21.2467
2026-07-23T15:59:40.290,41.2723,12.9266,21.4425
2026-07-23T15:59:40.310,41.3088,12.8679,21.5796
2026-07-23T15:59:40.314,41.3105,12.7308,21.6383
2026-07-23T15:59:40.314,41.3105,12.6133,21.7362
2026-07-23T15:59:40.323,41.3105,12.7308,21.7558
2026-07-23T15:59:40.345,41.3481,12.6917,21.8145
2026-07-23T15:59:40.345,41.3481,12.9854,21.9516
2026-07-23T15:59:40.361,41.3506,12.7896,22.0691
2026-07-23T15:59:40.361,41.3595,12.9854,22.0691
2026-07-23T15:59:40.379,41.3837,12.7896,21.8341
2026-07-23T15:59:40.393,41.3865,12.907,21.7754
2026-07-23T15:59:40.393,41.3865,12.8875,21.8537
2026-07-23T15:59:40.410,41.3895,12.9658,21.9908
2026-07-23T15:59:40.424,41.4052,13.0441,22.2257
2026-07-23T15:59:40.434,41.4052,13.0441,22.2257
2026-07-23T15:59:40.444,41.4212,13.0637,22.2257
2026-07-23T15:59:40.444,41.437,13.0441,22.3041
2026-07-23T15:59:40.456,41.4532,12.8875,22.4607
2026-07-23T15:59:40.472,41.4532,13.0245,22.4803
2026-07-23T15:59:40.479,41.4824,12.9462,22.5782
2026-07-23T15:59:40.488,41.4844,13.2203,22.7348
2026-07-23T15:59:40.504,41.4862,13.0637,22.6565
2026-07-23T15:59:40.507,41.5033,13.2791,22.8915
2026-07-23T15:59:40.524,41.5161,13.2987,22.9502
2026-07-23T15:59:40.533,41.5161,13.5728,23.0481
2026-07-23T15:59:40.537,41.5239,13.5728,23.1656
2026-07-23T15:59:40.551,41.5517,13.7686,23.2635
2026-07-23T15:59:40.554,41.5546,13.5924,23.4006
2026-07-23T15:59:40.567,41.5598,13.5532,23.5964
2026-07-23T15:59:40.577,41.5634,13.4357,23.7334
2026-07-23T15:59:40.598,41.5866,13.5532,23.8705
2026-07-23T15:59:40.598,41.5866,13.4357,24.0467
2026-07-23T15:59:40.614,41.5932,13.4945,24.2621
2026-07-23T15:59:40.624,41.6199,13.2008,24.3992
2026-07-23T15:59:40.630,41.6244,13.4161,24.4971
2026-07-23T15:59:40.637,41.6266,13.2203,24.4384
2026-07-23T15:59:40.646,41.6281,13.4749,24.3013
2026-07-23T15:59:40.662,41.6597,13.4749,24.0859
2026-07-23T15:59:40.662,41.6597,13.6511,24.1251
2026-07-23T15:59:40.679,41.6738,13.6315,24.1838
2026-07-23T15:59:40.679,41.6983,13.5728,24.3209
2026-07-23T15:59:40.693,41.7003,13.5336,24.3796
2026-07-23T15:59:40.710,41.7057,13.5336,24.2621
2026-07-23T15:59:40.710,41.7057,13.5141,24.1251
2026-07-23T15:59:40.725,41.7266,13.8665,23.9293
2026-07-23T15:59:40.744,41.7266,13.8469,23.9488
2026-07-23T15:59:40.751,41.7374,14.1015,24.0859
2026-07-23T15:59:40.756,41.7374,13.749,24.1055
2026-07-23T15:59:40.762,41.7597,13.8665,24.3013
2026-07-23T15:59:40.777,41.7689,13.6903,24.4384
2026-07-23T15:59:40.788,41.7729,13.8273,24.5558
2026-07-23T15:59:40.804,41.8004,13.7882,24.3405
2026-07-23T15:59:40.810,41.8004,13.6511,24.1838
2026-07-23T15:59:40.820,41.8004,13.6707,23.8705
2026-07-23T15:59:40.835,41.8264,13.7099,23.6551
2026-07-23T15:59:40.846,41.8319,13.8273,23.6551
2026-07-23T15:59:40.851,41.8329,14.1994,23.6551
2026-07-23T15:59:40.867,41.8617,13.9644,23.5964
2026-07-23T15:59:40.876,41.8635,14.1406,23.4397
2026-07-23T15:59:40.883,41.8635,13.8273,23.5376
2026-07-23T15:59:40.888,41.8635,14.0427,23.4593
2026-07-23T15:59:40.898,41.8933,13.6315,23.5964
2026-07-23T15:59:40.914,41.8953,13.749,23.8314
2026-07-23T15:59:40.914,41.8953,13.749,23.7139
2026-07-23T15:59:40.930,41.9264,13.6903,23.6747
2026-07-23T15:59:40.930,41.9264,13.6511,23.3418
2026-07-23T15:59:40.946,41.9329,13.6315,23.2243
2026-07-23T15:59:40.961,41.9577,13.5924,23.1852
2026-07-23T15:59:40.971,41.9654,13.5924,23.2635
2026-07-23T15:59:40.984,41.9654,13.4161,23.4593
2026-07-23T15:59:40.984,41.9889,13.5336,23.4397
2026-07-23T15:59:40.995,41.9932,13.2987,23.5964
2026-07-23T15:59:41.009,41.9932,13.5336,23.6355
2026-07-23T15:59:41.016,42.0047,13.4553,23.6551
2026-07-23T15:59:41.026,42.0264,13.6903,23.5768
2026-07-23T15:59:41.040,42.0313,13.4749,23.4006
2026-07-23T15:59:41.044,42.036,13.3966,23.3614
2026-07-23T15:59:41.055,42.0597,13.1812,23.2048
2026-07-23T15:59:41.071,42.0597,13.0637,23.0873
2026-07-23T15:59:41.077,42.0597,13.1029,23.0481
2026-07-23T15:59:41.091,42.0696,13.2008,22.9306
2026-07-23T15:59:41.103,42.0929,13.142,22.9502
2026-07-23T15:59:41.110,42.0929,13.2595,22.8719
2026-07-23T15:59:41.120,42.0929,13.0833,22.9111
2026-07-23T15:59:41.138,42.1151,13.377,22.8915
2026-07-23T15:59:41.138,42.1151,13.3574,22.9306
2026-07-23T15:59:41.150,42.1308,13.5924,22.9306
2026-07-23T15:59:41.166,42.1464,13.3966,22.9698
2026-07-23T15:59:41.166,42.1464,13.3574,22.9894
2026-07-23T15:59:41.180,42.1597,13.2595,22.9698
2026-07-23T15:59:41.182,42.1777,13.2008,22.9698
2026-07-23T15:59:41.197,42.1777,13.0637,23.0677
2026-07-23T15:59:41.210,42.1886,13.1616,23.009
2026-07-23T15:59:41.229,42.2121,13.1029,23.0873
2026-07-23T15:59:41.229,42.2121,13.2203,23.0677
2026-07-23T15:59:41.239,42.2121,13.2987,23.0285
2026-07-23T15:59:41.248,42.2439,13.5141,22.9502
2026-07-23T15:59:41.260,42.2439,13.3966,22.9894
2026-07-23T15:59:41.263,42.2525,13.5141,23.2243
2026-07-23T15:59:41.277,42.2737,13.2987,23.4202
2026-07-23T15:59:41.295,42.2737,13.377,23.6551
2026-07-23T15:59:41.295,42.2737,13.2791,23.8314
2026-07-23T15:59:41.311,42.3031,13.4945,24.0663
2026-07-23T15:59:41.325,42.3031,13.3966,24.0467
2026-07-23T15:59:41.325,42.3031,13.4749,24.0272
2026-07-23T15:59:41.346,42.3394,13.5532,24.0272
2026-07-23T15:59:41.354,42.3394,13.6315,23.6943
2026-07-23T15:59:41.354,42.3394,13.6707,23.6943
2026-07-23T15:59:41.354,42.3661,13.9057,23.7334
2026-07-23T15:59:41.388,42.3738,13.8078,23.9488
2026-07-23T15:59:41.390,42.3792,13.8861,24.1251
2026-07-23T15:59:41.401,42.3979,13.6903,24.1838
2026-07-23T15:59:41.417,42.4137,13.8469,24.3405
2026-07-23T15:59:41.425,42.4137,13.6903,24.3992
2026-07-23T15:59:41.433,42.4228,13.612,24.4188
2026-07-23T15:59:41.436,42.4492,13.6315,24.4971
2026-07-23T15:59:41.449,42.4544,13.5924,24.5754
2026-07-23T15:59:41.464,42.4588,13.5336,24.6537
2026-07-23T15:59:41.471,42.4609,13.6315,24.6929
2026-07-23T15:59:41.478,42.4777,13.7099,24.6537
2026-07-23T15:59:41.497,42.4955,13.7294,24.6146
2026-07-23T15:59:41.500,42.4955,13.7294,24.5363
2026-07-23T15:59:41.513,42.5015,13.7686,24.4579
2026-07-23T15:59:41.525,42.5275,13.5532,24.3209
2026-07-23T15:59:41.529,42.5275,13.6903,24.2425
2026-07-23T15:59:41.546,42.5275,13.5336,24.3013
2026-07-23T15:59:41.546,42.5275,13.8273,24.4775
2026-07-23T15:59:41.558,42.5653,13.749,24.7125
2026-07-23T15:59:41.574,42.5653,13.7294,24.9279
2026-07-23T15:59:41.578,42.5726,13.6707,25.1041
2026-07-23T15:59:41.590,42.5775,13.5336,25.1628
2026-07-23T15:59:41.600,42.6017,13.4553,25.2412
2026-07-23T15:59:41.612,42.6075,13.3182,25.2607
2026-07-23T15:59:41.623,42.6075,13.3574,25.4174
2026-07-23T15:59:41.631,42.6332,13.6707,25.574
2026-07-23T15:59:41.644,42.6513,13.6511,25.6915
2026-07-23T15:59:41.644,42.6513,14.0232,25.7894
2026-07-23T15:59:41.658,42.6597,13.7882,25.9265
2026-07-23T15:59:41.668,42.6877,13.984,26.0636
2026-07-23T15:59:41.684,42.6907,13.7686,25.9852
2026-07-23T15:59:41.684,42.6932,13.749,26.0048
2026-07-23T15:59:41.702,42.6964,13.6707,25.8286
2026-07-23T15:59:41.708,42.6964,13.6315,25.7307
2026-07-23T15:59:41.725,42.7285,13.7686,25.7111
2026-07-23T15:59:41.731,42.7285,13.8665,25.7698
2026-07-23T15:59:41.741,42.7285,13.7882,25.9069
2026-07-23T15:59:41.747,42.7285,13.8665,25.9657
2026-07-23T15:59:41.764,42.7598,13.6707,26.1027
2026-07-23T15:59:41.764,42.7598,13.749,26.1027
2026-07-23T15:59:41.779,42.7598,13.5141,26.2789
2026-07-23T15:59:41.779,42.7756,13.6707,26.4748
2026-07-23T15:59:41.795,42.7962,13.4553,26.5139
2026-07-23T15:59:41.811,42.8069,13.7294,26.4356
2026-07-23T15:59:41.811,42.8129,13.612,26.2789
2026-07-23T15:59:41.829,42.8379,13.749,26.1615
2026-07-23T15:59:41.842,42.8457,13.7686,26.1223
2026-07-23T15:59:41.847,42.8457,13.749,26.2006
2026-07-23T15:59:41.864,42.8551,13.749,26.4748
2026-07-23T15:59:41.868,42.8551,13.5532,26.5531
2026-07-23T15:59:41.889,42.8794,13.3966,26.6118
2026-07-23T15:59:41.889,42.8794,13.4161,26.5531
2026-07-23T15:59:41.906,42.8852,13.377,26.5335
2026-07-23T15:59:41.906,42.903,13.6511,26.3377
2026-07-23T15:59:41.925,42.9193,13.5728,26.2202
2026-07-23T15:59:41.930,42.9213,13.7882,26.2006
2026-07-23T15:59:41.944,42.9266,13.5141,26.2006
2026-07-23T15:59:41.954,42.9484,13.5336,26.3769
2026-07-23T15:59:41.954,42.9484,13.4945,26.4748
2026-07-23T15:59:41.972,42.9484,13.4945,26.5727
2026-07-23T15:59:41.977,42.9484,13.5924,26.651
2026-07-23T15:59:41.985,42.9813,13.6315,26.651
2026-07-23T15:59:41.999,42.9813,13.6511,26.6706
2026-07-23T15:59:41.999,42.9931,13.7099,26.651
2026-07-23T15:59:42.018,43.0171,13.6511,26.7489
2026-07-23T15:59:42.032,43.0171,13.7294,26.7685
2026-07-23T15:59:42.044,43.0265,13.4749,26.9055
2026-07-23T15:59:42.062,43.0464,13.6511,26.9643
2026-07-23T15:59:42.062,43.0464,13.5141,26.9643
2026-07-23T15:59:42.068,43.058,13.8861,27.0622
2026-07-23T15:59:42.080,43.0862,13.8665,27.0426
2026-07-23T15:59:42.093,43.0882,13.9644,27.2384
2026-07-23T15:59:42.097,43.0899,13.8665,27.258
2026-07-23T15:59:42.110,43.093,13.7099,27.4734
2026-07-23T15:59:42.125,43.1213,13.6903,27.6104
2026-07-23T15:59:42.125,43.1213,13.8273,27.7867
2026-07-23T15:59:42.139,43.1213,13.9252,28.0608
2026-07-23T15:59:42.156,43.1528,14.2581,28.0804
2026-07-23T15:59:42.156,43.1528,14.356,28.237
2026-07-23T15:59:42.172,43.1597,14.5714,28.4916
2026-07-23T15:59:42.183,43.1597,14.4148,28.6874
2026-07-23T15:59:42.188,43.1866,14.2777,28.8049
2026-07-23T15:59:42.188,43.1866,13.9252,28.8832
2026-07-23T15:59:42.210,43.1953,14.0623,29.0986
2026-07-23T15:59:42.222,43.2262,14.1798,29.451
2026-07-23T15:59:42.235,43.2319,14.2581,29.6077
2026-07-23T15:59:42.246,43.2319,14.3952,29.8426
2026-07-23T15:59:42.252,43.2319,14.3756,29.7839
2026-07-23T15:59:42.268,43.2635,14.356,29.7056
2026-07-23T15:59:42.268,43.2635,14.2581,29.686
2026-07-23T15:59:42.283,43.2743,14.219,29.9601
2026-07-23T15:59:42.283,43.2795,14.6302,30.1168
2026-07-23T15:59:42.306,43.2967,14.3756,30.2147
2026-07-23T15:59:42.311,43.2967,14.5518,30.5084
2026-07-23T15:59:42.325,43.3143,14.5518,30.8413
2026-07-23T15:59:42.330,43.3143,14.7476,31.135
2026-07-23T15:59:42.330,43.3426,14.7085,31.4091
2026-07-23T15:59:42.347,43.3426,14.9043,31.5853
2026-07-23T15:59:42.364,43.3426,15.0218,31.8203
2026-07-23T15:59:42.377,43.3842,15.0805,32.0553
2026-07-23T15:59:42.389,43.3842,15.2567,32.4665
2026-07-23T15:59:42.393,43.3905,15.3351,32.584
2026-07-23T15:59:42.393,43.3931,15.3742,32.7406
2026-07-23T15:59:42.409,43.4065,15.2763,32.6231
2026-07-23T15:59:42.425,43.4065,15.3155,32.4665
2026-07-23T15:59:42.425,43.4224,15.5505,32.1336
2026-07-23T15:59:42.441,43.4264,15.433,31.7616
2026-07-23T15:59:42.444,43.4537,15.4134,31.8399
2026-07-23T15:59:42.457,43.4537,15.0805,31.879
2026-07-23T15:59:42.473,43.4537,15.1197,32.0553
2026-07-23T15:59:42.482,43.4634,15.0609,32.0944
2026-07-23T15:59:42.489,43.4866,15.0414,32.2511
2026-07-23T15:59:42.489,43.4866,15.2176,32.3686
2026-07-23T15:59:42.505,43.4931,15.2959,32.4665
2026-07-23T15:59:42.522,43.5167,15.3742,32.486
2026-07-23T15:59:42.525,43.5167,15.4134,32.5056
2026-07-23T15:59:42.544,43.5265,15.6092,32.5448
2026-07-23T15:59:42.556,43.5489,15.6288,32.5644
2026-07-23T15:59:42.567,43.5489,15.4721,32.7798
2026-07-23T15:59:42.567,43.5599,15.5113,32.9364
2026-07-23T15:59:42.577,43.5599,15.3546,33.0735
2026-07-23T15:59:42.584,43.5888,15.3742,33.2497
2026-07-23T15:59:42.600,43.593,15.1588,33.3868
2026-07-23T15:59:42.611,43.5966,15.198,33.191
2026-07-23T15:59:42.615,43.6206,15.4134,32.9756
2026-07-23T15:59:42.631,43.6206,15.433,32.9168
2026-07-23T15:59:42.644,43.6325,15.5505,32.8777
2026-07-23T15:59:42.647,43.6325,15.6875,32.9364
2026-07-23T15:59:42.663,43.6441,15.805,33.0931
2026-07-23T15:59:42.671,43.66,15.7854,33.1518
2026-07-23T15:59:42.682,43.66,15.5896,33.2889
2026-07-23T15:59:42.695,43.676,15.6484,33.3084
2026-07-23T15:59:42.695,43.6934,15.5896,33.4259
2026-07-23T15:59:42.711,43.6934,15.7267,33.328
2026-07-23T15:59:42.711,43.6934,15.7071,33.3084
2026-07-23T15:59:42.727,43.7267,15.9812,33.4847
2026-07-23T15:59:42.727,43.7317,16.0596,33.5434
2026-07-23T15:59:42.744,43.7317,15.9812,33.5238
2026-07-23T15:59:42.774,43.7596,16.0204,33.4455
2026-07-23T15:59:42.774,43.7596,15.8442,33.5238
2026-07-23T15:59:42.783,43.7712,16.0008,33.7001
2026-07-23T15:59:42.790,43.7712,16.1183,33.7784
2026-07-23T15:59:42.810,43.8031,16.2749,33.9546
2026-07-23T15:59:42.810,43.8031,16.4512,33.9154
2026-07-23T15:59:42.822,43.8031,16.3141,33.9742
2026-07-23T15:59:42.826,43.8391,16.4512,33.8763
2026-07-23T15:59:42.848,43.8391,16.412,33.7784
2026-07-23T15:59:42.854,43.8391,16.5491,33.9154
2026-07-23T15:59:42.854,43.8391,16.5295,34.0525
2026-07-23T15:59:42.870,43.8676,16.5099,34.4833
2026-07-23T15:59:42.886,43.8752,16.6861,34.7183
2026-07-23T15:59:42.890,43.8752,16.647,34.8357
2026-07-23T15:59:42.890,43.8984,16.6274,34.8945
2026-07-23T15:59:42.911,43.8984,16.4316,34.8357
2026-07-23T15:59:42.918,43.9145,16.4512,34.9141
2026-07-23T15:59:42.926,43.9145,16.5687,34.7574
2026-07-23T15:59:42.949,43.9463,16.6078,34.8749
2026-07-23T15:59:42.949,43.9463,16.7645,34.9532
2026-07-23T15:59:42.949,43.9463,16.5882,35.1686
2026-07-23T15:59:42.965,43.9463,16.5295,35.3057
2026-07-23T15:59:42.983,43.9781,16.3141,35.3644
2026-07-23T15:59:42.983,43.9781,16.4512,35.2274
2026-07-23T15:59:42.997,43.9781,16.6078,35.1294
2026-07-23T15:59:43.022,44.0123,16.6078,35.2274
2026-07-23T15:59:43.029,44.0123,16.8428,35.4232
2026-07-23T15:59:43.029,44.0268,16.784,35.4232
2026-07-23T15:59:43.029,44.0327,16.7253,35.5798
2026-07-23T15:59:43.046,44.0599,16.5882,35.5798
2026-07-23T15:59:43.063,44.0599,16.5882,35.7756
2026-07-23T15:59:43.063,44.0599,16.6861,35.5994
2026-07-23T15:59:43.084,44.0599,16.5882,35.6581
2026-07-23T15:59:43.098,44.093,16.6078,35.6581
2026-07-23T15:59:43.109,44.093,16.6274,35.6581
2026-07-23T15:59:43.111,44.1062,16.647,35.8148
2026-07-23T15:59:43.111,44.1062,16.5491,35.8148
2026-07-23T15:59:43.126,44.1379,16.6666,35.7365
2026-07-23T15:59:43.144,44.1379,16.9211,35.7169
2026-07-23T15:59:43.144,44.1379,16.9211,35.6777
2026-07-23T15:59:43.157,44.1379,17.0973,35.6973
2026-07-23T15:59:43.173,44.1756,17.0582,35.8148
2026-07-23T15:59:43.184,44.1756,17.019,35.9127
2026-07-23T15:59:43.189,44.1756,16.9798,35.8148
2026-07-23T15:59:43.189,44.1756,16.7449,35.8735
2026-07-23T15:59:43.210,44.2162,16.6666,35.8539
2026-07-23T15:59:43.223,44.2172,16.5491,35.8931
2026-07-23T15:59:43.226,44.2172,16.7449,35.8148
2026-07-23T15:59:43.236,44.234,16.6861,35.7952
2026-07-23T15:59:43.260,44.2505,16.7253,35.9714
2026-07-23T15:59:43.266,44.2561,16.8036,35.9518
2026-07-23T15:59:43.268,44.2561,16.647,35.8539
2026-07-23T15:59:43.285,44.2814,16.8232,35.8539
2026-07-23T15:59:43.285,44.2814,16.7057,35.9323
2026-07-23T15:59:43.301,44.2814,16.8624,35.9323
2026-07-23T15:59:43.311,44.2977,16.8624,35.9323
2026-07-23T15:59:43.326,44.3125,16.9798,36.0693
2026-07-23T15:59:43.332,44.3282,17.0386,36.0497
2026-07-23T15:59:43.332,44.3339,16.9211,36.2064
2026-07-23T15:59:43.349,44.3394,16.8624,36.1868
2026-07-23T15:59:43.363,44.3597,16.9015,36.226
2026-07-23T15:59:43.363,44.3597,16.9994,36.3239
2026-07-23T15:59:43.385,44.3756,16.9798,36.4022
2026-07-23T15:59:43.390,44.393,16.9603,36.4609
2026-07-23T15:59:43.395,44.4072,17.1169,36.4609
2026-07-23T15:59:43.410,44.4072,17.0582,36.5001
2026-07-23T15:59:43.432,44.4072,17.254,36.5588
2026-07-23T15:59:43.432,44.4387,17.1952,36.6176
2026-07-23T15:59:43.442,44.4387,17.1561,36.7938
2026-07-23T15:59:43.444,44.4387,17.1365,36.8526
2026-07-23T15:59:43.458,44.4544,16.9798,36.8526
2026-07-23T15:59:43.458,44.4756,16.9407,36.8721
2026-07-23T15:59:43.490,44.4861,16.9798,36.833
2026-07-23T15:59:43.490,44.4861,17.1365,36.7155
2026-07-23T15:59:43.505,44.4931,17.1169,36.5784
2026-07-23T15:59:43.505,44.5183,16.9798,36.6567
2026-07-23T15:59:43.526,44.5264,16.9407,36.5393
2026-07-23T15:59:43.526,44.5264,16.7645,36.5001
2026-07-23T15:59:43.537,44.5346,16.8036,36.5197
2026-07-23T15:59:43.544,44.5599,16.6861,36.5001
2026-07-23T15:59:43.557,44.5649,16.7449,36.6763
2026-07-23T15:59:43.569,44.5649,16.7449,36.598
2026-07-23T15:59:43.585,44.5755,16.6861,36.6763
2026-07-23T15:59:43.585,44.5966,16.7645,36.6567
2026-07-23T15:59:43.611,44.5966,16.7449,36.6567
2026-07-23T15:59:43.611,44.5966,16.8232,36.7155
2026-07-23T15:59:43.616,44.5966,16.7253,36.5588
2026-07-23T15:59:43.626,44.6126,16.7645,36.5393
2026-07-23T15:59:43.647,44.6349,16.8428,36.363
2026-07-23T15:59:43.647,44.6349,16.9211,36.4022
2026-07-23T15:59:43.647,44.6443,17.019,36.3239
2026-07-23T15:59:43.663,44.661,16.9015,36.2651
2026-07-23T15:59:43.686,44.6738,16.9015,36.226
2026-07-23T15:59:43.686,44.6758,16.8428,36.2064
2026-07-23T15:59:43.695,44.6933,16.8624,36.3239
2026-07-23T15:59:43.712,44.7034,17.0386,36.3239
2026-07-23T15:59:43.725,44.7084,17.1365,36.4022
2026-07-23T15:59:43.727,44.7326,17.2344,36.7155
2026-07-23T15:59:43.744,44.7351,17.0778,36.8721
2026-07-23T15:59:43.754,44.7391,16.9015,37.1267
2026-07-23T15:59:43.759,44.7391,16.8624,37.0679
2026-07-23T15:59:43.774,44.7602,16.8232,37.1071
2026-07-23T15:59:43.782,44.7717,16.9994,36.833
2026-07-23T15:59:43.790,44.7717,16.9798,36.6176
2026-07-23T15:59:43.806,44.7983,17.0386,36.4609
2026-07-23T15:59:43.811,44.7983,16.8036,36.4805
2026-07-23T15:59:43.823,44.8028,16.7253,36.5197
2026-07-23T15:59:43.838,44.8266,16.7057,36.7351
2026-07-23T15:59:43.838,44.8266,16.647,36.6567
2026-07-23T15:59:43.849,44.8345,16.647,36.5784
2026-07-23T15:59:43.854,44.8503,16.4316,36.2847
2026-07-23T15:59:43.869,44.86,16.4316,36.0889
2026-07-23T15:59:43.877,44.866,16.4512,36.0302
2026-07-23T15:59:43.891,44.8817,16.5491,36.0497
2026-07-23T15:59:43.901,44.8817,16.6861,36.0889
2026-07-23T15:59:43.911,44.8931,16.6078,36.226
2026-07-23T15:59:43.921,44.8975,16.7057,36.3043
2026-07-23T15:59:43.932,44.9235,16.6078,36.3239
2026-07-23T15:59:43.932,44.9235,16.8232,36.4609
2026-07-23T15:59:43.948,44.9451,16.6274,36.3826
2026-07-23T15:59:43.966,44.9451,16.647,36.4022
2026-07-23T15:59:43.974,44.9608,16.7253,36.2651
2026-07-23T15:59:43.980,44.9655,16.784,36.2651
2026-07-23T15:59:43.987,44.9767,16.784,36.2456
2026-07-23T15:59:43.996,44.9767,16.6666,36.3043
2026-07-23T15:59:44.012,44.9932,16.6078,36.4022
2026-07-23T15:59:44.016,45.0101,16.5099,36.2847
2026-07-23T15:59:44.027,45.0246,16.4707,36.4022
2026-07-23T15:59:44.044,45.0319,16.5882,36.2456
2026-07-23T15:59:44.044,45.0319,16.4707,36.1672
2026-07-23T15:59:44.061,45.0582,16.4903,36.1476
2026-07-23T15:59:44.061,45.0602,16.2358,36.0302
2026-07-23T15:59:44.082,45.0602,16.2749,36.1476
2026-07-23T15:59:44.092,45.0933,15.9812,36.0302
2026-07-23T15:59:44.099,45.0933,15.9421,36.1476
2026-07-23T15:59:44.111,45.0933,15.9225,36.226
2026-07-23T15:59:44.111,45.0933,15.7267,36.5197
2026-07-23T15:59:44.141,45.1204,15.7658,36.6567
2026-07-23T15:59:44.141,45.1204,15.7267,36.5784
2026-07-23T15:59:44.144,45.1319,15.7854,36.7155
2026-07-23T15:59:44.171,45.1598,15.9616,36.6959
2026-07-23T15:59:44.171,45.1598,15.9225,36.7742
2026-07-23T15:59:44.183,45.1678,15.9812,36.7742
2026-07-23T15:59:44.188,45.1935,15.7658,36.7742
2026-07-23T15:59:44.203,45.1995,15.7463,36.8721
2026-07-23T15:59:44.211,45.1995,15.5113,36.8917
2026-07-23T15:59:44.219,45.2268,15.7463,37.1267
2026-07-23T15:59:44.234,45.2308,15.7854,37.1071
2026-07-23T15:59:44.234,45.2308,15.7854,37.2833
2026-07-23T15:59:44.250,45.2373,15.805,37.3617
2026-07-23T15:59:44.266,45.263,15.7463,37.5575
2026-07-23T15:59:44.266,45.263,15.5309,37.6945
2026-07-23T15:59:44.282,45.263,15.3351,37.8316
2026-07-23T15:59:44.288,45.276,15.3546,37.8512
2026-07-23T15:59:44.313,45.2987,15.6288,37.6554
2026-07-23T15:59:44.314,45.2987,15.805,37.5966
2026-07-23T15:59:44.327,45.3082,16.0987,37.6162
2026-07-23T15:59:44.331,45.3298,15.9225,37.6945
2026-07-23T15:59:44.348,45.3406,15.9616,37.8512
2026-07-23T15:59:44.349,45.3426,15.7854,37.8708
2026-07-23T15:59:44.361,45.3426,15.6875,38.0666
2026-07-23T15:59:44.361,45.3763,15.6288,38.1253
2026-07-23T15:59:44.381,45.3763,15.6875,38.1253
2026-07-23T15:59:44.393,45.3849,15.7658,38.0078
2026-07-23T15:59:44.393,45.4065,15.9029,37.7729
2026-07-23T15:59:44.411,45.4065,16.0008,37.6358
2026-07-23T15:59:44.411,45.4065,16.0791,37.4987
2026-07-23T15:59:44.436,45.424,16.0008,37.5183
2026-07-23T15:59:44.441,45.4378,16.1379,37.4596
2026-07-23T15:59:44.457,45.4535,15.9812,37.4987
2026-07-23T15:59:44.457,45.4535,16.1966,37.2833
2026-07-23T15:59:44.477,45.4601,15.9029,37.0484
2026-07-23T15:59:44.489,45.4854,16.0791,37.0484
2026-07-23T15:59:44.489,45.4854,16.1379,36.8917
2026-07-23T15:59:44.511,45.4934,16.0791,36.8721
2026-07-23T15:59:44.511,45.4934,16.0596,36.7351
2026-07-23T15:59:44.527,45.5268,15.9225,36.7155
2026-07-23T15:59:44.527,45.5268,15.8246,36.6567
2026-07-23T15:59:44.544,45.5349,15.6679,36.5001
2026-07-23T15:59:44.552,45.5647,15.6679,36.4609
2026-07-23T15:59:44.568,45.5647,15.9029,36.2456
2026-07-23T15:59:44.568,45.5647,15.805,36.3043
2026-07-23T15:59:44.586,45.5763,16.0008,35.9518
2026-07-23T15:59:44.589,45.596,15.9812,36.1085
2026-07-23T15:59:44.611,45.6117,16.2358,36.1868
2026-07-23T15:59:44.615,45.6117,16.177,36.2456
2026-07-23T15:59:44.615,45.6117,16.2162,36.4414
2026-07-23T15:59:44.631,45.6434,15.9421,36.4414
2026-07-23T15:59:44.642,45.6434,15.8246,36.5588
2026-07-23T15:59:44.647,45.6434,15.7071,36.6372
2026-07-23T15:59:44.662,45.6434,15.7267,36.6959
2026-07-23T15:59:44.677,45.6762,15.7267,36.598
2026-07-23T15:59:44.684,45.6762,15.7463,36.5784
2026-07-23T15:59:44.690,45.6915,15.4721,36.6372
2026-07-23T15:59:44.694,45.6935,15.5505,36.6567
2026-07-23T15:59:44.711,45.7267,15.2763,36.7742
2026-07-23T15:59:44.727,45.7267,15.3938,37.0288
2026-07-23T15:59:44.727,45.7267,15.1393,37.1071
2026-07-23T15:59:44.744,45.7267,15.2372,37.1854
2026-07-23T15:59:44.744,45.7267,15.198,37.2246
2026-07-23T15:59:44.767,45.7599,15.1784,37.3029
2026-07-23T15:59:44.767,45.7599,15.1784,37.3421
2026-07-23T15:59:44.777,45.7705,15.1588,37.4987
2026-07-23T15:59:44.790,45.7994,15.1393,37.6554
2026-07-23T15:59:44.809,45.7994,15.198,37.6162
2026-07-23T15:59:44.811,45.8035,15.2176,37.6554
2026-07-23T15:59:44.821,45.8035,15.3155,37.5966
2026-07-23T15:59:44.827,45.8343,15.1001,37.7141
2026-07-23T15:59:44.844,45.8398,15.2176,37.8316
2026-07-23T15:59:44.854,45.8413,15.0805,37.812
2026-07-23T15:59:44.854,45.866,15.1393,37.8512
2026-07-23T15:59:44.869,45.8759,14.8455,37.8708
2026-07-23T15:59:44.877,45.8759,14.9043,37.9099
2026-07-23T15:59:44.892,45.883,14.7476,37.7533
2026-07-23T15:59:44.901,45.8977,14.9043,37.7533
2026-07-23T15:59:44.917,45.8977,14.8847,37.6554
2026-07-23T15:59:44.917,45.9141,15.0022,37.577
2026-07-23T15:59:44.933,45.9141,15.0022,37.44
2026-07-23T15:59:44.944,45.9459,15.0218,37.4596
2026-07-23T15:59:44.948,45.9459,14.963,37.6358
2026-07-23T15:59:44.965,45.9459,15.0218,37.6554
2026-07-23T15:59:44.965,45.9772,14.8651,37.5966
2026-07-23T15:59:44.980,45.9772,15.0218,37.44
2026-07-23T15:59:44.991,45.9838,14.8847,37.3421
2026-07-23T15:59:44.997,45.9838,15.0414,37.4008
2026-07-23T15:59:45.017,46.009,15.1001,37.3029
2026-07-23T15:59:45.028,46.009,15.3155,37.3029
2026-07-23T15:59:45.028,46.009,15.2372,37.3421
2026-07-23T15:59:45.044,46.0265,15.2176,37.44
2026-07-23T15:59:45.051,46.0573,14.963,37.5183
2026-07-23T15:59:45.060,46.06,14.8455,37.4791
2026-07-23T15:59:45.076,46.06,14.7868,37.4987
2026-07-23T15:59:45.077,46.0915,14.7868,37.4596
2026-07-23T15:59:45.101,46.0936,14.6302,37.5966
2026-07-23T15:59:45.101,46.0936,14.7672,37.6358
2026-07-23T15:59:45.111,46.0936,14.5323,37.6358
2026-07-23T15:59:45.111,46.1199,14.6889,37.7141
2026-07-23T15:59:45.139,46.1266,14.4931,37.5966
2026-07-23T15:59:45.142,46.133,14.6693,37.5575
2026-07-23T15:59:45.144,46.1356,14.6106,37.3812
2026-07-23T15:59:45.155,46.16,14.7085,37.4987
2026-07-23T15:59:45.171,46.1672,14.6693,37.5575
2026-07-23T15:59:45.186,46.1672,14.5714,37.6749
2026-07-23T15:59:45.192,46.1935,14.4343,37.6554
2026-07-23T15:59:45.202,46.1985,14.3952,37.5379
2026-07-23T15:59:45.211,46.2028,14.3364,37.7337
2026-07-23T15:59:45.226,46.2035,14.5127,37.8316
2026-07-23T15:59:45.234,46.2305,14.4343,37.9295
2026-07-23T15:59:45.244,46.2305,14.5127,37.9099
2026-07-23T15:59:45.254,46.2305,14.3364,37.8708
2026-07-23T15:59:45.265,46.262,14.3756,37.8512
2026-07-23T15:59:45.278,46.262,14.1406,37.7533
2026-07-23T15:59:45.281,46.262,14.2581,37.812
2026-07-23T15:59:45.297,46.3,14.1211,37.9099
2026-07-23T15:59:45.309,46.3,14.1798,37.812
2026-07-23T15:59:45.313,46.3,14.1994,37.7337
2026-07-23T15:59:45.313,46.3093,14.219,37.7924
2026-07-23T15:59:45.344,46.3269,14.3169,37.7924
2026-07-23T15:59:45.346,46.3269,14.1798,37.7729
2026-07-23T15:59:45.351,46.3422,14.1602,37.8512
2026-07-23T15:59:45.360,46.3422,14.2385,37.7729
2026-07-23T15:59:45.372,46.3723,14.0427,37.6945
2026-07-23T15:59:45.378,46.3761,14.3169,37.6358
2026-07-23T15:59:45.393,46.3761,14.219,37.5966
2026-07-23T15:59:45.411,46.4037,14.356,37.6162
2026-07-23T15:59:45.411,46.4037,14.1211,37.4596
2026-07-23T15:59:45.427,46.4037,14.1798,37.5379
2026-07-23T15:59:45.437,46.4197,14.219,37.4987
2026-07-23T15:59:45.447,46.4424,14.1994,37.6162
2026-07-23T15:59:45.454,46.4424,14.1798,37.6945
2026-07-23T15:59:45.454,46.4424,14.1602,37.8512
2026-07-23T15:59:45.471,46.4761,14.1798,37.9295
2026-07-23T15:59:45.478,46.4761,14.1211,37.8903
2026-07-23T15:59:45.493,46.483,14.1994,37.7924
2026-07-23T15:59:45.502,46.483,14.3364,37.6554
2026-07-23T15:59:45.518,46.5148,14.0819,37.5183
2026-07-23T15:59:45.518,46.5148,14.3756,37.44
2026-07-23T15:59:45.534,46.5148,14.1994,37.3421
2026-07-23T15:59:45.534,46.5148,14.4148,37.2833
2026-07-23T15:59:45.560,46.5503,14.1602,37.3029
2026-07-23T15:59:45.560,46.5503,14.2581,37.4596
2026-07-23T15:59:45.566,46.5503,14.2385,37.4204
2026-07-23T15:59:45.583,46.5786,14.1602,37.4008
2026-07-23T15:59:45.594,46.5786,13.9644,37.5183
2026-07-23T15:59:45.601,46.5943,13.984,37.4008
2026-07-23T15:59:45.611,46.5943,13.984,37.44
2026-07-23T15:59:45.629,46.627,13.9644,37.3617
2026-07-23T15:59:45.629,46.627,13.8469,37.4204
2026-07-23T15:59:45.645,46.627,14.0036,37.3617
2026-07-23T15:59:45.645,46.6429,13.9252,37.3421
2026-07-23T15:59:45.661,46.66,14.1406,37.1854
2026-07-23T15:59:45.678,46.66,13.9252,37.1071
2026-07-23T15:59:45.678,46.66,14.2385,37.1854
2026-07-23T15:59:45.694,46.6906,14.3364,37.1854
2026-07-23T15:59:45.694,46.6932,14.591,37.2442
2026-07-23T15:59:45.711,46.6932,14.4539,37.205
2026-07-23T15:59:45.727,46.727,14.4931,37.0288
2026-07-23T15:59:45.727,46.727,14.3756,37.1071
2026-07-23T15:59:45.744,46.727,14.3169,36.9309
2026-07-23T15:59:45.744,46.727,14.0427,37.0288
2026-07-23T15:59:45.758,46.76,14.2581,37.0484
2026-07-23T15:59:45.773,46.76,14.3169,37.2833
2026-07-23T15:59:45.778,46.76,14.5714,37.3225
2026-07-23T15:59:45.794,46.7933,14.4735,37.3812
2026-07-23T15:59:45.810,46.8023,14.6106,37.2833
2026-07-23T15:59:45.811,46.8023,14.3169,36.9896
2026-07-23T15:59:45.821,46.8023,14.3756,36.9505
2026-07-23T15:59:45.827,46.835,14.1798,36.97
2026-07-23T15:59:45.844,46.835,14.1994,36.97
2026-07-23T15:59:45.853,46.8423,14.1211,36.8721
2026-07-23T15:59:45.853,46.8438,14.1406,36.8526
2026-07-23T15:59:45.878,46.866,14.1602,36.9505
2026-07-23T15:59:45.878,46.8765,14.1406,36.8721
2026-07-23T15:59:45.895,46.8765,14.0036,36.833
2026-07-23T15:59:45.901,46.8982,14.0427,36.8134
2026-07-23T15:59:45.917,46.8982,13.749,36.6763
2026-07-23T15:59:45.917,46.8982,14.0819,36.4805
2026-07-23T15:59:45.933,46.914,13.749,36.4218
2026-07-23T15:59:45.949,46.93,13.8665,36.3435
2026-07-23T15:59:45.949,46.93,13.612,36.3043
2026-07-23T15:59:45.965,46.9458,13.6903,36.3043
2026-07-23T15:59:45.978,46.9674,13.7294,36.2847
2026-07-23T15:59:45.981,46.9778,13.7686,36.3043
2026-07-23T15:59:45.995,46.9793,13.8273,36.2456
2026-07-23T15:59:46.000,46.9935,13.8078,36.2456
2026-07-23T15:59:46.018,47.0123,13.7882,36.2456
2026-07-23T15:59:46.029,47.0154,13.8273,36.3435
2026-07-23T15:59:46.030,47.0175,13.7686,36.3435
2026-07-23T15:59:46.044,47.0447,14.1211,36.4414
2026-07-23T15:59:46.044,47.0509,13.8861,36.5197
2026-07-23T15:59:46.063,47.0509,13.9252,36.4218
2026-07-23T15:59:46.077,47.0767,13.612,36.4022
2026-07-23T15:59:46.092,47.0767,13.8078,36.4218
2026-07-23T15:59:46.092,47.0767,13.6903,36.1281
2026-07-23T15:59:46.102,47.089,13.7882,35.991
2026-07-23T15:59:46.111,47.1052,13.6707,35.9127
2026-07-23T15:59:46.127,47.1223,13.7882,35.8931
2026-07-23T15:59:46.127,47.1223,13.7099,36.0106
2026-07-23T15:59:46.144,47.1525,13.8078,36.0106
2026-07-23T15:59:46.156,47.1604,13.749,36.2064
2026-07-23T15:59:46.156,47.1604,13.8469,36.2456
2026-07-23T15:59:46.173,47.1604,13.6315,36.3043
2026-07-23T15:59:46.178,47.1686,13.8078,36.0889
2026-07-23T15:59:46.196,47.1934,13.6511,35.991
2026-07-23T15:59:46.203,47.2008,13.8078,35.9518
2026-07-23T15:59:46.211,47.2078,13.6707,35.8539
2026-07-23T15:59:46.235,47.2323,13.7686,35.9714
2026-07-23T15:59:46.235,47.2323,13.6707,35.7756
2026-07-23T15:59:46.254,47.2323,13.7099,35.6973
2026-07-23T15:59:46.260,47.2451,13.612,35.5406
2026-07-23T15:59:46.269,47.2645,13.5728,35.5015
2026-07-23T15:59:46.278,47.2773,13.3966,35.3644
2026-07-23T15:59:46.283,47.2805,13.3378,35.2469
2026-07-23T15:59:46.296,47.2805,13.2791,35.3057
2026-07-23T15:59:46.311,47.3126,13.4161,35.149
2026-07-23T15:59:46.311,47.3126,13.377,35.1882
2026-07-23T15:59:46.315,47.3126,13.7099,35.2078
2026-07-23T15:59:46.331,47.3126,13.7099,35.0903
2026-07-23T15:59:46.352,47.3453,13.8665,35.1099
2026-07-23T15:59:46.352,47.3453,13.5728,35.1294
2026-07-23T15:59:46.363,47.3599,13.7294,35.2861
2026-07-23T15:59:46.378,47.3599,13.6511,35.2861
2026-07-23T15:59:46.379,47.3932,13.749,35.384
2026-07-23T15:59:46.395,47.3932,13.8078,35.3057
2026-07-23T15:59:46.396,47.3932,14.0232,35.2078
2026-07-23T15:59:46.411,47.3932,13.9448,35.0707
2026-07-23T15:59:46.428,47.4268,14.1798,34.9336
2026-07-23T15:59:46.435,47.4268,14.3756,34.9532
2026-07-23T15:59:46.444,47.4268,14.591,34.8357
2026-07-23T15:59:46.444,47.4398,14.356,34.7966
2026-07-23T15:59:46.458,47.4602,14.4343,34.5812
2026-07-23T15:59:46.478,47.4676,14.1015,34.5029
2026-07-23T15:59:46.478,47.4717,14.1406,34.5812
2026-07-23T15:59:46.491,47.4717,13.8273,34.3658
2026-07-23T15:59:46.511,47.5037,13.9057,34.3462
2026-07-23T15:59:46.511,47.5098,13.8273,34.1896
2026-07-23T15:59:46.522,47.5098,13.8861,33.9938
2026-07-23T15:59:46.528,47.5359,13.8469,33.935
2026-07-23T15:59:46.544,47.5459,13.8469,33.8567
2026-07-23T15:59:46.554,47.5459,13.749,33.8959
2026-07-23T15:59:46.561,47.5514,13.7686,33.8959
2026-07-23T15:59:46.587,47.5771,13.6707,34.0525
2026-07-23T15:59:46.587,47.5771,13.8469,34.1504
2026-07-23T15:59:46.597,47.5852,13.7686,34.2679
2026-07-23T15:59:46.602,47.5852,14.1015,34.2092
2026-07-23T15:59:46.618,47.6147,13.8469,33.9546
2026-07-23T15:59:46.628,47.6147,13.9448,33.8567
2026-07-23T15:59:46.634,47.6147,13.7686,33.7001
2026-07-23T15:59:46.650,47.6465,13.7294,33.7001
2026-07-23T15:59:46.650,47.6465,13.5336,33.3672
2026-07-23T15:59:46.665,47.6465,13.3182,33.2693
2026-07-23T15:59:46.665,47.6465,13.005,33.1518
2026-07-23T15:59:46.686,47.6784,12.77,32.9168
2026-07-23T15:59:46.686,47.6784,12.5742,32.7602
2026-07-23T15:59:46.697,47.6784,12.6329,32.721
2026-07-23T15:59:46.713,47.7179,12.6329,32.7602
2026-07-23T15:59:46.729,47.7179,12.9854,32.7602
2026-07-23T15:59:46.729,47.7179,12.8483,32.6427
2026-07-23T15:59:46.744,47.727,13.005,32.5056
2026-07-23T15:59:46.761,47.7598,12.6917,32.2707
2026-07-23T15:59:46.761,47.7598,12.6721,32.0944
2026-07-23T15:59:46.769,47.7598,12.4567,31.7616
2026-07-23T15:59:46.778,47.7933,12.3392,31.6245
2026-07-23T15:59:46.799,47.8014,12.1826,31.3308
2026-07-23T15:59:46.800,47.8014,12.163,31.2133
2026-07-23T15:59:46.811,47.8058,12.1042,31.1741
2026-07-23T15:59:46.828,47.827,12.0259,30.9979
2026-07-23T15:59:46.840,47.8377,11.8497,30.7629
2026-07-23T15:59:46.844,47.8377,11.9084,30.7238
2026-07-23T15:59:46.852,47.8433,11.5951,30.7629
2026-07-23T15:59:46.857,47.8775,11.7714,30.7629
2026-07-23T15:59:46.873,47.8775,11.5168,30.7238
2026-07-23T15:59:46.878,47.8851,11.6735,30.5671
2026-07-23T15:59:46.898,47.8937,11.1644,30.2147
2026-07-23T15:59:46.911,47.9172,11.1448,29.9405
2026-07-23T15:59:46.920,47.9172,10.8119,29.314
2026-07-23T15:59:46.928,47.9267,10.6553,29.0007
2026-07-23T15:59:46.942,47.9267,10.4986,28.7853
2026-07-23T15:59:46.944,47.9267,10.3616,28.5895
2026-07-23T15:59:46.953,47.9602,10.2245,28.4524
2026-07-23T15:59:46.968,47.9602,10.0678,28.2566
2026-07-23T15:59:46.968,47.9648,9.8133,28.0608
2026-07-23T15:59:46.984,47.9684,9.7154,27.63
2026-07-23T15:59:46.984,47.9976,9.1867,27.0426
2026-07-23T15:59:47.000,47.9976,9.0692,26.3377
2026-07-23T15:59:47.011,47.9976,8.4818,25.3978
2026-07-23T15:59:47.019,48.0386,8.2077,24.4384
2026-07-23T15:59:47.044,48.0428,7.6594,23.3223
2026-07-23T15:59:47.044,48.045,7.3853,22.402
2026-07-23T15:59:47.048,48.0485,6.9153,21.5012
2026-07-23T15:59:47.063,48.0521,6.465,20.718
2026-07-23T15:59:47.063,48.0777,5.9559,19.739
2026-07-23T15:59:47.079,48.0777,5.4272,18.6033
2026-07-23T15:59:47.096,48.0922,4.781,17.3501
2026-07-23T15:59:47.103,48.0987,4.0565,15.9795
2026-07-23T15:59:47.111,48.1249,3.1754,14.6088
2026-07-23T15:59:47.120,48.1269,2.6467,13.1403
2026-07-23T15:59:47.144,48.135,1.8635,11.4955
2026-07-23T15:59:47.144,48.135,1.4719,10.0465
2026-07-23T15:59:47.150,48.1603,0.8257,8.6367
2026-07-23T15:59:47.160,48.1603,0.4537,7.4423
2026-07-23T15:59:47.176,48.1723,0.0425,6.2674
2026-07-23T15:59:47.186,48.1723,-0.1729,5.3667
2026-07-23T15:59:47.192,48.2041,-0.447,4.5051
2026-07-23T15:59:47.211,48.2041,-0.7603,3.9177
2026-07-23T15:59:47.211,48.2041,-0.9757,3.4282
2026-07-23T15:59:47.223,48.2203,-1.0932,2.9974
2026-07-23T15:59:47.229,48.2203,-1.3477,2.7625
2026-07-23T15:59:47.255,48.2523,-1.3869,2.4687
2026-07-23T15:59:47.255,48.2523,-1.6806,2.2338
2026-07-23T15:59:47.269,48.2605,-1.6023,1.9205
2026-07-23T15:59:47.271,48.268,-1.8568,1.7051
2026-07-23T15:59:47.278,48.2936,-1.6806,1.4897
2026-07-23T15:59:47.287,48.2997,-1.9939,1.196
2026-07-23T15:59:47.303,48.3022,-1.9352,1.0393
2026-07-23T15:59:47.311,48.3022,-2.2289,0.7456
2026-07-23T15:59:47.335,48.3335,-2.2093,0.6086
2026-07-23T15:59:47.335,48.344,-2.2876,0.4911
2026-07-23T15:59:47.344,48.3476,-2.4051,0.2953
2026-07-23T15:59:47.353,48.3501,-2.4834,0.217
2026-07-23T15:59:47.368,48.3501,-2.4051,-0.0572
2026-07-23T15:59:47.368,48.3652,-2.6401,-0.1942
2026-07-23T15:59:47.384,48.3797,-2.6009,-0.2921
2026-07-23T15:59:47.401,48.3853,-2.7576,-0.4292
2026-07-23T15:59:47.401,48.3938,-2.5618,-0.6054
2026-07-23T15:59:47.416,48.4116,-2.7576,-0.7425
2026-07-23T15:59:47.416,48.4116,-2.5226,-0.7817
2026-07-23T15:59:47.445,48.4273,-2.8359,-0.86
2026-07-23T15:59:47.445,48.4273,-2.6401,-0.9187
2026-07-23T15:59:47.462,48.4507,-2.8359,-0.9775
2026-07-23T15:59:47.462,48.4507,-2.8163,-0.9579
2026-07-23T15:59:47.462,48.4602,-2.8163,-1.1145
2026-07-23T15:59:47.478,48.4782,-2.8555,-1.1341
2026-07-23T15:59:47.494,48.4782,-2.8163,-1.232
2026-07-23T15:59:47.501,48.4909,-2.8946,-1.2908
2026-07-23T15:59:47.511,48.4934,-2.9534,-1.2908
2026-07-23T15:59:47.526,48.5225,-2.8359,-1.3299
2026-07-23T15:59:47.529,48.5266,-2.9925,-1.2908
2026-07-23T15:59:47.544,48.5266,-2.7576,-1.3299
2026-07-23T15:59:47.557,48.5539,-2.9534,-1.3691
2026-07-23T15:59:47.562,48.5605,-2.7576,-1.3103
2026-07-23T15:59:47.577,48.5605,-2.9338,-1.3103
2026-07-23T15:59:47.577,48.57,-2.8555,-1.3103
2026-07-23T15:59:47.590,48.5894,-2.7967,-1.3103
2026-07-23T15:59:47.605,48.5894,-2.8359,-1.2516
2026-07-23T15:59:47.611,48.594,-2.8163,-1.2908
2026-07-23T15:59:47.621,48.618,-2.7771,-1.3299
2026-07-23T15:59:47.637,48.6271,-2.8163,-1.1929
2026-07-23T15:59:47.645,48.6271,-2.738,-1.2516
2026-07-23T15:59:47.655,48.6517,-2.8163,-1.1929
2026-07-23T15:59:47.669,48.6517,-2.6597,-1.2516
2026-07-23T15:59:47.669,48.6517,-2.8163,-1.1929
2026-07-23T15:59:47.686,48.6603,-2.6597,-1.2124
2026-07-23T15:59:47.693,48.682,-2.875,-1.1929
2026-07-23T15:59:47.702,48.682,-2.6597,-1.1929
2026-07-23T15:59:47.711,48.682,-2.875,-1.1537
2026-07-23T15:59:47.729,48.7138,-2.7184,-1.1145
2026-07-23T15:59:47.733,48.7191,-2.6792,-1.1341
2026-07-23T15:59:47.748,48.7295,-2.7576,-1.1145
2026-07-23T15:59:47.748,48.7456,-2.7184,-1.1733
2026-07-23T15:59:47.765,48.7456,-2.6597,-1.232
2026-07-23T15:59:47.770,48.7617,-2.7967,-1.1537
2026-07-23T15:59:47.780,48.7774,-2.6792,-1.1733
2026-07-23T15:59:47.796,48.7784,-2.7576,-1.1537
2026-07-23T15:59:47.803,48.7784,-2.5813,-1.1733
2026-07-23T15:59:47.813,48.8095,-2.7576,-1.1929
2026-07-23T15:59:47.813,48.8095,-2.6009,-1.1537
2026-07-23T15:59:47.829,48.8095,-2.8163,-1.1537
2026-07-23T15:59:47.844,48.8415,-2.6205,-1.1145
2026-07-23T15:59:47.853,48.8415,-2.7576,-1.1929
2026-07-23T15:59:47.860,48.8446,-2.6792,-1.0754
2026-07-23T15:59:47.878,48.8601,-2.6597,-1.1929
2026-07-23T15:59:47.878,48.8743,-2.6597,-1.1341
2026-07-23T15:59:47.895,48.8779,-2.5813,-1.1341
2026-07-23T15:59:47.903,48.8936,-2.6988,-1.1537
2026-07-23T15:59:47.911,48.8936,-2.6401,-1.1341
2026-07-23T15:59:47.929,48.9054,-2.6401,-1.1733
2026-07-23T15:59:47.941,48.9278,-2.7576,-1.1341
2026-07-23T15:59:47.944,48.9278,-2.5618,-1.1341
2026-07-23T15:59:47.956,48.9373,-2.738,-1.1341
2026-07-23T15:59:47.956,48.9603,-2.5422,-1.2124
2026-07-23T15:59:47.979,48.9603,-2.7184,-1.2124
2026-07-23T15:59:47.979,48.9603,-2.4834,-1.1733
2026-07-23T15:59:47.988,48.9935,-2.6988,-1.2124
2026-07-23T15:59:48.003,48.9935,-2.6205,-1.1733
2026-07-23T15:59:48.011,49.0012,-2.6205,-1.3103
2026-07-23T15:59:48.020,49.0267,-2.6009,-1.2712
2026-07-23T15:59:48.029,49.0323,-2.5618,-1.2516
2026-07-23T15:59:48.044,49.0323,-2.5618,-1.3299
2026-07-23T15:59:48.052,49.0323,-2.5813,-1.2712
2026-07-23T15:59:48.068,49.0641,-2.5226,-1.3103
2026-07-23T15:59:48.068,49.0641,-2.6009,-1.3495
2026-07-23T15:59:48.083,49.0641,-2.4638,-1.3495
2026-07-23T15:59:48.083,49.0641,-2.5813,-1.3495
2026-07-23T15:59:48.111,49.0957,-2.3855,-1.4082
2026-07-23T15:59:48.115,49.0957,-2.5226,-1.467
2026-07-23T15:59:48.115,49.0957,-2.3464,-1.4082
2026-07-23T15:59:48.147,49.1283,-2.4443,-1.5453
2026-07-23T15:59:48.147,49.1364,-2.3659,-1.4474
2026-07-23T15:59:48.147,49.1364,-2.3659,-1.5453
2026-07-23T15:59:48.167,49.16,-2.3659,-1.5257
2026-07-23T15:59:48.179,49.16,-2.2289,-1.2712
2026-07-23T15:59:48.187,49.1746,-2.1897,-1.3691
2026-07-23T15:59:48.194,49.2029,-2.2289,-1.2908
2026-07-23T15:59:48.211,49.2062,-2.0722,-1.2908
2026-07-23T15:59:48.211,49.2062,-2.1701,-1.2712
2026-07-23T15:59:48.225,49.2122,-2.0135,-1.3299
2026-07-23T15:59:48.229,49.238,-2.0918,-1.2124
2026-07-23T15:59:48.245,49.238,-1.896,-1.1929
2026-07-23T15:59:48.257,49.238,-1.9939,-1.2516
2026-07-23T15:59:48.265,49.238,-1.8373,-1.1537
2026-07-23T15:59:48.278,49.2698,-1.8764,-1.1929
2026-07-23T15:59:48.289,49.2698,-1.896,-1.1537
2026-07-23T15:59:48.289,49.2784,-1.8373,-1.1145
2026-07-23T15:59:48.304,49.303,-1.896,-1.1341
2026-07-23T15:59:48.312,49.3082,-1.896,-1.1537
2026-07-23T15:59:48.321,49.3087,-1.896,-1.1145
2026-07-23T15:59:48.337,49.3334,-1.9743,-1.0362
2026-07-23T15:59:48.352,49.3334,-1.8373,-1.095
2026-07-23T15:59:48.354,49.3334,-1.9547,-1.0754
2026-07-23T15:59:48.360,49.345,-1.8177,-1.0754
2026-07-23T15:59:48.384,49.3656,-1.9939,-1.095
2026-07-23T15:59:48.384,49.3656,-1.8568,-1.0166
2026-07-23T15:59:48.384,49.3656,-1.9939,-1.095
2026-07-23T15:59:48.405,49.3977,-1.9547,-1.0166
2026-07-23T15:59:48.416,49.3977,-1.896,-1.0558
2026-07-23T15:59:48.416,49.3977,-1.9352,-1.0362
2026-07-23T15:59:48.437,49.4284,-1.9743,-1.0166
2026-07-23T15:59:48.449,49.4284,-1.9352,-1.0166
2026-07-23T15:59:48.449,49.4284,-1.9352,-1.0166
2026-07-23T15:59:48.449,49.4601,-1.7785,-0.9971
2026-07-23T15:59:48.479,49.4703,-1.9939,-0.9187
2026-07-23T15:59:48.479,49.4762,-1.7981,-1.0754
2026-07-23T15:59:48.495,49.4939,-1.9939,-0.9775
2026-07-23T15:59:48.511,49.4939,-1.7785,-0.9971
2026-07-23T15:59:48.511,49.5078,-1.9743,-0.9579
2026-07-23T15:59:48.521,49.5119,-1.8373,-0.9187
2026-07-23T15:59:48.530,49.5271,-1.8568,-0.9579
2026-07-23T15:59:48.545,49.5393,-1.8373,-0.9383
2026-07-23T15:59:48.545,49.5403,-1.8764,-0.8796
2026-07-23T15:59:48.563,49.5604,-1.896,-0.9187
2026-07-23T15:59:48.578,49.5706,-1.8764,-0.86
2026-07-23T15:59:48.578,49.5706,-1.8373,-0.9187
2026-07-23T15:59:48.591,49.5706,-1.8764,-0.86
2026-07-23T15:59:48.605,49.5953,-1.7394,-0.8991
2026-07-23T15:59:48.611,49.5953,-1.8764,-0.9383
2026-07-23T15:59:48.621,49.6027,-1.7785,-0.8012
2026-07-23T15:59:48.637,49.6269,-1.8568,-0.9579
2026-07-23T15:59:48.646,49.6344,-1.6806,-0.8404
2026-07-23T15:59:48.653,49.6355,-1.8568,-0.86
2026-07-23T15:59:48.653,49.6601,-1.7785,-0.86
2026-07-23T15:59:48.678,49.6601,-1.7394,-0.8991
2026-07-23T15:59:48.685,49.6601,-1.7589,-0.8796
2026-07-23T15:59:48.701,49.6818,-1.7394,-0.8208
2026-07-23T15:59:48.706,49.6818,-1.8177,-0.8796
2026-07-23T15:59:48.717,49.6938,-1.7981,-0.86
2026-07-23T15:59:48.733,49.7146,-1.8177,-0.8796
2026-07-23T15:59:48.733,49.7146,-1.8373,-0.8404
2026-07-23T15:59:48.745,49.7201,-1.7198,-0.8404
2026-07-23T15:59:48.754,49.7455,-1.8764,-0.8404
2026-07-23T15:59:48.765,49.7455,-1.7394,-0.7621
2026-07-23T15:59:48.771,49.7622,-1.9156,-0.8404
2026-07-23T15:59:48.780,49.7622,-1.7785,-0.8012
2026-07-23T15:59:48.780,49.7622,-1.9547,-0.8404
2026-07-23T15:59:48.813,49.7936,-1.7981,-0.7817
2026-07-23T15:59:48.813,49.7936,-1.7981,-0.8991
2026-07-23T15:59:48.813,49.7936,-1.7785,-0.7817
2026-07-23T15:59:48.844,49.827,-1.7785,-0.8208
2026-07-23T15:59:48.844,49.827,-1.8177,-0.86
2026-07-23T15:59:48.854,49.8457,-1.7589,-0.8404
2026-07-23T15:59:48.860,49.8557,-1.8177,-0.7817
2026-07-23T15:59:48.878,49.8567,-1.8177,-0.8012
2026-07-23T15:59:48.878,49.8786,-1.7785,-0.8404
2026-07-23T15:59:48.896,49.8786,-1.8764,-0.8012
2026-07-23T15:59:48.906,49.8786,-1.7589,-0.8208
2026-07-23T15:59:48.911,49.9054,-1.9156,-0.8404
2026-07-23T15:59:48.929,49.9054,-1.7589,-0.7817
2026-07-23T15:59:48.929,49.9054,-1.8177,-0.8796
2026-07-23T15:59:48.945,49.9367,-1.8177,-0.7817
2026-07-23T15:59:48.956,49.9367,-1.7589,-0.8404
2026-07-23T15:59:48.956,49.9605,-1.8373,-0.7621
2026-07-23T15:59:48.979,49.9686,-1.7981,-0.86
2026-07-23T15:59:48.987,49.9706,-1.7981,-0.8012
2026-07-23T15:59:48.987,49.9938,-1.7785,-0.7229
2026-07-23T15:59:49.011,49.9938,-1.8177,-0.86
2026-07-23T15:59:49.011,49.9938,-1.9352,-0.7621
2026-07-23T15:59:49.021,50.0008,-1.7589,-0.8404
2026-07-23T15:59:49.035,50.0269,-1.8568,-0.7425
2026-07-23T15:59:49.045,50.0269,-1.7589,-0.8012
2026-07-23T15:59:49.052,50.0542,-1.8177,-0.8208
2026-07-23T15:59:49.068,50.0562,-1.7785,-0.7817
2026-07-23T15:59:49.078,50.0562,-1.7785,-0.8796
2026-07-23T15:59:49.084,50.0798,-1.8177,-0.7621
2026-07-23T15:59:49.100,50.0798,-1.7198,-0.8404
2026-07-23T15:59:49.107,50.0798,-1.8373,-0.8012
2026-07-23T15:59:49.115,50.0957,-1.7589,-0.7425
2026-07-23T15:59:49.131,50.1118,-1.8177,-0.8012
2026-07-23T15:59:49.131,50.1118,-1.8373,-0.7621
2026-07-23T15:59:49.147,50.1272,-1.7785,-0.8208
2026-07-23T15:59:49.147,50.1373,-1.8373,-0.7621
2026-07-23T15:59:49.163,50.1606,-1.7785,-0.8208
2026-07-23T15:59:49.163,50.1606,-1.8177,-0.8208
2026-07-23T15:59:49.178,50.1606,-1.7981,-0.6446
2026-07-23T15:59:49.194,50.1917,-1.9156,-0.7817
2026-07-23T15:59:49.211,50.1938,-1.7981,-0.86
2026-07-23T15:59:49.211,50.1938,-1.7589,-0.7817
2026-07-23T15:59:49.230,50.2208,-1.896,-0.7621
2026-07-23T15:59:49.230,50.2218,-1.7981,-0.8012
2026-07-23T15:59:49.245,50.2218,-1.8764,-0.8208
2026-07-23T15:59:49.258,50.2379,-1.8177,-0.8012
2026-07-23T15:59:49.266,50.2379,-1.896,-0.8012
2026-07-23T15:59:49.273,50.2539,-1.8373,-0.8012
2026-07-23T15:59:49.289,50.2792,-1.9352,-0.8404
2026-07-23T15:59:49.289,50.2792,-1.8177,-0.7621
2026-07-23T15:59:49.305,50.2792,-1.7785,-0.8208
2026-07-23T15:59:49.320,50.3041,-1.896,-0.8012
2026-07-23T15:59:49.320,50.3041,-1.7981,-0.7817
2026-07-23T15:59:49.330,50.3332,-1.8764,-0.7621
2026-07-23T15:59:49.355,50.3332,-1.7981,-0.8012
2026-07-23T15:59:49.355,50.3332,-1.8568,-0.7817
2026-07-23T15:59:49.355,50.3649,-1.8373,-0.7817
2026-07-23T15:59:49.384,50.3649,-1.7589,-0.8208
2026-07-23T15:59:49.384,50.3649,-1.8373,-0.7621
2026-07-23T15:59:49.400,50.3877,-1.7589,-0.7425
2026-07-23T15:59:49.411,50.3938,-1.8764,-0.7817
2026-07-23T15:59:49.416,50.3975,-1.7589,-0.7425
2026-07-23T15:59:49.416,50.4128,-1.8177,-0.8012
2026-07-23T15:59:49.439,50.4128,-1.8568,-0.7425
2026-07-23T15:59:49.448,50.4294,-1.7589,-0.7817
2026-07-23T15:59:49.448,50.4445,-1.8568,-0.7425
2026-07-23T15:59:49.464,50.4445,-1.7589,-0.8012
2026-07-23T15:59:49.464,50.4579,-1.8568,-0.7621
2026-07-23T15:59:49.480,50.4793,-1.7981,-0.7033
2026-07-23T15:59:49.495,50.4793,-1.8373,-0.8208
2026-07-23T15:59:49.509,50.4793,-1.8373,-0.7229
2026-07-23T15:59:49.511,50.5129,-1.7394,-0.8012
2026-07-23T15:59:49.530,50.5129,-1.8177,-0.7817
2026-07-23T15:59:49.530,50.5129,-1.7002,-0.7425
2026-07-23T15:59:49.559,50.5395,-1.8764,-0.7817
2026-07-23T15:59:49.559,50.5395,-1.8177,-0.7425
2026-07-23T15:59:49.564,50.5395,-1.8373,-0.8404
2026-07-23T15:59:49.578,50.5604,-1.8177,-0.7425
2026-07-23T15:59:49.590,50.5714,-1.7785,-0.7621
2026-07-23T15:59:49.590,50.5963,-1.8568,-0.6838
2026-07-23T15:59:49.607,50.5963,-1.7589,-0.7033
2026-07-23T15:59:49.611,50.5963,-1.8764,-0.7425
2026-07-23T15:59:49.622,50.619,-1.8177,-0.6446
2026-07-23T15:59:49.638,50.6269,-1.8568,-0.7033
2026-07-23T15:59:49.647,50.6269,-1.7785,-0.6446
2026-07-23T15:59:49.654,50.6269,-1.7198,-0.6446
2026-07-23T15:59:49.670,50.6585,-1.9547,-0.6838
2026-07-23T15:59:49.670,50.6585,-1.7589,-0.625
