wall_time,elapsed_s,F1_N,F2_N
2026-07-23T16:00:29.285,90.2741,-1.524,-0.9775
2026-07-23T16:00:29.299,90.2741,-1.3869,-0.9187
2026-07-23T16:00:29.304,90.2741,-1.5436,-0.8991
2026-07-23T16:00:29.325,90.3055,-1.4261,-0.8991
2026-07-23T16:00:29.325,90.3055,-1.5044,-0.9971
2026-07-23T16:00:29.325,90.3055,-1.4848,-0.86
2026-07-23T16:00:29.356,90.3445,-1.5044,-0.9775
2026-07-23T16:00:29.356,90.3445,-1.4456,-0.9775
2026-07-23T16:00:29.356,90.3473,-1.524,-0.9775
2026-07-23T16:00:29.389,90.3683,-1.4652,-0.9971
2026-07-23T16:00:29.389,90.3683,-1.4848,-0.9187
2026-07-23T16:00:29.395,90.3841,-1.4652,-0.9775
2026-07-23T16:00:29.403,90.3998,-1.5631,-0.9579
2026-07-23T16:00:29.419,90.4155,-1.3869,-0.9971
2026-07-23T16:00:29.419,90.4165,-1.5631,-0.9187
2026-07-23T16:00:29.437,90.4203,-1.3673,-0.8991
2026-07-23T16:00:29.448,90.4463,-1.524,-0.9775
2026-07-23T16:00:29.451,90.4463,-1.4456,-0.9971
2026-07-23T16:00:29.467,90.4463,-1.6023,-0.9383
2026-07-23T16:00:29.481,90.4779,-1.4456,-0.8991
2026-07-23T16:00:29.483,90.4779,-1.5827,-1.0166
2026-07-23T16:00:29.483,90.4779,-1.4848,-0.9971
2026-07-23T16:00:29.513,90.514,-1.6023,-0.9971
2026-07-23T16:00:29.525,90.514,-1.5436,-0.9383
2026-07-23T16:00:29.525,90.514,-1.524,-0.9579
2026-07-23T16:00:29.529,90.5202,-1.4848,-0.9579
2026-07-23T16:00:29.547,90.5406,-1.5044,-0.9187
2026-07-23T16:00:29.560,90.5406,-1.4652,-0.9971
2026-07-23T16:00:29.565,90.5556,-1.524,-0.9579
2026-07-23T16:00:29.581,90.5831,-1.5044,-0.9383
2026-07-23T16:00:29.591,90.5831,-1.5631,-0.9579
2026-07-23T16:00:29.591,90.5831,-1.4652,-0.9383
2026-07-23T16:00:29.591,90.5887,-1.524,-0.9579
2026-07-23T16:00:29.614,90.6202,-1.4261,-0.9775
2026-07-23T16:00:29.624,90.6202,-1.6023,-0.9383
2026-07-23T16:00:29.639,90.6202,-1.3086,-1.0558
2026-07-23T16:00:29.639,90.6515,-1.5631,-0.9971
2026-07-23T16:00:29.656,90.6515,-1.4652,-0.86
2026-07-23T16:00:29.656,90.6515,-1.5827,-0.9383
2026-07-23T16:00:29.671,90.6515,-1.4456,-0.8991
2026-07-23T16:00:29.690,90.683,-1.524,-0.9971
2026-07-23T16:00:29.690,90.683,-1.5044,-0.9579
2026-07-23T16:00:29.702,90.683,-1.524,-0.9775
2026-07-23T16:00:29.718,90.7203,-1.4848,-0.9579
2026-07-23T16:00:29.734,90.7224,-1.524,-1.0558
2026-07-23T16:00:29.734,90.7224,-1.5436,-0.9775
2026-07-23T16:00:29.747,90.7465,-1.5044,-0.9579
2026-07-23T16:00:29.765,90.7465,-1.4261,-0.9971
2026-07-23T16:00:29.765,90.7465,-1.524,-0.9775
2026-07-23T16:00:29.773,90.7613,-1.524,-1.0362
2026-07-23T16:00:29.781,90.793,-1.6219,-0.9579
2026-07-23T16:00:29.797,90.794,-1.4456,-0.9383
2026-07-23T16:00:29.797,90.7965,-1.6415,-0.9971
2026-07-23T16:00:29.815,90.8246,-1.4456,-0.9971
2026-07-23T16:00:29.823,90.8302,-1.6219,-0.9579
2026-07-23T16:00:29.828,90.8302,-1.3869,-0.9579
2026-07-23T16:00:29.847,90.8302,-1.6023,-0.9579
2026-07-23T16:00:29.851,90.8302,-1.4456,-0.9579
2026-07-23T16:00:29.875,90.8633,-1.6023,-0.9187
2026-07-23T16:00:29.875,90.8633,-1.4065,-0.9383
2026-07-23T16:00:29.881,90.872,-1.5631,-0.9579
2026-07-23T16:00:29.899,90.9003,-1.5044,-0.9383
2026-07-23T16:00:29.907,90.904,-1.5436,-0.9971
2026-07-23T16:00:29.914,90.904,-1.524,-0.9971
2026-07-23T16:00:29.924,90.904,-1.5044,-0.9775
2026-07-23T16:00:29.947,90.9357,-1.5631,-0.9383
2026-07-23T16:00:29.947,90.9357,-1.4652,-0.9775
2026-07-23T16:00:29.955,90.9357,-1.5044,-0.9579
2026-07-23T16:00:29.955,90.9673,-1.4652,-0.8991
2026-07-23T16:00:29.983,90.9673,-1.4848,-0.9775
2026-07-23T16:00:29.986,90.9726,-1.4652,-0.9579
2026-07-23T16:00:30.002,91.0008,-1.4848,-0.9775
2026-07-23T16:00:30.014,91.0053,-1.5827,-0.9383
2026-07-23T16:00:30.014,91.0053,-1.4065,-0.8991
2026-07-23T16:00:30.027,91.0053,-1.6023,-0.8991
2026-07-23T16:00:30.034,91.03,-1.4261,-0.9579
2026-07-23T16:00:30.052,91.03,-1.524,-0.9971
2026-07-23T16:00:30.056,91.03,-1.4848,-0.9187
2026-07-23T16:00:30.069,91.064,-1.6023,-0.9775
2026-07-23T16:00:30.081,91.064,-1.4652,-0.9187
2026-07-23T16:00:30.081,91.064,-1.5436,-0.9579
2026-07-23T16:00:30.097,91.0772,-1.5631,-0.9383
2026-07-23T16:00:30.098,91.1032,-1.4261,-0.9383
2026-07-23T16:00:30.115,91.1052,-1.524,-0.8991
2026-07-23T16:00:30.115,91.1086,-1.4848,-0.9383
2026-07-23T16:00:30.128,91.1299,-1.4652,-0.8991
2026-07-23T16:00:30.152,91.1397,-1.5044,-0.9579
2026-07-23T16:00:30.156,91.1397,-1.5436,-0.8991
2026-07-23T16:00:30.171,91.1711,-1.4652,-0.9383
2026-07-23T16:00:30.181,91.1711,-1.4456,-1.095
2026-07-23T16:00:30.181,91.1711,-1.5827,-0.9775
2026-07-23T16:00:30.191,91.1765,-1.5044,-0.9579
2026-07-23T16:00:30.208,91.2025,-1.6415,-0.8796
2026-07-23T16:00:30.214,91.2045,-1.5044,-1.0558
2026-07-23T16:00:30.227,91.2045,-1.5827,-0.9383
2026-07-23T16:00:30.232,91.2399,-1.5044,-0.9971
2026-07-23T16:00:30.247,91.2419,-1.6023,-1.0166
2026-07-23T16:00:30.255,91.2419,-1.5436,-0.9775
2026-07-23T16:00:30.272,91.2648,-1.5827,-1.0166
2026-07-23T16:00:30.285,91.2648,-1.524,-0.9187
2026-07-23T16:00:30.285,91.2648,-1.5436,-0.86
2026-07-23T16:00:30.293,91.2829,-1.4456,-0.8404
2026-07-23T16:00:30.300,91.3125,-1.4848,-0.8991
2026-07-23T16:00:30.316,91.3125,-1.5436,-0.8208
2026-07-23T16:00:30.316,91.3125,-1.524,-0.8796
2026-07-23T16:00:30.334,91.3208,-1.5631,-0.8404
2026-07-23T16:00:30.348,91.3483,-1.4848,-0.7817
2026-07-23T16:00:30.357,91.3531,-1.5827,-0.8012
2026-07-23T16:00:30.363,91.3536,-1.4848,-0.8404
2026-07-23T16:00:30.372,91.3606,-1.5436,-0.8991
2026-07-23T16:00:30.395,91.3916,-1.5631,-0.8404
2026-07-23T16:00:30.395,91.3916,-1.4456,-0.8991
2026-07-23T16:00:30.411,91.3967,-1.6219,-0.8208
2026-07-23T16:00:30.414,91.4319,-1.4848,-0.8991
2026-07-23T16:00:30.439,91.4339,-1.6023,-0.8208
2026-07-23T16:00:30.439,91.4339,-1.5436,-0.8796
2026-07-23T16:00:30.447,91.4399,-1.6023,-0.9187
2026-07-23T16:00:30.460,91.4706,-1.4261,-0.86
2026-07-23T16:00:30.474,91.4734,-1.524,-0.9187
2026-07-23T16:00:30.474,91.4734,-1.524,-0.86
2026-07-23T16:00:30.485,91.4734,-1.5044,-0.8991
2026-07-23T16:00:30.491,91.5027,-1.5044,-0.8208
2026-07-23T16:00:30.514,91.5121,-1.4261,-0.7621
2026-07-23T16:00:30.514,91.5121,-1.4848,-0.9579
2026-07-23T16:00:30.524,91.5181,-1.3477,-0.86
2026-07-23T16:00:30.538,91.5544,-1.3477,-0.7425
2026-07-23T16:00:30.553,91.5569,-1.3673,-0.7817
2026-07-23T16:00:30.553,91.5569,-1.4848,-0.8012
2026-07-23T16:00:30.572,91.5631,-1.3477,-0.7425
2026-07-23T16:00:30.576,91.5806,-1.3477,-0.7817
2026-07-23T16:00:30.602,91.5806,-1.3282,-0.625
2026-07-23T16:00:30.602,91.5806,-1.1911,-0.7425
2026-07-23T16:00:30.608,91.597,-1.2107,-0.6838
2026-07-23T16:00:30.616,91.603,-1.1715,-0.7033
2026-07-23T16:00:30.616,91.6302,-1.2498,-0.625
2026-07-23T16:00:30.631,91.6302,-1.1911,-0.6838
2026-07-23T16:00:30.647,91.6302,-1.2303,-0.6446
2026-07-23T16:00:30.654,91.6633,-1.1324,-0.6054
2026-07-23T16:00:30.664,91.6633,-1.1715,-0.5467
2026-07-23T16:00:30.681,91.6633,-1.1324,-0.6054
2026-07-23T16:00:30.681,91.6753,-1.1519,-0.6054
2026-07-23T16:00:30.695,91.7034,-1.2303,-0.5271
2026-07-23T16:00:30.714,91.7068,-1.1519,-0.6446
2026-07-23T16:00:30.714,91.7068,-1.1911,-0.6054
2026-07-23T16:00:30.726,91.7096,-1.1324,-0.5467
2026-07-23T16:00:30.733,91.73,-1.2107,-0.6446
2026-07-23T16:00:30.747,91.7386,-1.1519,-0.6054
2026-07-23T16:00:30.754,91.7386,-1.1911,-0.625
2026-07-23T16:00:30.760,91.7689,-1.1519,-0.5467
2026-07-23T16:00:30.781,91.7707,-1.1519,-0.6054
2026-07-23T16:00:30.781,91.7707,-1.1911,-0.5859
2026-07-23T16:00:30.794,91.7707,-1.2107,-0.6446
2026-07-23T16:00:30.805,91.8039,-1.1715,-0.625
2026-07-23T16:00:30.816,91.8039,-1.1911,-0.6642
2026-07-23T16:00:30.821,91.8072,-1.1324,-0.6642
2026-07-23T16:00:30.838,91.8339,-1.1715,-0.6054
2026-07-23T16:00:30.848,91.8339,-1.2694,-0.6054
2026-07-23T16:00:30.858,91.8339,-1.2303,-0.7425
2026-07-23T16:00:30.870,91.8664,-1.2498,-0.6838
2026-07-23T16:00:30.881,91.8664,-1.2303,-0.5467
2026-07-23T16:00:30.885,91.8664,-1.2107,-0.7033
2026-07-23T16:00:30.885,91.8664,-1.3477,-0.6446
2026-07-23T16:00:30.914,91.8998,-1.2107,-0.6838
2026-07-23T16:00:30.914,91.8998,-1.3086,-0.7229
2026-07-23T16:00:30.917,91.928,-1.2694,-0.7033
2026-07-23T16:00:30.934,91.9322,-1.3282,-0.7033
2026-07-23T16:00:30.947,91.9322,-1.3086,-0.6642
2026-07-23T16:00:30.955,91.9365,-1.4065,-0.6838
2026-07-23T16:00:30.965,91.9593,-1.3477,-0.6446
2026-07-23T16:00:30.979,91.9633,-1.3673,-0.7229
2026-07-23T16:00:30.983,91.9633,-1.3673,-0.7033
2026-07-23T16:00:30.994,91.991,-1.3673,-0.7425
2026-07-23T16:00:31.010,91.991,-1.4065,-0.7033
2026-07-23T16:00:31.014,91.9967,-1.3282,-0.7817
2026-07-23T16:00:31.028,92.0231,-1.3869,-0.7229
2026-07-23T16:00:31.042,92.0231,-1.3282,-0.6446
2026-07-23T16:00:31.047,92.0264,-1.4065,-0.7425
2026-07-23T16:00:31.058,92.0388,-1.4261,-0.6838
2026-07-23T16:00:31.066,92.0549,-1.4065,-0.6838
2026-07-23T16:00:31.074,92.0554,-1.4848,-0.7033
2026-07-23T16:00:31.090,92.0702,-1.3282,-0.7425
2026-07-23T16:00:31.090,92.0702,-1.5044,-0.6838
2026-07-23T16:00:31.108,92.0702,-1.3869,-0.6642
2026-07-23T16:00:31.116,92.1068,-1.524,-0.7425
2026-07-23T16:00:31.121,92.1068,-1.3869,-0.7621
2026-07-23T16:00:31.138,92.1147,-1.4848,-0.7425
2026-07-23T16:00:31.153,92.1407,-1.4065,-0.6838
2026-07-23T16:00:31.158,92.1407,-1.4848,-0.6642
2026-07-23T16:00:31.165,92.1473,-1.4261,-0.6838
2026-07-23T16:00:31.184,92.1733,-1.4456,-0.7621
2026-07-23T16:00:31.184,92.1733,-1.4848,-0.6838
2026-07-23T16:00:31.198,92.1733,-1.5044,-0.8208
2026-07-23T16:00:31.201,92.1968,-1.5436,-0.7425
2026-07-23T16:00:31.216,92.2069,-1.4652,-0.7425
2026-07-23T16:00:31.224,92.2069,-1.6023,-0.8208
2026-07-23T16:00:31.233,92.2356,-1.5631,-0.6838
2026-07-23T16:00:31.248,92.2356,-1.6023,-0.8012
2026-07-23T16:00:31.258,92.2356,-1.661,-0.7817
2026-07-23T16:00:31.281,92.2661,-1.5827,-0.86
2026-07-23T16:00:31.281,92.2661,-1.661,-0.8208
2026-07-23T16:00:31.286,92.2697,-1.5827,-0.8991
2026-07-23T16:00:31.294,92.2967,-1.7198,-0.8404
2026-07-23T16:00:31.310,92.2967,-1.5631,-0.8404
2026-07-23T16:00:31.315,92.2967,-1.7394,-0.8991
2026-07-23T16:00:31.326,92.3246,-1.5631,-0.86
2026-07-23T16:00:31.341,92.3301,-1.6806,-0.8796
2026-07-23T16:00:31.341,92.3301,-1.661,-0.8991
2026-07-23T16:00:31.358,92.3533,-1.6806,-0.9383
2026-07-23T16:00:31.373,92.3533,-1.7002,-0.86
2026-07-23T16:00:31.375,92.3633,-1.7589,-0.8991
2026-07-23T16:00:31.386,92.3633,-1.7589,-0.8796
2026-07-23T16:00:31.404,92.391,-1.7394,-0.9187
2026-07-23T16:00:31.404,92.391,-1.7589,-0.9579
2026-07-23T16:00:31.414,92.3966,-1.7394,-0.9187
2026-07-23T16:00:31.436,92.4219,-1.8177,-1.0166
2026-07-23T16:00:31.436,92.4219,-1.8568,-0.9383
2026-07-23T16:00:31.447,92.4219,-1.8568,-0.9187
2026-07-23T16:00:31.456,92.4509,-1.9547,-0.9579
2026-07-23T16:00:31.467,92.4553,-1.8177,-0.9775
2026-07-23T16:00:31.473,92.4553,-1.9743,-0.8796
2026-07-23T16:00:31.488,92.4838,-1.7785,-0.9187
2026-07-23T16:00:31.498,92.4838,-2.0331,-0.8012
2026-07-23T16:00:31.506,92.4838,-1.8177,-0.7229
2026-07-23T16:00:31.515,92.5161,-2.0331,-0.7817
2026-07-23T16:00:31.531,92.5187,-1.8568,-0.625
2026-07-23T16:00:31.535,92.5222,-2.0135,-0.6446
2026-07-23T16:00:31.545,92.5261,-1.8764,-0.4292
2026-07-23T16:00:31.561,92.5493,-1.8373,-0.3705
2026-07-23T16:00:31.567,92.5493,-1.8764,-0.2726
2026-07-23T16:00:31.577,92.558,-1.8568,-0.2726
2026-07-23T16:00:31.581,92.5736,-1.8764,-0.1551
2026-07-23T16:00:31.594,92.586,-1.7981,-0.1747
2026-07-23T16:00:31.609,92.5896,-1.7785,-0.1942
2026-07-23T16:00:31.614,92.6075,-1.7198,-0.0572
2026-07-23T16:00:31.624,92.6229,-1.6806,-0.0963
2026-07-23T16:00:31.640,92.6229,-1.7785,-0.0572
2026-07-23T16:00:31.650,92.6415,-1.6219,-0.018
2026-07-23T16:00:31.658,92.6539,-1.7394,-0.0376
2026-07-23T16:00:31.658,92.6539,-1.5631,-0.1159
2026-07-23T16:00:31.674,92.6539,-1.7198,-0.0963
2026-07-23T16:00:31.688,92.6832,-1.5631,-0.0768
2026-07-23T16:00:31.692,92.6832,-1.6806,-0.1355
2026-07-23T16:00:31.705,92.6869,-1.5436,-0.1355
2026-07-23T16:00:31.720,92.707,-1.7589,-0.1747
2026-07-23T16:00:31.720,92.707,-1.524,-0.1747
2026-07-23T16:00:31.738,92.7167,-1.6806,-0.2138
2026-07-23T16:00:31.747,92.7372,-1.6023,-0.2138
2026-07-23T16:00:31.758,92.7372,-1.5436,-0.2921
2026-07-23T16:00:31.767,92.7372,-1.5436,-0.1551
2026-07-23T16:00:31.788,92.771,-1.524,-0.2921
2026-07-23T16:00:31.788,92.771,-1.5436,-0.2921
2026-07-23T16:00:31.788,92.771,-1.5631,-0.253
2026-07-23T16:00:31.799,92.7968,-1.6023,-0.3117
2026-07-23T16:00:31.817,92.808,-1.5631,-0.3313
2026-07-23T16:00:31.831,92.812,-1.4848,-0.3705
2026-07-23T16:00:31.840,92.8301,-1.661,-0.3509
2026-07-23T16:00:31.848,92.8301,-1.4261,-0.3705
2026-07-23T16:00:31.858,92.8301,-1.6023,-0.253
2026-07-23T16:00:31.863,92.8635,-1.3477,-0.3509
2026-07-23T16:00:31.881,92.8734,-1.5827,-0.4292
2026-07-23T16:00:31.881,92.8752,-1.289,-0.3509
2026-07-23T16:00:31.895,92.8968,-1.5436,-0.4096
2026-07-23T16:00:31.901,92.8968,-1.4261,-0.4292
2026-07-23T16:00:31.914,92.908,-1.5827,-0.488
2026-07-23T16:00:31.930,92.908,-1.4065,-0.4488
2026-07-23T16:00:31.948,92.9391,-1.5631,-0.4684
2026-07-23T16:00:31.948,92.9425,-1.4456,-0.3509
2026-07-23T16:00:31.959,92.9447,-1.4456,-0.488
2026-07-23T16:00:31.959,92.9705,-1.4456,-0.4096
2026-07-23T16:00:31.974,92.9705,-1.4261,-0.4096
2026-07-23T16:00:31.990,92.9752,-1.3673,-0.4292
2026-07-23T16:00:31.995,92.9752,-1.3086,-0.39
2026-07-23T16:00:32.008,93.002,-1.3282,-0.4096
2026-07-23T16:00:32.014,93.0082,-1.3086,-0.4684
2026-07-23T16:00:32.026,93.0122,-1.3086,-0.4488
2026-07-23T16:00:32.042,93.0334,-1.289,-0.4292
2026-07-23T16:00:32.053,93.0334,-1.1715,-0.488
2026-07-23T16:00:32.059,93.0494,-1.3477,-0.4096
2026-07-23T16:00:32.067,93.0494,-1.1324,-0.4684
2026-07-23T16:00:32.084,93.0797,-1.3086,-0.4488
2026-07-23T16:00:32.084,93.0812,-1.054,-0.5075
2026-07-23T16:00:32.084,93.0839,-1.2498,-0.4684
2026-07-23T16:00:32.100,93.0839,-1.0345,-0.5075
2026-07-23T16:00:32.116,93.114,-1.1911,-0.488
2026-07-23T16:00:32.135,93.114,-0.9757,-0.4292
2026-07-23T16:00:32.135,93.114,-1.0932,-0.39
2026-07-23T16:00:32.148,93.1444,-0.9561,-0.3117
2026-07-23T16:00:32.151,93.1471,-0.9953,-0.4488
2026-07-23T16:00:32.165,93.1579,-0.9561,-0.3509
2026-07-23T16:00:32.174,93.1792,-0.9953,-0.4292
2026-07-23T16:00:32.193,93.1816,-0.8974,-0.4488
2026-07-23T16:00:32.202,93.1836,-0.9561,-0.5075
2026-07-23T16:00:32.211,93.1836,-0.9757,-0.5271
2026-07-23T16:00:32.214,93.2085,-0.9757,-0.4292
2026-07-23T16:00:32.228,93.216,-0.917,-0.5075
2026-07-23T16:00:32.234,93.2235,-0.9757,-0.4684
2026-07-23T16:00:32.247,93.2394,-0.8386,-0.5467
2026-07-23T16:00:32.259,93.2553,-0.9365,-0.3705
2026-07-23T16:00:32.267,93.2553,-0.7799,-0.5467
2026-07-23T16:00:32.278,93.2711,-0.9561,-0.4684
2026-07-23T16:00:32.290,93.2711,-0.7995,-0.4684
2026-07-23T16:00:32.290,93.2869,-0.9757,-0.5467
2026-07-23T16:00:32.306,93.2925,-0.7799,-0.5271
2026-07-23T16:00:32.318,93.3087,-0.9365,-0.5663
2026-07-23T16:00:32.322,93.3184,-0.7407,-0.5075
2026-07-23T16:00:32.322,93.3237,-0.8386,-0.5467
2026-07-23T16:00:32.353,93.3502,-0.7016,-0.39
2026-07-23T16:00:32.359,93.3502,-0.682,-0.5467
2026-07-23T16:00:32.369,93.3585,-0.5841,-0.4292
2026-07-23T16:00:32.377,93.3651,-0.5449,-0.5467
2026-07-23T16:00:32.384,93.3883,-0.447,-0.5075
2026-07-23T16:00:32.384,93.3923,-0.5254,-0.488
2026-07-23T16:00:32.409,93.397,-0.447,-0.6054
2026-07-23T16:00:32.416,93.4029,-0.4862,-0.488
2026-07-23T16:00:32.416,93.431,-0.3687,-0.4684
2026-07-23T16:00:32.439,93.434,-0.4666,-0.4096
2026-07-23T16:00:32.454,93.434,-0.2316,-0.488
2026-07-23T16:00:32.460,93.4634,-0.3687,-0.39
2026-07-23T16:00:32.475,93.4729,-0.0946,-0.4488
2026-07-23T16:00:32.475,93.4729,-0.1729,-0.3509
2026-07-23T16:00:32.485,93.4804,-0.075,-0.3509
2026-07-23T16:00:32.500,93.5024,-0.075,-0.2726
2026-07-23T16:00:32.511,93.5094,0.2775,-0.1551
2026-07-23T16:00:32.514,93.5121,0.1404,-0.0572
2026-07-23T16:00:32.529,93.5192,0.4537,0.0603
2026-07-23T16:00:32.533,93.5396,0.3558,0.0995
2026-07-23T16:00:32.548,93.5532,0.5124,0.1582
2026-07-23T16:00:32.560,93.5589,0.3949,0.0995
2026-07-23T16:00:32.570,93.5654,0.532,0.1778
2026-07-23T16:00:32.576,93.5654,0.5908,0.1582
2026-07-23T16:00:32.590,93.5867,0.6887,0.1582
2026-07-23T16:00:32.590,93.5867,0.8061,0.1386
2026-07-23T16:00:32.614,93.6024,0.9628,0.1386
2026-07-23T16:00:32.616,93.6078,1.0411,0.1582
2026-07-23T16:00:32.627,93.6303,1.1978,0.2365
2026-07-23T16:00:32.637,93.6339,1.2565,0.2365
2026-07-23T16:00:32.637,93.6425,1.4915,0.1582
2026-07-23T16:00:32.659,93.6425,1.3936,0.3149
2026-07-23T16:00:32.661,93.6717,1.5502,0.1191
2026-07-23T16:00:32.675,93.6786,1.3544,0.2365
2026-07-23T16:00:32.693,93.6825,1.5502,0.1582
2026-07-23T16:00:32.693,93.684,1.3348,0.1582
2026-07-23T16:00:32.706,93.7128,1.511,0.1582
2026-07-23T16:00:32.717,93.7128,1.374,0.1582
2026-07-23T16:00:32.729,93.7206,1.6481,0.217
2026-07-23T16:00:32.741,93.7232,1.511,0.1974
2026-07-23T16:00:32.758,93.7512,1.6677,0.2953
2026-07-23T16:00:32.758,93.7512,1.6481,0.2757
2026-07-23T16:00:32.771,93.7532,1.7069,0.2757
2026-07-23T16:00:32.781,93.7843,1.6481,0.1974
2026-07-23T16:00:32.795,93.7875,1.7656,0.354
2026-07-23T16:00:32.801,93.7903,1.746,0.2953
2026-07-23T16:00:32.804,93.7946,1.8048,0.3344
2026-07-23T16:00:32.818,93.8239,1.7656,0.3736
2026-07-23T16:00:32.827,93.8302,1.8048,0.2953
2026-07-23T16:00:32.838,93.8302,1.746,0.3736
2026-07-23T16:00:32.847,93.8397,1.9222,0.2561
2026-07-23T16:00:32.861,93.8712,1.7852,0.2953
2026-07-23T16:00:32.861,93.8716,1.981,0.2561
2026-07-23T16:00:32.881,93.8727,1.7852,0.2365
2026-07-23T16:00:32.890,93.8788,1.9418,0.217
2026-07-23T16:00:32.902,93.9031,1.746,0.2953
2026-07-23T16:00:32.913,93.9058,1.9222,0.217
2026-07-23T16:00:32.922,93.9104,1.7264,0.1778
2026-07-23T16:00:32.923,93.9104,1.9222,0.2561
2026-07-23T16:00:32.938,93.9346,1.7852,0.1974
2026-07-23T16:00:32.948,93.9346,1.8048,0.1582
2026-07-23T16:00:32.961,93.9346,1.7656,0.217
2026-07-23T16:00:32.966,93.9514,1.746,0.2561
2026-07-23T16:00:32.984,93.9759,1.7656,0.2365
2026-07-23T16:00:32.985,93.9824,1.7852,0.2561
2026-07-23T16:00:33.002,93.9858,1.8048,0.2561
2026-07-23T16:00:33.002,94.0129,1.7656,0.2365
2026-07-23T16:00:33.017,94.0144,1.7264,0.2365
2026-07-23T16:00:33.037,94.0243,1.7656,0.2757
2026-07-23T16:00:33.037,94.0243,1.7852,0.2953
2026-07-23T16:00:33.049,94.0462,1.9614,0.2953
2026-07-23T16:00:33.049,94.0462,1.8635,0.3344
2026-07-23T16:00:33.070,94.0634,2.0397,0.2561
2026-07-23T16:00:33.075,94.0634,1.8243,0.3932
2026-07-23T16:00:33.091,94.0974,1.9614,0.2561
2026-07-23T16:00:33.097,94.1011,1.7656,0.354
2026-07-23T16:00:33.097,94.1051,1.9614,0.2953
2026-07-23T16:00:33.114,94.1114,1.7656,0.3736
2026-07-23T16:00:33.130,94.1302,1.981,0.3736
2026-07-23T16:00:33.133,94.1429,2.0201,0.3344
2026-07-23T16:00:33.152,94.1465,2.0006,0.4128
2026-07-23T16:00:33.162,94.1535,2.0789,0.3932
2026-07-23T16:00:33.162,94.1721,2.0789,0.4911
2026-07-23T16:00:33.181,94.1878,2.0985,0.4128
2026-07-23T16:00:33.194,94.1878,2.0593,0.4128
2026-07-23T16:00:33.197,94.1878,2.0789,0.5107
2026-07-23T16:00:33.218,94.2234,2.1964,0.4323
2026-07-23T16:00:33.218,94.2234,2.2747,0.5107
2026-07-23T16:00:33.223,94.2264,2.2551,0.4715
2026-07-23T16:00:33.239,94.2264,2.2355,0.5694
2026-07-23T16:00:33.248,94.2567,2.4118,0.5107
2026-07-23T16:00:33.264,94.2622,2.2943,0.5498
2026-07-23T16:00:33.264,94.2622,2.4313,0.4715
2026-07-23T16:00:33.277,94.2681,2.3139,0.5498
2026-07-23T16:00:33.286,94.2681,2.4118,0.4715
2026-07-23T16:00:33.302,94.2969,2.2551,0.5107
2026-07-23T16:00:33.308,94.2987,2.4705,0.4715
2026-07-23T16:00:33.319,94.305,2.353,0.5498
2026-07-23T16:00:33.319,94.3322,2.4705,0.6086
2026-07-23T16:00:33.333,94.3342,2.4313,0.5302
2026-07-23T16:00:33.349,94.3342,2.4705,0.589
2026-07-23T16:00:33.356,94.3342,2.4313,0.6086
2026-07-23T16:00:33.376,94.3633,2.4509,0.6282
2026-07-23T16:00:33.376,94.3701,2.4509,0.589
2026-07-23T16:00:33.385,94.373,2.4118,0.6282
2026-07-23T16:00:33.400,94.397,2.3922,0.6673
2026-07-23T16:00:33.412,94.4071,2.4313,0.6673
2026-07-23T16:00:33.414,94.4088,2.3922,0.7065
2026-07-23T16:00:33.430,94.4122,2.4705,0.6673
2026-07-23T16:00:33.436,94.4408,2.4118,0.824
2026-07-23T16:00:33.448,94.4418,2.5488,0.9806
2026-07-23T16:00:33.460,94.4513,2.5097,1.2939
2026-07-23T16:00:33.463,94.4567,2.6076,1.6855
2026-07-23T16:00:33.486,94.4833,2.0593,2.0771
2026-07-23T16:00:33.486,94.4833,1.746,2.1555
2026-07-23T16:00:33.502,94.4925,1.3544,2.5275
2026-07-23T16:00:33.508,94.4969,1.511,3.0366
2026-07-23T16:00:33.528,94.5302,1.374,3.3695
2026-07-23T16:00:33.530,94.5322,1.5894,3.624
2026-07-23T16:00:33.534,94.5361,1.4915,3.7807
2026-07-23T16:00:33.548,94.5376,1.5698,3.9765
2026-07-23T16:00:33.572,94.5677,1.609,3.9373
2026-07-23T16:00:33.572,94.5677,1.5894,3.996
2026-07-23T16:00:33.583,94.5777,1.8831,3.9373
2026-07-23T16:00:33.588,94.5806,1.8635,4.0548
2026-07-23T16:00:33.588,94.6084,1.981,4.1331
2026-07-23T16:00:33.614,94.6127,2.0397,4.0744
2026-07-23T16:00:33.614,94.6152,2.1964,4.2506
2026-07-23T16:00:33.628,94.6175,2.1768,4.231
2026-07-23T16:00:33.638,94.6175,2.0789,4.2506
2026-07-23T16:00:33.652,94.6461,2.0789,4.1723
2026-07-23T16:00:33.659,94.654,1.8831,4.231
2026-07-23T16:00:33.668,94.654,1.981,4.1331
2026-07-23T16:00:33.681,94.687,1.8439,4.1723
2026-07-23T16:00:33.694,94.6937,1.8243,4.1135
2026-07-23T16:00:33.697,94.6937,1.7852,4.1331
2026-07-23T16:00:33.714,94.6967,1.8439,4.1723
2026-07-23T16:00:33.714,94.6967,1.6285,4.1918
2026-07-23T16:00:33.736,94.7303,1.7656,4.1918
2026-07-23T16:00:33.744,94.7303,1.6873,4.1723
2026-07-23T16:00:33.747,94.7303,1.6677,4.1135
2026-07-23T16:00:33.761,94.7637,1.7069,4.1135
2026-07-23T16:00:33.764,94.7687,1.7264,4.1331
2026-07-23T16:00:33.781,94.7723,1.9222,4.1331
2026-07-23T16:00:33.781,94.7723,1.981,4.1331
2026-07-23T16:00:33.807,94.8041,2.1181,4.1723
2026-07-23T16:00:33.807,94.8041,2.1376,4.1723
2026-07-23T16:00:33.820,94.8122,2.2747,4.1723
2026-07-23T16:00:33.823,94.8137,2.2943,4.1723
2026-07-23T16:00:33.840,94.8358,2.3334,4.2506
2026-07-23T16:00:33.848,94.8358,2.4313,4.1723
2026-07-23T16:00:33.863,94.8516,2.3334,4.2702
2026-07-23T16:00:33.868,94.8521,2.5292,4.1527
2026-07-23T16:00:33.887,94.8835,2.5292,4.0744
2026-07-23T16:00:33.887,94.8835,2.6076,4.1331
2026-07-23T16:00:33.887,94.8835,2.5684,3.9569
2026-07-23T16:00:33.903,94.8936,2.588,4.0352
2026-07-23T16:00:33.918,94.9221,2.353,3.8981
2026-07-23T16:00:33.918,94.9232,2.2943,4.0352
2026-07-23T16:00:33.934,94.9312,2.0789,3.9569
2026-07-23T16:00:33.950,94.9584,2.0006,4.0939
2026-07-23T16:00:33.951,94.9634,1.9614,4.1331
2026-07-23T16:00:33.972,94.9737,1.8048,4.2114
2026-07-23T16:00:33.988,94.9771,1.7264,4.2898
2026-07-23T16:00:33.988,94.9791,1.609,4.2702
2026-07-23T16:00:33.998,95.0049,1.6481,4.1723
2026-07-23T16:00:33.998,95.0049,1.4327,4.1918
2026-07-23T16:00:34.014,95.0106,1.5306,4.1331
2026-07-23T16:00:34.030,95.0144,1.4131,3.8981
2026-07-23T16:00:34.039,95.0425,1.374,3.8394
2026-07-23T16:00:34.048,95.0425,1.2565,3.7611
2026-07-23T16:00:34.061,95.0486,1.139,3.7611
2026-07-23T16:00:34.070,95.0486,1.2565,3.7219
2026-07-23T16:00:34.081,95.0849,1.0999,3.6436
2026-07-23T16:00:34.081,95.0849,1.1978,3.5848
2026-07-23T16:00:34.099,95.0912,1.0607,3.5065
2026-07-23T16:00:34.109,95.1168,1.0999,3.5065
2026-07-23T16:00:34.125,95.1218,0.8649,3.4086
2026-07-23T16:00:34.125,95.1259,0.8845,3.5848
2026-07-23T16:00:34.148,95.1304,0.7474,3.5457
2026-07-23T16:00:34.148,95.1304,0.6495,3.5653
2026-07-23T16:00:34.168,95.1615,0.7278,3.5848
2026-07-23T16:00:34.168,95.1615,0.6299,3.7219
2026-07-23T16:00:34.179,95.1635,0.7866,3.6436
2026-07-23T16:00:34.189,95.2008,0.7866,3.7219
2026-07-23T16:00:34.204,95.2008,0.8845,3.6827
2026-07-23T16:00:34.212,95.2072,0.8061,3.8198
2026-07-23T16:00:34.222,95.2104,0.9236,3.7023
2026-07-23T16:00:34.225,95.2336,0.904,3.7415
2026-07-23T16:00:34.247,95.2336,0.8845,3.859
2026-07-23T16:00:34.252,95.2336,0.9628,3.996
2026-07-23T16:00:34.263,95.2497,0.9628,4.0939
2026-07-23T16:00:34.284,95.2796,1.0803,4.0939
2026-07-23T16:00:34.284,95.2796,1.0019,4.1527
2026-07-23T16:00:34.284,95.2831,1.0999,4.2114
2026-07-23T16:00:34.300,95.2856,1.0607,4.2114
2026-07-23T16:00:34.320,95.3182,1.1782,4.231
2026-07-23T16:00:34.320,95.3182,1.0803,4.3289
2026-07-23T16:00:34.320,95.3182,1.1978,4.3289
2026-07-23T16:00:34.336,95.3304,1.1194,4.3681
2026-07-23T16:00:34.348,95.3585,1.1586,4.466
2026-07-23T16:00:34.362,95.3624,1.2761,4.4856
2026-07-23T16:00:34.369,95.3634,1.2565,4.603
2026-07-23T16:00:34.378,95.3634,1.3544,4.5639
2026-07-23T16:00:34.393,95.4059,1.374,4.6814
2026-07-23T16:00:34.403,95.4059,1.4523,4.7989
2026-07-23T16:00:34.413,95.4059,1.3544,4.7793
2026-07-23T16:00:34.414,95.4159,1.4719,4.8184
2026-07-23T16:00:34.425,95.4418,1.4131,4.8968
2026-07-23T16:00:34.448,95.4438,1.4719,4.9359
2026-07-23T16:00:34.448,95.4438,1.4131,4.9555
2026-07-23T16:00:34.457,95.4483,1.4327,4.9751
2026-07-23T16:00:34.467,95.4855,1.5698,5.0142
2026-07-23T16:00:34.477,95.4902,1.4523,5.1317
2026-07-23T16:00:34.488,95.4929,1.5306,5.073
2026-07-23T16:00:34.508,95.5012,1.609,5.0926
2026-07-23T16:00:34.508,95.5012,1.6677,5.073
2026-07-23T16:00:34.528,95.5302,1.6481,5.1317
2026-07-23T16:00:34.528,95.5302,1.6481,5.2296
2026-07-23T16:00:34.541,95.537,1.6481,5.2492
2026-07-23T16:00:34.552,95.537,1.6285,5.3863
2026-07-23T16:00:34.552,95.5661,1.7656,5.3275
2026-07-23T16:00:34.575,95.5661,1.7069,5.5233
2026-07-23T16:00:34.581,95.579,1.9418,5.68
2026-07-23T16:00:34.588,95.5807,1.8831,5.68
2026-07-23T16:00:34.602,95.6028,2.1181,5.7191
2026-07-23T16:00:34.617,95.613,2.0006,5.8758
2026-07-23T16:00:34.617,95.6165,2.216,5.9933
2026-07-23T16:00:34.630,95.6165,2.1181,6.0129
2026-07-23T16:00:34.635,95.6444,2.3726,6.1695
2026-07-23T16:00:34.654,95.6444,2.3726,6.3066
2026-07-23T16:00:34.654,95.6592,2.5488,6.4828
2026-07-23T16:00:34.667,95.6638,2.6467,6.4828
2026-07-23T16:00:34.685,95.6862,2.6272,6.6394
2026-07-23T16:00:34.695,95.6916,2.6272,6.5611
2026-07-23T16:00:34.695,95.6969,2.6467,6.6199
2026-07-23T16:00:34.695,95.6969,2.7055,6.7178
2026-07-23T16:00:34.717,95.7305,2.7838,6.7961
2026-07-23T16:00:34.737,95.7334,2.8425,6.9136
2026-07-23T16:00:34.737,95.7396,2.9209,6.9919
2026-07-23T16:00:34.748,95.7453,2.9404,7.1485
2026-07-23T16:00:34.759,95.7706,3.1363,6.9723
2026-07-23T16:00:34.777,95.7706,3.0188,7.0115
2026-07-23T16:00:34.777,95.7706,3.1167,6.9332
2026-07-23T16:00:34.790,95.7819,2.9992,6.9723
2026-07-23T16:00:34.798,95.7862,3.0971,6.9332
2026-07-23T16:00:34.820,95.8113,2.9013,6.9136
2026-07-23T16:00:34.820,95.817,3.0383,6.9332
2026-07-23T16:00:34.831,95.818,2.8425,6.8548
2026-07-23T16:00:34.837,95.8267,3.0383,6.8157
2026-07-23T16:00:34.854,95.8531,2.823,6.7569
2026-07-23T16:00:34.854,95.8531,2.9404,6.6982
2026-07-23T16:00:34.868,95.8591,2.8817,6.522
2026-07-23T16:00:34.877,95.8654,2.8817,6.5024
2026-07-23T16:00:34.884,95.881,2.8425,6.5024
2026-07-23T16:00:34.900,95.8968,2.823,6.4436
2026-07-23T16:00:34.910,95.9017,2.7251,6.3849
2026-07-23T16:00:34.916,95.9302,2.7055,6.2282
2026-07-23T16:00:34.932,95.9363,2.6859,6.2282
2026-07-23T16:00:34.932,95.9363,2.5684,6.0324
2026-07-23T16:00:34.953,95.9429,2.5488,6.1108
2026-07-23T16:00:34.958,95.9446,2.6076,5.915
2026-07-23T16:00:34.977,95.9781,2.4901,5.9541
2026-07-23T16:00:34.977,95.9781,2.6272,5.8562
2026-07-23T16:00:34.994,95.984,2.4705,5.8758
2026-07-23T16:00:34.995,96.0085,2.6859,5.7975
2026-07-23T16:00:35.019,96.0232,2.4705,5.8562
2026-07-23T16:00:35.019,96.0232,2.6272,5.8954
2026-07-23T16:00:35.029,96.0268,2.4118,5.8758
2026-07-23T16:00:35.035,96.0303,2.5684,5.8954
2026-07-23T16:00:35.048,96.0551,2.4118,5.8954
2026-07-23T16:00:35.059,96.0672,2.5684,5.7975
2026-07-23T16:00:35.078,96.0711,2.5488,5.7583
2026-07-23T16:00:35.081,96.0711,2.5488,5.7779
2026-07-23T16:00:35.094,96.1058,2.5097,5.6604
2026-07-23T16:00:35.106,96.1058,2.6076,5.7779
2026-07-23T16:00:35.106,96.1058,2.5292,5.7387
2026-07-23T16:00:35.122,96.1184,2.5488,5.7975
2026-07-23T16:00:35.129,96.1195,2.588,5.7975
2026-07-23T16:00:35.138,96.1502,2.588,5.7975
2026-07-23T16:00:35.154,96.1556,2.5684,5.8171
2026-07-23T16:00:35.157,96.1556,2.6467,5.7583
2026-07-23T16:00:35.170,96.1639,2.4901,5.8758
2026-07-23T16:00:35.185,96.1948,2.7446,5.8171
2026-07-23T16:00:35.196,96.1969,2.588,5.8954
2026-07-23T16:00:35.198,96.1969,2.7642,5.8954
2026-07-23T16:00:35.206,96.1969,2.6467,5.8758
2026-07-23T16:00:35.217,96.2302,2.823,5.9345
2026-07-23T16:00:35.237,96.237,2.6663,5.9737
2026-07-23T16:00:35.246,96.237,2.8034,6.0324
2026-07-23T16:00:35.248,96.237,2.6467,5.915
2026-07-23T16:00:35.248,96.2442,2.8034,5.9737
2026-07-23T16:00:35.281,96.278,2.7642,5.915
2026-07-23T16:00:35.281,96.278,2.8425,5.9541
2026-07-23T16:00:35.288,96.2828,2.8425,5.8758
2026-07-23T16:00:35.295,96.2874,2.823,5.9737
2026-07-23T16:00:35.312,96.3116,2.8425,5.9933
2026-07-23T16:00:35.314,96.3194,2.8621,5.9933
2026-07-23T16:00:35.329,96.3231,2.8425,6.0324
2026-07-23T16:00:35.338,96.3268,2.8817,5.9737
2026-07-23T16:00:35.348,96.3551,2.9013,6.0912
2026-07-23T16:00:35.362,96.3615,2.96,5.9541
2026-07-23T16:00:35.374,96.3676,2.9013,6.052
2026-07-23T16:00:35.381,96.3708,3.0188,6.052
2026-07-23T16:00:35.392,96.4004,2.7838,5.9933
2026-07-23T16:00:35.404,96.4084,2.9992,5.8954
2026-07-23T16:00:35.406,96.4084,2.823,5.9345
2026-07-23T16:00:35.422,96.4084,2.9404,5.8758
2026-07-23T16:00:35.437,96.446,2.7838,5.8758
2026-07-23T16:00:35.445,96.446,3.0383,5.915
2026-07-23T16:00:35.453,96.4492,2.8817,5.9737
2026-07-23T16:00:35.459,96.4492,3.0775,6.0716
2026-07-23T16:00:35.469,96.4492,2.96,6.052
2026-07-23T16:00:35.484,96.4825,3.1167,6.1499
2026-07-23T16:00:35.488,96.4875,3.1167,6.0716
2026-07-23T16:00:35.497,96.4875,3.1558,6.1695
2026-07-23T16:00:35.516,96.5201,3.0775,6.1695
2026-07-23T16:00:35.516,96.527,3.1754,6.2087
2026-07-23T16:00:35.533,96.527,3.0971,6.2087
2026-07-23T16:00:35.538,96.5323,3.1558,6.1108
2026-07-23T16:00:35.548,96.5621,3.0971,6.3262
2026-07-23T16:00:35.571,96.5637,3.1363,6.2674
2026-07-23T16:00:35.571,96.5637,3.0775,6.2282
2026-07-23T16:00:35.583,96.5768,3.195,6.2282
2026-07-23T16:00:35.583,96.6037,3.0579,6.287
2026-07-23T16:00:35.595,96.6079,3.2537,6.1891
2026-07-23T16:00:35.595,96.6079,3.0579,6.287
2026-07-23T16:00:35.614,96.6203,3.2146,6.2282
2026-07-23T16:00:35.628,96.6236,3.0383,6.2478
2026-07-23T16:00:35.643,96.6476,3.195,6.1891
2026-07-23T16:00:35.648,96.6476,2.9992,6.2478
2026-07-23T16:00:35.659,96.6571,3.195,6.1695
2026-07-23T16:00:35.671,96.6613,3.1167,6.0912
2026-07-23T16:00:35.690,96.6891,3.1754,6.1303
2026-07-23T16:00:35.690,96.6891,3.0775,6.0716
2026-07-23T16:00:35.698,96.6969,3.1167,6.2282
2026-07-23T16:00:35.715,96.7016,3.0383,6.0912
2026-07-23T16:00:35.722,96.7303,3.0383,6.0912
2026-07-23T16:00:35.722,96.735,2.9796,6.0912
2026-07-23T16:00:35.745,96.735,3.0188,6.052
2026-07-23T16:00:35.752,96.735,2.9796,6.1303
2026-07-23T16:00:35.762,96.7707,2.9796,6.0716
2026-07-23T16:00:35.772,96.7707,2.9796,6.1499
2026-07-23T16:00:35.781,96.7812,3.0383,6.0716
2026-07-23T16:00:35.786,96.7864,2.8621,6.052
2026-07-23T16:00:35.801,96.8139,2.9796,5.9933
2026-07-23T16:00:35.816,96.8169,2.8034,6.052
2026-07-23T16:00:35.817,96.8188,3.0188,5.9933
2026-07-23T16:00:35.821,96.8208,2.823,5.9933
2026-07-23T16:00:35.837,96.8208,2.9992,6.0324
2026-07-23T16:00:35.849,96.8538,2.8621,6.0129
2026-07-23T16:00:35.849,96.8538,3.0383,6.0324
2026-07-23T16:00:35.872,96.8637,2.7642,5.9933
2026-07-23T16:00:35.887,96.8915,2.9796,6.0129
2026-07-23T16:00:35.895,96.8915,2.7642,5.9345
2026-07-23T16:00:35.905,96.8957,2.9209,5.9737
2026-07-23T16:00:35.911,96.8973,2.823,6.0129
2026-07-23T16:00:35.914,96.923,2.8034,5.9541
2026-07-23T16:00:35.926,96.9304,2.7055,5.9737
2026-07-23T16:00:35.942,96.9304,2.7838,5.8758
2026-07-23T16:00:35.951,96.939,2.7055,5.8758
2026-07-23T16:00:35.958,96.9676,2.6859,5.7975
2026-07-23T16:00:35.974,96.9707,2.7251,5.7975
2026-07-23T16:00:35.981,96.9777,2.6467,5.7191
2026-07-23T16:00:35.994,96.9792,2.588,5.8758
2026-07-23T16:00:35.994,97.0049,2.6663,5.7191
2026-07-23T16:00:36.014,97.0089,2.5488,5.7975
2026-07-23T16:00:36.018,97.0115,2.823,5.7583
2026-07-23T16:00:36.030,97.0154,2.6076,5.7779
2026-07-23T16:00:36.037,97.0349,2.7446,5.7387
2026-07-23T16:00:36.053,97.0349,2.5684,5.7779
2026-07-23T16:00:36.060,97.0495,2.7838,5.7583
2026-07-23T16:00:36.069,97.0655,2.588,5.68
2026-07-23T16:00:36.078,97.0813,2.7446,5.7583
2026-07-23T16:00:36.086,97.0863,2.6272,5.6996
2026-07-23T16:00:36.108,97.0923,2.7838,5.6996
2026-07-23T16:00:36.108,97.1129,2.6859,5.7191
2026-07-23T16:00:36.116,97.1129,2.7055,5.7191
2026-07-23T16:00:36.132,97.1239,2.6272,5.6212
2026-07-23T16:00:36.143,97.1295,2.6663,5.7779
2026-07-23T16:00:36.148,97.1531,2.5684,5.5821
2026-07-23T16:00:36.159,97.1531,2.6663,5.6017
2026-07-23T16:00:36.175,97.1601,2.6272,5.6212
2026-07-23T16:00:36.180,97.1665,2.5684,5.6017
2026-07-23T16:00:36.181,97.1975,2.4901,5.6408
2026-07-23T16:00:36.197,97.2009,2.4901,5.6604
2026-07-23T16:00:36.211,97.208,2.3922,5.68
2026-07-23T16:00:36.217,97.2132,2.4705,5.5821
2026-07-23T16:00:36.227,97.2414,2.2943,5.6996
2026-07-23T16:00:36.239,97.2414,2.5292,5.6408
2026-07-23T16:00:36.252,97.2414,2.3139,5.6996
2026-07-23T16:00:36.267,97.2495,2.588,5.7191
2026-07-23T16:00:36.267,97.2712,2.353,5.6408
2026-07-23T16:00:36.281,97.2712,2.5488,5.68
2026-07-23T16:00:36.292,97.2828,2.3139,5.68
2026-07-23T16:00:36.300,97.2888,2.5097,5.6408
2026-07-23T16:00:36.315,97.3129,2.2747,5.6604
2026-07-23T16:00:36.322,97.321,2.3726,5.68
2026-07-23T16:00:36.322,97.3226,2.3139,5.6408
2026-07-23T16:00:36.342,97.3303,2.3922,5.6017
2026-07-23T16:00:36.348,97.3549,2.3922,5.5429
2026-07-23T16:00:36.354,97.3549,2.3726,5.6017
2026-07-23T16:00:36.372,97.3639,2.353,5.5429
2026-07-23T16:00:36.381,97.3662,2.3922,5.6017
2026-07-23T16:00:36.401,97.3885,2.3726,5.5429
2026-07-23T16:00:36.401,97.3885,2.3334,5.5821
2026-07-23T16:00:36.406,97.4014,2.2747,5.5625
2026-07-23T16:00:36.417,97.4288,2.3726,5.5625
2026-07-23T16:00:36.433,97.4304,2.2551,5.5821
2026-07-23T16:00:36.439,97.4304,2.4313,5.5821
2026-07-23T16:00:36.452,97.4381,2.2355,5.5821
2026-07-23T16:00:36.464,97.4677,2.4509,5.6017
2026-07-23T16:00:36.474,97.4703,2.2747,5.6017
2026-07-23T16:00:36.481,97.4703,2.4313,5.5233
2026-07-23T16:00:36.491,97.4761,2.1964,5.4842
2026-07-23T16:00:36.496,97.497,2.3726,5.5038
2026-07-23T16:00:36.511,97.497,2.2747,5.4842
2026-07-23T16:00:36.521,97.5085,2.353,5.5233
2026-07-23T16:00:36.531,97.5174,2.3726,5.5429
2026-07-23T16:00:36.531,97.5422,2.3726,5.6212
2026-07-23T16:00:36.548,97.5555,2.3726,5.6212
2026-07-23T16:00:36.559,97.5555,2.353,5.6408
2026-07-23T16:00:36.575,97.5809,2.4313,5.6604
2026-07-23T16:00:36.593,97.5872,2.4118,5.6212
2026-07-23T16:00:36.593,97.5872,2.353,5.6604
2026-07-23T16:00:36.606,97.5872,2.3334,5.5821
2026-07-23T16:00:36.614,97.597,2.3334,5.6212
2026-07-23T16:00:36.632,97.6195,2.4313,5.6017
2026-07-23T16:00:36.632,97.6195,2.2747,5.5038
2026-07-23T16:00:36.638,97.6282,2.3726,5.5625
2026-07-23T16:00:36.650,97.6323,2.2747,5.4842
2026-07-23T16:00:36.656,97.6577,2.4705,5.4646
2026-07-23T16:00:36.670,97.6637,2.2747,5.4254
2026-07-23T16:00:36.683,97.6657,2.3726,5.4646
2026-07-23T16:00:36.685,97.6981,2.1964,5.445
2026-07-23T16:00:36.701,97.7001,2.4509,5.445
2026-07-23T16:00:36.715,97.7001,2.3334,5.3667
2026-07-23T16:00:36.717,97.7115,2.3726,5.6017
2026-07-23T16:00:36.732,97.7298,2.3139,5.3863
2026-07-23T16:00:36.739,97.7298,2.3726,5.4646
2026-07-23T16:00:36.751,97.7298,2.3334,5.3863
2026-07-23T16:00:36.751,97.7464,2.3726,5.5233
2026-07-23T16:00:36.766,97.7637,2.3922,5.4646
2026-07-23T16:00:36.781,97.7719,2.4313,5.4646
2026-07-23T16:00:36.781,97.7762,2.4705,5.5233
2026-07-23T16:00:36.797,97.797,2.5097,5.4842
2026-07-23T16:00:36.807,97.797,2.4509,5.5625
2026-07-23T16:00:36.827,97.8136,2.4313,5.5233
2026-07-23T16:00:36.832,97.8136,2.4313,5.6604
2026-07-23T16:00:36.832,97.8394,2.5292,5.6604
2026-07-23T16:00:36.848,97.8476,2.4118,5.6604
2026-07-23T16:00:36.864,97.8476,2.5292,5.6996
2026-07-23T16:00:36.875,97.8709,2.4705,5.7387
2026-07-23T16:00:36.881,97.8888,2.6467,5.7583
2026-07-23T16:00:36.890,97.8888,2.4705,5.7387
2026-07-23T16:00:36.898,97.8967,2.6663,5.8171
2026-07-23T16:00:36.906,97.9182,2.5292,5.8366
2026-07-23T16:00:36.914,97.9257,2.7251,5.8758
2026-07-23T16:00:36.922,97.9304,2.588,6.0129
2026-07-23T16:00:36.940,97.9359,2.7055,6.0129
2026-07-23T16:00:36.947,97.9386,2.6467,5.9933
2026-07-23T16:00:36.969,97.9655,2.7838,6.1108
2026-07-23T16:00:36.969,97.9655,2.7446,5.9933
2026-07-23T16:00:36.981,97.9655,2.7251,6.1891
2026-07-23T16:00:36.989,97.9751,2.7838,6.1499
2026-07-23T16:00:37.001,97.9971,2.823,6.2478
2026-07-23T16:00:37.001,98.0025,2.823,6.2478
2026-07-23T16:00:37.026,98.0025,2.8621,6.2087
2026-07-23T16:00:37.026,98.0127,2.9013,6.3457
2026-07-23T16:00:37.032,98.0306,2.9992,6.2478
2026-07-23T16:00:37.048,98.0306,2.8621,6.3066
2026-07-23T16:00:37.063,98.0446,3.0579,6.2674
2026-07-23T16:00:37.073,98.0638,2.9013,6.3457
2026-07-23T16:00:37.081,98.0638,3.0383,6.3457
2026-07-23T16:00:37.095,98.076,2.9404,6.3457
2026-07-23T16:00:37.095,98.0971,3.0775,6.4241
2026-07-23T16:00:37.115,98.1074,2.9796,6.4241
2026-07-23T16:00:37.115,98.1094,3.1363,6.4241
2026-07-23T16:00:37.127,98.139,2.9992,6.4436
2026-07-23T16:00:37.142,98.1404,3.195,6.5024
2026-07-23T16:00:37.148,98.1404,3.0579,6.4241
2026-07-23T16:00:37.160,98.147,3.0775,6.5024
2026-07-23T16:00:37.174,98.1737,3.1363,6.4632
2026-07-23T16:00:37.181,98.1737,3.1167,6.4828
2026-07-23T16:00:37.191,98.1737,3.195,6.4241
2026-07-23T16:00:37.198,98.1894,3.1754,6.4632
2026-07-23T16:00:37.211,98.217,3.2342,6.4632
2026-07-23T16:00:37.221,98.2199,3.2146,6.4241
2026-07-23T16:00:37.225,98.2245,3.2929,6.5024
2026-07-23T16:00:37.241,98.229,3.2733,6.522
2026-07-23T16:00:37.248,98.2527,3.2537,6.5611
2026-07-23T16:00:37.264,98.2569,3.3321,6.5611
2026-07-23T16:00:37.275,98.2569,3.2929,6.6199
2026-07-23T16:00:37.280,98.2569,3.43,6.6786
2026-07-23T16:00:37.284,98.2873,3.3712,6.7178
2026-07-23T16:00:37.300,98.2873,3.4887,6.659
2026-07-23T16:00:37.308,98.2969,3.3516,6.7178
2026-07-23T16:00:37.323,98.3138,3.5279,6.7569
2026-07-23T16:00:37.331,98.3255,3.3321,6.7373
2026-07-23T16:00:37.338,98.329,3.4691,6.8548
2026-07-23T16:00:37.352,98.3306,3.4887,6.8353
2026-07-23T16:00:37.365,98.3596,3.5279,6.9136
2026-07-23T16:00:37.376,98.3596,3.5474,6.9527
2026-07-23T16:00:37.381,98.3638,3.4691,7.0115
2026-07-23T16:00:37.381,98.391,3.5866,6.9527
2026-07-23T16:00:37.396,98.391,3.5279,6.9919
2026-07-23T16:00:37.410,98.391,3.7628,7.0311
2026-07-23T16:00:37.420,98.3972,3.6258,7.0506
2026-07-23T16:00:37.426,98.4303,3.6845,7.0898
2026-07-23T16:00:37.426,98.4341,3.5866,7.0115
2026-07-23T16:00:37.448,98.4412,3.6845,7.0702
2026-07-23T16:00:37.474,98.4707,3.6258,6.9332
2026-07-23T16:00:37.474,98.4707,3.6258,7.0311
2026-07-23T16:00:37.487,98.4707,3.7824,7.0311
2026-07-23T16:00:37.492,98.4707,3.6845,7.3444
2026-07-23T16:00:37.492,98.5021,3.7824,7.0702
2026-07-23T16:00:37.515,98.5099,3.802,7.1485
2026-07-23T16:00:37.522,98.5119,3.8999,7.1877
2026-07-23T16:00:37.531,98.5201,3.8607,7.2073
2026-07-23T16:00:37.537,98.5496,4.1153,7.2464
2026-07-23T16:00:37.548,98.5506,4.0174,7.2269
2026-07-23T16:00:37.563,98.5568,4.0174,7.3052
2026-07-23T16:00:37.571,98.5616,4.0174,7.3835
2026-07-23T16:00:37.581,98.5812,4.037,7.3639
2026-07-23T16:00:37.586,98.5922,4.0957,7.4031
2026-07-23T16:00:37.601,98.5922,4.0761,7.4031
2026-07-23T16:00:37.615,98.597,4.0957,7.4031
2026-07-23T16:00:37.616,98.6282,4.037,7.501
2026-07-23T16:00:37.632,98.6303,4.1153,7.4814
2026-07-23T16:00:37.632,98.6347,4.037,7.5402
2026-07-23T16:00:37.652,98.6434,4.174,7.5597
2026-07-23T16:00:37.665,98.6637,4.1544,7.5793
2026-07-23T16:00:37.665,98.6637,4.2132,7.6185
2026-07-23T16:00:37.685,98.6748,4.1349,7.5989
2026-07-23T16:00:37.694,98.6787,4.2328,7.6381
2026-07-23T16:00:37.710,98.6971,4.1936,7.5989
2026-07-23T16:00:37.715,98.7064,4.1544,7.6576
2026-07-23T16:00:37.729,98.7064,4.2524,7.501
2026-07-23T16:00:37.729,98.7064,4.2328,7.5402
2026-07-23T16:00:37.748,98.7377,4.2719,7.5402
2026-07-23T16:00:37.757,98.7377,4.2915,7.4814
2026-07-23T16:00:37.757,98.7377,4.2132,7.501
2026-07-23T16:00:37.757,98.7728,4.1544,7.4814
2026-07-23T16:00:37.789,98.786,4.2132,7.5206
2026-07-23T16:00:37.789,98.786,4.0957,7.3835
2026-07-23T16:00:37.789,98.786,4.0174,7.4814
2026-07-23T16:00:37.815,98.8245,4.0957,7.3639
2026-07-23T16:00:37.824,98.8274,4.0957,7.3639
2026-07-23T16:00:37.824,98.8322,4.037,7.3444
2026-07-23T16:00:37.837,98.8403,3.9195,7.4031
2026-07-23T16:00:37.851,98.8403,4.1153,7.3639
2026-07-23T16:00:37.868,98.8687,3.9195,7.3052
2026-07-23T16:00:37.868,98.8687,4.037,7.3639
2026-07-23T16:00:37.886,98.8793,3.8999,7.2856
2026-07-23T16:00:37.891,98.8827,4.037,7.3639
2026-07-23T16:00:37.903,98.9111,3.8999,7.266
2026-07-23T16:00:37.915,98.9111,3.8803,7.3248
2026-07-23T16:00:37.919,98.9111,3.8999,7.2464
2026-07-23T16:00:37.930,98.9111,3.8412,7.3248
2026-07-23T16:00:37.933,98.9434,3.9195,7.3052
2026-07-23T16:00:37.948,98.9541,3.8607,7.1681
2026-07-23T16:00:37.962,98.9583,3.8803,7.2856
2026-07-23T16:00:37.969,98.9659,3.7824,7.2269
2026-07-23T16:00:37.994,98.9896,3.8216,7.3052
2026-07-23T16:00:37.994,98.9896,3.7237,7.1681
2026-07-23T16:00:38.005,98.9971,3.802,7.2464
2026-07-23T16:00:38.017,99.0031,3.8412,7.3052
2026-07-23T16:00:38.017,99.0307,3.7628,7.1681
2026-07-23T16:00:38.032,99.0351,3.802,7.0506
2026-07-23T16:00:38.040,99.0414,3.6454,7.129
2026-07-23T16:00:38.054,99.0441,3.7433,7.0311
2026-07-23T16:00:38.067,99.0688,3.6062,6.9723
2026-07-23T16:00:38.074,99.0767,3.7237,6.9527
2026-07-23T16:00:38.086,99.0767,3.5474,6.8548
2026-07-23T16:00:38.095,99.0767,3.7041,6.894
2026-07-23T16:00:38.106,99.1145,3.5866,6.8744
2026-07-23T16:00:38.116,99.1145,3.7041,6.8744
2026-07-23T16:00:38.127,99.1162,3.6845,7.0311
2026-07-23T16:00:38.127,99.1254,3.6649,7.0311
2026-07-23T16:00:38.140,99.1254,3.7041,6.9332
2026-07-23T16:00:38.159,99.1487,3.802,7.0506
2026-07-23T16:00:38.161,99.1487,3.8412,6.9919
2026-07-23T16:00:38.176,99.1661,3.8216,6.9527
2026-07-23T16:00:38.181,99.1661,3.8216,7.0311
2026-07-23T16:00:38.199,99.1974,3.8607,7.0506
2026-07-23T16:00:38.199,99.1974,3.9195,7.1485
2026-07-23T16:00:38.199,99.2077,3.8999,7.0898
2026-07-23T16:00:38.217,99.2114,3.9195,7.2073
2026-07-23T16:00:38.230,99.243,4.0174,7.1094
2026-07-23T16:00:38.246,99.2512,3.8803,7.2073
2026-07-23T16:00:38.248,99.2512,3.9978,7.1485
2026-07-23T16:00:38.262,99.2608,3.8412,7.1485
2026-07-23T16:00:38.267,99.2914,3.9782,7.2073
2026-07-23T16:00:38.282,99.2972,3.8999,7.129
2026-07-23T16:00:38.294,99.2972,4.0174,7.2073
2026-07-23T16:00:38.302,99.2972,3.9391,7.1094
2026-07-23T16:00:38.312,99.3032,3.9978,7.2269
2026-07-23T16:00:38.315,99.3311,3.8803,7.1094
2026-07-23T16:00:38.326,99.3311,4.0174,7.1877
2026-07-23T16:00:38.342,99.3383,4.0174,7.2073
2026-07-23T16:00:38.354,99.3383,4.0565,7.2856
2026-07-23T16:00:38.366,99.374,4.1153,7.2269
2026-07-23T16:00:38.373,99.374,4.0957,7.266
2026-07-23T16:00:38.382,99.3829,4.2132,7.3052
2026-07-23T16:00:38.389,99.3901,4.1153,7.266
2026-07-23T16:00:38.407,99.4187,4.1349,7.3639
2026-07-23T16:00:38.421,99.4187,4.1936,7.3639
2026-07-23T16:00:38.425,99.4187,4.1349,7.3835
2026-07-23T16:00:38.425,99.4289,4.2328,7.3639
2026-07-23T16:00:38.443,99.4346,4.2719,7.3639
2026-07-23T16:00:38.452,99.4639,4.3698,7.3835
2026-07-23T16:00:38.452,99.4657,4.2328,7.4618
2026-07-23T16:00:38.469,99.4657,4.3307,7.4031
2026-07-23T16:00:38.480,99.4657,4.2328,7.4423
2026-07-23T16:00:38.499,99.4973,4.3111,7.4618
2026-07-23T16:00:38.499,99.5082,4.2132,7.4618
2026-07-23T16:00:38.517,99.511,4.409,7.5206
2026-07-23T16:00:38.517,99.5133,4.2915,7.5402
2026-07-23T16:00:38.532,99.5426,4.4482,7.5597
2026-07-23T16:00:38.548,99.5502,4.2524,7.5793
2026-07-23T16:00:38.548,99.5502,4.4482,7.6185
2026-07-23T16:00:38.564,99.5554,4.3698,7.5989
2026-07-23T16:00:38.575,99.5749,4.4286,7.5597
2026-07-23T16:00:38.583,99.5899,4.3698,7.5793
2026-07-23T16:00:38.593,99.5899,4.4482,7.5402
2026-07-23T16:00:38.606,99.5972,4.409,7.5793
2026-07-23T16:00:38.610,99.6007,4.409,7.5597
2026-07-23T16:00:38.626,99.6283,4.409,7.5793
2026-07-23T16:00:38.626,99.6304,4.3894,7.6381
2026-07-23T16:00:38.641,99.637,4.409,7.6576
2026-07-23T16:00:38.651,99.6401,4.4286,7.5793
2026-07-23T16:00:38.672,99.6704,4.3307,7.6185
2026-07-23T16:00:38.672,99.6704,4.4873,7.5989
2026-07-23T16:00:38.687,99.6704,4.3307,7.6968
2026-07-23T16:00:38.691,99.685,4.5265,7.6576
2026-07-23T16:00:38.715,99.7071,4.3111,7.736
2026-07-23T16:00:38.715,99.7071,4.5265,7.501
2026-07-23T16:00:38.721,99.7177,4.409,7.5793
2026-07-23T16:00:38.721,99.7177,4.5461,7.5989
2026-07-23T16:00:38.741,99.7493,4.3307,7.5989
2026-07-23T16:00:38.758,99.7638,4.5461,7.6185
2026-07-23T16:00:38.758,99.7669,4.3307,7.5989
2026-07-23T16:00:38.769,99.7703,4.4677,7.6185
2026-07-23T16:00:38.784,99.7739,4.3894,7.5206
2026-07-23T16:00:38.800,99.7972,4.4873,7.5989
2026-07-23T16:00:38.800,99.7972,4.3698,7.501
2026-07-23T16:00:38.818,99.8153,4.4482,7.5989
2026-07-23T16:00:38.821,99.8153,4.3894,7.5793
2026-07-23T16:00:38.830,99.8441,4.4286,7.5793
2026-07-23T16:00:38.830,99.8441,4.3894,7.6185
2026-07-23T16:00:38.848,99.8441,4.4286,7.5793
2026-07-23T16:00:38.866,99.8441,4.4677,7.5597
2026-07-23T16:00:38.873,99.8571,4.4873,7.501
2026-07-23T16:00:38.881,99.8745,4.409,7.5793
2026-07-23T16:00:38.895,99.8745,4.4677,7.501
2026-07-23T16:00:38.895,99.8902,4.3698,7.5989
2026-07-23T16:00:38.910,99.8966,4.5461,7.5206
2026-07-23T16:00:38.925,99.9219,4.3111,7.5597
2026-07-23T16:00:38.925,99.9336,4.5656,7.5206
2026-07-23T16:00:38.941,99.9355,4.3111,7.5597
2026-07-23T16:00:38.950,99.9536,4.5461,7.5793
2026-07-23T16:00:38.957,99.9638,4.3111,7.5793
2026-07-23T16:00:38.973,99.9714,4.5265,7.6185
2026-07-23T16:00:38.984,99.9751,4.3307,7.5793
2026-07-23T16:00:38.992,99.9751,4.5461,7.6381
2026-07-23T16:00:38.992,100.0007,4.3503,7.6576
2026-07-23T16:00:39.015,100.0111,4.4482,7.5989
2026-07-23T16:00:39.026,100.0111,4.3894,7.5597
2026-07-23T16:00:39.033,100.034,4.409,7.4814
2026-07-23T16:00:39.048,100.034,4.4286,7.4423
2026-07-23T16:00:39.051,100.034,4.409,7.4031
2026-07-23T16:00:39.062,100.0485,4.3503,7.3835
2026-07-23T16:00:39.075,100.08,4.4677,7.4618
2026-07-23T16:00:39.085,100.08,4.4873,7.501
2026-07-23T16:00:39.085,100.08,4.4873,7.4618
2026-07-23T16:00:39.105,100.08,4.5069,7.4814
2026-07-23T16:00:39.105,100.1116,4.644,7.501
2026-07-23T16:00:39.117,100.1116,4.5461,7.501
2026-07-23T16:00:39.131,100.1312,4.7223,7.501
2026-07-23T16:00:39.131,100.1345,4.5656,7.5206
2026-07-23T16:00:39.158,100.1586,4.8006,7.5402
2026-07-23T16:00:39.162,100.1616,4.6635,7.6381
2026-07-23T16:00:39.162,100.1637,4.8398,7.7555
2026-07-23T16:00:39.182,100.1637,4.7419,7.6381
2026-07-23T16:00:39.194,100.1974,4.9181,7.6968
2026-07-23T16:00:39.200,100.1974,4.7223,7.6381
2026-07-23T16:00:39.214,100.2056,5.016,7.7555
2026-07-23T16:00:39.227,100.2138,4.8202,7.7555
2026-07-23T16:00:39.227,100.2376,4.9181,7.9122
2026-07-23T16:00:39.242,100.2416,4.9573,7.873
2026-07-23T16:00:39.248,100.2451,4.781,8.0101
2026-07-23T16:00:39.265,100.2535,4.9573,8.0101
2026-07-23T16:00:39.272,100.2744,5.0552,8.0101
2026-07-23T16:00:39.284,100.2851,4.9768,7.9318
2026-07-23T16:00:39.292,100.2851,5.016,7.9514
2026-07-23T16:00:39.304,100.2927,4.9181,7.9514
2026-07-23T16:00:39.314,100.3169,5.016,7.8926
2026-07-23T16:00:39.325,100.3174,4.9181,7.8339
2026-07-23T16:00:39.325,100.3174,5.0747,7.8339
2026-07-23T16:00:39.336,100.3174,4.8202,7.8926
2026-07-23T16:00:39.354,100.3487,5.0747,7.8926
2026-07-23T16:00:39.354,100.3535,4.9181,7.9122
2026-07-23T16:00:39.368,100.3598,5.1726,7.7947
2026-07-23T16:00:39.380,100.3658,4.9181,7.9709
2026-07-23T16:00:39.388,100.3804,5.1922,7.9514
2026-07-23T16:00:39.404,100.3804,5.0552,7.9709
2026-07-23T16:00:39.416,100.3962,5.251,8.0493
2026-07-23T16:00:39.417,100.4123,5.1139,8.108
2026-07-23T16:00:39.431,100.4252,5.3489,8.2451
2026-07-23T16:00:39.447,100.4304,5.2314,8.1667
2026-07-23T16:00:39.450,100.4314,5.388,8.2646
2026-07-23T16:00:39.463,100.4601,5.2901,8.2255
2026-07-23T16:00:39.463,100.4601,5.388,8.343
2026-07-23T16:00:39.482,100.4664,5.2706,8.2255
2026-07-23T16:00:39.495,100.4975,5.3097,8.2646
2026-07-23T16:00:39.495,100.4975,5.2706,8.2451
2026-07-23T16:00:39.511,100.4975,5.4076,8.1863
2026-07-23T16:00:39.517,100.5071,5.3489,8.2059
2026-07-23T16:00:39.534,100.5316,5.388,8.2646
2026-07-23T16:00:39.534,100.5316,5.3489,8.1667
2026-07-23T16:00:39.558,100.5417,5.388,8.1472
2026-07-23T16:00:39.561,100.5417,5.2706,8.2059
2026-07-23T16:00:39.575,100.5712,5.388,8.0493
2026-07-23T16:00:39.582,100.5712,5.1922,8.0688
2026-07-23T16:00:39.593,100.5712,5.388,7.9709
2026-07-23T16:00:39.593,100.5971,5.251,8.0493
2026-07-23T16:00:39.606,100.6028,5.4272,8.0297
2026-07-23T16:00:39.622,100.6081,5.1726,7.9905
2026-07-23T16:00:39.622,100.6333,5.388,8.0688
2026-07-23T16:00:39.648,100.6376,5.1726,8.0884
2026-07-23T16:00:39.654,100.6407,5.4468,8.1667
2026-07-23T16:00:39.668,100.6649,5.2118,8.1276
2026-07-23T16:00:39.668,100.6649,5.388,8.1863
2026-07-23T16:00:39.687,100.6649,5.2901,8.1472
2026-07-23T16:00:39.692,100.6649,5.3685,8.2059
2026-07-23T16:00:39.703,100.7028,5.3489,8.2255
2026-07-23T16:00:39.716,100.7028,5.3293,8.2255
2026-07-23T16:00:39.716,100.712,5.3293,8.2451
2026-07-23T16:00:39.732,100.7369,5.4076,8.2255
2026-07-23T16:00:39.748,100.7369,5.4076,8.2255
2026-07-23T16:00:39.754,100.7457,5.388,8.2451
2026-07-23T16:00:39.763,100.7503,5.3685,8.2255
2026-07-23T16:00:39.763,100.7764,5.4076,8.2451
2026-07-23T16:00:39.788,100.7812,5.3293,8.2646
2026-07-23T16:00:39.788,100.7847,5.5251,8.3234
2026-07-23T16:00:39.801,100.7908,5.388,8.3234
2026-07-23T16:00:39.815,100.8164,5.623,8.3038
2026-07-23T16:00:39.815,100.8224,5.4272,8.3626
2026-07-23T16:00:39.832,100.8224,5.6426,8.3626
2026-07-23T16:00:39.842,100.8317,5.4468,8.3821
2026-07-23T16:00:39.848,100.8584,5.6817,8.48
2026-07-23T16:00:39.867,100.8584,5.4468,8.4409
2026-07-23T16:00:39.873,100.8584,5.5838,8.4605
2026-07-23T16:00:39.882,100.8637,5.5447,8.3821
2026-07-23T16:00:39.889,100.8895,5.6622,8.3821
2026-07-23T16:00:39.889,100.8929,5.5447,8.2842
2026-07-23T16:00:39.914,100.8955,5.5251,8.3821
2026-07-23T16:00:39.927,100.9234,5.4272,8.3234
2026-07-23T16:00:39.927,100.9244,5.4664,8.2451
2026-07-23T16:00:39.944,100.9244,5.4859,8.3234
2026-07-23T16:00:39.952,100.949,5.5251,8.3821
2026-07-23T16:00:39.969,100.949,5.5447,8.4017
2026-07-23T16:00:39.975,100.949,5.5838,8.4605
2026-07-23T16:00:39.984,100.9649,5.5643,8.4605
2026-07-23T16:00:40.000,100.9836,5.7013,8.48
2026-07-23T16:00:40.000,100.9836,5.5643,8.4409
2026-07-23T16:00:40.000,100.9836,5.7209,8.4605
2026-07-23T16:00:40.031,101.0194,5.5838,8.4605
2026-07-23T16:00:40.031,101.0194,5.8384,8.4605
2026-07-23T16:00:40.034,101.0279,5.5447,8.4996
2026-07-23T16:00:40.063,101.0437,5.7797,8.6171
2026-07-23T16:00:40.063,101.0437,5.6426,8.6758
2026-07-23T16:00:40.076,101.0595,5.8776,8.6954
2026-07-23T16:00:40.082,101.0751,5.6426,8.6367
2026-07-23T16:00:40.094,101.0908,5.8188,8.6954
2026-07-23T16:00:40.094,101.0929,5.8776,8.6954
2026-07-23T16:00:40.110,101.0974,5.858,8.7737
2026-07-23T16:00:40.126,101.1235,5.8384,8.7933
2026-07-23T16:00:40.126,101.1235,5.8971,8.8325
2026-07-23T16:00:40.144,101.1235,5.858,8.8912
2026-07-23T16:00:40.148,101.154,5.9167,8.8912
2026-07-23T16:00:40.162,101.1595,5.9559,8.95
2026-07-23T16:00:40.174,101.1639,6.0342,8.9696
2026-07-23T16:00:40.182,101.192,5.9755,8.9696
2026-07-23T16:00:40.189,101.1974,5.995,8.8717
2026-07-23T16:00:40.205,101.2013,5.9167,8.9304
2026-07-23T16:00:40.218,101.2084,6.0342,8.8521
2026-07-23T16:00:40.220,101.2256,5.9363,8.8325
2026-07-23T16:00:40.236,101.2336,6.0929,8.9304
2026-07-23T16:00:40.243,101.2409,5.9559,8.95
2026-07-23T16:00:40.259,101.2409,6.1125,8.9108
2026-07-23T16:00:40.262,101.2409,5.9755,8.9696
2026-07-23T16:00:40.276,101.2698,6.1321,8.8912
2026-07-23T16:00:40.284,101.2757,5.9363,8.8912
2026-07-23T16:00:40.292,101.2796,6.1321,8.9108
2026-07-23T16:00:40.304,101.2972,5.9755,8.8912
2026-07-23T16:00:40.315,101.2972,6.1321,8.9304
2026-07-23T16:00:40.326,101.3109,5.9755,8.9304
2026-07-23T16:00:40.332,101.3171,6.0146,8.9696
2026-07-23T16:00:40.332,101.3392,6.0146,8.95
2026-07-23T16:00:40.348,101.3439,6.0342,8.9891
2026-07-23T16:00:40.362,101.3439,6.0734,8.95
2026-07-23T16:00:40.377,101.3732,6.0734,9.0283
2026-07-23T16:00:40.383,101.3732,6.0342,9.0087
2026-07-23T16:00:40.395,101.3851,6.0146,9.0283
2026-07-23T16:00:40.395,101.3851,6.0342,9.0479
2026-07-23T16:00:40.415,101.4045,6.0146,9.0479
2026-07-23T16:00:40.424,101.4045,6.0734,9.0675
2026-07-23T16:00:40.439,101.4247,6.0929,9.0479
2026-07-23T16:00:40.442,101.4558,6.0538,9.0675
2026-07-23T16:00:40.455,101.4558,6.1517,9.0479
2026-07-23T16:00:40.455,101.4675,5.9755,9.0479
2026-07-23T16:00:40.477,101.4707,6.0734,9.0087
2026-07-23T16:00:40.497,101.5033,5.9755,9.0087
2026-07-23T16:00:40.497,101.5053,6.0538,8.9304
2026-07-23T16:00:40.507,101.5093,5.8776,8.9108
2026-07-23T16:00:40.515,101.5113,6.0929,8.9304
2026-07-23T16:00:40.522,101.5151,5.858,8.8325
2026-07-23T16:00:40.548,101.5459,6.0342,8.8129
2026-07-23T16:00:40.548,101.5491,5.9167,8.9304
2026-07-23T16:00:40.556,101.5518,5.9755,8.8521
2026-07-23T16:00:40.566,101.5593,6.0146,8.8717
2026-07-23T16:00:40.591,101.5956,5.995,8.8912
2026-07-23T16:00:40.597,101.5971,6.0146,8.8521
2026-07-23T16:00:40.597,101.5997,5.9755,8.9108
2026-07-23T16:00:40.610,101.604,6.0146,8.9108
2026-07-23T16:00:40.612,101.6116,5.9363,8.8325
2026-07-23T16:00:40.639,101.6446,5.9559,8.8129
2026-07-23T16:00:40.639,101.6493,5.8776,8.7737
2026-07-23T16:00:40.644,101.6508,5.9363,8.8521
2026-07-23T16:00:40.655,101.6564,5.9363,8.7542
2026-07-23T16:00:40.662,101.6564,5.9167,8.8521
2026-07-23T16:00:40.691,101.6972,5.9559,8.7933
2026-07-23T16:00:40.693,101.6972,5.858,8.7933
2026-07-23T16:00:40.693,101.6992,6.0342,8.8521
2026-07-23T16:00:40.707,101.7047,5.8971,8.7542
2026-07-23T16:00:40.715,101.7099,6.0146,8.8325
2026-07-23T16:00:40.742,101.7407,5.9167,8.8325
2026-07-23T16:00:40.742,101.7407,6.1321,8.8521
2026-07-23T16:00:40.745,101.7407,5.9559,8.9304
2026-07-23T16:00:40.756,101.7518,6.1125,8.9891
2026-07-23T16:00:40.764,101.7576,5.8971,8.9304
2026-07-23T16:00:40.775,101.7833,6.1321,8.95
2026-07-23T16:00:40.792,101.7833,5.995,8.9108
2026-07-23T16:00:40.792,101.7947,6.0146,9.0283
2026-07-23T16:00:40.803,101.7996,6.0734,8.95
2026-07-23T16:00:40.818,101.8327,6.0734,9.0283
2026-07-23T16:00:40.834,101.8327,6.0146,8.9108
2026-07-23T16:00:40.834,101.8327,6.1125,8.9891
2026-07-23T16:00:40.845,101.841,6.0929,9.1066
2026-07-23T16:00:40.850,101.841,6.0734,9.0087
2026-07-23T16:00:40.866,101.8784,6.0538,9.0087
2026-07-23T16:00:40.868,101.8821,6.0146,9.0479
2026-07-23T16:00:40.883,101.885,6.1125,9.087
2026-07-23T16:00:40.892,101.8907,6.1517,9.0479
2026-07-23T16:00:40.906,101.9255,6.1125,9.087
2026-07-23T16:00:40.915,101.9308,6.0929,9.087
2026-07-23T16:00:40.928,101.9328,6.0929,9.2045
2026-07-23T16:00:40.936,101.9372,6.2104,9.087
2026-07-23T16:00:40.941,101.9414,6.0538,9.1849
2026-07-23T16:00:40.957,101.9807,6.1517,9.1066
2026-07-23T16:00:40.961,101.9888,6.0342,9.087
2026-07-23T16:00:40.961,101.9888,6.1713,9.087
2026-07-23T16:00:40.987,101.9972,6.0146,9.1262
2026-07-23T16:00:40.996,101.9992,6.1713,9.1458
2026-07-23T16:00:41.008,102.0393,6.1321,9.1849
2026-07-23T16:00:41.017,102.0393,6.1125,9.2437
2026-07-23T16:00:41.025,102.0393,6.0929,9.2045
2026-07-23T16:00:41.038,102.0453,6.0342,9.1849
2026-07-23T16:00:41.054,102.0519,6.1517,9.2437
2026-07-23T16:00:41.054,102.0519,6.0734,9.3024
2026-07-23T16:00:41.064,102.0985,6.1517,9.2633
2026-07-23T16:00:41.083,102.0985,6.0929,9.3024
2026-07-23T16:00:41.087,102.0985,6.1125,9.4395
2026-07-23T16:00:41.096,102.1143,6.0734,9.3808
2026-07-23T16:00:41.103,102.1192,6.2104,9.4787
2026-07-23T16:00:41.111,102.1575,6.1321,9.4395
2026-07-23T16:00:41.135,102.1639,6.2496,9.557
2026-07-23T16:00:41.135,102.166,6.23,9.5178
2026-07-23T16:00:41.135,102.166,6.2104,9.5766
2026-07-23T16:00:41.149,102.1707,6.2888,9.5374
2026-07-23T16:00:41.165,102.1785,6.1713,9.557
2026-07-23T16:00:41.172,102.1842,6.3083,9.4199
2026-07-23T16:00:41.202,102.2327,6.23,9.4982
2026-07-23T16:00:41.202,102.2327,6.3475,9.5178
2026-07-23T16:00:41.202,102.2347,6.1713,9.5178
2026-07-23T16:00:41.215,102.2422,6.2496,9.6353
2026-07-23T16:00:41.226,102.2447,6.2496,9.6549
2026-07-23T16:00:41.235,102.2544,6.3083,9.694
2026-07-23T16:00:41.252,102.3043,6.3279,9.7332
2026-07-23T16:00:41.277,102.3043,6.3671,9.8311
2026-07-23T16:00:41.277,102.3043,6.3671,9.7919
2026-07-23T16:00:41.277,102.3043,6.3083,9.9094
2026-07-23T16:00:41.286,102.311,6.4062,9.8899
2026-07-23T16:00:41.295,102.3182,6.3279,9.9094
2026-07-23T16:00:41.305,102.3203,6.4258,9.9094
2026-07-23T16:00:41.315,102.3642,6.3867,9.8703
2026-07-23T16:00:41.339,102.3684,6.5237,9.9682
2026-07-23T16:00:41.348,102.3718,6.4062,9.9878
2026-07-23T16:00:41.348,102.3718,6.5433,10.0857
2026-07-23T16:00:41.355,102.3772,6.4454,10.1052
2026-07-23T16:00:41.369,102.3815,6.4846,10.1444
2026-07-23T16:00:41.376,102.3836,6.5825,10.1444
2026-07-23T16:00:41.403,102.4288,6.4846,10.2031
2026-07-23T16:00:41.403,102.4337,6.6804,10.1836
2026-07-23T16:00:41.403,102.4337,6.7195,10.3598
2026-07-23T16:00:41.418,102.4401,6.7783,10.4773
2026-07-23T16:00:41.428,102.4463,6.8174,10.5556
2026-07-23T16:00:41.434,102.4478,6.9349,10.5948
2026-07-23T16:00:41.443,102.4962,6.8566,10.6535
2026-07-23T16:00:41.467,102.5028,6.9937,10.6535
2026-07-23T16:00:41.467,102.5069,6.9937,10.6339
2026-07-23T16:00:41.467,102.5069,6.9937,10.6143
2026-07-23T16:00:41.485,102.5116,7.0524,10.5752
2026-07-23T16:00:41.497,102.518,6.9741,10.5556
2026-07-23T16:00:41.499,102.522,6.9937,10.4773
2026-07-23T16:00:41.524,102.5736,6.837,10.5556
2026-07-23T16:00:41.524,102.5736,7.0328,10.5164
2026-07-23T16:00:41.536,102.5791,6.8566,10.4185
2026-07-23T16:00:41.536,102.5791,7.0132,10.4381
2026-07-23T16:00:41.554,102.5791,6.9153,10.4185
2026-07-23T16:00:41.573,102.5913,6.9545,10.4381
2026-07-23T16:00:41.581,102.5973,6.837,10.399
2026-07-23T16:00:41.584,102.6379,6.9741,10.3794
2026-07-23T16:00:41.609,102.6431,6.9349,10.301
2026-07-23T16:00:41.619,102.6431,6.9349,10.3794
2026-07-23T16:00:41.619,102.6431,6.9741,10.301
2026-07-23T16:00:41.624,102.653,6.8958,10.3794
2026-07-23T16:00:41.630,102.6535,6.9937,10.399
2026-07-23T16:00:41.642,102.6535,6.8958,10.4381
2026-07-23T16:00:41.672,102.701,6.9153,10.3402
2026-07-23T16:00:41.681,102.701,6.8958,10.3402
2026-07-23T16:00:41.681,102.7134,6.8762,10.3598
2026-07-23T16:00:41.688,102.7162,6.8174,10.301
2026-07-23T16:00:41.694,102.7193,6.8174,10.301
2026-07-23T16:00:41.704,102.7305,6.8762,10.2619
2026-07-23T16:00:41.718,102.7338,6.8174,10.301
2026-07-23T16:00:41.720,102.7698,6.9153,10.3206
2026-07-23T16:00:41.751,102.7698,6.7979,10.3402
2026-07-23T16:00:41.751,102.7762,6.8762,10.2031
2026-07-23T16:00:41.752,102.7772,6.7391,10.2815
2026-07-23T16:00:41.767,102.7817,6.9153,10.1444
2026-07-23T16:00:41.785,102.7842,6.6412,10.164
2026-07-23T16:00:41.785,102.7842,6.7979,10.2227
2026-07-23T16:00:41.794,102.8187,6.6412,10.1248
2026-07-23T16:00:41.815,102.8278,6.8174,10.1444
2026-07-23T16:00:41.815,102.8306,6.7195,10.1248
2026-07-23T16:00:41.821,102.8334,6.7783,10.164
2026-07-23T16:00:41.835,102.844,6.6412,10.0661
2026-07-23T16:00:41.842,102.8833,6.6804,10.1444
2026-07-23T16:00:41.869,102.892,6.7195,10.0465
2026-07-23T16:00:41.869,102.892,6.6999,10.1248
2026-07-23T16:00:41.881,102.8961,6.7195,10.0465
2026-07-23T16:00:41.890,102.9024,6.6999,10.0465
2026-07-23T16:00:41.895,102.9071,6.7195,10.1052
2026-07-23T16:00:41.903,103.0101,6.6608,10.0661
2026-07-23T16:00:41.925,103.0149,6.7391,10.1248
2026-07-23T16:00:41.925,103.0159,6.6412,10.1052
2026-07-23T16:00:41.934,103.0159,6.6412,10.1052
2026-07-23T16:00:41.947,103.0217,6.602,10.0661
2026-07-23T16:00:41.958,103.0258,6.5629,10.0857
2026-07-23T16:00:41.964,103.062,6.6412,10.0465
2026-07-23T16:00:42.051,103.0688,6.5041,10.1248
2026-07-23T16:00:42.051,103.0688,6.6608,10.0661
2026-07-23T16:00:42.051,103.0688,6.4454,10.1444
2026-07-23T16:00:42.051,103.0688,6.7195,10.0857
2026-07-23T16:00:42.051,103.0688,6.5629,10.1248
2026-07-23T16:00:42.051,103.0688,6.7195,10.164
2026-07-23T16:00:42.051,103.0688,6.602,10.1836
2026-07-23T16:00:42.051,103.0688,6.7783,10.2815
2026-07-23T16:00:42.051,103.0688,6.6412,10.2031
2026-07-23T16:00:42.061,103.0816,6.7979,10.2423
2026-07-23T16:00:42.077,103.0884,6.7391,10.2227
2026-07-23T16:00:42.098,103.1264,6.7783,10.3206
2026-07-23T16:00:42.098,103.1307,6.7783,10.1836
2026-07-23T16:00:42.103,103.1334,6.7979,10.301
2026-07-23T16:00:42.113,103.1369,6.7979,10.2227
2026-07-23T16:00:42.120,103.145,6.837,10.3206
2026-07-23T16:00:42.139,103.1501,6.8566,10.301
2026-07-23T16:00:42.146,103.1879,6.8174,10.301
2026-07-23T16:00:42.163,103.1916,6.8762,10.3402
2026-07-23T16:00:42.163,103.1942,6.9349,10.301
2026-07-23T16:00:42.163,103.1973,6.7979,10.399
2026-07-23T16:00:42.181,103.1991,6.8566,10.2619
2026-07-23T16:00:42.196,103.2087,6.7587,10.3402
2026-07-23T16:00:42.205,103.2134,6.9545,10.2227
2026-07-23T16:00:42.215,103.2493,6.7195,10.301
2026-07-23T16:00:42.230,103.2531,6.8958,10.2227
2026-07-23T16:00:42.242,103.2558,6.7195,10.2619
2026-07-23T16:00:42.245,103.2621,6.8958,10.3206
2026-07-23T16:00:42.260,103.2691,6.7587,10.3598
2026-07-23T16:00:42.265,103.2691,6.9741,10.3402
2026-07-23T16:00:42.288,103.3091,6.8566,10.3598
2026-07-23T16:00:42.288,103.3091,7.0524,10.3598
2026-07-23T16:00:42.303,103.3153,6.8566,10.399
2026-07-23T16:00:42.307,103.317,7.0916,10.4773
2026-07-23T16:00:42.313,103.3251,7.0132,10.4185
2026-07-23T16:00:42.320,103.3657,6.9741,10.4969
2026-07-23T16:00:42.333,103.3696,6.9153,10.3206
2026-07-23T16:00:42.352,103.3751,6.9349,10.3402
2026-07-23T16:00:42.352,103.3751,6.837,10.2619
2026-07-23T16:00:42.360,103.3794,6.8762,10.2815
2026-07-23T16:00:42.376,103.3794,6.8174,10.2815
2026-07-23T16:00:42.385,103.389,6.9741,10.2423
2026-07-23T16:00:42.412,103.4238,6.8762,10.4185
2026-07-23T16:00:42.412,103.4238,6.9349,10.2227
2026-07-23T16:00:42.415,103.4266,6.8762,10.399
2026-07-23T16:00:42.426,103.4327,7.0524,10.3598
2026-07-23T16:00:42.430,103.4385,6.8762,10.399
2026-07-23T16:00:42.461,103.4754,7.0328,10.3206
2026-07-23T16:00:42.461,103.4754,6.8566,10.3206
2026-07-23T16:00:42.461,103.4754,7.0132,10.3402
2026-07-23T16:00:42.477,103.4865,6.7783,10.3206
2026-07-23T16:00:42.493,103.4936,7.0524,10.3598
2026-07-23T16:00:42.497,103.4936,6.9545,10.3794
2026-07-23T16:00:42.509,103.5307,7.0916,10.4969
2026-07-23T16:00:42.515,103.5376,6.8566,10.4381
2026-07-23T16:00:42.515,103.5376,7.072,10.399
2026-07-23T16:00:42.537,103.5468,6.8762,10.4185
2026-07-23T16:00:42.544,103.5494,7.0328,10.536
2026-07-23T16:00:42.559,103.5817,7.0328,10.4381
2026-07-23T16:00:42.572,103.5875,7.1111,10.5164
2026-07-23T16:00:42.572,103.5875,7.072,10.4185
2026-07-23T16:00:42.588,103.5935,6.9937,10.4381
2026-07-23T16:00:42.600,103.5975,6.9545,10.4773
2026-07-23T16:00:42.604,103.6369,7.0524,10.4773
2026-07-23T16:00:42.620,103.641,7.0132,10.4969
2026-07-23T16:00:42.620,103.641,7.072,10.4577
2026-07-23T16:00:42.638,103.6487,7.072,10.5164
2026-07-23T16:00:42.652,103.6529,7.1699,10.4969
2026-07-23T16:00:42.652,103.6807,7.0132,10.5556
2026-07-23T16:00:42.675,103.6807,7.1111,10.5752
2026-07-23T16:00:42.675,103.6807,7.0132,10.5948
2026-07-23T16:00:42.681,103.6911,7.209,10.5752
2026-07-23T16:00:42.700,103.6955,6.9741,10.5752
2026-07-23T16:00:42.704,103.6995,7.2286,10.4969
2026-07-23T16:00:42.731,103.7362,7.072,10.5164
2026-07-23T16:00:42.731,103.7362,7.2286,10.4773
2026-07-23T16:00:42.731,103.74,7.072,10.5752
2026-07-23T16:00:42.750,103.7476,7.2874,10.5556
2026-07-23T16:00:42.754,103.7516,7.1503,10.5752
2026-07-23T16:00:42.765,103.7781,7.3461,10.7122
2026-07-23T16:00:42.778,103.7872,7.2678,10.6927
2026-07-23T16:00:42.787,103.7922,7.4049,10.7318
2026-07-23T16:00:42.800,103.7999,7.307,10.771
2026-07-23T16:00:42.806,103.8307,7.3853,10.8297
2026-07-23T16:00:42.815,103.8343,7.3853,10.8101
2026-07-23T16:00:42.829,103.8377,7.4049,10.8885
2026-07-23T16:00:42.841,103.842,7.3853,10.8689
2026-07-23T16:00:42.855,103.8461,7.5419,10.8885
2026-07-23T16:00:42.855,103.8481,7.5028,10.9864
2026-07-23T16:00:42.882,103.8836,7.5419,11.1039
2026-07-23T16:00:42.882,103.8851,7.6202,11.1626
2026-07-23T16:00:42.885,103.8851,7.6986,11.1822
2026-07-23T16:00:42.897,103.8851,7.6202,11.1626
2026-07-23T16:00:42.907,103.9326,7.7181,11.0451
2026-07-23T16:00:42.923,103.9342,7.6202,11.0647
2026-07-23T16:00:42.923,103.9342,7.7573,11.0255
2026-07-23T16:00:42.936,103.9425,7.5419,11.0451
2026-07-23T16:00:42.936,103.945,7.7769,11.006
2026-07-23T16:00:42.952,103.945,7.5419,11.0843
2026-07-23T16:00:42.969,103.9641,7.7965,11.006
2026-07-23T16:00:42.969,103.9799,7.5615,10.9864
2026-07-23T16:00:42.985,103.9834,7.7965,11.006
2026-07-23T16:00:42.996,103.9885,7.5615,10.9864
2026-07-23T16:00:43.015,104.0308,7.7965,11.0843
2026-07-23T16:00:43.015,104.0343,7.5419,11.0451
2026-07-23T16:00:43.031,104.0404,7.7377,11.1039
2026-07-23T16:00:43.039,104.0485,7.5615,11.0843
2026-07-23T16:00:43.046,104.0533,7.679,11.0255
2026-07-23T16:00:43.055,104.0902,7.6007,10.9276
2026-07-23T16:00:43.062,104.0902,7.6202,10.9864
2026-07-23T16:00:43.062,104.0902,7.5811,10.9276
2026-07-23T16:00:43.089,104.0975,7.6202,10.9472
2026-07-23T16:00:43.099,104.0996,7.5419,10.9276
2026-07-23T16:00:43.104,104.1041,7.5615,10.8493
2026-07-23T16:00:43.125,104.1382,7.5419,10.8297
2026-07-23T16:00:43.125,104.1382,7.4832,10.771
2026-07-23T16:00:43.129,104.1426,7.4636,10.8101
2026-07-23T16:00:43.150,104.1451,7.4049,10.7514
2026-07-23T16:00:43.157,104.1491,7.3265,10.7906
2026-07-23T16:00:43.165,104.1873,7.4832,10.771
2026-07-23T16:00:43.185,104.1873,7.307,10.771
2026-07-23T16:00:43.185,104.1873,7.5028,10.7514
2026-07-23T16:00:43.196,104.1952,7.3657,10.7906
2026-07-23T16:00:43.204,104.2325,7.5615,10.7514
2026-07-23T16:00:43.220,104.237,7.3657,10.8493
2026-07-23T16:00:43.220,104.237,7.5419,10.8101
2026-07-23T16:00:43.238,104.237,7.444,10.7906
2026-07-23T16:00:43.248,104.2495,7.5223,10.8297
2026-07-23T16:00:43.282,104.2885,7.4049,10.8101
2026-07-23T16:00:43.282,104.293,7.6007,10.8493
2026-07-23T16:00:43.282,104.293,7.4636,10.7906
2026-07-23T16:00:43.288,104.2975,7.5419,10.8885
2026-07-23T16:00:43.300,104.2995,7.5615,10.8297
2026-07-23T16:00:43.304,104.3382,7.6007,10.9864
2026-07-23T16:00:43.334,104.343,7.5419,10.8689
2026-07-23T16:00:43.334,104.343,7.679,10.8885
2026-07-23T16:00:43.334,104.343,7.6202,10.8493
2026-07-23T16:00:43.350,104.3497,7.5615,10.8885
2026-07-23T16:00:43.355,104.3535,7.5028,10.908
2026-07-23T16:00:43.378,104.3927,7.4832,10.908
2026-07-23T16:00:43.385,104.3927,7.4049,10.8689
2026-07-23T16:00:43.389,104.3927,7.444,10.771
2026-07-23T16:00:43.394,104.3995,7.3853,10.8297
2026-07-23T16:00:43.404,104.4094,7.5028,10.8493
2026-07-23T16:00:43.425,104.4455,7.3461,10.8689
2026-07-23T16:00:43.425,104.4503,7.5223,10.908
2026-07-23T16:00:43.425,104.4503,7.3853,10.9276
2026-07-23T16:00:43.443,104.4578,7.5028,10.8493
2026-07-23T16:00:43.460,104.464,7.3657,10.908
2026-07-23T16:00:43.460,104.4699,7.5615,10.8689
2026-07-23T16:00:43.479,104.4976,7.444,10.8493
2026-07-23T16:00:43.489,104.5013,7.5223,10.908
2026-07-23T16:00:43.496,104.5024,7.2874,10.9276
2026-07-23T16:00:43.509,104.5024,7.4832,10.9668
2026-07-23T16:00:43.521,104.5024,7.307,10.9864
2026-07-23T16:00:43.521,104.5349,7.4832,10.9472
2026-07-23T16:00:43.538,104.5434,7.3461,10.8689
2026-07-23T16:00:43.548,104.5434,7.4636,10.9668
2026-07-23T16:00:43.553,104.5507,7.4244,10.908
2026-07-23T16:00:43.553,104.5507,7.3853,11.0255
2026-07-23T16:00:43.586,104.5799,7.4049,10.8885
2026-07-23T16:00:43.586,104.59,7.444,11.006
2026-07-23T16:00:43.594,104.59,7.3853,10.9864
2026-07-23T16:00:43.602,104.5972,7.4636,11.0647
2026-07-23T16:00:43.631,104.6308,7.4244,11.0255
2026-07-23T16:00:43.631,104.6308,7.4636,10.9864
2026-07-23T16:00:43.641,104.6308,7.444,11.0647
2026-07-23T16:00:43.648,104.6368,7.5028,11.0451
2026-07-23T16:00:43.648,104.6643,7.444,11.1039
2026-07-23T16:00:43.663,104.6743,7.4244,11.0255
2026-07-23T16:00:43.663,104.6743,7.3657,11.0451
2026-07-23T16:00:43.692,104.6743,7.5223,11.0647
2026-07-23T16:00:43.694,104.6856,7.3657,11.0647
2026-07-23T16:00:43.715,104.7073,7.5419,11.2018
2026-07-23T16:00:43.715,104.7073,7.3657,11.2018
2026-07-23T16:00:43.725,104.7223,7.5419,11.2213
2026-07-23T16:00:43.736,104.7223,7.4244,11.2018
2026-07-23T16:00:43.748,104.753,7.5811,11.2018
2026-07-23T16:00:43.758,104.753,7.3853,11.1822
2026-07-23T16:00:43.758,104.7611,7.5811,11.143
2026-07-23T16:00:43.776,104.7641,7.4049,11.1039
2026-07-23T16:00:43.802,104.8016,7.4636,11.1234
2026-07-23T16:00:43.802,104.8021,7.4636,11.1626
2026-07-23T16:00:43.815,104.8062,7.4636,11.2018
2026-07-23T16:00:43.820,104.8062,7.5615,11.2018
2026-07-23T16:00:43.830,104.8354,7.4832,11.2997
2026-07-23T16:00:43.836,104.8354,7.444,11.2801
2026-07-23T16:00:43.836,104.8354,7.5419,11.2605
2026-07-23T16:00:43.857,104.8486,7.5615,11.378
2026-07-23T16:00:43.872,104.8809,7.6007,11.378
2026-07-23T16:00:43.872,104.8809,7.6007,11.4759
2026-07-23T16:00:43.886,104.8948,7.6594,11.4759
2026-07-23T16:00:43.886,104.8973,7.6398,11.5542
2026-07-23T16:00:43.902,104.9361,7.7377,11.6521
2026-07-23T16:00:43.915,104.9395,7.5615,11.7304
2026-07-23T16:00:43.921,104.9417,7.7181,11.7304
2026-07-23T16:00:43.946,104.9461,7.6594,11.8088
2026-07-23T16:00:43.948,104.9518,7.8161,11.9458
2026-07-23T16:00:43.955,104.9518,7.6594,11.9458
2026-07-23T16:00:43.963,104.9877,7.8161,12.0437
2026-07-23T16:00:43.981,104.9906,7.7965,12.1612
2026-07-23T16:00:43.987,104.9931,7.9335,12.1025
2026-07-23T16:00:44.000,104.9976,7.7965,12.0829
2026-07-23T16:00:44.003,105.0014,7.9923,12.1025
2026-07-23T16:00:44.027,105.0379,7.8944,12.1025
2026-07-23T16:00:44.027,105.0379,7.9923,12.1612
2026-07-23T16:00:44.027,105.0444,7.9531,12.1612
2026-07-23T16:00:44.048,105.0498,8.0119,12.2591
2026-07-23T16:00:44.052,105.055,8.1098,12.2004
2026-07-23T16:00:44.073,105.0942,8.1685,12.4353
2026-07-23T16:00:44.082,105.0962,8.2468,12.4549
2026-07-23T16:00:44.089,105.1035,8.3056,12.6703
2026-07-23T16:00:44.101,105.1035,8.286,12.7291
2026-07-23T16:00:44.106,105.1126,8.3447,12.7291
2026-07-23T16:00:44.130,105.1502,8.3447,12.7486
2026-07-23T16:00:44.136,105.1502,8.3056,12.6703
2026-07-23T16:00:44.136,105.1527,8.286,12.7095
2026-07-23T16:00:44.145,105.1554,8.4818,12.7682
2026-07-23T16:00:44.154,105.164,8.4231,12.9053
2026-07-23T16:00:44.167,105.1651,8.4818,12.8661
2026-07-23T16:00:44.187,105.1976,8.3643,12.9836
2026-07-23T16:00:44.187,105.1976,8.521,12.9249
2026-07-23T16:00:44.187,105.1976,8.3056,12.827
2026-07-23T16:00:44.206,105.2131,8.4818,12.964
2026-07-23T16:00:44.216,105.2178,8.3643,12.7095
2026-07-23T16:00:44.231,105.2585,8.5405,12.7291
2026-07-23T16:00:44.246,105.2585,8.2468,12.6703
2026-07-23T16:00:44.248,105.2585,8.3447,12.6312
2026-07-23T16:00:44.248,105.2642,8.2272,12.5333
2026-07-23T16:00:44.269,105.2717,8.2468,12.5724
2026-07-23T16:00:44.279,105.3059,8.2664,12.5137
2026-07-23T16:00:44.282,105.3115,8.286,12.5528
2026-07-23T16:00:44.295,105.3115,8.3252,12.5724
2026-07-23T16:00:44.309,105.3215,8.2468,12.5724
2026-07-23T16:00:44.315,105.3215,8.2664,12.5724
2026-07-23T16:00:44.325,105.3264,8.286,12.5333
2026-07-23T16:00:44.341,105.3533,8.2664,12.592
2026-07-23T16:00:44.348,105.364,8.1685,12.592
2026-07-23T16:00:44.362,105.364,8.2272,12.592
2026-07-23T16:00:44.372,105.369,8.1685,12.5333
2026-07-23T16:00:44.380,105.3747,8.1489,12.6116
2026-07-23T16:00:44.391,105.4046,8.2664,12.592
2026-07-23T16:00:44.391,105.4046,8.1489,12.592
2026-07-23T16:00:44.404,105.4046,8.3447,12.5528
2026-07-23T16:00:44.415,105.4161,8.1685,12.5333
2026-07-23T16:00:44.425,105.4161,8.3839,12.592
2026-07-23T16:00:44.440,105.449,8.1685,12.5528
2026-07-23T16:00:44.451,105.4539,8.3839,12.6312
2026-07-23T16:00:44.455,105.4539,8.2272,12.592
2026-07-23T16:00:44.465,105.4585,8.3643,12.592
2026-07-23T16:00:44.497,105.4976,8.2468,12.5724
2026-07-23T16:00:44.497,105.4976,8.3447,12.827
2026-07-23T16:00:44.500,105.4976,8.3252,12.4353
2026-07-23T16:00:44.509,105.4976,8.3839,12.4745
2026-07-23T16:00:44.515,105.5358,8.286,12.3962
2026-07-23T16:00:44.525,105.5358,8.2664,12.4549
2026-07-23T16:00:44.539,105.5415,8.2468,12.4745
2026-07-23T16:00:44.547,105.543,8.2468,12.4549
2026-07-23T16:00:44.560,105.543,8.2468,12.4745
2026-07-23T16:00:44.578,105.5815,8.2468,12.5333
2026-07-23T16:00:44.582,105.5815,8.3839,12.4941
2026-07-23T16:00:44.587,105.5858,8.3056,12.6312
2026-07-23T16:00:44.594,105.5942,8.3252,12.6703
2026-07-23T16:00:44.613,105.6218,8.2468,12.7095
2026-07-23T16:00:44.625,105.631,8.2664,12.7291
2026-07-23T16:00:44.625,105.631,8.3839,12.6312
2026-07-23T16:00:44.645,105.6376,8.3252,12.7682
2026-07-23T16:00:44.645,105.6376,8.4035,12.6507
2026-07-23T16:00:44.659,105.6767,8.2468,12.7291
2026-07-23T16:00:44.673,105.6808,8.4035,12.6899
2026-07-23T16:00:44.673,105.6808,8.286,12.7682
2026-07-23T16:00:44.688,105.6871,8.3447,12.7486
2026-07-23T16:00:44.688,105.69,8.3056,12.827
2026-07-23T16:00:44.706,105.727,8.4231,12.827
2026-07-23T16:00:44.720,105.7291,8.4818,12.7682
2026-07-23T16:00:44.730,105.7326,8.3839,12.8465
2026-07-23T16:00:44.738,105.7362,8.4231,12.8465
2026-07-23T16:00:44.748,105.7742,8.4231,12.9053
2026-07-23T16:00:44.754,105.7748,8.4818,12.7486
2026-07-23T16:00:44.769,105.7748,8.3839,12.8661
2026-07-23T16:00:44.780,105.782,8.4818,12.8857
2026-07-23T16:00:44.787,105.782,8.4426,12.9249
2026-07-23T16:00:44.803,105.8217,8.521,12.9053
2026-07-23T16:00:44.806,105.8295,8.4231,12.964
2026-07-23T16:00:44.819,105.831,8.5601,12.9836
2026-07-23T16:00:44.826,105.831,8.4426,12.9836
2026-07-23T16:00:44.833,105.836,8.5797,12.964
2026-07-23T16:00:44.843,105.8748,8.4622,12.9249
2026-07-23T16:00:44.854,105.8814,8.5014,12.9836
2026-07-23T16:00:44.872,105.8814,8.4818,12.9249
2026-07-23T16:00:44.880,105.8909,8.4035,12.964
2026-07-23T16:00:44.887,105.8976,8.4426,12.827
2026-07-23T16:00:44.896,105.9001,8.3839,12.8857
2026-07-23T16:00:44.906,105.9361,8.3839,12.8465
2026-07-23T16:00:44.926,105.9412,8.4231,12.8074
2026-07-23T16:00:44.926,105.9412,8.3447,12.8074
2026-07-23T16:00:44.942,105.9492,8.3839,12.827
2026-07-23T16:00:44.948,105.9492,8.4426,12.964
2026-07-23T16:00:44.958,105.9859,8.4818,12.964
2026-07-23T16:00:44.976,105.9888,8.4818,12.9836
2026-07-23T16:00:44.976,105.9888,8.4818,13.0032
2026-07-23T16:00:44.987,105.9943,8.4231,13.0228
2026-07-23T16:00:45.000,105.9975,8.4426,12.964
2026-07-23T16:00:45.007,106.003,8.3839,12.9444
2026-07-23T16:00:45.021,106.0364,8.4818,12.9053
2026-07-23T16:00:45.040,106.0457,8.3643,13.0619
2026-07-23T16:00:45.040,106.0479,8.4426,13.0424
2026-07-23T16:00:45.054,106.0515,8.3839,13.1403
2026-07-23T16:00:45.054,106.0907,8.5405,13.1794
2026-07-23T16:00:45.071,106.0934,8.4426,13.199
2026-07-23T16:00:45.084,106.0974,8.521,13.2773
2026-07-23T16:00:45.087,106.0974,8.4231,13.3361
2026-07-23T16:00:45.099,106.1073,8.5601,13.434
2026-07-23T16:00:45.110,106.1093,8.4818,13.434
2026-07-23T16:00:45.116,106.1453,8.5797,13.571
2026-07-23T16:00:45.133,106.1453,8.7168,13.5906
2026-07-23T16:00:45.133,106.1453,8.6972,13.7473
2026-07-23T16:00:45.148,106.1593,8.7559,13.8843
2026-07-23T16:00:45.160,106.1593,8.6776,13.9235
2026-07-23T16:00:45.165,106.1954,8.7755,13.9822
2026-07-23T16:00:45.187,106.1975,8.6972,13.9039
2026-07-23T16:00:45.187,106.2003,8.7168,13.8256
2026-07-23T16:00:45.196,106.2026,8.6384,13.7668
2026-07-23T16:00:45.196,106.2091,8.5797,13.7864
2026-07-23T16:00:45.224,106.2531,8.5993,13.7081
2026-07-23T16:00:45.243,106.2559,8.4818,13.7473
2026-07-23T16:00:45.243,106.2569,8.6189,13.6885
2026-07-23T16:00:45.246,106.2569,8.4426,13.7081
2026-07-23T16:00:45.253,106.2642,8.5993,13.6689
2026-07-23T16:00:45.266,106.2702,8.4622,13.7081
2026-07-23T16:00:45.292,106.305,8.5797,13.6885
2026-07-23T16:00:45.292,106.305,8.4818,13.7668
2026-07-23T16:00:45.292,106.305,8.521,13.7864
2026-07-23T16:00:45.308,106.305,8.4231,13.6689
2026-07-23T16:00:45.324,106.3165,8.5405,13.7473
2026-07-23T16:00:45.324,106.3488,8.4035,13.7081
2026-07-23T16:00:45.348,106.3488,8.4231,13.8647
2026-07-23T16:00:45.348,106.3572,8.3447,13.7277
2026-07-23T16:00:45.356,106.3572,8.4231,13.806
2026-07-23T16:00:45.368,106.3669,8.3056,13.7081
2026-07-23T16:00:45.373,106.3997,8.2468,13.7473
2026-07-23T16:00:45.400,106.4057,8.2664,13.6689
2026-07-23T16:00:45.400,106.4057,8.286,13.6689
2026-07-23T16:00:45.400,106.413,8.3447,13.7081
2026-07-23T16:00:45.418,106.415,8.3056,13.6885
2026-07-23T16:00:45.432,106.4516,8.3839,13.7081
2026-07-23T16:00:45.448,106.4516,8.4035,13.6102
2026-07-23T16:00:45.448,106.4516,8.3643,13.6494
2026-07-23T16:00:45.457,106.4612,8.4035,13.6298
2026-07-23T16:00:45.466,106.4643,8.3839,13.6885
2026-07-23T16:00:45.466,106.4938,8.4818,13.6494
2026-07-23T16:00:45.495,106.4938,8.3447,13.7864
2026-07-23T16:00:45.495,106.4975,8.4622,13.6494
2026-07-23T16:00:45.508,106.4975,8.3839,13.6689
2026-07-23T16:00:45.515,106.5078,8.5405,13.6494
2026-07-23T16:00:45.527,106.5393,8.286,13.6494
2026-07-23T16:00:45.540,106.5393,8.5014,13.6494
2026-07-23T16:00:45.548,106.5393,8.2468,13.5515
2026-07-23T16:00:45.559,106.5557,8.3447,13.6102
2026-07-23T16:00:45.559,106.5727,8.1881,13.5123
2026-07-23T16:00:45.582,106.5896,8.3252,13.6102
2026-07-23T16:00:45.582,106.5896,8.3056,13.4927
2026-07-23T16:00:45.590,106.5977,8.3252,13.5515
2026-07-23T16:00:45.606,106.5977,8.2077,13.4731
2026-07-23T16:00:45.623,106.6177,8.2077,13.4927
2026-07-23T16:00:45.623,106.6307,8.2077,13.5123
2026-07-23T16:00:45.640,106.6333,8.1293,13.434
2026-07-23T16:00:45.648,106.639,8.1293,13.4535
2026-07-23T16:00:45.668,106.6652,8.0902,13.3948
2026-07-23T16:00:45.668,106.6728,8.0706,13.434
2026-07-23T16:00:45.681,106.6728,8.0314,13.3948
2026-07-23T16:00:45.684,106.6728,8.0706,13.4731
2026-07-23T16:00:45.702,106.7093,8.0706,13.4535
2026-07-23T16:00:45.716,106.7126,8.051,13.434
2026-07-23T16:00:45.724,106.7126,8.1098,13.3752
2026-07-23T16:00:45.724,106.7126,7.9727,13.4144
2026-07-23T16:00:45.732,106.7462,8.1098,13.3361
2026-07-23T16:00:45.749,106.7558,7.8356,13.3165
2026-07-23T16:00:45.760,106.7602,7.9923,13.3165
2026-07-23T16:00:45.763,106.764,7.8552,13.434
2026-07-23T16:00:45.763,106.7666,8.0314,13.2773
2026-07-23T16:00:45.797,106.7939,7.9531,13.5123
2026-07-23T16:00:45.797,106.7939,8.1293,13.5906
2026-07-23T16:00:45.811,106.7976,8.051,13.6494
2026-07-23T16:00:45.817,106.8027,8.2077,13.6298
2026-07-23T16:00:45.832,106.8309,8.1293,13.7473
2026-07-23T16:00:45.832,106.8309,8.1881,13.7864
2026-07-23T16:00:45.848,106.8407,8.2272,13.7668
2026-07-23T16:00:45.857,106.8407,8.3056,13.9039
2026-07-23T16:00:45.859,106.8646,8.3643,13.9235
2026-07-23T16:00:45.875,106.8714,8.3447,14.041
2026-07-23T16:00:45.882,106.8714,8.3839,14.178
2026-07-23T16:00:45.892,106.9064,8.4426,14.178
2026-07-23T16:00:45.915,106.9064,8.4231,14.1976
2026-07-23T16:00:45.915,106.9064,8.4035,14.178
2026-07-23T16:00:45.922,106.9187,8.3839,14.2172
2026-07-23T16:00:45.940,106.9523,8.4231,14.1976
2026-07-23T16:00:45.954,106.9593,8.3252,14.2564
2026-07-23T16:00:45.954,106.9593,8.4231,14.2368
2026-07-23T16:00:45.957,106.9659,8.3447,14.413
2026-07-23T16:00:45.970,106.9734,8.5993,14.4717
2026-07-23T16:00:45.988,106.9978,8.4818,14.6088
2026-07-23T16:00:46.003,106.9978,8.658,14.6871
2026-07-23T16:00:46.010,107.011,8.5405,14.6676
2026-07-23T16:00:46.024,107.0135,8.658,14.6871
2026-07-23T16:00:46.032,107.0452,8.4231,14.5501
2026-07-23T16:00:46.049,107.0452,8.6384,14.5892
2026-07-23T16:00:46.049,107.0452,8.3252,14.6284
2026-07-23T16:00:46.049,107.0452,8.4818,14.6284
2026-07-23T16:00:46.064,107.0452,8.3839,14.6284
2026-07-23T16:00:46.088,107.0831,8.5797,14.6676
2026-07-23T16:00:46.088,107.0831,8.5601,14.7067
2026-07-23T16:00:46.096,107.0952,8.5993,14.785
2026-07-23T16:00:46.096,107.0997,8.658,14.8634
2026-07-23T16:00:46.115,107.1379,8.6972,14.8634
2026-07-23T16:00:46.127,107.1416,8.6189,14.9417
2026-07-23T16:00:46.134,107.1444,8.6776,15.0004
2026-07-23T16:00:46.150,107.1444,8.658,14.9417
2026-07-23T16:00:46.155,107.171,8.6384,14.9808
2026-07-23T16:00:46.179,107.171,8.5993,15.0396
2026-07-23T16:00:46.179,107.171,8.5993,14.9417
2026-07-23T16:00:46.189,107.1869,8.4426,15.02
2026-07-23T16:00:46.195,107.192,8.5993,14.8829
2026-07-23T16:00:46.195,107.223,8.4231,14.8829
2026-07-23T16:00:46.222,107.2284,8.5601,14.7655
2026-07-23T16:00:46.222,107.2284,8.3252,14.8438
2026-07-23T16:00:46.238,107.2337,8.5601,14.7263
2026-07-23T16:00:46.243,107.238,8.4231,14.785
2026-07-23T16:00:46.255,107.2658,8.6189,14.8634
2026-07-23T16:00:46.271,107.2658,8.4035,14.7263
2026-07-23T16:00:46.279,107.2748,8.5993,14.7459
2026-07-23T16:00:46.289,107.2748,8.3447,14.7263
2026-07-23T16:00:46.311,107.2976,8.5993,14.7263
2026-07-23T16:00:46.311,107.2976,8.4622,14.785
2026-07-23T16:00:46.317,107.3139,8.5405,14.785
2026-07-23T16:00:46.326,107.3139,8.4818,14.8438
2026-07-23T16:00:46.335,107.3447,8.5405,14.9025
2026-07-23T16:00:46.348,107.3607,8.4818,14.8634
2026-07-23T16:00:46.348,107.3607,8.5405,14.8634
2026-07-23T16:00:46.365,107.3674,8.5014,14.8242
2026-07-23T16:00:46.374,107.3976,8.521,14.8438
2026-07-23T16:00:46.389,107.3976,8.4231,14.8829
2026-07-23T16:00:46.396,107.407,8.4818,14.9221
2026-07-23T16:00:46.396,107.41,8.4818,14.8829
2026-07-23T16:00:46.418,107.4132,8.4818,14.8438
2026-07-23T16:00:46.427,107.4398,8.521,14.8438
2026-07-23T16:00:46.443,107.4488,8.521,14.6871
2026-07-23T16:00:46.443,107.4488,8.3447,14.648
2026-07-23T16:00:46.461,107.4555,8.5405,14.6284
2026-07-23T16:00:46.464,107.4611,8.2664,14.5501
2026-07-23T16:00:46.477,107.4903,8.4818,14.5697
2026-07-23T16:00:46.491,107.4903,8.2468,14.6284
2026-07-23T16:00:46.500,107.4979,8.5405,14.6284
2026-07-23T16:00:46.506,107.4979,8.3839,14.7459
2026-07-23T16:00:46.515,107.5188,8.5601,14.7263
2026-07-23T16:00:46.539,107.5384,8.3252,14.8242
2026-07-23T16:00:46.539,107.5384,8.5405,14.7655
2026-07-23T16:00:46.549,107.545,8.2468,14.6676
2026-07-23T16:00:46.558,107.5474,8.5014,14.6676
2026-07-23T16:00:46.558,107.574,8.2664,14.5305
2026-07-23T16:00:46.570,107.5767,8.3643,14.5892
2026-07-23T16:00:46.589,107.5833,8.2664,14.4522
2026-07-23T16:00:46.600,107.5916,8.3447,14.6284
2026-07-23T16:00:46.617,107.6189,8.4035,14.5109
2026-07-23T16:00:46.617,107.6189,8.3839,14.5305
2026-07-23T16:00:46.628,107.6243,8.3839,14.4717
2026-07-23T16:00:46.642,107.631,8.4622,14.5697
2026-07-23T16:00:46.664,107.6572,8.3839,14.5892
2026-07-23T16:00:46.664,107.6608,8.4231,14.4913
2026-07-23T16:00:46.670,107.6618,8.4231,14.5305
2026-07-23T16:00:46.682,107.6668,8.3839,14.5109
2026-07-23T16:00:46.689,107.6994,8.3252,14.5109
2026-07-23T16:00:46.696,107.7004,8.4035,14.3738
2026-07-23T16:00:46.708,107.7025,8.2664,14.4717
2026-07-23T16:00:46.718,107.7025,8.4035,14.2955
2026-07-23T16:00:46.727,107.7406,8.2077,14.3738
2026-07-23T16:00:46.743,107.7455,8.3643,14.2955
2026-07-23T16:00:46.750,107.7492,8.1489,14.4326
2026-07-23T16:00:46.761,107.7563,8.4035,14.3543
2026-07-23T16:00:46.775,107.7888,8.2077,14.3738
2026-07-23T16:00:46.782,107.7888,8.4231,14.413
2026-07-23T16:00:46.782,107.7888,8.1881,14.3934
2026-07-23T16:00:46.800,107.7974,8.3643,14.4522
2026-07-23T16:00:46.807,107.7974,8.1293,14.413
2026-07-23T16:00:46.824,107.8338,8.2468,14.4913
2026-07-23T16:00:46.833,107.8389,8.1685,14.413
2026-07-23T16:00:46.838,107.8389,8.2468,14.413
2026-07-23T16:00:46.848,107.8435,8.2468,14.4522
2026-07-23T16:00:46.854,107.8746,8.2272,14.5305
2026-07-23T16:00:46.869,107.8746,8.2468,14.4717
2026-07-23T16:00:46.875,107.8824,8.1881,14.5892
2026-07-23T16:00:46.890,107.8911,8.2272,14.5697
2026-07-23T16:00:46.894,107.8976,8.2272,14.5501
2026-07-23T16:00:46.901,107.9234,8.2077,14.5501
2026-07-23T16:00:46.917,107.9234,8.2272,14.5109
2026-07-23T16:00:46.925,107.9309,8.1489,14.6088
2026-07-23T16:00:46.942,107.941,8.1489,14.5109
2026-07-23T16:00:46.942,107.941,8.0314,14.5892
2026-07-23T16:00:46.958,107.9749,8.2272,14.4717
2026-07-23T16:00:46.964,107.9764,8.0706,14.5305
2026-07-23T16:00:46.974,107.9824,8.2272,14.4717
2026-07-23T16:00:46.990,107.9824,8.051,14.5501
2026-07-23T16:00:46.995,107.9824,8.2468,14.4326
2026-07-23T16:00:47.004,108.0145,8.1293,14.5109
2026-07-23T16:00:47.017,108.018,8.286,14.5305
2026-07-23T16:00:47.033,108.0263,8.051,14.4913
2026-07-23T16:00:47.033,108.0263,8.3252,14.648
2026-07-23T16:00:47.048,108.0568,8.2077,14.6676
2026-07-23T16:00:47.059,108.0568,8.3643,14.7067
2026-07-23T16:00:47.077,108.0635,8.1489,14.6871
2026-07-23T16:00:47.077,108.0645,8.2077,14.6871
2026-07-23T16:00:47.091,108.0936,8.2077,14.6088
2026-07-23T16:00:47.091,108.0979,8.2272,14.648
2026-07-23T16:00:47.108,108.0979,8.2077,14.648
2026-07-23T16:00:47.118,108.131,8.286,14.7263
2026-07-23T16:00:47.138,108.1364,8.286,14.6871
2026-07-23T16:00:47.138,108.1412,8.3447,14.7263
2026-07-23T16:00:47.149,108.1412,8.3056,14.6284
2026-07-23T16:00:47.158,108.1412,8.2272,14.7263
2026-07-23T16:00:47.182,108.1661,8.2468,14.7067
2026-07-23T16:00:47.182,108.1661,8.1685,14.648
2026-07-23T16:00:47.192,108.1819,8.1685,14.648
2026-07-23T16:00:47.192,108.1819,8.2272,14.6284
2026-07-23T16:00:47.209,108.2136,8.1489,14.7459
2026-07-23T16:00:47.217,108.2136,8.3056,14.7263
2026-07-23T16:00:47.217,108.2136,8.1489,14.8046
2026-07-23T16:00:47.233,108.2265,8.3252,14.7263
2026-07-23T16:00:47.264,108.2623,8.1881,14.8242
2026-07-23T16:00:47.264,108.2623,8.3643,14.6871
2026-07-23T16:00:47.264,108.2643,8.0902,14.7067
2026-07-23T16:00:47.280,108.2643,8.2468,14.7067
2026-07-23T16:00:47.290,108.2974,8.0314,14.6088
2026-07-23T16:00:47.297,108.2974,8.2468,14.6676
2026-07-23T16:00:47.311,108.2974,8.051,14.7263
2026-07-23T16:00:47.315,108.3085,8.2077,14.6871
2026-07-23T16:00:47.327,108.331,8.0314,14.6088
2026-07-23T16:00:47.334,108.3397,8.1098,14.5892
2026-07-23T16:00:47.348,108.3487,7.9923,14.5305
2026-07-23T16:00:47.356,108.3539,7.9727,14.5305
2026-07-23T16:00:47.363,108.384,8.0314,14.4717
2026-07-23T16:00:47.382,108.3873,8.0119,14.4913
2026-07-23T16:00:47.390,108.3873,8.0902,14.4717
2026-07-23T16:00:47.399,108.3873,8.0706,14.4913
2026-07-23T16:00:47.408,108.3873,8.051,14.3934
2026-07-23T16:00:47.422,108.4257,8.0902,14.413
2026-07-23T16:00:47.422,108.4309,8.0706,14.3934
2026-07-23T16:00:47.438,108.4348,7.9923,14.3151
2026-07-23T16:00:47.438,108.4399,7.9727,14.3151
2026-07-23T16:00:47.459,108.4664,8.1098,14.1976
2026-07-23T16:00:47.470,108.4664,7.8356,14.2368
2026-07-23T16:00:47.486,108.4664,8.0314,14.2368
2026-07-23T16:00:47.491,108.4807,7.7377,14.2759
2026-07-23T16:00:47.501,108.5046,7.9531,14.1585
2026-07-23T16:00:47.501,108.5046,7.8748,14.178
2026-07-23T16:00:47.517,108.5153,7.9727,14.178
2026-07-23T16:00:47.517,108.5153,7.9335,14.1389
2026-07-23T16:00:47.542,108.5448,8.0902,14.0801
2026-07-23T16:00:47.548,108.5519,7.8356,14.041
2026-07-23T16:00:47.555,108.5543,7.9923,14.0018
2026-07-23T16:00:47.574,108.5609,7.8748,14.0018
2026-07-23T16:00:47.581,108.5834,7.9531,14.041
2026-07-23T16:00:47.591,108.5834,7.8161,14.0214
2026-07-23T16:00:47.596,108.5834,7.9727,14.0997
2026-07-23T16:00:47.612,108.5922,7.9335,14.1193
2026-07-23T16:00:47.616,108.624,7.914,14.2564
2026-07-23T16:00:47.627,108.626,7.8356,14.178
2026-07-23T16:00:47.634,108.626,7.9531,14.3151
2026-07-23T16:00:47.648,108.6328,7.8944,14.3347
2026-07-23T16:00:47.660,108.6604,7.9335,14.3543
2026-07-23T16:00:47.667,108.6642,7.9727,14.4326
2026-07-23T16:00:47.684,108.6678,7.8944,14.3738
2026-07-23T16:00:47.684,108.6748,7.914,14.4717
2026-07-23T16:00:47.707,108.703,7.914,14.5109
2026-07-23T16:00:47.715,108.703,7.8944,14.5892
2026-07-23T16:00:47.719,108.703,8.051,14.648
2026-07-23T16:00:47.728,108.7344,7.9923,14.785
2026-07-23T16:00:47.738,108.7437,8.1685,14.8829
2026-07-23T16:00:47.751,108.7437,8.0314,14.8829
2026-07-23T16:00:47.754,108.7504,8.051,14.9613
2026-07-23T16:00:47.770,108.7771,7.8944,15.02
2026-07-23T16:00:47.785,108.7824,8.0314,14.9808
2026-07-23T16:00:47.791,108.7834,7.8944,14.9221
2026-07-23T16:00:47.801,108.7834,8.0706,15.0004
2026-07-23T16:00:47.815,108.8136,7.9335,15.0004
2026-07-23T16:00:47.817,108.8146,7.9923,15.0788
2026-07-23T16:00:47.830,108.8183,7.9727,15.1571
2026-07-23T16:00:47.834,108.825,8.0314,15.2354
2026-07-23T16:00:47.849,108.8559,8.0314,15.1375
2026-07-23T16:00:47.858,108.8579,8.0706,15.1571
2026-07-23T16:00:47.869,108.8626,8.0706,15.0396
2026-07-23T16:00:47.876,108.8636,8.2077,15.0592
2026-07-23T16:00:47.896,108.8929,8.0902,15.0396
2026-07-23T16:00:47.896,108.8929,8.1098,15.0983
2026-07-23T16:00:47.909,108.8976,8.1881,15.1179
2026-07-23T16:00:47.917,108.8976,8.1293,15.1767
2026-07-23T16:00:47.928,108.9287,8.1685,15.1375
2026-07-23T16:00:47.928,108.9287,8.1293,15.02
2026-07-23T16:00:47.948,108.9312,8.1293,15.0983
2026-07-23T16:00:47.959,108.9602,8.1293,15.0592
2026-07-23T16:00:47.962,108.9643,7.9727,15.0983
2026-07-23T16:00:47.982,108.9669,8.1098,15.02
2026-07-23T16:00:47.987,108.9717,8.051,15.0004
2026-07-23T16:00:48.007,108.9919,8.1098,14.9808
2026-07-23T16:00:48.007,108.9978,8.051,15.0396
2026-07-23T16:00:48.022,109.003,8.286,15.0983
2026-07-23T16:00:48.030,109.0336,8.1098,15.0983
2026-07-23T16:00:48.043,109.0351,8.2468,15.2158
2026-07-23T16:00:48.049,109.0383,8.1293,15.1375
2026-07-23T16:00:48.054,109.0403,8.2077,15.0592
2026-07-23T16:00:48.070,109.0703,8.1098,14.9025
2026-07-23T16:00:48.070,109.0703,8.1098,14.9221
2026-07-23T16:00:48.089,109.0755,8.0902,14.8438
2026-07-23T16:00:48.096,109.0989,8.0902,14.8634
2026-07-23T16:00:48.118,109.0989,8.0706,14.8242
2026-07-23T16:00:48.118,109.1149,8.051,14.7655
2026-07-23T16:00:48.126,109.1169,8.0314,14.7459
2026-07-23T16:00:48.136,109.1465,8.0902,14.7655
2026-07-23T16:00:48.150,109.1465,8.051,14.8046
2026-07-23T16:00:48.150,109.1465,8.1098,14.8242
2026-07-23T16:00:48.172,109.1625,8.1293,14.8046
2026-07-23T16:00:48.182,109.1904,7.9727,14.7263
2026-07-23T16:00:48.197,109.1904,8.0119,14.7655
2026-07-23T16:00:48.197,109.1904,8.0119,14.785
2026-07-23T16:00:48.209,109.1942,7.9923,14.8046
2026-07-23T16:00:48.219,109.2298,8.1489,14.7459
2026-07-23T16:00:48.229,109.2308,8.0119,14.8438
2026-07-23T16:00:48.229,109.2345,8.1098,14.7655
2026-07-23T16:00:48.251,109.2345,7.9531,14.7655
2026-07-23T16:00:48.251,109.2683,8.051,14.7655
2026-07-23T16:00:48.274,109.2746,7.8944,14.6871
2026-07-23T16:00:48.281,109.2746,7.9923,14.7459
2026-07-23T16:00:48.285,109.2812,7.8944,14.6284
2026-07-23T16:00:48.293,109.3053,7.9335,14.6676
2026-07-23T16:00:48.319,109.3211,7.9531,14.648
2026-07-23T16:00:48.319,109.3255,7.9727,14.7067
2026-07-23T16:00:48.325,109.3255,7.9923,14.7067
2026-07-23T16:00:48.338,109.331,7.9531,14.6676
2026-07-23T16:00:48.349,109.3673,7.9531,14.6088
2026-07-23T16:00:48.356,109.3708,7.9531,14.648
2026-07-23T16:00:48.356,109.3708,7.8552,14.6088
2026-07-23T16:00:48.376,109.3708,7.8356,14.5697
2026-07-23T16:00:48.392,109.409,7.8944,14.6088
2026-07-23T16:00:48.405,109.409,7.6986,14.4522
2026-07-23T16:00:48.405,109.4159,7.7965,14.4326
2026-07-23T16:00:48.422,109.4159,7.7573,14.3347
2026-07-23T16:00:48.422,109.4211,7.7965,14.3543
2026-07-23T16:00:48.440,109.4507,7.7181,14.2564
2026-07-23T16:00:48.451,109.4574,7.6202,14.2564
2026-07-23T16:00:48.451,109.4604,7.7377,14.178
2026-07-23T16:00:48.467,109.4646,7.5615,14.1585
2026-07-23T16:00:48.477,109.4712,7.6398,14.0801
2026-07-23T16:00:48.492,109.4978,7.5223,14.0801
2026-07-23T16:00:48.501,109.4978,7.6007,14.1193
2026-07-23T16:00:48.508,109.4978,7.5223,14.1193
2026-07-23T16:00:48.522,109.5108,7.6398,14.0801
2026-07-23T16:00:48.530,109.545,7.5419,14.0018
2026-07-23T16:00:48.546,109.545,7.5811,14.0018
2026-07-23T16:00:48.549,109.545,7.6398,13.9626
2026-07-23T16:00:48.549,109.545,7.5223,14.0606
2026-07-23T16:00:48.569,109.5587,7.6986,14.0801
2026-07-23T16:00:48.592,109.5901,7.5811,14.178
2026-07-23T16:00:48.592,109.5901,7.6986,14.178
2026-07-23T16:00:48.596,109.5901,7.5811,14.2368
2026-07-23T16:00:48.610,109.5977,7.679,14.2172
2026-07-23T16:00:48.615,109.6251,7.5615,14.178
2026-07-23T16:00:48.627,109.6251,7.6398,14.2759
2026-07-23T16:00:48.641,109.6251,7.5811,14.2564
2026-07-23T16:00:48.649,109.631,7.5811,14.3543
2026-07-23T16:00:48.668,109.6643,7.5028,14.3543
2026-07-23T16:00:48.668,109.6643,7.5811,14.3738
2026-07-23T16:00:48.676,109.6698,7.5419,14.3934
2026-07-23T16:00:48.682,109.7009,7.5419,14.4326
2026-07-23T16:00:48.704,109.7074,7.6007,14.4326
2026-07-23T16:00:48.704,109.7074,7.5419,14.4913
2026-07-23T16:00:48.721,109.7074,7.6007,14.4913
2026-07-23T16:00:48.723,109.7321,7.5419,14.5892
2026-07-23T16:00:48.735,109.7446,7.6594,14.6871
2026-07-23T16:00:48.735,109.7479,7.6202,14.6871
2026-07-23T16:00:48.758,109.7479,7.6986,14.7263
2026-07-23T16:00:48.768,109.7701,7.679,14.7263
2026-07-23T16:00:48.783,109.7798,7.6594,14.8438
2026-07-23T16:00:48.795,109.7844,7.6986,14.8242
2026-07-23T16:00:48.799,109.7844,7.7377,14.9025
2026-07-23T16:00:48.799,109.8147,7.8944,14.8829
2026-07-23T16:00:48.821,109.8182,7.8356,15.0004
2026-07-23T16:00:48.835,109.8182,8.0706,15.0592
2026-07-23T16:00:48.835,109.8289,7.9335,15.1571
2026-07-23T16:00:48.850,109.8447,8.0706,15.1962
2026-07-23T16:00:48.850,109.8447,7.9531,15.1571
2026-07-23T16:00:48.869,109.8583,8.1098,15.1962
2026-07-23T16:00:48.882,109.8583,7.9727,15.255
2026-07-23T16:00:48.882,109.8896,8.1489,15.3137
2026-07-23T16:00:48.895,109.8896,8.1293,15.3137
2026-07-23T16:00:48.909,109.8977,8.2272,15.3725
2026-07-23T16:00:48.925,109.9285,8.1685,15.4312
2026-07-23T16:00:48.925,109.9315,8.0902,15.4899
2026-07-23T16:00:48.925,109.9315,8.0902,15.3725
2026-07-23T16:00:48.949,109.9412,8.0314,15.4312
2026-07-23T16:00:48.960,109.971,8.051,15.2941
2026-07-23T16:00:48.973,109.971,8.0902,15.2746
2026-07-23T16:00:48.979,109.9739,8.051,15.2746
2026-07-23T16:00:48.992,109.9739,7.9727,15.2354
2026-07-23T16:00:49.003,110.0033,8.0119,15.255
2026-07-23T16:00:49.015,110.0033,7.9727,15.1179
2026-07-23T16:00:49.022,110.0033,7.8748,15.1179
2026-07-23T16:00:49.025,110.016,7.9335,15.0004
2026-07-23T16:00:49.049,110.0446,7.8748,15.0788
2026-07-23T16:00:49.054,110.0446,7.914,15.02
2026-07-23T16:00:49.054,110.0475,7.7769,15.1767
2026-07-23T16:00:49.067,110.0475,7.8552,15.0983
2026-07-23T16:00:49.086,110.0793,7.7573,15.0396
2026-07-23T16:00:49.086,110.0793,7.7769,14.9613
2026-07-23T16:00:49.098,110.0793,7.6594,14.9417
2026-07-23T16:00:49.122,110.1204,7.7965,14.9613
2026-07-23T16:00:49.127,110.1239,7.6202,14.8829
2026-07-23T16:00:49.130,110.1263,7.679,14.9808
2026-07-23T16:00:49.130,110.1278,7.5811,14.9025
2026-07-23T16:00:49.151,110.1601,7.7181,14.8829
2026-07-23T16:00:49.162,110.1646,7.6594,14.7655
2026-07-23T16:00:49.171,110.1646,7.7181,14.8046
2026-07-23T16:00:49.179,110.1716,7.7181,14.785
2026-07-23T16:00:49.193,110.2013,7.7377,14.8829
2026-07-23T16:00:49.193,110.2013,7.6986,14.8829
2026-07-23T16:00:49.211,110.2078,7.6986,14.9417
2026-07-23T16:00:49.215,110.2139,7.6398,14.9613
2026-07-23T16:00:49.225,110.2372,7.7377,14.8829
2026-07-23T16:00:49.241,110.243,7.679,14.9221
2026-07-23T16:00:49.241,110.243,7.7181,14.8634
2026-07-23T16:00:49.259,110.2503,7.5419,14.9417
2026-07-23T16:00:49.288,110.2766,7.7573,14.9417
2026-07-23T16:00:49.288,110.2861,7.6594,15.0592
2026-07-23T16:00:49.288,110.2861,7.7965,15.0004
2026-07-23T16:00:49.301,110.2927,7.6007,14.9613
2026-07-23T16:00:49.327,110.3225,7.8161,14.8829
2026-07-23T16:00:49.327,110.3225,7.5615,14.9417
2026-07-23T16:00:49.327,110.3267,7.7181,15.0004
2026-07-23T16:00:49.344,110.3313,7.5811,14.9808
2026-07-23T16:00:49.352,110.3635,7.7377,15.1571
2026-07-23T16:00:49.367,110.3685,7.5615,15.0788
2026-07-23T16:00:49.373,110.3723,7.8161,15.1571
2026-07-23T16:00:49.382,110.3775,7.5419,15.1179
2026-07-23T16:00:49.386,110.3978,7.6007,15.0592
2026-07-23T16:00:49.400,110.4103,7.6202,14.9417
2026-07-23T16:00:49.400,110.4103,7.5615,15.02
2026-07-23T16:00:49.423,110.4103,7.5615,15.0788
2026-07-23T16:00:49.430,110.4103,7.5811,15.02
2026-07-23T16:00:49.449,110.4518,7.679,15.0004
2026-07-23T16:00:49.449,110.4518,7.6594,14.9613
2026-07-23T16:00:49.461,110.4588,7.6398,14.8829
2026-07-23T16:00:49.461,110.4643,7.6398,14.9221
2026-07-23T16:00:49.477,110.4934,7.6398,14.9417
2026-07-23T16:00:49.492,110.4952,7.679,14.9417
2026-07-23T16:00:49.503,110.498,7.6594,14.785
2026-07-23T16:00:49.510,110.498,7.6594,14.7459
2026-07-23T16:00:49.521,110.5052,7.5811,14.7459
2026-07-23T16:00:49.524,110.5369,7.7769,14.6284
2026-07-23T16:00:49.540,110.5389,7.6007,14.6676
2026-07-23T16:00:49.549,110.5418,7.7181,14.7067
2026-07-23T16:00:49.556,110.5474,7.5615,14.7459
2026-07-23T16:00:49.578,110.5796,7.6594,14.6676
2026-07-23T16:00:49.578,110.5796,7.5028,14.7067
2026-07-23T16:00:49.598,110.5796,7.6594,14.7655
2026-07-23T16:00:49.598,110.5851,7.5615,14.7459
2026-07-23T16:00:49.624,110.6186,7.6594,14.7067
2026-07-23T16:00:49.624,110.6186,7.5223,14.6284
2026-07-23T16:00:49.630,110.6247,7.6202,14.5892
2026-07-23T16:00:49.640,110.6267,7.4832,14.5697
2026-07-23T16:00:49.651,110.6601,7.5223,14.5892
2026-07-23T16:00:49.651,110.6601,7.5028,14.4913
2026-07-23T16:00:49.673,110.6642,7.5615,14.5305
2026-07-23T16:00:49.677,110.6709,7.444,14.5109
2026-07-23T16:00:49.693,110.7044,7.4832,14.5501
2026-07-23T16:00:49.698,110.7044,7.4832,14.4913
2026-07-23T16:00:49.715,110.7098,7.5223,14.5892
2026-07-23T16:00:49.722,110.7098,7.5419,14.5109
2026-07-23T16:00:49.729,110.7438,7.5615,14.4913
2026-07-23T16:00:49.746,110.7438,7.4636,14.5109
2026-07-23T16:00:49.755,110.7438,7.4832,14.4913
2026-07-23T16:00:49.761,110.7566,7.3657,14.5501
2026-07-23T16:00:49.761,110.7856,7.5028,14.4913
2026-07-23T16:00:49.782,110.7882,7.3657,14.4913
2026-07-23T16:00:49.792,110.7882,7.5419,14.3934
2026-07-23T16:00:49.795,110.7977,7.4049,14.3934
2026-07-23T16:00:49.810,110.8039,7.5028,14.6284
2026-07-23T16:00:49.815,110.8311,7.307,14.3347
2026-07-23T16:00:49.825,110.8348,7.5223,14.3934
2026-07-23T16:00:49.839,110.8392,7.3461,14.3934
2026-07-23T16:00:49.855,110.8425,7.5223,14.3738
2026-07-23T16:00:49.878,110.8744,7.307,14.3347
2026-07-23T16:00:49.878,110.8744,7.4636,14.413
2026-07-23T16:00:49.878,110.8744,7.3657,14.3151
2026-07-23T16:00:49.893,110.8827,7.444,14.3347
2026-07-23T16:00:49.905,110.9106,7.3265,14.3151
2026-07-23T16:00:49.905,110.9106,7.4244,14.413
2026-07-23T16:00:49.925,110.9145,7.4049,14.413
2026-07-23T16:00:49.933,110.9186,7.4636,14.4326
2026-07-23T16:00:49.944,110.9521,7.4832,14.4326
2026-07-23T16:00:49.950,110.9546,7.4832,14.413
2026-07-23T16:00:49.961,110.9546,7.3853,14.4522
2026-07-23T16:00:49.969,110.9634,7.5419,14.4326
2026-07-23T16:00:49.984,110.994,7.4636,14.5305
2026-07-23T16:00:49.998,110.998,7.5223,14.5697
2026-07-23T16:00:49.998,110.998,7.4049,14.5501
2026-07-23T16:00:50.013,110.998,7.6007,14.5305
2026-07-23T16:00:50.017,110.998,7.3853,14.3543
2026-07-23T16:00:50.029,111.0402,7.5223,14.4326
2026-07-23T16:00:50.029,111.0412,7.3265,14.6676
2026-07-23T16:00:50.049,111.0427,7.5028,14.5109
2026-07-23T16:00:50.060,111.0427,7.3265,14.5109
2026-07-23T16:00:50.061,111.0795,7.4832,14.5109
2026-07-23T16:00:50.076,111.0795,7.2286,14.4717
2026-07-23T16:00:50.094,111.0883,7.444,14.6088
2026-07-23T16:00:50.094,111.0883,7.209,14.4913
2026-07-23T16:00:50.123,111.1238,7.3265,14.5697
2026-07-23T16:00:50.123,111.1238,7.2286,14.4717
2026-07-23T16:00:50.130,111.1312,7.2286,14.5892
2026-07-23T16:00:50.139,111.1348,7.1307,14.5109
2026-07-23T16:00:50.155,111.1664,7.2482,14.4913
2026-07-23T16:00:50.155,111.1664,7.1111,14.5109
2026-07-23T16:00:50.175,111.1664,7.1895,14.5501
2026-07-23T16:00:50.175,111.1664,7.0916,14.5501
2026-07-23T16:00:50.189,111.1768,7.072,14.5305
2026-07-23T16:00:50.202,111.2027,7.072,14.5697
2026-07-23T16:00:50.212,111.2027,7.0916,14.4913
2026-07-23T16:00:50.217,111.2144,6.9937,14.5501
2026-07-23T16:00:50.228,111.2428,7.0328,14.4522
2026-07-23T16:00:50.234,111.2483,6.9349,14.5501
2026-07-23T16:00:50.250,111.2483,7.0524,14.4717
2026-07-23T16:00:50.264,111.2483,6.9545,14.4717
2026-07-23T16:00:50.270,111.261,7.209,14.4913
2026-07-23T16:00:50.282,111.2937,6.9349,14.4522
2026-07-23T16:00:50.282,111.2963,7.1503,14.4522
2026-07-23T16:00:50.299,111.2978,6.9741,14.4326
2026-07-23T16:00:50.299,111.2978,7.1503,14.5109
2026-07-23T16:00:50.315,111.3404,6.9937,14.4326
2026-07-23T16:00:50.337,111.3429,7.2874,14.4717
2026-07-23T16:00:50.347,111.3429,7.0524,14.4522
2026-07-23T16:00:50.349,111.3429,7.209,14.4717
2026-07-23T16:00:50.360,111.3429,7.0524,14.4522
2026-07-23T16:00:50.382,111.389,7.0916,14.5305
2026-07-23T16:00:50.382,111.389,7.1307,14.5109
2026-07-23T16:00:50.394,111.3977,7.1503,14.5305
2026-07-23T16:00:50.394,111.3999,7.1111,14.4326
2026-07-23T16:00:50.407,111.4351,7.2874,14.4717
2026-07-23T16:00:50.427,111.4351,7.1895,14.413
2026-07-23T16:00:50.438,111.4351,7.2678,14.4913
2026-07-23T16:00:50.440,111.443,7.2678,14.5501
2026-07-23T16:00:50.451,111.443,7.2482,14.5109
2026-07-23T16:00:50.462,111.4795,7.2678,14.4913
2026-07-23T16:00:50.470,111.4818,7.2678,14.4522
2026-07-23T16:00:50.482,111.4818,7.2286,14.4913
2026-07-23T16:00:50.486,111.4818,7.1895,14.4717
2026-07-23T16:00:50.502,111.4946,7.1307,14.4717
2026-07-23T16:00:50.504,111.5238,7.209,14.4522
2026-07-23T16:00:50.517,111.5291,7.072,14.4522
2026-07-23T16:00:50.533,111.5318,7.2286,14.3347
2026-07-23T16:00:50.533,111.5384,7.0328,14.2564
2026-07-23T16:00:50.549,111.5681,7.2286,14.2172
2026-07-23T16:00:50.564,111.5681,7.0524,14.1976
2026-07-23T16:00:50.564,111.5681,7.209,14.1976
2026-07-23T16:00:50.580,111.5781,6.9545,14.1976
2026-07-23T16:00:50.594,111.5781,7.1699,14.1193
2026-07-23T16:00:50.596,111.6199,6.9349,14.0997
2026-07-23T16:00:50.618,111.6237,7.1895,14.178
2026-07-23T16:00:50.619,111.6273,7.072,14.1976
2026-07-23T16:00:50.629,111.6311,7.1307,14.2564
2026-07-23T16:00:50.641,111.637,7.0524,14.2759
2026-07-23T16:00:50.649,111.6665,7.1503,14.3347
2026-07-23T16:00:50.660,111.6702,7.1307,14.3543
2026-07-23T16:00:50.671,111.6702,7.209,14.3934
2026-07-23T16:00:50.688,111.6813,7.2482,14.4326
2026-07-23T16:00:50.694,111.703,7.3853,14.5501
2026-07-23T16:00:50.712,111.7139,7.4049,14.7459
2026-07-23T16:00:50.712,111.7139,7.6007,14.9025
2026-07-23T16:00:50.721,111.7179,7.6986,15.1962
2026-07-23T16:00:50.732,111.7179,7.8356,15.3137
2026-07-23T16:00:50.737,111.7583,7.8552,15.4704
2026-07-23T16:00:50.754,111.7647,8.051,15.6858
2026-07-23T16:00:50.765,111.7681,8.286,16.0186
2026-07-23T16:00:50.769,111.7728,8.5405,16.0382
2026-07-23T16:00:50.769,111.7807,8.5405,16.3123
2026-07-23T16:00:50.784,111.8128,8.893,16.3907
2026-07-23T16:00:50.800,111.8128,8.8734,16.6061
2026-07-23T16:00:50.809,111.8214,9.265,16.704
2026-07-23T16:00:50.824,111.8281,9.3042,16.9977
2026-07-23T16:00:50.831,111.8281,9.735,17.2718
2026-07-23T16:00:50.841,111.8648,9.6762,17.4089
2026-07-23T16:00:50.848,111.8684,10.0091,17.5655
2026-07-23T16:00:50.864,111.87,9.9112,17.683
2026-07-23T16:00:50.872,111.8779,10.2636,17.9375
2026-07-23T16:00:50.882,111.8779,10.1266,17.6634
2026-07-23T16:00:50.894,111.9223,10.4007,17.8788
2026-07-23T16:00:50.911,111.9223,10.1853,17.8005
2026-07-23T16:00:50.911,111.9249,10.2636,17.8005
2026-07-23T16:00:50.921,111.9278,10.0874,17.7222
2026-07-23T16:00:50.929,111.9348,9.9895,17.7613
2026-07-23T16:00:50.939,111.9381,9.9895,17.6438
2026-07-23T16:00:50.962,111.9785,9.8916,17.5459
2026-07-23T16:00:50.962,111.9805,9.735,17.3501
2026-07-23T16:00:50.973,111.9825,9.6566,17.2326
2026-07-23T16:00:50.989,111.9916,9.5,17.0172
2026-07-23T16:00:50.989,111.9952,9.4217,16.8802
2026-07-23T16:00:51.004,112.0367,9.2846,16.8998
2026-07-23T16:00:51.021,112.04,9.1671,16.8214
2026-07-23T16:00:51.029,112.0437,9.0496,16.8214
2026-07-23T16:00:51.037,112.0459,9.0692,16.6452
2026-07-23T16:00:51.049,112.0475,8.9713,16.7235
2026-07-23T16:00:51.051,112.0791,9.1475,16.5473
2026-07-23T16:00:51.066,112.0791,8.9517,16.6256
2026-07-23T16:00:51.081,112.0791,9.128,16.5081
2026-07-23T16:00:51.081,112.0791,8.9126,16.4102
2026-07-23T16:00:51.091,112.0978,9.0496,16.3319
2026-07-23T16:00:51.098,112.1014,8.8343,16.2732
2026-07-23T16:00:51.115,112.1421,9.0105,16.2928
2026-07-23T16:00:51.126,112.1436,8.8147,16.2732
2026-07-23T16:00:51.130,112.1469,8.9517,16.3711
2026-07-23T16:00:51.130,112.1469,8.7755,16.3319
2026-07-23T16:00:51.149,112.1567,8.9126,16.3123
2026-07-23T16:00:51.177,112.198,8.8147,16.234
2026-07-23T16:00:51.184,112.198,8.8734,16.3123
2026-07-23T16:00:51.184,112.198,8.9126,16.2536
2026-07-23T16:00:51.190,112.2037,8.8343,16.4102
2026-07-23T16:00:51.198,112.2147,8.8734,16.1361
2026-07-23T16:00:51.213,112.2159,8.7559,16.1753
2026-07-23T16:00:51.225,112.253,8.7168,16.0578
2026-07-23T16:00:51.241,112.253,8.6189,16.097
2026-07-23T16:00:51.241,112.2596,8.5797,15.999
2026-07-23T16:00:51.254,112.2669,8.5797,15.9599
2026-07-23T16:00:51.266,112.2705,8.5993,15.9599
2026-07-23T16:00:51.267,112.3064,8.5405,15.8816
2026-07-23T16:00:51.296,112.3134,8.658,15.9207
2026-07-23T16:00:51.296,112.3163,8.7363,15.8228
2026-07-23T16:00:51.304,112.3163,8.8147,15.9599
2026-07-23T16:00:51.318,112.3163,8.8734,15.9403
2026-07-23T16:00:51.321,112.3288,8.7951,16.0578
2026-07-23T16:00:51.321,112.3495,8.8147,15.999
2026-07-23T16:00:51.349,112.3647,8.658,16.0186
2026-07-23T16:00:51.354,112.3647,8.8147,15.9403
2026-07-23T16:00:51.364,112.3739,8.6972,15.9207
2026-07-23T16:00:51.367,112.3819,8.7363,15.8816
2026-07-23T16:00:51.382,112.3847,8.6776,15.9207
2026-07-23T16:00:51.400,112.412,8.8147,16.0382
2026-07-23T16:00:51.400,112.412,8.6776,16.0578
2026-07-23T16:00:51.416,112.4262,8.8343,16.234
2026-07-23T16:00:51.425,112.4262,8.7755,16.1949
2026-07-23T16:00:51.435,112.434,8.9126,16.2732
2026-07-23T16:00:51.435,112.434,8.8147,16.1949
2026-07-23T16:00:51.463,112.4743,8.9322,16.1949
2026-07-23T16:00:51.463,112.4763,8.9126,16.0578
2026-07-23T16:00:51.463,112.4803,8.893,16.1165
2026-07-23T16:00:51.485,112.4859,8.9517,16.0774
2026-07-23T16:00:51.490,112.4887,8.9126,16.097
2026-07-23T16:00:51.495,112.5043,8.893,16.0774
2026-07-23T16:00:51.515,112.5202,8.8147,15.999
2026-07-23T16:00:51.527,112.5202,8.8343,15.9011
2026-07-23T16:00:51.531,112.5202,8.7168,15.8228
2026-07-23T16:00:51.542,112.5313,8.6384,15.862
2026-07-23T16:00:51.551,112.5706,8.6189,15.7641
2026-07-23T16:00:51.555,112.5736,8.6972,15.8424
2026-07-23T16:00:51.571,112.579,8.7168,15.862
2026-07-23T16:00:51.571,112.5805,8.6972,15.9795
2026-07-23T16:00:51.588,112.6207,8.8343,15.9599
2026-07-23T16:00:51.616,112.6207,8.8147,16.0578
2026-07-23T16:00:51.616,112.6207,8.9517,16.0186
2026-07-23T16:00:51.624,112.6207,8.7363,16.234
2026-07-23T16:00:51.631,112.6319,8.893,16.1557
2026-07-23T16:00:51.650,112.6677,8.7951,16.1361
2026-07-23T16:00:51.666,112.6724,8.8734,16.1753
2026-07-23T16:00:51.666,112.6736,8.7559,16.1361
2026-07-23T16:00:51.672,112.6756,8.9517,16.2144
2026-07-23T16:00:51.683,112.6847,8.7755,16.2144
2026-07-23T16:00:51.683,112.7111,8.893,16.1949
2026-07-23T16:00:51.715,112.7259,8.8538,16.1949
2026-07-23T16:00:51.715,112.7259,8.8538,16.1949
2026-07-23T16:00:51.722,112.7311,8.8734,16.1165
2026-07-23T16:00:51.736,112.7403,8.8734,16.1949
2026-07-23T16:00:51.745,112.7718,8.8147,16.1361
2026-07-23T16:00:51.762,112.7735,8.8343,16.234
2026-07-23T16:00:51.762,112.7735,8.893,16.2732
2026-07-23T16:00:51.777,112.7735,8.8343,16.1557
2026-07-23T16:00:51.782,112.7813,8.6189,16.1753
2026-07-23T16:00:51.793,112.7893,8.7559,16.1165
2026-07-23T16:00:51.809,112.8192,8.8538,16.2536
2026-07-23T16:00:51.815,112.821,8.7951,16.1557
2026-07-23T16:00:51.824,112.8266,8.8538,16.2536
2026-07-23T16:00:51.832,112.8331,8.8538,16.2536
2026-07-23T16:00:51.840,112.8369,8.8538,16.234
2026-07-23T16:00:51.849,112.8646,9.0301,16.2536
2026-07-23T16:00:51.856,112.8712,8.9322,16.5081
2026-07-23T16:00:51.872,112.8779,9.0301,16.2928
2026-07-23T16:00:51.884,112.8818,8.8538,16.2732
2026-07-23T16:00:51.888,112.8818,8.893,16.1949
2026-07-23T16:00:51.904,112.9159,8.8147,16.097
2026-07-23T16:00:51.915,112.917,8.8538,16.2144
2026-07-23T16:00:51.929,112.9265,8.7755,16.2536
2026-07-23T16:00:51.933,112.9265,8.9909,16.4102
2026-07-23T16:00:51.952,112.9667,8.7755,16.5277
2026-07-23T16:00:51.952,112.9667,8.9126,16.4102
2026-07-23T16:00:51.952,112.9701,8.893,16.4298
2026-07-23T16:00:51.977,112.9755,8.9126,16.3907
2026-07-23T16:00:51.983,112.9796,8.9126,16.3515
2026-07-23T16:00:52.005,113.0109,8.9909,16.3711
2026-07-23T16:00:52.005,113.0124,8.9909,16.3319
2026-07-23T16:00:52.012,113.0145,8.9322,16.3123
2026-07-23T16:00:52.021,113.0145,8.9713,16.234
2026-07-23T16:00:52.033,113.0145,8.9126,16.234
2026-07-23T16:00:52.033,113.0584,8.9713,16.2732
2026-07-23T16:00:52.049,113.0646,8.8734,16.2928
2026-07-23T16:00:52.062,113.0646,8.9713,16.3515
2026-07-23T16:00:52.077,113.0743,8.8343,16.2536
2026-07-23T16:00:52.089,113.1059,8.8734,16.2536
2026-07-23T16:00:52.096,113.1059,8.7363,16.1557
2026-07-23T16:00:52.096,113.1059,8.7168,16.2144
2026-07-23T16:00:52.109,113.115,8.8734,16.1753
2026-07-23T16:00:52.125,113.1212,8.7951,16.1949
2026-07-23T16:00:52.141,113.1527,8.9322,16.2536
2026-07-23T16:00:52.149,113.1527,8.8343,16.2144
2026-07-23T16:00:52.149,113.1527,8.9126,16.1165
2026-07-23T16:00:52.157,113.1648,8.7755,16.1361
2026-07-23T16:00:52.174,113.1706,8.8343,16.0578
2026-07-23T16:00:52.188,113.2049,8.8147,16.0774
2026-07-23T16:00:52.196,113.2049,8.7951,16.1165
2026-07-23T16:00:52.203,113.211,8.7951,15.999
2026-07-23T16:00:52.216,113.2178,8.7168,15.9403
2026-07-23T16:00:52.221,113.2216,8.5993,15.9207
2026-07-23T16:00:52.237,113.2512,8.5797,15.862
2026-07-23T16:00:52.237,113.2512,8.5993,15.7445
2026-07-23T16:00:52.256,113.2626,8.5797,15.8228
2026-07-23T16:00:52.268,113.2646,8.6189,15.8032
2026-07-23T16:00:52.272,113.2646,8.5405,15.862
2026-07-23T16:00:52.282,113.2979,8.6189,15.9011
2026-07-23T16:00:52.297,113.31,8.5014,15.8228
2026-07-23T16:00:52.302,113.3121,8.6189,15.8424
2026-07-23T16:00:52.315,113.3121,8.4622,15.7249
2026-07-23T16:00:52.315,113.3249,8.5601,15.7053
2026-07-23T16:00:52.344,113.3567,8.4231,15.6858
2026-07-23T16:00:52.349,113.3567,8.5993,15.6858
2026-07-23T16:00:52.349,113.3647,8.4231,15.627
2026-07-23T16:00:52.363,113.3647,8.4622,15.6074
2026-07-23T16:00:52.363,113.3752,8.4231,15.5683
2026-07-23T16:00:52.396,113.4132,8.4035,15.6074
2026-07-23T16:00:52.396,113.4132,8.3643,15.6074
2026-07-23T16:00:52.396,113.4132,8.3252,15.6074
2026-07-23T16:00:52.416,113.4199,8.3839,15.5487
2026-07-23T16:00:52.428,113.4199,8.3056,15.627
2026-07-23T16:00:52.455,113.4549,8.3252,15.6466
2026-07-23T16:00:52.455,113.4549,8.2664,15.7249
2026-07-23T16:00:52.455,113.4549,8.3056,15.7249
2026-07-23T16:00:52.464,113.4549,8.2664,15.6662
2026-07-23T16:00:52.471,113.4646,8.2468,15.7445
2026-07-23T16:00:52.471,113.4688,8.2077,15.7641
2026-07-23T16:00:52.502,113.4998,8.1881,15.8816
2026-07-23T16:00:52.502,113.4998,8.1685,15.9403
2026-07-23T16:00:52.506,113.5165,8.2272,16.0382
2026-07-23T16:00:52.520,113.5228,8.2077,16.0382
2026-07-23T16:00:52.534,113.5567,8.1685,16.0578
2026-07-23T16:00:52.551,113.563,8.3252,15.999
2026-07-23T16:00:52.551,113.5645,8.1881,16.0382
2026-07-23T16:00:52.567,113.5645,8.286,16.1557
2026-07-23T16:00:52.574,113.5645,8.0706,16.1753
2026-07-23T16:00:52.582,113.6086,8.1685,16.234
2026-07-23T16:00:52.598,113.6106,8.0119,16.1557
2026-07-23T16:00:52.598,113.6131,8.1293,16.2144
2026-07-23T16:00:52.615,113.6176,7.9727,16.1165
2026-07-23T16:00:52.625,113.6245,8.0902,16.0774
2026-07-23T16:00:52.635,113.6598,8.0314,15.9599
2026-07-23T16:00:52.649,113.6633,8.1489,15.999
2026-07-23T16:00:52.653,113.6649,8.1098,15.9795
2026-07-23T16:00:52.664,113.6679,8.1293,15.9795
2026-07-23T16:00:52.675,113.675,8.2077,15.9795
2026-07-23T16:00:52.675,113.6797,8.2077,16.0186
2026-07-23T16:00:52.696,113.7136,8.2272,15.999
2026-07-23T16:00:52.696,113.7136,8.2664,16.0186
2026-07-23T16:00:52.713,113.7192,8.3447,16.0774
2026-07-23T16:00:52.729,113.7278,8.3056,16.0578
2026-07-23T16:00:52.730,113.7278,8.3447,16.0774
2026-07-23T16:00:52.756,113.7508,8.3643,16.0186
2026-07-23T16:00:52.756,113.7508,8.4818,16.0382
2026-07-23T16:00:52.764,113.7666,8.4426,15.9207
2026-07-23T16:00:52.779,113.7666,8.3839,15.9207
2026-07-23T16:00:52.782,113.8026,8.4426,15.9011
2026-07-23T16:00:52.802,113.8026,8.4035,16.0186
2026-07-23T16:00:52.802,113.8026,8.5014,15.9599
2026-07-23T16:00:52.802,113.8137,8.4035,15.9795
2026-07-23T16:00:52.817,113.8201,8.5601,15.9403
2026-07-23T16:00:52.836,113.8496,8.4231,16.0186
2026-07-23T16:00:52.849,113.8496,8.521,15.8816
2026-07-23T16:00:52.853,113.8568,8.3643,15.9011
2026-07-23T16:00:52.865,113.8636,8.4818,15.9011
2026-07-23T16:00:52.874,113.8646,8.286,15.7837
2026-07-23T16:00:52.882,113.898,8.4231,15.7641
2026-07-23T16:00:52.896,113.898,8.2468,15.6074
2026-07-23T16:00:52.900,113.898,8.4622,15.4899
2026-07-23T16:00:52.914,113.9084,8.1685,15.5487
2026-07-23T16:00:52.928,113.9399,8.286,15.5487
2026-07-23T16:00:52.928,113.9424,8.2664,15.4899
2026-07-23T16:00:52.943,113.9458,8.3447,15.5095
2026-07-23T16:00:52.949,113.9458,8.3056,15.4899
2026-07-23T16:00:52.964,113.9559,8.3643,15.4899
2026-07-23T16:00:52.976,113.9715,8.3839,15.4312
2026-07-23T16:00:52.982,113.9873,8.3447,15.3725
2026-07-23T16:00:52.993,113.9873,8.3643,15.3725
2026-07-23T16:00:52.997,113.9921,8.3839,15.3725
2026-07-23T16:00:53.015,114.0298,8.3056,15.3529
2026-07-23T16:00:53.022,114.0313,8.3056,15.2746
2026-07-23T16:00:53.022,114.0377,8.3056,15.2746
2026-07-23T16:00:53.043,114.0408,8.286,15.2746
2026-07-23T16:00:53.054,114.073,8.3252,15.2158
2026-07-23T16:00:53.054,114.0781,8.3447,15.1375
2026-07-23T16:00:53.071,114.0816,8.2272,15.0396
2026-07-23T16:00:53.086,114.0856,8.3056,15.0004
2026-07-23T16:00:53.097,114.0893,8.1489,15.0592
2026-07-23T16:00:53.105,114.1243,8.3252,14.9613
2026-07-23T16:00:53.117,114.1243,8.1098,15.0004
2026-07-23T16:00:53.124,114.1283,8.3056,15.0004
2026-07-23T16:00:53.136,114.1388,8.1293,15.0004
2026-07-23T16:00:53.140,114.1419,8.2272,15.0983
2026-07-23T16:00:53.149,114.1738,8.0902,15.1375
2026-07-23T16:00:53.164,114.1798,8.2664,15.2354
2026-07-23T16:00:53.164,114.1798,8.0119,15.2354
2026-07-23T16:00:53.190,114.1859,8.2664,15.2941
2026-07-23T16:00:53.193,114.1913,8.051,15.2354
2026-07-23T16:00:53.197,114.2099,8.1489,15.4116
2026-07-23T16:00:53.215,114.2296,8.0119,15.2746
2026-07-23T16:00:53.231,114.2311,7.9923,15.4116
2026-07-23T16:00:53.237,114.2311,7.9727,15.2746
2026-07-23T16:00:53.242,114.2311,7.9335,15.3137
2026-07-23T16:00:53.256,114.2647,7.8161,15.3137
2026-07-23T16:00:53.261,114.2738,7.8748,15.3725
2026-07-23T16:00:53.277,114.2764,7.7573,15.3333
2026-07-23T16:00:53.282,114.2803,7.8356,15.2941
2026-07-23T16:00:53.291,114.2893,7.7769,15.2941
2026-07-23T16:00:53.307,114.3251,7.7573,15.1962
2026-07-23T16:00:53.307,114.3295,7.7573,15.1962
2026-07-23T16:00:53.325,114.331,7.8161,15.1375
2026-07-23T16:00:53.337,114.3377,7.6398,15.0396
2026-07-23T16:00:53.344,114.3426,7.8161,14.9613
2026-07-23T16:00:53.351,114.3723,7.6398,14.9808
2026-07-23T16:00:53.354,114.3723,7.8944,14.8438
2026-07-23T16:00:53.380,114.3723,7.6594,14.8438
2026-07-23T16:00:53.382,114.3821,7.9335,14.785
2026-07-23T16:00:53.393,114.3821,7.7181,14.7655
2026-07-23T16:00:53.402,114.4162,7.9335,14.8242
2026-07-23T16:00:53.417,114.4228,7.7573,14.7655
2026-07-23T16:00:53.423,114.4256,7.9727,14.5892
2026-07-23T16:00:53.423,114.4301,7.7769,14.5501
2026-07-23T16:00:53.437,114.4649,7.9531,14.5305
2026-07-23T16:00:53.453,114.4709,7.6986,14.3543
2026-07-23T16:00:53.453,114.4709,7.8944,14.4326
2026-07-23T16:00:53.474,114.478,7.7181,14.2955
2026-07-23T16:00:53.482,114.4832,7.8356,14.3151
2026-07-23T16:00:53.513,114.5144,7.8161,14.2955
2026-07-23T16:00:53.513,114.5177,7.8356,14.2368
2026-07-23T16:00:53.513,114.5177,7.8161,14.2759
2026-07-23T16:00:53.522,114.5177,7.8356,14.2955
2026-07-23T16:00:53.534,114.5267,7.7769,14.2368
2026-07-23T16:00:53.545,114.5574,7.8748,14.2955
2026-07-23T16:00:53.561,114.5574,7.8356,14.3738
2026-07-23T16:00:53.565,114.5574,7.8748,14.3543
2026-07-23T16:00:53.578,114.5707,7.9923,14.5697
2026-07-23T16:00:53.582,114.5731,8.0314,14.5892
2026-07-23T16:00:53.597,114.6012,7.9335,14.6871
2026-07-23T16:00:53.597,114.6046,8.1489,14.6676
2026-07-23T16:00:53.608,114.61,7.9727,14.8829
2026-07-23T16:00:53.624,114.6157,8.1489,14.7459
2026-07-23T16:00:53.640,114.6492,7.9727,14.7655
2026-07-23T16:00:53.640,114.6521,8.1098,14.785
2026-07-23T16:00:53.655,114.6568,8.0119,14.8438
2026-07-23T16:00:53.666,114.6568,8.1685,14.8634
2026-07-23T16:00:53.687,114.6954,7.9335,14.8242
2026-07-23T16:00:53.687,114.6978,8.1293,14.9221
2026-07-23T16:00:53.696,114.6994,7.9923,14.9025
2026-07-23T16:00:53.703,114.6994,8.1293,14.9808
2026-07-23T16:00:53.715,114.7077,8.0706,14.9025
2026-07-23T16:00:53.738,114.7405,8.1881,15.0004
2026-07-23T16:00:53.738,114.7452,8.1489,14.9613
2026-07-23T16:00:53.746,114.7501,8.2272,15.1179
2026-07-23T16:00:53.750,114.7533,8.2664,15.0788
2026-07-23T16:00:53.758,114.7599,8.4035,15.2941
2026-07-23T16:00:53.782,114.7895,8.3643,15.4899
2026-07-23T16:00:53.782,114.794,8.4622,15.4704
2026-07-23T16:00:53.791,114.7981,8.4622,15.4508
2026-07-23T16:00:53.804,114.7981,8.521,15.5291
2026-07-23T16:00:53.811,114.8098,8.4426,15.5487
2026-07-23T16:00:53.829,114.8397,8.5797,15.6074
2026-07-23T16:00:53.829,114.8414,8.6189,15.6858
2026-07-23T16:00:53.845,114.8414,8.7559,15.8816
2026-07-23T16:00:53.861,114.8543,8.7951,16.0382
2026-07-23T16:00:53.863,114.8846,8.9909,16.0578
2026-07-23T16:00:53.871,114.8894,8.8538,16.097
2026-07-23T16:00:53.882,114.8894,9.0692,16.234
2026-07-23T16:00:53.905,114.8982,8.9322,16.4102
2026-07-23T16:00:53.905,114.8982,9.265,16.6844
2026-07-23T16:00:53.916,114.9332,9.2454,16.8802
2026-07-23T16:00:53.924,114.9409,9.5392,17.0368
2026-07-23T16:00:53.924,114.9409,9.3238,17.0172
2026-07-23T16:00:53.940,114.9466,9.6175,16.9781
2026-07-23T16:00:53.949,114.9466,9.3629,16.9977
2026-07-23T16:00:53.966,114.9838,9.6958,17.0564
2026-07-23T16:00:53.972,114.9887,9.5392,17.0956
2026-07-23T16:00:53.991,114.9887,9.8525,17.2326
2026-07-23T16:00:53.992,114.9887,9.6958,17.311
2026-07-23T16:00:54.004,114.9999,9.8329,17.2914
2026-07-23T16:00:54.015,115.0315,9.7937,17.1935
2026-07-23T16:00:54.020,115.0417,9.8133,17.2718
2026-07-23T16:00:54.020,115.0417,9.735,17.3305
2026-07-23T16:00:54.040,115.0476,9.8329,17.4089
2026-07-23T16:00:54.051,115.0482,9.8133,17.4676
2026-07-23T16:00:54.067,115.0815,9.9112,17.448
2026-07-23T16:00:54.067,115.0867,9.9895,17.3697
2026-07-23T16:00:54.067,115.0892,9.9308,17.2718
2026-07-23T16:00:54.097,115.0931,9.9308,17.1935
2026-07-23T16:00:54.099,115.0951,9.9504,17.1347
2026-07-23T16:00:54.115,115.1254,9.7937,17.0956
2026-07-23T16:00:54.132,115.1269,9.9308,17.0956
2026-07-23T16:00:54.137,115.1315,9.8525,17.1739
2026-07-23T16:00:54.144,115.1348,9.9895,17.1347
2026-07-23T16:00:54.156,115.167,9.8133,17.1739
2026-07-23T16:00:54.162,115.167,10.0874,17.1935
2026-07-23T16:00:54.178,115.167,9.8525,17.2326
2026-07-23T16:00:54.186,115.1765,9.9504,17.1739
2026-07-23T16:00:54.197,115.2069,9.735,17.1152
2026-07-23T16:00:54.209,115.2149,9.872,17.0172
2026-07-23T16:00:54.218,115.2149,9.6371,16.9193
2026-07-23T16:00:54.218,115.2183,9.735,16.9193
2026-07-23T16:00:54.229,115.2535,9.5196,16.7823
2026-07-23T16:00:54.244,115.2535,9.735,16.8019
2026-07-23T16:00:54.256,115.2603,9.5979,16.7431
2026-07-23T16:00:54.258,115.2648,9.6566,16.8019
2026-07-23T16:00:54.277,115.2688,9.6566,16.7235
2026-07-23T16:00:54.286,115.3001,9.7545,16.8214
2026-07-23T16:00:54.299,115.3027,9.7741,16.7235
2026-07-23T16:00:54.304,115.3059,9.6371,16.6648
2026-07-23T16:00:54.320,115.3131,9.5392,16.6256
2026-07-23T16:00:54.320,115.3173,9.5392,16.5473
2026-07-23T16:00:54.320,115.348,9.4608,16.4886
2026-07-23T16:00:54.341,115.352,9.5,16.4886
2026-07-23T16:00:54.357,115.3589,9.4413,16.4494
2026-07-23T16:00:54.364,115.3628,9.4217,16.4102
2026-07-23T16:00:54.383,115.3981,9.3434,16.4298
2026-07-23T16:00:54.383,115.4004,9.4608,16.3907
2026-07-23T16:00:54.399,115.4004,9.3238,16.4494
2026-07-23T16:00:54.403,115.4004,9.5,16.4298
2026-07-23T16:00:54.419,115.4154,9.3434,16.4886
2026-07-23T16:00:54.441,115.442,9.5587,16.4886
2026-07-23T16:00:54.445,115.4471,9.3629,16.5081
2026-07-23T16:00:54.445,115.4471,9.4804,16.6256
2026-07-23T16:00:54.451,115.4471,9.3434,16.6648
2026-07-23T16:00:54.466,115.4591,9.5,16.8019
2026-07-23T16:00:54.478,115.4908,9.3238,16.8998
2026-07-23T16:00:54.488,115.4908,9.5392,16.8606
2026-07-23T16:00:54.488,115.4908,9.2259,16.8019
2026-07-23T16:00:54.510,115.5058,9.3629,16.8214
2026-07-23T16:00:54.510,115.5058,9.2063,16.7823
2026-07-23T16:00:54.525,115.5404,9.3434,16.7431
2026-07-23T16:00:54.542,115.5404,9.265,16.6256
2026-07-23T16:00:54.542,115.5473,9.3825,16.8019
2026-07-23T16:00:54.557,115.5548,9.3825,16.6844
2026-07-23T16:00:54.564,115.5548,9.4413,16.7431
2026-07-23T16:00:54.588,115.5882,9.4413,16.7431
2026-07-23T16:00:54.588,115.5912,9.4413,16.7627
2026-07-23T16:00:54.598,115.5912,9.4413,16.7823
2026-07-23T16:00:54.606,115.6001,9.4413,16.7235
2026-07-23T16:00:54.611,115.6239,9.4217,16.7235
2026-07-23T16:00:54.621,115.6355,9.4804,16.7431
2026-07-23T16:00:54.635,115.6375,9.4413,16.6844
2026-07-23T16:00:54.642,115.6446,9.5,16.6061
2026-07-23T16:00:54.656,115.6506,9.3825,16.6452
2026-07-23T16:00:54.675,115.6847,9.5587,16.6452
2026-07-23T16:00:54.675,115.6864,9.4217,16.704
2026-07-23T16:00:54.688,115.6913,9.6371,16.6256
2026-07-23T16:00:54.695,115.6952,9.4217,16.704
2026-07-23T16:00:54.706,115.6983,9.6175,16.6844
2026-07-23T16:00:54.716,115.7312,9.5783,16.7627
2026-07-23T16:00:54.730,115.7312,9.8133,16.8214
2026-07-23T16:00:54.742,115.7338,9.735,16.841
2026-07-23T16:00:54.746,115.7338,9.9895,16.9781
2026-07-23T16:00:54.772,115.779,9.8329,16.8606
2026-07-23T16:00:54.772,115.779,10.0678,16.9977
2026-07-23T16:00:54.772,115.779,9.8916,16.8606
2026-07-23T16:00:54.785,115.7829,9.9699,16.8606
2026-07-23T16:00:54.793,115.7904,9.8329,16.8019
2026-07-23T16:00:54.800,115.8055,9.8525,16.8214
2026-07-23T16:00:54.816,115.8258,9.9112,16.6844
2026-07-23T16:00:54.827,115.8292,9.8916,16.6844
2026-07-23T16:00:54.834,115.8324,9.872,16.5277
2026-07-23T16:00:54.849,115.8685,9.8525,16.5277
2026-07-23T16:00:54.849,115.8685,9.8133,16.4298
2026-07-23T16:00:54.856,115.8739,9.735,16.3515
2026-07-23T16:00:54.877,115.8791,9.7741,16.2732
2026-07-23T16:00:54.883,115.8791,9.6958,16.3515
2026-07-23T16:00:54.893,115.8843,9.7545,16.3711
2026-07-23T16:00:54.904,115.9164,9.8329,16.3711
2026-07-23T16:00:54.915,115.9164,9.8525,16.4886
2026-07-23T16:00:54.925,115.9164,10.0091,16.4886
2026-07-23T16:00:54.930,115.9317,10.0091,16.5865
2026-07-23T16:00:54.949,115.9575,10.2049,16.4886
2026-07-23T16:00:54.951,115.9633,10.0091,16.5473
2026-07-23T16:00:54.951,115.9648,10.2441,16.5277
2026-07-23T16:00:54.967,115.9748,10.0483,16.5473
2026-07-23T16:00:54.982,115.9798,10.1657,16.5277
2026-07-23T16:00:54.986,116.013,10.107,16.4886
2026-07-23T16:00:55.008,116.013,10.2245,16.5277
2026-07-23T16:00:55.008,116.013,10.0678,16.469
2026-07-23T16:00:55.026,116.0216,10.1657,16.4886
2026-07-23T16:00:55.034,116.0316,9.9112,16.469
2026-07-23T16:00:55.043,116.0575,10.0678,16.3907
2026-07-23T16:00:55.050,116.059,9.9308,16.3515
2026-07-23T16:00:55.064,116.0622,9.7937,16.3123
2026-07-23T16:00:55.072,116.0665,9.735,16.2536
2026-07-23T16:00:55.082,116.0691,9.5783,16.2144
2026-07-23T16:00:55.094,116.0981,9.5979,16.1753
2026-07-23T16:00:55.098,116.1033,9.6371,16.2928
2026-07-23T16:00:55.117,116.1064,9.6958,16.2732
2026-07-23T16:00:55.120,116.1064,9.6762,16.3711
2026-07-23T16:00:55.133,116.142,9.6958,16.2928
2026-07-23T16:00:55.143,116.142,9.6762,16.234
2026-07-23T16:00:55.157,116.1477,9.6371,16.2732
2026-07-23T16:00:55.157,116.1505,9.8133,16.2536
2026-07-23T16:00:55.182,116.1694,9.8916,16.3907
2026-07-23T16:00:55.182,116.1694,10.0483,16.4886
2026-07-23T16:00:55.193,116.1694,10.0287,16.6844
2026-07-23T16:00:55.201,116.1927,10.1657,16.6648
2026-07-23T16:00:55.220,116.2228,10.0678,16.8019
2026-07-23T16:00:55.220,116.2253,10.2049,16.8214
2026-07-23T16:00:55.236,116.2329,10.1657,16.9585
2026-07-23T16:00:55.243,116.2356,10.1462,16.9585
2026-07-23T16:00:55.266,116.2712,10.0483,16.9585
2026-07-23T16:00:55.266,116.2712,10.2245,16.9781
2026-07-23T16:00:55.275,116.2712,10.0874,16.9193
2026-07-23T16:00:55.284,116.2815,10.3224,16.8998
2026-07-23T16:00:55.300,116.3122,10.3224,16.8214
2026-07-23T16:00:55.300,116.3122,10.5574,16.9193
2026-07-23T16:00:55.316,116.3122,10.4595,17.0368
2026-07-23T16:00:55.322,116.3279,10.5378,17.2131
2026-07-23T16:00:55.332,116.329,10.5574,17.3305
2026-07-23T16:00:55.349,116.3648,10.6161,17.5263
2026-07-23T16:00:55.363,116.3648,10.6944,17.4676
2026-07-23T16:00:55.363,116.3648,10.7336,17.5655
2026-07-23T16:00:55.363,116.3756,10.8707,17.5655
2026-07-23T16:00:55.384,116.4065,10.7923,17.6243
2026-07-23T16:00:55.394,116.4161,10.9686,17.6243
2026-07-23T16:00:55.410,116.4161,10.8902,17.5459
2026-07-23T16:00:55.416,116.4225,10.9294,17.683
2026-07-23T16:00:55.426,116.4312,10.8315,17.6243
2026-07-23T16:00:55.426,116.4312,10.9881,17.5851
2026-07-23T16:00:55.449,116.4698,10.9686,17.8592
2026-07-23T16:00:55.457,116.4698,11.086,17.9571
2026-07-23T16:00:55.467,116.4739,11.1644,18.0746
2026-07-23T16:00:55.473,116.4739,11.2035,18.0746
2026-07-23T16:00:55.482,116.4739,11.3993,18.0354
2026-07-23T16:00:55.499,116.5162,11.321,18.1334
2026-07-23T16:00:55.509,116.5182,11.4972,18.055
2026-07-23T16:00:55.521,116.5182,11.3406,18.0159
2026-07-23T16:00:55.525,116.5182,11.4189,18.055
2026-07-23T16:00:55.525,116.5332,11.2818,18.1138
2026-07-23T16:00:55.545,116.5645,11.4777,18.1529
2026-07-23T16:00:55.552,116.5686,11.4189,18.2313
2026-07-23T16:00:55.567,116.5686,11.6147,18.1725
2026-07-23T16:00:55.569,116.5762,11.5168,18.2313
2026-07-23T16:00:55.584,116.5851,11.6539,18.2508
2026-07-23T16:00:55.600,116.6203,11.556,18.2508
2026-07-23T16:00:55.600,116.6203,11.7126,18.4271
2026-07-23T16:00:55.615,116.6249,11.8497,18.4662
2026-07-23T16:00:55.619,116.6283,12.0259,18.6424
2026-07-23T16:00:55.636,116.6315,12.3,18.7208
2026-07-23T16:00:55.649,116.6601,12.4567,18.8774
2026-07-23T16:00:55.663,116.6668,12.5546,19.0341
2026-07-23T16:00:55.664,116.6668,12.4567,19.0928
2026-07-23T16:00:55.676,116.6732,12.535,19.1515
2026-07-23T16:00:55.682,116.6757,12.4371,19.1907
2026-07-23T16:00:55.707,116.7075,12.5546,19.3082
2026-07-23T16:00:55.707,116.7085,12.5938,19.4257
2026-07-23T16:00:55.711,116.7085,12.7504,19.5823
2026-07-23T16:00:55.724,116.7148,12.7308,19.5627
2026-07-23T16:00:55.731,116.7481,12.6329,19.5432
2026-07-23T16:00:55.749,116.7553,12.6721,19.4844
2026-07-23T16:00:55.749,116.7553,12.6525,19.4648
2026-07-23T16:00:55.766,116.7553,12.77,19.3669
2026-07-23T16:00:55.766,116.7648,12.6917,19.504
2026-07-23T16:00:55.792,116.7981,12.7504,19.6606
2026-07-23T16:00:55.799,116.7981,12.6917,19.7977
2026-07-23T16:00:55.806,116.8026,12.6329,19.8956
2026-07-23T16:00:55.818,116.8094,12.5742,19.8956
2026-07-23T16:00:55.822,116.8351,12.6329,19.9152
2026-07-23T16:00:55.843,116.8481,12.5154,19.7194
2026-07-23T16:00:55.846,116.8509,12.5546,19.6802
2026-07-23T16:00:55.860,116.8566,12.4763,19.6802
2026-07-23T16:00:55.860,116.8908,12.3784,19.7586
2026-07-23T16:00:55.886,116.8952,12.4175,19.6998
2026-07-23T16:00:55.886,116.8983,12.2609,19.739
2026-07-23T16:00:55.886,116.8983,12.3588,19.6215
2026-07-23T16:00:55.907,116.8983,12.2217,19.5236
2026-07-23T16:00:55.912,116.8983,12.2413,19.4257
2026-07-23T16:00:55.933,116.9481,12.1826,19.3865
2026-07-23T16:00:55.933,116.9481,12.3196,19.4257
2026-07-23T16:00:55.949,116.9528,12.1826,19.5236
2026-07-23T16:00:55.949,116.9557,12.2805,19.6411
2026-07-23T16:00:55.965,116.9771,12.2021,19.6215
2026-07-23T16:00:55.982,116.9954,12.2021,19.7781
2026-07-23T16:00:55.982,116.9954,12.1434,19.5823
2026-07-23T16:00:55.999,117.0003,12.1238,19.4648
2026-07-23T16:00:56.009,117.0003,12.0063,19.3082
2026-07-23T16:00:56.016,117.0315,11.9476,19.3669
2026-07-23T16:00:56.028,117.0422,11.928,19.3474
2026-07-23T16:00:56.028,117.0422,11.8497,19.5823
2026-07-23T16:00:56.046,117.0422,11.9868,19.4453
2026-07-23T16:00:56.051,117.0482,11.8693,19.504
2026-07-23T16:00:56.060,117.0838,11.8889,19.6215
2026-07-23T16:00:56.082,117.0889,11.9084,19.5432
2026-07-23T16:00:56.082,117.0889,11.9084,19.6019
2026-07-23T16:00:56.093,117.0944,11.8889,19.6998
2026-07-23T16:00:56.099,117.0979,11.9868,19.8369
2026-07-23T16:00:56.107,117.1317,11.9476,19.8956
2026-07-23T16:00:56.123,117.1354,11.9672,19.9152
2026-07-23T16:00:56.135,117.1391,12.0847,19.8565
2026-07-23T16:00:56.149,117.1482,11.8889,19.876
2026-07-23T16:00:56.149,117.1512,12.0651,19.7977
2026-07-23T16:00:56.176,117.1882,11.8693,19.7586
2026-07-23T16:00:56.176,117.1882,11.9868,19.739
2026-07-23T16:00:56.190,117.1963,11.8301,19.6802
2026-07-23T16:00:56.199,117.1983,11.928,19.6802
2026-07-23T16:00:56.202,117.1983,11.8497,19.6215
2026-07-23T16:00:56.218,117.2347,11.928,19.7586
2026-07-23T16:00:56.218,117.2347,11.8105,19.7586
2026-07-23T16:00:56.239,117.2405,11.9868,19.9348
2026-07-23T16:00:56.249,117.2454,11.9476,19.9348
2026-07-23T16:00:56.249,117.2503,11.9672,20.0131
2026-07-23T16:00:56.265,117.2893,11.9672,20.0131
2026-07-23T16:00:56.281,117.2893,12.0847,19.9739
2026-07-23T16:00:56.285,117.2934,12.163,20.0131
2026-07-23T16:00:56.291,117.2983,12.2413,20.111
2026-07-23T16:00:56.301,117.3407,12.2609,20.0131
2026-07-23T16:00:56.334,117.3486,12.3196,20.0327
2026-07-23T16:00:56.334,117.3486,12.1434,20.0131
2026-07-23T16:00:56.340,117.3571,12.1042,19.9739
2026-07-23T16:00:56.349,117.3571,12.2021,19.9935
2026-07-23T16:00:56.356,117.3647,12.1434,19.9739
2026-07-23T16:00:56.362,117.3981,12.3588,20.0718
2026-07-23T16:00:56.376,117.4044,12.1826,20.1306
2026-07-23T16:00:56.392,117.4044,12.1238,20.1502
2026-07-23T16:00:56.392,117.4044,12.2217,20.0131
2026-07-23T16:00:56.408,117.4174,12.0847,20.0523
2026-07-23T16:00:56.415,117.4203,12.3,20.0327
2026-07-23T16:00:56.424,117.4519,12.0651,20.1306
2026-07-23T16:00:56.433,117.4589,12.2021,20.1306
2026-07-23T16:00:56.449,117.4649,12.0259,20.1306
2026-07-23T16:00:56.455,117.4676,12.1434,20.111
2026-07-23T16:00:56.468,117.4676,11.9868,20.0914
2026-07-23T16:00:56.471,117.4784,12.2413,20.1502
2026-07-23T16:00:56.503,117.5169,12.0063,20.0131
2026-07-23T16:00:56.503,117.5169,12.1826,20.0327
2026-07-23T16:00:56.503,117.5169,12.0847,19.9935
2026-07-23T16:00:56.516,117.5237,12.1826,20.0523
2026-07-23T16:00:56.529,117.5309,12.0847,20.0523
2026-07-23T16:00:56.535,117.5314,12.0651,20.0131
2026-07-23T16:00:56.541,117.5647,12.0259,19.9739
2026-07-23T16:00:56.552,117.5647,11.9868,19.9544
2026-07-23T16:00:56.552,117.5647,12.0455,19.9935
2026-07-23T16:00:56.574,117.5647,12.0063,19.9739
2026-07-23T16:00:56.582,117.5794,12.0455,20.0523
2026-07-23T16:00:56.594,117.6101,12.0063,20.0131
2026-07-23T16:00:56.599,117.6101,11.9868,20.0327
2026-07-23T16:00:56.599,117.6101,11.928,19.9544
2026-07-23T16:00:56.629,117.6101,11.9476,19.876
2026-07-23T16:00:56.630,117.6487,11.9476,19.8565
2026-07-23T16:00:56.645,117.6487,11.8301,19.9152
2026-07-23T16:00:56.649,117.6574,11.9868,19.7977
2026-07-23T16:00:56.661,117.6574,11.8693,19.8565
2026-07-23T16:00:56.661,117.666,11.928,19.7781
2026-07-23T16:00:56.682,117.6982,11.6735,19.8565
2026-07-23T16:00:56.692,117.7008,11.8693,19.7781
2026-07-23T16:00:56.699,117.7034,11.7714,19.876
2026-07-23T16:00:56.717,117.7049,11.9084,19.7781
2026-07-23T16:00:56.724,117.7386,11.7518,19.7781
2026-07-23T16:00:56.740,117.7473,11.8889,19.739
2026-07-23T16:00:56.740,117.7488,11.7714,19.6606
2026-07-23T16:00:56.756,117.7524,11.7322,19.6802
2026-07-23T16:00:56.771,117.7927,11.6539,19.5627
2026-07-23T16:00:56.787,117.7947,11.693,19.6802
2026-07-23T16:00:56.789,117.7947,11.6539,19.5627
2026-07-23T16:00:56.798,117.7987,11.7714,19.6606
2026-07-23T16:00:56.803,117.7987,11.7126,19.7586
2026-07-23T16:00:56.819,117.8386,11.7909,19.9152
2026-07-23T16:00:56.836,117.8386,11.7322,19.9348
2026-07-23T16:00:56.836,117.8386,11.7909,20.0327
2026-07-23T16:00:56.845,117.8468,11.7518,20.1306
2026-07-23T16:00:56.849,117.8489,11.9084,20.1697
2026-07-23T16:00:56.865,117.878,11.9476,20.4243
2026-07-23T16:00:56.881,117.8922,11.928,20.6005
2026-07-23T16:00:56.881,117.8922,12.0063,20.6201
2026-07-23T16:00:56.900,117.8993,12.0455,20.6593
2026-07-23T16:00:56.900,117.8993,11.928,20.6984
2026-07-23T16:00:56.916,117.9316,12.0455,20.6788
2026-07-23T16:00:56.927,117.9316,11.9476,20.6788
2026-07-23T16:00:56.929,117.9316,12.1042,20.5418
2026-07-23T16:00:56.945,117.9417,11.9672,20.6005
2026-07-23T16:00:56.950,117.949,12.2609,20.5809
2026-07-23T16:00:56.976,117.9819,12.0651,20.5418
2026-07-23T16:00:56.976,117.9819,12.2413,20.5418
2026-07-23T16:00:56.982,117.9819,12.0651,20.6201
2026-07-23T16:00:56.993,117.9894,12.2609,20.6201
2026-07-23T16:00:57.008,118.0208,12.0455,20.7768
2026-07-23T16:00:57.025,118.0288,12.2217,20.718
2026-07-23T16:00:57.025,118.0288,12.0259,20.5418
2026-07-23T16:00:57.033,118.0315,12.163,20.5026
2026-07-23T16:00:57.040,118.0315,11.9672,20.5222
2026-07-23T16:00:57.052,118.0679,11.9672,20.5026
2026-07-23T16:00:57.056,118.0679,11.928,20.5809
2026-07-23T16:00:57.080,118.0679,12.0455,20.6984
2026-07-23T16:00:57.082,118.0848,12.0259,20.7963
2026-07-23T16:00:57.094,118.1231,12.0259,20.8551
2026-07-23T16:00:57.104,118.1265,11.9476,20.8551
2026-07-23T16:00:57.116,118.1315,11.9868,20.8159
2026-07-23T16:00:57.119,118.1315,11.9868,20.9138
2026-07-23T16:00:57.136,118.1315,12.0455,20.9138
2026-07-23T16:00:57.151,118.1731,12.2413,21.0117
2026-07-23T16:00:57.166,118.1731,12.4175,20.9921
2026-07-23T16:00:57.166,118.1731,12.3392,21.0705
2026-07-23T16:00:57.177,118.1787,12.4175,21.0117
2026-07-23T16:00:57.182,118.1824,12.3196,21.0313
2026-07-23T16:00:57.200,118.2174,12.3588,20.8942
2026-07-23T16:00:57.219,118.2184,12.163,20.8159
2026-07-23T16:00:57.219,118.2184,12.3588,20.718
2026-07-23T16:00:57.224,118.2256,12.1434,20.6005
2026-07-23T16:00:57.233,118.2335,12.2609,20.5418
2026-07-23T16:00:57.245,118.2651,12.0651,20.5809
2026-07-23T16:00:57.263,118.2704,12.2021,20.6005
2026-07-23T16:00:57.268,118.2749,12.0063,20.6397
2026-07-23T16:00:57.276,118.2779,12.2413,20.6397
2026-07-23T16:00:57.284,118.2779,11.9672,20.6201
2026-07-23T16:00:57.292,118.3117,12.2217,20.6788
2026-07-23T16:00:57.309,118.3203,12.0455,20.6593
2026-07-23T16:00:57.316,118.3203,12.2413,20.6397
2026-07-23T16:00:57.329,118.3291,12.163,20.6201
2026-07-23T16:00:57.329,118.3291,12.2021,20.6984
2026-07-23T16:00:57.349,118.3693,12.1042,20.5614
2026-07-23T16:00:57.355,118.3693,12.0259,20.6788
2026-07-23T16:00:57.362,118.3693,12.0063,20.6788
2026-07-23T16:00:57.380,118.3767,12.0063,20.7963
2026-07-23T16:00:57.380,118.3767,11.9672,20.9334
2026-07-23T16:00:57.403,118.4017,11.8693,20.9921
2026-07-23T16:00:57.403,118.4161,11.9084,21.0509
2026-07-23T16:00:57.420,118.4186,11.8497,20.953
2026-07-23T16:00:57.420,118.4186,11.693,20.953
2026-07-23T16:00:57.436,118.4604,11.6539,20.7963
2026-07-23T16:00:57.442,118.4648,11.4972,20.6984
2026-07-23T16:00:57.452,118.4648,11.3798,20.5614
2026-07-23T16:00:57.452,118.4648,11.1252,20.6397
2026-07-23T16:00:57.469,118.4736,11.2231,20.6397
2026-07-23T16:00:57.482,118.5111,10.9686,20.7572
2026-07-23T16:00:57.500,118.5151,11.1448,20.8747
2026-07-23T16:00:57.500,118.5151,10.9686,21.1096
2026-07-23T16:00:57.516,118.5151,11.2035,21.2271
2026-07-23T16:00:57.524,118.5151,10.9294,21.325
2026-07-23T16:00:57.531,118.5624,11.0077,21.3838
2026-07-23T16:00:57.553,118.565,10.8511,21.3054
2026-07-23T16:00:57.553,118.565,11.0273,21.3054
2026-07-23T16:00:57.566,118.5716,10.8902,21.1684
2026-07-23T16:00:57.577,118.5739,11.1252,21.0313
2026-07-23T16:00:57.582,118.6058,11.0469,20.9138
2026-07-23T16:00:57.601,118.6058,11.0665,20.9726
2026-07-23T16:00:57.608,118.6172,11.0665,20.953
2026-07-23T16:00:57.616,118.6207,11.1252,21.09
2026-07-23T16:00:57.625,118.6269,11.086,21.0509
2026-07-23T16:00:57.656,118.6524,11.1252,20.9921
2026-07-23T16:00:57.656,118.6524,10.9881,21.0705
2026-07-23T16:00:57.656,118.6524,11.0077,21.1096
2026-07-23T16:00:57.657,118.6636,10.9098,21.09
2026-07-23T16:00:57.678,118.6688,10.8902,21.1096
2026-07-23T16:00:57.703,118.7027,10.8511,21.1879
2026-07-23T16:00:57.703,118.7027,10.9881,21.325
2026-07-23T16:00:57.703,118.7027,11.0077,21.6579
2026-07-23T16:00:57.714,118.7102,11.2035,21.5796
2026-07-23T16:00:57.734,118.7453,10.9881,21.6187
2026-07-23T16:00:57.736,118.7487,11.3014,21.4817
2026-07-23T16:00:57.749,118.7502,11.2427,21.56
2026-07-23T16:00:57.754,118.7522,11.5756,21.4425
2026-07-23T16:00:57.768,118.7561,11.4972,21.4425
2026-07-23T16:00:57.768,118.7923,11.7518,21.3838
2026-07-23T16:00:57.784,118.7938,11.7126,21.3838
2026-07-23T16:00:57.796,118.7983,11.7909,21.5208
2026-07-23T16:00:57.807,118.806,11.693,21.6579
2026-07-23T16:00:57.820,118.8356,11.9672,21.8929
2026-07-23T16:00:57.833,118.8402,11.7126,21.9908
2026-07-23T16:00:57.833,118.8402,11.8497,22.0495
2026-07-23T16:00:57.849,118.8463,11.7126,22.0103
2026-07-23T16:00:57.857,118.8503,11.7714,22.0691
2026-07-23T16:00:57.863,118.8879,11.7322,22.0299
2026-07-23T16:00:57.879,118.8906,11.7714,21.9908
2026-07-23T16:00:57.891,118.8951,11.7714,21.7754
2026-07-23T16:00:57.897,118.9002,11.7909,21.8537
2026-07-23T16:00:57.901,118.938,11.6735,21.9908
2026-07-23T16:00:57.928,118.9455,11.693,22.1278
2026-07-23T16:00:57.928,118.9455,11.6147,22.2257
2026-07-23T16:00:57.936,118.9504,11.5756,22.1866
2026-07-23T16:00:57.957,118.957,11.4972,22.0299
2026-07-23T16:00:57.958,118.9608,11.4777,21.932
2026-07-23T16:00:57.982,119.0026,11.4385,21.9516
2026-07-23T16:00:57.982,119.0041,11.5364,21.9124
2026-07-23T16:00:57.982,119.0041,11.3406,22.0103
2026-07-23T16:00:57.996,119.0041,11.4581,22.0887
2026-07-23T16:00:58.012,119.0041,11.2818,22.2257
2026-07-23T16:00:58.016,119.0204,11.4385,22.1866
2026-07-23T16:00:58.037,119.0572,11.2818,22.3236
2026-07-23T16:00:58.046,119.0613,11.556,22.4215
2026-07-23T16:00:58.046,119.0613,11.5168,22.5978
2026-07-23T16:00:58.055,119.0656,11.7322,22.7152
2026-07-23T16:00:58.068,119.0656,11.5756,22.8132
2026-07-23T16:00:58.102,119.119,11.8301,22.774
2026-07-23T16:00:58.102,119.121,11.5756,22.7152
2026-07-23T16:00:58.102,119.121,11.7322,22.7152
2026-07-23T16:00:58.112,119.125,11.5756,22.5782
2026-07-23T16:00:58.116,119.1318,11.5364,22.4607
2026-07-23T16:00:58.131,119.1338,11.5364,22.3432
2026-07-23T16:00:58.137,119.1722,11.4972,22.3824
2026-07-23T16:00:58.163,119.1847,11.4385,22.3628
2026-07-23T16:00:58.163,119.1847,11.5168,22.4411
2026-07-23T16:00:58.172,119.1954,11.556,22.3824
2026-07-23T16:00:58.179,119.1954,11.6343,22.4607
2026-07-23T16:00:58.192,119.2009,11.5951,22.5782
2026-07-23T16:00:58.194,119.2086,11.5756,22.7348
2026-07-23T16:00:58.220,119.2481,11.6343,22.9502
2026-07-23T16:00:58.220,119.2506,11.6539,23.0285
2026-07-23T16:00:58.236,119.2584,11.6343,23.1069
2026-07-23T16:00:58.236,119.2584,11.6343,22.8523
2026-07-23T16:00:58.252,119.2669,11.556,22.6957
2026-07-23T16:00:58.257,119.2718,11.4777,22.5194
2026-07-23T16:00:58.264,119.3143,11.2035,22.5194
2026-07-23T16:00:58.290,119.3171,11.3014,22.4215
2026-07-23T16:00:58.290,119.3171,11.0665,22.5194
2026-07-23T16:00:58.299,119.3315,11.2231,22.4411
2026-07-23T16:00:58.307,119.336,11.0469,22.5586
2026-07-23T16:00:58.325,119.3432,11.2231,22.7348
2026-07-23T16:00:58.327,119.3471,11.0665,22.774
2026-07-23T16:00:58.346,119.3896,11.2035,22.8719
2026-07-23T16:00:58.356,119.3896,11.0469,22.6957
2026-07-23T16:00:58.356,119.3896,11.1252,22.6761
2026-07-23T16:00:58.368,119.3985,11.0469,22.4999
2026-07-23T16:00:58.368,119.4027,11.321,22.4803
2026-07-23T16:00:58.394,119.4084,11.1056,22.3824
2026-07-23T16:00:58.394,119.4131,11.1644,22.3824
2026-07-23T16:00:58.402,119.4545,11.0665,22.402
2026-07-23T16:00:58.432,119.4612,11.0273,22.3628
2026-07-23T16:00:58.432,119.465,10.9294,22.3041
2026-07-23T16:00:58.440,119.4677,10.9294,22.1866
2026-07-23T16:00:58.447,119.4777,10.9098,22.0887
2026-07-23T16:00:58.459,119.4835,11.0665,22.1866
2026-07-23T16:00:58.469,119.4835,11.0665,22.2845
2026-07-23T16:00:58.482,119.5335,11.0273,22.3236
2026-07-23T16:00:58.505,119.5398,10.9881,22.4803
2026-07-23T16:00:58.505,119.5398,10.949,22.4803
2026-07-23T16:00:58.512,119.5465,10.9294,22.4215
2026-07-23T16:00:58.519,119.5465,10.9686,22.4215
2026-07-23T16:00:58.534,119.5571,10.8902,22.3628
2026-07-23T16:00:58.542,119.5613,11.0273,22.1082
2026-07-23T16:00:58.546,119.5983,10.7923,22.0887
2026-07-23T16:00:58.574,119.61,10.9881,21.9908
2026-07-23T16:00:58.577,119.61,11.0469,22.1278
2026-07-23T16:00:58.577,119.61,11.2818,22.1082
2026-07-23T16:00:58.591,119.6203,11.0273,22.167
2026-07-23T16:00:58.597,119.6228,11.4189,22.2649
2026-07-23T16:00:58.608,119.6291,11.321,22.3628
2026-07-23T16:00:58.616,119.6344,11.4581,22.2845
2026-07-23T16:00:58.629,119.6724,11.2427,22.2649
2026-07-23T16:00:58.637,119.6724,11.321,22.2061
2026-07-23T16:00:58.649,119.6724,11.0665,22.0495
2026-07-23T16:00:58.661,119.6852,11.1644,21.9516
2026-07-23T16:00:58.661,119.6885,11.1056,21.7558
2026-07-23T16:00:58.685,119.6983,11.1644,21.8341
2026-07-23T16:00:58.685,119.6983,11.2818,21.8929
2026-07-23T16:00:58.717,119.7317,11.3993,22.0103
2026-07-23T16:00:58.719,119.7459,11.4581,22.167
2026-07-23T16:00:58.723,119.7493,11.5756,22.4607
2026-07-23T16:00:58.723,119.7508,11.5364,22.3432
2026-07-23T16:00:58.739,119.7534,11.556,22.3236
2026-07-23T16:00:58.749,119.7577,11.4777,22.2453
2026-07-23T16:00:58.749,119.7652,11.5364,22.3432
2026-07-23T16:00:58.770,119.807,11.6539,22.5194
2026-07-23T16:00:58.782,119.8097,11.6343,22.6565
2026-07-23T16:00:58.782,119.8097,11.7322,22.7152
2026-07-23T16:00:58.797,119.8195,11.7518,22.7544
2026-07-23T16:00:58.809,119.825,11.7126,22.8523
2026-07-23T16:00:58.819,119.828,11.7322,22.7936
2026-07-23T16:00:58.829,119.8726,11.556,22.8523
2026-07-23T16:00:58.849,119.8783,11.6735,22.774
2026-07-23T16:00:58.849,119.8783,11.5756,22.8327
2026-07-23T16:00:58.860,119.8819,11.7322,22.774
2026-07-23T16:00:58.870,119.8877,11.6147,22.7936
2026-07-23T16:00:58.879,119.8923,11.8693,22.7936
2026-07-23T16:00:58.888,119.8947,11.7518,22.8915
2026-07-23T16:00:58.907,119.9314,11.8889,22.9306
2026-07-23T16:00:58.907,119.9314,11.6539,22.9698
2026-07-23T16:00:58.907,119.9314,11.7322,23.0873
2026-07-23T16:00:58.929,119.9412,11.6147,23.009
2026-07-23T16:00:58.943,119.9412,11.7714,23.1069
2026-07-23T16:00:58.949,119.9514,11.5951,22.9111
2026-07-23T16:00:58.971,119.9871,11.7714,23.0481
2026-07-23T16:00:58.971,119.9871,11.7518,23.0873
2026-07-23T16:00:58.971,119.9871,11.7126,23.1656
2026-07-23T16:00:58.992,119.9956,11.7322,23.2048
2026-07-23T16:00:59.001,120.0036,11.7714,23.2831
2026-07-23T16:00:59.002,120.0069,11.8105,23.2439
2026-07-23T16:00:59.034,120.0513,11.7909,23.1852
2026-07-23T16:00:59.038,120.0513,11.8301,23.2048
2026-07-23T16:00:59.038,120.0513,11.7714,23.146
2026-07-23T16:00:59.057,120.0622,11.8105,23.1069
2026-07-23T16:00:59.058,120.0648,11.7714,23.146
2026-07-23T16:00:59.082,120.1052,11.8105,23.1852
2026-07-23T16:00:59.082,120.108,11.7909,23.1656
2026-07-23T16:00:59.092,120.1097,11.8301,23.3223
2026-07-23T16:00:59.097,120.1138,11.9672,23.3418
2026-07-23T16:00:59.113,120.1231,11.928,23.5181
2026-07-23T16:00:59.120,120.1231,12.0259,23.5964
2026-07-23T16:00:59.146,120.1623,11.928,23.6355
2026-07-23T16:00:59.146,120.1623,12.0455,23.5376
2026-07-23T16:00:59.146,120.1623,12.1238,23.6747
2026-07-23T16:00:59.156,120.173,12.3392,23.8314
2026-07-23T16:00:59.165,120.173,12.6133,24.0467
2026-07-23T16:00:59.179,120.181,13.0833,24.3209
2026-07-23T16:00:59.208,120.2201,13.2008,24.7712
2026-07-23T16:00:59.208,120.2276,13.377,24.6537
2026-07-23T16:00:59.208,120.2276,13.1029,24.595
2026-07-23T16:00:59.213,120.2317,13.0245,24.5167
2026-07-23T16:00:59.224,120.2361,12.7308,24.2621
2026-07-23T16:00:59.232,120.2467,12.6133,24.1642
2026-07-23T16:00:59.259,120.2828,12.6721,24.0272
2026-07-23T16:00:59.263,120.2828,12.8287,24.2425
2026-07-23T16:00:59.263,120.2828,12.9854,24.1642
2026-07-23T16:00:59.282,120.2959,13.1224,24.3013
2026-07-23T16:00:59.287,120.2985,13.3182,24.3992
2026-07-23T16:00:59.297,120.2985,13.4161,24.3209
2026-07-23T16:00:59.306,120.3402,13.2987,24.3405
2026-07-23T16:00:59.318,120.3402,13.1029,24.0467
2026-07-23T16:00:59.318,120.3402,13.1029,23.988
2026-07-23T16:00:59.334,120.3539,13.0833,24.0859
2026-07-23T16:00:59.347,120.3571,13.2987,24.2621
2026-07-23T16:00:59.349,120.3599,13.377,24.2034
2026-07-23T16:00:59.365,120.3941,13.5336,24.3209
2026-07-23T16:00:59.382,120.3982,13.6315,24.2425
2026-07-23T16:00:59.382,120.3982,13.5924,24.3209
2026-07-23T16:00:59.397,120.4091,13.7294,24.2425
2026-07-23T16:00:59.408,120.4121,13.6707,24.3405
2026-07-23T16:00:59.412,120.4121,13.8078,24.3209
2026-07-23T16:00:59.430,120.4416,13.749,24.4775
2026-07-23T16:00:59.430,120.4519,13.8469,24.5754
2026-07-23T16:00:59.449,120.4576,13.8273,24.6146
2026-07-23T16:00:59.449,120.4623,13.8469,24.6733
2026-07-23T16:00:59.463,120.4683,13.6511,24.6146
2026-07-23T16:00:59.492,120.5093,13.7099,24.4775
2026-07-23T16:00:59.492,120.5093,13.5336,24.3405
2026-07-23T16:00:59.503,120.5171,13.5924,24.1642
2026-07-23T16:00:59.505,120.5197,13.5336,24.1642
2026-07-23T16:00:59.519,120.5252,13.6707,24.2425
2026-07-23T16:00:59.526,120.5522,13.8273,24.3796
2026-07-23T16:00:59.536,120.5651,13.8469,24.6342
2026-07-23T16:00:59.551,120.5681,14.0427,24.6342
2026-07-23T16:00:59.560,120.5749,13.984,24.8104
2026-07-23T16:00:59.568,120.5769,14.1015,24.7712
2026-07-23T16:00:59.583,120.5825,13.9644,24.7908
2026-07-23T16:00:59.596,120.6187,14.0036,24.7125
2026-07-23T16:00:59.596,120.6187,13.7882,24.4971
2026-07-23T16:00:59.603,120.6187,13.749,24.3796
2026-07-23T16:00:59.616,120.629,13.5924,24.2034
2026-07-23T16:00:59.628,120.6316,13.6707,24.2817
2026-07-23T16:00:59.633,120.6403,13.5336,24.3209
2026-07-23T16:00:59.660,120.6651,13.7099,24.5363
2026-07-23T16:00:59.660,120.6707,13.9057,24.8104
2026-07-23T16:00:59.669,120.6743,14.0232,25.0649
2026-07-23T16:00:59.669,120.6768,14.1211,25.0649
2026-07-23T16:00:59.691,120.6768,13.984,25.0454
2026-07-23T16:00:59.696,120.7126,13.9252,24.8104
2026-07-23T16:00:59.712,120.7126,13.8469,24.9279
2026-07-23T16:00:59.716,120.7198,14.0819,24.967
2026-07-23T16:00:59.728,120.7246,14.219,25.1237
2026-07-23T16:00:59.728,120.765,14.591,25.2216
2026-07-23T16:00:59.749,120.7717,14.7476,25.3978
2026-07-23T16:00:59.761,120.7717,14.9434,25.7698
2026-07-23T16:00:59.763,120.7717,14.8455,26.0048
2026-07-23T16:00:59.775,120.7717,14.963,26.1615
2026-07-23T16:00:59.786,120.8185,14.9826,26.1223
2026-07-23T16:00:59.791,120.8253,15.2176,26.3769
2026-07-23T16:00:59.807,120.8287,15.5505,26.5139
2026-07-23T16:00:59.816,120.8318,15.8833,26.8076
2026-07-23T16:00:59.823,120.8378,16.2749,27.0622
2026-07-23T16:00:59.838,120.8426,16.3337,27.3167
2026-07-23T16:00:59.861,120.8746,16.3924,27.4342
2026-07-23T16:00:59.861,120.8746,16.2749,27.5909
2026-07-23T16:00:59.861,120.8793,16.5882,27.5909
2026-07-23T16:00:59.880,120.8811,16.5687,27.6888
2026-07-23T16:00:59.889,120.8883,16.6666,27.8258
2026-07-23T16:00:59.893,120.8929,16.5491,27.7671
2026-07-23T16:00:59.903,120.9251,16.6078,27.8258
2026-07-23T16:00:59.916,120.9285,16.3533,27.9433
2026-07-23T16:00:59.925,120.9318,16.4512,27.8846
2026-07-23T16:00:59.939,120.9318,16.2554,27.8062
2026-07-23T16:00:59.944,120.9649,16.177,27.6692
2026-07-23T16:00:59.963,120.9649,16.0204,27.63
2026-07-23T16:00:59.963,120.9757,16.1183,27.7475
2026-07-23T16:00:59.976,120.9757,16.2554,27.9041
2026-07-23T16:00:59.983,120.9786,16.3924,28.1
2026-07-23T16:01:00.014,121.0201,16.3141,28.2958
2026-07-23T16:01:00.014,121.0231,16.2162,28.4524
2026-07-23T16:01:00.016,121.0231,16.2554,28.3741
2026-07-23T16:01:00.026,121.0289,16.3141,28.2958
2026-07-23T16:01:00.029,121.0655,16.3728,28.237
2026-07-23T16:01:00.044,121.0726,16.3337,28.1391
2026-07-23T16:01:00.062,121.0752,16.2749,28.2174
2026-07-23T16:01:00.074,121.0752,16.1379,28.237
2026-07-23T16:01:00.078,121.0752,16.04,28.3153
2026-07-23T16:01:00.083,121.1118,15.9421,28.1587
2026-07-23T16:01:00.105,121.1118,15.7658,28.0804
2026-07-23T16:01:00.105,121.1179,15.7463,27.9041
2026-07-23T16:01:00.116,121.1184,15.5505,27.8258
2026-07-23T16:01:00.126,121.1225,15.6875,27.7671
2026-07-23T16:01:00.137,121.1316,15.433,27.7867
2026-07-23T16:01:00.153,121.1529,15.4525,27.8258
2026-07-23T16:01:00.153,121.1529,15.2959,27.6888
2026-07-23T16:01:00.169,121.1651,15.2959,27.6692
2026-07-23T16:01:00.173,121.1723,15.1197,27.5909
2026-07-23T16:01:00.186,121.2104,15.433,27.7475
2026-07-23T16:01:00.204,121.2151,15.3938,27.8258
2026-07-23T16:01:00.204,121.2151,15.6679,28.0216
2026-07-23T16:01:00.222,121.2199,15.5113,28.0412
2026-07-23T16:01:00.230,121.2283,15.4917,28.0021
2026-07-23T16:01:00.244,121.2558,15.433,27.9433
2026-07-23T16:01:00.256,121.2605,15.3155,28.0412
2026-07-23T16:01:00.258,121.2605,15.3938,28.1587
2026-07-23T16:01:00.270,121.2648,15.2959,28.4328
2026-07-23T16:01:00.279,121.2692,15.3155,28.5503
2026-07-23T16:01:00.287,121.2986,15.2763,28.5699
2026-07-23T16:01:00.304,121.2986,15.3155,28.707
2026-07-23T16:01:00.307,121.2986,15.2763,28.844
2026-07-23T16:01:00.316,121.3121,15.2763,29.0398
2026-07-23T16:01:00.347,121.346,15.1588,29.0594
2026-07-23T16:01:00.347,121.346,15.0609,29.0986
2026-07-23T16:01:00.347,121.346,14.9239,29.0203
2026-07-23T16:01:00.349,121.3531,14.826,29.1377
2026-07-23T16:01:00.365,121.3898,14.8651,29.2552
2026-07-23T16:01:00.392,121.3937,14.5714,29.451
2026-07-23T16:01:00.392,121.3937,14.6693,29.451
2026-07-23T16:01:00.397,121.3986,14.5714,29.4119
2026-07-23T16:01:00.404,121.3986,14.7476,29.2552
2026-07-23T16:01:00.416,121.4317,14.5518,29.079
2026-07-23T16:01:00.428,121.4317,14.7476,29.0986
2026-07-23T16:01:00.440,121.4411,14.7281,29.1182
2026-07-23T16:01:00.444,121.4436,15.0218,29.2161
2026-07-23T16:01:00.449,121.4498,15.0218,29.5489
2026-07-23T16:01:00.477,121.474,15.3155,29.7252
2026-07-23T16:01:00.483,121.4808,15.1001,29.7447
2026-07-23T16:01:00.494,121.4808,15.1001,29.5294
2026-07-23T16:01:00.494,121.4808,14.8651,29.2161
2026-07-23T16:01:00.508,121.5197,14.7281,28.9419
2026-07-23T16:01:00.523,121.5197,14.4735,28.6482
2026-07-23T16:01:00.525,121.5318,14.3756,28.5307
2026-07-23T16:01:00.532,121.5356,14.2385,28.3937
2026-07-23T16:01:00.555,121.565,14.1406,28.4132
2026-07-23T16:01:00.564,121.5681,13.9448,28.3545
2026-07-23T16:01:00.564,121.5681,13.9057,28.3741
2026-07-23T16:01:00.580,121.5681,13.9644,28.237
2026-07-23T16:01:00.586,121.5785,14.1406,28.1195
2026-07-23T16:01:00.598,121.6045,14.1406,28.1195
2026-07-23T16:01:00.604,121.6045,14.1798,28.0412
2026-07-23T16:01:00.619,121.6131,14.1406,28.0412
2026-07-23T16:01:00.629,121.6141,14.0819,27.9433
2026-07-23T16:01:00.649,121.6461,14.1015,27.8846
2026-07-23T16:01:00.649,121.6493,14.0232,27.8846
2026-07-23T16:01:00.655,121.6532,13.9057,27.8258
2026-07-23T16:01:00.665,121.6532,14.0819,27.7671
2026-07-23T16:01:00.678,121.6774,13.9252,27.7279
2026-07-23T16:01:00.683,121.6933,13.984,27.63
2026-07-23T16:01:00.697,121.6933,13.7882,27.6104
2026-07-23T16:01:00.704,121.6986,13.984,27.6104
2026-07-23T16:01:00.728,121.7316,13.9644,27.6496
2026-07-23T16:01:00.728,121.7316,14.1406,27.8062
2026-07-23T16:01:00.728,121.74,14.0036,27.9825
2026-07-23T16:01:00.744,121.74,14.2973,28.0412
2026-07-23T16:01:00.764,121.7711,14.0036,28.0216
2026-07-23T16:01:00.764,121.7711,14.1798,28.0608
2026-07-23T16:01:00.775,121.7711,13.9644,28.0608
2026-07-23T16:01:00.791,121.7711,14.0427,28.0216
2026-07-23T16:01:00.791,121.7906,14.0427,28.1391
2026-07-23T16:01:00.822,121.8186,14.2385,28.3545
2026-07-23T16:01:00.822,121.8186,14.3364,28.6286
2026-07-23T16:01:00.822,121.8186,14.2581,28.9811
2026-07-23T16:01:00.838,121.8284,14.1602,29.0986
2026-07-23T16:01:00.849,121.8532,14.0819,29.0986
2026-07-23T16:01:00.865,121.865,14.0819,29.0986
2026-07-23T16:01:00.865,121.866,14.1798,29.2552
2026-07-23T16:01:00.879,121.8739,14.4735,29.451
2026-07-23T16:01:00.890,121.9074,14.5127,29.8035
2026-07-23T16:01:00.901,121.9074,14.6302,30.0972
2026-07-23T16:01:00.904,121.9074,14.6302,30.0972
2026-07-23T16:01:00.925,121.919,14.4931,30.0972
2026-07-23T16:01:00.925,121.9222,14.6497,30.0385
2026-07-23T16:01:00.949,121.9535,14.4931,30.1364
2026-07-23T16:01:00.950,121.9615,14.8847,30.3909
2026-07-23T16:01:00.958,121.965,14.9043,30.6455
2026-07-23T16:01:00.970,121.9679,15.0805,30.5867
2026-07-23T16:01:00.977,122.0056,14.826,30.5671
2026-07-23T16:01:00.998,122.0091,14.8064,30.4888
2026-07-23T16:01:01.004,122.0091,14.356,30.528
2026-07-23T16:01:01.004,122.0149,14.3952,30.5476
2026-07-23T16:01:01.019,122.0149,14.0623,30.1951
2026-07-23T16:01:01.036,122.0474,13.984,29.8035
2026-07-23T16:01:01.036,122.052,13.6315,29.4706
2026-07-23T16:01:01.049,122.0563,13.5728,29.2944
2026-07-23T16:01:01.058,122.0591,13.2203,29.1769
2026-07-23T16:01:01.066,122.0591,13.2595,29.1965
2026-07-23T16:01:01.082,122.0909,12.9462,29.0594
2026-07-23T16:01:01.092,122.0909,12.8679,28.8244
2026-07-23T16:01:01.098,122.0909,12.6329,28.4328
2026-07-23T16:01:01.107,122.0984,12.3588,28.0021
2026-07-23T16:01:01.123,122.1316,11.9868,27.4342
2026-07-23T16:01:01.123,122.1337,11.6343,26.651
2026-07-23T16:01:01.139,122.1389,11.2427,25.6132
2026-07-23T16:01:01.149,122.1429,10.8902,24.1251
2026-07-23T16:01:01.166,122.1669,10.2245,21.932
2026-07-23T16:01:01.175,122.1725,9.4021,19.0732
2026-07-23T16:01:01.175,122.1725,8.3056,16.1557
2026-07-23T16:01:01.194,122.1867,6.8958,13.3948
2026-07-23T16:01:01.199,122.1867,5.0943,10.6927
2026-07-23T16:01:01.205,122.2197,4.0761,8.1863
2026-07-23T16:01:01.218,122.2232,2.9209,6.0716
2026-07-23T16:01:01.233,122.2299,2.0789,3.9765
2026-07-23T16:01:01.237,122.2316,1.2173,2.3904
2026-07-23T16:01:01.249,122.265,0.7278,1.196
2026-07-23T16:01:01.249,122.265,0.0621,0.2561
2026-07-23T16:01:01.270,122.2766,-0.1533,-0.39
2026-07-23T16:01:01.280,122.284,-0.7016,-0.9187
2026-07-23T16:01:01.282,122.2883,-0.7799,-1.3495
2026-07-23T16:01:01.305,122.3163,-1.2303,-1.6628
2026-07-23T16:01:01.307,122.324,-1.289,-1.7803
2026-07-23T16:01:01.316,122.3336,-1.6415,-1.839
2026-07-23T16:01:01.335,122.3413,-1.5631,-1.7411
2026-07-23T16:01:01.342,122.3413,-1.8373,-1.8782
2026-07-23T16:01:01.349,122.3802,-1.7394,-1.8782
2026-07-23T16:01:01.359,122.3867,-1.9352,-1.839
2026-07-23T16:01:01.375,122.3935,-1.7981,-1.7803
2026-07-23T16:01:01.375,122.3935,-1.9939,-1.7999
2026-07-23T16:01:01.392,122.4034,-1.8568,-1.6628
2026-07-23T16:01:01.392,122.4034,-1.9743,-1.7215
2026-07-23T16:01:01.422,122.4338,-1.896,-1.7607
2026-07-23T16:01:01.422,122.4379,-2.0331,-1.7215
2026-07-23T16:01:01.432,122.4379,-1.896,-1.6236
2026-07-23T16:01:01.437,122.45,-1.9547,-1.6824
2026-07-23T16:01:01.454,122.454,-1.9352,-1.6628
2026-07-23T16:01:01.454,122.454,-1.9547,-1.6236
2026-07-23T16:01:01.474,122.4816,-1.9156,-1.6432
2026-07-23T16:01:01.474,122.4816,-1.9743,-1.5453
2026-07-23T16:01:01.489,122.4922,-1.9547,-1.5649
2026-07-23T16:01:01.497,122.4984,-1.9743,-1.5845
2026-07-23T16:01:01.505,122.5048,-1.9156,-1.5845
2026-07-23T16:01:01.521,122.5309,-1.9547,-1.5845
2026-07-23T16:01:01.532,122.5319,-1.9352,-1.5062
2026-07-23T16:01:01.532,122.5319,-1.9547,-1.4474
2026-07-23T16:01:01.560,122.5446,-1.7589,-1.5453
2026-07-23T16:01:01.560,122.5446,-1.9156,-1.4474
2026-07-23T16:01:01.567,122.5682,-1.7394,-1.4866
2026-07-23T16:01:01.567,122.5682,-1.8568,-1.4278
2026-07-23T16:01:01.595,122.576,-1.6806,-1.4082
2026-07-23T16:01:01.599,122.5821,-1.8373,-1.5062
2026-07-23T16:01:01.605,122.6049,-1.6415,-1.6041
2026-07-23T16:01:01.619,122.6074,-1.8764,-1.5649
2026-07-23T16:01:01.627,122.6074,-1.7589,-1.6824
2026-07-23T16:01:01.643,122.6388,-1.9352,-1.6041
2026-07-23T16:01:01.649,122.6388,-1.8177,-1.5845
2026-07-23T16:01:01.658,122.6388,-1.9743,-1.5845
2026-07-23T16:01:01.668,122.6541,-1.8568,-1.5649
2026-07-23T16:01:01.690,122.6728,-2.0527,-1.6432
2026-07-23T16:01:01.690,122.6815,-1.8764,-1.5257
2026-07-23T16:01:01.690,122.6869,-1.896,-1.4866
2026-07-23T16:01:01.705,122.6869,-1.6023,-1.3103
2026-07-23T16:01:01.716,122.7221,-1.6806,-1.2908
2026-07-23T16:01:01.732,122.7221,-1.5436,-1.1145
2026-07-23T16:01:01.738,122.7221,-1.6219,-1.1537
2026-07-23T16:01:01.752,122.7542,-1.6023,-1.095
2026-07-23T16:01:01.765,122.7562,-1.6219,-1.0754
2026-07-23T16:01:01.773,122.7562,-1.5827,-1.0362
2026-07-23T16:01:01.773,122.7562,-1.661,-1.1341
2026-07-23T16:01:01.784,122.7806,-1.5827,-1.0166
2026-07-23T16:01:01.800,122.7924,-1.6219,-0.86
2026-07-23T16:01:01.807,122.7924,-1.5827,-1.0166
2026-07-23T16:01:01.816,122.8177,-1.6219,-0.9383
2026-07-23T16:01:01.831,122.8177,-1.5631,-1.0166
2026-07-23T16:01:01.831,122.8246,-1.5436,-0.9579
2026-07-23T16:01:01.849,122.8246,-1.5827,-0.9971
2026-07-23T16:01:01.868,122.8441,-1.6219,-0.8991
2026-07-23T16:01:01.868,122.8545,-1.5631,-0.9775
2026-07-23T16:01:01.875,122.8545,-1.6415,-0.9383
2026-07-23T16:01:01.882,122.8793,-1.524,-0.9775
2026-07-23T16:01:01.895,122.8813,-1.6023,-0.8404
2026-07-23T16:01:01.905,122.8838,-1.4261,-0.9579
2026-07-23T16:01:01.916,122.9073,-1.6415,-0.9187
2026-07-23T16:01:01.930,122.9106,-1.5436,-0.9775
2026-07-23T16:01:01.943,122.9318,-1.524,-0.86
2026-07-23T16:01:01.949,122.9318,-1.4652,-0.9187
2026-07-23T16:01:01.958,122.9318,-1.6415,-0.9187
2026-07-23T16:01:01.974,122.9612,-1.4065,-1.0166
2026-07-23T16:01:01.983,122.9612,-1.6806,-0.8991
2026-07-23T16:01:01.983,122.965,-1.4065,-0.9383
2026-07-23T16:01:01.990,122.9858,-1.5827,-0.9579
2026-07-23T16:01:02.005,122.9858,-1.4456,-0.9187
2026-07-23T16:01:02.016,123.0067,-1.5631,-0.9187
2026-07-23T16:01:02.022,123.0182,-1.4065,-0.8208
2026-07-23T16:01:02.037,123.0182,-1.524,-0.9579
2026-07-23T16:01:02.054,123.0337,-1.3673,-0.86
2026-07-23T16:01:02.057,123.0455,-1.5631,-0.8796
2026-07-23T16:01:02.069,123.0455,-1.4848,-0.9383
2026-07-23T16:01:02.069,123.0652,-1.4848,-0.9383
2026-07-23T16:01:02.085,123.074,-1.4652,-0.7817
2026-07-23T16:01:02.096,123.074,-1.4652,-0.8404
2026-07-23T16:01:02.109,123.0983,-1.4456,-0.7817
2026-07-23T16:01:02.116,123.0983,-1.4652,-0.8012
2026-07-23T16:01:02.125,123.1183,-1.3869,-0.8991
2026-07-23T16:01:02.148,123.1183,-1.4456,-0.86
2026-07-23T16:01:02.148,123.1286,-1.4848,-0.7817
2026-07-23T16:01:02.164,123.1489,-1.4456,-0.8208
2026-07-23T16:01:02.169,123.155,-1.4456,-0.8404
2026-07-23T16:01:02.179,123.155,-1.4261,-0.8404
2026-07-23T16:01:02.183,123.1757,-1.4652,-0.86
2026-07-23T16:01:02.200,123.1806,-1.5044,-0.7621
2026-07-23T16:01:02.206,123.1806,-1.4848,-0.8208
2026-07-23T16:01:02.216,123.2075,-1.524,-0.7425
2026-07-23T16:01:02.227,123.2075,-1.4261,-0.86
2026-07-23T16:01:02.242,123.2232,-1.5436,-0.7229
2026-07-23T16:01:02.249,123.2316,-1.3869,-0.8012
2026-07-23T16:01:02.258,123.2316,-1.524,-0.7817
2026-07-23T16:01:02.274,123.2567,-1.3673,-0.8404
2026-07-23T16:01:02.274,123.2567,-1.524,-0.8012
2026-07-23T16:01:02.290,123.2713,-1.3869,-0.7425
2026-07-23T16:01:02.290,123.2713,-1.5436,-0.8404
2026-07-23T16:01:02.311,123.2713,-1.3477,-0.8208
2026-07-23T16:01:02.322,123.3017,-1.5044,-0.8012
2026-07-23T16:01:02.322,123.3017,-1.3282,-0.7425
2026-07-23T16:01:02.344,123.3357,-1.5827,-0.8012
2026-07-23T16:01:02.352,123.3357,-1.4065,-0.7621
2026-07-23T16:01:02.352,123.3357,-1.524,-0.8208
2026-07-23T16:01:02.370,123.3622,-1.3477,-0.7621
2026-07-23T16:01:02.384,123.3622,-1.524,-0.8796
2026-07-23T16:01:02.386,123.3653,-1.3869,-0.8404
2026-07-23T16:01:02.406,123.3909,-1.4261,-0.7817
2026-07-23T16:01:02.406,123.3909,-1.3282,-0.7621
2026-07-23T16:01:02.416,123.3909,-1.4652,-0.8012
2026-07-23T16:01:02.433,123.4126,-1.5044,-0.7817
2026-07-23T16:01:02.433,123.4193,-1.4261,-0.7817
2026-07-23T16:01:02.453,123.4453,-1.4261,-0.7425
2026-07-23T16:01:02.463,123.4453,-1.3869,-0.7621
2026-07-23T16:01:02.470,123.4453,-1.4456,-0.8208
2026-07-23T16:01:02.482,123.4654,-1.4652,-0.7425
2026-07-23T16:01:02.482,123.4765,-1.5436,-0.7817
2026-07-23T16:01:02.496,123.477,-1.5044,-0.7033
2026-07-23T16:01:02.511,123.4985,-1.4456,-0.7425
2026-07-23T16:01:02.516,123.4985,-1.4456,-0.7621
2026-07-23T16:01:02.528,123.5085,-1.4065,-0.8012
2026-07-23T16:01:02.549,123.5355,-1.4652,-0.7425
2026-07-23T16:01:02.549,123.5355,-1.4261,-0.7817
2026-07-23T16:01:02.559,123.5355,-1.5436,-0.7621
2026-07-23T16:01:02.571,123.5613,-1.3673,-0.7817
2026-07-23T16:01:02.583,123.5613,-1.5436,-0.7621
2026-07-23T16:01:02.586,123.5654,-1.3869,-0.8404
2026-07-23T16:01:02.600,123.5882,-1.4848,-0.7817
2026-07-23T16:01:02.606,123.5907,-1.3869,-0.8208
2026-07-23T16:01:02.616,123.6082,-1.524,-0.7621
2026-07-23T16:01:02.622,123.6156,-1.3673,-0.7817
2026-07-23T16:01:02.641,123.6192,-1.5436,-0.8796
2026-07-23T16:01:02.649,123.6353,-1.3477,-0.7817
2026-07-23T16:01:02.659,123.6353,-1.5631,-0.7621
2026-07-23T16:01:02.666,123.6353,-1.3673,-0.7425
2026-07-23T16:01:02.676,123.6708,-1.4848,-0.7817
2026-07-23T16:01:02.686,123.6708,-1.3477,-0.7817
2026-07-23T16:01:02.686,123.6991,-1.5631,-0.8208
2026-07-23T16:01:02.708,123.6991,-1.4065,-0.8012
2026-07-23T16:01:02.718,123.6991,-1.4456,-0.7621
2026-07-23T16:01:02.725,123.6991,-1.4848,-0.7817
2026-07-23T16:01:02.733,123.7205,-1.4848,-0.7817
2026-07-23T16:01:02.750,123.7319,-1.4065,-0.6838
2026-07-23T16:01:02.750,123.7319,-1.4652,-0.7817
2026-07-23T16:01:02.771,123.7573,-1.4652,-0.7229
2026-07-23T16:01:02.781,123.7616,-1.4652,-0.8012
2026-07-23T16:01:02.783,123.7773,-1.4261,-0.7621
2026-07-23T16:01:02.808,123.7773,-1.4456,-0.6642
2026-07-23T16:01:02.808,123.7773,-1.4652,-0.8012
2026-07-23T16:01:02.828,123.8135,-1.4652,-0.7425
2026-07-23T16:01:02.828,123.8135,-1.524,-0.7817
2026-07-23T16:01:02.828,123.8209,-1.4261,-0.7425
2026-07-23T16:01:02.844,123.8409,-1.4652,-0.8404
2026-07-23T16:01:02.864,123.8409,-1.4652,-0.7621
2026-07-23T16:01:02.864,123.8409,-1.4261,-0.8208
2026-07-23T16:01:02.883,123.8732,-1.3869,-0.7425
2026-07-23T16:01:02.892,123.8732,-1.3673,-0.7817
2026-07-23T16:01:02.892,123.8732,-1.5436,-0.6642
2026-07-23T16:01:02.908,123.9005,-1.2694,-0.8208
2026-07-23T16:01:02.921,123.9026,-1.4848,-0.7621
2026-07-23T16:01:02.924,123.9043,-1.3869,-0.7621
2026-07-23T16:01:02.937,123.9243,-1.524,-0.7229
2026-07-23T16:01:02.950,123.9243,-1.4065,-0.7425
2026-07-23T16:01:02.955,123.9317,-1.5436,-0.8012
2026-07-23T16:01:02.975,123.9562,-1.3477,-0.6642
2026-07-23T16:01:02.975,123.9562,-1.524,-0.8208
2026-07-23T16:01:02.987,123.9796,-1.3869,-0.7425
2026-07-23T16:01:03.002,123.9833,-1.4848,-0.7817
2026-07-23T16:01:03.007,124.0077,-1.3869,-0.7229
2026-07-23T16:01:03.018,124.0108,-1.4652,-0.7817
2026-07-23T16:01:03.030,124.0145,-1.4261,-0.7425
2026-07-23T16:01:03.034,124.0318,-1.4848,-0.8012
2026-07-23T16:01:03.034,124.0411,-1.4652,-0.7425
2026-07-23T16:01:03.059,124.0411,-1.4261,-0.7817
2026-07-23T16:01:03.074,124.0654,-1.4652,-0.7229
2026-07-23T16:01:03.083,124.0654,-1.4261,-0.8012
2026-07-23T16:01:03.083,124.0654,-1.4065,-0.7817
2026-07-23T16:01:03.107,124.0986,-1.4261,-0.7621
2026-07-23T16:01:03.116,124.0986,-1.4065,-0.7425
2026-07-23T16:01:03.116,124.0986,-1.3869,-0.7425
2026-07-23T16:01:03.129,124.127,-1.4848,-0.8012
2026-07-23T16:01:03.144,124.127,-1.4261,-0.7229
2026-07-23T16:01:03.149,124.127,-1.4065,-0.7425
2026-07-23T16:01:03.160,124.1582,-1.4261,-0.7229
2026-07-23T16:01:03.174,124.1582,-1.4456,-0.7621
2026-07-23T16:01:03.178,124.1582,-1.4848,-0.9187
2026-07-23T16:01:03.192,124.1882,-1.4065,-0.8012
2026-07-23T16:01:03.192,124.1882,-1.4652,-0.8012
2026-07-23T16:01:03.207,124.1882,-1.3869,-0.8208
2026-07-23T16:01:03.225,124.2197,-1.4652,-0.7621
2026-07-23T16:01:03.225,124.2239,-1.3477,-0.7621
2026-07-23T16:01:03.239,124.2239,-1.5631,-0.6642
2026-07-23T16:01:03.269,124.2357,-1.4065,-0.7817
2026-07-23T16:01:03.270,124.2516,-1.5044,-0.7621
2026-07-23T16:01:03.270,124.2516,-1.3869,-0.7229
2026-07-23T16:01:03.283,124.2673,-1.4848,-0.7621
2026-07-23T16:01:03.286,124.2673,-1.3673,-0.7229
2026-07-23T16:01:03.286,124.283,-1.4065,-0.8012
2026-07-23T16:01:03.316,124.2997,-1.3869,-0.6838
2026-07-23T16:01:03.318,124.2997,-1.4652,-0.7817
2026-07-23T16:01:03.318,124.2997,-1.4065,-0.7033
2026-07-23T16:01:03.344,124.3321,-1.4652,-0.7817
2026-07-23T16:01:03.350,124.3321,-1.3869,-0.7229
2026-07-23T16:01:03.350,124.3321,-1.4065,-0.7817
2026-07-23T16:01:03.365,124.3568,-1.4456,-0.7425
2026-07-23T16:01:03.381,124.3616,-1.4261,-0.7621
2026-07-23T16:01:03.383,124.3652,-1.4652,-0.7033
2026-07-23T16:01:03.408,124.3831,-1.4261,-0.7817
2026-07-23T16:01:03.408,124.3831,-1.4261,-0.7229
2026-07-23T16:01:03.416,124.4088,-1.3477,-0.7621
2026-07-23T16:01:03.434,124.4088,-1.5044,-0.7817
2026-07-23T16:01:03.434,124.4088,-1.4261,-0.7621
2026-07-23T16:01:03.449,124.4423,-1.524,-0.6642
2026-07-23T16:01:03.460,124.4423,-1.3869,-0.6838
2026-07-23T16:01:03.460,124.4423,-1.4848,-0.7425
2026-07-23T16:01:03.476,124.4668,-1.4261,-0.7229
2026-07-23T16:01:03.491,124.4716,-1.4065,-0.7817
2026-07-23T16:01:03.499,124.4876,-1.4652,-0.7033
2026-07-23T16:01:03.508,124.4876,-1.4848,-0.7817
2026-07-23T16:01:03.522,124.4986,-1.4456,-0.7621
2026-07-23T16:01:03.525,124.5216,-1.4456,-0.7229
2026-07-23T16:01:03.538,124.5273,-1.4261,-0.6446
2026-07-23T16:01:03.538,124.5273,-1.4261,-0.7425
2026-07-23T16:01:03.559,124.551,-1.4261,-0.7033
2026-07-23T16:01:03.559,124.551,-1.3673,-0.7229
2026-07-23T16:01:03.578,124.551,-1.524,-0.7033
2026-07-23T16:01:03.589,124.5762,-1.4652,-0.7033
2026-07-23T16:01:03.601,124.5779,-1.4652,-0.7621
2026-07-23T16:01:03.607,124.5983,-1.3869,-0.6838
2026-07-23T16:01:03.617,124.5983,-1.4848,-0.8208
2026-07-23T16:01:03.631,124.5983,-1.3869,-0.7425
2026-07-23T16:01:03.649,124.6147,-1.6023,-0.7817
2026-07-23T16:01:03.649,124.6257,-1.5436,-0.7229
2026-07-23T16:01:03.649,124.6468,-1.4652,-0.7033
2026-07-23T16:01:03.665,124.6468,-1.4848,-0.6642
2026-07-23T16:01:03.677,124.6516,-1.3869,-0.7621
2026-07-23T16:01:03.696,124.6752,-1.5044,-0.7621
2026-07-23T16:01:03.698,124.6752,-1.4065,-0.7621
2026-07-23T16:01:03.711,124.6986,-1.4065,-0.7425
2026-07-23T16:01:03.716,124.6986,-1.2694,-0.7621
2026-07-23T16:01:03.727,124.6986,-1.524,-0.6838
2026-07-23T16:01:03.743,124.7261,-1.3869,-0.7033
2026-07-23T16:01:03.749,124.7282,-1.5044,-0.7229
2026-07-23T16:01:03.760,124.7584,-1.3673,-0.7229
2026-07-23T16:01:03.767,124.7584,-1.5044,-0.7817
2026-07-23T16:01:03.779,124.7584,-1.3673,-0.7621
2026-07-23T16:01:03.792,124.7714,-1.5044,-0.7425
2026-07-23T16:01:03.796,124.7714,-1.3673,-0.7425
2026-07-23T16:01:03.809,124.7871,-1.5044,-0.7621
2026-07-23T16:01:03.816,124.8097,-1.4652,-0.7425
2026-07-23T16:01:03.822,124.8097,-1.4065,-0.7425
2026-07-23T16:01:03.838,124.8097,-1.4652,-0.7033
2026-07-23T16:01:03.854,124.8342,-1.3282,-0.8012
2026-07-23T16:01:03.854,124.8342,-1.3869,-0.7425
2026-07-23T16:01:03.874,124.8654,-1.4456,-0.7033
2026-07-23T16:01:03.885,124.868,-1.4848,-0.7425
2026-07-23T16:01:03.885,124.868,-1.4065,-0.7621
2026-07-23T16:01:03.901,124.8838,-1.4456,-0.7033
2026-07-23T16:01:03.913,124.8838,-1.3673,-0.7229
2026-07-23T16:01:03.919,124.8963,-1.4261,-0.7817
2026-07-23T16:01:03.935,124.9194,-1.4261,-0.7033
2026-07-23T16:01:03.935,124.9194,-1.4652,-0.7621
2026-07-23T16:01:03.948,124.9241,-1.4261,-0.7229
2026-07-23T16:01:03.964,124.9456,-1.4456,-0.7817
2026-07-23T16:01:03.970,124.9456,-1.3869,-0.7425
2026-07-23T16:01:03.983,124.9671,-1.4261,-0.7425
2026-07-23T16:01:03.995,124.9766,-1.4848,-0.7425
2026-07-23T16:01:03.996,124.9766,-1.3869,-0.7425
2026-07-23T16:01:04.008,124.9986,-1.4848,-0.6838
2026-07-23T16:01:04.018,124.9986,-1.4065,-0.7425
2026-07-23T16:01:04.027,124.9986,-1.524,-0.6838
2026-07-23T16:01:04.049,125.0271,-1.3282,-0.8404
2026-07-23T16:01:04.049,125.0271,-1.4848,-0.7817
2026-07-23T16:01:04.063,125.0506,-1.3282,-0.7817
2026-07-23T16:01:04.075,125.0506,-1.5044,-0.7033
2026-07-23T16:01:04.078,125.0575,-1.3477,-0.6838
2026-07-23T16:01:04.091,125.0722,-1.5044,-0.7621
2026-07-23T16:01:04.101,125.0807,-1.3477,-0.7033
2026-07-23T16:01:04.108,125.0807,-1.524,-0.7033
2026-07-23T16:01:04.123,125.103,-1.3282,-0.6838
2026-07-23T16:01:04.123,125.103,-1.4848,-0.7229
2026-07-23T16:01:04.143,125.1274,-1.3673,-0.7033
2026-07-23T16:01:04.149,125.1274,-1.4652,-0.7229
2026-07-23T16:01:04.154,125.1505,-1.4652,-0.7033
2026-07-23T16:01:04.178,125.1505,-1.4261,-0.8208
2026-07-23T16:01:04.178,125.1505,-1.4261,-0.7621
2026-07-23T16:01:04.186,125.1824,-1.4065,-0.7817
2026-07-23T16:01:04.201,125.1824,-1.4456,-0.7033
2026-07-23T16:01:04.208,125.1824,-1.3477,-0.7033
2026-07-23T16:01:04.220,125.1987,-1.4652,-0.6838
2026-07-23T16:01:04.226,125.1987,-1.4261,-0.7621
2026-07-23T16:01:04.233,125.2165,-1.4456,-0.7229
2026-07-23T16:01:04.233,125.2384,-1.3869,-0.7033
2026-07-23T16:01:04.250,125.2384,-1.4065,-0.7817
2026-07-23T16:01:04.268,125.2424,-1.4065,-0.7033
2026-07-23T16:01:04.283,125.2653,-1.4261,-0.6838
2026-07-23T16:01:04.289,125.2653,-1.4456,-0.7229
2026-07-23T16:01:04.296,125.2923,-1.3673,-0.7621
2026-07-23T16:01:04.312,125.2923,-1.4456,-0.6838
2026-07-23T16:01:04.316,125.2923,-1.3477,-0.7229
2026-07-23T16:01:04.329,125.3216,-1.4261,-0.6054
2026-07-23T16:01:04.329,125.3216,-1.3477,-0.7425
2026-07-23T16:01:04.343,125.3249,-1.524,-0.7425
2026-07-23T16:01:04.359,125.3486,-1.3673,-0.8208
2026-07-23T16:01:04.362,125.3506,-1.5044,-0.7425
2026-07-23T16:01:04.379,125.3743,-1.3477,-0.7229
2026-07-23T16:01:04.397,125.3743,-1.4848,-0.7425
2026-07-23T16:01:04.401,125.3743,-1.3477,-0.7033
2026-07-23T16:01:04.411,125.3986,-1.5631,-0.7425
2026-07-23T16:01:04.422,125.3986,-1.289,-0.6642
2026-07-23T16:01:04.425,125.4035,-1.5044,-0.7621
2026-07-23T16:01:04.441,125.4279,-1.3869,-0.7425
2026-07-23T16:01:04.449,125.4279,-1.4652,-0.7425
2026-07-23T16:01:04.454,125.4526,-1.3086,-0.6838
2026-07-23T16:01:04.470,125.4547,-1.4456,-0.7229
2026-07-23T16:01:04.479,125.4582,-1.3869,-0.6642
2026-07-23T16:01:04.487,125.4676,-1.4456,-0.6446
2026-07-23T16:01:04.501,125.4833,-1.4456,-0.6838
2026-07-23T16:01:04.509,125.4986,-1.3477,-0.7425
2026-07-23T16:01:04.518,125.5094,-1.3282,-0.6642
2026-07-23T16:01:04.518,125.5094,-1.4065,-0.6838
2026-07-23T16:01:04.534,125.5318,-1.3869,-0.7229
2026-07-23T16:01:04.549,125.5318,-1.4848,-0.625
2026-07-23T16:01:04.560,125.546,-1.4652,-0.7229
2026-07-23T16:01:04.565,125.5653,-1.4065,-0.6838
2026-07-23T16:01:04.583,125.5653,-1.4065,-0.7425
2026-07-23T16:01:04.583,125.5653,-1.4456,-0.7033
2026-07-23T16:01:04.597,125.5948,-1.3673,-0.7817
2026-07-23T16:01:04.616,125.5986,-1.524,-0.6838
2026-07-23T16:01:04.616,125.5986,-1.3869,-0.6838
2026-07-23T16:01:04.629,125.6252,-1.5044,-0.7229
2026-07-23T16:01:04.646,125.6252,-1.3673,-0.7425
2026-07-23T16:01:04.649,125.6252,-1.5044,-0.7229
2026-07-23T16:01:04.662,125.6418,-1.2694,-0.7229
2026-07-23T16:01:04.662,125.6565,-1.524,-0.7229
2026-07-23T16:01:04.679,125.658,-1.3477,-0.7033
2026-07-23T16:01:04.692,125.676,-1.5044,-0.6642
2026-07-23T16:01:04.693,125.676,-1.3477,-0.6054
2026-07-23T16:01:04.709,125.6901,-1.4652,-0.7621
