3299.8992 3299.8992 3299.8992 3299.8992 3299.8992 3299.8992 3285.901 3271.1975 3256.4941 3241.69 3227.188 3212.9883 3198.587 3184.6892 3170.288 3155.7861 3002.5085 -2115.573 3156.5918 3172.4028 3188.0127 3203.018 3218.527 3234.137 3248.639 3263.6443 3278.8513 3293.2524 -3292.044 -3277.4414 -3263.04 -3248.538 -3234.3384 -3219.7356 -3205.838 -3192.1416 -3178.244 3299.8992 3299.8992 3299.8992 3299.8992 3299.8992 3299.8992 3299.8992 3299.8992 3299.8992 3287.6128 3272.6074 3257.904 3243.402 3229.1016 3214.7002 3200.1982 3185.9985 3172 3157.0952 3128.9978 -1554.5288 3155.2825 3171.2952 3186.9048 3202.1118 3217.52 3233.2305 3247.8333 3262.738 3277.6428 3292.3462 -3292.9504 -3278.0457 -3263.8457 -3249.5452 -3235.2446 -3221.045 -3206.9458 -3193.048 -3179.0496 3160.8215 3299.8992 3299.8992 3299.8992 3299.8992 3299.8992 3299.8992 3299.8992 3299.8992 3287.6128 3273.1108 3258.7097 3244.2078 3229.7058 3215.5059 3200.8025 3186.502 3172.4028 3157.901 3139.1692 -1117.456 3153.6711 3169.4824 3169.4824 3169.4824 3169.4824 3169.4824 3169.4824 3169.4824 3169.4824 3169.4824 3169.4824 3169.4824 3169.4824 3169.4824 3169.4824 3169.4824 3169.4824 3169.4824 3169.4824 3169.4824 3169.4824 3169.4824 3299.8992 3299.8992 3299.8992 3299.8992 3299.8992 3299.8992 3288.922 3274.2188 3259.8174 3245.3154 3230.713 3216.11 3201.9104 3187.8113 3173.108 3158.606 3143.7012 -557.016 3151.7578 3167.7703 3183.3801 3198.587 3214.3982 3229.1016 3244.7112 3259.8174 3274.7222 3289.4255 3299.8992 -3281.067 -3266.6655 -3252.365 -3237.9639 -3223.764 -3209.7656 -3195.5657 -3181.7688 1827.7496 3299.8992 3299.8992 3299.8992 3299.8992 3299.8992 3299.8992 3299.8992 3299.8992 3289.4255 3274.6216 3260.0188 3245.2148 3230.8135 3216.513 3202.1118 3187.9119 3173.5107 3159.1094 3144.2046 -301.62048 3150.8513 3166.7632 3182.1716 3197.882 3213.2903 3227.893 3243.5027 3258.5083 3273.3123 3288.4185 3299.8992 -3282.6782 -3268.0754 -3253.775 -3239.1724 -3224.9724 -3210.7727 -3197.0764 -3182.8765 1050.0824 3299.8992 3299.8992 
3214.7002 3230.5115 3246.121 3261.8315 3277.24 3292.6482 3299.8992 -3276.9377 -3262.033 -3247.0276 -3232.3242 -3217.6208 -3203.2195 -3188.617 -3174.3164 -3160.1165 -2491.2139 3299.8992 3299.8992 3299.8992 3299.8992 3299.8992 3299.8992 3299.8992 3299.8992 3299.8992 3299.8992 3285.1958 3270.0896 3254.9834 3239.978 3225.2747 3210.6719 3196.17 3181.8694 3167.871 3125.8757 3164.8499 3181.2651 3197.6807 3213.5925 3229.4036 3245.114 3260.7239 3276.132 3291.5405 3299.8992 -3277.9448 -3262.9395 -3248.1353 -3233.2305 -3218.628 -3204.0251 -3189.624 -3175.2227 -3161.023 -3147.1252 3299.8992 3299.8992 3299.8992 3299.8992 3299.8992 3299.8992 3299.8992 3299.8992 3299.8992 3299.8992 3286.8071 3271.701 3256.5947 3241.5894 3226.6846 3212.0818 3197.6807 3183.3801 3169.281 3154.5776 3163.9434 3180.4595 3196.6736 3212.686 3228.598 3244.3083 3259.8174 3275.3264 3290.8354 3299.8992 -3278.7505 -3263.6443 -3248.7395 -3233.9355 -3219.3328 -3204.7302 -3190.2283 -3175.827 -3161.7278 -3147.6287 3299.8992 3299.8992 3299.8992 3299.8992 3299.8992 3299.8992 3299.8992 3299.8992 3299.8992 3299.8992 3288.3179 3273.2117 3258.1055 3242.9993 3228.195 3213.4917 3199.0906 3184.8906 3170.691 3156.2896 3163.037 3179.5532 3195.868 3211.8804 3227.893 3243.6035 3258.9111 3274.6216 3289.9292 3299.8992 -3279.657 -3264.5508 -3249.646 -3234.8418 -3220.0378 -3205.536 -3191.034 -3176.6326 -3162.4329 -3148.4343 3299.8992 3299.8992 3299.8992 3299.8992 3299.8992 3299.8992 3299.8992 3299.8992 3299.8992 3299.8992 3289.627 3274.4202 3259.314 3244.3083 3229.5044 3214.801 3200.299 3186.099 3171.8994 3157.6995 3161.9292 3178.4453 3194.76 3210.8733 3226.6846 3242.4956 3258.206 3273.6145 3289.0227 3299.8992 -3280.4626 -3265.457 -3250.5522 -3235.7483 -3221.045 -3206.543 -3191.9402 -3177.539 -3163.44 -3149.3408 3299.8992 3299.8992 3299.8992 3299.8992 3299.8992 3299.8992 3299.8992 3299.8992 3299.8992 3299.8992 3291.4397 3276.132 3261.2273 3246.121 3231.2163 3216.6138 3202.011 3187.7104 3173.6113 3159.5122 3161.1235 3177.7405 3194.1558 
3053.6682 3039.569 3025.0671 3010.8672 2996.768 2982.367 2968.7712 2955.1758 2941.58 2927.9846 2914.7917 2901.6997 2888.3057 2874.8108 2858.2947 1723.4161 -2035.1074 2869.3726 2887.802 2906.0303 2923.9563 2941.278 2959.1033 2975.8208 2992.9412 3010.0615 3026.88 3043.4966 3060.0127 3076.126 3092.5415 3108.6548 3124.8687 -1514.1449 1049.3774 3121.2432 3107.2449 3093.045 3078.8452 3064.3433 3049.8413 3035.3394 3021.0388 3006.7383 2992.8406 2978.4392 2964.743 2951.1475 2937.5518 2923.9563 2910.562 2897.5708 2884.1765 2870.6816 2851.3457 1333.1726 -2227.1575 2868.567 2887.0972 2905.1238 2923.1506 2940.3716 2957.6934 2975.3174 2992.4377 3009.1553 3025.772 3042.288 3058.905 3075.2197 3091.5344 3107.5469 3124.768 -1579.1016 746.1456 3097.476 3108.3525 3094.1528 3079.8523 3065.451 3050.8484 3036.8499 3021.8445 3008.2488 2994.351 2979.7485 2965.9514 2952.356 2938.6597 2925.064 2911.7705 2898.6785 2885.385 2871.991 2858.3953 2240.2495 -1025.9125 2860.0066 2878.7383 2897.0671 2914.9932 2933.02 2950.0396 2967.7642 2984.784 3001.602 3018.219 3034.8357 3051.5532 3067.868 3084.1826 3100.296 3116.4092 -2105.3008 137.0636 2593.936 3108.4534 3094.3542 3080.0537 3065.9546 3051.2512 3037.152 3022.1465 3008.7524 2994.6533 2980.0505 2966.0522 2952.4565 2938.7603 2925.2654 2912.1733 2898.7793 2885.4858 2871.991 2857.5896 2041.7542 -1775.2808 2864.8406 2883.5723 2901.599 2919.5251 2937.4512 2955.075 2971.7925 2988.9128 3006.0332 3022.8516 3039.569 3056.0852 3072.5005 3088.7146 3104.828 3120.8403 -1779.5105 561.54785 3004.3213 3107.9497 3093.8506 3079.55 3065.149 3050.647 3036.0442 3021.8445 3007.443 2993.4448 2979.0435 2965.448 2951.8523 2938.156 2924.6611 2911.3677 2898.2756 2885.083 2871.6887 2856.2805 2029.3671 -818.454 2859.3018 2878.0334 2896.2615 2914.2883 2931.61 2949.0325 2966.757 2983.8774 3000.6958 3017.3125 3034.03 3050.5461 3066.9617 3083.1755 3099.3896 3115.503 -3106.9426 -1091.3727 1560.3699 3122.0488 3107.9497 3093.5486 3079.0466 
293.26172 -966.29333 -435.36072 -1505.0812 -2756.781 -2743.991 -2731.604 -2719.6196 -2707.6355 -2695.752 -2254.248 -1708.5114 -1757.3547 -2001.7731 -2213.6626 -2440.3564 -2631.0974 -2619.818 -2608.6394 -2597.763 -2468.9575 -2089.087 -2566.8457 -2451.132 -1699.7498 643.42346 3041.8853 3299.8992 3299.8992 3299.8992 3299.8992 3299.8992 3299.8992 3299.8992 3299.8992 3299.8992 3299.8992 3299.8992 3299.8992 2194.226 787.93945 -508.67615 -121.75598 -1270.2301 -2699.0752 -2752.249 -2740.0635 -2727.777 -2715.6921 -2703.7078 -2619.9187 -2022.2168 -2341.3604 -2610.0493 -2648.6206 -2618.0054 -2628.2776 -2617.1997 -2606.021 -2595.044 -2552.4443 -2136.4197 -2563.7236 -2526.4617 -1537.3077 908.1848 3299.8992 3299.8992 3299.8992 3299.8992 3299.8992 3299.8992 3299.8992 3299.8992 3299.8992 3299.8992 3299.8992 3299.8992 3299.8992 2048.3 481.5857 -855.4138 -364.26086 -1335.4889 -2680.243 -2747.3145 -2734.9272 -2722.8423 -2710.8582 -2698.8738 -2570.7732 -1882.4341 -1808.9172 -1983.2428 -1837.0148 -1998.1476 -2266.333 -2626.062 -2614.8833 -2561.206 -2256.4636 -1906.2012 -2574.6 -2409.5398 -1330.957 987.442 3299.8992 3299.8992 3299.8992 3299.8992 3299.8992 3299.8992 3299.8992 3299.8992 3299.8992 3299.8992 3299.8992 3299.8992 3294.461 2063.91 663.46436 -573.3307 157.10449 -898.61755 -2385.3699 -2765.8447 -2753.4575 -2741.272 -2729.0862 -2716.7998 -2698.3704 -2035.5103 -1867.3279 -2131.787 -2283.0505 -2409.137 -2647.5127 -2636.1328 -2624.954 -2613.8762 -2602.7983 -2419.2078 -2581.2468 -2570.3704 -1734.2926 556.51245 3127.3865 3299.8992 3299.8992 3299.8992 3299.8992 3299.8992 3299.8992 3299.8992 3299.8992 3299.8992 3299.8992 3299.8992 3299.8992 2301.8828 928.3264 -445.43152 45.01648 -989.4562 -2693.5364 -2768.7651 -2756.2773 -2744.0918 -2731.8054 -2719.821 -2705.1177 -2112.149 -2019.0948 -2256.665 -2393.527 -2460.6995 -2597.9644 -2637.2405 -2625.9612 -2614.8833 -2503.7017 -2239.8467 -2583.4624 -2572.586 -1716.9708 445.43152 2947.0183 3299.8992 3299.8992 3299.8992 3299.8992 3299.8992 3299.8992 3299.8992 3299.8992 3299.8992 3299.8992 3299.8992 3299.8992 2229.071 
3299.8992 3299.8992 3299.8992 3299.8992 3299.8992 3299.8992 3295.8708 3280.5632 3265.8599 3251.5593 3237.2588 3222.9583 3209.1614 3194.8608 3180.8623 3166.5618 2783.7708 3159.0088 3174.9207 3190.5303 3205.9387 3221.2463 3236.6545 3251.6602 3266.867 3281.7717 3296.0723 -3288.922 -3274.3193 -3259.7168 -3245.2148 -3231.015 -3216.7144 -3202.716 -3188.7175 -3174.7192 -2545.2942 3299.8992 3299.8992 3299.8992 3299.8992 3299.8992 3299.8992 3299.8992 3299.8992 3299.8992 3295.6694 3280.2612 3265.8599 3251.2573 3236.9568 3222.7568 3208.7585 3194.8608 3180.7617 3166.2598 2586.1816 3158.7065 3174.5178 3190.2283 3205.6365 3220.8435 3236.3525 3251.4587 3266.3635 3281.369 3295.8708 -3289.224 -3274.6216 -3260.1196 -3245.6177 -3231.3171 -3217.1172 -3202.9175 -3188.919 -3175.122 -3112.683 3299.8992 3299.8992 3299.8992 3299.8992 3299.8992 3299.8992 3299.8992 3299.8992 3299.8992 3299.8992 3284.6924 3269.8882 3255.487 3241.1865 3227.0874 3212.7869 3198.6877 3184.6892 3170.4895 3155.2825 3156.3904 3172.705 3188.0127 3203.6223 3218.8293 3234.2375 3249.1423 3264.5508 3279.5562 3293.8567 -3291.1377 -3276.3335 -3262.033 -3247.4304 -3233.13 -3219.0308 -3204.8308 -3190.7317 -3177.2368 -3163.339 3299.8992 3299.8992 3299.8992 3299.8992 3299.8992 3299.8992 3299.8992 3299.8992 3299.8992 3298.6907 3283.484 3269.4854 3254.6814 3240.6829 3226.3823 3212.2832 3197.9827 3184.085 3169.9858 3154.9805 3155.182 3171.2952 3186.9048 3202.3132 3217.7214 3232.727 3247.9338 3262.5366 3277.542 3292.749 -3292.6482 -3278.3477 -3263.8457 -3249.3438 -3234.8418 -3220.7427 -3206.6436 -3192.6453 -3178.8481 -3164.8499 3299.8992 3299.8992 3299.8992 3299.8992 3299.8992 3299.8992 3299.8992 3299.8992 3299.8992 3299.6978 3284.2896 3269.7876 3255.1848 3240.8843 3226.5837 3212.7869 3198.4863 3184.5886 3170.288 3155.484 3162.2314 3169.3816 3184.9915 3200.5005 3215.808 3231.3171 3246.121 3261.6301 3276.4343 3290.8354 3299.8992 -3279.4556 -3264.7522 -3250.5522 -3236.0503 -3221.7498 -3207.6506 -3193.6523 -3179.7546 -3166.159 3299.8992 3299.8992 3299.8992 
3299.8992 3299.8992 3299.8992 3299.8992 3299.8992 3297.4822 3281.7717 3265.9607 3249.8474 3234.439 3219.2322 3204.0251 3188.919 3173.7122 3158.5051 3143.1975 2627.2705 3140.1763 3149.0386 3165.756 3182.2722 3198.7883 3215.4053 3231.5186 3247.6318 3263.745 3279.7576 3295.3674 -3288.922 -3273.2117 -3257.8032 -3242.5964 -3227.3894 -3212.1826 -3197.2778 -3182.5745 -2610.4521 3299.8992 3299.8992 3299.8992 3299.8992 3299.8992 3299.8992 3299.8992 3299.8992 3298.59 3282.7788 3267.1692 3250.955 3235.5469 3220.3398 3205.133 3189.926 3174.8198 3159.613 3144.3054 2878.134 -2972.0947 3147.4272 3164.2456 3180.8623 3197.4792 3213.9954 3230.2092 3246.3225 3262.2344 3278.247 3294.159 -3290.1306 -3274.5208 -3259.2131 -3243.9055 -3228.598 -3213.4917 -3198.587 -3183.783 -2836.2395 3299.8992 3299.8992 3299.8992 3299.8992 3299.8992 3299.8992 3299.8992 3299.8992 3299.295 3283.484 3267.7734 3251.358 3236.0503 3220.8435 3205.7373 3190.5303 3175.424 3160.2173 3144.9097 3057.898 -2496.8535 3145.816 3162.5334 3179.1504 3195.6665 3211.7798 3228.296 3244.6106 3260.623 3276.6357 3292.4468 -3291.8425 -3276.3335 -3260.9253 -3245.4163 -3230.2092 -3215.103 -3200.1982 -3185.3943 -3081.7656 3299.8992 3299.8992 3299.8992 3299.8992 3299.8992 3299.8992 3299.8992 3299.8992 3299.7986 3284.1887 3268.4783 3252.2644 3236.856 3221.5483 3206.4421 3191.2354 3176.2297 3160.922 3145.6145 3121.646 -2045.9839 3144.406 3161.023 3177.841 3194.2566 3210.269 3226.886 3243.2007 3259.314 3275.3264 3291.1377 -3293.1519 -3277.6428 -3262.033 -3246.8262 -3231.6191 -3216.513 -3201.6082 -3186.8042 -3171.698 3299.8992 3299.8992 3299.8992 3299.8992 3299.8992 3299.8992 3299.8992 3299.8992 3299.8992 3284.3901 3268.6797 3252.4658 3237.1582 3221.8506 3206.6436 3191.4368 3176.3306 3161.2244 3145.9167 3126.48 -1541.5375 3142.1904 3158.908 3175.6255 3192.041 3208.1543 3224.771 3241.287 3257.199 3273.2117 3289.1235 3299.8992 -3279.657 -3264.047 -3248.538 -3233.3313 -3218.3257 -3203.421 -3188.516 -3173.9136 2542.9778 3299.8992 3299.8992 
3299.8992 3299.8992 3299.8992 3299.8992 3299.8992 3299.8992 3294.159 3278.4485 3262.6372 3246.3225 3231.015 3215.9087 3200.702 3185.6963 3170.4895 3154.8796 2260.9954 3148.8372 3165.857 3182.4736 3198.7883 3215.3044 3231.5186 3247.8333 3263.745 3279.8584 3295.8708 -3288.5193 -3272.9094 -3257.2998 -3241.9922 -3226.6846 -3211.5784 -3196.5728 -3181.7688 -3167.166 -2696.9604 3299.8992 3299.8992 3299.8992 3299.8992 3299.8992 3299.8992 3299.8992 3299.8992 3299.8992 3295.468 3279.657 3263.8457 3247.6318 3232.2234 3217.1172 3202.011 3186.8042 3171.4966 3156.0881 2636.1328 3147.4272 3164.3462 3181.1646 3197.5798 3213.9954 3230.4106 3246.4233 3262.6372 3278.65 3294.5618 -3289.627 -3274.0173 -3258.5083 -3242.9993 -3227.893 -3212.7869 -3197.7812 -3182.8765 -3168.274 -2934.9333 3299.8992 3299.8992 3299.8992 3299.8992 3299.8992 3299.8992 3299.8992 3299.8992 3299.8992 3295.8708 3280.0598 3264.2485 3248.0347 3232.727 3217.4194 3202.4138 3187.207 3172 3156.491 3013.4856 3144.2046 3161.1235 3177.841 3194.3572 3210.8733 3227.3894 3243.402 3259.5154 3275.5278 3291.4397 3299.8992 -3277.1392 -3261.5295 -3246.0205 -3230.713 -3215.7073 -3200.702 -3185.797 -3171.0938 -3156.6924 3299.8992 3299.8992 3299.8992 3299.8992 3299.8992 3299.8992 3299.8992 3299.8992 3299.8992 3296.0723 3280.2612 3264.45 3248.1353 3232.9285 3217.7214 3202.5146 3187.4084 3172.2014 3156.6924 3060.5164 3143.6003 3160.7207 3177.539 3193.9543 3210.3699 3226.886 3242.9993 3259.0117 3275.125 3291.0369 3299.8992 -3277.542 -3262.033 -3246.6248 -3231.2163 -3216.11 -3201.2053 -3186.3005 -3171.5972 -3157.0952 3299.8992 3299.8992 3299.8992 3299.8992 3299.8992 3299.8992 3299.8992 3299.8992 3299.8992 3297.3816 3281.5703 3265.7593 3249.4446 3234.137 3218.93 3203.8237 3188.7175 3173.41 3158.1023 3139.7734 -2671.0784 3157.5989 3174.3164 3190.933 3207.2478 3223.764 3239.7766 3255.9905 3272.1038 3288.1165 3299.8992 -3280.4626 -3264.8528 -3249.3438 -3234.137 -3218.8293 -3203.9246 -3189.1204 -3174.417 -3159.8145 3299.8992 3299.8992 3299.8992 
3299.8992 3299.8992 3299.8992 3299.8992 3299.8992 3299.8992 3286.1023 3270.5933 3255.1848 3240.0786 3224.2676 3209.5642 3194.9614 3180.4595 3165.9575 3151.4556 3130.307 3141.1833 3157.901 3174.417 3190.631 3206.7444 3222.7568 3238.6687 3254.3792 3270.0896 3285.8 3299.8992 -3283.1816 -3267.874 -3252.5664 -3237.3596 -3222.2534 -3207.2478 -3192.4438 -3177.6396 -2474.7986 3299.8992 3299.8992 3299.8992 3299.8992 3299.8992 3299.8992 3299.8992 3299.8992 3299.8992 3285.6995 3270.0896 3254.6814 3239.5752 3223.8647 3209.1614 3194.5586 3180.0566 3165.5547 3151.0527 3135.6445 3139.1692 3155.8867 3172.4028 3188.7175 3204.7302 3220.8435 3236.7554 3252.5664 3268.1763 3283.8867 3299.4963 -3284.9944 -3269.6868 -3254.3792 -3239.1724 -3224.0662 -3209.0605 -3194.1558 -3179.5532 -3165.0513 3299.8992 3299.8992 3299.8992 3299.8992 3299.8992 3299.8992 3299.8992 3299.8992 3299.8992 3288.217 3272.708 3257.199 3242.0928 3226.3823 3211.4775 3196.9756 3182.373 3167.9717 3153.4697 3138.0615 3137.155 3154.074 3170.4895 3186.9048 3203.018 3219.1313 3235.0432 3250.8545 3266.565 3282.1746 3297.6836 -3286.8071 -3271.298 -3255.89 -3240.8843 -3225.6775 -3210.7727 -3195.868 -3181.1646 -3166.6626 3299.8992 3299.8992 3299.8992 3299.8992 3299.8992 3299.8992 3299.8992 3299.8992 3299.8992 3288.6199 3273.0103 3257.6018 3242.395 3226.6846 3211.8804 3197.2778 3182.675 3168.274 3153.772 3138.7664 3135.2417 3152.0598 3168.6768 3184.8906 3200.9033 3217.0166 3232.9285 3248.8403 3264.6514 3280.2612 3295.8708 -3288.6199 -3273.413 -3258.0046 -3242.697 -3227.5908 -3212.4846 -3197.6807 -3182.9773 -3168.3745 3299.8992 3299.8992 3299.8992 3299.8992 3299.8992 3299.8992 3299.8992 3299.8992 3299.8992 3288.3179 3272.708 3257.2998 3241.9922 3226.2817 3211.679 3196.875 3182.4736 3167.9717 3153.4697 3138.565 -2560.0981 3148.938 3165.454 3181.7688 3197.7812 3213.794 3229.7058 3245.6177 3261.5295 3277.24 3292.749 -3291.742 -3276.535 -3261.026 -3245.819 -3230.5115 -3215.5059 -3200.601 -3185.8977 -3171.2952 3299.8992 3299.8992 3299.8992 

3189.2212 3174.9207 3160.3179 3145.6145 133.3374 3149.7437 3165.6555 3181.0637 3196.9756 3212.1826 3226.886 3242.5964 3257.8032 3272.3052 3287.5122 3299.8992 -3283.2825 -3268.982 -3254.6814 -3240.28 -3225.778 -3211.5784 -3197.6807 -3183.9844 191.94946 3299.8992 3299.8992 3299.8992 3299.8992 3299.8992 3299.8992 3299.8992 3299.8992 3292.044 3277.3406 3262.738 3248.1353 3233.7341 3219.5342 3204.8308 3190.631 3176.4312 3162.1306 3147.528 702.1362 3148.0315 3164.0442 3179.8552 3195.2637 3210.7727 3226.4832 3240.985 3256.3933 3270.996 3285.8 3299.8992 -3284.6924 -3269.989 -3255.5876 -3241.287 -3227.2888 -3213.1897 -3199.1912 -3185.1929 -535.968 3299.8992 3299.8992 3299.8992 3299.8992 3299.8992 3299.8992 3299.8992 3299.8992 3293.756 3278.7505 3264.45 3249.8474 3235.3455 3220.944 3206.2407 3192.041 3177.942 3163.5405 3148.6357 1158.0414 3146.7224 3163.037 3163.037 3163.037 3163.037 3163.037 3163.037 3163.037 3163.037 3163.037 3163.037 3163.037 3163.037 3163.037 3163.037 3163.037 3163.037 3163.037 3163.037 3163.037 3163.037 3163.037 3299.8992 3299.8992 3299.8992 3299.8992 3299.8992 3299.8992 3294.3604 3279.7576 3265.0542 3250.4517 3235.8489 3221.5483 3207.2478 3192.9473 3178.5461 3164.2456 3149.5422 1682.428 3144.406 3160.7207 3176.4312 3191.7388 3207.2478 3222.9583 3237.561 3252.8687 3267.4712 3282.4768 3297.1802 -3288.217 -3273.715 -3259.0117 -3244.5098 -3230.5115 -3216.513 -3202.1118 -3188.1133 -1555.5359 3299.8992 3299.8992 3299.8992 3299.8992 3299.8992 3299.8992 3299.8992 3299.8992 3294.461 3279.7576 3265.0542 3250.4517 3235.9497 3221.5483 3207.2478 3192.9473 3178.3447 3163.8428 3149.24 1970.6543 3142.7947 3159.0088 3174.7192 3190.0269 3205.536 3221.347 3235.9497 3251.2573 3266.2627 3281.1675 3295.7703 -3289.5264 -3274.9236 -3260.5225 -3246.0205 -3232.1228 -3218.0237 -3203.8237 -3189.624 -2176.9043 3299.8992 3299.8992 
-3192.5444 -3178.1433 -3163.9434 -3149.8442 3299.8992 3299.8992 3299.8992 3299.8992 3299.8992 3299.8992 3299.8992 3299.8992 3299.8992 3299.8992 3293.2524 3277.9448 3262.8386 3247.8333 3232.8276 3218.1243 3203.7231 3189.3218 3175.2227 3161.1235 3160.4187 3176.9348 3193.35 3209.4634 3225.3752 3241.0857 3256.6956 3272.3052 3287.7136 3299.8992 -3281.7717 -3266.7664 -3251.8616 -3236.9568 -3222.2534 -3207.6506 -3193.1487 -3178.8481 -3164.447 -3150.4485 3299.8992 3299.8992 3299.8992 3299.8992 3299.8992 3299.8992 3299.8992 3299.8992 3299.8992 3299.8992 3295.166 3279.959 3264.8528 3249.8474 3234.8418 3220.2393 3205.6365 3191.336 3177.1362 3163.037 3159.613 3176.3306 3192.6453 3208.6577 3224.6704 3240.28 3255.89 3271.4995 3286.908 3299.8992 -3282.5774 -3267.4712 -3252.5664 -3237.7625 -3222.9583 -3208.3557 -3193.8538 -3179.4524 -3165.2527 -3151.1536 3299.8992 3299.8992 3299.8992 3299.8992 3299.8992 3299.8992 3299.8992 3299.8992 3299.8992 3299.8992 3296.3745 3281.067 3265.9607 3250.955 3236.0503 3221.2463 3206.6436 3192.343 3178.1433 3163.9434 3158.5051 3175.424 3191.6382 3207.852 3223.764 3239.1724 3255.1848 3270.7947 3286.203 3299.8992 -3283.383 -3268.1763 -3253.372 -3238.4673 -3223.764 -3209.0605 -3194.5586 -3180.258 -3165.9575 -3151.9592 3299.8992 3299.8992 3299.8992 3299.8992 3299.8992 3299.8992 3299.8992 3299.8992 3299.8992 3299.8992 3298.1873 3282.8796 3267.6726 3252.7678 3237.6616 3223.059 3208.3557 3194.0552 3179.8552 3165.6555 3157.6995 3174.6184 3190.933 3207.0464 3223.059 3238.6687 3254.48 3269.8882 3285.2966 3299.8992 -3284.1887 -3269.0825 -3254.0771 -3239.273 -3224.469 -3209.8662 -3195.3643 -3180.8623 -3166.6626 -3152.664 2772.29 3299.8992 3299.8992 3299.8992 3299.8992 3299.8992 3299.8992 3299.8992 3299.8992 3299.8992 3299.4963 3284.2896 3269.0825 3254.0771 3239.1724 3224.3682 3209.8662 3195.465 3181.0637 3167.0654 3158.7065 3173.41 3189.8254 
2884.4788 2870.984 2606.021 68.68286 2864.2363 2883.2703 2901.2969 2919.223 2937.3503 2954.2693 2971.994 2989.1143 3005.9326 3022.5493 3039.2668 3055.783 3072.299 3088.5132 3104.6265 3120.5383 -2540.158 314.81323 2984.683 3112.3809 3098.0803 3083.9812 3069.7815 3055.2795 3040.979 3025.8728 3012.1765 2998.3794 2983.5754 2969.8792 2956.1829 2942.2852 2928.6895 2915.4968 2902.2034 2888.91 2875.6165 2861.4165 2138.8367 -396.1853 2859.8052 2878.6377 2896.9666 2914.9932 2933.02 2950.5432 2967.4622 2984.683 3001.602 3018.7224 3035.3394 3051.956 3068.2708 3084.6863 3100.7996 3116.812 -2648.4192 -521.46606 2102.3804 3116.7114 3102.9143 3088.7146 3074.5146 3060.0127 3045.3093 3031.2102 3016.6077 3002.9114 2988.3086 2974.7131 2961.1174 2947.3206 2933.7249 2920.4314 2907.138 2893.9453 2880.551 2866.8547 2637.2405 377.75574 2857.489 2876.2207 2894.751 2912.677 2930.2002 2947.522 2965.2466 2982.4675 2999.286 3016.0034 3032.8215 3049.3376 3065.7532 3082.2693 3098.1812 3114.1936 -2939.566 -1099.1272 1597.229 3120.1355 3106.0364 3092.0378 3077.4353 3063.034 3048.7334 3033.6272 3019.8303 3005.9326 2991.2292 2977.3315 2963.6353 2949.939 2936.5447 2922.647 2909.555 2896.161 2882.666 2869.1711 2387.384 -29.910278 2863.33 2881.961 2900.1892 2918.2158 2936.2427 2953.2622 2970.9868 2988.1072 3004.8247 3021.5422 3038.1592 3054.6753 3071.0906 3087.4053 3103.5186 3119.5312 -2948.6296 -1013.4247 1720.7977 3124.4658 3110.3667 3096.0662 3081.665 3067.0623 3052.8625 3038.2598 3023.6572 3009.86 2995.3582 2981.7627 2968.0664 2954.37 2940.573 2927.179 2913.7847 2900.6926 2887.1978 2873.8037 2855.6763 1225.3143 -3221.347 2874.9114 2893.341 2911.4685 2928.9917 2946.9177 2963.7358 2981.0576 2998.178 3015.1978 3032.0159 3048.532 3064.8467 3081.2622 3097.476 3113.5894 3197.177 -1718.985 1103.8605 3126.5808 3112.4817 3098.2817 3083.8806 
-2203.9946 -2670.172 -2658.5906 -2647.2107 -2635.9314 -2624.7527 -2613.7756 -2602.6978 -2591.7205 -2580.7434 -2569.9675 -2057.2632 -145.01953 2415.4814 3299.8992 3299.8992 3299.8992 3299.8992 3299.8992 3299.8992 3299.8992 3299.8992 3299.8992 3299.8992 3299.8992 3299.8992 2655.6702 1293.6951 -145.12024 123.97156 -911.4075 -2228.8696 -2768.3623 -2755.8745 -2743.689 -2731.4026 -2719.2168 -2707.434 -2114.4653 -1785.8551 -1974.7833 -2130.9814 -2270.2605 -2488.9983 -2640.9668 -2629.6875 -2618.6096 -2508.9385 -2203.894 -2586.9873 -2552.7466 -1737.9181 131.62537 2677.2217 3299.8992 3299.8992 3299.8992 3299.8992 3299.8992 3299.8992 3299.8992 3299.8992 3299.8992 3299.8992 3299.8992 3299.8992 2422.4304 1149.1791 -213.29956 168.08167 -931.04553 -2296.4446 -2775.4119 -2763.025 -2750.6377 -2738.4521 -2726.3672 -2629.486 -1987.2711 -1548.7885 -1777.9999 -2063.91 -2335.7207 -2515.3838 -2650.6348 -2639.2546 -2627.9753 -2611.963 -2307.8247 -2595.6482 -2584.7717 -2173.6816 -355.8014 2295.337 3299.8992 3299.8992 3299.8992 3299.8992 3299.8992 3299.8992 3299.8992 3299.8992 3299.8992 3299.8992 3299.8992 3299.8992 2903.009 1649.0936 375.943 707.6752 -359.93042 -1771.756 -2793.4387 -2780.4473 -2767.758 -2755.4717 -2743.0847 -2730.9998 -2351.532 -2273.6846 -2404.8064 -2562.2131 -2677.6245 -2666.043 -2654.663 -2643.3838 -2632.205 -2621.0266 -2547.006 -2599.2737 -2588.3972 -2081.1309 -419.85168 2448.6145 3299.8992 3299.8992 3299.8992 3299.8992 3299.8992 3299.8992 3299.8992 3299.8992 3299.8992 3299.8992 3299.8992 3299.8992 2669.6685 1084.5245 -237.46948 119.33899 -864.9811 -2199.1606 -2784.677 -2771.7864 -2759.2986 -2747.113 -2734.9272 -2722.943 -2426.4587 -2035.8124 -2162.201 -2090.396 -2288.388 -2584.671 -2652.951 -2641.7725 -2630.4932 -2568.0542 -2247.9033 -2598.468 -2587.4907 -1959.4757 -416.83044 2103.5889 3299.8992 3299.8992 3299.8992 3299.8992 3299.8992 3299.8992 3299.8992 3299.8992 3299.8992 3299.8992 3299.8992 3299.8992 2716.1956 
3199.8962 3185.8977 3171.5972 3156.9946 -2750.839 3168.576 3184.4878 3199.8962 3215.3044 3230.31 3245.6177 3260.321 3275.2258 3290.4326 3299.8992 -3280.664 -3266.0613 -3251.5593 -3237.0574 -3222.9583 -3208.96 -3194.8608 -3180.9631 -3167.166 3299.8992 3299.8992 3299.8992 3299.8992 3299.8992 3299.8992 3299.8992 3299.8992 3299.8992 3299.8992 3286.1023 3271.8018 3257.5012 3243.0999 3228.7993 3214.7002 3200.601 3186.7034 3172.5037 3158.1023 -1242.7368 3165.5547 3181.1646 3196.875 3212.1826 3227.2888 3242.1936 3257.5012 3272.5066 3287.0085 3299.8992 -3283.1816 -3268.6797 -3254.3792 -3239.8772 -3225.6775 -3211.377 -3197.3784 -3183.5815 -3169.6838 2621.228 3299.8992 3299.8992 3299.8992 3299.8992 3299.8992 3299.8992 3299.8992 3299.8992 3299.8992 3286.203 3271.4995 3256.9976 3242.697 3228.598 3214.1968 3200.1982 3186.3005 3172.1008 3157.8003 -753.4973 3163.6414 3179.4524 3194.8608 3210.269 3225.778 3240.985 3255.789 3270.6938 3285.901 3299.8992 -3284.9944 -3270.291 -3255.9905 -3241.5894 -3227.2888 -3213.1897 -3199.0906 -3185.1929 -3171.3958 1500.8514 3299.8992 3299.8992 3299.8992 3299.8992 3299.8992 3299.8992 3299.8992 3299.8992 3299.8992 3286.908 3272.1038 3257.904 3243.5027 3229.0007 3214.9016 3200.9033 3186.9048 3172.8057 3158.3037 -145.32166 3162.6343 3178.3447 3193.8538 3209.1614 3224.771 3239.7766 3255.0842 3269.989 3284.491 3299.4963 -3285.5986 -3271.1975 -3256.6956 -3242.1936 -3227.893 -3213.693 -3199.9968 -3185.797 -3172 430.72815 3299.8992 3299.8992 3299.8992 3299.8992 3299.8992 3299.8992 3299.8992 3299.8992 3299.8992 3288.0156 3273.3123 3258.9111 3244.5098 3230.2092 3216.0095 3201.9104 3188.1133 3173.9136 3159.5122 840.91187 3160.62 3176.3306 3191.9402 3207.3486 3222.7568 3238.0645 3252.7678 3267.7734 3282.9802 3297.7844 -3287.915 -3273.0103 -3258.9111 -3244.5098 -3230.2092 -3215.9087 -3201.9104 -3187.9119 -3174.115 -745.9442 3299.8992 3299.8992 
3177.841 3162.7349 3147.528 3131.7168 -905.1636 3140.7805 3157.6995 3174.417 3190.8325 3207.4492 3223.6633 3239.7766 3255.9905 3272.0032 3287.8142 3299.8992 -3280.8655 -3265.3564 -3249.8474 -3234.5398 -3219.3328 -3204.6294 -3189.7246 -3175.122 2228.064 3299.8992 3299.8992 3299.8992 3299.8992 3299.8992 3299.8992 3299.8992 3299.8992 3286.3037 3270.4924 3254.1777 3238.87 3223.462 3208.3557 3193.1487 3178.0425 3162.9363 3147.6287 3132.2205 -267.8833 3137.9607 3154.9805 3171.5972 3188.214 3204.7302 3220.944 3237.0574 3253.2715 3269.284 3284.9944 3299.8992 -3283.383 -3267.9749 -3252.4658 -3237.1582 -3221.9512 -3207.0464 -3192.2424 -3177.539 1395.6116 3299.8992 3299.8992 3299.8992 3299.8992 3299.8992 3299.8992 3299.8992 3299.8992 3286.7065 3270.996 3254.6814 3239.4744 3224.0662 3208.96 3193.753 3178.5461 3163.44 3148.233 3132.8247 327.90527 3135.5437 3152.5635 3169.281 3185.797 3201.8096 3218.4265 3234.8418 3250.8545 3267.0684 3282.9802 3298.6907 -3285.8 -3270.1904 -3254.5806 -3239.4744 -3224.2676 -3209.1614 -3194.3572 -3179.6538 715.9332 3299.8992 3299.8992 3299.8992 3299.8992 3299.8992 3299.8992 3299.8992 3299.8992 3287.0085 3271.399 3255.0842 3239.4744 3224.3682 3209.1614 3193.9543 3178.8481 3163.6414 3148.4343 3133.1267 539.1907 3134.8389 3151.7578 3168.3745 3185.092 3201.004 3217.6208 3233.9355 3250.0488 3266.162 3282.1746 3297.7844 -3286.5051 -3270.8953 -3255.3862 -3240.0786 -3224.9724 -3210.0676 -3194.8608 -3180.359 -104.03137 3299.8992 3299.8992 3299.8992 3299.8992 3299.8992 3299.8992 3299.8992 3299.8992 3289.4255 3273.6145 3257.4004 3242.0928 3226.5837 3211.4775 3196.3713 3181.0637 3166.0583 3150.7507 3135.443 1188.9587 3133.429 3150.5493 3167.166 3183.783 3200.3997 3216.6138 3232.727 3248.8403 3264.9536 3280.7646 3296.7773 -3287.6128 -3272.1038 -3256.6956 -3241.388 -3226.181 -3211.2761 -3196.2708 -3181.5674 -346.63696 3299.8992 3299.8992 
3188.4155 3173.3093 3157.8003 3141.989 -2259.384 3155.7861 3172.5037 3189.0198 3205.6365 3222.052 3238.2659 3254.2786 3270.3918 3286.3037 3299.8992 -3282.1746 -3266.565 -3251.056 -3235.8489 -3220.5413 -3205.536 -3190.7317 -3176.0283 -3161.4258 3299.8992 3299.8992 3299.8992 3299.8992 3299.8992 3299.8992 3299.8992 3299.8992 3299.8992 3298.0864 3282.2754 3266.464 3250.1494 3234.8418 3219.635 3204.428 3189.3218 3174.115 3158.8074 3143.097 -1681.9244 3154.4768 3171.2952 3187.8113 3204.3274 3220.2393 3236.856 3253.07 3269.284 3285.0952 3299.8992 -3283.1816 -3267.7734 -3252.2644 -3236.9568 -3221.5483 -3206.543 -3191.8396 -3177.1362 -3162.5334 2775.1099 3299.8992 3299.8992 3299.8992 3299.8992 3299.8992 3299.8992 3299.8992 3299.8992 3298.892 3283.1816 3267.3706 3250.8545 3235.6475 3220.3398 3205.2336 3190.1274 3175.0212 3159.7136 3144.0032 -659.9396 3151.355 3168.274 3184.9915 3201.4067 3217.3186 3233.8347 3249.948 3266.2627 3282.376 3298.0864 -3286.1023 -3270.5933 -3255.1848 -3239.7766 -3224.5696 -3209.4634 -3194.5586 -3179.7546 -3165.1519 1594.6106 3299.8992 3299.8992 3299.8992 3299.8992 3299.8992 3299.8992 3299.8992 3299.8992 3299.1943 3283.2825 3267.4712 3251.1565 3235.8489 3220.642 3205.536 3190.3289 3175.3235 3159.915 3144.3054 -126.589966 3149.5422 3166.4612 3182.9773 3199.594 3215.6067 3232.022 3248.236 3264.45 3280.3618 3296.2737 -3287.8142 -3272.406 -3256.897 -3241.4885 -3226.181 -3211.1755 -3196.0693 -3181.366 -3166.7632 669.80896 3299.8992 3299.8992 3299.8992 3299.8992 3299.8992 3299.8992 3299.8992 3299.8992 3299.8992 3284.2896 3268.3777 3251.9622 3236.6545 3221.4478 3206.2407 3191.2354 3176.0283 3160.7207 3145.3125 590.8539 3147.6287 3164.5476 3181.0637 3197.4792 3213.8945 3230.2092 3246.4233 3262.3352 3278.4485 3294.2595 -3289.7278 -3274.3193 -3258.609 -3243.402 -3228.195 -3212.9883 -3197.882 -3183.2793 -3168.4753 61.12976 3299.8992 3299.8992 
3182.2722 3167.871 3153.4697 3138.4644 -1741.8457 3146.9238 3163.339 3179.7546 3195.868 3211.8804 3227.7922 3243.6035 3259.4146 3275.125 3290.8354 -3293.6553 -3278.4485 -3263.04 -3247.6318 -3232.5256 -3217.52 -3202.4138 -3187.8113 -3173.2085 3299.8992 3299.8992 3299.8992 3299.8992 3299.8992 3299.8992 3299.8992 3299.8992 3299.8992 3289.0227 3273.5137 3258.1055 3242.8984 3227.188 3212.4846 3197.7812 3183.2793 3168.8782 3154.3762 3139.572 -858.0322 3145.7153 3162.2314 3178.5461 3194.6594 3210.6719 3226.4832 3242.4956 3258.206 3273.9165 3289.5264 -3294.9646 -3279.5562 -3264.047 -3248.7395 -3233.6333 -3218.527 -3203.6223 -3188.919 -3174.3164 2787.1948 3299.8992 3299.8992 3299.8992 3299.8992 3299.8992 3299.8992 3299.8992 3299.8992 3290.1306 3274.6216 3259.1125 3243.805 3227.9937 3213.4917 3198.8892 3184.2864 3169.583 3155.182 3140.4785 431.2317 3143.1975 3159.7136 3176.0283 3192.343 3208.3557 3224.2676 3240.0786 3255.9905 3271.6003 3287.21 3299.8992 -3281.6711 -3266.2627 -3251.056 -3235.8489 -3220.7427 -3205.838 -3191.1345 -3176.4312 1681.0181 3299.8992 3299.8992 3299.8992 3299.8992 3299.8992 3299.8992 3299.8992 3299.8992 3289.8284 3274.3193 3258.8103 3243.704 3227.893 3213.0889 3198.3855 3183.9844 3169.4824 3154.8796 3140.3777 1137.6984 3140.7805 3157.3975 3173.7122 3190.0269 3206.1401 3222.052 3237.863 3253.775 3269.3848 3284.9944 3299.8992 -3283.8867 -3268.3777 -3253.372 -3238.0645 -3222.9583 -3208.0535 -3193.1487 -3178.3447 135.65369 3299.8992 3299.8992 3299.8992 3299.8992 3299.8992 3299.8992 3299.8992 3299.8992 3290.7349 3275.125 3259.616 3244.5098 3228.7993 3213.8945 3199.292 3184.6892 3170.1873 3155.5847 3141.1833 2006.5063 3138.6658 3155.2825 3171.698 3187.8113 3203.9246 3219.937 3235.7483 3251.6602 3267.3706 3283.081 3298.59 -3285.901 -3270.4924 -3255.3862 -3240.0786 -3224.9724 -3210.0676 -3195.1628 -3180.4595 -1010.907 3299.8992 3299.8992 

3299.8992 3299.8992 3299.8992 3299.8992 3299.8992 3299.8992 3295.5688 3280.8655 3266.162 3251.6602 3237.0574 3222.6562 3208.3557 3194.0552 3179.4524 3164.9504 3150.348 2303.6956 -3187.1062 3157.6995 3173.41 3188.919 3204.9316 3219.7356 3235.446 3250.2502 3265.3564 3280.4626 3294.8638 -3290.2312 -3275.6287 -3261.3281 -3247.0276 -3232.8276 -3218.4265 -3204.2266 -3190.3289 -2529.08 3299.8992 3299.8992 3299.8992 3299.8992 3299.8992 3299.8992 3299.8992 3299.8992 3296.3745 3281.5703 3266.9678 3252.4658 3237.9639 3223.2605 3209.1614 3194.76 3180.5603 3166.159 3151.4556 2536.5325 -2946.7163 3156.8938 3172.8057 3188.617 3203.9246 3218.7285 3234.5398 3249.646 3264.3494 3279.2542 3293.9575 -3291.0369 -3276.535 -3262.033 -3247.9338 -3233.432 -3219.2322 -3205.133 -3191.2354 -2866.9556 3299.8992 3299.8992 3299.8992 3299.8992 3299.8992 3299.8992 3299.8992 3299.8992 3297.9858 3283.1816 3268.4783 3253.775 3239.3738 3224.9724 3210.5713 3196.17 3182.0708 3167.5688 3153.067 2728.482 -2610.855 3156.8938 3172.6042 3188.3147 3203.6223 3218.3257 3234.2375 3249.0417 3264.2485 3279.1533 3293.8567 -3291.339 -3277.0386 -3262.6372 -3248.236 -3233.7341 -3219.5342 -3205.536 -3191.7388 -3177.841 3299.8992 3299.8992 3299.8992 3299.8992 3299.8992 3299.8992 3299.8992 3299.8992 3299.8992 3286.1023 3271.4995 3256.7961 3242.2942 3227.893 3213.5925 3199.3926 3184.9915 3170.4895 3156.0881 2981.5613 -1985.257 3156.3904 3172.3022 3188.0127 3203.018 3218.8293 3233.5327 3248.639 3263.8457 3278.7505 3293.5547 -3292.2454 -3277.6428 -3263.04 -3248.3367 -3234.0361 -3220.2393 -3206.0393 -3191.8396 -3178.1433 3299.8992 3299.8992 3299.8992 3299.8992 3299.8992 3299.8992 3299.8992 3299.8992 3299.8992 3299.8992 3299.8992 3299.8992 3299.8992 3299.8992 3299.8992 3299.8992 3299.8992 3299.8992 3299.8992 3299.8992 3299.8992 3299.8992 3171.2952 3187.0056 3202.716 3218.3257 3233.029 3248.3367 3263.04 3277.9448 3292.749 -3292.2454 -3278.1462 -3263.6443 -3249.1423 -3234.5398 -3220.8435 -3206.6436 -3192.6453 -3178.7476 2873.703 3299.8992 3299.8992 3299.8992 3299.8992 3299.8992 3299.8992 3299.8992 3299.8992 3289.224 3274.5208 3259.8174 3245.2148 3230.713 3216.11 3201.709 3187.4084 3173.2085 3158.5051 3137.4573 -1382.1167 3155.5847 
3205.838 3221.9512 3237.6616 3253.473 3268.982 3284.3901 3299.7986 -3285.0952 -3269.989 -3254.9834 -3240.1794 -3225.476 -3210.7727 -3196.3713 -3181.9702 -3167.5688 -3153.5706 909.494 3299.8992 3299.8992 3299.8992 3299.8992 3299.8992 3299.8992 3299.8992 3299.8992 3299.8992 3299.8992 3285.8 3270.5933 3255.487 3240.4814 3225.778 3211.1755 3196.6736 3182.4736 3168.274 -999.527 3172.4028 3188.8184 3204.8308 3220.8435 3236.6545 3252.365 3267.874 3283.2825 3298.59 -3286.203 -3270.996 -3256.0913 -3241.1865 -3226.4832 -3211.7798 -3197.177 -3182.776 -3168.576 -3154.3762 -541.0034 3299.8992 3299.8992 3299.8992 3299.8992 3299.8992 3299.8992 3299.8992 3299.8992 3299.8992 3299.8992 3286.8071 3271.701 3256.4941 3241.4885 3226.6846 3212.0818 3197.6807 3183.3801 3169.281 1067.5049 3170.993 3187.3076 3203.421 3219.5342 3235.3455 3250.955 3266.6655 3282.074 3297.3816 -3287.3108 -3272.1038 -3257.199 -3242.2942 -3227.5908 -3212.8875 -3198.3855 -3183.9844 -3169.6838 -3155.484 -1668.0267 3299.8992 3299.8992 3299.8992 3299.8992 3299.8992 3299.8992 3299.8992 3299.8992 3299.8992 3299.8992 3287.7136 3272.5066 3257.4004 3242.2942 3227.5908 3213.0889 3198.587 3184.2864 3170.1873 2639.2546 3168.9788 3185.4949 3201.8096 3217.6208 3233.432 3249.1423 3264.8528 3280.2612 3295.6694 -3289.1235 -3274.0173 -3259.0117 -3244.107 -3229.4036 -3214.7002 -3199.9968 -3185.6963 -3171.3958 -3157.196 -2423.7395 3299.8992 3299.8992 3299.8992 3299.8992 3299.8992 3299.8992 3299.8992 3299.8992 3299.8992 3299.8992 3287.7136 3272.6074 3257.6018 3242.4956 3227.6917 3213.0889 3198.587 3184.2864 3170.0867 3154.2754 3166.5618 3182.9773 3199.1912 3215.2039 3231.015 3246.8262 3262.3352 3277.9448 3293.3533 -3291.4397 -3276.3335 -3261.2273 -3246.3225 -3231.6191 -3217.0166 -3202.3132 -3187.9119 -3173.5107 -3159.3108 -3085.9954 3299.8992 3299.8992 3299.8992 3299.8992 3299.8992 3299.8992 3299.8992 3299.8992 3299.8992 3299.8992 3288.0156 3272.9094 3257.8032 3242.697 3227.893 3213.2903 3198.7883 3184.5886 3170.4895 3155.8867 3164.2456 3180.7617 3196.9756 3212.8875 3228.6987 3244.6106 3260.1196 3275.6287 3290.9363 3299.8992 -3278.65 -3263.4429 -3248.538 -3233.8347 -3219.1313 -3204.5288 -3190.0269 -3175.6255 -3161.4258 -3147.4272 3299.8992 3299.8992 
3069.3787 3054.5745 3040.3748 3025.8728 3012.0757 2997.5737 2983.7769 2969.9797 2956.2834 2942.4866 2928.9917 2915.6982 2902.4048 2888.809 2875.3142 2751.6448 12.286377 2867.157 2885.9893 2904.419 2922.0427 2939.566 2957.492 2974.3103 2991.7327 3008.4502 3025.1677 3041.7847 3059.0056 3247.1282 -3241.4885 -3230.0078 -2920.23 -1836.8134 104.03137 2858.496 3116.3086 3102.5115 3088.5132 3074.3132 3060.0127 3045.813 3030.606 3016.809 3002.8105 2988.4094 2974.7131 2961.0168 2947.2197 2933.322 2919.7266 2906.5337 2893.4417 2880.0476 2858.9995 2298.4587 362.75024 2997.9766 2876.2207 2894.6501 2912.677 2930.0994 2947.522 2965.2466 2982.1655 2999.286 3016.3054 3032.9224 3137.6587 3299.8992 -3229.7058 -3275.125 -3240.8843 -3142.0898 -2836.038 -558.6273 1517.569 3134.5366 3120.5383 3106.2378 3091.7358 3077.0325 3062.4297 3047.7263 3033.9294 3019.3267 3005.6304 2991.632 2977.835 2963.9373 2950.241 2936.746 2923.4526 2909.7563 2896.06 2879.141 1672.2565 -2244.1772 2890.6218 2909.0515 2927.0781 2944.5007 2962.326 2979.1443 2996.3652 3013.4856 3030.4045 3047.122 3063.5376 3079.953 3096.2676 3112.2803 3128.2927 3144.2046 -1082.0068 1625.3265 3135.6445 3121.344 3107.144 3092.642 3078.1401 3063.5376 3048.9348 3034.3323 3020.4346 3006.0332 2992.1355 2978.54 2964.743 2950.8452 2937.2498 2923.8555 2910.6628 2897.2686 2883.673 2865.9485 1508.7067 -2369.9614 2880.551 2898.9807 2917.0073 2934.5305 2952.4565 2969.3755 2986.4958 3003.717 3020.636 3037.454 3053.9702 3070.4863 3086.7004 3102.9143 3118.8262 3134.8389 -1943.4631 732.55005 2392.7214 3124.063 3109.9639 3095.5627 3081.1614 3066.458 3051.5532 3037.555 3023.7578 3009.0544 2995.0562 2981.1584 2967.3613 2953.5645 2940.0696 2926.6753 2913.3818 2899.9878 2886.392 2872.293 2108.1206 -1444.8578 2876.3213 2894.8516 2912.979 2931.1064 2948.3276 2966.1528 2983.2732 3000.1921 3016.9097 3033.6272 3050.2441 3066.7603 3082.974 3099.3896 3115.3015 3131.314 -2122.2197 516.32996 3062.9333 3120.337 3106.0364 3091.635 3077.4353 3063.034 3047.6257 3033.8286 3019.931 3005.2275 2991.1284 2977.4321 2963.6353 2950.1404 2936.3433 2922.8484 2909.555 2896.3623 2882.5652 2865.8477 1648.9929 -1855.1422 2876.9255 2895.5566 
1433.9813 173.01636 731.24084 -354.19006 -1704.0802 -2793.5393 -2780.548 -2768.0603 -2755.673 -2743.4875 -2731.3018 -2405.8135 -1991.1987 -2148.5046 -2421.7253 -2596.4539 -2669.467 -2658.0872 -2646.8079 -2635.4277 -2624.3499 -2487.5884 -2602.597 -2591.6199 -2147.3967 -760.9497 1719.8914 3299.8992 3299.8992 3299.8992 3299.8992 3299.8992 3299.8992 3299.8992 3299.8992 3299.8992 3299.8992 3299.8992 3299.8992 2947.2197 1598.4375 234.95178 522.171 -589.14185 -2159.0789 -2791.0217 -2778.131 -2765.6433 -2753.357 -2741.1711 -2728.9856 -2596.9573 -2153.6406 -2292.2148 -2453.65 -2567.1477 -2663.7268 -2654.1594 -2642.6787 -2631.5002 -2515.8875 -2241.9617 -2599.777 -2588.8 -2193.1182 -745.9442 1796.6309 3299.8992 3299.8992 3299.8992 3299.8992 3299.8992 3299.8992 3299.8992 3299.8992 3299.8992 3299.8992 3299.8992 3299.8992 2873.8037 1628.7506 379.7699 715.329 -325.18616 -1538.5162 -2794.7478 -2781.6558 -2769.168 -2756.6802 -2744.4946 -2732.611 -2484.2651 -1865.8173 -1949.9084 -2174.7893 -2349.115 -2460.901 -2663.626 -2652.1453 -2640.7654 -2629.5867 -2616.0918 -2607.431 -2596.5544 -2313.7664 -1053.0029 1529.4525 3299.8992 3299.8992 3299.8992 3299.8992 3299.8992 3299.8992 3299.8992 3299.8992 3299.8992 3299.8992 3299.8992 3299.8992 3213.1897 1954.6417 596.79565 801.93787 -302.22473 -1712.8418 -2801.8982 -2788.7053 -2776.2175 -2763.8306 -2751.4434 -2739.3584 -2722.1375 -2202.9875 -2162.4023 -2329.6782 -2499.6733 -2581.2468 -2665.1367 -2653.7566 -2642.4773 -2631.2988 -2436.5295 -2609.6465 -2598.5686 -2084.3535 -909.2926 1586.3525 3299.8992 3299.8992 3299.8992 3299.8992 3299.8992 3299.8992 3299.8992 3299.8992 3299.8992 3299.8992 3299.8992 3299.8992 2951.9531 1642.4469 349.5575 641.7114 -468.9972 -1629.3549 -2801.4954 -2788.4033 -2775.9155 -2763.5283 -2751.0405 -2738.855 -2520.52 -1866.2201 -1833.6914 -2020.3033 -2207.62 -2358.1787 -2671.7834 -2660.7056 -2649.3254 -2620.6238 -2333.1023 -2616.8975 -2605.8196 -2444.8882 -1270.2301 1215.7471 3299.8992 3299.8992 3299.8992 3299.8992 3299.8992 3299.8992 3299.8992 3299.8992 3299.8992 3299.8992 3299.8992 3299.8992 3299.8992 2238.1348 916.9464 1103.5583 42.700195 -1256.0303 -2620.221 -2804.2144 -2791.3237 -2778.836 -2766.449 -2754.1626 -2704.9163 -2435.2202 -2424.3438 -2554.1565 -2691.7236 -2686.7888 -2675.308 -2663.9282 -2652.548 
3299.8992 3299.8992 3299.8992 3299.8992 3299.8992 3299.8992 3299.8992 3288.7207 3274.5208 3260.1196 3245.7183 3231.3171 3217.1172 3203.119 3189.2212 3175.122 3160.7207 1268.1152 3160.3179 3176.1292 3191.7388 3207.2478 3222.2534 3237.2588 3252.5664 3267.572 3282.074 3297.0793 -3288.1165 -3273.715 -3259.0117 -3244.5098 -3230.31 -3216.11 -3202.4138 -3188.1133 -3174.2156 -1682.0251 3299.8992 3299.8992 3299.8992 3299.8992 3299.8992 3299.8992 3299.8992 3299.8992 3299.8992 3290.7349 3276.132 3261.731 3247.1282 3232.8276 3218.527 3204.5288 3190.7317 3176.532 3162.1306 2049.6094 3158.4045 3174.3164 3189.926 3205.3345 3220.8435 3236.0503 3250.8545 3265.7593 3281.067 3295.8708 -3289.7278 -3275.2258 -3260.5225 -3246.4233 -3232.022 -3217.7214 -3203.7231 -3189.624 -3175.9277 -2400.9795 3299.8992 3299.8992 3299.8992 3299.8992 3299.8992 3299.8992 3299.8992 3299.8992 3299.8992 3291.742 3277.0386 3262.6372 3248.3367 3233.7341 3219.5342 3205.536 3191.4368 3177.4382 3163.1377 2402.3894 3158.2031 3173.8127 3189.5232 3204.9316 3220.4407 3235.3455 3250.8545 3265.8599 3280.2612 3295.3674 -3289.8284 -3275.125 -3260.7239 -3246.222 -3232.022 -3218.0237 -3203.7231 -3189.7246 -3175.9277 -2848.123 3299.8992 3299.8992 3299.8992 3299.8992 3299.8992 3299.8992 3299.8992 3299.8992 3299.8992 3293.2524 3278.4485 3264.047 3249.646 3235.3455 3221.1455 3207.0464 3193.2495 3178.949 3164.6484 2633.2122 3158.2031 3174.3164 3189.7246 3205.133 3220.5413 3235.5469 3251.056 3265.9607 3280.4626 3295.468 -3289.627 -3275.0244 -3260.5225 -3246.0205 -3232.022 -3217.7214 -3203.5217 -3189.5232 -3175.827 -3162.2314 3299.8992 3299.8992 3299.8992 3299.8992 3299.8992 3299.8992 3299.8992 3299.8992 3299.8992 3295.9717 3281.6711 3267.1692 3252.7678 3238.3667 3224.2676 3209.8662 3196.0693 3181.9702 3167.7703 3007.443 3158.4045 3174.417 3190.0269 3205.3345 3220.642 3235.6475 3250.955 3265.9607 3280.5632 3295.5688 -3289.627 -3275.0244 -3260.4216 -3246.0205 -3231.72 -3217.6208 -3203.5217 -3189.5232 -3175.6255 -3162.03 3299.8992 3299.8992 3299.8992 3299.8992 3299.8992 3299.8992 3299.8992 3299.8992 3299.8992 3298.0864 3283.2825 3268.982 3254.1777 3239.978 3225.6775 3211.5784 3197.6807 3183.4807 3169.1802 3108.554 3158.8074 3174.6184 
3299.8992 3299.8992 3299.8992 3299.8992 3299.8992 3299.8992 3289.0227 3273.3123 3257.0984 3241.5894 3226.3823 3211.0747 3195.868 3180.8623 3165.756 3150.348 3135.0403 1560.4706 3131.2134 3148.3337 3165.0513 3181.668 3198.3855 3214.4988 3230.612 3246.8262 3262.9395 3278.8513 3294.6624 -3289.7278 -3274.118 -3258.7097 -3243.402 -3228.0945 -3213.1897 -3198.184 -3183.3801 -1101.3428 3299.8992 3299.8992 3299.8992 3299.8992 3299.8992 3299.8992 3299.8992 3299.8992 3290.2312 3274.3193 3258.206 3242.7979 3227.4902 3212.1826 3196.875 3181.8694 3166.7632 3151.4556 3136.2488 2023.8281 3129.0984 3146.1182 3162.9363 3179.4524 3196.17 3212.4846 3228.4973 3244.7112 3260.8245 3276.8372 3292.6482 -3291.641 -3276.132 -3260.623 -3245.4163 -3230.1086 -3215.103 -3200.0977 -3185.2935 -1623.2117 3299.8992 3299.8992 3299.8992 3299.8992 3299.8992 3299.8992 3299.8992 3299.8992 3290.8354 3275.125 3258.8103 3243.3013 3227.893 3212.7869 3197.5798 3182.4736 3167.2668 3152.1606 3136.853 2178.5156 3129.0984 3146.2188 3162.9363 3179.6538 3195.5657 3212.2832 3228.598 3244.812 3260.9253 3276.8372 3292.6482 -3291.742 -3275.9307 -3260.5225 -3245.3154 -3230.1086 -3215.103 -3200.0977 -3185.2935 -2192.6147 3299.8992 3299.8992 3299.8992 3299.8992 3299.8992 3299.8992 3299.8992 3299.8992 3293.5547 3277.9448 3261.6301 3246.222 3230.713 3215.5059 3200.3997 3185.1929 3169.9858 3154.779 3139.4714 2497.055 3129.2998 3146.3196 3163.037 3179.6538 3195.767 3212.4846 3228.7993 3245.0134 3261.026 3277.0386 3292.6482 -3291.4397 -3275.83 -3260.4216 -3244.9126 -3229.8064 -3214.801 -3199.7954 -3184.9915 -2743.7896 3299.8992 3299.8992 3299.8992 3299.8992 3299.8992 3299.8992 3299.8992 3299.8992 3297.1802 3281.369 3265.2556 3249.7466 3234.3384 3219.0308 3203.7231 3188.7175 3173.5107 3158.3037 3142.996 2857.5896 -3028.5918 3146.521 3163.339 3179.956 3196.4722 3212.686 3228.9001 3245.114 3261.1267 3277.1392 3293.051 -3291.2383 -3275.7292 -3260.2202 -3245.0134 -3229.7058 -3214.5996 -3199.6948 -3184.8906 -2947.824 3299.8992 3299.8992 3299.8992 3299.8992 3299.8992 3299.8992 3299.8992 3299.8992 3298.6907 3282.8796 3266.565 3251.1565 3235.7483 3220.4407 3205.133 3190.0269 3174.8198 3159.613 3144.3054 2943.997 -2917.9138 3147.0244 
3299.8992 3299.8992 3299.8992 3299.8992 3299.8992 3299.8992 3299.7986 3284.0881 3268.0754 3251.8616 3236.554 3221.2463 3206.1401 3191.034 3175.9277 3160.62 3145.2117 919.3634 3146.0173 3162.9363 3179.4524 3195.9685 3211.9812 3228.4973 3244.812 3261.026 3277.1392 3292.8496 -3291.2383 -3275.83 -3260.2202 -3244.6106 -3229.4036 -3214.3982 -3199.3926 -3184.5886 -3169.9858 -805.8655 3299.8992 3299.8992 3299.8992 3299.8992 3299.8992 3299.8992 3299.8992 3299.8992 3299.8992 3285.1958 3269.3848 3253.07 3237.863 3222.5554 3207.3486 3192.1416 3177.0354 3161.8286 3146.3196 1460.8704 3144.5068 3161.4258 3178.0425 3194.5586 3211.0747 3227.188 3243.3013 3259.5154 3275.5278 3291.641 3299.8992 -3277.1392 -3261.5295 -3246.121 -3230.9143 -3215.7073 -3200.8025 -3185.8977 -3171.2952 -1650 3299.8992 3299.8992 3299.8992 3299.8992 3299.8992 3299.8992 3299.8992 3299.8992 3299.8992 3286.8071 3270.996 3254.6814 3239.4744 3223.9653 3208.8591 3193.753 3178.5461 3163.339 3147.931 1848.3948 3144.2046 3161.1235 3177.841 3194.2566 3210.8733 3226.9866 3243.2007 3259.4146 3275.4272 3291.339 3299.8992 -3277.24 -3261.731 -3246.222 -3231.1157 -3215.9087 -3200.9033 -3186.099 -3171.3958 -2240.9546 3299.8992 3299.8992 3299.8992 3299.8992 3299.8992 3299.8992 3299.8992 3299.8992 3299.8992 3289.1235 3273.2117 3256.897 3241.5894 3226.2817 3210.974 3195.868 3180.7617 3165.454 3149.945 2137.326 3144.7083 3161.6272 3178.244 3194.76 3211.2761 3227.3894 3243.6035 3259.8174 3275.83 3291.742 3299.8992 -3276.8372 -3261.3281 -3245.9197 -3230.612 -3215.5059 -3200.5005 -3185.5957 -3170.8923 -2787.094 3299.8992 3299.8992 3299.8992 3299.8992 3299.8992 3299.8992 3299.8992 3299.8992 3299.8992 3292.3462 3276.3335 3260.0188 3244.7112 3229.303 3214.096 3198.8892 3183.783 3168.4753 3152.9663 2542.575 3145.2117 3162.1306 3178.7476 3195.3643 3212.0818 3227.9937 3244.3083 3260.321 3276.4343 3292.3462 -3291.9434 -3276.3335 -3260.623 -3245.3154 -3230.0078 -3214.9016 -3199.9968 -3185.092 -3170.3887 -3105.5327 3299.8992 3299.8992 3299.8992 3299.8992 3299.8992 3299.8992 3299.8992 3299.8992 3299.8992 3295.2666 3279.4556 3263.04 3247.6318 3232.2234 3217.0166 3201.8096 3186.7034 3171.4966 3155.8867 2875.5156 3145.2117 3162.2314 
3299.8992 3299.8992 3299.8992 3299.8992 3299.8992 3299.8992 3291.1377 3275.6287 3260.2202 3244.9126 3229.2021 3214.2974 3199.594 3185.092 3170.691 3156.2896 3141.4856 2253.9458 3138.162 3154.9805 3171.3958 3187.6099 3203.5217 3219.635 3235.446 3251.358 3266.9678 3282.6782 3298.0864 -3286.203 -3270.7947 -3255.5876 -3240.3809 -3225.3752 -3210.3699 -3195.465 -3180.7617 -1776.4893 3299.8992 3299.8992 3299.8992 3299.8992 3299.8992 3299.8992 3299.8992 3299.8992 3292.749 3277.1392 3261.6301 3246.4233 3230.612 3215.808 3201.1047 3186.6028 3172 3157.5989 3142.996 2794.5464 3136.5508 3153.2683 3169.6838 3185.8977 3202.011 3218.0237 3233.9355 3249.7466 3265.457 3281.1675 3296.576 -3287.915 -3272.406 -3256.9976 -3241.7908 -3226.886 -3211.9812 -3196.9756 -3182.2722 -2619.818 3299.8992 3299.8992 3299.8992 3299.8992 3299.8992 3299.8992 3299.8992 3299.8992 3294.058 3278.549 3263.04 3247.6318 3231.8206 3217.218 3202.4138 3187.9119 3173.3093 3158.8074 3144.5068 3084.8877 3135.6445 3152.362 3168.6768 3184.9915 3201.004 3217.0166 3232.9285 3248.7395 3264.3494 3280.1604 3295.6694 -3288.8213 -3273.413 -3258.0046 -3242.7979 -3227.7922 -3212.686 -3197.882 -3183.078 -3143.2983 3299.8992 3299.8992 3299.8992 3299.8992 3299.8992 3299.8992 3299.8992 3299.8992 3295.8708 3280.3618 3264.8528 3249.646 3233.7341 3219.1313 3204.2266 3189.624 3175.122 3160.7207 3146.3196 3126.7822 3135.443 3152.1606 3168.6768 3185.092 3201.1047 3217.1172 3232.9285 3248.8403 3264.5508 3280.1604 3295.8708 -3288.8213 -3273.2117 -3257.904 -3242.7979 -3227.7922 -3212.7869 -3197.882 -3183.1787 -3168.576 3299.8992 3299.8992 3299.8992 3299.8992 3299.8992 3299.8992 3299.8992 3299.8992 3298.6907 3282.9802 3267.4712 3251.9622 3236.2517 3221.5483 3206.7444 3192.1416 3177.539 3163.1377 3148.6357 3133.1267 3135.9465 3152.765 3169.281 3185.4949 3201.5076 3217.4194 3233.3313 3249.2432 3265.0542 3280.664 3296.173 -3288.3179 -3272.8088 -3257.4004 -3242.2942 -3227.0874 -3212.1826 -3197.2778 -3182.5745 -3167.9717 3299.8992 3299.8992 3299.8992 3299.8992 3299.8992 3299.8992 3299.8992 3299.8992 3299.8992 3285.3972 3269.8882 3254.48 3238.6687 3223.9653 3209.1614 3194.3572 3179.8552 3165.2527 3150.8513 3135.5437 3135.6445 3152.4626 

3171.7986 3187.1062 3202.6152 3218.527 3233.13 3248.236 3263.3423 3278.0457 3292.8496 -3292.4468 -3277.9448 -3263.3423 -3249.0417 -3234.7412 -3220.642 -3206.2407 -3192.5444 -3178.7476 2296.0417 3299.8992 3299.8992 3299.8992 3299.8992 3299.8992 3299.8992 3299.8992 3299.8992 3290.9363 3276.132 3261.8315 3246.9268 3232.4248 3218.0237 3203.7231 3189.5232 3175.122 3160.922 3144.8088 -721.47217 3154.5776 3170.3887 3185.6963 3201.3062 3217.1172 3231.9214 3247.229 3262.2344 3276.8372 3291.9434 3299.8992 -3278.8513 -3264.6514 -3250.2502 -3235.9497 -3221.7498 -3207.2478 -3193.2495 -3179.7546 1526.8341 3299.8992 3299.8992 3299.8992 3299.8992 3299.8992 3299.8992 3299.8992 3299.8992 3292.5476 3277.7434 3262.738 3248.1353 3234.0361 3219.635 3205.2336 3190.933 3176.7334 3162.1306 3147.3267 -406.45752 3153.772 3169.6838 3185.2935 3200.9033 3216.7144 3231.3171 3246.4233 3261.731 3276.3335 3291.1377 3299.8992 -3279.5562 -3264.7522 -3250.3508 -3236.0503 -3222.1526 -3208.0535 -3193.753 -3180.1575 887.13684 3299.8992 3299.8992 3299.8992 3299.8992 3299.8992 3299.8992 3299.8992 3299.8992 3293.8567 3279.4556 3264.45 3249.8474 3235.3455 3221.2463 3206.9458 3192.5444 3177.841 3163.339 3149.0386 170.29724 3152.765 3168.3745 3183.9844 3200.0977 3214.9016 3230.612 3245.5168 3260.623 3275.5278 3290.5334 3299.8992 -3280.1604 -3265.7593 -3251.2573 -3236.9568 -3223.059 -3208.6577 -3194.5586 -3180.661 254.58984 3299.8992 3299.8992 3299.8992 3299.8992 3299.8992 3299.8992 3299.8992 3299.8992 3295.166 3280.4626 3265.7593 3251.1565 3236.7554 3222.1526 3208.0535 3193.753 3179.251 3164.749 3150.247 757.82776 3150.5493 3166.5618 3182.4736 3197.4792 3213.391 3228.0945 3243.6035 3258.206 3273.1108 3287.915 3299.8992 -3282.4768 -3267.9749 -3253.473 -3239.1724 -3225.3752 -3211.0747 -3196.875 -3183.1787 -331.63147 3299.8992 3299.8992 3299.8992 3299.8992 3299.8992 3299.8992 3299.8992 3299.8992 3295.3674 3280.5632 3265.8599 3251.1565 3236.6545 3222.2534 3208.1543 3193.753 3179.3518 3164.8499 3150.247 1149.7833 3148.8372 
3299.8992 3299.8992 3299.8992 3299.8992 3299.8992 3299.8992 3299.8992 3299.8992 3287.915 3272.708 3257.5012 3242.5964 3227.7922 3212.9883 3198.587 3184.2864 3170.288 3155.8867 3161.9292 3178.4453 3194.76 3210.6719 3226.5837 3242.395 3258.0046 3273.5137 3288.8213 3299.8992 -3280.664 -3265.6584 -3250.653 -3235.8489 -3221.1455 -3206.6436 -3192.1416 -3177.7405 -3163.44 -3149.4414 3299.8992 3299.8992 3299.8992 3299.8992 3299.8992 3299.8992 3299.8992 3299.8992 3299.8992 3299.8992 3288.6199 3273.413 3258.4075 3243.402 3228.4973 3213.8945 3199.3926 3185.092 3170.993 3156.7932 3160.4187 3177.0354 3193.2495 3209.3628 3225.2747 3241.0857 3256.6956 3272.2046 3287.6128 3299.8992 -3281.8726 -3266.867 -3251.9622 -3237.1582 -3222.4548 -3207.7515 -3193.2495 -3178.949 -3164.6484 -3150.5493 3299.8992 3299.8992 3299.8992 3299.8992 3299.8992 3299.8992 3299.8992 3299.8992 3299.8992 3299.8992 3289.7278 3274.6216 3259.4146 3244.5098 3229.605 3214.9016 3200.5005 3186.2 3172 3157.901 3159.1094 3175.827 3192.041 3208.1543 3223.9653 3239.8772 3255.3862 3270.996 3286.4043 3299.8992 -3283.1816 -3268.0754 -3253.07 -3238.2659 -3223.5625 -3208.96 -3194.458 -3180.0566 -3165.756 -3151.7578 3299.8992 3299.8992 3299.8992 3299.8992 3299.8992 3299.8992 3299.8992 3299.8992 3299.8992 3299.8992 3291.641 3276.3335 3261.3281 3246.3225 3231.3171 3216.7144 3202.1118 3187.8113 3173.6113 3159.4116 3158.5051 3175.122 3191.4368 3207.4492 3223.361 3239.1724 3254.8828 3270.4924 3285.8 3299.8992 -3283.6853 -3268.6797 -3253.6743 -3238.87 -3224.0662 -3209.4634 -3194.9614 -3180.661 -3166.3604 -3152.2612 3299.8992 3299.8992 3299.8992 3299.8992 3299.8992 3299.8992 3299.8992 3299.8992 3299.8992 3299.8992 3293.6553 3278.3477 3263.2415 3248.236 3233.2305 3218.527 3203.9246 3189.7246 3175.424 3161.4258 3158.0017 3174.7192 3191.034 3207.1472 3222.9583 3238.7695 3254.5806 3270.0896 3285.498 3299.8992 -3284.0881 -3268.881 -3253.9763 -3239.0715 -3224.469 -3209.8662 -3195.2637 -3180.7617 -3166.6626 -3152.4626 3299.8992 3299.8992 
2913.3818 2931.61 2949.234 2966.2537 2983.374 3000.595 3017.6147 3034.4329 3050.949 3067.3645 3083.5784 3099.893 3116.0063 3131.9182 -2074.9878 361.64246 2773.9014 3121.9482 3107.7483 3093.3472 3078.8452 3064.041 3049.539 3034.8357 3021.1394 3006.7383 2992.9412 2979.1443 2965.448 2951.651 2938.0554 2924.6611 2911.4685 2898.0742 2884.6802 2870.984 2378.3203 -825.70496 2870.4802 2889.1113 2907.3394 2924.8625 2942.4866 2960.3118 2977.4321 2994.452 3011.1694 3028.0884 3044.6045 3061.2212 3077.536 3093.75 3109.8633 3125.7751 -2707.3333 -418.13965 2154.6477 3124.8687 3110.4675 3096.0662 3081.665 3067.465 3052.4597 3038.4612 3024.463 3009.7595 2995.5596 2981.964 2967.9656 2954.1687 2940.6738 2927.3804 2913.8855 2900.4912 2886.8958 2873.3 1557.9529 -1516.4612 2880.0476 2898.477 2916.6045 2934.732 2951.7517 2969.577 2986.798 3003.6162 3020.3337 3037.0513 3053.7688 3070.0835 3086.2976 3102.5115 3118.7256 3134.436 -2227.359 88.62305 2460.3972 3127.7893 3113.2874 3098.9868 3084.4849 3070.285 3055.0781 3041.0796 3026.9805 3012.378 2998.0774 2984.4817 2970.6848 2956.9885 2943.1914 2929.6965 2916.6045 2903.311 2889.8162 2875.8179 2229.5745 -595.68787 2873.3 2891.9312 2910.1592 2928.3875 2946.112 2963.2324 2980.3528 2997.5737 3014.694 3031.4116 3048.0286 3064.5447 3080.8594 3097.174 3113.1865 3129.1992 -3045.2087 -835.2722 1877.298 3132.5225 3118.3228 3103.9214 3089.5203 3074.716 3060.214 3045.3093 3031.4116 3017.111 3003.3142 2989.517 2975.7202 2961.8225 2948.1262 2934.43 2921.237 2907.843 2894.2473 2880.3496 2422.531 -130.92041 2875.6165 2894.2473 2912.4756 2930.0994 2948.0254 2965.1458 2982.266 2999.4873 3016.5068 3033.3252 3049.942 3066.458 3082.672 3098.886 3115.1 3131.012 -2214.3677 168.28308 2678.6316 3122.9553 3108.7554 3094.4548 3079.953 3065.2495 3050.949 3036.145 3022.1465 3007.846 2993.8477 2980.252 2966.3542 2952.5574 2938.861 2925.4668 2912.3748 2899.0813 2885.5864 2871.8901 2526.361 80.76782 2865.1428 2883.975 
-2641.1682 -2506.2195 -2619.4153 -2608.5388 -2523.0376 -1584.137 1038.6017 3299.8992 3299.8992 3299.8992 3299.8992 3299.8992 3299.8992 3299.8992 3299.8992 3299.8992 3299.8992 3299.8992 3299.8992 3214.096 1740.4358 457.51648 763.266 -321.05713 -1507.196 -2758.5938 -2794.7478 -2782.0586 -2769.5708 -2757.3853 -2745.1995 -2704.4128 -2054.7454 -1949.1028 -1900.9644 -2092.6116 -2293.4233 -2644.29 -2666.4458 -2654.965 -2643.7866 -2518.9087 -2621.6309 -2610.553 -2382.55 -1417.4652 770.8191 2993.2434 3299.8992 3299.8992 3299.8992 3299.8992 3299.8992 3299.8992 3299.8992 3299.8992 3299.8992 3299.8992 3299.8992 3274.0173 2110.5376 835.87646 1351.1993 236.56311 -1124.4049 -2504.306 -2806.128 -2793.338 -2780.7495 -2768.4631 -2756.076 -2642.3767 -1954.541 -1784.1431 -2061.2915 -2305.6091 -2697.4639 -2685.8826 -2674.301 -2662.9211 -2651.6418 -2640.2617 -2629.3853 -2618.3074 -2598.77 -1683.2336 477.65808 2804.6172 3299.8992 3299.8992 3299.8992 3299.8992 3299.8992 3299.8992 3299.8992 3299.8992 3299.8992 3299.8992 3299.8992 3299.8992 2427.4658 1097.4152 1304.5715 123.87085 -1482.3212 -2822.8455 -2809.6526 -2797.0642 -2784.375 -2772.1892 -2759.8022 -2747.7173 -2240.2495 -1950.412 -2123.3276 -2290.402 -2488.092 -2688.1987 -2676.6174 -2665.1367 -2653.8574 -2552.6458 -2631.6008 -2620.523 -2529.6843 -1534.4879 447.44568 2737.5457 3299.8992 3299.8992 3299.8992 3299.8992 3299.8992 3299.8992 3299.8992 3299.8992 3299.8992 3299.8992 3299.8992 3299.8992 2276.6052 995.19653 1157.6385 18.22815 -1207.9926 -2539.3523 -2812.1704 -2799.4812 -2786.8926 -2774.5056 -2762.2192 -2701.6936 -2064.0105 -1845.1721 -2095.8342 -2328.1677 -2467.8496 -2561.1052 -2680.7463 -2669.2656 -2657.8857 -2646.5056 -2635.6292 -2624.652 -2564.4287 -1657.6538 295.3766 2658.49 3299.8992 3299.8992 3299.8992 3299.8992 3299.8992 3299.8992 3299.8992 3299.8992 3299.8992 3299.8992 3299.8992 3299.8992 2575.6072 1270.935 1424.5148 193.46008 -1080.7983 -2381.2407 -2820.63 -2807.9407 -2795.352 -2782.7637 -2770.578 -2758.3923 -2561.8103 -2264.7217 -2461.6057 -2612.97 -2703.6072 -2691.8242 -2680.3435 -2668.9636 
3190.1274 3205.6365 3221.045 3236.1511 3251.5593 3266.565 3281.067 3295.9717 -3289.0227 -3274.6216 -3260.0188 -3245.5168 -3231.2163 -3217.218 -3202.9175 -3188.919 -3175.122 -3161.4258 3299.8992 3299.8992 3299.8992 3299.8992 3299.8992 3299.8992 3299.8992 3299.8992 3299.8992 3299.8992 3286.6057 3271.9023 3257.5012 3243.0999 3228.9001 3214.4988 3200.601 3186.6028 3172.5037 3157.3975 3157.0952 3173.007 3188.7175 3204.2266 3219.3328 3234.7412 3249.3438 3264.45 3279.7576 3294.3604 -3291.2383 -3276.3335 -3262.033 -3247.531 -3233.2305 -3219.1313 -3204.8308 -3191.034 -3177.1362 -3163.339 3299.8992 3299.8992 3299.8992 3299.8992 3299.8992 3299.8992 3299.8992 3299.8992 3299.8992 3299.8992 3286.1023 3271.701 3257.0984 3242.9993 3228.3965 3214.1968 3200.299 3186.2 3172.2014 3157.196 3155.484 3171.3958 3187.3076 3202.5146 3218.1243 3233.13 3248.639 3263.6443 3278.1462 3293.1519 -3291.9434 -3277.3406 -3262.738 -3248.3367 -3233.9355 -3219.7356 -3205.6365 -3191.6382 -3177.7405 -3164.0442 3299.8992 3299.8992 3299.8992 3299.8992 3299.8992 3299.8992 3299.8992 3299.8992 3299.8992 3299.8992 3287.7136 3273.1108 3258.609 3244.2078 3229.9072 3215.5059 3201.6082 3187.6099 3173.6113 3158.5051 -2405.5115 3169.6838 3185.3943 3200.9033 3216.0095 3231.3171 3246.222 3261.1267 3276.535 3291.2383 3299.8992 -3279.657 -3265.2556 -3250.5522 -3236.3525 -3222.1526 -3208.0535 -3194.0552 -3180.0566 -3166.4612 3299.8992 3299.8992 3299.8992 3299.8992 3299.8992 3299.8992 3299.8992 3299.8992 3299.8992 3299.8992 3287.7136 3273.2117 3258.7097 3244.2078 3229.9072 3215.808 3201.8096 3187.7104 3173.5107 3158.8074 -1447.3755 3167.2668 3182.9773 3198.285 3213.8945 3228.9001 3244.4092 3259.5154 3274.0173 3289.1235 3299.8992 -3281.5703 -3266.867 -3252.365 -3237.9639 -3223.8647 -3209.7656 -3195.6665 -3181.7688 -3167.7703 2829.19 3299.8992 3299.8992 3299.8992 3299.8992 3299.8992 3299.8992 3299.8992 3299.8992 3299.8992 3287.8142 3273.3123 3258.9111 3244.3083 3230.0078 3216.0095 3201.8096 3187.9119 3173.6113 3159.1094 -834.66797 3165.5547 
3163.8428 3180.4595 3197.177 3213.391 3229.605 3245.7183 3261.8315 3277.7434 3293.6553 -3290.634 -3275.0244 -3259.616 -3244.2078 -3229.0007 -3213.9954 -3198.9897 -3184.2864 -3123.3582 3299.8992 3299.8992 3299.8992 3299.8992 3299.8992 3299.8992 3299.8992 3299.8992 3299.8992 3285.6995 3269.4854 3254.0771 3238.568 3223.2605 3208.0535 3192.8467 3177.6396 3162.332 3147.1252 3122.0488 -2000.766 3145.6145 3162.5334 3179.1504 3195.868 3212.1826 3228.3965 3244.5098 3260.623 3276.535 3292.3462 -3291.742 -3276.233 -3260.8245 -3245.3154 -3230.1086 -3215.103 -3200.1982 -3185.3943 -3170.7915 3278.952 3299.8992 3299.8992 3299.8992 3299.8992 3299.8992 3299.8992 3299.8992 3299.8992 3286.7065 3270.4924 3254.9834 3239.4744 3224.1667 3208.8591 3193.753 3178.6467 3163.339 3148.0315 3127.185 -1717.4744 3145.2117 3162.03 3178.7476 3194.9614 3211.5784 3228.0945 3244.2078 3260.321 3276.3335 3292.1448 -3292.2454 -3276.535 -3261.026 -3245.7183 -3230.5115 -3215.4053 -3200.5005 -3185.6963 -3171.0938 2886.2915 3299.8992 3299.8992 3299.8992 3299.8992 3299.8992 3299.8992 3299.8992 3299.8992 3287.915 3271.6003 3256.192 3240.6829 3225.2747 3210.0676 3194.8608 3179.8552 3164.447 3149.24 3133.6304 -665.4785 3141.3848 3158.3037 3174.9207 3191.1345 3207.852 3224.2676 3240.3809 3256.4941 3272.5066 3288.4185 3299.8992 -3280.3618 -3264.6514 -3249.3438 -3234.0361 -3218.93 -3204.0251 -3189.2212 -3174.6184 1816.9739 3299.8992 3299.8992 3299.8992 3299.8992 3299.8992 3299.8992 3299.8992 3299.8992 3288.3179 3272.0032 3256.3933 3240.985 3225.5767 3210.3699 3195.1628 3180.0566 3164.6484 3149.5422 3134.0332 -325.7904 3139.9749 3156.8938 3173.5107 3190.2283 3206.6436 3222.7568 3238.971 3255.0842 3271.0967 3287.0085 3299.8992 -3281.5703 -3266.0613 -3250.7537 -3235.3455 -3220.2393 -3205.3345 -3190.5303 -3175.827 1403.8696 3299.8992 3299.8992 3299.8992 3299.8992 3299.8992 3299.8992 3299.8992 3299.8992 3288.3179 3272.1038 3256.5947 3241.0857 3225.6775 3210.4705 3195.3643 3180.0566 3164.9504 3149.6428 3134.3352 163.85193 3137.7593 
3178.949 3195.465 3211.9812 3228.0945 3244.3083 3260.4216 3276.4343 3292.3462 -3291.742 -3276.132 -3260.5225 -3245.114 -3229.9072 -3214.7002 -3199.7954 -3184.9915 -3170.288 -3155.8867 3299.8992 3299.8992 3299.8992 3299.8992 3299.8992 3299.8992 3299.8992 3299.8992 3299.8992 3296.9788 3281.1675 3264.6514 3249.2432 3233.8347 3218.628 3203.3203 3188.214 3172.9065 3157.498 3066.8608 3144.3054 3161.4258 3177.942 3194.5586 3210.6719 3227.2888 3243.402 3259.7168 3275.6287 3291.641 3299.8992 -3276.9377 -3261.3281 -3245.9197 -3230.612 -3215.6067 -3200.601 -3185.6963 -3170.993 -3156.491 3299.8992 3299.8992 3299.8992 3299.8992 3299.8992 3299.8992 3299.8992 3299.8992 3299.8992 3298.59 3282.6782 3266.162 3250.7537 3235.446 3220.1384 3204.9316 3189.8254 3174.6184 3159.1094 3137.2559 3276.233 3160.8215 3177.539 3194.1558 3210.1685 3226.7852 3242.9993 3259.1125 3275.3264 3291.1377 3299.8992 -3277.4414 -3261.8315 -3246.3225 -3231.1157 -3215.808 -3201.004 -3186.099 -3171.4966 -3156.9946 3299.8992 3299.8992 3299.8992 3299.8992 3299.8992 3299.8992 3299.8992 3299.8992 3299.8992 3299.8992 3284.793 3268.3777 3252.8687 3237.4602 3222.2534 3207.0464 3191.7388 3176.532 3161.1235 3145.111 -2147.7996 3158.606 3175.3235 3192.041 3208.0535 3224.6704 3240.8843 3257.0984 3273.1108 3289.1235 3299.8992 -3279.4556 -3263.8457 -3248.3367 -3233.13 -3217.9229 -3202.9175 -3188.1133 -3173.41 -3158.8074 3299.8992 3299.8992 3299.8992 3299.8992 3299.8992 3299.8992 3299.8992 3299.8992 3299.8992 3299.8992 3285.1958 3268.6797 3253.2715 3237.7625 3222.6562 3207.3486 3192.041 3177.0354 3161.5264 3145.816 -1618.0756 3156.8938 3173.7122 3190.4297 3206.543 3222.9583 3239.3738 3255.5876 3271.4995 3287.5122 3299.8992 -3281.067 -3265.457 -3250.0488 -3234.5398 -3219.5342 -3204.3274 -3189.624 -3174.7192 -3160.2173 2720.929 3299.8992 3299.8992 3299.8992 3299.8992 3299.8992 3299.8992 3299.8992 3299.8992 3299.8992 3285.3972 3268.881 3253.473 3238.0645 3222.6562 3207.55 3192.2424 3177.0354 3161.7278 3146.0173 -792.97485 3154.2754 
3168.8782 3185.3943 3201.3062 3217.3186 3233.432 3249.2432 3264.8528 3280.664 3296.173 -3288.4185 -3273.0103 -3257.6018 -3242.395 -3227.188 -3212.1826 -3197.4792 -3182.675 -3168.173 3299.8992 3299.8992 3299.8992 3299.8992 3299.8992 3299.8992 3299.8992 3299.8992 3299.8992 3287.6128 3272.1038 3256.5947 3240.6829 3225.9795 3211.2761 3196.4722 3181.7688 3167.4683 3152.8655 3137.86 3134.8389 3151.7578 3168.173 3184.3872 3200.5005 3216.513 3232.3242 3248.236 3263.9465 3279.657 3295.2666 -3289.224 -3273.715 -3258.4075 -3243.2007 -3228.0945 -3213.1897 -3198.285 -3183.4807 -3168.9788 3299.8992 3299.8992 3299.8992 3299.8992 3299.8992 3299.8992 3299.8992 3299.8992 3299.8992 3289.0227 3273.413 3258.1055 3242.1936 3227.188 3212.384 3197.6807 3183.078 3168.6768 3154.1748 3139.27 -2889.8162 3150.1465 3166.7632 3182.9773 3199.0906 3215.103 3231.015 3247.0276 3262.6372 3278.3477 3293.9575 -3290.5334 -3275.0244 -3259.8174 -3244.6106 -3229.303 -3214.2974 -3199.4934 -3184.79 -3170.288 3299.8992 3299.8992 3299.8992 3299.8992 3299.8992 3299.8992 3299.8992 3299.8992 3299.8992 3289.9292 3274.4202 3259.0117 3243.2007 3228.195 3213.391 3198.6877 3184.085 3169.583 3155.081 3140.277 -1677.8961 3148.233 3164.8499 3181.1646 3197.4792 3213.391 3229.4036 3245.2148 3260.9253 3276.6357 3292.3462 -3292.044 -3276.6357 -3261.4287 -3246.3225 -3231.1157 -3216.11 -3201.2053 -3186.4014 -3171.698 3299.8992 3299.8992 3299.8992 3299.8992 3299.8992 3299.8992 3299.8992 3299.8992 3299.8992 3290.9363 3275.3264 3260.0188 3244.107 3229.2021 3214.2974 3199.4934 3184.9915 3170.4895 3155.9875 3141.1833 -800.9308 3147.1252 3163.6414 3179.956 3196.17 3212.0818 3228.195 3243.9055 3259.7168 3275.5278 3291.0369 -3293.4539 -3277.9448 -3262.6372 -3247.3296 -3232.1228 -3217.0166 -3202.2124 -3187.4084 -3172.8057 2619.5159 3299.8992 3299.8992 3299.8992 3299.8992 3299.8992 3299.8992 3299.8992 3299.8992 3291.8425 3276.233 3260.8245 3244.9126 3229.9072 3215.2039 3200.3997 3185.797 3171.2952 3156.6924 3142.0898 40.585327 3145.7153 

3164.8499 3180.5603 3195.9685 3210.8733 3226.7852 3241.5894 3256.5947 3271.8018 3286.4043 3299.8992 -3284.0881 -3269.5862 -3255.0842 -3240.7837 -3226.5837 -3212.4846 -3198.3855 -3184.3872 -1071.7346 3299.8992 3299.8992 3299.8992 3299.8992 3299.8992 3299.8992 3299.8992 3299.8992 3296.0723 3281.4697 3266.7664 3252.1636 3237.4602 3223.059 3208.6577 3194.3572 3180.0566 3165.857 3151.1536 1526.532 3147.4272 3163.2385 3179.251 3194.76 3209.6648 3225.3752 3240.5823 3255.5876 3270.5933 3285.498 3299.8992 -3285.1958 -3270.7947 -3256.192 -3241.8914 -3227.6917 -3213.5925 -3199.4934 -3185.6963 -1493.4998 3299.8992 3299.8992 3299.8992 3299.8992 3299.8992 3299.8992 3299.8992 3299.8992 3296.0723 3281.4697 3266.7664 3252.063 3237.9639 3223.5625 3208.96 3194.458 3180.5603 3166.0583 3151.1536 2029.8706 3146.1182 3160.5193 3176.0283 3191.5374 3207.55 3222.2534 3237.4602 3252.7678 3267.7734 3282.5774 3296.9788 -3288.3179 -3273.715 -3259.314 -3245.0134 -3230.713 -3216.513 -3202.1118 -3188.214 -2186.975 3299.8992 3299.8992 3299.8992 3299.8992 3299.8992 3299.8992 3299.8992 3299.8992 3297.1802 3282.376 3267.3706 3252.6672 3238.568 3223.764 3209.5642 3195.2637 3181.1646 3166.3604 3151.8584 2425.5522 -3004.9255 3158.4045 3173.8127 3189.5232 3205.435 3220.2393 3235.7483 3250.653 3265.3564 3280.2612 3295.0652 -3290.332 -3275.4272 -3261.1267 -3246.6248 -3232.4248 -3218.527 -3204.428 -3190.1274 -2500.2776 3299.8992 3299.8992 3299.8992 3299.8992 3299.8992 3299.8992 3299.8992 3299.8992 3296.2737 3281.5703 3267.2698 3252.5664 3237.7625 3223.361 3209.0605 3194.9614 3180.4595 3165.9575 3151.4556 2497.8606 -2860.3088 3157.196 3172.705 3188.3147 3204.428 3219.0308 3234.3384 3249.7466 3264.5508 3279.0527 3294.058 -3291.339 -3276.7363 -3262.033 -3247.7324 -3233.432 -3219.2322 -3205.133 -3191.1345 -2891.226 3299.8992 3299.8992 3299.8992 3299.8992 3299.8992 3299.8992 3299.8992 3299.8992 3297.885 3283.1816 3268.579 3253.8757 3239.3738 3224.8718 3210.6719 3196.2708 3182.0708 3167.871 3152.9663 2921.0356 -2087.2742 
3299.8992 3299.8992 3299.8992 3299.8992 3299.8992 3299.8992 3299.8992 3299.8992 3295.5688 3280.2612 3265.155 3250.0488 3235.144 3220.3398 3205.838 3191.5374 3177.2368 3163.2385 3157.2966 3174.0142 3190.5303 3206.543 3222.4548 3238.2659 3253.9763 3269.4854 3284.8938 3299.8992 -3284.5916 -3269.3848 -3254.48 -3239.6758 -3224.9724 -3210.3699 -3195.767 -3181.366 -3167.166 -3152.9663 3299.8992 3299.8992 3299.8992 3299.8992 3299.8992 3299.8992 3299.8992 3299.8992 3299.8992 3299.8992 3297.2808 3281.9731 3266.9678 3251.7607 3236.856 3222.052 3207.4492 3193.1487 3178.8481 3164.8499 3156.491 3173.3093 3189.7246 3205.838 3221.7498 3237.4602 3253.2715 3268.7805 3284.1887 3299.5972 -3285.2966 -3270.1904 -3255.1848 -3240.28 -3225.6775 -3210.974 -3196.4722 -3181.9702 -3167.7703 -3153.6711 2475.7048 3299.8992 3299.8992 3299.8992 3299.8992 3299.8992 3299.8992 3299.8992 3299.8992 3299.8992 3298.7915 3283.5845 3268.4783 3253.372 3238.3667 3223.6633 3209.0605 3194.5586 3180.359 3166.2598 3221.4478 3172.4028 3188.8184 3205.0322 3221.045 3236.7554 3252.5664 3268.0754 3283.484 3298.7915 -3285.901 -3270.7947 -3255.789 -3240.985 -3226.2817 -3211.679 -3196.9756 -3182.675 -3168.3745 -3154.2754 604.6509 3299.8992 3299.8992 3299.8992 3299.8992 3299.8992 3299.8992 3299.8992 3299.8992 3299.8992 3299.8992 3285.2966 3270.1904 3255.0842 3240.0786 3225.2747 3210.6719 3196.17 3181.9702 3167.9717 -538.2843 3171.4966 3187.8113 3203.9246 3219.937 3235.7483 3251.358 3267.1692 3282.4768 3297.885 -3286.908 -3271.8018 -3256.897 -3241.9922 -3227.188 -3212.5854 -3197.9827 -3183.5815 -3169.3816 -3155.182 -1001.3397 3299.8992 3299.8992 3299.8992 3299.8992 3299.8992 3299.8992 3299.8992 3299.8992 3299.8992 3299.8992 3286.8071 3271.701 3256.5947 3241.5894 3226.6846 3212.0818 3197.7812 3183.3801 3169.281 1262.7777 3170.59 3187.1062 3203.3203 3219.2322 3235.144 3250.7537 3266.2627 3281.8726 3297.1802 -3287.6128 -3272.5066 -3257.5012 -3242.5964 -3227.893 -3213.1897 -3198.6877 -3184.2864 -3169.8853 -3155.7861 -2182.544 3299.8992 
2902.304 2919.928 2937.4512 2955.3772 2972.5981 2989.618 3006.3354 3023.2544 3039.7705 3056.3872 3072.8027 3089.1174 3105.13 3121.1426 -2968.7712 -958.74023 815.43274 3124.8687 3117.2148 3102.8137 3088.5132 3074.3132 3059.6099 3044.806 3030.9082 3016.5068 3002.6091 2988.8123 2975.0151 2961.2183 2947.522 2933.9263 2920.6328 2907.3394 2893.643 2880.0476 2727.1729 561.64856 2868.466 2887.1978 2905.5266 2923.1506 2941.1772 2958.3984 2975.6194 2992.8406 3009.961 3026.6785 3043.396 3060.0127 3076.3274 3092.642 3108.6548 3124.768 -3147.1252 -1216.8549 1367.9169 3132.7239 3118.7256 3104.5256 3090.0237 3075.2197 3060.7178 3045.9136 3031.8145 3017.514 3003.6162 2989.7185 2975.8208 2962.024 2948.3276 2934.6313 2921.237 2908.0444 2894.4487 2880.7524 2646.2036 425.89417 2870.2788 2888.809 2907.2388 2924.9634 2942.99 2960.0098 2977.3315 2994.5525 3011.6729 3028.3904 3045.0073 3061.624 3077.9387 3094.2534 3110.4675 3126.3794 -3010.3638 -1037.1918 1587.0575 3131.7168 3117.6177 3103.3171 3088.7146 3074.0112 3059.1064 3045.0073 3031.0088 3016.5068 3002.4077 2988.51 2974.8137 2960.916 2947.0183 2933.5234 2920.23 2907.138 2893.5425 2880.0476 2861.215 1338.8123 -2795.05 2879.3425 2897.7722 2916.101 2933.4229 2951.4495 2968.7712 2985.791 3002.71 3019.4275 3036.145 3052.7617 3069.1772 3085.391 3101.6052 3117.7185 3259.9182 -1780.719 798.5138 3132.321 3118.3228 3104.1228 3089.6208 3075.4211 3060.9192 3046.0144 3031.9153 3017.6147 3003.8176 2989.8193 2976.0222 2962.326 2948.4282 2934.8328 2921.338 2908.145 2894.5496 2881.1553 2478.3232 251.77002 2891.226 2889.8162 2908.2458 2925.769 2943.2922 2961.2183 2978.4392 2995.3582 3012.0757 3028.9946 3045.813 3062.1277 3078.4424 3094.757 3110.8704 3126.9836 3294.2595 -1679.306 925.8087 3139.7734 3125.6743 3111.4746 3096.9727 3082.7727 3068.1702 3053.1646 3038.864 3024.5635 3010.7666 2996.869 2982.9712 2969.275 2955.4778 2941.7815 2928.3875 2915.1946 2901.6997 2888.1042 2870.4802 1493.8019 -1557.8522 2881.3567 
-2657.5835 -2646.1028 -2635.1257 -2624.0479 -2500.6804 -1679.306 146.12732 2534.8206 3299.8992 3299.8992 3299.8992 3299.8992 3299.8992 3299.8992 3299.8992 3299.8992 3299.8992 3299.8992 3299.8992 3299.8992 2215.6768 876.15967 1072.8424 -91.241455 -1366.7084 -2579.9377 -2810.559 -2797.769 -2785.2812 -2772.9949 -2760.507 -2748.7244 -2420.9197 -1981.5308 -2178.9185 -2428.8757 -2622.235 -2662.5183 -2675.2075 -2663.8274 -2652.548 -2639.154 -2629.9895 -2618.7102 -2607.8337 -2015.9729 -314.4104 2052.3284 3299.8992 3299.8992 3299.8992 3299.8992 3299.8992 3299.8992 3299.8992 3299.8992 3299.8992 3299.8992 3299.8992 3299.8992 3208.1543 1886.3617 2021.109 669.2047 -740.20386 -2119.8027 -2821.2341 -2808.545 -2795.9563 -2783.4685 -2771.0815 -2758.8958 -2674.301 -2299.3652 -2453.0457 -2652.246 -2703.2043 -2691.8242 -2680.243 -2668.8628 -2657.483 -2646.3042 -2634.8235 -2623.645 -2591.4185 -1843.7622 67.57507 2475.5034 3299.8992 3299.8992 3299.8992 3299.8992 3299.8992 3299.8992 3299.8992 3299.8992 3299.8992 3299.8992 3299.8992 3299.8992 2477.1147 1134.0729 1302.9602 81.674194 -1137.8998 -2362.6099 -2815.1917 -2802.5024 -2789.8132 -2777.5269 -2765.1396 -2752.954 -2426.9622 -1969.1437 -1809.3201 -1995.5292 -2279.0222 -2421.6248 -2685.6812 -2674.2004 -2662.7197 -2647.9155 -2640.1611 -2629.0833 -2617.1997 -1920.8038 -354.5929 1938.5284 3299.8992 3299.8992 3299.8992 3299.8992 3299.8992 3299.8992 3299.8992 3299.8992 3299.8992 3299.8992 3299.8992 3299.8992 2860.5103 1530.661 1911.8408 606.56433 -697.8058 -2039.1357 -2826.37 -2813.681 -2800.9917 -2788.504 -2776.016 -2763.8306 -2613.0706 -2193.3196 -2264.923 -2476.8127 -2710.254 -2698.5718 -2687.091 -2675.6104 -2664.2302 -2653.0518 -2641.6716 -2630.3923 -2619.5159 -1959.4757 -547.54944 1716.4673 3299.8992 3299.8992 3299.8992 3299.8992 3299.8992 3299.8992 3299.8992 3299.8992 3299.8992 3299.8992 3299.8992 3299.8992 3099.0874 1924.9329 2109.8328 757.72705 -880.6915 -2255.658 -2828.888 -2815.9973 -2803.4087 -2790.921 -2778.534 -2766.2476 -2638.2476 -2121.7163 -2270.2605 -2502.2917 -2704.9163 -2701.4922 -2689.911 -2678.4302 
3181.1646 3196.7742 3211.9812 3227.3894 3242.1936 3257.199 3272.6074 3287.3108 3299.8992 -3283.6853 -3268.982 -3254.48 -3240.1794 -3225.879 -3211.8804 -3197.4792 -3183.783 -3169.9858 1528.5461 3299.8992 3299.8992 3299.8992 3299.8992 3299.8992 3299.8992 3299.8992 3299.8992 3299.8992 3288.1165 3273.6145 3259.314 3244.7112 3230.4106 3216.4124 3202.1118 3188.214 3174.0142 3159.7136 62.338257 3163.2385 3178.949 3194.5586 3210.0676 3225.0732 3240.6829 3255.789 3270.1904 3285.3972 3299.8992 -3284.9944 -3270.6938 -3255.9905 -3241.69 -3227.2888 -3213.4917 -3199.1912 -3185.1929 -3171.3958 266.37268 3299.8992 3299.8992 3299.8992 3299.8992 3299.8992 3299.8992 3299.8992 3299.8992 3299.8992 3289.4255 3274.823 3260.0188 3245.819 3231.5186 3217.3186 3203.2195 3189.1204 3175.122 3160.7207 793.98193 3162.03 3177.7405 3193.35 3208.5571 3223.9653 3238.7695 3253.775 3269.1833 3283.9873 3298.3887 -3286.908 -3272.3052 -3257.6018 -3243.5027 -3229.2021 -3215.0024 -3200.8025 -3186.9048 -3173.2085 -709.5886 3299.8992 3299.8992 3299.8992 3299.8992 3299.8992 3299.8992 3299.8992 3299.8992 3299.8992 3289.8284 3275.3264 3260.623 3246.121 3231.9214 3217.8223 3203.5217 3189.624 3175.525 3161.4258 1604.7821 3159.5122 3175.424 3190.933 3206.543 3221.6492 3237.1582 3252.2644 3266.7664 3281.9731 3296.7773 -3288.5193 -3273.816 -3259.616 -3244.9126 -3230.713 -3216.513 -3202.3132 -3188.3147 -3174.8198 -1520.5902 3299.8992 3299.8992 3299.8992 3299.8992 3299.8992 3299.8992 3299.8992 3299.8992 3299.8992 3290.332 3275.83 3261.026 3246.9268 3232.4248 3218.225 3204.126 3190.2283 3176.1292 3161.8286 1939.8376 3158.8074 3174.7192 3190.2283 3205.435 3220.8435 3235.7483 3250.7537 3266.162 3280.966 3295.3674 -3289.9292 -3275.2258 -3260.7239 -3246.3225 -3232.1228 -3217.8223 -3203.8237 -3189.8254 -3175.9277 -2291.9128 3299.8992 3299.8992 3299.8992 3299.8992 3299.8992 3299.8992 3299.8992 3299.8992 3299.8992 3291.2383 3276.6357 3262.1338 3247.7324 3233.432 3219.3328 3205.0322 3190.933 3176.9348 3162.6343 2573.291 3156.7932 
3154.779 3171.3958 3188.214 3204.5288 3220.8435 3236.9568 3253.07 3269.0825 3285.0952 3299.8992 -3283.484 -3267.9749 -3252.5664 -3237.3596 -3222.2534 -3207.1472 -3192.343 -3177.539 692.46826 3299.8992 3299.8992 3299.8992 3299.8992 3299.8992 3299.8992 3299.8992 3299.8992 3289.1235 3272.9094 3257.4004 3241.8914 3226.4832 3211.377 3196.0693 3180.8623 3165.857 3150.5493 3135.2417 860.65063 3135.0403 3151.9592 3168.6768 3185.4949 3201.8096 3218.0237 3234.3384 3250.3508 3266.464 3282.376 3298.1873 -3286.203 -3270.6938 -3255.1848 -3239.8772 -3224.6704 -3209.5642 -3194.8608 -3180.0566 62.438965 3299.8992 3299.8992 3299.8992 3299.8992 3299.8992 3299.8992 3299.8992 3299.8992 3289.0227 3272.8088 3257.199 3241.69 3226.181 3211.0747 3195.868 3180.7617 3165.5547 3150.247 3135.0403 1071.5332 3133.8318 3150.9521 3167.6697 3183.9844 3200.702 3216.9158 3233.3313 3249.5452 3265.457 3281.4697 3297.2808 -3287.0085 -3271.399 -3256.0913 -3240.6829 -3225.6775 -3210.5713 -3195.6665 -3180.8623 -565.7776 3299.8992 3299.8992 3299.8992 3299.8992 3299.8992 3299.8992 3299.8992 3299.8992 3290.634 3274.3193 3258.7097 3243.3013 3227.893 3212.5854 3197.3784 3182.2722 3167.0654 3151.657 3136.4502 1610.6232 3132.321 3149.3408 3166.2598 3182.373 3199.0906 3215.808 3231.8206 3247.9338 3264.047 3279.8584 3295.6694 -3288.5193 -3272.8088 -3257.5012 -3242.1936 -3226.886 -3211.9812 -3197.0764 -3182.2722 -1278.9917 3299.8992 3299.8992 3299.8992 3299.8992 3299.8992 3299.8992 3299.8992 3299.8992 3292.1448 3275.83 3260.4216 3245.0134 3229.5044 3214.1968 3198.9897 3183.8835 3168.6768 3153.3691 3138.162 1960.1807 3131.5154 3148.6357 3165.454 3181.5674 3198.3855 3214.9016 3231.015 3247.3296 3263.2415 3279.1533 3294.9646 -3289.325 -3273.715 -3258.206 -3242.8984 -3227.7922 -3212.686 -3197.7812 -3183.078 -1616.7664 3299.8992 3299.8992 3299.8992 3299.8992 3299.8992 3299.8992 3299.8992 3299.8992 3292.749 3276.4343 3260.9253 3245.4163 3230.0078 3214.7002 3199.594 3184.3872 3169.1802 3153.8726 3138.7664 2522.3328 3128.4941 
3170.8923 3187.6099 3203.6223 3220.1384 3236.4531 3252.6672 3268.982 3284.793 3299.8992 -3283.6853 -3268.0754 -3252.6672 -3237.2588 -3222.052 -3206.9458 -3192.1416 -3177.4382 -3162.8357 1443.2465 3299.8992 3299.8992 3299.8992 3299.8992 3299.8992 3299.8992 3299.8992 3299.8992 3299.8992 3285.901 3269.4854 3254.1777 3238.7695 3223.462 3208.1543 3192.9473 3177.841 3162.4329 3146.823 -310.18066 3152.8655 3169.583 3186.3005 3202.9175 3219.0308 3235.3455 3251.5593 3267.572 3283.6853 3299.3958 -3284.793 -3269.1833 -3253.6743 -3238.3667 -3223.059 -3208.0535 -3193.2495 -3178.4453 -3163.8428 839.30054 3299.8992 3299.8992 3299.8992 3299.8992 3299.8992 3299.8992 3299.8992 3299.8992 3299.8992 3286.6057 3270.1904 3254.6814 3239.3738 3223.9653 3208.7585 3193.5515 3178.3447 3163.037 3147.4272 279.0619 3151.1536 3167.9717 3184.4878 3201.2053 3217.3186 3233.6333 3249.7466 3265.9607 3281.9731 3297.885 -3286.5051 -3270.7947 -3255.3862 -3239.978 -3224.6704 -3209.5642 -3194.76 -3179.956 -3165.454 -15.408325 3299.8992 3299.8992 3299.8992 3299.8992 3299.8992 3299.8992 3299.8992 3299.8992 3299.8992 3287.4114 3270.996 3255.5876 3240.1794 3224.771 3209.5642 3194.3572 3179.1504 3163.8428 3148.3337 905.1636 3149.3408 3166.159 3182.776 3199.3926 3215.6067 3231.8206 3248.0347 3264.148 3280.2612 3296.0723 -3288.1165 -3272.5066 -3256.9976 -3241.5894 -3226.3823 -3211.2761 -3196.3713 -3181.5674 -3166.9646 -747.65625 3299.8992 3299.8992 3299.8992 3299.8992 3299.8992 3299.8992 3299.8992 3299.8992 3299.8992 3288.0156 3271.6003 3256.192 3240.7837 3225.3752 3210.1685 3194.8608 3179.6538 3164.447 3148.938 1356.6376 3147.83 3164.5476 3181.2651 3197.9827 3214.096 3230.4106 3246.6248 3262.738 3278.7505 3294.5618 -3289.627 -3274.0173 -3258.4075 -3242.8984 -3227.7922 -3212.686 -3197.6807 -3182.8765 -3168.274 -1572.4548 3299.8992 3299.8992 3299.8992 3299.8992 3299.8992 3299.8992 3299.8992 3299.8992 3299.8992 3289.4255 3273.0103 3257.5012 3242.1936 3226.7852 3211.5784 3196.2708 3181.0637 3165.756 3150.348 1971.7621 3146.1182 
3162.2314 3178.6467 3194.8608 3210.7727 3226.886 3242.7979 3258.4075 3274.118 3289.8284 -3294.6624 -3279.2542 -3263.745 -3248.538 -3233.432 -3218.225 -3203.421 -3188.617 -3174.0142 1444.455 3299.8992 3299.8992 3299.8992 3299.8992 3299.8992 3299.8992 3299.8992 3299.8992 3292.6482 3277.24 3261.5295 3245.6177 3230.8135 3216.0095 3201.2053 3186.6028 3172.1008 3157.5989 3142.996 1201.3458 3143.399 3159.7136 3176.2297 3192.343 3208.3557 3224.3682 3240.28 3255.9905 3271.6003 3287.5122 3299.8992 -3281.5703 -3266.0613 -3250.8545 -3235.7483 -3220.7427 -3205.7373 -3191.034 -3176.4312 252.37427 3299.8992 3299.8992 3299.8992 3299.8992 3299.8992 3299.8992 3299.8992 3299.8992 3292.5476 3276.9377 3261.6301 3245.7183 3230.9143 3215.9087 3201.004 3186.502 3172 3157.5989 3142.7947 1532.5745 3142.0898 3158.8074 3175.2227 3191.336 3207.4492 3223.361 3239.3738 3255.1848 3270.8953 3286.6057 3299.8992 -3282.5774 -3267.0684 -3251.7607 -3236.6545 -3221.7498 -3206.6436 -3191.9402 -3177.3376 -998.7213 3299.8992 3299.8992 3299.8992 3299.8992 3299.8992 3299.8992 3299.8992 3299.8992 3294.2595 3278.7505 3263.2415 3247.3296 3232.6262 3217.6208 3203.018 3188.214 3173.6113 3159.2102 3144.6074 2467.5476 3140.277 3156.8938 3173.2085 3189.4226 3205.536 3221.5483 3237.3596 3253.1707 3268.881 3284.5916 3299.8992 -3284.3901 -3268.982 -3253.6743 -3238.4673 -3223.361 -3208.4563 -3193.6523 -3178.949 -2081.3323 3299.8992 3299.8992 3299.8992 3299.8992 3299.8992 3299.8992 3299.8992 3299.8992 3295.468 3279.8584 3264.45 3248.4375 3233.432 3218.527 3203.7231 3189.1204 3174.6184 3160.0159 3145.514 2819.522 3138.9678 3155.6853 3172.2014 3188.3147 3204.428 3220.5413 3236.4531 3252.2644 3267.9749 3283.484 3299.0935 -3285.2966 -3270.0896 -3254.782 -3239.5752 -3224.5696 -3209.4634 -3194.6594 -3180.0566 -2635.9314 3299.8992 3299.8992 3299.8992 3299.8992 3299.8992 3299.8992 3299.8992 3299.8992 3296.3745 3280.7646 3265.3564 3249.4446 3234.2375 3219.4336 3204.6294 3190.0269 3175.424 3160.922 3146.521 3123.1567 3136.853 

3154.6782 3170.1873 3185.8977 3201.9104 3216.6138 3231.8206 3246.8262 3261.731 3276.7363 3291.641 3299.8992 -3279.1533 -3264.7522 -3250.0488 -3236.0503 -3221.8506 -3207.7515 -3193.451 -3100.0945 3299.8992 3299.8992 3299.8992 3299.8992 3299.8992 3299.8992 3299.8992 3299.8992 3298.1873 3283.383 3268.6797 3254.1777 3239.3738 3224.9724 3210.7727 3196.4722 3182.1716 3167.6697 3153.1677 3018.4204 -1904.0863 3153.2683 3169.3816 3184.4878 3200.5005 3215.3044 3230.713 3245.9197 3260.9253 3275.7292 3290.5334 3299.8992 -3280.2612 -3266.0613 -3251.6602 -3237.2588 -3222.8577 -3208.6577 -3194.6594 -2758.3923 3299.8992 3299.8992 3299.8992 3299.8992 3299.8992 3299.8992 3299.8992 3299.8992 3293.2524 3278.4485 3263.9465 3249.3438 3234.6404 3220.1384 3205.838 3191.6382 3177.2368 3162.7349 3148.3337 2283.8562 3227.0874 3156.2896 3172 3187.509 3202.4138 3218.3257 3233.432 3248.3367 3263.5437 3278.4485 3293.1519 -3292.4468 -3277.6428 -3263.1409 -3248.8403 -3234.6404 -3220.4407 -3206.1401 -3192.2424 -2809.854 3299.8992 3299.8992 3299.8992 3299.8992 3299.8992 3299.8992 3299.8992 3299.8992 3296.878 3282.074 3267.7734 3252.8687 3238.0645 3223.6633 3209.5642 3195.0623 3180.7617 3166.0583 3151.7578 2528.9795 -2760.205 3157.196 3173.007 3188.516 3203.5217 3219.2322 3234.439 3249.4446 3264.5508 3279.4556 3294.058 -3291.1377 -3276.9377 -3262.4358 -3248.1353 -3233.5327 -3219.3328 -3205.2336 -3191.4368 -3114.093 3299.8992 3299.8992 3299.8992 3299.8992 3299.8992 3299.8992 3299.8992 3299.8992 3299.8992 3286.6057 3271.8018 3256.9976 3242.1936 3228.0945 3213.4917 3199.292 3184.8906 3170.3887 3155.7861 2909.253 -1886.6638 3156.8938 3172.705 3188.214 3203.2195 3218.93 3234.137 3249.0417 3264.047 3278.952 3293.6553 -3291.2383 -3276.8372 -3262.4358 -3248.1353 -3233.5327 -3219.5342 -3205.435 -3191.336 -3177.6396 2602.6978 3299.8992 3299.8992 3299.8992 3299.8992 3299.8992 3299.8992 3299.8992 3299.8992 3289.7278 3275.0244 3260.321 3245.2148 3230.713 3216.4124 3202.4138 3188.0127 3173.6113 3159.2102 3055.3801 -1112.6221 3155.8867 3171.3958 3187.1062 3203.119 3217.8223 3233.3313 3248.4375 3263.4429 3278.247 3292.749 -3292.4468 -3277.8442 -3263.04 -3249.0417 -3234.8418 -3220.5413 -3206.4421 -3192.2424 -3178.3447 1407.3944 
3299.8992 3299.8992 3299.8992 3299.8992 3299.8992 3299.8992 3299.8992 3299.8992 3299.8992 3288.4185 3273.2117 3258.1055 3243.0999 3228.3965 3213.693 3199.292 3184.9915 3170.7915 2616.1926 3169.7844 3186.2 3202.3132 3218.3257 3234.2375 3249.8474 3265.5579 3280.966 3296.3745 -3288.4185 -3273.3123 -3258.307 -3243.3013 -3228.6987 -3213.9954 -3199.3926 -3184.9915 -3170.59 -3156.491 -2967.5627 3299.8992 3299.8992 3299.8992 3299.8992 3299.8992 3299.8992 3299.8992 3299.8992 3299.8992 3299.8992 3290.1306 3274.9236 3259.8174 3244.812 3229.9072 3215.2039 3200.8025 3186.6028 3172.3022 3158.0017 3164.2456 3180.8623 3197.177 3213.1897 3229.1016 3244.812 3260.4216 3275.83 3291.2383 3299.8992 -3278.247 -3263.2415 -3248.3367 -3233.5327 -3218.8293 -3204.2266 -3189.8254 -3175.424 -3161.2244 -3147.2258 3299.8992 3299.8992 3299.8992 3299.8992 3299.8992 3299.8992 3299.8992 3299.8992 3299.8992 3299.8992 3295.6694 3280.3618 3265.155 3250.1494 3235.144 3220.4407 3205.9387 3191.5374 3177.4382 3163.44 3164.8499 3181.4666 3197.6807 3213.693 3229.605 3245.2148 3261.026 3276.6357 3291.9434 3299.8992 -3277.6428 -3262.6372 -3247.6318 -3232.9285 -3218.225 -3203.6223 -3189.2212 -3174.8198 -3160.62 -3146.521 3299.8992 3299.8992 3299.8992 3299.8992 3299.8992 3299.8992 3299.8992 3299.8992 3299.8992 3299.8992 3299.6978 3284.3901 3269.1833 3253.9763 3239.0715 3224.3682 3209.7656 3195.3643 3181.2651 3167.2668 3166.5618 3183.078 3199.292 3215.3044 3231.2163 3246.9268 3262.5366 3278.0457 3293.4539 -3291.2383 -3276.0315 -3261.026 -3246.121 -3231.3171 -3216.7144 -3202.1118 -3187.7104 -3173.3093 -3159.0088 -3145.0103 3299.8992 3299.8992 3299.8992 3299.8992 3299.8992 3299.8992 3299.8992 3299.8992 3299.8992 3299.8992 3299.8992 3287.21 3271.9023 3256.7961 3241.7908 3226.9866 3212.4846 3198.0835 3183.783 3169.7844 3166.5618 3183.2793 3199.4934 3215.6067 3231.6191 3247.229 3262.9395 3278.549 3293.8567 -3290.8354 -3275.7292 -3260.623 -3245.7183 -3230.9143 -3216.3115 -3201.709 -3187.3076 -3173.007 -3158.7065 -3144.6074 3299.8992 3299.8992 3299.8992 3299.8992 3299.8992 3299.8992 3299.8992 3299.8992 3299.8992 3299.8992 3299.8992 3289.0227 3273.816 3258.5083 3243.6035 3228.9001 3214.3982 3199.8962 3185.6963 3171.5972 3166.2598 
2899.7864 2917.511 2935.739 2952.8594 2970.282 2987.6038 3004.724 3021.5422 3038.3606 3054.8767 3071.292 3087.6067 3103.8208 3119.8333 3135.745 -2446.701 181.27441 2666.2444 3128.4941 3114.1936 3099.7925 3085.089 3070.1843 3055.8838 3041.5833 3027.182 3013.1836 2999.185 2985.2874 2971.3896 2957.5928 2943.8965 2930.4016 2917.2087 2903.6133 2890.3198 2872.3938 1559.2621 -2120.9106 2885.5864 2904.1167 2922.4456 2939.6667 2957.6934 2974.9146 2992.035 3008.853 3025.6714 3042.288 3059.0056 3075.2197 3091.5344 3107.6477 3123.6602 -3154.1748 -1470.9412 1201.1444 3133.731 3119.5312 3105.3313 3090.9302 3076.7302 3061.4226 3047.223 3033.023 3018.4204 3004.4219 2990.4236 2976.7273 2962.6282 2948.7305 2935.437 2921.7407 2908.7493 2895.2544 2881.659 2709.6497 852.2919 -2471.173 2883.3708 2901.8005 2920.1294 2937.9546 2955.075 2972.4976 2989.7185 3006.8389 3023.7578 3040.3748 3056.8909 3073.3062 3089.6208 3105.7341 3121.7468 -2370.0623 -474.43542 1331.7627 3123.5596 3109.4604 3095.2605 3080.8594 3066.156 3051.7546 3036.8499 3022.6501 3008.3496 2994.6533 2980.6548 2966.858 2953.2622 2939.6667 2926.071 2912.8784 2899.7864 2886.493 2873.0986 2850.1372 1309.8083 -1816.0675 2869.4731 2888.0034 2905.9294 2924.1577 2941.278 2958.7004 2976.0222 2993.344 3010.263 3026.9805 3043.698 3060.1135 3076.5288 3092.743 3108.8562 -2554.0557 -758.5327 1741.4429 3110.669 3096.5698 3082.2693 3067.9688 3053.2654 3038.2598 3024.1606 3010.0615 2995.3582 2981.5613 2967.6636 2953.9673 2940.271 2926.6753 2913.2812 2900.2898 2887.1978 2874.0051 2860.5103 2833.8225 1357.2418 -1533.5815 2855.8777 2874.5085 2893.1396 2910.6628 2928.8909 2946.2126 2963.4338 2980.252 2997.2717 3014.1907 3030.8074 3047.4243 3237.2588 3079.3486 3095.7642 -2220.813 -439.38904 1969.6472 3093.5486 3079.3486 3065.149 3050.647 3036.5479 3021.7437 3007.0403 2993.1426 2979.0435 2965.448 2951.651 2938.0554 2924.5605 2911.1663 2897.7722 2884.6802 2871.991 2858.9995 2845.9075 2830.4993 1940.2405 -795.0897 2834.2253 2853.2593 2871.3867 2889.917 2907.4402 2925.064 2942.5872 2960.0098 2977.0293 2993.9482 3010.8672 3027.4841 3044.1008 3060.5164 3076.7302 -2743.689 -1016.74805 1395.6116 3082.3699 3068.3716 3054.373 
-2666.9495 -2573.4924 -2644.4915 -2633.4136 -2620.6238 -2090.396 -810.1959 1496.6217 3299.8992 3299.8992 3299.8992 3299.8992 3299.8992 3299.8992 3299.8992 3299.8992 3299.8992 3299.8992 3299.8992 3299.8992 2936.9475 1629.2542 1797.0337 501.6266 -811.1023 -2028.9642 -2826.5715 -2813.5803 -2800.891 -2788.4033 -2776.117 -2763.8306 -2673.6968 -2001.8738 -2050.6165 -2270.462 -2487.387 -2699.0752 -2690.8171 -2679.2358 -2667.9565 -2656.6772 -2645.1965 -2634.2192 -2623.0408 -2302.185 -1052.0966 1299.3347 3299.8992 3299.8992 3299.8992 3299.8992 3299.8992 3299.8992 3299.8992 3299.8992 3299.8992 3299.8992 3299.8992 3299.8992 3281.1675 2030.072 2129.773 803.14636 -482.7942 -1735.4004 -2832.7148 -2819.8242 -2807.0342 -2794.6472 -2782.1594 -2769.7722 -2687.796 -2113.3574 -2085.1592 -2256.0608 -2449.3193 -2598.468 -2696.5576 -2685.1775 -2673.4954 -2662.4175 -2650.9368 -2639.7583 -2594.3389 -1957.3608 -694.68384 1509.7137 3299.8992 3299.8992 3299.8992 3299.8992 3299.8992 3299.8992 3299.8992 3299.8992 3299.8992 3299.8992 3299.8992 3299.8992 3013.2842 1694.1101 1861.084 647.6532 -617.6422 -1885.1532 -2836.2395 -2823.4497 -2810.7605 -2798.1719 -2785.684 -2773.4985 -2485.5742 -1753.0243 -1797.1344 -2002.7802 -2240.048 -2412.2588 -2607.9346 -2695.5505 -2683.969 -2653.656 -2661.209 -2650.0305 -2638.7512 -2311.2488 -1231.1554 947.2595 3296.6765 3299.8992 3299.8992 3299.8992 3299.8992 3299.8992 3299.8992 3299.8992 3299.8992 3299.8992 3299.8992 3299.8992 3299.8992 2105.7036 2229.5745 877.4689 -555.9082 -1881.1249 -2845.0012 -2832.2112 -2819.4214 -2806.8328 -2794.4458 -2781.958 -2719.3176 -2030.072 -1983.7463 -2153.54 -2409.2375 -2638.9526 -2709.9517 -2698.3704 -2686.7888 -2675.308 -2663.7268 -2652.4475 -2613.6748 -2074.3835 -632.04346 1385.0372 3299.8992 3299.8992 3299.8992 3299.8992 3299.8992 3299.8992 3299.8992 3299.8992 3299.8992 3299.8992 3299.8992 3299.8992 2883.5723 1620.1904 1849.0997 666.1835 -598.407 -1855.0415 -2846.9146 -2834.024 -2821.3347 -2808.6455 -2796.2585 -2783.8713 -2688.4001 -1936.1115 -1468.222 -1574.0662 -1912.5458 -2118.7957 -2319.0032 -2711.9658 -2700.2837 -2688.6016 -2677.0203 -2665.6401 -2654.4617 -2259.8877 -1167.7094 685.5194 2684.7747 3299.8992 3299.8992 3299.8992 3299.8992 3299.8992 3299.8992 3299.8992 3299.8992 3299.8992 3299.8992 3299.8992 
3172.5037 3188.214 3203.7231 3218.8293 3234.439 3249.5452 3264.047 3279.2542 3294.2595 -3291.0369 -3276.535 -3261.9324 -3247.531 -3233.2305 -3219.1313 -3204.9316 -3190.933 -3177.0354 -2812.0696 3299.8992 3299.8992 3299.8992 3299.8992 3299.8992 3299.8992 3299.8992 3299.8992 3299.8992 3292.2454 3277.542 3263.1409 3248.8403 3234.439 3220.1384 3205.9387 3192.041 3177.942 3163.8428 2839.6636 3155.8867 3171.7986 3187.4084 3202.716 3218.1243 3232.8276 3248.0347 3263.4429 3278.247 3292.749 -3292.5476 -3277.9448 -3263.4429 -3248.941 -3234.7412 -3220.4407 -3206.3416 -3192.343 -3178.244 -2908.7493 3299.8992 3299.8992 3299.8992 3299.8992 3299.8992 3299.8992 3299.8992 3299.8992 3299.8992 3291.8425 3277.24 3262.5366 3248.236 3233.8347 3219.7356 3205.536 3191.4368 3177.3376 3163.2385 2907.4402 3154.9805 3170.8923 3186.4014 3201.709 3216.8152 3232.3242 3247.4304 3262.033 3277.24 3292.1448 3299.8992 -3278.7505 -3264.047 -3249.646 -3235.2446 -3221.1455 -3206.9458 -3192.9473 -3179.1504 -3165.2527 3299.8992 3299.8992 3299.8992 3299.8992 3299.8992 3299.8992 3299.8992 3299.8992 3299.8992 3293.3533 3278.7505 3264.3494 3249.7466 3235.446 3220.944 3206.9458 3192.9473 3179.0496 3164.749 3143.6003 3152.664 3168.576 3184.1858 3199.8962 3215.103 3230.2092 3245.4163 3260.7239 3275.4272 3290.0298 3299.8992 -3280.4626 -3266.0613 -3251.6602 -3237.3596 -3222.8577 -3208.96 -3194.8608 -3180.9631 -3167.2668 3299.8992 3299.8992 3299.8992 3299.8992 3299.8992 3299.8992 3299.8992 3299.8992 3299.8992 3294.5618 3279.959 3265.3564 3250.653 3236.554 3222.2534 3208.1543 3194.1558 3180.0566 3165.857 3150.8513 3151.7578 3167.7703 3183.4807 3198.6877 3213.794 3229.4036 3244.5098 3259.2131 3274.4202 3289.325 3299.8992 -3281.369 -3267.0684 -3252.5664 -3238.0645 -3223.764 -3209.5642 -3195.5657 -3181.8694 -3167.9717 3299.8992 3299.8992 3299.8992 3299.8992 3299.8992 3299.8992 3299.8992 3299.8992 3299.8992 3296.3745 3281.7717 3267.4712 3252.7678 3238.4673 3224.0662 3209.967 3195.9685 3182.1716 3167.6697 3152.8655 3234.9426 3166.864 3182.5745 3198.285 3213.8945 3228.598 3243.805 3259.1125 3274.0173 3288.5193 3299.8992 -3281.8726 -3267.3706 -3253.07 -3238.7695 -3224.469 -3210.1685 -3196.2708 -3182.373 -3168.6768 3299.8992 
3145.6145 3162.332 3179.1504 3195.465 3211.8804 3228.0945 3244.2078 3260.2202 3276.233 3292.1448 -3292.1448 -3276.6357 -3261.1267 -3245.819 -3230.612 -3215.5059 -3200.601 -3185.6963 -2179.724 3299.8992 3299.8992 3299.8992 3299.8992 3299.8992 3299.8992 3299.8992 3299.8992 3292.9504 3276.7363 3261.2273 3245.7183 3230.2092 3214.9016 3199.7954 3184.5886 3169.3816 3154.2754 3138.8672 2589.4043 3142.5933 3145.0103 3161.7278 3178.5461 3194.9614 3211.1755 3227.4902 3243.704 3259.616 3275.6287 3291.4397 -3292.749 -3277.1392 -3261.6301 -3246.4233 -3231.1157 -3216.11 -3201.1047 -3186.4014 -2276.001 3299.8992 3299.8992 3299.8992 3299.8992 3299.8992 3299.8992 3299.8992 3299.8992 3292.9504 3276.4343 3261.2273 3245.5168 3230.1086 3214.801 3199.6948 3184.5886 3169.3816 3154.074 3138.7664 2822.1404 -3046.9207 3142.694 3159.613 3175.827 3192.5444 3209.0605 3225.3752 3241.5894 3257.7026 3273.6145 3289.325 3299.8992 -3279.1533 -3263.6443 -3248.3367 -3233.029 -3218.0237 -3203.018 -3188.3147 -2738.855 3299.8992 3299.8992 3299.8992 3299.8992 3299.8992 3299.8992 3299.8992 3299.8992 3294.2595 3277.9448 3262.4358 3246.9268 3231.4177 3216.0095 3200.9033 3185.8977 3170.691 3155.484 3140.277 3047.8271 -2254.7515 3140.4785 3157.2966 3173.6113 3190.3289 3206.845 3223.059 3239.3738 3255.487 3271.4995 3287.3108 3299.8992 -3281.2683 -3265.7593 -3250.4517 -3235.144 -3220.0378 -3205.0322 -3190.3289 -3035.3394 3299.8992 3299.8992 3299.8992 3299.8992 3299.8992 3299.8992 3299.8992 3299.8992 3295.166 3278.7505 3263.3423 3247.7324 3232.1228 3217.0166 3201.9104 3186.7034 3171.5972 3156.3904 3141.1833 3118.7256 -1689.3768 3138.565 3155.3833 3172.1008 3188.617 3204.8308 3221.1455 3237.3596 3253.473 3269.4854 3285.3972 3299.8992 -3283.1816 -3267.7734 -3252.365 -3237.0574 -3221.9512 -3206.9458 -3192.1416 -3177.2368 3158.0017 3299.8992 3299.8992 3299.8992 3299.8992 3299.8992 3299.8992 3299.8992 3295.8708 3279.5562 3264.2485 3248.7395 3233.13 3217.8223 3202.6152 3187.4084 3172.4028 3157.2966 3141.989 3122.9553 -1358.9539 3137.7593 3154.5776 3171.2952 3187.9119 3204.126 3220.4407 3236.6545 3252.7678 3268.6797 3284.6924 3299.8992 -3283.8867 -3268.3777 -3252.9692 -3237.6616 -3222.5554 -3207.55 -3192.7458 -3178.0425 2271.3684 
3162.9363 3179.6538 3196.3713 3212.5854 3228.9001 3245.114 3261.2273 3277.3406 3293.1519 -3291.1377 -3275.4272 -3259.9182 -3244.5098 -3229.2021 -3214.1968 -3199.1912 -3184.2864 -3169.6838 -2168.6462 3299.8992 3299.8992 3299.8992 3299.8992 3299.8992 3299.8992 3299.8992 3299.8992 3299.8992 3290.4326 3274.118 3258.5083 3243.0999 3227.7922 3212.384 3197.2778 3182.0708 3166.864 3151.355 2416.4885 3144.406 3161.2244 3177.942 3194.1558 3210.7727 3227.0874 3243.402 3259.616 3275.5278 3291.5405 3299.8992 -3276.9377 -3261.5295 -3246.121 -3230.8135 -3215.7073 -3200.8025 -3185.8977 -3171.0938 -2467.6482 3299.8992 3299.8992 3299.8992 3299.8992 3299.8992 3299.8992 3299.8992 3299.8992 3299.8992 3290.332 3273.715 3258.206 3242.9993 3227.5908 3212.1826 3197.0764 3181.7688 3166.6626 3151.0527 2651.1382 3142.2913 3159.3108 3176.0283 3192.2424 3208.8591 3225.1738 3241.4885 3257.6018 3273.6145 3289.627 3299.8992 -3279.0527 -3263.5437 -3248.0347 -3232.727 -3217.6208 -3202.4138 -3187.6099 -3173.108 -2786.3892 3299.8992 3299.8992 3299.8992 3299.8992 3299.8992 3299.8992 3299.8992 3299.8992 3299.8992 3290.634 3273.9165 3258.5083 3243.0999 3227.6917 3212.4846 3197.177 3182.0708 3166.9646 3151.4556 2924.762 3139.9749 3157.196 3173.7122 3190.0269 3206.6436 3223.059 3239.1724 3255.2856 3271.399 3287.4114 3299.8992 -3281.1675 -3265.5579 -3250.1494 -3234.7412 -3219.635 -3204.5288 -3189.7246 -3174.9207 -3156.2896 3299.8992 3299.8992 3299.8992 3299.8992 3299.8992 3299.8992 3299.8992 3299.8992 3299.8992 3292.044 3275.4272 3260.0188 3244.5098 3229.2021 3213.8945 3198.6877 3183.5815 3168.274 3152.8655 3097.2747 3228.296 3155.5847 3172.4028 3188.516 3205.3345 3221.5483 3237.863 3253.9763 3270.0896 3286.1023 3299.8992 -3282.4768 -3266.867 -3251.4587 -3235.9497 -3220.8435 -3205.9387 -3190.8325 -3176.3306 -3161.7278 3299.8992 3299.8992 3299.8992 3299.8992 3299.8992 3299.8992 3299.8992 3299.8992 3299.8992 3293.051 3276.535 3261.2273 3245.7183 3230.31 3215.0024 3199.6948 3184.5886 3169.3816 3153.9734 3134.0332 -2890.924 3154.6782 3171.3958 3187.6099 3204.3274 3220.7427 3236.7554 3253.07 3269.1833 3285.1958 3299.8992 -3283.383 -3267.7734 -3252.2644 -3236.9568 -3221.8506 -3206.7444 -3191.8396 -3177.0354 -3162.4329 3299.8992 
3153.4697 3169.8853 3185.9985 3202.2124 3218.225 3234.137 3249.948 3265.6584 3281.2683 3296.9788 -3287.5122 -3272.1038 -3256.897 -3241.7908 -3226.6846 -3211.679 -3196.7742 -3182.0708 -3092.1387 3299.8992 3299.8992 3299.8992 3299.8992 3299.8992 3299.8992 3299.8992 3299.8992 3296.7773 3281.1675 3265.7593 3249.7466 3234.8418 3219.8364 3205.0322 3190.4297 3175.827 3161.325 3146.9238 3131.2134 3134.5366 3151.355 3167.7703 3183.9844 3200.0977 3216.11 3232.022 3247.9338 3263.6443 3279.2542 3294.9646 -3289.5264 -3274.2188 -3258.7097 -3243.6035 -3228.4973 -3213.5925 -3198.6877 -3183.9844 -3144.104 3299.8992 3299.8992 3299.8992 3299.8992 3299.8992 3299.8992 3299.8992 3299.8992 3295.2666 3279.657 3264.3494 3248.3367 3233.3313 3218.4265 3203.6223 3188.919 3174.417 3160.0159 3145.514 3129.904 3132.8247 3149.6428 3166.159 3182.373 3198.587 3214.5996 3230.5115 3246.3225 3262.033 3277.7434 3293.3533 -3291.0369 -3275.7292 -3260.4216 -3245.2148 -3230.1086 -3215.103 -3200.0977 -3185.3943 -3170.8923 3299.8992 3299.8992 3299.8992 3299.8992 3299.8992 3299.8992 3299.8992 3299.8992 3297.0793 3281.2683 3265.8599 3250.0488 3234.9426 3219.937 3205.2336 3190.5303 3175.9277 3161.4258 3146.9238 3131.7168 3131.5154 3148.3337 3164.749 3181.0637 3197.177 3213.1897 3229.1016 3245.0134 3260.7239 3276.4343 3292.044 -3292.3462 -3277.1392 -3261.6301 -3246.524 -3231.3171 -3216.3115 -3201.4067 -3186.7034 -3172.1008 3299.8992 3299.8992 3299.8992 3299.8992 3299.8992 3299.8992 3299.8992 3299.8992 3297.6836 3282.074 3266.565 3250.653 3235.8489 3220.7427 3205.9387 3191.2354 3176.6326 3162.2314 3147.83 3132.7239 3129.904 3146.823 3163.44 3179.5532 3195.6665 3211.7798 3227.7922 3243.5027 3259.4146 3275.125 3290.634 -3293.9575 -3278.3477 -3262.9395 -3247.7324 -3232.5256 -3217.6208 -3202.6152 -3187.9119 -3173.3093 3299.8992 3299.8992 3299.8992 3299.8992 3299.8992 3299.8992 3299.8992 3299.8992 3299.8992 3284.5916 3268.982 3252.9692 3238.0645 3223.1597 3208.3557 3193.5515 3178.8481 3164.5476 3149.945 3135.0403 -2825.5645 3146.3196 3162.8357 3179.0496 3195.1628 3211.2761 3227.188 3242.9993 3258.8103 3274.4202 3290.0298 -3294.3604 -3278.8513 -3263.4429 -3248.1353 -3233.029 -3218.0237 -3203.119 -3188.3147 -3173.7122 3299.8992 

3299.8992 3299.8992 3299.8992 3299.8992 3299.8992 3299.8992 3299.8992 3299.8992 3293.1519 3278.1462 3263.3423 3248.7395 3234.137 3219.8364 3205.3345 3191.336 3176.532 3162.03 3140.3777 -409.17664 3154.4768 3170.3887 3186.2 3202.1118 3216.9158 3232.2234 3247.531 3262.5366 3277.4414 3292.2454 -3293.051 -3278.4485 -3264.2485 -3249.5452 -3235.7483 -3221.4478 -3207.3486 -3193.35 -3179.5532 726.004 3299.8992 3299.8992 3299.8992 3299.8992 3299.8992 3299.8992 3299.8992 3299.8992 3294.461 3279.7576 3265.2556 3250.2502 3235.7483 3221.6492 3206.9458 3192.6453 3178.4453 3164.0442 3144.5068 -105.441284 3154.5776 3170.0867 3185.8977 3201.9104 3216.6138 3231.9214 3247.3296 3262.3352 3277.24 3291.742 3299.8992 -3279.0527 -3264.5508 -3249.8474 -3235.8489 -3221.6492 -3207.55 -3193.2495 -3179.7546 -32.83081 3299.8992 3299.8992 3299.8992 3299.8992 3299.8992 3299.8992 3299.8992 3299.8992 3297.6836 3282.5774 3267.7734 3252.9692 3238.3667 3224.3682 3209.6648 3195.2637 3180.8623 3166.4612 3149.8442 599.8169 3281.4697 3167.6697 3183.9844 3198.9897 3214.9016 3229.9072 3245.2148 3260.321 3275.2258 3290.0298 3299.8992 -3280.8655 -3266.464 -3251.7607 -3237.4602 -3223.2605 -3209.3628 -3195.0623 -3181.1646 -993.4845 3299.8992 3299.8992 3299.8992 3299.8992 3299.8992 3299.8992 3299.8992 3299.8992 3299.8992 3285.5986 3270.3918 3255.5876 3241.0857 3227.0874 3212.686 3198.184 3183.4807 3168.9788 3154.3762 1382.1167 -2139.8438 3162.8357 3178.7476 3194.76 3209.5642 3225.2747 3240.1794 3255.0842 3270.0896 3285.1958 3299.8992 -3285.2966 -3270.8953 -3256.5947 -3242.4956 -3228.0945 -3213.9954 -3199.594 -3185.9985 -1669.2352 3299.8992 3299.8992 3299.8992 3299.8992 3299.8992 3299.8992 3299.8992 3299.8992 3299.8992 3286.0015 3271.0967 3256.2927 3241.69 3227.2888 3212.7869 3198.587 3184.1858 3169.7844 3155.081 1787.265 -1712.7411 3159.8145 3175.525 3190.631 3206.4421 3221.6492 3237.0574 3251.8616 3266.867 3282.074 3296.7773 -3288.6199 -3274.3193 -3259.8174 -3245.2148 -3230.9143 -3216.8152 -3202.9175 -3188.919 -2102.9846 
3182.9773 3199.292 3215.4053 3231.4177 3247.1282 3262.8386 3278.3477 3293.6553 -3291.0369 -3275.83 -3260.8245 -3245.9197 -3231.1157 -3216.4124 -3201.9104 -3187.4084 -3173.007 -3158.8074 -3144.7083 3299.8992 3299.8992 3299.8992 3299.8992 3299.8992 3299.8992 3299.8992 3299.8992 3299.8992 3299.8992 3299.8992 3290.7349 3275.4272 3260.2202 3245.2148 3230.4106 3215.808 3201.4067 3187.207 3173.108 3165.1519 3182.0708 3198.3855 3214.3982 3230.4106 3246.121 3261.8315 3277.3406 3292.749 3299.8992 -3276.8372 -3261.731 -3246.8262 -3232.1228 -3217.4194 -3202.8167 -3188.3147 -3174.0142 -3159.7136 -3145.7153 1616.8671 3299.8992 3299.8992 3299.8992 3299.8992 3299.8992 3299.8992 3299.8992 3299.8992 3299.8992 3299.8992 3292.4468 3277.1392 3262.033 3247.0276 3232.1228 3217.4194 3203.119 3188.919 3174.7192 3164.447 3181.0637 3197.4792 3213.4917 3229.5044 3245.3154 3260.9253 3276.6357 3291.9434 3299.8992 -3277.6428 -3262.6372 -3247.6318 -3232.8276 -3218.1243 -3203.5217 -3189.0198 -3174.6184 -3160.62 -3146.4202 -901.5381 3299.8992 3299.8992 3299.8992 3299.8992 3299.8992 3299.8992 3299.8992 3299.8992 3299.8992 3299.8992 3295.0652 3279.7576 3264.6514 3249.5452 3234.6404 3219.937 3205.536 3191.2354 3177.2368 -1131.0516 3181.0637 3197.4792 3213.4917 3229.4036 3245.3154 3261.026 3276.535 3292.044 3299.8992 -3277.542 -3262.4358 -3247.4304 -3232.727 -3218.0237 -3203.5217 -3188.919 -3174.6184 -3160.3179 -3146.3196 -2131.5857 3299.8992 3299.8992 3299.8992 3299.8992 3299.8992 3299.8992 3299.8992 3299.8992 3299.8992 3299.8992 3297.0793 3281.9731 3266.7664 3251.5593 3236.856 3222.052 3207.55 3193.35 3179.1504 1090.4663 3180.8623 3197.2778 3213.2903 3229.303 3245.114 3260.9253 3276.4343 3291.8425 3299.8992 -3277.6428 -3262.6372 -3247.6318 -3232.8276 -3218.1243 -3203.5217 -3189.0198 -3174.7192 -3160.5193 -3146.521 -3020.636 3299.8992 3299.8992 3299.8992 3299.8992 3299.8992 3299.8992 3299.8992 3299.8992 3299.8992 3299.8992 3299.7986 3284.491 3269.1833 3254.0771 3239.1724 3224.469 3209.967 3195.767 3181.5674 2612.8691 
3040.1733 3025.47 3011.3708 2996.3652 2982.4675 2968.3684 2954.9744 2941.1772 2927.6824 2914.087 2900.6926 2887.3992 2874.408 2861.8193 2848.7273 2835.6353 2763.6292 1187.7502 -1465.6036 2831.5063 2850.54 2868.6675 2887.1978 2904.721 2922.2441 2939.7673 2957.19 2974.3103 2991.0278 3008.0474 3079.55 -2484.3657 3267.3706 3066.7603 -2138.9373 -340.09094 1882.4341 3064.3433 3050.3447 3036.447 3022.1465 3007.6445 2992.6392 2977.2307 2961.8225 2950.4424 2936.9475 2921.4385 2910.26 2896.7651 2883.4717 2870.6816 2857.5896 2845.1018 2832.312 2819.4214 2806.128 2062.5 373.6267 2798.9775 2818.6157 2838.0522 2856.079 2874.71 2892.5354 2910.0586 2927.2795 2944.5007 2961.621 2978.6406 2995.459 -2835.2324 3025.2686 3041.7847 -2873.0986 -1083.0139 1155.2216 3050.2441 3036.6484 3022.6501 3008.6516 2994.6533 2979.0435 2962.8296 2950.7446 2937.7532 2924.5605 2910.8643 2897.6714 2884.4788 2871.1853 2857.9924 2845.3032 2832.9163 2820.227 2807.437 2794.2444 2220.7122 -69.1864 2789.511 2809.552 2828.2837 2846.814 2865.5457 2883.3708 2900.9949 2918.2158 2935.437 2952.5574 2969.577 3014.5935 -2357.675 -2702.8015 -3212.686 -1158.7463 533.3496 2415.5823 3010.0615 2996.2646 2982.669 2968.6707 2954.9744 2937.2498 2918.0144 2800.4883 2898.3765 2885.5864 2853.5613 2656.5764 2845.2026 2831.9092 2821.4355 2810.0554 2798.0713 2785.9863 2773.4985 2760.1042 2233.6028 89.52942 3030.5054 2775.2104 2794.8486 2814.386 2832.7148 2850.8423 2868.9697 2886.6943 2904.1167 2921.5393 2938.4583 -3280.664 -1926.3428 -2241.0552 -2877.7312 -1817.5781 -269.49463 894.4885 2594.943 2975.0151 2961.5203 2947.824 2933.7249 2505.5144 2220.6116 1985.257 2686.5874 2871.7896 2567.752 2800.9917 2836.6423 2824.4568 2811.969 2799.7832 2787.799 2775.714 2763.2263 2750.7385 2461.0015 598.407 -2865.042 2758.9966 2780.0444 2799.179 2818.6157 2836.9446 2854.8706 2872.4944 2890.0176 2907.3394 2924.4597 3172.6042 -2015.8722 -2384.8662 -3103.6194 -2227.6611 -684.3109 1234.2773 2848.8281 2965.448 2951.7517 
3093.045 1809.6222 2316.7876 1016.84875 -354.39148 -1615.2557 -2823.3489 -2845.1018 -2832.312 -2819.7234 -2807.2356 -2794.7478 -2619.5159 -1828.5553 -1718.7836 -2019.397 -2553.3508 -2734.021 -2724.353 -2712.671 -2701.0894 -2689.7095 -2678.0273 -2666.748 -2655.1665 -2269.2534 -1194.2963 445.53223 2771.4844 3299.8992 3299.8992 3299.8992 3299.8992 3299.8992 3299.8992 3299.8992 3299.8992 3299.8992 3299.8992 3299.8992 3076.126 1808.4137 1984.552 789.8529 -848.46497 -2105.8044 -2850.6409 -2837.7502 -2824.9602 -2812.3718 -2799.9846 -2787.5977 -2614.682 -1755.9448 -1515.6555 -1700.4547 -2016.4764 -2240.5518 -2167.6392 -2660.8062 -2704.312 -2685.6812 -2681.1492 -2669.7693 -2609.6465 -2147.0947 -1153.5095 539.7949 2819.1191 3299.8992 3299.8992 3299.8992 3299.8992 3299.8992 3299.8992 3299.8992 3299.8992 3299.8992 3299.8992 3299.8992 3098.7854 1873.9746 2142.4622 828.7262 -536.0687 -1753.0243 -2666.2444 -2847.9216 -2835.2324 -2822.4426 -2809.854 -2797.5676 -2489.6025 -1582.0221 -1379.3976 -1589.0717 -1888.9801 -2165.927 -2279.5256 -2571.7803 -2716.6992 -2705.017 -2693.335 -2681.8542 -2670.474 -2336.325 -1313.736 277.7527 2684.8755 3299.8992 3299.8992 3299.8992 3299.8992 3299.8992 3299.8992 3299.8992 3299.8992 3299.8992 3299.8992 3299.8992 3215.808 1961.6913 2202.0813 855.71594 -456.71082 -1673.5657 -2869.6746 -2857.1868 -2844.2961 -2831.7078 -2819.1191 -2806.6313 -2773.9014 -1989.7888 -1667.4225 -1864.8102 -2047.2931 -2120.407 -2328.067 -2731.2012 -2719.3176 -2703.2043 -2695.8525 -2684.3718 -2541.4673 -1937.32 -1000.43335 361.13892 2684.3718 3299.8992 3299.8992 3299.8992 3299.8992 3299.8992 3299.8992 3299.8992 3299.8992 3299.8992 3299.8992 3299.8992 3089.7217 1875.8881 2189.1907 902.24304 -571.41724 -1743.457 -2874.5085 -2861.5173 -2848.6267 -2835.9375 -2823.3489 -2810.7605 -2497.4578 -1571.0449 -1167.6086 -1341.9342 -1603.2715 -1786.6608 -1999.3561 -2405.9143 -2706.427 -2600.885 -2714.2822 -2702.6 -2691.0186 -2491.919 -1585.6476 -279.86755 2046.8903 3299.8992 3299.8992 3299.8992 3299.8992 3299.8992 3299.8992 3299.8992 3299.8992 3299.8992 3299.8992 3299.8992 
3299.8992 3299.8992 3299.8992 3299.8992 3299.8992 3299.8992 3299.8992 3299.8992 3298.892 3284.2896 3269.6868 3255.1848 3240.7837 3226.5837 3212.2832 3198.184 3184.2864 3170.0867 3155.182 -2607.3303 3166.9646 3182.9773 3198.184 3213.391 3229.0007 3244.107 3258.7097 3273.9165 3288.8213 3299.8992 -3281.7717 -3267.0684 -3252.7678 -3238.3667 -3224.1667 -3209.967 -3196.17 -3182.0708 -3168.274 2936.6455 3299.8992 3299.8992 3299.8992 3299.8992 3299.8992 3299.8992 3299.8992 3299.8992 3299.8992 3287.0085 3272.2046 3257.5012 3243.2007 3229.0007 3214.5996 3200.601 3186.502 3172.4028 3157.8003 -1082.1075 3165.2527 3180.8623 3196.5728 3212.0818 3226.9866 3241.9922 3257.5012 3272.406 3286.908 3299.8992 -3283.6853 -3269.1833 -3254.5806 -3240.0786 -3225.9795 -3211.8804 -3197.7812 -3183.8835 -3169.8853 1640.332 3299.8992 3299.8992 3299.8992 3299.8992 3299.8992 3299.8992 3299.8992 3299.8992 3299.8992 3288.217 3273.6145 3259.0117 3244.6106 3230.31 3216.11 3202.011 3188.0127 3173.9136 3159.2102 -529.1199 3164.8499 3180.7617 3196.0693 3211.1755 3226.7852 3241.8914 3256.6956 3271.8018 3286.8071 3299.8992 -3283.786 -3269.3848 -3254.782 -3240.3809 -3226.0803 -3212.0818 -3198.0835 -3183.9844 -3170.0867 709.89075 3299.8992 3299.8992 3299.8992 3299.8992 3299.8992 3299.8992 3299.8992 3299.8992 3299.8992 3289.627 3274.7222 3260.1196 3245.7183 3231.5186 3217.1172 3203.018 3189.0198 3175.0212 3160.4187 480.17578 3162.5334 3178.244 3194.1558 3209.262 3224.8718 3240.1794 3254.782 3269.989 3284.9944 3299.6978 -3285.8 -3270.996 -3256.5947 -3242.0928 -3227.893 -3213.794 -3199.6948 -3185.6963 -3171.7986 -741.41235 3299.8992 3299.8992 3299.8992 3299.8992 3299.8992 3299.8992 3299.8992 3299.8992 3299.8992 3291.2383 3276.7363 3262.1338 3247.7324 3233.5327 3218.93 3205.0322 3190.933 3176.834 3162.2314 1501.4557 3160.7207 3176.532 3191.9402 3207.3486 3222.354 3237.4602 3252.9692 3267.874 3282.4768 3297.1802 -3288.217 -3273.2117 -3259.0117 -3244.6106 -3230.31 -3216.11 -3202.1118 -3187.9119 -3174.3164 -1360.2631 
3299.8992 3299.8992 3299.8992 3299.8992 3299.8992 3299.8992 3299.8992 3298.1873 3282.074 3266.565 3251.056 3235.5469 3220.0378 3204.9316 3189.8254 3174.7192 3159.5122 3144.2046 3127.3865 -807.6782 3137.2559 3154.1748 3170.993 3187.509 3203.7231 3220.1384 3236.1511 3252.365 3268.4783 3284.3901 3299.8992 -3284.2896 -3268.579 -3253.1707 -3238.0645 -3222.8577 -3207.953 -3193.048 -3178.3447 1416.7603 3299.8992 3299.8992 3299.8992 3299.8992 3299.8992 3299.8992 3299.8992 3299.8992 3284.9944 3269.4854 3253.8757 3238.3667 3223.059 3207.852 3192.6453 3177.4382 3162.4329 3147.0244 3131.6162 -38.772583 3136.148 3152.9663 3169.4824 3186.3005 3202.716 3219.0308 3235.3455 3251.4587 3267.4712 3283.1816 3299.1943 -3285.1958 -3269.5862 -3254.2786 -3238.971 -3223.8647 -3208.7585 -3193.9543 -3179.1504 643.42346 3299.8992 3299.8992 3299.8992 3299.8992 3299.8992 3299.8992 3299.8992 3299.8992 3287.1094 3271.701 3255.89 3240.5823 3225.0732 3209.7656 3194.76 3179.6538 3164.3462 3149.0386 3133.731 559.8358 3135.1409 3152.0598 3168.3745 3185.2935 3201.8096 3218.0237 3234.439 3250.5522 3266.3635 3282.2754 3298.1873 -3286.1023 -3270.5933 -3255.0842 -3239.8772 -3224.6704 -3209.6648 -3194.76 -3180.1575 137.26501 3299.8992 3299.8992 3299.8992 3299.8992 3299.8992 3299.8992 3299.8992 3299.8992 3288.3179 3272.708 3257.0984 3241.5894 3226.2817 3211.0747 3195.868 3180.7617 3165.454 3150.247 3135.0403 1165.4938 3132.4219 3149.4414 3165.756 3182.5745 3199.0906 3215.6067 3231.72 3247.9338 3264.047 3279.959 3295.7703 -3288.5193 -3273.0103 -3257.5012 -3242.2942 -3227.0874 -3212.0818 -3197.0764 -3182.4736 -880.79224 3299.8992 3299.8992 3299.8992 3299.8992 3299.8992 3299.8992 3299.8992 3299.8992 3290.332 3274.9236 3259.4146 3243.704 3228.296 3213.1897 3197.9827 3182.8765 3167.6697 3152.4626 3137.155 1808.9172 3130.5083 3147.528 3164.447 3180.8623 3197.2778 3213.5925 3229.8064 3245.9197 3262.1338 3278.0457 3293.8567 -3290.4326 -3274.9236 -3259.314 -3244.107 -3228.7993 -3213.8945 -3198.8892 -3184.1858 -1246.463 
3299.8992 3299.8992 3299.8992 3299.8992 3299.8992 3299.8992 3299.8992 3299.8992 3294.8638 3278.549 3263.1409 3247.531 3232.1228 3216.8152 3201.6082 3186.4014 3171.1943 3155.8867 3137.0544 -2386.679 3154.4768 3171.2952 3187.8113 3204.3274 3220.5413 3236.856 3253.07 3268.982 3285.0952 3299.8992 -3283.2825 -3267.874 -3252.2644 -3236.9568 -3221.7498 -3206.6436 -3191.8396 -3177.1362 -2922.0427 3299.8992 3299.8992 3299.8992 3299.8992 3299.8992 3299.8992 3299.8992 3299.8992 3299.8992 3296.7773 3280.5632 3264.8528 3249.4446 3233.9355 3218.527 3203.3203 3188.214 3172.9065 3157.5989 3141.8884 -1667.6239 3154.6782 3171.3958 3188.214 3204.5288 3220.7427 3236.9568 3253.1707 3269.3848 3285.2966 3299.8992 -3283.1816 -3267.6726 -3252.1636 -3236.856 -3221.5483 -3206.543 -3191.6382 -3176.9348 -3162.332 1162.4725 3299.8992 3299.8992 3299.8992 3299.8992 3299.8992 3299.8992 3299.8992 3299.8992 3299.8992 3286.5051 3270.996 3255.3862 3239.8772 3224.5696 3209.262 3193.9543 3178.7476 3163.44 3147.7295 -395.58105 3154.074 3170.8923 3187.7104 3203.9246 3220.3398 3236.4531 3252.6672 3268.7805 3284.793 3299.8992 -3283.5845 -3267.9749 -3252.5664 -3237.1582 -3221.9512 -3206.9458 -3192.041 -3177.2368 -3162.7349 1035.6812 3299.8992 3299.8992 3299.8992 3299.8992 3299.8992 3299.8992 3299.8992 3299.8992 3299.8992 3286.3037 3270.7947 3255.2856 3239.7766 3224.3682 3209.1614 3193.9543 3178.7476 3163.44 3147.83 405.45044 3150.65 3167.4683 3184.1858 3200.601 3216.9158 3233.13 3249.4446 3265.5579 3281.4697 3297.3816 -3286.908 -3271.298 -3255.789 -3240.3809 -3225.1738 -3210.0676 -3195.1628 -3180.359 -3165.756 -57.10144 3299.8992 3299.8992 3299.8992 3299.8992 3299.8992 3299.8992 3299.8992 3299.8992 3299.8992 3286.7065 3271.1975 3255.5876 3240.0786 3224.771 3209.4634 3194.1558 3179.0496 3163.742 3148.233 1257.5409 3146.823 3163.8428 3180.5603 3196.875 3213.2903 3229.5044 3245.6177 3261.8315 3277.8442 3293.6553 -3290.4326 -3274.7222 -3259.2131 -3243.9055 -3228.598 -3213.4917 -3198.4863 -3183.6821 -3169.0796 -871.92993 
3299.8992 3299.8992 3299.8992 3299.8992 3299.8992 3299.8992 3299.8992 3299.8992 3287.3108 3271.8018 3255.789 3240.8843 3225.9795 3211.1755 3196.2708 3181.7688 3167.2668 3152.765 3137.7593 -1413.739 3145.6145 3161.9292 3178.3447 3194.458 3210.4705 3226.4832 3242.2942 3258.1055 3273.816 3289.325 -3294.9646 -3279.5562 -3264.2485 -3249.1423 -3233.9355 -3218.93 -3203.9246 -3189.2212 -3174.417 3061.9263 3299.8992 3299.8992 3299.8992 3299.8992 3299.8992 3299.8992 3299.8992 3299.8992 3289.224 3273.5137 3257.5012 3242.5964 3227.5908 3212.686 3197.9827 3183.3801 3168.6768 3154.2754 3139.4714 -446.74072 3144.5068 3161.1235 3177.3376 3193.5515 3209.5642 3225.5767 3241.388 3257.2998 3272.9094 3288.6199 3299.8992 -3280.4626 -3265.0542 -3249.8474 -3234.7412 -3219.635 -3204.7302 -3189.926 -3175.3235 1231.1554 3299.8992 3299.8992 3299.8992 3299.8992 3299.8992 3299.8992 3299.8992 3299.8992 3291.641 3276.233 3260.1196 3245.0134 3230.0078 3215.0024 3200.299 3185.6963 3170.993 3156.5918 3141.8884 651.5808 3143.8018 3160.3179 3176.7334 3192.9473 3208.96 3224.8718 3240.7837 3256.5947 3272.3052 3288.0156 3299.8992 -3280.966 -3265.5579 -3250.3508 -3235.2446 -3220.1384 -3205.133 -3190.4297 -3175.827 200.40894 3299.8992 3299.8992 3299.8992 3299.8992 3299.8992 3299.8992 3299.8992 3299.8992 3293.1519 3277.6428 3261.6301 3246.524 3231.5186 3216.6138 3201.8096 3187.207 3172.5037 3158.1023 3143.2983 1784.3445 3141.1833 3157.8003 3174.2156 3190.4297 3206.543 3222.4548 3238.3667 3254.0771 3269.8882 3285.6995 3299.8992 -3283.484 -3267.9749 -3252.7678 -3237.7625 -3222.5554 -3207.6506 -3192.7458 -3178.1433 -1223.5016 3299.8992 3299.8992 3299.8992 3299.8992 3299.8992 3299.8992 3299.8992 3299.8992 3294.5618 3279.0527 3262.9395 3247.7324 3232.727 3217.7214 3202.9175 3188.3147 3173.7122 3159.1094 3144.6074 2722.3389 3137.5579 3154.3762 3170.7915 3186.9048 3203.119 3219.0308 3234.9426 3250.7537 3266.464 3282.2754 3297.7844 -3286.7065 -3271.399 -3256.192 -3240.985 -3225.778 -3210.8733 -3195.9685 -3181.2651 -1728.0487 

2927.9846 3299.8992 3299.8992 3299.8992 3299.8992 3299.8992 3299.8992 3299.8992 3299.8992 3285.498 3270.7947 3255.89 3241.1865 3226.7852 3212.4846 3198.184 3183.783 3169.3816 3154.8796 2222.9277 -1162.5732 3154.6782 3170.4895 3185.4949 3201.3062 3216.9158 3232.3242 3247.3296 3262.033 3277.1392 3291.9434 3299.8992 -3278.7505 -3264.2485 -3249.948 -3235.6475 -3221.347 -3207.2478 -3193.2495 -2397.4548 2527.9724 3299.8992 3299.8992 3299.8992 3299.8992 3299.8992 3299.8992 3299.8992 3298.0864 3283.2825 3268.579 3253.6743 3239.273 3224.8718 3210.5713 3196.17 3181.8694 3167.3674 3152.765 2350.9277 -1018.05725 3151.0527 3166.9646 3182.0708 3198.0835 3213.1897 3228.6987 3243.704 3258.8103 3273.6145 3288.5193 3299.8992 -3282.2754 -3267.9749 -3253.473 -3239.0715 -3224.9724 -3210.8733 -3196.6736 -2654.965 2290.2007 3299.8992 3299.8992 3299.8992 3299.8992 3299.8992 3299.8992 3299.8992 3296.576 3281.8726 3267.0684 3252.2644 3237.863 3223.361 3208.96 3194.76 3180.359 3165.857 3151.4556 2330.2825 -1045.6512 3149.7437 3165.0513 3181.2651 3196.2708 3211.8804 3227.0874 3241.8914 3256.897 3271.8018 3286.6057 3299.8992 -3283.6853 -3269.5862 -3255.1848 -3240.8843 -3226.2817 -3212.1826 -3198.0835 -2956.4849 1690.2832 3299.8992 3299.8992 3299.8992 3299.8992 3299.8992 3299.8992 3299.8992 3298.1873 3283.484 3268.982 3253.8757 3239.273 3224.8718 3210.5713 3196.5728 3182.1716 3167.871 3153.4697 2800.186 -393.96973 -3226.886 3161.4258 3177.4382 3192.5444 3208.0535 3223.462 3238.568 3253.6743 3268.6797 3283.484 3298.2878 -3287.21 -3272.708 -3258.307 -3244.2078 -3229.9072 -3215.5059 -3201.8096 -3096.9727 1253.2104 3299.8992 3299.8992 3299.8992 3299.8992 3299.8992 3299.8992 3299.8992 3297.6836 3282.8796 3267.7734 3253.1707 3238.87 3224.469 3209.7656 3195.465 3181.1646 3166.7632 3152.664 2902.4048 -173.21777 -2844.1956 3158.1023 3174.417 3189.3218 3204.8308 3220.2393 3235.144 3250.1494 3265.457 3280.3618 3294.5618 -3290.332 -3276.0315 -3261.6301 -3247.3296 -3232.6262 -3218.527 -3204.7302 -3190.8325 
3180.661 3197.2778 3213.1897 3229.303 3245.114 3260.8245 3276.3335 3291.8425 3299.8992 -3277.7434 -3262.738 -3247.7324 -3232.8276 -3218.225 -3203.6223 -3189.1204 -3174.7192 -3160.5193 -3146.4202 -3132.5225 3299.8992 3299.8992 3299.8992 3299.8992 3299.8992 3299.8992 3299.8992 3299.8992 3299.8992 3299.8992 3299.8992 3287.3108 3271.8018 3256.6956 3241.7908 3227.188 3212.686 3198.285 3184.085 3163.9434 3181.1646 3197.5798 3213.794 3229.7058 3245.7183 3261.4287 3276.8372 3292.2454 3299.8992 -3277.1392 -3262.2344 -3247.1282 -3232.4248 -3217.7214 -3203.119 -3188.617 -3174.2156 -3160.1165 -3145.9167 -3132.019 3299.8992 3299.8992 3299.8992 3299.8992 3299.8992 3299.8992 3299.8992 3299.8992 3299.8992 3299.8992 3299.8992 3289.8284 3274.5208 3259.4146 3244.4092 3229.8064 3215.103 3200.9033 3186.502 3172.2014 3181.2651 3197.6807 3213.794 3229.9072 3245.6177 3261.4287 3276.9377 3292.3462 3299.8992 -3277.1392 -3262.1338 -3247.1282 -3232.3242 -3217.6208 -3203.119 -3188.516 -3174.2156 -3160.0159 -3145.9167 -3132.019 3299.8992 3299.8992 3299.8992 3299.8992 3299.8992 3299.8992 3299.8992 3299.8992 3299.8992 3299.8992 3299.8992 3291.9434 3276.7363 3261.5295 3246.524 3231.72 3217.218 3202.8167 3188.617 3174.5178 3180.359 3196.9756 3213.0889 3229.303 3245.0134 3260.8245 3276.3335 3291.742 3299.8992 -3277.7434 -3262.6372 -3247.6318 -3232.9285 -3218.1243 -3203.5217 -3189.0198 -3174.7192 -3160.5193 -3146.3196 -3132.4219 3299.8992 3299.8992 3299.8992 3299.8992 3299.8992 3299.8992 3299.8992 3299.8992 3299.8992 3299.8992 3299.8992 3294.159 3278.952 3263.745 3248.7395 3234.0361 3219.3328 3204.9316 3190.7317 3176.7334 3180.359 3196.9756 3213.0889 3229.1016 3244.812 3260.7239 3276.233 3291.5405 3299.8992 -3277.8442 -3262.738 -3247.7324 -3233.029 -3218.225 -3203.6223 -3189.1204 -3174.7192 -3160.5193 -3146.4202 -3132.6233 3299.8992 3299.8992 3299.8992 3299.8992 3299.8992 3299.8992 3299.8992 3299.8992 3299.8992 3299.8992 3299.8992 3296.0723 3280.8655 3265.6584 3250.5522 3235.8489 3221.1455 3206.7444 3192.5444 3178.4453 
2938.156 2924.5605 2901.1963 2583.8652 2254.8523 2727.2734 2858.2947 2651.7424 2769.168 2821.7375 2808.2427 2794.9492 2784.9792 2773.7 2761.7156 2749.2278 2736.5386 2242.465 401.72424 -2790.4175 2747.6165 2768.9666 2789.0076 2807.8398 2826.37 2844.5984 2862.625 2880.3496 2897.47 2914.8926 -3209.7656 -1581.4178 -1869.9463 -2844.5984 -2076.4983 -516.5314 1375.47 2959.607 2946.414 2933.1206 2919.3237 2905.0232 2179.724 1954.2389 1656.1432 2132.3914 2850.3386 2516.0889 2413.3667 2814.7888 2802.4016 2791.2231 2780.6487 2768.9666 2757.083 2744.998 2732.8125 2661.7126 1108.2916 -1927.0477 2734.2224 2755.9753 2776.9226 2795.9563 2814.7888 2833.4197 2851.547 2869.2717 2886.5935 2903.9153 2923.4526 -2350.424 -2392.1172 3299.8992 -2615.387 -1030.9479 943.5333 2645.9014 2953.2622 2939.7673 2926.071 2912.1733 2895.3552 2879.8462 2539.0503 2854.1655 2844.4976 2735.9343 2522.1313 2806.2285 2793.1365 2781.5552 2770.8801 2759.3994 2747.9187 2735.6323 2720.4253 2076.1963 270.3003 -2552.4443 2734.6252 2756.781 2776.7212 2796.6614 2815.4937 2833.621 2851.4465 2869.0703 2886.5935 2903.8147 -2753.659 -1001.0376 -1040.918 -2172.5737 -1780.014 -297.08862 1457.3456 2930.0994 2921.237 2907.9436 2894.4487 2881.256 2703.9092 2415.6829 1230.3497 1325.6195 2265.9302 2159.381 1844.6686 2765.2405 2786.4897 2774.6062 2765.2405 2753.7598 2741.9768 2729.8918 2717.6055 2655.5693 2001.471 -684.61304 2707.434 2731.906 2753.8604 2773.8005 2793.338 2812.271 2830.8013 2848.6267 2866.3513 2883.5723 2955.4778 -2161.093 -2566.8457 3038.9648 -2968.3684 -1238.205 674.2401 2339.0442 2939.264 2925.9705 2912.3748 2898.3765 2494.9402 2269.3542 1920.8038 2231.6895 2840.57 2825.1616 2502.3926 2800.5889 2789.511 2776.2175 2766.3481 2754.8674 2743.1853 2731.1003 2718.814 2670.575 1260.5621 -1301.3489 2718.1091 2740.8691 2762.5212 2782.1594 2801.3945 2820.1262 2838.455 2856.1797 2873.8037 2891.1255 3018.9238 -2038.5315 -1430.4565 -2433.307 -1430.3558 144.31458 1666.6168 2926.7761 2914.087 2900.894 
3299.8992 2265.4265 2436.5295 1106.4789 -268.78967 -1501.8585 -2681.6528 -2875.5156 -2862.5244 -2849.7344 -2837.146 -2824.6582 -2812.3718 -2034.906 -1513.1378 -1598.6389 -1820.2972 -2126.5503 -2263.5132 -2556.2712 -2740.4663 -2725.8635 -2717.0012 -2705.5205 -2693.8384 -2401.181 -1191.1743 180.77087 2522.232 3299.8992 3299.8992 3299.8992 3299.8992 3299.8992 3299.8992 3299.8992 3299.8992 3299.8992 3299.8992 3299.8992 3247.3296 2047.7966 2310.0403 1004.8645 -398.8037 -1656.8481 -2791.3237 -2880.4504 -2867.5598 -2854.8706 -2842.1814 -2829.6936 -2817.2058 -1984.8541 -1180.8014 -1257.4402 -1604.1779 -1914.9628 -2128.2622 -2439.8528 -2751.8462 -2690.0115 -2728.3813 -2716.7998 -2705.2185 -2312.7593 -1407.193 -280.77393 1764.9078 3299.8992 3299.8992 3299.8992 3299.8992 3299.8992 3299.8992 3299.8992 3299.8992 3299.8992 3299.8992 3299.8992 3299.8992 2193.7224 2698.7732 1365.1978 -174.7284 -1423.407 -2580.7434 -2891.629 -2878.6377 -2865.8477 -2853.1584 -2840.4692 -2826.471 -1868.0328 -1271.4386 -1356.0333 -1914.1571 -2160.1868 -2337.03 -2587.5916 -2758.09 -2741.0706 -2734.4238 -2722.8423 -2711.261 -2497.1558 -1744.0613 -604.953 1708.8135 3299.8992 3299.8992 3299.8992 3299.8992 3299.8992 3299.8992 3299.8992 3299.8992 3299.8992 3299.8992 3299.8992 3299.8992 2425.3508 2691.6228 1335.086 -398.19946 -1627.7435 -2830.902 -2892.0317 -2879.141 -2866.2505 -2853.662 -2841.0735 -2828.6865 -2047.0917 -1439.9231 -1589.2731 -1825.8362 -2046.6888 -1915.7684 -2107.9192 -2477.8198 -2437.738 -2739.5598 -2727.777 -2698.8738 -2212.9578 -1387.9578 -428.31116 1782.7332 3299.8992 3299.8992 3299.8992 3299.8992 3299.8992 3299.8992 3299.8992 3299.8992 3299.8992 3299.8992 3299.8992 3299.8992 2419.7112 2612.0635 1483.6304 162.84485 -822.1802 -1497.8302 -2712.671 -2726.1658 -2648.0164 -2530.6914 -2459.2896 -1945.4773 -978.98254 -156.90308 -440.59753 -701.7334 -1221.6888 -1356.6376 -1747.4854 -2294.0276 -2338.9434 -2440.5579 -2422.229 -2255.96 -1980.3223 -1055.722 -219.74487 1976.1932 3299.8992 3299.8992 3299.8992 3299.8992 3299.8992 3299.8992 3299.8992 3299.8992 3299.8992 3299.8992 3299.8992 
3299.8992 3299.8992 3299.8992 3299.8992 3299.8992 3299.8992 3299.8992 3299.8992 3299.8992 3290.7349 3276.132 3261.731 3247.3296 3232.6262 3218.4265 3204.428 3190.631 3176.2297 3161.9292 2237.4297 3156.6924 3172.6042 3188.4155 3203.6223 3219.2322 3234.439 3249.1423 3264.45 3279.4556 3294.2595 -3291.1377 -3276.4343 -3261.9324 -3247.531 -3233.13 -3219.2322 -3204.9316 -3190.933 -3177.0354 -2283.0505 3299.8992 3299.8992 3299.8992 3299.8992 3299.8992 3299.8992 3299.8992 3299.8992 3299.8992 3290.8354 3276.4343 3262.033 3247.6318 3233.029 3218.8293 3204.7302 3190.7317 3176.6326 3162.5334 2581.4482 3155.3833 3171.1943 3186.7034 3202.3132 3217.1172 3232.3242 3247.8333 3262.738 3277.3406 3292.2454 -3293.051 -3278.549 -3264.047 -3249.646 -3235.2446 -3220.944 -3206.6436 -3192.8467 -3179.0496 -2683.3647 3299.8992 3299.8992 3299.8992 3299.8992 3299.8992 3299.8992 3299.8992 3299.8992 3299.8992 3290.7349 3276.3335 3261.5295 3247.1282 3232.5256 3218.4265 3204.3274 3190.3289 3176.2297 3162.2314 2854.1655 3153.067 3168.8782 3184.79 3199.9968 3215.6067 3230.8135 3245.6177 3260.8245 3275.9307 3290.5334 3299.8992 -3279.959 -3265.3564 -3251.056 -3236.6545 -3222.4548 -3208.1543 -3194.458 -3180.359 -3051.4526 3299.8992 3299.8992 3299.8992 3299.8992 3299.8992 3299.8992 3299.8992 3299.8992 3299.8992 3291.4397 3276.8372 3262.3352 3247.9338 3233.5327 3219.3328 3204.9316 3191.034 3177.0354 3162.8357 3135.5437 3150.348 3166.4612 3181.9702 3197.5798 3212.384 3227.7922 3243.0999 3258.206 3272.8088 3287.6128 3299.8992 -3283.081 -3268.3777 -3254.0771 -3239.6758 -3225.476 -3211.377 -3197.2778 -3183.3801 -3169.6838 3299.8992 3299.8992 3299.8992 3299.8992 3299.8992 3299.8992 3299.8992 3299.8992 3299.8992 3290.4326 3275.9307 3261.2273 3246.8262 3232.3242 3218.3257 3204.0251 3190.1274 3176.2297 3161.8286 3143.399 3148.233 3164.1448 3180.0566 3195.3643 3211.0747 3226.181 3240.985 3256.2927 3271.298 3286.1023 3299.8992 -3284.491 -3269.8882 -3255.5876 -3241.1865 -3226.7852 -3212.5854 -3198.6877 -3184.8906 -3170.993 
3299.8992 3299.8992 3299.8992 3299.8992 3299.8992 3299.8992 3299.8992 3299.8992 3290.332 3274.9236 3259.314 3243.704 3228.195 3212.9883 3197.882 3182.675 3167.5688 3152.362 3137.0544 2268.5486 -3270.996 3144.2046 3161.325 3177.841 3194.1558 3210.5713 3226.7852 3242.8984 3259.0117 3274.9236 3290.8354 3299.8992 -3277.8442 -3262.3352 -3246.9268 -3231.8206 -3216.8152 -3201.709 -3186.9048 -1749.9023 3299.8992 3299.8992 3299.8992 3299.8992 3299.8992 3299.8992 3299.8992 3299.8992 3290.5334 3275.0244 3259.4146 3243.805 3228.296 3213.1897 3197.9827 3182.8765 3167.6697 3152.4626 3137.2559 2524.5483 -2788.3025 3141.8884 3159.0088 3175.424 3191.7388 3208.1543 3224.469 3240.6829 3256.6956 3272.8088 3288.6199 3299.8992 -3280.0598 -3264.45 -3249.2432 -3233.9355 -3218.93 -3203.8237 -3189.0198 -2131.4849 3299.8992 3299.8992 3299.8992 3299.8992 3299.8992 3299.8992 3299.8992 3299.8992 3290.2312 3274.7222 3259.0117 3243.6035 3228.195 3212.8875 3197.7812 3182.675 3167.5688 3152.362 3137.0544 2764.334 -2480.7402 3139.7734 3156.189 3173.108 3189.8254 3206.1401 3222.354 3238.568 3254.5806 3270.5933 3286.4043 3299.8992 -3282.1746 -3266.6655 -3251.2573 -3236.0503 -3220.944 -3206.0393 -3191.1345 -2468.1519 3299.8992 3299.8992 3299.8992 3299.8992 3299.8992 3299.8992 3299.8992 3299.8992 3290.1306 3274.7222 3259.1125 3243.5027 3227.9937 3212.8875 3197.6807 3182.675 3167.4683 3152.1606 3137.0544 2959.1033 -2096.64 3137.4573 3154.5776 3170.993 3187.4084 3203.8237 3220.0378 3236.2517 3252.2644 3268.4783 3284.3901 3299.8992 -3284.2896 -3268.6797 -3253.2715 -3238.1653 -3222.8577 -3207.953 -3193.1487 -2825.2625 3299.8992 3299.8992 3299.8992 3299.8992 3299.8992 3299.8992 3299.8992 3299.8992 3291.0369 3275.4272 3259.8174 3244.3083 3228.7993 3213.5925 3198.4863 3183.3801 3168.173 3153.067 3137.86 3097.174 -1662.9913 3135.846 3152.8655 3169.281 3185.6963 3202.1118 3218.4265 3234.5398 3250.7537 3266.7664 3282.5774 3298.3887 -3285.901 -3270.4924 -3254.8828 -3239.5752 -3224.5696 -3209.4634 -3194.6594 -3049.64 
3299.8992 3299.8992 3299.8992 3299.8992 3299.8992 3299.8992 3299.8992 3299.8992 3299.8992 3286.0015 3270.4924 3254.9834 3239.4744 3224.0662 3208.8591 3193.753 3178.5461 3163.1377 3147.7295 1670.8466 3144.104 3161.1235 3177.942 3194.1558 3210.5713 3226.7852 3242.9993 3259.2131 3275.125 3291.1377 3299.8992 -3277.4414 -3261.9324 -3246.4233 -3231.1157 -3216.11 -3201.1047 -3186.3005 -3171.5972 -1589.0717 3299.8992 3299.8992 3299.8992 3299.8992 3299.8992 3299.8992 3299.8992 3299.8992 3299.8992 3286.5051 3270.996 3255.5876 3240.0786 3224.469 3209.262 3194.1558 3179.0496 3163.742 3148.233 2135.7146 3142.0898 3159.0088 3175.2227 3192.041 3208.3557 3224.771 3240.985 3257.0984 3273.3123 3289.1235 3299.8992 -3279.4556 -3263.6443 -3248.236 -3233.029 -3218.0237 -3202.9175 -3188.1133 -3173.3093 -2044.4733 3299.8992 3299.8992 3299.8992 3299.8992 3299.8992 3299.8992 3299.8992 3299.8992 3299.8992 3286.3037 3270.6938 3255.2856 3239.5752 3224.2676 3209.0605 3193.8538 3178.6467 3163.44 3148.0315 2504.8096 3139.27 3156.2896 3172.5037 3189.4226 3205.838 3221.9512 3238.3667 3254.5806 3270.4924 3286.5051 3299.8992 -3281.8726 -3266.565 -3251.056 -3235.7483 -3220.5413 -3205.435 -3190.631 -3175.827 -2519.9158 3299.8992 3299.8992 3299.8992 3299.8992 3299.8992 3299.8992 3299.8992 3299.8992 3299.8992 3286.203 3270.7947 3255.0842 3239.6758 3224.1667 3208.8591 3193.8538 3178.6467 3163.44 3148.0315 2885.1836 3136.6516 3152.8655 3169.1802 3185.9985 3202.4138 3218.628 3235.0432 3251.2573 3267.2698 3283.1816 3298.993 -3285.1958 -3269.5862 -3254.2786 -3238.87 -3223.6633 -3208.4563 -3193.6523 -3178.949 -2870.4802 3299.8992 3299.8992 3299.8992 3299.8992 3299.8992 3299.8992 3299.8992 3299.8992 3299.8992 3285.3972 3269.8882 3254.2786 3238.7695 3223.462 3208.1543 3193.048 3177.942 3162.7349 3147.4272 3027.4841 3252.063 3151.0527 3167.2668 3184.1858 3200.8025 3216.9158 3233.2305 3249.3438 3265.457 3281.4697 3297.0793 -3286.908 -3271.298 -3255.89 -3240.6829 -3225.1738 -3210.269 -3195.2637 -3180.5603 -3052.5603 
3299.8992 3299.8992 3299.8992 3299.8992 3299.8992 3299.8992 3299.8992 3299.8992 3292.749 3277.1392 3261.1267 3246.121 3231.2163 3216.211 3201.4067 3186.7034 3172.2014 3157.6995 3143.097 2830.197 3135.5437 3152.2612 3168.576 3184.79 3200.9033 3216.9158 3232.9285 3248.639 3264.45 3280.1604 3295.7703 -3288.7207 -3273.413 -3258.1055 -3242.8984 -3227.6917 -3212.7869 -3197.882 -3183.1787 -2633.4136 3299.8992 3299.8992 3299.8992 3299.8992 3299.8992 3299.8992 3299.8992 3299.8992 3294.3604 3278.65 3262.5366 3247.7324 3232.5256 3217.7214 3202.8167 3188.1133 3173.5107 3158.908 3144.5068 3116.812 3133.5295 3150.4485 3166.7632 3183.078 3199.1912 3215.103 3231.015 3247.0276 3262.8386 3278.247 3293.8567 -3290.5334 -3275.125 -3259.9182 -3244.5098 -3229.5044 -3214.4988 -3199.4934 -3184.79 -2984.5825 3299.8992 3299.8992 3299.8992 3299.8992 3299.8992 3299.8992 3299.8992 3299.8992 3294.2595 3278.549 3262.4358 3247.531 3232.5256 3217.52 3202.716 3188.1133 3173.41 3159.0088 3144.5068 3128.9978 3129.7026 3146.6216 3162.8357 3179.251 3195.2637 3211.377 3227.3894 3243.0999 3258.9111 3274.6216 3290.2312 -3294.159 -3278.8513 -3263.4429 -3248.236 -3233.13 -3218.1243 -3203.3203 -3188.516 -3174.0142 3299.8992 3299.8992 3299.8992 3299.8992 3299.8992 3299.8992 3299.8992 3299.8992 3294.159 3278.4485 3262.3352 3247.4304 3232.2234 3217.3186 3202.4138 3187.7104 3173.2085 3158.7065 3144.2046 3128.9978 3127.7893 3144.7083 3161.1235 3177.3376 3193.451 3209.4634 3225.476 3241.388 3257.0984 3272.708 3288.4185 3299.8992 -3280.5632 -3265.155 -3249.948 -3234.8418 -3219.8364 -3204.8308 -3190.1274 -3175.6255 3299.8992 3299.8992 3299.8992 3299.8992 3299.8992 3299.8992 3299.8992 3299.8992 3293.8567 3278.1462 3262.1338 3247.229 3232.1228 3217.218 3202.4138 3187.7104 3173.108 3158.606 3144.2046 3128.9978 3205.6365 3142.8955 3159.3108 3175.525 3191.7388 3207.7515 3223.8647 3239.6758 3255.2856 3270.996 3286.7065 3299.8992 -3282.2754 -3266.867 -3251.6602 -3236.554 -3221.347 -3206.543 -3191.6382 -3177.0354 

640.4022 3299.8992 3299.8992 3299.8992 3299.8992 3299.8992 3299.8992 3299.8992 3297.885 3283.1816 3268.4783 3253.9763 3239.0715 3224.9724 3210.6719 3196.4722 3181.7688 3167.2668 3153.067 3051.5532 199.9054 -2702.902 3155.8867 3172.1008 3187.0056 3202.4138 3218.0237 3233.2305 3248.236 3263.1409 3278.1462 3292.5476 -3292.8496 -3278.1462 -3263.4429 -3249.1423 -3234.7412 -3220.642 -3206.543 -3192.5444 183.18787 3299.8992 3299.8992 3299.8992 3299.8992 3299.8992 3299.8992 3299.8992 3298.7915 3284.0881 3268.982 3254.1777 3239.8772 3225.476 3211.2761 3196.5728 3182.1716 3167.871 3153.9734 3125.7751 3125.7751 3125.7751 3125.7751 3125.7751 3125.7751 3125.7751 3125.7751 3125.7751 3125.7751 3125.7751 3125.7751 3125.7751 3125.7751 3125.7751 3125.7751 3125.7751 3125.7751 3125.7751 3125.7751 3125.7751 -284.50012 3299.8992 3299.8992 3299.8992 3299.8992 3299.8992 3299.8992 3299.8992 3299.295 3284.6924 3269.4854 3254.6814 3240.1794 3225.778 3211.7798 3197.4792 3182.776 3168.4753 3154.1748 3134.0332 659.83887 -2211.8499 3152.5635 3167.871 3183.9844 3199.1912 3214.5996 3229.7058 3244.7112 3259.8174 3274.6216 3289.7278 3299.8992 -3281.1675 -3266.6655 -3252.1636 -3237.9639 -3223.9653 -3209.6648 -3195.6665 -623.38257 3299.8992 3299.8992 3299.8992 3299.8992 3299.8992 3299.8992 3299.8992 3299.8992 3285.6995 3270.996 3255.9905 3241.287 3226.9866 3212.7869 3198.4863 3184.1858 3169.8853 3155.484 3137.155 914.5294 -2092.9138 3151.355 3166.7632 3182.8765 3198.184 3213.4917 3228.9001 3244.0063 3258.9111 3273.816 3288.3179 3299.8992 -3282.074 -3267.572 -3253.1707 -3238.87 -3224.6704 -3210.8733 -3196.875 -1088.0493 3299.8992 3299.8992 3299.8992 3299.8992 3299.8992 3299.8992 3299.8992 3299.8992 3287.5122 3272.6074 3258.0046 3243.3013 3228.6987 3214.3982 3200.0977 3185.9985 3171.5972 3157.2966 3142.1904 1278.9917 -1697.937 3149.1394 3164.447 3180.661 3196.0693 3211.2761 3226.4832 3241.7908 3256.7961 3271.701 3286.5051 3299.8992 -3284.0881 -3269.7876 -3255.487 -3241.1865 -3226.886 -3212.7869 -3198.4863 -1415.9546 3032.4187 3299.8992 3299.8992 3299.8992 3299.8992 3299.8992 3299.8992 3299.8992 3287.5122 3272.406 3258.0046 3243.0999 3228.3965 3214.1968 3199.7954 3185.9985 3171.1943 3156.7932 3142.2913 
3179.956 3196.5728 3212.686 3228.7993 3244.7112 3260.4216 3276.0315 3291.5405 3299.8992 -3277.9448 -3262.8386 -3247.9338 -3233.029 -3218.4265 -3203.7231 -3189.2212 -3174.9207 -3160.62 -3146.6216 -3132.5225 3299.8992 3299.8992 3299.8992 3299.8992 3299.8992 3299.8992 3299.8992 3299.8992 3299.8992 3299.8992 3299.8992 3298.3887 3283.081 3267.874 3252.7678 3237.863 3223.361 3208.7585 3194.6594 3180.4595 3179.4524 3195.9685 3212.1826 3228.296 3244.2078 3260.0188 3275.5278 3290.8354 3299.8992 -3278.549 -3263.4429 -3248.538 -3233.5327 -3218.8293 -3204.2266 -3189.7246 -3175.3235 -3161.1235 -3147.1252 -3133.1267 3299.8992 3299.8992 3299.8992 3299.8992 3299.8992 3299.8992 3299.8992 3299.8992 3299.8992 3299.8992 3299.8992 3299.8992 3284.491 3269.284 3254.2786 3239.3738 3224.771 3210.269 3196.0693 3181.8694 3178.5461 3195.1628 3211.0747 3227.5908 3243.402 3259.1125 3274.7222 3290.1306 3299.8992 -3279.2542 -3264.148 -3249.1423 -3234.3384 -3219.635 -3204.9316 -3190.4297 -3176.1292 -3161.8286 -3147.7295 -3133.8318 3299.8992 3299.8992 3299.8992 3299.8992 3299.8992 3299.8992 3299.8992 3299.8992 3299.8992 3299.8992 3299.8992 3299.8992 3286.203 3270.8953 3255.789 3240.8843 3226.2817 3211.7798 3197.4792 3183.4807 3177.539 3194.2566 3210.4705 3226.5837 3242.2942 3258.206 3273.816 3289.224 3299.8992 -3280.2612 -3265.0542 -3250.0488 -3235.2446 -3220.5413 -3205.9387 -3191.336 -3177.0354 -3162.7349 -3148.6357 -3134.6375 1695.3186 3299.8992 3299.8992 3299.8992 3299.8992 3299.8992 3299.8992 3299.8992 3299.8992 3299.8992 3299.8992 3299.8992 3287.7136 3272.3052 3257.0984 3242.395 3227.7922 3213.1897 3198.9897 3184.8906 3176.7334 3193.451 3209.6648 3225.6775 3241.7908 3257.5012 3273.1108 3288.6199 3299.8992 -3280.7646 -3265.6584 -3250.653 -3235.8489 -3221.045 -3206.4421 -3191.9402 -3177.6396 -3163.2385 -3149.1394 -3135.1409 56.09436 3299.8992 3299.8992 3299.8992 3299.8992 3299.8992 3299.8992 3299.8992 3299.8992 3299.8992 3299.8992 3299.8992 3289.224 3273.9165 3258.7097 3243.9055 3229.2021 3214.7002 3200.3997 3186.2 3175.827 3192.343 3208.5571 3224.771 3240.5823 3256.3933 3272.1038 3287.5122 3299.8992 -3281.9731 -3266.7664 -3251.8616 -3236.9568 -3222.1526 -3207.55 -3192.9473 -3178.6467 -3164.2456 -3150.1465 -3136.148 
2887.7014 2873.9043 2747.7173 2405.612 2014.9658 2237.732 2813.7817 2794.9492 1309.3048 1769.339 2427.5664 2545.4956 2750.2349 2741.7754 2730.7983 2718.814 2706.8298 2686.1846 1521.5973 -921.8811 2700.7874 2725.8635 2747.6165 2768.7651 2788.3025 2807.0342 2825.2625 2843.1885 2860.913 2878.4363 3001.703 -2020.6055 -1359.256 -2442.0684 -2264.923 -827.8198 167.57812 1682.428 2922.2441 2909.3535 2895.9595 2882.7666 2542.9778 2264.4194 1956.958 2082.2388 2812.0696 2791.7266 1894.3176 2279.6265 2780.2458 2766.751 2756.9824 2745.6023 2734.021 2722.1375 2710.0525 2693.8384 1705.188 -657.8247 2700.485 2725.662 2748.0193 2768.161 2787.8997 2807.0342 2825.5645 2843.4905 2861.215 2878.7383 2898.2756 -2307.5225 -1384.7351 -2286.676 -2279.2236 -866.1896 794.5862 2344.6838 2917.813 2904.5195 2891.0247 2877.2278 2855.2734 2537.0361 2154.7485 2215.3748 2812.6738 2797.3662 1951.2177 2213.864 2768.9666 2756.9824 2526.1597 2737.3442 2726.2664 2714.685 2702.8015 2682.66 1440.8295 -797.7081 2695.752 2720.8281 2743.1853 2764.5354 2784.4756 2803.308 2821.5361 2839.563 2857.1868 2874.71 3064.746 -1902.3743 -856.92444 -1986.264 -2236.624 -1000.1312 483.19702 2062.2986 2910.1592 2897.0671 2883.975 2870.2788 2145.8862 1841.2445 1552.8168 1713.446 2442.6726 2804.5166 1982.4371 2119.6013 2726.9714 2762.8235 2752.7527 2743.3867 2731.906 2720.1233 2708.139 2693.1335 1949.0021 -83.28552 2850.8423 2717.3035 2739.862 2761.4136 2781.253 2800.2869 2818.7163 2836.7432 2854.5684 2871.991 2889.3127 -2865.5457 -1648.5901 -2545.999 -2675.2075 -1227.7313 408.47168 2092.1082 2922.4456 2909.4543 2896.06 2882.7666 2864.9414 2826.2695 2414.3738 2215.979 2690.6157 2803.5095 2196.1394 2231.0852 2770.6787 2757.788 2747.7173 2738.6536 2727.1729 2715.5913 2703.6072 2647.815 1362.3779 -563.562 2693.8384 2719.7205 2742.4805 2763.1255 2782.8643 2802.2002 2820.932 2838.858 2856.5825 2874.1057 3281.2683 -1671.2494 -375.43945 -1371.2402 -1964.7125 -883.1085 434.9579 2055.3496 2900.894 2888.0034 2874.8108 2861.0137 2578.125 2246.5942 1140.7196 1008.49 1609.6161 2468.051 1637.6129 1553.7231 2290.7043 2631.2988 2755.2703 2747.113 2735.733 2724.1516 2712.0667 2697.2625 2522.6348 856.01807 
2812.8752 1139.914 1343.8477 134.5459 -1302.356 -2573.291 -2602.8992 -2643.5852 -2704.5134 -2628.6804 -2545.999 -2490.3076 -2515.3838 -2464.1235 -2332.196 -2286.5752 -2579.2327 -2653.3538 -2677.423 -2736.5386 -2760.8093 -2749.4292 -2737.9485 -2725.8635 -2714.4836 -2391.6138 -1518.0725 -516.43066 1464.9994 3299.8992 3299.8992 3299.8992 3299.8992 3299.8992 3299.8992 3299.8992 3299.8992 3299.8992 3299.8992 3299.8992 3299.8992 3064.4438 3299.8992 2100.3662 592.86804 -699.3164 -1875.8881 -2918.518 -2905.426 -2892.4346 -2879.544 -2861.4165 -2631.6008 -1704.9866 -849.57275 -884.4177 -1208.0933 -1550.5005 -1891.1957 -2168.7468 -2635.025 -2573.9958 -2776.5198 -2764.6362 -2752.7527 -2487.9912 -1675.177 -773.2361 1100.5371 3299.8992 3299.8992 3299.8992 3299.8992 3299.8992 3299.8992 3299.8992 3299.8992 3299.8992 3299.8992 3299.8992 3299.8992 2753.5583 3005.429 1606.5948 114.4043 -1162.3718 -2292.6177 -2937.5518 -2924.3591 -2911.4685 -2898.578 -2885.8887 -2873.3 -2483.1572 -1642.3462 -1613.7451 -1840.6403 -2074.585 -2240.048 -2506.32 -2799.2798 -2787.2954 -2775.009 -2763.2263 -2751.3428 -2546.8047 -1550.0977 -526.8036 1134.8785 3258.1055 3299.8992 3299.8992 3299.8992 3299.8992 3299.8992 3299.8992 3299.8992 3299.8992 3299.8992 3299.8992 3299.8992 2623.7456 2943.8965 1634.2896 194.76929 -1013.7268 -2110.2356 -2938.861 -2925.4668 -2912.3748 -2899.585 -2886.8958 -2874.2065 -2508.2336 -1256.2317 -1126.9226 -1466.8121 -1763.4979 -2014.8651 -2204.2969 -2666.9495 -2797.6685 -2785.9863 -2774.2034 -2762.3198 -2426.6602 -1767.3248 -859.34143 601.2268 2884.5793 3299.8992 3299.8992 3299.8992 3299.8992 3299.8992 3299.8992 3299.8992 3299.8992 3299.8992 3299.8992 3299.8992 2901.3977 3299.8992 2181.6375 751.48315 -701.02844 -1981.0272 -2953.7659 -2940.4724 -2927.179 -2914.4897 -2901.599 -2888.91 -2518.2036 -1613.6444 -1402.2583 -1880.0171 -2142.5627 -2311.7522 -2408.5327 -2756.1768 -2803.308 -2791.4246 -2779.4402 -2767.6575 -2450.0244 -1713.446 -782.0984 807.3761 3059.6099 3299.8992 3299.8992 3299.8992 3299.8992 3299.8992 3299.8992 3299.8992 3299.8992 3299.8992 3299.8992 3299.8992 2885.9893 3082.1685 1702.4689 -66.970825 -1304.6722 -2319.9097 -2949.3347 -2936.2427 -2923.2512 -2910.26 -2897.5708 -2884.9822 -2748.6235 -1850.2075 -1535.9985 -1718.6829 -1928.5583 -1775.2808 -1918.1854 
3299.8992 3299.8992 3299.8992 3299.8992 3299.8992 3299.8992 3299.8992 3299.8992 3299.8992 3291.8425 3276.9377 3262.4358 3247.9338 3233.6333 3219.5342 3205.0322 3191.2354 3177.2368 3163.037 3148.1323 -2950.3418 3162.2314 3177.7405 3193.35 3208.3557 3223.5625 3239.0715 3253.9763 3268.6797 3283.484 3298.2878 -3287.1094 -3272.5066 -3258.1055 -3243.402 -3229.303 -3215.103 -3201.2053 -3187.207 -3173.2085 3299.8992 3299.8992 3299.8992 3299.8992 3299.8992 3299.8992 3299.8992 3299.8992 3299.8992 3291.742 3276.8372 3262.3352 3247.8333 3233.432 3219.2322 3205.2336 3190.933 3177.0354 3162.8357 3148.233 -2221.2158 3159.613 3175.6255 3190.8325 3206.6436 3221.8506 3236.4531 3251.7607 3266.867 3281.6711 3296.475 -3288.922 -3274.3193 -3259.7168 -3245.3154 -3231.015 -3216.9158 -3202.8167 -3188.8184 -3175.122 3299.8992 3299.8992 3299.8992 3299.8992 3299.8992 3299.8992 3299.8992 3299.8992 3299.8992 3291.8425 3276.9377 3262.5366 3247.9338 3233.6333 3219.4336 3205.133 3191.2354 3177.3376 3163.1377 3148.3337 -1730.0629 3158.4045 3173.8127 3189.5232 3204.6294 3219.7356 3235.2446 3250.2502 3264.9536 3279.8584 3294.461 -3290.5334 -3276.233 -3261.731 -3247.3296 -3233.029 -3218.8293 -3204.5288 -3190.7317 -3176.834 3030.0017 3299.8992 3299.8992 3299.8992 3299.8992 3299.8992 3299.8992 3299.8992 3299.8992 3293.051 3278.3477 3264.047 3249.2432 3234.8418 3220.7427 3206.4421 3192.5444 3178.6467 3164.3462 3149.8442 -672.22595 3156.189 3172.1008 3187.509 3203.119 3218.4265 3233.2305 3248.538 3263.6443 3278.549 3293.1519 -3292.1448 -3277.4414 -3262.9395 -3248.538 -3234.3384 -3220.0378 -3205.9387 -3191.9402 -3178.0425 2212.6555 3299.8992 3299.8992 3299.8992 3299.8992 3299.8992 3299.8992 3299.8992 3299.8992 3293.3533 3278.4485 3263.9465 3249.4446 3235.0432 3220.7427 3206.543 3192.5444 3178.6467 3164.5476 3149.945 -90.63721 3154.2754 3170.288 3185.9985 3201.004 3216.211 3231.8206 3246.8262 3261.5295 3276.3335 3291.1377 3299.8992 -3279.5562 -3265.0542 -3250.653 -3236.3525 -3221.8506 -3207.953 -3194.0552 -3180.0566 1154.3152 3299.8992 3299.8992 3299.8992 3299.8992 3299.8992 3299.8992 3299.8992 3299.8992 3294.058 3279.5562 3264.8528 3250.5522 3235.9497 3221.7498 3207.6506 3193.5515 3179.6538 3165.5547 3150.9521 
3095.9656 3299.8992 3299.8992 3299.8992 3299.8992 3299.8992 3299.8992 3299.8992 3291.742 3276.233 3260.7239 3245.0134 3229.5044 3214.2974 3199.1912 3184.085 3168.8782 3153.6711 3138.565 3118.222 -1148.4741 3133.6304 3150.7507 3167.166 3183.783 3200.0977 3216.4124 3232.5256 3248.7395 3264.7522 3280.664 3296.475 -3287.8142 -3272.3052 -3256.7961 -3241.5894 -3226.3823 -3211.377 -3196.4722 -3181.668 2375.601 3299.8992 3299.8992 3299.8992 3299.8992 3299.8992 3299.8992 3299.8992 3292.9504 3277.4414 3261.8315 3246.3225 3230.713 3215.5059 3200.3997 3185.1929 3170.1873 3154.9805 3139.8743 3123.8616 -646.344 3132.019 3149.1394 3165.6555 3182.0708 3198.4863 3214.801 3231.015 3247.229 3263.2415 3279.1533 3294.9646 -3289.325 -3273.816 -3258.307 -3243.0999 -3227.7922 -3212.8875 -3197.9827 -3183.2793 2022.6196 3299.8992 3299.8992 3299.8992 3299.8992 3299.8992 3299.8992 3299.8992 3293.051 3277.542 3262.033 3246.4233 3230.9143 3215.7073 3200.601 3185.4949 3170.1873 3155.081 3139.9749 3124.3652 -163.14697 3129.602 3146.0173 3163.1377 3179.6538 3196.17 3212.4846 3228.598 3244.9126 3260.8245 3276.7363 3292.5476 -3291.742 -3276.233 -3260.7239 -3245.3154 -3230.1086 -3214.9016 -3200.0977 -3185.3943 1338.208 3299.8992 3299.8992 3299.8992 3299.8992 3299.8992 3299.8992 3299.8992 3293.6553 3278.3477 3262.8386 3247.229 3231.6191 3216.3115 3201.2053 3186.099 3170.993 3155.8867 3140.68 3125.473 147.1344 3128.595 3145.111 3162.03 3178.6467 3195.0623 3211.4775 3227.6917 3243.805 3260.0188 3275.9307 3291.742 -3292.5476 -3277.0386 -3261.4287 -3246.222 -3230.9143 -3215.9087 -3201.004 -3186.099 829.9347 3299.8992 3299.8992 3299.8992 3299.8992 3299.8992 3299.8992 3299.8992 3295.0652 3279.3547 3263.9465 3248.3367 3232.8276 3217.4194 3202.3132 3187.207 3172.2014 3156.9946 3141.7876 3126.48 702.9419 3126.5808 3143.6003 3160.1165 3176.6326 3192.9473 3209.3628 3225.5767 3241.7908 3257.904 3273.9165 3289.627 3299.8992 -3279.0527 -3263.5437 -3248.236 -3232.9285 -3217.8223 -3202.9175 -3188.214 264.86206 3299.8992 3299.8992 3299.8992 3299.8992 3299.8992 3299.8992 3299.8992 3295.468 3279.959 3264.45 3248.941 3233.2305 3217.9229 3202.9175 3187.7104 3172.705 3157.5989 3142.2913 3127.0842 
3299.8992 3299.8992 3299.8992 3299.8992 3299.8992 3299.8992 3299.8992 3299.8992 3299.8992 3285.3972 3269.8882 3254.2786 3238.7695 3223.361 3208.1543 3193.048 3177.841 3162.6343 3147.3267 3125.473 -2486.38 3147.528 3163.9434 3180.8623 3197.2778 3213.5925 3229.8064 3246.121 3262.2344 3278.0457 3294.058 -3290.2312 -3274.5208 -3259.0117 -3243.704 -3228.4973 -3213.391 -3198.285 -3183.5815 -3169.0796 3299.8992 3299.8992 3299.8992 3299.8992 3299.8992 3299.8992 3299.8992 3299.8992 3299.8992 3286.4043 3270.8953 3255.2856 3239.6758 3224.2676 3209.0605 3193.8538 3178.7476 3163.6414 3148.233 3131.6162 -1929.4647 3146.1182 3163.037 3179.4524 3195.767 3212.1826 3228.296 3244.5098 3260.623 3276.6357 3292.5476 -3291.641 -3276.0315 -3260.5225 -3245.114 -3229.8064 -3214.7002 -3199.7954 -3184.8906 -3170.3887 3299.8992 3299.8992 3299.8992 3299.8992 3299.8992 3299.8992 3299.8992 3299.8992 3299.8992 3286.3037 3270.7947 3255.1848 3239.7766 3224.2676 3209.0605 3193.8538 3178.7476 3163.6414 3148.4343 3132.6233 -1445.462 3143.9026 3160.922 3177.3376 3193.753 3210.1685 3226.2817 3242.4956 3258.609 3274.7222 3290.5334 3299.8992 -3278.1462 -3262.5366 -3247.1282 -3231.8206 -3216.7144 -3201.709 -3186.9048 -3172.2014 2968.167 3299.8992 3299.8992 3299.8992 3299.8992 3299.8992 3299.8992 3299.8992 3299.8992 3287.21 3271.8018 3256.192 3240.6829 3225.1738 3209.967 3194.76 3179.7546 3164.5476 3149.24 3133.731 -947.66235 3142.694 3159.1094 3176.0283 3192.343 3208.8591 3225.0732 3241.287 3257.5012 3273.413 3289.325 3299.8992 -3279.2542 -3263.745 -3248.3367 -3233.029 -3217.6208 -3202.8167 -3188.0127 -3173.3093 2196.3408 3299.8992 3299.8992 3299.8992 3299.8992 3299.8992 3299.8992 3299.8992 3299.8992 3288.4185 3272.9094 3257.2998 3241.7908 3226.3823 3211.0747 3195.868 3180.7617 3165.6555 3150.348 3134.8389 -480.5786 3141.687 3158.8074 3175.122 3191.5374 3207.852 3224.1667 3240.3809 3256.4941 3272.5066 3288.5193 3299.8992 -3280.1604 -3264.5508 -3249.1423 -3233.7341 -3218.628 -3203.7231 -3188.919 -3174.115 1576.7853 3299.8992 3299.8992 3299.8992 3299.8992 3299.8992 3299.8992 3299.8992 3299.8992 3289.4255 3273.9165 3258.307 3242.7979 3227.3894 3211.9812 3196.7742 3181.668 3166.5618 3151.355 3136.0474 
3299.8992 3299.8992 3299.8992 3299.8992 3299.8992 3299.8992 3299.8992 3299.8992 3294.8638 3279.2542 3263.1409 3248.1353 3233.029 3218.0237 3203.119 3188.516 3173.9136 3159.4116 3145.111 3130.005 -2284.9639 3140.68 3157.196 3173.5107 3189.624 3205.7373 3221.6492 3237.561 3253.2715 3269.0825 3284.793 3299.8992 -3284.491 -3268.982 -3253.8757 -3238.6687 -3223.5625 -3208.6577 -3193.753 -3179.1504 3299.8992 3299.8992 3299.8992 3299.8992 3299.8992 3299.8992 3299.8992 3299.8992 3295.2666 3279.5562 3263.5437 3248.3367 3233.2305 3218.3257 3203.421 3188.7175 3174.2156 3159.8145 3145.413 3130.4077 -1110.7086 3137.7593 3154.2754 3170.691 3186.8042 3202.8167 3218.7285 3234.6404 3250.4517 3266.2627 3281.9731 3297.4822 -3287.1094 -3271.701 -3256.5947 -3241.287 -3226.2817 -3211.1755 -3196.2708 -3181.7688 3299.8992 3299.8992 3299.8992 3299.8992 3299.8992 3299.8992 3299.8992 3299.8992 3294.6624 3279.1533 3263.04 3247.9338 3232.8276 3217.9229 3203.018 3188.4155 3173.7122 3159.3108 3144.8088 3130.1055 -460.3363 3135.3423 3151.9592 3168.274 3184.4878 3200.601 3216.513 3232.4248 3248.236 3263.9465 3279.657 3295.166 -3289.325 -3274.0173 -3258.609 -3243.6035 -3228.3965 -3213.4917 -3198.587 -3183.8835 2717.404 3299.8992 3299.8992 3299.8992 3299.8992 3299.8992 3299.8992 3299.8992 3295.9717 3280.3618 3264.2485 3249.0417 3233.9355 3219.0308 3204.126 3189.4226 3174.8198 3160.3179 3146.0173 3131.2134 492.865 3133.6304 3150.247 3166.5618 3182.675 3198.8892 3214.801 3230.713 3246.4233 3262.3352 3278.0457 3293.5547 -3291.1377 -3275.7292 -3260.5225 -3245.114 -3230.2092 -3215.103 -3200.1982 -3185.3943 1644.6625 3299.8992 3299.8992 3299.8992 3299.8992 3299.8992 3299.8992 3299.8992 3296.576 3280.966 3264.8528 3249.646 3234.5398 3219.635 3204.7302 3190.0269 3175.424 3161.023 3146.521 3131.9182 1130.6488 3132.1196 3148.5352 3164.9504 3181.2651 3197.177 3213.1897 3229.2021 3245.0134 3260.7239 3276.3335 3292.1448 -3292.4468 -3277.1392 -3261.8315 -3246.6248 -3231.4177 -3216.4124 -3201.6082 -3186.8042 854.40674 3299.8992 3299.8992 3299.8992 3299.8992 3299.8992 3299.8992 3299.8992 3296.6765 3281.1675 3265.0542 3250.0488 3235.0432 3220.0378 3205.133 3190.3289 3175.827 3161.325 3146.9238 3132.2205 

1504.6783 -1597.1283 3147.4272 3163.742 3178.8481 3194.2566 3209.6648 3224.6704 3240.0786 3255.2856 3270.1904 3284.9944 3299.6978 -3286.1023 -3271.4995 -3257.0984 -3242.4956 -3228.598 -3214.4988 -3199.9968 -1653.0212 2855.5754 3299.8992 3299.8992 3299.8992 3299.8992 3299.8992 3299.8992 3299.8992 3287.7136 3273.0103 3258.307 3243.6035 3228.6987 3214.3982 3200.1982 3185.8977 3171.5972 3157.498 3142.8955 1738.3209 -1363.4857 3145.2117 3161.5264 3176.834 3192.343 3207.953 3222.7568 3237.863 3253.07 3268.1763 3283.081 3297.2808 -3288.0156 -3273.5137 -3258.9111 -3244.4092 -3230.5115 -3216.3115 -3202.3132 -1956.7566 2544.8914 3299.8992 3299.8992 3299.8992 3299.8992 3299.8992 3299.8992 3299.8992 3288.0156 3273.2117 3258.5083 3243.5027 3228.9001 3214.5996 3200.3997 3186.502 3171.7986 3157.3975 3142.996 1686.3556 -1622.9095 3147.2258 3163.742 3178.7476 3194.3572 3209.8662 3225.0732 3239.8772 3254.8828 3269.8882 3284.5916 3299.3958 -3286.1023 -3271.298 -3256.7961 -3242.4956 -3228.195 -3214.4988 -3200.1982 -2255.3557 2217.4895 3299.8992 3299.8992 3299.8992 3299.8992 3299.8992 3299.8992 3299.8992 3291.9434 3276.8372 3262.1338 3247.7324 3233.2305 3218.8293 3204.2266 3189.8254 3175.525 3161.2244 3146.7224 3146.7224 3146.7224 3146.7224 3146.7224 3146.7224 3146.7224 3146.7224 3146.7224 3146.7224 3146.7224 3146.7224 3146.7224 3146.7224 3146.7224 3146.7224 3146.7224 3146.7224 3146.7224 3146.7224 3146.7224 -2480.4382 2137.4268 3299.8992 3299.8992 3299.8992 3299.8992 3299.8992 3299.8992 3299.8992 3292.9504 3278.4485 3263.3423 3248.639 3234.3384 3220.0378 3205.7373 3191.4368 3177.0354 3162.332 3147.931 2176.8035 -992.3767 3146.9238 3162.1306 3178.3447 3193.753 3209.0605 3224.469 3239.7766 3254.6814 3269.3848 3284.1887 3298.892 -3286.203 -3271.701 -3257.2998 -3243.0999 -3229.0007 -3214.4988 -3200.5005 -2663.0217 1976.6968 3299.8992 3299.8992 3299.8992 3299.8992 3299.8992 3299.8992 3299.8992 3293.756 3278.8513 3264.3494 3249.7466 3235.0432 3220.7427 3206.4421 3191.9402 3177.539 3163.44 3149.0386 
-1491.8884 3299.8992 3299.8992 3299.8992 3299.8992 3299.8992 3299.8992 3299.8992 3299.8992 3299.8992 3299.8992 3299.8992 3290.4326 3275.3264 3260.0188 3245.114 3230.4106 3216.0095 3201.6082 3187.4084 -882.30286 3191.034 3207.4492 3223.5625 3239.4744 3255.2856 3270.8953 3286.5051 3299.8992 -3282.9802 -3267.874 -3252.7678 -3237.9639 -3223.2605 -3208.4563 -3193.9543 -3179.6538 -3165.2527 -3151.1536 -3137.0544 -2177.71 3299.8992 3299.8992 3299.8992 3299.8992 3299.8992 3299.8992 3299.8992 3299.8992 3299.8992 3299.8992 3299.8992 3290.8354 3275.5278 3260.4216 3245.5168 3230.713 3216.211 3201.8096 3187.8113 1587.561 3188.617 3205.133 3221.045 3237.0574 3252.9692 3268.579 3284.0881 3299.4963 -3285.2966 -3270.0896 -3255.1848 -3240.1794 -3225.5767 -3210.6719 -3196.17 -3181.7688 -3167.3674 -3153.2683 -3139.27 -3022.1465 3299.8992 3299.8992 3299.8992 3299.8992 3299.8992 3299.8992 3299.8992 3299.8992 3299.8992 3299.8992 3299.8992 3291.339 3276.0315 3260.8245 3245.9197 3231.1157 3216.7144 3202.3132 3188.1133 2899.7864 3186.6028 3203.018 3219.1313 3235.2446 3251.056 3266.6655 3282.1746 3297.583 -3287.1094 -3271.9023 -3256.9976 -3242.0928 -3227.2888 -3212.4846 -3197.9827 -3183.4807 -3169.1802 -3154.9805 -3140.982 -3126.9836 3299.8992 3299.8992 3299.8992 3299.8992 3299.8992 3299.8992 3299.8992 3299.8992 3299.8992 3299.8992 3299.8992 3291.742 3276.4343 3261.2273 3246.3225 3231.5186 3217.1172 3202.6152 3188.516 3173.8127 3184.5886 3200.702 3217.218 3233.13 3249.0417 3264.6514 3280.1604 3295.6694 -3289.1235 -3273.816 -3258.9111 -3244.0063 -3229.1016 -3214.4988 -3199.7954 -3185.3943 -3170.993 -3156.7932 -3142.7947 -3128.9978 3299.8992 3299.8992 3299.8992 3299.8992 3299.8992 3299.8992 3299.8992 3299.8992 3299.8992 3299.8992 3299.8992 3292.044 3276.7363 3261.6301 3246.7253 3231.8206 3217.3186 3202.9175 3188.617 3174.417 3182.1716 3198.6877 3214.9016 3230.8135 3246.8262 3262.5366 3278.0457 3293.5547 -3291.2383 -3276.0315 -3260.9253 -3246.0205 -3231.1157 -3216.4124 -3201.9104 -3187.4084 -3173.007 -3158.8074 -3144.7083 
-2711.9658 2709.2468 2733.2153 2754.4646 2774.707 2794.345 2813.1775 2831.4055 2849.231 2866.8547 2884.378 -2430.1848 -1618.8812 -2499.17 -3022.8516 -1895.8282 -433.7494 1237.0972 2918.518 2915.396 2902.002 2888.3057 2559.091 2250.824 1996.9391 1862.5946 2831.0027 2818.6157 2617.4011 2481.244 2779.7424 2768.0603 2757.1838 2747.2136 2735.6323 2723.7488 2711.7644 2696.8596 1905.1941 -4.6325684 2696.5576 2722.3389 2744.4946 2765.744 2785.5835 2804.5166 2822.7446 2840.7715 2858.3953 2876.0193 2893.1396 -2570.2698 -849.57275 -1316.153 -1148.9777 -101.815796 1182.7148 2662.5183 2897.6714 2884.5793 2871.0845 2858.1938 2835.8367 2434.9182 2041.5527 1804.3854 2132.7942 2786.4897 1461.2732 946.25244 1712.7411 2247.5005 2518.7073 2738.0493 2726.9714 2715.7927 2703.8086 2689.6086 2196.945 382.08618 -2993.344 2707.1318 2730.9998 2752.3499 2772.6929 2792.3308 2811.1633 2829.3914 2847.3174 2864.74 2882.2632 -2734.4238 -964.8834 -1328.9429 -1980.1208 -1062.6709 -546.54236 1068.4113 2765.039 2899.7864 2886.6943 2872.998 2404.1016 2127.4565 1795.9259 1497.7295 1759.2682 2804.1138 2258.5784 1727.243 2779.1382 2767.5566 2755.2703 2745.8037 2734.323 2722.4395 2710.4553 2697.766 2325.7507 604.14734 -2644.3909 2708.9446 2733.1145 2754.2632 2774.6062 2794.1436 2813.0767 2831.305 2849.1301 2866.7542 2884.076 -2931.3079 -1116.8518 -1304.4708 -2065.5212 -1238.8092 225.38452 1855.3436 2908.5479 2895.3552 2882.0618 2868.2646 2848.4253 2590.4114 2167.8406 1696.5271 1811.4349 2797.0642 2215.7776 1511.3251 2167.5383 2639.0532 1932.0831 2612.265 2730.9998 2719.6196 2707.9375 2693.1335 2143.2678 441.10107 -2747.9187 2709.4482 2732.611 2754.666 2774.9084 2794.2444 2812.7747 2831.0027 2848.8281 2866.5527 2883.8745 -2567.8528 -738.69324 -642.6178 -1525.6256 -971.73157 286.8164 1868.2343 2898.0742 2884.9822 2871.5881 2858.3953 2137.5273 1957.4615 1666.3147 1296.9177 1400.647 2499.2705 2112.3503 1254.419 1955.246 2521.4263 2592.5261 2744.998 2734.1216 2723.0437 2710.9587 2698.6724 2510.3484 944.1376 
-2340.5547 -2569.766 -2793.8416 -2781.8572 -2769.9736 -2403.0945 -1630.8655 -674.74365 855.3131 3106.137 3299.8992 3299.8992 3299.8992 3299.8992 3299.8992 3299.8992 3299.8992 3299.8992 3299.8992 3299.8992 3299.8992 2842.3828 3075.4211 1745.4712 270.3003 -954.8126 -1811.5356 -2958.499 -2945.105 -2932.013 -2919.1223 -2906.433 -2893.643 -2845.706 -2024.5331 -1645.5688 -1856.5521 -2071.161 -2231.1858 -2444.1833 -2816.5007 -2804.1138 -2792.2302 -2780.4473 -2768.4631 -2670.9778 -1970.6543 -1062.1674 273.92578 2531.9 3299.8992 3299.8992 3299.8992 3299.8992 3299.8992 3299.8992 3299.8992 3299.8992 3299.8992 3299.8992 3299.8992 3032.8215 3299.8992 2039.9414 601.93176 -670.3125 -1776.7914 -2954.8735 -2941.4795 -2928.3875 -2915.4968 -2902.8076 -2890.1184 -2830.0964 -1965.4175 -1557.7515 -1791.4948 -2085.4614 -2277.31 -2414.0715 -2786.8926 -2801.8982 -2790.1152 -2778.2317 -2764.6362 -2318.2983 -1659.2651 -871.12427 411.99646 2675.409 3299.8992 3299.8992 3299.8992 3299.8992 3299.8992 3299.8992 3299.8992 3299.8992 3299.8992 3299.8992 3299.8992 3091.4336 3299.8992 2205.606 686.6272 -636.77673 -1740.8386 -2959.0027 -2946.414 -2933.4229 -2920.5322 -2907.6416 -2894.8516 -2630.9966 -1516.0583 -1105.069 -1410.5164 -1742.45 -2014.7644 -2140.0452 -2619.818 -2817.3064 -2805.4229 -2793.4387 -2781.5552 -2769.4702 -2279.9285 -1517.4683 -207.25708 2136.5203 3299.8992 3299.8992 3299.8992 3299.8992 3299.8992 3299.8992 3299.8992 3299.8992 3299.8992 3299.8992 3299.8992 3289.0227 3299.8992 2294.229 796.1975 -549.2615 -1660.675 -2912.1733 -2951.0466 -2937.9546 -2924.9634 -2912.1733 -2899.3835 -2886.795 -2263.5132 -1700.8575 -1761.0809 -2003.183 -2124.3347 -2260.492 -2727.5757 -2810.962 -2799.0784 -2787.1948 -2775.3113 -2697.8667 -1745.874 -878.1738 298.0957 2490.2068 3299.8992 3299.8992 3299.8992 3299.8992 3299.8992 3299.8992 3299.8992 3299.8992 3299.8992 3299.8992 3299.8992 3142.2913 3299.8992 2025.7416 553.99475 -809.6924 -1897.4396 -2962.024 -2948.7305 -2935.5376 -2922.5464 -2909.7563 -2897.168 -2884.4788 -1783.841 -1176.7731 -1310.9161 -1577.8931 -1836.8134 -2081.6345 
464.56604 3153.3691 3169.0796 3184.3872 3200.1982 3215.5059 3230.2092 3245.5168 3260.4216 3275.4272 3290.332 3299.8992 -3280.3618 -3266.0613 -3251.358 -3237.1582 -3222.9583 -3208.7585 -3194.9614 -3180.8623 265.76843 3299.8992 3299.8992 3299.8992 3299.8992 3299.8992 3299.8992 3299.8992 3299.8992 3294.7632 3280.0598 3265.457 3250.955 3236.4531 3222.4548 3208.1543 3194.0552 3180.1575 3166.0583 3151.7578 603.8452 3153.3691 3169.4824 3185.092 3200.1982 3215.4053 3230.9143 3246.0205 3260.623 3275.5278 3290.332 3299.8992 -3280.3618 -3265.8599 -3251.4587 -3237.0574 -3222.8577 -3208.6577 -3194.8608 -3180.8623 -592.86804 3299.8992 3299.8992 3299.8992 3299.8992 3299.8992 3299.8992 3299.8992 3299.8992 3297.583 3282.6782 3268.1763 3253.775 3239.273 3224.9724 3210.7727 3196.5728 3182.776 3168.6768 3154.3762 1230.8533 3153.772 3169.3816 3185.092 3200.0977 3215.4053 3230.9143 3246.0205 3260.623 3275.4272 3290.4326 3299.8992 -3280.4626 -3265.8599 -3251.4587 -3237.1582 -3222.8577 -3208.7585 -3194.76 -3180.661 -1559.1614 3299.8992 3299.8992 3299.8992 3299.8992 3299.8992 3299.8992 3299.8992 3299.8992 3299.8992 3285.0952 3270.3918 3255.6885 3241.4885 3227.0874 3212.8875 3198.8892 3185.092 3170.7915 3156.491 1938.5284 3152.8655 3168.8782 3184.79 3199.594 3214.9016 3230.5115 3245.5168 3260.2202 3275.4272 3290.0298 3299.8992 -3280.7646 -3265.9607 -3251.7607 -3237.4602 -3223.2605 -3208.8591 -3194.9614 -3181.1646 -2140.75 3299.8992 3299.8992 3299.8992 3299.8992 3299.8992 3299.8992 3299.8992 3299.8992 3299.8992 3286.8071 3272.3052 3257.7026 3243.3013 3229.0007 3214.5996 3200.601 3186.6028 3172.5037 3158.1023 2239.5447 3153.1677 3168.7773 3184.1858 3199.9968 3215.2039 3230.1086 3245.4163 3260.623 3275.4272 3290.1306 3299.8992 -3280.3618 -3265.8599 -3251.358 -3237.0574 -3223.059 -3208.7585 -3194.76 -3180.7617 -2827.78 3299.8992 3299.8992 3299.8992 3299.8992 3299.8992 3299.8992 3299.8992 3299.8992 3299.8992 3289.5264 3274.823 3260.2202 3245.9197 3231.5186 3217.3186 3203.119 3189.0198 3175.122 3160.8215 
1288.7604 3123.4587 3140.7805 3157.498 3173.8127 3190.3289 3206.6436 3222.7568 3238.971 3255.1848 3271.0967 3287.0085 3299.8992 -3281.5703 -3266.2627 -3250.7537 -3235.5469 -3220.4407 -3205.435 -3190.631 -299.10278 3299.8992 3299.8992 3299.8992 3299.8992 3299.8992 3299.8992 3299.8992 3295.3674 3280.0598 3264.45 3248.639 3233.13 3217.8223 3202.8167 3187.7104 3172.5037 3157.498 3142.3918 3127.0842 1191.0736 3124.2644 3140.982 3157.901 3174.6184 3191.034 3207.3486 3223.6633 3239.7766 3255.89 3271.9023 3287.7136 3299.8992 -3280.8655 -3265.3564 -3250.0488 -3234.7412 -3219.635 -3204.7302 -3189.926 -798.5138 3299.8992 3299.8992 3299.8992 3299.8992 3299.8992 3299.8992 3299.8992 3298.2878 3282.8796 3267.2698 3251.6602 3236.0503 3220.7427 3205.536 3190.5303 3175.424 3160.3179 3145.111 3129.904 1722.3083 3123.8616 3140.579 3157.5989 3174.3164 3190.8325 3207.1472 3223.361 3239.3738 3255.5876 3271.6003 3287.4114 3299.8992 -3281.1675 -3265.5579 -3250.2502 -3234.9426 -3219.937 -3204.9316 -2880.0476 -302.02332 3299.8992 3299.8992 3299.8992 3299.8992 3299.8992 3299.8992 3299.8992 3296.6765 3281.1675 3265.6584 3250.1494 3234.5398 3219.1313 3203.9246 3188.919 3173.8127 3158.8074 3143.6003 3128.1921 755.00793 3239.978 3146.2188 3163.2385 3179.8552 3196.3713 3212.686 3228.9001 3244.9126 3261.1267 3277.1392 3292.8496 -3291.339 -3275.83 -3260.321 -3245.0134 -3229.8064 -3214.801 -3199.8962 -3185.092 -2339.6484 3299.8992 3299.8992 3299.8992 3299.8992 3299.8992 3299.8992 3299.8992 3299.8992 3296.173 3280.4626 3264.8528 3249.2432 3233.7341 3218.3257 3203.3203 3188.0127 3172.8057 3157.498 3142.2913 2538.8489 -2772.1892 3146.9238 3163.742 3180.1575 3196.6736 3212.8875 3229.2021 3245.4163 3261.4287 3277.542 3293.4539 -3290.9363 -3275.4272 -3259.8174 -3244.6106 -3229.4036 -3214.3982 -3199.4934 -3184.6892 -2239.8467 3299.8992 3299.8992 3299.8992 3299.8992 3299.8992 3299.8992 3299.8992 3299.8992 3295.2666 3279.657 3264.047 3248.4375 3232.9285 3217.6208 3202.4138 3187.4084 3172.2014 3156.8938 3141.687 
179.7638 3139.8743 3156.7932 3173.2085 3189.624 3206.0393 3222.2534 3238.4673 3254.5806 3270.5933 3286.6057 3299.8992 -3281.7717 -3266.3635 -3250.8545 -3235.5469 -3220.3398 -3205.435 -3190.631 -3175.827 506.56128 3299.8992 3299.8992 3299.8992 3299.8992 3299.8992 3299.8992 3299.8992 3299.8992 3290.9363 3275.3264 3259.8174 3244.2078 3228.6987 3213.4917 3198.285 3183.2793 3167.9717 3152.765 3137.3564 526.9043 3139.6729 3156.189 3173.007 3189.5232 3205.838 3222.1526 3238.3667 3254.48 3270.4924 3286.4043 3299.8992 -3281.9731 -3266.565 -3251.056 -3235.6475 -3220.5413 -3205.3345 -3190.7317 -3175.9277 -45.117188 3299.8992 3299.8992 3299.8992 3299.8992 3299.8992 3299.8992 3299.8992 3299.8992 3292.4468 3276.9377 3261.3281 3245.7183 3230.31 3215.0024 3199.7954 3184.6892 3169.4824 3154.2754 3138.7664 1015.8417 3138.8672 3155.484 3172.2014 3188.7175 3205.0322 3221.347 3237.4602 3253.775 3269.6868 3285.6995 3299.8992 -3282.7788 -3267.1692 -3251.7607 -3236.3525 -3221.2463 -3206.2407 -3191.4368 -3176.6326 -1099.0265 3299.8992 3299.8992 3299.8992 3299.8992 3299.8992 3299.8992 3299.8992 3299.8992 3295.3674 3279.7576 3264.2485 3248.538 3233.2305 3217.7214 3202.5146 3187.3076 3172.3022 3156.9946 3141.4856 1315.7501 3140.1763 3156.6924 3173.5107 3190.1274 3206.3416 3222.5554 3238.87 3255.1848 3270.996 3287.0085 3299.8992 -3281.2683 -3265.8599 -3250.4517 -3235.144 -3220.0378 -3205.0322 -3190.1274 -3175.424 -1418.573 3299.8992 3299.8992 3299.8992 3299.8992 3299.8992 3299.8992 3299.8992 3299.8992 3297.6836 3282.1746 3266.565 3250.955 3235.3455 3219.937 3204.7302 3189.7246 3174.3164 3159.2102 3143.8018 1865.5151 3139.1692 3155.8867 3172.705 3189.3218 3205.7373 3222.052 3238.2659 3254.3792 3270.1904 3286.3037 3299.8992 -3282.074 -3266.6655 -3251.2573 -3235.9497 -3220.7427 -3205.536 -3190.631 -3176.1292 -2334.1094 3299.8992 3299.8992 3299.8992 3299.8992 3299.8992 3299.8992 3299.8992 3299.8992 3299.8992 3285.3972 3269.6868 3254.0771 3238.568 3223.1597 3207.852 3192.7458 3177.539 3162.332 3146.9238 
1598.4375 3130.7097 3147.3267 3163.6414 3179.956 3195.9685 3211.9812 3227.7922 3243.6035 3259.5154 3275.125 3290.7349 -3293.756 -3278.247 -3263.04 -3247.8333 -3232.727 -3217.6208 -3202.6152 -3188.1133 -202.62451 3299.8992 3299.8992 3299.8992 3299.8992 3299.8992 3299.8992 3299.8992 3297.885 3282.2754 3266.162 3251.056 3236.0503 3221.1455 3206.2407 3191.4368 3176.834 3162.2314 3147.931 3133.3281 1917.5812 3130.5083 3147.1252 3163.44 3179.8552 3195.9685 3211.7798 3227.6917 3243.5027 3259.314 3275.0244 3290.634 -3293.8567 -3278.4485 -3263.1409 -3248.1353 -3232.9285 -3218.0237 -3203.018 -3188.214 -1529.6539 3299.8992 3299.8992 3299.8992 3299.8992 3299.8992 3299.8992 3299.8992 3299.8992 3285.5986 3269.3848 3254.3792 3239.4744 3224.1667 3209.3628 3194.5586 3179.8552 3165.454 3150.8513 3136.3494 2447.406 3131.1125 3147.6287 3164.0442 3180.4595 3196.6736 3212.5854 3228.598 3244.3083 3259.9182 3275.6287 3291.2383 -3293.051 -3277.8442 -3262.5366 -3247.3296 -3232.1228 -3217.1172 -3202.2124 -3187.4084 -2197.8516 3299.8992 3299.8992 3299.8992 3299.8992 3299.8992 3299.8992 3299.8992 3299.8992 3288.3179 3272.1038 3256.9976 3241.8914 3226.7852 3211.9812 3197.0764 3182.373 3167.871 3153.4697 3138.8672 2765.5425 3131.8176 3148.4343 3164.8499 3181.0637 3197.2778 3213.1897 3229.1016 3244.9126 3260.7239 3276.4343 3291.9434 -3292.6482 -3277.24 -3261.9324 -3246.6248 -3231.5186 -3216.513 -3201.5076 -3186.9048 -2598.1658 3299.8992 3299.8992 3299.8992 3299.8992 3299.8992 3299.8992 3299.8992 3299.8992 3290.5334 3274.3193 3259.0117 3244.0063 3228.9001 3213.9954 3199.0906 3184.3872 3169.7844 3155.3833 3140.8813 3038.4612 3131.314 3148.1323 3164.6484 3180.7617 3196.9756 3213.0889 3228.9001 3244.812 3260.5225 3276.233 3291.641 -3292.749 -3277.24 -3262.033 -3246.7253 -3231.8206 -3216.7144 -3201.9104 -3187.1062 -3140.8813 3299.8992 3299.8992 3299.8992 3299.8992 3299.8992 3299.8992 3299.8992 3299.8992 3293.5547 3277.3406 3262.1338 3246.9268 3231.8206 3216.9158 3201.9104 3187.3076 3172.705 3158.2031 3143.7012 

2403.296 -826.6113 3154.779 3160.8215 3177.1362 3192.6453 3208.0535 3223.2605 3238.3667 3253.372 3268.4783 3283.1816 3297.7844 -3287.5122 -3273.0103 -3258.609 -3244.2078 -3230.0078 -3215.7073 -3201.9104 -2985.2874 1301.4496 3299.8992 3299.8992 3299.8992 3299.8992 3299.8992 3299.8992 3299.8992 3296.576 3281.8726 3266.9678 3252.1636 3237.561 3223.361 3209.0605 3194.76 3180.359 3165.9575 3151.4556 2534.9211 -568.1946 -3153.8726 3161.023 3176.9348 3192.4438 3208.1543 3223.361 3238.3667 3253.5735 3268.4783 3282.9802 3297.6836 -3287.6128 -3272.9094 -3258.4075 -3244.107 -3230.1086 -3215.9087 -3201.8096 -3060.617 1237.0972 3299.8992 3299.8992 3299.8992 3299.8992 3299.8992 3299.8992 3299.8992 3297.3816 3282.6782 3267.874 3253.07 3238.4673 3224.1667 3209.8662 3195.3643 3180.9631 3166.6626 3152.362 2722.7417 -457.01294 -3073.709 3160.8215 3176.0283 3191.7388 3206.9458 3222.2534 3237.3596 3252.5664 3267.6726 3282.5774 3297.1802 -3288.1165 -3273.816 -3259.314 -3245.2148 -3230.612 -3216.8152 -3202.716 -3202.716 -3202.716 -3202.716 -3202.716 -3202.716 -3202.716 -3202.716 -3202.716 -3202.716 -3202.716 -3202.716 -3202.716 -3202.716 -3202.716 -3202.716 -3202.716 -3202.716 -3202.716 -3202.716 -3202.716 2917.9138 39.074707 -2650.131 3158.3037 3173.5107 3189.3218 3204.428 3219.635 3234.9426 3249.948 3265.2556 3279.7576 3294.3604 -3290.8354 -3276.132 -3261.9324 -3247.531 -3233.3313 -3219.0308 -3204.7302 -3204.7302 -3204.7302 -3204.7302 -3204.7302 -3204.7302 -3204.7302 -3204.7302 -3204.7302 -3204.7302 -3204.7302 -3204.7302 -3204.7302 -3204.7302 -3204.7302 -3204.7302 -3204.7302 -3204.7302 -3204.7302 -3204.7302 -3204.7302 3044.9065 264.45923 -2457.7788 3156.0881 3171.1943 3186.8042 3202.2124 3217.52 3232.9285 3248.1353 3262.738 3277.6428 3292.4468 -3292.9504 -3278.0457 -3263.9465 -3249.5452 -3235.2446 -3220.7427 -3207.0464 -3193.048 324.5819 3299.8992 3299.8992 3299.8992 3299.8992 3299.8992 3299.8992 3299.8992 3297.3816 3282.5774 3267.9749 3253.372 3238.87 3224.3682 3209.7656 3195.465 3181.2651 3166.864 3152.5635 
-3130.8105 3299.8992 3299.8992 3299.8992 3299.8992 3299.8992 3299.8992 3299.8992 3299.8992 3299.8992 3299.8992 3299.8992 3292.4468 3277.1392 3261.9324 3246.9268 3232.1228 3217.52 3203.119 3188.919 3174.9207 3179.7546 3196.3713 3212.5854 3228.4973 3244.5098 3260.2202 3275.7292 3291.0369 3299.8992 -3278.3477 -3263.2415 -3248.3367 -3233.432 -3218.7285 -3204.126 -3189.624 -3175.2227 -3161.023 -3146.823 -3132.9253 3299.8992 3299.8992 3299.8992 3299.8992 3299.8992 3299.8992 3299.8992 3299.8992 3299.8992 3299.8992 3299.8992 3292.9504 3277.542 3262.3352 3247.4304 3232.5256 3218.0237 3203.5217 3189.4226 3175.3235 3178.0425 3194.5586 3210.8733 3226.9866 3242.7979 3258.5083 3274.118 3289.5264 3299.8992 -3279.959 -3264.8528 -3249.8474 -3235.0432 -3220.3398 -3205.7373 -3191.2354 -3176.834 -3162.5334 -3148.4343 -3134.5366 3299.8992 3299.8992 3299.8992 3299.8992 3299.8992 3299.8992 3299.8992 3299.8992 3299.8992 3299.8992 3299.8992 3294.058 3278.8513 3263.5437 3248.538 3233.8347 3219.2322 3204.7302 3190.5303 3176.532 3176.7334 3193.35 3209.5642 3225.5767 3241.69 3257.2998 3273.0103 3288.4185 3299.8992 -3280.966 -3265.9607 -3251.056 -3236.1511 -3221.347 -3206.7444 -3192.2424 -3177.841 -3163.5405 -3149.4414 -3135.443 3299.8992 3299.8992 3299.8992 3299.8992 3299.8992 3299.8992 3299.8992 3299.8992 3299.8992 3299.8992 3299.8992 3295.3674 3280.0598 3264.9536 3249.8474 3235.0432 3220.4407 3206.0393 3191.8396 3177.7405 3176.0283 3192.6453 3208.8591 3225.0732 3240.985 3256.6956 3272.3052 3287.8142 3299.8992 -3281.7717 -3266.565 -3251.6602 -3236.6545 -3222.052 -3207.4492 -3192.8467 -3178.3447 -3164.2456 -3150.0457 -3136.0474 3299.8992 3299.8992 3299.8992 3299.8992 3299.8992 3299.8992 3299.8992 3299.8992 3299.8992 3299.8992 3299.8992 3297.2808 3281.8726 3266.6655 3251.6602 3236.856 3222.1526 3207.6506 3193.5515 3179.3518 3175.2227 3191.8396 3208.0535 3224.2676 3240.28 3255.89 3271.4995 3287.1094 3299.8992 -3282.376 -3267.2698 -3252.2644 -3237.3596 -3222.7568 -3208.0535 -3193.451 -3179.1504 -3164.8499 -3150.7507 
-2130.3772 2704.7148 2728.9856 2750.4363 2770.9807 2790.7195 2809.6526 2827.9814 2845.807 2863.5315 2880.8533 3299.8992 -1542.4438 -1127.829 -1970.3522 -1423.7091 -182.98645 1551.1047 2912.0728 2899.2827 2885.9893 2872.3938 2855.9783 2839.563 2524.9512 1964.914 1959.8785 2797.467 2452.3406 1495.2118 2039.3372 2558.789 2659.5977 2736.9414 2726.1658 2714.8865 2703.003 2688.7024 2179.019 668.49976 -2291.3086 2700.586 2725.5615 2747.3145 2767.9595 2787.6982 2806.7322 2825.1616 2842.987 2860.7117 2878.0334 -2541.7693 -654.0985 -233.844 -1220.7825 -881.9 173.72131 1742.45 2888.91 2876.1199 2862.9272 2849.4324 2558.3862 2257.974 1207.3883 805.7648 942.62695 2142.2607 2058.4717 1067.7063 1677.4933 2286.978 2484.3657 2741.7754 2733.4167 2722.3389 2710.153 2698.068 2681.9548 1697.6349 -979.5868 2692.0256 2717.2026 2740.4663 2761.5142 2781.253 2800.2869 2818.7163 2836.9446 2854.6692 2872.0916 -3166.9646 -2130.5786 -1470.5383 -2185.968 -1899.6552 -654.80347 1225.5157 2848.4253 2902.1025 2888.91 2875.8179 2795.1506 2580.1392 2275.6987 1935.3058 2609.7473 2802.4016 2752.6519 1720.5963 2056.256 2630.6946 2679.2358 2733.8196 2725.2593 2713.98 2702.2979 2690.213 2656.1736 1357.7454 -1831.9794 2693.2341 2718.7134 2741.1711 2762.3198 2781.958 2800.9917 2819.3206 2837.2466 2855.072 2872.4944 3205.838 -1596.4233 -737.68616 -856.5216 -698.71216 299.4049 1900.6622 2889.6147 2876.9255 2863.8335 2850.9429 2832.614 2742.581 2261.1968 1734.7961 1527.8412 2402.5908 1812.3413 682.5989 1144.043 1862.0911 2060.9893 2498.2634 2728.482 2717.404 2705.722 2693.637 2665.4387 1431.9672 -1065.5914 2688.9038 2713.3757 2736.438 2757.5867 2777.8289 2797.0642 2815.796 2833.8225 2851.648 2869.1711 3161.2244 -1763.3972 -783.10547 -1682.428 -1551.6083 -1262.1735 512.50305 2092.813 2899.7864 2886.6943 2873.3 2694.4426 2468.8567 1999.6582 1592.5964 1396.518 2176.8035 2358.2793 1219.4733 2334.5122 2769.873 2757.3853 2748.0193 2737.1428 2725.662 2713.678 2701.4922 2685.077 1706.6986 
-2435.5225 -2813.379 -2808.444 -2796.46 -2784.5764 -2740.265 -2152.3315 -1412.9333 -562.65564 1633.5846 3299.8992 3299.8992 3299.8992 3299.8992 3299.8992 3299.8992 3299.8992 3299.8992 3299.8992 3299.8992 3299.8992 3244.3083 3299.8992 2399.6704 960.6537 -370.50476 -1374.8657 -2614.1785 -2954.8735 -2941.681 -2928.6895 -2915.7988 -2903.1096 -2890.4204 -2123.6296 -1527.7405 -1888.9801 -2245.6877 -2465.9363 -2522.5342 -2717.404 -2811.5662 -2799.7832 -2788.0005 -2776.016 -2762.5212 -2206.2102 -1473.2574 -305.4474 1868.4357 3299.8992 3299.8992 3299.8992 3299.8992 3299.8992 3299.8992 3299.8992 3299.8992 3299.8992 3299.8992 3299.8992 3299.8992 3299.8992 2323.7366 632.8491 -703.0426 -1795.6238 -2957.5928 -2944.098 -2931.1064 -2918.1152 -2905.2246 -2892.636 -2880.0476 -2155.252 -1405.5817 -1484.8389 -1840.2374 -1805.3925 -1979.8187 -2236.7249 -2704.2114 -2801.294 -2789.209 -2777.426 -2683.8684 -2177.2063 -1512.6343 -429.41895 1613.6444 3299.8992 3299.8992 3299.8992 3299.8992 3299.8992 3299.8992 3299.8992 3299.8992 3299.8992 3299.8992 3299.8992 3299.8992 3299.8992 2544.1863 1046.1548 -336.969 -1230.4504 -2508.3342 -2951.651 -2938.4583 -2925.3662 -2912.5762 -2899.7864 -2887.1978 -2322.7295 -1667.1204 -1704.1809 -1984.552 -2092.511 -2249.5146 -2822.7446 -2810.962 -2799.0784 -2787.094 -2775.2104 -2761.7156 -2249.1118 -1585.144 -478.26233 1538.9191 3299.8992 3299.8992 3299.8992 3299.8992 3299.8992 3299.8992 3299.8992 3299.8992 3299.8992 3299.8992 3299.8992 3299.8992 3299.8992 2586.2822 1123.1964 -346.53625 -1539.3219 -2865.1428 -2946.2126 -2933.02 -2920.0286 -2907.2388 -2894.5496 -2881.961 -2552.0415 -1839.9353 -1767.7277 -2010.2325 -2296.1426 -2424.3438 -2486.7827 -2798.9775 -2791.8274 -2779.9438 -2768.0603 -2477.3162 -1887.4695 -1174.9603 -159.52148 1650.6042 3299.8992 3299.8992 3299.8992 3299.8992 3299.8992 3299.8992 3299.8992 3299.8992 3299.8992 3299.8992 3299.8992 3299.8992 3299.8992 2703.7078 1256.8359 -103.829956 -1176.9745 -2495.8464 -2951.0466 -2937.854 -2924.6611 -2911.972 -2899.1821 -2886.2915 -2310.3423 -1498.5352 -1604.0771 -1803.1769 -2006.9092 -2182.3425 
2590.512 3153.6711 3169.7844 3185.5957 3200.601 3215.808 3231.4177 3246.4233 3261.2273 3276.233 3290.8354 3299.8992 -3279.8584 -3265.2556 -3250.653 -3236.4531 -3222.2534 -3208.1543 -3194.1558 -3180.359 -3080.96 3299.8992 3299.8992 3299.8992 3299.8992 3299.8992 3299.8992 3299.8992 3299.8992 3299.8992 3292.3462 3277.7434 3263.1409 3248.7395 3234.137 3219.8364 3205.9387 3191.7388 3177.841 3163.339 2961.4197 3153.5706 3169.3816 3184.79 3200.601 3215.808 3230.8135 3246.0205 3261.1267 3276.233 3290.9363 3299.8992 -3279.7576 -3265.2556 -3250.7537 -3236.554 -3222.1526 -3208.0535 -3194.1558 -3180.258 -3166.4612 3299.8992 3299.8992 3299.8992 3299.8992 3299.8992 3299.8992 3299.8992 3299.8992 3299.8992 3294.058 3279.3547 3264.5508 3249.948 3235.7483 3221.5483 3207.2478 3193.1487 3179.251 3165.1519 3145.514 3151.1536 3167.4683 3182.9773 3198.7883 3214.096 3228.9001 3244.2078 3259.4146 3274.118 3289.1235 3299.8992 -3281.4697 -3266.867 -3252.5664 -3238.1653 -3223.9653 -3209.7656 -3195.767 -3181.8694 -3168.0725 3299.8992 3299.8992 3299.8992 3299.8992 3299.8992 3299.8992 3299.8992 3299.8992 3299.8992 3294.6624 3280.0598 3265.3564 3250.7537 3236.3525 3222.1526 3208.0535 3194.0552 3179.956 3165.857 3150.7507 3150.9521 3166.2598 3182.0708 3197.177 3212.5854 3228.0945 3243.2007 3257.904 3272.9094 3287.7136 3299.8992 -3282.7788 -3268.3777 -3253.8757 -3239.4744 -3225.1738 -3211.1755 -3197.177 -3183.2793 -3169.4824 3299.8992 3299.8992 3299.8992 3299.8992 3299.8992 3299.8992 3299.8992 3299.8992 3299.8992 3294.9646 3280.2612 3265.6584 3251.1565 3236.856 3222.354 3208.255 3194.1558 3180.258 3165.9575 3151.2542 -2593.0298 3164.1448 3179.956 3195.0623 3210.3699 3225.9795 3241.0857 3255.789 3270.7947 3285.498 3299.8992 -3285.0952 -3270.5933 -3255.9905 -3241.69 -3227.3894 -3213.1897 -3199.1912 -3185.2935 -3171.3958 3299.8992 3299.8992 3299.8992 3299.8992 3299.8992 3299.8992 3299.8992 3299.8992 3299.8992 3296.3745 3281.5703 3267.0684 3252.6672 3238.0645 3223.6633 3209.5642 3195.465 3181.5674 3167.5688 
2708.7432 -2612.3657 3145.111 3161.8286 3178.3447 3194.76 3211.0747 3227.3894 3243.6035 3259.8174 3275.6287 3291.5405 -3292.749 -3277.0386 -3261.6301 -3246.222 -3231.015 -3216.0095 -3201.004 -3186.3005 -2558.789 3299.8992 3299.8992 3299.8992 3299.8992 3299.8992 3299.8992 3299.8992 3299.8992 3295.7703 3280.2612 3264.5508 3248.941 3233.432 3218.225 3202.9175 3187.8113 3172.705 3157.3975 3142.1904 2772.29 -2473.6907 3144.3054 3161.5264 3178.1433 3194.5586 3211.0747 3227.2888 3243.402 3259.5154 3275.4272 3291.339 -3292.9504 -3277.24 -3261.8315 -3246.524 -3231.3171 -3216.3115 -3201.2053 -3186.502 -2924.9634 3248.0347 3299.8992 3299.8992 3299.8992 3299.8992 3299.8992 3299.8992 3299.8992 3298.7915 3283.1816 3267.4712 3251.8616 3236.3525 3221.045 3205.838 3190.631 3175.424 3160.2173 3145.0103 3011.975 -1981.2286 3144.104 3161.325 3178.0425 3194.458 3210.8733 3227.188 3243.2007 3259.314 3275.4272 3291.2383 -3292.9504 -3277.4414 -3261.9324 -3246.524 -3231.2163 -3216.211 -3201.3062 -3186.502 -3056.79 2938.5588 3299.8992 3299.8992 3299.8992 3299.8992 3299.8992 3299.8992 3299.8992 3299.8992 3284.491 3268.881 3253.2715 3237.6616 3222.4548 3207.1472 3192.041 3176.834 3161.7278 3146.2188 3124.768 -1139.209 3141.2842 3158.606 3175.2227 3191.7388 3208.1543 3224.3682 3240.6829 3256.6956 3272.6074 3288.7207 3299.8992 -3280.0598 -3264.5508 -3249.1423 -3233.8347 -3218.7285 -3203.8237 -3189.0198 -3174.2156 2382.4492 3299.8992 3299.8992 3299.8992 3299.8992 3299.8992 3299.8992 3299.8992 3299.8992 3284.5916 3268.982 3253.2715 3237.6616 3222.4548 3207.1472 3192.1416 3176.834 3161.6272 3146.3196 3127.2856 -860.75134 3139.6729 3156.9946 3173.5107 3190.0269 3206.543 3222.7568 3238.87 3255.2856 3271.0967 3287.0085 3299.8992 -3281.4697 -3266.0613 -3250.653 -3235.446 -3220.2393 -3205.2336 -3190.5303 -3175.827 2033.8989 3299.8992 3299.8992 3299.8992 3299.8992 3299.8992 3299.8992 3299.8992 3299.8992 3284.6924 3269.0825 3253.372 3237.863 3222.4548 3207.2478 3192.1416 3176.9348 3161.7278 3146.4202 
2268.2463 3139.8743 3156.3904 3173.41 3189.8254 3206.3416 3222.6562 3238.87 3255.0842 3270.996 3286.908 3299.8992 -3281.5703 -3265.9607 -3250.4517 -3235.0432 -3219.937 -3205.133 -3190.2283 -3175.424 -2676.8188 3299.8992 3299.8992 3299.8992 3299.8992 3299.8992 3299.8992 3299.8992 3299.8992 3299.8992 3287.915 3272.2046 3256.4941 3240.985 3225.5767 3210.3699 3195.0623 3179.8552 3164.6484 3149.4414 2611.6606 3139.4714 3156.7932 3173.41 3189.7246 3206.1401 3222.354 3238.6687 3254.6814 3270.8953 3286.8071 3299.8992 -3281.6711 -3266.0613 -3250.653 -3235.3455 -3220.1384 -3205.133 -3190.2283 -3175.525 -2940.8752 3299.8992 3299.8992 3299.8992 3299.8992 3299.8992 3299.8992 3299.8992 3299.8992 3299.8992 3289.4255 3273.715 3258.206 3242.4956 3227.188 3211.8804 3196.6736 3181.366 3166.2598 3150.9521 2959.204 3264.6514 3154.8796 3171.4966 3188.0127 3204.3274 3220.642 3236.9568 3252.9692 3269.1833 3285.0952 3299.8992 -3283.2825 -3267.7734 -3252.365 -3237.0574 -3221.7498 -3206.7444 -3191.8396 -3177.1362 -3119.3298 3299.8992 3299.8992 3299.8992 3299.8992 3299.8992 3299.8992 3299.8992 3299.8992 3299.8992 3290.0298 3274.3193 3258.609 3242.9993 3227.5908 3212.2832 3197.0764 3181.9702 3166.6626 3151.355 3053.064 -3032.4187 3153.8726 3170.3887 3186.9048 3203.3203 3219.635 3235.8489 3252.063 3268.1763 3284.0881 3299.8992 -3284.2896 -3268.6797 -3253.2715 -3237.9639 -3222.6562 -3207.6506 -3192.7458 -3178.0425 -3163.44 3299.8992 3299.8992 3299.8992 3299.8992 3299.8992 3299.8992 3299.8992 3299.8992 3299.8992 3291.641 3275.9307 3260.321 3244.6106 3229.1016 3213.9954 3198.6877 3183.4807 3168.274 3152.8655 3133.5295 -2159.381 3151.7578 3168.576 3184.9915 3201.4067 3217.7214 3233.9355 3250.0488 3266.2627 3282.2754 3298.0864 -3286.203 -3270.4924 -3255.0842 -3239.7766 -3224.469 -3209.4634 -3194.5586 -3179.6538 -3165.1519 3299.8992 3299.8992 3299.8992 3299.8992 3299.8992 3299.8992 3299.8992 3299.8992 3299.8992 3292.8496 3277.1392 3261.5295 3245.9197 3230.4106 3215.103 3199.8962 3184.6892 3169.4824 3154.074 
3124.5667 3131.4148 3148.233 3164.749 3181.0637 3197.0764 3212.9883 3229.0007 3244.812 3260.7239 3276.3335 3291.9434 -3292.5476 -3277.24 -3261.9324 -3246.6248 -3231.5186 -3216.513 -3201.6082 -3186.9048 -3172.4028 3299.8992 3299.8992 3299.8992 3299.8992 3299.8992 3299.8992 3299.8992 3299.8992 3296.2737 3280.0598 3264.7522 3249.4446 3234.3384 3219.3328 3204.428 3189.7246 3175.2227 3160.62 3146.1182 3130.6091 3131.5154 3148.3337 3164.8499 3181.0637 3197.2778 3213.2903 3229.303 3245.114 3260.9253 3276.6357 3292.1448 -3292.4468 -3276.9377 -3261.6301 -3246.524 -3231.4177 -3216.4124 -3201.4067 -3186.6028 -3172 3299.8992 3299.8992 3299.8992 3299.8992 3299.8992 3299.8992 3299.8992 3299.8992 3298.59 3282.2754 3266.9678 3251.8616 3236.7554 3221.6492 3206.845 3192.041 3177.4382 3162.8357 3148.3337 3133.1267 3130.9111 3147.6287 3164.1448 3180.4595 3196.5728 3212.5854 3228.598 3244.4092 3260.321 3276.0315 3291.4397 -3293.1519 -3277.7434 -3262.3352 -3247.1282 -3232.022 -3216.9158 -3202.011 -3187.3076 -3172.705 3299.8992 3299.8992 3299.8992 3299.8992 3299.8992 3299.8992 3299.8992 3299.8992 3299.6978 3283.5845 3268.4783 3253.2715 3237.9639 3222.9583 3207.953 3193.2495 3178.5461 3164.0442 3149.6428 3134.5366 -2467.1448 3145.7153 3162.2314 3178.6467 3194.8608 3210.974 3226.7852 3242.697 3258.307 3274.118 3289.8284 -3294.7632 -3279.4556 -3264.148 -3248.8403 -3233.7341 -3218.527 -3203.7231 -3189.0198 -3174.417 3299.8992 3299.8992 3299.8992 3299.8992 3299.8992 3299.8992 3299.8992 3299.8992 3299.6978 3283.5845 3268.4783 3253.1707 3238.0645 3223.059 3208.0535 3193.35 3178.6467 3164.1448 3149.5422 3134.6375 -1652.2156 3143.6003 3160.1165 3176.4312 3192.5444 3208.7585 3224.5696 3240.4814 3256.192 3271.9023 3287.6128 3299.8992 -3281.4697 -3265.9607 -3250.955 -3235.7483 -3220.642 -3205.6365 -3190.8325 -3176.1292 3299.8992 3299.8992 3299.8992 3299.8992 3299.8992 3299.8992 3299.8992 3299.8992 3299.8992 3284.793 3269.5862 3254.48 3239.273 3224.2676 3209.262 3194.5586 3179.956 3165.2527 3150.7507 

3132.7239 691.6626 -2138.1316 3150.5493 3165.756 3181.2651 3196.7742 3212.0818 3227.5908 3242.697 3257.7026 3272.6074 3287.5122 3299.8992 -3283.2825 -3269.0825 -3254.8828 -3240.3809 -3226.181 -3211.8804 -3197.7812 -420.35522 3299.8992 3299.8992 3299.8992 3299.8992 3299.8992 3299.8992 3299.8992 3297.2808 3282.1746 3267.4712 3252.9692 3238.3667 3223.9653 3209.6648 3195.1628 3180.7617 3166.4612 3152.1606 3132.8247 841.81824 -2106.7107 3148.6357 3164.9504 3180.359 3195.9685 3211.377 3226.4832 3241.5894 3256.3933 3271.298 3286.0015 3299.8992 -3284.3901 -3269.989 -3255.789 -3241.287 -3226.9866 -3212.9883 -3198.8892 -865.0818 3299.8992 3299.8992 3299.8992 3299.8992 3299.8992 3299.8992 3299.8992 3298.892 3284.0881 3269.3848 3254.5806 3239.978 3225.476 3211.2761 3197.0764 3182.5745 3168.4753 3154.1748 3136.148 1024.704 -1835.7056 3147.528 3163.8428 3179.4524 3195.0623 3210.3699 3225.476 3240.5823 3255.487 3270.291 3285.498 3299.8992 -3285.2966 -3270.7947 -3256.3933 -3242.1936 -3228.0945 -3213.693 -3199.6948 -1163.9832 3159.0088 3299.8992 3299.8992 3299.8992 3299.8992 3299.8992 3299.8992 3299.7986 3285.1958 3270.3918 3255.5876 3240.985 3226.3823 3212.1826 3197.882 3183.6821 3169.0796 3154.779 3138.3635 1343.3441 -1693.6066 3145.816 3162.1306 3177.942 3193.35 3208.4563 3223.9653 3239.0715 3254.0771 3268.7805 3283.786 3298.4893 -3287.1094 -3272.3052 -3258.0046 -3243.6035 -3229.4036 -3215.5059 -3201.2053 -1442.7429 2958.197 3299.8992 3299.8992 3299.8992 3299.8992 3299.8992 3299.8992 3299.4963 3284.793 3270.4924 3255.6885 3240.6829 3226.181 3211.8804 3197.9827 3183.783 3169.3816 3155.081 3140.68 1735.6018 -1423.1049 3142.8955 3159.3108 3174.7192 3190.2283 3205.6365 3221.2463 3236.2517 3251.1565 3265.8599 3280.8655 3295.7703 -3289.7278 -3275.125 -3260.9253 -3246.3225 -3232.1228 -3217.9229 -3203.9246 -2008.6212 2498.6663 3299.8992 3299.8992 3299.8992 3299.8992 3299.8992 3299.8992 3299.8992 3286.3037 3271.701 3256.897 3242.0928 3227.6917 3213.391 3199.0906 3184.8906 3170.4895 3156.2896 3141.7876 2062.1978 -926.7151 3251.8616 3155.2825 3170.993 3186.8042 3202.1118 3217.4194 3232.6262 3247.3296 3262.3352 3277.3406 3292.1448 3299.8992 -3278.952 -3264.5508 -3249.948 -3235.5469 -3221.4478 
-3136.7522 3299.8992 3299.8992 3299.8992 3299.8992 3299.8992 3299.8992 3299.8992 3299.8992 3299.8992 3299.8992 3299.8992 3298.993 3283.786 3268.3777 3253.2715 3238.4673 3223.9653 3209.3628 3195.2637 3181.0637 3174.3164 3191.1345 3207.3486 3223.5625 3239.4744 3255.2856 3270.7947 3286.4043 3299.8992 -3283.081 -3267.9749 -3252.9692 -3238.0645 -3223.361 -3208.6577 -3194.1558 -3179.8552 -3165.3533 -3151.355 -3137.5579 1487.9608 3299.8992 3299.8992 3299.8992 3299.8992 3299.8992 3299.8992 3299.8992 3299.8992 3299.8992 3299.8992 3299.8992 3285.3972 3270.0896 3254.9834 3240.1794 3225.476 3210.974 3196.6736 3182.675 3173.7122 3190.2283 3206.9458 3222.9583 3238.971 3254.6814 3270.291 3285.8 3299.8992 -3283.5845 -3268.3777 -3253.473 -3238.6687 -3223.764 -3209.262 -3194.5586 -3180.258 -3165.9575 -3151.7578 -3137.7593 -245.62683 3299.8992 3299.8992 3299.8992 3299.8992 3299.8992 3299.8992 3299.8992 3299.8992 3299.8992 3299.8992 3299.8992 3287.0085 3271.701 3256.4941 3241.69 3226.9866 3212.4846 3198.184 3184.085 3174.0142 3190.0269 3206.543 3222.6562 3238.4673 3254.1777 3269.6868 3285.2966 3299.8992 -3284.1887 -3268.982 -3253.9763 -3239.0715 -3224.2676 -3209.6648 -3195.0623 -3180.661 -3166.3604 -3152.2612 -3138.263 -1110.0037 3299.8992 3299.8992 3299.8992 3299.8992 3299.8992 3299.8992 3299.8992 3299.8992 3299.8992 3299.8992 3299.8992 3288.3179 3273.0103 3257.7026 3242.9993 3228.195 3213.693 3199.4934 3185.2935 -865.88745 3189.1204 3205.133 3221.6492 3237.561 3253.1707 3268.881 3284.2896 3299.6978 -3285.0952 -3269.8882 -3254.8828 -3239.978 -3225.2747 -3210.5713 -3195.9685 -3181.668 -3167.2668 -3153.1677 -3139.0686 -2815.5945 3299.8992 3299.8992 3299.8992 3299.8992 3299.8992 3299.8992 3299.8992 3299.8992 3299.8992 3299.8992 3299.8992 3290.9363 3275.7292 3260.623 3245.7183 3230.9143 3216.4124 3202.011 3187.8113 1585.5469 3188.617 3205.133 3221.1455 3237.0574 3252.9692 3268.579 3284.0881 3299.4963 -3285.2966 -3270.0896 -3255.1848 -3240.28 -3225.476 -3210.6719 -3196.17 -3181.7688 -3167.4683 -3153.3691 -3139.3706 -3125.5737 3299.8992 3299.8992 3299.8992 3299.8992 3299.8992 3299.8992 3299.8992 3299.8992 3299.8992 3299.8992 3299.8992 3292.2454 3276.9377 3261.8315 3246.8262 3232.022 3217.6208 3203.2195 
-583.8043 2690.4143 2716.2964 2739.7612 2760.8093 2780.6487 2799.5818 2818.213 2836.441 2854.1655 2871.5881 3070.4863 -1939.1327 -773.3368 -1666.4154 -1694.3115 -472.8241 1301.4496 2905.9294 2893.0388 2879.7454 2866.6533 2848.7273 2832.7148 2466.0369 1827.4475 867.7002 917.55066 1191.3757 549.4629 1994.22 2775.4119 2285.7695 2499.472 2745.1995 2734.1216 2722.4395 2710.254 2693.5364 1639.1235 -506.8634 2698.471 2723.1445 2746.106 2766.9524 2786.3892 2805.4229 2823.7517 2841.8792 2859.8052 2877.127 3147.6287 -1666.1133 -422.97363 -1344.5526 -1525.4242 -598.3063 1124.0021 2561.7095 2896.2615 2882.8674 2869.9768 2384.1614 2183.853 1873.6725 1510.8215 1242.7368 1913.855 2388.1897 1372.1466 1337.8052 2013.4552 2319.3054 2525.2532 2749.0264 2737.6465 2725.9644 2713.98 2698.8738 2007.312 -79.96216 3002.005 2717.807 2740.4663 2761.615 2781.8572 2801.193 2819.7234 2837.8508 2855.7769 2873.1995 2890.7227 -2351.2297 -874.3469 -1638.0157 -1797.1344 -930.4413 936.08093 2378.6223 2904.419 2891.226 2877.832 2863.2292 2847.7202 2826.471 2366.4368 1628.8513 1875.2838 2311.853 1166.7023 1712.7411 2469.9646 2732.5103 2744.998 2736.74 2725.5615 2713.678 2701.593 2676.2146 1427.6367 -544.2261 2812.6738 2713.7786 2737.5457 2758.7952 2778.7354 2797.769 2816.4001 2834.6282 2852.4536 2869.9768 3274.9236 -1581.5186 -177.95105 -1066.4978 -1521.3959 -792.87415 992.5781 2321.1182 2887.9028 2875.0122 2862.1216 2844.4976 2743.3867 1602.768 1144.4458 451.5747 758.83484 1614.148 898.114 1744.9677 2724.8564 2767.5566 2756.6802 2747.113 2735.431 2723.648 2711.4624 2699.2766 2598.3672 966.29333 -2463.6199 2720.4253 2723.1445 2745.5017 2766.449 2786.3892 2805.4229 2823.8525 2841.8792 2859.6038 2877.2278 -3060.7178 -1419.5801 -1914.2578 -2249.5146 -1469.632 399.50867 1966.5253 2907.138 2893.9453 2880.551 2862.1216 2818.112 2484.2651 1996.8384 2204.3975 2604.9133 2791.928 2149.5117 1920.7031 2488.092 2748.12 2737.2437 2729.3884 2718.1091 2706.5276 2694.5435 2680.243 2048.9043 -479.97437 2972.1953 2703.2043 2726.9714 2748.9258 2769.5708 2789.3096 2808.0413 2826.37 2844.2961 2861.9202 2879.3425 -2508.6365 -756.21643 -503.64075 -1067.0013 -608.3771 1158.5449 2609.2437 2880.9539 
-2390.808 -2785.382 -2802.9053 -2790.921 -2778.9368 -2766.751 -2416.1865 -1942.456 -933.76465 1147.3663 3299.8992 3299.8992 3299.8992 3299.8992 3299.8992 3299.8992 3299.8992 3299.8992 3299.8992 3299.8992 3299.8992 3299.8992 3299.8992 2890.924 1390.5762 -93.759155 -1556.8451 -2960.2112 -2946.7163 -2933.6243 -2920.6328 -2907.6416 -2895.053 -2882.4646 -2619.5159 -1866.3208 -1695.4193 -1954.6417 -2155.5542 -2357.0708 -2591.7205 -2804.9194 -2792.633 -2780.7495 -2768.9666 -2712.973 -1842.0502 -1339.7186 -299.3042 1302.8595 3299.8992 3299.8992 3299.8992 3299.8992 3299.8992 3299.8992 3299.8992 3299.8992 3299.8992 3299.8992 3299.8992 3299.8992 3299.8992 2861.316 1475.5737 4.0283203 -1123.0957 -2506.8237 -2949.8381 -2936.5447 -2923.5535 -2910.7634 -2897.9736 -2885.2844 -2463.217 -1573.9655 -1335.3882 -1587.561 -1812.3413 -2049.6094 -2262.909 -2672.1863 -2805.3223 -2793.338 -2781.3538 -2725.1587 -2260.8948 -1705.188 -925.10376 667.19055 2973.8066 3299.8992 3299.8992 3299.8992 3299.8992 3299.8992 3299.8992 3299.8992 3299.8992 3299.8992 3299.8992 3299.8992 3299.8992 3196.7742 1691.9952 151.76697 -1226.9257 -2652.951 -2953.363 -2939.9688 -2926.9775 -2914.087 -2901.2969 -2888.7085 -2740.3655 -1843.158 -1736.206 -1990.1917 -2148.3032 -2246.997 -2299.3652 -2539.5537 -2800.5889 -2788.8062 -2776.8218 -2722.5403 -2180.127 -1644.8639 -715.4297 891.26587 3299.8992 3299.8992 3299.8992 3299.8992 3299.8992 3299.8992 3299.8992 3299.8992 3299.8992 3299.8992 3299.8992 3299.8992 3299.8992 2724.2522 958.84094 -512.30164 -1825.0305 -2954.5715 -2941.1772 -2928.0852 -2914.9932 -2902.304 -2889.6147 -2877.127 -2736.5386 -1806.9031 -1500.9521 -1757.6569 -1660.4736 -1811.8378 -1929.1626 -2350.424 -2797.6685 -2785.684 -2773.599 -2761.4136 -2375.299 -1982.5378 -1125.5127 249.45374 2538.2446 3299.8992 3299.8992 3299.8992 3299.8992 3299.8992 3299.8992 3299.8992 3299.8992 3299.8992 3299.8992 3299.8992 3299.8992 3115.9058 1724.9268 280.77393 -701.6327 -1922.818 -2946.817 -2933.6243 -2920.4314 -2907.5408 -2894.751 -2882.1624 -2767.9595 -1849.4019 -1408.3008 -1576.181 -1770.8496 -2003.3844 -2483.8623 -2810.6597 -2798.3733 -2786.3892 -2774.4048 -2762.3198 -2529.2815 -2044.1711 -1100.5371 338.78174 2621.1272 3299.8992 3299.8992 3299.8992 3299.8992 3299.8992 3299.8992 3299.8992 3299.8992 3299.8992 
3152.5635 -1618.4784 3162.332 3178.3447 3193.35 3208.7585 3224.3682 3239.4744 3254.1777 3269.3848 3284.2896 3298.6907 -3286.6057 -3272.0032 -3257.5012 -3242.8984 -3228.9001 -3214.7002 -3200.702 -3186.7034 -3172.9065 3299.8992 3299.8992 3299.8992 3299.8992 3299.8992 3299.8992 3299.8992 3299.8992 3299.8992 3296.6765 3281.6711 3266.9678 3252.4658 3238.0645 3223.764 3209.7656 3195.465 3181.4666 3167.3674 3152.9663 -957.431 3160.4187 3176.0283 3191.8396 3207.2478 3222.1526 3237.4602 3252.6672 3267.572 3282.376 3297.0793 -3288.3179 -3273.5137 -3259.0117 -3244.7112 -3230.31 -3216.11 -3202.3132 -3188.214 -3174.2156 2142.2607 3299.8992 3299.8992 3299.8992 3299.8992 3299.8992 3299.8992 3299.8992 3299.8992 3297.1802 3282.6782 3268.0754 3253.5735 3238.971 3224.6704 3210.5713 3196.5728 3182.5745 3168.3745 3153.8726 -269.99817 3158.908 3174.8198 3190.0269 3205.3345 3221.045 3236.1511 3250.8545 3265.7593 3280.8655 3295.3674 -3289.8284 -3275.3264 -3260.623 -3246.4233 -3232.1228 -3217.8223 -3203.8237 -3189.8254 -3176.0283 1058.2397 3299.8992 3299.8992 3299.8992 3299.8992 3299.8992 3299.8992 3299.8992 3299.8992 3297.9858 3283.383 3268.6797 3253.9763 3239.7766 3225.3752 3211.0747 3196.9756 3183.1787 3168.9788 3154.4768 502.9358 3157.2966 3173.007 3188.8184 3204.0251 3219.0308 3234.5398 3249.5452 3264.6514 3279.3547 3294.3604 -3291.0369 -3276.3335 -3261.9324 -3247.531 -3233.13 -3219.0308 -3204.8308 -3191.034 -3177.0354 182.58362 3299.8992 3299.8992 3299.8992 3299.8992 3299.8992 3299.8992 3299.8992 3299.8992 3298.4893 3283.786 3269.284 3254.5806 3240.1794 3225.879 3211.8804 3197.5798 3183.5815 3169.583 3155.182 1246.0602 3155.2825 3171.2952 3186.502 3201.8096 3217.52 3232.6262 3247.3296 3262.3352 3277.24 3292.2454 3299.8992 -3278.7505 -3264.148 -3249.8474 -3235.446 -3221.1455 -3207.2478 -3193.1487 -3179.3518 -599.11194 3299.8992 3299.8992 3299.8992 3299.8992 3299.8992 3299.8992 3299.8992 3299.8992 3298.993 3284.1887 3269.6868 3254.8828 3240.5823 3226.2817 3212.1826 3197.882 3183.9844 3169.8853 3155.5847 1483.1268 3154.3762 3169.9858 3185.8977 3201.3062 3216.211 3231.72 3246.8262 3262.033 3276.8372 3291.4397 3299.8992 -3279.1533 -3264.5508 -3250.1494 -3235.9497 -3221.7498 -3207.6506 -3193.5515 
3130.9111 -381.98547 3137.86 3154.4768 3171.2952 3187.7104 3204.126 3220.4407 3236.6545 3252.8687 3268.881 3284.793 3299.8992 -3283.8867 -3268.1763 -3252.8687 -3237.6616 -3222.4548 -3207.4492 -3192.5444 -3177.942 1451.3031 3299.8992 3299.8992 3299.8992 3299.8992 3299.8992 3299.8992 3299.8992 3299.8992 3284.793 3269.284 3253.473 3237.9639 3222.6562 3207.3486 3192.2424 3177.1362 3162.03 3146.7224 3131.4148 262.7472 3134.8389 3151.5564 3168.274 3184.79 3201.1047 3217.52 3233.6333 3249.8474 3265.8599 3281.7717 3297.6836 -3286.7065 -3271.0967 -3255.6885 -3240.3809 -3225.2747 -3210.269 -3195.3643 -3180.661 703.54614 3299.8992 3299.8992 3299.8992 3299.8992 3299.8992 3299.8992 3299.8992 3299.8992 3285.2966 3269.6868 3253.9763 3238.4673 3223.059 3207.953 3192.7458 3177.539 3162.4329 3147.2258 3131.9182 702.9419 3132.4219 3149.5422 3166.3604 3182.9773 3199.3926 3215.7073 3231.9214 3248.0347 3264.047 3280.0598 3295.7703 -3288.4185 -3272.708 -3257.4004 -3242.0928 -3226.886 -3211.8804 -3197.0764 -3182.2722 331.22864 3299.8992 3299.8992 3299.8992 3299.8992 3299.8992 3299.8992 3299.8992 3299.8992 3285.1958 3269.4854 3253.775 3238.2659 3222.9583 3207.7515 3192.6453 3177.4382 3162.332 3147.1252 3131.8176 1091.6748 3130.2063 3147.4272 3164.3462 3180.8623 3197.2778 3213.5925 3229.7058 3245.9197 3262.033 3277.9448 3293.9575 -3290.4326 -3274.823 -3259.4146 -3244.107 -3228.9001 -3213.794 -3198.9897 -3184.1858 -448.8556 3299.8992 3299.8992 3299.8992 3299.8992 3299.8992 3299.8992 3299.8992 3299.8992 3286.6057 3270.996 3255.1848 3239.7766 3224.3682 3209.1614 3194.1558 3178.8481 3163.6414 3148.5352 3133.2275 1551.1047 3128.595 3146.0173 3162.7349 3179.4524 3195.868 3212.0818 3228.296 3244.4092 3260.5225 3276.6357 3292.4468 -3291.8425 -3276.3335 -3260.8245 -3245.4163 -3230.2092 -3215.2039 -3200.1982 -3185.4949 -518.84766 3299.8992 3299.8992 3299.8992 3299.8992 3299.8992 3299.8992 3299.8992 3299.8992 3285.3972 3269.7876 3254.0771 3238.4673 3223.1597 3208.0535 3192.8467 3177.7405 3162.6343 3147.4272 3132.1196 1825.1312 3126.5808 3143.7012 3160.2173 3176.834 3193.2495 3209.6648 3225.879 3241.9922 3258.1055 3274.0173 3289.9292 3299.8992 -3278.65 -3263.2415 -3247.9338 -3232.6262 -3217.52 -3202.6152 
3138.263 -1475.7751 3149.6428 3166.6626 3183.2793 3199.6948 3216.0095 3232.3242 3248.538 3264.5508 3280.5632 3296.3745 -3287.915 -3272.3052 -3256.6956 -3241.287 -3225.9795 -3211.0747 -3195.9685 -3181.2651 -3166.7632 2992.4377 3299.8992 3299.8992 3299.8992 3299.8992 3299.8992 3299.8992 3299.8992 3299.8992 3292.8496 3277.3406 3261.6301 3245.9197 3230.4106 3215.103 3199.8962 3184.79 3169.583 3154.2754 3138.565 -849.47205 3147.1252 3164.3462 3180.9631 3197.3784 3213.4917 3229.8064 3246.121 3262.2344 3278.1462 3293.9575 -3290.1306 -3274.5208 -3259.1125 -3243.5027 -3228.296 -3213.2903 -3198.3855 -3183.4807 -3168.7773 2117.0837 3299.8992 3299.8992 3299.8992 3299.8992 3299.8992 3299.8992 3299.8992 3299.8992 3293.3533 3277.542 3261.8315 3246.222 3230.713 3215.5059 3200.1982 3184.9915 3169.9858 3154.5776 3138.9678 -559.7351 3146.3196 3163.339 3179.956 3196.2708 3212.686 3228.9001 3245.2148 3261.1267 3277.24 3293.1519 -3291.1377 -3275.4272 -3259.9182 -3244.6106 -3229.303 -3214.096 -3199.1912 -3184.3872 -3169.7844 1585.5469 3299.8992 3299.8992 3299.8992 3299.8992 3299.8992 3299.8992 3299.8992 3299.8992 3293.8567 3278.247 3262.5366 3246.9268 3231.4177 3216.211 3200.8025 3185.797 3170.4895 3155.182 3139.7734 0.50354004 3144.7083 3161.7278 3178.3447 3194.76 3211.2761 3227.5908 3243.6035 3259.616 3275.7292 3291.742 3299.8992 -3276.7363 -3261.4287 -3246.0205 -3230.713 -3215.6067 -3200.3997 -3185.797 -3171.0938 642.7185 3299.8992 3299.8992 3299.8992 3299.8992 3299.8992 3299.8992 3299.8992 3299.8992 3295.0652 3279.4556 3263.8457 3248.236 3232.6262 3217.3186 3202.1118 3187.0056 3171.8994 3156.491 3141.0828 892.37366 3142.4927 3159.2102 3175.6255 3192.2424 3208.5571 3224.771 3240.985 3257.0984 3273.1108 3289.0227 3299.8992 -3279.4556 -3263.9465 -3248.538 -3233.2305 -3218.0237 -3203.018 -3188.1133 -3173.5107 -82.177734 3299.8992 3299.8992 3299.8992 3299.8992 3299.8992 3299.8992 3299.8992 3299.8992 3295.166 3279.5562 3263.8457 3248.236 3232.6262 3217.218 3202.011 3186.8042 3171.698 3156.491 3140.982 1213.6322 3140.982 3157.6995 3174.2156 3190.631 3207.0464 3223.2605 3239.4744 3255.6885 3271.701 3287.7136 3299.8992 -3280.7646 -3265.3564 -3249.8474 -3234.5398 -3219.4336 -3204.3274 -3189.5232 
3135.9465 -703.54614 3141.989 3158.606 3174.9207 3191.1345 3207.2478 3223.1597 3239.0715 3254.8828 3270.5933 3286.3037 3299.8992 -3282.6782 -3267.3706 -3252.1636 -3236.9568 -3221.9512 -3207.0464 -3192.2424 -3177.6396 2497.3572 3299.8992 3299.8992 3299.8992 3299.8992 3299.8992 3299.8992 3299.8992 3299.8992 3286.1023 3270.7947 3255.3862 3240.3809 3225.3752 3210.3699 3195.465 3180.9631 3166.3604 3151.8584 3137.155 267.7826 3140.4785 3157.196 3173.41 3189.624 3205.838 3221.7498 3237.561 3253.372 3269.0825 3284.793 3299.8992 -3284.2896 -3268.982 -3253.5735 -3238.3667 -3223.361 -3208.3557 -3193.5515 -3178.8481 1948.3978 3299.8992 3299.8992 3299.8992 3299.8992 3299.8992 3299.8992 3299.8992 3299.8992 3286.0015 3270.4924 3255.3862 3240.1794 3225.0732 3210.1685 3195.3643 3180.661 3166.159 3151.7578 3136.9536 1084.5245 3137.7593 3154.3762 3170.7915 3187.0056 3203.018 3219.1313 3235.0432 3250.8545 3266.565 3282.1746 3297.6836 -3286.8071 -3271.4995 -3256.192 -3241.0857 -3225.9795 -3211.0747 -3196.17 -3181.4666 846.2494 3299.8992 3299.8992 3299.8992 3299.8992 3299.8992 3299.8992 3299.8992 3299.8992 3285.8 3270.4924 3255.0842 3240.0786 3224.9724 3209.967 3195.2637 3180.661 3166.0583 3151.4556 3136.9536 1558.255 3136.148 3152.8655 3169.0796 3185.3943 3201.5076 3217.3186 3233.432 3249.2432 3264.8528 3280.5632 3296.0723 -3288.4185 -3273.1108 -3257.904 -3242.697 -3227.5908 -3212.4846 -3197.7812 -3182.9773 -579.776 3299.8992 3299.8992 3299.8992 3299.8992 3299.8992 3299.8992 3299.8992 3299.8992 3287.5122 3272.0032 3256.7961 3241.69 3226.4832 3211.5784 3196.7742 3182.0708 3167.5688 3153.067 3138.565 2255.5571 3134.9395 3151.5564 3168.0725 3184.2864 3200.299 3216.211 3232.1228 3248.0347 3263.8457 3279.4556 3295.0652 -3289.5264 -3274.2188 -3258.9111 -3243.704 -3228.6987 -3213.4917 -3198.6877 -3184.085 -1321.3898 3299.8992 3299.8992 3299.8992 3299.8992 3299.8992 3299.8992 3299.8992 3299.8992 3288.3179 3272.9094 3257.6018 3242.395 3227.3894 3212.384 3197.5798 3182.9773 3168.3745 3153.8726 3139.3706 2842.4834 3132.5225 3149.24 3165.5547 3181.9702 3198.0835 3214.096 3230.0078 3245.7183 3261.5295 3277.24 3292.6482 -3291.9434 -3276.6357 -3261.1267 -3245.9197 -3230.8135 -3215.808 -3200.9033 

-3207.2478 -2179.724 2296.5454 3299.8992 3299.8992 3299.8992 3299.8992 3299.8992 3299.8992 3298.59 3283.9873 3269.5862 3254.782 3240.28 3225.3752 3211.0747 3196.875 3182.8765 3168.576 3154.2754 3139.8743 2109.43 -951.0864 3284.0881 3153.1677 3168.9788 3184.4878 3200.299 3215.2039 3230.31 3245.4163 3260.321 3275.4272 3290.2312 3299.8992 -3280.8655 -3266.464 -3252.063 -3237.7625 -3223.6633 -3209.262 -2587.088 1771.8567 3299.8992 3299.8992 3299.8992 3299.8992 3299.8992 3299.8992 3299.8992 3285.5986 3270.8953 3256.192 3241.7908 3226.886 3212.5854 3198.6877 3184.1858 3169.7844 3155.484 3141.3848 2322.3267 -779.07715 -3204.8308 3152.8655 3168.4753 3184.1858 3199.6948 3214.7002 3229.9072 3245.0134 3260.2202 3275.0244 3289.7278 3299.8992 -3280.966 -3266.867 -3252.4658 -3238.1653 -3223.6633 -3209.5642 -2718.1091 1656.4453 3299.8992 3299.8992 3299.8992 3299.8992 3299.8992 3299.8992 3299.8992 3286.6057 3272.0032 3257.0984 3242.7979 3228.195 3213.794 3199.4934 3185.092 3170.7915 3156.6924 3142.2913 2621.228 -10.876465 -2335.3179 -3193.048 3288.3179 3188.4155 3192.9473 3208.5571 3223.764 3238.7695 3253.5735 3268.7805 3283.5845 3298.1873 -3287.4114 -3272.6074 -3258.206 -3244.0063 -3229.7058 -3215.808 -2783.67 86.00464 3299.8992 3299.8992 3299.8992 3299.8992 3299.8992 3299.8992 3299.8992 3290.8354 3276.132 3261.3281 3246.6248 3231.9214 3217.4194 3203.2195 3189.0198 3174.7192 3160.3179 3145.413 2202.9875 -1158.2428 3144.104 3160.62 3176.1292 3191.6382 3206.9458 3222.4548 3237.6616 3252.365 3267.2698 3282.376 3297.1802 -3288.3179 -3274.118 -3259.616 -3245.2148 -3231.015 -3216.9158 -3202.8167 -2996.5667 1328.7415 3299.8992 3299.8992 3299.8992 3299.8992 3299.8992 3299.8992 3299.8992 3295.6694 3280.8655 3266.0613 3251.2573 3236.856 3222.4548 3208.0535 3193.6523 3179.251 3164.8499 3164.8499 3164.8499 3164.8499 3164.8499 3164.8499 3164.8499 3164.8499 3164.8499 3164.8499 3164.8499 3164.8499 3164.8499 3164.8499 3164.8499 3164.8499 3164.8499 3164.8499 3164.8499 3164.8499 3164.8499 
3189.0198 2826.068 3187.509 3204.0251 3220.2393 3236.2517 3252.063 3267.6726 3283.1816 3298.4893 -3286.1023 -3270.996 -3255.89 -3241.0857 -3226.3823 -3211.5784 -3197.0764 -3182.5745 -3168.274 -3154.074 -3140.0757 -3126.2786 3299.8992 3299.8992 3299.8992 3299.8992 3299.8992 3299.8992 3299.8992 3299.8992 3299.8992 3299.8992 3299.8992 3293.4539 3278.0457 3262.8386 3247.8333 3233.13 3218.527 3204.126 3190.0269 3175.2227 3186.3005 3202.716 3219.0308 3235.0432 3250.8545 3266.464 3282.074 3297.3816 -3287.3108 -3272.1038 -3257.0984 -3242.1936 -3227.3894 -3212.686 -3198.0835 -3183.6821 -3169.3816 -3155.182 -3140.982 -3127.2856 3299.8992 3299.8992 3299.8992 3299.8992 3299.8992 3299.8992 3299.8992 3299.8992 3299.8992 3299.8992 3299.8992 3294.8638 3279.657 3264.3494 3249.4446 3234.6404 3220.1384 3205.6365 3191.4368 3177.2368 3185.2935 3201.709 3218.0237 3234.0361 3249.8474 3265.457 3280.966 3296.475 -3288.3179 -3273.1108 -3258.1055 -3243.0999 -3228.3965 -3213.693 -3199.0906 -3184.5886 -3170.288 -3156.0881 -3142.0898 -3128.1921 3299.8992 3299.8992 3299.8992 3299.8992 3299.8992 3299.8992 3299.8992 3299.8992 3299.8992 3299.8992 3299.8992 3296.173 3280.966 3265.5579 3250.653 3235.8489 3221.347 3206.845 3192.6453 3178.6467 3184.2864 3200.8025 3217.0166 3233.029 3248.941 3264.5508 3280.0598 3295.468 -3289.1235 -3274.118 -3259.0117 -3244.0063 -3229.2021 -3214.4988 -3199.8962 -3185.3943 -3171.0938 -3156.9946 -3142.8955 -3128.9978 3299.8992 3299.8992 3299.8992 3299.8992 3299.8992 3299.8992 3299.8992 3299.8992 3299.8992 3299.8992 3299.8992 3297.7844 3282.376 3267.0684 3252.063 3237.3596 3222.7568 3208.3557 3194.1558 3179.956 3183.3801 3200.0977 3216.211 3232.1228 3248.1353 3263.6443 3279.2542 3294.7632 -3289.9292 -3274.823 -3259.8174 -3244.812 -3230.0078 -3215.3044 -3200.601 -3186.2 -3171.698 -3157.5989 -3143.4998 -3129.7026 3299.8992 3299.8992 3299.8992 3299.8992 3299.8992 3299.8992 3299.8992 3299.8992 3299.8992 3299.8992 3299.8992 3299.1943 3283.8867 3268.6797 3253.473 3238.7695 3224.0662 3209.6648 
2868.164 2854.7698 2838.2537 2823.5503 2629.3853 2117.8894 1405.7831 1632.3761 1459.7626 445.0287 721.06934 1713.5468 2248.0042 2372.5798 2737.1428 2726.2664 2714.7856 2702.902 2690.4143 2285.266 523.4802 -2565.5364 -3266.0613 2714.3828 2737.445 2758.6943 2778.6345 2797.769 2816.5007 2834.4268 2852.2522 2869.7754 -2690.1123 -912.41455 -1436.7004 -1984.1492 -2243.9758 -551.8799 1076.8707 2753.1555 2892.636 2879.8462 2656.9792 2658.1877 2419.2078 1999.6582 1325.4181 1513.3392 2327.1606 1691.7938 2236.7249 2773.599 2761.615 2749.53 2740.6677 2728.8848 2717.2026 2705.42 2692.7307 2467.2454 799.823 -2030.4749 2868.164 2715.9941 2739.0564 2760.3057 2780.3467 2799.5818 2818.0115 2836.2395 2854.065 2871.4873 -2859.906 -930.13916 -1122.4915 -1923.8251 -1540.7318 277.04773 2519.11 2891.5283 2878.4363 2864.9414 2849.7344 2834.6282 2812.271 2392.6208 1540.0269 1598.0347 2362.207 1756.0455 1253.1097 2108.4229 1879.9164 1885.1532 2515.4846 2723.7488 2712.57 2700.888 2688.501 2359.79 774.24316 -1946.9879 3014.9963 2711.4624 2734.9272 2756.4788 2776.6204 2795.9563 2814.688 2832.8154 2850.6409 2868.164 -2719.2168 -812.2101 -904.4586 -1699.0448 -1480.307 198.29407 1646.878 2888.7085 2875.5156 2862.323 2659.0942 2510.4492 2270.5627 1950.412 1212.7258 1190.9729 1882.5348 1414.8468 933.3618 1902.5757 2552.4443 2707.837 2741.1711 2729.9927 2718.512 2706.6284 2694.342 2645.297 1311.7218 -1415.451 3208.5571 2709.9517 2733.4167 2754.8674 2775.009 2794.2444 2812.976 2831.305 2849.0295 2866.5527 -3228.9001 -1429.1473 -1208.6975 -1857.6599 -1629.7577 80.4657 1533.2794 2896.7651 2883.5723 2870.581 2856.5825 2842.5842 2827.3772 2784.9792 2098.1506 1949.8077 2628.781 2170.9624 1355.9326 2140.0452 2598.9714 2570.5718 2720.2239 2711.8652 2700.7874 2689.0044 2676.0132 2254.0466 583.905 -1901.0651 3033.1238 2703.003 2727.072 2748.825 2769.0674 2788.504 2807.437 2825.6653 2843.39 2861.1145 -2717.404 -900.4303 -624.0875 -1664.8041 -1639.4257 -5.4382324 1418.3716 2883.2703 
3299.8992 3299.8992 3299.8992 3216.3115 1894.7205 440.094 -921.4783 -2275.0945 -2946.0112 -2932.7178 -2919.7266 -2906.836 -2894.1467 -2881.4575 -2868.7683 -2184.6587 -1689.4775 -1775.4822 -1955.0446 -2062.802 -2231.79 -2538.8489 -2794.4458 -2782.3608 -2770.4773 -2711.9658 -2170.761 -1740.2344 -886.23047 399.8108 2665.9424 3299.8992 3299.8992 3299.8992 3299.8992 3299.8992 3299.8992 3299.8992 3299.8992 3299.8992 3299.8992 3299.8992 3299.8992 3299.8992 1993.1122 424.58496 -948.87085 -2225.5461 -2947.7234 -2934.43 -2921.338 -2908.4473 -2895.6572 -2882.968 -2868.466 -2003.9886 -1519.6838 -1654.5319 -1893.6127 -2049.6094 -2249.1118 -2513.1682 -2798.474 -2786.5906 -2774.5056 -2762.5212 -2516.8945 -2148.8066 -1219.4733 80.36499 2414.8772 3299.8992 3299.8992 3299.8992 3299.8992 3299.8992 3299.8992 3299.8992 3299.8992 3299.8992 3299.8992 3299.8992 3299.8992 3299.8992 2014.0594 527.60925 -767.69714 -2181.2346 -2946.3135 -2933.02 -2919.928 -2907.0374 -2894.2473 -2881.8604 -2869.2717 -2208.5266 -1626.2329 -1754.5349 -2023.8281 -2246.292 -2437.4358 -2722.5403 -2792.5322 -2780.548 -2768.6646 -2756.5796 -2308.731 -1914.6606 -1104.7668 4.5318604 2193.8232 3299.8992 3299.8992 3299.8992 3299.8992 3299.8992 3299.8992 3299.8992 3299.8992 3299.8992 3299.8992 3299.8992 3299.8992 3208.0535 1837.7197 387.5244 -965.28625 -2315.8813 -2938.0554 -2924.762 -2911.8713 -2898.9807 -2886.2915 -2873.5015 -2858.5967 -1977.9053 -1299.234 -1463.1866 -1740.6372 -1930.5725 -2104.3945 -2391.8152 -2793.2373 -2781.3538 -2769.5708 -2757.3853 -2499.5728 -2149.008 -1776.2878 -645.1355 1566.0095 3299.8992 3299.8992 3299.8992 3299.8992 3299.8992 3299.8992 3299.8992 3299.8992 3299.8992 3299.8992 3299.8992 3299.8992 3299.8992 2373.0835 930.9448 -447.5464 -1785.7544 -2939.3645 -2926.071 -2912.979 -2900.1892 -2887.2986 -2874.71 -2862.1216 -2099.057 -1634.3903 -1741.6443 -1877.9022 -2036.0138 -2184.3567 -2425.3508 -2789.209 -2777.2246 -2765.341 -2753.357 -2398.2605 -1977.7039 -1284.3292 -131.42395 2345.8923 3299.8992 3299.8992 3299.8992 3299.8992 3299.8992 3299.8992 3299.8992 3299.8992 3299.8992 
-3179.6538 -1407.5958 3299.8992 3299.8992 3299.8992 3299.8992 3299.8992 3299.8992 3299.8992 3299.8992 3299.8992 3285.0952 3270.4924 3255.89 3241.388 3227.188 3213.1897 3198.7883 3184.8906 3170.7915 3156.3904 1973.2727 3153.5706 3169.583 3184.79 3200.1982 3215.9087 3231.015 3245.7183 3260.7239 3275.83 3290.5334 3299.8992 -3280.2612 -3265.7593 -3251.2573 -3236.7554 -3222.7568 -3208.5571 -3194.458 -3180.661 -2113.861 3299.8992 3299.8992 3299.8992 3299.8992 3299.8992 3299.8992 3299.8992 3299.8992 3299.8992 3286.908 3272.1038 3257.7026 3242.9993 3228.7993 3214.5996 3200.5005 3186.7034 3172.3022 3158.1023 2577.6213 3152.1606 3167.9717 3183.8835 3199.292 3214.1968 3229.7058 3244.812 3259.8174 3274.5208 3289.5264 3299.8992 -3281.067 -3266.565 -3252.1636 -3237.6616 -3223.764 -3209.4634 -3195.465 -3181.4666 -2674.2004 3299.8992 3299.8992 3299.8992 3299.8992 3299.8992 3299.8992 3299.8992 3299.8992 3299.8992 3287.3108 3272.708 3258.307 3243.6035 3229.2021 3215.0024 3200.9033 3187.0056 3173.2085 3158.7065 2961.8225 3150.247 3166.3604 3181.668 3196.9756 3212.686 3227.7922 3242.5964 3257.6018 3272.5066 3287.6128 3299.8992 -3283.2825 -3268.6797 -3254.2786 -3239.6758 -3225.6775 -3211.4775 -3197.4792 -3183.5815 -3064.6453 3299.8992 3299.8992 3299.8992 3299.8992 3299.8992 3299.8992 3299.8992 3299.8992 3299.8992 3288.4185 3273.715 3259.2131 3244.4092 3230.2092 3216.0095 3201.9104 3188.1133 3173.9136 3159.613 3133.6304 3148.6357 3164.3462 3180.359 3195.868 3210.6719 3226.181 3241.388 3256.4941 3271.1975 3286.1023 3299.8992 -3284.3901 -3269.8882 -3255.3862 -3241.1865 -3226.7852 -3212.5854 -3198.6877 -3184.6892 -3170.993 3299.8992 3299.8992 3299.8992 3299.8992 3299.8992 3299.8992 3299.8992 3299.8992 3299.8992 3288.217 3273.3123 3258.609 3244.2078 3229.7058 3215.6067 3201.5076 3187.4084 3173.5107 3159.4116 3141.0828 3147.2258 3163.339 3178.5461 3193.9543 3209.6648 3224.8718 3239.6758 3254.6814 3269.8882 3284.5916 3299.295 -3286.203 -3271.399 -3257.0984 -3242.697 -3228.4973 -3214.096 -3200.299 
-3188.0127 -1217.6605 3299.8992 3299.8992 3299.8992 3299.8992 3299.8992 3299.8992 3299.8992 3299.8992 3286.3037 3270.6938 3254.9834 3239.4744 3224.0662 3208.96 3193.6523 3178.6467 3163.44 3148.3337 3133.0261 2211.0442 3142.0898 3141.4856 3158.0017 3174.7192 3191.2354 3207.4492 3223.764 3239.978 3255.9905 3272.1038 3288.0156 3299.8992 -3280.664 -3265.2556 -3249.8474 -3234.6404 -3219.5342 -3204.5288 -3189.7246 -1879.9164 3299.8992 3299.8992 3299.8992 3299.8992 3299.8992 3299.8992 3299.8992 3299.8992 3287.915 3272.3052 3256.4941 3240.985 3225.5767 3210.3699 3195.2637 3180.0566 3164.9504 3149.8442 3134.5366 2612.1643 -3044.705 3140.0757 3156.8938 3173.5107 3189.926 3206.3416 3222.6562 3238.6687 3254.782 3270.8953 3286.8071 3299.8992 -3281.8726 -3266.3635 -3251.056 -3235.7483 -3220.5413 -3205.536 -3190.7317 -2066.327 3299.8992 3299.8992 3299.8992 3299.8992 3299.8992 3299.8992 3299.8992 3299.8992 3287.7136 3272.0032 3256.2927 3240.7837 3225.2747 3210.1685 3195.0623 3179.956 3164.749 3149.5422 3134.436 2755.2703 -2868.6675 3138.4644 3155.484 3172 3188.516 3204.9316 3221.045 3237.2588 3253.372 3269.4854 3285.2966 3299.8992 -3283.1816 -3267.572 -3252.4658 -3237.1582 -3221.9512 -3206.9458 -3192.1416 -2635.1257 3299.8992 3299.8992 3299.8992 3299.8992 3299.8992 3299.8992 3299.8992 3299.8992 3290.1306 3274.4202 3258.7097 3243.0999 3227.6917 3212.4846 3197.2778 3182.1716 3167.0654 3151.8584 3136.6516 3033.4258 -2208.9294 3137.4573 3154.1748 3170.7915 3187.3076 3203.6223 3219.937 3236.1511 3252.2644 3268.2769 3284.1887 3299.8992 -3284.3901 -3268.881 -3253.473 -3238.1653 -3223.059 -3208.0535 -3193.1487 -2754.1626 3299.8992 3299.8992 3299.8992 3299.8992 3299.8992 3299.8992 3299.8992 3299.8992 3289.224 3273.6145 3257.904 3242.1936 3226.7852 3211.4775 3196.5728 3181.4666 3166.159 3151.0527 3135.9465 3081.0608 -2026.5472 3135.745 3152.4626 3169.0796 3185.5957 3202.011 3218.225 3234.3384 3250.653 3266.6655 3282.4768 3298.2878 -3286.1023 -3270.5933 -3255.1848 -3239.7766 -3224.6704 -3209.6648 
-3174.8198 -874.64905 3299.8992 3299.8992 3299.8992 3299.8992 3299.8992 3299.8992 3299.8992 3299.8992 3296.2737 3280.664 3264.9536 3249.3438 3233.7341 3218.4265 3203.119 3188.0127 3172.8057 3157.5989 3142.0898 1672.6593 3139.572 3156.3904 3172.9065 3189.5232 3205.7373 3222.052 3238.1653 3254.48 3270.4924 3286.4043 3299.8992 -3282.074 -3266.464 -3250.955 -3235.7483 -3220.5413 -3205.536 -3190.7317 -3175.9277 -1623.0103 3299.8992 3299.8992 3299.8992 3299.8992 3299.8992 3299.8992 3299.8992 3299.8992 3297.6836 3282.074 3266.3635 3250.653 3235.144 3219.7356 3204.428 3189.4226 3174.3164 3158.908 3143.6003 2143.7712 3138.565 3155.484 3172 3188.516 3204.8308 3221.1455 3237.2588 3253.473 3269.4854 3285.498 3299.8992 -3282.9802 -3267.2698 -3251.9622 -3236.6545 -3221.4478 -3206.4421 -3191.5374 -3176.834 -1882.7362 3299.8992 3299.8992 3299.8992 3299.8992 3299.8992 3299.8992 3299.8992 3299.8992 3297.885 3282.1746 3266.464 3250.7537 3235.2446 3219.8364 3204.6294 3189.5232 3174.3164 3159.1094 3143.8018 2611.6606 3135.6445 3152.362 3168.9788 3185.4949 3201.9104 3218.225 3234.3384 3250.653 3266.7664 3282.6782 3298.4893 -3285.901 -3270.1904 -3254.6814 -3239.3738 -3224.1667 -3209.0605 -3194.1558 -3179.4524 -2608.2366 3299.8992 3299.8992 3299.8992 3299.8992 3299.8992 3299.8992 3299.8992 3299.8992 3298.59 3282.9802 3267.1692 3251.6602 3236.0503 3220.642 3205.3345 3190.3289 3175.122 3159.8145 3144.6074 2860.913 3134.0332 3151.355 3167.9717 3184.5886 3201.004 3217.218 3233.5327 3249.5452 3265.6584 3281.6711 3297.4822 -3286.8071 -3271.1975 -3255.6885 -3240.3809 -3225.0732 -3209.967 -3195.0623 -3180.258 -2814.0837 3299.8992 3299.8992 3299.8992 3299.8992 3299.8992 3299.8992 3299.8992 3299.8992 3298.6907 3283.081 3267.2698 3251.6602 3236.0503 3220.642 3205.3345 3190.1274 3175.122 3159.915 3144.6074 3003.2134 3132.7239 3149.7437 3166.5618 3183.078 3199.292 3215.6067 3231.9214 3247.9338 3264.148 3280.2612 3295.9717 -3288.3179 -3272.708 -3257.199 -3241.8914 -3226.4832 -3211.4775 -3196.5728 
-3186.099 -2070.053 3299.8992 3299.8992 3299.8992 3299.8992 3299.8992 3299.8992 3299.8992 3299.8992 3288.217 3273.0103 3257.904 3242.4956 3227.2888 3212.4846 3197.6807 3182.9773 3168.4753 3153.9734 3139.27 2959.607 3131.5154 3148.233 3164.6484 3180.9631 3196.9756 3212.9883 3229.1016 3244.812 3260.623 3276.233 3291.8425 -3292.6482 -3277.24 -3261.9324 -3246.6248 -3231.5186 -3216.513 -3201.6082 -3186.9048 -2535.2234 3299.8992 3299.8992 3299.8992 3299.8992 3299.8992 3299.8992 3299.8992 3299.8992 3289.0227 3273.816 3258.4075 3243.2007 3227.9937 3213.1897 3198.285 3183.6821 3169.0796 3154.5776 3139.9749 3119.5312 3129.7026 3146.4202 3162.9363 3179.251 3195.2637 3211.2761 3227.188 3243.0999 3258.9111 3274.5208 3290.0298 -3294.3604 -3279.0527 -3263.5437 -3248.4375 -3233.13 -3218.0237 -3203.2195 -3188.516 -3063.739 3299.8992 3299.8992 3299.8992 3299.8992 3299.8992 3299.8992 3299.8992 3299.8992 3289.9292 3274.823 3259.314 3244.107 3229.2021 3214.096 3199.292 3184.6892 3169.9858 3155.5847 3140.982 3125.473 3129.0984 3145.9167 3162.332 3178.6467 3194.76 3210.7727 3226.7852 3242.5964 3258.4075 3274.0173 3289.7278 -3294.8638 -3279.4556 -3264.047 -3248.941 -3233.8347 -3218.7285 -3203.8237 -3189.0198 -3174.417 3299.8992 3299.8992 3299.8992 3299.8992 3299.8992 3299.8992 3299.8992 3299.8992 3292.044 3276.7363 3261.5295 3246.222 3231.1157 3216.11 3201.2053 3186.6028 3171.8994 3157.498 3142.996 3127.7893 3127.89 3144.7083 3161.2244 3177.4382 3193.451 3209.5642 3225.476 3241.4885 3257.2998 3272.9094 3288.5193 3299.8992 -3280.5632 -3265.2556 -3250.0488 -3234.9426 -3219.8364 -3204.8308 -3190.0269 -3175.525 3299.8992 3299.8992 3299.8992 3299.8992 3299.8992 3299.8992 3299.8992 3299.8992 3292.3462 3277.1392 3261.8315 3246.6248 3231.4177 3216.513 3201.6082 3187.0056 3172.3022 3157.901 3143.399 3128.2927 3288.922 3141.7876 3158.4045 3174.6184 3190.8325 3206.9458 3222.7568 3238.6687 3254.5806 3270.1904 3285.6995 3299.8992 -3283.2825 -3268.0754 -3252.7678 -3237.561 -3222.4548 -3207.55 

-3209.7656 -3192.5444 689.2456 3299.8992 3299.8992 3299.8992 3299.8992 3299.8992 3299.8992 3299.8992 3292.2454 3277.8442 3262.738 3248.0347 3233.432 3219.1313 3204.8308 3190.5303 3176.2297 3162.332 3147.931 3020.4346 177.85034 -2441.162 3149.945 3165.454 3181.366 3196.875 3212.0818 3227.0874 3242.0928 3257.0984 3272.0032 3286.7065 3299.8992 -3283.6853 -3269.284 -3254.9834 -3240.7837 -3226.4832 -3212.384 -3198.184 429.11682 3299.8992 3299.8992 3299.8992 3299.8992 3299.8992 3299.8992 3299.8992 3291.742 3276.9377 3262.1338 3247.6318 3233.029 3218.628 3204.3274 3189.926 3175.6255 3161.4258 3147.2258 3070.285 437.97913 -2271.7712 3146.9238 3162.8357 3178.3447 3193.8538 3209.0605 3224.3682 3239.4744 3254.3792 3269.1833 3284.0881 3298.7915 -3286.6057 -3272.2046 -3258.0046 -3243.6035 -3229.4036 -3229.4036 -3229.4036 -3229.4036 -3229.4036 -3229.4036 -3229.4036 -3229.4036 -3229.4036 -3229.4036 -3229.4036 -3229.4036 -3229.4036 -3229.4036 -3229.4036 -3229.4036 -3229.4036 -3229.4036 -3229.4036 -3229.4036 -3229.4036 3147.0244 3125.07 685.82153 -2153.4392 3144.5068 3160.5193 3176.1292 3191.6382 3206.543 3221.8506 3237.0574 3252.2644 3266.867 3281.6711 3296.576 -3288.7207 -3274.3193 -3259.7168 -3245.5168 -3231.3171 -3217.1172 -3203.421 -528.1128 3299.8992 3299.8992 3299.8992 3299.8992 3299.8992 3299.8992 3299.8992 3292.4468 3277.6428 3262.9395 3248.1353 3233.5327 3219.1313 3204.8308 3190.631 3176.532 3162.1306 3148.0315 3129.5012 824.6979 -2102.5818 3144.104 3160.1165 3175.7263 3190.8325 3206.2407 3221.7498 3236.554 3251.4587 3266.464 3281.5703 3296.2737 -3289.1235 -3274.9236 -3260.5225 -3246.121 -3231.6191 -3231.6191 -3231.6191 -3231.6191 -3231.6191 -3231.6191 -3231.6191 -3231.6191 -3231.6191 -3231.6191 -3231.6191 -3231.6191 -3231.6191 -3231.6191 -3231.6191 -3231.6191 -3231.6191 -3231.6191 -3231.6191 -3231.6191 -3231.6191 3149.4414 3131.4148 1006.4758 -1934.5001 3143.8018 3159.7136 3175.525 3191.034 3206.4421 3221.6492 3236.3525 3251.4587 3266.464 3281.4697 3296.173 -3289.1235 -3274.6216 -3260.2202 -3246.3225 -3232.022 -3217.8223 -3203.8237 -1172.7448 3299.8992 3299.8992 3299.8992 3299.8992 3299.8992 3299.8992 3299.8992 3295.2666 3280.7646 3265.9607 3251.5593 3236.554 3222.052 3208.255 3193.6523 3179.3518 3165.3533 
3195.3643 3181.2651 3182.4736 3198.7883 3215.0024 3231.2163 3247.0276 3262.738 3278.3477 3293.756 -3290.9363 -3275.7292 -3260.623 -3245.7183 -3230.9143 -3216.11 -3201.5076 -3187.1062 -3172.705 -3158.5051 -3144.406 -3130.6091 3299.8992 3299.8992 3299.8992 3299.8992 3299.8992 3299.8992 3299.8992 3299.8992 3299.8992 3299.8992 3299.8992 3299.8992 3284.9944 3269.7876 3254.782 3239.8772 3225.2747 3210.7727 3196.6736 3182.373 3180.9631 3197.7812 3213.9954 3230.0078 3245.819 3261.6301 3277.1392 3292.5476 3299.8992 -3276.7363 -3261.731 -3246.8262 -3231.9214 -3217.3186 -3202.716 -3188.1133 -3173.8127 -3159.613 -3145.514 -3131.6162 3299.8992 3299.8992 3299.8992 3299.8992 3299.8992 3299.8992 3299.8992 3299.8992 3299.8992 3299.8992 3299.8992 3299.8992 3286.3037 3270.996 3255.89 3241.0857 3226.3823 3211.9812 3197.6807 3183.6821 3179.5532 3196.2708 3212.5854 3228.6987 3244.6106 3260.2202 3276.0315 3291.339 3299.8992 -3278.1462 -3263.04 -3248.0347 -3233.2305 -3218.527 -3203.8237 -3189.3218 -3174.8198 -3160.7207 -3146.7224 -3132.7239 3299.8992 3299.8992 3299.8992 3299.8992 3299.8992 3299.8992 3299.8992 3299.8992 3299.8992 3299.8992 3299.8992 3299.8992 3287.7136 3272.406 3257.199 3242.395 3227.6917 3213.1897 3198.9897 3184.8906 3178.5461 3195.1628 3211.4775 3227.5908 3243.6035 3259.2131 3274.823 3290.332 3299.8992 -3279.0527 -3264.047 -3249.0417 -3234.137 -3219.4336 -3204.8308 -3190.3289 -3175.827 -3161.7278 -3147.6287 -3133.6304 2454.657 3299.8992 3299.8992 3299.8992 3299.8992 3299.8992 3299.8992 3299.8992 3299.8992 3299.8992 3299.8992 3299.8992 3287.915 3272.6074 3257.4004 3242.5964 3227.9937 3213.4917 3199.1912 3184.9915 3176.4312 3193.2495 3209.4634 3225.778 3241.69 3257.4004 3273.0103 3288.5193 3299.8992 -3280.8655 -3265.7593 -3250.7537 -3236.0503 -3221.2463 -3206.6436 -3192.041 -3177.6396 -3163.339 -3149.24 -3135.3423 627.9144 3299.8992 3299.8992 3299.8992 3299.8992 3299.8992 3299.8992 3299.8992 3299.8992 3299.8992 3299.8992 3299.8992 3288.4185 3273.0103 3257.904 3243.0999 3228.3965 3213.8945 3199.594 3185.3943 3175.122 3191.336 3207.6506 3223.8647 3239.6758 3255.5876 3271.0967 3286.6057 3299.8992 -3282.7788 -3267.572 -3252.5664 -3237.6616 -3222.9583 -3208.255 -3193.753 -3179.3518 -3165.1519 
2870.581 2857.791 2840.973 2827.0752 2100.5676 1618.0756 827.11487 915.8386 1758.8654 1562.0819 876.2604 1796.6309 2597.2595 2747.113 2736.74 2728.18 2716.6992 2704.7148 2692.7307 2677.1208 1869.6442 -568.6981 -2501.486 2695.9534 2720.929 2743.689 2764.5354 2784.2742 2803.308 2821.637 2839.563 2857.3882 2907.7422 -2183.853 -1562.7869 -2220.2087 -2032.9926 -287.31995 1167.2058 2803.308 2888.6077 2875.3142 2858.899 2844.4976 2829.9956 2614.0776 2475.4028 2249.6155 2718.7134 2490.6096 1478.0914 2150.116 2717.7063 2728.9856 2719.821 2711.1602 2699.6794 2688.0981 2676.1138 2657.6843 701.02844 -1571.6492 3294.2595 2697.2625 2721.936 2744.0918 2764.6362 2784.1736 2803.1067 2821.5361 2839.4622 2857.0862 -3288.6199 -1487.1552 -16.415405 -1010.907 -1211.4166 210.98328 1520.0867 2874.5085 2862.1216 2849.3315 2833.0168 2819.522 2804.8186 2565.2344 1699.8505 1467.3157 1261.2671 1352.005 391.85486 1321.6919 2123.0254 2366.6382 2724.8564 2717.404 2706.2256 2694.644 2682.559 2664.9353 1519.5831 -721.875 -1791.7969 2682.8613 2709.5488 2732.8125 2754.1626 2774.2034 2793.6401 2812.1704 2830.2979 2848.2239 3229.4036 -1576.7853 -632.9498 -1422.5006 -2304.2998 -840.3076 539.8956 2256.3628 2876.2207 2863.733 2847.3174 2832.8154 2817.105 2495.343 1697.5342 1390.4755 2027.8564 2349.8198 1983.5449 2644.3909 2738.855 2726.3672 2715.4907 2706.5276 2695.1477 2683.5662 2671.4812 2654.8645 1542.6453 -687.33215 -2592.7275 2680.6458 2707.3333 2730.899 2752.5513 2772.6929 2791.928 2810.4583 2828.6865 2846.6125 2883.7737 -2329.6782 -1163.5803 -1849.8047 -2017.1814 -620.2606 1383.6273 2887.2986 2874.5085 2861.1145 2847.4182 2831.4055 2817.105 2689.2058 2023.4253 1697.4335 2123.7305 2428.9763 1380.304 2050.3142 2080.728 2166.0278 2429.3792 2711.1602 2700.2837 2688.9038 2677.2217 2661.914 1789.9841 -237.36877 -2183.1482 2679.9407 2706.5276 2730.2947 2752.0476 2772.29 2791.5251 2810.1562 2828.3843 2846.109 3011.8743 -1977.7039 -565.7776 -1193.4906 -1517.3676 -191.04309 1147.467 2667.2515 2863.9343 2851.245 2833.9233 2821.0327 2805.5237 2490.6096 1745.7733 1340.7257 1570.34 2105.4016 1141.0217 1643.5547 2298.8616 2607.7332 2719.821 2709.146 2697.6653 2686.084 2674.2004 2659.9 
3299.8992 3299.8992 3299.8992 3299.8992 1955.8502 496.49048 -738.5925 -1921.6095 -2939.0625 -2925.6682 -2912.677 -2899.6855 -2886.9963 -2874.408 -2861.8193 -2476.9133 -1792.4011 -1654.4312 -1512.03 -1704.3823 -1924.1272 -2095.935 -2792.3308 -2780.3467 -2768.3623 -2652.951 -2192.9167 -1793.6096 -1059.7504 4.6325684 2029.6692 3299.8992 3299.8992 3299.8992 3299.8992 3299.8992 3299.8992 3299.8992 3299.8992 3299.8992 3299.8992 3299.8992 3299.8992 3299.8992 2212.555 734.2621 -368.89343 -1694.6136 -2948.932 -2935.739 -2922.5464 -2909.6558 -2896.9666 -2884.076 -2871.4873 -2370.6665 -1607.6019 -1648.8922 -1895.224 -2140.9514 -2543.7834 -2692.4285 -2794.7478 -2782.7637 -2770.9807 -2758.8958 -2536.6333 -2087.4756 -1448.584 -357.91626 1608.1055 3299.8992 3299.8992 3299.8992 3299.8992 3299.8992 3299.8992 3299.8992 3299.8992 3299.8992 3299.8992 3299.8992 3299.8992 3299.8992 2303.6956 848.8678 -527.9114 -1845.2728 -2941.8823 -2928.6895 -2915.4968 -2902.7068 -2889.8162 -2877.2278 -2864.6392 -2532.907 -1681.723 -1635.2966 -1946.283 -2290.402 -2458.383 -2616.4946 -2786.9934 -2775.1099 -2763.1255 -2751.242 -2569.3633 -2146.4905 -1572.5555 -554.8004 1385.3394 3299.8992 3299.8992 3299.8992 3299.8992 3299.8992 3299.8992 3299.8992 3299.8992 3299.8992 3299.8992 3299.8992 3299.8992 3299.8992 2586.383 1127.124 -253.58276 -1570.2393 -2781.5552 -2924.9634 -2911.67 -2898.88 -2886.09 -2873.401 -2860.7117 -2440.5579 -1564.3982 -1418.9758 -1658.0566 -1892.7063 -2076.6997 -2265.628 -2790.518 -2778.534 -2766.6504 -2754.9683 -2643.7866 -2295.7397 -1708.4106 -738.69324 971.42944 3204.5288 3299.8992 3299.8992 3299.8992 3299.8992 3299.8992 3299.8992 3299.8992 3299.8992 3299.8992 3299.8992 3299.8992 3299.8992 2727.2734 1286.142 -191.04309 -1696.5271 -2936.5447 -2923.352 -2910.1592 -2897.2686 -2884.5793 -2871.8901 -2859.3018 -2720.3247 -1892.4042 -1588.8702 -1663.797 -1894.9219 -2054.141 -2186.4714 -2786.1877 -2774.002 -2762.1184 -2750.0334 -2096.338 -1722.409 -1147.9706 -142.70325 1477.7893 3299.8992 3299.8992 3299.8992 3299.8992 3299.8992 3299.8992 3299.8992 3299.8992 3299.8992 3299.8992 3299.8992 3299.8992 3299.8992 2393.527 1008.9935 -388.5315 -1780.719 -2940.7744 -2927.5818 -2914.389 -2901.4983 -2888.809 -2876.0193 -2863.4307 -2564.5293 -1578.7994 -1363.7878 -1492.7948 -1668.9331 
-3186.4014 -3172.705 3299.8992 3299.8992 3299.8992 3299.8992 3299.8992 3299.8992 3299.8992 3299.8992 3299.8992 3289.325 3274.5208 3260.0188 3245.4163 3231.015 3216.8152 3202.8167 3188.617 3174.7192 3160.62 3145.6145 3145.9167 3161.7278 3177.841 3193.2495 3208.255 3223.6633 3238.87 3253.9763 3268.982 3283.6853 3298.4893 -3286.8071 -3272.3052 -3257.8032 -3243.402 -3229.1016 -3215.0024 -3201.1047 -3187.207 -3173.108 3299.8992 3299.8992 3299.8992 3299.8992 3299.8992 3299.8992 3299.8992 3299.8992 3299.8992 3290.1306 3275.4272 3260.8245 3246.3225 3232.022 3217.7214 3203.5217 3189.624 3175.827 3161.5264 3146.7224 -2990.7256 3160.7207 3176.1292 3191.6382 3207.3486 3222.4548 3237.3596 3252.2644 3267.4712 3282.074 3296.878 -3288.5193 -3273.816 -3259.4146 -3245.0134 -3230.713 -3216.3115 -3202.5146 -3188.516 -3174.8198 3299.8992 3299.8992 3299.8992 3299.8992 3299.8992 3299.8992 3299.8992 3299.8992 3299.8992 3291.742 3276.9377 3262.4358 3247.8333 3233.432 3219.3328 3205.0322 3191.1345 3176.9348 3162.9363 3148.4343 -1955.8502 3158.8074 3174.2156 3189.7246 3205.435 3220.5413 3235.446 3250.5522 3265.457 3280.2612 3295.0652 -3290.2312 -3275.6287 -3261.1267 -3246.8262 -3232.2234 -3218.3257 -3204.2266 -3190.2283 -3176.4312 3299.8992 3299.8992 3299.8992 3299.8992 3299.8992 3299.8992 3299.8992 3299.8992 3299.8992 3292.044 3277.24 3262.5366 3248.1353 3233.9355 3219.4336 3205.3345 3191.4368 3177.4382 3163.2385 3148.5352 -1857.6599 3158.606 3174.7192 3190.2283 3205.2336 3220.7427 3235.9497 3251.056 3265.9607 3280.8655 3295.468 -3289.8284 -3275.125 -3260.5225 -3246.4233 -3231.9214 -3217.8223 -3203.7231 -3189.624 -3175.9277 2900.1892 3299.8992 3299.8992 3299.8992 3299.8992 3299.8992 3299.8992 3299.8992 3299.8992 3294.461 3279.7576 3265.155 3250.5522 3236.1511 3221.8506 3207.852 3193.5515 3179.6538 3165.6555 3151.0527 -913.2202 3158.2031 3173.6113 3189.2212 3204.3274 3219.8364 3235.0432 3250.1494 3265.0542 3279.959 3294.6624 -3290.5334 -3276.0315 -3261.5295 -3247.0276 -3232.727 -3218.527 -3204.5288 -3190.5303 -3176.7334 1708.612 3299.8992 3299.8992 3299.8992 3299.8992 3299.8992 3299.8992 3299.8992 3299.8992 3295.7703 3281.067 3266.3635 3252.063 3237.3596 3223.1597 3208.96 3194.9614 3181.1646 
-3194.76 -3042.4895 3299.8992 3299.8992 3299.8992 3299.8992 3299.8992 3299.8992 3299.8992 3299.8992 3290.634 3274.9236 3259.314 3243.704 3228.296 3212.9883 3197.882 3182.776 3167.6697 3152.5635 3137.4573 3117.4163 -1474.3652 3134.1338 3150.9521 3167.4683 3183.9844 3200.3997 3216.6138 3232.9285 3249.0417 3265.0542 3280.966 3296.7773 -3287.6128 -3271.9023 -3256.6956 -3241.388 -3226.181 -3211.1755 -3196.17 -3179.4524 2843.0876 3299.8992 3299.8992 3299.8992 3299.8992 3299.8992 3299.8992 3299.8992 3291.641 3275.9307 3260.321 3244.7112 3229.1016 3214.096 3198.7883 3183.6821 3168.576 3153.3691 3138.263 3120.1355 -1189.2609 3133.429 3150.4485 3167.0654 3183.5815 3199.9968 3216.11 3232.5256 3248.639 3264.6514 3280.664 3296.475 -3287.915 -3272.3052 -3256.897 -3241.5894 -3226.3823 -3211.4775 -3196.5728 -3181.8694 2551.84 3299.8992 3299.8992 3299.8992 3299.8992 3299.8992 3299.8992 3299.8992 3292.4468 3276.8372 3261.1267 3245.5168 3230.0078 3214.801 3199.6948 3184.3872 3169.3816 3154.2754 3139.0686 3123.5596 -518.1427 3130.6091 3147.528 3164.2456 3180.7617 3197.177 3213.2903 3229.605 3245.7183 3261.731 3277.7434 3293.5547 -3290.634 -3275.125 -3259.616 -3244.3083 -3229.1016 -3214.096 -3199.1912 -3184.4878 1978.4088 3299.8992 3299.8992 3299.8992 3299.8992 3299.8992 3299.8992 3299.8992 3292.2454 3276.6357 3261.1267 3245.4163 3229.8064 3214.5996 3199.4934 3184.2864 3169.1802 3154.074 3138.9678 3123.5596 -394.67468 3129.7026 3146.6216 3163.339 3179.8552 3196.2708 3212.4846 3228.7993 3244.9126 3261.026 3277.0386 3292.8496 -3291.4397 -3276.0315 -3260.5225 -3245.114 -3230.0078 -3214.9016 -3199.9968 -3185.1929 1398.4314 3299.8992 3299.8992 3299.8992 3299.8992 3299.8992 3299.8992 3299.8992 3293.8567 3278.1462 3262.5366 3246.9268 3231.4177 3216.11 3200.9033 3185.8977 3170.8923 3155.6853 3140.4785 3125.2715 -2.8198242 3129.1992 3146.2188 3162.8357 3179.4524 3195.868 3212.1826 3228.3965 3244.5098 3260.7239 3276.4343 3292.3462 -3291.9434 -3276.4343 -3260.9253 -3245.5168 -3230.4106 -3215.4053 -3200.3997 -3185.6963 675.3479 3299.8992 3299.8992 3299.8992 3299.8992 3299.8992 3299.8992 3299.8992 3296.475 3280.8655 3265.3564 3249.646 3234.0361 3218.7285 3203.5217 3188.4155 3173.3093 3158.2031 
-3181.8694 -3115.1 3299.8992 3299.8992 3299.8992 3299.8992 3299.8992 3299.8992 3299.8992 3299.8992 3299.8992 3284.2896 3268.6797 3252.9692 3237.3596 3221.9512 3206.6436 3191.5374 3176.4312 3161.325 3146.0173 3120.0347 -3202.1118 3148.7366 3165.5547 3182.0708 3198.3855 3214.7002 3231.015 3247.1282 3263.2415 3279.1533 3295.0652 -3289.1235 -3273.5137 -3257.904 -3242.697 -3227.4902 -3212.2832 -3197.3784 -3182.4736 -3167.9717 3299.8992 3299.8992 3299.8992 3299.8992 3299.8992 3299.8992 3299.8992 3299.8992 3299.8992 3285.5986 3269.8882 3254.2786 3238.6687 3223.2605 3207.852 3192.8467 3177.7405 3162.5334 3147.2258 3128.2927 -2559.2925 3147.6287 3164.3462 3180.8623 3197.2778 3213.5925 3229.9072 3245.9197 3262.1338 3278.0457 3294.058 -3290.2312 -3274.823 -3259.1125 -3243.704 -3228.4973 -3213.391 -3198.4863 -3183.6821 -3168.8782 3299.8992 3299.8992 3299.8992 3299.8992 3299.8992 3299.8992 3299.8992 3299.8992 3299.8992 3287.1094 3271.399 3255.6885 3239.978 3224.5696 3209.3628 3194.1558 3179.0496 3163.8428 3148.6357 3132.9253 -1866.5222 3145.9167 3162.6343 3179.251 3195.767 3211.9812 3228.296 3244.4092 3260.5225 3276.6357 3292.3462 -3291.742 -3276.233 -3260.7239 -3245.2148 -3230.0078 -3214.9016 -3199.8962 -3185.092 -3170.288 3299.8992 3299.8992 3299.8992 3299.8992 3299.8992 3299.8992 3299.8992 3299.8992 3299.8992 3287.7136 3271.8018 3256.192 3240.5823 3225.0732 3209.7656 3194.5586 3179.4524 3164.2456 3148.938 3133.5295 -1700.1526 3145.6145 3162.332 3178.8481 3195.3643 3211.679 3227.7922 3244.107 3260.2202 3276.3335 3292.044 -3292.044 -3276.4343 -3260.9253 -3245.6177 -3230.2092 -3215.2039 -3200.1982 -3185.3943 -3170.691 2688.501 3299.8992 3299.8992 3299.8992 3299.8992 3299.8992 3299.8992 3299.8992 3299.8992 3290.0298 3274.3193 3258.609 3242.9993 3227.4902 3212.1826 3196.9756 3181.8694 3166.7632 3151.4556 3135.9465 -1263.1805 3146.1182 3162.8357 3179.3518 3195.767 3212.1826 3228.3965 3244.5098 3260.7239 3276.7363 3292.6482 -3291.5405 -3276.0315 -3260.5225 -3244.9126 -3229.8064 -3214.5996 -3199.6948 -3184.8906 -3170.1873 1628.0457 3299.8992 3299.8992 3299.8992 3299.8992 3299.8992 3299.8992 3299.8992 3299.8992 3293.4539 3277.7434 3262.033 3246.3225 3230.8135 3215.5059 3200.299 3185.092 3169.8853 
-3192.8467 -3178.1433 3299.8992 3299.8992 3299.8992 3299.8992 3299.8992 3299.8992 3299.8992 3299.8992 3292.5476 3277.1392 3261.9324 3246.6248 3231.5186 3216.513 3201.5076 3186.8042 3172.3022 3157.6995 3143.399 3128.3936 -2846.4111 3140.68 3157.0952 3173.41 3189.624 3205.6365 3221.5483 3237.4602 3253.372 3268.982 3284.6924 3299.8992 -3284.491 -3269.1833 -3253.8757 -3238.6687 -3223.6633 -3208.6577 -3193.8538 -3179.251 3299.8992 3299.8992 3299.8992 3299.8992 3299.8992 3299.8992 3299.8992 3299.8992 3293.6553 3278.1462 3262.9395 3247.531 3232.4248 3217.3186 3202.5146 3187.8113 3173.2085 3158.606 3144.3054 3129.4006 -1831.5765 3138.6658 3155.2825 3171.5972 3187.7104 3203.8237 3219.7356 3235.7483 3251.5593 3267.1692 3282.8796 3298.2878 -3286.203 -3270.7947 -3255.5876 -3240.4814 -3225.1738 -3210.3699 -3195.5657 -3180.8623 3299.8992 3299.8992 3299.8992 3299.8992 3299.8992 3299.8992 3299.8992 3299.8992 3294.2595 3278.8513 3263.4429 3248.236 3233.029 3218.0237 3203.119 3188.4155 3173.8127 3159.3108 3144.9097 3130.1055 -729.6295 3136.2488 3152.8655 3169.1802 3185.2935 3201.4067 3217.3186 3233.3313 3249.1423 3264.6514 3280.4626 3296.0723 -3288.6199 -3273.2117 -3257.8032 -3242.697 -3227.6917 -3212.5854 -3197.7812 -3183.1787 3299.8992 3299.8992 3299.8992 3299.8992 3299.8992 3299.8992 3299.8992 3299.8992 3294.3604 3279.2542 3263.8457 3248.7395 3233.5327 3218.4265 3203.5217 3188.8184 3174.115 3159.7136 3145.3125 3130.5083 -797.1039 3136.6516 3153.2683 3169.4824 3185.797 3201.9104 3217.8223 3233.6333 3249.5452 3265.2556 3280.966 3296.475 -3288.0156 -3272.708 -3257.4004 -3242.1936 -3227.188 -3212.0818 -3197.2778 -3182.5745 2228.8696 3299.8992 3299.8992 3299.8992 3299.8992 3299.8992 3299.8992 3299.8992 3297.3816 3282.1746 3266.7664 3251.4587 3236.2517 3221.347 3206.3416 3191.5374 3177.0354 3162.4329 3147.931 3133.3281 263.25073 3136.2488 3152.765 3169.1802 3185.3943 3201.4067 3217.4194 3233.2305 3249.1423 3265.0542 3280.3618 3295.9717 -3288.5193 -3273.2117 -3257.904 -3242.5964 -3227.3894 -3212.4846 -3197.5798 -3182.8765 835.87646 3299.8992 3299.8992 3299.8992 3299.8992 3299.8992 3299.8992 3299.8992 3299.8992 3284.6924 3269.284 3254.0771 3238.87 3223.6633 3208.7585 3193.8538 3179.251 3164.749 

3151.0527 3133.8318 1230.0476 -1795.7245 3143.6003 3159.5122 3175.424 3190.8325 3205.9387 3221.1455 3236.1511 3251.358 3266.162 3281.067 3295.7703 -3289.325 -3274.9236 -3260.7239 -3246.4233 -3232.1228 -3217.8223 -3204.0251 -1517.1661 2910.1592 3299.8992 3299.8992 3299.8992 3299.8992 3299.8992 3299.8992 3297.583 3282.9802 3268.579 3253.8757 3238.87 3224.2676 3210.1685 3196.2708 3181.5674 3167.166 3152.9663 3138.0615 1402.9633 -1561.4777 3144.0032 3159.8145 3175.3235 3191.034 3206.2407 3221.347 3236.7554 3251.8616 3266.6655 3281.2683 3296.2737 -3289.1235 -3274.823 -3260.4216 -3246.222 -3231.6191 -3217.52 -3203.421 -1894.519 2654.3608 3299.8992 3299.8992 3299.8992 3299.8992 3299.8992 3299.8992 3299.8992 3285.6995 3270.8953 3255.9905 3241.5894 3227.0874 3212.8875 3198.3855 3184.2864 3169.8853 3155.5847 3141.1833 1852.0203 -1200.5402 3142.1904 3157.8003 3173.41 3189.2212 3204.5288 3219.4336 3234.7412 3249.8474 3264.8528 3279.7576 3294.2595 -3291.1377 -3276.6357 -3262.2344 -3247.531 -3233.6333 -3219.2322 -3205.0322 -2387.9883 2096.237 3299.8992 3299.8992 3299.8992 3299.8992 3299.8992 3299.8992 3299.8992 3287.8142 3273.1108 3258.206 3243.5027 3229.1016 3214.801 3200.5005 3186.2 3171.7986 3157.5989 3143.2983 1969.9493 -1072.1375 3142.7947 3158.7065 3174.2156 3189.7246 3204.9316 3220.5413 3235.6475 3250.653 3265.3564 3280.2612 3294.8638 -3290.4326 -3275.83 -3261.2273 -3246.8262 -3232.727 -3218.4265 -3204.3274 -2464.4255 2074.2827 3299.8992 3299.8992 3299.8992 3299.8992 3299.8992 3299.8992 3299.8992 3288.922 3274.2188 3259.314 3244.7112 3229.9072 3215.9087 3201.6082 3187.3076 3172.8057 3158.606 3144.3054 2158.676 -941.922 3160.5193 3157.901 3173.5107 3188.7175 3204.0251 3219.635 3234.7412 3249.5452 3264.6514 3279.657 3294.2595 -3290.9363 -3276.8372 -3262.3352 -3247.9338 -3233.3313 -3219.5342 -3205.435 -2722.3389 1808.9172 3299.8992 3299.8992 3299.8992 3299.8992 3299.8992 3299.8992 3299.8992 3290.2312 3275.6287 3260.8245 3245.9197 3231.4177 3217.0166 3202.8167 3188.7175 3174.417 
-3150.9521 -3136.9536 -1092.8833 3299.8992 3299.8992 3299.8992 3299.8992 3299.8992 3299.8992 3299.8992 3299.8992 3299.8992 3299.8992 3299.8992 3289.0227 3273.715 3258.609 3243.704 3229.0007 3214.4988 3200.1982 3185.9985 -626.6052 3189.4226 3205.7373 3222.052 3237.863 3253.6743 3269.284 3284.793 3299.8992 -3284.5916 -3269.284 -3254.3792 -3239.4744 -3224.6704 -3210.0676 -3195.465 -3181.0637 -3166.7632 -3152.664 -3138.6658 -2190.802 3299.8992 3299.8992 3299.8992 3299.8992 3299.8992 3299.8992 3299.8992 3299.8992 3299.8992 3299.8992 3299.8992 3289.4255 3274.2188 3259.0117 3244.107 3229.4036 3214.9016 3200.5005 3186.4014 1674.6735 3187.207 3203.6223 3219.7356 3235.8489 3251.5593 3267.1692 3282.6782 3298.0864 -3286.7065 -3271.4995 -3256.4941 -3241.5894 -3226.7852 -3212.0818 -3197.4792 -3183.078 -3168.7773 -3154.5776 -3140.579 -2877.9326 3299.8992 3299.8992 3299.8992 3299.8992 3299.8992 3299.8992 3299.8992 3299.8992 3299.8992 3299.8992 3299.8992 3289.5264 3274.2188 3259.0117 3244.107 3229.4036 3214.9016 3200.601 3186.3005 2916.9067 3184.6892 3201.1047 3217.218 3233.3313 3249.1423 3264.7522 3280.3618 3295.7703 -3289.0227 -3273.9165 -3258.8103 -3243.9055 -3229.0007 -3214.3982 -3199.7954 -3185.3943 -3170.993 -3156.8938 -3142.7947 -3128.9978 3299.8992 3299.8992 3299.8992 3299.8992 3299.8992 3299.8992 3299.8992 3299.8992 3299.8992 3299.8992 3299.8992 3289.8284 3274.5208 3259.314 3244.4092 3229.605 3215.103 3200.8025 3186.6028 3171.8994 3182.2722 3198.8892 3215.103 3231.1157 3246.9268 3262.5366 3278.0457 3293.5547 -3291.1377 -3275.9307 -3260.9253 -3246.0205 -3231.2163 -3216.3115 -3201.8096 -3187.4084 -3173.007 -3158.7065 -3144.7083 -3130.9111 3299.8992 3299.8992 3299.8992 3299.8992 3299.8992 3299.8992 3299.8992 3299.8992 3299.8992 3299.8992 3299.8992 3289.5264 3274.2188 3259.1125 3244.0063 3229.5044 3214.801 3200.5005 3186.4014 3172 3179.956 3196.5728 3212.7869 3228.9001 3244.6106 3260.4216 3275.83 3291.339 3299.8992 -3278.1462 -3263.04 -3248.1353 -3233.2305 -3218.527 -3203.9246 -3189.5232 -3175.122 
2141.9585 267.58118 -1637.1094 2669.165 2697.6653 2722.0366 2743.991 2764.5354 2784.0728 2803.0059 2821.3347 2839.2607 2856.784 -2636.9385 -1118.0603 -1715.5609 -2237.4297 -1016.4459 511.49597 2291.9128 2877.9326 2865.2434 2851.8494 2837.9517 2823.0469 2807.7393 2520.7214 2111.847 2337.2314 2748.6235 1677.7954 1960.1807 2673.4954 2720.8281 2710.153 2701.895 2690.5151 2679.135 2667.2515 2652.3467 1967.0288 39.779663 -1697.937 2665.1367 2694.1406 2719.2168 2741.6748 2762.3198 2781.958 2800.891 2819.1191 2837.0452 3036.3464 -1872.7661 -223.06824 -745.33997 -1393.4967 -457.41577 873.8434 2561.1052 2853.7627 2840.6707 2825.1616 2811.0625 2251.5288 1904.6906 1239.8163 860.2478 1234.9823 1950.1099 1051.6937 1265.4968 2139.2395 2553.25 2662.0146 2713.0737 2702.0964 2690.7166 2678.9336 2666.9495 2419.7112 644.43054 -1114.6362 2665.5396 2694.7449 2719.4182 2741.6748 2762.4207 2782.26 2801.0925 2819.3206 2837.3474 2854.9712 -3070.0835 -1428.8452 -1611.8317 -2262.506 -1355.8319 0 1762.6923 2885.5864 2872.8972 2855.6763 2842.7856 2829.19 2765.039 2773.9014 2280.5327 2373.8892 2766.2476 1888.3759 1848.5962 2623.3428 2725.4607 2714.987 2706.6284 2695.4497 2683.969 2672.3877 2659.799 1480.6091 -493.46924 -1934.2987 2676.3152 2703.8086 2727.5757 2749.1272 2769.3694 2788.9067 2807.6384 2825.7659 2843.4905 2861.0137 -2551.1353 -10.272217 -33.83789 -950.9857 -288.0249 853.7018 2498.9685 2856.784 2844.2961 2827.8809 2814.7888 2801.0925 2704.9163 2067.0317 1533.078 883.41064 1594.9127 1040.7166 1040.0116 2008.8226 2544.992 2547.8118 2709.3474 2698.471 2687.2925 2675.6104 2663.5254 2372.2778 701.4313 83.99048 3185.2935 2680.8472 2707.5347 2731.1003 2752.5513 2772.6929 2791.928 2810.559 2828.5857 2846.4111 -2789.7124 -1004.9652 -753.6987 -2336.5264 -1758.3618 -315.6189 1549.3927 2875.1128 2862.0208 2845.6055 2832.614 2818.7163 2798.6755 2354.8552 1706.2958 1720.8984 2519.3115 2580.3406 2281.137 2732.1074 2719.9219 2707.6355 2699.8809 2688.6016 2677.0203 2665.4387 2653.4546 
-1923.4222 -2131.4849 -2795.755 -2783.67 -2771.6858 -2759.5 -2410.6475 -2074.0813 -1822.0093 -903.1494 731.8451 3067.7673 3299.8992 3299.8992 3299.8992 3299.8992 3299.8992 3299.8992 3299.8992 3299.8992 3299.8992 3299.8992 3299.8992 3299.8992 2912.0728 1425.5219 -63.24463 -1479.5013 -2753.5583 -2931.0059 -2917.7124 -2904.721 -2891.9312 -2879.3425 -2866.7542 -2718.4111 -2013.4552 -1674.3713 -1740.7379 -1978.5095 -2187.378 -2353.6467 -2790.619 -2778.534 -2766.751 -2755.0688 -2610.553 -2261.0962 -1742.8528 -794.18335 992.77954 3249.5452 3299.8992 3299.8992 3299.8992 3299.8992 3299.8992 3299.8992 3299.8992 3299.8992 3299.8992 3299.8992 3299.8992 3299.8992 2574.4995 1199.3317 -186.61194 -1553.9246 -2656.073 -2924.1577 -2911.0657 -2898.175 -2885.385 -2872.7966 -2860.1074 -2777.3254 -1908.4167 -1551.3062 -1382.4188 -1628.3478 -1844.6686 -2033.4961 -2790.7195 -2778.6345 -2766.6504 -2755.0688 -2562.4146 -2262.2039 -1843.3594 -947.56165 460.63843 2789.7124 3299.8992 3299.8992 3299.8992 3299.8992 3299.8992 3299.8992 3299.8992 3299.8992 3299.8992 3299.8992 3299.8992 3299.8992 2850.0366 1501.5564 369.6991 -1062.3688 -2338.2385 -2927.7832 -2914.5903 -2901.599 -2888.809 -2876.1199 -2863.5315 -2848.7273 -1981.7322 -1453.418 -1675.882 -2019.397 -2509.0393 -2731.5032 -2785.684 -2773.7 -2761.8164 -2750.2349 -2738.3513 -2501.6875 -2015.8722 -1035.1776 497.59827 2895.4558 3299.8992 3299.8992 3299.8992 3299.8992 3299.8992 3299.8992 3299.8992 3299.8992 3299.8992 3299.8992 3299.8992 3299.8992 3097.6775 1727.3438 218.33496 -1321.4905 -2816.9036 -2919.7266 -2906.6345 -2893.643 -2880.9539 -2868.164 -2855.5754 -2843.0876 -2140.1458 -1601.7609 -1707.605 -1957.9651 -2136.923 -2261.1968 -2779.541 -2767.758 -2755.774 -2744.2932 -2430.5876 -2076.599 -1589.0717 -720.2637 526.09863 2791.928 3299.8992 3299.8992 3299.8992 3299.8992 3299.8992 3299.8992 3299.8992 3299.8992 3299.8992 3299.8992 3299.8992 3299.8992 3109.0576 1667.0197 192.25159 -1306.0822 -2511.8591 -2920.6328 -2907.5408 -2894.6501 -2881.8604 -2869.1711 -2856.5825 -2841.3757 -1934.5001 -1346.4661 -1495.0104 -1814.154 
3167.0654 3152.2612 -247.13745 3157.0952 3173.2085 3188.8184 3203.7231 3219.3328 3234.5398 3249.5452 3264.6514 3279.4556 3294.159 -3291.0369 -3276.535 -3262.033 -3247.6318 -3233.3313 -3219.2322 -3205.133 -3191.034 -3177.1362 721.37146 3299.8992 3299.8992 3299.8992 3299.8992 3299.8992 3299.8992 3299.8992 3299.8992 3297.7844 3283.081 3268.4783 3253.775 3239.3738 3225.0732 3210.8733 3196.875 3182.8765 3168.8782 3154.2754 85.40039 3157.901 3173.3093 3188.8184 3204.5288 3219.8364 3234.6404 3249.8474 3264.6514 3279.5562 3294.2595 -3291.0369 -3276.4343 -3261.9324 -3247.531 -3233.2305 -3218.8293 -3204.6294 -3191.034 -3177.1362 -454.59595 3299.8992 3299.8992 3299.8992 3299.8992 3299.8992 3299.8992 3299.8992 3299.8992 3299.8992 3285.901 3271.1975 3256.5947 3242.1936 3227.893 3213.693 3199.7954 3185.4949 3171.4966 3156.9946 885.6262 3157.8003 3173.9136 3189.5232 3204.5288 3219.937 3235.3455 3250.3508 3265.2556 3280.1604 3295.0652 -3290.5334 -3275.7292 -3261.3281 -3246.8262 -3232.5256 -3218.527 -3204.2266 -3190.2283 -3176.4312 -1272.8485 3299.8992 3299.8992 3299.8992 3299.8992 3299.8992 3299.8992 3299.8992 3299.8992 3299.8992 3288.7207 3274.0173 3259.314 3244.812 3230.4106 3216.211 3202.2124 3188.1133 3174.115 3159.7136 1320.3827 3158.606 3174.115 3189.7246 3205.536 3220.7427 3235.5469 3250.653 3265.5579 3280.4626 3295.166 -3290.0298 -3275.5278 -3260.8245 -3246.524 -3232.2234 -3218.1243 -3203.8237 -3190.0269 -3176.2297 -1966.0217 3299.8992 3299.8992 3299.8992 3299.8992 3299.8992 3299.8992 3299.8992 3299.8992 3299.8992 3291.2383 3276.6357 3262.033 3247.6318 3233.029 3218.93 3204.7302 3190.631 3176.6326 3162.332 2066.327 3157.6995 3173.8127 3189.5232 3204.5288 3220.0378 3235.3455 3250.4517 3265.155 3280.3618 3295.0652 -3290.2312 -3275.9307 -3261.2273 -3246.6248 -3232.3242 -3218.3257 -3204.126 -3190.1274 -3176.3306 -2539.4531 3299.8992 3299.8992 3299.8992 3299.8992 3299.8992 3299.8992 3299.8992 3299.8992 3299.8992 3292.6482 3277.8442 3263.4429 3248.7395 3234.5398 3220.3398 3206.0393 3191.8396 
3142.996 3127.6885 371.109 3129.8035 3146.521 3163.339 3179.956 3196.2708 3212.5854 3228.7993 3245.0134 3261.1267 3277.0386 3292.8496 -3291.4397 -3275.83 -3260.4216 -3245.0134 -3229.9072 -3214.801 -3200.0977 -3185.092 260.93445 3299.8992 3299.8992 3299.8992 3299.8992 3299.8992 3299.8992 3299.8992 3298.6907 3283.081 3267.572 3251.7607 3236.1511 3220.944 3205.6365 3190.5303 3175.424 3160.2173 3145.111 3129.904 934.4696 3128.3936 3145.6145 3162.2314 3178.7476 3195.1628 3211.679 3227.6917 3243.9055 3259.9182 3276.0315 3291.742 -3292.4468 -3276.8372 -3261.4287 -3246.121 -3230.9143 -3215.808 -3200.9033 -3186.2 -496.08765 3299.8992 3299.8992 3299.8992 3299.8992 3299.8992 3299.8992 3299.8992 3299.8992 3285.498 3269.8882 3254.1777 3238.6687 3223.1597 3207.953 3192.9473 3177.7405 3162.6343 3147.4272 3132.2205 1188.2538 3129.1992 3146.2188 3163.037 3179.5532 3196.0693 3212.384 3228.4973 3244.7112 3260.7239 3276.7363 3292.5476 -3291.742 -3276.132 -3260.623 -3245.2148 -3230.1086 -3215.0024 -3200.0977 -3185.2935 -1028.4302 3299.8992 3299.8992 3299.8992 3299.8992 3299.8992 3299.8992 3299.8992 3299.8992 3288.8213 3273.1108 3257.4004 3241.7908 3226.3823 3211.2761 3196.0693 3180.9631 3165.756 3150.4485 3135.2417 1527.7405 3130.2063 3147.1252 3163.8428 3180.4595 3196.7742 3213.1897 3229.4036 3245.6177 3261.731 3277.6428 3293.4539 -3290.7349 -3275.2258 -3259.8174 -3244.4092 -3229.2021 -3214.1968 -3199.292 -3184.5886 -1487.1552 3299.8992 3299.8992 3299.8992 3299.8992 3299.8992 3299.8992 3299.8992 3299.8992 3291.742 3276.132 3260.4216 3244.812 3229.303 3214.1968 3198.8892 3183.783 3168.6768 3153.2683 3138.0615 1982.7393 3130.2063 3146.9238 3163.742 3180.359 3196.6736 3213.0889 3229.303 3245.6177 3261.6301 3277.6428 3293.4539 -3290.8354 -3275.3264 -3259.8174 -3244.4092 -3229.2021 -3214.1968 -3199.292 -3184.5886 -1931.076 3299.8992 3299.8992 3299.8992 3299.8992 3299.8992 3299.8992 3299.8992 3299.8992 3294.058 3278.3477 3262.6372 3247.0276 3231.5186 3216.3115 3201.004 3185.8977 3170.7915 
3154.6782 3139.1692 -491.5558 3145.9167 3162.8357 3179.3518 3195.767 3212.1826 3228.3965 3244.7112 3260.7239 3276.7363 3292.6482 -3291.641 -3276.0315 -3260.4216 -3245.0134 -3229.7058 -3214.4988 -3199.6948 -3184.8906 -3170.288 1135.3821 3299.8992 3299.8992 3299.8992 3299.8992 3299.8992 3299.8992 3299.8992 3299.8992 3294.9646 3279.2542 3263.5437 3247.9338 3232.2234 3216.9158 3201.709 3186.7034 3171.3958 3156.0881 3140.68 -298.69995 3146.7224 3163.44 3179.956 3196.3713 3212.686 3228.9001 3245.2148 3261.3281 3277.4414 3293.2524 -3290.9363 -3275.4272 -3259.8174 -3244.4092 -3229.2021 -3214.096 -3199.1912 -3184.2864 -3169.583 117.92908 3299.8992 3299.8992 3299.8992 3299.8992 3299.8992 3299.8992 3299.8992 3299.8992 3298.59 3282.8796 3267.0684 3251.4587 3235.8489 3220.5413 3205.133 3190.1274 3174.8198 3159.5122 3144.104 447.8485 3146.823 3163.44 3180.0566 3196.5728 3212.8875 3229.1016 3245.3154 3261.4287 3277.4414 3293.3533 -3290.7349 -3275.125 -3259.616 -3244.2078 -3229.0007 -3213.8945 -3198.9897 -3183.9844 -3169.583 -721.9757 3299.8992 3299.8992 3299.8992 3299.8992 3299.8992 3299.8992 3299.8992 3299.8992 3299.8992 3285.8 3269.8882 3254.1777 3238.6687 3223.2605 3208.0535 3192.8467 3177.539 3162.4329 3146.823 976.36414 3146.9238 3163.6414 3180.4595 3196.9756 3213.2903 3229.4036 3245.7183 3261.731 3277.8442 3293.756 -3290.5334 -3274.9236 -3259.314 -3243.9055 -3228.6987 -3213.4917 -3198.587 -3183.783 -3169.1802 -1312.0239 3299.8992 3299.8992 3299.8992 3299.8992 3299.8992 3299.8992 3299.8992 3299.8992 3299.8992 3288.217 3272.5066 3256.5947 3241.1865 3225.6775 3210.4705 3195.1628 3179.956 3164.749 3149.24 1555.133 3146.2188 3163.2385 3179.8552 3196.3713 3212.8875 3229.0007 3245.114 3261.2273 3277.3406 3293.3533 -3290.9363 -3275.2258 -3259.7168 -3244.4092 -3229.1016 -3213.9954 -3199.0906 -3184.085 -3169.4824 -1884.3475 3299.8992 3299.8992 3299.8992 3299.8992 3299.8992 3299.8992 3299.8992 3299.8992 3299.8992 3290.1306 3274.2188 3258.5083 3242.8984 3227.3894 3212.2832 3196.875 3181.668 
3150.247 3135.846 1088.0493 3135.846 3152.4626 3168.8782 3185.092 3201.2053 3217.1172 3233.13 3248.941 3264.5508 3280.1604 3295.6694 -3288.7207 -3273.413 -3258.1055 -3242.8984 -3227.7922 -3212.7869 -3197.9827 -3183.1787 81.7749 3299.8992 3299.8992 3299.8992 3299.8992 3299.8992 3299.8992 3299.8992 3299.8992 3286.203 3270.6938 3255.3862 3240.1794 3225.0732 3210.1685 3195.2637 3180.5603 3166.159 3151.657 3137.155 1672.8607 3135.0403 3151.657 3168.0725 3184.2864 3200.3997 3216.4124 3232.2234 3248.1353 3263.9465 3279.657 3295.0652 -3289.4255 -3274.118 -3258.8103 -3243.6035 -3228.3965 -3213.391 -3198.4863 -3183.783 -1182.5134 3299.8992 3299.8992 3299.8992 3299.8992 3299.8992 3299.8992 3299.8992 3299.8992 3288.5193 3273.1108 3257.8032 3242.4956 3227.2888 3212.384 3197.5798 3182.9773 3168.3745 3153.8726 3139.27 2138.333 3135.443 3152.1606 3168.576 3184.79 3200.9033 3216.8152 3232.8276 3248.7395 3264.45 3280.1604 3295.5688 -3288.922 -3273.6145 -3258.1055 -3243.0999 -3227.9937 -3213.0889 -3198.184 -3183.3801 -1922.5159 3299.8992 3299.8992 3299.8992 3299.8992 3299.8992 3299.8992 3299.8992 3299.8992 3291.1377 3275.6287 3260.2202 3245.0134 3229.9072 3215.0024 3199.9968 3185.3943 3170.7915 3156.2896 3141.687 2524.8503 3135.9465 3152.664 3169.0796 3185.3943 3201.4067 3217.4194 3233.432 3249.2432 3264.9536 3280.664 3296.173 -3288.3179 -3273.0103 -3257.6018 -3242.395 -3227.2888 -3212.384 -3197.6807 -3182.8765 -2469.9646 3299.8992 3299.8992 3299.8992 3299.8992 3299.8992 3299.8992 3299.8992 3299.8992 3293.5547 3278.1462 3262.8386 3247.531 3232.3242 3217.3186 3202.4138 3187.7104 3173.2085 3158.606 3144.0032 2912.5762 3135.745 3152.5635 3168.9788 3185.1929 3201.3062 3217.3186 3233.3313 3249.2432 3264.9536 3280.5632 3296.173 -3288.4185 -3273.0103 -3257.6018 -3242.5964 -3227.4902 -3212.384 -3197.5798 -3182.8765 -2910.3606 3299.8992 3299.8992 3299.8992 3299.8992 3299.8992 3299.8992 3299.8992 3299.8992 3295.468 3279.959 3264.6514 3249.3438 3234.2375 3219.2322 3204.126 3189.5232 3175.0212 

3159.915 3145.816 2496.652 -468.19153 -3048.1292 3154.2754 3169.9858 3185.797 3201.004 3216.3115 3231.72 3246.524 3261.4287 3276.535 3291.0369 3299.8992 -3279.7576 -3265.2556 -3250.653 -3236.3525 -3222.4548 -3208.4563 -2986.1938 1219.1711 3299.8992 3299.8992 3299.8992 3299.8992 3299.8992 3299.8992 3299.8992 3290.332 3275.7292 3260.9253 3246.524 3231.5186 3217.3186 3203.421 3188.7175 3174.417 3160.0159 3145.7153 2562.1123 -477.35596 -3108.7554 3155.2825 3170.993 3186.2 3201.6082 3216.8152 3232.3242 3247.0276 3261.9324 3276.9377 3291.641 3299.8992 -3278.952 -3264.3494 -3250.3508 -3236.0503 -3221.6492 -3207.953 -3137.5579 1004.05884 3299.8992 3299.8992 3299.8992 3299.8992 3299.8992 3299.8992 3299.8992 3292.9504 3278.247 3263.5437 3248.7395 3234.0361 3219.937 3205.536 3190.8325 3176.532 3162.4329 3147.931 2793.338 -196.78345 -2960.3118 3154.3762 3170.288 3185.4949 3201.004 3216.6138 3231.8206 3246.524 3261.4287 3276.3335 3291.0369 3299.8992 -3279.3547 -3264.9536 -3250.5522 -3236.6545 -3222.354 -3208.3557 -3194.0552 689.447 3299.8992 3299.8992 3299.8992 3299.8992 3299.8992 3299.8992 3299.8992 3294.3604 3279.657 3264.5508 3249.8474 3235.2446 3220.944 3207.0464 3192.2424 3177.942 3163.6414 3149.3408 2951.7517 136.25793 -2697.3633 3153.067 3168.7773 3184.2864 3199.6948 3215.103 3230.2092 3245.5168 3260.5225 3275.125 3290.1306 3299.8992 -3280.7646 -3266.464 -3251.9622 -3237.7625 -3223.2605 -3209.1614 -3195.767 324.3805 3299.8992 3299.8992 3299.8992 3299.8992 3299.8992 3299.8992 3299.8992 3295.166 3280.5632 3265.7593 3250.955 3236.0503 3221.7498 3207.7515 3193.048 3178.8481 3164.447 3150.1465 3021.1394 366.37573 -2425.8545 3151.355 3167.3674 3182.9773 3198.285 3213.4917 3228.9001 3243.9055 3258.8103 3273.816 3288.7207 3299.8992 -3282.1746 -3267.874 -3253.473 -3238.971 -3224.8718 -3210.5713 -3196.7742 84.49402 3299.8992 3299.8992 3299.8992 3299.8992 3299.8992 3299.8992 3299.8992 3295.166 3280.5632 3265.8599 3251.056 3236.3525 3222.052 3207.7515 3193.451 3178.949 
-3160.922 -3146.7224 -3132.9253 3299.8992 3299.8992 3299.8992 3299.8992 3299.8992 3299.8992 3299.8992 3299.8992 3299.8992 3299.8992 3299.8992 3290.634 3275.2258 3260.1196 3245.114 3230.4106 3215.7073 3201.5076 3187.207 3172.9065 3178.8481 3195.465 3211.679 3227.7922 3243.6035 3259.2131 3274.823 3290.2312 3299.8992 -3279.2542 -3264.2485 -3249.1423 -3234.439 -3219.635 -3205.0322 -3190.5303 -3176.0283 -3161.8286 -3147.83 -3133.9324 3299.8992 3299.8992 3299.8992 3299.8992 3299.8992 3299.8992 3299.8992 3299.8992 3299.8992 3299.8992 3299.8992 3291.9434 3276.6357 3261.4287 3246.4233 3231.6191 3217.0166 3202.716 3188.4155 3174.3164 3177.841 3194.5586 3210.7727 3226.7852 3242.5964 3258.307 3273.9165 3289.224 3299.8992 -3280.1604 -3265.0542 -3250.0488 -3235.2446 -3220.4407 -3205.9387 -3191.336 -3177.0354 -3162.7349 -3148.6357 -3134.6375 3299.8992 3299.8992 3299.8992 3299.8992 3299.8992 3299.8992 3299.8992 3299.8992 3299.8992 3299.8992 3299.8992 3293.756 3278.4485 3263.04 3248.236 3233.432 3218.7285 3204.428 3190.2283 3175.9277 3177.3376 3193.8538 3210.0676 3226.181 3241.9922 3257.8032 3273.3123 3288.7207 3299.8992 -3280.664 -3265.5579 -3250.653 -3235.7483 -3221.045 -3206.4421 -3191.8396 -3177.4382 -3163.2385 -3149.1394 -3135.2417 3299.8992 3299.8992 3299.8992 3299.8992 3299.8992 3299.8992 3299.8992 3299.8992 3299.8992 3299.8992 3299.8992 3295.166 3279.959 3264.6514 3249.646 3234.8418 3220.2393 3205.7373 3191.6382 3177.539 3176.2297 3192.8467 3209.1614 3225.2747 3241.0857 3256.7961 3272.406 3287.8142 3299.8992 -3281.5703 -3266.464 -3251.4587 -3236.554 -3221.8506 -3207.2478 -3192.7458 -3178.244 -3164.0442 -3150.0457 -3135.9465 3299.8992 3299.8992 3299.8992 3299.8992 3299.8992 3299.8992 3299.8992 3299.8992 3299.8992 3299.8992 3299.8992 3297.0793 3281.7717 3266.464 3251.358 3236.554 3221.9512 3207.4492 3193.35 3179.0496 3175.7263 3192.343 3208.6577 3224.771 3240.6829 3256.2927 3271.9023 3287.4114 3299.8992 -3281.8726 -3266.7664 -3251.9622 -3237.0574 -3222.2534 -3207.6506 -3193.1487 -3178.7476 
2463.217 815.9363 -451.27258 2667.151 2678.833 2705.42 2728.6833 2750.2349 2770.3765 2789.7124 2808.444 2826.37 2844.0947 -2952.0537 -1176.8738 -894.58923 -1743.457 -1143.8416 928.4271 2736.438 2857.9924 2845.2026 2831.204 2818.3135 2802.9053 2787.1948 2404.5044 1813.8519 1758.0597 2492.0195 1909.1217 1354.1199 1399.5392 1922.6166 2078.9153 2667.7551 2690.0115 2679.135 2667.6543 2655.6702 2321.521 750.8789 -275.03357 2824.054 2679.5378 2706.1248 2729.3884 2750.839 2770.9807 2790.216 2808.847 2826.9744 2844.699 -2977.835 -1247.2687 -783.5083 -1713.2446 -1228.1342 -119.64111 1642.2455 2240.2495 2858.0933 2462.5122 2829.4922 2815.796 2731.8054 2207.721 1568.7286 1508.2031 2314.4714 2013.4552 1284.0271 2081.6345 2647.0093 2722.1375 2711.563 2700.485 2689.0044 2677.3223 2665.3381 2616.7969 1216.1499 321.05713 3246.7253 2678.6316 2705.8228 2729.2876 2750.94 2771.1821 2790.3167 2809.0483 2827.1758 2844.9004 3227.893 -1573.1598 -1006.77795 -2046.8903 -1672.4579 -452.17896 1387.2528 2878.9397 2866.452 2853.2593 2839.6636 2826.5715 2810.1562 2732.7117 2174.4873 1978.6102 2678.5308 2271.469 1275.3662 2081.0303 2597.1587 2518.3044 2703.305 2695.4497 2684.3718 2672.891 2661.0076 2480.5388 954.10767 169.29016 3102.008 2678.9336 2705.722 2728.9856 2750.4363 2770.6787 2790.0146 2808.545 2826.6724 2844.4976 -2911.569 -1073.2452 -414.11133 -1468.3228 -1298.3276 -305.4474 1509.8145 2865.9485 2853.7627 2837.3474 2826.37 2611.0564 2458.9873 1938.6292 1421.5942 1325.3174 2080.426 2029.1656 1085.2295 1976.5961 2719.1162 2717.6055 2709.2468 2699.5789 2688.1987 2676.718 2664.8345 2650.4333 2024.0295 1421.2921 -2406.1157 2663.626 2692.8313 2717.505 2739.9626 2760.8093 2780.4473 2799.2798 2817.6086 2835.5347 2873.9043 -2172.0703 -1179.1901 -2068.5425 -1792.099 -650.97656 1197.6196 2813.0767 2865.5457 2849.231 2838.2537 2823.2483 2808.3435 2796.1577 2497.9614 2322.3267 2760.3057 2583.4624 1511.8286 2184.1553 2717.807 2705.1177 2695.8525 2687.5945 2676.5166 2664.9353 2652.951 
-1999.9603 -2138.8367 -2785.0798 -2772.9949 -2761.2122 -2749.7314 -2737.5457 -2548.6174 -2013.1531 -1240.7227 -121.75598 2163.1072 3299.8992 3299.8992 3299.8992 3299.8992 3299.8992 3299.8992 3299.8992 3299.8992 3299.8992 3299.8992 3299.8992 3299.8992 3242.2942 1940.6433 546.54236 -928.62854 -2029.1656 -2920.4314 -2907.3394 -2894.3481 -2881.4575 -2868.869 -2856.1797 -2843.692 -2042.5598 -1440.8295 -1498.8373 -1787.7686 -1975.3876 -2151.3245 -2783.9722 -2771.8872 -2759.9028 -2748.3215 -2464.7278 -2172.2717 -1711.1298 -938.80005 98.0896 2294.5312 3299.8992 3299.8992 3299.8992 3299.8992 3299.8992 3299.8992 3299.8992 3299.8992 3299.8992 3299.8992 3299.8992 3299.8992 3176.9348 1881.0242 534.05457 -920.16907 -2036.4166 -2925.4668 -2912.3748 -2899.2827 -2886.392 -2873.703 -2861.1145 -2848.6267 -2144.577 -1492.4927 -1590.9851 -1838.5254 -2082.0374 -2300.6743 -2786.4897 -2774.4048 -2762.5212 -2750.94 -2738.9556 -2488.8977 -2213.6626 -1480.0049 -413.40637 1767.0227 3299.8992 3299.8992 3299.8992 3299.8992 3299.8992 3299.8992 3299.8992 3299.8992 3299.8992 3299.8992 3299.8992 3299.8992 3299.8992 2023.526 502.9358 -1078.6835 -2240.7532 -2916.0002 -2902.9082 -2889.917 -2877.127 -2864.5386 -2851.7485 -2839.4622 -2519.0093 -1855.2429 -1797.5372 -1982.7393 -2170.9624 -2314.0686 -2772.0886 -2760.205 -2748.3215 -2736.8408 -2702.902 -2424.2432 -1932.5867 -1215.445 102.72217 2298.056 3299.8992 3299.8992 3299.8992 3299.8992 3299.8992 3299.8992 3299.8992 3299.8992 3299.8992 3299.8992 3299.8992 3299.8992 3250.955 1899.8566 483.0963 -1069.4183 -2294.1284 -2909.3535 -2896.161 -2883.1694 -2870.4802 -2857.791 -2845.2026 -2832.7148 -2346.2952 -1640.9363 -1274.2584 -1555.133 -1857.1564 -2091.9067 -2773.4985 -2761.5142 -2749.6306 -2738.0493 -2701.593 -2386.377 -1861.1847 -1147.467 -199.9054 1741.9464 3299.8992 3299.8992 3299.8992 3299.8992 3299.8992 3299.8992 3299.8992 3299.8992 3299.8992 3299.8992 3299.8992 3299.8992 3299.8992 2355.258 1152.2003 -469.0979 -1689.7797 -2851.4465 -2904.6204 -2891.629 -2878.839 -2866.049 -2853.4607 -2840.973 -2381.845 -1611.4288 -1487.558 -1791.1926 
3177.7405 3163.5405 2375.8025 3157.498 3173.3093 3189.1204 3204.2266 3219.635 3234.7412 3249.8474 3265.155 3280.0598 3294.8638 -3290.4326 -3275.9307 -3261.4287 -3246.9268 -3232.6262 -3218.527 -3204.2266 -3190.3289 -3176.532 -2662.317 3299.8992 3299.8992 3299.8992 3299.8992 3299.8992 3299.8992 3299.8992 3299.8992 3299.8992 3295.0652 3280.2612 3265.6584 3251.1565 3236.6545 3222.4548 3208.255 3194.2566 3180.1575 3165.756 2721.6338 3157.6995 3173.9136 3189.7246 3204.6294 3220.1384 3235.5469 3250.5522 3265.5579 3280.4626 3295.2666 -3290.0298 -3275.4272 -3260.9253 -3246.7253 -3232.2234 -3217.9229 -3203.8237 -3190.0269 -3176.1292 -3138.7664 3299.8992 3299.8992 3299.8992 3299.8992 3299.8992 3299.8992 3299.8992 3299.8992 3299.8992 3296.475 3281.6711 3267.0684 3252.4658 3238.1653 3223.764 3209.6648 3195.5657 3181.5674 3167.2668 3101.8066 3155.5847 3171.2952 3186.8042 3202.8167 3218.0237 3232.9285 3247.9338 3263.04 3277.9448 3292.6482 -3292.6482 -3277.9448 -3263.2415 -3248.941 -3234.6404 -3220.4407 -3206.3416 -3192.343 -3178.4453 -3164.5476 3299.8992 3299.8992 3299.8992 3299.8992 3299.8992 3299.8992 3299.8992 3299.8992 3299.8992 3296.878 3282.2754 3267.6726 3253.07 3238.6687 3224.2676 3209.967 3196.0693 3181.9702 3167.7703 3147.6287 3153.8726 3170.288 3185.9985 3201.1047 3216.513 3231.9214 3246.8262 3261.9324 3276.9377 3291.641 3299.8992 -3279.0527 -3264.3494 -3249.8474 -3235.446 -3221.347 -3207.2478 -3193.2495 -3179.3518 -3165.857 3299.8992 3299.8992 3299.8992 3299.8992 3299.8992 3299.8992 3299.8992 3299.8992 3299.8992 3297.885 3283.1816 3268.6797 3253.8757 3239.273 3225.1738 3210.974 3196.9756 3182.8765 3168.6768 3153.772 -2912.5762 3167.4683 3183.078 3198.9897 3214.1968 3229.1016 3244.3083 3259.2131 3274.4202 3289.1235 3299.8992 -3281.6711 -3267.0684 -3252.6672 -3238.2659 -3223.764 -3209.967 -3195.868 -3181.9702 -3167.9717 3299.8992 3299.8992 3299.8992 3299.8992 3299.8992 3299.8992 3299.8992 3299.8992 3299.8992 3298.2878 3283.6853 3268.881 3254.3792 3239.978 3225.5767 3211.5784 3197.177 
3155.484 3140.277 2430.1848 -2994.351 3145.816 3162.7349 3179.1504 3195.5657 3211.9812 3228.195 3244.4092 3260.5225 3276.535 3292.4468 -3291.9434 -3276.233 -3260.8245 -3245.5168 -3230.2092 -3215.2039 -3200.299 -3185.5957 -2304.904 3299.8992 3299.8992 3299.8992 3299.8992 3299.8992 3299.8992 3299.8992 3299.8992 3295.166 3279.5562 3263.8457 3248.0347 3232.6262 3217.4194 3202.2124 3187.1062 3171.8994 3156.6924 3141.3848 2689.4072 -2582.7576 3144.6074 3161.4258 3178.0425 3194.5586 3210.8733 3227.0874 3243.3013 3259.314 3275.3264 3291.2383 -3293.051 -3277.542 -3262.033 -3246.6248 -3231.4177 -3216.3115 -3201.2053 -3186.502 -2656.073 3299.8992 3299.8992 3299.8992 3299.8992 3299.8992 3299.8992 3299.8992 3299.8992 3296.6765 3280.966 3265.3564 3249.646 3234.0361 3218.93 3203.6223 3188.617 3173.3093 3158.1023 3142.8955 2979.7485 -1907.4097 3142.0898 3158.908 3175.7263 3192.1416 3208.4563 3224.6704 3240.8843 3257.0984 3273.0103 3288.922 3299.8992 -3279.7576 -3264.2485 -3248.8403 -3233.6333 -3218.4265 -3203.421 -3188.7175 -2767.3552 3299.8992 3299.8992 3299.8992 3299.8992 3299.8992 3299.8992 3299.8992 3299.8992 3295.468 3279.8584 3264.148 3248.538 3232.9285 3217.7214 3202.4138 3187.3076 3172.2014 3156.9946 3141.687 3024.765 -1804.7882 3140.3777 3157.2966 3173.8127 3190.4297 3206.7444 3222.8577 3239.3738 3255.3862 3271.399 3287.3108 3299.8992 -3281.369 -3265.8599 -3250.4517 -3235.2446 -3220.1384 -3205.0322 -3190.3289 -3019.226 3046.3164 3299.8992 3299.8992 3299.8992 3299.8992 3299.8992 3299.8992 3299.8992 3296.3745 3280.664 3265.155 3249.4446 3233.8347 3218.628 3203.3203 3188.214 3173.108 3158.0017 3142.694 3121.8474 -1039.2059 3137.0544 3153.8726 3170.59 3187.0056 3203.421 3219.7356 3236.0503 3252.1636 3268.1763 3283.9873 3299.7986 -3284.491 -3268.982 -3253.6743 -3238.2659 -3223.1597 -3208.1543 -3193.2495 -3178.244 2331.2896 3299.8992 3299.8992 3299.8992 3299.8992 3299.8992 3299.8992 3299.8992 3296.3745 3280.7646 3265.155 3249.5452 3233.8347 3218.527 3203.421 3188.3147 3173.108 
3166.3604 3150.9521 1819.1895 3146.3196 3163.44 3179.956 3196.5728 3212.8875 3229.2021 3245.3154 3261.5295 3277.6428 3293.5547 -3290.8354 -3275.125 -3259.616 -3244.3083 -3228.9001 -3213.794 -3198.8892 -3183.9844 -3169.281 -2267.743 3299.8992 3299.8992 3299.8992 3299.8992 3299.8992 3299.8992 3299.8992 3299.8992 3299.8992 3292.044 3276.233 3260.4216 3244.812 3229.4036 3213.9954 3198.6877 3183.6821 3168.274 3152.8655 2388.391 3144.8088 3161.9292 3178.5461 3195.0623 3211.4775 3227.6917 3243.9055 3260.0188 3276.0315 3291.9434 3299.8992 -3276.6357 -3260.8245 -3245.6177 -3230.2092 -3215.0024 -3200.299 -3185.3943 -3170.691 -2738.15 3299.8992 3299.8992 3299.8992 3299.8992 3299.8992 3299.8992 3299.8992 3299.8992 3299.8992 3293.2524 3277.542 3261.731 3246.0205 3230.713 3215.2039 3199.8962 3184.6892 3169.3816 3154.074 2726.9714 3143.1975 3160.1165 3176.834 3193.35 3209.7656 3226.181 3242.395 3258.4075 3274.5208 3290.4326 3299.8992 -3278.1462 -3262.4358 -3247.1282 -3231.6191 -3216.6138 -3201.709 -3186.9048 -3172.1008 -2942.3857 3299.8992 3299.8992 3299.8992 3299.8992 3299.8992 3299.8992 3299.8992 3299.8992 3299.8992 3293.2524 3277.542 3261.9324 3246.222 3230.713 3215.4053 3200.1982 3185.092 3169.6838 3154.3762 3003.012 -3281.4697 3157.498 3174.115 3190.7317 3207.1472 3223.361 3239.6758 3255.789 3271.8018 3287.915 3299.8992 -3280.5632 -3264.9536 -3249.646 -3234.2375 -3219.0308 -3204.0251 -3189.2212 -3174.5178 -3157.901 3299.8992 3299.8992 3299.8992 3299.8992 3299.8992 3299.8992 3299.8992 3299.8992 3299.8992 3293.6553 3277.7434 3262.033 3246.4233 3230.8135 3215.5059 3200.3997 3185.1929 3169.8853 3154.4768 3130.7097 -2543.6829 3154.779 3171.4966 3188.1133 3204.428 3220.642 3237.0574 3253.1707 3269.1833 3285.2966 3299.8992 -3283.2825 -3267.6726 -3252.1636 -3236.856 -3221.6492 -3206.6436 -3191.6382 -3177.0354 -3162.2314 3299.8992 3299.8992 3299.8992 3299.8992 3299.8992 3299.8992 3299.8992 3299.8992 3299.8992 3293.8567 3278.1462 3262.3352 3246.8262 3231.1157 3215.808 3200.702 3185.3943 
3160.5193 3145.9167 3130.307 3134.0332 3150.8513 3167.3674 3183.6821 3199.6948 3215.808 3231.72 3247.531 3263.1409 3278.952 3294.5618 -3290.0298 -3274.5208 -3259.2131 -3244.107 -3229.0007 -3213.9954 -3199.0906 -3184.4878 -2700.7874 3299.8992 3299.8992 3299.8992 3299.8992 3299.8992 3299.8992 3299.8992 3299.8992 3297.2808 3281.8726 3266.3635 3251.1565 3235.9497 3220.8435 3206.0393 3191.2354 3176.6326 3162.1306 3147.4272 3127.89 3135.3423 3152.1606 3168.6768 3184.9915 3201.004 3217.1172 3232.9285 3248.941 3264.6514 3280.2612 3295.9717 -3288.7207 -3273.2117 -3257.904 -3242.697 -3227.4902 -3212.5854 -3197.7812 -3182.9773 -3168.6768 3299.8992 3299.8992 3299.8992 3299.8992 3299.8992 3299.8992 3299.8992 3299.8992 3299.7986 3284.2896 3268.7805 3253.5735 3238.2659 3223.1597 3208.255 3193.451 3178.8481 3164.447 3149.945 3134.436 3133.0261 3149.8442 3166.3604 3182.675 3198.7883 3214.801 3230.713 3246.7253 3262.4358 3278.1462 3293.756 -3290.7349 -3275.4272 -3260.1196 -3244.812 -3229.7058 -3214.801 -3199.7954 -3184.9915 -3170.59 3299.8992 3299.8992 3299.8992 3299.8992 3299.8992 3299.8992 3299.8992 3299.8992 3298.892 3283.2825 3267.7734 3252.4658 3237.3596 3222.2534 3207.2478 3192.5444 3177.942 3163.44 3148.938 3133.5295 -3178.8481 3146.823 3163.339 3179.6538 3195.868 3211.7798 3227.7922 3243.704 3259.5154 3275.2258 3290.8354 -3293.6553 -3278.4485 -3263.2415 -3247.8333 -3232.727 -3217.6208 -3202.8167 -3187.8113 -3173.41 3299.8992 3299.8992 3299.8992 3299.8992 3299.8992 3299.8992 3299.8992 3299.8992 3299.4963 3283.786 3268.3777 3253.07 3237.863 3222.7568 3207.852 3193.1487 3178.5461 3163.9434 3149.4414 3134.3352 -1754.5349 3143.6003 3160.2173 3176.532 3192.7458 3208.8591 3224.6704 3240.5823 3256.3933 3271.9023 3287.6128 3299.8992 -3281.4697 -3266.162 -3250.8545 -3235.7483 -3220.642 -3205.7373 -3190.8325 -3176.2297 3299.8992 3299.8992 3299.8992 3299.8992 3299.8992 3299.8992 3299.8992 3299.8992 3299.295 3283.6853 3268.2769 3252.9692 3237.6616 3222.6562 3207.6506 3192.9473 3178.3447 

3164.749 3150.65 3131.012 953.1006 -1915.567 3145.7153 3161.2244 3176.9348 3192.5444 3207.852 3223.2605 3238.3667 3253.2715 3267.9749 3283.081 3297.7844 -3287.6128 -3273.2117 -3259.0117 -3244.3083 -3230.1086 -3215.9087 -3202.011 -300.10986 3299.8992 3299.8992 3299.8992 3299.8992 3299.8992 3299.8992 3299.8992 3292.2454 3277.7434 3262.9395 3248.1353 3233.7341 3219.2322 3205.0322 3190.5303 3176.532 3162.2314 3147.931 3128.4941 868.103 -2132.6934 3144.2046 3160.0159 3175.7263 3191.1345 3206.7444 3222.052 3237.0574 3251.7607 3266.9678 3281.7717 3296.475 -3288.922 -3274.4202 -3260.0188 -3245.7183 -3231.3171 -3217.218 -3203.2195 -737.58545 3299.8992 3299.8992 3299.8992 3299.8992 3299.8992 3299.8992 3299.8992 3293.6553 3279.1533 3264.45 3249.646 3234.9426 3220.642 3206.4421 3192.1416 3177.7405 3163.44 3149.24 3130.9111 1014.23035 -2095.23 3144.6074 3160.3179 3176.0283 3191.1345 3206.4421 3221.7498 3237.0574 3252.1636 3266.6655 3281.4697 3296.475 -3288.8213 -3274.3193 -3259.9182 -3245.5168 -3231.3171 -3217.6208 -3203.421 -1138.9069 3202.5146 3299.8992 3299.8992 3299.8992 3299.8992 3299.8992 3299.8992 3296.0723 3281.6711 3266.565 3251.8616 3237.1582 3222.6562 3208.5571 3194.5586 3179.956 3165.6555 3151.2542 3135.1409 1440.7288 -1614.8529 3142.2913 3158.1023 3173.7122 3189.3218 3204.9316 3220.2393 3235.3455 3250.2502 3265.155 3279.7576 3294.461 -3290.9363 -3276.0315 -3262.033 -3247.6318 -3233.3313 -3219.2322 -3205.133 -1488.7665 2939.8682 3299.8992 3299.8992 3299.8992 3299.8992 3299.8992 3299.8992 3296.878 3282.1746 3267.3706 3252.6672 3238.0645 3223.5625 3209.3628 3194.76 3180.4595 3166.159 3151.8584 3137.2559 1700.8575 -1345.0562 3140.0757 3155.5847 3171.3958 3187.1062 3202.5146 3217.3186 3232.5256 3247.6318 3262.8386 3277.6428 3292.3462 -3292.9504 -3278.4485 -3264.2485 -3249.948 -3235.5469 -3221.4478 -3207.3486 -1718.3807 2879.0405 3299.8992 3299.8992 3299.8992 3299.8992 3299.8992 3299.8992 3295.6694 3280.966 3266.3635 3251.2573 3236.554 3222.1526 3207.852 3193.6523 3179.6538 3165.0513 3150.65 3136.2488 1787.97 -1418.1702 3139.1692 3155.2825 3170.59 3186.099 3201.6082 3216.6138 3232.1228 3246.9268 3261.8315 3276.7363 3291.742 3299.8992 -3279.0527 -3264.9536 -3250.2502 
-3164.447 -3150.4485 -3136.3494 3299.8992 3299.8992 3299.8992 3299.8992 3299.8992 3299.8992 3299.8992 3299.8992 3299.8992 3299.8992 3299.8992 3298.6907 3283.383 3268.0754 3253.07 3238.1653 3223.5625 3209.1614 3194.8608 3180.7617 3174.8198 3191.4368 3207.852 3223.8647 3239.8772 3255.5876 3271.0967 3286.5051 3299.8992 -3282.8796 -3267.7734 -3252.6672 -3237.863 -3223.059 -3208.4563 -3193.8538 -3179.4524 -3165.1519 -3151.0527 -3137.0544 1828.8574 3299.8992 3299.8992 3299.8992 3299.8992 3299.8992 3299.8992 3299.8992 3299.8992 3299.8992 3299.8992 3299.8992 3285.2966 3269.989 3254.8828 3240.0786 3225.3752 3210.8733 3196.5728 3182.373 3174.0142 3191.034 3207.2478 3223.361 3239.273 3255.0842 3270.4924 3286.1023 3299.8992 -3283.2825 -3268.1763 -3253.2715 -3238.2659 -3223.5625 -3208.8591 -3194.3572 -3179.956 -3165.5547 -3151.4556 -3137.6587 -289.63623 3299.8992 3299.8992 3299.8992 3299.8992 3299.8992 3299.8992 3299.8992 3299.8992 3299.8992 3299.8992 3299.8992 3287.3108 3272.0032 3256.897 3241.9922 3227.3894 3212.8875 3198.587 3184.2864 3173.9136 3190.5303 3207.0464 3223.1597 3238.971 3254.782 3270.3918 3285.8 3299.8992 -3283.484 -3268.3777 -3253.372 -3238.4673 -3223.6633 -3208.96 -3194.458 -3180.0566 -3165.756 -3151.657 -3137.7593 -1559.8663 3299.8992 3299.8992 3299.8992 3299.8992 3299.8992 3299.8992 3299.8992 3299.8992 3299.8992 3299.8992 3299.8992 3289.224 3273.816 3258.7097 3243.805 3229.1016 3214.5996 3200.299 3186.099 -920.06836 3189.624 3206.1401 3222.354 3238.2659 3254.0771 3269.6868 3285.0952 3299.8992 -3284.1887 -3269.0825 -3253.9763 -3239.1724 -3224.469 -3209.7656 -3195.1628 -3180.8623 -3166.4612 -3152.362 -3138.4644 -2587.1887 3299.8992 3299.8992 3299.8992 3299.8992 3299.8992 3299.8992 3299.8992 3299.8992 3299.8992 3299.8992 3299.8992 3290.5334 3275.3264 3260.1196 3245.114 3230.5115 3215.9087 3201.6082 3187.4084 1205.6763 3188.7175 3205.2336 3221.347 3237.3596 3253.1707 3268.7805 3284.2896 3299.5972 -3285.0952 -3269.8882 -3254.8828 -3239.978 -3225.3752 -3210.5713 -3196.0693 -3181.668 -3167.2668 -3153.1677 -3138.8672 -3125.6743 3299.8992 3299.8992 3299.8992 3299.8992 3299.8992 3299.8992 3299.8992 3299.8992 3299.8992 3299.8992 3299.8992 3291.9434 3276.535 3261.5295 3246.4233 3231.8206 
2256.665 630.63354 113.80005 3245.5168 2673.294 2700.9888 2725.0579 2746.9116 2767.2546 2786.4897 2805.3223 2823.5503 2841.3757 3107.2449 -979.4861 96.98181 -1031.6528 -1037.5946 -96.780396 1728.8544 2856.482 2843.8933 2828.1829 2817.2058 2802.7039 2787.6982 2649.4263 2115.271 973.645 1384.2316 1537.1063 606.4636 1431.8665 2141.3542 2383.6577 2674.8047 2697.2625 2686.386 2675.006 2663.2231 2646.3042 1646.3745 2050.415 -1621.4996 2653.1523 2684.4727 2710.556 2733.6182 2754.7668 2774.707 2793.8416 2812.271 2830.3984 3037.2527 -2002.9816 -790.0543 -2566.9463 -2718.0083 -1640.4327 418.34106 1951.0162 2874.2065 2556.8755 2846.814 2833.319 2818.8171 2522.6348 1922.0123 1579.5044 2055.7524 2764.8376 1803.1769 2282.2449 2735.8337 2723.5474 2712.973 2704.1106 2692.7307 2681.1492 2669.0642 2653.3538 1740.3351 1464.1937 -2197.9521 2669.6685 2697.8667 2722.0366 2744.0918 2764.7368 2784.2742 2803.1067 2821.4355 2839.2607 2877.127 -2213.2598 -861.7584 -1746.1761 -1746.7804 -25.982666 1975.1862 2871.1853 2858.5967 2844.4976 2831.8083 2818.6157 2802.603 2782.1594 2300.9766 1761.9873 2059.2773 2436.5295 1269.4244 950.07935 1637.4115 2012.9517 2237.329 2702.8015 2692.0256 2680.7463 2668.9636 2653.4546 1849.0997 1778.9062 -1538.5162 2659.3962 2689.81 2715.1885 2737.747 2758.6943 2778.6345 2797.6685 2815.9973 2833.9233 2894.8516 -2154.3457 -676.5564 -1628.952 -2016.6779 -1200.1373 784.4147 1539.2212 2868.9697 2230.8838 2844.5984 2831.1035 2816.803 2690.3137 2196.8445 1786.56 2069.6501 2493.6309 1447.5769 1766.7206 2489.804 2727.777 2717.102 2705.9233 2694.5435 2682.962 2671.0784 2658.49 2223.8342 2172.171 -1086.1359 2654.3608 2685.4797 2711.1602 2734.1216 2755.4717 2775.3113 2794.2444 2812.8752 2830.8013 2848.526 -2568.457 -940.20996 -1539.1205 -1831.5765 -1097.7173 766.69006 2271.3684 2865.6462 2851.7485 2839.1602 2825.9673 2812.3718 2794.4458 2760.0037 2749.6306 2754.2632 2749.4292 2721.4324 2727.4749 2715.9941 2704.7148 2693.637 2682.7605 2672.1863 2661.1084 2649.5269 2633.313 2146.1882 2144.3755 -745.6421 2933.5234 2875.3142 2795.05 2730.496 2727.8777 2749.2278 2769.2688 2788.6047 2983.7769 3128.3936 -2550.2288 -1349.588 -2300.3723 -3032.721 -2478.0212 -792.97485 
-2255.5571 -2496.2493 -2776.117 -2764.2334 -2752.3499 -2740.7683 -2728.7842 -2561.8103 -2085.0586 -1489.7736 -575.24414 1300.5432 3299.8992 3299.8992 3299.8992 3299.8992 3299.8992 3299.8992 3299.8992 3299.8992 3299.8992 3299.8992 3299.8992 3299.8992 3299.8992 2202.182 770.31555 -781.2927 -2239.5447 -2906.433 -2893.341 -2880.3496 -2867.5598 -2854.8706 -2842.3828 -2829.9956 -2391.211 -1576.886 -1437.9089 -1726.4374 -1968.6401 -2135.7146 -2768.4631 -2756.4788 -2744.696 -2733.2153 -2573.6938 -2338.6414 -1945.9808 -1433.2764 -505.7556 1215.3442 3299.8992 3299.8992 3299.8992 3299.8992 3299.8992 3299.8992 3299.8992 3299.8992 3299.8992 3299.8992 3299.8992 3299.8992 3299.8992 2407.727 984.11865 -507.26624 -1672.76 -2836.9446 -2895.1538 -2882.1624 -2869.2717 -2856.784 -2843.9941 -2831.5063 -2536.1296 -1673.0621 -1428.4424 -1690.0818 -1898.8495 -2114.9688 -2769.5708 -2757.6873 -2745.7031 -2734.323 -2722.238 -2598.0652 -2121.6155 -1493.8019 -447.24426 1260.7635 3299.8992 3299.8992 3299.8992 3299.8992 3299.8992 3299.8992 3299.8992 3299.8992 3299.8992 3299.8992 3299.8992 3299.8992 3299.8992 2567.6514 1216.9556 -397.69592 -1714.0503 -2860.0066 -2895.758 -2882.7666 -2869.7754 -2857.1868 -2844.5984 -2832.1106 -2704.6143 -1878.1036 -1544.2566 -1671.8536 -1895.0226 -2093.6187 -2768.2617 -2756.2773 -2744.5952 -2733.014 -2550.9338 -2260.794 -1819.2902 -1326.9287 -374.23096 1210.0067 3299.8992 3299.8992 3299.8992 3299.8992 3299.8992 3299.8992 3299.8992 3299.8992 3299.8992 3299.8992 3299.8992 3299.8992 3299.8992 2387.5854 989.6576 -530.12695 -1743.5577 -2777.426 -2896.161 -2883.2703 -2870.4802 -2857.6904 -2845.2026 -2832.7148 -2424.2432 -1410.315 -1045.8527 -1298.6298 -1529.5532 -1787.265 -2778.6345 -2766.449 -2754.5654 -2742.984 -2730.899 -2590.7134 -2406.9214 -1875.8881 -1032.8613 529.422 2863.632 3299.8992 3299.8992 3299.8992 3299.8992 3299.8992 3299.8992 3299.8992 3299.8992 3299.8992 3299.8992 3299.8992 3299.8992 2771.283 1314.1388 -298.80066 -1501.355 -2587.088 -2897.6714 -2884.5793 -2871.7896 -2859.1003 -2846.5117 -2834.024 -2821.4355 -2071.161 -1594.6106 -1700.1526 -1836.4105 -2057.1624 -2768.7651 -2756.781 -2744.998 -2733.014 -2721.5332 -2565.335 -2104.7974 -1505.1819 -278.96118 1077.6764 3255.9905 3299.8992 3299.8992 3299.8992 3299.8992 3299.8992 3299.8992 3299.8992 
3183.3801 3169.1802 3154.074 -2450.5278 3166.3604 3182.1716 3197.177 3212.7869 3228.0945 3243.0999 3258.307 3273.3123 3288.1165 3299.8992 -3282.5774 -3267.874 -3253.473 -3239.1724 -3224.8718 -3210.7727 -3196.6736 -3182.776 -3169.281 3299.8992 3299.8992 3299.8992 3299.8992 3299.8992 3299.8992 3299.8992 3299.8992 3299.8992 3298.2878 3283.5845 3268.881 3254.5806 3239.978 3225.5767 3211.4775 3197.2778 3183.3801 3169.1802 3154.5776 -1351.8036 3163.037 3178.7476 3194.6594 3209.967 3224.771 3240.0786 3254.9834 3269.8882 3284.9944 3299.4963 -3285.6995 -3271.298 -3256.6956 -3242.395 -3227.7922 -3213.8945 -3199.8962 -3185.8977 -3171.8994 2603.9062 3299.8992 3299.8992 3299.8992 3299.8992 3299.8992 3299.8992 3299.8992 3299.8992 3299.1943 3284.1887 3269.6868 3255.0842 3240.6829 3226.3823 3212.2832 3197.9827 3184.085 3169.8853 3155.081 -590.45105 3161.4258 3177.1362 3192.1416 3207.852 3223.2605 3238.4673 3253.5735 3268.2769 3283.2825 3298.0864 -3287.21 -3272.6074 -3258.4075 -3244.0063 -3229.5044 -3215.4053 -3201.3062 -3187.3076 -3173.7122 1783.5388 3299.8992 3299.8992 3299.8992 3299.8992 3299.8992 3299.8992 3299.8992 3299.8992 3298.892 3283.9873 3269.1833 3254.6814 3240.28 3226.181 3211.9812 3197.5798 3183.6821 3169.4824 3155.081 40.081787 3159.2102 3175.0212 3190.2283 3205.838 3221.1455 3236.2517 3251.358 3266.3635 3281.1675 3296.0723 -3289.4255 -3274.7222 -3260.2202 -3245.819 -3231.4177 -3217.4194 -3203.3203 -3189.3218 -3175.7263 771.42334 3299.8992 3299.8992 3299.8992 3299.8992 3299.8992 3299.8992 3299.8992 3299.8992 3299.3958 3284.6924 3269.989 3255.1848 3240.8843 3226.4832 3212.4846 3198.184 3184.3872 3170.1873 3155.3833 746.9513 3157.0952 3172.9065 3188.0127 3203.7231 3219.0308 3234.0361 3249.2432 3264.3494 3279.1533 3293.756 -3291.339 -3276.8372 -3262.3352 -3247.8333 -3233.8347 -3219.3328 -3205.2336 -3191.4368 -3177.6396 -87.61597 3299.8992 3299.8992 3299.8992 3299.8992 3299.8992 3299.8992 3299.8992 3299.8992 3299.0935 3284.3901 3269.6868 3255.0842 3240.5823 3226.2817 3212.1826 3197.9827 3184.085 3169.9858 3155.2825 1123.9014 3155.5847 3171.0938 3187.0056 3202.3132 3217.3186 3232.5256 3247.7324 3262.6372 3277.542 3292.5476 -3293.051 -3278.4485 -3263.9465 -3249.4446 -3235.2446 -3220.944 
3158.0017 3142.694 3126.9836 -539.5935 3134.436 3151.2542 3168.0725 3184.4878 3200.9033 3217.218 3233.432 3249.646 3265.6584 3281.5703 3297.3816 -3287.0085 -3271.4995 -3256.0913 -3240.7837 -3225.5767 -3210.5713 -3195.6665 -3180.7617 2018.8934 3299.8992 3299.8992 3299.8992 3299.8992 3299.8992 3299.8992 3299.8992 3295.5688 3279.959 3264.2485 3248.538 3233.029 3217.7214 3202.6152 3187.4084 3172.3022 3156.9946 3141.989 3126.3794 -158.61511 3131.4148 3148.4343 3165.1519 3181.4666 3197.9827 3214.3982 3230.612 3246.8262 3262.738 3278.8513 3294.5618 -3289.7278 -3274.2188 -3258.7097 -3243.3013 -3228.195 -3213.2903 -3198.3855 -3183.8835 771.72546 3299.8992 3299.8992 3299.8992 3299.8992 3299.8992 3299.8992 3299.8992 3298.1873 3282.5774 3266.9678 3251.358 3235.6475 3220.3398 3205.2336 3190.0269 3174.8198 3159.7136 3144.5068 3128.595 359.93042 3131.2134 3148.233 3164.9504 3181.4666 3197.7812 3214.1968 3230.4106 3246.6248 3262.6372 3278.549 3294.461 -3289.9292 -3274.2188 -3258.8103 -3243.5027 -3228.3965 -3213.391 -3198.3855 -3183.9844 601.3275 3299.8992 3299.8992 3299.8992 3299.8992 3299.8992 3299.8992 3299.8992 3298.892 3283.1816 3267.572 3251.8616 3236.2517 3220.8435 3205.7373 3190.631 3175.525 3160.3179 3145.111 3129.7026 642.7185 3130.005 3147.0244 3163.742 3180.258 3196.6736 3212.9883 3229.303 3245.4163 3261.4287 3277.4414 3293.2524 -3291.1377 -3275.5278 -3260.0188 -3244.7112 -3229.5044 -3214.4988 -3199.594 -3184.5886 135.04944 3299.8992 3299.8992 3299.8992 3299.8992 3299.8992 3299.8992 3299.8992 3299.7986 3284.0881 3268.3777 3252.7678 3237.1582 3221.7498 3206.543 3191.336 3176.4312 3161.2244 3146.1182 3130.4077 1208.3954 3127.6885 3144.8088 3161.5264 3178.1433 3194.458 3210.7727 3227.0874 3243.3013 3259.314 3275.2258 3291.2383 -3293.1519 -3277.4414 -3262.1338 -3246.6248 -3231.5186 -3216.3115 -3201.4067 -3186.502 -378.4607 3299.8992 3299.8992 3299.8992 3299.8992 3299.8992 3299.8992 3299.8992 3299.8992 3284.491 3268.6797 3253.07 3237.4602 3222.1526 3206.845 3191.8396 3176.532 3161.4258 3146.3196 3131.012 1649.6979 3125.171 3142.1904 3158.908 3175.424 3191.9402 3208.3557 3224.6704 3240.7837 3256.897 3272.8088 3288.7207 3299.8992 -3280.0598 -3264.45 -3249.1423 -3233.8347 
3170.0867 3154.779 3135.6445 -2231.1858 3153.5706 3170.1873 3186.9048 3203.2195 3219.4336 3235.7483 3251.9622 3267.9749 3284.1887 3299.8992 -3284.3901 -3268.7805 -3253.2715 -3237.9639 -3222.7568 -3207.7515 -3192.7458 -3178.1433 -3163.44 3293.8567 3299.8992 3299.8992 3299.8992 3299.8992 3299.8992 3299.8992 3299.8992 3299.8992 3295.468 3279.657 3263.9465 3248.1353 3232.6262 3217.3186 3202.011 3186.9048 3171.698 3156.189 3140.68 -1177.8809 3150.65 3167.4683 3183.9844 3200.299 3216.7144 3232.9285 3249.1423 3265.2556 3281.2683 3297.0793 -3287.1094 -3271.6003 -3255.9905 -3240.6829 -3225.476 -3210.3699 -3195.465 -3180.661 -3165.857 2622.7385 3299.8992 3299.8992 3299.8992 3299.8992 3299.8992 3299.8992 3299.8992 3299.8992 3294.8638 3279.1533 3263.3423 3247.6318 3232.2234 3216.8152 3201.6082 3186.4014 3171.2952 3155.7861 3140.1763 -971.8323 3149.24 3166.159 3182.675 3199.0906 3215.4053 3231.6191 3247.9338 3264.047 3279.959 3295.7703 -3288.3179 -3272.708 -3257.2998 -3241.7908 -3226.5837 -3211.5784 -3196.6736 -3181.8694 -3166.9646 2014.3616 3299.8992 3299.8992 3299.8992 3299.8992 3299.8992 3299.8992 3299.8992 3299.8992 3295.5688 3279.7576 3263.9465 3248.236 3232.727 3217.3186 3202.1118 3186.9048 3171.698 3156.3904 3140.68 -558.728 3147.931 3164.749 3181.366 3197.7812 3214.096 3230.4106 3246.7253 3262.738 3278.7505 3294.6624 -3289.5264 -3273.9165 -3258.5083 -3242.9993 -3227.7922 -3212.7869 -3197.7812 -3182.9773 -3168.173 1072.7417 3299.8992 3299.8992 3299.8992 3299.8992 3299.8992 3299.8992 3299.8992 3299.8992 3297.0793 3281.369 3265.6584 3249.8474 3234.3384 3218.93 3203.7231 3188.617 3173.41 3158.0017 3141.989 490.5487 3145.0103 3161.7278 3178.4453 3194.9614 3211.377 3227.4902 3243.704 3260.0188 3276.0315 3291.742 3299.8992 -3276.8372 -3261.1267 -3245.9197 -3230.5115 -3215.4053 -3200.5005 -3185.5957 -3170.993 612.6068 3299.8992 3299.8992 3299.8992 3299.8992 3299.8992 3299.8992 3299.8992 3299.8992 3295.9717 3280.2612 3264.5508 3248.639 3233.2305 3217.7214 3202.6152 3187.3076 3172.1008 3156.9946 3140.982 828.6255 3142.2913 3159.1094 3175.7263 3192.2424 3208.6577 3224.8718 3240.985 3257.199 3273.3123 3289.224 3299.8992 -3279.3547 -3263.745 -3248.3367 -3233.13 -3217.9229 
3163.742 3149.3408 3134.3352 -1035.2783 3141.4856 3158.0017 3174.3164 3190.631 3206.6436 3222.6562 3238.6687 3254.2786 3269.989 3285.5986 3299.8992 -3283.383 -3268.3777 -3252.9692 -3237.7625 -3222.6562 -3207.7515 -3192.9473 -3178.1433 3299.8992 3299.8992 3299.8992 3299.8992 3299.8992 3299.8992 3299.8992 3299.8992 3299.1943 3283.5845 3268.0754 3252.7678 3237.6616 3222.4548 3207.55 3192.8467 3178.0425 3163.6414 3149.24 3134.3352 -118.13049 3138.565 3155.182 3171.5972 3187.7104 3203.8237 3219.8364 3235.7483 3251.5593 3267.1692 3282.8796 3298.2878 -3286.203 -3270.7947 -3255.5876 -3240.28 -3225.2747 -3210.269 -3195.465 -3180.8623 2533.7126 3299.8992 3299.8992 3299.8992 3299.8992 3299.8992 3299.8992 3299.8992 3298.892 3283.484 3267.9749 3252.6672 3237.561 3222.354 3207.55 3192.5444 3178.0425 3163.5405 3149.0386 3134.3352 799.9237 3135.846 3152.362 3168.8782 3185.092 3201.1047 3217.1172 3233.13 3248.8403 3264.3494 3280.0598 3295.6694 -3288.922 -3273.6145 -3258.307 -3242.9993 -3227.7922 -3212.7869 -3198.0835 -3183.2793 1128.2318 3299.8992 3299.8992 3299.8992 3299.8992 3299.8992 3299.8992 3299.8992 3299.295 3283.8867 3268.4783 3252.9692 3237.863 3222.6562 3207.7515 3193.048 3178.3447 3163.9434 3149.3408 3134.738 1209.1003 3134.6375 3151.2542 3167.5688 3183.8835 3199.8962 3216.11 3232.022 3247.531 3263.3423 3278.952 3294.5618 -3290.1306 -3274.6216 -3259.314 -3244.107 -3229.0007 -3214.096 -3199.1912 -3184.3872 -58.61206 3299.8992 3299.8992 3299.8992 3299.8992 3299.8992 3299.8992 3299.8992 3299.8992 3285.3972 3269.8882 3254.6814 3239.4744 3224.3682 3209.262 3194.458 3179.956 3165.3533 3150.7507 3136.2488 2072.2686 3132.7239 3149.3408 3165.756 3181.9702 3198.0835 3214.1968 3230.2092 3245.9197 3261.6301 3277.3406 3292.8496 -3291.742 -3276.3335 -3260.9253 -3245.9197 -3230.713 -3215.7073 -3200.702 -3186.099 -867.09595 3299.8992 3299.8992 3299.8992 3299.8992 3299.8992 3299.8992 3299.8992 3299.8992 3285.8 3270.3918 3254.8828 3239.6758 3224.5696 3209.6648 3194.8608 3180.1575 3165.6555 3151.1536 3136.5508 2415.0786 3131.5154 3148.3337 3164.6484 3180.7617 3196.875 3212.8875 3228.7993 3244.812 3260.5225 3276.233 3291.742 -3292.749 -3277.3406 -3262.033 -3246.7253 -3231.6191 

-3236.0503 -3222.1526 -3208.0535 -2165.5242 2340.5547 3299.8992 3299.8992 3299.8992 3299.8992 3299.8992 3299.8992 3298.0864 3283.484 3268.6797 3254.0771 3239.3738 3224.8718 3210.5713 3196.3713 3182.373 3168.0725 3153.3691 3138.9678 2081.0303 -971.228 3176.3306 3153.8726 3169.1802 3184.6892 3200.1982 3215.6067 3230.9143 3245.9197 3260.9253 3275.7292 3290.4326 3299.8992 -3280.3618 -3265.9607 -3251.5593 -3237.1582 -3223.361 -3208.8591 -2408.6333 2070.6572 3299.8992 3299.8992 3299.8992 3299.8992 3299.8992 3299.8992 3299.295 3284.5916 3269.8882 3255.0842 3240.28 3225.9795 3211.679 3197.4792 3183.1787 3168.8782 3154.6782 3140.0757 2303.7964 -876.2604 3230.8135 3153.067 3168.9788 3184.4878 3199.8962 3215.103 3230.4106 3245.4163 3260.4216 3275.2258 3289.8284 3299.8992 -3280.8655 -3266.464 -3252.2644 -3237.9639 -3223.462 -3209.4634 -2696.9604 1682.3273 3299.8992 3299.8992 3299.8992 3299.8992 3299.8992 3299.8992 3299.8992 3286.5051 3271.8018 3256.9976 3242.2942 3227.5908 3213.2903 3199.0906 3184.79 3170.4895 3156.3904 3141.989 2475.5034 -673.23303 -3287.0085 3153.2683 3168.9788 3184.3872 3199.6948 3214.801 3230.31 3245.3154 3260.2202 3275.2258 3289.8284 3299.8992 -3281.1675 -3266.6655 -3252.063 -3237.7625 -3223.5625 -3209.5642 -2944.5007 1202.7557 3299.8992 3299.8992 3299.8992 3299.8992 3299.8992 3299.8992 3299.8992 3289.4255 3274.7222 3259.8174 3245.3154 3230.713 3216.211 3201.9104 3187.8113 3173.5107 3159.2102 3144.8088 2708.5417 -285.80933 -2914.9932 3151.9592 3167.871 3183.3801 3198.6877 3213.8945 3229.1016 3244.3083 3259.4146 3274.3193 3289.1235 3299.8992 -3281.6711 -3267.1692 -3252.9692 -3238.568 -3224.3682 -3210.3699 -3069.58 1052.6001 3299.8992 3299.8992 3299.8992 3299.8992 3299.8992 3299.8992 3299.8992 3289.7278 3275.0244 3260.4216 3245.819 3231.1157 3216.8152 3202.3132 3188.214 3173.9136 3159.7136 3144.9097 2796.6614 -272.7173 -2846.6125 3151.4556 3167.0654 3182.5745 3198.0835 3213.693 3229.0007 3244.0063 3258.9111 3273.816 3288.5193 3299.8992 -3282.4768 -3267.9749 -3253.2715 
3217.218 3202.8167 3188.7175 2703.305 3187.6099 3204.2266 3220.3398 3236.2517 3252.063 3267.6726 3283.1816 3298.59 -3286.203 -3270.8953 -3255.89 -3240.985 -3226.2817 -3211.5784 -3196.9756 -3182.5745 -3168.274 -3154.074 -3140.0757 -3126.0771 3299.8992 3299.8992 3299.8992 3299.8992 3299.8992 3299.8992 3299.8992 3299.8992 3299.8992 3299.8992 3299.8992 3293.3533 3278.0457 3262.8386 3247.8333 3233.13 3218.527 3204.126 3190.0269 3175.2227 3186.3005 3202.8167 3219.0308 3235.0432 3250.955 3266.464 3282.074 3297.3816 -3287.3108 -3272.1038 -3257.0984 -3242.1936 -3227.3894 -3212.686 -3198.0835 -3183.6821 -3169.3816 -3155.2825 -3141.1833 -3127.2856 3299.8992 3299.8992 3299.8992 3299.8992 3299.8992 3299.8992 3299.8992 3299.8992 3299.8992 3299.8992 3299.8992 3294.461 3279.1533 3263.9465 3248.8403 3234.2375 3219.635 3205.2336 3191.034 3176.532 3185.3943 3201.9104 3218.225 3234.137 3249.948 3265.6584 3281.1675 3296.576 -3288.217 -3272.8088 -3257.904 -3243.0999 -3228.195 -3213.4917 -3198.8892 -3184.3872 -3170.0867 -3155.9875 -3141.989 -3128.1921 3299.8992 3299.8992 3299.8992 3299.8992 3299.8992 3299.8992 3299.8992 3299.8992 3299.8992 3299.8992 3299.8992 3295.8708 3280.5632 3265.2556 3250.3508 3235.5469 3220.944 3206.543 3192.2424 3178.0425 3184.2864 3200.9033 3217.218 3233.13 3248.941 3264.6514 3280.0598 3295.6694 -3289.1235 -3273.9165 -3258.8103 -3243.9055 -3229.1016 -3214.3982 -3199.7954 -3185.2935 -3170.993 -3156.7932 -3142.8955 -3128.9978 3299.8992 3299.8992 3299.8992 3299.8992 3299.8992 3299.8992 3299.8992 3299.8992 3299.8992 3299.8992 3299.8992 3297.1802 3281.9731 3266.6655 3251.6602 3236.7554 3222.1526 3207.852 3193.451 3179.251 3183.078 3199.594 3215.808 3231.9214 3247.7324 3263.3423 3278.952 3294.3604 -3290.2312 -3275.125 -3260.0188 -3245.0134 -3230.31 -3215.5059 -3200.9033 -3186.502 -3172.1008 -3157.901 -3144.0032 -3130.1055 3299.8992 3299.8992 3299.8992 3299.8992 3299.8992 3299.8992 3299.8992 3299.8992 3299.8992 3299.8992 3299.8992 3298.1873 3282.8796 3267.6726 3252.6672 3237.863 
584.9121 1862.4939 1243.6432 1935.0037 1638.62 1301.3489 942.3248 419.9524 134.84802 212.99744 1132.0587 214.20593 339.18457 860.85205 1415.3503 1388.6627 2429.1777 2804.013 2791.8274 2778.836 2758.8958 1789.7827 1713.9496 -1309.8083 2759.7014 2780.6487 2800.5889 2819.6228 2838.153 2856.2805 2874.1057 2891.7297 2908.85 2925.6682 -2959.607 -1042.4286 -1328.2379 -1722.8119 -1022.89124 885.3241 2416.9922 2940.6738 2924.2583 2913.0798 2899.6855 2885.6873 2872.6958 2856.381 2833.8225 2829.3914 2818.515 2467.9504 2263.6138 2781.6558 2769.7722 2758.6943 2748.6235 2737.0422 2725.36 2713.2751 2697.8667 1997.8455 1951.2177 -989.4562 2694.9463 2720.5261 2743.1853 2764.2334 2784.0728 2803.1067 2821.637 2839.7644 2857.489 2875.0122 -1856.4514 -35.046387 -436.4685 -1171.3348 -952.8992 751.58386 2137.9302 2875.415 2858.9995 2849.4324 2836.5417 2822.2412 2806.3293 2715.088 1298.7305 1065.5914 1823.5199 1307.6935 1158.0414 2164.7185 2714.3828 2726.8706 2719.821 2708.844 2697.5647 2685.7817 2673.6968 2456.6711 2641.571 292.45605 3024.9663 2683.7676 2709.9517 2733.1145 2754.4646 2774.5056 2793.6401 2812.271 2830.2979 2848.0225 -2917.4102 -1132.3608 -1944.1681 -2654.0588 -2284.8633 -410.48584 1055.2185 2713.98 2233.905 2867.2576 2854.2664 2838.455 2823.9531 2560.199 1935.91 1963.6047 2783.368 2646.1028 2118.0908 2740.9697 2734.5244 2722.7417 2713.678 2702.6 2691.0186 2679.135 2667.05 2451.7363 2448.1108 -33.83789 2655.1665 2686.4868 2712.268 2735.33 2756.3782 2776.419 2795.453 2813.9832 2832.0098 2849.7344 -3073.9104 -1260.0586 -1208.9996 -1960.2814 -951.58997 932.75757 2247.5005 2867.157 2851.648 2840.7715 2827.8809 2814.386 2797.6685 2693.4355 2134.8083 2026.3458 2718.3105 2249.5146 758.5327 1665.7104 2378.5217 2435.9253 2698.5718 2690.8171 2679.7393 2668.3594 2656.375 2509.5427 2533.0078 148.84644 2835.6353 2672.2869 2699.8809 2723.8494 2745.7031 2766.1467 2785.4827 2804.4158 2822.4426 2840.2678 -3194.76 -1442.4408 -1165.5945 -2095.935 -1860.7819 -128.2013 
3299.8992 3299.8992 3299.8992 3299.8992 3299.8992 2398.9653 1023.8983 -521.16394 -1741.9464 -2803.4087 -2892.5354 -2879.544 -2866.6533 -2854.065 -2841.4763 -2829.0894 -2809.0483 -1956.8573 -1275.1648 -1434.3842 -1678.7018 -1957.1594 -2768.2617 -2756.3782 -2744.3938 -2732.913 -2721.0295 -2549.3225 -2077.9082 -1554.9316 -731.34155 584.40857 2584.671 3299.8992 3299.8992 3299.8992 3299.8992 3299.8992 3299.8992 3299.8992 3299.8992 3299.8992 3299.8992 3299.8992 3299.8992 2951.651 1875.4852 265.16418 -1153.4088 -2373.7883 -2899.6855 -2886.5935 -2873.703 -2861.0137 -2848.3245 -2835.9375 -2823.2483 -2078.311 -1588.6688 -1711.9354 -2217.389 -2519.3115 -2767.2546 -2755.371 -2743.4875 -2732.0068 -2720.0225 -2659.6985 -2159.784 -1519.5831 -779.6814 426.1963 2559.8967 3299.8992 3299.8992 3299.8992 3299.8992 3299.8992 3299.8992 3299.8992 3299.8992 3299.8992 3299.8992 3299.8992 3299.8992 2963.9373 1598.8403 29.507446 -1597.229 -2766.8518 -2891.629 -2878.5369 -2865.8477 -2853.2593 -2840.6707 -2828.1829 -2811.969 -1910.5316 -1336.7981 -1392.4896 -1767.627 -1959.375 -2767.0532 -2755.0688 -2743.1853 -2731.2012 -2719.6196 -2455.664 -2046.0846 -1639.1235 -923.1903 289.73694 2562.918 3299.8992 3299.8992 3299.8992 3299.8992 3299.8992 3299.8992 3299.8992 3299.8992 3299.8992 3299.8992 3299.8992 3299.8992 3059.0056 1702.066 193.35938 -1189.7644 -2226.3518 -2897.0671 -2883.8745 -2871.0845 -2858.2947 -2845.6055 -2833.1177 -2820.8313 -2193.1182 -1502.5635 -1555.7373 -1731.6742 -1886.6638 -2769.3694 -2757.2844 -2745.401 -2733.4167 -2721.8352 -2710.0525 -2312.6587 -1733.2855 -944.03687 159.32007 2356.2651 3299.8992 3299.8992 3299.8992 3299.8992 3299.8992 3299.8992 3299.8992 3299.8992 3299.8992 3299.8992 3299.8992 3299.8992 3174.417 1788.3728 164.55688 -1252.002 -2372.7812 -2894.4487 -2881.3567 -2868.466 -2855.9783 -2843.1885 -2830.7007 -2818.3135 -2205.1025 -1536.3007 -1578.7994 -1786.2579 -2012.7502 -2765.8447 -2753.7598 -2741.9768 -2729.9927 -2636.2334 -2393.628 -2056.3567 -1601.6602 -948.1659 43.606567 2144.3755 3299.8992 3299.8992 3299.8992 3299.8992 3299.8992 3299.8992 3299.8992 
-3206.845 -3192.8467 -3178.7476 -983.7158 3299.8992 3299.8992 3299.8992 3299.8992 3299.8992 3299.8992 3299.8992 3299.8992 3299.8992 3285.901 3270.996 3256.4941 3242.0928 3227.7922 3213.4917 3199.4934 3185.4949 3171.3958 3156.6924 1719.0857 3154.074 3170.0867 3185.797 3201.2053 3216.11 3231.2163 3246.3225 3261.3281 3276.4343 3291.1377 3299.8992 -3279.657 -3265.0542 -3250.653 -3236.3525 -3222.052 -3207.7515 -3194.0552 -3179.956 -1746.1761 3299.8992 3299.8992 3299.8992 3299.8992 3299.8992 3299.8992 3299.8992 3299.8992 3299.8992 3286.4043 3272.0032 3257.199 3242.7979 3228.3965 3214.096 3200.0977 3186.099 3172 3157.8003 2254.4495 3152.9663 3168.8782 3183.9844 3199.6948 3215.0024 3230.2092 3245.3154 3260.321 3275.2258 3290.0298 3299.8992 -3280.5632 -3266.3635 -3251.6602 -3237.3596 -3223.059 -3208.96 -3194.9614 -3181.2651 -2314.27 3299.8992 3299.8992 3299.8992 3299.8992 3299.8992 3299.8992 3299.8992 3299.8992 3299.8992 3287.4114 3272.8088 3258.307 3243.6035 3229.303 3215.2039 3201.004 3187.1062 3173.007 3158.5051 2649.0234 3150.9521 3166.864 3182.776 3198.184 3213.1897 3228.3965 3243.3013 3258.5083 3273.413 3288.1165 3299.8992 -3282.2754 -3267.874 -3253.5735 -3239.1724 -3224.8718 -3210.7727 -3196.7742 -3182.675 -2865.747 3299.8992 3299.8992 3299.8992 3299.8992 3299.8992 3299.8992 3299.8992 3299.8992 3299.8992 3288.3179 3273.6145 3259.1125 3244.7112 3230.1086 3216.0095 3201.8096 3188.0127 3173.8127 3159.613 2979.2449 3150.1465 3166.0583 3181.2651 3197.0764 3212.4846 3227.3894 3242.697 3257.7026 3272.6074 3287.5122 3299.8992 -3283.1816 -3268.579 -3254.0771 -3239.7766 -3225.476 -3211.5784 -3197.3784 -3183.6821 -3145.3125 3299.8992 3299.8992 3299.8992 3299.8992 3299.8992 3299.8992 3299.8992 3299.8992 3299.8992 3289.5264 3274.823 3260.1196 3245.6177 3231.3171 3217.218 3202.9175 3188.919 3174.8198 3160.7207 3126.3794 3148.5352 3164.447 3180.5603 3195.9685 3210.974 3226.181 3241.4885 3256.2927 3271.298 3286.1023 3299.8992 -3284.491 -3269.989 -3255.5876 -3240.985 -3226.886 
-3218.7285 -3203.9246 -3189.3218 -1092.8833 3299.8992 3299.8992 3299.8992 3299.8992 3299.8992 3299.8992 3299.8992 3299.8992 3285.6995 3270.1904 3254.3792 3238.87 3223.462 3208.255 3193.048 3177.841 3162.9363 3147.6287 3131.8176 1949.0021 3174.2156 3141.3848 3158.2031 3174.7192 3191.1345 3207.55 3223.764 3240.0786 3256.0913 3272.1038 3288.0156 3299.8992 -3280.664 -3265.0542 -3249.8474 -3234.5398 -3219.3328 -3204.5288 -3190.0269 -1474.8688 3299.8992 3299.8992 3299.8992 3299.8992 3299.8992 3299.8992 3299.8992 3299.8992 3286.6057 3270.8953 3255.1848 3239.6758 3224.1667 3208.8591 3193.9543 3178.6467 3163.6414 3148.4343 3132.5225 2208.4258 -3201.3062 3140.3777 3157.196 3173.8127 3190.2283 3206.6436 3222.9583 3239.0715 3255.1848 3271.1975 3287.1094 3299.8992 -3281.6711 -3266.0613 -3250.7537 -3235.5469 -3220.3398 -3205.3345 -3190.933 -1773.0652 3299.8992 3299.8992 3299.8992 3299.8992 3299.8992 3299.8992 3299.8992 3299.8992 3287.1094 3271.6003 3255.89 3240.28 3224.771 3209.6648 3194.5586 3179.3518 3164.2456 3149.0386 3133.3281 2624.3499 -2615.387 3137.6587 3154.3762 3170.993 3187.4084 3203.8237 3220.0378 3236.3525 3252.4658 3268.3777 3284.3901 3299.8992 -3284.1887 -3268.579 -3253.2715 -3238.1653 -3222.9583 -3207.953 -3192.9473 -2011.0382 3299.8992 3299.8992 3299.8992 3299.8992 3299.8992 3299.8992 3299.8992 3299.8992 3286.0015 3270.3918 3254.5806 3238.971 3223.5625 3208.4563 3193.2495 3178.1433 3163.1377 3147.931 3132.7239 2749.4292 -2563.3208 3135.745 3152.664 3169.1802 3185.6963 3202.1118 3218.3257 3234.6404 3250.7537 3266.6655 3282.5774 3298.3887 -3286.0015 -3270.4924 -3255.0842 -3239.7766 -3224.6704 -3209.6648 -3194.5586 -2664.5325 3299.8992 3299.8992 3299.8992 3299.8992 3299.8992 3299.8992 3299.8992 3299.8992 3288.922 3273.2117 3257.5012 3241.8914 3226.2817 3211.1755 3196.0693 3180.8623 3165.756 3150.65 3135.443 2938.0554 -2008.6212 3135.5437 3152.362 3168.9788 3185.4949 3201.8096 3218.1243 3234.3384 3250.5522 3266.565 3282.376 3298.1873 -3286.1023 -3270.5933 -3255.1848 -3239.8772 
-3202.9175 -3187.9119 -3173.7122 -312.89978 3299.8992 3299.8992 3299.8992 3299.8992 3299.8992 3299.8992 3299.8992 3299.8992 3296.6765 3280.7646 3264.9536 3249.3438 3233.7341 3218.3257 3203.119 3188.1133 3172.9065 3157.5989 3141.5862 1204.9713 3141.0828 3157.901 3174.7192 3191.2354 3207.55 3223.6633 3239.8772 3255.9905 3272.2046 3288.217 3299.8992 -3280.4626 -3264.9536 -3249.4446 -3234.0361 -3219.0308 -3203.8237 -3189.0198 -3174.7192 -1042.63 3299.8992 3299.8992 3299.8992 3299.8992 3299.8992 3299.8992 3299.8992 3299.8992 3297.9858 3282.074 3266.464 3250.653 3234.9426 3219.635 3204.3274 3189.3218 3174.0142 3158.8074 3142.7947 1765.4114 3139.3706 3156.189 3172.8057 3189.4226 3205.9387 3222.052 3238.2659 3254.3792 3270.4924 3286.5051 3299.8992 -3281.9731 -3266.464 -3251.056 -3235.7483 -3220.5413 -3205.536 -3190.5303 -3176.3306 -1635.5988 3299.8992 3299.8992 3299.8992 3299.8992 3299.8992 3299.8992 3299.8992 3299.8992 3298.59 3282.8796 3267.1692 3251.4587 3235.7483 3220.4407 3205.0322 3190.0269 3174.8198 3159.7136 3143.7012 2208.8286 3137.4573 3154.3762 3171.1943 3187.6099 3204.0251 3220.2393 3236.3525 3252.7678 3268.6797 3284.793 3299.8992 -3283.6853 -3268.2769 -3252.7678 -3237.4602 -3222.2534 -3207.0464 -3192.2424 -3177.841 -2226.8555 3299.8992 3299.8992 3299.8992 3299.8992 3299.8992 3299.8992 3299.8992 3299.8992 3299.6978 3283.9873 3268.0754 3252.365 3236.6545 3221.2463 3206.0393 3190.933 3175.7263 3160.5193 3144.6074 2564.6301 3136.2488 3153.1677 3169.9858 3186.502 3202.9175 3219.0308 3235.5469 3251.4587 3267.572 3283.484 3299.3958 -3284.793 -3269.284 -3253.8757 -3238.568 -3223.361 -3208.255 -3193.35 -3178.3447 -2634.0178 3299.8992 3299.8992 3299.8992 3299.8992 3299.8992 3299.8992 3299.8992 3299.8992 3299.8992 3284.9944 3269.1833 3253.473 3237.7625 3222.354 3207.1472 3192.041 3176.834 3161.6272 3146.2188 2830.4993 3134.5366 3151.657 3168.3745 3184.8906 3201.1047 3217.4194 3233.7341 3249.948 3266.0613 3281.9731 3297.885 -3286.4043 -3270.8953 -3255.2856 -3240.0786 -3224.8718 
-3216.7144 -3201.8096 -3187.207 -1556.4423 3299.8992 3299.8992 3299.8992 3299.8992 3299.8992 3299.8992 3299.8992 3299.8992 3286.6057 3271.1975 3255.789 3240.5823 3225.5767 3210.5713 3195.6665 3180.9631 3166.5618 3152.0598 3137.4573 2923.4526 3128.9978 3145.816 3162.332 3178.5461 3194.76 3210.5713 3226.4832 3242.395 3258.206 3273.715 3289.325 -3295.166 -3279.8584 -3264.45 -3249.1423 -3234.0361 -3219.0308 -3204.126 -3189.3218 -2308.731 3299.8992 3299.8992 3299.8992 3299.8992 3299.8992 3299.8992 3299.8992 3299.8992 3287.0085 3271.399 3255.9905 3240.6829 3225.5767 3210.6719 3195.9685 3181.1646 3166.5618 3152.2612 3137.5579 3096.167 3127.2856 3144.104 3160.62 3176.834 3192.8467 3208.8591 3224.8718 3240.6829 3256.4941 3272.2046 3287.7136 3299.8992 -3281.2683 -3266.162 -3250.955 -3235.7483 -3220.5413 -3205.7373 -3190.933 -2909.8572 3299.8992 3299.8992 3299.8992 3299.8992 3299.8992 3299.8992 3299.8992 3299.8992 3288.0156 3272.5066 3257.199 3241.8914 3226.7852 3211.7798 3196.875 3182.1716 3167.6697 3153.2683 3138.565 3123.056 3125.171 3141.989 3158.5051 3174.9207 3190.933 3206.845 3222.9583 3238.87 3254.5806 3270.291 3285.8 3299.8992 -3283.081 -3267.7734 -3252.6672 -3237.3596 -3222.354 -3207.4492 -3192.7458 -3136.6516 3299.8992 3299.8992 3299.8992 3299.8992 3299.8992 3299.8992 3299.8992 3299.8992 3288.0156 3272.5066 3257.199 3241.8914 3226.6846 3211.7798 3196.7742 3182.1716 3167.5688 3153.2683 3138.6658 3123.2573 3124.6672 3141.5862 3158.0017 3174.3164 3190.4297 3206.4421 3222.4548 3238.3667 3254.0771 3269.5862 3285.2966 3299.8992 -3283.6853 -3268.3777 -3253.2715 -3238.0645 -3223.059 -3207.953 -3193.2495 -3178.6467 3299.8992 3299.8992 3299.8992 3299.8992 3299.8992 3299.8992 3299.8992 3299.8992 3290.0298 3274.5208 3259.0117 3243.9055 3228.598 3213.693 3198.7883 3184.085 3169.583 3155.081 3140.579 3125.3723 3132.7239 3139.6729 3156.2896 3172.5037 3188.7175 3204.8308 3220.7427 3236.554 3252.365 3267.874 3283.484 3299.0935 -3285.498 -3270.0896 -3254.782 -3239.7766 

-3239.0715 -3225.0732 -3210.974 -3194.1558 742.3187 3299.8992 3299.8992 3299.8992 3299.8992 3299.8992 3299.8992 3299.8992 3291.4397 3276.4343 3261.6301 3246.9268 3232.4248 3218.3257 3204.126 3189.4226 3175.2227 3160.7207 3146.521 2943.997 54.785156 -2557.8826 3150.348 3165.9575 3181.5674 3196.9756 3211.8804 3227.188 3242.395 3257.5012 3272.5066 3286.7065 3299.8992 -3283.484 -3268.982 -3254.5806 -3240.3809 -3226.4832 -3212.2832 -3197.7812 461.84692 3299.8992 3299.8992 3299.8992 3299.8992 3299.8992 3299.8992 3299.8992 3291.9434 3277.24 3262.4358 3247.4304 3233.13 3218.7285 3204.428 3190.2283 3175.9277 3161.325 3147.0244 3078.6438 439.89258 -2279.1228 3147.1252 3162.6343 3178.244 3193.6523 3209.3628 3224.1667 3239.273 3254.2786 3269.4854 3284.1887 3298.993 -3286.3037 -3271.9023 -3257.5012 -3243.2007 -3229.2021 -3215.103 -3200.601 -35.44922 3299.8992 3299.8992 3299.8992 3299.8992 3299.8992 3299.8992 3299.8992 3291.742 3277.1392 3262.3352 3247.8333 3233.3313 3218.93 3204.3274 3190.0269 3175.9277 3161.5264 3147.2258 3111.978 495.88623 -2273.7854 3146.9238 3162.7349 3178.3447 3193.35 3208.8591 3224.0662 3239.0715 3254.3792 3268.881 3283.786 3298.4893 -3286.908 -3272.1038 -3257.7026 -3243.402 -3229.5044 -3214.801 -3201.3062 -168.5852 3299.8992 3299.8992 3299.8992 3299.8992 3299.8992 3299.8992 3299.8992 3292.749 3278.0457 3263.3423 3248.538 3233.8347 3219.635 3205.3345 3190.933 3176.6326 3162.5334 3147.7295 3128.897 792.1692 -2108.322 3145.0103 3160.4187 3176.1292 3191.6382 3207.1472 3222.4548 3237.1582 3252.1636 3267.1692 3282.1746 3296.9788 -3288.7207 -3274.2188 -3259.7168 -3245.114 -3231.3171 -3216.6138 -3203.119 -815.53345 3299.8992 3299.8992 3299.8992 3299.8992 3299.8992 3299.8992 3299.8992 3295.0652 3280.2612 3265.6584 3250.8545 3236.2517 3221.6492 3207.4492 3193.35 3178.949 3164.749 3150.348 3131.4148 996.0022 -1951.8219 3145.2117 3161.1235 3176.9348 3192.343 3207.3486 3222.6562 3237.7625 3252.7678 3267.6726 3282.4768 3297.4822 -3288.0156 -3273.715 -3259.314 
3223.2605 3208.8591 3194.3572 3180.359 3181.668 3198.285 3214.5996 3230.612 3246.4233 3262.1338 3277.6428 3293.1519 -3291.5405 -3276.3335 -3261.2273 -3246.3225 -3231.5186 -3216.7144 -3202.2124 -3187.7104 -3173.3093 -3159.2102 -3145.111 -3131.2134 3299.8992 3299.8992 3299.8992 3299.8992 3299.8992 3299.8992 3299.8992 3299.8992 3299.8992 3299.8992 3299.8992 3299.1943 3283.786 3268.579 3253.473 3238.6687 3224.0662 3209.6648 3195.1628 3181.2651 3180.258 3196.9756 3213.0889 3229.2021 3245.0134 3260.7239 3276.4343 3291.742 3299.8992 -3277.7434 -3262.6372 -3247.6318 -3232.8276 -3218.1243 -3203.5217 -3189.0198 -3174.5178 -3160.4187 -3146.3196 -3132.2205 3299.8992 3299.8992 3299.8992 3299.8992 3299.8992 3299.8992 3299.8992 3299.8992 3299.8992 3299.8992 3299.8992 3299.8992 3284.793 3269.4854 3254.3792 3239.5752 3224.9724 3210.4705 3196.17 3182.1716 3178.949 3195.6665 3211.8804 3227.9937 3243.9055 3259.5154 3275.2258 3290.634 3299.8992 -3278.8513 -3263.745 -3248.7395 -3233.8347 -3219.1313 -3204.5288 -3190.1274 -3175.6255 -3161.5264 -3147.3267 -3133.3281 3299.8992 3299.8992 3299.8992 3299.8992 3299.8992 3299.8992 3299.8992 3299.8992 3299.8992 3299.8992 3299.8992 3299.8992 3285.0952 3269.7876 3254.5806 3239.8772 3225.1738 3210.6719 3196.3713 3182.373 3176.6326 3193.451 3209.6648 3225.778 3241.69 3257.4004 3273.0103 3288.5193 3299.8992 -3280.966 -3265.7593 -3250.7537 -3236.0503 -3221.1455 -3206.543 -3192.041 -3177.6396 -3163.44 -3149.3408 -3135.3423 2924.4597 3299.8992 3299.8992 3299.8992 3299.8992 3299.8992 3299.8992 3299.8992 3299.8992 3299.8992 3299.8992 3299.8992 3285.8 3270.4924 3255.3862 3240.4814 3225.879 3211.377 3196.9756 3182.9773 3174.7192 3191.5374 3207.852 3223.9653 3239.8772 3255.5876 3271.1975 3286.8071 3299.8992 -3282.5774 -3267.4712 -3252.5664 -3237.7625 -3222.8577 -3208.255 -3193.753 -3179.3518 -3165.0513 -3150.9521 -3136.9536 1028.128 3299.8992 3299.8992 3299.8992 3299.8992 3299.8992 3299.8992 3299.8992 3299.8992 3299.8992 3299.8992 3299.8992 3286.4043 3271.0967 3255.89 3241.0857 
451.87683 2207.5195 1799.6521 2855.5754 2846.9146 2831.9092 2817.7092 2708.6426 2218.4966 2200.3691 2771.585 2445.5933 1556.2408 2437.4358 2732.3088 2720.3247 2708.844 2697.5647 2686.084 2674.4019 2662.317 2606.4238 2552.3438 331.53076 2914.389 2675.5095 2702.8015 2726.5686 2748.2207 2768.5637 2787.799 2806.7322 2824.6582 2842.4834 3156.5918 -1693.7073 -1109.8022 -1947.1893 -1831.8787 -114.90784 1299.939 2877.127 2863.5315 2851.245 2838.153 2824.356 2809.9548 2794.9492 2352.7405 2053.7383 2629.3853 2495.8464 1553.421 2332.5989 2719.6196 2707.837 2357.9773 2689.508 2678.5308 2667.151 2655.2673 2512.9668 2570.0684 606.56433 3244.4092 2666.748 2695.4497 2720.0225 2742.1782 2762.8235 2782.3608 2801.193 2819.4214 2837.2466 3267.1692 -1609.1125 -857.12585 -1665.1062 -1769.5404 -232.93762 1109.6008 2845.706 2516.693 2845.0012 2829.895 2815.695 2763.2263 2364.3218 1758.0597 1496.6217 2037.0209 2027.9572 1117.5568 1907.6111 2592.224 2706.5276 2707.6355 2699.3774 2688.2996 2676.8188 2664.9353 2649.6277 2637.442 1203.9642 -2867.6604 2667.2515 2696.054 2720.6267 2742.7825 2763.4277 2782.965 2801.7974 2820.1262 2838.0522 2858.5967 -2284.7625 -1232.3639 -1880.722 -1939.8376 -348.5504 1111.615 2851.7485 2544.0857 2854.9712 2842.1814 2828.485 2815.5945 2800.186 2780.548 2521.6277 2761.4136 2670.172 1531.0638 2090.6982 2719.6196 2707.1318 2697.1619 2689.0044 2678.0273 2666.2444 2654.0588 2581.0454 2602.7983 803.4485 -3118.927 2663.7268 2692.63 2717.505 2739.7612 2760.507 2780.2458 2798.9775 2817.5078 2835.1318 -3034.3323 -1231.3568 -185.40344 -1137.0941 -1501.4557 -265.06348 1002.85034 2656.4758 2189.8955 2836.5417 2824.2554 2810.6597 2794.5464 2761.4136 1435.6934 938.0951 1385.6415 1765.7135 772.1283 1572.8577 2368.753 2581.7505 2709.7502 2702.0964 2691.0186 2679.4373 2667.6543 2652.1453 2644.0886 1792.3004 -2117.8894 2661.209 2691.0186 2716.1956 2738.855 2759.6008 2779.4402 2798.3733 2816.803 2834.729 2872.7966 -2216.6838 -1605.7892 -2261.499 -2540.7622 -1242.4347 
3299.8992 3299.8992 3299.8992 3299.8992 3299.8992 2990.1213 1665.2069 129.6112 -1272.2443 -2399.0662 -2891.5283 -2878.3354 -2865.5457 -2853.0579 -2840.4692 -2828.0823 -2815.5945 -2115.271 -1277.0782 -1271.3379 -1544.0552 -1780.5176 -2767.758 -2755.774 -2743.7896 -2731.906 -2720.4253 -2694.9463 -2499.6733 -1997.5433 -1273.2513 -192.15088 1883.4412 3299.8992 3299.8992 3299.8992 3299.8992 3299.8992 3299.8992 3299.8992 3299.8992 3299.8992 3299.8992 3299.8992 3299.8992 3299.8992 1980.3223 407.26318 -970.12024 -2193.4204 -2890.7227 -2877.6306 -2864.74 -2852.0508 -2839.4622 -2826.8738 -2814.4866 -2453.3477 -1695.1172 -1708.1085 -1780.9204 -1952.9297 -2760.0037 -2748.0193 -2736.1357 -2724.2522 -2712.8723 -2700.183 -2380.6365 -1883.4412 -947.8638 99.801636 2111.3433 3299.8992 3299.8992 3299.8992 3299.8992 3299.8992 3299.8992 3299.8992 3299.8992 3299.8992 3299.8992 3299.8992 3299.8992 3177.0354 1815.7654 227.7008 -1143.9423 -2232.797 -2885.2844 -2872.293 -2859.5032 -2846.814 -2834.2253 -2821.7375 -2809.3506 -2436.1267 -1394.8059 -1309.1034 -1497.8302 -1730.1636 -2760.1042 -2748.2207 -2736.438 -2724.4536 -2712.7715 -2609.848 -2276.4038 -1840.1367 -1229.9469 -245.42542 1343.6462 3299.8992 3299.8992 3299.8992 3299.8992 3299.8992 3299.8992 3299.8992 3299.8992 3299.8992 3299.8992 3299.8992 3299.8992 3299.8992 2466.4397 948.66943 -609.48486 -1825.3326 -2891.0247 -2877.832 -2864.9414 -2852.1514 -2839.4622 -2826.9744 -2814.5874 -2524.649 -1741.5436 -1675.4791 -2203.894 -2399.771 -2755.9753 -2743.991 -2732.3088 -2720.3247 -2708.9446 -2697.3633 -2385.7727 -1899.0509 -1254.2175 -229.61426 1542.9474 3299.8992 3299.8992 3299.8992 3299.8992 3299.8992 3299.8992 3299.8992 3299.8992 3299.8992 3299.8992 3299.8992 3299.8992 3299.8992 2335.4187 848.16284 -900.6317 -2150.3174 -2883.2703 -2870.1782 -2857.2876 -2844.4976 -2831.9092 -2819.522 -2807.135 -2541.3665 -1637.3108 -1433.2764 -1659.9701 -1877.1973 -2754.4646 -2742.581 -2730.7983 -2718.9148 -2707.3333 -2614.0776 -2252.6367 -1749.3988 -1182.4127 -365.46936 1307.3914 3299.8992 3299.8992 3299.8992 3299.8992 3299.8992 3299.8992 3299.8992 
-3212.7869 -3198.7883 -3184.5886 -3170.993 3299.8992 3299.8992 3299.8992 3299.8992 3299.8992 3299.8992 3299.8992 3299.8992 3299.8992 3290.9363 3276.132 3261.5295 3246.9268 3232.6262 3218.4265 3204.126 3190.1274 3176.1292 3161.6272 3143.097 3147.7295 3163.742 3179.0496 3194.76 3210.1685 3225.3752 3240.5823 3255.5876 3270.4924 3285.3972 3299.8992 -3285.2966 -3270.6938 -3256.192 -3241.7908 -3227.5908 -3213.391 -3199.3926 -3185.5957 -3172 3299.8992 3299.8992 3299.8992 3299.8992 3299.8992 3299.8992 3299.8992 3299.8992 3299.8992 3292.1448 3277.3406 3262.738 3248.236 3233.7341 3219.4336 3205.435 3191.336 3177.3376 3162.9363 3148.1323 -3066.2566 3162.1306 3178.1433 3193.6523 3208.6577 3224.0662 3238.971 3253.9763 3268.982 3283.8867 3298.7915 -3286.8071 -3272.3052 -3257.7026 -3243.402 -3229.2021 -3214.7002 -3200.9033 -3186.7034 -3173.108 3299.8992 3299.8992 3299.8992 3299.8992 3299.8992 3299.8992 3299.8992 3299.8992 3299.8992 3293.051 3278.247 3263.6443 3249.0417 3234.6404 3220.5413 3206.3416 3192.041 3178.244 3163.742 3148.938 -2455.7646 3161.4258 3176.7334 3192.5444 3208.0535 3223.2605 3238.0645 3253.372 3268.3777 3283.1816 3297.885 -3287.5122 -3272.9094 -3258.4075 -3243.9055 -3229.605 -3215.5059 -3201.4067 -3187.7104 -3173.7122 3299.8992 3299.8992 3299.8992 3299.8992 3299.8992 3299.8992 3299.8992 3299.8992 3299.8992 3293.756 3278.952 3264.45 3249.948 3235.446 3221.2463 3206.9458 3192.8467 3178.949 3164.8499 3150.348 -1940.9454 3160.5193 3176.532 3192.041 3207.0464 3222.354 3237.4602 3252.6672 3267.4712 3282.1746 3297.0793 -3288.3179 -3273.715 -3259.314 -3244.6106 -3230.5115 -3216.513 -3202.3132 -3188.214 -3174.6184 2740.9697 3299.8992 3299.8992 3299.8992 3299.8992 3299.8992 3299.8992 3299.8992 3299.8992 3296.475 3281.7717 3266.867 3252.4658 3238.0645 3223.764 3209.5642 3195.465 3181.5674 3167.0654 3152.2612 -1000.9369 3160.1165 3175.525 3191.2354 3206.845 3221.7498 3236.9568 3252.2644 3267.1692 3282.074 3296.6765 -3288.5193 -3273.9165 -3259.4146 -3245.114 -3230.713 
-3224.8718 -3209.8662 -3194.6594 -2822.4426 3299.8992 3299.8992 3299.8992 3299.8992 3299.8992 3299.8992 3299.8992 3299.8992 3289.627 3274.0173 3258.4075 3242.7979 3227.188 3211.9812 3196.875 3181.668 3166.5618 3151.4556 3135.846 3081.7656 -1539.1205 3133.731 3150.7507 3167.2668 3183.6821 3200.1982 3216.4124 3232.6262 3248.7395 3264.7522 3280.7646 3296.475 -3287.8142 -3272.3052 -3256.897 -3241.5894 -3226.3823 -3211.377 -3196.4722 -3010.8672 3062.0269 3299.8992 3299.8992 3299.8992 3299.8992 3299.8992 3299.8992 3299.8992 3290.2312 3274.6216 3258.9111 3243.3013 3227.6917 3212.5854 3197.3784 3182.2722 3167.166 3151.9592 3136.4502 3115.402 -1191.5771 3132.321 3149.1394 3165.756 3182.2722 3198.587 3214.801 3231.2163 3247.4304 3263.4429 3279.3547 3295.166 -3289.1235 -3273.6145 -3258.206 -3242.7979 -3227.6917 -3212.686 -3198.184 -3183.2793 2092.6116 3299.8992 3299.8992 3299.8992 3299.8992 3299.8992 3299.8992 3299.8992 3293.1519 3277.542 3261.731 3246.121 3230.612 3215.3044 3200.1982 3184.9915 3169.8853 3154.779 3139.0686 3123.6602 -723.2849 3132.1196 3149.1394 3165.756 3182.1716 3198.587 3215.0024 3231.2163 3247.3296 3263.3423 3279.4556 3295.166 -3289.224 -3273.6145 -3258.206 -3242.8984 -3227.6917 -3212.686 -3197.5798 -3183.078 1598.1354 3299.8992 3299.8992 3299.8992 3299.8992 3299.8992 3299.8992 3299.8992 3295.166 3279.4556 3263.8457 3248.1353 3232.6262 3217.218 3202.1118 3187.0056 3171.8994 3156.6924 3141.5862 3125.8757 -310.98633 3131.9182 3148.8372 3165.454 3182.0708 3198.4863 3214.801 3231.015 3247.229 3263.2415 3279.2542 3295.0652 -3289.325 -3273.816 -3258.307 -3243.0999 -3227.893 -3212.7869 -3197.6807 -3183.078 1229.8462 3299.8992 3299.8992 3299.8992 3299.8992 3299.8992 3299.8992 3299.8992 3296.6765 3281.067 3265.3564 3249.7466 3234.137 3218.7285 3203.6223 3188.516 3173.3093 3158.2031 3142.996 3127.6885 100.6073 3131.012 3148.0315 3164.6484 3181.2651 3197.5798 3213.9954 3230.2092 3246.4233 3262.4358 3278.4485 3294.159 -3290.0298 -3274.5208 -3259.1125 -3243.805 
-3209.6648 -3194.76 -3179.8552 -3023.053 3299.8992 3299.8992 3299.8992 3299.8992 3299.8992 3299.8992 3299.8992 3299.8992 3299.8992 3286.5051 3270.6938 3254.8828 3239.273 3223.8647 3208.5571 3193.35 3178.244 3162.9363 3147.528 2991.5312 -3286.6057 3151.1536 3167.871 3184.4878 3200.702 3217.1172 3233.3313 3249.4446 3265.5579 3281.6711 3297.4822 -3286.8071 -3271.399 -3255.6885 -3240.3809 -3224.9724 -3210.0676 -3195.2637 -3180.258 -3164.1448 3299.8992 3299.8992 3299.8992 3299.8992 3299.8992 3299.8992 3299.8992 3299.8992 3299.8992 3287.915 3272.2046 3256.4941 3240.8843 3225.3752 3210.0676 3194.76 3179.6538 3164.447 3149.1394 3123.5596 -2648.9226 3149.8442 3166.5618 3183.1787 3199.594 3215.808 3232.1228 3248.3367 3264.3494 3280.3618 3296.173 -3288.1165 -3272.406 -3256.9976 -3241.5894 -3226.3823 -3211.2761 -3196.3713 -3181.5674 -3166.864 3299.8992 3299.8992 3299.8992 3299.8992 3299.8992 3299.8992 3299.8992 3299.8992 3299.8992 3289.325 3273.5137 3257.7026 3242.1936 3226.5837 3211.2761 3196.0693 3180.9631 3165.6555 3150.4485 3131.4148 -2279.3242 3149.4414 3166.159 3182.675 3199.1912 3215.5059 3231.6191 3247.9338 3264.047 3279.959 3295.8708 -3288.3179 -3272.8088 -3257.199 -3241.8914 -3226.6846 -3211.5784 -3196.5728 -3181.7688 -3167.2668 3299.8992 3299.8992 3299.8992 3299.8992 3299.8992 3299.8992 3299.8992 3299.8992 3299.8992 3291.641 3275.9307 3260.1196 3244.5098 3228.9001 3213.693 3198.3855 3183.2793 3167.9717 3152.5635 3136.853 -1709.317 3149.24 3166.159 3182.5745 3199.0906 3215.3044 3231.5186 3247.7324 3263.8457 3279.8584 3295.6694 -3288.4185 -3272.708 -3257.4004 -3242.0928 -3226.7852 -3211.679 -3196.6736 -3181.7688 -3167.2668 2699.176 3299.8992 3299.8992 3299.8992 3299.8992 3299.8992 3299.8992 3299.8992 3299.8992 3293.2524 3277.542 3261.8315 3246.121 3230.612 3215.3044 3200.0977 3184.79 3169.583 3153.8726 3138.7664 -1042.9321 3148.233 3164.8499 3181.4666 3197.9827 3214.2974 3230.5115 3246.8262 3262.738 3278.7505 3294.6624 -3289.4255 -3274.0173 -3258.4075 -3242.9993 -3227.5908 
-3224.5696 -3209.6648 -3194.76 -3180.1575 3299.8992 3299.8992 3299.8992 3299.8992 3299.8992 3299.8992 3299.8992 3299.8992 3290.9363 3275.5278 3260.1196 3244.812 3229.5044 3214.7002 3199.6948 3184.9915 3170.3887 3155.9875 3141.4856 3126.3794 -2755.774 3138.565 3155.081 3171.3958 3187.509 3203.7231 3219.7356 3235.446 3251.2573 3267.0684 3282.5774 3297.9858 -3286.5051 -3271.298 -3255.89 -3240.6829 -3225.6775 -3210.5713 -3195.868 -3181.0637 3299.8992 3299.8992 3299.8992 3299.8992 3299.8992 3299.8992 3299.8992 3299.8992 3291.2383 3275.83 3260.4216 3245.114 3229.9072 3214.801 3199.9968 3185.3943 3170.7915 3156.189 3141.7876 3126.7822 -1952.6276 3136.6516 3153.1677 3169.4824 3185.6963 3201.8096 3217.8223 3233.5327 3249.3438 3265.0542 3280.664 3296.173 -3288.3179 -3273.0103 -3257.7026 -3242.4956 -3227.3894 -3212.4846 -3197.5798 -3182.8765 3299.8992 3299.8992 3299.8992 3299.8992 3299.8992 3299.8992 3299.8992 3299.8992 3292.8496 3277.3406 3261.9324 3246.524 3231.3171 3216.211 3201.4067 3186.8042 3172.2014 3157.6995 3143.097 3128.1921 -1143.8416 3135.9465 3152.4626 3168.7773 3184.9915 3200.9033 3216.9158 3232.9285 3248.639 3264.3494 3280.0598 3295.5688 -3289.0227 -3273.715 -3258.4075 -3243.2007 -3227.9937 -3212.9883 -3198.285 -3183.6821 3299.8992 3299.8992 3299.8992 3299.8992 3299.8992 3299.8992 3299.8992 3299.8992 3294.159 3278.549 3263.1409 3247.8333 3232.5256 3217.7214 3202.6152 3188.0127 3173.41 3158.908 3144.3054 3129.5012 -702.7405 3135.745 3152.2612 3168.6768 3184.8906 3200.8025 3216.9158 3232.8276 3248.4375 3264.2485 3279.959 3295.468 -3289.1235 -3273.816 -3258.4075 -3243.2007 -3228.0945 -3213.1897 -3198.4863 -3183.6821 2195.1323 3299.8992 3299.8992 3299.8992 3299.8992 3299.8992 3299.8992 3299.8992 3296.9788 3281.369 3265.8599 3250.4517 3235.446 3220.3398 3205.435 3190.7317 3176.0283 3161.5264 3146.9238 3132.2205 370.50476 3135.1409 3151.5564 3167.9717 3184.1858 3200.1982 3216.3115 3232.3242 3248.0347 3263.745 3279.3547 3294.9646 -3289.7278 -3274.4202 -3259.0117 -3243.805 

-3244.6106 -3230.4106 -3216.4124 -3202.8167 -1264.6912 3076.6296 3299.8992 3299.8992 3299.8992 3299.8992 3299.8992 3299.8992 3297.9858 3283.2825 3268.3777 3253.5735 3239.0715 3224.6704 3210.4705 3196.0693 3181.668 3167.5688 3153.067 3133.429 928.72925 -2157.266 3149.6428 3165.3533 3180.8623 3196.4722 3211.4775 3226.6846 3242.0928 3256.9976 3272.0032 3286.8071 3299.8992 -3283.9873 -3269.4854 -3255.1848 -3240.7837 -3226.5837 -3212.4846 -3199.0906 -1519.5831 2864.2363 3299.8992 3299.8992 3299.8992 3299.8992 3299.8992 3299.8992 3299.8992 3288.5193 3273.816 3259.0117 3244.3083 3229.7058 3215.4053 3201.3062 3187.1062 3172.705 3158.2031 3142.3918 1550.2991 -1578.3966 3148.3337 3164.447 3179.956 3195.2637 3210.974 3225.879 3241.1865 3256.192 3270.7947 3286.0015 3299.8992 -3284.8938 -3270.291 -3256.0913 -3241.7908 -3227.2888 -3213.2903 -3199.7954 -1909.726 2591.217 3299.8992 3299.8992 3299.8992 3299.8992 3299.8992 3299.8992 3299.8992 3290.2312 3275.5278 3260.5225 3245.819 3231.5186 3217.218 3202.716 3188.3147 3174.2156 3159.3108 3144.5068 1712.3383 -1372.2473 3147.7295 3163.6414 3178.8481 3194.458 3209.7656 3225.2747 3240.3809 3255.0842 3269.989 3284.793 3299.5972 -3285.8 -3271.0967 -3256.897 -3256.897 -3256.897 -3256.897 -3256.897 -3256.897 -3256.897 -3256.897 -3256.897 -3256.897 -3256.897 -3256.897 -3256.897 -3256.897 -3256.897 -3256.897 -3256.897 -3256.897 -3256.897 -3256.897 -3256.897 -3256.897 -3256.897 -3256.897 -3256.897 -3256.897 -3256.897 -3256.897 -3256.897 -3256.897 -3256.897 -3256.897 -3256.897 -3256.897 -3256.897 -3256.897 -3256.897 -3256.897 -3256.897 -3256.897 -3256.897 -3242.1936 -3227.893 -3213.0889 -3199.1912 -2423.236 2089.7917 3299.8992 3299.8992 3299.8992 3299.8992 3299.8992 3299.8992 3299.8992 3293.5547 3278.8513 3263.8457 3249.1423 3234.5398 3220.2393 3206.2407 3191.8396 3177.0354 3162.8357 3148.1323 2091.101 -1076.6693 3148.0315 3163.44 3179.0496 3194.8608 3209.8662 3225.0732 3240.3809 3255.3862 3270.4924 3285.2966 3299.6978 -3285.5986 -3270.7947 -3256.6956 -3242.395 -3228.195 -3213.9954 -3199.3926 -2672.3877 1637.4115 3299.8992 3299.8992 3299.8992 3299.8992 3299.8992 3299.8992 3299.8992 3295.8708 3281.067 3266.162 3251.4587 3237.1582 3222.8577 3208.5571 
3226.3823 3211.8804 3197.4792 3183.3801 3173.8127 3189.624 3205.838 3222.052 3237.863 3253.5735 3269.284 3284.6924 3299.8992 -3284.5916 -3269.4854 -3254.48 -3239.6758 -3224.771 -3210.0676 -3195.5657 -3181.1646 -3166.864 -3152.8655 -3138.7664 -349.05396 3299.8992 3299.8992 3299.8992 3299.8992 3299.8992 3299.8992 3299.8992 3299.8992 3299.8992 3299.8992 3299.8992 3286.4043 3271.0967 3255.89 3241.0857 3226.3823 3211.8804 3197.4792 3183.2793 -659.9396 3187.0056 3203.3203 3219.5342 3235.3455 3251.2573 3266.7664 3282.376 3297.6836 -3287.0085 -3271.701 -3256.7961 -3241.8914 -3227.0874 -3212.4846 -3197.9827 -3183.3801 -3169.0796 -3155.081 -3140.982 -1832.8857 3299.8992 3299.8992 3299.8992 3299.8992 3299.8992 3299.8992 3299.8992 3299.8992 3299.8992 3299.8992 3299.8992 3286.5051 3271.1975 3256.0913 3241.287 3226.3823 3211.9812 3197.6807 3183.4807 1351.4008 3184.79 3201.3062 3217.52 3233.3313 3249.2432 3264.9536 3280.4626 3295.7703 -3288.8213 -3273.715 -3258.7097 -3243.805 -3229.1016 -3214.1968 -3199.6948 -3185.2935 -3170.8923 -3156.7932 -3142.694 -2669.9707 3299.8992 3299.8992 3299.8992 3299.8992 3299.8992 3299.8992 3299.8992 3299.8992 3299.8992 3299.8992 3299.8992 3286.7065 3271.4995 3256.192 3241.388 3226.5837 3212.0818 3197.7812 3183.783 2614.5813 3182.9773 3199.3926 3215.7073 3231.6191 3247.3296 3263.04 3278.549 3293.9575 -3290.7349 -3275.5278 -3260.5225 -3245.5168 -3230.713 -3216.0095 -3201.4067 -3187.0056 -3172.6042 -3158.3037 -3144.5068 -3130.5083 3299.8992 3299.8992 3299.8992 3299.8992 3299.8992 3299.8992 3299.8992 3299.8992 3299.8992 3299.8992 3299.8992 3288.1165 3272.708 3257.5012 3242.5964 3227.893 3213.391 3199.1912 3184.5886 3168.7773 3181.8694 3198.285 3214.3982 3230.4106 3246.3225 3262.033 3277.4414 3292.9504 3299.8992 -3276.535 -3261.5295 -3246.6248 -3231.8206 -3217.0166 -3202.5146 -3188.0127 -3173.7122 -3159.5122 -3145.3125 -3131.5154 3299.8992 3299.8992 3299.8992 3299.8992 3299.8992 3299.8992 3299.8992 3299.8992 3299.8992 3299.8992 3299.8992 3289.627 3274.3193 3259.0117 3244.2078 3229.4036 3214.9016 3200.5005 3186.4014 3171.4966 3180.7617 3197.2778 3213.391 3229.5044 3245.3154 3261.026 3276.535 3291.9434 3299.8992 -3277.542 -3262.4358 -3247.4304 -3232.8276 -3217.9229 -3203.3203 
272.818 2159.381 1830.2673 2869.876 2859.8052 2846.2097 2830.8013 2815.5945 2393.527 1954.6417 2783.67 2769.7722 2072.6714 2453.65 2737.2437 2724.8564 2713.8794 2704.8157 2693.4355 2681.8542 2669.9707 2655.6702 2642.7795 1588.1653 -3034.9365 2672.3877 2699.9817 2724.1516 2746.0051 2766.449 2785.9863 2804.718 2822.8455 2840.872 2883.3708 -2233.3008 -696.3959 -1273.9563 -1051.8951 54.58374 1246.463 2831.1035 2395.4407 2844.9004 2833.722 2820.1262 2804.9194 2789.1082 2372.7812 1782.0282 1935.3058 2417.697 689.95056 1029.7394 1957.9651 2276.1016 2605.4167 2703.9092 2693.0327 2681.9548 2669.9707 2656.2744 2643.283 1608.7097 -2163.51 2665.036 2694.0398 2718.9148 2741.1711 2761.917 2781.6558 2800.4883 2818.8171 2836.7432 2858.2947 -2331.7932 -763.97095 -1188.858 -1847.1863 -846.5515 -194.26575 1471.6461 1238.0035 2470.5688 2857.9924 2843.7927 2829.2908 2814.7888 2463.4185 1887.8723 2156.8633 2761.917 1789.9841 1912.7472 2744.8975 2733.2153 2721.1304 2709.9517 2698.5718 2686.9902 2674.9053 2662.4175 2650.6348 1786.56 -1853.3295 2665.741 2694.9463 2719.821 2742.0776 2762.622 2782.4614 2801.4954 2819.8242 2837.6494 2855.072 -2796.8628 -1216.0492 -1414.8468 -1965.3168 -934.87244 533.75244 2322.83 2708.0383 2862.323 2849.7344 2836.139 2823.1475 2807.2356 2718.3105 2204.3975 2201.1748 2754.0618 1673.7671 1728.653 2517.096 2720.4253 2132.6934 2702.902 2692.328 2681.1492 2669.467 2656.1736 2643.3838 1676.1841 -1753.6285 2660.907 2690.8171 2716.095 2738.5527 2759.6008 2779.3396 2798.3733 2816.803 2834.729 2852.655 -2431.192 -727.51465 -884.1156 -1663.5956 -878.9795 488.43384 2159.683 1722.8119 2787.3962 2841.6777 2827.78 2814.386 2730.9998 2204.0955 1549.0906 1589.5752 2449.3193 1724.1211 1525.3235 2303.897 2670.3735 2714.4836 2707.5347 2696.5576 2685.2783 2673.4954 2661.209 2649.3254 2267.0378 -790.65857 2652.951 2684.2712 2710.254 2733.4167 2754.5654 2774.6062 2793.8416 2812.271 2830.3984 2848.123 -3277.1392 -1626.4343 -1492.4927 -2215.3748 -1562.8876 -44.110107 1808.8165 1534.8907 2813.5803 2862.5244 2848.8281 2835.8367 2822.8455 2806.2285 2478.1218 2350.827 2769.7722 2236.624 1875.4852 2694.1406 2726.8706 2714.8865 2706.427 2695.4497 2683.667 
3299.8992 3299.8992 3299.8992 3299.8992 3299.8992 3299.8992 2298.2573 684.4116 -706.16455 -1890.2893 -2768.4631 -2870.883 -2857.8918 -2845.3032 -2832.5134 -2820.1262 -2807.7393 -2493.933 -1643.6554 -1416.6595 -1564.0961 -1821.3043 -2755.5725 -2743.689 -2731.8054 -2719.9219 -2708.5417 -2696.8596 -2539.7551 -2014.2609 -1369.7296 -500.4181 1054.1107 3296.7773 3299.8992 3299.8992 3299.8992 3299.8992 3299.8992 3299.8992 3299.8992 3299.8992 3299.8992 3299.8992 3299.8992 3299.8992 2472.583 937.8937 -478.36304 -1742.8528 -2875.415 -2869.4731 -2856.6833 -2843.8933 -2831.305 -2818.8171 -2806.43 -2691.0186 -1801.4648 -1516.864 -1710.022 -1961.6913 -2751.5442 -2739.5598 -2727.777 -2715.8936 -2703.8086 -2471.878 -2058.2703 -1568.1244 -1057.6355 -225.1831 1227.3285 3299.8992 3299.8992 3299.8992 3299.8992 3299.8992 3299.8992 3299.8992 3299.8992 3299.8992 3299.8992 3299.8992 3299.8992 3299.8992 2387.1826 883.30994 -597.5006 -1756.5491 -2863.33 -2872.7966 -2859.7046 -2847.0154 -2834.4268 -2821.939 -2809.4512 -2490.811 -1455.4321 -1164.1846 -1344.1498 -1641.037 -2761.3127 -2749.2278 -2737.3442 -2725.36 -2713.8794 -2699.176 -2634.32 -2176.1992 -1685.852 -896.9055 511.09314 2829.19 3299.8992 3299.8992 3299.8992 3299.8992 3299.8992 3299.8992 3299.8992 3299.8992 3299.8992 3299.8992 3299.8992 3299.8992 2720.6267 1179.1901 -246.33179 -1509.3109 -2631.6008 -2871.8901 -2858.9995 -2846.2097 -2833.621 -2821.1333 -2808.7463 -2796.2585 -2019.0948 -1532.9773 -1580.1086 -1795.1202 -2753.4575 -2741.4734 -2729.6904 -2717.807 -2706.2256 -2635.5286 -2214.7705 -1787.6678 -1136.3892 -331.43005 982.1045 3233.6333 3299.8992 3299.8992 3299.8992 3299.8992 3299.8992 3299.8992 3299.8992 3299.8992 3299.8992 3299.8992 3299.8992 3299.8992 2506.2195 1105.7739 -253.38135 -1520.5902 -2704.9163 -2874.6094 -2861.618 -2848.8281 -2836.139 -2823.6511 -2811.3647 -2796.0571 -1664.502 -1178.6865 -1342.7399 -1641.5405 -2760.91 -2748.9258 -2736.9414 -2725.0579 -2713.678 -2696.5576 -2440.0542 -1975.2869 -1430.0537 -685.7208 231.02417 2466.9434 3299.8992 3299.8992 3299.8992 3299.8992 3299.8992 3299.8992 3299.8992 3299.8992 3299.8992 3299.8992 3299.8992 3299.8992 3070.6877 1580.31 74.72534 -1313.3331 -2403.598 -2878.6377 -2865.5457 -2852.7556 -2840.0664 -2827.5786 -2814.9902 -2802.7039 -2034.8053 -1483.0261 
-3216.7144 -3202.5146 -3188.617 -3174.7192 1472.1497 3299.8992 3299.8992 3299.8992 3299.8992 3299.8992 3299.8992 3299.8992 3299.8992 3298.1873 3283.5845 3268.6797 3254.2786 3239.7766 3225.3752 3211.2761 3197.177 3183.078 3169.1802 3154.6782 -571.9208 3160.3179 3176.4312 3191.9402 3206.9458 3222.354 3237.3596 3252.365 3267.3706 3282.1746 3296.9788 -3288.3179 -3273.715 -3259.314 -3244.812 -3230.612 -3216.4124 -3202.4138 -3188.214 -3174.5178 524.89014 3299.8992 3299.8992 3299.8992 3299.8992 3299.8992 3299.8992 3299.8992 3299.8992 3299.8992 3286.5051 3271.8018 3257.0984 3242.697 3228.195 3214.096 3200.0977 3186.099 3171.5972 3156.9946 144.91882 3160.8215 3176.3306 3192.041 3207.55 3222.7568 3237.863 3253.07 3267.7734 3282.8796 3297.583 -3287.6128 -3273.1108 -3258.609 -3244.3083 -3229.9072 -3215.808 -3201.709 -3187.9119 -3173.9136 -520.7611 3299.8992 3299.8992 3299.8992 3299.8992 3299.8992 3299.8992 3299.8992 3299.8992 3299.8992 3288.7207 3274.118 3259.5154 3245.2148 3230.5115 3216.4124 3202.5146 3188.3147 3174.2156 3160.0159 765.9851 3160.922 3176.9348 3192.5444 3207.55 3222.8577 3237.9639 3253.07 3267.9749 3282.9802 3297.6836 -3287.6128 -3273.1108 -3258.609 -3244.2078 -3229.9072 -3215.7073 -3201.709 -3187.509 -3173.8127 -1119.4702 3299.8992 3299.8992 3299.8992 3299.8992 3299.8992 3299.8992 3299.8992 3299.8992 3299.8992 3291.1377 3276.3335 3261.731 3247.229 3232.9285 3218.4265 3204.5288 3190.4297 3176.1292 3161.5264 1640.5334 3159.7136 3175.2227 3190.933 3206.543 3221.7498 3236.9568 3251.8616 3266.867 3281.8726 3296.576 -3288.6199 -3274.118 -3259.5154 -3245.3154 -3230.9143 -3216.7144 -3202.6152 -3188.617 -3175.0212 -1862.4939 3299.8992 3299.8992 3299.8992 3299.8992 3299.8992 3299.8992 3299.8992 3299.8992 3299.8992 3292.044 3277.3406 3262.5366 3248.0347 3233.8347 3219.5342 3205.2336 3191.336 3176.9348 3162.7349 2216.7847 3157.3975 3173.7122 3189.2212 3204.3274 3219.8364 3234.8418 3249.8474 3264.7522 3279.657 3294.5618 -3290.8354 -3276.233 -3261.6301 -3247.229 -3232.9285 -3218.7285 -3204.6294 -3190.5303 -3176.834 -2420.3154 3299.8992 3299.8992 3299.8992 3299.8992 3299.8992 3299.8992 3299.8992 3299.8992 3299.8992 3292.6482 3277.542 3263.04 3248.538 3234.137 3219.937 
-3228.598 -3213.5925 -3198.4863 -3183.8835 538.88855 3299.8992 3299.8992 3299.8992 3299.8992 3299.8992 3299.8992 3299.8992 3298.993 3283.2825 3267.6726 3251.9622 3236.2517 3220.944 3205.7373 3190.631 3175.525 3160.3179 3145.2117 3129.904 485.11047 3131.2134 3148.233 3164.749 3181.366 3197.7812 3214.1968 3230.31 3246.524 3262.6372 3278.549 3294.3604 -3290.0298 -3274.4202 -3258.9111 -3243.6035 -3228.4973 -3213.391 -3198.184 -3183.5815 37.86621 3299.8992 3299.8992 3299.8992 3299.8992 3299.8992 3299.8992 3299.8992 3299.8992 3285.5986 3269.8882 3254.1777 3238.568 3223.1597 3208.0535 3192.8467 3177.6396 3162.5334 3146.9238 3131.9182 895.2942 3130.9111 3147.931 3164.6484 3181.0637 3197.6807 3213.9954 3230.2092 3246.3225 3262.4358 3278.4485 3294.2595 -3290.0298 -3274.4202 -3259.0117 -3243.805 -3228.598 -3213.4917 -3198.9897 -3183.9844 -687.735 3299.8992 3299.8992 3299.8992 3299.8992 3299.8992 3299.8992 3299.8992 3299.8992 3288.8213 3273.2117 3257.4004 3241.69 3226.3823 3211.1755 3195.9685 3180.8623 3165.5547 3149.8442 3134.9395 1459.259 3130.307 3147.4272 3164.1448 3180.7617 3196.9756 3213.391 3229.605 3245.7183 3262.033 3277.9448 3293.756 -3290.5334 -3275.0244 -3259.5154 -3244.107 -3229.0007 -3213.8945 -3198.7883 -3184.2864 -862.7655 3299.8992 3299.8992 3299.8992 3299.8992 3299.8992 3299.8992 3299.8992 3299.8992 3288.922 3273.2117 3257.6018 3241.8914 3226.4832 3211.2761 3196.17 3180.9631 3165.857 3150.5493 3135.3423 1799.7528 3128.3936 3145.413 3162.2314 3178.7476 3195.1628 3211.679 3227.893 3244.0063 3260.1196 3276.132 3291.9434 -3292.2454 -3276.7363 -3261.3281 -3246.0205 -3230.713 -3215.7073 -3200.5005 -3186.2 -1605.487 3299.8992 3299.8992 3299.8992 3299.8992 3299.8992 3299.8992 3299.8992 3299.8992 3291.1377 3275.5278 3259.7168 3244.0063 3228.598 3213.391 3198.184 3182.9773 3167.871 3152.5635 3137.3564 2291.1072 -3098.7854 3143.9026 3160.7207 3177.3376 3193.8538 3210.1685 3226.3823 3242.5964 3258.7097 3274.6216 3290.5334 3299.8992 -3278.1462 -3262.738 -3247.3296 -3232.2234 -3217.0166 -3201.8096 -3187.207 -1947.6929 3299.8992 3299.8992 3299.8992 3299.8992 3299.8992 3299.8992 3299.8992 3299.8992 3291.742 3276.0315 3260.2202 3244.6106 3229.0007 3213.8945 3198.7883 
-3212.7869 -3197.6807 -3182.8765 -3168.3745 1835.7056 3299.8992 3299.8992 3299.8992 3299.8992 3299.8992 3299.8992 3299.8992 3299.8992 3295.0652 3279.1533 3263.4429 3247.7324 3232.2234 3216.8152 3201.6082 3186.4014 3171.3958 3155.3833 3140.1763 -597.702 3147.7295 3164.447 3181.0637 3197.6807 3213.8945 3230.2092 3246.222 3262.4358 3278.4485 3294.3604 -3289.8284 -3274.2188 -3258.7097 -3243.3013 -3228.0945 -3212.7869 -3197.9827 -3183.5815 -3168.6768 824.6979 3299.8992 3299.8992 3299.8992 3299.8992 3299.8992 3299.8992 3299.8992 3299.8992 3297.6836 3281.8726 3266.162 3250.4517 3234.8418 3219.5342 3204.2266 3188.919 3173.8127 3157.901 3142.694 -121.25244 3148.1323 3164.9504 3181.7688 3198.0835 3214.2974 3230.612 3246.8262 3262.9395 3279.0527 3294.8638 -3289.325 -3273.6145 -3258.206 -3242.9993 -3227.5908 -3212.384 -3197.4792 -3183.078 -3168.173 -17.019653 3299.8992 3299.8992 3299.8992 3299.8992 3299.8992 3299.8992 3299.8992 3299.8992 3299.8992 3284.8938 3269.0825 3253.473 3237.863 3222.354 3207.0464 3191.8396 3176.7334 3160.8215 3145.6145 646.0419 3147.528 3164.3462 3180.8623 3197.4792 3213.693 3229.9072 3246.222 3262.3352 3278.3477 3294.2595 -3289.9292 -3274.2188 -3258.7097 -3243.402 -3228.195 -3213.0889 -3197.9827 -3183.5815 -3168.6768 -473.73047 3299.8992 3299.8992 3299.8992 3299.8992 3299.8992 3299.8992 3299.8992 3299.8992 3299.8992 3285.901 3270.0896 3254.2786 3238.7695 3223.2605 3208.0535 3192.7458 3177.6396 3161.9292 3146.7224 1225.6165 3145.7153 3162.5334 3179.3518 3195.767 3211.9812 3228.195 3244.5098 3260.623 3276.6357 3292.4468 -3291.641 -3275.9307 -3260.321 -3244.9126 -3229.605 -3214.5996 -3199.6948 -3185.1929 -3170.3887 -1418.4723 3299.8992 3299.8992 3299.8992 3299.8992 3299.8992 3299.8992 3299.8992 3299.8992 3299.8992 3287.7136 3271.8018 3256.0913 3240.4814 3224.9724 3209.7656 3194.458 3179.4524 3164.1448 3148.4343 1713.3453 3144.7083 3161.6272 3178.244 3194.76 3211.0747 3227.3894 3243.6035 3259.7168 3275.83 3291.742 3299.8992 -3276.8372 -3261.2273 -3245.9197 -3230.612 -3215.5059 -3200.5005 -3185.4949 -3170.993 -1655.8411 3299.8992 3299.8992 3299.8992 3299.8992 3299.8992 3299.8992 3299.8992 3299.8992 3299.8992 3287.8142 3272.0032 3256.192 3240.6829 3225.2747 3209.8662 
-3228.6987 -3213.5925 -3198.8892 -3184.085 1284.9335 3299.8992 3299.8992 3299.8992 3299.8992 3299.8992 3299.8992 3299.8992 3298.3887 3282.8796 3267.3706 3252.063 3236.7554 3221.6492 3206.6436 3191.9402 3177.3376 3162.7349 3148.3337 3133.731 813.5193 3135.0403 3151.5564 3167.871 3184.085 3200.1982 3216.3115 3232.2234 3248.0347 3263.6443 3279.3547 3294.9646 -3289.7278 -3274.3193 -3259.0117 -3243.9055 -3228.6987 -3213.693 -3198.8892 -3184.085 -421.96655 3299.8992 3299.8992 3299.8992 3299.8992 3299.8992 3299.8992 3299.8992 3299.8992 3286.7065 3271.298 3255.9905 3240.5823 3225.3752 3210.4705 3195.6665 3180.9631 3166.5618 3151.7578 3137.3564 1601.6602 3135.745 3152.362 3168.7773 3184.9915 3201.2053 3217.218 3233.029 3248.941 3264.5508 3280.2612 3295.7703 -3288.8213 -3273.5137 -3258.206 -3242.9993 -3227.7922 -3212.8875 -3197.9827 -3183.3801 -1153.9124 3299.8992 3299.8992 3299.8992 3299.8992 3299.8992 3299.8992 3299.8992 3299.8992 3289.4255 3273.816 3258.4075 3243.0999 3227.9937 3212.9883 3198.184 3183.4807 3168.8782 3154.3762 3139.7734 2099.6611 3136.148 3152.8655 3169.0796 3185.3943 3201.709 3217.6208 3233.5327 3249.3438 3265.0542 3280.5632 3296.2737 -3288.217 -3272.9094 -3257.7026 -3242.395 -3227.2888 -3212.384 -3197.5798 -3182.8765 -1690.7867 3299.8992 3299.8992 3299.8992 3299.8992 3299.8992 3299.8992 3299.8992 3299.8992 3291.1377 3275.6287 3260.2202 3245.0134 3229.8064 3214.7002 3199.8962 3185.1929 3170.59 3156.0881 3141.5862 2753.5583 3134.6375 3151.1536 3167.6697 3184.085 3200.0977 3216.211 3232.022 3247.8333 3263.6443 3279.2542 3294.8638 -3289.8284 -3274.4202 -3259.1125 -3244.0063 -3228.7993 -3213.794 -3198.6877 -3184.085 -2445.4924 3299.8992 3299.8992 3299.8992 3299.8992 3299.8992 3299.8992 3299.8992 3299.8992 3292.5476 3276.9377 3261.5295 3246.222 3231.015 3215.9087 3201.1047 3186.4014 3171.7986 3157.2966 3142.5933 3016.3054 3133.429 3150.1465 3166.6626 3182.8765 3198.9897 3215.103 3230.9143 3246.7253 3262.4358 3278.1462 3293.6553 -3290.8354 -3275.4272 -3260.1196 -3244.9126 -3229.7058 -3214.801 -3199.8962 -3185.092 -2837.6494 3299.8992 3299.8992 3299.8992 3299.8992 3299.8992 3299.8992 3299.8992 3299.8992 3293.4539 3277.7434 3262.3352 3247.0276 3231.8206 3216.8152 3201.9104 

3193.8538 3179.5532 3165.2527 3150.7507 2519.815 -547.1466 -3071.6948 3160.4187 3176.1292 3191.7388 3207.4492 3222.5554 3237.7625 3252.8687 3267.7734 3282.5774 3297.2808 -3288.0156 -3273.5137 -3259.1125 -3244.812 -3230.8135 -3216.11 -3202.716 -2836.7432 1539.2212 3299.8992 3299.8992 3299.8992 3299.8992 3299.8992 3299.8992 3299.8992 3294.7632 3279.8584 3265.2556 3250.5522 3235.7483 3221.5483 3207.3486 3192.9473 3178.5461 3164.2456 3148.7366 2674.6033 -345.12634 -2970.282 3157.498 3173.3093 3189.1204 3204.428 3219.635 3234.9426 3249.8474 3264.8528 3279.7576 3294.461 -3290.9363 -3276.6357 -3261.8315 -3247.531 -3233.2305 -3219.2322 -3205.536 -3101.303 942.2241 3299.8992 3299.8992 3299.8992 3299.8992 3299.8992 3299.8992 3299.8992 3295.5688 3280.8655 3265.8599 3251.4587 3236.6545 3222.354 3208.0535 3193.5515 3179.3518 3164.9504 3149.5422 2901.0955 9.567261 -2691.1194 3154.8796 3170.7915 3186.4014 3201.8096 3216.9158 3232.1228 3247.0276 3262.3352 3277.24 3291.8425 3299.8992 -3278.8513 -3264.6514 -3250.2502 -3235.6475 -3221.6492 -3207.953 -3188.4155 774.24316 3299.8992 3299.8992 3299.8992 3299.8992 3299.8992 3299.8992 3299.8992 3294.3604 3279.7576 3264.9536 3250.1494 3235.446 3221.045 3206.7444 3192.6453 3178.3447 3163.8428 3148.4343 2887.0972 -45.117188 -2781.6558 3154.5776 3170.288 3185.797 3201.3062 3216.6138 3231.8206 3246.8262 3261.8315 3276.4343 3291.1377 3299.8992 -3279.5562 -3264.8528 -3250.4517 -3236.1511 -3222.1526 -3208.5571 -3194.0552 350.8667 3299.8992 3299.8992 3299.8992 3299.8992 3299.8992 3299.8992 3299.8992 3296.3745 3281.5703 3266.867 3252.2644 3237.4602 3223.1597 3208.7585 3194.3572 3180.258 3165.3533 3150.8513 3048.4314 246.73462 -2628.9824 3153.3691 3169.281 3184.6892 3200.0977 3215.4053 3230.612 3245.7183 3260.9253 3275.5278 3290.332 3299.8992 -3280.1604 -3265.7593 -3251.7607 -3237.3596 -3222.6562 -3209.0605 -3194.6594 -64.453125 3299.8992 3299.8992 3299.8992 3299.8992 3299.8992 3299.8992 3299.8992 3298.3887 3283.8867 3269.0825 3254.48 3239.5752 3225.0732 3210.7727 
-3188.919 -3174.5178 -3160.2173 -3146.1182 -3132.2205 3299.8992 3299.8992 3299.8992 3299.8992 3299.8992 3299.8992 3299.8992 3299.8992 3299.8992 3299.8992 3299.8992 3291.1377 3275.83 3260.7239 3245.6177 3230.8135 3216.3115 3201.9104 3187.7104 3173.108 3180.0566 3196.6736 3212.9883 3229.0007 3244.7112 3260.4216 3275.9307 3291.4397 3299.8992 -3278.1462 -3263.04 -3248.0347 -3233.13 -3218.527 -3203.8237 -3189.4226 -3175.0212 -3160.8215 -3146.7224 -3132.7239 3299.8992 3299.8992 3299.8992 3299.8992 3299.8992 3299.8992 3299.8992 3299.8992 3299.8992 3299.8992 3299.8992 3293.1519 3277.8442 3262.4358 3247.531 3232.8276 3218.225 3203.7231 3189.3218 3174.9207 3179.3518 3195.9685 3212.0818 3228.195 3244.0063 3259.7168 3275.3264 3290.634 3299.8992 -3278.7505 -3263.6443 -3248.7395 -3233.8347 -3219.1313 -3204.5288 -3189.926 -3175.6255 -3161.4258 -3147.4272 -3133.429 3299.8992 3299.8992 3299.8992 3299.8992 3299.8992 3299.8992 3299.8992 3299.8992 3299.8992 3299.8992 3299.8992 3295.166 3279.8584 3264.6514 3249.5452 3234.6404 3220.2393 3205.7373 3191.5374 3176.834 3178.949 3195.5657 3211.7798 3227.6917 3243.6035 3259.314 3274.9236 3290.332 3299.8992 -3279.0527 -3264.047 -3249.0417 -3234.137 -3219.4336 -3204.8308 -3190.3289 -3176.0283 -3161.7278 -3147.6287 -3133.6304 3299.8992 3299.8992 3299.8992 3299.8992 3299.8992 3299.8992 3299.8992 3299.8992 3299.8992 3299.8992 3299.8992 3296.878 3281.6711 3266.3635 3251.358 3236.554 3221.9512 3207.3486 3193.2495 3178.5461 3178.1433 3194.76 3211.0747 3227.188 3242.9993 3258.7097 3274.2188 3289.627 3299.8992 -3279.657 -3264.6514 -3249.646 -3234.7412 -3220.1384 -3205.3345 -3190.933 -3176.532 -3162.332 -3148.233 -3134.2346 3299.8992 3299.8992 3299.8992 3299.8992 3299.8992 3299.8992 3299.8992 3299.8992 3299.8992 3299.8992 3299.8992 3299.0935 3283.786 3268.4783 3253.2715 3238.568 3223.8647 3209.4634 3195.1628 3180.5603 3177.841 3194.5586 3210.6719 3226.7852 3242.697 3258.4075 3274.0173 3289.4255 3299.8992 -3279.959 -3264.8528 -3249.8474 -3234.9426 -3220.3398 -3205.7373 
2671.884 2658.1877 2645.9014 1937.4207 -926.31226 2654.3608 2685.7817 2711.6638 2734.6252 2755.8745 2775.8147 2794.7478 2813.379 2831.4055 2850.238 -2416.1865 -623.9868 -554.2969 -1511.1237 -918.1549 335.45837 2087.0728 1633.9874 2764.9382 2840.2678 2826.9744 2814.1846 2798.6755 2075.592 1418.7744 1391.7847 2156.3599 1685.852 1207.0862 1991.803 2490.4082 2538.6475 2709.7502 2699.176 2687.9973 2676.3152 2664.1296 2652.3467 2522.232 86.8103 2795.8557 2678.3293 2705.2185 2728.7842 2750.3357 2770.4773 2789.8132 2808.6455 2826.6724 2844.397 -3202.5146 -2246.3928 -1977.2003 -2712.4695 -2083.145 -659.83887 1312.8296 856.2195 2152.835 2879.0405 2865.5457 2850.6409 2836.139 2792.2302 2232.2937 2722.943 2785.8855 2280.4321 2005.2979 2753.659 2743.0847 2730.496 2720.3247 2709.0454 2697.4639 2685.6812 2673.8982 2661.5112 2320.816 -903.75366 2665.8416 2694.9463 2719.821 2742.279 2763.025 2782.6628 2801.6968 2819.9248 2838.153 2855.5754 -3269.7876 -1511.3251 -933.86536 -1136.9934 -708.078 368.99414 2092.0073 1574.8718 2853.2593 2854.2664 2840.973 2828.0823 2812.3718 2795.9563 2248.1047 1874.5789 2455.664 1223.5016 537.78076 1647.6837 2320.111 2438.3423 2717.807 2709.851 2698.7732 2687.091 2674.7039 2663.4246 2399.8718 20.544434 2753.256 2688.0981 2713.7786 2736.74 2757.8887 2777.8289 2796.8628 2815.393 2833.4197 2851.1443 3233.5327 -1672.2565 -1094.0918 -2073.175 -1876.7944 -1354.6234 563.96484 365.8722 1794.6167 2886.5935 2873.0986 2859.8052 2844.1956 2827.8809 2468.5547 2460.3972 2795.8557 2744.5952 1670.7458 2742.682 2748.422 2735.733 2726.9714 2715.7927 2704.2114 2692.328 2680.0415 2668.46 2514.7795 262.24365 2964.6423 2689.911 2715.4907 2738.2507 2759.3994 2779.2388 2798.2727 2816.803 2834.8296 2852.5542 3042.288 -2002.6794 -1132.1594 -2071.06 -1972.2656 -730.23376 1273.9563 1621.9025 2884.378 2874.1057 2860.3088 2846.9146 2832.9163 2816.7021 2452.7434 2060.2844 2615.5884 2546.3013 1490.7806 2336.9292 2740.265 2131.1829 2318.7012 2712.1672 2701.1902 
-1795.221 -1972.5677 -2758.191 -2746.3074 -2734.4238 -2722.5403 -2710.8582 -2699.7803 -2555.1636 -2128.9673 -1563.2904 -715.9332 437.27417 2663.7268 3299.8992 3299.8992 3299.8992 3299.8992 3299.8992 3299.8992 3299.8992 3299.8992 3299.8992 3299.8992 3299.8992 3299.8992 2865.2434 1365.3992 -338.78174 -1579.1016 -2677.0203 -2870.883 -2857.791 -2845.0012 -2832.4126 -2820.0256 -2807.5378 -2795.2515 -2191.7083 -1544.458 -1584.9426 -1771.5546 -2751.5442 -2739.5598 -2727.8777 -2715.8936 -2704.6143 -2692.63 -2480.7402 -2048.6023 -1495.9167 -764.4745 276.8463 2441.565 3299.8992 3299.8992 3299.8992 3299.8992 3299.8992 3299.8992 3299.8992 3299.8992 3299.8992 3299.8992 3299.8992 3299.8992 3039.0654 1560.8734 106.14624 -1258.6487 -2121.112 -2871.286 -2858.1938 -2845.5046 -2832.7148 -2820.3276 -2807.8398 -2795.453 -2082.7422 -1448.3826 -1493.6005 -1817.1753 -2752.7527 -2740.9697 -2728.9856 -2717.2026 -2705.6213 -2694.342 -2669.0642 -2197.8516 -1591.6901 -915.03296 108.86536 2215.979 3299.8992 3299.8992 3299.8992 3299.8992 3299.8992 3299.8992 3299.8992 3299.8992 3299.8992 3299.8992 3299.8992 3299.8992 3150.5493 1660.8765 115.008545 -1246.9666 -2411.3525 -2867.7612 -2854.8706 -2841.98 -2829.3914 -2816.9036 -2804.4158 -2792.2302 -2314.0686 -1515.2527 -1485.6445 -1663.3942 -2748.825 -2736.9414 -2725.1587 -2713.678 -2701.6936 -2571.881 -2245.285 -1853.0273 -1376.477 -717.8467 245.72754 2184.0544 3299.8992 3299.8992 3299.8992 3299.8992 3299.8992 3299.8992 3299.8992 3299.8992 3299.8992 3299.8992 3299.8992 3299.8992 3271.6003 1827.5482 408.97522 -866.5924 -1914.0564 -2876.422 -2863.4307 -2850.54 -2837.8508 -2825.2625 -2812.7747 -2800.3875 -2327.765 -1576.5839 -1559.0607 -1851.9196 -2755.4717 -2743.4875 -2731.604 -2719.7205 -2708.2397 -2696.6582 -2685.379 -2422.8333 -1904.892 -1127.5269 -57.302856 1740.2344 3299.8992 3299.8992 3299.8992 3299.8992 3299.8992 3299.8992 3299.8992 3299.8992 3299.8992 3299.8992 3299.8992 3299.8992 3139.7734 1720.9991 351.57166 -1020.77637 -2186.27 -2867.157 -2854.1655 -2841.275 -2828.6865 -2816.098 -2803.711 -2791.4246 -2511.0535 -1755.8441 
3205.7373 3191.6382 3177.3376 3163.2385 2512.6648 3156.2896 3172.5037 3188.1133 3203.3203 3218.527 3233.7341 3248.7395 3263.745 3278.549 3293.5547 -3291.742 -3277.24 -3262.6372 -3248.236 -3233.7341 -3219.7356 -3205.7373 -3191.4368 -3177.4382 -2904.2175 3299.8992 3299.8992 3299.8992 3299.8992 3299.8992 3299.8992 3299.8992 3299.8992 3299.8992 3293.4539 3278.7505 3264.047 3249.646 3235.144 3220.944 3206.7444 3192.6453 3178.7476 3164.2456 2986.2944 3154.2754 3169.8853 3185.6963 3201.3062 3216.6138 3231.9214 3247.0276 3261.9324 3276.8372 3291.742 3299.8992 -3278.952 -3264.45 -3249.8474 -3235.8489 -3221.4478 -3207.2478 -3193.5515 -3179.8552 -3165.756 3299.8992 3299.8992 3299.8992 3299.8992 3299.8992 3299.8992 3299.8992 3299.8992 3299.8992 3294.058 3279.5562 3264.9536 3250.2502 3235.9497 3221.6492 3207.55 3193.451 3179.1504 3165.0513 3118.0205 3152.664 3168.9788 3184.5886 3199.6948 3214.9016 3230.2092 3245.4163 3260.4216 3275.3264 3290.1306 3299.8992 -3280.5632 -3266.0613 -3251.5593 -3236.9568 -3222.9583 -3208.96 -3194.76 -3180.661 -3167.2668 3299.8992 3299.8992 3299.8992 3299.8992 3299.8992 3299.8992 3299.8992 3299.8992 3299.8992 3293.8567 3279.0527 3264.45 3249.948 3235.5469 3221.1455 3207.0464 3193.048 3179.1504 3164.6484 3148.8372 3150.4485 3166.0583 3181.9702 3197.6807 3212.9883 3227.7922 3243.3013 3258.307 3273.2117 3287.915 3299.8992 -3282.6782 -3268.0754 -3253.5735 -3239.4744 -3225.0732 -3210.8733 -3197.0764 -3183.2793 -3169.1802 3299.8992 3299.8992 3299.8992 3299.8992 3299.8992 3299.8992 3299.8992 3299.8992 3299.8992 3294.5618 3279.8584 3265.2556 3250.7537 3236.1511 3221.8506 3207.852 3193.753 3179.5532 3165.454 3150.247 -2945.9106 3164.5476 3180.1575 3195.3643 3210.6719 3226.181 3241.0857 3256.0913 3270.996 3285.901 3299.8992 -3284.491 -3270.1904 -3255.6885 -3241.388 -3227.0874 -3212.8875 -3198.6877 -3184.5886 -3171.1943 3299.8992 3299.8992 3299.8992 3299.8992 3299.8992 3299.8992 3299.8992 3299.8992 3299.8992 3295.2666 3280.4626 3265.8599 3251.2573 3236.856 3222.5554 
3183.4807 3168.3745 3152.664 3137.7593 2485.1714 -2995.0562 3143.399 3160.2173 3176.7334 3193.2495 3209.5642 3225.879 3242.0928 3258.206 3274.2188 3290.0298 3299.8992 -3278.65 -3263.1409 -3247.7324 -3232.4248 -3217.52 -3202.9175 -3187.9119 -2383.96 3299.8992 3299.8992 3299.8992 3299.8992 3299.8992 3299.8992 3299.8992 3299.8992 3293.9575 3278.247 3262.5366 3246.8262 3231.4177 3216.11 3201.004 3185.797 3170.691 3154.8796 3139.9749 2867.157 -2169.6533 3141.0828 3158.0017 3174.6184 3191.034 3207.4492 3223.8647 3239.978 3256.0913 3272.1038 3288.0156 3299.8992 -3280.7646 -3265.2556 -3249.8474 -3234.6404 -3219.4336 -3204.8308 -3189.8254 -2606.5247 3299.8992 3299.8992 3299.8992 3299.8992 3299.8992 3299.8992 3299.8992 3299.8992 3293.5547 3277.7434 3262.2344 3246.524 3230.9143 3215.6067 3200.5005 3185.3943 3170.288 3154.3762 3139.572 3025.0671 -1708.9142 3138.263 3155.182 3171.698 3188.214 3204.428 3220.944 3237.0574 3253.2715 3269.284 3285.1958 3299.8992 -3283.383 -3267.874 -3252.5664 -3237.2588 -3222.1526 -3207.55 -3192.343 -2928.488 3171.2952 3299.8992 3299.8992 3299.8992 3299.8992 3299.8992 3299.8992 3299.8992 3293.756 3277.9448 3262.2344 3246.524 3231.015 3215.808 3200.601 3185.5957 3170.3887 3154.5776 3139.6729 3113.5894 -1342.6392 3136.148 3152.9663 3169.583 3186.099 3202.4138 3218.7285 3235.0432 3251.1565 3267.2698 3283.1816 3298.892 -3285.3972 -3269.8882 -3254.48 -3239.1724 -3224.0662 -3208.8591 -3194.2566 -3118.3228 2639.0532 3299.8992 3299.8992 3299.8992 3299.8992 3299.8992 3299.8992 3299.8992 3294.058 3278.3477 3262.6372 3247.0276 3231.4177 3216.11 3201.004 3185.797 3170.691 3155.484 3140.3777 3120.7397 -949.4751 3134.3352 3151.1536 3167.871 3184.3872 3200.8025 3217.1172 3233.3313 3249.3438 3265.5579 3281.4697 3297.1802 -3287.21 -3271.6003 -3256.192 -3240.8843 -3225.6775 -3210.4705 -3195.767 -3177.4382 2505.5144 3299.8992 3299.8992 3299.8992 3299.8992 3299.8992 3299.8992 3299.8992 3293.5547 3277.7434 3262.1338 3246.524 3230.8135 3215.6067 3200.5005 
3194.6594 3179.4524 3164.1448 3148.7366 2146.692 3142.4927 3159.3108 3176.0283 3192.4438 3208.96 3225.1738 3241.4885 3257.6018 3273.715 3289.5264 3299.8992 -3279.0527 -3263.4429 -3248.0347 -3232.8276 -3217.6208 -3202.716 -3187.509 -3173.108 -2256.0608 3299.8992 3299.8992 3299.8992 3299.8992 3299.8992 3299.8992 3299.8992 3299.8992 3299.8992 3288.5193 3272.708 3256.897 3241.287 3225.879 3210.5713 3195.2637 3180.0566 3164.9504 3149.3408 2578.125 3140.0757 3157.0952 3173.6113 3190.1274 3206.6436 3222.8577 3239.0715 3255.2856 3271.298 3287.4114 3299.8992 -3281.2683 -3265.6584 -3250.2502 -3234.8418 -3219.7356 -3204.6294 -3189.5232 -3174.9207 -2654.4617 3299.8992 3299.8992 3299.8992 3299.8992 3299.8992 3299.8992 3299.8992 3299.8992 3299.8992 3288.4185 3272.708 3256.9976 3241.287 3225.879 3210.5713 3195.3643 3180.1575 3164.9504 3149.3408 2743.991 3138.7664 3155.6853 3172.5037 3188.919 3205.3345 3221.5483 3237.863 3254.0771 3270.0896 3286.1023 3299.8992 -3282.376 -3266.7664 -3251.358 -3236.0503 -3220.8435 -3205.838 -3190.933 -3176.1292 -2992.5383 3299.8992 3299.8992 3299.8992 3299.8992 3299.8992 3299.8992 3299.8992 3299.8992 3299.8992 3290.0298 3274.3193 3258.4075 3242.7979 3227.3894 3212.0818 3196.875 3181.5674 3166.4612 3150.9521 3052.359 -3032.5195 3153.5706 3170.288 3186.6028 3203.119 3219.5342 3235.6475 3251.8616 3267.9749 3283.8867 3299.7986 -3284.491 -3268.881 -3253.372 -3238.0645 -3222.8577 -3207.7515 -3192.9473 -3178.244 -3161.5264 3299.8992 3299.8992 3299.8992 3299.8992 3299.8992 3299.8992 3299.8992 3299.8992 3299.8992 3290.0298 3274.118 3258.5083 3242.7979 3227.3894 3211.9812 3196.7742 3181.7688 3165.9575 3150.9521 3124.063 -2685.077 3152.0598 3168.6768 3185.1929 3201.6082 3217.9229 3234.2375 3250.4517 3266.3635 3282.2754 3298.1873 -3286.1023 -3270.4924 -3254.9834 -3239.5752 -3224.1667 -3209.1614 -3194.8608 -3179.6538 -3161.6272 3299.8992 3299.8992 3299.8992 3299.8992 3299.8992 3299.8992 3299.8992 3299.8992 3299.8992 3290.2312 3274.2188 3258.609 3242.7979 3227.2888 3212.1826 
3187.207 3172.6042 3158.1023 3143.4998 3124.063 3131.7168 3148.3337 3164.9504 3181.1646 3197.3784 3213.391 3229.4036 3245.114 3260.9253 3276.6357 3292.1448 -3292.4468 -3277.0386 -3261.6301 -3246.3225 -3231.2163 -3216.3115 -3201.4067 -3186.7034 -3172.2014 3299.8992 3299.8992 3299.8992 3299.8992 3299.8992 3299.8992 3299.8992 3299.8992 3294.6624 3279.2542 3263.745 3248.4375 3233.3313 3218.1243 3203.3203 3188.617 3174.0142 3159.4116 3144.9097 3129.7026 3128.595 3145.413 3161.8286 3178.244 3194.2566 3210.3699 3226.3823 3242.0928 3257.904 3273.5137 3289.1235 -3295.3674 -3279.8584 -3264.6514 -3249.3438 -3234.2375 -3219.0308 -3204.2266 -3189.4226 -3174.8198 3299.8992 3299.8992 3299.8992 3299.8992 3299.8992 3299.8992 3299.8992 3299.8992 3293.8567 3278.4485 3263.04 3247.7324 3232.5256 3217.4194 3202.6152 3187.9119 3173.41 3158.606 3144.2046 3128.9978 3126.9836 3143.8018 3160.3179 3176.6326 3192.5444 3208.7585 3224.6704 3240.3809 3256.192 3271.8018 3287.5122 3299.8992 -3281.5703 -3266.3635 -3251.056 -3235.9497 -3220.642 -3205.838 -3191.034 -3176.532 3299.8992 3299.8992 3299.8992 3299.8992 3299.8992 3299.8992 3299.8992 3299.8992 3294.461 3278.8513 3263.3423 3248.1353 3233.029 3217.9229 3202.9175 3188.214 3173.7122 3159.1094 3144.6074 3129.602 -2698.068 3141.5862 3158.1023 3174.3164 3190.5303 3206.6436 3222.6562 3238.4673 3254.2786 3269.989 3285.498 3299.8992 -3283.5845 -3268.2769 -3252.9692 -3237.7625 -3222.5554 -3207.7515 -3192.9473 -3178.3447 3299.8992 3299.8992 3299.8992 3299.8992 3299.8992 3299.8992 3299.8992 3299.8992 3295.5688 3279.959 3264.5508 3249.3438 3233.9355 3218.8293 3204.0251 3189.2212 3174.6184 3160.1165 3145.6145 3130.7097 -1287.5519 3138.7664 3155.182 3171.698 3187.8113 3203.9246 3219.8364 3235.5469 3251.358 3267.1692 3282.7788 3298.2878 -3286.3037 -3270.8953 -3255.5876 -3240.4814 -3225.3752 -3210.3699 -3195.5657 -3180.8623 3299.8992 3299.8992 3299.8992 3299.8992 3299.8992 3299.8992 3299.8992 3299.8992 3294.3604 3278.8513 3263.5437 3248.1353 3232.9285 3217.8223 3202.9175 

3210.7727 3210.7727 3210.7727 3210.7727 3210.7727 3210.7727 3210.7727 3210.7727 3210.7727 3210.7727 3210.7727 3210.7727 3210.7727 3210.7727 3210.7727 3210.7727 3210.7727 3210.7727 3210.7727 3210.7727 -3252.365 -3238.3667 -3223.5625 -3209.4634 -3196.17 -279.2633 3299.8992 3299.8992 3299.8992 3299.8992 3299.8992 3299.8992 3299.8992 3297.9858 3283.383 3268.881 3254.0771 3239.4744 3224.6704 3210.4705 3196.4722 3181.8694 3167.4683 3153.067 3133.731 788.443 -2064.1113 3150.247 3165.9575 3181.1646 3196.7742 3212.0818 3227.2888 3242.697 3257.6018 3272.6074 3286.908 3299.8992 -3283.6853 -3269.1833 -3254.5806 -3240.5823 -3226.2817 -3211.679 -3198.0835 -799.7223 3299.8992 3299.8992 3299.8992 3299.8992 3299.8992 3299.8992 3299.8992 3299.1943 3284.3901 3270.0896 3255.1848 3240.5823 3225.778 3211.4775 3197.5798 3182.8765 3168.576 3154.1748 3136.3494 1245.0531 -1664.9048 3146.823 3162.332 3177.942 3193.8538 3208.6577 3224.0662 3239.1724 3254.3792 3269.0825 3284.0881 3298.892 -3286.5051 -3272.0032 -3258.0046 -3243.704 -3229.303 -3214.7002 -3201.2053 -1162.1704 3175.2227 3299.8992 3299.8992 3299.8992 3299.8992 3299.8992 3299.8992 3298.2878 3283.5845 3269.1833 3254.3792 3239.4744 3224.8718 3210.8733 3196.7742 3182.0708 3167.871 3153.2683 3137.2559 1391.4825 -1557.1472 3144.406 3160.3179 3176.2297 3191.4368 3206.7444 3222.052 3237.1582 3252.063 3267.0684 3282.1746 3296.7773 -3288.8213 -3274.3193 -3259.7168 -3245.6177 -3230.8135 -3217.1172 -3202.6152 -1452.1088 2987.7043 3299.8992 3299.8992 3299.8992 3299.8992 3299.8992 3299.8992 3298.59 3283.9873 3269.1833 3254.3792 3239.7766 3225.1738 3211.1755 3196.6736 3182.4736 3168.0725 3152.664 3138.4644 1461.676 -1715.7623 3145.111 3161.1235 3176.9348 3192.2424 3207.4492 3222.9583 3237.9639 3253.07 3267.874 3282.6782 3297.4822 -3288.217 -3273.6145 -3259.314 -3244.6106 -3230.4106 -3216.8152 -3202.2124 -1847.992 2599.2737 3299.8992 3299.8992 3299.8992 3299.8992 3299.8992 3299.8992 3299.8992 3287.1094 3272.2046 3257.4004 3242.8984 3228.3965 3214.096 
-3191.1345 -3176.834 -3162.5334 -3148.4343 -3134.436 3299.8992 3299.8992 3299.8992 3299.8992 3299.8992 3299.8992 3299.8992 3299.8992 3299.8992 3299.8992 3299.8992 3299.8992 3285.3972 3270.0896 3254.9834 3240.0786 3225.5767 3210.6719 3196.7742 3182.0708 3176.834 3193.5515 3209.8662 3225.9795 3241.7908 3257.5012 3273.2117 3288.5193 3299.8992 -3280.8655 -3265.7593 -3250.7537 -3235.8489 -3221.1455 -3206.543 -3191.9402 -3177.539 -3163.44 -3149.24 -3135.2417 1873.0682 3299.8992 3299.8992 3299.8992 3299.8992 3299.8992 3299.8992 3299.8992 3299.8992 3299.8992 3299.8992 3299.8992 3286.908 3271.6003 3256.3933 3241.5894 3226.886 3212.2832 3198.184 3183.4807 3175.6255 3192.4438 3208.7585 3224.8718 3240.7837 3256.5947 3272.1038 3287.6128 3299.8992 -3281.7717 -3266.6655 -3251.6602 -3236.7554 -3221.9512 -3207.3486 -3192.8467 -3178.4453 -3164.2456 -3150.0457 -3136.148 73.31543 3299.8992 3299.8992 3299.8992 3299.8992 3299.8992 3299.8992 3299.8992 3299.8992 3299.8992 3299.8992 3299.8992 3288.3179 3272.9094 3257.7026 3242.8984 3228.195 3213.693 3199.4934 3184.79 3174.9207 3191.6382 3208.0535 3224.0662 3239.978 3255.789 3271.399 3286.908 3299.8992 -3282.376 -3267.3706 -3252.4658 -3237.561 -3222.7568 -3208.1543 -3193.451 -3179.1504 -3164.8499 -3150.8513 -3136.7522 -1350.293 3299.8992 3299.8992 3299.8992 3299.8992 3299.8992 3299.8992 3299.8992 3299.8992 3299.8992 3299.8992 3299.8992 3289.7278 3274.4202 3259.2131 3244.5098 3229.7058 3215.2039 3200.8025 3185.9985 -1136.8927 3190.631 3207.0464 3223.1597 3239.0715 3254.8828 3270.3918 3286.0015 3299.8992 -3283.484 -3268.2769 -3253.2715 -3238.4673 -3223.5625 -3208.96 -3194.3572 -3180.1575 -3165.756 -3151.7578 -3137.5579 -2505.7158 3299.8992 3299.8992 3299.8992 3299.8992 3299.8992 3299.8992 3299.8992 3299.8992 3299.8992 3299.8992 3299.8992 3291.339 3276.0315 3260.7239 3245.9197 3231.1157 3216.513 3202.2124 3187.509 1060.9589 3189.7246 3206.1401 3222.2534 3238.2659 3254.0771 3269.5862 3285.1958 3299.8992 -3284.1887 -3269.0825 -3254.0771 -3239.1724 -3224.3682 -3209.7656 
2689.6086 2678.0273 2665.9424 2546.9055 537.3779 -3249.7466 2684.4727 2710.7573 2733.9202 2755.1697 2775.3113 2794.4458 2813.0767 2831.204 2848.9287 3204.3274 -1650.6042 -659.63745 -1723.0133 -1779.4098 -764.2731 1090.1642 706.4667 2137.2253 2761.4136 2858.9995 2843.7927 2829.895 2754.0618 2103.5889 1506.9946 1763.9008 1924.9329 1057.8369 2321.3196 2754.666 2741.8762 2732.7117 2721.936 2710.3545 2698.471 2686.6882 2674.9053 2657.1807 1022.89124 -2828.485 2686.4868 2712.57 2735.733 2756.9824 2777.0232 2796.1577 2814.7888 2832.9163 2850.6409 2868.164 -2443.1763 -1275.6683 -2155.252 -2161.2944 -1051.7944 865.98816 562.75635 2154.849 2888.3057 2874.9114 2862.1216 2848.7273 2833.0168 2770.4773 2423.7395 2794.6472 2773.4985 1802.8748 2171.0632 2662.8203 2735.5315 2726.77 2718.6125 2707.2327 2695.5505 2683.1633 2671.6826 2564.5293 707.0709 -2910.4614 2686.4868 2712.4695 2735.733 2756.9824 2776.9226 2795.9563 2814.7888 2832.8154 2850.54 -3266.7664 -1485.4431 -229.31213 -1303.5645 -1589.1724 -732.75146 1008.2886 537.57935 2073.0742 2868.9697 2855.374 2842.0806 2828.787 2436.4287 1867.63 1397.8271 1707.9071 2020.2026 1059.9518 1643.2526 2369.5586 2629.9895 2732.4097 2724.8564 2713.2751 2701.593 2689.911 2677.826 2663.324 1580.6122 -1976.294 2680.9478 2707.837 2731.5032 2752.8533 2773.1963 2792.5322 2811.1633 2829.3914 2847.116 2869.7754 -3015.4998 -1569.9371 -2265.8293 -2420.114 -1460.7697 641.2079 428.41187 1963.1012 2895.9595 2882.4646 2869.1711 2855.6763 2839.563 2697.1619 2812.3718 2801.596 2786.792 1912.4451 2202.2827 2754.666 2742.581 2731.5032 2722.238 2710.7573 2699.0752 2687.2925 2675.6104 2658.792 588.739 -2905.6274 2690.1123 2715.7927 2738.6536 2759.8022 2779.6416 2798.6755 2817.2058 2835.3333 2853.0579 2870.581 -2379.7302 -642.7185 -636.77673 -929.6356 -340.59448 1363.4857 837.08496 2242.163 2867.3584 2854.2664 2841.275 2827.9814 2811.6667 2629.889 2144.577 2353.4453 2157.266 1137.2955 1239.6149 2050.1128 2491.3147 2669.8699 2715.8936 2704.9163 
-1645.6696 -1888.3759 -2744.5952 -2732.611 -2720.8281 -2709.5488 -2697.6653 -2686.084 -2604.8125 -2225.1433 -1518.1732 -919.2627 -85.198975 1741.9464 3299.8992 3299.8992 3299.8992 3299.8992 3299.8992 3299.8992 3299.8992 3299.8992 3299.8992 3299.8992 3299.8992 3299.8992 3193.6523 1799.6521 426.80054 -950.885 -2190.1978 -2861.8193 -2848.9287 -2836.139 -2823.4497 -2810.962 -2798.6755 -2786.2883 -2227.2583 -1353.6163 -1233.6731 -1488.9679 -2745.8037 -2733.9202 -2722.0366 -2710.556 -2698.6724 -2687.1917 -2470.2666 -2042.9626 -1669.5374 -1083.316 -419.34814 1310.8154 3299.8992 3299.8992 3299.8992 3299.8992 3299.8992 3299.8992 3299.8992 3299.8992 3299.8992 3299.8992 3299.8992 3299.8992 3299.8992 2218.396 741.1102 -630.4321 -1786.1572 -2865.2434 -2853.2593 -2840.57 -2827.78 -2815.1917 -2802.8044 -2790.518 -2490.0054 -1704.3823 -1764.7064 -2022.9218 -2742.8833 -2730.9998 -2719.2168 -2707.837 -2695.9534 -2684.2712 -2657.382 -2332.901 -1885.8582 -1262.3749 -309.17358 1347.9767 3299.8992 3299.8992 3299.8992 3299.8992 3299.8992 3299.8992 3299.8992 3299.8992 3299.8992 3299.8992 3299.8992 3299.8992 3299.8992 2071.161 291.9525 -1100.5371 -2294.934 -2854.2664 -2841.3757 -2828.485 -2815.9973 -2803.5095 -2791.1223 -2778.9368 -2677.423 -1897.5403 -1591.9922 -1804.2847 -2731.8054 -2719.9219 -2708.2397 -2696.8596 -2685.077 -2634.723 -2245.8892 -1852.8259 -1457.8491 -890.4602 40.283203 1633.081 3299.8992 3299.8992 3299.8992 3299.8992 3299.8992 3299.8992 3299.8992 3299.8992 3299.8992 3299.8992 3299.8992 3299.8992 3299.8992 2130.9814 707.27234 -679.1748 -1639.0228 -2754.5654 -2848.6267 -2835.736 -2823.1475 -2810.6597 -2798.2727 -2785.9863 -2687.5945 -1827.4475 -1447.7783 -1661.6821 -2739.9626 -2727.9785 -2716.1956 -2704.8157 -2692.9321 -2681.552 -2620.12 -2220.6116 -1827.4475 -1358.4503 -518.1427 933.3618 3237.1582 3299.8992 3299.8992 3299.8992 3299.8992 3299.8992 3299.8992 3299.8992 3299.8992 3299.8992 3299.8992 3299.8992 3299.8992 2106.8115 696.19446 -686.22437 -1907.2083 -2853.4607 -2840.57 -2827.6794 -2815.1917 -2802.603 -2790.216 -2777.9297 -2763.025 -1982.6385 
3208.3557 3194.2566 3180.4595 3165.9575 3151.657 -2138.1316 3162.4329 3178.5461 3194.0552 3209.5642 3224.6704 3239.8772 3254.6814 3269.8882 3284.6924 3299.3958 -3285.901 -3271.4995 -3256.7961 -3242.4956 -3228.195 -3214.096 -3200.0977 -3186.4014 -3172.2014 3299.8992 3299.8992 3299.8992 3299.8992 3299.8992 3299.8992 3299.8992 3299.8992 3299.8992 3296.0723 3281.2683 3266.6655 3252.1636 3237.863 3223.462 3209.262 3195.1628 3180.9631 3167.0654 3151.9592 -1189.563 3160.5193 3176.2297 3191.336 3206.845 3221.9512 3237.1582 3252.365 3267.1692 3282.074 3296.7773 -3288.3179 -3274.0173 -3259.5154 -3245.0134 -3230.713 -3216.6138 -3202.3132 -3188.4155 -3174.417 2591.519 3299.8992 3299.8992 3299.8992 3299.8992 3299.8992 3299.8992 3299.8992 3299.8992 3296.475 3281.7717 3267.1692 3252.5664 3238.3667 3223.6633 3209.6648 3195.5657 3181.2651 3167.0654 3152.8655 -529.7241 3158.4045 3174.417 3190.0269 3205.3345 3220.7427 3235.7483 3250.8545 3265.7593 3280.7646 3295.468 -3289.8284 -3275.3264 -3260.8245 -3246.3225 -3232.1228 -3217.9229 -3203.9246 -3190.3289 -3176.0283 1792.3004 3299.8992 3299.8992 3299.8992 3299.8992 3299.8992 3299.8992 3299.8992 3299.8992 3296.7773 3281.8726 3267.3706 3252.4658 3238.2659 3223.9653 3209.7656 3195.6665 3181.4666 3167.4683 3152.664 -7.7545166 3157.0952 3172.9065 3188.1133 3203.421 3218.7285 3233.8347 3248.8403 3264.148 3278.8513 3293.5547 -3291.742 -3277.3406 -3262.4358 -3248.236 -3233.8347 -3219.7356 -3205.3345 -3191.6382 -3177.4382 787.6373 3299.8992 3299.8992 3299.8992 3299.8992 3299.8992 3299.8992 3299.8992 3299.8992 3297.4822 3282.6782 3267.7734 3253.473 3238.971 3224.6704 3210.3699 3196.4722 3182.2722 3167.9717 3153.772 522.171 3155.5847 3171.5972 3187.4084 3202.8167 3217.9229 3233.2305 3248.236 3263.2415 3278.247 3292.749 -3292.3462 -3277.8442 -3263.2415 -3249.1423 -3234.5398 -3220.3398 -3206.4421 -3192.343 -3178.8481 -221.96045 3299.8992 3299.8992 3299.8992 3299.8992 3299.8992 3299.8992 3299.8992 3299.8992 3298.4893 3283.6853 3269.0825 3254.48 3240.0786 3225.778 
3185.2935 3170.288 3155.081 3139.8743 3124.063 -588.8397 3131.8176 3148.6357 3165.3533 3181.9702 3198.285 3214.5996 3230.9143 3247.0276 3263.04 3279.0527 3294.7632 -3289.5264 -3274.0173 -3258.5083 -3243.2007 -3227.9937 -3212.7869 -3197.9827 -3183.3801 1317.3615 3299.8992 3299.8992 3299.8992 3299.8992 3299.8992 3299.8992 3299.8992 3296.0723 3280.3618 3264.6514 3248.941 3233.432 3218.0237 3202.9175 3187.8113 3172.705 3157.0952 3142.1904 3126.8828 -37.060547 3131.1125 3148.233 3164.749 3181.2651 3197.6807 3214.096 3230.31 3246.4233 3262.4358 3278.4485 3294.3604 -3290.0298 -3274.5208 -3259.0117 -3243.704 -3228.4973 -3213.8945 -3198.6877 -3183.783 1129.2389 3299.8992 3299.8992 3299.8992 3299.8992 3299.8992 3299.8992 3299.8992 3296.576 3280.8655 3265.2556 3249.5452 3233.9355 3218.527 3203.421 3188.4155 3173.2085 3157.498 3142.5933 3127.2856 512.2009 3128.6956 3145.6145 3162.332 3178.8481 3195.2637 3211.679 3227.7922 3244.0063 3260.1196 3276.132 3291.9434 -3292.4468 -3276.8372 -3261.3281 -3246.0205 -3230.8135 -3216.211 -3201.004 -3186.099 541.7084 3299.8992 3299.8992 3299.8992 3299.8992 3299.8992 3299.8992 3299.8992 3296.878 3281.2683 3265.5579 3249.948 3234.3384 3218.93 3203.8237 3188.7175 3173.6113 3158.3037 3143.097 3127.6885 977.87476 3125.9766 3142.996 3159.7136 3176.3306 3192.7458 3209.0605 3225.2747 3241.5894 3257.6018 3273.6145 3289.325 3299.8992 -3279.2542 -3263.745 -3248.4375 -3233.13 -3217.9229 -3203.018 -3188.3147 -103.02429 3299.8992 3299.8992 3299.8992 3299.8992 3299.8992 3299.8992 3299.8992 3297.4822 3281.7717 3266.162 3250.4517 3234.7412 3219.4336 3204.2266 3189.1204 3174.0142 3158.908 3143.6003 3128.3936 1025.9125 3126.6814 3143.4998 3160.2173 3176.834 3193.2495 3209.6648 3225.879 3242.1936 3258.1055 3274.0173 3289.8284 3299.8992 -3278.7505 -3263.3423 -3247.8333 -3232.6262 -3217.9229 -3202.716 -3187.8113 -360.23254 3299.8992 3299.8992 3299.8992 3299.8992 3299.8992 3299.8992 3299.8992 3299.0935 3283.484 3267.7734 3252.063 3236.6545 3221.045 3205.9387 
3196.9756 3181.8694 3166.0583 3151.1536 3135.443 -1534.2865 3148.4343 3165.3533 3181.8694 3198.0835 3214.7002 3230.612 3247.0276 3263.1409 3278.952 3294.9646 -3289.325 -3273.715 -3258.206 -3242.7979 -3227.3894 -3212.384 -3197.882 -3182.675 -2962.2253 2626.4648 3299.8992 3299.8992 3299.8992 3299.8992 3299.8992 3299.8992 3299.8992 3299.8992 3292.9504 3277.24 3261.4287 3245.7183 3230.2092 3214.9016 3199.594 3184.4878 3168.7773 3153.772 3138.162 -1423.1049 3149.3408 3166.159 3182.675 3198.9897 3215.3044 3231.5186 3247.8333 3264.047 3279.959 3295.6694 -3288.5193 -3272.9094 -3257.4004 -3242.0928 -3226.7852 -3211.5784 -3196.875 -3181.9702 -3167.3674 2883.0688 3299.8992 3299.8992 3299.8992 3299.8992 3299.8992 3299.8992 3299.8992 3299.8992 3293.1519 3277.1392 3261.6301 3245.6177 3230.31 3214.9016 3199.6948 3184.4878 3168.7773 3153.772 3138.4644 -745.9442 3146.521 3163.339 3179.8552 3196.2708 3212.5854 3228.9001 3245.0134 3261.1267 3277.1392 3293.051 -3291.0369 -3275.6287 -3259.9182 -3244.5098 -3229.303 -3214.096 -3199.594 -3184.4878 -3169.7844 1756.8512 3299.8992 3299.8992 3299.8992 3299.8992 3299.8992 3299.8992 3299.8992 3299.8992 3293.756 3277.9448 3262.2344 3246.524 3230.9143 3215.5059 3200.5005 3185.1929 3169.7844 3154.6782 3139.1692 -154.78821 3144.6074 3161.4258 3177.942 3194.5586 3210.6719 3227.188 3243.3013 3259.4146 3275.4272 3291.339 3299.8992 -3277.1392 -3261.731 -3246.222 -3231.015 -3215.9087 -3201.2053 -3186.099 -3171.2952 855.71594 3299.8992 3299.8992 3299.8992 3299.8992 3299.8992 3299.8992 3299.8992 3299.8992 3294.8638 3279.0527 3263.2415 3247.531 3232.022 3216.7144 3201.4067 3186.3005 3171.1943 3155.5847 3140.1763 349.85962 3143.2983 3160.2173 3176.834 3193.2495 3209.6648 3225.879 3242.0928 3258.206 3274.2188 3290.1306 3299.8992 -3278.4485 -3262.8386 -3247.3296 -3232.1228 -3217.0166 -3201.8096 -3187.1062 -3172.5037 177.74963 3299.8992 3299.8992 3299.8992 3299.8992 3299.8992 3299.8992 3299.8992 3299.8992 3295.8708 3280.0598 3264.2485 3248.538 3233.029 3217.6208 
3188.214 3173.6113 3159.0088 3144.6074 3129.8035 -744.1315 3136.148 3152.664 3168.9788 3185.2935 3201.4067 3217.3186 3233.029 3248.941 3264.6514 3280.2612 3295.8708 -3288.7207 -3273.413 -3258.1055 -3242.7979 -3227.893 -3212.8875 -3197.882 -3183.1787 3014.392 3299.8992 3299.8992 3299.8992 3299.8992 3299.8992 3299.8992 3299.8992 3295.7703 3280.1604 3264.6514 3249.3438 3234.137 3219.0308 3204.126 3189.5232 3174.7192 3160.2173 3145.7153 3131.1125 -98.69385 3135.3423 3151.8584 3168.274 3184.4878 3200.702 3216.6138 3232.4248 3248.236 3263.8457 3279.5562 3295.0652 -3289.4255 -3274.118 -3258.8103 -3243.6035 -3228.4973 -3213.391 -3198.587 -3183.9844 2397.6562 3299.8992 3299.8992 3299.8992 3299.8992 3299.8992 3299.8992 3299.8992 3296.475 3280.8655 3265.3564 3249.948 3234.8418 3219.7356 3204.8308 3190.0269 3175.3235 3160.8215 3146.4202 3131.8176 754.5044 3133.3281 3150.0457 3166.3604 3182.675 3198.6877 3214.7002 3230.5115 3246.3225 3262.033 3277.542 3293.2524 -3291.339 -3275.9307 -3260.623 -3245.3154 -3230.31 -3215.3044 -3200.5005 -3185.797 1196.5118 3299.8992 3299.8992 3299.8992 3299.8992 3299.8992 3299.8992 3299.8992 3297.0793 3281.4697 3265.9607 3250.5522 3235.446 3220.4407 3205.435 3190.7317 3176.0283 3161.5264 3147.0244 3132.4219 1477.6886 3131.4148 3148.0315 3164.5476 3180.661 3196.875 3212.7869 3228.598 3244.5098 3260.1196 3275.83 3291.339 -3293.051 -3277.6428 -3262.3352 -3247.1282 -3232.022 -3217.0166 -3202.1118 -3187.4084 157.50732 3299.8992 3299.8992 3299.8992 3299.8992 3299.8992 3299.8992 3299.8992 3297.7844 3282.1746 3266.6655 3251.2573 3236.0503 3221.045 3206.1401 3191.2354 3176.7334 3162.1306 3147.7295 3133.1267 1795.9259 3130.8105 3147.528 3163.8428 3180.1575 3196.17 3212.2832 3228.195 3244.0063 3259.7168 3275.3264 3290.9363 -3293.5547 -3278.247 -3262.9395 -3247.6318 -3232.5256 -3217.6208 -3202.716 -3187.9119 -606.76575 3299.8992 3299.8992 3299.8992 3299.8992 3299.8992 3299.8992 3299.8992 3299.0935 3283.484 3267.9749 3252.5664 3237.4602 3222.2534 3207.4492 

3214.096 3214.096 3214.096 3214.096 3214.096 3214.096 3214.096 3214.096 3214.096 3214.096 3214.096 3214.096 3214.096 3214.096 3214.096 3214.096 3214.096 3214.096 3214.096 3214.096 -3261.3281 -3246.9268 -3232.6262 -3219.2322 -3204.5288 -2154.7485 2213.2598 3299.8992 3299.8992 3299.8992 3299.8992 3299.8992 3299.8992 3299.8992 3287.21 3272.406 3257.6018 3242.7979 3228.4973 3214.1968 3199.8962 3185.5957 3171.1943 3155.7861 3142.1904 2003.5858 -1067.4042 3157.0952 3157.901 3173.6113 3189.1204 3204.3274 3219.4336 3234.6404 3249.5452 3264.5508 3279.657 3294.3604 -3291.2383 -3276.6357 -3261.9324 -3247.6318 -3233.432 -3219.7356 -3205.133 -2423.4375 2099.6611 3299.8992 3299.8992 3299.8992 3299.8992 3299.8992 3299.8992 3299.8992 3287.8142 3273.1108 3258.307 3243.704 3229.2021 3214.9016 3200.601 3186.4014 3171.698 3156.9946 3142.4927 2274.7925 -798.7152 -3197.2778 3155.081 3170.8923 3186.6028 3202.1118 3217.3186 3232.2234 3247.3296 3262.1338 3277.1392 3292.044 -3293.2524 -3278.7505 -3264.6514 -3250.2502 -3235.9497 -3221.1455 -3207.6506 -2768.7651 1507.3975 3299.8992 3299.8992 3299.8992 3299.8992 3299.8992 3299.8992 3299.8992 3289.224 3274.5208 3259.8174 3245.4163 3230.5115 3216.211 3201.9104 3187.509 3173.108 3158.7065 3144.2046 2449.823 -690.2527 -3274.3193 3156.189 3171.8994 3187.4084 3202.8167 3217.7214 3232.9285 3247.8333 3262.9395 3278.0457 3292.4468 -3292.8496 -3278.0457 -3263.5437 -3249.5452 -3235.144 -3220.5413 -3207.0464 -2927.2795 1308.4991 3299.8992 3299.8992 3299.8992 3299.8992 3299.8992 3299.8992 3299.8992 3291.339 3276.6357 3261.9324 3247.531 3232.9285 3218.225 3204.0251 3189.624 3175.3235 3160.7207 3146.3196 2612.97 -447.8485 -3018.4204 3155.6853 3170.993 3187.0056 3202.011 3217.218 3232.4248 3247.6318 3262.4358 3277.6428 3291.9434 3299.8992 -3278.7505 -3263.9465 -3249.8474 -3235.5469 -3220.8435 -3207.3486 -3053.8696 1072.8424 3299.8992 3299.8992 3299.8992 3299.8992 3299.8992 3299.8992 3299.8992 3292.9504 3278.1462 3263.3423 3248.639 3234.137 3219.4336 3205.0322 3190.8325 3176.532 3162.03 3147.4272 2731.3018 -379.06494 -3048.6328 3155.7861 3171.7986 3187.3076 3202.716 3218.0237 3233.2305 3248.236 3263.2415 3278.0457 3292.4468 -3292.8496 -3277.9448 
-3195.1628 -3180.7617 -3166.4612 -3152.362 -3138.3635 -3114.395 3299.8992 3299.8992 3299.8992 3299.8992 3299.8992 3299.8992 3299.8992 3299.8992 3299.8992 3299.8992 3299.8992 3292.8496 3277.542 3262.3352 3247.4304 3232.727 3217.6208 3203.6223 3188.919 2579.7363 3188.919 3205.3345 3221.4478 3237.3596 3253.07 3268.7805 3284.2896 3299.6978 -3285.0952 -3269.989 -3254.8828 -3239.978 -3225.1738 -3210.5713 -3195.9685 -3181.5674 -3167.2668 -3153.067 -3139.1692 -3125.171 3299.8992 3299.8992 3299.8992 3299.8992 3299.8992 3299.8992 3299.8992 3299.8992 3299.8992 3299.8992 3299.8992 3294.2595 3278.8513 3263.5437 3248.7395 3233.9355 3219.4336 3205.0322 3190.3289 3175.6255 3187.6099 3204.126 3220.2393 3236.2517 3252.063 3267.7734 3283.1816 3298.59 -3286.1023 -3270.8953 -3255.89 -3240.985 -3226.2817 -3211.5784 -3196.9756 -3182.5745 -3168.3745 -3153.9734 -3139.9749 -3126.0771 3299.8992 3299.8992 3299.8992 3299.8992 3299.8992 3299.8992 3299.8992 3299.8992 3299.8992 3299.8992 3299.8992 3295.468 3280.1604 3264.8528 3249.8474 3235.144 3220.5413 3206.2407 3191.4368 3177.1362 3186.502 3203.018 3219.1313 3235.2446 3251.056 3266.6655 3282.1746 3297.583 -3287.1094 -3271.9023 -3256.897 -3241.9922 -3227.188 -3212.4846 -3197.9827 -3183.6821 -3169.0796 -3154.8796 -3140.8813 -3126.9836 3299.8992 3299.8992 3299.8992 3299.8992 3299.8992 3299.8992 3299.8992 3299.8992 3299.8992 3299.8992 3299.8992 3296.576 3281.1675 3265.9607 3250.955 3236.0503 3221.4478 3207.0464 3192.5444 3178.4453 3185.1929 3201.709 3217.9229 3233.9355 3249.8474 3265.457 3280.966 3296.3745 -3288.4185 -3273.2117 -3258.1055 -3243.2007 -3228.296 -3213.693 -3199.0906 -3184.6892 -3170.3887 -3156.189 -3142.0898 -3128.1921 3299.8992 3299.8992 3299.8992 3299.8992 3299.8992 3299.8992 3299.8992 3299.8992 3299.8992 3299.8992 3299.8992 3297.6836 3282.376 3267.1692 3252.063 3237.2588 3222.5554 3208.1543 3193.5515 3179.6538 3183.8835 3200.3997 3216.7144 3232.8276 3248.538 3264.2485 3279.7576 3295.166 -3289.4255 -3274.2188 -3259.2131 -3244.2078 -3229.5044 -3214.801 -3200.0977 -3185.797 -3171.3958 -3157.196 -3143.097 -3129.1992 3299.8992 3299.8992 3299.8992 3299.8992 3299.8992 3299.8992 3299.8992 3299.8992 3299.8992 3299.8992 3299.8992 3298.0864 3282.8796 3267.572 
2693.4355 2681.4514 2669.9707 2653.4546 1378.9948 -1809.6222 2670.3735 2698.8738 2723.346 2745.401 2766.0461 2785.684 2804.5166 2822.7446 2840.6707 2858.3953 -2517.096 -881.2958 -1670.7458 -2235.315 -2222.6257 -363.3545 -601.0254 1201.2451 2830.0964 2884.076 2870.984 2855.8777 2840.57 2556.372 1942.7582 2048.6023 2734.9272 1862.9974 2498.5657 2765.1396 2752.1484 2740.265 2730.7983 2719.3176 2707.5347 2695.2483 2683.1633 2668.46 1779.9133 -1413.739 2680.7463 2707.837 2731.5032 2752.954 2773.297 2792.7336 2811.3647 2829.5928 2847.4182 2864.9414 -2943.4937 -1179.3915 -1657.5531 -2173.7822 -1501.8585 343.3136 619.6564 2220.9136 2889.5142 2876.1199 2863.0278 2849.7344 2833.722 2764.4348 2134.7075 2138.2324 2751.4434 1838.324 1661.6821 2523.5413 2193.7224 2141.5557 2729.9927 2719.4182 2708.2397 2696.1548 2684.2712 2669.6685 1837.5183 -1137.6984 2679.7393 2706.9304 2730.597 2752.249 2772.6929 2792.1294 2810.7605 2828.9885 2846.814 2864.3372 -2506.5215 -681.8939 -960.35156 -1642.749 -1253.5126 519.2505 101.412964 1641.6412 2167.337 2871.7896 2857.6904 2843.692 2828.485 2428.5735 1750.2045 1685.0464 2402.3894 1805.3925 1464.3951 2256.4636 2683.8684 2738.855 2731.4026 2720.2239 2708.6426 2696.4568 2685.077 2671.1792 1984.3506 -837.18567 2676.6174 2704.4128 2728.482 2750.2349 2770.6787 2790.1152 2808.9478 2827.1758 2845.1018 2862.7258 -3247.229 -1400.3448 -1358.3496 -1997.7448 -1401.8555 364.7644 -184.19495 1425.4211 2892.334 2881.4575 2868.466 2855.374 2841.6777 2824.7588 2546.4019 2407.022 2787.3962 2281.9426 1705.7922 2536.1296 2744.8975 2733.014 2724.655 2713.3757 2701.6936 2690.1123 2678.0273 2663.4246 1894.9219 -759.8419 2670.2727 2698.8738 2723.346 2745.7031 2766.2476 2785.785 2804.6172 2822.946 2841.1743 2858.6975 -2699.6794 -794.5862 -790.7593 -1608.4076 -1295.7092 305.85022 -265.16418 1375.8728 2879.0405 2868.0632 2855.072 2841.3757 2541.0645 2034.5032 1449.3896 1403.2654 2172.3723 1799.8535 1154.718 2042.3584 2601.892 2675.2075 2733.5173 2724.7559 2713.2751 2701.6936 2690.1123 2677.5237 2463.6199 49.246216 2671.6826 2700.3845 2724.8564 2746.9116 2767.5566 2787.1948 2806.128 2824.4568 2842.3828 2860.1074 2880.551 -2202.2827 -1486.4502 -2174.286 
-1521.698 -1675.9827 -2730.6975 -2718.7134 -2707.0312 -2695.752 -2683.8684 -2672.589 -2511.9597 -2134.0027 -1729.7607 -1282.6172 -402.6306 987.3413 3264.3494 3299.8992 3299.8992 3299.8992 3299.8992 3299.8992 3299.8992 3299.8992 3299.8992 3299.8992 3299.8992 3299.8992 3299.8992 2504.9102 1158.4442 -371.31042 -1666.4154 -2669.9707 -2841.8792 -2828.9885 -2816.4001 -2803.8115 -2791.4246 -2779.1382 -2730.2947 -1859.7748 -1381.2103 -1454.7272 -2734.021 -2722.1375 -2710.3545 -2698.9746 -2687.2925 -2675.6104 -2664.2302 -2486.5813 -1998.5504 -1402.9633 -512.2009 765.8844 2897.6714 3299.8992 3299.8992 3299.8992 3299.8992 3299.8992 3299.8992 3299.8992 3299.8992 3299.8992 3299.8992 3299.8992 3299.8992 2651.239 1235.5865 -190.23743 -1433.9813 -2486.5813 -2842.1814 -2829.2908 -2816.7021 -2804.1138 -2791.7266 -2779.4402 -2767.1538 -2052.9326 -1553.7231 -1654.0283 -2731.4026 -2719.6196 -2707.837 -2696.5576 -2684.7747 -2673.1934 -2583.7646 -2150.5188 -1501.9592 -1041.925 -302.42615 870.72144 3046.7192 3299.8992 3299.8992 3299.8992 3299.8992 3299.8992 3299.8992 3299.8992 3299.8992 3299.8992 3299.8992 3299.8992 3299.8992 2293.3228 873.8434 -511.19385 -1720.3949 -2852.3528 -2839.563 -2826.773 -2814.0837 -2801.596 -2789.1082 -2776.9226 -2763.327 -1797.9401 -1164.6881 -1330.957 -2733.316 -2718.7134 -2673.0925 -2632.205 -2550.2288 -2387.7869 -1990.5945 -1491.687 -1024.4019 -469.80286 68.88428 1316.5558 3299.8992 3299.8992 3299.8992 3299.8992 3299.8992 3299.8992 3299.8992 3299.8992 3299.8992 3299.8992 3299.8992 3299.8992 3299.8992 2909.9578 1789.9841 396.68884 -836.98425 -2055.4504 -2694.7449 -2763.8306 -2721.936 -2678.9336 -2654.8645 -2634.1187 -2562.1123 -2422.531 -2442.572 -2440.7593 -2530.5908 -2486.1785 -2474.1943 -2452.1392 -2407.3242 -2354.5532 -2309.9395 -2228.9702 -2134.909 -2046.6888 -1676.7883 -681.4911 1889.4836 3299.8992 3299.8992 3299.8992 3299.8992 3299.8992 3299.8992 3299.8992 3299.8992 3299.8992 3299.8992 3299.8992 3299.8992 2770.8801 1150.8911 -192.65442 -1368.219 -2336.9292 -2838.3545 -2825.5645 -2812.8752 -2800.3875 -2788.0005 -2775.8147 -2763.6292 -1907.4097 -1212.5244 -1265.3961 -2728.8848 -2720.6267 -2708.9446 -2697.4639 -2685.6812 -2674.301 -2487.2864 -2069.8516 -1629.3549 -1175.6653 -467.688 537.3779 2629.9895 3299.8992 3299.8992 3299.8992 3299.8992 3299.8992 
3211.4775 3197.3784 3183.5815 3169.583 3154.779 1374.8657 3153.9734 3169.7844 3185.092 3200.702 3215.7073 3230.9143 3246.0205 3260.9253 3275.83 3290.7349 3299.8992 -3280.0598 -3265.457 -3251.1565 -3236.4531 -3222.6562 -3208.255 -3194.2566 -3180.4595 -1108.7952 3299.8992 3299.8992 3299.8992 3299.8992 3299.8992 3299.8992 3299.8992 3299.8992 3299.0935 3284.2896 3269.5862 3254.9834 3240.6829 3226.181 3212.0818 3197.9827 3184.085 3169.8853 3155.8867 1965.4175 3151.657 3167.871 3183.5815 3198.9897 3214.2974 3229.5044 3244.4092 3259.5154 3274.4202 3289.224 3299.8992 -3281.5703 -3266.867 -3252.365 -3238.0645 -3223.764 -3209.8662 -3195.6665 -3182.1716 -1817.3767 3299.8992 3299.8992 3299.8992 3299.8992 3299.8992 3299.8992 3299.8992 3299.8992 3299.4963 3284.793 3270.0896 3255.3862 3240.985 3226.886 3212.4846 3198.285 3184.4878 3170.59 3155.9875 2342.7703 3150.65 3166.4612 3181.5674 3197.2778 3212.4846 3227.4902 3242.7979 3257.7026 3272.6074 3287.4114 3299.8992 -3283.2825 -3268.6797 -3254.1777 -3239.8772 -3225.6775 -3211.2761 -3197.4792 -3183.1787 -2490.7104 3299.8992 3299.8992 3299.8992 3299.8992 3299.8992 3299.8992 3299.8992 3299.8992 3299.8992 3286.3037 3271.6003 3256.7961 3242.395 3228.0945 3213.8945 3199.7954 3185.4949 3171.2952 3157.3975 2735.431 3148.8372 3165.1519 3180.8623 3196.2708 3211.4775 3226.4832 3241.8914 3256.897 3271.701 3286.7065 3299.8992 -3283.9873 -3269.4854 -3254.9834 -3240.5823 -3226.3823 -3212.384 -3198.184 -3184.6892 -2829.7942 3299.8992 3299.8992 3299.8992 3299.8992 3299.8992 3299.8992 3299.8992 3299.8992 3299.8992 3286.4043 3271.399 3256.7961 3242.395 3227.9937 3214.096 3199.6948 3185.797 3171.8994 3157.3975 2901.0955 3148.4343 3164.2456 3179.6538 3195.0623 3210.5713 3225.5767 3240.5823 3255.6885 3270.5933 3285.3972 3299.8992 -3285.1958 -3270.6938 -3256.192 -3241.7908 -3227.5908 -3213.2903 -3199.4934 -3185.1929 -3144.104 3299.8992 3299.8992 3299.8992 3299.8992 3299.8992 3299.8992 3299.8992 3299.8992 3299.8992 3288.217 3273.6145 3258.9111 3244.5098 3229.9072 3215.808 3201.8096 3187.4084 3173.3093 3159.4116 3099.0874 3147.1252 3163.44 3179.251 3194.458 3209.967 3225.1738 3240.3809 3255.3862 3270.291 3285.1958 3299.5972 -3285.5986 -3271.0967 -3256.4941 
3190.8325 3175.6255 3160.0159 3145.2117 3130.1055 1845.2728 -3289.1235 3139.3706 3155.9875 3172.5037 3189.1204 3205.435 3221.6492 3237.7625 3253.9763 3269.989 3285.901 3299.8992 -3282.7788 -3267.1692 -3251.7607 -3236.554 -3221.8506 -3206.543 -3191.6382 -986.2335 3299.8992 3299.8992 3299.8992 3299.8992 3299.8992 3299.8992 3299.8992 3298.0864 3282.4768 3266.867 3251.056 3235.5469 3220.1384 3204.8308 3189.7246 3174.7192 3159.1094 3144.2046 3129.1992 2000.766 3193.2495 3138.0615 3154.779 3171.2952 3187.9119 3204.2266 3220.4407 3236.6545 3252.6672 3268.7805 3284.6924 3299.8992 -3283.8867 -3268.4783 -3253.1707 -3237.863 -3223.059 -3207.852 -3192.8467 -1400.3448 3299.8992 3299.8992 3299.8992 3299.8992 3299.8992 3299.8992 3299.8992 3299.0935 3283.383 3267.6726 3251.9622 3236.4531 3220.944 3205.838 3190.631 3175.6255 3160.0159 3145.111 3130.1055 2458.9873 -2760.205 3135.2417 3151.9592 3168.576 3184.9915 3201.3062 3217.6208 3233.8347 3250.1494 3266.162 3281.9731 3297.6836 -3286.6057 -3271.0967 -3255.789 -3240.28 -3225.5767 -3210.269 -3195.3643 -1970.05 3299.8992 3299.8992 3299.8992 3299.8992 3299.8992 3299.8992 3299.8992 3299.5972 3283.9873 3268.2769 3252.5664 3236.9568 3221.5483 3206.3416 3191.2354 3176.2297 3161.023 3145.9167 3130.6091 2637.039 -2608.2366 3134.2346 3151.0527 3167.7703 3184.1858 3200.601 3216.9158 3233.029 3249.3438 3265.2556 3281.1675 3296.9788 -3287.3108 -3271.9023 -3256.3933 -3241.1865 -3225.879 -3210.974 -3196.17 -2257.5713 3299.8992 3299.8992 3299.8992 3299.8992 3299.8992 3299.8992 3299.8992 3299.8992 3284.5916 3268.7805 3253.1707 3237.561 3222.1526 3206.845 3191.7388 3176.7334 3161.6272 3146.521 3131.2134 2758.6943 -2394.7356 3133.6304 3150.5493 3167.166 3183.5815 3199.9968 3216.4124 3232.5256 3248.639 3264.6514 3280.664 3296.475 -3288.0156 -3272.5066 -3256.9976 -3241.7908 -3226.2817 -3211.377 -3196.6736 -2684.976 3299.8992 3299.8992 3299.8992 3299.8992 3299.8992 3299.8992 3299.8992 3299.8992 3287.21 3271.4995 3255.89 3240.28 3224.771 3209.5642 3194.3572 3179.251 3164.2456 3149.0386 3133.8318 3007.9468 -1790.0848 3132.7239 3149.6428 3166.2598 3182.776 3199.1912 3215.4053 3231.72 3247.8333 3263.8457 3279.7576 3295.468 -3288.7207 -3273.2117 
3202.4138 3187.207 3172.1008 3156.6924 3141.1833 1039.9109 3140.7805 3157.6995 3174.3164 3190.7317 3207.1472 3223.361 3239.5752 3255.789 3271.8018 3287.8142 3299.8992 -3280.7646 -3265.2556 -3249.7466 -3234.439 -3219.1313 -3204.0251 -3189.4226 -3174.7192 -630.2307 3299.8992 3299.8992 3299.8992 3299.8992 3299.8992 3299.8992 3299.8992 3299.8992 3296.2737 3280.4626 3264.6514 3249.0417 3233.3313 3217.9229 3202.716 3187.509 3172.4028 3157.0952 3141.5862 1298.8312 3140.3777 3157.2966 3173.9136 3190.3289 3206.6436 3222.9583 3239.1724 3255.3862 3271.399 3287.3108 3299.8992 -3281.1675 -3265.5579 -3250.2502 -3234.8418 -3219.7356 -3204.428 -3189.7246 -3175.2227 -1162.9761 3299.8992 3299.8992 3299.8992 3299.8992 3299.8992 3299.8992 3299.8992 3299.8992 3297.7844 3281.8726 3266.162 3250.3508 3234.7412 3219.4336 3204.2266 3189.0198 3173.8127 3158.5051 3143.1975 1838.6261 3138.7664 3155.5847 3172.2014 3188.7175 3205.0322 3221.4478 3237.6616 3253.775 3269.7876 3285.901 3299.8992 -3282.5774 -3267.1692 -3251.7607 -3236.2517 -3221.1455 -3206.4421 -3191.1345 -3176.3306 -1823.6206 3299.8992 3299.8992 3299.8992 3299.8992 3299.8992 3299.8992 3299.8992 3299.8992 3298.993 3283.1816 3267.3706 3251.6602 3236.0503 3220.642 3205.3345 3190.2283 3174.9207 3159.7136 3144.3054 2181.2346 3137.7593 3154.6782 3171.2952 3187.8113 3204.3274 3220.5413 3236.6545 3252.8687 3268.982 3284.8938 3299.8992 -3283.5845 -3268.0754 -3252.4658 -3237.2588 -3222.052 -3207.2478 -3192.1416 -3177.3376 -2217.1875 3299.8992 3299.8992 3299.8992 3299.8992 3299.8992 3299.8992 3299.8992 3299.8992 3299.6978 3283.9873 3268.0754 3252.4658 3236.856 3221.4478 3206.0393 3190.933 3175.525 3160.4187 3145.2117 2633.8164 3135.1409 3152.1606 3168.8782 3185.2935 3201.8096 3217.9229 3234.3384 3250.4517 3266.464 3282.5774 3298.1873 -3285.901 -3270.291 -3254.782 -3239.4744 -3224.1667 -3209.4634 -3194.3572 -3179.4524 -2715.2893 3299.8992 3299.8992 3299.8992 3299.8992 3299.8992 3299.8992 3299.8992 3299.8992 3299.8992 3284.5916 3268.7805 3253.07 3237.3596 3222.052 3206.6436 3191.5374 3175.9277 3161.1235 3146.0173 2830.4993 3134.2346 3151.0527 3167.7703 3184.2864 3200.5005 3217.1172 3233.3313 3249.3438 3265.6584 3281.5703 3297.2808 -3286.908 -3271.298 -3255.789 
3192.5444 3177.841 3163.2385 3148.8372 3134.3352 2523.1384 3128.595 3145.2117 3161.7278 3177.7405 3193.9543 3209.8662 3225.879 3241.5894 3257.2998 3273.0103 3288.5193 3299.8992 -3280.3618 -3265.2556 -3250.0488 -3234.7412 -3219.937 -3204.9316 -3190.1274 -1564.7003 3299.8992 3299.8992 3299.8992 3299.8992 3299.8992 3299.8992 3299.8992 3299.5972 3283.8867 3268.3777 3252.9692 3237.7625 3222.6562 3207.7515 3192.9473 3178.3447 3163.742 3149.24 3134.738 2853.5613 3126.8828 3143.4998 3159.915 3176.2297 3192.343 3208.4563 3224.3682 3240.1794 3255.9905 3271.6003 3287.21 3299.8992 -3281.8726 -3266.565 -3251.2573 -3236.1511 -3221.1455 -3206.2407 -3191.5374 -2354.7546 3299.8992 3299.8992 3299.8992 3299.8992 3299.8992 3299.8992 3299.8992 3299.8992 3285.1958 3269.7876 3254.2786 3238.971 3223.8647 3208.8591 3194.0552 3179.5532 3164.8499 3150.348 3135.846 3058.6028 3126.0771 3142.8955 3159.4116 3175.525 3191.6382 3207.7515 3223.6633 3239.3738 3255.1848 3270.996 3286.5051 3299.8992 -3282.376 -3267.1692 -3252.063 -3236.856 -3221.7498 -3206.9458 -3192.041 -2856.6833 3299.8992 3299.8992 3299.8992 3299.8992 3299.8992 3299.8992 3299.8992 3299.8992 3286.8071 3271.0967 3255.6885 3240.3809 3225.2747 3210.3699 3195.465 3180.8623 3166.2598 3151.8584 3137.2559 3117.3157 3125.5737 3142.3918 3159.0088 3175.122 3191.336 3207.3486 3223.1597 3239.0715 3254.8828 3270.4924 3286.0015 3299.8992 -3283.081 -3267.7734 -3252.365 -3237.2588 -3222.2534 -3207.3486 -3192.4438 -3177.7405 3299.8992 3299.8992 3299.8992 3299.8992 3299.8992 3299.8992 3299.8992 3299.8992 3288.6199 3273.0103 3257.6018 3242.2942 3227.188 3212.0818 3197.2778 3182.5745 3167.9717 3153.5706 3139.0686 3123.6602 3123.9624 3140.7805 3157.2966 3173.6113 3189.7246 3205.838 3221.7498 3237.4602 3253.2715 3269.0825 3284.6924 3299.8992 -3284.5916 -3269.1833 -3253.8757 -3238.7695 -3223.6633 -3208.7585 -3193.753 -3179.1504 3299.8992 3299.8992 3299.8992 3299.8992 3299.8992 3299.8992 3299.8992 3299.8992 3289.627 3274.118 3258.609 3243.3013 3228.195 3213.2903 3198.285 3183.5815 3168.9788 3154.5776 3140.1763 3125.07 3123.056 3139.9749 3156.5918 3172.9065 3189.0198 3205.0322 3221.045 3236.856 3252.6672 3268.3777 3283.8867 3299.4963 -3285.1958 -3269.7876 

-3277.9448 -3277.9448 -3277.9448 -3277.9448 -3277.9448 -3277.9448 -3277.9448 -3277.9448 -3277.9448 -3277.9448 -3277.9448 -3277.9448 -3277.9448 -3277.9448 -3277.9448 -3277.9448 -3277.9448 -3277.9448 -3277.9448 -3277.9448 3208.0535 3193.2495 3179.3518 3165.2527 3150.247 2935.8398 127.79846 -2561.206 3153.772 3169.583 3184.8906 3200.1982 3215.6067 3231.015 3245.7183 3260.7239 3275.6287 3290.634 3299.8992 -3280.1604 -3265.6584 -3251.6602 -3237.2588 -3222.5554 -3209.0605 -3194.76 311.59058 3299.8992 3299.8992 3299.8992 3299.8992 3299.8992 3299.8992 3299.8992 3295.9717 3281.2683 3266.565 3251.8616 3237.1582 3222.354 3208.1543 3193.8538 3179.956 3164.447 3150.8513 3004.2205 197.89124 -2485.0708 3153.3691 3169.0796 3184.79 3200.1982 3215.7073 3230.9143 3245.9197 3260.8245 3275.7292 3290.4326 3299.8992 -3280.4626 -3265.9607 -3251.358 -3237.1582 -3223.462 -3208.8591 -3195.0623 -183.5907 3299.8992 3299.8992 3299.8992 3299.8992 3299.8992 3299.8992 3299.8992 3298.892 3284.2896 3269.3848 3254.6814 3239.978 3225.5767 3211.377 3197.0764 3182.5745 3167.0654 3153.5706 3104.828 516.6321 -2239.5447 3153.067 3168.6768 3184.4878 3199.9968 3215.0024 3230.2092 3245.6177 3260.623 3275.4272 3290.1306 3299.8992 -3280.5632 -3266.162 -3251.6602 -3237.561 -3223.8647 -3209.1614 -3195.465 -324.3805 3299.8992 3299.8992 3299.8992 3299.8992 3299.8992 3299.8992 3299.8992 3298.993 3284.2896 3269.7876 3254.8828 3240.28 3225.778 3211.2761 3197.2778 3182.776 3167.3674 3153.8726 3125.5737 542.3126 -2370.868 3153.6711 3169.1802 3184.8906 3200.299 3215.6067 3230.8135 3245.819 3261.026 3275.9307 3290.634 3299.8992 -3279.959 -3265.5579 -3251.1565 -3237.3596 -3222.6562 -3209.0605 -3194.8608 -939.505 3299.8992 3299.8992 3299.8992 3299.8992 3299.8992 3299.8992 3299.8992 3299.8992 3288.0156 3273.3123 3258.7097 3244.2078 3229.5044 3215.2039 3200.702 3186.4014 3171.8994 3157.2966 3137.7593 884.51843 -2030.5756 3153.6711 3169.4824 3185.092 3200.8025 3216.211 3231.1157 3246.4233 3261.4287 3275.9307 3290.7349 3299.8992 -3279.959 
3252.5664 3237.6616 3223.059 3208.5571 3193.9543 3180.1575 3182.0708 3198.6877 3214.9016 3230.8135 3246.8262 3262.4358 3277.9448 3293.4539 -3291.1377 -3276.0315 -3260.9253 -3245.9197 -3231.1157 -3216.513 -3201.8096 -3187.4084 -3173.2085 -3158.7065 -3144.7083 -3130.7097 3299.8992 3299.8992 3299.8992 3299.8992 3299.8992 3299.8992 3299.8992 3299.8992 3299.8992 3299.8992 3299.8992 3298.892 3283.5845 3268.3777 3253.2715 3238.3667 3223.764 3209.1614 3194.5586 3180.661 3179.956 3196.5728 3212.8875 3228.9001 3244.7112 3260.4216 3275.9307 3291.2383 3299.8992 -3278.0457 -3262.8386 -3247.9338 -3233.2305 -3218.3257 -3203.7231 -3189.3218 -3175.0212 -3160.62 -3146.6216 -3132.6233 3299.8992 3299.8992 3299.8992 3299.8992 3299.8992 3299.8992 3299.8992 3299.8992 3299.8992 3299.8992 3299.8992 3298.993 3283.6853 3268.4783 3253.372 3238.568 3223.764 3209.4634 3194.6594 3180.7617 3177.7405 3194.3572 3210.6719 3226.7852 3242.5964 3258.4075 3273.9165 3289.4255 3299.8992 -3280.0598 -3264.8528 -3249.948 -3235.0432 -3220.4407 -3205.7373 -3191.2354 -3176.834 -3162.6343 -3148.4343 -3134.3352 3299.8992 3299.8992 3299.8992 3299.8992 3299.8992 3299.8992 3299.8992 3299.8992 3299.8992 3299.8992 3299.8992 3299.4963 3284.1887 3268.982 3253.775 3238.971 3224.1667 3209.8662 3194.9614 3181.0637 3175.3235 3192.1416 3208.4563 3224.469 3240.4814 3256.0913 3271.8018 3287.21 3299.8992 -3282.2754 -3267.0684 -3252.063 -3237.2588 -3222.354 -3207.852 -3193.2495 -3178.949 -3164.5476 -3150.4485 -3136.4502 3299.8992 3299.8992 3299.8992 3299.8992 3299.8992 3299.8992 3299.8992 3299.8992 3299.8992 3299.8992 3299.8992 3299.4963 3284.0881 3268.881 3253.775 3238.971 3224.2676 3209.6648 3194.9614 3181.1646 3172.8057 3189.624 3205.9387 3222.052 3237.9639 3253.6743 3269.284 3284.793 3299.8992 -3284.491 -3269.3848 -3254.48 -3239.5752 -3224.771 -3210.0676 -3195.6665 -3181.2651 -3166.864 -3152.765 -3138.7664 1015.74097 3299.8992 3299.8992 3299.8992 3299.8992 3299.8992 3299.8992 3299.8992 3299.8992 3299.8992 3299.8992 3299.8992 3284.5916 3269.284 
-1957.3608 -357.41272 -682.19604 1111.8164 2842.1814 2895.3552 2882.2632 2868.869 2853.0579 2831.1035 2822.2412 2735.028 2801.9988 2711.8652 2071.7651 2759.7014 2752.5513 2739.7612 2730.2947 2719.9219 2708.3403 2696.2554 2684.7747 2672.0854 1524.3164 -1095.6024 2681.25 2708.3403 2731.906 2753.5583 2773.8005 2793.2373 2811.8682 2830.0964 2847.9216 2865.5457 3270.0896 -1497.6288 -26.184082 -802.3407 -805.0598 541.20483 -62.338257 1604.6814 2881.1553 2867.5598 2854.4678 2841.275 2827.0752 2810.861 2343.173 2077.6062 1911.5387 1614.5508 705.05676 1614.4501 2299.5667 2461.8071 2728.5828 2721.0295 2709.6497 2698.169 2685.9832 2673.8982 2403.598 143.71033 -3288.217 2692.4285 2717.807 2740.3655 2761.4136 2781.253 2800.3875 2818.8171 2836.8438 2854.7698 3204.428 -1686.9598 -687.9364 -1521.8994 -2400.1738 -1018.05725 -1427.8381 349.85962 2104.898 2894.6501 2881.961 2868.3655 2852.5542 2834.6282 2327.2612 2110.6384 2686.7888 2524.649 2101.3733 2769.168 2757.6873 2745.3003 2735.2295 2724.8564 2713.1743 2701.593 2689.911 2677.2217 2321.1182 83.88977 2671.9849 2700.2837 2724.9573 2747.0122 2767.6575 2787.2954 2806.2285 2824.5574 2842.4834 2860.1074 3132.4219 -1701.1597 -502.9358 -1280.603 -1486.3495 -207.15637 38.671875 1807.5073 2886.493 2873.1995 2860.3088 2847.0154 2833.1177 2816.6016 2407.9285 1975.3876 2455.5632 2556.5735 1337.6038 1876.2909 1807.0038 1892.0013 2250.9246 2721.8352 2710.8582 2698.9746 2687.1917 2675.711 2421.9268 269.59534 2796.1577 2696.3562 2721.3318 2743.8904 2764.4348 2784.2742 2803.308 2821.637 2839.6636 2857.2876 3023.8586 -2044.6747 -725.2991 -1272.8485 -1569.7357 -342.91077 -826.71204 843.7317 1853.9337 2885.4858 2875.1128 2862.0208 2846.3103 2829.5928 2301.48 1880.0171 2233.3008 2579.132 1448.6847 2010.8368 2617.804 2746.9116 2739.6606 2728.3813 2717.0012 2704.9163 2692.9321 2681.25 2661.1084 955.21545 -2990.0208 2692.7307 2718.1091 2740.7683 2761.615 2781.6558 2800.6897 2819.3206 2837.3474 2854.9712 2872.6958 -2346.1943 -865.78674 -1366.1041 
3299.8992 3299.8992 3299.8992 3299.8992 3299.8992 3299.8992 3299.8992 2989.4165 1628.1464 192.05017 -872.23206 -2056.1553 -2853.8635 -2840.973 -2828.1829 -2815.5945 -2803.2073 -2790.8203 -2778.534 -2275.0945 -1573.9655 -1562.9883 -2741.6748 -2729.6904 -2718.1091 -2706.6284 -2694.7449 -2683.1633 -2671.6826 -2484.1643 -1993.9178 -1431.0608 -747.052 277.7527 2325.9521 3299.8992 3299.8992 3299.8992 3299.8992 3299.8992 3299.8992 3299.8992 3299.8992 3299.8992 3299.8992 3299.8992 3299.8992 3011.4714 1652.0142 221.85974 -1177.0752 -2240.048 -2851.3457 -2838.3545 -2825.5645 -2813.0767 -2800.6897 -2788.3025 -2776.117 -2423.7395 -1651.0071 -1586.2518 -2738.2507 -2726.3672 -2714.5842 -2702.8015 -2691.4214 -2679.84 -2540.0574 -2153.9429 -1712.6404 -1287.7533 -662.05444 268.48755 2172.0703 3299.8992 3299.8992 3299.8992 3299.8992 3299.8992 3299.8992 3299.8992 3299.8992 3299.8992 3299.8992 3299.8992 3299.8992 3004.724 1529.7546 164.55688 -1136.6913 -2157.669 -2851.3457 -2838.3545 -2825.5645 -2812.976 -2800.5889 -2788.202 -2775.9155 -2203.5918 -1416.9617 -1415.451 -2740.9697 -2728.9856 -2717.2026 -2705.42 -2693.8384 -2682.4585 -2671.0784 -2590.21 -2217.9932 -1761.1816 -1084.3231 -208.46558 1629.5563 3299.8992 3299.8992 3299.8992 3299.8992 3299.8992 3299.8992 3299.8992 3299.8992 3299.8992 3299.8992 3299.8992 3299.8992 3133.2275 1726.9409 370.10193 -1058.4412 -2146.1882 -2843.39 -2830.4993 -2817.7092 -2805.2214 -2792.7336 -2780.4473 -2768.2617 -2544.1863 -1713.6475 -1543.1488 -2729.9927 -2718.1091 -2706.427 -2695.0469 -2683.2642 -2671.6826 -2660.4033 -2417.395 -1748.8953 -1232.4646 -658.52966 217.22717 1940.5426 3299.8992 3299.8992 3299.8992 3299.8992 3299.8992 3299.8992 3299.8992 3299.8992 3299.8992 3299.8992 3299.8992 3299.8992 3034.2314 1686.8591 273.72437 -1102.3499 -2173.883 -2842.282 -2829.2908 -2816.6016 -2804.013 -2791.626 -2779.3396 -2767.0532 -2283.554 -1340.9271 -1195.6055 -2733.2153 -2721.3318 -2709.4482 -2697.6653 -2686.1846 -2675.2075 -2663.7268 -2572.183 -2249.3132 -1898.8495 -1615.2557 -750.8789 1014.02893 3299.8992 3299.8992 3299.8992 3299.8992 3299.8992 
-3242.0928 -3227.893 -3213.8945 -3199.6948 -3186.2 -3172.3022 3299.8992 3299.8992 3299.8992 3299.8992 3299.8992 3299.8992 3299.8992 3299.8992 3299.8992 3289.325 3274.6216 3259.9182 3245.4163 3231.015 3216.8152 3202.6152 3188.8184 3174.6184 3160.8215 3140.982 3146.9238 3163.2385 3179.1504 3194.5586 3209.7656 3225.0732 3239.978 3255.1848 3270.0896 3284.8938 3299.6978 -3285.5986 -3271.399 -3256.5947 -3242.2942 -3227.9937 -3213.9954 -3200.1982 -3185.9985 -3172.1008 3299.8992 3299.8992 3299.8992 3299.8992 3299.8992 3299.8992 3299.8992 3299.8992 3299.8992 3292.6482 3277.8442 3263.2415 3248.538 3234.2375 3219.937 3205.9387 3191.5374 3177.7405 3163.339 3148.233 -3073.407 3163.037 3178.3447 3193.8538 3209.4634 3224.3682 3239.4744 3254.5806 3269.4854 3284.5916 3299.3958 -3286.3037 -3271.8018 -3257.2998 -3242.8984 -3228.598 -3214.1968 -3200.0977 -3186.502 -3172.6042 3299.8992 3299.8992 3299.8992 3299.8992 3299.8992 3299.8992 3299.8992 3299.8992 3299.8992 3294.058 3279.3547 3264.8528 3250.1494 3235.7483 3221.4478 3207.2478 3193.35 3179.0496 3165.3533 3150.5493 -2657.1807 3163.2385 3178.949 3194.5586 3209.967 3225.1738 3240.3809 3255.1848 3270.291 3285.0952 3299.8992 -3285.498 -3270.8953 -3256.3933 -3242.2942 -3227.7922 -3213.794 -3200.0977 -3185.5957 -3172 3299.8992 3299.8992 3299.8992 3299.8992 3299.8992 3299.8992 3299.8992 3299.8992 3299.8992 3296.878 3282.1746 3267.4712 3252.8687 3238.4673 3224.0662 3209.967 3195.6665 3181.8694 3167.2668 3152.5635 -1958.5693 3163.339 3179.0496 3194.2566 3209.6648 3224.8718 3240.0786 3255.3862 3270.291 3284.8938 3299.5972 -3285.8 -3270.996 -3256.5947 -3242.2942 -3228.0945 -3213.794 -3199.4934 -3185.797 -3172 2162.201 3299.8992 3299.8992 3299.8992 3299.8992 3299.8992 3299.8992 3299.8992 3299.8992 3299.6978 3284.8938 3270.0896 3255.487 3241.1865 3226.7852 3212.5854 3198.587 3184.79 3170.288 3155.6853 -807.98035 3162.6343 3178.1433 3193.9543 3209.0605 3224.2676 3239.273 3254.3792 3269.3848 3284.2896 3299.1943 -3286.4043 -3271.8018 -3257.2998 
-3257.8032 -3242.4956 -3227.5908 -3212.2832 -3197.3784 -3002.71 2984.8845 3299.8992 3299.8992 3299.8992 3299.8992 3299.8992 3299.8992 3299.8992 3289.627 3274.0173 3258.307 3242.5964 3226.9866 3211.8804 3196.6736 3181.5674 3165.9575 3151.0527 3136.0474 3051.2512 -1743.457 3134.436 3151.2542 3167.871 3184.4878 3200.9033 3217.1172 3233.3313 3249.4446 3265.457 3281.369 3297.1802 -3287.21 -3271.6003 -3256.192 -3240.8843 -3226.0803 -3210.7727 -3195.868 -3146.7224 2518.0022 3299.8992 3299.8992 3299.8992 3299.8992 3299.8992 3299.8992 3299.8992 3293.051 3277.3406 3261.8315 3246.0205 3230.5115 3215.2039 3200.0977 3184.8906 3169.281 3154.3762 3139.3706 3119.0276 -989.6576 3133.6304 3150.4485 3166.9646 3183.5815 3199.9968 3216.3115 3232.5256 3248.7395 3264.6514 3280.664 3296.475 -3287.8142 -3272.3052 -3256.7961 -3241.5894 -3226.9866 -3211.4775 -3196.5728 -3181.7688 2196.1394 3299.8992 3299.8992 3299.8992 3299.8992 3299.8992 3299.8992 3299.8992 3294.159 3278.4485 3262.738 3247.0276 3231.5186 3216.11 3201.004 3185.9985 3170.1873 3155.2825 3140.3777 3120.9412 -1013.8275 3134.6375 3151.355 3168.0725 3184.5886 3201.1047 3217.3186 3233.432 3249.646 3265.8599 3281.6711 3297.3816 -3286.7065 -3271.298 -3255.9905 -3240.6829 -3225.476 -3210.5713 -3195.6665 -3181.0637 1368.1183 3299.8992 3299.8992 3299.8992 3299.8992 3299.8992 3299.8992 3299.8992 3298.2878 3282.5774 3266.867 3251.1565 3235.5469 3220.1384 3205.0322 3189.926 3174.8198 3159.7136 3144.3054 3128.595 -165.66467 3133.731 3150.7507 3167.4683 3183.9844 3200.3997 3216.7144 3233.029 3249.0417 3265.155 3281.067 3296.878 -3287.5122 -3271.9023 -3256.4941 -3241.1865 -3225.778 -3210.974 -3196.17 -3181.366 891.8701 3299.8992 3299.8992 3299.8992 3299.8992 3299.8992 3299.8992 3299.8992 3299.8992 3284.1887 3268.4783 3252.7678 3237.2588 3221.8506 3206.6436 3191.5374 3176.4312 3161.2244 3145.816 3130.4077 257.8125 3132.9253 3149.945 3166.7632 3183.1787 3199.6948 3216.0095 3232.3242 3248.4375 3264.45 3280.3618 3296.173 -3288.0156 -3272.6074 
-3240.3809 -3225.2747 -3210.4705 -3195.3643 -3180.661 -3006.436 3299.8992 3299.8992 3299.8992 3299.8992 3299.8992 3299.8992 3299.8992 3299.8992 3299.8992 3285.901 3270.0896 3254.3792 3238.6687 3223.2605 3207.953 3192.8467 3177.2368 3162.332 3147.0244 2903.8147 3147.2258 3151.4556 3168.3745 3184.6892 3201.004 3217.3186 3233.6333 3249.7466 3266.0613 3281.7717 3297.6836 -3286.5051 -3270.996 -3255.487 -3240.0786 -3224.771 -3210.1685 -3194.9614 -3180.1575 -3165.6555 3299.8992 3299.8992 3299.8992 3299.8992 3299.8992 3299.8992 3299.8992 3299.8992 3299.8992 3289.224 3273.413 3257.5012 3241.8914 3226.4832 3211.0747 3195.9685 3180.258 3165.3533 3150.1465 3092.2393 -2711.3616 3151.355 3168.173 3184.5886 3201.004 3217.3186 3233.5327 3249.8474 3265.8599 3281.7717 3297.7844 -3286.5051 -3270.996 -3255.5876 -3240.0786 -3224.8718 -3209.6648 -3194.9614 -3180.258 -3165.5547 3299.8992 3299.8992 3299.8992 3299.8992 3299.8992 3299.8992 3299.8992 3299.8992 3299.8992 3291.0369 3275.2258 3259.4146 3243.805 3228.296 3213.0889 3197.7812 3182.675 3167.2668 3151.9592 3131.2134 -2425.955 3151.4556 3168.3745 3184.8906 3201.4067 3217.6208 3233.8347 3250.1494 3266.162 3282.074 3297.885 -3286.203 -3270.6938 -3255.1848 -3239.7766 -3224.5696 -3209.5642 -3194.6594 -3179.956 -3165.3533 3269.3848 3299.8992 3299.8992 3299.8992 3299.8992 3299.8992 3299.8992 3299.8992 3299.8992 3293.756 3277.9448 3262.3352 3246.524 3230.9143 3215.7073 3200.299 3185.092 3169.8853 3154.5776 3138.7664 -1742.3492 3151.4556 3168.173 3184.6892 3201.1047 3217.4194 3233.7341 3249.948 3266.0613 3282.074 3297.885 -3286.4043 -3270.7947 -3255.2856 -3239.978 -3224.6704 -3209.4634 -3194.6594 -3180.0566 -3165.3533 2192.514 3299.8992 3299.8992 3299.8992 3299.8992 3299.8992 3299.8992 3299.8992 3299.8992 3296.878 3281.067 3265.155 3249.5452 3234.0361 3218.527 3203.3203 3188.214 3172.9065 3157.498 3141.7876 -1024.0997 3151.355 3167.9717 3184.79 3201.004 3217.3186 3233.6333 3249.7466 3265.9607 3281.8726 3297.6836 -3286.6057 -3270.7947 -3255.3862 
-3254.5806 -3239.3738 -3224.3682 -3209.3628 -3194.5586 -3179.8552 3299.8992 3299.8992 3299.8992 3299.8992 3299.8992 3299.8992 3299.8992 3299.8992 3291.2383 3275.6287 3260.321 3245.0134 3229.7058 3214.801 3199.8962 3185.1929 3170.59 3156.0881 3141.687 3126.48 -3287.3108 3139.9749 3156.5918 3172.9065 3189.1204 3205.133 3221.045 3236.856 3252.7678 3268.2769 3283.9873 3299.3958 -3285.0952 -3269.7876 -3254.48 -3239.3738 -3224.2676 -3209.1614 -3194.458 -3179.8552 3299.8992 3299.8992 3299.8992 3299.8992 3299.8992 3299.8992 3299.8992 3299.8992 3294.058 3278.3477 3262.9395 3247.6318 3232.3242 3217.4194 3202.4138 3187.8113 3173.108 3158.606 3144.2046 3129.1992 -2335.2173 3140.1763 3156.491 3172.8057 3189.0198 3205.0322 3221.045 3236.9568 3252.7678 3268.4783 3283.9873 3299.5972 -3284.8938 -3269.5862 -3254.1777 -3239.1724 -3224.0662 -3209.1614 -3194.458 -3179.7546 3299.8992 3299.8992 3299.8992 3299.8992 3299.8992 3299.8992 3299.8992 3299.8992 3296.173 3280.5632 3264.9536 3249.7466 3234.439 3219.5342 3204.5288 3189.926 3175.122 3160.62 3146.2188 3131.314 -1448.4833 3139.6729 3156.2896 3172.5037 3188.7175 3204.8308 3220.5413 3236.554 3252.365 3268.0754 3283.786 3299.295 -3285.2966 -3269.8882 -3254.6814 -3239.4744 -3224.5696 -3209.5642 -3194.6594 -3180.0566 2877.5298 3299.8992 3299.8992 3299.8992 3299.8992 3299.8992 3299.8992 3299.8992 3299.1943 3283.484 3267.9749 3252.6672 3237.3596 3222.2534 3207.3486 3192.6453 3177.841 3163.339 3148.8372 3134.1338 -663.16223 3140.1763 3156.7932 3173.007 3189.2212 3205.2336 3221.045 3236.9568 3252.7678 3268.4783 3284.2896 3299.6978 -3284.793 -3269.4854 -3254.1777 -3239.0715 -3224.0662 -3209.1614 -3194.1558 -3179.5532 2074.9878 3299.8992 3299.8992 3299.8992 3299.8992 3299.8992 3299.8992 3299.8992 3299.8992 3285.8 3270.291 3254.782 3239.5752 3224.3682 3209.4634 3194.6594 3179.956 3165.454 3151.0527 3136.2488 324.3805 3139.27 3155.8867 3172.1008 3188.3147 3204.5288 3220.4407 3236.1511 3252.063 3267.7734 3283.383 3298.892 -3285.6995 -3270.1904 

-3265.2556 -3251.1565 -3236.7554 -3222.052 -3208.5571 -3194.2566 -1096.5088 3299.8992 3299.8992 3299.8992 3299.8992 3299.8992 3299.8992 3299.8992 3299.8992 3289.7278 3275.0244 3260.2202 3245.4163 3231.015 3216.7144 3202.011 3187.7104 3173.007 3158.606 3140.579 1143.1366 -1908.1146 3153.067 3168.7773 3184.4878 3199.9968 3215.2039 3230.5115 3245.5168 3260.5225 3275.4272 3290.1306 3299.8992 -3280.2612 -3266.162 -3251.6602 -3237.3596 -3222.6562 -3209.1614 -3194.76 -1412.5305 2998.178 3299.8992 3299.8992 3299.8992 3299.8992 3299.8992 3299.8992 3299.8992 3291.339 3276.233 3261.6301 3247.1282 3232.2234 3218.3257 3203.5217 3189.3218 3174.7192 3160.3179 3144.6074 1492.2913 -1599.3439 3151.1536 3166.864 3182.5745 3198.0835 3213.391 3228.6987 3243.704 3258.8103 3273.9165 3288.6199 3299.8992 -3282.074 -3267.874 -3253.473 -3239.0715 -3224.2676 -3210.974 -3196.4722 -1751.2115 2662.1155 3299.8992 3299.8992 3299.8992 3299.8992 3299.8992 3299.8992 3299.8992 3292.044 3276.8372 3262.1338 3247.4304 3233.3313 3218.93 3204.2266 3189.926 3175.3235 3160.8215 3146.521 1762.793 -1215.5457 3148.0315 3163.9434 3179.956 3195.465 3210.6719 3225.778 3240.8843 3256.192 3270.996 3285.498 3299.8992 -3285.0952 -3270.5933 -3256.192 -3241.8914 -3227.0874 -3213.1897 -3199.292 -2218.4966 2262.7075 3299.8992 3299.8992 3299.8992 3299.8992 3299.8992 3299.8992 3299.8992 3292.4468 3277.3406 3262.6372 3247.8333 3233.432 3219.0308 3204.5288 3190.7317 3175.3235 3161.7278 3147.3267 1941.2476 -1110.5072 3167.9717 3163.1377 3179.1504 3194.5586 3209.7656 3225.1738 3240.28 3255.2856 3269.989 3284.8938 3299.7986 -3285.6995 -3271.0967 -3256.6956 -3242.395 -3228.7993 -3214.096 -3200.1982 -2431.9976 2072.47 3299.8992 3299.8992 3299.8992 3299.8992 3299.8992 3299.8992 3299.8992 3293.051 3278.247 3263.4429 3248.8403 3234.137 3220.0378 3205.6365 3191.2354 3175.7263 3162.2314 3148.0315 2309.738 -856.5216 3240.5823 3161.2244 3176.834 3192.041 3207.7515 3222.9583 3238.1653 3253.1707 3267.7734 3282.8796 3297.6836 -3287.7136 
3254.1777 3239.273 3224.469 3210.0676 3195.3643 3181.366 3171.4966 3187.9119 3204.3274 3220.3398 3236.3525 3252.063 3267.6726 3283.081 3298.4893 -3286.1023 -3270.996 -3255.9905 -3241.0857 -3226.2817 -3211.5784 -3197.0764 -3182.675 -3168.4753 -3154.074 -3140.0757 -790.65857 3299.8992 3299.8992 3299.8992 3299.8992 3299.8992 3299.8992 3299.8992 3299.8992 3299.8992 3299.8992 3299.8992 3285.5986 3270.291 3255.1848 3240.3809 3225.5767 3210.974 3196.2708 3182.4736 -1123.4985 3186.7034 3203.119 3219.1313 3235.2446 3250.955 3266.565 3281.9731 3297.4822 -3287.21 -3272.0032 -3257.0984 -3242.1936 -3227.3894 -3212.686 -3198.184 -3183.783 -3169.3816 -3155.2825 -3141.0828 -2281.7412 3299.8992 3299.8992 3299.8992 3299.8992 3299.8992 3299.8992 3299.8992 3299.8992 3299.8992 3299.8992 3299.8992 3287.3108 3271.9023 3256.6956 3241.7908 3227.188 3212.5854 3197.7812 3183.8835 1220.1782 3185.6963 3202.1118 3218.3257 3234.2375 3250.0488 3265.7593 3281.1675 3296.576 -3288.1165 -3273.0103 -3258.0046 -3242.9993 -3228.195 -3213.5925 -3198.9897 -3184.6892 -3170.1873 -3156.0881 -3141.989 -3093.8506 3299.8992 3299.8992 3299.8992 3299.8992 3299.8992 3299.8992 3299.8992 3299.8992 3299.8992 3299.8992 3299.8992 3289.224 3273.9165 3258.7097 3243.704 3228.9001 3214.3982 3199.6948 3185.5957 2665.1367 3185.1929 3201.6082 3217.8223 3233.7341 3249.4446 3265.155 3280.664 3296.173 -3288.6199 -3273.5137 -3258.4075 -3243.5027 -3228.6987 -3214.096 -3199.4934 -3185.092 -3170.691 -3156.3904 -3142.3918 -3128.4941 3299.8992 3299.8992 3299.8992 3299.8992 3299.8992 3299.8992 3299.8992 3299.8992 3299.8992 3299.8992 3299.8992 3290.9363 3275.7292 3260.4216 3245.5168 3230.713 3216.211 3201.3062 3187.4084 3172.8057 3184.3872 3200.8025 3216.9158 3232.9285 3248.8403 3264.45 3279.959 3295.2666 -3289.325 -3274.118 -3259.1125 -3244.2078 -3229.4036 -3214.7002 -3200.1982 -3185.6963 -3171.2952 -3157.0952 -3142.996 -3129.1992 3299.8992 3299.8992 3299.8992 3299.8992 3299.8992 3299.8992 3299.8992 3299.8992 3299.8992 3299.8992 3299.8992 3292.4468 3277.1392 
-1631.1676 -389.33716 -790.155 783.609 2470.6694 2886.9963 2874.1057 2861.0137 2847.5188 2832.5134 2783.368 2429.5806 2602.194 2712.57 1530.2582 1950.6134 2576.01 2735.5315 2728.2805 2720.1233 2708.7432 2697.3633 2685.6812 2673.0925 2373.6877 508.57544 -3235.5469 2691.1194 2716.6992 2739.5598 2760.507 2780.4473 2799.5818 2818.112 2836.139 2853.662 3117.3157 -1818.1824 -343.11218 -1059.9518 -1596.6248 -506.05774 -857.22656 707.0709 2495.343 2879.242 2866.5527 2853.2593 2836.139 2723.1445 2170.3582 1665.2069 1852.6245 2331.6924 1310.8154 1638.1165 2407.4248 2626.6663 2735.431 2727.6763 2716.5984 2704.7148 2693.0327 2681.3506 2664.734 1290.3717 -2391.3115 2687.2925 2713.2751 2736.5386 2757.8887 2777.7283 2796.9634 2815.5945 2833.722 2851.547 2869.1711 -2991.2292 -1417.1631 -1739.328 -2192.6147 -1148.4741 -1430.0537 390.74707 2219.9065 2902.6062 2889.8162 2876.2207 2862.8264 2846.4111 2833.2183 2817.0044 2806.6313 2793.2373 2018.0878 2085.1592 2761.0107 2749.2278 2737.5457 2728.6833 2717.102 2705.6213 2693.4355 2681.7534 2474.4963 726.40686 -2731.906 2693.7378 2719.0154 2741.6748 2762.7227 2782.5623 2801.4954 2820.0256 2838.0522 2855.7769 2873.1995 -2511.0535 -104.73633 -379.16565 -1138.2019 -441.90674 -953.6041 669.104 2173.6816 2880.6519 2867.9626 2854.8706 2841.3757 2825.2625 2678.3293 2150.8208 1533.1787 1994.6228 1174.2554 1199.0295 1971.7621 2474.6978 2702.3987 2733.1145 2721.8352 2710.0525 2698.7732 2686.386 2669.2656 1461.8774 -1096.0052 2680.9478 2708.139 2731.604 2753.4575 2773.8005 2793.1365 2811.7676 2830.0964 2847.9216 2865.5457 -2812.976 -1041.2201 -1141.1224 -2564.5293 -1770.4468 -2179.2205 -355.29785 1449.289 2908.4473 2896.463 2883.1694 2869.6746 2853.662 2763.6292 2214.4683 2276.7058 2803.1067 2570.4712 2427.6672 2769.7722 2757.3853 2745.3003 2736.0352 2724.5544 2712.4695 2700.9888 2688.4001 2672.3877 1597.229 -1682.6294 2688.501 2714.5842 2737.6465 2758.8958 2779.0374 2798.2727 2816.803 2834.9304 2852.7556 2870.2788 -2884.378 -1027.2217 -1212.5244 
3299.8992 3299.8992 3299.8992 3299.8992 3299.8992 3299.8992 3299.8992 3299.8992 1996.2341 658.0261 -649.9695 -1774.7772 -2834.5276 -2821.637 -2808.9478 -2796.3591 -2783.9722 -2771.6858 -2759.5 -2653.3538 -2108.2214 -1924.4293 -2717.3035 -2705.6213 -2693.9392 -2682.1562 -2670.877 -2659.497 -2648.4192 -2372.6807 -1944.1681 -1436.2976 -943.0298 -83.99048 1762.088 3299.8992 3299.8992 3299.8992 3299.8992 3299.8992 3299.8992 3299.8992 3299.8992 3299.8992 3299.8992 3299.8992 3299.8992 3216.4124 1645.5688 253.48206 -1082.8125 -2247.299 -2826.1687 -2813.379 -2800.6897 -2788.101 -2775.9155 -2763.5283 -2751.4434 -2605.8196 -1645.6696 -1309.2041 -2713.3757 -2703.2043 -2691.5222 -2679.84 -2668.5608 -2657.2815 -2614.0776 -2258.075 -1887.8723 -1495.9167 -999.32556 -258.51746 1173.349 3299.8992 3299.8992 3299.8992 3299.8992 3299.8992 3299.8992 3299.8992 3299.8992 3299.8992 3299.8992 3299.8992 3299.8992 3299.8992 2124.3347 751.28174 -398.30017 -1603.775 -2626.7668 -2819.3206 -2806.6313 -2794.1436 -2781.6558 -2769.3694 -2757.083 -2681.3506 -1791.0919 -1396.1151 -2718.4111 -2706.729 -2695.0469 -2683.1633 -2671.9849 -2660.6047 -2649.3254 -2575.5066 -2167.4377 -1618.0756 -1089.1571 -232.23267 1180.1971 3299.8992 3299.8992 3299.8992 3299.8992 3299.8992 3299.8992 3299.8992 3299.8992 3299.8992 3299.8992 3299.8992 3299.8992 3299.8992 2245.99 785.42175 -628.31726 -1781.2225 -2829.4922 -2816.6016 -2803.8115 -2791.3237 -2779.0374 -2766.751 -2754.666 -2739.4592 -1926.2421 -1480.1056 -2714.8865 -2703.1035 -2691.4214 -2679.7393 -2668.3594 -2657.1807 -2645.9014 -2454.1533 -2178.717 -1784.6466 -1297.1191 -534.96094 727.51465 2988.3086 3299.8992 3299.8992 3299.8992 3299.8992 3299.8992 3299.8992 3299.8992 3299.8992 3299.8992 3299.8992 3299.8992 3299.8992 2418.6035 1008.49 -397.99805 -1612.9395 -2687.494 -2812.6738 -2799.9846 -2787.4968 -2775.009 -2762.7227 -2750.6377 -2736.9414 -1802.8748 -1246.6644 -2712.8723 -2701.0894 -2689.3066 -2677.5237 -2666.5466 -2655.1665 -2643.8872 -2514.4775 -2166.3298 -1715.4602 -1281.0059 -455.70374 714.2212 2897.5708 3299.8992 3299.8992 3299.8992 3299.8992 
-3242.8984 -3228.598 -3214.1968 -3200.299 -3185.9985 -3172.3022 1677.1912 3299.8992 3299.8992 3299.8992 3299.8992 3299.8992 3299.8992 3299.8992 3299.8992 3299.8992 3285.6995 3270.996 3256.4941 3242.0928 3227.5908 3213.391 3199.0906 3185.3943 3170.7915 3156.2896 -374.6338 3161.8286 3177.2368 3192.7458 3208.1543 3223.5625 3238.568 3253.473 3268.4783 3283.383 3298.3887 -3287.21 -3272.6074 -3258.1055 -3243.704 -3229.4036 -3215.103 -3200.8025 -3187.3076 -3173.41 431.3324 3299.8992 3299.8992 3299.8992 3299.8992 3299.8992 3299.8992 3299.8992 3299.8992 3299.8992 3287.21 3272.6074 3258.0046 3243.5027 3229.1016 3214.9016 3200.9033 3186.8042 3173.108 3158.606 651.178 3159.915 3175.9277 3191.2354 3206.7444 3222.052 3237.2588 3252.365 3267.0684 3282.1746 3296.878 -3288.5193 -3273.816 -3259.2131 -3245.2148 -3230.713 -3216.6138 -3202.8167 -3188.4155 -3174.6184 -516.32996 3299.8992 3299.8992 3299.8992 3299.8992 3299.8992 3299.8992 3299.8992 3299.8992 3299.8992 3288.217 3273.715 3259.0117 3244.6106 3230.1086 3216.0095 3201.6082 3187.8113 3173.41 3158.908 1348.9838 3158.0017 3173.5107 3189.1204 3204.5288 3219.7356 3234.9426 3249.948 3265.155 3279.8584 3294.6624 -3290.7349 -3276.0315 -3261.6301 -3247.1282 -3232.9285 -3218.4265 -3204.2266 -3190.5303 -3176.7334 -1008.6914 3299.8992 3299.8992 3299.8992 3299.8992 3299.8992 3299.8992 3299.8992 3299.8992 3299.8992 3287.5122 3272.8088 3258.307 3243.805 3229.4036 3215.103 3201.2053 3187.1062 3173.41 3159.0088 2118.3928 3154.074 3170.0867 3185.6963 3201.004 3216.4124 3231.5186 3246.6248 3261.6301 3276.6357 3291.2383 3299.8992 -3279.3547 -3264.7522 -3250.3508 -3236.0503 -3221.9512 -3208.0535 -3193.6523 -3179.7546 -2026.9501 3299.8992 3299.8992 3299.8992 3299.8992 3299.8992 3299.8992 3299.8992 3299.8992 3299.8992 3287.8142 3272.708 3258.307 3243.805 3229.5044 3215.2039 3200.9033 3187.1062 3172.705 3158.4045 2447.1038 3152.2612 3167.7703 3183.3801 3198.9897 3214.096 3229.303 3244.4092 3259.4146 3274.3193 3289.1235 3299.8992 -3281.5703 -3266.9678 
-3257.0984 -3241.7908 -3226.9866 -3211.5784 -3196.6736 -3181.9702 459.53064 3299.8992 3299.8992 3299.8992 3299.8992 3299.8992 3299.8992 3299.8992 3299.8992 3285.6995 3269.8882 3254.1777 3238.7695 3223.1597 3208.0535 3192.9473 3177.0354 3162.2314 3147.2258 3131.8176 629.62646 3132.2205 3149.24 3165.857 3182.5745 3198.8892 3215.3044 3231.5186 3247.7324 3263.8457 3279.657 3295.468 -3288.8213 -3273.2117 -3257.8032 -3242.4956 -3227.6917 -3212.384 -3197.3784 -3182.4736 1032.2571 3299.8992 3299.8992 3299.8992 3299.8992 3299.8992 3299.8992 3299.8992 3298.7915 3283.081 3267.3706 3251.7607 3236.0503 3220.642 3205.435 3190.4297 3174.8198 3159.915 3145.0103 3129.602 1381.6132 3242.2942 3143.9026 3160.62 3177.1362 3193.5515 3210.0676 3226.2817 3242.4956 3258.5083 3274.5208 3290.4326 3299.8992 -3278.3477 -3262.8386 -3247.4304 -3232.6262 -3217.3186 -3202.3132 -2986.6973 -837.2864 3299.8992 3299.8992 3299.8992 3299.8992 3299.8992 3299.8992 3299.8992 3299.8992 3287.4114 3271.6003 3255.89 3240.3809 3225.0732 3209.7656 3194.5586 3179.3518 3164.1448 3148.8372 3133.6304 1235.9894 3130.2063 3147.3267 3164.0442 3180.5603 3197.0764 3213.391 3229.7058 3245.9197 3261.9324 3277.8442 3293.6553 -3290.634 -3275.0244 -3259.616 -3244.3083 -3228.7993 -3213.8945 -3199.1912 -3184.3872 -720.16296 3299.8992 3299.8992 3299.8992 3299.8992 3299.8992 3299.8992 3299.8992 3299.8992 3288.217 3272.6074 3256.7961 3241.1865 3225.778 3210.5713 3195.3643 3180.258 3165.1519 3149.7437 3134.5366 2242.868 -3016.5068 3141.2842 3158.0017 3174.7192 3191.1345 3207.4492 3223.764 3239.978 3256.0913 3272.1038 3288.0156 3299.8992 -3280.7646 -3265.2556 -3249.8474 -3234.439 -3219.4336 -3204.5288 -3189.7246 -1180.1971 3299.8992 3299.8992 3299.8992 3299.8992 3299.8992 3299.8992 3299.8992 3299.8992 3285.1958 3269.4854 3253.775 3238.1653 3222.5554 3207.55 3192.4438 3177.3376 3162.2314 3146.9238 3131.8176 2419.3083 -2946.6155 3137.5579 3154.3762 3170.993 3187.4084 3203.7231 3220.0378 3236.2517 3252.5664 3268.4783 3284.3901 3299.8992 -3284.1887 
-3239.978 -3224.771 -3209.4634 -3194.8608 -3179.956 -3165.454 1829.6631 3299.8992 3299.8992 3299.8992 3299.8992 3299.8992 3299.8992 3299.8992 3299.8992 3297.885 3282.074 3266.2627 3250.4517 3235.0432 3219.5342 3204.2266 3189.2212 3173.9136 3158.4045 3142.996 -372.1161 3149.5422 3166.3604 3182.8765 3199.292 3215.808 3231.9214 3248.1353 3264.3494 3280.3618 3296.0723 -3288.1165 -3272.5066 -3256.897 -3241.5894 -3226.3823 -3211.2761 -3196.2708 -3181.4666 -3166.9646 927.0172 3299.8992 3299.8992 3299.8992 3299.8992 3299.8992 3299.8992 3299.8992 3299.8992 3299.0935 3283.2825 3267.3706 3251.7607 3236.2517 3220.7427 3205.435 3190.3289 3175.2227 3159.7136 3144.104 230.62134 3148.1323 3164.8499 3181.4666 3197.882 3214.2974 3230.5115 3246.7253 3262.8386 3278.8513 3294.7632 -3289.4255 -3273.9165 -3258.4075 -3242.9993 -3227.6917 -3212.7869 -3197.6807 -3182.675 -3168.274 89.93225 3299.8992 3299.8992 3299.8992 3299.8992 3299.8992 3299.8992 3299.8992 3299.8992 3299.8992 3284.6924 3268.881 3253.07 3237.4602 3222.052 3206.9458 3191.336 3176.2297 3161.023 3145.514 944.6411 3146.2188 3163.037 3179.5532 3195.9685 3212.4846 3228.598 3244.9126 3261.1267 3277.0386 3292.9504 -3291.1377 -3275.6287 -3260.2202 -3244.7112 -3229.4036 -3214.3982 -3199.3926 -3184.3872 -3169.8853 -576.0498 3299.8992 3299.8992 3299.8992 3299.8992 3299.8992 3299.8992 3299.8992 3299.8992 3299.8992 3285.2966 3269.4854 3253.6743 3237.9639 3222.6562 3207.3486 3191.7388 3176.9348 3161.5264 3146.1182 1520.6909 3143.7012 3160.7207 3177.2368 3193.753 3210.0676 3226.3823 3242.5964 3258.7097 3274.9236 3290.7349 3299.8992 -3277.7434 -3262.3352 -3246.7253 -3231.4177 -3216.6138 -3201.5076 -3186.502 -3172 -1097.9187 3299.8992 3299.8992 3299.8992 3299.8992 3299.8992 3299.8992 3299.8992 3299.8992 3299.8992 3284.9944 3269.284 3253.473 3237.863 3222.354 3207.1472 3191.5374 3176.7334 3161.4258 3146.0173 1924.2279 3141.4856 3158.5051 3175.0212 3191.4368 3207.852 3224.1667 3240.3809 3256.4941 3272.6074 3288.5193 3299.8992 -3280.0598 -3264.45 
-3255.0842 -3239.7766 -3224.771 -3209.7656 -3194.9614 -3180.258 1064.7858 3299.8992 3299.8992 3299.8992 3299.8992 3299.8992 3299.8992 3299.8992 3299.8992 3287.21 3271.4995 3255.9905 3240.8843 3225.778 3210.7727 3196.0693 3181.1646 3166.6626 3152.1606 3137.4573 976.76697 3138.263 3154.779 3171.2952 3187.6099 3203.6223 3219.5342 3235.446 3251.358 3266.9678 3282.4768 3298.0864 -3286.4043 -3271.0967 -3255.789 -3240.5823 -3225.5767 -3210.5713 -3195.767 -3181.0637 -151.96838 3299.8992 3299.8992 3299.8992 3299.8992 3299.8992 3299.8992 3299.8992 3299.8992 3289.1235 3273.5137 3258.1055 3242.8984 3227.7922 3212.7869 3197.7812 3183.078 3168.576 3154.074 3139.4714 1889.9872 3136.6516 3153.3691 3169.6838 3186.099 3202.011 3218.0237 3233.8347 3249.5452 3265.3564 3280.966 3296.576 -3287.915 -3272.708 -3257.199 -3241.9922 -3226.886 -3211.8804 -3197.177 -3182.373 -1105.2704 3299.8992 3299.8992 3299.8992 3299.8992 3299.8992 3299.8992 3299.8992 3299.8992 3290.2312 3274.6216 3259.1125 3243.9055 3228.7993 3213.693 3198.8892 3184.1858 3169.583 3155.081 3140.4785 2319.6074 3135.846 3152.5635 3168.9788 3185.3943 3201.3062 3217.218 3233.13 3248.941 3264.6514 3280.3618 3295.8708 -3288.6199 -3273.3123 -3257.904 -3242.7979 -3227.6917 -3212.686 -3197.882 -3183.078 -1873.169 3299.8992 3299.8992 3299.8992 3299.8992 3299.8992 3299.8992 3299.8992 3299.8992 3291.742 3276.233 3260.7239 3245.4163 3230.2092 3215.2039 3200.299 3185.5957 3171.0938 3156.5918 3141.989 2993.6462 3132.7239 3149.4414 3166.0583 3182.373 3198.285 3214.3982 3230.2092 3246.0205 3261.731 3277.4414 3292.9504 -3291.4397 -3276.0315 -3260.7239 -3245.5168 -3230.4106 -3215.3044 -3200.5005 -3185.797 -2535.6262 3299.8992 3299.8992 3299.8992 3299.8992 3299.8992 3299.8992 3299.8992 3299.8992 3291.4397 3275.83 3260.4216 3245.114 3229.9072 3214.9016 3199.9968 3185.2935 3170.691 3156.189 3141.7876 3113.388 3130.9111 3147.7295 3164.1448 3180.4595 3196.5728 3212.5854 3228.598 3244.3083 3259.9182 3275.6287 3291.2383 -3293.051 -3277.7434 

-3273.3123 -3258.8103 -3244.6106 -3230.713 -3216.11 -3202.3132 -2666.043 1755.1392 3299.8992 3299.8992 3299.8992 3299.8992 3299.8992 3299.8992 3299.8992 3293.1519 3278.4485 3263.6443 3248.8403 3234.3384 3220.1384 3205.838 3191.336 3175.827 3162.4329 3148.233 2562.3137 -560.8429 -3260.0188 3158.3037 3174.0142 3189.5232 3205.2336 3220.4407 3235.5469 3250.4517 3265.3564 3280.2612 3294.9646 -3290.2312 -3275.6287 -3261.1267 -3246.8262 -3233.13 -3218.4265 -3204.5288 -2938.0554 1331.4606 3299.8992 3299.8992 3299.8992 3299.8992 3299.8992 3299.8992 3299.8992 3293.756 3278.952 3264.45 3249.646 3234.9426 3220.642 3206.4421 3191.5374 3176.9348 3162.6343 3148.7366 2684.8755 -408.97522 -2959.0027 3156.5918 3172.6042 3188.1133 3203.2195 3218.628 3233.6333 3248.7395 3263.9465 3278.8513 3293.5547 -3292.044 -3277.6428 -3263.1409 -3248.639 -3233.9355 -3220.0378 -3205.838 -3098.4832 996.70715 3299.8992 3299.8992 3299.8992 3299.8992 3299.8992 3299.8992 3299.8992 3294.5618 3279.5562 3265.155 3249.948 3235.3455 3221.347 3206.7444 3192.4438 3177.841 3163.5405 3149.6428 2887.7014 -57.60498 -2715.7927 3154.1748 3169.9858 3185.4949 3201.2053 3216.513 3231.6191 3246.4233 3261.3281 3276.233 3291.339 3299.8992 -3279.7576 -3265.3564 -3250.3508 -3236.6545 -3221.9512 -3207.852 -3188.4155 708.9844 3299.8992 3299.8992 3299.8992 3299.8992 3299.8992 3299.8992 3299.8992 3294.159 3279.657 3264.8528 3250.1494 3235.3455 3221.045 3206.9458 3192.041 3177.4382 3163.037 3148.8372 2888.7085 -39.779663 -2765.2405 3153.8726 3170.0867 3185.1929 3200.9033 3216.3115 3231.1157 3246.222 3261.5295 3276.0315 3290.7349 3299.8992 -3280.0598 -3265.457 -3251.1565 -3236.2517 -3222.6562 -3208.255 -3194.5586 243.20984 3299.8992 3299.8992 3299.8992 3299.8992 3299.8992 3299.8992 3299.8992 3296.475 3281.6711 3267.2698 3252.365 3238.0645 3223.462 3208.96 3194.6594 3180.0566 3165.5547 3151.355 3075.119 413.50708 -2317.7947 3151.7578 3167.5688 3183.1787 3198.587 3213.9954 3229.4036 3244.2078 3259.2131 3274.3193 3289.1235 3299.8992 -3281.6711 -3267.4712 -3253.07 -3238.0645 -3224.5696 -3210.3699 -3196.17 14.199829 3299.8992 3299.8992 3299.8992 3299.8992 3299.8992 3299.8992 3299.8992 3296.475 3281.369 3266.6655 3251.8616 3237.2588 
3261.9324 3246.9268 3232.2234 3217.7214 3202.716 3188.7175 3174.5178 3183.3801 3199.7954 3216.0095 3232.1228 3247.8333 3263.5437 3279.0527 3294.461 -3290.2312 -3275.0244 -3259.9182 -3245.0134 -3230.2092 -3215.5059 -3200.9033 -3186.502 -3172 -3157.901 -3143.7012 -3129.904 3299.8992 3299.8992 3299.8992 3299.8992 3299.8992 3299.8992 3299.8992 3299.8992 3299.8992 3299.8992 3299.8992 3294.3604 3279.0527 3263.8457 3248.7395 3234.0361 3219.635 3204.6294 3190.5303 3176.532 3182.776 3199.292 3215.4053 3231.4177 3247.229 3262.9395 3278.549 3293.8567 -3290.7349 -3275.5278 -3260.4216 -3245.5168 -3230.713 -3216.11 -3201.5076 -3187.0056 -3172.6042 -3158.4045 -3144.3054 -3130.4077 3299.8992 3299.8992 3299.8992 3299.8992 3299.8992 3299.8992 3299.8992 3299.8992 3299.8992 3299.8992 3299.8992 3295.9717 3280.664 3265.3564 3250.3508 3235.5469 3221.1455 3206.0393 3192.041 3178.1433 3181.9702 3198.587 3214.7002 3230.8135 3246.6248 3262.3352 3277.8442 3293.3533 -3291.339 -3276.233 -3261.1267 -3246.0205 -3231.3171 -3216.513 -3202.011 -3187.6099 -3173.108 -3159.0088 -3144.7083 -3130.9111 3299.8992 3299.8992 3299.8992 3299.8992 3299.8992 3299.8992 3299.8992 3299.8992 3299.8992 3299.8992 3299.8992 3297.3816 3282.074 3266.867 3251.7607 3237.0574 3222.354 3207.4492 3193.6523 3179.6538 3180.9631 3197.6807 3213.693 3229.9072 3245.7183 3261.4287 3276.9377 3292.4468 3299.8992 -3277.0386 -3261.9324 -3247.0276 -3232.2234 -3217.3186 -3202.9175 -3188.516 -3174.115 -3159.8145 -3145.7153 -3131.6162 3299.8992 3299.8992 3299.8992 3299.8992 3299.8992 3299.8992 3299.8992 3299.8992 3299.8992 3299.8992 3299.8992 3299.3958 3284.0881 3268.7805 3253.775 3238.87 3224.1667 3209.3628 3195.3643 3181.4666 3180.359 3197.0764 3213.1897 3229.303 3245.114 3260.8245 3276.535 3291.9434 3299.8992 -3277.6428 -3262.5366 -3247.531 -3232.6262 -3217.9229 -3203.3203 -3188.919 -3174.5178 -3160.4187 -3146.1182 -3132.1196 3299.8992 3299.8992 3299.8992 3299.8992 3299.8992 3299.8992 3299.8992 3299.8992 3299.8992 3299.8992 3299.8992 3299.8992 3285.5986 3270.3918 3255.1848 3240.3809 3225.5767 3210.6719 3196.7742 3182.675 3179.4524 3196.0693 3212.2832 3228.3965 3244.3083 3260.0188 3275.6287 3291.1377 3299.8992 -3278.3477 -3263.2415 -3248.3367 -3233.5327 
-1867.3279 -1053.7079 -668.39905 1041.1194 2684.3718 2889.1113 2876.1199 2862.8264 2849.3315 2833.621 2815.8965 2415.985 2376.2053 2782.1594 2013.6566 1564.801 1608.4076 1971.6614 2027.2522 2603.4026 2721.5332 2710.556 2698.6724 2686.9902 2670.9778 1591.6901 -1474.2645 2684.976 2711.6638 2734.7258 2756.1768 2776.3184 2795.5535 2814.4866 2832.614 2850.238 2867.9626 -2972.3967 -1119.6716 -1014.7339 -1846.3806 -1279.3945 -1614.0472 102.319336 1166.2994 2722.5403 2891.5283 2878.4363 2864.74 2848.526 2781.253 2205.1025 2123.6296 2757.9895 2165.4236 1549.6948 2321.0173 2721.5332 2751.242 2739.6606 2728.482 2716.5984 2705.1177 2692.5293 2677.6245 1877.9022 -959.9487 2684.8755 2711.563 2735.1287 2756.4788 2776.7212 2795.9563 2814.688 2832.9163 2850.7415 2868.0632 3257.6018 -1638.1165 -1327.1301 -2104.495 -1665.2069 -2028.36 -155.69458 1682.2266 2911.3677 2899.4841 2886.2915 2872.7966 2859.201 2841.275 2558.9905 2464.0227 2804.9194 2461.6057 1680.011 2474.8992 2760.3057 2748.2207 2739.0564 2728.6833 2716.7998 2705.5205 2693.0327 2677.826 1767.2241 -980.6946 2686.4868 2713.0737 2736.2366 2757.5867 2777.8289 2796.9634 2815.695 2833.9233 2851.7485 2869.2717 -2949.6367 -1151.5961 -650.0702 -1632.8796 -1346.7682 -1877.7008 -208.46558 1547.0764 2902.4048 2889.4133 2876.2207 2859.7046 2844.1956 2424.4446 1753.3264 1528.8483 2187.0757 2029.5685 1292.688 2093.3167 2765.442 2755.8745 2746.7102 2737.3442 2725.662 2713.678 2701.9958 2689.508 2338.339 -242.20276 2685.379 2712.1672 2735.733 2756.9824 2777.124 2796.762 2815.1917 2833.4197 2851.245 2868.869 2888.0034 -2055.9539 -1235.083 -2172.171 -1967.1295 -2462.21 -655.1056 1299.8383 2922.4456 2910.8643 2897.6714 2884.1765 2868.9697 2856.2805 2793.4387 2550.0273 2815.1917 2668.46 1734.6954 2461.8071 2769.7722 2756.9824 2747.3145 2737.445 2726.065 2714.2822 2701.895 2685.6812 1678.1982 -863.7726 2693.637 2719.3176 2742.0776 2763.2263 2783.0657 2802.301 2820.8313 2839.0593 2856.8848 2874.3071 3142.3918 -1028.6316 -119.036865 -1187.4481 -1269.5251 -1994.4214 -285.80933 1479.9042 2905.0232 2892.5354 2879.3425 2866.049 2852.3528 2835.8367 2598.1658 1552.1118 2114.163 2225.3447 1186.8439 1887.7716 2579.2327 2734.4238 2744.4946 
3299.8992 3299.8992 3299.8992 3299.8992 3299.8992 3299.8992 3299.8992 3299.8992 2314.7734 959.7473 -463.25684 -1713.8489 -2769.2688 -2809.3506 -2796.6614 -2784.0728 -2771.7864 -2759.6008 -2747.5159 -2735.431 -2205.606 -1612.3352 -2705.5205 -2693.9392 -2682.257 -2670.7764 -2659.3962 -2648.117 -2636.8376 -2549.423 -1871.1548 -1365.3992 -940.31067 -216.2201 835.2722 2959.607 3299.8992 3299.8992 3299.8992 3299.8992 3299.8992 3299.8992 3299.8992 3299.8992 3299.8992 3299.8992 3299.8992 3299.8992 2394.1313 1006.57654 -427.20337 -1641.4398 -2657.8857 -2809.7534 -2796.9634 -2784.4756 -2772.0886 -2759.9028 -2747.7173 -2735.6323 -1976.3947 -1394.101 -2708.2397 -2696.5576 -2684.8755 -2673.1934 -2661.914 -2650.8362 -2639.456 -2582.0525 -2224.0356 -1778.302 -1618.4784 -913.0188 205.74646 2323.1323 3299.8992 3299.8992 3299.8992 3299.8992 3299.8992 3299.8992 3299.8992 3299.8992 3299.8992 3299.8992 3299.8992 3299.8992 2759.6008 1355.6305 -97.98889 -1427.2339 -2465.9363 -2804.6172 -2791.8274 -2779.3396 -2767.0532 -2754.666 -2742.581 -2730.496 -2514.2761 -1937.9242 -2698.068 -2686.4868 -2674.9053 -2663.1226 -2651.9438 -2640.866 -2629.788 -2532.2021 -2133.9019 -1638.5193 -1147.0642 -506.35986 775.7538 2832.614 3299.8992 3299.8992 3299.8992 3299.8992 3299.8992 3299.8992 3299.8992 3299.8992 3299.8992 3299.8992 3299.8992 3299.8992 2563.2202 1163.681 -283.69446 -1581.9214 -2615.5884 -2801.0925 -2788.4033 -2776.117 -2763.6292 -2751.3428 -2739.3584 -2727.2734 -2242.6665 -1502.6642 -2698.3704 -2686.6882 -2675.006 -2663.4246 -2652.246 -2641.1682 -2629.788 -2618.9116 -2401.3823 -1900.2594 -1345.8618 -668.7012 277.14844 2309.2346 3299.8992 3299.8992 3299.8992 3299.8992 3299.8992 3299.8992 3299.8992 3299.8992 3299.8992 3299.8992 3299.8992 3299.8992 3030.304 1649.3958 503.84216 -746.54846 -1883.139 -2807.135 -2794.2444 -2781.958 -2769.4702 -2757.1838 -2744.998 -2732.8125 -2390.2039 -1653.2227 -2702.0964 -2690.4143 -2678.833 -2667.151 -2655.7708 -2644.5923 -2633.4136 -2622.235 -2516.5923 -2089.5903 -1627.1393 -960.35156 87.01172 2009.4269 3299.8992 3299.8992 3299.8992 3299.8992 3299.8992 3299.8992 3299.8992 3299.8992 3299.8992 3299.8992 3299.8992 3299.8992 2904.419 1551.004 161.13281 -1208.8989 -2561.911 -2797.2656 -2784.5764 -2771.9878 -2759.7014 -2747.5159 -2735.33 -2723.4465 
-3252.5664 -3238.2659 -3223.764 -3209.8662 -3195.465 -3181.5674 -2556.9763 3299.8992 3299.8992 3299.8992 3299.8992 3299.8992 3299.8992 3299.8992 3299.8992 3299.8992 3287.8142 3273.1108 3258.5083 3244.0063 3229.7058 3215.4053 3201.1047 3186.8042 3173.2085 3159.0088 2741.7754 3150.348 3166.4612 3181.7688 3197.4792 3212.7869 3227.9937 3243.0999 3257.8032 3272.8088 3287.915 3299.8992 -3282.8796 -3268.4783 -3253.775 -3239.4744 -3225.3752 -3211.0747 -3197.4792 -3183.6821 -2951.0466 3299.8992 3299.8992 3299.8992 3299.8992 3299.8992 3299.8992 3299.8992 3299.8992 3299.8992 3288.0156 3273.3123 3258.7097 3244.2078 3230.0078 3215.5059 3201.5076 3187.7104 3173.3093 3159.2102 3069.1772 3147.7295 3163.44 3179.251 3194.5586 3209.8662 3225.1738 3240.3809 3255.1848 3270.1904 3285.0952 3299.8992 -3285.5986 -3271.0967 -3256.5947 -3242.2942 -3227.7922 -3213.693 -3199.4934 -3185.3943 -3172 3299.8992 3299.8992 3299.8992 3299.8992 3299.8992 3299.8992 3299.8992 3299.8992 3299.8992 3287.915 3273.2117 3258.5083 3244.107 3229.7058 3215.4053 3201.1047 3186.9048 3173.3093 3159.1094 3138.263 3145.111 3161.4258 3177.0354 3192.2424 3207.852 3222.9583 3238.1653 3253.1707 3268.0754 3282.9802 3297.6836 -3287.915 -3273.1108 -3258.609 -3244.2078 -3230.1086 -3215.808 -3202.011 -3188.214 -3173.9136 3299.8992 3299.8992 3299.8992 3299.8992 3299.8992 3299.8992 3299.8992 3299.8992 3299.8992 3287.8142 3273.1108 3258.5083 3244.0063 3229.8064 3215.3044 3201.4067 3187.6099 3173.3093 3159.1094 3144.5068 -3174.2156 3159.0088 3174.6184 3190.1274 3205.7373 3220.642 3235.8489 3250.8545 3265.8599 3280.5632 3295.3674 -3289.7278 -3275.3264 -3260.8245 -3246.524 -3231.9214 -3218.0237 -3203.5217 -3189.624 -3176.1292 3299.8992 3299.8992 3299.8992 3299.8992 3299.8992 3299.8992 3299.8992 3299.8992 3299.8992 3288.6199 3273.9165 3259.4146 3244.812 3230.31 3216.11 3201.8096 3187.6099 3174.0142 3159.915 3144.8088 -2743.5881 3158.3037 3173.9136 3189.5232 3204.9316 3220.1384 3235.2446 3250.0488 3265.2556 3280.1604 3294.9646 -3290.634 -3275.9307 -3261.3281 -3247.0276 -3232.8276 -3218.527 -3204.8308 -3190.7317 -3176.6326 3299.8992 3299.8992 3299.8992 3299.8992 3299.8992 3299.8992 3299.8992 3299.8992 3299.8992 3289.7278 3274.7222 3260.2202 3245.5168 
-3268.7805 -3253.473 -3237.863 -3222.8577 -3208.0535 -3193.1487 -2023.4253 3299.8992 3299.8992 3299.8992 3299.8992 3299.8992 3299.8992 3299.8992 3299.8992 3286.3037 3270.5933 3254.6814 3239.1724 3223.764 3208.6577 3193.451 3177.942 3163.1377 3148.1323 3132.9253 2598.5686 -2663.7268 3136.9536 3153.6711 3170.1873 3186.7034 3203.119 3219.4336 3235.7483 3251.7607 3267.874 3283.6853 3299.4963 -3284.8938 -3269.284 -3253.9763 -3239.0715 -3223.5625 -3208.5571 -3193.6523 -2358.078 3299.8992 3299.8992 3299.8992 3299.8992 3299.8992 3299.8992 3299.8992 3299.8992 3287.915 3272.3052 3256.4941 3240.8843 3225.3752 3210.1685 3195.0623 3179.4524 3164.6484 3149.6428 3134.436 2878.6377 -2073.6785 3134.9395 3151.8584 3168.576 3184.8906 3201.4067 3217.6208 3233.8347 3250.1494 3265.9607 3281.8726 3297.6836 -3286.6057 -3271.0967 -3255.6885 -3240.7837 -3225.3752 -3210.1685 -3195.3643 -2703.8086 3299.8992 3299.8992 3299.8992 3299.8992 3299.8992 3299.8992 3299.8992 3299.8992 3288.6199 3272.8088 3257.199 3241.4885 3225.9795 3210.7727 3195.6665 3180.0566 3165.2527 3150.247 3135.0403 3020.8374 -1697.0306 3133.5295 3150.348 3166.9646 3183.4807 3199.7954 3216.11 3232.3242 3248.538 3264.45 3280.3618 3296.2737 -3288.1165 -3272.5066 -3257.0984 -3241.69 -3226.6846 -3211.7798 -3196.875 -2888.507 3299.8992 3299.8992 3299.8992 3299.8992 3299.8992 3299.8992 3299.8992 3299.8992 3288.6199 3272.8088 3257.0984 3241.4885 3225.9795 3210.8733 3195.6665 3180.5603 3165.454 3150.247 3135.1409 3113.7908 -1063.5773 3129.904 3146.823 3163.44 3179.956 3196.4722 3212.686 3228.9001 3245.114 3261.1267 3277.0386 3292.8496 -3291.4397 -3275.83 -3260.4216 -3244.812 -3229.8064 -3214.801 -3199.9968 -3127.487 2668.8628 3299.8992 3299.8992 3299.8992 3299.8992 3299.8992 3299.8992 3299.8992 3288.6199 3273.0103 3257.199 3241.5894 3225.9795 3210.8733 3195.6665 3180.661 3165.6555 3150.247 3135.2417 3115.9058 -911.00464 3128.9978 3145.9167 3162.5334 3179.1504 3195.465 3211.7798 3227.9937 3244.2078 3260.2202 3276.233 3292.044 -3292.3462 -3276.8372 -3261.3281 -3245.7183 -3230.612 -3215.7073 -3200.702 -3185.9985 2078.009 3299.8992 3299.8992 3299.8992 3299.8992 3299.8992 3299.8992 3299.8992 3290.4326 3274.7222 3259.0117 3243.402 3227.7922 
-3249.0417 -3233.6333 -3218.8293 -3203.421 -3188.7175 -3174.0142 -1802.1698 3299.8992 3299.8992 3299.8992 3299.8992 3299.8992 3299.8992 3299.8992 3299.8992 3299.8992 3285.901 3269.8882 3254.1777 3238.4673 3223.1597 3207.953 3192.1416 3177.4382 3162.1306 3146.7224 2358.8835 3139.4714 3156.2896 3172.9065 3189.5232 3205.7373 3222.052 3238.4673 3254.48 3270.5933 3286.5051 3299.8992 -3281.9731 -3266.464 -3250.955 -3235.5469 -3220.7427 -3205.435 -3190.5303 -3175.827 -2409.439 3299.8992 3299.8992 3299.8992 3299.8992 3299.8992 3299.8992 3299.8992 3299.8992 3299.8992 3286.8071 3271.0967 3255.2856 3239.5752 3224.1667 3208.96 3193.2495 3178.3447 3163.2385 3147.83 2660.1013 3138.263 3155.182 3171.7986 3188.516 3204.8308 3221.1455 3237.3596 3253.372 3269.4854 3285.3972 3299.8992 -3282.7788 -3267.572 -3252.063 -3236.554 -3221.347 -3206.3416 -3191.5374 -3176.7334 -2676.8188 3299.8992 3299.8992 3299.8992 3299.8992 3299.8992 3299.8992 3299.8992 3299.8992 3299.8992 3287.3108 3271.399 3255.6885 3240.0786 3224.5696 3209.3628 3193.9543 3178.949 3163.6414 3148.233 2881.7595 3136.5508 3153.6711 3170.1873 3186.7034 3203.119 3219.3328 3235.6475 3251.8616 3267.9749 3283.8867 3299.6978 -3284.491 -3268.982 -3253.5735 -3238.0645 -3222.8577 -3207.7515 -3193.048 -3178.244 -3059.0056 3299.8992 3299.8992 3299.8992 3299.8992 3299.8992 3299.8992 3299.8992 3299.8992 3299.8992 3288.922 3273.1108 3257.4004 3241.7908 3226.181 3210.974 3195.868 3180.661 3165.3533 3149.945 3077.9387 -3005.429 3152.2612 3169.1802 3185.6963 3202.1118 3218.3257 3234.5398 3250.7537 3266.867 3282.8796 3298.6907 -3285.498 -3269.8882 -3254.48 -3239.0715 -3223.6633 -3208.6577 -3193.9543 -3179.1504 -3164.6484 3299.8992 3299.8992 3299.8992 3299.8992 3299.8992 3299.8992 3299.8992 3299.8992 3299.8992 3289.8284 3274.0173 3258.307 3242.4956 3226.9866 3211.679 3196.5728 3181.366 3166.0583 3150.7507 3129.1992 -2565.4358 3151.2542 3167.9717 3184.5886 3200.9033 3217.218 3233.5327 3249.646 3265.7593 3281.7717 3297.583 -3286.7065 -3271.0967 -3255.6885 -3240.28 -3225.0732 -3209.967 -3194.9614 -3180.258 -3165.6555 3299.8992 3299.8992 3299.8992 3299.8992 3299.8992 3299.8992 3299.8992 3299.8992 3299.8992 3291.5405 3275.5278 3259.9182 3244.2078 
-3262.4358 -3247.1282 -3232.1228 -3217.218 -3202.2124 -3187.4084 -2753.4575 3299.8992 3299.8992 3299.8992 3299.8992 3299.8992 3299.8992 3299.8992 3299.8992 3290.8354 3275.2258 3259.8174 3244.6106 3229.303 3214.2974 3199.292 3184.5886 3169.9858 3155.5847 3140.982 3124.5667 3127.9907 3144.9097 3161.2244 3177.6396 3193.8538 3209.7656 3225.778 3241.69 3257.4004 3273.0103 3288.7207 3299.8992 -3280.3618 -3265.0542 -3249.948 -3234.7412 -3219.7356 -3204.8308 -3189.926 -3175.3235 3299.8992 3299.8992 3299.8992 3299.8992 3299.8992 3299.8992 3299.8992 3299.8992 3291.8425 3276.3335 3260.8245 3245.6177 3230.31 3215.3044 3200.5005 3185.6963 3171.0938 3156.5918 3142.0898 3126.7822 3127.2856 3144.104 3160.62 3176.9348 3193.1487 3209.1614 3225.0732 3240.8843 3256.6956 3272.406 3287.915 3299.8992 -3281.1675 -3265.7593 -3250.653 -3235.446 -3220.5413 -3205.536 -3190.631 -3176.0283 3299.8992 3299.8992 3299.8992 3299.8992 3299.8992 3299.8992 3299.8992 3299.8992 3292.6482 3277.24 3261.731 3246.4233 3231.3171 3216.211 3201.3062 3186.502 3172 3157.3975 3142.996 3127.89 3125.9766 3142.694 3159.0088 3175.424 3191.6382 3207.4492 3223.462 3239.273 3254.9834 3270.6938 3286.3037 3299.8992 -3282.5774 -3267.2698 -3251.9622 -3236.856 -3221.8506 -3206.9458 -3192.041 -3177.539 3299.8992 3299.8992 3299.8992 3299.8992 3299.8992 3299.8992 3299.8992 3299.8992 3293.8567 3278.247 3262.9395 3247.6318 3232.3242 3217.218 3202.4138 3187.6099 3172.9065 3158.5051 3144.104 3129.0984 -2241.2566 3139.7734 3156.3904 3172.8057 3188.8184 3204.9316 3220.8435 3236.6545 3252.4658 3268.2769 3283.786 3299.295 -3285.2966 -3269.989 -3254.5806 -3239.3738 -3224.3682 -3209.3628 -3194.5586 -3179.8552 3299.8992 3299.8992 3299.8992 3299.8992 3299.8992 3299.8992 3299.8992 3299.8992 3293.6553 3278.1462 3262.6372 3247.3296 3232.2234 3217.0166 3202.1118 3187.4084 3172.8057 3158.3037 3143.9026 3128.9978 -1360.2631 3137.2559 3153.772 3170.1873 3186.3005 3202.3132 3218.225 3234.137 3250.0488 3265.6584 3281.2683 3296.878 -3287.6128 -3272.3052 -3257.0984 -3241.9922 -3226.7852 -3211.8804 -3196.9756 -3182.2722 3299.8992 3299.8992 3299.8992 3299.8992 3299.8992 3299.8992 3299.8992 3299.8992 3294.058 3278.549 3263.04 3247.8333 3232.5256 

3223.2605 3208.6577 3194.6594 3179.251 3165.756 3151.657 3130.9111 713.4155 -2102.179 3149.3408 3164.9504 3180.8623 3195.9685 3211.4775 3226.7852 3241.7908 3256.6956 3271.4995 3286.5051 3299.8992 -3284.2896 -3269.6868 -3255.789 -3240.985 -3227.3894 -3213.0889 -3198.8892 -453.58887 3299.8992 3299.8992 3299.8992 3299.8992 3299.8992 3299.8992 3299.8992 3295.9717 3281.2683 3266.565 3251.7607 3237.1582 3222.7568 3208.4563 3194.458 3179.0496 3165.6555 3151.2542 3132.5225 784.6161 -2144.9797 3148.7366 3164.5476 3180.0566 3195.868 3211.1755 3226.2817 3241.1865 3256.3933 3271.1975 3285.901 3299.8992 -3284.5916 -3270.0896 -3255.789 -3241.9922 -3227.188 -3213.0889 -3199.0906 -720.5658 3299.8992 3299.8992 3299.8992 3299.8992 3299.8992 3299.8992 3299.8992 3297.6836 3282.9802 3268.3777 3253.5735 3238.87 3224.5696 3210.269 3195.868 3180.359 3166.9646 3152.765 3135.2417 1122.7936 -1791.4948 3146.6216 3162.4329 3177.942 3193.2495 3208.8591 3224.0662 3239.1724 3254.2786 3268.7805 3283.8867 3298.59 -3286.8071 -3272.2046 -3258.0046 -3244.107 -3229.4036 -3215.4053 -3201.4067 -973.645 3299.8992 3299.8992 3299.8992 3299.8992 3299.8992 3299.8992 3299.8992 3297.1802 3282.376 3267.7734 3252.8687 3238.1653 3223.6633 3209.6648 3195.2637 3179.7546 3166.3604 3152.0598 3136.6516 1432.5714 -1659.3658 3143.6003 3159.5122 3175.122 3190.5303 3206.2407 3221.5483 3236.4531 3251.2573 3266.3635 3281.369 3295.9717 -3289.4255 -3274.823 -3260.5225 -3246.7253 -3231.8206 -3217.8223 -3203.8237 -1373.8586 2966.6565 3299.8992 3299.8992 3299.8992 3299.8992 3299.8992 3299.8992 3297.4822 3282.7788 3268.0754 3253.372 3238.6687 3223.9653 3209.967 3195.465 3180.0566 3166.6626 3152.4626 3138.0615 1620.3918 -1460.9711 3142.1904 3157.901 3173.5107 3189.2212 3204.126 3219.4336 3234.8418 3249.8474 3264.7522 3279.3547 3294.058 -3291.339 -3276.4343 -3262.6372 -3247.6318 -3234.0361 -3219.8364 -3205.838 -1909.9274 2613.5742 3299.8992 3299.8992 3299.8992 3299.8992 3299.8992 3299.8992 3298.59 3284.0881 3269.3848 3254.5806 3239.8772 
-3218.7285 -3204.0251 -3189.7246 -3175.3235 -3161.023 -3146.823 -3132.9253 3299.8992 3299.8992 3299.8992 3299.8992 3299.8992 3299.8992 3299.8992 3299.8992 3299.8992 3299.8992 3299.8992 3299.8992 3286.8071 3271.4995 3256.2927 3241.388 3226.886 3211.7798 3197.7812 3183.783 3177.841 3194.6594 3210.974 3227.0874 3242.8984 3258.609 3274.2188 3289.7278 3299.8992 -3279.5562 -3264.5508 -3249.5452 -3234.7412 -3220.0378 -3205.435 -3190.933 -3176.4312 -3162.1306 -3148.0315 -3134.2346 1836.7126 3299.8992 3299.8992 3299.8992 3299.8992 3299.8992 3299.8992 3299.8992 3299.8992 3299.8992 3299.8992 3299.8992 3288.0156 3272.708 3257.5012 3242.8984 3228.0945 3213.0889 3198.9897 3184.9915 3176.834 3193.753 3209.967 3226.0803 3242.0928 3257.8032 3273.3123 3288.8213 3299.8992 -3280.664 -3265.5579 -3250.5522 -3235.6475 -3220.8435 -3206.1401 -3191.4368 -3177.2368 -3162.9363 -3148.938 -3134.9395 24.673462 3299.8992 3299.8992 3299.8992 3299.8992 3299.8992 3299.8992 3299.8992 3299.8992 3299.8992 3299.8992 3299.8992 3289.9292 3274.5208 3259.2131 3244.4092 3229.8064 3214.7002 3200.702 3186.7034 3176.4312 3193.35 3209.5642 3225.6775 3241.5894 3257.2998 3272.9094 3288.4185 3299.8992 -3280.8655 -3265.8599 -3250.8545 -3236.0503 -3221.2463 -3206.6436 -3192.1416 -3177.7405 -3163.44 -3149.24 -3135.2417 -1546.5729 3299.8992 3299.8992 3299.8992 3299.8992 3299.8992 3299.8992 3299.8992 3299.8992 3299.8992 3299.8992 3299.8992 3291.4397 3276.132 3260.9253 3245.9197 3231.2163 3216.211 3202.2124 3188.214 -900.3296 3191.9402 3208.255 3224.469 3240.3809 3256.192 3271.8018 3287.21 3299.8992 -3282.074 -3266.9678 -3251.9622 -3237.1582 -3222.354 -3207.7515 -3193.2495 -3178.949 -3164.447 -3150.247 -3136.2488 -2608.3374 3299.8992 3299.8992 3299.8992 3299.8992 3299.8992 3299.8992 3299.8992 3299.8992 3299.8992 3299.8992 3299.8992 3292.8496 3277.4414 3262.3352 3247.229 3232.5256 3217.52 3203.421 3189.4226 1266.7053 3190.933 3207.3486 3223.5625 3239.4744 3255.1848 3270.7947 3286.4043 3299.8992 -3283.081 -3267.874 -3252.8687 -3238.0645 
2736.0352 2724.353 2713.0737 2700.7874 2688.4001 2364.4226 838.6963 -2783.267 2699.9817 2724.655 2746.9116 2767.6575 2787.3962 2806.43 2824.6582 2842.7856 2860.5103 3078.7444 -1774.9786 -673.1323 -2236.2212 -2355.7617 -2944.2993 -1078.9856 789.34937 2681.6528 2907.5408 2894.4487 2881.0547 2866.049 2849.8352 2535.8276 2289.6973 2706.8298 2800.9917 2076.599 2689.3066 2768.9666 2754.7668 2744.2932 2734.021 2722.4395 2710.3545 2698.6724 2686.2854 2379.3274 147.73865 3094.757 2705.1177 2729.187 2751.1414 2771.585 2791.0217 2809.9548 2828.2837 2846.109 2863.8335 2916.403 -2171.2646 -949.3744 -1847.5891 -2002.5787 -1995.227 -269.1925 1351.1993 2911.8713 2899.2827 2886.1907 2872.6958 2858.9995 2841.7786 2607.8337 2148.9075 2484.4666 2729.0862 1614.0472 1374.5636 1999.5575 2255.8594 2567.349 2740.8691 2730.0933 2718.7134 2706.427 2694.0398 2448.715 440.69824 -3165.3533 2708.7432 2732.7117 2754.364 2774.8076 2794.2444 2813.0767 2831.305 2849.231 2866.8547 2913.684 -2171.0632 -791.3635 -1746.0754 -1977.6031 -2623.0408 -960.7544 213.50098 2058.975 2916.504 2903.6133 2890.0176 2876.422 2859.8052 2719.3176 2212.152 2461.5051 2785.684 1720.2942 2082.2388 2754.7668 2770.3765 2759.3994 2747.8179 2735.9343 2724.5544 2711.9658 2699.6794 2608.6394 848.6664 -2572.0825 2708.139 2732.2083 2754.0618 2774.5056 2793.9421 2812.7747 2831.1035 2849.0295 2866.7542 2884.076 -2510.4492 -931.24695 -1635.2966 -2006.7078 -2855.072 -1155.7251 648.9624 2547.5098 2916.504 2903.311 2889.8162 2876.1199 2861.4165 2843.4905 2526.361 2625.5583 2803.0059 1795.6238 2018.8934 2665.036 2764.334 2753.5583 2744.4946 2732.8125 2721.1304 2709.5488 2697.1619 2543.582 740.8081 -2546.6033 2706.2256 2730.3955 2752.249 2772.6929 2792.2302 2811.0625 2829.4922 2847.4182 2865.042 2984.784 -2068.5425 -511.7981 -1208.3954 -1682.5287 -2700.183 -1044.4427 697.6044 2630.7952 2905.5266 2892.5354 2878.2349 2862.5244 2788.4033 2245.99 1691.1896 1819.2902 2425.5522 1519.7845 1556.543 2295.7397 2662.7197 2716.6992 
-2381.9458 -1601.5594 -2692.9321 -2681.3506 -2669.6685 -2658.0872 -2525.2532 -2636.5356 -2625.357 -2614.279 -2410.7483 -2026.7487 -1486.4502 -979.7882 -145.01953 1634.3903 3299.8992 3299.8992 3299.8992 3299.8992 3299.8992 3299.8992 3299.8992 3299.8992 3299.8992 3299.8992 3299.8992 3299.8992 3076.4282 1743.5577 424.58496 -850.3784 -2008.2184 -2794.6472 -2781.8572 -2769.2688 -2756.9824 -2744.7966 -2732.611 -2720.7275 -2315.579 -1389.267 -2691.6228 -2680.243 -2668.6614 -2657.08 -2645.8008 -2634.8235 -2623.5442 -2612.5671 -2453.8513 -2148.4038 -1754.6356 -1141.8274 -188.52539 1556.0394 3299.8992 3299.8992 3299.8992 3299.8992 3299.8992 3299.8992 3299.8992 3299.8992 3299.8992 3299.8992 3299.8992 3299.8992 3244.4092 1866.925 392.2577 -985.025 -2185.5652 -2789.209 -2776.419 -2764.032 -2751.6448 -2739.3584 -2727.3743 -2715.5913 -2539.6545 -1648.6908 -2684.4727 -2672.7905 -2661.4104 -2649.829 -2638.7512 -2627.774 -2616.696 -2574.0967 -1965.3168 -1595.7184 -1152.9053 -672.02454 187.3169 1806.601 3299.8992 3299.8992 3299.8992 3299.8992 3299.8992 3299.8992 3299.8992 3299.8992 3299.8992 3299.8992 3299.8992 3299.8992 3051.1504 1659.7687 208.7677 -1143.0359 -2198.9592 -2791.0217 -2778.3325 -2765.8447 -2753.4575 -2741.3726 -2729.187 -2717.3035 -2500.6804 -1606.5948 -2686.6882 -2675.006 -2663.4246 -2651.8433 -2599.3743 -2629.889 -2618.811 -2567.349 -2287.0789 -1897.9431 -1730.5664 -1266.6046 -336.06262 1219.6747 3299.8992 3299.8992 3299.8992 3299.8992 3299.8992 3299.8992 3299.8992 3299.8992 3299.8992 3299.8992 3299.8992 3299.8992 3299.8992 2186.3708 730.4352 -711.40137 -1901.6693 -2789.7124 -2777.0232 -2764.4348 -2752.0476 -2739.9626 -2727.8777 -2715.9941 -2704.01 -2014.4623 -2682.4585 -2670.9778 -2659.497 -2647.815 -2636.737 -2625.6592 -2614.5813 -2603.5034 -2348.7122 -1906.8054 -1470.3369 -1032.7606 110.476685 1630.4626 3299.8992 3299.8992 3299.8992 3299.8992 3299.8992 3299.8992 3299.8992 3299.8992 3299.8992 3299.8992 3299.8992 3299.8992 3136.5508 1773.2666 349.6582 -1010.8063 -2102.179 -2784.677 -2771.9878 -2759.5 -2747.0122 -2735.1287 -2723.0437 -2711.0596 
3231.1157 3216.9158 3202.9175 3189.1204 3174.8198 3160.922 3146.521 -1674.472 3155.8867 3171.4966 3187.0056 3202.4138 3217.6208 3232.8276 3247.8333 3262.8386 3277.7434 3292.4468 -3292.6482 -3278.247 -3263.745 -3249.3438 -3234.8418 -3220.8435 -3206.3416 -3192.343 -3178.949 3299.8992 3299.8992 3299.8992 3299.8992 3299.8992 3299.8992 3299.8992 3299.8992 3299.8992 3289.627 3275.125 3260.2202 3245.7183 3231.3171 3217.1172 3202.716 3188.617 3174.9207 3160.8215 3145.816 -1266.806 3154.6782 3170.288 3185.8977 3201.3062 3216.4124 3231.72 3246.7253 3261.731 3276.6357 3291.339 3299.8992 -3279.2542 -3264.7522 -3250.3508 -3236.2517 -3221.8506 -3208.0535 -3194.1558 -3179.956 3163.2385 3299.8992 3299.8992 3299.8992 3299.8992 3299.8992 3299.8992 3299.8992 3299.8992 3290.0298 3275.125 3260.4216 3245.9197 3231.4177 3217.1172 3203.2195 3189.0198 3175.424 3161.4258 3146.521 -433.64868 3152.5635 3168.274 3183.783 3199.1912 3214.2974 3229.605 3244.3083 3259.616 3274.5208 3289.325 3299.8992 -3281.4697 -3266.867 -3252.365 -3238.3667 -3224.1667 -3209.8662 -3195.767 -3182.2722 1537.7106 3299.8992 3299.8992 3299.8992 3299.8992 3299.8992 3299.8992 3299.8992 3299.8992 3291.339 3276.7363 3262.1338 3247.7324 3232.9285 3218.8293 3204.428 3190.3289 3176.6326 3162.8357 3148.0315 458.62427 3150.7507 3166.5618 3182.0708 3197.4792 3212.5854 3227.893 3242.8984 3257.904 3272.9094 3287.4114 3299.8992 -3282.9802 -3268.3777 -3254.0771 -3239.8772 -3225.3752 -3211.679 -3197.6807 -3183.4807 747.052 3299.8992 3299.8992 3299.8992 3299.8992 3299.8992 3299.8992 3299.8992 3299.8992 3291.4397 3276.7363 3262.033 3247.6318 3233.029 3218.8293 3204.7302 3190.631 3177.0354 3163.037 3148.233 815.2313 3149.7437 3165.454 3181.1646 3196.2708 3211.679 3226.886 3241.9922 3256.897 3271.9023 3286.7065 3299.8992 -3284.0881 -3269.3848 -3254.8828 -3240.7837 -3226.6846 -3212.2832 -3198.184 -3184.79 -372.1161 3299.8992 3299.8992 3299.8992 3299.8992 3299.8992 3299.8992 3299.8992 3299.8992 3293.6553 3278.8513 3264.148 3249.5452 
3212.4846 3197.3784 3181.8694 3167.0654 3152.0598 3136.9536 3121.4446 -269.0918 3127.0842 3144.104 3160.62 3177.2368 3193.6523 3210.0676 3226.0803 3242.2942 3258.4075 3274.4202 3290.332 3299.8992 -3278.4485 -3262.9395 -3247.9338 -3232.5256 -3217.218 -3202.4138 -3187.509 1640.7349 3299.8992 3299.8992 3299.8992 3299.8992 3299.8992 3299.8992 3299.8992 3290.7349 3275.125 3259.4146 3243.704 3228.195 3212.9883 3197.7812 3182.0708 3167.3674 3152.2612 3137.3564 3121.8474 148.04077 3125.2715 3142.2913 3159.0088 3175.525 3191.9402 3208.255 3224.469 3240.5823 3256.7961 3272.6074 3288.5193 3299.8992 -3280.2612 -3264.6514 -3249.7466 -3234.2375 -3219.0308 -3204.0251 -3189.2212 812.3108 3299.8992 3299.8992 3299.8992 3299.8992 3299.8992 3299.8992 3299.8992 3292.5476 3276.7363 3261.1267 3245.4163 3229.8064 3214.5996 3199.594 3183.9844 3169.0796 3154.074 3138.9678 3123.6602 593.06946 3124.3652 3141.1833 3157.901 3174.417 3190.933 3207.3486 3223.5625 3239.7766 3255.789 3271.8018 3287.7136 3299.8992 -3280.966 -3265.5579 -3250.0488 -3234.9426 -3219.937 -3204.8308 -3190.1274 396.89026 3299.8992 3299.8992 3299.8992 3299.8992 3299.8992 3299.8992 3299.8992 3293.5547 3277.8442 3262.1338 3246.4233 3230.8135 3215.5059 3200.3997 3185.3943 3170.288 3154.9805 3139.8743 3124.6672 970.32166 3123.056 3139.9749 3156.7932 3173.2085 3189.7246 3206.0393 3222.354 3238.4673 3254.5806 3270.5933 3286.5051 3299.8992 -3282.1746 -3266.6655 -3251.1565 -3235.9497 -3221.045 -3206.0393 -3191.2354 6.5460205 3299.8992 3299.8992 3299.8992 3299.8992 3299.8992 3299.8992 3299.8992 3294.159 3278.4485 3262.738 3247.1282 3231.4177 3216.211 3201.004 3185.9985 3170.8923 3155.6853 3140.579 3125.3723 1466.7114 3120.5383 3137.6587 3154.3762 3170.7915 3187.3076 3203.7231 3220.0378 3236.1511 3252.2644 3268.2769 3284.1887 3299.8992 -3284.491 -3268.982 -3253.372 -3238.2659 -3223.059 -3208.1543 -3193.35 -678.67126 3299.8992 3299.8992 3299.8992 3299.8992 3299.8992 3299.8992 3299.8992 3295.2666 3279.657 3264.047 3248.236 3232.8276 
3228.6987 3213.391 3198.184 3182.8765 3167.6697 3152.4626 3136.5508 -1605.0842 3148.6357 3165.454 3182.0708 3198.3855 3214.801 3231.015 3247.229 3263.4429 3279.3547 3295.2666 -3289.0227 -3273.413 -3258.0046 -3242.5964 -3227.188 -3212.0818 -3197.3784 -3182.4736 -3167.871 2847.9216 3299.8992 3299.8992 3299.8992 3299.8992 3299.8992 3299.8992 3299.8992 3299.8992 3292.5476 3276.6357 3260.8245 3245.2148 3229.605 3214.2974 3199.1912 3183.8835 3168.6768 3153.2683 3137.7593 -1154.4159 3147.7295 3164.447 3181.0637 3197.3784 3213.794 3230.0078 3246.3225 3262.3352 3278.3477 3294.3604 -3290.0298 -3274.3193 -3258.8103 -3243.5027 -3228.4973 -3213.0889 -3197.9827 -3183.2793 -3168.576 2235.7178 3299.8992 3299.8992 3299.8992 3299.8992 3299.8992 3299.8992 3299.8992 3299.8992 3293.5547 3277.6428 3261.9324 3246.222 3230.612 3215.3044 3200.0977 3184.79 3169.6838 3154.3762 3138.8672 -776.45874 3146.823 3163.742 3180.258 3196.7742 3213.0889 3229.303 3245.5168 3261.6301 3277.6428 3293.4539 -3290.7349 -3275.125 -3259.616 -3244.107 -3229.2021 -3213.8945 -3198.7883 -3183.8835 -3169.4824 1618.5791 3299.8992 3299.8992 3299.8992 3299.8992 3299.8992 3299.8992 3299.8992 3299.8992 3294.5618 3278.7505 3263.1409 3247.3296 3231.72 3216.4124 3201.1047 3185.8977 3170.8923 3155.3833 3140.0757 -345.22705 3146.1182 3162.8357 3179.5532 3195.9685 3212.2832 3228.4973 3244.812 3260.7239 3276.7363 3292.8496 -3291.339 -3275.9307 -3260.321 -3244.812 -3230.1086 -3214.4988 -3199.594 -3184.79 -3170.0867 892.47437 3299.8992 3299.8992 3299.8992 3299.8992 3299.8992 3299.8992 3299.8992 3299.8992 3295.9717 3280.2612 3264.3494 3248.8403 3232.9285 3217.7214 3202.011 3187.207 3172.1008 3156.8938 3141.2842 559.13086 3143.097 3159.8145 3176.532 3192.9473 3209.4634 3225.5767 3241.9922 3258.0046 3274.0173 3289.9292 3299.8992 -3278.65 -3263.1409 -3247.6318 -3232.6262 -3217.218 -3202.2124 -3187.4084 -3172.705 -99.49951 3299.8992 3299.8992 3299.8992 3299.8992 3299.8992 3299.8992 3299.8992 3299.8992 3296.576 3280.7646 3264.9536 3249.2432 
3217.4194 3202.5146 3187.7104 3173.2085 3158.7065 3144.2046 3129.5012 -670.0104 3135.443 3152.1606 3168.4753 3184.4878 3200.601 3216.6138 3232.5256 3248.3367 3264.047 3279.7576 3295.166 -3289.224 -3273.9165 -3258.7097 -3243.5027 -3228.3965 -3213.391 -3198.587 -3183.783 2914.2883 3299.8992 3299.8992 3299.8992 3299.8992 3299.8992 3299.8992 3299.8992 3295.468 3279.8584 3264.45 3248.941 3233.6333 3218.628 3203.7231 3189.0198 3174.417 3159.8145 3145.514 3130.7097 67.8772 3134.6375 3151.1536 3167.6697 3183.6821 3199.8962 3215.808 3231.6191 3247.4304 3263.04 3278.8513 3294.2595 -3290.2312 -3274.823 -3259.5154 -3244.3083 -3229.303 -3214.1968 -3199.3926 -3184.5886 2390.808 3299.8992 3299.8992 3299.8992 3299.8992 3299.8992 3299.8992 3299.8992 3295.8708 3280.2612 3264.7522 3249.3438 3234.2375 3219.0308 3204.126 3189.3218 3174.7192 3160.2173 3145.816 3131.1125 882.5043 3132.1196 3148.938 3165.3533 3181.366 3197.4792 3213.5925 3229.4036 3245.114 3260.9253 3276.535 3292.1448 -3292.5476 -3277.0386 -3261.731 -3246.524 -3231.4177 -3216.4124 -3201.5076 -3186.7034 1021.3806 3299.8992 3299.8992 3299.8992 3299.8992 3299.8992 3299.8992 3299.8992 3296.6765 3281.067 3265.5579 3250.2502 3234.8418 3219.7356 3204.9316 3190.0269 3175.3235 3161.023 3146.521 3131.9182 1402.2583 3131.012 3147.7295 3164.1448 3180.359 3196.4722 3212.4846 3228.3965 3244.107 3259.616 3275.4272 3291.1377 -3293.4539 -3277.9448 -3262.738 -3247.531 -3232.4248 -3217.4194 -3202.5146 -3187.7104 211.08398 3299.8992 3299.8992 3299.8992 3299.8992 3299.8992 3299.8992 3299.8992 3297.4822 3281.7717 3266.2627 3250.8545 3235.6475 3220.642 3205.7373 3190.7317 3176.2297 3161.6272 3147.2258 3132.7239 2245.6877 3128.1921 3144.9097 3161.325 3177.6396 3193.753 3209.7656 3225.6775 3241.4885 3257.199 3272.9094 3288.5193 3299.8992 -3280.664 -3265.2556 -3250.1494 -3235.0432 -3220.1384 -3205.133 -3190.2283 -712.1063 3299.8992 3299.8992 3299.8992 3299.8992 3299.8992 3299.8992 3299.8992 3297.2808 3281.5703 3266.0613 3250.5522 3235.3455 

3225.0732 3210.7727 3196.4722 3181.9702 3167.5688 3153.772 3139.3706 1758.5632 -1344.4519 3141.4856 3157.6995 3173.3093 3188.4155 3203.9246 3219.1313 3234.137 3249.5452 3264.2485 3279.0527 3294.058 -3291.2383 -3276.9377 -3262.5366 -3247.6318 -3234.0361 -3219.635 -3205.536 -2018.4906 2453.549 3299.8992 3299.8992 3299.8992 3299.8992 3299.8992 3299.8992 3299.295 3284.6924 3270.291 3255.487 3240.7837 3225.9795 3211.7798 3197.4792 3182.776 3168.9788 3154.779 3139.9749 2330.3833 -508.77686 -2801.193 -3243.805 -3268.4783 -3259.616 3198.4863 3213.5925 3228.4973 3243.6035 3258.9111 3273.6145 3288.217 3299.8992 -3282.8796 -3267.874 -3253.6743 -3239.1724 -3225.1738 -3042.9932 -1829.8645 2681.1492 3299.8992 3299.8992 3299.8992 3299.8992 3299.8992 3299.8992 3292.749 3278.0457 3263.2415 3248.7395 3233.9355 3219.4336 3204.5288 3190.8325 3175.9277 3162.03 3147.7295 3116.1072 1120.6787 -2428.8757 -3085.1897 -3180.9631 -3272.3052 3221.6492 3209.1614 3224.2676 3239.1724 3254.2786 3269.284 3283.8867 3298.59 -3286.6057 -3272.708 -3258.1055 -3243.2007 -3229.7058 -3215.5059 -3201.5076 -2749.0264 1680.8167 3299.8992 3299.8992 3299.8992 3299.8992 3299.8992 3299.8992 3299.8992 3294.5618 3280.2612 3265.0542 3250.2502 3235.6475 3221.347 3207.0464 3192.4438 3177.942 3163.8428 3149.945 2710.4553 -232.13196 -2716.1956 3155.6853 3171.3958 3186.9048 3202.4138 3217.6208 3232.8276 3247.8333 3262.9395 3278.0457 3292.6482 -3292.5476 -3278.3477 -3263.9465 -3248.941 -3235.3455 -3221.1455 -3206.7444 -2930.905 1415.5518 3299.8992 3299.8992 3299.8992 3299.8992 3299.8992 3299.8992 3299.8992 3290.8354 3276.0315 3261.6301 3246.9268 3232.4248 3217.52 3203.8237 3188.4155 3174.9207 3160.8215 3146.7224 2717.807 -268.28613 -2808.0413 3153.4697 3169.1802 3184.6892 3199.7954 3215.4053 3230.612 3245.4163 3260.623 3275.4272 3290.2312 3299.8992 -3280.4626 -3266.162 -3252.2644 -3237.4602 -3223.462 -3209.0605 -3080.2551 1174.3561 3299.8992 3299.8992 3299.8992 3299.8992 3299.8992 3299.8992 3299.8992 3290.2312 3275.7292 3261.026 3246.222 3231.5186 3217.3186 3202.9175 3187.509 3174.115 3159.8145 3145.7153 2672.0854 -390.54565 -3054.5745 3154.1748 3169.9858 3185.3943 3200.601 3216.0095 3231.2163 3246.121 3261.026 3275.9307 3290.9363 
-3223.1597 -3208.5571 -3194.1558 -3179.6538 -3165.454 -3151.1536 -3137.2559 -3073.6084 3299.8992 3299.8992 3299.8992 3299.8992 3299.8992 3299.8992 3299.8992 3299.8992 3299.8992 3299.8992 3299.8992 3293.756 3278.4485 3263.2415 3248.3367 3233.5327 3218.527 3204.3274 3190.3289 2619.5159 3189.7246 3206.1401 3222.354 3238.2659 3253.9763 3269.6868 3285.1958 3299.8992 -3284.0881 -3269.0825 -3253.8757 -3238.971 -3224.2676 -3209.6648 -3195.1628 -3180.7617 -3166.3604 -3152.1606 -3138.162 -3124.2644 3299.8992 3299.8992 3299.8992 3299.8992 3299.8992 3299.8992 3299.8992 3299.8992 3299.8992 3299.8992 3299.8992 3295.166 3279.959 3264.6514 3249.646 3234.7412 3219.8364 3205.6365 3191.6382 3176.9348 3188.3147 3204.8308 3220.944 3236.856 3252.6672 3268.2769 3283.786 3299.295 -3285.3972 -3270.291 -3255.2856 -3240.3809 -3225.476 -3210.974 -3196.3713 -3181.9702 -3167.5688 -3153.3691 -3139.3706 -3125.473 3299.8992 3299.8992 3299.8992 3299.8992 3299.8992 3299.8992 3299.8992 3299.8992 3299.8992 3299.8992 3299.8992 3295.7703 3280.5632 3265.3564 3250.1494 3235.5469 3220.2393 3206.1401 3192.041 3177.7405 3186.502 3203.018 3219.2322 3235.2446 3250.955 3266.6655 3282.074 3297.583 -3287.1094 -3271.9023 -3256.897 -3241.9922 -3227.188 -3212.4846 -3197.882 -3183.4807 -3169.1802 -3154.8796 -3140.8813 -3126.9836 3299.8992 3299.8992 3299.8992 3299.8992 3299.8992 3299.8992 3299.8992 3299.8992 3299.8992 3299.8992 3299.8992 3296.2737 3281.067 3265.7593 3250.653 3235.8489 3220.8435 3206.543 3192.5444 3178.5461 3184.5886 3201.1047 3217.218 3233.2305 3249.1423 3264.6514 3280.2612 3295.7703 -3289.0227 -3273.715 -3258.7097 -3243.805 -3229.0007 -3214.3982 -3199.7954 -3185.1929 -3170.8923 -3156.7932 -3142.7947 -3128.7964 3299.8992 3299.8992 3299.8992 3299.8992 3299.8992 3299.8992 3299.8992 3299.8992 3299.8992 3299.8992 3299.8992 3296.173 3280.8655 3265.6584 3250.5522 3235.9497 3220.642 3206.4421 3192.4438 3178.4453 3181.9702 3198.587 3214.7002 3230.713 3246.6248 3262.2344 3277.9448 3293.2524 -3291.4397 -3276.233 -3261.1267 -3246.121 -3231.3171 -3216.6138 -3202.1118 -3187.509 -3173.108 -3159.0088 -3144.8088 -3130.9111 3299.8992 3299.8992 3299.8992 3299.8992 3299.8992 3299.8992 3299.8992 3299.8992 3299.8992 3299.8992 3299.8992 3296.475 
2751.242 2739.5598 2728.18 2716.4978 2704.312 2687.393 1397.2229 -1941.0461 2704.9163 2729.2876 2751.4434 2771.6858 2791.4246 2810.2568 2828.787 2846.814 2864.3372 2881.7595 -3014.9963 -1261.5692 -1676.7883 -2059.5793 -3057.3943 -1432.9742 419.44885 2403.598 2922.647 2909.7563 2896.161 2882.666 2869.1711 2852.0508 2749.2278 2806.9336 2812.0696 2143.167 1923.9258 2658.792 2768.0603 2756.781 2748.0193 2736.1357 2724.8564 2712.4695 2699.9817 2461.7065 570.0073 -2499.2705 2709.9517 2733.7188 2755.371 2775.8147 2795.2515 2813.9832 2832.312 2850.238 2867.8618 2885.385 -2037.0209 -201.11389 -706.16455 -1373.7579 -2569.9675 -913.1195 757.72705 2661.914 2901.2969 2888.4062 2875.0122 2861.5173 2846.2097 2802.5024 1509.613 1356.5369 2012.146 1183.6212 1050.2838 1986.264 2501.889 2594.7417 2755.5725 2744.7966 2732.913 2721.4324 2709.146 2691.6228 2076.3977 -902.6459 2698.6724 2723.7488 2746.3074 2767.1538 2786.8926 2805.9265 2824.4568 2842.7856 2860.4094 2877.832 -2693.0327 -847.4579 -1594.812 -2285.7695 3128.6956 -1855.2429 -3.8269043 2093.2158 2923.4526 2910.562 2897.3694 2883.4717 2867.2576 2790.1152 2148.5046 2038.8336 2821.0327 2518.2036 2112.4512 2784.0728 2772.0886 2759.9028 2751.0405 2739.862 2728.2805 2715.9941 2703.7078 2683.0627 1246.5637 -1762.8937 2706.3262 2730.6975 2752.6519 2773.0957 2792.7336 2811.4653 2829.9956 2847.821 2865.5457 2882.968 -3182.776 -1347.6746 -1066.7999 -1763.5986 -2486.4807 -855.61523 748.96545 2628.2776 2912.2742 2899.2827 2885.8887 2872.4944 2858.0933 2841.0735 2527.2673 2459.0881 2804.4158 2336.8286 980.7953 1683.7372 2271.7712 2364.1204 2749.0264 2739.6606 2728.7842 2716.5984 2704.5134 2686.7888 1378.7933 -1501.2543 2703.1035 2727.777 2749.9329 2770.578 2790.3167 2809.2498 2827.6794 2845.706 2863.33 2880.8533 -3114.8987 -1250.0885 -825.60425 -1572.8577 -2985.086 -1495.4132 -537.1765 1436.1969 2907.0374 2912.0728 2899.1821 2885.385 2869.2717 2852.655 2471.9788 2337.1306 2818.0115 2423.3367 1636.3037 2470.166 2777.7283 2765.8447 2753.659 2742.3796 2730.496 2718.814 2706.6284 2692.328 2027.5543 -746.54846 2695.6511 2721.1304 2743.8904 2764.7368 2784.677 2803.9124 2822.3418 2840.4692 2858.1938 2875.9185 3237.3596 -1610.9253 
-2608.6394 -1765.5121 -2587.4907 -2668.3594 -2656.1736 -2644.0886 -2545.3948 -2623.7456 -2612.7686 -2599.2737 -2351.532 -2044.6747 -1568.4265 -1016.0431 -118.533325 1172.0398 3082.7727 3299.8992 3299.8992 3299.8992 3299.8992 3299.8992 3299.8992 3299.8992 3299.8992 3299.8992 3299.8992 3299.8992 3299.8992 2290.805 1189.9658 -182.08008 -1394.4031 -2494.638 -2779.541 -2766.8518 -2754.5654 -2742.279 -2730.194 -2718.2097 -2706.0242 -1953.836 -2685.1775 -2673.4954 -2662.1155 -2650.9368 -2639.3555 -2628.1768 -2617.1997 -2606.1218 -2448.9165 -2069.4487 -1712.7411 -1312.1246 -539.08997 693.67676 2945.5078 3299.8992 3299.8992 3299.8992 3299.8992 3299.8992 3299.8992 3299.8992 3299.8992 3299.8992 3299.8992 3299.8992 3299.8992 2300.6743 981.60095 -413.00354 -1841.8488 -2784.9792 -2772.29 -2759.7014 -2747.3145 -2735.1287 -2723.1445 -2711.0596 -2699.176 -2009.024 -2677.725 -2666.2444 -2654.7637 -2643.5852 -2380.7373 -2622.235 -2611.4592 -2558.4868 -2234.0056 -1808.9172 -1340.4236 -820.77026 -108.1604 986.63635 3236.4531 3299.8992 3299.8992 3299.8992 3299.8992 3299.8992 3299.8992 3299.8992 3299.8992 3299.8992 3299.8992 3299.8992 3299.8992 2346.1943 1004.15955 -365.77148 -1539.3219 -2487.1855 -2780.0444 -2767.3552 -2755.0688 -2742.7825 -2730.597 -2718.6125 -2706.8298 -2044.0704 -2684.8755 -2673.3948 -2661.914 -2650.8362 -2617.0989 -2628.479 -2617.4011 -2606.1218 -2532.0007 -2136.1174 -1627.0386 -1048.5718 -314.20898 771.8262 2884.6802 3299.8992 3299.8992 3299.8992 3299.8992 3299.8992 3299.8992 3299.8992 3299.8992 3299.8992 3299.8992 3299.8992 3299.8992 2655.5693 1251.9012 -144.7174 -1424.2126 -2592.3247 -2781.7566 -2769.168 -2756.6802 -2744.4946 -2732.4097 -2720.3247 -2708.5417 -2193.4204 -2686.084 -2674.5024 -2663.0217 -2651.7424 -2640.1611 -2629.1838 -2617.9045 -2606.9275 -2221.82 -1873.6725 -1474.1638 -1100.1343 -446.94214 586.4227 2710.0525 3299.8992 3299.8992 3299.8992 3299.8992 3299.8992 3299.8992 3299.8992 3299.8992 3299.8992 3299.8992 3299.8992 3299.8992 2447.9094 1101.5442 -322.26562 -1591.4886 -2589.6057 -2779.3396 -2766.751 -2754.1626 -2742.0776 -2729.8918 -2717.9077 -2706.0242 -2020.7062 -2684.4727 -2672.891 -2661.4104 -2650.3325 -2636.6362 -2627.5725 -2616.5955 -2605.5176 -2385.4705 -2017.8864 -1896.2311 -1455.835 -773.3368 246.02966 2357.0708 3299.8992 3299.8992 3299.8992 
3235.144 3220.7427 3206.4421 3192.6453 3178.3447 3164.2456 3150.348 1399.237 3148.8372 3164.749 3180.1575 3195.6665 3210.974 3226.0803 3241.1865 3256.3933 3270.996 3286.0015 3299.8992 -3284.5916 -3270.291 -3255.789 -3241.1865 -3226.7852 -3213.0889 -3198.9897 -3184.6892 -1220.1782 3299.8992 3299.8992 3299.8992 3299.8992 3299.8992 3299.8992 3299.8992 3299.8992 3295.166 3280.1604 3265.5579 3251.056 3236.554 3222.052 3208.1543 3193.9543 3180.359 3166.3604 3151.657 1867.0258 3148.7366 3164.5476 3180.1575 3195.5657 3210.8733 3226.0803 3241.1865 3255.9905 3271.0967 3285.901 3299.8992 -3284.9944 -3270.291 -3255.6885 -3241.5894 -3227.5908 -3212.9883 -3198.9897 -3185.4949 -1889.2822 3299.8992 3299.8992 3299.8992 3299.8992 3299.8992 3299.8992 3299.8992 3299.8992 3296.9788 3281.9731 3267.4712 3252.9692 3238.4673 3224.1667 3209.6648 3195.767 3181.5674 3167.5688 3153.6711 2467.5476 3146.823 3162.7349 3178.6467 3193.8538 3209.0605 3224.2676 3239.3738 3254.6814 3269.5862 3284.0881 3298.7915 -3286.5051 -3272.0032 -3257.5012 -3242.8984 -3228.4973 -3214.5996 -3200.702 -3186.4014 -2635.4277 3299.8992 3299.8992 3299.8992 3299.8992 3299.8992 3299.8992 3299.8992 3299.8992 3298.1873 3283.383 3268.6797 3254.0771 3239.6758 3225.2747 3211.2761 3197.0764 3183.4807 3169.3816 3154.8796 2704.7148 3147.6287 3163.44 3179.1504 3194.5586 3209.7656 3225.0732 3240.1794 3255.0842 3269.8882 3284.8938 3299.5972 -3285.6995 -3271.1975 -3256.6956 -3242.4956 -3228.4973 -3213.8945 -3199.7954 -3186.4014 -2971.8933 3299.8992 3299.8992 3299.8992 3299.8992 3299.8992 3299.8992 3299.8992 3299.8992 3299.8992 3286.0015 3271.298 3256.5947 3242.0928 3227.7922 3213.391 3199.3926 3185.1929 3171.0938 3157.2966 2985.8916 3146.7224 3162.6343 3178.244 3193.8538 3209.0605 3224.1667 3239.273 3254.2786 3269.4854 3284.0881 3298.892 -3286.4043 -3271.9023 -3257.5012 -3242.8984 -3228.7993 -3214.1968 -3200.299 -3186.7034 -3172.705 3299.8992 3299.8992 3299.8992 3299.8992 3299.8992 3299.8992 3299.8992 3299.8992 3299.8992 3288.4185 3273.413 3258.9111 3244.5098 3230.0078 3215.6067 3201.3062 3187.7104 3173.8127 3159.0088 3127.3865 3147.1252 3162.9363 3178.7476 3194.2566 3209.5642 3224.771 3239.978 3254.9834 3269.8882 3284.5916 3299.3958 -3285.8 
3217.3186 3202.1118 3186.8042 3171.8994 3156.9946 3141.8884 3126.7822 1820.2972 3120.0347 3136.6516 3153.3691 3169.8853 3186.502 3202.716 3219.0308 3235.2446 3251.358 3267.3706 3283.2825 3298.892 -3285.3972 -3269.7876 -3254.782 -3239.3738 -3223.9653 -3208.96 -3194.1558 -999.7284 3299.8992 3299.8992 3299.8992 3299.8992 3299.8992 3299.8992 3299.8992 3295.7703 3280.0598 3264.3494 3248.7395 3233.13 3217.7214 3202.5146 3187.0056 3172.2014 3157.196 3142.0898 3126.8828 1952.5269 3126.7822 3135.9465 3152.664 3169.3816 3185.797 3202.2124 3218.4265 3234.5398 3250.7537 3266.867 3282.6782 3298.4893 -3285.901 -3270.3918 -3255.3862 -3239.8772 -3224.5696 -3209.4634 -3194.76 -1664.7034 3299.8992 3299.8992 3299.8992 3299.8992 3299.8992 3299.8992 3299.8992 3298.59 3282.8796 3267.1692 3251.5593 3235.9497 3220.4407 3205.3345 3189.8254 3174.9207 3159.915 3144.8088 3129.7026 2472.6836 -2813.7817 3134.6375 3151.4556 3168.0725 3184.4878 3201.004 3217.218 3233.3313 3249.5452 3265.5579 3281.4697 3297.2808 -3287.1094 -3271.6003 -3255.9905 -3240.985 -3225.879 -3210.7727 -3195.868 -1939.4348 3299.8992 3299.8992 3299.8992 3299.8992 3299.8992 3299.8992 3299.8992 3298.7915 3283.1816 3267.4712 3251.7607 3236.1511 3220.642 3205.435 3190.4297 3175.3235 3160.1165 3145.0103 3129.8035 2573.6938 -2893.0388 3134.738 3151.5564 3168.173 3184.5886 3200.9033 3217.1172 3233.432 3249.7466 3265.6584 3281.5703 3297.2808 -3287.1094 -3271.6003 -3255.9905 -3240.7837 -3225.778 -3210.7727 -3195.767 -2419.812 3299.8992 3299.8992 3299.8992 3299.8992 3299.8992 3299.8992 3299.8992 3299.8992 3286.203 3270.4924 3254.6814 3239.1724 3223.6633 3208.4563 3193.451 3178.3447 3163.037 3148.0315 3132.7239 2639.0532 -2792.1294 3136.7522 3153.5706 3170.1873 3186.7034 3203.018 3219.2322 3235.446 3251.6602 3267.6726 3283.5845 3299.295 -3285.0952 -3269.4854 -3253.9763 -3238.6687 -3223.764 -3208.7585 -3193.8538 -2838.0522 3299.8992 3299.8992 3299.8992 3299.8992 3299.8992 3299.8992 3299.8992 3299.8992 3291.339 3275.6287 3259.9182 3244.107 3228.6987 3213.4917 3197.882 3182.9773 3167.9717 3152.9663 3137.7593 3011.0686 -1826.1383 3136.4502 3153.3691 3169.9858 3186.4014 3202.716 3219.1313 3235.3455 3251.4587 3267.572 3283.383 3299.1943 
3233.6333 3218.3257 3202.716 3187.8113 3172.6042 3157.3975 3141.8884 1025.9125 3141.3848 3158.1023 3174.8198 3191.2354 3207.6506 3223.8647 3240.28 3256.4941 3272.5066 3288.217 3299.8992 -3280.3618 -3264.5508 -3249.2432 -3234.2375 -3218.8293 -3203.8237 -3188.919 -3174.3164 -561.54785 3299.8992 3299.8992 3299.8992 3299.8992 3299.8992 3299.8992 3299.8992 3299.8992 3296.475 3280.5632 3264.7522 3249.0417 3233.432 3218.1243 3202.3132 3187.6099 3172.4028 3157.196 3141.7876 1328.1372 3139.7734 3156.491 3173.108 3189.7246 3205.9387 3222.2534 3238.4673 3254.5806 3270.6938 3286.7065 3299.8992 -3281.5703 -3266.2627 -3250.7537 -3235.7483 -3220.3398 -3205.2336 -3190.4297 -3175.827 -1394.7052 3299.8992 3299.8992 3299.8992 3299.8992 3299.8992 3299.8992 3299.8992 3299.8992 3297.7844 3281.8726 3266.162 3250.4517 3234.7412 3219.4336 3204.2266 3189.0198 3173.8127 3158.606 3143.1975 1824.8291 3138.162 3155.081 3171.698 3188.214 3204.6294 3220.8435 3237.1582 3253.2715 3269.284 3285.2966 3299.8992 -3283.1816 -3267.6726 -3252.1636 -3236.7554 -3221.6492 -3206.543 -3191.7388 -3177.0354 -1969.7479 3299.8992 3299.8992 3299.8992 3299.8992 3299.8992 3299.8992 3299.8992 3299.8992 3298.7915 3282.8796 3267.1692 3251.4587 3235.8489 3220.4407 3205.2336 3190.1274 3174.8198 3159.613 3144.3054 2141.3542 3137.5579 3154.4768 3171.1943 3187.7104 3204.126 3220.2393 3236.554 3252.7678 3268.6797 3284.793 3299.8992 -3283.786 -3268.1763 -3252.6672 -3237.1582 -3222.1526 -3207.0464 -3192.343 -3177.539 -2467.3462 3299.8992 3299.8992 3299.8992 3299.8992 3299.8992 3299.8992 3299.8992 3299.8992 3299.8992 3284.6924 3268.881 3253.1707 3237.561 3222.1526 3206.845 3191.6382 3176.532 3161.325 3145.9167 2519.412 3136.3494 3153.3691 3169.9858 3186.6028 3202.9175 3219.2322 3235.446 3251.6602 3267.7734 3283.6853 3299.4963 -3284.793 -3269.1833 -3253.6743 -3238.2659 -3223.059 -3208.0535 -3193.2495 -3178.4453 -2925.6682 3299.8992 3299.8992 3299.8992 3299.8992 3299.8992 3299.8992 3299.8992 3299.8992 3299.8992 3286.8071 3270.996 3255.1848 3239.4744 3224.0662 3208.8591 3193.5515 3178.4453 3163.2385 3147.931 2816.9036 3184.1858 3152.2612 3169.0796 3185.5957 3202.011 3218.225 3234.5398 3250.653 3266.7664 3282.7788 3298.59 -3285.8 
3220.2393 3205.435 3190.631 3175.7263 3161.4258 3147.0244 3132.6233 2589.0015 3126.48 3142.996 3159.4116 3175.827 3191.8396 3207.852 3223.8647 3239.5752 3255.3862 3271.1975 3286.6057 3299.8992 -3282.4768 -3267.1692 -3251.9622 -3236.856 -3221.7498 -3206.845 -3192.1416 -1958.9722 3299.8992 3299.8992 3299.8992 3299.8992 3299.8992 3299.8992 3299.8992 3298.7915 3283.2825 3267.7734 3252.365 3237.0574 3221.9512 3207.1472 3192.2424 3177.539 3163.037 3148.6357 3134.0332 2903.4119 3125.7751 3142.5933 3159.0088 3175.2227 3191.336 3207.3486 3223.2605 3239.1724 3254.8828 3270.3918 3286.1023 3299.8992 -3282.8796 -3267.7734 -3252.4658 -3237.3596 -3222.354 -3207.2478 -3192.4438 -2472.583 3299.8992 3299.8992 3299.8992 3299.8992 3299.8992 3299.8992 3299.8992 3299.8992 3284.5916 3269.0825 3253.5735 3238.3667 3223.2605 3208.3557 3193.451 3178.7476 3164.1448 3149.7437 3135.3423 3099.893 3124.768 3141.5862 3158.1023 3174.417 3190.3289 3206.4421 3222.354 3238.2659 3253.9763 3269.6868 3285.1958 3299.8992 -3283.8867 -3268.579 -3253.2715 -3238.2659 -3223.1597 -3208.1543 -3193.451 -3013.7878 3299.8992 3299.8992 3299.8992 3299.8992 3299.8992 3299.8992 3299.8992 3299.8992 3286.4043 3270.7947 3255.3862 3240.0786 3225.0732 3210.0676 3195.1628 3180.359 3165.9575 3151.4556 3137.0544 3118.7256 3124.768 3141.687 3158.1023 3174.417 3190.5303 3206.543 3222.354 3238.2659 3253.9763 3269.5862 3285.1958 3299.8992 -3283.786 -3268.3777 -3253.1707 -3238.1653 -3222.9583 -3207.953 -3193.35 -3178.6467 3299.8992 3299.8992 3299.8992 3299.8992 3299.8992 3299.8992 3299.8992 3299.8992 3288.6199 3273.0103 3257.6018 3242.2942 3227.188 3212.0818 3197.2778 3182.5745 3168.0725 3153.4697 3139.0686 3123.6602 3125.07 3141.8884 3158.4045 3174.7192 3190.8325 3206.845 3222.6562 3238.4673 3254.2786 3269.8882 3285.5986 3299.8992 -3283.484 -3268.1763 -3252.9692 -3237.7625 -3222.6562 -3207.7515 -3192.9473 -3178.244 3299.8992 3299.8992 3299.8992 3299.8992 3299.8992 3299.8992 3299.8992 3299.8992 3291.5405 3276.0315 3260.623 3245.2148 3230.1086 3214.801 3199.9968 3185.2935 3170.7915 3156.3904 3141.8884 3126.6814 3124.5667 3141.4856 3158.0017 3174.3164 3190.4297 3206.4421 3222.354 3238.1653 3253.9763 3269.6868 3285.1958 3299.8992 

3299.8992 -3279.8584 -3265.457 -3251.5593 -3236.856 -3222.8577 -3208.7585 -3194.2566 617.8436 3299.8992 3299.8992 3299.8992 3299.8992 3299.8992 3299.8992 3299.8992 3294.159 3279.5562 3264.7522 3250.1494 3235.3455 3221.1455 3206.7444 3191.2354 3177.942 3163.5405 3149.5422 2913.0798 -6.4453125 -2740.3655 3154.1748 3169.8853 3185.3943 3200.601 3216.211 3231.4177 3246.4233 3261.4287 3276.233 3291.0369 3299.8992 -3279.7576 -3265.7593 -3250.8545 -3237.2588 -3222.9583 -3208.96 -3194.9614 130.61829 3299.8992 3299.8992 3299.8992 3299.8992 3299.8992 3299.8992 3299.8992 3296.9788 3281.8726 3267.2698 3252.8687 3237.7625 3223.361 3209.6648 3194.1558 3180.661 3166.5618 3152.1606 2969.0735 146.83228 -2542.575 3154.9805 3170.4895 3186.099 3201.5076 3217.0166 3232.3242 3247.3296 3262.3352 3277.1392 3291.9434 3299.8992 -3278.8513 -3264.45 -3250.653 -3235.6475 -3221.5483 -3207.7515 -3193.753 -111.68518 3299.8992 3299.8992 3299.8992 3299.8992 3299.8992 3299.8992 3299.8992 3299.5972 3284.793 3270.0896 3255.0842 3240.6829 3226.181 3211.8804 3196.2708 3182.8765 3168.6768 3154.5776 3126.5808 516.12854 -2288.2874 3153.9734 3169.7844 3185.2935 3200.5005 3216.11 3231.2163 3246.3225 3261.2273 3276.132 3290.9363 3299.8992 -3279.8584 -3265.457 -3251.5593 -3236.7554 -3222.7568 -3208.6577 -3194.458 -491.25366 3299.8992 3299.8992 3299.8992 3299.8992 3299.8992 3299.8992 3299.8992 3299.8992 3286.1023 3271.4995 3256.6956 3241.9922 3227.5908 3212.7869 3198.285 3183.783 3169.9858 3155.7861 3136.4502 820.0653 -2104.193 3152.1606 3167.9717 3183.5815 3198.9897 3214.3982 3229.9072 3245.0134 3259.9182 3274.5208 3289.224 3299.8992 -3281.4697 -3266.9678 -3252.063 -3238.2659 -3224.1667 -3209.6648 -3195.9685 -799.01733 3299.8992 3299.8992 3299.8992 3299.8992 3299.8992 3299.8992 3299.8992 3299.8992 3286.4043 3271.6003 3257.199 3242.4956 3227.5908 3213.2903 3198.8892 3184.3872 3170.4895 3156.0881 3138.6658 1180.6 -1819.0887 3149.4414 3165.2527 3181.2651 3196.3713 3211.7798 3227.0874 3241.9922 3257.0984 3272.3052 3286.7065 
3281.1675 3265.9607 3250.8545 3236.0503 3220.944 3206.7444 3192.7458 3178.7476 3179.3518 3195.9685 3212.1826 3228.195 3244.2078 3259.8174 3275.2258 3290.8354 3299.8992 -3278.549 -3263.4429 -3248.538 -3233.7341 -3219.0308 -3204.5288 -3190.0269 -3175.525 -3161.2244 -3147.1252 -3133.2275 3299.8992 3299.8992 3299.8992 3299.8992 3299.8992 3299.8992 3299.8992 3299.8992 3299.8992 3299.8992 3299.8992 3296.475 3281.1675 3265.8599 3250.7537 3235.9497 3220.8435 3206.6436 3192.5444 3178.6467 3176.9348 3193.5515 3209.8662 3225.879 3241.69 3257.5012 3273.0103 3288.5193 3299.8992 -3280.8655 -3265.6584 -3250.8545 -3235.8489 -3221.1455 -3206.6436 -3192.1416 -3177.6396 -3163.339 -3149.1394 -3135.2417 3299.8992 3299.8992 3299.8992 3299.8992 3299.8992 3299.8992 3299.8992 3299.8992 3299.8992 3299.8992 3299.8992 3297.0793 3281.7717 3266.565 3251.358 3236.554 3221.5483 3207.3486 3193.1487 3179.1504 3174.9207 3191.5374 3207.852 3224.0662 3239.8772 3255.6885 3271.1975 3286.7065 3299.8992 -3282.7788 -3267.6726 -3252.5664 -3237.7625 -3222.9583 -3208.4563 -3193.8538 -3179.4524 -3165.0513 -3150.9521 -3136.853 3299.8992 3299.8992 3299.8992 3299.8992 3299.8992 3299.8992 3299.8992 3299.8992 3299.8992 3299.8992 3299.8992 3297.6836 3282.5774 3267.2698 3252.063 3237.1582 3222.052 3207.852 3193.8538 3179.7546 3173.6113 3190.2283 3206.543 3222.6562 3238.4673 3254.2786 3269.8882 3285.3972 3299.8992 -3284.0881 -3268.7805 -3253.8757 -3238.971 -3224.1667 -3209.6648 -3195.1628 -3180.661 -3166.2598 -3152.0598 -3138.0615 2199.06 3299.8992 3299.8992 3299.8992 3299.8992 3299.8992 3299.8992 3299.8992 3299.8992 3299.8992 3299.8992 3298.993 3283.6853 3268.579 3253.2715 3238.3667 3223.2605 3209.0605 3195.0623 3180.9631 3172.6042 3189.5232 3205.7373 3221.8506 3237.7625 3253.5735 3269.0825 3284.5916 3299.8992 -3284.6924 -3269.6868 -3254.6814 -3239.7766 -3224.9724 -3210.3699 -3195.767 -3181.5674 -3167.0654 -3152.8655 -3138.8672 87.31384 3299.8992 3299.8992 3299.8992 3299.8992 3299.8992 3299.8992 3299.8992 3299.8992 3299.8992 3299.8992 3299.8992 
-842.926 -1571.6492 -3271.298 -1895.3247 -222.46399 1805.6946 2922.0427 2908.85 2895.4558 2881.8604 2868.164 2851.7485 2701.7944 2491.919 2812.7747 2562.2131 1612.9395 2558.4868 2769.2688 2756.6802 2644.8943 2736.438 2725.2593 2713.1743 2701.1902 2684.674 1613.5437 -1145.5536 2696.2554 2721.6338 2744.2932 2765.2405 2785.0798 2804.1138 2822.7446 2840.7715 2858.5967 2876.0193 -3122.653 -1307.6935 -428.8147 -1284.6313 -3008.551 -1649.7986 116.41846 2056.256 2911.4685 2898.578 2885.083 2869.2717 2854.8706 2790.3167 2221.6187 1921.7102 2482.4524 2354.1504 1388.8641 2301.3794 2768.2617 2756.1768 2746.3074 2735.733 2724.8564 2712.57 2700.586 2687.6953 2259.384 -207.25708 2684.7747 2711.3616 2735.028 2756.5796 2776.8218 2796.0571 2814.8894 2833.2183 2851.0437 2868.567 2886.09 -2406.8206 -1342.7399 -1984.4513 2929.495 -2395.944 -486.31897 1503.6713 2931.1064 2918.3167 2904.9224 2891.327 2878.134 2863.2292 2837.0452 2602.9998 2822.4426 2675.1067 1657.0496 2414.6758 2776.6204 2763.6292 2752.954 2744.3938 2732.5103 2721.0295 2708.7432 2691.7236 1640.2313 -712.30774 2698.9746 2723.9502 2746.5088 2767.456 2787.1948 2806.2285 2824.7588 2842.7856 2860.6108 2878.134 -3089.4194 -1232.9681 -71.30127 -915.3351 -2889.6147 -1756.6498 76.84021 2013.3545 2910.0586 2897.2686 2884.076 2870.6816 2857.0862 2840.3687 1912.3444 1441.333 1851.5167 2035.1074 984.11865 1695.0165 2461.8071 2703.9092 2756.076 2748.12 2737.0422 2724.8564 2712.7715 2698.7732 2608.2366 622.6776 -3130.5083 2712.8723 2736.1357 2757.788 2778.131 2797.5676 2816.1987 2834.5276 2852.3528 2869.9768 2914.087 -2201.9805 -1719.9921 -2464.0227 2934.6313 -2704.9163 -700.5249 1331.0577 2939.566 2926.8767 2913.4827 2899.887 2885.9893 2870.3796 2789.1082 2405.4106 2832.9163 2816.7021 2112.2498 2624.0479 2782.965 2769.5708 2757.8887 2748.6235 2737.5457 2725.1587 2713.0737 2700.183 2292.819 302.52686 2694.644 2720.0225 2742.8833 2763.9312 2783.9722 2803.0059 2821.7375 2839.865 2857.6904 2875.2136 2896.3623 -2247.1985 
3299.8992 3299.8992 3299.8992 3299.8992 3299.8992 3299.8992 3299.8992 3299.8992 3299.8992 2722.3389 1424.9176 75.73242 -1250.3906 -2366.9402 -2776.6204 -2764.032 -2751.6448 -2739.4592 -2727.2734 -2715.2893 -2703.4058 -2413.0645 -2680.3435 -2668.7622 -2657.2815 -2646.2036 -2634.723 -2623.5442 -2612.5671 -2601.4893 -2566.04 -2239.3433 -1764.7064 -1307.4921 -433.44727 530.8319 2422.229 3299.8992 3299.8992 3299.8992 3299.8992 3299.8992 3299.8992 3299.8992 3299.8992 3299.8992 3299.8992 3299.8992 3299.8992 2695.1477 1365.802 33.9386 -1293.1915 -2370.0623 -2774.5056 -2761.8164 -2749.4292 -2737.2437 -2725.1587 -2713.1743 -2701.2908 -2035.9131 -2476.41 -2395.8435 -2428.8757 -2348.007 -2225.949 -2442.1692 -2619.113 -2608.0352 -2347.4028 -1902.0721 -1514.1449 -1082.4097 -574.942 407.76672 2032.489 3299.8992 3299.8992 3299.8992 3299.8992 3299.8992 3299.8992 3299.8992 3299.8992 3299.8992 3299.8992 3299.8992 3299.8992 2852.655 1734.6954 402.5299 -1017.85583 -2245.99 -2787.2954 -2774.5056 -2762.1184 -2749.832 -2737.5457 -2725.5615 -2713.678 -2482.3516 -2690.5151 -2678.9336 -2667.453 -2656.073 -2644.5923 -2633.1116 -2622.0337 -2611.0564 -2583.966 -2243.4722 -1840.9424 -1379.8004 -809.8938 99.60022 1945.4773 3299.8992 3299.8992 3299.8992 3299.8992 3299.8992 3299.8992 3299.8992 3299.8992 3299.8992 3299.8992 3299.8992 3299.8992 2955.8806 1598.6389 197.58911 -1373.7579 -2518.405 -2779.2388 -2766.751 -2754.1626 -2741.9768 -2729.7913 -2717.807 -2705.9233 -2357.373 -2682.962 -2671.3806 -2659.9 -2648.822 -2379.126 -2466.339 -2616.8975 -2605.9204 -2458.786 -2101.9775 -1729.4586 -1319.3756 -846.6522 -6.9488525 1667.8253 3299.8992 3299.8992 3299.8992 3299.8992 3299.8992 3299.8992 3299.8992 3299.8992 3299.8992 3299.8992 3299.8992 3299.8992 2968.0664 1576.3824 147.1344 -1141.8274 -2220.7122 -2776.117 -2763.5283 -2751.0405 -2738.5527 -2726.6692 -2714.4836 -2702.7007 -2479.3303 -2679.4373 -2667.9565 -2656.4758 -2645.398 -2632.5073 -2622.7385 -2611.7615 -2600.6836 -2589.7063 -2298.5596 -1953.0304 -1566.4124 -1102.9541 -256.7047 1303.4637 3299.8992 3299.8992 3299.8992 
-3271.4995 -3256.897 -3242.5964 -3228.296 -3214.3982 -3200.5005 -3185.9985 -3172.4028 3299.8992 3299.8992 3299.8992 3299.8992 3299.8992 3299.8992 3299.8992 3299.8992 3299.8992 3290.1306 3275.3264 3260.7239 3246.222 3231.72 3217.7214 3203.6223 3189.4226 3175.424 3161.6272 3142.7947 3146.9238 3162.9363 3178.6467 3194.2566 3209.4634 3224.6704 3239.7766 3254.782 3269.6868 3284.5916 3299.1943 -3286.1023 -3271.4995 -3257.0984 -3242.395 -3227.9937 -3214.1968 -3200.1982 -3185.797 -3172.1008 3299.8992 3299.8992 3299.8992 3299.8992 3299.8992 3299.8992 3299.8992 3299.8992 3299.8992 3293.2524 3278.65 3263.8457 3249.2432 3234.8418 3220.7427 3206.4421 3192.8467 3178.6467 3164.2456 3148.7366 -3179.7546 3164.2456 3179.7546 3195.3643 3210.6719 3225.9795 3240.7837 3256.0913 3270.996 3285.8 3299.8992 -3284.793 -3270.1904 -3255.6885 -3241.4885 -3227.0874 -3213.391 -3199.292 -3184.9915 -3171.1943 3299.8992 3299.8992 3299.8992 3299.8992 3299.8992 3299.8992 3299.8992 3299.8992 3299.8992 3295.5688 3280.8655 3266.2627 3251.9622 3237.3596 3223.059 3209.0605 3194.6594 3180.7617 3166.864 3151.4556 -1847.992 3162.2314 3177.7405 3193.35 3208.7585 3223.8647 3239.0715 3254.2786 3268.982 3283.786 3298.59 -3286.5051 -3272.1038 -3257.8032 -3243.0999 -3229.0007 -3214.4988 -3200.3997 -3186.8042 -3172.705 3299.8992 3299.8992 3299.8992 3299.8992 3299.8992 3299.8992 3299.8992 3299.8992 3299.8992 3296.7773 3281.7717 3266.9678 3252.6672 3238.2659 3223.5625 3209.3628 3195.6665 3181.668 3167.166 3152.0598 -935.4767 3160.2173 3175.9277 3191.4368 3206.845 3221.9512 3236.9568 3252.1636 3267.1692 3282.074 3296.7773 -3288.5193 -3273.9165 -3259.314 -3245.2148 -3230.713 -3216.9158 -3202.9175 -3188.516 -3174.8198 2391.6138 3299.8992 3299.8992 3299.8992 3299.8992 3299.8992 3299.8992 3299.8992 3299.8992 3296.3745 3281.4697 3266.867 3252.2644 3237.7625 3223.5625 3209.5642 3195.1628 3181.2651 3167.4683 3152.1606 -574.13635 3158.5051 3174.417 3190.1274 3205.2336 3220.4407 3235.5469 3250.653 3265.6584 3280.4626 3295.2666 -3290.0298 
-3285.0952 -3269.5862 -3254.5806 -3238.971 -3223.6633 -3208.7585 -3193.9543 -2983.676 3123.2573 3299.8992 3299.8992 3299.8992 3299.8992 3299.8992 3299.8992 3299.8992 3292.4468 3276.8372 3261.1267 3245.5168 3229.7058 3214.7002 3198.8892 3184.085 3169.1802 3153.8726 3138.8672 3083.6792 -1529.2511 3135.745 3152.765 3169.3816 3185.797 3202.2124 3218.527 3234.7412 3250.8545 3266.9678 3282.8796 3298.59 -3285.8 -3270.291 -3255.1848 -3239.6758 -3224.469 -3209.4634 -3194.5586 -3179.7546 2058.673 3299.8992 3299.8992 3299.8992 3299.8992 3299.8992 3299.8992 3299.8992 3296.2737 3280.4626 3264.6514 3249.0417 3233.5327 3218.225 3202.5146 3187.8113 3172.705 3157.5989 3142.2913 3123.3582 -801.4343 3135.0403 3152.0598 3168.7773 3185.092 3201.6082 3217.8223 3234.137 3250.2502 3266.3635 3282.2754 3298.0864 -3286.3037 -3270.6938 -3255.1848 -3240.0786 -3224.9724 -3210.0676 -3195.0623 -3180.5603 1631.8726 3299.8992 3299.8992 3299.8992 3299.8992 3299.8992 3299.8992 3299.8992 3297.3816 3281.7717 3266.0613 3250.4517 3234.7412 3219.4336 3204.3274 3189.3218 3174.0142 3158.8074 3143.4998 3127.89 -397.79663 3134.0332 3150.9521 3167.5688 3184.1858 3200.601 3216.9158 3233.13 3249.3438 3265.3564 3281.2683 3297.0793 -3287.3108 -3271.701 -3256.0913 -3240.8843 -3225.879 -3210.8733 -3195.9685 -3181.366 1186.1389 3299.8992 3299.8992 3299.8992 3299.8992 3299.8992 3299.8992 3299.8992 3298.6907 3282.7788 3267.2698 3251.5593 3235.9497 3220.5413 3205.3345 3190.3289 3175.0212 3159.915 3144.7083 3129.1992 150.55847 3132.1196 3149.0386 3165.6555 3182.1716 3198.587 3215.0024 3231.2163 3247.3296 3263.4429 3279.3547 3295.166 -3289.1235 -3273.5137 -3257.904 -3242.697 -3227.6917 -3212.5854 -3197.6807 -3182.9773 964.98413 3299.8992 3299.8992 3299.8992 3299.8992 3299.8992 3299.8992 3299.8992 3298.0864 3282.2754 3266.565 3250.8545 3235.3455 3219.937 3204.3274 3189.624 3174.5178 3159.4116 3144.3054 3128.9978 557.2174 3129.1992 3146.2188 3163.037 3179.5532 3195.868 3212.2832 3228.4973 3244.7112 3260.8245 3276.6357 3292.5476 
-3270.0896 -3254.5806 -3238.971 -3223.9653 -3208.96 -3194.2566 -3179.251 -3133.3281 3299.8992 3299.8992 3299.8992 3299.8992 3299.8992 3299.8992 3299.8992 3299.8992 3299.8992 3288.0156 3272.2046 3256.4941 3240.7837 3225.2747 3210.0676 3194.8608 3179.6538 3164.5476 3149.0386 3032.8215 -2946.2126 3151.1536 3167.7703 3184.4878 3200.8025 3217.218 3233.432 3249.5452 3265.7593 3281.6711 3297.4822 -3286.7065 -3271.1975 -3255.6885 -3240.0786 -3225.0732 -3209.967 -3195.1628 -3180.359 -3165.756 3299.8992 3299.8992 3299.8992 3299.8992 3299.8992 3299.8992 3299.8992 3299.8992 3299.8992 3290.1306 3274.3193 3258.609 3242.7979 3227.3894 3212.1826 3196.875 3181.668 3166.4612 3151.0527 3117.2148 -2541.9707 3151.1536 3167.9717 3184.5886 3201.004 3217.3186 3233.5327 3249.646 3265.7593 3281.7717 3297.583 -3286.6057 -3270.996 -3255.487 -3240.4814 -3224.9724 -3209.8662 -3194.9614 -3180.0566 -3165.454 3299.8992 3299.8992 3299.8992 3299.8992 3299.8992 3299.8992 3299.8992 3299.8992 3299.8992 3291.641 3275.83 3260.1196 3244.4092 3228.9001 3213.5925 3198.184 3183.078 3167.871 3152.5635 3133.429 -1916.9769 3150.0457 3166.6626 3183.2793 3199.594 3215.9087 3232.2234 3248.4375 3264.5508 3280.664 3296.3745 -3287.915 -3272.2046 -3256.7961 -3241.69 -3226.0803 -3210.974 -3196.17 -3181.2651 -3166.6626 3133.0261 3299.8992 3299.8992 3299.8992 3299.8992 3299.8992 3299.8992 3299.8992 3299.8992 3292.8496 3277.0386 3261.1267 3245.5168 3230.0078 3214.1968 3199.292 3184.1858 3168.8782 3153.6711 3138.0615 -957.0282 3147.0244 3163.8428 3180.359 3196.7742 3213.0889 3229.303 3245.6177 3261.8315 3277.6428 3293.5547 -3290.634 -3275.0244 -3259.4146 -3244.5098 -3228.7993 -3213.693 -3198.7883 -3183.9844 -3169.281 2164.92 3299.8992 3299.8992 3299.8992 3299.8992 3299.8992 3299.8992 3299.8992 3299.8992 3292.9504 3277.1392 3261.3281 3245.6177 3230.31 3214.3982 3199.3926 3184.2864 3169.281 3153.8726 3138.263 -578.2654 3145.413 3162.2314 3179.0496 3195.465 3211.5784 3227.9937 3244.2078 3260.4216 3276.4343 3292.2454 -3292.044 
-3283.786 -3268.3777 -3253.1707 -3237.9639 -3222.9583 -3207.953 -3193.1487 -3178.5461 3299.8992 3299.8992 3299.8992 3299.8992 3299.8992 3299.8992 3299.8992 3299.8992 3294.5618 3279.0527 3263.5437 3248.3367 3233.13 3217.9229 3202.9175 3188.214 3173.8127 3159.3108 3144.9097 3129.7026 -2823.8525 3141.8884 3158.4045 3174.8198 3191.034 3206.9458 3223.059 3238.87 3254.5806 3270.3918 3285.901 3299.8992 -3283.1816 -3267.874 -3252.6672 -3237.561 -3222.354 -3207.4492 -3192.4438 -3177.942 3299.8992 3299.8992 3299.8992 3299.8992 3299.8992 3299.8992 3299.8992 3299.8992 3296.878 3281.2683 3265.6584 3250.4517 3235.2446 3220.0378 3204.9316 3190.2283 3175.6255 3161.2244 3146.7224 3131.7168 -2080.2246 3141.7876 3158.4045 3174.7192 3190.8325 3206.9458 3222.8577 3238.7695 3254.5806 3270.291 3285.8 3299.8992 -3283.383 -3267.874 -3252.6672 -3237.561 -3222.354 -3207.55 -3192.6453 -3178.0425 3299.8992 3299.8992 3299.8992 3299.8992 3299.8992 3299.8992 3299.8992 3299.8992 3299.4963 3283.8867 3268.3777 3252.9692 3237.7625 3222.5554 3207.55 3192.7458 3178.244 3163.6414 3149.0386 3134.3352 -593.8751 3140.0757 3156.6924 3173.108 3189.2212 3205.2336 3221.2463 3237.0574 3252.7678 3268.579 3284.0881 3299.5972 -3284.793 -3269.4854 -3254.2786 -3238.971 -3223.9653 -3209.0605 -3194.1558 -3179.5532 2653.4546 3299.8992 3299.8992 3299.8992 3299.8992 3299.8992 3299.8992 3299.8992 3299.8992 3284.491 3269.0825 3253.473 3238.2659 3223.2605 3208.1543 3193.451 3178.8481 3164.3462 3149.8442 3135.1409 -63.546753 3139.0686 3155.7861 3172.1008 3188.4155 3204.428 3220.3398 3236.2517 3252.063 3267.7734 3283.383 3298.892 -3285.8 -3270.291 -3255.1848 -3239.8772 -3224.8718 -3209.7656 -3194.9614 -3180.359 1933.493 3299.8992 3299.8992 3299.8992 3299.8992 3299.8992 3299.8992 3299.8992 3299.8992 3285.1958 3269.7876 3254.2786 3239.0715 3223.9653 3208.8591 3194.1558 3179.4524 3164.9504 3150.4485 3135.846 599.0112 3137.86 3154.5776 3170.691 3187.0056 3202.9175 3219.0308 3234.8418 3250.8545 3266.464 3282.074 3297.583 

3299.8992 -3283.9873 -3269.4854 -3254.48 -3240.6829 -3226.2817 -3211.9812 -3198.4863 -1161.6669 3246.222 3299.8992 3299.8992 3299.8992 3299.8992 3299.8992 3299.8992 3299.8992 3286.5051 3271.701 3256.9976 3242.395 3227.4902 3213.2903 3198.6877 3184.3872 3170.3887 3156.2896 3141.0828 1412.1277 -1611.4288 3147.2258 3163.1377 3178.7476 3194.2566 3209.262 3224.6704 3239.978 3254.8828 3269.7876 3284.5916 3299.3958 -3286.4043 -3271.399 -3257.5012 -3242.4956 -3228.6987 -3214.3982 -3200.1982 -1621.2982 2780.0444 3299.8992 3299.8992 3299.8992 3299.8992 3299.8992 3299.8992 3299.8992 3287.5122 3272.708 3258.0046 3243.402 3228.9001 3214.1968 3199.594 3184.9915 3171.3958 3157.0952 3142.0898 1610.4218 -1500.2472 3146.521 3162.1306 3177.7405 3193.2495 3208.8591 3224.1667 3238.971 3254.0771 3269.1833 3283.786 3298.3887 -3287.0085 -3271.9023 -3258.1055 -3243.2007 -3229.2021 -3215.0024 -3201.1047 -1845.0714 2652.246 3299.8992 3299.8992 3299.8992 3299.8992 3299.8992 3299.8992 3299.8992 3288.217 3273.3123 3258.7097 3244.107 3229.5044 3215.103 3199.6948 3186.2 3172.1008 3157.6995 3143.399 1849.3011 -1267.6117 3145.0103 3160.922 3176.532 3191.9402 3207.4492 3222.6562 3237.6616 3252.7678 3267.572 3282.376 3297.3816 -3288.0156 -3273.5137 -3259.616 -3244.812 -3230.4106 -3216.3115 -3202.2124 -2272.3755 2184.0544 3299.8992 3299.8992 3299.8992 3299.8992 3299.8992 3299.8992 3299.8992 3289.9292 3275.2258 3260.321 3245.6177 3231.2163 3216.7144 3201.3062 3187.8113 3173.6113 3159.613 3145.2117 2169.2505 -860.5499 3282.5774 3158.3037 3174.417 3189.8254 3205.2336 3220.4407 3235.3455 3250.7537 3265.6584 3280.3618 3295.0652 -3290.1306 -3275.7292 -3261.8315 -3246.9268 -3232.6262 -3218.7285 -3204.7302 -2527.9724 1917.3798 3299.8992 3299.8992 3299.8992 3299.8992 3299.8992 3299.8992 3299.8992 3289.8284 3275.125 3260.321 3245.5168 3231.1157 3216.7144 3201.2053 3187.7104 3173.6113 3159.5122 3145.2117 2335.0159 -805.2612 3269.3848 3157.6995 3173.41 3188.919 3204.0251 3219.3328 3234.8418 3249.7466 3264.7522 3279.5562 
3285.498 3270.1904 3254.9834 3240.28 3224.9724 3210.7727 3196.5728 3182.4736 -3067.7673 3188.1133 3204.5288 3220.7427 3236.554 3252.365 3267.9749 3283.484 3298.892 -3285.8 -3270.6938 -3255.789 -3240.7837 -3226.0803 -3211.377 -3196.875 -3182.4736 -3167.9717 -3153.6711 -3139.6729 -1615.5579 3299.8992 3299.8992 3299.8992 3299.8992 3299.8992 3299.8992 3299.8992 3299.8992 3299.8992 3299.8992 3299.8992 3287.3108 3271.9023 3256.5947 3241.8914 3226.5837 3212.2832 3198.184 3184.085 -349.5575 3187.4084 3203.8237 3219.937 3235.9497 3251.6602 3267.2698 3282.7788 3298.1873 -3286.5051 -3271.399 -3256.3933 -3241.4885 -3226.6846 -3212.0818 -3197.4792 -3183.078 -3168.7773 -3154.5776 -3140.4785 -2727.4749 3299.8992 3299.8992 3299.8992 3299.8992 3299.8992 3299.8992 3299.8992 3299.8992 3299.8992 3299.8992 3299.8992 3289.0227 3273.816 3258.5083 3243.6035 3228.3965 3214.2974 3199.9968 3185.8977 1679.7089 3186.8042 3203.3203 3219.4336 3235.3455 3251.056 3266.7664 3282.2754 3297.6836 -3287.0085 -3271.9023 -3256.7961 -3241.9922 -3227.188 -3212.4846 -3197.882 -3183.5815 -3169.1802 -3154.9805 -3140.982 -3127.0842 3299.8992 3299.8992 3299.8992 3299.8992 3299.8992 3299.8992 3299.8992 3299.8992 3299.8992 3299.8992 3299.8992 3290.9363 3275.6287 3260.321 3245.4163 3230.31 3216.0095 3201.8096 3187.8113 2967.6636 3185.9985 3202.5146 3218.628 3234.6404 3250.3508 3266.0613 3281.4697 3296.878 -3287.7136 -3272.6074 -3257.6018 -3242.5964 -3227.893 -3213.2903 -3198.6877 -3184.1858 -3169.7844 -3155.5847 -3141.4856 -3127.6885 3299.8992 3299.8992 3299.8992 3299.8992 3299.8992 3299.8992 3299.8992 3299.8992 3299.8992 3299.8992 3299.8992 3292.4468 3277.24 3261.8315 3246.8262 3231.72 3217.4194 3203.3203 3189.1204 3174.6184 3184.8906 3201.5076 3217.7214 3233.7341 3249.4446 3265.155 3280.664 3296.0723 -3288.6199 -3273.413 -3258.5083 -3243.5027 -3228.6987 -3214.3982 -3199.3926 -3184.9915 -3170.59 -3156.3904 -3142.2913 -3128.4941 3299.8992 3299.8992 3299.8992 3299.8992 3299.8992 3299.8992 3299.8992 3299.8992 3299.8992 3299.8992 3299.8992 
-930.3406 -1592.6971 -2899.0813 -1802.0691 14.602661 1786.4594 2922.5464 2909.555 2896.3623 2882.8674 2869.1711 2852.8564 2709.9517 2254.4495 2414.3738 2727.4749 860.75134 1255.1239 2143.872 2551.538 2686.1846 2751.947 2740.4663 2729.3884 2717.3035 2704.2114 2370.465 468.89648 -3059.8113 2717.505 2740.567 2761.8164 2781.958 2801.193 2819.8242 2837.9517 2855.7769 2873.5015 2891.0247 -2307.7239 -764.6759 -1502.362 2929.0923 -2775.9155 -1555.838 455.0995 2172.3723 2932.9192 2919.7266 2906.0303 2892.334 2875.9185 2633.7158 2104.495 2256.3628 2657.08 1600.0488 1867.0258 2801.6968 2788.0005 2776.9226 2766.0461 2754.5654 2742.279 2729.9927 2717.102 2494.9402 691.4612 -2668.6614 2725.763 2748.523 2769.4702 2789.3096 2808.3435 2826.8738 2844.9004 2862.9272 2880.3496 2897.5708 -2681.8542 -890.0574 -1368.5211 2938.156 -2855.8777 -828.4241 1174.1547 2944.7021 2931.61 2918.1152 2904.6204 2890.7227 2876.9255 2858.5967 2493.228 2671.1792 2821.1333 2093.1152 2050.415 2660.907 2776.419 2198.1536 2758.493 2747.9187 2735.9343 2723.9502 2711.261 2504.9102 787.93945 -2435.0188 2719.3176 2742.3796 2763.5283 2783.5693 2802.8044 2821.5361 2839.6636 2857.489 2875.1128 2892.8374 -2397.2534 -620.3613 -1095.7031 3128.9978 -2819.3206 -893.68286 1002.5482 2620.12 2923.755 2910.3606 2896.6643 2881.4575 2866.3513 2689.6086 2115.573 2149.411 2817.3064 1986.3647 1882.9376 2690.8171 2775.714 2763.9312 2755.8745 2744.1924 2732.7117 2720.7275 2707.736 2682.8613 1248.5779 -1949.0021 2709.7502 2733.7188 2755.371 2775.8147 2795.453 2814.0837 2832.4126 2850.3386 2868.0632 2885.385 -3203.2195 -1425.5219 -1654.834 2932.4158 -3150.9521 -1240.2191 758.73413 2377.5146 2933.8257 2920.7336 2907.138 2893.643 2879.8462 2863.8335 2802.8044 2834.6282 2823.2483 2332.196 1933.0902 2553.0486 2777.0232 2765.6433 2757.2844 2746.106 2733.9202 2721.8352 2708.9446 2546.9055 965.38696 -1936.1115 2713.3757 2736.9414 2758.493 2778.7354 2798.1719 2817.0044 2835.2324 2853.1584 2870.7825 2892.7368 -2331.8938 
3299.8992 3299.8992 3299.8992 3299.8992 3299.8992 3299.8992 3299.8992 3299.8992 3299.8992 3204.7302 1866.2201 522.37244 -846.3501 -2052.7312 -2769.6716 -2756.9824 -2744.5952 -2732.3088 -2720.2239 -2708.3403 -2696.3562 -2567.1477 -2673.0925 -2661.4104 -2650.232 -2626.2634 -2527.066 -2614.8833 -2606.3232 -2595.346 -2262.6067 -1916.9769 -1583.1299 -1202.7557 -785.9253 102.21863 1561.377 3299.8992 3299.8992 3299.8992 3299.8992 3299.8992 3299.8992 3299.8992 3299.8992 3299.8992 3299.8992 3299.8992 3299.8992 3234.137 1995.1263 687.53357 -632.7484 -1723.6176 -2774.9084 -2766.2476 -2753.8604 -2741.6748 -2729.2876 -2717.3035 -2705.319 -2497.1558 -2682.0557 -2622.8394 -2651.4404 -2640.2617 -2594.4397 -2625.9612 -2614.682 -2603.8054 -2589.9077 -2320.816 -2283.4534 -1821.9086 -1241.5283 -354.6936 1080.2948 3299.8992 3299.8992 3299.8992 3299.8992 3299.8992 3299.8992 3299.8992 3299.8992 3299.8992 3299.8992 3299.8992 3299.8992 3299.8992 2349.6184 912.1124 -546.44165 -1766.6199 -2775.6133 -2763.025 -2750.537 -2738.2507 -2726.065 -2714.0808 -2702.1973 -2690.1123 -2678.6316 -2667.05 -2655.5693 -2644.4915 -2632.9102 -2621.8323 -2610.7544 -2599.777 -2588.8 -2390.6067 -1992.7094 -1552.414 -760.34546 3.1219482 1290.0696 3299.8992 3299.8992 3299.8992 3299.8992 3299.8992 3299.8992 3299.8992 3299.8992 3299.8992 3299.8992 3299.8992 3299.8992 3104.0222 1860.1776 560.6415 -784.5154 -2037.9272 -2770.4773 -2757.788 -2745.3003 -2733.2153 -2721.0295 -2709.0454 -2697.061 -2682.257 -2673.8982 -2409.439 -2359.085 -2369.5586 -2337.332 -2460.6995 -2612.0635 -2600.9856 -2526.361 -2219.806 -1937.2192 -1605.9906 -1168.0115 -422.4701 513.1073 2747.3145 3299.8992 3299.8992 3299.8992 3299.8992 3299.8992 3299.8992 3299.8992 3299.8992 3299.8992 3299.8992 3299.8992 3299.8992 2494.336 1161.7676 -175.53406 -1322.1954 -2470.8708 -2764.7368 -2752.249 -2739.9626 -2727.6763 -2715.6921 -2703.8086 -2691.7236 -2680.142 -2666.5466 -2657.08 -2646.0022 -2634.622 -2623.3428 -2612.265 -2601.2878 -2590.4114 -2434.8174 -2034.4025 -1633.3832 -1123.1964 -401.82495 828.32336 3104.425 3299.8992 3299.8992 
-3275.5278 -3261.026 -3246.4233 -3232.3242 -3217.7214 -3203.6223 -3190.0269 -3176.0283 1188.3545 3299.8992 3299.8992 3299.8992 3299.8992 3299.8992 3299.8992 3299.8992 3299.8992 3298.0864 3283.383 3268.4783 3253.8757 3239.5752 3225.0732 3210.6719 3197.0764 3182.9773 3168.576 3153.5706 238.47656 3157.5989 3173.108 3188.919 3204.2266 3219.5342 3234.6404 3249.7466 3264.6514 3279.4556 3294.3604 -3291.0369 -3276.3335 -3261.8315 -3247.6318 -3233.13 -3219.3328 -3205.2336 -3190.933 -3177.1362 227.09656 3299.8992 3299.8992 3299.8992 3299.8992 3299.8992 3299.8992 3299.8992 3299.8992 3298.7915 3283.9873 3269.3848 3254.8828 3240.1794 3226.0803 3211.9812 3197.5798 3183.6821 3169.7844 3154.779 1086.6394 3155.081 3170.7915 3186.502 3201.8096 3217.1172 3232.4248 3247.531 3262.2344 3277.24 3291.9434 3299.8992 -3278.65 -3264.2485 -3249.646 -3235.446 -3220.944 -3206.845 -3193.2495 -3179.0496 -749.3683 3299.8992 3299.8992 3299.8992 3299.8992 3299.8992 3299.8992 3299.8992 3299.8992 3299.5972 3284.8938 3270.291 3255.5876 3241.1865 3226.4832 3212.5854 3198.0835 3184.085 3170.4895 3155.3833 1779.4098 3152.765 3168.576 3184.085 3199.594 3214.9016 3230.0078 3245.114 3260.1196 3275.2258 3289.8284 3299.8992 -3280.8655 -3266.3635 -3251.6602 -3237.0574 -3223.2605 -3209.1614 -3194.76 -3180.9631 -1547.58 3299.8992 3299.8992 3299.8992 3299.8992 3299.8992 3299.8992 3299.8992 3299.8992 3299.5972 3284.6924 3270.0896 3255.3862 3240.985 3226.6846 3212.5854 3198.587 3184.4878 3170.691 3155.6853 2455.3618 3150.247 3166.0583 3181.5674 3196.9756 3212.2832 3227.3894 3242.4956 3257.7026 3272.708 3287.5122 3299.8992 -3283.2825 -3268.881 -3254.1777 -3239.7766 -3225.476 -3211.5784 -3197.177 -3183.5815 -1903.482 3299.8992 3299.8992 3299.8992 3299.8992 3299.8992 3299.8992 3299.8992 3299.8992 3298.6907 3283.8867 3268.881 3254.2786 3239.8772 3225.6775 3211.4775 3197.2778 3183.6821 3169.281 3154.5776 2269.1528 3150.8513 3166.9646 3182.675 3197.7812 3213.1897 3228.296 3243.402 3258.4075 3273.2117 3288.1165 3299.8992 
-3291.742 -3276.233 -3261.1267 -3245.4163 -3230.2092 -3215.103 -3200.299 -3185.4949 107.455444 3299.8992 3299.8992 3299.8992 3299.8992 3299.8992 3299.8992 3299.8992 3299.1943 3283.383 3267.7734 3252.063 3236.554 3221.2463 3205.3345 3190.631 3175.7263 3160.4187 3145.2117 3130.005 1054.01 3127.185 3144.2046 3160.922 3177.539 3193.9543 3210.269 3226.5837 3242.697 3258.7097 3274.7222 3290.634 3299.8992 -3278.1462 -3262.9395 -3247.3296 -3232.1228 -3216.9158 -3201.9104 -3187.207 -509.88464 3299.8992 3299.8992 3299.8992 3299.8992 3299.8992 3299.8992 3299.8992 3299.8992 3284.5916 3268.881 3252.9692 3237.4602 3222.052 3206.3416 3191.5374 3176.532 3161.4258 3146.2188 3130.9111 1378.3905 3126.0771 3143.097 3159.915 3176.4312 3193.048 3209.1614 3225.476 3241.5894 3257.8032 3273.715 3289.627 3299.8992 -3278.952 -3263.4429 -3248.1353 -3233.029 -3217.9229 -3203.018 -3188.214 -592.96875 3299.8992 3299.8992 3299.8992 3299.8992 3299.8992 3299.8992 3299.8992 3299.3958 3283.786 3268.0754 3252.2644 3236.7554 3221.2463 3206.2407 3191.1345 3175.827 3160.7207 3145.6145 3130.307 1776.7914 3123.761 3140.277 3157.0952 3173.6113 3190.1274 3206.3416 3222.6562 3238.971 3254.9834 3270.996 3286.908 3299.8992 -3281.7717 -3266.0613 -3250.7537 -3235.6475 -3220.5413 -3205.536 -3190.8325 -1418.4723 3299.8992 3299.8992 3299.8992 3299.8992 3299.8992 3299.8992 3299.8992 3299.8992 3285.2966 3269.4854 3253.6743 3238.1653 3222.7568 3207.6506 3192.5444 3177.2368 3162.1306 3147.0244 3131.7168 2167.035 -3033.3252 3138.565 3155.3833 3171.8994 3188.4155 3204.7302 3221.045 3237.3596 3253.372 3269.284 3285.1958 3299.8992 -3283.2825 -3267.6726 -3252.365 -3237.3596 -3222.1526 -3207.0464 -3192.343 -1785.1501 3299.8992 3299.8992 3299.8992 3299.8992 3299.8992 3299.8992 3299.8992 3299.8992 3285.498 3269.6868 3253.9763 3238.3667 3222.9583 3207.2478 3192.5444 3177.539 3162.5334 3147.3267 3132.1196 2467.044 -2702.3987 3136.6516 3153.4697 3170.0867 3186.6028 3202.9175 3219.1313 3235.5469 3251.6602 3267.572 3283.484 
-3276.233 -3260.7239 -3245.819 -3230.1086 -3215.0024 -3199.9968 -3185.092 -3170.59 1413.8397 3299.8992 3299.8992 3299.8992 3299.8992 3299.8992 3299.8992 3299.8992 3299.8992 3293.9575 3278.0457 3262.1338 3246.6248 3231.015 3215.2039 3200.299 3185.1929 3169.9858 3154.779 3139.27 229.61426 3142.694 3159.613 3176.2297 3192.7458 3209.1614 3225.2747 3241.388 3257.7026 3273.6145 3289.627 3299.8992 -3278.952 -3263.2415 -3248.3367 -3232.6262 -3217.52 -3202.5146 -3187.7104 -3173.007 688.33923 3299.8992 3299.8992 3299.8992 3299.8992 3299.8992 3299.8992 3299.8992 3299.8992 3293.6553 3277.8442 3262.033 3246.3225 3230.8135 3215.103 3200.0977 3185.1929 3169.8853 3154.5776 3139.27 933.86536 3139.3706 3156.3904 3172.9065 3189.2212 3205.7373 3221.9512 3238.2659 3254.2786 3270.3918 3286.4043 3299.8992 -3282.074 -3266.565 -3250.955 -3235.9497 -3220.642 -3205.6365 -3190.7317 -3176.1292 -39.678955 3299.8992 3299.8992 3299.8992 3299.8992 3299.8992 3299.8992 3299.8992 3299.8992 3292.9504 3277.1392 3261.3281 3245.7183 3230.1086 3214.801 3199.594 3184.3872 3169.281 3153.9734 3138.565 1133.0658 3137.86 3154.779 3171.3958 3187.9119 3204.2266 3220.4407 3236.7554 3252.8687 3268.881 3284.793 3299.8992 -3283.5845 -3267.9749 -3252.365 -3237.2588 -3222.1526 -3207.0464 -3192.1416 -3177.4382 -967.1997 3299.8992 3299.8992 3299.8992 3299.8992 3299.8992 3299.8992 3299.8992 3299.8992 3294.7632 3278.952 3263.1409 3247.4304 3231.8206 3216.6138 3201.2053 3186.2 3170.993 3155.7861 3140.3777 1882.5348 3135.5437 3152.362 3169.0796 3185.4949 3202.011 3218.225 3234.439 3250.5522 3266.7664 3282.6782 3298.4893 -3285.8 -3270.1904 -3254.5806 -3239.273 -3224.3682 -3209.1614 -3194.2566 -3179.5532 -1465.2008 3299.8992 3299.8992 3299.8992 3299.8992 3299.8992 3299.8992 3299.8992 3299.8992 3294.5618 3278.7505 3262.9395 3247.229 3231.5186 3216.3115 3201.1047 3185.8977 3170.7915 3155.5847 3140.1763 2202.0813 3133.5295 3150.4485 3167.166 3183.5815 3199.9968 3216.3115 3232.5256 3248.7395 3264.7522 3280.7646 3296.576 
-3286.8071 -3271.701 -3256.2927 -3241.1865 -3226.0803 -3211.0747 -3196.17 -3181.4666 586.4227 3299.8992 3299.8992 3299.8992 3299.8992 3299.8992 3299.8992 3299.8992 3299.8992 3286.908 3271.298 3255.9905 3240.6829 3225.5767 3210.4705 3195.767 3181.0637 3166.5618 3152.0598 3137.4573 1672.5586 3135.6445 3152.2612 3168.6768 3184.79 3200.9033 3216.8152 3232.727 3248.4375 3264.2485 3279.8584 3295.5688 -3289.1235 -3273.6145 -3258.4075 -3243.2007 -3228.195 -3213.0889 -3198.184 -3183.4807 -128.80554 3299.8992 3299.8992 3299.8992 3299.8992 3299.8992 3299.8992 3299.8992 3299.8992 3286.6057 3271.0967 3255.6885 3240.4814 3225.2747 3210.3699 3195.3643 3180.8623 3166.2598 3151.7578 3137.155 2411.1511 3132.1196 3148.8372 3165.2527 3181.366 3197.4792 3213.4917 3229.4036 3245.114 3260.8245 3276.535 3292.044 -3292.4468 -3276.9377 -3261.6301 -3246.524 -3231.4177 -3216.3115 -3201.4067 -3186.7034 -1084.2224 3299.8992 3299.8992 3299.8992 3299.8992 3299.8992 3299.8992 3299.8992 3299.8992 3286.0015 3270.4924 3254.9834 3239.6758 3224.469 3209.5642 3194.76 3180.1575 3165.6555 3151.1536 3136.6516 2673.8982 3130.005 3146.823 3163.1377 3179.3518 3195.465 3211.4775 3227.2888 3242.9993 3258.9111 3274.5208 3290.2312 -3294.461 -3278.952 -3263.6443 -3248.3367 -3233.2305 -3218.225 -3203.3203 -3188.617 -2130.5786 3299.8992 3299.8992 3299.8992 3299.8992 3299.8992 3299.8992 3299.8992 3299.8992 3287.3108 3271.701 3256.2927 3240.985 3225.9795 3210.7727 3195.9685 3181.2651 3166.7632 3152.2612 3137.7593 3012.8813 3128.4941 3145.111 3161.5264 3177.942 3194.0552 3210.0676 3225.9795 3241.7908 3257.5012 3273.2117 3288.8213 3299.8992 -3280.3618 -3265.0542 -3249.8474 -3234.5398 -3219.4336 -3204.6294 -3189.7246 -2249.3132 3299.8992 3299.8992 3299.8992 3299.8992 3299.8992 3299.8992 3299.8992 3299.8992 3286.908 3271.298 3255.89 3240.6829 3225.476 3210.3699 3195.465 3180.9631 3166.4612 3152.0598 3137.4573 3121.9482 3128.595 3145.413 3161.7278 3178.244 3194.3572 3210.269 3226.2817 3242.0928 3257.8032 3273.413 3289.0227 

3294.058 -3291.1377 -3277.0386 -3262.1338 -3248.236 -3233.7341 -3219.635 -3205.536 -2839.563 1447.0734 3299.8992 3299.8992 3299.8992 3299.8992 3299.8992 3299.8992 3299.8992 3291.5405 3277.24 3262.033 3247.3296 3232.727 3218.4265 3203.9246 3189.4226 3175.6255 3161.5264 3146.823 2494.9402 -622.879 -3123.1567 3157.498 3172.9065 3188.4155 3203.8237 3219.0308 3234.2375 3249.1423 3264.2485 3279.3547 3293.8567 -3291.641 -3276.9377 -3261.9324 -3248.236 -3233.7341 -3219.5342 -3205.435 -2991.7327 1228.537 3299.8992 3299.8992 3299.8992 3299.8992 3299.8992 3299.8992 3299.8992 3293.051 3278.3477 3263.5437 3248.7395 3234.2375 3219.937 3205.3345 3190.933 3177.1362 3163.037 3148.7366 2761.1113 -266.87622 -2867.459 3155.484 3171.1943 3186.502 3201.9104 3217.4194 3232.3242 3247.4304 3262.2344 3277.24 3291.8425 3299.8992 -3278.7505 -3263.8457 -3250.0488 -3235.446 -3221.2463 -3207.55 -3159.3108 683.30383 3299.8992 3299.8992 3299.8992 3299.8992 3299.8992 3299.8992 3299.8992 3294.6624 3280.2612 3265.457 3250.8545 3235.7483 3221.4478 3207.0464 3192.4438 3178.3447 3164.0442 3149.945 2955.8806 115.008545 -2653.5552 3153.6711 3169.1802 3184.8906 3199.9968 3215.4053 3230.5115 3245.9197 3260.5225 3275.4272 3290.4326 3299.8992 -3280.4626 -3265.5579 -3251.7607 -3237.4602 -3223.2605 -3208.96 -3194.5586 568.6981 3299.8992 3299.8992 3299.8992 3299.8992 3299.8992 3299.8992 3299.8992 3294.3604 3279.657 3264.9536 3250.1494 3235.0432 3221.2463 3205.6365 3192.4438 3178.244 3164.0442 3149.7437 2980.8562 110.07385 -2627.2705 3153.1677 3168.9788 3184.4878 3199.7954 3215.0024 3230.4106 3245.5168 3260.4216 3275.125 3290.0298 3299.8992 -3280.664 -3266.867 -3251.8616 -3237.7625 -3223.361 -3209.262 -3195.465 70.89844 3299.8992 3299.8992 3299.8992 3299.8992 3299.8992 3299.8992 3299.8992 3296.576 3281.8726 3267.1692 3252.5664 3237.9639 3223.462 3207.953 3194.5586 3180.359 3166.0583 3151.7578 3049.4385 262.54578 -2497.3572 3153.3691 3169.1802 3184.79 3200.1982 3215.808 3231.015 3246.121 3260.7239 3275.5278 3290.4326 3299.8992 -3280.1604 -3266.3635 -3251.2573 -3237.0574 -3223.059 -3208.6577 -3194.76 -230.41992 3299.8992 3299.8992 3299.8992 3299.8992 3299.8992 3299.8992 3299.8992 3299.1943 3284.491 3269.7876 
3294.159 3278.7505 3263.4429 3248.4375 3233.2305 3218.93 3204.7302 3190.631 3176.3306 3183.9844 3200.5005 3216.7144 3232.727 3248.4375 3264.2485 3279.7576 3295.0652 -3289.627 -3274.2188 -3259.314 -3244.3083 -3229.605 -3215.0024 -3200.299 -3185.797 -3171.3958 -3157.196 -3143.097 -3129.1992 3299.8992 3299.8992 3299.8992 3299.8992 3299.8992 3299.8992 3299.8992 3299.8992 3299.8992 3299.8992 3299.8992 3295.8708 3280.5632 3265.2556 3250.1494 3234.9426 3220.642 3206.3416 3192.2424 3178.1433 3183.1787 3199.7954 3216.0095 3232.022 3247.8333 3263.5437 3279.0527 3294.461 -3290.1306 -3274.9236 -3260.0188 -3244.9126 -3230.2092 -3215.6067 -3200.8025 -3186.502 -3172.1008 -3157.901 -3143.7012 -3129.904 3299.8992 3299.8992 3299.8992 3299.8992 3299.8992 3299.8992 3299.8992 3299.8992 3299.8992 3299.8992 3299.8992 3297.583 3282.2754 3267.0684 3251.9622 3236.6545 3222.354 3208.0535 3194.0552 3179.956 3182.4736 3199.292 3215.4053 3231.3171 3247.3296 3262.8386 3278.549 3293.9575 -3290.8354 -3275.6287 -3260.5225 -3245.6177 -3230.8135 -3216.211 -3201.4067 -3187.0056 -3172.5037 -3158.4045 -3144.3054 -3130.4077 3299.8992 3299.8992 3299.8992 3299.8992 3299.8992 3299.8992 3299.8992 3299.8992 3299.8992 3299.8992 3299.8992 3298.993 3283.6853 3268.3777 3253.372 3237.9639 3223.5625 3209.3628 3195.1628 3181.1646 3181.366 3197.9827 3214.1968 3230.2092 3246.121 3261.8315 3277.24 3292.8496 3299.8992 -3276.6357 -3261.5295 -3246.6248 -3231.8206 -3217.1172 -3202.4138 -3188.0127 -3173.5107 -3159.3108 -3145.2117 -3131.314 3299.8992 3299.8992 3299.8992 3299.8992 3299.8992 3299.8992 3299.8992 3299.8992 3299.8992 3299.8992 3299.8992 3299.8992 3285.1958 3269.989 3254.5806 3239.4744 3225.0732 3210.6719 3196.5728 3182.5745 3180.4595 3197.0764 3213.391 3229.5044 3245.3154 3261.026 3276.7363 3292.1448 3299.8992 -3277.4414 -3262.2344 -3247.3296 -3232.5256 -3217.6208 -3203.2195 -3188.617 -3174.2156 -3160.0159 -3145.9167 -3132.019 3299.8992 3299.8992 3299.8992 3299.8992 3299.8992 3299.8992 3299.8992 3299.8992 3299.8992 3299.8992 3299.8992 3299.8992 3286.7065 3271.399 3256.2927 3240.985 3226.6846 3212.2832 3198.184 3184.085 3179.6538 3196.2708 3212.5854 3228.598 3244.5098 3260.2202 3275.83 3291.339 3299.8992 -3278.1462 -3263.04 
-496.5912 -636.0718 3224.0662 -3038.7634 -1035.8826 796.1975 2319.104 2919.5251 2906.433 2893.0388 2879.4434 2863.733 2229.1716 1529.5532 1611.1267 2219.9065 1556.4423 1041.7236 1960.4828 2547.6104 2708.5417 2770.175 2759.5 2747.415 2735.431 2722.5403 2707.6355 1811.8378 -1040.1123 2714.987 2738.3513 2760.0037 2780.3467 2799.7832 2818.515 2836.8438 2854.7698 2872.4944 2889.917 -3023.1536 -1979.3152 -1852.0203 2939.7673 2996.768 -1694.7144 305.5481 2073.88 2947.9248 2934.6313 2921.1365 2907.3394 2893.744 2875.9185 2660.1013 2850.238 2839.7644 2712.4695 2081.6345 2764.334 2788.202 2775.714 2767.0532 2755.673 2744.1924 2732.1074 2719.1162 2701.895 1512.1307 -1967.8345 2720.1233 2743.2861 2764.6362 2784.375 2803.711 2822.4426 2840.7715 2858.3953 2876.0193 2893.341 -3219.8364 -1462.5824 -1161.0626 -3195.9685 -2734.4238 -733.75854 1098.1201 2667.3523 2929.193 2916.0002 2902.4048 2888.809 2875.1128 2859.1003 2757.083 2621.7314 2819.6228 1839.7339 985.6293 1845.4742 2457.1746 2489.804 2761.5142 2753.659 2741.7754 2730.0933 2717.3035 2700.485 1628.3478 -921.37756 2710.153 2734.1216 2755.9753 2776.419 2795.9563 2814.8894 2833.2183 2851.1443 2868.869 2886.1907 -3265.0542 -1505.3833 -1041.1194 2930.2002 3161.4258 -2367.9473 -462.55188 1362.9822 2948.3276 2935.5376 2922.0427 2908.3464 2893.4417 2877.4292 2705.9233 2588.5986 2840.2678 2785.0798 1786.7615 2803.4087 2791.928 2778.836 2768.9666 2758.09 2745.8037 2733.7188 2721.0295 2705.8228 2044.1711 -482.69348 2708.139 2732.3088 2754.4646 2775.009 2794.5464 2813.278 2831.8083 2849.8352 2867.5598 2884.7808 3203.3203 -1676.6876 -1000.63477 2930.3008 2990.4236 -1768.634 83.28552 2463.1165 2938.156 2924.8625 2911.3677 2897.5708 2883.7737 2867.0562 2708.2397 2579.0312 2829.5928 2790.7195 1761.383 2112.3503 2639.2546 1937.0178 2268.3472 2755.8745 2744.998 2733.1145 2720.4253 2704.01 1761.4838 -488.73596 2708.3403 2732.611 2754.5654 2775.1099 2794.6472 2813.681 2832.0098 2849.9358 2867.6604 2885.083 3181.5674 -1744.4641 -739.1968 3018.4204 2949.7375 -1991.9037 -133.94165 1604.3793 2943.3928 2929.898 2916.7053 2902.9082 2886.6943 2871.1853 2533.7126 2345.0867 2824.8596 2816.2993 1951.6205 2265.326 2789.1082 
3299.8992 3299.8992 3299.8992 3299.8992 3299.8992 3299.8992 3299.8992 3299.8992 3299.8992 3299.8992 2329.4768 991.0675 -691.15906 -1943.4631 -2771.585 -2758.8958 -2746.5088 -2734.2224 -2722.1375 -2710.153 -2698.169 -2686.6882 -2674.8047 -2654.7637 -2638.449 -2590.512 -2197.1465 -2285.3667 -2378.5217 -2595.5474 -2345.691 -1936.5143 -1611.731 -1329.1443 -979.08325 -293.36243 805.2612 3017.0105 3299.8992 3299.8992 3299.8992 3299.8992 3299.8992 3299.8992 3299.8992 3299.8992 3299.8992 3299.8992 3299.8992 3299.8992 2388.0889 1057.2327 -272.61658 -1464.3951 -2209.9365 -2772.7935 -2760.1042 -2747.7173 -2735.5315 -2723.4465 -2711.563 -2699.478 -2687.8967 -2654.3608 -2662.8203 -2616.7969 -2550.0273 -2587.088 -2620.7244 -2609.7473 -2598.5686 -2587.6921 -2385.6719 -1920.5017 -1351.6022 -727.61536 290.24048 2460.2966 3299.8992 3299.8992 3299.8992 3299.8992 3299.8992 3299.8992 3299.8992 3299.8992 3299.8992 3299.8992 3299.8992 3299.8992 2651.9438 1250.592 -124.17297 -1418.1702 -2468.8567 -2765.744 -2753.1555 -2740.8691 -2728.6833 -2716.5984 -2704.7148 -2692.7307 -2681.25 -2667.8557 -2646.5056 -2579.3335 -2499.069 -2625.5583 -2614.5813 -2603.7048 -2494.4365 -2248.9104 -1968.2373 -1639.4257 -1222.2931 -702.43835 292.25464 2257.3699 3299.8992 3299.8992 3299.8992 3299.8992 3299.8992 3299.8992 3299.8992 3299.8992 3299.8992 3299.8992 3299.8992 3299.8992 2420.7183 1129.0375 -121.554565 -1348.2788 -2314.3706 -2762.924 -2750.4363 -2738.0493 -2725.9644 -2713.98 -2702.0964 -2690.1123 -2678.7322 -2567.45 -2526.663 -2494.235 -2402.3894 -2468.2524 -2534.8206 -2603.8054 -2592.7275 -2428.9763 -2299.063 -1922.0123 -1375.9735 -713.51624 221.15479 2112.854 3299.8992 3299.8992 3299.8992 3299.8992 3299.8992 3299.8992 3299.8992 3299.8992 3299.8992 3299.8992 3299.8992 3299.8992 2919.4243 1610.4218 236.66382 -1001.64185 -2003.7872 -2767.859 -2755.371 -2742.984 -2730.899 -2718.512 -2706.729 -2695.0469 -2682.962 -2671.3806 -2659.799 -2648.0164 -2564.026 -2626.4648 -2615.1855 -2604.2083 -2592.929 -2323.938 -1987.2711 -1713.446 -997.3114 -435.76355 517.63916 2295.8403 3299.8992 3299.8992 3299.8992 3299.8992 3299.8992 3299.8992 3299.8992 3299.8992 3299.8992 3299.8992 3299.8992 3299.8992 2675.2075 1257.6416 -141.29333 -1355.127 -2250.2197 -2768.161 -2755.5725 -2743.2861 -2731.1003 -2718.9148 
-3282.4768 -3267.7734 -3253.5735 -3239.0715 -3225.1738 -3210.974 -3196.6736 -3182.8765 -2637.8447 3299.8992 3299.8992 3299.8992 3299.8992 3299.8992 3299.8992 3299.8992 3299.8992 3299.8992 3287.1094 3272.2046 3257.5012 3242.9993 3228.6987 3214.2974 3200.702 3186.9048 3172.3022 3157.6995 2993.1426 3147.528 3163.742 3179.3518 3194.8608 3209.967 3225.3752 3240.3809 3255.487 3270.1904 3285.1958 3299.8992 -3285.3972 -3270.7947 -3256.4941 -3242.395 -3227.7922 -3213.5925 -3199.9968 -3185.797 -3037.7563 3299.8992 3299.8992 3299.8992 3299.8992 3299.8992 3299.8992 3299.8992 3299.8992 3299.8992 3286.6057 3272.1038 3257.2998 3242.8984 3228.296 3214.2974 3199.7954 3185.8977 3172.2014 3157.2966 3064.3433 3146.4202 3162.1306 3177.841 3193.35 3208.6577 3223.764 3238.971 3253.9763 3268.881 3283.8867 3298.4893 -3286.908 -3272.3052 -3257.6018 -3242.9993 -3229.2021 -3215.0024 -3200.702 -3186.7034 -3173.3093 3299.8992 3299.8992 3299.8992 3299.8992 3299.8992 3299.8992 3299.8992 3299.8992 3299.8992 3287.7136 3273.1108 3258.7097 3243.9055 3229.7058 3215.2039 3201.6082 3187.6099 3173.2085 3158.606 3141.5862 3145.0103 3160.2173 3176.2297 3191.7388 3207.1472 3222.052 3237.3596 3252.4658 3267.3706 3282.1746 3296.7773 -3288.6199 -3273.9165 -3259.5154 -3245.0134 -3231.1157 -3216.9158 -3202.4138 -3188.516 -3175.0212 3299.8992 3299.8992 3299.8992 3299.8992 3299.8992 3299.8992 3299.8992 3299.8992 3299.8992 3287.7136 3273.0103 3258.609 3243.9055 3229.605 3215.6067 3201.1047 3187.3076 3173.6113 3158.606 3143.9026 -2819.4214 3157.8003 3173.5107 3189.0198 3204.3274 3219.635 3234.6404 3249.7466 3264.7522 3279.8584 3294.2595 -3291.0369 -3276.4343 -3261.731 -3247.1282 -3233.2305 -3219.0308 -3204.6294 -3190.631 -3177.2368 3299.8992 3299.8992 3299.8992 3299.8992 3299.8992 3299.8992 3299.8992 3299.8992 3299.8992 3288.1165 3273.6145 3258.7097 3244.2078 3229.9072 3215.4053 3201.8096 3188.0127 3173.5107 3159.0088 3144.8088 -2147.0947 3156.3904 3172.2014 3187.509 3203.018 3218.225 3233.3313 3248.538 3263.4429 3278.1462 3293.051 -3292.3462 -3277.7434 -3263.3423 -3249.1423 -3234.439 -3220.3398 -3206.543 -3192.343 -3178.3447 3299.8992 3299.8992 3299.8992 3299.8992 3299.8992 3299.8992 3299.8992 3299.8992 3299.8992 3289.8284 3275.0244 
3299.295 -3285.0952 -3269.8882 -3254.2786 -3238.87 -3223.764 -3208.7585 -3193.8538 -2320.2117 3299.8992 3299.8992 3299.8992 3299.8992 3299.8992 3299.8992 3299.8992 3299.8992 3287.1094 3271.4995 3255.6885 3240.0786 3224.6704 3208.8591 3194.1558 3179.1504 3164.1448 3148.8372 3133.731 2834.8296 -2012.3474 3134.2346 3151.0527 3167.6697 3184.085 3200.5005 3216.8152 3233.13 3249.2432 3265.2556 3281.1675 3296.878 -3287.4114 -3272.3052 -3256.5947 -3241.287 -3226.0803 -3211.0747 -3196.17 -2454.7576 3299.8992 3299.8992 3299.8992 3299.8992 3299.8992 3299.8992 3299.8992 3299.8992 3285.6995 3270.0896 3254.3792 3238.7695 3223.2605 3207.55 3192.8467 3177.7405 3162.7349 3147.6287 3132.5225 2953.1616 -1743.5577 3131.314 3148.1323 3164.9504 3181.2651 3197.6807 3213.9954 3230.31 3246.4233 3262.5366 3278.3477 3294.2595 -3290.2312 -3274.5208 -3259.1125 -3244.0063 -3228.7993 -3213.693 -3198.7883 -2903.2104 3280.7646 3299.8992 3299.8992 3299.8992 3299.8992 3299.8992 3299.8992 3299.8992 3286.5051 3270.8953 3255.2856 3239.6758 3224.0662 3208.96 3193.8538 3178.6467 3163.6414 3148.4343 3133.2275 3075.6226 -1465.805 3130.4077 3147.2258 3163.8428 3180.359 3196.6736 3213.0889 3229.303 3245.4163 3261.4287 3277.4414 3293.2524 -3291.1377 -3275.3264 -3260.0188 -3244.812 -3229.605 -3214.5996 -3199.6948 -3047.4243 2999.4873 3299.8992 3299.8992 3299.8992 3299.8992 3299.8992 3299.8992 3299.8992 3287.3108 3271.701 3255.789 3240.28 3224.6704 3209.5642 3194.458 3179.251 3164.1448 3149.0386 3133.9324 3113.4888 -805.9662 3127.487 3144.3054 3160.922 3177.539 3193.8538 3210.269 3226.4832 3242.5964 3258.7097 3274.5208 3290.4326 3299.8992 -3278.1462 -3262.738 -3247.4304 -3232.2234 -3217.218 -3202.3132 -3184.1858 2589.6057 3299.8992 3299.8992 3299.8992 3299.8992 3299.8992 3299.8992 3299.8992 3286.7065 3271.0967 3255.2856 3239.6758 3224.1667 3208.96 3193.9543 3178.7476 3163.6414 3148.6357 3133.5295 3117.2148 -427.00195 3124.8687 3141.7876 3158.4045 3174.9207 3191.336 3207.7515 3223.8647 3240.1794 3256.0913 3272.2046 3287.915 3299.8992 -3281.067 -3265.3564 -3249.7466 -3234.5398 -3219.5342 -3204.5288 -3189.8254 1845.9778 3299.8992 3299.8992 3299.8992 3299.8992 3299.8992 3299.8992 3299.8992 3287.6128 3272.1038 3256.2927 
-3287.7136 -3272.1038 -3256.2927 -3241.0857 -3225.879 -3210.8733 -3195.9685 -3181.2651 -2037.323 3299.8992 3299.8992 3299.8992 3299.8992 3299.8992 3299.8992 3299.8992 3299.8992 3295.2666 3279.3547 3263.6443 3247.8333 3232.2234 3217.0166 3201.709 3186.6028 3171.3958 3156.189 3140.8813 2627.8748 3130.8105 3147.83 3164.6484 3181.1646 3197.4792 3213.794 3230.0078 3246.121 3262.2344 3278.247 3294.058 -3290.1306 -3274.5208 -3258.8103 -3243.5027 -3228.296 -3213.1897 -3198.3855 -3183.4807 -2607.5317 3299.8992 3299.8992 3299.8992 3299.8992 3299.8992 3299.8992 3299.8992 3299.8992 3295.8708 3280.0598 3264.2485 3248.538 3232.9285 3217.4194 3202.2124 3187.207 3172 3156.9946 3141.5862 2769.7722 3130.1055 3146.9238 3163.6414 3180.1575 3196.5728 3212.8875 3229.1016 3245.2148 3261.3281 3277.4414 3293.2524 -3290.9363 -3275.4272 -3259.8174 -3244.5098 -3229.1016 -3214.096 -3199.1912 -3184.3872 -2868.2646 3299.8992 3299.8992 3299.8992 3299.8992 3299.8992 3299.8992 3299.8992 3299.8992 3296.7773 3280.966 3265.155 3249.4446 3233.8347 3217.9229 3203.119 3188.0127 3172.9065 3157.6995 3142.3918 3017.0105 -3094.9585 3145.3125 3161.9292 3178.6467 3194.8608 3211.1755 3227.5908 3243.6035 3259.8174 3275.83 3291.641 3299.8992 -3276.9377 -3261.6301 -3246.121 -3230.713 -3215.7073 -3200.601 -3185.797 -3160.62 3299.8992 3299.8992 3299.8992 3299.8992 3299.8992 3299.8992 3299.8992 3299.8992 3298.2878 3282.4768 3266.565 3250.8545 3235.3455 3219.4336 3204.428 3189.4226 3174.3164 3159.1094 3143.8018 3120.7397 -2482.4524 3144.104 3160.7207 3177.3376 3193.5515 3209.967 3226.0803 3242.4956 3258.4075 3274.5208 3290.332 3299.8992 -3278.1462 -3262.9395 -3247.3296 -3232.022 -3216.9158 -3201.9104 -3187.1062 -3172.3022 3299.8992 3299.8992 3299.8992 3299.8992 3299.8992 3299.8992 3299.8992 3299.8992 3299.0935 3283.1816 3267.3706 3251.6602 3236.0503 3220.4407 3205.2336 3190.1274 3175.0212 3159.915 3144.6074 3126.178 -1924.7314 3142.2913 3159.1094 3175.6255 3192.2424 3208.255 3224.5696 3240.8843 3256.897 3272.9094 3288.8213 3299.8992 -3279.5562 -3264.3494 -3248.7395 -3233.432 -3218.3257 -3203.2195 -3188.4155 -3173.7122 3299.8992 3299.8992 3299.8992 3299.8992 3299.8992 3299.8992 3299.8992 3299.8992 3299.8992 3284.491 3268.579 
-3295.5688 -3280.0598 -3264.9536 -3249.646 -3234.5398 -3219.4336 -3204.5288 -3189.7246 -3076.9316 3299.8992 3299.8992 3299.8992 3299.8992 3299.8992 3299.8992 3299.8992 3299.8992 3290.5334 3274.9236 3259.5154 3244.107 3229.2021 3213.9954 3199.0906 3184.4878 3169.8853 3155.484 3140.982 3125.6743 3124.5667 3141.4856 3158.1023 3174.417 3190.4297 3206.543 3222.5554 3238.3667 3254.0771 3269.7876 3285.3972 3299.8992 -3283.6853 -3268.4783 -3253.1707 -3238.0645 -3223.059 -3208.0535 -3193.1487 -3178.5461 3299.8992 3299.8992 3299.8992 3299.8992 3299.8992 3299.8992 3299.8992 3299.8992 3290.332 3274.6216 3259.1125 3243.9055 3228.6987 3213.693 3198.7883 3184.085 3169.583 3155.081 3140.579 3125.3723 3123.761 3140.579 3157.0952 3173.3093 3189.5232 3205.435 3221.347 3237.1582 3253.07 3268.7805 3284.2896 3299.7986 -3284.6924 -3269.4854 -3254.0771 -3238.971 -3223.9653 -3208.8591 -3194.1558 -3179.4524 3299.8992 3299.8992 3299.8992 3299.8992 3299.8992 3299.8992 3299.8992 3299.8992 3290.5334 3275.0244 3259.616 3244.107 3229.1016 3213.9954 3199.0906 3184.4878 3169.7844 3155.3833 3140.982 3125.8757 -3017.514 3138.8672 3155.484 3171.7986 3187.9119 3204.0251 3219.8364 3235.7483 3251.5593 3267.1692 3282.8796 3298.3887 -3286.203 -3270.8953 -3255.5876 -3240.4814 -3225.3752 -3210.4705 -3195.5657 -3180.7617 3299.8992 3299.8992 3299.8992 3299.8992 3299.8992 3299.8992 3299.8992 3299.8992 3291.641 3276.0315 3260.623 3245.3154 3230.1086 3215.0024 3200.1982 3185.4949 3170.8923 3156.3904 3141.989 3127.0842 -1811.0321 3136.7522 3153.1677 3169.583 3185.6963 3201.6082 3217.52 3233.5327 3249.2432 3264.9536 3280.5632 3296.173 -3288.4185 -3273.0103 -3257.8032 -3242.5964 -3227.5908 -3212.5854 -3197.6807 -3182.9773 3299.8992 3299.8992 3299.8992 3299.8992 3299.8992 3299.8992 3299.8992 3299.8992 3291.9434 3276.3335 3260.8245 3245.5168 3230.2092 3215.103 3200.299 3185.4949 3170.993 3156.5918 3142.1904 3127.2856 -1008.7921 3134.436 3151.0527 3167.3674 3183.4807 3199.594 3215.6067 3231.4177 3247.1282 3262.8386 3278.549 3294.058 -3290.4326 -3275.125 -3259.9182 -3244.6106 -3229.5044 -3214.4988 -3199.594 -3184.9915 3299.8992 3299.8992 3299.8992 3299.8992 3299.8992 3299.8992 3299.8992 3299.8992 3292.749 3277.1392 3261.8315 

3254.8828 3240.28 3225.778 3210.3699 3196.7742 3182.5745 3168.4753 3154.3762 3133.5295 731.8451 -2086.4685 3151.2542 3167.0654 3182.675 3198.3855 3213.693 3228.6987 3243.9055 3259.0117 3273.816 3288.4185 3299.8992 -3282.074 -3268.1763 -3253.2715 -3239.1724 -3224.771 -3210.5713 -3196.6736 -612.1033 3299.8992 3299.8992 3299.8992 3299.8992 3299.8992 3299.8992 3299.8992 3299.3958 3284.793 3270.0896 3255.2856 3240.6829 3226.0803 3210.6719 3197.177 3182.9773 3168.7773 3154.3762 3136.3494 956.32324 -1960.9863 3149.8442 3165.3533 3181.0637 3196.875 3212.0818 3227.3894 3242.1936 3257.4004 3272.3052 3287.0085 3299.8992 -3283.6853 -3269.6868 -3254.6814 -3240.4814 -3226.2817 -3212.384 -3198.285 -974.8535 3245.114 3299.8992 3299.8992 3299.8992 3299.8992 3299.8992 3299.8992 3299.8992 3285.6995 3270.8953 3256.0913 3241.5894 3226.9866 3211.4775 3197.882 3183.8835 3169.583 3155.484 3139.6729 1260.3607 -1808.7158 3148.3337 3164.2456 3179.6538 3195.465 3210.6719 3225.6775 3241.0857 3256.0913 3270.996 3285.6995 3299.8992 -3285.0952 -3270.996 -3256.0913 -3241.9922 -3227.3894 -3213.391 -3199.292 -1338.1073 2962.5273 3299.8992 3299.8992 3299.8992 3299.8992 3299.8992 3299.8992 3299.8992 3286.6057 3271.8018 3256.9976 3242.4956 3227.3894 3212.9883 3198.587 3184.4878 3170.288 3156.3904 3140.277 1326.3245 -1691.8945 3148.0315 3163.9434 3179.5532 3194.76 3210.0676 3225.3752 3240.6829 3255.789 3270.3918 3285.1958 3299.7986 -3285.3972 -3270.3918 -3256.5947 -3242.2942 -3228.0945 -3213.693 -3199.9968 -1562.9883 2851.1443 3299.8992 3299.8992 3299.8992 3299.8992 3299.8992 3299.8992 3299.8992 3287.6128 3272.9094 3257.8032 3243.0999 3228.4973 3213.9954 3199.6948 3185.8977 3171.2952 3157.0952 3142.4927 1659.8694 -1438.6139 3146.1182 3161.9292 3177.539 3193.35 3208.7585 3223.6633 3238.7695 3253.775 3268.881 3283.383 3298.0864 -3287.1094 -3272.1038 -3258.307 -3244.0063 -3229.605 -3215.3044 -3201.6082 -2016.5771 2402.0874 3299.8992 3299.8992 3299.8992 3299.8992 3299.8992 3299.8992 3299.8992 3289.325 3274.2188 
-3248.1353 -3233.3313 -3218.628 -3204.0251 -3189.4226 -3174.9207 -3160.8215 -3146.7224 -3132.7239 3139.572 3299.8992 3299.8992 3299.8992 3299.8992 3299.8992 3299.8992 3299.8992 3299.8992 3299.8992 3299.8992 3299.8992 3287.915 3272.5066 3257.2998 3242.0928 3227.5908 3213.2903 3199.1912 3185.092 3178.244 3194.9614 3211.2761 3227.2888 3243.3013 3258.9111 3274.5208 3289.9292 3299.8992 -3279.3547 -3264.3494 -3249.3438 -3234.5398 -3219.937 -3205.2336 -3190.631 -3176.2297 -3161.9292 -3147.7295 -3133.9324 913.42163 3299.8992 3299.8992 3299.8992 3299.8992 3299.8992 3299.8992 3299.8992 3299.8992 3299.8992 3299.8992 3299.8992 3289.4255 3273.816 3258.609 3243.402 3229.0007 3214.5996 3200.3997 3186.3005 3176.834 3193.6523 3209.967 3226.0803 3241.9922 3257.6018 3273.3123 3288.8213 3299.8992 -3280.5632 -3265.457 -3250.5522 -3235.6475 -3221.045 -3206.3416 -3191.8396 -3177.4382 -3163.1377 -3149.0386 -3134.9395 -391.45203 3299.8992 3299.8992 3299.8992 3299.8992 3299.8992 3299.8992 3299.8992 3299.8992 3299.8992 3299.8992 3299.8992 3289.9292 3274.6216 3259.314 3244.107 3229.605 3215.3044 3201.1047 3186.9048 -2251.2268 3191.7388 3208.1543 3224.3682 3240.1794 3255.89 3271.6003 3287.0085 3299.8992 -3282.376 -3267.1692 -3252.1636 -3237.3596 -3222.6562 -3208.0535 -3193.35 -3178.949 -3164.6484 -3150.4485 -3136.4502 -1787.1643 3299.8992 3299.8992 3299.8992 3299.8992 3299.8992 3299.8992 3299.8992 3299.8992 3299.8992 3299.8992 3299.8992 3290.7349 3275.3264 3259.9182 3244.812 3230.2092 3215.9087 3201.709 3187.7104 280.5725 3190.1274 3206.4421 3222.6562 3238.568 3254.2786 3269.989 3285.3972 3299.8992 -3283.8867 -3268.7805 -3253.775 -3238.87 -3224.0662 -3209.4634 -3194.9614 -3180.5603 -3166.159 -3152.0598 -3138.0615 -2615.387 3299.8992 3299.8992 3299.8992 3299.8992 3299.8992 3299.8992 3299.8992 3299.8992 3299.8992 3299.8992 3299.8992 3291.0369 3275.7292 3260.5225 3245.0134 3230.5115 3216.211 3202.011 3187.7104 2179.5227 3187.9119 3204.3274 3220.4407 3236.4531 3252.1636 3267.874 3283.383 3298.7915 -3285.901 -3270.6938 
2775.9155 2766.1467 2757.5867 2745.5017 2733.5173 2720.8281 2707.2327 2214.3677 87.31384 2918.4172 2726.77 2749.2278 2770.0745 2789.8132 2808.847 2827.3772 2845.404 2863.33 2880.7524 2897.8728 -2485.2722 -1342.0349 2933.2214 2949.7375 -2221.82 -411.99646 1374.9664 2950.6438 2937.6526 2924.1577 2910.562 2896.7651 2882.666 2865.1428 2851.648 2842.4834 2826.2695 2246.5942 2338.2385 2790.3167 2777.9297 2766.6504 2758.191 2746.106 2734.021 2721.231 2702.2979 1533.078 -551.9806 2710.9587 2734.9272 2756.6802 2777.124 2796.6614 2815.4937 2833.9233 2851.95 2869.574 2887.0972 -3251.1565 -1480.6091 -353.18298 -2852.0508 -3108.0505 -1605.9906 29.205322 1708.7128 2932.5164 2919.4243 2906.0303 2892.334 2878.7383 2796.2585 2260.9954 2036.9202 2528.2744 2811.969 1900.4608 1791.5955 2386.7798 2634.1187 2762.2192 2754.364 2743.3867 2731.7046 2718.814 2706.5276 2589.102 839.8041 -2828.485 2716.1956 2739.4592 2760.7085 2780.85 2800.2869 2818.9177 2837.146 2854.9712 2872.6958 2892.334 -3057.1929 -1589.5752 2929.2937 2946.6155 -2447.5066 -715.2283 1062.7716 2918.3167 2938.4583 2925.3662 2911.3677 2897.47 2881.0547 2816.9036 2853.7627 2843.4905 2827.78 2388.693 2119.2993 2625.5583 2779.0374 2768.4631 2759.7014 2748.523 2736.3372 2723.8494 2708.139 2621.9329 254.58984 -3101.7058 2918.82 2935.739 2962.8296 3047.122 3014.8955 2824.5574 2840.872 3045.9136 3280.5632 -3105.4321 -1511.2244 79.35791 -1658.0566 -2140.2466 -939.90784 642.8192 2281.0364 2886.2915 2890.924 2878.839 2862.4236 2738.3513 2626.2634 2297.9553 2167.7397 2046.286 1671.5515 349.5575 -3.8269043 610.8948 1017.1509 1002.74963 2774.707 2763.025 2751.242 2738.15 2535.1226 1623.4131 -608.27637 3161.8286 3072.6013 3045.0073 2907.4402 2823.9531 2827.78 2845.5046 2863.33 2880.9539 2898.3765 2953.7659 -3293.5547 -1859.7748 2956.787 2973.8066 3250.0488 -1836.8134 112.79297 2358.8835 2981.5613 2967.9656 2954.0679 2939.9688 2925.6682 2908.2458 2838.455 2883.2703 2870.581 2756.3782 2843.1885 2831.7078 
-2707.0312 -2695.4497 -2683.5662 -2567.6514 -2451.8372 -2461.908 -2463.0156 -2625.6592 -2616.394 -2607.431 -2596.4539 -2466.9434 -2071.9666 -1711.1298 -1266.3025 -723.2849 -22.055054 1610.6232 3299.8992 3299.8992 3299.8992 3299.8992 3299.8992 3299.8992 3299.8992 3299.8992 3299.8992 3299.8992 3299.8992 3299.8992 3168.6768 1838.7268 361.13892 -1016.94946 -2038.4308 -2771.585 -2758.9966 -2746.5088 -2734.2224 -2722.238 -2710.153 -2698.471 -2686.5874 -2664.0288 -2663.4246 -2651.7424 -2640.7654 -2629.1838 -2605.2153 -2607.3303 -2596.353 -2401.7852 -2036.7188 -1699.8505 -1390.1733 -907.9834 -105.74341 1430.1544 3299.8992 3299.8992 3299.8992 3299.8992 3299.8992 3299.8992 3299.8992 3299.8992 3299.8992 3299.8992 3299.8992 3299.8992 3023.4558 1761.2823 176.54114 -1148.6755 -2140.9514 -2767.1538 -2754.5654 -2742.0776 -2729.9927 -2717.9077 -2705.9233 -2694.2412 -2682.257 -2670.6755 -2657.08 -2643.0815 -2295.7397 -2400.2747 -2529.5837 -2606.4238 -2595.4468 -2436.8315 -2057.7666 -1767.3248 -1449.1882 -1013.8275 -82.58057 1473.4589 3299.8992 3299.8992 3299.8992 3299.8992 3299.8992 3299.8992 3299.8992 3299.8992 3299.8992 3299.8992 3299.8992 3299.8992 3152.362 1858.667 496.49048 -814.7278 -1580.8136 -2514.8804 -2760.1042 -2747.6165 -2735.33 -2723.1445 -2711.1602 -2699.5789 -2687.5945 -2675.8118 -2650.534 -2620.8252 -2559.091 -2550.531 -2620.221 -2609.143 -2597.9644 -2562.0117 -2252.8381 -1804.0833 -1310.614 -783.2062 126.48926 1491.0828 3299.8992 3299.8992 3299.8992 3299.8992 3299.8992 3299.8992 3299.8992 3299.8992 3299.8992 3299.8992 3299.8992 3299.8992 3113.086 1801.9684 456.00586 -842.22107 -1897.2382 -2773.0957 -2760.4065 -2747.8179 -2735.733 -2723.5474 -2711.4624 -2699.9817 -2687.8967 -2676.3152 -2662.317 -2652.951 -2642.1753 -2630.7952 -2619.5159 -2608.438 -2492.8252 -2166.0278 -1781.2225 -1409.8114 -982.70874 -520.459 254.69055 1511.6272 3299.8992 3299.8992 3299.8992 3299.8992 3299.8992 3299.8992 3299.8992 3299.8992 3299.8992 3299.8992 3299.8992 3299.8992 3178.0425 1787.7686 407.86743 -863.26904 -1918.9911 -2780.7495 -2768.2617 -2755.774 -2743.3867 -2731.3018 
3260.5225 3246.0205 3231.2163 3217.218 3202.8167 3188.7175 3175.122 3160.3179 3145.7153 -1630.9662 3155.7861 3171.3958 3186.8042 3202.3132 3217.4194 3232.727 3247.7324 3262.5366 3277.4414 3292.4468 -3293.051 -3278.4485 -3263.745 -3249.1423 -3235.2446 -3221.045 -3206.543 -3192.5444 -3179.0496 3183.5815 3299.8992 3299.8992 3299.8992 3299.8992 3299.8992 3299.8992 3299.8992 3299.8992 3290.7349 3275.9307 3261.2273 3246.7253 3232.5256 3218.0237 3204.2266 3190.3289 3175.9277 3161.5264 3147.4272 -658.12683 3154.074 3169.8853 3185.3943 3200.8025 3215.808 3231.1157 3246.3225 3261.1267 3276.0315 3290.9363 3299.8992 -3279.8584 -3265.5579 -3251.2573 -3236.6545 -3222.354 -3208.5571 -3194.3572 -3180.4595 2050.415 3299.8992 3299.8992 3299.8992 3299.8992 3299.8992 3299.8992 3299.8992 3299.8992 3291.8425 3277.0386 3262.2344 3247.9338 3233.2305 3218.93 3204.5288 3190.631 3177.0354 3162.332 3147.83 -235.1532 3153.067 3168.7773 3184.3872 3199.6948 3214.9016 3230.1086 3245.2148 3260.4216 3275.0244 3289.8284 3299.8992 -3280.8655 -3266.162 -3251.9622 -3237.2588 -3223.059 -3209.262 -3194.9614 -3180.9631 1074.9573 3299.8992 3299.8992 3299.8992 3299.8992 3299.8992 3299.8992 3299.8992 3299.8992 3293.3533 3278.65 3263.9465 3249.4446 3234.6404 3220.2393 3206.4421 3192.5444 3178.0425 3163.6414 3149.7437 185.80627 3153.3691 3169.1802 3184.6892 3200.0977 3215.4053 3230.5115 3245.6177 3260.321 3275.5278 3290.332 3299.8992 -3280.3618 -3266.162 -3251.4587 -3237.3596 -3223.2605 -3208.7585 -3194.8608 -3181.2651 144.21387 3299.8992 3299.8992 3299.8992 3299.8992 3299.8992 3299.8992 3299.8992 3299.8992 3295.166 3280.664 3265.6584 3251.1565 3236.856 3222.7568 3208.255 3194.1558 3180.5603 3165.756 3151.4556 993.2831 3152.2612 3167.871 3183.2793 3198.7883 3213.9954 3229.4036 3244.3083 3259.314 3274.118 3288.922 3299.8992 -3281.6711 -3266.9678 -3252.365 -3238.3667 -3224.1667 -3209.6648 -3195.767 -3182.1716 -1064.9872 3299.8992 3299.8992 3299.8992 3299.8992 3299.8992 3299.8992 3299.8992 3299.8992 3297.2808 3282.7788 
3240.6829 3225.0732 3209.3628 3194.5586 3179.6538 3164.5476 3149.5422 3134.436 3118.4233 19.033813 3123.1567 3140.0757 3156.6924 3173.3093 3189.7246 3206.1401 3222.354 3238.568 3254.5806 3270.5933 3286.5051 3299.8992 -3282.5774 -3266.7664 -3251.358 -3236.1511 -3220.944 -3206.0393 -3191.2354 1375.8728 3299.8992 3299.8992 3299.8992 3299.8992 3299.8992 3299.8992 3299.8992 3288.3179 3272.5066 3256.7961 3241.1865 3225.6775 3210.3699 3195.2637 3180.0566 3165.0513 3149.945 3134.8389 3119.1284 398.703 3121.7468 3138.6658 3155.3833 3171.8994 3188.4155 3204.6294 3220.944 3237.1582 3253.1707 3269.1833 3284.9944 3299.8992 -3283.8867 -3268.1763 -3252.6672 -3237.3596 -3222.354 -3207.2478 -3192.5444 828.7262 3299.8992 3299.8992 3299.8992 3299.8992 3299.8992 3299.8992 3299.8992 3289.4255 3273.816 3258.1055 3242.395 3226.886 3211.1755 3196.3713 3181.4666 3166.3604 3151.355 3136.2488 3120.4375 883.9142 3120.0347 3137.0544 3153.772 3170.288 3186.7034 3203.119 3219.3328 3235.5469 3251.6602 3267.572 3283.484 3299.295 -3284.8938 -3269.5862 -3254.2786 -3238.971 -3223.764 -3208.96 -3194.0552 290.6433 3299.8992 3299.8992 3299.8992 3299.8992 3299.8992 3299.8992 3299.8992 3290.332 3274.6216 3258.9111 3243.3013 3227.6917 3212.4846 3197.2778 3182.2722 3167.166 3152.0598 3136.9536 3121.2432 977.0691 3120.5383 3137.6587 3154.2754 3170.8923 3187.207 3203.6223 3219.7356 3235.9497 3252.063 3268.0754 3283.9873 3299.6978 -3284.3901 -3269.0825 -3253.775 -3238.3667 -3223.361 -3208.4563 -3193.6523 -245.42542 3299.8992 3299.8992 3299.8992 3299.8992 3299.8992 3299.8992 3299.8992 3293.2524 3277.542 3261.8315 3246.121 3230.5115 3215.3044 3200.1982 3184.8906 3169.7844 3154.779 3139.572 3123.9624 1376.1749 3120.639 3137.6587 3154.4768 3170.993 3187.4084 3203.7231 3220.0378 3236.1511 3252.365 3268.3777 3284.1887 3299.8992 -3284.793 -3268.881 -3253.473 -3238.1653 -3222.9583 -3208.1543 -3193.35 -895.99915 3299.8992 3299.8992 3299.8992 3299.8992 3299.8992 3299.8992 3299.8992 3296.3745 3280.664 3265.0542 
3252.8687 3237.1582 3221.2463 3206.3416 3191.4368 3176.2297 3161.1235 3145.816 3130.307 -1223.5016 3140.4785 3157.2966 3174.0142 3190.4297 3206.845 3222.8577 3239.1724 3255.1848 3271.399 3287.1094 3299.8992 -3281.2683 -3266.162 -3250.4517 -3235.144 -3219.8364 -3204.9316 -3190.1274 -3175.3235 2974.8137 3299.8992 3299.8992 3299.8992 3299.8992 3299.8992 3299.8992 3299.8992 3299.8992 3284.793 3268.982 3253.2715 3237.561 3222.1526 3206.845 3191.6382 3176.6326 3161.4258 3146.1182 3130.7097 -633.15125 3138.263 3155.081 3171.698 3188.1133 3204.5288 3220.7427 3236.856 3253.07 3269.0825 3284.9944 3299.8992 -3283.484 -3268.1763 -3252.4658 -3237.0574 -3222.052 -3206.9458 -3192.041 -3177.2368 1956.7566 3299.8992 3299.8992 3299.8992 3299.8992 3299.8992 3299.8992 3299.8992 3299.8992 3285.901 3269.989 3254.1777 3238.7695 3222.5554 3207.7515 3192.5444 3177.4382 3162.4329 3147.1252 3131.9182 -373.6267 3138.162 3154.9805 3171.5972 3188.0127 3204.3274 3220.642 3236.9568 3252.8687 3268.982 3284.8938 3299.8992 -3283.484 -3267.7734 -3252.5664 -3237.3596 -3222.052 -3207.0464 -3192.1416 -3177.539 966.39404 3299.8992 3299.8992 3299.8992 3299.8992 3299.8992 3299.8992 3299.8992 3299.8992 3288.6199 3272.8088 3256.9976 3241.287 3225.778 3210.4705 3195.3643 3180.258 3165.0513 3149.8442 3134.3352 4.8339844 3139.1692 3155.9875 3172.6042 3189.0198 3205.3345 3221.5483 3237.7625 3253.8757 3269.8882 3285.8 3299.8992 -3282.5774 -3266.7664 -3251.6602 -3236.3525 -3221.2463 -3206.0393 -3191.2354 -3176.6326 502.83508 3299.8992 3299.8992 3299.8992 3299.8992 3299.8992 3299.8992 3299.8992 3299.8992 3290.8354 3275.125 3259.2131 3243.5027 3228.195 3212.686 3197.4792 3182.373 3167.2668 3151.9592 3136.6516 722.47925 3137.7593 3154.6782 3171.2952 3187.7104 3204.0251 3220.3398 3236.4531 3252.6672 3268.6797 3284.6924 3299.8992 -3283.786 -3267.9749 -3252.7678 -3237.4602 -3222.354 -3207.2478 -3192.343 -3177.6396 -641.0065 3299.8992 3299.8992 3299.8992 3299.8992 3299.8992 3299.8992 3299.8992 3299.8992 3293.5547 3277.7434 
3246.3225 3231.1157 3216.11 3201.1047 3186.4014 3171.7986 3157.2966 3142.996 3128.1921 -661.7523 3134.2346 3150.7507 3167.166 3183.2793 3199.3926 3215.4053 3231.2163 3247.0276 3262.8386 3278.3477 3293.9575 -3290.634 -3275.2258 -3260.1196 -3244.812 -3229.7058 -3214.7002 -3199.7954 -3185.092 2690.213 3299.8992 3299.8992 3299.8992 3299.8992 3299.8992 3299.8992 3299.8992 3294.7632 3279.2542 3263.745 3248.3367 3233.13 3218.0237 3203.018 3188.3147 3173.8127 3159.3108 3144.9097 3130.2063 472.52197 3132.6233 3149.3408 3165.5547 3181.7688 3197.7812 3213.693 3229.7058 3245.4163 3261.1267 3276.7363 3292.3462 -3292.044 -3276.7363 -3261.4287 -3246.0205 -3231.1157 -3216.11 -3201.2053 -3186.502 1660.9772 3299.8992 3299.8992 3299.8992 3299.8992 3299.8992 3299.8992 3299.8992 3295.5688 3280.0598 3264.5508 3249.1423 3233.9355 3218.7285 3203.8237 3189.0198 3174.5178 3160.0159 3145.7153 3131.012 892.17224 3131.9182 3148.5352 3164.9504 3181.0637 3197.2778 3213.1897 3229.0007 3244.9126 3260.623 3276.3335 3291.8425 -3292.749 -3277.4414 -3262.1338 -3246.8262 -3231.72 -3216.8152 -3201.8096 -3187.1062 670.71533 3299.8992 3299.8992 3299.8992 3299.8992 3299.8992 3299.8992 3299.8992 3296.9788 3281.369 3265.8599 3250.4517 3235.2446 3220.0378 3205.133 3190.3289 3175.6255 3161.325 3146.9238 3132.321 1528.8483 3130.9111 3147.528 3163.9434 3180.258 3196.17 3212.1826 3228.0945 3243.805 3259.5154 3275.2258 3290.8354 -3293.6553 -3278.247 -3263.04 -3247.8333 -3232.6262 -3217.6208 -3202.716 -3187.9119 -492.865 3299.8992 3299.8992 3299.8992 3299.8992 3299.8992 3299.8992 3299.8992 3298.892 3283.1816 3267.572 3252.1636 3236.9568 3221.8506 3206.9458 3192.041 3177.539 3162.9363 3148.5352 3134.0332 1901.9714 3130.9111 3147.6287 3164.0442 3180.258 3196.4722 3212.384 3228.296 3244.107 3259.9182 3275.4272 3291.0369 -3293.5547 -3278.247 -3262.8386 -3247.6318 -3232.5256 -3217.52 -3202.6152 -3187.8113 -1823.6206 3299.8992 3299.8992 3299.8992 3299.8992 3299.8992 3299.8992 3299.8992 3299.8992 3286.908 3271.298 

3259.5154 3244.7112 3230.2092 3215.6067 3201.4067 3187.509 3173.3093 3159.0088 3144.5068 1753.125 -1407.2937 3147.3267 3163.1377 3178.8481 3194.3572 3209.6648 3224.9724 3240.0786 3255.0842 3269.989 3284.793 3299.1943 -3286.1023 -3271.1975 -3257.2998 -3242.9993 -3228.3965 -3214.3982 -3200.299 -2355.0566 2142.16 3299.8992 3299.8992 3299.8992 3299.8992 3299.8992 3299.8992 3299.8992 3292.2454 3277.542 3262.6372 3247.7324 3233.6333 3218.1243 3204.7302 3190.4297 3176.3306 3162.03 3147.6287 2116.681 -933.4625 3228.598 3161.5264 3177.3376 3192.8467 3208.255 3223.2605 3238.4673 3253.775 3268.6797 3283.383 3298.1873 -3287.21 -3273.3123 -3258.307 -3244.2078 -3229.9072 -3215.6067 -3201.5076 -2599.0723 1825.1312 3299.8992 3299.8992 3299.8992 3299.8992 3299.8992 3299.8992 3299.8992 3293.2524 3278.549 3263.6443 3249.0417 3234.3384 3218.8293 3205.435 3191.336 3177.1362 3162.9363 3148.5352 2307.9253 -815.9363 -3225.6775 3160.4187 3176.1292 3191.6382 3207.2478 3222.4548 3237.561 3252.5664 3267.572 3282.1746 3297.2808 -3288.217 -3274.3193 -3259.314 -3244.9126 -3230.612 -3216.4124 -3202.4138 -2847.5188 1435.2905 3299.8992 3299.8992 3299.8992 3299.8992 3299.8992 3299.8992 3299.8992 3294.8638 3280.0598 3265.3564 3250.653 3235.8489 3220.4407 3207.0464 3192.8467 3178.6467 3164.3462 3149.945 2555.1636 -532.2418 -3073.407 3159.5122 3175.2227 3190.631 3206.1401 3221.4478 3236.4531 3251.5593 3266.2627 3281.067 3296.0723 -3289.325 -3275.2258 -3260.5225 -3246.222 -3231.6191 -3217.4194 -3203.421 -2986.798 1225.2136 3299.8992 3299.8992 3299.8992 3299.8992 3299.8992 3299.8992 3299.8992 3295.3674 3280.664 3265.8599 3251.1565 3236.3525 3220.8435 3207.55 3193.35 3179.1504 3164.749 3150.5493 2776.016 -274.93286 -2956.8877 3157.3975 3173.108 3188.8184 3204.2266 3219.3328 3234.7412 3249.7466 3264.6514 3264.6514 3264.6514 3264.6514 3264.6514 3264.6514 3264.6514 3264.6514 3264.6514 3264.6514 3264.6514 3264.6514 3264.6514 3264.6514 3264.6514 3264.6514 3264.6514 3264.6514 3264.6514 3264.6514 3264.6514 
-3255.789 -3240.7837 -3225.9795 -3211.679 -3196.7742 -3182.373 -3167.9717 -3153.772 -3139.8743 -3126.0771 3299.8992 3299.8992 3299.8992 3299.8992 3299.8992 3299.8992 3299.8992 3299.8992 3299.8992 3299.8992 3299.8992 3291.4397 3276.233 3261.026 3245.5168 3231.015 3216.6138 3202.4138 3188.214 3169.3816 3185.2935 3201.8096 3217.9229 3233.9355 3249.7466 3265.3564 3280.8655 3296.2737 -3288.4185 -3273.2117 -3258.206 -3243.3013 -3228.4973 -3213.8945 -3199.0906 -3184.6892 -3170.288 -3156.0881 -3142.0898 -3128.0913 3299.8992 3299.8992 3299.8992 3299.8992 3299.8992 3299.8992 3299.8992 3299.8992 3299.8992 3299.8992 3299.8992 3291.5405 3276.132 3260.9253 3245.4163 3230.8135 3216.513 3202.2124 3188.1133 3173.6113 3182.9773 3199.3926 3215.7073 3231.6191 3247.531 3263.04 3278.65 3294.058 -3290.5334 -3275.4272 -3260.4216 -3245.4163 -3230.612 -3216.0095 -3201.3062 -3186.9048 -3172.5037 -3158.2031 -3144.104 -3130.2063 3299.8992 3299.8992 3299.8992 3299.8992 3299.8992 3299.8992 3299.8992 3299.8992 3299.8992 3299.8992 3299.8992 3291.641 3276.3335 3261.1267 3245.6177 3231.2163 3216.7144 3202.5146 3188.4155 3174.3164 3180.661 3197.2778 3213.391 3229.4036 3245.2148 3260.9253 3276.4343 3291.9434 3299.8992 -3277.542 -3262.4358 -3247.531 -3233.029 -3218.0237 -3203.5217 -3188.8184 -3174.417 -3160.2173 -3146.1182 -3132.2205 3299.8992 3299.8992 3299.8992 3299.8992 3299.8992 3299.8992 3299.8992 3299.8992 3299.8992 3299.8992 3299.8992 3292.2454 3276.8372 3261.5295 3246.222 3231.6191 3217.218 3202.9175 3188.8184 3174.7192 3178.949 3195.465 3211.5784 3227.5908 3243.5027 3259.2131 3274.7222 3290.2312 3299.8992 -3279.1533 -3264.2485 -3249.2432 -3234.439 -3219.7356 -3205.0322 -3190.4297 -3176.0283 -3161.7278 -3147.7295 -3133.8318 3299.8992 3299.8992 3299.8992 3299.8992 3299.8992 3299.8992 3299.8992 3299.8992 3299.8992 3299.8992 3299.8992 3293.5547 3278.1462 3262.738 3247.3296 3232.8276 3218.527 3204.126 3190.1274 3176.0283 3177.841 3194.3572 3210.5713 3226.5837 3242.4956 3258.1055 3273.715 3289.1235 3299.8992 -3280.1604 
2818.9177 2806.5308 2793.9421 2782.3608 2770.0745 2756.9824 2744.1924 2694.4426 1230.954 -2209.4329 2745.8037 2767.5566 2787.4968 2806.8328 2825.7659 2843.8933 2861.8193 2879.4434 2896.9666 2914.389 -2742.984 -986.1328 -2953.9673 3085.391 -2163.4094 -512.30164 1942.8589 2959.4055 2946.2126 2932.7178 2919.223 2905.1238 2890.7227 2873.703 2625.055 2791.1223 2835.6353 2449.118 1842.1509 2358.6821 2039.035 2079.6204 2775.1099 2764.1326 2752.3499 2739.5598 2727.072 2551.2358 916.34216 -2459.1887 2733.316 2755.371 2776.016 2795.5535 2814.5874 2833.1177 2851.1443 2868.869 2886.392 2903.8147 -2544.4885 -830.9418 -2417.697 -3174.417 -2164.7185 -659.43604 1075.763 2692.328 2935.437 2923.0498 2909.4543 2894.751 2879.242 2763.7297 2213.4612 2319.406 2829.9956 2330.9875 1636.3037 2311.2488 2681.3506 2695.0469 2767.5566 2755.8745 2744.0918 2731.7046 2719.4182 2645.0957 1077.8778 -2218.396 2723.648 2746.408 2767.456 2787.3962 2806.5308 2825.061 2843.39 2861.215 2878.839 2896.161 -3216.6138 -1409.7107 -2855.072 2979.1443 -2607.8337 -926.6144 861.3556 2699.2766 2943.1914 2929.596 2916.0002 2902.6062 2888.6077 2872.6958 2856.482 2844.9004 2834.4268 2687.9973 1980.2216 2562.918 2783.67 2772.3906 2763.2263 2752.0476 2740.164 2727.3743 2714.685 2500.7812 935.17456 -2034.7046 2719.7205 2742.8833 2764.032 2784.1736 2803.4087 2822.0398 2840.2678 2858.0933 2875.6165 2893.0388 -2665.3381 -777.3651 -2206.0088 -3043.7988 -2232.3943 -793.4784 970.32166 2717.102 2925.769 2912.7776 2899.2827 2885.4858 2867.5598 2575.3052 1963.504 2047.4945 2822.8455 2460.5986 1445.8649 1955.4474 2466.5405 2579.2327 2763.4277 2751.8462 2740.265 2727.777 2715.9941 2700.7874 1994.0186 -757.4249 2705.722 2730.0933 2752.0476 2772.8943 2792.5322 2811.5662 2829.9956 2847.9216 2865.6462 2883.1694 2905.2246 -2234.3079 3165.857 2943.5942 -3197.2778 -1638.9221 291.7511 2200.2686 2949.3347 2935.9404 2922.345 2908.4473 2894.046 2876.724 2863.2292 2851.0437 2840.973 2822.7446 2055.551 2513.1682 
-2719.3176 -2707.5347 -2695.5505 -2683.8684 -2577.2185 -2568.5576 -2492.7246 -2601.0864 -2560.9038 -2618.3074 -2607.129 -2593.8354 -2560.2996 -2166.1284 -1659.9701 -1135.2814 -349.6582 954.3091 3262.4358 3299.8992 3299.8992 3299.8992 3299.8992 3299.8992 3299.8992 3299.8992 3299.8992 3299.8992 3299.8992 3299.8992 3299.8992 2192.0105 891.9708 -424.9878 -1613.1409 -2596.4539 -2766.8518 -2754.364 -2741.9768 -2729.8918 -2717.807 -2706.1248 -2694.1406 -2682.257 -2374.292 -2270.8647 -2289.395 -2442.7734 -2469.7632 -2620.523 -2609.445 -2596.9573 -2315.0757 -1927.652 -1229.8462 -829.834 -126.48926 968.91174 3040.5762 3299.8992 3299.8992 3299.8992 3299.8992 3299.8992 3299.8992 3299.8992 3299.8992 3299.8992 3299.8992 3299.8992 3207.55 1832.3822 441.6046 -859.0393 -1967.8345 -2778.2317 -2765.5425 -2753.1555 -2740.7683 -2728.6833 -2716.6992 -2705.017 -2692.9321 -2627.9753 -2233.905 -2265.4265 -2312.6587 -2472.0793 -2491.2139 -2620.12 -2609.0422 -2526.764 -2239.6453 -1864.3066 -1465.805 -945.6482 -504.1443 585.7178 2739.0564 3299.8992 3299.8992 3299.8992 3299.8992 3299.8992 3299.8992 3299.8992 3299.8992 3299.8992 3299.8992 3299.8992 3299.8992 2536.5325 1207.6904 -155.896 -1374.3622 -2406.3171 -2775.4119 -2762.7227 -2750.3357 -2738.15 -2726.065 -2714.2822 -2702.1973 -2690.3137 -2678.7322 -2666.9495 -2655.4688 -2644.5923 -2631.903 -2622.0337 -2611.0564 -2597.2595 -2233.905 -1859.0698 -1470.9412 -918.3563 -114.4043 918.3563 3299.7986 3299.8992 3299.8992 3299.8992 3299.8992 3299.8992 3299.8992 3299.8992 3299.8992 3299.8992 3299.8992 3299.8992 3299.8992 2406.6191 813.21716 -559.9365 -1699.8505 -2592.5261 -2775.8147 -2763.1255 -2750.839 -2738.6536 -2726.4678 -2714.7856 -2702.6 -2690.918 -2588.9006 -2485.2722 -2159.5825 -2206.613 -2233.2 -2416.4885 -2619.5159 -2534.317 -2176.703 -1818.5852 -1426.6296 -958.3374 -262.24365 654.80347 2587.6921 3299.8992 3299.8992 3299.8992 3299.8992 3299.8992 3299.8992 3299.8992 3299.8992 3299.8992 3299.8992 3299.8992 3299.8992 2143.4692 816.84265 -506.8634 -1450.3967 -2428.2715 -2780.7495 -2768.161 -2755.5725 -2743.3867 
3267.9749 3253.2715 3238.971 3224.5696 3210.7727 3196.6736 3182.373 3167.871 3153.9734 1470.0348 3152.664 3168.576 3184.085 3199.6948 3214.7002 3230.0078 3245.114 3260.2202 3274.9236 3289.8284 3299.8992 -3280.8655 -3266.464 -3251.8616 -3237.863 -3223.764 -3209.1614 -3195.2637 -3181.668 -1744.9677 3299.8992 3299.8992 3299.8992 3299.8992 3299.8992 3299.8992 3299.8992 3299.8992 3299.7986 3285.0952 3270.4924 3255.6885 3241.388 3227.188 3212.686 3198.7883 3185.092 3170.1873 3155.8867 1997.3419 3152.362 3168.274 3184.085 3199.1912 3214.5996 3229.7058 3244.812 3259.8174 3274.7222 3289.5264 3299.8992 -3281.1675 -3266.3635 -3252.1636 -3237.4602 -3223.2605 -3209.4634 -3195.2637 -3181.1646 -2487.387 3299.8992 3299.8992 3299.8992 3299.8992 3299.8992 3299.8992 3299.8992 3299.8992 3299.8992 3287.915 3273.413 3258.7097 3244.0063 3229.4036 3215.7073 3201.709 3187.207 3172.705 3158.908 2469.5618 3152.765 3168.576 3184.2864 3199.7954 3215.0024 3230.2092 3245.4163 3260.321 3275.2258 3290.0298 3299.8992 -3280.664 -3266.3635 -3251.6602 -3237.6616 -3223.361 -3209.0605 -3195.0623 -3181.366 -2875.6165 3299.8992 3299.8992 3299.8992 3299.8992 3299.8992 3299.8992 3299.8992 3299.8992 3299.8992 3289.8284 3274.823 3260.2202 3245.9197 3231.5186 3217.1172 3203.018 3189.3218 3174.6184 3160.2173 2722.943 3152.5635 3168.6768 3184.1858 3199.594 3214.9016 3230.1086 3245.2148 3260.2202 3275.0244 3290.1306 3299.8992 -3280.7646 -3266.0613 -3251.8616 -3237.0574 -3222.8577 -3209.1614 -3194.8608 -3180.7617 -3167.166 3299.8992 3299.8992 3299.8992 3299.8992 3299.8992 3299.8992 3299.8992 3299.8992 3299.8992 3292.8496 3278.0457 3263.4429 3248.639 3234.137 3220.2393 3206.1401 3191.7388 3177.2368 3163.339 3136.9536 3151.0527 3167.2668 3182.9773 3198.3855 3213.5925 3228.9001 3243.9055 3258.9111 3273.9165 3288.8213 3299.8992 -3281.8726 -3267.4712 -3252.8687 -3238.971 -3224.6704 -3210.1685 -3196.17 -3182.5745 -3168.8782 3299.8992 3299.8992 3299.8992 3299.8992 3299.8992 3299.8992 3299.8992 3299.8992 3299.8992 3292.749 
3249.4446 3233.9355 3217.9229 3203.119 3188.1133 3173.108 3157.901 3142.8955 3127.185 1848.5962 3120.7397 3137.86 3154.6782 3171.2952 3187.8113 3204.0251 3220.3398 3236.4531 3252.4658 3268.579 3284.5916 3299.8992 -3284.491 -3268.6797 -3253.1707 -3237.863 -3222.8577 -3207.852 -3193.048 -1441.0309 3299.8992 3299.8992 3299.8992 3299.8992 3299.8992 3299.8992 3299.8992 3299.4963 3283.786 3267.9749 3252.365 3236.7554 3220.7427 3205.838 3191.1345 3175.9277 3160.7207 3145.7153 3129.904 2124.234 3155.3833 3138.9678 3155.6853 3172.3022 3188.7175 3205.133 3221.347 3237.4602 3253.5735 3269.6868 3285.5986 3299.8992 -3283.484 -3267.6726 -3252.1636 -3236.9568 -3221.8506 -3206.845 -3191.9402 -1949.4049 3299.8992 3299.8992 3299.8992 3299.8992 3299.8992 3299.8992 3299.8992 3299.8992 3287.21 3271.6003 3255.89 3240.1794 3224.6704 3209.5642 3194.3572 3179.1504 3163.9434 3148.7366 3133.1267 2393.3257 -3206.4421 3140.3777 3157.196 3173.7122 3190.1274 3206.4421 3222.8577 3239.0715 3255.1848 3271.0967 3287.0085 3299.8992 -3281.369 -3266.0613 -3250.7537 -3235.5469 -3220.3398 -3205.435 -3190.631 -2366.034 3299.8992 3299.8992 3299.8992 3299.8992 3299.8992 3299.8992 3299.8992 3299.8992 3290.9363 3275.3264 3259.5154 3243.805 3228.3965 3213.1897 3197.9827 3182.776 3167.6697 3152.362 3136.7522 2617.804 -2801.8982 3141.7876 3158.5051 3175.122 3191.5374 3207.953 3224.2676 3240.3809 3256.5947 3272.5066 3288.3179 3299.8992 -3280.0598 -3264.6514 -3249.3438 -3234.2375 -3219.1313 -3204.126 -3189.3218 -2720.3247 3299.8992 3299.8992 3299.8992 3299.8992 3299.8992 3299.8992 3299.8992 3299.8992 3295.166 3279.4556 3263.745 3248.0347 3232.1228 3217.1172 3202.2124 3186.9048 3171.7986 3156.6924 3140.8813 3000.4944 -2071.5637 3141.4856 3158.3037 3174.9207 3191.5374 3207.7515 3224.1667 3240.28 3256.4941 3272.406 3288.3179 3299.8992 -3280.2612 -3264.8528 -3249.5452 -3234.3384 -3219.2322 -3204.2266 -3189.4226 -2855.8777 3183.3801 3299.8992 3299.8992 3299.8992 3299.8992 3299.8992 3299.8992 3299.8992 3296.2737 3280.4626 
3261.9324 3246.121 3230.713 3215.3044 3199.9968 3184.9915 3169.7844 3154.5776 3139.1692 1133.67 3138.3635 3155.2825 3171.8994 3188.516 3204.7302 3220.944 3237.1582 3253.372 3269.3848 3285.3972 3299.8992 -3283.1816 -3267.3706 -3252.063 -3236.7554 -3221.5483 -3206.543 -3191.6382 -3177.0354 -983.6151 3299.8992 3299.8992 3299.8992 3299.8992 3299.8992 3299.8992 3299.8992 3299.8992 3295.2666 3279.4556 3263.6443 3247.9338 3232.4248 3216.9158 3201.8096 3186.6028 3171.4966 3156.2896 3140.7805 1386.85 3138.9678 3155.8867 3172.4028 3189.0198 3205.2336 3221.6492 3237.7625 3253.9763 3269.8882 3285.901 3299.8992 -3282.5774 -3266.7664 -3251.5593 -3236.1511 -3221.045 -3206.0393 -3191.1345 -3176.532 -1912.5458 3299.8992 3299.8992 3299.8992 3299.8992 3299.8992 3299.8992 3299.8992 3299.8992 3299.4963 3283.5845 3267.7734 3252.063 3236.0503 3220.944 3205.838 3190.631 3175.424 3160.2173 3144.9097 2034.4025 3138.9678 3155.8867 3172.6042 3189.1204 3205.435 3221.6492 3237.9639 3254.2786 3270.1904 3286.1023 3299.8992 -3282.2754 -3266.867 -3251.358 -3236.0503 -3220.8435 -3205.7373 -3190.933 -3176.2297 -2378.2195 3299.8992 3299.8992 3299.8992 3299.8992 3299.8992 3299.8992 3299.8992 3299.8992 3299.8992 3285.8 3269.989 3254.2786 3238.1653 3223.059 3207.852 3192.6453 3177.539 3162.2314 3146.9238 2347.9065 3139.0686 3155.9875 3172.8057 3189.3218 3205.6365 3221.8506 3238.2659 3254.48 3270.291 3286.4043 3299.8992 -3282.074 -3266.9678 -3251.1565 -3235.8489 -3220.7427 -3205.6365 -3190.8325 -3176.0283 -2735.2295 3299.8992 3299.8992 3299.8992 3299.8992 3299.8992 3299.8992 3299.8992 3299.8992 3299.8992 3288.3179 3272.5066 3256.6956 3240.4814 3225.3752 3210.269 3194.9614 3179.8552 3164.6484 3149.3408 2628.479 3139.4714 3156.2896 3173.2085 3189.7246 3205.9387 3222.2534 3238.3667 3254.5806 3270.6938 3286.7065 3299.8992 -3281.7717 -3266.464 -3250.7537 -3235.446 -3220.2393 -3205.133 -3190.2283 -3175.6255 -3005.127 3299.8992 3299.8992 3299.8992 3299.8992 3299.8992 3299.8992 3299.8992 3299.8992 3299.8992 3290.634 
3255.89 3240.7837 3225.3752 3210.3699 3195.6665 3181.0637 3166.5618 3152.0598 3137.4573 2582.959 3131.1125 3147.931 3164.3462 3180.5603 3196.6736 3212.686 3228.598 3244.4092 3260.0188 3275.7292 3291.339 -3293.1519 -3277.8442 -3262.6372 -3247.229 -3232.022 -3217.1172 -3202.1118 -3187.4084 -2364.2212 3299.8992 3299.8992 3299.8992 3299.8992 3299.8992 3299.8992 3299.8992 3299.8992 3289.0227 3273.5137 3258.1055 3242.697 3227.2888 3212.384 3197.5798 3182.8765 3168.3745 3153.8726 3139.3706 2975.418 3130.4077 3147.0244 3163.44 3179.6538 3195.767 3211.679 3227.6917 3243.5027 3259.2131 3275.0244 3290.5334 -3293.9575 -3278.549 -3263.04 -3247.9338 -3232.8276 -3217.7214 -3202.9175 -3188.214 -2946.414 3299.8992 3299.8992 3299.8992 3299.8992 3299.8992 3299.8992 3299.8992 3299.8992 3290.9363 3275.3264 3259.8174 3244.5098 3229.2021 3214.2974 3199.3926 3184.6892 3170.1873 3155.7861 3141.2842 3120.0347 3129.4006 3146.2188 3162.6343 3178.8481 3195.0623 3211.0747 3227.0874 3242.697 3258.609 3274.2188 3289.7278 -3294.7632 -3279.2542 -3263.9465 -3248.8403 -3233.6333 -3218.628 -3203.7231 -3188.919 -3174.3164 3299.8992 3299.8992 3299.8992 3299.8992 3299.8992 3299.8992 3299.8992 3299.8992 3292.044 3276.3335 3260.8245 3245.6177 3230.31 3215.3044 3200.3997 3185.797 3171.0938 3156.6924 3142.1904 3126.6814 3128.595 3145.3125 3161.7278 3177.942 3194.2566 3210.1685 3226.181 3241.9922 3257.7026 3273.3123 3289.0227 -3295.5688 -3280.1604 -3264.7522 -3249.5452 -3234.439 -3219.4336 -3204.428 -3189.624 -3174.9207 3299.8992 3299.8992 3299.8992 3299.8992 3299.8992 3299.8992 3299.8992 3299.8992 3293.756 3278.1462 3262.5366 3247.229 3232.1228 3217.0166 3202.1118 3187.509 3172.9065 3158.3037 3143.9026 3128.6956 3246.6248 3142.7947 3159.1094 3175.424 3191.5374 3207.55 3223.5625 3239.3738 3255.1848 3270.8953 3286.5051 3299.8992 -3282.5774 -3267.2698 -3251.9622 -3236.856 -3221.7498 -3206.7444 -3192.041 -3177.3376 3299.8992 3299.8992 3299.8992 3299.8992 3299.8992 3299.8992 3299.8992 3299.8992 3293.2524 3277.7434 

3267.4712 3252.7678 3237.863 3222.9583 3209.3628 3195.0623 3180.661 3166.4612 3152.1606 2987.201 170.90149 -2531.7993 3154.6782 3170.288 3185.797 3201.6082 3216.8152 3231.9214 3246.8262 3262.1338 3262.1338 3262.1338 3262.1338 3262.1338 3262.1338 3262.1338 3262.1338 3262.1338 3262.1338 3262.1338 3262.1338 3262.1338 3262.1338 3262.1338 3262.1338 3262.1338 3262.1338 3262.1338 3262.1338 3262.1338 3266.6655 3251.8616 3236.9568 3223.2605 3208.5571 3194.6594 3180.359 3166.0583 3151.7578 3046.115 379.26636 -2364.7246 3152.2612 3168.0725 3183.5815 3198.9897 3214.2974 3229.2021 3244.3083 3259.314 3274.118 3288.922 3299.8992 -3281.1675 -3267.4712 -3252.6672 -3238.7695 -3224.469 -3210.3699 -3196.2708 102.319336 3299.8992 3299.8992 3299.8992 3299.8992 3299.8992 3299.8992 3299.8992 3295.3674 3280.664 3265.9607 3251.1565 3236.554 3221.8506 3207.55 3193.753 3179.5532 3165.3533 3151.0527 3046.115 262.44507 -2461.1023 3152.5635 3168.274 3183.5815 3198.9897 3214.2974 3229.5044 3244.6106 3259.5154 3274.5208 3289.224 3299.8992 -3280.966 -3267.1692 -3252.6672 -3238.3667 -3224.2676 -3209.8662 -3196.0693 -359.6283 3299.8992 3299.8992 3299.8992 3299.8992 3299.8992 3299.8992 3299.8992 3298.993 3284.2896 3269.4854 3254.3792 3239.7766 3225.0732 3210.6719 3196.4722 3182.2722 3168.0725 3153.772 3132.8247 713.71765 -2050.1128 3150.65 3166.7632 3182.0708 3197.5798 3212.8875 3228.0945 3243.0999 3258.1055 3273.0103 3287.8142 3299.8992 -3282.376 -3268.4783 -3254.0771 -3239.4744 -3225.2747 -3211.4775 -3197.4792 -835.2722 3299.8992 3299.8992 3299.8992 3299.8992 3299.8992 3299.8992 3299.8992 3299.8992 3285.6995 3271.1975 3255.9905 3241.7908 3226.181 3212.686 3198.4863 3184.2864 3169.9858 3155.9875 3136.853 943.4326 -1931.4789 3150.65 3166.4612 3182.1716 3197.6807 3213.1897 3228.4973 3243.402 3258.4075 3273.2117 3288.1165 3299.8992 -3283.081 -3268.2769 -3253.8757 -3239.6758 -3225.1738 -3211.0747 -3197.3784 -931.9519 3299.8992 3299.8992 3299.8992 3299.8992 3299.8992 3299.8992 3299.8992 3299.8992 3286.203 3271.399 3256.5947 3241.8914 3226.181 3212.8875 3198.7883 3184.4878 3170.1873 3155.7861 3139.572 1399.237 -1614.5508 3147.2258 3162.8357 3178.7476 3194.2566 3209.5642 3224.8718 3239.8772 3254.9834 
-3265.2556 -3250.2502 -3235.6475 -3220.5413 -3206.0393 -3191.336 -3177.0354 -3162.7349 -3148.6357 -3134.738 3299.8992 3299.8992 3299.8992 3299.8992 3299.8992 3299.8992 3299.8992 3299.8992 3299.8992 3299.8992 3299.8992 3295.0652 3279.657 3264.45 3248.8403 3234.3384 3219.937 3205.6365 3191.336 3177.3376 3176.9348 3193.5515 3209.8662 3225.879 3241.7908 3257.5012 3273.0103 3288.5193 3299.8992 -3280.8655 -3265.7593 -3250.7537 -3236.3525 -3221.1455 -3206.6436 -3192.041 -3177.6396 -3163.339 -3149.24 -3135.3423 3299.8992 3299.8992 3299.8992 3299.8992 3299.8992 3299.8992 3299.8992 3299.8992 3299.8992 3299.8992 3299.8992 3296.7773 3281.369 3266.162 3250.5522 3235.8489 3221.4478 3207.2478 3192.8467 3178.8481 3176.3306 3193.048 3209.262 3225.3752 3241.1865 3256.7961 3272.5066 3287.915 3299.8992 -3281.4697 -3266.3635 -3251.358 -3236.554 -3221.6492 -3207.1472 -3192.5444 -3178.0425 -3163.8428 -3149.7437 -3135.6445 3299.8992 3299.8992 3299.8992 3299.8992 3299.8992 3299.8992 3299.8992 3299.8992 3299.8992 3299.8992 3299.8992 3298.4893 3283.1816 3267.874 3252.2644 3237.6616 3223.361 3208.8591 3194.76 3180.661 3175.6255 3192.343 3208.5571 3224.8718 3240.5823 3256.2927 3271.9023 3287.4114 3299.8992 -3282.074 -3266.867 -3251.8616 -3237.0574 -3222.2534 -3207.7515 -3193.1487 -3178.7476 -3164.3462 -3150.247 -3136.3494 2628.8818 3299.8992 3299.8992 3299.8992 3299.8992 3299.8992 3299.8992 3299.8992 3299.8992 3299.8992 3299.8992 3299.8992 3284.9944 3269.6868 3253.9763 3239.4744 3224.8718 3210.4705 3196.3713 3182.2722 3174.7192 3191.5374 3207.7515 3223.9653 3239.8772 3255.5876 3271.0967 3286.6057 3299.8992 -3282.6782 -3267.6726 -3252.6672 -3237.7625 -3222.8577 -3208.3557 -3193.753 -3179.3518 -3165.1519 -3150.9521 -3136.853 328.71094 3299.8992 3299.8992 3299.8992 3299.8992 3299.8992 3299.8992 3299.8992 3299.8992 3299.8992 3299.8992 3299.8992 3287.0085 3271.701 3255.9905 3241.5894 3226.9866 3212.5854 3198.3855 3184.2864 3174.3164 3191.034 3207.55 3223.5625 3239.4744 3255.2856 3270.7947 3286.3037 3299.8992 -3283.081 -3267.9749 -3252.9692 -3238.1653 -3223.2605 -3208.6577 -3194.0552 -3179.7546 -3165.3533 -3151.2542 -3137.2559 -1183.2184 3299.8992 3299.8992 3299.8992 3299.8992 3299.8992 3299.8992 3299.8992 3299.8992 3299.8992 
2789.3096 2776.8218 2768.5637 2756.5796 2744.696 2732.1074 2720.0225 2702.3987 869.51294 -1683.0322 2721.8352 2744.8975 2766.0461 2786.087 2805.3223 2823.8525 2842.1814 2860.0066 2877.5298 2894.8516 -3227.2888 -1485.141 -1729.1565 -2670.6755 -2203.4912 -867.9016 959.14307 2547.107 2929.596 2916.3025 2902.8076 2889.5142 2874.9114 2858.2947 2576.1108 2406.8206 2208.1238 2073.578 886.9354 1372.1466 2003.7872 2175.8972 2773.8005 2762.8235 2751.242 2738.4521 2726.065 2709.3474 1700.7568 -834.56726 2860.4094 2737.3442 2758.9966 2779.4402 2798.877 2817.7092 2836.038 2854.065 2871.6887 2889.1113 3121.646 -1810.3271 -2736.0352 2943.8965 2978.54 -2375.299 -366.87927 1511.4258 2959.909 2947.1191 2933.6243 2919.6257 2905.426 2888.7085 2666.748 2525.4546 2851.648 2833.722 2589.102 2811.4653 2799.884 2787.094 2778.0303 2765.6433 2753.8604 2741.1711 2729.187 2713.4766 1845.7764 -431.2317 2716.397 2739.9626 2761.615 2781.8572 2801.193 2820.0256 2838.2537 2856.2805 2873.9043 2891.327 2963.031 -2148.4038 -2853.964 2970.6848 -3154.9805 -1770.1447 930.9448 2741.4734 2948.7305 2935.437 2921.8413 2908.145 2894.2473 2878.2349 2856.079 2737.848 2839.4622 2822.8455 2068.8445 2194.7295 1998.1476 2008.2184 2775.1099 2763.2263 2751.6448 2739.3584 2727.3743 2712.0667 1920.7031 -228.8086 2712.3687 2736.438 2758.09 2778.534 2798.1719 2817.0044 2835.3333 2853.3599 2870.984 2888.4062 3059.3079 -1857.962 -2512.262 3216.211 -3024.765 -1629.657 311.8927 2079.5195 2943.8965 2933.02 2919.7266 2905.8289 2891.9312 2874.9114 2623.3428 2363.214 2777.5269 2813.8823 1789.2792 1816.571 2449.2188 2663.7268 2775.6133 2764.4348 2752.8533 2740.164 2727.777 2714.685 2194.8303 321.8628 3261.9324 2730.2947 2752.4504 2773.1963 2792.8345 2811.8682 2830.2979 2848.4253 2866.15 2883.673 2901.0955 -2427.4658 -2918.82 2943.1914 3194.0552 -2151.3245 -191.44592 1727.8473 2956.082 2942.7886 2929.898 2915.7988 2901.8005 2886.2915 2868.7683 2744.7966 2846.109 2831.305 2230.1787 2128.1616 2657.5835 2781.0515 2777.124 2764.8376 2753.0547 2740.7683 2728.6833 2713.2751 1910.1288 -81.47278 2998.4802 2735.5315 2757.3853 2777.9297 2797.467 2816.1987 2834.4268 2852.5542 2870.3796 2887.6006 
-2731.2012 -2719.6196 -2707.434 -2695.5505 -2411.4531 -2303.1921 -2376.9104 -2557.3792 -2642.8801 -2631.6008 -2620.523 -2609.546 -2598.5686 -2384.262 -1991.803 -1503.3691 -792.1692 209.37195 2196.7437 3299.8992 3299.8992 3299.8992 3299.8992 3299.8992 3299.8992 3299.8992 3299.8992 3299.8992 3299.8992 3299.8992 3299.8992 2759.8022 1376.7792 29.205322 -1123.7 -2061.5935 -2777.9297 -2765.341 -2752.954 -2740.6677 -2728.482 -2716.1956 -2704.6143 -2692.8313 -2351.834 -2130.2764 -2137.6282 -2347.705 -2460.3972 -2537.6404 -2481.3445 -2417.7979 -2242.163 -1857.5592 -1506.5918 -1017.0502 -445.53223 501.6266 2277.008 3299.8992 3299.8992 3299.8992 3299.8992 3299.8992 3299.8992 3299.8992 3299.8992 3299.8992 3299.8992 3299.8992 3299.8992 2658.6914 1302.9602 -61.532593 -1344.9554 -2363.4155 -2788.0005 -2775.1099 -2762.622 -2750.3357 -2738.2507 -2725.9644 -2714.2822 -2702.3987 -2467.3462 -2347.2014 -2393.3257 -2497.5586 -2442.9749 -2464.627 -2628.5796 -2579.2327 -2530.9937 -2118.8965 -1694.7144 -1228.1342 -592.5659 413.9099 2139.743 3299.8992 3299.8992 3299.8992 3299.8992 3299.8992 3299.8992 3299.8992 3299.8992 3299.8992 3299.8992 3299.8992 3299.8992 2871.3867 1466.51 194.36646 -1058.139 -2074.887 -2793.1365 -2780.4473 -2767.859 -2755.5725 -2743.3867 -2731.1003 -2719.3176 -2707.434 -2658.3892 -2493.4294 -2498.8677 -2543.6829 -2589.505 -2614.8833 -2630.191 -2618.9116 -2493.228 -2070.1538 -1355.4291 -925.8087 -445.2301 357.71484 1918.7897 3299.8992 3299.8992 3299.8992 3299.8992 3299.8992 3299.8992 3299.8992 3299.8992 3299.8992 3299.8992 3299.8992 3299.8992 2574.298 1276.6754 -45.41931 -1280.2002 -2277.8137 -2791.4246 -2778.6345 -2766.0461 -2753.8604 -2741.574 -2729.7913 -2717.6055 -2705.722 -2431.0913 -2133.2976 -2258.1755 -2448.3123 -2458.6853 -2504.4067 -2633.313 -2622.235 -2435.1196 -2205.7068 -1894.9219 -1470.9412 -1247.0673 -404.64478 1143.8416 3299.8992 3299.8992 3299.8992 3299.8992 3299.8992 3299.8992 3299.8992 3299.8992 3299.8992 3299.8992 3299.8992 3299.8992 3268.6797 2022.5189 611.1969 -785.32104 -1814.859 -2787.6982 -2779.7424 -2767.1538 -2754.8674 -2742.581 -2730.2947 -2718.512 -2706.6284 -2671.582 -2393.628 -2396.347 -2505.2124 -2635.2263 -2629.0833 -2630.0903 -2619.113 -2536.734 -2189.5935 -1768.7347 -1308.2977 -784.7168 115.512085 1859.372 3299.8992 
3278.1462 3263.3423 3248.639 3234.5398 3220.0378 3206.0393 3192.343 3177.6396 3163.44 3141.8884 3150.7507 3166.864 3182.4736 3197.9827 3213.1897 3228.6987 3243.6035 3258.609 3273.5137 3288.6199 3299.8992 -3282.376 -3267.572 -3253.2715 -3238.4673 -3224.3682 -3210.5713 -3196.4722 -3182.2722 -3168.4753 3299.8992 3299.8992 3299.8992 3299.8992 3299.8992 3299.8992 3299.8992 3299.8992 3299.8992 3294.8638 3280.0598 3265.5579 3250.7537 3236.4531 3221.8506 3207.7515 3193.9543 3179.251 3165.1519 3150.247 -2722.8423 3163.9434 3179.6538 3195.0623 3210.4705 3225.879 3240.7837 3255.789 3270.7947 3285.8 3299.8992 -3284.9944 -3270.291 -3255.89 -3241.5894 -3227.2888 -3212.8875 -3198.7883 -3185.1929 -3171.3958 3299.8992 3299.8992 3299.8992 3299.8992 3299.8992 3299.8992 3299.8992 3299.8992 3299.8992 3294.5618 3279.8584 3265.2556 3250.8545 3236.2517 3222.2534 3208.1543 3193.6523 3179.251 3165.5547 3151.1536 -2012.0453 3161.9292 3177.7405 3193.2495 3208.6577 3223.8647 3239.0715 3254.0771 3269.0825 3283.6853 3298.6907 -3286.7065 -3272.3052 -3258.0046 -3243.3013 -3229.0007 -3215.2039 -3201.004 -3186.8042 -3173.3093 3299.8992 3299.8992 3299.8992 3299.8992 3299.8992 3299.8992 3299.8992 3299.8992 3299.8992 3295.166 3280.4626 3265.7593 3250.955 3236.7554 3222.052 3208.0535 3194.2566 3179.6538 3165.454 3151.2542 -1188.858 3159.2102 3175.122 3190.5303 3205.9387 3221.1455 3236.4531 3251.358 3266.2627 3281.2683 3295.9717 -3289.325 -3274.6216 -3259.9182 -3245.819 -3231.6191 -3217.0166 -3203.119 -3189.3218 -3175.6255 2602.3955 3299.8992 3299.8992 3299.8992 3299.8992 3299.8992 3299.8992 3299.8992 3299.8992 3295.5688 3280.5632 3265.9607 3251.5593 3236.9568 3222.9583 3208.96 3194.458 3180.0566 3166.4612 3151.9592 -542.2119 3158.0017 3173.8127 3189.3218 3204.7302 3219.937 3234.9426 3250.2502 3265.155 3280.0598 3294.9646 -3290.5334 -3276.132 -3261.731 -3246.9268 -3232.8276 -3218.8293 -3204.5288 -3190.5303 -3176.6326 2025.8423 3299.8992 3299.8992 3299.8992 3299.8992 3299.8992 3299.8992 3299.8992 3299.8992 3295.5688 3280.8655 3266.162 3251.4587 3236.7554 3222.8577 3208.6577 3194.2566 3179.7546 3166.2598 3151.8584 210.37903 3155.3833 3170.993 3186.502 3202.011 3217.3186 3232.5256 3247.6318 3262.4358 3277.542 
3264.7522 3249.1423 3233.5327 3218.0237 3203.018 3187.8113 3172.6042 3157.498 3141.7876 3114.395 -1562.8876 3139.6729 3156.491 3173.108 3189.624 3206.0393 3222.354 3238.4673 3254.6814 3270.6938 3286.5051 3299.8992 -3282.376 -3266.464 -3251.056 -3235.8489 -3220.642 -3205.6365 -3190.933 -3141.7876 2474.1943 3299.8992 3299.8992 3299.8992 3299.8992 3299.8992 3299.8992 3299.8992 3298.1873 3282.4768 3266.7664 3251.056 3234.9426 3220.0378 3204.9316 3189.8254 3174.5178 3159.5122 3143.6003 3123.4587 -971.228 3138.162 3155.081 3171.7986 3188.3147 3204.7302 3221.045 3237.1582 3253.372 3269.3848 3285.2966 3299.8992 -3283.6853 -3267.874 -3252.365 -3237.1582 -3221.9512 -3206.9458 -3192.1416 -3177.539 2054.4434 3299.8992 3299.8992 3299.8992 3299.8992 3299.8992 3299.8992 3299.8992 3299.0935 3283.2825 3267.572 3251.8616 3236.1511 3220.8435 3205.6365 3190.4297 3175.2227 3160.0159 3144.3054 3128.897 -479.67224 3136.0474 3153.067 3169.6838 3186.2 3202.6152 3218.93 3235.2446 3251.2573 3267.3706 3283.1816 3298.993 -3285.0952 -3269.6868 -3254.3792 -3239.1724 -3223.9653 -3209.0605 -3194.0552 -3179.3518 1870.047 3299.8992 3299.8992 3299.8992 3299.8992 3299.8992 3299.8992 3299.8992 3297.885 3282.1746 3266.464 3250.7537 3235.2446 3219.8364 3204.6294 3189.5232 3174.3164 3159.2102 3143.399 3128.0913 -332.0343 3134.436 3151.355 3168.0725 3184.5886 3201.004 3217.3186 3233.5327 3249.646 3265.7593 3281.7717 3297.3816 -3286.6057 -3271.298 -3255.89 -3240.5823 -3225.476 -3210.4705 -3195.6665 -3180.8623 929.0314 3299.8992 3299.8992 3299.8992 3299.8992 3299.8992 3299.8992 3299.8992 3299.8992 3284.793 3268.7805 3253.2715 3237.6616 3222.2534 3206.9458 3191.8396 3176.7334 3161.5264 3145.816 3130.7097 345.932 3132.8247 3149.7437 3166.4612 3183.078 3199.3926 3215.808 3232.022 3248.236 3264.2485 3280.0598 3295.9717 -3288.6199 -3272.8088 -3257.199 -3241.9922 -3226.7852 -3211.679 -3196.9756 -3182.1716 513.0066 3299.8992 3299.8992 3299.8992 3299.8992 3299.8992 3299.8992 3299.8992 3299.8992 3285.1958 3269.5862 3253.8757 3237.6616 3222.6562 3207.6506 3192.4438 3177.2368 3162.1306 3146.4202 3131.314 831.74744 3130.5083 3147.528 3164.3462 3180.8623 3197.2778 3213.5925 3230.0078 3246.0205 3262.1338 
3274.823 3258.9111 3242.7979 3227.5908 3212.4846 3197.177 3181.9702 3166.7632 3151.5564 2992.8406 -3196.875 3154.6782 3171.2952 3188.0127 3204.3274 3220.642 3236.856 3252.9692 3269.284 3284.9944 3299.8992 -3283.2825 -3267.874 -3252.365 -3237.0574 -3221.7498 -3206.7444 -3191.8396 -3177.0354 -3162.6343 3299.8992 3299.8992 3299.8992 3299.8992 3299.8992 3299.8992 3299.8992 3299.8992 3299.8992 3291.4397 3275.6287 3259.7168 3244.0063 3228.4973 3213.1897 3197.9827 3182.8765 3167.4683 3152.1606 3129.4006 -2317.996 3151.657 3168.3745 3184.8906 3201.4067 3217.7214 3233.9355 3250.0488 3266.162 3282.2754 3297.9858 -3286.1023 -3270.3918 -3255.1848 -3239.7766 -3224.5696 -3209.4634 -3194.458 -3179.8552 -3165.2527 3299.8992 3299.8992 3299.8992 3299.8992 3299.8992 3299.8992 3299.8992 3299.8992 3299.8992 3291.5405 3275.6287 3259.8174 3244.3083 3228.6987 3213.2903 3198.184 3182.9773 3167.7703 3152.4626 3135.846 -1714.9567 3149.24 3165.9575 3182.4736 3198.9897 3215.4053 3231.5186 3247.8333 3263.8457 3279.8584 3295.6694 -3288.5193 -3273.413 -3257.4004 -3241.9922 -3226.7852 -3211.679 -3196.7742 -3181.8694 -3167.3674 3299.8992 3299.8992 3299.8992 3299.8992 3299.8992 3299.8992 3299.8992 3299.8992 3299.8992 3291.1377 3275.3264 3259.616 3243.704 3228.296 3212.9883 3197.7812 3182.675 3167.4683 3152.1606 3135.745 -1259.8572 3146.9238 3163.6414 3180.258 3196.6736 3213.0889 3229.303 3245.5168 3261.5295 3277.6428 3293.4539 -3290.7349 -3274.7222 -3259.5154 -3244.107 -3228.9001 -3213.794 -3198.8892 -3184.085 -3169.4824 2557.1777 3299.8992 3299.8992 3299.8992 3299.8992 3299.8992 3299.8992 3299.8992 3299.8992 3291.8425 3276.132 3260.2202 3244.6106 3229.0007 3213.693 3198.4863 3183.3801 3168.173 3152.664 3136.5508 -959.9487 3146.2188 3163.037 3179.6538 3196.0693 3212.384 3228.598 3244.812 3260.9253 3277.0386 3292.8496 -3291.4397 -3275.5278 -3260.1196 -3244.812 -3229.5044 -3214.3982 -3199.4934 -3184.6892 -3170.0867 2052.2278 3299.8992 3299.8992 3299.8992 3299.8992 3299.8992 3299.8992 3299.8992 3299.8992 3292.6482 3276.9377 3261.1267 3245.5168 3229.8064 3214.3982 3199.292 3184.085 3168.9788 3153.5706 3137.6587 -135.7544 3143.6003 3160.3179 3177.0354 3193.451 3209.7656 3225.9795 3242.1936 3258.307 3274.3193 
3262.2344 3246.9268 3231.3171 3216.6138 3201.709 3187.1062 3172.5037 3158.1023 3143.7012 3128.2927 -3075.2197 3141.3848 3157.901 3174.2156 3190.3289 3206.4421 3222.4548 3238.1653 3253.8757 3269.4854 3285.2966 3299.8992 -3283.8867 -3268.4783 -3253.2715 -3238.0645 -3223.059 -3208.0535 -3193.2495 -3178.5461 3299.8992 3299.8992 3299.8992 3299.8992 3299.8992 3299.8992 3299.8992 3299.8992 3294.159 3278.549 3263.1409 3247.6318 3232.4248 3217.3186 3202.3132 3187.8113 3173.2085 3158.8074 3144.3054 3129.2998 -1935.3058 3138.8672 3155.6853 3171.7986 3188.0127 3203.9246 3219.937 3235.9497 3251.6602 3267.3706 3282.9802 3298.59 -3286.1023 -3270.6938 -3255.487 -3240.1794 -3225.2747 -3210.3699 -3195.3643 -3180.661 3299.8992 3299.8992 3299.8992 3299.8992 3299.8992 3299.8992 3299.8992 3299.8992 3295.5688 3279.8584 3264.45 3249.1423 3233.7341 3218.628 3203.7231 3189.0198 3174.417 3159.915 3145.514 3130.6091 -987.74414 3137.7593 3154.3762 3170.4895 3186.7034 3202.6152 3218.7285 3234.5398 3250.2502 3266.162 3281.6711 3297.2808 -3287.3108 -3272.0032 -3256.6956 -3241.388 -3226.2817 -3211.2761 -3196.4722 -3181.8694 3299.8992 3299.8992 3299.8992 3299.8992 3299.8992 3299.8992 3299.8992 3299.8992 3295.6694 3280.1604 3264.6514 3249.3438 3233.9355 3218.93 3203.9246 3189.2212 3174.7192 3160.1165 3145.7153 3131.012 -278.15552 3135.6445 3152.2612 3168.6768 3184.8906 3201.004 3216.9158 3232.8276 3248.7395 3264.2485 3279.959 3295.468 -3289.0227 -3273.715 -3258.5083 -3243.2007 -3227.9937 -3212.8875 -3198.184 -3183.4807 2490.3076 3299.8992 3299.8992 3299.8992 3299.8992 3299.8992 3299.8992 3299.8992 3296.6765 3281.067 3265.5579 3250.2502 3234.8418 3219.8364 3205.0322 3190.2283 3175.525 3161.1235 3146.7224 3131.9182 809.39026 3133.429 3149.945 3166.3604 3182.5745 3198.4863 3214.4988 3230.4106 3246.222 3261.9324 3277.6428 3293.2524 -3291.4397 -3276.0315 -3260.623 -3245.4163 -3230.31 -3215.4053 -3200.5005 -3185.6963 1333.5754 3299.8992 3299.8992 3299.8992 3299.8992 3299.8992 3299.8992 3299.8992 3296.878 3281.2683 3265.7593 3250.3508 3235.144 3220.0378 3205.0322 3190.3289 3175.827 3161.2244 3146.823 3132.2205 1413.2355 3131.314 3147.931 3164.447 3180.5603 3196.6736 3212.686 3228.4973 3244.3083 3260.0188 

3269.8882 3284.6924 3299.295 -3286.6057 -3271.4995 -3257.0984 -3242.9993 -3228.7993 -3214.5996 -3200.702 -1423.1049 2995.9624 3299.8992 3299.8992 3299.8992 3299.8992 3299.8992 3299.8992 3299.8992 3285.901 3271.1975 3256.2927 3241.5894 3225.9795 3212.5854 3198.4863 3184.085 3169.8853 3155.6853 3140.7805 1600.5524 -1406.5887 3144.6074 3160.5193 3176.0283 3191.7388 3206.845 3222.354 3237.3596 3252.5664 3267.3706 3282.2754 3296.878 -3288.922 -3273.9165 -3259.5154 -3245.4163 -3231.1157 -3216.7144 -3202.716 -1809.9243 2589.203 3299.8992 3299.8992 3299.8992 3299.8992 3299.8992 3299.8992 3299.8992 3286.4043 3271.701 3256.9976 3241.69 3226.886 3212.5854 3198.8892 3184.6892 3170.1873 3155.7861 3141.2842 1761.6852 -1338.6108 3143.6003 3159.5122 3175.2227 3190.8325 3206.4421 3221.347 3236.4531 3251.7607 3266.6655 3281.067 3296.475 -3289.4255 -3274.5208 -3260.0188 -3245.819 -3231.3171 -3217.218 -3203.119 -2066.1255 2293.222 3299.8992 3299.8992 3299.8992 3299.8992 3299.8992 3299.8992 3299.8992 3288.0156 3273.2117 3258.4075 3243.6035 3227.7922 3214.4988 3200.1982 3186.099 3171.7986 3157.5989 3143.1975 2129.2693 -892.5751 -3268.4783 3156.6924 3172.4028 3188.214 3203.5217 3218.7285 3233.7341 3248.7395 3263.6443 3278.7505 3292.9504 -3291.8425 -3277.9448 -3263.04 -3248.8403 -3234.5398 -3220.3398 -3206.2407 -2301.2786 2201.477 3299.8992 3299.8992 3299.8992 3299.8992 3299.8992 3299.8992 3299.8992 3286.203 3271.0967 3256.3933 3241.69 3226.886 3212.4846 3198.3855 3184.2864 3170.0867 3156.0881 3141.687 2169.754 -945.9503 3208.96 3155.5847 3170.993 3186.6028 3202.3132 3217.52 3232.3242 3247.3296 3262.6372 3277.1392 3291.9434 -3292.9504 -3278.7505 -3264.148 -3250.0488 -3235.7483 -3221.6492 -3207.55 -2577.3193 1763.9008 3299.8992 3299.8992 3299.8992 3299.8992 3299.8992 3299.8992 3299.8992 3287.6128 3272.9094 3258.206 3243.5027 3228.598 3214.2974 3200.3997 3186.3005 3171.698 3157.3975 3143.2983 2539.151 -514.3158 -3078.241 3152.8655 3168.6768 3184.2864 3199.594 3214.9016 3230.1086 3244.812 
3299.8992 3299.8992 3288.8213 3273.5137 3257.904 3243.3013 3228.7993 3214.3982 3200.0977 3185.9985 -1759.7717 3190.4297 3206.7444 3222.8577 3238.7695 3254.5806 3270.1904 3285.6995 3299.8992 -3283.6853 -3268.579 -3253.5735 -3238.7695 -3223.8647 -3209.1614 -3194.5586 -3180.258 -3165.857 -3151.7578 -3137.6587 -2265.326 3299.8992 3299.8992 3299.8992 3299.8992 3299.8992 3299.8992 3299.8992 3299.8992 3299.8992 3299.8992 3299.8992 3290.332 3275.125 3259.4146 3244.7112 3230.1086 3215.808 3201.5076 3187.4084 735.3699 3189.4226 3205.838 3221.8506 3237.9639 3253.5735 3269.284 3284.793 3299.8992 -3284.5916 -3269.4854 -3254.48 -3239.6758 -3224.8718 -3210.0676 -3195.5657 -3181.0637 -3166.7632 -3152.5635 -3138.565 -3048.7334 3299.8992 3299.8992 3299.8992 3299.8992 3299.8992 3299.8992 3299.8992 3299.8992 3299.8992 3299.8992 3299.8992 3292.044 3276.7363 3260.9253 3246.3225 3231.72 3217.218 3202.9175 3188.8184 2386.4775 3188.4155 3204.8308 3221.1455 3237.0574 3252.7678 3268.4783 3283.9873 3299.295 -3285.3972 -3270.1904 -3255.2856 -3240.28 -3225.476 -3210.974 -3196.2708 -3181.7688 -3167.4683 -3153.3691 -3139.27 -3125.3723 3299.8992 3299.8992 3299.8992 3299.8992 3299.8992 3299.8992 3299.8992 3299.8992 3299.8992 3299.8992 3299.8992 3294.058 3278.3477 3262.738 3248.1353 3233.5327 3219.0308 3204.7302 3190.5303 3164.749 3187.8113 3204.3274 3220.5413 3236.4531 3252.2644 3267.9749 3283.383 3298.892 -3285.901 -3270.7947 -3255.789 -3240.8843 -3225.9795 -3211.377 -3196.7742 -3182.373 -3167.9717 -3153.772 -3139.7734 -3125.8757 3299.8992 3299.8992 3299.8992 3299.8992 3299.8992 3299.8992 3299.8992 3299.8992 3299.8992 3299.8992 3299.8992 3295.2666 3280.0598 3264.148 3249.4446 3234.7412 3220.4407 3206.0393 3191.8396 3177.3376 3186.7034 3203.3203 3219.4336 3235.3455 3251.2573 3266.867 3282.376 3297.7844 -3286.8071 -3271.8018 -3256.6956 -3241.7908 -3226.886 -3212.2832 -3197.6807 -3183.2793 -3168.8782 -3154.779 -3140.68 -3126.7822 3299.8992 3299.8992 3299.8992 3299.8992 3299.8992 3299.8992 3299.8992 3299.8992 3299.8992 
3127.7893 -1774.3744 -2196.945 -3123.056 -3191.034 -2050.717 -76.7395 1605.487 2948.6296 2935.5376 2922.0427 2908.4473 2891.5283 2833.5205 2318.8018 1938.1256 2322.0244 2827.0752 1881.2256 1564.801 2166.0278 2575.1038 2784.8784 2772.8943 2761.2122 2748.825 2736.8408 2724.4536 2583.7646 890.96375 -2514.3767 2730.6975 2752.8533 2773.7 2793.338 2812.4724 2830.902 2849.0295 2866.6533 2884.2773 2901.6997 -3071.4934 -3273.715 2948.529 2971.0876 -2509.0393 -464.76746 1515.7562 2966.9585 2953.7659 2940.271 2926.4739 2912.4756 2897.0671 2883.7737 2868.7683 2858.0933 2844.0947 2609.3445 2296.9482 2797.6685 2791.0217 2783.4685 2771.8872 2760.1042 2747.415 2735.1287 2722.4395 1663.5956 -258.81958 3136.4502 2742.4805 2764.1326 2784.1736 2803.5095 2822.2412 2840.57 2858.496 2876.3213 2893.5425 2910.7634 -2518.3044 -1925.8392 -2590.8142 -2770.578 -1868.0328 -85.29968 1601.5594 2952.1545 2938.9617 2925.8696 2911.8713 2897.9736 2882.1624 2861.4165 2518.103 1997.2412 2613.977 1858.5663 1371.9452 2028.1586 2451.9377 2788.3025 2776.016 2764.4348 2752.249 2740.164 2727.6763 2502.0903 849.2706 -1619.8883 2728.2805 2750.94 2771.7864 2791.5251 2810.7605 2829.2908 2847.4182 2865.1428 2882.7666 2900.0884 -2778.131 -2786.087 -3267.2698 2958.3984 -3227.5908 -1207.489 570.813 2391.3115 2960.4126 2947.0183 2933.2214 2919.3237 2902.7068 2821.3347 2356.668 2616.696 2851.547 2818.3135 2461.0015 2801.8982 2801.193 2792.4316 2780.1453 2768.2617 2755.8745 2743.689 2731.2012 2599.878 1084.8267 -1900.058 2732.8125 2755.0688 2775.714 2795.453 2814.4866 2832.9163 2850.9429 2868.869 2886.1907 2903.6133 -2860.3088 -2878.7383 -3113.2874 3257.8032 -2590.9148 54.68445 1782.6324 2957.9956 2944.9036 2931.5093 2917.813 2903.8147 2889.5142 2871.8901 2665.3381 2672.992 2834.1248 2466.8425 1605.7892 1448.0804 1871.5576 2788.202 2776.8218 2765.2405 2752.7527 2740.4663 2728.079 2618.106 1069.6198 -1872.3633 2729.5898 2752.0476 2772.7935 2792.7336 2811.7676 2830.197 2848.3245 2866.15 2883.8745 
3299.8992 3299.8992 3299.8992 3299.8992 3299.8992 3299.8992 3299.8992 3299.8992 3299.8992 3299.8992 3299.8992 3166.864 1574.469 211.78894 -1090.7684 -2118.1914 -2791.7266 -2779.0374 -2766.5496 -2754.1626 -2741.8762 -2729.8918 -2717.9077 -2706.2256 -2689.1052 -2391.11 -2158.2732 -2251.0254 -2242.3645 -2171.9695 -2474.3958 -2609.0422 -2373.9897 -2030.8777 -1726.3367 -1366.8091 -855.91736 86.60889 1496.8231 3299.8992 3299.8992 3299.8992 3299.8992 3299.8992 3299.8992 3299.8992 3299.8992 3299.8992 3299.8992 3299.8992 3299.8992 3049.539 1731.6742 372.82104 -635.2661 -1681.9244 -2713.8794 -2789.209 -2776.6204 -2764.2334 -2751.8462 -2739.5598 -2727.777 -2715.8936 -2700.7874 -2421.0205 -2388.2903 -2444.989 -2661.1084 -2649.7283 -2638.449 -2627.2705 -2539.2517 -2188.1836 -1894.6198 -1492.2913 -1025.3082 -271.91162 987.2406 3140.982 3299.8992 3299.8992 3299.8992 3299.8992 3299.8992 3299.8992 3299.8992 3299.8992 3299.8992 3299.8992 3299.8992 3191.336 1934.198 593.3716 -681.08826 -1726.9409 -2797.0642 -2784.375 -2771.7864 -2759.3994 -2747.113 -2734.8267 -2722.943 -2711.0596 -2609.2437 -2178.4148 -2232.6965 -2444.8882 -2415.6829 -2341.159 -2206.5125 -2411.1511 -2268.1458 -1965.6189 -1721.402 -1409.1064 -1058.9447 -383.29468 747.55554 2901.6997 3299.8992 3299.8992 3299.8992 3299.8992 3299.8992 3299.8992 3299.8992 3299.8992 3299.8992 3299.8992 3299.8992 3299.8992 2132.9956 752.2888 -557.1167 -1685.6506 -2664.5325 -2791.5251 -2778.9368 -2766.449 -2754.1626 -2741.8762 -2729.9927 -2718.1091 -2668.3594 -2155.8562 -2172.171 -2323.1323 -2346.698 -2332.498 -2474.8992 -2632.205 -2624.8535 -2482.9558 -2095.1294 -1663.092 -1200.3387 -418.6432 743.3258 2961.2183 3299.8992 3299.8992 3299.8992 3299.8992 3299.8992 3299.8992 3299.8992 3299.8992 3299.8992 3299.8992 3299.8992 3299.8992 2351.1292 924.6002 -479.77295 -1635.9009 -2634.4207 -2793.4387 -2780.7495 -2768.3623 -2755.9753 -2743.689 -2731.8054 -2719.9219 -2708.139 -2352.6396 -2348.5107 -2572.3845 -2644.4915 -2571.2769 -2641.7725 -2632.306 -2596.1516 -2327.664 -1737.4146 -1391.4825 -924.3988 -90.33508 957.1289 2974.9146 
3292.2454 -3293.051 -3278.7505 -3263.9465 -3249.948 -3235.6475 -3221.045 -3206.9458 -3193.2495 -3179.4524 614.7217 3299.8992 3299.8992 3299.8992 3299.8992 3299.8992 3299.8992 3299.8992 3299.8992 3295.8708 3281.1675 3266.464 3251.9622 3237.4602 3223.462 3209.3628 3194.9614 3180.5603 3166.7632 3152.664 946.35315 3153.3691 3169.1802 3184.79 3200.1982 3215.2039 3230.5115 3245.7183 3260.623 3275.4272 3290.2312 3299.8992 -3280.5632 -3266.162 -3251.358 -3237.0574 -3223.2605 -3208.96 -3194.76 -3180.9631 -315.6189 3299.8992 3299.8992 3299.8992 3299.8992 3299.8992 3299.8992 3299.8992 3299.8992 3296.475 3281.9731 3267.1692 3252.365 3238.1653 3223.462 3209.3628 3195.6665 3181.0637 3166.9646 3152.765 1360.1624 3152.0598 3167.7703 3183.1787 3198.6877 3213.8945 3229.303 3244.2078 3259.1125 3274.0173 3288.922 3299.8992 -3281.5703 -3266.867 -3252.8687 -3238.4673 -3223.8647 -3209.7656 -3196.17 -3182.2722 -1185.7361 3299.8992 3299.8992 3299.8992 3299.8992 3299.8992 3299.8992 3299.8992 3299.8992 3297.6836 3282.8796 3268.0754 3253.6743 3239.0715 3225.1738 3211.0747 3196.5728 3182.1716 3168.576 3154.4768 2110.6384 3149.945 3165.857 3181.4666 3196.875 3212.2832 3227.3894 3242.4956 3257.5012 3272.406 3287.21 3299.8992 -3283.5845 -3269.284 -3254.3792 -3240.0786 -3226.181 -3211.7798 -3197.6807 -3183.783 -1790.387 3299.8992 3299.8992 3299.8992 3299.8992 3299.8992 3299.8992 3299.8992 3299.8992 3297.7844 3283.081 3268.3777 3253.6743 3239.273 3224.6704 3210.5713 3196.7742 3182.1716 3168.173 3153.9734 2347.9065 3148.4343 3164.2456 3179.956 3195.2637 3210.8733 3225.778 3240.8843 3255.89 3270.7947 3285.6995 3299.8992 -3284.793 -3270.4924 -3255.5876 -3241.1865 -3227.3894 -3212.8875 -3198.6877 -3184.8906 -2328.067 3299.8992 3299.8992 3299.8992 3299.8992 3299.8992 3299.8992 3299.8992 3299.8992 3298.6907 3283.8867 3269.1833 3254.2786 3239.6758 3225.778 3211.5784 3197.177 3182.675 3169.1802 3155.182 2827.9814 3146.2188 3162.332 3177.942 3193.451 3208.5571 3223.8647 3239.0715 3253.9763 3268.7805 
3278.0457 3293.8567 -3290.8354 -3275.0244 -3259.4146 -3244.0063 -3229.0007 -3213.794 -3198.8892 -3184.2864 67.474365 3299.8992 3299.8992 3299.8992 3299.8992 3299.8992 3299.8992 3299.8992 3299.8992 3285.0952 3269.284 3253.6743 3237.4602 3222.4548 3207.4492 3192.2424 3177.2368 3162.03 3146.3196 3131.314 1263.1805 3127.6885 3144.6074 3161.4258 3178.0425 3194.5586 3210.8733 3227.0874 3243.3013 3259.314 3275.3264 3291.2383 -3292.8496 -3277.4414 -3262.033 -3246.8262 -3231.5186 -3216.513 -3201.6082 -3186.7034 -684.1095 3299.8992 3299.8992 3299.8992 3299.8992 3299.8992 3299.8992 3299.8992 3299.8992 3285.901 3270.1904 3254.48 3238.87 3223.5625 3208.1543 3193.1487 3177.942 3162.8357 3147.1252 3132.019 1561.0748 3126.9836 3144.2046 3160.8215 3177.4382 3193.9543 3210.269 3226.3823 3242.697 3258.7097 3274.7222 3290.634 3299.8992 -3278.0457 -3262.6372 -3247.3296 -3232.1228 -3217.0166 -3202.1118 -3187.207 -1011.71265 3299.8992 3299.8992 3299.8992 3299.8992 3299.8992 3299.8992 3299.8992 3299.8992 3287.0085 3271.0967 3255.487 3239.8772 3224.5696 3209.1614 3194.0552 3178.8481 3163.742 3148.0315 3133.0261 2125.0396 -3164.1448 3140.982 3157.901 3174.417 3190.933 3207.2478 3223.361 3239.6758 3255.789 3271.8018 3287.7136 3299.8992 -3280.966 -3265.457 -3250.2502 -3234.9426 -3219.937 -3204.8308 -3190.0269 -1619.284 3299.8992 3299.8992 3299.8992 3299.8992 3299.8992 3299.8992 3299.8992 3299.8992 3287.1094 3271.298 3255.5876 3240.0786 3224.5696 3209.3628 3194.2566 3179.0496 3163.9434 3148.233 3133.2275 2469.2595 -2699.5789 3138.3635 3155.182 3171.8994 3188.214 3204.7302 3220.944 3237.1582 3253.2715 3269.3848 3285.1958 3299.8992 -3283.383 -3267.874 -3252.4658 -3237.1582 -3221.9512 -3207.1472 -3192.2424 -1786.3586 3299.8992 3299.8992 3299.8992 3299.8992 3299.8992 3299.8992 3299.8992 3299.8992 3285.6995 3269.989 3254.2786 3238.0645 3222.8577 3207.953 3192.8467 3177.7405 3162.6343 3146.9238 3131.9182 2643.4844 -2506.8237 3135.6445 3152.4626 3168.9788 3185.4949 3201.9104 3218.225 3234.439 3250.5522 
3290.332 3299.8992 -3278.0457 -3262.738 -3247.3296 -3232.022 -3216.9158 -3202.1118 -3187.1062 -3172.4028 1102.1484 3299.8992 3299.8992 3299.8992 3299.8992 3299.8992 3299.8992 3299.8992 3299.8992 3293.1519 3277.3406 3261.4287 3245.5168 3230.2092 3215.0024 3199.7954 3184.5886 3169.4824 3154.2754 3138.0615 643.7256 3140.3777 3157.196 3173.8127 3190.2283 3206.7444 3222.8577 3239.1724 3255.1848 3271.399 3287.21 3299.8992 -3281.067 -3265.7593 -3250.2502 -3235.0432 -3219.7356 -3204.7302 -3189.926 -3175.2227 130.41687 3299.8992 3299.8992 3299.8992 3299.8992 3299.8992 3299.8992 3299.8992 3299.8992 3293.3533 3277.542 3261.731 3245.7183 3230.4106 3215.2039 3199.9968 3184.79 3169.583 3154.3762 3138.263 751.9867 3140.277 3156.9946 3173.8127 3190.3289 3206.4421 3222.7568 3238.971 3255.0842 3271.1975 3287.3108 3299.8992 -3281.6711 -3265.8599 -3250.3508 -3235.0432 -3219.8364 -3204.9316 -3189.926 -3175.424 -396.78955 3299.8992 3299.8992 3299.8992 3299.8992 3299.8992 3299.8992 3299.8992 3299.8992 3294.8638 3279.1533 3263.3423 3247.1282 3231.9214 3216.8152 3201.4067 3186.4014 3171.0938 3155.8867 3139.7734 1634.7931 3137.0544 3154.074 3170.691 3187.1062 3203.421 3219.7356 3235.9497 3252.1636 3268.2769 3284.0881 3299.8992 -3284.3901 -3268.7805 -3253.372 -3237.9639 -3222.7568 -3207.6506 -3192.6453 -3178.244 -1044.5435 3299.8992 3299.8992 3299.8992 3299.8992 3299.8992 3299.8992 3299.8992 3299.8992 3294.3604 3278.65 3262.8386 3246.524 3231.4177 3216.11 3200.9033 3185.6963 3170.59 3155.484 3139.3706 1947.3907 3134.8389 3151.9592 3168.3745 3185.1929 3201.4067 3217.52 3233.8347 3250.0488 3266.162 3282.2754 3297.9858 -3286.7065 -3270.7947 -3255.2856 -3239.8772 -3224.6704 -3209.5642 -3194.6594 -3180.0566 -1757.5562 3299.8992 3299.8992 3299.8992 3299.8992 3299.8992 3299.8992 3299.8992 3299.8992 3295.2666 3279.4556 3263.6443 3247.7324 3232.2234 3216.9158 3201.709 3186.6028 3171.3958 3156.2896 3140.1763 2337.332 3133.3281 3150.247 3167.0654 3183.4807 3199.8962 3216.11 3232.4248 3248.538 3264.6514 
3275.7292 3291.339 -3293.2524 -3277.8442 -3262.4358 -3247.1282 -3232.1228 -3217.1172 -3202.1118 -3187.4084 169.59229 3299.8992 3299.8992 3299.8992 3299.8992 3299.8992 3299.8992 3299.8992 3297.6836 3282.1746 3266.565 3251.1565 3235.9497 3220.7427 3205.838 3191.1345 3176.532 3162.1306 3147.528 3133.1267 2116.278 3129.2998 3145.9167 3162.2314 3178.5461 3194.5586 3210.5713 3226.4832 3242.2942 3258.1055 3273.715 3289.325 -3295.166 -3279.8584 -3264.45 -3249.3438 -3234.0361 -3219.0308 -3204.126 -3189.3218 -610.49194 3299.8992 3299.8992 3299.8992 3299.8992 3299.8992 3299.8992 3299.8992 3297.7844 3282.1746 3266.6655 3251.1565 3235.8489 3220.7427 3205.9387 3191.1345 3176.4312 3162.03 3147.6287 3133.1267 2335.4187 3128.4941 3145.2117 3161.5264 3177.7405 3193.8538 3209.8662 3225.778 3241.4885 3257.2998 3272.9094 3288.6199 3299.8992 -3280.5632 -3265.3564 -3249.948 -3234.8418 -3219.937 -3204.9316 -3190.0269 -1400.3448 3299.8992 3299.8992 3299.8992 3299.8992 3299.8992 3299.8992 3299.8992 3299.0935 3283.383 3267.874 3252.4658 3237.1582 3222.1526 3207.2478 3192.4438 3177.6396 3163.339 3148.7366 3134.2346 2901.3977 3126.178 3142.7947 3159.2102 3175.6255 3191.5374 3207.55 3223.462 3239.1724 3255.0842 3270.6938 3286.4043 3299.8992 -3282.7788 -3267.3706 -3252.1636 -3236.9568 -3221.8506 -3206.9458 -3192.2424 -2166.0278 3299.8992 3299.8992 3299.8992 3299.8992 3299.8992 3299.8992 3299.8992 3299.295 3283.5845 3268.1763 3252.7678 3237.3596 3222.354 3207.4492 3192.5444 3177.942 3163.339 3149.1394 3134.436 3100.9001 3123.9624 3140.982 3157.3975 3173.6113 3189.7246 3205.6365 3221.6492 3237.3596 3253.07 3268.7805 3284.491 3299.8992 -3284.6924 -3269.1833 -3254.1777 -3238.971 -3223.8647 -3208.8591 -3194.1558 -2851.7485 3299.8992 3299.8992 3299.8992 3299.8992 3299.8992 3299.8992 3299.8992 3299.8992 3284.9944 3269.3848 3253.9763 3238.568 3223.361 3208.5571 3193.6523 3178.949 3164.5476 3150.1465 3135.6445 3119.4304 3122.2502 3139.1692 3155.5847 3171.8994 3188.0127 3204.0251 3219.937 3235.8489 3251.5593 

3259.8174 3274.6216 3289.4255 3299.8992 -3281.369 -3266.9678 -3252.2644 -3237.863 -3224.0662 -3209.8662 -2864.74 1484.9396 3299.8992 3299.8992 3299.8992 3299.8992 3299.8992 3299.8992 3299.8992 3287.5122 3272.708 3258.0046 3243.3013 3228.4973 3214.096 3200.299 3186.099 3172 3157.6995 3143.4998 2703.003 -249.65515 -2767.859 3149.6428 3165.756 3181.2651 3196.7742 3211.9812 3226.7852 3241.8914 3257.2998 3271.8018 3287.1094 3299.8992 -3283.6853 -3269.3848 -3254.782 -3240.4814 -3226.181 -3212.384 -3086.0962 948.5687 3299.8992 3299.8992 3299.8992 3299.8992 3299.8992 3299.8992 3299.8992 3288.5193 3288.5193 3288.5193 3288.5193 3288.5193 3288.5193 3288.5193 3288.5193 3288.5193 3288.5193 3288.5193 3288.5193 3288.5193 3288.5193 3288.5193 3288.5193 3288.5193 3288.5193 3288.5193 3288.5193 3288.5193 3256.6956 3271.298 3286.6057 3299.8992 -3284.6924 -3270.1904 -3255.3862 -3241.0857 -3227.2888 -3213.1897 -3198.8892 596.9971 3299.8992 3299.8992 3299.8992 3299.8992 3299.8992 3299.8992 3299.8992 3290.2312 3275.5278 3260.4216 3246.222 3230.31 3216.9158 3202.716 3188.617 3174.417 3160.2173 3146.0173 2959.4055 78.35083 -2643.3838 3149.6428 3165.454 3180.8623 3196.3713 3211.679 3226.5837 3241.7908 3257.0984 3271.8018 3286.203 3299.8992 -3284.491 -3269.7876 -3255.3862 -3241.4885 -3226.886 -3213.1897 -3199.0906 147.1344 3299.8992 3299.8992 3299.8992 3299.8992 3299.8992 3299.8992 3299.8992 3292.6482 3278.247 3263.1409 3248.8403 3233.029 3219.5342 3205.3345 3191.034 3176.9348 3162.7349 3148.5352 3066.2566 420.95947 -2266.333 3148.4343 3164.2456 3179.6538 3195.0623 3210.6719 3225.879 3240.5823 3255.6885 3270.7947 3285.498 3299.6978 -3285.0952 -3270.5933 -3256.192 -3242.1936 -3227.893 -3213.4917 -3199.594 128.90625 3299.8992 3299.8992 3299.8992 3299.8992 3299.8992 3299.8992 3299.8992 3292.1448 3277.3406 3262.738 3247.531 3232.6262 3218.1243 3204.428 3189.8254 3175.6255 3161.4258 3147.2258 3123.4587 559.3323 -2264.1174 3146.2188 3161.9292 3177.841 3193.35 3208.7585 3223.462 3238.6687 
3299.8992 3299.8992 3296.7773 3281.2683 3265.6584 3250.955 3236.2517 3221.8506 3207.4492 3193.2495 3179.0496 3185.8977 3202.4138 3218.628 3234.6404 3250.3508 3266.0613 3281.5703 3297.0793 -3287.7136 -3272.5066 -3257.5012 -3242.697 -3227.7922 -3213.0889 -3198.4863 -3183.9844 -3169.583 -3155.3833 -3141.4856 -3127.487 3299.8992 3299.8992 3299.8992 3299.8992 3299.8992 3299.8992 3299.8992 3299.8992 3299.8992 3299.8992 3299.8992 3298.0864 3282.7788 3267.1692 3252.365 3237.7625 3223.2605 3208.7585 3194.5586 3180.5603 3184.79 3201.3062 3217.6208 3233.5327 3249.4446 3265.0542 3280.5632 3296.173 -3288.6199 -3273.5137 -3258.5083 -3243.6035 -3228.7993 -3213.9954 -3199.292 -3184.8906 -3170.4895 -3156.2896 -3142.1904 -3128.3936 3299.8992 3299.8992 3299.8992 3299.8992 3299.8992 3299.8992 3299.8992 3299.8992 3299.8992 3299.8992 3299.8992 3299.4963 3284.491 3268.6797 3253.8757 3239.273 3224.6704 3210.3699 3196.17 3182.0708 3183.8835 3200.5005 3216.8152 3232.8276 3248.639 3264.3494 3279.8584 3295.2666 -3289.325 -3274.118 -3259.2131 -3244.3083 -3229.5044 -3214.5996 -3200.0977 -3185.4949 -3171.1943 -3156.9946 -3142.8955 -3128.9978 3299.8992 3299.8992 3299.8992 3299.8992 3299.8992 3299.8992 3299.8992 3299.8992 3299.8992 3299.8992 3299.8992 3299.8992 3286.0015 3270.0896 3255.2856 3240.5823 3226.0803 3211.5784 3197.4792 3183.3801 3182.5745 3199.3926 3215.5059 3231.6191 3247.4304 3263.2415 3278.7505 3294.159 -3290.5334 -3275.3264 -3260.321 -3245.3154 -3230.5115 -3215.808 -3201.1047 -3186.7034 -3172.3022 -3158.1023 -3144.0032 -3130.1055 3299.8992 3299.8992 3299.8992 3299.8992 3299.8992 3299.8992 3299.8992 3299.8992 3299.8992 3299.8992 3299.8992 3299.8992 3287.0085 3270.996 3256.192 3241.4885 3226.9866 3212.5854 3198.285 3184.1858 3181.1646 3197.7812 3214.096 3230.2092 3246.0205 3261.6301 3277.3406 3292.749 3299.8992 -3276.6357 -3261.6301 -3246.7253 -3231.8206 -3217.1172 -3202.4138 -3187.9119 -3173.5107 -3159.3108 -3145.2117 -3131.314 3299.8992 3299.8992 3299.8992 3299.8992 3299.8992 3299.8992 3299.8992 3299.8992 3299.8992 
2900.9949 -3005.8318 -3042.389 -3156.5918 3079.7515 -2837.9517 -1025.3082 696.698 1940.0391 2960.614 2947.2197 2933.6243 2919.7266 2903.4119 2884.2773 2487.2864 2604.2083 2853.662 2744.7966 1995.4285 2474.8992 2803.5095 2794.9492 2783.267 2771.4844 2758.7952 2746.5088 2734.1216 2715.8936 1477.185 -1423.8098 2730.2947 2752.7527 2773.599 2793.338 2812.4724 2830.902 2849.0295 2866.8547 2884.4788 2901.6997 -3117.517 -3058.2 -2916.9067 3194.76 -2868.869 -1074.1516 648.056 2552.243 2958.197 2944.9036 2931.3079 2917.511 2903.5125 2887.2986 2868.869 2858.798 2849.231 2780.1453 1975.1862 2445.8953 2798.0713 2789.9138 2777.5269 2765.744 2753.357 2741.3726 2728.8848 2588.4978 1101.6449 -1498.938 2728.5828 2750.94 2771.9878 2791.8274 2810.861 2829.2908 2847.6196 2865.4448 2882.968 2900.2898 -3009.2559 -3125.7751 -2824.4568 -3170.7915 -2533.914 -747.75696 923.3917 2689.2058 2949.7375 2936.3433 2922.8484 2907.4402 2891.327 2727.6763 2126.651 1989.386 2700.7874 2448.1108 1434.1827 1984.6527 2635.2263 2795.9563 2784.375 2772.7935 2760.1042 2748.0193 2735.733 2720.1233 2040.9485 -517.73987 2722.6409 2745.7031 2766.8518 2786.9934 2806.2285 2824.8596 2843.1885 2861.0137 2878.6377 2895.9595 2916.806 2975.2166 3276.0315 2961.3188 -3149.24 -1391.684 268.9911 2081.735 2965.0452 2951.651 2938.0554 2924.1577 2910.3606 2896.5637 2879.7454 2866.5527 2856.079 2838.556 2111.5447 2401.3823 2804.013 2795.2515 2783.4685 2771.6858 2758.9966 2746.8108 2734.6252 2485.0708 952.69775 -1308.3984 2733.1145 2755.673 2776.2175 2795.755 2814.9902 2833.319 2851.3457 2869.1711 2886.5935 2903.9153 3263.4429 -2713.4766 -1949.8077 -2629.6875 -2477.9204 -846.2494 811.5051 2656.8787 2947.3206 2934.027 2920.4314 2906.5337 2890.924 2875.6165 2630.7952 1785.2509 2378.8237 2491.1133 1354.2206 1612.8387 2224.237 2796.8628 2784.375 2772.6929 2760.507 2748.523 2736.2366 2720.1233 1826.0376 416.83044 3232.9285 2738.855 2760.608 2780.951 2800.4883 2819.4214 2837.6494 2855.6763 2873.3 
3299.8992 3299.8992 3299.8992 3299.8992 3299.8992 3299.8992 3299.8992 3299.8992 3299.8992 3299.8992 3299.8992 3299.8992 2023.2239 691.05835 -533.85315 -1605.6885 -2606.4238 -2793.2373 -2780.548 -2768.0603 -2755.774 -2743.689 -2731.8054 -2719.821 -2707.9375 -2277.6123 -2189.2913 -2351.3306 -2445.6938 -2447.708 -2583.8652 -2635.4277 -2590.0085 -2168.344 -1773.7701 -1437.0026 -1281.0059 -630.83496 361.0382 2432.7026 3299.8992 3299.8992 3299.8992 3299.8992 3299.8992 3299.8992 3299.8992 3299.8992 3299.8992 3299.8992 3299.8992 3299.8992 2451.132 1031.6528 -254.18701 -1519.4824 -2540.2588 -2794.1436 -2781.3538 -2769.0674 -2756.5796 -2744.3938 -2732.5103 -2720.6267 -2708.6426 -2515.8875 -2462.5122 -2580.542 -2578.427 -2495.1416 -2504.7087 -2632.5073 -2621.4294 -2379.6294 -1980.9265 -1562.384 -1126.8219 -428.8147 898.9197 2885.4858 3299.8992 3299.8992 3299.8992 3299.8992 3299.8992 3299.8992 3299.8992 3299.8992 3299.8992 3299.8992 3299.8992 3299.8992 2310.745 906.06995 -447.8485 -1593.5028 -2544.3877 -2792.633 -2780.0444 -2767.5566 -2755.2703 -2742.984 -2730.9998 -2719.1162 -2705.017 -2150.3174 -1804.184 -1983.3435 -2100.064 -2214.4683 -2292.819 -2599.6765 -2444.284 -2105.4016 -1789.8834 -1441.0309 -1017.6544 -417.03186 510.08606 2424.1423 3299.8992 3299.8992 3299.8992 3299.8992 3299.8992 3299.8992 3299.8992 3299.8992 3299.8992 3299.8992 3299.8992 3299.8992 2594.2383 1282.7179 178.95813 -1034.4727 -2097.1436 -2811.7676 -2799.0784 -2786.3892 -2774.002 -2761.7156 -2749.7314 -2737.747 -2725.763 -2429.8828 -2365.3289 -2474.6978 -2682.7605 -2671.1792 -2659.6985 -2648.3184 -2637.14 -2411.2517 -2052.0264 -1633.9874 -1231.961 -611.3983 395.37964 2156.6619 3299.8992 3299.8992 3299.8992 3299.8992 3299.8992 3299.8992 3299.8992 3299.8992 3299.8992 3299.8992 3299.8992 3299.8992 2686.6882 1239.4135 -107.25403 -1361.9751 -2649.5269 -2805.6243 -2792.8345 -2780.3467 -2768.0603 -2755.5725 -2743.5881 -2731.5032 -2719.7205 -2478.726 -2280.2307 -2455.7646 -2462.21 -2540.6616 -2294.1284 -2505.2124 -2503.8025 -2246.6948 -1897.8424 -1529.956 -1090.4663 -544.2261 420.85876 2102.5818 
3283.786 3298.6907 -3286.908 -3272.2046 -3258.1055 -3243.9055 -3229.1016 -3214.9016 -3201.2053 -3187.207 -2895.2544 3299.8992 3299.8992 3299.8992 3299.8992 3299.8992 3299.8992 3299.8992 3299.8992 3299.1943 3284.1887 3269.3848 3254.8828 3240.5823 3225.879 3211.7798 3198.0835 3183.4807 3169.6838 3155.3833 3040.274 3144.6074 3160.62 3176.3306 3191.6382 3206.9458 3222.1526 3237.3596 3252.4658 3267.2698 3282.074 3296.878 -3288.3179 -3273.9165 -3259.0117 -3244.7112 -3230.9143 -3216.3115 -3202.2124 -3188.3147 -3096.5698 3299.8992 3299.8992 3299.8992 3299.8992 3299.8992 3299.8992 3299.8992 3299.8992 3299.295 3284.5916 3269.8882 3254.9834 3240.3809 3226.3823 3212.2832 3197.7812 3183.3801 3169.8853 3155.8867 3130.7097 3143.6003 3159.5122 3175.0212 3190.631 3206.0393 3221.1455 3236.3525 3251.4587 3266.0613 3281.1675 3295.7703 -3289.627 -3274.9236 -3260.8245 -3246.4233 -3231.72 -3217.52 -3203.9246 -3189.926 -3176.0283 3299.8992 3299.8992 3299.8992 3299.8992 3299.8992 3299.8992 3299.8992 3299.8992 3299.8992 3285.8 3271.0967 3256.5947 3242.395 3227.5908 3213.391 3199.6948 3184.9915 3171.0938 3157.2966 3142.1904 -3264.5508 3157.498 3173.41 3188.617 3204.0251 3219.2322 3234.3384 3249.4446 3264.45 3279.2542 3293.9575 -3291.1377 -3276.7363 -3261.9324 -3247.4304 -3233.6333 -3219.1313 -3204.8308 -3190.933 -3177.2368 3299.8992 3299.8992 3299.8992 3299.8992 3299.8992 3299.8992 3299.8992 3299.8992 3299.8992 3286.908 3272.3052 3257.2998 3242.697 3228.6987 3214.4988 3199.9968 3185.5957 3172.2014 3158.2031 3143.399 -2714.5842 3156.7932 3172.5037 3188.1133 3203.3203 3218.628 3233.8347 3248.8403 3263.745 3278.65 3293.3533 -3292.1448 -3277.3406 -3263.2415 -3248.8403 -3234.137 -3220.0378 -3206.2407 -3192.041 -3178.4453 3299.8992 3299.8992 3299.8992 3299.8992 3299.8992 3299.8992 3299.8992 3299.8992 3299.8992 3288.3179 3273.6145 3259.1125 3244.812 3230.1086 3215.9087 3202.1118 3187.509 3173.41 3159.4116 3145.0103 -1623.7152 3154.779 3170.4895 3185.9985 3201.4067 3216.513 3231.6191 3246.9268 3261.8315 
3266.6655 3282.5774 3297.885 -3286.1023 -3270.5933 -3255.0842 -3239.7766 -3224.6704 -3209.6648 -3194.8608 -2388.1897 3299.8992 3299.8992 3299.8992 3299.8992 3299.8992 3299.8992 3299.8992 3299.8992 3286.8071 3271.0967 3255.2856 3239.273 3223.9653 3208.96 3193.753 3178.8481 3163.742 3147.83 3133.0261 2798.0713 -2201.779 3134.8389 3151.657 3168.274 3184.79 3201.2053 3217.52 3233.6333 3249.7466 3265.7593 3281.7717 3297.0793 -3287.0085 -3271.298 -3255.89 -3240.6829 -3225.476 -3210.3699 -3195.5657 -2647.0093 3299.8992 3299.8992 3299.8992 3299.8992 3299.8992 3299.8992 3299.8992 3299.8992 3287.7136 3272.0032 3256.2927 3240.6829 3225.0732 3209.8662 3194.6594 3179.6538 3164.447 3148.7366 3133.8318 3054.9773 -1627.24 3132.2205 3149.0386 3165.756 3182.1716 3198.587 3214.801 3231.1157 3247.3296 3263.2415 3279.1533 3295.2666 -3289.224 -3273.715 -3258.307 -3242.9993 -3227.893 -3212.8875 -3198.0835 -2996.1638 2992.8406 3299.8992 3299.8992 3299.8992 3299.8992 3299.8992 3299.8992 3299.8992 3288.922 3273.2117 3257.4004 3241.7908 3226.3823 3210.974 3195.868 3180.8623 3165.6555 3150.0457 3135.1409 3111.3738 -1231.3568 3131.1125 3148.0315 3164.6484 3181.2651 3197.5798 3213.8945 3230.2092 3246.3225 3262.3352 3278.247 3294.2595 -3290.2312 -3274.823 -3259.314 -3244.107 -3228.7993 -3213.794 -3198.8892 -3182.4736 2365.933 3299.8992 3299.8992 3299.8992 3299.8992 3299.8992 3299.8992 3299.8992 3290.9363 3275.2258 3259.616 3243.9055 3228.3965 3212.9883 3197.9827 3182.776 3167.6697 3151.9592 3137.0544 3117.517 -884.1156 3131.1125 3147.931 3164.6484 3181.1646 3197.5798 3213.8945 3230.2092 3246.3225 3262.3352 3278.247 3293.8567 -3290.2312 -3274.5208 -3259.1125 -3243.805 -3228.598 -3213.693 -3198.7883 -3183.9844 2288.086 3299.8992 3299.8992 3299.8992 3299.8992 3299.8992 3299.8992 3299.8992 3291.742 3276.132 3260.321 3244.107 3228.9001 3213.8945 3198.6877 3183.6821 3168.576 3152.765 3137.9607 3122.5525 -106.951904 3127.487 3144.5068 3161.1235 3177.6396 3194.0552 3210.4705 3226.6846 3242.7979 
3280.5632 3296.576 -3288.1165 -3272.3052 -3256.5947 -3241.388 -3226.181 -3211.0747 -3195.9685 -3181.366 -2336.7278 3299.8992 3299.8992 3299.8992 3299.8992 3299.8992 3299.8992 3299.8992 3299.8992 3296.6765 3280.7646 3265.0542 3249.3438 3233.6333 3218.225 3203.018 3188.0127 3172.705 3157.3975 3141.5862 2594.1375 3132.6233 3149.6428 3166.3604 3182.776 3199.1912 3215.5059 3231.72 3247.9338 3264.047 3279.959 3295.8708 -3288.7207 -3272.9094 -3257.4004 -3241.9922 -3226.6846 -3211.679 -3196.5728 -3181.9702 -2594.8425 3299.8992 3299.8992 3299.8992 3299.8992 3299.8992 3299.8992 3299.8992 3299.8992 3297.3816 3281.5703 3265.7593 3250.0488 3234.3384 3218.8293 3203.7231 3188.4155 3173.5107 3158.2031 3142.2913 2874.8108 3133.0261 3147.83 3164.5476 3181.0637 3197.3784 3213.794 3230.0078 3246.121 3262.2344 3278.3477 3294.058 -3289.9292 -3274.5208 -3259.0117 -3243.6035 -3228.3965 -3213.1897 -3198.285 -3183.4807 -3029.5989 3299.8992 3299.8992 3299.8992 3299.8992 3299.8992 3299.8992 3299.8992 3299.8992 3298.993 3283.1816 3267.2698 3251.6602 3235.9497 3220.4407 3205.2336 3190.2283 3175.0212 3159.7136 3143.9026 3120.7397 -2457.2754 3145.0103 3161.7278 3178.244 3194.5586 3211.0747 3227.188 3243.402 3259.5154 3275.5278 3291.339 3299.8992 -3277.1392 -3261.731 -3246.3225 -3231.015 -3215.808 -3201.004 -3186.099 -3171.3958 3299.8992 3299.8992 3299.8992 3299.8992 3299.8992 3299.8992 3299.8992 3299.8992 3299.3958 3283.484 3267.572 3252.063 3236.3525 3220.7427 3205.435 3190.5303 3175.2227 3160.1165 3144.2046 3110.7695 -1659.5673 3143.1975 3159.8145 3176.532 3192.8467 3209.1614 3225.3752 3241.5894 3257.6018 3273.715 3289.627 3299.8992 -3278.952 -3263.4429 -3248.1353 -3232.727 -3217.52 -3202.6152 -3187.7104 -2858.798 3299.8992 3299.8992 3299.8992 3299.8992 3299.8992 3299.8992 3299.8992 3299.8992 3297.2808 3281.369 3265.6584 3249.948 3234.137 3218.7285 3203.421 3188.516 3173.3093 3158.2031 3142.4927 3126.9836 -2592.4255 3144.8088 3161.5264 3178.0425 3194.458 3210.8733 3226.9866 3243.2007 3259.314 
3267.2698 3282.8796 3298.2878 -3286.3037 -3270.8953 -3255.6885 -3240.4814 -3225.476 -3210.3699 -3195.5657 -3180.8623 3299.8992 3299.8992 3299.8992 3299.8992 3299.8992 3299.8992 3299.8992 3299.8992 3286.203 3270.7947 3255.1848 3239.978 3224.771 3209.8662 3195.0623 3180.4595 3165.857 3151.355 3136.9536 3121.0417 3121.7468 3138.6658 3155.182 3171.3958 3187.6099 3203.5217 3219.4336 3235.3455 3251.056 3266.867 3282.376 3297.7844 -3286.7065 -3271.1975 -3256.0913 -3240.8843 -3225.6775 -3210.7727 -3196.0693 -3181.2651 3299.8992 3299.8992 3299.8992 3299.8992 3299.8992 3299.8992 3299.8992 3299.8992 3286.4043 3270.8953 3255.487 3240.1794 3224.9724 3209.967 3195.1628 3180.5603 3165.9575 3151.5564 3137.2559 3121.4446 3123.9624 3136.4502 3153.067 3169.281 3185.4949 3201.6082 3217.52 3233.432 3249.2432 3264.8528 3280.3618 3295.8708 -3288.6199 -3273.1108 -3257.904 -3242.697 -3227.6917 -3212.686 -3197.7812 -3182.9773 3299.8992 3299.8992 3299.8992 3299.8992 3299.8992 3299.8992 3299.8992 3299.8992 3287.915 3272.406 3256.7961 3241.4885 3226.2817 3211.377 3196.5728 3181.8694 3167.3674 3152.9663 3138.565 3123.056 -2380.3345 3134.6375 3151.2542 3167.4683 3183.783 3199.7954 3215.7073 3231.5186 3247.4304 3263.1409 3278.7505 3294.2595 -3290.332 -3274.9236 -3259.616 -3244.4092 -3229.303 -3214.1968 -3199.3926 -3184.6892 3299.8992 3299.8992 3299.8992 3299.8992 3299.8992 3299.8992 3299.8992 3299.8992 3289.0227 3273.5137 3257.904 3242.5964 3227.4902 3212.4846 3197.6807 3182.8765 3168.3745 3153.8726 3139.6729 3124.063 -1786.1572 3134.1338 3150.5493 3166.864 3183.078 3199.0906 3215.0024 3231.015 3246.7253 3262.5366 3278.0457 3293.5547 -3291.1377 -3275.6287 -3260.4216 -3245.114 -3230.0078 -3214.9016 -3199.9968 -3185.2935 3299.8992 3299.8992 3299.8992 3299.8992 3299.8992 3299.8992 3299.8992 3299.8992 3291.1377 3275.5278 3259.9182 3244.7112 3229.5044 3214.4988 3199.4934 3184.8906 3170.288 3155.8867 3141.5862 3126.0771 -754.6051 3133.0261 3149.5422 3165.857 3182.0708 3198.184 3214.096 3230.0078 3245.819 

3253.5735 3268.4783 3283.786 3297.9858 -3286.908 -3272.5066 -3257.8032 -3243.6035 -3229.303 -3215.2039 -3201.3062 -263.15002 3299.8992 3299.8992 3299.8992 3299.8992 3299.8992 3299.8992 3299.8992 3292.8496 3278.1462 3263.4429 3248.236 3233.3313 3218.7285 3204.8308 3190.933 3176.7334 3162.5334 3148.3337 3128.595 763.4674 -2049.5085 3144.7083 3160.8215 3176.3306 3191.5374 3206.9458 3222.1526 3237.561 3252.1636 3267.1692 3281.8726 3297.1802 -3288.7207 -3274.2188 -3259.8174 -3245.5168 -3231.3171 -3217.0166 -3202.716 -795.7947 3299.8992 3299.8992 3299.8992 3299.8992 3299.8992 3299.8992 3299.8992 3294.3604 3280.0598 3264.9536 3250.2502 3235.3455 3220.7427 3206.845 3192.6453 3178.4453 3164.1448 3149.8442 3132.019 976.062 -1926.6449 3144.6074 3160.5193 3176.1292 3191.4368 3206.9458 3222.1526 3237.3596 3237.3596 3237.3596 3237.3596 3237.3596 3237.3596 3237.3596 3237.3596 3237.3596 3237.3596 3237.3596 3237.3596 3237.3596 3237.3596 3237.3596 3237.3596 3237.3596 3237.3596 3237.3596 3237.3596 3237.3596 3281.7717 3266.9678 3251.9622 3237.9639 3223.059 3209.262 3195.0623 3180.5603 3166.3604 3152.0598 3134.738 1146.9635 -1857.0557 3145.7153 3161.2244 3176.9348 3192.6453 3207.953 3223.2605 3238.3667 3253.2715 3267.9749 3282.7788 3298.0864 -3288.0156 -3273.413 -3258.7097 -3244.7112 -3230.4106 -3216.0095 -3202.3132 -1549.5941 2840.3687 3299.8992 3299.8992 3299.8992 3299.8992 3299.8992 3299.8992 3299.6978 3285.0952 3270.3918 3255.487 3240.6829 3225.879 3212.2832 3198.184 3183.8835 3169.6838 3155.3833 3140.68 1447.7783 -1557.2479 3145.413 3161.325 3177.2368 3192.4438 3207.852 3223.361 3238.1653 3253.07 3267.9749 3282.9802 3298.1873 -3287.7136 -3273.0103 -3258.8103 -3244.5098 -3230.31 -3215.9087 -3201.8096 -1858.9691 2568.759 3299.8992 3299.8992 3299.8992 3299.8992 3299.8992 3299.8992 3299.8992 3287.3108 3272.406 3258.1055 3242.1936 3228.6987 3214.4988 3200.3997 3186.2 3171.7986 3157.498 3143.399 1687.3627 -1424.7162 3146.2188 3162.1306 3177.7405 3193.2495 3208.6577 3223.764 3238.971 3253.6743 3268.881 3283.6853 3297.885 -3287.0085 -3272.406 -3258.0046 -3243.704 -3229.7058 -3215.6067 -3201.3062 -2262.4053 2101.6753 3299.8992 3299.8992 3299.8992 3299.8992 3299.8992 3299.8992 3299.8992 
3299.8992 3299.8992 3299.8992 3287.7136 3272.1038 3257.0984 3242.4956 3227.893 3213.4917 3199.292 3185.1929 3179.8552 3196.5728 3212.686 3228.9001 3244.7112 3260.5225 3276.0315 3291.4397 3299.8992 -3277.9448 -3262.738 -3247.8333 -3233.029 -3218.3257 -3203.7231 -3189.1204 -3174.6184 -3160.5193 -3146.4202 -3132.321 2689.911 3299.8992 3299.8992 3299.8992 3299.8992 3299.8992 3299.8992 3299.8992 3299.8992 3299.8992 3299.8992 3299.8992 3288.6199 3272.9094 3257.8032 3243.3013 3228.6987 3214.1968 3199.9968 3185.797 3178.1433 3194.76 3211.0747 3227.188 3243.0999 3258.8103 3274.4202 3289.8284 3299.8992 -3279.5562 -3264.45 -3249.5452 -3234.6404 -3219.8364 -3205.2336 -3190.7317 -3176.2297 -3161.9292 -3147.931 -3133.9324 1279.1931 3299.8992 3299.8992 3299.8992 3299.8992 3299.8992 3299.8992 3299.8992 3299.8992 3299.8992 3299.8992 3299.8992 3288.7207 3272.9094 3258.0046 3243.2007 3228.6987 3214.2974 3199.9968 3185.797 3175.7263 3192.6453 3208.96 3225.0732 3240.8843 3256.6956 3272.3052 3287.7136 3299.8992 -3281.6711 -3266.565 -3251.358 -3236.856 -3221.8506 -3207.2478 -3192.6453 -3178.244 -3163.9434 -3149.8442 -3135.846 -363.65662 3299.8992 3299.8992 3299.8992 3299.8992 3299.8992 3299.8992 3299.8992 3299.8992 3299.8992 3299.8992 3299.8992 3289.0227 3273.2117 3258.206 3243.6035 3228.9001 3214.4988 3200.1982 3186.099 -963.4735 3189.926 3206.1401 3222.4548 3238.2659 3254.0771 3269.6868 3285.0952 3299.8992 -3284.1887 -3269.1833 -3254.1777 -3239.3738 -3224.469 -3209.6648 -3195.1628 -3180.661 -3166.3604 -3152.2612 -3138.263 -1814.7583 3299.8992 3299.8992 3299.8992 3299.8992 3299.8992 3299.8992 3299.8992 3299.8992 3299.8992 3299.8992 3299.8992 3288.8213 3273.2117 3258.206 3243.5027 3228.9001 3214.3982 3200.1982 3185.9985 1469.8334 3187.1062 3203.421 3219.635 3235.6475 3251.358 3267.0684 3282.5774 3297.9858 -3286.7065 -3271.6003 -3256.897 -3241.69 -3226.886 -3212.2832 -3197.5798 -3183.078 -3168.7773 -3154.6782 -3140.4785 -2711.4624 3299.8992 3299.8992 3299.8992 3299.8992 3299.8992 3299.8992 3299.8992 3299.8992 3299.8992 3299.8992 3299.8992 3288.6199 3273.0103 3258.1055 3243.3013 3228.6987 3214.1968 3199.9968 3185.797 2830.4993 3184.3872 3200.9033 3216.9158 3233.029 3248.7395 3264.45 3279.959 3295.3674 
2890.8232 3039.0654 3073.3062 -2760.4065 2953.363 2984.2803 -2131.787 -325.99182 1717.5751 2967.865 2954.4707 2940.8752 2926.8767 2912.8784 2896.7651 2879.8462 2845.0012 2857.6904 2844.2961 2649.7283 2809.552 2804.5166 2794.6472 2782.6628 2770.578 2758.09 2745.9045 2733.5173 2717.7063 1742.9535 -443.61877 2721.0295 2744.2932 2765.6433 2785.684 2805.1208 2823.6511 2841.8792 2859.7046 2877.5298 2894.8516 2916.0002 2948.2268 -2876.9255 -3229.1016 -3135.443 -796.90247 957.3303 2871.286 2951.3489 2937.9546 2924.6611 2910.4614 2896.5637 2880.7524 2860.7117 2730.2947 2840.57 2825.8667 2056.0547 1237.8021 1800.9613 2791.626 2779.9438 2768.3623 2755.9753 2743.991 2731.7046 2716.4978 2001.7731 -42.599487 2732.7117 2738.6536 2760.205 2780.6487 2800.0854 2818.9177 2837.2466 2855.1726 2872.7966 2890.219 2967.0593 3034.2314 -2433.206 -2815.796 -2937.149 -1588.971 -86.206055 1016.0431 2672.2869 2946.6155 2933.2214 2919.4243 2905.3252 2889.0105 2770.0745 2368.35 2845.6055 2836.139 2126.9531 1992.6086 2593.2312 2796.9634 2784.4756 2772.592 2760.4065 2748.523 2736.2366 2723.7488 2343.6768 415.62195 3178.3447 2737.445 2759.2986 2779.7424 2799.179 2818.112 2836.3403 2854.367 2872.0916 2889.6147 2906.6345 2924.057 -2723.4465 -2959.3047 -2993.2434 -1640.0299 -61.431885 1832.6843 2956.787 2943.7957 2930.2002 2916.403 2902.6062 2887.7014 2870.6816 2790.216 2846.109 2832.7148 2366.336 2171.9695 2717.102 2788.7053 2776.117 2764.2334 2752.1484 2740.265 2728.2805 2713.2751 2080.6274 82.27844 3003.3142 2733.8196 2755.5725 2776.3184 2795.8557 2814.7888 2833.2183 2851.3457 2868.9697 2886.392 2917.7124 2993.042 -2247.9033 -2388.4917 -2664.734 -1606.192 -125.68359 1837.3169 2946.7163 2933.5234 2920.3308 2904.318 2889.8162 2874.71 2686.386 2247.299 2574.9023 2825.363 2199.2615 1729.9622 2355.9631 2786.5906 2775.009 2763.1255 2750.839 2738.855 2726.77 2714.3828 2498.9685 763.97095 -2803.0059 2723.8494 2746.6094 2767.6575 2787.5977 2806.6313 2825.2625 2843.289 2861.215 2878.7383 2896.3623 2913.684 -3044.403 -2947.6226 -3095.8647 -1987.5732 -344.6228 1514.6484 2953.1616 2939.9688 2926.5747 2912.8784 2898.88 2885.385 2870.0774 2855.5754 2844.5984 2831.7078 2642.8801 
3299.8992 3299.8992 3299.8992 3299.8992 3299.8992 3299.8992 3299.8992 3299.8992 3299.8992 3299.8992 3299.8992 3299.8992 2654.8645 1234.6802 -207.5592 -1416.5588 -2386.9812 -2807.2356 -2794.4458 -2781.8572 -2769.5708 -2757.1838 -2745.3003 -2733.2153 -2721.3318 -2277.31 -2039.9414 -2302.7893 -2423.3367 -2372.5798 -2426.358 -2650.534 -2639.3555 -2566.2415 -2202.7861 -1752.0172 -1339.8193 -770.21484 175.43335 1805.896 3299.8992 3299.8992 3299.8992 3299.8992 3299.8992 3299.8992 3299.8992 3299.8992 3299.8992 3299.8992 3299.8992 3299.8992 2740.8691 1407.9987 76.638794 -1203.36 -2171.768 -2807.0342 -2794.2444 -2781.6558 -2769.2688 -2756.8816 -2744.8975 -2732.8125 -2720.929 -2482.251 -2211.3464 -2396.045 -2454.1533 -2429.782 -2461.6057 -2647.3113 -2636.032 -2505.011 -1896.3318 -1492.0898 -1112.8235 -626.3031 225.28381 1693.808 3299.8992 3299.8992 3299.8992 3299.8992 3299.8992 3299.8992 3299.8992 3299.8992 3299.8992 3299.8992 3299.8992 3299.8992 2960.4126 1626.4343 313.1012 -993.08167 -2089.7917 -2811.7676 -2798.9775 -2786.3892 -2774.002 -2761.615 -2749.7314 -2737.5457 -2725.662 -2225.2441 -1880.8228 -2108.2214 -2270.6633 -2359.3872 -2306.9182 -2628.781 -2646.3042 -2389.9016 -1985.7605 -1613.8458 -1526.7334 -1060.2539 -189.33105 1183.1177 3299.8992 3299.8992 3299.8992 3299.8992 3299.8992 3299.8992 3299.8992 3299.8992 3299.8992 3299.8992 3299.8992 3299.8992 3109.8633 1733.0841 341.09802 -908.8898 -2004.9957 -2815.1917 -2802.4016 -2789.7124 -2777.3254 -2764.8376 -2752.7527 -2740.6677 -2728.7842 -2656.1736 -2363.214 -2584.0667 -2684.1704 -2668.46 -2565.9392 -2650.6348 -2639.2546 -2475 -2138.5344 -1792.099 -1349.7894 -838.4949 281.6803 1610.5225 3299.8992 3299.8992 3299.8992 3299.8992 3299.8992 3299.8992 3299.8992 3299.8992 3299.8992 3299.8992 3299.8992 3299.8992 2874.71 1578.2959 280.3711 -1017.5537 -2117.688 -2809.6526 -2796.9634 -2784.2742 -2771.9878 -2759.9028 -2747.415 -2735.431 -2723.4465 -2563.3208 -1836.0077 -1989.9902 -2047.6959 -2055.8533 -2193.521 -2545.4956 -2647.0093 -2527.4688 -2245.4863 -1910.733 -1537.5092 -1075.6622 -280.67322 972.63794 2924.762 3299.8992 3299.8992 3299.8992 3299.8992 3299.8992 3299.8992 3299.8992 3299.8992 3299.8992 3299.8992 3299.8992 3135.6445 1788.4735 689.2456 -527.70996 -1624.9237 -2614.9841 -2802.9053 -2790.216 
3276.6357 3291.4397 3299.8992 -3279.3547 -3264.3494 -3249.948 -3236.1511 -3221.5483 -3207.3486 -3193.5515 -3179.6538 3299.8992 3299.8992 3299.8992 3299.8992 3299.8992 3299.8992 3299.8992 3299.8992 3299.8992 3289.4255 3274.6216 3259.8174 3245.114 3231.1157 3216.9158 3202.3132 3188.0127 3174.417 3160.4187 3146.0173 -1155.6244 3154.1748 3169.7844 3185.4949 3200.8025 3216.11 3231.2163 3246.3225 3261.3281 3276.132 3291.0369 3299.8992 -3279.7576 -3265.6584 -3251.2573 -3236.4531 -3222.354 -3208.5571 -3194.5586 -3180.661 2481.244 3299.8992 3299.8992 3299.8992 3299.8992 3299.8992 3299.8992 3299.8992 3299.8992 3290.5334 3275.83 3261.3281 3246.6248 3232.6262 3218.4265 3203.8237 3189.4226 3176.0283 3161.8286 3147.6287 -986.83777 3155.081 3170.691 3186.099 3201.709 3216.9158 3232.022 3247.1282 3261.9324 3276.9377 3291.742 3299.8992 -3279.3547 -3264.5508 -3249.948 -3236.1511 -3221.5483 -3207.3486 -3193.6523 -3179.5532 1530.1575 3299.8992 3299.8992 3299.8992 3299.8992 3299.8992 3299.8992 3299.8992 3299.8992 3293.756 3279.0527 3264.148 3249.3438 3235.3455 3221.1455 3206.543 3192.041 3178.5461 3164.6484 3150.247 -322.26562 3155.5847 3171.1943 3186.8042 3202.2124 3217.1172 3232.5256 3247.531 3262.5366 3277.3406 3292.2454 3299.8992 -3278.549 -3264.3494 -3249.8474 -3235.2446 -3221.045 -3207.2478 -3193.1487 -3179.4524 425.99487 3299.8992 3299.8992 3299.8992 3299.8992 3299.8992 3299.8992 3299.8992 3299.8992 3296.2737 3281.4697 3266.9678 3252.365 3238.2659 3223.764 3209.3628 3194.8608 3181.5674 3167.2668 3153.067 425.79346 3155.5847 3171.3958 3187.1062 3202.2124 3217.52 3232.727 3247.9338 3262.8386 3277.7434 3292.5476 -3293.051 -3278.549 -3263.745 -3249.2432 -3235.3455 -3220.8435 -3206.6436 -3192.6453 -3178.7476 -646.7468 3299.8992 3299.8992 3299.8992 3299.8992 3299.8992 3299.8992 3299.8992 3299.8992 3299.6978 3284.793 3269.7876 3255.3862 3240.5823 3226.2817 3212.4846 3197.7812 3183.783 3169.8853 3155.484 1090.1642 3155.5847 3171.2952 3186.9048 3202.5146 3217.52 3232.727 3247.8333 3262.8386 3277.9448 3292.4468 -3292.6482 -3277.8442 -3263.745 -3249.3438 -3234.5398 -3220.4407 -3206.7444 -3192.4438 -3178.7476 -1337.503 3299.8992 3299.8992 3299.8992 3299.8992 3299.8992 3299.8992 3299.8992 3299.8992 
3258.9111 3274.823 3290.2312 3299.8992 -3277.9448 -3262.6372 -3247.229 -3232.022 -3217.1172 -3202.1118 -3187.4084 1560.7727 3299.8992 3299.8992 3299.8992 3299.8992 3299.8992 3299.8992 3299.8992 3291.5405 3275.7292 3260.1196 3243.805 3228.598 3213.4917 3198.3855 3183.3801 3168.274 3152.5635 3137.5579 3122.351 -78.85437 3127.3865 3144.2046 3160.8215 3177.4382 3193.8538 3210.1685 3226.4832 3242.4956 3258.609 3274.6216 3290.0298 3299.8992 -3278.1462 -3262.9395 -3247.531 -3232.3242 -3217.218 -3202.3132 -3187.6099 1233.2703 3299.8992 3299.8992 3299.8992 3299.8992 3299.8992 3299.8992 3299.8992 3292.749 3277.0386 3261.3281 3245.114 3229.9072 3214.801 3199.7954 3184.4878 3169.4824 3153.772 3138.8672 3123.6602 360.23254 3125.6743 3142.5933 3159.4116 3175.9277 3192.343 3208.6577 3224.8718 3240.985 3257.0984 3273.1108 3289.1235 3299.8992 -3279.7576 -3264.3494 -3248.941 -3233.7341 -3218.628 -3203.7231 -3189.0198 452.7832 3299.8992 3299.8992 3299.8992 3299.8992 3299.8992 3299.8992 3299.8992 3294.5618 3278.952 3263.2415 3247.531 3231.8206 3216.513 3201.3062 3186.3005 3171.1943 3155.484 3140.68 3125.5737 756.72 3125.2715 3142.2913 3158.908 3175.525 3192.041 3208.1543 3224.469 3240.6829 3256.7961 3272.708 3288.8213 3299.8992 -3280.1604 -3264.5508 -3249.3438 -3234.0361 -3218.8293 -3203.9246 -3189.1204 -138.67493 3299.8992 3299.8992 3299.8992 3299.8992 3299.8992 3299.8992 3299.8992 3296.878 3281.1675 3265.457 3249.948 3234.2375 3218.8293 3203.5217 3188.516 3173.41 3157.6995 3142.8955 3127.6885 932.75757 3126.5808 3143.4998 3160.2173 3176.834 3193.1487 3209.5642 3225.879 3241.9922 3258.0046 3274.118 3290.1306 3299.8992 -3278.7505 -3263.3423 -3248.0347 -3232.8276 -3217.7214 -3202.8167 -3187.9119 -787.4359 3299.8992 3299.8992 3299.8992 3299.8992 3299.8992 3299.8992 3299.8992 3299.8992 3285.3972 3269.5862 3253.372 3238.2659 3222.9583 3207.852 3192.7458 3177.6396 3161.8286 3146.9238 3131.8176 1454.425 3127.2856 3144.2046 3161.023 3177.539 3194.0552 3210.3699 3226.5837 3242.7979 3258.9111 3274.9236 3290.332 3299.8992 -3277.9448 -3262.5366 -3247.1282 -3231.9214 -3217.0166 -3202.011 -3187.1062 -1279.7974 3299.8992 3299.8992 3299.8992 3299.8992 3299.8992 3299.8992 3299.8992 3299.8992 
3275.2258 3291.2383 3299.8992 -3277.4414 -3261.8315 -3246.524 -3231.2163 -3216.11 -3201.004 -3186.3005 -3171.698 3299.8992 3299.8992 3299.8992 3299.8992 3299.8992 3299.8992 3299.8992 3299.8992 3299.8992 3287.21 3271.399 3255.1848 3239.7766 3224.2676 3209.1614 3193.9543 3178.7476 3163.742 3147.7295 3132.5225 -875.354 3141.687 3158.4045 3175.0212 3191.4368 3207.7515 3224.0662 3240.1794 3256.4941 3272.6074 3288.4185 3299.8992 -3280.2612 -3264.7522 -3249.2432 -3234.0361 -3218.8293 -3203.7231 -3189.0198 -3174.3164 2564.9321 3299.8992 3299.8992 3299.8992 3299.8992 3299.8992 3299.8992 3299.8992 3299.8992 3287.1094 3271.298 3255.0842 3239.7766 3224.2676 3209.0605 3193.8538 3178.8481 3163.742 3147.6287 3132.5225 -775.6531 3141.2842 3158.1023 3174.417 3191.034 3207.3486 3223.6633 3239.8772 3255.89 3272.0032 3287.915 3299.8992 -3280.5632 -3265.155 -3249.7466 -3234.5398 -3219.2322 -3204.3274 -3189.4226 -3174.8198 1682.3273 3299.8992 3299.8992 3299.8992 3299.8992 3299.8992 3299.8992 3299.8992 3299.8992 3289.224 3273.3123 3257.199 3241.8914 3226.3823 3211.0747 3195.9685 3180.7617 3165.756 3149.7437 3134.6375 -393.86902 3141.3848 3158.2031 3174.8198 3191.2354 3207.6506 3223.8647 3239.978 3256.192 3272.2046 3288.3179 3299.8992 -3280.4626 -3264.8528 -3249.3438 -3234.137 -3218.93 -3203.9246 -3189.1204 -3174.417 732.2479 3299.8992 3299.8992 3299.8992 3299.8992 3299.8992 3299.8992 3299.8992 3299.8992 3292.2454 3276.6357 3260.2202 3244.9126 3229.4036 3214.1968 3198.9897 3183.783 3168.6768 3152.5635 3137.4573 171.1029 3141.687 3158.7065 3175.2227 3191.6382 3208.1543 3224.3682 3240.3809 3256.5947 3272.6074 3288.6199 3299.8992 -3280.0598 -3264.45 -3248.8403 -3233.6333 -3218.4265 -3203.421 -3188.617 -3174.0142 -214.00452 3299.8992 3299.8992 3299.8992 3299.8992 3299.8992 3299.8992 3299.8992 3299.8992 3295.7703 3279.959 3263.6443 3248.236 3232.8276 3217.4194 3202.1118 3187.1062 3172 3155.8867 3140.7805 640.70435 3142.7947 3159.613 3176.3306 3192.7458 3209.1614 3225.3752 3241.69 3257.7026 3273.715 3289.8284 3299.8992 -3278.7505 -3263.4429 -3247.9338 -3232.6262 -3217.52 -3202.5146 -3187.7104 -3173.007 -1000.9369 3299.8992 3299.8992 3299.8992 3299.8992 3299.8992 3299.8992 3299.8992 3299.8992 
3261.4287 3277.1392 3292.6482 -3291.8425 -3276.4343 -3261.2273 -3246.0205 -3230.9143 -3215.808 -3200.9033 -3186.099 3299.8992 3299.8992 3299.8992 3299.8992 3299.8992 3299.8992 3299.8992 3299.8992 3292.044 3276.4343 3260.8245 3245.5168 3230.31 3215.5059 3200.5005 3185.797 3171.1943 3156.5918 3142.3918 3126.9836 -207.15637 3132.2205 3148.8372 3165.2527 3181.4666 3197.4792 3213.4917 3229.303 3245.114 3261.026 3276.4343 3292.044 -3292.6482 -3277.24 -3261.9324 -3246.6248 -3231.4177 -3216.4124 -3201.709 -3186.8042 2434.2131 3299.8992 3299.8992 3299.8992 3299.8992 3299.8992 3299.8992 3299.8992 3293.6553 3278.1462 3262.5366 3247.0276 3231.8206 3216.8152 3202.011 3187.207 3172.6042 3158.2031 3143.7012 3128.3936 231.52771 3132.321 3149.0386 3165.3533 3181.4666 3197.4792 3213.391 3229.303 3245.114 3260.8245 3276.6357 3292.1448 -3292.4468 -3277.0386 -3261.731 -3246.6248 -3231.4177 -3216.4124 -3201.5076 -3186.7034 962.66785 3299.8992 3299.8992 3299.8992 3299.8992 3299.8992 3299.8992 3299.8992 3296.6765 3281.067 3265.5579 3250.1494 3234.9426 3219.8364 3204.8308 3190.0269 3175.525 3161.1235 3146.6216 3131.5154 1130.4474 3132.321 3148.8372 3165.3533 3181.4666 3197.5798 3213.5925 3229.5044 3245.2148 3260.9253 3276.6357 3292.1448 -3292.5476 -3277.1392 -3261.731 -3246.4233 -3231.4177 -3216.3115 -3201.5076 -3186.7034 -229.51355 3299.8992 3299.8992 3299.8992 3299.8992 3299.8992 3299.8992 3299.8992 3299.4963 3283.8867 3268.2769 3252.6672 3237.6616 3222.5554 3207.55 3192.7458 3178.1433 3163.6414 3149.0386 3133.9324 1502.4628 3133.429 3150.0457 3166.5618 3182.675 3198.7883 3214.801 3230.713 3246.524 3262.2344 3277.8442 3293.2524 -3291.339 -3275.83 -3260.623 -3245.3154 -3230.31 -3215.2039 -3200.299 -3185.5957 -1252.7069 3299.8992 3299.8992 3299.8992 3299.8992 3299.8992 3299.8992 3299.8992 3299.8992 3287.6128 3272.1038 3256.4941 3241.1865 3226.0803 3211.1755 3196.2708 3181.668 3167.0654 3152.664 3137.4573 2438.745 3132.6233 3149.24 3165.756 3181.9702 3197.9827 3214.096 3229.9072 3245.819 3261.5295 3277.1392 3292.749 -3291.8425 -3276.4343 -3261.026 -3245.9197 -3230.713 -3215.7073 -3200.702 -3185.9985 -2063.809 3299.8992 3299.8992 3299.8992 3299.8992 3299.8992 3299.8992 3299.8992 3299.8992 

3290.9363 3276.4343 3261.4287 3245.6177 3231.9214 3217.7214 3203.5217 3189.2212 3175.0212 3160.7207 3146.2188 1901.9714 -1217.5598 3146.823 3162.5334 3178.244 3193.9543 3209.262 3224.5696 3239.4744 3254.48 3269.6868 3284.3901 3298.59 -3286.203 -3271.701 -3257.2998 -3242.9993 -3228.6987 -3214.7002 -3200.601 -2477.6184 1988.8824 3299.8992 3299.8992 3299.8992 3299.8992 3299.8992 3299.8992 3299.8992 3292.8496 3278.247 3263.4429 3247.531 3233.7341 3219.635 3205.536 3191.2354 3176.7334 3162.7349 3148.3337 2187.7808 -859.0393 -3219.635 3161.023 3176.7334 3192.343 3207.55 3222.8577 3238.0645 3253.07 3267.9749 3282.376 3297.4822 -3288.3179 -3273.816 -3259.5154 -3244.812 -3230.9143 -3216.4124 -3202.3132 -2765.744 1428.7445 3299.8992 3299.8992 3299.8992 3299.8992 3299.8992 3299.8992 3299.8992 3294.6624 3279.657 3265.2556 3249.4446 3235.6475 3221.347 3207.4492 3193.1487 3178.7476 3164.2456 3150.0457 2412.0574 -599.41406 -3122.9553 3160.5193 3176.1292 3191.9402 3207.3486 3222.4548 3237.561 3252.4658 3267.572 3282.376 3296.576 -3288.217 -3273.715 -3259.314 -3244.812 -3230.713 -3216.4124 -3202.4138 -2858.1938 1477.7893 3299.8992 3299.8992 3299.8992 3299.8992 3299.8992 3299.8992 3299.8992 3294.6624 3279.959 3264.6514 3249.646 3234.8418 3220.7427 3206.9458 3192.6453 3178.0425 3164.1448 3149.7437 2581.851 -447.7478 -3008.2488 3158.0017 3173.7122 3189.4226 3205.0322 3219.8364 3235.0432 3250.1494 3265.0542 3279.959 3295.166 -3290.634 -3275.9307 -3261.4287 -3247.1282 -3232.8276 -3219.0308 -3204.8308 -3068.1702 1149.5819 3299.8992 3299.8992 3299.8992 3299.8992 3299.8992 3299.8992 3299.8992 3294.8638 3279.7576 3264.9536 3250.1494 3235.2446 3221.2463 3207.3486 3193.1487 3178.4453 3164.1448 3149.8442 2866.15 -31.420898 -2706.3262 3154.779 3170.59 3186.099 3201.1047 3216.513 3232.022 3247.0276 3261.6301 3276.535 3291.9434 3299.8992 -3279.4556 -3265.0542 -3250.653 -3235.9497 -3222.2534 -3208.0535 -3170.7915 786.026 3299.8992 3299.8992 3299.8992 3299.8992 3299.8992 3299.8992 3299.8992 
-3289.325 -3274.118 -3259.1125 -3244.2078 -3229.4036 -3214.7002 -3200.0977 -3185.5957 -3171.2952 -3156.9946 -3142.8955 -3129.1992 3299.8992 3299.8992 3299.8992 3299.8992 3299.8992 3299.8992 3299.8992 3299.8992 3299.8992 3299.8992 3299.8992 3288.922 3273.3123 3258.206 3243.5027 3228.9001 3214.3982 3200.0977 3185.8977 3171.1943 3182.5745 3198.9897 3215.2039 3231.2163 3246.9268 3262.6372 3278.1462 3293.5547 -3291.0369 -3275.9307 -3261.026 -3245.9197 -3231.2163 -3216.4124 -3201.709 -3187.3076 -3173.007 -3158.8074 -3144.6074 -3130.8105 3299.8992 3299.8992 3299.8992 3299.8992 3299.8992 3299.8992 3299.8992 3299.8992 3299.8992 3299.8992 3299.8992 3290.332 3274.5208 3259.616 3244.6106 3230.0078 3215.6067 3201.3062 3187.1062 3172.8057 3181.1646 3197.7812 3213.8945 3230.0078 3245.819 3261.4287 3277.0386 3292.3462 3299.8992 -3277.1392 -3262.033 -3246.9268 -3232.2234 -3217.52 -3202.9175 -3188.4155 -3173.9136 -3159.8145 -3145.7153 -3131.7168 3299.8992 3299.8992 3299.8992 3299.8992 3299.8992 3299.8992 3299.8992 3299.8992 3299.8992 3299.8992 3299.8992 3291.5405 3275.7292 3260.7239 3245.9197 3231.2163 3216.6138 3202.3132 3188.214 3174.0142 3180.1575 3196.7742 3212.9883 3229.0007 3244.812 3260.5225 3276.132 3291.5405 3299.8992 -3278.0457 -3262.8386 -3247.8333 -3233.13 -3218.225 -3203.7231 -3189.2212 -3174.8198 -3160.62 -3146.521 -3132.5225 3299.8992 3299.8992 3299.8992 3299.8992 3299.8992 3299.8992 3299.8992 3299.8992 3299.8992 3299.8992 3299.8992 3293.3533 3277.542 3262.6372 3247.7324 3233.029 3218.4265 3204.126 3190.0269 3175.9277 3179.4524 3196.17 3212.2832 3228.3965 3244.107 3259.8174 3275.4272 3290.8354 3299.8992 -3278.65 -3263.6443 -3248.639 -3233.6333 -3218.93 -3204.428 -3189.8254 -3175.424 -3161.1235 -3147.1252 -3133.1267 3299.8992 3299.8992 3299.8992 3299.8992 3299.8992 3299.8992 3299.8992 3299.8992 3299.8992 3299.8992 3299.8992 3295.0652 3279.1533 3264.2485 3249.3438 3234.7412 3220.1384 3205.7373 3191.6382 3177.539 3178.6467 3195.2637 3211.5784 3227.5908 3243.402 3259.1125 3274.6216 3290.1306 
2127.8594 2616.7969 2784.375 2771.585 2760.0037 2747.8179 2736.2366 2724.0508 2708.0383 1852.7252 -12.588501 3139.6729 2730.6975 2752.8533 2773.4985 2793.036 2811.969 2830.4993 2848.6267 2866.3513 2883.8745 2900.7935 3053.366 -2101.7761 -2025.8423 -2601.3884 -1811.0321 -340.59448 1589.3738 2944.7021 2931.7107 2918.2158 2904.5195 2890.7227 2875.2136 2858.0933 1785.7544 1826.3397 2652.3467 1941.449 1271.9421 1973.7762 2794.6472 2782.965 2771.1821 2758.6943 2746.7102 2734.5244 2722.1375 2551.941 1692.1967 -1594.6106 2719.4182 2742.581 2763.9312 2784.0728 2803.5095 2822.0398 2840.2678 2858.2947 2875.717 2893.4417 2910.26 -2781.1523 -3262.3352 2954.8735 -2791.7266 -1071.2311 1065.9943 2730.7983 2950.3418 2937.0483 2923.0498 2909.253 2894.5496 2878.0334 2746.9116 2851.3457 2841.7786 2824.4568 2535.6262 2800.6897 2791.2231 2779.1382 2767.1538 2754.5654 2742.682 2730.3955 2718.0083 2639.2546 1145.05 -1878.305 2721.231 2744.1924 2765.442 2785.4827 2804.718 2823.3489 2841.4763 2859.3018 2876.9255 2894.6501 2911.7705 -2969.4763 -2519.9158 -3015.4998 -1525.9277 17.22107 1905.5969 2942.3857 2929.3945 2915.7988 2902.304 2888.507 2874.71 2857.3882 2596.353 2584.369 2821.3347 2548.3154 952.69775 1441.4337 2785.1807 2772.6929 2760.8093 2748.825 2737.1428 2725.2593 2712.8723 2566.6443 1077.2736 -1660.0708 2714.1814 2737.848 2759.2986 2779.4402 2799.0784 2817.9106 2836.2395 2854.065 2871.7896 2888.7085 2906.5337 -2816.803 -2377.9175 -3018.1182 -2475.5034 -1112.4207 122.25952 1829.361 2945.7092 2932.5164 2918.921 2905.0232 2891.0247 2874.2065 2764.032 2728.9856 2837.6494 2779.2388 2066.327 2622.3357 2790.0146 2778.2317 2766.1467 2753.5583 2741.574 2729.5898 2717.2026 2695.349 1370.5353 -1374.9664 2714.3828 2738.0493 2759.5 2779.843 2799.179 2817.9106 2836.2395 2854.1655 2871.7896 2889.5142 2906.3323 -3149.4414 -2425.5522 -3074.817 -2475.1006 -937.69226 1132.1594 2778.0303 2938.7603 2925.6682 2911.972 2898.175 2884.076 2868.7683 2851.4465 2839.865 2830.4993 2809.1492 
-2777.7283 -2765.6433 -2753.0547 -2741.0706 -2729.0862 -2535.8276 -1967.5323 -2057.1624 -2475.6042 -2589.9077 -2615.1855 -2656.073 -2644.7937 -2633.313 -2357.373 -2028.2593 -1661.6821 -1167.1051 -325.8911 937.9944 3131.6162 3299.8992 3299.8992 3299.8992 3299.8992 3299.8992 3299.8992 3299.8992 3299.8992 3299.8992 3299.8992 3299.8992 3299.8992 2024.231 558.6273 -818.454 -2210.138 -2808.142 -2795.352 -2782.8643 -2770.3765 -2758.3923 -2745.9045 -2733.9202 -2722.0366 -2589.7063 -2054.0405 -2159.4817 -2174.7893 -2202.6855 -1910.6323 -2094.6257 -2325.1465 -2232.797 -1906.2012 -1612.5366 -1235.9894 -760.9497 3.9276123 987.84485 3060.9192 3299.8992 3299.8992 3299.8992 3299.8992 3299.8992 3299.8992 3299.8992 3299.8992 3299.8992 3299.8992 3299.8992 3299.8992 3297.9858 1916.9769 741.51306 -564.26697 -1549.3927 -2407.9285 -2484.2651 -2485.977 -2453.65 -2536.1296 -2505.313 -2425.1494 -2039.035 -1456.3385 -1544.3573 -1686.2549 -1823.9227 -1936.3129 -2253.0396 -2452.3406 -2446.399 -2450.125 -2389.801 -2232.1929 -2002.0752 -1595.6177 -658.12683 1581.9214 3299.8992 3299.8992 3299.8992 3299.8992 3299.8992 3299.8992 3299.8992 3299.8992 3299.8992 3299.8992 3299.8992 2741.3726 1259.2529 -209.67407 -1755.6427 -2648.7212 -2753.8604 -2800.186 -2787.8997 -2775.4119 -2763.025 -2751.1414 -2739.157 -2727.2734 -2715.1885 -2247.8027 -2229.8767 -2244.0764 -2158.9783 -2036.8195 -2113.4583 -2351.1292 -2190.4998 -1516.4612 -1130.1453 -789.8529 -439.38904 246.33179 1187.4481 3135.745 3299.8992 3299.8992 3299.8992 3299.8992 3299.8992 3299.8992 3299.8992 3299.8992 3299.8992 3299.8992 3299.8992 3299.8992 2373.9897 1056.3263 -236.56311 -1345.3583 -2216.6838 -2832.8154 -2820.1262 -2807.5378 -2795.2515 -2782.6628 -2770.276 -2758.2915 -2591.8213 -1885.1532 -1896.0297 -2094.0215 -2156.259 -2160.2874 -2282.6477 -2603.302 -2589.203 -2284.6619 -1887.0667 -1738.1195 -1261.4685 -586.62415 470.3064 2459.8938 3299.8992 3299.8992 3299.8992 3299.8992 3299.8992 3299.8992 3299.8992 3299.8992 3299.8992 3299.8992 3299.8992 3299.8992 2555.8684 1184.3262 -96.57898 -1350.8972 -2348.007 -2840.872 -2827.8809 
3299.8992 3286.5051 3272.0032 3257.199 3243.2007 3228.7993 3214.1968 3199.7954 3186.2 3172.2014 3158.0017 1680.3131 3155.5847 3171.4966 3187.0056 3202.5146 3217.8223 3232.727 3247.9338 3262.9395 3277.8442 3292.6482 -3292.8496 -3278.3477 -3263.5437 -3249.1423 -3235.2446 -3220.7427 -3206.4421 -3192.4438 -3178.8481 -2019.1956 3299.8992 3299.8992 3299.8992 3299.8992 3299.8992 3299.8992 3299.8992 3299.8992 3299.8992 3288.8213 3273.9165 3259.5154 3244.6106 3230.31 3216.4124 3201.6082 3187.7104 3173.7122 3159.7136 2383.96 3153.4697 3169.3816 3185.2935 3200.5005 3215.6067 3231.1157 3246.3225 3261.2273 3275.9307 3290.7349 3299.8992 -3279.5562 -3265.3564 -3251.056 -3236.2517 -3222.052 -3208.3557 -3194.3572 -3180.258 -2689.1052 3299.8992 3299.8992 3299.8992 3299.8992 3299.8992 3299.8992 3299.8992 3299.8992 3299.8992 3289.7278 3275.125 3260.321 3246.3225 3231.9214 3217.218 3202.716 3189.3218 3175.122 3161.023 2716.7998 3153.4697 3169.3816 3184.79 3200.3997 3215.7073 3230.9143 3246.0205 3260.8245 3275.9307 3290.7349 3299.8992 -3280.2612 -3265.457 -3251.056 -3237.1582 -3222.5554 -3208.4563 -3194.5586 -3180.4595 -2977.835 3299.8992 3299.8992 3299.8992 3299.8992 3299.8992 3299.8992 3299.8992 3299.8992 3299.8992 3291.339 3276.4343 3261.9324 3247.1282 3232.6262 3218.7285 3204.0251 3189.926 3176.1292 3162.03 2995.459 3151.5564 3167.3674 3183.078 3198.4863 3213.794 3229.2021 3244.2078 3259.1125 3274.0173 3288.922 3299.8992 -3281.369 -3267.1692 -3252.7678 -3237.9639 -3223.8647 -3209.967 -3195.868 -3182.0708 -3168.3745 3299.8992 3299.8992 3299.8992 3299.8992 3299.8992 3299.8992 3299.8992 3299.8992 3299.8992 3291.4397 3276.9377 3262.1338 3248.0347 3233.432 3218.93 3204.3274 3190.7317 3176.9348 3162.9363 3140.982 3149.8442 3165.756 3181.366 3196.9756 3212.1826 3227.4902 3242.5964 3257.7026 3272.3052 3287.4114 3299.8992 -3283.2825 -3269.0825 -3254.6814 -3239.978 -3225.6775 -3211.8804 -3197.882 -3183.9844 -3170.1873 3299.8992 3299.8992 3299.8992 3299.8992 3299.8992 3299.8992 3299.8992 3299.8992 
3288.4185 3272.6074 3256.3933 3241.0857 3225.6775 3210.5713 3195.465 3180.359 3164.5476 3149.4414 3134.3352 1784.5459 3127.9907 3145.2117 3161.9292 3178.4453 3195.0623 3211.377 3227.5908 3243.805 3259.9182 3275.9307 3291.339 -3292.6482 -3276.9377 -3261.4287 -3246.121 -3231.015 -3216.0095 -3201.1047 -3186.4014 -1598.3368 3299.8992 3299.8992 3299.8992 3299.8992 3299.8992 3299.8992 3299.8992 3299.8992 3290.634 3275.0244 3259.1125 3243.5027 3227.9937 3212.7869 3197.5798 3182.373 3166.7632 3151.7578 3136.6516 2395.1384 -2833.2183 3142.2913 3159.0088 3175.7263 3192.1416 3208.5571 3224.8718 3240.985 3257.0984 3273.2117 3288.7207 3299.8992 -3279.5562 -3264.148 -3248.7395 -3233.5327 -3218.4265 -3203.421 -3188.7175 -2092.3096 3299.8992 3299.8992 3299.8992 3299.8992 3299.8992 3299.8992 3299.8992 3299.8992 3291.1377 3275.5278 3259.7168 3244.0063 3228.296 3213.2903 3198.0835 3182.8765 3167.166 3152.1606 3137.155 2629.5867 -2660.0005 3141.2842 3158.0017 3174.7192 3191.2354 3207.55 3223.8647 3239.978 3256.192 3272.1038 3288.217 3299.8992 -3280.5632 -3265.2556 -3249.7466 -3234.5398 -3219.4336 -3204.428 -3189.7246 -2320.3125 3299.8992 3299.8992 3299.8992 3299.8992 3299.8992 3299.8992 3299.8992 3299.8992 3291.339 3275.5278 3259.8174 3244.3083 3228.598 3213.4917 3198.285 3183.078 3167.4683 3152.4626 3137.4573 2867.2576 -2207.721 3138.8672 3155.6853 3172.2014 3188.617 3205.133 3221.4478 3237.561 3253.6743 3269.6868 3285.8 3299.8992 -3282.8796 -3267.4712 -3252.063 -3236.856 -3221.7498 -3206.7444 -3191.9402 -2839.0593 3299.8992 3299.8992 3299.8992 3299.8992 3299.8992 3299.8992 3299.8992 3299.8992 3292.9504 3277.24 3261.2273 3245.9197 3230.4106 3215.2039 3200.0977 3184.9915 3169.1802 3154.2754 3139.0686 3049.8413 -1671.3501 3137.5579 3154.2754 3170.8923 3187.509 3203.8237 3220.1384 3236.3525 3252.4658 3268.4783 3284.0881 3299.8992 -3284.1887 -3268.6797 -3253.2715 -3237.9639 -3222.8577 -3207.953 -3193.1487 -2979.3457 3093.4478 3299.8992 3299.8992 3299.8992 3299.8992 3299.8992 3299.8992 3299.8992 
3299.295 3283.383 3267.2698 3251.7607 3236.3525 3220.944 3205.6365 3190.4297 3175.3235 3159.4116 3144.2046 1324.1089 3142.7947 3159.7136 3176.532 3192.8467 3209.1614 3225.476 3241.69 3257.8032 3273.816 3289.8284 3299.8992 -3278.7505 -3263.1409 -3247.7324 -3232.5256 -3217.4194 -3202.3132 -3187.509 -3172.9065 -1478.595 3299.8992 3299.8992 3299.8992 3299.8992 3299.8992 3299.8992 3299.8992 3299.8992 3299.8992 3285.3972 3269.3848 3253.775 3238.0645 3222.7568 3207.4492 3192.2424 3177.0354 3161.1235 3146.1182 1983.4442 3140.8813 3157.901 3174.5178 3191.034 3207.3486 3223.6633 3239.8772 3256.0913 3272.1038 3288.0156 3299.8992 -3280.4626 -3264.9536 -3249.4446 -3234.137 -3218.93 -3204.0251 -3189.1204 -3174.417 -1919.2932 3299.8992 3299.8992 3299.8992 3299.8992 3299.8992 3299.8992 3299.8992 3299.8992 3299.8992 3285.498 3269.7876 3253.9763 3238.3667 3222.9583 3207.6506 3192.4438 3177.2368 3161.4258 3146.3196 2355.5603 3139.0686 3156.0881 3172.8057 3189.2212 3205.536 3221.9512 3238.1653 3254.3792 3270.3918 3286.3037 3299.8992 -3281.9731 -3266.565 -3251.056 -3235.8489 -3220.642 -3205.6365 -3190.7317 -3176.0283 -2532.5042 3299.8992 3299.8992 3299.8992 3299.8992 3299.8992 3299.8992 3299.8992 3299.8992 3299.8992 3286.908 3271.298 3255.2856 3239.7766 3224.2676 3209.0605 3193.8538 3178.6467 3162.8357 3147.7295 2762.622 3136.6516 3153.6711 3170.3887 3187.0056 3203.421 3219.635 3235.8489 3251.9622 3268.1763 3283.9873 3299.8992 -3284.3901 -3268.7805 -3253.2715 -3237.9639 -3222.7568 -3207.7515 -3192.8467 -3178.0425 -2792.0288 3299.8992 3299.8992 3299.8992 3299.8992 3299.8992 3299.8992 3299.8992 3299.8992 3299.8992 3286.5051 3270.7947 3254.9834 3239.273 3223.8647 3208.5571 3193.35 3178.244 3162.332 3147.3267 2943.1914 -3235.6475 3151.4556 3168.173 3184.6892 3201.1047 3217.4194 3233.6333 3249.8474 3265.8599 3281.8726 3297.9858 -3286.4043 -3270.8953 -3255.487 -3240.0786 -3224.8718 -3209.7656 -3194.9614 -3180.0566 -3058.8042 3299.8992 3299.8992 3299.8992 3299.8992 3299.8992 3299.8992 3299.8992 3299.8992 
3289.325 3273.715 3258.307 3243.0999 3227.7922 3212.8875 3198.0835 3183.2793 3168.7773 3154.3762 3139.27 2694.2412 3133.0261 3149.945 3166.2598 3182.5745 3198.6877 3214.4988 3230.31 3246.3225 3262.033 3277.6428 3293.1519 -3291.339 -3275.9307 -3260.623 -3245.3154 -3230.2092 -3215.2039 -3200.1982 -3185.4949 -2440.2556 3299.8992 3299.8992 3299.8992 3299.8992 3299.8992 3299.8992 3299.8992 3299.8992 3291.1377 3275.5278 3260.0188 3244.7112 3229.5044 3214.4988 3199.594 3184.9915 3170.3887 3156.0881 3140.8813 3025.0671 3132.019 3148.7366 3165.2527 3181.4666 3197.5798 3213.5925 3229.5044 3245.3154 3261.026 3276.7363 3292.3462 -3292.1448 -3276.8372 -3261.4287 -3246.3225 -3231.1157 -3216.11 -3201.1047 -3186.3005 -3051.8555 3299.8992 3299.8992 3299.8992 3299.8992 3299.8992 3299.8992 3299.8992 3299.8992 3293.5547 3277.9448 3262.4358 3247.1282 3232.022 3216.9158 3202.011 3187.3076 3172.705 3158.3037 3143.097 3127.7893 3130.6091 3147.3267 3163.742 3180.0566 3196.17 3212.384 3227.9937 3243.9055 3259.616 3275.2258 3290.9363 -3293.6553 -3278.247 -3262.8386 -3247.6318 -3232.5256 -3217.52 -3202.4138 -3187.6099 -3173.108 3299.8992 3299.8992 3299.8992 3299.8992 3299.8992 3299.8992 3299.8992 3299.8992 3293.756 3278.1462 3262.738 3247.3296 3232.1228 3217.1172 3202.1118 3187.509 3172.9065 3158.4045 3143.2983 3128.2927 3129.1992 3146.0173 3162.5334 3178.6467 3194.8608 3210.974 3226.886 3242.8984 3258.5083 3274.118 3289.7278 -3294.8638 -3279.4556 -3263.9465 -3248.8403 -3233.7341 -3218.7285 -3203.8237 -3189.0198 -3174.2156 3299.8992 3299.8992 3299.8992 3299.8992 3299.8992 3299.8992 3299.8992 3299.8992 3295.468 3279.959 3264.3494 3249.0417 3233.8347 3218.8293 3203.9246 3189.0198 3174.5178 3160.0159 3145.0103 3130.1055 -3253.2715 3144.104 3160.62 3177.0354 3193.1487 3209.262 3225.1738 3240.8843 3256.7961 3272.406 3287.915 3299.8992 -3281.1675 -3265.7593 -3250.5522 -3235.446 -3220.3398 -3205.435 -3190.631 -3175.827 3299.8992 3299.8992 3299.8992 3299.8992 3299.8992 3299.8992 3299.8992 3299.8992 

3293.5547 3278.8513 3264.148 3249.1423 3234.439 3220.3398 3206.3416 3191.8396 3177.539 3163.742 3148.938 2866.452 -31.924438 -2619.9187 3153.2683 3169.0796 3184.8906 3199.8962 3215.6067 3230.612 3245.819 3260.5225 3275.3264 3290.634 3299.8992 -3280.3618 -3266.162 -3251.8616 -3237.561 -3223.2605 -3208.8591 -3195.3643 426.90125 3299.8992 3299.8992 3299.8992 3299.8992 3299.8992 3299.8992 3299.8992 3294.7632 3279.959 3265.2556 3250.2502 3235.446 3221.6492 3207.55 3193.2495 3178.949 3164.6484 3150.4485 3044.806 256.30188 -2479.3303 3152.0598 3167.7703 3183.3801 3198.8892 3214.096 3229.2021 3244.4092 3259.0117 3274.4202 3288.6199 3299.8992 -3281.6711 -3266.9678 -3252.7678 -3238.568 -3224.0662 -3209.967 -3196.0693 -12.286377 3299.8992 3299.8992 3299.8992 3299.8992 3299.8992 3299.8992 3299.8992 3296.475 3281.6711 3266.867 3250.955 3237.1582 3222.7568 3208.6577 3194.458 3180.359 3165.9575 3151.657 3110.669 516.8335 -2295.337 3151.0527 3166.864 3182.1716 3197.882 3213.1897 3228.195 3243.6035 3258.5083 3273.3123 3287.6128 3299.8992 -3282.7788 -3268.0754 -3253.6743 -3239.4744 -3225.476 -3211.2761 -3197.177 -193.46008 3299.8992 3299.8992 3299.8992 3299.8992 3299.8992 3299.8992 3299.8992 3296.173 3281.5703 3266.7664 3250.8545 3237.1582 3222.8577 3208.6577 3194.458 3180.1575 3165.857 3151.5564 3133.1267 892.7765 -2080.728 3147.7295 3163.44 3179.1504 3194.5586 3210.0676 3225.2747 3240.4814 3255.487 3270.291 3284.491 3299.6978 -3285.5986 -3271.0967 -3256.6956 -3242.2942 -3228.195 -3214.096 -3199.9968 -891.8701 3286.908 3299.8992 3299.8992 3299.8992 3299.8992 3299.8992 3299.8992 3297.9858 3283.383 3268.4783 3252.5664 3238.87 3224.5696 3210.269 3195.9685 3181.8694 3167.6697 3153.3691 3135.9465 1175.2625 -1684.14 3145.816 3161.7278 3177.2368 3192.5444 3207.953 3223.1597 3238.2659 3253.5735 3267.9749 3283.1816 3297.3816 -3287.915 -3273.1108 -3258.7097 -3244.4092 -3230.2092 -3216.4124 -3202.3132 -1079.9927 3264.2485 3299.8992 3299.8992 3299.8992 3299.8992 3299.8992 3299.8992 3297.0793 3281.9731 3267.572 3251.7607 3237.9639 3223.6633 3209.5642 3195.2637 3180.9631 3166.9646 3152.5635 3136.4502 1375.5707 -1651.8127 3143.8018 3159.613 3175.2227 3191.034 3206.4421 3221.6492 
3299.8992 -3279.3547 -3264.5508 -3249.2432 -3234.439 -3219.635 -3204.9316 -3190.5303 -3176.0283 -3161.8286 -3147.7295 -3133.731 3299.8992 3299.8992 3299.8992 3299.8992 3299.8992 3299.8992 3299.8992 3299.8992 3299.8992 3299.8992 3299.8992 3296.7773 3280.966 3266.0613 3251.1565 3236.3525 3221.8506 3207.4492 3193.2495 3179.1504 3177.6396 3194.458 3210.6719 3226.7852 3242.4956 3258.206 3273.816 3289.325 3299.8992 -3280.1604 -3265.155 -3250.1494 -3235.2446 -3220.4407 -3205.838 -3191.2354 -3176.834 -3162.6343 -3148.4343 -3134.5366 3299.8992 3299.8992 3299.8992 3299.8992 3299.8992 3299.8992 3299.8992 3299.8992 3299.8992 3299.8992 3299.8992 3298.3887 3282.6782 3267.6726 3252.7678 3237.9639 3223.462 3209.0605 3194.76 3180.7617 3176.834 3193.5515 3209.7656 3225.879 3241.7908 3257.5012 3273.1108 3288.6199 3299.8992 -3280.8655 -3265.7593 -3250.7537 -3235.9497 -3221.2463 -3206.543 -3191.9402 -3177.6396 -3163.339 -3149.24 -3135.2417 3299.8992 3299.8992 3299.8992 3299.8992 3299.8992 3299.8992 3299.8992 3299.8992 3299.8992 3299.8992 3299.8992 3299.8992 3284.491 3269.3848 3254.3792 3239.6758 3225.0732 3210.6719 3196.3713 3182.2722 3176.1292 3192.9473 3209.262 3225.2747 3241.287 3256.897 3272.5066 3287.915 3299.8992 -3281.4697 -3266.3635 -3251.358 -3236.4531 -3221.7498 -3207.0464 -3192.5444 -3178.1433 -3163.8428 -3149.6428 -3135.745 1483.429 3299.8992 3299.8992 3299.8992 3299.8992 3299.8992 3299.8992 3299.8992 3299.8992 3299.8992 3299.8992 3299.8992 3286.203 3271.0967 3256.0913 3241.388 3226.7852 3212.384 3198.0835 3183.9844 3175.2227 3192.041 3208.4563 3224.5696 3240.3809 3256.192 3271.8018 3287.3108 3299.8992 -3282.1746 -3266.867 -3252.1636 -3237.2588 -3222.354 -3207.7515 -3193.1487 -3178.7476 -3164.447 -3150.348 -3136.2488 -191.64734 3299.8992 3299.8992 3299.8992 3299.8992 3299.8992 3299.8992 3299.8992 3299.8992 3299.8992 3299.8992 3299.8992 3287.8142 3272.708 3257.7026 3242.9993 3228.3965 3213.794 3199.594 3185.3943 3178.3447 3191.2354 3207.7515 3223.8647 3239.7766 3255.5876 3271.0967 3286.5051 3299.8992 -3282.8796 -3267.7734 -3252.6672 -3237.7625 -3222.9583 -3208.3557 -3193.8538 -3179.3518 -3165.0513 -3150.9521 -3136.853 -1714.2517 3299.8992 3299.8992 3299.8992 3299.8992 3299.8992 3299.8992 3299.8992 
1879.9164 2174.0845 2784.0728 2771.9878 2759.0972 2747.6165 2735.9343 2723.9502 2711.563 2598.77 1114.2334 -1352.9114 2710.9587 2734.6252 2756.4788 2777.0232 2796.2585 2815.1917 2833.5205 2851.245 2869.0703 2886.795 2904.2175 -2977.0293 -2142.865 -2802.301 -2526.5625 -1105.8746 852.19116 2453.3477 2936.2427 2922.8484 2909.253 2895.053 2878.5369 2839.9658 2327.8655 2167.2363 2830.2979 2724.8564 1590.683 1928.4576 2790.1152 2777.5269 2765.5425 2753.4575 2741.9768 2730.0933 2717.9077 2702.1973 1876.6937 -428.61328 2705.017 2729.5898 2751.6448 2772.4915 2792.2302 2811.1633 2829.5928 2847.6196 2865.3442 2882.5652 2900.1892 3123.3582 -2714.2822 3277.6428 -2983.5754 -1576.2817 552.68555 2233.2 2945.8098 2932.6172 2919.0215 2905.2246 2891.7297 2877.9326 2861.4165 2848.0225 2837.6494 2821.4355 2246.1914 2357.776 2788.504 2776.6204 2764.4348 2752.0476 2740.164 2728.2805 2715.6921 2619.3145 1196.3104 -1083.5175 2711.8652 2735.9343 2757.4858 2777.9297 2797.2656 2816.1987 2834.5276 2852.3528 2870.1782 2887.802 2904.5195 -2634.32 -1466.51 -2238.3362 -2263.6138 -1042.1265 963.5742 2520.2178 2927.481 2913.986 2900.592 2886.8958 2873.1995 2856.8848 2079.8218 1855.3436 2379.3274 2715.4907 1625.9308 1695.2179 2786.3892 2774.6062 2762.5212 2750.2349 2738.5527 2726.5686 2714.4836 2699.2766 2456.067 432.94373 3247.8333 2717.102 2740.164 2761.5142 2781.6558 2800.891 2819.522 2837.8508 2855.6763 2873.6023 2890.4204 3162.8357 -3094.2534 2937.3503 3115.6035 -2221.7192 2.4169922 1834.5978 2949.6367 2936.2427 2922.7478 2908.9507 2894.8516 2878.6377 2816.7021 2692.0256 2841.275 2827.0752 2594.943 2555.0627 2791.7266 2778.9368 2766.8518 2754.5654 2742.984 2730.9998 2718.814 2703.4058 1899.8566 -112.59155 2705.5205 2730.0933 2752.249 2772.8943 2792.633 2811.4653 2829.895 2848.0225 2865.6462 2882.968 2900.0884 3088.916 -2178.4148 -2777.6274 -2087.979 -877.5696 1097.9187 2549.121 2929.898 2916.7053 2903.311 2889.7156 2875.9185 2860.5103 2844.2961 2752.249 2820.227 2806.2285 1499.9451 1240.9241 2781.6558 2769.9736 2757.8887 2745.6023 2733.7188 2722.0366 2709.851 2694.8455 1924.7314 -57.70569 3045.0073 2718.1091 2741.272 2762.3198 2782.3608 2801.6968 2820.227 2838.3545 
-2815.2922 -2802.9053 -2790.216 -2777.9297 -2765.744 -2753.4575 -2237.329 -2200.47 -2288.9922 -2377.6152 -2401.4832 -2499.2705 -2682.257 -2656.1736 -2329.8796 -1932.3853 -1549.6948 -1150.589 -303.53394 554.6997 2395.5413 3299.8992 3299.8992 3299.8992 3299.8992 3299.8992 3299.8992 3299.8992 3299.8992 3299.8992 3299.8992 3299.8992 3299.8992 2189.694 813.62 -501.828 -1686.9598 -2640.7654 -2834.3262 -2821.5361 -2808.847 -2796.762 -2784.0728 -2771.9878 -2759.8022 -2747.5159 -1823.0164 -1649.4965 -1838.8275 -1905.5969 -1972.9706 -2021.4111 -2441.7664 -2502.1912 -2255.2551 -1897.8424 -1450.3967 -998.2178 -377.85645 529.8248 2014.9658 3299.8992 3299.8992 3299.8992 3299.8992 3299.8992 3299.8992 3299.8992 3299.8992 3299.8992 3299.8992 3299.8992 3299.8992 2542.4744 1467.4164 139.88342 -1159.9548 -2302.185 -2852.4536 -2839.563 -2826.8738 -2814.386 -2801.6968 -2789.209 -2777.124 -2764.7368 -2459.8938 -2404.1016 -2732.0068 -2720.3247 -2707.0312 -2690.6157 -2685.4797 -2674.0996 -2579.7363 -2170.6604 -1757.3547 -1379.599 -856.2195 66.56799 1811.9385 3299.8992 3299.8992 3299.8992 3299.8992 3299.8992 3299.8992 3299.8992 3299.8992 3299.8992 3299.8992 3299.8992 3299.8992 2801.294 1368.7225 31.723022 -1518.2739 -2489.1997 -2835.9375 -2823.0469 -2810.4583 -2798.1719 -2785.5835 -2773.297 -2761.1113 -2749.0264 -2152.1301 -1996.7377 -2148.1018 -2223.532 -1995.5292 -1943.2617 -2329.1748 -2397.4548 -2238.739 -1965.921 -1659.1644 -1362.7808 -909.5947 -9.164429 1588.0646 3299.8992 3299.8992 3299.8992 3299.8992 3299.8992 3299.8992 3299.8992 3299.8992 3299.8992 3299.8992 3299.8992 3299.8992 2639.3555 1268.8202 -16.113281 -1217.9626 -2245.99 -2839.6636 -2826.8738 -2814.1846 -2801.8982 -2789.209 -2777.0232 -2764.7368 -2752.4504 -2326.8584 -2161.3953 -2299.3652 -2231.9915 -2157.8704 -2187.277 -2683.5662 -2671.9849 -2499.3713 -2147.0947 -1755.1392 -1321.4905 -785.62317 175.93689 1779.3091 3299.8992 3299.8992 3299.8992 3299.8992 3299.8992 3299.8992 3299.8992 3299.8992 3299.8992 3299.8992 3299.8992 3299.8992 2992.9412 1576.4832 205.64575 -1078.9856 -2144.7783 -2841.6777 -2828.6865 -2815.9973 -2803.711 -2791.0217 -2778.836 -2766.6504 -2754.2632 -2357.9773 -2068.0388 -2147.1953 -2181.5369 -2308.8318 -2328.5706 -2613.3728 -2648.4192 -2037.6251 -1755.542 -1477.4872 -1155.3223 -718.0481 148.94714 
3299.8992 3291.9434 3277.4414 3262.9395 3248.0347 3233.6333 3219.7356 3205.0322 3190.933 3177.0354 3162.9363 3147.83 3238.2659 3163.5405 3179.3518 3194.6594 3210.0676 3225.2747 3240.3809 3255.3862 3270.291 3285.1958 3299.8992 -3285.498 -3270.4924 -3255.9905 -3242.0928 -3227.4902 -3213.2903 -3199.1912 -3185.4949 -3171.3958 3299.8992 3299.8992 3299.8992 3299.8992 3299.8992 3299.8992 3299.8992 3299.8992 3299.8992 3293.3533 3278.3477 3263.4429 3249.3438 3235.0432 3220.3398 3205.7373 3192.2424 3178.0425 3164.2456 3149.5422 -2209.03 3161.325 3177.0354 3192.343 3207.852 3223.059 3237.9639 3253.1707 3268.1763 3282.9802 3297.6836 -3287.6128 -3273.3123 -3258.8103 -3244.107 -3229.8064 -3216.0095 -3202.011 -3188.0127 -3174.115 3299.8992 3299.8992 3299.8992 3299.8992 3299.8992 3299.8992 3299.8992 3299.8992 3299.8992 3292.6482 3278.0457 3263.5437 3248.639 3234.3384 3220.4407 3205.536 3191.5374 3177.841 3163.6414 3149.0386 -1665.7104 3158.8074 3174.7192 3190.1274 3205.435 3220.642 3236.0503 3250.8545 3265.7593 3280.664 3295.6694 -3289.9292 -3274.9236 -3260.4216 -3246.4233 -3231.9214 -3217.52 -3203.7231 -3189.5232 -3175.7263 3299.8992 3299.8992 3299.8992 3299.8992 3299.8992 3299.8992 3299.8992 3299.8992 3299.8992 3293.5547 3278.4485 3263.6443 3249.5452 3235.144 3220.4407 3205.838 3192.343 3178.4453 3164.5476 3149.945 -669.70825 3156.3904 3172.1008 3187.6099 3203.119 3218.225 3233.432 3248.538 3263.4429 3278.3477 3292.9504 -3292.1448 -3278.0457 -3263.4429 -3248.639 -3234.439 -3220.5413 -3206.4421 -3192.5444 -3178.4453 2515.1824 3299.8992 3299.8992 3299.8992 3299.8992 3299.8992 3299.8992 3299.8992 3299.8992 3292.6482 3278.0457 3263.5437 3248.639 3234.3384 3220.3398 3205.435 3191.5374 3177.6396 3163.6414 3149.3408 -617.2394 3155.3833 3171.1943 3186.9048 3202.011 3217.3186 3232.4248 3247.6318 3262.5366 3277.4414 3292.4468 3299.8992 -3278.247 -3263.6443 -3249.7466 -3235.0432 -3220.8435 -3206.6436 -3192.7458 -3178.8481 1216.6534 3299.8992 3299.8992 3299.8992 3299.8992 3299.8992 3299.8992 3299.8992 3299.8992 3295.166 3280.1604 3265.3564 3251.1565 3236.856 3222.052 3207.4492 3193.9543 3179.956 3165.9575 3151.657 543.92395 3153.772 3169.6838 3184.9915 3200.5005 3215.808 3230.9143 3246.0205 
3293.4539 3277.7434 3261.5295 3246.222 3230.713 3215.6067 3200.3997 3185.2935 3169.583 3154.3762 3139.4714 3115.805 -1334.6832 3135.846 3152.765 3169.1802 3185.6963 3202.3132 3218.527 3234.7412 3250.8545 3266.9678 3282.376 3298.59 -3285.8 -3270.1904 -3254.782 -3239.4744 -3224.469 -3209.4634 -3194.5586 -3141.687 2529.5837 3299.8992 3299.8992 3299.8992 3299.8992 3299.8992 3299.8992 3299.8992 3294.461 3278.8513 3262.6372 3247.229 3231.8206 3216.513 3201.3062 3186.3005 3170.59 3155.6853 3140.4785 3124.8687 -567.2882 3132.5225 3149.4414 3166.159 3182.5745 3199.0906 3215.5059 3231.5186 3247.7324 3263.8457 3279.3547 3295.3674 -3288.8213 -3273.3123 -3257.904 -3242.4956 -3227.3894 -3212.384 -3197.5798 -3182.8765 2004.3915 3299.8992 3299.8992 3299.8992 3299.8992 3299.8992 3299.8992 3299.8992 3294.058 3278.3477 3262.5366 3246.8262 3231.1157 3215.808 3200.601 3185.4949 3169.9858 3155.081 3139.9749 3124.5667 -423.27576 3131.2134 3148.1323 3164.8499 3181.2651 3197.7812 3214.096 3230.2092 3246.4233 3262.4358 3278.549 3294.3604 -3290.1306 -3274.5208 -3259.1125 -3243.805 -3228.598 -3213.5925 -3198.6877 -3183.8835 1547.2778 3299.8992 3299.8992 3299.8992 3299.8992 3299.8992 3299.8992 3299.8992 3294.8638 3279.1533 3263.4429 3247.7324 3232.1228 3216.8152 3201.6082 3186.6028 3170.993 3156.0881 3140.982 3125.7751 385.61096 3127.588 3144.5068 3161.2244 3177.942 3194.2566 3210.6719 3226.7852 3242.9993 3259.0117 3275.2258 3291.0369 3299.8992 -3277.9448 -3262.4358 -3247.1282 -3231.9214 -3216.8152 -3201.8096 -3187.1062 828.32336 3299.8992 3299.8992 3299.8992 3299.8992 3299.8992 3299.8992 3299.8992 3294.8638 3279.0527 3262.9395 3247.6318 3232.1228 3216.9158 3201.709 3186.6028 3171.0938 3155.8867 3140.8813 3125.6743 478.26233 3126.9836 3143.9026 3160.7207 3177.3376 3193.6523 3210.1685 3226.3823 3242.5964 3258.609 3274.2188 3290.2312 3299.8992 -3278.247 -3262.8386 -3247.4304 -3232.3242 -3217.218 -3202.2124 -3187.509 496.28906 3299.8992 3299.8992 3299.8992 3299.8992 3299.8992 3299.8992 3299.8992 3295.7703 3280.1604 3263.8457 3248.4375 3233.029 3217.7214 3202.4138 3187.4084 3171.698 3156.8938 3141.7876 3126.6814 1625.4272 -3177.2368 3271.8018 3156.6924 3172.5037 3188.8184 3205.2336 3221.5483 
3299.8992 3286.7065 3270.5933 3255.0842 3239.5752 3224.0662 3208.96 3193.753 3178.6467 3162.6343 3147.6287 3089.0166 -2815.695 3149.5422 3166.4612 3182.8765 3199.292 3215.6067 3231.72 3247.9338 3264.148 3280.1604 3295.5688 -3288.3179 -3272.8088 -3257.199 -3241.8914 -3226.6846 -3211.4775 -3196.5728 -3181.8694 -3167.0654 3299.8992 3299.8992 3299.8992 3299.8992 3299.8992 3299.8992 3299.8992 3299.8992 3299.8992 3288.0156 3272.2046 3256.2927 3240.5823 3225.0732 3209.967 3194.6594 3179.5532 3163.742 3148.6357 3129.602 -2161.798 3147.931 3164.6484 3181.1646 3197.5798 3213.8945 3230.2092 3246.3225 3262.3352 3278.3477 3293.9575 -3289.9292 -3274.118 -3258.609 -3243.402 -3227.9937 -3212.9883 -3198.184 -3183.3801 -3168.576 3299.8992 3299.8992 3299.8992 3299.8992 3299.8992 3299.8992 3299.8992 3299.8992 3299.8992 3288.4185 3272.406 3256.6956 3241.0857 3225.5767 3210.4705 3195.2637 3180.1575 3164.1448 3149.1394 3133.5295 -1605.0842 3145.9167 3162.6343 3179.1504 3195.6665 3211.8804 3228.195 3244.3083 3260.5225 3276.535 3292.044 -3291.9434 -3276.132 -3260.623 -3245.3154 -3230.0078 -3214.801 -3199.9968 -3185.1929 -3170.4895 3083.8806 3299.8992 3299.8992 3299.8992 3299.8992 3299.8992 3299.8992 3299.8992 3299.8992 3289.4255 3273.1108 3257.6018 3241.9922 3226.4832 3211.2761 3195.9685 3180.9631 3165.0513 3150.0457 3134.738 -742.923 3143.097 3159.8145 3176.4312 3192.8467 3209.1614 3225.476 3241.69 3257.8032 3273.9165 3289.5264 3299.8992 -3278.8513 -3263.3423 -3247.8333 -3232.5256 -3217.3186 -3202.5146 -3187.509 -3172.9065 2258.1755 3299.8992 3299.8992 3299.8992 3299.8992 3299.8992 3299.8992 3299.8992 3299.8992 3289.325 3273.0103 3257.5012 3242.0928 3226.4832 3211.1755 3196.0693 3180.9631 3165.0513 3150.0457 3134.738 -638.8916 3142.4927 3159.4116 3175.9277 3192.5444 3208.6577 3225.0732 3241.287 3257.199 3273.413 3288.922 3299.8992 -3279.3547 -3263.745 -3248.3367 -3233.029 -3217.8223 -3202.9175 -3188.1133 -3173.41 1685.2478 3299.8992 3299.8992 3299.8992 3299.8992 3299.8992 3299.8992 3299.8992 3299.8992 3290.5334 3274.4202 3258.8103 3243.0999 3227.6917 3212.2832 3197.0764 3182.0708 3166.159 3151.1536 3135.9465 173.41919 3140.0757 3156.8938 3173.5107 3190.0269 3206.3416 3222.8577 3238.971 
3295.5688 3279.959 3264.3494 3248.941 3233.7341 3218.7285 3203.8237 3189.0198 3174.5178 3159.915 3144.9097 3130.2063 -2365.1274 3141.687 3157.901 3174.3164 3190.4297 3206.543 3222.4548 3238.3667 3254.0771 3269.8882 3285.3972 3299.8992 -3283.5845 -3268.3777 -3253.07 -3237.7625 -3222.7568 -3207.852 -3193.048 -3178.244 3299.8992 3299.8992 3299.8992 3299.8992 3299.8992 3299.8992 3299.8992 3299.8992 3295.9717 3280.4626 3264.8528 3249.4446 3234.2375 3219.2322 3204.3274 3189.4226 3174.9207 3160.4187 3145.3125 3130.8105 -1297.2198 3139.1692 3155.484 3171.8994 3188.1133 3204.126 3220.0378 3235.9497 3251.6602 3267.4712 3283.081 3298.4893 -3285.901 -3270.4924 -3255.1848 -3240.1794 -3225.0732 -3210.1685 -3195.1628 -3180.4595 3299.8992 3299.8992 3299.8992 3299.8992 3299.8992 3299.8992 3299.8992 3299.8992 3295.6694 3280.0598 3264.45 3249.0417 3233.8347 3218.93 3204.0251 3189.3218 3174.8198 3160.2173 3145.111 3130.6091 -583.09937 3136.7522 3153.3691 3169.583 3185.6963 3201.8096 3217.8223 3233.6333 3249.5452 3265.2556 3280.8655 3296.2737 -3288.1165 -3272.8088 -3257.6018 -3242.4956 -3227.188 -3212.2832 -3197.3784 -3182.5745 3138.9678 3299.8992 3299.8992 3299.8992 3299.8992 3299.8992 3299.8992 3299.8992 3296.2737 3280.664 3265.0542 3249.5452 3234.439 3219.3328 3204.428 3189.624 3175.122 3160.7207 3145.6145 3131.1125 177.54822 3134.8389 3151.4556 3167.871 3184.085 3200.0977 3216.0095 3231.9214 3247.7324 3263.4429 3279.0527 3294.461 -3290.0298 -3274.6216 -3259.314 -3244.107 -3229.0007 -3213.8945 -3198.9897 -3184.2864 2037.7258 3299.8992 3299.8992 3299.8992 3299.8992 3299.8992 3299.8992 3299.8992 3296.6765 3281.1675 3265.5579 3250.2502 3234.9426 3219.8364 3205.0322 3190.3289 3175.6255 3161.325 3146.2188 3131.7168 768.2007 3133.429 3150.1465 3166.4612 3182.675 3198.7883 3214.7002 3230.612 3246.4233 3262.1338 3277.7434 3293.2524 -3291.2383 -3275.83 -3260.623 -3245.2148 -3230.2092 -3215.103 -3200.1982 -3185.4949 1011.5112 3299.8992 3299.8992 3299.8992 3299.8992 3299.8992 3299.8992 3299.8992 3297.7844 3282.074 3266.565 3251.1565 3235.9497 3220.944 3205.9387 3191.1345 3176.532 3162.1306 3147.1252 3132.7239 1655.539 3131.314 3148.0315 3164.3462 3180.5603 3196.6736 3212.686 3228.598 

3236.4531 3251.8616 3266.3635 3281.6711 3295.6694 -3289.4255 -3275.2258 -3260.7239 -3246.4233 -3232.1228 -3218.0237 -3203.9246 -1497.0245 2932.6172 3299.8992 3299.8992 3299.8992 3299.8992 3299.8992 3299.8992 3297.6836 3282.9802 3268.1763 3253.2715 3238.4673 3224.3682 3210.4705 3196.17 3181.668 3167.6697 3153.067 3138.0615 1587.3596 -1430.7587 3142.4927 3158.2031 3173.9136 3189.4226 3204.6294 3219.8364 3235.144 3249.8474 3265.457 3279.657 3294.8638 -3290.634 -3276.132 -3261.4287 -3247.0276 -3233.13 -3218.8293 -3204.8308 -1914.7614 2492.4224 3299.8992 3299.8992 3299.8992 3299.8992 3299.8992 3299.8992 3299.8992 3285.2966 3269.989 3254.9834 3240.1794 3225.778 3211.7798 3197.882 3183.1787 3168.9788 3154.6782 3140.277 1895.5261 -1147.467 3140.579 3156.3904 3172.2014 3187.6099 3203.3203 3218.628 3233.7341 3248.4375 3263.4429 3278.8513 3292.9504 -3292.044 -3277.542 -3263.4429 -3249.0417 -3234.5398 -3220.7427 -3206.543 -2268.5486 2176.9043 3299.8992 3299.8992 3299.8992 3299.8992 3299.8992 3299.8992 3299.8992 3285.8 3271.1975 3256.192 3241.388 3227.2888 3213.0889 3198.9897 3184.6892 3170.0867 3156.189 3141.687 2049.71 -1087.5458 3169.4824 3156.491 3172.4028 3187.6099 3203.018 3218.3257 3233.7341 3248.4375 3263.9465 3278.247 3293.5547 -3291.8425 -3277.542 -3263.1409 -3248.7395 -3234.2375 -3220.1384 -3206.0393 -2512.9668 1835.1013 3299.8992 3299.8992 3299.8992 3299.8992 3299.8992 3299.8992 3299.8992 3288.5193 3273.2117 3258.206 3243.402 3229.4036 3214.801 3200.601 3186.4014 3172.1008 3158.2031 3143.8018 2312.3564 -676.9592 -3133.6304 3154.6782 3170.3887 3186.3005 3201.709 3216.9158 3231.72 3246.8262 3262.2344 3276.6357 3291.8425 3299.8992 -3279.1533 -3264.6514 -3249.948 -3235.7483 -3221.6492 -3207.7515 -2750.3357 1599.4446 3299.8992 3299.8992 3299.8992 3299.8992 3299.8992 3299.8992 3299.8992 3288.922 3274.0173 3258.1055 3244.2078 3229.9072 3215.5059 3201.5076 3187.3076 3172.9065 3158.7065 3144.3054 2488.4949 -508.0719 -2968.9727 3153.6711 3169.3816 3184.5886 3200.1982 3215.5059 
3299.8992 3299.8992 3299.8992 3299.8992 3289.5264 3274.5208 3259.4146 3244.6106 3230.0078 3215.5059 3201.3062 3187.1062 -617.03796 3190.4297 3206.7444 3222.9583 3238.87 3254.6814 3270.1904 3285.6995 3299.8992 -3283.6853 -3268.579 -3253.473 -3238.568 -3223.764 -3209.1614 -3194.5586 -3180.1575 -3165.756 -3151.657 -3137.7593 -2640.9668 3299.8992 3299.8992 3299.8992 3299.8992 3299.8992 3299.8992 3299.8992 3299.8992 3299.8992 3299.8992 3299.8992 3290.8354 3275.83 3260.7239 3245.9197 3231.2163 3216.8152 3202.4138 3188.3147 1533.9844 3189.3218 3205.6365 3221.9512 3237.7625 3253.5735 3269.1833 3284.6924 3299.8992 -3284.6924 -3269.5862 -3254.5806 -3239.6758 -3224.6704 -3210.1685 -3195.465 -3181.0637 -3166.7632 -3152.664 -3138.6658 -3124.8687 3299.8992 3299.8992 3299.8992 3299.8992 3299.8992 3299.8992 3299.8992 3299.8992 3299.8992 3299.8992 3299.8992 3292.3462 3277.4414 3262.3352 3247.4304 3232.727 3218.225 3203.9246 3189.7246 2824.356 3188.4155 3204.7302 3220.944 3236.9568 3252.6672 3268.3777 3283.8867 3299.295 -3285.5986 -3270.3918 -3255.2856 -3240.4814 -3225.5767 -3210.974 -3196.3713 -3181.9702 -3167.6697 -3153.4697 -3139.4714 -3125.5737 3299.8992 3299.8992 3299.8992 3299.8992 3299.8992 3299.8992 3299.8992 3299.8992 3299.8992 3299.8992 3299.8992 3293.9575 3279.0527 3263.8457 3248.941 3234.2375 3219.8364 3205.435 3191.336 3176.532 3187.207 3203.9246 3220.0378 3235.9497 3251.7607 3267.4712 3282.8796 3298.2878 -3286.4043 -3271.298 -3256.2927 -3241.287 -3226.3823 -3211.7798 -3197.177 -3182.776 -3168.3745 -3154.2754 -3140.1763 -3126.3794 3299.8992 3299.8992 3299.8992 3299.8992 3299.8992 3299.8992 3299.8992 3299.8992 3299.8992 3299.8992 3299.8992 3295.3674 3280.2612 3265.155 3250.2502 3235.5469 3220.944 3206.6436 3192.4438 3178.0425 3186.4014 3202.8167 3219.1313 3235.0432 3250.8545 3266.464 3282.074 3297.3816 -3287.3108 -3272.1038 -3256.9976 -3242.1936 -3227.2888 -3212.5854 -3197.9827 -3183.4807 -3169.1802 -3154.9805 -3141.0828 -3127.0842 3299.8992 3299.8992 3299.8992 3299.8992 3299.8992 3299.8992 3299.8992 
2856.1797 2874.1057 2890.924 3099.1882 -2076.6997 -2597.5615 -2899.4841 -1833.5907 -515.22217 1046.4569 2788.504 2930.4016 2917.1082 2903.7139 2889.7156 2873.5015 2856.784 2645.0957 2833.1177 2820.529 2321.7224 2021.5118 2789.209 2777.5269 2765.1396 2752.5513 2740.7683 2728.8848 2716.7998 2704.312 2268.1458 525.19226 -2867.3584 2716.6992 2739.9626 2761.4136 2781.4543 2800.6897 2819.4214 2837.5488 2855.4749 2873.401 2890.924 2910.3606 -2478.2227 -2966.2537 -3235.144 -2091.403 116.31775 1703.9795 2942.688 2929.2937 2915.8997 2902.1025 2888.2048 2873.9043 2856.8848 2720.4253 2831.0027 2818.3135 2398.764 1929.9683 2786.9934 2774.4048 2759.3994 2749.6306 2738.3513 2726.5686 2714.5842 2700.2837 2097.345 288.83057 -2902.9082 2717.0012 2739.9626 2761.4136 2781.6558 2800.7903 2819.522 2837.7502 2855.6763 2872.8972 2890.6218 3078.6438 -2024.9359 -2375.299 -2822.0398 -1897.5403 59.1156 1550.8026 2935.8398 2922.7478 2909.253 2895.3552 2881.659 2865.3442 2747.2136 2232.797 2313.0615 2816.4001 2335.62 1734.6954 2786.1877 2774.3042 2762.1184 2749.6306 2737.9485 2726.2664 2714.4836 2701.7944 2511.0535 837.4878 -2210.5408 2708.3403 2732.4097 2754.2632 2774.707 2794.345 2813.1775 2831.4055 2849.3315 2867.2576 2884.2773 2902.002 -2754.0618 -2910.562 3255.9905 -2440.0542 -310.18066 1406.0852 2942.2852 2930.905 2917.511 2903.8147 2890.219 2876.422 2861.4165 2846.3103 2834.2253 2823.1475 2652.0447 2076.0955 2786.5906 2774.707 2762.4207 2749.832 2738.0493 2726.3672 2714.1814 2698.8738 1992.4072 68.68286 -2869.7754 2717.7063 2740.7683 2762.1184 2782.26 2801.4954 2820.1262 2838.3545 2856.1797 2874.0051 2891.4275 3114.5964 -1826.944 -1918.9911 -2626.5654 -2058.5723 -179.26025 1187.9517 2875.1128 2923.352 2910.26 2896.6643 2882.968 2868.869 2458.786 1955.7495 2174.588 2820.1262 2489.7034 1708.612 2789.7124 2777.2246 2764.9382 2752.5513 2741.0706 2729.3884 2717.3035 2704.9163 2689.1052 1600.351 -1255.9296 2701.2908 2726.065 2748.3215 2768.9666 2788.9067 2807.9407 2826.471 
1500.65 3299.8992 3299.8992 3299.8992 3299.8992 3299.8992 3299.8992 3299.8992 3299.8992 3299.8992 3299.8992 3299.8992 3299.8992 2832.8154 1493.0969 178.656 -1120.8801 -2108.2214 -2846.3103 -2833.5205 -2820.7305 -2808.3435 -2795.6543 -2783.4685 -2771.0815 -2759.2986 -2202.5847 -1878.305 -2005.6 -2061.493 -2157.4675 -2231.8909 -2484.668 -2589.6057 -2385.4705 -2076.6997 -2038.3301 -1680.716 -1183.5205 -358.11768 1002.0447 3233.432 3299.8992 3299.8992 3299.8992 3299.8992 3299.8992 3299.8992 3299.8992 3299.8992 3299.8992 3299.8992 3299.8992 3089.4194 1739.6301 462.7533 -808.18176 -1946.6858 -2846.4111 -2833.4197 -2820.7305 -2808.3435 -2795.6543 -2783.368 -2771.0815 -2759.2986 -2506.1187 -2112.9546 -2167.4377 -2174.0845 -2241.2566 -2201.88 -2454.4556 -2629.486 -2387.2832 -2074.3835 -1795.9259 -1375.6714 -605.45654 139.5813 1285.1349 3299.8992 3299.8992 3299.8992 3299.8992 3299.8992 3299.8992 3299.8992 3299.8992 3299.8992 3299.8992 3299.8992 3299.8992 3053.5674 1751.5137 446.13647 -848.5657 -1865.918 -2851.245 -2838.2537 -2825.5645 -2813.0767 -2800.4883 -2788.101 -2775.8147 -2763.5283 -2157.0647 -1764.505 -1961.087 -2055.249 -2152.2307 -2128.7659 -2291.4092 -2556.775 -2465.9363 -2161.798 -1807.5073 -1308.0963 -793.07556 5.0354004 886.02905 2960.0098 3299.8992 3299.8992 3299.8992 3299.8992 3299.8992 3299.8992 3299.8992 3299.8992 3299.8992 3299.8992 3299.8992 3299.8992 2333.0017 913.1195 -453.08533 -1641.9434 -2662.0146 -2852.7556 -2840.0664 -2827.478 -2814.688 -2802.301 -2790.0146 -2778.131 -2611.862 -2089.5903 -2363.8184 -2357.4736 -2397.5554 -2389.9016 -2501.184 -2649.124 -2451.6357 -2142.9656 -1801.767 -1391.1804 -925.8087 -151.76697 873.33984 2967.5627 3299.8992 3299.8992 3299.8992 3299.8992 3299.8992 3299.8992 3299.8992 3299.8992 3299.8992 3299.8992 3299.8992 3275.9307 1946.4844 562.95776 -997.4121 -2052.6306 -2859.7046 -2846.7131 -2833.9233 -2821.0327 -2808.7463 -2796.46 -2784.0728 -2772.29 -2584.268 -2022.3175 -2030.3741 -2128.665 -1889.0808 -1918.4875 -2096.338 -2423.7395 -2344.1802 -2065.5212 -1814.5569 -1496.2189 -1080.3955 -362.0453 
3260.9253 3275.83 3290.5334 3299.8992 -3280.4626 -3265.9607 -3251.056 -3236.7554 -3222.8577 -3208.8591 -3194.5586 -3180.8623 159.7229 3299.8992 3299.8992 3299.8992 3299.8992 3299.8992 3299.8992 3299.8992 3299.8992 3295.468 3280.8655 3266.3635 3251.4587 3237.1582 3223.1597 3208.255 3194.2566 3180.4595 3166.4612 3152.0598 1067.3035 3152.1606 3167.871 3183.4807 3198.9897 3214.096 3229.303 3244.7112 3259.4146 3274.3193 3289.325 3299.8992 -3281.1675 -3266.6655 -3252.6672 -3237.9639 -3223.5625 -3209.6648 -3195.5657 -3181.5674 -345.932 3299.8992 3299.8992 3299.8992 3299.8992 3299.8992 3299.8992 3299.8992 3299.8992 3295.9717 3280.966 3266.565 3251.6602 3237.1582 3223.2605 3208.3557 3194.3572 3180.7617 3166.6626 3152.2612 1675.3784 3150.1465 3165.756 3181.2651 3196.6736 3211.9812 3227.188 3242.395 3257.2998 3272.2046 3287.21 3299.8992 -3283.6853 -3269.1833 -3254.3792 -3239.978 -3226.181 -3211.9812 -3197.9827 -3183.9844 -1548.1842 3299.8992 3299.8992 3299.8992 3299.8992 3299.8992 3299.8992 3299.8992 3299.8992 3296.878 3282.2754 3267.7734 3252.7678 3238.4673 3224.469 3209.5642 3195.465 3181.7688 3168.0725 3153.4697 2127.8594 3148.938 3164.9504 3180.4595 3196.0693 3211.0747 3226.3823 3241.388 3256.3933 3271.399 3286.4043 3299.8992 -3284.0881 -3269.5862 -3255.5876 -3240.8843 -3226.4832 -3212.5854 -3198.285 -3184.3872 -2116.681 3299.8992 3299.8992 3299.8992 3299.8992 3299.8992 3299.8992 3299.8992 3299.8992 3298.3887 3283.383 3268.579 3254.2786 3239.8772 3225.1738 3210.4705 3196.875 3183.1787 3169.281 3154.779 2524.9512 3148.233 3164.1448 3179.7546 3195.0623 3210.269 3225.6775 3240.7837 3255.789 3270.6938 3285.3972 3299.8992 -3285.498 -3270.996 -3256.192 -3241.69 -3227.893 -3213.693 -3199.6948 -3185.797 -2623.4436 3299.8992 3299.8992 3299.8992 3299.8992 3299.8992 3299.8992 3299.8992 3299.8992 3299.0935 3284.3901 3269.4854 3255.2856 3240.8843 3226.0803 3211.5784 3197.9827 3183.8835 3170.1873 3155.9875 2896.9666 3146.6216 3162.4329 3178.1433 3193.6523 3208.8591 3224.1667 3239.0715 
3237.7625 3253.8757 3269.4854 3285.5986 3299.8992 -3282.9802 -3267.4712 -3252.1636 -3236.9568 -3221.8506 -3206.845 -3073.9104 -94.56482 3299.8992 3299.8992 3299.8992 3299.8992 3299.8992 3299.8992 3299.8992 3293.3533 3277.7434 3261.6301 3246.121 3230.8135 3215.4053 3200.1982 3185.1929 3169.4824 3154.779 3139.7734 3124.5667 1035.4797 3162.2314 3141.687 3158.3037 3174.8198 3191.336 3207.55 3223.764 3239.978 3255.9905 3271.701 3287.8142 3299.8992 -3280.7646 -3265.2556 -3249.948 -3234.8418 -3219.5342 -3204.6294 -3189.8254 -317.63306 3299.8992 3299.8992 3299.8992 3299.8992 3299.8992 3299.8992 3299.8992 3296.9788 3281.2683 3265.457 3249.7466 3234.0361 3218.628 3203.5217 3188.516 3172.9065 3158.0017 3142.996 3127.7893 1950.7141 -3232.2234 3136.4502 3153.1677 3169.6838 3186.3005 3202.716 3218.8293 3235.144 3251.2573 3267.4712 3283.2825 3298.892 -3285.498 -3269.989 -3254.6814 -3239.273 -3224.1667 -3209.1614 -3194.3572 -1245.6573 3299.8992 3299.8992 3299.8992 3299.8992 3299.8992 3299.8992 3299.8992 3296.878 3281.067 3265.5579 3249.8474 3234.137 3218.628 3203.6223 3188.516 3172.9065 3158.0017 3143.097 3127.9907 2360.1929 -2832.7148 3133.8318 3150.5493 3167.166 3183.6821 3200.0977 3216.4124 3232.5256 3248.538 3264.8528 3280.7646 3296.3745 -3288.0156 -3272.5066 -3257.0984 -3241.7908 -3226.5837 -3211.5784 -3196.6736 -1771.8567 3299.8992 3299.8992 3299.8992 3299.8992 3299.8992 3299.8992 3299.8992 3297.0793 3281.369 3265.2556 3250.0488 3234.439 3219.0308 3203.9246 3189.0198 3173.2085 3158.2031 3143.2983 3128.3936 2540.863 -2729.2876 3133.0261 3149.8442 3166.4612 3182.8765 3199.292 3215.5059 3231.72 3247.9338 3263.5437 3279.7576 3295.5688 -3288.7207 -3273.2117 -3257.7026 -3242.4956 -3227.2888 -3212.1826 -3197.2778 -2078.7139 3299.8992 3299.8992 3299.8992 3299.8992 3299.8992 3299.8992 3299.8992 3298.1873 3282.4768 3266.2627 3250.955 3235.446 3219.937 3204.8308 3189.8254 3174.2156 3159.3108 3144.406 3129.2998 2786.1877 -2223.23 3131.2134 3148.0315 3164.6484 3181.0637 3197.5798 3213.794 
3254.9834 3271.0967 3287.21 3299.8992 -3281.5703 -3266.0613 -3250.653 -3235.3455 -3220.1384 -3205.133 -3190.2283 -3175.525 763.4674 3299.8992 3299.8992 3299.8992 3299.8992 3299.8992 3299.8992 3299.8992 3299.8992 3291.1377 3275.2258 3259.5154 3243.704 3228.195 3212.9883 3197.7812 3182.5745 3166.7632 3151.8584 3136.6516 778.775 3137.9607 3154.779 3171.3958 3187.9119 3204.3274 3220.5413 3236.7554 3252.8687 3268.881 3284.9944 3299.8992 -3283.5845 -3267.9749 -3252.5664 -3237.2588 -3222.1526 -3207.0464 -3192.2424 -3177.4382 51.663208 3299.8992 3299.8992 3299.8992 3299.8992 3299.8992 3299.8992 3299.8992 3299.8992 3291.339 3275.7292 3259.7168 3244.0063 3228.4973 3213.2903 3198.0835 3182.8765 3167.166 3152.2612 3137.0544 1286.3434 3135.745 3152.664 3169.281 3185.797 3202.1118 3218.4265 3234.6404 3250.7537 3266.7664 3282.9802 3298.7915 -3285.6995 -3270.0896 -3254.5806 -3239.3738 -3224.0662 -3209.0605 -3194.1558 -3179.3518 -1083.4167 3299.8992 3299.8992 3299.8992 3299.8992 3299.8992 3299.8992 3299.8992 3299.8992 3293.3533 3277.6428 3261.731 3246.0205 3230.31 3215.103 3199.7954 3184.79 3168.9788 3154.074 3138.9678 1658.4595 3135.6445 3152.5635 3169.1802 3185.6963 3202.1118 3218.225 3234.5398 3250.7537 3266.7664 3282.6782 3298.4893 -3285.8 -3270.0896 -3254.6814 -3239.3738 -3224.1667 -3209.0605 -3194.1558 -3179.5532 -1473.2574 3299.8992 3299.8992 3299.8992 3299.8992 3299.8992 3299.8992 3299.8992 3299.8992 3294.6624 3278.8513 3263.1409 3247.229 3231.72 3216.4124 3201.2053 3186.099 3170.288 3155.3833 3140.1763 2072.168 3134.436 3151.4556 3168.0725 3184.4878 3200.9033 3217.218 3233.432 3249.646 3265.6584 3281.7717 3297.4822 -3286.8071 -3271.1975 -3255.6885 -3240.3809 -3225.0732 -3210.0676 -3195.2637 -3180.258 -2074.4841 3299.8992 3299.8992 3299.8992 3299.8992 3299.8992 3299.8992 3299.8992 3299.8992 3296.173 3280.4626 3264.6514 3248.7395 3233.2305 3217.8223 3202.6152 3187.4084 3171.7986 3156.8938 3141.687 2619.0125 3132.019 3148.938 3165.6555 3182.1716 3198.587 3214.9016 3231.1157 
3244.4092 3260.0188 3275.6287 3291.2383 -3293.3533 -3277.9448 -3262.5366 -3247.229 -3232.1228 -3217.0166 -3202.1118 -3187.4084 -237.16736 3299.8992 3299.8992 3299.8992 3299.8992 3299.8992 3299.8992 3299.8992 3298.6907 3282.9802 3267.3706 3251.9622 3236.856 3221.7498 3206.845 3191.9402 3177.3376 3162.9363 3147.931 3133.5295 2311.4502 3129.0984 3145.816 3162.332 3178.4453 3194.6594 3210.5713 3226.4832 3242.2942 3258.0046 3273.715 3289.325 -3295.2666 -3279.8584 -3264.5508 -3249.3438 -3234.137 -3218.93 -3204.0251 -3189.3218 -1121.9879 3299.8992 3299.8992 3299.8992 3299.8992 3299.8992 3299.8992 3299.8992 3299.0935 3283.383 3267.7734 3252.4658 3237.2588 3222.052 3207.1472 3192.343 3177.7405 3163.1377 3148.1323 3133.9324 2696.8596 3127.487 3144.104 3160.5193 3176.7334 3192.8467 3208.8591 3224.771 3240.5823 3256.4941 3272.0032 3287.6128 3299.8992 -3281.5703 -3266.162 -3250.8545 -3235.8489 -3220.642 -3205.6365 -3190.933 -2156.5613 3299.8992 3299.8992 3299.8992 3299.8992 3299.8992 3299.8992 3299.8992 3299.8992 3284.8938 3269.284 3253.8757 3238.6687 3223.5625 3208.6577 3193.8538 3179.1504 3164.6484 3149.5422 3135.443 3023.9592 3126.178 3142.8955 3159.4116 3175.7263 3191.7388 3207.55 3223.5625 3239.3738 3255.2856 3270.7947 3286.4043 3299.8992 -3282.5774 -3267.3706 -3251.8616 -3236.7554 -3221.8506 -3206.845 -3192.041 -2708.4412 3299.8992 3299.8992 3299.8992 3299.8992 3299.8992 3299.8992 3299.8992 3299.8992 3286.203 3270.3918 3254.9834 3239.7766 3224.6704 3209.7656 3194.8608 3180.359 3165.6555 3150.5493 3136.5508 3112.1794 3125.3723 3142.1904 3158.606 3174.8198 3191.034 3207.0464 3223.1597 3238.87 3254.782 3270.291 3285.8 3299.8992 -3283.2825 -3267.874 -3252.6672 -3237.3596 -3222.354 -3207.3486 -3192.5444 -3047.122 3299.8992 3299.8992 3299.8992 3299.8992 3299.8992 3299.8992 3299.8992 3299.8992 3287.5122 3271.701 3256.192 3240.985 3225.879 3210.974 3196.0693 3181.5674 3166.9646 3151.8584 3137.7593 3121.4446 3125.07 3141.7876 3158.2031 3174.5178 3190.8325 3206.845 3222.7568 

3230.8135 3245.819 3260.7239 3275.0244 3290.332 3299.8992 -3280.4626 -3265.9607 -3251.4587 -3237.2588 -3223.059 -3208.96 -2938.0554 1285.8398 3299.8992 3299.8992 3299.8992 3299.8992 3299.8992 3299.8992 3299.8992 3289.5264 3274.6216 3258.8103 3244.9126 3230.5115 3216.4124 3202.1118 3187.9119 3173.7122 3159.3108 3144.8088 2512.0605 -624.18823 -3024.2615 3154.9805 3170.59 3186.2 3201.3062 3216.8152 3232.022 3247.1282 3261.9324 3276.3335 3291.641 3299.8992 -3279.1533 -3264.7522 -3250.3508 -3236.0503 -3221.9512 -3208.0535 -3049.1362 1018.3594 3299.8992 3299.8992 3299.8992 3299.8992 3299.8992 3299.8992 3299.8992 3292.2454 3277.3406 3261.5295 3247.6318 3233.13 3218.8293 3204.7302 3190.631 3176.2297 3162.03 3147.6287 2832.8154 -80.36499 -2658.8928 3152.362 3167.871 3183.4807 3198.9897 3214.2974 3229.7058 3244.812 3259.2131 3274.6216 3288.8213 3299.8992 -3281.5703 -3267.1692 -3252.8687 -3238.4673 -3224.2676 -3210.269 -3195.3643 533.95386 3299.8992 3299.8992 3299.8992 3299.8992 3299.8992 3299.8992 3299.8992 3292.8496 3278.549 3262.738 3248.7395 3234.137 3220.0378 3205.838 3191.6382 3177.3376 3163.037 3148.8372 2939.3645 33.33435 -2597.36 3152.2612 3168.274 3183.783 3199.1912 3214.4988 3229.4036 3244.812 3259.2131 3274.7222 3288.8213 3299.8992 -3281.8726 -3267.4712 -3253.07 -3238.7695 -3224.2676 -3210.1685 -3196.4722 67.27295 3299.8992 3299.8992 3299.8992 3299.8992 3299.8992 3299.8992 3299.8992 3295.468 3280.8655 3265.9607 3250.955 3236.554 3222.2534 3207.953 3193.753 3179.8552 3165.5547 3151.2542 3028.4912 296.18225 -2402.6917 3152.362 3168.173 3183.6821 3199.0906 3214.3982 3229.605 3244.4092 3259.4146 3274.823 3289.0227 3299.8992 -3281.4697 -3266.9678 -3252.9692 -3238.4673 -3224.0662 -3210.0676 -3195.9685 68.07861 3299.8992 3299.8992 3299.8992 3299.8992 3299.8992 3299.8992 3299.8992 3295.6694 3280.8655 3265.9607 3251.1565 3236.856 3222.6562 3208.5571 3193.8538 3179.6538 3165.3533 3151.355 3080.4565 406.86035 -2348.8127 3151.1536 3166.864 3182.4736 3197.9827 3213.4917 
3299.8992 3299.8992 3299.8992 3299.8992 3296.6765 3281.5703 3266.3635 3251.5593 3236.7554 3222.2534 3207.852 3193.6523 3179.4524 3184.9915 3201.5076 3217.6208 3233.7341 3249.5452 3265.155 3280.7646 3296.173 -3288.6199 -3273.413 -3258.4075 -3243.402 -3228.4973 -3213.794 -3199.1912 -3184.79 -3170.3887 -3156.189 -3142.0898 -3128.2927 3299.8992 3299.8992 3299.8992 3299.8992 3299.8992 3299.8992 3299.8992 3299.8992 3299.8992 3299.8992 3299.8992 3297.6836 3282.6782 3267.572 3252.6672 3237.863 3223.2605 3208.96 3194.6594 3180.5603 3183.8835 3200.299 3216.6138 3232.6262 3248.4375 3264.047 3279.657 3295.0652 -3289.627 -3274.5208 -3259.5154 -3244.5098 -3229.5044 -3214.9016 -3200.1982 -3185.797 -3171.4966 -3157.196 -3143.097 -3129.0984 3299.8992 3299.8992 3299.8992 3299.8992 3299.8992 3299.8992 3299.8992 3299.8992 3299.8992 3299.8992 3299.8992 3298.7915 3283.786 3268.6797 3253.6743 3238.971 3224.3682 3209.967 3195.6665 3181.668 3182.2722 3198.8892 3215.2039 3231.2163 3247.1282 3262.738 3278.3477 3293.756 -3290.9363 -3275.9307 -3260.7239 -3245.819 -3230.9143 -3216.11 -3201.5076 -3187.0056 -3172.705 -3158.4045 -3144.406 -3130.4077 3299.8992 3299.8992 3299.8992 3299.8992 3299.8992 3299.8992 3299.8992 3299.8992 3299.8992 3299.8992 3299.8992 3299.4963 3284.3901 3269.284 3254.2786 3239.5752 3224.9724 3210.5713 3196.3713 3182.2722 3180.258 3196.875 3213.1897 3229.2021 3245.114 3260.8245 3276.3335 3291.8425 3299.8992 -3277.7434 -3262.5366 -3247.531 -3232.6262 -3217.9229 -3203.3203 -3188.8184 -3174.5178 -3160.2173 -3146.0173 -3132.2205 3299.8992 3299.8992 3299.8992 3299.8992 3299.8992 3299.8992 3299.8992 3299.8992 3299.8992 3299.8992 3299.8992 3299.4963 3284.491 3269.3848 3254.2786 3239.6758 3224.9724 3210.4705 3196.3713 3182.0708 3177.841 3194.6594 3210.8733 3226.9866 3242.7979 3258.609 3274.118 3289.627 3299.8992 -3279.8584 -3264.7522 -3249.7466 -3234.8418 -3220.1384 -3205.435 -3190.933 -3176.532 -3162.332 -3148.1323 -3134.1338 3299.8992 3299.8992 3299.8992 3299.8992 3299.8992 3299.8992 3299.8992 
2844.397 2861.8193 2879.7454 2896.463 -3168.9788 -3061.2212 3046.2158 -2732.8125 -723.0835 923.59314 2801.596 2935.9404 2922.5464 2909.0515 2894.9524 2880.6519 2864.3372 2632.306 2840.1672 2828.2837 2810.861 2301.48 2790.1152 2778.0303 2765.6433 2753.0547 2741.1711 2729.489 2717.505 2705.1177 2599.3743 977.4719 -2467.9504 2713.1743 2736.6394 2758.191 2778.534 2797.8699 2816.6016 2834.9304 2852.7556 2870.7825 2887.802 2905.3252 -2722.7417 -2319.104 -2258.6792 -1555.0323 183.48999 1617.1692 2931.2073 2918.2158 2904.9224 2891.4275 2877.832 2864.1357 2847.4182 2665.741 2614.0776 2811.1633 2150.7202 1062.5702 2781.1523 2769.5708 2756.5796 2744.696 2733.316 2721.8352 2709.6497 2697.4639 2582.1533 1160.5591 -1395.0073 2697.4639 2722.5403 2745.1995 2765.9453 2785.8855 2804.9194 2823.5503 2841.4763 2859.5032 2877.127 2894.046 -2696.4568 -2137.4268 -2944.7021 -2537.439 -1441.8365 -70.59631 1817.7795 2935.0342 2921.8413 2908.4473 2894.6501 2880.1482 2864.1357 2665.1367 2616.7969 2827.9814 2776.3184 1787.5671 2792.633 2780.1453 2767.758 2754.9683 2743.5881 2731.906 2719.7205 2707.6355 2687.091 1731.5735 -850.68054 2700.0823 2724.9573 2747.5159 2768.2617 2788.0005 2807.135 2825.6653 2843.692 2861.0137 2878.4363 2896.2615 -2898.578 -2085.26 -2866.049 -2471.3745 -737.8876 734.1614 2937.7532 2924.762 2911.569 2897.7722 2884.076 2870.2788 2855.8777 2839.0593 2826.1687 2816.803 2799.6826 2041.2506 2780.0444 2767.3552 2751.947 2739.9626 2730.9998 2719.4182 2707.5347 2695.2483 2666.5466 1287.3505 -1094.4946 2692.7307 2718.4111 2741.272 2762.4207 2782.3608 2801.596 2820.1262 2838.2537 2855.7769 2873.1995 2890.924 -2831.5063 -1627.1393 -2318.9026 -2076.8005 -507.66907 928.72925 2701.2908 2911.972 2898.6785 2885.4858 2871.6887 2856.1797 2840.872 2639.0532 2496.35 2803.8115 2736.9414 1694.7144 2771.3835 2759.8022 2747.7173 2734.9272 2723.5474 2712.0667 2700.586 2688.1987 2672.589 1880.1178 -499.81384 2678.0273 2705.5205 2729.3884 2751.1414 2771.585 2791.1223 2810.0554 
659.0332 2765.9453 3299.8992 3299.8992 3299.8992 3299.8992 3299.8992 3299.8992 3299.8992 3299.8992 3299.8992 3299.8992 3299.8992 3299.8992 1927.3499 557.016 -740.8081 -1904.4891 -2548.9197 -2851.3457 -2838.3545 -2825.5645 -2813.278 -2800.891 -2788.4033 -2776.5198 -2585.2751 -1990.6952 -1980.2216 -2108.2214 -2236.7249 -2277.2095 -2679.0344 -2696.3562 -2684.8755 -2520.2178 -2257.4707 -1874.6796 -1414.8468 -781.79626 255.59692 2319.3054 3299.8992 3299.8992 3299.8992 3299.8992 3299.8992 3299.8992 3299.8992 3299.8992 3299.8992 3299.8992 3299.8992 3299.8992 2472.885 1061.7645 -209.47266 -1407.0923 -2429.48 -2846.9146 -2834.1248 -2821.4355 -2809.0483 -2796.762 -2784.375 -2772.3906 -2629.9895 -1964.209 -1940.0391 -1992.2058 -2176.703 -2270.16 -2421.0205 -2637.9456 -2264.5203 -1912.4451 -1619.3848 -1301.9531 -832.04956 -104.434204 843.5303 2698.5718 3299.8992 3299.8992 3299.8992 3299.8992 3299.8992 3299.8992 3299.8992 3299.8992 3299.8992 3299.8992 3299.8992 3299.8992 2198.4558 821.97876 -505.5542 -1674.2706 -2601.0864 -2857.3882 -2844.4976 -2831.607 -2819.3206 -2806.8328 -2794.5464 -2782.6628 -2663.2231 -1929.6661 -1845.0714 -2007.0099 -2087.677 -2128.8665 -2269.1528 -2646.3042 -2585.678 -2223.9348 -2093.4172 -1728.5522 -1224.408 -520.6604 447.24426 2286.3738 3299.8992 3299.8992 3299.8992 3299.8992 3299.8992 3299.8992 3299.8992 3299.8992 3299.8992 3299.8992 3299.8992 3299.8992 2395.7427 943.83545 -464.0625 -1673.2635 -2591.0156 -2858.0933 -2845.3032 -2832.5134 -2820.1262 -2807.6384 -2795.453 -2782.965 -2770.6787 -2194.226 -2057.8674 -2163.51 -2220.5107 -2256.5642 -2434.314 -2702.3987 -2690.8171 -2538.3452 -2196.945 -1783.0353 -1022.6898 -475.03967 376.74866 2128.363 3299.8992 3299.8992 3299.8992 3299.8992 3299.8992 3299.8992 3299.8992 3299.8992 3299.8992 3299.8992 3299.8992 3299.8992 2357.9773 1040.7166 -165.86609 -1333.5754 -2300.5737 -2856.381 -2843.4905 -2830.4993 -2818.213 -2805.725 -2793.4387 -2781.4543 -2606.4238 -1853.128 -1707.8064 -1898.9502 -2101.4739 -2161.798 -2306.4148 -2706.427 -2694.7449 -2406.3171 -2032.0862 -1687.262 -1406.8909 -870.52 
3254.1777 3269.1833 3283.786 3298.2878 -3286.5051 -3272.0032 -3257.904 -3243.3013 -3228.9001 -3214.5996 -3200.9033 -3186.8042 -3052.8625 3299.8992 3299.8992 3299.8992 3299.8992 3299.8992 3299.8992 3299.8992 3299.8992 3299.8992 3285.498 3270.8953 3255.9905 3241.5894 3227.5908 3212.686 3198.587 3184.79 3170.7915 3156.6924 3045.813 3145.816 3161.6272 3177.1362 3192.7458 3208.0535 3223.2605 3238.568 3253.372 3268.2769 3283.383 3298.2878 -3287.5122 -3273.0103 -3258.0046 -3243.704 -3229.8064 -3215.6067 -3201.3062 -3187.6099 -3173.8127 3299.8992 3299.8992 3299.8992 3299.8992 3299.8992 3299.8992 3299.8992 3299.8992 3299.8992 3286.7065 3271.9023 3257.6018 3243.0999 3228.296 3213.5925 3200.0977 3186.2 3172.4028 3158.3037 3138.4644 3144.5068 3160.5193 3176.3306 3191.5374 3207.1472 3222.2534 3237.4602 3252.4658 3267.3706 3281.9731 3296.6765 -3288.3179 -3273.816 -3259.7168 -3245.114 -3230.612 -3216.513 -3202.4138 -3188.7175 -3174.6184 3299.8992 3299.8992 3299.8992 3299.8992 3299.8992 3299.8992 3299.8992 3299.8992 3299.8992 3288.3179 3273.816 3258.8103 3244.4092 3230.4106 3215.4053 3201.3062 3187.509 3173.6113 3159.7136 3144.5068 -3096.8718 3159.3108 3174.9207 3190.7317 3205.838 3221.045 3236.0503 3251.358 3266.162 3281.2683 3296.173 -3289.5264 -3275.0244 -3260.2202 -3245.819 -3231.8206 -3217.6208 -3203.6223 -3189.7246 -3175.7263 3299.8992 3299.8992 3299.8992 3299.8992 3299.8992 3299.8992 3299.8992 3299.8992 3299.8992 3289.224 3274.4202 3260.1196 3245.819 3230.9143 3216.211 3202.5146 3188.7175 3175.0212 3160.62 3145.9167 -2799.884 3159.4116 3175.2227 3190.631 3206.0393 3221.2463 3236.3525 3251.2573 3266.3635 3281.067 3295.5688 -3289.325 -3274.7222 -3260.7239 -3245.9197 -3231.6191 -3217.4194 -3203.3203 -3189.3218 -3175.525 3299.8992 3299.8992 3299.8992 3299.8992 3299.8992 3299.8992 3299.8992 3299.8992 3299.8992 3292.1448 3277.4414 3262.5366 3248.0347 3233.9355 3218.93 3204.8308 3191.2354 3177.0354 3163.037 3148.4343 -2082.2388 3159.4116 3175.122 3190.7317 3206.0393 3221.2463 3236.6545 
3229.9072 3246.121 3261.731 3277.9448 3293.8567 -3290.5334 -3274.9236 -3259.4146 -3244.2078 -3229.1016 -3213.9954 -3198.9897 -2501.2847 3299.8992 3299.8992 3299.8992 3299.8992 3299.8992 3299.8992 3299.8992 3299.1943 3283.5845 3267.3706 3251.9622 3236.3525 3220.944 3205.838 3190.8325 3175.0212 3160.3179 3145.3125 3130.2063 2926.2725 -2053.5369 3130.7097 3147.6287 3164.2456 3180.7617 3196.9756 3213.391 3229.605 3245.819 3261.9324 3277.7434 3293.4539 -3290.8354 -3275.4272 -3259.9182 -3244.6106 -3229.4036 -3214.3982 -3199.3926 -2811.5662 3299.8992 3299.8992 3299.8992 3299.8992 3299.8992 3299.8992 3299.8992 3299.8992 3285.498 3269.4854 3253.9763 3238.568 3223.059 3207.953 3192.8467 3177.2368 3162.332 3147.2258 3132.321 3077.9387 -1412.2284 3129.2998 3146.0173 3162.7349 3179.251 3195.6665 3211.9812 3228.195 3244.3083 3260.5225 3276.3335 3292.044 -3292.2454 -3276.7363 -3261.3281 -3246.0205 -3230.713 -3215.7073 -3200.8025 -3062.2283 2890.219 3299.8992 3299.8992 3299.8992 3299.8992 3299.8992 3299.8992 3299.8992 3286.7065 3271.0967 3255.3862 3239.6758 3224.0662 3208.8591 3193.8538 3178.244 3163.339 3148.3337 3133.3281 3108.8562 -1322.9004 3129.7026 3146.521 3163.2385 3179.6538 3196.0693 3212.384 3228.598 3244.7112 3260.9253 3276.8372 3292.5476 -3291.742 -3276.132 -3260.8245 -3245.5168 -3230.31 -3215.3044 -3200.299 -3174.0142 2489.6025 3299.8992 3299.8992 3299.8992 3299.8992 3299.8992 3299.8992 3299.8992 3289.0227 3273.413 3257.7026 3241.9922 3226.3823 3211.0747 3196.0693 3180.4595 3165.6555 3150.65 3135.5437 3117.6177 -660.4431 3128.0913 3145.0103 3161.7278 3178.244 3194.5586 3210.8733 3227.188 3243.3013 3259.1125 3275.3264 3291.2383 -3293.051 -3277.4414 -3262.1338 -3246.8262 -3231.5186 -3216.3115 -3201.4067 -3186.7034 1789.3799 3299.8992 3299.8992 3299.8992 3299.8992 3299.8992 3299.8992 3299.8992 3290.9363 3274.6216 3259.314 3243.805 3228.195 3212.9883 3197.882 3182.2722 3167.2668 3152.2612 3137.3564 3121.4446 -573.23 3129.1992 3146.2188 3162.8357 3179.3518 3195.767 3212.0818 
3247.229 3263.4429 3279.0527 3295.166 -3288.8213 -3273.3123 -3257.904 -3242.395 -3227.188 -3212.2832 -3197.177 -3182.373 -2553.3508 3299.8992 3299.8992 3299.8992 3299.8992 3299.8992 3299.8992 3299.8992 3299.8992 3296.576 3280.2612 3264.7522 3249.0417 3233.5327 3218.1243 3203.018 3187.9119 3172 3157.0952 3142.0898 2711.3616 3131.5154 3148.6357 3165.3533 3181.8694 3198.285 3214.4988 3230.713 3247.0276 3263.04 3278.65 3294.8638 -3289.4255 -3273.816 -3258.4075 -3242.8984 -3227.5908 -3212.5854 -3197.7812 -3182.8765 -2798.2727 3299.8992 3299.8992 3299.8992 3299.8992 3299.8992 3299.8992 3299.8992 3299.8992 3297.7844 3281.4697 3266.0613 3250.4517 3234.7412 3219.3328 3204.2266 3189.1204 3173.2085 3158.4045 3143.2983 2921.338 3213.2903 3147.7295 3164.3462 3181.0637 3197.4792 3213.8945 3229.9072 3246.0205 3262.3352 3277.8442 3294.058 -3290.2312 -3274.6216 -3259.1125 -3243.805 -3228.3965 -3213.391 -3198.3855 -3183.4807 -3103.5186 3299.8992 3299.8992 3299.8992 3299.8992 3299.8992 3299.8992 3299.8992 3299.8992 3299.5972 3283.5845 3267.874 3252.063 3236.6545 3221.1455 3205.9387 3190.7317 3174.8198 3160.1165 3144.9097 3053.7688 -2921.8413 3147.4272 3164.0442 3180.4595 3196.9756 3213.2903 3229.605 3245.819 3261.9324 3277.4414 3293.756 -3290.5334 -3274.9236 -3259.5154 -3244.0063 -3228.6987 -3213.693 -3198.7883 -3183.9844 -3169.3816 3299.8992 3299.8992 3299.8992 3299.8992 3299.8992 3299.8992 3299.8992 3299.8992 3299.8992 3285.498 3270.0896 3254.3792 3238.6687 3223.1597 3207.852 3192.7458 3176.9348 3162.1306 3147.0244 3124.8687 -2460.0952 3147.2258 3163.9434 3180.661 3196.875 3213.2903 3229.5044 3245.6177 3261.8315 3277.542 3293.756 -3290.634 -3275.0244 -3259.5154 -3243.9055 -3228.6987 -3213.794 -3198.8892 -3183.9844 -3169.281 3299.8992 3299.8992 3299.8992 3299.8992 3299.8992 3299.8992 3299.8992 3299.8992 3299.8992 3288.1165 3272.708 3256.9976 3241.287 3225.879 3210.5713 3195.465 3179.5532 3164.749 3149.7437 3132.321 -1857.3578 3147.1252 3163.9434 3180.5603 3196.875 3213.1897 3229.5044 
3238.7695 3254.3792 3269.8882 3285.498 3299.8992 -3283.484 -3268.0754 -3252.7678 -3237.6616 -3222.5554 -3207.6506 -3192.8467 -3178.1433 3299.8992 3299.8992 3299.8992 3299.8992 3299.8992 3299.8992 3299.8992 3299.8992 3289.224 3273.413 3258.0046 3242.697 3227.5908 3212.4846 3197.6807 3183.078 3168.576 3153.4697 3139.1692 3124.1638 3123.3582 3140.1763 3156.5918 3172.9065 3189.1204 3205.2336 3221.045 3236.856 3252.7678 3268.3777 3283.9873 3299.4963 -3285.0952 -3269.7876 -3254.48 -3239.3738 -3224.1667 -3209.1614 -3194.3572 -3179.8552 3299.8992 3299.8992 3299.8992 3299.8992 3299.8992 3299.8992 3299.8992 3299.8992 3289.9292 3274.4202 3258.9111 3243.704 3228.4973 3213.5925 3198.587 3183.9844 3169.3816 3154.4768 3140.1763 3125.171 -3159.5122 3138.8672 3155.484 3171.7986 3187.9119 3204.0251 3219.937 3235.7483 3251.4587 3267.1692 3282.6782 3298.1873 -3286.3037 -3270.996 -3255.6885 -3240.4814 -3225.1738 -3210.269 -3195.465 -3180.8623 3299.8992 3299.8992 3299.8992 3299.8992 3299.8992 3299.8992 3299.8992 3299.8992 3292.1448 3276.4343 3261.026 3245.819 3230.5115 3215.5059 3200.601 3185.9985 3171.3958 3156.491 3142.0898 3127.2856 -2531.2957 3138.9678 3155.3833 3171.698 3187.9119 3203.9246 3219.937 3235.7483 3251.4587 3267.2698 3282.8796 3298.2878 -3286.1023 -3270.8953 -3255.487 -3240.28 -3225.2747 -3210.1685 -3195.465 -3180.7617 3299.8992 3299.8992 3299.8992 3299.8992 3299.8992 3299.8992 3299.8992 3299.8992 3293.6553 3278.0457 3262.5366 3247.229 3232.022 3217.0166 3202.1118 3187.4084 3172.9065 3157.8003 3143.6003 3128.7964 -1751.8158 3138.162 3154.6782 3170.993 3187.207 3203.3203 3219.1313 3235.144 3250.8545 3266.565 3282.1746 3297.6836 -3286.8071 -3271.399 -3256.192 -3240.985 -3225.879 -3210.7727 -3195.9685 -3181.2651 3299.8992 3299.8992 3299.8992 3299.8992 3299.8992 3299.8992 3299.8992 3299.8992 3295.7703 3280.0598 3264.5508 3249.2432 3233.9355 3218.93 3203.9246 3189.2212 3174.8198 3159.7136 3145.413 3130.6091 -1153.8116 3138.162 3154.779 3171.1943 3187.3076 3203.3203 3219.3328 

3228.3965 3243.402 3258.5083 3274.0173 3288.1165 3299.8992 -3282.1746 -3267.7734 -3253.6743 -3239.3738 -3225.1738 -3210.7727 -3196.9756 -407.26318 3299.8992 3299.8992 3299.8992 3299.8992 3299.8992 3299.8992 3299.8992 3297.6836 3283.081 3268.0754 3253.1707 3238.7695 3224.8718 3210.5713 3196.3713 3182.0708 3167.4683 3153.067 3130.1055 701.4313 -2074.4841 3150.247 3165.9575 3181.668 3197.3784 3212.686 3227.893 3242.697 3257.8032 3273.1108 3287.3108 3299.8992 -3283.1816 -3268.6797 -3254.2786 -3239.8772 -3225.778 -3211.8804 -3197.882 -970.12024 3299.8992 3299.8992 3299.8992 3299.8992 3299.8992 3299.8992 3299.8992 3299.8992 3286.203 3270.1904 3256.2927 3241.8914 3227.5908 3213.2903 3198.9897 3184.6892 3170.288 3156.0881 3137.4573 984.7229 -2048.6023 3151.2542 3167.0654 3182.9773 3198.3855 3213.693 3228.9001 3244.107 3259.0117 3273.3123 3288.6199 3299.8992 -3282.376 -3267.874 -3253.1707 -3238.971 -3224.6704 -3210.5713 -3196.5728 -1378.4912 2917.813 3299.8992 3299.8992 3299.8992 3299.8992 3299.8992 3299.8992 3299.8992 3289.4255 3273.6145 3259.616 3245.2148 3230.8135 3216.513 3202.4138 3188.0127 3173.7122 3159.2102 3141.3848 1219.2719 -1702.771 3151.4556 3167.2668 3182.8765 3198.3855 3213.9954 3229.2021 3244.4092 3259.2131 3273.6145 3288.922 3299.8992 -3281.7717 -3267.2698 -3252.8687 -3238.568 -3224.3682 -3210.5713 -3196.2708 -1590.7837 2855.1726 3299.8992 3299.8992 3299.8992 3299.8992 3299.8992 3299.8992 3299.8992 3290.8354 3274.823 3261.1267 3246.6248 3232.022 3217.7214 3203.421 3189.3218 3174.9207 3160.62 3144.9097 1412.3291 -1614.148 3151.355 3167.2668 3182.675 3198.0835 3213.693 3228.9001 3244.107 3258.9111 3273.3123 3288.8213 3299.8992 -3282.1746 -3267.7734 -3253.372 -3238.971 -3224.8718 -3210.7727 -3196.7742 -1847.5891 2672.1863 3299.8992 3299.8992 3299.8992 3299.8992 3299.8992 3299.8992 3299.8992 3292.1448 3276.233 3262.3352 3247.7324 3233.5327 3219.2322 3204.7302 3190.4297 3176.1292 3161.7278 3147.0244 1737.616 -1293.8965 3149.24 3164.8499 3180.8623 3196.2708 3211.2761 3226.886 3242.0928 3256.9976 3272.0032 3286.203 3299.8992 -3284.1887 -3270.0896 -3255.487 -3240.985 -3226.7852 -3194.6594 -2868.164 -1394.5038 3232.8276 3299.8992 3299.8992 3299.8992 3299.8992 3299.8992 
3299.8992 3299.8992 3299.8992 3299.8992 3299.4963 3284.2896 3269.284 3254.1777 3239.4744 3224.771 3210.3699 3196.0693 3181.9702 3174.9207 3191.6382 3207.852 3223.9653 3239.8772 3255.5876 3271.1975 3286.8071 3299.8992 -3282.9802 -3267.4712 -3252.365 -3237.6616 -3222.8577 -3208.255 -3193.6523 -3179.251 -3164.9504 -3150.7507 -3136.7522 2828.2837 3299.8992 3299.8992 3299.8992 3299.8992 3299.8992 3299.8992 3299.8992 3299.8992 3299.8992 3299.8992 3299.1943 3283.8867 3268.881 3253.8757 3239.0715 3224.469 3210.0676 3195.767 3181.7688 3172.6042 3189.5232 3205.838 3221.9512 3237.7625 3253.473 3269.1833 3284.6924 3299.8992 -3284.6924 -3269.5862 -3254.48 -3239.5752 -3224.771 -3210.1685 -3195.6665 -3181.1646 -3166.864 -3152.664 -3138.6658 689.5477 3299.8992 3299.8992 3299.8992 3299.8992 3299.8992 3299.8992 3299.8992 3299.8992 3299.8992 3299.8992 3299.6978 3284.6924 3269.4854 3254.3792 3239.6758 3225.0732 3210.5713 3196.3713 3182.1716 -2449.7222 3187.207 3203.6223 3219.7356 3235.5469 3251.358 3266.9678 3282.5774 3297.885 -3286.908 -3271.701 -3256.6956 -3241.7908 -3226.886 -3212.2832 -3197.6807 -3183.1787 -3168.8782 -3154.6782 -3140.68 -1013.22327 3299.8992 3299.8992 3299.8992 3299.8992 3299.8992 3299.8992 3299.8992 3299.8992 3299.8992 3299.8992 3299.8992 3285.0952 3269.989 3254.9834 3240.0786 3225.476 3210.8733 3196.7742 3182.5745 -85.29968 3185.3943 3201.8096 3217.9229 3233.9355 3249.7466 3265.457 3280.8655 3296.2737 -3288.6199 -3273.413 -3258.307 -3243.3013 -3228.4973 -3213.9954 -3199.292 -3184.8906 -3170.59 -3156.2896 -3142.1904 -2618.811 3299.8992 3299.8992 3299.8992 3299.8992 3299.8992 3299.8992 3299.8992 3299.8992 3299.8992 3299.8992 3299.8992 3286.7065 3271.6003 3256.4941 3241.69 3226.9866 3212.4846 3198.184 3184.085 1870.9534 3184.5886 3201.004 3217.1172 3233.029 3248.941 3264.6514 3280.1604 3295.468 -3289.325 -3274.118 -3259.0117 -3244.107 -3229.2021 -3214.7002 -3199.9968 -3185.4949 -3171.1943 -3156.8938 -3142.7947 -3129.0984 3299.8992 3299.8992 3299.8992 3299.8992 3299.8992 3299.8992 3299.8992 3299.8992 3299.8992 3299.8992 3299.8992 3288.217 3273.1108 3258.0046 3243.0999 3228.598 3213.9954 3199.594 3185.4949 2957.492 3183.783 3200.1982 3216.211 3232.3242 3248.1353 3263.8457 
2828.485 2846.5117 2864.2363 2881.1553 3201.5076 -2282.6477 -2875.5156 -2685.1775 -1116.5497 411.69434 2177.1057 2920.7336 2907.5408 2894.1467 2880.7524 2867.157 2853.4607 2836.8438 2822.946 2813.681 2797.5676 2250.6226 2775.9155 2763.2263 2750.839 2738.2507 2726.9714 2715.39 2703.4058 2691.22 2628.9824 1147.9706 -1128.0304 2689.1052 2715.39 2738.3513 2759.7014 2779.7424 2798.877 2817.6086 2835.736 2853.2593 2871.1853 2888.1042 -2707.9375 -1255.1239 -1898.8495 -1998.349 -715.5304 699.0143 2390.3044 2908.145 2895.053 2881.7595 2868.164 2854.5684 2678.7322 2237.9333 2071.161 2664.8345 2789.8132 1978.3081 2771.4844 2760.0037 2747.7173 2735.1287 2723.4465 2712.0667 2700.2837 2688.1987 2676.2146 2414.4744 376.54724 3107.7483 2695.8525 2720.6267 2743.1853 2764.1326 2783.7708 2802.8044 2821.2341 2839.6636 2857.489 2874.408 2921.7407 -2475.9062 -2941.4795 -2924.9634 -1432.1686 158.71582 2013.2538 2920.7336 2907.6416 2894.2473 2880.6519 2866.9556 2850.7415 2685.8826 2823.9531 2813.8823 2799.3804 2540.0574 2775.3113 2763.327 2750.94 2738.0493 2726.3672 2714.7856 2703.003 2691.0186 2676.2146 2089.6912 -757.2235 2681.4514 2708.5417 2732.2083 2753.8604 2774.2034 2793.6401 2812.3718 2830.5999 2848.8281 2865.8477 2883.7737 3143.6003 -1946.6858 -1583.2306 -1738.3209 -613.7146 816.2384 2433.7097 2905.426 2892.2332 2879.141 2865.5457 2851.95 2836.139 2817.2058 2560.0981 2796.5605 2678.4302 1655.8411 2765.039 2752.954 2740.567 2728.5828 2717.505 2706.1248 2694.5435 2682.559 2667.453 1756.8512 -243.20984 3003.5156 2696.1548 2721.1304 2743.3867 2764.334 2784.0728 2803.1067 2821.637 2839.2607 2857.3882 2874.408 3113.4888 -1929.7668 -2285.971 -2535.022 -2110.0342 -748.0591 1147.9706 2840.2678 2912.1733 2899.0813 2885.385 2871.7896 2855.6763 2839.9658 2595.2454 2815.695 2803.4087 2434.1125 2780.7495 2768.866 2756.4788 2743.5881 2731.5032 2720.2239 2708.3403 2696.4568 2683.7676 2234.4084 362.54883 -2853.1584 2699.478 2724.1516 2746.408 2767.1538 2786.8926 2805.8257 2824.356 2842.5842 2859.8052 2877.7312 3000.6958 -2111.5447 -2346.3958 -2638.9526 -1513.6414 73.61755 2636.3342 2916.0002 2902.7068 2889.3127 2875.8179 2862.323 2848.4253 2831.607 2794.345 2805.6243 
-265.2649 1318.0664 3299.8992 3299.8992 3299.8992 3299.8992 3299.8992 3299.8992 3299.8992 3299.8992 3299.8992 3299.8992 3299.8992 3299.8992 2824.1545 1423.0042 34.44214 -1241.3269 -2316.2842 -2858.0933 -2845.2026 -2832.1106 -2819.8242 -2807.3364 -2795.05 -2783.0657 -2766.0461 -2083.145 -2164.4165 -2257.5713 -2245.6877 -2172.876 -2145.3826 -2487.9912 -2567.349 -2299.768 -1886.261 -1449.4904 -994.9951 -516.9342 445.2301 2012.4481 3299.8992 3299.8992 3299.8992 3299.8992 3299.8992 3299.8992 3299.8992 3299.8992 3299.8992 3299.8992 3299.8992 3299.8992 2754.2632 1359.5581 -321.25854 -1539.1205 -2439.5508 -2862.5244 -2849.7344 -2836.8438 -2824.4568 -2812.1704 -2799.7832 -2787.6982 -2775.2104 -2330.6853 -2042.3584 -2179.4219 -2077.9082 -2087.7776 -2143.6707 -2512.262 -2605.3162 -2343.8782 -1889.8865 -1484.2346 -1075.058 -578.06396 314.81323 1813.3484 3299.8992 3299.8992 3299.8992 3299.8992 3299.8992 3299.8992 3299.8992 3299.8992 3299.8992 3299.8992 3299.8992 3299.8992 2704.8157 1322.7997 12.084961 -1256.6345 -1958.0658 -2870.984 -2857.9924 -2845.0012 -2832.5134 -2819.9248 -2807.6384 -2795.6543 -2783.0657 -2325.4485 -1988.4796 -2117.0837 -2189.392 -2164.4165 -2435.1196 -2714.2822 -2702.6 -2631.6008 -2368.5515 -2068.0388 -1600.7538 -1134.375 -277.14844 1069.519 3299.8992 3299.8992 3299.8992 3299.8992 3299.8992 3299.8992 3299.8992 3299.8992 3299.8992 3299.8992 3299.8992 3299.8992 2970.0806 1614.8529 271.30737 -985.025 -1979.6173 -2862.8264 -2851.4465 -2838.6565 -2826.1687 -2813.681 -2801.3945 -2789.3096 -2776.8218 -2474.7986 -2056.4575 -2153.842 -2204.196 -2320.111 -2434.8174 -2704.312 -2484.0637 -2225.949 -1904.892 -1616.0614 -1250.592 -920.3705 -190.13672 1058.139 3299.8992 3299.8992 3299.8992 3299.8992 3299.8992 3299.8992 3299.8992 3299.8992 3299.8992 3299.8992 3299.8992 3299.8992 2886.09 1519.4824 167.276 -1124.707 -2223.23 -2862.9272 -2849.9358 -2836.8438 -2824.6582 -2811.969 -2799.6826 -2787.6982 -2775.2104 -2050.9185 -1523.7122 -1709.2163 -1855.8472 -1974.5819 -2096.0356 -2356.4666 -2498.9685 -2265.326 -2249.3132 -1928.9612 -1511.1237 -951.0864 -66.6687 1157.4371 3299.8992 3299.8992 3299.8992 3299.8992 3299.8992 3299.8992 3299.8992 3299.8992 3299.8992 3299.8992 3299.8992 3299.8992 3216.11 1926.947 628.21655 -683.9081 -1799.2493 -2830.0964 
3251.358 3266.3635 3281.4697 3295.9717 -3288.922 -3274.4202 -3260.2202 -3245.6177 -3231.2163 -3216.9158 -3203.2195 -3189.0198 -3175.2227 2881.659 3299.8992 3299.8992 3299.8992 3299.8992 3299.8992 3299.8992 3299.8992 3299.8992 3294.7632 3279.959 3265.6584 3251.2573 3236.2517 3221.5483 3208.0535 3193.9543 3179.8552 3166.0583 3151.4556 -1175.4639 3159.5122 3175.122 3190.7317 3206.1401 3221.1455 3236.4531 3251.5593 3266.464 3281.2683 3296.0723 -3289.627 -3275.0244 -3260.1196 -3245.819 -3231.8206 -3217.6208 -3203.5217 -3189.624 -3175.525 1829.2603 3299.8992 3299.8992 3299.8992 3299.8992 3299.8992 3299.8992 3299.8992 3299.8992 3296.7773 3282.2754 3267.2698 3252.7678 3238.568 3223.5625 3209.5642 3195.5657 3181.668 3167.871 3152.9663 -681.6925 3159.4116 3175.122 3190.631 3206.0393 3221.2463 3236.3525 3251.4587 3266.3635 3281.5703 3296.0723 -3288.922 -3274.3193 -3260.2202 -3245.6177 -3231.1157 -3216.9158 -3203.119 -3189.0198 -3175.0212 1076.2665 3299.8992 3299.8992 3299.8992 3299.8992 3299.8992 3299.8992 3299.8992 3299.8992 3298.7915 3283.786 3269.4854 3254.8828 3240.1794 3225.3752 3211.679 3197.882 3183.783 3169.7844 3155.2825 -163.04626 3159.8145 3175.6255 3191.2354 3206.2407 3221.7498 3236.856 3251.9622 3266.9678 3281.6711 3296.475 -3289.1235 -3274.6216 -3259.8174 -3245.3154 -3231.4177 -3217.218 -3202.9175 -3189.2212 -3175.3235 -124.37439 3299.8992 3299.8992 3299.8992 3299.8992 3299.8992 3299.8992 3299.8992 3299.8992 3299.8992 3287.1094 3272.1038 3257.5012 3243.3013 3228.296 3213.9954 3200.1982 3186.502 3172.2014 3157.6995 924.4995 3158.1023 3174.0142 3189.5232 3204.9316 3220.1384 3235.3455 3250.653 3265.3564 3280.4626 3295.3674 -3290.332 -3275.6287 -3260.7239 -3246.4233 -3232.5256 -3218.0237 -3204.2266 -3190.1274 -3176.4312 -675.75073 3299.8992 3299.8992 3299.8992 3299.8992 3299.8992 3299.8992 3299.8992 3299.8992 3299.8992 3287.0085 3272.708 3258.1055 3243.402 3228.598 3214.801 3200.8025 3187.1062 3173.007 3158.606 1461.4746 3156.7932 3172.8057 3188.4155 3203.8237 3219.1313 3234.3384 3249.1423 3264.3494 3279.0527 3293.9575 -3291.641 -3277.0386 -3262.2344 -3247.8333 -3233.7341 -3219.3328 -3205.435 -3191.5374 -3177.7405 -1422.6013 3299.8992 3299.8992 3299.8992 3299.8992 3299.8992 3299.8992 
3228.296 3244.4092 3260.1196 3276.4343 3292.3462 -3292.044 -3276.535 -3261.026 -3245.7183 -3230.5115 -3215.4053 -3200.702 -3185.797 1333.9783 3299.8992 3299.8992 3299.8992 3299.8992 3299.8992 3299.8992 3299.8992 3293.8567 3277.7434 3262.2344 3246.6248 3231.1157 3215.808 3200.702 3185.092 3170.288 3155.182 3140.0757 3124.768 -4.4311523 3128.897 3145.816 3162.4329 3178.949 3195.3643 3211.7798 3227.9937 3244.2078 3260.4216 3276.132 3291.8425 -3292.4468 -3276.7363 -3261.3281 -3245.9197 -3230.9143 -3215.7073 -3200.8025 -3186.2 615.42664 3299.8992 3299.8992 3299.8992 3299.8992 3299.8992 3299.8992 3299.8992 3296.6765 3280.8655 3265.2556 3249.4446 3233.8347 3218.628 3203.3203 3187.8113 3172.8057 3157.8003 3142.7947 3127.487 509.3811 3128.3936 3145.413 3162.2314 3178.6467 3195.1628 3211.4775 3227.6917 3243.9055 3260.1196 3276.0315 3291.742 -3292.5476 -3277.0386 -3261.6301 -3246.222 -3230.9143 -3215.9087 -3201.004 -3186.2 205.0415 3299.8992 3299.8992 3299.8992 3299.8992 3299.8992 3299.8992 3299.8992 3298.1873 3282.5774 3266.9678 3251.056 3235.5469 3220.1384 3204.9316 3189.4226 3174.417 3159.3108 3144.3054 3128.897 672.8302 3129.0984 3146.2188 3162.9363 3179.5532 3195.868 3212.1826 3228.4973 3244.6106 3260.8245 3276.7363 3292.5476 -3291.742 -3276.3335 -3260.9253 -3245.4163 -3230.31 -3215.103 -3200.299 -3185.4949 -369.09485 3299.8992 3299.8992 3299.8992 3299.8992 3299.8992 3299.8992 3299.8992 3299.8992 3285.2966 3269.989 3254.2786 3238.6687 3223.2605 3208.255 3192.2424 3177.2368 3162.4329 3147.4272 3132.1196 1470.5383 3126.8828 3144.0032 3160.5193 3177.2368 3193.6523 3210.0676 3226.2817 3242.4956 3258.206 3274.4202 3290.332 3299.8992 -3278.3477 -3262.8386 -3247.6318 -3232.3242 -3217.218 -3202.3132 -3187.509 -838.19275 3299.8992 3299.8992 3299.8992 3299.8992 3299.8992 3299.8992 3299.8992 3299.8992 3285.498 3269.8882 3254.3792 3238.7695 3223.361 3208.3557 3192.5444 3177.6396 3162.6343 3147.4272 3132.321 1757.1533 3125.6743 3142.694 3159.4116 3176.0283 3192.5444 3208.7585 3225.1738 3241.388 3256.9976 3273.2117 3289.224 3299.8992 -3279.4556 -3263.9465 -3248.538 -3233.432 -3218.3257 -3203.3203 -3188.516 -1227.6306 3299.8992 3299.8992 3299.8992 3299.8992 3299.8992 3299.8992 
3245.6177 3261.9324 3278.0457 3293.6553 -3290.634 -3275.0244 -3259.5154 -3244.107 -3228.7993 -3213.693 -3198.7883 -3183.8835 -3169.281 2709.146 3299.8992 3299.8992 3299.8992 3299.8992 3299.8992 3299.8992 3299.8992 3299.8992 3291.5405 3275.6287 3259.8174 3244.2078 3228.6987 3213.391 3198.0835 3182.2722 3167.3674 3152.2612 3136.7522 -1233.9752 3147.1252 3163.8428 3180.4595 3196.9756 3213.1897 3229.5044 3245.6177 3261.8315 3277.9448 3293.756 -3290.5334 -3274.9236 -3259.5154 -3244.107 -3228.7993 -3213.693 -3198.7883 -3183.9844 -3169.1802 1832.8857 3299.8992 3299.8992 3299.8992 3299.8992 3299.8992 3299.8992 3299.8992 3299.8992 3293.9575 3278.247 3262.3352 3246.6248 3231.015 3215.7073 3200.3997 3184.79 3169.7844 3154.6782 3139.1692 -858.0322 3147.83 3164.749 3181.2651 3197.5798 3213.9954 3230.2092 3246.4233 3262.5366 3278.7505 3294.461 -3289.8284 -3274.2188 -3258.7097 -3243.3013 -3228.0945 -3212.9883 -3197.9827 -3183.078 -3168.4753 974.04785 3299.8992 3299.8992 3299.8992 3299.8992 3299.8992 3299.8992 3299.8992 3299.8992 3297.2808 3281.4697 3265.5579 3249.8474 3234.3384 3218.93 3203.6223 3187.8113 3173.007 3157.8003 3142.2913 -278.35693 3148.4343 3165.2527 3181.7688 3198.184 3214.5996 3230.8135 3247.0276 3263.1409 3279.3547 3295.0652 -3289.224 -3273.6145 -3258.0046 -3242.5964 -3227.3894 -3212.384 -3197.3784 -3182.675 -3167.9717 350.16174 3299.8992 3299.8992 3299.8992 3299.8992 3299.8992 3299.8992 3299.8992 3299.8992 3299.6978 3283.9873 3268.0754 3252.365 3236.7554 3221.347 3205.9387 3190.2283 3175.3235 3160.2173 3144.8088 784.21326 3145.514 3162.4329 3179.1504 3195.465 3211.8804 3228.195 3244.3083 3260.5225 3276.233 3292.3462 -3291.8425 -3276.132 -3260.623 -3245.2148 -3229.8064 -3214.801 -3199.7954 -3184.9915 -3170.3887 -176.0376 3299.8992 3299.8992 3299.8992 3299.8992 3299.8992 3299.8992 3299.8992 3299.8992 3298.892 3283.1816 3267.3706 3251.7607 3236.0503 3220.642 3205.435 3189.624 3174.6184 3159.613 3144.2046 1209.5032 3143.1975 3160.1165 3176.6326 3193.2495 3209.5642 3225.879 3242.0928 3258.206 3273.9165 3290.0298 3299.8992 -3278.3477 -3262.8386 -3247.3296 -3232.022 -3217.0166 -3202.011 -3187.1062 -3172.4028 -760.24475 3299.8992 3299.8992 3299.8992 3299.8992 3299.8992 3299.8992 
3235.2446 3251.056 3266.6655 3282.2754 3297.7844 -3286.7065 -3271.1975 -3255.89 -3240.8843 -3225.6775 -3210.6719 -3195.868 -3181.2651 2409.439 3299.8992 3299.8992 3299.8992 3299.8992 3299.8992 3299.8992 3299.8992 3299.0935 3283.2825 3267.7734 3252.365 3237.1582 3222.052 3207.1472 3192.343 3177.6396 3162.5334 3148.5352 3133.8318 -104.03137 3138.3635 3154.8796 3171.2952 3187.4084 3203.5217 3219.3328 3235.2446 3251.056 3266.7664 3282.2754 3297.885 -3286.6057 -3271.1975 -3255.9905 -3240.7837 -3225.6775 -3210.6719 -3195.767 -3181.0637 1435.3912 3299.8992 3299.8992 3299.8992 3299.8992 3299.8992 3299.8992 3299.8992 3299.8992 3285.3972 3269.7876 3254.3792 3239.3738 3224.0662 3209.1614 3194.3572 3179.6538 3164.5476 3150.348 3135.745 390.14282 3138.565 3155.182 3171.5972 3187.9119 3203.9246 3219.937 3235.8489 3251.5593 3267.1692 3282.8796 3298.3887 -3286.203 -3270.8953 -3255.5876 -3240.3809 -3225.2747 -3210.269 -3195.3643 -3180.661 177.85034 3299.8992 3299.8992 3299.8992 3299.8992 3299.8992 3299.8992 3299.8992 3299.8992 3288.5193 3272.9094 3257.6018 3242.2942 3227.188 3212.1826 3197.2778 3182.5745 3167.4683 3153.3691 3138.7664 1109.5001 3139.3706 3155.8867 3172.2014 3188.3147 3204.2266 3220.3398 3236.3525 3252.063 3267.874 3283.383 3299.0935 -3285.3972 -3270.0896 -3254.782 -3239.6758 -3224.6704 -3209.5642 -3194.6594 -3180.1575 -508.0719 3299.8992 3299.8992 3299.8992 3299.8992 3299.8992 3299.8992 3299.8992 3299.8992 3290.8354 3275.125 3259.8174 3244.4092 3229.303 3214.096 3199.3926 3184.79 3169.583 3155.3833 3140.7805 2026.5472 3137.3564 3153.9734 3170.3887 3186.6028 3202.9175 3218.7285 3234.6404 3250.4517 3266.2627 3281.8726 3297.3816 -3287.21 -3271.8018 -3256.4941 -3241.287 -3226.0803 -3211.0747 -3196.17 -3181.668 -1259.555 3299.8992 3299.8992 3299.8992 3299.8992 3299.8992 3299.8992 3299.8992 3299.8992 3291.2383 3275.6287 3260.2202 3244.812 3229.8064 3214.7002 3199.8962 3185.2935 3170.0867 3155.6853 3141.3848 2789.511 3133.8318 3150.5493 3167.0654 3183.2793 3199.3926 3215.5059 3231.3171 3247.229 3262.9395 3278.4485 3294.058 -3290.4326 -3275.0244 -3259.7168 -3244.5098 -3229.303 -3214.1968 -3199.3926 -3184.6892 -1985.0555 3299.8992 3299.8992 3299.8992 3299.8992 3299.8992 3299.8992 

3299.8992 3299.8992 3299.8992 3299.8992 3299.8992 3299.8992 3299.8992 3299.8992 3299.8992 3299.8992 3299.8992 3299.8992 3299.8992 3299.8992 3299.8992 3299.8992 3299.8992 3299.8992 3299.8992 3299.8992 3222.052 3236.554 3251.8616 3266.7664 3281.8726 3296.475 -3289.1235 -3274.2188 -3259.9182 -3245.5168 -3231.5186 -3216.8152 -3049.3376 -2622.7385 845.4437 3299.8992 3299.8992 3299.8992 3299.8992 3299.8992 3299.8992 3299.8992 3298.2878 3283.2825 3268.3777 3253.8757 3239.6758 3225.0732 3210.8733 3196.875 3182.1716 3167.7703 3153.772 2604.0068 -272.41516 -2743.3867 3160.2173 3175.9277 3191.1345 3206.543 3221.8506 3237.0574 3252.063 3267.572 3281.6711 3296.7773 -3288.5193 -3274.0173 -3259.8174 -3245.5168 -3231.3171 -3216.8152 -3202.8167 -2599.777 1965.1154 3299.8992 3299.8992 3299.8992 3299.8992 3299.8992 3299.8992 3299.8992 3291.339 3276.3335 3261.5295 3247.229 3232.8276 3218.4265 3204.3274 3189.926 3175.6255 3160.922 3147.1252 2527.2673 -461.94763 -2932.5164 3155.6853 3171.3958 3187.0056 3202.1118 3217.6208 3232.5256 3247.6318 3263.04 3277.4414 3292.4468 -3293.2524 -3278.65 -3264.2485 -3249.7466 -3235.5469 -3221.347 -3206.9458 -2836.3403 1583.7341 3299.8992 3299.8992 3299.8992 3299.8992 3299.8992 3299.8992 3299.8992 3289.4255 3274.5208 3259.616 3245.5168 3231.015 3216.4124 3202.2124 3187.9119 3173.7122 3159.8145 3145.413 2666.9495 -318.43872 -2825.2625 3152.4626 3167.871 3183.3801 3198.8892 3214.1968 3229.303 3244.5098 3259.9182 3274.2188 3288.922 3299.8992 -3281.7717 -3267.2698 -3252.6672 -3238.2659 -3224.469 -3210.269 -3111.676 1063.7787 3299.8992 3299.8992 3299.8992 3299.8992 3299.8992 3299.8992 3299.8992 3290.332 3274.4202 3260.5225 3245.9197 3231.4177 3217.3186 3203.018 3188.8184 3174.5178 3160.3179 3145.9167 2921.237 56.19507 -2589.8071 3149.5422 3165.2527 3180.661 3196.17 3211.4775 3226.886 3241.8914 3256.2927 3271.8018 3286.5051 3299.8992 -3284.3901 -3269.989 -3255.5876 -3241.287 -3226.6846 -3212.5854 -3181.366 712.1063 3299.8992 3299.8992 3299.8992 3299.8992 3299.8992 
3279.3547 3294.6624 -3290.332 -3274.823 -3259.8174 -3244.812 -3230.0078 -3215.3044 -3200.702 -3186.3005 -3171.7986 -3157.6995 -3143.6003 -3129.7026 3299.8992 3299.8992 3299.8992 3299.8992 3299.8992 3299.8992 3299.8992 3299.8992 3299.8992 3299.8992 3299.8992 3290.0298 3274.9236 3259.8174 3244.812 3230.1086 3215.7073 3201.4067 3187.207 3172.5037 3183.078 3199.4934 3215.808 3231.72 3247.531 3263.2415 3278.7505 3294.058 -3290.5334 -3275.4272 -3260.321 -3245.3154 -3230.612 -3215.808 -3201.1047 -3186.7034 -3172.5037 -3158.2031 -3144.0032 -3130.2063 3299.8992 3299.8992 3299.8992 3299.8992 3299.8992 3299.8992 3299.8992 3299.8992 3299.8992 3299.8992 3299.8992 3291.742 3276.6357 3261.5295 3246.6248 3231.9214 3217.3186 3203.018 3188.8184 3174.6184 3182.1716 3198.7883 3214.9016 3230.9143 3246.7253 3262.4358 3277.9448 3293.4539 -3291.339 -3276.0315 -3261.026 -3246.0205 -3231.1157 -3216.513 -3201.9104 -3187.509 -3173.007 -3158.8074 -3144.7083 -3130.8105 3299.8992 3299.8992 3299.8992 3299.8992 3299.8992 3299.8992 3299.8992 3299.8992 3299.8992 3299.8992 3299.8992 3293.756 3278.549 3263.4429 3248.538 3233.8347 3219.2322 3204.8308 3190.631 3176.532 3181.9702 3198.4863 3214.7002 3230.713 3246.524 3262.2344 3277.8442 3293.1519 -3291.4397 -3276.3335 -3261.2273 -3246.222 -3231.4177 -3216.7144 -3202.1118 -3187.6099 -3173.2085 -3159.0088 -3144.9097 -3130.9111 3299.8992 3299.8992 3299.8992 3299.8992 3299.8992 3299.8992 3299.8992 3299.8992 3299.8992 3299.8992 3299.8992 3295.6694 3280.5632 3265.3564 3250.3508 3235.5469 3220.944 3206.543 3192.4438 3178.3447 3181.1646 3197.7812 3213.8945 3230.0078 3245.7183 3261.4287 3277.0386 3292.4468 3299.8992 -3277.24 -3262.033 -3246.9268 -3232.1228 -3217.4194 -3202.8167 -3188.3147 -3173.9136 -3159.613 -3145.514 -3131.6162 3299.8992 3299.8992 3299.8992 3299.8992 3299.8992 3299.8992 3299.8992 3299.8992 3299.8992 3299.8992 3299.8992 3297.2808 3282.074 3266.867 3251.9622 3237.1582 3222.5554 3208.1543 3193.9543 3179.8552 3180.4595 3196.9756 3213.2903 3229.303 3245.114 3260.8245 
2794.2444 2486.5813 2770.276 2758.2915 2743.0847 2730.7983 2721.3318 2709.9517 2698.3704 2686.6882 2673.4954 2262.7075 514.4165 -2604.8125 2688.803 2714.7856 2737.747 2758.8958 2778.9368 2798.0713 2816.7021 2835.031 2852.5542 2870.2788 3095.7642 -1985.257 -2101.4739 -2492.6238 -1482.9254 29.507446 1798.9471 2909.4543 2896.06 2883.0688 2869.7754 2856.079 2840.2678 2824.9602 2521.7285 2646.6064 2789.1082 2487.4878 2766.751 2754.364 2742.0776 2729.5898 2718.2097 2706.8298 2695.1477 2683.2642 2671.0784 2478.726 842.926 -2262.4053 2681.9548 2708.5417 2732.2083 2753.7598 2774.002 2793.338 2811.8682 2829.9956 2848.123 2865.2434 2882.666 -2593.4326 -2594.7417 -3158.3037 -2244.6807 -678.8727 1242.0319 2839.0593 2910.8643 2897.5708 2884.1765 2870.6816 2856.9854 2840.2678 2825.9673 2813.681 2803.711 2660.6047 2777.8289 2765.744 2753.4575 2740.3655 2728.482 2717.102 2705.319 2693.2341 2678.0273 2108.02 392.86194 -2301.8828 2694.0398 2719.3176 2742.0776 2763.025 2782.965 2801.9988 2820.4285 2838.858 2856.079 2874.0051 3116.9128 -1800.8606 -1622.7081 -2214.0654 -1610.1196 -230.72205 1597.3297 2911.1663 2898.3765 2885.1836 2871.7896 2858.496 2841.1743 2780.0444 2279.1228 2314.3706 2792.4316 2460.2966 2769.3694 2758.7952 2746.7102 2733.316 2721.8352 2710.6567 2699.0752 2687.494 2675.2075 2658.792 1507.196 -1256.7352 2673.8982 2701.7944 2725.9644 2748.0193 2768.5637 2788.101 2806.8328 2825.5645 2843.4905 2860.7117 2878.0334 -2884.7808 -2618.2068 -3162.6343 -2455.1604 -1027.5238 1007.5836 2611.862 2912.3748 2899.2827 2885.7878 2872.293 2858.6975 2841.98 2829.2908 2817.5078 2805.725 2787.799 2780.2458 2767.2546 2754.8674 2742.0776 2729.9927 2718.7134 2707.1318 2695.2483 2682.962 2581.952 425.99487 -2175.6958 2693.4355 2718.9148 2741.574 2762.622 2782.5623 2801.596 2820.227 2837.8508 2856.079 2873.1995 2890.4204 -2404.4036 -1101.947 -1815.7654 -1460.2661 -211.08398 1600.0488 2909.0515 2896.6643 2883.5723 2870.2788 2856.6833 2843.0876 2827.2766 2808.847 2799.0784 
-2866.15 -2852.957 -2840.4692 -2827.8809 -2815.393 -2803.308 -2790.8203 -2584.4695 -2092.2087 -2087.7776 -2169.8547 -2200.1677 -2147.699 -2300.6743 -2540.863 -2361.3005 -1966.5253 -1596.9269 -916.5436 -474.33472 188.92822 1239.212 3299.8992 3299.8992 3299.8992 3299.8992 3299.8992 3299.8992 3299.8992 3299.8992 3299.8992 3299.8992 3299.8992 3299.8992 2972.2961 1585.849 233.844 -1023.8983 -2125.5432 -2885.2844 -2872.3938 -2859.201 -2846.814 -2834.3262 -2821.8384 -2809.6526 -2797.1648 -2260.5925 -1708.5114 -1705.188 -1873.0682 -2028.4607 -2161.4958 -2449.9236 -2721.936 -2533.8135 -2204.196 -1808.7158 -1430.658 -978.7811 -562.65564 472.52197 3299.8992 3299.8992 3299.8992 3299.8992 3299.8992 3299.8992 3299.8992 3299.8992 3299.8992 3299.8992 3299.8992 3299.8992 3299.8992 2380.536 1017.3523 -301.01624 -1410.4156 -2487.2864 -2886.2915 -2873.0986 -2860.5103 -2847.821 -2835.3333 -2823.0469 -2810.4583 -2669.8699 -2397.1526 -2368.35 -2337.03 -2279.727 -2271.0662 -2500.479 -2725.9644 -2600.3813 -2290.9058 -1872.5647 -1514.5477 -1023.7976 -238.37585 744.93713 3299.8992 3299.8992 3299.8992 3299.8992 3299.8992 3299.8992 3299.8992 3299.8992 3299.8992 3299.8992 3299.8992 3299.8992 3299.8992 2080.8289 429.9225 -929.0314 -2030.072 -2891.4275 -2878.2349 -2865.3442 -2852.8564 -2840.2678 -2827.78 -2815.695 -2803.1067 -2621.9329 -2031.5826 -1967.0288 -1818.5852 -1763.3972 -1824.1241 -2068.1396 -2415.0786 -2322.6287 -2114.566 -1805.3925 -1393.396 -921.8811 -289.1327 716.8396 3299.8992 3299.8992 3299.8992 3299.8992 3299.8992 3299.8992 3299.8992 3299.8992 3299.8992 3299.8992 3299.8992 3299.8992 3299.8992 2011.2396 586.82556 -722.9828 -1537.207 -2411.1511 -2891.8303 -2878.5369 -2865.9485 -2853.3599 -2840.7715 -2828.6865 -2816.098 -2633.7158 -1946.6858 -1951.8219 -2048.1995 -2071.7651 -2395.8435 -2489.3005 -2737.1428 -2719.7205 -2455.966 -2082.4402 -1608.2062 -1245.4559 -629.7272 396.68884 3299.8992 3299.8992 3299.8992 3299.8992 3299.8992 3299.8992 3299.8992 3299.8992 3299.8992 3299.8992 3299.8992 3299.8992 3299.8992 2432.8032 1050.5859 -366.37573 -1602.5665 -2544.0857 
3299.8992 3299.8992 3299.8992 3288.217 3273.1108 3258.5083 3244.5098 3229.303 3215.2039 3201.4067 3187.3076 3173.3093 3159.1094 2127.7588 3154.2754 3170.1873 3185.797 3201.2053 3216.513 3231.9214 3246.7253 3261.731 3276.8372 3291.4397 3299.8992 -3278.952 -3264.7522 -3250.0488 -3235.5469 -3221.347 -3207.2478 -3193.2495 -3179.3518 -2265.7288 3299.8992 3299.8992 3299.8992 3299.8992 3299.8992 3299.8992 3299.8992 3299.8992 3299.8992 3288.6199 3274.3193 3259.616 3244.812 3229.9072 3216.11 3202.2124 3188.4155 3174.417 3160.0159 2512.9668 3153.4697 3169.281 3184.8906 3200.3997 3215.6067 3230.713 3245.7183 3260.9253 3275.5278 3290.5334 3299.8992 -3280.4626 -3265.5579 -3251.1565 -3237.1582 -3222.9583 -3208.8591 -3194.8608 -3180.8623 -2629.9895 3299.8992 3299.8992 3299.8992 3299.8992 3299.8992 3299.8992 3299.8992 3299.8992 3299.8992 3288.7207 3274.3193 3259.7168 3244.812 3230.1086 3216.3115 3202.3132 3188.617 3174.5178 3160.3179 2978.6406 3150.0457 3165.756 3181.668 3196.9756 3212.384 3227.3894 3242.5964 3257.6018 3272.406 3287.1094 3299.8992 -3283.1816 -3269.1833 -3254.3792 -3239.978 -3225.6775 -3211.377 -3197.6807 -3183.5815 -3088.3118 3299.8992 3299.8992 3299.8992 3299.8992 3299.8992 3299.8992 3299.8992 3299.8992 3299.8992 3288.8213 3274.4202 3259.8174 3245.0134 3230.1086 3216.4124 3202.4138 3188.7175 3174.5178 3160.3179 3106.137 3148.3337 3164.3462 3179.956 3195.465 3210.5713 3225.879 3241.1865 3255.9905 3270.8953 3285.901 3299.8992 -3285.1958 -3270.1904 -3255.789 -3241.7908 -3227.4902 -3213.391 -3199.0906 -3185.2935 -3171.5972 3299.8992 3299.8992 3299.8992 3299.8992 3299.8992 3299.8992 3299.8992 3299.8992 3299.8992 3289.0227 3274.6216 3260.0188 3245.2148 3230.31 3216.6138 3202.6152 3188.7175 3174.7192 3160.62 3142.2913 3146.2188 3162.332 3178.1433 3193.6523 3208.7585 3224.1667 3239.273 3254.2786 3269.0825 3283.786 3298.7915 -3286.5051 -3272.406 -3257.6018 -3243.0999 -3229.0007 -3214.7002 -3200.702 -3186.6028 -3172.9065 3299.8992 3299.8992 3299.8992 3299.8992 3299.8992 3299.8992 
3299.8992 3299.8992 3286.203 3270.7947 3255.1848 3239.6758 3224.0662 3208.96 3193.2495 3178.244 3163.339 3148.3337 3133.1267 2107.9192 -3255.487 3141.0828 3157.8003 3174.5178 3190.8325 3207.3486 3223.462 3239.6758 3255.89 3271.8018 3287.5122 3299.8992 -3281.1675 -3265.6584 -3250.2502 -3234.9426 -3219.8364 -3205.0322 -3190.0269 -1765.5121 3299.8992 3299.8992 3299.8992 3299.8992 3299.8992 3299.8992 3299.8992 3299.8992 3287.4114 3271.9023 3256.3933 3240.7837 3225.3752 3210.1685 3194.458 3179.4524 3164.447 3149.3408 3134.3352 2455.664 -2819.6228 3139.4714 3156.189 3172.8057 3189.3218 3205.7373 3221.9512 3238.1653 3254.3792 3270.291 3286.1023 3299.8992 -3282.4768 -3267.0684 -3251.6602 -3236.3525 -3221.347 -3206.3416 -3191.4368 -2155.3528 3299.8992 3299.8992 3299.8992 3299.8992 3299.8992 3299.8992 3299.8992 3299.8992 3288.3179 3272.6074 3256.6956 3241.0857 3225.6775 3210.4705 3194.8608 3179.956 3164.8499 3149.7437 3134.738 2872.0916 -2142.5627 3135.846 3152.765 3169.281 3185.797 3202.2124 3218.4265 3234.7412 3250.955 3266.9678 3282.7788 3298.4893 -3285.8 -3270.3918 -3254.9834 -3239.5752 -3224.5696 -3209.4634 -3194.6594 -2616.394 3299.8992 3299.8992 3299.8992 3299.8992 3299.8992 3299.8992 3299.8992 3299.8992 3288.4185 3273.1108 3257.5012 3241.8914 3226.3823 3211.1755 3195.465 3180.4595 3165.454 3150.4485 3135.3423 2998.9836 -1678.8025 3133.8318 3150.7507 3167.3674 3183.8835 3200.1982 3216.513 3232.9285 3248.639 3265.0542 3280.966 3296.6765 -3287.6128 -3272.0032 -3256.6956 -3241.388 -3226.2817 -3211.377 -3196.4722 -2807.6384 3299.8992 3299.8992 3299.8992 3299.8992 3299.8992 3299.8992 3299.8992 3299.8992 3287.8142 3272.406 3256.897 3241.1865 3225.6775 3210.5713 3194.8608 3180.0566 3164.9504 3149.945 3134.9395 3097.174 -1423.6084 3131.7168 3148.6357 3165.3533 3181.7688 3198.184 3214.4988 3230.8135 3246.4233 3262.738 3278.8513 3294.5618 -3289.8284 -3274.118 -3258.8103 -3243.402 -3228.195 -3213.1897 -3198.3855 -3077.234 2715.5913 3299.8992 3299.8992 3299.8992 3299.8992 3299.8992 
3299.8992 3299.8992 3298.6907 3282.8796 3267.3706 3251.6602 3236.0503 3220.5413 3205.3345 3189.4226 3174.7192 3159.5122 3144.104 1728.7537 3140.3777 3157.0952 3173.8127 3190.4297 3206.7444 3223.059 3239.1724 3255.487 3271.0967 3287.4114 3299.8992 -3281.1675 -3265.6584 -3250.1494 -3234.7412 -3219.7356 -3204.7302 -3189.8254 -3175.0212 -1665.0055 3299.8992 3299.8992 3299.8992 3299.8992 3299.8992 3299.8992 3299.8992 3299.8992 3299.3958 3283.8867 3268.1763 3252.365 3236.7554 3221.2463 3206.1401 3190.3289 3175.424 3160.2173 3145.111 2146.994 3138.4644 3155.484 3172.2014 3188.7175 3204.9316 3221.2463 3237.561 3253.6743 3269.7876 3285.5986 3299.8992 -3282.7788 -3267.1692 -3251.6602 -3236.4531 -3221.2463 -3206.2407 -3191.336 -3176.6326 -2116.58 3299.8992 3299.8992 3299.8992 3299.8992 3299.8992 3299.8992 3299.8992 3299.8992 3299.5972 3283.9873 3268.2769 3252.6672 3236.856 3221.5483 3206.2407 3190.4297 3175.6255 3160.62 3145.413 2565.5364 3136.0474 3152.9663 3169.7844 3186.3005 3202.6152 3218.8293 3235.0432 3251.2573 3267.0684 3283.2825 3299.0935 -3284.9944 -3269.5862 -3253.8757 -3238.6687 -3223.462 -3208.3557 -3193.451 -3178.8481 -2450.3264 3299.8992 3299.8992 3299.8992 3299.8992 3299.8992 3299.8992 3299.8992 3299.8992 3299.1943 3283.5845 3267.9749 3252.1636 3236.4531 3221.1455 3205.9387 3189.926 3175.2227 3160.1165 3144.9097 2880.9539 3279.3547 3149.5422 3166.159 3182.5745 3199.0906 3215.3044 3231.6191 3247.8333 3263.5437 3279.7576 3295.6694 -3288.5193 -3272.9094 -3257.5012 -3241.9922 -3226.7852 -3211.7798 -3196.875 -3181.9702 -2872.1924 3299.8992 3299.8992 3299.8992 3299.8992 3299.8992 3299.8992 3299.8992 3299.8992 3298.6907 3283.1816 3267.4712 3251.6602 3236.1511 3220.642 3205.435 3189.624 3174.7192 3159.7136 3144.6074 2990.1213 -3172.1008 3147.931 3164.6484 3181.2651 3197.5798 3213.8945 3230.1086 3246.4233 3262.2344 3278.4485 3294.2595 -3290.0298 -3274.4202 -3258.7097 -3243.402 -3228.296 -3213.0889 -3198.184 -3183.3801 -3118.8262 3299.8992 3299.8992 3299.8992 3299.8992 3299.8992 3299.8992 
3299.8992 3299.8992 3290.4326 3274.7222 3259.314 3244.107 3228.9001 3213.8945 3199.0906 3184.3872 3169.281 3154.9805 3140.579 2969.577 3131.7168 3148.5352 3164.8499 3181.1646 3197.2778 3213.2903 3229.2021 3245.0134 3260.8245 3276.4343 3292.044 -3292.5476 -3277.1392 -3261.8315 -3246.6248 -3231.3171 -3216.211 -3201.4067 -3186.8042 -2498.6663 3299.8992 3299.8992 3299.8992 3299.8992 3299.8992 3299.8992 3299.8992 3299.8992 3290.2312 3274.6216 3259.2131 3243.9055 3228.7993 3213.794 3198.8892 3184.2864 3169.1802 3154.779 3140.3777 3120.5383 3128.4941 3145.3125 3161.7278 3178.0425 3194.0552 3210.0676 3225.9795 3241.9922 3257.8032 3273.3123 3289.0227 -3295.5688 -3280.2612 -3264.7522 -3249.4446 -3234.2375 -3219.1313 -3204.3274 -3189.624 -3096.167 3299.8992 3299.8992 3299.8992 3299.8992 3299.8992 3299.8992 3299.8992 3299.8992 3290.4326 3274.823 3259.4146 3244.107 3228.9001 3214.096 3199.0906 3184.4878 3169.281 3154.9805 3140.68 3125.3723 3126.178 3143.097 3159.613 3176.0283 3192.1416 3208.0535 3223.9653 3239.8772 3255.5876 3271.1975 3286.8071 3299.8992 -3282.2754 -3266.867 -3251.5593 -3236.3525 -3221.2463 -3206.2407 -3191.6382 -3177.0354 3299.8992 3299.8992 3299.8992 3299.8992 3299.8992 3299.8992 3299.8992 3299.8992 3290.8354 3275.3264 3260.0188 3244.5098 3229.4036 3214.3982 3199.4934 3184.79 3169.583 3155.484 3141.2842 3125.8757 3125.8757 3142.7947 3159.2102 3175.3235 3191.5374 3207.6506 3223.5625 3239.4744 3255.0842 3270.6938 3286.203 3299.8992 -3282.5774 -3267.1692 -3252.063 -3236.9568 -3221.7498 -3206.845 -3192.041 -3177.539 3299.8992 3299.8992 3299.8992 3299.8992 3299.8992 3299.8992 3299.8992 3299.8992 3292.3462 3276.7363 3261.5295 3246.222 3230.9143 3215.808 3201.004 3186.2 3171.0938 3156.8938 3142.5933 3127.487 -3084.9883 3140.982 3157.498 3173.7122 3189.8254 3205.838 3221.8506 3237.7625 3253.372 3268.982 3284.6924 3299.8992 -3284.2896 -3268.881 -3253.5735 -3238.568 -3223.361 -3208.3557 -3193.6523 -3179.0496 3299.8992 3299.8992 3299.8992 3299.8992 3299.8992 3299.8992 

3299.8992 3299.8992 3289.4255 3273.5137 3259.7168 3245.3154 3230.8135 3216.513 3202.2124 3188.0127 3173.7122 3159.4116 3145.3125 2903.6133 -42.095947 -2802.8044 3149.8442 3165.6555 3181.366 3196.875 3212.1826 3227.3894 3242.2942 3256.897 3272.3052 3286.8071 3299.8992 -3283.5845 -3269.1833 -3254.782 -3240.5823 -3226.181 -3212.1826 -3198.3855 209.67407 3299.8992 3299.8992 3299.8992 3299.8992 3299.8992 3299.8992 3299.8992 3293.051 3277.24 3263.4429 3248.538 3234.137 3219.937 3205.6365 3191.4368 3177.0354 3162.8357 3148.5352 3041.4824 200.91248 -2538.8489 3150.8513 3166.6626 3182.2722 3197.5798 3212.686 3228.195 3243.0999 3257.7026 3273.1108 3287.6128 3299.8992 -3282.8796 -3268.3777 -3254.0771 -3239.978 -3225.476 -3211.2761 -3197.4792 15.609741 3299.8992 3299.8992 3299.8992 3299.8992 3299.8992 3299.8992 3299.8992 3294.8638 3279.0527 3265.155 3250.4517 3236.0503 3221.8506 3207.55 3193.35 3178.949 3164.749 3150.4485 3120.5383 674.84436 -2051.2207 3147.7295 3163.339 3179.251 3194.76 3210.0676 3225.1738 3239.7766 3255.3862 3269.5862 3284.491 3299.3958 -3286.3037 -3271.8018 -3257.4004 -3242.9993 -3228.7993 -3214.3982 -3200.299 -462.24976 3299.8992 3299.8992 3299.8992 3299.8992 3299.8992 3299.8992 3299.8992 3294.5618 3279.657 3264.7522 3250.5522 3236.0503 3221.6492 3207.55 3192.8467 3178.6467 3164.2456 3150.348 3131.012 873.33984 -2031.1798 3146.1182 3162.03 3177.539 3193.048 3208.6577 3223.5625 3238.87 3254.2786 3268.7805 3283.484 3298.1873 -3286.908 -3272.406 -3258.0046 -3243.704 -3229.5044 -3215.3044 -3201.3062 -722.37854 3299.8992 3299.8992 3299.8992 3299.8992 3299.8992 3299.8992 3299.8992 3295.166 3280.2612 3265.457 3250.955 3236.7554 3221.8506 3207.6506 3193.8538 3179.5532 3164.9504 3150.7507 3133.5295 1244.751 -1613.0402 3142.694 3158.5051 3173.9136 3189.3218 3204.8308 3220.0378 3235.144 3250.7537 3265.0542 3280.0598 3294.9646 -3290.7349 -3276.233 -3261.8315 -3247.1282 -3232.9285 -3219.2322 -3205.133 -1243.3411 3043.1946 3299.8992 3299.8992 3299.8992 3299.8992 
3276.4343 3291.8425 3299.8992 -3277.7434 -3262.5366 -3247.4304 -3232.6262 -3217.9229 -3203.2195 -3188.8184 -3174.5178 -3160.2173 -3146.1182 -3132.1196 3299.8992 3299.8992 3299.8992 3299.8992 3299.8992 3299.8992 3299.8992 3299.8992 3299.8992 3299.8992 3299.8992 3298.892 3283.786 3268.579 3253.5735 3238.87 3224.1667 3209.7656 3195.465 3181.366 3179.5532 3196.17 3212.384 3228.4973 3244.3083 3260.0188 3275.5278 3291.0369 3299.8992 -3278.4485 -3263.3423 -3248.3367 -3233.5327 -3218.7285 -3204.126 -3189.624 -3175.2227 -3160.8215 -3146.823 -3132.8247 3299.8992 3299.8992 3299.8992 3299.8992 3299.8992 3299.8992 3299.8992 3299.8992 3299.8992 3299.8992 3299.8992 3299.8992 3285.3972 3270.1904 3255.1848 3240.3809 3225.6775 3211.2761 3197.0764 3182.8765 3178.5461 3195.2637 3211.5784 3227.6917 3243.5027 3259.314 3275.0244 3290.332 3299.8992 -3279.2542 -3264.047 -3249.0417 -3234.137 -3219.4336 -3204.7302 -3190.3289 -3175.827 -3161.5264 -3147.528 -3133.5295 3187.1062 3299.8992 3299.8992 3299.8992 3299.8992 3299.8992 3299.8992 3299.8992 3299.8992 3299.8992 3299.8992 3299.8992 3286.908 3271.701 3256.4941 3241.7908 3227.0874 3212.686 3198.3855 3184.2864 3177.539 3194.2566 3210.6719 3226.6846 3242.697 3258.206 3273.9165 3289.325 3299.8992 -3280.1604 -3264.9536 -3249.948 -3235.144 -3220.4407 -3205.7373 -3191.2354 -3176.834 -3162.5334 -3148.3337 -3134.3352 1165.8966 3299.8992 3299.8992 3299.8992 3299.8992 3299.8992 3299.8992 3299.8992 3299.8992 3299.8992 3299.8992 3299.8992 3288.217 3273.1108 3257.904 3243.0999 3228.3965 3213.9954 3199.6948 3185.4949 3176.532 3193.451 3209.6648 3225.879 3241.69 3257.4004 3273.0103 3288.4185 3299.8992 -3280.8655 -3265.8599 -3250.8545 -3235.9497 -3221.2463 -3206.543 -3192.041 -3177.6396 -3163.339 -3149.24 -3135.1409 -464.56604 3299.8992 3299.8992 3299.8992 3299.8992 3299.8992 3299.8992 3299.8992 3299.8992 3299.8992 3299.8992 3299.8992 3289.627 3274.4202 3259.2131 3244.4092 3229.7058 3215.3044 3200.9033 3186.8042 -3209.3628 3192.4438 3208.7585 3224.8718 3240.7837 3256.4941 
2786.5906 2469.5618 2761.7156 2752.3499 2740.6677 2726.1658 2716.4978 2705.319 2693.8384 2682.0557 2669.8699 2598.0652 1177.8809 -1353.8177 2667.5537 2696.6582 2721.4324 2743.7896 2764.5354 2784.1736 2803.308 2821.3347 2839.1602 2857.1868 2874.6094 -2617.7031 -1944.0674 -2593.4326 -2893.341 -1633.5846 413.30566 2165.3228 2910.7634 2897.7722 2884.378 2870.6816 2856.784 2840.6707 2675.006 2618.106 2802.9053 2751.7456 2779.4402 2767.6575 2755.371 2742.1782 2729.8918 2718.4111 2706.9304 2694.9463 2682.8613 2662.216 1414.2426 -972.1344 2678.6316 2706.1248 2729.9927 2751.8462 2772.29 2791.5251 2810.3577 2828.888 2846.3103 2864.3372 2881.7595 -2670.9778 -1791.394 -2517.4988 -2214.7705 -899.1211 1666.0126 2914.5903 2901.599 2888.3057 2874.9114 2861.316 2847.7202 2833.2183 2816.098 2804.3152 2794.9492 2778.836 2768.4631 2756.9824 2742.0776 2728.482 2717.404 2708.6426 2697.061 2685.379 2673.3948 2654.5623 1448.6847 -744.7357 2666.9495 2696.2554 2721.1304 2743.4875 2764.2334 2784.0728 2803.0059 2821.0327 2839.3616 2856.6833 2874.1057 -2707.6355 -1740.1337 -2433.7097 -2299.9695 -1005.1666 625.296 2308.3281 2900.7935 2889.3127 2876.3213 2862.7258 2847.6196 2832.1106 2666.4458 2441.0613 2796.8628 2780.3467 2770.6787 2760.507 2748.3215 2735.2295 2724.0508 2712.3687 2700.888 2689.1052 2677.1208 2662.216 1904.4891 -231.12488 2733.5173 2692.7307 2717.9077 2740.567 2761.615 2781.4543 2800.4883 2818.7163 2836.6423 2854.7698 2872.0916 -3226.6846 -2060.083 -2587.6921 -2427.4658 -1187.5488 625.1953 2237.1277 2906.433 2893.4417 2880.1482 2866.8547 2853.3599 2839.563 2823.2483 2810.4583 2800.186 2784.677 2772.592 2762.1184 2749.6306 2736.1357 2723.8494 2712.973 2701.3916 2689.6086 2677.5237 2658.2886 1413.034 -617.03796 2668.9636 2697.9675 2722.6409 2744.998 2765.5425 2785.1807 2804.2144 2822.8455 2840.4692 2858.5967 2875.9185 -2800.891 -1517.9718 -2066.629 -2125.946 -1070.0226 636.4746 2134.4055 2901.599 2888.507 2875.3142 2861.9202 2847.5188 2831.1035 2645.297 2363.4155 
-2892.1326 -2878.9397 -2866.3513 -2853.7627 -2841.1743 -2828.485 -2816.4001 -2726.065 -2025.5402 -1992.7094 -2240.3503 -2292.6177 -2317.2913 -2406.015 -2477.3162 -2443.4783 -2294.1284 -2013.858 -1638.0157 -1204.065 -671.11816 253.78418 3299.8992 3299.8992 3299.8992 3299.8992 3299.8992 3299.8992 3299.8992 3299.8992 3299.8992 3299.8992 3299.8992 3299.8992 3299.8992 2329.9805 955.9204 -362.3474 -1500.3479 -2386.2761 -2892.7368 -2879.8462 -2867.157 -2854.4678 -2841.98 -2829.2908 -2817.105 -2762.0178 -2142.4622 -2004.895 -2089.6912 -2094.223 -2067.2332 -2141.3542 -2512.6648 -2549.121 -2581.1462 -2278.3171 -1893.2098 -1469.8334 -827.6184 166.67175 3299.8992 3299.8992 3299.8992 3299.8992 3299.8992 3299.8992 3299.8992 3299.8992 3299.8992 3299.8992 3299.8992 3299.8992 3299.8992 2526.2603 1170.0256 -160.9314 -1324.3103 -2331.0881 -2893.744 -2880.6519 -2868.164 -2855.4749 -2842.8862 -2830.197 -2818.112 -2805.8257 -2209.1309 -1990.3931 -2092.9138 -2152.3315 -2230.783 -2273.886 -2571.9817 -2627.472 -2376.3062 -1960.1807 -1354.9255 -941.8213 -479.1687 348.2483 3299.8992 3299.8992 3299.8992 3299.8992 3299.8992 3299.8992 3299.8992 3299.8992 3299.8992 3299.8992 3299.8992 3299.8992 3299.8992 2382.953 922.9889 -379.16565 -1606.897 -2632.1045 -2895.8586 -2883.1694 -2869.9768 -2857.3882 -2844.7998 -2832.2112 -2819.8242 -2629.0833 -1719.2871 -1445.3613 -1668.1274 -1952.4261 -2154.7485 -2252.234 -2557.6812 -2598.2666 -2293.5242 -1912.6465 -1543.0481 -1187.5488 -925.9094 -118.93616 3027.887 3299.8992 3299.8992 3299.8992 3299.8992 3299.8992 3299.8992 3299.8992 3299.8992 3299.8992 3299.8992 3299.8992 3299.8992 2884.7808 1466.9128 39.175415 -1223.9044 -2235.1135 -2909.253 -2896.161 -2882.968 -2870.2788 -2857.6904 -2844.9004 -2832.8154 -2820.3276 -2554.5593 -2294.0276 -2388.5925 -2460.2966 -2531.2957 -2557.4797 -2736.0352 -2733.1145 -2566.1406 -2218.396 -1868.9392 -1378.1891 -804.5563 125.18005 3299.8992 3299.8992 3299.8992 3299.8992 3299.8992 3299.8992 3299.8992 3299.8992 3299.8992 3299.8992 3299.8992 3299.8992 3299.8992 2974.109 1346.6675 -100.20447 -1384.433 -2394.7356 
3299.8992 3299.8992 3299.8992 3290.1306 3274.9236 3260.321 3246.222 3231.1157 3216.9158 3202.9175 3189.3218 3175.122 3160.922 3146.2188 -2639.9597 3159.3108 3174.9207 3190.5303 3206.0393 3221.1455 3236.1511 3251.2573 3266.464 3281.369 3295.7703 -3289.5264 -3274.6216 -3260.1196 -3246.0205 -3231.9214 -3217.4194 -3203.5217 -3189.5232 -3175.7263 3299.8992 3299.8992 3299.8992 3299.8992 3299.8992 3299.8992 3299.8992 3299.8992 3299.8992 3289.7278 3274.7222 3260.1196 3245.9197 3230.8135 3216.513 3202.6152 3188.8184 3174.8198 3160.7207 3145.9167 -2087.2742 3157.2966 3172.9065 3188.4155 3203.8237 3219.0308 3234.3384 3249.2432 3264.3494 3279.0527 3294.159 -3291.1377 -3277.0386 -3262.1338 -3247.6318 -3233.3313 -3219.1313 -3205.2336 -3191.1345 -3177.2368 3299.8992 3299.8992 3299.8992 3299.8992 3299.8992 3299.8992 3299.8992 3299.8992 3299.8992 3290.2312 3275.125 3260.4216 3246.4233 3231.3171 3217.0166 3203.018 3189.1204 3175.525 3161.1235 3146.6216 -1471.1426 3155.484 3171.2952 3186.8042 3202.2124 3217.4194 3232.6262 3247.6318 3262.8386 3277.8442 3292.2454 -3292.9504 -3278.0457 -3263.6443 -3249.5452 -3235.0432 -3221.045 -3206.9458 -3192.9473 -3179.0496 3278.247 3299.8992 3299.8992 3299.8992 3299.8992 3299.8992 3299.8992 3299.8992 3299.8992 3290.5334 3276.132 3261.5295 3246.6248 3231.8206 3218.0237 3203.8237 3190.1274 3176.2297 3162.1306 3147.6287 -839.8041 3154.3762 3170.288 3185.8977 3201.3062 3216.4124 3231.4177 3246.7253 3261.5295 3276.233 3291.339 3299.8992 -3279.7576 -3264.9536 -3250.4517 -3236.1511 -3221.8506 -3207.953 -3193.753 -3179.956 2305.9111 3299.8992 3299.8992 3299.8992 3299.8992 3299.8992 3299.8992 3299.8992 3299.8992 3291.742 3276.6357 3261.9324 3247.9338 3232.6262 3218.4265 3204.428 3190.631 3176.6326 3162.5334 3148.3337 -285.10437 3153.1677 3168.8782 3184.3872 3199.7954 3215.103 3230.2092 3245.3154 3260.4216 3275.5278 3289.9292 3299.8992 -3280.3618 -3265.9607 -3251.7607 -3237.2588 -3223.2605 -3209.1614 -3195.1628 -3181.2651 1131.7566 3299.8992 3299.8992 3299.8992 3299.8992 3299.8992 
3299.8992 3299.8992 3289.224 3273.816 3258.307 3242.697 3227.0874 3211.9812 3196.17 3181.2651 3166.3604 3151.355 3136.2488 3116.7114 -682.29675 3128.897 3145.816 3162.5334 3179.0496 3195.3643 3211.7798 3227.9937 3243.704 3260.0188 3276.132 3291.9434 -3292.3462 -3276.8372 -3261.3281 -3246.121 -3230.9143 -3215.808 -3200.9033 -3185.9985 2344.1802 3299.8992 3299.8992 3299.8992 3299.8992 3299.8992 3299.8992 3299.8992 3289.0227 3273.413 3257.5012 3241.8914 3226.3823 3211.1755 3195.465 3180.7617 3165.756 3150.7507 3135.6445 3120.1355 -470.60852 3127.0842 3143.9026 3160.62 3177.1362 3193.5515 3209.8662 3225.9795 3242.4956 3258.4075 3274.2188 3290.1306 3299.8992 -3278.65 -3263.1409 -3247.8333 -3232.6262 -3217.52 -3202.6152 -3187.7104 2090.094 3299.8992 3299.8992 3299.8992 3299.8992 3299.8992 3299.8992 3299.8992 3288.7207 3273.0103 3257.2998 3241.5894 3226.0803 3210.7727 3195.2637 3180.359 3165.3533 3150.247 3135.3423 3120.1355 128.40271 3123.2573 3140.1763 3156.9946 3173.5107 3189.8254 3206.2407 3222.4548 3238.7695 3254.782 3270.6938 3286.5051 3299.8992 -3282.1746 -3266.6655 -3251.1565 -3235.9497 -3220.944 -3205.9387 -3191.1345 1319.3756 3299.8992 3299.8992 3299.8992 3299.8992 3299.8992 3299.8992 3299.8992 3288.3179 3272.9094 3257.2998 3241.69 3226.0803 3210.974 3195.1628 3180.4595 3165.3533 3150.348 3135.443 3120.1355 333.94775 3122.1497 3139.0686 3155.7861 3172.4028 3188.919 3205.133 3221.4478 3237.7625 3253.6743 3269.5862 3285.3972 3299.8992 -3283.2825 -3267.7734 -3252.365 -3237.1582 -3221.9512 -3206.9458 -3192.2424 1013.7268 3299.8992 3299.8992 3299.8992 3299.8992 3299.8992 3299.8992 3299.8992 3288.6199 3273.2117 3257.6018 3241.9922 3226.4832 3211.1755 3195.465 3180.661 3165.857 3150.7507 3135.745 3120.639 785.1196 3120.0347 3137.0544 3153.772 3170.3887 3186.7034 3203.119 3219.3328 3235.144 3251.6602 3267.572 3283.484 3299.295 -3285.0952 -3269.6868 -3254.2786 -3239.0715 -3223.9653 -3208.7585 -3194.0552 284.0973 3299.8992 3299.8992 3299.8992 3299.8992 3299.8992 
3299.8992 3299.8992 3299.8992 3284.2896 3268.4783 3252.6672 3237.1582 3221.6492 3206.4421 3190.5303 3175.7263 3160.8215 3145.6145 3124.2644 -2180.0261 3144.8088 3161.5264 3178.1433 3194.458 3210.8733 3227.0874 3243.3013 3259.616 3275.5278 3291.339 3299.8992 -3277.24 -3261.8315 -3246.524 -3231.1157 -3215.9087 -3200.9033 -3186.2 -3171.5972 3299.8992 3299.8992 3299.8992 3299.8992 3299.8992 3299.8992 3299.8992 3299.8992 3299.8992 3283.8867 3268.0754 3252.365 3236.6545 3221.347 3206.0393 3190.2283 3175.424 3160.4187 3145.2117 3127.588 -1921.8109 3143.2983 3160.0159 3176.7334 3192.9473 3209.3628 3225.5767 3241.69 3258.0046 3273.816 3289.7278 3299.8992 -3278.8513 -3263.2415 -3247.9338 -3232.6262 -3217.4194 -3202.4138 -3187.6099 -3173.007 3299.8992 3299.8992 3299.8992 3299.8992 3299.8992 3299.8992 3299.8992 3299.8992 3299.8992 3284.491 3268.6797 3252.9692 3237.2588 3221.7498 3206.6436 3190.7317 3176.1292 3161.023 3145.9167 3130.307 -1373.1537 3141.3848 3158.2031 3174.7192 3191.1345 3207.55 3223.764 3239.978 3256.2927 3272.3052 3288.0156 3299.8992 -3280.5632 -3264.9536 -3249.5452 -3234.2375 -3218.93 -3204.0251 -3189.2212 -3174.5178 3074.6155 3299.8992 3299.8992 3299.8992 3299.8992 3299.8992 3299.8992 3299.8992 3299.8992 3285.3972 3269.4854 3253.6743 3238.0645 3222.6562 3207.2478 3191.5374 3176.834 3161.8286 3146.6216 3131.314 -749.06616 3139.4714 3156.2896 3172.9065 3189.2212 3205.536 3221.9512 3238.0645 3254.48 3270.291 3286.1023 3299.8992 -3282.376 -3266.867 -3251.358 -3236.1511 -3220.944 -3205.838 -3191.034 -3176.2297 2301.178 3299.8992 3299.8992 3299.8992 3299.8992 3299.8992 3299.8992 3299.8992 3299.8992 3285.6995 3269.989 3254.1777 3238.568 3223.059 3207.852 3192.041 3177.2368 3162.332 3147.1252 3131.8176 -509.1797 3138.7664 3155.5847 3172.3022 3188.617 3204.9316 3221.2463 3237.561 3253.775 3269.7876 3285.498 3299.8992 -3283.081 -3267.4712 -3252.063 -3236.6545 -3221.4478 -3206.4421 -3191.5374 -3176.834 1388.3606 3299.8992 3299.8992 3299.8992 3299.8992 3299.8992 
3299.8992 3299.8992 3293.2524 3277.8442 3262.3352 3247.0276 3231.8206 3216.7144 3201.8096 3187.0056 3171.8994 3157.901 3143.399 3128.595 -1683.3344 3137.86 3154.4768 3170.59 3186.8042 3203.018 3219.0308 3234.8418 3250.5522 3266.2627 3281.9731 3297.583 -3287.0085 -3271.8018 -3256.3933 -3241.287 -3226.0803 -3211.1755 -3196.2708 -3181.5674 3299.8992 3299.8992 3299.8992 3299.8992 3299.8992 3299.8992 3299.8992 3299.8992 3293.051 3277.4414 3261.9324 3246.6248 3231.4177 3216.4124 3201.5076 3186.9048 3171.5972 3157.2966 3143.097 3128.2927 -1270.5322 3136.3494 3152.765 3169.281 3185.3943 3201.4067 3217.3186 3233.2305 3248.941 3264.6514 3280.2612 3295.8708 -3288.7207 -3273.3123 -3258.0046 -3242.8984 -3227.7922 -3212.5854 -3197.7812 -3183.1787 3299.8992 3299.8992 3299.8992 3299.8992 3299.8992 3299.8992 3299.8992 3299.8992 3293.6553 3278.0457 3262.6372 3247.3296 3232.1228 3217.0166 3202.1118 3187.4084 3172.2014 3158.1023 3143.8018 3128.9978 -505.85632 3134.5366 3151.1536 3167.5688 3183.783 3199.7954 3215.7073 3231.72 3247.4304 3263.1409 3278.8513 3294.3604 -3290.2312 -3274.823 -3259.5154 -3244.2078 -3229.0007 -3214.096 -3199.292 -3184.5886 2801.4954 3299.8992 3299.8992 3299.8992 3299.8992 3299.8992 3299.8992 3299.8992 3294.9646 3279.3547 3263.9465 3248.538 3233.3313 3218.3257 3203.3203 3188.7175 3173.6113 3159.1094 3145.0103 3130.2063 558.6273 3132.5225 3149.24 3165.5547 3181.7688 3197.882 3213.794 3229.7058 3245.4163 3261.2273 3276.8372 3292.4468 -3292.1448 -3276.7363 -3261.4287 -3246.121 -3230.9143 -3216.0095 -3201.2053 -3186.502 2155.6548 3299.8992 3299.8992 3299.8992 3299.8992 3299.8992 3299.8992 3299.8992 3294.461 3278.8513 3263.3423 3248.1353 3232.8276 3217.7214 3202.9175 3188.3147 3173.007 3158.7065 3144.5068 3129.904 878.37524 3131.1125 3147.7295 3164.0442 3180.359 3196.2708 3212.384 3228.195 3244.107 3259.7168 3275.5278 3291.0369 -3293.4539 -3278.0457 -3262.738 -3247.4304 -3232.3242 -3217.3186 -3202.5146 -3187.7104 770.11414 3299.8992 3299.8992 3299.8992 3299.8992 3299.8992 

3299.8992 3299.8992 3295.2666 3280.3618 3265.457 3251.2573 3236.7554 3222.354 3208.1543 3193.8538 3179.6538 3165.3533 3150.9521 3132.7239 1137.7991 -1826.5411 3144.5068 3160.0159 3175.6255 3191.1345 3206.7444 3221.7498 3236.856 3252.365 3266.7664 3281.5703 3296.2737 -3289.0227 -3274.5208 -3260.1196 -3245.819 -3231.3171 -3217.1172 -3203.119 -1531.6681 2801.193 3299.8992 3299.8992 3299.8992 3299.8992 3299.8992 3299.8992 3298.6907 3283.786 3268.881 3254.6814 3239.7766 3225.3752 3211.1755 3196.9756 3182.9773 3168.274 3153.9734 3138.4644 1490.2771 -1613.1409 3144.406 3160.3179 3176.3306 3191.4368 3206.845 3222.052 3237.7625 3252.1636 3267.6726 3282.2754 3296.9788 -3288.4185 -3273.9165 -3259.2131 -3244.9126 -3230.713 -3216.6138 -3202.8167 -1878.9093 2547.6104 3299.8992 3299.8992 3299.8992 3299.8992 3299.8992 3299.8992 3299.8992 3285.6995 3271.8018 3257.0984 3242.4956 3228.0945 3213.8945 3199.594 3185.3943 3171.1943 3156.8938 3142.3918 1747.7875 -1320.282 3144.406 3160.62 3176.3306 3191.6382 3206.7444 3222.354 3237.3596 3251.8616 3267.3706 3281.9731 3296.878 -3288.4185 -3274.0173 -3259.616 -3245.4163 -3230.9143 -3216.8152 -3202.8167 -2159.8845 2367.041 3299.8992 3299.8992 3299.8992 3299.8992 3299.8992 3299.8992 3299.8992 3299.8992 3299.8992 3299.8992 3299.8992 3299.8992 3299.8992 3299.8992 3299.8992 3299.8992 3299.8992 3299.8992 3299.8992 3299.8992 3299.8992 3299.8992 3299.8992 3299.8992 3206.3416 3221.6492 3236.1511 3251.1565 3266.6655 3281.369 3296.173 -3289.224 -3274.6216 -3260.2202 -3245.819 -3231.72 -3217.7214 -3203.2195 -2450.6287 2026.5472 3299.8992 3299.8992 3299.8992 3299.8992 3299.8992 3299.8992 3299.8992 3288.7207 3274.9236 3260.2202 3245.6177 3231.1157 3217.0166 3202.8167 3188.516 3173.9136 3159.7136 3145.3125 2210.8428 -868.40515 3250.1494 3158.606 3174.2156 3189.624 3205.0322 3220.4407 3235.5469 3250.0488 3265.5579 3280.4626 3295.166 -3290.4326 -3275.9307 -3261.2273 -3246.9268 -3232.6262 -3218.527 -3204.3274 -2537.0361 1999.6582 3299.8992 3299.8992 3299.8992 3299.8992 3299.8992 3299.8992 3299.8992 3288.3179 3274.4202 3259.9182 3245.2148 3230.9143 3216.513 3202.2124 3187.8113 3173.6113 3159.2102 3145.0103 2352.539 -734.06067 -3193.35 3156.2896 3172.4028 3187.509 
3272.1038 3287.5122 3299.8992 -3281.9731 -3266.6655 -3251.5593 -3236.6545 -3221.9512 -3207.4492 -3192.7458 -3178.3447 -3164.1448 -3150.0457 -3135.9465 -1793.2068 3299.8992 3299.8992 3299.8992 3299.8992 3299.8992 3299.8992 3299.8992 3299.8992 3299.8992 3299.8992 3299.8992 3290.9363 3275.83 3260.623 3245.7183 3231.015 3216.6138 3202.1118 3188.1133 -352.0752 3191.2354 3207.4492 3223.6633 3239.5752 3255.3862 3270.996 3286.4043 3299.8992 -3282.8796 -3267.7734 -3252.6672 -3237.863 -3223.059 -3208.4563 -3193.8538 -3179.4524 -3165.1519 -3150.9521 -3136.853 -2794.8486 3299.8992 3299.8992 3299.8992 3299.8992 3299.8992 3299.8992 3299.8992 3299.8992 3299.8992 3299.8992 3299.8992 3292.6482 3277.3406 3262.1338 3247.3296 3232.6262 3218.0237 3203.7231 3189.5232 1693.7073 3190.3289 3206.6436 3222.8577 3238.7695 3254.48 3270.0896 3285.5986 3299.8992 -3283.786 -3268.6797 -3253.6743 -3238.7695 -3223.8647 -3209.262 -3194.6594 -3180.258 -3165.9575 -3151.8584 -3137.7593 -3124.063 3299.8992 3299.8992 3299.8992 3299.8992 3299.8992 3299.8992 3299.8992 3299.8992 3299.8992 3299.8992 3299.8992 3293.5547 3278.247 3263.1409 3248.236 3233.5327 3218.93 3204.6294 3190.3289 2790.216 3189.1204 3205.536 3221.6492 3237.6616 3253.372 3269.0825 3284.491 3299.8992 -3284.793 -3269.6868 -3254.6814 -3239.7766 -3224.9724 -3210.269 -3195.767 -3181.2651 -3166.9646 -3152.765 -3138.7664 -3124.9695 3299.8992 3299.8992 3299.8992 3299.8992 3299.8992 3299.8992 3299.8992 3299.8992 3299.8992 3299.8992 3299.8992 3294.6624 3279.4556 3264.2485 3249.3438 3234.5398 3220.0378 3205.7373 3191.4368 3176.7334 3187.509 3203.9246 3220.0378 3236.1511 3251.8616 3267.572 3282.9802 3298.3887 -3286.3037 -3271.1975 -3256.0913 -3241.1865 -3226.2817 -3211.679 -3197.0764 -3182.5745 -3168.3745 -3154.1748 -3139.8743 -3126.178 3299.8992 3299.8992 3299.8992 3299.8992 3299.8992 3299.8992 3299.8992 3299.8992 3299.8992 3299.8992 3299.8992 3295.2666 3280.1604 3264.8528 3249.948 3235.144 3220.5413 3206.2407 3192.041 3177.7405 3185.797 3202.2124 3218.527 3234.5398 3250.2502 3265.9607 3281.4697 3296.7773 -3287.8142 -3272.708 -3257.6018 -3242.697 -3227.893 -3213.1897 -3198.587 -3184.1858 -3169.7844 -3155.5847 -3141.5862 -3127.6885 3299.8992 3299.8992 3299.8992 3299.8992 3299.8992 
2754.0618 2780.951 2770.175 2759.5 2748.0193 2734.1216 2722.7417 2711.9658 2700.586 2688.803 2676.9194 2664.734 2286.1724 310.88562 3273.1108 2686.1846 2712.1672 2735.431 2756.5796 2776.7212 2795.9563 2814.2852 2832.7148 2850.1372 2867.5598 2949.6367 -2475.6042 -2952.8594 -3021.8445 -1740.033 124.575806 1800.7599 2917.3096 2904.318 2891.0247 2877.3284 2863.8335 2849.3315 2836.5417 2821.637 2810.559 2796.9634 2784.677 2772.29 2759.7014 2746.6094 2734.2224 2722.6409 2711.1602 2699.3774 2687.2925 2672.7905 1207.8918 -757.92847 2687.494 2706.2256 2730.194 2752.1484 2772.3906 2791.8274 2810.7605 2829.19 2846.7131 2864.6392 2882.0618 -3288.7207 -1076.2665 -1365.802 -1692.096 -876.96533 658.12683 2068.744 2901.8005 2889.212 2875.717 2862.4236 2848.7273 2835.2324 2818.3135 2735.8337 2246.8962 2781.0515 2769.7722 2757.9895 2747.415 2733.5173 2720.929 2711.8652 2700.485 2688.803 2677.2217 2662.317 2004.2908 281.27747 -2273.6846 2679.3364 2706.427 2730.194 2751.8462 2771.9878 2791.4246 2810.559 2828.6865 2846.2097 2863.733 3171.2952 -1986.969 -2345.288 3238.0645 -2479.834 -492.46216 1274.5605 2918.6187 2905.9294 2892.636 2879.3425 2865.5457 2851.648 2833.9233 2674.7039 2808.847 2797.467 2787.094 2774.002 2761.615 2748.825 2736.74 2725.0579 2713.3757 2701.6936 2689.6086 2677.0203 2258.377 440.69824 -2763.7297 2692.9321 2718.3105 2741.0706 2762.1184 2781.958 2801.0925 2819.4214 2837.7502 2855.072 2872.4944 3073.3062 -2005.2979 -2094.6257 -2486.1785 -1785.1501 576.85547 2147.3967 2909.7563 2896.5637 2883.2703 2869.876 2856.2805 2841.98 2825.363 2650.9368 2799.4812 2789.7124 2777.5269 2765.1396 2749.7314 2736.1357 2723.5474 2715.7927 2704.6143 2692.9321 2681.1492 2666.6472 2186.8743 460.03418 -2613.1714 2684.976 2711.261 2734.5244 2755.774 2776.016 2795.2515 2814.1846 2832.0098 2850.1372 2867.6604 3107.2449 -1948.3978 -1853.2288 -2363.516 -1625.3265 34.140015 1543.4509 2506.1187 2895.6572 2882.7666 2869.3726 2855.8777 2841.1743 2823.3489 2607.8337 2743.689 2790.3167 2778.3325 2765.039 2753.256 2740.0635 2728.6833 2717.0012 2705.42 2693.8384 2681.9548 2669.6685 2518.8079 1017.453 -1952.7283 2677.5237 2705.017 2728.6833 2750.6377 2771.0815 
-2901.0955 -2888.1042 -2874.9114 -2862.2222 -2849.533 -2836.8438 -2824.6582 -2812.4724 -2213.864 -1889.9872 -1653.4241 -1649.0936 -1726.6388 -1820.9015 -2112.0483 -2315.982 -2026.648 -1711.029 -1404.5746 -1045.4498 -543.1183 242.10205 3084.6863 3299.8992 3299.8992 3299.8992 3299.8992 3299.8992 3299.8992 3299.8992 3299.8992 3299.8992 3299.8992 3299.8992 3299.8992 2922.647 1648.288 304.54102 -784.9182 -1856.25 -2897.5708 -2916.3025 -2902.9082 -2890.1184 -2877.5298 -2864.6392 -2852.4536 -2840.0664 -2343.7773 -1925.0336 -2043.7683 -2097.9492 -2482.7544 -2571.5789 -2770.276 -2758.3923 -2723.346 -2397.2534 -2028.9642 -1670.0409 -1253.6133 -414.917 2537.1367 3299.8992 3299.8992 3299.8992 3299.8992 3299.8992 3299.8992 3299.8992 3299.8992 3299.8992 3299.8992 3299.8992 3299.8992 2917.2087 1519.6838 76.135254 -1209.1003 -2258.2764 -2916.101 -2903.311 -2890.1184 -2877.4292 -2864.74 -2852.0508 -2839.6636 -2827.478 -2216.0796 -1735.2997 -1837.2162 -1950.5127 -2109.6313 -2141.0522 -2169.5525 -2338.8428 -2193.4204 -1900.1587 -1587.2589 -1307.3914 -947.56165 -211.78894 2459.5916 3299.8992 3299.8992 3299.8992 3299.8992 3299.8992 3299.8992 3299.8992 3299.8992 3299.8992 3299.8992 3299.8992 3299.8992 2956.5857 1600.7538 253.78418 -918.3563 -1980.7251 -2928.488 -2915.4968 -2902.304 -2889.4133 -2876.825 -2863.9343 -2851.648 -2839.4622 -2351.9348 -1712.7411 -1788.3728 -1972.0642 -2073.3765 -2134.607 -2338.742 -2588.3972 -2754.4646 -2520.52 -2105.8044 -1631.4697 -1072.9431 -291.14685 2412.4602 3299.8992 3299.8992 3299.8992 3299.8992 3299.8992 3299.8992 3299.8992 3299.8992 3299.8992 3299.8992 3299.8992 3299.8992 3269.989 1981.9336 586.9263 -679.57764 -1841.4459 -2753.1555 -2921.7407 -2908.4473 -2895.4558 -2882.8674 -2869.9768 -2857.489 -2845.2026 -2590.9148 -2072.5708 -2066.7297 -2102.6824 -2193.0176 -2273.886 -2489.7034 -2711.4624 -2568.9604 -2236.2212 -1559.4635 -1143.8416 -799.5209 -87.213135 2447.406 3299.8992 3299.8992 3299.8992 3299.8992 3299.8992 3299.8992 3299.8992 3299.8992 3299.8992 3299.8992 3299.8992 3299.8992 2975.2166 1568.5272 231.93054 -972.83936 -2032.489 -2932.8186 -2922.345 -2909.152 -2896.2615 -2883.5723 -2870.883 -2858.496 -2846.0083 -2294.8333 -1571.4478 -1613.0402 -1773.6694 -1870.047 -1989.2853 -2231.5886 -2575.708 -2418.5027 -2134.3047 -1902.7771 -1624.9237 
3299.8992 3299.8992 3299.8992 3293.2524 3278.1462 3263.4429 3249.2432 3234.2375 3219.8364 3205.9387 3192.2424 3178.1433 3164.0442 3149.7437 476.34888 3151.8584 3167.7703 3183.2793 3198.6877 3214.096 3229.1016 3244.2078 3259.4146 3274.0173 3289.325 3299.8992 -3281.7717 -3267.0684 -3252.5664 -3238.1653 -3224.0662 -3209.7656 -3195.767 -3181.8694 422.6715 3299.8992 3299.8992 3299.8992 3299.8992 3299.8992 3299.8992 3299.8992 3299.8992 3293.8567 3278.8513 3264.148 3250.0488 3234.8418 3220.5413 3206.543 3192.6453 3178.7476 3164.749 3150.348 986.1328 3150.7507 3166.7632 3182.0708 3197.4792 3212.686 3227.9937 3243.0999 3258.307 3273.2117 3287.7136 3299.8992 -3282.5774 -3268.1763 -3253.9763 -3239.4744 -3225.3752 -3211.2761 -3197.2778 -3183.3801 -569.30237 3299.8992 3299.8992 3299.8992 3299.8992 3299.8992 3299.8992 3299.8992 3299.8992 3294.8638 3280.4626 3265.8599 3250.955 3235.9497 3222.354 3208.255 3194.2566 3180.359 3166.2598 3152.0598 1830.0659 3148.7366 3164.5476 3180.258 3195.5657 3211.0747 3226.0803 3241.1865 3255.9905 3270.996 3285.6995 3299.8992 -3284.6924 -3270.291 -3255.89 -3241.69 -3227.4902 -3213.391 -3199.292 -3185.1929 -740.00244 3299.8992 3299.8992 3299.8992 3299.8992 3299.8992 3299.8992 3299.8992 3299.8992 3294.2595 3279.657 3265.0542 3250.0488 3235.2446 3221.2463 3207.3486 3193.5515 3179.6538 3165.5547 3151.4556 1552.5146 3149.1394 3165.0513 3180.5603 3195.9685 3211.2761 3226.4832 3241.5894 3256.3933 3271.1975 3285.901 3299.8992 -3284.491 -3270.0896 -3255.6885 -3241.388 -3227.188 -3213.0889 -3198.9897 -3184.9915 -2229.071 3299.8992 3299.8992 3299.8992 3299.8992 3299.8992 3299.8992 3299.8992 3299.8992 3299.0935 3284.6924 3270.0896 3254.9834 3240.0786 3226.2817 3211.9812 3198.184 3184.2864 3170.288 3156.0881 2600.2808 3148.4343 3164.3462 3179.956 3195.465 3210.7727 3225.9795 3240.985 3255.89 3270.996 3285.498 3299.8992 -3284.793 -3270.291 -3256.2927 -3241.7908 -3227.5908 -3213.4917 -3199.3926 -3185.4949 -2650.0305 3299.8992 3299.8992 3299.8992 3299.8992 3299.8992 3299.8992 3299.8992 3299.8992 3299.7986 3284.6924 3270.1904 3255.5876 3240.4814 3226.181 3212.384 3198.184 3184.2864 3170.288 3156.189 2889.0105 3146.521 3162.4329 3178.244 3193.5515 3208.8591 
3299.8992 3299.8992 3289.7278 3274.4202 3258.8103 3243.2007 3227.6917 3212.4846 3196.7742 3181.9702 3166.9646 3151.8584 3137.0544 3121.7468 1263.6841 3118.222 3135.2417 3151.9592 3168.6768 3184.9915 3201.5076 3217.8223 3234.0361 3250.0488 3265.9607 3281.8726 3297.583 -3286.8071 -3271.1975 -3255.89 -3240.5823 -3225.3752 -3210.3699 -3195.5657 -157.00378 3299.8992 3299.8992 3299.8992 3299.8992 3299.8992 3299.8992 3299.8992 3290.1306 3274.823 3259.314 3243.704 3227.9937 3212.7869 3197.0764 3182.2722 3167.4683 3152.362 3137.4573 3122.351 1350.6958 3118.4233 3135.443 3152.1606 3168.6768 3185.1929 3201.5076 3217.8223 3234.0361 3250.0488 3266.0613 3281.8726 3297.6836 -3286.8071 -3271.298 -3255.789 -3240.5823 -3225.3752 -3210.269 -3195.5657 -607.0679 3299.8992 3299.8992 3299.8992 3299.8992 3299.8992 3299.8992 3299.8992 3292.749 3276.9377 3261.2273 3245.5168 3230.0078 3214.5996 3198.9897 3184.1858 3169.281 3154.2754 3139.1692 3124.063 1867.9321 3152.362 3133.6304 3150.5493 3167.0654 3183.4807 3199.7954 3216.0095 3232.4248 3248.4375 3264.3494 3280.2612 3295.9717 -3288.3179 -3272.8088 -3257.4004 -3242.0928 -3226.886 -3211.8804 -3196.9756 -1288.7604 3299.8992 3299.8992 3299.8992 3299.8992 3299.8992 3299.8992 3299.8992 3294.6624 3278.8513 3263.04 3247.3296 3231.72 3216.3115 3200.702 3185.8977 3170.8923 3155.9875 3140.982 3125.6743 2069.9524 3284.3901 3134.1338 3150.8513 3167.3674 3183.8835 3200.299 3216.513 3232.8276 3249.0417 3264.8528 3280.7646 3296.576 -3287.8142 -3272.3052 -3256.897 -3241.5894 -3226.4832 -3211.4775 -3196.5728 -1539.7247 3299.8992 3299.8992 3299.8992 3299.8992 3299.8992 3299.8992 3299.8992 3295.5688 3280.2612 3264.6514 3248.941 3233.432 3217.9229 3202.3132 3187.4084 3172.5037 3157.498 3142.4927 3127.2856 2461.5051 -2715.7927 3132.321 3149.0386 3165.6555 3182.1716 3198.4863 3214.801 3230.612 3247.0276 3263.1409 3279.0527 3294.8638 -3289.5264 -3273.9165 -3258.5083 -3243.2007 -3227.9937 -3212.9883 -3198.0835 -2147.0947 3299.8992 3299.8992 3299.8992 3299.8992 3299.8992 3299.8992 3299.8992 3297.3816 3282.074 3266.464 3250.8545 3235.2446 3219.8364 3204.0251 3189.3218 3174.3164 3159.3108 3144.2046 3129.1992 2593.5332 -2689.508 3133.2275 3150.1465 3166.7632 3183.1787 
3299.8992 3299.8992 3299.8992 3287.8142 3272.1038 3256.192 3240.6829 3225.2747 3209.967 3193.9543 3179.251 3164.3462 3149.24 3133.8318 172.10999 3137.7593 3154.5776 3171.1943 3187.8113 3204.0251 3220.3398 3236.6545 3252.365 3268.579 3284.5916 3299.8992 -3283.786 -3268.3777 -3252.7678 -3237.561 -3222.354 -3207.2478 -3192.343 -3177.539 537.8815 3299.8992 3299.8992 3299.8992 3299.8992 3299.8992 3299.8992 3299.8992 3299.8992 3289.627 3273.816 3258.0046 3242.395 3226.7852 3211.679 3195.6665 3180.8623 3165.9575 3150.7507 3135.5437 787.93945 3136.4502 3153.4697 3169.8853 3186.502 3202.8167 3218.93 3235.2446 3251.1565 3267.4712 3283.484 3299.0935 -3284.9944 -3269.3848 -3254.0771 -3238.6687 -3223.5625 -3208.4563 -3193.5515 -3178.8481 70.09277 3299.8992 3299.8992 3299.8992 3299.8992 3299.8992 3299.8992 3299.8992 3299.8992 3289.9292 3274.118 3258.307 3242.697 3227.188 3211.9812 3195.9685 3181.2651 3166.2598 3151.1536 3135.9465 1277.3804 3134.436 3151.4556 3167.871 3184.3872 3200.702 3217.0166 3233.3313 3249.3438 3265.457 3281.369 3297.2808 -3286.908 -3271.298 -3255.89 -3240.5823 -3225.3752 -3210.1685 -3195.465 -3180.661 -977.4719 3299.8992 3299.8992 3299.8992 3299.8992 3299.8992 3299.8992 3299.8992 3299.8992 3291.641 3275.9307 3260.2202 3244.5098 3228.9001 3213.5925 3197.5798 3182.8765 3167.871 3152.8655 3137.5579 1594.6106 3134.436 3151.2542 3167.871 3184.3872 3200.8025 3217.0166 3233.3313 3249.0417 3265.457 3281.4697 3297.1802 -3286.908 -3271.399 -3255.789 -3240.5823 -3225.3752 -3210.269 -3195.465 -3180.661 -1387.2528 3299.8992 3299.8992 3299.8992 3299.8992 3299.8992 3299.8992 3299.8992 3299.8992 3293.1519 3277.4414 3261.6301 3245.819 3230.31 3215.0024 3199.0906 3184.2864 3169.281 3154.074 3138.9678 2097.345 3132.8247 3149.7437 3166.5618 3182.9773 3199.3926 3215.6067 3231.8206 3248.1353 3264.148 3280.0598 3295.8708 -3288.5193 -3272.708 -3257.4004 -3241.9922 -3226.7852 -3211.679 -3196.7742 -3181.8694 -2181.134 3299.8992 3299.8992 3299.8992 3299.8992 3299.8992 3299.8992 3299.8992 3299.8992 3295.166 3279.3547 3263.5437 3247.9338 3232.2234 3216.9158 3201.1047 3186.2 3171.2952 3156.0881 3140.8813 2386.1755 3132.7239 3149.6428 3166.4612 3182.9773 3199.292 
3299.8992 3299.8992 3296.0723 3280.4626 3264.9536 3249.646 3234.2375 3219.3328 3204.3274 3189.5232 3174.3164 3160.2173 3146.0173 3131.5154 1904.0863 3128.7964 3145.413 3161.8286 3178.0425 3194.1558 3210.0676 3225.9795 3241.7908 3257.4004 3273.1108 3288.6199 3299.8992 -3280.2612 -3264.8528 -3249.948 -3234.6404 -3219.5342 -3204.6294 -3189.926 -104.333496 3299.8992 3299.8992 3299.8992 3299.8992 3299.8992 3299.8992 3299.8992 3295.9717 3280.2612 3264.8528 3249.3438 3234.3384 3219.1313 3204.2266 3189.4226 3174.2156 3160.2173 3145.9167 3131.4148 2055.551 3128.0913 3144.9097 3161.1235 3177.4382 3193.5515 3209.4634 3225.3752 3241.0857 3256.897 3272.6074 3288.1165 3299.8992 -3281.067 -3265.6584 -3250.4517 -3235.3455 -3220.1384 -3205.2336 -3190.3289 -1236.1908 3299.8992 3299.8992 3299.8992 3299.8992 3299.8992 3299.8992 3299.8992 3298.1873 3282.5774 3267.1692 3251.6602 3236.4531 3221.347 3206.4421 3191.5374 3176.4312 3162.1306 3147.931 3133.429 2682.559 3126.48 3143.2983 3159.8145 3176.0283 3192.2424 3208.0535 3223.9653 3239.7766 3255.6885 3271.399 3287.0085 3299.8992 -3282.1746 -3266.7664 -3251.7607 -3236.554 -3221.347 -3206.4421 -3191.6382 -957.63245 3299.8992 3299.8992 3299.8992 3299.8992 3299.8992 3299.8992 3299.8992 3297.0793 3281.5703 3266.162 3250.8545 3235.5469 3220.4407 3205.536 3190.7317 3175.424 3161.1235 3147.0244 3132.7239 2545.8984 3125.5737 3142.1904 3158.7065 3175.0212 3191.034 3207.0464 3222.9583 3238.6687 3254.48 3270.1904 3285.8 3299.8992 -3283.2825 -3267.874 -3252.8687 -3237.6616 -3222.4548 -3207.55 -3192.7458 -2586.5845 3299.8992 3299.8992 3299.8992 3299.8992 3299.8992 3299.8992 3299.8992 3299.8992 3286.3037 3270.7947 3255.3862 3240.1794 3225.0732 3209.967 3195.0623 3179.8552 3165.6555 3151.355 3136.9536 3115.2007 3125.171 3141.989 3158.5051 3174.7192 3190.933 3206.9458 3222.6562 3238.4673 3254.2786 3269.989 3285.498 3299.8992 -3283.5845 -3268.1763 -3252.9692 -3237.7625 -3222.5554 -3207.6506 -3192.9473 -3086.5996 3299.8992 3299.8992 3299.8992 3299.8992 3299.8992 3299.8992 3299.8992 3299.8992 3287.4114 3271.8018 3256.3933 3241.0857 3226.0803 3210.974 3196.2708 3181.0637 3166.5618 3152.362 3137.86 3122.351 3124.5667 3141.3848 3157.901 3174.115 3190.3289 

3202.9175 3218.527 3233.2305 3248.7395 3263.1409 3278.247 3292.9504 -3292.3462 -3277.9448 -3263.3423 -3249.3438 -3235.0432 -3220.8435 -3206.4421 -2968.3684 1311.9232 3299.8992 3299.8992 3299.8992 3299.8992 3299.8992 3299.8992 3299.8992 3291.339 3276.535 3261.8315 3247.3296 3233.13 3218.8293 3204.5288 3190.0269 3175.6255 3161.6272 3147.0244 2605.719 -494.67773 -3134.738 3156.189 3171.8994 3187.7104 3203.119 3218.0237 3233.432 3248.8403 3263.3423 3278.4485 3293.1519 -3292.5476 -3278.0457 -3263.4429 -3248.7395 -3234.5398 -3220.7427 -3206.6436 -3067.7673 1083.8196 3299.8992 3299.8992 3299.8992 3299.8992 3299.8992 3299.8992 3299.8992 3293.051 3278.1462 3263.8457 3249.2432 3234.8418 3220.1384 3205.9387 3191.7388 3177.6396 3163.339 3148.6357 2784.0728 -216.92505 -2919.6257 3155.484 3171.2952 3186.8042 3202.1118 3217.1172 3232.3242 3247.9338 3262.2344 3277.24 3292.2454 -3293.1519 -3278.65 -3264.148 -3249.646 -3235.5469 -3221.2463 -3207.2478 -3191.9402 606.1615 3299.8992 3299.8992 3299.8992 3299.8992 3299.8992 3299.8992 3299.8992 3295.0652 3280.0598 3265.8599 3250.8545 3236.3525 3222.052 3207.7515 3193.8538 3179.5532 3164.8499 3150.5493 2852.957 -152.67334 -2776.117 3156.3904 3172 3187.6099 3203.119 3217.9229 3233.2305 3248.7395 3263.2415 3278.3477 3293.051 -3292.5476 -3277.9448 -3263.6443 -3248.8403 -3234.5398 -3220.7427 -3206.7444 -3192.6453 253.07922 3299.8992 3299.8992 3299.8992 3299.8992 3299.8992 3299.8992 3299.8992 3297.9858 3283.081 3268.579 3253.9763 3239.7766 3224.8718 3210.7727 3196.7742 3182.373 3168.0725 3153.772 3023.053 248.64807 -2510.4492 3155.5847 3171.2952 3186.9048 3202.3132 3217.3186 3233.13 3247.6318 3262.9395 3277.6428 3292.749 -3292.6482 -3278.1462 -3263.9465 -3249.2432 -3234.9426 -3220.8435 -3206.7444 -3192.7458 -58.20923 3299.8992 3299.8992 3299.8992 3299.8992 3299.8992 3299.8992 3299.8992 3298.59 3284.6924 3270.1904 3255.2856 3240.8843 3226.5837 3212.1826 3197.7812 3183.6821 3169.3816 3154.9805 3072.299 390.64636 -2388.0889 3155.081 3171.0938 3186.7034 
3299.8992 3299.8992 3299.8992 3299.8992 3299.8992 3299.8992 3295.8708 3280.664 3265.457 3250.5522 3235.7483 3221.1455 3206.7444 3192.6453 3178.4453 3183.783 3200.3997 3216.6138 3232.5256 3248.3367 3264.047 3279.4556 3294.8638 -3289.7278 -3274.4202 -3259.4146 -3244.4092 -3229.7058 -3214.9016 -3200.299 -3185.8977 -3171.4966 -3157.2966 -3143.2983 -3129.1992 3299.8992 3299.8992 3299.8992 3299.8992 3299.8992 3299.8992 3299.8992 3299.8992 3299.8992 3299.8992 3299.8992 3295.8708 3280.7646 3265.457 3250.5522 3235.7483 3221.2463 3206.7444 3192.5444 3178.4453 3181.1646 3197.7812 3213.9954 3230.1086 3245.819 3261.6301 3277.0386 3292.5476 3299.8992 -3276.9377 -3261.8315 -3246.8262 -3232.022 -3217.4194 -3202.716 -3188.214 -3173.8127 -3159.613 -3145.514 -3131.5154 3299.8992 3299.8992 3299.8992 3299.8992 3299.8992 3299.8992 3299.8992 3299.8992 3299.8992 3299.8992 3299.8992 3295.8708 3280.664 3265.457 3250.5522 3235.7483 3221.1455 3206.6436 3192.5444 3178.4453 3178.6467 3195.2637 3211.4775 3227.5908 3243.402 3259.1125 3274.6216 3290.0298 3299.8992 -3279.3547 -3264.148 -3249.3438 -3234.3384 -3219.635 -3205.0322 -3190.5303 -3176.0283 -3161.8286 -3147.7295 -3133.731 3299.8992 3299.8992 3299.8992 3299.8992 3299.8992 3299.8992 3299.8992 3299.8992 3299.8992 3299.8992 3299.8992 3295.8708 3280.664 3265.457 3250.4517 3235.6475 3221.045 3206.543 3192.343 3178.3447 3176.4312 3193.1487 3209.4634 3225.476 3241.287 3257.0984 3272.6074 3288.0156 3299.8992 -3281.2683 -3266.162 -3251.1565 -3236.3525 -3221.5483 -3206.9458 -3192.343 -3177.942 -3163.6414 -3149.5422 -3135.5437 3299.8992 3299.8992 3299.8992 3299.8992 3299.8992 3299.8992 3299.8992 3299.8992 3299.8992 3299.8992 3299.8992 3296.2737 3281.067 3265.8599 3250.8545 3236.0503 3221.4478 3206.9458 3192.7458 3178.6467 3174.3164 3191.034 3207.3486 3223.462 3239.3738 3255.0842 3270.6938 3286.1023 3299.8992 -3283.383 -3268.0754 -3252.9692 -3238.2659 -3223.462 -3208.8591 -3194.2566 -3179.8552 -3165.5547 -3151.355 -3137.3564 3299.8992 3299.8992 3299.8992 3299.8992 3299.8992 
2790.4175 2809.0483 2827.478 2844.9004 2862.625 2935.3362 -2110.9404 -1693.808 -2200.6714 -1539.4226 -12.890625 1455.0293 2902.9082 2889.917 2876.9255 2863.5315 2850.1372 2836.6423 2820.8313 2802.4016 2793.338 2783.7708 2771.4844 2757.083 2745.9045 2733.1145 2719.0154 2709.5488 2698.2695 2686.6882 2674.7039 2662.1155 2301.8828 612.7075 -2273.4832 2676.5166 2703.9092 2727.8777 2749.6306 2769.9736 2789.511 2808.0413 2826.6724 2844.0947 2861.618 3029.0955 -2000.4639 -1329.5471 -2014.1602 -1497.1252 48.339844 1583.5327 2897.0671 2884.1765 2870.984 2857.6904 2843.0876 2828.0823 2811.3647 2460.901 2423.236 2778.534 2767.758 2753.0547 2743.3867 2729.9927 2716.2964 2706.8298 2695.6511 2684.0698 2672.3877 2660.5042 2640.4631 1398.4314 -1465.4022 2663.5254 2693.1335 2718.1091 2740.567 2761.4136 2781.1523 2800.5889 2818.4143 2836.9446 2854.5684 2871.7896 -3009.4573 -2198.9592 -2633.5144 -2264.3188 -602.2339 1216.3513 2902.4048 2897.5708 2884.4788 2871.0845 2857.489 2843.8933 2831.0027 2814.2852 2801.3945 2791.7266 2778.836 2763.1255 2753.5583 2740.3655 2726.065 2716.397 2705.1177 2693.637 2681.7534 2669.5679 2124.6367 460.03418 -2178.6162 2682.4585 2709.0454 2732.5103 2754.1626 2774.3042 2793.5393 2812.5732 2830.2979 2848.6267 2866.15 2883.2703 -1764.0015 -634.964 -1322.699 -1226.12 22.055054 1515.0513 2892.8374 2880.3496 2867.3584 2854.2664 2840.6707 2827.2766 2811.6667 2749.1272 1996.3348 2584.5703 2767.1538 2687.2925 2739.862 2728.8848 2715.39 2706.0242 2694.9463 2683.5662 2671.6826 2659.6985 2599.5757 1310.4126 -464.86816 2651.9438 2683.7676 2710.0525 2733.316 2754.5654 2774.707 2793.6401 2812.5732 2830.2979 2848.0225 2865.747 -2500.5798 -1315.6494 -2653.5552 -2620.3215 -1179.9957 560.33936 2332.196 2894.751 2881.7595 2868.466 2855.072 2841.3757 2825.5645 2809.3506 2748.12 2788.202 2776.6204 2762.5212 2751.0405 2738.4521 2725.9644 2714.2822 2702.902 2691.4214 2679.5378 2667.5537 2651.3396 1671.8536 -803.7506 2661.8132 2691.925 2717.102 2739.7612 2760.608 
-1441.9373 -770.9198 1776.7914 3299.8992 3299.8992 3299.8992 3299.8992 3299.8992 3299.8992 3299.8992 3299.8992 3299.8992 3299.8992 3299.8992 3299.8992 3299.8992 2013.9587 622.2748 -672.6288 -1800.2563 -2697.766 -2930.2002 -2916.806 -2904.016 -2891.226 -2878.3354 -2865.8477 -2853.5613 -2688.803 -2055.6519 -2050.717 -2286.978 -2361.4014 -2417.1936 -2571.7803 -2771.0815 -2714.0808 -2446.4995 -2117.0837 -1751.413 -1300.7446 -551.37634 2143.6707 3299.8992 3299.8992 3299.8992 3299.8992 3299.8992 3299.8992 3299.8992 3299.8992 3299.8992 3299.8992 3299.8992 3299.8992 3299.8992 1587.0575 296.7865 -914.83154 -1966.2231 -2920.23 -2918.1152 -2904.8218 -2891.9312 -2879.242 -2866.452 -2854.1655 -2841.7786 -2613.1714 -1994.4214 -1654.834 -1759.671 -1853.2288 -1964.8132 -2190.3992 -2550.531 -2452.7434 -2148.6052 -1899.5544 -1518.3746 -990.8661 -287.01782 2310.745 3299.8992 3299.8992 3299.8992 3299.8992 3299.8992 3299.8992 3299.8992 3299.8992 3299.8992 3299.8992 3299.8992 3299.8992 3299.8992 2065.4204 675.0458 -327.20032 -1381.7139 -2367.5444 -2935.9404 -2922.647 -2909.8572 -2896.8657 -2884.076 -2871.5881 -2859.1003 -2707.9375 -2048.1995 -2029.5685 -2130.78 -2565.1335 -2600.5828 -2653.5552 -2775.3113 -2763.2263 -2499.6733 -2187.4785 -1790.2863 -1251.1963 -551.7792 1966.1224 3299.8992 3299.8992 3299.8992 3299.8992 3299.8992 3299.8992 3299.8992 3299.8992 3299.8992 3299.8992 3299.8992 3299.8992 3299.8992 2278.2166 968.7103 -302.62756 -1497.226 -2735.6323 -2931.61 -2918.3167 -2905.3252 -2892.5354 -2879.6448 -2867.3584 -2854.7698 -2710.6567 -1916.7755 -1787.5671 -1945.9808 -2081.0303 -2196.0388 -2108.5234 -2461.4043 -2514.5781 -2248.8098 -2000.1617 -1737.7167 -1396.0144 -841.5161 1578.3966 3299.8992 3299.8992 3299.8992 3299.8992 3299.8992 3299.8992 3299.8992 3299.8992 3299.8992 3299.8992 3299.8992 3299.8992 3299.8992 2159.683 813.3179 -481.28357 -1633.4839 -2591.519 -2933.5234 -2920.1294 -2907.3394 -2894.5496 -2881.659 -2869.1711 -2856.6833 -2659.1948 -1796.6309 -1632.3761 -1855.545 -2041.7542 -2265.326 -2475.4028 -2781.6558 -2769.7722 -2754.8674 -2440.0542 -2048.3 
3224.0662 3239.0715 3254.3792 3269.0825 3284.2896 3298.993 -3286.7065 -3271.9023 -3257.2998 -3242.697 -3228.598 -3214.3982 -3200.5005 -3186.6028 -2979.0435 3299.8992 3299.8992 3299.8992 3299.8992 3299.8992 3299.8992 3299.8992 3299.8992 3299.7986 3285.2966 3270.6938 3255.5876 3240.7837 3226.886 3212.686 3198.8892 3184.9915 3170.993 3156.8938 2928.186 3146.9238 3162.9363 3178.5461 3194.0552 3209.3628 3224.469 3239.5752 3254.48 3269.5862 3284.0881 3298.7915 -3286.203 -3271.701 -3257.5012 -3243.2007 -3228.9001 -3214.7002 -3200.702 -3186.8042 -3173.108 3299.8992 3299.8992 3299.8992 3299.8992 3299.8992 3299.8992 3299.8992 3299.8992 3299.8992 3287.7136 3273.0103 3258.7097 3243.5027 3229.1016 3215.0024 3201.2053 3187.1062 3173.2085 3158.908 3135.2417 3146.3196 3162.03 3177.7405 3193.1487 3208.4563 3223.764 3238.7695 3254.0771 3268.7805 3283.9873 3298.6907 -3287.0085 -3272.1038 -3257.5012 -3243.3013 -3228.9001 -3214.801 -3200.8025 -3186.7034 -3173.007 3299.8992 3299.8992 3299.8992 3299.8992 3299.8992 3299.8992 3299.8992 3299.8992 3299.8992 3290.5334 3275.7292 3260.7239 3245.819 3232.1228 3217.52 3203.8237 3189.926 3175.9277 3161.5264 3142.996 3147.528 3163.6414 3179.251 3194.76 3209.8662 3225.2747 3240.3809 3255.2856 3270.291 3284.8938 3299.4963 -3285.3972 -3270.996 -3256.4941 -3242.395 -3228.0945 -3213.9954 -3199.8962 -3185.9985 -3172 3299.8992 3299.8992 3299.8992 3299.8992 3299.8992 3299.8992 3299.8992 3299.8992 3299.8992 3292.9504 3278.1462 3263.8457 3248.7395 3234.2375 3220.1384 3206.3416 3192.1416 3178.1433 3164.0442 3149.1394 -2857.2876 3162.6343 3178.6467 3193.9543 3209.262 3224.469 3239.4744 3254.8828 3269.5862 3284.793 3299.5972 -3286.203 -3271.399 -3256.7961 -3242.2942 -3228.0945 -3213.9954 -3199.8962 -3185.9985 -3172.1008 3299.8992 3299.8992 3299.8992 3299.8992 3299.8992 3299.8992 3299.8992 3299.8992 3299.8992 3294.6624 3279.959 3265.6584 3250.3508 3235.9497 3221.7498 3207.852 3193.753 3179.8552 3165.857 3150.8513 -2181.8389 3162.1306 3177.942 3193.35 3208.8591 
3199.594 3215.808 3231.5186 3247.9338 3264.148 3280.0598 3295.8708 -3288.5193 -3272.9094 -3257.5012 -3242.1936 -3226.9866 -3212.0818 -3197.0764 -2533.0078 3299.8992 3299.8992 3299.8992 3299.8992 3299.8992 3299.8992 3299.8992 3299.8992 3285.2966 3269.7876 3253.9763 3238.4673 3222.9583 3207.1472 3192.343 3177.4382 3162.332 3147.3267 3132.1196 2857.2876 -2190.2983 3133.429 3150.247 3166.864 3183.3801 3199.7954 3216.11 3232.3242 3248.3367 3264.3494 3280.1604 3295.9717 -3288.4185 -3272.8088 -3257.4004 -3242.0928 -3226.9866 -3211.8804 -3196.9756 -2799.7832 3299.8992 3299.8992 3299.8992 3299.8992 3299.8992 3299.8992 3299.8992 3299.8992 3287.8142 3271.9023 3256.192 3240.6829 3224.9724 3209.3628 3194.5586 3179.4524 3164.447 3149.3408 3134.3352 3004.019 -1840.741 3133.2275 3150.1465 3166.7632 3183.3801 3199.6948 3216.0095 3232.4248 3248.538 3264.3494 3280.2612 3296.0723 -3288.217 -3272.708 -3257.4004 -3241.9922 -3226.7852 -3211.7798 -3196.875 -3109.4604 2641.3696 3299.8992 3299.8992 3299.8992 3299.8992 3299.8992 3299.8992 3299.8992 3291.4397 3275.6287 3259.9182 3244.3083 3228.598 3212.9883 3198.0835 3183.078 3167.9717 3152.8655 3137.7593 3110.7695 -1302.8595 3133.8318 3150.7507 3167.3674 3183.8835 3200.299 3216.513 3232.5256 3248.941 3265.0542 3280.966 3296.6765 -3287.5122 -3272.1038 -3256.6956 -3241.388 -3226.181 -3211.1755 -3196.3713 -3181.668 2196.7437 3299.8992 3299.8992 3299.8992 3299.8992 3299.8992 3299.8992 3299.8992 3294.058 3278.4485 3262.738 3247.1282 3231.5186 3215.7073 3200.8025 3185.797 3170.691 3155.5847 3140.4785 3120.7397 -987.64343 3134.5366 3151.355 3168.0725 3184.6892 3200.9033 3217.218 3233.13 3249.4446 3265.6584 3281.6711 3297.3816 -3287.0085 -3271.399 -3255.9905 -3240.6829 -3225.5767 -3210.5713 -3195.5657 -3180.9631 1694.2108 3299.8992 3299.8992 3299.8992 3299.8992 3299.8992 3299.8992 3299.8992 3296.7773 3281.2683 3265.5579 3249.8474 3234.3384 3218.225 3203.421 3188.4155 3173.5107 3158.3037 3143.1975 3127.487 -393.96973 3134.0332 3150.9521 3167.5688 3184.1858 
3215.7073 3231.8206 3248.236 3264.148 3280.0598 3296.0723 -3288.3179 -3272.708 -3257.2998 -3241.8914 -3226.6846 -3211.5784 -3196.7742 -3181.8694 -2386.5784 3299.8992 3299.8992 3299.8992 3299.8992 3299.8992 3299.8992 3299.8992 3299.8992 3296.173 3280.3618 3264.5508 3248.7395 3233.2305 3217.8223 3201.9104 3187.1062 3172.2014 3157.0952 3141.8884 2620.221 3132.2205 3149.1394 3165.9575 3182.4736 3198.7883 3215.103 3231.1157 3247.6318 3263.5437 3279.4556 3295.3674 -3288.8213 -3273.3123 -3257.8032 -3242.395 -3227.188 -3212.1826 -3197.177 -3182.373 -3021.7437 3299.8992 3299.8992 3299.8992 3299.8992 3299.8992 3299.8992 3299.8992 3299.8992 3299.8992 3284.2896 3268.4783 3252.7678 3237.0574 3221.5483 3205.7373 3190.933 3176.0283 3160.922 3145.6145 2929.2937 3287.8142 3149.6428 3166.3604 3182.776 3199.292 3215.6067 3231.72 3248.1353 3264.047 3279.959 3295.8708 -3288.3179 -3272.8088 -3257.2998 -3241.8914 -3226.6846 -3211.679 -3196.6736 -3181.8694 -3133.3281 3299.8992 3299.8992 3299.8992 3299.8992 3299.8992 3299.8992 3299.8992 3299.8992 3299.8992 3285.901 3270.0896 3254.3792 3238.6687 3223.1597 3207.3486 3192.4438 3177.539 3162.332 3147.0244 2972.4976 -3284.1887 3150.65 3167.4683 3184.085 3200.299 3216.6138 3232.8276 3249.2432 3265.2556 3281.1675 3297.0793 -3287.21 -3271.701 -3256.192 -3240.7837 -3225.6775 -3210.4705 -3195.6665 -3180.8623 -3166.2598 3299.8992 3299.8992 3299.8992 3299.8992 3299.8992 3299.8992 3299.8992 3299.8992 3299.8992 3289.1235 3273.3123 3257.4004 3241.7908 3226.2817 3210.4705 3195.465 3180.4595 3165.3533 3150.1465 3129.2998 -2367.6453 3149.7437 3166.5618 3183.1787 3199.4934 3215.9087 3232.1228 3248.3367 3264.5508 3280.3618 3296.173 -3288.0156 -3272.406 -3256.9976 -3241.4885 -3226.2817 -3211.2761 -3196.3713 -3181.4666 -3166.9646 3299.8992 3299.8992 3299.8992 3299.8992 3299.8992 3299.8992 3299.8992 3299.8992 3299.8992 3291.0369 3275.125 3259.4146 3243.6035 3228.296 3212.2832 3197.3784 3182.2722 3167.2668 3152.0598 3136.4502 -1580.0079 3148.233 3165.0513 3181.668 3197.882 
3206.3416 3222.2534 3238.1653 3253.775 3269.5862 3285.1958 3299.8992 -3283.786 -3268.6797 -3253.2715 -3238.0645 -3223.059 -3208.0535 -3193.2495 -3178.6467 3299.8992 3299.8992 3299.8992 3299.8992 3299.8992 3299.8992 3299.8992 3299.8992 3288.922 3273.3123 3257.904 3242.697 3227.4902 3212.4846 3197.6807 3182.4736 3168.0725 3153.772 3139.3706 3124.063 3124.8687 3141.687 3158.3037 3174.5178 3190.5303 3206.6436 3222.5554 3238.4673 3254.2786 3269.8882 3285.498 3299.8992 -3283.5845 -3268.2769 -3252.8687 -3237.561 -3222.6562 -3207.7515 -3193.048 -3178.3447 3299.8992 3299.8992 3299.8992 3299.8992 3299.8992 3299.8992 3299.8992 3299.8992 3291.4397 3275.9307 3260.5225 3245.0134 3229.8064 3214.801 3200.0977 3184.6892 3170.4895 3156.0881 3141.8884 3126.5808 3130.9111 3140.982 3157.5989 3173.9136 3189.926 3205.9387 3221.9512 3237.863 3253.5735 3269.284 3284.793 3299.8992 -3284.0881 -3268.881 -3253.5735 -3238.2659 -3223.1597 -3208.255 -3193.5515 -3178.8481 3299.8992 3299.8992 3299.8992 3299.8992 3299.8992 3299.8992 3299.8992 3299.8992 3293.8567 3278.1462 3262.8386 3247.4304 3232.1228 3217.1172 3202.3132 3187.0056 3172.5037 3158.3037 3143.9026 3128.7964 -2910.9648 3141.3848 3158.0017 3174.2156 3190.3289 3206.3416 3222.354 3238.1653 3253.8757 3269.5862 3285.1958 3299.8992 -3283.786 -3268.4783 -3252.9692 -3237.863 -3222.8577 -3207.953 -3193.1487 -3178.5461 3299.8992 3299.8992 3299.8992 3299.8992 3299.8992 3299.8992 3299.8992 3299.8992 3296.3745 3280.7646 3265.2556 3249.948 3234.6404 3219.5342 3204.7302 3189.4226 3175.0212 3160.7207 3146.3196 3131.314 -2216.8853 3141.7876 3158.3037 3174.6184 3190.7317 3206.845 3222.7568 3238.6687 3254.48 3270.291 3285.8 3299.8992 -3283.2825 -3267.874 -3252.5664 -3237.3596 -3222.354 -3207.6506 -3192.6453 -3178.0425 3299.8992 3299.8992 3299.8992 3299.8992 3299.8992 3299.8992 3299.8992 3299.8992 3298.7915 3283.2825 3267.7734 3252.365 3237.2588 3222.1526 3206.9458 3191.7388 3177.4382 3163.037 3148.6357 3133.8318 -974.35 3140.7805 3157.196 3173.5107 3189.8254 

3202.1118 3217.52 3232.5256 3247.0276 3262.6372 3277.4414 3292.044 -3292.9504 -3278.4485 -3263.9465 -3249.646 -3235.5469 -3221.045 -3207.3486 -3193.048 -575.54626 3299.8992 3299.8992 3299.8992 3299.8992 3299.8992 3299.8992 3299.8992 3299.8992 3299.8992 3299.8992 3299.8992 3299.8992 3299.8992 3299.8992 3299.8992 3299.8992 3299.8992 3299.8992 3299.8992 3299.8992 3299.8992 3299.8992 3299.8992 3299.8992 3200.8025 3216.0095 3230.612 3245.7183 3261.3281 3275.83 3290.9363 3299.8992 -3279.7576 -3265.5579 -3251.2573 -3236.856 -3222.4548 -3208.3557 -3194.458 -740.30457 3299.8992 3299.8992 3299.8992 3299.8992 3299.8992 3299.8992 3299.8992 3299.8992 3287.1094 3272.708 3258.0046 3243.0999 3229.0007 3214.7002 3200.299 3186.099 3171.5972 3157.3975 3139.0686 1037.3932 -1940.8447 3152.1606 3167.7703 3183.4807 3198.9897 3214.2974 3229.303 3244.0063 3259.5154 3274.3193 3288.922 3299.8992 -3281.5703 -3267.2698 -3252.8687 -3238.2659 -3224.1667 -3210.1685 -3196.3713 -1061.261 3293.3533 3299.8992 3299.8992 3299.8992 3299.8992 3299.8992 3299.8992 3299.8992 3287.0085 3272.6074 3258.206 3243.6035 3229.0007 3214.4988 3200.1982 3185.9985 3171.8994 3157.5989 3141.8884 1413.6383 -1645.2667 3148.4343 3164.6484 3179.8552 3195.3643 3210.7727 3226.4832 3241.1865 3256.5947 3271.1975 3286.4043 3299.8992 -3284.3901 -3269.7876 -3255.487 -3241.1865 -3226.9866 -3213.0889 -3198.6877 -1500.2472 2881.7595 3299.8992 3299.8992 3299.8992 3299.8992 3299.8992 3299.8992 3299.8992 3287.3108 3272.708 3258.4075 3243.402 3228.9001 3214.7002 3200.3997 3186.2 3172.1008 3157.3975 3142.5933 1606.7963 -1418.1702 3146.521 3162.1306 3177.841 3193.2495 3208.6577 3223.9653 3239.5752 3254.1777 3269.284 3284.0881 3298.7915 -3286.6057 -3272.1038 -3257.7026 -3243.704 -3229.4036 -3215.3044 -3201.3062 -1798.1415 2621.3286 3299.8992 3299.8992 3299.8992 3299.8992 3299.8992 3299.8992 3299.8992 3287.3108 3272.8088 3258.1055 3243.6035 3229.4036 3215.103 3200.702 3186.6028 3172.2014 3157.901 3143.2983 1663.4949 -1471.344 3146.823 3162.2314 3178.0425 
3299.8992 3299.8992 3299.8992 3299.8992 3299.8992 3299.8992 3297.0793 3281.8726 3266.7664 3251.6602 3236.856 3222.2534 3207.7515 3193.5515 3179.3518 3173.007 3189.624 3205.9387 3222.1526 3237.9639 3253.775 3269.3848 3284.6924 3299.8992 -3284.5916 -3269.3848 -3254.2786 -3239.4744 -3224.6704 -3210.1685 -3195.3643 -3181.0637 -3166.7632 -3152.5635 -3138.565 2154.6477 3299.8992 3299.8992 3299.8992 3299.8992 3299.8992 3299.8992 3299.8992 3299.8992 3299.8992 3299.8992 3298.4893 3283.2825 3267.9749 3252.8687 3238.1653 3223.361 3209.0605 3194.8608 3180.661 3172.1008 3188.7175 3205.133 3221.347 3237.1582 3253.07 3268.4783 3283.9873 3299.295 -3285.3972 -3270.1904 -3255.0842 -3240.28 -3225.476 -3210.7727 -3196.17 -3181.9702 -3167.5688 -3153.3691 -3139.27 311.48987 3299.8992 3299.8992 3299.8992 3299.8992 3299.8992 3299.8992 3299.8992 3299.8992 3299.8992 3299.8992 3299.8992 3284.6924 3269.4854 3254.3792 3239.4744 3224.8718 3210.3699 3196.17 3181.9702 -3238.971 3187.6099 3203.9246 3220.1384 3236.0503 3251.7607 3267.4712 3282.7788 3298.1873 -3286.4043 -3271.298 -3256.192 -3241.287 -3226.4832 -3211.7798 -3197.2778 -3182.776 -3168.4753 -3154.2754 -3140.277 -1531.0638 3299.8992 3299.8992 3299.8992 3299.8992 3299.8992 3299.8992 3299.8992 3299.8992 3299.8992 3299.8992 3299.8992 3286.5051 3271.298 3256.192 3241.287 3226.6846 3212.0818 3197.9827 3183.783 -904.3579 3187.4084 3203.7231 3219.8364 3235.7483 3251.5593 3267.1692 3282.5774 3297.9858 -3286.6057 -3271.4995 -3256.4941 -3241.4885 -3226.6846 -3211.9812 -3197.4792 -3182.9773 -3168.7773 -3154.4768 -3140.4785 -2538.6475 3299.8992 3299.8992 3299.8992 3299.8992 3299.8992 3299.8992 3299.8992 3299.8992 3299.8992 3299.8992 3299.8992 3288.3179 3273.1108 3258.0046 3242.9993 3228.3965 3213.794 3199.4934 3185.3943 1216.452 3186.9048 3203.2195 3219.4336 3235.446 3251.1565 3266.7664 3282.2754 3297.6836 -3287.0085 -3271.8018 -3256.897 -3241.8914 -3227.188 -3212.4846 -3197.882 -3183.3801 -3169.0796 -3154.8796 -3140.982 -3100.9001 3299.8992 3299.8992 3299.8992 3299.8992 
2780.548 2799.3804 2817.7092 2836.038 2853.7627 2870.984 -2835.1318 -1526.2299 -2081.5337 -2030.4749 86.40747 1736.0046 2895.9595 2883.1694 2869.9768 2856.9854 2843.289 2829.7942 2814.7888 2790.8203 2645.297 2776.8218 2765.039 2748.2207 2450.5278 2724.9573 2712.0667 2701.895 2693.8384 2682.257 2670.7764 2658.8928 2642.7795 1565.506 -640.4022 2651.7424 2683.5662 2709.7502 2733.014 2754.2632 2774.3042 2793.9421 2812.6738 2830.2979 2848.0225 2865.6462 -2991.1284 -1754.0314 -2366.7388 -2296.9482 -1026.416 758.73413 1552.6154 2896.8657 2885.385 2872.3938 2858.798 2845.404 2829.0894 2755.5725 2567.8528 2671.7834 2781.3538 2606.4238 2755.371 2743.4875 2731.8054 2719.9219 2708.5417 2697.061 2685.2783 2673.3948 2658.2886 1960.2814 -373.6267 2660.0005 2690.6157 2716.1956 2738.7542 2759.9028 2779.7424 2798.5747 2817.5078 2835.1318 2853.1584 2949.234 -2333.4045 -598.407 -1219.3726 -1310.8154 82.58057 1874.2767 2887.2986 2874.3071 2861.4165 2848.526 2835.3333 2821.7375 2808.444 2795.5535 2783.267 2771.3835 2759.2986 2743.3867 2689.4072 2671.9849 2520.3186 2605.6182 2691.0186 2680.3435 2669.165 2656.8787 2301.7822 1606.3934 -749.2676 2781.253 2704.1106 2702.3987 2726.3672 2748.12 2768.5637 2788.3025 2806.6313 2825.2625 3036.7493 3237.863 -3110.669 -2424.5452 -2968.6707 -3049.237 -2078.311 -431.2317 1368.5211 2650.6348 2911.569 2894.9524 2865.747 2762.5212 2536.5325 1809.7229 1369.931 1380.7068 2823.3489 2535.1226 2797.5676 2786.4897 2773.8005 2761.917 2750.3357 2738.5527 2726.77 2714.685 2701.9958 2475.1006 643.8263 -2863.2292 2712.3687 2735.9343 2757.4858 2777.7283 2797.0642 2816.2993 2834.1248 2852.4536 2869.9768 2887.1978 3289.4255 -1775.18 -2054.4434 -2262.2039 -1099.1272 663.16223 2359.085 2916.7053 2903.6133 2890.4204 2876.9255 2863.2292 2849.7344 2833.8225 2818.8171 2807.437 2797.5676 2780.6487 2771.585 2758.6943 2746.3074 2734.323 2722.6409 2711.0596 2699.2766 2687.1917 2670.2727 1649.5972 -261.33728 3119.5312 2700.0823 2724.8564 2747.0122 2767.6575 
-1612.4359 -1096.8109 1403.7689 3114.7979 3299.8992 3299.8992 3299.8992 3299.8992 3299.8992 3299.8992 3299.8992 3299.8992 3299.8992 3299.8992 3299.8992 3299.8992 2528.8787 1213.5315 -173.01636 -1345.3583 -2302.588 -2932.315 -2918.921 -2905.9294 -2893.1396 -2880.6519 -2867.8618 -2855.1726 -2833.319 -2098.4526 -1760.5774 -1878.8086 -2040.9485 -2082.7422 -2179.6233 -2552.243 -2613.5742 -2377.716 -1736.0046 -1383.728 -1036.4868 -562.0514 1829.6631 3299.8992 3299.8992 3299.8992 3299.8992 3299.8992 3299.8992 3299.8992 3299.8992 3299.8992 3299.8992 3299.8992 3299.8992 3299.8992 2672.1863 1351.8036 -108.36182 -1369.3268 -2327.5635 -2946.7163 -2933.6243 -2920.7336 -2907.843 -2895.4558 -2882.5652 -2869.9768 -2799.0784 -2013.9587 -1684.9457 -1787.0636 -2001.3702 -2138.8367 -2365.2283 -2684.4727 -2746.5088 -2456.4697 -2054.141 -1708.4106 -1658.0566 -1372.0459 1150.0854 3027.5847 3299.8992 3299.8992 3299.8992 3299.8992 3299.8992 3299.8992 3299.8992 3299.8992 3299.8992 3299.8992 3299.8992 3299.8992 2680.3435 1372.348 32.83081 -758.2306 -1886.261 -2953.0608 -2939.9688 -2926.8767 -2913.986 -2901.0955 -2888.6077 -2876.1199 -2863.632 -2578.8298 -2164.0137 -2198.1536 -2238.4368 -2288.8916 -2367.041 -2699.8809 -2779.541 -2611.3586 -2203.7932 -1787.265 -1393.5974 -908.48694 1726.7395 3108.252 3299.8992 3299.8992 3299.8992 3299.8992 3299.8992 3299.8992 3299.8992 3299.8992 3299.8992 3299.8992 3299.8992 3299.8992 2361.7034 1002.74963 -259.52454 -1495.9167 -2589.3035 -2943.5942 -2930.7036 -2917.7124 -2904.9224 -2892.5354 -2879.6448 -2867.0562 -2854.6692 -2108.2214 -1353.8177 -1445.9656 -1650.8057 -1892.7063 -2032.1869 -2313.263 -2530.5908 -2448.413 -2201.0742 -1943.4631 -1567.5201 -1109.6008 1219.574 2567.752 3299.8992 3299.8992 3299.8992 3299.8992 3299.8992 3299.8992 3299.8992 3299.8992 3299.8992 3299.8992 3299.8992 3299.8992 2907.138 1616.7664 580.6824 -797.1039 -1993.8171 -2960.5132 -2947.3206 -2934.2285 -2921.338 -2908.85 -2895.8586 -2883.2703 -2870.6816 -2272.9797 -1824.1241 -1918.8904 -2384.6648 -2502.896 -2570.0684 -2800.891 -2788.9067 -2732.913 -2447.9094 -2020.8069 
3224.1667 3239.0715 3254.2786 3269.4854 3283.9873 3298.6907 -3286.3037 -3271.8018 -3257.6018 -3243.2007 -3228.6987 -3214.801 -3200.702 -3186.7034 -3173.007 3267.7734 3299.8992 3299.8992 3299.8992 3299.8992 3299.8992 3299.8992 3299.8992 3299.8992 3296.878 3282.074 3267.0684 3251.9622 3238.0645 3223.764 3209.8662 3195.868 3181.9702 3167.6697 3153.067 -996.405 3160.62 3176.4312 3191.8396 3207.2478 3222.4548 3237.561 3252.4658 3267.1692 3282.4768 3297.2808 -3288.5193 -3273.6145 -3259.1125 -3244.6106 -3230.31 -3216.4124 -3202.1118 -3188.214 -3174.417 1992.4072 3299.8992 3299.8992 3299.8992 3299.8992 3299.8992 3299.8992 3299.8992 3299.8992 3297.6836 3283.1816 3267.9749 3252.9692 3238.87 3224.8718 3210.7727 3196.7742 3182.8765 3168.7773 3153.8726 -795.0897 3160.7207 3176.532 3192.1416 3207.4492 3222.6562 3237.7625 3252.6672 3267.6726 3282.2754 3296.9788 -3287.915 -3273.413 -3259.2131 -3244.812 -3230.612 -3216.3115 -3202.1118 -3188.3147 -3174.5178 1294.7021 3299.8992 3299.8992 3299.8992 3299.8992 3299.8992 3299.8992 3299.8992 3299.8992 3299.3958 3284.6924 3269.5862 3254.5806 3240.6829 3226.4832 3212.1826 3198.285 3184.2864 3170.288 3155.8867 250.86365 3158.7065 3174.6184 3190.1274 3205.536 3220.7427 3235.9497 3250.8545 3265.6584 3280.8655 3295.5688 -3290.0298 -3275.2258 -3260.623 -3246.222 -3231.8206 -3217.8223 -3203.6223 -3189.5232 -3175.827 507.9712 3299.8992 3299.8992 3299.8992 3299.8992 3299.8992 3299.8992 3299.8992 3299.8992 3299.295 3284.491 3270.291 3254.8828 3240.4814 3226.4832 3212.1826 3198.184 3184.2864 3170.3887 3155.6853 926.5137 3156.189 3171.8994 3187.509 3202.8167 3218.225 3233.2305 3248.639 3263.745 3278.247 3293.051 -3291.8425 -3277.3406 -3263.1409 -3248.538 -3234.2375 -3220.1384 -3206.0393 -3192.1416 -3178.244 -350.56458 3299.8992 3299.8992 3299.8992 3299.8992 3299.8992 3299.8992 3299.8992 3299.8992 3299.5972 3284.9944 3269.7876 3254.782 3240.7837 3226.5837 3212.5854 3198.4863 3184.5886 3170.59 3155.9875 1495.5139 3154.3762 3170.1873 3185.8977 3201.004 
3200.601 3216.8152 3232.6262 3249.0417 3265.2556 3281.1675 3296.9788 -3287.3108 -3271.8018 -3256.2927 -3241.0857 -3225.879 -3210.8733 -3195.9685 -3181.366 1346.6675 3299.8992 3299.8992 3299.8992 3299.8992 3299.8992 3299.8992 3299.8992 3298.1873 3282.2754 3266.565 3250.8545 3235.3455 3219.4336 3204.5288 3189.624 3174.417 3159.3108 3144.2046 3128.595 -24.169922 3132.8247 3149.7437 3166.4612 3182.9773 3199.3926 3215.808 3232.2234 3248.236 3264.2485 3280.1604 3295.9717 -3288.4185 -3272.9094 -3257.5012 -3241.9922 -3226.9866 -3211.8804 -3196.9756 -3182.2722 862.7655 3299.8992 3299.8992 3299.8992 3299.8992 3299.8992 3299.8992 3299.8992 3299.1943 3283.484 3267.7734 3252.063 3236.3525 3220.642 3205.536 3190.631 3175.525 3160.4187 3145.3125 3129.904 463.86108 3131.1125 3148.1323 3164.8499 3181.366 3197.882 3214.1968 3230.612 3246.6248 3262.6372 3278.549 3294.3604 -3290.0298 -3274.4202 -3258.8103 -3243.6035 -3228.3965 -3213.391 -3198.4863 -3183.6821 327.50244 3299.8992 3299.8992 3299.8992 3299.8992 3299.8992 3299.8992 3299.8992 3299.8992 3284.1887 3268.579 3252.8687 3237.2588 3221.347 3206.543 3191.5374 3176.4312 3161.325 3146.1182 3130.9111 1097.7173 3128.2927 3145.3125 3162.03 3178.4453 3195.0623 3211.377 3227.2888 3243.805 3260.0188 3275.83 3291.742 -3292.4468 -3276.9377 -3261.6301 -3246.222 -3231.1157 -3216.0095 -3201.004 -3186.3005 -4.5318604 3299.8992 3299.8992 3299.8992 3299.8992 3299.8992 3299.8992 3299.8992 3299.0935 3283.5845 3267.874 3252.1636 3236.554 3220.5413 3205.7373 3190.631 3175.7263 3160.5193 3145.413 3130.2063 1484.6375 3125.171 3142.2913 3159.1094 3175.6255 3192.041 3208.3557 3224.2676 3240.6829 3256.897 3272.9094 3288.6199 3299.8992 -3279.959 -3264.5508 -3249.0417 -3233.8347 -3218.8293 -3203.8237 -3189.1204 -811.0016 3299.8992 3299.8992 3299.8992 3299.8992 3299.8992 3299.8992 3299.8992 3299.7986 3284.2896 3268.579 3252.7678 3237.2588 3221.347 3206.3416 3191.336 3176.2297 3161.325 3146.1182 3130.9111 1776.2878 3124.3652 3141.0828 3157.6995 3174.3164 
3214.2974 3230.612 3246.4233 3262.8386 3278.952 3294.5618 -3289.5264 -3273.9165 -3258.307 -3243.0999 -3227.7922 -3212.686 -3197.5798 -3182.776 -3168.274 2782.1594 3299.8992 3299.8992 3299.8992 3299.8992 3299.8992 3299.8992 3299.8992 3299.8992 3292.1448 3276.3335 3260.5225 3244.7112 3229.5044 3213.391 3198.4863 3183.6821 3168.4753 3153.1677 3137.4573 -1284.732 3148.0315 3164.8499 3181.366 3197.9827 3214.1968 3230.4106 3246.222 3262.6372 3278.7505 3294.5618 -3289.7278 -3274.0173 -3258.4075 -3243.2007 -3227.9937 -3212.7869 -3197.882 -3183.078 -3168.274 1957.663 3299.8992 3299.8992 3299.8992 3299.8992 3299.8992 3299.8992 3299.8992 3299.8992 3294.3604 3278.7505 3262.8386 3247.1282 3231.72 3215.6067 3200.601 3185.6963 3170.691 3155.3833 3139.6729 -546.54236 3146.823 3163.742 3180.359 3196.7742 3213.0889 3229.4036 3245.2148 3261.6301 3277.6428 3293.5547 -3290.7349 -3274.9236 -3259.5154 -3244.107 -3228.9001 -3213.693 -3198.7883 -3183.9844 -3169.3816 1478.0914 3299.8992 3299.8992 3299.8992 3299.8992 3299.8992 3299.8992 3299.8992 3299.8992 3295.0652 3279.2542 3263.3423 3247.7324 3232.1228 3216.11 3201.2053 3186.3005 3171.0938 3155.9875 3140.3777 60.827637 3144.8088 3161.6272 3178.3447 3194.76 3211.1755 3227.3894 3243.2007 3259.7168 3275.6287 3291.5405 3299.8992 -3276.9377 -3261.4287 -3246.121 -3230.8135 -3215.6067 -3200.702 -3185.8977 -3171.2952 537.1765 3299.8992 3299.8992 3299.8992 3299.8992 3299.8992 3299.8992 3299.8992 3299.8992 3295.9717 3280.3618 3264.45 3248.7395 3233.2305 3217.1172 3202.2124 3187.4084 3172.1008 3156.9946 3141.5862 836.0779 3142.0898 3158.908 3175.6255 3192.1416 3208.4563 3224.771 3240.7837 3257.0984 3273.1108 3289.1235 3299.8992 -3279.5562 -3263.8457 -3248.538 -3233.2305 -3218.0237 -3202.9175 -3188.3147 -3173.41 -26.889038 3299.8992 3299.8992 3299.8992 3299.8992 3299.8992 3299.8992 3299.8992 3299.8992 3295.6694 3279.7576 3263.8457 3248.1353 3232.727 3216.6138 3201.709 3186.8042 3171.698 3156.491 3141.0828 975.15564 3141.0828 3158.1023 3174.7192 3191.034 
3205.9387 3221.8506 3237.6616 3253.473 3269.0825 3284.8938 3299.8992 -3284.0881 -3268.6797 -3253.6743 -3238.2659 -3223.2605 -3208.4563 -3193.5515 -3178.949 2769.873 3299.8992 3299.8992 3299.8992 3299.8992 3299.8992 3299.8992 3299.8992 3299.8992 3284.8938 3269.3848 3253.8757 3238.7695 3223.6633 3208.5571 3193.2495 3178.8481 3164.447 3150.1465 3135.443 217.02576 3138.6658 3155.3833 3171.7986 3187.8113 3203.8237 3219.8364 3235.6475 3251.4587 3267.0684 3282.7788 3298.3887 -3286.203 -3270.8953 -3255.487 -3240.28 -3225.1738 -3210.1685 -3195.2637 -3180.661 1816.7725 3299.8992 3299.8992 3299.8992 3299.8992 3299.8992 3299.8992 3299.8992 3299.8992 3285.0952 3269.5862 3253.9763 3238.971 3223.764 3208.7585 3193.451 3179.0496 3164.749 3150.348 3135.745 694.5831 3137.3564 3153.9734 3170.3887 3186.502 3202.6152 3218.628 3234.439 3250.1494 3265.9607 3281.6711 3297.1802 -3287.4114 -3272.2046 -3256.7961 -3241.5894 -3226.3823 -3211.377 -3196.5728 -3181.9702 721.37146 3299.8992 3299.8992 3299.8992 3299.8992 3299.8992 3299.8992 3299.8992 3299.8992 3286.203 3270.5933 3255.1848 3239.978 3224.8718 3209.8662 3194.3572 3180.1575 3165.6555 3151.355 3136.7522 1478.2928 3135.6445 3152.2612 3168.576 3184.9915 3200.9033 3217.0166 3232.8276 3248.639 3264.3494 3279.959 3295.5688 -3288.922 -3273.6145 -3258.206 -3242.9993 -3227.893 -3212.8875 -3198.0835 -3183.2793 279.1626 3299.8992 3299.8992 3299.8992 3299.8992 3299.8992 3299.8992 3299.8992 3299.8992 3285.8 3270.3918 3254.8828 3239.5752 3224.469 3209.5642 3194.1558 3179.6538 3165.3533 3150.9521 3136.4502 2070.758 3132.9253 3149.5422 3165.9575 3182.2722 3198.285 3214.2974 3230.2092 3246.121 3261.731 3277.4414 3292.9504 -3291.5405 -3276.132 -3260.8245 -3245.5168 -3230.5115 -3215.5059 -3200.601 -3185.797 -1034.8755 3299.8992 3299.8992 3299.8992 3299.8992 3299.8992 3299.8992 3299.8992 3299.8992 3286.5051 3270.996 3255.487 3240.28 3225.1738 3210.3699 3194.8608 3180.4595 3166.0583 3151.657 3137.0544 2380.9387 3132.1196 3148.938 3165.2527 3181.5674 

3193.5515 3208.96 3224.1667 3239.7766 3254.2786 3269.4854 3283.9873 3298.6907 -3286.4043 -3271.9023 -3257.8032 -3243.402 -3229.2021 -3215.0024 -3200.702 -1971.7621 2611.0564 3299.8992 3299.8992 3299.8992 3299.8992 3299.8992 3299.8992 3299.8992 3288.3179 3273.715 3259.314 3244.7112 3229.8064 3215.6067 3201.3062 3187.0056 3172.9065 3158.7065 3144.3054 2025.3387 -1134.0729 3143.9026 3159.5122 3175.3235 3190.8325 3206.1401 3221.8506 3236.4531 3252.1636 3267.0684 3281.8726 3296.2737 -3289.0227 -3274.5208 -3259.8174 -3245.5168 -3231.5186 -3217.3186 -3202.9175 -2329.4768 2279.6265 3299.8992 3299.8992 3299.8992 3299.8992 3299.8992 3299.8992 3299.8992 3288.217 3274.0173 3258.9111 3244.2078 3229.9072 3215.9087 3201.6082 3187.0056 3172.6042 3158.4045 3144.3054 2232.495 -826.81274 -3253.1707 3156.6924 3172.6042 3188.1133 3203.119 3219.0308 3233.6333 3249.2432 3264.2485 3279.0527 3293.5547 -3291.742 -3276.9377 -3262.6372 -3248.3367 -3234.137 -3220.0378 -3205.7373 -2805.1208 1404.1718 3299.8992 3299.8992 3299.8992 3299.8992 3299.8992 3299.8992 3299.8992 3291.2383 3276.6357 3261.9324 3247.229 3232.8276 3218.527 3204.2266 3189.8254 3175.6255 3161.4258 3146.823 2412.9639 -709.5886 -3124.5667 3157.901 3173.3093 3189.0198 3204.5288 3219.635 3234.3384 3249.8474 3264.8528 3279.5562 3294.159 -3291.0369 -3276.535 -3262.1338 -3247.7324 -3233.3313 -3219.1313 -3205.0322 -2899.887 1451.9073 3299.8992 3299.8992 3299.8992 3299.8992 3299.8992 3299.8992 3299.8992 3291.9434 3277.542 3262.8386 3248.0347 3233.8347 3219.3328 3205.133 3190.631 3176.2297 3162.03 3147.6287 2607.9346 -472.9248 -3024.2615 3156.6924 3172.3022 3187.6099 3203.3203 3218.527 3233.2305 3248.8403 3263.745 3278.247 3293.3533 -3291.9434 -3277.6428 -3262.9395 -3248.639 -3234.3384 -3220.4407 -3206.1401 -2973.4038 1311.319 3299.8992 3299.8992 3299.8992 3299.8992 3299.8992 3299.8992 3299.8992 3291.9434 3277.3406 3262.738 3247.9338 3233.3313 3219.2322 3204.9316 3190.631 3176.1292 3162.03 3147.6287 2745.3003 -321.45996 -3012.4785 3154.8796 3170.691 3186.3005 3201.9104 3217.1172 3231.72 3247.3296 3262.3352 3277.24 3291.9434 3299.8992 -3278.8513 -3264.3494 -3250.0488 -3235.8489 -3221.8506 -3207.55 -3130.307 890.7623 3299.8992 3299.8992 3299.8992 
3299.8992 3299.8992 3299.8992 3299.8992 3299.8992 3299.8992 3299.8992 3290.1306 3274.9236 3259.7168 3244.9126 3230.1086 3215.7073 3201.4067 3187.1062 2703.4058 3186.099 3202.5146 3218.7285 3234.7412 3250.5522 3266.0613 3281.6711 3297.0793 -3287.7136 -3272.3052 -3257.4004 -3242.4956 -3227.7922 -3213.0889 -3198.4863 -3183.9844 -3169.6838 -3155.484 -3141.2842 -3127.487 3299.8992 3299.8992 3299.8992 3299.8992 3299.8992 3299.8992 3299.8992 3299.8992 3299.8992 3299.8992 3299.8992 3292.044 3276.6357 3261.5295 3246.6248 3231.8206 3217.3186 3203.018 3188.7175 3173.9136 3185.3943 3201.9104 3218.1243 3234.0361 3249.8474 3265.457 3280.966 3296.3745 -3288.3179 -3273.0103 -3257.904 -3243.0999 -3228.296 -3213.4917 -3198.9897 -3184.4878 -3170.1873 -3155.9875 -3141.989 -3127.9907 3299.8992 3299.8992 3299.8992 3299.8992 3299.8992 3299.8992 3299.8992 3299.8992 3299.8992 3299.8992 3299.8992 3293.756 3278.4485 3263.2415 3248.3367 3233.5327 3219.0308 3204.7302 3190.5303 3176.0283 3184.8906 3201.4067 3217.6208 3233.6333 3249.3438 3264.9536 3280.4626 3295.9717 -3288.7207 -3273.5137 -3258.5083 -3243.6035 -3228.7993 -3213.9954 -3199.3926 -3184.9915 -3170.691 -3156.3904 -3142.3918 -3128.4941 3299.8992 3299.8992 3299.8992 3299.8992 3299.8992 3299.8992 3299.8992 3299.8992 3299.8992 3299.8992 3299.8992 3295.3674 3280.0598 3264.9536 3249.948 3235.144 3220.5413 3206.1401 3191.9402 3177.7405 3183.9844 3200.299 3216.513 3232.5256 3248.3367 3264.047 3279.4556 3294.8638 -3289.7278 -3274.5208 -3259.4146 -3244.4092 -3229.7058 -3214.9016 -3200.299 -3185.797 -3171.4966 -3157.2966 -3143.1975 -3129.2998 3299.8992 3299.8992 3299.8992 3299.8992 3299.8992 3299.8992 3299.8992 3299.8992 3299.8992 3299.8992 3299.8992 3296.576 3281.1675 3265.9607 3250.955 3236.2517 3221.7498 3207.1472 3193.048 3178.949 3182.5745 3199.0906 3215.3044 3231.4177 3247.229 3262.8386 3278.0457 3293.8567 -3290.8354 -3275.6287 -3260.5225 -3245.5168 -3230.612 -3216.11 -3201.3062 -3186.9048 -3172.6042 -3158.3037 -3144.2046 -3130.4077 3299.8992 3299.8992 3299.8992 3299.8992 3299.8992 3299.8992 3299.8992 3299.8992 3299.8992 3299.8992 3299.8992 3297.885 3282.6782 3267.4712 3252.365 3237.6616 3223.059 3208.5571 3194.3572 3180.1575 3181.9702 3198.4863 3214.7002 3230.713 
2787.2954 2806.027 2824.7588 2842.282 2860.0066 2877.5298 -2572.8882 -718.0481 -1183.2184 -1655.6396 -844.43665 831.0425 2476.9133 2889.5142 2876.422 2863.33 2850.0366 2836.441 2822.644 2803.711 1693.7073 1839.1296 2778.9368 2761.1113 2750.537 2740.265 2726.77 2715.088 2705.8228 2694.4426 2682.8613 2671.0784 2658.792 2252.8381 1181.3049 -1978.9124 2668.2585 2697.061 2721.6338 2743.8904 2764.6362 2783.8713 2802.7039 2821.5361 2839.4622 2856.784 3218.225 -1654.0283 -2620.12 -3177.1362 -2266.1316 -234.54895 1583.3313 2906.1309 2893.0388 2880.1482 2866.5527 2852.957 2839.1602 2822.2412 2588.1958 2526.663 2788.202 2775.714 2763.327 2750.537 2737.848 2725.8635 2714.4836 2702.7007 2691.1194 2679.0344 2666.748 2196.8445 373.22388 -2616.0918 2684.5732 2710.8582 2734.1216 2755.673 2775.714 2795.2515 2813.379 2832.0098 2849.8352 2867.0562 3211.5784 -1532.9773 -1603.3722 -2178.8176 -740.00244 1034.7748 2696.759 2888.1042 2875.1128 2862.0208 2848.7273 2835.5347 2821.637 2805.1208 2457.376 2226.3518 2772.4915 2755.4717 2245.1843 2733.2153 2721.936 2710.153 2701.1902 2690.1123 2678.7322 2666.9495 2654.4617 2158.374 395.9839 -2451.8372 2671.9849 2699.9817 2724.2522 2746.3074 2766.8518 2786.087 2805.3223 2823.2483 2841.1743 2858.798 3083.7798 -1771.8567 -1655.6396 -2354.956 -1738.2202 41.99524 1008.7921 2552.948 2888.3057 2875.2136 2861.9202 2848.3245 2833.621 2817.9106 2530.2886 2396.6492 2784.5764 2768.2617 2756.4788 2745.0989 2734.4238 2722.5403 2710.6567 2699.176 2687.6953 2675.8118 2663.626 2549.826 930.9448 -1928.5583 2671.6826 2699.9817 2724.353 2746.3074 2766.9524 2786.1877 2804.9194 2823.6511 2841.5771 2858.9995 2891.1255 -2211.8499 -1808.313 -2588.3972 -2171.6675 -399.00513 1380.0018 2906.5337 2893.643 2880.4504 2867.459 2853.662 2840.0664 2823.6511 2664.9353 2542.575 2788.202 2772.8943 2760.3057 2749.6306 2736.5386 2723.4465 2662.9211 2702.2979 2691.1194 2679.2358 2666.9495 2480.0354 949.4751 -1633.3832 2673.0925 2701.0894 2725.36 2747.3145 2767.9595 2787.799 2806.128 2824.9602 2842.7856 2860.208 3103.8208 -1720.1935 -1246.2616 -2111.444 -1949.0021 -300.31128 1353.717 2895.2544 2885.385 2872.5952 2858.798 2845.404 2829.895 2813.9832 
-1663.5956 -1165.2924 1206.0791 2521.1243 3299.8992 3299.8992 3299.8992 3299.8992 3299.8992 3299.8992 3299.8992 3299.8992 3299.8992 3299.8992 3299.8992 3299.8992 3095.5627 1854.2358 545.8374 -809.9945 -2208.2244 -2957.492 -2944.4 -2931.2073 -2918.3167 -2905.8289 -2892.9382 -2880.3496 -2867.8618 -2260.2905 -1735.8032 -1755.8441 -1842.6544 -1951.0162 -1739.7308 -1958.67 -2188.7878 -2076.2969 -1857.5592 -1523.7122 -1154.1138 -728.2196 1531.7688 2668.7622 3299.8992 3299.8992 3299.8992 3299.8992 3299.8992 3299.8992 3299.8992 3299.8992 3299.8992 3299.8992 3299.8992 3299.8992 2874.71 1538.8184 122.058105 -1204.8706 -2349.7192 -2975.3174 -2962.2253 -2949.1333 -2936.0413 -2923.5535 -2910.6628 -2897.9736 -2885.4858 -2504.2053 -2006.3049 -2018.9941 -2088.986 -2176.8035 -2265.225 -2398.6633 -2807.3364 -2793.6401 -2522.5342 -2086.1663 -1646.6766 -1232.8674 983.6151 2222.4243 3299.8992 3299.8992 3299.8992 3299.8992 3299.8992 3299.8992 3299.8992 3299.8992 3299.8992 3299.8992 3299.8992 3299.8992 3071.5942 1823.822 530.32837 -770.7184 -1976.294 -2972.3967 -2959.3047 -2946.2126 -2933.322 -2920.6328 -2907.7422 -2895.053 -2882.5652 -2508.737 -1858.1635 -1866.4215 -1980.6244 -2095.5322 -2147.699 -2416.4885 -2790.619 -2774.1028 -2239.1418 -1913.15 -1539.4226 -1255.3253 911.00464 1988.3789 3299.8992 3299.8992 3299.8992 3299.8992 3299.8992 3299.8992 3299.8992 3299.8992 3299.8992 3299.8992 3299.8992 3299.8992 3190.8325 1894.8212 567.2882 -801.53503 -2010.5347 -2927.0781 -2960.8154 -2947.7234 -2934.732 -2922.1436 -2909.152 -2896.5637 -2884.076 -2313.6658 -1575.9796 -1604.9835 -1812.7441 -1949.1028 -2046.7896 -2287.2803 -2549.7253 -2455.4626 -2213.562 -1942.0532 -1839.4318 -1502.4628 799.823 1877.9022 3299.8992 3299.8992 3299.8992 3299.8992 3299.8992 3299.8992 3299.8992 3299.8992 3299.8992 3299.8992 3299.8992 3299.8992 3299.8992 2221.4172 850.2777 -629.32434 -1784.2438 -2877.832 -2970.9868 -2957.7942 -2944.8027 -2932.2144 -2919.1223 -2906.3323 -2893.8445 -2655.368 -1969.2444 -1857.962 -1964.914 -2103.3875 -2226.2512 -2445.8953 -2782.1594 -2679.0344 -2344.6838 -1968.2373 -1565.506 -1130.0446 1147.1649 2080.426 3299.8992 3299.8992 3299.8992 3299.8992 3299.8992 3299.8992 3299.8992 3299.8992 3299.8992 3299.8992 3299.8992 3299.8992 3160.8215 1844.7693 521.26465 -784.4147 
3216.4124 3231.6191 3246.6248 3261.3281 3276.6357 3291.339 3299.8992 -3279.3547 -3264.7522 -3250.4517 -3235.9497 -3221.7498 -3207.55 -3193.753 -3180.0566 -1249.4843 3299.8992 3299.8992 3299.8992 3299.8992 3299.8992 3299.8992 3299.8992 3299.8992 3299.6978 3284.8938 3270.5933 3255.2856 3240.8843 3226.6846 3212.686 3198.6877 3184.6892 3170.59 3156.189 2013.9587 3152.2612 3168.274 3183.6821 3199.0906 3214.4988 3229.5044 3244.812 3259.9182 3274.5208 3289.325 3299.8992 -3281.067 -3266.867 -3252.365 -3238.0645 -3223.6633 -3209.5642 -3195.6665 -3181.5674 -1982.3364 3299.8992 3299.8992 3299.8992 3299.8992 3299.8992 3299.8992 3299.8992 3299.8992 3299.8992 3286.1023 3270.996 3255.89 3241.9922 3227.5908 3213.5925 3199.594 3185.6963 3171.698 3157.2966 2515.8875 3150.8513 3166.7632 3182.2722 3197.7812 3212.8875 3228.195 3242.9993 3257.904 3273.3123 3288.1165 3299.8992 -3282.7788 -3268.0754 -3253.5735 -3239.3738 -3224.9724 -3210.8733 -3196.7742 -3183.078 -2573.4924 3299.8992 3299.8992 3299.8992 3299.8992 3299.8992 3299.8992 3299.8992 3299.8992 3299.8992 3286.5051 3272.1038 3256.6956 3242.2942 3228.0945 3214.1968 3199.9968 3186.099 3171.8994 3157.6995 2756.5796 3149.3408 3165.2527 3180.9631 3196.5728 3211.7798 3226.886 3242.1936 3257.4004 3271.9023 3286.7065 3299.8992 -3283.5845 -3269.3848 -3254.6814 -3240.4814 -3226.3823 -3212.0818 -3198.0835 -3183.9844 -2981.964 3299.8992 3299.8992 3299.8992 3299.8992 3299.8992 3299.8992 3299.8992 3299.8992 3299.8992 3288.1165 3273.1108 3257.904 3244.0063 3229.8064 3215.5059 3201.5076 3187.6099 3173.6113 3159.3108 3054.071 3147.931 3164.0442 3179.6538 3195.1628 3210.4705 3225.6775 3240.6829 3255.3862 3270.6938 3285.5986 3299.8992 -3285.1958 -3270.6938 -3256.0913 -3241.69 -3227.3894 -3213.391 -3199.292 -3185.3943 -3164.5476 3299.8992 3299.8992 3299.8992 3299.8992 3299.8992 3299.8992 3299.8992 3299.8992 3299.8992 3287.8142 3273.413 3258.1055 3243.704 3229.7058 3215.3044 3201.2053 3187.4084 3173.3093 3159.1094 3139.4714 3145.3125 3161.2244 3177.1362 3192.4438 3207.7515 3222.9583 3238.3667 3253.473 3268.0754 3282.8796 3297.9858 -3287.3108 -3273.0103 -3258.4075 -3244.3083 -3230.0078 -3215.808 -3201.5076 -3187.8113 -3174.0142 3299.8992 3299.8992 3299.8992 3299.8992 
3190.7317 3207.1472 3223.059 3239.4744 3255.789 3271.6003 3287.5122 3299.8992 -3281.067 -3265.6584 -3250.3508 -3235.144 -3220.0378 -3204.9316 -3190.1274 -1136.3892 3299.8992 3299.8992 3299.8992 3299.8992 3299.8992 3299.8992 3299.8992 3299.8992 3284.5916 3268.881 3253.1707 3237.6616 3221.6492 3206.6436 3191.7388 3176.6326 3161.5264 3146.521 3131.314 2185.3638 -3103.418 3138.565 3155.2825 3171.8994 3188.4155 3204.7302 3221.2463 3237.3596 3253.372 3269.284 3285.0952 3299.8992 -3283.383 -3267.874 -3252.4658 -3237.2588 -3222.2534 -3207.1472 -3192.2424 -1807.4066 3299.8992 3299.8992 3299.8992 3299.8992 3299.8992 3299.8992 3299.8992 3299.8992 3286.1023 3270.4924 3254.6814 3239.0715 3223.059 3208.1543 3193.2495 3178.1433 3163.037 3148.0315 3132.8247 2535.6262 -2780.4473 3137.6587 3154.3762 3170.993 3187.509 3203.9246 3220.3398 3236.4531 3252.5664 3268.3777 3284.2896 3299.8992 -3284.1887 -3268.6797 -3253.372 -3238.0645 -3222.8577 -3208.0535 -3193.048 -2028.0579 3299.8992 3299.8992 3299.8992 3299.8992 3299.8992 3299.8992 3299.8992 3299.8992 3286.4043 3270.5933 3254.8828 3239.273 3223.361 3208.4563 3193.451 3178.3447 3163.339 3148.233 3133.0261 2765.744 -2339.3462 3135.2417 3152.0598 3168.7773 3185.1929 3201.6082 3218.1243 3234.137 3250.2502 3266.162 3282.2754 3297.885 -3286.4043 -3270.8953 -3255.487 -3240.1794 -3225.0732 -3210.0676 -3195.1628 -2371.3713 3299.8992 3299.8992 3299.8992 3299.8992 3299.8992 3299.8992 3299.8992 3299.8992 3286.5051 3270.8953 3255.1848 3239.5752 3223.5625 3208.6577 3193.753 3178.6467 3163.5405 3148.4343 3133.2275 2936.1418 -1865.3137 3132.8247 3149.7437 3166.3604 3182.776 3199.1912 3215.103 3231.6191 3247.8333 3263.8457 3279.7576 3295.6694 -3288.7207 -3273.3123 -3257.7026 -3242.4956 -3227.3894 -3212.2832 -3197.3784 -2635.8306 3299.8992 3299.8992 3299.8992 3299.8992 3299.8992 3299.8992 3299.8992 3299.8992 3286.203 3270.5933 3254.8828 3239.273 3223.2605 3208.255 3193.2495 3178.1433 3163.1377 3148.0315 3133.0261 3067.0623 -1545.6665 3130.7097 3147.4272 3164.1448 3180.661 3196.9756 3212.8875 3229.303 3245.6177 3261.731 3277.6428 3293.4539 -3290.9363 -3275.3264 -3259.8174 -3244.5098 -3229.303 -3214.2974 -3199.4934 -2954.0679 2968.872 3299.8992 3299.8992 3299.8992 
3207.3486 3223.764 3239.8772 3256.0913 3272.0032 3287.915 3299.8992 -3280.5632 -3265.0542 -3249.5452 -3234.3384 -3219.1313 -3204.126 -3189.2212 -3174.6184 -712.912 3299.8992 3299.8992 3299.8992 3299.8992 3299.8992 3299.8992 3299.8992 3299.8992 3296.7773 3280.966 3265.155 3249.4446 3233.7341 3217.8223 3202.8167 3187.9119 3172.8057 3157.5989 3142.2913 1693.3044 3138.565 3155.3833 3172.1008 3188.516 3204.9316 3221.1455 3237.6616 3253.775 3269.5862 3285.5986 3299.8992 -3282.8796 -3267.3706 -3251.9622 -3236.554 -3221.4478 -3206.2407 -3191.4368 -3176.7334 -1396.518 3299.8992 3299.8992 3299.8992 3299.8992 3299.8992 3299.8992 3299.8992 3299.8992 3296.9788 3281.2683 3265.3564 3249.646 3234.0361 3218.0237 3203.119 3188.214 3173.108 3157.901 3142.5933 1993.1122 3137.4573 3154.3762 3170.993 3187.509 3203.9246 3220.1384 3236.554 3252.6672 3268.579 3284.5916 3299.8992 -3283.8867 -3268.3777 -3252.8687 -3237.4602 -3222.354 -3207.3486 -3192.4438 -3177.6396 -1792.4011 3299.8992 3299.8992 3299.8992 3299.8992 3299.8992 3299.8992 3299.8992 3299.8992 3297.6836 3281.7717 3266.0613 3250.2502 3234.6404 3218.628 3203.7231 3188.8184 3173.7122 3158.5051 3143.2983 2575.2043 3133.731 3150.65 3167.3674 3183.783 3200.1982 3216.4124 3232.9285 3248.8403 3264.9536 3280.966 3296.7773 -3287.5122 -3271.8018 -3256.3933 -3240.985 -3225.879 -3210.7727 -3195.767 -3181.0637 -2415.8843 3299.8992 3299.8992 3299.8992 3299.8992 3299.8992 3299.8992 3299.8992 3299.8992 3297.2808 3281.5703 3265.7593 3250.0488 3234.3384 3218.225 3203.3203 3188.516 3173.3093 3158.2031 3142.996 2662.317 3132.5225 3149.5422 3166.2598 3182.675 3199.1912 3215.4053 3231.72 3247.8333 3263.9465 3279.8584 3295.6694 -3288.4185 -3273.0103 -3257.4004 -3242.0928 -3226.7852 -3211.679 -3196.7742 -3182.1716 -2648.5198 3299.8992 3299.8992 3299.8992 3299.8992 3299.8992 3299.8992 3299.8992 3299.8992 3297.583 3281.8726 3265.9607 3250.2502 3234.6404 3218.527 3203.5217 3188.617 3173.6113 3158.606 3143.2983 2967.16 -3264.2485 3147.0244 3163.8428 3180.258 3196.7742 3213.0889 3228.9001 3245.3154 3261.4287 3277.4414 3293.3533 -3290.9363 -3275.2258 -3259.8174 -3244.4092 -3229.0007 -3213.9954 -3199.1912 -3184.2864 -3059.8113 3299.8992 3299.8992 3299.8992 3299.8992 
3197.5798 3213.5925 3229.4036 3245.3154 3261.026 3276.6357 3292.2454 -3292.3462 -3276.8372 -3261.5295 -3246.4233 -3231.2163 -3216.211 -3201.2053 -3186.502 -1890.39 3299.8992 3299.8992 3299.8992 3299.8992 3299.8992 3299.8992 3299.8992 3299.8992 3288.3179 3272.8088 3257.2998 3242.0928 3226.886 3211.9812 3196.5728 3182.1716 3167.7703 3153.2683 3138.7664 2865.042 3130.9111 3147.7295 3164.0442 3180.258 3196.3713 3212.4846 3228.296 3244.107 3259.8174 3275.5278 3291.1377 -3293.4539 -3278.0457 -3262.6372 -3247.3296 -3232.3242 -3217.218 -3202.6152 -3187.7104 -2525.656 3299.8992 3299.8992 3299.8992 3299.8992 3299.8992 3299.8992 3299.8992 3299.8992 3289.5264 3273.9165 3258.5083 3243.2007 3227.9937 3213.0889 3197.6807 3183.1787 3168.7773 3154.3762 3139.9749 3113.6902 3129.1992 3145.9167 3162.4329 3178.7476 3194.76 3210.8733 3226.7852 3242.5964 3258.4075 3274.118 3289.627 -3294.8638 -3279.4556 -3264.148 -3248.8403 -3233.7341 -3218.527 -3203.7231 -3188.919 -2848.0225 3299.8992 3299.8992 3299.8992 3299.8992 3299.8992 3299.8992 3299.8992 3299.8992 3289.627 3274.118 3258.609 3243.3013 3228.195 3213.1897 3197.6807 3183.3801 3169.0796 3154.5776 3140.0757 3124.2644 3126.9836 3143.8018 3160.3179 3176.6326 3192.8467 3208.8591 3224.6704 3240.4814 3256.3933 3272.1038 3287.6128 3299.8992 -3281.5703 -3266.162 -3250.8545 -3235.5469 -3220.642 -3205.7373 -3191.034 -3176.3306 3299.8992 3299.8992 3299.8992 3299.8992 3299.8992 3299.8992 3299.8992 3299.8992 3290.9363 3275.3264 3259.9182 3244.6106 3229.4036 3214.1968 3198.7883 3184.5886 3170.0867 3155.7861 3141.3848 3126.0771 3124.6672 3141.5862 3158.1023 3174.417 3190.5303 3206.543 3222.354 3238.1653 3253.9763 3269.6868 3285.2966 3299.8992 -3283.786 -3268.3777 -3252.9692 -3237.7625 -3222.7568 -3207.7515 -3193.1487 -3178.4453 3299.8992 3299.8992 3299.8992 3299.8992 3299.8992 3299.8992 3299.8992 3299.8992 3290.2312 3274.7222 3259.1125 3243.9055 3228.598 3213.5925 3198.184 3183.8835 3169.3816 3155.081 3140.68 3125.3723 3221.045 3139.4714 3156.0881 3172.4028 3188.516 3204.6294 3220.5413 3236.4531 3252.1636 3267.7734 3283.484 3298.993 -3285.5986 -3270.291 -3254.9834 -3239.6758 -3224.5696 -3209.6648 -3194.76 -3180.1575 3299.8992 3299.8992 3299.8992 3299.8992 

3299.8992 3299.8992 3299.8992 3299.8992 3293.051 3278.65 3263.9465 3249.1423 3234.6404 3220.3398 3206.2407 3191.7388 3177.539 3163.2385 3148.7366 2943.1914 96.47827 -2481.0425 3151.8584 3167.6697 3183.078 3198.587 3213.4917 3229.2021 3243.704 3258.609 3273.5137 3288.217 3299.8992 -3282.4768 -3267.9749 -3253.6743 -3238.971 -3225.2747 -3210.7727 -3197.0764 414.21204 3299.8992 3299.8992 3299.8992 3299.8992 3299.8992 3299.8992 3299.8992 3292.6482 3278.1462 3263.8457 3248.8403 3234.3384 3219.937 3205.7373 3191.7388 3177.0354 3162.9363 3148.6357 3007.2417 174.8291 -2551.941 3151.0527 3166.7632 3182.675 3197.6807 3213.1897 3228.9001 3243.402 3258.7097 3273.5137 3288.3179 3299.8992 -3282.7788 -3268.2769 -3253.5735 -3239.3738 -3225.3752 -3211.1755 -3197.0764 106.34766 3299.8992 3299.8992 3299.8992 3299.8992 3299.8992 3299.8992 3299.8992 3294.058 3279.5562 3265.0542 3250.5522 3235.6475 3221.2463 3207.0464 3192.7458 3178.8481 3164.447 3149.8442 3085.5925 390.14282 -2414.3738 3150.65 3166.3604 3182.0708 3196.9756 3212.4846 3228.195 3242.7979 3258.1055 3272.9094 3287.7136 3299.8992 -3282.9802 -3268.881 -3254.48 -3240.1794 -3225.9795 -3211.4775 -3197.882 -283.19092 3299.8992 3299.8992 3299.8992 3299.8992 3299.8992 3299.8992 3299.8992 3295.8708 3281.5703 3266.7664 3251.9622 3237.4602 3223.2605 3209.1614 
3246.6248 3262.1338 3277.7434 3293.3533 -3291.339 -3276.132 -3261.026 -3246.121 -3231.2163 -3216.6138 -3202.011 -3187.509 -3173.108 -3158.8074 -3144.7083 -3130.8105 3299.8992 3299.8992 3299.8992 3299.8992 3299.8992 3299.8992 3299.8992 3299.8992 3299.8992 3299.8992 3299.8992 3299.6978 3284.3901 3269.0825 3254.0771 3239.273 3224.6704 3210.1685 3195.9685 3181.9702 3180.8623 3197.3784 3213.693 3229.8064 3245.6177 3261.2273 3276.7363 3292.3462 3299.8992 -3277.1392 -3261.8315 -3247.0276 -3232.2234 -3217.4194 -3202.9175 -3188.4155 -3173.9136 -3159.7136 -3145.6145 -3131.7168 3299.8992 3299.8992 3299.8992 3299.8992 3299.8992 3299.8992 3299.8992 3299.8992 3299.8992 3299.8992 3299.8992 3299.8992 3285.498 3270.291 3255.2856 3240.4814 3225.778 3211.377 3197.0764 3182.8765 3179.6538 3196.3713 3212.5854 3228.6987 3244.5098 3260.1196 3275.83 3291.339 3299.8992 -3278.1462 -3263.1409 -3248.1353 -3233.2305 -3218.527 -3203.8237 -3189.4226 -3174.9207 -3160.7207 -3146.6216 -3132.6233 3299.8992 3299.8992 3299.8992 3299.8992 3299.8992 3299.8992 3299.8992 3299.8992 3299.8992 3299.8992 3299.8992 3299.8992 3286.908 3271.701 3256.4941 3241.69 3227.0874 3212.4846 3198.285 3184.1858 3178.6467 3195.465 3211.679 3227.7922 3243.704 3259.4146 3274.9236 3290.332 3299.8992 -3278.952 -3263.8457 -3248.8403 -3234.0361 -3219.2322 -3204.6294 
2434.314 2321.0173 2782.3608 2767.0532 2753.8604 2743.689 2731.8054 2718.512 2708.3403 2696.9604 2685.5803 2673.7976 2661.914 2645.0957 1563.9954 -904.2572 2658.0872 2688.7024 2714.3828 2737.2437 2758.2915 2777.8289 2797.3662 2815.5945 2833.621 2851.4465 2869.0703 -2702.4993 -1993.4143 -2741.1711 -2395.3398 -629.0222 1186.7432 2898.2756 2893.4417 2880.249 2866.9556 2853.4607 2840.1672 2826.773 2810.2568 2795.8557 2787.8997 2774.5056 2758.6943 2748.7244 2735.9343 2722.0366 2712.4695 2701.2908 2689.7095 2677.9265 2665.2373 2317.996 781.2927 -1541.5375 2671.884 2700.183 2724.5544 2746.6094 2767.2546 2786.4897 2805.2214 2824.054 2841.8792 2859.3018 3146.823 -1640.4327 -858.8379 -1647.4823 -1569.5343 -63.848877 1442.1387 2889.5142 2876.6235 2863.5315 2850.6409 2837.0452 2823.5503 2807.3364 1903.3813 1545.6665 2778.7354 2763.8306 2377.4138 2738.855 2727.072 2714.685 2704.4128 2694.5435 2683.1633 2671.3806 2659.497 2640.2617 2087.3748 -177.85034 2668.46 2678.3293 2705.319 2728.9856 2750.537 2771.0815 2790.0146 2809.2498 2827.2766 2845.0012 2862.323 -2624.3499 -2315.8813 -3054.6753 -2912.2742 -1151.1932 647.6532 2467.2454 2897.9736 2885.083 2871.5881 2858.0933 2844.4976 2828.6865 2732.913 2435.0188 2793.2373 2780.2458 2763.9312 2754.5654 2742.581 2728.6833 2718.2097 2706.8298 2695.1477 
-1939.6362 -2810.861 -2971.3896 -2958.197 -2945.105 -2932.5164 -2919.5251 -2906.735 -2894.2473 -2652.246 -1592.0929 -1528.3447 -1718.985 -1860.2783 -2065.4204 -2221.3164 -2627.8748 -2654.4617 -2408.432 -2082.7422 -1666.919 -1266.2018 845.343 1705.188 3074.414 3299.8992 3299.8992 3299.8992 3299.8992 3299.8992 3299.8992 3299.8992 3299.8992 3299.8992 3299.8992 3299.8992 3298.3887 1987.4725 899.4232 -439.0869 -1692.4988 -2723.5474 -2978.0364 -2964.743 -2951.7517 -2939.163 -2925.9705 -2913.3818 -2900.7935 -2639.2546 -1783.841 -1618.5791 -1995.3278 -2223.4314 -2265.4265 -2409.137 -2669.467 -2623.7456 -2448.413 -2151.9287 -1840.2374 -1476.5808 642.9199 1461.676 3113.086 3299.8992 3299.8992 3299.8992 3299.8992 3299.8992 3299.8992 3299.8992 3299.8992 3299.8992 3299.8992 3299.8992 3299.8992 2490.9119 1164.2853 -176.23901 -1688.4705 -2733.1145 -2980.1514 -2966.9585 -2953.8665 -2941.1772 -2928.0852 -2915.1946 -2902.6062 -2749.1272 -1904.4891 -1682.0251 -1766.3177 -1898.6481 -1720.9991 -1860.1776 -2266.635 -2278.9214 -2059.8816 -1788.7756 -1523.0072 -1162.8754 830.53894 1711.734 3238.4673 3299.8992 3299.8992 3299.8992 3299.8992 3299.8992 3299.8992 3299.8992 3299.8992 3299.8992 3299.8992 3299.8992 3299.8992 2561.911 1184.6283 -178.25317 -1492.2913 -2557.2783 -2999.588 -2986.2944 -2973.1018 -2960.4126 -2947.1191 -2934.5305 -2921.8413 -2742.0776 -1940.744 
3299.8992 3299.8992 3299.8992 3299.8992 3299.8992 3289.224 3274.118 3258.9111 3244.9126 3230.8135 3216.4124 3202.4138 3188.516 3174.5178 3160.4187 3145.514 -3150.7507 3160.2173 3176.0283 3191.5374 3206.6436 3222.052 3236.9568 3252.2644 3266.7664 3281.6711 3296.6765 -3288.6199 -3274.4202 -3259.7168 -3245.5168 -3231.2163 -3217.0166 -3202.8167 -3189.1204 -3175.2227 3299.8992 3299.8992 3299.8992 3299.8992 3299.8992 3299.8992 3299.8992 3299.8992 3299.8992 3288.922 3274.6216 3259.314 3244.812 3230.5115 3216.6138 3202.4138 3188.4155 3174.417 3160.2173 3145.6145 -2584.8723 3158.4045 3174.115 3189.624 3204.9316 3220.1384 3235.446 3250.653 3265.2556 3280.0598 3295.166 -3290.1306 -3275.83 -3261.4287 -3246.9268 -3232.727 -3218.4265 -3204.428 -3190.3289 -3176.6326 3299.8992 3299.8992 3299.8992 3299.8992 3299.8992 3299.8992 3299.8992 3299.8992 3299.8992 3290.9363 3275.83 3260.8245 3246.7253 3232.5256 3218.4265 3204.0251 3190.3289 3176.3306 3162.2314 3147.7295 -1523.41 3156.8938 3172.705 3188.1133 3203.5217 3218.628 3233.7341 3248.941 3263.5437 3278.247 3293.4539 -3291.8425 -3277.6428 -3262.8386 -3248.639 -3234.439 -3220.1384 -3206.0393 -3191.8396 -3178.244 3299.8992 3299.8992 3299.8992 3299.8992 3299.8992 3299.8992 3299.8992 3299.8992 3299.8992 3290.0298 3275.7292 3260.321 3245.819 3231.5186 3217.4194 
3299.8992 3299.8992 3299.8992 3299.8992 3287.3108 3271.6003 3255.789 3240.1794 3224.1667 3209.262 3194.2566 3179.251 3164.3462 3149.1394 3134.0332 3110.669 -1206.3812 3129.7026 3146.521 3163.1377 3179.6538 3196.17 3212.686 3228.6987 3244.812 3260.8245 3276.7363 3292.5476 -3291.742 -3276.132 -3260.623 -3245.3154 -3230.2092 -3215.2039 -3200.299 -3129.1992 2697.1619 3299.8992 3299.8992 3299.8992 3299.8992 3299.8992 3299.8992 3299.8992 3288.0156 3272.406 3256.6956 3241.0857 3225.1738 3210.0676 3195.1628 3180.1575 3165.0513 3150.0457 3134.8389 3115.7043 -806.2683 3128.0913 3145.0103 3161.7278 3178.244 3194.5586 3211.1755 3227.2888 3243.3013 3259.4146 3275.2258 3291.0369 -3293.1519 -3277.6428 -3262.1338 -3246.7253 -3231.5186 -3216.513 -3201.6082 -3186.8042 2036.9202 3299.8992 3299.8992 3299.8992 3299.8992 3299.8992 3299.8992 3299.8992 3289.627 3273.816 3258.1055 3242.4956 3226.4832 3211.4775 3196.4722 3181.4666 3166.3604 3151.355 3136.2488 3120.7397 -200.50964 3126.0771 3142.996 3159.613 3176.1292 3192.5444 3209.262 3225.2747 3241.287 3257.4004 3273.3123 3289.224 3299.8992 -3279.4556 -3263.9465 -3248.639 -3233.432 -3218.225 -3203.421 -3188.617 1250.1892 3299.8992 3299.8992 3299.8992 3299.8992 3299.8992 3299.8992 3299.8992 3291.2383 3275.5278 3259.9182 3244.2078 3227.9937 3213.0889 3197.9827 
3299.8992 3299.8992 3299.8992 3299.8992 3298.892 3283.1816 3267.1692 3251.4587 3235.9497 3219.8364 3204.8308 3189.926 3175.0212 3159.8145 3144.6074 3117.819 -2513.0676 3145.0103 3161.7278 3178.3447 3194.9614 3211.1755 3226.9866 3243.5027 3259.616 3275.6287 3291.5405 3299.8992 -3276.9377 -3261.5295 -3246.222 -3230.9143 -3215.6067 -3200.601 -3185.797 -3171.2952 3299.8992 3299.8992 3299.8992 3299.8992 3299.8992 3299.8992 3299.8992 3299.8992 3298.892 3283.081 3267.2698 3251.6602 3235.9497 3219.7356 3204.7302 3189.8254 3174.9207 3159.8145 3144.6074 3125.2715 -2110.6384 3143.2983 3160.1165 3176.6326 3192.9473 3209.3628 3225.2747 3241.69 3257.8032 3273.816 3289.7278 3299.8992 -3278.7505 -3263.3423 -3247.8333 -3232.6262 -3217.52 -3202.5146 -3187.7104 -3173.007 3299.8992 3299.8992 3299.8992 3299.8992 3299.8992 3299.8992 3299.8992 3299.8992 3299.8992 3284.3901 3268.579 3252.8687 3237.3596 3220.944 3206.1401 3191.2354 3176.1292 3161.2244 3145.9167 3130.2063 -1515.3534 3142.0898 3158.8074 3175.424 3191.7388 3208.1543 3223.9653 3240.5823 3256.5947 3272.6074 3288.6199 3299.8992 -3279.959 -3264.5508 -3248.941 -3233.6333 -3218.628 -3203.5217 -3188.8184 -3174.115 3299.8992 3299.8992 3299.8992 3299.8992 3299.8992 3299.8992 3299.8992 3299.8992 3299.8992 3284.8938 3269.0825 3253.1707 3237.6616 3221.5483 3206.543 
3299.8992 3299.8992 3299.8992 3299.8992 3291.641 3276.233 3260.8245 3245.4163 3230.2092 3215.103 3199.594 3185.3943 3170.993 3156.5918 3142.0898 3126.9836 -2537.8418 3138.565 3155.182 3171.4966 3187.6099 3203.7231 3219.635 3235.446 3251.2573 3266.9678 3282.7788 3298.2878 -3286.3037 -3270.8953 -3255.5876 -3240.4814 -3225.476 -3210.5713 -3195.6665 -3180.9631 3299.8992 3299.8992 3299.8992 3299.8992 3299.8992 3299.8992 3299.8992 3299.8992 3292.749 3277.24 3261.731 3246.4233 3231.2163 3216.211 3200.702 3186.3005 3171.7986 3157.498 3142.996 3128.0913 -1374.1608 3136.3494 3152.8655 3169.281 3185.4949 3201.5076 3217.4194 3233.3313 3249.1423 3264.8528 3280.4626 3296.0723 -3288.5193 -3273.1108 -3257.8032 -3242.697 -3227.6917 -3212.686 -3197.7812 -3183.1787 3299.8992 3299.8992 3299.8992 3299.8992 3299.8992 3299.8992 3299.8992 3299.8992 3293.051 3277.542 3262.033 3246.7253 3231.5186 3216.513 3201.004 3186.502 3172 3157.6995 3143.2983 3128.595 -373.526 3133.731 3150.348 3166.7632 3182.9773 3198.9897 3214.9016 3230.713 3246.524 3262.3352 3277.9448 3293.5547 -3291.0369 -3275.5278 -3260.2202 -3245.114 -3230.0078 -3215.0024 -3200.0977 -3185.3943 3263.2415 3299.8992 3299.8992 3299.8992 3299.8992 3299.8992 3299.8992 3299.8992 3293.1519 3277.6428 3262.1338 3246.8262 3231.6191 3216.6138 3201.1047 

