wall_time,elapsed_s,F1_N,F2_N
2026-07-23T16:03:28.615,269.6101,-2.0331,-0.5859
2026-07-23T16:03:28.629,269.6101,-1.896,-0.7229
2026-07-23T16:03:28.646,269.6403,-1.9939,-0.5859
2026-07-23T16:03:28.658,269.6418,-1.9547,-0.7033
2026-07-23T16:03:28.661,269.6451,-1.9352,-0.6446
2026-07-23T16:03:28.671,269.6617,-1.9743,-0.6838
2026-07-23T16:03:28.677,269.6735,-1.9352,-0.625
2026-07-23T16:03:28.693,269.6772,-1.9939,-0.7229
2026-07-23T16:03:28.696,269.7033,-1.9743,-0.6446
2026-07-23T16:03:28.712,269.7071,-1.9939,-0.6838
2026-07-23T16:03:28.712,269.7071,-1.9547,-0.6642
2026-07-23T16:03:28.728,269.7369,-1.9939,-0.7033
2026-07-23T16:03:28.740,269.7391,-1.896,-0.6446
2026-07-23T16:03:28.754,269.7391,-1.8568,-0.7033
2026-07-23T16:03:28.758,269.7454,-2.0918,-0.7229
2026-07-23T16:03:28.773,269.7713,-1.9547,-0.6838
2026-07-23T16:03:28.773,269.7713,-2.1114,-0.7425
2026-07-23T16:03:28.790,269.7738,-2.0527,-0.6838
2026-07-23T16:03:28.804,269.8006,-2.1114,-0.7817
2026-07-23T16:03:28.804,269.8026,-2.0331,-0.7817
2026-07-23T16:03:28.825,269.8071,-2.131,-0.7817
2026-07-23T16:03:28.838,269.8284,-2.1114,-0.8796
2026-07-23T16:03:28.838,269.8312,-2.2093,-0.8208
2026-07-23T16:03:28.853,269.8312,-2.1114,-0.9383
2026-07-23T16:03:28.866,269.8478,-2.1897,-0.8796
2026-07-23T16:03:28.866,269.8478,-2.2093,-0.8796
2026-07-23T16:03:28.882,269.8478,-2.1114,-0.9383
2026-07-23T16:03:28.897,269.8861,-2.2289,-0.9775
2026-07-23T16:03:28.899,269.8895,-2.2093,-0.9383
2026-07-23T16:03:28.914,269.8923,-2.1897,-0.9383
2026-07-23T16:03:28.921,269.9202,-2.2485,-1.0362
2026-07-23T16:03:28.930,269.923,-2.2289,-1.0166
2026-07-23T16:03:28.943,269.9262,-2.2289,-1.0558
2026-07-23T16:03:28.952,269.9579,-2.1701,-1.0362
2026-07-23T16:03:28.964,269.9599,-2.2485,-1.0362
2026-07-23T16:03:28.974,269.963,-2.1114,-1.0362
2026-07-23T16:03:28.983,269.9755,-2.3268,-0.9971
2026-07-23T16:03:29.004,269.9892,-2.0918,-1.0754
2026-07-23T16:03:29.004,269.9892,-2.2289,-1.095
2026-07-23T16:03:29.016,269.9951,-2.0527,-1.0754
2026-07-23T16:03:29.026,270.0205,-2.1897,-1.0754
2026-07-23T16:03:29.026,270.0205,-2.0527,-1.1341
2026-07-23T16:03:29.040,270.0205,-2.1114,-1.095
2026-07-23T16:03:29.052,270.0558,-2.1114,-1.1537
2026-07-23T16:03:29.058,270.0558,-2.0722,-1.0558
2026-07-23T16:03:29.071,270.0558,-2.131,-1.1537
2026-07-23T16:03:29.071,270.0558,-2.0527,-1.1341
2026-07-23T16:03:29.091,270.0932,-2.0331,-1.1929
2026-07-23T16:03:29.103,270.0932,-2.0527,-1.0754
2026-07-23T16:03:29.107,270.0999,-2.0331,-1.0558
2026-07-23T16:03:29.119,270.1204,-1.9352,-1.095
2026-07-23T16:03:29.138,270.1281,-2.0135,-1.0166
2026-07-23T16:03:29.144,270.1281,-1.9939,-1.0362
2026-07-23T16:03:29.152,270.1303,-1.9547,-1.0166
2026-07-23T16:03:29.171,270.147,-2.0722,-0.9971
2026-07-23T16:03:29.171,270.147,-1.8764,-1.0362
2026-07-23T16:03:29.181,270.1621,-2.0135,-1.0558
2026-07-23T16:03:29.191,270.1878,-1.896,-0.8991
2026-07-23T16:03:29.198,270.1878,-2.0527,-0.9775
2026-07-23T16:03:29.213,270.1938,-1.9156,-0.9383
2026-07-23T16:03:29.213,270.2181,-2.1114,-0.9187
2026-07-23T16:03:29.229,270.2181,-1.9743,-0.9775
2026-07-23T16:03:29.239,270.2254,-2.1114,-0.9971
2026-07-23T16:03:29.255,270.2515,-1.9743,-0.9775
2026-07-23T16:03:29.260,270.2574,-2.0331,-0.9187
2026-07-23T16:03:29.269,270.2574,-1.9547,-0.9383
2026-07-23T16:03:29.276,270.2893,-2.0135,-0.9579
2026-07-23T16:03:29.298,270.2893,-1.9352,-0.8991
2026-07-23T16:03:29.302,270.2932,-2.0722,-0.8991
2026-07-23T16:03:29.317,270.2932,-2.0331,-0.8208
2026-07-23T16:03:29.324,270.321,-2.0722,-0.8991
2026-07-23T16:03:29.324,270.3253,-2.0527,-0.8796
2026-07-23T16:03:29.344,270.3289,-2.0331,-0.86
2026-07-23T16:03:29.358,270.3537,-1.9743,-0.8404
2026-07-23T16:03:29.358,270.3537,-2.0722,-0.8404
2026-07-23T16:03:29.372,270.3537,-1.9547,-0.7229
2026-07-23T16:03:29.380,270.3691,-2.0722,-0.7621
2026-07-23T16:03:29.394,270.3949,-1.896,-0.7621
2026-07-23T16:03:29.404,270.3976,-2.0527,-0.7229
2026-07-23T16:03:29.404,270.4014,-1.8568,-0.7817
2026-07-23T16:03:29.421,270.4161,-1.9743,-0.7033
2026-07-23T16:03:29.437,270.4278,-1.896,-0.7621
2026-07-23T16:03:29.437,270.4278,-1.9547,-0.6642
2026-07-23T16:03:29.452,270.4328,-1.9352,-0.7229
2026-07-23T16:03:29.467,270.4618,-2.0135,-0.7033
2026-07-23T16:03:29.467,270.4635,-1.9547,-0.6838
2026-07-23T16:03:29.484,270.4698,-1.9743,-0.5859
2026-07-23T16:03:29.499,270.5014,-1.8568,-0.6838
2026-07-23T16:03:29.505,270.5014,-1.896,-0.7621
2026-07-23T16:03:29.513,270.507,-1.896,-0.5075
2026-07-23T16:03:29.524,270.5108,-1.9156,-0.6446
2026-07-23T16:03:29.533,270.5373,-1.896,-0.5271
2026-07-23T16:03:29.546,270.5373,-1.9156,-0.5467
2026-07-23T16:03:29.552,270.5422,-1.7002,-0.5271
2026-07-23T16:03:29.562,270.5578,-1.896,-0.5859
2026-07-23T16:03:29.562,270.5578,-1.7198,-0.5075
2026-07-23T16:03:29.577,270.5759,-1.8177,-0.5271
2026-07-23T16:03:29.599,270.579,-1.7198,-0.5271
2026-07-23T16:03:29.599,270.605,-1.8764,-0.5271
2026-07-23T16:03:29.609,270.607,-1.6415,-0.5663
2026-07-23T16:03:29.609,270.607,-1.8177,-0.5075
2026-07-23T16:03:29.630,270.6218,-1.7002,-0.5859
2026-07-23T16:03:29.652,270.6368,-1.7785,-0.488
2026-07-23T16:03:29.658,270.6403,-1.6806,-0.625
2026-07-23T16:03:29.658,270.6403,-1.7002,-0.5075
2026-07-23T16:03:29.673,270.6739,-1.7394,-0.5467
2026-07-23T16:03:29.673,270.6739,-1.7785,-0.5467
2026-07-23T16:03:29.691,270.6778,-1.7002,-0.5075
2026-07-23T16:03:29.706,270.7044,-1.7198,-0.5467
2026-07-23T16:03:29.713,270.707,-1.6415,-0.4488
2026-07-23T16:03:29.729,270.707,-1.7198,-0.5075
2026-07-23T16:03:29.732,270.716,-1.6219,-0.488
2026-07-23T16:03:29.735,270.7403,-1.7002,-0.4684
2026-07-23T16:03:29.758,270.749,-1.5436,-0.488
2026-07-23T16:03:29.758,270.749,-1.8177,-0.5467
2026-07-23T16:03:29.767,270.779,-1.6219,-0.4488
2026-07-23T16:03:29.783,270.779,-1.7589,-0.4684
2026-07-23T16:03:29.800,270.7878,-1.4652,-0.488
2026-07-23T16:03:29.807,270.7946,-1.7394,-0.4684
2026-07-23T16:03:29.824,270.8104,-1.4848,-0.5271
2026-07-23T16:03:29.824,270.8104,-1.6415,-0.3705
2026-07-23T16:03:29.830,270.8104,-1.5044,-0.4096
2026-07-23T16:03:29.844,270.8104,-1.5631,-0.3509
2026-07-23T16:03:29.853,270.8493,-1.4848,-0.3509
2026-07-23T16:03:29.861,270.8522,-1.524,-0.2921
2026-07-23T16:03:29.861,270.8522,-1.4456,-0.4292
2026-07-23T16:03:29.880,270.8782,-1.5436,-0.3313
2026-07-23T16:03:29.893,270.8843,-1.5044,-0.39
2026-07-23T16:03:29.903,270.8866,-1.524,-0.3509
2026-07-23T16:03:29.915,270.9129,-1.5436,-0.39
2026-07-23T16:03:29.925,270.9129,-1.5631,-0.4096
2026-07-23T16:03:29.937,270.9221,-1.4848,-0.2921
2026-07-23T16:03:29.941,270.9403,-1.5631,-0.4096
2026-07-23T16:03:29.958,270.9499,-1.3869,-0.3117
2026-07-23T16:03:29.964,270.9521,-1.6219,-0.3313
2026-07-23T16:03:29.973,270.9546,-1.3869,-0.3117
2026-07-23T16:03:29.973,270.9806,-1.5631,-0.2921
2026-07-23T16:03:29.991,270.9857,-1.4065,-0.3509
2026-07-23T16:03:30.005,270.9857,-1.5827,-0.3117
2026-07-23T16:03:30.005,271.0176,-1.3282,-0.2726
2026-07-23T16:03:30.024,271.0176,-1.4456,-0.2138
2026-07-23T16:03:30.036,271.0176,-1.1911,-0.1942
2026-07-23T16:03:30.036,271.0176,-1.2498,-0.1551
2026-07-23T16:03:30.052,271.0521,-1.2694,-0.3117
2026-07-23T16:03:30.065,271.0546,-1.289,-0.1747
2026-07-23T16:03:30.068,271.0591,-1.2694,-0.1942
2026-07-23T16:03:30.085,271.0798,-1.2694,-0.2726
2026-07-23T16:03:30.096,271.0889,-1.1911,-0.0963
2026-07-23T16:03:30.105,271.0912,-1.2107,-0.1747
2026-07-23T16:03:30.112,271.0939,-1.1324,-0.0963
2026-07-23T16:03:30.131,271.1213,-1.1911,-0.1159
2026-07-23T16:03:30.131,271.1257,-1.0932,-0.0768
2026-07-23T16:03:30.145,271.1284,-1.1324,-0.0963
2026-07-23T16:03:30.152,271.1507,-0.917,-0.0376
2026-07-23T16:03:30.160,271.1563,-1.0736,-0.018
2026-07-23T16:03:30.177,271.1633,-0.7799,0.0799
2026-07-23T16:03:30.179,271.1878,-1.0149,0.0995
2026-07-23T16:03:30.192,271.1878,-0.7799,0.0799
2026-07-23T16:03:30.207,271.1967,-0.917,0.1386
2026-07-23T16:03:30.216,271.2015,-0.7603,0.0799
2026-07-23T16:03:30.224,271.2242,-0.8778,0.2365
2026-07-23T16:03:30.224,271.2242,-0.7603,0.217
2026-07-23T16:03:30.247,271.235,-0.8582,0.2561
2026-07-23T16:03:30.252,271.2508,-0.7016,0.2561
2026-07-23T16:03:30.270,271.2684,-0.682,0.3736
2026-07-23T16:03:30.275,271.2714,-0.6037,0.2953
2026-07-23T16:03:30.286,271.2714,-0.6233,0.354
2026-07-23T16:03:30.302,271.3071,-0.6037,0.4323
2026-07-23T16:03:30.302,271.3071,-0.6428,0.4128
2026-07-23T16:03:30.319,271.3071,-0.5645,0.4715
2026-07-23T16:03:30.325,271.3145,-0.5449,0.5498
2026-07-23T16:03:30.334,271.3512,-0.3491,0.6673
2026-07-23T16:03:30.352,271.3512,-0.4862,0.6086
2026-07-23T16:03:30.352,271.358,-0.2708,0.6869
2026-07-23T16:03:30.365,271.365,-0.3883,0.6673
2026-07-23T16:03:30.365,271.3684,-0.1337,0.7652
2026-07-23T16:03:30.397,271.4018,-0.2904,0.824
2026-07-23T16:03:30.397,271.4018,-0.0946,0.824
2026-07-23T16:03:30.402,271.4093,-0.2512,0.9414
2026-07-23T16:03:30.416,271.4167,-0.0554,1.0002
2026-07-23T16:03:30.429,271.4517,-0.1729,1.0198
2026-07-23T16:03:30.443,271.4577,-0.0554,0.9806
2026-07-23T16:03:30.448,271.4577,-0.1142,1.0785
2026-07-23T16:03:30.453,271.4577,-0.0946,1.0785
2026-07-23T16:03:30.460,271.4577,-0.075,1.1373
2026-07-23T16:03:30.475,271.472,0.0425,1.2156
2026-07-23T16:03:30.475,271.4998,-0.0554,1.2156
2026-07-23T16:03:30.491,271.5035,0.0229,1.3526
2026-07-23T16:03:30.509,271.5071,-0.0554,1.3331
2026-07-23T16:03:30.509,271.5123,0.0817,1.2939
2026-07-23T16:03:30.524,271.5406,-0.0554,1.3331
2026-07-23T16:03:30.538,271.552,0.0817,1.3135
2026-07-23T16:03:30.538,271.552,-0.0554,1.3918
2026-07-23T16:03:30.554,271.5546,0.1208,1.4505
2026-07-23T16:03:30.563,271.5546,0.0425,1.5093
2026-07-23T16:03:30.570,271.591,0.1991,1.5484
2026-07-23T16:03:30.591,271.591,0.1404,1.5876
2026-07-23T16:03:30.602,271.5946,0.3362,1.6268
2026-07-23T16:03:30.605,271.602,0.297,1.7443
2026-07-23T16:03:30.605,271.607,0.3754,1.7051
2026-07-23T16:03:30.624,271.63,0.3558,1.8813
2026-07-23T16:03:30.636,271.63,0.4537,1.8617
2026-07-23T16:03:30.645,271.6457,0.4537,1.9009
2026-07-23T16:03:30.658,271.6522,0.532,1.9988
2026-07-23T16:03:30.665,271.677,0.5124,1.9792
2026-07-23T16:03:30.681,271.677,0.5516,2.0184
2026-07-23T16:03:30.681,271.6897,0.4928,2.0575
2026-07-23T16:03:30.696,271.6926,0.5516,2.0575
2026-07-23T16:03:30.703,271.7272,0.532,2.2142
2026-07-23T16:03:30.715,271.7272,0.5712,2.1555
2026-07-23T16:03:30.728,271.7272,0.5516,2.1359
2026-07-23T16:03:30.728,271.7379,0.7082,2.2338
2026-07-23T16:03:30.743,271.7404,0.532,2.2338
2026-07-23T16:03:30.753,271.7739,0.767,2.2142
2026-07-23T16:03:30.775,271.7887,0.532,2.2925
2026-07-23T16:03:30.778,271.7887,0.7474,2.1555
2026-07-23T16:03:30.789,271.7887,0.5516,2.2534
2026-07-23T16:03:30.798,271.7887,0.7082,2.2534
2026-07-23T16:03:30.798,271.8194,0.5712,2.2338
2026-07-23T16:03:30.825,271.8354,0.6691,2.175
2026-07-23T16:03:30.825,271.8354,0.5712,2.175
2026-07-23T16:03:30.839,271.8424,0.4928,2.175
2026-07-23T16:03:30.839,271.8424,0.532,2.2142
2026-07-23T16:03:30.855,271.8738,0.4928,2.2142
2026-07-23T16:03:30.858,271.8825,0.5124,2.175
2026-07-23T16:03:30.870,271.8898,0.5516,2.175
2026-07-23T16:03:30.886,271.892,0.5124,2.175
2026-07-23T16:03:30.893,271.892,0.4733,2.2338
2026-07-23T16:03:30.903,271.9311,0.4341,2.0967
2026-07-23T16:03:30.925,271.9311,0.4733,2.0771
2026-07-23T16:03:30.925,271.9311,0.4341,2.038
2026-07-23T16:03:30.933,271.9403,0.4928,2.0575
2026-07-23T16:03:30.943,271.9491,0.2775,2.0575
2026-07-23T16:03:30.953,271.9554,0.3754,2.1359
2026-07-23T16:03:30.965,271.9818,0.297,2.0184
2026-07-23T16:03:30.965,271.9818,0.4145,2.0967
2026-07-23T16:03:30.982,271.9937,0.2579,2.0967
2026-07-23T16:03:30.991,271.9976,0.4341,2.0184
2026-07-23T16:03:31.004,272.0021,0.2775,2.0184
2026-07-23T16:03:31.028,272.0246,0.3754,1.9205
2026-07-23T16:03:31.028,272.0363,0.3558,2.0184
2026-07-23T16:03:31.033,272.0405,0.2775,1.9596
2026-07-23T16:03:31.044,272.0405,0.3754,2.038
2026-07-23T16:03:31.058,272.0405,0.3754,2.038
2026-07-23T16:03:31.060,272.0736,0.4145,2.0184
2026-07-23T16:03:31.075,272.0808,0.4537,1.9988
2026-07-23T16:03:31.087,272.0808,0.4341,1.9792
2026-07-23T16:03:31.091,272.0881,0.4537,2.0967
2026-07-23T16:03:31.107,272.1071,0.4341,2.0967
2026-07-23T16:03:31.107,272.1208,0.4733,2.1163
2026-07-23T16:03:31.124,272.1243,0.4537,2.0967
2026-07-23T16:03:31.132,272.1243,0.6103,2.175
2026-07-23T16:03:31.145,272.1578,0.4733,2.0967
2026-07-23T16:03:31.155,272.1615,0.6103,2.1163
2026-07-23T16:03:31.158,272.164,0.5516,2.0967
2026-07-23T16:03:31.187,272.1739,0.6887,2.175
2026-07-23T16:03:31.188,272.1739,0.6103,2.175
2026-07-23T16:03:31.191,272.2028,0.767,2.2338
2026-07-23T16:03:31.204,272.2069,0.8061,2.2534
2026-07-23T16:03:31.225,272.2147,0.8061,2.2729
2026-07-23T16:03:31.225,272.2147,0.8257,2.3317
2026-07-23T16:03:31.234,272.2474,0.8453,2.3121
2026-07-23T16:03:31.250,272.2474,0.8845,2.3708
2026-07-23T16:03:31.265,272.256,0.8649,2.3904
2026-07-23T16:03:31.265,272.2601,0.9236,2.3904
2026-07-23T16:03:31.272,272.2622,0.9236,2.3708
2026-07-23T16:03:31.291,272.2933,1.0019,2.3708
2026-07-23T16:03:31.298,272.2977,1.0607,2.4492
2026-07-23T16:03:31.307,272.3028,1.0215,2.4296
2026-07-23T16:03:31.313,272.3051,1.0999,2.5079
2026-07-23T16:03:31.330,272.3309,1.0411,2.41
2026-07-23T16:03:31.330,272.3359,1.1978,2.4492
2026-07-23T16:03:31.344,272.3393,1.0999,2.3708
2026-07-23T16:03:31.358,272.3403,1.1586,2.4492
2026-07-23T16:03:31.360,272.368,1.1194,2.5666
2026-07-23T16:03:31.376,272.3762,1.2957,2.5862
2026-07-23T16:03:31.387,272.3762,1.2369,2.6058
2026-07-23T16:03:31.391,272.3825,1.3544,2.5666
2026-07-23T16:03:31.409,272.4146,1.3348,2.5862
2026-07-23T16:03:31.409,272.4146,1.3348,2.6254
2026-07-23T16:03:31.427,272.4146,1.2761,2.645
2026-07-23T16:03:31.433,272.4247,1.2761,2.6058
2026-07-23T16:03:31.439,272.4547,1.3152,2.7429
2026-07-23T16:03:31.458,272.4582,1.2761,2.6841
2026-07-23T16:03:31.465,272.4582,1.3544,2.7233
2026-07-23T16:03:31.476,272.4683,1.3348,2.7429
2026-07-23T16:03:31.491,272.4834,1.3544,2.6645
2026-07-23T16:03:31.491,272.499,1.3544,2.7429
2026-07-23T16:03:31.509,272.5032,1.2761,2.7233
2026-07-23T16:03:31.519,272.507,1.3544,2.782
2026-07-23T16:03:31.519,272.507,1.2957,2.8212
2026-07-23T16:03:31.534,272.5357,1.374,2.7625
2026-07-23T16:03:31.550,272.5396,1.3348,2.7429
2026-07-23T16:03:31.558,272.5406,1.4131,2.8016
2026-07-23T16:03:31.580,272.5778,1.3152,2.7625
2026-07-23T16:03:31.581,272.5778,1.4327,2.782
2026-07-23T16:03:31.586,272.5815,1.3348,2.782
2026-07-23T16:03:31.591,272.585,1.3936,2.7625
2026-07-23T16:03:31.606,272.6128,1.4327,2.782
2026-07-23T16:03:31.613,272.6128,1.3544,2.782
2026-07-23T16:03:31.629,272.6229,1.4915,2.8212
2026-07-23T16:03:31.636,272.629,1.3348,2.782
2026-07-23T16:03:31.645,272.6555,1.3936,2.7625
2026-07-23T16:03:31.658,272.6583,1.374,2.8016
2026-07-23T16:03:31.664,272.6583,1.511,2.782
2026-07-23T16:03:31.680,272.6647,1.3348,2.8604
2026-07-23T16:03:31.682,272.6945,1.3936,2.782
2026-07-23T16:03:31.691,272.6945,1.4131,2.8408
2026-07-23T16:03:31.704,272.7036,1.3348,2.7625
2026-07-23T16:03:31.716,272.7069,1.4327,2.7037
2026-07-23T16:03:31.723,272.7318,1.374,2.7625
2026-07-23T16:03:31.738,272.7404,1.4523,2.8016
2026-07-23T16:03:31.745,272.7404,1.4327,2.8604
2026-07-23T16:03:31.758,272.7451,1.511,2.8016
2026-07-23T16:03:31.760,272.7739,1.4131,2.8408
2026-07-23T16:03:31.770,272.7775,1.4915,2.8016
2026-07-23T16:03:31.791,272.7775,1.5502,2.8212
2026-07-23T16:03:31.791,272.7815,1.4523,2.7625
2026-07-23T16:03:31.807,272.8071,1.511,2.8408
2026-07-23T16:03:31.817,272.8136,1.4131,2.8212
2026-07-23T16:03:31.828,272.8155,1.5306,2.782
2026-07-23T16:03:31.832,272.8155,1.4915,2.8995
2026-07-23T16:03:31.854,272.8518,1.6481,2.8408
2026-07-23T16:03:31.854,272.8518,1.6481,2.9583
2026-07-23T16:03:31.863,272.8518,1.7656,2.8995
2026-07-23T16:03:31.866,272.8762,1.6873,2.9583
2026-07-23T16:03:31.883,272.8762,1.7656,3.017
2026-07-23T16:03:31.896,272.892,1.7264,2.9387
2026-07-23T16:03:31.903,272.892,1.6873,2.9387
2026-07-23T16:03:31.911,272.9238,1.7852,2.9583
2026-07-23T16:03:31.927,272.9315,1.7264,2.9778
2026-07-23T16:03:31.927,272.9342,1.8243,3.0562
2026-07-23T16:03:31.943,272.9405,1.7852,3.0562
2026-07-23T16:03:31.943,272.9426,1.8831,3.0562
2026-07-23T16:03:31.974,272.97,1.8243,3.1345
2026-07-23T16:03:31.975,272.9735,1.8635,3.1149
2026-07-23T16:03:31.989,272.9735,1.8635,3.1541
2026-07-23T16:03:31.993,272.9735,1.8635,3.1345
2026-07-23T16:03:32.013,273.0068,1.9222,3.1736
2026-07-23T16:03:32.015,273.011,1.8635,3.1541
2026-07-23T16:03:32.024,273.011,1.9222,3.1345
2026-07-23T16:03:32.024,273.0421,1.7852,3.0953
2026-07-23T16:03:32.037,273.0421,1.8635,3.0953
2026-07-23T16:03:32.062,273.0488,1.8048,3.1149
2026-07-23T16:03:32.062,273.0488,1.8635,3.0953
2026-07-23T16:03:32.070,273.0851,1.7656,3.2716
2026-07-23T16:03:32.084,273.0851,1.8635,3.1541
2026-07-23T16:03:32.093,273.0851,1.8439,3.1345
2026-07-23T16:03:32.100,273.0851,1.8048,3.1345
2026-07-23T16:03:32.117,273.1234,1.7656,3.1541
2026-07-23T16:03:32.131,273.1274,1.8439,3.1736
2026-07-23T16:03:32.136,273.1274,1.8048,3.1345
2026-07-23T16:03:32.147,273.1403,1.7852,3.2716
2026-07-23T16:03:32.154,273.1653,1.8048,3.1736
2026-07-23T16:03:32.162,273.172,1.8635,3.2716
2026-07-23T16:03:32.178,273.175,1.7852,3.252
2026-07-23T16:03:32.191,273.1755,1.8831,3.1345
2026-07-23T16:03:32.195,273.2038,1.7852,3.1541
2026-07-23T16:03:32.210,273.2071,1.8439,3.2128
2026-07-23T16:03:32.223,273.2071,1.7069,3.2128
2026-07-23T16:03:32.226,273.2071,1.7852,3.1736
2026-07-23T16:03:32.226,273.2487,1.6481,3.1345
2026-07-23T16:03:32.242,273.2487,1.746,3.1541
2026-07-23T16:03:32.258,273.2545,1.609,3.1736
2026-07-23T16:03:32.258,273.258,1.8243,3.1149
2026-07-23T16:03:32.274,273.2904,1.6873,3.1932
2026-07-23T16:03:32.291,273.2904,1.7656,3.0757
2026-07-23T16:03:32.300,273.2904,1.7069,3.0757
2026-07-23T16:03:32.312,273.3036,1.6677,3.0953
2026-07-23T16:03:32.312,273.3071,1.6285,3.0757
2026-07-23T16:03:32.337,273.3334,1.6481,3.0953
2026-07-23T16:03:32.337,273.3334,1.6285,3.0366
2026-07-23T16:03:32.341,273.3334,1.5502,3.0757
2026-07-23T16:03:32.354,273.3405,1.511,2.9778
2026-07-23T16:03:32.368,273.3694,1.4915,2.9778
2026-07-23T16:03:32.368,273.374,1.511,2.8995
2026-07-23T16:03:32.384,273.374,1.5306,2.9583
2026-07-23T16:03:32.391,273.3805,1.3348,2.9583
2026-07-23T16:03:32.405,273.4072,1.5502,2.9387
2026-07-23T16:03:32.418,273.4072,1.3936,2.9583
2026-07-23T16:03:32.425,273.4119,1.5306,2.9583
2026-07-23T16:03:32.437,273.4156,1.3544,2.9387
2026-07-23T16:03:32.454,273.4497,1.5502,2.9583
2026-07-23T16:03:32.458,273.454,1.2957,2.9191
2026-07-23T16:03:32.466,273.4598,1.3936,2.9778
2026-07-23T16:03:32.466,273.4748,1.3348,2.9387
2026-07-23T16:03:32.494,273.4748,1.374,2.8799
2026-07-23T16:03:32.494,273.4748,1.3152,3.017
2026-07-23T16:03:32.511,273.492,1.3348,2.8799
2026-07-23T16:03:32.511,273.516,1.2761,2.9974
2026-07-23T16:03:32.526,273.5225,1.2565,2.9387
2026-07-23T16:03:32.526,273.5225,1.2761,2.9191
2026-07-23T16:03:32.543,273.5545,1.2957,2.9974
2026-07-23T16:03:32.555,273.555,1.2565,2.9974
2026-07-23T16:03:32.558,273.555,1.3936,2.9778
2026-07-23T16:03:32.573,273.5592,1.2565,2.9191
2026-07-23T16:03:32.573,273.5859,1.4523,2.9974
2026-07-23T16:03:32.591,273.5922,1.2565,2.9778
2026-07-23T16:03:32.604,273.5922,1.4523,2.9974
2026-07-23T16:03:32.610,273.6039,1.1978,2.9778
2026-07-23T16:03:32.627,273.6241,1.4915,2.9974
2026-07-23T16:03:32.637,273.6241,1.2565,3.0953
2026-07-23T16:03:32.643,273.6376,1.4327,3.0562
2026-07-23T16:03:32.655,273.6423,1.2761,3.017
2026-07-23T16:03:32.675,273.6671,1.5306,2.9974
2026-07-23T16:03:32.675,273.6671,1.4131,3.0757
2026-07-23T16:03:32.693,273.6736,1.374,3.0366
2026-07-23T16:03:32.693,273.6736,1.3348,3.0757
2026-07-23T16:03:32.715,273.706,1.374,3.0366
2026-07-23T16:03:32.715,273.7075,1.3348,3.1149
2026-07-23T16:03:32.724,273.7075,1.4131,3.1541
2026-07-23T16:03:32.748,273.7424,1.3544,3.0562
2026-07-23T16:03:32.748,273.7442,1.3544,3.0953
2026-07-23T16:03:32.758,273.7447,1.3348,3.017
2026-07-23T16:03:32.763,273.7492,1.3936,3.0757
2026-07-23T16:03:32.763,273.7782,1.2369,3.0366
2026-07-23T16:03:32.779,273.7782,1.3936,3.0366
2026-07-23T16:03:32.795,273.7782,1.2173,3.017
2026-07-23T16:03:32.811,273.8139,1.4131,3.0366
2026-07-23T16:03:32.811,273.8139,1.1978,3.0953
2026-07-23T16:03:32.829,273.8212,1.4131,3.0562
2026-07-23T16:03:32.829,273.823,1.2173,3.1149
2026-07-23T16:03:32.858,273.8544,1.4327,3.0953
2026-07-23T16:03:32.858,273.8544,1.3544,3.252
2026-07-23T16:03:32.872,273.8602,1.4523,3.1932
2026-07-23T16:03:32.874,273.8602,1.4915,3.252
2026-07-23T16:03:32.884,273.8866,1.5306,3.2324
2026-07-23T16:03:32.891,273.9011,1.5306,3.2911
2026-07-23T16:03:32.911,273.9063,1.5306,3.3695
2026-07-23T16:03:32.911,273.9073,1.4915,3.3695
2026-07-23T16:03:32.925,273.9329,1.609,3.3499
2026-07-23T16:03:32.937,273.9329,1.609,3.3499
2026-07-23T16:03:32.952,273.9473,1.7264,3.4674
2026-07-23T16:03:32.957,273.949,1.6285,3.4282
2026-07-23T16:03:32.968,273.9847,1.8243,3.5065
2026-07-23T16:03:32.968,273.9847,1.6285,3.5261
2026-07-23T16:03:32.984,273.9909,1.9027,3.5848
2026-07-23T16:03:32.998,273.9909,1.7069,3.624
2026-07-23T16:03:33.000,274.0124,1.981,3.6436
2026-07-23T16:03:33.015,274.0124,1.7852,3.7611
2026-07-23T16:03:33.025,274.0281,2.0201,3.8786
2026-07-23T16:03:33.042,274.0363,1.9614,3.8198
2026-07-23T16:03:33.050,274.04,2.0789,3.9177
2026-07-23T16:03:33.058,274.0758,2.0397,3.9765
2026-07-23T16:03:33.063,274.0778,2.0985,3.9569
2026-07-23T16:03:33.079,274.0829,2.0593,4.0744
2026-07-23T16:03:33.091,274.0871,2.1572,4.0352
2026-07-23T16:03:33.095,274.0871,2.1376,4.0548
2026-07-23T16:03:33.112,274.1072,2.1964,4.2114
2026-07-23T16:03:33.112,274.1072,2.2355,4.1723
2026-07-23T16:03:33.125,274.1072,2.3726,4.2702
2026-07-23T16:03:33.138,274.1266,2.353,4.2898
2026-07-23T16:03:33.143,274.1561,2.4901,4.3681
2026-07-23T16:03:33.158,274.1613,2.3139,4.3877
2026-07-23T16:03:33.158,274.1613,2.5292,4.4464
2026-07-23T16:03:33.177,274.1663,2.3922,4.4268
2026-07-23T16:03:33.191,274.1868,2.5488,4.4856
2026-07-23T16:03:33.191,274.1868,2.4313,4.4464
2026-07-23T16:03:33.207,274.2047,2.6467,4.5247
2026-07-23T16:03:33.217,274.2078,2.4705,4.5443
2026-07-23T16:03:33.224,274.2375,2.6859,4.5639
2026-07-23T16:03:33.238,274.2424,2.5488,4.6226
2026-07-23T16:03:33.255,274.2424,2.7055,4.5443
2026-07-23T16:03:33.255,274.2424,2.6467,4.6618
2026-07-23T16:03:33.259,274.2536,2.6859,4.603
2026-07-23T16:03:33.285,274.2837,2.7055,4.603
2026-07-23T16:03:33.285,274.2837,2.7055,4.5835
2026-07-23T16:03:33.293,274.2916,2.6272,4.5051
2026-07-23T16:03:33.304,274.2916,2.6663,4.6226
2026-07-23T16:03:33.325,274.3222,2.6663,4.5051
2026-07-23T16:03:33.325,274.3222,2.7838,4.5835
2026-07-23T16:03:33.334,274.329,2.6076,4.6226
2026-07-23T16:03:33.348,274.3329,2.8034,4.603
2026-07-23T16:03:33.356,274.3447,2.5684,4.5443
2026-07-23T16:03:33.364,274.362,2.7251,4.5639
2026-07-23T16:03:33.380,274.3686,2.5684,4.5247
2026-07-23T16:03:33.384,274.3686,2.7446,4.5639
2026-07-23T16:03:33.396,274.4015,2.4901,4.5051
2026-07-23T16:03:33.396,274.4073,2.7055,4.5051
2026-07-23T16:03:33.419,274.4083,2.588,4.4856
2026-07-23T16:03:33.431,274.4377,2.7251,4.5247
2026-07-23T16:03:33.443,274.441,2.5684,4.5443
2026-07-23T16:03:33.443,274.4415,2.6663,4.5051
2026-07-23T16:03:33.456,274.4415,2.6076,4.4856
2026-07-23T16:03:33.464,274.4415,2.6467,4.5247
2026-07-23T16:03:33.475,274.4737,2.6272,4.5247
2026-07-23T16:03:33.492,274.4811,2.6467,4.5443
2026-07-23T16:03:33.492,274.4845,2.588,4.4856
2026-07-23T16:03:33.511,274.507,2.6076,4.5443
2026-07-23T16:03:33.524,274.516,2.5684,4.5247
2026-07-23T16:03:33.524,274.5188,2.7055,4.5051
2026-07-23T16:03:33.539,274.5267,2.5488,4.466
2026-07-23T16:03:33.558,274.5504,2.6663,4.5835
2026-07-23T16:03:33.558,274.5538,2.4509,4.5639
2026-07-23T16:03:33.577,274.5538,2.6663,4.5639
2026-07-23T16:03:33.577,274.5538,2.5292,4.5443
2026-07-23T16:03:33.585,274.5858,2.7251,4.5247
2026-07-23T16:03:33.593,274.5884,2.5292,4.603
2026-07-23T16:03:33.605,274.5884,2.7446,4.6814
2026-07-23T16:03:33.617,274.6141,2.6272,4.6422
2026-07-23T16:03:33.625,274.625,2.7446,4.6422
2026-07-23T16:03:33.639,274.6298,2.6859,4.6814
2026-07-23T16:03:33.649,274.636,2.6663,4.6814
2026-07-23T16:03:33.658,274.6634,2.7055,4.6814
2026-07-23T16:03:33.665,274.6689,2.7251,4.7597
2026-07-23T16:03:33.676,274.6741,2.7446,4.6814
2026-07-23T16:03:33.687,274.6741,2.7055,4.7205
2026-07-23T16:03:33.697,274.7055,2.6663,4.7401
2026-07-23T16:03:33.697,274.7084,2.6859,4.7205
2026-07-23T16:03:33.720,274.7084,2.6467,4.7009
2026-07-23T16:03:33.730,274.7168,2.7446,4.7793
2026-07-23T16:03:33.730,274.7408,2.588,4.7009
2026-07-23T16:03:33.743,274.7408,2.7055,4.7009
2026-07-23T16:03:33.759,274.7501,2.6076,4.7401
2026-07-23T16:03:33.768,274.7555,2.8034,4.7597
2026-07-23T16:03:33.776,274.7736,2.6076,4.7989
2026-07-23T16:03:33.776,274.7736,2.6076,4.7401
2026-07-23T16:03:33.801,274.7868,2.588,4.7401
2026-07-23T16:03:33.806,274.7918,2.8034,4.7597
2026-07-23T16:03:33.815,274.8188,2.6076,4.7989
2026-07-23T16:03:33.824,274.8217,2.7642,4.8576
2026-07-23T16:03:33.838,274.8217,2.823,4.8576
2026-07-23T16:03:33.843,274.834,2.823,4.9555
2026-07-23T16:03:33.858,274.8496,2.8621,4.9555
2026-07-23T16:03:33.858,274.8496,2.9796,4.9947
2026-07-23T16:03:33.872,274.8663,2.9796,4.9947
2026-07-23T16:03:33.885,274.8814,3.0775,5.0534
2026-07-23T16:03:33.891,274.8974,2.9992,5.0142
2026-07-23T16:03:33.900,274.8974,3.0579,5.1121
2026-07-23T16:03:33.917,274.9054,3.0383,5.0534
2026-07-23T16:03:33.926,274.9292,3.1558,5.1513
2026-07-23T16:03:33.932,274.9292,3.0775,5.0926
2026-07-23T16:03:33.948,274.9407,3.2537,5.1709
2026-07-23T16:03:33.956,274.9407,3.1167,5.1513
2026-07-23T16:03:33.968,274.9647,3.2929,5.1905
2026-07-23T16:03:33.968,274.9765,3.2537,5.2884
2026-07-23T16:03:33.980,274.9775,3.3125,5.2492
2026-07-23T16:03:33.996,274.9775,3.2146,5.2492
2026-07-23T16:03:33.996,275.008,3.3908,5.2492
2026-07-23T16:03:34.015,275.0171,3.3321,5.308
2026-07-23T16:03:34.027,275.0193,3.4104,5.2492
2026-07-23T16:03:34.028,275.0423,3.3712,5.2688
2026-07-23T16:03:34.058,275.0423,3.2929,5.2688
2026-07-23T16:03:34.059,275.0423,3.3712,5.308
2026-07-23T16:03:34.070,275.0576,3.3516,5.3471
2026-07-23T16:03:34.075,275.0608,3.3516,5.2688
2026-07-23T16:03:34.075,275.0887,3.4104,5.2688
2026-07-23T16:03:34.093,275.0935,3.3516,5.2884
2026-07-23T16:03:34.112,275.0935,3.4887,5.2688
2026-07-23T16:03:34.123,275.1258,3.3712,5.308
2026-07-23T16:03:34.125,275.1258,3.4887,5.2492
2026-07-23T16:03:34.144,275.1305,3.3712,5.2688
2026-07-23T16:03:34.144,275.1333,3.5083,5.3471
2026-07-23T16:03:34.158,275.1494,3.3712,5.2884
2026-07-23T16:03:34.168,275.1628,3.4887,5.308
2026-07-23T16:03:34.177,275.1676,3.3908,5.308
2026-07-23T16:03:34.184,275.1676,3.567,5.308
2026-07-23T16:03:34.191,275.1978,3.43,5.3667
2026-07-23T16:03:34.200,275.1978,3.4691,5.3471
2026-07-23T16:03:34.218,275.2055,3.5474,5.4059
2026-07-23T16:03:34.232,275.2295,3.5279,5.3667
2026-07-23T16:03:34.232,275.2295,3.567,5.445
2026-07-23T16:03:34.249,275.2426,3.5083,5.4059
2026-07-23T16:03:34.260,275.2448,3.5474,5.445
2026-07-23T16:03:34.264,275.2747,3.6258,5.4646
2026-07-23T16:03:34.280,275.2793,3.5866,5.4646
2026-07-23T16:03:34.293,275.2813,3.6062,5.4842
2026-07-23T16:03:34.296,275.2813,3.6062,5.4646
2026-07-23T16:03:34.311,275.3104,3.7237,5.4646
2026-07-23T16:03:34.318,275.3104,3.6649,5.445
2026-07-23T16:03:34.330,275.3229,3.7824,5.5821
2026-07-23T16:03:34.332,275.3229,3.7041,5.6408
2026-07-23T16:03:34.345,275.3548,3.7824,5.6017
2026-07-23T16:03:34.358,275.3548,3.7237,5.6212
2026-07-23T16:03:34.361,275.3598,3.8216,5.6604
2026-07-23T16:03:34.374,275.366,3.7237,5.6996
2026-07-23T16:03:34.390,275.3979,3.8412,5.6017
2026-07-23T16:03:34.392,275.3988,3.7824,5.7583
2026-07-23T16:03:34.411,275.4056,3.8216,5.7191
2026-07-23T16:03:34.417,275.4071,3.8999,5.7191
2026-07-23T16:03:34.430,275.4396,3.802,5.7779
2026-07-23T16:03:34.437,275.4407,3.8803,5.7387
2026-07-23T16:03:34.437,275.4407,3.8999,5.7191
2026-07-23T16:03:34.458,275.449,3.8803,5.7779
2026-07-23T16:03:34.468,275.4804,3.8412,5.8954
2026-07-23T16:03:34.484,275.4895,3.8607,5.7387
2026-07-23T16:03:34.490,275.4895,3.9195,5.7583
2026-07-23T16:03:34.498,275.4963,3.9391,5.7387
2026-07-23T16:03:34.506,275.5011,4.2132,5.8366
2026-07-23T16:03:34.517,275.5282,3.9782,5.8366
2026-07-23T16:03:34.525,275.5282,4.1349,5.8758
2026-07-23T16:03:34.540,275.5376,4.0174,5.9737
2026-07-23T16:03:34.547,275.5443,4.0761,5.8562
2026-07-23T16:03:34.558,275.5708,3.9782,5.8562
2026-07-23T16:03:34.564,275.5796,4.0761,5.8758
2026-07-23T16:03:34.579,275.5796,3.9978,5.8758
2026-07-23T16:03:34.588,275.5845,4.037,5.915
2026-07-23T16:03:34.599,275.5886,4.0761,5.915
2026-07-23T16:03:34.599,275.6164,4.1153,5.915
2026-07-23T16:03:34.617,275.6208,4.2132,5.9541
2026-07-23T16:03:34.630,275.6232,4.0761,5.9541
2026-07-23T16:03:34.635,275.6283,4.2132,6.0129
2026-07-23T16:03:34.642,275.6581,4.0565,6.0129
2026-07-23T16:03:34.659,275.6626,4.1349,5.9541
2026-07-23T16:03:34.674,275.67,3.9586,6.0129
2026-07-23T16:03:34.679,275.6715,4.1153,5.9345
2026-07-23T16:03:34.684,275.6742,4.037,5.9541
2026-07-23T16:03:34.691,275.706,4.0761,5.9345
2026-07-23T16:03:34.709,275.7094,4.1349,5.9737
2026-07-23T16:03:34.722,275.7174,4.0761,5.9345
2026-07-23T16:03:34.725,275.7174,4.0761,5.9345
2026-07-23T16:03:34.737,275.7498,4.0565,5.915
2026-07-23T16:03:34.737,275.7514,4.0957,5.9933
2026-07-23T16:03:34.760,275.7534,4.0565,5.9541
2026-07-23T16:03:34.768,275.7534,4.0957,5.9541
2026-07-23T16:03:34.768,275.7872,4.0957,5.915
2026-07-23T16:03:34.791,275.7928,4.1153,5.9345
2026-07-23T16:03:34.795,275.7928,4.1153,5.9541
2026-07-23T16:03:34.804,275.799,3.9586,5.8954
2026-07-23T16:03:34.825,275.8347,4.0761,5.8758
2026-07-23T16:03:34.831,275.8347,4.0174,5.8366
2026-07-23T16:03:34.844,275.8438,4.0761,5.9345
2026-07-23T16:03:34.850,275.8438,3.9586,5.8366
2026-07-23T16:03:34.858,275.8538,4.0565,5.8171
2026-07-23T16:03:34.867,275.8822,4.0565,5.915
2026-07-23T16:03:34.879,275.8822,4.0565,5.8171
2026-07-23T16:03:34.895,275.8919,4.0565,5.8366
2026-07-23T16:03:34.895,275.8919,4.0174,5.7975
2026-07-23T16:03:34.905,275.8919,4.0565,5.8171
2026-07-23T16:03:34.927,275.9231,3.9586,5.7975
2026-07-23T16:03:34.927,275.9231,3.9782,5.8366
2026-07-23T16:03:34.933,275.9231,3.9782,5.7779
2026-07-23T16:03:34.943,275.9444,4.037,5.8171
2026-07-23T16:03:34.960,275.9705,4.0174,5.8171
2026-07-23T16:03:34.974,275.9738,3.9782,5.7779
2026-07-23T16:03:34.974,275.9774,4.0174,5.8171
2026-07-23T16:03:34.990,275.9861,3.9391,5.7583
2026-07-23T16:03:34.998,275.9861,4.037,5.7975
2026-07-23T16:03:35.011,276.0178,3.9391,5.7387
2026-07-23T16:03:35.011,276.0178,4.0957,5.7583
2026-07-23T16:03:35.028,276.027,4.037,5.7779
2026-07-23T16:03:35.037,276.027,4.1153,5.8562
2026-07-23T16:03:35.058,276.0559,4.037,5.7975
2026-07-23T16:03:35.058,276.0559,4.1349,5.7779
2026-07-23T16:03:35.069,276.0628,4.0761,5.8758
2026-07-23T16:03:35.078,276.0686,4.0957,5.8171
2026-07-23T16:03:35.085,276.0983,4.174,5.8954
2026-07-23T16:03:35.101,276.0983,4.2524,5.915
2026-07-23T16:03:35.107,276.1075,4.2132,5.9933
2026-07-23T16:03:35.119,276.1105,4.1936,6.0324
2026-07-23T16:03:35.136,276.1405,4.2915,5.915
2026-07-23T16:03:35.136,276.1405,4.2915,6.0129
2026-07-23T16:03:35.149,276.1442,4.3894,5.9933
2026-07-23T16:03:35.158,276.1452,4.1153,6.0716
2026-07-23T16:03:35.164,276.178,4.3111,6.0912
2026-07-23T16:03:35.180,276.178,4.3894,5.9933
2026-07-23T16:03:35.191,276.1899,4.2524,5.9933
2026-07-23T16:03:35.196,276.1949,4.3698,5.9541
2026-07-23T16:03:35.196,276.1969,4.1936,6.052
2026-07-23T16:03:35.225,276.2256,4.3503,6.052
2026-07-23T16:03:35.225,276.2256,4.2132,6.0716
2026-07-23T16:03:35.248,276.2256,4.4482,6.1303
2026-07-23T16:03:35.248,276.2256,4.3307,6.0716
2026-07-23T16:03:35.263,276.2576,4.3698,6.052
2026-07-23T16:03:35.263,276.2576,4.3503,6.1108
2026-07-23T16:03:35.276,276.2714,4.2719,6.052
2026-07-23T16:03:35.276,276.274,4.3111,6.1303
2026-07-23T16:03:35.291,276.3033,4.3503,6.1499
2026-07-23T16:03:35.308,276.3075,4.2915,6.0912
2026-07-23T16:03:35.308,276.3075,4.3307,6.0129
2026-07-23T16:03:35.325,276.3075,4.3894,6.1499
2026-07-23T16:03:35.338,276.3425,4.409,6.1891
2026-07-23T16:03:35.345,276.3473,4.4677,6.3262
2026-07-23T16:03:35.358,276.3545,4.5656,6.3262
2026-07-23T16:03:35.358,276.3545,4.3894,6.3066
2026-07-23T16:03:35.370,276.3823,4.7027,6.4436
2026-07-23T16:03:35.386,276.3823,4.5461,6.5807
2026-07-23T16:03:35.405,276.3823,4.7027,6.4828
2026-07-23T16:03:35.405,276.3823,4.644,6.522
2026-07-23T16:03:35.428,276.4188,4.8006,6.5611
2026-07-23T16:03:35.428,276.4188,4.7419,6.6199
2026-07-23T16:03:35.433,276.4294,4.9181,6.6394
2026-07-23T16:03:35.449,276.4405,4.8398,6.6394
2026-07-23T16:03:35.458,276.4722,4.781,6.6199
2026-07-23T16:03:35.465,276.4742,4.8006,6.6394
2026-07-23T16:03:35.470,276.4795,4.8789,6.7178
2026-07-23T16:03:35.491,276.4795,4.8006,6.6394
2026-07-23T16:03:35.496,276.5184,4.781,6.7373
2026-07-23T16:03:35.511,276.5233,4.7419,6.7178
2026-07-23T16:03:35.511,276.5233,4.781,6.6786
2026-07-23T16:03:35.530,276.5233,4.7223,6.6394
2026-07-23T16:03:35.530,276.5306,4.8006,6.6982
2026-07-23T16:03:35.558,276.5547,4.7615,6.7373
2026-07-23T16:03:35.558,276.5547,4.9377,6.7765
2026-07-23T16:03:35.569,276.5677,4.8006,6.8157
2026-07-23T16:03:35.581,276.5737,4.9768,6.8744
2026-07-23T16:03:35.588,276.5866,4.8789,6.9136
2026-07-23T16:03:35.606,276.6224,5.0943,6.9136
2026-07-23T16:03:35.606,276.6224,4.8985,6.9136
2026-07-23T16:03:35.618,276.6273,5.0943,6.9527
2026-07-23T16:03:35.637,276.6356,5.016,7.0311
2026-07-23T16:03:35.637,276.6405,5.1139,6.894
2026-07-23T16:03:35.637,276.6742,4.9964,7.0115
2026-07-23T16:03:35.663,276.6742,5.0356,7.0115
2026-07-23T16:03:35.673,276.6811,5.016,6.9723
2026-07-23T16:03:35.691,276.6811,5.0943,6.9919
2026-07-23T16:03:35.691,276.6811,5.016,6.9527
2026-07-23T16:03:35.691,276.7148,5.0943,7.129
2026-07-23T16:03:35.720,276.7173,4.9964,7.0311
2026-07-23T16:03:35.720,276.7173,5.0943,7.1094
2026-07-23T16:03:35.725,276.7173,4.9377,7.0898
2026-07-23T16:03:35.738,276.7288,5.0943,6.9919
2026-07-23T16:03:35.748,276.7524,4.8985,6.9919
2026-07-23T16:03:35.761,276.7607,5.0747,7.0115
2026-07-23T16:03:35.768,276.7607,4.9377,6.9527
2026-07-23T16:03:35.780,276.7739,5.1335,7.0311
2026-07-23T16:03:35.791,276.8081,4.9377,7.0702
2026-07-23T16:03:35.803,276.8081,5.1139,7.0311
2026-07-23T16:03:35.811,276.8081,4.9573,7.0702
2026-07-23T16:03:35.811,276.8081,5.1726,7.0506
2026-07-23T16:03:35.832,276.8269,5.016,7.0311
2026-07-23T16:03:35.832,276.8553,5.1139,7.0311
2026-07-23T16:03:35.845,276.8678,5.016,7.0311
2026-07-23T16:03:35.859,276.8714,5.1335,7.0898
2026-07-23T16:03:35.859,276.8775,5.0747,7.1094
2026-07-23T16:03:35.883,276.8775,5.1531,7.1681
2026-07-23T16:03:35.891,276.9072,5.1922,7.2269
2026-07-23T16:03:35.906,276.9193,5.2706,7.2073
2026-07-23T16:03:35.906,276.9193,5.1922,7.2269
2026-07-23T16:03:35.919,276.9193,5.251,7.2464
2026-07-23T16:03:35.928,276.9193,5.1726,7.266
2026-07-23T16:03:35.938,276.9607,5.388,7.2856
2026-07-23T16:03:35.938,276.9607,5.2118,7.2269
2026-07-23T16:03:35.958,276.972,5.3685,7.3444
2026-07-23T16:03:35.958,276.974,5.2314,7.266
2026-07-23T16:03:35.983,276.9817,5.388,7.3248
2026-07-23T16:03:35.991,277.0155,5.1531,7.266
2026-07-23T16:03:36.001,277.0155,5.251,7.2269
2026-07-23T16:03:36.011,277.0155,4.9768,7.2073
2026-07-23T16:03:36.023,277.0301,5.0943,7.1094
2026-07-23T16:03:36.032,277.0301,4.8202,7.1681
2026-07-23T16:03:36.032,277.0404,4.8202,7.0898
2026-07-23T16:03:36.058,277.0602,4.7223,7.129
2026-07-23T16:03:36.058,277.0723,4.644,7.1681
2026-07-23T16:03:36.066,277.0738,4.5852,7.1681
2026-07-23T16:03:36.081,277.0787,4.6244,7.2073
2026-07-23T16:03:36.081,277.0787,4.6048,7.2269
2026-07-23T16:03:36.095,277.1196,4.644,7.266
2026-07-23T16:03:36.111,277.1227,4.644,7.2856
2026-07-23T16:03:36.111,277.1247,4.7027,7.3248
2026-07-23T16:03:36.129,277.1278,4.5852,7.2856
2026-07-23T16:03:36.137,277.154,4.7615,7.4031
2026-07-23T16:03:36.144,277.1654,4.644,7.3835
2026-07-23T16:03:36.158,277.1741,4.9181,7.4227
2026-07-23T16:03:36.173,277.1787,4.7419,7.4618
2026-07-23T16:03:36.179,277.1816,4.9768,7.5206
2026-07-23T16:03:36.189,277.2112,4.8202,7.6772
2026-07-23T16:03:36.192,277.2165,5.016,7.5793
2026-07-23T16:03:36.205,277.2165,4.9573,7.6968
2026-07-23T16:03:36.227,277.2302,5.0943,7.7947
2026-07-23T16:03:36.232,277.2322,5.1531,7.8339
2026-07-23T16:03:36.235,277.2687,5.1726,7.9122
2026-07-23T16:03:36.262,277.2729,5.1139,7.9122
2026-07-23T16:03:36.262,277.2759,5.2118,8.0101
2026-07-23T16:03:36.262,277.2769,5.0356,7.8926
2026-07-23T16:03:36.290,277.2797,5.2118,7.873
2026-07-23T16:03:36.291,277.2797,5.0943,7.9318
2026-07-23T16:03:36.318,277.3103,5.2314,8.0493
2026-07-23T16:03:36.318,277.3103,5.0747,7.9905
2026-07-23T16:03:36.320,277.323,5.2118,8.0297
2026-07-23T16:03:36.330,277.326,5.016,8.0101
2026-07-23T16:03:36.330,277.3363,5.1922,8.0297
2026-07-23T16:03:36.350,277.373,5.0747,8.0688
2026-07-23T16:03:36.361,277.3799,5.2706,8.0493
2026-07-23T16:03:36.361,277.3799,5.1335,8.1667
2026-07-23T16:03:36.377,277.392,5.1922,8.108
2026-07-23T16:03:36.391,277.3981,5.1531,8.2451
2026-07-23T16:03:36.393,277.4208,5.3293,8.1472
2026-07-23T16:03:36.408,277.4365,5.3685,8.2255
2026-07-23T16:03:36.408,277.4365,5.3685,8.343
2026-07-23T16:03:36.431,277.4407,5.4076,8.2842
2026-07-23T16:03:36.443,277.4407,5.4664,8.4409
2026-07-23T16:03:36.449,277.4516,5.388,8.4996
2026-07-23T16:03:36.458,277.474,5.5251,8.5975
2026-07-23T16:03:36.472,277.4914,5.5251,8.5779
2026-07-23T16:03:36.472,277.4914,5.6426,8.6758
2026-07-23T16:03:36.487,277.4914,5.5643,8.7737
2026-07-23T16:03:36.492,277.5055,5.7992,8.8717
2026-07-23T16:03:36.512,277.5319,5.6622,8.8521
2026-07-23T16:03:36.525,277.5319,5.8971,8.9891
2026-07-23T16:03:36.542,277.5451,5.7601,9.087
2026-07-23T16:03:36.542,277.5468,6.0538,9.1066
2026-07-23T16:03:36.550,277.5528,5.8971,9.1458
2026-07-23T16:03:36.558,277.5528,6.0734,9.2045
2026-07-23T16:03:36.583,277.5866,5.8971,9.2045
2026-07-23T16:03:36.583,277.594,6.0146,9.1849
2026-07-23T16:03:36.583,277.594,5.995,9.2241
2026-07-23T16:03:36.604,277.594,6.0538,9.2437
2026-07-23T16:03:36.604,277.637,6.0929,9.2828
2026-07-23T16:03:36.614,277.6409,6.1321,9.3416
2026-07-23T16:03:36.629,277.6473,6.1517,9.3024
2026-07-23T16:03:36.637,277.6504,6.23,9.4199
2026-07-23T16:03:36.645,277.6504,6.23,9.4982
2026-07-23T16:03:36.658,277.6885,6.3671,9.4982
2026-07-23T16:03:36.666,277.6885,6.2104,9.4982
2026-07-23T16:03:36.679,277.7,6.4454,9.557
2026-07-23T16:03:36.688,277.7045,6.2888,9.6157
2026-07-23T16:03:36.701,277.7103,6.5041,9.6157
2026-07-23T16:03:36.709,277.7119,6.4454,9.6353
2026-07-23T16:03:36.725,277.746,6.5629,9.694
2026-07-23T16:03:36.725,277.7517,6.4258,9.694
2026-07-23T16:03:36.739,277.7537,6.5825,9.694
2026-07-23T16:03:36.755,277.7537,6.465,9.7528
2026-07-23T16:03:36.759,277.7537,6.6608,9.7332
2026-07-23T16:03:36.771,277.7952,6.5629,9.7528
2026-07-23T16:03:36.787,277.7979,6.6412,9.7136
2026-07-23T16:03:36.787,277.7999,6.602,9.7724
2026-07-23T16:03:36.797,277.7999,6.6999,9.7332
2026-07-23T16:03:36.804,277.8081,6.5825,9.7332
2026-07-23T16:03:36.825,277.8466,6.6412,9.7724
2026-07-23T16:03:36.825,277.8466,6.5825,9.7332
2026-07-23T16:03:36.834,277.8466,6.6999,9.7528
2026-07-23T16:03:36.850,277.8466,6.6216,9.7332
2026-07-23T16:03:36.865,277.8625,6.6804,9.7332
2026-07-23T16:03:36.881,277.8789,6.5825,9.7332
2026-07-23T16:03:36.891,277.8932,6.6999,9.7136
2026-07-23T16:03:36.891,277.8932,6.5629,9.6549
2026-07-23T16:03:36.897,277.8932,6.6804,9.7332
2026-07-23T16:03:36.913,277.8932,6.5041,9.6549
2026-07-23T16:03:36.913,277.9257,6.6412,9.6157
2026-07-23T16:03:36.930,277.9388,6.4846,9.6549
2026-07-23T16:03:36.930,277.9408,6.6412,9.557
2026-07-23T16:03:36.944,277.9424,6.5041,9.6353
2026-07-23T16:03:36.960,277.9424,6.6216,9.5766
2026-07-23T16:03:36.966,277.9743,6.5237,9.6157
2026-07-23T16:03:36.976,277.9753,6.5433,9.6353
2026-07-23T16:03:36.990,277.9786,6.5433,9.6549
2026-07-23T16:03:36.993,277.9881,6.5825,9.7136
2026-07-23T16:03:37.007,278.008,6.5041,9.6353
2026-07-23T16:03:37.013,278.008,6.602,9.6549
2026-07-23T16:03:37.029,278.0196,6.5041,9.7136
2026-07-23T16:03:37.039,278.0196,6.6608,9.7136
2026-07-23T16:03:37.039,278.0524,6.5237,9.694
2026-07-23T16:03:37.059,278.0601,6.7391,9.7528
2026-07-23T16:03:37.059,278.0601,6.5237,9.7332
2026-07-23T16:03:37.070,278.0743,6.5825,9.694
2026-07-23T16:03:37.090,278.0999,6.4258,9.5961
2026-07-23T16:03:37.103,278.108,6.5825,9.6353
2026-07-23T16:03:37.111,278.108,6.3279,9.5374
2026-07-23T16:03:37.127,278.1147,6.465,9.4591
2026-07-23T16:03:37.136,278.1462,6.4062,9.5178
2026-07-23T16:03:37.138,278.149,6.465,9.5961
2026-07-23T16:03:37.151,278.149,6.5433,9.6549
2026-07-23T16:03:37.159,278.149,6.602,9.6549
2026-07-23T16:03:37.165,278.1619,6.8566,9.6745
2026-07-23T16:03:37.192,278.1934,6.6608,9.7724
2026-07-23T16:03:37.192,278.1955,6.6999,9.7919
2026-07-23T16:03:37.200,278.1955,6.8174,9.9094
2026-07-23T16:03:37.213,278.1955,6.7979,9.929
2026-07-23T16:03:37.221,278.2248,6.9153,10.0073
2026-07-23T16:03:37.233,278.2406,6.8566,9.9682
2026-07-23T16:03:37.233,278.2406,7.0132,10.1052
2026-07-23T16:03:37.246,278.2491,6.9937,10.2031
2026-07-23T16:03:37.261,278.2561,7.1111,10.2423
2026-07-23T16:03:37.263,278.2879,7.0328,10.2619
2026-07-23T16:03:37.276,278.2879,7.1895,10.3206
2026-07-23T16:03:37.291,278.2879,7.1111,10.3598
2026-07-23T16:03:37.300,278.2978,7.2874,10.399
2026-07-23T16:03:37.307,278.3292,7.1699,10.4773
2026-07-23T16:03:37.325,278.335,7.2678,10.4381
2026-07-23T16:03:37.329,278.3375,7.307,10.5556
2026-07-23T16:03:37.339,278.349,7.3461,10.5556
2026-07-23T16:03:37.349,278.3528,7.3657,10.5556
2026-07-23T16:03:37.359,278.3794,7.3853,10.5752
2026-07-23T16:03:37.371,278.3821,7.444,10.6143
2026-07-23T16:03:37.380,278.3821,7.4636,10.6731
2026-07-23T16:03:37.388,278.3967,7.4832,10.5948
2026-07-23T16:03:37.404,278.3982,7.4832,10.6731
2026-07-23T16:03:37.404,278.4209,7.4832,10.7122
2026-07-23T16:03:37.421,278.4297,7.5615,10.8101
2026-07-23T16:03:37.433,278.4297,7.5811,10.908
2026-07-23T16:03:37.433,278.4379,7.8161,10.9472
2026-07-23T16:03:37.449,278.4408,7.7573,11.0451
2026-07-23T16:03:37.465,278.4639,7.9335,11.143
2026-07-23T16:03:37.465,278.4639,7.9923,11.2213
2026-07-23T16:03:37.480,278.4742,8.0119,11.2213
2026-07-23T16:03:37.492,278.4773,8.0314,11.3976
2026-07-23T16:03:37.515,278.5095,8.0706,11.3388
2026-07-23T16:03:37.515,278.5095,8.0706,11.4367
2026-07-23T16:03:37.515,278.5095,8.0314,11.3976
2026-07-23T16:03:37.528,278.5095,8.1293,11.4955
2026-07-23T16:03:37.552,278.5489,8.1098,11.5542
2026-07-23T16:03:37.552,278.5489,8.2664,11.5346
2026-07-23T16:03:37.560,278.5552,8.3056,11.5934
2026-07-23T16:03:37.560,278.5583,8.2664,11.613
2026-07-23T16:03:37.577,278.5583,8.3056,11.6717
2026-07-23T16:03:37.591,278.5894,8.2272,11.7892
2026-07-23T16:03:37.591,278.5894,8.3252,11.7696
2026-07-23T16:03:37.609,278.5894,8.2468,11.7304
2026-07-23T16:03:37.609,278.6035,8.2468,11.75
2026-07-23T16:03:37.629,278.6296,8.2664,11.7109
2026-07-23T16:03:37.640,278.6348,8.3056,11.7696
2026-07-23T16:03:37.640,278.6348,8.286,11.7696
2026-07-23T16:03:37.659,278.6508,8.3447,11.8283
2026-07-23T16:03:37.670,278.6665,8.3252,11.8871
2026-07-23T16:03:37.680,278.674,8.3839,11.8479
2026-07-23T16:03:37.691,278.674,8.4622,11.9262
2026-07-23T16:03:37.702,278.6979,8.3839,11.8871
2026-07-23T16:03:37.702,278.6979,8.5014,11.9067
2026-07-23T16:03:37.725,278.7128,8.4622,11.9654
2026-07-23T16:03:37.729,278.7138,8.5405,11.9458
2026-07-23T16:03:37.749,278.7409,8.521,12.0242
2026-07-23T16:03:37.749,278.7455,8.6384,12.0242
2026-07-23T16:03:37.749,278.7494,8.6189,12.0437
2026-07-23T16:03:37.769,278.7784,8.6384,12.0437
2026-07-23T16:03:37.781,278.7784,8.658,12.1221
2026-07-23T16:03:37.792,278.7784,8.658,12.1808
2026-07-23T16:03:37.800,278.7929,8.7363,12.2004
2026-07-23T16:03:37.812,278.8089,8.7168,12.22
2026-07-23T16:03:37.812,278.8213,8.7363,12.2591
2026-07-23T16:03:37.829,278.8248,8.658,12.2591
2026-07-23T16:03:37.844,278.8304,8.7755,12.2395
2026-07-23T16:03:37.847,278.8345,8.7559,12.2395
2026-07-23T16:03:37.860,278.8565,8.8147,12.3179
2026-07-23T16:03:37.860,278.8565,8.8734,12.4353
2026-07-23T16:03:37.881,278.8565,8.8734,12.4941
2026-07-23T16:03:37.888,278.8954,9.0496,12.592
2026-07-23T16:03:37.907,278.9037,8.9713,12.6507
2026-07-23T16:03:37.907,278.9037,9.128,12.6116
2026-07-23T16:03:37.925,278.9089,9.0496,12.6507
2026-07-23T16:03:37.930,278.935,9.1475,12.6116
2026-07-23T16:03:37.941,278.935,9.0888,12.592
2026-07-23T16:03:37.954,278.9407,9.0301,12.6116
2026-07-23T16:03:37.960,278.9449,9.0496,12.6312
2026-07-23T16:03:37.972,278.9665,9.0301,12.6312
2026-07-23T16:03:37.972,278.974,9.1475,12.6703
2026-07-23T16:03:37.992,278.9793,9.0496,12.6507
2026-07-23T16:03:37.996,279.0031,9.1084,12.7095
2026-07-23T16:03:38.017,279.0108,9.128,12.7486
2026-07-23T16:03:38.023,279.0136,9.0692,12.6899
2026-07-23T16:03:38.030,279.0156,9.128,12.7095
2026-07-23T16:03:38.033,279.0503,9.0496,12.6703
2026-07-23T16:03:38.049,279.0532,9.0888,12.7095
2026-07-23T16:03:38.062,279.0532,9.0105,12.6703
2026-07-23T16:03:38.070,279.061,9.1475,12.7095
2026-07-23T16:03:38.082,279.0797,9.1084,12.6703
2026-07-23T16:03:38.092,279.0882,9.2454,12.6703
2026-07-23T16:03:38.101,279.0882,9.0888,12.7291
2026-07-23T16:03:38.112,279.0943,9.2063,12.6899
2026-07-23T16:03:38.121,279.1194,9.0692,12.6703
2026-07-23T16:03:38.130,279.1194,9.1671,12.6507
2026-07-23T16:03:38.139,279.1246,9.128,12.7095
2026-07-23T16:03:38.147,279.1551,9.0888,12.7486
2026-07-23T16:03:38.160,279.1551,9.0496,12.7095
2026-07-23T16:03:38.175,279.1551,9.0888,12.7682
2026-07-23T16:03:38.181,279.1551,9.1475,12.7291
2026-07-23T16:03:38.197,279.1865,9.0888,12.6507
2026-07-23T16:03:38.197,279.1865,9.0105,12.5724
2026-07-23T16:03:38.206,279.2043,8.9322,12.5528
2026-07-23T16:03:38.222,279.2091,9.0105,12.4353
2026-07-23T16:03:38.231,279.2388,8.9517,12.5333
2026-07-23T16:03:38.237,279.2408,8.8538,12.4941
2026-07-23T16:03:38.255,279.2408,9.0105,12.6116
2026-07-23T16:03:38.260,279.2501,8.9126,12.5333
2026-07-23T16:03:38.269,279.2741,9.0496,12.5333
2026-07-23T16:03:38.286,279.2816,8.8343,12.5724
2026-07-23T16:03:38.292,279.2816,8.9517,12.4353
2026-07-23T16:03:38.301,279.2816,8.8343,12.4745
2026-07-23T16:03:38.306,279.3133,8.9126,12.357
2026-07-23T16:03:38.317,279.3133,8.8538,12.4549
2026-07-23T16:03:38.332,279.3211,8.8343,12.5137
2026-07-23T16:03:38.332,279.3272,8.893,12.592
2026-07-23T16:03:38.360,279.3495,8.9517,12.5137
2026-07-23T16:03:38.360,279.3495,8.8734,12.5724
2026-07-23T16:03:38.372,279.3495,8.893,12.5724
2026-07-23T16:03:38.380,279.3841,8.8538,12.5528
2026-07-23T16:03:38.381,279.3841,8.8734,12.5528
2026-07-23T16:03:38.400,279.3925,8.8734,12.5137
2026-07-23T16:03:38.400,279.3925,8.9713,12.5724
2026-07-23T16:03:38.411,279.4236,8.8538,12.5724
2026-07-23T16:03:38.432,279.4236,9.0105,12.5724
2026-07-23T16:03:38.442,279.429,8.9909,12.6312
2026-07-23T16:03:38.443,279.4553,9.1671,12.6899
2026-07-23T16:03:38.458,279.4553,9.0692,12.7486
2026-07-23T16:03:38.474,279.4638,9.1867,12.7878
2026-07-23T16:03:38.483,279.4712,9.1084,12.8465
2026-07-23T16:03:38.491,279.5027,9.2259,12.9053
2026-07-23T16:03:38.491,279.5101,9.3042,12.8661
2026-07-23T16:03:38.515,279.5135,9.3042,12.9053
2026-07-23T16:03:38.522,279.5183,9.3825,12.964
2026-07-23T16:03:38.538,279.5468,9.3629,12.9444
2026-07-23T16:03:38.538,279.5498,9.2846,12.9249
2026-07-23T16:03:38.553,279.5498,9.3042,12.964
2026-07-23T16:03:38.561,279.5498,9.2846,12.964
2026-07-23T16:03:38.569,279.5498,9.3042,13.0424
2026-07-23T16:03:38.579,279.5887,9.3434,13.0228
2026-07-23T16:03:38.592,279.5976,9.4608,13.1011
2026-07-23T16:03:38.601,279.5976,9.3238,13.1011
2026-07-23T16:03:38.601,279.5976,9.5392,13.1598
2026-07-23T16:03:38.616,279.6307,9.4021,13.1794
2026-07-23T16:03:38.632,279.6307,9.6371,13.1794
2026-07-23T16:03:38.632,279.6307,9.5,13.3165
2026-07-23T16:03:38.648,279.6447,9.735,13.3165
2026-07-23T16:03:38.658,279.6721,9.6175,13.3752
2026-07-23T16:03:38.664,279.6768,9.7154,13.3948
2026-07-23T16:03:38.664,279.6768,9.735,13.4144
2026-07-23T16:03:38.696,279.682,9.735,13.4144
2026-07-23T16:03:38.696,279.682,9.6958,13.4731
2026-07-23T16:03:38.712,279.7105,9.7937,13.4927
2026-07-23T16:03:38.723,279.7138,9.8525,13.5515
2026-07-23T16:03:38.733,279.7173,9.8916,13.6298
2026-07-23T16:03:38.740,279.7268,9.872,13.5319
2026-07-23T16:03:38.747,279.7407,9.9504,13.6298
2026-07-23T16:03:38.765,279.7407,9.8916,13.6298
2026-07-23T16:03:38.768,279.7553,10.0678,13.6102
2026-07-23T16:03:38.778,279.7826,9.9112,13.5515
2026-07-23T16:03:38.791,279.7826,10.0874,13.6298
2026-07-23T16:03:38.791,279.7871,9.872,13.5906
2026-07-23T16:03:38.812,279.7871,9.9895,13.571
2026-07-23T16:03:38.822,279.8094,9.7937,13.6689
2026-07-23T16:03:38.833,279.8188,10.0483,13.6102
2026-07-23T16:03:38.838,279.8224,9.9112,13.7081
2026-07-23T16:03:38.853,279.8409,10.0874,13.6689
2026-07-23T16:03:38.860,279.8516,10.0287,13.6689
2026-07-23T16:03:38.873,279.8541,9.9699,13.6298
2026-07-23T16:03:38.873,279.8743,9.872,13.5515
2026-07-23T16:03:38.892,279.8743,9.9308,13.5515
2026-07-23T16:03:38.902,279.883,9.8133,13.571
2026-07-23T16:03:38.905,279.883,9.9112,13.6298
2026-07-23T16:03:38.917,279.9073,9.9112,13.5906
2026-07-23T16:03:38.931,279.9113,9.9895,13.6885
2026-07-23T16:03:38.934,279.9301,9.8916,13.6298
2026-07-23T16:03:38.951,279.9301,9.9699,13.6885
2026-07-23T16:03:38.962,279.9411,9.7741,13.7668
2026-07-23T16:03:38.973,279.9681,9.9699,13.6102
2026-07-23T16:03:38.981,279.9705,9.7545,13.6689
2026-07-23T16:03:38.992,279.9743,10.0483,13.6885
2026-07-23T16:03:38.997,279.9945,9.8916,13.7473
2026-07-23T16:03:39.012,279.9945,10.0678,13.7473
2026-07-23T16:03:39.021,280.004,9.9895,13.7277
2026-07-23T16:03:39.034,280.0255,10.1266,13.7277
2026-07-23T16:03:39.034,280.0255,10.0874,13.7277
2026-07-23T16:03:39.055,280.0326,10.0874,13.7277
2026-07-23T16:03:39.060,280.0569,10.0091,13.7864
2026-07-23T16:03:39.060,280.0569,10.1266,13.7668
2026-07-23T16:03:39.083,280.0569,9.9504,13.7473
2026-07-23T16:03:39.083,280.0699,10.0678,13.7277
2026-07-23T16:03:39.101,280.0893,10.0287,13.7081
2026-07-23T16:03:39.108,280.0945,10.0483,13.7081
2026-07-23T16:03:39.121,280.0945,10.0287,13.7081
2026-07-23T16:03:39.139,280.1209,10.2441,13.7473
2026-07-23T16:03:39.140,280.1209,10.1462,13.6885
2026-07-23T16:03:39.145,280.1263,10.3224,13.7277
2026-07-23T16:03:39.160,280.1508,10.1266,13.7473
2026-07-23T16:03:39.172,280.1539,10.3224,13.7277
2026-07-23T16:03:39.177,280.1539,10.1853,13.7864
2026-07-23T16:03:39.192,280.1742,10.3224,13.7668
2026-07-23T16:03:39.205,280.1842,10.2245,13.7668
2026-07-23T16:03:39.205,280.2096,10.4007,13.6689
2026-07-23T16:03:39.225,280.2096,10.3811,13.7473
2026-07-23T16:03:39.225,280.2142,10.3616,13.7668
2026-07-23T16:03:39.238,280.2142,10.4007,13.7668
2026-07-23T16:03:39.249,280.2409,10.4595,13.7473
2026-07-23T16:03:39.260,280.2462,10.4203,13.8256
2026-07-23T16:03:39.265,280.2467,10.4595,13.806
2026-07-23T16:03:39.281,280.2762,10.3616,13.8256
2026-07-23T16:03:39.281,280.2772,10.4595,13.9626
2026-07-23T16:03:39.297,280.2772,10.2832,13.8843
2026-07-23T16:03:39.312,280.3073,10.5574,13.8843
2026-07-23T16:03:39.322,280.3088,10.3811,14.0214
2026-07-23T16:03:39.328,280.3122,10.5965,14.1389
2026-07-23T16:03:39.336,280.3249,10.4595,14.1389
2026-07-23T16:03:39.349,280.3411,10.6357,14.2759
2026-07-23T16:03:39.361,280.3411,10.4986,14.2564
2026-07-23T16:03:39.376,280.373,10.714,14.2564
2026-07-23T16:03:39.376,280.374,10.5965,14.3347
2026-07-23T16:03:39.392,280.3762,10.7336,14.3543
2026-07-23T16:03:39.398,280.403,10.6553,14.3934
2026-07-23T16:03:39.418,280.4075,10.714,14.3738
2026-07-23T16:03:39.431,280.41,10.6944,14.4326
2026-07-23T16:03:39.432,280.41,10.7532,14.4522
2026-07-23T16:03:39.442,280.4362,10.7923,14.3934
2026-07-23T16:03:39.442,280.4362,10.7727,14.4913
2026-07-23T16:03:39.461,280.4409,10.6944,14.3738
2026-07-23T16:03:39.471,280.4647,10.8119,14.5109
2026-07-23T16:03:39.474,280.4681,10.7336,14.4326
2026-07-23T16:03:39.492,280.474,10.9294,14.4717
2026-07-23T16:03:39.503,280.4856,10.714,14.4913
2026-07-23T16:03:39.503,280.4998,10.9098,14.4717
2026-07-23T16:03:39.525,280.4998,10.714,14.4913
2026-07-23T16:03:39.535,280.5315,10.9881,14.4522
2026-07-23T16:03:39.536,280.5315,10.6748,14.5305
2026-07-23T16:03:39.551,280.5315,10.8902,14.5501
2026-07-23T16:03:39.561,280.5628,10.7727,14.648
2026-07-23T16:03:39.571,280.5628,10.9098,14.7067
2026-07-23T16:03:39.582,280.5628,10.9098,14.6088
2026-07-23T16:03:39.592,280.5742,10.8707,14.5305
2026-07-23T16:03:39.601,280.5991,10.8511,14.6871
2026-07-23T16:03:39.601,280.5991,10.8707,14.5892
2026-07-23T16:03:39.625,280.61,10.8511,14.5892
2026-07-23T16:03:39.629,280.61,10.7923,14.5697
2026-07-23T16:03:39.645,280.6315,10.8707,14.6284
2026-07-23T16:03:39.650,280.6315,10.8707,14.648
2026-07-23T16:03:39.661,280.6408,10.8707,14.5892
2026-07-23T16:03:39.661,280.6643,11.0469,14.6284
2026-07-23T16:03:39.682,280.6643,10.8902,14.4913
2026-07-23T16:03:39.692,280.6741,11.086,14.7067
2026-07-23T16:03:39.692,280.6879,10.9294,14.7263
2026-07-23T16:03:39.708,280.6879,11.1839,14.8046
2026-07-23T16:03:39.723,280.7054,11.086,14.8242
2026-07-23T16:03:39.725,280.7193,11.3014,14.8046
2026-07-23T16:03:39.739,280.7352,11.1644,14.7459
2026-07-23T16:03:39.756,280.7382,11.321,14.6871
2026-07-23T16:03:39.761,280.741,11.3014,14.6676
2026-07-23T16:03:39.770,280.7566,11.321,14.6676
2026-07-23T16:03:39.770,280.7686,11.3406,14.7459
2026-07-23T16:03:39.789,280.7741,11.4385,14.7067
2026-07-23T16:03:39.807,280.7991,11.3993,14.6088
2026-07-23T16:03:39.807,280.7991,11.3602,14.6088
2026-07-23T16:03:39.819,280.8075,11.3406,14.5501
2026-07-23T16:03:39.835,280.8297,11.4581,14.5501
2026-07-23T16:03:39.837,280.8402,11.3602,14.5697
2026-07-23T16:03:39.850,280.8407,11.4972,14.6284
2026-07-23T16:03:39.861,280.8688,11.3406,14.5109
2026-07-23T16:03:39.865,280.8731,11.4385,14.4522
2026-07-23T16:03:39.865,280.8741,11.1839,14.413
2026-07-23T16:03:39.891,280.8768,11.3798,14.4717
2026-07-23T16:03:39.898,280.8793,11.1252,14.3934
2026-07-23T16:03:39.914,280.9002,11.1839,14.3934
2026-07-23T16:03:39.920,280.9002,11.0273,14.4522
2026-07-23T16:03:39.930,280.9105,11.0665,14.413
2026-07-23T16:03:39.943,280.9255,11.0273,14.4522
2026-07-23T16:03:39.951,280.9255,11.0273,14.413
2026-07-23T16:03:39.961,280.9403,11.1056,14.4913
2026-07-23T16:03:39.961,280.956,11.0469,14.4913
2026-07-23T16:03:39.976,280.9654,11.0077,14.5109
2026-07-23T16:03:39.991,280.9654,11.086,14.5892
2026-07-23T16:03:39.992,280.9869,11.0273,14.5305
2026-07-23T16:03:40.007,280.9869,11.086,14.5892
2026-07-23T16:03:40.022,281.0031,10.9686,14.5305
2026-07-23T16:03:40.025,281.0263,11.0665,14.5305
2026-07-23T16:03:40.038,281.0263,10.949,14.5697
2026-07-23T16:03:40.054,281.0346,11.086,14.6088
2026-07-23T16:03:40.061,281.0504,11.0077,14.785
2026-07-23T16:03:40.070,281.0504,11.2231,14.7263
2026-07-23T16:03:40.085,281.0663,10.9881,14.7459
2026-07-23T16:03:40.096,281.0902,11.1839,14.7263
2026-07-23T16:03:40.101,281.0902,11.0665,14.8046
2026-07-23T16:03:40.101,281.0902,11.1056,14.785
2026-07-23T16:03:40.117,281.1151,11.1056,14.8829
2026-07-23T16:03:40.125,281.1151,11.1448,14.8634
2026-07-23T16:03:40.141,281.1151,11.1056,14.8634
2026-07-23T16:03:40.149,281.1151,11.1252,14.8634
2026-07-23T16:03:40.166,281.1514,11.1056,14.8634
2026-07-23T16:03:40.166,281.1514,11.086,14.8829
2026-07-23T16:03:40.183,281.179,11.0273,14.8829
2026-07-23T16:03:40.196,281.179,11.0665,14.8829
2026-07-23T16:03:40.202,281.179,11.0077,14.8242
2026-07-23T16:03:40.210,281.2107,11.1056,14.8634
2026-07-23T16:03:40.227,281.2134,10.949,14.8046
2026-07-23T16:03:40.230,281.2154,11.1252,14.8829
2026-07-23T16:03:40.239,281.2154,11.0469,14.8046
2026-07-23T16:03:40.258,281.2433,11.2035,14.8046
2026-07-23T16:03:40.258,281.2433,11.0273,14.9417
2026-07-23T16:03:40.266,281.2529,11.1252,14.8829
2026-07-23T16:03:40.275,281.2787,11.0469,14.8634
2026-07-23T16:03:40.294,281.2809,11.086,14.785
2026-07-23T16:03:40.294,281.2866,11.0469,14.8438
2026-07-23T16:03:40.312,281.3106,11.0469,14.8438
2026-07-23T16:03:40.324,281.3126,11.1252,14.9025
2026-07-23T16:03:40.337,281.3184,11.1448,14.9417
2026-07-23T16:03:40.339,281.3406,11.1252,14.8829
2026-07-23T16:03:40.353,281.3501,11.1056,14.8829
2026-07-23T16:03:40.363,281.3501,11.1056,14.9025
2026-07-23T16:03:40.369,281.3501,11.1644,14.9613
2026-07-23T16:03:40.385,281.3743,11.1252,14.9417
2026-07-23T16:03:40.391,281.3826,11.2231,15.0396
2026-07-23T16:03:40.401,281.3865,11.1252,14.9613
2026-07-23T16:03:40.417,281.4177,11.2231,15.0592
2026-07-23T16:03:40.425,281.4177,11.2231,15.02
2026-07-23T16:03:40.425,281.4242,11.3602,15.0592
2026-07-23T16:03:40.439,281.4242,11.2623,15.0788
2026-07-23T16:03:40.450,281.4531,11.3602,15.0592
2026-07-23T16:03:40.461,281.4531,11.2818,15.0983
2026-07-23T16:03:40.473,281.4612,11.2818,15.0396
2026-07-23T16:03:40.497,281.4889,11.3602,15.0592
2026-07-23T16:03:40.497,281.4928,11.3798,15.0396
2026-07-23T16:03:40.504,281.4928,11.3993,15.0592
2026-07-23T16:03:40.504,281.4928,11.5168,15.0983
2026-07-23T16:03:40.525,281.5271,11.556,15.1767
2026-07-23T16:03:40.528,281.5309,11.5364,15.2158
2026-07-23T16:03:40.544,281.5346,11.4972,15.3137
2026-07-23T16:03:40.544,281.5346,11.4385,15.255
2026-07-23T16:03:40.562,281.5558,11.4385,15.2354
2026-07-23T16:03:40.562,281.5558,11.5951,15.3137
2026-07-23T16:03:40.582,281.5558,11.4777,15.4116
2026-07-23T16:03:40.592,281.5765,11.5951,15.3725
2026-07-23T16:03:40.600,281.6029,11.5364,15.4116
2026-07-23T16:03:40.607,281.6075,11.6735,15.5291
2026-07-23T16:03:40.627,281.6111,11.5951,15.5291
2026-07-23T16:03:40.627,281.641,11.7126,15.5095
2026-07-23T16:03:40.641,281.6466,11.6539,15.5291
2026-07-23T16:03:40.654,281.6466,11.693,15.5095
2026-07-23T16:03:40.662,281.6506,11.7126,15.5095
2026-07-23T16:03:40.670,281.6774,11.6343,15.5291
2026-07-23T16:03:40.683,281.682,11.6539,15.6074
2026-07-23T16:03:40.692,281.6855,11.6343,15.5683
2026-07-23T16:03:40.701,281.6894,11.6343,15.5879
2026-07-23T16:03:40.701,281.7157,11.5951,15.5879
2026-07-23T16:03:40.725,281.7157,11.556,15.627
2026-07-23T16:03:40.731,281.7157,11.5168,15.6662
2026-07-23T16:03:40.740,281.7157,11.5168,15.627
2026-07-23T16:03:40.748,281.7562,11.6147,15.6858
2026-07-23T16:03:40.765,281.7577,11.4972,15.6858
2026-07-23T16:03:40.767,281.7632,11.4972,15.7249
2026-07-23T16:03:40.781,281.7677,11.4581,15.7249
2026-07-23T16:03:40.796,281.7995,11.4385,15.7053
2026-07-23T16:03:40.796,281.7995,11.3014,15.7445
2026-07-23T16:03:40.814,281.8086,11.3602,15.6662
2026-07-23T16:03:40.818,281.8113,11.2623,15.7445
2026-07-23T16:03:40.828,281.8413,11.2035,15.7641
2026-07-23T16:03:40.843,281.8413,11.321,15.7053
2026-07-23T16:03:40.850,281.8413,11.2035,15.6466
2026-07-23T16:03:40.862,281.8542,11.1839,15.6662
2026-07-23T16:03:40.875,281.8828,11.1448,15.6074
2026-07-23T16:03:40.875,281.8874,11.2427,15.7053
2026-07-23T16:03:40.892,281.89,11.2231,15.627
2026-07-23T16:03:40.905,281.89,11.2035,15.7053
2026-07-23T16:03:40.907,281.9182,11.1644,15.7053
2026-07-23T16:03:40.925,281.9243,11.1448,15.6858
2026-07-23T16:03:40.925,281.9278,11.1839,15.8228
2026-07-23T16:03:40.941,281.9278,11.0665,15.7053
2026-07-23T16:03:40.955,281.9508,11.1252,15.6858
2026-07-23T16:03:40.969,281.9508,11.0469,15.7053
2026-07-23T16:03:40.969,281.966,11.1056,15.627
2026-07-23T16:03:40.979,281.966,10.9686,15.7445
2026-07-23T16:03:40.994,281.9968,10.9686,15.6662
2026-07-23T16:03:41.002,281.9968,10.9294,15.6858
2026-07-23T16:03:41.002,281.9968,10.9098,15.6858
2026-07-23T16:03:41.017,282.0078,11.0469,15.7445
2026-07-23T16:03:41.032,282.0281,10.9294,15.7445
2026-07-23T16:03:41.041,282.041,11.0273,15.8228
2026-07-23T16:03:41.048,282.041,11.0469,15.8228
2026-07-23T16:03:41.063,282.0471,11.0273,15.8032
2026-07-23T16:03:41.079,282.0778,10.9294,15.862
2026-07-23T16:03:41.079,282.0803,11.086,15.7837
2026-07-23T16:03:41.092,282.0803,11.1056,15.8228
2026-07-23T16:03:41.101,282.0803,11.1448,15.8032
2026-07-23T16:03:41.111,282.1153,11.321,15.9207
2026-07-23T16:03:41.111,282.1178,11.1644,15.7249
2026-07-23T16:03:41.131,282.1178,11.2231,15.8032
2026-07-23T16:03:41.131,282.1474,11.2035,15.7837
2026-07-23T16:03:41.162,282.1545,11.3602,15.7641
2026-07-23T16:03:41.162,282.1545,11.3406,15.8424
2026-07-23T16:03:41.174,282.1609,11.3602,15.7837
2026-07-23T16:03:41.184,282.1909,11.4385,15.8424
2026-07-23T16:03:41.189,282.1909,11.3602,15.7445
2026-07-23T16:03:41.205,282.1909,11.4972,15.7641
2026-07-23T16:03:41.212,282.2017,11.321,15.8228
2026-07-23T16:03:41.223,282.2177,11.4189,15.9207
2026-07-23T16:03:41.225,282.2335,11.3602,15.9011
2026-07-23T16:03:41.242,282.2335,11.4385,15.8816
2026-07-23T16:03:41.252,282.2409,11.3602,15.999
2026-07-23T16:03:41.262,282.2649,11.3993,15.999
2026-07-23T16:03:41.268,282.2649,11.3602,16.0186
2026-07-23T16:03:41.268,282.2649,11.3014,15.9795
2026-07-23T16:03:41.292,282.2744,11.3014,16.0578
2026-07-23T16:03:41.309,282.2999,11.2623,16.0578
2026-07-23T16:03:41.309,282.2999,11.2623,16.0186
2026-07-23T16:03:41.325,282.3075,11.1839,16.0382
2026-07-23T16:03:41.331,282.3272,11.1644,15.9795
2026-07-23T16:03:41.347,282.3272,11.1839,16.0578
2026-07-23T16:03:41.351,282.3416,11.2035,15.9011
2026-07-23T16:03:41.358,282.3693,11.2035,15.9599
2026-07-23T16:03:41.369,282.3741,11.1448,15.9599
2026-07-23T16:03:41.378,282.3752,11.2623,15.9403
2026-07-23T16:03:41.392,282.3789,11.1448,15.9207
2026-07-23T16:03:41.394,282.4116,11.321,15.9795
2026-07-23T16:03:41.410,282.4116,11.1839,15.999
2026-07-23T16:03:41.425,282.4116,11.086,15.9403
2026-07-23T16:03:41.430,282.4234,10.9881,15.9599
2026-07-23T16:03:41.442,282.448,11.1252,15.9207
2026-07-23T16:03:41.442,282.4526,11.0273,15.9599
2026-07-23T16:03:41.462,282.4582,11.0273,15.9011
2026-07-23T16:03:41.476,282.4582,11.0469,15.9207
2026-07-23T16:03:41.476,282.4866,11.0665,15.8816
2026-07-23T16:03:41.492,282.4921,11.0273,15.9207
2026-07-23T16:03:41.509,282.4921,11.0469,15.9795
2026-07-23T16:03:41.509,282.4921,11.0077,15.8816
2026-07-23T16:03:41.522,282.5275,11.0469,15.9207
2026-07-23T16:03:41.525,282.534,10.9686,15.8816
2026-07-23T16:03:41.543,282.5364,11.1839,15.9403
2026-07-23T16:03:41.543,282.5407,11.0273,15.9599
2026-07-23T16:03:41.563,282.5714,11.1644,16.0186
2026-07-23T16:03:41.569,282.5732,11.0273,16.0774
2026-07-23T16:03:41.589,282.5762,11.2231,16.0186
2026-07-23T16:03:41.592,282.5762,11.1252,16.0382
2026-07-23T16:03:41.601,282.6077,11.3406,16.0382
2026-07-23T16:03:41.617,282.6135,11.2231,16.097
2026-07-23T16:03:41.624,282.6135,11.3993,16.1165
2026-07-23T16:03:41.627,282.641,11.3602,16.1753
2026-07-23T16:03:41.648,282.6452,11.5168,16.2144
2026-07-23T16:03:41.650,282.6452,11.5364,16.234
2026-07-23T16:03:41.664,282.6531,11.5951,16.1753
2026-07-23T16:03:41.669,282.6821,11.6735,16.2732
2026-07-23T16:03:41.684,282.6867,11.9084,16.3123
2026-07-23T16:03:41.692,282.6867,11.8105,16.2144
2026-07-23T16:03:41.704,282.6929,11.8889,16.234
2026-07-23T16:03:41.718,282.7274,11.8497,16.1949
2026-07-23T16:03:41.728,282.7274,11.9084,16.234
2026-07-23T16:03:41.728,282.7274,11.7322,16.234
2026-07-23T16:03:41.744,282.7274,11.9476,16.3123
2026-07-23T16:03:41.747,282.7588,11.8497,16.3711
2026-07-23T16:03:41.768,282.7588,12.0455,16.3711
2026-07-23T16:03:41.768,282.7588,11.928,16.4102
2026-07-23T16:03:41.778,282.7743,12.1434,16.4298
2026-07-23T16:03:41.792,282.7785,11.928,16.4886
2026-07-23T16:03:41.807,282.8035,12.0847,16.4298
2026-07-23T16:03:41.810,282.8075,12.0455,16.4494
2026-07-23T16:03:41.810,282.8119,12.0651,16.3711
2026-07-23T16:03:41.829,282.8374,12.0455,16.4886
2026-07-23T16:03:41.839,282.8402,12.0259,16.4298
2026-07-23T16:03:41.854,282.8422,11.9672,16.469
2026-07-23T16:03:41.863,282.8459,12.0259,16.5669
2026-07-23T16:03:41.870,282.8744,11.9476,16.4886
2026-07-23T16:03:41.870,282.8744,12.0651,16.5081
2026-07-23T16:03:41.891,282.8839,11.9868,16.4886
2026-07-23T16:03:41.901,282.9121,12.1434,16.5277
2026-07-23T16:03:41.917,282.9138,11.9672,16.4494
2026-07-23T16:03:41.917,282.9138,12.1434,16.5865
2026-07-23T16:03:41.935,282.9138,12.1238,16.5081
2026-07-23T16:03:41.943,282.9256,12.163,16.5081
2026-07-23T16:03:41.959,282.9517,12.0259,16.5081
2026-07-23T16:03:41.965,282.9517,12.163,16.4886
2026-07-23T16:03:41.976,282.9517,12.1238,16.5473
2026-07-23T16:03:41.981,282.978,12.3,16.5277
2026-07-23T16:03:41.996,282.978,12.2805,16.5865
2026-07-23T16:03:42.002,282.9899,12.4371,16.5081
2026-07-23T16:03:42.012,282.9945,12.2609,16.5277
2026-07-23T16:03:42.018,283.0124,12.3784,16.5473
2026-07-23T16:03:42.029,283.0224,12.3979,16.5865
2026-07-23T16:03:42.045,283.0271,12.4371,16.5473
2026-07-23T16:03:42.045,283.0509,12.4959,16.5081
2026-07-23T16:03:42.063,283.0558,12.535,16.5865
2026-07-23T16:03:42.063,283.0573,12.4567,16.5081
2026-07-23T16:03:42.087,283.0875,12.6329,16.6648
2026-07-23T16:03:42.093,283.0892,12.4175,16.5081
2026-07-23T16:03:42.107,283.0926,12.5938,16.5865
2026-07-23T16:03:42.108,283.0951,12.5546,16.6256
2026-07-23T16:03:42.124,283.1209,12.7504,16.5277
2026-07-23T16:03:42.125,283.1209,12.6329,16.6256
2026-07-23T16:03:42.146,283.1209,12.8091,16.5669
2026-07-23T16:03:42.159,283.1578,12.7504,16.5865
2026-07-23T16:03:42.163,283.161,12.77,16.5865
2026-07-23T16:03:42.172,283.165,12.7504,16.6256
2026-07-23T16:03:42.172,283.1674,12.8679,16.6256
2026-07-23T16:03:42.192,283.1955,12.8091,16.6256
2026-07-23T16:03:42.205,283.1991,12.8875,16.6256
2026-07-23T16:03:42.216,283.2014,12.8679,16.6061
2026-07-23T16:03:42.218,283.2014,12.9266,16.5277
2026-07-23T16:03:42.234,283.231,12.8875,16.469
2026-07-23T16:03:42.250,283.2334,13.0833,16.4886
2026-07-23T16:03:42.252,283.2334,12.9854,16.469
2026-07-23T16:03:42.266,283.2628,13.2791,16.4886
2026-07-23T16:03:42.275,283.2628,13.1616,16.469
2026-07-23T16:03:42.284,283.2628,13.3574,16.469
2026-07-23T16:03:42.292,283.2955,13.2203,16.5277
2026-07-23T16:03:42.310,283.3008,13.4749,16.5669
2026-07-23T16:03:42.314,283.3008,13.3378,16.6256
2026-07-23T16:03:42.322,283.3267,13.5141,16.6061
2026-07-23T16:03:42.330,283.3267,13.4553,16.6452
2026-07-23T16:03:42.330,283.3267,13.5532,16.6452
2026-07-23T16:03:42.352,283.3267,13.4749,16.6648
2026-07-23T16:03:42.364,283.3587,13.6511,16.7627
2026-07-23T16:03:42.364,283.3587,13.612,16.8606
2026-07-23T16:03:42.378,283.3587,13.749,16.841
2026-07-23T16:03:42.394,283.3964,13.749,16.7823
2026-07-23T16:03:42.409,283.3997,13.7686,16.841
2026-07-23T16:03:42.409,283.3997,13.7099,16.8214
2026-07-23T16:03:42.409,283.4076,13.8273,16.8998
2026-07-23T16:03:42.425,283.4259,13.6511,16.8019
2026-07-23T16:03:42.441,283.4259,13.7686,16.8802
2026-07-23T16:03:42.450,283.4409,13.612,16.8998
2026-07-23T16:03:42.464,283.4708,13.7686,16.8214
2026-07-23T16:03:42.477,283.4708,13.6315,16.9193
2026-07-23T16:03:42.477,283.4743,13.8273,16.8998
2026-07-23T16:03:42.492,283.4743,13.7294,16.9585
2026-07-23T16:03:42.505,283.5015,13.8861,16.9389
2026-07-23T16:03:42.505,283.5015,13.6707,16.9977
2026-07-23T16:03:42.522,283.5096,13.6707,16.9193
2026-07-23T16:03:42.525,283.5132,13.5924,16.8606
2026-07-23T16:03:42.538,283.541,13.6511,16.8019
2026-07-23T16:03:42.552,283.541,13.5141,16.8214
2026-07-23T16:03:42.564,283.541,13.5728,16.841
2026-07-23T16:03:42.568,283.5742,13.5532,16.7823
2026-07-23T16:03:42.584,283.5742,13.5728,16.8606
2026-07-23T16:03:42.592,283.5856,13.4749,16.8019
2026-07-23T16:03:42.602,283.5887,13.5924,16.8998
2026-07-23T16:03:42.602,283.6138,13.4553,16.8214
2026-07-23T16:03:42.616,283.6138,13.6903,16.8802
2026-07-23T16:03:42.634,283.6138,13.4945,16.8606
2026-07-23T16:03:42.648,283.6445,13.612,16.8214
2026-07-23T16:03:42.658,283.6445,13.3182,16.841
2026-07-23T16:03:42.665,283.6445,13.5532,16.7431
2026-07-23T16:03:42.665,283.6445,13.377,16.7431
2026-07-23T16:03:42.686,283.6761,13.5728,16.7627
2026-07-23T16:03:42.692,283.6761,13.5336,16.8019
2026-07-23T16:03:42.695,283.6761,13.4553,16.7627
2026-07-23T16:03:42.727,283.7078,13.3574,16.7431
2026-07-23T16:03:42.727,283.7134,13.4553,16.704
2026-07-23T16:03:42.727,283.7181,13.377,16.6452
2026-07-23T16:03:42.727,283.7181,13.377,16.6256
2026-07-23T16:03:42.759,283.7412,13.3182,16.6452
2026-07-23T16:03:42.759,283.7412,13.377,16.6648
2026-07-23T16:03:42.769,283.7412,13.2399,16.6256
2026-07-23T16:03:42.775,283.7717,13.3574,16.6648
2026-07-23T16:03:42.792,283.7743,13.2008,16.6452
2026-07-23T16:03:42.807,283.7978,13.3966,16.704
2026-07-23T16:03:42.811,283.7978,13.142,16.6256
2026-07-23T16:03:42.825,283.8037,13.3574,16.6256
2026-07-23T16:03:42.839,283.8196,13.2595,16.6844
2026-07-23T16:03:42.839,283.8196,13.3574,16.6061
2026-07-23T16:03:42.855,283.8196,13.2791,16.6256
2026-07-23T16:03:42.864,283.8513,13.3966,16.6256
2026-07-23T16:03:42.870,283.8513,13.3966,16.6844
2026-07-23T16:03:42.870,283.8685,13.4161,16.6844
2026-07-23T16:03:42.894,283.886,13.3182,16.6256
2026-07-23T16:03:42.902,283.8983,13.377,16.6256
2026-07-23T16:03:42.902,283.8983,13.377,16.6452
2026-07-23T16:03:42.919,283.9079,13.3966,16.6844
2026-07-23T16:03:42.937,283.9294,13.3574,16.6844
2026-07-23T16:03:42.937,283.9294,13.3966,16.6844
2026-07-23T16:03:42.949,283.9411,13.2987,16.6452
2026-07-23T16:03:42.959,283.9685,13.4749,16.704
2026-07-23T16:03:42.980,283.9746,13.2791,16.6648
2026-07-23T16:03:42.980,283.9766,13.3966,16.7627
2026-07-23T16:03:42.992,283.9766,13.1616,16.8019
2026-07-23T16:03:42.996,284.0083,13.3182,16.7235
2026-07-23T16:03:43.013,284.0103,13.142,16.8606
2026-07-23T16:03:43.025,284.017,13.3182,16.8214
2026-07-23T16:03:43.027,284.017,13.2203,16.8214
2026-07-23T16:03:43.043,284.0409,13.3182,16.8214
2026-07-23T16:03:43.050,284.0518,13.2791,16.841
2026-07-23T16:03:43.061,284.0559,13.3378,16.8214
2026-07-23T16:03:43.075,284.0559,13.3966,16.704
2026-07-23T16:03:43.075,284.0896,13.4749,16.8802
2026-07-23T16:03:43.092,284.0934,13.4945,16.8802
2026-07-23T16:03:43.103,284.096,13.4749,16.8998
2026-07-23T16:03:43.107,284.0991,13.5336,16.9585
2026-07-23T16:03:43.125,284.1197,13.612,16.9389
2026-07-23T16:03:43.125,284.1197,13.5532,16.9977
2026-07-23T16:03:43.146,284.1349,13.7686,17.0956
2026-07-23T16:03:43.154,284.141,13.7686,16.9977
2026-07-23T16:03:43.165,284.1671,13.8273,17.076
2026-07-23T16:03:43.171,284.1671,13.7099,17.1347
2026-07-23T16:03:43.171,284.1671,13.8665,17.1347
2026-07-23T16:03:43.192,284.1771,13.8469,17.2326
2026-07-23T16:03:43.204,284.1995,14.0623,17.2522
2026-07-23T16:03:43.204,284.1995,14.1994,17.4284
2026-07-23T16:03:43.218,284.2079,14.3952,17.3893
2026-07-23T16:03:43.235,284.2412,14.4539,17.3501
2026-07-23T16:03:43.250,284.2455,14.6693,17.3501
2026-07-23T16:03:43.250,284.2455,14.8064,17.4089
2026-07-23T16:03:43.265,284.2455,15.0022,17.4089
2026-07-23T16:03:43.270,284.2766,14.963,17.4284
2026-07-23T16:03:43.281,284.2798,15.0218,17.4676
2026-07-23T16:03:43.296,284.2848,15.0414,17.4676
2026-07-23T16:03:43.296,284.2867,15.1001,17.5263
2026-07-23T16:03:43.312,284.3144,14.9043,17.4872
2026-07-23T16:03:43.326,284.3195,15.0218,17.5263
2026-07-23T16:03:43.333,284.3234,14.963,17.5851
2026-07-23T16:03:43.343,284.3234,15.1001,17.5068
2026-07-23T16:03:43.358,284.3552,15.0414,17.5068
2026-07-23T16:03:43.358,284.3552,15.1784,17.3893
2026-07-23T16:03:43.374,284.3552,15.1001,17.448
2026-07-23T16:03:43.374,284.387,15.1197,17.4089
2026-07-23T16:03:43.406,284.387,15.0609,17.4284
2026-07-23T16:03:43.406,284.387,15.0414,17.3893
2026-07-23T16:03:43.406,284.4031,15.0805,17.4676
2026-07-23T16:03:43.425,284.4273,14.963,17.4676
2026-07-23T16:03:43.438,284.4273,15.0022,17.4284
2026-07-23T16:03:43.438,284.4346,14.9434,17.4872
2026-07-23T16:03:43.454,284.4413,14.9434,17.3893
2026-07-23T16:03:43.470,284.4689,14.963,17.4089
2026-07-23T16:03:43.470,284.4689,14.8847,17.3697
2026-07-23T16:03:43.485,284.4746,14.963,17.4089
2026-07-23T16:03:43.492,284.4746,14.8455,17.3697
2026-07-23T16:03:43.501,284.5008,14.9239,17.3893
2026-07-23T16:03:43.501,284.5008,14.8455,17.311
2026-07-23T16:03:43.520,284.5108,14.8847,17.3893
2026-07-23T16:03:43.533,284.5303,14.6302,17.2914
2026-07-23T16:03:43.552,284.5409,14.7085,17.2131
2026-07-23T16:03:43.552,284.5461,14.5323,17.2522
2026-07-23T16:03:43.562,284.5461,14.4931,17.1935
2026-07-23T16:03:43.567,284.5779,14.4735,17.2914
2026-07-23T16:03:43.581,284.5779,14.4343,17.311
2026-07-23T16:03:43.592,284.5779,14.4343,17.2718
2026-07-23T16:03:43.597,284.5779,14.4539,17.2718
2026-07-23T16:03:43.613,284.6147,14.4148,17.2914
2026-07-23T16:03:43.613,284.6147,14.4148,17.311
2026-07-23T16:03:43.629,284.6255,14.4539,17.3501
2026-07-23T16:03:43.629,284.641,14.4539,17.4089
2026-07-23T16:03:43.652,284.641,14.4148,17.3893
2026-07-23T16:03:43.665,284.6572,14.4343,17.3501
2026-07-23T16:03:43.665,284.6572,14.3169,17.311
2026-07-23T16:03:43.686,284.6888,14.4343,17.3697
2026-07-23T16:03:43.692,284.6888,14.3364,17.448
2026-07-23T16:03:43.692,284.6964,14.4148,17.3893
2026-07-23T16:03:43.708,284.7014,14.3952,17.3893
2026-07-23T16:03:43.724,284.7219,14.4931,17.3893
2026-07-23T16:03:43.728,284.7219,14.4343,17.448
2026-07-23T16:03:43.740,284.7219,14.4539,17.4089
2026-07-23T16:03:43.755,284.7363,14.4735,17.4089
2026-07-23T16:03:43.764,284.7609,14.3364,17.3305
2026-07-23T16:03:43.773,284.7609,14.5323,17.3893
2026-07-23T16:03:43.773,284.7683,14.5518,17.3697
2026-07-23T16:03:43.792,284.7851,14.7281,17.3501
2026-07-23T16:03:43.803,284.7998,14.8455,17.3697
2026-07-23T16:03:43.812,284.8028,15.0218,17.2914
2026-07-23T16:03:43.822,284.808,15.1784,17.2326
2026-07-23T16:03:43.825,284.8307,15.2372,17.2131
2026-07-23T16:03:43.836,284.8307,15.3742,17.2718
2026-07-23T16:03:43.854,284.8307,15.3351,17.1347
2026-07-23T16:03:43.866,284.8624,15.3546,17.1935
2026-07-23T16:03:43.866,284.8624,15.3351,17.2131
2026-07-23T16:03:43.881,284.8744,15.4917,17.2326
2026-07-23T16:03:43.881,284.8786,15.433,17.311
2026-07-23T16:03:43.913,284.9076,15.6092,17.311
2026-07-23T16:03:43.913,284.9106,15.6484,17.3697
2026-07-23T16:03:43.913,284.9106,15.6288,17.3893
2026-07-23T16:03:43.929,284.915,15.8246,17.448
2026-07-23T16:03:43.946,284.9466,15.8442,17.3893
2026-07-23T16:03:43.953,284.9476,15.9616,17.4089
2026-07-23T16:03:43.961,284.9497,15.8833,17.3893
2026-07-23T16:03:43.977,284.9745,15.9225,17.3697
2026-07-23T16:03:43.979,284.9745,15.8246,17.4284
2026-07-23T16:03:43.996,284.9745,15.7854,17.3893
2026-07-23T16:03:44.000,284.9745,15.6875,17.4284
2026-07-23T16:03:44.025,285.0154,15.6484,17.4284
2026-07-23T16:03:44.025,285.0154,15.6288,17.448
2026-07-23T16:03:44.025,285.022,15.57,17.4284
2026-07-23T16:03:44.043,285.0527,15.6092,17.4872
2026-07-23T16:03:44.062,285.0537,15.5505,17.5263
2026-07-23T16:03:44.066,285.0537,15.6484,17.5068
2026-07-23T16:03:44.073,285.0537,15.5896,17.5851
2026-07-23T16:03:44.073,285.0858,15.6484,17.448
2026-07-23T16:03:44.092,285.0858,15.7071,17.5655
2026-07-23T16:03:44.105,285.0858,15.5309,17.6047
2026-07-23T16:03:44.105,285.0945,15.5896,17.6243
2026-07-23T16:03:44.120,285.1174,15.4721,17.5263
2026-07-23T16:03:44.137,285.1174,15.7658,17.4676
2026-07-23T16:03:44.137,285.1174,15.4134,17.5459
2026-07-23T16:03:44.154,285.1489,15.4721,17.4676
2026-07-23T16:03:44.168,285.1489,15.3742,17.5459
2026-07-23T16:03:44.168,285.1489,15.433,17.6243
2026-07-23T16:03:44.184,285.1489,15.5113,17.6438
2026-07-23T16:03:44.192,285.1815,15.4917,17.5851
2026-07-23T16:03:44.200,285.1815,15.5896,17.5263
2026-07-23T16:03:44.200,285.1815,15.57,17.6047
2026-07-23T16:03:44.232,285.2196,15.57,17.6634
2026-07-23T16:03:44.232,285.2196,15.6092,17.7026
2026-07-23T16:03:44.232,285.2196,15.6092,17.6047
2026-07-23T16:03:44.266,285.2442,15.6288,17.7026
2026-07-23T16:03:44.266,285.2442,15.6092,17.683
2026-07-23T16:03:44.270,285.2575,15.7854,17.7222
2026-07-23T16:03:44.295,285.2758,15.6484,17.7222
2026-07-23T16:03:44.295,285.2758,15.7071,17.7613
2026-07-23T16:03:44.295,285.2758,15.6484,17.8984
2026-07-23T16:03:44.312,285.3154,15.8246,17.8201
2026-07-23T16:03:44.327,285.3154,15.7658,17.8788
2026-07-23T16:03:44.327,285.3154,15.8246,17.8396
2026-07-23T16:03:44.342,285.3446,15.7267,17.8592
2026-07-23T16:03:44.359,285.3446,15.7267,17.8201
2026-07-23T16:03:44.359,285.356,15.805,17.9375
2026-07-23T16:03:44.366,285.356,15.9225,17.918
2026-07-23T16:03:44.375,285.3864,15.9225,17.9767
2026-07-23T16:03:44.391,285.3864,15.9812,18.0354
2026-07-23T16:03:44.406,285.3864,15.9616,17.8788
2026-07-23T16:03:44.407,285.418,15.9616,17.9571
2026-07-23T16:03:44.425,285.4283,15.9029,17.8788
2026-07-23T16:03:44.425,285.4337,16.0204,17.8984
2026-07-23T16:03:44.437,285.4337,15.9421,17.8592
2026-07-23T16:03:44.453,285.4654,16.1575,17.9767
2026-07-23T16:03:44.469,285.4654,16.0596,17.8788
2026-07-23T16:03:44.469,285.47,16.0791,17.8396
2026-07-23T16:03:44.484,285.47,16.0204,17.8592
2026-07-23T16:03:44.492,285.497,16.1966,17.8396
2026-07-23T16:03:44.500,285.5046,16.1966,17.9571
2026-07-23T16:03:44.516,285.5119,16.2945,17.8592
2026-07-23T16:03:44.525,285.5155,16.3141,17.9375
2026-07-23T16:03:44.532,285.5455,16.2554,17.8396
2026-07-23T16:03:44.548,285.5455,16.3337,17.8396
2026-07-23T16:03:44.548,285.5535,16.3141,17.8201
2026-07-23T16:03:44.566,285.5596,16.3924,17.8788
2026-07-23T16:03:44.566,285.5596,16.412,17.8788
2026-07-23T16:03:44.592,285.5754,16.3728,17.8984
2026-07-23T16:03:44.592,285.5754,16.4512,17.8788
2026-07-23T16:03:44.604,285.5914,16.3924,17.9767
2026-07-23T16:03:44.610,285.6157,16.4707,17.8788
2026-07-23T16:03:44.610,285.6157,16.412,17.8984
2026-07-23T16:03:44.626,285.6231,16.5687,17.918
2026-07-23T16:03:44.642,285.6231,16.4316,17.9767
2026-07-23T16:03:44.667,285.6559,16.5882,17.9767
2026-07-23T16:03:44.667,285.6559,16.4316,18.055
2026-07-23T16:03:44.674,285.6559,16.5295,17.9963
2026-07-23T16:03:44.674,285.6867,16.3924,17.9767
2026-07-23T16:03:44.692,285.6867,16.412,17.9767
2026-07-23T16:03:44.707,285.6867,16.4707,17.9767
2026-07-23T16:03:44.707,285.6867,16.4903,17.9571
2026-07-23T16:03:44.729,285.7202,16.4903,18.0354
2026-07-23T16:03:44.729,285.7202,16.4512,18.0746
2026-07-23T16:03:44.738,285.7202,16.4903,17.918
2026-07-23T16:03:44.756,285.7502,16.5099,18.055
2026-07-23T16:03:44.769,285.7618,16.412,18.0354
2026-07-23T16:03:44.771,285.7659,16.5687,17.9767
2026-07-23T16:03:44.785,285.7818,16.412,18.0159
2026-07-23T16:03:44.801,285.7978,16.5099,18.0746
2026-07-23T16:03:44.801,285.7988,16.3924,18.055
2026-07-23T16:03:44.817,285.8037,16.5491,18.1529
2026-07-23T16:03:44.817,285.8057,16.3728,18.055
2026-07-23T16:03:44.833,285.8295,16.4903,18.0942
2026-07-23T16:03:44.849,285.8295,16.3141,18.0746
2026-07-23T16:03:44.856,285.8295,16.4512,18.0746
2026-07-23T16:03:44.866,285.8614,16.3728,18.2117
2026-07-23T16:03:44.866,285.8614,16.4512,18.4075
2026-07-23T16:03:44.880,285.8744,16.3728,18.4858
2026-07-23T16:03:44.895,285.8774,16.3728,18.5837
2026-07-23T16:03:44.896,285.8936,16.4316,18.6424
2026-07-23T16:03:44.912,285.9061,16.5491,18.7599
2026-07-23T16:03:44.928,285.9094,16.5491,18.8187
2026-07-23T16:03:44.944,285.9288,16.6078,18.8578
2026-07-23T16:03:44.944,285.9288,16.5295,18.8187
2026-07-23T16:03:44.944,285.9288,16.5491,18.8187
2026-07-23T16:03:44.966,285.9732,16.412,18.7208
2026-07-23T16:03:44.977,285.9757,16.5882,18.8187
2026-07-23T16:03:44.980,285.9757,16.3141,18.7795
2026-07-23T16:03:44.992,285.9892,16.5687,18.8383
2026-07-23T16:03:44.992,286.0122,16.4316,18.9166
2026-07-23T16:03:45.008,286.0122,16.5295,18.8187
2026-07-23T16:03:45.024,286.0158,16.3924,18.8774
2026-07-23T16:03:45.027,286.0221,16.4512,18.8187
2026-07-23T16:03:45.040,286.0412,16.412,18.8774
2026-07-23T16:03:45.057,286.0537,16.3924,18.897
2026-07-23T16:03:45.073,286.0537,16.3337,18.8774
2026-07-23T16:03:45.073,286.0537,16.3337,18.9166
2026-07-23T16:03:45.088,286.0845,16.3533,18.9753
2026-07-23T16:03:45.092,286.0845,16.3924,18.9753
2026-07-23T16:03:45.104,286.0845,16.412,18.9949
2026-07-23T16:03:45.104,286.1175,16.6274,19.0928
2026-07-23T16:03:45.125,286.1175,16.3924,19.0536
2026-07-23T16:03:45.125,286.1175,16.5099,19.0732
2026-07-23T16:03:45.147,286.1316,16.4512,19.0145
2026-07-23T16:03:45.167,286.164,16.6666,19.1124
2026-07-23T16:03:45.168,286.164,16.5491,19.0732
2026-07-23T16:03:45.168,286.164,16.7057,19.132
2026-07-23T16:03:45.182,286.164,16.5491,19.1124
2026-07-23T16:03:45.192,286.1952,16.7449,19.0928
2026-07-23T16:03:45.198,286.208,16.6078,19.269
2026-07-23T16:03:45.215,286.208,16.784,19.2886
2026-07-23T16:03:45.215,286.2171,16.7253,19.1515
2026-07-23T16:03:45.246,286.2436,16.8232,19.1124
2026-07-23T16:03:45.246,286.2436,16.8232,19.2103
2026-07-23T16:03:45.259,286.2436,16.8624,19.2103
2026-07-23T16:03:45.268,286.2436,16.8428,19.1907
2026-07-23T16:03:45.271,286.2745,16.7645,19.1711
2026-07-23T16:03:45.278,286.2905,16.6666,19.0928
2026-07-23T16:03:45.294,286.2905,16.7645,19.0732
2026-07-23T16:03:45.294,286.2905,16.6861,19.0341
2026-07-23T16:03:45.313,286.3219,16.9407,19.0341
2026-07-23T16:03:45.325,286.3219,16.7645,19.0145
2026-07-23T16:03:45.325,286.3219,16.9407,19.0536
2026-07-23T16:03:45.341,286.3219,16.6861,19.0145
2026-07-23T16:03:45.367,286.3549,16.9015,19.132
2026-07-23T16:03:45.373,286.3549,16.784,18.9753
2026-07-23T16:03:45.373,286.3693,16.9015,18.897
2026-07-23T16:03:45.373,286.3713,16.9015,18.9753
2026-07-23T16:03:45.406,286.4013,16.9603,18.9362
2026-07-23T16:03:45.406,286.4013,16.8036,18.9166
2026-07-23T16:03:45.406,286.4079,16.8624,18.9557
2026-07-23T16:03:45.425,286.4132,16.8428,18.9753
2026-07-23T16:03:45.436,286.4411,16.8819,18.897
2026-07-23T16:03:45.438,286.4411,16.784,18.8187
2026-07-23T16:03:45.452,286.4411,16.9015,18.7991
2026-07-23T16:03:45.465,286.4492,16.647,18.7991
2026-07-23T16:03:45.468,286.4812,16.8624,18.8383
2026-07-23T16:03:45.484,286.4812,16.647,18.8578
2026-07-23T16:03:45.492,286.4812,16.8819,18.8578
2026-07-23T16:03:45.500,286.4812,16.7253,18.897
2026-07-23T16:03:45.516,286.5159,16.8819,18.8578
2026-07-23T16:03:45.525,286.5159,16.6861,18.897
2026-07-23T16:03:45.532,286.5289,16.8819,18.897
2026-07-23T16:03:45.532,286.5289,16.7645,18.8578
2026-07-23T16:03:45.548,286.5619,16.9015,18.8774
2026-07-23T16:03:45.567,286.5619,16.8624,18.9362
2026-07-23T16:03:45.567,286.5619,16.9211,18.9362
2026-07-23T16:03:45.580,286.5783,16.8232,18.9166
2026-07-23T16:03:45.605,286.608,16.8232,18.8578
2026-07-23T16:03:45.605,286.6085,16.6861,18.7991
2026-07-23T16:03:45.613,286.6085,16.6274,18.8383
2026-07-23T16:03:45.629,286.6085,16.4707,18.7991
2026-07-23T16:03:45.631,286.6158,16.5882,18.897
2026-07-23T16:03:45.647,286.6412,16.3728,18.8383
2026-07-23T16:03:45.647,286.6412,16.5491,18.8774
2026-07-23T16:03:45.667,286.6564,16.3141,18.8578
2026-07-23T16:03:45.675,286.6795,16.4903,18.897
2026-07-23T16:03:45.690,286.6876,16.3728,18.897
2026-07-23T16:03:45.692,286.6876,16.5882,18.9557
2026-07-23T16:03:45.707,286.6876,16.412,18.9362
2026-07-23T16:03:45.708,286.7211,16.6078,18.9362
2026-07-23T16:03:45.730,286.7211,16.5491,19.0928
2026-07-23T16:03:45.730,286.7211,16.647,19.0536
2026-07-23T16:03:45.738,286.7211,16.647,19.1515
2026-07-23T16:03:45.759,286.7631,16.6861,19.2299
2026-07-23T16:03:45.770,286.7666,16.6861,19.1907
2026-07-23T16:03:45.772,286.7666,16.7057,19.2886
2026-07-23T16:03:45.786,286.7745,16.6274,19.1711
2026-07-23T16:03:45.792,286.7981,16.6666,19.3082
2026-07-23T16:03:45.802,286.8046,16.5882,19.269
2026-07-23T16:03:45.817,286.8077,16.7449,19.2886
2026-07-23T16:03:45.825,286.8092,16.6274,19.2886
2026-07-23T16:03:45.833,286.83,16.784,19.2886
2026-07-23T16:03:45.849,286.8464,16.6861,19.3669
2026-07-23T16:03:45.855,286.8474,16.8036,19.2886
2026-07-23T16:03:45.860,286.8474,16.6078,19.2495
2026-07-23T16:03:45.881,286.8783,16.7253,19.2886
2026-07-23T16:03:45.881,286.8783,16.6861,19.3278
2026-07-23T16:03:45.898,286.8881,16.8232,19.3278
2026-07-23T16:03:45.898,286.8881,16.7645,19.3474
2026-07-23T16:03:45.921,286.9162,16.784,19.3082
2026-07-23T16:03:45.926,286.9162,16.8232,19.3669
2026-07-23T16:03:45.939,286.9162,16.8428,19.3474
2026-07-23T16:03:45.945,286.9414,16.9407,19.3082
2026-07-23T16:03:45.960,286.9414,17.0386,19.4453
2026-07-23T16:03:45.967,286.9414,17.0582,19.3474
2026-07-23T16:03:45.967,286.9587,17.254,19.504
2026-07-23T16:03:45.981,286.9746,17.2931,19.4453
2026-07-23T16:03:45.992,286.9892,17.6064,19.504
2026-07-23T16:03:45.992,286.9892,17.391,19.5627
2026-07-23T16:03:46.009,287.0207,17.5281,19.5823
2026-07-23T16:03:46.025,287.0207,17.3715,19.6019
2026-07-23T16:03:46.025,287.0207,17.6456,19.6215
2026-07-23T16:03:46.040,287.0207,17.6848,19.739
2026-07-23T16:03:46.057,287.0548,17.9785,19.739
2026-07-23T16:03:46.072,287.0548,17.8218,19.7781
2026-07-23T16:03:46.072,287.0548,17.9001,19.7977
2026-07-23T16:03:46.072,287.0683,17.861,19.876
2026-07-23T16:03:46.092,287.0965,17.9785,19.8369
2026-07-23T16:03:46.106,287.1001,17.998,20.0131
2026-07-23T16:03:46.106,287.1001,18.0568,20.0327
2026-07-23T16:03:46.135,287.1319,17.9785,19.9348
2026-07-23T16:03:46.139,287.1319,18.096,19.8565
2026-07-23T16:03:46.147,287.141,18.0372,19.8565
2026-07-23T16:03:46.151,287.141,18.2134,19.9935
2026-07-23T16:03:46.167,287.1799,18.1155,19.8956
2026-07-23T16:03:46.183,287.1799,18.4092,19.9152
2026-07-23T16:03:46.183,287.1799,18.2918,19.8369
2026-07-23T16:03:46.192,287.1799,18.5463,19.739
2026-07-23T16:03:46.198,287.2216,18.4876,19.7977
2026-07-23T16:03:46.215,287.2216,18.6638,19.7194
2026-07-23T16:03:46.226,287.2273,18.6638,19.8173
2026-07-23T16:03:46.231,287.2273,18.8792,19.739
2026-07-23T16:03:46.247,287.2635,18.8792,19.8369
2026-07-23T16:03:46.261,287.2635,19.0162,19.7781
2026-07-23T16:03:46.267,287.2714,19.0162,19.7781
2026-07-23T16:03:46.278,287.2732,18.9771,19.7194
2026-07-23T16:03:46.278,287.2788,18.9575,19.6802
2026-07-23T16:03:46.294,287.3079,18.8596,19.7977
2026-07-23T16:03:46.310,287.3111,18.8792,19.6606
2026-07-23T16:03:46.314,287.3111,18.9379,19.8369
2026-07-23T16:03:46.330,287.3215,18.9575,19.7781
2026-07-23T16:03:46.341,287.3535,18.9575,19.9348
2026-07-23T16:03:46.341,287.3535,18.8596,19.8956
2026-07-23T16:03:46.359,287.3535,19.0946,19.7977
2026-07-23T16:03:46.367,287.3535,18.8988,19.7194
2026-07-23T16:03:46.372,287.3535,19.0554,19.6998
2026-07-23T16:03:46.372,287.3886,18.8596,19.6215
2026-07-23T16:03:46.392,287.3886,18.9575,19.6606
2026-07-23T16:03:46.404,287.3995,18.8596,19.6215
2026-07-23T16:03:46.404,287.4015,19.0162,19.6215
2026-07-23T16:03:46.426,287.4322,19.1142,19.6998
2026-07-23T16:03:46.439,287.4322,19.2316,19.7586
2026-07-23T16:03:46.439,287.4415,19.31,19.9348
2026-07-23T16:03:46.452,287.4415,19.2512,19.9544
2026-07-23T16:03:46.467,287.4746,19.1729,19.8369
2026-07-23T16:03:46.481,287.4797,19.2316,19.8956
2026-07-23T16:03:46.483,287.4797,19.2121,19.8956
2026-07-23T16:03:46.492,287.4797,19.2904,19.9935
2026-07-23T16:03:46.499,287.5164,19.1729,20.111
2026-07-23T16:03:46.515,287.5164,19.2121,20.2285
2026-07-23T16:03:46.525,287.5164,19.1729,20.2677
2026-07-23T16:03:46.530,287.5164,19.0358,20.2677
2026-07-23T16:03:46.546,287.5554,18.6638,20.3264
2026-07-23T16:03:46.565,287.5554,18.5267,20.3068
2026-07-23T16:03:46.565,287.5554,18.2526,20.2285
2026-07-23T16:03:46.579,287.5601,18.1743,20.2089
2026-07-23T16:03:46.579,287.5972,18.096,20.1893
2026-07-23T16:03:46.595,287.6081,18.2134,20.1893
2026-07-23T16:03:46.606,287.6091,18.3309,20.3264
2026-07-23T16:03:46.611,287.6122,18.4484,20.3656
2026-07-23T16:03:46.627,287.6415,18.5855,20.4243
2026-07-23T16:03:46.627,287.6415,18.5463,20.3656
2026-07-23T16:03:46.648,287.6415,18.5463,20.2677
2026-07-23T16:03:46.659,287.656,18.5267,20.3264
2026-07-23T16:03:46.663,287.656,18.6442,20.2872
2026-07-23T16:03:46.675,287.6884,18.6834,20.2089
2026-07-23T16:03:46.691,287.6884,18.6051,20.1306
2026-07-23T16:03:46.692,287.6884,18.6442,20.0914
2026-07-23T16:03:46.707,287.6884,18.5463,20.1893
2026-07-23T16:03:46.707,287.7221,18.5855,20.1306
2026-07-23T16:03:46.731,287.7351,18.5267,20.111
2026-07-23T16:03:46.731,287.7351,18.6638,20.1502
2026-07-23T16:03:46.739,287.7412,18.5267,20.0718
2026-07-23T16:03:46.754,287.7412,18.5855,19.9739
2026-07-23T16:03:46.763,287.767,18.468,19.8956
2026-07-23T16:03:46.773,287.7745,18.3897,19.7586
2026-07-23T16:03:46.786,287.7745,18.3701,19.6998
2026-07-23T16:03:46.792,287.7831,18.3897,19.6215
2026-07-23T16:03:46.802,287.8146,18.5267,19.6215
2026-07-23T16:03:46.818,287.8166,18.5463,19.6019
2026-07-23T16:03:46.825,287.8166,18.5267,19.5823
2026-07-23T16:03:46.834,287.8166,18.4876,19.6019
2026-07-23T16:03:46.834,287.8472,18.4876,19.4844
2026-07-23T16:03:46.859,287.8472,18.3701,19.5236
2026-07-23T16:03:46.867,287.8627,18.3701,19.4844
2026-07-23T16:03:46.881,287.8627,18.3505,19.5432
2026-07-23T16:03:46.881,287.8946,18.2918,19.4061
2026-07-23T16:03:46.898,287.8946,18.3505,19.4648
2026-07-23T16:03:46.898,287.8946,18.3113,19.4648
2026-07-23T16:03:46.913,287.8946,18.4092,19.4648
2026-07-23T16:03:46.913,287.9307,18.3701,19.4648
2026-07-23T16:03:46.945,287.9307,18.5071,19.4844
2026-07-23T16:03:46.945,287.9307,18.5071,19.5236
2026-07-23T16:03:46.945,287.9425,18.5071,19.4844
2026-07-23T16:03:46.967,287.9749,18.468,19.4257
2026-07-23T16:03:46.982,287.9749,18.4092,19.3669
2026-07-23T16:03:46.982,287.9749,18.5267,19.4257
2026-07-23T16:03:46.993,287.9749,18.5659,19.4257
2026-07-23T16:03:46.993,288.0145,18.6246,19.4453
2026-07-23T16:03:47.009,288.0166,18.5267,19.4257
2026-07-23T16:03:47.026,288.0215,18.5855,19.4648
2026-07-23T16:03:47.026,288.0215,18.5855,19.3865
2026-07-23T16:03:47.041,288.0413,18.6638,19.4257
2026-07-23T16:03:47.059,288.0534,18.7813,19.4257
2026-07-23T16:03:47.067,288.0559,18.703,19.4844
2026-07-23T16:03:47.072,288.0559,18.6638,19.504
2026-07-23T16:03:47.072,288.0849,18.6246,19.5236
2026-07-23T16:03:47.092,288.0849,18.6246,19.6606
2026-07-23T16:03:47.107,288.0849,18.3897,19.6411
2026-07-23T16:03:47.120,288.1183,18.703,19.6802
2026-07-23T16:03:47.126,288.1183,18.6051,19.7781
2026-07-23T16:03:47.136,288.1183,18.4288,19.7194
2026-07-23T16:03:47.136,288.1183,18.3897,19.7194
2026-07-23T16:03:47.164,288.148,18.2722,19.6411
2026-07-23T16:03:47.164,288.148,18.3701,19.5823
2026-07-23T16:03:47.169,288.148,18.3897,19.7194
2026-07-23T16:03:47.184,288.1814,18.4484,19.6606
2026-07-23T16:03:47.192,288.1814,18.3309,19.6606
2026-07-23T16:03:47.199,288.1958,18.3505,19.6019
2026-07-23T16:03:47.225,288.2169,18.4092,19.6215
2026-07-23T16:03:47.225,288.2169,18.4288,19.6215
2026-07-23T16:03:47.232,288.2229,18.5071,19.6606
2026-07-23T16:03:47.247,288.2452,18.4484,19.6411
2026-07-23T16:03:47.250,288.2452,18.5463,19.6215
2026-07-23T16:03:47.265,288.2596,18.5659,19.6802
2026-07-23T16:03:47.274,288.2644,18.6442,19.6019
2026-07-23T16:03:47.296,288.2757,18.8009,19.6802
2026-07-23T16:03:47.296,288.2927,19.0554,19.5823
2026-07-23T16:03:47.310,288.2927,19.2708,19.6606
2026-07-23T16:03:47.315,288.2927,19.3491,19.5627
2026-07-23T16:03:47.326,288.324,19.5645,19.6215
2026-07-23T16:03:47.326,288.324,19.5449,19.5823
2026-07-23T16:03:47.343,288.324,19.6233,19.4648
2026-07-23T16:03:47.343,288.324,19.5253,19.5236
2026-07-23T16:03:47.368,288.356,19.7603,19.5432
2026-07-23T16:03:47.375,288.356,19.682,19.6215
2026-07-23T16:03:47.375,288.356,19.6233,19.5627
2026-07-23T16:03:47.399,288.3899,19.6037,19.5432
2026-07-23T16:03:47.407,288.3899,19.6037,19.4844
2026-07-23T16:03:47.407,288.3899,19.7016,19.4844
2026-07-23T16:03:47.426,288.4205,19.682,19.5432
2026-07-23T16:03:47.438,288.4205,19.8191,19.5432
2026-07-23T16:03:47.441,288.4205,19.682,19.5627
2026-07-23T16:03:47.459,288.4509,19.6233,19.4844
2026-07-23T16:03:47.470,288.4509,19.5449,19.5432
2026-07-23T16:03:47.471,288.4509,19.4079,19.3865
2026-07-23T16:03:47.492,288.4825,19.4862,19.4257
2026-07-23T16:03:47.492,288.4825,19.2904,19.3278
2026-07-23T16:03:47.502,288.4825,19.3883,19.3474
2026-07-23T16:03:47.517,288.508,19.3295,19.3082
2026-07-23T16:03:47.526,288.508,19.3883,19.2886
2026-07-23T16:03:47.533,288.521,19.31,19.3082
2026-07-23T16:03:47.549,288.5415,19.4862,19.269
2026-07-23T16:03:47.559,288.5527,19.4079,19.3669
2026-07-23T16:03:47.559,288.5563,19.3883,19.2495
2026-07-23T16:03:47.572,288.5614,19.5449,19.4453
2026-07-23T16:03:47.592,288.5845,19.6624,19.4061
2026-07-23T16:03:47.592,288.5845,19.7995,19.4257
2026-07-23T16:03:47.607,288.5845,19.917,19.5236
2026-07-23T16:03:47.612,288.6217,19.9757,19.5627
2026-07-23T16:03:47.626,288.6217,19.9561,19.7194
2026-07-23T16:03:47.635,288.6217,19.9365,19.8369
2026-07-23T16:03:47.635,288.6327,19.9365,19.9935
2026-07-23T16:03:47.659,288.6592,19.8191,19.9348
2026-07-23T16:03:47.668,288.6592,19.9365,19.9739
2026-07-23T16:03:47.673,288.6648,19.5253,19.8173
2026-07-23T16:03:47.687,288.6648,19.7995,19.7586
2026-07-23T16:03:47.699,288.6975,19.5449,19.739
2026-07-23T16:03:47.699,288.6975,19.6233,19.6606
2026-07-23T16:03:47.716,288.6975,19.4862,19.6606
2026-07-23T16:03:47.731,288.7282,19.6428,19.7194
2026-07-23T16:03:47.733,288.7282,19.6428,19.739
2026-07-23T16:03:47.747,288.7282,19.5645,19.6802
2026-07-23T16:03:47.748,288.7412,19.5058,19.6998
2026-07-23T16:03:47.763,288.7649,19.6037,19.6215
2026-07-23T16:03:47.779,288.7649,19.7016,19.6019
2026-07-23T16:03:47.779,288.7747,19.8386,19.6606
2026-07-23T16:03:47.795,288.7922,19.917,19.6802
2026-07-23T16:03:47.811,288.7922,19.9561,19.5627
2026-07-23T16:03:47.816,288.8083,19.7799,19.5823
2026-07-23T16:03:47.827,288.8083,19.9561,19.6411
2026-07-23T16:03:47.827,288.824,19.8191,19.5823
2026-07-23T16:03:47.843,288.824,19.8974,19.5823
2026-07-23T16:03:47.858,288.8411,19.682,19.6019
2026-07-23T16:03:47.873,288.8558,19.7799,19.5432
2026-07-23T16:03:47.875,288.8745,19.5645,19.6019
2026-07-23T16:03:47.875,288.8745,19.7212,19.4648
2026-07-23T16:03:47.892,288.8745,19.7016,19.5432
2026-07-23T16:03:47.907,288.908,19.7995,19.4844
2026-07-23T16:03:47.907,288.908,19.7016,19.5236
2026-07-23T16:03:47.925,288.908,19.7995,19.5432
2026-07-23T16:03:47.941,288.9356,19.6428,19.4844
2026-07-23T16:03:47.941,288.9411,19.6624,19.504
2026-07-23T16:03:47.959,288.9411,19.6037,19.4453
2026-07-23T16:03:47.959,288.9411,19.7603,19.4844
2026-07-23T16:03:47.986,288.9735,19.7407,19.4453
2026-07-23T16:03:47.986,288.9745,19.8191,19.4453
2026-07-23T16:03:47.992,288.9745,19.6233,19.4844
2026-07-23T16:03:48.002,288.9988,19.7995,19.504
2026-07-23T16:03:48.018,288.9988,19.6233,19.4257
2026-07-23T16:03:48.025,289.0078,19.7799,19.3082
2026-07-23T16:03:48.034,289.0383,19.5449,19.4648
2026-07-23T16:03:48.050,289.0383,19.682,19.3669
2026-07-23T16:03:48.050,289.0414,19.4862,19.4257
2026-07-23T16:03:48.083,289.0633,19.6233,19.4061
2026-07-23T16:03:48.084,289.0633,19.682,19.4061
2026-07-23T16:03:48.089,289.0633,19.6233,19.4257
2026-07-23T16:03:48.092,289.0749,19.5841,19.4648
2026-07-23T16:03:48.108,289.099,19.7799,19.5432
2026-07-23T16:03:48.114,289.099,19.7799,19.4844
2026-07-23T16:03:48.126,289.1274,19.9365,19.5823
2026-07-23T16:03:48.146,289.1274,19.8778,19.5432
2026-07-23T16:03:48.146,289.1274,20.1128,19.6802
2026-07-23T16:03:48.159,289.1274,20.2107,19.8173
2026-07-23T16:03:48.162,289.1592,20.896,20.0327
2026-07-23T16:03:48.178,289.1592,21.131,20.2872
2026-07-23T16:03:48.178,289.1592,21.6988,20.6005
2026-07-23T16:03:48.195,289.1901,21.8555,20.9138
2026-07-23T16:03:48.209,289.1901,22.1883,20.953
2026-07-23T16:03:48.210,289.1901,22.0317,20.9334
2026-07-23T16:03:48.225,289.2079,22.0317,20.8159
2026-07-23T16:03:48.241,289.2238,21.8163,20.6984
2026-07-23T16:03:48.241,289.2414,21.7771,20.7376
2026-07-23T16:03:48.259,289.2414,21.6988,20.8159
2026-07-23T16:03:48.259,289.2712,21.7576,20.8159
2026-07-23T16:03:48.275,289.2748,21.875,20.9138
2026-07-23T16:03:48.288,289.2792,22.0513,21.09
2026-07-23T16:03:48.292,289.2797,22.0904,20.9334
2026-07-23T16:03:48.316,289.3083,22.1296,20.953
2026-07-23T16:03:48.316,289.3083,21.8359,20.7963
2026-07-23T16:03:48.324,289.3083,21.9925,20.7963
2026-07-23T16:03:48.336,289.3328,21.7967,20.718
2026-07-23T16:03:48.352,289.3328,22.1687,20.7963
2026-07-23T16:03:48.359,289.3416,22.0513,20.8747
2026-07-23T16:03:48.359,289.3416,22.2471,20.8159
2026-07-23T16:03:48.384,289.3649,21.9534,20.7768
2026-07-23T16:03:48.384,289.3649,21.9925,20.6788
2026-07-23T16:03:48.400,289.4003,21.8359,20.5809
2026-07-23T16:03:48.400,289.4003,21.9534,20.6593
2026-07-23T16:03:48.416,289.4003,21.9142,20.8355
2026-07-23T16:03:48.425,289.4078,22.0513,20.7963
2026-07-23T16:03:48.431,289.4284,21.8946,20.8551
2026-07-23T16:03:48.451,289.4325,21.9729,20.718
2026-07-23T16:03:48.459,289.4325,21.8359,20.6788
2026-07-23T16:03:48.475,289.4601,21.9338,20.6984
2026-07-23T16:03:48.475,289.4601,21.8163,20.8355
2026-07-23T16:03:48.483,289.4601,21.8946,21.0705
2026-07-23T16:03:48.495,289.4921,21.738,21.1488
2026-07-23T16:03:48.511,289.4921,21.9338,21.325
2026-07-23T16:03:48.511,289.4921,21.7771,21.3054
2026-07-23T16:03:48.525,289.5245,22.0317,21.1684
2026-07-23T16:03:48.543,289.5245,21.8163,21.0509
2026-07-23T16:03:48.543,289.5245,21.9338,20.953
2026-07-23T16:03:48.543,289.5416,21.7184,20.9726
2026-07-23T16:03:48.575,289.5575,21.6988,20.8942
2026-07-23T16:03:48.575,289.5575,21.6401,20.9334
2026-07-23T16:03:48.575,289.5575,21.6009,20.8942
2026-07-23T16:03:48.592,289.5873,21.5226,20.953
2026-07-23T16:03:48.608,289.5998,21.5422,20.8942
2026-07-23T16:03:48.608,289.5998,21.4638,20.8551
2026-07-23T16:03:48.626,289.6249,21.5226,20.7963
2026-07-23T16:03:48.638,289.6353,21.4638,20.8159
2026-07-23T16:03:48.651,289.6353,21.6205,20.9334
2026-07-23T16:03:48.659,289.6676,21.4247,20.718
2026-07-23T16:03:48.670,289.6676,21.6009,21.0705
2026-07-23T16:03:48.676,289.6749,21.3855,20.8942
2026-07-23T16:03:48.686,289.6749,21.5813,20.9921
2026-07-23T16:03:48.702,289.7082,21.5617,20.953
2026-07-23T16:03:48.702,289.7082,21.7771,20.8551
2026-07-23T16:03:48.718,289.7082,21.6792,20.9138
2026-07-23T16:03:48.726,289.7146,21.6988,20.8747
2026-07-23T16:03:48.734,289.7412,21.6009,20.8355
2026-07-23T16:03:48.751,289.7471,21.6205,20.8355
2026-07-23T16:03:48.751,289.7471,21.6596,20.9334
2026-07-23T16:03:48.765,289.7471,21.9925,20.9726
2026-07-23T16:03:48.776,289.778,21.8359,20.953
2026-07-23T16:03:48.792,289.778,21.8555,20.9334
2026-07-23T16:03:48.798,289.778,21.738,20.8355
2026-07-23T16:03:48.798,289.7939,21.6988,20.7768
2026-07-23T16:03:48.817,289.8096,21.7184,20.6788
2026-07-23T16:03:48.829,289.8221,22.0317,20.7768
2026-07-23T16:03:48.845,289.8257,21.9534,20.7572
2026-07-23T16:03:48.845,289.8257,22.11,20.7963
2026-07-23T16:03:48.860,289.8494,21.9729,20.6984
2026-07-23T16:03:48.860,289.8494,22.2079,20.5614
2026-07-23T16:03:48.876,289.8574,22.1296,20.6005
2026-07-23T16:03:48.876,289.8747,22.4233,20.5809
2026-07-23T16:03:48.892,289.8747,22.4625,20.6201
2026-07-23T16:03:48.908,289.8888,22.5408,20.6201
2026-07-23T16:03:48.908,289.9082,22.4625,20.6201
2026-07-23T16:03:48.925,289.9082,22.4625,20.4635
2026-07-23T16:03:48.925,289.9227,22.4233,20.4047
2026-07-23T16:03:48.956,289.9524,22.6191,20.3851
2026-07-23T16:03:48.956,289.9524,22.5799,20.3851
2026-07-23T16:03:48.971,289.9524,22.6974,20.4439
2026-07-23T16:03:48.977,289.9524,22.5995,20.3656
2026-07-23T16:03:48.987,289.9839,22.6974,20.4635
2026-07-23T16:03:48.992,289.9839,22.6191,20.3851
2026-07-23T16:03:49.003,289.9839,22.7758,20.3851
2026-07-23T16:03:49.019,290.0266,22.5995,20.3851
2026-07-23T16:03:49.026,290.0266,22.8345,20.3656
2026-07-23T16:03:49.035,290.0317,22.5212,20.3068
2026-07-23T16:03:49.035,290.0317,22.5408,20.2481
2026-07-23T16:03:49.059,290.0634,22.5016,20.3656
2026-07-23T16:03:49.067,290.0634,22.8149,20.483
2026-07-23T16:03:49.077,290.0634,22.8737,20.6984
2026-07-23T16:03:49.083,290.0748,23.0303,20.7963
2026-07-23T16:03:49.099,290.0997,23.0107,20.9138
2026-07-23T16:03:49.109,290.0997,23.0107,21.0117
2026-07-23T16:03:49.114,290.0997,22.8932,21.0705
2026-07-23T16:03:49.126,290.1112,22.8737,21.1879
2026-07-23T16:03:49.130,290.1269,22.7953,21.1684
2026-07-23T16:03:49.150,290.1415,22.8737,21.2859
2026-07-23T16:03:49.150,290.143,22.8541,21.3642
2026-07-23T16:03:49.173,290.159,23.0499,21.5991
2026-07-23T16:03:49.178,290.159,22.9716,21.697
2026-07-23T16:03:49.194,290.159,23.1086,21.8341
2026-07-23T16:03:49.194,290.193,22.952,21.8733
2026-07-23T16:03:49.194,290.193,23.0499,21.697
2026-07-23T16:03:49.210,290.193,22.9716,21.697
2026-07-23T16:03:49.225,290.225,23.089,21.5796
2026-07-23T16:03:49.241,290.228,22.952,21.6579
2026-07-23T16:03:49.244,290.228,22.9128,21.6187
2026-07-23T16:03:49.259,290.2548,22.7953,21.5796
2026-07-23T16:03:49.276,290.2548,22.7366,21.5404
2026-07-23T16:03:49.279,290.2666,22.5408,21.5208
2026-07-23T16:03:49.279,290.2722,22.5212,21.4229
2026-07-23T16:03:49.292,290.2887,22.4037,21.3642
2026-07-23T16:03:49.306,290.3022,22.482,21.4033
2026-07-23T16:03:49.317,290.3022,22.5016,21.3642
2026-07-23T16:03:49.332,290.3283,22.6778,21.4229
2026-07-23T16:03:49.340,290.334,22.5995,21.3642
2026-07-23T16:03:49.340,290.334,22.6387,21.3838
2026-07-23T16:03:49.353,290.3412,22.5016,21.3642
2026-07-23T16:03:49.373,290.3661,22.5212,21.325
2026-07-23T16:03:49.373,290.3661,22.3254,21.3446
2026-07-23T16:03:49.385,290.3747,22.4429,21.325
2026-07-23T16:03:49.392,290.382,22.4233,21.4033
2026-07-23T16:03:49.401,290.4079,22.5016,21.4425
2026-07-23T16:03:49.417,290.4151,22.4429,21.3838
2026-07-23T16:03:49.433,290.4151,22.3058,21.3446
2026-07-23T16:03:49.443,290.4449,22.2471,21.2467
2026-07-23T16:03:49.456,290.4449,22.2862,21.2859
2026-07-23T16:03:49.459,290.4449,22.2862,21.2467
2026-07-23T16:03:49.466,290.4449,22.6974,21.2663
2026-07-23T16:03:49.484,290.4769,22.3646,21.1879
2026-07-23T16:03:49.492,290.4769,22.6387,21.2271
2026-07-23T16:03:49.496,290.4769,22.5408,21.1096
2026-07-23T16:03:49.496,290.5082,22.7758,21.1096
2026-07-23T16:03:49.512,290.5082,22.6778,21.09
2026-07-23T16:03:49.528,290.5167,22.7758,21.0705
2026-07-23T16:03:49.528,290.5229,22.5799,21.1096
2026-07-23T16:03:49.544,290.5412,22.7953,21.0705
2026-07-23T16:03:49.544,290.5412,22.9716,21.1879
2026-07-23T16:03:49.568,290.5555,23.2653,21.09
2026-07-23T16:03:49.580,290.5748,23.2457,21.0313
2026-07-23T16:03:49.592,290.5872,23.1674,20.953
2026-07-23T16:03:49.592,290.5872,23.2065,20.8747
2026-07-23T16:03:49.609,290.5872,23.3828,20.8942
2026-07-23T16:03:49.626,290.619,23.5981,20.9726
2026-07-23T16:03:49.626,290.623,23.6765,20.9334
2026-07-23T16:03:49.626,290.623,23.6373,20.7963
2026-07-23T16:03:49.638,290.6293,23.5786,20.8159
2026-07-23T16:03:49.659,290.6508,23.5394,20.6984
2026-07-23T16:03:49.670,290.6508,23.6177,20.8747
2026-07-23T16:03:49.674,290.6668,23.5394,20.8942
2026-07-23T16:03:49.693,290.6839,23.8331,20.8747
2026-07-23T16:03:49.702,290.6991,23.6373,20.9138
2026-07-23T16:03:49.702,290.6991,23.7352,20.7768
2026-07-23T16:03:49.718,290.6991,23.5786,20.7376
2026-07-23T16:03:49.726,290.7298,23.5394,20.6201
2026-07-23T16:03:49.735,290.7298,23.5394,20.6005
2026-07-23T16:03:49.735,290.7414,23.4023,20.5614
2026-07-23T16:03:49.759,290.7459,23.324,20.5418
2026-07-23T16:03:49.774,290.7673,23.2653,20.5026
2026-07-23T16:03:49.781,290.7749,23.3436,20.483
2026-07-23T16:03:49.781,290.7784,23.3632,20.4439
2026-07-23T16:03:49.797,290.7784,23.4219,20.4439
2026-07-23T16:03:49.818,290.8091,23.5002,20.4439
2026-07-23T16:03:49.818,290.8091,23.4023,20.3656
2026-07-23T16:03:49.829,290.8091,23.5198,20.4439
2026-07-23T16:03:49.829,290.8233,23.4611,20.483
2026-07-23T16:03:49.844,290.8419,23.6765,20.4243
2026-07-23T16:03:49.860,290.8505,23.6177,20.4635
2026-07-23T16:03:49.860,290.8568,23.5394,20.4635
2026-07-23T16:03:49.881,290.8748,23.3436,20.5026
2026-07-23T16:03:49.893,290.8748,23.5002,20.4243
2026-07-23T16:03:49.893,290.8748,23.4023,20.5614
2026-07-23T16:03:49.908,290.8924,23.6177,20.6201
2026-07-23T16:03:49.908,290.9082,23.5786,20.6984
2026-07-23T16:03:49.926,290.9234,23.4415,20.6788
2026-07-23T16:03:49.939,290.9234,23.4023,20.9138
2026-07-23T16:03:49.943,290.931,23.4023,21.0509
2026-07-23T16:03:49.959,290.9526,23.6177,21.2467
2026-07-23T16:03:49.959,290.9526,23.8919,21.5012
2026-07-23T16:03:49.974,290.9681,23.8135,21.3838
2026-07-23T16:03:49.992,290.9841,23.8723,21.3642
2026-07-23T16:03:50.003,291.0002,23.7352,21.2859
2026-07-23T16:03:50.003,291.0002,23.696,21.2663
2026-07-23T16:03:50.019,291.008,23.6177,21.2271
2026-07-23T16:03:50.035,291.0314,23.7156,21.3838
2026-07-23T16:03:50.035,291.0314,23.559,21.5208
2026-07-23T16:03:50.051,291.0413,23.6177,21.5404
2026-07-23T16:03:50.059,291.0413,23.6177,21.5991
2026-07-23T16:03:50.068,291.0637,23.6177,21.5012
2026-07-23T16:03:50.082,291.0748,23.696,21.5796
2026-07-23T16:03:50.082,291.0748,23.6373,21.56
2026-07-23T16:03:50.098,291.0807,23.6569,21.5796
2026-07-23T16:03:50.098,291.101,23.4023,21.5208
2026-07-23T16:03:50.114,291.1079,23.4611,21.5796
2026-07-23T16:03:50.126,291.1116,23.3828,21.5404
2026-07-23T16:03:50.131,291.1315,23.4611,21.5404
2026-07-23T16:03:50.152,291.1315,23.4023,21.5796
2026-07-23T16:03:50.162,291.1427,23.5198,21.5208
2026-07-23T16:03:50.175,291.1747,23.5786,21.6579
2026-07-23T16:03:50.182,291.1747,23.5981,21.6187
2026-07-23T16:03:50.182,291.1747,23.7744,21.697
2026-07-23T16:03:50.194,291.1843,23.696,21.7362
2026-07-23T16:03:50.209,291.208,23.8723,21.8145
2026-07-23T16:03:50.209,291.208,24.0289,21.8537
2026-07-23T16:03:50.226,291.208,24.1268,21.8733
2026-07-23T16:03:50.235,291.2236,24.0681,21.8929
2026-07-23T16:03:50.241,291.253,23.8723,21.932
2026-07-23T16:03:50.259,291.253,23.8527,21.9712
2026-07-23T16:03:50.273,291.253,23.696,21.9712
2026-07-23T16:03:50.282,291.2874,23.8919,22.167
2026-07-23T16:03:50.292,291.2874,23.9702,22.1866
2026-07-23T16:03:50.292,291.2874,24.1268,22.167
2026-07-23T16:03:50.304,291.2874,24.0093,22.1474
2026-07-23T16:03:50.320,291.3235,23.9898,22.0299
2026-07-23T16:03:50.326,291.3235,23.8331,22.0299
2026-07-23T16:03:50.338,291.3329,23.7352,21.932
2026-07-23T16:03:50.338,291.3329,23.7352,22.0495
2026-07-23T16:03:50.360,291.3647,23.559,22.0495
2026-07-23T16:03:50.368,291.3647,23.6373,21.9908
2026-07-23T16:03:50.374,291.3748,23.6765,21.9516
2026-07-23T16:03:50.384,291.3814,23.7744,21.8733
2026-07-23T16:03:50.409,291.4124,23.6373,21.8733
2026-07-23T16:03:50.409,291.4124,23.7156,21.8929
2026-07-23T16:03:50.415,291.4124,23.6765,21.932
2026-07-23T16:03:50.426,291.4124,23.7744,22.0495
2026-07-23T16:03:50.432,291.4446,24.0289,21.9908
2026-07-23T16:03:50.450,291.4446,24.0877,21.9516
2026-07-23T16:03:50.459,291.4597,24.0485,21.9712
2026-07-23T16:03:50.463,291.4633,23.8919,22.1082
2026-07-23T16:03:50.483,291.4914,23.9114,22.0299
2026-07-23T16:03:50.495,291.4914,23.794,22.0887
2026-07-23T16:03:50.495,291.4914,23.8331,22.167
2026-07-23T16:03:50.511,291.4914,23.931,22.2649
2026-07-23T16:03:50.514,291.4914,23.8919,22.3236
2026-07-23T16:03:50.527,291.5328,23.8527,22.402
2026-07-23T16:03:50.527,291.5328,23.7548,22.4411
2026-07-23T16:03:50.542,291.5413,23.8135,22.4411
2026-07-23T16:03:50.559,291.5413,23.8331,22.3824
2026-07-23T16:03:50.569,291.5715,23.9702,22.3824
2026-07-23T16:03:50.574,291.5746,24.1464,22.4803
2026-07-23T16:03:50.591,291.5746,24.0681,22.402
2026-07-23T16:03:50.592,291.6083,24.166,22.4215
2026-07-23T16:03:50.610,291.6083,24.0093,22.402
2026-07-23T16:03:50.610,291.6083,24.166,22.3628
2026-07-23T16:03:50.625,291.6194,24.0877,22.3432
2026-07-23T16:03:50.638,291.6512,24.166,22.3041
2026-07-23T16:03:50.654,291.6512,23.9702,22.3628
2026-07-23T16:03:50.659,291.6512,23.9702,22.3236
2026-07-23T16:03:50.670,291.6512,23.8919,22.3236
2026-07-23T16:03:50.684,291.685,24.1072,22.2649
2026-07-23T16:03:50.694,291.685,24.0877,22.3628
2026-07-23T16:03:50.694,291.685,24.1072,22.4411
2026-07-23T16:03:50.702,291.685,23.9506,22.3041
2026-07-23T16:03:50.702,291.699,23.8527,22.3432
2026-07-23T16:03:50.736,291.7335,23.7548,22.2649
2026-07-23T16:03:50.736,291.7335,23.7352,22.167
2026-07-23T16:03:50.750,291.7417,23.7156,22.1278
2026-07-23T16:03:50.750,291.775,23.9506,22.2845
2026-07-23T16:03:50.777,291.779,23.8331,22.167
2026-07-23T16:03:50.782,291.779,23.9898,22.1474
2026-07-23T16:03:50.793,291.779,23.7744,22.1082
2026-07-23T16:03:50.798,291.779,24.0093,22.0299
2026-07-23T16:03:50.798,291.8112,24.2835,22.3236
2026-07-23T16:03:50.821,291.8112,24.773,22.402
2026-07-23T16:03:50.830,291.8259,24.9884,22.4607
2026-07-23T16:03:50.830,291.8259,24.9688,22.3628
2026-07-23T16:03:50.846,291.8571,24.6947,22.2257
2026-07-23T16:03:50.862,291.8571,24.5576,22.0691
2026-07-23T16:03:50.862,291.8571,24.5184,22.1082
2026-07-23T16:03:50.877,291.8571,24.7338,22.1278
2026-07-23T16:03:50.892,291.8935,24.8905,22.167
2026-07-23T16:03:50.902,291.8935,24.8905,22.1866
2026-07-23T16:03:50.908,291.908,24.773,22.2061
2026-07-23T16:03:50.908,291.908,24.8513,22.2257
2026-07-23T16:03:50.926,291.9362,24.6947,22.2257
2026-07-23T16:03:50.944,291.9418,25.1059,22.3236
2026-07-23T16:03:50.944,291.9418,24.9884,22.4411
2026-07-23T16:03:50.959,291.9519,25.2429,22.539
2026-07-23T16:03:50.971,291.9767,25.0667,22.4803
2026-07-23T16:03:50.975,291.9834,24.9688,22.402
2026-07-23T16:03:50.993,291.9874,24.9688,22.4803
2026-07-23T16:03:50.993,291.9874,25.2429,22.5782
2026-07-23T16:03:51.003,292.0239,25.4779,22.7152
2026-07-23T16:03:51.019,292.0239,25.5954,22.7936
2026-07-23T16:03:51.028,292.0239,25.5562,22.9698
2026-07-23T16:03:51.038,292.0343,25.5171,23.1264
2026-07-23T16:03:51.038,292.0631,25.4583,23.4202
2026-07-23T16:03:51.050,292.0749,25.5562,23.8901
2026-07-23T16:03:51.069,292.0749,25.7324,24.4188
2026-07-23T16:03:51.075,292.0792,25.987,24.967
2026-07-23T16:03:51.092,292.0792,25.7716,25.3587
2026-07-23T16:03:51.098,292.1123,25.9674,25.7698
2026-07-23T16:03:51.114,292.1123,25.5954,26.044
2026-07-23T16:03:51.114,292.1123,25.5171,26.3377
2026-07-23T16:03:51.130,292.1242,25.1842,26.5139
2026-07-23T16:03:51.130,292.1439,25.3996,26.4748
2026-07-23T16:03:51.146,292.1439,25.2821,26.6314
2026-07-23T16:03:51.159,292.1439,25.6737,26.7489
2026-07-23T16:03:51.163,292.1606,25.752,26.8859
2026-07-23T16:03:51.179,292.1606,25.8499,26.9447
2026-07-23T16:03:51.185,292.1912,25.6737,27.0034
2026-07-23T16:03:51.195,292.1912,25.6541,27.1992
2026-07-23T16:03:51.195,292.1912,25.5366,27.1797
2026-07-23T16:03:51.211,292.208,25.7324,27.4538
2026-07-23T16:03:51.226,292.2351,25.9478,27.6888
2026-07-23T16:03:51.242,292.2351,26.2024,27.7671
2026-07-23T16:03:51.242,292.2415,26.1045,27.6496
2026-07-23T16:03:51.259,292.2415,26.1632,27.5713
2026-07-23T16:03:51.259,292.2736,25.9478,27.493
2026-07-23T16:03:51.278,292.2751,26.0653,27.4342
2026-07-23T16:03:51.292,292.2751,25.8499,27.3559
2026-07-23T16:03:51.292,292.2751,25.9283,27.2776
2026-07-23T16:03:51.307,292.3104,25.752,27.2384
2026-07-23T16:03:51.319,292.3104,25.8304,27.1209
2026-07-23T16:03:51.326,292.3178,25.8499,27.1797
2026-07-23T16:03:51.337,292.3356,26.0066,27.1209
2026-07-23T16:03:51.353,292.3417,25.9087,27.2776
2026-07-23T16:03:51.361,292.3417,25.8891,27.1992
2026-07-23T16:03:51.370,292.3417,25.7324,27.1797
2026-07-23T16:03:51.375,292.3651,25.6345,27.1013
2026-07-23T16:03:51.386,292.3651,25.6933,27.0034
2026-07-23T16:03:51.392,292.3751,25.9087,27.1013
2026-07-23T16:03:51.405,292.3968,26.0066,27.1013
2026-07-23T16:03:51.416,292.3968,26.0849,27.2776
2026-07-23T16:03:51.426,292.4082,25.987,27.3755
2026-07-23T16:03:51.437,292.4286,26.0457,27.7083
2026-07-23T16:03:51.448,292.4286,25.7129,28.0021
2026-07-23T16:03:51.459,292.4361,25.7129,28.3153
2026-07-23T16:03:51.475,292.4607,25.5758,28.7265
2026-07-23T16:03:51.479,292.4607,25.7129,29.1182
2026-07-23T16:03:51.487,292.4607,25.5954,29.4119
2026-07-23T16:03:51.496,292.4942,25.8108,29.5489
2026-07-23T16:03:51.496,292.4942,25.7129,29.4706
2026-07-23T16:03:51.511,292.4942,25.752,29.079
2026-07-23T16:03:51.529,292.5247,25.6345,29.1182
2026-07-23T16:03:51.529,292.5247,25.5954,29.1769
2026-07-23T16:03:51.545,292.5247,25.5954,29.3531
2026-07-23T16:03:51.559,292.5562,25.7912,29.5098
2026-07-23T16:03:51.570,292.5607,25.8304,29.686
2026-07-23T16:03:51.576,292.5607,26.0066,29.8622
2026-07-23T16:03:51.593,292.5876,25.8304,29.921
2026-07-23T16:03:51.593,292.5876,25.8499,29.8622
2026-07-23T16:03:51.607,292.5876,25.4779,29.8622
2026-07-23T16:03:51.612,292.6035,25.5954,29.9797
2026-07-23T16:03:51.626,292.625,25.4975,29.9993
2026-07-23T16:03:51.638,292.625,25.6345,29.9014
2026-07-23T16:03:51.654,292.6371,25.5366,29.8818
2026-07-23T16:03:51.659,292.6514,25.6541,29.8035
2026-07-23T16:03:51.670,292.6514,25.3996,29.8035
2026-07-23T16:03:51.676,292.6671,25.4192,29.7643
2026-07-23T16:03:51.688,292.6671,25.4975,29.921
2026-07-23T16:03:51.695,292.686,25.5758,29.921
2026-07-23T16:03:51.702,292.6987,25.615,29.8622
2026-07-23T16:03:51.718,292.6987,25.752,29.9014
2026-07-23T16:03:51.726,292.7278,25.8499,29.9014
2026-07-23T16:03:51.737,292.7308,25.8891,29.8035
2026-07-23T16:03:51.750,292.7308,25.752,29.6664
2026-07-23T16:03:51.750,292.7467,25.9283,29.5489
2026-07-23T16:03:51.766,292.7627,25.6541,29.5294
2026-07-23T16:03:51.779,292.7694,25.7716,29.5881
2026-07-23T16:03:51.788,292.7787,25.7129,29.6077
2026-07-23T16:03:51.797,292.7959,25.8695,29.6273
2026-07-23T16:03:51.797,292.7959,25.752,29.6273
2026-07-23T16:03:51.820,292.7959,25.7324,29.4706
2026-07-23T16:03:51.829,292.8285,25.4583,29.3727
2026-07-23T16:03:51.829,292.8285,25.4975,29.3727
2026-07-23T16:03:51.847,292.838,25.3604,29.4902
2026-07-23T16:03:51.847,292.8585,25.5171,29.5098
2026-07-23T16:03:51.862,292.8585,25.5366,29.4706
2026-07-23T16:03:51.879,292.8585,25.5758,29.3727
2026-07-23T16:03:51.889,292.8745,25.4583,29.2552
2026-07-23T16:03:51.893,292.8943,25.5171,29.2944
2026-07-23T16:03:51.909,292.8943,25.5562,29.1573
2026-07-23T16:03:51.909,292.8943,25.752,29.2944
2026-07-23T16:03:51.945,292.936,25.6345,29.2944
2026-07-23T16:03:51.945,292.936,25.7716,29.3335
2026-07-23T16:03:51.945,292.9386,25.615,29.2161
2026-07-23T16:03:51.957,292.9418,25.752,29.1377
2026-07-23T16:03:51.959,292.9707,25.4583,28.9615
2026-07-23T16:03:51.976,292.9707,25.4583,28.6286
2026-07-23T16:03:51.989,292.9779,25.1254,28.5503
2026-07-23T16:03:52.005,293.0025,25.1646,28.472
2026-07-23T16:03:52.005,293.0082,25.1059,28.5112
2026-07-23T16:03:52.021,293.0082,25.2233,28.4524
2026-07-23T16:03:52.029,293.0082,25.2821,28.472
2026-07-23T16:03:52.038,293.0389,25.4192,28.4132
2026-07-23T16:03:52.038,293.0389,25.2625,28.3937
2026-07-23T16:03:52.059,293.0414,25.145,28.3545
2026-07-23T16:03:52.059,293.0657,25.1059,28.2762
2026-07-23T16:03:52.077,293.0657,25.3408,28.3545
2026-07-23T16:03:52.090,293.0751,25.3996,28.5112
2026-07-23T16:03:52.101,293.1032,25.8108,28.7853
2026-07-23T16:03:52.117,293.1032,25.6541,28.9028
2026-07-23T16:03:52.117,293.1085,25.6933,28.8244
2026-07-23T16:03:52.131,293.1133,25.3604,28.7461
2026-07-23T16:03:52.132,293.1366,25.3996,28.7265
2026-07-23T16:03:52.148,293.1392,25.1842,28.7853
2026-07-23T16:03:52.159,293.1446,25.2429,28.7265
2026-07-23T16:03:52.164,293.1607,25.1254,28.7461
2026-07-23T16:03:52.184,293.1607,25.1842,28.6091
2026-07-23T16:03:52.187,293.1751,25.1646,28.707
2026-07-23T16:03:52.195,293.1925,25.2429,28.8049
2026-07-23T16:03:52.195,293.1925,25.3017,28.9223
2026-07-23T16:03:52.211,293.2084,25.5758,29.0594
2026-07-23T16:03:52.227,293.2084,25.7716,29.1769
2026-07-23T16:03:52.237,293.2396,25.7912,29.1769
2026-07-23T16:03:52.243,293.2417,25.6345,28.8636
2026-07-23T16:03:52.259,293.2417,25.6933,28.8244
2026-07-23T16:03:52.259,293.2714,25.3996,28.6091
2026-07-23T16:03:52.277,293.2775,25.4779,28.6482
2026-07-23T16:03:52.290,293.2825,25.3408,28.5307
2026-07-23T16:03:52.292,293.2862,25.5171,28.472
2026-07-23T16:03:52.306,293.3023,25.3604,28.4132
2026-07-23T16:03:52.322,293.3116,25.4583,28.1783
2026-07-23T16:03:52.338,293.318,25.3996,28.1783
2026-07-23T16:03:52.339,293.318,25.4779,28.0608
2026-07-23T16:03:52.353,293.3414,25.5366,28.1391
2026-07-23T16:03:52.353,293.3414,25.6541,28.1783
2026-07-23T16:03:52.369,293.3515,25.6933,28.1979
2026-07-23T16:03:52.385,293.375,25.8108,28.237
2026-07-23T16:03:52.385,293.375,25.752,28.2174
2026-07-23T16:03:52.404,293.3832,25.6541,28.0804
2026-07-23T16:03:52.404,293.4083,25.5758,28.0021
2026-07-23T16:03:52.417,293.4083,25.6541,28.0608
2026-07-23T16:03:52.426,293.4083,25.6737,28.1391
2026-07-23T16:03:52.442,293.4366,25.9674,28.3741
2026-07-23T16:03:52.451,293.4415,25.9674,28.4132
2026-07-23T16:03:52.451,293.4415,26.2024,28.4328
2026-07-23T16:03:52.464,293.4613,25.9674,28.4132
2026-07-23T16:03:52.480,293.4613,26.0262,28.2566
2026-07-23T16:03:52.492,293.4613,25.7716,28.2566
2026-07-23T16:03:52.498,293.4784,25.9674,28.3153
2026-07-23T16:03:52.512,293.4932,26.0262,28.3545
2026-07-23T16:03:52.512,293.5091,26.0849,28.237
2026-07-23T16:03:52.529,293.5101,26.0653,28.237
2026-07-23T16:03:52.529,293.5263,25.9087,28.2174
2026-07-23T16:03:52.544,293.5263,25.8499,28.1
2026-07-23T16:03:52.560,293.5416,25.8891,28.1587
2026-07-23T16:03:52.577,293.5616,25.9674,28.3153
2026-07-23T16:03:52.577,293.5616,26.2415,28.4524
2026-07-23T16:03:52.577,293.5724,26.359,28.5895
2026-07-23T16:03:52.592,293.5883,26.7311,28.6874
2026-07-23T16:03:52.612,293.6037,26.4569,28.6091
2026-07-23T16:03:52.623,293.6037,26.4178,28.5307
2026-07-23T16:03:52.626,293.6084,26.2415,28.4132
2026-07-23T16:03:52.639,293.6263,26.1828,28.4132
2026-07-23T16:03:52.639,293.6357,26.1632,28.5503
2026-07-23T16:03:52.659,293.6357,26.222,28.5895
2026-07-23T16:03:52.677,293.6514,26.1436,28.6286
2026-07-23T16:03:52.677,293.6671,26.1828,28.4328
2026-07-23T16:03:52.693,293.6751,26.1241,28.1783
2026-07-23T16:03:52.702,293.699,26.1241,27.9433
2026-07-23T16:03:52.718,293.699,26.0457,27.9041
2026-07-23T16:03:52.726,293.699,26.0457,27.9041
2026-07-23T16:03:52.726,293.699,25.987,27.8846
2026-07-23T16:03:52.738,293.7309,25.9674,27.9041
2026-07-23T16:03:52.738,293.7309,26.0849,28.0216
2026-07-23T16:03:52.759,293.7628,26.2415,28.1195
2026-07-23T16:03:52.766,293.7628,26.3003,28.2566
2026-07-23T16:03:52.782,293.7705,26.7115,28.472
2026-07-23T16:03:52.794,293.775,26.8094,28.5307
2026-07-23T16:03:52.798,293.7945,26.8877,28.5112
2026-07-23T16:03:52.798,293.7945,26.5744,28.4524
2026-07-23T16:03:52.814,293.7945,26.5744,28.3153
2026-07-23T16:03:52.830,293.828,26.4765,28.3545
2026-07-23T16:03:52.845,293.828,26.6919,28.2958
2026-07-23T16:03:52.845,293.828,26.9269,28.3545
2026-07-23T16:03:52.845,293.828,27.1227,28.1979
2026-07-23T16:03:52.877,293.8593,27.1618,28.1587
2026-07-23T16:03:52.879,293.8593,27.0639,28.0216
2026-07-23T16:03:52.892,293.8593,26.9269,27.8454
2026-07-23T16:03:52.896,293.8955,26.7506,27.7671
2026-07-23T16:03:52.910,293.8955,26.6919,27.63
2026-07-23T16:03:52.926,293.9054,26.9073,27.6692
2026-07-23T16:03:52.926,293.9264,27.0248,27.63
2026-07-23T16:03:52.940,293.9264,27.1618,27.63
2026-07-23T16:03:52.946,293.9264,27.0835,27.5125
2026-07-23T16:03:52.959,293.9533,27.2597,27.5713
2026-07-23T16:03:52.972,293.9533,27.2206,27.63
2026-07-23T16:03:52.977,293.9533,27.436,27.6104
2026-07-23T16:03:52.994,293.9854,27.4947,27.7671
2026-07-23T16:03:53.004,293.9854,27.6905,27.9041
2026-07-23T16:03:53.004,294.001,27.6318,27.9237
2026-07-23T16:03:53.004,294.001,27.5339,27.8258
2026-07-23T16:03:53.036,294.0264,27.4556,27.7279
2026-07-23T16:03:53.036,294.0328,27.1618,27.5517
2026-07-23T16:03:53.052,294.0328,27.1423,27.63
2026-07-23T16:03:53.059,294.0649,27.1814,27.5713
2026-07-23T16:03:53.071,294.0649,27.4556,27.5517
2026-07-23T16:03:53.084,294.0649,27.6514,27.7671
2026-07-23T16:03:53.084,294.0749,27.7884,27.7279
2026-07-23T16:03:53.113,294.104,27.8472,27.8062
2026-07-23T16:03:53.116,294.104,27.6905,27.8846
2026-07-23T16:03:53.116,294.1084,27.7493,27.8454
2026-07-23T16:03:53.126,294.1125,27.5535,27.8846
2026-07-23T16:03:53.147,294.1283,27.7884,27.8454
2026-07-23T16:03:53.147,294.1283,28.1017,28.0216
2026-07-23T16:03:53.159,294.1443,28.6891,28.3349
2026-07-23T16:03:53.163,294.163,29.1003,28.7657
2026-07-23T16:03:53.179,294.163,29.3353,29.1769
2026-07-23T16:03:53.179,294.176,29.3745,29.6077
2026-07-23T16:03:53.197,294.176,29.257,29.9405
2026-07-23T16:03:53.214,294.2084,29.3745,30.4692
2026-07-23T16:03:53.214,294.2084,29.492,31.1546
2026-07-23T16:03:53.227,294.2084,29.8052,32.0749
2026-07-23T16:03:53.238,294.2394,29.9031,32.8581
2026-07-23T16:03:53.243,294.2419,30.0402,33.0735
2026-07-23T16:03:53.259,294.245,30.0794,33.0539
2026-07-23T16:03:53.259,294.245,30.1185,32.8777
2026-07-23T16:03:53.280,294.2749,30.099,33.0343
2026-07-23T16:03:53.293,294.2749,30.0402,33.3084
2026-07-23T16:03:53.296,294.2868,30.1185,33.7001
2026-07-23T16:03:53.306,294.3128,30.0206,33.8175
2026-07-23T16:03:53.322,294.3128,29.9815,33.6805
2026-07-23T16:03:53.326,294.3128,30.0206,33.4651
2026-07-23T16:03:53.338,294.3194,30.1969,33.1518
2026-07-23T16:03:53.353,294.3502,30.3927,33.0343
2026-07-23T16:03:53.353,294.3502,30.2752,33.0735
2026-07-23T16:03:53.370,294.3541,30.3535,33.191
2026-07-23T16:03:53.378,294.3749,30.0598,33.0735
2026-07-23T16:03:53.396,294.3822,29.9423,32.9168
2026-07-23T16:03:53.401,294.3822,29.9031,32.9951
2026-07-23T16:03:53.418,294.4139,30.1381,33.0539
2026-07-23T16:03:53.426,294.4149,30.2164,33.1322
2026-07-23T16:03:53.426,294.4149,30.2556,33.0931
2026-07-23T16:03:53.433,294.4149,30.2948,33.2301
2026-07-23T16:03:53.449,294.4443,30.0402,33.191
2026-07-23T16:03:53.459,294.4459,29.8052,33.1322
2026-07-23T16:03:53.466,294.4459,29.5899,33.0931
2026-07-23T16:03:53.481,294.4796,29.6094,33.0539
2026-07-23T16:03:53.493,294.4796,29.7269,33.0539
2026-07-23T16:03:53.497,294.4796,29.7661,32.9168
2026-07-23T16:03:53.513,294.5096,29.864,32.7602
2026-07-23T16:03:53.513,294.5096,29.6486,32.6623
2026-07-23T16:03:53.530,294.521,29.629,32.584
2026-07-23T16:03:53.530,294.521,29.5703,32.6623
2026-07-23T16:03:53.551,294.5461,29.7465,32.7014
2026-07-23T16:03:53.560,294.5461,29.8248,32.8385
2026-07-23T16:03:53.572,294.5461,30.0402,32.8972
2026-07-23T16:03:53.578,294.575,30.0794,33.0735
2026-07-23T16:03:53.593,294.575,30.0598,33.1518
2026-07-23T16:03:53.597,294.575,29.864,32.9951
2026-07-23T16:03:53.609,294.6054,29.7073,32.8972
2026-07-23T16:03:53.626,294.6085,29.8052,32.7798
2026-07-23T16:03:53.626,294.6085,29.9423,32.6623
2026-07-23T16:03:53.640,294.637,30.0402,32.3294
2026-07-23T16:03:53.656,294.6465,30.0011,32.0944
2026-07-23T16:03:53.659,294.6465,29.9031,31.9378
2026-07-23T16:03:53.659,294.6689,29.864,31.9965
2026-07-23T16:03:53.688,294.675,29.7465,32.1728
2026-07-23T16:03:53.688,294.675,29.9423,32.2707
2026-07-23T16:03:53.697,294.675,30.0402,32.3686
2026-07-23T16:03:53.704,294.7007,30.5689,32.4077
2026-07-23T16:03:53.720,294.7084,30.6276,32.4273
2026-07-23T16:03:53.726,294.7084,30.8039,32.2902
2026-07-23T16:03:53.752,294.7415,30.6081,32.1923
2026-07-23T16:03:53.752,294.7415,30.3535,32.0553
2026-07-23T16:03:53.759,294.7452,30.3731,32.1532
2026-07-23T16:03:53.769,294.7641,30.4906,32.2511
2026-07-23T16:03:53.784,294.7717,30.6472,32.2707
2026-07-23T16:03:53.792,294.7717,30.9213,32.114
2026-07-23T16:03:53.815,294.797,31.078,31.9182
2026-07-23T16:03:53.815,294.797,31.1367,31.742
2026-07-23T16:03:53.822,294.797,31.1759,31.6049
2026-07-23T16:03:53.826,294.8282,31.313,31.6832
2026-07-23T16:03:53.848,294.8282,31.2542,31.6832
2026-07-23T16:03:53.848,294.8282,31.45,31.7811
2026-07-23T16:03:53.863,294.8597,31.313,31.742
2026-07-23T16:03:53.879,294.8597,31.7242,31.8203
2026-07-23T16:03:53.879,294.8597,31.7829,31.8595
2026-07-23T16:03:53.893,294.8764,31.9591,31.7616
2026-07-23T16:03:53.911,294.8966,31.8025,31.5658
2026-07-23T16:03:53.911,294.8966,31.7242,31.4483
2026-07-23T16:03:53.911,294.9083,31.9591,31.7224
2026-07-23T16:03:53.927,294.9275,32.1941,31.9378
2026-07-23T16:03:53.942,294.9275,32.4682,32.1923
2026-07-23T16:03:53.947,294.9275,32.7424,32.2902
2026-07-23T16:03:53.959,294.9419,32.7815,32.1532
2026-07-23T16:03:53.959,294.9554,32.8207,32.0553
2026-07-23T16:03:53.978,294.9716,32.8598,32.114
2026-07-23T16:03:53.993,294.9716,33.0948,32.3098
2026-07-23T16:03:53.998,294.9872,32.9969,32.3294
2026-07-23T16:03:54.006,295.003,33.0557,32.3294
2026-07-23T16:03:54.022,295.0086,32.7815,32.1728
2026-07-23T16:03:54.038,295.0277,32.8794,31.9769
2026-07-23T16:03:54.038,295.0359,32.7228,31.8007
2026-07-23T16:03:54.054,295.0359,32.7228,31.742
2026-07-23T16:03:54.059,295.0359,32.4095,31.6832
2026-07-23T16:03:54.078,295.0508,32.4878,31.5462
2026-07-23T16:03:54.078,295.0508,32.5857,31.6049
2026-07-23T16:03:54.087,295.0826,32.7815,31.507
2026-07-23T16:03:54.102,295.0826,32.9186,31.3504
2026-07-23T16:03:54.102,295.0826,33.0165,31.2916
2026-07-23T16:03:54.120,295.0984,32.9577,31.1741
2026-07-23T16:03:54.126,295.2483,32.8011,31.1154
2026-07-23T16:03:54.133,295.256,32.664,31.0175
2026-07-23T16:03:54.149,295.257,32.4486,30.9587
2026-07-23T16:03:54.293,295.28,32.1745,30.9
2026-07-23T16:03:54.293,295.28,32.4878,30.9
2026-07-23T16:03:54.293,295.28,32.4878,30.9587
2026-07-23T16:03:54.293,295.28,32.6249,30.9587
2026-07-23T16:03:54.293,295.28,32.5857,30.9783
2026-07-23T16:03:54.293,295.28,32.7228,30.9196
2026-07-23T16:03:54.293,295.28,32.5466,30.8804
2026-07-23T16:03:54.293,295.28,32.5857,30.9587
2026-07-23T16:03:54.293,295.28,32.4878,31.0175
2026-07-23T16:03:54.293,295.28,32.5466,31.0371
2026-07-23T16:03:54.293,295.28,32.6249,31.1937
2026-07-23T16:03:54.293,295.2878,32.7619,31.1154
2026-07-23T16:03:54.293,295.2878,32.6053,31.0175
2026-07-23T16:03:54.299,295.2878,32.7619,30.9587
2026-07-23T16:03:54.299,295.2878,32.7424,30.8608
2026-07-23T16:03:54.308,295.2878,32.8403,30.9196
2026-07-23T16:03:54.326,295.3135,32.7228,30.8804
2026-07-23T16:03:54.331,295.3195,32.9773,30.9392
2026-07-23T16:03:54.339,295.3195,32.8794,30.9196
2026-07-23T16:03:54.339,295.3488,33.0361,30.9979
2026-07-23T16:03:54.359,295.3508,32.9382,31.1154
2026-07-23T16:03:54.370,295.3508,33.2123,30.9979
2026-07-23T16:03:54.386,295.3751,33.1144,31.0958
2026-07-23T16:03:54.393,295.3829,33.2319,30.9392
2026-07-23T16:03:54.400,295.3857,32.9577,30.7629
2026-07-23T16:03:54.418,295.4083,32.9382,30.4888
2026-07-23T16:03:54.426,295.4083,33.0557,30.4301
2026-07-23T16:03:54.434,295.4132,33.3689,30.4692
2026-07-23T16:03:54.437,295.4319,33.5843,30.4301
2026-07-23T16:03:54.452,295.4416,33.7997,30.5084
2026-07-23T16:03:54.459,295.4467,33.9368,30.6259
2026-07-23T16:03:54.466,295.4625,34.2305,30.8217
2026-07-23T16:03:54.483,295.4784,34.4459,30.9392
2026-07-23T16:03:54.483,295.4784,34.8571,31.135
2026-07-23T16:03:54.500,295.5085,34.7396,31.2133
2026-07-23T16:03:54.500,295.5103,34.955,31.3699
2026-07-23T16:03:54.513,295.5108,34.8767,31.6441
2026-07-23T16:03:54.533,295.5108,35.0725,31.7811
2026-07-23T16:03:54.533,295.5416,34.8375,31.5266
2026-07-23T16:03:54.547,295.5416,34.8767,31.135
2026-07-23T16:03:54.562,295.5495,34.8179,30.8608
2026-07-23T16:03:54.562,295.5495,34.9941,30.7042
2026-07-23T16:03:54.585,295.5753,34.9354,30.7629
2026-07-23T16:03:54.585,295.5753,34.8962,30.8413
2026-07-23T16:03:54.600,295.5753,35.0529,30.8804
2026-07-23T16:03:54.615,295.6082,35.3074,31.0762
2026-07-23T16:03:54.626,295.6082,35.4445,31.2133
2026-07-23T16:03:54.626,295.6082,35.6403,31.272
2026-07-23T16:03:54.640,295.6372,35.5816,31.2525
2026-07-23T16:03:54.657,295.6415,35.6207,31.135
2026-07-23T16:03:54.659,295.6471,35.4641,31.0567
2026-07-23T16:03:54.659,295.6497,35.7774,31.0567
2026-07-23T16:03:54.678,295.6749,35.6991,31.135
2026-07-23T16:03:54.692,295.6749,35.7578,30.9196
2026-07-23T16:03:54.700,295.6749,35.4837,30.6846
2026-07-23T16:03:54.704,295.7083,35.5228,30.4301
2026-07-23T16:03:54.720,295.7083,35.1312,30.1559
2026-07-23T16:03:54.726,295.7083,35.0921,30.0972
2026-07-23T16:03:54.740,295.7322,35.0137,30.3517
2026-07-23T16:03:54.751,295.7418,35.1116,30.3517
2026-07-23T16:03:54.759,295.7418,35.2291,30.4692
2026-07-23T16:03:54.778,295.7723,35.4053,30.5671
2026-07-23T16:03:54.783,295.7749,35.3662,30.5476
2026-07-23T16:03:54.793,295.7749,35.4641,30.4888
2026-07-23T16:03:54.801,295.78,35.0921,30.293
2026-07-23T16:03:54.815,295.7961,35.0333,30.1755
2026-07-23T16:03:54.823,295.7961,34.7396,30.1168
2026-07-23T16:03:54.826,295.8086,35.0137,30.1168
2026-07-23T16:03:54.831,295.8288,35.19,30.3322
2026-07-23T16:03:54.847,295.8288,35.7382,30.4496
2026-07-23T16:03:54.863,295.8419,35.8557,30.665
2026-07-23T16:03:54.880,295.8668,36.2669,30.5671
2026-07-23T16:03:54.880,295.8668,36.169,30.4888
2026-07-23T16:03:54.893,295.8668,36.3452,30.5084
2026-07-23T16:03:54.910,295.8978,36.2277,30.665
2026-07-23T16:03:54.914,295.8978,36.2277,30.8021
2026-07-23T16:03:54.918,295.8978,36.2473,30.9392
2026-07-23T16:03:54.942,295.9279,36.1494,30.9783
2026-07-23T16:03:54.942,295.9279,36.2473,30.9392
2026-07-23T16:03:54.949,295.9279,36.5019,31.0371
2026-07-23T16:03:54.959,295.9393,36.5019,31.0567
2026-07-23T16:03:54.974,295.9547,36.5214,31.135
2026-07-23T16:03:54.979,295.9547,36.169,30.9979
2026-07-23T16:03:54.993,295.9865,36.1886,30.9196
2026-07-23T16:03:55.005,295.9865,35.6991,30.8217
2026-07-23T16:03:55.005,295.9865,35.7382,30.665
2026-07-23T16:03:55.022,295.9865,35.4641,30.6063
2026-07-23T16:03:55.032,296.023,35.7382,30.528
2026-07-23T16:03:55.037,296.0279,35.7382,30.6455
2026-07-23T16:03:55.037,296.0279,36.2082,30.6063
2026-07-23T16:03:55.059,296.0514,35.7578,30.5476
2026-07-23T16:03:55.069,296.0514,35.6599,30.5084
2026-07-23T16:03:55.079,296.0645,35.4053,30.6063
2026-07-23T16:03:55.093,296.0819,35.6403,30.8021
2026-07-23T16:03:55.102,296.0819,35.8557,31.0371
2026-07-23T16:03:55.102,296.0819,36.0907,31.0762
2026-07-23T16:03:55.119,296.1138,36.0711,30.9979
2026-07-23T16:03:55.133,296.1138,36.0907,30.9
2026-07-23T16:03:55.133,296.1138,35.7578,30.665
2026-07-23T16:03:55.150,296.1477,35.6207,30.6846
2026-07-23T16:03:55.165,296.1518,35.327,30.9196
2026-07-23T16:03:55.165,296.1518,35.4249,31.2525
2026-07-23T16:03:55.181,296.175,35.2095,31.6245
2026-07-23T16:03:55.192,296.1776,35.4053,32.0944
2026-07-23T16:03:55.203,296.1776,35.1508,32.486
2026-07-23T16:03:55.212,296.1934,35.2683,32.7406
2026-07-23T16:03:55.212,296.2094,35.1116,33.2497
2026-07-23T16:03:55.228,296.2094,35.1116,33.7392
2026-07-23T16:03:55.244,296.2313,35.1508,34.1308
2026-07-23T16:03:55.244,296.2313,35.1508,34.4245
2026-07-23T16:03:55.260,296.2418,35.0725,34.4833
2026-07-23T16:03:55.260,296.267,35.0921,34.3854
2026-07-23T16:03:55.282,296.267,34.9354,34.0329
2026-07-23T16:03:55.293,296.276,34.955,33.935
2026-07-23T16:03:55.303,296.2887,34.7983,34.1896
2026-07-23T16:03:55.315,296.2887,34.9354,34.4637
2026-07-23T16:03:55.318,296.2887,34.7983,34.7183
2026-07-23T16:03:55.336,296.3202,35.0137,35.0707
2026-07-23T16:03:55.340,296.3282,34.8375,35.1294
2026-07-23T16:03:55.355,296.3282,35.2291,35.2861
2026-07-23T16:03:55.359,296.3528,35.0921,35.2078
2026-07-23T16:03:55.371,296.3564,35.2487,35.3057
2026-07-23T16:03:55.379,296.3564,35.1704,35.6581
2026-07-23T16:03:55.393,296.3846,35.2095,35.5406
2026-07-23T16:03:55.404,296.3846,35.0725,35.5994
2026-07-23T16:03:55.407,296.3846,34.955,35.2078
2026-07-23T16:03:55.426,296.4163,34.955,34.9924
2026-07-23T16:03:55.426,296.4163,35.0333,34.7574
2026-07-23T16:03:55.435,296.4283,35.0333,34.5812
2026-07-23T16:03:55.451,296.4533,35.0725,34.7183
2026-07-23T16:03:55.465,296.4533,34.9941,34.6204
2026-07-23T16:03:55.467,296.4533,35.1508,34.4833
2026-07-23T16:03:55.479,296.4533,35.0137,34.1308
2026-07-23T16:03:55.499,296.4823,35.2879,33.935
2026-07-23T16:03:55.499,296.4823,35.3662,33.6609
2026-07-23T16:03:55.504,296.4823,35.5032,33.563
2026-07-23T16:03:55.516,296.5118,35.3074,33.6805
2026-07-23T16:03:55.533,296.5118,35.4445,33.6609
2026-07-23T16:03:55.533,296.5234,35.4249,33.8371
2026-07-23T16:03:55.563,296.5436,35.6599,33.9742
2026-07-23T16:03:55.563,296.5537,35.8361,34.3071
2026-07-23T16:03:55.574,296.5537,36.1103,34.7183
2026-07-23T16:03:55.580,296.575,36.3844,34.7378
2026-07-23T16:03:55.594,296.575,36.6977,34.7574
2026-07-23T16:03:55.594,296.575,36.8347,34.4637
2026-07-23T16:03:55.611,296.6087,36.8347,34.2287
2026-07-23T16:03:55.626,296.6087,36.5998,33.8567
2026-07-23T16:03:55.626,296.6227,36.7368,33.9154
2026-07-23T16:03:55.642,296.6227,36.6389,34.1308
2026-07-23T16:03:55.660,296.6486,36.9326,34.4441
2026-07-23T16:03:55.660,296.6486,36.9914,34.9141
2026-07-23T16:03:55.673,296.6542,37.2459,35.2078
2026-07-23T16:03:55.679,296.6753,37.2068,35.3644
2026-07-23T16:03:55.692,296.6753,37.3634,35.384
2026-07-23T16:03:55.699,296.6862,37.4026,35.2861
2026-07-23T16:03:55.705,296.7083,37.4222,35.0707
2026-07-23T16:03:55.721,296.7083,37.2655,34.9532
2026-07-23T16:03:55.726,296.718,36.9718,34.6595
2026-07-23T16:03:55.741,296.7417,36.8347,34.6008
2026-07-23T16:03:55.753,296.7417,37.0697,34.5812
2026-07-23T16:03:55.759,296.7417,37.1284,34.542
2026-07-23T16:03:55.769,296.7497,37.1872,34.5616
2026-07-23T16:03:55.784,296.7736,37.2264,34.2483
2026-07-23T16:03:55.793,296.7751,37.2655,34.0721
2026-07-23T16:03:55.800,296.7751,37.0697,33.9546
2026-07-23T16:03:55.805,296.7975,37.1089,34.0329
2026-07-23T16:03:55.816,296.8084,36.9326,33.9938
2026-07-23T16:03:55.832,296.8084,37.0501,34.1504
2026-07-23T16:03:55.832,296.8293,36.9914,34.2483
2026-07-23T16:03:55.848,296.8293,37.0697,34.1896
2026-07-23T16:03:55.859,296.8418,36.9914,34.2483
2026-07-23T16:03:55.879,296.8621,36.8543,34.1113
2026-07-23T16:03:55.880,296.8621,36.7956,33.9938
2026-07-23T16:03:55.880,296.8621,36.7564,34.0525
2026-07-23T16:03:55.904,296.8986,36.6585,33.8763
2026-07-23T16:03:55.912,296.8986,36.5998,33.6413
2026-07-23T16:03:55.913,296.8986,36.404,33.4455
2026-07-23T16:03:55.944,296.928,36.169,33.3868
2026-07-23T16:03:55.944,296.928,36.0711,33.4651
2026-07-23T16:03:55.949,296.928,36.169,33.7392
2026-07-23T16:03:55.959,296.959,35.9144,33.7392
2026-07-23T16:03:55.975,296.959,35.9536,33.7001
2026-07-23T16:03:55.979,296.959,35.8949,33.7784
2026-07-23T16:03:55.993,296.9873,36.0123,33.7001
2026-07-23T16:03:56.006,296.9873,35.9928,33.7588
2026-07-23T16:03:56.010,296.9873,36.0907,33.798
2026-07-23T16:03:56.022,297.0191,36.0907,33.8371
2026-07-23T16:03:56.038,297.0236,35.9732,33.8175
2026-07-23T16:03:56.038,297.0236,36.0515,34.0917
2026-07-23T16:03:56.054,297.0558,36.1103,34.3462
2026-07-23T16:03:56.070,297.0558,36.1494,34.6987
2026-07-23T16:03:56.070,297.0558,36.1103,34.3266
2026-07-23T16:03:56.079,297.0558,35.9536,34.0525
2026-07-23T16:03:56.102,297.0821,35.8165,33.6609
2026-07-23T16:03:56.102,297.0821,35.6403,33.3672
2026-07-23T16:03:56.107,297.0821,35.6403,33.3672
2026-07-23T16:03:56.126,297.1141,35.6207,33.3672
2026-07-23T16:03:56.133,297.1141,35.7186,33.4063
2026-07-23T16:03:56.133,297.1278,35.5424,33.1322
2026-07-23T16:03:56.150,297.1563,35.7382,32.8972
2026-07-23T16:03:56.165,297.1618,35.6599,32.8385
2026-07-23T16:03:56.165,297.1618,35.7186,32.6231
2026-07-23T16:03:56.182,297.1671,35.6207,32.6819
2026-07-23T16:03:56.193,297.1938,35.5228,32.486
2026-07-23T16:03:56.200,297.1938,35.6207,32.3294
2026-07-23T16:03:56.213,297.1938,35.5228,32.0944
2026-07-23T16:03:56.218,297.1938,35.6207,31.742
2026-07-23T16:03:56.242,297.2258,35.6012,31.6049
2026-07-23T16:03:56.242,297.2258,35.6991,31.4483
2026-07-23T16:03:56.245,297.2279,35.7186,31.4874
2026-07-23T16:03:56.262,297.2424,35.6599,31.6049
2026-07-23T16:03:56.262,297.2424,35.6599,31.6637
2026-07-23T16:03:56.283,297.2753,35.4053,31.5658
2026-07-23T16:03:56.293,297.2753,35.1312,31.5462
2026-07-23T16:03:56.293,297.2753,34.9158,31.5462
2026-07-23T16:03:56.308,297.3088,34.9746,31.5266
2026-07-23T16:03:56.326,297.3088,34.9746,31.5853
2026-07-23T16:03:56.326,297.316,35.19,31.6245
2026-07-23T16:03:56.341,297.3378,35.3074,31.7616
2026-07-23T16:03:56.357,297.3419,35.3466,31.9378
2026-07-23T16:03:56.360,297.3419,35.5032,32.2315
2026-07-23T16:03:56.372,297.3695,35.6403,32.2315
2026-07-23T16:03:56.389,297.3751,35.7774,32.3686
2026-07-23T16:03:56.393,297.3751,35.7382,32.3294
2026-07-23T16:03:56.393,297.4023,35.797,32.1728
2026-07-23T16:03:56.420,297.4085,35.7774,32.0161
2026-07-23T16:03:56.420,297.4085,35.9928,31.9182
2026-07-23T16:03:56.426,297.4085,36.2082,32.0749
2026-07-23T16:03:56.436,297.4331,36.169,32.2902
2026-07-23T16:03:56.453,297.4424,36.1494,32.3686
2026-07-23T16:03:56.459,297.4489,35.9732,32.4665
2026-07-23T16:03:56.470,297.4657,35.7774,32.349
2026-07-23T16:03:56.484,297.4752,35.6991,32.4077
2026-07-23T16:03:56.493,297.4752,35.7774,32.3881
2026-07-23T16:03:56.500,297.4808,35.8753,32.349
2026-07-23T16:03:56.516,297.4975,35.8753,32.3881
2026-07-23T16:03:56.516,297.4975,35.9536,32.4665
2026-07-23T16:03:56.534,297.5126,35.9144,32.6035
2026-07-23T16:03:56.548,297.5288,35.9732,32.5252
2026-07-23T16:03:56.548,297.5288,35.8949,32.4077
2026-07-23T16:03:56.563,297.5288,36.0319,32.2902
2026-07-23T16:03:56.580,297.5606,36.1886,32.2315
2026-07-23T16:03:56.580,297.5606,36.1494,32.2315
2026-07-23T16:03:56.580,297.5626,35.9732,32.4077
2026-07-23T16:03:56.595,297.5763,35.6991,32.3881
2026-07-23T16:03:56.611,297.5763,35.5424,32.3881
2026-07-23T16:03:56.617,297.6088,35.4641,32.4469
2026-07-23T16:03:56.627,297.6088,35.7382,32.349
2026-07-23T16:03:56.643,297.6393,36.1886,32.5644
2026-07-23T16:03:56.660,297.6419,36.2473,32.7406
2026-07-23T16:03:56.660,297.6419,36.5606,32.9364
2026-07-23T16:03:56.660,297.6419,36.4235,33.0343
2026-07-23T16:03:56.679,297.6579,36.4431,33.0735
2026-07-23T16:03:56.693,297.6714,36.0711,33.0343
2026-07-23T16:03:56.706,297.6911,36.3452,33.1126
2026-07-23T16:03:56.709,297.6911,36.5019,33.1714
2026-07-23T16:03:56.722,297.7029,36.776,33.2497
2026-07-23T16:03:56.738,297.7284,37.011,33.3476
2026-07-23T16:03:56.742,297.733,37.0305,33.3476
2026-07-23T16:03:56.754,297.7348,36.9326,33.3084
2026-07-23T16:03:56.759,297.7581,36.5802,33.0735
2026-07-23T16:03:56.770,297.7581,36.2277,32.9168
2026-07-23T16:03:56.786,297.7581,36.2865,32.9364
2026-07-23T16:03:56.801,297.7951,36.404,32.9756
2026-07-23T16:03:56.801,297.7961,36.6585,33.0539
2026-07-23T16:03:56.809,297.7982,36.7368,33.0343
2026-07-23T16:03:56.835,297.8165,36.8347,33.1714
2026-07-23T16:03:56.835,297.8165,36.5606,33.2693
2026-07-23T16:03:56.846,297.8165,36.6193,33.4651
2026-07-23T16:03:56.851,297.8287,36.6193,33.7392
2026-07-23T16:03:56.859,297.8579,36.9914,33.8763
2026-07-23T16:03:56.867,297.8584,37.0305,33.935
2026-07-23T16:03:56.879,297.8658,37.1872,33.6413
2026-07-23T16:03:56.893,297.8796,37.1089,33.2301
2026-07-23T16:03:56.899,297.8796,36.8739,32.9364
2026-07-23T16:03:56.915,297.8962,36.6389,32.9168
2026-07-23T16:03:56.926,297.9173,36.4431,33.0147
2026-07-23T16:03:56.930,297.9173,36.4235,33.1518
2026-07-23T16:03:56.930,297.9289,36.4823,33.2105
2026-07-23T16:03:56.951,297.9289,36.5606,33.1714
2026-07-23T16:03:56.968,297.9433,36.5802,33.1714
2026-07-23T16:03:56.968,297.9433,36.5214,33.0931
2026-07-23T16:03:56.980,297.9586,36.5606,33.0147
2026-07-23T16:03:56.994,297.983,36.3844,32.956
2026-07-23T16:03:56.994,297.983,36.7173,33.0735
2026-07-23T16:03:57.009,297.9901,36.7173,33.2497
2026-07-23T16:03:57.026,298.0085,37.0697,33.3868
2026-07-23T16:03:57.034,298.0085,37.1284,33.3476
2026-07-23T16:03:57.041,298.022,37.2264,33.1518
2026-07-23T16:03:57.044,298.042,36.9718,32.9951
2026-07-23T16:03:57.059,298.042,36.6585,33.0147
2026-07-23T16:03:57.073,298.0546,36.4431,33.3476
2026-07-23T16:03:57.080,298.0754,36.0711,33.7392
2026-07-23T16:03:57.093,298.0857,35.8165,34.0329
2026-07-23T16:03:57.104,298.0857,35.6207,34.1504
2026-07-23T16:03:57.117,298.1083,35.5032,34.0133
2026-07-23T16:03:57.126,298.1188,35.6795,33.7392
2026-07-23T16:03:57.126,298.1188,35.7578,33.3084
2026-07-23T16:03:57.137,298.1418,36.0319,32.9951
2026-07-23T16:03:57.137,298.1503,35.797,32.7798
2026-07-23T16:03:57.159,298.1503,35.8165,32.5448
2026-07-23T16:03:57.170,298.1503,35.4053,32.5448
2026-07-23T16:03:57.185,298.1814,35.4837,32.4665
2026-07-23T16:03:57.193,298.1814,35.3466,32.5644
2026-07-23T16:03:57.201,298.1814,35.4053,32.486
2026-07-23T16:03:57.216,298.2132,35.3074,32.3881
2026-07-23T16:03:57.226,298.2154,35.1116,32.1728
2026-07-23T16:03:57.232,298.2185,35.0333,31.8986
2026-07-23T16:03:57.232,298.2206,35.0137,31.7616
2026-07-23T16:03:57.259,298.2455,34.955,31.6245
2026-07-23T16:03:57.266,298.2455,35.2291,31.6245
2026-07-23T16:03:57.271,298.2749,35.4445,31.8399
2026-07-23T16:03:57.292,298.2775,35.6012,31.8595
2026-07-23T16:03:57.292,298.2775,35.5228,31.8399
2026-07-23T16:03:57.296,298.2775,35.8361,31.7811
2026-07-23T16:03:57.312,298.2929,35.8557,31.5658
2026-07-23T16:03:57.313,298.3087,36.0907,31.4874
2026-07-23T16:03:57.328,298.3087,35.9928,31.135
2026-07-23T16:03:57.344,298.342,36.2473,30.8804
2026-07-23T16:03:57.344,298.342,36.2473,31.0762
2026-07-23T16:03:57.368,298.342,36.3844,31.3504
2026-07-23T16:03:57.376,298.3598,36.1103,31.6245
2026-07-23T16:03:57.380,298.3598,35.7578,31.5853
2026-07-23T16:03:57.393,298.3755,35.3662,31.3308
2026-07-23T16:03:57.407,298.4003,35.1116,31.0371
2026-07-23T16:03:57.411,298.404,34.9158,30.7825
2026-07-23T16:03:57.426,298.4086,35.0921,30.9196
2026-07-23T16:03:57.426,298.4299,35.1312,30.8021
2026-07-23T16:03:57.439,298.4299,35.2683,30.665
2026-07-23T16:03:57.459,298.4357,34.9746,30.3909
2026-07-23T16:03:57.459,298.46,34.9354,29.921
2026-07-23T16:03:57.472,298.46,34.485,29.451
2026-07-23T16:03:57.486,298.467,34.3088,29.1182
2026-07-23T16:03:57.486,298.4838,33.8389,29.0594
2026-07-23T16:03:57.511,298.4838,33.8976,29.1182
2026-07-23T16:03:57.511,298.4838,33.8193,29.3531
2026-07-23T16:03:57.526,298.526,33.7997,29.5098
2026-07-23T16:03:57.535,298.53,33.6822,29.6077
2026-07-23T16:03:57.535,298.5311,33.7214,29.4902
2026-07-23T16:03:57.550,298.5482,33.4081,29.1965
2026-07-23T16:03:57.565,298.5605,33.3102,29.0203
2026-07-23T16:03:57.575,298.5605,33.0948,29.0398
2026-07-23T16:03:57.582,298.5702,32.9186,29.1573
2026-07-23T16:03:57.593,298.5954,32.6445,29.0594
2026-07-23T16:03:57.599,298.5954,32.4486,28.9419
2026-07-23T16:03:57.616,298.5954,32.0766,28.5895
2026-07-23T16:03:57.621,298.5954,31.9591,28.2958
2026-07-23T16:03:57.632,298.6299,31.3521,27.7475
2026-07-23T16:03:57.632,298.6299,31.0976,27.1405
2026-07-23T16:03:57.646,298.6299,30.099,26.4356
2026-07-23T16:03:57.678,298.661,29.0808,25.4566
2026-07-23T16:03:57.678,298.661,27.4164,24.4775
2026-07-23T16:03:57.681,298.661,26.0066,23.2048
2026-07-23T16:03:57.693,298.661,24.6163,21.9712
2026-07-23T16:03:57.712,298.6923,23.4415,20.8159
2026-07-23T16:03:57.712,298.6923,21.9142,19.7586
2026-07-23T16:03:57.712,298.7068,20.2498,18.7795
2026-07-23T16:03:57.726,298.7338,18.3701,17.8396
2026-07-23T16:03:57.743,298.7384,16.7253,16.8802
2026-07-23T16:03:57.743,298.7422,14.7281,15.862
2026-07-23T16:03:57.760,298.7755,13.2399,14.9613
2026-07-23T16:03:57.781,298.7755,11.5168,14.041
2026-07-23T16:03:57.785,298.7755,10.2636,13.0424
2026-07-23T16:03:57.793,298.7857,8.5405,12.0242
2026-07-23T16:03:57.793,298.8175,7.2482,11.0647
2026-07-23T16:03:57.821,298.8175,5.8188,10.1836
2026-07-23T16:03:57.821,298.8297,4.7419,9.1066
2026-07-23T16:03:57.826,298.8297,3.4104,7.9122
2026-07-23T16:03:57.836,298.8332,2.5097,6.7569
2026-07-23T16:03:57.853,298.8648,1.4131,5.7779
2026-07-23T16:03:57.859,298.8648,0.6103,4.7989
2026-07-23T16:03:57.868,298.8751,-0.075,4.0156
2026-07-23T16:03:57.884,298.8813,-0.6624,3.3303
2026-07-23T16:03:57.892,298.8823,-1.1911,2.6645
2026-07-23T16:03:57.910,298.9088,-1.5044,2.2142
2026-07-23T16:03:57.916,298.9134,-1.9939,1.7051
2026-07-23T16:03:57.926,298.9134,-2.131,1.431
2026-07-23T16:03:57.933,298.9134,-2.4638,1.0589
2026-07-23T16:03:57.933,298.9437,-2.4443,0.7652
2026-07-23T16:03:57.951,298.9437,-2.8555,0.4911
2026-07-23T16:03:57.964,298.9621,-2.8555,0.1974
2026-07-23T16:03:57.964,298.9621,-3.1883,0.0407
2026-07-23T16:03:57.980,298.9841,-3.1688,-0.1747
2026-07-23T16:03:57.995,298.9911,-3.2471,-0.3313
2026-07-23T16:03:58.013,298.9911,-3.2471,-0.4684
2026-07-23T16:03:58.013,298.9911,-3.4233,-0.625
2026-07-23T16:03:58.035,299.0295,-3.4429,-0.6838
2026-07-23T16:03:58.035,299.0388,-3.5016,-0.8012
2026-07-23T16:03:58.042,299.0419,-3.5604,-0.8991
2026-07-23T16:03:58.042,299.0419,-3.5604,-0.9383
2026-07-23T16:03:58.079,299.0753,-3.5995,-1.0754
2026-07-23T16:03:58.079,299.0753,-3.8541,-1.232
2026-07-23T16:03:58.090,299.0753,-3.717,-1.1929
2026-07-23T16:03:58.093,299.0868,-3.8737,-1.2516
2026-07-23T16:03:58.093,299.1091,-3.6974,-1.232
2026-07-23T16:03:58.123,299.1091,-3.8541,-1.2516
2026-07-23T16:03:58.126,299.1183,-3.6583,-1.4082
2026-07-23T16:03:58.138,299.1183,-3.8541,-1.3495
2026-07-23T16:03:58.138,299.1419,-3.7366,-1.467
2026-07-23T16:03:58.153,299.1509,-3.6387,-1.4474
2026-07-23T16:03:58.160,299.1509,-3.3058,-1.4866
2026-07-23T16:03:58.169,299.1509,-3.0317,-1.3495
2026-07-23T16:03:58.193,299.1823,-2.8359,-1.3299
2026-07-23T16:03:58.193,299.1823,-2.6988,-1.2712
2026-07-23T16:03:58.202,299.1823,-2.6205,-1.2516
2026-07-23T16:03:58.202,299.213,-2.6205,-1.3299
2026-07-23T16:03:58.226,299.213,-2.4834,-1.3299
2026-07-23T16:03:58.233,299.213,-2.5813,-1.2908
2026-07-23T16:03:58.244,299.213,-2.4834,-1.3103
2026-07-23T16:03:58.259,299.2448,-2.5813,-1.3103
2026-07-23T16:03:58.259,299.2448,-2.3855,-1.2908
2026-07-23T16:03:58.264,299.2448,-2.4638,-1.232
2026-07-23T16:03:58.293,299.2792,-2.1506,-1.1929
2026-07-23T16:03:58.293,299.281,-2.1897,-1.2124
2026-07-23T16:03:58.296,299.2861,-1.9352,-1.1929
2026-07-23T16:03:58.314,299.3084,-1.9156,-1.1733
2026-07-23T16:03:58.314,299.3084,-1.8177,-1.1733
2026-07-23T16:03:58.336,299.318,-1.8764,-1.0166
2026-07-23T16:03:58.344,299.3396,-1.8373,-1.0362
2026-07-23T16:03:58.344,299.3422,-1.8373,-1.0166
2026-07-23T16:03:58.359,299.3422,-1.8373,-1.0166
2026-07-23T16:03:58.369,299.3422,-1.9547,-1.0166
2026-07-23T16:03:58.381,299.3716,-1.8373,-0.9383
2026-07-23T16:03:58.393,299.3751,-2.0135,-0.9775
2026-07-23T16:03:58.393,299.3876,-1.8568,-0.8991
2026-07-23T16:03:58.415,299.3998,-1.9547,-0.8796
2026-07-23T16:03:58.426,299.4014,-1.7394,-0.8991
2026-07-23T16:03:58.438,299.4195,-1.9352,-0.7817
2026-07-23T16:03:58.438,299.4195,-1.7394,-0.8208
2026-07-23T16:03:58.454,299.4195,-1.9352,-0.8208
2026-07-23T16:03:58.470,299.4433,-1.7589,-0.86
2026-07-23T16:03:58.470,299.4433,-1.8177,-0.7621
2026-07-23T16:03:58.486,299.4674,-1.8177,-0.8796
2026-07-23T16:03:58.494,299.4674,-1.8373,-0.8208
2026-07-23T16:03:58.503,299.4848,-1.7981,-0.8404
2026-07-23T16:03:58.515,299.4848,-1.8373,-0.86
2026-07-23T16:03:58.536,299.5087,-1.7589,-0.8991
2026-07-23T16:03:58.536,299.5087,-1.7785,-0.8208
2026-07-23T16:03:58.550,299.5301,-1.7394,-0.8404
2026-07-23T16:03:58.553,299.5301,-1.8373,-0.86
2026-07-23T16:03:58.559,299.5474,-1.7002,-0.7621
2026-07-23T16:03:58.577,299.5474,-1.9156,-0.86
2026-07-23T16:03:58.581,299.5474,-1.6806,-0.8404
2026-07-23T16:03:58.597,299.5777,-1.9352,-0.7621
2026-07-23T16:03:58.598,299.5777,-1.6806,-0.8796
2026-07-23T16:03:58.615,299.5946,-1.8764,-0.7817
2026-07-23T16:03:58.626,299.5946,-1.7198,-0.8404
2026-07-23T16:03:58.628,299.5946,-1.7981,-0.7229
2026-07-23T16:03:58.644,299.6256,-1.8373,-0.86
2026-07-23T16:03:58.645,299.6256,-1.7394,-0.8404
2026-07-23T16:03:58.665,299.6421,-1.7981,-0.7817
2026-07-23T16:03:58.665,299.6421,-1.8373,-0.86
2026-07-23T16:03:58.681,299.6648,-1.7785,-0.7817
2026-07-23T16:03:58.693,299.6737,-1.8177,-0.6446
2026-07-23T16:03:58.708,299.6933,-1.7785,-0.7425
2026-07-23T16:03:58.716,299.6933,-1.7785,-0.8404
2026-07-23T16:03:58.726,299.6933,-1.7002,-0.8404
2026-07-23T16:03:58.726,299.722,-1.896,-0.8012
2026-07-23T16:03:58.744,299.722,-1.7198,-0.86
2026-07-23T16:03:58.757,299.7417,-1.8373,-0.8012
2026-07-23T16:03:58.769,299.7533,-1.7785,-0.8404
2026-07-23T16:03:58.773,299.7533,-1.7785,-0.7425
2026-07-23T16:03:58.788,299.7765,-1.8568,-0.8208
2026-07-23T16:03:58.793,299.7765,-1.7785,-0.7621
2026-07-23T16:03:58.804,299.785,-1.7394,-0.86
2026-07-23T16:03:58.816,299.8007,-1.7589,-0.7817
2026-07-23T16:03:58.827,299.8088,-1.7785,-0.86
2026-07-23T16:03:58.836,299.8088,-1.8177,-0.8012
2026-07-23T16:03:58.836,299.8327,-1.7589,-0.7817
2026-07-23T16:03:58.851,299.8327,-1.7981,-0.86
2026-07-23T16:03:58.860,299.8417,-1.7198,-0.8012
2026-07-23T16:03:58.883,299.8657,-1.8373,-0.7817
2026-07-23T16:03:58.883,299.8657,-1.7002,-0.7229
2026-07-23T16:03:58.893,299.8657,-1.8373,-0.8012
2026-07-23T16:03:58.911,299.8807,-1.7589,-0.7621
2026-07-23T16:03:58.911,299.8807,-1.8568,-0.8012
2026-07-23T16:03:58.926,299.9136,-1.7589,-0.7817
2026-07-23T16:03:58.931,299.9136,-1.7981,-0.7425
2026-07-23T16:03:58.948,299.9136,-1.7394,-0.8012
2026-07-23T16:03:58.953,299.9497,-1.8177,-0.7817
2026-07-23T16:03:58.964,299.9517,-1.7785,-0.8208
2026-07-23T16:03:58.964,299.9517,-1.7394,-0.7425
2026-07-23T16:03:58.982,299.9763,-1.7198,-0.8208
2026-07-23T16:03:58.997,299.9763,-1.7589,-0.8404
2026-07-23T16:03:59.003,299.9763,-1.7394,-0.7621
2026-07-23T16:03:59.012,299.9922,-1.7785,-0.7817
2026-07-23T16:03:59.017,299.9922,-1.661,-0.7425
2026-07-23T16:03:59.036,300.0308,-1.8373,-0.8012
2026-07-23T16:03:59.043,300.0308,-1.5827,-0.8012
2026-07-23T16:03:59.043,300.0308,-1.7981,-0.7817
2026-07-23T16:03:59.059,300.0563,-1.7198,-0.8012
2026-07-23T16:03:59.078,300.0563,-1.7981,-0.8208
2026-07-23T16:03:59.082,300.0563,-1.6806,-0.8208
2026-07-23T16:03:59.093,300.0755,-1.7981,-0.7621
2026-07-23T16:03:59.107,300.0876,-1.7002,-0.7229
2026-07-23T16:03:59.107,300.0876,-1.8177,-0.7425
2026-07-23T16:03:59.126,300.1103,-1.7785,-0.7817
2026-07-23T16:03:59.126,300.1103,-1.8568,-0.7817
2026-07-23T16:03:59.138,300.1103,-1.7589,-0.8012
2026-07-23T16:03:59.161,300.1347,-1.7394,-0.7817
2026-07-23T16:03:59.161,300.1418,-1.7589,-0.7621
2026-07-23T16:03:59.170,300.1675,-1.7589,-0.7621
2026-07-23T16:03:59.185,300.1675,-1.7198,-0.7621
2026-07-23T16:03:59.193,300.1937,-1.7589,-0.8012
2026-07-23T16:03:59.203,300.1937,-1.661,-0.8012
2026-07-23T16:03:59.218,300.1993,-1.7785,-0.7817
2026-07-23T16:03:59.218,300.2142,-1.7981,-0.7817
2026-07-23T16:03:59.233,300.2142,-1.7981,-0.7425
2026-07-23T16:03:59.245,300.2142,-1.7198,-0.8012
2026-07-23T16:03:59.250,300.2457,-1.7981,-0.7425
2026-07-23T16:03:59.265,300.2457,-1.7002,-0.8208
2026-07-23T16:03:59.265,300.2457,-1.6806,-0.8012
2026-07-23T16:03:59.286,300.2774,-1.7981,-0.7425
2026-07-23T16:03:59.297,300.2774,-1.7394,-0.8208
2026-07-23T16:03:59.297,300.2774,-1.7589,-0.7817
2026-07-23T16:03:59.312,300.2931,-1.7002,-0.7817
2026-07-23T16:03:59.319,300.2931,-1.7785,-0.7229
2026-07-23T16:03:59.328,300.3085,-1.7589,-0.7425
2026-07-23T16:03:59.328,300.3253,-1.7394,-0.7621
2026-07-23T16:03:59.344,300.3313,-1.7002,-0.7621
2026-07-23T16:03:59.359,300.3565,-1.7002,-0.7425
2026-07-23T16:03:59.376,300.3565,-1.9156,-0.8012
2026-07-23T16:03:59.382,300.3605,-1.6806,-0.8012
2026-07-23T16:03:59.397,300.3753,-1.7589,-0.7621
2026-07-23T16:03:59.397,300.3753,-1.6806,-0.7817
2026-07-23T16:03:59.419,300.4033,-1.7002,-0.7621
2026-07-23T16:03:59.426,300.4088,-1.661,-0.7817
2026-07-23T16:03:59.426,300.4088,-1.7198,-0.6838
2026-07-23T16:03:59.440,300.4316,-1.7198,-0.7621
2026-07-23T16:03:59.454,300.4348,-1.661,-0.8208
2026-07-23T16:03:59.470,300.4506,-1.7589,-0.7621
2026-07-23T16:03:59.470,300.4506,-1.6219,-0.8404
2026-07-23T16:03:59.486,300.4506,-1.7198,-0.7621
2026-07-23T16:03:59.495,300.4825,-1.7394,-0.7621
2026-07-23T16:03:59.501,300.4835,-1.7198,-0.7621
2026-07-23T16:03:59.519,300.5085,-1.7002,-0.8012
2026-07-23T16:03:59.526,300.5085,-1.7002,-0.6838
2026-07-23T16:03:59.534,300.5085,-1.7785,-0.7817
2026-07-23T16:03:59.549,300.5316,-1.7198,-0.7621
2026-07-23T16:03:59.549,300.5316,-1.7981,-0.7621
2026-07-23T16:03:59.565,300.5316,-1.6806,-0.7621
2026-07-23T16:03:59.582,300.5617,-1.7785,-0.6838
2026-07-23T16:03:59.582,300.5617,-1.7198,-0.7817
2026-07-23T16:03:59.593,300.5777,-1.7198,-0.7229
2026-07-23T16:03:59.597,300.5777,-1.7198,-0.7621
2026-07-23T16:03:59.612,300.5777,-1.7002,-0.7425
2026-07-23T16:03:59.626,300.6107,-1.7785,-0.8012
2026-07-23T16:03:59.629,300.6107,-1.7002,-0.7033
2026-07-23T16:03:59.646,300.6318,-1.7785,-0.7425
2026-07-23T16:03:59.646,300.6318,-1.7002,-0.8208
2026-07-23T16:03:59.661,300.6577,-1.7785,-0.7425
2026-07-23T16:03:59.661,300.6577,-1.6806,-0.8208
2026-07-23T16:03:59.683,300.6577,-1.7002,-0.7817
2026-07-23T16:03:59.693,300.6755,-1.7394,-0.7229
2026-07-23T16:03:59.708,300.6893,-1.661,-0.7621
2026-07-23T16:03:59.708,300.6893,-1.7002,-0.7621
2026-07-23T16:03:59.726,300.7087,-1.7198,-0.7621
2026-07-23T16:03:59.726,300.7087,-1.7394,-0.7621
2026-07-23T16:03:59.745,300.7369,-1.661,-0.7817
2026-07-23T16:03:59.760,300.7369,-1.7002,-0.7033
2026-07-23T16:03:59.760,300.7369,-1.7198,-0.7817
2026-07-23T16:03:59.772,300.7528,-1.6415,-0.6642
2026-07-23T16:03:59.788,300.7528,-1.7198,-0.7425
2026-07-23T16:03:59.793,300.7845,-1.6219,-0.7817
2026-07-23T16:03:59.804,300.7845,-1.7198,-0.7425
2026-07-23T16:03:59.804,300.7845,-1.6415,-0.8012
2026-07-23T16:03:59.835,300.8087,-1.7785,-0.7229
2026-07-23T16:03:59.835,300.8162,-1.7198,-0.7817
2026-07-23T16:03:59.835,300.832,-1.7002,-0.7229
2026-07-23T16:03:59.859,300.8419,-1.7394,-0.8404
2026-07-23T16:03:59.859,300.8419,-1.7002,-0.7817
2026-07-23T16:03:59.870,300.8636,-1.6415,-0.7817
2026-07-23T16:03:59.883,300.8706,-1.7198,-0.8012
2026-07-23T16:03:59.893,300.8755,-1.661,-0.7621
2026-07-23T16:03:59.898,300.8952,-1.6806,-0.7817
2026-07-23T16:03:59.914,300.8952,-1.661,-0.7621
2026-07-23T16:03:59.926,300.8952,-1.7785,-0.7621
2026-07-23T16:03:59.930,300.911,-1.6415,-0.7425
2026-07-23T16:03:59.946,300.911,-1.7785,-0.8012
2026-07-23T16:03:59.960,300.9447,-1.6219,-0.8208
2026-07-23T16:03:59.962,300.9447,-1.7394,-0.7229
2026-07-23T16:03:59.962,300.9447,-1.7002,-0.7817
2026-07-23T16:03:59.993,300.9708,-1.7785,-0.7425
2026-07-23T16:03:59.995,300.9708,-1.7198,-0.7621
2026-07-23T16:04:00.020,300.9909,-1.7002,-0.7425
2026-07-23T16:04:00.020,300.9909,-1.7394,-0.7817
2026-07-23T16:04:00.027,301.0065,-1.7198,-0.8012
2026-07-23T16:04:00.042,301.0281,-1.7394,-0.7425
2026-07-23T16:04:00.042,301.0281,-1.7198,-0.7621
2026-07-23T16:04:00.057,301.0321,-1.661,-0.7425
2026-07-23T16:04:00.059,301.0539,-1.7394,-0.7621
2026-07-23T16:04:00.073,301.0539,-1.661,-0.7229
2026-07-23T16:04:00.083,301.0539,-1.7785,-0.8012
2026-07-23T16:04:00.105,301.0864,-1.5044,-0.7229
2026-07-23T16:04:00.105,301.0864,-1.7785,-0.7621
2026-07-23T16:04:00.105,301.0864,-1.661,-0.7425
2026-07-23T16:04:00.126,301.1115,-1.8177,-0.7621
2026-07-23T16:04:00.126,301.1115,-1.6415,-0.8012
2026-07-23T16:04:00.162,301.1341,-1.7198,-0.7229
2026-07-23T16:04:00.162,301.1341,-1.6806,-0.7621
2026-07-23T16:04:00.162,301.1341,-1.661,-0.7229
2026-07-23T16:04:00.168,301.1658,-1.7394,-0.7817
2026-07-23T16:04:00.185,301.1658,-1.7002,-0.8012
2026-07-23T16:04:00.204,301.1898,-1.7198,-0.7425
2026-07-23T16:04:00.204,301.1913,-1.661,-0.7621
2026-07-23T16:04:00.204,301.1949,-1.7002,-0.6838
2026-07-23T16:04:00.226,301.2222,-1.7394,-0.7033
2026-07-23T16:04:00.239,301.2252,-1.6219,-0.7229
2026-07-23T16:04:00.246,301.2272,-1.7589,-0.8012
2026-07-23T16:04:00.258,301.2501,-1.6023,-0.8208
2026-07-23T16:04:00.270,301.2501,-1.7589,-0.7229
2026-07-23T16:04:00.278,301.2501,-1.6023,-0.8208
2026-07-23T16:04:00.301,301.2797,-1.7981,-0.7425
2026-07-23T16:04:00.301,301.2817,-1.6219,-0.7229
2026-07-23T16:04:00.301,301.2817,-1.896,-0.7817
2026-07-23T16:04:00.301,301.309,-1.6219,-0.8012
2026-07-23T16:04:00.329,301.309,-1.7394,-0.7817
2026-07-23T16:04:00.333,301.3132,-1.7394,-0.8012
2026-07-23T16:04:00.348,301.3321,-1.6023,-0.7033
2026-07-23T16:04:00.348,301.3321,-1.7198,-0.7425
2026-07-23T16:04:00.371,301.3617,-1.661,-0.86
2026-07-23T16:04:00.383,301.3617,-1.524,-0.7817
2026-07-23T16:04:00.383,301.3617,-1.7589,-0.7817
2026-07-23T16:04:00.397,301.3926,-1.6219,-0.7229
2026-07-23T16:04:00.412,301.3926,-1.8373,-0.7817
2026-07-23T16:04:00.412,301.3961,-1.6219,-0.7033
2026-07-23T16:04:00.428,301.4091,-1.7785,-0.7817
2026-07-23T16:04:00.430,301.4091,-1.6023,-0.8404
2026-07-23T16:04:00.447,301.4246,-1.8568,-0.7817
2026-07-23T16:04:00.454,301.4451,-1.6219,-0.7425
2026-07-23T16:04:00.460,301.4451,-1.7394,-0.7425
2026-07-23T16:04:00.460,301.4451,-1.6806,-0.7033
2026-07-23T16:04:00.496,301.4754,-1.7589,-0.7621
2026-07-23T16:04:00.496,301.4754,-1.7002,-0.7425
2026-07-23T16:04:00.507,301.4887,-1.7394,-0.7621
2026-07-23T16:04:00.523,301.4887,-1.7394,-0.7621
2026-07-23T16:04:00.526,301.5036,-1.7394,-0.7621
2026-07-23T16:04:00.540,301.5197,-1.661,-0.7229
2026-07-23T16:04:00.540,301.5197,-1.7394,-0.7425
2026-07-23T16:04:00.555,301.5284,-1.6219,-0.7229
2026-07-23T16:04:00.570,301.5516,-1.7785,-0.7229
2026-07-23T16:04:00.570,301.5516,-1.6219,-0.7033
2026-07-23T16:04:00.588,301.5753,-1.7981,-0.7425
2026-07-23T16:04:00.593,301.5753,-1.5631,-0.7817
2026-07-23T16:04:00.602,301.5753,-1.7785,-0.7033
2026-07-23T16:04:00.622,301.5994,-1.7198,-0.8012
2026-07-23T16:04:00.625,301.5994,-1.7394,-0.7229
2026-07-23T16:04:00.634,301.6301,-1.6806,-0.7817
2026-07-23T16:04:00.650,301.6322,-1.7394,-0.7229
2026-07-23T16:04:00.650,301.6322,-1.6415,-0.7425
2026-07-23T16:04:00.667,301.6536,-1.7589,-0.7425
2026-07-23T16:04:00.667,301.6536,-1.7394,-0.7033
2026-07-23T16:04:00.683,301.679,-1.7002,-0.7817
2026-07-23T16:04:00.699,301.679,-1.6806,-0.6838
2026-07-23T16:04:00.704,301.679,-1.7394,-0.7425
2026-07-23T16:04:00.715,301.6956,-1.661,-0.7425
2026-07-23T16:04:00.726,301.6956,-1.7785,-0.8012
2026-07-23T16:04:00.730,301.7086,-1.6023,-0.7229
2026-07-23T16:04:00.746,301.7323,-1.7394,-0.7229
2026-07-23T16:04:00.746,301.7323,-1.6415,-0.6642
2026-07-23T16:04:00.779,301.7579,-1.7589,-0.7033
