wall_time,elapsed_s,F1_N,F2_N
2026-07-20T17:37:29.787,0.0252,-0.1498,-0.4337
2026-07-20T17:37:29.803,0.0252,-0.2085,-0.4729
2026-07-20T17:37:29.803,0.0472,-0.1302,-0.4141
2026-07-20T17:37:29.818,0.0472,-0.1302,-0.3946
2026-07-20T17:37:29.832,0.0472,-0.1694,-0.4337
2026-07-20T17:37:29.839,0.0632,-0.1302,-0.4141
2026-07-20T17:37:29.850,0.0632,-0.1302,-0.4533
2026-07-20T17:37:29.866,0.0946,-0.1498,-0.3946
2026-07-20T17:37:29.866,0.0946,-0.1694,-0.375
2026-07-20T17:37:29.886,0.1103,-0.1498,-0.3946
2026-07-20T17:37:29.886,0.1103,-0.1106,-0.3358
2026-07-20T17:37:29.901,0.1103,-0.1694,-0.4337
2026-07-20T17:37:29.913,0.1291,-0.0911,-0.4141
2026-07-20T17:37:29.913,0.1291,-0.1106,-0.4337
2026-07-20T17:37:29.932,0.1616,-0.1498,-0.4141
2026-07-20T17:37:29.932,0.1626,-0.1106,-0.375
2026-07-20T17:37:29.960,0.182,-0.1302,-0.4337
2026-07-20T17:37:29.964,0.182,-0.1694,-0.4141
2026-07-20T17:37:29.967,0.2046,-0.0911,-0.4925
2026-07-20T17:37:29.985,0.2046,-0.1498,-0.4533
2026-07-20T17:37:29.992,0.2046,-0.2281,-0.4337
2026-07-20T17:37:30.007,0.2327,-0.1498,-0.4533
2026-07-20T17:37:30.007,0.2364,-0.326,-0.4141
2026-07-20T17:37:30.023,0.2521,-0.1302,-0.4141
2026-07-20T17:37:30.032,0.2521,-0.1498,-0.3946
2026-07-20T17:37:30.045,0.268,-0.0911,-0.4337
2026-07-20T17:37:30.055,0.268,-0.1694,-0.3946
2026-07-20T17:37:30.063,0.268,-0.0127,-0.3554
2026-07-20T17:37:30.071,0.2995,-0.0911,-0.4141
2026-07-20T17:37:30.071,0.2995,-0.0911,-0.3554
2026-07-20T17:37:30.086,0.3152,-0.0911,-0.4533
2026-07-20T17:37:30.102,0.3152,-0.1106,-0.375
2026-07-20T17:37:30.102,0.3439,-0.0715,-0.3946
2026-07-20T17:37:30.118,0.3439,-0.1498,-0.3554
2026-07-20T17:37:30.134,0.3625,-0.1302,-0.3358
2026-07-20T17:37:30.134,0.3625,-0.1302,-0.4141
2026-07-20T17:37:30.149,0.3784,-0.0911,-0.375
2026-07-20T17:37:30.165,0.3784,-0.0911,-0.4533
2026-07-20T17:37:30.165,0.3784,-0.1498,-0.3946
2026-07-20T17:37:30.181,0.4101,-0.1302,-0.4337
2026-07-20T17:37:30.181,0.4101,-0.1498,-0.3946
2026-07-20T17:37:30.202,0.4294,-0.1302,-0.3946
2026-07-20T17:37:30.213,0.4294,-0.0911,-0.2966
2026-07-20T17:37:30.213,0.4545,-0.1498,-0.4337
2026-07-20T17:37:30.232,0.4578,-0.1106,-0.3946
2026-07-20T17:37:30.245,0.4776,-0.1106,-0.4533
2026-07-20T17:37:30.251,0.4804,-0.1106,-0.3946
2026-07-20T17:37:30.261,0.4804,-0.0911,-0.4141
2026-07-20T17:37:30.276,0.4895,-0.1106,-0.3946
2026-07-20T17:37:30.283,0.5052,-0.1302,-0.3554
2026-07-20T17:37:30.292,0.5208,-0.1694,-0.4729
2026-07-20T17:37:30.292,0.5208,-0.0911,-0.4337
2026-07-20T17:37:30.308,0.5364,-0.1498,-0.375
2026-07-20T17:37:30.323,0.5364,-0.1302,-0.375
2026-07-20T17:37:30.323,0.5521,-0.1106,-0.4533
2026-07-20T17:37:30.339,0.5678,-0.1302,-0.3554
2026-07-20T17:37:30.339,0.5835,-0.189,-0.3554
2026-07-20T17:37:30.355,0.5835,-0.0715,-0.4337
2026-07-20T17:37:30.370,0.5835,-0.0911,-0.4337
2026-07-20T17:37:30.386,0.6002,-0.1498,-0.4141
2026-07-20T17:37:30.386,0.6002,-0.1106,-0.3946
2026-07-20T17:37:30.403,0.6312,-0.0519,-0.4141
2026-07-20T17:37:30.403,0.6344,-0.0519,-0.3162
2026-07-20T17:37:30.418,0.6472,-0.1302,-0.3946
2026-07-20T17:37:30.439,0.6472,-0.1694,-0.4533
2026-07-20T17:37:30.450,0.6704,-0.1498,-0.4141
2026-07-20T17:37:30.450,0.6787,-0.0323,-0.3946
2026-07-20T17:37:30.450,0.6944,-0.0911,-0.3946
2026-07-20T17:37:30.473,0.6944,-0.1106,-0.4141
2026-07-20T17:37:30.484,0.6944,-0.0715,-0.4337
2026-07-20T17:37:30.484,0.7241,-0.1498,-0.3946
2026-07-20T17:37:30.497,0.7258,-0.1694,-0.4337
2026-07-20T17:37:30.513,0.7414,-0.1302,-0.3946
2026-07-20T17:37:30.515,0.7414,-0.0127,-0.3946
2026-07-20T17:37:30.532,0.7571,-0.0715,-0.375
2026-07-20T17:37:30.544,0.7738,0.2614,-0.3946
2026-07-20T17:37:30.544,0.7738,-0.0519,-0.2379
2026-07-20T17:37:30.560,0.7941,-0.1694,-0.4141
2026-07-20T17:37:30.560,0.7975,-0.0323,-0.3358
2026-07-20T17:37:30.576,0.8201,-0.0715,-0.4141
2026-07-20T17:37:30.593,0.8201,-0.0323,-0.3946
2026-07-20T17:37:30.600,0.8201,-0.189,-0.3554
2026-07-20T17:37:30.609,0.8466,-0.1106,-0.4141
2026-07-20T17:37:30.623,0.8486,-0.1302,-0.3554
2026-07-20T17:37:30.640,0.867,-0.1106,-0.3946
2026-07-20T17:37:30.640,0.867,-0.1302,-0.3946
2026-07-20T17:37:30.654,0.867,-0.0323,-0.3946
2026-07-20T17:37:30.655,0.8842,-0.1302,-0.3946
2026-07-20T17:37:30.670,0.8842,-0.0715,-0.3946
2026-07-20T17:37:30.685,0.915,-0.1106,-0.375
2026-07-20T17:37:30.687,0.915,-0.0911,-0.4729
2026-07-20T17:37:30.701,0.9384,-0.0911,-0.4141
2026-07-20T17:37:30.701,0.9384,-0.0519,-0.4729
2026-07-20T17:37:30.718,0.9457,-0.1106,-0.3946
2026-07-20T17:37:30.732,0.9614,-0.1498,-0.4533
2026-07-20T17:37:30.741,0.9614,-0.1106,-0.4141
2026-07-20T17:37:30.748,0.9839,-0.1106,-0.3946
2026-07-20T17:37:30.764,0.9839,-0.1302,-0.3554
2026-07-20T17:37:30.772,1.0042,-0.1498,-0.3554
2026-07-20T17:37:30.780,1.0042,-0.0715,-0.4141
2026-07-20T17:37:30.795,1.0264,-0.0911,-0.4141
2026-07-20T17:37:30.795,1.0264,-0.0715,-0.3554
2026-07-20T17:37:30.811,1.0403,-0.1106,-0.4141
2026-07-20T17:37:30.827,1.0403,-0.1694,-0.3162
2026-07-20T17:37:30.832,1.0564,-0.1498,-0.3554
2026-07-20T17:37:30.843,1.0564,-0.0127,-0.512
2026-07-20T17:37:30.843,1.0564,-0.1106,-0.3554
2026-07-20T17:37:30.859,1.0746,-0.0911,-0.3946
2026-07-20T17:37:30.859,1.0882,-0.1106,-0.4141
2026-07-20T17:37:30.877,1.1038,-0.1106,-0.4533
2026-07-20T17:37:30.891,1.1038,-0.1106,-0.375
2026-07-20T17:37:30.906,1.1196,-0.1106,-0.3554
2026-07-20T17:37:30.906,1.1372,-0.0715,-0.3946
2026-07-20T17:37:30.922,1.1372,-0.1498,-0.4533
2026-07-20T17:37:30.933,1.1514,-0.0323,-0.375
2026-07-20T17:37:30.940,1.1697,-0.1302,-0.3946
2026-07-20T17:37:30.954,1.1697,-0.0715,-0.4337
2026-07-20T17:37:30.970,1.183,-0.0911,-0.3554
2026-07-20T17:37:30.972,1.183,-0.1302,-0.3946
2026-07-20T17:37:30.986,1.2143,-0.1302,-0.4141
2026-07-20T17:37:30.986,1.22,-0.1498,-0.4729
2026-07-20T17:37:31.006,1.2302,-0.0911,-0.375
2026-07-20T17:37:31.006,1.2302,-0.0323,-0.375
2026-07-20T17:37:31.023,1.2302,-0.0323,-0.3554
2026-07-20T17:37:31.033,1.2615,-0.0911,-0.3162
2026-07-20T17:37:31.033,1.2615,-0.1302,-0.4141
2026-07-20T17:37:31.048,1.2775,-0.1498,-0.3946
2026-07-20T17:37:31.064,1.2933,-0.0715,-0.4337
2026-07-20T17:37:31.064,1.3145,-0.1106,-0.3358
2026-07-20T17:37:31.080,1.3165,-0.0715,-0.4337
2026-07-20T17:37:31.096,1.3165,-0.0519,-0.3358
2026-07-20T17:37:31.111,1.3397,-0.0911,-0.3946
2026-07-20T17:37:31.111,1.3397,-0.1694,-0.3946
2026-07-20T17:37:31.119,1.3397,0.0656,-0.4533
2026-07-20T17:37:31.133,1.3554,-0.0715,-0.3946
2026-07-20T17:37:31.142,1.3554,-0.0323,-0.3946
2026-07-20T17:37:31.158,1.39,-0.1498,-0.375
2026-07-20T17:37:31.158,1.39,-0.0911,-0.3946
2026-07-20T17:37:31.174,1.39,-0.0911,-0.3946
2026-07-20T17:37:31.174,1.4189,-0.0715,-0.375
2026-07-20T17:37:31.193,1.4189,-0.0715,-0.4141
2026-07-20T17:37:31.193,1.4189,-0.1694,-0.3554
2026-07-20T17:37:31.221,1.4505,-0.0715,-0.4141
2026-07-20T17:37:31.221,1.4505,-0.0911,-0.3358
2026-07-20T17:37:31.233,1.4505,-0.0323,-0.3554
2026-07-20T17:37:31.245,1.4824,-0.1106,-0.375
2026-07-20T17:37:31.253,1.4844,-0.1106,-0.375
2026-07-20T17:37:31.269,1.4981,-0.1694,-0.4729
2026-07-20T17:37:31.272,1.514,-0.0715,-0.4141
2026-07-20T17:37:31.272,1.514,-0.0519,-0.3946
2026-07-20T17:37:31.301,1.5453,-0.0911,-0.3946
2026-07-20T17:37:31.301,1.5453,-0.1302,-0.375
2026-07-20T17:37:31.317,1.5453,-0.1302,-0.4141
2026-07-20T17:37:31.317,1.5453,-0.1106,-0.4337
2026-07-20T17:37:31.333,1.5792,-0.0715,-0.4337
2026-07-20T17:37:31.333,1.5792,-0.0127,-0.4141
2026-07-20T17:37:31.348,1.593,-0.0127,-0.3946
2026-07-20T17:37:31.367,1.6088,-0.0911,-0.4141
2026-07-20T17:37:31.367,1.6088,-0.1498,-0.4141
2026-07-20T17:37:31.382,1.6088,-0.0911,-0.4337
2026-07-20T17:37:31.382,1.6306,-0.1302,-0.375
2026-07-20T17:37:31.396,1.6405,-0.0323,-0.4141
2026-07-20T17:37:31.411,1.6405,-0.1106,-0.3946
2026-07-20T17:37:31.427,1.6563,-0.0911,-0.375
2026-07-20T17:37:31.433,1.6563,-0.0519,-0.3162
2026-07-20T17:37:31.443,1.672,-0.0715,-0.3358
2026-07-20T17:37:31.459,1.6972,-0.1498,-0.375
2026-07-20T17:37:31.459,1.6972,-0.1106,-0.3358
2026-07-20T17:37:31.478,1.7043,-0.0911,-0.375
2026-07-20T17:37:31.490,1.7309,0.0069,-0.375
2026-07-20T17:37:31.490,1.7309,-0.0911,-0.3358
2026-07-20T17:37:31.500,1.7309,-0.0519,-0.3946
2026-07-20T17:37:31.522,1.7507,-0.1302,-0.3946
2026-07-20T17:37:31.522,1.7507,-0.1302,-0.375
2026-07-20T17:37:31.537,1.7626,-0.0911,-0.4141
2026-07-20T17:37:31.537,1.782,-0.0323,-0.4141
2026-07-20T17:37:31.553,1.782,-0.0127,-0.4337
2026-07-20T17:37:31.565,1.7936,-0.0911,-0.3554
2026-07-20T17:37:31.569,1.8136,-0.0519,-0.4141
2026-07-20T17:37:31.585,1.8136,-0.0911,-0.375
2026-07-20T17:37:31.585,1.8136,-0.0715,-0.3554
2026-07-20T17:37:31.603,1.8453,-0.0519,-0.3946
2026-07-20T17:37:31.616,1.8453,-0.0127,-0.3946
2026-07-20T17:37:31.616,1.8565,-0.0127,-0.375
2026-07-20T17:37:31.634,1.878,-0.0519,-0.4337
2026-07-20T17:37:31.648,1.878,-0.1106,-0.4141
2026-07-20T17:37:31.648,1.8855,-0.0715,-0.3554
2026-07-20T17:37:31.659,1.9092,-0.0911,-0.3554
2026-07-20T17:37:31.681,1.9092,-0.0715,-0.3946
2026-07-20T17:37:31.681,1.9092,-0.0519,-0.4141
2026-07-20T17:37:31.697,1.9409,-0.0519,-0.375
2026-07-20T17:37:31.712,1.9414,-0.1302,-0.3946
2026-07-20T17:37:31.712,1.9414,-0.1106,-0.4141
2026-07-20T17:37:31.729,1.9714,-0.1498,-0.3554
2026-07-20T17:37:31.734,1.9747,-0.1106,-0.4141
2026-07-20T17:37:31.744,1.9747,-0.0911,-0.4141
2026-07-20T17:37:31.758,2.0041,-0.1302,-0.375
2026-07-20T17:37:31.758,2.0041,-0.0911,-0.3946
2026-07-20T17:37:31.774,2.0041,-0.1694,-0.375
2026-07-20T17:37:31.790,2.037,-0.1106,-0.375
2026-07-20T17:37:31.796,2.037,-0.1498,-0.3554
2026-07-20T17:37:31.806,2.037,-0.0715,-0.4337
2026-07-20T17:37:31.807,2.037,-0.1106,-0.375
2026-07-20T17:37:31.834,2.0681,-0.0127,-0.4337
2026-07-20T17:37:31.834,2.0681,-0.1106,-0.3946
2026-07-20T17:37:31.840,2.0681,-0.0911,-0.3358
2026-07-20T17:37:31.855,2.098,-0.0715,-0.3358
2026-07-20T17:37:31.869,2.1021,-0.1106,-0.375
2026-07-20T17:37:31.871,2.1021,-0.0127,-0.4141
2026-07-20T17:37:31.885,2.1314,-0.0715,-0.4337
2026-07-20T17:37:31.885,2.1314,-0.0519,-0.4141
2026-07-20T17:37:31.905,2.1314,-0.1498,-0.375
2026-07-20T17:37:31.905,2.1314,-0.1106,-0.3554
2026-07-20T17:37:31.934,2.1609,-0.1498,-0.4337
2026-07-20T17:37:31.934,2.1609,-0.1106,-0.4337
2026-07-20T17:37:31.948,2.1926,-0.1302,-0.4141
2026-07-20T17:37:31.963,2.1926,-0.0127,-0.3554
2026-07-20T17:37:31.963,2.1926,-0.1106,-0.3358
2026-07-20T17:37:31.963,2.224,-0.0519,-0.375
2026-07-20T17:37:31.985,2.2313,-0.0911,-0.3162
2026-07-20T17:37:31.985,2.2313,-0.0715,-0.4141
2026-07-20T17:37:32.004,2.2381,-0.0519,-0.3162
2026-07-20T17:37:32.027,2.2555,-0.0911,-0.4337
2026-07-20T17:37:32.027,2.2555,-0.0715,-0.4141
2026-07-20T17:37:32.034,2.2555,-0.0911,-0.375
2026-07-20T17:37:32.042,2.2933,-0.0519,-0.3358
2026-07-20T17:37:32.058,2.2933,-0.1302,-0.375
2026-07-20T17:37:32.058,2.2933,-0.0715,-0.4337
2026-07-20T17:37:32.074,2.3026,-0.1106,-0.3554
2026-07-20T17:37:32.089,2.3186,-0.0911,-0.375
2026-07-20T17:37:32.089,2.3186,-0.0911,-0.3554
2026-07-20T17:37:32.105,2.3186,-0.0323,-0.3554
2026-07-20T17:37:32.105,2.3503,-0.0323,-0.2771
2026-07-20T17:37:32.121,2.3503,-0.0911,-0.4337
2026-07-20T17:37:32.134,2.362,-0.1106,-0.3554
2026-07-20T17:37:32.137,2.3898,-0.0715,-0.375
2026-07-20T17:37:32.153,2.3898,-0.0715,-0.4141
2026-07-20T17:37:32.165,2.3898,-0.1106,-0.3946
2026-07-20T17:37:32.169,2.4134,-0.0911,-0.3554
2026-07-20T17:37:32.185,2.4134,-0.0911,-0.3162
2026-07-20T17:37:32.192,2.4134,-0.1302,-0.3554
2026-07-20T17:37:32.200,2.4451,-0.0911,-0.3554
2026-07-20T17:37:32.216,2.4451,-0.0715,-0.4141
2026-07-20T17:37:32.216,2.4451,0.046,-0.3554
2026-07-20T17:37:32.234,2.4768,-0.0519,-0.375
2026-07-20T17:37:32.246,2.4768,-0.0127,-0.3554
2026-07-20T17:37:32.248,2.4768,-0.0519,-0.3358
2026-07-20T17:37:32.264,2.4903,-0.0519,-0.4337
2026-07-20T17:37:32.279,2.5085,-0.0715,-0.4729
2026-07-20T17:37:32.279,2.5085,-0.0911,-0.3946
2026-07-20T17:37:32.293,2.5085,-0.1106,-0.3554
2026-07-20T17:37:32.305,2.5398,-0.1106,-0.3554
2026-07-20T17:37:32.311,2.5398,-0.0519,-0.3554
2026-07-20T17:37:32.327,2.5713,-0.1302,-0.375
2026-07-20T17:37:32.342,2.5713,-0.0911,-0.3946
2026-07-20T17:37:32.342,2.5713,-0.0715,-0.3554
2026-07-20T17:37:32.352,2.5913,-0.0323,-0.375
2026-07-20T17:37:32.360,2.5913,-0.0323,-0.3554
2026-07-20T17:37:32.374,2.6025,-0.0715,-0.375
2026-07-20T17:37:32.389,2.6185,-0.0127,-0.375
2026-07-20T17:37:32.394,2.6185,-0.1106,-0.3554
2026-07-20T17:37:32.405,2.6318,-0.0715,-0.3946
2026-07-20T17:37:32.405,2.6495,-0.1302,-0.3554
2026-07-20T17:37:32.421,2.6495,-0.0715,-0.3946
2026-07-20T17:37:32.436,2.6495,-0.0715,-0.3358
2026-07-20T17:37:32.436,2.681,-0.0127,-0.3946
2026-07-20T17:37:32.452,2.681,-0.0911,-0.3554
2026-07-20T17:37:32.452,2.697,-0.1302,-0.3946
2026-07-20T17:37:32.468,2.7127,-0.1106,-0.3946
2026-07-20T17:37:32.484,2.7127,-0.1106,-0.375
2026-07-20T17:37:32.491,2.7127,-0.0519,-0.3358
2026-07-20T17:37:32.500,2.7464,-0.0519,-0.3554
2026-07-20T17:37:32.500,2.7464,-0.0519,-0.375
2026-07-20T17:37:32.515,2.7527,-0.0715,-0.3946
2026-07-20T17:37:32.534,2.7756,-0.0323,-0.375
2026-07-20T17:37:32.534,2.7756,-0.0715,-0.3162
2026-07-20T17:37:32.555,2.7842,-0.0519,-0.3554
2026-07-20T17:37:32.577,2.8073,-0.0323,-0.3358
2026-07-20T17:37:32.577,2.8073,-0.0911,-0.3358
2026-07-20T17:37:32.587,2.8073,-0.0911,-0.3554
2026-07-20T17:37:32.610,2.8386,-0.0519,-0.4729
2026-07-20T17:37:32.610,2.8386,-0.1106,-0.3162
2026-07-20T17:37:32.610,2.8386,-0.1106,-0.4141
2026-07-20T17:37:32.627,2.8701,-0.0715,-0.3554
2026-07-20T17:37:32.641,2.8701,-0.0519,-0.375
2026-07-20T17:37:32.641,2.8701,0.0069,-0.3554
2026-07-20T17:37:32.659,2.9032,-0.0323,-0.3946
2026-07-20T17:37:32.662,2.9032,-0.0911,-0.3554
2026-07-20T17:37:32.673,2.9032,-0.0715,-0.3554
2026-07-20T17:37:32.693,2.9331,-0.0323,-0.3554
2026-07-20T17:37:32.696,2.9331,-0.0323,-0.375
2026-07-20T17:37:32.706,2.9331,-0.0519,-0.3358
2026-07-20T17:37:32.713,2.9487,-0.0519,-0.375
2026-07-20T17:37:32.736,2.9661,-0.0127,-0.4141
2026-07-20T17:37:32.736,2.9661,-0.1106,-0.3162
2026-07-20T17:37:32.736,2.9803,-0.1106,-0.4141
2026-07-20T17:37:32.751,3.012,-0.1302,-0.375
2026-07-20T17:37:32.751,3.014,-0.0323,-0.3554
2026-07-20T17:37:32.769,3.0201,-0.0519,-0.4141
2026-07-20T17:37:32.783,3.0201,-0.0323,-0.375
2026-07-20T17:37:32.799,3.0437,-0.0323,-0.4337
2026-07-20T17:37:32.802,3.0437,-0.0127,-0.3554
2026-07-20T17:37:32.817,3.0553,-0.0911,-0.3946
2026-07-20T17:37:32.823,3.0584,-0.0519,-0.4141
2026-07-20T17:37:32.835,3.0754,-0.0519,-0.3358
2026-07-20T17:37:32.846,3.0891,0.0264,-0.4337
2026-07-20T17:37:32.858,3.0911,-0.1302,-0.3554
2026-07-20T17:37:32.862,3.1174,-0.0519,-0.3554
2026-07-20T17:37:32.878,3.1174,-0.0519,-0.375
2026-07-20T17:37:32.878,3.1174,-0.0715,-0.4337
2026-07-20T17:37:32.894,3.1231,-0.0715,-0.375
2026-07-20T17:37:32.910,3.1388,-0.1106,-0.375
2026-07-20T17:37:32.910,3.1546,-0.0519,-0.3554
2026-07-20T17:37:32.920,3.1546,-0.1302,-0.3946
2026-07-20T17:37:32.935,3.1855,-0.0127,-0.3946
2026-07-20T17:37:32.941,3.1914,-0.0715,-0.375
2026-07-20T17:37:32.941,3.1914,-0.0127,-0.3554
2026-07-20T17:37:32.957,3.2199,-0.0127,-0.375
2026-07-20T17:37:32.988,3.2264,-0.0323,-0.375
2026-07-20T17:37:32.988,3.2264,-0.0911,-0.3358
2026-07-20T17:37:32.994,3.2308,-0.0519,-0.375
2026-07-20T17:37:33.019,3.2488,-0.0127,-0.3162
2026-07-20T17:37:33.019,3.2488,0.0069,-0.3358
2026-07-20T17:37:33.027,3.2488,-0.0715,-0.3946
2026-07-20T17:37:33.035,3.2672,-0.0323,-0.3946
2026-07-20T17:37:33.045,3.2806,-0.0519,-0.3554
2026-07-20T17:37:33.051,3.2962,-0.0715,-0.375
2026-07-20T17:37:33.051,3.2962,0.046,-0.2966
2026-07-20T17:37:33.083,3.3279,-0.0127,-0.4141
2026-07-20T17:37:33.083,3.3279,-0.0323,-0.375
2026-07-20T17:37:33.083,3.3279,-0.0715,-0.3554
2026-07-20T17:37:33.099,3.3332,-0.0519,-0.375
2026-07-20T17:37:33.115,3.3653,-0.0519,-0.375
2026-07-20T17:37:33.115,3.3683,-0.0715,-0.3946
2026-07-20T17:37:33.136,3.3683,-0.0127,-0.3554
2026-07-20T17:37:33.149,3.3908,0.0069,-0.3554
2026-07-20T17:37:33.162,3.3908,-0.0715,-0.375
2026-07-20T17:37:33.168,3.3908,-0.1106,-0.3946
2026-07-20T17:37:33.171,3.4068,-0.1302,-0.3554
2026-07-20T17:37:33.187,3.4388,-0.0715,-0.375
2026-07-20T17:37:33.193,3.4388,-0.0519,-0.3162
2026-07-20T17:37:33.193,3.4388,-0.0323,-0.4141
2026-07-20T17:37:33.226,3.4705,-0.0519,-0.3162
2026-07-20T17:37:33.236,3.4705,-0.0323,-0.3554
2026-07-20T17:37:33.236,3.4705,-0.0323,-0.3946
2026-07-20T17:37:33.241,3.4824,-0.0715,-0.375
2026-07-20T17:37:33.257,3.518,-0.0127,-0.3162
2026-07-20T17:37:33.273,3.518,-0.0323,-0.2966
2026-07-20T17:37:33.273,3.518,-0.0127,-0.4141
2026-07-20T17:37:33.285,3.518,-0.1106,-0.3946
2026-07-20T17:37:33.304,3.5491,-0.0715,-0.4337
2026-07-20T17:37:33.304,3.5491,-0.1694,-0.375
2026-07-20T17:37:33.304,3.5491,-0.0323,-0.3358
2026-07-20T17:37:33.321,3.5648,-0.0519,-0.2966
2026-07-20T17:37:33.340,3.5999,-0.0323,-0.3358
2026-07-20T17:37:33.352,3.6019,-0.0519,-0.3554
2026-07-20T17:37:33.352,3.6019,-0.0519,-0.4141
2026-07-20T17:37:33.367,3.6019,-0.0127,-0.3554
2026-07-20T17:37:33.367,3.6019,-0.0519,-0.3358
2026-07-20T17:37:33.386,3.6337,0.0656,-0.3162
2026-07-20T17:37:33.399,3.6337,0.0069,-0.3162
2026-07-20T17:37:33.405,3.6337,-0.0127,-0.3358
2026-07-20T17:37:33.415,3.6775,-0.0715,-0.375
2026-07-20T17:37:33.436,3.6795,-0.0715,-0.375
2026-07-20T17:37:33.436,3.6795,-0.0715,-0.3358
2026-07-20T17:37:33.447,3.6795,-0.0519,-0.3358
2026-07-20T17:37:33.449,3.7066,-0.0127,-0.3554
2026-07-20T17:37:33.462,3.7192,-0.0323,-0.3358
2026-07-20T17:37:33.462,3.7192,-0.0127,-0.3162
2026-07-20T17:37:33.482,3.7243,-0.0127,-0.375
2026-07-20T17:37:33.494,3.7532,-0.0127,-0.3554
2026-07-20T17:37:33.509,3.7604,-0.0127,-0.3554
2026-07-20T17:37:33.509,3.7604,-0.0127,-0.3554
2026-07-20T17:37:33.529,3.7604,0.046,-0.375
2026-07-20T17:37:33.540,3.7846,0.046,-0.2966
2026-07-20T17:37:33.556,3.7846,-0.0127,-0.2771
2026-07-20T17:37:33.556,3.7846,-0.0519,-0.2379
2026-07-20T17:37:33.563,3.8003,-0.0911,-0.3554
2026-07-20T17:37:33.587,3.8336,-0.0519,-0.3358
2026-07-20T17:37:33.587,3.8336,0.046,-0.3554
2026-07-20T17:37:33.587,3.8336,0.0069,-0.3358
2026-07-20T17:37:33.603,3.8425,-0.0127,-0.3946
2026-07-20T17:37:33.619,3.8705,0.0069,-0.375
2026-07-20T17:37:33.619,3.8789,-0.1106,-0.4533
2026-07-20T17:37:33.636,3.8899,-0.1694,-0.5316
2026-07-20T17:37:33.647,3.8955,-0.2281,-0.747
2026-07-20T17:37:33.666,3.9424,-0.3848,-0.8841
2026-07-20T17:37:33.666,3.9424,-0.5806,-1.0016
2026-07-20T17:37:33.673,3.9582,-0.5218,-1.0799
2026-07-20T17:37:33.698,3.9582,-0.2673,-1.0016
2026-07-20T17:37:33.698,3.9582,0.1243,-0.9428
2026-07-20T17:37:33.698,3.9582,0.653,-0.747
2026-07-20T17:37:33.714,4.0073,1.26,-0.4925
2026-07-20T17:37:33.729,4.0098,1.8474,-0.3162
2026-07-20T17:37:33.736,4.0137,2.2782,0.0558
2026-07-20T17:37:33.745,4.0211,2.6307,0.5062
2026-07-20T17:37:33.761,4.0211,2.9244,0.9957
2026-07-20T17:37:33.761,4.0273,3.2768,1.5244
2026-07-20T17:37:33.777,4.0338,3.551,2.0335
2026-07-20T17:37:33.792,4.0525,3.8447,2.66
2026-07-20T17:37:33.795,4.0525,4.1188,3.3845
2026-07-20T17:37:33.810,4.0525,4.2363,4.1286
2026-07-20T17:37:33.816,4.0686,4.2755,5.1076
2026-07-20T17:37:33.824,4.0686,4.4517,5.9692
2026-07-20T17:37:33.834,4.0686,4.4517,6.8503
2026-07-20T17:37:33.855,4.1011,4.4125,7.751
2026-07-20T17:37:33.855,4.1011,4.3734,8.5147
2026-07-20T17:37:33.855,4.1011,4.2167,9.3175
2026-07-20T17:37:33.871,4.1011,4.158,9.9833
2026-07-20T17:37:33.887,4.1338,4.1384,10.7077
2026-07-20T17:37:33.904,4.1477,4.0992,11.4126
2026-07-20T17:37:33.904,4.1477,4.0992,11.8826
2026-07-20T17:37:33.922,4.1601,4.1188,12.3917
2026-07-20T17:37:33.922,4.1601,4.0601,12.842
2026-07-20T17:37:33.936,4.1792,3.923,13.2337
2026-07-20T17:37:33.936,4.1792,3.9034,13.8015
2026-07-20T17:37:33.950,4.1948,3.8838,14.2714
2026-07-20T17:37:33.963,4.1948,3.688,14.6435
2026-07-20T17:37:33.982,4.2338,3.6685,14.9176
2026-07-20T17:37:33.982,4.2338,3.6489,15.1526
2026-07-20T17:37:33.997,4.2441,3.4922,15.3484
2026-07-20T17:37:34.013,4.2738,3.3943,15.5833
2026-07-20T17:37:34.013,4.2738,3.2768,15.6813
2026-07-20T17:37:34.029,4.2738,3.2181,15.8183
2026-07-20T17:37:34.029,4.2738,3.1202,15.9554
2026-07-20T17:37:34.047,4.2879,3.0615,16.0337
2026-07-20T17:37:34.052,4.2897,3.1006,16.1512
2026-07-20T17:37:34.063,4.3053,3.0615,16.2883
2026-07-20T17:37:34.076,4.3211,3.0223,16.4841
2026-07-20T17:37:34.076,4.3211,3.0419,16.6211
2026-07-20T17:37:34.092,4.3211,2.944,16.8365
2026-07-20T17:37:34.108,4.3525,2.8656,16.9148
2026-07-20T17:37:34.108,4.3525,2.7873,17.1106
2026-07-20T17:37:34.124,4.3525,2.8265,17.2086
2026-07-20T17:37:34.155,4.3839,2.6894,17.3456
2026-07-20T17:37:34.155,4.3839,2.7286,17.3065
2026-07-20T17:37:34.155,4.3955,2.7286,17.3652
2026-07-20T17:37:34.155,4.3997,2.709,17.3456
2026-07-20T17:37:34.172,4.4155,2.6503,17.4239
2026-07-20T17:37:34.186,4.4314,2.709,17.4239
2026-07-20T17:37:34.186,4.4341,2.5915,17.5806
2026-07-20T17:37:34.204,4.4687,2.6307,17.6197
2026-07-20T17:37:34.218,4.4687,2.5719,17.6785
2026-07-20T17:37:34.218,4.4687,2.5328,17.6981
2026-07-20T17:37:34.237,4.4687,2.5524,17.7372
2026-07-20T17:37:34.250,4.5086,2.4544,17.7764
2026-07-20T17:37:34.250,4.511,2.6111,17.796
2026-07-20T17:37:34.266,4.5132,2.5328,17.8547
2026-07-20T17:37:34.271,4.5132,2.6307,17.8547
2026-07-20T17:37:34.282,4.5132,2.4936,17.9526
2026-07-20T17:37:34.298,4.5425,2.4153,18.0701
2026-07-20T17:37:34.298,4.5425,2.3761,18.2268
2026-07-20T17:37:34.316,4.5548,2.3761,18.2268
2026-07-20T17:37:34.316,4.5739,2.3174,18.3247
2026-07-20T17:37:34.337,4.5739,2.3761,18.4421
2026-07-20T17:37:34.345,4.5889,2.2782,18.6184
2026-07-20T17:37:34.357,4.5921,2.3174,18.7163
2026-07-20T17:37:34.369,4.6215,2.2782,18.6967
2026-07-20T17:37:34.377,4.6215,2.2782,18.5988
2026-07-20T17:37:34.377,4.6215,2.1607,18.5792
2026-07-20T17:37:34.395,4.6215,2.1607,18.6575
2026-07-20T17:37:34.408,4.6535,2.0824,18.5009
2026-07-20T17:37:34.424,4.6535,2.1412,18.6771
2026-07-20T17:37:34.424,4.6535,2.102,18.775
2026-07-20T17:37:34.437,4.6693,2.102,18.9708
2026-07-20T17:37:34.456,4.6883,2.0237,19.0296
2026-07-20T17:37:34.456,4.7014,2.0041,19.0883
2026-07-20T17:37:34.456,4.7033,2.0433,19.2645
2026-07-20T17:37:34.472,4.7033,2.0824,19.2645
2026-07-20T17:37:34.488,4.7341,2.0041,19.1862
2026-07-20T17:37:34.491,4.7341,2.0041,19.2058
2026-07-20T17:37:34.506,4.7385,1.9845,19.2254
2026-07-20T17:37:34.520,4.7643,1.867,19.2841
2026-07-20T17:37:34.520,4.7643,1.867,19.2058
2026-07-20T17:37:34.541,4.7703,1.8474,19.2254
2026-07-20T17:37:34.551,4.8002,1.8083,19.2841
2026-07-20T17:37:34.551,4.8023,1.7887,19.3429
2026-07-20T17:37:34.567,4.8044,1.7495,19.3037
2026-07-20T17:37:34.573,4.8055,1.6321,19.4016
2026-07-20T17:37:34.583,4.8343,1.5733,19.4016
2026-07-20T17:37:34.598,4.8343,1.5146,19.2841
2026-07-20T17:37:34.608,4.8343,1.5342,19.2058
2026-07-20T17:37:34.630,4.8607,1.5733,19.2841
2026-07-20T17:37:34.630,4.8607,1.5146,19.3429
2026-07-20T17:37:34.637,4.8607,1.5342,19.5191
2026-07-20T17:37:34.645,4.8725,1.5146,19.6366
2026-07-20T17:37:34.663,4.8899,1.5733,19.754
2026-07-20T17:37:34.663,4.8899,1.5342,19.8715
2026-07-20T17:37:34.677,4.9059,1.6516,19.9107
2026-07-20T17:37:34.686,4.927,1.5537,19.852
2026-07-20T17:37:34.692,4.9365,1.5537,19.7736
2026-07-20T17:37:34.708,4.9398,1.5146,19.7736
2026-07-20T17:37:34.724,4.969,1.3383,19.8128
2026-07-20T17:37:34.730,4.969,1.1621,19.7736
2026-07-20T17:37:34.742,4.969,1.0446,19.6561
2026-07-20T17:37:34.742,4.9779,0.9859,19.6953
2026-07-20T17:37:34.757,5.0068,1.0446,19.5191
2026-07-20T17:37:34.757,5.0068,1.0642,19.5387
2026-07-20T17:37:34.781,5.0108,1.0055,19.617
2026-07-20T17:37:34.791,5.0412,1.0055,19.5582
2026-07-20T17:37:34.803,5.0451,1.0446,19.6757
2026-07-20T17:37:34.803,5.0451,1.0055,19.6953
2026-07-20T17:37:34.813,5.0493,1.0251,19.7149
2026-07-20T17:37:34.828,5.081,0.9467,19.7736
2026-07-20T17:37:34.838,5.081,0.9859,19.7932
2026-07-20T17:37:34.844,5.081,1.0446,19.6953
2026-07-20T17:37:34.852,5.1103,0.9467,19.6757
2026-07-20T17:37:34.866,5.1103,0.9663,19.7345
2026-07-20T17:37:34.882,5.1103,0.9076,19.6953
2026-07-20T17:37:34.884,5.126,0.9076,19.754
2026-07-20T17:37:34.884,5.1295,0.888,19.7345
2026-07-20T17:37:34.913,5.1578,0.7705,19.5974
2026-07-20T17:37:34.913,5.1578,0.7313,19.4799
2026-07-20T17:37:34.929,5.1578,0.7313,19.5387
2026-07-20T17:37:34.935,5.1701,0.7901,19.5582
2026-07-20T17:37:34.945,5.2049,0.8488,19.617
2026-07-20T17:37:34.945,5.2049,0.9271,19.617
2026-07-20T17:37:34.960,5.2049,0.7901,19.6953
2026-07-20T17:37:34.976,5.2049,0.7509,19.7345
2026-07-20T17:37:34.992,5.2365,0.8097,19.6757
2026-07-20T17:37:34.992,5.2365,0.9271,19.5974
2026-07-20T17:37:35.007,5.2453,0.8488,19.4995
2026-07-20T17:37:35.007,5.2773,0.7705,19.4212
2026-07-20T17:37:35.039,5.2794,0.6726,19.3037
2026-07-20T17:37:35.039,5.2794,0.6139,19.4016
2026-07-20T17:37:35.048,5.2835,0.6334,19.4799
2026-07-20T17:37:35.059,5.315,0.5747,19.4799
2026-07-20T17:37:35.070,5.3185,0.6139,19.3624
2026-07-20T17:37:35.070,5.3185,0.6334,19.382
2026-07-20T17:37:35.086,5.3185,0.6334,19.2645
2026-07-20T17:37:35.102,5.3463,0.6922,19.2841
2026-07-20T17:37:35.102,5.3463,0.6922,19.2058
2026-07-20T17:37:35.121,5.3577,0.7509,19.382
2026-07-20T17:37:35.121,5.3597,0.6726,19.382
2026-07-20T17:37:35.137,5.3938,0.6726,19.4016
2026-07-20T17:37:35.149,5.3938,0.7118,19.4799
2026-07-20T17:37:35.149,5.3938,0.6726,19.6757
2026-07-20T17:37:35.165,5.3938,0.6334,19.7345
2026-07-20T17:37:35.165,5.4347,0.6726,19.6561
2026-07-20T17:37:35.180,5.4347,0.7313,19.4995
2026-07-20T17:37:35.196,5.441,0.6922,19.4212
2026-07-20T17:37:35.196,5.441,0.6139,19.3429
2026-07-20T17:37:35.220,5.4779,0.6726,19.3037
2026-07-20T17:37:35.228,5.4779,0.6334,19.3037
2026-07-20T17:37:35.237,5.4779,0.6139,19.2449
2026-07-20T17:37:35.244,5.4779,0.5747,19.2449
2026-07-20T17:37:35.260,5.5038,0.6726,19.1275
2026-07-20T17:37:35.275,5.5195,0.5747,19.1666
2026-07-20T17:37:35.275,5.5195,0.5551,19.0883
2026-07-20T17:37:35.280,5.5195,0.5551,19.0491
2026-07-20T17:37:35.306,5.5505,0.516,18.9904
2026-07-20T17:37:35.306,5.5505,0.516,19.0296
2026-07-20T17:37:35.322,5.5505,0.5943,19.147
2026-07-20T17:37:35.322,5.5682,0.5747,19.147
2026-07-20T17:37:35.341,5.601,0.5943,19.1862
2026-07-20T17:37:35.353,5.601,0.516,19.2449
2026-07-20T17:37:35.353,5.601,0.516,19.3429
2026-07-20T17:37:35.369,5.601,0.5747,19.3037
2026-07-20T17:37:35.384,5.6351,0.4768,19.3037
2026-07-20T17:37:35.384,5.6351,0.5551,19.1666
2026-07-20T17:37:35.384,5.6449,0.418,19.147
2026-07-20T17:37:35.404,5.6489,0.418,19.01
2026-07-20T17:37:35.423,5.6762,0.3985,18.8142
2026-07-20T17:37:35.438,5.6762,0.4376,18.6771
2026-07-20T17:37:35.438,5.6762,0.4376,18.5792
2026-07-20T17:37:35.452,5.6891,0.4376,18.5792
2026-07-20T17:37:35.452,5.7079,0.3789,18.4813
2026-07-20T17:37:35.479,5.7079,0.3789,18.4421
2026-07-20T17:37:35.479,5.7079,0.3593,18.5205
2026-07-20T17:37:35.492,5.7274,0.3789,18.4617
2026-07-20T17:37:35.502,5.759,0.3789,18.54
2026-07-20T17:37:35.510,5.759,0.3593,18.5596
2026-07-20T17:37:35.510,5.7639,0.281,18.6379
2026-07-20T17:37:35.510,5.7666,0.3006,18.5596
2026-07-20T17:37:35.542,5.7866,0.2222,18.4813
2026-07-20T17:37:35.558,5.8024,0.2027,18.3638
2026-07-20T17:37:35.558,5.8024,0.2418,18.403
2026-07-20T17:37:35.569,5.8042,0.2614,18.3051
2026-07-20T17:37:35.578,5.8352,0.2614,18.168
2026-07-20T17:37:35.578,5.8352,0.2222,18.0701
2026-07-20T17:37:35.589,5.8352,0.2222,17.9722
2026-07-20T17:37:35.609,5.8352,0.1439,17.933
2026-07-20T17:37:35.621,5.865,0.1439,17.8156
2026-07-20T17:37:35.636,5.865,0.1439,17.6002
2026-07-20T17:37:35.636,5.8808,0.1439,17.3652
2026-07-20T17:37:35.638,5.8834,0.0264,17.3456
2026-07-20T17:37:35.652,5.9185,0.0264,17.2673
2026-07-20T17:37:35.668,5.9185,0.0852,17.2869
2026-07-20T17:37:35.668,5.9226,-0.0323,17.1498
2026-07-20T17:37:35.686,5.9226,0.1243,17.1694
2026-07-20T17:37:35.701,5.9435,0.1048,17.2281
2026-07-20T17:37:35.715,5.9435,0.1439,17.2477
2026-07-20T17:37:35.715,5.9599,0.0852,17.2086
2026-07-20T17:37:35.725,5.9599,0.1243,17.2673
2026-07-20T17:37:35.746,5.9906,0.1243,17.2673
2026-07-20T17:37:35.746,5.9906,0.1635,17.2869
2026-07-20T17:37:35.762,5.9906,0.1243,17.2086
2026-07-20T17:37:35.767,6.002,0.1439,17.2086
2026-07-20T17:37:35.778,6.0221,0.2027,17.1498
2026-07-20T17:37:35.786,6.0353,0.1831,17.0715
2026-07-20T17:37:35.793,6.0379,0.0069,16.7974
2026-07-20T17:37:35.805,6.0394,0.1048,16.719
2026-07-20T17:37:35.825,6.0736,-0.0127,16.6995
2026-07-20T17:37:35.825,6.0736,0.0069,16.6211
2026-07-20T17:37:35.842,6.0736,0.0264,16.6407
2026-07-20T17:37:35.842,6.0736,0.0656,16.5428
2026-07-20T17:37:35.872,6.1005,0.0656,16.6603
2026-07-20T17:37:35.872,6.1005,0.1048,16.6211
2026-07-20T17:37:35.876,6.1005,0.0852,16.719
2026-07-20T17:37:35.876,6.1194,0.1831,16.6211
2026-07-20T17:37:35.903,6.1478,0.1831,16.6799
2026-07-20T17:37:35.903,6.1478,0.1635,16.6799
2026-07-20T17:37:35.922,6.1478,0.0656,16.6799
2026-07-20T17:37:35.935,6.1837,0.0264,16.6015
2026-07-20T17:37:35.938,6.1837,0.0069,16.6799
2026-07-20T17:37:35.950,6.1837,0.0069,16.6799
2026-07-20T17:37:35.950,6.1837,-0.0323,16.5036
2026-07-20T17:37:35.967,6.2206,-0.0519,16.4253
2026-07-20T17:37:35.982,6.2206,0.046,16.4057
2026-07-20T17:37:35.986,6.2206,-0.0127,16.3078
2026-07-20T17:37:35.986,6.2268,0.0656,16.3274
2026-07-20T17:37:36.014,6.2429,0.1048,16.347
2026-07-20T17:37:36.014,6.2429,0.1048,16.2687
2026-07-20T17:37:36.029,6.2587,0.1048,16.3078
2026-07-20T17:37:36.040,6.2874,0.1439,16.2883
2026-07-20T17:37:36.046,6.2928,0.1439,16.347
2026-07-20T17:37:36.046,6.2928,0.1243,16.6799
2026-07-20T17:37:36.072,6.3216,0.1831,16.5036
2026-07-20T17:37:36.077,6.3216,0.1831,16.4253
2026-07-20T17:37:36.077,6.3216,0.1635,16.4841
2026-07-20T17:37:36.095,6.3216,0.1831,16.5036
2026-07-20T17:37:36.109,6.353,0.2027,16.4449
2026-07-20T17:37:36.124,6.353,0.1048,16.4057
2026-07-20T17:37:36.124,6.353,0.1048,16.3274
2026-07-20T17:37:36.124,6.353,0.046,16.1708
2026-07-20T17:37:36.156,6.3845,0.046,16.1316
2026-07-20T17:37:36.156,6.3845,0.1048,16.0729
2026-07-20T17:37:36.156,6.3845,0.1243,16.2883
2026-07-20T17:37:36.171,6.416,0.1831,16.1316
2026-07-20T17:37:36.187,6.416,0.1243,16.112
2026-07-20T17:37:36.187,6.416,0.1635,15.9554
2026-07-20T17:37:36.211,6.4554,0.1048,15.8771
2026-07-20T17:37:36.219,6.4575,-0.0127,15.8183
2026-07-20T17:37:36.219,6.4575,0.0264,15.74
2026-07-20T17:37:36.250,6.4793,0.046,15.8575
2026-07-20T17:37:36.250,6.4793,0.0069,15.9358
2026-07-20T17:37:36.266,6.4951,0.1439,15.9554
2026-07-20T17:37:36.266,6.4951,0.046,15.975
2026-07-20T17:37:36.266,6.5266,0.1048,16.0141
2026-07-20T17:37:36.282,6.5266,0.1243,16.0924
2026-07-20T17:37:36.298,6.5351,0.0852,16.0141
2026-07-20T17:37:36.298,6.5351,0.1243,15.8771
2026-07-20T17:37:36.314,6.5632,0.0656,15.6813
2026-07-20T17:37:36.329,6.5632,0.046,15.3875
2026-07-20T17:37:36.329,6.5632,0.0656,15.3875
2026-07-20T17:37:36.351,6.5893,0.046,15.368
2026-07-20T17:37:36.360,6.5996,0.0069,15.4267
2026-07-20T17:37:36.366,6.5996,0.0069,15.368
2026-07-20T17:37:36.376,6.6051,-0.0323,15.3288
2026-07-20T17:37:36.392,6.6329,0.0069,15.2113
2026-07-20T17:37:36.392,6.6354,0.0069,15.0547
2026-07-20T17:37:36.408,6.6371,0.0069,15.0351
2026-07-20T17:37:36.425,6.6531,-0.0127,15.0742
2026-07-20T17:37:36.425,6.6691,0.046,15.0742
2026-07-20T17:37:36.440,6.6691,0.0069,15.1134
2026-07-20T17:37:36.440,6.6691,0.0264,15.0155
2026-07-20T17:37:36.456,6.7009,0.046,15.0547
2026-07-20T17:37:36.456,6.7009,0.0852,14.8589
2026-07-20T17:37:36.472,6.7009,0.2418,14.8393
2026-07-20T17:37:36.488,6.7326,0.1439,14.761
2026-07-20T17:37:36.491,6.7352,0.1831,14.7414
2026-07-20T17:37:36.504,6.7352,0.1243,14.761
2026-07-20T17:37:36.519,6.7667,0.1831,14.5847
2026-07-20T17:37:36.519,6.7702,0.2222,14.5456
2026-07-20T17:37:36.535,6.7702,0.2027,14.7218
2026-07-20T17:37:36.551,6.7952,0.2027,14.7218
2026-07-20T17:37:36.567,6.7952,0.1831,14.6826
2026-07-20T17:37:36.567,6.7952,0.2222,14.6043
2026-07-20T17:37:36.573,6.7952,0.2222,14.4868
2026-07-20T17:37:36.582,6.8354,0.0852,14.3889
2026-07-20T17:37:36.598,6.8382,0.1831,14.3889
2026-07-20T17:37:36.598,6.8427,0.1831,14.3106
2026-07-20T17:37:36.629,6.8587,0.1831,14.2714
2026-07-20T17:37:36.629,6.8587,0.4768,14.0756
2026-07-20T17:37:36.641,6.8746,0.1635,14.056
2026-07-20T17:37:36.645,6.8746,0.2027,14.1344
2026-07-20T17:37:36.645,6.9008,0.1635,14.1148
2026-07-20T17:37:36.661,6.9008,0.1439,14.1735
2026-07-20T17:37:36.677,6.9063,0.1243,14.1735
2026-07-20T17:37:36.687,6.9222,0.1439,14.1931
2026-07-20T17:37:36.693,6.9222,0.1635,14.0952
2026-07-20T17:37:36.709,6.9354,0.2027,13.9386
2026-07-20T17:37:36.709,6.9537,0.2027,13.8994
2026-07-20T17:37:36.725,6.9647,0.1048,13.9581
2026-07-20T17:37:36.738,6.9714,0.1831,13.9973
2026-07-20T17:37:36.749,7.0009,0.2418,14.1344
2026-07-20T17:37:36.756,7.0054,0.1243,13.8798
2026-07-20T17:37:36.767,7.0054,0.1831,13.8211
2026-07-20T17:37:36.778,7.0355,0.1439,13.8407
2026-07-20T17:37:36.788,7.0355,0.2222,13.8994
2026-07-20T17:37:36.788,7.0355,0.3201,13.9386
2026-07-20T17:37:36.808,7.0355,0.3006,13.9386
2026-07-20T17:37:36.820,7.0692,0.1831,14.0169
2026-07-20T17:37:36.835,7.0692,0.2222,13.8994
2026-07-20T17:37:36.835,7.0692,0.1635,13.7819
2026-07-20T17:37:36.847,7.0764,0.1243,13.5861
2026-07-20T17:37:36.851,7.0954,0.1831,13.7232
2026-07-20T17:37:36.867,7.1075,0.1831,13.6253
2026-07-20T17:37:36.879,7.1112,0.1635,13.684
2026-07-20T17:37:36.882,7.1359,0.1635,13.7036
2026-07-20T17:37:36.898,7.1427,0.1635,13.5861
2026-07-20T17:37:36.910,7.1427,0.1831,13.5469
2026-07-20T17:37:36.914,7.1744,0.3593,13.6057
2026-07-20T17:37:36.938,7.1744,0.2614,13.6644
2026-07-20T17:37:36.938,7.1744,0.2222,13.5274
2026-07-20T17:37:36.945,7.1744,0.1439,13.6253
2026-07-20T17:37:36.961,7.2058,0.1635,13.4686
2026-07-20T17:37:36.961,7.2058,0.3006,13.5861
2026-07-20T17:37:36.977,7.2058,0.3006,13.6449
2026-07-20T17:37:36.989,7.2058,0.3397,13.7428
2026-07-20T17:37:36.997,7.2377,0.3201,13.7036
2026-07-20T17:37:37.008,7.2377,0.3006,13.8211
2026-07-20T17:37:37.008,7.2377,0.3201,13.7232
2026-07-20T17:37:37.033,7.2818,0.3006,13.7623
2026-07-20T17:37:37.040,7.2818,0.2418,13.6253
2026-07-20T17:37:37.040,7.2818,0.1831,13.5274
2026-07-20T17:37:37.056,7.2818,0.2027,13.3903
2026-07-20T17:37:37.078,7.3201,0.2027,13.4686
2026-07-20T17:37:37.078,7.3201,0.1635,13.3903
2026-07-20T17:37:37.084,7.3227,0.0264,13.3903
2026-07-20T17:37:37.110,7.3385,0.2222,13.2532
2026-07-20T17:37:37.110,7.3543,0.2027,13.2337
2026-07-20T17:37:37.110,7.3543,0.2614,13.1749
2026-07-20T17:37:37.129,7.3587,0.2027,13.1749
2026-07-20T17:37:37.141,7.3861,0.1635,13.1749
2026-07-20T17:37:37.141,7.3861,0.1439,13.1749
2026-07-20T17:37:37.157,7.3861,0.1831,13.077
2026-07-20T17:37:37.173,7.4173,0.1243,12.9399
2026-07-20T17:37:37.173,7.4173,0.1048,12.7441
2026-07-20T17:37:37.189,7.4173,0.1439,12.705
2026-07-20T17:37:37.189,7.4173,0.046,12.7246
2026-07-20T17:37:37.204,7.4527,0.0069,12.6267
2026-07-20T17:37:37.204,7.4527,0.0852,12.5679
2026-07-20T17:37:37.220,7.4804,0.046,12.3917
2026-07-20T17:37:37.238,7.4804,0.1243,12.3134
2026-07-20T17:37:37.251,7.4804,0.1243,12.1959
2026-07-20T17:37:37.261,7.4804,0.1831,12.1371
2026-07-20T17:37:37.269,7.5121,0.1243,12.098
2026-07-20T17:37:37.283,7.5121,0.1048,12.1567
2026-07-20T17:37:37.283,7.5221,0.1439,12.1567
2026-07-20T17:37:37.303,7.5435,0.1048,12.235
2026-07-20T17:37:37.315,7.5435,0.0656,12.1567
2026-07-20T17:37:37.315,7.5435,0.046,12.1371
2026-07-20T17:37:37.325,7.5595,0.046,12.1763
2026-07-20T17:37:37.338,7.5752,0.1243,12.3134
2026-07-20T17:37:37.346,7.5909,0.1831,12.3721
2026-07-20T17:37:37.360,7.5909,0.1439,12.4113
2026-07-20T17:37:37.378,7.6228,0.2027,12.2742
2026-07-20T17:37:37.378,7.6228,0.1635,12.1176
2026-07-20T17:37:37.394,7.6228,0.1243,12.1959
2026-07-20T17:37:37.394,7.6228,0.0656,12.1763
2026-07-20T17:37:37.410,7.6567,0.0069,12.1176
2026-07-20T17:37:37.410,7.6567,0.1048,12.0001
2026-07-20T17:37:37.425,7.6567,-0.0323,11.8826
2026-07-20T17:37:37.441,7.6913,0.0656,11.8043
2026-07-20T17:37:37.456,7.6913,0.0852,11.8043
2026-07-20T17:37:37.459,7.6913,0.0069,11.8238
2026-07-20T17:37:37.459,7.6913,0.1048,11.7455
2026-07-20T17:37:37.488,7.7165,0.0264,11.7064
2026-07-20T17:37:37.488,7.7165,0.0852,11.6672
2026-07-20T17:37:37.494,7.7343,0.0852,11.6085
2026-07-20T17:37:37.503,7.7481,0.0264,11.3931
2026-07-20T17:37:37.519,7.765,0.1048,11.3539
2026-07-20T17:37:37.519,7.765,0.1439,11.4126
2026-07-20T17:37:37.538,7.7735,0.2418,11.4714
2026-07-20T17:37:37.551,7.7952,0.1635,11.491
2026-07-20T17:37:37.551,7.7952,0.2222,11.4714
2026-07-20T17:37:37.568,7.7952,0.1831,11.4126
2026-07-20T17:37:37.576,7.7952,0.1635,11.5105
2026-07-20T17:37:37.598,7.8267,0.2027,11.491
2026-07-20T17:37:37.598,7.8267,0.1831,11.4714
2026-07-20T17:37:37.598,7.8618,0.2418,11.4322
2026-07-20T17:37:37.629,7.8618,0.2222,11.4518
2026-07-20T17:37:37.629,7.8618,0.2222,11.4714
2026-07-20T17:37:37.638,7.8689,0.2418,11.491
2026-07-20T17:37:37.647,7.8893,0.2418,11.6085
2026-07-20T17:37:37.661,7.8893,0.3201,11.5693
2026-07-20T17:37:37.664,7.9029,0.3593,11.5497
2026-07-20T17:37:37.676,7.9335,0.3006,11.5889
2026-07-20T17:37:37.692,7.936,0.3593,11.6868
2026-07-20T17:37:37.692,7.936,0.3397,11.7455
2026-07-20T17:37:37.708,7.936,0.3593,11.9217
2026-07-20T17:37:37.708,7.9728,0.3397,11.8826
2026-07-20T17:37:37.723,7.975,0.3593,11.9217
2026-07-20T17:37:37.739,7.975,0.3593,11.8434
2026-07-20T17:37:37.755,7.9991,0.3006,11.8826
2026-07-20T17:37:37.772,8.01,0.3006,11.9413
2026-07-20T17:37:37.772,8.01,0.2418,12.0001
2026-07-20T17:37:37.778,8.01,0.3006,12.0784
2026-07-20T17:37:37.791,8.0479,0.3789,12.1371
2026-07-20T17:37:37.802,8.0479,0.3201,12.1763
2026-07-20T17:37:37.802,8.0479,0.3397,12.2155
2026-07-20T17:37:37.820,8.0479,0.4376,12.1959
2026-07-20T17:37:37.839,8.0857,0.3789,12.2155
2026-07-20T17:37:37.839,8.0857,0.3201,12.3721
2026-07-20T17:37:37.850,8.0857,0.3006,12.5679
2026-07-20T17:37:37.850,8.0857,0.3985,12.6854
2026-07-20T17:37:37.881,8.1212,0.3985,12.8225
2026-07-20T17:37:37.881,8.1212,0.3985,12.9008
2026-07-20T17:37:37.888,8.1254,0.3789,12.9399
2026-07-20T17:37:37.897,8.1421,0.3789,13.1358
2026-07-20T17:37:37.912,8.1604,0.3593,13.2141
2026-07-20T17:37:37.912,8.1604,0.3985,13.3903
2026-07-20T17:37:37.928,8.1638,0.3397,13.3316
2026-07-20T17:37:37.941,8.1925,0.3397,13.3903
2026-07-20T17:37:37.945,8.1925,0.3201,13.3903
2026-07-20T17:37:37.963,8.1925,0.3397,13.4882
2026-07-20T17:37:37.966,8.2008,0.1831,13.4882
2026-07-20T17:37:37.978,8.2277,0.2614,13.6253
2026-07-20T17:37:37.991,8.2277,0.3201,13.7623
2026-07-20T17:37:37.995,8.2361,0.3593,13.919
2026-07-20T17:37:38.003,8.2519,0.3985,13.9581
2026-07-20T17:37:38.023,8.2697,0.418,14.056
2026-07-20T17:37:38.023,8.2697,0.3397,14.056
2026-07-20T17:37:38.039,8.2738,0.3006,14.056
2026-07-20T17:37:38.051,8.2992,0.3985,14.0365
2026-07-20T17:37:38.055,8.3109,0.3593,14.0756
2026-07-20T17:37:38.055,8.3109,0.3593,14.1148
2026-07-20T17:37:38.076,8.3152,0.4376,14.154
2026-07-20T17:37:38.092,8.3386,0.4572,14.1344
2026-07-20T17:37:38.102,8.3481,0.3201,14.1148
2026-07-20T17:37:38.102,8.3481,0.2614,14.1735
2026-07-20T17:37:38.118,8.3481,0.2614,14.2127
2026-07-20T17:37:38.128,8.3815,0.3789,14.3693
2026-07-20T17:37:38.141,8.3815,0.3985,14.4281
2026-07-20T17:37:38.151,8.3898,0.3789,14.5847
2026-07-20T17:37:38.151,8.395,0.3593,14.6435
2026-07-20T17:37:38.168,8.4222,0.4964,14.6435
2026-07-20T17:37:38.181,8.4222,0.4376,14.6239
2026-07-20T17:37:38.184,8.427,0.3789,14.7218
2026-07-20T17:37:38.198,8.427,0.516,14.761
2026-07-20T17:37:38.208,8.4589,0.3985,14.8589
2026-07-20T17:37:38.214,8.4589,0.3201,14.6239
2026-07-20T17:37:38.230,8.4589,0.3397,14.5064
2026-07-20T17:37:38.230,8.4589,0.2418,14.4085
2026-07-20T17:37:38.246,8.4959,0.3397,14.4868
2026-07-20T17:37:38.261,8.4959,0.3593,14.3889
2026-07-20T17:37:38.261,8.4959,0.2418,14.2519
2026-07-20T17:37:38.294,8.533,0.2614,14.1344
2026-07-20T17:37:38.294,8.533,0.2222,14.0952
2026-07-20T17:37:38.298,8.5366,0.3006,14.1735
2026-07-20T17:37:38.309,8.5652,0.418,14.2323
2026-07-20T17:37:38.325,8.5652,0.3397,14.2323
2026-07-20T17:37:38.325,8.5702,0.3789,14.291
2026-07-20T17:37:38.341,8.5723,0.3985,14.3693
2026-07-20T17:37:38.341,8.602,0.4768,14.4281
2026-07-20T17:37:38.357,8.604,0.4572,14.4477
2026-07-20T17:37:38.368,8.6051,0.3593,14.2714
2026-07-20T17:37:38.384,8.6367,0.3789,14.1344
2026-07-20T17:37:38.388,8.6367,0.281,13.9386
2026-07-20T17:37:38.401,8.6367,0.281,13.9581
2026-07-20T17:37:38.410,8.6367,0.3397,14.0365
2026-07-20T17:37:38.420,8.6651,0.3789,14.0952
2026-07-20T17:37:38.436,8.6651,0.4768,13.9581
2026-07-20T17:37:38.436,8.6651,0.3985,13.8015
2026-07-20T17:37:38.439,8.6809,0.3006,13.684
2026-07-20T17:37:38.468,8.7125,0.3201,13.5861
2026-07-20T17:37:38.468,8.7125,0.2418,13.3903
2026-07-20T17:37:38.468,8.7125,0.281,13.2337
2026-07-20T17:37:38.483,8.7221,0.3593,13.1162
2026-07-20T17:37:38.499,8.7438,0.2222,12.7246
2026-07-20T17:37:38.499,8.7438,0.2027,12.3721
2026-07-20T17:37:38.515,8.7438,0.1243,11.8238
2026-07-20T17:37:38.525,8.7595,0.2222,11.5497
2026-07-20T17:37:38.546,8.7909,0.1243,11.2168
2026-07-20T17:37:38.546,8.7909,0.1831,10.7469
2026-07-20T17:37:38.546,8.7932,0.1635,10.2378
2026-07-20T17:37:38.574,8.8246,0.2027,9.6895
2026-07-20T17:37:38.580,8.8266,0.2418,9.1021
2026-07-20T17:37:38.580,8.8266,0.0069,8.2797
2026-07-20T17:37:38.596,8.8266,-0.4043,7.0461
2026-07-20T17:37:38.609,8.8542,-0.796,5.7538
2026-07-20T17:37:38.625,8.8542,-1.2072,4.4027
2026-07-20T17:37:38.629,8.8698,-1.7163,3.1691
2026-07-20T17:37:38.640,8.8698,-2.2058,2.1314
2026-07-20T17:37:38.641,8.9013,-2.3233,0.9761
2026-07-20T17:37:38.657,8.9168,-2.5191,0.232
2026-07-20T17:37:38.672,8.9168,-2.4407,-0.3162
2026-07-20T17:37:38.672,8.9325,-2.147,-0.512
2026-07-20T17:37:38.685,8.9642,-1.8337,-0.6883
2026-07-20T17:37:38.704,8.9686,-1.4421,-0.7666
2026-07-20T17:37:38.704,8.9686,-1.168,-0.9232
2026-07-20T17:37:38.719,8.9801,-0.8351,-1.0016
2026-07-20T17:37:38.719,8.9801,-0.5218,-1.0016
2026-07-20T17:37:38.740,9.0118,-0.2477,-0.982
2026-07-20T17:37:38.751,9.0118,0.0656,-1.0407
2026-07-20T17:37:38.751,9.0118,0.2418,-0.9428
2026-07-20T17:37:38.767,9.0391,0.4572,-0.9232
2026-07-20T17:37:38.771,9.0437,0.5355,-0.9624
2026-07-20T17:37:38.783,9.0477,0.5943,-0.8645
2026-07-20T17:37:38.797,9.0532,0.653,-0.9428
2026-07-20T17:37:38.814,9.0753,0.653,-0.9624
2026-07-20T17:37:38.830,9.091,0.7313,-0.9428
2026-07-20T17:37:38.830,9.091,0.7313,-0.8841
2026-07-20T17:37:38.850,9.091,0.8684,-0.7862
2026-07-20T17:37:38.856,9.091,0.9663,-0.7078
2026-07-20T17:37:38.861,9.091,1.0838,-0.6883
2026-07-20T17:37:38.862,9.1224,1.123,-0.6099
2026-07-20T17:37:38.894,9.1224,1.1817,-0.5512
2026-07-20T17:37:38.894,9.1334,1.2404,-0.4925
2026-07-20T17:37:38.894,9.1334,1.123,-0.5512
2026-07-20T17:37:38.913,9.1562,1.123,-0.4729
2026-07-20T17:37:38.913,9.1562,1.1034,-0.4141
2026-07-20T17:37:38.925,9.1562,1.0055,-0.3162
2026-07-20T17:37:38.941,9.1698,1.0642,-0.2379
2026-07-20T17:37:38.941,9.1855,1.123,-0.2771
2026-07-20T17:37:38.959,9.1855,1.1817,-0.2575
2026-07-20T17:37:38.972,9.1855,1.2404,-0.2575
2026-07-20T17:37:38.974,9.2172,1.1621,-0.2575
2026-07-20T17:37:38.988,9.2172,1.0642,-0.1596
2026-07-20T17:37:38.988,9.2172,1.1425,-0.0421
2026-07-20T17:37:39.010,9.2489,1.123,-0.1987
2026-07-20T17:37:39.020,9.2489,1.1425,-0.1987
2026-07-20T17:37:39.020,9.265,1.123,-0.2183
2026-07-20T17:37:39.040,9.2807,1.123,-0.2183
2026-07-20T17:37:39.040,9.2807,1.1034,-0.1792
2026-07-20T17:37:39.052,9.3112,1.0642,-0.14
2026-07-20T17:37:39.068,9.3122,1.1425,-0.1987
2026-07-20T17:37:39.068,9.3122,1.2209,-0.1596
2026-07-20T17:37:39.083,9.3175,1.1817,-0.1792
2026-07-20T17:37:39.099,9.3375,1.2013,-0.1596
2026-07-20T17:37:39.106,9.344,1.2013,-0.2183
2026-07-20T17:37:39.120,9.344,1.1621,-0.1596
2026-07-20T17:37:39.140,9.36,1.2209,-0.0813
2026-07-20T17:37:39.140,9.36,1.2209,-0.14
2026-07-20T17:37:39.147,9.36,1.2209,-0.1204
2026-07-20T17:37:39.147,9.3917,1.2013,-0.2183
2026-07-20T17:37:39.163,9.4052,1.26,-0.1596
2026-07-20T17:37:39.179,9.4076,1.1621,-0.0617
2026-07-20T17:37:39.194,9.4236,1.1817,-0.0029
2026-07-20T17:37:39.194,9.4236,1.1621,-0.1987
2026-07-20T17:37:39.208,9.4393,1.1621,-0.1008
2026-07-20T17:37:39.219,9.4675,1.1621,-0.1987
2026-07-20T17:37:39.226,9.4675,1.1817,-0.1792
2026-07-20T17:37:39.242,9.471,1.2404,-0.1987
2026-07-20T17:37:39.245,9.5002,1.123,-0.14
2026-07-20T17:37:39.258,9.5002,1.2013,-0.14
2026-07-20T17:37:39.258,9.5026,1.2404,-0.0617
2026-07-20T17:37:39.283,9.5193,1.2013,-0.1596
2026-07-20T17:37:39.290,9.5193,1.1817,-0.1204
2026-07-20T17:37:39.290,9.5342,1.3188,-0.1792
2026-07-20T17:37:39.314,9.5498,1.2013,-0.1008
2026-07-20T17:37:39.322,9.5498,1.2013,-0.1204
2026-07-20T17:37:39.322,9.5498,1.2404,-0.1008
2026-07-20T17:37:39.337,9.5674,1.2209,-0.14
2026-07-20T17:37:39.352,9.5816,1.2209,-0.1596
2026-07-20T17:37:39.352,9.5816,1.2013,-0.1204
2026-07-20T17:37:39.370,9.5973,1.1817,-0.1204
2026-07-20T17:37:39.379,9.6132,1.2404,-0.0421
2026-07-20T17:37:39.384,9.6132,1.26,-0.14
2026-07-20T17:37:39.400,9.6132,1.2013,-0.1204
2026-07-20T17:37:39.409,9.6446,1.2404,-0.1008
2026-07-20T17:37:39.416,9.6446,1.2404,-0.1204
2026-07-20T17:37:39.416,9.6446,1.2013,-0.1008
2026-07-20T17:37:39.447,9.6764,1.2209,-0.1008
2026-07-20T17:37:39.447,9.6764,1.4362,-0.1596
2026-07-20T17:37:39.463,9.7007,1.2209,-0.1204
2026-07-20T17:37:39.463,9.7007,1.26,-0.0029
2026-07-20T17:37:39.463,9.7007,1.2404,-0.0421
2026-07-20T17:37:39.479,9.724,1.26,-0.2183
2026-07-20T17:37:39.503,9.724,1.1621,-0.1008
2026-07-20T17:37:39.511,9.7381,1.2404,-0.1204
2026-07-20T17:37:39.519,9.7555,1.1621,-0.0225
2026-07-20T17:37:39.527,9.7555,1.3383,-0.1008
2026-07-20T17:37:39.541,9.7555,1.26,-0.14
2026-07-20T17:37:39.558,9.7926,1.26,-0.1987
2026-07-20T17:37:39.558,9.7926,1.3188,-0.1008
2026-07-20T17:37:39.558,9.7926,1.123,-0.1008
2026-07-20T17:37:39.580,9.8203,1.2796,-0.1008
2026-07-20T17:37:39.589,9.8223,1.2992,-0.0225
2026-07-20T17:37:39.595,9.8223,1.26,-0.0617
2026-07-20T17:37:39.621,9.8499,1.2209,-0.1008
2026-07-20T17:37:39.621,9.8499,1.3188,-0.1008
2026-07-20T17:37:39.625,9.8656,1.2013,-0.1008
2026-07-20T17:37:39.641,9.8656,1.26,-0.14
2026-07-20T17:37:39.641,9.8656,1.2796,-0.1204
2026-07-20T17:37:39.653,9.8972,1.3188,-0.0813
2026-07-20T17:37:39.668,9.8972,1.2404,-0.0813
2026-07-20T17:37:39.668,9.8972,1.2796,-0.2379
2026-07-20T17:37:39.700,9.9291,1.2404,-0.1008
2026-07-20T17:37:39.700,9.9291,1.2404,-0.0617
2026-07-20T17:37:39.700,9.9291,1.3383,-0.1204
2026-07-20T17:37:39.716,9.9609,1.2992,0.1145
2026-07-20T17:37:39.732,9.9609,1.2404,-0.1008
2026-07-20T17:37:39.732,9.9609,1.2796,-0.0029
2026-07-20T17:37:39.748,9.9769,1.2404,-0.1204
2026-07-20T17:37:39.748,9.9769,1.26,-0.0617
2026-07-20T17:37:39.763,9.9926,1.2796,-0.0421
2026-07-20T17:37:39.779,10.0083,1.3971,-0.1008
2026-07-20T17:37:39.779,10.0083,1.2992,-0.0813
2026-07-20T17:37:39.795,10.0398,1.2796,-0.1008
2026-07-20T17:37:39.811,10.0398,1.2796,-0.0225
2026-07-20T17:37:39.811,10.0398,1.2404,-0.0421
2026-07-20T17:37:39.842,10.0712,1.26,-0.0421
2026-07-20T17:37:39.842,10.0712,1.3383,-0.0813
2026-07-20T17:37:39.842,10.0712,1.2992,-0.0225
2026-07-20T17:37:39.858,10.1038,1.3579,-0.1204
2026-07-20T17:37:39.874,10.1038,1.2404,-0.0225
2026-07-20T17:37:39.874,10.1038,1.2404,-0.0421
2026-07-20T17:37:39.905,10.1347,1.2992,0.0558
2026-07-20T17:37:39.905,10.1347,1.2404,-0.0617
2026-07-20T17:37:39.906,10.1383,1.3775,-0.0029
2026-07-20T17:37:39.921,10.1663,1.2992,-0.0617
2026-07-20T17:37:39.937,10.1675,1.2796,-0.0813
2026-07-20T17:37:39.937,10.1675,1.2796,-0.0225
2026-07-20T17:37:39.953,10.1984,1.2209,-0.0421
2026-07-20T17:37:39.953,10.1994,1.3579,-0.1008
2026-07-20T17:37:39.970,10.1994,1.3383,-0.0813
2026-07-20T17:37:39.970,10.2301,1.3188,-0.14
2026-07-20T17:37:39.985,10.2301,1.26,-0.0225
2026-07-20T17:37:39.985,10.2301,1.2796,-0.0421
2026-07-20T17:37:40.002,10.262,1.2796,-0.0225
2026-07-20T17:37:40.017,10.262,1.4167,-0.0029
2026-07-20T17:37:40.017,10.262,1.2796,-0.1008
2026-07-20T17:37:40.033,10.262,1.3579,-0.0617
2026-07-20T17:37:40.049,10.2935,1.3383,-0.1204
2026-07-20T17:37:40.049,10.2935,1.2796,-0.0617
2026-07-20T17:37:40.065,10.2935,1.3383,-0.0617
2026-07-20T17:37:40.065,10.3251,1.2404,-0.0421
2026-07-20T17:37:40.080,10.3251,1.3188,-0.0617
2026-07-20T17:37:40.096,10.3251,1.26,-0.0617
2026-07-20T17:37:40.096,10.357,1.3383,-0.0617
2026-07-20T17:37:40.128,10.357,1.3188,-0.1008
2026-07-20T17:37:40.128,10.357,1.2992,-0.1204
2026-07-20T17:37:40.144,10.3885,1.2209,-0.0617
2026-07-20T17:37:40.144,10.3885,1.2992,-0.0617
2026-07-20T17:37:40.160,10.3885,1.2796,-0.0421
2026-07-20T17:37:40.160,10.3885,1.3383,-0.0617
2026-07-20T17:37:40.175,10.4247,1.3383,-0.0617
2026-07-20T17:37:40.191,10.4257,1.26,-0.0617
2026-07-20T17:37:40.191,10.4268,1.3579,-0.0617
2026-07-20T17:37:40.223,10.4529,1.3188,-0.0029
2026-07-20T17:37:40.224,10.4529,1.3383,-0.0029
2026-07-20T17:37:40.230,10.4529,1.3188,-0.0617
2026-07-20T17:37:40.241,10.4842,1.3188,-0.0421
2026-07-20T17:37:40.256,10.4842,1.3383,-0.1008
2026-07-20T17:37:40.256,10.4842,1.2404,-0.0617
2026-07-20T17:37:40.271,10.5168,1.2796,-0.0225
2026-07-20T17:37:40.271,10.5168,1.3188,-0.0617
2026-07-20T17:37:40.287,10.5168,1.3188,0.0754
2026-07-20T17:37:40.303,10.5483,1.3579,-0.0421
2026-07-20T17:37:40.303,10.5483,1.3188,-0.0225
2026-07-20T17:37:40.319,10.5483,1.3775,-0.0421
2026-07-20T17:37:40.335,10.5801,1.2992,-0.0225
2026-07-20T17:37:40.341,10.5801,1.2992,-0.0421
2026-07-20T17:37:40.341,10.5801,1.2992,0.0166
2026-07-20T17:37:40.351,10.5801,1.3383,-0.0225
2026-07-20T17:37:40.367,10.6117,1.3188,-0.0029
2026-07-20T17:37:40.367,10.6117,1.4167,-0.0421
2026-07-20T17:37:40.383,10.6117,1.3383,-0.0421
2026-07-20T17:37:40.399,10.6438,1.3579,0.0362
2026-07-20T17:37:40.414,10.6438,1.2992,-0.0225
2026-07-20T17:37:40.414,10.6438,1.3383,-0.0421
2026-07-20T17:37:40.446,10.6755,1.3188,-0.0421
2026-07-20T17:37:40.446,10.6755,1.3188,-0.0617
2026-07-20T17:37:40.446,10.6755,1.2796,-0.1008
2026-07-20T17:37:40.463,10.7071,1.2796,-0.0225
2026-07-20T17:37:40.478,10.7071,1.4167,-0.0421
2026-07-20T17:37:40.478,10.7071,1.3383,-0.0029
2026-07-20T17:37:40.478,10.7071,1.3579,-0.0029
2026-07-20T17:37:40.510,10.7391,1.2404,-0.0029
2026-07-20T17:37:40.510,10.7391,1.3579,-0.0617
2026-07-20T17:37:40.510,10.7391,1.2796,-0.0029
2026-07-20T17:37:40.525,10.7707,1.3383,-0.0617
2026-07-20T17:37:40.542,10.7707,1.3775,0.0558
2026-07-20T17:37:40.542,10.7707,1.3579,-0.0617
2026-07-20T17:37:40.573,10.8065,1.3383,0.095
2026-07-20T17:37:40.573,10.8065,1.3579,-0.0617
2026-07-20T17:37:40.573,10.8065,1.2796,0.0362
2026-07-20T17:37:40.591,10.8222,1.3383,-0.0421
2026-07-20T17:37:40.609,10.8541,1.3775,-0.0225
2026-07-20T17:37:40.609,10.8541,1.3383,-0.0029
2026-07-20T17:37:40.609,10.8541,1.3775,0.0166
2026-07-20T17:37:40.625,10.8856,1.3775,-0.0617
2026-07-20T17:37:40.642,10.8856,1.3971,-0.0225
2026-07-20T17:37:40.642,10.8856,1.2992,-0.0029
2026-07-20T17:37:40.657,10.8856,1.3775,0.0558
2026-07-20T17:37:40.673,10.9175,1.4362,-0.0225
2026-07-20T17:37:40.688,10.9175,1.3383,-0.0421
2026-07-20T17:37:40.688,10.9175,1.3188,0.0362
2026-07-20T17:37:40.688,10.9335,1.3383,-0.0225
2026-07-20T17:37:40.720,10.9652,1.26,-0.0029
2026-07-20T17:37:40.720,10.9652,1.3188,-0.0617
2026-07-20T17:37:40.720,10.9652,1.3383,-0.0225
2026-07-20T17:37:40.736,10.9652,1.3579,-0.0225
2026-07-20T17:37:40.752,10.9967,1.3383,-0.0029
2026-07-20T17:37:40.752,10.9967,1.3188,0.0362
2026-07-20T17:37:40.768,10.9967,1.3188,-0.0225
2026-07-20T17:37:40.783,11.0284,1.3188,0.0362
2026-07-20T17:37:40.783,11.0284,1.3383,0.0362
2026-07-20T17:37:40.799,11.0284,1.4362,-0.0029
2026-07-20T17:37:40.799,11.0284,1.2992,-0.0029
2026-07-20T17:37:40.831,11.0614,1.3383,0.0754
2026-07-20T17:37:40.831,11.0614,1.2992,-0.0029
2026-07-20T17:37:40.831,11.0614,1.3383,-0.0029
2026-07-20T17:37:40.847,11.092,1.4362,0.0754
2026-07-20T17:37:40.864,11.092,1.3775,-0.0029
2026-07-20T17:37:40.864,11.092,1.3775,0.0166
2026-07-20T17:37:40.879,11.1077,1.3383,0.0754
2026-07-20T17:37:40.879,11.1244,1.3971,0.0362
2026-07-20T17:37:40.895,11.1244,1.3188,0.0362
2026-07-20T17:37:40.910,11.1394,1.3383,0.0166
2026-07-20T17:37:40.910,11.1556,1.3188,0.095
2026-07-20T17:37:40.927,11.1715,1.3383,-0.0225
2026-07-20T17:37:40.927,11.1715,1.3775,-0.0225
2026-07-20T17:37:40.942,11.2032,1.3579,0.0166
2026-07-20T17:37:40.958,11.2032,1.26,0.0362
2026-07-20T17:37:40.958,11.2032,1.3383,-0.0029
2026-07-20T17:37:40.974,11.2346,1.3775,0.0558
2026-07-20T17:37:40.990,11.2346,1.3775,0.0166
2026-07-20T17:37:40.990,11.2397,1.3579,-0.0029
2026-07-20T17:37:41.006,11.2397,1.3775,-0.0225
2026-07-20T17:37:41.022,11.2664,1.3579,0.0362
2026-07-20T17:37:41.037,11.2664,1.3383,0.0754
2026-07-20T17:37:41.037,11.2664,1.3775,0.0754
2026-07-20T17:37:41.069,11.2996,1.3971,0.0362
2026-07-20T17:37:41.069,11.2996,1.3971,-0.0029
2026-07-20T17:37:41.069,11.2996,1.3383,-0.0225
2026-07-20T17:37:41.069,11.2996,1.3775,0.0362
2026-07-20T17:37:41.085,11.3396,1.3383,-0.0029
2026-07-20T17:37:41.102,11.3396,1.4167,-0.0617
2026-07-20T17:37:41.102,11.3466,1.3579,0.0166
2026-07-20T17:37:41.133,11.3619,1.3579,-0.0225
2026-07-20T17:37:41.133,11.3619,1.3383,0.0362
2026-07-20T17:37:41.142,11.3619,1.3579,-0.0225
2026-07-20T17:37:41.149,11.3779,1.3775,0.0558
2026-07-20T17:37:41.164,11.3936,1.3188,-0.0617
2026-07-20T17:37:41.164,11.4093,1.4754,0.095
2026-07-20T17:37:41.180,11.4093,1.3775,-0.0617
2026-07-20T17:37:41.180,11.4411,1.3579,0.0166
2026-07-20T17:37:41.196,11.4411,1.3775,0.0754
2026-07-20T17:37:41.212,11.4411,1.4362,-0.0029
2026-07-20T17:37:41.228,11.4728,1.3971,0.0166
2026-07-20T17:37:41.228,11.4728,1.3775,0.0362
2026-07-20T17:37:41.228,11.4728,1.3775,0.0754
2026-07-20T17:37:41.244,11.505,1.3579,0.0362
2026-07-20T17:37:41.259,11.505,1.3579,-0.0029
2026-07-20T17:37:41.259,11.505,1.3775,0.0362
2026-07-20T17:37:41.275,11.505,1.3188,0.0362
2026-07-20T17:37:41.291,11.5396,1.2992,0.095
2026-07-20T17:37:41.308,11.5396,1.3383,0.1341
2026-07-20T17:37:41.308,11.5396,1.3775,0.0362
2026-07-20T17:37:41.308,11.568,1.3579,0.0362
2026-07-20T17:37:41.323,11.568,1.3775,-0.0029
2026-07-20T17:37:41.342,11.568,1.3579,0.0558
2026-07-20T17:37:41.342,11.568,1.3188,0.0362
2026-07-20T17:37:41.371,11.5996,1.3383,-0.0029
2026-07-20T17:37:41.371,11.5996,1.3971,0.095
2026-07-20T17:37:41.371,11.5996,1.3188,0.0166
2026-07-20T17:37:41.386,11.6375,1.3775,-0.0225
2026-07-20T17:37:41.402,11.6395,1.3971,-0.0029
2026-07-20T17:37:41.402,11.6395,1.3579,0.0558
2026-07-20T17:37:41.423,11.6633,1.4167,0.0558
2026-07-20T17:37:41.434,11.6633,1.3971,-0.0421
2026-07-20T17:37:41.440,11.6633,1.3383,0.095
2026-07-20T17:37:41.466,11.6953,1.3971,-0.0225
2026-07-20T17:37:41.466,11.6953,1.4167,0.0166
2026-07-20T17:37:41.466,11.6953,1.3188,-0.0421
2026-07-20T17:37:41.482,11.7272,1.4167,0.0166
2026-07-20T17:37:41.498,11.7272,1.3775,0.1341
2026-07-20T17:37:41.498,11.7272,1.3775,0.0754
2026-07-20T17:37:41.498,11.759,1.3971,0.0558
2026-07-20T17:37:41.530,11.7641,1.3775,0.0166
2026-07-20T17:37:41.530,11.7647,1.3383,0.0558
2026-07-20T17:37:41.546,11.79,1.3775,0.0558
2026-07-20T17:37:41.546,11.79,1.3775,0.0558
2026-07-20T17:37:41.562,11.79,1.3579,-0.0421
2026-07-20T17:37:41.570,11.79,1.3775,0.1145
2026-07-20T17:37:41.593,11.822,1.3971,-0.0029
2026-07-20T17:37:41.593,11.822,1.3579,0.0362
2026-07-20T17:37:41.593,11.822,1.3188,0.0362
2026-07-20T17:37:41.609,11.8536,1.3971,0.0166
2026-07-20T17:37:41.625,11.8536,1.3579,0.0362
2026-07-20T17:37:41.625,11.8536,1.3775,0.0558
2026-07-20T17:37:41.642,11.8853,1.3971,0.0362
2026-07-20T17:37:41.656,11.8853,1.3579,-0.0225
2026-07-20T17:37:41.656,11.8853,1.4362,-0.0029
2026-07-20T17:37:41.656,11.9171,1.2992,0.0362
2026-07-20T17:37:41.688,11.9171,1.3775,0.095
2026-07-20T17:37:41.688,11.9171,1.3775,0.095
2026-07-20T17:37:41.688,11.9488,1.3971,0.0558
2026-07-20T17:37:41.720,11.9488,1.3775,0.0362
2026-07-20T17:37:41.720,11.9488,1.3775,0.0166
2026-07-20T17:37:41.720,11.9645,1.3188,0.0166
2026-07-20T17:37:41.743,11.9802,1.3579,0.0362
2026-07-20T17:37:41.751,11.9802,1.4167,0.0166
2026-07-20T17:37:41.751,11.9962,1.4362,0.0362
2026-07-20T17:37:41.777,12.0278,1.3383,0.095
2026-07-20T17:37:41.783,12.0278,1.3775,-0.0029
2026-07-20T17:37:41.783,12.0278,1.3775,0.0754
2026-07-20T17:37:41.799,12.0278,1.3579,0.0166
2026-07-20T17:37:41.816,12.0594,1.3971,0.0166
2026-07-20T17:37:41.816,12.0594,1.3775,0.0166
2026-07-20T17:37:41.830,12.0594,1.3579,0.0362
2026-07-20T17:37:41.846,12.0913,1.4558,0.0558
2026-07-20T17:37:41.847,12.0913,1.3579,0.095
2026-07-20T17:37:41.862,12.0913,1.3383,0.0558
2026-07-20T17:37:41.862,12.0913,1.3775,0.0558
2026-07-20T17:37:41.894,12.123,1.4558,0.0558
2026-07-20T17:37:41.894,12.123,1.4558,0.0558
2026-07-20T17:37:41.894,12.123,1.3383,0.0362
2026-07-20T17:37:41.910,12.1571,1.3383,0.0166
2026-07-20T17:37:41.926,12.1571,1.3579,0.1537
2026-07-20T17:37:41.926,12.1571,1.3775,0.0558
2026-07-20T17:37:41.943,12.1865,1.3775,0.0558
2026-07-20T17:37:41.959,12.1865,1.4167,0.0754
2026-07-20T17:37:41.960,12.1865,1.3971,0.0166
2026-07-20T17:37:41.973,12.218,1.3775,0.0362
2026-07-20T17:37:41.989,12.218,1.3188,0.0362
2026-07-20T17:37:41.989,12.218,1.3383,0.1341
2026-07-20T17:37:41.989,12.25,1.3971,0.0166
2026-07-20T17:37:42.021,12.25,1.3188,0.0362
2026-07-20T17:37:42.021,12.25,1.3579,0.0754
2026-07-20T17:37:42.021,12.25,1.5537,0.0362
2026-07-20T17:37:42.053,12.2818,1.3775,0.0558
2026-07-20T17:37:42.053,12.2818,1.3188,0.0754
2026-07-20T17:37:42.053,12.2818,1.3971,0.1145
2026-07-20T17:37:42.069,12.3137,1.3775,0.095
2026-07-20T17:37:42.084,12.3137,1.5537,-0.0029
2026-07-20T17:37:42.084,12.3137,1.3383,0.0558
2026-07-20T17:37:42.116,12.3457,1.3579,0.0558
2026-07-20T17:37:42.116,12.3457,1.3971,0.095
2026-07-20T17:37:42.116,12.3457,1.4167,0.095
2026-07-20T17:37:42.148,12.3776,1.3971,0.0558
2026-07-20T17:37:42.148,12.3776,1.3971,0.0754
2026-07-20T17:37:42.148,12.3776,1.3775,0.0558
2026-07-20T17:37:42.148,12.3776,1.3971,0.0166
2026-07-20T17:37:42.180,12.4092,1.3971,0.0362
2026-07-20T17:37:42.180,12.4092,1.3188,0.1145
2026-07-20T17:37:42.180,12.4404,1.4167,0.0754
2026-07-20T17:37:42.196,12.4404,1.3775,0.0558
2026-07-20T17:37:42.212,12.4404,1.4754,0.0362
2026-07-20T17:37:42.212,12.4404,1.4558,0.0362
2026-07-20T17:37:42.229,12.4718,1.4167,0.0558
2026-07-20T17:37:42.243,12.4718,1.3188,0.0754
2026-07-20T17:37:42.243,12.4718,1.3971,0.0362
2026-07-20T17:37:42.259,12.5038,1.3775,0.095
2026-07-20T17:37:42.274,12.5038,1.4167,0.1145
2026-07-20T17:37:42.274,12.5195,1.3188,0.0166
2026-07-20T17:37:42.290,12.5195,1.4167,0.0754
2026-07-20T17:37:42.290,12.5515,1.3775,0.095
2026-07-20T17:37:42.306,12.5515,1.3579,0.0754
2026-07-20T17:37:42.306,12.5515,1.3971,0.095
2026-07-20T17:37:42.343,12.5832,1.3971,0.1145
2026-07-20T17:37:42.343,12.5832,1.3775,0.0754
2026-07-20T17:37:42.343,12.5832,1.3971,0.1145
2026-07-20T17:37:42.354,12.5832,1.3971,0.0166
2026-07-20T17:37:42.370,12.6147,1.3775,0.095
2026-07-20T17:37:42.370,12.6147,1.4362,0.0754
2026-07-20T17:37:42.386,12.6147,1.3971,0.1145
2026-07-20T17:37:42.401,12.6462,1.4167,0.0754
2026-07-20T17:37:42.417,12.6462,1.3775,0.0362
2026-07-20T17:37:42.417,12.6462,1.3579,0.0362
2026-07-20T17:37:42.417,12.6781,1.3971,0.1341
2026-07-20T17:37:42.449,12.6781,1.4362,0.095
2026-07-20T17:37:42.449,12.6781,1.4362,0.0754
2026-07-20T17:37:42.449,12.7097,1.3775,0.0558
2026-07-20T17:37:42.470,12.7097,1.3383,-0.0029
2026-07-20T17:37:42.481,12.7097,1.4754,0.0558
2026-07-20T17:37:42.481,12.7254,1.3383,0.1145
2026-07-20T17:37:42.496,12.757,1.495,0.0754
2026-07-20T17:37:42.512,12.757,1.3579,0.1341
2026-07-20T17:37:42.512,12.757,1.4167,0.0754
2026-07-20T17:37:42.528,12.7885,1.4558,0.0558
2026-07-20T17:37:42.544,12.7885,1.4167,0.0754
2026-07-20T17:37:42.544,12.7885,1.3775,0.0558
2026-07-20T17:37:42.560,12.7885,1.3383,0.0754
2026-07-20T17:37:42.575,12.8203,1.4362,0.0166
2026-07-20T17:37:42.575,12.8203,1.4362,0.1537
2026-07-20T17:37:42.575,12.8203,1.4558,0.0362
2026-07-20T17:37:42.607,12.8521,1.3971,0.1341
2026-07-20T17:37:42.623,12.8521,1.3971,0.0166
2026-07-20T17:37:42.623,12.8521,1.3383,0.095
2026-07-20T17:37:42.623,12.8521,1.4167,0.0754
2026-07-20T17:37:42.644,12.8836,1.3775,0.095
2026-07-20T17:37:42.655,12.8836,1.4754,0.0558
2026-07-20T17:37:42.655,12.8836,1.3579,0.0754
2026-07-20T17:37:42.670,12.9155,1.3775,0.0166
2026-07-20T17:37:42.686,12.9155,1.3383,0.095
2026-07-20T17:37:42.686,12.9155,1.4167,0.0558
2026-07-20T17:37:42.686,12.9471,1.3971,0.0558
2026-07-20T17:37:42.718,12.9628,1.3775,0.0754
2026-07-20T17:37:42.718,12.9628,1.4754,0.0558
2026-07-20T17:37:42.718,12.9628,1.3775,0.0754
2026-07-20T17:37:42.744,12.9947,1.3579,0.0754
2026-07-20T17:37:42.750,12.9947,1.3775,0.095
2026-07-20T17:37:42.750,12.9947,1.3775,0.0558
2026-07-20T17:37:42.765,12.9947,1.4167,0.095
2026-07-20T17:37:42.782,13.0266,1.3775,0.0558
2026-07-20T17:37:42.782,13.0266,1.4558,0.0558
2026-07-20T17:37:42.797,13.0266,1.4167,0.0362
2026-07-20T17:37:42.813,13.0585,1.3775,0.0558
2026-07-20T17:37:42.829,13.0585,1.4558,0.0754
2026-07-20T17:37:42.829,13.0585,1.4167,0.1145
2026-07-20T17:37:42.829,13.0585,1.3971,0.0362
2026-07-20T17:37:42.861,13.0904,1.3775,0.095
2026-07-20T17:37:42.861,13.0904,1.4362,-0.0029
2026-07-20T17:37:42.878,13.122,1.3383,0.1145
2026-07-20T17:37:42.893,13.122,1.3775,0.0362
2026-07-20T17:37:42.893,13.122,1.4558,0.0558
2026-07-20T17:37:42.893,13.1536,1.3971,0.1145
2026-07-20T17:37:42.909,13.1536,1.4754,0.095
2026-07-20T17:37:42.925,13.1536,1.4167,-0.0029
2026-07-20T17:37:42.925,13.1536,1.4558,0.095
2026-07-20T17:37:42.944,13.1865,1.3383,0.0754
2026-07-20T17:37:42.944,13.1865,1.4167,0.0754
2026-07-20T17:37:42.956,13.1865,1.495,0.0558
2026-07-20T17:37:42.972,13.2168,1.4558,0.0754
2026-07-20T17:37:42.988,13.2168,1.3775,0.0754
2026-07-20T17:37:42.989,13.2168,1.3775,0.0166
2026-07-20T17:37:43.004,13.2485,1.3383,0.0754
2026-07-20T17:37:43.019,13.2485,1.4362,-0.0029
2026-07-20T17:37:43.019,13.2485,1.4167,0.1341
2026-07-20T17:37:43.036,13.2802,1.4167,0.0558
2026-07-20T17:37:43.044,13.2802,1.3971,0.0558
2026-07-20T17:37:43.051,13.2802,1.4362,0.0362
2026-07-20T17:37:43.051,13.2964,1.3971,0.095
2026-07-20T17:37:43.083,13.3125,1.3775,0.0754
2026-07-20T17:37:43.083,13.3125,1.3579,0.1145
2026-07-20T17:37:43.083,13.3125,1.3971,0.0362
2026-07-20T17:37:43.099,13.344,1.3971,0.0754
2026-07-20T17:37:43.099,13.344,1.4558,0.0166
2026-07-20T17:37:43.115,13.3756,1.3971,0.0362
2026-07-20T17:37:43.131,13.3756,1.3579,0.0754
2026-07-20T17:37:43.131,13.3756,1.4167,0.1341
2026-07-20T17:37:43.147,13.3756,1.4167,0.0558
2026-07-20T17:37:43.162,13.4072,1.4558,0.0754
2026-07-20T17:37:43.162,13.4072,1.4754,0.0558
2026-07-20T17:37:43.178,13.4072,1.4754,0.095
2026-07-20T17:37:43.194,13.4392,1.3579,0.095
2026-07-20T17:37:43.194,13.4413,1.3971,0.0754
2026-07-20T17:37:43.210,13.4418,1.4362,0.1145
2026-07-20T17:37:43.210,13.4548,1.4754,0.1537
2026-07-20T17:37:43.226,13.4705,1.4167,0.095
2026-07-20T17:37:43.243,13.4705,1.4362,0.095
2026-07-20T17:37:43.246,13.5022,1.3775,0.0754
2026-07-20T17:37:43.257,13.5022,1.4362,0.0362
2026-07-20T17:37:43.273,13.5022,1.4167,0.1341
2026-07-20T17:37:43.289,13.5338,1.3775,0.0558
2026-07-20T17:37:43.289,13.5338,1.3971,0.0754
2026-07-20T17:37:43.289,13.5338,1.4362,0.095
2026-07-20T17:37:43.321,13.5656,1.5146,0.0754
2026-07-20T17:37:43.321,13.5656,1.3579,0.1341
2026-07-20T17:37:43.321,13.5656,1.3971,0.0754
2026-07-20T17:37:43.345,13.5816,1.4362,0.095
2026-07-20T17:37:43.353,13.5975,1.3971,0.095
2026-07-20T17:37:43.353,13.5975,1.3971,0.0754
2026-07-20T17:37:43.368,13.5975,1.4362,0.0754
2026-07-20T17:37:43.384,13.629,1.3971,0.0558
2026-07-20T17:37:43.384,13.629,1.3579,0.0558
2026-07-20T17:37:43.400,13.629,1.4167,0.095
2026-07-20T17:37:43.416,13.6609,1.4167,0.095
2026-07-20T17:37:43.416,13.6609,1.3971,0.1341
2026-07-20T17:37:43.432,13.6609,1.3971,-0.0029
2026-07-20T17:37:43.445,13.6923,1.4167,0.0558
2026-07-20T17:37:43.447,13.6933,1.4167,0.1145
2026-07-20T17:37:43.464,13.6933,1.3971,0.0558
2026-07-20T17:37:43.479,13.708,1.4167,0.095
2026-07-20T17:37:43.479,13.708,1.4754,0.0754
2026-07-20T17:37:43.479,13.708,1.4167,0.1537
2026-07-20T17:37:43.496,13.7422,1.3971,0.0362
2026-07-20T17:37:43.511,13.7422,1.4167,0.0754
2026-07-20T17:37:43.511,13.7422,1.495,0.1145
2026-07-20T17:37:43.527,13.772,1.5146,0.095
2026-07-20T17:37:43.545,13.772,1.4362,0.095
2026-07-20T17:37:43.545,13.772,1.4362,0.0754
2026-07-20T17:37:43.575,13.8036,1.3971,0.095
2026-07-20T17:37:43.575,13.8036,1.4167,0.0558
2026-07-20T17:37:43.575,13.8036,1.3579,0.095
2026-07-20T17:37:43.598,13.8422,1.3971,0.1341
2026-07-20T17:37:43.606,13.8422,1.4362,0.0362
2026-07-20T17:37:43.606,13.8422,1.4754,0.0754
2026-07-20T17:37:43.622,13.8769,1.4362,0.1145
2026-07-20T17:37:43.622,13.8769,1.4167,-0.0029
2026-07-20T17:37:43.645,13.8769,1.3579,0.1733
2026-07-20T17:37:43.645,13.8834,1.3971,0.0754
2026-07-20T17:37:43.670,13.8991,1.4754,0.1341
2026-07-20T17:37:43.679,13.9148,1.3971,0.0754
2026-07-20T17:37:43.686,13.9148,1.4362,-0.1204
2026-07-20T17:37:43.686,13.9463,1.4362,0.095
2026-07-20T17:37:43.702,13.9463,1.3971,0.0166
2026-07-20T17:37:43.702,13.9463,1.3775,0.095
2026-07-20T17:37:43.717,13.9463,1.4558,0.095
2026-07-20T17:37:43.745,13.9776,1.3971,0.095
2026-07-20T17:37:43.745,13.9776,1.4167,0.0754
2026-07-20T17:37:43.749,13.9776,1.4362,0.095
2026-07-20T17:37:43.765,14.0092,1.3579,0.0754
2026-07-20T17:37:43.780,14.0092,1.3971,0.1145
2026-07-20T17:37:43.780,14.0092,1.4167,0.0558
2026-07-20T17:37:43.780,14.0092,1.4362,0.095
2026-07-20T17:37:43.812,14.042,1.5537,0.0558
2026-07-20T17:37:43.812,14.042,1.4558,0.1733
2026-07-20T17:37:43.812,14.042,1.4167,0.0754
2026-07-20T17:37:43.828,14.0726,1.3775,0.1145
2026-07-20T17:37:43.845,14.0726,1.4558,0.0558
2026-07-20T17:37:43.845,14.0726,1.4362,0.0754
2026-07-20T17:37:43.859,14.1044,1.4558,0.095
2026-07-20T17:37:43.875,14.1044,1.3971,0.1341
2026-07-20T17:37:43.875,14.1044,1.4362,0.0558
2026-07-20T17:37:43.891,14.1363,1.4167,0.0558
2026-07-20T17:37:43.907,14.1363,1.3971,0.0754
2026-07-20T17:37:43.907,14.1423,1.2796,0.095
2026-07-20T17:37:43.923,14.1684,1.5342,0.095
2026-07-20T17:37:43.939,14.1684,1.495,0.0558
2026-07-20T17:37:43.939,14.1684,1.3971,0.095
2026-07-20T17:37:43.955,14.2002,1.4754,0.1341
2026-07-20T17:37:43.971,14.2002,1.4754,0.095
2026-07-20T17:37:43.971,14.2002,1.2992,0.1929
2026-07-20T17:37:43.987,14.232,1.4754,0.1341
2026-07-20T17:37:43.987,14.232,1.4362,0.1145
2026-07-20T17:37:44.003,14.232,1.4558,0.0754
2026-07-20T17:37:44.003,14.2635,1.4167,0.0754
2026-07-20T17:37:44.035,14.2635,1.4167,0.1145
2026-07-20T17:37:44.035,14.2635,1.3579,0.095
2026-07-20T17:37:44.050,14.295,1.3971,0.1929
2026-07-20T17:37:44.052,14.295,1.4362,0.1145
2026-07-20T17:37:44.052,14.295,1.3775,0.1341
2026-07-20T17:37:44.066,14.295,1.3971,0.0754
2026-07-20T17:37:44.082,14.3269,1.4167,0.095
2026-07-20T17:37:44.082,14.3269,1.4362,0.0362
2026-07-20T17:37:44.098,14.3269,1.3775,0.0754
2026-07-20T17:37:44.114,14.3584,1.4167,0.0362
2026-07-20T17:37:44.114,14.3584,1.3971,0.1145
2026-07-20T17:37:44.129,14.3584,1.3971,0.095
2026-07-20T17:37:44.145,14.3901,1.4558,0.0558
2026-07-20T17:37:44.145,14.3901,1.4754,0.0166
2026-07-20T17:37:44.161,14.3901,1.4167,0.1341
2026-07-20T17:37:44.161,14.3901,1.4558,0.1145
2026-07-20T17:37:44.193,14.422,1.4362,0.1145
2026-07-20T17:37:44.193,14.422,1.4754,0.1145
2026-07-20T17:37:44.193,14.422,1.4167,0.095
2026-07-20T17:37:44.209,14.4541,1.3579,0.1341
2026-07-20T17:37:44.225,14.4541,1.3971,0.1341
2026-07-20T17:37:44.225,14.4541,1.4167,0.2712
2026-07-20T17:37:44.241,14.4702,1.6908,0.5062
2026-07-20T17:37:44.257,14.5017,2.1216,0.6236
2026-07-20T17:37:44.257,14.5017,2.1999,0.6236
2026-07-20T17:37:44.273,14.5017,1.73,0.2908
2026-07-20T17:37:44.289,14.5428,1.0446,-0.2575
2026-07-20T17:37:44.289,14.5428,0.9859,-0.6883
2026-07-20T17:37:44.304,14.5497,2.1999,-0.4925
2026-07-20T17:37:44.304,14.5657,2.8069,0.3887
2026-07-20T17:37:44.320,14.5657,3.2768,1.9943
2026-07-20T17:37:44.336,14.5976,4.0209,4.109
2026-07-20T17:37:44.345,14.5976,5.0783,6.4196
2026-07-20T17:37:44.352,14.5976,5.9202,8.5343
2026-07-20T17:37:44.368,14.5976,7.0755,10.6686
2026-07-20T17:37:44.368,14.6136,7.9958,12.5875
2026-07-20T17:37:44.384,14.6297,8.779,14.0169
2026-07-20T17:37:44.388,14.6428,9.249,15.3092
2026-07-20T17:37:44.400,14.6454,9.2881,16.4253
2026-07-20T17:37:44.416,14.6454,9.4056,17.5218
2026-07-20T17:37:44.416,14.6454,9.3469,18.1484
2026-07-20T17:37:44.432,14.6773,9.2098,18.5792
2026-07-20T17:37:44.432,14.6773,9.1511,18.5988
2026-07-20T17:37:44.448,14.6773,9.1902,18.6771
2026-07-20T17:37:44.464,14.7092,9.4252,18.8925
2026-07-20T17:37:44.464,14.7132,9.7581,19.2254
2026-07-20T17:37:44.480,14.7132,9.993,19.9694
2026-07-20T17:37:44.480,14.7132,10.1105,20.3023
2026-07-20T17:37:44.496,14.7429,10.0518,20.4785
2026-07-20T17:37:44.512,14.7429,9.9343,20.6548
2026-07-20T17:37:44.516,14.7766,9.7972,20.9093
2026-07-20T17:37:44.543,14.7805,9.7189,21.0268
2026-07-20T17:37:44.543,14.7805,9.5231,21.1834
2026-07-20T17:37:44.545,14.7805,9.5818,21.4184
2026-07-20T17:37:44.572,14.8039,9.6406,21.7317
2026-07-20T17:37:44.577,14.8039,9.856,21.7709
2026-07-20T17:37:44.582,14.8039,9.9539,22.045
2026-07-20T17:37:44.590,14.8429,10.0322,22.2016
2026-07-20T17:37:44.598,14.8429,10.1301,22.5933
2026-07-20T17:37:44.606,14.8515,10.463,23.0045
2026-07-20T17:37:44.622,14.8515,10.4238,23.5331
2026-07-20T17:37:44.622,14.8675,10.5805,23.9443
2026-07-20T17:37:44.638,14.8675,10.5609,24.3555
2026-07-20T17:37:44.654,14.8835,10.5413,24.5905
2026-07-20T17:37:44.654,14.9154,10.3259,24.845
2026-07-20T17:37:44.670,14.9154,10.2672,25.0604
2026-07-20T17:37:44.686,14.9154,10.1497,25.2954
2026-07-20T17:37:44.686,14.9154,9.993,25.1583
2026-07-20T17:37:44.718,14.9475,9.9343,25.2171
2026-07-20T17:37:44.718,14.9475,9.856,25.1388
2026-07-20T17:37:44.718,14.9475,9.9735,25.2562
2026-07-20T17:37:44.718,14.9634,9.9147,25.3737
2026-07-20T17:37:44.750,14.9791,9.9147,25.6283
2026-07-20T17:37:44.750,14.9791,9.9735,26.0199
2026-07-20T17:37:44.766,14.9951,9.9147,26.3332
2026-07-20T17:37:44.782,15.0108,9.8168,26.4507
2026-07-20T17:37:44.782,15.0268,9.8168,26.3332
2026-07-20T17:37:44.782,15.0268,9.6406,26.3919
2026-07-20T17:37:44.798,15.0428,9.8756,26.4703
2026-07-20T17:37:44.813,15.0591,9.8951,26.5094
2026-07-20T17:37:44.813,15.0591,10.0518,26.4898
2026-07-20T17:37:44.829,15.0591,9.7972,26.7835
2026-07-20T17:37:44.845,15.0903,9.8364,26.6856
2026-07-20T17:37:44.845,15.0903,9.6993,26.8031
2026-07-20T17:37:44.862,15.0903,9.621,26.9794
2026-07-20T17:37:44.862,15.1222,9.7777,27.3122
2026-07-20T17:37:44.877,15.1222,10.0126,27.508
2026-07-20T17:37:44.877,15.1222,10.1105,27.4493
2026-07-20T17:37:44.893,15.1222,9.9735,27.2926
2026-07-20T17:37:44.909,15.1614,9.8364,27.0773
2026-07-20T17:37:44.925,15.1614,9.7777,27.0577
2026-07-20T17:37:44.925,15.1614,9.8168,27.136
2026-07-20T17:37:44.945,15.1858,9.9539,27.1164
2026-07-20T17:37:44.960,15.1858,9.9147,27.0773
2026-07-20T17:37:44.963,15.1858,10.1888,27.0577
2026-07-20T17:37:44.972,15.2015,9.856,27.1164
2026-07-20T17:37:44.988,15.2191,9.8168,27.3122
2026-07-20T17:37:44.988,15.2191,9.8756,27.4297
2026-07-20T17:37:45.004,15.233,9.9539,27.5864
2026-07-20T17:37:45.004,15.2505,9.856,27.6059
2026-07-20T17:37:45.022,15.2505,9.8364,27.6647
2026-07-20T17:37:45.036,15.2646,9.8364,27.8213
2026-07-20T17:37:45.053,15.2806,9.8168,27.8017
2026-07-20T17:37:45.053,15.2967,9.7777,27.7822
2026-07-20T17:37:45.053,15.2967,9.7385,27.5668
2026-07-20T17:37:45.067,15.2967,9.6797,27.3905
2026-07-20T17:37:45.083,15.3124,9.6014,27.1947
2026-07-20T17:37:45.083,15.3281,9.621,27.0773
2026-07-20T17:37:45.099,15.3281,9.5231,26.901
2026-07-20T17:37:45.115,15.3589,9.4644,26.8227
2026-07-20T17:37:45.115,15.3589,9.4252,26.8423
2026-07-20T17:37:45.131,15.3589,9.1902,26.7052
2026-07-20T17:37:45.131,15.3749,9.1315,26.5877
2026-07-20T17:37:45.146,15.3906,9.1315,26.529
2026-07-20T17:37:45.162,15.4065,9.1511,26.6856
2026-07-20T17:37:45.162,15.4065,9.1119,26.764
2026-07-20T17:37:45.177,15.4225,9.1902,26.8227
2026-07-20T17:37:45.177,15.4269,9.1902,26.5682
2026-07-20T17:37:45.209,15.4546,9.2294,26.2549
2026-07-20T17:37:45.209,15.4552,9.0336,26.0003
2026-07-20T17:37:45.228,15.4552,8.9944,25.9612
2026-07-20T17:37:45.233,15.4552,9.0336,26.0003
2026-07-20T17:37:45.251,15.486,8.9748,26.0395
2026-07-20T17:37:45.251,15.486,8.8965,25.8828
2026-07-20T17:37:45.258,15.486,8.8378,25.4325
2026-07-20T17:37:45.273,15.5174,8.8574,25.1192
2026-07-20T17:37:45.273,15.5174,8.9748,25.4325
2026-07-20T17:37:45.289,15.5174,9.1902,25.7653
2026-07-20T17:37:45.304,15.5492,9.1902,25.9612
2026-07-20T17:37:45.304,15.5492,9.1902,25.8241
2026-07-20T17:37:45.320,15.5492,9.4056,25.8045
2026-07-20T17:37:45.347,15.5812,9.5818,25.7458
2026-07-20T17:37:45.347,15.5812,9.8168,25.7262
2026-07-20T17:37:45.352,15.5812,9.7972,25.5891
2026-07-20T17:37:45.368,15.6129,9.8364,25.5891
2026-07-20T17:37:45.368,15.6129,9.7189,25.687
2026-07-20T17:37:45.384,15.6129,9.6602,25.7653
2026-07-20T17:37:45.384,15.6129,9.6014,25.7653
2026-07-20T17:37:45.400,15.6439,9.4644,25.6479
2026-07-20T17:37:45.416,15.6439,9.3469,25.687
2026-07-20T17:37:45.416,15.6599,9.4056,25.7262
2026-07-20T17:37:45.431,15.6758,9.6014,25.7653
2026-07-20T17:37:45.446,15.6915,9.7777,25.9612
2026-07-20T17:37:45.446,15.6915,9.8951,26.0591
2026-07-20T17:37:45.462,15.6915,9.993,26.0591
2026-07-20T17:37:45.462,15.7235,10.0322,26.0395
2026-07-20T17:37:45.478,15.7235,10.0126,26.0982
2026-07-20T17:37:45.494,15.7235,10.1105,26.1178
2026-07-20T17:37:45.494,15.7235,10.0909,26.1374
2026-07-20T17:37:45.510,15.7555,10.0322,26.0395
2026-07-20T17:37:45.510,15.7555,9.9343,26.0199
2026-07-20T17:37:45.526,15.7716,9.9343,26.0982
2026-07-20T17:37:45.558,15.7875,9.8168,25.9612
2026-07-20T17:37:45.558,15.7875,9.8364,25.7458
2026-07-20T17:37:45.558,15.8035,9.8364,25.7458
2026-07-20T17:37:45.574,15.8035,9.8364,25.8828
2026-07-20T17:37:45.590,15.8352,9.993,26.0003
2026-07-20T17:37:45.590,15.8352,10.1301,26.1765
2026-07-20T17:37:45.606,15.8352,10.1497,26.0786
2026-07-20T17:37:45.606,15.8513,10.1301,25.9612
2026-07-20T17:37:45.622,15.867,10.1497,25.9416
2026-07-20T17:37:45.622,15.867,10.1497,26.0786
2026-07-20T17:37:45.638,15.867,10.0909,26.0395
2026-07-20T17:37:45.654,15.8988,10.0518,26.0786
2026-07-20T17:37:45.654,15.8988,9.9539,26.1374
2026-07-20T17:37:45.670,15.8988,9.993,26.1765
2026-07-20T17:37:45.685,15.9306,9.9343,26.0199
2026-07-20T17:37:45.701,15.9306,9.856,25.8632
2026-07-20T17:37:45.701,15.9306,9.7972,25.8437
2026-07-20T17:37:45.701,15.9622,9.7189,25.6479
2026-07-20T17:37:45.717,15.978,9.6797,25.6479
2026-07-20T17:37:45.733,15.9795,9.7777,25.8045
2026-07-20T17:37:45.733,15.9795,9.7972,25.8828
2026-07-20T17:37:45.749,16.0098,9.856,25.7653
2026-07-20T17:37:45.765,16.0098,9.7385,25.6087
2026-07-20T17:37:45.765,16.0098,9.7777,25.5108
2026-07-20T17:37:45.782,16.0098,9.6993,25.4129
2026-07-20T17:37:45.796,16.0444,9.6993,25.4912
2026-07-20T17:37:45.796,16.0444,9.7189,25.687
2026-07-20T17:37:45.812,16.0574,9.6406,25.7653
2026-07-20T17:37:45.812,16.0574,9.5623,25.7458
2026-07-20T17:37:45.844,16.0901,9.6993,25.6283
2026-07-20T17:37:45.847,16.0901,9.621,25.5108
2026-07-20T17:37:45.847,16.0901,9.5623,25.4325
2026-07-20T17:37:45.860,16.0901,9.4448,25.2954
2026-07-20T17:37:45.876,16.1206,9.4448,25.3541
2026-07-20T17:37:45.876,16.1206,9.3665,25.4325
2026-07-20T17:37:45.893,16.1206,9.3469,25.5304
2026-07-20T17:37:45.893,16.1206,9.6014,25.55
2026-07-20T17:37:45.907,16.1526,9.4644,25.55
2026-07-20T17:37:45.923,16.1526,9.4252,25.6479
2026-07-20T17:37:45.923,16.1686,9.3469,25.7262
2026-07-20T17:37:45.947,16.1844,9.386,25.7849
2026-07-20T17:37:45.955,16.2005,9.3273,25.8045
2026-07-20T17:37:45.955,16.2005,9.2881,25.5304
2026-07-20T17:37:45.971,16.2005,9.2686,25.5108
2026-07-20T17:37:45.987,16.2324,9.3469,25.6087
2026-07-20T17:37:45.987,16.2324,9.3665,25.687
2026-07-20T17:37:46.003,16.2324,9.3273,25.4521
2026-07-20T17:37:46.019,16.2642,9.2294,25.3737
2026-07-20T17:37:46.019,16.2642,9.2098,25.2367
2026-07-20T17:37:46.035,16.2642,9.2098,25.2562
2026-07-20T17:37:46.035,16.2642,9.1511,25.4129
2026-07-20T17:37:46.052,16.2967,9.1902,25.4716
2026-07-20T17:37:46.052,16.2967,9.1706,25.5891
2026-07-20T17:37:46.067,16.2967,9.1706,25.4521
2026-07-20T17:37:46.098,16.3274,9.1902,25.4129
2026-07-20T17:37:46.098,16.3274,9.3469,25.3346
2026-07-20T17:37:46.099,16.3274,9.4644,25.5108
2026-07-20T17:37:46.114,16.359,9.4644,25.5304
2026-07-20T17:37:46.114,16.359,9.2881,25.5695
2026-07-20T17:37:46.130,16.359,9.1902,25.4325
2026-07-20T17:37:46.146,16.3909,8.9161,25.3933
2026-07-20T17:37:46.162,16.3909,8.779,25.5304
2026-07-20T17:37:46.162,16.3909,8.8965,25.6283
2026-07-20T17:37:46.162,16.4067,9.0336,25.6479
2026-07-20T17:37:46.178,16.4387,9.0532,25.6087
2026-07-20T17:37:46.194,16.4387,9.1511,25.6087
2026-07-20T17:37:46.194,16.4446,9.1706,25.7066
2026-07-20T17:37:46.209,16.4446,9.1315,25.5695
2026-07-20T17:37:46.225,16.4703,9.1902,25.5108
2026-07-20T17:37:46.225,16.4703,9.1706,25.3346
2026-07-20T17:37:46.241,16.4703,9.0923,25.3933
2026-07-20T17:37:46.247,16.4863,8.9944,25.3933
2026-07-20T17:37:46.257,16.502,9.0532,25.3541
2026-07-20T17:37:46.273,16.5208,8.9944,25.2171
2026-07-20T17:37:46.289,16.525,8.9944,25.08
2026-07-20T17:37:46.289,16.525,9.0727,25.0996
2026-07-20T17:37:46.305,16.5496,9.1902,25.1583
2026-07-20T17:37:46.305,16.5496,9.0532,25.2954
2026-07-20T17:37:46.328,16.5496,9.1119,25.2758
2026-07-20T17:37:46.328,16.5496,9.1706,25.5108
2026-07-20T17:37:46.336,16.5816,9.2098,25.4912
2026-07-20T17:37:46.352,16.5816,9.2881,25.4521
2026-07-20T17:37:46.352,16.5816,9.3273,25.315
2026-07-20T17:37:46.370,16.6141,9.3077,25.1779
2026-07-20T17:37:46.384,16.6141,9.1706,25.2171
2026-07-20T17:37:46.384,16.6315,9.0923,25.315
2026-07-20T17:37:46.400,16.6315,9.014,25.5695
2026-07-20T17:37:46.417,16.661,9.0336,25.5695
2026-07-20T17:37:46.417,16.661,9.0532,25.4325
2026-07-20T17:37:46.434,16.661,9.0532,25.315
2026-07-20T17:37:46.447,16.6928,9.1315,25.3346
2026-07-20T17:37:46.447,16.6928,9.014,25.315
2026-07-20T17:37:46.464,16.6928,8.9161,25.3541
2026-07-20T17:37:46.464,16.6928,8.8574,25.5108
2026-07-20T17:37:46.480,16.7242,8.8965,25.6674
2026-07-20T17:37:46.480,16.7242,9.0727,25.7262
2026-07-20T17:37:46.495,16.7402,9.0923,25.7653
2026-07-20T17:37:46.511,16.7673,9.1315,25.5891
2026-07-20T17:37:46.511,16.7673,9.1315,25.4521
2026-07-20T17:37:46.527,16.7717,9.0532,25.4129
2026-07-20T17:37:46.543,16.7732,8.9944,25.4912
2026-07-20T17:37:46.558,16.7876,8.9357,25.6674
2026-07-20T17:37:46.568,16.8033,8.9748,25.8045
2026-07-20T17:37:46.576,16.8033,9.0532,25.7066
2026-07-20T17:37:46.590,16.819,9.1511,25.7066
2026-07-20T17:37:46.590,16.835,9.1706,25.7066
2026-07-20T17:37:46.590,16.835,9.1119,25.7849
2026-07-20T17:37:46.606,16.835,9.1315,25.7262
2026-07-20T17:37:46.622,16.8669,9.0923,25.8241
2026-07-20T17:37:46.622,16.8669,9.014,25.8241
2026-07-20T17:37:46.638,16.8669,9.1119,25.7849
2026-07-20T17:37:46.653,16.8986,8.9748,25.55
2026-07-20T17:37:46.653,16.8986,8.7986,25.4521
2026-07-20T17:37:46.669,16.8986,8.7399,25.3346
2026-07-20T17:37:46.685,16.9307,8.779,25.4521
2026-07-20T17:37:46.685,16.9307,8.7986,25.3933
2026-07-20T17:37:46.701,16.9307,8.779,25.6674
2026-07-20T17:37:46.701,16.9624,8.779,25.5304
2026-07-20T17:37:46.717,16.9624,8.9161,25.5891
2026-07-20T17:37:46.733,16.9624,8.9553,25.55
2026-07-20T17:37:46.733,16.9785,8.9161,25.5695
2026-07-20T17:37:46.749,16.9961,8.9161,25.5891
2026-07-20T17:37:46.749,16.9961,8.9357,25.6674
2026-07-20T17:37:46.765,17.0123,8.9357,25.6479
2026-07-20T17:37:46.781,17.0264,8.9748,25.6087
2026-07-20T17:37:46.799,17.0264,9.014,25.7066
2026-07-20T17:37:46.799,17.0264,9.1511,25.5695
2026-07-20T17:37:46.815,17.0264,8.9944,25.6087
2026-07-20T17:37:46.815,17.0584,8.9357,25.5108
2026-07-20T17:37:46.829,17.0584,8.779,25.5695
2026-07-20T17:37:46.845,17.0741,8.7986,25.55
2026-07-20T17:37:46.852,17.09,8.7203,25.7458
2026-07-20T17:37:46.877,17.09,8.8378,25.687
2026-07-20T17:37:46.877,17.09,8.8378,25.6674
2026-07-20T17:37:46.893,17.1228,8.7986,25.7066
2026-07-20T17:37:46.893,17.1228,8.779,25.7066
2026-07-20T17:37:46.893,17.1228,8.779,25.6087
2026-07-20T17:37:46.908,17.1533,8.779,25.3933
2026-07-20T17:37:46.925,17.1533,8.8769,25.2954
2026-07-20T17:37:46.925,17.1533,8.8378,25.2562
2026-07-20T17:37:46.956,17.1851,8.7986,25.3737
2026-07-20T17:37:46.956,17.1851,8.8574,25.5695
2026-07-20T17:37:46.956,17.1851,8.8378,25.6479
2026-07-20T17:37:46.972,17.2009,8.8574,25.7262
2026-07-20T17:37:46.988,17.2167,8.8378,25.7458
2026-07-20T17:37:46.988,17.2167,8.9748,25.8045
2026-07-20T17:37:47.003,17.2167,8.8574,25.7262
2026-07-20T17:37:47.003,17.2485,8.8574,25.5695
2026-07-20T17:37:47.019,17.2485,8.8182,25.4521
2026-07-20T17:37:47.035,17.2485,8.9161,25.3346
2026-07-20T17:37:47.035,17.2828,8.8378,25.3541
2026-07-20T17:37:47.051,17.2828,8.8378,25.2171
2026-07-20T17:37:47.051,17.2828,8.8574,25.2367
2026-07-20T17:37:47.068,17.3135,8.7986,25.2758
2026-07-20T17:37:47.085,17.3135,8.6224,25.2954
2026-07-20T17:37:47.085,17.3135,8.5441,25.315
2026-07-20T17:37:47.099,17.3454,8.4853,25.3933
2026-07-20T17:37:47.116,17.3454,8.5441,25.6087
2026-07-20T17:37:47.131,17.3599,8.5832,25.7849
2026-07-20T17:37:47.131,17.3599,8.642,25.7262
2026-07-20T17:37:47.148,17.3916,8.7595,25.5695
2026-07-20T17:37:47.148,17.3916,8.7986,25.4325
2026-07-20T17:37:47.162,17.3916,8.7986,25.315
2026-07-20T17:37:47.179,17.4232,8.9161,25.3737
2026-07-20T17:37:47.179,17.4232,9.0532,25.3737
2026-07-20T17:37:47.194,17.4232,9.0727,25.4716
2026-07-20T17:37:47.194,17.4232,8.9748,25.3737
2026-07-20T17:37:47.210,17.455,8.8769,25.2954
2026-07-20T17:37:47.226,17.455,8.8769,25.1583
2026-07-20T17:37:47.226,17.455,8.779,25.1779
2026-07-20T17:37:47.241,17.4864,8.6811,25.2367
2026-07-20T17:37:47.258,17.4864,8.7986,25.315
2026-07-20T17:37:47.258,17.4864,8.7986,25.3737
2026-07-20T17:37:47.273,17.4864,8.8574,25.2758
2026-07-20T17:37:47.273,17.5182,8.7595,25.2171
2026-07-20T17:37:47.289,17.5339,8.7399,25.3541
2026-07-20T17:37:47.305,17.5339,8.6224,25.2954
2026-07-20T17:37:47.305,17.5496,8.6224,25.2171
2026-07-20T17:37:47.321,17.5655,8.6615,25.0213
2026-07-20T17:37:47.336,17.5655,8.6615,24.8842
2026-07-20T17:37:47.352,17.5982,8.6224,25.0213
2026-07-20T17:37:47.352,17.5982,8.6224,24.9625
2026-07-20T17:37:47.352,17.5982,8.6028,25.0017
2026-07-20T17:37:47.368,17.613,8.5636,25.0213
2026-07-20T17:37:47.384,17.629,8.6615,24.9821
2026-07-20T17:37:47.401,17.629,8.5636,25.0017
2026-07-20T17:37:47.401,17.6455,8.5049,24.845
2026-07-20T17:37:47.416,17.6455,8.407,24.845
2026-07-20T17:37:47.432,17.6769,8.5245,24.7863
2026-07-20T17:37:47.432,17.6769,8.5245,24.8059
2026-07-20T17:37:47.432,17.6769,8.6028,24.708
2026-07-20T17:37:47.448,17.7088,8.6224,24.6297
2026-07-20T17:37:47.464,17.7088,8.7007,24.6297
2026-07-20T17:37:47.464,17.7088,8.6615,24.7667
2026-07-20T17:37:47.479,17.7088,8.5832,24.6884
2026-07-20T17:37:47.496,17.7456,8.5441,24.7276
2026-07-20T17:37:47.496,17.7456,8.5245,24.6297
2026-07-20T17:37:47.511,17.7456,8.5441,24.7471
2026-07-20T17:37:47.529,17.778,8.5245,24.7471
2026-07-20T17:37:47.529,17.7786,8.4853,24.845
2026-07-20T17:37:47.544,17.7786,8.5245,24.8255
2026-07-20T17:37:47.548,17.7878,8.4853,24.9234
2026-07-20T17:37:47.575,17.8035,8.4266,25.0017
2026-07-20T17:37:47.575,17.8035,8.5245,24.9234
2026-07-20T17:37:47.581,17.8195,8.5636,24.7471
2026-07-20T17:37:47.590,17.8458,8.5049,24.5905
2026-07-20T17:37:47.606,17.8458,8.4266,24.4339
2026-07-20T17:37:47.606,17.8458,8.5049,24.3555
2026-07-20T17:37:47.622,17.8547,8.5636,24.3947
2026-07-20T17:37:47.638,17.8828,8.5636,24.5513
2026-07-20T17:37:47.638,17.8828,8.7399,24.6492
2026-07-20T17:37:47.657,17.8828,8.7007,24.5709
2026-07-20T17:37:47.670,17.9142,8.7203,24.473
2026-07-20T17:37:47.670,17.9142,8.642,24.3751
2026-07-20T17:37:47.685,17.9142,8.6028,24.2968
2026-07-20T17:37:47.685,17.9142,8.5636,24.3164
2026-07-20T17:37:47.701,17.9458,8.5049,24.1989
2026-07-20T17:37:47.717,17.9458,8.3678,24.2185
2026-07-20T17:37:47.717,17.9458,8.3483,24.1597
2026-07-20T17:37:47.733,17.9774,8.3287,24.1597
2026-07-20T17:37:47.748,17.9774,8.2699,24.1597
2026-07-20T17:37:47.748,17.9774,8.2699,24.2968
2026-07-20T17:37:47.764,17.9931,8.2895,24.1597
2026-07-20T17:37:47.780,18.0088,8.3287,24.0814
2026-07-20T17:37:47.780,18.0088,8.3874,24.0814
2026-07-20T17:37:47.796,18.0245,8.4266,24.0227
2026-07-20T17:37:47.796,18.0459,8.4462,24.0422
2026-07-20T17:37:47.811,18.0459,8.3483,23.9639
2026-07-20T17:37:47.827,18.0565,8.3483,23.7877
2026-07-20T17:37:47.827,18.0722,8.3483,23.5919
2026-07-20T17:37:47.849,18.0881,8.3287,23.494
2026-07-20T17:37:47.849,18.0881,8.3483,23.2198
2026-07-20T17:37:47.859,18.1195,8.3287,23.1807
2026-07-20T17:37:47.875,18.1195,8.3874,23.1807
2026-07-20T17:37:47.875,18.1195,8.3678,23.3177
2026-07-20T17:37:47.891,18.1195,8.407,23.4352
2026-07-20T17:37:47.906,18.1523,8.4657,23.7681
2026-07-20T17:37:47.906,18.1523,8.5832,23.494
2026-07-20T17:37:47.922,18.1523,8.5049,23.3177
2026-07-20T17:37:47.938,18.1673,8.5245,23.259
2026-07-20T17:37:47.955,18.1831,8.4853,23.0828
2026-07-20T17:37:47.955,18.1992,8.407,22.9653
2026-07-20T17:37:47.955,18.1992,8.5049,22.887
2026-07-20T17:37:47.970,18.1992,8.5245,22.8086
2026-07-20T17:37:47.986,18.2309,8.5636,22.7303
2026-07-20T17:37:47.986,18.2309,8.5245,22.6912
2026-07-20T17:37:48.002,18.2309,8.6615,22.6912
2026-07-20T17:37:48.018,18.262,8.5832,22.7891
2026-07-20T17:37:48.018,18.262,8.6028,22.6912
2026-07-20T17:37:48.033,18.262,8.5636,22.652
2026-07-20T17:37:48.049,18.2952,8.6615,22.2604
2026-07-20T17:37:48.049,18.2952,8.5441,22.0842
2026-07-20T17:37:48.065,18.2952,8.6028,21.9863
2026-07-20T17:37:48.065,18.2952,8.6811,21.9471
2026-07-20T17:37:48.080,18.3254,8.6615,21.9079
2026-07-20T17:37:48.080,18.3254,8.5441,21.8688
2026-07-20T17:37:48.098,18.3254,8.4266,21.7904
2026-07-20T17:37:48.112,18.3572,8.407,21.8884
2026-07-20T17:37:48.128,18.3572,8.407,22.0058
2026-07-20T17:37:48.128,18.3572,8.4462,22.0842
2026-07-20T17:37:48.149,18.3888,8.4462,22.1233
2026-07-20T17:37:48.160,18.3888,8.5049,22.1233
2026-07-20T17:37:48.160,18.4049,8.5049,22.0842
2026-07-20T17:37:48.176,18.421,8.4266,22.0646
2026-07-20T17:37:48.176,18.421,8.4266,22.0254
2026-07-20T17:37:48.191,18.4366,8.3287,21.81
2026-07-20T17:37:48.191,18.4366,8.3678,21.7513
2026-07-20T17:37:48.207,18.4525,8.3483,21.7904
2026-07-20T17:37:48.224,18.4525,8.4462,21.9667
2026-07-20T17:37:48.224,18.4684,8.3874,22.0058
2026-07-20T17:37:48.249,18.4915,8.4266,22.0842
2026-07-20T17:37:48.255,18.4915,8.407,22.0646
2026-07-20T17:37:48.255,18.4915,8.5049,22.1233
2026-07-20T17:37:48.271,18.516,8.5245,22.0254
2026-07-20T17:37:48.294,18.516,8.642,21.9471
2026-07-20T17:37:48.294,18.5317,8.4853,21.8884
2026-07-20T17:37:48.303,18.5317,8.4462,21.9275
2026-07-20T17:37:48.319,18.5635,8.6028,22.1429
2026-07-20T17:37:48.319,18.5635,8.7399,22.1821
2026-07-20T17:37:48.334,18.5635,8.6615,22.2212
2026-07-20T17:37:48.334,18.5955,8.6028,22.2016
2026-07-20T17:37:48.350,18.5955,8.5832,22.1233
2026-07-20T17:37:48.350,18.5955,8.6224,22.1821
2026-07-20T17:37:48.366,18.5955,8.6224,22.417
2026-07-20T17:37:48.398,18.6276,8.7007,22.4562
2026-07-20T17:37:48.398,18.6276,8.7399,22.3583
2026-07-20T17:37:48.398,18.6276,8.6811,22.3779
2026-07-20T17:37:48.414,18.6595,8.779,22.4562
2026-07-20T17:37:48.430,18.6595,8.7203,22.4758
2026-07-20T17:37:48.430,18.6754,8.6811,22.3583
2026-07-20T17:37:48.446,18.6754,8.8378,22.3975
2026-07-20T17:37:48.462,18.7072,8.7595,22.4758
2026-07-20T17:37:48.462,18.7072,8.779,22.5737
2026-07-20T17:37:48.478,18.7072,8.7595,22.6912
2026-07-20T17:37:48.478,18.7072,8.8182,22.7303
2026-07-20T17:37:48.494,18.7388,9.0336,22.7303
2026-07-20T17:37:48.494,18.7388,9.014,22.6912
2026-07-20T17:37:48.510,18.7461,8.9553,22.5933
2026-07-20T17:37:48.525,18.7705,8.8574,22.6324
2026-07-20T17:37:48.541,18.7705,8.779,22.8282
2026-07-20T17:37:48.541,18.7705,8.8574,23.0828
2026-07-20T17:37:48.558,18.7862,8.9748,23.0045
2026-07-20T17:37:48.573,18.8019,8.9944,22.8674
2026-07-20T17:37:48.573,18.8019,9.0336,22.7891
2026-07-20T17:37:48.573,18.8176,8.9748,22.9261
2026-07-20T17:37:48.589,18.8333,8.9553,23.1219
2026-07-20T17:37:48.605,18.8464,8.9748,23.1024
2026-07-20T17:37:48.605,18.8495,8.779,23.1024
2026-07-20T17:37:48.620,18.8652,8.7203,23.2394
2026-07-20T17:37:48.636,18.8652,8.6028,23.4157
2026-07-20T17:37:48.636,18.8652,8.5049,23.4352
2026-07-20T17:37:48.652,18.8809,8.4657,23.3569
2026-07-20T17:37:48.652,18.8966,8.2895,23.2982
2026-07-20T17:37:48.668,18.8966,8.3287,23.3373
2026-07-20T17:37:48.683,18.9123,8.3091,23.1611
2026-07-20T17:37:48.683,18.928,8.3678,23.0632
2026-07-20T17:37:48.699,18.9438,8.3874,23.1807
2026-07-20T17:37:48.699,18.9464,8.1916,23.2982
2026-07-20T17:37:48.715,18.9751,8.1524,23.3177
2026-07-20T17:37:48.731,18.9751,8.0741,23.2786
2026-07-20T17:37:48.749,18.9751,8.1133,23.3177
2026-07-20T17:37:48.749,18.9751,8.2112,23.4157
2026-07-20T17:37:48.778,19.0081,8.3091,23.4744
2026-07-20T17:37:48.778,19.0081,8.2895,23.5527
2026-07-20T17:37:48.778,19.0081,8.3287,23.6115
2026-07-20T17:37:48.811,19.0465,8.3874,23.7094
2026-07-20T17:37:48.811,19.0465,8.4853,23.631
2026-07-20T17:37:48.811,19.0504,8.5636,23.6506
2026-07-20T17:37:48.825,19.0545,8.6615,23.7289
2026-07-20T17:37:48.825,19.0707,8.7007,23.7289
2026-07-20T17:37:48.841,19.0864,8.642,23.7289
2026-07-20T17:37:48.857,19.0864,8.5441,23.7681
2026-07-20T17:37:48.859,19.1178,8.3678,23.7877
2026-07-20T17:37:48.873,19.1178,8.3287,23.8464
2026-07-20T17:37:48.889,19.1178,8.3287,23.8464
2026-07-20T17:37:48.889,19.1178,8.3483,23.866
2026-07-20T17:37:48.905,19.1497,8.2699,23.7485
2026-07-20T17:37:48.920,19.1497,8.2699,23.631
2026-07-20T17:37:48.920,19.1579,8.2699,23.5723
2026-07-20T17:37:48.920,19.1579,8.3678,23.5527
2026-07-20T17:37:48.952,19.1827,8.3874,23.6115
2026-07-20T17:37:48.952,19.1827,8.3287,23.6506
2026-07-20T17:37:48.960,19.1972,8.2308,23.6702
2026-07-20T17:37:48.984,19.2129,8.2699,23.6702
2026-07-20T17:37:48.985,19.2129,8.1524,23.5136
2026-07-20T17:37:48.985,19.2443,8.1329,23.3177
2026-07-20T17:37:49.000,19.2443,8.2699,23.0045
2026-07-20T17:37:49.016,19.2469,8.172,22.8478
2026-07-20T17:37:49.016,19.2469,8.2699,22.7303
2026-07-20T17:37:49.031,19.2761,8.3678,22.7107
2026-07-20T17:37:49.047,19.2761,8.407,22.7499
2026-07-20T17:37:49.049,19.2761,8.3287,22.7891
2026-07-20T17:37:49.063,19.3086,8.3287,22.417
2026-07-20T17:37:49.063,19.3086,8.1524,21.9079
2026-07-20T17:37:49.079,19.3086,8.1329,21.3793
2026-07-20T17:37:49.111,19.3397,7.9958,20.7527
2026-07-20T17:37:49.111,19.3467,7.8196,19.8324
2026-07-20T17:37:49.111,19.3467,7.5259,18.8533
2026-07-20T17:37:49.129,19.3728,7.2126,17.796
2026-07-20T17:37:49.142,19.3728,6.9384,16.4449
2026-07-20T17:37:49.142,19.3728,6.5077,14.9372
2026-07-20T17:37:49.158,19.4037,6.0377,13.2924
2026-07-20T17:37:49.158,19.4037,5.509,11.7259
2026-07-20T17:37:49.175,19.4197,4.902,10.0616
2026-07-20T17:37:49.175,19.4197,4.1971,8.6909
2026-07-20T17:37:49.190,19.4468,3.5706,7.5357
2026-07-20T17:37:49.206,19.4514,2.6894,6.3412
2026-07-20T17:37:49.206,19.4514,1.8474,5.0489
2026-07-20T17:37:49.222,19.4514,1.3188,3.6587
2026-07-20T17:37:49.249,19.4827,0.7901,2.1314
2026-07-20T17:37:49.249,19.4827,0.4572,0.8782
2026-07-20T17:37:49.254,19.4827,0.1831,-0.1987
2026-07-20T17:37:49.254,19.4985,0.0069,-0.9037
2026-07-20T17:37:49.270,19.5304,-0.1302,-1.1778
2026-07-20T17:37:49.285,19.5304,-0.2085,-1.2365
2026-07-20T17:37:49.301,19.5471,-0.4043,-1.2757
2026-07-20T17:37:49.301,19.5471,-0.5218,-1.1778
2026-07-20T17:37:49.317,19.5784,-0.5414,-1.0211
2026-07-20T17:37:49.317,19.5784,-0.3456,-0.8449
2026-07-20T17:37:49.333,19.5941,-0.1694,-0.9232
2026-07-20T17:37:49.350,19.5941,0.2027,-0.8057
2026-07-20T17:37:49.350,19.6117,0.6139,-0.6883
2026-07-20T17:37:49.365,19.6473,0.9467,-0.5904
2026-07-20T17:37:49.365,19.6473,1.0055,-0.4337
2026-07-20T17:37:49.397,19.6579,0.7901,-0.3946
2026-07-20T17:37:49.414,19.6579,0.3985,-0.375
2026-07-20T17:37:49.414,19.6739,0.2418,-0.4533
2026-07-20T17:37:49.414,19.6739,0.046,-0.512
2026-07-20T17:37:49.429,19.6897,0.046,-0.512
2026-07-20T17:37:49.429,19.6897,0.0069,-0.5512
2026-07-20T17:37:49.450,19.7057,0.046,-0.5316
2026-07-20T17:37:49.476,19.7215,0.1831,-0.2379
2026-07-20T17:37:49.476,19.7215,0.2614,-0.14
2026-07-20T17:37:49.476,19.7215,0.2418,-0.1204
2026-07-20T17:37:49.492,19.7476,0.2027,-0.14
2026-07-20T17:37:49.492,19.7531,0.2418,-0.0421
2026-07-20T17:37:49.508,19.7531,0.2222,-0.0617
2026-07-20T17:37:49.508,19.7531,0.1635,-0.0617
2026-07-20T17:37:49.524,19.7531,0.1831,-0.0617
2026-07-20T17:37:49.540,19.7854,0.2222,-0.0225
2026-07-20T17:37:49.540,19.7854,0.2027,-0.0225
2026-07-20T17:37:49.556,19.7854,0.2614,-0.0421
2026-07-20T17:37:49.556,19.7854,0.3006,-0.0617
2026-07-20T17:37:49.580,19.8168,0.3397,-0.0421
2026-07-20T17:37:49.588,19.8168,0.3006,-0.0225
2026-07-20T17:37:49.588,19.8168,0.281,0.0166
2026-07-20T17:37:49.619,19.8485,0.3006,-0.0421
2026-07-20T17:37:49.619,19.8485,0.281,-0.0421
2026-07-20T17:37:49.619,19.8485,0.3201,-0.0421
2026-07-20T17:37:49.635,19.8643,0.3593,-0.0617
2026-07-20T17:37:49.650,19.8643,0.3006,-0.0029
2026-07-20T17:37:49.651,19.8801,0.3006,-0.0225
2026-07-20T17:37:49.667,19.8959,0.3593,0.0362
2026-07-20T17:37:49.667,19.8959,0.3006,-0.0029
2026-07-20T17:37:49.683,19.9116,0.3397,-0.0813
2026-07-20T17:37:49.696,19.9273,0.3201,-0.0421
2026-07-20T17:37:49.698,19.9273,0.3397,-0.0029
2026-07-20T17:37:49.730,19.9593,0.3985,0.0166
2026-07-20T17:37:49.730,19.9593,0.3397,0.0362
2026-07-20T17:37:49.730,19.9593,0.3985,0.0362
2026-07-20T17:37:49.746,19.976,0.3006,0.0166
2026-07-20T17:37:49.762,19.9908,0.418,-0.0617
2026-07-20T17:37:49.762,19.9908,0.3006,0.0362
2026-07-20T17:37:49.778,20.0068,0.3593,0.0166
2026-07-20T17:37:49.779,20.0068,0.3593,0.0558
2026-07-20T17:37:49.793,20.0068,0.3593,-0.0029
2026-07-20T17:37:49.793,20.0396,0.3201,-0.0421
2026-07-20T17:37:49.809,20.0476,0.3985,0.0362
2026-07-20T17:37:49.825,20.0699,0.3397,0.0166
2026-07-20T17:37:49.842,20.0699,0.3593,0.0362
2026-07-20T17:37:49.842,20.0699,0.3593,0.0558
2026-07-20T17:37:49.850,20.1014,0.3789,0.0558
2026-07-20T17:37:49.873,20.1014,0.418,0.0558
2026-07-20T17:37:49.873,20.1014,0.4572,0.0362
2026-07-20T17:37:49.888,20.1174,0.3789,0.0166
2026-07-20T17:37:49.888,20.1335,0.3006,0.0754
2026-07-20T17:37:49.904,20.1335,0.418,0.0362
2026-07-20T17:37:49.920,20.1493,0.4376,0.0754
2026-07-20T17:37:49.920,20.1493,0.4376,0.0166
2026-07-20T17:37:49.936,20.1493,0.3789,0.0558
2026-07-20T17:37:49.950,20.1812,0.4572,0.0166
2026-07-20T17:37:49.952,20.1812,0.3985,0.0362
2026-07-20T17:37:49.952,20.1812,0.3789,0.1341
2026-07-20T17:37:49.968,20.2136,0.3789,0.095
2026-07-20T17:37:49.984,20.2136,0.4964,0.0558
2026-07-20T17:37:49.984,20.2136,0.3593,0.1537
2026-07-20T17:37:50.016,20.2451,0.4376,0.0362
2026-07-20T17:37:50.016,20.2451,0.3985,0.1929
2026-07-20T17:37:50.032,20.261,0.3985,0.0558
2026-07-20T17:37:50.032,20.261,0.3985,0.095
2026-07-20T17:37:50.032,20.261,0.3593,0.0754
2026-07-20T17:37:50.051,20.2924,0.4964,0.095
2026-07-20T17:37:50.064,20.2924,0.3789,0.095
2026-07-20T17:37:50.079,20.2924,0.3985,0.0362
2026-07-20T17:37:50.079,20.3242,0.4572,0.0754
2026-07-20T17:37:50.095,20.3242,0.418,0.0166
2026-07-20T17:37:50.095,20.3242,0.4376,0.1145
2026-07-20T17:37:50.112,20.3555,0.4376,0.095
2026-07-20T17:37:50.127,20.3555,0.516,0.1145
2026-07-20T17:37:50.127,20.3555,0.516,0.0362
2026-07-20T17:37:50.144,20.3877,0.418,0.1341
2026-07-20T17:37:50.158,20.3877,0.3985,0.1145
2026-07-20T17:37:50.158,20.3877,0.4768,0.1145
2026-07-20T17:37:50.174,20.4194,0.4572,0.095
2026-07-20T17:37:50.190,20.4194,0.4768,0.0754
2026-07-20T17:37:50.190,20.4194,0.5551,0.095
2026-07-20T17:37:50.222,20.4514,0.4376,0.1341
2026-07-20T17:37:50.222,20.4514,0.418,0.1341
2026-07-20T17:37:50.222,20.4514,0.4572,0.1537
2026-07-20T17:37:50.239,20.4668,0.4572,0.095
2026-07-20T17:37:50.251,20.4668,0.4964,0.2125
2026-07-20T17:37:50.254,20.4824,0.5551,0.1145
2026-07-20T17:37:50.254,20.4985,0.418,0.0558
2026-07-20T17:37:50.269,20.4985,0.4768,0.095
2026-07-20T17:37:50.285,20.5144,0.4572,0.095
2026-07-20T17:37:50.285,20.5304,0.4376,0.1733
2026-07-20T17:37:50.301,20.5304,0.4964,0.1733
2026-07-20T17:37:50.301,20.5304,0.516,0.1145
2026-07-20T17:37:50.317,20.5621,0.4572,0.0558
2026-07-20T17:37:50.333,20.5621,0.4768,0.0754
2026-07-20T17:37:50.333,20.5621,0.4572,0.1537
2026-07-20T17:37:50.351,20.5939,0.4572,0.1145
2026-07-20T17:37:50.365,20.5939,0.5747,0.095
2026-07-20T17:37:50.365,20.5939,0.4964,0.1341
2026-07-20T17:37:50.380,20.626,0.4376,0.0754
2026-07-20T17:37:50.397,20.626,0.5551,0.095
2026-07-20T17:37:50.397,20.626,0.5551,0.095
2026-07-20T17:37:50.429,20.6578,0.4572,0.1145
2026-07-20T17:37:50.429,20.6578,0.516,0.1929
2026-07-20T17:37:50.429,20.6578,0.516,0.1929
2026-07-20T17:37:50.445,20.6895,0.5355,0.1145
2026-07-20T17:37:50.451,20.6895,0.5355,0.095
2026-07-20T17:37:50.460,20.6895,0.4768,0.1145
2026-07-20T17:37:50.476,20.7052,0.4376,0.1145
2026-07-20T17:37:50.476,20.7052,0.4964,0.095
2026-07-20T17:37:50.492,20.721,0.4768,0.1145
2026-07-20T17:37:50.508,20.7379,0.5551,0.095
2026-07-20T17:37:50.508,20.7481,0.516,0.1733
2026-07-20T17:37:50.524,20.7746,0.516,0.095
2026-07-20T17:37:50.524,20.7763,0.4768,0.095
2026-07-20T17:37:50.541,20.7774,0.4964,0.1733
2026-07-20T17:37:50.555,20.8001,0.516,0.1341
2026-07-20T17:37:50.571,20.8001,0.5355,0.1537
2026-07-20T17:37:50.577,20.8001,0.5551,0.1733
2026-07-20T17:37:50.587,20.8319,0.4964,0.1537
2026-07-20T17:37:50.603,20.8319,0.5551,0.1537
2026-07-20T17:37:50.603,20.8319,0.4964,0.1537
2026-07-20T17:37:50.619,20.8634,0.4964,0.1341
2026-07-20T17:37:50.634,20.8634,0.516,0.1145
2026-07-20T17:37:50.634,20.8634,0.5943,0.1341
2026-07-20T17:37:50.651,20.8954,0.5355,0.1341
2026-07-20T17:37:50.666,20.8954,0.5355,0.1537
2026-07-20T17:37:50.666,20.8954,0.516,0.1733
2026-07-20T17:37:50.666,20.8954,0.4964,0.095
2026-07-20T17:37:50.698,20.9271,0.5355,0.1341
2026-07-20T17:37:50.698,20.9271,0.6334,0.2125
2026-07-20T17:37:50.714,20.9481,0.4964,0.2125
2026-07-20T17:37:50.714,20.9481,0.4768,0.0558
2026-07-20T17:37:50.730,20.9481,0.5943,0.1537
2026-07-20T17:37:50.730,20.975,0.4768,0.1733
2026-07-20T17:37:50.746,20.975,0.6139,0.1145
2026-07-20T17:37:50.751,20.975,0.5355,0.1929
2026-07-20T17:37:50.778,21.0067,0.5551,0.1537
2026-07-20T17:37:50.778,21.0067,0.516,0.1929
2026-07-20T17:37:50.778,21.0067,0.5747,0.1341
2026-07-20T17:37:50.793,21.0384,0.5943,0.1537
2026-07-20T17:37:50.809,21.0384,0.4768,0.1341
2026-07-20T17:37:50.809,21.0384,0.5551,0.2125
2026-07-20T17:37:50.825,21.0714,0.5551,0.2125
2026-07-20T17:37:50.841,21.0714,0.5355,0.1537
2026-07-20T17:37:50.841,21.0714,0.5355,0.1537
2026-07-20T17:37:50.857,21.1024,0.4964,0.1537
2026-07-20T17:37:50.874,21.1024,0.5747,0.1537
2026-07-20T17:37:50.874,21.1024,0.516,0.1929
2026-07-20T17:37:50.889,21.1341,0.5355,0.1537
2026-07-20T17:37:50.905,21.1341,0.5551,0.1537
2026-07-20T17:37:50.905,21.1341,0.5551,0.2125
2026-07-20T17:37:50.921,21.1659,0.5747,0.1341
2026-07-20T17:37:50.921,21.1659,0.5355,0.1929
2026-07-20T17:37:50.937,21.1659,0.5355,0.2125
2026-07-20T17:37:50.937,21.1816,0.516,0.232
2026-07-20T17:37:50.952,21.1975,0.5551,0.1929
2026-07-20T17:37:50.952,21.1975,0.5551,0.2125
2026-07-20T17:37:50.968,21.2135,0.5747,0.1537
2026-07-20T17:37:50.984,21.2135,0.5355,0.2125
2026-07-20T17:37:50.984,21.2135,0.5747,0.1733
2026-07-20T17:37:51.000,21.2485,0.5551,0.2516
2026-07-20T17:37:51.016,21.2485,0.5747,0.1733
2026-07-20T17:37:51.016,21.2485,0.6139,0.2516
2026-07-20T17:37:51.032,21.2769,0.5747,0.1733
2026-07-20T17:37:51.051,21.2769,0.5355,0.1145
2026-07-20T17:37:51.051,21.2769,0.5551,0.1537
2026-07-20T17:37:51.063,21.2937,0.5747,0.1733
2026-07-20T17:37:51.063,21.3099,0.516,0.1929
2026-07-20T17:37:51.079,21.3248,0.5551,0.2125
2026-07-20T17:37:51.096,21.3248,0.6139,0.232
2026-07-20T17:37:51.096,21.3248,0.5551,0.1341
2026-07-20T17:37:51.127,21.3563,0.5355,0.2125
2026-07-20T17:37:51.127,21.3563,0.5355,0.2125
2026-07-20T17:37:51.127,21.3563,0.653,0.1537
2026-07-20T17:37:51.159,21.3724,0.5747,0.1537
2026-07-20T17:37:51.159,21.3881,0.516,0.2125
2026-07-20T17:37:51.159,21.4038,0.5747,0.1537
2026-07-20T17:37:51.175,21.4038,0.5943,0.1733
2026-07-20T17:37:51.175,21.4038,0.5355,0.1733
2026-07-20T17:37:51.206,21.4368,0.6139,0.1733
2026-07-20T17:37:51.206,21.4368,0.5943,0.1929
2026-07-20T17:37:51.206,21.4368,0.5551,0.1733
2026-07-20T17:37:51.222,21.4671,0.5747,0.1733
2026-07-20T17:37:51.239,21.4671,0.5943,0.1733
2026-07-20T17:37:51.239,21.4829,0.653,0.1733
2026-07-20T17:37:51.254,21.4829,0.6139,0.1929
2026-07-20T17:37:51.270,21.4987,0.5747,0.1929
2026-07-20T17:37:51.286,21.5144,0.5747,0.2516
2026-07-20T17:37:51.286,21.5144,0.5747,0.1733
2026-07-20T17:37:51.286,21.5144,0.516,0.2125
2026-07-20T17:37:51.301,21.5485,0.5747,0.2125
2026-07-20T17:37:51.317,21.5485,0.5747,0.1537
2026-07-20T17:37:51.317,21.5485,0.5747,0.232
2026-07-20T17:37:51.349,21.5623,0.653,0.1929
2026-07-20T17:37:51.349,21.5623,0.5551,0.1929
2026-07-20T17:37:51.351,21.5784,0.5747,0.1537
2026-07-20T17:37:51.365,21.5941,0.5943,0.2125
2026-07-20T17:37:51.365,21.5941,0.5747,0.2712
2026-07-20T17:37:51.397,21.6261,0.5355,0.232
2026-07-20T17:37:51.397,21.6261,0.6334,0.1929
2026-07-20T17:37:51.397,21.6261,0.6139,0.232
2026-07-20T17:37:51.413,21.6487,0.5747,0.232
2026-07-20T17:37:51.429,21.6582,0.5551,0.1929
2026-07-20T17:37:51.429,21.6739,0.6334,0.1929
2026-07-20T17:37:51.451,21.6739,0.5747,0.2125
2026-07-20T17:37:51.451,21.6739,0.5747,0.2125
2026-07-20T17:37:51.461,21.7056,0.6139,0.1733
2026-07-20T17:37:51.477,21.7056,0.6139,0.2125
2026-07-20T17:37:51.477,21.7056,0.6139,0.1929
2026-07-20T17:37:51.508,21.7213,0.9271,0.1929
2026-07-20T17:37:51.508,21.7213,0.5943,0.1929
2026-07-20T17:37:51.524,21.7529,0.5355,0.2712
2026-07-20T17:37:51.524,21.7529,0.6139,0.1929
2026-07-20T17:37:51.524,21.7529,0.6139,0.1929
2026-07-20T17:37:51.551,21.7846,0.6334,0.232
2026-07-20T17:37:51.555,21.7846,0.5943,0.232
2026-07-20T17:37:51.555,21.7846,0.6334,0.1733
2026-07-20T17:37:51.572,21.8007,0.6139,0.232
2026-07-20T17:37:51.587,21.8163,0.6139,0.1733
2026-07-20T17:37:51.603,21.8322,0.6139,0.232
2026-07-20T17:37:51.603,21.8322,0.6334,0.1733
2026-07-20T17:37:51.619,21.8322,0.5943,0.2516
2026-07-20T17:37:51.619,21.8639,0.6139,0.232
2026-07-20T17:37:51.635,21.8639,0.5747,0.1537
2026-07-20T17:37:51.635,21.8639,0.6334,0.2516
2026-07-20T17:37:51.652,21.8959,0.6334,0.232
2026-07-20T17:37:51.667,21.8959,0.653,0.2516
2026-07-20T17:37:51.682,21.9116,0.5551,0.1929
2026-07-20T17:37:51.682,21.9116,0.6139,0.2516
2026-07-20T17:37:51.698,21.9277,0.5551,0.2712
2026-07-20T17:37:51.698,21.949,0.516,0.232
2026-07-20T17:37:51.714,21.949,0.6334,0.232
2026-07-20T17:37:51.714,21.949,0.653,0.2908
2026-07-20T17:37:51.730,21.9754,0.6139,0.2125
2026-07-20T17:37:51.752,21.9754,0.5355,0.1733
2026-07-20T17:37:51.752,21.9754,0.5943,0.1537
2026-07-20T17:37:51.770,22.0072,0.3397,0.2516
2026-07-20T17:37:51.778,22.0072,0.5747,0.2516
2026-07-20T17:37:51.778,22.023,0.6334,0.2516
2026-07-20T17:37:51.794,22.023,0.7313,0.2125
2026-07-20T17:37:51.810,22.023,0.6139,0.2908
2026-07-20T17:37:51.810,22.0548,0.653,0.1733
2026-07-20T17:37:51.826,22.0548,0.6139,0.3299
2026-07-20T17:37:51.826,22.0548,0.6139,0.2516
2026-07-20T17:37:51.857,22.0868,0.7118,0.1929
2026-07-20T17:37:51.857,22.0868,0.6334,0.2125
2026-07-20T17:37:51.857,22.0868,0.6139,0.2516
2026-07-20T17:37:51.873,22.1186,0.5551,0.2516
2026-07-20T17:37:51.889,22.1186,0.6139,0.1929
2026-07-20T17:37:51.889,22.1186,0.653,0.2516
2026-07-20T17:37:51.906,22.1504,0.6334,0.232
2026-07-20T17:37:51.921,22.1504,0.6139,0.2125
2026-07-20T17:37:51.921,22.1576,0.6334,0.1733
2026-07-20T17:37:51.937,22.1818,0.653,0.2125
2026-07-20T17:37:51.952,22.1818,0.5551,0.2125
2026-07-20T17:37:51.953,22.1818,0.5747,0.2516
2026-07-20T17:37:51.969,22.2135,0.653,0.2125
2026-07-20T17:37:51.969,22.2135,0.6334,0.1929
2026-07-20T17:37:51.984,22.2135,0.6334,0.3495
2026-07-20T17:37:52.000,22.2296,0.653,0.2516
2026-07-20T17:37:52.000,22.2296,0.6139,0.2712
2026-07-20T17:37:52.016,22.2454,0.6139,0.232
2026-07-20T17:37:52.016,22.2613,0.5747,0.2712
2026-07-20T17:37:52.032,22.2613,0.9076,0.232
2026-07-20T17:37:52.048,22.2613,0.5943,0.232
2026-07-20T17:37:52.064,22.2931,0.6726,0.232
2026-07-20T17:37:52.064,22.2931,0.5943,0.2516
2026-07-20T17:37:52.064,22.2931,0.6139,0.1733
2026-07-20T17:37:52.096,22.3246,0.6334,0.2712
2026-07-20T17:37:52.096,22.3246,0.5747,0.2516
2026-07-20T17:37:52.112,22.3496,0.6139,0.232
2026-07-20T17:37:52.127,22.3574,0.653,0.2125
2026-07-20T17:37:52.127,22.3574,0.5943,0.2712
2026-07-20T17:37:52.152,22.372,0.653,0.232
2026-07-20T17:37:52.152,22.372,0.6726,0.232
2026-07-20T17:37:52.160,22.3877,0.6139,0.2516
2026-07-20T17:37:52.160,22.4035,0.6726,0.2125
2026-07-20T17:37:52.175,22.4035,0.6922,0.2516
2026-07-20T17:37:52.175,22.4035,0.653,0.2516
2026-07-20T17:37:52.190,22.435,0.6334,0.2712
2026-07-20T17:37:52.206,22.435,0.5943,0.2125
2026-07-20T17:37:52.206,22.435,0.6726,0.232
2026-07-20T17:37:52.222,22.468,0.6139,0.3104
2026-07-20T17:37:52.238,22.468,0.5747,0.2712
2026-07-20T17:37:52.238,22.468,0.6726,0.232
2026-07-20T17:37:52.254,22.4988,0.6139,0.232
2026-07-20T17:37:52.271,22.4988,0.6334,0.1733
2026-07-20T17:37:52.271,22.4988,0.6334,0.2516
2026-07-20T17:37:52.285,22.5302,0.653,0.2516
2026-07-20T17:37:52.301,22.5302,0.6726,0.2712
2026-07-20T17:37:52.301,22.5302,0.653,0.2516
2026-07-20T17:37:52.317,22.5621,0.6334,0.1929
2026-07-20T17:37:52.333,22.5621,0.5943,0.232
2026-07-20T17:37:52.333,22.5621,0.6922,0.3104
2026-07-20T17:37:52.352,22.5935,0.6334,0.2516
2026-07-20T17:37:52.365,22.5935,0.7118,0.232
2026-07-20T17:37:52.365,22.5935,0.6922,0.2712
2026-07-20T17:37:52.380,22.6092,0.653,0.2908
2026-07-20T17:37:52.396,22.625,0.7118,0.1733
2026-07-20T17:37:52.396,22.625,0.6922,0.2516
2026-07-20T17:37:52.412,22.6573,0.5355,0.2125
2026-07-20T17:37:52.412,22.6584,0.653,0.2908
2026-07-20T17:37:52.428,22.6584,0.6726,0.2516
2026-07-20T17:37:52.443,22.688,0.6726,0.2712
2026-07-20T17:37:52.452,22.688,0.6922,0.3104
2026-07-20T17:37:52.452,22.688,0.6334,0.3104
2026-07-20T17:37:52.475,22.7194,0.8292,0.2125
2026-07-20T17:37:52.475,22.7194,0.5747,0.2516
2026-07-20T17:37:52.491,22.7194,0.5943,0.2908
2026-07-20T17:37:52.491,22.7194,0.7313,0.2908
2026-07-20T17:37:52.506,22.7508,0.7509,0.3104
2026-07-20T17:37:52.522,22.7508,0.5355,0.2516
2026-07-20T17:37:52.522,22.7508,0.6334,0.3104
2026-07-20T17:37:52.538,22.7817,0.6334,0.232
2026-07-20T17:37:52.538,22.7817,0.5943,0.232
2026-07-20T17:37:52.553,22.7975,0.6726,0.2516
2026-07-20T17:37:52.570,22.7975,0.7118,0.2516
2026-07-20T17:37:52.570,22.8133,0.6139,0.2712
2026-07-20T17:37:52.584,22.8133,0.653,0.3104
2026-07-20T17:37:52.584,22.8133,0.653,0.232
2026-07-20T17:37:52.600,22.8499,0.6726,0.2516
2026-07-20T17:37:52.616,22.8499,0.7509,0.232
2026-07-20T17:37:52.616,22.8499,0.6334,0.2712
2026-07-20T17:37:52.632,22.877,0.418,0.2516
2026-07-20T17:37:52.653,22.877,0.6922,0.232
2026-07-20T17:37:52.653,22.877,0.6726,0.232
2026-07-20T17:37:52.668,22.9088,0.6139,0.2516
2026-07-20T17:37:52.680,22.9088,0.653,0.2712
2026-07-20T17:37:52.680,22.9088,0.6922,0.2908
2026-07-20T17:37:52.711,22.9404,0.6726,0.2516
2026-07-20T17:37:52.711,22.9404,0.6922,0.3104
2026-07-20T17:37:52.711,22.9404,0.653,0.2516
2026-07-20T17:37:52.743,22.9721,0.7118,0.3299
2026-07-20T17:37:52.743,22.9721,0.653,0.2125
2026-07-20T17:37:52.743,22.9721,0.653,0.232
2026-07-20T17:37:52.759,22.9882,0.7313,0.2516
2026-07-20T17:37:52.759,23.004,0.6726,0.2516
2026-07-20T17:37:52.775,23.004,0.6922,0.232
2026-07-20T17:37:52.791,23.0198,0.6726,0.232
2026-07-20T17:37:52.791,23.0359,0.6139,0.2516
2026-07-20T17:37:52.807,23.0359,0.6334,0.2908
2026-07-20T17:37:52.807,23.0518,0.6139,0.3104
2026-07-20T17:37:52.822,23.0518,0.6922,0.232
2026-07-20T17:37:52.838,23.0518,0.6726,0.2516
2026-07-20T17:37:52.853,23.0833,0.6922,0.2516
2026-07-20T17:37:52.854,23.0833,0.653,0.2908
2026-07-20T17:37:52.854,23.0833,0.6139,0.2125
2026-07-20T17:37:52.870,23.1148,0.6139,0.3104
2026-07-20T17:37:52.886,23.1148,0.7118,0.232
2026-07-20T17:37:52.886,23.1148,0.6922,0.2712
2026-07-20T17:37:52.902,23.15,0.8684,0.2908
2026-07-20T17:37:52.917,23.15,0.653,0.2125
2026-07-20T17:37:52.917,23.15,0.653,0.2516
2026-07-20T17:37:52.935,23.1784,0.7313,0.2125
2026-07-20T17:37:52.953,23.1784,0.6334,0.3691
2026-07-20T17:37:52.953,23.1784,0.653,0.3495
2026-07-20T17:37:52.965,23.2099,0.6334,0.2712
2026-07-20T17:37:52.981,23.2099,0.6726,0.232
2026-07-20T17:37:52.981,23.2099,0.7118,0.2712
2026-07-20T17:37:52.997,23.2257,0.6139,0.2516
2026-07-20T17:37:52.997,23.2415,0.653,0.2908
2026-07-20T17:37:53.013,23.2415,0.6726,0.2712
2026-07-20T17:37:53.028,23.2576,0.6334,0.2516
2026-07-20T17:37:53.028,23.2576,0.6726,0.232
2026-07-20T17:37:53.044,23.2576,0.6726,0.3104
2026-07-20T17:37:53.060,23.2895,0.653,0.2908
2026-07-20T17:37:53.060,23.2895,0.653,0.2712
2026-07-20T17:37:53.076,23.3214,0.653,0.3299
2026-07-20T17:37:53.092,23.3214,0.6922,0.232
2026-07-20T17:37:53.092,23.3214,0.653,0.2516
2026-07-20T17:37:53.109,23.3533,0.6726,0.2712
2026-07-20T17:37:53.124,23.3533,0.7118,0.3299
2026-07-20T17:37:53.124,23.3533,0.6139,0.2908
2026-07-20T17:37:53.143,23.385,0.6139,0.2908
2026-07-20T17:37:53.153,23.385,0.6922,0.3104
2026-07-20T17:37:53.156,23.385,0.6726,0.2516
2026-07-20T17:37:53.172,23.4007,0.6139,0.2516
2026-07-20T17:37:53.172,23.4007,0.653,0.2712
2026-07-20T17:37:53.188,23.4007,0.653,0.2908
2026-07-20T17:37:53.203,23.4323,0.7118,0.3299
2026-07-20T17:37:53.203,23.4323,0.6922,0.2712
2026-07-20T17:37:53.219,23.4483,0.6726,0.2712
2026-07-20T17:37:53.219,23.464,0.6922,0.2712
2026-07-20T17:37:53.235,23.464,0.6334,0.2712
2026-07-20T17:37:53.235,23.464,0.5747,0.2712
2026-07-20T17:37:53.267,23.4969,0.7313,0.232
2026-07-20T17:37:53.267,23.4969,0.6922,0.2908
2026-07-20T17:37:53.267,23.4969,0.6726,0.2712
2026-07-20T17:37:53.300,23.5278,0.653,0.2908
2026-07-20T17:37:53.300,23.5278,0.7118,0.2908
2026-07-20T17:37:53.300,23.5278,0.653,0.2712
2026-07-20T17:37:53.314,23.5594,0.6922,0.2712
2026-07-20T17:37:53.330,23.5594,0.6726,0.2516
2026-07-20T17:37:53.330,23.5594,0.7118,0.2712
2026-07-20T17:37:53.346,23.5911,0.6726,0.2712
2026-07-20T17:37:53.362,23.5911,0.7118,0.2125
2026-07-20T17:37:53.362,23.5911,0.6139,0.3104
2026-07-20T17:37:53.378,23.6068,0.7118,0.2908
2026-07-20T17:37:53.378,23.6227,0.7118,0.3104
2026-07-20T17:37:53.394,23.6227,0.6726,0.2516
2026-07-20T17:37:53.394,23.6385,0.653,0.2125
2026-07-20T17:37:53.409,23.6506,0.7118,0.232
2026-07-20T17:37:53.425,23.6543,0.6922,0.2516
2026-07-20T17:37:53.441,23.6703,0.6139,0.2712
2026-07-20T17:37:53.441,23.6703,0.6726,0.2712
2026-07-20T17:37:53.460,23.6703,0.6726,0.2908
2026-07-20T17:37:53.473,23.7018,0.7118,0.2908
2026-07-20T17:37:53.473,23.7018,0.6334,0.1929
2026-07-20T17:37:53.489,23.7331,0.653,0.232
2026-07-20T17:37:53.489,23.7331,0.653,0.2516
2026-07-20T17:37:53.504,23.7331,0.6922,0.2516
2026-07-20T17:37:53.536,23.7751,0.653,0.2712
2026-07-20T17:37:53.536,23.7751,0.6726,0.232
2026-07-20T17:37:53.536,23.7757,0.6334,0.2908
2026-07-20T17:37:53.536,23.7779,0.7901,0.232
2026-07-20T17:37:53.553,23.7969,0.7313,0.2908
2026-07-20T17:37:53.574,23.7969,0.7118,0.2908
2026-07-20T17:37:53.581,23.7969,0.7118,0.2712
2026-07-20T17:37:53.600,23.829,0.6922,0.2516
2026-07-20T17:37:53.600,23.829,0.7509,0.2712
2026-07-20T17:37:53.600,23.829,0.7313,0.3104
2026-07-20T17:37:53.616,23.861,0.7118,0.2712
2026-07-20T17:37:53.632,23.861,0.6922,0.2516
2026-07-20T17:37:53.632,23.861,0.653,0.2516
2026-07-20T17:37:53.653,23.8924,0.653,0.2712
2026-07-20T17:37:53.664,23.8924,0.6334,0.2712
2026-07-20T17:37:53.664,23.8924,0.7118,0.3495
2026-07-20T17:37:53.664,23.8924,0.653,0.3495
2026-07-20T17:37:53.695,23.9241,0.7313,0.2908
2026-07-20T17:37:53.695,23.9241,0.653,0.2516
2026-07-20T17:37:53.695,23.9241,0.7118,0.2908
2026-07-20T17:37:53.711,23.9557,0.7509,0.3299
2026-07-20T17:37:53.727,23.9557,0.7901,0.2516
2026-07-20T17:37:53.727,23.9557,0.7313,0.2712
2026-07-20T17:37:53.758,23.9877,0.6922,0.3104
2026-07-20T17:37:53.758,23.9877,0.6334,0.2712
2026-07-20T17:37:53.758,23.9877,0.653,0.2712
2026-07-20T17:37:53.777,24.0192,0.7901,0.2516
2026-07-20T17:37:53.790,24.0192,0.8488,0.2908
2026-07-20T17:37:53.790,24.0192,0.7118,0.232
2026-07-20T17:37:53.806,24.051,0.6922,0.2712
2026-07-20T17:37:53.822,24.051,0.653,0.3495
2026-07-20T17:37:53.822,24.051,0.6726,0.3104
2026-07-20T17:37:53.838,24.0829,0.6922,0.3104
2026-07-20T17:37:53.854,24.0829,0.7313,0.2712
2026-07-20T17:37:53.854,24.0829,0.7118,0.2908
2026-07-20T17:37:53.869,24.1151,0.6922,0.3104
2026-07-20T17:37:53.869,24.1151,0.6922,0.232
2026-07-20T17:37:53.885,24.1151,0.6334,0.3299
2026-07-20T17:37:53.902,24.1465,0.7118,0.2908
2026-07-20T17:37:53.902,24.1465,0.6726,0.2712
2026-07-20T17:37:53.918,24.1465,0.6726,0.3104
2026-07-20T17:37:53.933,24.178,0.7901,0.232
2026-07-20T17:37:53.933,24.178,0.7313,0.2908
2026-07-20T17:37:53.933,24.178,0.7313,0.232
2026-07-20T17:37:53.954,24.2006,0.6726,0.4083
2026-07-20T17:37:53.966,24.2006,0.6922,0.3495
2026-07-20T17:37:53.981,24.2101,0.7118,0.2908
2026-07-20T17:37:53.981,24.2258,0.6922,0.2712
2026-07-20T17:37:54.003,24.2258,0.7509,0.2516
2026-07-20T17:37:54.003,24.2258,0.6922,0.2516
2026-07-20T17:37:54.028,24.2577,0.653,0.3299
2026-07-20T17:37:54.028,24.2577,0.7313,0.3495
2026-07-20T17:37:54.028,24.2577,0.6922,0.2712
2026-07-20T17:37:54.044,24.2891,0.7509,0.3104
2026-07-20T17:37:54.060,24.2891,0.6922,0.232
2026-07-20T17:37:54.060,24.2891,0.7313,0.2712
2026-07-20T17:37:54.076,24.3209,0.6726,0.2908
2026-07-20T17:37:54.092,24.3209,0.6922,0.4083
2026-07-20T17:37:54.092,24.3209,0.7118,0.3299
2026-07-20T17:37:54.108,24.353,0.8097,0.3104
2026-07-20T17:37:54.124,24.353,0.8097,0.2712
2026-07-20T17:37:54.124,24.353,0.7509,0.2908
2026-07-20T17:37:54.154,24.3847,0.7509,0.2712
2026-07-20T17:37:54.154,24.3847,0.653,0.2908
2026-07-20T17:37:54.156,24.3847,0.7313,0.3887
2026-07-20T17:37:54.171,24.4007,0.6726,0.2908
2026-07-20T17:37:54.172,24.4166,0.7313,0.2516
2026-07-20T17:37:54.187,24.4166,0.6922,0.2516
2026-07-20T17:37:54.187,24.4324,0.7313,0.2516
2026-07-20T17:37:54.203,24.4324,0.6726,0.3104
2026-07-20T17:37:54.219,24.4484,0.7313,0.3104
2026-07-20T17:37:54.219,24.4642,0.7705,0.2516
2026-07-20T17:37:54.235,24.4642,0.7313,0.2516
2026-07-20T17:37:54.251,24.4642,0.7118,0.2712
2026-07-20T17:37:54.254,24.4957,0.7118,0.2712
2026-07-20T17:37:54.267,24.4957,0.7705,0.2516
2026-07-20T17:37:54.267,24.4957,0.6922,0.2908
2026-07-20T17:37:54.283,24.5284,0.7118,0.3104
2026-07-20T17:37:54.298,24.5284,0.7705,0.3887
2026-07-20T17:37:54.298,24.5284,0.7118,0.3691
2026-07-20T17:37:54.331,24.5593,0.6922,0.3495
2026-07-20T17:37:54.331,24.5593,0.7509,0.2712
2026-07-20T17:37:54.331,24.5593,0.6726,0.3495
2026-07-20T17:37:54.354,24.5913,0.6726,0.3104
2026-07-20T17:37:54.362,24.5913,0.7118,0.3299
2026-07-20T17:37:54.362,24.5913,0.7313,0.2516
2026-07-20T17:37:54.378,24.6073,0.653,0.2712
2026-07-20T17:37:54.378,24.6073,0.7118,0.2516
2026-07-20T17:37:54.394,24.6233,0.7509,0.3299
2026-07-20T17:37:54.410,24.6389,0.888,0.2516
2026-07-20T17:37:54.410,24.6389,0.7118,0.3104
2026-07-20T17:37:54.426,24.6707,0.7509,0.3495
2026-07-20T17:37:54.441,24.6707,0.7313,0.3887
2026-07-20T17:37:54.441,24.6707,0.7118,0.2712
2026-07-20T17:37:54.473,24.7025,0.6922,0.2125
2026-07-20T17:37:54.473,24.7025,0.6922,0.3104
2026-07-20T17:37:54.473,24.7025,0.7705,0.3104
2026-07-20T17:37:54.492,24.7339,0.7901,0.3104
2026-07-20T17:37:54.505,24.7339,0.653,0.3104
2026-07-20T17:37:54.505,24.7339,0.7509,0.3691
2026-07-20T17:37:54.521,24.7521,0.7509,0.2516
2026-07-20T17:37:54.521,24.7662,0.653,0.2908
2026-07-20T17:37:54.537,24.7662,0.6922,0.3104
2026-07-20T17:37:54.552,24.796,0.7313,0.3495
2026-07-20T17:37:54.555,24.7978,0.8684,0.3299
2026-07-20T17:37:54.569,24.7978,0.7705,0.2908
2026-07-20T17:37:54.584,24.8135,0.7118,0.2712
2026-07-20T17:37:54.584,24.8135,0.7118,0.2712
2026-07-20T17:37:54.599,24.8135,0.6334,0.232
2026-07-20T17:37:54.600,24.8454,0.7118,0.2908
2026-07-20T17:37:54.616,24.8525,0.8097,0.2908
2026-07-20T17:37:54.616,24.8525,0.6922,0.2712
2026-07-20T17:37:54.632,24.8771,0.653,0.232
2026-07-20T17:37:54.648,24.8771,0.7118,0.2712
2026-07-20T17:37:54.655,24.8932,0.6922,0.3104
2026-07-20T17:37:54.664,24.9089,0.6726,0.3299
2026-07-20T17:37:54.680,24.9089,0.6922,0.3495
2026-07-20T17:37:54.680,24.9247,0.7705,0.3104
2026-07-20T17:37:54.696,24.9247,0.7118,0.2908
2026-07-20T17:37:54.696,24.9247,0.7118,0.2516
2026-07-20T17:37:54.712,24.9565,0.7313,0.3495
2026-07-20T17:37:54.727,24.9565,0.6726,0.3104
2026-07-20T17:37:54.727,24.9565,0.6726,0.3104
2026-07-20T17:37:54.759,24.9882,0.7118,0.232
2026-07-20T17:37:54.759,24.9882,0.6922,0.2516
2026-07-20T17:37:54.775,25.004,0.7118,0.2908
2026-07-20T17:37:54.788,25.004,0.6922,0.3691
2026-07-20T17:37:54.788,25.0198,0.6922,0.3299
2026-07-20T17:37:54.807,25.0358,0.7313,0.3104
2026-07-20T17:37:54.807,25.0358,0.6726,0.3495
2026-07-20T17:37:54.807,25.0358,0.7118,0.2712
2026-07-20T17:37:54.822,25.0675,0.7509,0.3299
2026-07-20T17:37:54.838,25.0675,0.7313,0.2516
2026-07-20T17:37:54.838,25.0836,0.7118,0.3299
2026-07-20T17:37:54.855,25.0993,0.7118,0.2908
2026-07-20T17:37:54.870,25.115,0.6726,0.3104
2026-07-20T17:37:54.870,25.115,0.6922,0.2712
2026-07-20T17:37:54.886,25.115,0.7509,0.3104
2026-07-20T17:37:54.886,25.1308,0.7118,0.2516
2026-07-20T17:37:54.902,25.1466,0.6922,0.2712
2026-07-20T17:37:54.918,25.1466,0.7901,0.3104
2026-07-20T17:37:54.933,25.1623,0.7509,0.3495
2026-07-20T17:37:54.933,25.1783,0.7509,0.3495
2026-07-20T17:37:54.949,25.1783,0.7118,0.2712
2026-07-20T17:37:54.955,25.1948,0.7118,0.3104
2026-07-20T17:37:54.965,25.2103,0.7313,0.3104
2026-07-20T17:37:54.981,25.2103,0.7313,0.3104
2026-07-20T17:37:54.981,25.2264,0.6922,0.2908
2026-07-20T17:37:54.997,25.2264,0.7313,0.3691
2026-07-20T17:37:54.997,25.2264,0.6922,0.2125
2026-07-20T17:37:55.013,25.2585,0.7509,0.3104
2026-07-20T17:37:55.029,25.2585,0.7313,0.3104
2026-07-20T17:37:55.029,25.2585,0.7118,0.2908
2026-07-20T17:37:55.055,25.2893,0.7705,0.2516
2026-07-20T17:37:55.061,25.305,0.7118,0.2712
2026-07-20T17:37:55.061,25.305,0.7313,0.3104
2026-07-20T17:37:55.076,25.305,0.7509,0.2712
2026-07-20T17:37:55.092,25.3207,0.7313,0.2908
2026-07-20T17:37:55.092,25.3364,0.9467,0.232
2026-07-20T17:37:55.108,25.3364,0.6922,0.3299
2026-07-20T17:37:55.123,25.3526,0.7118,0.3691
2026-07-20T17:37:55.123,25.3686,0.7509,0.2908
2026-07-20T17:37:55.139,25.3686,0.8097,0.3104
2026-07-20T17:37:55.139,25.3842,0.8097,0.3299
2026-07-20T17:37:55.155,25.4,0.7313,0.2712
2026-07-20T17:37:55.171,25.4,0.7118,0.3299
2026-07-20T17:37:55.171,25.4157,0.6726,0.3691
2026-07-20T17:37:55.187,25.4157,0.7118,0.3104
2026-07-20T17:37:55.187,25.4157,0.7313,0.2908
2026-07-20T17:37:55.218,25.4548,0.6922,0.3299
2026-07-20T17:37:55.218,25.4635,0.6922,0.3299
2026-07-20T17:37:55.218,25.4635,0.7705,0.2908
2026-07-20T17:37:55.234,25.4942,0.6726,0.3887
2026-07-20T17:37:55.253,25.4942,0.7118,0.4083
2026-07-20T17:37:55.257,25.4942,0.7509,0.3104
2026-07-20T17:37:55.266,25.5256,0.7313,0.3104
2026-07-20T17:37:55.281,25.5256,0.7313,0.3104
2026-07-20T17:37:55.281,25.5256,0.7118,0.2908
2026-07-20T17:37:55.297,25.5256,0.7705,0.3299
2026-07-20T17:37:55.313,25.5734,0.7509,0.2712
2026-07-20T17:37:55.313,25.5734,0.7509,0.3299
2026-07-20T17:37:55.328,25.5734,0.7705,0.3887
2026-07-20T17:37:55.328,25.5734,0.7118,0.3299
2026-07-20T17:37:55.344,25.6052,0.7313,0.2712
2026-07-20T17:37:55.361,25.6052,0.7313,0.3299
2026-07-20T17:37:55.361,25.6052,0.6726,0.3495
2026-07-20T17:37:55.376,25.6209,0.7313,0.3104
2026-07-20T17:37:55.376,25.6528,0.7313,0.3495
2026-07-20T17:37:55.408,25.6528,0.6922,0.3104
2026-07-20T17:37:55.408,25.6528,0.7705,0.3299
2026-07-20T17:37:55.408,25.6528,0.7901,0.2516
2026-07-20T17:37:55.423,25.6848,0.7901,0.2908
2026-07-20T17:37:55.440,25.6848,0.7118,0.2908
2026-07-20T17:37:55.440,25.6848,0.7118,0.3495
2026-07-20T17:37:55.455,25.6848,0.7509,0.4083
2026-07-20T17:37:55.471,25.7168,0.6922,0.3104
2026-07-20T17:37:55.487,25.7168,0.6726,0.2516
2026-07-20T17:37:55.487,25.7322,0.7313,0.3299
2026-07-20T17:37:55.487,25.7322,0.7118,0.2908
2026-07-20T17:37:55.504,25.7666,0.7705,0.3299
2026-07-20T17:37:55.519,25.7677,0.7118,0.3495
2026-07-20T17:37:55.519,25.7677,0.7509,0.3299
2026-07-20T17:37:55.535,25.7971,0.7313,0.3299
2026-07-20T17:37:55.535,25.7971,0.7118,0.3104
2026-07-20T17:37:55.556,25.7971,0.7118,0.3887
2026-07-20T17:37:55.570,25.7971,0.7509,0.3495
2026-07-20T17:37:55.582,25.8272,0.7509,0.3299
2026-07-20T17:37:55.600,25.8272,0.7509,0.2908
2026-07-20T17:37:55.600,25.8272,0.7313,0.3104
2026-07-20T17:37:55.600,25.8272,0.7118,0.3104
2026-07-20T17:37:55.614,25.8674,0.7509,0.3299
2026-07-20T17:37:55.630,25.8674,0.7313,0.3495
2026-07-20T17:37:55.630,25.8674,0.7118,0.3104
2026-07-20T17:37:55.662,25.8909,0.7313,0.2908
2026-07-20T17:37:55.670,25.9066,0.7705,0.3887
2026-07-20T17:37:55.670,25.9066,0.6922,0.2908
2026-07-20T17:37:55.678,25.938,0.6922,0.3299
2026-07-20T17:37:55.678,25.938,0.6726,0.2516
2026-07-20T17:37:55.693,25.938,0.8097,0.3495
2026-07-20T17:37:55.709,25.938,0.7118,0.2712
2026-07-20T17:37:55.725,25.9743,0.7118,0.2908
2026-07-20T17:37:55.725,25.9743,0.7705,0.3495
2026-07-20T17:37:55.741,25.9743,0.7313,0.2712
2026-07-20T17:37:55.773,26.0017,0.653,0.3495
2026-07-20T17:37:55.773,26.0017,0.7118,0.3299
2026-07-20T17:37:55.773,26.0017,0.7705,0.3495
2026-07-20T17:37:55.777,26.0017,0.7313,0.2516
2026-07-20T17:37:55.804,26.0331,0.7901,0.3495
2026-07-20T17:37:55.804,26.0331,0.7509,0.3104
2026-07-20T17:37:55.804,26.0331,0.653,0.3299
2026-07-20T17:37:55.820,26.0646,0.6922,0.2908
2026-07-20T17:37:55.836,26.0807,0.7705,0.3691
2026-07-20T17:37:55.836,26.0807,0.7901,0.2908
2026-07-20T17:37:55.836,26.0807,0.7118,0.3104
2026-07-20T17:37:55.867,26.1127,0.7313,0.2712
2026-07-20T17:37:55.867,26.1127,0.7509,0.2908
2026-07-20T17:37:55.867,26.1127,0.6726,0.2908
2026-07-20T17:37:55.883,26.1127,0.7509,0.3495
2026-07-20T17:37:55.899,26.1442,0.7901,0.2712
2026-07-20T17:37:55.899,26.1442,0.7118,0.3104
2026-07-20T17:37:55.915,26.1442,0.7313,0.2908
2026-07-20T17:37:55.947,26.1762,0.7705,0.2908
2026-07-20T17:37:55.947,26.1762,0.7509,0.3299
2026-07-20T17:37:55.947,26.1762,0.6139,0.3104
2026-07-20T17:37:55.963,26.2077,0.7118,0.2908
2026-07-20T17:37:55.979,26.2077,0.7313,0.3104
2026-07-20T17:37:55.979,26.2077,0.7509,0.3495
2026-07-20T17:37:55.995,26.2393,0.7313,0.3495
2026-07-20T17:37:56.010,26.2393,0.7118,0.2516
2026-07-20T17:37:56.010,26.2393,0.7118,0.3887
2026-07-20T17:37:56.010,26.2708,0.7509,0.4278
2026-07-20T17:37:56.042,26.2708,0.7705,0.3299
2026-07-20T17:37:56.042,26.2708,0.6922,0.3104
2026-07-20T17:37:56.042,26.2708,0.7313,0.3495
2026-07-20T17:37:56.058,26.3031,0.7313,0.3495
2026-07-20T17:37:56.073,26.3031,0.7313,0.232
2026-07-20T17:37:56.073,26.3031,0.7509,0.4083
2026-07-20T17:37:56.089,26.3341,0.7313,0.2712
2026-07-20T17:37:56.106,26.3341,0.7313,0.3104
2026-07-20T17:37:56.106,26.3341,0.7509,0.3104
2026-07-20T17:37:56.121,26.3656,0.7901,0.2908
2026-07-20T17:37:56.137,26.3656,0.7509,0.3495
2026-07-20T17:37:56.137,26.3656,0.6922,0.3299
2026-07-20T17:37:56.152,26.3978,0.7705,0.3104
2026-07-20T17:37:56.155,26.3978,0.8097,0.3299
2026-07-20T17:37:56.168,26.3978,0.6726,0.3299
2026-07-20T17:37:56.168,26.4132,0.7509,0.3691
2026-07-20T17:37:56.185,26.4289,0.7705,0.3495
2026-07-20T17:37:56.200,26.4446,0.7118,0.3299
2026-07-20T17:37:56.200,26.4446,0.7705,0.3495
2026-07-20T17:37:56.216,26.4768,0.7705,0.3104
2026-07-20T17:37:56.232,26.4768,0.7509,0.2908
2026-07-20T17:37:56.232,26.4768,0.7118,0.2908
2026-07-20T17:37:56.247,26.4768,0.8097,0.3104
2026-07-20T17:37:56.263,26.5087,0.7118,0.2908
2026-07-20T17:37:56.263,26.5087,0.7118,0.3104
2026-07-20T17:37:56.279,26.5087,0.7705,0.2908
2026-07-20T17:37:56.295,26.5404,0.7313,0.3691
2026-07-20T17:37:56.311,26.553,0.7118,0.3104
2026-07-20T17:37:56.311,26.553,0.7705,0.3104
2026-07-20T17:37:56.311,26.553,0.8097,0.3104
2026-07-20T17:37:56.343,26.5725,0.7509,0.3299
2026-07-20T17:37:56.343,26.5725,0.8292,0.3104
2026-07-20T17:37:56.343,26.5881,0.7509,0.3691
2026-07-20T17:37:56.359,26.6042,0.7901,0.3887
2026-07-20T17:37:56.375,26.6202,0.7313,0.2908
2026-07-20T17:37:56.375,26.6202,0.7901,0.2712
2026-07-20T17:37:56.375,26.6202,0.7313,0.3104
2026-07-20T17:37:56.395,26.6531,0.7118,0.3495
2026-07-20T17:37:56.407,26.6531,0.7509,0.3887
2026-07-20T17:37:56.407,26.6531,0.8097,0.3104
2026-07-20T17:37:56.423,26.6531,0.6726,0.2712
2026-07-20T17:37:56.455,26.6839,0.7705,0.3495
2026-07-20T17:37:56.456,26.6839,0.7901,0.3104
2026-07-20T17:37:56.456,26.6839,0.7313,0.3104
2026-07-20T17:37:56.471,26.7159,0.7705,0.3299
2026-07-20T17:37:56.487,26.7159,0.7705,0.3104
2026-07-20T17:37:56.487,26.7159,0.7705,0.3691
2026-07-20T17:37:56.487,26.7534,0.7118,0.3691
2026-07-20T17:37:56.519,26.7534,0.7705,0.2712
2026-07-20T17:37:56.519,26.7534,0.7509,0.3495
2026-07-20T17:37:56.519,26.7645,0.7705,0.3495
2026-07-20T17:37:56.535,26.7788,0.8097,0.3691
2026-07-20T17:37:56.556,26.7788,0.7705,0.3299
2026-07-20T17:37:56.556,26.7788,0.7313,0.3691
2026-07-20T17:37:56.569,26.7945,0.7509,0.2908
2026-07-20T17:37:56.581,26.8103,0.6922,0.3691
2026-07-20T17:37:56.581,26.8103,0.7705,0.3104
2026-07-20T17:37:56.597,26.8535,0.7313,0.3495
2026-07-20T17:37:56.613,26.8535,0.7901,0.3299
2026-07-20T17:37:56.613,26.8535,0.7313,0.2712
2026-07-20T17:37:56.629,26.8575,0.7118,0.3104
2026-07-20T17:37:56.629,26.8733,0.7509,0.3299
2026-07-20T17:37:56.644,26.8891,0.6726,0.3495
2026-07-20T17:37:56.660,26.8891,0.8292,0.3887
2026-07-20T17:37:56.660,26.9206,0.7901,0.3104
2026-07-20T17:37:56.676,26.9206,0.7509,0.3104
2026-07-20T17:37:56.692,26.9206,0.7705,0.4474
2026-07-20T17:37:56.708,26.9536,0.7313,0.3104
2026-07-20T17:37:56.723,26.9536,0.7509,0.3691
2026-07-20T17:37:56.723,26.9536,0.7705,0.3299
2026-07-20T17:37:56.723,26.9536,0.7509,0.3299
2026-07-20T17:37:56.755,26.984,0.7509,0.2908
2026-07-20T17:37:56.755,26.984,0.7509,0.3299
2026-07-20T17:37:56.756,26.984,0.7901,0.2712
2026-07-20T17:37:56.771,27.0161,0.7313,0.2712
2026-07-20T17:37:56.787,27.0161,0.6726,0.2908
2026-07-20T17:37:56.787,27.0161,0.7509,0.3495
2026-07-20T17:37:56.803,27.0536,0.7901,0.3104
2026-07-20T17:37:56.819,27.0536,0.7313,0.4083
2026-07-20T17:37:56.819,27.0536,0.7313,0.3299
2026-07-20T17:37:56.819,27.0536,0.7313,0.3691
2026-07-20T17:37:56.850,27.0796,0.7118,0.3299
2026-07-20T17:37:56.850,27.0796,0.7313,0.3299
2026-07-20T17:37:56.856,27.0796,0.8097,0.3104
2026-07-20T17:37:56.866,27.1185,0.7901,0.3104
2026-07-20T17:37:56.882,27.1185,0.7509,0.3299
2026-07-20T17:37:56.882,27.1185,0.7313,0.3104
2026-07-20T17:37:56.898,27.1535,0.7313,0.3495
2026-07-20T17:37:56.921,27.1535,0.7509,0.3104
2026-07-20T17:37:56.921,27.1535,0.7313,0.3104
2026-07-20T17:37:56.930,27.1585,0.7313,0.2908
2026-07-20T17:37:56.945,27.1744,0.7509,0.3691
2026-07-20T17:37:56.945,27.1744,0.7705,0.2908
2026-07-20T17:37:56.961,27.1904,0.7509,0.3887
2026-07-20T17:37:56.961,27.2063,0.653,0.3104
2026-07-20T17:37:56.977,27.222,0.7705,0.3299
2026-07-20T17:37:56.977,27.222,0.7901,0.3104
2026-07-20T17:37:56.993,27.2545,0.7705,0.3887
2026-07-20T17:37:57.009,27.2545,0.7509,0.2908
2026-07-20T17:37:57.009,27.2545,0.7509,0.3104
2026-07-20T17:37:57.025,27.2545,0.7509,0.3104
2026-07-20T17:37:57.040,27.2851,0.7118,0.2712
2026-07-20T17:37:57.056,27.2851,0.7313,0.3495
2026-07-20T17:37:57.057,27.2851,0.7705,0.3691
2026-07-20T17:37:57.072,27.317,0.7313,0.3104
2026-07-20T17:37:57.088,27.317,0.6922,0.4083
2026-07-20T17:37:57.088,27.317,0.7313,0.4083
2026-07-20T17:37:57.104,27.3536,0.7118,0.3887
2026-07-20T17:37:57.120,27.3536,0.7509,0.2908
2026-07-20T17:37:57.120,27.3536,0.7509,0.3887
2026-07-20T17:37:57.120,27.3536,0.7509,0.3299
2026-07-20T17:37:57.135,27.3959,0.7509,0.3691
2026-07-20T17:37:57.156,27.3959,0.7509,0.2908
2026-07-20T17:37:57.156,27.3959,0.7118,0.3691
2026-07-20T17:37:57.183,27.4287,0.7509,0.3299
2026-07-20T17:37:57.183,27.4287,0.6922,0.2712
2026-07-20T17:37:57.183,27.4287,0.8097,0.3691
2026-07-20T17:37:57.198,27.4287,0.8097,0.3299
2026-07-20T17:37:57.217,27.4598,0.7901,0.4083
2026-07-20T17:37:57.231,27.4598,0.7705,0.3104
2026-07-20T17:37:57.231,27.4598,0.7313,0.2908
2026-07-20T17:37:57.246,27.4914,0.7509,0.3104
2026-07-20T17:37:57.262,27.4914,0.7509,0.3691
2026-07-20T17:37:57.262,27.4914,0.8292,0.2908
2026-07-20T17:37:57.262,27.4914,0.7705,0.3495
2026-07-20T17:37:57.294,27.523,0.7313,0.2908
2026-07-20T17:37:57.294,27.523,0.7313,0.3495
2026-07-20T17:37:57.294,27.523,0.8097,0.3887
2026-07-20T17:37:57.310,27.5549,0.7509,0.3691
2026-07-20T17:37:57.326,27.5707,0.7313,0.3495
2026-07-20T17:37:57.326,27.5707,0.8684,0.3299
2026-07-20T17:37:57.341,27.6025,0.7313,0.3887
2026-07-20T17:37:57.357,27.6025,0.7118,0.2908
2026-07-20T17:37:57.357,27.6025,0.7118,0.3495
2026-07-20T17:37:57.357,27.6025,0.7705,0.2908
2026-07-20T17:37:57.373,27.6343,0.7509,0.3299
2026-07-20T17:37:57.389,27.6343,0.7118,0.3691
2026-07-20T17:37:57.405,27.6343,0.8488,0.3691
2026-07-20T17:37:57.405,27.6343,0.7509,0.2712
2026-07-20T17:37:57.421,27.6662,0.7509,0.3495
2026-07-20T17:37:57.437,27.6662,0.7509,0.3691
2026-07-20T17:37:57.437,27.6662,0.7509,0.4474
2026-07-20T17:37:57.437,27.6662,0.7705,0.3299
2026-07-20T17:37:57.469,27.6982,0.7901,0.3299
2026-07-20T17:37:57.469,27.6982,0.8292,0.3495
2026-07-20T17:37:57.469,27.6982,0.7118,0.2712
2026-07-20T17:37:57.501,27.7301,0.7509,0.3299
2026-07-20T17:37:57.501,27.7301,0.7705,0.3299
2026-07-20T17:37:57.501,27.7301,0.7509,0.4083
2026-07-20T17:37:57.517,27.762,0.7509,0.3104
2026-07-20T17:37:57.533,27.762,0.7705,0.4083
2026-07-20T17:37:57.533,27.762,0.7509,0.3691
2026-07-20T17:37:57.557,27.7976,0.7313,0.3299
2026-07-20T17:37:57.565,27.7976,0.7901,0.3104
2026-07-20T17:37:57.565,27.7976,0.7705,0.3104
2026-07-20T17:37:57.582,27.8262,0.7901,0.3104
2026-07-20T17:37:57.600,27.8262,0.8097,0.3887
2026-07-20T17:37:57.600,27.8262,0.9076,0.3104
2026-07-20T17:37:57.600,27.8262,0.888,0.3299
2026-07-20T17:37:57.629,27.8573,0.8292,0.3691
2026-07-20T17:37:57.629,27.8573,0.8097,0.3104
2026-07-20T17:37:57.629,27.8891,0.9076,0.3887
2026-07-20T17:37:57.644,27.8891,0.888,0.3495
2026-07-20T17:37:57.660,27.8891,0.888,0.3887
2026-07-20T17:37:57.660,27.8891,0.8292,0.3104
2026-07-20T17:37:57.692,27.9206,0.8488,0.3691
2026-07-20T17:37:57.692,27.9206,0.7705,0.3299
2026-07-20T17:37:57.692,27.9206,0.8684,0.3299
2026-07-20T17:37:57.707,27.9544,0.7705,0.3495
2026-07-20T17:37:57.723,27.9544,0.7313,0.3104
2026-07-20T17:37:57.739,27.9845,0.6922,0.3104
2026-07-20T17:37:57.739,27.9845,0.6922,0.3887
2026-07-20T17:37:57.739,27.9845,0.8292,0.3104
2026-07-20T17:37:57.757,27.9845,0.7509,0.3495
2026-07-20T17:37:57.780,28.0133,0.7509,0.3495
2026-07-20T17:37:57.780,28.0163,0.7313,0.3691
2026-07-20T17:37:57.787,28.0174,0.7509,0.3104
2026-07-20T17:37:57.803,28.0484,0.653,0.3495
2026-07-20T17:37:57.803,28.0484,0.6922,0.3299
2026-07-20T17:37:57.820,28.0484,0.7705,0.3299
2026-07-20T17:37:57.835,28.0643,0.7118,0.3495
2026-07-20T17:37:57.835,28.0805,0.7509,0.3299
2026-07-20T17:37:57.851,28.0805,0.7705,0.2908
2026-07-20T17:37:57.867,28.1123,0.7509,0.2908
2026-07-20T17:37:57.883,28.1123,0.7313,0.3299
2026-07-20T17:37:57.883,28.1123,0.8097,0.3691
2026-07-20T17:37:57.883,28.1283,0.7705,0.3495
2026-07-20T17:37:57.899,28.1441,0.8488,0.2908
2026-07-20T17:37:57.915,28.1441,0.7705,0.3887
2026-07-20T17:37:57.915,28.1599,0.7901,0.3299
2026-07-20T17:37:57.931,28.1756,0.6726,0.4083
2026-07-20T17:37:57.931,28.1756,0.7509,0.2712
2026-07-20T17:37:57.957,28.1914,0.7705,0.3104
2026-07-20T17:37:57.962,28.1914,0.7509,0.3887
2026-07-20T17:37:57.962,28.1914,0.7509,0.3299
2026-07-20T17:37:57.978,28.2072,0.7509,0.4083
2026-07-20T17:37:57.978,28.2228,0.7705,0.3104
2026-07-20T17:37:57.994,28.2228,0.7118,0.3299
2026-07-20T17:37:58.010,28.2385,0.7313,0.2712
2026-07-20T17:37:58.025,28.2543,0.7509,0.2908
2026-07-20T17:37:58.025,28.2543,0.7509,0.3299
2026-07-20T17:37:58.041,28.2705,0.7313,0.3299
2026-07-20T17:37:58.041,28.287,0.8292,0.3887
2026-07-20T17:37:58.057,28.287,0.6922,0.3495
2026-07-20T17:37:58.057,28.287,0.8097,0.3691
2026-07-20T17:37:58.073,28.3182,0.7705,0.4083
2026-07-20T17:37:58.090,28.3182,0.8097,0.3495
2026-07-20T17:37:58.090,28.3182,0.8097,0.3495
2026-07-20T17:37:58.121,28.3499,0.7705,0.3495
2026-07-20T17:37:58.121,28.3544,0.7313,0.3299
2026-07-20T17:37:58.137,28.3656,0.7705,0.3104
2026-07-20T17:37:58.152,28.3817,0.7901,0.3887
2026-07-20T17:37:58.152,28.3817,0.7509,0.3887
2026-07-20T17:37:58.168,28.3975,0.7313,0.3495
2026-07-20T17:37:58.168,28.3975,0.8292,0.2908
2026-07-20T17:37:58.168,28.3975,0.7705,0.2908
2026-07-20T17:37:58.184,28.4342,0.7118,0.3691
2026-07-20T17:37:58.200,28.4342,0.7901,0.3887
2026-07-20T17:37:58.200,28.4342,0.7509,0.3887
2026-07-20T17:37:58.237,28.4607,0.7509,0.3299
2026-07-20T17:37:58.237,28.4607,0.7705,0.3104
2026-07-20T17:37:58.237,28.4607,0.7901,0.2908
2026-07-20T17:37:58.253,28.4924,0.7509,0.4278
2026-07-20T17:37:58.263,28.4924,0.8097,0.3299
2026-07-20T17:37:58.263,28.4924,0.7705,0.4083
2026-07-20T17:37:58.279,28.5239,0.7705,0.2712
2026-07-20T17:37:58.295,28.5239,0.7313,0.3299
2026-07-20T17:37:58.295,28.5399,0.7313,0.3691
2026-07-20T17:37:58.295,28.5399,0.7509,0.3691
2026-07-20T17:37:58.311,28.5559,0.653,0.3495
2026-07-20T17:37:58.326,28.5719,0.7118,0.3104
2026-07-20T17:37:58.343,28.5719,0.653,0.3495
2026-07-20T17:37:58.358,28.5875,0.6922,0.3495
2026-07-20T17:37:58.358,28.6033,0.7509,0.2908
2026-07-20T17:37:58.358,28.6033,0.7509,0.4474
2026-07-20T17:37:58.374,28.6189,0.6922,0.4278
2026-07-20T17:37:58.390,28.6354,0.6726,0.3495
2026-07-20T17:37:58.390,28.6354,0.7118,0.3887
2026-07-20T17:37:58.406,28.6543,0.7705,0.3887
2026-07-20T17:37:58.422,28.6543,0.7313,0.3299
2026-07-20T17:37:58.422,28.6668,0.8292,0.3104
2026-07-20T17:37:58.438,28.6668,0.7118,0.3104
2026-07-20T17:37:58.457,28.6825,0.7705,0.4083
2026-07-20T17:37:58.457,28.6825,0.7509,0.2908
2026-07-20T17:37:58.469,28.7142,0.653,0.2908
2026-07-20T17:37:58.469,28.7142,0.7705,0.3495
2026-07-20T17:37:58.485,28.7142,0.7509,0.2908
2026-07-20T17:37:58.501,28.7302,0.7901,0.3495
2026-07-20T17:37:58.501,28.7544,0.6726,0.3495
2026-07-20T17:37:58.517,28.7544,0.7313,0.3691
2026-07-20T17:37:58.533,28.7619,0.6726,0.3691
2026-07-20T17:37:58.557,28.7849,0.6726,0.3104
2026-07-20T17:37:58.557,28.7934,0.6139,0.3104
2026-07-20T17:37:58.557,28.7934,0.5747,0.3299
2026-07-20T17:37:58.571,28.8253,0.4964,0.3104
2026-07-20T17:37:58.588,28.8264,0.5551,0.2908
2026-07-20T17:37:58.596,28.8264,0.516,0.2516
2026-07-20T17:37:58.596,28.8264,0.5747,0.2516
2026-07-20T17:37:58.613,28.8575,0.7118,0.2125
2026-07-20T17:37:58.613,28.8575,1.495,0.4474
2026-07-20T17:37:58.629,28.8733,2.8069,0.9761
2026-07-20T17:37:58.660,28.9052,2.7677,0.3495
2026-07-20T17:37:58.660,28.9052,2.7677,-0.375
2026-07-20T17:37:58.660,28.9052,3.7076,-0.0813
2026-07-20T17:37:58.676,28.9212,5.5678,1.7593
2026-07-20T17:37:58.676,28.9212,7.2909,3.502
2026-07-20T17:37:58.692,28.9693,9.386,5.4209
2026-07-20T17:37:58.692,28.9693,11.5595,7.5552
2026-07-20T17:37:58.708,28.9693,13.8505,9.9441
2026-07-20T17:37:58.724,28.9693,15.5736,12.1763
2026-07-20T17:37:58.724,28.9693,16.905,13.6057
2026-07-20T17:37:58.740,28.9693,17.8253,14.8001
2026-07-20T17:37:58.740,29.0011,18.2365,15.6813
2026-07-20T17:37:58.757,29.0011,18.7652,16.4057
2026-07-20T17:37:58.772,29.0011,19.196,17.2477
2026-07-20T17:37:58.788,29.0172,19.6072,17.933
2026-07-20T17:37:58.804,29.0331,20.038,18.54
2026-07-20T17:37:58.804,29.0331,20.4296,18.8729
2026-07-20T17:37:58.804,29.0491,20.6841,19.0687
2026-07-20T17:37:58.820,29.0649,20.7429,19.1666
2026-07-20T17:37:58.836,29.0649,20.7625,19.2645
2026-07-20T17:37:58.836,29.081,20.645,19.3037
2026-07-20T17:37:58.852,29.081,20.4492,19.4995
2026-07-20T17:37:58.857,29.0969,20.4687,19.5778
2026-07-20T17:37:58.868,29.0969,20.4492,19.6561
2026-07-20T17:37:58.884,29.113,20.5667,19.6953
2026-07-20T17:37:58.884,29.1288,20.4883,19.6953
2026-07-20T17:37:58.899,29.1449,20.6254,19.7149
2026-07-20T17:37:58.899,29.1449,20.8016,19.9303
2026-07-20T17:37:58.916,29.1765,20.9191,20.3219
2026-07-20T17:37:58.931,29.1765,21.0366,20.3806
2026-07-20T17:37:58.931,29.1765,20.9191,20.1457
2026-07-20T17:37:58.947,29.1765,20.7233,19.9107
2026-07-20T17:37:58.963,29.208,20.782,19.9499
2026-07-20T17:37:58.979,29.208,20.9191,20.2044
2026-07-20T17:37:58.979,29.208,21.2324,20.5569
2026-07-20T17:37:58.979,29.2399,21.2911,20.7722
2026-07-20T17:37:59.011,29.2556,21.3107,20.7722
2026-07-20T17:37:59.011,29.2556,21.3499,20.7722
2026-07-20T17:37:59.011,29.2556,21.3695,20.9289
2026-07-20T17:37:59.027,29.2872,21.4086,20.9876
2026-07-20T17:37:59.043,29.2872,21.4478,21.1051
2026-07-20T17:37:59.043,29.2872,21.7415,21.3401
2026-07-20T17:37:59.058,29.2872,21.8198,21.5555
2026-07-20T17:37:59.074,29.32,22.0548,21.6534
2026-07-20T17:37:59.090,29.3348,22.3485,21.8296
2026-07-20T17:37:59.090,29.3348,22.5443,22.1037
2026-07-20T17:37:59.090,29.3348,22.3877,22.1625
2026-07-20T17:37:59.123,29.3666,22.2506,22.2212
2026-07-20T17:37:59.123,29.3666,22.0352,22.2604
2026-07-20T17:37:59.137,29.3666,22.1527,22.417
2026-07-20T17:37:59.137,29.3666,22.3093,22.6324
2026-07-20T17:37:59.157,29.3997,22.5247,22.8282
2026-07-20T17:37:59.157,29.3997,22.6031,22.8674
2026-07-20T17:37:59.169,29.4142,22.7205,22.8282
2026-07-20T17:37:59.169,29.4142,22.7989,22.9261
2026-07-20T17:37:59.185,29.4457,22.9947,23.0632
2026-07-20T17:37:59.202,29.4508,23.2884,23.4744
2026-07-20T17:37:59.202,29.4508,23.3667,23.5331
2026-07-20T17:37:59.217,29.4548,23.4646,23.4157
2026-07-20T17:37:59.233,29.477,23.445,23.2982
2026-07-20T17:37:59.233,29.477,23.4842,23.4157
2026-07-20T17:37:59.248,29.477,23.5625,23.4744
2026-07-20T17:37:59.264,29.5241,23.6212,23.631
2026-07-20T17:37:59.280,29.5241,23.6604,24.0814
2026-07-20T17:37:59.280,29.5241,23.68,24.3164
2026-07-20T17:37:59.295,29.5241,23.7583,24.4926
2026-07-20T17:37:59.304,29.5559,23.8171,24.6688
2026-07-20T17:37:59.311,29.5559,24.1108,24.6884
2026-07-20T17:37:59.311,29.5559,24.2674,24.7276
2026-07-20T17:37:59.327,29.5559,24.4241,24.5905
2026-07-20T17:37:59.342,29.5873,24.5024,24.5122
2026-07-20T17:37:59.359,29.603,24.6786,24.4534
2026-07-20T17:37:59.359,29.603,24.7765,24.5709
2026-07-20T17:37:59.359,29.603,24.7961,24.5709
2026-07-20T17:37:59.390,29.6345,24.6786,24.5709
2026-07-20T17:37:59.390,29.6345,24.6199,24.5513
2026-07-20T17:37:59.406,29.6345,24.6199,24.6884
2026-07-20T17:37:59.406,29.6501,24.6394,24.7667
2026-07-20T17:37:59.421,29.6714,24.5807,24.943
2026-07-20T17:37:59.437,29.6824,24.5415,24.943
2026-07-20T17:37:59.437,29.6824,24.6786,24.943
2026-07-20T17:37:59.453,29.6824,24.894,24.9038
2026-07-20T17:37:59.457,29.7138,24.8744,24.8059
2026-07-20T17:37:59.474,29.7138,24.6786,24.7276
2026-07-20T17:37:59.485,29.7138,24.4436,24.6688
2026-07-20T17:37:59.485,29.7296,24.0716,24.6884
2026-07-20T17:37:59.501,29.7614,23.9345,24.6297
2026-07-20T17:37:59.501,29.7614,23.8562,24.7471
2026-07-20T17:37:59.516,29.7614,23.9737,24.6297
2026-07-20T17:37:59.532,29.7685,23.9933,24.5318
2026-07-20T17:37:59.557,29.7925,24.2283,24.5318
2026-07-20T17:37:59.557,29.7925,24.4436,24.4926
2026-07-20T17:37:59.564,29.7925,24.4632,24.3751
2026-07-20T17:37:59.571,29.7925,24.4632,24.3359
2026-07-20T17:37:59.595,29.8239,24.6394,24.3751
2026-07-20T17:37:59.595,29.8239,24.6394,24.4339
2026-07-20T17:37:59.595,29.8407,24.6786,24.6101
2026-07-20T17:37:59.627,29.8734,24.6786,24.6297
2026-07-20T17:37:59.627,29.8734,24.6394,24.5709
2026-07-20T17:37:59.627,29.8734,24.5024,24.3751
2026-07-20T17:37:59.642,29.8734,24.5024,24.3164
2026-07-20T17:37:59.658,29.9029,24.5611,24.3751
2026-07-20T17:37:59.658,29.9029,24.5611,24.6101
2026-07-20T17:37:59.676,29.9029,24.6003,24.708
2026-07-20T17:37:59.676,29.9186,24.5807,24.6101
2026-07-20T17:37:59.690,29.9501,24.7178,24.6688
2026-07-20T17:37:59.706,29.9501,24.7178,24.7276
2026-07-20T17:37:59.706,29.9548,24.7569,24.8255
2026-07-20T17:37:59.721,29.9548,24.6786,24.9821
2026-07-20T17:37:59.721,29.9923,24.5024,24.8646
2026-07-20T17:37:59.737,29.9923,24.4828,24.6884
2026-07-20T17:37:59.757,30.0026,24.4241,24.5905
2026-07-20T17:37:59.757,30.0058,24.4828,24.4143
2026-07-20T17:37:59.776,30.0294,24.3262,24.1989
2026-07-20T17:37:59.794,30.0294,24.4241,24.1401
2026-07-20T17:37:59.794,30.0294,24.3457,24.238
2026-07-20T17:37:59.805,30.0452,24.1891,24.1793
2026-07-20T17:37:59.832,30.077,24.0912,24.1206
2026-07-20T17:37:59.832,30.077,24.0324,24.0618
2026-07-20T17:37:59.832,30.077,24.1303,24.0618
2026-07-20T17:37:59.832,30.077,24.2087,24.0618
2026-07-20T17:37:59.848,30.0927,24.287,24.0422
2026-07-20T17:37:59.864,30.125,24.3262,24.0031
2026-07-20T17:37:59.864,30.125,24.4045,23.9248
2026-07-20T17:37:59.880,30.125,24.3262,23.9639
2026-07-20T17:37:59.880,30.125,24.3262,24.101
2026-07-20T17:37:59.911,30.172,24.2283,24.2185
2026-07-20T17:37:59.928,30.172,24.3066,24.2772
2026-07-20T17:37:59.928,30.172,24.1499,24.1989
2026-07-20T17:37:59.928,30.172,24.2478,24.1793
2026-07-20T17:37:59.943,30.172,24.2478,24.1793
2026-07-20T17:37:59.943,30.2034,24.3066,24.238
2026-07-20T17:37:59.959,30.2034,24.1695,24.4534
2026-07-20T17:37:59.959,30.2034,24.1303,24.5318
2026-07-20T17:37:59.975,30.2485,24.0716,24.6297
2026-07-20T17:37:59.990,30.2549,24.1303,24.5513
2026-07-20T17:38:00.006,30.2549,24.0324,24.3164
2026-07-20T17:38:00.006,30.264,24.052,24.2772
2026-07-20T17:38:00.027,30.264,24.1108,23.9835
2026-07-20T17:38:00.051,30.296,24.052,23.866
2026-07-20T17:38:00.051,30.296,24.1303,23.8464
2026-07-20T17:38:00.051,30.296,24.1303,23.8856
2026-07-20T17:38:00.058,30.296,24.1891,23.8856
2026-07-20T17:38:00.067,30.318,24.3262,23.8268
2026-07-20T17:38:00.099,30.3451,24.2478,23.6702
2026-07-20T17:38:00.099,30.3451,24.1695,23.4352
2026-07-20T17:38:00.099,30.3552,24.2674,23.5919
2026-07-20T17:38:00.099,30.3592,24.052,23.7094
2026-07-20T17:38:00.124,30.3592,23.8758,23.7681
2026-07-20T17:38:00.148,30.3923,23.6996,23.7877
2026-07-20T17:38:00.148,30.3923,23.68,23.8073
2026-07-20T17:38:00.148,30.3923,23.6604,23.6898
2026-07-20T17:38:00.162,30.3923,23.6996,23.5919
2026-07-20T17:38:00.162,30.4403,23.5821,23.5527
2026-07-20T17:38:00.194,30.4403,23.4059,23.4744
2026-07-20T17:38:00.194,30.4403,23.3275,23.494
2026-07-20T17:38:00.210,30.4488,23.3471,23.4352
2026-07-20T17:38:00.210,30.4875,23.5233,23.2786
2026-07-20T17:38:00.210,30.4875,23.6604,23.1807
2026-07-20T17:38:00.226,30.4875,23.8171,22.9849
2026-07-20T17:38:00.243,30.4875,23.8562,23.1611
2026-07-20T17:38:00.258,30.4875,23.7975,23.1807
2026-07-20T17:38:00.274,30.5354,23.7779,23.1807
2026-07-20T17:38:00.274,30.5354,23.6212,23.0045
2026-07-20T17:38:00.274,30.5354,23.445,23.1611
2026-07-20T17:38:00.290,30.5354,23.2688,23.2786
2026-07-20T17:38:00.306,30.5671,23.0926,23.4744
2026-07-20T17:38:00.323,30.583,22.9555,23.0045
2026-07-20T17:38:00.323,30.583,23.073,22.8674
2026-07-20T17:38:00.323,30.583,23.2688,22.9457
2026-07-20T17:38:00.338,30.583,23.6212,22.9066
2026-07-20T17:38:00.358,30.6149,23.7975,23.0045
2026-07-20T17:38:00.370,30.6149,23.9933,22.9066
2026-07-20T17:38:00.370,30.6149,23.9345,22.9849
2026-07-20T17:38:00.370,30.6309,23.8954,23.0045
2026-07-20T17:38:00.386,30.6309,23.9345,23.024
2026-07-20T17:38:00.402,30.6625,24.0129,23.1024
2026-07-20T17:38:00.417,30.6625,23.9933,23.0632
2026-07-20T17:38:00.417,30.6625,23.9933,23.0045
2026-07-20T17:38:00.433,30.6784,23.8562,22.7891
2026-07-20T17:38:00.433,30.7102,23.68,22.8086
2026-07-20T17:38:00.449,30.7102,23.7779,22.8674
2026-07-20T17:38:00.465,30.7102,23.9541,22.9849
2026-07-20T17:38:00.465,30.7102,24.0324,22.9653
2026-07-20T17:38:00.481,30.7271,24.0129,22.9066
2026-07-20T17:38:00.513,30.7579,24.0716,23.024
2026-07-20T17:38:00.513,30.7579,24.0324,23.024
2026-07-20T17:38:00.513,30.7579,24.0129,23.0828
2026-07-20T17:38:00.513,30.7579,24.1303,23.1611
2026-07-20T17:38:00.530,30.8016,24.2478,23.1415
2026-07-20T17:38:00.545,30.8067,24.2283,23.024
2026-07-20T17:38:00.560,30.8067,24.1108,22.9849
2026-07-20T17:38:00.560,30.8067,24.1108,22.9653
2026-07-20T17:38:00.560,30.8067,24.0129,23.1807
2026-07-20T17:38:00.576,30.8368,23.9541,22.9457
2026-07-20T17:38:00.604,30.8553,24.0912,22.9261
2026-07-20T17:38:00.604,30.8553,24.2674,22.8282
2026-07-20T17:38:00.609,30.8553,24.1499,22.8086
2026-07-20T17:38:00.624,30.8553,24.1108,22.8086
2026-07-20T17:38:00.624,30.8845,24.0716,22.9066
2026-07-20T17:38:00.639,30.8845,24.0912,22.8674
2026-07-20T17:38:00.639,30.9009,23.9737,22.8674
2026-07-20T17:38:00.658,30.9009,23.8954,22.8674
2026-07-20T17:38:00.672,30.932,23.7192,22.8282
2026-07-20T17:38:00.687,30.932,23.7975,22.9066
2026-07-20T17:38:00.687,30.932,23.8954,22.8478
2026-07-20T17:38:00.703,30.9477,24.1499,22.8674
2026-07-20T17:38:00.703,30.9555,24.3653,22.7891
2026-07-20T17:38:00.735,30.9796,24.4632,22.7303
2026-07-20T17:38:00.735,30.9796,24.3849,22.6324
2026-07-20T17:38:00.735,30.9796,24.0912,22.6912
2026-07-20T17:38:00.750,30.9955,23.7779,22.7107
2026-07-20T17:38:00.766,31.0275,23.5625,22.8086
2026-07-20T17:38:00.782,31.0275,23.5429,22.8282
2026-07-20T17:38:00.782,31.0275,23.4842,22.6128
2026-07-20T17:38:00.798,31.0275,23.6212,22.5541
2026-07-20T17:38:00.814,31.0751,23.7192,22.2995
2026-07-20T17:38:00.814,31.0751,23.915,22.3779
2026-07-20T17:38:00.814,31.0751,24.0129,22.4366
2026-07-20T17:38:00.830,31.0751,24.0912,22.3975
2026-07-20T17:38:00.846,31.0751,24.052,22.28
2026-07-20T17:38:00.846,31.1067,23.9541,22.2212
2026-07-20T17:38:00.862,31.1228,23.8366,22.1037
2026-07-20T17:38:00.878,31.1228,23.6604,22.1625
2026-07-20T17:38:00.878,31.1228,23.4646,22.2212
2026-07-20T17:38:00.894,31.1561,23.445,22.3583
2026-07-20T17:38:00.909,31.1561,23.2688,22.2016
2026-07-20T17:38:00.909,31.1706,23.1905,22.0646
2026-07-20T17:38:00.909,31.1706,23.1905,21.8688
2026-07-20T17:38:00.941,31.2343,23.3275,21.7709
2026-07-20T17:38:00.941,31.2343,23.4646,21.7317
2026-07-20T17:38:00.959,31.2343,23.5625,21.6925
2026-07-20T17:38:00.959,31.2343,23.6017,21.6925
2026-07-20T17:38:00.973,31.2343,23.6017,21.5751
2026-07-20T17:38:00.973,31.2664,23.5429,21.5946
2026-07-20T17:38:00.989,31.2664,23.6212,21.6925
2026-07-20T17:38:01.021,31.2664,23.68,21.7709
2026-07-20T17:38:01.021,31.2664,23.8171,21.7709
2026-07-20T17:38:01.021,31.2823,23.7583,21.81
2026-07-20T17:38:01.037,31.2823,23.7779,21.7904
2026-07-20T17:38:01.037,31.2823,23.8171,21.7904
2026-07-20T17:38:01.059,31.3141,23.7975,21.6534
2026-07-20T17:38:01.069,31.3141,23.7779,21.6338
2026-07-20T17:38:01.069,31.3141,23.7192,21.7121
2026-07-20T17:38:01.085,31.3141,23.8562,21.8688
2026-07-20T17:38:01.085,31.3562,23.9933,21.9275
2026-07-20T17:38:01.101,31.3615,23.9345,21.8884
2026-07-20T17:38:01.117,31.3626,23.8954,21.8296
2026-07-20T17:38:01.117,31.3626,23.8366,21.81
2026-07-20T17:38:01.132,31.3626,23.7387,21.8492
2026-07-20T17:38:01.148,31.3929,23.7387,21.8296
2026-07-20T17:38:01.148,31.3929,23.7975,21.673
2026-07-20T17:38:01.165,31.4089,23.8562,21.5163
2026-07-20T17:38:01.165,31.4089,23.8366,21.5359
2026-07-20T17:38:01.195,31.4419,23.9737,21.4576
2026-07-20T17:38:01.195,31.4419,24.1499,21.5359
2026-07-20T17:38:01.195,31.4419,24.3262,21.4576
2026-07-20T17:38:01.212,31.4419,24.4436,21.5163
2026-07-20T17:38:01.212,31.472,24.5807,21.5751
2026-07-20T17:38:01.243,31.472,24.5807,21.5751
2026-07-20T17:38:01.243,31.472,24.4241,21.5751
2026-07-20T17:38:01.244,31.4881,24.3066,21.5555
2026-07-20T17:38:01.259,31.5197,24.0912,21.6142
2026-07-20T17:38:01.275,31.5197,24.052,21.4772
2026-07-20T17:38:01.275,31.5197,23.9737,21.2422
2026-07-20T17:38:01.291,31.5197,23.7192,21.066
2026-07-20T17:38:01.291,31.5563,23.5625,21.0855
2026-07-20T17:38:01.314,31.5671,23.6212,21.1834
2026-07-20T17:38:01.322,31.5671,23.7583,21.2618
2026-07-20T17:38:01.322,31.5671,23.8954,21.3401
2026-07-20T17:38:01.359,31.5989,24.052,21.3988
2026-07-20T17:38:01.359,31.5989,24.1499,21.3597
2026-07-20T17:38:01.359,31.5989,24.0912,21.4576
2026-07-20T17:38:01.370,31.5989,24.052,21.438
2026-07-20T17:38:01.386,31.6306,23.9933,21.6142
2026-07-20T17:38:01.386,31.6306,23.915,21.5751
2026-07-20T17:38:01.402,31.6306,23.8366,21.5555
2026-07-20T17:38:01.417,31.6638,23.68,21.438
2026-07-20T17:38:01.417,31.6638,23.7192,21.2813
2026-07-20T17:38:01.433,31.6638,23.7192,21.1443
2026-07-20T17:38:01.433,31.6785,23.9737,20.9876
2026-07-20T17:38:01.459,31.6944,24.1695,21.1247
2026-07-20T17:38:01.466,31.6944,24.3653,21.2422
2026-07-20T17:38:01.466,31.7105,24.2478,21.3009
2026-07-20T17:38:01.481,31.7105,24.0716,21.4184
2026-07-20T17:38:01.497,31.7423,23.9737,21.3793
2026-07-20T17:38:01.497,31.7423,24.0129,21.4772
2026-07-20T17:38:01.513,31.7423,23.8954,21.5359
2026-07-20T17:38:01.529,31.7785,23.8366,21.3597
2026-07-20T17:38:01.530,31.7803,23.5233,21.1247
2026-07-20T17:38:01.545,31.7803,23.8562,21.0072
2026-07-20T17:38:01.545,31.7803,23.9541,20.9093
2026-07-20T17:38:01.577,31.806,24.0324,21.0268
2026-07-20T17:38:01.577,31.806,24.0716,21.1051
2026-07-20T17:38:01.583,31.8217,23.8758,21.1639
2026-07-20T17:38:01.593,31.8389,23.7975,21.0855
2026-07-20T17:38:01.593,31.8389,23.8562,21.1051
2026-07-20T17:38:01.609,31.8389,23.8954,21.1247
2026-07-20T17:38:01.609,31.8565,23.68,21.203
2026-07-20T17:38:01.624,31.8878,23.6604,21.1834
2026-07-20T17:38:01.641,31.8878,23.6017,21.1443
2026-07-20T17:38:01.656,31.8949,23.6017,21.0072
2026-07-20T17:38:01.659,31.917,23.5038,20.8114
2026-07-20T17:38:01.672,31.917,23.4254,20.5373
2026-07-20T17:38:01.672,31.917,23.3863,20.4981
2026-07-20T17:38:01.690,31.917,23.6996,20.4785
2026-07-20T17:38:01.705,31.9563,23.7583,20.5764
2026-07-20T17:38:01.720,31.9649,23.7583,20.596
2026-07-20T17:38:01.720,31.9649,23.7975,20.6352
2026-07-20T17:38:01.736,31.9649,23.6604,20.7722
2026-07-20T17:38:01.736,31.9987,23.68,20.831
2026-07-20T17:38:01.767,31.9987,23.5625,20.7918
2026-07-20T17:38:01.767,31.9987,23.4842,20.5569
2026-07-20T17:38:01.767,31.9987,23.308,20.4785
2026-07-20T17:38:01.783,32.028,23.2296,20.459
2026-07-20T17:38:01.799,32.028,23.3275,20.3219
2026-07-20T17:38:01.801,32.028,23.5821,20.4198
2026-07-20T17:38:01.815,32.0599,23.6212,20.459
2026-07-20T17:38:01.831,32.0599,23.7975,20.4394
2026-07-20T17:38:01.831,32.0599,23.6017,20.5569
2026-07-20T17:38:01.831,32.0758,23.6408,20.7135
2026-07-20T17:38:01.847,32.0915,23.6212,20.8114
2026-07-20T17:38:01.862,32.0915,23.4842,20.6743
2026-07-20T17:38:01.862,32.1073,23.3471,20.6939
2026-07-20T17:38:01.878,32.1234,23.4254,20.596
2026-07-20T17:38:01.894,32.1391,23.4842,20.5764
2026-07-20T17:38:01.894,32.1391,23.5038,20.4981
2026-07-20T17:38:01.910,32.1391,23.6017,20.3611
2026-07-20T17:38:01.910,32.1627,23.5233,20.3219
2026-07-20T17:38:01.926,32.1707,23.5233,20.2827
2026-07-20T17:38:01.942,32.1707,23.6604,20.5177
2026-07-20T17:38:01.959,32.2021,23.8562,20.5569
2026-07-20T17:38:01.965,32.2021,23.9345,20.4981
2026-07-20T17:38:01.973,32.2021,23.8366,20.3415
2026-07-20T17:38:01.989,32.2337,23.7975,20.2827
2026-07-20T17:38:01.989,32.2337,23.8171,20.2631
2026-07-20T17:38:02.005,32.2337,23.7387,20.3023
2026-07-20T17:38:02.005,32.2337,23.7192,20.4198
2026-07-20T17:38:02.021,32.2654,23.7192,20.4198
2026-07-20T17:38:02.036,32.2654,23.5821,20.3219
2026-07-20T17:38:02.036,32.2814,23.68,20.3611
2026-07-20T17:38:02.059,32.2972,23.7583,20.3023
2026-07-20T17:38:02.068,32.2972,23.8954,20.0869
2026-07-20T17:38:02.068,32.3132,23.8562,19.9694
2026-07-20T17:38:02.084,32.3132,23.7192,19.989
2026-07-20T17:38:02.084,32.3448,23.6017,20.0869
2026-07-20T17:38:02.100,32.3448,23.6212,20.1457
2026-07-20T17:38:02.116,32.3448,23.5429,20.2436
2026-07-20T17:38:02.116,32.3569,23.445,20.1065
2026-07-20T17:38:02.132,32.3764,23.4254,20.0086
2026-07-20T17:38:02.147,32.3764,23.445,19.8128
2026-07-20T17:38:02.159,32.3764,23.6408,19.9499
2026-07-20T17:38:02.163,32.4082,23.7975,20.0478
2026-07-20T17:38:02.179,32.4082,24.0912,20.0869
2026-07-20T17:38:02.179,32.4082,23.9737,19.989
2026-07-20T17:38:02.179,32.4239,23.8562,20.0673
2026-07-20T17:38:02.211,32.4396,23.68,20.1652
2026-07-20T17:38:02.211,32.4396,23.6212,20.1848
2026-07-20T17:38:02.227,32.4569,23.6604,20.1848
2026-07-20T17:38:02.227,32.4724,23.6408,20.224
2026-07-20T17:38:02.242,32.4884,23.68,20.3219
2026-07-20T17:38:02.242,32.4884,23.8171,20.2044
2026-07-20T17:38:02.259,32.519,23.8954,20.1652
2026-07-20T17:38:02.274,32.519,23.9737,20.0869
2026-07-20T17:38:02.275,32.519,23.9345,20.0869
2026-07-20T17:38:02.291,32.519,23.7387,20.0282
2026-07-20T17:38:02.306,32.5571,23.68,20.0869
2026-07-20T17:38:02.306,32.5571,23.6017,20.1261
2026-07-20T17:38:02.322,32.5664,23.7387,20.224
2026-07-20T17:38:02.322,32.583,23.8171,20.2631
2026-07-20T17:38:02.337,32.5985,23.8366,20.224
2026-07-20T17:38:02.353,32.5985,23.8758,19.9499
2026-07-20T17:38:02.360,32.5985,23.8758,19.9303
2026-07-20T17:38:02.369,32.5985,23.8954,19.9694
2026-07-20T17:38:02.385,32.6302,23.7779,19.989
2026-07-20T17:38:02.386,32.6302,23.6408,20.0282
2026-07-20T17:38:02.401,32.6302,23.6408,20.0282
2026-07-20T17:38:02.401,32.6459,23.6017,19.9107
2026-07-20T17:38:02.433,32.6619,23.6212,19.9107
2026-07-20T17:38:02.433,32.6619,23.8954,19.9694
2026-07-20T17:38:02.433,32.6777,24.1303,19.9303
2026-07-20T17:38:02.465,32.6934,24.1108,19.7932
2026-07-20T17:38:02.465,32.6934,23.9345,19.754
2026-07-20T17:38:02.465,32.6934,23.7583,19.754
2026-07-20T17:38:02.480,32.7251,23.5429,19.5974
2026-07-20T17:38:02.496,32.7412,23.4059,19.6366
2026-07-20T17:38:02.496,32.7412,23.0534,19.5778
2026-07-20T17:38:02.512,32.7712,22.701,19.3429
2026-07-20T17:38:02.512,32.7729,22.6814,19.2254
2026-07-20T17:38:02.528,32.7771,22.7793,19.1666
2026-07-20T17:38:02.544,32.7794,22.8968,19.0883
2026-07-20T17:38:02.544,32.8046,22.9555,18.9904
2026-07-20T17:38:02.561,32.8062,23.0338,18.8533
2026-07-20T17:38:02.576,32.8062,22.9947,18.6967
2026-07-20T17:38:02.586,32.8364,22.8772,18.8533
2026-07-20T17:38:02.592,32.8364,22.8772,18.8533
2026-07-20T17:38:02.592,32.8364,22.8772,18.7554
2026-07-20T17:38:02.609,32.8521,22.7793,18.5792
2026-07-20T17:38:02.623,32.875,22.8184,18.2463
2026-07-20T17:38:02.639,32.8835,22.7205,17.933
2026-07-20T17:38:02.639,32.8835,22.7401,17.7372
2026-07-20T17:38:02.655,32.8835,22.7205,17.7372
2026-07-20T17:38:02.660,32.9158,22.7597,17.8547
2026-07-20T17:38:02.678,32.923,22.8576,17.9135
2026-07-20T17:38:02.678,32.923,22.838,17.9135
2026-07-20T17:38:02.686,32.9578,22.6814,17.933
2026-07-20T17:38:02.706,32.9629,22.6814,17.9135
2026-07-20T17:38:02.718,32.9629,22.6226,17.7764
2026-07-20T17:38:02.734,32.9629,22.6226,17.8939
2026-07-20T17:38:02.735,32.9629,22.7401,17.9918
2026-07-20T17:38:02.742,32.9943,22.7597,18.0114
2026-07-20T17:38:02.760,32.9943,22.7597,17.9918
2026-07-20T17:38:02.765,32.9943,22.7401,17.9918
2026-07-20T17:38:02.765,33.01,22.5835,17.8743
2026-07-20T17:38:02.781,33.0421,22.5639,17.8547
2026-07-20T17:38:02.797,33.0421,22.5835,17.933
2026-07-20T17:38:02.797,33.0421,22.6031,17.9526
2026-07-20T17:38:02.813,33.0421,22.7205,17.8743
2026-07-20T17:38:02.813,33.0734,22.6618,17.8939
2026-07-20T17:38:02.829,33.0734,22.5639,17.9135
2026-07-20T17:38:02.829,33.0734,22.5835,17.8547
2026-07-20T17:38:02.845,33.0893,22.6226,17.9526
2026-07-20T17:38:02.876,33.1212,22.7989,17.933
2026-07-20T17:38:02.876,33.1212,22.838,17.8743
2026-07-20T17:38:02.876,33.1212,22.8772,17.8351
2026-07-20T17:38:02.892,33.1212,22.7989,17.7372
2026-07-20T17:38:02.924,33.158,22.7205,17.7568
2026-07-20T17:38:02.924,33.158,22.6618,17.6981
2026-07-20T17:38:02.924,33.158,22.701,17.796
2026-07-20T17:38:02.924,33.1691,22.7597,17.8743
2026-07-20T17:38:02.947,33.2011,22.8968,17.9722
2026-07-20T17:38:02.961,33.2011,22.9751,18.0114
2026-07-20T17:38:02.961,33.2011,23.0534,18.0309
2026-07-20T17:38:02.972,33.2011,22.9359,18.0701
2026-07-20T17:38:02.988,33.2329,22.8184,18.2072
2026-07-20T17:38:02.988,33.2329,22.701,18.1288
2026-07-20T17:38:03.004,33.2329,22.7401,18.168
2026-07-20T17:38:03.004,33.2486,22.9163,18.0701
2026-07-20T17:38:03.020,33.2805,22.8968,18.0309
2026-07-20T17:38:03.036,33.2805,22.8968,17.933
2026-07-20T17:38:03.036,33.2805,22.7597,17.8547
2026-07-20T17:38:03.051,33.2805,22.8184,17.9135
2026-07-20T17:38:03.061,33.3121,22.9555,18.0897
2026-07-20T17:38:03.067,33.3121,23.0338,18.0309
2026-07-20T17:38:03.083,33.3281,23.1122,17.9135
2026-07-20T17:38:03.083,33.3281,23.0534,17.8743
2026-07-20T17:38:03.099,33.36,22.8968,17.7372
2026-07-20T17:38:03.115,33.36,22.7597,17.7568
2026-07-20T17:38:03.115,33.36,22.8184,17.7177
2026-07-20T17:38:03.131,33.36,22.6226,17.7372
2026-07-20T17:38:03.146,33.3935,22.6618,17.7177
2026-07-20T17:38:03.146,33.3935,22.6031,17.6393
2026-07-20T17:38:03.163,33.3935,22.6814,17.6197
2026-07-20T17:38:03.163,33.4248,22.5639,17.4827
2026-07-20T17:38:03.179,33.4398,22.466,17.4631
2026-07-20T17:38:03.196,33.4398,22.5051,17.5218
2026-07-20T17:38:03.196,33.4398,22.6618,17.6393
2026-07-20T17:38:03.211,33.4717,22.5639,17.6589
2026-07-20T17:38:03.227,33.4717,22.5051,17.5023
2026-07-20T17:38:03.227,33.4873,22.3485,17.3848
2026-07-20T17:38:03.242,33.4888,22.0744,17.189
2026-07-20T17:38:03.242,33.4888,21.7611,16.9344
2026-07-20T17:38:03.274,33.5193,21.2911,16.6211
2026-07-20T17:38:03.274,33.5193,20.8604,16.0924
2026-07-20T17:38:03.274,33.5193,20.4296,15.5638
2026-07-20T17:38:03.291,33.5193,20.0184,14.898
2026-07-20T17:38:03.306,33.559,19.5093,14.1148
2026-07-20T17:38:03.322,33.567,19.196,13.1945
2026-07-20T17:38:03.322,33.567,18.589,12.3721
2026-07-20T17:38:03.322,33.567,18.1191,11.7847
2026-07-20T17:38:03.338,33.5985,17.8253,11.3343
2026-07-20T17:38:03.362,33.5985,17.2967,10.8252
2026-07-20T17:38:03.370,33.6149,16.6113,10.2378
2026-07-20T17:38:03.370,33.6149,15.7498,9.4546
2026-07-20T17:38:03.370,33.6149,14.5162,8.3972
2026-07-20T17:38:03.401,33.6462,12.7931,6.9287
2026-07-20T17:38:03.401,33.6462,10.8938,5.1076
2026-07-20T17:38:03.418,33.662,8.8769,3.3062
2026-07-20T17:38:03.418,33.662,7.1538,1.5439
2026-07-20T17:38:03.433,33.694,5.6265,0.2516
2026-07-20T17:38:03.449,33.694,4.6475,-0.5316
2026-07-20T17:38:03.449,33.7099,3.7468,-0.8057
2026-07-20T17:38:03.465,33.7099,3.0223,-0.8841
2026-07-20T17:38:03.465,33.7413,2.3957,-0.8841
2026-07-20T17:38:03.497,33.7591,2.0433,-0.8057
2026-07-20T17:38:03.497,33.7591,1.8083,-0.8057
2026-07-20T17:38:03.497,33.7591,1.5929,-0.7862
2026-07-20T17:38:03.513,33.7728,1.5733,-0.747
2026-07-20T17:38:03.513,33.7896,1.5342,-0.5904
2026-07-20T17:38:03.528,33.8209,1.5342,-0.5708
2026-07-20T17:38:03.544,33.8209,1.2209,-0.375
2026-07-20T17:38:03.592,33.8364,1.1621,-0.2966
2026-07-20T17:38:03.592,33.8364,1.0251,-0.2966
2026-07-20T17:38:03.592,33.8364,0.9467,-0.1987
2026-07-20T17:38:03.592,33.8522,0.5943,-0.1008
2026-07-20T17:38:03.592,33.8522,0.4768,-0.0813
2026-07-20T17:38:03.592,33.8839,0.4572,-0.0029
2026-07-20T17:38:03.607,33.8839,0.4376,0.0754
2026-07-20T17:38:03.639,33.8997,0.3985,0.0166
2026-07-20T17:38:03.655,33.8997,0.4572,0.0754
2026-07-20T17:38:03.655,33.8997,0.4964,0.0754
2026-07-20T17:38:03.655,33.8997,0.6334,0.1145
2026-07-20T17:38:03.670,33.932,0.5943,0.1145
2026-07-20T17:38:03.686,33.932,0.6334,0.1733
2026-07-20T17:38:03.686,33.932,0.6922,0.2125
2026-07-20T17:38:03.702,33.932,0.6334,0.1537
2026-07-20T17:38:03.702,33.932,0.6139,0.1341
2026-07-20T17:38:03.718,33.9737,0.5551,0.1733
2026-07-20T17:38:03.735,33.9745,0.5943,0.1341
2026-07-20T17:38:03.735,33.9745,0.5355,0.232
2026-07-20T17:38:03.735,33.979,0.6334,0.232
2026-07-20T17:38:03.751,33.998,0.5747,0.1929
2026-07-20T17:38:03.771,34.011,0.5943,0.1341
2026-07-20T17:38:03.776,34.011,0.5355,0.232
2026-07-20T17:38:03.782,34.011,0.5355,0.2516
2026-07-20T17:38:03.801,34.0269,0.5355,0.2125
2026-07-20T17:38:03.801,34.0269,0.5747,0.2908
2026-07-20T17:38:03.814,34.0429,0.6139,0.1929
2026-07-20T17:38:03.814,34.0598,0.6139,0.232
2026-07-20T17:38:03.829,34.0746,0.5747,0.232
2026-07-20T17:38:03.845,34.0746,0.5551,0.2516
2026-07-20T17:38:03.845,34.0903,0.5747,0.232
2026-07-20T17:38:03.862,34.1061,0.6334,0.232
2026-07-20T17:38:03.877,34.1061,0.5943,0.2125
2026-07-20T17:38:03.893,34.1222,0.5943,0.2516
2026-07-20T17:38:03.893,34.1222,0.6139,0.1341
2026-07-20T17:38:03.893,34.1222,0.5943,0.2908
2026-07-20T17:38:03.909,34.1597,0.5551,0.1341
2026-07-20T17:38:03.925,34.1597,0.5551,0.1929
2026-07-20T17:38:03.925,34.1597,0.6139,0.2516
2026-07-20T17:38:03.962,34.1857,0.6726,0.2516
2026-07-20T17:38:03.962,34.1857,0.6334,0.2125
2026-07-20T17:38:03.962,34.1857,0.5747,0.232
2026-07-20T17:38:03.973,34.2171,0.5747,0.3104
2026-07-20T17:38:03.988,34.2171,0.5943,0.2712
2026-07-20T17:38:03.988,34.2171,0.5943,0.2908
2026-07-20T17:38:04.004,34.2595,0.653,0.2712
2026-07-20T17:38:04.020,34.2645,0.5747,0.3104
2026-07-20T17:38:04.020,34.2645,0.6139,0.1929
2026-07-20T17:38:04.036,34.2645,0.5943,0.2516
2026-07-20T17:38:04.043,34.2802,0.6139,0.3495
2026-07-20T17:38:04.051,34.296,0.7118,0.3104
2026-07-20T17:38:04.062,34.296,0.5943,0.2908
2026-07-20T17:38:04.067,34.3274,0.7118,0.2516
2026-07-20T17:38:04.083,34.3274,0.6922,0.2712
2026-07-20T17:38:04.083,34.3274,0.6139,0.232
2026-07-20T17:38:04.114,34.3594,0.5355,0.3299
2026-07-20T17:38:04.114,34.3594,0.6922,0.2516
2026-07-20T17:38:04.114,34.3594,0.5943,0.2712
2026-07-20T17:38:04.130,34.3594,0.653,0.3104
2026-07-20T17:38:04.146,34.3906,0.653,0.2908
2026-07-20T17:38:04.162,34.3906,0.653,0.232
2026-07-20T17:38:04.162,34.3906,0.5747,0.2908
2026-07-20T17:38:04.177,34.4222,0.6334,0.2712
2026-07-20T17:38:04.193,34.4222,0.6334,0.3299
2026-07-20T17:38:04.193,34.4222,0.6334,0.2908
2026-07-20T17:38:04.209,34.4544,0.6922,0.2908
2026-07-20T17:38:04.225,34.4594,0.6922,0.2908
2026-07-20T17:38:04.225,34.4594,0.653,0.3495
2026-07-20T17:38:04.241,34.4859,0.6139,0.3104
2026-07-20T17:38:04.257,34.4859,0.6334,0.3299
2026-07-20T17:38:04.257,34.4859,0.6334,0.3299
2026-07-20T17:38:04.262,34.4859,0.6334,0.3299
2026-07-20T17:38:04.288,34.5179,0.653,0.2908
2026-07-20T17:38:04.288,34.5179,0.6726,0.232
2026-07-20T17:38:04.288,34.5179,0.6334,0.3299
2026-07-20T17:38:04.306,34.5498,0.6334,0.3495
2026-07-20T17:38:04.320,34.5498,0.6922,0.3299
2026-07-20T17:38:04.320,34.5498,0.6334,0.2908
2026-07-20T17:38:04.337,34.5817,0.6334,0.3104
2026-07-20T17:38:04.352,34.5817,0.7118,0.2908
2026-07-20T17:38:04.352,34.5817,0.6922,0.3104
2026-07-20T17:38:04.368,34.6132,0.653,0.4083
2026-07-20T17:38:04.384,34.6132,0.653,0.3299
2026-07-20T17:38:04.384,34.6132,0.6334,0.3495
2026-07-20T17:38:04.384,34.6293,0.6726,0.3495
2026-07-20T17:38:04.400,34.6463,0.7509,0.3299
2026-07-20T17:38:04.416,34.6611,0.7313,0.2516
2026-07-20T17:38:04.416,34.6611,0.6139,0.3104
2026-07-20T17:38:04.432,34.6932,0.6922,0.2516
2026-07-20T17:38:04.449,34.6932,0.6726,0.3887
2026-07-20T17:38:04.449,34.6932,0.7118,0.2516
2026-07-20T17:38:04.464,34.6932,0.653,0.3104
2026-07-20T17:38:04.464,34.7251,0.6922,0.2712
2026-07-20T17:38:04.480,34.7251,0.6726,0.2908
2026-07-20T17:38:04.496,34.7251,0.7509,0.3104
2026-07-20T17:38:04.512,34.7593,0.7313,0.3691
2026-07-20T17:38:04.512,34.7593,0.7118,0.3299
2026-07-20T17:38:04.512,34.7593,0.7118,0.3495
2026-07-20T17:38:04.528,34.7593,0.6334,0.3299
2026-07-20T17:38:04.544,34.7964,0.7118,0.2712
2026-07-20T17:38:04.562,34.7964,0.6726,0.3495
2026-07-20T17:38:04.562,34.7964,0.6922,0.2908
2026-07-20T17:38:04.590,34.8202,0.7118,0.3104
2026-07-20T17:38:04.598,34.8202,0.7118,0.2712
2026-07-20T17:38:04.598,34.8202,0.6334,0.3495
2026-07-20T17:38:04.599,34.8351,0.7118,0.3104
2026-07-20T17:38:04.623,34.8667,0.7118,0.3691
2026-07-20T17:38:04.623,34.8667,0.5355,0.3299
2026-07-20T17:38:04.638,34.8667,0.7509,0.3299
2026-07-20T17:38:04.638,34.894,0.6139,0.3104
2026-07-20T17:38:04.662,34.8985,0.7118,0.3104
2026-07-20T17:38:04.662,34.8985,0.6922,0.3104
2026-07-20T17:38:04.669,34.9144,0.7118,0.3104
2026-07-20T17:38:04.697,34.9305,0.7901,0.3495
2026-07-20T17:38:04.697,34.9305,0.7705,0.3104
2026-07-20T17:38:04.701,34.9594,0.6922,0.4083
2026-07-20T17:38:04.701,34.9594,0.6922,0.3299
2026-07-20T17:38:04.717,34.963,0.6922,0.3299
2026-07-20T17:38:04.733,34.963,0.6726,0.2908
2026-07-20T17:38:04.733,34.994,0.653,0.3691
2026-07-20T17:38:04.749,34.9945,0.7313,0.3299
2026-07-20T17:38:04.766,34.9945,0.7313,0.3495
2026-07-20T17:38:04.766,35.0101,0.7509,0.3887
2026-07-20T17:38:04.781,35.0258,0.6922,0.3299
2026-07-20T17:38:04.797,35.0258,0.6922,0.3104
2026-07-20T17:38:04.813,35.0572,0.6922,0.3299
2026-07-20T17:38:04.813,35.0572,0.6922,0.3495
2026-07-20T17:38:04.813,35.0597,0.7118,0.3299
2026-07-20T17:38:04.828,35.0889,0.7118,0.3691
2026-07-20T17:38:04.844,35.0889,0.7509,0.3887
2026-07-20T17:38:04.844,35.0889,0.7509,0.3299
2026-07-20T17:38:04.862,35.1206,0.7313,0.3299
2026-07-20T17:38:04.892,35.1206,0.6922,0.4083
2026-07-20T17:38:04.892,35.1206,0.7313,0.3495
2026-07-20T17:38:04.892,35.1206,0.7509,0.4083
2026-07-20T17:38:04.907,35.159,0.7509,0.3691
2026-07-20T17:38:04.923,35.1612,0.7313,0.3887
2026-07-20T17:38:04.923,35.1617,0.7509,0.3299
2026-07-20T17:38:04.939,35.1844,0.6334,0.3887
2026-07-20T17:38:04.959,35.1844,0.653,0.4083
2026-07-20T17:38:04.959,35.1844,0.7901,0.4083
2026-07-20T17:38:04.967,35.1844,0.7118,0.3495
2026-07-20T17:38:04.971,35.216,0.7313,0.4083
2026-07-20T17:38:04.987,35.216,0.7313,0.467
2026-07-20T17:38:04.987,35.216,0.7118,0.3887
2026-07-20T17:38:05.003,35.26,0.7509,0.3495
2026-07-20T17:38:05.019,35.26,0.7118,0.3104
2026-07-20T17:38:05.019,35.26,0.7705,0.3691
2026-07-20T17:38:05.034,35.2792,0.8292,0.3495
2026-07-20T17:38:05.052,35.2792,0.7705,0.467
2026-07-20T17:38:05.052,35.2792,0.7705,0.3495
2026-07-20T17:38:05.066,35.2952,0.6922,0.4083
2026-07-20T17:38:05.066,35.3271,0.7313,0.3299
2026-07-20T17:38:05.082,35.3271,0.7509,0.3691
2026-07-20T17:38:05.098,35.3271,0.7509,0.4474
2026-07-20T17:38:05.098,35.3599,0.7313,0.4083
2026-07-20T17:38:05.114,35.3599,0.7313,0.4083
2026-07-20T17:38:05.114,35.3599,0.7313,0.3495
2026-07-20T17:38:05.130,35.3907,0.6334,0.4866
2026-07-20T17:38:05.146,35.3907,0.6726,0.4083
2026-07-20T17:38:05.146,35.3907,0.8097,0.3691
2026-07-20T17:38:05.162,35.3907,0.7118,0.3691
2026-07-20T17:38:05.178,35.4226,0.7313,0.3887
2026-07-20T17:38:05.178,35.4226,0.7509,0.3691
2026-07-20T17:38:05.193,35.4226,0.7118,0.3495
2026-07-20T17:38:05.211,35.4599,0.653,0.3887
2026-07-20T17:38:05.225,35.4599,0.8292,0.3691
2026-07-20T17:38:05.225,35.4599,0.7705,0.3691
2026-07-20T17:38:05.225,35.4863,0.7509,0.3691
2026-07-20T17:38:05.258,35.4863,0.7118,0.3691
2026-07-20T17:38:05.258,35.4863,0.7313,0.3691
2026-07-20T17:38:05.262,35.4863,0.6922,0.3299
2026-07-20T17:38:05.280,35.519,0.6922,0.4278
2026-07-20T17:38:05.289,35.519,0.6726,0.3691
2026-07-20T17:38:05.289,35.519,0.7705,0.3887
2026-07-20T17:38:05.305,35.5499,0.7118,0.3887
2026-07-20T17:38:05.322,35.5499,0.7118,0.3887
2026-07-20T17:38:05.322,35.56,0.7118,0.3887
2026-07-20T17:38:05.336,35.582,0.7901,0.4083
2026-07-20T17:38:05.353,35.582,0.7118,0.5062
2026-07-20T17:38:05.353,35.582,0.8097,0.3104
2026-07-20T17:38:05.363,35.5977,0.7509,0.3691
2026-07-20T17:38:05.369,35.6294,0.7509,0.3691
2026-07-20T17:38:05.385,35.6294,0.7705,0.3887
2026-07-20T17:38:05.385,35.6294,0.7313,0.467
2026-07-20T17:38:05.400,35.6599,0.7118,0.3495
2026-07-20T17:38:05.416,35.6614,0.7313,0.3691
2026-07-20T17:38:05.416,35.6614,0.7118,0.3887
2026-07-20T17:38:05.432,35.6614,0.7118,0.3887
2026-07-20T17:38:05.432,35.6931,0.7705,0.3887
2026-07-20T17:38:05.448,35.6931,0.7118,0.3691
2026-07-20T17:38:05.464,35.6931,0.7509,0.4474
2026-07-20T17:38:05.480,35.7248,0.7313,0.3691
2026-07-20T17:38:05.481,35.7248,0.7118,0.3691
2026-07-20T17:38:05.496,35.7248,0.7118,0.3887
2026-07-20T17:38:05.496,35.7408,0.7705,0.4474
2026-07-20T17:38:05.512,35.7566,0.7509,0.4083
2026-07-20T17:38:05.527,35.7566,0.7509,0.4083
2026-07-20T17:38:05.527,35.7822,0.7509,0.4474
2026-07-20T17:38:05.543,35.7877,0.7118,0.3104
2026-07-20T17:38:05.543,35.7877,0.7509,0.3887
2026-07-20T17:38:05.585,35.8128,0.7313,0.3691
2026-07-20T17:38:05.585,35.8128,0.7705,0.3691
2026-07-20T17:38:05.585,35.8128,0.7118,0.3887
2026-07-20T17:38:05.590,35.8351,0.7901,0.4083
2026-07-20T17:38:05.615,35.8351,0.8292,0.3887
2026-07-20T17:38:05.615,35.8351,0.7901,0.3691
2026-07-20T17:38:05.622,35.867,0.7705,0.4866
2026-07-20T17:38:05.638,35.867,0.7313,0.4083
2026-07-20T17:38:05.638,35.867,0.7901,0.3887
2026-07-20T17:38:05.657,35.8991,0.7313,0.3495
2026-07-20T17:38:05.670,35.8991,0.7509,0.467
2026-07-20T17:38:05.670,35.8991,0.7705,0.3691
2026-07-20T17:38:05.686,35.9309,0.7118,0.4866
2026-07-20T17:38:05.702,35.9395,0.7313,0.3495
2026-07-20T17:38:05.702,35.9395,0.7509,0.3495
2026-07-20T17:38:05.702,35.9395,0.653,0.3495
2026-07-20T17:38:05.733,35.9625,0.7313,0.4083
2026-07-20T17:38:05.733,35.9625,0.7313,0.4474
2026-07-20T17:38:05.742,35.9954,0.7901,0.4083
2026-07-20T17:38:05.749,35.9954,0.7509,0.3887
2026-07-20T17:38:05.765,35.9954,0.8292,0.3691
2026-07-20T17:38:05.776,36.0276,0.7313,0.2712
2026-07-20T17:38:05.797,36.0276,0.7313,0.4278
2026-07-20T17:38:05.798,36.0276,0.7901,0.3691
2026-07-20T17:38:05.798,36.0276,0.7509,0.4278
2026-07-20T17:38:05.830,36.0608,0.8097,0.4474
2026-07-20T17:38:05.830,36.0608,0.7509,0.3495
2026-07-20T17:38:05.830,36.0608,0.7509,0.4083
2026-07-20T17:38:05.863,36.089,0.7509,0.4278
2026-07-20T17:38:05.863,36.089,0.7118,0.4083
2026-07-20T17:38:05.863,36.089,0.7509,0.4083
2026-07-20T17:38:05.876,36.1206,0.8292,0.4278
2026-07-20T17:38:05.876,36.1206,0.7901,0.4083
2026-07-20T17:38:05.892,36.1206,0.7118,0.3691
2026-07-20T17:38:05.907,36.161,0.7705,0.3887
2026-07-20T17:38:05.907,36.161,0.7705,0.4278
2026-07-20T17:38:05.923,36.161,0.7705,0.4083
2026-07-20T17:38:05.923,36.1679,0.8292,0.4083
2026-07-20T17:38:05.955,36.1837,0.7901,0.467
2026-07-20T17:38:05.955,36.1837,0.7901,0.3691
2026-07-20T17:38:05.964,36.1996,0.7313,0.3887
2026-07-20T17:38:05.986,36.2155,0.7901,0.4278
2026-07-20T17:38:05.986,36.2312,0.7509,0.467
2026-07-20T17:38:05.986,36.2312,0.7901,0.3887
2026-07-20T17:38:06.002,36.2612,0.7509,0.4083
2026-07-20T17:38:06.018,36.263,0.7509,0.3495
2026-07-20T17:38:06.018,36.263,0.7705,0.4278
2026-07-20T17:38:06.034,36.263,0.7313,0.3495
2026-07-20T17:38:06.034,36.2947,0.6922,0.3887
2026-07-20T17:38:06.049,36.2953,0.8488,0.4278
2026-07-20T17:38:06.066,36.2953,0.7705,0.4083
2026-07-20T17:38:06.081,36.3105,0.7313,0.4474
2026-07-20T17:38:06.081,36.3265,0.7901,0.4278
2026-07-20T17:38:06.096,36.3265,0.7705,0.4083
2026-07-20T17:38:06.098,36.358,0.7313,0.4278
2026-07-20T17:38:06.113,36.358,0.7509,0.3887
2026-07-20T17:38:06.129,36.358,0.7705,0.467
2026-07-20T17:38:06.145,36.3899,0.8097,0.4083
2026-07-20T17:38:06.145,36.3899,0.7509,0.3495
2026-07-20T17:38:06.145,36.3899,0.7705,0.4278
2026-07-20T17:38:06.164,36.3899,0.7118,0.3887
2026-07-20T17:38:06.176,36.4219,0.6922,0.3887
2026-07-20T17:38:06.176,36.4219,0.7705,0.4083
2026-07-20T17:38:06.192,36.4376,0.7705,0.467
2026-07-20T17:38:06.208,36.4533,0.7901,0.5062
2026-07-20T17:38:06.208,36.4533,0.7118,0.4278
2026-07-20T17:38:06.224,36.4533,0.7705,0.3887
2026-07-20T17:38:06.224,36.4694,0.7313,0.4083
2026-07-20T17:38:06.240,36.4851,0.7509,0.3887
2026-07-20T17:38:06.256,36.4851,0.8488,0.4474
2026-07-20T17:38:06.264,36.517,0.8097,0.4083
2026-07-20T17:38:06.272,36.517,0.7313,0.4278
2026-07-20T17:38:06.288,36.517,0.7901,0.3691
2026-07-20T17:38:06.288,36.534,0.7509,0.4278
2026-07-20T17:38:06.305,36.5494,0.7705,0.3887
2026-07-20T17:38:06.320,36.5494,0.7509,0.4278
2026-07-20T17:38:06.320,36.5494,0.7705,0.4083
2026-07-20T17:38:06.337,36.5804,0.7509,0.4083
2026-07-20T17:38:06.337,36.5804,0.7705,0.3887
2026-07-20T17:38:06.352,36.5961,0.7509,0.467
2026-07-20T17:38:06.367,36.6119,0.7705,0.4083
2026-07-20T17:38:06.367,36.6119,0.7705,0.4474
2026-07-20T17:38:06.383,36.6119,0.7901,0.4474
2026-07-20T17:38:06.399,36.6439,0.8097,0.3495
2026-07-20T17:38:06.399,36.6439,0.7509,0.5453
2026-07-20T17:38:06.414,36.6439,0.7705,0.3495
2026-07-20T17:38:06.414,36.661,0.7705,0.5062
2026-07-20T17:38:06.430,36.6757,0.7313,0.3887
2026-07-20T17:38:06.446,36.6757,0.8292,0.4474
2026-07-20T17:38:06.446,36.6917,0.7313,0.4278
2026-07-20T17:38:06.464,36.6917,0.7705,0.4474
2026-07-20T17:38:06.464,36.708,0.7705,0.4474
2026-07-20T17:38:06.478,36.7234,0.7901,0.3299
2026-07-20T17:38:06.494,36.7234,0.7313,0.4083
2026-07-20T17:38:06.494,36.7394,0.7901,0.5062
2026-07-20T17:38:06.511,36.7609,0.7901,0.3691
2026-07-20T17:38:06.526,36.7609,0.7705,0.4083
2026-07-20T17:38:06.526,36.771,0.7901,0.4474
2026-07-20T17:38:06.542,36.8026,0.7901,0.4474
2026-07-20T17:38:06.564,36.8026,0.6922,0.4083
2026-07-20T17:38:06.564,36.8026,0.7509,0.4278
2026-07-20T17:38:06.574,36.8026,0.7705,0.4474
2026-07-20T17:38:06.589,36.8352,0.7705,0.5062
2026-07-20T17:38:06.589,36.8352,0.8097,0.4474
2026-07-20T17:38:06.605,36.8352,0.8097,0.3691
2026-07-20T17:38:06.621,36.8661,0.7705,0.467
2026-07-20T17:38:06.621,36.8661,0.5943,0.4278
2026-07-20T17:38:06.638,36.8661,0.7509,0.4278
2026-07-20T17:38:06.653,36.898,0.7705,0.467
2026-07-20T17:38:06.663,36.898,0.8097,0.467
2026-07-20T17:38:06.669,36.898,0.7509,0.4083
2026-07-20T17:38:06.669,36.9139,0.7901,0.4083
2026-07-20T17:38:06.685,36.9298,0.7509,0.3887
2026-07-20T17:38:06.685,36.9298,0.8292,0.4278
2026-07-20T17:38:06.701,36.9491,0.7901,0.4083
2026-07-20T17:38:06.717,36.9653,0.7705,0.4083
2026-07-20T17:38:06.717,36.9653,0.7705,0.4474
2026-07-20T17:38:06.732,36.9931,0.7705,0.3887
2026-07-20T17:38:06.752,36.9931,0.7705,0.5453
2026-07-20T17:38:06.752,36.9931,0.7509,0.5257
2026-07-20T17:38:06.770,36.9931,0.7509,0.4474
2026-07-20T17:38:06.780,37.0252,0.7509,0.4278
2026-07-20T17:38:06.796,37.0252,0.6922,0.3691
2026-07-20T17:38:06.796,37.0252,0.7705,0.4474
2026-07-20T17:38:06.796,37.0252,0.8097,0.4278
2026-07-20T17:38:06.811,37.0609,0.7705,0.4474
2026-07-20T17:38:06.828,37.0609,0.7313,0.4083
2026-07-20T17:38:06.828,37.0609,0.7509,0.4474
2026-07-20T17:38:06.843,37.0886,0.8097,0.467
2026-07-20T17:38:06.864,37.0886,0.7901,0.4278
2026-07-20T17:38:06.864,37.0886,0.8097,0.4083
2026-07-20T17:38:06.875,37.1204,0.7509,0.4866
2026-07-20T17:38:06.891,37.1364,0.7705,0.4278
2026-07-20T17:38:06.891,37.1364,0.7509,0.5062
2026-07-20T17:38:06.891,37.1364,0.7705,0.4083
2026-07-20T17:38:06.907,37.168,0.8097,0.3887
2026-07-20T17:38:06.923,37.168,0.8292,0.4278
2026-07-20T17:38:06.939,37.168,0.8097,0.4474
2026-07-20T17:38:06.955,37.2046,0.7705,0.4474
2026-07-20T17:38:06.964,37.2056,0.8097,0.4474
2026-07-20T17:38:06.964,37.2067,0.7705,0.4866
2026-07-20T17:38:06.971,37.2077,0.7901,0.3887
2026-07-20T17:38:07.002,37.2313,0.7509,0.3887
2026-07-20T17:38:07.002,37.2313,0.7509,0.4866
2026-07-20T17:38:07.010,37.2313,0.7705,0.4083
2026-07-20T17:38:07.018,37.2631,0.7705,0.4474
2026-07-20T17:38:07.034,37.2631,0.7901,0.5062
2026-07-20T17:38:07.034,37.2631,0.7705,0.4278
2026-07-20T17:38:07.034,37.2792,0.7509,0.5453
2026-07-20T17:38:07.066,37.2949,0.7705,0.4278
2026-07-20T17:38:07.066,37.2949,0.7901,0.4866
2026-07-20T17:38:07.066,37.2949,0.7509,0.4278
2026-07-20T17:38:07.082,37.3263,0.8097,0.5062
2026-07-20T17:38:07.097,37.3263,0.8097,0.4474
2026-07-20T17:38:07.097,37.3263,0.7705,0.4866
2026-07-20T17:38:07.113,37.3613,0.7901,0.4278
2026-07-20T17:38:07.129,37.3739,0.7705,0.4083
2026-07-20T17:38:07.129,37.3739,0.7118,0.4474
2026-07-20T17:38:07.145,37.3897,0.7509,0.467
2026-07-20T17:38:07.164,37.4055,0.7509,0.4474
2026-07-20T17:38:07.164,37.4055,0.8097,0.467
2026-07-20T17:38:07.176,37.4055,0.8684,0.3887
2026-07-20T17:38:07.192,37.4376,0.7705,0.4278
2026-07-20T17:38:07.192,37.4376,0.8097,0.4278
2026-07-20T17:38:07.192,37.4376,0.9076,0.4083
2026-07-20T17:38:07.224,37.4698,0.8292,0.467
2026-07-20T17:38:07.240,37.4698,0.8292,0.4474
2026-07-20T17:38:07.240,37.4698,0.7901,0.4474
2026-07-20T17:38:07.240,37.4698,0.7901,0.4278
2026-07-20T17:38:07.264,37.5014,0.7313,0.4278
2026-07-20T17:38:07.264,37.5014,0.7509,0.467
2026-07-20T17:38:07.272,37.5014,0.8097,0.4866
2026-07-20T17:38:07.288,37.5341,0.8292,0.4278
2026-07-20T17:38:07.304,37.5341,0.7901,0.5062
2026-07-20T17:38:07.304,37.5341,0.8097,0.4083
2026-07-20T17:38:07.304,37.5645,0.7705,0.3887
2026-07-20T17:38:07.337,37.5645,0.7509,0.4474
2026-07-20T17:38:07.337,37.5645,0.7705,0.4474
2026-07-20T17:38:07.351,37.5962,0.8488,0.4278
2026-07-20T17:38:07.353,37.5962,0.7901,0.4474
2026-07-20T17:38:07.367,37.5962,0.7901,0.467
2026-07-20T17:38:07.367,37.5962,0.7705,0.4278
2026-07-20T17:38:07.399,37.6277,0.7705,0.232
2026-07-20T17:38:07.399,37.6277,0.7313,0.4474
2026-07-20T17:38:07.399,37.6277,0.7705,0.4474
2026-07-20T17:38:07.415,37.6753,0.8292,0.4474
2026-07-20T17:38:07.430,37.6753,0.7705,0.467
2026-07-20T17:38:07.430,37.6753,0.8488,0.467
2026-07-20T17:38:07.446,37.7069,0.7901,0.467
2026-07-20T17:38:07.464,37.7069,0.7118,0.4474
2026-07-20T17:38:07.464,37.7069,0.8097,0.4866
2026-07-20T17:38:07.478,37.7069,0.8684,0.4474
2026-07-20T17:38:07.494,37.7393,0.7901,0.4474
2026-07-20T17:38:07.494,37.7393,0.7313,0.4474
2026-07-20T17:38:07.494,37.7393,0.7901,0.467
2026-07-20T17:38:07.510,37.7393,0.7901,0.5062
2026-07-20T17:38:07.542,37.7722,0.7509,0.4278
2026-07-20T17:38:07.542,37.7722,0.8292,0.4474
2026-07-20T17:38:07.542,37.7722,0.8488,0.4474
2026-07-20T17:38:07.557,37.8028,0.8488,0.4866
2026-07-20T17:38:07.575,37.8028,0.7901,0.4083
2026-07-20T17:38:07.575,37.8028,0.7901,0.4083
2026-07-20T17:38:07.589,37.8349,0.6922,0.467
2026-07-20T17:38:07.605,37.8349,0.7901,0.4474
2026-07-20T17:38:07.605,37.8349,0.7509,0.4866
2026-07-20T17:38:07.605,37.8507,0.7705,0.467
2026-07-20T17:38:07.621,37.8674,0.7705,0.3887
2026-07-20T17:38:07.637,37.8674,0.9271,0.467
2026-07-20T17:38:07.637,37.8823,0.7901,0.4474
2026-07-20T17:38:07.655,37.8982,0.8292,0.5062
2026-07-20T17:38:07.670,37.9151,0.7901,0.4278
2026-07-20T17:38:07.670,37.9151,0.7705,0.4278
2026-07-20T17:38:07.685,37.9151,0.8097,0.467
2026-07-20T17:38:07.701,37.9462,0.8097,0.467
2026-07-20T17:38:07.701,37.9462,0.7705,0.3887
2026-07-20T17:38:07.718,37.9462,0.7313,0.467
2026-07-20T17:38:07.733,37.9772,0.7705,0.4474
2026-07-20T17:38:07.733,37.9772,0.7509,0.4866
2026-07-20T17:38:07.733,37.9772,0.8097,0.4474
2026-07-20T17:38:07.764,38.0091,0.7705,0.5257
2026-07-20T17:38:07.780,38.0091,0.8488,0.4474
2026-07-20T17:38:07.780,38.0091,0.7509,0.467
2026-07-20T17:38:07.780,38.0091,0.8684,0.4474
2026-07-20T17:38:07.800,38.0409,0.8292,0.467
2026-07-20T17:38:07.812,38.0409,0.8097,0.5257
2026-07-20T17:38:07.812,38.0409,0.888,0.4083
2026-07-20T17:38:07.827,38.0727,0.7901,0.4083
2026-07-20T17:38:07.843,38.0727,0.7705,0.4866
2026-07-20T17:38:07.843,38.0727,0.6726,0.467
2026-07-20T17:38:07.843,38.1044,0.7901,0.467
2026-07-20T17:38:07.875,38.1044,0.7705,0.4278
2026-07-20T17:38:07.875,38.1044,0.888,0.467
2026-07-20T17:38:07.891,38.1363,0.7901,0.467
2026-07-20T17:38:07.894,38.1363,0.8292,0.4474
2026-07-20T17:38:07.907,38.1363,0.7509,0.5062
2026-07-20T17:38:07.907,38.1363,0.8488,0.4083
2026-07-20T17:38:07.923,38.168,0.8097,0.3887
2026-07-20T17:38:07.939,38.168,0.8097,0.467
2026-07-20T17:38:07.939,38.168,0.8097,0.4474
2026-07-20T17:38:07.955,38.1999,0.8097,0.4278
2026-07-20T17:38:07.971,38.1999,0.6922,0.467
2026-07-20T17:38:07.971,38.1999,0.6922,0.5453
2026-07-20T17:38:07.986,38.2318,0.8097,0.4083
2026-07-20T17:38:08.003,38.2318,0.8097,0.4866
2026-07-20T17:38:08.003,38.2318,0.8097,0.4866
2026-07-20T17:38:08.018,38.2634,0.7901,0.467
2026-07-20T17:38:08.034,38.2634,0.8292,0.467
2026-07-20T17:38:08.034,38.2634,0.8292,0.5062
